date,gauge,imergl,lseqmdl
2001-01-01,5.0,23.3,23.5
2001-01-02,20.0,2.0,3.5
2001-01-03,25.0,2.7,4.2
2001-01-04,1.0,0.0,0.0
2001-01-05,0.0,0.0,0.0
2001-01-06,0.0,0.0,0.0
2001-01-07,0.0,0.0,0.0
2001-01-08,0.0,0.0,0.0
2001-01-09,0.0,0.3,0.0
2001-01-10,14.0,0.2,0.0
2001-01-11,0.0,0.4,0.0
2001-01-12,0.0,0.1,0.0
2001-01-13,8.0,9.1,11.5
2001-01-14,0.0,3.1,5.8
2001-01-15,48.0,30.8,34.7
2001-01-16,15.0,6.5,9.9
2001-01-17,0.0,3.0,5.8
2001-01-18,2.0,9.2,13.0
2001-01-19,5.0,10.1,15.5
2001-01-20,2.0,34.9,39.6
2001-01-21,0.0,0.4,0.0
2001-01-22,0.0,0.2,0.0
2001-01-23,0.0,0.3,0.0
2001-01-24,0.0,0.2,0.0
2001-01-25,37.0,30.1,22.2
2001-01-26,30.0,23.9,19.6
2001-01-27,13.0,0.3,0.0
2001-01-28,0.0,0.0,0.0
2001-01-29,7.0,1.3,3.2
2001-01-30,0.0,3.2,4.7
2001-01-31,0.0,2.9,4.6
2001-02-01,32.0,1.5,2.1
2001-02-02,0.0,0.8,1.1
2001-02-03,0.0,1.9,2.8
2001-02-04,0.0,0.5,0.0
2001-02-05,0.0,0.3,0.0
2001-02-06,0.0,0.9,1.1
2001-02-07,0.0,0.3,0.0
2001-02-08,0.0,0.2,0.0
2001-02-09,2.0,23.1,29.5
2001-02-10,0.0,0.1,0.0
2001-02-11,0.0,0.9,2.8
2001-02-12,10.0,1.9,3.9
2001-02-13,0.0,9.4,10.9
2001-02-14,0.0,0.0,0.0
2001-02-15,0.0,0.0,0.0
2001-02-16,0.0,1.3,3.2
2001-02-17,22.0,0.0,0.0
2001-02-18,0.0,0.2,0.0
2001-02-19,0.0,3.9,5.5
2001-02-20,0.0,0.0,0.0
2001-02-21,0.0,0.0,0.0
2001-02-22,0.0,0.0,0.0
2001-02-23,0.0,0.0,0.0
2001-02-24,0.0,0.0,0.0
2001-02-25,0.0,0.0,0.0
2001-02-26,0.0,0.0,0.0
2001-02-27,0.0,0.0,0.0
2001-02-28,0.0,0.0,0.0
2001-03-01,0.0,0.0,0.0
2001-03-02,0.0,0.0,0.0
2001-03-03,0.0,0.0,0.0
2001-03-04,2.0,0.2,0.0
2001-03-05,0.0,0.3,0.0
2001-03-06,0.0,0.0,0.0
2001-03-07,0.0,1.4,1.6
2001-03-08,0.0,16.7,12.6
2001-03-09,20.0,22.9,22.1
2001-03-10,5.0,8.9,8.9
2001-03-11,0.0,1.3,1.0
2001-03-12,0.0,0.0,0.0
2001-03-13,0.0,0.0,0.0
2001-03-14,1.0,5.4,5.8
2001-03-15,0.0,0.2,0.0
2001-03-16,0.0,0.0,0.0
2001-03-17,0.0,0.7,0.0
2001-03-18,0.0,0.0,0.0
2001-03-19,0.0,0.6,0.0
2001-03-20,0.0,7.4,8.2
2001-03-21,0.0,5.4,3.4
2001-03-22,7.0,15.9,13.2
2001-03-23,0.0,24.7,21.8
2001-03-24,0.0,0.9,0.0
2001-03-25,0.0,11.8,10.1
2001-03-26,2.0,14.7,11.8
2001-03-27,5.0,26.1,22.1
2001-03-28,0.0,0.7,0.0
2001-03-29,0.0,3.0,1.4
2001-03-30,0.0,0.2,0.0
2001-03-31,0.0,1.5,1.0
2001-04-01,0.0,0.0,0.0
2001-04-03,1.0,8.7,7.0
2001-04-04,0.0,3.4,2.9
2001-04-06,0.0,0.2,0.0
2001-04-07,0.0,3.1,2.6
2001-04-08,0.0,2.1,1.7
2001-04-09,7.0,3.3,2.8
2001-04-10,0.0,3.7,3.2
2001-04-12,0.0,0.0,0.0
2001-04-13,0.0,0.3,0.0
2001-04-14,0.0,0.0,0.0
2001-04-15,0.0,0.2,0.0
2001-04-16,2.0,0.2,0.0
2001-04-17,0.0,0.0,0.0
2001-04-18,13.0,0.1,0.0
2001-04-19,0.0,0.2,0.0
2001-04-20,0.0,0.0,0.0
2001-04-21,0.0,0.2,0.0
2001-04-22,0.0,0.0,0.0
2001-04-23,4.0,0.2,0.0
2001-04-24,20.0,11.9,9.0
2001-04-25,0.0,4.6,2.7
2001-04-27,0.0,3.5,1.5
2001-04-29,0.0,2.4,1.0
2001-04-30,0.0,13.8,12.3
2001-05-01,4.0,11.1,9.2
2001-05-02,24.0,27.7,28.9
2001-05-03,0.0,0.4,0.0
2001-05-04,6.0,9.3,7.4
2001-05-05,1.0,17.3,16.2
2001-05-06,1.0,3.9,1.7
2001-05-07,0.0,10.0,8.2
2001-05-08,0.0,3.9,1.6
2001-05-09,0.0,0.2,0.0
2001-05-10,0.0,0.1,0.0
2001-05-11,0.0,0.5,0.0
2001-05-12,0.0,0.0,0.0
2001-05-13,0.0,0.1,0.0
2001-05-14,0.0,5.8,3.5
2001-05-15,0.0,5.9,3.6
2001-05-16,0.0,0.0,0.0
2001-05-17,0.0,3.5,1.4
2001-05-18,0.0,0.3,0.0
2001-05-19,4.0,0.5,0.0
2001-05-20,0.0,4.1,2.0
2001-05-21,0.0,0.2,0.0
2001-05-22,0.0,0.5,0.0
2001-05-23,0.0,0.0,0.0
2001-05-24,0.0,0.3,0.0
2001-05-25,21.0,1.6,0.0
2001-05-26,4.0,1.5,0.0
2001-05-27,0.0,0.5,0.0
2001-05-28,5.0,3.0,1.0
2001-05-29,0.0,0.4,0.0
2001-05-30,0.0,0.0,0.0
2001-05-31,1.0,0.0,0.0
2001-06-01,1.0,1.2,0.0
2001-06-02,0.0,6.9,6.8
2001-06-03,0.0,2.1,0.0
2001-06-04,4.0,3.9,1.8
2001-06-05,0.0,0.2,0.0
2001-06-06,0.0,2.6,0.0
2001-06-07,0.0,2.3,0.0
2001-06-08,0.0,0.3,0.0
2001-06-09,0.0,5.5,4.4
2001-06-10,0.0,0.5,0.0
2001-06-11,0.0,0.0,0.0
2001-06-12,0.0,0.0,0.0
2001-06-13,0.0,0.0,0.0
2001-06-14,0.0,0.0,0.0
2001-06-15,0.0,0.0,0.0
2001-06-16,0.0,0.0,0.0
2001-06-17,0.0,1.0,0.0
2001-06-18,0.0,4.0,3.9
2001-06-19,0.0,0.1,0.0
2001-06-20,0.0,0.2,0.0
2001-06-21,19.0,0.1,0.0
2001-06-22,0.0,0.3,0.0
2001-06-23,0.0,0.2,0.0
2001-06-24,3.0,12.3,32.9
2001-06-25,1.0,5.5,9.4
2001-06-26,2.0,4.3,5.5
2001-06-27,0.0,0.3,0.0
2001-06-28,8.0,1.5,0.0
2001-06-29,5.0,3.7,4.3
2001-06-30,0.0,0.0,0.0
2001-07-01,0.0,0.0,0.0
2001-07-02,0.0,0.0,0.0
2001-07-03,5.0,9.2,15.9
2001-07-04,1.0,5.1,5.9
2001-07-05,3.0,4.4,5.0
2001-07-06,0.0,0.0,0.0
2001-07-07,0.0,0.1,0.0
2001-07-08,0.0,0.0,0.0
2001-07-09,0.0,1.9,1.0
2001-07-10,0.0,0.0,0.0
2001-07-11,2.0,0.6,0.0
2001-07-12,0.0,0.1,0.0
2001-07-13,0.0,1.0,0.0
2001-07-14,0.0,0.8,0.0
2001-07-15,3.0,10.4,20.4
2001-07-16,0.0,0.0,0.0
2001-07-17,0.0,0.0,0.0
2001-07-18,0.0,0.0,0.0
2001-07-19,0.0,0.0,0.0
2001-07-20,0.0,0.0,0.0
2001-07-21,0.0,0.0,0.0
2001-07-22,0.0,0.7,0.0
2001-07-23,2.0,9.8,17.6
2001-07-24,0.0,0.3,0.0
2001-07-25,0.0,1.1,0.0
2001-07-26,0.0,13.0,23.1
2001-07-27,0.0,2.1,0.0
2001-07-28,0.0,5.6,5.0
2001-07-29,1.0,2.4,0.0
2001-07-30,4.0,10.9,21.2
2001-07-31,0.0,0.4,0.0
2001-08-01,0.0,0.0,0.0
2001-08-02,0.0,0.7,0.0
2001-08-03,6.0,0.7,0.0
2001-08-04,0.0,3.2,2.5
2001-08-05,0.0,2.5,1.2
2001-08-08,0.0,0.0,0.0
2001-08-09,0.0,5.1,4.7
2001-08-10,0.0,0.5,0.0
2001-08-11,0.0,0.4,0.0
2001-08-12,1.0,1.9,0.0
2001-08-13,0.0,0.5,0.0
2001-08-14,0.0,0.2,0.0
2001-08-15,0.0,0.1,0.0
2001-08-16,0.0,0.1,0.0
2001-08-17,0.0,0.2,0.0
2001-08-18,0.0,0.6,0.0
2001-08-19,0.0,0.0,0.0
2001-08-20,1.0,2.6,1.6
2001-08-21,1.0,0.8,0.0
2001-08-22,0.0,0.0,0.0
2001-08-23,0.0,0.0,0.0
2001-08-24,0.0,0.1,0.0
2001-08-25,0.0,0.0,0.0
2001-08-28,3.0,2.6,1.0
2001-08-29,7.0,6.1,6.8
2001-08-30,0.0,1.0,0.0
2001-08-31,0.0,0.2,0.0
2001-09-01,0.0,0.8,0.0
2001-09-02,0.0,0.0,0.0
2001-09-03,0.0,0.7,0.0
2001-09-04,1.0,0.0,0.0
2001-09-05,1.0,0.3,0.0
2001-09-06,0.0,0.7,0.0
2001-09-07,0.0,1.7,0.0
2001-09-08,0.0,1.5,0.0
2001-09-09,3.0,2.2,0.0
2001-09-10,0.0,0.6,0.0
2001-09-11,0.0,2.6,1.0
2001-09-12,2.0,12.4,23.7
2001-09-13,0.0,0.8,0.0
2001-09-14,47.0,27.6,44.8
2001-09-15,35.0,21.9,40.8
2001-09-16,0.0,1.8,0.0
2001-09-17,0.0,0.2,0.0
2001-09-18,4.0,3.1,1.5
2001-09-19,0.0,1.3,0.0
2001-09-20,0.0,1.6,0.0
2001-09-21,0.0,1.1,1.0
2001-09-22,0.0,0.7,0.0
2001-09-23,10.0,4.4,5.5
2001-09-25,1.0,1.3,1.0
2001-09-26,1.0,0.3,0.0
2001-09-27,0.0,0.5,0.0
2001-09-28,0.0,1.5,1.3
2001-09-29,0.0,0.0,0.0
2001-10-02,0.0,4.2,3.8
2001-10-03,1.0,7.4,7.9
2001-10-04,7.0,5.1,4.9
2001-10-05,2.0,1.7,1.0
2001-10-06,0.0,3.1,2.3
2001-10-07,0.0,1.1,0.0
2001-10-08,0.0,0.0,0.0
2001-10-09,0.0,0.0,0.0
2001-10-10,0.0,0.0,0.0
2001-10-11,8.0,1.6,1.0
2001-10-12,19.0,12.0,12.6
2001-10-13,0.0,0.0,0.0
2001-10-14,0.0,0.0,0.0
2001-10-15,1.0,0.3,0.0
2001-10-16,8.0,3.4,2.1
2001-10-17,0.0,1.4,0.0
2001-10-18,0.0,4.1,2.9
2001-10-19,0.0,0.7,0.0
2001-10-20,24.0,25.7,28.9
2001-10-21,53.0,26.2,46.1
2001-10-22,0.0,0.6,0.0
2001-10-23,19.0,5.9,5.7
2001-10-24,177.0,61.8,142.2
2001-10-25,102.0,26.4,42.0
2001-10-26,11.0,21.1,30.1
2001-10-27,0.0,1.0,0.0
2001-10-28,0.0,2.1,1.0
2001-10-29,12.0,42.8,92.2
2001-10-30,9.0,17.2,21.2
2001-10-31,0.0,10.6,12.4
2001-11-01,0.0,2.9,2.0
2001-11-02,1.0,6.9,6.6
2001-11-03,0.0,1.5,1.0
2001-11-04,0.0,2.1,1.1
2001-11-06,17.0,22.3,26.1
2001-11-07,0.0,3.3,2.5
2001-11-08,0.0,1.4,1.0
2001-11-09,0.0,4.2,3.4
2001-11-10,0.0,4.5,3.8
2001-11-11,0.0,4.4,4.3
2001-11-12,1.0,17.1,19.2
2001-11-13,14.0,12.3,13.1
2001-11-14,0.0,1.6,1.1
2001-11-15,3.0,5.2,5.3
2001-11-16,16.0,2.5,2.2
2001-11-17,3.0,3.1,2.9
2001-11-18,0.0,5.0,5.0
2001-11-19,9.0,32.0,38.2
2001-11-21,5.0,0.0,0.0
2001-11-22,2.0,14.3,12.8
2001-11-23,12.0,26.3,24.2
2001-11-24,7.0,15.5,14.0
2001-11-25,13.0,17.5,16.1
2001-11-27,0.0,0.3,0.0
2001-11-28,0.0,0.3,0.0
2001-11-29,0.0,13.6,12.1
2001-11-30,0.0,9.4,7.9
2001-12-01,0.0,8.4,7.4
2001-12-02,1.0,2.6,2.0
2001-12-03,0.0,0.5,0.0
2001-12-04,0.0,1.0,0.0
2001-12-05,0.0,0.1,0.0
2001-12-06,0.0,0.6,0.0
2001-12-07,0.0,0.0,0.0
2001-12-08,0.0,0.3,0.0
2001-12-09,0.0,0.0,0.0
2001-12-10,0.0,0.1,0.0
2001-12-11,0.0,0.4,0.0
2001-12-12,0.0,0.0,0.0
2001-12-13,0.0,0.0,0.0
2001-12-14,0.0,0.0,0.0
2001-12-15,39.0,13.2,16.1
2001-12-16,0.0,11.6,14.3
2001-12-17,52.0,12.3,15.1
2001-12-18,33.0,24.4,26.7
2001-12-19,22.0,6.9,8.5
2001-12-20,0.0,0.3,0.0
2001-12-21,0.0,0.4,0.0
2001-12-22,1.0,0.1,0.0
2001-12-23,71.0,10.2,16.3
2001-12-24,4.0,2.3,2.8
2001-12-25,0.0,0.3,0.0
2001-12-26,0.0,0.1,0.0
2001-12-27,2.0,0.8,0.0
2001-12-28,7.0,21.2,26.1
2001-12-29,1.0,6.4,7.8
2001-12-30,16.0,18.7,24.3
2001-12-31,11.0,1.1,1.4
2002-01-01,0.0,6.0,7.4
2002-01-02,0.0,0.7,0.0
2002-01-03,0.0,0.4,0.0
2002-01-04,0.0,0.0,0.0
2002-01-05,0.0,0.0,0.0
2002-01-06,0.0,1.2,2.6
2002-01-07,0.0,3.0,4.5
2002-01-08,0.0,2.6,4.0
2002-01-09,0.0,1.5,2.9
2002-01-10,0.0,0.0,0.0
2002-01-11,0.0,0.0,0.0
2002-01-12,0.0,0.5,0.0
2002-01-13,0.0,4.0,6.9
2002-01-14,0.0,10.3,14.2
2002-01-15,0.0,0.0,0.0
2002-01-16,0.0,0.0,0.0
2002-01-17,0.0,0.0,0.0
2002-01-18,0.0,0.0,0.0
2002-01-19,0.0,5.9,9.1
2002-01-20,0.0,4.7,7.8
2002-01-21,0.0,51.0,44.6
2002-01-22,0.0,34.4,26.2
2002-01-23,0.0,0.0,0.0
2002-01-24,0.0,0.4,0.0
2002-01-25,0.0,11.3,11.2
2002-01-26,0.0,22.5,18.2
2002-01-27,0.0,27.0,18.5
2002-01-28,0.0,96.7,78.4
2002-01-29,0.0,2.6,4.2
2002-01-30,0.0,31.1,23.2
2002-01-31,0.0,0.0,0.0
2002-02-01,0.0,0.0,0.0
2002-02-02,0.0,0.3,0.0
2002-02-03,0.0,0.0,0.0
2002-02-04,0.0,0.0,0.0
2002-02-05,0.0,0.0,0.0
2002-02-06,0.0,0.0,0.0
2002-02-07,0.0,1.9,2.7
2002-02-08,0.0,0.3,0.0
2002-02-09,0.0,0.0,0.0
2002-02-10,0.0,0.9,1.3
2002-02-11,0.0,0.7,0.0
2002-02-12,0.0,3.6,6.5
2002-02-13,0.0,1.0,2.9
2002-02-14,0.0,0.3,0.0
2002-02-15,0.0,0.0,0.0
2002-02-16,0.0,0.0,0.0
2002-02-17,0.0,0.0,0.0
2002-02-18,0.0,0.1,0.0
2002-02-19,0.0,0.0,0.0
2002-02-20,0.0,0.0,0.0
2002-02-21,0.0,0.0,0.0
2002-02-22,0.0,1.4,1.8
2002-02-23,0.0,1.6,2.0
2002-02-24,0.0,4.5,5.0
2002-02-25,0.0,0.0,0.0
2002-02-26,0.0,0.0,0.0
2002-02-27,0.0,3.7,4.2
2002-02-28,0.0,3.0,3.4
2002-03-01,0.0,0.0,0.0
2002-03-02,0.0,0.0,0.0
2002-03-03,0.0,0.0,0.0
2002-03-04,0.0,0.0,0.0
2002-03-05,0.0,0.0,0.0
2002-03-06,0.0,0.0,0.0
2002-03-07,0.0,0.0,0.0
2002-03-08,0.0,0.0,0.0
2002-03-09,0.0,0.0,0.0
2002-03-10,0.0,0.0,0.0
2002-03-11,0.0,0.0,0.0
2002-03-12,0.0,0.0,0.0
2002-03-13,0.0,2.8,2.8
2002-03-14,0.0,0.3,0.0
2002-03-15,0.0,9.3,10.5
2002-03-16,0.0,0.0,0.0
2002-03-17,0.0,0.0,0.0
2002-03-18,0.0,0.3,0.0
2002-03-19,0.0,0.1,0.0
2002-03-20,0.0,0.7,0.0
2002-03-21,0.0,44.5,41.5
2002-03-22,0.0,11.7,10.2
2002-03-23,0.0,11.0,8.3
2002-03-24,0.0,7.3,5.0
2002-03-25,0.0,5.8,3.8
2002-03-26,0.0,1.9,1.0
2002-03-27,0.0,0.0,0.0
2002-03-28,0.0,0.5,0.0
2002-03-29,0.0,1.8,1.0
2002-03-30,0.0,7.4,5.2
2002-03-31,0.0,6.3,4.2
2002-04-01,0.0,1.7,1.4
2002-04-02,0.0,0.8,0.0
2002-04-03,0.0,0.1,0.0
2002-04-04,0.0,0.1,0.0
2002-04-05,0.0,9.7,8.7
2002-04-06,0.0,18.6,12.6
2002-04-07,0.0,0.4,0.0
2002-04-08,0.0,11.6,8.6
2002-04-09,0.0,0.9,0.0
2002-04-10,0.0,2.5,2.1
2002-04-11,0.0,0.9,0.0
2002-04-12,0.0,2.2,1.3
2002-04-13,0.0,4.7,3.7
2002-04-14,0.0,1.7,1.0
2002-04-15,0.0,0.7,0.0
2002-04-16,0.0,5.9,4.8
2002-04-17,0.0,4.7,3.7
2002-04-18,0.0,0.0,0.0
2002-04-19,0.0,1.1,0.0
2002-04-20,0.0,0.1,0.0
2002-04-21,0.0,1.1,0.0
2002-04-22,0.0,3.5,1.6
2002-04-23,0.0,0.2,0.0
2002-04-24,0.0,6.7,4.8
2002-04-25,0.0,1.2,0.0
2002-04-26,0.0,1.3,0.0
2002-04-27,0.0,20.1,22.1
2002-04-28,0.0,13.4,11.4
2002-04-29,0.0,16.2,17.0
2002-04-30,0.0,7.2,6.5
2002-05-01,0.0,0.2,0.0
2002-05-02,0.0,11.4,9.4
2002-05-03,0.0,6.5,4.3
2002-05-04,0.0,0.0,0.0
2002-05-05,0.0,0.0,0.0
2002-05-06,0.0,3.5,1.3
2002-05-07,0.0,10.4,8.6
2002-05-08,0.0,44.3,69.8
2002-05-09,0.0,46.2,74.0
2002-05-10,0.0,13.7,11.3
2002-05-11,0.0,0.5,0.0
2002-05-12,0.0,0.0,0.0
2002-05-13,0.0,0.0,0.0
2002-05-14,0.0,0.0,0.0
2002-05-15,0.0,0.0,0.0
2002-05-16,0.0,0.0,0.0
2002-05-17,0.0,0.0,0.0
2002-05-18,0.0,0.0,0.0
2002-05-19,0.0,0.0,0.0
2002-05-20,0.0,0.5,0.0
2002-05-21,0.0,1.4,0.0
2002-05-22,0.0,0.0,0.0
2002-05-23,0.0,0.0,0.0
2002-05-24,0.0,0.3,0.0
2002-05-25,0.0,0.1,0.0
2002-05-26,0.0,0.0,0.0
2002-05-27,0.0,0.1,0.0
2002-05-28,0.0,0.4,0.0
2002-05-29,0.0,0.0,0.0
2002-05-30,0.0,0.3,0.0
2002-05-31,0.0,0.7,0.0
2002-06-01,0.0,0.2,0.0
2002-06-02,0.0,0.0,0.0
2002-06-03,0.0,8.7,9.1
2002-06-04,0.0,11.0,19.4
2002-06-05,0.0,1.1,0.0
2002-06-06,0.0,7.6,7.1
2002-06-07,0.0,2.4,0.0
2002-06-08,0.0,0.1,0.0
2002-06-09,0.0,5.8,5.6
2002-06-10,0.0,12.8,26.7
2002-06-11,0.0,1.5,0.0
2002-06-12,0.0,16.2,29.5
2002-06-13,0.0,1.3,0.0
2002-06-14,0.0,0.2,0.0
2002-06-15,0.0,0.0,0.0
2002-06-16,0.0,0.1,0.0
2002-06-17,0.0,0.1,0.0
2002-06-18,0.0,0.3,0.0
2002-06-19,0.0,0.0,0.0
2002-06-20,0.0,0.0,0.0
2002-06-21,0.0,0.2,0.0
2002-06-22,0.0,0.0,0.0
2002-06-23,0.0,0.9,0.0
2002-06-24,0.0,0.4,0.0
2002-06-25,0.0,0.0,0.0
2002-06-26,0.0,0.0,0.0
2002-06-27,0.0,0.2,0.0
2002-06-28,0.0,0.0,0.0
2002-06-29,0.0,0.4,0.0
2002-06-30,0.0,0.7,0.0
2002-07-01,0.0,0.7,0.0
2002-07-02,0.0,0.3,0.0
2002-07-03,0.0,0.3,0.0
2002-07-04,0.0,0.1,0.0
2002-07-05,0.0,0.7,0.0
2002-07-06,0.0,1.0,0.0
2002-07-07,0.0,0.0,0.0
2002-07-08,0.0,1.8,1.0
2002-07-09,0.0,4.8,6.0
2002-07-10,0.0,4.0,4.2
2002-07-11,0.0,0.5,0.0
2002-07-12,0.0,0.2,0.0
2002-07-13,0.0,0.0,0.0
2002-07-14,0.0,0.5,0.0
2002-07-15,0.0,0.0,0.0
2002-07-16,0.0,1.1,0.0
2002-07-17,0.0,0.0,0.0
2002-07-18,0.0,0.4,0.0
2002-07-19,0.0,0.5,0.0
2002-07-20,0.0,0.0,0.0
2002-07-21,0.0,0.0,0.0
2002-07-22,0.0,0.4,0.0
2002-07-23,0.0,1.0,0.0
2002-07-24,0.0,0.0,0.0
2002-07-25,0.0,2.3,0.0
2002-07-26,0.0,0.0,0.0
2002-07-27,0.0,0.5,0.0
2002-07-28,0.0,3.3,1.0
2002-07-29,0.0,2.5,0.0
2002-07-30,0.0,0.5,0.0
2002-07-31,0.0,2.1,0.0
2002-08-01,0.0,6.1,10.5
2002-08-02,0.0,4.2,4.2
2002-08-03,0.0,2.6,1.4
2002-08-04,0.0,0.5,0.0
2002-08-05,0.0,0.1,0.0
2002-08-06,0.0,4.7,4.5
2002-08-07,0.0,2.7,1.5
2002-08-08,0.0,2.6,1.4
2002-08-09,0.0,2.7,1.5
2002-08-10,0.0,0.0,0.0
2002-08-11,0.0,0.0,0.0
2002-08-12,0.0,1.8,0.0
2002-08-13,0.0,0.4,0.0
2002-08-14,0.0,0.0,0.0
2002-08-15,0.0,0.4,0.0
2002-08-16,0.0,1.1,0.0
2002-08-17,0.0,2.6,1.7
2002-08-18,0.0,1.7,0.0
2002-08-19,0.0,0.5,0.0
2002-08-20,0.0,1.5,0.0
2002-08-21,0.0,0.2,0.0
2002-08-22,0.0,1.1,0.0
2002-08-23,0.0,0.0,0.0
2002-08-24,0.0,0.0,0.0
2002-08-25,0.0,25.3,60.5
2002-08-26,0.0,1.8,0.0
2002-08-27,0.0,4.0,2.6
2002-08-28,0.0,1.1,0.0
2002-08-29,0.0,2.1,0.0
2002-08-30,0.0,0.5,0.0
2002-08-31,0.0,0.9,0.0
2002-09-01,0.0,0.3,0.0
2002-09-02,0.0,0.7,0.0
2002-09-03,0.0,0.0,0.0
2002-09-04,0.0,0.1,0.0
2002-09-05,0.0,0.4,0.0
2002-09-06,0.0,0.1,0.0
2002-09-07,0.0,0.6,0.0
2002-09-08,0.0,1.8,0.0
2002-09-09,0.0,4.2,1.9
2002-09-10,0.0,3.9,1.6
2002-09-11,0.0,0.2,0.0
2002-09-12,0.0,6.8,8.4
2002-09-13,0.0,0.8,0.0
2002-09-14,0.0,0.0,0.0
2002-09-15,0.0,3.0,1.2
2002-09-16,0.0,0.4,0.0
2002-09-17,0.0,1.1,0.0
2002-09-18,0.0,1.6,0.0
2002-09-19,0.0,1.2,0.0
2002-09-20,0.0,0.9,0.0
2002-09-21,0.0,1.9,1.9
2002-09-22,0.0,5.6,7.3
2002-09-23,0.0,5.9,7.9
2002-09-24,0.0,2.5,2.7
2002-09-25,0.0,11.7,14.9
2002-09-26,0.0,5.0,6.4
2002-09-27,0.0,3.2,3.9
2002-09-28,0.0,0.6,0.0
2002-09-29,0.0,0.3,0.0
2002-09-30,0.0,4.3,5.4
2002-10-01,0.0,0.7,0.0
2002-10-02,0.0,1.0,0.0
2002-10-03,0.0,0.4,0.0
2002-10-04,0.0,0.0,0.0
2002-10-05,0.0,1.3,0.0
2002-10-06,0.0,5.0,4.8
2002-10-07,0.0,8.8,9.7
2002-10-08,0.0,0.9,0.0
2002-10-09,0.0,6.1,6.2
2002-10-10,0.0,4.7,4.3
2002-10-11,0.0,11.7,12.0
2002-10-12,0.0,1.9,1.0
2002-10-13,0.0,2.5,1.1
2002-10-14,0.0,0.5,0.0
2002-10-15,0.0,3.2,1.9
2002-10-16,0.0,6.2,5.3
2002-10-17,0.0,0.6,0.0
2002-10-18,0.0,1.2,0.0
2002-10-19,0.0,4.7,3.6
2002-10-20,0.0,1.3,0.0
2002-10-21,0.0,0.6,0.0
2002-10-22,0.0,2.8,1.7
2002-10-23,0.0,1.3,1.0
2002-10-24,0.0,0.5,0.0
2002-10-25,0.0,0.7,0.0
2002-10-26,0.0,4.1,3.3
2002-10-27,0.0,26.0,42.4
2002-10-28,0.0,11.8,15.8
2002-10-29,0.0,9.5,10.8
2002-10-30,0.0,0.6,0.0
2002-10-31,0.0,6.8,6.9
2002-11-01,0.0,3.1,2.2
2002-11-02,0.0,0.4,0.0
2002-11-03,0.0,5.0,4.3
2002-11-04,0.0,7.3,7.2
2002-11-05,0.0,7.8,7.7
2002-11-06,0.0,0.4,0.0
2002-11-07,0.0,2.6,1.7
2002-11-08,0.0,14.2,15.9
2002-11-09,0.0,11.2,12.0
2002-11-10,0.0,6.7,6.4
2002-11-11,0.0,2.3,2.0
2002-11-12,0.0,0.3,0.0
2002-11-13,0.0,3.4,3.2
2002-11-14,0.0,3.0,2.8
2002-11-15,0.0,4.1,4.0
2002-11-16,0.0,10.9,11.5
2002-11-17,0.0,14.2,20.9
2002-11-18,0.0,1.8,1.4
2002-11-19,0.0,61.5,66.1
2002-11-20,0.0,39.1,51.1
2002-11-21,0.0,7.3,5.8
2002-11-22,0.0,4.0,2.5
2002-11-23,0.0,2.7,1.4
2002-11-24,0.0,0.1,0.0
2002-11-25,0.0,0.5,0.0
2002-11-26,0.0,0.0,0.0
2002-11-27,0.0,0.5,0.0
2002-11-28,0.0,0.0,0.0
2002-11-29,0.0,0.0,0.0
2002-11-30,0.0,0.0,0.0
2002-12-01,0.0,0.1,0.0
2002-12-02,0.0,0.8,0.0
2002-12-03,0.0,12.8,11.7
2002-12-04,0.0,0.9,0.0
2002-12-05,0.0,0.1,0.0
2002-12-06,0.0,1.4,1.0
2002-12-07,0.0,0.9,0.0
2002-12-08,0.0,0.1,0.0
2002-12-09,0.0,0.1,0.0
2002-12-10,0.0,8.7,7.7
2002-12-11,0.0,10.2,12.6
2002-12-12,0.0,0.0,0.0
2002-12-13,0.0,12.6,15.5
2002-12-14,0.0,3.1,4.1
2002-12-15,0.0,13.0,15.9
2002-12-16,0.0,0.3,0.0
2002-12-17,0.0,2.2,2.9
2002-12-18,0.0,1.0,1.5
2002-12-19,0.0,0.0,0.0
2002-12-20,0.0,0.4,0.0
2002-12-21,0.0,4.2,5.0
2002-12-22,0.0,7.8,9.4
2002-12-23,0.0,6.8,8.2
2002-12-24,0.0,2.2,2.7
2002-12-25,0.0,0.1,0.0
2002-12-26,0.0,3.5,4.3
2002-12-27,0.0,1.2,1.4
2002-12-28,0.0,23.6,29.9
2002-12-29,0.0,10.0,16.6
2002-12-30,0.0,8.1,9.8
2002-12-31,0.0,1.2,1.4
2003-01-01,0.0,5.1,6.6
2003-01-02,2.0,13.6,16.0
2003-01-03,1.0,18.1,17.1
2003-01-04,1.0,6.0,7.3
2003-01-06,15.0,6.3,7.6
2003-01-07,13.0,0.1,0.0
2003-01-08,0.0,0.4,0.0
2003-01-09,0.0,0.0,0.0
2003-01-10,0.0,0.0,0.0
2003-01-11,0.0,0.0,0.0
2003-01-12,1.0,6.7,10.1
2003-01-13,18.0,4.9,8.0
2003-01-14,5.0,60.1,89.6
2003-01-15,4.0,3.3,6.1
2003-01-16,0.0,0.5,0.0
2003-01-17,0.0,1.2,3.6
2003-01-19,1.0,2.6,5.3
2003-01-20,8.0,7.8,11.9
2003-01-21,4.0,4.0,5.4
2003-01-22,0.0,13.8,11.9
2003-01-23,0.0,5.2,6.4
2003-01-24,0.0,0.0,0.0
2003-01-25,10.0,0.8,0.0
2003-01-26,6.0,16.1,14.2
2003-01-27,58.0,52.2,42.0
2003-01-28,0.0,0.8,0.0
2003-01-29,0.0,1.4,3.3
2003-01-30,23.0,5.5,6.6
2003-01-31,0.0,0.9,0.0
2003-02-01,3.0,5.8,7.9
2003-02-02,2.0,10.8,13.9
2003-02-03,0.0,1.3,1.9
2003-02-04,0.0,4.5,6.6
2003-02-05,0.0,1.1,1.5
2003-02-06,0.0,0.0,0.0
2003-02-07,0.0,0.0,0.0
2003-02-08,8.0,0.1,0.0
2003-02-09,0.0,0.0,0.0
2003-02-10,64.0,6.9,11.6
2003-02-11,36.0,10.1,11.7
2003-02-12,6.0,2.1,4.1
2003-02-13,1.0,7.3,8.8
2003-02-14,3.0,0.8,0.0
2003-02-15,0.0,0.3,0.0
2003-02-16,85.0,52.9,36.8
2003-02-17,0.0,0.2,0.0
2003-02-18,0.0,0.6,0.0
2003-02-19,0.0,0.1,0.0
2003-02-20,0.0,0.0,0.0
2003-02-21,0.0,0.0,0.0
2003-02-22,0.0,0.0,0.0
2003-02-23,0.0,0.0,0.0
2003-02-24,0.0,0.0,0.0
2003-02-25,0.0,0.0,0.0
2003-02-26,0.0,0.3,0.0
2003-02-27,0.0,2.9,3.4
2003-02-28,0.0,0.4,0.0
2003-03-01,0.0,0.0,0.0
2003-03-02,0.0,0.0,0.0
2003-03-03,0.0,2.5,2.5
2003-03-04,0.0,2.0,2.1
2003-03-05,0.0,0.4,0.0
2003-03-06,1.0,0.1,0.0
2003-03-07,0.0,0.0,0.0
2003-03-08,0.0,5.0,4.8
2003-03-09,0.0,0.0,0.0
2003-03-10,11.0,7.0,6.6
2003-03-11,0.0,14.1,15.4
2003-03-12,15.0,15.5,18.1
2003-03-15,2.0,3.5,3.6
2003-03-16,37.0,0.7,0.0
2003-03-17,0.0,0.7,0.0
2003-03-18,4.0,0.0,0.0
2003-03-19,0.0,0.0,0.0
2003-03-20,7.0,8.7,9.3
2003-03-21,43.0,26.5,25.0
2003-03-22,0.0,0.3,0.0
2003-03-23,0.0,0.1,0.0
2003-03-24,0.0,0.0,0.0
2003-03-25,1.0,21.0,19.7
2003-03-26,1.0,10.9,8.1
2003-03-27,2.0,20.1,21.0
2003-03-30,0.0,1.3,1.0
2003-03-31,10.0,35.4,33.3
2003-04-01,0.0,2.1,1.7
2003-04-02,0.0,0.6,0.0
2003-04-03,0.0,0.4,0.0
2003-04-04,1.0,1.2,0.0
2003-04-05,0.0,0.1,0.0
2003-04-06,5.0,34.5,30.2
2003-04-07,0.0,0.4,0.0
2003-04-08,0.0,0.5,0.0
2003-04-09,0.0,0.0,0.0
2003-04-10,21.0,0.2,0.0
2003-04-11,5.0,0.8,0.0
2003-04-12,2.0,2.6,1.7
2003-04-13,0.0,0.2,0.0
2003-04-14,8.0,1.9,1.0
2003-04-15,6.0,2.0,1.1
2003-04-16,20.0,7.8,8.1
2003-04-17,6.0,8.7,7.4
2003-04-18,0.0,0.0,0.0
2003-04-19,89.0,0.0,0.0
2003-04-20,0.0,0.0,0.0
2003-04-21,0.0,0.4,0.0
2003-04-22,15.0,0.0,0.0
2003-04-23,4.0,4.0,2.1
2003-04-24,0.0,0.2,0.0
2003-04-25,0.0,1.0,0.0
2003-04-26,0.0,4.9,3.0
2003-04-27,0.0,2.6,1.0
2003-04-28,0.0,0.3,0.0
2003-04-29,2.0,2.6,1.0
2003-04-30,0.0,2.6,1.0
2003-05-01,2.0,3.8,1.6
2003-05-03,0.0,2.6,1.0
2003-05-05,12.0,4.5,2.2
2003-05-06,2.0,5.4,3.2
2003-05-07,30.0,18.2,17.4
2003-05-08,31.0,9.9,8.0
2003-05-09,25.0,26.0,27.1
2003-05-10,2.0,9.9,8.0
2003-05-11,0.0,3.3,1.2
2003-05-12,9.0,6.7,4.3
2003-05-13,7.0,7.0,4.6
2003-05-14,0.0,4.6,2.4
2003-05-15,3.0,1.4,0.0
2003-05-16,1.0,2.1,1.0
2003-05-17,0.0,0.2,0.0
2003-05-18,0.0,0.0,0.0
2003-05-19,0.0,0.3,0.0
2003-05-20,0.0,1.0,0.0
2003-05-21,0.0,0.7,0.0
2003-05-22,0.0,0.2,0.0
2003-05-23,0.0,0.0,0.0
2003-05-24,0.0,1.1,0.0
2003-05-25,0.0,0.0,0.0
2003-05-26,0.0,0.1,0.0
2003-05-27,0.0,0.0,0.0
2003-05-28,0.0,0.0,0.0
2003-05-29,0.0,0.8,0.0
2003-05-30,0.0,1.0,0.0
2003-06-01,0.0,1.1,0.0
2003-06-02,0.0,0.0,0.0
2003-06-03,0.0,0.0,0.0
2003-06-04,0.0,0.2,0.0
2003-06-05,19.0,0.4,0.0
2003-06-06,8.0,7.5,6.9
2003-06-07,1.0,0.1,0.0
2003-06-08,5.0,2.9,1.0
2003-06-09,0.0,0.0,0.0
2003-06-10,0.0,2.2,0.0
2003-06-11,0.0,0.0,0.0
2003-06-12,0.0,0.8,0.0
2003-06-13,0.0,0.3,0.0
2003-06-14,0.0,0.0,0.0
2003-06-15,0.0,0.3,0.0
2003-06-16,0.0,0.4,0.0
2003-06-17,2.0,0.5,0.0
2003-06-18,0.0,0.0,0.0
2003-06-19,0.0,0.3,0.0
2003-06-20,0.0,0.0,0.0
2003-06-21,0.0,1.2,0.0
2003-06-24,7.0,1.9,1.0
2003-06-26,0.0,8.4,16.0
2003-06-28,2.0,11.6,30.5
2003-06-29,0.0,0.7,0.0
2003-06-30,2.0,4.1,5.6
2003-07-01,7.0,7.6,11.1
2003-07-02,2.0,3.9,4.0
2003-07-03,2.0,1.4,0.0
2003-07-04,0.0,0.0,0.0
2003-07-05,0.0,0.0,0.0
2003-07-06,0.0,0.6,0.0
2003-07-08,0.0,0.1,0.0
2003-07-09,36.0,1.5,0.0
2003-07-10,2.0,0.4,0.0
2003-07-11,2.0,7.9,11.9
2003-07-12,0.0,1.8,0.0
2003-07-13,0.0,0.0,0.0
2003-07-14,0.0,0.8,0.0
2003-07-15,0.0,0.8,0.0
2003-07-16,0.0,0.0,0.0
2003-07-17,0.0,0.0,0.0
2003-07-18,0.0,0.0,0.0
2003-07-19,0.0,1.4,0.0
2003-07-20,1.0,3.1,1.9
2003-07-21,0.0,10.0,14.8
2003-07-22,12.0,15.3,29.6
2003-07-23,0.0,1.3,0.0
2003-07-24,0.0,0.2,0.0
2003-07-25,0.0,2.0,0.0
2003-07-26,0.0,0.0,0.0
2003-07-27,0.0,0.0,0.0
2003-07-28,0.0,2.0,0.0
2003-07-29,0.0,3.5,1.0
2003-07-30,0.0,2.8,0.0
2003-07-31,0.0,0.4,0.0
2003-08-01,0.0,0.2,0.0
2003-08-02,0.0,2.7,1.6
2003-08-03,0.0,3.5,2.8
2003-08-04,4.0,9.0,19.1
2003-08-05,1.0,0.5,0.0
2003-08-06,0.0,0.0,0.0
2003-08-09,0.0,0.0,0.0
2003-08-10,0.0,0.2,0.0
2003-08-11,0.0,1.6,0.0
2003-08-12,0.0,4.9,7.8
2003-08-13,0.0,2.7,1.7
2003-08-14,2.0,0.6,0.0
2003-08-15,37.0,1.4,0.0
2003-08-16,64.0,19.3,57.4
2003-08-17,2.0,6.8,8.4
2003-08-18,1.0,1.8,0.0
2003-08-19,0.0,0.1,0.0
2003-08-20,1.0,0.5,0.0
2003-08-21,0.0,0.0,0.0
2003-08-22,0.0,0.4,0.0
2003-08-23,0.0,0.0,0.0
2003-08-24,0.0,0.0,0.0
2003-08-25,0.0,1.1,0.0
2003-08-26,0.0,0.4,0.0
2003-08-28,0.0,0.0,0.0
2003-08-29,0.0,2.1,0.0
2003-08-30,0.0,0.2,0.0
2003-08-31,0.0,3.0,1.0
2003-09-01,0.0,0.5,0.0
2003-09-02,0.0,0.1,0.0
2003-09-03,0.0,0.6,0.0
2003-09-05,0.0,0.2,0.0
2003-09-06,0.0,0.0,0.0
2003-09-07,18.0,14.0,17.0
2003-09-08,0.0,0.8,0.0
2003-09-09,2.0,2.6,1.0
2003-09-11,0.0,3.7,2.7
2003-09-12,2.0,7.0,7.3
2003-09-13,20.0,7.7,9.9
2003-09-14,6.0,0.4,0.0
2003-09-16,0.0,0.5,0.0
2003-09-17,0.0,0.0,0.0
2003-09-18,0.0,0.1,0.0
2003-09-19,0.0,0.2,0.0
2003-09-20,0.0,1.1,0.0
2003-09-21,1.0,2.4,2.7
2003-09-22,4.0,5.5,7.2
2003-09-23,3.0,1.3,1.0
2003-09-24,1.0,5.4,7.1
2003-09-25,0.0,2.0,2.0
2003-09-26,0.0,0.7,0.0
2003-09-27,0.0,0.1,0.0
2003-09-28,0.0,0.0,0.0
2003-09-29,0.0,0.7,0.0
2003-09-30,2.0,1.1,1.0
2003-10-01,29.0,28.5,37.7
2003-10-02,31.0,19.5,23.0
2003-10-03,22.0,10.1,13.1
2003-10-05,40.0,15.4,18.6
2003-10-06,11.0,10.5,11.9
2003-10-07,1.0,3.2,2.4
2003-10-08,0.0,13.5,16.3
2003-10-09,0.0,0.4,0.0
2003-10-10,0.0,0.6,0.0
2003-10-11,0.0,14.3,18.7
2003-10-12,0.0,2.5,1.1
2003-10-13,0.0,1.1,0.0
2003-10-14,5.0,4.4,3.3
2003-10-15,0.0,8.9,8.6
2003-10-16,0.0,1.3,0.0
2003-10-17,0.0,0.1,0.0
2003-10-18,0.0,0.4,0.0
2003-10-19,60.0,16.5,17.3
2003-10-20,45.0,31.5,38.5
2003-10-21,20.0,32.5,56.0
2003-10-22,1.0,1.2,1.0
2003-10-23,1.0,5.6,5.3
2003-10-24,0.0,1.2,1.0
2003-10-25,0.0,0.2,0.0
2003-10-26,0.0,17.2,21.8
2003-10-27,0.0,0.9,0.0
2003-10-28,0.0,0.1,0.0
2003-10-29,0.0,17.8,25.6
2003-10-30,45.0,6.9,7.0
2003-10-31,11.0,8.4,9.2
2003-11-01,41.0,30.7,40.5
2003-11-02,47.0,32.1,44.5
2003-11-03,1.0,3.7,2.9
2003-11-04,5.0,17.1,18.4
2003-11-05,11.0,8.0,8.0
2003-11-06,0.0,0.0,0.0
2003-11-07,0.0,0.0,0.0
2003-11-08,0.0,0.1,0.0
2003-11-09,0.0,0.3,0.0
2003-11-10,0.0,1.1,1.0
2003-11-11,4.0,1.5,1.0
2003-11-14,0.0,4.6,4.6
2003-11-15,0.0,3.7,3.5
2003-11-16,0.0,1.4,1.0
2003-11-17,0.0,2.0,1.6
2003-11-18,13.0,8.2,8.5
2003-11-19,0.0,1.9,1.5
2003-11-20,0.0,0.2,0.0
2003-11-21,0.0,0.0,0.0
2003-11-22,0.0,0.1,0.0
2003-11-23,0.0,4.5,3.1
2003-11-24,5.0,5.7,4.2
2003-11-26,0.0,0.6,0.0
2003-11-27,0.0,0.3,0.0
2003-11-28,0.0,2.7,1.4
2003-11-29,0.0,0.1,0.0
2003-11-30,0.0,2.4,1.1
2003-12-02,5.0,2.5,1.9
2003-12-03,18.0,13.9,12.8
2003-12-04,3.0,1.2,1.0
2003-12-05,0.0,1.4,1.0
2003-12-06,1.0,6.5,5.6
2003-12-07,0.0,1.1,1.0
2003-12-08,10.0,7.3,6.4
2003-12-09,2.0,3.4,2.8
2003-12-10,9.0,45.0,49.0
2003-12-11,18.0,23.6,29.6
2003-12-12,5.0,8.4,10.4
2003-12-13,0.0,0.0,0.0
2003-12-14,6.0,0.5,0.0
2003-12-15,21.0,0.3,0.0
2003-12-16,0.0,0.1,0.0
2003-12-17,0.0,1.2,1.6
2003-12-18,0.0,0.0,0.0
2003-12-19,0.0,0.0,0.0
2003-12-20,0.0,0.1,0.0
2003-12-21,16.0,0.5,0.0
2003-12-23,2.0,0.0,0.0
2003-12-24,6.0,0.1,0.0
2003-12-25,0.0,0.0,0.0
2003-12-27,0.0,0.0,0.0
2003-12-29,0.0,0.0,0.0
2003-12-30,0.0,0.0,0.0
2004-01-02,0.0,0.0,0.0
2004-01-03,0.0,0.0,0.0
2004-01-04,0.0,0.7,0.0
2004-01-05,0.0,0.0,0.0
2004-01-06,0.0,0.0,0.0
2004-01-07,0.0,0.0,0.0
2004-01-08,0.0,0.2,0.0
2004-01-09,0.0,0.0,0.0
2004-01-10,6.0,0.2,0.0
2004-01-12,1.0,5.6,8.8
2004-01-13,0.0,0.0,0.0
2004-01-15,0.0,1.1,3.3
2004-01-16,0.0,0.2,0.0
2004-01-17,0.0,0.2,0.0
2004-01-18,5.0,6.0,9.2
2004-01-19,14.0,11.6,14.5
2004-01-20,16.0,2.7,5.3
2004-01-21,0.0,0.4,0.0
2004-01-22,0.0,0.3,0.0
2004-01-23,1.0,0.2,0.0
2004-01-24,0.0,0.0,0.0
2004-01-25,0.0,0.0,0.0
2004-01-26,0.0,0.0,0.0
2004-01-27,0.0,3.2,4.7
2004-01-28,0.0,1.5,3.3
2004-01-29,0.0,2.3,4.0
2004-01-30,0.0,0.8,0.0
2004-01-31,4.0,33.7,27.3
2004-02-01,7.0,20.0,27.5
2004-02-02,0.0,4.9,7.0
2004-02-03,0.0,2.2,3.1
2004-02-04,0.0,0.3,0.0
2004-02-05,0.0,0.8,1.1
2004-02-06,11.0,1.7,2.5
2004-02-07,0.0,1.7,2.4
2004-02-08,0.0,0.0,0.0
2004-02-09,0.0,0.1,0.0
2004-02-10,0.0,0.5,0.0
2004-02-11,12.0,0.9,2.9
2004-02-12,0.0,0.5,0.0
2004-02-13,0.0,0.0,0.0
2004-02-14,0.0,0.0,0.0
2004-02-15,0.0,1.5,3.5
2004-02-16,0.0,0.0,0.0
2004-02-17,0.0,0.0,0.0
2004-02-18,0.0,1.5,3.5
2004-02-19,1.0,1.8,3.8
2004-02-21,0.0,0.3,0.0
2004-02-22,0.0,3.3,3.7
2004-02-23,19.0,0.2,0.0
2004-02-24,0.0,0.1,0.0
2004-02-25,0.0,0.0,0.0
2004-02-26,10.0,10.3,10.4
2004-02-27,3.0,0.0,0.0
2004-02-28,6.0,27.9,24.9
2004-02-29,16.0,6.2,8.3
2004-03-01,5.0,6.5,5.1
2004-03-02,43.0,23.7,21.3
2004-03-03,0.0,2.4,2.5
2004-03-05,1.0,1.1,0.0
2004-03-06,0.0,0.8,0.0
2004-03-07,0.0,0.6,0.0
2004-03-08,0.0,3.4,3.3
2004-03-09,0.0,1.2,1.4
2004-03-11,5.0,0.8,0.0
2004-03-13,0.0,0.2,0.0
2004-03-14,0.0,0.2,0.0
2004-03-15,0.0,0.4,0.0
2004-03-16,64.0,49.3,42.1
2004-03-17,4.0,6.2,6.9
2004-03-18,2.0,11.5,12.0
2004-03-19,3.0,3.9,4.0
2004-03-20,8.0,6.4,6.3
2004-03-21,0.0,0.0,0.0
2004-03-22,0.0,0.6,0.0
2004-03-23,0.0,1.3,1.0
2004-03-24,0.0,0.0,0.0
2004-03-25,0.0,0.4,0.0
2004-03-26,1.0,1.6,1.0
2004-03-27,2.0,10.4,7.8
2004-03-28,64.0,21.2,24.1
2004-03-30,0.0,0.0,0.0
2004-03-31,88.0,39.9,39.5
2004-04-01,0.0,0.0,0.0
2004-04-02,0.0,7.1,6.1
2004-04-03,0.0,0.5,0.0
2004-04-04,9.0,0.6,0.0
2004-04-05,0.0,0.1,0.0
2004-04-06,0.0,0.5,0.0
2004-04-07,0.0,1.0,0.0
2004-04-08,0.0,0.5,0.0
2004-04-09,0.0,0.1,0.0
2004-04-10,0.0,0.0,0.0
2004-04-11,0.0,0.2,0.0
2004-04-12,0.0,0.0,0.0
2004-04-13,31.0,3.6,2.6
2004-04-14,0.0,1.2,0.0
2004-04-15,0.0,5.2,4.1
2004-04-16,0.0,0.3,0.0
2004-04-17,0.0,0.0,0.0
2004-04-18,0.0,4.5,3.4
2004-04-19,0.0,1.5,1.0
2004-04-20,0.0,1.6,1.0
2004-04-21,0.0,0.0,0.0
2004-04-22,15.0,1.8,0.0
2004-04-23,0.0,8.2,7.8
2004-04-24,0.0,0.0,0.0
2004-04-25,10.0,4.5,2.5
2004-04-26,0.0,4.8,2.8
2004-04-28,20.0,25.7,29.2
2004-04-29,0.0,6.9,5.0
2004-04-30,2.0,6.1,4.2
2004-05-01,4.0,6.0,3.8
2004-05-02,0.0,1.8,0.0
2004-05-03,0.0,1.7,0.0
2004-05-06,20.0,30.2,33.2
2004-05-07,0.0,2.6,1.0
2004-05-08,0.0,0.0,0.0
2004-05-09,0.0,1.3,0.0
2004-05-10,3.0,0.3,0.0
2004-05-11,0.0,2.6,1.0
2004-05-12,0.0,0.0,0.0
2004-05-13,0.0,0.1,0.0
2004-05-14,0.0,1.2,0.0
2004-05-15,0.0,0.5,0.0
2004-05-16,0.0,1.5,0.0
2004-05-17,0.0,0.4,0.0
2004-05-18,0.0,0.0,0.0
2004-05-19,0.0,0.0,0.0
2004-05-20,0.0,0.0,0.0
2004-05-22,2.0,0.2,0.0
2004-05-23,0.0,2.2,0.0
2004-05-24,3.0,2.9,1.0
2004-05-25,9.0,4.4,2.9
2004-05-26,4.0,0.3,0.0
2004-05-27,0.0,0.0,0.0
2004-05-28,0.0,0.0,0.0
2004-05-29,0.0,0.0,0.0
2004-05-30,0.0,0.4,0.0
2004-06-01,0.0,1.6,0.0
2004-06-02,0.0,0.6,0.0
2004-06-03,0.0,0.1,0.0
2004-06-04,1.0,1.7,0.0
2004-06-05,2.0,5.0,3.5
2004-06-06,22.0,16.8,35.9
2004-06-07,9.0,3.4,1.0
2004-06-08,0.0,0.6,0.0
2004-06-09,0.0,4.7,3.0
2004-06-10,0.0,2.7,1.0
2004-06-11,0.0,0.5,0.0
2004-06-12,0.0,0.2,0.0
2004-06-13,0.0,0.2,0.0
2004-06-14,0.0,2.8,1.8
2004-06-15,0.0,0.3,0.0
2004-06-16,0.0,0.3,0.0
2004-06-17,0.0,0.0,0.0
2004-06-18,0.0,0.0,0.0
2004-06-19,0.0,0.7,0.0
2004-06-20,0.0,0.0,0.0
2004-06-21,0.0,0.0,0.0
2004-06-22,0.0,0.0,0.0
2004-06-23,0.0,1.2,0.0
2004-06-24,0.0,0.0,0.0
2004-06-25,20.0,3.9,6.9
2004-06-26,5.0,11.5,31.0
2004-06-27,5.0,8.7,17.1
2004-06-28,10.0,0.8,0.0
2004-06-29,21.0,4.1,5.6
2004-06-30,5.0,0.0,0.0
2004-07-01,8.0,1.3,0.0
2004-07-02,2.0,1.9,1.0
2004-07-03,1.0,0.2,0.0
2004-07-04,0.0,0.7,0.0
2004-07-05,0.0,2.3,1.0
2004-07-06,0.0,2.5,1.4
2004-07-07,2.0,9.5,15.8
2004-07-08,0.0,1.7,1.0
2004-07-09,0.0,2.0,1.0
2004-07-10,0.0,6.2,8.4
2004-07-11,0.0,0.0,0.0
2004-07-12,0.0,0.5,0.0
2004-07-13,0.0,0.5,0.0
2004-07-14,0.0,0.1,0.0
2004-07-15,0.0,0.0,0.0
2004-07-17,0.0,10.5,20.4
2004-07-18,0.0,0.6,0.0
2004-07-19,0.0,0.1,0.0
2004-07-20,0.0,0.8,0.0
2004-07-21,0.0,0.3,0.0
2004-07-22,0.0,4.4,3.3
2004-07-23,11.0,11.3,18.4
2004-07-24,0.0,0.6,0.0
2004-07-25,0.0,2.8,0.0
2004-07-27,0.0,1.7,0.0
2004-07-28,0.0,4.3,3.3
2004-07-29,0.0,3.4,1.0
2004-07-30,0.0,5.7,4.4
2004-07-31,0.0,0.3,0.0
2004-08-01,0.0,1.0,0.0
2004-08-02,0.0,0.1,0.0
2004-08-03,0.0,1.2,0.0
2004-08-04,0.0,0.3,0.0
2004-08-05,0.0,0.0,0.0
2004-08-06,0.0,0.2,0.0
2004-08-07,0.0,1.7,0.0
2004-08-08,0.0,0.0,0.0
2004-08-09,0.0,0.6,0.0
2004-08-10,0.0,0.0,0.0
2004-08-11,0.0,1.7,0.0
2004-08-12,0.0,0.3,0.0
2004-08-13,0.0,0.0,0.0
2004-08-14,0.0,0.2,0.0
2004-08-15,0.0,0.1,0.0
2004-08-16,0.0,0.0,0.0
2004-08-17,0.0,0.2,0.0
2004-08-18,0.0,1.8,0.0
2004-08-19,0.0,0.2,0.0
2004-08-20,0.0,0.0,0.0
2004-08-21,0.0,1.9,0.0
2004-08-22,4.0,1.3,0.0
2004-08-23,0.0,0.9,0.0
2004-08-24,0.0,4.7,3.7
2004-08-25,2.0,3.1,1.2
2004-08-26,2.0,3.2,1.4
2004-08-27,21.0,9.4,12.6
2004-08-28,10.0,3.8,2.2
2004-08-29,2.0,2.8,1.0
2004-08-30,1.0,0.2,0.0
2004-08-31,2.0,3.1,1.2
2004-09-02,13.0,29.7,48.7
2004-09-03,1.0,10.4,9.9
2004-09-04,3.0,2.6,0.0
2004-09-05,1.0,1.0,0.0
2004-09-06,1.0,4.0,1.7
2004-09-07,5.0,0.2,0.0
2004-09-08,0.0,0.0,0.0
2004-09-09,0.0,2.8,1.0
2004-09-10,0.0,1.8,0.0
2004-09-11,0.0,0.0,0.0
2004-09-12,0.0,0.1,0.0
2004-09-13,19.0,8.2,10.3
2004-09-14,2.0,5.1,5.3
2004-09-15,0.0,3.5,2.3
2004-09-16,0.0,2.9,1.0
2004-09-17,0.0,0.3,0.0
2004-09-18,3.0,6.8,9.4
2004-09-19,0.0,0.9,0.0
2004-09-20,0.0,3.3,1.8
2004-09-21,0.0,1.6,1.4
2004-09-22,27.0,6.8,9.2
2004-09-24,4.0,3.7,4.5
2004-09-25,0.0,0.5,0.0
2004-09-26,2.0,3.8,4.7
2004-09-27,0.0,3.8,4.6
2004-09-28,15.0,48.2,95.1
2004-09-30,0.0,6.0,7.9
2004-10-01,0.0,4.5,4.1
2004-10-02,0.0,1.4,1.0
2004-10-03,0.0,0.7,0.0
2004-10-04,0.0,1.6,1.0
2004-10-05,0.0,0.1,0.0
2004-10-06,0.0,0.7,0.0
2004-10-07,0.0,1.1,0.0
2004-10-08,9.0,6.6,6.9
2004-10-09,23.0,3.4,2.7
2004-10-12,2.0,12.0,13.1
2004-10-13,0.0,0.8,0.0
2004-10-14,1.0,0.2,0.0
2004-10-15,0.0,0.1,0.0
2004-10-16,0.0,0.0,0.0
2004-10-17,2.0,0.0,0.0
2004-10-18,1.0,0.0,0.0
2004-10-19,0.0,5.6,4.7
2004-10-20,21.0,2.7,1.3
2004-10-21,9.0,1.1,1.0
2004-10-23,17.0,1.0,0.0
2004-10-24,6.0,0.0,0.0
2004-10-25,0.0,0.4,0.0
2004-10-26,15.0,13.1,15.9
2004-10-29,0.0,2.1,1.0
2004-10-30,1.0,1.3,1.0
2004-10-31,0.0,0.1,0.0
2004-11-01,16.0,18.8,22.9
2004-11-02,10.0,20.6,23.6
2004-11-03,60.0,2.6,1.7
2004-11-04,4.0,8.9,9.1
2004-11-06,0.0,8.2,8.2
2004-11-07,1.0,3.9,3.2
2004-11-08,11.0,55.3,82.7
2004-11-09,10.0,16.9,16.9
2004-11-12,1.0,1.0,1.0
2004-11-13,9.0,0.2,0.0
2004-11-14,9.0,1.5,1.0
2004-11-15,1.0,1.6,1.1
2004-11-17,12.0,0.3,0.0
2004-11-18,0.0,0.0,0.0
2004-11-19,0.0,1.1,1.0
2004-11-20,0.0,0.2,0.0
2004-11-21,0.0,0.0,0.0
2004-11-22,0.0,0.0,0.0
2004-11-23,0.0,0.0,0.0
2004-11-24,3.0,0.0,0.0
2004-11-25,0.0,0.1,0.0
2004-11-26,5.0,0.0,0.0
2004-11-28,0.0,1.6,1.0
2004-11-29,0.0,0.1,0.0
2004-11-30,37.0,9.1,7.5
2004-12-01,7.0,0.9,0.0
2004-12-02,0.0,0.1,0.0
2004-12-03,0.0,0.9,0.0
2004-12-04,0.0,0.3,0.0
2004-12-05,4.0,12.1,11.0
2004-12-06,0.0,2.1,1.5
2004-12-07,0.0,2.2,1.7
2004-12-08,7.0,2.6,2.0
2004-12-09,3.0,13.8,12.6
2004-12-10,8.0,16.6,14.0
2004-12-11,27.0,15.8,19.0
2004-12-12,146.0,48.1,64.6
2004-12-13,0.0,0.1,0.0
2004-12-14,0.0,0.0,0.0
2004-12-15,0.0,0.0,0.0
2004-12-16,10.0,5.6,7.1
2004-12-17,4.0,0.2,0.0
2004-12-18,9.0,17.2,20.7
2004-12-19,3.0,8.3,10.3
2004-12-20,0.0,0.0,0.0
2004-12-21,0.0,0.6,0.0
2004-12-22,0.0,1.5,1.8
2004-12-23,3.0,0.1,0.0
2004-12-24,0.0,1.0,1.2
2004-12-25,5.0,7.1,8.6
2004-12-26,0.0,0.8,1.0
2004-12-27,0.0,0.0,0.0
2004-12-28,0.0,0.3,0.0
2004-12-29,0.0,0.3,0.0
2004-12-30,0.0,0.0,0.0
2004-12-31,0.0,1.2,1.5
2005-01-01,3.0,1.9,3.4
2005-01-03,2.0,8.0,9.2
2005-01-05,0.0,0.2,0.0
2005-01-06,0.0,0.2,0.0
2005-01-07,6.0,0.3,0.0
2005-01-08,11.0,2.6,4.1
2005-01-09,31.0,6.4,7.8
2005-01-10,31.0,1.7,3.1
2005-01-11,3.0,15.8,18.3
2005-01-12,4.0,2.6,5.2
2005-01-13,2.0,0.7,0.0
2005-01-14,1.0,0.1,0.0
2005-01-15,2.0,6.5,9.9
2005-01-16,66.0,26.4,30.3
2005-01-17,13.0,19.9,21.6
2005-01-18,1.0,0.0,0.0
2005-01-19,0.0,0.3,0.0
2005-01-20,0.0,0.0,0.0
2005-01-21,0.0,0.0,0.0
2005-01-22,28.0,0.1,0.0
2005-01-23,0.0,0.0,0.0
2005-01-24,5.0,0.0,0.0
2005-01-25,0.0,0.0,0.0
2005-01-26,0.0,0.0,0.0
2005-01-28,1.0,6.9,7.7
2005-01-29,0.0,0.0,0.0
2005-01-31,0.0,0.0,0.0
2005-02-01,0.0,0.0,0.0
2005-02-02,35.0,16.6,19.3
2005-02-03,0.0,0.2,0.0
2005-02-04,0.0,1.1,1.5
2005-02-05,0.0,0.9,1.3
2005-02-06,0.0,2.3,3.3
2005-02-07,0.0,1.0,1.3
2005-02-08,0.0,0.0,0.0
2005-02-09,0.0,0.0,0.0
2005-02-10,0.0,0.0,0.0
2005-02-11,0.0,0.0,0.0
2005-02-12,0.0,0.4,0.0
2005-02-13,0.0,0.0,0.0
2005-02-14,0.0,0.0,0.0
2005-02-15,0.0,0.1,0.0
2005-02-16,0.0,4.8,6.3
2005-02-17,1.0,16.9,20.7
2005-02-18,0.0,0.2,0.0
2005-02-19,0.0,0.0,0.0
2005-02-20,0.0,0.0,0.0
2005-02-21,0.0,0.1,0.0
2005-02-22,0.0,0.1,0.0
2005-02-23,0.0,0.0,0.0
2005-02-24,0.0,0.0,0.0
2005-02-25,0.0,0.0,0.0
2005-02-26,4.0,0.0,0.0
2005-02-27,0.0,0.0,0.0
2005-02-28,0.0,0.7,0.0
2005-03-01,2.0,5.5,5.1
2005-03-02,0.0,0.8,0.0
2005-03-03,0.0,0.0,0.0
2005-03-04,5.0,0.0,0.0
2005-03-05,0.0,0.7,0.0
2005-03-06,0.0,4.9,4.7
2005-03-07,2.0,0.3,0.0
2005-03-08,0.0,0.0,0.0
2005-03-09,0.0,0.0,0.0
2005-03-10,0.0,0.0,0.0
2005-03-11,0.0,0.0,0.0
2005-03-12,0.0,0.0,0.0
2005-03-13,0.0,2.1,2.0
2005-03-14,5.0,5.0,5.4
2005-03-15,0.0,0.2,0.0
2005-03-16,33.0,16.9,19.8
2005-03-17,0.0,0.0,0.0
2005-03-18,0.0,0.0,0.0
2005-03-19,0.0,3.0,3.0
2005-03-20,0.0,0.5,0.0
2005-03-21,18.0,9.0,6.5
2005-03-22,23.0,8.0,5.7
2005-03-23,0.0,0.1,0.0
2005-03-24,3.0,2.2,1.0
2005-03-25,2.0,3.4,1.7
2005-03-26,20.0,7.3,5.0
2005-03-27,31.0,18.1,14.5
2005-03-28,11.0,14.1,13.0
2005-03-29,1.0,14.6,11.0
2005-03-30,0.0,7.1,4.9
2005-03-31,1.0,18.3,12.0
2005-04-01,22.0,12.5,8.9
2005-04-02,4.0,32.5,28.6
2005-04-03,2.0,2.3,1.9
2005-04-04,0.0,2.5,2.1
2005-04-05,0.0,1.3,1.0
2005-04-06,0.0,0.0,0.0
2005-04-07,0.0,0.0,0.0
2005-04-08,0.0,0.3,0.0
2005-04-09,9.0,1.8,1.4
2005-04-10,0.0,0.5,0.0
2005-04-11,0.0,0.0,0.0
2005-04-12,0.0,0.0,0.0
2005-04-13,0.0,0.0,0.0
2005-04-15,0.0,0.4,0.0
2005-04-16,0.0,0.0,0.0
2005-04-18,0.0,0.0,0.0
2005-04-19,0.0,0.4,0.0
2005-04-20,0.0,0.0,0.0
2005-04-21,2.0,2.2,1.0
2005-04-22,0.0,0.3,0.0
2005-04-23,0.0,1.1,0.0
2005-04-25,0.0,1.3,0.0
2005-04-26,0.0,0.7,0.0
2005-04-27,6.0,1.2,0.0
2005-04-28,0.0,0.5,0.0
2005-04-29,0.0,1.2,0.0
2005-04-30,17.0,19.1,18.8
2005-05-01,0.0,3.2,1.0
2005-05-02,0.0,1.6,0.0
2005-05-04,0.0,2.5,1.0
2005-05-05,0.0,0.3,0.0
2005-05-06,1.0,13.2,12.5
2005-05-07,1.0,6.8,4.6
2005-05-08,14.0,17.7,18.8
2005-05-09,12.0,23.4,23.6
2005-05-10,1.0,7.8,5.7
2005-05-11,12.0,14.4,13.1
2005-05-12,2.0,13.6,10.3
2005-05-13,5.0,5.5,3.2
2005-05-14,24.0,0.6,0.0
2005-05-15,25.0,40.7,51.0
2005-05-16,1.0,3.1,1.1
2005-05-17,0.0,1.4,0.0
2005-05-18,0.0,0.4,0.0
2005-05-19,0.0,0.4,0.0
2005-05-20,0.0,0.0,0.0
2005-05-21,0.0,0.0,0.0
2005-05-22,0.0,0.3,0.0
2005-05-23,0.0,1.2,0.0
2005-05-24,0.0,1.6,0.0
2005-05-25,0.0,3.9,2.1
2005-05-26,1.0,0.3,0.0
2005-05-29,0.0,1.3,0.0
2005-05-30,0.0,10.8,20.0
2005-05-31,0.0,2.6,0.0
2005-06-01,13.0,4.8,3.2
2005-06-02,9.0,6.5,5.6
2005-06-03,32.0,5.4,4.1
2005-06-04,0.0,0.4,0.0
2005-06-05,0.0,0.9,0.0
2005-06-06,0.0,0.3,0.0
2005-06-07,0.0,5.6,6.0
2005-06-08,0.0,1.1,0.0
2005-06-09,2.0,3.5,1.1
2005-06-10,0.0,3.3,1.0
2005-06-11,0.0,0.1,0.0
2005-06-12,1.0,0.2,0.0
2005-06-13,0.0,0.4,0.0
2005-06-14,0.0,0.3,0.0
2005-06-15,2.0,0.3,0.0
2005-06-16,12.0,1.4,0.0
2005-06-17,27.0,9.0,11.9
2005-06-18,22.0,12.0,20.7
2005-06-19,42.0,7.9,17.5
2005-06-20,0.0,1.5,0.0
2005-06-21,0.0,0.8,0.0
2005-06-22,0.0,0.2,0.0
2005-06-23,0.0,3.3,3.5
2005-06-24,0.0,1.6,0.0
2005-06-25,0.0,2.3,1.2
2005-06-26,0.0,0.0,0.0
2005-06-27,0.0,0.2,0.0
2005-06-28,0.0,0.0,0.0
2005-06-29,0.0,1.9,1.0
2005-06-30,0.0,0.7,0.0
2005-07-01,0.0,0.8,0.0
2005-07-02,0.0,0.0,0.0
2005-07-03,0.0,0.0,0.0
2005-07-04,0.0,0.0,0.0
2005-07-05,0.0,3.9,4.2
2005-07-06,16.0,7.1,9.9
2005-07-07,0.0,0.1,0.0
2005-07-08,0.0,1.5,0.0
2005-07-09,0.0,0.2,0.0
2005-07-10,0.0,0.1,0.0
2005-07-11,0.0,2.0,0.0
2005-07-12,1.0,9.4,16.6
2005-07-13,0.0,11.4,22.0
2005-07-14,2.0,20.8,48.5
2005-07-15,0.0,3.1,1.9
2005-07-16,0.0,0.0,0.0
2005-07-17,0.0,1.8,0.0
2005-07-18,0.0,0.8,0.0
2005-07-19,16.0,13.6,30.5
2005-07-20,0.0,2.2,1.0
2005-07-21,0.0,3.8,1.4
2005-07-22,0.0,6.5,6.1
2005-07-23,2.0,4.4,2.8
2005-07-24,0.0,0.0,0.0
2005-07-25,0.0,0.0,0.0
2005-07-26,0.0,1.9,0.0
2005-07-27,0.0,0.0,0.0
2005-07-28,0.0,0.4,0.0
2005-07-29,0.0,2.2,0.0
2005-07-30,0.0,2.0,0.0
2005-07-31,0.0,4.4,3.2
2005-08-01,7.0,2.4,1.0
2005-08-02,0.0,0.0,0.0
2005-08-03,0.0,0.0,0.0
2005-08-04,0.0,0.0,0.0
2005-08-05,0.0,1.0,0.0
2005-08-06,0.0,0.2,0.0
2005-08-07,0.0,0.0,0.0
2005-08-08,0.0,0.5,0.0
2005-08-09,0.0,0.7,0.0
2005-08-10,0.0,0.0,0.0
2005-08-11,0.0,0.0,0.0
2005-08-12,1.0,3.1,2.6
2005-08-13,14.0,9.0,16.1
2005-08-14,0.0,1.2,0.0
2005-08-15,0.0,7.1,8.9
2005-08-16,0.0,0.3,0.0
2005-08-17,0.0,0.3,0.0
2005-08-18,0.0,2.0,1.0
2005-08-19,0.0,1.6,0.0
2005-08-20,0.0,5.3,6.9
2005-08-21,0.0,0.9,0.0
2005-08-22,1.0,1.6,0.0
2005-08-23,6.0,0.5,0.0
2005-08-24,12.0,9.9,15.1
2005-08-25,0.0,40.2,68.8
2005-08-26,0.0,0.8,0.0
2005-08-27,0.0,1.3,0.0
2005-08-28,0.0,0.7,0.0
2005-08-29,0.0,0.0,0.0
2005-08-30,0.0,0.6,0.0
2005-08-31,0.0,3.6,1.9
2005-09-01,20.0,41.6,69.7
2005-09-02,0.0,2.1,0.0
2005-09-03,21.0,13.8,16.5
2005-09-04,1.0,7.1,5.3
2005-09-05,1.0,5.7,3.6
2005-09-06,0.0,1.1,0.0
2005-09-07,0.0,2.7,1.0
2005-09-08,0.0,1.1,0.0
2005-09-09,0.0,0.0,0.0
2005-09-10,0.0,0.2,0.0
2005-09-11,0.0,0.3,0.0
2005-09-12,0.0,0.0,0.0
2005-09-13,0.0,0.4,0.0
2005-09-14,0.0,0.2,0.0
2005-09-15,0.0,0.0,0.0
2005-09-16,0.0,0.4,0.0
2005-09-17,0.0,1.3,0.0
2005-09-18,23.0,8.0,9.4
2005-09-19,0.0,1.3,0.0
2005-09-20,0.0,0.9,0.0
2005-09-21,0.0,0.7,0.0
2005-09-22,0.0,5.5,7.3
2005-09-23,0.0,3.2,3.9
2005-09-24,0.0,0.2,0.0
2005-09-25,0.0,0.6,0.0
2005-09-26,11.0,1.1,1.0
2005-09-27,0.0,1.0,1.0
2005-09-28,0.0,0.5,0.0
2005-09-29,0.0,0.5,0.0
2005-09-30,0.0,1.5,1.3
2005-10-01,16.0,0.1,0.0
2005-10-02,9.0,19.4,22.1
2005-10-03,3.0,8.9,8.9
2005-10-04,1.0,6.3,6.5
2005-10-05,0.0,2.6,1.7
2005-10-06,3.0,2.2,1.2
2005-10-07,29.0,30.6,37.2
2005-10-08,27.0,22.3,28.7
2005-10-09,10.0,5.2,5.0
2005-10-10,15.0,24.0,32.5
2005-10-11,10.0,20.1,22.0
2005-10-12,0.0,5.5,4.6
2005-10-13,0.0,2.8,1.4
2005-10-14,0.0,0.4,0.0
2005-10-15,10.0,27.6,32.1
2005-10-16,1.0,11.7,12.0
2005-10-17,19.0,37.7,45.8
2005-10-18,0.0,1.8,1.0
2005-10-19,0.0,7.9,7.4
2005-10-20,7.0,8.4,8.0
2005-10-21,0.0,8.7,9.6
2005-10-22,3.0,8.9,10.0
2005-10-23,0.0,2.6,1.5
2005-10-24,17.0,12.3,15.7
2005-10-25,0.0,0.3,0.0
2005-10-26,0.0,0.1,0.0
2005-10-27,0.0,6.2,6.1
2005-10-28,0.0,1.6,1.0
2005-10-29,9.0,2.2,1.0
2005-10-30,0.0,9.9,11.4
2005-10-31,17.0,8.7,9.7
2005-11-01,0.0,3.3,2.4
2005-11-02,2.0,4.7,4.1
2005-11-03,9.0,20.5,22.6
2005-11-04,3.0,1.7,1.0
2005-11-05,0.0,5.8,5.3
2005-11-06,0.0,0.1,0.0
2005-11-07,0.0,0.0,0.0
2005-11-08,0.0,0.9,0.0
2005-11-09,0.0,0.4,0.0
2005-11-10,0.0,0.2,0.0
2005-11-11,0.0,1.0,0.0
2005-11-12,33.0,12.2,12.9
2005-11-13,1.0,3.0,2.7
2005-11-14,0.0,6.5,6.7
2005-11-15,0.0,2.7,2.4
2005-11-16,8.0,19.0,25.3
2005-11-17,0.0,0.3,0.0
2005-11-18,0.0,0.9,0.0
2005-11-19,26.0,16.1,21.3
2005-11-20,9.0,8.8,9.2
2005-11-21,0.0,0.8,0.0
2005-11-22,0.0,3.2,1.8
2005-11-23,0.0,2.7,1.4
2005-11-24,2.0,2.7,1.4
2005-11-25,0.0,2.8,1.5
2005-11-26,0.0,1.3,1.0
2005-11-27,1.0,12.9,11.4
2005-11-28,2.0,8.2,6.7
2005-11-29,15.0,6.6,5.1
2005-11-30,16.0,38.9,38.2
2005-12-01,0.0,1.8,1.3
2005-12-02,2.0,6.7,5.9
2005-12-03,0.0,1.4,1.0
2005-12-04,2.0,28.1,23.7
2005-12-05,0.0,11.0,10.0
2005-12-06,8.0,7.5,6.6
2005-12-07,0.0,5.3,4.5
2005-12-08,6.0,5.4,4.6
2005-12-09,6.0,32.3,28.7
2005-12-10,0.0,12.1,11.0
2005-12-11,30.0,22.6,28.5
2005-12-12,1.0,4.3,5.4
2005-12-13,47.0,24.3,29.5
2005-12-14,12.0,15.1,19.1
2005-12-15,0.0,6.5,8.2
2005-12-16,24.0,31.9,38.9
2005-12-17,1.0,20.6,24.2
2005-12-18,34.0,10.5,12.9
2005-12-19,22.0,16.6,20.9
2005-12-20,6.0,1.0,1.4
2005-12-21,0.0,2.2,2.6
2005-12-22,0.0,2.0,2.4
2005-12-23,0.0,12.5,15.0
2005-12-24,21.0,1.5,1.8
2005-12-25,2.0,3.4,4.2
2005-12-26,23.0,4.1,5.0
2005-12-27,8.0,0.5,0.0
2005-12-28,0.0,0.0,0.0
2005-12-29,0.0,0.1,0.0
2005-12-30,0.0,0.6,0.0
2005-12-31,0.0,5.0,6.1
2006-01-01,0.0,0.5,0.0
2006-01-02,0.0,1.7,3.2
2006-01-03,0.0,7.5,8.8
2006-01-04,0.0,1.6,3.0
2006-01-05,20.0,13.1,13.4
2006-01-06,1.0,4.5,6.0
2006-01-07,0.0,1.2,2.6
2006-01-08,0.0,0.9,0.0
2006-01-09,3.0,10.4,11.4
2006-01-10,146.0,0.7,0.0
2006-01-11,0.0,92.3,118.5
2006-01-12,0.0,0.2,0.0
2006-01-13,0.0,0.0,0.0
2006-01-14,0.0,0.2,0.0
2006-01-15,0.0,0.0,0.0
2006-01-16,0.0,0.6,0.0
2006-01-17,0.0,0.0,0.0
2006-01-18,0.0,0.0,0.0
2006-01-19,0.0,1.1,3.3
2006-01-20,0.0,0.1,0.0
2006-01-21,0.0,0.2,0.0
2006-01-22,0.0,0.0,0.0
2006-01-23,0.0,0.0,0.0
2006-01-24,0.0,0.4,0.0
2006-01-25,0.0,1.8,3.5
2006-01-26,7.0,0.4,0.0
2006-01-27,0.0,0.0,0.0
2006-01-28,0.0,0.0,0.0
2006-01-29,0.0,0.0,0.0
2006-01-30,0.0,0.0,0.0
2006-01-31,0.0,0.0,0.0
2006-02-01,0.0,0.7,0.0
2006-02-03,0.0,0.4,0.0
2006-02-05,0.0,0.5,0.0
2006-02-06,0.0,1.7,2.4
2006-02-07,69.0,17.0,20.9
2006-02-08,0.0,0.2,0.0
2006-02-09,0.0,0.0,0.0
2006-02-10,0.0,1.2,1.6
2006-02-11,0.0,0.0,0.0
2006-02-12,19.0,14.0,15.5
2006-02-13,3.0,5.6,8.0
2006-02-14,0.0,10.3,12.0
2006-02-15,5.0,11.8,13.0
2006-02-16,0.0,4.2,6.5
2006-02-18,0.0,0.4,0.0
2006-02-19,0.0,0.3,0.0
2006-02-20,3.0,12.1,11.9
2006-02-21,3.0,1.6,2.0
2006-02-22,1.0,0.1,0.0
2006-02-23,0.0,0.1,0.0
2006-02-24,0.0,2.2,2.6
2006-02-25,15.0,1.7,2.1
2006-02-26,6.0,29.4,24.7
2006-02-27,0.0,8.3,10.4
2006-02-28,27.0,0.9,0.0
2006-03-01,0.0,0.4,0.0
2006-03-02,18.0,10.3,8.4
2006-03-03,1.0,2.3,2.4
2006-03-04,0.0,0.0,0.0
2006-03-05,0.0,0.0,0.0
2006-03-06,0.0,0.0,0.0
2006-03-07,0.0,0.0,0.0
2006-03-08,0.0,0.0,0.0
2006-03-09,2.0,0.0,0.0
2006-03-10,5.0,0.0,0.0
2006-03-11,37.0,13.1,12.9
2006-03-13,0.0,0.0,0.0
2006-03-14,0.0,5.7,6.1
2006-03-15,0.0,0.8,0.0
2006-03-16,0.0,0.1,0.0
2006-03-17,0.0,0.0,0.0
2006-03-18,21.0,4.4,4.7
2006-03-19,0.0,2.8,2.8
2006-03-20,11.0,7.0,8.0
2006-03-21,3.0,4.9,3.0
2006-03-22,5.0,4.5,2.6
2006-03-23,43.0,44.7,44.5
2006-03-24,32.0,42.9,39.7
2006-03-25,0.0,3.8,2.0
2006-03-26,4.0,6.8,4.6
2006-03-27,0.0,6.8,4.6
2006-03-28,0.0,0.5,0.0
2006-03-29,0.0,0.6,0.0
2006-03-30,0.0,0.9,0.0
2006-03-31,21.0,0.2,0.0
2006-04-01,0.0,0.3,0.0
2006-04-02,0.0,0.4,0.0
2006-04-03,0.0,0.0,0.0
2006-04-05,0.0,0.0,0.0
2006-04-06,0.0,0.0,0.0
2006-04-07,6.0,4.8,4.1
2006-04-08,5.0,13.5,11.8
2006-04-09,0.0,2.2,1.8
2006-04-11,0.0,4.2,3.2
2006-04-12,0.0,3.9,2.9
2006-04-14,2.0,13.9,12.3
2006-04-15,3.0,1.4,1.0
2006-04-16,0.0,5.5,4.4
2006-04-17,0.0,1.3,1.0
2006-04-18,0.0,1.0,0.0
2006-04-19,13.0,7.8,7.5
2006-04-20,12.0,18.6,16.6
2006-04-21,4.0,6.3,4.4
2006-04-22,3.0,5.2,3.3
2006-04-24,8.0,1.0,0.0
2006-04-25,19.0,10.9,9.0
2006-04-26,14.0,20.3,20.4
2006-04-27,0.0,0.5,0.0
2006-04-28,0.0,0.5,0.0
2006-04-29,0.0,0.5,0.0
2006-04-30,0.0,0.0,0.0
2006-05-01,0.0,0.1,0.0
2006-05-02,3.0,0.2,0.0
2006-05-03,0.0,2.3,1.0
2006-05-04,0.0,0.0,0.0
2006-05-05,0.0,0.8,0.0
2006-05-07,0.0,0.5,0.0
2006-05-08,3.0,0.1,0.0
2006-05-09,0.0,0.0,0.0
2006-05-10,0.0,0.0,0.0
2006-05-11,0.0,0.0,0.0
2006-05-12,0.0,0.2,0.0
2006-05-13,0.0,0.1,0.0
2006-05-14,0.0,1.4,0.0
2006-05-15,0.0,0.5,0.0
2006-05-16,2.0,2.2,1.0
2006-05-17,6.0,23.0,23.9
2006-05-18,0.0,0.4,0.0
2006-05-19,0.0,2.9,1.0
2006-05-20,2.0,7.2,4.7
2006-05-21,20.0,5.3,4.7
2006-05-22,5.0,16.5,34.6
2006-05-23,0.0,2.4,0.0
2006-05-24,2.0,10.1,18.4
2006-05-25,31.0,11.1,23.1
2006-05-27,0.0,0.2,0.0
2006-05-28,0.0,0.7,0.0
2006-05-29,0.0,1.0,0.0
2006-05-30,0.0,2.5,0.0
2006-06-01,4.0,7.3,7.3
2006-06-02,0.0,0.4,0.0
2006-06-03,9.0,2.2,0.0
2006-06-04,0.0,1.5,0.0
2006-06-06,0.0,0.2,0.0
2006-06-07,0.0,0.7,0.0
2006-06-08,13.0,3.3,1.0
2006-06-09,0.0,1.0,0.0
2006-06-10,0.0,0.3,0.0
2006-06-11,0.0,0.1,0.0
2006-06-12,0.0,1.4,0.0
2006-06-13,0.0,0.3,0.0
2006-06-14,0.0,4.1,4.1
2006-06-15,0.0,0.6,0.0
2006-06-17,39.0,14.5,25.3
2006-06-18,32.0,24.1,47.7
2006-06-19,9.0,19.8,40.8
2006-06-20,5.0,3.4,2.9
2006-06-21,1.0,3.9,7.1
2006-06-23,7.0,8.8,20.7
2006-06-24,1.0,3.1,3.0
2006-06-25,0.0,2.0,1.0
2006-06-26,8.0,10.4,23.9
2006-06-28,0.0,1.0,0.0
2006-06-29,0.0,0.0,0.0
2006-06-30,0.0,0.6,0.0
2006-07-01,0.0,0.1,0.0
2006-07-02,0.0,0.7,0.0
2006-07-03,0.0,0.0,0.0
2006-07-04,0.0,0.0,0.0
2006-07-06,0.0,0.0,0.0
2006-07-07,0.0,0.7,0.0
2006-07-08,0.0,1.1,0.0
2006-07-09,0.0,5.6,10.4
2006-07-10,2.0,2.9,2.1
2006-07-11,15.0,1.9,0.0
2006-07-12,8.0,4.4,4.5
2006-07-13,24.0,13.5,25.5
2006-07-14,1.0,3.6,2.8
2006-07-15,0.0,0.1,0.0
2006-07-16,1.0,2.4,1.0
2006-07-17,2.0,3.0,1.7
2006-07-18,0.0,0.5,0.0
2006-07-19,0.0,0.1,0.0
2006-07-20,0.0,3.6,2.8
2006-07-21,0.0,0.4,0.0
2006-07-22,0.0,0.1,0.0
2006-07-23,0.0,0.0,0.0
2006-07-24,0.0,0.1,0.0
2006-07-25,0.0,0.2,0.0
2006-07-26,0.0,0.1,0.0
2006-07-27,7.0,4.9,2.8
2006-07-28,0.0,0.3,0.0
2006-07-29,0.0,0.1,0.0
2006-07-30,0.0,3.3,1.0
2006-07-31,0.0,0.2,0.0
2006-08-01,0.0,1.1,0.0
2006-08-02,0.0,0.8,0.0
2006-08-03,0.0,0.8,0.0
2006-08-04,8.0,1.9,1.0
2006-08-05,0.0,1.4,0.0
2006-08-06,0.0,0.1,0.0
2006-08-07,0.0,0.0,0.0
2006-08-08,0.0,0.4,0.0
2006-08-09,0.0,0.2,0.0
2006-08-10,0.0,0.4,0.0
2006-08-11,0.0,0.6,0.0
2006-08-12,0.0,2.7,1.8
2006-08-13,0.0,0.0,0.0
2006-08-14,0.0,0.4,0.0
2006-08-15,9.0,7.3,10.0
2006-08-16,0.0,2.8,2.1
2006-08-17,0.0,4.8,6.2
2006-08-18,2.0,0.1,0.0
2006-08-19,0.0,0.0,0.0
2006-08-20,0.0,0.0,0.0
2006-08-21,0.0,0.1,0.0
2006-08-22,0.0,1.5,0.0
2006-08-23,0.0,0.0,0.0
2006-08-24,0.0,0.0,0.0
2006-08-25,0.0,0.0,0.0
2006-08-26,0.0,1.5,0.0
2006-08-27,0.0,1.4,0.0
2006-08-28,0.0,11.8,14.9
2006-08-30,9.0,3.7,2.2
2006-08-31,3.0,13.7,19.9
2006-09-01,0.0,0.9,0.0
2006-09-02,6.0,0.0,0.0
2006-09-03,0.0,0.1,0.0
2006-09-04,0.0,0.6,0.0
2006-09-05,21.0,7.8,8.2
2006-09-06,0.0,0.3,0.0
2006-09-07,0.0,2.8,1.0
2006-09-08,52.0,32.7,53.3
2006-09-09,0.0,1.4,0.0
2006-09-10,40.0,18.5,23.7
2006-09-11,0.0,3.3,1.8
2006-09-12,5.0,2.7,1.0
2006-09-13,14.0,15.1,33.9
2006-09-14,0.0,0.8,0.0
2006-09-15,0.0,4.7,4.5
2006-09-16,0.0,0.1,0.0
2006-09-17,0.0,0.2,0.0
2006-09-19,0.0,2.2,0.0
2006-09-20,0.0,10.7,18.6
2006-09-21,2.0,0.8,1.0
2006-09-22,0.0,1.3,1.0
2006-09-23,0.0,0.1,0.0
2006-09-24,0.0,1.3,1.0
2006-09-25,0.0,0.4,0.0
2006-09-26,0.0,3.1,3.7
2006-09-27,4.0,9.4,12.6
2006-09-28,0.0,4.4,5.5
2006-09-29,7.0,12.2,17.4
2006-10-01,1.0,1.7,1.0
2006-10-02,1.0,6.5,6.7
2006-10-03,0.0,1.2,0.0
2006-10-04,2.0,1.1,0.0
2006-10-05,29.0,15.8,18.3
2006-10-06,3.0,11.7,14.0
2006-10-07,0.0,0.0,0.0
2006-10-08,0.0,0.0,0.0
2006-10-09,0.0,0.0,0.0
2006-10-10,0.0,0.0,0.0
2006-10-11,0.0,0.0,0.0
2006-10-13,2.0,7.9,7.4
2006-10-14,7.0,0.4,0.0
2006-10-15,0.0,0.0,0.0
2006-10-16,4.0,1.2,0.0
2006-10-17,5.0,2.8,1.5
2006-10-18,1.0,7.2,6.6
2006-10-19,3.0,0.6,0.0
2006-10-20,2.0,1.4,0.0
2006-10-21,7.0,10.9,13.8
2006-10-22,0.0,4.1,3.3
2006-10-23,5.0,0.8,0.0
2006-10-24,8.0,10.4,12.1
2006-10-25,10.0,1.1,1.0
2006-10-26,28.0,2.9,1.8
2006-10-28,1.0,0.2,0.0
2006-10-29,0.0,0.4,0.0
2006-10-30,0.0,6.9,7.1
2006-10-31,3.0,37.6,72.8
2006-11-01,5.0,0.6,0.0
2006-11-02,0.0,0.0,0.0
2006-11-03,21.0,3.9,3.1
2006-11-04,25.0,26.4,34.7
2006-11-05,5.0,4.2,3.4
2006-11-06,0.0,0.2,0.0
2006-11-07,18.0,6.7,6.3
2006-11-08,30.0,0.4,0.0
2006-11-09,1.0,0.9,1.0
2006-11-10,0.0,1.6,1.0
2006-11-11,3.0,17.1,18.7
2006-11-12,54.0,45.3,57.4
2006-11-13,8.0,9.7,10.2
2006-11-14,7.0,25.0,31.8
2006-11-15,10.0,2.2,1.8
2006-11-16,0.0,0.6,0.0
2006-11-17,0.0,1.3,1.0
2006-11-18,0.0,2.3,2.0
2006-11-19,1.0,11.3,11.9
2006-11-20,0.0,4.5,4.4
2006-11-21,3.0,1.3,1.0
2006-11-22,0.0,0.6,0.0
2006-11-23,0.0,0.5,0.0
2006-11-24,23.0,16.7,15.3
2006-11-25,0.0,11.1,9.6
2006-11-26,0.0,0.6,0.0
2006-11-27,0.0,5.9,4.4
2006-11-28,0.0,0.0,0.0
2006-11-29,0.0,0.4,0.0
2006-11-30,0.0,2.7,1.4
2006-12-01,0.0,0.6,0.0
2006-12-02,0.0,0.1,0.0
2006-12-03,0.0,1.1,0.0
2006-12-04,0.0,0.1,0.0
2006-12-05,0.0,0.0,0.0
2006-12-06,3.0,5.2,4.4
2006-12-07,0.0,0.0,0.0
2006-12-08,2.0,1.2,1.0
2006-12-09,0.0,0.6,0.0
2006-12-10,0.0,0.3,0.0
2006-12-11,16.0,7.1,8.8
2006-12-12,9.0,4.9,6.3
2006-12-13,1.0,1.0,1.4
2006-12-14,5.0,0.7,0.0
2006-12-15,0.0,2.0,2.7
2006-12-16,0.0,9.7,11.9
2006-12-17,7.0,5.9,7.4
2006-12-18,1.0,3.2,4.1
2006-12-19,0.0,0.9,1.4
2006-12-20,4.0,3.3,4.2
2006-12-21,24.0,17.5,21.6
2006-12-22,6.0,10.1,17.0
2006-12-25,0.0,0.0,0.0
2006-12-26,0.0,0.0,0.0
2006-12-27,2.0,0.6,0.0
2006-12-28,4.0,9.8,16.1
2006-12-29,0.0,0.0,0.0
2006-12-30,0.0,0.0,0.0
2006-12-31,9.0,0.0,0.0
2007-01-02,0.0,0.0,0.0
2007-01-03,0.0,0.3,0.0
2007-01-04,0.0,0.0,0.0
2007-01-05,0.0,1.2,2.6
2007-01-07,0.0,0.5,0.0
2007-01-08,12.0,9.5,10.6
2007-01-09,27.0,9.8,10.9
2007-01-10,31.0,7.8,9.1
2007-01-11,0.0,0.0,0.0
2007-01-12,1.0,0.2,0.0
2007-01-13,0.0,0.6,0.0
2007-01-15,0.0,0.0,0.0
2007-01-16,0.0,0.1,0.0
2007-01-17,6.0,0.0,0.0
2007-01-18,0.0,0.0,0.0
2007-01-19,1.0,0.0,0.0
2007-01-20,20.0,0.9,3.2
2007-01-21,18.0,22.7,17.7
2007-01-22,3.0,12.5,12.2
2007-01-23,22.0,41.1,31.5
2007-01-24,12.0,18.1,16.1
2007-01-25,4.0,20.1,17.5
2007-01-26,0.0,0.2,0.0
2007-01-27,0.0,0.2,0.0
2007-01-28,0.0,0.0,0.0
2007-01-29,0.0,0.0,0.0
2007-01-30,0.0,0.0,0.0
2007-01-31,0.0,0.0,0.0
2007-02-01,0.0,0.0,0.0
2007-02-02,0.0,0.0,0.0
2007-02-03,0.0,1.4,2.0
2007-02-04,0.0,0.0,0.0
2007-02-05,0.0,0.0,0.0
2007-02-06,0.0,0.0,0.0
2007-02-07,0.0,0.2,0.0
2007-02-08,0.0,0.0,0.0
2007-02-09,0.0,0.0,0.0
2007-02-10,0.0,0.0,0.0
2007-02-11,0.0,0.0,0.0
2007-02-12,0.0,0.0,0.0
2007-02-13,0.0,0.0,0.0
2007-02-14,0.0,0.0,0.0
2007-02-15,0.0,0.0,0.0
2007-02-16,0.0,0.0,0.0
2007-02-17,0.0,0.4,0.0
2007-02-18,2.0,11.0,12.8
2007-02-19,0.0,1.1,3.1
2007-02-20,0.0,0.0,0.0
2007-02-22,6.0,8.4,8.1
2007-02-24,0.0,0.0,0.0
2007-02-25,0.0,0.0,0.0
2007-02-26,0.0,1.3,1.7
2007-02-28,0.0,0.0,0.0
2007-03-01,10.0,0.2,0.0
2007-03-02,0.0,0.5,0.0
2007-03-03,13.0,4.2,4.1
2007-03-04,0.0,0.0,0.0
2007-03-05,0.0,0.1,0.0
2007-03-06,0.0,0.0,0.0
2007-03-07,0.0,0.2,0.0
2007-03-08,0.0,0.5,0.0
2007-03-09,0.0,0.0,0.0
2007-03-10,9.0,24.9,22.0
2007-03-11,0.0,0.0,0.0
2007-03-12,8.0,14.0,15.5
2007-03-13,51.0,12.5,13.2
2007-03-14,0.0,0.8,0.0
2007-03-15,9.0,14.8,18.4
2007-03-16,0.0,0.0,0.0
2007-03-17,0.0,1.7,1.5
2007-03-18,0.0,0.0,0.0
2007-03-19,0.0,1.0,1.0
2007-03-20,0.0,0.0,0.0
2007-03-21,0.0,0.0,0.0
2007-03-22,0.0,0.6,0.0
2007-03-23,0.0,0.0,0.0
2007-03-24,0.0,0.9,0.0
2007-03-25,0.0,0.1,0.0
2007-03-26,0.0,0.0,0.0
2007-03-27,0.0,0.4,0.0
2007-03-28,0.0,0.0,0.0
2007-03-29,7.0,2.1,1.0
2007-03-30,3.0,0.9,0.0
2007-03-31,20.0,11.9,10.4
2007-04-01,0.0,0.4,0.0
2007-04-03,52.0,1.4,1.1
2007-04-05,0.0,0.6,0.0
2007-04-06,0.0,1.3,1.0
2007-04-07,0.0,1.8,1.5
2007-04-08,0.0,0.4,0.0
2007-04-09,40.0,10.1,8.9
2007-04-10,0.0,0.5,0.0
2007-04-11,0.0,1.6,1.0
2007-04-12,35.0,7.7,8.4
2007-04-14,22.0,5.4,4.3
2007-04-15,22.0,7.2,5.9
2007-04-16,43.0,4.9,3.8
2007-04-17,0.0,0.3,0.0
2007-04-18,0.0,0.4,0.0
2007-04-19,0.0,0.0,0.0
2007-04-20,0.0,0.7,0.0
2007-04-21,0.0,0.7,0.0
2007-04-22,0.0,0.7,0.0
2007-04-23,0.0,4.2,2.2
2007-04-24,0.0,0.2,0.0
2007-04-25,46.0,37.9,46.4
2007-04-26,0.0,2.0,0.0
2007-04-27,0.0,25.2,28.7
2007-04-28,0.0,2.0,0.0
2007-04-29,0.0,0.1,0.0
2007-04-30,0.0,3.2,1.2
2007-05-01,0.0,3.0,1.0
2007-05-02,0.0,3.4,1.2
2007-05-03,26.0,21.0,23.9
2007-05-04,0.0,7.7,5.7
2007-05-05,0.0,2.0,0.0
2007-05-06,0.0,1.8,0.0
2007-05-07,0.0,3.6,1.4
2007-05-08,0.0,1.3,0.0
2007-05-09,16.0,11.9,11.5
2007-05-10,18.0,27.9,29.0
2007-05-11,0.0,0.5,0.0
2007-05-12,12.0,8.1,5.6
2007-05-13,20.0,1.7,0.0
2007-05-14,55.0,3.7,1.6
2007-05-15,17.0,19.3,16.7
2007-05-16,20.0,0.0,0.0
2007-05-17,0.0,2.2,1.0
2007-05-18,0.0,0.0,0.0
2007-05-19,0.0,0.6,0.0
2007-05-20,0.0,0.0,0.0
2007-05-21,0.0,0.0,0.0
2007-05-22,8.0,0.2,0.0
2007-05-23,58.0,0.0,0.0
2007-05-24,0.0,1.4,0.0
2007-05-25,0.0,0.2,0.0
2007-05-26,0.0,0.2,0.0
2007-05-27,0.0,0.9,0.0
2007-05-28,46.0,0.8,0.0
2007-05-29,0.0,0.8,0.0
2007-05-30,0.0,0.3,0.0
2007-05-31,45.0,4.1,2.3
2007-06-01,0.0,2.1,0.0
2007-06-02,1.0,3.5,1.2
2007-06-03,0.0,4.4,2.5
2007-06-04,3.0,4.9,3.4
2007-06-05,2.0,15.5,33.1
2007-06-06,6.0,5.7,5.7
2007-06-07,0.0,0.5,0.0
2007-06-08,5.0,16.3,34.5
2007-06-09,24.0,7.6,8.7
2007-06-10,0.0,1.4,0.0
2007-06-11,0.0,5.9,8.1
2007-06-12,0.0,0.8,0.0
2007-06-14,2.0,17.4,31.3
2007-06-15,32.0,10.1,13.8
2007-06-16,0.0,1.9,1.0
2007-06-17,3.0,7.4,9.5
2007-06-18,5.0,4.8,6.5
2007-06-19,3.0,9.9,12.3
2007-06-21,0.0,2.1,1.0
2007-06-22,0.0,0.0,0.0
2007-06-23,0.0,1.2,0.0
2007-06-24,0.0,0.2,0.0
2007-06-25,0.0,0.5,0.0
2007-06-26,5.0,0.7,0.0
2007-06-27,9.0,2.0,1.0
2007-06-28,0.0,1.2,0.0
2007-06-29,0.0,0.1,0.0
2007-06-30,0.0,0.0,0.0
2007-07-01,0.0,0.6,0.0
2007-07-02,0.0,0.1,0.0
2007-07-03,0.0,0.9,0.0
2007-07-04,0.0,1.4,0.0
2007-07-05,0.0,0.2,0.0
2007-07-06,0.0,0.0,0.0
2007-07-07,12.0,2.8,2.0
2007-07-08,0.0,0.4,0.0
2007-07-09,2.0,2.7,1.9
2007-07-10,0.0,0.4,0.0
2007-07-11,0.0,0.3,0.0
2007-07-12,0.0,1.6,0.0
2007-07-13,0.0,0.5,0.0
2007-07-14,0.0,0.0,0.0
2007-07-16,0.0,1.5,0.0
2007-07-17,0.0,4.0,7.9
2007-07-18,0.0,8.2,15.7
2007-07-19,50.0,18.7,42.0
2007-07-20,0.0,1.9,0.0
2007-07-21,0.0,7.8,7.9
2007-07-22,2.0,8.6,13.4
2007-07-23,9.0,11.7,19.2
2007-07-24,0.0,3.4,1.0
2007-07-25,1.0,4.1,1.9
2007-07-26,0.0,1.4,0.0
2007-07-27,1.0,2.8,0.0
2007-07-28,0.0,2.4,0.0
2007-07-29,0.0,0.2,0.0
2007-07-30,0.0,0.3,0.0
2007-07-31,0.0,0.4,0.0
2007-08-01,0.0,2.2,1.0
2007-08-02,0.0,0.1,0.0
2007-08-03,0.0,0.1,0.0
2007-08-04,0.0,1.0,0.0
2007-08-05,0.0,0.0,0.0
2007-08-06,0.0,0.3,0.0
2007-08-07,0.0,1.7,0.0
2007-08-08,0.0,0.2,0.0
2007-08-09,0.0,0.2,0.0
2007-08-10,0.0,1.4,0.0
2007-08-11,0.0,1.0,0.0
2007-08-12,0.0,2.3,1.0
2007-08-13,0.0,1.0,0.0
2007-08-14,2.0,0.1,0.0
2007-08-15,0.0,1.2,0.0
2007-08-16,0.0,2.6,1.6
2007-08-17,0.0,2.6,1.6
2007-08-18,0.0,1.5,0.0
2007-08-19,0.0,2.3,1.0
2007-08-20,0.0,2.0,1.0
2007-08-21,7.0,5.5,4.9
2007-08-22,0.0,1.3,0.0
2007-08-23,0.0,0.0,0.0
2007-08-24,1.0,3.7,2.1
2007-08-25,0.0,4.1,2.8
2007-08-26,0.0,3.1,1.3
2007-08-27,8.0,0.3,0.0
2007-08-28,0.0,2.1,0.0
2007-08-29,0.0,9.4,10.9
2007-08-30,0.0,0.5,0.0
2007-08-31,4.0,0.2,0.0
2007-09-01,1.0,3.9,1.5
2007-09-02,0.0,5.2,3.1
2007-09-03,0.0,0.5,0.0
2007-09-04,0.0,0.9,0.0
2007-09-05,27.0,8.9,8.0
2007-09-06,6.0,2.3,0.0
2007-09-07,3.0,8.2,9.9
2007-09-08,2.0,2.6,0.0
2007-09-09,0.0,0.7,0.0
2007-09-10,0.0,0.0,0.0
2007-09-11,0.0,0.5,0.0
2007-09-12,0.0,0.3,0.0
2007-09-13,16.0,9.6,16.6
2007-09-14,7.0,10.2,21.6
2007-09-15,13.0,8.9,13.8
2007-09-16,0.0,5.4,5.8
2007-09-17,0.0,2.2,0.0
2007-09-18,0.0,0.6,0.0
2007-09-19,0.0,0.6,0.0
2007-09-20,0.0,0.3,0.0
2007-09-21,0.0,2.4,2.6
2007-09-22,0.0,0.2,0.0
2007-09-23,0.0,0.4,0.0
2007-09-24,0.0,0.3,0.0
2007-09-25,2.0,0.6,0.0
2007-09-26,0.0,0.6,0.0
2007-09-27,0.0,0.1,0.0
2007-09-28,0.0,0.3,0.0
2007-09-29,3.0,1.4,1.1
2007-09-30,2.0,4.2,5.3
2007-10-01,1.0,0.9,0.0
2007-10-02,0.0,1.0,0.0
2007-10-03,0.0,0.0,0.0
2007-10-04,0.0,1.1,0.0
2007-10-05,0.0,5.7,5.6
2007-10-06,6.0,0.8,0.0
2007-10-07,0.0,1.6,1.0
2007-10-08,0.0,0.9,0.0
2007-10-09,0.0,0.0,0.0
2007-10-10,0.0,0.2,0.0
2007-10-11,1.0,1.2,0.0
2007-10-12,11.0,2.7,1.3
2007-10-13,0.0,0.6,0.0
2007-10-14,2.0,3.6,2.3
2007-10-15,6.0,4.3,3.1
2007-10-16,0.0,3.8,2.6
2007-10-17,2.0,0.7,0.0
2007-10-18,0.0,5.5,4.6
2007-10-19,0.0,5.3,4.3
2007-10-20,0.0,4.9,3.8
2007-10-21,0.0,7.1,7.3
2007-10-22,0.0,6.7,6.8
2007-10-23,6.0,6.0,5.8
2007-10-24,78.0,22.2,30.5
2007-10-25,6.0,1.7,1.0
2007-10-26,0.0,0.4,0.0
2007-10-27,9.0,5.3,4.9
2007-10-28,0.0,0.4,0.0
2007-10-29,0.0,0.4,0.0
2007-10-30,0.0,7.8,8.3
2007-10-31,0.0,7.4,7.7
2007-11-01,3.0,16.5,16.7
2007-11-02,1.0,3.3,2.5
2007-11-03,0.0,6.4,6.1
2007-11-04,0.0,3.0,2.1
2007-11-05,1.0,0.6,0.0
2007-11-06,0.0,0.8,0.0
2007-11-07,1.0,2.6,1.7
2007-11-08,18.0,9.9,10.4
2007-11-09,35.0,19.9,25.0
2007-11-10,17.0,18.3,19.8
2007-11-11,0.0,2.9,2.7
2007-11-12,0.0,0.3,0.0
2007-11-13,0.0,0.1,0.0
2007-11-14,0.0,0.6,0.0
2007-11-15,30.0,1.7,1.2
2007-11-16,19.0,18.3,20.7
2007-11-17,12.0,1.9,1.5
2007-11-18,2.0,6.5,6.7
2007-11-19,8.0,2.2,1.8
2007-11-20,5.0,3.2,3.0
2007-11-21,0.0,1.2,1.0
2007-11-22,0.0,0.0,0.0
2007-11-23,0.0,0.3,0.0
2007-11-24,0.0,0.3,0.0
2007-11-25,0.0,0.1,0.0
2007-11-26,0.0,2.3,1.0
2007-11-27,0.0,0.0,0.0
2007-11-28,1.0,0.1,0.0
2007-11-29,0.0,0.0,0.0
2007-11-30,29.0,8.2,6.6
2007-12-01,0.0,2.7,2.0
2007-12-02,0.0,0.2,0.0
2007-12-03,0.0,0.0,0.0
2007-12-04,0.0,0.0,0.0
2007-12-05,2.0,8.1,7.1
2007-12-06,5.0,14.5,13.4
2007-12-07,0.0,7.3,6.4
2007-12-08,105.0,87.6,110.2
2007-12-09,20.0,8.8,7.9
2007-12-10,2.0,5.6,4.8
2007-12-11,2.0,12.5,15.3
2007-12-12,0.0,0.9,1.3
2007-12-13,0.0,1.5,2.1
2007-12-14,7.0,12.4,15.1
2007-12-15,9.0,19.7,22.2
2007-12-16,1.0,25.0,30.2
2007-12-17,0.0,1.4,1.9
2007-12-18,0.0,2.9,3.8
2007-12-19,2.0,1.5,2.1
2007-12-20,41.0,69.5,98.8
2007-12-21,0.0,1.3,1.6
2007-12-22,0.0,0.1,0.0
2007-12-23,0.0,0.1,0.0
2007-12-24,1.0,0.3,0.0
2007-12-25,0.0,0.9,1.0
2007-12-26,0.0,3.1,3.7
2007-12-27,0.0,0.2,0.0
2007-12-28,0.0,0.1,0.0
2007-12-29,0.0,0.0,0.0
2007-12-30,0.0,0.2,0.0
2007-12-31,0.0,0.0,0.0
2008-01-01,0.0,0.1,0.0
2008-01-02,0.0,0.8,0.0
2008-01-03,0.0,0.5,0.0
2008-01-04,0.0,0.2,0.0
2008-01-05,2.0,1.0,0.0
2008-01-06,0.0,3.1,4.5
2008-01-07,33.0,4.8,6.2
2008-01-08,19.0,4.7,6.1
2008-01-09,34.0,13.8,13.9
2008-01-10,9.0,0.1,0.0
2008-01-11,3.0,0.0,0.0
2008-01-12,4.0,0.7,0.0
2008-01-13,0.0,0.3,0.0
2008-01-14,0.0,0.0,0.0
2008-01-15,0.0,0.0,0.0
2008-01-16,6.0,0.0,0.0
2008-01-17,0.0,0.1,0.0
2008-01-18,0.0,0.2,0.0
2008-01-19,0.0,0.2,0.0
2008-01-20,0.0,0.0,0.0
2008-01-21,0.0,0.1,0.0
2008-01-22,0.0,0.1,0.0
2008-01-23,23.0,3.2,4.7
2008-01-24,1.0,0.2,0.0
2008-01-25,1.0,0.0,0.0
2008-01-26,0.0,3.3,4.8
2008-01-27,24.0,49.6,40.2
2008-01-28,3.0,4.5,5.8
2008-01-29,0.0,3.5,5.0
2008-01-30,0.0,0.0,0.0
2008-01-31,0.0,0.9,0.0
2008-02-01,0.0,0.5,0.0
2008-02-02,0.0,0.6,0.0
2008-02-03,0.0,0.8,0.0
2008-02-04,0.0,7.5,9.0
2008-02-05,9.0,7.1,9.8
2008-02-06,4.0,0.3,0.0
2008-02-07,0.0,0.1,0.0
2008-02-08,0.0,0.2,0.0
2008-02-09,0.0,0.5,0.0
2008-02-10,0.0,0.0,0.0
2008-02-11,0.0,0.2,0.0
2008-02-12,0.0,0.0,0.0
2008-02-13,0.0,0.0,0.0
2008-02-14,0.0,0.0,0.0
2008-02-15,0.0,0.8,0.0
2008-02-16,0.0,0.6,0.0
2008-02-17,0.0,0.2,0.0
2008-02-18,0.0,0.0,0.0
2008-02-19,0.0,1.1,3.1
2008-02-20,0.0,0.1,0.0
2008-02-21,0.0,1.7,2.1
2008-02-22,0.0,0.0,0.0
2008-02-23,0.0,0.5,0.0
2008-02-24,0.0,0.2,0.0
2008-02-25,0.0,3.5,4.0
2008-02-26,0.0,0.3,0.0
2008-02-27,0.0,1.7,2.0
2008-02-28,4.0,4.0,4.5
2008-02-29,3.0,8.2,8.1
2008-03-01,15.0,22.7,19.3
2008-03-02,0.0,1.1,0.0
2008-03-03,1.0,4.5,4.3
2008-03-04,0.0,0.0,0.0
2008-03-05,1.0,12.5,11.9
2008-03-06,0.0,4.6,4.4
2008-03-07,0.0,2.2,2.2
2008-03-08,18.0,9.1,11.3
2008-03-09,10.0,16.8,14.5
2008-03-10,6.0,1.8,1.9
2008-03-11,0.0,1.8,1.5
2008-03-12,0.0,0.6,0.0
2008-03-13,3.0,12.1,12.4
2008-03-14,2.0,7.5,7.9
2008-03-15,0.0,0.3,0.0
2008-03-16,4.0,11.3,11.2
2008-03-17,0.0,0.2,0.0
2008-03-18,0.0,1.7,1.4
2008-03-19,0.0,4.9,5.3
2008-03-20,0.0,0.5,0.0
2008-03-21,0.0,0.1,0.0
2008-03-22,54.0,4.7,2.9
2008-03-23,0.0,0.0,0.0
2008-03-24,0.0,0.8,0.0
2008-03-25,45.0,65.0,59.9
2008-03-26,5.0,23.4,20.4
2008-03-27,0.0,0.5,0.0
2008-03-28,0.0,0.2,0.0
2008-03-29,0.0,13.4,9.5
2008-03-30,0.0,0.7,0.0
2008-03-31,0.0,0.2,0.0
2008-04-01,0.0,0.2,0.0
2008-04-02,0.0,0.0,0.0
2008-04-03,0.0,5.0,4.3
2008-04-04,0.0,0.4,0.0
2008-04-05,0.0,2.1,1.8
2008-04-06,0.0,11.7,9.9
2008-04-07,0.0,27.9,24.1
2008-04-08,0.0,1.4,1.1
2008-04-09,0.0,0.6,0.0
2008-04-10,0.0,0.6,0.0
2008-04-11,0.0,1.9,1.0
2008-04-12,0.0,4.2,3.2
2008-04-13,0.0,0.3,0.0
2008-04-14,0.0,0.4,0.0
2008-04-15,0.0,0.1,0.0
2008-04-16,0.0,0.3,0.0
2008-04-17,0.0,1.2,0.0
2008-04-18,0.0,0.4,0.0
2008-04-19,0.0,0.9,0.0
2008-04-20,0.0,0.4,0.0
2008-04-21,0.0,0.7,0.0
2008-04-22,0.0,4.9,2.9
2008-04-23,0.0,46.6,52.9
2008-04-24,0.0,3.5,1.5
2008-04-25,0.0,1.0,0.0
2008-04-26,0.0,3.6,1.6
2008-04-27,0.0,1.4,0.0
2008-04-28,0.0,0.1,0.0
2008-04-29,0.0,1.8,0.0
2008-04-30,0.0,0.0,0.0
2008-05-01,0.0,0.0,0.0
2008-05-02,0.0,0.9,0.0
2008-05-03,0.0,0.5,0.0
2008-05-04,0.0,0.1,0.0
2008-05-05,0.0,0.1,0.0
2008-05-06,0.0,0.2,0.0
2008-05-07,9.0,0.3,0.0
2008-05-09,5.0,6.2,4.1
2008-05-10,5.0,25.2,25.7
2008-05-11,5.0,6.1,3.8
2008-05-12,6.0,15.7,14.7
2008-05-13,0.0,1.0,0.0
2008-05-14,0.0,0.0,0.0
2008-05-15,0.0,0.0,0.0
2008-05-16,0.0,0.0,0.0
2008-05-17,0.0,1.0,0.0
2008-05-18,0.0,0.0,0.0
2008-05-19,0.0,0.0,0.0
2008-05-20,0.0,0.1,0.0
2008-05-21,0.0,0.6,0.0
2008-05-22,22.0,1.1,0.0
2008-05-23,3.0,17.6,39.8
2008-05-25,0.0,2.0,0.0
2008-05-26,4.0,0.7,0.0
2008-05-27,1.0,4.0,2.1
2008-05-28,0.0,4.8,3.7
2008-05-29,3.0,0.5,0.0
2008-05-30,1.0,1.0,0.0
2008-05-31,0.0,5.9,5.9
2008-06-01,0.0,3.8,1.5
2008-06-02,1.0,17.2,37.6
2008-06-04,1.0,1.2,0.0
2008-06-05,11.0,7.0,9.2
2008-06-07,1.0,6.0,9.9
2008-06-08,0.0,0.6,0.0
2008-06-09,0.0,0.4,0.0
2008-06-10,0.0,0.4,0.0
2008-06-11,2.0,7.3,8.3
2008-06-12,3.0,2.9,2.1
2008-06-13,0.0,0.7,0.0
2008-06-14,0.0,0.5,0.0
2008-06-15,0.0,0.9,0.0
2008-06-16,0.0,0.0,0.0
2008-06-17,0.0,0.0,0.0
2008-06-18,0.0,1.8,1.0
2008-06-19,0.0,0.7,0.0
2008-06-20,0.0,0.5,0.0
2008-06-21,0.0,0.1,0.0
2008-06-22,0.0,3.0,2.8
2008-06-23,0.0,0.2,0.0
2008-06-24,0.0,3.9,5.1
2008-06-25,0.0,2.7,2.2
2008-06-26,0.0,0.1,0.0
2008-06-27,0.0,0.2,0.0
2008-06-28,0.0,0.0,0.0
2008-06-29,0.0,0.1,0.0
2008-06-30,0.0,0.1,0.0
2008-07-01,0.0,0.0,0.0
2008-07-02,18.0,5.2,8.4
2008-07-03,0.0,1.8,1.0
2008-07-04,0.0,0.3,0.0
2008-07-05,0.0,1.0,0.0
2008-07-06,0.0,0.5,0.0
2008-07-08,0.0,1.5,0.0
2008-07-09,3.0,7.1,10.4
2008-07-10,0.0,0.1,0.0
2008-07-11,0.0,0.1,0.0
2008-07-12,0.0,0.1,0.0
2008-07-13,0.0,0.2,0.0
2008-07-15,2.0,0.2,0.0
2008-07-16,10.0,2.6,1.0
2008-07-17,2.0,0.8,0.0
2008-07-18,3.0,2.0,0.0
2008-07-19,8.0,3.3,2.3
2008-07-20,0.0,1.7,0.0
2008-07-21,3.0,3.3,1.0
2008-07-22,0.0,0.1,0.0
2008-07-23,0.0,0.7,0.0
2008-07-24,2.0,0.5,0.0
2008-07-25,0.0,2.7,0.0
2008-07-26,0.0,0.5,0.0
2008-07-27,0.0,0.6,0.0
2008-07-28,0.0,0.2,0.0
2008-07-29,0.0,0.1,0.0
2008-07-30,0.0,0.0,0.0
2008-07-31,0.0,1.7,0.0
2008-08-01,0.0,0.5,0.0
2008-08-03,9.0,2.7,1.5
2008-08-04,1.0,0.3,0.0
2008-08-05,0.0,0.3,0.0
2008-08-06,1.0,0.3,0.0
2008-08-07,0.0,0.6,0.0
2008-08-08,2.0,0.0,0.0
2008-08-09,0.0,0.0,0.0
2008-08-10,0.0,0.0,0.0
2008-08-11,0.0,0.0,0.0
2008-08-12,0.0,2.0,1.0
2008-08-13,0.0,0.0,0.0
2008-08-14,0.0,0.7,0.0
2008-08-15,0.0,0.0,0.0
2008-08-16,0.0,0.4,0.0
2008-08-17,0.0,2.7,1.9
2008-08-18,5.0,0.2,0.0
2008-08-19,0.0,2.2,1.0
2008-08-20,19.0,2.6,1.6
2008-08-21,7.0,10.5,14.1
2008-08-23,5.0,15.0,24.9
2008-08-24,2.0,4.0,2.5
2008-08-26,0.0,0.6,0.0
2008-08-27,2.0,4.9,3.9
2008-08-28,0.0,2.2,1.0
2008-08-29,1.0,1.8,0.0
2008-08-30,0.0,0.1,0.0
2008-08-31,0.0,2.8,1.0
2008-09-01,5.0,0.5,0.0
2008-09-02,16.0,8.0,6.7
2008-09-03,1.0,10.7,9.8
2008-09-05,2.0,5.7,3.6
2008-09-06,0.0,1.3,0.0
2008-09-07,0.0,2.4,0.0
2008-09-08,0.0,1.4,0.0
2008-09-09,0.0,1.1,0.0
2008-09-10,0.0,3.9,1.5
2008-09-11,0.0,1.2,0.0
2008-09-12,0.0,1.6,0.0
2008-09-14,0.0,0.2,0.0
2008-09-15,0.0,2.1,0.0
2008-09-16,0.0,0.3,0.0
2008-09-17,0.0,0.8,0.0
2008-09-18,0.0,0.0,0.0
2008-09-19,0.0,2.7,1.0
2008-09-20,0.0,2.3,0.0
2008-09-21,0.0,0.0,0.0
2008-09-22,0.0,0.4,0.0
2008-09-23,0.0,0.0,0.0
2008-09-24,2.0,0.2,0.0
2008-09-25,0.0,0.0,0.0
2008-09-26,0.0,0.7,0.0
2008-09-27,0.0,0.0,0.0
2008-09-28,0.0,0.2,0.0
2008-09-29,24.0,12.0,15.6
2008-09-30,11.0,11.5,15.7
2008-10-01,0.0,0.2,0.0
2008-10-02,0.0,0.4,0.0
2008-10-03,5.0,15.8,17.2
2008-10-04,2.0,3.4,2.7
2008-10-06,0.0,0.3,0.0
2008-10-08,0.0,0.4,0.0
2008-10-09,0.0,1.6,1.0
2008-10-10,17.0,3.8,3.3
2008-10-11,2.0,2.7,1.4
2008-10-12,0.0,0.4,0.0
2008-10-13,0.0,1.0,0.0
2008-10-14,0.0,0.3,0.0
2008-10-15,15.0,5.8,4.9
2008-10-16,0.0,0.4,0.0
2008-10-17,0.0,4.8,3.7
2008-10-19,11.0,15.1,17.3
2008-10-20,0.0,4.2,3.1
2008-10-21,3.0,5.4,5.0
2008-10-24,0.0,7.7,8.2
2008-10-25,0.0,4.2,3.4
2008-10-26,0.0,6.4,6.3
2008-10-27,0.0,2.7,1.6
2008-10-28,0.0,3.7,2.8
2008-10-29,2.0,4.3,3.5
2008-10-30,4.0,5.0,4.5
2008-10-31,1.0,0.0,0.0
2008-11-01,0.0,1.1,1.0
2008-11-02,0.0,0.1,0.0
2008-11-03,0.0,0.2,0.0
2008-11-05,0.0,0.1,0.0
2008-11-06,0.0,0.0,0.0
2008-11-07,0.0,0.1,0.0
2008-11-08,5.0,2.9,2.0
2008-11-09,1.0,16.7,18.0
2008-11-10,0.0,13.8,14.8
2008-11-11,3.0,9.1,9.5
2008-11-12,17.0,12.2,13.0
2008-11-13,7.0,1.5,1.0
2008-11-14,3.0,3.5,3.3
2008-11-15,25.0,4.2,4.1
2008-11-16,0.0,0.6,0.0
2008-11-17,0.0,0.5,0.0
2008-11-18,3.0,3.0,2.8
2008-11-19,2.0,6.3,6.4
2008-11-20,13.0,7.0,7.2
2008-11-21,5.0,8.8,7.3
2008-11-22,9.0,38.7,42.3
2008-11-23,5.0,10.7,9.1
2008-11-24,28.0,24.1,20.5
2008-11-25,42.0,35.5,42.1
2008-11-26,71.0,28.8,29.7
2008-11-27,28.0,25.2,23.8
2008-11-28,27.0,42.4,42.1
2008-11-29,5.0,16.4,15.0
2008-11-30,4.0,7.7,6.1
2008-12-01,3.0,10.5,9.5
2008-12-02,8.0,29.5,25.4
2008-12-04,18.0,11.7,10.6
2008-12-05,14.0,5.1,4.3
2008-12-06,5.0,6.4,5.5
2008-12-07,32.0,45.4,53.2
2008-12-08,8.0,7.4,6.5
2008-12-09,1.0,0.0,0.0
2008-12-10,0.0,0.0,0.0
2008-12-11,0.0,2.7,3.6
2008-12-12,0.0,4.2,5.3
2008-12-13,59.0,19.1,25.5
2008-12-14,0.0,0.9,1.4
2008-12-15,0.0,1.1,1.5
2008-12-16,3.0,1.4,1.9
2008-12-17,0.0,0.4,0.0
2008-12-18,0.0,0.2,0.0
2008-12-19,0.0,0.0,0.0
2008-12-20,1.0,0.1,0.0
2008-12-21,0.0,0.3,0.0
2008-12-22,0.0,0.8,0.0
2008-12-23,0.0,3.7,4.5
2008-12-24,4.0,8.7,10.5
2008-12-25,2.0,12.4,13.6
2008-12-26,0.0,0.0,0.0
2008-12-27,0.0,0.2,0.0
2008-12-28,7.0,6.7,8.1
2008-12-30,1.0,3.2,3.9
2008-12-31,2.0,5.3,6.5
2009-01-01,3.0,19.5,22.0
2009-01-03,81.0,75.8,78.1
2009-01-04,25.0,8.4,9.6
2009-01-05,23.0,48.2,44.0
2009-01-06,0.0,0.5,0.0
2009-01-07,2.0,2.9,4.4
2009-01-08,0.0,1.6,3.1
2009-01-09,0.0,0.0,0.0
2009-01-10,0.0,1.8,3.3
2009-01-11,0.0,0.0,0.0
2009-01-12,5.0,0.0,0.0
2009-01-13,0.0,0.0,0.0
2009-01-14,13.0,11.5,16.6
2009-01-15,9.0,1.3,3.7
2009-01-17,13.0,0.0,0.0
2009-01-18,4.0,0.6,0.0
2009-01-19,0.0,0.0,0.0
2009-01-21,5.0,0.3,0.0
2009-01-22,3.0,2.0,3.8
2009-01-23,0.0,0.0,0.0
2009-01-24,25.0,19.6,14.8
2009-01-25,3.0,0.1,0.0
2009-01-26,0.0,0.0,0.0
2009-01-27,0.0,0.4,0.0
2009-01-28,1.0,0.2,0.0
2009-01-29,7.0,0.1,0.0
2009-01-30,11.0,3.3,4.8
2009-01-31,44.0,16.2,13.3
2009-02-01,0.0,1.6,2.3
2009-02-02,0.0,0.8,1.0
2009-02-03,0.0,0.0,0.0
2009-02-04,0.0,0.0,0.0
2009-02-05,48.0,13.9,15.8
2009-02-06,0.0,1.2,1.6
2009-02-07,22.0,1.4,2.0
2009-02-08,0.0,0.1,0.0
2009-02-09,0.0,0.1,0.0
2009-02-10,0.0,0.0,0.0
2009-02-11,0.0,0.7,0.0
2009-02-12,0.0,0.4,0.0
2009-02-13,0.0,0.0,0.0
2009-02-14,0.0,0.0,0.0
2009-02-16,0.0,0.0,0.0
2009-02-17,0.0,1.1,3.0
2009-02-18,25.0,0.2,0.0
2009-02-19,0.0,0.0,0.0
2009-02-20,0.0,1.1,3.0
2009-02-21,0.0,0.1,0.0
2009-02-24,0.0,0.0,0.0
2009-02-25,0.0,0.0,0.0
2009-02-26,0.0,0.0,0.0
2009-02-27,18.0,0.9,0.0
2009-02-28,0.0,0.4,0.0
2009-03-01,0.0,1.8,1.9
2009-03-02,3.0,11.8,12.8
2009-03-03,29.0,24.2,22.9
2009-03-04,3.0,14.8,13.9
2009-03-05,2.0,19.1,17.2
2009-03-07,17.0,2.3,2.4
2009-03-08,2.0,0.6,0.0
2009-03-09,0.0,1.5,1.6
2009-03-10,0.0,0.0,0.0
2009-03-11,5.0,13.6,14.9
2009-03-12,0.0,0.7,0.0
2009-03-13,0.0,1.2,1.0
2009-03-14,0.0,1.8,1.5
2009-03-15,0.0,2.8,2.7
2009-03-16,6.0,8.8,8.7
2009-03-17,2.0,7.7,8.4
2009-03-18,9.0,22.9,26.2
2009-03-19,0.0,0.1,0.0
2009-03-21,28.0,8.7,6.3
2009-03-22,0.0,6.9,4.7
2009-03-23,0.0,9.3,6.7
2009-03-25,0.0,2.6,1.1
2009-03-26,0.0,0.2,0.0
2009-03-27,0.0,0.0,0.0
2009-03-28,11.0,1.6,1.0
2009-03-29,0.0,0.3,0.0
2009-03-30,0.0,0.9,0.0
2009-03-31,0.0,1.5,1.0
2009-04-01,0.0,0.1,0.0
2009-04-02,143.0,41.6,36.6
2009-04-03,18.0,29.4,26.6
2009-04-06,12.0,7.7,6.6
2009-04-08,10.0,4.7,4.0
2009-04-09,4.0,17.3,10.1
2009-04-10,3.0,23.6,19.6
2009-04-11,0.0,3.0,2.0
2009-04-12,0.0,0.5,0.0
2009-04-13,0.0,0.1,0.0
2009-04-15,0.0,11.5,8.1
2009-04-16,0.0,0.0,0.0
2009-04-17,0.0,2.2,1.3
2009-04-18,0.0,0.1,0.0
2009-04-19,0.0,0.9,0.0
2009-04-20,0.0,0.2,0.0
2009-04-21,0.0,0.7,0.0
2009-04-22,0.0,0.6,0.0
2009-04-23,0.0,0.0,0.0
2009-04-24,0.0,0.0,0.0
2009-04-25,0.0,0.0,0.0
2009-04-26,0.0,5.2,3.3
2009-04-27,0.0,1.1,0.0
2009-04-28,0.0,0.0,0.0
2009-04-29,0.0,0.6,0.0
2009-04-30,0.0,1.4,0.0
2009-05-01,1.0,2.1,1.0
2009-05-02,9.0,15.4,13.9
2009-05-03,0.0,4.9,2.7
2009-05-04,63.0,42.8,63.3
2009-05-05,3.0,2.0,1.0
2009-05-07,0.0,1.3,0.0
2009-05-08,1.0,0.4,0.0
2009-05-10,0.0,0.5,0.0
2009-05-11,0.0,1.9,1.0
2009-05-12,0.0,3.3,1.2
2009-05-14,3.0,6.3,3.9
2009-05-15,0.0,3.6,1.6
2009-05-16,84.0,45.1,55.5
2009-05-18,0.0,4.8,2.6
2009-05-19,0.0,0.1,0.0
2009-05-20,0.0,1.0,0.0
2009-05-22,0.0,0.0,0.0
2009-05-23,0.0,0.6,0.0
2009-05-24,0.0,0.0,0.0
2009-05-26,0.0,4.0,2.2
2009-05-27,3.0,15.3,30.5
2009-05-28,0.0,3.3,1.0
2009-05-29,13.0,19.9,41.9
2009-05-30,0.0,0.6,0.0
2009-05-31,0.0,1.7,0.0
2009-06-01,0.0,0.1,0.0
2009-06-02,0.0,0.0,0.0
2009-06-03,0.0,1.9,0.0
2009-06-04,0.0,0.1,0.0
2009-06-05,0.0,1.1,0.0
2009-06-06,0.0,0.0,0.0
2009-06-07,0.0,0.0,0.0
2009-06-08,0.0,0.0,0.0
2009-06-09,0.0,0.0,0.0
2009-06-10,0.0,0.0,0.0
2009-06-11,0.0,0.0,0.0
2009-06-12,0.0,0.6,0.0
2009-06-13,0.0,1.7,1.0
2009-06-14,0.0,0.7,0.0
2009-06-15,0.0,0.0,0.0
2009-06-16,0.0,0.6,0.0
2009-06-17,0.0,0.2,0.0
2009-06-18,0.0,0.0,0.0
2009-06-19,0.0,0.6,0.0
2009-06-20,0.0,1.0,0.0
2009-06-21,0.0,0.8,0.0
2009-06-22,0.0,0.0,0.0
2009-06-23,0.0,0.7,0.0
2009-06-24,0.0,0.3,0.0
2009-06-25,0.0,0.9,0.0
2009-06-26,0.0,0.2,0.0
2009-06-27,22.0,10.0,25.0
2009-06-28,0.0,1.0,0.0
2009-06-29,0.0,0.4,0.0
2009-06-30,0.0,0.7,0.0
2009-07-01,0.0,0.0,0.0
2009-07-02,0.0,0.0,0.0
2009-07-03,0.0,0.0,0.0
2009-07-05,1.0,0.4,0.0
2009-07-06,0.0,1.6,0.0
2009-07-07,0.0,1.2,0.0
2009-07-08,0.0,2.1,1.0
2009-07-09,0.0,0.0,0.0
2009-07-10,0.0,1.9,1.0
2009-07-12,1.0,7.5,9.2
2009-07-13,0.0,1.3,0.0
2009-07-14,0.0,1.2,0.0
2009-07-16,0.0,0.9,0.0
2009-07-17,0.0,0.5,0.0
2009-07-18,2.0,1.7,0.0
2009-07-19,0.0,0.1,0.0
2009-07-20,0.0,0.1,0.0
2009-07-21,2.0,2.7,0.0
2009-07-23,1.0,2.8,0.0
2009-07-24,0.0,0.8,0.0
2009-07-25,0.0,2.0,0.0
2009-07-26,0.0,0.3,0.0
2009-07-27,0.0,0.8,0.0
2009-07-28,0.0,0.0,0.0
2009-07-29,0.0,0.5,0.0
2009-07-30,0.0,0.1,0.0
2009-07-31,0.0,2.4,0.0
2009-08-02,0.0,0.3,0.0
2009-08-03,0.0,2.5,1.2
2009-08-04,3.0,1.5,0.0
2009-08-06,16.0,8.3,16.0
2009-08-07,2.0,9.7,17.8
2009-08-08,2.0,1.8,1.0
2009-08-09,1.0,1.5,0.0
2009-08-10,0.0,0.1,0.0
2009-08-11,0.0,0.1,0.0
2009-08-12,0.0,0.4,0.0
2009-08-14,5.0,6.7,9.6
2009-08-15,0.0,3.8,3.4
2009-08-16,0.0,1.5,0.0
2009-08-17,0.0,0.1,0.0
2009-08-18,14.0,2.3,1.1
2009-08-20,0.0,4.3,4.3
2009-08-21,0.0,0.0,0.0
2009-08-22,0.0,3.8,2.2
2009-08-23,6.0,8.4,8.6
2009-08-24,0.0,8.1,7.7
2009-08-25,0.0,0.1,0.0
2009-08-27,28.0,14.2,25.6
2009-08-28,7.0,5.2,4.5
2009-08-29,33.0,13.1,19.5
2009-08-31,2.0,3.3,1.4
2009-09-01,0.0,0.4,0.0
2009-09-02,0.0,1.2,0.0
2009-09-03,0.0,0.2,0.0
2009-09-04,0.0,2.6,1.0
2009-09-05,15.0,10.4,8.8
2009-09-06,0.0,1.0,0.0
2009-09-07,0.0,0.7,0.0
2009-09-08,0.0,1.7,0.0
2009-09-09,0.0,1.9,0.0
2009-09-10,0.0,4.0,1.6
2009-09-11,0.0,0.0,0.0
2009-09-12,0.0,6.4,7.7
2009-09-13,10.0,17.3,34.6
2009-09-14,35.0,7.8,14.5
2009-09-15,38.0,7.8,15.7
2009-09-16,2.0,1.2,0.0
2009-09-17,1.0,4.1,3.4
2009-09-18,5.0,7.5,10.6
2009-09-19,0.0,2.8,1.0
2009-09-20,0.0,0.0,0.0
2009-09-21,0.0,0.0,0.0
2009-09-22,0.0,0.2,0.0
2009-09-23,0.0,0.2,0.0
2009-09-24,0.0,0.0,0.0
2009-09-25,0.0,0.8,1.0
2009-09-26,6.0,5.4,7.0
2009-09-27,0.0,0.8,1.0
2009-09-28,9.0,9.8,13.6
2009-09-29,1.0,0.3,0.0
2009-09-30,6.0,2.0,2.1
2009-10-01,0.0,4.6,4.2
2009-10-02,0.0,2.8,2.0
2009-10-03,0.0,0.5,0.0
2009-10-04,0.0,0.0,0.0
2009-10-05,0.0,0.2,0.0
2009-10-06,0.0,0.7,0.0
2009-10-07,0.0,4.5,4.1
2009-10-08,0.0,0.5,0.0
2009-10-09,0.0,0.4,0.0
2009-10-10,0.0,0.1,0.0
2009-10-11,0.0,2.6,1.2
2009-10-12,0.0,1.2,0.0
2009-10-13,0.0,0.2,0.0
2009-10-14,0.0,2.8,1.5
2009-10-15,0.0,0.0,0.0
2009-10-16,9.0,2.2,1.0
2009-10-17,0.0,0.1,0.0
2009-10-18,0.0,2.8,1.4
2009-10-19,0.0,2.6,1.2
2009-10-20,7.0,13.4,13.2
2009-10-21,0.0,0.3,0.0
2009-10-22,0.0,16.1,20.7
2009-10-23,3.0,0.1,0.0
2009-10-24,11.0,5.6,5.2
2009-10-25,1.0,9.3,10.5
2009-10-26,0.0,1.7,1.0
2009-10-27,8.0,8.2,9.0
2009-10-29,0.0,3.6,2.6
2009-10-30,4.0,3.8,2.9
2009-10-31,0.0,0.2,0.0
2009-11-01,13.0,6.0,5.5
2009-11-02,0.0,0.6,0.0
2009-11-03,0.0,0.0,0.0
2009-11-04,67.0,51.7,76.5
2009-11-05,21.0,12.4,13.5
2009-11-07,0.0,1.6,1.0
2009-11-08,2.0,20.3,23.0
2009-11-09,0.0,1.6,1.0
2009-11-10,3.0,0.3,0.0
2009-11-11,1.0,2.6,2.3
2009-11-12,5.0,1.9,1.5
2009-11-13,1.0,5.6,5.7
2009-11-14,8.0,6.5,6.7
2009-11-16,0.0,3.1,2.9
2009-11-17,2.0,25.9,33.6
2009-11-18,55.0,17.0,18.3
2009-11-19,13.0,4.3,4.2
2009-11-20,56.0,52.2,60.0
2009-11-21,22.0,10.9,9.4
2009-11-22,1.0,2.2,1.0
2009-11-23,36.0,30.5,30.9
2009-11-24,7.0,7.3,5.8
2009-11-25,5.0,1.2,1.0
2009-11-28,0.0,0.8,0.0
2009-11-29,0.0,0.4,0.0
2009-11-30,0.0,0.7,0.0
2009-12-02,5.0,30.4,26.3
2009-12-03,2.0,4.9,4.2
2009-12-04,12.0,11.1,10.1
2009-12-05,72.0,13.0,11.9
2009-12-06,5.0,5.1,4.3
2009-12-07,10.0,2.0,1.5
2009-12-08,1.0,0.7,0.0
2009-12-09,0.0,0.0,0.0
2009-12-10,8.0,0.3,0.0
2009-12-11,0.0,0.0,0.0
2009-12-12,1.0,0.4,0.0
2009-12-13,11.0,2.6,3.4
2009-12-14,0.0,0.1,0.0
2009-12-15,0.0,0.2,0.0
2009-12-16,0.0,2.1,2.8
2009-12-17,0.0,0.8,0.0
2009-12-19,82.0,47.4,62.1
2009-12-21,0.0,0.1,0.0
2009-12-22,0.0,0.0,0.0
2009-12-23,0.0,1.3,1.6
2009-12-24,1.0,3.2,3.8
2009-12-25,0.0,1.8,2.2
2009-12-26,6.0,12.0,20.0
2009-12-28,39.0,10.9,15.3
2009-12-30,0.0,1.6,2.0
2009-12-31,0.0,0.1,0.0
2010-01-01,0.0,1.9,3.4
2010-01-02,3.0,18.7,19.7
2010-01-03,1.0,9.1,10.2
2010-01-06,11.0,11.2,12.2
2010-01-07,10.0,4.4,5.8
2010-01-08,0.0,2.5,4.0
2010-01-09,0.0,0.0,0.0
2010-01-10,0.0,6.4,7.7
2010-01-11,0.0,1.9,4.4
2010-01-12,3.0,0.0,0.0
2010-01-13,0.0,0.6,0.0
2010-01-14,0.0,0.2,0.0
2010-01-16,0.0,0.0,0.0
2010-01-17,0.0,0.2,0.0
2010-01-19,0.0,2.4,5.0
2010-01-20,0.0,0.1,0.0
2010-01-21,0.0,0.1,0.0
2010-01-22,0.0,1.2,3.1
2010-01-23,122.0,29.3,21.5
2010-01-25,0.0,0.0,0.0
2010-01-26,0.0,0.0,0.0
2010-01-27,0.0,0.0,0.0
2010-01-29,0.0,0.0,0.0
2010-01-30,0.0,0.0,0.0
2010-01-31,0.0,0.0,0.0
2010-02-01,0.0,0.3,0.0
2010-02-02,0.0,0.0,0.0
2010-02-03,0.0,0.0,0.0
2010-02-04,0.0,0.0,0.0
2010-02-05,0.0,0.0,0.0
2010-02-06,0.0,0.0,0.0
2010-02-07,0.0,0.0,0.0
2010-02-08,0.0,0.1,0.0
2010-02-09,41.0,16.7,19.4
2010-02-11,0.0,0.1,0.0
2010-02-12,0.0,0.1,0.0
2010-02-14,0.0,0.0,0.0
2010-02-15,0.0,0.0,0.0
2010-02-16,0.0,0.0,0.0
2010-02-17,0.0,0.1,0.0
2010-02-18,0.0,0.0,0.0
2010-02-20,0.0,0.2,0.0
2010-02-21,0.0,4.4,4.9
2010-02-22,0.0,1.9,2.3
2010-02-23,28.0,17.9,22.0
2010-02-24,0.0,2.5,3.0
2010-02-25,4.0,3.3,3.7
2010-02-27,20.0,0.9,0.0
2010-02-28,21.0,4.1,4.6
2010-03-01,3.0,17.9,15.6
2010-03-02,0.0,0.2,0.0
2010-03-03,3.0,38.7,41.1
2010-03-04,0.0,0.0,0.0
2010-03-05,7.0,12.9,12.9
2010-03-06,0.0,0.0,0.0
2010-03-07,0.0,0.0,0.0
2010-03-08,0.0,0.2,0.0
2010-03-09,2.0,0.4,0.0
2010-03-10,4.0,1.8,2.0
2010-03-11,0.0,0.0,0.0
2010-03-12,1.0,3.3,3.3
2010-03-13,31.0,1.8,1.6
2010-03-14,0.0,1.1,1.0
2010-03-15,1.0,2.3,2.1
2010-03-16,0.0,0.0,0.0
2010-03-17,0.0,0.0,0.0
2010-03-18,0.0,0.0,0.0
2010-03-19,0.0,0.1,0.0
2010-03-20,0.0,14.9,17.0
2010-03-21,0.0,0.0,0.0
2010-03-23,10.0,10.5,7.8
2010-03-24,4.0,6.8,4.6
2010-03-25,3.0,2.9,1.3
2010-03-26,0.0,0.0,0.0
2010-03-27,12.0,1.9,1.0
2010-03-28,14.0,1.4,1.0
2010-03-29,0.0,0.9,0.0
2010-03-30,10.0,3.8,2.1
2010-03-31,0.0,0.1,0.0
2010-04-01,3.0,25.2,21.8
2010-04-02,17.0,2.1,1.8
2010-04-04,12.0,57.2,42.9
2010-04-05,1.0,8.5,7.3
2010-04-06,2.0,3.4,2.9
2010-04-07,0.0,0.5,0.0
2010-04-08,14.0,18.4,13.1
2010-04-09,44.0,4.3,3.6
2010-04-10,0.0,2.0,1.6
2010-04-11,0.0,0.0,0.0
2010-04-12,0.0,0.0,0.0
2010-04-13,0.0,1.1,0.0
2010-04-14,0.0,0.0,0.0
2010-04-15,0.0,3.7,2.7
2010-04-16,0.0,0.0,0.0
2010-04-17,3.0,7.6,7.6
2010-04-18,7.0,0.8,0.0
2010-04-19,0.0,0.1,0.0
2010-04-20,0.0,0.3,0.0
2010-04-21,0.0,1.0,0.0
2010-04-22,0.0,0.2,0.0
2010-04-23,20.0,1.3,0.0
2010-04-24,0.0,1.8,0.0
2010-04-25,0.0,1.0,0.0
2010-04-26,9.0,37.3,45.4
2010-04-27,58.0,18.2,17.7
2010-04-28,19.0,5.6,3.7
2010-04-29,2.0,3.2,1.1
2010-04-30,9.0,27.0,30.9
2010-05-01,5.0,2.9,1.0
2010-05-02,0.0,0.0,0.0
2010-05-03,0.0,0.6,0.0
2010-05-04,16.0,0.6,0.0
2010-05-05,0.0,0.1,0.0
2010-05-07,0.0,0.2,0.0
2010-05-08,0.0,8.1,6.0
2010-05-09,4.0,4.8,2.5
2010-05-10,0.0,0.4,0.0
2010-05-11,0.0,0.0,0.0
2010-05-12,0.0,2.0,1.0
2010-05-13,0.0,1.0,0.0
2010-05-14,11.0,33.9,39.2
2010-05-15,2.0,4.4,2.2
2010-05-16,0.0,3.4,1.3
2010-05-17,5.0,1.1,0.0
2010-05-18,0.0,0.1,0.0
2010-05-19,0.0,0.1,0.0
2010-05-20,0.0,2.4,1.0
2010-05-21,3.0,7.6,10.9
2010-05-22,0.0,1.2,0.0
2010-05-23,0.0,0.0,0.0
2010-05-24,0.0,0.4,0.0
2010-05-25,0.0,2.8,1.0
2010-05-26,0.0,0.3,0.0
2010-05-27,0.0,0.4,0.0
2010-05-28,0.0,2.0,0.0
2010-05-29,0.0,0.2,0.0
2010-05-30,14.0,0.2,0.0
2010-05-31,0.0,1.0,0.0
2010-06-01,0.0,6.1,6.4
2010-06-02,0.0,0.0,0.0
2010-06-04,3.0,11.4,23.0
2010-06-05,68.0,8.0,9.1
2010-06-06,31.0,7.6,8.2
2010-06-07,1.0,1.8,0.0
2010-06-08,2.0,2.9,1.0
2010-06-09,0.0,4.0,2.0
2010-06-10,0.0,0.1,0.0
2010-06-11,0.0,0.3,0.0
2010-06-12,0.0,0.1,0.0
2010-06-13,0.0,0.3,0.0
2010-06-14,31.0,12.9,23.3
2010-06-15,0.0,1.9,1.0
2010-06-16,3.0,0.4,0.0
2010-06-18,0.0,2.3,1.1
2010-06-19,0.0,0.3,0.0
2010-06-20,0.0,0.0,0.0
2010-06-21,1.0,2.5,1.7
2010-06-22,30.0,6.1,12.5
2010-06-23,0.0,0.8,0.0
2010-06-24,0.0,2.7,2.0
2010-06-25,0.0,0.6,0.0
2010-06-26,0.0,1.0,0.0
2010-06-28,3.0,4.1,6.2
2010-06-29,14.0,2.0,1.0
2010-07-03,0.0,0.3,0.0
2010-07-04,0.0,0.0,0.0
2010-07-05,0.0,2.0,1.0
2010-07-07,0.0,0.5,0.0
2010-07-08,0.0,0.4,0.0
2010-07-09,11.0,8.1,12.3
2010-07-10,0.0,1.8,1.0
2010-07-13,13.0,3.8,7.9
2010-07-14,12.0,2.8,1.4
2010-07-15,7.0,2.0,0.0
2010-07-17,1.0,1.8,0.0
2010-07-19,2.0,0.2,0.0
2010-07-20,0.0,0.0,0.0
2010-07-21,0.0,0.4,0.0
2010-07-22,0.0,0.1,0.0
2010-07-23,0.0,0.7,0.0
2010-07-24,1.0,0.5,0.0
2010-07-25,16.0,6.8,10.0
2010-07-27,20.0,7.0,8.8
2010-07-28,7.0,0.3,0.0
2010-07-29,0.0,2.0,0.0
2010-07-31,0.0,0.1,0.0
2010-08-01,4.0,4.1,6.0
2010-08-02,1.0,0.4,0.0
2010-08-03,2.0,0.2,0.0
2010-08-04,0.0,0.2,0.0
2010-08-05,0.0,0.0,0.0
2010-08-06,0.0,1.6,0.0
2010-08-07,0.0,0.4,0.0
2010-08-08,0.0,0.0,0.0
2010-08-09,5.0,1.4,0.0
2010-08-10,0.0,0.5,0.0
2010-08-11,1.0,1.7,0.0
2010-08-12,5.0,7.6,11.0
2010-08-13,0.0,5.8,7.1
2010-08-14,0.0,1.8,0.0
2010-08-15,0.0,1.9,1.0
2010-08-17,0.0,0.9,0.0
2010-08-18,0.0,2.1,1.0
2010-08-19,29.0,16.5,47.1
2010-08-21,4.0,10.3,11.9
2010-08-22,0.0,0.6,0.0
2010-08-23,0.0,1.6,0.0
2010-08-24,0.0,0.3,0.0
2010-08-26,0.0,0.0,0.0
2010-08-27,0.0,0.0,0.0
2010-08-28,0.0,0.2,0.0
2010-08-29,0.0,0.5,0.0
2010-08-30,0.0,0.1,0.0
2010-08-31,22.0,0.9,0.0
2010-09-01,0.0,0.0,0.0
2010-09-02,7.0,4.8,2.6
2010-09-04,0.0,0.7,0.0
2010-09-05,0.0,0.5,0.0
2010-09-06,0.0,0.2,0.0
2010-09-07,0.0,0.5,0.0
2010-09-10,0.0,0.0,0.0
2010-09-11,0.0,7.7,8.4
2010-09-12,0.0,0.2,0.0
2010-09-14,0.0,2.0,0.0
2010-09-15,0.0,2.6,1.0
2010-09-16,0.0,0.0,0.0
2010-09-17,0.0,0.0,0.0
2010-09-18,0.0,1.1,0.0
2010-09-19,9.0,8.9,10.8
2010-09-20,9.0,6.9,8.6
2010-09-21,0.0,1.4,1.1
2010-09-22,0.0,1.9,1.9
2010-09-23,4.0,1.1,1.0
2010-09-24,13.0,13.6,17.1
2010-09-25,19.0,0.5,0.0
2010-09-26,9.0,0.2,0.0
2010-09-27,2.0,17.4,27.2
2010-09-28,1.0,59.2,92.6
2010-09-29,2.0,14.5,20.1
2010-09-30,0.0,0.9,1.0
2010-10-01,0.0,0.4,0.0
2010-10-02,0.0,3.3,2.6
2010-10-03,6.0,13.2,20.9
2010-10-04,11.0,19.7,23.7
2010-10-05,63.0,24.7,33.3
2010-10-06,0.0,0.6,0.0
2010-10-07,0.0,0.1,0.0
2010-10-08,0.0,0.6,0.0
2010-10-09,0.0,0.0,0.0
2010-10-10,0.0,0.8,0.0
2010-10-11,0.0,1.3,0.0
2010-10-12,0.0,3.9,2.7
2010-10-13,3.0,3.9,2.7
2010-10-14,4.0,1.0,0.0
2010-10-15,0.0,0.7,0.0
2010-10-16,0.0,0.5,0.0
2010-10-17,0.0,0.6,0.0
2010-10-18,0.0,0.2,0.0
2010-10-19,0.0,0.0,0.0
2010-10-20,0.0,0.0,0.0
2010-10-21,0.0,0.5,0.0
2010-10-22,0.0,0.3,0.0
2010-10-23,0.0,0.0,0.0
2010-10-24,0.0,1.2,1.0
2010-10-25,0.0,0.2,0.0
2010-10-26,0.0,4.6,4.0
2010-10-27,9.0,11.3,11.6
2010-10-28,6.0,1.8,1.0
2010-10-29,12.0,35.1,66.1
2010-10-30,0.0,3.4,2.5
2010-10-31,1.0,4.9,4.4
2010-11-01,38.0,23.9,31.0
2010-11-02,39.0,18.0,21.7
2010-11-03,2.0,4.1,3.4
2010-11-04,1.0,9.3,9.7
2010-11-05,5.0,2.0,1.1
2010-11-06,0.0,2.4,1.5
2010-11-07,0.0,3.7,2.9
2010-11-08,1.0,3.7,2.9
2010-11-09,17.0,7.7,7.7
2010-11-10,20.0,10.8,11.5
2010-11-11,27.0,13.2,15.6
2010-11-12,12.0,15.7,17.0
2010-11-13,0.0,1.5,1.0
2010-11-14,1.0,10.8,11.4
2010-11-15,3.0,0.1,0.0
2010-11-17,94.0,18.5,21.6
2010-11-19,13.0,5.1,5.1
2010-11-20,12.0,31.5,39.0
2010-11-21,56.0,52.3,53.0
2010-11-22,10.0,4.8,3.3
2010-11-23,67.0,23.3,25.4
2010-11-24,1.0,6.8,5.2
2010-11-25,2.0,9.3,7.7
2010-11-26,0.0,0.3,0.0
2010-11-27,0.0,2.9,1.5
2010-11-28,0.0,14.9,13.4
2010-11-29,40.0,13.4,11.9
2010-12-01,10.0,80.6,110.0
2010-12-02,1.0,17.6,15.4
2010-12-03,9.0,11.0,10.0
2010-12-04,1.0,3.2,2.6
2010-12-05,30.0,20.7,15.4
2010-12-06,0.0,7.3,6.4
2010-12-07,0.0,5.7,4.8
2010-12-08,41.0,37.2,34.1
2010-12-09,1.0,2.1,1.5
2010-12-10,32.0,3.5,2.8
2010-12-11,13.0,5.7,7.2
2010-12-13,0.0,2.4,3.1
2010-12-14,0.0,0.1,0.0
2010-12-15,0.0,4.1,5.2
2010-12-16,1.0,0.1,0.0
2010-12-17,8.0,18.9,21.7
2010-12-18,0.0,16.4,18.0
2010-12-19,115.0,52.3,70.9
2010-12-20,15.0,30.0,35.1
2010-12-21,0.0,10.4,12.6
2010-12-22,1.0,9.2,11.2
2010-12-23,0.0,3.5,4.3
2010-12-24,48.0,8.1,9.7
2010-12-25,0.0,0.0,0.0
2010-12-26,0.0,1.6,2.0
2010-12-27,0.0,0.5,0.0
2010-12-28,0.0,0.4,0.0
2010-12-30,0.0,1.4,1.7
2010-12-31,7.0,13.0,13.9
2011-01-01,22.0,4.7,6.1
2011-01-02,5.0,2.2,3.7
2011-01-03,5.0,9.0,10.1
2011-01-04,16.0,31.0,27.8
2011-01-05,0.0,2.2,3.7
2011-01-06,17.0,27.8,27.0
2011-01-08,2.0,2.8,4.3
2011-01-09,0.0,1.7,3.1
2011-01-10,14.0,10.5,11.5
2011-01-11,0.0,0.2,0.0
2011-01-12,0.0,0.2,0.0
2011-01-13,0.0,0.6,0.0
2011-01-14,0.0,0.0,0.0
2011-01-15,0.0,0.1,0.0
2011-01-17,0.0,0.0,0.0
2011-01-18,0.0,0.0,0.0
2011-01-19,0.0,0.0,0.0
2011-01-20,0.0,0.0,0.0
2011-01-21,0.0,0.0,0.0
2011-01-22,0.0,0.0,0.0
2011-01-23,0.0,2.6,4.2
2011-01-25,4.0,2.7,4.3
2011-01-26,0.0,8.0,8.6
2011-01-27,47.0,47.8,40.7
2011-01-28,7.0,17.7,18.1
2011-01-29,14.0,5.1,6.3
2011-01-30,0.0,1.4,3.2
2011-01-31,0.0,0.7,0.0
2011-02-01,8.0,16.9,20.7
2011-02-02,20.0,5.6,9.4
2011-02-03,0.0,0.1,0.0
2011-02-04,6.0,0.1,0.0
2011-02-05,0.0,0.0,0.0
2011-02-06,0.0,0.0,0.0
2011-02-07,0.0,0.0,0.0
2011-02-08,0.0,0.0,0.0
2011-02-09,0.0,0.1,0.0
2011-02-10,0.0,0.9,1.2
2011-02-11,11.0,0.2,0.0
2011-02-12,2.0,1.6,3.5
2011-02-13,4.0,11.8,12.2
2011-02-14,1.0,4.7,6.6
2011-02-15,12.0,0.6,0.0
2011-02-16,0.0,2.6,4.7
2011-02-18,13.0,0.0,0.0
2011-02-19,0.0,0.2,0.0
2011-02-20,0.0,0.0,0.0
2011-02-21,0.0,0.2,0.0
2011-02-22,0.0,0.0,0.0
2011-02-23,0.0,4.9,5.4
2011-02-24,2.0,1.6,2.0
2011-02-26,0.0,1.3,1.7
2011-02-27,0.0,0.1,0.0
2011-02-28,4.0,0.2,0.0
2011-03-01,0.0,0.0,0.0
2011-03-02,0.0,0.0,0.0
2011-03-03,0.0,0.5,0.0
2011-03-04,0.0,0.1,0.0
2011-03-05,0.0,0.9,0.0
2011-03-09,45.0,53.9,65.9
2011-03-10,101.0,26.3,25.8
2011-03-11,15.0,65.2,44.3
2011-03-12,6.0,9.4,9.3
2011-03-13,0.0,0.5,0.0
2011-03-14,0.0,9.1,9.9
2011-03-15,1.0,3.6,3.7
2011-03-17,26.0,0.3,0.0
2011-03-18,0.0,0.0,0.0
2011-03-19,0.0,0.0,0.0
2011-03-20,0.0,1.7,1.5
2011-03-21,0.0,7.5,5.2
2011-03-22,0.0,12.6,9.5
2011-03-23,1.0,41.1,38.0
2011-03-24,2.0,12.6,10.4
2011-03-25,5.0,5.3,3.3
2011-03-26,34.0,27.7,29.1
2011-03-27,28.0,10.4,7.8
2011-03-28,1.0,10.7,8.0
2011-03-29,5.0,28.2,27.5
2011-03-30,0.0,0.1,0.0
2011-03-31,0.0,7.3,5.0
2011-04-01,0.0,5.1,4.4
2011-04-02,0.0,0.1,0.0
2011-04-03,0.0,0.0,0.0
2011-04-04,0.0,0.0,0.0
2011-04-05,0.0,0.5,0.0
2011-04-06,0.0,2.4,2.0
2011-04-07,2.0,7.2,6.1
2011-04-09,0.0,0.0,0.0
2011-04-10,0.0,0.9,0.0
2011-04-11,19.0,0.5,0.0
2011-04-12,20.0,0.1,0.0
2011-04-13,50.0,5.8,4.6
2011-04-14,5.0,11.7,8.9
2011-04-15,0.0,1.7,1.0
2011-04-16,0.0,2.8,1.8
2011-04-17,14.0,1.6,1.0
2011-04-18,0.0,2.1,1.2
2011-04-19,1.0,0.3,0.0
2011-04-20,10.0,0.2,0.0
2011-04-21,0.0,0.0,0.0
2011-04-22,0.0,0.1,0.0
2011-04-23,0.0,1.3,0.0
2011-04-24,1.0,1.2,0.0
2011-04-25,4.0,9.3,7.8
2011-04-27,0.0,5.1,3.2
2011-04-28,17.0,0.3,0.0
2011-04-29,0.0,12.1,10.5
2011-04-30,0.0,4.7,2.8
2011-05-01,0.0,0.9,0.0
2011-05-02,0.0,0.0,0.0
2011-05-03,0.0,0.0,0.0
2011-05-05,4.0,3.8,1.6
2011-05-06,2.0,1.7,0.0
2011-05-07,2.0,7.5,5.4
2011-05-08,2.0,1.7,0.0
2011-05-09,13.0,2.6,1.0
2011-05-10,8.0,5.1,2.9
2011-05-11,0.0,0.0,0.0
2011-05-12,0.0,0.5,0.0
2011-05-13,0.0,0.0,0.0
2011-05-14,0.0,0.0,0.0
2011-05-15,0.0,1.1,0.0
2011-05-16,0.0,1.3,0.0
2011-05-17,0.0,10.5,8.1
2011-05-18,0.0,2.3,1.0
2011-05-19,6.0,1.4,0.0
2011-05-20,0.0,1.1,0.0
2011-05-21,0.0,0.0,0.0
2011-05-22,0.0,0.2,0.0
2011-05-23,0.0,0.0,0.0
2011-05-24,0.0,0.8,0.0
2011-05-25,0.0,1.0,0.0
2011-05-26,0.0,0.6,0.0
2011-05-27,0.0,0.2,0.0
2011-05-28,1.0,0.8,0.0
2011-05-29,19.0,17.1,36.0
2011-05-30,3.0,6.6,10.7
2011-05-31,0.0,8.1,10.9
2011-06-01,2.0,2.5,0.0
2011-06-02,10.0,0.6,0.0
2011-06-03,0.0,0.1,0.0
2011-06-04,0.0,0.0,0.0
2011-06-05,0.0,0.6,0.0
2011-06-06,0.0,1.0,0.0
2011-06-07,0.0,0.0,0.0
2011-06-08,0.0,0.6,0.0
2011-06-09,0.0,0.7,0.0
2011-06-10,0.0,1.7,0.0
2011-06-11,0.0,0.3,0.0
2011-06-12,0.0,0.0,0.0
2011-06-13,0.0,0.0,0.0
2011-06-14,0.0,0.0,0.0
2011-06-15,6.0,5.4,5.9
2011-06-16,0.0,0.3,0.0
2011-06-17,0.0,0.0,0.0
2011-06-18,0.0,0.4,0.0
2011-06-19,0.0,0.3,0.0
2011-06-20,0.0,0.4,0.0
2011-06-21,0.0,0.2,0.0
2011-06-23,0.0,0.6,0.0
2011-06-24,2.0,0.0,0.0
2011-06-25,0.0,0.7,0.0
2011-06-26,0.0,8.8,17.5
2011-06-27,0.0,2.2,1.0
2011-06-28,0.0,4.3,5.9
2011-06-29,0.0,1.7,0.0
2011-06-30,0.0,22.0,62.3
2011-07-02,0.0,0.5,0.0
2011-07-03,0.0,3.8,3.9
2011-07-04,0.0,0.2,0.0
2011-07-05,0.0,0.0,0.0
2011-07-06,0.0,0.0,0.0
2011-07-07,0.0,0.0,0.0
2011-07-08,0.0,0.0,0.0
2011-07-09,0.0,0.0,0.0
2011-07-10,2.0,0.3,0.0
2011-07-11,32.0,25.3,60.8
2011-07-12,8.0,5.2,5.9
2011-07-13,2.0,0.6,0.0
2011-07-14,9.0,6.7,9.7
2011-07-15,0.0,0.6,0.0
2011-07-16,0.0,4.7,4.1
2011-07-17,0.0,0.0,0.0
2011-07-18,0.0,0.0,0.0
2011-07-19,0.0,0.1,0.0
2011-07-20,0.0,0.3,0.0
2011-07-21,0.0,0.0,0.0
2011-07-22,0.0,0.8,0.0
2011-07-23,0.0,0.3,0.0
2011-07-24,2.0,4.7,3.2
2011-07-25,0.0,0.7,0.0
2011-07-26,0.0,0.3,0.0
2011-07-27,1.0,3.5,1.0
2011-07-28,0.0,1.9,0.0
2011-07-29,0.0,0.1,0.0
2011-07-30,0.0,0.4,0.0
2011-07-31,0.0,4.2,2.1
2011-08-01,0.0,1.1,0.0
2011-08-02,0.0,0.0,0.0
2011-08-03,0.0,0.0,0.0
2011-08-04,0.0,0.2,0.0
2011-08-05,0.0,0.0,0.0
2011-08-06,0.0,0.0,0.0
2011-08-07,0.0,0.0,0.0
2011-08-08,0.0,0.5,0.0
2011-08-10,0.0,0.7,0.0
2011-08-11,0.0,1.3,0.0
2011-08-12,0.0,1.4,0.0
2011-08-13,33.0,1.4,0.0
2011-08-14,0.0,0.3,0.0
2011-08-15,9.0,3.4,5.2
2011-08-16,0.0,4.3,5.4
2011-08-17,0.0,1.7,0.0
2011-08-19,6.0,0.5,0.0
2011-08-20,0.0,1.1,0.0
2011-08-21,0.0,0.9,0.0
2011-08-22,0.0,0.5,0.0
2011-08-24,6.0,31.5,72.3
2011-08-25,0.0,0.8,0.0
2011-08-26,0.0,1.8,0.0
2011-08-27,5.0,2.6,1.0
2011-08-28,5.0,5.9,5.6
2011-08-29,4.0,3.6,2.0
2011-08-30,0.0,0.6,0.0
2011-08-31,0.0,0.4,0.0
2011-09-01,0.0,0.1,0.0
2011-09-02,0.0,3.8,1.5
2011-09-03,0.0,10.3,7.8
2011-09-04,1.0,3.4,1.0
2011-09-05,0.0,0.0,0.0
2011-09-08,0.0,0.1,0.0
2011-09-10,52.0,33.2,58.1
2011-09-11,46.0,26.1,42.0
2011-09-12,0.0,1.9,0.0
2011-09-13,0.0,0.5,0.0
2011-09-14,1.0,10.1,19.6
2011-09-16,0.0,1.7,0.0
2011-09-17,0.0,0.0,0.0
2011-09-18,0.0,0.0,0.0
2011-09-19,0.0,0.7,0.0
2011-09-20,0.0,3.1,1.6
2011-09-21,13.0,0.8,1.0
2011-09-22,0.0,0.1,0.0
2011-09-23,0.0,0.3,0.0
2011-09-24,0.0,0.5,0.0
2011-09-25,0.0,3.2,3.8
2011-09-26,0.0,0.2,0.0
2011-09-27,11.0,2.5,2.8
2011-09-28,7.0,15.2,20.8
2011-09-29,5.0,2.4,2.7
2011-09-30,2.0,0.6,0.0
2011-10-01,0.0,0.1,0.0
2011-10-02,0.0,0.8,0.0
2011-10-03,0.0,0.3,0.0
2011-10-04,6.0,12.9,19.9
2011-10-05,1.0,7.9,8.6
2011-10-06,0.0,0.0,0.0
2011-10-07,0.0,0.3,0.0
2011-10-08,0.0,3.7,3.1
2011-10-12,0.0,0.9,0.0
2011-10-13,0.0,3.2,1.9
2011-10-14,0.0,0.4,0.0
2011-10-15,0.0,0.3,0.0
2011-10-16,0.0,0.0,0.0
2011-10-17,0.0,7.8,7.3
2011-10-18,1.0,9.3,9.1
2011-10-19,8.0,22.6,26.3
2011-10-20,0.0,4.8,3.7
2011-10-21,0.0,1.6,1.0
2011-10-24,1.0,1.9,1.0
2011-10-25,1.0,13.7,18.3
2011-10-26,20.0,11.1,16.1
2011-10-27,0.0,1.7,1.0
2011-10-28,1.0,14.0,17.2
2011-10-30,3.0,6.5,6.5
2011-10-31,2.0,19.1,25.8
2011-11-01,0.0,1.2,1.0
2011-11-02,0.0,0.2,0.0
2011-11-03,0.0,1.6,1.0
2011-11-04,0.0,3.2,2.3
2011-11-05,20.0,8.6,8.8
2011-11-06,0.0,1.7,1.0
2011-11-07,0.0,0.1,0.0
2011-11-08,0.0,1.5,1.0
2011-11-09,0.0,0.5,0.0
2011-11-11,7.0,5.7,5.8
2011-11-12,0.0,0.2,0.0
2011-11-13,0.0,0.3,0.0
2011-11-14,1.0,0.6,0.0
2011-11-15,0.0,0.0,0.0
2011-11-16,29.0,0.6,0.0
2011-11-17,0.0,0.3,0.0
2011-11-19,0.0,1.7,1.2
2011-11-20,0.0,2.3,2.0
2011-11-21,1.0,7.7,6.2
2011-11-22,8.0,10.0,8.4
2011-11-23,0.0,2.8,1.5
2011-11-24,1.0,6.6,5.1
2011-11-25,0.0,17.5,16.1
2011-11-27,10.0,48.6,50.1
2011-11-28,0.0,0.2,0.0
2011-11-29,0.0,1.6,1.0
2011-11-30,89.0,21.8,21.6
2011-12-01,1.0,7.4,6.5
2011-12-03,0.0,0.1,0.0
2011-12-04,0.0,0.7,0.0
2011-12-05,0.0,3.6,2.9
2011-12-06,0.0,8.2,7.3
2011-12-07,12.0,1.1,1.0
2011-12-08,9.0,7.7,6.7
2011-12-09,0.0,0.5,0.0
2011-12-10,2.0,9.4,8.4
2011-12-11,9.0,35.6,46.0
2011-12-12,16.0,57.9,82.8
2011-12-14,4.0,4.7,6.0
2011-12-15,0.0,0.6,0.0
2011-12-17,8.0,21.0,26.7
2011-12-18,8.0,8.6,10.6
2011-12-19,0.0,2.3,3.0
2011-12-20,2.0,3.3,4.3
2011-12-21,0.0,1.8,2.2
2011-12-22,31.0,24.3,31.4
2011-12-23,19.0,29.2,41.9
2011-12-24,4.0,38.5,52.8
2011-12-25,0.0,4.7,5.7
2011-12-26,1.0,0.8,0.0
2011-12-27,0.0,3.7,4.5
2011-12-28,0.0,0.0,0.0
2011-12-29,0.0,0.0,0.0
2011-12-31,0.0,1.6,1.9
2012-01-01,0.0,4.7,6.1
2012-01-02,5.0,0.1,0.0
2012-01-03,0.0,0.2,0.0
2012-01-04,9.0,18.8,17.0
2012-01-05,53.0,56.2,55.0
2012-01-06,0.0,4.2,5.6
2012-01-07,0.0,0.0,0.0
2012-01-09,1.0,0.6,0.0
2012-01-10,4.0,5.8,7.2
2012-01-11,0.0,6.5,9.8
2012-01-12,2.0,7.1,11.3
2012-01-14,17.0,11.5,15.9
2012-01-15,0.0,2.3,4.9
2012-01-16,1.0,2.1,4.6
2012-01-17,0.0,5.5,8.6
2012-01-18,0.0,25.5,25.8
2012-01-19,1.0,36.6,43.0
2012-01-20,0.0,0.8,2.9
2012-01-21,0.0,0.6,0.0
2012-01-22,0.0,0.1,0.0
2012-01-23,0.0,0.0,0.0
2012-01-24,0.0,8.4,8.9
2012-01-25,0.0,1.8,3.6
2012-01-26,0.0,0.2,0.0
2012-01-27,0.0,1.0,0.0
2012-01-28,0.0,0.0,0.0
2012-01-29,0.0,1.9,3.7
2012-01-31,0.0,0.8,0.0
2012-02-01,5.0,16.7,20.3
2012-02-02,1.0,12.9,15.4
2012-02-03,0.0,3.2,4.4
2012-02-04,0.0,2.3,3.3
2012-02-05,25.0,6.0,8.8
2012-02-06,0.0,0.0,0.0
2012-02-07,0.0,0.0,0.0
2012-02-08,0.0,0.0,0.0
2012-02-09,0.0,0.0,0.0
2012-02-10,5.0,0.0,0.0
2012-02-11,2.0,0.2,0.0
2012-02-12,3.0,12.6,12.7
2012-02-13,20.0,0.4,0.0
2012-02-14,0.0,0.1,0.0
2012-02-15,0.0,1.0,3.0
2012-02-16,0.0,0.8,0.0
2012-02-17,0.0,3.5,6.0
2012-02-18,0.0,11.2,11.9
2012-02-20,0.0,1.4,3.3
2012-02-21,7.0,11.3,10.2
2012-02-22,2.0,7.0,8.4
2012-02-23,3.0,4.3,4.8
2012-02-24,3.0,48.3,45.9
2012-02-26,0.0,1.2,1.6
2012-02-27,2.0,5.4,5.5
2012-02-28,2.0,9.3,12.2
2012-02-29,1.0,5.5,5.0
2012-03-01,0.0,0.9,0.0
2012-03-02,0.0,5.1,4.8
2012-03-03,2.0,22.7,21.1
2012-03-04,2.0,12.9,13.0
2012-03-05,0.0,2.3,2.4
2012-03-06,21.0,29.4,33.5
2012-03-07,0.0,3.3,3.2
2012-03-08,0.0,16.2,14.3
2012-03-09,0.0,1.3,1.5
2012-03-10,0.0,1.2,1.4
2012-03-11,8.0,7.3,7.6
2012-03-12,14.0,0.5,0.0
2012-03-13,0.0,0.9,0.0
2012-03-14,6.0,3.4,3.5
2012-03-15,0.0,0.0,0.0
2012-03-16,0.0,1.0,1.0
2012-03-17,0.0,1.1,1.0
2012-03-18,1.0,1.0,1.0
2012-03-19,0.0,0.6,0.0
2012-03-20,0.0,0.0,0.0
2012-03-21,0.0,0.0,0.0
2012-03-22,0.0,0.0,0.0
2012-03-23,0.0,0.0,0.0
2012-03-24,3.0,0.0,0.0
2012-03-26,0.0,3.6,1.9
2012-03-27,8.0,6.2,4.1
2012-03-28,36.0,4.7,2.8
2012-03-29,0.0,0.2,0.0
2012-03-30,0.0,2.2,1.0
2012-03-31,0.0,0.7,0.0
2012-04-01,0.0,0.6,0.0
2012-04-02,0.0,0.0,0.0
2012-04-03,1.0,3.5,3.0
2012-04-04,0.0,2.5,2.1
2012-04-05,4.0,7.0,6.0
2012-04-06,0.0,7.4,6.4
2012-04-07,0.0,0.8,0.0
2012-04-08,0.0,0.0,0.0
2012-04-09,0.0,8.5,7.3
2012-04-10,55.0,21.4,19.2
2012-04-11,0.0,1.8,1.0
2012-04-12,0.0,1.0,0.0
2012-04-13,1.0,2.1,1.2
2012-04-14,7.0,1.4,1.0
2012-04-15,0.0,11.3,9.5
2012-04-17,4.0,13.2,13.3
2012-04-18,2.0,14.5,15.5
2012-04-19,0.0,10.6,7.4
2012-04-20,0.0,0.0,0.0
2012-04-21,0.0,1.1,0.0
2012-04-22,0.0,0.0,0.0
2012-04-23,0.0,0.0,0.0
2012-04-24,0.0,0.0,0.0
2012-04-26,0.0,1.3,0.0
2012-04-27,0.0,0.1,0.0
2012-04-28,5.0,3.1,1.1
2012-04-30,0.0,1.1,0.0
2012-05-01,1.0,13.8,13.3
2012-05-02,0.0,4.3,2.1
2012-05-03,8.0,1.1,0.0
2012-05-04,4.0,2.5,1.0
2012-05-05,0.0,2.4,1.0
2012-05-06,2.0,6.2,4.0
2012-05-07,0.0,1.5,0.0
2012-05-08,0.0,0.1,0.0
2012-05-09,0.0,0.6,0.0
2012-05-10,0.0,1.9,0.0
2012-05-11,0.0,0.9,0.0
2012-05-12,0.0,0.7,0.0
2012-05-13,0.0,0.4,0.0
2012-05-14,0.0,0.0,0.0
2012-05-15,0.0,0.3,0.0
2012-05-16,4.0,4.4,2.2
2012-05-17,2.0,1.3,0.0
2012-05-18,0.0,0.0,0.0
2012-05-19,0.0,0.0,0.0
2012-05-20,0.0,0.0,0.0
2012-05-21,1.0,0.4,0.0
2012-05-22,21.0,6.8,12.2
2012-05-23,3.0,0.3,0.0
2012-05-24,12.0,6.6,7.0
2012-05-25,13.0,16.6,34.1
2012-05-26,4.0,4.7,3.6
2012-05-27,4.0,10.6,19.8
2012-05-28,4.0,8.5,11.2
2012-05-29,0.0,2.5,0.0
2012-05-30,16.0,5.8,5.7
2012-06-01,0.0,0.4,0.0
2012-06-02,0.0,1.5,0.0
2012-06-03,0.0,0.7,0.0
2012-06-04,0.0,0.6,0.0
2012-06-05,10.0,5.9,7.8
2012-06-06,19.0,9.4,13.8
2012-06-07,11.0,5.4,5.2
2012-06-08,1.0,2.7,0.0
2012-06-09,0.0,1.5,0.0
2012-06-10,0.0,5.4,5.4
2012-06-11,0.0,0.0,0.0
2012-06-12,0.0,0.0,0.0
2012-06-13,0.0,0.0,0.0
2012-06-14,0.0,0.0,0.0
2012-06-15,0.0,0.0,0.0
2012-06-16,0.0,0.0,0.0
2012-06-17,0.0,0.0,0.0
2012-06-18,0.0,0.0,0.0
2012-06-19,0.0,0.4,0.0
2012-06-20,0.0,0.0,0.0
2012-06-21,0.0,0.0,0.0
2012-06-22,0.0,0.0,0.0
2012-06-23,0.0,0.0,0.0
2012-06-24,0.0,0.0,0.0
2012-06-25,0.0,0.3,0.0
2012-06-26,0.0,0.4,0.0
2012-06-27,0.0,0.0,0.0
2012-06-28,0.0,0.0,0.0
2012-06-29,0.0,0.0,0.0
2012-06-30,0.0,0.9,0.0
2012-07-01,8.0,15.1,38.7
2012-07-02,0.0,6.2,8.6
2012-07-04,0.0,3.8,3.9
2012-07-05,0.0,2.3,1.1
2012-07-07,4.0,1.7,1.0
2012-07-08,6.0,2.8,2.1
2012-07-09,1.0,1.0,0.0
2012-07-10,0.0,0.7,0.0
2012-07-11,0.0,0.2,0.0
2012-07-12,0.0,0.2,0.0
2012-07-13,0.0,9.9,18.9
2012-07-14,2.0,4.0,5.3
2012-07-15,0.0,2.9,1.6
2012-07-16,1.0,0.1,0.0
2012-07-17,0.0,1.3,0.0
2012-07-18,0.0,0.9,0.0
2012-07-19,0.0,0.4,0.0
2012-07-20,0.0,0.0,0.0
2012-07-22,0.0,0.8,0.0
2012-07-23,6.0,0.8,0.0
2012-07-25,0.0,0.0,0.0
2012-07-26,0.0,0.3,0.0
2012-07-27,0.0,0.0,0.0
2012-07-28,0.0,0.0,0.0
2012-07-29,0.0,0.3,0.0
2012-07-30,0.0,0.5,0.0
2012-07-31,0.0,1.4,0.0
2012-08-01,0.0,0.0,0.0
2012-08-02,0.0,0.0,0.0
2012-08-03,0.0,0.0,0.0
2012-08-04,0.0,0.0,0.0
2012-08-05,0.0,0.0,0.0
2012-08-06,0.0,0.5,0.0
2012-08-07,0.0,0.0,0.0
2012-08-08,0.0,0.7,0.0
2012-08-09,0.0,0.4,0.0
2012-08-10,0.0,0.0,0.0
2012-08-11,0.0,0.3,0.0
2012-08-12,0.0,0.7,0.0
2012-08-13,0.0,0.0,0.0
2012-08-14,0.0,0.4,0.0
2012-08-15,7.0,0.9,0.0
2012-08-16,0.0,0.9,0.0
2012-08-17,0.0,0.6,0.0
2012-08-18,0.0,1.5,0.0
2012-08-19,0.0,0.9,0.0
2012-08-20,9.0,9.7,18.6
2012-08-21,0.0,2.2,1.0
2012-08-22,18.0,12.5,17.6
2012-08-24,0.0,0.3,0.0
2012-08-25,1.0,2.0,0.0
2012-08-27,3.0,2.9,1.0
2012-08-28,1.0,4.6,3.5
2012-08-29,0.0,0.0,0.0
2012-08-30,0.0,0.0,0.0
2012-08-31,0.0,0.0,0.0
2012-09-01,0.0,0.0,0.0
2012-09-02,0.0,2.4,0.0
2012-09-03,0.0,0.0,0.0
2012-09-04,0.0,0.1,0.0
2012-09-05,10.0,12.6,15.8
2012-09-06,0.0,1.3,0.0
2012-09-07,0.0,0.2,0.0
2012-09-08,0.0,0.0,0.0
2012-09-09,0.0,0.0,0.0
2012-09-10,0.0,0.3,0.0
2012-09-14,0.0,2.1,0.0
2012-09-15,2.0,1.8,0.0
2012-09-16,0.0,1.4,0.0
2012-09-17,0.0,0.9,0.0
2012-09-18,0.0,0.2,0.0
2012-09-19,0.0,2.1,0.0
2012-09-20,0.0,0.5,0.0
2012-09-21,0.0,0.0,0.0
2012-09-22,0.0,0.3,0.0
2012-09-23,0.0,0.0,0.0
2012-09-24,0.0,0.2,0.0
2012-09-25,48.0,19.2,32.5
2012-09-26,11.0,13.1,18.0
2012-09-27,7.0,20.5,32.0
2012-09-28,1.0,2.6,2.9
2012-09-29,0.0,2.2,2.3
2012-09-30,0.0,0.0,0.0
2012-10-01,0.0,0.2,0.0
2012-10-02,0.0,0.0,0.0
2012-10-03,0.0,0.0,0.0
2012-10-04,0.0,1.6,1.0
2012-10-05,0.0,0.0,0.0
2012-10-06,0.0,0.1,0.0
2012-10-07,0.0,3.4,2.8
2012-10-08,0.0,1.2,0.0
2012-10-09,0.0,1.1,0.0
2012-10-10,0.0,3.2,2.5
2012-10-12,0.0,5.6,4.6
2012-10-13,1.0,1.3,0.0
2012-10-14,0.0,1.7,1.0
2012-10-15,49.0,12.9,14.3
2012-10-16,10.0,49.7,66.3
2012-10-17,1.0,1.3,0.0
2012-10-18,9.0,10.4,10.5
2012-10-19,0.0,2.1,1.0
2012-10-20,1.0,16.5,19.3
2012-10-21,3.0,8.4,9.2
2012-10-24,6.0,3.9,3.0
2012-10-25,2.0,3.5,2.5
2012-10-26,2.0,8.2,8.9
2012-10-27,11.0,0.0,0.0
2012-10-28,8.0,1.0,0.0
2012-10-29,0.0,0.1,0.0
2012-10-30,15.0,13.6,18.9
2012-11-01,0.0,2.4,1.5
2012-11-02,2.0,20.8,25.0
2012-11-03,77.0,5.1,4.5
2012-11-06,31.0,2.0,1.0
2012-11-07,0.0,4.2,3.5
2012-11-08,0.0,0.5,0.0
2012-11-09,7.0,5.4,4.8
2012-11-10,0.0,7.1,6.9
2012-11-11,1.0,8.5,8.9
2012-11-12,44.0,3.3,3.1
2012-11-13,0.0,5.9,6.0
2012-11-14,3.0,0.8,0.0
2012-11-15,1.0,4.8,4.7
2012-11-16,0.0,0.2,0.0
2012-11-17,0.0,1.0,0.0
2012-11-18,0.0,0.1,0.0
2012-11-19,0.0,3.7,3.5
2012-11-21,7.0,2.0,1.0
2012-11-22,0.0,3.8,2.4
2012-11-24,0.0,6.0,4.4
2012-11-25,0.0,4.9,3.5
2012-11-26,0.0,2.7,1.4
2012-11-27,0.0,3.1,1.8
2012-11-28,0.0,1.9,1.0
2012-11-29,3.0,7.8,6.3
2012-11-30,24.0,20.2,18.9
2012-12-01,23.0,32.0,28.8
2012-12-02,0.0,2.3,1.7
2012-12-03,0.0,0.5,0.0
2012-12-04,0.0,0.3,0.0
2012-12-05,0.0,0.0,0.0
2012-12-06,2.0,2.2,1.6
2012-12-07,28.0,11.6,10.5
2012-12-08,0.0,0.0,0.0
2012-12-09,2.0,4.6,3.9
2012-12-10,1.0,16.6,13.8
2012-12-11,7.0,9.1,11.2
2012-12-12,0.0,0.4,0.0
2012-12-14,28.0,78.9,100.2
2012-12-15,1.0,4.2,5.3
2012-12-16,4.0,3.5,4.5
2012-12-17,5.0,8.2,10.2
2012-12-18,6.0,5.5,6.9
2012-12-19,14.0,12.8,15.6
2012-12-20,2.0,5.5,6.9
2012-12-22,4.0,30.8,36.8
2012-12-23,11.0,25.9,36.6
2012-12-25,11.0,8.5,10.3
2012-12-28,0.0,0.0,0.0
2012-12-31,3.0,13.7,14.3
2013-01-01,1.0,1.2,2.6
2013-01-02,97.7,99.7,75.3
2013-01-03,0.7,10.2,11.2
2013-01-04,69.9,81.8,75.8
2013-01-08,1.8,43.7,38.7
2013-01-13,33.5,3.8,6.7
2013-01-17,9.6,0.8,3.0
2013-01-19,19.2,11.9,14.6
2013-01-20,13.4,2.8,5.5
2013-01-23,3.8,2.0,3.7
2013-01-24,9.7,15.4,14.0
2013-01-25,0.7,0.9,0.0
2013-01-27,1.2,0.0,0.0
2013-01-29,2.2,15.5,14.0
2013-01-30,0.8,0.4,0.0
2013-01-31,18.1,8.1,8.7
2013-02-01,0.5,3.4,4.8
2013-02-04,4.5,2.3,3.3
2013-02-05,23.5,9.3,12.4
2013-02-06,6.0,0.7,0.0
2013-02-07,1.7,6.5,10.7
2013-02-09,1.5,24.6,32.0
2013-02-11,5.2,1.2,3.1
2013-02-13,33.6,26.5,31.1
2013-02-16,4.5,9.0,10.8
2013-02-17,14.7,29.5,32.5
2013-02-18,8.0,28.8,30.8
2013-02-24,13.2,34.7,27.9
2013-02-25,5.2,22.0,15.8
2013-02-26,3.0,27.8,22.4
2013-02-28,11.0,10.1,9.8
2013-03-01,18.0,48.6,56.6
2013-03-02,1.0,1.9,2.0
2013-03-03,1.5,1.3,1.5
2013-03-09,1.0,0.0,0.0
2013-03-18,12.0,0.0,0.0
2013-03-23,16.5,6.9,4.7
2013-03-24,9.7,1.9,1.0
2013-03-28,30.0,3.1,1.5
2013-04-01,6.5,6.4,5.5
2013-04-09,2.0,3.0,2.5
2013-04-10,15.2,23.4,21.3
2013-04-11,15.6,31.5,31.7
2013-04-12,0.3,3.9,2.9
2013-04-14,17.1,29.7,28.8
2013-04-15,1.6,14.5,12.4
2013-04-16,10.8,3.0,2.1
2013-04-24,16.1,4.9,3.0
2013-04-25,2.6,7.9,8.2
2013-04-27,16.8,3.2,1.1
2013-04-30,1.6,1.4,0.0
2013-05-01,2.7,6.0,3.8
2013-05-02,27.0,10.4,9.6
2013-05-03,6.5,11.0,11.9
2013-05-04,29.0,12.9,10.8
2013-05-05,23.5,16.4,15.4
2013-05-06,3.5,7.6,5.5
2013-05-07,5.5,3.3,1.1
2013-05-08,5.0,5.8,3.6
2013-05-10,16.7,46.3,75.8
2013-05-11,1.0,5.4,3.1
2013-05-12,1.5,4.5,2.3
2013-05-14,3.5,0.4,0.0
2013-05-15,3.0,0.0,0.0
2013-05-28,2.7,0.1,0.0
2013-06-01,65.0,9.9,16.7
2013-06-03,11.7,3.7,1.4
2013-06-09,1.5,1.1,0.0
2013-06-10,7.9,11.8,24.5
2013-06-11,12.9,12.3,22.4
2013-06-12,33.6,7.5,13.3
2013-06-13,18.2,11.1,21.2
2013-06-15,2.5,0.8,0.0
2013-06-16,2.0,3.6,3.2
2013-06-17,1.7,5.8,7.3
2013-06-18,2.2,9.6,13.6
2013-06-19,3.8,5.4,6.5
2013-06-23,4.2,1.7,0.0
2013-07-01,1.2,0.2,0.0
2013-07-02,1.5,2.3,1.2
2013-07-03,38.0,10.2,20.1
2013-07-07,13.6,6.0,8.1
2013-07-08,2.4,1.0,0.0
2013-07-09,8.0,6.7,9.7
2013-07-15,11.4,4.5,5.3
2013-07-16,6.2,8.9,14.8
2013-07-31,1.5,2.4,0.0
2013-08-01,0.2,5.1,7.3
2013-08-04,1.0,1.8,1.0
2013-08-05,1.5,1.3,0.0
2013-08-07,1.8,0.0,0.0
2013-08-08,7.4,2.2,1.0
2013-08-09,2.2,1.3,0.0
2013-08-10,12.5,2.0,1.0
2013-08-11,1.2,0.9,0.0
2013-08-12,1.6,1.5,0.0
2013-08-13,2.7,1.6,0.0
2013-08-31,8.3,11.3,16.0
2013-09-01,4.0,9.2,7.6
2013-09-02,114.0,20.1,26.6
2013-09-03,8.8,10.2,12.0
2013-09-04,2.0,6.3,4.4
2013-09-09,1.9,4.0,1.7
2013-09-10,30.0,21.3,28.8
2013-09-11,3.9,12.6,24.7
2013-10-02,2.0,5.3,5.1
2013-10-05,1.2,3.4,2.8
2013-10-06,4.3,2.2,1.2
2013-10-07,9.1,5.1,4.9
2013-10-08,4.5,16.9,19.4
2013-10-12,0.8,0.0,0.0
2013-10-17,1.3,7.3,6.6
2013-10-18,13.5,17.6,18.8
2013-10-20,16.5,6.7,5.9
2013-10-23,2.6,0.3,0.0
2013-10-27,0.8,4.2,3.4
2013-11-02,2.0,0.2,0.0
2013-11-04,3.6,8.7,8.8
2013-11-06,17.4,2.7,1.8
2013-11-07,27.0,3.4,2.5
2013-11-12,9.0,23.1,28.5
2013-11-13,4.0,1.5,1.0
2013-11-14,5.1,8.2,8.6
2013-11-15,6.0,20.1,24.5
2013-11-17,20.0,2.0,1.6
2013-11-18,2.0,4.9,4.9
2013-11-19,7.5,4.1,4.0
2013-11-20,1.0,4.0,3.9
2013-11-26,9.6,4.2,2.7
2013-11-27,2.6,9.6,8.0
2013-11-29,29.4,40.0,38.7
2013-11-30,3.6,6.9,5.4
2013-12-01,3.0,6.7,5.8
2013-12-02,5.4,9.9,8.9
2013-12-03,4.5,24.2,21.1
2013-12-04,0.4,9.8,8.8
2013-12-05,0.5,14.8,13.6
2013-12-06,10.9,26.4,23.9
2013-12-08,8.5,13.6,12.5
2013-12-09,22.6,54.4,76.6
2013-12-10,11.3,14.4,13.3
2013-12-11,22.5,21.0,23.4
2013-12-13,19.5,65.6,97.2
2013-12-20,13.5,3.2,4.1
2013-12-21,0.4,17.7,20.7
2013-12-22,13.8,9.1,11.0
2013-12-23,7.0,0.0,0.0
2013-12-27,2.8,12.0,18.2
2013-12-28,21.5,55.2,82.9
2013-12-29,18.2,9.3,17.1
2013-12-30,0.6,1.1,1.3
2013-12-31,27.9,25.0,32.2
2014-01-01,85.0,36.6,32.0
2014-01-02,18.3,28.6,26.1
2014-01-04,0.0,1.2,2.6
2014-01-05,11.0,0.0,0.0
2014-01-06,1.0,6.9,8.2
2014-01-07,0.0,0.0,0.0
2014-01-09,0.0,0.9,0.0
2014-01-10,4.9,3.2,4.7
2014-01-11,1.6,0.0,0.0
2014-01-12,0.0,0.0,0.0
2014-01-13,0.0,0.1,0.0
2014-01-14,0.0,0.0,0.0
2014-01-15,0.0,0.0,0.0
2014-01-16,0.0,0.0,0.0
2014-01-17,8.2,0.0,0.0
2014-01-18,0.0,0.0,0.0
2014-01-20,0.0,0.0,0.0
2014-01-21,0.0,0.0,0.0
2014-01-22,0.0,0.0,0.0
2014-01-23,0.0,0.0,0.0
2014-01-24,0.0,0.0,0.0
2014-01-25,0.0,0.0,0.0
2014-01-26,12.5,2.6,4.3
2014-01-28,0.0,0.0,0.0
2014-01-29,0.0,0.0,0.0
2014-01-30,0.0,0.0,0.0
2014-01-31,0.0,0.0,0.0
2014-02-01,0.0,0.0,0.0
2014-02-02,0.0,0.0,0.0
2014-02-03,0.0,0.0,0.0
2014-02-04,0.0,0.0,0.0
2014-02-05,0.0,0.0,0.0
2014-02-06,0.0,0.0,0.0
2014-02-07,0.0,0.0,0.0
2014-02-09,0.0,0.0,0.0
2014-02-10,0.0,0.0,0.0
2014-02-11,0.0,0.0,0.0
2014-02-12,0.0,0.0,0.0
2014-02-13,0.0,0.0,0.0
2014-02-14,0.0,0.0,0.0
2014-02-15,0.6,1.1,3.1
2014-02-16,0.0,0.0,0.0
2014-02-17,14.3,0.0,0.0
2014-02-18,4.5,0.0,0.0
2014-02-19,19.6,6.5,7.6
2014-02-20,48.6,14.5,16.4
2014-02-21,0.0,0.2,0.0
2014-02-22,0.0,0.1,0.0
2014-02-23,0.0,0.0,0.0
2014-02-24,0.0,0.0,0.0
2014-02-25,0.0,0.0,0.0
2014-02-26,0.0,0.0,0.0
2014-02-27,0.0,0.0,0.0
2014-02-28,0.0,0.0,0.0
2014-03-01,0.0,0.0,0.0
2014-03-03,0.2,10.5,10.1
2014-03-05,0.0,0.0,0.0
2014-03-06,0.0,0.0,0.0
2014-03-07,0.0,0.0,0.0
2014-03-08,0.0,0.0,0.0
2014-03-09,0.0,0.0,0.0
2014-03-10,0.0,0.0,0.0
2014-03-11,0.0,0.0,0.0
2014-03-12,0.0,0.0,0.0
2014-03-13,0.0,0.0,0.0
2014-03-14,0.0,0.0,0.0
2014-03-15,0.5,3.5,3.6
2014-03-16,0.3,14.5,16.5
2014-03-17,6.0,19.0,22.9
2014-03-18,0.0,2.5,2.4
2014-03-20,0.0,0.7,0.0
2014-03-21,0.0,0.1,0.0
2014-03-22,0.0,0.0,0.0
2014-03-23,0.0,0.0,0.0
2014-03-25,0.0,0.0,0.0
2014-03-26,0.0,0.0,0.0
2014-03-27,0.0,0.0,0.0
2014-03-28,0.0,0.0,0.0
2014-03-29,0.0,0.0,0.0
2014-03-30,0.0,1.1,0.0
2014-03-31,0.0,2.0,1.0
2014-04-01,5.3,9.4,8.2
2014-04-02,17.5,17.1,11.9
2014-04-03,0.0,9.0,6.5
2014-04-04,0.1,1.3,1.0
2014-04-05,11.0,11.9,10.4
2014-04-06,0.0,0.4,0.0
2014-04-07,0.0,0.0,0.0
2014-04-08,0.0,0.0,0.0
2014-04-09,0.0,0.2,0.0
2014-04-10,0.0,0.0,0.0
2014-04-11,0.0,0.2,0.0
2014-04-12,0.0,1.9,1.0
2014-04-13,0.0,5.2,4.1
2014-04-14,1.1,10.0,8.6
2014-04-16,0.0,0.0,0.0
2014-04-17,0.0,0.2,0.0
2014-04-18,0.0,0.6,0.0
2014-04-19,0.0,0.0,0.0
2014-04-21,0.0,1.5,0.0
2014-04-22,6.9,0.0,0.0
2014-04-23,1.4,0.1,0.0
2014-04-24,20.3,1.2,0.0
2014-04-25,32.5,1.4,0.0
2014-04-26,0.0,1.1,0.0
2014-04-27,0.4,6.3,4.4
2014-04-29,15.5,1.3,0.0
2014-04-30,0.0,0.0,0.0
2014-05-02,9.4,2.1,1.0
2014-05-03,0.0,0.4,0.0
2014-05-04,0.0,19.7,19.3
2014-05-05,3.3,5.6,3.4
2014-05-06,52.5,6.1,3.9
2014-05-08,0.0,9.3,7.4
2014-05-10,1.0,9.9,8.0
2014-05-11,2.0,3.3,1.3
2014-05-13,0.0,0.5,0.0
2014-05-14,0.0,1.9,1.0
2014-05-15,0.1,1.2,0.0
2014-05-16,0.0,4.1,2.0
2014-05-17,0.7,2.7,1.0
2014-05-19,0.0,4.6,2.4
2014-05-20,0.0,0.4,0.0
2014-05-21,0.0,0.0,0.0
2014-05-22,0.0,0.4,0.0
2014-05-23,0.0,0.8,0.0
2014-05-25,0.9,0.9,0.0
2014-05-27,0.0,1.2,0.0
2014-05-28,2.0,16.4,33.4
2014-05-29,0.2,7.5,12.5
2014-05-30,5.9,10.4,20.2
2014-05-31,0.0,2.5,0.0
2014-06-01,0.0,1.9,0.0
2014-06-02,0.0,0.5,0.0
2014-06-03,1.5,3.0,1.0
2014-06-04,34.0,19.9,43.9
2014-06-06,0.0,0.5,0.0
2014-06-07,0.0,0.0,0.0
2014-06-08,3.6,0.3,0.0
2014-06-09,0.0,0.0,0.0
2014-06-10,0.0,0.0,0.0
2014-06-11,7.7,3.2,2.6
2014-06-12,4.3,23.7,44.4
2014-06-13,12.3,12.0,20.0
2014-06-14,1.6,6.1,7.1
2014-06-15,3.4,0.9,0.0
2014-06-17,0.0,0.0,0.0
2014-06-18,0.0,0.0,0.0
2014-06-19,0.1,0.0,0.0
2014-06-20,0.0,0.1,0.0
2014-06-21,0.0,0.0,0.0
2014-06-22,0.0,0.5,0.0
2014-06-23,0.0,0.0,0.0
2014-06-24,0.0,0.0,0.0
2014-06-25,0.0,0.0,0.0
2014-06-26,0.0,1.0,0.0
2014-06-27,0.0,0.0,0.0
2014-06-28,0.8,0.0,0.0
2014-06-29,0.0,2.4,1.4
2014-06-30,0.0,0.1,0.0
2014-07-01,0.0,0.3,0.0
2014-07-02,1.0,0.0,0.0
2014-07-03,0.1,0.0,0.0
2014-07-04,0.2,7.0,11.2
2014-07-06,14.4,4.6,5.4
2014-07-07,4.4,8.1,12.0
2014-07-08,1.9,6.0,9.5
2014-07-09,5.4,4.9,6.4
2014-07-10,3.4,2.1,1.0
2014-07-11,0.0,0.0,0.0
2014-07-12,0.0,0.0,0.0
2014-07-13,0.0,0.2,0.0
2014-07-16,0.4,0.0,0.0
2014-07-17,0.0,0.2,0.0
2014-07-18,0.0,7.2,8.8
2014-07-19,0.0,0.2,0.0
2014-07-20,0.0,0.3,0.0
2014-07-21,0.0,0.0,0.0
2014-07-22,0.0,0.1,0.0
2014-07-23,0.0,0.0,0.0
2014-07-25,0.0,0.3,0.0
2014-07-26,1.9,3.9,2.8
2014-07-27,0.0,0.3,0.0
2014-07-28,0.0,0.2,0.0
2014-07-29,0.0,0.1,0.0
2014-07-30,0.0,0.0,0.0
2014-07-31,0.0,0.0,0.0
2014-08-01,0.0,0.0,0.0
2014-08-02,0.0,0.0,0.0
2014-08-03,4.5,0.0,0.0
2014-08-04,0.0,0.3,0.0
2014-08-05,12.4,24.9,70.3
2014-08-06,4.3,18.9,49.3
2014-08-07,0.5,1.3,0.0
2014-08-08,0.0,1.2,0.0
2014-08-09,0.0,3.0,2.0
2014-08-10,0.6,3.7,5.1
2014-08-11,0.8,9.0,16.3
2014-08-12,0.0,0.5,0.0
2014-08-13,0.0,0.6,0.0
2014-08-15,4.0,7.8,11.3
2014-08-16,16.1,6.7,8.2
2014-08-17,0.0,0.8,0.0
2014-08-18,0.0,1.6,0.0
2014-08-19,0.0,0.0,0.0
2014-08-20,0.0,0.1,0.0
2014-08-21,0.0,0.9,0.0
2014-08-22,0.0,2.7,1.0
2014-08-24,84.5,28.0,71.8
2014-08-25,0.0,10.7,14.4
2014-08-26,5.8,8.0,11.1
2014-08-27,0.0,1.5,0.0
2014-08-28,0.0,0.0,0.0
2014-08-29,0.0,0.0,0.0
2014-08-30,0.0,0.4,0.0
2014-08-31,0.0,0.0,0.0
2014-09-01,0.0,0.0,0.0
2014-09-02,0.0,0.0,0.0
2014-09-04,0.0,1.4,0.0
2014-09-05,0.0,0.0,0.0
2014-09-06,0.0,2.0,0.0
2014-09-07,0.0,5.3,3.2
2014-09-08,13.6,11.3,9.4
2014-09-09,0.0,6.7,4.9
2014-09-10,0.0,0.9,0.0
2014-09-11,3.6,0.7,0.0
2014-09-12,4.7,1.7,0.0
2014-09-13,15.4,13.4,31.6
2014-09-14,14.0,7.5,10.0
2014-09-16,5.5,1.2,0.0
2014-09-17,0.0,1.8,0.0
2014-09-18,6.3,13.7,27.1
2014-09-19,2.5,12.6,25.2
2014-09-20,0.0,0.0,0.0
2014-09-21,1.0,4.5,5.7
2014-09-22,20.6,1.6,1.5
2014-09-23,0.0,0.1,0.0
2014-09-24,3.0,11.5,15.5
2014-09-25,3.7,9.2,15.1
2014-09-26,0.0,7.9,10.0
2014-09-27,7.0,2.3,2.4
2014-09-28,39.2,36.5,70.4
2014-09-29,0.0,3.9,4.9
2014-09-30,1.0,8.6,10.8
2014-10-01,1.3,18.0,20.0
2014-10-03,1.3,10.1,12.8
2014-10-04,4.3,9.5,11.6
2014-10-05,79.6,44.1,49.8
2014-10-06,61.1,23.7,27.7
2014-10-07,62.8,20.9,23.9
2014-10-08,6.0,1.4,1.0
2014-10-09,0.0,0.3,0.0
2014-10-10,0.0,0.0,0.0
2014-10-11,0.0,0.5,0.0
2014-10-12,12.8,12.7,13.3
2014-10-13,0.0,0.3,0.0
2014-10-14,4.4,4.8,3.7
2014-10-15,32.6,17.6,19.2
2014-10-16,23.6,12.7,12.0
2014-10-17,23.5,3.4,2.2
2014-10-18,2.7,7.5,6.9
2014-10-19,4.6,22.3,24.4
2014-10-20,5.0,8.2,7.8
2014-10-21,82.2,13.3,16.7
2014-10-22,9.3,6.9,7.0
2014-10-23,0.0,9.0,10.0
2014-10-24,3.6,8.8,9.8
2014-10-25,0.0,2.9,1.9
2014-10-26,12.6,20.0,27.9
2014-10-27,0.0,1.2,1.0
2014-10-28,0.0,0.5,0.0
2014-10-29,15.0,0.7,0.0
2014-10-31,18.2,13.6,18.5
2014-11-01,21.2,6.6,6.3
2014-11-02,188.8,30.1,41.1
2014-11-03,37.0,12.0,13.0
2014-11-04,0.0,0.0,0.0
2014-11-05,0.0,0.0,0.0
2014-11-06,0.0,3.8,3.0
2014-11-07,0.0,0.3,0.0
2014-11-09,9.4,3.7,2.9
2014-11-10,6.6,22.1,25.1
2014-11-11,16.6,19.0,23.1
2014-11-12,0.0,0.3,0.0
2014-11-13,0.0,1.7,1.2
2014-11-14,1.3,5.5,5.6
2014-11-15,4.0,7.6,7.8
2014-11-17,0.0,1.8,1.3
2014-11-18,13.4,11.7,12.3
2014-11-19,26.0,25.6,31.9
2014-11-20,25.6,38.1,49.8
2014-11-21,82.6,26.9,28.2
2014-11-22,0.0,2.3,1.0
2014-11-23,28.5,1.1,1.0
2014-11-24,0.3,2.2,1.0
2014-11-25,40.6,14.3,12.8
2014-11-27,0.0,0.5,0.0
2014-11-28,7.0,5.2,3.7
2014-11-29,0.0,0.8,0.0
2014-11-30,1.8,1.9,1.0
2014-12-02,0.5,6.8,5.9
2014-12-03,0.0,4.2,3.4
2014-12-04,2.2,11.6,10.6
2014-12-05,17.3,12.5,11.4
2014-12-06,0.0,0.2,0.0
2014-12-07,1.5,20.4,18.9
2014-12-08,9.2,25.5,19.1
2014-12-09,3.0,0.0,0.0
2014-12-10,1.0,0.4,0.0
2014-12-11,0.0,0.0,0.0
2014-12-12,0.0,0.0,0.0
2014-12-13,0.0,0.4,0.0
2014-12-15,3.7,15.5,19.3
2014-12-16,0.1,10.4,12.8
2014-12-17,0.3,26.7,31.7
2014-12-18,13.8,51.5,72.3
2014-12-19,13.8,24.1,28.5
2014-12-21,69.5,81.0,109.1
2014-12-22,19.0,39.1,56.5
2014-12-23,65.3,94.9,109.2
2014-12-24,75.9,106.1,107.1
2014-12-25,85.2,77.9,113.7
2014-12-27,5.0,25.8,29.0
2014-12-28,32.3,4.5,5.4
2014-12-30,0.0,0.7,0.0
2014-12-31,6.5,36.1,47.0
2015-01-01,6.5,0.5,0.0
2015-01-04,1.0,0.0,0.0
2015-01-06,7.0,4.0,5.5
2015-01-07,6.4,18.0,19.5
2015-01-08,2.3,9.7,10.7
2015-01-10,5.3,0.4,0.0
2015-01-13,2.4,6.3,9.6
2015-01-16,3.5,0.1,0.0
2015-01-22,6.5,0.5,0.0
2015-01-27,8.5,0.0,0.0
2015-01-31,11.4,0.0,0.0
2015-02-05,12.0,0.2,0.0
2015-02-19,1.7,1.7,3.7
2015-03-05,1.0,0.0,0.0
2015-03-11,12.0,0.7,0.0
2015-04-01,23.7,9.9,8.3
2015-04-02,4.5,0.1,0.0
2015-04-06,0.6,0.1,0.0
2015-04-07,2.0,0.0,0.0
2015-04-16,20.3,3.6,2.6
2015-04-17,0.5,46.4,42.9
2015-04-18,19.2,12.7,12.2
2015-04-19,32.0,59.8,41.5
2015-04-20,17.3,4.4,3.3
2015-04-23,117.0,16.9,17.6
2015-04-24,3.6,4.1,2.1
2015-04-25,1.5,1.0,0.0
2015-04-27,69.6,4.8,2.9
2015-04-29,5.0,1.9,0.0
2015-05-01,4.5,7.5,5.4
2015-07-04,5.0,3.5,3.4
2015-07-05,2.5,2.6,1.6
2015-07-06,3.8,18.1,60.5
2015-07-07,7.5,14.7,37.0
2015-07-08,6.8,3.7,3.6
2015-07-09,2.0,16.0,44.8
2015-07-10,1.6,0.0,0.0
2015-07-12,0.5,3.7,3.1
2015-07-13,3.0,1.6,0.0
2015-07-14,16.1,17.3,38.1
2015-07-15,16.9,5.4,6.0
2015-07-16,0.1,1.4,0.0
2015-07-18,0.0,1.9,0.0
2015-07-19,0.1,3.6,2.9
2015-07-21,5.0,2.4,0.0
2015-07-24,6.0,1.4,0.0
2015-07-28,2.5,4.4,3.6
2015-07-29,1.6,0.0,0.0
2015-07-31,2.0,1.6,0.0
2015-08-01,0.0,1.0,0.0
2015-08-02,0.5,1.5,0.0
2015-08-04,2.5,0.3,0.0
2015-08-06,10.0,10.6,22.0
2015-08-07,10.0,0.9,0.0
2015-08-08,0.9,16.2,39.9
2015-08-09,4.6,6.5,8.1
2015-08-11,25.5,2.6,1.6
2015-08-16,1.0,11.3,24.3
2015-08-19,3.0,0.6,0.0
2015-08-29,13.0,5.1,4.2
2015-09-01,1.0,0.1,0.0
2015-09-03,0.5,27.0,40.0
2015-09-04,1.8,33.3,54.6
2015-09-05,13.4,15.9,19.8
2015-09-10,3.7,3.1,1.0
2015-09-12,1.0,1.0,0.0
2015-09-13,41.0,1.1,0.0
2015-09-14,43.0,0.0,0.0
2015-09-18,7.5,0.6,0.0
2015-09-21,1.5,0.0,0.0
2015-09-25,7.5,5.7,7.5
2015-09-26,0.4,1.7,1.5
2015-09-27,5.5,9.3,15.5
2015-09-28,20.0,4.0,5.0
2015-09-29,0.0,12.5,16.0
2015-10-06,1.4,0.7,0.0
2015-10-08,0.4,5.1,4.9
2015-10-13,6.0,0.6,0.0
2015-10-15,1.0,4.5,3.4
2015-10-16,47.2,2.1,1.0
2015-10-17,2.0,0.3,0.0
2015-10-23,23.0,1.2,1.0
2015-10-24,11.9,0.6,0.0
2015-10-25,0.5,36.5,68.9
2015-10-26,28.5,15.6,19.7
2015-10-27,41.5,19.9,29.8
2015-10-29,34.5,22.0,31.7
2015-10-31,0.5,5.5,5.1
2015-11-02,10.8,2.1,1.2
2015-11-05,0.5,14.3,15.0
2015-11-06,22.5,1.6,1.0
2015-11-07,8.7,0.6,0.0
2015-11-09,1.8,28.3,37.1
2015-11-11,14.0,7.6,7.9
2015-11-12,5.5,9.6,10.1
2015-11-13,5.2,2.8,2.5
2015-11-15,4.2,0.4,0.0
2015-11-19,1.8,40.4,50.9
2015-11-20,16.2,3.1,2.9
2015-11-24,6.2,19.7,18.4
2015-11-25,0.5,10.0,8.5
2015-11-29,20.4,35.8,35.3
2015-11-30,10.4,2.9,1.5
2015-12-03,3.0,0.8,0.0
2015-12-05,30.3,34.8,30.8
2015-12-06,8.1,14.2,13.1
2015-12-07,33.5,0.5,0.0
2015-12-10,12.0,1.5,1.0
2015-12-11,3.5,0.9,1.3
2015-12-20,3.0,1.0,1.4
2015-12-27,36.0,11.1,12.3
2015-12-28,2.0,0.2,0.0
2015-12-29,4.0,1.3,1.6
2015-12-30,1.5,0.0,0.0
2016-01-06,0.5,0.2,0.0
2016-01-07,1.5,0.0,0.0
2016-01-12,0.6,1.3,3.6
2016-01-13,7.5,1.4,3.8
2016-01-15,146.0,14.7,18.7
2016-01-16,14.4,7.1,10.3
2016-01-18,3.8,6.1,9.3
2016-01-19,7.0,3.6,6.5
2016-01-20,0.8,0.0,0.0
2016-01-22,1.4,11.5,11.3
2016-01-23,14.2,2.4,4.1
2016-01-27,69.8,7.2,8.0
2016-01-28,34.3,0.7,0.0
2016-02-01,6.2,0.3,0.0
2016-02-05,108.0,47.3,79.5
2016-02-06,18.8,15.0,18.7
2016-02-08,1.5,2.4,3.5
2016-02-09,0.5,6.3,8.6
2016-02-10,3.0,26.3,38.7
2016-02-11,61.6,34.2,32.1
2016-02-12,46.5,0.6,0.0
2016-02-15,12.8,12.6,11.6
2016-02-16,5.0,10.0,9.7
2016-02-17,4.4,4.1,5.5
2016-02-25,1.4,0.0,0.0
2016-03-05,1.8,0.0,0.0
2016-03-16,7.0,0.2,0.0
2016-03-22,38.3,0.0,0.0
2016-03-27,5.5,45.7,43.7
2016-03-28,27.5,0.0,0.0
2016-04-05,30.0,2.1,1.7
2016-04-07,2.0,0.0,0.0
2016-04-10,13.0,1.1,0.0
2016-04-11,2.0,4.9,3.8
2016-04-18,2.0,0.6,0.0
2016-05-05,1.3,1.2,0.0
2016-05-06,2.0,0.1,0.0
2016-05-09,1.0,0.0,0.0
2016-05-11,53.7,10.8,8.3
2016-05-14,1.0,8.6,6.1
2016-05-15,9.5,34.1,39.2
2016-05-16,49.0,2.0,1.0
2016-05-21,3.0,2.3,0.0
2016-05-24,16.0,3.7,1.6
2016-05-26,3.0,2.9,1.0
2016-05-27,31.5,7.0,10.0
2016-05-28,7.7,11.6,23.7
2016-05-29,41.7,4.5,3.0
2016-05-30,5.5,8.7,11.6
2016-05-31,21.8,0.1,0.0
2016-06-01,2.0,2.3,0.0
2016-06-02,17.5,1.4,0.0
2016-06-16,1.5,5.7,13.6
2016-06-17,11.0,4.2,5.7
2016-06-18,20.5,1.2,0.0
2016-06-22,2.0,1.3,0.0
2016-07-06,10.3,12.9,27.8
2016-07-07,6.0,3.2,2.8
2016-07-08,22.0,0.2,0.0
2016-07-10,6.0,0.8,0.0
2016-07-15,0.8,2.3,1.0
2016-07-18,13.0,7.9,12.1
2016-07-19,2.0,0.1,0.0
2016-07-20,0.5,1.6,0.0
2016-07-21,16.5,1.0,0.0
2016-07-24,3.5,5.3,3.8
2016-08-02,1.5,0.3,0.0
2016-08-08,0.4,0.0,0.0
2016-08-10,3.5,5.6,7.0
2016-08-11,2.3,0.7,0.0
2016-08-13,16.0,3.6,3.8
2016-08-15,1.2,6.0,8.1
2016-08-16,25.3,1.7,0.0
2016-08-19,1.5,0.0,0.0
2016-08-21,1.6,0.0,0.0
2016-08-24,126.0,39.4,71.7
2016-08-25,87.8,14.3,22.5
2016-08-26,30.0,6.9,7.3
2016-08-27,59.0,1.2,0.0
2016-08-28,4.0,5.0,4.1
2016-08-31,28.8,8.8,9.2
2016-09-05,4.0,0.9,0.0
2016-09-06,1.2,9.8,11.4
2016-09-07,22.4,9.4,7.8
2016-09-08,0.5,31.4,49.4
2016-09-09,6.2,1.7,0.0
2016-09-12,0.7,0.0,0.0
2016-09-18,4.7,0.0,0.0
2016-09-20,7.0,0.6,0.0
2016-09-21,2.5,0.3,0.0
2016-09-22,2.0,0.7,0.0
2016-09-27,1.5,2.0,2.0
2016-09-28,4.6,0.2,0.0
2016-09-29,2.8,0.1,0.0
2016-09-30,1.0,0.0,0.0
2016-10-05,17.5,1.8,1.0
2016-10-06,3.0,1.4,1.0
2016-10-07,2.0,1.2,0.0
2016-10-11,6.5,0.0,0.0
2016-10-12,2.2,0.0,0.0
2016-10-15,1.0,12.0,12.3
2016-10-16,8.0,13.0,15.7
2016-10-17,43.1,29.7,37.3
2016-10-18,80.0,29.1,35.3
2016-10-19,60.5,28.3,35.5
2016-10-20,33.5,31.1,37.3
2016-10-21,16.5,10.8,12.7
2016-10-24,33.7,10.4,12.1
2016-10-25,34.5,11.8,13.6
2016-10-26,11.0,0.4,0.0
2016-10-30,1.5,5.4,5.0
2016-11-03,10.4,12.0,13.1
2016-11-04,7.0,16.0,14.9
2016-11-05,4.2,14.4,14.6
2016-11-06,22.0,24.8,30.4
2016-11-07,59.0,88.0,95.3
2016-11-08,103.1,12.8,13.3
2016-11-09,54.7,4.0,3.2
2016-11-10,1.0,4.8,4.2
2016-11-11,19.0,0.3,0.0
2016-11-13,9.1,1.2,1.0
2016-11-15,4.7,0.4,0.0
2016-11-16,21.5,12.7,13.4
2016-11-17,2.5,31.8,38.2
2016-11-18,77.0,0.4,0.0
2016-11-19,19.0,1.8,1.4
2016-11-20,0.7,2.3,2.0
2016-11-24,5.0,8.9,7.3
2016-11-25,2.0,0.9,0.0
2016-11-27,0.5,9.9,8.3
2016-11-28,55.0,7.6,6.0
2016-11-29,1.0,46.4,45.1
2016-11-30,12.5,2.9,1.5
2016-12-02,7.5,26.5,23.7
2016-12-03,13.0,57.4,84.0
2016-12-04,49.6,16.7,15.4
2016-12-05,4.1,10.4,9.4
2016-12-06,11.0,6.5,5.6
2016-12-07,7.6,1.2,1.0
2016-12-08,0.6,1.8,1.3
2016-12-10,3.0,2.0,1.5
2016-12-13,2.5,14.3,17.4
2016-12-14,5.3,9.5,11.7
2016-12-15,14.5,0.0,0.0
2016-12-18,7.0,14.9,18.1
2016-12-19,30.5,5.3,6.7
2016-12-20,2.0,6.6,8.2
2016-12-21,0.6,23.9,28.1
2016-12-22,15.5,6.6,7.9
2016-12-23,2.7,42.0,59.5
2016-12-24,14.3,17.3,20.3
2016-12-25,7.5,15.9,19.3
2016-12-26,1.2,2.6,3.1
2017-01-02,74.8,20.5,19.5
2017-01-03,2.0,17.8,21.6
2017-01-05,9.5,39.1,35.1
2017-01-06,39.6,66.6,65.3
2017-01-07,22.4,67.2,64.7
2017-01-08,21.5,2.2,3.6
2017-01-13,9.3,5.2,8.4
2017-01-17,8.0,7.5,11.1
2017-01-18,5.0,38.3,45.9
2017-01-19,37.0,114.0,117.4
2017-01-20,72.8,35.0,40.3
2017-01-21,8.2,2.0,3.8
2017-01-23,1.5,102.8,82.4
2017-01-24,11.4,35.9,26.1
2017-01-27,0.9,6.0,7.0
2017-01-28,1.5,7.0,7.8
2017-02-04,1.0,5.1,7.9
2017-02-05,17.0,0.0,0.0
2017-02-14,1.0,0.0,0.0
2017-02-19,3.0,1.8,3.8
2017-02-21,5.0,0.3,0.0
2017-02-24,8.6,1.6,2.0
2017-02-26,2.1,6.0,6.0
2017-02-27,15.7,37.2,37.3
2017-03-01,18.4,1.5,1.7
2017-03-03,4.2,2.5,2.5
2017-03-05,7.0,15.3,14.1
2017-03-06,24.5,1.4,1.6
2017-03-07,3.0,0.0,0.0
2017-03-16,41.3,0.0,0.0
2017-03-19,1.5,9.6,10.8
2017-03-21,98.3,4.9,3.0
2017-03-28,76.5,23.4,24.4
2017-03-31,18.4,1.5,1.0
2017-04-11,5.6,12.2,10.8
2017-04-12,2.6,13.7,12.2
2017-04-13,24.0,36.6,35.8
2017-04-14,8.8,0.2,0.0
2017-04-18,4.0,0.6,0.0
2017-05-01,1.6,10.7,9.0
2017-05-02,1.0,4.3,2.0
2017-05-03,2.6,2.3,1.0
2017-05-05,4.0,4.6,2.4
2017-05-09,1.5,28.1,30.8
2017-05-12,46.3,14.2,12.7
2017-05-13,25.6,2.7,1.0
2017-05-15,5.6,3.8,1.7
2017-05-18,15.2,9.6,7.6
2017-05-19,12.8,7.2,4.8
2017-05-21,14.0,3.3,1.0
2017-05-24,6.4,11.5,22.0
2017-05-25,6.5,8.0,9.9
2017-05-26,7.2,0.5,0.0
2017-06-02,2.4,2.7,0.0
2017-06-17,0.2,0.9,0.0
2017-06-24,2.5,7.0,10.4
2017-06-25,1.7,4.1,5.5
2017-06-26,8.5,0.4,0.0
2017-06-29,4.5,1.1,0.0
2017-06-30,3.1,0.2,0.0
2017-07-14,5.1,2.3,1.0
2017-08-01,23.6,0.9,0.0
2017-08-04,10.3,8.5,21.0
2017-08-05,24.3,7.2,15.3
2017-08-06,6.0,2.2,1.0
2017-08-09,3.0,4.8,6.0
2017-08-13,6.5,3.2,2.8
2017-08-14,0.8,1.8,0.0
2017-08-15,2.0,4.8,5.2
2017-08-18,3.0,0.0,0.0
2017-08-28,7.7,5.3,4.6
2017-08-31,0.2,9.6,11.2
2017-09-03,1.6,1.7,0.0
2017-09-04,3.0,0.7,0.0
2017-09-06,10.2,33.6,55.0
2017-09-08,1.0,26.6,38.9
2017-09-09,36.8,0.0,0.0
2017-09-10,1.2,7.1,5.3
2017-09-13,3.1,3.7,2.5
2017-09-15,18.8,15.4,34.1
2017-09-16,38.0,4.7,4.6
2017-09-18,0.5,2.9,1.0
2017-09-22,6.2,0.7,0.0
2017-09-26,5.2,3.1,3.6
2017-09-27,8.5,0.0,0.0
2017-09-30,1.0,3.1,3.6
2017-10-05,2.3,2.5,1.6
2017-10-12,12.2,1.4,0.0
2017-10-14,11.4,1.0,0.0
2017-10-16,1.0,0.2,0.0
2017-11-02,6.2,1.4,1.0
2017-11-04,10.3,4.0,3.2
2017-11-05,0.7,0.3,0.0
2017-11-09,1.0,3.8,3.0
2017-11-11,9.6,6.9,7.1
2017-11-17,1.0,1.4,1.0
2017-11-19,9.4,0.2,0.0
2017-11-23,20.6,12.9,11.3
2017-11-24,63.6,21.7,21.0
2017-11-25,47.2,48.4,46.4
2017-11-26,56.9,39.5,46.5
2017-11-27,31.8,60.9,62.8
2017-11-28,77.5,28.8,30.1
2017-11-30,22.7,35.0,43.6
2017-12-01,53.7,96.7,107.9
2017-12-02,161.3,99.1,108.6
2017-12-03,127.9,23.4,19.8
2017-12-04,1.0,27.2,23.6
2017-12-05,25.6,11.4,10.4
2017-12-07,6.7,2.7,2.1
2017-12-09,18.3,0.9,0.0
2017-12-10,1.2,0.3,0.0
2017-12-11,10.4,0.0,0.0
2017-12-17,0.5,1.0,1.5
2017-12-20,123.5,7.4,9.2
2017-12-22,1.0,2.1,2.6
2017-12-23,1.3,13.6,20.6
2017-12-24,5.9,1.9,2.3
2017-12-31,3.8,12.1,24.9
2018-01-01,9.6,27.7,25.9
2018-01-03,40.4,27.4,28.1
2018-01-04,23.9,4.0,5.5
2018-01-16,8.5,0.6,0.0
2018-01-18,24.0,7.3,11.3
2018-01-21,32.1,25.8,20.0
2018-01-26,0.5,16.1,13.5
2018-01-27,20.1,16.9,14.8
2018-01-28,1.4,11.1,11.1
2018-01-29,6.7,0.3,0.0
2018-01-31,73.5,0.0,0.0
2018-02-03,3.0,0.1,0.0
2018-02-11,5.5,0.0,0.0
2018-02-20,18.5,6.7,8.1
2018-02-21,5.4,1.5,1.9
2018-02-23,9.5,24.9,19.5
2018-02-24,5.2,1.5,1.8
2018-02-28,182.5,3.5,3.9
2018-03-01,1.0,0.0,0.0
2018-03-11,20.4,3.4,3.5
2018-03-16,16.5,6.8,7.7
2018-03-25,30.3,0.9,0.0
2018-04-05,12.5,8.2,6.6
2018-04-06,34.0,0.6,0.0
2018-04-16,12.6,0.1,0.0
2018-04-22,52.0,0.5,0.0
2018-04-23,9.2,1.1,0.0
2018-05-01,9.3,2.7,1.0
2018-05-06,5.6,11.6,9.7
2018-05-16,6.0,3.0,1.0
2018-05-18,3.8,11.0,7.6
2018-05-21,7.0,5.8,5.7
2018-05-23,83.6,2.7,1.0
2018-05-24,2.0,7.4,8.2
2018-06-10,2.5,0.1,0.0
2018-06-11,1.0,0.0,0.0
2018-06-18,24.0,31.0,47.8
2018-06-19,9.0,19.4,35.9
2018-06-24,11.5,0.8,0.0
2018-06-25,3.0,0.1,0.0
2018-06-28,12.9,3.0,2.8
2018-07-01,1.5,0.3,0.0
2018-07-06,10.0,0.1,0.0
2018-07-09,0.4,3.4,3.2
2018-07-10,2.0,2.8,2.1
2018-07-11,2.4,0.6,0.0
2018-07-28,7.8,7.2,7.9
2018-07-30,24.7,14.8,28.2
2018-07-31,7.5,0.5,0.0
2018-08-07,1.0,0.3,0.0
2018-08-09,1.3,3.5,4.4
2018-08-10,5.0,0.2,0.0
2018-08-12,1.0,0.0,0.0
2018-08-19,19.2,12.6,29.3
2018-08-20,18.7,6.5,7.9
2018-08-21,1.0,21.6,45.9
2018-08-22,32.9,17.7,33.6
2018-08-23,12.4,1.5,0.0
2018-08-24,5.0,0.1,0.0
2018-09-04,3.5,5.6,3.5
2018-09-07,0.6,1.5,0.0
2018-09-16,2.0,6.1,7.2
2018-09-17,4.8,31.3,46.0
2018-09-18,56.8,10.2,17.4
2018-09-19,29.5,0.1,0.0
2018-09-23,8.0,42.4,88.2
2018-09-24,55.5,1.1,1.0
2018-09-29,1.0,5.2,6.7
2018-09-30,12.0,10.0,14.0
2018-10-01,4.0,6.6,6.9
2018-10-02,85.0,5.9,5.9
2018-10-05,21.0,20.4,25.6
2018-10-06,6.6,27.0,33.9
2018-10-07,62.1,9.5,12.5
2018-10-08,7.5,8.0,8.7
2018-10-10,10.5,8.2,8.9
2018-10-12,1.0,22.8,29.3
2018-10-13,11.4,5.1,4.1
2018-10-15,22.5,4.1,2.9
2018-10-17,2.0,5.2,4.2
2018-10-18,0.2,0.1,0.0
2018-10-20,2.0,8.7,8.4
2018-10-21,1.0,0.1,0.0
2018-10-26,77.4,0.0,0.0
2018-10-29,29.5,0.0,0.0
2018-11-02,6.0,0.8,0.0
2018-11-04,7.3,22.9,28.7
2018-11-05,55.5,6.1,5.7
2018-11-07,54.1,0.0,0.0
2018-11-09,1.5,30.9,41.9
2018-11-11,5.0,12.3,13.0
2018-11-12,16.1,3.2,3.0
2018-11-14,36.8,16.4,19.1
2018-11-15,1.0,2.2,1.8
2018-11-18,0.3,52.8,65.5
2018-11-19,55.5,3.7,3.5
2018-11-20,25.0,2.3,1.9
2018-11-21,1.0,34.0,36.1
2018-11-22,13.6,22.8,22.2
2018-11-23,28.5,11.7,10.1
2018-11-24,17.0,2.4,1.1
2018-11-25,2.4,0.1,0.0
2018-12-02,88.5,0.0,0.0
2018-12-06,2.5,44.7,48.9
2018-12-07,141.0,12.3,11.2
2018-12-09,2.6,2.3,1.7
2018-12-11,14.0,5.0,6.3
2018-12-12,47.2,14.5,17.7
2018-12-13,64.6,42.1,57.3
2018-12-14,26.7,2.3,3.1
2018-12-19,67.7,4.0,5.2
2018-12-20,31.2,1.4,2.0
2018-12-21,12.5,0.4,0.0
2019-01-07,2.3,21.5,20.0
2019-01-08,40.5,2.4,3.9
2019-01-10,39.2,2.5,4.0
2019-01-12,0.2,0.0,0.0
2019-01-15,6.9,0.9,3.1
2019-01-21,11.0,18.3,15.2
2019-01-23,1.5,0.0,0.0
2019-01-28,39.5,3.4,4.9
2019-01-29,2.0,1.1,3.0
2019-01-30,0.5,0.0,0.0
2019-02-01,57.0,0.4,0.0
2019-02-02,3.2,12.6,14.6
2019-02-03,9.7,0.5,0.0
2019-02-04,75.7,0.0,0.0
2019-02-06,0.1,0.0,0.0
2019-02-10,0.1,5.6,7.5
2019-02-11,9.6,0.0,0.0
2019-02-17,5.2,2.4,4.4
2019-02-19,0.0,0.0,0.0
2019-02-20,0.0,0.0,0.0
2019-02-21,5.6,1.4,1.8
2019-02-22,4.7,1.6,1.9
2019-02-24,11.3,0.0,0.0
2019-02-25,0.0,0.0,0.0
2019-02-28,70.2,2.4,2.9
2019-03-01,26.0,0.1,0.0
2019-03-02,4.5,0.0,0.0
2019-03-04,0.0,0.0,0.0
2019-03-05,17.5,0.1,0.0
2019-03-06,0.0,0.3,0.0
2019-03-09,0.0,4.3,4.1
2019-03-10,3.9,36.0,37.7
2019-03-11,67.5,0.2,0.0
2019-03-12,41.0,8.4,9.3
2019-03-15,0.0,7.5,8.1
2019-03-16,16.7,0.0,0.0
2019-03-18,0.0,19.1,22.5
2019-03-19,1.0,9.4,10.4
2019-03-22,23.7,0.0,0.0
2019-03-23,0.0,0.0,0.0
2019-03-25,0.0,0.0,0.0
2019-03-28,1.0,8.1,5.7
2019-03-29,35.1,0.0,0.0
2019-03-31,4.5,0.8,0.0
2019-04-02,8.0,0.0,0.0
2019-04-04,33.8,3.0,2.5
2019-04-09,5.0,0.1,0.0
2019-04-14,3.5,2.6,1.7
2019-04-15,0.0,7.6,6.4
2019-04-17,0.0,0.4,0.0
2019-04-19,0.4,3.1,2.1
2019-04-22,0.0,0.0,0.0
2019-04-24,0.5,10.9,9.4
2019-04-25,2.5,12.6,12.3
2019-04-26,19.8,23.6,25.6
2019-04-27,56.2,22.7,23.4
2019-04-28,12.2,2.0,0.0
2019-04-29,0.0,5.9,4.0
2019-05-01,3.0,0.3,0.0
2019-05-02,0.0,0.0,0.0
2019-05-04,0.0,0.6,0.0
2019-05-06,0.0,0.2,0.0
2019-05-07,0.0,0.7,0.0
2019-05-08,0.0,1.6,0.0
2019-05-09,4.5,0.0,0.0
2019-05-10,0.0,0.0,0.0
2019-05-11,0.0,0.0,0.0
2019-05-13,0.0,0.0,0.0
2019-05-16,2.0,1.4,0.0
2019-05-19,0.0,1.1,0.0
2019-05-20,0.0,0.8,0.0
2019-05-22,0.0,0.2,0.0
2019-05-25,0.3,0.2,0.0
2019-05-26,1.0,0.4,0.0
2019-05-27,48.4,0.9,0.0
2019-05-28,0.9,2.8,1.0
2019-05-29,52.2,6.5,10.6
2019-05-30,60.7,12.1,22.6
2019-05-31,3.0,10.7,24.0
2019-06-01,10.9,16.3,37.1
2019-06-02,43.0,3.2,1.0
2019-06-03,0.0,1.8,0.0
2019-06-04,0.0,5.0,3.5
2019-06-06,0.0,22.4,47.6
2019-06-07,1.5,5.3,4.0
2019-06-08,0.7,6.2,6.1
2019-06-09,1.2,0.4,0.0
2019-06-12,0.0,0.0,0.0
2019-06-13,0.0,0.0,0.0
2019-06-15,3.8,0.6,0.0
2019-06-17,0.0,3.3,2.7
2019-06-18,0.0,3.3,2.7
2019-06-20,0.0,2.4,1.2
2019-06-22,1.0,7.8,16.1
2019-06-23,6.4,4.9,7.4
2019-06-24,10.0,2.9,2.7
2019-06-26,13.5,0.0,0.0
2019-06-28,0.0,0.0,0.0
2019-06-29,0.0,2.3,1.3
2019-06-30,0.0,0.0,0.0
2019-07-03,0.0,0.1,0.0
2019-07-04,0.0,0.1,0.0
2019-07-05,0.0,7.9,11.9
2019-07-06,0.1,0.0,0.0
2019-07-08,0.0,0.0,0.0
2019-07-09,0.0,0.5,0.0
2019-07-10,0.0,10.0,17.3
2019-07-11,5.5,27.2,64.7
2019-07-12,35.0,0.0,0.0
2019-07-15,0.5,0.6,0.0
2019-07-19,8.0,50.0,70.2
2019-07-20,51.3,33.4,72.3
2019-07-21,24.7,2.3,0.0
2019-07-22,5.4,0.0,0.0
2019-07-25,0.0,0.0,0.0
2019-07-29,0.0,0.0,0.0
2019-07-30,0.0,0.0,0.0
2019-07-31,0.0,0.0,0.0
2019-08-03,0.0,1.8,1.0
2019-08-04,0.0,0.0,0.0
2019-08-05,0.0,0.0,0.0
2019-08-06,0.0,0.0,0.0
2019-08-10,1.8,17.6,46.7
2019-08-11,32.3,1.5,0.0
2019-08-12,8.2,0.0,0.0
2019-08-14,2.3,4.4,4.7
2019-08-15,0.0,0.6,0.0
2019-08-16,0.0,0.1,0.0
2019-08-20,0.0,0.1,0.0
2019-08-22,2.5,6.5,5.6
2019-08-23,0.1,5.2,4.5
2019-08-24,15.9,0.8,0.0
2019-08-25,4.0,0.6,0.0
2019-08-27,6.2,2.3,1.0
2019-08-28,1.0,0.4,0.0
2019-08-30,0.0,0.2,0.0
2019-08-31,0.0,3.1,1.2
2019-09-05,0.0,0.0,0.0
2019-09-06,0.0,0.0,0.0
2019-09-08,9.1,3.4,1.0
2019-09-11,2.3,0.2,0.0
2019-09-12,0.0,0.6,0.0
2019-09-13,0.0,0.1,0.0
2019-09-14,0.6,0.9,0.0
2019-09-17,0.0,0.2,0.0
2019-09-18,0.0,14.4,27.6
2019-09-20,25.0,1.7,0.0
2019-09-21,0.2,0.5,0.0
2019-09-23,27.9,4.3,5.5
2019-09-24,0.0,8.9,12.1
2019-09-26,3.5,5.3,6.9
2019-09-28,9.6,4.6,5.8
2019-09-29,15.0,8.9,14.9
2019-09-30,31.5,0.1,0.0
2019-10-06,34.0,2.8,1.9
2019-10-07,4.3,0.4,0.0
2019-10-08,22.5,18.4,21.1
2019-10-09,15.8,21.9,27.3
2019-10-10,18.8,7.6,8.2
2019-10-11,2.8,2.3,1.0
2019-10-12,37.8,1.8,1.0
2019-10-13,20.0,1.5,0.0
2019-10-14,0.0,9.5,9.3
2019-10-15,17.0,3.7,2.5
2019-10-16,13.1,3.9,2.7
2019-10-17,0.9,3.2,1.9
2019-10-18,0.0,28.6,35.0
2019-10-19,20.6,14.6,15.2
2019-10-20,2.7,20.9,24.8
2019-10-21,53.9,11.4,14.2
2019-10-22,56.3,3.2,2.1
2019-10-23,7.5,5.9,5.7
2019-10-24,0.0,1.1,0.0
2019-10-25,18.3,10.0,11.5
2019-10-26,26.0,23.1,38.6
2019-10-27,33.6,48.6,113.8
2019-10-28,38.1,27.2,42.2
2019-10-29,0.0,29.4,50.2
2019-10-30,22.3,1.1,1.0
2019-11-01,0.0,7.6,7.5
2019-11-04,0.0,2.3,1.4
2019-11-05,0.0,2.6,1.7
2019-11-07,11.5,12.2,13.3
2019-11-08,12.0,1.8,1.0
2019-11-10,0.0,0.3,0.0
2019-11-11,8.3,2.2,1.8
2019-11-13,0.0,9.1,9.6
2019-11-14,15.5,4.5,4.5
2019-11-16,42.6,7.6,7.9
2019-11-17,22.7,13.8,14.0
2019-11-18,85.8,2.6,2.3
2019-11-19,14.0,2.1,1.7
2019-11-20,2.2,5.5,5.6
2019-11-21,0.0,22.8,23.8
2019-11-22,28.4,9.9,8.3
2019-11-23,11.0,12.3,10.7
2019-11-26,6.2,6.3,4.7
2019-11-27,1.9,20.4,19.1
2019-11-28,0.0,19.3,17.9
2019-11-29,2.0,4.9,3.4
2019-11-30,7.5,4.6,3.1
2019-12-01,14.3,44.0,47.9
2019-12-02,62.4,6.5,5.7
2019-12-03,4.5,12.8,11.7
2019-12-06,1.1,0.9,0.0
2019-12-07,1.0,0.3,0.0
2019-12-08,0.0,0.0,0.0
2019-12-10,1.2,0.3,0.0
2019-12-13,0.0,0.1,0.0
2019-12-14,0.0,2.6,3.5
2019-12-16,7.8,9.7,12.0
2019-12-18,1.7,11.2,13.8
2019-12-19,22.8,0.3,0.0
2019-12-20,2.0,0.7,0.0
2019-12-22,0.0,0.3,0.0
2019-12-24,0.0,0.0,0.0
2019-12-25,0.0,0.0,0.0
2019-12-26,0.0,0.0,0.0
2019-12-27,0.0,0.0,0.0
2019-12-29,0.0,0.1,0.0
2019-12-30,0.0,10.3,11.9
2019-12-31,150.0,0.0,0.0
2020-01-01,0.0,0.0,0.0
2020-01-03,0.0,0.0,0.0
2020-01-04,0.0,0.0,0.0
2020-01-07,0.0,0.0,0.0
2020-01-10,0.0,0.7,0.0
2020-01-17,2.0,0.0,0.0
2020-01-21,5.5,1.5,3.3
2020-01-24,0.5,0.0,0.0
2020-01-27,0.0,0.0,0.0
2020-01-29,0.0,1.0,0.0
2020-02-02,0.0,7.5,9.9
2020-02-03,1.1,0.0,0.0
2020-02-04,0.0,0.0,0.0
2020-02-07,16.9,0.3,0.0
2020-02-10,0.0,0.6,0.0
2020-02-12,8.0,0.2,0.0
2020-02-14,59.9,0.0,0.0
2020-02-16,33.0,0.0,0.0
2020-02-19,0.0,0.9,2.8
2020-02-20,0.0,0.0,0.0
2020-02-21,0.0,0.0,0.0
2020-02-24,1.0,0.0,0.0
2020-02-28,0.0,0.0,0.0
2020-03-05,0.0,4.3,4.1
2020-03-06,47.0,10.7,10.4
2020-03-07,6.5,0.4,0.0
2020-03-08,0.0,0.0,0.0
2020-03-09,0.0,0.0,0.0
2020-03-11,5.5,0.8,0.0
2020-03-13,3.4,0.0,0.0
2020-03-14,0.0,0.0,0.0
2020-03-15,0.0,3.2,3.2
2020-03-17,15.2,0.4,0.0
2020-03-19,1.0,0.3,0.0
2020-03-20,0.0,0.0,0.0
2020-03-23,0.0,0.0,0.0
2020-03-24,0.0,0.0,0.0
2020-03-25,0.0,11.7,8.7
2020-03-26,20.2,63.1,61.0
2020-03-27,70.9,3.6,1.9
2020-03-28,0.0,0.0,0.0
2020-03-29,0.0,0.0,0.0
2020-03-30,0.0,0.2,0.0
2020-03-31,45.0,0.0,0.0
2020-04-02,15.0,0.0,0.0
2020-04-04,4.0,3.8,3.3
2020-04-07,17.0,0.0,0.0
2020-04-09,9.9,0.6,0.0
2020-04-10,0.0,4.4,3.8
2020-04-13,18.0,12.3,11.9
2020-04-14,64.5,1.9,1.0
2020-04-16,0.0,37.5,37.8
2020-04-18,1.0,4.6,3.5
2020-04-20,0.0,0.6,0.0
2020-04-24,6.0,14.4,12.2
2020-04-25,9.1,19.8,20.4
2020-04-26,3.8,8.8,8.6
2020-04-27,7.6,14.6,13.7
2020-04-28,7.2,35.4,42.7
2020-04-29,114.5,5.7,3.8
2020-05-01,2.0,26.6,27.3
2020-05-02,51.4,8.5,6.5
2020-05-07,0.8,66.0,79.4
2020-05-08,107.8,46.1,73.3
2020-05-09,147.5,18.0,16.2
2020-05-10,11.3,55.1,79.2
2020-05-11,35.0,18.8,17.9
2020-05-12,12.0,5.6,3.3
2020-05-14,82.9,0.7,0.0
2020-05-16,0.8,11.2,9.3
2020-05-17,17.9,10.0,7.3
2020-05-18,6.0,3.3,1.3
2020-05-19,2.0,15.8,13.9
2020-05-20,50.7,1.8,0.0
2020-05-23,35.0,10.4,20.7
2020-05-25,1.1,7.9,9.8
2020-05-26,2.3,4.6,3.3
2020-05-27,0.0,0.6,0.0
2020-05-28,0.0,0.1,0.0
2020-06-01,4.7,1.1,0.0
2020-06-03,24.9,0.4,0.0
2020-06-07,0.9,0.8,0.0
2020-06-09,0.5,2.0,0.0
2020-06-13,0.0,0.0,0.0
2020-06-15,0.0,12.5,20.8
2020-06-16,7.2,5.5,11.5
2020-06-19,3.5,0.2,0.0
2020-06-20,0.0,4.3,5.1
2020-06-21,0.0,17.8,62.2
2020-06-22,1.5,2.9,2.6
2020-06-23,2.2,1.9,1.0
2020-06-25,4.2,3.7,4.1
2020-06-27,0.0,0.6,0.0
2020-07-01,0.0,1.0,0.0
2020-07-05,3.1,0.0,0.0
2020-07-06,0.2,7.0,10.0
2020-07-07,24.2,10.3,20.0
2020-07-09,3.5,1.6,0.0
2020-07-11,0.1,1.4,0.0
2020-07-18,7.6,0.7,0.0
2020-07-19,0.0,2.6,1.0
2020-07-20,27.0,4.5,4.9
2020-07-22,18.3,1.6,0.0
2020-07-25,13.4,10.0,15.4
2020-07-26,47.3,16.3,31.9
2020-07-27,12.8,26.3,65.8
2020-07-28,13.5,10.6,19.0
2020-07-29,1.0,1.4,0.0
2020-07-31,7.9,1.0,0.0
2020-08-01,0.0,3.1,3.7
2020-08-02,3.6,1.0,0.0
2020-08-04,0.0,3.0,2.0
2020-08-05,0.0,3.7,2.9
2020-08-09,10.7,0.0,0.0
2020-08-10,0.0,0.3,0.0
2020-08-11,3.9,0.4,0.0
2020-08-12,0.0,5.1,6.2
2020-08-13,0.0,0.8,0.0
2020-08-14,0.0,0.0,0.0
2020-08-16,0.0,0.0,0.0
2020-08-19,0.0,0.0,0.0
2020-08-20,0.0,0.0,0.0
2020-08-22,0.0,5.5,4.9
2020-08-23,54.2,1.4,0.0
2020-08-25,11.6,8.5,11.0
2020-08-26,5.9,2.8,1.0
2020-08-28,0.0,2.5,1.0
2020-08-29,5.0,5.5,6.1
2020-09-01,42.0,1.8,0.0
2020-09-03,0.0,0.8,0.0
2020-09-04,8.8,0.2,0.0
2020-09-06,23.0,10.0,8.3
2020-09-08,0.0,3.8,1.4
2020-09-09,0.0,4.7,2.4
2020-09-11,60.0,31.1,48.6
2020-09-12,11.2,4.5,4.1
2020-09-14,16.4,0.4,0.0
2020-09-29,0.0,1.1,1.0
2020-09-30,0.5,0.1,0.0
2020-10-01,0.0,0.9,0.0
2020-10-02,0.0,1.9,1.0
2020-10-04,15.1,1.2,0.0
2020-10-05,0.0,1.9,1.0
2020-10-06,0.0,4.0,3.5
2020-10-08,35.0,7.8,8.5
2020-10-09,24.0,18.5,22.7
2020-10-10,22.4,20.5,25.2
2020-10-11,29.0,17.2,19.0
2020-10-12,2.0,13.7,14.8
2020-10-13,13.0,7.2,6.5
2020-10-14,0.0,2.5,1.0
2020-10-17,12.8,11.7,12.1
2020-10-18,3.9,4.1,3.0
2020-10-20,0.0,0.0,0.0
2020-10-25,15.6,11.5,14.6
2020-10-27,8.5,3.1,2.0
2020-10-29,2.4,0.3,0.0
2020-10-30,1.0,4.5,3.8
2020-10-31,3.0,0.4,0.0
2020-11-02,10.0,3.8,3.0
2020-11-04,1.1,7.0,6.7
2020-11-06,0.0,13.9,14.2
2020-11-07,48.5,52.9,78.4
2020-11-08,37.5,0.5,0.0
2020-11-09,1.2,6.7,6.4
2020-11-11,18.0,0.3,0.0
2020-11-12,2.0,0.9,0.0
2020-11-14,53.4,12.5,13.2
2020-11-15,20.5,1.0,0.0
2020-11-16,54.1,2.8,2.5
2020-11-18,13.5,13.0,15.3
2020-11-19,0.6,19.5,27.7
2020-11-20,61.5,34.2,42.0
2020-11-21,29.5,27.9,28.2
2020-11-22,17.3,11.0,9.4
2020-11-23,9.0,4.5,3.1
2020-11-26,26.5,32.1,32.2
2020-11-27,36.1,20.2,18.8
2020-11-28,37.7,21.1,19.8
2020-11-29,2.1,10.7,9.2
2020-12-01,14.7,1.9,1.4
2020-12-03,16.5,7.9,6.9
2020-12-05,2.5,37.0,33.2
2020-12-06,40.0,8.0,7.0
2020-12-10,4.0,18.3,19.2
2020-12-11,37.2,3.1,4.1
2020-12-13,5.6,1.0,1.5
2020-12-16,2.5,19.6,23.3
2020-12-17,38.9,6.5,8.1
2020-12-18,8.8,17.5,20.6
2020-12-19,4.4,4.7,5.9
2020-12-21,3.9,21.2,26.9
2020-12-22,55.7,0.0,0.0
2020-12-27,2.9,2.9,3.5
2020-12-28,0.0,0.0,0.0
2020-12-29,0.0,0.1,0.0
2021-01-02,27.0,8.8,9.9
2021-01-03,1.0,13.9,15.1
2021-01-04,0.0,60.9,56.8
2021-01-05,90.5,7.7,8.9
2021-01-08,11.9,17.4,18.9
2021-01-09,13.1,19.2,21.6
2021-01-10,31.5,38.2,35.7
2021-01-11,42.8,3.0,5.8
2021-01-12,0.2,1.0,3.3
2021-01-14,123.1,2.2,4.7
2021-01-16,61.0,18.6,17.7
2021-01-17,3.5,8.9,13.3
2021-01-18,93.0,1.5,3.9
2021-01-20,94.8,0.0,0.0
2021-01-21,2.3,0.0,0.0
2021-01-22,0.0,0.0,0.0
2021-01-24,0.0,0.4,0.0
2021-01-26,2.6,0.2,0.0
2021-01-27,0.0,20.4,16.1
2021-01-28,22.0,0.4,0.0
2021-01-30,0.0,0.9,0.0
2021-02-07,55.2,0.1,0.0
2021-02-10,8.0,0.1,0.0
2021-02-11,0.0,0.2,0.0
2021-02-12,15.1,0.0,0.0
2021-02-14,4.5,0.0,0.0
2021-02-15,3.5,0.0,0.0
2021-02-20,0.0,0.0,0.0
2021-02-25,2.7,5.9,7.3
2021-02-27,0.0,0.0,0.0
2021-03-01,0.0,0.0,0.0
2021-03-04,59.0,0.0,0.0
2021-03-05,0.0,5.6,5.3
2021-03-06,5.4,36.3,39.3
2021-03-08,51.3,0.0,0.0
2021-03-09,0.0,0.0,0.0
2021-03-14,15.9,1.0,1.0
2021-03-15,35.6,0.0,0.0
2021-03-16,0.0,0.0,0.0
2021-03-17,0.0,14.2,15.5
2021-03-18,2.9,0.0,0.0
2021-03-19,63.0,0.0,0.0
2021-03-20,2.6,2.8,2.7
2021-03-22,0.0,5.1,3.1
2021-03-23,1.5,21.6,20.2
2021-03-24,5.0,15.2,13.9
2021-03-25,1.0,15.9,13.9
2021-03-26,7.4,57.8,55.7
2021-03-27,6.1,32.4,31.7
2021-03-28,35.5,81.7,73.0
2021-03-29,61.6,91.4,73.8
2021-03-30,67.9,18.1,14.0
2021-03-31,28.5,17.0,12.4
2021-04-01,25.5,32.3,28.8
2021-04-02,49.2,61.3,43.5
2021-04-03,44.5,0.0,0.0
2021-04-04,3.0,0.0,0.0
2021-04-07,0.6,1.6,1.3
2021-04-08,21.2,0.0,0.0
2021-04-10,0.0,2.7,2.2
2021-04-13,5.5,48.4,41.0
2021-04-14,16.0,0.1,0.0
2021-04-15,13.5,0.0,0.0
2021-04-16,25.0,0.0,0.0
2021-04-17,5.8,0.0,0.0
2021-04-20,14.0,0.9,0.0
2021-04-22,0.0,0.8,0.0
2021-04-23,0.0,5.9,4.0
2021-04-28,0.0,0.0,0.0
2021-04-29,0.0,0.0,0.0
2021-04-30,3.4,0.0,0.0
2021-05-01,39.7,7.0,4.9
2021-05-06,15.0,24.1,23.7
2021-05-07,12.0,54.9,80.1
2021-05-08,4.4,19.4,18.3
2021-05-09,5.9,8.7,6.7
2021-05-14,0.0,8.1,5.6
2021-05-15,3.5,32.0,37.4
2021-05-16,62.0,3.4,1.4
2021-05-17,0.0,14.6,12.2
2021-05-18,23.0,25.8,26.9
2021-05-22,0.0,1.1,0.0
2021-05-24,0.0,8.8,11.1
2021-05-27,44.4,3.4,1.1
2021-05-29,0.0,5.2,4.6
2021-05-30,3.0,1.9,0.0
2021-06-01,43.4,81.0,55.4
2021-06-02,6.0,4.5,2.8
2021-06-03,12.0,34.7,56.4
2021-06-04,18.0,34.4,57.0
2021-06-05,28.5,1.1,0.0
2021-06-08,1.5,2.5,0.0
2021-06-10,2.8,5.4,4.1
2021-06-11,1.5,0.5,0.0
2021-06-12,16.5,0.2,0.0
2021-06-13,4.0,5.7,6.5
2021-06-14,9.0,1.4,0.0
2021-06-15,2.5,0.0,0.0
2021-06-20,0.0,0.0,0.0
2021-06-23,10.2,0.9,0.0
2021-06-25,1.0,2.2,1.1
2021-06-26,18.6,1.0,0.0
2021-06-27,11.8,0.0,0.0
2021-06-28,0.0,0.0,0.0
2021-06-29,4.0,0.0,0.0
2021-07-03,5.8,0.3,0.0
2021-07-06,81.4,4.7,5.9
2021-07-07,2.8,0.5,0.0
2021-07-08,0.0,11.3,21.5
2021-07-09,101.2,48.8,69.1
2021-07-10,89.1,22.9,70.1
2021-07-11,73.9,6.1,11.6
2021-07-12,6.5,0.0,0.0
2021-07-15,1.7,5.3,6.0
2021-07-16,26.9,0.0,0.0
2021-07-17,0.0,0.0,0.0
2021-07-22,0.0,0.0,0.0
2021-07-29,0.0,2.3,0.0
2021-07-31,4.4,3.9,2.7
2021-08-01,25.0,0.8,0.0
2021-08-06,0.0,0.0,0.0
2021-08-07,0.0,0.0,0.0
2021-08-10,19.5,14.0,35.2
2021-08-11,75.6,1.0,0.0
2021-08-12,1.5,6.2,8.2
2021-08-13,6.5,0.8,0.0
2021-08-14,0.0,1.4,0.0
2021-08-17,3.4,1.3,0.0
2021-08-18,4.1,0.9,0.0
2021-08-19,0.0,11.7,24.8
2021-08-20,0.0,8.3,12.7
2021-08-22,7.0,13.4,18.2
2021-08-23,6.2,2.6,1.0
2021-08-28,1.0,1.1,0.0
2021-08-30,16.0,10.7,12.3
2021-08-31,14.8,3.4,1.7
2021-09-01,0.0,6.3,4.3
2021-09-03,0.0,0.0,0.0
2021-09-05,0.0,0.0,0.0
2021-09-08,0.0,2.6,0.0
2021-09-10,6.1,4.1,1.7
2021-09-13,4.9,0.2,0.0
2021-09-17,0.0,0.0,0.0
2021-09-18,0.0,4.8,4.6
2021-09-19,23.3,13.3,25.0
2021-09-20,6.0,5.0,5.1
2021-09-23,0.0,0.0,0.0
2021-09-24,0.0,0.6,0.0
2021-09-25,0.0,1.4,1.1
2021-09-26,1.0,6.0,8.0
2021-09-27,38.0,9.6,11.9
2021-09-28,37.2,18.7,28.4
2021-09-29,89.8,21.6,34.2
2021-09-30,18.5,11.1,14.7
2021-10-01,149.6,1.6,1.0
2021-10-03,0.5,0.0,0.0
2021-10-07,17.1,3.5,2.8
2021-10-08,39.0,0.9,0.0
2021-10-09,0.0,0.2,0.0
2021-10-10,0.0,0.0,0.0
2021-10-14,0.0,0.0,0.0
2021-10-16,1.5,0.7,0.0
2021-10-20,7.0,14.4,15.6
2021-10-21,11.5,2.2,1.1
2021-10-23,12.5,3.2,2.2
2021-10-24,0.0,3.1,2.1
2021-10-25,3.0,4.2,3.4
2021-10-26,0.7,1.6,1.0
2021-10-27,11.4,6.6,6.7
2021-10-28,34.9,0.6,0.0
2021-10-29,0.0,28.1,45.8
2021-10-30,33.5,19.9,29.9
2021-10-31,15.9,8.3,9.0
2021-11-01,2.7,0.1,0.0
2021-11-02,21.5,0.4,0.0
2021-11-03,2.5,4.5,3.8
2021-11-05,19.0,3.5,2.6
2021-11-06,0.0,16.0,15.7
2021-11-07,35.0,10.8,11.5
2021-11-09,89.7,5.3,4.7
2021-11-11,25.1,18.4,20.5
2021-11-12,1.5,6.6,6.8
2021-11-13,8.5,0.9,0.0
2021-11-16,0.5,0.4,0.0
2021-11-18,1.6,11.3,12.0
2021-11-22,17.3,0.8,0.0
2021-11-23,5.0,3.0,1.6
2021-11-25,15.3,14.5,13.0
2021-11-27,18.0,25.9,22.1
2021-11-28,24.5,31.7,30.2
2021-11-29,15.3,53.8,50.6
2021-11-30,85.3,33.1,30.8
2021-12-01,57.5,0.0,0.0
2021-12-04,56.5,6.6,5.8
2021-12-08,35.0,0.4,0.0
2021-12-09,2.5,0.2,0.0
2021-12-10,13.0,1.0,0.0
2021-12-11,13.5,7.5,9.3
2021-12-14,0.2,1.7,2.3
2021-12-15,1.6,0.0,0.0
2021-12-16,17.0,1.5,2.0
2021-12-17,9.0,2.6,3.4
2021-12-18,1.0,17.5,22.4
2021-12-19,53.8,27.3,30.8
2021-12-20,70.0,25.4,31.0
2021-12-24,0.0,0.0,0.0
2021-12-30,0.0,1.1,1.3
2021-12-31,29.5,9.2,11.1
