date,gauge,imergl,lseqmdl
2001-01-01,2.0,25.5,27.1
2001-01-02,17.0,13.6,6.2
2001-01-03,3.0,42.6,46.3
2001-01-04,55.0,4.2,0.0
2001-01-05,3.0,4.2,0.0
2001-01-06,4.0,0.0,0.0
2001-01-07,0.0,6.2,1.0
2001-01-08,7.0,0.0,0.0
2001-01-09,0.0,1.7,0.0
2001-01-10,0.0,19.3,10.6
2001-01-12,1.0,4.1,0.0
2001-01-13,0.0,8.4,4.6
2001-01-14,11.0,10.9,8.2
2001-01-15,7.0,12.4,9.9
2001-01-16,33.0,5.3,1.3
2001-01-17,4.0,5.5,1.4
2001-01-19,8.0,13.7,11.2
2001-01-20,87.0,14.7,16.8
2001-01-21,30.0,4.9,1.0
2001-01-22,21.0,0.2,0.0
2001-01-23,0.0,2.1,0.0
2001-01-24,0.0,0.2,0.0
2001-01-25,0.0,13.6,5.9
2001-01-26,37.0,47.3,33.7
2001-01-27,8.0,9.0,2.8
2001-01-29,0.0,2.4,0.0
2001-01-30,3.0,8.7,2.6
2001-01-31,40.0,6.4,1.1
2001-02-01,40.0,0.5,0.0
2001-02-02,24.0,0.0,0.0
2001-02-03,0.0,12.1,6.8
2001-02-04,0.0,1.1,0.0
2001-02-05,0.0,0.4,0.0
2001-02-06,0.0,0.5,0.0
2001-02-07,0.0,0.1,0.0
2001-02-08,0.0,3.2,0.0
2001-02-09,0.0,5.0,0.0
2001-02-11,3.0,0.0,0.0
2001-02-12,0.0,0.0,0.0
2001-02-13,0.0,4.2,0.0
2001-02-15,4.0,0.2,0.0
2001-02-18,4.0,2.7,0.0
2001-02-19,6.0,0.9,0.0
2001-02-21,1.0,0.0,0.0
2001-02-23,0.0,0.0,0.0
2001-02-24,0.0,18.2,17.6
2001-02-26,0.0,0.3,0.0
2001-02-27,37.0,0.6,0.0
2001-02-28,11.0,0.0,0.0
2001-03-01,0.0,0.0,0.0
2001-03-02,0.0,0.0,0.0
2001-03-03,0.0,0.0,0.0
2001-03-04,0.0,3.3,0.0
2001-03-05,13.0,2.2,0.0
2001-03-06,0.0,3.9,0.0
2001-03-08,7.0,17.7,12.8
2001-03-09,0.0,9.3,3.4
2001-03-10,28.0,30.3,36.1
2001-03-11,58.0,0.0,0.0
2001-03-12,0.0,0.1,0.0
2001-03-13,24.0,0.8,0.0
2001-03-14,0.0,0.4,0.0
2001-03-15,0.0,0.4,0.0
2001-03-16,0.0,1.2,0.0
2001-03-17,0.0,14.6,8.5
2001-03-18,16.0,8.3,2.7
2001-03-19,20.0,10.2,4.7
2001-03-20,9.0,3.0,0.0
2001-03-21,0.0,30.1,21.6
2001-03-22,26.0,9.6,2.0
2001-03-25,5.0,2.9,0.0
2001-03-28,3.0,19.0,8.1
2001-03-29,3.0,37.1,29.1
2001-03-30,27.0,7.2,1.0
2001-03-31,8.0,0.0,0.0
2001-04-01,0.0,0.2,0.0
2001-04-02,0.0,6.9,0.0
2001-04-04,15.0,7.3,1.0
2001-04-05,0.0,4.6,0.0
2001-04-06,1.0,8.2,1.1
2001-04-08,2.0,37.2,39.5
2001-04-09,16.0,2.2,0.0
2001-04-10,5.0,1.3,0.0
2001-04-12,0.0,5.3,0.0
2001-04-13,0.0,3.2,0.0
2001-04-14,0.0,0.1,0.0
2001-04-16,0.0,0.7,0.0
2001-04-17,0.0,6.6,1.0
2001-04-18,13.0,0.1,0.0
2001-04-19,0.0,0.9,0.0
2001-04-20,0.0,0.9,0.0
2001-04-21,0.0,0.1,0.0
2001-04-22,0.0,1.7,0.0
2001-04-23,0.0,16.6,9.6
2001-04-24,6.0,0.2,0.0
2001-04-25,0.0,13.9,6.0
2001-04-27,27.0,3.5,0.0
2001-04-28,0.0,44.3,42.6
2001-04-30,1.0,15.5,7.6
2001-05-01,27.0,8.5,1.2
2001-05-02,2.0,4.1,0.0
2001-05-04,25.0,50.4,58.1
2001-05-06,0.0,32.3,37.9
2001-05-08,35.0,3.6,0.0
2001-05-11,0.0,36.5,39.8
2001-05-12,19.0,7.1,1.0
2001-05-13,23.0,1.4,0.0
2001-05-14,10.0,0.0,0.0
2001-05-16,7.0,5.0,0.0
2001-05-18,0.0,0.0,0.0
2001-05-20,0.0,0.5,0.0
2001-05-21,0.0,2.0,0.0
2001-05-22,11.0,7.5,1.1
2001-05-23,4.0,4.5,0.0
2001-05-24,35.0,19.2,24.1
2001-05-25,1.0,2.4,0.0
2001-05-26,0.0,12.2,7.3
2001-05-27,63.0,5.3,0.0
2001-05-29,14.0,2.9,0.0
2001-05-30,0.0,1.2,0.0
2001-05-31,0.0,0.1,0.0
2001-06-01,0.0,4.1,0.0
2001-06-02,8.0,0.4,0.0
2001-06-03,0.0,42.2,52.1
2001-06-04,7.0,4.7,0.0
2001-06-05,4.0,0.5,0.0
2001-06-06,0.0,0.2,0.0
2001-06-07,1.0,44.3,54.3
2001-06-08,53.0,7.0,1.0
2001-06-10,0.0,3.0,0.0
2001-06-11,6.0,0.6,0.0
2001-06-12,0.0,0.0,0.0
2001-06-14,0.0,0.0,0.0
2001-06-16,2.0,0.3,0.0
2001-06-17,0.0,22.6,25.0
2001-06-18,26.0,12.0,6.3
2001-06-19,1.0,18.2,20.5
2001-06-20,14.0,0.6,0.0
2001-06-21,0.0,8.5,2.1
2001-06-22,1.0,18.6,21.3
2001-06-24,0.0,26.1,34.4
2001-06-25,100.0,14.6,11.2
2001-06-26,8.0,0.7,0.0
2001-06-27,0.0,0.3,0.0
2001-06-28,0.0,1.2,0.0
2001-06-29,0.0,2.0,0.0
2001-06-30,0.0,0.3,0.0
2001-07-01,0.0,5.8,0.0
2001-07-02,32.0,0.2,0.0
2001-07-03,0.0,0.4,0.0
2001-07-04,0.0,0.7,0.0
2001-07-05,0.0,3.0,0.0
2001-07-06,0.0,0.1,0.0
2001-07-07,0.0,0.1,0.0
2001-07-08,0.0,0.1,0.0
2001-07-09,0.0,0.1,0.0
2001-07-10,1.0,2.8,0.0
2001-07-11,0.0,8.7,2.5
2001-07-13,13.0,8.6,2.3
2001-07-14,2.0,0.7,0.0
2001-07-16,104.0,0.6,0.0
2001-07-17,0.0,0.0,0.0
2001-07-18,0.0,2.1,0.0
2001-07-19,1.0,0.0,0.0
2001-07-20,0.0,0.6,0.0
2001-07-21,0.0,1.8,0.0
2001-07-22,0.0,0.3,0.0
2001-07-23,0.0,3.7,0.0
2001-07-24,0.0,0.1,0.0
2001-07-25,0.0,9.5,4.7
2001-07-26,2.0,7.4,2.1
2001-07-27,9.0,29.0,38.3
2001-07-28,28.0,4.5,0.0
2001-07-29,32.0,4.9,0.0
2001-07-30,0.0,18.2,28.7
2001-07-31,15.0,3.9,0.0
2001-08-02,0.0,8.6,4.0
2001-08-03,0.0,15.1,21.0
2001-08-04,18.0,4.4,0.0
2001-08-05,0.0,8.3,3.7
2001-08-06,15.0,2.5,0.0
2001-08-07,37.0,10.0,5.9
2001-08-08,74.0,1.8,0.0
2001-08-10,21.0,0.6,0.0
2001-08-11,0.0,0.2,0.0
2001-08-12,0.0,2.0,0.0
2001-08-13,2.0,0.8,0.0
2001-08-14,24.0,13.4,7.8
2001-08-15,15.0,0.7,0.0
2001-08-16,0.0,43.9,48.9
2001-08-17,26.0,7.7,2.0
2001-08-18,2.0,0.0,0.0
2001-08-19,4.0,25.9,28.6
2001-08-20,2.0,50.9,55.3
2001-08-21,38.0,38.9,51.2
2001-08-22,49.0,0.2,0.0
2001-08-23,0.0,7.5,1.0
2001-08-24,2.0,8.0,1.3
2001-08-25,1.0,20.5,16.3
2001-08-26,21.0,34.2,47.7
2001-08-27,2.0,8.9,2.2
2001-08-28,0.0,8.7,2.0
2001-08-29,2.0,44.2,61.1
2001-08-30,1.0,2.8,0.0
2001-08-31,0.0,40.5,53.3
2001-09-01,30.0,16.6,10.3
2001-09-02,9.0,1.9,0.0
2001-09-03,5.0,1.1,0.0
2001-09-04,41.0,18.4,12.5
2001-09-05,26.0,7.0,0.0
2001-09-06,32.0,6.6,0.0
2001-09-07,2.0,6.7,0.0
2001-09-08,3.0,2.7,0.0
2001-09-09,2.0,19.3,13.7
2001-09-10,1.0,11.8,4.7
2001-09-11,0.0,6.4,0.0
2001-09-12,18.0,31.0,30.9
2001-09-13,19.0,3.8,0.0
2001-09-14,2.0,16.1,7.7
2001-09-15,6.0,9.0,1.0
2001-09-16,32.0,19.8,11.4
2001-09-17,11.0,7.9,0.0
2001-09-18,4.0,5.4,0.0
2001-09-19,1.0,8.8,1.0
2001-09-20,0.0,5.9,0.0
2001-09-21,6.0,6.8,1.6
2001-09-22,38.0,10.4,5.1
2001-09-23,1.0,16.9,11.1
2001-09-24,79.0,4.0,0.0
2001-09-25,0.0,4.9,0.0
2001-09-26,3.0,16.0,10.3
2001-09-27,4.0,3.8,0.0
2001-09-28,0.0,5.7,1.0
2001-09-29,11.0,5.6,1.0
2001-09-30,34.0,16.9,11.1
2001-10-01,2.0,22.7,17.5
2001-10-02,1.0,30.0,32.0
2001-10-03,19.0,3.6,0.0
2001-10-04,14.0,2.6,0.0
2001-10-05,0.0,19.9,15.1
2001-10-06,2.0,34.6,38.9
2001-10-07,35.0,7.2,1.8
2001-10-11,3.0,11.2,5.7
2001-10-12,8.0,9.7,4.2
2001-10-13,1.0,10.3,4.8
2001-10-14,12.0,6.9,1.4
2001-10-15,0.0,88.8,103.8
2001-10-16,130.0,7.4,1.9
2001-10-17,0.0,21.1,16.4
2001-10-18,145.0,12.6,7.2
2001-10-19,55.0,10.9,5.4
2001-10-20,12.0,22.2,17.1
2001-10-21,43.0,9.0,1.8
2001-10-22,79.0,45.5,53.1
2001-10-23,28.0,44.6,56.0
2001-10-24,61.0,7.8,1.0
2001-10-25,62.0,20.2,13.9
2001-10-26,5.0,10.8,3.7
2001-10-27,3.0,22.2,16.3
2001-10-28,24.0,18.3,11.8
2001-10-29,4.0,25.1,29.1
2001-10-30,41.0,21.9,16.0
2001-10-31,32.0,7.6,1.0
2001-11-02,15.0,4.4,0.0
2001-11-03,0.0,8.2,1.0
2001-11-04,31.0,25.3,20.1
2001-11-05,50.0,0.8,0.0
2001-11-06,0.0,17.6,9.2
2001-11-07,46.0,14.9,6.6
2001-11-08,60.0,14.5,6.3
2001-11-09,1.0,7.5,1.0
2001-11-10,0.0,45.6,44.3
2001-11-11,75.0,4.1,0.0
2001-11-12,10.0,1.8,0.0
2001-11-13,0.0,6.4,0.0
2001-11-14,34.0,7.5,1.0
2001-11-15,0.0,12.8,5.0
2001-11-16,6.0,7.5,1.0
2001-11-17,2.0,9.8,2.2
2001-11-19,6.0,25.8,22.5
2001-11-20,50.0,4.7,0.0
2001-11-22,0.0,27.5,28.1
2001-11-23,94.0,13.5,6.8
2001-11-24,11.0,33.1,31.0
2001-11-25,97.0,28.5,27.8
2001-11-26,28.0,27.2,24.8
2001-11-27,23.0,1.6,0.0
2001-11-28,16.0,0.1,0.0
2001-11-29,0.0,0.2,0.0
2001-11-30,1.0,0.0,0.0
2001-12-01,0.0,3.5,0.0
2001-12-03,45.0,2.2,0.0
2001-12-04,17.0,1.7,0.0
2001-12-05,0.0,2.5,0.0
2001-12-06,54.0,2.5,0.0
2001-12-07,0.0,1.6,0.0
2001-12-08,0.0,0.5,0.0
2001-12-09,0.0,4.4,0.0
2001-12-10,2.0,6.7,1.0
2001-12-11,0.0,5.4,1.0
2001-12-12,0.0,0.0,0.0
2001-12-13,6.0,20.4,27.1
2001-12-15,1.0,19.9,18.6
2001-12-16,3.0,4.6,1.0
2001-12-17,7.0,42.7,61.8
2001-12-18,24.0,62.1,76.1
2001-12-19,38.0,4.5,1.0
2001-12-20,2.0,0.3,0.0
2001-12-21,8.0,12.2,8.3
2001-12-22,54.0,4.0,0.0
2001-12-23,5.0,28.2,40.3
2001-12-24,6.0,53.8,121.2
2001-12-25,8.0,0.1,0.0
2001-12-26,0.0,0.0,0.0
2001-12-27,4.0,5.1,1.0
2001-12-28,39.0,104.0,178.3
2001-12-29,86.0,6.4,1.4
2001-12-30,35.0,5.9,1.0
2001-12-31,29.0,0.7,0.0
2002-01-01,19.0,1.1,0.0
2002-01-02,0.0,9.5,2.8
2002-01-03,7.0,0.0,0.0
2002-01-04,4.0,0.0,0.0
2002-01-05,0.0,0.0,0.0
2002-01-06,0.0,1.3,0.0
2002-01-08,16.0,2.5,0.0
2002-01-09,0.0,0.0,0.0
2002-01-13,0.0,17.5,20.9
2002-01-14,12.0,3.3,0.0
2002-01-15,0.0,0.0,0.0
2002-01-16,0.0,0.0,0.0
2002-01-17,0.0,2.5,0.0
2002-01-18,0.0,3.6,0.0
2002-01-19,6.0,3.8,0.0
2002-01-20,26.0,25.8,32.6
2002-01-21,0.0,12.3,5.8
2002-01-22,5.0,53.9,42.9
2002-01-23,2.0,1.1,0.0
2002-01-24,2.0,6.4,1.1
2002-01-26,43.0,4.7,0.0
2002-01-27,21.0,23.4,13.1
2002-01-28,1.0,0.2,0.0
2002-01-29,9.0,0.0,0.0
2002-01-31,0.0,0.2,0.0
2002-02-01,0.0,0.0,0.0
2002-02-02,0.0,0.0,0.0
2002-02-03,0.0,0.0,0.0
2002-02-04,0.0,0.0,0.0
2002-02-05,0.0,0.0,0.0
2002-02-06,3.0,0.0,0.0
2002-02-07,0.0,0.8,0.0
2002-02-08,2.0,0.0,0.0
2002-02-09,0.0,0.0,0.0
2002-02-10,0.0,1.6,0.0
2002-02-11,0.0,0.0,0.0
2002-02-12,0.0,3.0,0.0
2002-02-13,0.0,2.4,0.0
2002-02-14,0.0,1.1,0.0
2002-02-15,0.0,3.9,0.0
2002-02-16,9.0,0.3,0.0
2002-02-17,0.0,1.1,0.0
2002-02-18,2.0,0.2,0.0
2002-02-19,2.0,3.8,0.0
2002-02-20,15.0,12.1,5.7
2002-02-21,26.0,0.0,0.0
2002-02-22,0.0,2.3,0.0
2002-02-23,0.0,1.5,0.0
2002-02-24,0.0,0.2,0.0
2002-02-25,30.0,0.0,0.0
2002-02-26,0.0,0.0,0.0
2002-02-27,5.0,17.3,10.9
2002-02-28,0.0,19.5,20.9
2002-03-01,2.0,0.2,0.0
2002-03-02,0.0,0.0,0.0
2002-03-03,0.0,0.0,0.0
2002-03-04,0.0,0.0,0.0
2002-03-05,0.0,0.3,0.0
2002-03-06,0.0,1.1,0.0
2002-03-07,0.0,0.0,0.0
2002-03-08,0.0,0.0,0.0
2002-03-09,0.0,0.1,0.0
2002-03-10,0.0,0.0,0.0
2002-03-11,0.0,0.0,0.0
2002-03-12,0.0,2.0,0.0
2002-03-13,0.0,0.0,0.0
2002-03-14,0.0,6.9,1.3
2002-03-17,0.0,0.0,0.0
2002-03-18,0.0,5.5,0.0
2002-03-19,3.0,5.9,1.0
2002-03-20,25.0,3.8,0.0
2002-03-21,0.0,13.2,4.6
2002-03-22,23.0,74.5,63.4
2002-03-23,58.0,19.9,9.9
2002-03-24,7.0,10.5,2.7
2002-03-25,1.0,1.1,0.0
2002-03-26,0.0,0.1,0.0
2002-03-27,6.0,0.0,0.0
2002-03-28,0.0,1.2,0.0
2002-03-30,0.0,1.3,0.0
2002-04-01,35.0,3.3,0.0
2002-04-02,1.0,0.0,0.0
2002-04-03,0.0,3.5,0.0
2002-04-04,0.0,0.1,0.0
2002-04-05,0.0,23.6,23.3
2002-04-06,56.0,0.0,0.0
2002-04-07,0.0,1.8,0.0
2002-04-10,25.0,0.0,0.0
2002-04-11,0.0,0.0,0.0
2002-04-12,2.0,0.0,0.0
2002-04-13,1.0,0.0,0.0
2002-04-14,0.0,1.0,0.0
2002-04-15,22.0,0.0,0.0
2002-04-16,0.0,4.2,0.0
2002-04-17,1.0,5.5,0.0
2002-04-18,1.0,0.2,0.0
2002-04-19,0.0,17.6,13.4
2002-04-20,3.0,0.0,0.0
2002-04-22,0.0,16.7,8.5
2002-04-23,1.0,0.0,0.0
2002-04-24,0.0,3.5,0.0
2002-04-25,2.0,17.8,10.4
2002-04-26,27.0,0.4,0.0
2002-04-27,0.0,2.3,0.0
2002-04-28,0.0,13.8,5.9
2002-04-29,8.0,20.3,20.2
2002-05-01,0.0,25.5,24.8
2002-05-02,34.0,0.1,0.0
2002-05-03,0.0,5.7,0.0
2002-05-04,16.0,4.6,0.0
2002-05-05,1.0,56.3,61.4
2002-05-06,45.0,19.5,14.8
2002-05-07,7.0,33.4,39.9
2002-05-08,36.0,25.2,25.8
2002-05-11,0.0,0.0,0.0
2002-05-12,0.0,0.0,0.0
2002-05-13,0.0,0.0,0.0
2002-05-14,0.0,8.8,1.9
2002-05-15,5.0,3.2,0.0
2002-05-16,1.0,0.0,0.0
2002-05-17,0.0,0.1,0.0
2002-05-18,0.0,0.0,0.0
2002-05-19,0.0,5.4,0.0
2002-05-20,34.0,15.4,8.5
2002-05-21,33.0,1.6,0.0
2002-05-22,0.0,0.3,0.0
2002-05-24,33.0,2.3,0.0
2002-05-25,11.0,3.5,0.0
2002-05-26,6.0,4.8,0.0
2002-05-27,0.0,2.7,0.0
2002-05-28,0.0,0.0,0.0
2002-05-29,0.0,1.8,0.0
2002-06-02,0.0,3.2,0.0
2002-06-03,0.0,6.1,0.0
2002-06-04,2.0,11.1,4.4
2002-06-06,10.0,4.1,0.0
2002-06-07,0.0,0.2,0.0
2002-06-08,0.0,0.0,0.0
2002-06-09,6.0,5.6,0.0
2002-06-10,0.0,2.6,0.0
2002-06-11,5.0,5.1,0.0
2002-06-12,1.0,0.7,0.0
2002-06-15,0.0,1.0,0.0
2002-06-16,0.0,1.1,0.0
2002-06-18,0.0,4.4,0.0
2002-06-19,0.0,0.1,0.0
2002-06-20,0.0,0.0,0.0
2002-06-21,0.0,0.4,0.0
2002-06-22,0.0,0.0,0.0
2002-06-23,0.0,0.0,0.0
2002-06-24,0.0,0.0,0.0
2002-06-25,3.0,0.0,0.0
2002-06-26,0.0,8.9,2.6
2002-06-28,1.0,1.9,0.0
2002-07-01,9.0,12.6,9.3
2002-07-02,0.0,0.9,0.0
2002-07-03,0.0,4.7,0.0
2002-07-04,2.0,2.6,0.0
2002-07-06,0.0,0.0,0.0
2002-07-07,0.0,1.4,0.0
2002-07-08,0.0,0.4,0.0
2002-07-10,0.0,12.6,10.1
2002-07-12,0.0,4.4,0.0
2002-07-13,0.0,1.7,0.0
2002-07-14,0.0,0.2,0.0
2002-07-15,0.0,0.3,0.0
2002-07-16,0.0,3.1,0.0
2002-07-17,0.0,15.4,17.4
2002-07-18,60.0,7.2,1.0
2002-07-20,0.0,2.1,0.0
2002-07-21,0.0,4.0,0.0
2002-07-22,0.0,21.5,32.2
2002-07-23,15.0,2.7,0.0
2002-07-24,11.0,2.2,0.0
2002-07-26,77.0,0.5,0.0
2002-07-27,0.0,3.4,0.0
2002-07-28,43.0,9.1,4.2
2002-07-31,0.0,0.0,0.0
2002-08-01,0.0,64.3,61.6
2002-08-02,1.0,10.2,6.2
2002-08-04,8.0,5.3,0.0
2002-08-05,0.0,0.1,0.0
2002-08-06,0.0,5.0,0.0
2002-08-07,0.0,16.9,25.4
2002-08-08,1.0,10.7,6.8
2002-08-10,1.0,19.6,28.9
2002-08-11,13.0,0.1,0.0
2002-08-12,0.0,0.8,0.0
2002-08-13,0.0,1.1,0.0
2002-08-14,0.0,0.0,0.0
2002-08-15,0.0,1.6,0.0
2002-08-17,0.0,17.4,12.0
2002-08-18,5.0,4.1,0.0
2002-08-20,0.0,7.3,1.7
2002-08-21,0.0,0.6,0.0
2002-08-22,0.0,2.3,0.0
2002-08-23,0.0,8.0,1.2
2002-08-24,0.0,0.0,0.0
2002-08-25,0.0,11.1,4.7
2002-08-26,21.0,32.0,41.6
2002-08-27,17.0,19.8,15.2
2002-08-28,6.0,15.3,9.7
2002-08-29,15.0,2.7,0.0
2002-08-30,55.0,7.8,1.0
2002-08-31,1.0,4.1,0.0
2002-09-01,0.0,4.0,0.0
2002-09-02,1.0,5.9,0.0
2002-09-03,9.0,1.5,0.0
2002-09-04,31.0,11.1,3.9
2002-09-05,15.0,3.6,0.0
2002-09-06,1.0,0.7,0.0
2002-09-07,0.0,26.0,34.8
2002-09-08,36.0,42.2,56.1
2002-09-09,83.0,24.1,29.9
2002-09-10,45.0,42.9,54.9
2002-09-11,38.0,16.9,8.5
2002-09-12,2.0,5.9,0.0
2002-09-13,38.0,6.7,0.0
2002-09-14,1.0,14.0,5.6
2002-09-15,19.0,24.2,17.0
2002-09-16,13.0,8.3,0.0
2002-09-18,8.0,10.6,2.2
2002-09-19,13.0,9.3,1.0
2002-09-20,4.0,9.5,1.1
2002-09-21,99.0,7.2,2.0
2002-09-22,26.0,23.7,19.9
2002-09-23,26.0,13.1,7.6
2002-09-24,31.0,29.8,27.4
2002-09-25,51.0,9.0,3.8
2002-09-27,2.0,8.4,3.2
2002-09-28,5.0,23.0,17.0
2002-09-29,11.0,6.3,1.0
2002-10-01,0.0,0.5,0.0
2002-10-02,0.0,2.6,0.0
2002-10-03,5.0,6.4,1.0
2002-10-04,0.0,0.0,0.0
2002-10-05,0.0,24.2,21.9
2002-10-06,20.0,4.9,0.0
2002-10-07,3.0,11.0,5.7
2002-10-08,34.0,7.3,1.9
2002-10-09,9.0,29.0,34.5
2002-10-10,90.0,16.3,11.3
2002-10-11,58.0,6.0,1.0
2002-10-13,57.0,3.2,0.0
2002-10-15,0.0,0.5,0.0
2002-10-16,0.0,68.0,81.4
2002-10-17,31.0,0.1,0.0
2002-10-18,41.0,1.4,0.0
2002-10-19,2.0,2.4,0.0
2002-10-20,5.0,13.0,7.6
2002-10-21,14.0,14.4,7.6
2002-10-22,2.0,0.9,0.0
2002-10-23,0.0,7.6,1.0
2002-10-24,13.0,6.7,0.0
2002-10-25,23.0,5.2,0.0
2002-10-26,0.0,6.4,0.0
2002-10-27,6.0,23.3,18.4
2002-10-28,14.0,16.5,9.8
2002-10-29,1.0,11.2,4.1
2002-10-30,3.0,2.6,0.0
2002-11-01,6.0,0.1,0.0
2002-11-02,15.0,31.7,27.2
2002-11-03,5.0,47.3,47.6
2002-11-04,70.0,0.1,0.0
2002-11-05,0.0,5.2,0.0
2002-11-06,0.0,2.2,0.0
2002-11-07,0.0,4.7,0.0
2002-11-08,2.0,12.9,4.9
2002-11-09,16.0,12.4,4.4
2002-11-10,19.0,13.6,5.5
2002-11-12,2.0,2.6,0.0
2002-11-13,0.0,15.3,7.5
2002-11-14,4.0,1.9,0.0
2002-11-16,0.0,12.7,4.9
2002-11-17,2.0,21.7,15.5
2002-11-18,1.0,8.6,1.1
2002-11-19,15.0,28.6,27.6
2002-11-20,14.0,8.6,1.1
2002-11-21,15.0,2.4,0.0
2002-11-22,0.0,2.3,0.0
2002-11-23,0.0,12.8,6.2
2002-11-24,4.0,25.5,17.6
2002-11-25,2.0,5.0,0.0
2002-11-26,0.0,1.9,0.0
2002-11-27,0.0,0.0,0.0
2002-11-28,0.0,4.0,0.0
2002-11-30,0.0,0.1,0.0
2002-12-01,0.0,1.6,0.0
2002-12-02,7.0,8.1,2.2
2002-12-03,0.0,0.0,0.0
2002-12-04,0.0,0.0,0.0
2002-12-05,1.0,0.4,0.0
2002-12-06,0.0,7.1,1.1
2002-12-07,1.0,0.2,0.0
2002-12-08,0.0,7.1,1.1
2002-12-09,6.0,0.4,0.0
2002-12-10,1.0,0.3,0.0
2002-12-11,0.0,9.7,5.9
2002-12-12,5.0,3.1,0.0
2002-12-13,6.0,0.0,0.0
2002-12-14,1.0,4.1,0.0
2002-12-15,0.0,0.8,0.0
2002-12-16,57.0,0.1,0.0
2002-12-18,52.0,0.3,0.0
2002-12-19,0.0,36.4,54.5
2002-12-20,3.0,0.0,0.0
2002-12-21,0.0,14.4,11.4
2002-12-22,8.0,0.8,0.0
2002-12-23,0.0,2.0,0.0
2002-12-25,0.0,4.9,1.0
2002-12-26,0.0,27.4,37.2
2002-12-27,2.0,37.9,63.0
2002-12-28,4.0,13.1,9.6
2002-12-31,0.0,18.4,18.9
2003-01-01,6.0,6.5,1.0
2003-01-02,0.0,5.8,0.0
2003-01-03,15.0,14.2,6.7
2003-01-04,2.0,8.2,1.8
2003-01-05,0.0,0.4,0.0
2003-01-06,0.0,0.0,0.0
2003-01-07,0.0,0.1,0.0
2003-01-08,1.0,4.3,0.0
2003-01-09,1.0,1.0,0.0
2003-01-11,1.0,4.3,1.0
2003-01-12,2.0,0.8,0.0
2003-01-13,0.0,0.0,0.0
2003-01-14,0.0,7.1,3.2
2003-01-15,1.0,0.3,0.0
2003-01-17,6.0,1.1,0.0
2003-01-19,9.0,25.5,31.7
2003-01-20,58.0,0.0,0.0
2003-01-21,7.0,54.9,43.4
2003-01-22,49.0,26.3,14.4
2003-01-23,5.0,0.2,0.0
2003-01-24,0.0,0.1,0.0
2003-01-25,1.0,0.2,0.0
2003-01-26,24.0,1.6,0.0
2003-01-27,0.0,0.0,0.0
2003-01-29,0.0,0.5,0.0
2003-01-30,0.0,8.2,2.3
2003-01-31,31.0,63.8,60.5
2003-02-01,1.0,81.2,52.5
2003-02-02,16.0,3.1,0.0
2003-02-03,2.0,0.1,0.0
2003-02-05,43.0,5.5,2.6
2003-02-06,0.0,1.6,0.0
2003-02-07,32.0,0.5,0.0
2003-02-10,11.0,4.6,0.0
2003-02-11,16.0,9.6,3.8
2003-02-12,33.0,34.3,31.3
2003-02-13,14.0,0.9,0.0
2003-02-14,5.0,10.7,4.6
2003-02-16,118.0,3.7,0.0
2003-02-17,0.0,4.8,0.0
2003-02-18,3.0,2.3,0.0
2003-02-21,1.0,9.6,4.1
2003-02-22,5.0,0.3,0.0
2003-02-23,0.0,1.1,0.0
2003-02-24,0.0,0.8,0.0
2003-02-26,0.0,0.0,0.0
2003-02-27,1.0,0.7,0.0
2003-02-28,0.0,1.3,0.0
2003-03-01,0.0,0.0,0.0
2003-03-02,0.0,0.0,0.0
2003-03-03,0.0,1.2,0.0
2003-03-04,0.0,0.0,0.0
2003-03-05,0.0,0.7,0.0
2003-03-06,0.0,0.1,0.0
2003-03-07,0.0,2.9,0.0
2003-03-08,0.0,3.7,0.0
2003-03-10,0.0,3.5,0.0
2003-03-11,0.0,3.8,0.0
2003-03-12,25.0,0.0,0.0
2003-03-13,0.0,14.9,8.5
2003-03-15,1.0,0.0,0.0
2003-03-16,0.0,8.0,2.4
2003-03-17,0.0,0.0,0.0
2003-03-19,0.0,0.1,0.0
2003-03-20,0.0,46.6,51.5
2003-03-21,6.0,0.0,0.0
2003-03-22,0.0,1.2,0.0
2003-03-23,0.0,0.3,0.0
2003-03-24,0.0,15.2,6.1
2003-03-25,5.0,7.1,1.0
2003-03-27,28.0,0.5,0.0
2003-03-28,0.0,11.4,3.3
2003-03-29,23.0,9.6,2.0
2003-03-30,2.0,11.3,3.3
2003-03-31,46.0,41.4,35.1
2003-04-01,65.0,1.1,0.0
2003-04-02,0.0,84.9,57.6
2003-04-03,6.0,7.9,1.0
2003-04-04,0.0,3.7,0.0
2003-04-05,6.0,0.2,0.0
2003-04-07,4.0,15.3,8.5
2003-04-08,30.0,0.0,0.0
2003-04-09,0.0,0.0,0.0
2003-04-10,0.0,1.8,0.0
2003-04-11,0.0,13.8,6.4
2003-04-12,32.0,0.7,0.0
2003-04-14,0.0,0.4,0.0
2003-04-15,2.0,2.6,0.0
2003-04-16,0.0,9.6,3.1
2003-04-17,2.0,2.2,0.0
2003-04-18,0.0,3.0,0.0
2003-04-19,0.0,0.0,0.0
2003-04-20,0.0,4.9,0.0
2003-04-22,0.0,3.5,0.0
2003-04-23,2.0,1.6,0.0
2003-04-24,0.0,0.9,0.0
2003-04-25,0.0,0.8,0.0
2003-04-26,5.0,10.2,2.6
2003-04-27,6.0,2.1,0.0
2003-04-28,0.0,8.9,1.3
2003-04-29,8.0,1.6,0.0
2003-04-30,7.0,9.5,1.9
2003-05-01,1.0,15.4,8.4
2003-05-02,13.0,40.5,48.9
2003-05-03,60.0,5.7,0.0
2003-05-04,18.0,36.2,43.9
2003-05-05,81.0,16.2,9.2
2003-05-06,38.0,10.0,2.7
2003-05-07,13.0,8.9,1.6
2003-05-08,3.0,0.4,0.0
2003-05-09,0.0,37.8,45.9
2003-05-10,10.0,1.2,0.0
2003-05-11,0.0,19.7,22.5
2003-05-12,10.0,46.7,53.2
2003-05-13,7.0,27.6,35.7
2003-05-14,14.0,7.4,1.0
2003-05-15,3.0,16.8,9.8
2003-05-17,0.0,0.0,0.0
2003-05-18,0.0,0.0,0.0
2003-05-19,0.0,0.0,0.0
2003-05-20,0.0,0.0,0.0
2003-05-21,0.0,0.2,0.0
2003-05-22,0.0,3.8,0.0
2003-05-23,0.0,1.4,0.0
2003-05-24,0.0,0.5,0.0
2003-05-25,0.0,0.7,0.0
2003-05-26,0.0,0.1,0.0
2003-05-27,0.0,0.0,0.0
2003-05-28,0.0,0.0,0.0
2003-05-29,0.0,0.2,0.0
2003-05-30,6.0,7.8,1.5
2003-06-01,0.0,2.7,0.0
2003-06-02,0.0,0.0,0.0
2003-06-03,0.0,0.3,0.0
2003-06-04,0.0,0.2,0.0
2003-06-05,0.0,2.3,0.0
2003-06-06,0.0,4.3,0.0
2003-06-07,33.0,0.0,0.0
2003-06-08,0.0,0.0,0.0
2003-06-09,0.0,0.0,0.0
2003-06-10,0.0,1.7,0.0
2003-06-11,2.0,25.2,29.2
2003-06-12,45.0,3.6,0.0
2003-06-13,0.0,0.1,0.0
2003-06-14,0.0,0.0,0.0
2003-06-18,13.0,29.4,36.0
2003-06-19,68.0,0.0,0.0
2003-06-20,0.0,2.9,0.0
2003-06-21,5.0,4.4,0.0
2003-06-22,53.0,3.1,0.0
2003-06-23,0.0,0.0,0.0
2003-06-24,0.0,0.0,0.0
2003-06-25,1.0,18.0,16.5
2003-06-26,91.0,15.9,11.6
2003-06-27,3.0,0.0,0.0
2003-06-28,0.0,7.3,1.0
2003-06-29,7.0,5.8,0.0
2003-06-30,3.0,4.4,0.0
2003-07-01,3.0,16.5,18.7
2003-07-02,35.0,25.1,35.6
2003-07-03,45.0,29.9,43.1
2003-07-04,6.0,9.9,4.9
2003-07-05,1.0,0.0,0.0
2003-07-06,0.0,3.5,0.0
2003-07-08,7.0,2.5,0.0
2003-07-09,0.0,6.8,1.0
2003-07-12,75.0,3.8,0.0
2003-07-13,1.0,5.8,0.0
2003-07-14,3.0,2.8,0.0
2003-07-15,13.0,0.0,0.0
2003-07-16,0.0,0.3,0.0
2003-07-17,5.0,0.8,0.0
2003-07-18,0.0,11.1,6.3
2003-07-19,3.0,25.7,33.1
2003-07-20,2.0,6.1,0.0
2003-07-21,42.0,3.9,0.0
2003-07-22,0.0,2.2,0.0
2003-07-24,0.0,10.1,5.4
2003-07-25,13.0,6.6,1.2
2003-07-26,1.0,0.0,0.0
2003-07-27,0.0,1.1,0.0
2003-07-28,0.0,5.4,0.0
2003-07-30,2.0,1.3,0.0
2003-07-31,19.0,0.5,0.0
2003-08-03,87.0,4.8,0.0
2003-08-04,0.0,0.1,0.0
2003-08-05,51.0,1.8,0.0
2003-08-07,0.0,1.4,0.0
2003-08-08,0.0,5.3,0.0
2003-08-09,25.0,8.1,3.4
2003-08-11,12.0,5.9,1.0
2003-08-12,47.0,7.9,2.3
2003-08-13,0.0,7.3,1.7
2003-08-14,2.0,1.4,0.0
2003-08-15,15.0,7.1,1.5
2003-08-16,3.0,45.7,52.6
2003-08-17,18.0,3.6,0.0
2003-08-18,0.0,0.4,0.0
2003-08-20,0.0,1.1,0.0
2003-08-21,0.0,0.0,0.0
2003-08-22,0.0,49.5,66.4
2003-08-23,5.0,6.2,0.0
2003-08-24,0.0,9.1,2.5
2003-08-25,18.0,0.2,0.0
2003-08-26,0.0,8.4,1.7
2003-08-27,6.0,8.4,1.7
2003-08-28,7.0,0.0,0.0
2003-08-29,0.0,2.1,0.0
2003-08-30,0.0,27.5,33.2
2003-08-31,9.0,1.8,0.0
2003-09-01,33.0,43.4,57.5
2003-09-02,17.0,0.5,0.0
2003-09-03,1.0,15.9,9.5
2003-09-04,6.0,5.3,0.0
2003-09-05,0.0,1.6,0.0
2003-09-06,0.0,2.3,0.0
2003-09-07,0.0,16.7,10.4
2003-09-08,0.0,16.2,9.8
2003-09-09,3.0,10.6,3.4
2003-09-10,3.0,12.1,5.1
2003-09-11,14.0,6.3,0.0
2003-09-12,6.0,43.7,45.9
2003-09-13,42.0,21.4,13.0
2003-09-14,4.0,10.7,2.3
2003-09-15,7.0,8.1,0.0
2003-09-16,1.0,0.5,0.0
2003-09-17,86.0,7.2,0.0
2003-09-18,9.0,47.1,47.7
2003-09-19,3.0,15.6,7.2
2003-09-21,94.0,2.3,0.0
2003-09-22,4.0,8.7,3.5
2003-09-23,40.0,0.0,0.0
2003-09-24,0.0,64.3,60.1
2003-09-25,25.0,13.2,7.7
2003-09-26,4.0,20.8,14.7
2003-09-27,13.0,42.9,41.1
2003-09-28,74.0,0.6,0.0
2003-09-29,0.0,6.1,1.0
2003-09-30,3.0,1.1,0.0
2003-10-01,27.0,27.9,31.5
2003-10-02,82.0,13.6,8.5
2003-10-04,4.0,19.5,14.7
2003-10-05,2.0,21.0,16.7
2003-10-06,6.0,20.8,16.0
2003-10-07,3.0,2.5,0.0
2003-10-08,1.0,1.6,0.0
2003-10-09,0.0,1.6,0.0
2003-10-10,0.0,8.4,3.0
2003-10-11,3.0,51.4,67.2
2003-10-12,58.0,2.8,0.0
2003-10-13,1.0,6.0,1.0
2003-10-14,2.0,17.6,12.5
2003-10-15,38.0,8.0,2.5
2003-10-16,2.0,2.4,0.0
2003-10-18,32.0,1.6,0.0
2003-10-19,1.0,35.8,41.4
2003-10-20,98.0,14.6,9.3
2003-10-21,4.0,2.5,0.0
2003-10-22,1.0,2.8,0.0
2003-10-23,1.0,6.1,0.0
2003-10-24,38.0,3.8,0.0
2003-10-25,2.0,7.1,1.0
2003-10-26,6.0,0.0,0.0
2003-10-27,0.0,13.6,6.7
2003-10-28,21.0,1.7,0.0
2003-10-29,1.0,12.7,5.7
2003-10-31,17.0,22.0,16.1
2003-11-01,45.0,34.8,31.1
2003-11-02,66.0,4.1,0.0
2003-11-03,2.0,7.4,1.0
2003-11-04,10.0,0.1,0.0
2003-11-05,0.0,2.0,0.0
2003-11-06,0.0,20.4,11.9
2003-11-08,9.0,10.0,2.3
2003-11-09,4.0,0.7,0.0
2003-11-10,1.0,5.9,0.0
2003-11-12,0.0,0.0,0.0
2003-11-13,1.0,63.8,69.3
2003-11-14,0.0,1.4,0.0
2003-11-15,40.0,2.9,0.0
2003-11-19,9.0,4.0,0.0
2003-11-21,0.0,2.2,0.0
2003-11-22,0.0,0.6,0.0
2003-11-23,0.0,0.1,0.0
2003-11-24,0.0,8.0,2.2
2003-11-25,25.0,2.1,0.0
2003-11-26,0.0,18.0,10.6
2003-11-27,10.0,0.4,0.0
2003-11-28,1.0,37.9,41.4
2003-11-29,24.0,0.5,0.0
2003-11-30,2.0,0.5,0.0
2003-12-01,0.0,7.1,1.1
2003-12-02,14.0,9.3,3.5
2003-12-03,1.0,11.3,5.7
2003-12-04,12.0,5.2,0.0
2003-12-06,29.0,7.4,1.4
2003-12-07,17.0,8.2,2.3
2003-12-08,61.0,42.4,47.8
2003-12-09,61.0,26.4,32.2
2003-12-10,19.0,43.9,46.8
2003-12-11,32.0,10.2,6.6
2003-12-12,14.0,87.0,79.7
2003-12-13,36.0,1.7,0.0
2003-12-14,4.0,0.4,0.0
2003-12-15,0.0,4.7,1.0
2003-12-16,0.0,12.9,9.9
2003-12-17,8.0,7.0,2.7
2003-12-18,5.0,3.5,0.0
2003-12-19,2.0,0.4,0.0
2003-12-20,0.0,0.0,0.0
2003-12-21,0.0,1.0,0.0
2003-12-22,0.0,0.8,0.0
2003-12-23,0.0,0.0,0.0
2003-12-24,0.0,1.3,0.0
2003-12-25,2.0,0.3,0.0
2003-12-26,0.0,0.0,0.0
2003-12-27,0.0,0.1,0.0
2003-12-28,1.0,0.0,0.0
2003-12-29,0.0,6.5,1.5
2003-12-30,0.0,0.0,0.0
2003-12-31,0.0,4.3,0.0
2004-01-01,23.0,0.0,0.0
2004-01-02,0.0,0.0,0.0
2004-01-03,0.0,0.0,0.0
2004-01-04,0.0,2.7,0.0
2004-01-06,1.0,7.1,1.0
2004-01-08,0.0,0.6,0.0
2004-01-09,0.0,4.4,0.0
2004-01-10,4.0,3.0,0.0
2004-01-11,0.0,0.4,0.0
2004-01-12,8.0,20.7,25.1
2004-01-14,0.0,36.9,45.7
2004-01-15,24.0,28.9,35.7
2004-01-16,4.0,45.5,54.5
2004-01-17,21.0,0.3,0.0
2004-01-18,1.0,7.1,3.3
2004-01-19,0.0,8.0,4.3
2004-01-20,0.0,0.3,0.0
2004-01-24,16.0,2.2,0.0
2004-01-25,1.0,0.3,0.0
2004-01-26,0.0,0.0,0.0
2004-01-27,0.0,0.0,0.0
2004-01-28,0.0,0.3,0.0
2004-02-01,0.0,33.1,46.8
2004-02-02,18.0,4.6,0.0
2004-02-03,0.0,2.3,0.0
2004-02-04,1.0,1.8,0.0
2004-02-05,0.0,3.4,0.0
2004-02-06,3.0,2.2,0.0
2004-02-07,8.0,0.0,0.0
2004-02-08,0.0,0.2,0.0
2004-02-09,0.0,3.4,0.0
2004-02-11,0.0,5.9,1.0
2004-02-13,5.0,0.5,0.0
2004-02-16,1.0,5.9,1.0
2004-02-17,0.0,8.1,2.3
2004-02-18,3.0,0.0,0.0
2004-02-19,20.0,38.6,39.2
2004-02-20,9.0,12.6,6.2
2004-02-21,21.0,12.0,7.0
2004-02-22,6.0,8.1,2.6
2004-02-23,10.0,2.2,0.0
2004-02-24,3.0,1.3,0.0
2004-02-25,0.0,8.1,2.6
2004-02-28,0.0,0.7,0.0
2004-02-29,0.0,0.0,0.0
2004-03-01,0.0,0.1,0.0
2004-03-02,0.0,0.5,0.0
2004-03-04,13.0,0.6,0.0
2004-03-05,0.0,11.7,6.1
2004-03-06,3.0,0.7,0.0
2004-03-07,0.0,0.1,0.0
2004-03-09,5.0,8.9,3.0
2004-03-10,1.0,29.3,34.3
2004-03-11,46.0,42.4,47.0
2004-03-12,57.0,8.0,2.4
2004-03-13,6.0,0.3,0.0
2004-03-14,0.0,3.8,0.0
2004-03-15,0.0,0.4,0.0
2004-03-16,27.0,0.2,0.0
2004-03-18,0.0,1.3,0.0
2004-03-19,3.0,6.8,1.1
2004-03-20,24.0,61.6,70.6
2004-03-21,24.0,11.3,3.2
2004-03-22,17.0,0.1,0.0
2004-03-23,1.0,28.7,20.3
2004-03-24,56.0,1.2,0.0
2004-03-25,0.0,7.3,1.0
2004-03-26,0.0,0.0,0.0
2004-03-27,0.0,0.1,0.0
2004-03-28,0.0,0.0,0.0
2004-03-29,0.0,1.6,0.0
2004-03-30,3.0,5.5,0.0
2004-03-31,2.0,30.3,22.0
2004-04-01,35.0,0.1,0.0
2004-04-02,11.0,1.7,0.0
2004-04-03,3.0,6.1,0.0
2004-04-04,25.0,0.2,0.0
2004-04-05,4.0,0.0,0.0
2004-04-06,0.0,1.5,0.0
2004-04-07,0.0,7.7,1.0
2004-04-09,0.0,0.0,0.0
2004-04-10,0.0,0.2,0.0
2004-04-11,0.0,1.5,0.0
2004-04-12,0.0,0.0,0.0
2004-04-13,0.0,0.1,0.0
2004-04-16,0.0,0.0,0.0
2004-04-17,13.0,13.6,6.2
2004-04-19,2.0,5.7,0.0
2004-04-20,14.0,1.2,0.0
2004-04-21,0.0,0.0,0.0
2004-04-22,0.0,0.1,0.0
2004-04-23,0.0,18.2,10.6
2004-04-24,59.0,0.2,0.0
2004-04-25,0.0,2.0,0.0
2004-04-26,0.0,1.0,0.0
2004-04-27,4.0,0.4,0.0
2004-04-28,0.0,0.1,0.0
2004-04-29,0.0,1.0,0.0
2004-04-30,0.0,5.5,0.0
2004-05-01,39.0,26.4,27.1
2004-05-02,22.0,1.5,0.0
2004-05-03,2.0,0.6,0.0
2004-05-05,13.0,6.5,0.0
2004-05-06,1.0,28.4,29.9
2004-05-07,3.0,5.9,0.0
2004-05-09,0.0,0.0,0.0
2004-05-10,0.0,0.7,0.0
2004-05-11,0.0,0.0,0.0
2004-05-12,0.0,0.1,0.0
2004-05-13,0.0,0.0,0.0
2004-05-14,0.0,0.2,0.0
2004-05-15,0.0,0.1,0.0
2004-05-16,0.0,0.6,0.0
2004-05-17,0.0,0.3,0.0
2004-05-18,0.0,0.0,0.0
2004-05-19,0.0,5.4,0.0
2004-05-20,9.0,0.0,0.0
2004-05-21,0.0,17.2,20.1
2004-05-22,1.0,0.5,0.0
2004-05-23,0.0,0.4,0.0
2004-05-24,0.0,7.1,1.0
2004-05-26,48.0,0.0,0.0
2004-05-27,1.0,35.3,53.7
2004-05-28,40.0,0.9,0.0
2004-05-29,0.0,0.1,0.0
2004-05-30,0.0,4.1,0.0
2004-06-02,4.0,0.2,0.0
2004-06-03,0.0,1.1,0.0
2004-06-05,2.0,1.0,0.0
2004-06-06,1.0,4.9,0.0
2004-06-07,0.0,13.5,7.1
2004-06-08,1.0,0.9,0.0
2004-06-09,26.0,29.9,36.5
2004-06-10,46.0,0.2,0.0
2004-06-11,0.0,0.0,0.0
2004-06-12,0.0,0.0,0.0
2004-06-13,0.0,11.1,5.3
2004-06-15,9.0,0.0,0.0
2004-06-16,0.0,18.9,19.3
2004-06-17,10.0,8.5,2.5
2004-06-18,22.0,0.0,0.0
2004-06-19,0.0,0.0,0.0
2004-06-20,0.0,0.9,0.0
2004-06-21,0.0,2.7,0.0
2004-06-22,0.0,0.0,0.0
2004-06-23,0.0,0.0,0.0
2004-06-24,0.0,1.0,0.0
2004-06-26,39.0,0.9,0.0
2004-06-27,0.0,24.5,31.9
2004-06-28,34.0,10.3,4.5
2004-06-29,1.0,1.9,0.0
2004-06-30,33.0,27.1,35.6
2004-07-01,68.0,34.6,50.3
2004-07-02,33.0,5.4,0.0
2004-07-03,11.0,23.5,32.7
2004-07-04,20.0,0.2,0.0
2004-07-07,1.0,11.3,6.8
2004-07-08,4.0,0.3,0.0
2004-07-09,14.0,7.5,1.8
2004-07-10,1.0,4.2,0.0
2004-07-11,0.0,0.4,0.0
2004-07-12,0.0,0.0,0.0
2004-07-13,0.0,19.8,24.1
2004-07-14,0.0,2.8,0.0
2004-07-15,0.0,0.4,0.0
2004-07-17,3.0,2.8,0.0
2004-07-18,1.0,0.0,0.0
2004-07-19,0.0,11.6,6.8
2004-07-21,0.0,1.6,0.0
2004-07-22,21.0,11.6,7.1
2004-07-24,40.0,1.9,0.0
2004-07-25,0.0,4.5,0.0
2004-07-26,13.0,13.3,9.0
2004-07-27,58.0,14.8,11.4
2004-07-28,7.0,16.6,25.5
2004-07-29,9.0,3.5,0.0
2004-07-30,0.0,11.2,6.6
2004-07-31,13.0,10.0,5.2
2004-08-01,4.0,1.4,0.0
2004-08-02,0.0,1.6,0.0
2004-08-03,0.0,0.0,0.0
2004-08-04,0.0,0.0,0.0
2004-08-05,0.0,0.3,0.0
2004-08-06,0.0,0.3,0.0
2004-08-07,0.0,4.8,0.0
2004-08-08,0.0,0.4,0.0
2004-08-09,0.0,0.7,0.0
2004-08-10,0.0,2.8,0.0
2004-08-14,26.0,7.7,2.1
2004-08-15,49.0,10.1,4.4
2004-08-16,22.0,4.4,0.0
2004-08-17,8.0,0.1,0.0
2004-08-18,0.0,19.0,12.8
2004-08-19,21.0,3.7,0.0
2004-08-20,0.0,7.6,2.0
2004-08-22,0.0,9.6,3.0
2004-08-23,52.0,1.3,0.0
2004-08-24,5.0,2.9,0.0
2004-08-25,0.0,7.0,1.0
2004-08-26,1.0,25.1,29.1
2004-08-27,12.0,35.0,46.0
2004-08-28,28.0,6.2,0.0
2004-08-29,0.0,2.8,0.0
2004-08-31,3.0,1.6,0.0
2004-09-01,0.0,1.1,0.0
2004-09-02,16.0,23.3,31.3
2004-09-03,21.0,15.7,9.3
2004-09-04,12.0,8.7,1.3
2004-09-05,1.0,11.7,4.6
2004-09-06,21.0,8.5,1.1
2004-09-07,15.0,12.7,5.7
2004-09-08,58.0,4.6,0.0
2004-09-09,1.0,32.9,43.7
2004-09-10,41.0,20.3,14.9
2004-09-11,10.0,2.6,0.0
2004-09-12,1.0,5.3,0.0
2004-09-13,39.0,69.8,67.9
2004-09-14,11.0,26.0,23.8
2004-09-15,76.0,25.7,24.4
2004-09-16,44.0,13.4,5.0
2004-09-18,0.0,10.3,1.9
2004-09-19,18.0,49.8,50.8
2004-09-20,36.0,0.7,0.0
2004-09-22,0.0,0.0,0.0
2004-09-23,0.0,23.9,23.7
2004-09-24,42.0,3.5,0.0
2004-09-25,3.0,37.8,38.5
2004-09-26,42.0,4.6,0.0
2004-09-28,0.0,23.6,22.8
2004-09-29,33.0,48.5,46.4
2004-09-30,6.0,2.9,0.0
2004-10-01,3.0,3.0,0.0
2004-10-02,0.0,10.5,5.3
2004-10-03,18.0,1.6,0.0
2004-10-04,5.0,1.4,0.0
2004-10-05,1.0,0.3,0.0
2004-10-07,0.0,31.9,34.8
2004-10-08,20.0,32.0,38.8
2004-10-09,49.0,8.2,2.9
2004-10-10,21.0,41.9,52.4
2004-10-11,19.0,15.7,10.5
2004-10-12,35.0,4.6,0.0
2004-10-13,18.0,4.9,0.0
2004-10-15,9.0,4.2,0.0
2004-10-16,4.0,2.5,0.0
2004-10-17,0.0,1.6,0.0
2004-10-19,5.0,34.2,41.6
2004-10-20,43.0,3.3,0.0
2004-10-21,0.0,6.2,0.0
2004-10-22,18.0,7.7,1.0
2004-10-23,15.0,30.9,34.6
2004-10-24,32.0,1.2,0.0
2004-10-25,8.0,4.3,0.0
2004-10-26,1.0,27.3,29.3
2004-10-27,41.0,12.4,5.4
2004-10-28,33.0,26.8,29.3
2004-10-29,48.0,0.2,0.0
2004-10-30,12.0,14.7,7.9
2004-10-31,2.0,3.4,0.0
2004-11-01,18.0,17.8,9.4
2004-11-02,6.0,8.7,1.3
2004-11-03,27.0,8.4,1.0
2004-11-05,24.0,25.8,20.8
2004-11-06,30.0,13.9,5.7
2004-11-07,5.0,1.7,0.0
2004-11-08,0.0,1.2,0.0
2004-11-09,0.0,14.1,5.9
2004-11-10,2.0,7.8,1.0
2004-11-12,0.0,18.3,10.5
2004-11-13,30.0,3.7,0.0
2004-11-16,0.0,4.9,0.0
2004-11-17,0.0,0.0,0.0
2004-11-19,12.0,0.0,0.0
2004-11-20,0.0,1.6,0.0
2004-11-21,0.0,0.7,0.0
2004-11-22,3.0,0.0,0.0
2004-11-23,0.0,0.0,0.0
2004-11-25,6.0,0.3,0.0
2004-11-26,21.0,8.1,2.2
2004-11-27,0.0,0.9,0.0
2004-11-28,0.0,1.3,0.0
2004-11-29,0.0,33.2,32.7
2004-11-30,8.0,0.6,0.0
2004-12-01,0.0,0.7,0.0
2004-12-03,0.0,1.0,0.0
2004-12-04,1.0,10.0,4.3
2004-12-05,5.0,12.9,7.5
2004-12-07,1.0,5.2,0.0
2004-12-08,9.0,4.8,0.0
2004-12-09,12.0,36.7,40.7
2004-12-10,27.0,9.2,3.3
2004-12-11,1.0,46.1,65.4
2004-12-12,66.0,4.8,1.0
2004-12-13,7.0,1.2,0.0
2004-12-15,0.0,0.6,0.0
2004-12-16,1.0,10.2,6.5
2004-12-17,2.0,13.5,10.6
2004-12-18,8.0,11.9,8.7
2004-12-19,5.0,15.5,13.2
2004-12-20,1.0,8.3,4.2
2004-12-21,61.0,0.6,0.0
2004-12-22,0.0,3.1,0.0
2004-12-23,0.0,1.2,0.0
2004-12-24,0.0,0.8,0.0
2004-12-26,0.0,1.1,0.0
2004-12-27,0.0,0.6,0.0
2004-12-29,0.0,1.4,0.0
2004-12-30,1.0,11.2,7.0
2004-12-31,13.0,3.7,0.0
2005-01-01,1.0,12.4,5.2
2005-01-02,6.0,5.8,0.0
2005-01-03,9.0,2.1,0.0
2005-01-06,3.0,0.0,0.0
2005-01-08,0.0,7.7,1.3
2005-01-09,2.0,6.5,1.0
2005-01-10,2.0,9.2,2.6
2005-01-12,0.0,34.0,42.1
2005-01-13,190.0,1.9,0.0
2005-01-14,2.0,9.4,5.8
2005-01-16,1.0,4.1,0.0
2005-01-17,35.0,6.3,2.4
2005-01-18,37.0,15.2,17.9
2005-01-19,89.0,0.0,0.0
2005-01-20,0.0,0.2,0.0
2005-01-21,0.0,0.6,0.0
2005-01-22,0.0,0.0,0.0
2005-01-24,0.0,1.1,0.0
2005-01-25,39.0,0.0,0.0
2005-01-26,1.0,0.0,0.0
2005-01-27,0.0,0.0,0.0
2005-01-28,0.0,1.9,0.0
2005-01-29,1.0,0.6,0.0
2005-01-30,0.0,0.0,0.0
2005-01-31,5.0,0.0,0.0
2005-02-01,0.0,0.6,0.0
2005-02-02,0.0,8.1,2.7
2005-02-03,0.0,0.7,0.0
2005-02-04,0.0,0.9,0.0
2005-02-05,30.0,7.2,1.5
2005-02-07,0.0,0.1,0.0
2005-02-08,0.0,0.0,0.0
2005-02-09,0.0,0.2,0.0
2005-02-10,0.0,0.1,0.0
2005-02-12,3.0,0.0,0.0
2005-02-13,0.0,0.0,0.0
2005-02-14,0.0,0.1,0.0
2005-02-15,0.0,0.0,0.0
2005-02-16,0.0,0.8,0.0
2005-02-17,0.0,7.5,1.8
2005-02-18,0.0,0.7,0.0
2005-02-19,0.0,0.0,0.0
2005-02-20,1.0,0.5,0.0
2005-02-21,2.0,0.4,0.0
2005-02-23,0.0,0.0,0.0
2005-02-24,0.0,0.0,0.0
2005-02-25,0.0,0.0,0.0
2005-02-26,0.0,7.2,1.6
2005-02-27,10.0,4.0,0.0
2005-02-28,0.0,2.5,0.0
2005-03-01,0.0,0.2,0.0
2005-03-02,0.0,0.2,0.0
2005-03-03,0.0,18.2,18.6
2005-03-04,1.0,1.6,0.0
2005-03-05,1.0,11.5,6.0
2005-03-06,60.0,0.0,0.0
2005-03-07,0.0,0.0,0.0
2005-03-08,0.0,0.0,0.0
2005-03-09,0.0,0.0,0.0
2005-03-10,0.0,0.0,0.0
2005-03-11,0.0,0.0,0.0
2005-03-12,0.0,0.0,0.0
2005-03-13,0.0,0.0,0.0
2005-03-14,0.0,5.0,0.0
2005-03-15,0.0,0.0,0.0
2005-03-17,0.0,1.0,0.0
2005-03-18,0.0,0.5,0.0
2005-03-19,0.0,1.9,0.0
2005-03-22,15.0,30.0,22.1
2005-03-24,0.0,3.5,0.0
2005-03-26,0.0,17.4,8.4
2005-03-27,9.0,2.8,0.0
2005-03-28,0.0,0.9,0.0
2005-03-29,0.0,86.9,62.9
2005-03-30,12.0,15.7,7.7
2005-03-31,3.0,10.6,2.8
2005-04-01,2.0,12.6,5.4
2005-04-02,1.0,6.1,0.0
2005-04-03,4.0,87.9,58.3
2005-04-04,50.0,3.1,0.0
2005-04-06,1.0,0.0,0.0
2005-04-07,10.0,0.9,0.0
2005-04-08,0.0,11.8,4.4
2005-04-09,4.0,20.8,18.2
2005-04-10,1.0,2.5,0.0
2005-04-11,0.0,1.9,0.0
2005-04-12,0.0,0.0,0.0
2005-04-13,0.0,0.0,0.0
2005-04-14,0.0,0.9,0.0
2005-04-15,0.0,0.0,0.0
2005-04-16,0.0,1.2,0.0
2005-04-17,1.0,5.7,0.0
2005-04-18,8.0,0.0,0.0
2005-04-19,0.0,0.2,0.0
2005-04-20,0.0,3.8,0.0
2005-04-21,0.0,5.2,0.0
2005-04-22,0.0,2.8,0.0
2005-04-23,2.0,2.7,0.0
2005-04-24,2.0,3.6,0.0
2005-04-25,0.0,0.0,0.0
2005-04-28,0.0,1.1,0.0
2005-04-29,0.0,0.1,0.0
2005-04-30,0.0,1.4,0.0
2005-05-01,0.0,11.3,4.0
2005-05-02,0.0,2.4,0.0
2005-05-03,47.0,0.3,0.0
2005-05-04,37.0,3.0,0.0
2005-05-05,11.0,8.5,1.2
2005-05-06,12.0,0.6,0.0
2005-05-08,16.0,4.5,0.0
2005-05-09,0.0,11.4,4.2
2005-05-10,0.0,6.4,0.0
2005-05-11,0.0,1.0,0.0
2005-05-12,0.0,4.7,0.0
2005-05-13,0.0,48.1,46.4
2005-05-15,26.0,6.4,0.0
2005-05-16,75.0,14.7,7.7
2005-05-17,9.0,0.0,0.0
2005-05-18,0.0,17.2,12.3
2005-05-19,72.0,1.2,0.0
2005-05-20,0.0,0.9,0.0
2005-05-21,0.0,5.8,0.0
2005-05-22,0.0,0.8,0.0
2005-05-25,3.0,2.8,0.0
2005-05-26,0.0,0.1,0.0
2005-05-27,0.0,3.7,0.0
2005-05-28,5.0,0.7,0.0
2005-05-29,0.0,4.8,0.0
2005-05-30,0.0,0.0,0.0
2005-05-31,6.0,23.1,32.7
2005-06-01,18.0,4.3,0.0
2005-06-02,0.0,1.6,0.0
2005-06-03,0.0,0.5,0.0
2005-06-05,0.0,3.6,0.0
2005-06-07,1.0,10.6,3.8
2005-06-08,26.0,47.0,56.7
2005-06-09,54.0,11.0,4.3
2005-06-10,2.0,6.7,0.0
2005-06-13,31.0,2.6,0.0
2005-06-15,0.0,24.7,28.2
2005-06-16,37.0,3.6,0.0
2005-06-17,1.0,9.0,3.1
2005-06-18,3.0,0.7,0.0
2005-06-19,0.0,1.6,0.0
2005-06-20,0.0,5.9,0.0
2005-06-21,0.0,2.4,0.0
2005-06-22,0.0,2.1,0.0
2005-06-24,0.0,0.4,0.0
2005-06-25,0.0,1.5,0.0
2005-06-26,0.0,3.7,0.0
2005-06-27,0.0,7.0,1.0
2005-06-29,8.0,3.1,0.0
2005-06-30,8.0,1.6,0.0
2005-07-01,0.0,7.3,1.5
2005-07-02,0.0,7.0,1.1
2005-07-03,3.0,8.6,3.2
2005-07-04,1.0,17.3,19.8
2005-07-05,38.0,1.2,0.0
2005-07-06,15.0,0.4,0.0
2005-07-07,0.0,2.4,0.0
2005-07-08,21.0,2.4,0.0
2005-07-09,0.0,4.0,0.0
2005-07-10,0.0,0.2,0.0
2005-07-12,0.0,25.7,33.5
2005-07-13,16.0,4.4,0.0
2005-07-14,15.0,36.8,47.4
2005-07-15,5.0,29.6,38.7
2005-07-16,4.0,1.4,0.0
2005-07-17,0.0,2.1,0.0
2005-07-19,10.0,3.7,0.0
2005-07-20,13.0,0.1,0.0
2005-07-21,0.0,0.3,0.0
2005-07-22,0.0,12.3,9.1
2005-07-24,42.0,2.5,0.0
2005-07-25,0.0,13.2,9.1
2005-07-26,9.0,0.7,0.0
2005-07-27,0.0,0.2,0.0
2005-07-28,0.0,0.0,0.0
2005-07-29,0.0,0.0,0.0
2005-07-30,0.0,0.0,0.0
2005-07-31,0.0,2.7,0.0
2005-08-01,0.0,0.1,0.0
2005-08-02,0.0,0.6,0.0
2005-08-03,0.0,0.7,0.0
2005-08-04,0.0,0.6,0.0
2005-08-05,0.0,0.1,0.0
2005-08-07,2.0,0.4,0.0
2005-08-08,0.0,0.0,0.0
2005-08-09,0.0,1.1,0.0
2005-08-10,0.0,0.3,0.0
2005-08-11,0.0,5.2,0.0
2005-08-12,0.0,0.6,0.0
2005-08-13,0.0,21.9,16.5
2005-08-14,0.0,5.6,1.0
2005-08-16,0.0,48.4,53.5
2005-08-18,16.0,0.8,0.0
2005-08-20,4.0,4.0,0.0
2005-08-21,0.0,1.0,0.0
2005-08-22,0.0,74.0,85.7
2005-08-23,15.0,22.7,27.2
2005-08-24,1.0,11.8,5.5
2005-08-25,2.0,1.4,0.0
2005-08-26,0.0,12.6,6.4
2005-08-27,1.0,32.8,41.6
2005-08-28,41.0,1.3,0.0
2005-08-30,3.0,19.8,15.7
2005-08-31,38.0,17.4,12.2
2005-09-01,4.0,5.6,0.0
2005-09-02,13.0,0.1,0.0
2005-09-03,0.0,7.9,1.0
2005-09-06,17.0,8.2,1.0
2005-09-07,0.0,15.7,9.3
2005-09-08,5.0,9.2,1.8
2005-09-09,0.0,0.1,0.0
2005-09-11,0.0,0.0,0.0
2005-09-12,22.0,0.0,0.0
2005-09-13,0.0,32.6,34.0
2005-09-14,30.0,7.6,0.0
2005-09-15,2.0,3.2,0.0
2005-09-17,36.0,0.2,0.0
2005-09-18,0.0,4.2,0.0
2005-09-22,0.0,32.6,31.1
2005-09-23,9.0,5.7,1.0
2005-09-24,2.0,1.8,0.0
2005-09-26,28.0,18.1,12.2
2005-09-27,22.0,14.3,8.7
2005-09-28,29.0,3.3,0.0
2005-09-30,4.0,14.5,8.9
2005-10-03,27.0,19.3,14.4
2005-10-04,5.0,14.6,9.5
2005-10-05,1.0,38.7,46.2
2005-10-09,20.0,18.9,14.1
2005-10-10,41.0,6.8,1.4
2005-10-11,0.0,3.6,0.0
2005-10-12,4.0,2.8,0.0
2005-10-14,46.0,5.5,1.0
2005-10-15,7.0,18.3,13.4
2005-10-16,4.0,30.5,34.7
2005-10-17,19.0,17.7,12.7
2005-10-18,24.0,14.8,9.5
2005-10-19,9.0,31.3,37.4
2005-10-20,19.0,20.2,15.4
2005-10-22,11.0,9.2,2.1
2005-10-23,1.0,7.4,1.0
2005-10-25,1.0,3.3,0.0
2005-10-27,3.0,27.1,30.0
2005-10-28,23.0,0.2,0.0
2005-10-29,0.0,1.9,0.0
2005-10-30,0.0,21.2,15.1
2005-10-31,1.0,58.3,71.2
2005-11-01,7.0,5.4,0.0
2005-11-02,2.0,10.1,2.5
2005-11-03,0.0,36.5,33.3
2005-11-04,9.0,4.1,0.0
2005-11-05,8.0,4.3,0.0
2005-11-06,10.0,3.4,0.0
2005-11-07,12.0,0.1,0.0
2005-11-09,15.0,0.5,0.0
2005-11-10,0.0,0.0,0.0
2005-11-11,0.0,3.3,0.0
2005-11-12,7.0,10.8,3.1
2005-11-13,14.0,3.3,0.0
2005-11-15,13.0,15.2,7.4
2005-11-16,7.0,55.4,60.7
2005-11-17,14.0,4.2,0.0
2005-11-18,0.0,5.3,0.0
2005-11-19,1.0,8.4,1.0
2005-11-20,3.0,13.7,5.9
2005-11-23,4.0,4.1,0.0
2005-11-24,0.0,2.6,0.0
2005-11-25,2.0,1.4,0.0
2005-11-26,0.0,8.5,2.6
2005-11-27,1.0,0.7,0.0
2005-11-28,0.0,19.8,12.2
2005-11-29,8.0,21.0,13.2
2005-11-30,20.0,15.2,8.2
2005-12-01,5.0,8.3,2.4
2005-12-02,2.0,13.0,7.6
2005-12-03,18.0,2.1,0.0
2005-12-04,3.0,16.2,11.4
2005-12-05,27.0,18.3,13.4
2005-12-06,1.0,11.3,5.8
2005-12-07,11.0,2.4,0.0
2005-12-08,0.0,10.4,4.7
2005-12-09,18.0,1.7,0.0
2005-12-10,1.0,34.8,41.0
2005-12-11,24.0,49.6,69.4
2005-12-12,19.0,20.1,28.3
2005-12-13,13.0,15.4,13.0
2005-12-14,41.0,5.7,1.3
2005-12-15,0.0,7.0,2.7
2005-12-16,0.0,21.6,32.4
2005-12-17,66.0,18.3,17.7
2005-12-18,9.0,10.8,7.3
2005-12-20,6.0,1.1,0.0
2005-12-21,12.0,0.6,0.0
2005-12-23,9.0,3.9,0.0
2005-12-24,9.0,17.9,17.9
2005-12-25,1.0,10.3,5.9
2005-12-27,11.0,15.1,11.3
2005-12-28,80.0,0.2,0.0
2005-12-29,0.0,3.0,0.0
2005-12-30,0.0,3.0,0.0
2005-12-31,0.0,7.6,2.7
2006-01-01,0.0,16.3,8.6
2006-01-02,6.0,6.4,1.0
2006-01-03,1.0,4.8,0.0
2006-01-05,0.0,0.0,0.0
2006-01-06,1.0,27.6,30.0
2006-01-07,11.0,24.6,26.5
2006-01-08,29.0,1.5,0.0
2006-01-09,1.0,6.2,1.0
2006-01-10,18.0,12.0,4.9
2006-01-11,11.0,6.3,2.4
2006-01-12,0.0,0.1,0.0
2006-01-13,0.0,0.0,0.0
2006-01-14,0.0,0.0,0.0
2006-01-15,0.0,4.6,1.0
2006-01-17,0.0,6.2,2.2
2006-01-18,0.0,0.9,0.0
2006-01-19,0.0,0.1,0.0
2006-01-20,0.0,2.5,0.0
2006-01-21,0.0,0.9,0.0
2006-01-22,0.0,0.8,0.0
2006-01-23,0.0,0.1,0.0
2006-01-24,0.0,0.4,0.0
2006-01-27,0.0,0.1,0.0
2006-01-28,0.0,0.0,0.0
2006-01-29,0.0,0.0,0.0
2006-01-30,0.0,0.0,0.0
2006-01-31,0.0,0.0,0.0
2006-02-01,0.0,4.2,0.0
2006-02-02,44.0,0.5,0.0
2006-02-03,0.0,4.8,0.0
2006-02-04,159.0,5.0,0.0
2006-02-05,0.0,6.9,3.1
2006-02-06,11.0,0.8,0.0
2006-02-07,1.0,7.7,2.8
2006-02-08,2.0,0.1,0.0
2006-02-09,0.0,0.1,0.0
2006-02-10,0.0,3.6,0.0
2006-02-11,1.0,1.5,0.0
2006-02-12,0.0,2.2,0.0
2006-02-14,7.0,10.7,4.7
2006-02-15,1.0,43.8,48.4
2006-02-16,16.0,4.2,0.0
2006-02-17,0.0,0.0,0.0
2006-02-18,0.0,0.0,0.0
2006-02-19,0.0,0.0,0.0
2006-02-20,36.0,0.0,0.0
2006-02-21,0.0,2.4,0.0
2006-02-22,12.0,1.1,0.0
2006-02-23,4.0,3.4,0.0
2006-02-24,23.0,16.9,11.7
2006-02-25,89.0,5.2,0.0
2006-02-26,64.0,2.7,0.0
2006-02-27,3.0,0.0,0.0
2006-02-28,0.0,0.2,0.0
2006-03-01,0.0,0.3,0.0
2006-03-02,0.0,0.4,0.0
2006-03-04,0.0,3.8,0.0
2006-03-05,0.0,2.0,0.0
2006-03-06,1.0,2.2,0.0
2006-03-07,0.0,0.2,0.0
2006-03-08,0.0,0.1,0.0
2006-03-09,0.0,1.0,0.0
2006-03-10,5.0,0.7,0.0
2006-03-11,0.0,0.0,0.0
2006-03-12,0.0,0.5,0.0
2006-03-13,0.0,0.0,0.0
2006-03-14,0.0,0.0,0.0
2006-03-15,0.0,0.0,0.0
2006-03-16,0.0,0.1,0.0
2006-03-17,0.0,0.2,0.0
2006-03-18,0.0,0.6,0.0
2006-03-19,0.0,1.4,0.0
2006-03-21,38.0,19.0,9.1
2006-03-22,28.0,17.3,8.4
2006-03-23,10.0,35.6,30.1
2006-03-24,19.0,4.0,0.0
2006-03-25,2.0,29.8,21.1
2006-03-26,34.0,1.4,0.0
2006-03-27,0.0,2.2,0.0
2006-03-28,0.0,0.1,0.0
2006-03-29,0.0,42.7,35.3
2006-03-30,5.0,6.8,0.0
2006-03-31,0.0,10.7,2.8
2006-04-01,1.0,4.8,0.0
2006-04-02,1.0,35.9,38.7
2006-04-03,10.0,0.5,0.0
2006-04-04,0.0,5.2,0.0
2006-04-05,0.0,0.8,0.0
2006-04-06,0.0,0.0,0.0
2006-04-07,0.0,0.0,0.0
2006-04-08,0.0,41.1,47.9
2006-04-09,56.0,1.9,0.0
2006-04-10,6.0,27.0,28.7
2006-04-11,0.0,3.1,0.0
2006-04-12,18.0,5.9,1.0
2006-04-13,1.0,0.0,0.0
2006-04-15,9.0,2.9,0.0
2006-04-16,6.0,0.7,0.0
2006-04-18,0.0,3.0,0.0
2006-04-19,0.0,12.3,5.4
2006-04-20,8.0,18.9,14.3
2006-04-21,53.0,19.1,17.4
2006-04-23,1.0,15.2,7.7
2006-04-24,2.0,0.9,0.0
2006-04-25,0.0,25.0,27.0
2006-04-26,6.0,11.2,3.5
2006-04-27,1.0,7.4,0.0
2006-04-29,0.0,2.5,0.0
2006-04-30,56.0,0.9,0.0
2006-05-01,0.0,15.3,8.3
2006-05-02,1.0,7.0,0.0
2006-05-03,10.0,0.6,0.0
2006-05-04,0.0,1.6,0.0
2006-05-05,0.0,2.9,0.0
2006-05-06,1.0,29.4,32.4
2006-05-07,0.0,0.3,0.0
2006-05-08,2.0,6.2,0.0
2006-05-09,11.0,17.9,11.1
2006-05-10,36.0,6.3,0.0
2006-05-11,1.0,21.7,26.6
2006-05-12,1.0,4.2,0.0
2006-05-13,14.0,94.8,52.8
2006-05-14,56.0,75.6,53.2
2006-05-15,22.0,11.9,5.0
2006-05-16,10.0,8.9,2.1
2006-05-17,23.0,54.9,54.9
2006-05-18,8.0,9.2,2.4
2006-05-19,0.0,4.8,0.0
2006-05-20,56.0,7.9,1.1
2006-05-21,0.0,3.3,0.0
2006-05-22,14.0,20.4,26.6
2006-05-23,6.0,5.8,0.0
2006-05-25,28.0,5.9,0.0
2006-05-26,0.0,15.8,12.7
2006-05-27,5.0,5.8,0.0
2006-05-29,0.0,8.7,2.7
2006-05-31,0.0,0.9,0.0
2006-06-02,35.0,3.4,0.0
2006-06-03,0.0,0.9,0.0
2006-06-04,8.0,0.5,0.0
2006-06-05,0.0,0.0,0.0
2006-06-08,0.0,14.0,7.8
2006-06-10,0.0,7.7,1.0
2006-06-11,1.0,5.8,0.0
2006-06-12,0.0,50.9,58.0
2006-06-13,25.0,20.2,21.5
2006-06-14,14.0,16.2,13.4
2006-06-15,47.0,1.4,0.0
2006-06-17,0.0,22.3,24.5
2006-06-18,118.0,42.5,54.3
2006-06-19,79.0,62.8,61.1
2006-06-20,28.0,5.9,0.0
2006-06-21,0.0,10.8,5.1
2006-06-22,1.0,4.4,0.0
2006-06-23,1.0,44.2,69.7
2006-06-24,9.0,5.8,0.0
2006-06-25,0.0,14.1,10.5
2006-06-26,17.0,0.6,0.0
2006-06-27,0.0,0.2,0.0
2006-06-28,0.0,0.2,0.0
2006-06-29,0.0,1.2,0.0
2006-06-30,0.0,0.2,0.0
2006-07-01,0.0,0.3,0.0
2006-07-02,0.0,23.9,34.0
2006-07-03,0.0,0.1,0.0
2006-07-04,0.0,45.6,62.5
2006-07-05,47.0,11.3,6.8
2006-07-06,0.0,8.9,3.6
2006-07-07,42.0,0.3,0.0
2006-07-08,0.0,7.9,2.3
2006-07-09,0.0,4.7,0.0
2006-07-12,0.0,1.7,0.0
2006-07-13,0.0,9.4,3.2
2006-07-14,0.0,2.1,0.0
2006-07-15,47.0,3.1,0.0
2006-07-16,0.0,2.6,0.0
2006-07-17,0.0,0.0,0.0
2006-07-18,0.0,4.0,0.0
2006-07-19,0.0,52.4,65.3
2006-07-20,5.0,2.5,0.0
2006-07-21,0.0,0.1,0.0
2006-07-22,0.0,0.8,0.0
2006-07-23,0.0,0.7,0.0
2006-07-24,0.0,0.0,0.0
2006-07-25,0.0,0.7,0.0
2006-07-26,4.0,46.0,49.8
2006-07-27,24.0,4.5,0.0
2006-07-28,0.0,4.1,0.0
2006-07-29,0.0,6.2,1.0
2006-07-30,49.0,9.4,4.6
2006-07-31,42.0,1.2,0.0
2006-08-01,0.0,0.0,0.0
2006-08-02,5.0,0.5,0.0
2006-08-03,0.0,6.8,1.7
2006-08-04,3.0,2.2,0.0
2006-08-05,21.0,0.3,0.0
2006-08-06,0.0,7.5,2.6
2006-08-07,30.0,14.4,12.9
2006-08-08,25.0,0.3,0.0
2006-08-09,0.0,3.8,0.0
2006-08-10,21.0,0.1,0.0
2006-08-11,0.0,0.9,0.0
2006-08-12,27.0,0.0,0.0
2006-08-13,0.0,0.4,0.0
2006-08-14,0.0,3.4,0.0
2006-08-15,0.0,1.3,0.0
2006-08-16,0.0,15.5,10.0
2006-08-17,2.0,0.1,0.0
2006-08-18,18.0,5.4,0.0
2006-08-19,1.0,5.9,1.0
2006-08-20,38.0,20.9,16.3
2006-08-21,4.0,0.1,0.0
2006-08-22,0.0,7.0,1.0
2006-08-23,6.0,0.1,0.0
2006-08-24,0.0,2.7,0.0
2006-08-25,0.0,3.6,0.0
2006-08-27,15.0,5.9,0.0
2006-08-30,0.0,40.9,54.9
2006-08-31,34.0,0.0,0.0
2006-09-01,0.0,0.6,0.0
2006-09-04,0.0,0.3,0.0
2006-09-05,22.0,2.0,0.0
2006-09-06,23.0,0.6,0.0
2006-09-07,16.0,10.5,3.2
2006-09-08,4.0,6.9,0.0
2006-09-09,0.0,31.8,43.6
2006-09-10,2.0,0.0,0.0
2006-09-11,0.0,13.9,5.5
2006-09-12,45.0,4.4,0.0
2006-09-14,64.0,32.2,33.8
2006-09-15,50.0,3.4,0.0
2006-09-16,1.0,5.1,0.0
2006-09-17,9.0,10.1,1.7
2006-09-18,4.0,3.1,0.0
2006-09-19,64.0,1.2,0.0
2006-09-20,0.0,13.2,4.8
2006-09-23,0.0,3.7,0.0
2006-09-24,2.0,13.8,8.2
2006-09-25,2.0,22.3,16.6
2006-09-26,10.0,1.3,0.0
2006-09-27,6.0,10.0,4.7
2006-09-28,13.0,1.3,0.0
2006-09-29,8.0,27.4,27.3
2006-09-30,42.0,8.3,3.1
2006-10-01,1.0,31.6,36.8
2006-10-02,89.0,3.6,0.0
2006-10-03,0.0,7.9,2.6
2006-10-04,0.0,32.9,37.9
2006-10-05,80.0,12.2,7.0
2006-10-06,10.0,5.2,0.0
2006-10-07,5.0,0.3,0.0
2006-10-08,0.0,0.5,0.0
2006-10-10,0.0,15.8,10.8
2006-10-11,24.0,9.5,4.0
2006-10-12,8.0,4.9,0.0
2006-10-13,0.0,23.7,18.2
2006-10-14,63.0,16.6,11.5
2006-10-15,11.0,1.6,0.0
2006-10-16,0.0,6.8,1.3
2006-10-17,31.0,5.5,1.0
2006-10-18,7.0,0.0,0.0
2006-10-19,1.0,4.3,0.0
2006-10-20,11.0,6.5,1.0
2006-10-21,2.0,6.7,0.0
2006-10-22,0.0,45.0,53.6
2006-10-23,7.0,8.5,1.4
2006-10-24,0.0,88.3,95.3
2006-10-25,65.0,4.2,0.0
2006-10-26,24.0,8.2,1.1
2006-10-27,0.0,5.4,0.0
2006-10-28,4.0,0.1,0.0
2006-10-29,0.0,1.9,0.0
2006-10-30,0.0,10.6,3.5
2006-10-31,30.0,61.4,76.1
2006-11-01,8.0,25.0,18.5
2006-11-02,3.0,3.3,0.0
2006-11-03,3.0,1.8,0.0
2006-11-04,0.0,17.0,8.6
2006-11-05,20.0,5.2,0.0
2006-11-06,1.0,0.6,0.0
2006-11-07,0.0,27.2,21.5
2006-11-08,97.0,14.2,6.0
2006-11-09,25.0,2.1,0.0
2006-11-12,12.0,14.9,7.0
2006-11-13,1.0,5.7,0.0
2006-11-14,0.0,12.6,4.8
2006-11-15,12.0,3.1,0.0
2006-11-16,0.0,1.9,0.0
2006-11-17,10.0,1.0,0.0
2006-11-18,12.0,25.7,22.7
2006-11-19,20.0,17.7,9.9
2006-11-20,8.0,4.1,0.0
2006-11-21,27.0,2.7,0.0
2006-11-22,55.0,9.0,3.0
2006-11-23,0.0,12.1,5.6
2006-11-24,0.0,26.7,24.4
2006-11-25,7.0,11.7,5.2
2006-11-26,3.0,3.7,0.0
2006-11-27,2.0,0.6,0.0
2006-11-29,3.0,21.0,13.2
2006-11-30,0.0,5.6,1.0
2006-12-01,0.0,7.0,1.0
2006-12-02,6.0,9.5,3.7
2006-12-04,2.0,4.7,0.0
2006-12-05,0.0,0.1,0.0
2006-12-06,0.0,0.4,0.0
2006-12-07,0.0,0.0,0.0
2006-12-08,0.0,7.4,1.4
2006-12-09,0.0,16.1,11.3
2006-12-10,0.0,1.5,0.0
2006-12-11,0.0,34.0,51.0
2006-12-12,14.0,16.4,14.6
2006-12-13,3.0,7.8,3.6
2006-12-14,5.0,12.8,9.8
2006-12-15,0.0,26.5,39.5
2006-12-16,1.0,5.4,1.0
2006-12-17,0.0,8.9,5.0
2006-12-18,9.0,7.1,2.9
2006-12-19,7.0,7.8,3.7
2006-12-20,16.0,41.7,61.4
2006-12-21,84.0,18.2,20.5
2006-12-22,5.0,7.1,2.1
2006-12-23,3.0,9.3,4.6
2006-12-24,3.0,0.5,0.0
2006-12-26,0.0,1.4,0.0
2006-12-28,16.0,2.7,0.0
2006-12-29,15.0,4.6,0.0
2006-12-30,0.0,10.4,5.9
2006-12-31,1.0,0.8,0.0
2007-01-02,7.0,9.3,2.6
2007-01-03,0.0,4.6,0.0
2007-01-04,0.0,3.2,0.0
2007-01-05,3.0,4.9,0.0
2007-01-06,0.0,0.4,0.0
2007-01-08,0.0,1.0,0.0
2007-01-09,25.0,18.8,11.5
2007-01-10,9.0,24.0,24.3
2007-01-11,36.0,11.8,9.7
2007-01-12,36.0,0.5,0.0
2007-01-13,0.0,6.1,2.1
2007-01-14,11.0,0.6,0.0
2007-01-15,8.0,0.0,0.0
2007-01-16,0.0,0.0,0.0
2007-01-17,0.0,0.0,0.0
2007-01-18,0.0,4.0,0.0
2007-01-20,9.0,4.6,1.0
2007-01-21,1.0,0.2,0.0
2007-01-22,1.0,22.8,11.9
2007-01-23,13.0,1.3,0.0
2007-01-24,0.0,2.0,0.0
2007-01-25,0.0,5.0,1.0
2007-01-26,0.0,2.7,0.0
2007-01-27,10.0,11.2,4.3
2007-01-28,11.0,6.2,1.0
2007-01-29,9.0,0.0,0.0
2007-01-30,1.0,0.0,0.0
2007-01-31,0.0,0.0,0.0
2007-02-01,0.0,0.0,0.0
2007-02-02,0.0,0.1,0.0
2007-02-03,0.0,6.5,0.9
2007-02-05,0.0,0.0,0.0
2007-02-06,0.0,0.0,0.0
2007-02-07,0.0,0.0,0.0
2007-02-08,0.0,0.0,0.0
2007-02-12,0.0,0.0,0.0
2007-02-13,0.0,0.0,0.0
2007-02-14,0.0,0.0,0.0
2007-02-15,0.0,0.0,0.0
2007-02-16,0.0,0.0,0.0
2007-02-17,0.0,18.6,13.0
2007-02-18,15.0,14.1,7.7
2007-02-19,40.0,1.2,0.0
2007-02-20,0.0,0.0,0.0
2007-02-21,0.0,2.5,0.0
2007-02-22,0.0,0.1,0.0
2007-02-23,0.0,0.8,0.0
2007-02-26,0.0,0.5,0.0
2007-02-27,0.0,0.9,0.0
2007-03-02,0.0,10.5,5.1
2007-03-03,0.0,2.2,0.0
2007-03-04,1.0,0.0,0.0
2007-03-05,0.0,0.0,0.0
2007-03-06,0.0,0.0,0.0
2007-03-07,0.0,0.0,0.0
2007-03-08,0.0,0.0,0.0
2007-03-09,0.0,0.0,0.0
2007-03-10,0.0,0.1,0.0
2007-03-11,0.0,0.0,0.0
2007-03-13,0.0,0.0,0.0
2007-03-14,0.0,0.3,0.0
2007-03-16,13.0,2.2,0.0
2007-03-17,0.0,0.0,0.0
2007-03-18,0.0,4.8,0.0
2007-03-19,1.0,44.2,49.1
2007-03-20,11.0,0.4,0.0
2007-03-21,0.0,6.8,0.0
2007-03-22,0.0,0.2,0.0
2007-03-24,0.0,11.8,3.6
2007-03-25,0.0,0.0,0.0
2007-03-26,0.0,0.0,0.0
2007-03-27,0.0,0.0,0.0
2007-03-28,0.0,0.0,0.0
2007-03-29,0.0,13.2,4.6
2007-03-30,0.0,0.2,0.0
2007-03-31,0.0,12.3,3.9
2007-04-01,1.0,4.6,0.0
2007-04-02,6.0,1.1,0.0
2007-04-03,4.0,3.7,0.0
2007-04-04,4.0,3.1,0.0
2007-04-05,7.0,0.5,0.0
2007-04-06,0.0,4.3,0.0
2007-04-07,13.0,0.0,0.0
2007-04-08,0.0,5.7,0.0
2007-04-09,0.0,15.0,10.0
2007-04-10,12.0,14.8,6.8
2007-04-11,0.0,2.4,0.0
2007-04-12,3.0,7.5,1.5
2007-04-13,6.0,3.8,0.0
2007-04-14,0.0,31.9,25.4
2007-04-15,31.0,0.4,0.0
2007-04-16,0.0,13.8,6.1
2007-04-17,1.0,1.3,0.0
2007-04-18,0.0,0.2,0.0
2007-04-19,0.0,8.7,2.5
2007-04-21,0.0,0.0,0.0
2007-04-22,17.0,20.9,20.4
2007-04-23,25.0,5.6,0.0
2007-04-24,4.0,2.5,0.0
2007-04-25,0.0,17.6,10.9
2007-04-26,2.0,2.2,0.0
2007-04-27,0.0,1.8,0.0
2007-04-28,0.0,15.8,7.9
2007-04-29,27.0,20.7,20.0
2007-04-30,2.0,20.0,18.7
2007-05-01,24.0,9.7,2.5
2007-05-02,14.0,19.5,12.8
2007-05-03,1.0,8.2,1.0
2007-05-04,0.0,1.7,0.0
2007-05-05,0.0,7.9,1.0
2007-05-06,4.0,94.6,73.4
2007-05-07,20.0,12.7,5.6
2007-05-08,40.0,8.6,1.3
2007-05-09,1.0,29.4,33.2
2007-05-10,2.0,69.2,66.1
2007-05-11,60.0,16.2,9.2
2007-05-12,46.0,41.6,43.3
2007-05-13,22.0,6.0,0.0
2007-05-14,0.0,60.0,55.4
2007-05-15,44.0,18.5,11.1
2007-05-16,13.0,10.1,3.2
2007-05-17,31.0,10.7,3.8
2007-05-19,0.0,0.7,0.0
2007-05-20,0.0,1.1,0.0
2007-05-21,0.0,0.0,0.0
2007-05-22,0.0,41.8,62.6
2007-05-23,14.0,23.4,32.9
2007-05-24,2.0,0.0,0.0
2007-05-25,0.0,0.3,0.0
2007-05-28,13.0,8.8,2.8
2007-05-29,21.0,5.6,0.0
2007-05-30,0.0,7.5,1.1
2007-05-31,2.0,10.5,5.0
2007-06-01,0.0,17.2,11.9
2007-06-02,6.0,0.0,0.0
2007-06-03,0.0,22.7,24.6
2007-06-04,5.0,4.9,0.0
2007-06-06,33.0,0.9,0.0
2007-06-07,19.0,1.0,0.0
2007-06-08,0.0,9.6,2.7
2007-06-10,0.0,4.0,0.0
2007-06-11,1.0,0.5,0.0
2007-06-12,0.0,2.7,0.0
2007-06-13,0.0,12.7,7.1
2007-06-14,3.0,15.3,11.6
2007-06-16,0.0,19.9,24.9
2007-06-17,1.0,7.0,1.0
2007-06-19,0.0,15.2,9.9
2007-06-20,1.0,3.0,0.0
2007-06-21,0.0,8.4,1.9
2007-06-22,28.0,0.9,0.0
2007-06-23,1.0,0.0,0.0
2007-06-24,1.0,17.4,16.0
2007-06-25,17.0,4.2,0.0
2007-06-26,0.0,1.0,0.0
2007-06-27,0.0,1.3,0.0
2007-06-28,0.0,2.5,0.0
2007-06-29,0.0,1.3,0.0
2007-06-30,0.0,0.0,0.0
2007-07-01,0.0,0.0,0.0
2007-07-02,0.0,0.8,0.0
2007-07-03,0.0,0.0,0.0
2007-07-04,0.0,2.0,0.0
2007-07-05,1.0,0.2,0.0
2007-07-06,0.0,0.2,0.0
2007-07-07,0.0,3.0,0.0
2007-07-08,45.0,5.5,0.0
2007-07-10,0.0,0.2,0.0
2007-07-11,0.0,0.4,0.0
2007-07-12,6.0,1.8,0.0
2007-07-13,0.0,6.6,1.0
2007-07-14,0.0,36.9,48.1
2007-07-15,38.0,9.9,3.9
2007-07-16,16.0,0.2,0.0
2007-07-17,0.0,0.7,0.0
2007-07-18,0.0,17.8,20.7
2007-07-19,9.0,5.2,0.0
2007-07-20,0.0,90.6,68.5
2007-07-21,20.0,35.1,43.8
2007-07-22,14.0,56.8,55.3
2007-07-23,4.0,19.1,25.8
2007-07-24,4.0,20.3,27.2
2007-07-25,6.0,5.6,0.0
2007-07-26,0.0,4.6,0.0
2007-07-27,3.0,4.8,0.0
2007-07-28,6.0,12.2,9.2
2007-07-29,3.0,4.2,0.0
2007-07-30,1.0,17.3,26.0
2007-07-31,25.0,11.3,6.8
2007-08-01,0.0,2.5,0.0
2007-08-02,0.0,14.6,20.9
2007-08-03,0.0,0.0,0.0
2007-08-04,0.0,0.0,0.0
2007-08-05,0.0,1.6,0.0
2007-08-06,21.0,1.3,0.0
2007-08-07,0.0,0.0,0.0
2007-08-08,0.0,5.1,0.0
2007-08-09,1.0,0.8,0.0
2007-08-10,0.0,0.1,0.0
2007-08-11,0.0,15.4,9.9
2007-08-13,1.0,0.0,0.0
2007-08-14,0.0,8.2,2.5
2007-08-15,30.0,2.2,0.0
2007-08-16,0.0,41.1,50.6
2007-08-17,40.0,89.4,62.6
2007-08-18,20.0,5.7,1.0
2007-08-19,2.0,13.5,7.9
2007-08-20,3.0,20.8,15.4
2007-08-21,2.0,15.1,9.4
2007-08-22,5.0,1.2,0.0
2007-08-23,0.0,2.1,0.0
2007-08-24,1.0,25.5,29.4
2007-08-25,14.0,11.3,4.9
2007-08-26,13.0,6.0,0.0
2007-08-27,6.0,2.0,0.0
2007-08-28,0.0,22.0,24.3
2007-08-29,4.0,8.9,2.2
2007-08-30,12.0,8.7,2.0
2007-08-31,46.0,0.2,0.0
2007-09-01,0.0,132.1,81.2
2007-09-02,12.0,11.1,4.0
2007-09-03,8.0,10.7,3.5
2007-09-04,5.0,1.0,0.0
2007-09-06,0.0,21.1,19.3
2007-09-07,12.0,27.1,38.2
2007-09-08,0.0,20.1,14.6
2007-09-09,32.0,16.8,10.5
2007-09-10,21.0,1.5,0.0
2007-09-11,2.0,0.4,0.0
2007-09-12,0.0,2.5,0.0
2007-09-13,0.0,49.2,51.4
2007-09-14,11.0,18.4,10.0
2007-09-15,43.0,61.3,63.4
2007-09-16,60.0,2.9,0.0
2007-09-17,2.0,0.4,0.0
2007-09-18,0.0,12.7,4.3
2007-09-19,30.0,0.8,0.0
2007-09-20,0.0,5.0,0.0
2007-09-21,0.0,1.9,0.0
2007-09-22,28.0,5.1,0.0
2007-09-23,1.0,37.2,36.5
2007-09-24,41.0,4.8,0.0
2007-09-25,0.0,3.7,0.0
2007-09-26,7.0,8.5,3.3
2007-09-28,1.0,12.9,7.4
2007-09-29,16.0,12.3,6.9
2007-09-30,48.0,11.4,6.0
2007-10-01,0.0,2.2,0.0
2007-10-02,0.0,1.5,0.0
2007-10-03,0.0,2.0,0.0
2007-10-04,37.0,6.0,1.0
2007-10-05,10.0,1.8,0.0
2007-10-07,0.0,3.5,0.0
2007-10-08,2.0,12.0,6.8
2007-10-09,3.0,0.0,0.0
2007-10-10,0.0,4.3,0.0
2007-10-11,4.0,8.4,2.8
2007-10-12,2.0,10.6,5.2
2007-10-13,1.0,4.3,0.0
2007-10-15,2.0,21.0,16.2
2007-10-16,14.0,0.1,0.0
2007-10-17,0.0,1.6,0.0
2007-10-19,2.0,8.4,2.8
2007-10-20,0.0,15.3,10.1
2007-10-21,0.0,45.2,53.6
2007-10-22,219.0,15.8,9.0
2007-10-23,7.0,2.3,0.0
2007-10-24,0.0,13.8,6.9
2007-10-25,21.0,29.3,31.3
2007-10-26,14.0,9.7,2.6
2007-10-27,30.0,25.8,27.7
2007-10-28,101.0,10.6,3.5
2007-10-30,8.0,12.8,5.8
2007-10-31,8.0,35.0,38.9
2007-11-01,23.0,3.8,0.0
2007-11-03,18.0,15.7,7.4
2007-11-04,4.0,14.0,5.9
2007-11-05,6.0,6.6,0.0
2007-11-07,7.0,14.5,6.3
2007-11-08,18.0,38.1,36.8
2007-11-09,1.0,8.0,1.0
2007-11-10,9.0,1.7,0.0
2007-11-12,15.0,57.3,61.2
2007-11-13,113.0,7.3,1.0
2007-11-14,0.0,0.3,0.0
2007-11-17,6.0,0.6,0.0
2007-11-18,6.0,30.6,28.3
2007-11-19,29.0,61.2,66.9
2007-11-20,41.0,15.0,7.2
2007-11-21,1.0,8.4,2.5
2007-11-22,0.0,2.1,0.0
2007-11-23,0.0,0.0,0.0
2007-11-24,0.0,7.3,1.6
2007-11-25,2.0,0.3,0.0
2007-11-26,0.0,5.8,1.0
2007-11-27,13.0,10.4,4.1
2007-11-28,21.0,18.6,11.2
2007-11-29,5.0,2.2,0.0
2007-11-30,0.0,21.2,13.4
2007-12-01,35.0,0.0,0.0
2007-12-02,2.0,0.0,0.0
2007-12-03,4.0,0.7,0.0
2007-12-04,0.0,0.9,0.0
2007-12-05,1.0,0.3,0.0
2007-12-06,1.0,29.1,34.6
2007-12-07,5.0,5.3,0.0
2007-12-08,1.0,12.7,7.3
2007-12-09,0.0,23.3,28.3
2007-12-10,10.0,41.0,46.4
2007-12-11,2.0,8.1,4.0
2007-12-12,4.0,0.9,0.0
2007-12-14,2.0,10.8,7.3
2007-12-15,10.0,63.6,79.1
2007-12-16,17.0,40.0,62.1
2007-12-17,64.0,6.7,2.4
2007-12-18,4.0,20.6,27.7
2007-12-19,8.0,5.5,1.1
2007-12-21,11.0,9.3,4.7
2007-12-23,0.0,0.2,0.0
2007-12-25,0.0,6.7,1.7
2007-12-26,0.0,30.1,41.5
2007-12-27,113.0,4.7,1.0
2007-12-29,0.0,0.4,0.0
2007-12-30,0.0,0.0,0.0
2007-12-31,0.0,0.1,0.0
2008-01-01,0.0,0.8,0.0
2008-01-02,0.0,3.4,0.0
2008-01-03,0.0,0.4,0.0
2008-01-04,0.0,4.3,0.0
2008-01-05,0.0,16.4,9.5
2008-01-06,12.0,1.3,0.0
2008-01-08,0.0,21.8,22.2
2008-01-09,65.0,2.0,0.0
2008-01-10,0.0,1.7,0.0
2008-01-11,0.0,0.0,0.0
2008-01-12,0.0,0.0,0.0
2008-01-13,0.0,0.9,0.0
2008-01-14,0.0,0.0,0.0
2008-01-15,0.0,0.2,0.0
2008-01-16,6.0,0.0,0.0
2008-01-17,0.0,2.2,0.0
2008-01-18,0.0,25.8,32.3
2008-01-19,38.0,3.6,0.0
2008-01-20,2.0,0.9,0.0
2008-01-21,12.0,0.2,0.0
2008-01-22,0.0,3.4,0.0
2008-01-23,12.0,6.7,1.3
2008-01-25,0.0,0.0,0.0
2008-01-26,0.0,39.3,24.5
2008-01-27,9.0,14.4,6.4
2008-01-28,8.0,17.5,8.8
2008-01-29,0.0,1.0,0.0
2008-01-30,0.0,2.5,0.0
2008-01-31,0.0,5.5,1.0
2008-02-01,5.0,3.7,0.0
2008-02-02,0.0,5.1,0.0
2008-02-03,29.0,5.3,0.0
2008-02-04,36.0,33.0,44.7
2008-02-05,39.0,1.0,0.0
2008-02-06,0.0,0.0,0.0
2008-02-07,0.0,0.5,0.0
2008-02-08,0.0,0.1,0.0
2008-02-09,0.0,0.2,0.0
2008-02-11,0.0,2.5,0.0
2008-02-12,0.0,0.2,0.0
2008-02-14,0.0,1.2,0.0
2008-02-15,0.0,0.1,0.0
2008-02-16,0.0,0.1,0.0
2008-02-17,0.0,0.2,0.0
2008-02-18,22.0,4.9,0.0
2008-02-19,0.0,0.0,0.0
2008-02-20,0.0,1.5,0.0
2008-02-21,4.0,0.7,0.0
2008-02-22,0.0,0.7,0.0
2008-02-23,0.0,0.0,0.0
2008-02-24,0.0,0.3,0.0
2008-02-25,0.0,0.7,0.0
2008-02-26,1.0,1.8,0.0
2008-02-27,0.0,1.2,0.0
2008-02-28,0.0,1.9,0.0
2008-03-01,1.0,16.5,10.1
2008-03-02,3.0,13.0,7.9
2008-03-04,14.0,4.2,0.0
2008-03-05,21.0,22.7,26.7
2008-03-06,6.0,4.4,0.0
2008-03-07,1.0,31.0,36.3
2008-03-08,25.0,2.3,0.0
2008-03-09,1.0,22.3,24.5
2008-03-10,12.0,5.1,0.0
2008-03-11,1.0,41.7,45.0
2008-03-12,42.0,4.0,0.0
2008-03-13,31.0,15.3,16.2
2008-03-14,4.0,0.0,0.0
2008-03-15,0.0,0.6,0.0
2008-03-17,0.0,2.3,0.0
2008-03-18,0.0,38.6,41.4
2008-03-19,0.0,9.2,3.3
2008-03-20,0.0,2.8,0.0
2008-03-21,0.0,1.8,0.0
2008-03-22,0.0,17.1,8.7
2008-03-23,4.0,1.6,0.0
2008-03-24,0.0,6.8,0.0
2008-03-25,0.0,24.0,14.4
2008-03-26,10.0,29.9,21.4
2008-03-27,6.0,1.4,0.0
2008-03-28,0.0,0.3,0.0
2008-03-29,0.0,4.1,0.0
2008-03-30,4.0,27.2,19.7
2008-03-31,3.0,0.2,0.0
2008-04-01,0.0,0.0,0.0
2008-04-02,0.0,0.3,0.0
2008-04-03,0.0,1.1,0.0
2008-04-04,0.0,3.0,0.0
2008-04-05,11.0,2.0,0.0
2008-04-07,1.0,3.5,0.0
2008-04-08,33.0,1.1,0.0
2008-04-09,14.0,0.0,0.0
2008-04-10,0.0,4.5,0.0
2008-04-12,3.0,3.1,0.0
2008-04-14,0.0,1.1,0.0
2008-04-15,0.0,1.7,0.0
2008-04-16,0.0,0.9,0.0
2008-04-17,0.0,5.0,0.0
2008-04-18,0.0,5.9,1.0
2008-04-19,0.0,3.4,0.0
2008-04-20,24.0,0.3,0.0
2008-04-22,13.0,13.9,6.0
2008-04-23,8.0,30.5,35.7
2008-04-24,66.0,5.2,0.0
2008-04-25,0.0,1.2,0.0
2008-04-26,0.0,0.0,0.0
2008-04-27,1.0,1.5,0.0
2008-04-28,4.0,24.1,26.2
2008-04-29,35.0,22.4,22.9
2008-04-30,3.0,2.6,0.0
2008-05-01,0.0,2.7,0.0
2008-05-02,3.0,1.4,0.0
2008-05-03,0.0,1.7,0.0
2008-05-04,25.0,1.7,0.0
2008-05-05,0.0,5.0,0.0
2008-05-06,10.0,11.5,4.3
2008-05-07,2.0,3.3,0.0
2008-05-08,0.0,36.7,44.4
2008-05-09,16.0,12.6,5.5
2008-05-10,9.0,14.6,7.5
2008-05-11,1.0,1.0,0.0
2008-05-12,0.0,0.1,0.0
2008-05-13,0.0,9.0,2.2
2008-05-14,13.0,17.2,10.9
2008-05-15,2.0,0.0,0.0
2008-05-16,0.0,0.0,0.0
2008-05-17,0.0,2.5,0.0
2008-05-18,4.0,1.1,0.0
2008-05-19,0.0,12.8,5.9
2008-05-20,0.0,3.2,0.0
2008-05-21,0.0,4.9,0.0
2008-05-22,51.0,3.6,0.0
2008-05-23,0.0,0.1,0.0
2008-05-24,0.0,11.3,6.2
2008-05-25,46.0,12.2,7.4
2008-05-26,0.0,0.9,0.0
2008-05-27,0.0,15.9,12.3
2008-05-28,0.0,3.5,0.0
2008-05-29,36.0,2.7,0.0
2008-05-30,3.0,2.1,0.0
2008-05-31,3.0,13.9,9.9
2008-06-01,12.0,6.8,0.0
2008-06-02,0.0,11.9,5.2
2008-06-04,0.0,14.8,8.7
2008-06-05,0.0,1.2,0.0
2008-06-06,0.0,0.4,0.0
2008-06-07,0.0,12.4,5.8
2008-06-08,3.0,11.9,5.2
2008-06-09,1.0,3.6,0.0
2008-06-10,9.0,16.5,10.4
2008-06-11,46.0,10.8,4.9
2008-06-12,0.0,2.3,0.0
2008-06-13,0.0,1.4,0.0
2008-06-14,0.0,0.3,0.0
2008-06-15,0.0,0.1,0.0
2008-06-16,0.0,2.6,0.0
2008-06-18,4.0,3.4,0.0
2008-06-19,0.0,1.3,0.0
2008-06-20,0.0,1.8,0.0
2008-06-21,14.0,13.7,12.6
2008-06-22,1.0,5.8,0.0
2008-06-23,1.0,18.1,21.1
2008-06-24,6.0,39.3,56.8
2008-06-25,3.0,7.1,1.0
2008-06-26,0.0,10.2,4.3
2008-06-27,1.0,6.4,0.0
2008-06-28,21.0,0.0,0.0
2008-06-29,0.0,10.5,4.7
2008-07-01,0.0,0.4,0.0
2008-07-02,8.0,33.6,51.4
2008-07-03,28.0,9.8,4.8
2008-07-04,0.0,1.8,0.0
2008-07-05,0.0,10.3,5.5
2008-07-06,33.0,1.8,0.0
2008-07-07,0.0,21.8,31.1
2008-07-11,2.0,2.5,0.0
2008-07-12,0.0,0.0,0.0
2008-07-13,0.0,12.2,8.6
2008-07-14,6.0,3.9,0.0
2008-07-15,1.0,8.4,2.1
2008-07-16,7.0,0.1,0.0
2008-07-17,5.0,5.6,0.0
2008-07-18,1.0,5.6,0.0
2008-07-19,14.0,7.6,1.2
2008-07-20,6.0,20.9,26.2
2008-07-21,7.0,148.6,59.6
2008-07-22,6.0,4.9,0.0
2008-07-24,13.0,14.8,15.2
2008-07-25,1.0,6.3,1.0
2008-07-26,16.0,3.1,0.0
2008-07-27,1.0,1.1,0.0
2008-07-28,0.0,0.9,0.0
2008-07-29,0.0,0.2,0.0
2008-07-30,0.0,0.1,0.0
2008-07-31,0.0,0.0,0.0
2008-08-01,0.0,0.3,0.0
2008-08-02,0.0,0.1,0.0
2008-08-03,0.0,1.8,0.0
2008-08-04,0.0,5.3,0.0
2008-08-05,0.0,3.0,0.0
2008-08-06,7.0,22.2,39.4
2008-08-07,5.0,1.9,0.0
2008-08-09,0.0,2.7,0.0
2008-08-10,2.0,1.4,0.0
2008-08-11,0.0,3.0,0.0
2008-08-12,3.0,83.4,63.0
2008-08-13,52.0,0.2,0.0
2008-08-14,0.0,0.0,0.0
2008-08-15,0.0,28.8,34.6
2008-08-16,4.0,20.8,14.1
2008-08-17,1.0,21.9,22.5
2008-08-18,22.0,4.5,0.0
2008-08-19,0.0,0.0,0.0
2008-08-20,0.0,0.1,0.0
2008-08-21,0.0,16.9,11.6
2008-08-22,3.0,3.7,0.0
2008-08-23,0.0,10.1,3.6
2008-08-24,4.0,30.2,38.8
2008-08-25,46.0,4.6,0.0
2008-08-26,2.0,8.4,1.7
2008-08-27,0.0,8.5,1.7
2008-08-28,2.0,13.1,7.1
2008-08-29,28.0,3.4,0.0
2008-08-30,0.0,6.8,0.0
2008-08-31,0.0,1.2,0.0
2008-09-02,1.0,21.2,16.6
2008-09-03,6.0,41.3,54.1
2008-09-04,10.0,28.5,39.8
2008-09-05,11.0,5.0,0.0
2008-09-07,1.0,3.0,0.0
2008-09-10,10.0,31.1,42.4
2008-09-11,28.0,31.0,30.2
2008-09-12,1.0,26.9,27.0
2008-09-13,55.0,2.0,0.0
2008-09-14,18.0,0.5,0.0
2008-09-16,24.0,2.9,0.0
2008-09-17,0.0,2.2,0.0
2008-09-18,0.0,5.2,0.0
2008-09-19,33.0,13.8,5.4
2008-09-20,0.0,22.4,14.1
2008-09-21,30.0,181.5,70.4
2008-09-22,27.0,1.3,0.0
2008-09-23,0.0,16.3,10.5
2008-09-24,41.0,0.9,0.0
2008-09-25,8.0,15.3,9.6
2008-09-26,26.0,1.8,0.0
2008-09-27,10.0,13.8,8.3
2008-09-28,83.0,10.2,4.9
2008-09-29,41.0,58.2,54.5
2008-09-30,78.0,22.0,18.9
2008-10-01,3.0,12.4,7.2
2008-10-02,0.0,0.1,0.0
2008-10-03,0.0,17.8,12.9
2008-10-04,27.0,2.1,0.0
2008-10-06,3.0,6.7,1.3
2008-10-07,1.0,0.1,0.0
2008-10-08,0.0,16.2,11.2
2008-10-09,4.0,38.5,45.6
2008-10-10,26.0,9.5,4.2
2008-10-11,0.0,1.6,0.0
2008-10-12,0.0,14.2,8.9
2008-10-14,1.0,0.9,0.0
2008-10-15,0.0,60.2,72.1
2008-10-16,20.0,2.4,0.0
2008-10-17,0.0,5.4,0.0
2008-10-18,0.0,7.5,2.0
2008-10-19,0.0,18.0,13.0
2008-10-20,2.0,15.0,9.8
2008-10-21,2.0,27.1,29.8
2008-10-22,11.0,2.3,0.0
2008-10-24,49.0,9.1,2.0
2008-10-26,4.0,0.2,0.0
2008-10-27,0.0,4.0,0.0
2008-10-28,0.0,99.4,94.5
2008-10-29,61.0,17.0,10.4
2008-10-30,2.0,27.5,28.4
2008-10-31,62.0,26.6,30.2
2008-11-01,57.0,26.4,21.7
2008-11-02,20.0,9.1,1.6
2008-11-03,0.0,4.1,0.0
2008-11-04,0.0,1.1,0.0
2008-11-05,0.0,6.8,0.0
2008-11-06,0.0,0.0,0.0
2008-11-07,6.0,0.3,0.0
2008-11-08,0.0,7.9,1.0
2008-11-09,0.0,27.5,22.9
2008-11-10,7.0,9.1,1.6
2008-11-11,13.0,5.2,0.0
2008-11-12,1.0,3.1,0.0
2008-11-13,0.0,8.5,1.1
2008-11-14,0.0,1.4,0.0
2008-11-15,0.0,7.0,0.0
2008-11-16,0.0,0.4,0.0
2008-11-17,0.0,4.5,0.0
2008-11-18,0.0,2.9,0.0
2008-11-19,0.0,9.5,2.0
2008-11-20,0.0,16.6,8.8
2008-11-21,20.0,16.9,9.6
2008-11-22,13.0,29.2,32.4
2008-11-23,25.0,13.7,6.9
2008-11-24,0.0,27.0,23.3
2008-11-25,0.0,7.0,1.3
2008-11-26,1.0,13.3,6.6
2008-11-27,8.0,16.4,9.2
2008-11-28,2.0,5.4,1.0
2008-11-29,0.0,14.8,7.9
2008-11-30,36.0,7.5,1.8
2008-12-01,1.0,1.3,0.0
2008-12-02,6.0,1.9,0.0
2008-12-03,1.0,13.0,7.7
2008-12-04,1.0,3.8,0.0
2008-12-05,54.0,11.2,5.6
2008-12-06,4.0,13.1,7.8
2008-12-07,0.0,51.9,55.0
2008-12-08,16.0,4.7,0.0
2008-12-09,1.0,0.4,0.0
2008-12-10,0.0,0.3,0.0
2008-12-11,0.0,2.1,0.0
2008-12-12,28.0,11.5,8.1
2008-12-13,3.0,5.8,1.4
2008-12-14,2.0,0.2,0.0
2008-12-15,0.0,0.2,0.0
2008-12-16,0.0,2.9,0.0
2008-12-17,0.0,0.3,0.0
2008-12-18,0.0,2.4,0.0
2008-12-19,11.0,0.7,0.0
2008-12-20,0.0,0.0,0.0
2008-12-21,12.0,0.0,0.0
2008-12-22,0.0,0.0,0.0
2008-12-23,0.0,0.0,0.0
2008-12-25,31.0,3.3,0.0
2008-12-26,8.0,0.0,0.0
2008-12-28,4.0,31.7,46.9
2008-12-29,24.0,13.1,9.2
2008-12-30,1.0,10.7,6.4
2008-12-31,4.0,10.2,5.7
2009-01-01,2.0,17.9,11.5
2009-01-02,6.0,47.0,49.0
2009-01-03,20.0,155.0,63.5
2009-01-04,35.0,19.0,10.5
2009-01-06,3.0,2.1,0.0
2009-01-07,0.0,5.3,0.0
2009-01-08,1.0,1.3,0.0
2009-01-09,0.0,4.6,0.0
2009-01-11,0.0,0.0,0.0
2009-01-12,7.0,0.1,0.0
2009-01-13,0.0,1.4,0.0
2009-01-14,16.0,23.0,28.9
2009-01-15,38.0,8.1,4.4
2009-01-16,0.0,1.3,0.0
2009-01-17,8.0,0.0,0.0
2009-01-18,0.0,0.0,0.0
2009-01-19,0.0,0.0,0.0
2009-01-20,14.0,0.0,0.0
2009-01-21,0.0,0.0,0.0
2009-01-22,0.0,18.0,8.1
2009-01-23,0.0,0.1,0.0
2009-01-24,0.0,1.3,0.0
2009-01-25,0.0,3.5,0.0
2009-01-26,6.0,2.0,0.0
2009-01-27,9.0,15.5,7.6
2009-01-28,0.0,0.0,0.0
2009-01-29,39.0,4.1,0.0
2009-01-30,0.0,3.0,0.0
2009-01-31,0.0,3.4,0.0
2009-02-02,0.0,0.2,0.0
2009-02-03,0.0,1.3,0.0
2009-02-04,0.0,2.6,0.0
2009-02-05,0.0,2.3,0.0
2009-02-06,0.0,1.1,0.0
2009-02-07,0.0,0.4,0.0
2009-02-08,0.0,3.3,0.0
2009-02-09,0.0,0.0,0.0
2009-02-10,0.0,0.0,0.0
2009-02-11,0.0,9.1,3.1
2009-02-12,25.0,8.2,2.3
2009-02-13,5.0,0.0,0.0
2009-02-14,0.0,8.5,3.5
2009-02-15,0.0,0.9,0.0
2009-02-16,0.0,2.1,0.0
2009-02-17,0.0,29.2,23.8
2009-02-18,0.0,1.6,0.0
2009-02-19,1.0,0.0,0.0
2009-02-20,2.0,9.9,4.5
2009-02-21,62.0,1.2,0.0
2009-02-22,0.0,4.3,0.0
2009-02-23,0.0,3.0,0.0
2009-02-24,0.0,3.8,0.0
2009-02-25,0.0,8.6,3.7
2009-02-27,0.0,14.9,15.9
2009-02-28,0.0,1.9,0.0
2009-03-01,0.0,10.1,4.2
2009-03-03,37.0,12.3,7.8
2009-03-04,4.0,29.2,32.7
2009-03-05,34.0,2.7,0.0
2009-03-07,29.0,1.6,0.0
2009-03-08,9.0,16.3,13.3
2009-03-09,52.0,49.0,57.5
2009-03-10,15.0,0.7,0.0
2009-03-11,0.0,18.3,20.2
2009-03-12,26.0,4.2,0.0
2009-03-13,6.0,2.5,0.0
2009-03-14,0.0,4.3,0.0
2009-03-15,0.0,18.4,20.5
2009-03-16,0.0,71.6,75.5
2009-03-17,0.0,57.6,65.5
2009-03-18,24.0,22.2,23.5
2009-03-19,16.0,9.8,4.5
2009-03-20,9.0,36.6,39.8
2009-03-21,24.0,12.4,4.0
2009-03-22,0.0,20.8,9.3
2009-03-23,0.0,12.6,4.2
2009-03-24,30.0,39.5,32.1
2009-03-25,0.0,2.0,0.0
2009-03-26,0.0,0.5,0.0
2009-03-27,0.0,0.6,0.0
2009-03-28,0.0,5.1,0.0
2009-03-29,0.0,19.7,9.3
2009-03-30,3.0,4.4,0.0
2009-03-31,13.0,5.7,0.0
2009-04-01,8.0,0.6,0.0
2009-04-02,0.0,48.6,48.6
2009-04-03,38.0,6.7,0.0
2009-04-04,0.0,0.4,0.0
2009-04-05,0.0,11.5,4.1
2009-04-06,2.0,3.5,0.0
2009-04-07,0.0,27.1,29.1
2009-04-08,31.0,1.4,0.0
2009-04-09,0.0,1.6,0.0
2009-04-10,0.0,17.9,12.5
2009-04-11,6.0,3.7,0.0
2009-04-13,3.0,2.3,0.0
2009-04-14,0.0,12.1,5.6
2009-04-15,3.0,10.0,3.4
2009-04-16,2.0,28.4,22.1
2009-04-17,9.0,0.5,0.0
2009-04-18,0.0,0.6,0.0
2009-04-19,18.0,3.3,0.0
2009-04-20,0.0,54.6,45.1
2009-04-21,26.0,1.0,0.0
2009-04-22,0.0,7.8,1.0
2009-04-23,0.0,11.9,4.1
2009-04-24,18.0,0.6,0.0
2009-04-25,0.0,3.8,0.0
2009-04-26,0.0,8.6,1.1
2009-04-27,33.0,0.7,0.0
2009-04-28,0.0,3.8,0.0
2009-04-29,0.0,0.8,0.0
2009-04-30,0.0,9.9,2.3
2009-05-01,2.0,11.4,4.1
2009-05-02,28.0,46.7,55.0
2009-05-03,69.0,26.1,27.0
2009-05-04,9.0,22.0,15.9
2009-05-05,24.0,7.6,1.0
2009-05-06,10.0,13.0,5.9
2009-05-07,14.0,35.1,41.8
2009-05-08,35.0,11.1,3.8
2009-05-09,3.0,26.8,26.9
2009-05-10,59.0,18.5,11.9
2009-05-11,15.0,10.6,3.7
2009-05-12,57.0,1.5,0.0
2009-05-13,2.0,44.7,47.6
2009-05-14,4.0,11.9,5.0
2009-05-15,2.0,16.3,9.4
2009-05-16,7.0,0.0,0.0
2009-05-17,5.0,3.6,0.0
2009-05-18,42.0,1.6,0.0
2009-05-19,0.0,18.8,15.7
2009-05-20,6.0,9.9,3.1
2009-05-21,0.0,0.4,0.0
2009-05-22,0.0,0.8,0.0
2009-05-23,0.0,0.3,0.0
2009-05-24,0.0,3.4,0.0
2009-05-26,3.0,5.5,0.0
2009-05-27,8.0,33.1,49.8
2009-05-28,0.0,0.4,0.0
2009-05-29,0.0,20.9,27.9
2009-05-30,0.0,1.5,0.0
2009-05-31,0.0,0.1,0.0
2009-06-01,0.0,1.0,0.0
2009-06-02,0.0,2.3,0.0
2009-06-03,0.0,10.6,3.8
2009-06-04,0.0,1.4,0.0
2009-06-05,0.0,0.7,0.0
2009-06-06,0.0,42.0,52.2
2009-06-07,30.0,7.4,1.0
2009-06-08,0.0,4.2,0.0
2009-06-10,0.0,3.1,0.0
2009-06-11,0.0,0.0,0.0
2009-06-12,0.0,0.0,0.0
2009-06-13,0.0,11.5,5.7
2009-06-14,7.0,7.0,1.0
2009-06-15,5.0,3.4,0.0
2009-06-16,0.0,2.4,0.0
2009-06-17,0.0,2.5,0.0
2009-06-18,0.0,2.0,0.0
2009-06-19,0.0,0.0,0.0
2009-06-20,0.0,6.5,1.0
2009-06-21,0.0,5.3,0.0
2009-06-22,0.0,2.2,0.0
2009-06-23,0.0,3.5,0.0
2009-06-25,0.0,4.7,0.0
2009-06-26,0.0,9.0,2.7
2009-06-27,2.0,3.7,0.0
2009-06-28,66.0,5.8,0.0
2009-06-29,29.0,2.8,0.0
2009-06-30,0.0,11.6,6.2
2009-07-01,0.0,3.5,0.0
2009-07-03,0.0,16.5,17.7
2009-07-04,25.0,24.8,35.3
2009-07-05,5.0,3.2,0.0
2009-07-07,0.0,44.2,62.5
2009-07-08,0.0,0.9,0.0
2009-07-09,0.0,0.1,0.0
2009-07-10,0.0,0.3,0.0
2009-07-11,0.0,10.7,4.8
2009-07-12,2.0,2.6,0.0
2009-07-13,0.0,0.6,0.0
2009-07-14,0.0,41.6,54.3
2009-07-15,0.0,4.8,0.0
2009-07-16,0.0,4.8,0.0
2009-07-17,0.0,1.3,0.0
2009-07-18,0.0,0.4,0.0
2009-07-19,0.0,1.0,0.0
2009-07-20,0.0,6.9,1.0
2009-07-21,0.0,22.6,34.9
2009-07-22,1.0,3.7,0.0
2009-07-23,0.0,3.0,0.0
2009-07-24,0.0,0.8,0.0
2009-07-25,0.0,14.0,13.1
2009-07-26,13.0,7.9,2.7
2009-07-27,0.0,2.1,0.0
2009-07-28,0.0,72.6,55.0
2009-07-29,0.0,1.4,0.0
2009-07-30,0.0,0.1,0.0
2009-07-31,0.0,0.6,0.0
2009-08-01,8.0,2.6,0.0
2009-08-02,0.0,0.0,0.0
2009-08-03,0.0,0.2,0.0
2009-08-04,0.0,6.9,1.9
2009-08-05,0.0,1.5,0.0
2009-08-06,0.0,2.9,0.0
2009-08-07,0.0,0.4,0.0
2009-08-08,0.0,9.1,4.7
2009-08-09,0.0,9.5,5.2
2009-08-10,0.0,2.2,0.0
2009-08-11,0.0,17.4,12.0
2009-08-12,0.0,8.9,3.2
2009-08-13,0.0,19.6,15.4
2009-08-14,0.0,1.9,0.0
2009-08-15,0.0,4.8,0.0
2009-08-16,0.0,4.7,0.0
2009-08-17,0.0,0.7,0.0
2009-08-18,0.0,9.2,3.5
2009-08-19,0.0,1.7,0.0
2009-08-20,0.0,14.1,8.6
2009-08-21,25.0,10.3,3.7
2009-08-22,0.0,24.6,29.1
2009-08-23,0.0,1.6,0.0
2009-08-24,17.0,6.8,1.0
2009-08-25,0.0,0.5,0.0
2009-08-26,0.0,9.1,2.4
2009-08-27,0.0,38.2,53.7
2009-08-29,0.0,28.5,36.8
2009-08-30,0.0,8.4,1.7
2009-08-31,0.0,32.6,43.3
2009-09-01,26.0,1.6,0.0
2009-09-02,0.0,2.6,0.0
2009-09-03,0.0,19.1,13.3
2009-09-04,4.0,15.1,8.6
2009-09-05,0.0,23.2,27.4
2009-09-06,5.0,0.7,0.0
2009-09-07,0.0,3.2,0.0
2009-09-09,8.0,1.8,0.0
2009-09-10,0.0,1.9,0.0
2009-09-11,0.0,4.9,0.0
2009-09-12,2.0,62.3,63.6
2009-09-13,0.0,13.3,4.9
2009-09-15,11.0,19.3,10.9
2009-09-16,17.0,11.4,3.0
2009-09-17,14.0,43.0,47.7
2009-09-18,9.0,30.5,30.5
2009-09-19,17.0,23.9,14.6
2009-09-20,0.0,0.6,0.0
2009-09-21,72.0,5.5,0.0
2009-09-22,0.0,2.7,0.0
2009-09-23,4.0,2.8,0.0
2009-09-24,8.0,3.5,0.0
2009-09-25,6.0,0.8,0.0
2009-09-26,0.0,8.6,3.4
2009-09-27,10.0,7.6,2.4
2009-09-28,0.0,67.1,60.8
2009-09-29,11.0,5.7,1.0
2009-09-30,5.0,56.7,56.5
2009-10-01,78.0,3.7,0.0
2009-10-03,5.0,3.8,0.0
2009-10-04,0.0,6.9,1.5
2009-10-05,0.0,8.3,3.0
2009-10-06,12.0,15.8,10.8
2009-10-07,0.0,13.7,8.5
2009-10-08,1.0,20.6,15.9
2009-10-09,0.0,0.5,0.0
2009-10-10,10.0,52.4,61.3
2009-10-11,1.0,14.2,8.9
2009-10-12,0.0,24.2,23.4
2009-10-13,0.0,5.4,0.0
2009-10-14,0.0,16.7,11.6
2009-10-15,1.0,0.0,0.0
2009-10-16,0.0,1.5,0.0
2009-10-17,6.0,5.8,1.0
2009-10-18,16.0,29.3,31.8
2009-10-19,0.0,8.5,3.0
2009-10-20,0.0,23.1,19.6
2009-10-21,0.0,0.1,0.0
2009-10-22,0.0,36.1,40.6
2009-10-23,0.0,24.2,18.6
2009-10-24,68.0,3.8,0.0
2009-10-25,2.0,11.3,4.2
2009-10-26,0.0,6.5,0.0
2009-10-27,3.0,4.2,0.0
2009-10-28,16.0,51.6,61.7
2009-10-29,86.0,3.5,0.0
2009-10-30,0.0,21.7,15.7
2009-10-31,0.0,12.9,5.9
2009-11-01,4.0,6.9,0.0
2009-11-02,3.0,1.6,0.0
2009-11-03,0.0,0.9,0.0
2009-11-05,34.0,3.5,0.0
2009-11-06,0.0,19.8,11.3
2009-11-07,0.0,0.8,0.0
2009-11-08,0.0,16.0,7.7
2009-11-09,87.0,11.5,3.6
2009-11-10,0.0,23.3,14.3
2009-11-11,0.0,8.2,1.0
2009-11-12,0.0,8.1,1.0
2009-11-13,16.0,3.5,0.0
2009-11-15,6.0,15.8,8.0
2009-11-16,0.0,19.6,11.8
2009-11-17,0.0,2.1,0.0
2009-11-18,0.0,4.8,0.0
2009-11-19,0.0,11.4,3.7
2009-11-20,45.0,13.0,5.2
2009-11-21,5.0,21.4,13.6
2009-11-22,0.0,9.4,3.3
2009-11-23,28.0,18.0,10.6
2009-11-24,9.0,18.1,10.7
2009-11-25,4.0,3.2,0.0
2009-11-26,0.0,0.7,0.0
2009-11-27,0.0,5.9,1.0
2009-11-28,0.0,4.5,0.0
2009-11-29,0.0,1.7,0.0
2009-11-30,0.0,5.2,0.0
2009-12-02,0.0,3.8,0.0
2009-12-03,0.0,5.1,0.0
2009-12-05,13.0,17.2,12.6
2009-12-06,71.0,6.8,1.0
2009-12-07,1.0,7.4,1.4
2009-12-08,0.0,0.0,0.0
2009-12-09,0.0,0.5,0.0
2009-12-10,0.0,6.2,1.0
2009-12-11,0.0,2.6,0.0
2009-12-12,0.0,0.0,0.0
2009-12-13,0.0,0.6,0.0
2009-12-14,0.0,0.6,0.0
2009-12-15,0.0,0.3,0.0
2009-12-16,0.0,11.9,8.7
2009-12-17,23.0,7.9,3.8
2009-12-18,0.0,6.3,2.0
2009-12-19,0.0,8.5,4.5
2009-12-20,0.0,1.4,0.0
2009-12-21,0.0,0.0,0.0
2009-12-24,0.0,15.9,13.6
2009-12-25,1.0,5.7,1.0
2009-12-26,0.0,11.4,7.3
2009-12-29,2.0,18.0,19.1
2009-12-30,0.0,2.6,0.0
2009-12-31,0.0,0.3,0.0
2010-01-01,0.0,0.4,0.0
2010-01-02,2.0,65.7,57.8
2010-01-03,0.0,43.6,47.6
2010-01-04,0.0,1.4,0.0
2010-01-05,6.0,4.2,0.0
2010-01-06,23.0,40.5,43.1
2010-01-07,0.0,12.7,5.4
2010-01-08,78.0,0.9,0.0
2010-01-09,0.0,0.0,0.0
2010-01-10,0.0,0.3,0.0
2010-01-11,0.0,0.0,0.0
2010-01-12,0.0,0.4,0.0
2010-01-13,1.0,1.4,0.0
2010-01-14,0.0,6.1,2.1
2010-01-15,0.0,11.4,8.4
2010-01-16,0.0,0.1,0.0
2010-01-17,1.0,0.9,0.0
2010-01-18,0.0,1.4,0.0
2010-01-19,1.0,6.3,2.3
2010-01-20,39.0,10.9,7.4
2010-01-21,9.0,5.7,1.0
2010-01-22,0.0,0.1,0.0
2010-01-23,0.0,0.0,0.0
2010-01-24,0.0,5.5,1.0
2010-01-25,0.0,3.8,0.0
2010-01-26,31.0,3.1,0.0
2010-01-27,0.0,3.1,0.0
2010-01-28,3.0,7.2,1.6
2010-01-29,0.0,4.3,0.0
2010-01-30,0.0,0.0,0.0
2010-01-31,0.0,0.2,0.0
2010-02-01,0.0,0.3,0.0
2010-02-03,0.0,0.0,0.0
2010-02-04,0.0,0.0,0.0
2010-02-05,0.0,0.0,0.0
2010-02-06,0.0,3.0,0.0
2010-02-07,0.0,0.0,0.0
2010-02-08,0.0,2.7,0.0
2010-02-09,11.0,1.5,0.0
2010-02-10,0.0,6.1,1.6
2010-02-11,0.0,5.4,0.0
2010-02-12,0.0,0.0,0.0
2010-02-13,2.0,0.0,0.0
2010-02-14,0.0,0.6,0.0
2010-02-16,0.0,0.5,0.0
2010-02-17,8.0,1.5,0.0
2010-02-20,15.0,0.9,0.0
2010-02-21,0.0,1.8,0.0
2010-02-22,0.0,1.9,0.0
2010-02-23,0.0,5.8,0.0
2010-02-24,2.0,2.6,0.0
2010-02-25,3.0,22.8,26.6
2010-02-26,0.0,0.0,0.0
2010-02-27,0.0,0.1,0.0
2010-02-28,0.0,39.7,43.0
2010-03-01,0.0,11.3,7.3
2010-03-02,0.0,0.8,0.0
2010-03-03,0.0,3.2,0.0
2010-03-04,0.0,0.0,0.0
2010-03-05,0.0,35.6,42.1
2010-03-06,106.0,0.0,0.0
2010-03-07,0.0,0.0,0.0
2010-03-08,0.0,0.0,0.0
2010-03-09,0.0,2.7,0.0
2010-03-10,0.0,12.8,7.3
2010-03-14,0.0,0.0,0.0
2010-03-15,2.0,7.8,2.3
2010-03-16,0.0,0.0,0.0
2010-03-18,0.0,0.2,0.0
2010-03-19,0.0,1.4,0.0
2010-03-20,0.0,43.8,47.2
2010-03-21,0.0,4.2,0.0
2010-03-22,6.0,6.2,0.0
2010-03-23,1.0,2.8,0.0
2010-03-24,1.0,7.1,1.0
2010-03-25,10.0,0.0,0.0
2010-03-26,0.0,3.1,0.0
2010-03-27,0.0,12.6,4.2
2010-03-30,90.0,23.0,14.8
2010-03-31,0.0,3.9,0.0
2010-04-02,0.0,2.3,0.0
2010-04-03,25.0,59.9,56.0
2010-04-04,0.0,4.3,0.0
2010-04-06,0.0,0.1,0.0
2010-04-07,0.0,0.0,0.0
2010-04-08,0.0,2.6,0.0
2010-04-09,0.0,3.6,0.0
2010-04-10,0.0,0.4,0.0
2010-04-11,0.0,0.0,0.0
2010-04-12,0.0,0.7,0.0
2010-04-13,0.0,0.0,0.0
2010-04-14,0.0,0.0,0.0
2010-04-15,0.0,0.2,0.0
2010-04-16,0.0,0.0,0.0
2010-04-17,0.0,2.8,0.0
2010-04-18,0.0,0.0,0.0
2010-04-19,3.0,4.0,0.0
2010-04-21,0.0,0.5,0.0
2010-04-22,1.0,0.5,0.0
2010-04-25,0.0,0.1,0.0
2010-04-27,19.0,25.6,28.3
2010-04-29,0.0,1.4,0.0
2010-04-30,0.0,0.1,0.0
2010-05-01,6.0,12.1,4.9
2010-05-02,0.0,0.6,0.0
2010-05-03,3.0,0.1,0.0
2010-05-04,0.0,10.8,3.6
2010-05-05,1.0,0.3,0.0
2010-05-06,0.0,4.9,0.0
2010-05-07,0.0,4.0,0.0
2010-05-08,0.0,0.1,0.0
2010-05-09,0.0,2.8,0.0
2010-05-12,0.0,5.7,0.0
2010-05-13,0.0,0.2,0.0
2010-05-14,4.0,5.1,0.0
2010-05-15,0.0,0.6,0.0
2010-05-16,7.0,32.3,36.5
2010-05-17,2.0,8.4,1.6
2010-05-18,2.0,9.6,2.7
2010-05-19,0.0,0.1,0.0
2010-05-20,0.0,0.6,0.0
2010-05-21,8.0,4.0,0.0
2010-05-22,28.0,3.6,0.0
2010-05-23,3.0,0.6,0.0
2010-05-24,13.0,2.5,0.0
2010-05-25,30.0,33.9,51.8
2010-05-26,8.0,4.4,0.0
2010-05-27,0.0,25.9,36.6
2010-05-28,0.0,2.8,0.0
2010-05-30,0.0,0.1,0.0
2010-05-31,0.0,2.6,0.0
2010-06-01,5.0,0.7,0.0
2010-06-02,0.0,0.9,0.0
2010-06-03,16.0,42.2,53.4
2010-06-04,1.0,8.9,2.0
2010-06-06,0.0,0.7,0.0
2010-06-07,5.0,22.5,24.0
2010-06-08,3.0,6.2,0.0
2010-06-09,27.0,34.1,42.5
2010-06-10,0.0,0.6,0.0
2010-06-12,4.0,1.2,0.0
2010-06-13,2.0,0.1,0.0
2010-06-14,47.0,15.5,11.1
2010-06-15,0.0,0.3,0.0
2010-06-16,4.0,4.6,0.0
2010-06-17,0.0,0.6,0.0
2010-06-18,0.0,0.2,0.0
2010-06-19,0.0,0.0,0.0
2010-06-20,0.0,0.0,0.0
2010-06-21,0.0,1.4,0.0
2010-06-22,1.0,1.8,0.0
2010-06-23,0.0,1.3,0.0
2010-06-24,49.0,17.0,14.1
2010-06-25,1.0,8.7,2.3
2010-06-26,0.0,3.4,0.0
2010-06-27,0.0,5.0,0.0
2010-06-28,1.0,9.5,3.3
2010-06-30,7.0,0.1,0.0
2010-07-01,3.0,15.8,12.8
2010-07-02,1.0,6.0,0.0
2010-07-04,0.0,0.6,0.0
2010-07-05,0.0,2.1,0.0
2010-07-06,0.0,1.1,0.0
2010-07-07,0.0,19.8,25.1
2010-07-08,2.0,5.7,0.0
2010-07-09,0.0,1.4,0.0
2010-07-10,5.0,11.0,6.4
2010-07-12,0.0,1.7,0.0
2010-07-13,0.0,0.0,0.0
2010-07-14,0.0,4.3,0.0
2010-07-15,16.0,13.7,10.3
2010-07-16,32.0,3.0,0.0
2010-07-17,1.0,15.5,17.8
2010-07-18,4.0,5.6,0.0
2010-07-19,0.0,3.0,0.0
2010-07-21,24.0,9.0,4.1
2010-07-22,0.0,5.8,1.0
2010-07-23,0.0,2.3,0.0
2010-07-25,0.0,38.9,53.4
2010-07-26,18.0,6.1,1.0
2010-07-27,0.0,16.9,26.8
2010-07-28,9.0,0.0,0.0
2010-07-29,0.0,1.6,0.0
2010-07-30,0.0,2.8,0.0
2010-07-31,22.0,1.6,0.0
2010-08-01,0.0,1.6,0.0
2010-08-03,0.0,0.0,0.0
2010-08-04,14.0,4.8,0.0
2010-08-05,0.0,1.1,0.0
2010-08-06,9.0,17.4,24.5
2010-08-07,9.0,1.7,0.0
2010-08-08,65.0,29.1,46.5
2010-08-09,0.0,1.5,0.0
2010-08-10,3.0,4.5,0.0
2010-08-11,56.0,66.1,61.2
2010-08-12,15.0,9.0,3.3
2010-08-13,25.0,35.0,46.0
2010-08-14,0.0,1.5,0.0
2010-08-15,0.0,1.0,0.0
2010-08-16,0.0,4.7,0.0
2010-08-18,0.0,1.2,0.0
2010-08-19,4.0,11.2,5.6
2010-08-20,0.0,5.5,0.0
2010-08-21,0.0,5.2,0.0
2010-08-22,0.0,0.1,0.0
2010-08-24,0.0,0.0,0.0
2010-08-25,0.0,0.1,0.0
2010-08-26,0.0,0.3,0.0
2010-08-27,2.0,9.5,2.9
2010-08-28,25.0,11.2,4.8
2010-08-31,3.0,4.0,0.0
2010-09-02,0.0,5.8,0.0
2010-09-03,0.0,8.5,1.1
2010-09-04,65.0,14.4,7.7
2010-09-05,0.0,1.0,0.0
2010-09-06,16.0,43.4,56.4
2010-09-07,0.0,1.1,0.0
2010-09-08,1.0,5.4,0.0
2010-09-09,0.0,3.8,0.0
2010-09-10,0.0,2.0,0.0
2010-09-11,40.0,0.3,0.0
2010-09-12,30.0,246.5,75.0
2010-09-13,11.0,6.8,0.0
2010-09-14,0.0,8.1,0.0
2010-09-15,0.0,7.7,0.0
2010-09-16,0.0,0.1,0.0
2010-09-17,0.0,2.4,0.0
2010-09-18,2.0,0.7,0.0
2010-09-19,9.0,4.3,0.0
2010-09-20,3.0,23.2,15.4
2010-09-21,12.0,24.3,24.0
2010-09-22,6.0,27.5,28.2
2010-09-23,2.0,6.5,1.2
2010-09-24,0.0,4.5,0.0
2010-09-25,0.0,3.6,0.0
2010-09-27,5.0,22.0,19.6
2010-09-28,0.0,2.6,0.0
2010-09-29,19.0,25.4,24.4
2010-09-30,34.0,20.4,14.3
2010-10-01,50.0,17.7,12.8
2010-10-02,9.0,28.0,32.0
2010-10-03,0.0,10.8,5.5
2010-10-04,0.0,14.2,9.1
2010-10-05,24.0,61.8,69.6
2010-10-06,0.0,5.4,0.0
2010-10-07,0.0,2.5,0.0
2010-10-08,39.0,12.8,7.7
2010-10-09,0.0,0.4,0.0
2010-10-10,0.0,4.2,0.0
2010-10-11,4.0,0.6,0.0
2010-10-12,36.0,4.0,0.0
2010-10-13,0.0,10.7,5.2
2010-10-14,0.0,3.7,0.0
2010-10-15,0.0,0.1,0.0
2010-10-16,31.0,6.7,1.2
2010-10-17,6.0,7.4,1.8
2010-10-18,0.0,1.3,0.0
2010-10-19,0.0,0.0,0.0
2010-10-20,0.0,2.3,0.0
2010-10-21,0.0,9.2,2.0
2010-10-22,34.0,8.1,1.1
2010-10-23,4.0,22.6,16.7
2010-10-24,0.0,12.4,5.4
2010-10-25,1.0,11.6,4.5
2010-10-27,1.0,20.4,14.2
2010-10-28,0.0,3.2,0.0
2010-10-29,13.0,18.4,11.9
2010-10-30,5.0,16.2,9.5
2010-10-31,0.0,9.7,2.5
2010-11-01,0.0,7.7,1.0
2010-11-02,0.0,1.7,0.0
2010-11-03,1.0,3.9,0.0
2010-11-04,0.0,2.8,0.0
2010-11-05,0.0,15.5,7.2
2010-11-06,94.0,64.1,63.8
2010-11-07,1.0,7.9,1.0
2010-11-08,1.0,2.3,0.0
2010-11-09,55.0,27.2,21.3
2010-11-11,10.0,29.7,28.2
2010-11-13,36.0,33.0,32.5
2010-11-14,9.0,14.3,6.5
2010-11-15,0.0,10.1,2.4
2010-11-16,0.0,9.1,1.5
2010-11-17,48.0,9.5,1.9
2010-11-18,62.0,28.6,26.7
2010-11-19,0.0,8.5,1.0
2010-11-20,48.0,24.4,21.1
2010-11-21,1.0,10.7,4.4
2010-11-24,26.0,20.8,13.0
2010-11-25,4.0,13.8,7.0
2010-11-27,0.0,11.7,5.2
2010-11-28,64.0,35.9,38.3
2010-11-29,28.0,23.9,17.6
2010-11-30,2.0,1.5,0.0
2010-12-01,8.0,29.1,33.8
2010-12-02,6.0,20.7,16.2
2010-12-04,3.0,24.0,28.4
2010-12-05,49.0,9.3,3.5
2010-12-06,33.0,24.2,28.3
2010-12-07,0.0,15.5,10.6
2010-12-08,43.0,20.4,16.0
2010-12-09,0.0,2.9,0.0
2010-12-10,13.0,24.2,27.9
2010-12-11,15.0,7.2,3.0
2010-12-13,2.0,6.4,2.1
2010-12-14,1.0,3.2,0.0
2010-12-15,8.0,1.2,0.0
2010-12-16,0.0,2.4,0.0
2010-12-17,56.0,32.9,51.1
2010-12-18,0.0,5.0,1.0
2010-12-19,9.0,4.5,1.0
2010-12-20,9.0,16.0,13.8
2010-12-21,0.0,7.5,2.5
2010-12-22,0.0,21.4,24.0
2010-12-23,0.0,1.5,0.0
2010-12-24,33.0,22.7,27.3
2010-12-25,0.0,2.3,0.0
2010-12-26,1.0,0.0,0.0
2010-12-28,19.0,7.7,2.7
2010-12-29,2.0,13.4,10.2
2010-12-30,0.0,2.5,0.0
2010-12-31,57.0,4.1,0.0
2011-01-01,80.0,87.2,62.5
2011-01-02,2.0,19.5,11.0
2011-01-03,33.0,24.4,25.1
2011-01-04,0.0,10.2,3.3
2011-01-05,99.0,154.6,61.9
2011-01-07,1.0,26.5,27.3
2011-01-08,0.0,1.4,0.0
2011-01-09,0.0,5.2,0.0
2011-01-11,0.0,10.7,7.1
2011-01-12,2.0,4.6,1.0
2011-01-13,0.0,0.3,0.0
2011-01-14,0.0,1.7,0.0
2011-01-15,0.0,2.4,0.0
2011-01-16,0.0,6.1,2.1
2011-01-17,0.0,0.5,0.0
2011-01-18,0.0,0.0,0.0
2011-01-19,0.0,0.0,0.0
2011-01-20,0.0,0.0,0.0
2011-01-22,0.0,2.0,0.0
2011-01-23,0.0,2.1,0.0
2011-01-24,0.0,2.9,0.0
2011-01-25,27.0,4.7,0.0
2011-01-26,10.0,14.0,6.4
2011-01-27,2.0,80.5,79.3
2011-01-28,50.0,25.3,14.8
2011-01-29,7.0,29.2,17.2
2011-01-30,1.0,16.9,7.9
2011-02-01,16.0,1.4,0.0
2011-02-05,0.0,0.5,0.0
2011-02-06,0.0,8.3,2.8
2011-02-07,0.0,1.9,0.0
2011-02-08,0.0,0.0,0.0
2011-02-09,0.0,0.0,0.0
2011-02-10,0.0,0.4,0.0
2011-02-11,2.0,0.2,0.0
2011-02-12,0.0,6.3,1.0
2011-02-13,0.0,0.0,0.0
2011-02-14,0.0,1.2,0.0
2011-02-15,2.0,1.8,0.0
2011-02-16,7.0,0.2,0.0
2011-02-17,0.0,0.8,0.0
2011-02-20,6.0,8.7,2.7
2011-02-21,0.0,2.1,0.0
2011-02-22,0.0,1.8,0.0
2011-02-24,1.0,19.3,20.0
2011-02-25,0.0,0.3,0.0
2011-02-26,0.0,3.2,0.0
2011-02-28,0.0,3.3,0.0
2011-03-01,0.0,1.0,0.0
2011-03-02,14.0,12.9,6.8
2011-03-03,22.0,8.0,2.2
2011-03-04,3.0,0.4,0.0
2011-03-05,0.0,1.1,0.0
2011-03-06,0.0,6.7,1.1
2011-03-08,1.0,6.8,1.2
2011-03-09,128.0,53.2,60.5
2011-03-10,1.0,4.6,0.0
2011-03-11,2.0,10.0,4.5
2011-03-12,1.0,9.7,3.9
2011-03-13,0.0,1.0,0.0
2011-03-14,10.0,2.0,0.0
2011-03-15,17.0,51.6,57.9
2011-03-16,9.0,5.2,0.0
2011-03-17,2.0,17.6,19.0
2011-03-18,13.0,1.2,0.0
2011-03-21,74.0,41.4,35.3
2011-03-22,2.0,29.6,21.3
2011-03-23,25.0,14.8,5.8
2011-03-24,42.0,28.1,19.5
2011-03-27,18.0,3.0,0.0
2011-03-28,0.0,2.3,0.0
2011-03-29,4.0,84.6,62.6
2011-03-30,35.0,17.5,8.1
2011-03-31,175.0,47.0,42.2
2011-04-01,27.0,11.8,4.4
2011-04-02,11.0,0.1,0.0
2011-04-03,2.0,12.6,7.0
2011-04-04,1.0,3.7,0.0
2011-04-05,0.0,0.9,0.0
2011-04-06,0.0,1.1,0.0
2011-04-07,0.0,0.2,0.0
2011-04-08,0.0,0.3,0.0
2011-04-09,0.0,0.0,0.0
2011-04-10,0.0,2.9,0.0
2011-04-11,6.0,40.6,33.2
2011-04-13,5.0,1.9,0.0
2011-04-14,0.0,17.7,13.4
2011-04-15,0.0,0.7,0.0
2011-04-16,0.0,0.2,0.0
2011-04-17,19.0,2.0,0.0
2011-04-18,6.0,2.5,0.0
2011-04-19,0.0,0.0,0.0
2011-04-20,0.0,0.5,0.0
2011-04-21,1.0,0.4,0.0
2011-04-22,0.0,0.2,0.0
2011-04-24,0.0,12.0,4.2
2011-04-25,0.0,0.6,0.0
2011-04-26,1.0,4.3,0.0
2011-04-27,0.0,0.7,0.0
2011-04-28,1.0,7.8,1.0
2011-04-29,22.0,14.1,6.6
2011-04-30,2.0,4.4,0.0
2011-05-01,21.0,13.6,6.5
2011-05-02,0.0,6.1,0.0
2011-05-03,0.0,0.8,0.0
2011-05-05,17.0,4.0,0.0
2011-05-07,0.0,0.1,0.0
2011-05-08,0.0,1.9,0.0
2011-05-09,0.0,0.4,0.0
2011-05-10,0.0,0.8,0.0
2011-05-11,3.0,0.0,0.0
2011-05-12,43.0,17.1,10.2
2011-05-13,3.0,8.1,1.3
2011-05-14,0.0,4.9,0.0
2011-05-15,0.0,0.4,0.0
2011-05-16,0.0,3.0,0.0
2011-05-18,29.0,24.3,28.6
2011-05-19,6.0,6.2,0.0
2011-05-20,1.0,23.2,26.3
2011-05-22,65.0,15.1,11.9
2011-05-23,2.0,0.3,0.0
2011-05-24,8.0,2.1,0.0
2011-05-25,9.0,21.9,29.6
2011-05-26,8.0,10.2,4.7
2011-05-27,0.0,4.7,0.0
2011-05-28,0.0,0.1,0.0
2011-05-29,0.0,2.0,0.0
2011-05-30,31.0,6.3,0.0
2011-05-31,12.0,27.4,40.0
2011-06-01,8.0,9.2,2.3
2011-06-02,80.0,22.2,23.0
2011-06-03,4.0,19.4,13.9
2011-06-04,2.0,0.0,0.0
2011-06-05,42.0,8.9,2.0
2011-06-06,0.0,1.4,0.0
2011-06-07,29.0,7.9,1.0
2011-06-08,0.0,0.2,0.0
2011-06-09,3.0,9.9,3.1
2011-06-10,11.0,13.6,7.2
2011-06-11,12.0,5.8,0.0
2011-06-12,0.0,3.2,0.0
2011-06-13,1.0,5.8,0.0
2011-06-14,0.0,2.8,0.0
2011-06-15,2.0,15.3,10.1
2011-06-17,12.0,20.8,22.7
2011-06-18,25.0,66.8,57.4
2011-06-19,1.0,15.3,10.7
2011-06-20,0.0,1.3,0.0
2011-06-21,35.0,2.6,0.0
2011-06-22,0.0,2.9,0.0
2011-06-23,0.0,18.5,21.2
2011-06-25,0.0,2.3,0.0
2011-06-26,1.0,4.3,0.0
2011-06-27,1.0,10.3,4.5
2011-06-29,1.0,2.0,0.0
2011-06-30,15.0,15.1,11.5
2011-07-01,13.0,3.0,0.0
2011-07-02,4.0,18.0,21.1
2011-07-03,0.0,1.7,0.0
2011-07-04,0.0,0.3,0.0
2011-07-05,0.0,0.4,0.0
2011-07-07,0.0,0.4,0.0
2011-07-08,0.0,1.2,0.0
2011-07-09,0.0,1.9,0.0
2011-07-10,0.0,1.6,0.0
2011-07-12,24.0,3.2,0.0
2011-07-13,0.0,4.1,0.0
2011-07-14,0.0,1.1,0.0
2011-07-17,27.0,3.8,0.0
2011-07-18,0.0,0.1,0.0
2011-07-19,0.0,0.7,0.0
2011-07-20,0.0,3.8,0.0
2011-07-21,0.0,5.8,1.0
2011-07-22,3.0,6.2,1.0
2011-07-23,4.0,9.2,4.3
2011-07-24,27.0,9.7,4.9
2011-07-25,0.0,0.0,0.0
2011-07-26,16.0,0.2,0.0
2011-07-27,2.0,2.4,0.0
2011-07-28,20.0,19.9,29.7
2011-07-29,36.0,13.7,9.6
2011-07-30,0.0,7.3,2.0
2011-07-31,1.0,0.1,0.0
2011-08-01,0.0,0.0,0.0
2011-08-03,75.0,26.4,39.5
2011-08-04,0.0,2.4,0.0
2011-08-05,0.0,0.1,0.0
2011-08-06,59.0,4.8,0.0
2011-08-07,0.0,1.5,0.0
2011-08-08,5.0,10.3,6.2
2011-08-09,3.0,9.5,5.2
2011-08-10,0.0,3.0,0.0
2011-08-11,23.0,1.8,0.0
2011-08-12,0.0,0.1,0.0
2011-08-13,22.0,15.3,9.8
2011-08-14,4.0,16.1,10.6
2011-08-15,7.0,12.8,7.1
2011-08-17,3.0,18.6,12.0
2011-08-20,7.0,24.6,27.4
2011-08-21,1.0,23.5,26.2
2011-08-22,15.0,14.4,8.5
2011-08-23,0.0,1.5,0.0
2011-08-24,0.0,1.0,0.0
2011-08-25,1.0,4.0,0.0
2011-08-26,13.0,16.2,10.8
2011-08-27,0.0,11.7,5.4
2011-08-28,4.0,23.4,25.5
2011-08-29,5.0,18.9,13.1
2011-08-30,6.0,5.0,0.0
2011-08-31,1.0,2.2,0.0
2011-09-01,78.0,0.7,0.0
2011-09-02,0.0,4.9,0.0
2011-09-04,19.0,19.1,13.4
2011-09-06,29.0,2.4,0.0
2011-09-07,0.0,18.9,13.1
2011-09-08,6.0,8.6,1.2
2011-09-10,0.0,11.8,4.7
2011-09-11,0.0,15.6,7.2
2011-09-12,1.0,6.1,0.0
2011-09-13,38.0,79.2,76.8
2011-09-14,2.0,18.9,10.5
2011-09-15,6.0,0.3,0.0
2011-09-16,13.0,4.8,0.0
2011-09-18,6.0,10.4,2.0
2011-09-19,20.0,8.0,0.0
2011-09-20,0.0,3.0,0.0
2011-09-21,10.0,11.4,6.0
2011-09-22,0.0,1.2,0.0
2011-09-23,1.0,4.4,0.0
2011-09-24,0.0,2.0,0.0
2011-09-25,21.0,17.0,11.2
2011-09-26,23.0,31.4,31.4
2011-09-28,0.0,3.4,0.0
2011-09-29,0.0,2.0,0.0
2011-09-30,45.0,14.3,8.7
2011-10-01,72.0,26.0,30.0
2011-10-02,23.0,24.8,24.1
2011-10-03,27.0,24.7,29.4
2011-10-04,2.0,31.4,36.3
2011-10-05,0.0,17.2,12.3
2011-10-06,20.0,3.2,0.0
2011-10-07,35.0,15.2,10.2
2011-10-08,11.0,11.1,5.9
2011-10-09,20.0,19.2,14.4
2011-10-10,13.0,16.2,11.2
2011-10-11,0.0,3.4,0.0
2011-10-12,0.0,3.0,0.0
2011-10-13,0.0,0.3,0.0
2011-10-14,0.0,0.2,0.0
2011-10-15,38.0,25.3,25.6
2011-10-16,1.0,2.2,0.0
2011-10-17,25.0,13.9,8.5
2011-10-18,2.0,15.8,10.6
2011-10-19,51.0,31.7,35.9
2011-10-20,1.0,11.9,6.4
2011-10-21,4.0,11.3,4.3
2011-10-22,0.0,4.6,0.0
2011-10-23,32.0,31.7,36.0
2011-10-24,49.0,72.9,96.9
2011-10-25,7.0,7.3,1.0
2011-10-26,30.0,11.1,4.1
2011-10-27,1.0,2.4,0.0
2011-10-28,0.0,5.4,0.0
2011-10-29,0.0,1.0,0.0
2011-10-30,32.0,28.6,32.0
2011-10-31,41.0,20.1,13.9
2011-11-01,16.0,14.4,6.2
2011-11-02,0.0,5.2,0.0
2011-11-04,5.0,24.4,19.6
2011-11-05,2.0,11.5,3.6
2011-11-06,8.0,13.9,5.7
2011-11-07,1.0,2.5,0.0
2011-11-08,4.0,3.7,0.0
2011-11-09,7.0,10.4,2.7
2011-11-10,4.0,5.4,0.0
2011-11-11,17.0,15.1,7.3
2011-11-12,0.0,2.9,0.0
2011-11-13,58.0,18.6,10.8
2011-11-14,0.0,8.9,1.4
2011-11-16,4.0,0.9,0.0
2011-11-19,0.0,5.3,0.0
2011-11-20,0.0,7.6,1.0
2011-11-21,20.0,14.4,7.5
2011-11-22,0.0,6.1,1.0
2011-11-23,21.0,58.3,58.2
2011-11-24,1.0,3.4,0.0
2011-11-25,0.0,2.0,0.0
2011-11-27,12.0,7.2,1.5
2011-11-28,0.0,3.3,0.0
2011-11-29,41.0,2.6,0.0
2011-11-30,27.0,33.0,31.9
2011-12-01,3.0,7.7,1.8
2011-12-03,1.0,0.0,0.0
2011-12-06,0.0,0.5,0.0
2011-12-07,0.0,0.1,0.0
2011-12-08,7.0,8.4,2.5
2011-12-09,0.0,3.2,0.0
2011-12-10,0.0,3.0,0.0
2011-12-11,1.0,14.1,11.4
2011-12-12,44.0,15.1,12.7
2011-12-13,0.0,0.5,0.0
2011-12-14,0.0,1.1,0.0
2011-12-15,0.0,1.4,0.0
2011-12-16,20.0,8.7,4.8
2011-12-17,58.0,40.2,63.3
2011-12-19,28.0,44.1,66.8
2011-12-20,2.0,8.3,4.3
2011-12-21,0.0,2.1,0.0
2011-12-23,14.0,32.2,48.6
2011-12-25,0.0,0.1,0.0
2011-12-26,14.0,12.1,8.2
2011-12-27,13.0,36.1,59.2
2011-12-28,0.0,1.0,0.0
2011-12-29,0.0,0.1,0.0
2011-12-30,0.0,5.6,1.0
2011-12-31,16.0,55.3,127.7
2012-01-02,0.0,0.1,0.0
2012-01-04,25.0,7.9,1.5
2012-01-05,21.0,8.9,2.3
2012-01-06,0.0,0.6,0.0
2012-01-07,0.0,1.1,0.0
2012-01-08,16.0,0.4,0.0
2012-01-09,25.0,9.4,2.7
2012-01-10,0.0,6.3,1.0
2012-01-11,0.0,5.7,1.7
2012-01-14,2.0,4.4,1.0
2012-01-15,0.0,3.0,0.0
2012-01-16,1.0,2.4,0.0
2012-01-17,1.0,1.1,0.0
2012-01-18,12.0,7.0,3.1
2012-01-19,2.0,2.0,0.0
2012-01-20,0.0,2.9,0.0
2012-01-21,5.0,5.4,1.0
2012-01-23,0.0,5.0,1.0
2012-01-24,0.0,0.5,0.0
2012-01-25,0.0,0.4,0.0
2012-01-26,0.0,0.0,0.0
2012-01-27,0.0,0.0,0.0
2012-01-28,4.0,25.3,14.0
2012-01-29,0.0,0.9,0.0
2012-01-30,4.0,6.9,1.5
2012-01-31,0.0,3.2,0.0
2012-02-01,13.0,3.1,0.0
2012-02-02,9.0,23.4,25.5
2012-02-04,0.0,0.0,0.0
2012-02-05,2.0,1.7,0.0
2012-02-06,0.0,0.0,0.0
2012-02-07,0.0,0.0,0.0
2012-02-08,0.0,0.2,0.0
2012-02-09,0.0,0.0,0.0
2012-02-10,5.0,11.4,5.4
2012-02-11,0.0,2.7,0.0
2012-02-12,2.0,1.3,0.0
2012-02-13,7.0,26.5,21.0
2012-02-15,2.0,43.3,47.5
2012-02-16,26.0,6.8,1.1
2012-02-17,3.0,2.2,0.0
2012-02-19,0.0,10.4,4.1
2012-02-20,0.0,0.7,0.0
2012-02-21,0.0,0.2,0.0
2012-02-22,0.0,1.8,0.0
2012-02-23,1.0,3.5,0.0
2012-02-24,3.0,1.7,0.0
2012-02-25,0.0,0.0,0.0
2012-02-26,0.0,1.4,0.0
2012-02-27,0.0,2.7,0.0
2012-02-28,1.0,24.6,32.3
2012-02-29,1.0,2.6,0.0
2012-03-01,0.0,0.2,0.0
2012-03-02,2.0,12.4,6.6
2012-03-03,3.0,24.8,28.4
2012-03-04,34.0,24.5,30.5
2012-03-05,4.0,53.5,61.6
2012-03-06,0.0,1.3,0.0
2012-03-07,1.0,17.0,10.4
2012-03-08,0.0,6.0,1.0
2012-03-09,0.0,2.4,0.0
2012-03-10,0.0,1.6,0.0
2012-03-11,57.0,24.1,25.8
2012-03-13,0.0,1.5,0.0
2012-03-15,0.0,0.4,0.0
2012-03-16,0.0,0.0,0.0
2012-03-17,2.0,15.7,17.7
2012-03-18,0.0,0.4,0.0
2012-03-19,8.0,10.4,4.5
2012-03-20,1.0,4.3,0.0
2012-03-21,0.0,2.1,0.0
2012-03-22,0.0,0.0,0.0
2012-03-23,24.0,2.3,0.0
2012-03-25,0.0,0.9,0.0
2012-03-26,0.0,0.8,0.0
2012-03-27,0.0,3.8,0.0
2012-03-28,31.0,12.7,4.3
2012-03-29,9.0,42.0,34.2
2012-03-30,5.0,15.3,6.1
2012-03-31,1.0,8.0,1.0
2012-04-01,7.0,54.1,51.0
2012-04-02,26.0,13.5,6.9
2012-04-03,32.0,6.1,0.0
2012-04-04,26.0,12.6,4.7
2012-04-05,26.0,25.3,26.2
2012-04-06,16.0,17.8,9.8
2012-04-07,3.0,7.9,1.0
2012-04-08,1.0,0.7,0.0
2012-04-09,31.0,6.2,0.0
2012-04-10,49.0,46.7,50.2
2012-04-11,0.0,5.3,0.0
2012-04-12,2.0,61.6,44.7
2012-04-13,0.0,2.3,0.0
2012-04-14,0.0,0.6,0.0
2012-04-16,66.0,85.1,44.6
2012-04-17,60.0,21.5,16.9
2012-04-18,0.0,0.7,0.0
2012-04-19,1.0,5.0,0.0
2012-04-20,3.0,4.5,0.0
2012-04-21,0.0,4.0,0.0
2012-04-22,0.0,1.9,0.0
2012-04-23,0.0,3.6,0.0
2012-04-24,1.0,2.7,0.0
2012-04-26,8.0,8.0,1.0
2012-04-27,12.0,1.8,0.0
2012-04-28,0.0,3.5,0.0
2012-04-29,3.0,33.2,36.4
2012-04-30,3.0,2.7,0.0
2012-05-02,0.0,12.9,5.7
2012-05-03,0.0,0.6,0.0
2012-05-04,42.0,17.2,10.4
2012-05-05,0.0,3.8,0.0
2012-05-06,51.0,62.8,64.4
2012-05-07,0.0,0.7,0.0
2012-05-08,32.0,23.7,21.4
2012-05-09,45.0,18.7,11.7
2012-05-10,0.0,0.3,0.0
2012-05-11,16.0,11.1,4.2
2012-05-13,19.0,27.7,32.6
2012-05-14,3.0,18.0,10.5
2012-05-15,24.0,16.2,9.2
2012-05-16,11.0,54.8,51.9
2012-05-17,49.0,6.2,0.0
2012-05-18,23.0,5.4,0.0
2012-05-19,0.0,2.9,0.0
2012-05-20,0.0,4.6,0.0
2012-05-21,0.0,3.3,0.0
2012-05-22,3.0,8.6,2.5
2012-05-23,8.0,20.3,28.3
2012-05-24,17.0,26.2,37.9
2012-05-26,7.0,6.4,0.0
2012-05-27,2.0,1.2,0.0
2012-05-28,39.0,10.3,4.8
2012-05-29,47.0,12.5,7.8
2012-05-30,0.0,3.3,0.0
2012-05-31,30.0,2.9,0.0
2012-06-01,14.0,4.5,0.0
2012-06-02,8.0,3.9,0.0
2012-06-03,0.0,0.9,0.0
2012-06-04,0.0,0.4,0.0
2012-06-05,0.0,14.3,9.4
2012-06-06,0.0,6.1,0.0
2012-06-07,0.0,5.3,0.0
2012-06-08,0.0,4.2,0.0
2012-06-09,1.0,3.6,0.0
2012-06-10,0.0,0.4,0.0
2012-06-11,0.0,0.6,0.0
2012-06-12,0.0,0.7,0.0
2012-06-13,0.0,0.6,0.0
2012-06-14,0.0,0.0,0.0
2012-06-15,8.0,0.1,0.0
2012-06-16,1.0,0.4,0.0
2012-06-17,0.0,0.0,0.0
2012-06-18,0.0,0.9,0.0
2012-06-19,0.0,1.5,0.0
2012-06-20,13.0,3.5,0.0
2012-06-21,0.0,1.3,0.0
2012-06-22,19.0,1.1,0.0
2012-06-23,8.0,57.7,93.2
2012-06-24,0.0,1.1,0.0
2012-06-25,0.0,1.2,0.0
2012-06-26,1.0,3.8,0.0
2012-06-28,0.0,0.0,0.0
2012-06-29,5.0,8.1,1.5
2012-06-30,0.0,0.1,0.0
2012-07-01,0.0,0.8,0.0
2012-07-03,1.0,2.0,0.0
2012-07-04,72.0,7.2,1.4
2012-07-05,5.0,11.2,6.7
2012-07-06,25.0,7.5,1.8
2012-07-07,104.0,38.8,55.4
2012-07-08,0.0,1.4,0.0
2012-07-09,0.0,3.2,0.0
2012-07-10,1.0,8.8,3.5
2012-07-12,24.0,0.9,0.0
2012-07-13,0.0,0.6,0.0
2012-07-14,7.0,0.7,0.0
2012-07-15,8.0,7.4,1.0
2012-07-16,7.0,8.6,2.3
2012-07-17,0.0,0.4,0.0
2012-07-18,3.0,6.3,0.0
2012-07-19,0.0,1.1,0.0
2012-07-20,0.0,1.1,0.0
2012-07-21,0.0,1.7,0.0
2012-07-22,0.0,2.6,0.0
2012-07-23,0.0,1.9,0.0
2012-07-26,0.0,0.0,0.0
2012-07-27,0.0,0.0,0.0
2012-07-28,0.0,0.4,0.0
2012-07-29,0.0,0.3,0.0
2012-07-30,0.0,0.8,0.0
2012-07-31,34.0,90.5,55.8
2012-08-01,44.0,20.2,31.4
2012-08-02,6.0,5.8,1.0
2012-08-03,0.0,4.6,0.0
2012-08-04,0.0,2.7,0.0
2012-08-05,0.0,5.0,0.0
2012-08-06,3.0,3.0,0.0
2012-08-07,3.0,0.6,0.0
2012-08-08,0.0,6.0,1.0
2012-08-09,0.0,4.2,0.0
2012-08-10,14.0,0.0,0.0
2012-08-11,0.0,0.0,0.0
2012-08-12,0.0,4.7,0.0
2012-08-13,0.0,0.6,0.0
2012-08-14,0.0,0.4,0.0
2012-08-15,7.0,0.4,0.0
2012-08-16,0.0,0.0,0.0
2012-08-17,14.0,0.3,0.0
2012-08-18,0.0,3.0,0.0
2012-08-20,4.0,13.2,7.6
2012-08-21,25.0,0.0,0.0
2012-08-22,7.0,22.1,23.7
2012-08-23,0.0,7.4,1.0
2012-08-24,28.0,16.3,10.9
2012-08-25,0.0,1.9,0.0
2012-08-26,3.0,2.3,0.0
2012-08-27,64.0,28.3,33.9
2012-08-28,0.0,3.8,0.0
2012-08-29,0.0,2.9,0.0
2012-08-31,2.0,3.4,0.0
2012-09-01,1.0,0.0,0.0
2012-09-02,0.0,3.7,0.0
2012-09-03,0.0,7.4,1.0
2012-09-04,29.0,4.3,0.0
2012-09-05,34.0,20.4,16.8
2012-09-06,1.0,19.9,14.4
2012-09-07,0.0,0.9,0.0
2012-09-08,0.0,2.8,0.0
2012-09-09,0.0,0.7,0.0
2012-09-10,0.0,17.5,11.4
2012-09-11,10.0,15.3,6.9
2012-09-12,0.0,5.8,0.0
2012-09-13,0.0,13.5,5.1
2012-09-14,0.0,0.7,0.0
2012-09-15,0.0,17.3,8.9
2012-09-16,6.0,1.9,0.0
2012-09-17,0.0,4.1,0.0
2012-09-18,0.0,1.8,0.0
2012-09-19,0.0,3.8,0.0
2012-09-20,0.0,8.2,0.0
2012-09-21,0.0,20.0,13.9
2012-09-22,22.0,1.2,0.0
2012-09-23,0.0,5.5,0.0
2012-09-24,55.0,22.7,17.3
2012-09-25,0.0,77.6,70.7
2012-09-26,5.0,31.1,29.9
2012-09-27,0.0,5.7,1.0
2012-09-28,0.0,2.9,0.0
2012-09-29,0.0,0.4,0.0
2012-09-30,5.0,17.5,11.7
2012-10-01,5.0,4.8,0.0
2012-10-02,0.0,4.7,0.0
2012-10-03,2.0,4.1,0.0
2012-10-04,0.0,31.0,36.2
2012-10-05,10.0,13.7,8.6
2012-10-06,47.0,8.3,3.0
2012-10-07,1.0,2.9,0.0
2012-10-08,32.0,14.1,9.0
2012-10-09,0.0,6.3,1.0
2012-10-10,1.0,0.0,0.0
2012-10-11,0.0,0.7,0.0
2012-10-12,0.0,0.2,0.0
2012-10-13,0.0,14.9,9.7
2012-10-14,1.0,14.6,9.4
2012-10-15,25.0,36.9,42.5
2012-10-16,47.0,3.7,0.0
2012-10-17,0.0,2.4,0.0
2012-10-18,0.0,11.4,5.9
2012-10-19,0.0,1.6,0.0
2012-10-20,2.0,3.9,0.0
2012-10-21,0.0,33.3,39.3
2012-10-22,28.0,7.6,1.0
2012-10-23,4.0,2.2,0.0
2012-10-24,4.0,8.0,1.0
2012-10-25,15.0,7.6,1.0
2012-10-26,0.0,21.7,15.7
2012-10-27,41.0,0.2,0.0
2012-10-28,0.0,0.0,0.0
2012-10-29,0.0,0.6,0.0
2012-10-30,0.0,35.5,41.6
2012-10-31,13.0,31.2,37.2
2012-11-01,18.0,8.3,1.0
2012-11-02,0.0,19.0,10.5
2012-11-03,18.0,58.7,61.0
2012-11-04,27.0,15.7,7.4
2012-11-05,0.0,24.6,18.0
2012-11-06,6.0,2.4,0.0
2012-11-07,0.0,0.7,0.0
2012-11-08,0.0,12.6,4.6
2012-11-09,0.0,6.2,0.0
2012-11-10,0.0,11.8,3.9
2012-11-11,1.0,19.2,12.2
2012-11-12,12.0,47.1,50.0
2012-11-13,46.0,2.6,0.0
2012-11-14,11.0,0.0,0.0
2012-11-15,0.0,0.0,0.0
2012-11-16,0.0,1.0,0.0
2012-11-17,9.0,2.9,0.0
2012-11-18,0.0,0.2,0.0
2012-11-19,0.0,5.1,0.0
2012-11-20,13.0,39.4,39.5
2012-11-21,11.0,15.7,8.7
2012-11-22,4.0,0.9,0.0
2012-11-23,0.0,9.0,3.0
2012-11-24,2.0,13.2,6.5
2012-11-25,5.0,3.7,0.0
2012-11-26,4.0,12.6,6.0
2012-11-27,26.0,17.7,10.4
2012-11-28,19.0,7.5,1.7
2012-11-29,12.0,1.2,0.0
2012-11-30,1.0,2.1,0.0
2012-12-01,4.0,43.2,48.4
2012-12-02,2.0,23.3,27.0
2012-12-03,2.0,10.8,5.2
2012-12-04,1.0,3.7,0.0
2012-12-05,13.0,6.9,1.0
2012-12-06,0.0,0.6,0.0
2012-12-07,0.0,0.0,0.0
2012-12-08,0.0,0.7,0.0
2012-12-09,0.0,13.7,8.5
2012-12-10,36.0,8.8,2.9
2012-12-11,1.0,12.6,9.5
2012-12-12,0.0,0.3,0.0
2012-12-13,0.0,2.1,0.0
2012-12-14,39.0,22.7,35.4
2012-12-15,0.0,1.1,0.0
2012-12-16,10.0,26.8,41.7
2012-12-17,0.0,1.5,0.0
2012-12-18,6.0,3.0,0.0
2012-12-20,0.0,6.5,2.3
2012-12-21,6.0,37.5,61.2
2012-12-22,0.0,19.4,20.1
2012-12-23,0.0,13.2,12.0
2012-12-24,0.0,10.1,5.6
2012-12-25,0.0,1.0,0.0
2012-12-26,0.0,0.5,0.0
2012-12-27,0.0,6.3,1.3
2012-12-28,3.0,0.3,0.0
2012-12-29,0.0,1.1,0.0
2012-12-30,93.0,8.8,3.9
2012-12-31,1.0,10.8,6.4
2013-01-01,120.1,19.7,18.1
2013-01-02,42.1,8.7,2.1
2013-01-03,0.0,39.4,41.4
2013-01-04,6.0,56.3,52.8
2013-01-05,5.6,11.1,4.1
2013-01-06,15.1,2.7,0.0
2013-01-07,0.0,1.3,0.0
2013-01-08,0.0,3.7,0.0
2013-01-09,0.0,4.3,0.0
2013-01-10,10.3,5.0,0.0
2013-01-11,0.8,0.3,0.0
2013-01-12,1.0,0.5,0.0
2013-01-13,2.2,4.1,0.0
2013-01-14,26.4,2.2,0.0
2013-01-15,14.2,73.3,59.1
2013-01-16,0.0,3.2,0.0
2013-01-17,2.3,0.0,0.0
2013-01-18,9.3,0.2,0.0
2013-01-19,18.8,2.6,0.0
2013-01-20,17.9,12.8,9.4
2013-01-21,33.6,6.8,1.4
2013-01-22,5.8,17.0,8.2
2013-01-24,17.7,0.3,0.0
2013-01-25,18.8,11.1,4.2
2013-01-26,20.4,1.5,0.0
2013-01-27,27.0,18.9,8.9
2013-01-28,17.1,6.1,1.0
2013-01-29,0.1,50.9,38.1
2013-01-30,35.3,27.0,14.6
2013-01-31,9.8,22.9,12.6
2013-02-01,0.0,7.5,2.6
2013-02-02,1.0,1.3,0.0
2013-02-03,1.0,9.2,4.3
2013-02-04,16.0,35.5,52.6
2013-02-05,0.0,0.7,0.0
2013-02-06,28.2,10.1,5.2
2013-02-07,0.0,5.8,2.5
2013-02-08,0.0,0.2,0.0
2013-02-09,40.0,5.0,0.0
2013-02-10,0.0,0.7,0.0
2013-02-11,0.0,1.1,0.0
2013-02-12,0.0,3.2,0.0
2013-02-13,17.6,16.6,9.9
2013-02-14,0.0,1.6,0.0
2013-02-15,11.5,16.4,8.9
2013-02-16,15.5,12.3,6.0
2013-02-17,28.8,8.6,3.6
2013-02-18,0.0,11.0,4.6
2013-02-19,0.0,3.0,0.0
2013-02-20,18.3,0.5,0.0
2013-02-21,0.0,2.2,0.0
2013-02-22,0.0,0.6,0.0
2013-02-23,0.0,2.2,0.0
2013-02-24,6.0,32.1,36.9
2013-02-25,8.8,39.5,43.5
2013-02-26,30.6,18.2,19.1
2013-02-27,3.5,12.6,7.1
2013-02-28,0.0,80.6,52.4
2013-03-01,79.0,0.7,0.0
2013-03-02,0.3,0.2,0.0
2013-03-03,0.1,4.7,0.0
2013-03-04,0.9,5.6,1.0
2013-03-05,0.0,0.5,0.0
2013-03-06,4.0,0.0,0.0
2013-03-07,0.0,0.0,0.0
2013-03-08,47.0,4.8,0.0
2013-03-09,29.0,17.6,14.6
2013-03-10,0.0,0.5,0.0
2013-03-11,0.0,0.0,0.0
2013-03-12,0.0,0.5,0.0
2013-03-13,0.0,0.0,0.0
2013-03-14,42.5,0.9,0.0
2013-03-15,0.3,2.2,0.0
2013-03-16,0.0,8.3,2.7
2013-03-17,9.5,0.5,0.0
2013-03-18,0.0,0.0,0.0
2013-03-19,0.0,0.0,0.0
2013-03-20,0.0,0.1,0.0
2013-03-21,0.0,2.0,0.0
2013-03-22,8.5,5.4,0.0
2013-03-23,0.2,1.2,0.0
2013-03-24,8.0,5.3,0.0
2013-03-25,11.6,0.1,0.0
2013-03-26,0.0,0.0,0.0
2013-03-27,0.0,3.3,0.0
2013-03-28,0.0,0.0,0.0
2013-03-29,0.0,0.0,0.0
2013-03-30,0.0,0.0,0.0
2013-03-31,16.5,2.2,0.0
2013-04-01,0.9,4.3,0.0
2013-04-02,0.2,1.1,0.0
2013-04-03,26.0,5.1,0.0
2013-04-05,1.0,7.8,1.0
2013-04-06,12.0,20.6,13.2
2013-04-07,0.0,0.9,0.0
2013-04-08,0.0,1.1,0.0
2013-04-10,10.6,31.7,36.1
2013-04-11,4.5,13.9,6.2
2013-04-12,0.0,0.0,0.0
2013-04-13,0.0,0.3,0.0
2013-04-14,42.0,15.6,7.9
2013-04-15,0.0,0.0,0.0
2013-04-16,0.0,2.3,0.0
2013-04-17,0.7,2.5,0.0
2013-04-18,0.0,2.5,0.0
2013-04-19,0.0,2.1,0.0
2013-04-20,0.0,0.2,0.0
2013-04-22,4.0,1.0,0.0
2013-04-23,0.0,0.1,0.0
2013-04-24,0.6,7.8,1.0
2013-04-25,29.6,20.7,21.8
2013-04-26,55.7,108.9,46.8
2013-04-27,0.0,0.8,0.0
2013-04-28,0.0,0.0,0.0
2013-04-29,1.0,0.0,0.0
2013-05-01,15.0,5.7,0.0
2013-05-02,3.9,5.6,0.0
2013-05-03,0.8,1.7,0.0
2013-05-04,42.0,1.4,0.0
2013-05-05,30.6,7.8,1.0
2013-05-06,13.0,16.3,9.4
2013-05-07,26.1,2.8,0.0
2013-05-08,0.0,0.1,0.0
2013-05-09,12.9,18.7,12.7
2013-05-10,0.0,2.7,0.0
2013-05-11,0.0,0.2,0.0
2013-05-12,0.0,0.0,0.0
2013-05-13,0.0,0.0,0.0
2013-05-14,26.0,10.6,3.7
2013-05-15,13.0,0.9,0.0
2013-05-16,2.0,4.5,0.0
2013-05-17,100.0,16.0,9.1
2013-05-18,37.3,14.2,7.2
2013-05-19,13.0,1.8,0.0
2013-05-20,0.0,1.4,0.0
2013-05-21,0.0,0.6,0.0
2013-05-22,0.0,0.0,0.0
2013-05-23,0.5,0.0,0.0
2013-05-24,6.0,2.3,0.0
2013-05-25,57.3,14.6,10.8
2013-05-26,24.0,13.0,8.6
2013-05-27,1.5,0.1,0.0
2013-05-28,1.0,8.3,2.1
2013-05-29,27.0,35.9,53.7
2013-05-30,0.0,8.0,1.7
2013-05-31,0.0,0.0,0.0
2013-06-01,0.5,0.6,0.0
2013-06-02,66.6,53.5,63.5
2013-06-03,1.0,3.6,0.0
2013-06-04,10.0,4.7,0.0
2013-06-05,1.0,19.2,13.6
2013-06-06,0.0,1.6,0.0
2013-06-07,0.0,0.1,0.0
2013-06-08,2.5,2.1,0.0
2013-06-09,29.0,22.5,23.7
2013-06-10,0.0,6.0,0.0
2013-06-11,0.5,41.6,50.5
2013-06-12,0.0,4.6,0.0
2013-06-13,0.8,3.0,0.0
2013-06-14,0.0,1.8,0.0
2013-06-15,0.0,4.5,0.0
2013-06-16,0.0,3.5,0.0
2013-06-17,0.0,1.3,0.0
2013-06-18,0.0,1.6,0.0
2013-06-19,0.0,0.0,0.0
2013-06-20,0.0,0.0,0.0
2013-06-21,0.0,0.9,0.0
2013-06-22,0.0,1.8,0.0
2013-06-23,0.0,0.2,0.0
2013-06-24,11.0,0.0,0.0
2013-06-25,11.8,7.7,1.0
2013-06-26,5.0,20.0,25.4
2013-06-27,0.9,5.0,0.0
2013-06-28,0.5,1.1,0.0
2013-06-29,1.0,0.9,0.0
2013-06-30,5.0,9.7,3.7
2013-07-02,0.0,10.0,5.1
2013-07-03,44.0,7.7,2.1
2013-07-12,0.0,2.5,0.0
2013-07-13,3.0,24.3,30.1
2013-07-14,2.0,3.5,0.0
2013-07-17,0.0,34.6,43.5
2013-07-18,50.0,10.0,3.9
2013-07-19,4.0,0.4,0.0
2013-07-26,13.8,2.5,0.0
2013-07-29,50.0,0.7,0.0
2013-07-31,10.6,6.1,1.0
2013-08-01,0.0,10.6,6.6
2013-08-02,0.0,2.3,0.0
2013-08-03,0.0,0.0,0.0
2013-08-04,0.0,3.2,0.0
2013-08-06,0.0,4.9,0.0
2013-08-07,27.0,16.4,23.1
2013-08-08,0.5,13.9,10.6
2013-08-09,29.0,6.3,1.1
2013-08-10,40.8,13.8,13.7
2013-08-11,0.0,2.7,0.0
2013-08-12,33.0,10.8,5.1
2013-08-13,0.0,2.4,0.0
2013-08-14,0.0,0.7,0.0
2013-08-15,3.4,21.2,16.1
2013-08-16,0.0,3.2,0.0
2013-08-17,0.0,1.5,0.0
2013-08-18,24.2,16.0,10.5
2013-08-19,0.5,5.5,0.0
2013-08-20,0.0,0.4,0.0
2013-08-21,16.0,6.1,0.0
2013-08-22,24.0,29.8,37.5
2013-08-23,0.0,0.8,0.0
2013-08-24,76.0,17.5,12.1
2013-08-25,17.0,22.1,22.8
2013-08-26,18.0,14.7,9.0
2013-08-28,54.0,29.7,37.4
2013-08-29,0.0,0.8,0.0
2013-08-30,32.0,1.9,0.0
2013-08-31,90.0,16.3,10.9
2013-09-04,3.0,6.9,0.0
2013-09-06,12.0,30.8,40.0
2013-09-09,0.7,29.9,39.0
2013-09-10,12.0,28.5,37.3
2013-09-11,13.0,73.8,72.3
2013-09-30,80.2,11.7,6.3
2013-10-24,6.0,4.1,0.0
2013-11-01,0.6,10.0,2.3
2013-11-02,0.5,3.8,0.0
2013-11-03,0.7,4.9,0.0
2013-11-05,0.0,7.8,1.0
2013-11-06,12.3,9.3,1.8
2013-11-07,5.0,17.3,8.9
2013-11-08,8.0,29.5,24.1
2013-11-11,6.0,11.3,3.6
2013-11-13,0.5,5.3,0.0
2013-11-14,0.0,1.1,0.0
2013-11-15,2.0,7.3,1.0
2013-11-16,14.0,32.9,33.1
2013-11-17,2.0,9.2,1.6
2013-11-18,0.0,1.4,0.0
2013-11-19,0.0,7.6,1.0
2013-11-20,17.0,29.5,27.4
2013-11-21,6.0,10.5,4.2
2013-11-22,10.0,15.1,8.1
2013-11-23,4.0,14.0,7.2
2013-11-24,10.0,0.3,0.0
2013-11-25,38.0,21.6,13.8
2013-11-27,5.0,25.4,21.9
2013-11-28,4.0,20.1,12.4
2013-11-29,1.0,7.4,1.7
2013-11-30,15.0,5.1,0.0
2013-12-01,15.0,9.8,4.0
2013-12-03,1.0,20.8,18.3
2013-12-04,0.1,7.4,1.4
2013-12-08,5.0,0.4,0.0
2013-12-11,28.0,21.8,32.1
2013-12-12,1.0,91.2,79.1
2013-12-13,33.0,5.9,1.5
2013-12-15,18.5,0.0,0.0
2013-12-18,9.0,3.2,0.0
2013-12-19,6.0,54.1,75.1
2013-12-21,4.4,39.9,68.5
2013-12-23,28.0,0.2,0.0
2013-12-24,21.0,3.2,0.0
2013-12-25,0.0,1.2,0.0
2013-12-28,0.8,47.5,94.8
2013-12-29,27.0,47.8,97.7
2013-12-30,59.0,1.2,0.0
2014-01-01,0.0,3.7,0.0
2014-01-02,3.2,0.3,0.0
2014-01-03,8.0,5.4,0.0
2014-01-04,4.0,10.2,3.4
2014-01-05,0.0,0.7,0.0
2014-01-06,0.0,1.3,0.0
2014-01-07,0.0,0.2,0.0
2014-01-08,0.0,0.1,0.0
2014-01-09,0.2,1.5,0.0
2014-01-10,0.0,5.1,0.0
2014-01-11,0.8,0.7,0.0
2014-01-12,0.0,0.0,0.0
2014-01-13,1.0,0.2,0.0
2014-01-14,22.0,0.5,0.0
2014-01-15,0.0,0.4,0.0
2014-01-16,0.0,0.0,0.0
2014-01-17,0.0,0.0,0.0
2014-01-18,10.0,0.7,0.0
2014-01-21,2.0,0.2,0.0
2014-01-22,0.0,0.2,0.0
2014-01-24,0.0,0.0,0.0
2014-01-25,0.0,0.0,0.0
2014-01-26,0.0,0.1,0.0
2014-01-27,0.0,1.1,0.0
2014-01-28,0.0,0.4,0.0
2014-01-29,0.0,0.2,0.0
2014-01-30,0.0,0.2,0.0
2014-02-01,0.0,0.0,0.0
2014-02-02,0.0,0.0,0.0
2014-02-03,0.0,0.0,0.0
2014-02-04,0.0,0.0,0.0
2014-02-05,0.0,0.0,0.0
2014-02-06,0.0,0.0,0.0
2014-02-07,0.0,0.0,0.0
2014-02-08,0.0,0.0,0.0
2014-02-09,0.0,0.4,0.0
2014-02-10,0.0,0.0,0.0
2014-02-11,0.0,0.0,0.0
2014-02-12,0.0,0.0,0.0
2014-02-13,0.0,0.3,0.0
2014-02-14,0.0,0.6,0.0
2014-02-16,0.0,0.0,0.0
2014-02-17,0.0,0.0,0.0
2014-02-18,0.0,1.0,0.0
2014-02-19,35.0,1.6,0.0
2014-02-20,4.3,18.5,12.4
2014-02-21,9.0,9.6,4.8
2014-02-22,9.0,3.9,0.0
2014-02-23,0.0,0.5,0.0
2014-02-24,0.0,0.0,0.0
2014-02-25,0.0,0.0,0.0
2014-02-26,0.0,0.0,0.0
2014-02-27,0.0,0.0,0.0
2014-02-28,0.0,0.0,0.0
2014-03-01,0.0,0.0,0.0
2014-03-02,1.1,8.9,3.1
2014-03-03,22.0,5.6,1.0
2014-03-04,5.0,0.7,0.0
2014-03-05,0.0,0.0,0.0
2014-03-06,0.0,0.0,0.0
2014-03-07,0.0,1.7,0.0
2014-03-08,0.0,0.3,0.0
2014-03-09,0.0,0.4,0.0
2014-03-10,0.0,0.0,0.0
2014-03-11,0.0,0.3,0.0
2014-03-12,0.0,0.0,0.0
2014-03-13,0.0,0.1,0.0
2014-03-14,0.0,0.0,0.0
2014-03-15,51.2,9.4,3.9
2014-03-16,5.0,13.5,7.4
2014-03-17,3.5,12.0,5.8
2014-03-18,0.9,3.4,0.0
2014-03-19,0.0,1.2,0.0
2014-03-21,0.0,0.1,0.0
2014-03-22,0.0,0.3,0.0
2014-03-23,0.0,3.0,0.0
2014-03-24,0.0,0.3,0.0
2014-03-25,0.0,0.0,0.0
2014-03-26,0.0,0.0,0.0
2014-03-27,0.0,7.6,1.0
2014-03-28,6.1,14.0,5.2
2014-03-30,0.0,0.0,0.0
2014-04-01,0.0,0.8,0.0
2014-04-02,0.0,0.0,0.0
2014-04-03,11.0,27.5,27.7
2014-04-04,33.0,27.8,30.1
2014-04-05,71.0,41.6,44.3
2014-04-06,0.0,0.7,0.0
2014-04-07,0.0,0.2,0.0
2014-04-08,0.0,4.0,0.0
2014-04-09,0.0,0.3,0.0
2014-04-10,0.0,3.1,0.0
2014-04-11,0.6,3.6,0.0
2014-04-13,0.0,2.4,0.0
2014-04-15,0.0,0.3,0.0
2014-04-16,0.0,1.2,0.0
2014-04-17,0.0,0.6,0.0
2014-04-18,27.0,7.3,1.3
2014-04-19,0.0,0.0,0.0
2014-04-20,2.0,0.6,0.0
2014-04-21,1.5,0.6,0.0
2014-04-22,12.0,2.7,0.0
2014-04-23,1.5,0.1,0.0
2014-04-24,0.0,7.9,1.0
2014-04-25,0.0,0.0,0.0
2014-04-26,0.0,0.0,0.0
2014-04-27,2.0,18.6,10.6
2014-04-29,0.0,9.2,1.6
2014-04-30,0.1,0.0,0.0
2014-05-01,31.0,1.9,0.0
2014-05-02,0.0,1.3,0.0
2014-05-04,0.0,3.0,0.0
2014-05-05,0.0,2.5,0.0
2014-05-06,3.5,0.3,0.0
2014-05-07,0.5,3.3,0.0
2014-05-08,17.5,34.4,40.3
2014-05-09,6.6,8.5,1.2
2014-05-10,1.5,15.3,8.4
2014-05-11,0.0,1.4,0.0
2014-05-12,8.3,10.6,3.8
2014-05-13,14.5,5.0,0.0
2014-05-14,0.0,0.7,0.0
2014-05-15,15.6,9.8,3.0
2014-05-16,62.0,46.1,49.8
2014-05-18,0.0,3.3,0.0
2014-05-19,26.3,47.3,46.7
2014-05-20,0.4,8.3,1.5
2014-05-21,0.0,0.0,0.0
2014-05-22,24.5,2.2,0.0
2014-05-23,0.0,0.3,0.0
2014-05-24,0.0,0.8,0.0
2014-05-25,0.0,3.2,0.0
2014-05-26,19.6,14.9,12.7
2014-05-28,20.0,2.3,0.0
2014-05-29,1.0,0.9,0.0
2014-05-30,0.0,4.5,0.0
2014-05-31,0.0,1.4,0.0
2014-06-01,32.0,5.2,0.0
2014-06-02,12.0,1.7,0.0
2014-06-03,2.5,16.4,10.3
2014-06-04,47.0,29.2,35.5
2014-06-06,0.0,0.5,0.0
2014-06-07,0.0,0.0,0.0
2014-06-08,0.0,0.0,0.0
2014-06-09,4.0,0.0,0.0
2014-06-10,0.0,19.8,18.4
2014-06-11,3.7,17.1,11.3
2014-06-12,0.0,0.9,0.0
2014-06-13,0.0,3.9,0.0
2014-06-14,0.0,2.9,0.0
2014-06-15,0.0,0.3,0.0
2014-06-16,0.0,2.2,0.0
2014-06-17,0.0,1.3,0.0
2014-06-18,0.0,0.9,0.0
2014-06-19,0.0,0.0,0.0
2014-06-20,0.0,0.1,0.0
2014-06-21,0.0,1.5,0.0
2014-06-22,0.0,1.2,0.0
2014-06-23,0.2,1.8,0.0
2014-06-24,0.0,0.0,0.0
2014-06-25,0.0,0.4,0.0
2014-06-26,1.0,1.5,0.0
2014-06-27,3.8,5.1,0.0
2014-06-28,26.0,4.6,0.0
2014-06-29,28.0,29.4,38.4
2014-06-30,0.0,7.3,1.0
2014-07-01,0.0,0.0,0.0
2014-07-02,0.4,1.1,0.0
2014-07-03,55.6,18.7,23.3
2014-07-04,0.0,3.8,0.0
2014-07-05,0.0,0.2,0.0
2014-07-06,0.0,0.4,0.0
2014-07-08,0.0,16.0,13.8
2014-07-09,0.0,3.2,0.0
2014-07-10,0.0,0.5,0.0
2014-07-11,0.0,4.3,0.0
2014-07-12,0.6,2.1,0.0
2014-07-13,0.0,0.3,0.0
2014-07-14,0.0,0.3,0.0
2014-07-15,0.0,1.2,0.0
2014-07-16,5.1,8.4,2.2
2014-07-17,0.0,0.1,0.0
2014-07-18,0.0,0.0,0.0
2014-07-19,0.0,0.0,0.0
2014-07-20,0.0,1.4,0.0
2014-07-21,0.0,0.0,0.0
2014-07-22,1.5,0.1,0.0
2014-07-23,20.0,17.0,23.9
2014-07-24,0.0,1.0,0.0
2014-07-25,1.0,2.0,0.0
2014-07-26,0.0,9.4,4.5
2014-07-27,44.0,25.1,34.2
2014-07-28,41.0,17.9,24.5
2014-07-29,0.0,0.8,0.0
2014-07-30,0.0,2.5,0.0
2014-07-31,24.0,52.0,52.9
2014-08-01,0.0,0.1,0.0
2014-08-02,0.0,3.4,0.0
2014-08-03,0.0,1.3,0.0
2014-08-04,3.3,3.4,0.0
2014-08-05,0.0,8.3,3.7
2014-08-06,0.3,12.8,10.2
2014-08-07,105.0,56.9,62.3
2014-08-10,0.5,10.1,5.9
2014-08-11,14.9,16.2,10.7
2014-08-12,0.0,3.7,0.0
2014-08-13,1.0,8.0,2.3
2014-08-15,5.2,26.3,29.6
2014-08-18,38.5,7.1,1.5
2014-08-19,39.5,8.3,2.6
2014-08-20,42.0,22.7,27.2
2014-08-21,0.0,1.6,0.0
2014-08-23,6.0,31.0,39.0
2014-08-24,3.9,11.9,5.6
2014-08-25,41.9,64.4,85.5
2014-08-26,13.3,45.7,63.9
2014-08-27,18.0,24.9,29.1
2014-08-28,0.3,9.5,2.9
2014-08-29,0.7,14.6,8.8
2014-08-30,0.0,0.6,0.0
2014-08-31,0.5,5.0,0.0
2014-09-01,0.4,6.7,0.0
2014-09-02,19.5,5.6,0.0
2014-09-03,0.0,6.4,0.0
2014-09-04,0.5,4.5,0.0
2014-09-05,8.3,6.5,0.0
2014-09-06,0.0,10.2,2.9
2014-09-07,34.3,32.2,41.3
2014-09-08,59.2,3.6,0.0
2014-09-09,0.0,0.9,0.0
2014-09-10,43.0,8.2,1.0
2014-09-11,0.4,12.0,3.6
2014-09-12,0.0,8.4,0.0
2014-09-13,25.4,26.1,26.5
2014-09-14,0.5,20.9,12.5
2014-09-15,0.0,0.3,0.0
2014-09-17,0.0,44.9,46.0
2014-09-18,0.0,0.2,0.0
2014-09-19,46.7,23.2,14.8
2014-09-20,32.6,42.5,48.2
2014-09-21,6.0,16.5,10.7
2014-09-22,6.4,27.2,26.4
2014-09-23,0.0,2.2,0.0
2014-09-24,18.5,1.8,0.0
2014-09-25,9.3,16.3,10.5
2014-09-26,0.0,0.3,0.0
2014-09-28,0.0,3.4,0.0
2014-09-29,6.3,33.0,31.1
2014-09-30,0.0,11.7,6.3
2014-10-01,21.7,14.0,8.9
2014-10-02,0.0,2.9,0.0
2014-10-03,89.0,59.4,70.6
2014-10-04,50.0,50.8,61.7
2014-10-06,4.1,7.0,1.6
2014-10-07,0.0,0.8,0.0
2014-10-08,0.0,0.7,0.0
2014-10-09,0.0,1.7,0.0
2014-10-10,1.0,5.9,1.0
2014-10-11,4.0,14.8,9.6
2014-10-12,19.0,14.7,9.4
2014-10-14,0.2,1.5,0.0
2014-10-15,24.0,11.3,5.9
2014-10-16,19.4,45.7,53.2
2014-10-17,30.0,34.7,40.6
2014-10-19,30.0,25.1,24.3
2014-10-21,4.5,9.8,2.7
2014-10-22,11.0,17.5,10.9
2014-10-23,0.0,5.1,0.0
2014-10-24,13.0,22.8,17.0
2014-10-25,4.5,12.2,5.2
2014-10-26,0.2,14.6,7.8
2014-10-27,12.3,18.3,11.9
2014-10-28,4.0,5.7,0.0
2014-10-29,0.0,1.7,0.0
2014-10-31,0.0,5.0,0.0
2014-11-01,6.0,13.3,5.2
2014-11-02,8.0,9.7,2.1
2014-11-03,3.0,10.6,2.9
2014-11-04,64.0,0.9,0.0
2014-11-05,8.0,24.8,17.8
2014-11-06,8.0,6.9,0.0
2014-11-07,0.0,2.5,0.0
2014-11-08,2.2,22.8,13.6
2014-11-09,18.0,3.9,0.0
2014-11-10,39.3,36.8,33.3
2014-11-11,8.5,3.4,0.0
2014-11-12,0.4,7.5,1.0
2014-11-13,5.0,9.3,1.8
2014-11-14,0.0,1.6,0.0
2014-11-15,0.0,5.5,0.0
2014-11-17,28.0,17.8,10.0
2014-11-18,0.0,1.0,0.0
2014-11-19,65.0,10.3,2.7
2014-11-21,0.5,1.2,0.0
2014-11-22,7.0,34.8,33.9
2014-11-24,2.0,2.9,0.0
2014-11-26,0.3,7.7,1.9
2014-11-27,10.0,2.2,0.0
2014-11-28,4.8,13.4,6.7
2014-11-29,3.0,11.0,4.6
2014-11-30,0.0,21.8,13.9
2014-12-01,0.0,7.0,1.0
2014-12-02,7.0,15.2,10.3
2014-12-03,12.0,25.5,29.4
2014-12-04,0.0,4.5,0.0
2014-12-05,16.0,32.0,37.0
2014-12-06,0.0,0.3,0.0
2014-12-07,5.0,10.9,5.3
2014-12-08,1.0,9.3,3.5
2014-12-09,0.0,5.9,0.0
2014-12-10,0.0,0.9,0.0
2014-12-11,0.0,0.0,0.0
2014-12-12,0.0,1.0,0.0
2014-12-13,0.0,0.0,0.0
2014-12-14,2.0,4.5,1.0
2014-12-15,11.0,8.6,4.7
2014-12-16,33.0,24.7,37.7
2014-12-17,0.0,8.6,4.6
2014-12-18,27.0,59.7,78.0
2014-12-19,0.0,9.3,5.5
2014-12-20,12.0,16.0,14.2
2014-12-21,27.0,11.2,6.9
2014-12-22,0.0,11.3,7.0
2014-12-23,0.0,11.5,7.3
2014-12-24,6.0,7.7,2.8
2014-12-25,0.0,26.9,37.5
2014-12-26,2.0,23.8,29.0
2014-12-27,0.0,9.1,4.3
2014-12-28,18.4,46.2,91.1
2014-12-29,0.0,15.1,13.3
2014-12-30,0.0,1.8,0.0
2014-12-31,0.0,8.9,4.1
2015-01-03,8.0,1.4,0.0
2015-01-04,6.0,7.5,1.2
2015-01-07,16.0,15.5,9.5
2015-01-08,25.5,21.4,22.9
2015-01-13,25.4,9.9,6.5
2015-01-15,0.4,19.1,22.8
2015-01-27,52.0,2.1,0.0
2015-02-01,1.0,2.7,0.0
2015-02-02,9.3,0.1,0.0
2015-02-06,1.0,2.1,0.0
2015-02-07,15.5,21.2,22.1
2015-02-19,22.6,1.8,0.0
2015-03-11,0.6,4.9,0.0
2015-03-23,1.2,2.7,0.0
2015-03-29,8.0,1.4,0.0
2015-04-01,2.0,10.9,3.5
2015-04-24,3.0,0.9,0.0
2015-05-01,10.0,0.9,0.0
2015-05-02,10.3,4.8,0.0
2015-05-04,41.4,0.0,0.0
2015-05-06,11.0,0.2,0.0
2015-05-09,76.7,10.7,3.4
2015-05-11,0.6,0.0,0.0
2015-05-14,8.0,6.0,0.0
2015-05-23,13.2,7.2,1.0
2015-05-26,54.0,26.1,38.3
2015-05-28,12.0,3.3,0.0
2015-06-01,12.0,0.0,0.0
2015-06-03,16.8,1.4,0.0
2015-06-08,31.5,5.2,0.0
2015-06-13,3.5,12.0,6.4
2015-06-14,6.8,9.7,3.8
2015-06-15,1.0,5.0,0.0
2015-06-20,22.0,0.3,0.0
2015-06-23,5.8,0.0,0.0
2015-06-24,0.2,1.8,0.0
2015-07-18,0.5,11.1,6.3
2015-07-27,17.0,4.7,0.0
2015-08-02,2.0,9.4,5.1
2015-08-04,2.6,15.9,22.1
2015-08-09,0.2,47.0,57.4
2015-08-12,4.0,6.5,1.0
2015-08-14,1.0,17.1,11.7
2015-08-15,4.0,7.0,1.4
2015-08-17,43.8,6.7,1.1
2015-08-19,1.1,8.2,2.6
2015-08-22,3.7,6.0,0.0
2015-08-26,5.0,1.0,0.0
2015-09-05,10.8,8.5,1.2
2015-09-06,11.0,0.3,0.0
2015-09-08,28.0,18.2,12.3
2015-09-09,5.6,32.2,43.0
2015-09-10,2.3,0.9,0.0
2015-09-12,108.0,13.2,4.8
2015-09-13,0.6,2.2,0.0
2015-09-16,7.0,20.7,12.3
2015-09-23,5.0,5.7,1.0
2015-09-28,2.0,10.0,4.7
2015-09-30,7.7,0.3,0.0
2015-10-02,4.0,1.3,0.0
2015-10-03,22.0,0.1,0.0
2015-10-04,0.0,8.8,3.5
2015-10-05,28.0,3.2,0.0
2015-10-07,20.0,3.6,0.0
2015-10-09,7.0,25.1,22.9
2015-10-10,8.0,1.6,0.0
2015-10-11,1.0,0.0,0.0
2015-10-13,3.0,2.0,0.0
2015-10-14,24.5,7.0,1.5
2015-10-16,4.8,0.0,0.0
2015-10-17,1.0,0.0,0.0
2015-10-18,3.0,121.1,101.8
2015-10-19,147.4,34.5,38.8
2015-10-20,6.2,2.6,0.0
2015-10-24,14.0,5.5,0.0
2015-10-26,17.2,29.4,32.0
2015-10-27,1.0,12.2,5.2
2015-10-28,0.4,11.7,4.6
2015-10-31,4.8,10.0,2.9
2015-11-01,15.5,14.1,5.9
2015-11-02,0.5,11.6,3.7
2015-11-03,12.4,6.0,0.0
2015-11-04,2.8,25.8,19.8
2015-11-05,109.0,10.7,3.0
2015-11-06,1.5,22.1,13.5
2015-11-09,4.5,0.3,0.0
2015-11-10,1.0,13.5,5.4
2015-11-11,27.5,8.1,1.0
2015-11-12,11.0,0.9,0.0
2015-11-13,14.3,6.8,0.0
2015-11-14,6.0,36.7,37.6
2015-11-15,40.7,39.8,42.1
2015-11-16,5.2,9.3,1.7
2015-11-17,0.5,0.9,0.0
2015-11-18,0.5,4.1,0.0
2015-11-19,10.0,37.9,38.4
2015-11-20,36.2,7.0,0.0
2015-11-22,23.0,15.6,8.6
2015-11-23,28.6,7.6,1.8
2015-11-24,3.5,56.8,55.4
2015-11-25,89.0,3.6,0.0
2015-11-28,88.6,3.2,0.0
2015-11-29,2.4,30.3,28.1
2015-11-30,4.2,17.3,10.0
2015-12-01,17.6,3.6,0.0
2015-12-05,32.5,10.4,4.7
2015-12-06,0.3,5.4,0.0
2015-12-07,5.8,7.3,1.3
2015-12-08,6.0,11.7,6.1
2015-12-09,5.0,16.0,11.2
2015-12-11,0.2,12.0,8.8
2015-12-14,10.0,0.2,0.0
2015-12-18,24.9,0.4,0.0
2015-12-20,168.5,2.1,0.0
2015-12-21,1.1,0.1,0.0
2015-12-22,0.3,0.2,0.0
2015-12-23,0.6,2.9,0.0
2015-12-24,2.0,10.4,5.9
2015-12-25,18.1,0.1,0.0
2015-12-30,0.0,0.9,0.0
2015-12-31,2.7,1.3,0.0
2016-01-03,10.4,7.1,1.0
2016-01-08,0.4,0.0,0.0
2016-01-10,20.0,0.3,0.0
2016-01-15,4.0,16.7,20.0
2016-01-16,7.0,32.1,40.0
2016-01-17,63.4,0.7,0.0
2016-01-23,1.0,2.2,0.0
2016-01-28,1.0,9.0,2.8
2016-01-29,1.0,0.8,0.0
2016-01-30,2.5,0.8,0.0
2016-02-04,3.5,5.8,1.9
2016-02-06,13.8,11.9,7.7
2016-02-07,12.5,20.0,21.4
2016-02-08,109.0,19.5,20.2
2016-02-09,127.0,28.9,36.5
2016-02-10,15.2,41.1,55.3
2016-02-13,2.2,1.9,0.0
2016-02-14,0.8,2.7,0.0
2016-02-15,8.8,8.1,2.3
2016-02-17,2.6,6.3,1.0
2016-02-18,18.8,0.6,0.0
2016-02-21,4.0,0.0,0.0
2016-02-26,0.5,3.2,0.0
2016-02-27,0.7,0.3,0.0
2016-03-01,16.0,1.2,0.0
2016-03-07,16.9,0.0,0.0
2016-03-09,1.4,0.0,0.0
2016-03-11,9.6,0.0,0.0
2016-03-16,1.5,0.3,0.0
2016-03-17,18.8,0.3,0.0
2016-03-27,1.4,2.7,0.0
2016-03-29,1.7,1.2,0.0
2016-04-05,0.1,11.2,3.8
2016-04-06,7.6,0.7,0.0
2016-04-12,12.8,0.0,0.0
2016-04-14,0.6,0.2,0.0
2016-04-15,25.7,7.0,1.1
2016-04-18,0.7,0.2,0.0
2016-04-23,4.0,29.2,32.5
2016-04-24,7.0,72.3,46.5
2016-04-25,6.0,0.5,0.0
2016-04-26,2.7,0.4,0.0
2016-05-01,2.8,0.0,0.0
2016-05-05,0.3,21.1,14.2
2016-05-06,2.8,1.9,0.0
2016-05-08,10.0,0.2,0.0
2016-05-12,8.0,0.9,0.0
2016-05-15,0.0,24.5,28.6
2016-05-16,8.0,19.6,12.6
2016-05-17,2.0,1.4,0.0
2016-05-20,32.0,29.8,37.4
2016-05-21,74.2,21.7,31.1
2016-05-22,75.0,2.8,0.0
2016-05-24,17.0,2.6,0.0
2016-05-26,3.0,6.0,0.0
2016-05-29,32.0,14.4,10.6
2016-05-30,29.5,34.7,52.2
2016-05-31,81.5,13.1,8.7
2016-06-01,0.0,4.4,0.0
2016-06-02,48.5,34.5,44.5
2016-06-03,41.5,0.3,0.0
2016-06-04,8.2,7.4,1.0
2016-06-07,1.7,3.2,0.0
2016-06-08,10.0,4.2,0.0
2016-06-09,28.3,0.1,0.0
2016-06-11,1.0,0.4,0.0
2016-06-14,7.3,17.6,11.6
2016-06-15,36.0,0.7,0.0
2016-06-17,1.1,31.4,39.4
2016-06-18,2.3,4.9,0.0
2016-06-20,0.8,1.1,0.0
2016-06-21,2.5,4.1,0.0
2016-06-23,34.5,2.5,0.0
2016-07-06,5.5,7.2,1.4
2016-07-08,5.5,13.9,9.9
2016-07-09,18.0,15.9,13.2
2016-07-10,21.0,0.0,0.0
2016-07-17,3.7,15.2,17.8
2016-07-18,1.5,10.5,4.5
2016-07-19,3.5,0.5,0.0
2016-07-21,24.0,8.0,2.9
2016-07-22,6.0,12.7,9.8
2016-07-24,4.1,36.1,44.4
2016-07-25,28.8,11.0,6.4
2016-07-26,2.5,2.0,0.0
2016-07-28,26.8,11.7,8.0
2016-08-03,16.2,2.5,0.0
2016-08-04,34.7,12.9,10.2
2016-08-05,0.7,0.5,0.0
2016-08-07,13.1,0.6,0.0
2016-08-11,1.4,9.9,4.3
2016-08-13,5.3,3.8,0.0
2016-08-16,0.4,3.2,0.0
2016-08-17,8.5,6.8,1.2
2016-08-18,10.0,1.5,0.0
2016-08-20,5.5,1.8,0.0
2016-08-21,2.9,2.4,0.0
2016-08-23,31.6,82.8,86.3
2016-08-24,5.0,3.2,0.0
2016-08-26,1.6,7.5,1.0
2016-08-28,15.1,9.6,2.9
2016-08-29,3.3,7.1,1.0
2016-08-30,24.0,5.1,0.0
2016-08-31,1.0,8.0,1.2
2016-09-01,1.5,56.7,71.0
2016-09-02,42.0,4.8,0.0
2016-09-05,1.0,5.1,0.0
2016-09-06,36.6,19.6,14.0
2016-09-07,62.0,6.1,0.0
2016-09-08,14.5,45.0,58.1
2016-09-09,97.0,21.4,15.8
2016-09-10,17.5,6.1,0.0
2016-09-11,0.8,26.5,25.3
2016-09-12,63.0,9.0,1.0
2016-09-13,0.3,19.3,10.9
2016-09-14,21.6,1.6,0.0
2016-09-17,9.0,22.3,14.0
2016-09-19,135.5,32.0,32.5
2016-09-20,55.0,12.7,4.3
2016-09-21,66.7,36.4,35.1
2016-09-22,27.5,6.4,1.1
2016-09-23,23.5,1.2,0.0
2016-09-26,1.5,14.2,8.6
2016-09-27,0.8,11.0,5.7
2016-09-28,34.5,71.6,63.5
2016-09-29,61.0,24.8,24.4
2016-09-30,51.0,20.5,14.4
2016-10-01,14.8,3.9,0.0
2016-10-02,11.0,0.0,0.0
2016-10-03,3.4,5.4,0.0
2016-10-04,36.0,5.9,1.0
2016-10-05,18.5,16.0,11.0
2016-10-07,115.0,8.1,2.8
2016-10-09,6.0,7.2,1.8
2016-10-10,0.6,7.5,2.1
2016-10-12,45.5,11.7,6.3
2016-10-14,31.4,20.9,16.1
2016-10-15,25.0,19.6,14.8
2016-10-16,0.5,15.3,10.1
2016-10-17,2.0,21.1,16.4
2016-10-18,0.2,12.4,7.0
2016-10-19,18.0,5.0,0.0
2016-10-22,18.0,10.0,2.9
2016-10-23,65.0,8.1,1.0
2016-10-24,5.0,3.6,0.0
2016-10-26,5.0,14.7,7.9
2016-10-27,38.0,21.6,15.5
2016-10-28,14.5,4.3,0.0
2016-10-31,3.3,18.9,12.5
2016-11-01,28.6,2.3,0.0
2016-11-03,6.2,3.9,0.0
2016-11-05,3.0,21.2,12.6
2016-11-07,40.0,20.5,11.9
2016-11-08,5.8,11.1,3.3
2016-11-09,1.3,5.9,0.0
2016-11-11,5.2,14.1,6.3
2016-11-12,3.8,0.4,0.0
2016-11-13,0.3,5.3,0.0
2016-11-14,0.5,4.2,0.0
2016-11-17,1.2,8.9,1.4
2016-11-18,47.5,1.8,0.0
2016-11-19,3.0,1.9,0.0
2016-11-23,8.5,6.2,1.0
2016-11-24,3.4,2.3,0.0
2016-11-27,3.4,13.3,6.6
2016-11-28,1.5,4.4,0.0
2016-11-30,2.5,10.1,3.9
2016-12-01,5.0,36.9,42.0
2016-12-02,8.1,21.8,19.5
2016-12-03,1.5,7.8,1.8
2016-12-04,6.2,1.5,0.0
2016-12-05,2.8,0.8,0.0
2016-12-06,2.0,0.0,0.0
2016-12-09,13.0,10.5,4.8
2016-12-11,0.5,16.7,16.5
2016-12-12,66.0,11.4,8.0
2016-12-15,7.8,2.6,0.0
2016-12-16,0.1,0.0,0.0
2016-12-18,7.1,14.5,11.9
2016-12-19,1.5,19.2,18.4
2016-12-20,12.8,12.9,9.9
2016-12-21,3.0,3.0,0.0
2016-12-23,27.6,13.5,11.0
2016-12-24,10.0,10.3,5.8
2016-12-25,9.7,8.3,3.5
2016-12-31,13.6,8.4,3.5
2017-01-01,1.6,4.6,0.0
2017-01-02,2.1,24.1,25.0
2017-01-03,9.9,51.6,53.2
2017-01-04,0.9,9.9,3.1
2017-01-08,0.3,0.6,0.0
2017-01-12,21.0,22.9,28.3
2017-01-13,23.0,5.9,1.9
2017-01-14,23.1,16.8,20.0
2017-01-15,9.4,22.0,27.2
2017-01-16,10.0,11.1,7.8
2017-01-17,0.5,14.1,10.8
2017-01-18,38.6,1.8,0.0
2017-01-20,5.5,38.9,47.8
2017-01-21,1.5,4.3,0.0
2017-01-23,2.1,31.6,18.8
2017-01-24,20.4,32.2,18.4
2017-01-25,2.8,33.2,19.3
2017-01-26,6.9,11.9,4.7
2017-01-27,2.8,1.2,0.0
2017-01-28,1.6,13.5,5.9
2017-01-29,26.5,4.5,0.0
2017-02-01,0.5,49.9,52.9
2017-02-02,7.4,12.9,7.0
2017-02-03,1.5,0.2,0.0
2017-02-05,12.6,17.7,16.5
2017-02-06,12.5,0.3,0.0
2017-02-07,8.0,0.7,0.0
2017-02-08,1.3,0.2,0.0
2017-02-10,0.6,0.1,0.0
2017-02-13,11.5,1.4,0.0
2017-02-15,23.0,4.6,0.0
2017-02-17,1.7,0.3,0.0
2017-02-18,1.0,0.0,0.0
2017-02-21,7.0,8.9,3.6
2017-02-22,10.8,0.3,0.0
2017-02-24,10.3,1.2,0.0
2017-02-26,0.8,3.4,0.0
2017-02-27,0.7,42.4,44.3
2017-02-28,10.0,10.9,6.7
2017-03-01,0.4,21.1,21.8
2017-03-02,2.1,9.1,3.2
2017-03-03,18.3,2.4,0.0
2017-03-04,2.9,9.6,3.7
2017-03-05,27.1,13.0,7.7
2017-03-06,34.0,2.5,0.0
2017-03-08,5.0,0.7,0.0
2017-03-13,0.1,0.0,0.0
2017-03-17,6.1,1.0,0.0
2017-03-19,37.4,10.2,5.0
2017-03-20,15.3,1.1,0.0
2017-03-22,5.5,0.0,0.0
2017-03-25,16.4,0.0,0.0
2017-03-26,0.3,0.5,0.0
2017-03-28,11.0,21.4,11.3
2017-03-29,3.3,12.1,3.8
2017-03-30,1.3,15.5,5.9
2017-03-31,15.3,6.4,0.0
2017-04-02,3.0,6.0,0.0
2017-04-04,13.0,7.2,1.0
2017-04-05,3.5,32.6,35.4
2017-04-06,55.3,7.4,1.0
2017-04-07,19.0,5.6,0.0
2017-04-08,29.5,14.5,7.1
2017-04-10,16.3,4.5,0.0
2017-04-11,0.6,0.5,0.0
2017-04-13,3.1,2.8,0.0
2017-04-15,5.5,0.4,0.0
2017-04-19,1.8,8.2,2.1
2017-04-20,0.1,8.2,2.1
2017-04-21,13.0,9.5,1.9
2017-04-27,4.0,3.0,0.0
2017-04-29,7.3,0.8,0.0
2017-05-02,71.0,0.0,0.0
2017-05-04,12.3,2.7,0.0
2017-05-06,47.5,12.6,5.4
2017-05-07,10.0,12.5,5.4
2017-05-08,7.3,0.5,0.0
2017-05-09,0.5,38.0,47.8
2017-05-10,64.8,31.9,38.2
2017-05-11,11.7,18.1,11.6
2017-05-12,72.5,7.1,1.0
2017-05-13,35.6,3.5,0.0
2017-05-14,7.6,8.2,1.4
2017-05-15,1.1,1.6,0.0
2017-05-18,78.2,17.4,9.5
2017-05-19,44.5,0.1,0.0
2017-05-23,3.5,1.9,0.0
2017-05-24,7.0,23.9,33.6
2017-05-25,123.3,15.2,10.6
2017-05-26,42.5,15.2,11.7
2017-05-27,79.2,2.7,0.0
2017-05-29,10.0,7.0,1.0
2017-05-30,20.3,2.5,0.0
2017-06-02,70.0,0.3,0.0
2017-06-04,8.4,0.3,0.0
2017-06-05,1.8,0.0,0.0
2017-06-10,1.8,0.0,0.0
2017-06-12,8.0,3.5,0.0
2017-06-18,0.2,11.0,5.2
2017-06-19,1.2,0.8,0.0
2017-06-20,7.5,2.5,0.0
2017-06-22,10.0,21.9,29.2
2017-06-23,14.5,0.3,0.0
2017-06-24,5.8,61.3,90.5
2017-06-25,31.5,1.9,0.0
2017-06-27,27.0,17.7,13.8
2017-06-28,28.7,3.0,0.0
2017-06-29,12.3,6.5,0.0
2017-06-30,1.0,21.9,26.3
2017-07-01,1.5,3.7,0.0
2017-07-02,7.5,4.1,0.0
2017-07-03,0.3,10.3,5.5
2017-07-05,22.0,19.2,23.6
2017-07-06,22.0,15.3,13.3
2017-07-10,44.4,4.9,0.0
2017-07-11,2.5,35.7,46.6
2017-07-12,48.0,7.9,1.5
2017-07-13,31.3,9.8,3.8
2017-07-14,2.6,3.4,0.0
2017-07-17,13.6,2.1,0.0
2017-07-21,5.5,0.6,0.0
2017-07-25,6.8,0.3,0.0
2017-07-30,16.8,0.5,0.0
2017-08-01,0.2,0.3,0.0
2017-08-03,10.0,40.5,52.2
2017-08-04,21.2,4.0,0.0
2017-08-07,2.6,1.1,0.0
2017-08-08,0.8,16.7,23.2
2017-08-09,17.0,3.3,0.0
2017-08-11,26.0,11.9,6.2
2017-08-12,0.7,16.0,10.6
2017-08-13,1.7,11.7,6.1
2017-08-14,29.0,22.0,26.1
2017-08-15,34.4,6.9,1.3
2017-08-16,50.0,11.0,5.3
2017-08-17,0.2,3.4,0.0
2017-08-18,33.5,1.6,0.0
2017-08-22,0.5,3.4,0.0
2017-08-23,4.1,21.0,20.7
2017-08-24,2.0,4.4,0.0
2017-08-25,27.0,1.4,0.0
2017-09-01,4.3,14.4,7.7
2017-09-02,64.3,0.4,0.0
2017-09-05,7.2,3.5,0.0
2017-09-06,16.7,6.2,0.0
2017-09-07,19.6,15.2,8.6
2017-09-08,4.5,14.6,7.9
2017-09-09,6.0,17.1,10.9
2017-09-10,6.0,44.2,60.5
2017-09-11,15.2,6.4,0.0
2017-09-12,12.4,10.0,1.6
2017-09-13,3.0,4.8,0.0
2017-09-15,141.0,37.6,40.3
2017-09-16,50.8,2.7,0.0
2017-09-17,1.4,28.8,27.9
2017-09-18,3.0,7.2,0.0
2017-09-19,10.0,15.4,7.0
2017-09-20,3.0,24.6,16.7
2017-09-21,45.0,5.2,0.0
2017-09-23,53.5,18.1,12.2
2017-09-24,4.0,1.3,0.0
2017-09-25,14.0,23.3,21.0
2017-09-26,9.8,39.8,38.4
2017-09-27,28.5,0.9,0.0
2017-09-29,7.5,31.8,29.0
2017-09-30,4.8,4.3,0.0
2017-10-01,1.6,55.4,67.2
2017-10-02,29.7,3.5,0.0
2017-10-03,0.5,17.3,12.3
2017-10-04,11.0,2.8,0.0
2017-10-08,8.2,5.1,0.0
2017-10-10,23.0,55.7,67.3
2017-10-11,1.8,17.2,12.1
2017-10-12,71.5,33.5,39.1
2017-10-13,19.0,36.6,41.8
2017-10-14,1.3,37.1,41.7
2017-10-15,27.4,4.9,0.0
2017-10-16,22.1,0.4,0.0
2017-10-22,0.5,0.1,0.0
2017-10-25,9.7,1.0,0.0
2017-10-26,0.4,41.2,46.1
2017-10-27,14.5,8.5,1.4
2017-10-28,16.7,12.3,5.3
2017-10-29,2.3,21.8,15.8
2017-10-30,3.1,7.4,1.0
2017-10-31,12.2,23.4,17.3
2017-11-01,15.9,13.0,4.9
2017-11-02,0.7,36.1,35.0
2017-11-04,34.4,49.7,51.3
2017-11-05,35.1,16.4,8.0
2017-11-06,29.0,28.9,27.4
2017-11-07,18.0,19.4,10.8
2017-11-08,8.8,16.2,7.8
2017-11-11,88.3,31.0,29.0
2017-11-12,24.0,9.9,2.3
2017-11-14,0.9,8.1,1.0
2017-11-22,12.0,0.8,0.0
2017-11-26,14.8,14.9,7.9
2017-11-27,23.0,35.3,33.8
2017-11-28,1.5,25.1,17.0
2017-11-29,0.4,17.5,10.2
2017-11-30,0.2,1.4,0.0
2017-12-02,65.0,39.6,44.1
2017-12-03,42.6,16.0,11.1
2017-12-04,7.7,38.3,43.0
2017-12-05,9.1,3.3,0.0
2017-12-09,11.5,5.5,0.0
2017-12-12,12.0,15.7,13.5
2017-12-17,0.2,0.1,0.0
2017-12-19,42.4,1.4,0.0
2017-12-20,6.6,0.0,0.0
2017-12-21,9.2,9.3,4.6
2017-12-22,35.5,0.7,0.0
2017-12-24,0.5,11.4,7.2
2017-12-26,53.5,14.5,11.6
2017-12-27,1.0,9.4,4.7
2017-12-28,14.0,1.9,0.0
2017-12-29,2.6,10.3,5.8
2017-12-31,7.4,8.5,3.7
2018-01-01,6.0,24.9,26.7
2018-01-02,2.0,30.4,36.0
2018-01-03,7.0,54.8,54.2
2018-01-04,31.0,4.4,0.0
2018-01-08,23.0,16.1,9.1
2018-01-09,14.0,17.8,9.6
2018-01-10,2.7,14.0,6.5
2018-01-11,67.0,31.5,39.1
2018-01-12,9.0,4.9,1.0
2018-01-14,4.0,1.4,0.0
2018-01-16,9.0,0.0,0.0
2018-01-20,10.7,1.4,0.0
2018-01-22,14.5,9.3,3.0
2018-01-23,1.5,5.2,1.0
2018-01-24,0.2,13.0,5.6
2018-01-25,0.2,2.9,0.0
2018-01-27,14.0,1.2,0.0
2018-01-29,6.0,0.4,0.0
2018-02-06,12.0,2.8,0.0
2018-02-07,19.0,0.6,0.0
2018-02-22,43.0,5.3,0.0
2018-02-25,4.2,9.0,3.5
2018-02-26,0.5,2.4,0.0
2018-02-27,4.0,0.0,0.0
2018-03-04,26.0,0.7,0.0
2018-03-06,1.0,6.2,1.0
2018-03-09,4.1,2.1,0.0
2018-03-10,1.8,1.3,0.0
2018-03-13,1.0,1.0,0.0
2018-03-16,2.3,0.0,0.0
2018-03-20,5.4,5.7,0.0
2018-03-21,1.6,0.0,0.0
2018-03-28,0.5,2.8,0.0
2018-03-29,31.7,29.3,21.2
2018-03-30,123.3,0.8,0.0
2018-03-31,3.3,18.2,7.9
2018-04-01,46.5,1.2,0.0
2018-04-06,15.0,7.5,1.0
2018-04-08,9.8,2.5,0.0
2018-04-14,1.3,13.8,6.2
2018-04-15,14.5,13.1,6.0
2018-04-16,36.0,7.7,1.7
2018-04-17,7.0,0.8,0.0
2018-04-20,0.2,4.3,0.0
2018-04-21,0.7,5.5,0.0
2018-04-22,14.0,1.4,0.0
2018-04-25,1.7,4.9,0.0
2018-04-26,29.0,2.9,0.0
2018-04-29,20.0,15.3,7.0
2018-05-03,29.8,0.0,0.0
2018-05-05,19.6,1.2,0.0
2018-05-07,1.3,3.0,0.0
2018-05-08,11.5,1.1,0.0
2018-05-10,13.5,2.8,0.0
2018-05-11,3.7,3.8,0.0
2018-05-13,0.7,1.2,0.0
2018-05-15,6.0,5.9,0.0
2018-05-16,3.0,5.6,0.0
2018-05-18,3.3,7.0,1.0
2018-05-19,2.3,19.2,12.7
2018-05-20,5.0,1.8,0.0
2018-05-22,4.4,14.3,10.4
2018-05-23,2.0,2.0,0.0
2018-05-24,0.0,12.9,8.4
2018-05-25,2.8,4.2,0.0
2018-05-26,2.2,15.3,12.2
2018-05-27,3.0,5.2,0.0
2018-05-28,1.8,5.5,0.0
2018-05-29,19.6,15.9,13.1
2018-05-30,2.2,1.7,0.0
2018-05-31,3.4,1.5,0.0
2018-06-02,20.5,0.4,0.0
2018-06-04,15.5,0.4,0.0
2018-06-08,3.0,0.2,0.0
2018-06-17,0.2,7.9,1.9
2018-06-18,72.0,18.7,18.9
2018-06-19,10.0,19.9,20.3
2018-06-22,6.0,1.7,0.0
2018-06-23,0.0,19.0,25.2
2018-06-24,9.5,20.7,25.4
2018-06-25,57.2,26.3,34.0
2018-06-26,2.0,3.6,0.0
2018-06-27,10.0,4.6,0.0
2018-06-28,0.5,83.9,91.2
2018-06-29,14.8,5.4,0.0
2018-06-30,0.3,17.1,13.4
2018-07-01,10.0,24.2,34.5
2018-07-02,31.9,2.5,0.0
2018-07-03,2.4,5.9,0.0
2018-07-04,12.0,1.4,0.0
2018-07-06,6.8,1.8,0.0
2018-07-07,0.7,29.8,42.6
2018-07-08,68.2,42.6,61.9
2018-07-09,44.4,4.4,0.0
2018-07-10,46.6,3.5,0.0
2018-07-11,0.0,1.0,0.0
2018-07-13,3.0,1.4,0.0
2018-07-17,0.0,24.3,30.9
2018-07-18,16.0,0.2,0.0
2018-07-22,36.6,3.9,0.0
2018-07-23,7.5,9.5,4.6
2018-07-24,15.0,21.9,30.2
2018-07-25,3.2,0.0,0.0
2018-07-28,0.0,29.5,37.9
2018-07-29,7.0,30.6,41.5
2018-07-30,34.5,3.9,0.0
2018-08-01,0.0,9.4,5.1
2018-08-02,0.0,1.5,0.0
2018-08-04,1.5,25.8,38.1
2018-08-06,2.0,13.4,11.1
2018-08-07,16.1,1.8,0.0
2018-08-10,23.0,2.1,0.0
2018-08-12,0.0,0.1,0.0
2018-08-14,0.0,0.3,0.0
2018-08-16,0.0,0.4,0.0
2018-08-17,0.0,35.9,42.5
2018-08-18,8.0,3.3,0.0
2018-08-20,2.1,0.5,0.0
2018-08-21,1.2,0.6,0.0
2018-08-22,2.8,11.9,5.6
2018-08-23,3.0,1.6,0.0
2018-08-24,0.0,0.0,0.0
2018-08-27,0.0,0.0,0.0
2018-08-28,0.0,2.1,0.0
2018-08-30,8.5,0.5,0.0
2018-09-01,3.0,1.9,0.0
2018-09-02,0.0,6.1,0.0
2018-09-03,5.0,22.3,28.2
2018-09-04,18.3,1.5,0.0
2018-09-06,29.3,9.5,2.1
2018-09-08,11.6,10.0,2.7
2018-09-10,8.0,12.7,5.7
2018-09-11,18.0,14.6,6.2
2018-09-13,21.4,15.6,7.1
2018-09-14,3.5,17.4,9.0
2018-09-15,32.0,70.6,70.5
2018-09-16,83.0,3.4,0.0
2018-09-18,8.0,5.4,0.0
2018-09-20,10.0,2.8,0.0
2018-09-23,0.8,19.2,13.2
2018-09-24,30.0,10.7,5.4
2018-09-25,0.5,27.3,24.9
2018-09-26,24.5,4.1,0.0
2018-09-27,35.0,18.9,12.9
2018-10-03,1.0,6.3,1.0
2018-10-04,0.0,13.2,8.1
2018-10-05,1.0,32.3,38.3
2018-10-06,16.4,4.7,0.0
2018-10-07,0.0,17.2,12.2
2018-10-08,3.5,38.2,47.5
2018-10-09,82.0,10.2,4.9
2018-10-10,30.0,34.4,39.2
2018-10-11,13.5,14.6,9.3
2018-10-12,1.7,26.6,29.0
2018-10-14,1.5,3.5,0.0
2018-10-15,0.7,12.3,6.9
2018-10-16,45.0,13.0,7.6
2018-10-17,6.0,3.1,0.0
2018-10-19,7.5,10.0,4.6
2018-10-20,5.0,7.0,1.5
2018-10-21,10.0,0.1,0.0
2018-10-23,48.0,34.8,38.4
2018-10-24,8.5,3.6,0.0
2018-10-28,1.0,8.4,1.3
2018-11-01,2.0,1.9,0.0
2018-11-03,15.5,3.7,0.0
2018-11-04,0.0,2.7,0.0
2018-11-05,6.0,9.2,1.7
2018-11-06,24.5,7.8,1.0
2018-11-07,10.0,10.6,2.9
2018-11-08,2.0,47.9,49.2
2018-11-09,9.5,8.5,1.1
2018-11-10,1.0,10.6,2.8
2018-11-11,7.5,34.1,33.3
2018-11-12,5.6,40.8,42.3
2018-11-13,22.0,21.6,14.8
2018-11-14,10.1,24.1,21.0
2018-11-15,63.0,9.4,1.8
2018-11-16,0.0,38.2,38.3
2018-11-17,6.5,3.4,0.0
2018-11-18,0.5,24.9,22.9
2018-11-20,6.5,6.3,0.0
2018-11-21,6.0,22.5,14.6
2018-11-22,0.4,3.5,0.0
2018-11-23,9.0,10.9,4.5
2018-11-24,16.0,13.8,7.0
2018-11-25,2.6,5.3,1.0
2018-11-27,0.7,0.5,0.0
2018-11-30,0.0,2.5,0.0
2018-12-01,12.0,20.0,17.1
2018-12-02,8.3,2.5,0.0
2018-12-03,1.6,3.9,0.0
2018-12-04,6.5,9.2,3.4
2018-12-05,55.0,11.0,5.3
2018-12-06,9.4,16.8,12.1
2018-12-07,10.4,6.1,1.0
2018-12-08,2.5,2.7,0.0
2018-12-09,1.5,4.3,0.0
2018-12-10,0.0,31.7,37.9
2018-12-11,6.6,2.0,0.0
2018-12-13,1.0,19.3,19.7
2018-12-14,12.3,11.7,8.4
2018-12-15,4.2,2.2,0.0
2018-12-17,0.0,14.2,11.6
2018-12-19,31.0,5.3,1.0
2018-12-20,1.2,1.1,0.0
2018-12-24,0.0,2.0,0.0
2018-12-25,0.0,25.4,32.0
2018-12-26,3.4,44.3,81.5
2018-12-27,28.5,18.7,18.8
2018-12-28,3.0,46.7,92.6
2018-12-29,79.0,0.5,0.0
2018-12-30,1.0,7.0,2.0
2019-01-01,0.0,2.7,0.0
2019-01-02,0.0,1.9,0.0
2019-01-03,0.0,2.4,0.0
2019-01-04,0.0,0.5,0.0
2019-01-05,0.0,1.4,0.0
2019-01-07,17.0,8.6,2.1
2019-01-08,12.0,4.1,0.0
2019-01-09,20.4,11.7,4.6
2019-01-10,20.0,10.8,3.9
2019-01-11,17.8,0.2,0.0
2019-01-13,1.0,2.2,0.0
2019-01-14,0.0,0.0,0.0
2019-01-16,2.5,1.9,0.0
2019-01-19,0.8,0.0,0.0
2019-01-21,4.0,3.9,0.0
2019-01-22,29.5,1.4,0.0
2019-01-23,0.0,7.6,1.9
2019-01-24,23.1,11.2,4.2
2019-01-25,26.7,0.5,0.0
2019-01-26,3.0,0.4,0.0
2019-01-27,1.0,31.1,18.0
2019-01-28,73.0,19.4,8.9
2019-01-29,1.8,1.9,0.0
2019-02-01,5.6,5.5,0.0
2019-02-02,15.0,18.6,18.2
2019-02-03,2.7,3.2,0.0
2019-02-04,1.4,1.8,0.0
2019-02-06,0.0,5.6,1.6
2019-02-07,16.1,0.0,0.0
2019-02-08,0.0,0.0,0.0
2019-02-11,5.1,0.1,0.0
2019-02-13,0.0,0.5,0.0
2019-02-15,10.3,24.6,18.8
2019-02-16,30.3,0.3,0.0
2019-02-18,58.7,0.7,0.0
2019-02-21,0.0,1.0,0.0
2019-02-22,0.0,0.1,0.0
2019-02-24,0.0,0.3,0.0
2019-02-25,15.0,0.1,0.0
2019-02-28,0.0,10.9,5.3
2019-03-01,8.2,0.0,0.0
2019-03-05,0.0,0.0,0.0
2019-03-06,1.6,0.0,0.0
2019-03-08,12.2,0.0,0.0
2019-03-10,0.0,0.1,0.0
2019-03-11,20.0,12.6,7.2
2019-03-12,9.0,1.8,0.0
2019-03-18,0.8,0.0,0.0
2019-03-20,25.5,8.6,3.4
2019-03-21,7.8,4.2,0.0
2019-03-22,5.0,0.5,0.0
2019-03-23,0.0,0.2,0.0
2019-03-25,0.0,1.7,0.0
2019-03-29,0.0,0.2,0.0
2019-03-30,9.0,16.3,6.6
2019-03-31,43.0,13.2,4.7
2019-04-01,11.9,9.5,2.2
2019-04-02,2.4,2.8,0.0
2019-04-04,14.0,51.8,51.3
2019-04-05,38.7,1.0,0.0
2019-04-10,0.0,0.1,0.0
2019-04-12,0.0,2.2,0.0
2019-04-14,4.6,39.4,32.3
2019-04-15,12.2,5.3,0.0
2019-04-22,0.0,0.6,0.0
2019-04-24,0.0,3.4,0.0
2019-04-25,2.5,1.8,0.0
2019-04-26,14.0,18.7,10.2
2019-04-27,9.0,10.6,2.9
2019-04-28,5.0,3.8,0.0
2019-04-30,2.0,17.1,8.7
2019-05-01,0.5,0.7,0.0
2019-05-02,0.0,1.8,0.0
2019-05-03,0.5,0.2,0.0
2019-05-04,3.0,72.7,68.2
2019-05-05,100.1,11.5,4.2
2019-05-06,13.5,3.1,0.0
2019-05-07,0.0,11.3,4.1
2019-05-08,10.0,5.6,0.0
2019-05-09,24.0,18.0,11.3
2019-05-10,2.0,9.6,2.3
2019-05-11,2.0,4.3,0.0
2019-05-12,7.5,19.7,22.8
2019-05-13,2.0,3.0,0.0
2019-05-14,5.0,0.8,0.0
2019-05-15,39.0,15.3,8.4
2019-05-16,37.2,11.1,4.2
2019-05-17,23.5,1.2,0.0
2019-05-18,0.0,6.8,0.0
2019-05-20,14.0,5.9,0.0
2019-05-21,0.0,20.2,26.7
2019-05-22,4.0,0.5,0.0
2019-05-23,0.0,0.6,0.0
2019-05-24,0.0,2.0,0.0
2019-05-26,26.5,2.9,0.0
2019-05-27,22.0,1.2,0.0
2019-05-28,2.5,1.2,0.0
2019-05-31,11.3,9.2,3.4
2019-06-01,1.3,13.7,8.4
2019-06-03,0.2,16.9,11.2
2019-06-05,7.0,20.1,19.1
2019-06-08,16.9,14.4,8.1
2019-06-11,0.0,0.2,0.0
2019-06-12,0.0,0.3,0.0
2019-06-16,1.0,10.5,4.6
2019-06-17,14.0,2.4,0.0
2019-06-18,11.5,14.8,9.1
2019-06-19,9.1,19.1,20.0
2019-06-20,98.1,12.8,7.3
2019-06-21,13.0,18.1,16.6
2019-06-22,42.2,14.6,11.2
2019-06-23,38.3,13.5,8.8
2019-06-27,4.2,0.0,0.0
2019-06-29,1.5,9.1,2.9
2019-06-30,1.5,1.8,0.0
2019-07-01,0.0,1.3,0.0
2019-07-04,0.0,1.2,0.0
2019-07-06,0.0,1.5,0.0
2019-07-09,4.0,0.5,0.0
2019-07-12,0.0,0.7,0.0
2019-07-13,1.0,21.5,27.0
2019-07-14,35.0,27.5,36.5
2019-07-15,41.0,3.8,0.0
2019-07-16,0.5,1.5,0.0
2019-07-18,7.5,1.6,0.0
2019-07-19,72.0,14.1,8.9
2019-07-20,2.5,3.0,0.0
2019-07-21,0.0,2.6,0.0
2019-07-23,1.7,2.4,0.0
2019-07-24,6.0,6.5,1.0
2019-07-26,4.5,0.2,0.0
2019-07-28,0.0,0.1,0.0
2019-07-30,10.0,0.3,0.0
2019-08-01,28.0,2.6,0.0
2019-08-03,11.0,0.8,0.0
2019-08-05,16.0,0.7,0.0
2019-08-06,0.0,0.5,0.0
2019-08-11,0.5,1.8,0.0
2019-08-17,70.0,16.0,10.6
2019-08-21,14.0,7.1,1.0
2019-08-25,24.1,20.6,15.7
2019-08-26,22.0,1.6,0.0
2019-08-27,6.1,0.1,0.0
2019-08-30,15.0,1.1,0.0
2019-08-31,0.0,4.2,0.0
2019-09-01,0.0,17.9,11.9
2019-09-02,64.0,12.1,5.1
2019-09-03,36.6,37.4,49.8
2019-09-04,28.5,5.9,0.0
2019-09-05,22.0,6.2,0.0
2019-09-06,5.4,10.3,3.1
2019-09-08,0.0,33.5,43.1
2019-09-12,10.4,2.5,0.0
2019-09-13,0.0,25.7,23.9
2019-09-14,28.0,3.7,0.0
2019-09-16,28.0,15.7,7.3
2019-09-17,79.0,11.0,2.6
2019-09-18,31.3,34.7,34.4
2019-09-19,3.6,29.1,28.0
2019-09-20,9.6,6.3,0.0
2019-09-21,0.0,3.7,0.0
2019-09-22,34.6,2.0,0.0
2019-09-26,33.5,1.5,0.0
2019-09-28,25.0,1.6,0.0
2019-10-02,11.0,6.0,1.0
2019-10-03,5.5,38.0,45.7
2019-10-04,26.0,3.4,0.0
2019-10-05,0.0,8.4,3.0
2019-10-07,1.5,8.3,3.0
2019-10-09,75.5,4.6,0.0
2019-10-10,66.0,6.5,1.1
2019-10-11,26.5,5.8,1.0
2019-10-12,9.0,3.3,0.0
2019-10-15,4.0,2.9,0.0
2019-10-16,5.0,0.1,0.0
2019-10-18,40.0,11.9,6.5
2019-10-20,20.1,30.3,32.7
2019-10-21,19.0,9.1,2.0
2019-10-22,43.0,9.4,2.3
2019-10-23,0.2,22.9,17.8
2019-10-24,16.0,37.1,42.1
2019-10-25,13.0,13.3,6.4
2019-10-26,3.8,20.3,14.1
2019-10-27,31.0,17.8,11.3
2019-10-30,0.0,9.4,2.3
2019-10-31,43.0,10.3,3.2
2019-11-02,62.0,40.1,38.2
2019-11-03,6.3,6.0,0.0
2019-11-04,7.4,20.2,11.6
2019-11-05,11.0,2.7,0.0
2019-11-07,73.0,57.7,58.8
2019-11-08,35.9,14.9,6.7
2019-11-11,10.0,47.2,49.1
2019-11-12,75.5,27.2,24.5
2019-11-13,52.3,0.7,0.0
2019-11-15,2.0,5.4,0.0
2019-11-16,7.2,18.3,10.6
2019-11-17,46.5,1.7,0.0
2019-11-18,49.5,2.9,0.0
2019-11-19,6.0,4.8,0.0
2019-11-23,0.8,0.3,0.0
2019-11-25,1.5,8.1,2.2
2019-11-26,3.9,10.5,4.2
2019-11-27,11.5,5.3,0.0
2019-11-28,17.5,13.2,6.5
2019-11-29,2.0,6.3,1.0
2019-11-30,11.0,10.7,4.4
2019-12-01,12.6,11.7,6.1
2019-12-03,29.8,10.1,4.4
2019-12-04,2.7,4.6,0.0
2019-12-05,4.7,2.3,0.0
2019-12-06,30.5,14.2,9.1
2019-12-07,19.8,4.5,0.0
2019-12-08,14.5,1.9,0.0
2019-12-09,4.0,22.4,27.2
2019-12-10,20.7,2.9,0.0
2019-12-12,20.0,1.0,0.0
2019-12-13,10.5,0.2,0.0
2019-12-15,11.6,24.7,40.9
2019-12-16,47.0,1.5,0.0
2019-12-18,146.0,3.5,0.0
2019-12-20,0.0,0.5,0.0
2019-12-21,59.0,0.6,0.0
2019-12-22,1.0,0.4,0.0
2019-12-24,0.0,0.3,0.0
2019-12-29,38.0,9.5,4.8
2019-12-30,8.7,2.6,0.0
2019-12-31,4.9,0.3,0.0
2020-01-04,3.5,0.5,0.0
2020-01-05,11.1,0.0,0.0
2020-01-06,6.0,0.0,0.0
2020-01-07,0.0,0.1,0.0
2020-01-10,0.0,1.8,0.0
2020-01-19,0.4,9.0,5.4
2020-01-20,0.7,10.0,7.3
2020-01-22,5.0,0.1,0.0
2020-01-28,13.4,127.6,80.0
2020-01-29,42.0,21.7,10.2
2020-01-30,1.8,0.0,0.0
2020-02-03,1.0,17.2,15.9
2020-02-07,56.5,2.8,0.0
2020-02-11,7.0,10.3,4.4
2020-02-12,0.5,19.3,13.1
2020-02-13,24.5,20.2,15.1
2020-02-14,2.0,1.2,0.0
2020-02-15,0.5,27.1,21.4
2020-02-16,10.5,0.0,0.0
2020-02-17,0.0,4.8,0.0
2020-02-18,0.8,17.8,10.2
2020-02-19,5.7,17.9,10.1
2020-02-20,11.5,5.4,0.0
2020-02-23,1.2,1.8,0.0
2020-02-24,0.0,0.0,0.0
2020-02-25,1.0,0.0,0.0
2020-02-26,2.4,0.2,0.0
2020-02-29,54.6,0.0,0.0
2020-03-02,12.0,8.7,2.9
2020-03-03,13.5,0.0,0.0
2020-03-04,0.0,0.0,0.0
2020-03-06,9.0,11.6,6.5
2020-03-07,1.0,3.2,0.0
2020-03-11,12.8,0.3,0.0
2020-03-12,1.8,0.0,0.0
2020-03-13,5.2,0.0,0.0
2020-03-16,0.0,1.0,0.0
2020-03-18,29.0,3.0,0.0
2020-03-19,7.5,0.7,0.0
2020-03-20,0.0,3.8,0.0
2020-03-21,5.5,21.2,10.2
2020-03-22,29.0,2.0,0.0
2020-03-24,4.0,0.0,0.0
2020-03-26,10.5,1.7,0.0
2020-03-27,25.0,2.9,0.0
2020-04-02,0.0,1.5,0.0
2020-04-03,10.5,1.3,0.0
2020-04-07,52.0,29.2,29.7
2020-04-08,1.0,5.4,0.0
2020-04-10,8.0,2.8,0.0
2020-04-11,0.5,0.8,0.0
2020-04-12,0.0,0.9,0.0
2020-04-17,1.2,40.3,32.9
2020-04-18,9.2,0.4,0.0
2020-04-22,0.0,3.9,0.0
2020-04-23,2.9,26.7,29.7
2020-04-24,1.2,2.5,0.0
2020-04-26,14.0,9.1,1.5
2020-04-27,1.0,64.4,46.8
2020-04-28,120.5,42.7,42.2
2020-04-29,170.6,57.9,45.4
2020-04-30,30.0,17.8,10.5
2020-05-01,11.0,7.6,1.0
2020-05-02,6.0,1.1,0.0
2020-05-03,1.4,28.2,31.2
2020-05-04,7.5,15.1,8.1
2020-05-05,4.0,4.7,0.0
2020-05-06,68.0,8.6,1.3
2020-05-08,34.0,4.8,0.0
2020-05-09,0.1,10.5,3.3
2020-05-10,41.0,37.2,44.6
2020-05-11,17.9,80.1,53.9
2020-05-12,2.6,18.3,12.3
2020-05-13,2.7,0.2,0.0
2020-05-14,0.0,22.5,26.3
2020-05-15,61.5,38.2,41.6
2020-05-16,88.0,1.4,0.0
2020-05-18,15.8,4.9,0.0
2020-05-21,2.5,7.7,1.3
2020-05-22,0.8,11.2,6.0
2020-05-23,20.1,3.5,0.0
2020-05-25,8.0,31.0,46.5
2020-05-26,4.1,4.1,0.0
2020-05-27,9.0,4.2,0.0
2020-05-28,2.0,26.9,39.4
2020-05-29,4.0,5.2,0.0
2020-05-31,0.0,11.7,6.7
2020-06-01,4.5,11.6,4.9
2020-06-02,7.0,1.1,0.0
2020-06-03,3.8,29.2,35.5
2020-06-04,21.6,0.8,0.0
2020-06-06,21.2,5.2,0.0
2020-06-08,0.0,1.2,0.0
2020-06-09,0.5,6.6,0.0
2020-06-10,2.0,21.8,22.2
2020-06-11,12.4,0.1,0.0
2020-06-13,0.0,17.1,11.2
2020-06-14,18.5,20.6,21.4
2020-06-15,42.3,27.8,33.1
2020-06-16,6.0,5.8,0.0
2020-06-17,2.0,28.5,36.6
2020-06-18,47.6,5.5,0.0
2020-06-19,3.0,0.1,0.0
2020-06-20,6.3,13.6,8.7
2020-06-21,25.0,8.7,2.3
2020-06-22,23.0,25.4,34.3
2020-06-23,42.1,1.5,0.0
2020-06-24,0.0,54.9,89.8
2020-06-25,10.5,27.7,36.4
2020-06-26,44.0,0.9,0.0
2020-06-28,21.6,3.6,0.0
2020-07-01,1.6,3.6,0.0
2020-07-02,24.0,0.0,0.0
2020-07-03,5.9,1.0,0.0
2020-07-04,19.6,1.0,0.0
2020-07-05,2.4,0.1,0.0
2020-07-07,6.4,0.4,0.0
2020-07-11,45.4,16.5,20.3
2020-07-12,8.0,29.5,39.2
2020-07-13,31.0,5.6,0.0
2020-07-15,0.6,0.0,0.0
2020-07-16,3.0,0.0,0.0
2020-07-18,2.5,16.4,21.0
2020-07-19,11.0,0.1,0.0
2020-07-23,0.5,8.2,3.1
2020-07-24,23.6,12.7,8.3
2020-07-25,1.0,21.1,29.0
2020-07-26,39.5,7.7,2.4
2020-07-27,40.0,11.4,6.9
2020-07-28,28.0,20.2,29.1
2020-07-29,3.0,4.2,0.0
2020-08-02,7.3,2.7,0.0
2020-08-04,30.6,7.9,3.1
2020-08-07,12.8,0.5,0.0
2020-08-10,1.0,2.4,0.0
2020-08-11,4.0,20.0,16.5
2020-08-12,22.6,13.7,8.1
2020-08-13,2.0,15.9,10.4
2020-08-14,14.0,2.4,0.0
2020-08-18,9.7,16.0,10.5
2020-08-19,42.6,4.4,0.0
2020-08-20,1.5,4.9,0.0
2020-08-23,8.7,8.3,1.5
2020-08-24,17.5,0.7,0.0
2020-08-26,2.0,0.0,0.0
2020-08-27,33.5,0.4,0.0
2020-08-28,19.0,2.0,0.0
2020-09-01,3.7,1.8,0.0
2020-09-03,27.5,21.7,25.5
2020-09-04,5.5,16.3,10.0
2020-09-05,6.0,67.7,78.6
2020-09-06,60.6,9.2,1.8
2020-09-07,17.3,6.2,0.0
2020-09-09,5.2,18.9,13.1
2020-09-10,8.5,34.9,45.3
2020-09-11,43.8,13.8,5.4
2020-09-12,3.6,27.5,26.7
2020-09-29,2.0,31.5,28.6
2020-09-30,75.5,2.0,0.0
2020-10-02,2.0,25.9,25.2
2020-10-03,1.6,13.1,8.0
2020-10-04,39.0,2.5,0.0
2020-10-05,10.0,0.7,0.0
2020-10-08,1.0,5.4,0.0
2020-10-11,2.0,5.2,0.0
2020-10-13,19.5,29.9,32.6
2020-10-14,15.2,17.4,12.3
2020-10-15,30.8,4.0,0.0
2020-10-16,6.0,4.6,0.0
2020-10-17,1.0,4.8,0.0
2020-10-19,0.0,48.6,58.2
2020-10-20,60.5,3.8,0.0
2020-10-21,12.0,18.5,12.1
2020-10-22,55.0,21.3,15.3
2020-10-23,2.0,16.0,9.3
2020-10-24,60.6,34.4,38.3
2020-10-25,18.5,19.3,12.9
2020-10-26,22.1,7.2,1.0
2020-10-29,9.5,3.1,0.0
2020-10-30,2.5,14.0,7.1
2020-10-31,8.7,15.0,8.2
2020-11-01,8.0,20.0,11.4
2020-11-02,1.0,6.5,0.0
2020-11-04,9.7,1.2,0.0
2020-11-05,3.0,10.9,3.1
2020-11-06,5.9,16.3,8.0
2020-11-07,5.1,21.6,12.9
2020-11-08,32.5,23.7,15.0
2020-11-09,31.4,3.4,0.0
2020-11-12,41.0,17.6,9.8
2020-11-13,1.3,15.0,7.2
2020-11-14,90.1,0.0,0.0
2020-11-16,17.5,8.2,1.0
2020-11-17,11.0,17.6,9.8
2020-11-18,12.0,6.9,0.0
2020-11-19,2.2,14.9,7.1
2020-11-20,7.3,13.2,5.5
2020-11-22,7.1,15.5,8.5
2020-11-23,2.0,32.9,30.3
2020-11-24,13.5,41.3,38.5
2020-11-25,7.4,1.8,0.0
2020-11-27,9.0,31.6,30.3
2020-11-28,16.7,26.5,24.1
2020-11-29,5.0,1.1,0.0
2020-12-01,69.8,12.7,7.3
2020-12-03,27.0,47.5,49.9
2020-12-04,48.0,39.9,43.8
2020-12-05,21.9,21.3,16.4
2020-12-06,12.5,6.1,1.0
2020-12-07,6.0,15.1,10.1
2020-12-08,41.0,1.0,0.0
2020-12-11,8.0,3.4,0.0
2020-12-12,12.0,56.6,77.0
2020-12-13,55.5,1.5,0.0
2020-12-16,14.0,16.6,14.9
2020-12-17,5.0,2.1,0.0
2020-12-19,1.0,2.2,0.0
2020-12-21,1.2,8.2,3.3
2020-12-22,5.0,0.5,0.0
2020-12-23,14.5,0.1,0.0
2020-12-24,5.0,26.9,34.7
2020-12-25,50.0,50.6,109.2
2020-12-26,112.0,22.9,28.7
2020-12-27,3.5,0.6,0.0
2020-12-28,0.0,3.3,0.0
2020-12-30,10.9,1.4,0.0
2021-01-01,2.9,13.4,6.0
2021-01-02,19.2,19.4,11.4
2021-01-03,4.2,20.3,18.7
2021-01-04,1.2,4.8,0.0
2021-01-05,9.0,70.9,58.9
2021-01-06,110.0,18.1,9.4
2021-01-08,1.4,19.0,12.0
2021-01-09,21.5,11.5,4.5
2021-01-10,27.5,16.3,9.9
2021-01-11,6.5,24.5,30.4
2021-01-12,29.2,5.2,1.2
2021-01-13,7.0,29.6,37.3
2021-01-14,15.5,0.9,0.0
2021-01-15,5.0,13.2,10.3
2021-01-16,27.0,18.1,21.7
2021-01-17,42.3,28.2,35.4
2021-01-18,11.5,31.3,38.6
2021-01-19,19.0,5.2,1.1
2021-01-20,5.5,0.9,0.0
2021-01-23,25.1,3.1,0.0
2021-01-24,2.0,2.1,0.0
2021-01-28,0.5,4.7,0.0
2021-01-30,2.0,1.2,0.0
2021-02-05,0.5,0.2,0.0
2021-02-09,6.5,0.1,0.0
2021-02-11,41.8,2.1,0.0
2021-02-21,3.0,0.0,0.0
2021-02-26,7.4,0.0,0.0
2021-03-03,1.0,15.0,8.2
2021-03-04,10.5,0.8,0.0
2021-03-05,1.0,4.2,0.0
2021-03-08,13.6,0.7,0.0
2021-03-12,0.6,12.5,6.9
2021-03-13,3.5,0.2,0.0
2021-03-14,15.5,0.1,0.0
2021-03-17,2.5,8.1,2.5
2021-03-18,0.5,0.2,0.0
2021-03-20,3.5,4.5,0.0
2021-03-21,5.6,1.4,0.0
2021-03-22,1.0,26.0,16.7
2021-03-23,14.5,6.9,1.0
2021-03-24,25.6,11.6,3.4
2021-03-25,2.7,3.4,0.0
2021-03-26,11.5,6.3,0.0
2021-03-27,1.0,7.7,1.0
2021-03-29,34.1,8.9,1.5
2021-03-30,1.5,19.1,8.9
2021-04-04,28.5,11.6,4.2
2021-04-07,4.6,27.7,28.7
2021-04-08,13.4,1.2,0.0
2021-04-12,0.0,70.6,44.3
2021-04-13,108.0,3.1,0.0
2021-04-15,50.0,1.6,0.0
2021-04-20,22.5,10.4,3.7
2021-04-22,20.3,18.0,9.6
2021-04-23,26.1,32.8,35.7
2021-04-24,33.0,18.9,16.4
2021-04-25,2.0,43.7,41.7
2021-04-26,71.3,10.4,2.7
2021-04-28,1.0,0.5,0.0
2021-04-30,25.5,0.5,0.0
2021-05-02,37.3,2.7,0.0
2021-05-03,3.0,11.3,4.1
2021-05-05,1.6,20.2,15.1
2021-05-06,18.4,3.9,0.0
2021-05-07,15.1,5.2,0.0
2021-05-13,8.5,2.1,0.0
2021-05-15,7.8,5.4,0.0
2021-05-16,15.0,4.6,0.0
2021-05-17,3.0,4.4,0.0
2021-05-20,1.0,1.3,0.0
2021-05-23,2.2,1.0,0.0
2021-05-27,18.5,4.4,0.0
2021-05-28,1.0,6.8,1.0
2021-05-30,23.0,12.7,8.1
2021-06-01,3.4,0.3,0.0
2021-06-02,0.8,18.5,12.5
2021-06-03,18.0,21.0,20.7
2021-06-04,1.5,21.3,22.0
2021-06-05,8.4,2.3,0.0
2021-06-07,4.7,2.3,0.0
2021-06-12,0.5,34.2,41.5
2021-06-13,16.5,19.0,18.9
2021-06-14,2.5,9.8,3.9
2021-06-16,81.5,2.5,0.0
2021-06-18,19.0,10.8,5.0
2021-06-21,44.5,0.7,0.0
2021-06-25,21.5,1.5,0.0
2021-06-27,1.0,9.1,2.9
2021-06-28,7.5,22.0,27.5
2021-06-29,40.2,23.5,30.4
2021-06-30,6.6,0.1,0.0
2021-07-02,11.0,4.9,0.0
2021-07-03,0.5,2.3,0.0
2021-07-06,5.0,12.5,8.5
2021-07-08,26.5,5.8,0.0
2021-07-09,3.5,26.5,39.1
2021-07-10,12.2,35.6,53.8
2021-07-11,9.0,24.7,33.9
2021-07-12,11.5,8.4,2.1
2021-07-13,2.3,5.1,0.0
2021-07-15,17.2,1.9,0.0
2021-07-16,0.0,0.5,0.0
2021-07-27,1.8,8.3,3.2
2021-07-28,3.5,4.8,0.0
2021-07-29,4.5,3.6,0.0
2021-07-31,1.0,16.3,24.7
2021-08-01,50.0,5.2,0.0
2021-08-04,23.5,4.0,0.0
2021-08-05,20.0,0.0,0.0
2021-08-09,2.6,2.8,0.0
2021-08-11,9.8,3.2,0.0
2021-08-13,99.0,24.7,27.9
2021-08-14,32.0,6.6,1.0
2021-08-15,1.8,40.5,46.4
2021-08-16,7.0,24.1,25.9
2021-08-17,22.6,26.1,28.7
2021-08-18,7.0,36.9,44.1
2021-08-19,6.6,11.2,5.6
2021-08-20,20.0,9.6,4.0
2021-08-21,2.2,33.5,42.9
2021-08-22,6.5,20.5,15.3
2021-08-23,35.5,1.7,0.0
2021-08-24,1.2,2.9,0.0
2021-08-27,0.4,0.6,0.0
2021-08-28,2.0,0.2,0.0
2021-08-29,11.4,4.3,0.0
2021-08-30,13.0,12.5,6.3
2021-08-31,72.2,7.5,1.0
2021-09-01,8.5,8.5,1.1
2021-09-02,16.2,27.7,34.6
2021-09-03,0.8,11.9,4.9
2021-09-04,1.9,20.3,14.1
2021-09-05,5.0,9.3,1.9
2021-09-09,31.1,18.0,12.1
2021-09-10,16.7,6.5,0.0
2021-09-11,8.7,13.1,4.7
2021-09-12,30.5,23.8,16.0
2021-09-13,48.9,14.2,5.8
2021-09-14,0.5,2.8,0.0
2021-09-17,19.5,3.1,0.0
2021-09-19,0.0,24.7,22.1
2021-09-20,29.4,0.8,0.0
2021-09-21,9.2,2.9,0.0
2021-09-22,19.9,19.4,13.4
2021-09-23,1.4,1.2,0.0
2021-09-24,0.0,0.8,0.0
2021-09-25,41.0,1.1,0.0
2021-09-27,0.9,2.9,0.0
2021-09-29,19.7,6.1,1.0
2021-09-30,1.5,2.0,0.0
2021-10-01,6.5,9.2,3.9
2021-10-02,0.0,1.1,0.0
2021-10-04,0.0,12.7,7.6
2021-10-05,5.0,5.7,1.0
2021-10-09,3.0,7.6,2.2
2021-10-10,12.0,3.2,0.0
2021-10-11,5.0,1.5,0.0
2021-10-14,0.0,0.2,0.0
2021-10-17,2.0,66.9,81.5
2021-10-18,90.7,5.6,1.0
2021-10-20,22.0,54.8,68.2
2021-10-21,9.3,2.2,0.0
2021-10-23,95.3,18.0,11.5
2021-10-24,8.3,5.0,0.0
2021-10-25,16.5,4.1,0.0
2021-10-26,12.5,23.6,18.0
2021-10-27,7.5,2.6,0.0
2021-10-28,0.0,11.8,4.7
2021-10-29,21.1,5.3,0.0
2021-10-31,30.5,2.1,0.0
2021-11-01,1.5,44.0,42.5
2021-11-02,61.7,28.8,24.3
2021-11-03,24.5,6.3,0.0
2021-11-04,2.5,8.5,1.1
2021-11-06,35.0,35.7,32.5
2021-11-07,1.5,7.8,1.0
2021-11-09,0.8,64.2,64.1
2021-11-10,28.7,26.2,21.3
2021-11-11,41.0,21.7,13.8
2021-11-12,8.4,4.9,0.0
2021-11-13,1.0,8.5,1.0
2021-11-15,3.4,7.4,1.0
2021-11-16,27.0,41.2,42.0
2021-11-17,30.3,9.1,1.6
2021-11-18,2.3,7.6,1.0
2021-11-20,39.6,25.3,21.7
2021-11-21,64.5,10.0,3.8
2021-11-22,1.0,19.7,12.1
2021-11-23,25.0,15.2,8.2
2021-11-24,5.9,11.4,4.9
2021-11-25,25.7,49.2,48.6
2021-11-26,29.5,14.9,7.9
2021-11-27,3.3,25.1,15.5
2021-11-28,5.1,38.1,36.6
2021-11-29,6.8,4.6,0.0
2021-12-01,6.9,3.9,0.0
2021-12-02,4.2,49.0,51.0
2021-12-03,4.1,13.1,7.8
2021-12-06,8.0,0.7,0.0
2021-12-11,0.8,3.2,0.0
2021-12-12,4.5,2.2,0.0
2021-12-13,47.6,1.5,0.0
2021-12-14,1.4,4.9,1.0
2021-12-16,4.8,9.6,5.8
2021-12-18,26.0,26.8,43.0
2021-12-19,24.0,7.8,3.7
2021-12-20,0.6,4.9,1.0
2021-12-22,27.3,0.8,0.0
2021-12-31,5.5,8.7,3.8
