date,gauge,imergl,lseqmdl
2001-01-01,99.0,5.1,4.6
2001-01-02,13.7,18.1,14.3
2001-01-03,30.2,30.0,24.0
2001-01-04,0.0,0.0,0.0
2001-01-05,0.0,0.0,0.0
2001-01-06,0.4,0.0,0.0
2001-01-07,8.9,0.5,0.0
2001-01-08,0.6,0.0,0.0
2001-01-09,0.0,0.5,0.0
2001-01-10,0.0,2.4,2.3
2001-01-11,0.0,0.1,0.0
2001-01-12,0.0,0.0,0.0
2001-01-13,7.3,10.4,9.4
2001-01-14,0.4,3.3,3.0
2001-01-15,35.8,8.2,7.5
2001-01-16,4.5,3.4,3.1
2001-01-17,1.0,2.4,2.2
2001-01-18,0.0,1.5,1.2
2001-01-19,0.6,0.1,0.0
2001-01-20,4.9,0.2,0.0
2001-01-21,0.2,0.2,0.0
2001-01-22,0.5,0.1,0.0
2001-01-23,0.0,2.0,1.0
2001-01-24,15.8,23.1,23.8
2001-01-25,7.3,8.6,6.2
2001-01-26,19.2,1.3,0.0
2001-01-27,78.8,1.8,1.0
2001-01-28,6.4,3.6,2.1
2001-01-29,4.9,2.8,1.4
2001-01-30,0.9,0.8,0.0
2001-01-31,3.4,3.3,1.8
2001-02-01,0.0,0.5,0.0
2001-02-02,0.0,0.1,0.0
2001-02-03,1.2,5.7,3.8
2001-02-04,0.0,6.8,4.6
2001-02-05,17.1,22.1,16.7
2001-02-06,0.5,11.4,8.3
2001-02-07,12.4,2.1,1.2
2001-02-08,12.4,6.0,4.0
2001-02-09,4.6,1.6,1.0
2001-02-10,1.5,2.7,1.7
2001-02-11,1.6,0.1,0.0
2001-02-12,87.9,5.4,4.0
2001-02-13,24.3,0.4,0.0
2001-02-14,0.0,0.0,0.0
2001-02-15,0.0,5.8,4.3
2001-02-16,0.3,11.2,7.3
2001-02-17,26.2,7.0,5.0
2001-02-18,1.1,1.0,0.0
2001-02-19,0.0,0.0,0.0
2001-02-20,0.0,0.1,0.0
2001-02-21,1.7,0.0,0.0
2001-02-22,0.0,2.3,0.0
2001-02-23,0.0,0.0,0.0
2001-02-24,16.2,0.7,0.0
2001-02-25,0.0,0.0,0.0
2001-02-26,0.0,13.7,8.3
2001-02-27,0.0,0.0,0.0
2001-02-28,14.0,0.0,0.0
2001-03-01,0.2,0.0,0.0
2001-03-02,0.0,0.0,0.0
2001-03-03,0.0,7.8,6.3
2001-03-04,0.5,15.1,12.2
2001-03-05,1.6,1.2,0.0
2001-03-06,0.0,1.2,0.0
2001-03-07,14.7,74.5,78.5
2001-03-08,0.0,18.3,13.8
2001-03-09,16.0,2.5,2.7
2001-03-10,0.0,1.0,0.0
2001-03-11,0.0,0.0,0.0
2001-03-12,0.0,0.0,0.0
2001-03-13,0.0,0.3,0.0
2001-03-14,0.0,1.3,0.0
2001-03-15,0.0,0.1,0.0
2001-03-16,0.0,0.0,0.0
2001-03-17,0.0,0.0,0.0
2001-03-18,5.5,0.2,0.0
2001-03-19,0.0,0.4,0.0
2001-03-20,0.0,0.8,0.0
2001-03-21,1.4,0.0,0.0
2001-03-22,0.0,62.6,45.0
2001-03-23,0.0,2.8,1.6
2001-03-24,4.6,1.5,0.0
2001-03-25,0.0,8.5,5.1
2001-03-26,4.5,12.1,7.4
2001-03-27,0.0,9.4,5.7
2001-03-28,0.0,0.7,0.0
2001-03-29,0.6,0.1,0.0
2001-03-30,0.4,0.6,0.0
2001-03-31,0.0,1.3,0.0
2001-04-01,2.1,16.0,10.6
2001-04-02,1.3,6.1,3.4
2001-04-03,16.5,5.5,2.9
2001-04-04,21.7,4.9,2.4
2001-04-05,26.2,3.2,1.1
2001-04-06,5.3,28.4,21.1
2001-04-07,18.1,12.3,8.0
2001-04-08,46.4,4.9,2.4
2001-04-09,14.0,2.6,1.0
2001-04-10,2.0,4.4,2.1
2001-04-11,0.0,1.5,0.0
2001-04-12,0.0,3.1,0.0
2001-04-13,0.0,2.2,0.0
2001-04-14,0.0,26.1,28.6
2001-04-15,0.0,4.7,1.5
2001-04-16,0.0,4.3,1.1
2001-04-17,0.0,1.2,0.0
2001-04-18,0.0,4.3,1.1
2001-04-19,0.0,3.4,1.0
2001-04-20,2.5,10.0,6.1
2001-04-21,0.0,8.6,3.3
2001-04-22,2.8,28.6,24.0
2001-04-23,14.8,22.0,14.1
2001-04-24,0.0,3.8,0.0
2001-04-25,30.5,20.0,12.1
2001-04-26,1.2,29.2,24.8
2001-04-27,0.0,17.0,9.8
2001-04-28,9.8,44.7,36.5
2001-04-29,0.5,5.5,1.0
2001-04-30,10.8,37.6,31.0
2001-05-01,2.0,5.1,3.7
2001-05-02,0.0,2.6,1.8
2001-05-03,0.0,2.7,1.9
2001-05-04,0.0,1.4,0.0
2001-05-05,0.0,3.6,2.6
2001-05-06,0.0,11.0,7.5
2001-05-07,28.6,23.6,14.8
2001-05-08,26.0,12.7,8.5
2001-05-09,0.7,3.0,2.1
2001-05-10,0.0,0.2,0.0
2001-05-11,0.0,0.9,0.0
2001-05-12,0.0,6.0,6.1
2001-05-13,0.0,2.0,2.1
2001-05-14,0.0,0.5,0.0
2001-05-15,0.0,1.3,1.3
2001-05-16,0.0,0.2,0.0
2001-05-17,0.0,2.0,2.1
2001-05-18,0.0,0.3,0.0
2001-05-19,0.0,0.0,0.0
2001-05-20,0.0,0.1,0.0
2001-05-21,0.0,0.0,0.0
2001-05-22,0.0,0.1,0.0
2001-05-23,0.0,0.0,0.0
2001-05-24,0.0,4.8,4.2
2001-05-25,0.0,1.2,0.0
2001-05-26,0.4,1.8,1.0
2001-05-27,2.2,6.3,5.8
2001-05-28,0.0,6.9,6.4
2001-05-29,0.0,0.1,0.0
2001-05-30,0.0,1.6,1.0
2001-05-31,0.0,17.4,18.8
2001-06-01,8.6,11.2,10.1
2001-06-02,4.7,6.7,5.2
2001-06-03,1.1,20.2,22.7
2001-06-04,0.0,1.0,0.0
2001-06-05,0.0,0.1,0.0
2001-06-06,23.1,31.7,34.8
2001-06-07,7.6,7.2,5.8
2001-06-08,0.0,1.1,0.0
2001-06-09,0.0,0.7,0.0
2001-06-10,0.0,0.0,0.0
2001-06-11,2.1,0.2,0.0
2001-06-12,0.0,1.2,1.0
2001-06-13,0.0,0.0,0.0
2001-06-14,19.2,0.0,0.0
2001-06-15,0.0,0.5,0.0
2001-06-16,3.4,0.4,0.0
2001-06-17,0.0,1.7,1.2
2001-06-18,0.0,2.4,2.2
2001-06-19,0.0,14.4,20.7
2001-06-20,0.0,0.3,0.0
2001-06-21,0.0,4.1,3.8
2001-06-22,0.4,8.2,9.4
2001-06-23,0.0,0.1,0.0
2001-06-24,0.0,4.9,4.9
2001-06-25,0.8,17.5,21.2
2001-06-26,0.0,0.6,0.0
2001-06-27,0.0,7.6,8.6
2001-06-28,4.0,19.5,24.5
2001-06-29,0.0,1.9,1.0
2001-06-30,0.0,0.0,0.0
2001-07-01,0.0,0.0,0.0
2001-07-02,0.0,0.0,0.0
2001-07-03,0.0,0.0,0.0
2001-07-04,0.0,0.2,0.0
2001-07-05,0.0,0.5,0.0
2001-07-06,0.0,2.0,2.8
2001-07-07,0.0,0.2,0.0
2001-07-08,0.0,0.3,0.0
2001-07-09,0.0,0.4,0.0
2001-07-10,0.0,7.3,8.2
2001-07-11,3.5,1.4,1.0
2001-07-12,8.3,0.0,0.0
2001-07-13,35.1,16.0,17.4
2001-07-14,0.0,6.4,6.1
2001-07-15,5.0,18.6,20.7
2001-07-16,6.3,0.4,0.0
2001-07-17,4.5,3.9,3.6
2001-07-18,4.2,0.3,0.0
2001-07-19,0.0,0.0,0.0
2001-07-20,0.0,4.5,4.2
2001-07-21,4.0,26.8,36.2
2001-07-22,0.0,23.8,32.4
2001-07-23,0.5,2.6,3.6
2001-07-24,3.3,1.7,2.3
2001-07-25,0.1,2.7,3.7
2001-07-26,0.0,7.8,10.5
2001-07-27,1.1,3.5,4.8
2001-07-29,0.6,9.1,11.6
2001-07-30,2.1,41.5,57.3
2001-07-31,1.3,14.6,18.9
2001-08-01,0.0,0.1,0.0
2001-08-03,0.0,0.3,0.0
2001-08-04,0.5,5.4,6.0
2001-08-05,0.0,1.4,1.8
2001-08-06,0.0,11.7,12.5
2001-08-07,0.0,28.1,31.4
2001-08-08,0.0,3.0,3.5
2001-08-10,0.0,5.1,5.7
2001-08-11,0.0,0.0,0.0
2001-08-12,0.0,0.3,0.0
2001-08-13,0.0,2.8,2.5
2001-08-14,0.0,5.1,5.5
2001-08-15,0.0,2.3,1.8
2001-08-16,0.0,18.1,21.8
2001-08-17,0.0,1.5,1.0
2001-08-18,0.0,1.3,1.0
2001-08-19,0.0,7.8,8.8
2001-08-20,5.7,25.4,31.8
2001-08-21,2.0,36.6,36.0
2001-08-22,0.0,0.2,0.0
2001-08-23,0.0,0.0,0.0
2001-08-24,0.0,0.1,0.0
2001-08-25,0.0,3.5,3.3
2001-08-27,0.0,1.9,1.8
2001-08-28,0.0,19.7,17.0
2001-08-29,0.0,17.9,15.9
2001-08-30,0.0,10.6,9.6
2001-08-31,0.0,18.7,16.1
2001-09-01,65.0,2.5,0.0
2001-09-02,1.0,9.0,8.1
2001-09-03,10.9,0.9,0.0
2001-09-04,3.0,4.0,1.9
2001-09-05,29.1,10.9,10.5
2001-09-06,13.0,4.8,3.0
2001-09-07,26.3,1.9,0.0
2001-09-08,18.5,55.1,55.4
2001-09-09,2.2,4.6,2.8
2001-09-10,0.0,4.0,2.0
2001-09-11,1.5,4.9,3.3
2001-09-12,4.6,12.5,11.5
2001-09-14,0.0,3.0,1.0
2001-09-15,0.2,92.5,54.9
2001-09-16,19.0,12.5,11.6
2001-09-17,84.5,23.0,27.3
2001-09-18,20.0,0.4,0.0
2001-09-19,3.2,0.0,0.0
2001-09-20,2.5,4.5,2.8
2001-09-21,8.6,10.6,11.5
2001-09-22,28.5,9.9,10.7
2001-09-23,8.0,14.2,16.1
2001-09-24,4.6,7.9,8.4
2001-09-25,0.0,3.9,3.6
2001-09-26,8.6,2.6,2.0
2001-09-27,2.1,4.1,3.8
2001-09-28,1.4,3.8,3.5
2001-09-29,0.8,0.4,0.0
2001-09-30,0.4,8.4,9.0
2001-10-01,19.0,10.5,14.0
2001-10-02,1.5,10.4,13.9
2001-10-03,1.7,12.3,16.2
2001-10-04,0.0,15.0,19.5
2001-10-05,0.0,1.6,2.7
2001-10-06,0.0,0.7,0.0
2001-10-07,0.0,0.3,0.0
2001-10-08,0.0,0.3,0.0
2001-10-09,0.0,0.1,0.0
2001-10-10,0.0,1.2,2.2
2001-10-11,0.0,0.4,0.0
2001-10-12,0.0,5.4,5.7
2001-10-13,0.0,0.4,0.0
2001-10-14,0.0,1.6,1.3
2001-10-15,13.0,38.6,44.5
2001-10-16,0.0,3.0,3.0
2001-10-17,0.2,2.7,2.7
2001-10-18,2.0,3.7,3.8
2001-10-19,0.0,10.4,10.9
2001-10-20,0.0,2.9,2.9
2001-10-21,11.0,23.5,23.6
2001-10-22,0.0,0.8,0.0
2001-10-23,2.0,5.6,5.9
2001-10-24,3.5,13.1,13.4
2001-10-25,9.3,1.1,1.0
2001-10-26,0.6,4.2,4.4
2001-10-27,3.0,3.0,3.0
2001-10-28,2.5,25.8,25.3
2001-10-29,25.3,16.0,16.1
2001-10-30,2.0,15.8,15.9
2001-10-31,0.0,1.9,1.6
2001-11-01,9.8,0.7,0.0
2001-11-02,2.2,2.5,1.0
2001-11-03,18.7,5.5,3.8
2001-11-04,12.3,2.3,1.0
2001-11-05,7.3,5.5,3.8
2001-11-06,11.0,2.8,1.3
2001-11-07,9.1,12.5,9.8
2001-11-08,50.0,12.7,10.0
2001-11-09,11.3,6.1,4.4
2001-11-10,0.3,3.7,2.2
2001-11-11,3.5,0.8,0.0
2001-11-12,7.7,1.9,0.0
2001-11-13,8.9,16.4,11.7
2001-11-14,0.8,5.6,3.0
2001-11-15,0.0,5.3,2.8
2001-11-16,26.2,29.3,24.1
2001-11-17,13.7,7.2,4.3
2001-11-18,23.5,0.1,0.0
2001-11-19,0.0,5.4,2.8
2001-11-20,0.0,0.0,0.0
2001-11-21,0.0,3.2,2.4
2001-11-22,11.6,2.8,1.9
2001-11-23,14.4,5.0,4.1
2001-11-24,0.0,4.0,3.2
2001-11-25,0.0,10.7,9.4
2001-11-26,0.3,3.3,2.5
2001-11-27,5.4,1.4,1.0
2001-11-28,11.2,0.5,0.0
2001-11-29,2.0,0.3,0.0
2001-11-30,0.0,4.1,3.3
2001-12-01,7.3,1.8,2.2
2001-12-02,34.1,0.9,0.0
2001-12-03,0.9,0.0,0.0
2001-12-04,1.8,0.0,0.0
2001-12-05,9.9,2.1,2.5
2001-12-06,0.7,2.7,2.9
2001-12-07,0.0,0.4,0.0
2001-12-08,0.0,1.8,2.2
2001-12-09,0.0,0.7,0.0
2001-12-10,0.0,2.5,2.8
2001-12-11,0.0,0.1,0.0
2001-12-12,3.8,3.1,3.4
2001-12-13,11.2,1.8,2.1
2001-12-14,0.3,0.2,0.0
2001-12-15,6.7,4.2,4.5
2001-12-16,0.6,0.0,0.0
2001-12-17,0.6,1.7,2.0
2001-12-18,20.0,6.8,6.9
2001-12-19,6.1,1.4,1.7
2001-12-20,0.7,0.2,0.0
2001-12-21,6.1,2.7,2.3
2001-12-22,0.0,1.6,1.3
2001-12-23,10.1,3.4,2.8
2001-12-24,7.4,0.0,0.0
2001-12-25,1.5,1.7,1.3
2001-12-26,0.0,11.4,9.5
2001-12-27,21.3,16.7,13.8
2001-12-28,102.9,14.9,12.4
2001-12-29,9.0,5.9,5.0
2001-12-30,3.1,4.3,3.6
2001-12-31,1.8,0.9,0.0
2002-01-01,0.0,0.0,0.0
2002-01-02,8.7,0.0,0.0
2002-01-03,5.9,4.6,4.2
2002-01-04,0.0,0.0,0.0
2002-01-05,0.0,0.0,0.0
2002-01-06,0.0,0.0,0.0
2002-01-07,0.0,2.4,2.3
2002-01-08,2.2,3.9,3.6
2002-01-09,0.1,0.7,0.0
2002-01-10,0.8,0.2,0.0
2002-01-11,0.5,0.0,0.0
2002-01-12,0.2,0.2,0.0
2002-01-13,26.2,3.9,3.6
2002-01-14,0.8,2.6,2.4
2002-01-15,57.0,2.5,2.3
2002-01-16,0.0,16.7,16.9
2002-01-17,0.0,8.4,7.7
2002-01-18,9.8,28.1,27.1
2002-01-19,1.0,56.3,57.5
2002-01-20,36.0,13.6,12.6
2002-01-21,11.8,73.3,56.3
2002-01-22,19.5,5.2,3.4
2002-01-23,4.1,5.2,3.4
2002-01-24,49.8,2.5,1.1
2002-01-25,6.7,24.0,24.8
2002-01-26,4.5,37.2,38.0
2002-01-27,42.2,10.7,7.8
2002-01-28,57.2,4.1,2.5
2002-01-29,4.5,0.0,0.0
2002-01-30,1.7,1.7,1.0
2002-01-31,0.0,0.0,0.0
2002-02-01,0.0,0.0,0.0
2002-02-02,0.0,1.6,1.0
2002-02-03,0.0,0.4,0.0
2002-02-04,0.0,2.4,1.4
2002-02-05,0.2,3.4,2.2
2002-02-06,0.0,0.4,0.0
2002-02-07,24.4,0.2,0.0
2002-02-08,0.0,0.9,0.0
2002-02-09,0.0,27.1,20.8
2002-02-10,0.0,3.7,2.4
2002-02-11,0.0,2.6,2.3
2002-02-12,0.3,16.4,10.5
2002-02-13,0.0,1.9,1.9
2002-02-14,5.5,0.2,0.0
2002-02-15,0.0,7.4,5.2
2002-02-16,0.0,5.6,4.1
2002-02-17,14.7,22.3,13.3
2002-02-18,0.0,22.5,15.4
2002-02-19,0.0,38.5,26.2
2002-02-20,1.2,18.3,11.2
2002-02-21,0.6,0.0,0.0
2002-02-22,13.9,4.2,1.6
2002-02-23,3.4,9.3,5.3
2002-02-24,2.6,3.3,1.0
2002-02-25,0.0,1.6,0.0
2002-02-26,0.2,5.2,2.3
2002-02-27,12.0,0.9,0.0
2002-02-28,6.8,17.6,11.3
2002-03-01,2.0,25.9,17.0
2002-03-02,0.5,0.4,0.0
2002-03-03,0.0,24.2,15.8
2002-03-04,0.0,0.5,0.0
2002-03-05,0.0,2.7,2.9
2002-03-06,0.0,2.4,2.7
2002-03-07,0.0,0.0,0.0
2002-03-08,0.0,0.6,0.0
2002-03-09,0.0,0.1,0.0
2002-03-10,0.0,0.0,0.0
2002-03-11,0.0,0.4,0.0
2002-03-12,0.0,0.7,0.0
2002-03-13,0.0,0.6,0.0
2002-03-14,0.2,5.1,2.9
2002-03-15,1.7,28.9,21.0
2002-03-16,13.0,1.2,0.0
2002-03-17,3.0,1.7,1.0
2002-03-18,9.2,13.6,8.3
2002-03-19,3.2,1.6,0.0
2002-03-20,11.8,5.7,3.3
2002-03-21,5.5,56.9,40.9
2002-03-22,1.0,0.3,0.0
2002-03-23,19.7,23.0,14.5
2002-03-24,3.5,0.4,0.0
2002-03-25,0.0,22.6,14.2
2002-03-26,0.0,1.9,1.1
2002-03-27,0.0,2.5,1.5
2002-03-28,0.0,36.6,25.6
2002-03-29,19.7,14.6,8.9
2002-03-30,3.4,4.4,2.6
2002-03-31,46.0,18.8,11.5
2002-04-01,0.0,6.4,3.6
2002-04-02,0.0,3.5,1.3
2002-04-03,0.0,2.6,1.0
2002-04-04,7.0,0.0,0.0
2002-04-05,29.9,3.8,1.6
2002-04-06,0.5,2.5,1.0
2002-04-07,8.2,27.1,19.5
2002-04-08,1.0,2.4,1.0
2002-04-09,15.6,8.1,4.9
2002-04-10,0.6,0.4,0.0
2002-04-11,0.3,1.4,0.0
2002-04-12,2.0,4.0,1.0
2002-04-13,0.2,25.0,27.2
2002-04-14,1.0,5.6,2.2
2002-04-15,0.0,1.6,0.0
2002-04-16,0.0,12.3,8.2
2002-04-17,18.6,15.9,11.3
2002-04-18,0.1,19.7,19.7
2002-04-19,0.4,68.2,57.0
2002-04-20,0.0,0.1,0.0
2002-04-21,0.0,3.8,0.0
2002-04-22,25.9,18.9,11.2
2002-04-23,0.3,42.9,35.0
2002-04-24,5.0,18.1,10.6
2002-04-25,18.1,6.3,1.6
2002-04-26,40.0,20.4,12.7
2002-04-27,0.4,12.2,6.1
2002-04-28,0.9,13.4,7.0
2002-04-29,3.8,14.5,7.9
2002-04-30,49.0,46.6,38.0
2002-05-01,0.4,14.3,9.5
2002-05-02,0.3,7.5,5.3
2002-05-03,0.3,9.0,6.2
2002-05-04,0.8,7.7,5.4
2002-05-05,2.3,12.0,8.1
2002-05-06,2.3,159.6,76.6
2002-05-07,2.4,55.6,35.0
2002-05-08,2.2,41.1,26.1
2002-05-09,0.6,4.7,3.4
2002-05-10,0.0,0.8,0.0
2002-05-11,0.2,0.0,0.0
2002-05-12,0.3,0.0,0.0
2002-05-13,0.0,0.0,0.0
2002-05-14,0.0,0.0,0.0
2002-05-15,0.0,0.0,0.0
2002-05-16,0.0,0.0,0.0
2002-05-17,0.0,0.0,0.0
2002-05-18,0.0,0.0,0.0
2002-05-19,49.0,0.2,0.0
2002-05-20,13.3,14.2,14.3
2002-05-21,4.6,0.7,0.0
2002-05-22,0.5,0.2,0.0
2002-05-23,2.8,0.5,0.0
2002-05-24,4.9,0.2,0.0
2002-05-25,49.8,3.2,2.4
2002-05-26,0.0,0.7,0.0
2002-05-27,0.2,1.0,0.0
2002-05-28,0.3,0.0,0.0
2002-05-29,2.4,0.0,0.0
2002-05-30,0.2,0.2,0.0
2002-05-31,6.8,1.7,1.0
2002-06-01,4.8,7.9,6.4
2002-06-02,0.0,14.0,13.0
2002-06-03,0.0,6.6,5.1
2002-06-04,1.1,1.5,0.0
2002-06-05,0.2,2.1,1.0
2002-06-06,0.0,0.4,0.0
2002-06-07,0.3,11.2,10.0
2002-06-08,14.0,3.4,1.6
2002-06-09,4.0,16.0,18.9
2002-06-10,1.4,42.3,46.5
2002-06-11,6.1,10.5,13.7
2002-06-12,0.2,6.3,7.3
2002-06-13,0.3,6.4,7.4
2002-06-14,0.0,1.0,0.0
2002-06-15,7.6,0.0,0.0
2002-06-16,1.6,2.1,1.8
2002-06-17,0.0,1.7,1.2
2002-06-18,0.0,0.1,0.0
2002-06-19,0.1,0.4,0.0
2002-06-20,0.0,0.0,0.0
2002-06-21,0.0,0.6,0.0
2002-06-22,0.0,0.0,0.0
2002-06-23,0.0,1.2,0.0
2002-06-24,0.0,0.0,0.0
2002-06-25,4.5,0.3,0.0
2002-06-26,0.0,1.7,1.0
2002-06-27,0.0,16.5,19.6
2002-06-28,5.8,0.0,0.0
2002-06-29,0.3,1.4,1.0
2002-06-30,10.2,38.8,62.9
2002-07-01,0.0,14.5,15.8
2002-07-02,0.0,5.4,6.3
2002-07-03,0.0,0.6,0.0
2002-07-04,0.0,0.3,0.0
2002-07-05,0.0,1.1,1.8
2002-07-06,0.0,0.0,0.0
2002-07-07,0.0,0.1,0.0
2002-07-08,0.0,0.0,0.0
2002-07-09,0.5,2.3,3.2
2002-07-10,1.0,4.0,4.9
2002-07-11,0.0,8.2,7.9
2002-07-12,0.0,6.5,6.2
2002-07-13,0.0,0.9,0.0
2002-07-14,0.0,0.2,0.0
2002-07-15,0.0,0.0,0.0
2002-07-16,0.0,7.1,6.8
2002-07-17,0.0,14.9,14.5
2002-07-18,0.0,1.7,1.2
2002-07-19,0.0,0.1,0.0
2002-07-20,2.1,0.5,0.0
2002-07-21,0.3,1.0,1.1
2002-07-22,0.6,4.8,6.5
2002-07-23,0.2,2.8,3.8
2002-07-24,70.0,3.6,4.9
2002-07-25,15.4,7.9,10.7
2002-07-26,0.0,0.8,1.0
2002-07-27,0.7,3.9,5.4
2002-07-28,2.6,26.1,36.3
2002-07-29,2.6,58.3,68.6
2002-07-30,0.0,3.7,5.1
2002-07-31,0.3,2.1,2.9
2002-08-01,4.5,5.0,5.6
2002-08-02,0.1,2.5,3.0
2002-08-03,5.2,0.4,0.0
2002-08-04,0.0,2.2,2.7
2002-08-05,0.0,0.1,0.0
2002-08-06,0.0,4.6,5.1
2002-08-07,46.8,20.9,23.1
2002-08-08,0.3,10.5,11.0
2002-08-09,16.6,3.6,4.2
2002-08-10,29.8,4.0,4.6
2002-08-11,0.0,1.1,0.0
2002-08-12,0.0,1.4,1.0
2002-08-13,0.0,0.7,0.0
2002-08-14,0.0,0.3,0.0
2002-08-15,0.0,0.0,0.0
2002-08-16,0.0,0.7,0.0
2002-08-17,0.0,4.0,4.2
2002-08-18,0.0,5.8,6.4
2002-08-19,0.0,8.8,10.1
2002-08-20,0.0,0.2,0.0
2002-08-21,0.0,4.3,4.0
2002-08-22,0.6,0.0,0.0
2002-08-23,0.0,0.7,0.0
2002-08-24,22.1,2.9,2.7
2002-08-25,2.4,185.8,78.5
2002-08-26,6.2,39.3,39.5
2002-08-27,1.1,0.8,0.0
2002-08-28,3.8,4.0,3.7
2002-08-29,0.0,11.8,10.6
2002-08-30,10.2,13.8,12.2
2002-08-31,0.3,0.3,0.0
2002-09-01,0.4,2.2,0.0
2002-09-02,0.6,9.3,8.6
2002-09-03,7.1,7.5,6.4
2002-09-04,9.6,34.4,42.0
2002-09-05,0.4,4.2,2.3
2002-09-06,10.0,1.0,0.0
2002-09-07,1.5,19.6,25.7
2002-09-08,1.3,31.3,39.2
2002-09-09,0.0,2.8,1.0
2002-09-10,0.8,3.1,1.0
2002-09-11,0.0,8.8,7.5
2002-09-12,0.3,1.3,0.0
2002-09-13,6.7,3.2,1.3
2002-09-14,14.4,2.2,0.0
2002-09-15,16.1,12.7,11.8
2002-09-16,1.7,0.5,0.0
2002-09-17,11.2,1.0,0.0
2002-09-18,0.1,3.5,1.6
2002-09-19,0.0,1.8,0.0
2002-09-20,6.9,22.1,25.7
2002-09-21,0.0,3.1,2.6
2002-09-22,0.0,28.0,32.2
2002-09-23,1.0,2.8,2.2
2002-09-24,2.4,0.4,0.0
2002-09-25,0.6,1.5,1.0
2002-09-26,0.5,17.5,19.6
2002-09-27,1.9,30.4,36.6
2002-09-28,38.3,3.7,3.4
2002-09-29,0.8,1.2,0.0
2002-09-30,3.6,11.0,11.9
2002-10-01,0.9,0.0,0.0
2002-10-02,1.6,1.0,1.8
2002-10-03,1.2,8.4,11.4
2002-10-04,0.0,6.1,8.6
2002-10-05,0.0,12.9,17.0
2002-10-06,0.0,15.3,19.8
2002-10-07,15.1,12.3,16.3
2002-10-08,14.3,42.5,54.0
2002-10-09,1.0,6.7,9.3
2002-10-10,1.3,14.1,18.4
2002-10-11,0.9,11.1,11.6
2002-10-12,20.0,19.2,20.0
2002-10-13,3.0,4.7,4.9
2002-10-14,0.0,0.8,0.0
2002-10-15,7.4,25.9,30.2
2002-10-16,65.0,15.1,15.6
2002-10-17,8.7,18.2,18.6
2002-10-18,50.0,1.3,1.0
2002-10-19,0.4,6.0,6.4
2002-10-20,0.0,1.2,1.0
2002-10-21,7.8,0.5,0.0
2002-10-22,6.0,18.4,18.4
2002-10-23,0.4,74.4,59.3
2002-10-24,9.3,4.6,4.8
2002-10-25,60.0,5.6,5.9
2002-10-26,19.4,34.9,32.8
2002-10-27,30.0,2.7,2.7
2002-10-28,13.1,9.7,10.0
2002-10-29,0.3,6.4,6.8
2002-10-30,0.4,13.4,13.7
2002-10-31,0.6,5.9,6.2
2002-11-01,0.6,9.9,7.7
2002-11-02,0.0,4.3,2.8
2002-11-03,2.6,3.0,1.5
2002-11-04,0.3,17.3,13.8
2002-11-05,1.7,26.5,21.3
2002-11-06,13.3,1.3,0.0
2002-11-07,4.2,19.9,15.9
2002-11-08,1.0,25.7,20.5
2002-11-09,29.8,6.8,5.0
2002-11-10,10.6,9.4,7.2
2002-11-11,0.0,1.2,0.0
2002-11-12,0.4,23.5,17.4
2002-11-13,16.1,13.4,9.3
2002-11-14,3.1,4.4,1.9
2002-11-15,9.5,8.7,5.4
2002-11-16,18.8,16.5,11.8
2002-11-17,0.4,17.9,12.9
2002-11-18,0.6,2.6,1.0
2002-11-19,0.4,65.9,57.4
2002-11-20,25.1,55.6,46.9
2002-11-21,1.4,27.5,23.3
2002-11-22,0.0,1.9,1.0
2002-11-23,0.7,1.7,1.0
2002-11-24,15.6,17.4,15.0
2002-11-25,1.4,12.7,11.0
2002-11-26,0.4,0.0,0.0
2002-11-27,1.4,2.5,1.7
2002-11-28,37.0,15.2,13.2
2002-11-29,15.6,2.6,1.8
2002-11-30,40.1,3.8,3.0
2002-12-01,11.5,0.0,0.0
2002-12-02,1.3,0.4,0.0
2002-12-03,5.1,2.1,2.5
2002-12-04,2.5,1.1,0.0
2002-12-05,0.4,0.3,0.0
2002-12-06,12.3,11.7,9.8
2002-12-07,2.0,10.8,9.2
2002-12-08,5.0,1.5,2.0
2002-12-09,0.0,1.6,2.0
2002-12-10,12.1,15.0,12.3
2002-12-11,4.5,8.2,8.2
2002-12-12,2.4,26.3,27.3
2002-12-13,13.4,10.5,10.4
2002-12-14,8.8,60.3,56.2
2002-12-15,0.3,5.0,5.2
2002-12-16,0.0,8.0,8.0
2002-12-17,0.0,58.6,55.3
2002-12-18,0.0,9.5,9.4
2002-12-19,10.2,8.8,8.8
2002-12-20,0.0,28.8,29.7
2002-12-21,37.3,36.5,30.1
2002-12-22,18.6,40.3,34.9
2002-12-23,0.7,6.7,5.6
2002-12-24,1.1,3.7,3.1
2002-12-25,0.1,10.8,9.0
2002-12-26,17.4,18.9,16.2
2002-12-27,0.5,31.5,24.8
2002-12-28,4.1,31.1,23.8
2002-12-29,0.8,9.0,7.5
2002-12-30,0.0,0.3,0.0
2002-12-31,0.0,0.6,0.0
2003-01-01,0.0,1.2,0.0
2003-01-02,0.0,0.9,0.0
2003-01-03,8.8,0.3,0.0
2003-01-04,0.0,11.5,9.4
2003-01-05,0.3,3.5,3.3
2003-01-06,0.6,1.4,1.3
2003-01-07,10.0,2.2,2.2
2003-01-08,6.3,2.2,2.1
2003-01-09,18.4,1.5,1.4
2003-01-10,37.2,50.0,37.4
2003-01-11,13.9,2.4,2.1
2003-01-12,28.6,0.2,0.0
2003-01-13,4.4,6.4,5.9
2003-01-14,16.1,2.4,2.1
2003-01-15,1.3,1.0,0.0
2003-01-16,0.5,3.6,3.3
2003-01-17,3.6,4.6,4.2
2003-01-18,34.5,4.1,3.8
2003-01-19,10.0,12.4,11.2
2003-01-20,29.8,18.6,18.8
2003-01-21,13.0,9.6,6.9
2003-01-22,3.4,1.3,0.0
2003-01-23,0.0,0.0,0.0
2003-01-24,0.5,2.6,1.2
2003-01-25,19.3,12.0,9.1
2003-01-26,1.6,11.3,8.3
2003-01-27,0.0,1.2,0.0
2003-01-28,0.0,0.1,0.0
2003-01-29,0.0,1.9,1.0
2003-01-30,2.7,54.5,49.6
2003-01-31,49.6,6.4,4.4
2003-02-01,13.7,51.0,37.4
2003-02-02,7.1,8.9,6.0
2003-02-03,0.0,21.4,16.3
2003-02-04,2.5,15.3,10.3
2003-02-05,3.8,6.7,4.6
2003-02-06,0.0,0.2,0.0
2003-02-07,0.0,8.2,5.6
2003-02-08,25.4,2.9,1.8
2003-02-09,0.4,0.0,0.0
2003-02-10,0.0,6.9,4.7
2003-02-11,9.4,67.6,41.7
2003-02-12,23.5,22.5,15.6
2003-02-13,12.3,0.2,0.0
2003-02-14,16.5,0.1,0.0
2003-02-15,11.7,1.5,0.0
2003-02-16,0.3,8.5,5.8
2003-02-17,14.4,36.8,24.9
2003-02-18,3.6,120.1,50.8
2003-02-19,3.8,2.6,2.4
2003-02-20,3.1,4.6,3.6
2003-02-21,5.4,1.0,0.0
2003-02-22,0.0,10.1,5.8
2003-02-23,0.0,4.7,2.0
2003-02-24,7.7,17.7,11.1
2003-02-25,0.2,0.0,0.0
2003-02-26,0.4,0.0,0.0
2003-02-27,0.0,0.0,0.0
2003-02-28,0.0,0.0,0.0
2003-03-01,0.0,0.8,0.0
2003-03-02,2.6,6.7,5.5
2003-03-03,5.6,0.5,0.0
2003-03-04,0.0,0.0,0.0
2003-03-05,0.0,0.0,0.0
2003-03-06,0.0,0.0,0.0
2003-03-07,0.0,0.0,0.0
2003-03-09,1.8,0.9,0.0
2003-03-10,0.0,0.5,0.0
2003-03-11,4.8,21.1,13.2
2003-03-12,3.0,15.2,9.6
2003-03-13,4.8,37.5,27.2
2003-03-14,24.4,1.0,0.0
2003-03-15,1.5,7.4,4.4
2003-03-16,34.8,16.5,10.2
2003-03-17,12.6,0.6,0.0
2003-03-18,5.6,1.8,1.0
2003-03-19,0.0,41.6,30.7
2003-03-20,18.4,43.8,33.0
2003-03-21,0.4,7.4,4.4
2003-03-22,0.4,2.6,1.5
2003-03-23,0.0,1.7,1.0
2003-03-24,1.5,36.3,25.8
2003-03-25,28.0,19.1,11.6
2003-03-26,50.0,1.5,0.0
2003-03-27,3.2,8.8,5.3
2003-03-28,7.0,6.4,3.8
2003-03-29,0.4,10.2,6.2
2003-03-30,0.0,4.6,2.8
2003-03-31,3.0,13.9,8.4
2003-04-01,26.6,1.0,0.0
2003-04-02,4.8,2.1,0.0
2003-04-03,11.6,38.6,33.4
2003-04-04,4.4,0.4,0.0
2003-04-05,4.0,0.3,0.0
2003-04-06,0.0,3.9,1.6
2003-04-07,1.1,0.2,0.0
2003-04-08,0.3,2.5,1.0
2003-04-09,58.0,0.2,0.0
2003-04-10,6.4,65.7,50.2
2003-04-11,75.5,23.7,25.3
2003-04-12,4.8,6.4,3.0
2003-04-13,0.8,2.4,0.0
2003-04-14,0.7,4.5,1.3
2003-04-15,3.3,15.1,10.7
2003-04-16,5.5,3.8,1.0
2003-04-17,0.0,6.4,3.0
2003-04-18,2.8,13.1,8.9
2003-04-19,0.3,0.8,0.0
2003-04-20,3.2,4.3,1.1
2003-04-21,5.6,6.6,1.8
2003-04-22,17.4,10.6,4.8
2003-04-23,0.3,62.2,50.1
2003-04-24,0.0,0.9,0.0
2003-04-25,0.0,5.6,1.0
2003-04-26,0.3,23.7,15.0
2003-04-27,0.0,0.1,0.0
2003-04-28,0.0,0.5,0.0
2003-04-29,0.0,15.2,8.3
2003-04-30,1.1,18.7,11.1
2003-05-01,27.0,14.3,9.5
2003-05-02,18.6,33.8,21.0
2003-05-03,9.8,62.0,38.4
2003-05-04,30.0,36.5,22.8
2003-05-05,3.2,24.2,14.8
2003-05-06,43.0,52.6,33.0
2003-05-07,5.3,7.5,5.3
2003-05-08,0.0,2.8,1.9
2003-05-09,0.2,44.8,28.0
2003-05-10,0.0,3.3,2.3
2003-05-11,0.0,4.3,4.5
2003-05-12,0.0,5.0,5.2
2003-05-13,0.0,8.3,8.4
2003-05-14,0.0,3.1,3.2
2003-05-15,0.0,8.3,8.4
2003-05-16,0.0,0.4,0.0
2003-05-17,0.0,0.1,0.0
2003-05-18,0.0,0.0,0.0
2003-05-19,0.0,0.0,0.0
2003-05-20,0.0,0.2,0.0
2003-05-21,0.0,0.2,0.0
2003-05-22,0.0,1.7,1.0
2003-05-23,0.0,0.1,0.0
2003-05-24,0.0,0.0,0.0
2003-05-25,0.0,0.0,0.0
2003-05-26,0.0,0.0,0.0
2003-05-27,0.0,0.0,0.0
2003-05-28,0.0,0.3,0.0
2003-05-29,0.0,2.4,1.4
2003-05-30,0.0,3.8,3.0
2003-05-31,0.0,0.4,0.0
2003-06-01,0.0,0.0,0.0
2003-06-02,0.0,0.0,0.0
2003-06-03,0.0,0.2,0.0
2003-06-04,0.0,0.0,0.0
2003-06-05,0.0,0.0,0.0
2003-06-06,1.0,0.1,0.0
2003-06-07,1.1,0.0,0.0
2003-06-08,0.0,0.0,0.0
2003-06-09,0.0,6.7,5.3
2003-06-10,14.9,7.1,5.6
2003-06-11,0.0,1.3,1.0
2003-06-12,6.4,0.2,0.0
2003-06-13,0.0,1.9,1.5
2003-06-14,0.2,12.6,18.1
2003-06-15,6.7,11.9,16.0
2003-06-16,1.0,5.9,6.7
2003-06-17,7.6,0.9,0.0
2003-06-18,14.3,0.6,0.0
2003-06-19,0.0,0.0,0.0
2003-06-20,0.0,7.4,8.7
2003-06-21,8.7,7.9,9.0
2003-06-22,9.6,6.8,7.5
2003-06-23,1.0,2.7,1.9
2003-06-24,9.8,9.4,11.0
2003-06-25,17.4,28.7,41.3
2003-06-26,0.5,3.3,2.8
2003-06-27,10.5,2.5,1.7
2003-06-28,19.6,2.3,1.4
2003-06-29,18.1,2.1,1.1
2003-06-30,42.4,4.1,3.9
2003-07-01,2.7,8.3,9.2
2003-07-02,12.6,0.7,0.0
2003-07-03,39.8,1.4,2.1
2003-07-04,19.8,7.6,8.4
2003-07-05,0.0,2.7,3.6
2003-07-06,0.0,1.2,1.9
2003-07-07,2.6,0.8,0.0
2003-07-08,0.0,0.0,0.0
2003-07-09,1.0,2.8,3.7
2003-07-10,0.6,0.4,0.0
2003-07-11,0.0,14.1,13.9
2003-07-12,0.0,1.3,1.0
2003-07-13,0.0,1.1,1.0
2003-07-14,0.0,0.0,0.0
2003-07-15,0.0,13.6,13.2
2003-07-16,3.7,0.0,0.0
2003-07-17,4.2,0.0,0.0
2003-07-18,7.8,5.8,5.6
2003-07-19,0.1,12.8,12.4
2003-07-20,1.6,10.5,10.5
2003-07-21,0.0,1.2,1.6
2003-07-22,0.0,2.5,3.4
2003-07-23,0.0,9.4,12.3
2003-07-24,0.0,1.4,1.9
2003-07-25,0.0,0.8,1.0
2003-07-26,0.0,0.8,1.0
2003-07-27,6.3,2.7,3.7
2003-07-28,30.0,0.1,0.0
2003-07-29,0.0,1.2,1.5
2003-07-30,1.3,2.5,3.4
2003-07-31,0.0,0.0,0.0
2003-08-01,0.4,0.3,0.0
2003-08-02,0.2,19.4,21.6
2003-08-03,0.0,10.1,10.4
2003-08-04,3.5,11.1,12.1
2003-08-05,0.0,9.3,9.6
2003-08-06,0.0,0.6,0.0
2003-08-07,0.0,0.7,0.0
2003-08-08,0.1,2.3,2.9
2003-08-09,9.7,10.9,11.0
2003-08-10,13.0,2.8,3.4
2003-08-11,43.0,7.0,7.9
2003-08-12,0.0,6.0,6.6
2003-08-13,54.4,16.9,20.6
2003-08-14,27.5,10.4,11.9
2003-08-15,0.0,2.2,1.7
2003-08-16,12.5,25.5,33.0
2003-08-18,0.0,1.5,1.0
2003-08-19,0.0,1.4,1.0
2003-08-20,0.0,5.4,5.9
2003-08-21,0.0,0.0,0.0
2003-08-22,0.0,8.8,8.1
2003-08-23,0.0,0.2,0.0
2003-08-24,0.0,2.7,2.6
2003-08-25,0.0,4.6,4.4
2003-08-26,0.5,1.7,1.6
2003-08-27,7.7,5.3,4.9
2003-08-28,1.0,9.5,8.6
2003-08-29,29.5,28.9,28.6
2003-08-30,8.6,22.1,21.0
2003-08-31,0.0,7.0,6.4
2003-09-01,0.0,3.1,1.0
2003-09-02,0.0,0.0,0.0
2003-09-03,0.0,4.6,2.7
2003-09-04,0.0,3.4,1.1
2003-09-05,0.0,0.0,0.0
2003-09-06,0.0,5.0,3.3
2003-09-07,0.0,27.4,34.8
2003-09-08,1.8,12.8,12.7
2003-09-09,0.0,31.1,38.3
2003-09-10,0.0,10.8,10.4
2003-09-11,0.0,22.7,26.5
2003-09-12,1.7,17.0,16.2
2003-09-13,3.6,46.1,49.1
2003-09-14,2.8,4.2,2.4
2003-09-15,0.0,2.2,0.0
2003-09-16,0.0,3.5,1.6
2003-09-17,0.0,0.9,0.0
2003-09-18,0.0,10.8,9.7
2003-09-19,0.0,13.0,12.1
2003-09-20,3.2,20.3,23.2
2003-09-21,4.7,9.9,10.7
2003-09-22,49.8,15.7,17.3
2003-09-23,0.0,6.7,7.0
2003-09-24,5.3,9.6,10.3
2003-09-25,0.0,4.8,4.7
2003-09-26,0.4,11.8,12.9
2003-09-27,13.0,6.1,6.3
2003-09-28,0.3,10.8,11.7
2003-09-29,20.6,1.4,0.0
2003-09-30,10.4,22.8,26.1
2003-10-01,15.6,16.9,22.7
2003-10-02,1.0,3.5,5.3
2003-10-03,13.8,2.3,3.6
2003-10-04,2.9,4.1,6.0
2003-10-05,2.0,2.7,4.1
2003-10-06,0.4,24.7,35.2
2003-10-07,8.4,3.5,5.3
2003-10-08,17.4,18.2,25.9
2003-10-09,0.1,1.9,3.1
2003-10-10,5.1,1.2,2.2
2003-10-11,1.9,10.0,10.5
2003-10-12,0.0,7.9,8.4
2003-10-13,0.0,0.6,0.0
2003-10-14,0.0,3.2,3.2
2003-10-15,3.6,11.5,12.0
2003-10-16,0.0,0.3,0.0
2003-10-17,0.0,0.2,0.0
2003-10-18,0.0,0.6,0.0
2003-10-19,0.0,8.2,8.7
2003-10-20,0.0,9.5,10.0
2003-10-21,0.0,1.3,1.0
2003-10-22,0.0,7.7,8.1
2003-10-23,29.6,29.4,27.8
2003-10-24,1.4,11.8,12.1
2003-10-25,0.0,0.1,0.0
2003-10-26,0.0,0.0,0.0
2003-10-27,0.0,6.6,6.9
2003-10-28,7.6,7.1,7.5
2003-10-29,17.3,5.4,5.7
2003-10-30,18.8,4.1,4.3
2003-10-31,9.0,10.3,10.6
2003-11-01,62.4,5.3,3.6
2003-11-02,30.1,6.2,4.5
2003-11-03,16.4,12.2,9.5
2003-11-04,10.0,18.8,15.0
2003-11-05,0.8,16.5,13.1
2003-11-06,9.6,0.9,0.0
2003-11-07,1.0,10.2,7.9
2003-11-08,0.5,30.0,25.7
2003-11-09,0.3,3.1,1.6
2003-11-10,0.2,5.4,3.8
2003-11-11,62.7,15.4,10.9
2003-11-12,9.8,20.0,14.5
2003-11-13,14.0,9.3,6.0
2003-11-14,11.8,4.0,1.6
2003-11-15,0.3,7.5,4.5
2003-11-16,0.0,26.7,20.6
2003-11-17,19.6,28.8,23.8
2003-11-18,0.4,14.7,10.3
2003-11-19,0.2,5.2,2.7
2003-11-20,0.3,3.2,1.0
2003-11-21,0.3,4.9,4.1
2003-11-22,0.0,0.7,0.0
2003-11-23,49.8,3.7,2.9
2003-11-24,12.4,15.7,13.7
2003-11-25,3.0,1.5,1.0
2003-11-26,46.5,16.1,14.0
2003-11-27,19.6,14.5,12.6
2003-11-28,37.0,69.2,77.4
2003-11-29,8.5,3.0,2.2
2003-11-30,6.0,22.4,18.9
2003-12-01,3.3,4.1,4.0
2003-12-02,39.2,13.3,11.0
2003-12-03,29.9,1.2,0.0
2003-12-04,10.5,1.4,1.9
2003-12-05,0.6,13.1,10.9
2003-12-06,0.7,27.5,22.1
2003-12-07,7.4,31.3,24.8
2003-12-08,14.2,32.5,26.0
2003-12-09,30.5,9.2,7.9
2003-12-10,2.1,9.9,8.5
2003-12-11,1.0,48.3,48.9
2003-12-12,3.8,10.3,10.2
2003-12-13,0.2,0.2,0.0
2003-12-14,7.8,22.6,21.8
2003-12-15,0.0,5.8,6.0
2003-12-16,18.8,41.6,42.9
2003-12-17,0.0,8.1,8.2
2003-12-18,0.0,2.0,2.4
2003-12-19,0.6,0.4,0.0
2003-12-20,0.0,1.9,2.3
2003-12-21,0.0,0.0,0.0
2003-12-22,0.0,0.2,0.0
2003-12-23,0.0,0.0,0.0
2003-12-24,2.0,0.2,0.0
2003-12-25,3.0,0.3,0.0
2003-12-26,0.0,0.8,0.0
2003-12-27,0.0,7.1,5.9
2003-12-28,0.0,1.7,1.3
2003-12-29,0.0,0.0,0.0
2003-12-30,0.0,0.0,0.0
2003-12-31,0.0,2.3,1.9
2004-01-01,0.0,1.8,1.7
2004-01-02,0.3,4.2,3.8
2004-01-03,1.3,7.9,6.8
2004-01-04,3.2,17.0,13.3
2004-01-05,2.7,5.8,5.1
2004-01-06,5.3,16.1,13.2
2004-01-07,0.0,7.8,6.7
2004-01-08,1.1,1.8,1.7
2004-01-09,0.2,2.2,2.1
2004-01-10,0.0,1.1,0.0
2004-01-11,3.3,23.3,22.6
2004-01-12,14.3,4.8,4.4
2004-01-13,21.0,11.8,10.8
2004-01-14,4.1,12.8,11.7
2004-01-15,0.0,5.7,5.2
2004-01-16,26.8,22.3,21.6
2004-01-17,11.8,7.1,6.6
2004-01-18,0.0,17.1,17.7
2004-01-19,3.1,3.1,2.8
2004-01-20,0.6,18.5,19.0
2004-01-21,4.4,3.5,1.9
2004-01-22,0.0,8.1,5.8
2004-01-24,0.2,0.1,0.0
2004-01-25,0.3,1.3,0.0
2004-01-26,13.3,9.3,6.7
2004-01-27,15.2,6.7,4.6
2004-01-28,6.4,8.4,6.0
2004-01-29,22.1,15.6,11.6
2004-01-30,1.2,1.4,1.0
2004-01-31,0.0,22.0,22.4
2004-02-01,43.1,47.1,35.7
2004-02-03,0.0,0.5,0.0
2004-02-04,0.0,6.1,4.1
2004-02-05,6.0,1.3,0.0
2004-02-06,0.3,3.3,2.1
2004-02-07,0.0,0.8,0.0
2004-02-08,0.0,3.1,1.9
2004-02-09,0.0,18.5,12.2
2004-02-10,0.0,1.7,1.0
2004-02-11,0.9,31.6,21.4
2004-02-12,0.0,12.5,8.1
2004-02-13,0.3,0.2,0.0
2004-02-14,0.0,0.0,0.0
2004-02-15,4.6,0.0,0.0
2004-02-16,15.0,0.3,0.0
2004-02-17,5.9,0.1,0.0
2004-02-18,9.5,15.9,10.2
2004-02-19,6.4,10.4,6.9
2004-02-20,22.9,3.0,2.6
2004-02-21,0.0,4.6,1.9
2004-02-22,33.2,3.3,1.0
2004-02-23,0.1,0.6,0.0
2004-02-24,32.4,0.1,0.0
2004-02-25,6.6,9.6,5.5
2004-02-26,67.6,0.0,0.0
2004-02-27,0.0,3.4,1.0
2004-02-28,8.5,0.9,0.0
2004-02-29,2.3,0.5,0.0
2004-03-01,2.7,3.0,3.1
2004-03-02,15.7,24.7,16.7
2004-03-03,6.0,108.2,146.0
2004-03-04,19.0,11.1,8.6
2004-03-06,0.0,0.4,0.0
2004-03-07,0.0,1.3,0.0
2004-03-08,6.5,9.9,7.7
2004-03-09,1.9,0.2,0.0
2004-03-10,0.0,3.8,3.6
2004-03-11,19.9,20.2,12.7
2004-03-12,0.8,2.7,1.3
2004-03-13,0.0,0.2,0.0
2004-03-14,2.4,91.4,71.5
2004-03-15,18.8,30.6,22.4
2004-03-16,2.4,38.0,27.8
2004-03-17,0.0,3.8,2.0
2004-03-18,0.0,1.0,0.0
2004-03-19,3.6,2.0,1.0
2004-03-20,0.0,0.0,0.0
2004-03-21,0.0,0.0,0.0
2004-03-22,0.0,0.2,0.0
2004-03-23,1.3,0.7,0.0
2004-03-24,4.6,0.2,0.0
2004-03-25,0.0,2.9,1.7
2004-03-26,7.3,9.4,5.7
2004-03-27,0.0,0.0,0.0
2004-03-28,0.0,29.0,20.2
2004-03-29,7.4,32.6,22.5
2004-03-30,1.3,2.2,1.3
2004-03-31,11.0,2.0,1.2
2004-04-01,13.4,1.8,0.0
2004-04-02,2.6,12.7,8.3
2004-04-03,5.5,20.9,14.1
2004-04-04,26.4,1.9,0.0
2004-04-05,40.5,0.0,0.0
2004-04-06,0.7,7.2,4.2
2004-04-07,60.0,13.4,8.8
2004-04-08,3.2,2.3,1.0
2004-04-09,0.0,0.0,0.0
2004-04-10,0.0,0.3,0.0
2004-04-11,0.0,2.2,0.0
2004-04-12,0.0,0.4,0.0
2004-04-13,0.0,4.1,1.0
2004-04-14,4.0,7.2,3.6
2004-04-15,19.1,29.9,32.9
2004-04-17,0.0,1.1,0.0
2004-04-18,12.6,1.3,0.0
2004-04-19,5.9,2.1,0.0
2004-04-20,0.0,0.0,0.0
2004-04-21,0.0,1.7,0.0
2004-04-22,5.9,25.4,16.2
2004-04-23,0.6,10.8,5.0
2004-04-24,2.3,0.9,0.0
2004-04-25,1.6,34.8,28.9
2004-04-26,0.1,5.6,1.0
2004-04-27,5.9,4.6,1.0
2004-04-28,0.2,54.3,44.0
2004-04-29,0.0,3.1,0.0
2004-04-30,48.8,62.9,50.5
2004-05-01,3.1,7.1,5.0
2004-05-02,24.7,11.9,8.0
2004-05-03,46.3,10.9,7.4
2004-05-04,3.0,27.7,16.8
2004-05-05,49.5,34.6,22.0
2004-05-06,3.9,43.2,26.8
2004-05-07,0.6,2.0,1.3
2004-05-08,0.0,0.0,0.0
2004-05-09,0.0,0.0,0.0
2004-05-10,0.0,0.0,0.0
2004-05-11,0.0,0.0,0.0
2004-05-12,0.0,0.0,0.0
2004-05-13,0.0,0.6,0.0
2004-05-14,0.0,0.0,0.0
2004-05-15,0.0,0.0,0.0
2004-05-16,0.0,0.0,0.0
2004-05-17,0.0,0.1,0.0
2004-05-18,0.0,0.5,0.0
2004-05-19,1.3,0.0,0.0
2004-05-20,0.0,0.3,0.0
2004-05-21,0.0,4.4,3.7
2004-05-22,0.0,0.9,0.0
2004-05-23,0.6,19.5,21.1
2004-05-24,0.0,1.8,1.0
2004-05-25,0.3,16.0,17.6
2004-05-26,1.4,3.1,2.3
2004-05-27,59.2,19.2,20.8
2004-05-28,2.4,0.5,0.0
2004-05-29,0.4,46.5,51.2
2004-05-30,1.9,8.9,8.3
2004-05-31,0.0,2.1,1.0
2004-06-01,0.0,0.0,0.0
2004-06-02,0.0,4.6,3.0
2004-06-03,0.0,33.7,36.5
2004-06-04,6.0,4.7,3.1
2004-06-05,0.0,11.9,10.8
2004-06-06,0.1,10.3,9.0
2004-06-07,0.0,13.1,11.9
2004-06-08,0.0,5.2,3.6
2004-06-09,0.0,2.4,1.0
2004-06-10,0.0,0.0,0.0
2004-06-11,0.0,0.2,0.0
2004-06-12,0.0,0.6,0.0
2004-06-13,0.0,4.0,4.3
2004-06-14,0.0,1.7,1.1
2004-06-15,0.0,0.6,0.0
2004-06-16,0.0,13.5,18.7
2004-06-17,0.0,4.0,4.3
2004-06-18,0.0,2.8,2.7
2004-06-19,0.0,0.0,0.0
2004-06-20,0.0,0.7,0.0
2004-06-21,0.0,0.6,0.0
2004-06-22,0.0,0.0,0.0
2004-06-23,0.0,0.0,0.0
2004-06-24,0.0,2.9,2.2
2004-06-25,4.9,18.6,23.0
2004-06-26,0.4,8.9,10.4
2004-06-27,0.0,2.5,1.6
2004-06-28,0.0,3.5,3.0
2004-06-29,0.0,4.6,4.5
2004-06-30,0.0,17.7,21.5
2004-07-01,0.0,6.0,6.9
2004-07-02,0.7,2.9,3.7
2004-07-03,1.9,3.2,4.1
2004-07-04,0.0,4.1,5.0
2004-07-05,0.7,4.1,5.1
2004-07-06,0.8,3.8,4.7
2004-07-07,23.0,12.0,12.7
2004-07-08,6.3,1.2,1.9
2004-07-09,20.4,1.0,1.6
2004-07-10,0.7,10.7,11.3
2004-07-11,0.0,3.0,2.7
2004-07-12,0.0,12.8,12.4
2004-07-13,0.0,0.1,0.0
2004-07-15,0.1,11.5,11.9
2004-07-16,81.0,23.9,26.8
2004-07-17,0.1,4.7,4.4
2004-07-18,0.0,0.0,0.0
2004-07-19,0.0,0.4,0.0
2004-07-20,0.0,0.5,0.0
2004-07-21,0.0,21.0,27.8
2004-07-22,0.0,0.0,0.0
2004-07-23,0.0,0.0,0.0
2004-07-25,0.1,5.7,7.7
2004-07-26,2.3,1.3,1.6
2004-07-27,0.1,1.1,1.3
2004-07-28,5.3,1.3,1.7
2004-07-29,0.3,0.8,1.0
2004-07-30,19.6,4.3,5.9
2004-07-31,0.0,0.9,1.0
2004-08-01,0.0,2.3,2.8
2004-08-02,0.0,1.3,1.7
2004-08-03,0.1,0.1,0.0
2004-08-04,0.0,0.0,0.0
2004-08-05,0.0,0.0,0.0
2004-08-06,0.0,0.0,0.0
2004-08-07,0.0,0.6,0.0
2004-08-08,0.0,1.8,2.3
2004-08-09,0.0,0.4,0.0
2004-08-10,0.0,4.4,5.0
2004-08-11,0.3,2.8,2.6
2004-08-12,0.0,14.3,16.8
2004-08-13,0.0,3.7,3.7
2004-08-14,0.9,1.5,1.0
2004-08-15,0.0,0.6,0.0
2004-08-16,0.0,0.0,0.0
2004-08-17,27.2,0.8,0.0
2004-08-18,0.0,14.2,16.1
2004-08-19,0.6,5.6,6.2
2004-08-20,0.0,8.2,9.4
2004-08-21,4.5,11.1,10.0
2004-08-22,0.0,17.2,15.3
2004-08-23,19.8,1.8,1.6
2004-08-24,0.8,15.0,13.3
2004-08-25,1.0,3.8,3.6
2004-08-26,0.0,1.1,0.0
2004-08-27,0.0,1.8,1.6
2004-08-28,0.0,3.1,2.9
2004-08-29,0.2,26.4,25.5
2004-08-30,0.4,0.3,0.0
2004-08-31,1.0,0.2,0.0
2004-09-01,0.0,3.6,1.5
2004-09-02,0.0,2.4,0.0
2004-09-03,6.6,17.5,18.1
2004-09-04,0.1,4.0,2.0
2004-09-05,5.2,0.8,0.0
2004-09-06,0.4,4.5,2.6
2004-09-07,5.6,2.8,1.0
2004-09-08,0.3,8.4,7.5
2004-09-09,0.1,7.4,6.2
2004-09-10,7.2,2.0,0.0
2004-09-11,14.7,0.0,0.0
2004-09-12,0.0,26.4,31.0
2004-09-13,24.3,7.5,6.1
2004-09-14,2.0,4.6,2.9
2004-09-15,6.1,5.8,4.2
2004-09-16,0.5,5.2,3.5
2004-09-17,2.7,26.1,31.0
2004-09-18,15.5,8.5,7.2
2004-09-19,30.5,1.9,0.0
2004-09-20,19.5,2.8,1.0
2004-09-21,1.5,2.7,2.1
2004-09-22,0.4,1.8,1.0
2004-09-23,15.7,5.6,5.7
2004-09-24,7.5,16.9,18.8
2004-09-25,22.4,16.4,18.8
2004-09-26,18.7,17.8,20.2
2004-09-27,29.7,15.8,17.9
2004-09-28,19.4,23.4,26.9
2004-09-29,0.1,3.7,3.5
2004-09-30,0.0,3.1,2.6
2004-10-01,0.0,0.2,0.0
2004-10-02,0.6,0.9,1.7
2004-10-03,0.3,0.2,0.0
2004-10-04,0.0,3.0,4.6
2004-10-05,0.0,0.6,0.0
2004-10-06,0.0,0.4,0.0
2004-10-07,0.0,9.3,12.5
2004-10-08,38.0,62.7,66.0
2004-10-09,0.2,9.4,12.7
2004-10-10,0.5,0.1,0.0
2004-10-11,12.4,0.0,0.0
2004-10-12,23.6,12.9,13.4
2004-10-13,0.1,6.4,6.8
2004-10-14,1.9,1.4,1.0
2004-10-15,22.0,0.7,0.0
2004-10-16,4.5,1.6,1.2
2004-10-17,2.0,5.3,5.6
2004-10-18,34.7,33.3,39.4
2004-10-19,3.6,23.4,28.7
2004-10-20,29.7,0.0,0.0
2004-10-21,20.2,20.4,20.8
2004-10-22,5.3,6.6,7.0
2004-10-23,66.5,34.8,32.8
2004-10-24,0.2,0.9,0.0
2004-10-25,21.5,0.6,0.0
2004-10-26,5.5,8.3,8.6
2004-10-27,6.1,10.6,10.9
2004-10-28,32.8,32.7,30.9
2004-10-29,13.2,1.8,1.5
2004-10-30,22.1,3.0,3.0
2004-10-31,0.0,8.5,8.8
2004-11-01,105.0,114.3,61.0
2004-11-02,4.0,2.3,1.0
2004-11-03,0.3,16.5,13.1
2004-11-04,14.5,8.9,6.8
2004-11-05,12.5,29.7,25.5
2004-11-06,47.6,13.9,11.0
2004-11-07,0.3,17.8,14.2
2004-11-08,0.0,4.4,2.8
2004-11-09,13.7,5.7,4.1
2004-11-10,0.0,0.6,0.0
2004-11-11,28.0,17.8,12.8
2004-11-12,13.6,8.3,5.1
2004-11-13,0.3,42.2,34.4
2004-11-14,0.7,8.1,5.0
2004-11-15,11.2,8.1,5.0
2004-11-16,0.9,12.4,8.5
2004-11-17,5.9,1.9,0.0
2004-11-18,0.1,1.2,0.0
2004-11-19,0.0,0.0,0.0
2004-11-20,0.0,2.5,1.0
2004-11-21,0.0,3.9,3.1
2004-11-22,27.9,19.5,16.8
2004-11-23,0.1,8.9,7.7
2004-11-24,15.1,41.6,35.6
2004-11-25,16.8,1.4,1.0
2004-11-26,0.4,28.4,23.2
2004-11-27,1.3,25.7,21.1
2004-11-28,3.0,5.9,5.0
2004-11-29,55.0,0.2,0.0
2004-11-30,28.5,4.9,4.0
2004-12-01,0.0,0.7,0.0
2004-12-02,0.0,0.8,0.0
2004-12-03,0.0,3.7,3.7
2004-12-04,15.8,4.6,4.4
2004-12-05,22.6,5.2,4.9
2004-12-06,7.7,30.3,24.3
2004-12-07,10.5,5.2,4.9
2004-12-08,0.5,6.8,6.1
2004-12-09,8.9,6.4,5.8
2004-12-10,21.6,23.6,18.2
2004-12-11,20.6,4.1,4.3
2004-12-12,6.2,5.0,5.2
2004-12-13,4.3,0.8,0.0
2004-12-14,3.7,13.3,12.9
2004-12-15,0.0,0.2,0.0
2004-12-16,0.0,8.8,8.8
2004-12-17,12.9,10.4,10.3
2004-12-18,9.6,13.0,12.7
2004-12-19,4.8,89.5,66.4
2004-12-20,7.6,3.8,4.1
2004-12-21,13.5,1.1,0.0
2004-12-22,0.0,4.2,3.5
2004-12-23,0.0,4.3,3.6
2004-12-24,0.0,25.0,20.1
2004-12-25,12.0,50.2,44.7
2004-12-26,0.0,1.5,1.2
2004-12-27,7.5,3.2,2.7
2004-12-28,0.0,1.6,1.3
2004-12-29,1.6,2.6,2.2
2004-12-30,5.2,0.5,0.0
2004-12-31,2.8,1.2,0.0
2005-01-01,1.8,20.5,15.7
2005-01-02,0.6,25.8,20.6
2005-01-03,4.5,7.0,6.1
2005-01-04,16.2,8.8,7.4
2005-01-06,0.4,33.9,26.8
2005-01-07,0.9,3.3,3.1
2005-01-08,4.8,4.5,4.2
2005-01-09,26.5,17.8,14.0
2005-01-10,2.1,2.7,2.6
2005-01-11,6.2,0.1,0.0
2005-01-12,7.0,0.0,0.0
2005-01-13,14.5,0.6,0.0
2005-01-14,1.7,3.2,2.9
2005-01-15,6.5,3.2,2.9
2005-01-16,2.0,0.8,0.0
2005-01-17,22.5,25.7,24.8
2005-01-18,6.2,10.5,9.6
2005-01-19,21.0,0.0,0.0
2005-01-20,0.0,9.7,8.7
2005-01-21,0.0,4.0,2.4
2005-01-22,0.0,0.0,0.0
2005-01-23,0.0,2.4,1.0
2005-01-24,0.0,0.6,0.0
2005-01-25,0.0,0.0,0.0
2005-01-26,0.0,1.3,0.0
2005-01-27,0.0,17.0,12.6
2005-01-28,12.3,4.7,3.0
2005-01-29,0.0,4.6,2.9
2005-01-30,0.0,0.0,0.0
2005-01-31,0.0,1.0,0.0
2005-02-02,0.0,7.6,5.2
2005-02-03,0.0,30.4,23.6
2005-02-04,0.4,2.3,1.3
2005-02-05,12.9,8.5,5.8
2005-02-06,0.0,21.3,15.9
2005-02-07,0.0,0.0,0.0
2005-02-08,0.0,0.0,0.0
2005-02-09,0.4,0.2,0.0
2005-02-10,1.2,0.3,0.0
2005-02-11,0.0,0.1,0.0
2005-02-12,0.0,17.7,10.9
2005-02-13,0.0,2.3,2.2
2005-02-14,0.0,0.1,0.0
2005-02-15,0.0,1.4,0.0
2005-02-16,0.0,24.2,16.7
2005-02-17,4.6,3.2,2.7
2005-02-19,0.0,2.4,2.2
2005-02-20,1.5,0.0,0.0
2005-02-21,0.0,0.0,0.0
2005-02-22,0.0,0.0,0.0
2005-02-23,0.0,0.0,0.0
2005-02-24,0.0,0.4,0.0
2005-02-25,88.0,24.2,21.4
2005-02-26,15.0,5.8,2.8
2005-02-27,1.2,22.2,19.4
2005-02-28,0.0,5.0,2.2
2005-03-01,0.0,56.7,46.9
2005-03-02,0.0,0.8,0.0
2005-03-03,0.0,6.8,5.6
2005-03-04,0.9,20.0,14.7
2005-03-05,0.0,18.4,13.5
2005-03-06,0.0,0.0,0.0
2005-03-07,0.0,0.5,0.0
2005-03-08,0.0,1.2,0.0
2005-03-09,0.0,0.3,0.0
2005-03-10,1.0,2.1,2.5
2005-03-11,1.3,3.2,1.6
2005-03-12,9.2,0.0,0.0
2005-03-13,1.2,4.3,2.4
2005-03-14,32.0,3.2,1.6
2005-03-15,0.0,0.0,0.0
2005-03-16,0.0,7.5,4.4
2005-03-17,0.0,1.4,0.0
2005-03-18,1.0,1.9,1.0
2005-03-19,3.7,46.1,35.0
2005-03-20,0.0,20.2,12.4
2005-03-21,0.0,24.9,15.3
2005-03-22,28.4,47.0,34.0
2005-03-23,0.5,0.9,0.0
2005-03-24,0.0,7.9,4.8
2005-03-25,1.5,1.8,1.0
2005-03-26,21.5,18.3,11.2
2005-03-27,32.6,27.4,18.5
2005-03-28,63.5,49.7,35.7
2005-03-29,2.2,7.5,4.5
2005-03-30,1.3,0.6,0.0
2005-03-31,12.9,1.6,1.0
2005-04-01,0.6,17.6,11.7
2005-04-02,35.0,8.2,5.0
2005-04-03,18.5,24.7,15.8
2005-04-04,0.0,0.0,0.0
2005-04-05,12.0,0.5,0.0
2005-04-06,39.2,25.1,16.3
2005-04-07,2.6,4.4,2.1
2005-04-08,9.6,9.8,6.2
2005-04-09,0.0,12.3,8.0
2005-04-10,0.5,1.4,0.0
2005-04-11,1.6,0.0,0.0
2005-04-12,1.3,20.3,20.1
2005-04-13,0.0,34.4,37.5
2005-04-14,0.6,10.2,6.3
2005-04-15,11.3,30.5,33.8
2005-04-16,8.0,42.5,44.6
2005-04-17,1.2,16.6,11.9
2005-04-18,0.0,0.9,0.0
2005-04-19,0.0,0.0,0.0
2005-04-20,0.0,3.1,0.0
2005-04-21,0.0,0.1,0.0
2005-04-22,0.0,18.3,10.8
2005-04-23,0.0,5.9,1.2
2005-04-24,84.0,15.2,8.4
2005-04-25,0.0,17.5,10.2
2005-04-26,0.0,17.2,10.0
2005-04-27,1.5,30.9,25.8
2005-04-28,0.6,5.7,1.1
2005-04-29,0.0,18.6,11.1
2005-04-30,0.0,28.7,24.1
2005-05-01,19.8,6.6,4.7
2005-05-02,0.6,0.2,0.0
2005-05-03,13.3,80.5,50.3
2005-05-04,0.0,21.8,13.6
2005-05-05,14.3,7.0,5.0
2005-05-06,0.0,5.7,4.1
2005-05-07,10.2,19.1,12.2
2005-05-08,0.0,6.7,4.8
2005-05-09,0.0,18.2,11.6
2005-05-10,0.0,16.5,10.7
2005-05-11,0.0,2.8,2.9
2005-05-13,0.0,1.7,1.7
2005-05-14,0.0,3.9,4.1
2005-05-15,0.0,2.4,2.5
2005-05-16,0.8,0.2,0.0
2005-05-17,3.5,2.0,2.1
2005-05-18,10.7,0.5,0.0
2005-05-19,0.5,0.0,0.0
2005-05-20,0.0,3.8,4.0
2005-05-21,0.0,0.0,0.0
2005-05-22,0.0,0.2,0.0
2005-05-23,1.5,0.1,0.0
2005-05-24,11.8,0.0,0.0
2005-05-25,2.5,0.0,0.0
2005-05-26,0.0,1.2,0.0
2005-05-28,15.2,6.9,6.3
2005-05-29,0.0,1.2,0.0
2005-05-30,1.7,0.0,0.0
2005-05-31,0.0,2.0,1.0
2005-06-01,0.0,0.4,0.0
2005-06-02,0.0,0.4,0.0
2005-06-03,0.0,0.7,0.0
2005-06-05,0.0,1.2,0.0
2005-06-07,9.5,15.5,14.6
2005-06-08,0.0,6.6,5.1
2005-06-10,0.0,1.3,0.0
2005-06-11,0.0,3.9,4.1
2005-06-12,3.3,4.5,5.0
2005-06-13,0.1,18.1,26.8
2005-06-14,4.3,4.0,4.3
2005-06-15,0.0,1.1,1.0
2005-06-16,0.0,2.4,2.2
2005-06-17,0.3,2.5,2.3
2005-06-19,0.0,2.0,1.6
2005-06-20,0.0,0.7,0.0
2005-06-21,0.0,0.0,0.0
2005-06-22,0.0,0.2,0.0
2005-06-23,0.0,0.3,0.0
2005-06-24,0.0,0.7,0.0
2005-06-26,1.9,1.1,0.0
2005-06-28,12.5,5.8,6.1
2005-06-29,2.0,4.3,4.1
2005-06-30,4.3,0.5,0.0
2005-07-01,0.0,2.3,3.2
2005-07-02,1.8,1.5,2.3
2005-07-03,4.2,2.5,3.3
2005-07-04,0.0,2.7,3.5
2005-07-05,0.0,8.1,9.0
2005-07-06,0.0,0.0,0.0
2005-07-07,0.0,0.5,0.0
2005-07-08,0.0,5.6,6.5
2005-07-09,13.5,0.7,0.0
2005-07-10,0.5,0.4,0.0
2005-07-11,52.0,6.7,6.4
2005-07-12,3.4,3.1,2.8
2005-07-13,0.4,30.0,32.7
2005-07-14,25.0,13.6,13.7
2005-07-15,5.0,4.7,4.4
2005-07-17,2.0,10.5,10.4
2005-07-18,0.0,8.6,8.3
2005-07-19,0.0,33.7,36.1
2005-07-20,9.8,10.4,10.4
2005-07-21,0.0,1.1,1.4
2005-07-22,0.0,7.0,9.4
2005-07-23,4.6,8.1,10.6
2005-07-24,0.0,8.9,11.5
2005-07-25,1.4,0.2,0.0
2005-07-26,0.0,0.7,0.0
2005-07-27,0.0,0.6,0.0
2005-07-28,0.0,0.1,0.0
2005-07-29,0.0,0.9,1.1
2005-07-30,0.0,1.4,1.8
2005-07-31,0.0,2.7,3.7
2005-08-01,0.0,0.4,0.0
2005-08-02,0.0,3.9,4.4
2005-08-03,0.0,0.2,0.0
2005-08-04,0.0,0.0,0.0
2005-08-05,0.0,0.2,0.0
2005-08-06,0.0,0.4,0.0
2005-08-07,0.0,0.8,0.0
2005-08-08,0.0,1.4,1.8
2005-08-11,0.0,10.2,11.7
2005-08-12,0.0,1.9,1.2
2005-08-13,0.0,3.2,3.1
2005-08-14,0.0,3.7,3.7
2005-08-15,0.0,0.3,0.0
2005-08-16,0.6,8.4,9.6
2005-08-17,55.5,5.1,5.6
2005-08-18,0.0,7.2,8.1
2005-08-19,13.1,7.3,8.3
2005-08-20,31.5,5.6,6.1
2005-08-21,18.6,15.0,13.3
2005-08-22,1.6,2.2,2.0
2005-08-23,2.6,3.5,3.3
2005-08-24,26.9,64.2,63.4
2005-08-25,43.4,10.7,9.6
2005-08-26,30.0,22.3,21.6
2005-08-28,0.0,4.9,4.6
2005-08-29,1.9,10.4,9.4
2005-08-30,1.0,19.3,17.0
2005-08-31,4.7,34.0,34.0
2005-09-01,5.2,65.8,56.4
2005-09-02,0.0,7.3,6.1
2005-09-03,0.0,17.8,22.9
2005-09-04,0.0,11.5,11.2
2005-09-06,0.0,3.9,1.8
2005-09-08,0.3,1.6,0.0
2005-09-09,0.0,0.0,0.0
2005-09-10,0.0,0.1,0.0
2005-09-11,0.0,0.4,0.0
2005-09-12,0.0,5.0,3.4
2005-09-13,41.0,5.8,4.2
2005-09-14,2.4,0.3,0.0
2005-09-15,0.0,0.3,0.0
2005-09-16,0.0,4.2,2.5
2005-09-17,0.0,5.7,4.1
2005-09-18,3.0,24.0,28.0
2005-09-19,0.2,17.7,19.3
2005-09-20,9.5,2.1,0.0
2005-09-21,0.1,10.5,11.4
2005-09-22,5.5,1.0,0.0
2005-09-23,0.3,0.4,0.0
2005-09-24,16.0,21.6,24.0
2005-09-25,0.0,5.4,5.5
2005-09-26,0.0,6.6,6.9
2005-09-27,2.6,0.6,0.0
2005-09-28,0.3,0.8,0.0
2005-09-29,11.4,1.3,0.0
2005-09-30,11.4,12.6,13.7
2005-10-01,28.5,0.4,0.0
2005-10-02,32.6,18.1,26.1
2005-10-03,0.1,23.3,33.3
2005-10-04,0.4,1.0,1.8
2005-10-05,0.0,1.5,2.5
2005-10-07,0.0,0.9,1.7
2005-10-09,21.5,57.8,64.6
2005-10-10,3.6,17.7,25.9
2005-10-11,9.7,11.5,12.0
2005-10-12,10.2,1.8,1.4
2005-10-13,28.6,13.9,14.4
2005-10-14,47.8,34.5,40.2
2005-10-15,6.3,24.2,28.6
2005-10-16,6.0,9.3,9.8
2005-10-17,21.2,10.0,10.6
2005-10-18,3.4,9.7,10.2
2005-10-19,16.6,20.7,25.4
2005-10-20,31.0,18.5,19.8
2005-10-21,37.5,55.9,50.8
2005-10-22,0.0,8.8,9.2
2005-10-23,1.8,1.4,1.0
2005-10-24,9.3,13.8,14.1
2005-10-25,17.8,4.0,4.2
2005-10-27,0.4,8.6,9.0
2005-10-28,0.0,21.6,21.1
2005-10-29,0.3,31.1,29.3
2005-10-30,2.1,29.0,28.3
2005-10-31,2.6,26.3,25.0
2005-11-01,2.3,16.6,13.2
2005-11-02,41.8,40.4,36.3
2005-11-03,5.5,3.2,1.7
2005-11-04,0.0,3.2,1.7
2005-11-05,0.5,1.5,0.0
2005-11-07,0.0,1.5,0.0
2005-11-09,2.2,8.5,6.4
2005-11-10,8.0,56.1,46.4
2005-11-11,15.4,27.0,20.5
2005-11-12,25.9,13.4,9.2
2005-11-13,19.3,18.4,13.3
2005-11-14,8.8,40.4,32.4
2005-11-15,16.3,30.0,24.3
2005-11-16,0.5,15.4,10.9
2005-11-17,9.8,7.9,4.8
2005-11-18,0.1,0.9,0.0
2005-11-19,18.9,10.7,7.1
2005-11-20,12.6,10.4,6.9
2005-11-21,13.0,4.7,3.9
2005-11-22,3.6,2.4,1.5
2005-11-23,4.3,48.9,44.9
2005-11-24,3.4,1.3,1.0
2005-11-25,0.2,17.0,14.7
2005-11-26,0.0,8.2,7.1
2005-11-27,1.9,2.4,1.5
2005-11-28,13.0,2.4,1.5
2005-11-29,19.0,53.2,50.4
2005-11-30,3.3,1.8,1.0
2005-12-01,0.3,41.2,31.9
2005-12-02,1.9,8.1,7.1
2005-12-03,0.2,4.5,4.4
2005-12-04,6.8,22.8,18.2
2005-12-05,0.1,4.5,4.3
2005-12-06,35.7,0.0,0.0
2005-12-07,1.6,1.4,1.9
2005-12-08,1.8,9.1,7.9
2005-12-09,15.5,3.5,3.6
2005-12-10,8.5,23.8,19.1
2005-12-11,9.2,62.1,57.3
2005-12-12,4.4,7.4,7.5
2005-12-13,3.8,17.5,16.8
2005-12-14,0.5,15.9,15.3
2005-12-15,0.0,0.9,0.0
2005-12-16,0.0,0.4,0.0
2005-12-17,0.0,6.1,6.2
2005-12-18,0.0,0.1,0.0
2005-12-19,0.3,0.4,0.0
2005-12-20,0.5,0.8,0.0
2005-12-21,0.6,0.2,0.0
2005-12-22,7.0,4.2,3.5
2005-12-23,10.4,10.9,9.0
2005-12-24,2.8,5.7,4.7
2005-12-25,1.0,1.3,1.1
2005-12-26,0.0,0.0,0.0
2005-12-27,0.9,1.9,1.5
2005-12-28,0.1,3.0,2.5
2005-12-29,3.5,0.8,0.0
2005-12-30,0.0,1.4,1.1
2006-01-01,12.9,81.0,50.0
2006-01-02,45.0,13.1,10.6
2006-01-03,37.8,1.4,1.3
2006-01-05,12.0,0.9,0.0
2006-01-06,22.4,4.2,3.9
2006-01-07,2.5,5.9,5.2
2006-01-08,4.0,3.9,3.6
2006-01-09,4.8,9.1,7.7
2006-01-10,5.1,39.2,30.6
2006-01-11,3.0,36.6,35.8
2006-01-12,15.8,0.2,0.0
2006-01-13,14.0,67.4,57.3
2006-01-14,4.4,2.5,2.2
2006-01-15,10.5,5.3,4.9
2006-01-16,0.0,3.9,3.6
2006-01-17,0.0,9.3,8.6
2006-01-18,1.1,5.0,4.6
2006-01-19,0.0,0.7,0.0
2006-01-20,0.3,0.1,0.0
2006-01-21,1.4,0.4,0.0
2006-01-22,0.0,0.0,0.0
2006-01-23,0.0,0.0,0.0
2006-01-24,0.0,1.2,0.0
2006-01-25,0.0,0.3,0.0
2006-01-26,0.0,0.0,0.0
2006-01-27,0.0,0.0,0.0
2006-01-28,0.0,0.0,0.0
2006-01-29,0.0,0.0,0.0
2006-01-30,0.0,0.0,0.0
2006-01-31,0.0,0.0,0.0
2006-02-01,0.1,1.5,1.0
2006-02-02,0.0,0.2,0.0
2006-02-03,1.0,2.0,1.1
2006-02-04,0.0,9.3,6.4
2006-02-05,0.6,2.8,1.8
2006-02-06,0.0,0.5,0.0
2006-02-07,2.5,4.7,3.1
2006-02-08,0.3,0.0,0.0
2006-02-09,12.3,0.2,0.0
2006-02-10,0.0,9.7,6.6
2006-02-11,6.5,2.3,2.2
2006-02-12,33.1,3.9,3.1
2006-02-13,4.3,3.1,2.6
2006-02-14,0.0,1.3,0.0
2006-02-15,24.4,9.9,6.6
2006-02-16,12.9,20.5,12.4
2006-02-17,3.1,7.5,5.2
2006-02-19,0.0,31.9,21.8
2006-02-20,0.6,0.3,0.0
2006-02-21,1.1,6.3,3.1
2006-02-22,0.3,8.9,5.0
2006-02-23,0.0,0.1,0.0
2006-02-24,8.2,83.6,36.0
2006-02-25,7.6,42.9,32.9
2006-02-27,0.0,0.6,0.0
2006-02-28,0.0,0.1,0.0
2006-03-01,0.0,0.0,0.0
2006-03-02,0.0,0.2,0.0
2006-03-03,0.0,34.5,23.0
2006-03-04,0.2,0.2,0.0
2006-03-05,3.5,0.0,0.0
2006-03-06,0.0,0.0,0.0
2006-03-07,0.0,78.1,86.0
2006-03-08,0.0,0.0,0.0
2006-03-09,0.0,16.3,12.2
2006-03-10,0.0,0.3,0.0
2006-03-11,0.0,7.2,4.2
2006-03-12,22.3,6.5,3.8
2006-03-15,0.7,1.1,0.0
2006-03-16,0.0,0.4,0.0
2006-03-17,0.0,5.1,2.9
2006-03-20,10.4,6.3,3.7
2006-03-21,12.0,41.5,29.5
2006-03-22,8.3,19.9,12.7
2006-03-23,4.2,28.4,20.3
2006-03-25,0.0,2.2,1.3
2006-03-26,0.0,16.5,10.1
2006-03-27,0.0,1.0,0.0
2006-03-28,0.0,0.7,0.0
2006-03-29,0.6,0.0,0.0
2006-03-30,0.3,1.5,0.0
2006-04-01,0.0,8.5,5.2
2006-04-02,11.0,0.8,0.0
2006-04-03,0.0,0.9,0.0
2006-04-04,0.0,0.0,0.0
2006-04-05,0.0,0.1,0.0
2006-04-06,1.2,4.0,1.8
2006-04-07,1.8,0.0,0.0
2006-04-08,13.4,5.6,3.0
2006-04-09,4.7,0.0,0.0
2006-04-10,26.0,3.9,1.6
2006-04-11,8.0,3.9,1.0
2006-04-12,4.4,3.5,1.0
2006-04-13,3.1,0.4,0.0
2006-04-14,2.4,0.2,0.0
2006-04-15,0.2,37.0,40.5
2006-04-16,14.5,12.6,8.4
2006-04-17,0.0,3.3,1.0
2006-04-18,0.5,10.5,6.6
2006-04-19,8.7,19.1,18.8
2006-04-20,14.6,14.5,10.1
2006-04-21,1.2,12.0,5.9
2006-04-22,0.0,11.8,5.7
2006-04-23,2.0,4.1,0.0
2006-04-24,0.2,1.2,0.0
2006-04-25,0.0,0.0,0.0
2006-04-26,1.4,3.4,0.0
2006-04-27,0.0,1.7,0.0
2006-04-28,6.2,6.0,1.3
2006-04-29,0.0,0.4,0.0
2006-04-30,12.0,1.2,0.0
2006-05-01,2.9,5.8,4.2
2006-05-02,26.5,2.4,1.6
2006-05-03,0.0,1.8,1.1
2006-05-04,1.8,25.3,16.0
2006-05-05,8.6,82.5,51.4
2006-05-06,6.7,6.2,4.4
2006-05-07,0.2,0.2,0.0
2006-05-08,0.0,0.0,0.0
2006-05-09,0.5,0.7,0.0
2006-05-10,0.0,4.0,2.8
2006-05-11,7.8,0.7,0.0
2006-05-12,62.0,0.0,0.0
2006-05-13,9.0,1.5,1.5
2006-05-14,15.4,35.1,33.9
2006-05-15,0.0,24.8,23.2
2006-05-16,3.9,2.4,2.5
2006-05-17,23.6,28.4,27.7
2006-05-18,0.0,2.3,2.4
2006-05-19,0.0,1.2,1.1
2006-05-20,0.0,4.0,4.2
2006-05-21,3.1,6.5,5.9
2006-05-22,1.8,15.1,16.7
2006-05-23,0.0,9.2,8.6
2006-05-24,0.0,2.6,1.6
2006-05-25,0.0,0.0,0.0
2006-05-26,0.0,0.6,0.0
2006-05-27,21.5,6.6,6.0
2006-05-28,1.6,0.9,0.0
2006-05-29,19.8,0.9,0.0
2006-05-30,0.0,0.0,0.0
2006-05-31,0.0,0.0,0.0
2006-06-01,0.4,0.0,0.0
2006-06-02,0.0,0.0,0.0
2006-06-03,5.0,1.1,0.0
2006-06-04,0.0,1.7,0.0
2006-06-05,3.3,7.4,6.0
2006-06-06,0.1,3.7,2.0
2006-06-07,4.3,3.3,1.5
2006-06-08,34.8,0.4,0.0
2006-06-09,0.0,0.2,0.0
2006-06-10,2.3,0.7,0.0
2006-06-11,0.8,4.8,5.4
2006-06-12,34.7,8.4,9.9
2006-06-13,1.3,16.3,23.7
2006-06-14,2.0,2.9,2.8
2006-06-15,7.7,0.3,0.0
2006-06-16,2.2,9.0,10.8
2006-06-17,39.2,19.5,28.9
2006-06-18,7.1,19.0,29.3
2006-06-19,13.9,17.0,25.7
2006-06-20,0.0,9.1,10.8
2006-06-21,0.9,14.8,19.2
2006-06-22,2.0,18.2,22.3
2006-06-23,2.3,1.8,1.0
2006-06-24,0.0,6.7,7.4
2006-06-25,0.0,3.7,3.3
2006-06-26,0.0,0.2,0.0
2006-06-27,0.0,5.9,6.2
2006-06-28,0.0,0.5,0.0
2006-06-29,0.0,0.0,0.0
2006-06-30,0.0,0.8,0.0
2006-07-01,0.0,0.7,0.0
2006-07-02,0.2,13.2,14.0
2006-07-03,0.0,0.0,0.0
2006-07-04,1.6,1.4,2.1
2006-07-05,0.0,1.3,2.0
2006-07-06,0.0,0.7,0.0
2006-07-07,0.0,8.4,9.2
2006-07-08,0.0,13.3,14.1
2006-07-09,0.2,25.9,27.5
2006-07-10,3.6,45.5,49.2
2006-07-11,0.0,11.7,11.3
2006-07-12,1.4,9.1,8.8
2006-07-13,0.1,9.5,9.2
2006-07-14,0.0,2.4,2.0
2006-07-15,0.0,0.1,0.0
2006-07-16,0.0,0.4,0.0
2006-07-17,0.0,3.9,3.6
2006-07-18,0.0,11.9,11.5
2006-07-20,0.0,0.5,0.0
2006-07-21,0.0,0.5,0.0
2006-07-22,0.0,2.3,3.1
2006-07-23,0.0,0.4,0.0
2006-07-24,0.0,2.1,2.9
2006-07-25,0.0,0.9,1.0
2006-07-26,8.0,3.5,4.8
2006-07-27,0.1,3.3,4.5
2006-07-28,0.6,7.5,9.9
2006-07-29,0.6,1.5,2.0
2006-07-30,2.5,3.8,5.3
2006-07-31,0.0,0.9,1.0
2006-08-01,0.1,0.2,0.0
2006-08-02,0.0,13.3,13.0
2006-08-03,0.8,4.2,4.8
2006-08-04,1.0,0.1,0.0
2006-08-05,0.0,1.7,2.1
2006-08-06,2.2,0.2,0.0
2006-08-07,0.0,1.6,2.1
2006-08-08,0.0,0.8,0.0
2006-08-09,0.0,4.4,5.0
2006-08-10,0.0,5.8,6.4
2006-08-11,0.0,3.2,3.1
2006-08-12,0.0,0.4,0.0
2006-08-13,0.0,0.0,0.0
2006-08-14,0.0,4.2,4.4
2006-08-15,0.0,5.2,5.7
2006-08-16,0.0,11.2,12.9
2006-08-17,1.1,3.6,3.6
2006-08-18,2.8,4.2,4.4
2006-08-20,1.1,0.0,0.0
2006-08-21,0.3,0.2,0.0
2006-08-22,9.8,2.1,1.9
2006-08-23,0.0,9.9,9.0
2006-08-24,11.2,8.3,7.6
2006-08-25,8.7,2.9,2.7
2006-08-26,44.7,6.7,6.2
2006-08-27,7.3,4.7,4.4
2006-08-28,3.1,0.5,0.0
2006-08-29,10.4,56.3,56.3
2006-08-30,10.6,3.5,3.3
2006-08-31,0.1,5.3,4.9
2006-09-01,6.7,0.4,0.0
2006-09-02,3.1,2.9,1.0
2006-09-03,0.1,12.2,12.0
2006-09-04,11.0,2.6,0.0
2006-09-05,0.1,3.9,1.9
2006-09-06,26.0,20.1,26.3
2006-09-07,11.6,6.2,4.8
2006-09-09,0.0,16.9,18.4
2006-09-10,13.5,20.3,25.9
2006-09-11,33.8,4.0,2.2
2006-09-12,1.8,6.6,5.1
2006-09-13,3.7,7.8,6.4
2006-09-14,4.1,5.5,3.9
2006-09-15,7.7,15.5,14.7
2006-09-16,56.7,1.9,0.0
2006-09-17,37.8,5.3,3.7
2006-09-18,2.3,5.3,3.7
2006-09-19,0.5,2.5,1.0
2006-09-20,30.4,2.8,1.0
2006-09-21,10.2,3.2,2.8
2006-09-23,0.2,6.2,6.4
2006-09-24,1.0,32.8,40.1
2006-09-26,0.0,6.2,6.4
2006-09-27,0.1,12.4,13.5
2006-09-28,0.0,1.6,1.0
2006-09-29,3.9,39.1,51.4
2006-09-30,0.1,4.8,4.8
2006-10-01,0.9,6.2,8.7
2006-10-02,0.0,12.8,16.9
2006-10-03,5.8,1.3,2.2
2006-10-04,6.2,15.3,19.9
2006-10-05,19.5,8.7,11.9
2006-10-06,4.6,32.6,45.1
2006-10-07,0.0,0.1,0.0
2006-10-08,0.0,0.0,0.0
2006-10-09,0.0,0.0,0.0
2006-10-10,0.0,0.3,0.0
2006-10-11,18.1,0.6,0.0
2006-10-12,33.5,8.3,8.8
2006-10-13,5.9,0.6,0.0
2006-10-14,18.0,9.3,9.8
2006-10-15,29.9,2.1,1.9
2006-10-16,1.8,10.1,10.7
2006-10-17,0.1,20.9,25.0
2006-10-18,0.1,5.3,5.6
2006-10-19,0.3,32.8,38.6
2006-10-20,9.6,13.1,13.6
2006-10-21,6.2,9.1,9.5
2006-10-22,2.7,1.1,1.0
2006-10-23,0.5,9.8,10.1
2006-10-24,53.4,11.3,11.6
2006-10-25,12.5,5.6,5.9
2006-10-26,12.5,30.6,29.2
2006-10-27,14.0,9.8,10.2
2006-10-28,13.4,29.9,28.4
2006-10-29,0.0,13.1,13.4
2006-10-30,1.9,18.9,19.1
2006-10-31,8.1,3.3,3.3
2006-11-01,5.2,4.9,3.3
2006-11-02,0.4,7.9,6.0
2006-11-03,0.9,40.6,35.5
2006-11-04,24.5,5.0,3.4
2006-11-05,1.0,1.3,0.0
2006-11-06,28.0,15.8,12.5
2006-11-07,4.6,1.4,0.0
2006-11-08,3.6,15.7,12.5
2006-11-10,0.8,8.1,6.1
2006-11-11,25.0,33.2,26.6
2006-11-12,6.3,18.7,13.6
2006-11-13,1.8,78.8,71.6
2006-11-14,24.4,10.5,6.9
2006-11-15,1.6,27.9,22.7
2006-11-17,0.2,5.6,2.9
2006-11-18,8.6,6.1,3.4
2006-11-19,6.9,16.4,11.6
2006-11-20,2.5,2.7,1.0
2006-11-21,23.2,99.1,107.7
2006-11-22,28.8,11.1,9.7
2006-11-23,0.5,1.0,0.0
2006-11-24,34.0,15.6,13.5
2006-11-25,0.0,11.7,10.2
2006-11-26,0.5,2.4,1.5
2006-11-27,2.8,3.0,2.1
2006-11-28,39.2,0.9,0.0
2006-11-29,4.9,18.6,16.1
2006-11-30,2.0,3.3,2.5
2006-12-01,15.0,46.5,35.9
2006-12-02,11.5,26.0,21.3
2006-12-03,20.0,2.6,2.8
2006-12-04,5.2,13.2,11.0
2006-12-05,0.0,0.0,0.0
2006-12-06,0.0,0.4,0.0
2006-12-07,0.0,11.6,9.7
2006-12-08,13.3,35.2,27.5
2006-12-09,0.0,11.0,9.3
2006-12-10,0.0,15.1,12.4
2006-12-11,52.2,27.8,28.8
2006-12-12,8.8,10.4,10.2
2006-12-13,28.5,1.0,0.0
2006-12-14,0.5,1.0,0.0
2006-12-15,0.0,2.2,2.6
2006-12-16,15.6,4.0,4.3
2006-12-17,2.6,8.2,8.2
2006-12-18,4.3,32.7,35.2
2006-12-19,2.9,7.6,7.7
2006-12-20,7.1,1.8,2.1
2006-12-21,21.5,3.9,3.2
2006-12-22,7.1,75.6,70.2
2006-12-23,13.0,6.4,5.4
2006-12-24,2.6,3.8,3.2
2006-12-25,0.0,0.5,0.0
2006-12-26,1.0,1.2,0.0
2006-12-27,0.0,34.8,27.7
2006-12-28,5.3,64.5,60.1
2006-12-29,7.3,2.8,2.3
2006-12-30,2.3,7.6,6.4
2006-12-31,0.0,0.6,0.0
2007-01-01,0.0,2.7,2.6
2007-01-02,4.5,10.5,8.7
2007-01-03,0.2,1.0,0.0
2007-01-04,0.0,0.0,0.0
2007-01-05,0.0,2.1,2.0
2007-01-06,0.0,0.0,0.0
2007-01-07,0.0,0.2,0.0
2007-01-08,0.6,0.2,0.0
2007-01-09,29.4,3.6,3.3
2007-01-10,12.0,0.9,0.0
2007-01-11,44.3,15.6,14.4
2007-01-12,0.0,2.2,1.9
2007-01-13,45.3,0.6,0.0
2007-01-14,5.2,1.4,1.1
2007-01-15,0.0,1.3,1.1
2007-01-16,2.6,9.6,8.8
2007-01-17,9.6,1.0,0.0
2007-01-19,1.9,2.2,1.9
2007-01-20,1.2,15.2,14.2
2007-01-21,15.2,6.1,4.1
2007-01-22,9.2,1.6,1.0
2007-01-23,7.5,0.0,0.0
2007-01-24,0.2,0.2,0.0
2007-01-25,16.4,9.1,6.6
2007-01-26,0.3,7.3,5.1
2007-01-27,10.5,18.9,14.5
2007-01-28,7.4,0.5,0.0
2007-01-29,10.4,0.1,0.0
2007-01-30,1.2,0.0,0.0
2007-01-31,0.0,0.2,0.0
2007-02-01,0.0,0.0,0.0
2007-02-02,0.4,8.5,5.8
2007-02-03,0.2,21.3,15.9
2007-02-04,0.0,0.0,0.0
2007-02-05,0.0,0.0,0.0
2007-02-06,0.0,0.0,0.0
2007-02-07,0.0,0.0,0.0
2007-02-08,0.0,0.0,0.0
2007-02-09,0.0,0.0,0.0
2007-02-10,3.2,0.0,0.0
2007-02-11,0.0,1.2,0.0
2007-02-12,0.0,0.4,0.0
2007-02-13,0.1,62.8,39.5
2007-02-14,0.0,0.5,0.0
2007-02-15,0.0,0.0,0.0
2007-02-16,0.0,0.1,0.0
2007-02-17,0.2,0.2,0.0
2007-02-18,6.5,48.5,31.9
2007-02-19,13.2,1.7,1.8
2007-02-20,0.3,0.0,0.0
2007-02-21,9.6,2.7,1.0
2007-02-22,44.3,11.4,6.7
2007-02-23,0.0,0.0,0.0
2007-02-24,0.5,11.9,7.1
2007-02-25,0.0,0.3,0.0
2007-02-26,0.0,16.9,10.4
2007-02-27,0.0,0.3,0.0
2007-02-28,3.5,52.8,34.8
2007-03-01,42.5,9.4,7.4
2007-03-02,13.0,6.9,5.7
2007-03-03,8.8,0.9,0.0
2007-03-04,0.7,3.8,3.6
2007-03-05,0.0,0.5,0.0
2007-03-06,2.0,0.2,0.0
2007-03-07,0.0,0.6,0.0
2007-03-08,1.7,0.0,0.0
2007-03-09,0.0,0.2,0.0
2007-03-10,0.0,0.5,0.0
2007-03-11,0.0,10.4,6.3
2007-03-12,0.0,0.3,0.0
2007-03-13,1.4,5.4,3.0
2007-03-14,7.4,6.9,4.1
2007-03-15,4.5,24.0,17.9
2007-03-16,0.4,17.8,11.1
2007-03-17,5.0,1.4,0.0
2007-03-18,2.6,5.2,3.0
2007-03-19,25.0,94.3,71.5
2007-03-20,0.3,2.8,1.3
2007-03-21,5.5,25.5,16.8
2007-03-22,0.0,0.0,0.0
2007-03-23,0.0,1.6,0.0
2007-03-24,0.0,0.2,0.0
2007-03-25,0.0,0.0,0.0
2007-03-26,0.0,0.1,0.0
2007-03-27,3.6,0.0,0.0
2007-03-28,0.0,0.0,0.0
2007-03-29,0.1,0.6,0.0
2007-03-30,5.0,26.2,17.4
2007-03-31,18.1,6.2,3.7
2007-04-01,17.3,3.9,1.6
2007-04-02,25.6,11.9,7.7
2007-04-03,13.5,21.7,14.8
2007-04-04,3.5,25.7,17.3
2007-04-05,0.0,5.6,3.0
2007-04-06,0.0,0.9,0.0
2007-04-07,0.0,0.0,0.0
2007-04-08,0.0,16.1,10.7
2007-04-09,0.2,13.8,9.1
2007-04-10,1.4,5.5,3.0
2007-04-11,6.7,12.3,8.2
2007-04-12,1.8,35.5,39.0
2007-04-13,7.8,12.9,8.7
2007-04-14,67.4,0.0,0.0
2007-04-15,20.1,65.3,56.4
2007-04-16,5.6,9.8,6.0
2007-04-17,1.6,13.5,9.2
2007-04-18,0.4,1.7,0.0
2007-04-19,4.1,0.1,0.0
2007-04-20,19.0,1.4,0.0
2007-04-21,26.7,0.1,0.0
2007-04-23,0.2,12.5,6.3
2007-04-24,12.5,15.9,8.9
2007-04-25,2.2,10.2,4.5
2007-04-26,4.0,13.1,6.8
2007-04-27,16.5,9.7,4.1
2007-04-28,11.0,7.0,2.1
2007-04-29,0.0,8.8,3.4
2007-04-30,0.0,6.2,1.5
2007-05-01,1.2,21.6,13.6
2007-05-02,0.2,43.6,27.1
2007-05-03,0.0,24.5,16.2
2007-05-04,0.0,2.3,1.5
2007-05-05,0.0,0.2,0.0
2007-05-06,0.0,2.5,1.7
2007-05-07,0.3,10.3,7.1
2007-05-08,105.0,76.0,47.0
2007-05-09,0.8,23.4,14.9
2007-05-10,0.0,15.8,10.3
2007-05-11,0.0,6.9,7.1
2007-05-12,0.0,0.0,0.0
2007-05-13,0.0,0.8,0.0
2007-05-14,0.8,2.7,2.9
2007-05-15,1.0,6.6,6.7
2007-05-16,71.0,5.9,6.1
2007-05-17,21.9,3.0,3.2
2007-05-18,14.8,0.7,0.0
2007-05-19,18.3,0.2,0.0
2007-05-20,1.5,0.7,0.0
2007-05-21,21.5,0.0,0.0
2007-05-22,7.5,11.3,10.9
2007-05-23,34.5,0.3,0.0
2007-05-24,4.0,1.2,0.0
2007-05-25,0.2,9.0,8.4
2007-05-26,0.0,0.0,0.0
2007-05-27,28.0,9.7,9.7
2007-05-28,4.0,40.9,44.4
2007-05-29,29.5,9.1,8.6
2007-05-30,2.1,33.8,36.1
2007-05-31,0.0,0.9,0.0
2007-06-01,12.0,7.5,6.1
2007-06-02,0.0,4.9,3.2
2007-06-03,10.6,66.1,55.4
2007-06-04,0.0,30.6,33.6
2007-06-05,5.5,6.3,4.8
2007-06-06,3.2,11.6,10.6
2007-06-07,3.2,2.0,0.0
2007-06-08,0.0,0.8,0.0
2007-06-09,0.0,1.5,0.0
2007-06-10,14.5,16.1,19.2
2007-06-11,2.2,25.2,36.6
2007-06-12,0.8,3.1,3.1
2007-06-13,5.4,8.4,9.9
2007-06-14,16.2,13.9,19.7
2007-06-15,0.0,3.7,3.9
2007-06-16,43.9,24.6,37.7
2007-06-17,0.3,3.1,3.1
2007-06-18,0.0,2.5,2.3
2007-06-19,2.0,2.1,1.7
2007-06-20,0.0,3.1,3.1
2007-06-21,0.0,17.2,20.5
2007-06-22,0.0,5.2,5.3
2007-06-23,0.0,1.9,1.0
2007-06-24,9.0,46.7,79.2
2007-06-25,0.0,5.5,5.8
2007-06-26,0.0,5.9,6.3
2007-06-27,0.0,13.4,16.3
2007-06-28,0.0,0.3,0.0
2007-06-29,0.0,0.6,0.0
2007-06-30,0.0,0.5,0.0
2007-07-01,0.0,0.0,0.0
2007-07-02,0.0,0.4,0.0
2007-07-03,0.0,0.0,0.0
2007-07-04,0.0,0.0,0.0
2007-07-05,0.0,0.8,0.0
2007-07-07,1.8,8.1,9.0
2007-07-08,1.5,12.3,12.9
2007-07-09,0.0,20.2,21.2
2007-07-10,0.0,0.0,0.0
2007-07-11,0.0,4.8,4.6
2007-07-12,0.0,2.3,1.9
2007-07-13,0.0,3.1,2.7
2007-07-14,0.0,1.3,1.0
2007-07-15,0.0,0.6,0.0
2007-07-16,0.0,2.9,2.6
2007-07-17,0.3,32.4,35.1
2007-07-18,94.0,10.2,10.2
2007-07-19,32.0,4.8,4.6
2007-07-20,0.6,1.6,1.1
2007-07-21,2.5,6.7,8.9
2007-07-22,75.6,39.6,54.0
2007-07-23,18.8,21.6,29.0
2007-07-24,28.2,2.6,3.6
2007-07-25,0.0,0.2,0.0
2007-07-26,23.7,10.4,13.8
2007-07-27,6.5,14.2,18.0
2007-07-28,7.5,9.7,12.8
2007-07-29,0.0,0.0,0.0
2007-07-30,1.0,1.8,2.4
2007-07-31,0.0,0.1,0.0
2007-08-01,0.0,0.7,0.0
2007-08-02,0.0,0.0,0.0
2007-08-03,0.0,1.0,0.0
2007-08-04,6.0,2.1,2.6
2007-08-05,0.0,2.0,2.5
2007-08-06,0.0,0.4,0.0
2007-08-07,0.0,0.3,0.0
2007-08-08,0.0,2.8,3.4
2007-08-09,0.0,9.2,9.5
2007-08-10,0.0,0.6,0.0
2007-08-11,0.0,0.0,0.0
2007-08-12,1.0,7.2,8.1
2007-08-13,4.4,0.2,0.0
2007-08-14,9.0,1.6,1.0
2007-08-16,0.0,3.8,3.8
2007-08-17,0.0,4.6,4.9
2007-08-18,0.0,15.1,17.4
2007-08-19,2.0,5.4,5.9
2007-08-20,0.4,3.6,3.6
2007-08-21,4.3,8.7,7.9
2007-08-23,0.9,0.8,0.0
2007-08-24,53.8,7.9,7.3
2007-08-25,15.2,4.4,4.1
2007-08-26,10.5,4.4,4.1
2007-08-27,35.2,5.5,5.1
2007-08-28,34.2,7.3,6.7
2007-08-29,1.2,3.4,3.2
2007-08-30,1.0,4.7,4.4
2007-08-31,10.3,5.3,5.0
2007-09-01,1.8,6.1,4.6
2007-09-02,45.1,14.5,14.7
2007-09-03,6.5,12.9,12.8
2007-09-04,2.6,0.4,0.0
2007-09-05,0.0,13.8,13.9
2007-09-06,13.5,11.6,11.3
2007-09-07,17.0,63.4,56.9
2007-09-08,2.2,1.3,0.0
2007-09-09,1.2,4.4,2.5
2007-09-10,7.8,1.3,0.0
2007-09-11,0.0,3.3,1.4
2007-09-12,0.0,0.7,0.0
2007-09-13,0.1,15.8,15.3
2007-09-14,3.5,32.0,38.0
2007-09-15,0.4,13.9,13.1
2007-09-16,0.4,1.8,0.0
2007-09-17,0.0,0.7,0.0
2007-09-18,2.2,9.3,8.1
2007-09-20,0.0,0.8,0.0
2007-09-21,0.0,2.5,1.8
2007-09-22,0.0,1.3,0.0
2007-09-23,12.5,0.8,0.0
2007-09-24,68.5,10.1,11.0
2007-09-25,21.8,25.8,30.1
2007-09-26,0.0,11.5,12.5
2007-09-27,0.0,2.4,1.6
2007-09-28,0.0,0.0,0.0
2007-09-29,0.0,1.2,0.0
2007-09-30,0.0,3.2,2.8
2007-10-02,0.0,1.3,2.3
2007-10-03,0.0,0.4,0.0
2007-10-04,0.0,0.0,0.0
2007-10-05,1.5,1.4,2.5
2007-10-07,20.2,16.8,21.4
2007-10-08,5.1,3.5,5.2
2007-10-09,1.7,5.6,8.0
2007-10-10,1.2,11.2,14.9
2007-10-11,0.0,1.6,1.3
2007-10-12,12.4,0.6,0.0
2007-10-13,41.5,5.8,6.2
2007-10-14,62.7,18.7,19.5
2007-10-15,2.3,14.4,14.9
2007-10-16,101.6,5.4,5.7
2007-10-17,10.0,8.5,9.0
2007-10-18,3.2,3.9,4.0
2007-10-19,49.6,12.7,13.2
2007-10-20,23.0,20.9,25.6
2007-10-21,1.8,18.7,18.7
2007-10-22,6.0,22.9,22.7
2007-10-23,2.0,29.1,27.5
2007-10-24,2.1,7.8,8.1
2007-10-25,0.0,3.3,3.3
2007-10-27,0.0,1.5,1.0
2007-10-28,0.0,0.2,0.0
2007-10-29,9.1,1.9,1.7
2007-10-30,0.6,13.2,13.4
2007-10-31,17.4,6.0,6.3
2007-11-01,4.0,1.3,0.0
2007-11-02,1.4,4.9,3.3
2007-11-03,0.4,6.4,4.7
2007-11-04,0.0,2.5,1.0
2007-11-05,0.0,45.3,39.2
2007-11-06,17.7,35.4,30.8
2007-11-07,17.2,24.6,19.7
2007-11-08,1.8,40.6,36.1
2007-11-09,2.8,29.8,25.6
2007-11-10,0.0,6.2,4.5
2007-11-11,0.0,0.8,0.0
2007-11-12,0.0,0.8,0.0
2007-11-13,4.5,1.3,0.0
2007-11-14,45.0,10.0,6.5
2007-11-15,7.5,32.9,26.4
2007-11-16,5.8,14.2,9.9
2007-11-17,1.6,0.1,0.0
2007-11-18,21.8,1.1,0.0
2007-11-19,8.4,31.4,25.6
2007-11-20,3.6,7.4,4.4
2007-11-21,0.0,0.7,0.0
2007-11-22,0.0,0.3,0.0
2007-11-23,0.0,0.1,0.0
2007-11-24,0.0,1.7,1.0
2007-11-25,0.9,0.6,0.0
2007-11-26,4.0,0.1,0.0
2007-11-27,4.5,0.0,0.0
2007-11-28,7.5,1.0,0.0
2007-11-29,15.8,0.2,0.0
2007-11-30,4.0,8.0,7.0
2007-12-01,19.4,31.8,25.0
2007-12-02,21.4,0.3,0.0
2007-12-03,1.3,0.0,0.0
2007-12-04,0.0,0.2,0.0
2007-12-05,5.2,0.2,0.0
2007-12-06,51.5,3.3,3.4
2007-12-07,5.0,3.3,3.4
2007-12-08,0.3,32.0,25.5
2007-12-09,12.0,129.0,58.1
2007-12-10,5.4,14.8,12.1
2007-12-11,38.3,26.7,27.7
2007-12-12,3.8,6.4,6.5
2007-12-13,58.0,92.2,66.3
2007-12-14,17.5,85.3,66.9
2007-12-15,0.0,15.6,15.0
2007-12-16,7.1,0.0,0.0
2007-12-17,9.5,0.2,0.0
2007-12-18,1.2,2.8,3.1
2007-12-19,0.0,0.0,0.0
2007-12-20,44.8,24.5,24.4
2007-12-21,10.0,3.7,3.1
2007-12-22,0.0,0.4,0.0
2007-12-23,0.0,2.5,2.1
2007-12-24,0.0,16.8,14.1
2007-12-25,0.0,9.3,7.8
2007-12-26,44.0,1.5,1.2
2007-12-27,0.0,0.2,0.0
2007-12-28,0.0,2.5,2.1
2007-12-29,0.0,0.1,0.0
2007-12-30,0.0,2.2,1.8
2007-12-31,0.0,0.1,0.0
2008-01-01,0.0,0.4,0.0
2008-01-02,0.0,1.5,1.4
2008-01-03,0.0,0.5,0.0
2008-01-05,26.0,7.5,6.5
2008-01-06,10.5,2.2,2.1
2008-01-07,15.5,2.7,2.6
2008-01-08,35.5,8.1,6.9
2008-01-09,16.0,4.9,4.4
2008-01-10,0.4,7.7,6.7
2008-01-11,0.0,0.1,0.0
2008-01-12,0.4,1.1,0.0
2008-01-13,5.5,0.1,0.0
2008-01-14,23.3,0.0,0.0
2008-01-16,0.0,0.0,0.0
2008-01-17,0.0,0.0,0.0
2008-01-18,1.2,0.7,0.0
2008-01-19,5.8,2.1,1.9
2008-01-20,0.0,5.6,5.2
2008-01-21,0.2,0.0,0.0
2008-01-22,0.0,28.8,30.3
2008-01-23,0.0,33.4,34.5
2008-01-24,12.2,4.8,3.1
2008-01-25,3.2,9.9,7.2
2008-01-26,1.5,2.5,1.0
2008-01-27,0.0,106.2,59.8
2008-01-28,8.0,4.6,2.9
2008-01-29,0.5,15.3,11.4
2008-01-31,1.5,67.1,54.4
2008-02-01,0.8,3.7,2.4
2008-02-02,2.8,3.7,2.4
2008-02-03,8.9,1.4,0.0
2008-02-04,0.0,13.3,9.0
2008-02-05,1.1,1.8,1.0
2008-02-06,0.0,9.8,6.7
2008-02-07,15.0,9.9,6.9
2008-02-08,0.0,0.2,0.0
2008-02-09,0.0,1.3,0.0
2008-02-10,0.0,0.9,0.0
2008-02-11,0.0,0.7,0.0
2008-02-12,0.0,1.4,0.0
2008-02-13,0.0,1.8,1.8
2008-02-14,1.0,4.2,3.3
2008-02-15,0.0,1.5,0.0
2008-02-16,0.0,0.5,0.0
2008-02-17,0.0,2.3,2.2
2008-02-18,0.0,3.7,3.0
2008-02-19,0.0,42.8,28.2
2008-02-20,0.0,0.5,0.0
2008-02-21,0.0,0.3,0.0
2008-02-22,0.0,3.1,1.0
2008-02-23,0.0,0.5,0.0
2008-02-24,0.0,3.2,1.0
2008-02-25,5.8,9.0,5.0
2008-02-26,0.0,8.1,4.4
2008-02-27,2.3,5.6,2.6
2008-02-28,9.6,3.6,1.1
2008-02-29,51.5,16.1,10.7
2008-03-01,3.8,1.3,0.0
2008-03-02,0.6,49.3,38.1
2008-03-03,51.0,1.7,2.2
2008-03-04,1.2,4.1,3.8
2008-03-05,17.5,25.2,16.7
2008-03-07,3.7,13.2,10.0
2008-03-08,6.0,9.9,7.8
2008-03-09,22.0,9.2,7.2
2008-03-10,4.3,1.3,2.0
2008-03-11,27.4,5.0,2.8
2008-03-12,5.8,17.4,11.0
2008-03-13,1.2,8.5,5.1
2008-03-14,47.6,18.9,11.8
2008-03-15,2.8,1.4,0.0
2008-03-16,0.9,1.7,1.0
2008-03-17,8.7,48.4,37.4
2008-03-18,63.8,37.2,27.3
2008-03-19,69.2,6.2,3.6
2008-03-20,0.8,1.4,0.0
2008-03-21,18.5,21.2,13.8
2008-03-22,22.9,19.1,11.7
2008-03-23,5.5,18.5,11.3
2008-03-24,2.0,12.3,7.5
2008-03-25,1.3,100.2,69.3
2008-03-26,14.3,12.8,7.8
2008-03-27,0.0,0.0,0.0
2008-03-28,1.8,0.2,0.0
2008-03-30,10.9,5.3,3.2
2008-03-31,0.0,0.0,0.0
2008-04-01,0.0,2.5,1.0
2008-04-02,0.0,0.2,0.0
2008-04-03,27.0,19.2,12.8
2008-04-04,0.0,1.7,0.0
2008-04-05,7.4,7.8,4.7
2008-04-06,1.0,1.1,0.0
2008-04-07,0.6,3.3,1.2
2008-04-08,10.5,7.1,4.2
2008-04-09,3.5,7.6,4.6
2008-04-10,23.5,7.6,4.5
2008-04-11,5.6,17.2,12.5
2008-04-12,6.2,16.9,12.6
2008-04-13,5.0,3.6,1.0
2008-04-14,0.0,45.6,47.2
2008-04-15,0.0,3.3,1.0
2008-04-16,9.5,0.7,0.0
2008-04-17,15.6,28.5,31.2
2008-04-18,0.0,2.7,0.0
2008-04-19,2.0,25.0,27.2
2008-04-20,10.0,9.8,6.0
2008-04-21,4.0,17.4,10.1
2008-04-22,56.6,13.5,7.1
2008-04-23,64.0,41.9,34.5
2008-04-26,0.0,0.6,0.0
2008-04-27,5.0,0.7,0.0
2008-04-28,0.9,0.7,0.0
2008-04-29,2.6,0.4,0.0
2008-04-30,0.0,0.0,0.0
2008-05-02,0.0,0.6,0.0
2008-05-03,0.0,0.3,0.0
2008-05-04,0.0,0.6,0.0
2008-05-05,3.2,2.4,1.6
2008-05-06,0.0,0.9,0.0
2008-05-07,0.0,0.0,0.0
2008-05-08,0.0,0.2,0.0
2008-05-09,0.0,1.4,0.0
2008-05-10,4.0,5.5,4.0
2008-05-11,0.0,2.0,2.1
2008-05-12,0.3,0.2,0.0
2008-05-13,0.3,1.8,1.8
2008-05-14,0.0,0.0,0.0
2008-05-15,0.0,0.5,0.0
2008-05-16,0.0,0.0,0.0
2008-05-17,0.0,0.0,0.0
2008-05-18,0.0,0.0,0.0
2008-05-19,0.0,0.0,0.0
2008-05-20,0.0,0.0,0.0
2008-05-21,1.7,3.7,3.0
2008-05-22,12.9,12.4,12.1
2008-05-23,8.5,15.9,18.1
2008-05-24,0.2,0.3,0.0
2008-05-25,1.8,0.7,0.0
2008-05-26,1.0,3.5,2.7
2008-05-27,1.7,9.7,9.0
2008-05-28,24.1,5.9,5.3
2008-05-29,0.0,1.6,1.0
2008-05-30,0.8,25.2,26.8
2008-05-31,2.4,1.9,1.0
2008-06-01,1.8,8.0,6.6
2008-06-02,0.3,1.1,0.0
2008-06-04,27.0,16.6,19.4
2008-06-05,20.0,101.1,55.7
2008-06-06,0.2,9.1,7.8
2008-06-08,0.0,2.3,1.0
2008-06-09,16.6,18.1,20.8
2008-06-10,0.0,9.8,8.5
2008-06-11,0.0,7.4,8.7
2008-06-12,0.0,1.1,1.0
2008-06-13,0.0,0.0,0.0
2008-06-14,0.0,0.3,0.0
2008-06-15,0.0,0.5,0.0
2008-06-16,0.3,1.0,0.0
2008-06-17,1.5,5.4,6.0
2008-06-18,0.0,8.6,10.4
2008-06-19,1.3,2.0,1.5
2008-06-20,0.2,4.4,4.8
2008-06-21,2.0,16.3,19.6
2008-06-22,0.5,23.6,30.8
2008-06-23,0.0,8.0,9.2
2008-06-24,0.5,14.9,18.6
2008-06-26,3.0,3.9,3.5
2008-06-27,6.5,12.1,15.0
2008-06-28,0.0,13.8,17.0
2008-06-29,0.0,3.1,2.5
2008-06-30,13.7,11.4,14.1
2008-07-01,0.0,0.1,0.0
2008-07-02,4.2,20.9,22.8
2008-07-03,5.5,4.8,5.7
2008-07-04,0.0,0.0,0.0
2008-07-05,4.0,3.6,4.5
2008-07-06,0.0,0.0,0.0
2008-07-07,4.5,14.6,15.9
2008-07-08,0.0,30.9,30.7
2008-07-09,0.3,17.6,20.0
2008-07-10,1.4,1.3,2.0
2008-07-11,0.0,0.0,0.0
2008-07-12,0.0,0.4,0.0
2008-07-13,39.5,13.7,13.7
2008-07-14,1.0,12.7,12.6
2008-07-15,18.0,8.5,8.2
2008-07-16,6.0,4.4,4.1
2008-07-17,3.2,3.1,2.7
2008-07-18,17.9,11.7,11.9
2008-07-19,0.3,5.2,4.9
2008-07-20,10.0,10.2,9.9
2008-07-21,4.0,15.9,21.2
2008-07-22,0.0,5.1,6.9
2008-07-23,0.0,1.3,1.7
2008-07-24,9.0,17.3,23.4
2008-07-25,8.6,6.3,8.5
2008-07-26,0.0,0.9,1.1
2008-07-27,0.0,0.0,0.0
2008-07-28,0.6,0.0,0.0
2008-07-29,0.0,0.2,0.0
2008-07-30,0.0,0.0,0.0
2008-07-31,0.0,0.4,0.0
2008-08-01,0.0,0.3,0.0
2008-08-02,0.0,0.1,0.0
2008-08-03,0.0,2.1,2.6
2008-08-04,18.3,1.7,2.1
2008-08-05,0.1,1.3,1.7
2008-08-06,0.0,15.9,18.8
2008-08-07,0.0,10.6,11.0
2008-08-08,0.0,1.2,1.6
2008-08-09,1.5,1.2,1.6
2008-08-10,2.0,0.5,0.0
2008-08-11,0.0,5.2,5.7
2008-08-12,0.0,3.5,3.4
2008-08-13,1.1,0.2,0.0
2008-08-14,13.5,0.1,0.0
2008-08-15,0.0,0.1,0.0
2008-08-16,0.0,0.2,0.0
2008-08-17,48.0,4.2,4.3
2008-08-18,0.0,0.5,0.0
2008-08-19,21.5,0.6,0.0
2008-08-20,0.5,27.5,34.5
2008-08-21,1.0,70.2,68.3
2008-08-22,58.9,0.3,0.0
2008-08-23,7.9,7.0,6.5
2008-08-24,24.5,16.8,14.6
2008-08-25,16.5,1.5,1.4
2008-08-26,17.9,6.4,6.0
2008-08-27,30.6,34.4,34.2
2008-08-28,0.0,8.9,8.1
2008-08-29,0.0,3.4,3.2
2008-08-30,0.0,7.1,6.5
2008-08-31,0.8,0.7,0.0
2008-09-01,16.8,22.7,29.9
2008-09-02,70.5,10.9,10.5
2008-09-03,16.7,8.5,7.6
2008-09-04,8.0,13.3,13.4
2008-09-05,7.9,19.0,24.5
2008-09-06,1.0,2.8,1.0
2008-09-07,0.0,1.0,0.0
2008-09-08,0.0,2.5,0.0
2008-09-09,0.0,17.0,17.6
2008-09-10,5.5,34.1,41.8
2008-09-11,0.0,4.1,2.3
2008-09-12,2.5,1.7,0.0
2008-09-13,23.2,5.8,4.2
2008-09-14,5.5,0.5,0.0
2008-09-15,3.2,8.7,7.5
2008-09-16,0.0,0.0,0.0
2008-09-17,0.0,2.0,0.0
2008-09-18,3.0,2.0,0.0
2008-09-19,0.0,2.2,0.0
2008-09-20,6.6,6.5,5.1
2008-09-21,3.3,2.1,1.2
2008-09-22,0.0,2.4,1.6
2008-09-23,3.0,8.0,8.6
2008-09-24,0.8,0.9,0.0
2008-09-25,2.9,3.6,3.3
2008-09-26,0.0,2.8,2.2
2008-09-28,0.0,2.2,1.4
2008-09-29,36.5,30.9,37.1
2008-09-30,2.1,10.9,11.8
2008-10-01,2.1,0.8,1.5
2008-10-02,13.4,3.3,5.0
2008-10-03,4.0,0.0,0.0
2008-10-04,9.5,8.5,11.6
2008-10-05,1.0,8.9,12.1
2008-10-06,12.2,6.2,8.7
2008-10-07,29.3,13.0,17.1
2008-10-08,14.5,2.8,4.3
2008-10-09,5.0,19.6,27.6
2008-10-10,9.7,18.4,26.1
2008-10-11,19.2,2.0,1.8
2008-10-12,18.5,1.2,1.0
2008-10-13,5.8,8.4,8.9
2008-10-14,0.0,2.1,1.9
2008-10-15,20.0,7.3,7.8
2008-10-16,57.5,4.3,4.5
2008-10-17,32.2,41.5,47.3
2008-10-18,1.0,7.9,8.4
2008-10-19,44.8,32.0,38.1
2008-10-20,4.7,7.2,7.6
2008-10-21,7.6,10.2,10.6
2008-10-23,7.8,3.9,4.0
2008-10-24,5.0,6.1,6.4
2008-10-25,0.0,1.9,1.7
2008-10-26,0.0,0.4,0.0
2008-10-27,0.0,0.9,0.0
2008-10-28,0.0,8.9,9.2
2008-10-29,0.0,6.9,7.2
2008-10-30,0.0,11.5,11.8
2008-10-31,17.4,39.9,37.3
2008-11-01,3.0,8.8,6.7
2008-11-02,0.0,0.6,0.0
2008-11-03,0.0,0.1,0.0
2008-11-04,3.4,3.3,1.8
2008-11-05,0.0,6.4,4.6
2008-11-06,47.5,9.3,7.1
2008-11-07,0.0,1.1,0.0
2008-11-08,0.0,1.2,0.0
2008-11-09,0.0,43.9,38.2
2008-11-10,1.0,4.6,3.1
2008-11-11,0.0,0.9,0.0
2008-11-12,13.7,2.8,1.0
2008-11-13,0.0,14.2,9.9
2008-11-14,27.2,15.6,11.0
2008-11-15,12.6,32.7,26.3
2008-11-16,66.5,49.0,40.7
2008-11-17,4.5,7.7,4.7
2008-11-18,0.0,8.1,5.0
2008-11-19,25.0,13.0,8.9
2008-11-20,7.2,16.8,12.0
2008-11-21,11.5,27.0,22.7
2008-11-22,14.0,19.7,17.0
2008-11-23,18.0,4.0,3.2
2008-11-24,1.4,19.0,16.5
2008-11-25,0.0,3.0,2.1
2008-11-26,2.0,14.4,12.5
2008-11-27,10.0,5.3,4.4
2008-11-28,1.9,28.8,24.2
2008-11-29,26.0,26.6,23.2
2008-11-30,0.0,16.7,14.5
2008-12-01,0.0,9.7,8.4
2008-12-02,3.0,0.9,0.0
2008-12-03,4.2,0.5,0.0
2008-12-04,72.5,22.8,18.5
2008-12-05,1.0,16.6,13.4
2008-12-06,0.0,2.4,2.7
2008-12-07,12.0,30.5,24.7
2008-12-08,1.2,9.1,7.9
2008-12-09,6.5,5.3,5.0
2008-12-10,1.0,1.9,2.3
2008-12-11,9.5,44.6,45.7
2008-12-12,4.4,4.8,5.1
2008-12-13,31.5,7.5,7.6
2008-12-14,7.3,23.1,22.7
2008-12-15,1.9,4.7,4.9
2008-12-16,8.2,6.6,6.7
2008-12-17,5.2,0.1,0.0
2008-12-18,0.5,0.8,0.0
2008-12-19,0.0,0.3,0.0
2008-12-20,0.0,0.5,0.0
2008-12-21,0.0,1.9,1.5
2008-12-22,0.0,4.2,3.5
2008-12-23,3.8,113.6,87.1
2008-12-24,17.5,25.7,22.1
2008-12-25,0.3,0.9,0.0
2008-12-26,0.0,0.2,0.0
2008-12-27,0.0,0.0,0.0
2008-12-28,0.0,2.7,2.3
2008-12-29,0.0,3.8,3.2
2008-12-30,0.4,3.5,2.9
2008-12-31,0.0,0.4,0.0
2009-01-01,28.3,18.2,14.6
2009-01-02,68.0,5.2,4.7
2009-01-03,7.0,1.8,1.8
2009-01-04,0.0,5.3,4.8
2009-01-05,0.0,0.0,0.0
2009-01-06,0.0,0.8,0.0
2009-01-07,7.5,2.1,2.1
2009-01-08,0.0,2.0,1.9
2009-01-09,0.0,4.8,4.3
2009-01-10,0.0,2.4,2.3
2009-01-11,0.0,2.1,1.9
2009-01-12,6.0,0.4,0.0
2009-01-13,0.3,0.0,0.0
2009-01-14,5.0,3.5,3.2
2009-01-15,0.0,2.4,2.1
2009-01-16,1.0,0.1,0.0
2009-01-17,0.0,2.1,1.8
2009-01-18,0.1,1.9,1.7
2009-01-19,0.0,1.3,1.1
2009-01-20,0.0,26.4,25.5
2009-01-21,13.2,5.1,3.3
2009-01-22,6.5,6.0,4.0
2009-01-23,0.0,63.0,52.3
2009-01-24,0.0,0.2,0.0
2009-01-25,15.0,2.0,1.0
2009-01-26,3.6,33.5,35.0
2009-01-27,18.4,51.0,47.4
2009-01-28,13.4,6.9,4.8
2009-01-29,0.0,2.6,1.2
2009-01-30,13.0,7.4,5.1
2009-01-31,17.1,4.6,2.8
2009-02-01,51.5,0.6,0.0
2009-02-02,0.0,5.9,4.0
2009-02-03,0.0,0.3,0.0
2009-02-04,0.0,0.7,0.0
2009-02-05,0.0,0.0,0.0
2009-02-06,0.0,0.0,0.0
2009-02-07,0.0,0.0,0.0
2009-02-08,0.0,0.0,0.0
2009-02-09,0.0,0.0,0.0
2009-02-10,0.0,0.0,0.0
2009-02-11,0.0,0.2,0.0
2009-02-12,0.0,0.3,0.0
2009-02-13,0.0,0.6,0.0
2009-02-14,0.0,0.0,0.0
2009-02-15,0.0,0.1,0.0
2009-02-16,0.0,0.0,0.0
2009-02-17,0.0,0.0,0.0
2009-02-19,0.0,4.1,3.2
2009-02-20,26.0,2.8,2.5
2009-02-21,7.8,26.1,23.5
2009-02-22,6.6,14.5,8.9
2009-02-23,39.0,15.1,9.6
2009-02-24,18.9,14.3,8.7
2009-02-26,0.0,23.7,21.0
2009-02-27,8.4,18.4,13.1
2009-02-28,18.3,3.5,1.0
2009-03-01,0.5,29.6,19.6
2009-03-02,3.5,10.7,8.3
2009-03-03,5.0,4.2,3.9
2009-03-04,13.0,32.6,22.5
2009-03-05,25.3,45.8,34.0
2009-03-06,6.2,16.6,13.1
2009-03-07,9.0,10.7,8.3
2009-03-08,0.6,5.3,4.6
2009-03-09,0.2,1.0,0.0
2009-03-10,9.5,18.3,14.2
2009-03-11,30.0,13.7,8.4
2009-03-12,3.0,2.2,1.0
2009-03-13,54.5,17.2,11.0
2009-03-14,0.0,0.0,0.0
2009-03-15,31.3,0.3,0.0
2009-03-16,57.0,11.7,7.1
2009-03-17,2.5,1.4,0.0
2009-03-18,7.2,4.8,2.7
2009-03-19,14.5,6.4,3.8
2009-03-20,4.0,8.2,4.9
2009-03-21,17.0,1.9,1.1
2009-03-22,0.0,0.2,0.0
2009-03-23,2.2,5.2,3.1
2009-03-24,14.4,2.2,1.3
2009-03-25,0.1,26.7,18.2
2009-03-26,0.0,8.3,5.0
2009-03-27,5.2,27.1,18.0
2009-03-28,17.0,21.4,13.1
2009-03-29,7.3,0.0,0.0
2009-03-30,0.8,58.3,41.6
2009-03-31,0.0,6.4,3.9
2009-04-01,0.2,0.2,0.0
2009-04-02,2.8,36.1,30.7
2009-04-03,4.8,27.5,20.5
2009-04-04,3.0,7.5,4.4
2009-04-05,1.0,16.7,11.1
2009-04-06,41.0,36.8,31.3
2009-04-07,0.8,26.6,18.9
2009-04-08,3.2,8.2,5.0
2009-04-09,1.8,4.6,2.2
2009-04-10,7.4,21.2,14.5
2009-04-11,10.8,14.3,10.0
2009-04-12,1.0,12.0,8.0
2009-04-13,0.1,0.7,0.0
2009-04-14,34.2,2.2,0.0
2009-04-15,1.6,0.9,0.0
2009-04-16,0.0,2.3,0.0
2009-04-17,0.0,0.0,0.0
2009-04-18,0.3,0.2,0.0
2009-04-20,10.5,12.0,7.9
2009-04-21,0.2,1.5,0.0
2009-04-22,0.0,0.0,0.0
2009-04-23,0.0,0.0,0.0
2009-04-24,0.0,0.3,0.0
2009-04-25,1.6,2.9,0.0
2009-04-26,0.0,0.2,0.0
2009-04-27,0.0,0.0,0.0
2009-04-28,0.5,28.6,24.0
2009-04-29,34.5,2.6,0.0
2009-04-30,0.8,11.5,5.5
2009-05-01,0.7,5.3,3.8
2009-05-02,5.5,46.2,28.8
2009-05-04,0.0,1.0,0.0
2009-05-05,0.0,1.1,0.0
2009-05-06,0.0,0.1,0.0
2009-05-07,0.0,1.2,0.0
2009-05-08,0.0,0.0,0.0
2009-05-09,0.0,1.7,0.0
2009-05-10,0.8,5.9,4.2
2009-05-11,0.0,0.0,0.0
2009-05-12,2.0,8.2,8.4
2009-05-13,3.5,9.6,9.7
2009-05-14,0.0,30.3,30.5
2009-05-16,0.0,4.0,4.2
2009-05-17,0.0,0.5,0.0
2009-05-18,0.0,1.0,0.0
2009-05-19,0.0,1.9,2.0
2009-05-20,0.0,10.6,10.6
2009-05-21,0.0,0.0,0.0
2009-05-22,0.0,0.7,0.0
2009-05-23,0.0,0.0,0.0
2009-05-24,0.0,2.7,1.8
2009-05-25,0.0,16.0,17.6
2009-05-26,0.0,1.5,1.0
2009-05-27,2.2,14.9,16.6
2009-05-28,0.0,17.5,18.9
2009-05-29,0.6,4.9,4.3
2009-05-30,0.0,0.0,0.0
2009-05-31,0.0,3.1,2.3
2009-06-01,0.0,0.9,0.0
2009-06-02,0.0,3.0,1.2
2009-06-04,0.0,0.0,0.0
2009-06-05,0.0,0.0,0.0
2009-06-06,0.0,1.9,0.0
2009-06-07,0.0,2.5,1.0
2009-06-08,0.0,0.0,0.0
2009-06-09,0.0,0.1,0.0
2009-06-10,0.0,0.0,0.0
2009-06-11,0.0,2.9,2.9
2009-06-12,0.0,0.3,0.0
2009-06-13,4.0,4.7,5.2
2009-06-14,22.2,7.4,8.7
2009-06-15,0.0,42.6,49.3
2009-06-16,0.0,3.2,3.3
2009-06-17,0.0,8.9,10.4
2009-06-18,0.0,0.0,0.0
2009-06-20,4.8,0.0,0.0
2009-06-21,0.0,16.8,19.9
2009-06-22,11.0,18.5,22.7
2009-06-23,25.0,4.6,4.5
2009-06-25,46.7,12.0,14.5
2009-06-26,0.0,1.7,1.0
2009-06-27,2.1,5.3,5.4
2009-06-28,0.0,10.0,12.0
2009-06-29,0.0,0.0,0.0
2009-06-30,0.0,0.0,0.0
2009-07-01,10.5,0.3,0.0
2009-07-02,0.0,0.0,0.0
2009-07-03,1.3,0.0,0.0
2009-07-04,0.0,7.7,8.6
2009-07-05,0.0,10.7,12.4
2009-07-06,0.0,0.1,0.0
2009-07-07,33.5,2.0,2.7
2009-07-08,1.0,2.9,3.8
2009-07-09,0.3,24.7,25.7
2009-07-10,32.5,14.2,15.2
2009-07-11,4.2,37.3,40.4
2009-07-13,0.0,1.6,1.1
2009-07-14,1.5,16.3,17.9
2009-07-16,0.0,0.0,0.0
2009-07-17,0.0,0.0,0.0
2009-07-18,0.0,1.7,1.2
2009-07-19,0.0,0.8,0.0
2009-07-20,0.0,0.0,0.0
2009-07-21,0.0,3.8,5.2
2009-07-22,0.6,16.1,21.0
2009-07-23,0.0,14.6,18.1
2009-07-24,0.0,1.4,1.9
2009-07-25,0.2,2.8,3.8
2009-07-26,2.0,2.4,3.3
2009-07-27,0.0,0.2,0.0
2009-07-28,0.4,0.8,0.0
2009-07-29,7.5,1.1,1.4
2009-07-30,0.0,0.0,0.0
2009-07-31,0.0,0.0,0.0
2009-08-01,0.0,0.3,0.0
2009-08-02,0.0,0.3,0.0
2009-08-03,0.0,0.0,0.0
2009-08-04,0.0,1.5,1.9
2009-08-05,0.0,2.6,3.1
2009-08-07,0.0,10.7,10.8
2009-08-08,0.0,3.9,4.5
2009-08-11,15.5,4.9,5.2
2009-08-12,1.0,33.4,42.5
2009-08-13,2.5,4.7,5.0
2009-08-14,1.0,4.7,5.1
2009-08-15,0.0,2.2,1.7
2009-08-16,12.4,0.0,0.0
2009-08-17,0.0,1.2,0.0
2009-08-18,23.0,44.6,57.9
2009-08-20,5.9,0.6,0.0
2009-08-22,35.0,19.6,17.4
2009-08-23,0.5,0.9,0.0
2009-08-24,0.1,1.5,1.4
2009-08-25,0.0,1.8,1.7
2009-08-26,2.0,54.8,54.0
2009-08-27,23.2,24.9,24.9
2009-08-28,2.6,0.3,0.0
2009-08-29,0.0,25.9,25.4
2009-08-30,0.0,11.3,10.1
2009-08-31,8.6,37.7,37.5
2009-09-01,0.6,2.9,1.0
2009-09-02,7.0,0.1,0.0
2009-09-03,20.5,2.5,0.0
2009-09-04,0.0,10.4,9.9
2009-09-05,1.9,13.1,13.1
2009-09-06,0.0,10.4,9.9
2009-09-07,0.0,5.3,3.7
2009-09-08,29.0,1.3,0.0
2009-09-09,0.0,6.7,5.4
2009-09-10,0.0,6.9,5.6
2009-09-11,0.0,0.5,0.0
2009-09-12,0.0,1.5,0.0
2009-09-13,8.0,3.9,2.1
2009-09-14,11.3,20.7,24.5
2009-09-15,12.4,6.1,4.6
2009-09-16,0.0,2.7,1.0
2009-09-17,13.0,16.2,16.4
2009-09-18,17.5,16.5,16.1
2009-09-19,0.0,8.4,7.1
2009-09-20,1.0,3.2,1.2
2009-09-21,0.0,0.2,0.0
2009-09-22,0.1,0.1,0.0
2009-09-23,0.0,1.4,0.0
2009-09-24,0.0,0.1,0.0
2009-09-25,0.0,0.5,0.0
2009-09-26,2.8,23.4,26.4
2009-09-27,0.0,10.8,11.7
2009-09-28,0.0,48.5,70.8
2009-09-29,0.5,3.0,2.5
2009-09-30,0.4,32.8,40.9
2009-10-01,0.0,1.9,3.1
2009-10-02,1.0,4.8,6.9
2009-10-03,4.5,19.9,28.0
2009-10-04,17.3,1.0,1.8
2009-10-05,0.0,2.8,4.3
2009-10-07,0.0,1.3,2.3
2009-10-08,0.0,0.4,0.0
2009-10-09,0.0,0.4,0.0
2009-10-10,0.0,2.2,3.5
2009-10-11,8.2,3.0,3.0
2009-10-12,0.0,26.2,30.7
2009-10-13,11.3,1.6,1.2
2009-10-14,0.0,0.0,0.0
2009-10-15,4.2,0.8,0.0
2009-10-16,17.0,0.6,0.0
2009-10-17,29.9,32.2,37.6
2009-10-18,5.5,5.4,5.7
2009-10-19,4.2,2.6,2.6
2009-10-20,4.3,24.4,29.1
2009-10-21,2.1,6.5,6.8
2009-10-22,23.2,4.4,4.6
2009-10-23,99.5,1.0,1.0
2009-10-24,14.3,2.7,2.6
2009-10-25,6.2,14.9,15.1
2009-10-26,21.5,1.2,1.0
2009-10-27,8.6,41.6,38.4
2009-10-28,12.5,0.3,0.0
2009-10-29,18.5,18.3,18.3
2009-10-30,20.0,5.5,5.7
2009-10-31,11.3,0.0,0.0
2009-11-01,0.0,0.9,0.0
2009-11-02,0.0,3.7,2.2
2009-11-03,1.8,8.4,6.4
2009-11-04,30.0,78.6,56.9
2009-11-05,2.2,3.1,1.6
2009-11-06,31.5,31.3,27.0
2009-11-07,11.3,41.1,36.2
2009-11-08,0.4,2.4,1.0
2009-11-09,6.5,4.2,2.7
2009-11-10,17.5,27.6,22.9
2009-11-11,3.5,13.0,9.0
2009-11-12,0.3,9.4,6.1
2009-11-13,3.8,0.0,0.0
2009-11-14,66.0,15.9,11.3
2009-11-15,0.1,41.9,34.9
2009-11-16,0.1,4.7,2.2
2009-11-17,0.0,1.6,0.0
2009-11-18,8.5,6.0,3.3
2009-11-19,2.0,83.2,77.1
2009-11-20,20.3,4.9,2.4
2009-11-21,14.0,8.9,7.8
2009-11-22,27.5,6.6,5.7
2009-11-23,1.0,9.1,7.9
2009-11-24,0.7,7.4,6.4
2009-11-26,0.0,1.0,0.0
2009-11-27,1.0,3.6,2.8
2009-11-28,0.0,9.2,8.0
2009-11-29,3.5,11.0,9.6
2009-11-30,0.6,4.1,3.3
2009-12-01,1.0,10.9,9.3
2009-12-02,18.0,13.2,11.0
2009-12-03,2.0,16.5,13.4
2009-12-04,5.9,4.9,4.7
2009-12-05,44.0,8.0,7.1
2009-12-06,0.0,0.2,0.0
2009-12-07,15.5,11.4,9.6
2009-12-08,1.0,0.2,0.0
2009-12-09,0.1,10.8,9.2
2009-12-10,0.0,10.4,8.9
2009-12-11,0.0,0.0,0.0
2009-12-12,0.0,0.1,0.0
2009-12-13,0.0,11.0,10.8
2009-12-14,18.1,0.6,0.0
2009-12-15,7.0,0.7,0.0
2009-12-16,0.0,8.9,8.9
2009-12-17,0.6,26.2,27.3
2009-12-18,18.2,3.1,3.5
2009-12-19,0.8,5.4,5.6
2009-12-20,0.4,0.2,0.0
2009-12-21,0.0,1.1,0.0
2009-12-23,2.1,0.2,0.0
2009-12-24,9.5,25.8,20.9
2009-12-25,9.0,7.5,6.2
2009-12-26,6.0,2.6,2.1
2009-12-27,31.3,13.1,10.9
2009-12-28,47.0,5.5,4.6
2009-12-29,18.8,15.3,12.7
2009-12-30,4.4,40.5,34.3
2009-12-31,0.0,2.0,1.6
2010-01-02,0.5,46.5,34.9
2010-01-03,75.0,80.2,50.5
2010-01-04,0.5,1.8,1.7
2010-01-05,0.0,0.2,0.0
2010-01-07,0.0,0.3,0.0
2010-01-08,0.0,0.0,0.0
2010-01-09,0.0,0.7,0.0
2010-01-10,0.0,4.2,3.9
2010-01-11,0.0,0.6,0.0
2010-01-12,0.0,8.2,7.5
2010-01-13,2.4,6.2,5.7
2010-01-14,4.4,0.6,0.0
2010-01-15,17.2,10.6,9.6
2010-01-16,0.0,0.0,0.0
2010-01-17,0.0,1.3,1.0
2010-01-18,6.9,2.9,2.6
2010-01-19,48.5,3.4,3.1
2010-01-20,0.0,0.4,0.0
2010-01-21,7.0,10.9,8.0
2010-01-22,0.0,2.5,1.1
2010-01-23,0.0,17.0,12.8
2010-01-24,31.0,10.7,7.8
2010-01-25,0.0,10.0,7.3
2010-01-26,0.7,0.1,0.0
2010-01-27,1.1,4.0,2.4
2010-01-28,11.2,21.4,21.4
2010-01-29,4.8,10.2,7.5
2010-01-31,0.0,1.0,0.0
2010-02-01,0.0,8.8,6.0
2010-02-02,0.0,0.4,0.0
2010-02-03,0.0,0.1,0.0
2010-02-04,0.0,0.6,0.0
2010-02-05,0.0,1.6,1.0
2010-02-06,0.0,0.2,0.0
2010-02-07,0.0,0.3,0.0
2010-02-08,0.0,10.0,7.0
2010-02-09,0.0,17.6,11.6
2010-02-10,0.0,5.0,3.3
2010-02-11,0.0,4.5,3.5
2010-02-12,0.0,5.4,4.0
2010-02-13,0.0,1.8,1.8
2010-02-14,0.0,11.6,7.5
2010-02-15,0.0,0.0,0.0
2010-02-16,0.0,2.0,1.9
2010-02-17,0.0,8.0,5.5
2010-02-18,0.0,4.8,3.6
2010-02-19,0.0,34.7,23.3
2010-02-20,0.0,3.3,2.8
2010-02-21,0.0,3.7,1.2
2010-02-22,0.0,1.6,0.0
2010-02-23,0.0,43.0,33.0
2010-02-24,0.0,0.0,0.0
2010-02-25,0.0,0.0,0.0
2010-02-26,0.0,1.6,0.0
2010-02-27,0.0,1.2,0.0
2010-02-28,0.0,42.5,32.8
2010-03-01,0.0,2.3,2.6
2010-03-02,0.0,13.6,10.3
2010-03-03,0.0,14.6,11.0
2010-03-04,0.0,1.4,2.1
2010-03-05,0.0,20.3,15.7
2010-03-06,0.0,0.7,0.0
2010-03-07,0.0,0.5,0.0
2010-03-08,0.0,6.4,5.3
2010-03-09,0.0,6.1,5.1
2010-03-10,0.0,1.3,0.0
2010-03-11,0.0,0.0,0.0
2010-03-12,0.0,22.8,16.7
2010-03-13,0.0,41.6,30.7
2010-03-14,0.0,5.4,3.1
2010-03-15,0.0,17.4,10.9
2010-03-16,0.0,2.1,1.0
2010-03-17,0.0,1.5,0.0
2010-03-18,0.0,0.0,0.0
2010-03-19,0.0,20.4,12.8
2010-03-20,0.0,25.1,18.5
2010-03-21,0.0,1.5,0.0
2010-03-22,0.0,10.0,6.1
2010-03-23,0.0,38.7,27.3
2010-03-24,0.0,2.0,1.2
2010-03-25,0.0,207.7,75.3
2010-03-26,0.0,2.1,1.2
2010-03-27,0.0,15.9,9.7
2010-03-28,0.0,16.8,10.2
2010-03-29,0.0,4.7,2.8
2010-03-30,0.0,6.9,4.2
2010-03-31,0.0,22.3,13.7
2010-04-01,17.3,1.3,0.0
2010-04-02,25.6,28.6,21.8
2010-04-03,13.5,17.4,11.6
2010-04-04,3.5,5.4,2.9
2010-04-05,0.0,2.5,1.0
2010-04-06,0.0,4.6,2.2
2010-04-07,0.0,7.8,4.7
2010-04-08,0.0,31.4,25.3
2010-04-09,0.2,112.5,50.5
2010-04-10,1.4,2.0,0.0
2010-04-11,6.7,5.3,2.0
2010-04-12,1.8,0.1,0.0
2010-04-13,7.8,5.3,2.0
2010-04-14,67.4,25.9,28.6
2010-04-15,20.1,3.1,0.0
2010-04-16,5.6,6.2,2.8
2010-04-17,1.6,3.8,1.0
2010-04-18,0.4,8.0,4.4
2010-04-19,4.1,3.7,1.0
2010-04-20,19.0,2.1,0.0
2010-04-21,26.7,4.5,1.0
2010-04-23,0.2,4.8,1.0
2010-04-24,12.5,11.2,5.3
2010-04-25,2.2,136.3,71.6
2010-04-26,4.0,21.8,13.9
2010-04-27,16.5,8.5,3.2
2010-04-28,11.0,0.4,0.0
2010-04-29,0.0,2.4,0.0
2010-04-30,0.0,8.7,3.4
2010-05-01,1.2,9.3,6.4
2010-05-02,0.2,0.9,0.0
2010-05-03,0.0,1.0,0.0
2010-05-04,0.0,5.4,3.9
2010-05-05,0.0,0.3,0.0
2010-05-06,0.0,14.7,9.7
2010-05-07,0.3,5.2,3.7
2010-05-08,105.0,305.5,76.4
2010-05-09,0.8,1.6,0.0
2010-05-10,0.0,32.6,19.3
2010-05-11,0.0,7.2,7.4
2010-05-12,0.0,8.4,8.5
2010-05-13,0.0,17.8,17.1
2010-05-14,0.8,27.5,26.6
2010-05-15,1.0,11.1,10.9
2010-05-16,71.0,1.3,1.4
2010-05-17,21.9,4.1,4.3
2010-05-18,14.8,4.0,4.2
2010-05-19,18.3,0.2,0.0
2010-05-20,1.5,11.8,12.2
2010-05-21,21.5,14.8,16.4
2010-05-22,7.5,0.0,0.0
2010-05-23,34.5,0.0,0.0
2010-05-24,4.0,0.4,0.0
2010-05-25,0.2,3.2,2.4
2010-05-26,0.0,1.3,0.0
2010-05-27,28.0,0.0,0.0
2010-05-28,4.0,2.5,1.5
2010-05-29,29.5,8.9,8.3
2010-05-30,2.1,9.9,9.3
2010-05-31,0.0,10.1,9.4
2010-06-01,12.0,15.0,14.1
2010-06-02,0.0,0.6,0.0
2010-06-03,10.6,10.5,9.2
2010-06-04,0.0,28.7,31.7
2010-06-05,5.5,36.4,39.4
2010-06-06,3.2,7.5,6.0
2010-06-07,3.2,0.3,0.0
2010-06-08,0.0,2.2,1.0
2010-06-09,0.0,2.0,0.0
2010-06-10,14.5,0.2,0.0
2010-06-11,2.2,0.3,0.0
2010-06-12,0.8,0.2,0.0
2010-06-13,5.4,9.8,11.7
2010-06-14,16.2,17.3,25.9
2010-06-15,0.0,1.2,1.0
2010-06-16,43.9,7.8,9.1
2010-06-17,0.3,1.3,1.0
2010-06-18,0.0,0.1,0.0
2010-06-19,2.0,0.4,0.0
2010-06-20,0.0,2.3,2.1
2010-06-21,0.0,2.1,1.1
2010-06-22,0.0,11.3,14.6
2010-06-23,0.0,0.7,0.0
2010-06-24,9.0,3.0,2.3
2010-06-25,0.0,0.2,0.0
2010-06-26,0.0,0.3,0.0
2010-06-27,0.0,27.9,38.9
2010-06-28,0.0,2.3,1.4
2010-06-29,0.0,1.0,0.0
2010-06-30,0.0,3.2,2.5
2010-07-01,0.0,15.6,18.2
2010-07-02,0.0,2.0,2.8
2010-07-03,0.0,0.8,0.0
2010-07-04,0.0,0.0,0.0
2010-07-05,0.0,0.0,0.0
2010-07-07,1.8,9.2,10.0
2010-07-08,1.5,3.5,4.4
2010-07-09,0.0,0.2,0.0
2010-07-10,0.0,1.1,1.8
2010-07-11,0.0,0.5,0.0
2010-07-12,0.0,4.6,4.3
2010-07-13,0.0,2.1,1.7
2010-07-14,0.0,12.3,12.1
2010-07-15,0.0,4.3,4.0
2010-07-16,0.0,5.3,5.0
2010-07-17,0.3,1.3,1.0
2010-07-18,94.0,2.2,1.8
2010-07-19,32.0,6.5,6.2
2010-07-20,0.6,2.4,2.1
2010-07-21,2.5,5.2,7.1
2010-07-22,75.6,4.4,6.0
2010-07-23,18.8,3.0,4.1
2010-07-24,28.2,0.4,0.0
2010-07-25,0.0,2.3,3.2
2010-07-26,23.7,3.0,4.1
2010-07-27,6.5,16.7,22.5
2010-07-28,7.5,6.2,8.4
2010-07-29,0.0,2.7,3.7
2010-07-30,1.0,6.3,8.5
2010-07-31,0.0,0.9,1.0
2010-08-01,0.0,2.5,3.0
2010-08-02,0.0,0.0,0.0
2010-08-03,0.0,0.4,0.0
2010-08-04,6.0,1.3,1.7
2010-08-05,0.0,0.3,0.0
2010-08-06,0.0,5.8,6.4
2010-08-07,0.0,6.7,7.2
2010-08-08,0.0,38.1,42.3
2010-08-09,0.0,1.3,1.6
2010-08-10,0.0,1.6,2.0
2010-08-11,0.0,8.2,9.3
2010-08-12,1.0,13.3,16.0
2010-08-13,4.4,13.1,16.0
2010-08-14,9.0,19.8,23.9
2010-08-16,0.0,11.9,13.7
2010-08-17,0.0,3.4,3.4
2010-08-18,0.0,5.5,6.0
2010-08-19,2.0,24.5,30.2
2010-08-20,0.4,4.7,5.0
2010-08-21,4.3,0.5,0.0
2010-08-23,0.9,0.5,0.0
2010-08-24,53.8,0.7,0.0
2010-08-25,15.2,5.2,4.8
2010-08-26,10.5,0.8,0.0
2010-08-27,35.2,2.4,2.2
2010-08-28,34.2,0.1,0.0
2010-08-29,1.2,0.0,0.0
2010-08-30,1.0,3.1,2.9
2010-08-31,10.3,1.4,1.2
2010-09-01,1.8,2.7,1.0
2010-09-02,45.1,69.7,55.8
2010-09-03,6.5,6.3,4.9
2010-09-04,2.6,1.2,0.0
2010-09-05,0.0,1.0,0.0
2010-09-06,13.5,2.0,0.0
2010-09-07,17.0,0.9,0.0
2010-09-08,2.2,8.7,7.8
2010-09-09,1.2,0.2,0.0
2010-09-10,7.8,0.6,0.0
2010-09-11,0.0,0.4,0.0
2010-09-12,0.0,2.2,0.0
2010-09-13,0.1,0.1,0.0
2010-09-14,3.5,3.8,1.9
2010-09-15,0.4,0.1,0.0
2010-09-16,0.4,3.1,1.2
2010-09-17,0.0,7.5,6.1
2010-09-18,2.2,28.8,33.8
2010-09-20,0.0,1.3,0.0
2010-09-21,0.0,26.5,31.0
2010-09-22,0.0,5.6,5.7
2010-09-23,12.5,6.4,6.7
2010-09-24,68.5,5.9,6.1
2010-09-25,21.8,12.5,13.7
2010-09-26,0.0,4.1,3.9
2010-09-27,0.0,2.2,1.3
2010-09-28,0.0,8.3,8.8
2010-09-29,0.0,43.0,58.8
2010-09-30,0.0,31.1,36.9
2010-10-02,0.0,64.1,68.1
2010-10-03,0.0,51.6,61.6
2010-10-04,0.0,21.1,30.3
2010-10-05,1.5,31.7,44.8
2010-10-07,20.2,0.8,1.6
2010-10-08,5.1,0.1,0.0
2010-10-09,1.7,0.0,0.0
2010-10-10,1.2,0.7,0.0
2010-10-11,0.0,1.0,1.0
2010-10-12,12.4,2.2,2.0
2010-10-13,41.5,5.5,5.9
2010-10-14,62.7,0.3,0.0
2010-10-15,2.3,1.0,0.0
2010-10-16,101.6,10.1,10.6
2010-10-17,10.0,0.5,0.0
2010-10-18,3.2,0.0,0.0
2010-10-19,49.6,0.0,0.0
2010-10-20,23.0,0.3,0.0
2010-10-21,1.8,6.1,6.4
2010-10-22,6.0,2.7,2.7
2010-10-23,2.0,3.2,3.2
2010-10-24,2.1,2.8,2.7
2010-10-25,0.0,6.4,6.8
2010-10-27,0.0,5.1,5.3
2010-10-28,0.0,0.9,0.0
2010-10-29,9.1,11.3,11.6
2010-10-30,0.6,4.7,4.9
2010-10-31,17.4,50.1,46.2
2010-11-01,4.0,8.3,6.3
2010-11-02,1.4,19.0,15.2
2010-11-03,0.4,9.4,7.2
2010-11-04,0.0,8.2,6.2
2010-11-05,0.0,0.4,0.0
2010-11-06,17.7,16.4,13.0
2010-11-07,17.2,2.9,1.4
2010-11-08,1.8,21.2,16.9
2010-11-09,2.8,17.1,13.6
2010-11-10,0.0,7.3,5.5
2010-11-11,0.0,24.4,18.1
2010-11-12,0.0,6.9,4.0
2010-11-13,4.5,2.9,1.0
2010-11-14,45.0,3.6,1.3
2010-11-15,7.5,34.6,28.1
2010-11-16,5.8,7.2,4.2
2010-11-17,1.6,3.0,1.0
2010-11-18,21.8,25.3,19.1
2010-11-19,8.4,9.7,6.3
2010-11-20,3.6,3.7,1.3
2010-11-21,0.0,4.7,3.8
2010-11-22,0.0,92.6,108.1
2010-11-23,0.0,10.7,9.3
2010-11-24,0.0,4.2,3.4
2010-11-25,0.9,2.3,1.4
2010-11-26,4.0,4.9,4.0
2010-11-27,4.5,27.6,22.6
2010-11-28,7.5,80.0,100.2
2010-11-29,15.8,19.6,16.9
2010-11-30,4.0,8.8,7.7
2010-12-01,19.4,3.3,3.4
2010-12-02,21.4,16.3,13.3
2010-12-03,1.3,3.3,3.4
2010-12-04,0.0,24.2,19.9
2010-12-05,5.2,21.4,16.8
2010-12-06,51.5,11.0,9.3
2010-12-07,5.0,0.9,0.0
2010-12-08,0.3,6.1,5.6
2010-12-09,12.0,2.4,2.7
2010-12-10,5.4,0.1,0.0
2010-12-11,38.3,1.5,1.8
2010-12-12,3.8,2.2,2.5
2010-12-13,58.0,9.6,9.5
2010-12-14,17.5,0.1,0.0
2010-12-15,0.0,1.1,1.4
2010-12-16,7.1,2.8,3.2
2010-12-17,9.5,11.5,11.2
2010-12-18,1.2,0.4,0.0
2010-12-19,0.0,19.2,18.0
2010-12-20,44.8,10.3,10.2
2010-12-21,10.0,0.3,0.0
2010-12-22,0.0,10.3,8.6
2010-12-23,0.0,0.6,0.0
2010-12-24,0.0,1.7,1.4
2010-12-25,0.0,4.4,3.7
2010-12-26,44.0,31.5,24.4
2010-12-27,0.0,3.8,3.2
2010-12-28,0.0,1.3,1.0
2010-12-29,0.0,16.2,13.4
2010-12-30,0.0,7.9,6.6
2010-12-31,0.0,7.0,5.8
2011-01-01,4.6,0.3,0.0
2011-01-03,12.5,24.6,19.4
2011-01-04,3.0,5.3,4.8
2011-01-05,0.5,7.8,6.7
2011-01-06,9.5,2.2,2.1
2011-01-07,0.2,1.3,0.0
2011-01-09,0.1,20.0,15.8
2011-01-11,0.0,1.9,1.6
2011-01-14,0.0,4.2,3.8
2011-01-15,3.5,11.5,10.4
2011-01-16,26.0,7.3,6.7
2011-01-17,7.8,0.0,0.0
2011-01-18,0.0,1.2,1.0
2011-01-19,0.0,0.0,0.0
2011-01-20,0.0,1.0,0.0
2011-01-21,0.0,2.8,1.4
2011-01-22,0.0,11.2,8.2
2011-01-23,0.0,19.2,15.2
2011-01-24,0.5,0.9,0.0
2011-01-25,7.0,1.4,1.0
2011-01-26,3.5,5.5,3.6
2011-01-27,1.0,9.5,6.9
2011-01-28,0.5,12.8,10.2
2011-01-30,5.5,2.1,1.0
2011-01-31,1.0,55.9,49.3
2011-02-01,0.0,8.5,5.8
2011-02-02,5.0,29.7,23.7
2011-02-03,0.0,0.4,0.0
2011-02-04,0.0,2.0,1.1
2011-02-05,0.0,1.0,0.0
2011-02-06,6.8,0.0,0.0
2011-02-07,0.0,0.1,0.0
2011-02-08,0.0,0.0,0.0
2011-02-09,0.0,0.0,0.0
2011-02-10,0.0,0.0,0.0
2011-02-11,0.0,0.2,0.0
2011-02-12,0.4,3.8,3.1
2011-02-13,53.0,1.0,0.0
2011-02-14,0.3,2.9,2.6
2011-02-15,0.2,0.6,0.0
2011-02-16,3.0,0.3,0.0
2011-02-18,5.5,4.8,3.6
2011-02-20,0.1,2.3,2.1
2011-02-21,0.0,3.9,1.4
2011-02-22,0.0,0.2,0.0
2011-02-24,7.0,9.2,5.2
2011-02-25,5.0,40.0,31.7
2011-02-26,16.8,13.5,8.2
2011-02-27,29.5,19.3,12.4
2011-02-28,0.0,1.3,0.0
2011-03-02,12.0,0.3,0.0
2011-03-03,8.0,1.4,2.0
2011-03-04,0.0,0.6,0.0
2011-03-06,4.5,2.1,2.5
2011-03-07,0.1,26.4,18.0
2011-03-08,0.0,1.3,0.0
2011-03-09,60.5,8.7,6.9
2011-03-10,0.5,38.2,26.5
2011-03-12,0.0,2.0,1.0
2011-03-13,0.0,1.3,0.0
2011-03-14,23.0,3.6,1.9
2011-03-15,20.5,12.9,7.9
2011-03-16,3.5,0.0,0.0
2011-03-17,4.0,0.8,0.0
2011-03-18,12.5,3.0,1.5
2011-03-20,1.0,39.3,29.0
2011-03-21,13.5,40.2,28.5
2011-03-22,3.7,5.5,3.3
2011-03-23,0.0,1.6,0.0
2011-03-25,5.0,15.9,9.7
2011-03-27,0.0,3.1,1.8
2011-03-29,4.5,59.8,43.1
2011-03-31,0.0,9.3,5.7
2011-04-01,0.0,1.1,0.0
2011-04-02,0.0,0.0,0.0
2011-04-03,0.0,0.0,0.0
2011-04-04,0.0,0.6,0.0
2011-04-05,0.0,1.2,0.0
2011-04-07,0.0,2.2,0.0
2011-04-08,0.0,4.9,2.5
2011-04-09,0.0,12.6,8.2
2011-04-10,22.0,0.4,0.0
2011-04-11,85.0,9.3,5.5
2011-04-12,20.0,12.2,8.1
2011-04-13,5.0,15.4,11.2
2011-04-14,2.0,0.1,0.0
2011-04-15,35.0,0.3,0.0
2011-04-16,0.0,14.1,9.8
2011-04-17,34.5,9.9,6.0
2011-04-19,0.1,4.2,1.0
2011-04-20,0.0,13.5,9.3
2011-04-21,11.5,0.4,0.0
2011-04-22,0.0,16.0,9.0
2011-04-23,13.0,19.5,11.8
2011-04-24,0.0,6.5,1.7
2011-04-25,19.8,4.0,0.0
2011-04-26,3.5,27.5,23.6
2011-04-27,20.0,2.1,0.0
2011-04-28,0.5,6.6,1.8
2011-04-30,9.0,1.8,0.0
2011-05-02,0.0,0.1,0.0
2011-05-03,0.0,5.4,3.9
2011-05-04,1.5,1.8,1.1
2011-05-05,0.0,0.4,0.0
2011-05-06,0.0,0.1,0.0
2011-05-07,0.0,0.3,0.0
2011-05-08,0.0,10.2,7.0
2011-05-09,0.0,0.1,0.0
2011-05-10,0.0,0.1,0.0
2011-05-11,0.0,2.6,2.8
2011-05-12,0.0,1.5,1.5
2011-05-13,0.0,11.0,11.2
2011-05-14,0.0,0.0,0.0
2011-05-15,84.0,0.0,0.0
2011-05-17,4.6,44.8,44.6
2011-05-18,8.8,16.0,16.1
2011-05-19,10.2,0.0,0.0
2011-05-20,12.0,0.4,0.0
2011-05-21,6.0,4.1,3.4
2011-05-22,10.0,30.3,32.5
2011-05-23,1.2,2.8,2.0
2011-05-24,11.5,30.8,32.8
2011-05-25,44.0,7.9,7.4
2011-05-26,2.6,1.2,0.0
2011-05-27,0.2,3.8,3.1
2011-05-28,0.0,1.3,0.0
2011-05-29,23.4,40.1,43.5
2011-05-31,0.4,6.1,5.6
2011-06-01,0.0,14.0,12.8
2011-06-02,28.5,5.0,3.4
2011-06-04,11.5,0.0,0.0
2011-06-05,0.0,0.6,0.0
2011-06-06,0.1,2.1,1.0
2011-06-08,0.0,0.0,0.0
2011-06-09,0.0,1.2,0.0
2011-06-10,0.0,5.0,3.4
2011-06-11,0.0,0.0,0.0
2011-06-12,0.0,0.8,0.0
2011-06-13,0.0,0.0,0.0
2011-06-14,0.0,0.0,0.0
2011-06-15,0.0,0.0,0.0
2011-06-18,0.0,0.4,0.0
2011-06-19,0.0,5.7,6.5
2011-06-20,0.0,0.7,0.0
2011-06-23,0.0,0.8,0.0
2011-06-24,0.0,7.9,9.0
2011-06-25,0.0,6.9,7.6
2011-06-26,0.5,1.9,1.0
2011-06-27,0.1,0.4,0.0
2011-06-28,0.0,9.9,11.8
2011-06-29,0.0,3.5,3.0
2011-06-30,2.0,5.3,5.5
2011-07-02,0.0,0.7,0.0
2011-07-03,0.0,0.0,0.0
2011-07-04,0.0,0.0,0.0
2011-07-05,0.0,0.0,0.0
2011-07-06,0.0,0.0,0.0
2011-07-07,0.0,0.0,0.0
2011-07-08,0.0,0.1,0.0
2011-07-09,0.0,1.0,1.7
2011-07-10,0.0,0.0,0.0
2011-07-11,5.0,52.1,50.2
2011-07-12,0.0,6.5,6.3
2011-07-14,0.0,18.4,20.0
2011-07-16,0.0,0.9,0.0
2011-07-17,0.0,0.0,0.0
2011-07-18,0.0,0.0,0.0
2011-07-19,0.0,0.2,0.0
2011-07-20,0.0,0.2,0.0
2011-07-21,0.0,0.7,0.0
2011-07-22,0.0,0.0,0.0
2011-07-23,0.0,4.5,6.1
2011-07-24,0.0,2.8,3.9
2011-07-25,0.0,0.2,0.0
2011-07-27,0.0,4.1,5.6
2011-07-28,0.0,13.0,16.8
2011-07-29,0.5,2.9,4.0
2011-07-30,0.0,4.1,5.6
2011-07-31,0.0,0.5,0.0
2011-08-01,32.0,12.7,12.7
2011-08-02,0.5,3.4,3.9
2011-08-03,18.5,16.4,18.2
2011-08-04,0.5,4.2,4.8
2011-08-05,0.0,0.0,0.0
2011-08-06,0.1,6.3,6.8
2011-08-07,0.2,0.7,0.0
2011-08-09,0.0,8.2,8.6
2011-08-10,0.2,13.4,13.3
2011-08-11,63.7,1.2,0.0
2011-08-12,0.0,4.8,5.2
2011-08-13,34.5,58.2,76.6
2011-08-14,2.8,3.0,2.8
2011-08-15,0.1,1.9,1.2
2011-08-16,0.6,0.5,0.0
2011-08-17,1.0,0.7,0.0
2011-08-18,1.0,1.2,0.0
2011-08-19,13.0,5.5,6.0
2011-08-20,7.5,11.0,12.7
2011-08-22,7.0,23.2,22.3
2011-08-24,0.1,27.0,26.8
2011-08-25,4.8,4.2,4.0
2011-08-26,0.0,0.8,0.0
2011-08-27,0.0,0.1,0.0
2011-08-29,0.0,8.2,7.5
2011-08-30,0.8,6.9,6.4
2011-09-01,8.5,0.3,0.0
2011-09-04,23.5,1.0,0.0
2011-09-06,29.5,2.8,1.0
2011-09-07,5.0,27.7,35.7
2011-09-08,0.0,3.6,1.5
2011-09-09,6.0,8.1,7.1
2011-09-10,1.5,25.0,32.9
2011-09-11,0.0,10.1,8.9
2011-09-12,0.0,6.1,4.6
2011-09-13,4.3,6.2,4.6
2011-09-14,0.3,9.7,8.5
2011-09-15,0.0,5.4,3.7
2011-09-16,0.1,12.4,11.5
2011-09-17,5.5,5.0,3.4
2011-09-18,45.5,9.4,8.2
2011-09-19,16.0,6.8,5.3
2011-09-20,0.1,2.6,1.0
2011-09-21,3.5,2.8,2.2
2011-09-22,0.0,3.2,2.8
2011-09-24,0.0,8.1,8.7
2011-09-27,0.0,5.5,5.5
2011-09-28,0.0,9.4,10.1
2011-10-01,0.5,21.3,31.0
2011-10-03,15.5,8.0,10.9
2011-10-04,22.4,115.0,70.0
2011-10-06,0.0,0.2,0.0
2011-10-07,0.0,7.1,9.8
2011-10-08,0.2,5.8,8.2
2011-10-10,0.0,1.8,2.9
2011-10-11,0.0,0.3,0.0
2011-10-12,0.0,0.4,0.0
2011-10-13,0.0,0.0,0.0
2011-10-14,0.0,5.2,5.5
2011-10-15,5.0,8.2,8.7
2011-10-16,4.0,0.0,0.0
2011-10-17,0.0,18.4,18.9
2011-10-18,0.8,10.4,11.0
2011-10-19,65.0,57.1,60.8
2011-10-21,15.0,7.5,7.9
2011-10-22,3.5,11.7,12.0
2011-10-24,0.0,6.8,7.1
2011-10-25,6.5,24.4,23.8
2011-10-26,12.5,38.8,36.3
2011-10-27,6.0,5.0,5.3
2011-10-28,14.6,7.8,8.2
2011-10-29,4.5,22.0,21.8
2011-10-30,17.5,5.6,5.8
2011-11-01,0.0,45.9,40.2
2011-11-02,27.4,64.4,50.9
2011-11-03,16.0,11.0,8.6
2011-11-04,11.3,45.3,39.9
2011-11-05,0.5,5.8,4.1
2011-11-06,0.5,11.0,8.6
2011-11-08,0.1,14.2,11.2
2011-11-09,0.0,0.0,0.0
2011-11-10,0.0,0.0,0.0
2011-11-11,29.2,12.5,8.6
2011-11-12,0.0,3.2,1.0
2011-11-13,8.5,0.0,0.0
2011-11-14,0.0,7.9,4.8
2011-11-15,0.0,2.3,0.0
2011-11-16,0.0,3.2,1.0
2011-11-18,38.0,38.9,31.2
2011-11-19,86.0,1.3,0.0
2011-11-20,0.0,5.6,2.9
2011-11-21,0.0,2.6,1.7
2011-11-22,1.5,4.7,3.9
2011-11-23,0.2,2.1,1.2
2011-11-25,5.0,4.3,3.5
2011-11-27,21.5,6.9,5.9
2011-11-28,0.2,4.0,3.2
2011-11-30,13.5,29.0,24.4
2011-12-01,3.0,23.5,19.4
2011-12-03,0.0,0.7,0.0
2011-12-04,1.3,0.0,0.0
2011-12-05,0.0,0.0,0.0
2011-12-06,0.0,0.6,0.0
2011-12-07,0.2,7.4,6.6
2011-12-08,17.3,3.7,3.8
2011-12-09,0.0,0.0,0.0
2011-12-11,23.0,14.5,14.0
2011-12-12,22.5,13.5,13.1
2011-12-13,0.2,5.1,5.3
2011-12-14,0.0,9.9,9.8
2011-12-15,0.5,17.6,17.1
2011-12-16,0.0,3.2,3.5
2011-12-17,0.2,20.0,19.7
2011-12-18,0.2,50.9,51.2
2011-12-19,4.0,9.6,9.6
2011-12-20,0.0,13.7,13.3
2011-12-21,0.0,2.7,2.2
2011-12-23,33.0,19.0,16.4
2011-12-26,0.0,26.8,21.9
2011-12-27,15.3,15.8,13.0
2011-12-28,0.0,1.1,0.0
2011-12-29,6.3,1.7,1.4
2011-12-30,23.0,0.7,0.0
2011-12-31,0.0,0.1,0.0
2013-01-01,28.5,4.9,4.5
2013-01-02,6.0,0.0,0.0
2013-01-03,4.3,8.1,6.9
2013-01-06,0.0,0.1,0.0
2013-01-07,0.0,0.3,0.0
2013-01-08,0.0,0.0,0.0
2013-01-10,0.0,1.8,1.7
2013-01-12,9.3,0.2,0.0
2013-01-14,0.5,0.0,0.0
2013-01-16,25.5,1.7,1.4
2013-01-17,0.0,15.7,14.1
2013-01-18,0.0,0.0,0.0
2013-01-19,0.0,2.8,2.5
2013-01-20,25.0,3.8,3.5
2013-01-21,3.0,11.9,9.2
2013-01-22,0.0,88.9,59.6
2013-01-23,59.5,37.4,38.1
2013-01-24,45.5,0.1,0.0
2013-01-25,43.1,0.4,0.0
2013-01-26,1.0,0.4,0.0
2013-01-27,18.0,0.5,0.0
2013-01-28,0.0,0.0,0.0
2013-01-29,14.8,10.8,7.9
2013-01-30,22.0,5.2,3.3
2013-01-31,6.0,2.6,1.2
2013-02-01,0.5,0.7,0.0
2013-02-02,0.0,8.2,5.6
2013-02-03,20.5,0.4,0.0
2013-02-04,1.0,12.2,9.0
2013-02-05,0.8,74.5,46.3
2013-02-06,21.0,3.4,2.2
2013-02-07,14.0,13.4,9.8
2013-02-08,13.0,24.4,18.7
2013-02-09,3.0,44.6,33.4
2013-02-10,0.1,1.2,0.0
2013-02-11,0.0,0.2,0.0
2013-02-12,13.8,18.9,12.2
2013-02-13,2.4,29.8,20.8
2013-02-14,34.0,3.1,2.6
2013-02-15,10.5,7.8,5.4
2013-02-16,6.0,56.7,36.3
2013-02-17,9.6,41.4,27.6
2013-02-18,49.0,2.3,2.2
2013-02-19,0.0,17.4,10.6
2013-02-20,1.0,6.8,4.8
2013-02-21,0.0,4.4,1.8
2013-02-22,0.0,0.0,0.0
2013-02-23,0.0,0.0,0.0
2013-02-24,11.5,15.7,9.7
2013-02-25,2.3,2.9,1.0
2013-02-26,4.0,19.3,12.4
2013-02-27,0.5,62.1,35.1
2013-02-28,1.0,8.9,5.0
2013-03-01,0.0,22.8,16.6
2013-03-02,0.2,0.0,0.0
2013-03-03,0.0,0.0,0.0
2013-03-05,0.0,0.0,0.0
2013-03-06,0.0,0.1,0.0
2013-03-07,0.0,0.0,0.0
2013-03-08,0.0,0.0,0.0
2013-03-09,68.0,0.0,0.0
2013-03-10,0.0,0.0,0.0
2013-03-11,0.0,7.4,4.3
2013-03-12,0.0,4.0,2.2
2013-03-13,0.0,6.4,3.7
2013-03-14,0.0,0.6,0.0
2013-03-15,0.0,0.0,0.0
2013-03-16,0.0,0.1,0.0
2013-03-17,0.0,17.1,10.4
2013-03-18,0.0,11.9,7.3
2013-03-19,0.0,0.0,0.0
2013-03-20,0.0,0.0,0.0
2013-03-23,0.0,19.9,12.1
2013-03-24,0.0,15.2,9.2
2013-03-26,0.0,4.6,2.8
2013-03-27,0.0,2.6,1.5
2013-03-30,0.0,3.5,2.1
2013-03-31,0.0,2.1,1.3
2013-04-01,0.0,9.0,5.6
2013-04-02,0.0,48.0,41.1
2013-04-03,6.0,15.2,10.0
2013-04-04,19.0,8.9,5.5
2013-04-05,8.0,41.6,36.5
2013-04-06,13.0,35.7,30.3
2013-04-07,16.0,0.0,0.0
2013-04-09,3.0,3.4,1.3
2013-04-10,19.0,19.1,13.4
2013-04-11,18.5,2.6,0.0
2013-04-12,0.0,13.2,9.0
2013-04-14,1.5,20.0,20.1
2013-04-15,0.0,4.2,1.0
2013-04-16,0.0,0.4,0.0
2013-04-17,0.0,2.2,0.0
2013-04-18,0.0,0.5,0.0
2013-04-19,0.0,1.7,0.0
2013-04-20,1.0,1.3,0.0
2013-04-21,0.0,8.4,3.1
2013-04-22,11.6,1.8,0.0
2013-04-23,0.0,2.6,0.0
2013-04-24,0.0,38.4,31.5
2013-04-25,2.0,0.8,0.0
2013-04-26,17.5,16.2,9.2
2013-04-27,5.0,0.5,0.0
2013-04-28,0.0,6.7,1.9
2013-04-29,0.0,16.9,9.7
2013-04-30,0.5,3.6,0.0
2013-05-02,0.0,2.0,1.2
2013-05-03,1.0,1.0,0.0
2013-05-04,0.0,28.3,17.1
2013-05-05,65.0,6.8,4.8
2013-05-06,9.3,12.0,8.1
2013-05-07,0.2,17.8,11.5
2013-05-09,8.0,59.6,37.1
2013-05-10,0.0,160.1,75.9
2013-05-11,0.0,19.3,18.3
2013-05-12,0.0,0.7,0.0
2013-05-13,0.0,0.3,0.0
2013-05-14,0.0,3.9,4.1
2013-05-15,0.0,0.6,0.0
2013-05-16,0.0,6.0,6.2
2013-05-17,0.0,0.7,0.0
2013-05-18,14.2,1.0,0.0
2013-05-19,0.0,0.1,0.0
2013-05-20,0.0,0.2,0.0
2013-05-22,0.0,0.3,0.0
2013-05-23,4.5,1.5,1.0
2013-05-24,4.5,2.8,1.9
2013-05-25,6.0,8.5,7.9
2013-05-26,0.0,8.6,8.0
2013-05-28,0.0,1.7,1.0
2013-05-29,4.0,0.0,0.0
2013-05-30,0.0,0.6,0.0
2013-05-31,3.2,0.2,0.0
2013-06-01,1.2,3.5,1.7
2013-06-02,0.0,0.0,0.0
2013-06-03,0.0,8.3,6.9
2013-06-06,7.2,2.4,1.0
2013-06-07,0.0,2.8,1.0
2013-06-08,12.5,16.4,19.7
2013-06-09,15.5,45.0,48.9
2013-06-10,0.0,5.8,4.2
2013-06-13,0.0,2.8,2.8
2013-06-14,0.0,0.9,0.0
2013-06-15,0.0,6.0,6.8
2013-06-17,0.0,0.1,0.0
2013-06-19,2.0,4.7,5.2
2013-06-20,0.0,1.7,1.2
2013-06-21,0.0,3.8,3.4
2013-06-22,0.0,2.3,1.3
2013-06-23,0.0,1.6,1.0
2013-06-24,0.0,0.0,0.0
2013-06-25,2.5,0.0,0.0
2013-06-26,3.5,6.7,7.4
2013-06-28,1.5,4.8,4.7
2013-06-29,21.0,0.0,0.0
2013-06-30,0.5,52.7,78.3
2013-07-01,0.0,0.9,0.0
2013-07-03,14.5,43.3,45.9
2013-07-05,0.0,1.1,1.7
2013-07-06,0.0,8.6,9.5
2013-07-07,0.0,7.4,8.2
2013-07-09,0.0,0.0,0.0
2013-07-10,5.5,0.0,0.0
2013-07-11,0.0,0.0,0.0
2013-07-13,0.0,0.8,0.0
2013-07-14,0.0,24.6,27.0
2013-07-15,0.0,1.1,1.0
2013-07-16,0.0,3.1,2.8
2013-07-18,0.0,0.0,0.0
2013-07-19,0.0,1.3,1.0
2013-07-20,0.0,0.2,0.0
2013-07-21,0.0,6.6,8.8
2013-07-22,0.0,0.0,0.0
2013-07-23,0.0,0.0,0.0
2013-07-24,0.0,0.0,0.0
2013-07-25,9.6,1.3,1.7
2013-07-26,14.0,1.3,1.8
2013-07-27,0.0,0.0,0.0
2013-07-28,0.0,3.0,4.2
2013-07-30,0.0,5.5,7.4
2013-08-02,0.0,6.6,7.1
2013-08-03,0.0,24.2,26.7
2013-08-04,0.0,9.3,9.7
2013-08-05,0.0,2.2,2.7
2013-08-06,0.0,11.1,11.5
2013-08-07,3.3,5.7,6.3
2013-08-08,0.0,10.4,10.6
2013-08-09,0.0,6.3,6.8
2013-08-10,0.0,0.2,0.0
2013-08-11,0.0,1.3,1.0
2013-08-13,0.0,1.4,1.0
2013-08-14,0.0,3.0,2.8
2013-08-16,18.2,0.0,0.0
2013-08-17,0.0,5.7,6.3
2013-08-18,1.4,17.6,22.4
2013-08-19,0.0,11.3,13.0
2013-08-20,6.9,0.6,0.0
2013-08-21,0.1,0.6,0.0
2013-08-23,0.0,0.1,0.0
2013-08-24,0.0,0.7,0.0
2013-08-25,12.9,0.5,0.0
2013-08-26,24.5,0.0,0.0
2013-08-27,0.0,1.0,0.0
2013-08-28,33.0,17.7,15.9
2013-08-29,0.0,2.7,2.6
2013-08-30,6.7,26.2,25.6
2013-08-31,11.0,3.4,3.2
2013-09-01,15.5,4.2,2.3
2013-09-02,48.8,1.7,0.0
2013-09-03,40.2,18.3,24.5
2013-09-04,55.5,7.8,6.7
2013-09-05,41.3,9.8,9.1
2013-09-06,14.0,13.8,13.9
2013-09-08,0.5,3.4,1.2
2013-09-10,7.5,17.6,18.6
2013-09-11,17.5,6.0,4.4
2013-09-12,35.2,3.3,1.4
2013-09-13,0.0,7.2,5.8
2013-09-14,5.8,0.0,0.0
2013-09-15,0.0,0.3,0.0
2013-09-16,0.0,0.0,0.0
2013-09-17,0.0,2.9,1.0
2013-09-18,0.0,0.8,0.0
2013-09-19,0.0,0.0,0.0
2013-09-20,0.0,0.8,0.0
2013-09-21,0.0,1.1,0.0
2013-09-22,0.0,0.7,0.0
2013-09-23,0.0,0.5,0.0
2013-09-24,0.0,1.3,0.0
2013-09-25,0.0,1.1,0.0
2013-09-26,0.0,2.7,2.1
2013-09-28,0.0,4.2,4.0
2013-09-29,0.1,4.2,4.0
2013-09-30,0.0,1.2,0.0
2013-10-04,0.0,6.0,8.4
2013-10-05,0.0,3.7,5.4
2013-10-06,1.0,4.3,6.3
2013-10-07,0.0,0.3,0.0
2013-10-09,0.0,0.0,0.0
2013-10-11,25.0,15.4,15.9
2013-10-12,9.0,11.5,12.0
2013-10-13,2.5,3.9,4.0
2013-10-14,3.5,7.1,7.5
2013-10-15,0.0,2.9,2.9
2013-10-17,20.0,60.4,63.2
2013-10-18,2.0,5.7,6.0
2013-10-19,49.2,10.5,11.0
2013-10-20,4.8,12.9,13.4
2013-10-21,0.2,6.8,7.1
2013-10-22,13.8,20.1,20.5
2013-10-23,37.5,0.0,0.0
2013-10-24,6.0,0.0,0.0
2013-10-25,57.2,0.0,0.0
2013-10-26,12.5,0.3,0.0
2013-10-27,10.5,7.8,8.1
2013-10-28,26.5,1.3,1.0
2013-10-29,0.0,1.6,1.3
2013-10-30,0.0,2.0,1.7
2013-11-02,4.7,41.6,36.2
2013-11-03,0.2,9.4,7.2
2013-11-04,5.6,15.2,12.0
2013-11-06,20.5,25.9,20.6
2013-11-07,14.5,19.7,15.7
2013-11-08,6.1,16.6,13.2
2013-11-09,22.0,10.5,8.2
2013-11-10,8.0,29.1,24.5
2013-11-11,10.0,56.2,47.1
2013-11-12,9.0,47.6,38.9
2013-11-13,0.5,6.7,3.8
2013-11-14,2.5,24.0,17.8
2013-11-15,18.5,2.8,1.0
2013-11-16,8.5,25.1,19.5
2013-11-17,0.0,1.8,0.0
2013-11-18,10.0,10.4,6.9
2013-11-19,20.0,19.9,14.5
2013-11-20,6.5,0.0,0.0
2013-11-21,46.7,1.0,0.0
2013-11-22,0.5,31.5,25.8
2013-11-23,0.0,11.5,10.0
2013-11-25,11.3,10.2,8.9
2013-11-29,0.5,6.2,5.3
2013-11-30,37.0,9.5,8.3
2013-12-01,34.5,19.2,15.4
2013-12-03,21.3,22.0,17.8
2013-12-04,2.0,5.9,5.4
2013-12-05,7.5,10.7,9.1
2013-12-07,6.5,18.9,15.2
2013-12-08,0.5,9.5,8.2
2013-12-10,2.0,1.5,1.9
2013-12-11,0.0,12.7,12.3
2013-12-13,2.0,3.0,3.4
2013-12-14,29.0,4.6,4.8
2013-12-15,0.0,0.0,0.0
2013-12-16,0.0,0.3,0.0
2013-12-17,0.0,0.0,0.0
2013-12-18,0.0,0.0,0.0
2013-12-19,12.5,8.7,8.7
2013-12-20,46.0,2.5,2.8
2013-12-21,54.5,0.1,0.0
2013-12-22,13.5,1.7,1.4
2013-12-23,20.5,3.7,3.1
2013-12-24,0.0,0.1,0.0
2013-12-25,0.0,0.5,0.0
2013-12-26,0.0,1.0,0.0
2013-12-28,32.5,45.9,40.8
2013-12-29,45.0,27.8,20.4
2013-12-31,0.0,0.0,0.0
2014-01-01,0.0,2.1,2.0
2014-01-03,2.5,3.3,3.1
2014-01-05,0.0,1.5,1.4
2014-01-06,12.5,86.6,52.4
2014-01-08,0.0,0.6,0.0
2014-01-09,9.0,0.4,0.0
2014-01-10,41.5,10.1,8.4
2014-01-11,0.8,0.0,0.0
2014-01-12,0.0,0.8,0.0
2014-01-14,1.0,1.2,1.0
2014-01-16,0.0,0.1,0.0
2014-01-17,0.0,0.0,0.0
2014-01-19,0.0,0.1,0.0
2014-01-20,0.0,0.0,0.0
2014-01-21,0.0,4.3,2.6
2014-01-22,0.0,0.0,0.0
2014-01-23,0.0,0.0,0.0
2014-01-24,0.0,0.0,0.0
2014-01-25,0.0,0.0,0.0
2014-01-26,5.1,0.0,0.0
2014-01-27,0.0,0.2,0.0
2014-01-28,0.0,0.2,0.0
2014-01-29,0.0,0.1,0.0
2014-01-30,0.0,0.0,0.0
2014-01-31,0.0,0.8,0.0
2014-02-01,0.0,0.0,0.0
2014-02-02,0.0,0.3,0.0
2014-02-03,0.0,0.0,0.0
2014-02-04,0.0,0.0,0.0
2014-02-05,0.0,0.0,0.0
2014-02-06,0.0,0.2,0.0
2014-02-07,0.0,0.0,0.0
2014-02-08,0.0,0.0,0.0
2014-02-09,0.0,0.0,0.0
2014-02-10,0.0,1.0,0.0
2014-02-11,0.0,0.2,0.0
2014-02-12,0.0,0.0,0.0
2014-02-13,0.0,0.0,0.0
2014-02-14,13.5,0.3,0.0
2014-02-16,0.0,0.0,0.0
2014-02-17,0.0,0.4,0.0
2014-02-18,0.0,0.0,0.0
2014-02-19,3.2,8.8,6.0
2014-02-20,7.5,12.8,8.2
2014-02-22,0.0,6.2,3.1
2014-02-23,0.0,0.0,0.0
2014-02-24,0.0,2.0,0.0
2014-02-25,0.0,0.0,0.0
2014-02-26,0.0,1.3,0.0
2014-02-27,0.0,0.9,0.0
2014-02-28,0.0,15.2,9.5
2014-03-01,29.7,2.6,2.8
2014-03-03,26.0,10.3,8.0
2014-03-04,20.0,6.1,5.1
2014-03-05,0.0,0.0,0.0
2014-03-06,0.0,0.0,0.0
2014-03-07,0.0,0.0,0.0
2014-03-08,0.0,0.0,0.0
2014-03-09,0.0,0.0,0.0
2014-03-10,0.0,0.0,0.0
2014-03-11,0.0,0.6,0.0
2014-03-12,0.0,0.0,0.0
2014-03-13,0.0,0.0,0.0
2014-03-14,0.0,0.1,0.0
2014-03-15,1.0,113.6,70.7
2014-03-16,1.5,21.1,13.0
2014-03-17,14.0,77.9,70.8
2014-03-18,0.5,28.3,20.7
2014-03-19,2.2,38.3,28.0
2014-03-20,5.0,64.7,56.2
2014-03-21,0.0,1.2,0.0
2014-03-22,1.0,0.0,0.0
2014-03-23,0.0,0.0,0.0
2014-03-24,0.0,0.2,0.0
2014-03-25,0.0,0.0,0.0
2014-03-26,0.0,6.5,3.9
2014-03-29,0.0,0.5,0.0
2014-03-30,0.0,22.6,13.7
2014-03-31,7.0,11.2,6.8
2014-04-01,23.5,9.2,5.7
2014-04-02,0.0,13.9,9.1
2014-04-04,60.5,49.7,42.4
2014-04-05,70.3,39.8,34.4
2014-04-06,0.0,0.2,0.0
2014-04-08,0.0,0.0,0.0
2014-04-09,4.0,5.9,3.2
2014-04-10,23.4,35.2,29.4
2014-04-11,6.5,2.6,0.0
2014-04-12,13.0,0.6,0.0
2014-04-13,12.0,5.6,2.2
2014-04-15,0.0,5.7,2.4
2014-04-16,4.0,4.7,1.4
2014-04-17,0.0,13.7,9.4
2014-04-20,6.0,1.9,0.0
2014-04-21,21.3,4.4,1.0
2014-04-22,70.0,12.1,6.0
2014-04-24,17.5,11.1,5.2
2014-04-25,5.3,2.5,0.0
2014-04-26,5.5,17.0,9.8
2014-04-27,1.0,48.0,38.8
2014-04-28,0.2,8.8,3.5
2014-04-29,47.5,4.8,1.0
2014-04-30,13.2,1.9,0.0
2014-05-01,0.5,24.3,15.2
2014-05-02,4.5,2.4,1.6
2014-05-04,100.0,33.7,20.9
2014-05-06,1.0,16.4,10.6
2014-05-07,7.2,6.5,4.6
2014-05-08,29.0,15.8,10.3
2014-05-09,16.5,32.9,20.7
2014-05-11,0.0,2.3,2.4
2014-05-12,6.5,13.2,13.4
2014-05-13,9.8,10.7,10.7
2014-05-15,0.2,40.8,40.1
2014-05-18,0.0,0.8,0.0
2014-05-19,1.5,1.6,1.7
2014-05-21,0.0,0.0,0.0
2014-05-22,3.1,7.7,7.1
2014-05-23,4.6,3.4,2.6
2014-05-24,0.0,13.0,12.4
2014-05-25,0.0,0.4,0.0
2014-05-26,33.0,104.1,52.9
2014-05-27,0.0,1.6,1.0
2014-05-28,15.3,0.0,0.0
2014-05-29,21.5,6.1,5.6
2014-05-30,38.5,53.7,52.6
2014-05-31,0.5,20.5,22.4
2014-06-02,13.5,10.9,9.8
2014-06-03,0.0,10.7,9.5
2014-06-04,9.2,24.7,27.7
2014-06-05,0.0,2.2,1.0
2014-06-06,0.0,0.0,0.0
2014-06-07,0.0,0.0,0.0
2014-06-08,0.0,0.8,0.0
2014-06-09,0.0,0.0,0.0
2014-06-10,0.0,0.0,0.0
2014-06-12,0.0,2.9,2.8
2014-06-14,0.0,1.3,1.0
2014-06-15,0.0,10.1,12.1
2014-06-17,0.0,2.8,2.7
2014-06-18,0.0,0.0,0.0
2014-06-19,0.0,0.0,0.0
2014-06-20,0.0,0.1,0.0
2014-06-21,0.0,2.2,1.3
2014-06-22,0.0,0.5,0.0
2014-06-23,0.0,0.7,0.0
2014-06-24,0.0,0.0,0.0
2014-06-25,0.0,0.0,0.0
2014-06-26,25.0,1.6,1.0
2014-06-27,1.0,1.2,0.0
2014-06-28,0.2,0.4,0.0
2014-06-29,12.3,2.0,1.0
2014-06-30,1.0,0.4,0.0
2014-07-02,2.0,0.9,0.0
2014-07-05,0.0,7.1,8.0
2014-07-06,0.0,8.2,9.1
2014-07-07,0.2,4.6,5.5
2014-07-10,0.0,2.3,3.1
2014-07-11,0.0,3.2,2.9
2014-07-12,0.0,0.0,0.0
2014-07-13,0.0,0.6,0.0
2014-07-14,0.0,0.2,0.0
2014-07-15,0.0,4.0,3.7
2014-07-16,0.0,0.1,0.0
2014-07-17,0.0,0.0,0.0
2014-07-18,0.0,0.0,0.0
2014-07-19,0.0,0.0,0.0
2014-07-20,0.0,0.6,0.0
2014-07-21,0.0,0.1,0.0
2014-07-22,0.0,0.3,0.0
2014-07-23,0.0,0.0,0.0
2014-07-24,0.0,1.1,1.4
2014-07-25,0.0,0.1,0.0
2014-07-26,0.0,5.7,7.7
2014-07-27,0.0,0.0,0.0
2014-07-28,0.0,0.1,0.0
2014-07-29,0.0,0.1,0.0
2014-07-30,0.0,4.5,6.2
2014-08-01,0.0,12.5,12.6
2014-08-02,0.0,0.0,0.0
2014-08-03,0.0,0.0,0.0
2014-08-04,0.0,0.1,0.0
2014-08-05,0.0,0.0,0.0
2014-08-06,2.5,8.5,8.9
2014-08-07,18.2,25.8,28.2
2014-08-09,6.3,1.2,1.6
2014-08-10,0.0,29.0,31.9
2014-08-11,7.1,5.0,5.4
2014-08-12,0.0,25.6,32.9
2014-08-13,16.5,30.1,37.4
2014-08-14,18.4,12.6,14.4
2014-08-15,5.9,21.5,26.3
2014-08-16,0.5,14.8,16.9
2014-08-17,3.0,17.6,21.5
2014-08-18,0.0,10.2,11.8
2014-08-19,15.0,26.2,32.3
2014-08-20,57.0,4.5,4.8
2014-08-21,0.0,0.5,0.0
2014-08-23,38.0,11.5,10.3
2014-08-24,70.0,19.8,19.0
2014-08-25,0.6,15.4,13.8
2014-08-28,2.0,10.0,9.1
2014-08-29,0.0,0.1,0.0
2014-08-30,0.0,0.0,0.0
2014-08-31,1.2,7.2,6.7
2014-09-02,12.5,23.7,29.9
2014-09-04,12.0,5.4,3.8
2014-09-05,17.0,10.6,10.1
2014-09-07,26.0,10.3,9.8
2014-09-08,0.0,13.5,13.6
2014-09-12,0.0,16.1,15.7
2014-09-13,4.0,17.7,20.4
2014-09-14,0.0,3.3,1.4
2014-09-15,0.0,0.0,0.0
2014-09-16,0.0,0.5,0.0
2014-09-17,6.0,11.3,10.3
2014-09-18,0.0,2.0,0.0
2014-09-19,9.0,22.0,26.0
2014-09-20,5.5,34.9,41.0
2014-09-21,1.0,19.9,21.7
2014-09-22,30.2,0.7,0.0
2014-09-23,17.0,6.6,6.9
2014-09-25,11.0,2.4,1.7
2014-09-26,0.0,0.4,0.0
2014-09-28,23.0,11.4,12.4
2014-09-29,3.0,38.9,50.7
2014-09-30,18.5,6.6,6.9
2014-10-02,0.0,23.2,32.9
2014-10-03,12.0,15.1,19.6
2014-10-04,6.0,29.6,41.6
2014-10-05,0.0,2.8,4.3
2014-10-06,0.0,13.3,17.4
2014-10-08,0.0,0.0,0.0
2014-10-09,0.0,1.2,2.1
2014-10-10,0.0,3.1,4.8
2014-10-11,0.0,2.2,2.0
2014-10-12,0.0,16.8,17.2
2014-10-13,0.0,35.3,41.0
2014-10-14,0.0,9.9,10.4
2014-10-16,0.0,10.1,10.6
2014-10-17,9.0,10.9,11.4
2014-10-18,8.0,74.0,73.5
2014-10-19,14.0,26.0,30.5
2014-10-20,0.2,3.7,3.8
2014-10-21,5.0,18.4,18.4
2014-10-22,11.0,5.0,5.2
2014-10-23,7.2,14.9,15.1
2014-10-24,16.8,25.1,24.5
2014-10-25,4.0,0.1,0.0
2014-10-26,7.0,2.8,2.7
2014-10-27,14.0,1.6,1.2
2014-10-28,28.0,4.2,4.4
2014-10-29,44.0,5.8,6.1
2014-10-30,18.0,11.2,11.5
2014-10-31,0.0,27.0,26.1
2014-11-01,28.0,79.7,57.6
2014-11-02,1.0,47.2,40.8
2014-11-03,24.0,17.5,14.0
2014-11-04,10.0,0.9,0.0
2014-11-05,28.5,12.3,9.7
2014-11-06,1.5,4.7,3.1
2014-11-07,17.0,6.4,4.7
2014-11-08,0.0,2.1,1.0
2014-11-10,4.0,4.1,2.6
2014-11-11,6.5,3.5,1.2
2014-11-12,4.5,7.0,4.1
2014-11-13,0.1,13.9,9.6
2014-11-14,2.5,2.9,1.0
2014-11-15,18.5,78.6,71.2
2014-11-16,8.5,49.7,40.6
2014-11-17,0.0,5.6,3.0
2014-11-18,10.0,0.8,0.0
2014-11-19,20.0,127.4,106.5
2014-11-20,6.5,1.0,0.0
2014-11-21,46.7,17.2,15.0
2014-11-22,0.5,3.6,2.8
2014-11-23,0.0,1.1,0.0
2014-11-25,11.3,95.4,108.2
2014-11-29,0.5,18.5,16.0
2014-11-30,37.0,5.8,4.9
2014-12-01,34.5,17.4,14.0
2014-12-03,21.3,13.6,11.2
2014-12-04,2.0,1.9,2.3
2014-12-05,7.5,0.2,0.0
2014-12-07,6.5,8.5,7.4
2014-12-08,0.5,10.6,9.0
2014-12-10,2.0,1.6,2.1
2014-12-11,0.0,0.9,0.0
2014-12-13,2.0,8.8,8.8
2014-12-14,29.0,9.3,9.3
2014-12-15,0.0,11.7,11.5
2014-12-16,0.0,15.8,15.2
2014-12-17,0.0,1.5,1.8
2014-12-18,0.0,2.3,2.6
2014-12-19,12.5,9.3,9.3
2014-12-20,46.0,60.1,56.2
2014-12-21,54.5,53.9,49.2
2014-12-22,13.5,28.9,21.4
2014-12-23,20.5,34.2,27.7
2014-12-24,0.0,69.7,64.3
2014-12-25,0.0,11.7,9.7
2014-12-26,0.0,12.4,10.3
2014-12-28,32.5,17.2,14.9
2014-12-29,45.0,2.0,1.7
2014-12-31,0.0,20.2,16.5
2015-01-01,30.8,0.7,0.0
2015-01-02,6.6,38.9,30.0
2015-01-05,9.2,0.8,0.0
2015-01-06,2.0,7.9,6.8
2015-01-07,8.2,13.3,10.7
2015-01-08,71.1,6.7,5.8
2015-01-09,32.0,37.7,29.7
2015-01-10,26.6,0.6,0.0
2015-01-11,0.4,0.0,0.0
2015-01-13,3.0,0.7,0.0
2015-01-14,11.4,4.4,4.1
2015-01-15,6.6,0.0,0.0
2015-01-16,1.4,8.9,8.2
2015-01-21,15.2,17.4,13.3
2015-01-22,47.0,10.4,7.6
2015-01-23,6.4,0.6,0.0
2015-01-26,6.4,7.4,5.2
2015-01-27,12.1,0.1,0.0
2015-01-31,9.0,6.5,4.5
2015-02-01,5.8,2.7,1.7
2015-02-02,0.0,0.1,0.0
2015-02-06,0.0,29.5,23.0
2015-02-09,8.4,33.0,25.5
2015-02-11,1.0,0.0,0.0
2015-02-13,0.0,0.1,0.0
2015-02-19,18.7,0.0,0.0
2015-02-24,0.0,0.0,0.0
2015-03-11,3.4,3.6,1.9
2015-03-18,0.0,0.1,0.0
2015-03-20,0.0,6.2,3.6
2015-03-22,46.2,24.7,14.8
2015-03-26,0.0,0.4,0.0
2015-03-27,6.5,46.2,32.8
2015-03-28,0.0,0.0,0.0
2015-03-29,3.5,3.2,1.9
2015-03-30,1.0,23.9,14.9
2015-03-31,5.7,16.1,9.8
2015-04-01,30.9,24.7,16.9
2015-04-02,17.8,2.0,0.0
2015-04-03,41.5,1.1,0.0
2015-04-06,34.1,0.0,0.0
2015-04-08,18.0,19.7,13.4
2015-04-12,5.5,21.4,21.9
2015-04-13,2.8,28.6,31.6
2015-04-16,10.0,16.6,12.2
2015-04-18,36.4,6.7,3.2
2015-04-20,4.7,5.1,1.8
2015-04-21,1.5,15.4,8.5
2015-04-22,6.7,8.8,3.5
2015-04-24,13.0,5.2,1.0
2015-04-27,6.0,5.2,1.0
2015-04-28,17.0,10.4,4.7
2015-04-30,15.8,42.2,34.1
2015-05-01,7.0,5.0,3.6
2015-05-02,8.0,1.8,1.0
2015-05-03,2.0,1.2,0.0
2015-05-05,7.5,0.7,0.0
2015-05-06,4.0,0.0,0.0
2015-05-08,1.9,41.6,26.2
2015-05-10,16.0,0.1,0.0
2015-05-11,13.7,4.0,4.2
2015-05-14,76.0,2.3,2.4
2015-05-15,6.8,0.0,0.0
2015-05-20,0.0,17.0,16.6
2015-05-21,44.5,1.9,1.0
2015-05-22,15.0,3.3,2.5
2015-05-23,53.0,3.7,3.0
2015-05-25,0.5,4.1,3.4
2015-05-28,5.0,9.5,8.9
2015-05-29,14.0,0.1,0.0
2015-05-30,0.0,10.4,9.7
2015-06-01,22.8,5.1,3.6
2015-06-03,11.8,30.2,32.9
2015-06-04,0.0,1.9,0.0
2015-06-05,19.1,9.7,8.4
2015-06-06,3.7,5.7,4.1
2015-06-08,24.8,8.1,6.7
2015-06-09,14.4,5.7,4.1
2015-06-10,0.0,4.8,3.2
2015-06-12,44.8,6.4,7.4
2015-06-14,31.0,15.0,22.4
2015-06-15,4.0,16.7,24.8
2015-06-17,0.0,0.1,0.0
2015-06-18,0.0,0.0,0.0
2015-06-23,0.0,0.6,0.0
2015-06-25,0.0,3.0,2.2
2015-06-28,0.0,0.1,0.0
2015-06-29,0.0,0.0,0.0
2015-07-01,11.4,0.0,0.0
2015-07-02,0.0,0.0,0.0
2015-07-03,0.0,19.5,21.7
2015-07-04,4.9,4.4,5.3
2015-07-07,0.0,6.5,7.4
2015-07-13,0.5,6.9,6.6
2015-07-15,1.0,9.7,9.4
2015-07-16,0.0,0.2,0.0
2015-07-18,15.0,45.8,45.2
2015-07-19,7.7,0.9,0.0
2015-07-20,1.5,9.3,9.0
2015-07-23,34.0,0.0,0.0
2015-07-24,0.0,2.0,2.7
2015-07-27,4.5,0.2,0.0
2015-07-28,6.5,0.0,0.0
2015-07-30,11.0,4.2,5.8
2015-08-01,9.0,40.1,43.6
2015-08-02,6.5,23.5,25.8
2015-08-03,8.9,17.3,19.2
2015-08-04,2.0,0.0,0.0
2015-08-09,0.6,14.2,16.1
2015-08-11,43.0,10.4,12.0
2015-08-12,3.2,2.5,2.0
2015-08-13,0.5,1.0,0.0
2015-08-14,2.0,0.9,0.0
2015-08-15,1.0,0.0,0.0
2015-08-17,75.5,0.1,0.0
2015-08-18,5.5,0.0,0.0
2015-08-21,3.0,0.0,0.0
2015-08-23,0.5,16.7,14.8
2015-08-26,6.0,2.0,1.8
2015-08-29,0.0,0.4,0.0
2015-08-30,4.2,0.0,0.0
2015-08-31,9.5,0.4,0.0
2015-09-01,0.0,0.3,0.0
2015-09-05,0.4,2.9,1.0
2015-09-06,0.5,0.0,0.0
2015-09-08,5.0,20.0,25.5
2015-09-09,27.6,27.3,34.8
2015-09-10,7.0,0.3,0.0
2015-09-11,0.0,4.9,3.2
2015-09-12,26.4,8.7,7.4
2015-09-13,6.0,50.3,52.2
2015-09-14,5.3,3.0,1.0
2015-09-19,1.3,0.7,0.0
2015-09-21,1.0,1.4,0.0
2015-09-22,20.0,24.0,27.9
2015-09-23,2.0,23.9,27.4
2015-09-24,0.0,5.3,5.3
2015-09-26,0.0,10.8,11.7
2015-09-27,24.5,45.7,65.1
2015-09-28,20.5,0.7,0.0
2015-09-30,4.5,20.0,22.0
2015-10-01,0.0,2.9,4.5
2015-10-02,9.7,3.5,5.2
2015-10-03,6.4,0.7,0.0
2015-10-05,23.4,12.4,16.4
2015-10-07,5.0,4.8,6.9
2015-10-08,0.5,5.3,7.5
2015-10-10,4.1,0.0,0.0
2015-10-15,5.6,0.7,0.0
2015-10-16,8.5,42.6,48.1
2015-10-18,0.0,14.4,14.9
2015-10-19,105.0,3.0,3.0
2015-10-22,0.0,30.6,28.8
2015-10-24,0.0,4.7,4.9
2015-10-26,0.0,66.8,59.6
2015-10-28,16.5,14.8,15.0
2015-10-29,1.0,0.6,0.0
2015-10-30,0.0,25.7,24.8
2015-10-31,10.8,4.0,4.1
2015-11-01,2.4,19.2,15.3
2015-11-02,10.5,21.1,16.8
2015-11-03,48.0,27.5,22.2
2015-11-04,59.9,10.8,8.4
2015-11-05,27.8,15.8,12.5
2015-11-06,42.5,2.8,1.3
2015-11-09,15.0,6.2,4.5
2015-11-10,4.5,24.7,19.7
2015-11-11,4.3,16.8,12.0
2015-11-12,33.6,39.4,31.8
2015-11-13,5.3,20.3,14.8
2015-11-15,16.8,19.3,14.0
2015-11-19,24.8,1.2,0.0
2015-11-20,7.0,27.4,20.5
2015-11-21,0.0,8.3,7.2
2015-11-22,6.7,49.8,46.0
2015-11-23,29.5,7.5,6.5
2015-11-24,1.5,3.4,2.6
2015-11-25,31.0,2.1,1.2
2015-11-26,0.2,26.7,22.1
2015-11-27,20.5,30.0,24.5
2015-11-28,28.0,7.1,6.1
2015-11-29,1.7,11.8,10.3
2015-11-30,62.8,8.0,6.9
2015-12-01,23.2,9.7,8.4
2015-12-02,21.0,0.9,0.0
2015-12-04,3.2,1.6,2.1
2015-12-05,34.6,0.2,0.0
2015-12-06,0.5,33.5,26.3
2015-12-07,0.8,0.9,0.0
2015-12-08,1.5,8.7,7.6
2015-12-09,4.2,38.9,30.4
2015-12-10,7.8,50.4,38.4
2015-12-11,34.4,51.1,51.0
2015-12-13,2.5,3.0,3.4
2015-12-14,15.4,1.3,1.7
2015-12-15,18.2,12.7,12.3
2015-12-16,0.6,3.1,3.4
2015-12-19,3.8,7.4,7.5
2015-12-20,36.0,3.0,3.3
2015-12-22,0.5,9.3,7.8
2015-12-23,8.1,2.5,2.1
2015-12-25,14.0,3.6,3.0
2015-12-31,1.7,4.5,3.8
2016-01-02,0.6,27.4,21.8
2016-01-03,0.0,0.2,0.0
2016-01-05,8.3,4.9,4.4
2016-01-09,40.0,0.4,0.0
2016-01-10,16.8,1.8,1.8
2016-01-11,0.7,0.6,0.0
2016-01-15,3.0,47.7,48.0
2016-01-16,27.7,2.6,2.3
2016-01-17,8.9,8.3,7.6
2016-01-18,1.5,12.4,11.3
2016-01-23,0.4,0.3,0.0
2016-01-25,2.0,0.1,0.0
2016-01-29,1.8,0.2,0.0
2016-01-30,1.5,27.9,29.4
2016-02-05,26.5,10.1,7.8
2016-02-06,7.5,14.5,10.6
2016-02-07,15.4,13.5,9.9
2016-02-08,22.3,15.0,10.4
2016-02-09,30.6,4.4,2.9
2016-02-10,4.0,37.5,29.5
2016-02-11,9.0,2.2,2.1
2016-02-14,1.5,2.0,1.9
2016-02-15,11.1,0.7,0.0
2016-02-16,2.9,2.2,2.1
2016-02-20,1.0,1.8,1.9
2016-02-21,4.0,0.1,0.0
2016-02-22,13.5,0.0,0.0
2016-02-25,0.0,0.0,0.0
2016-02-26,2.0,0.0,0.0
2016-03-03,0.0,0.0,0.0
2016-03-04,0.5,18.6,13.7
2016-03-05,9.5,2.9,3.0
2016-03-08,6.2,2.6,2.8
2016-03-09,15.0,0.0,0.0
2016-03-11,5.6,0.3,0.0
2016-03-14,2.0,8.0,4.7
2016-03-16,0.5,0.0,0.0
2016-03-17,0.5,0.0,0.0
2016-03-21,0.2,19.4,11.8
2016-03-22,82.5,13.7,8.3
2016-03-23,5.5,0.1,0.0
2016-03-24,1.0,10.8,6.5
2016-04-02,1.0,7.7,4.6
2016-04-05,41.5,15.2,10.1
2016-04-07,67.5,0.4,0.0
2016-04-09,0.4,3.6,1.4
2016-04-10,19.0,5.5,3.0
2016-04-12,0.0,0.1,0.0
2016-04-14,2.3,0.2,0.0
2016-04-15,46.5,7.0,3.5
2016-04-18,8.0,1.9,0.0
2016-04-19,0.5,2.4,0.0
2016-04-23,2.3,1.1,0.0
2016-04-24,60.0,39.9,32.8
2016-04-25,1.2,0.5,0.0
2016-04-27,8.0,1.5,0.0
2016-04-29,1.3,63.8,51.8
2016-04-30,6.5,1.2,0.0
2016-05-01,0.5,31.4,18.7
2016-05-02,0.0,9.6,6.6
2016-05-06,15.5,5.4,3.9
2016-05-07,0.0,10.0,6.9
2016-05-08,33.2,32.0,18.8
2016-05-12,13.5,3.6,3.8
2016-05-14,69.0,35.1,34.1
2016-05-15,54.0,23.6,22.5
2016-05-16,34.1,12.3,12.2
2016-05-17,3.3,12.0,12.0
2016-05-20,5.9,10.0,10.0
2016-05-21,17.5,31.8,34.2
2016-05-22,24.5,4.4,3.7
2016-05-24,2.0,1.9,1.0
2016-05-25,0.0,19.2,21.2
2016-05-30,0.2,1.4,0.0
2016-05-31,2.0,0.0,0.0
2016-06-02,0.5,29.4,32.5
2016-06-07,8.0,5.7,4.2
2016-06-08,1.4,0.0,0.0
2016-06-09,0.0,0.0,0.0
2016-06-10,3.9,0.0,0.0
2016-06-12,3.5,11.0,13.3
2016-06-13,2.0,1.1,1.0
2016-06-14,2.5,14.2,20.4
2016-06-15,24.5,12.3,16.8
2016-06-17,4.5,6.8,7.9
2016-06-18,7.1,1.6,1.0
2016-06-19,4.0,31.1,42.5
2016-06-20,35.0,0.0,0.0
2016-06-29,0.0,0.0,0.0
2016-07-03,0.0,0.0,0.0
2016-07-04,0.0,0.0,0.0
2016-07-06,0.0,0.0,0.0
2016-07-07,0.0,1.1,1.8
2016-07-10,0.8,2.8,3.6
2016-07-11,8.2,0.1,0.0
2016-07-14,0.0,10.1,9.7
2016-07-15,2.8,1.2,1.0
2016-07-17,9.5,14.9,16.2
2016-07-18,6.7,20.0,22.6
2016-07-21,6.5,0.0,0.0
2016-07-22,0.3,1.1,1.3
2016-07-23,14.0,17.8,23.0
2016-07-24,2.4,0.7,0.0
2016-07-25,1.5,0.0,0.0
2016-07-28,0.0,0.0,0.0
2016-07-31,31.5,4.9,6.7
2016-08-02,3.0,0.0,0.0
2016-08-07,1.0,0.3,0.0
2016-08-13,5.5,1.1,0.0
2016-08-17,0.0,3.4,3.4
2016-08-18,0.0,5.6,6.2
2016-08-23,0.0,52.2,52.2
2016-08-24,2.5,33.0,32.8
2016-08-28,0.0,12.4,11.1
2016-08-29,1.0,11.4,10.2
2016-08-30,9.7,15.0,13.3
2016-08-31,2.8,1.8,1.6
2016-09-01,5.8,9.2,8.4
2016-09-02,43.2,7.0,5.8
2016-09-03,64.5,5.3,3.7
2016-09-04,22.0,14.0,14.2
2016-09-05,25.9,6.9,5.7
2016-09-06,20.8,8.9,8.1
2016-09-11,7.3,3.9,2.1
2016-09-12,0.0,7.5,6.2
2016-09-15,0.0,0.4,0.0
2016-09-16,0.0,0.1,0.0
2016-09-19,1.1,9.4,8.2
2016-09-22,1.2,1.1,0.0
2016-09-25,0.0,4.0,3.8
2016-10-07,1.0,9.4,12.6
2016-10-08,1.0,0.4,0.0
2016-10-15,0.0,19.6,20.4
2016-10-17,4.0,12.9,13.4
2016-10-20,0.5,0.7,0.0
2016-10-21,1.0,0.0,0.0
2016-10-23,0.5,0.2,0.0
2016-10-24,0.3,0.2,0.0
2016-10-25,0.0,2.1,1.9
2016-10-26,1.0,9.3,9.6
2016-10-27,5.7,13.6,13.9
2016-10-28,1.7,3.2,3.2
2016-10-31,24.5,4.5,4.7
2016-11-01,1.2,0.7,0.0
2016-11-02,1.0,20.3,16.2
2016-11-03,3.2,25.2,20.1
2016-11-04,1.0,1.5,0.0
2016-11-05,28.2,21.1,16.8
2016-11-06,0.0,4.1,2.6
2016-11-07,6.2,43.0,37.7
2016-11-10,4.0,8.7,6.6
2016-11-11,4.6,4.4,2.0
2016-11-13,6.0,1.1,0.0
2016-11-14,22.2,33.4,26.8
2016-11-15,12.1,22.6,16.6
2016-11-16,81.5,31.0,25.0
2016-11-17,43.4,0.1,0.0
2016-11-18,0.5,16.7,11.9
2016-11-19,8.6,12.7,8.7
2016-11-21,4.0,9.8,8.5
2016-11-23,4.2,27.7,22.7
2016-11-24,5.3,3.5,2.7
2016-11-25,5.2,29.2,24.0
2016-11-26,1.0,21.3,18.4
2016-11-27,1.0,48.0,43.7
2016-11-28,2.6,16.8,14.6
2016-11-29,3.2,10.0,8.7
2016-11-30,2.0,3.9,3.1
2016-12-02,4.7,15.0,12.3
2016-12-03,0.2,6.2,5.7
2016-12-04,14.2,2.8,3.0
2016-12-05,2.5,6.9,6.2
2016-12-10,1.5,21.3,16.9
2016-12-11,1.8,23.7,23.6
2016-12-12,8.8,5.8,6.0
2016-12-17,0.0,4.7,4.9
2016-12-18,5.8,3.7,4.0
2016-12-19,26.7,4.0,4.2
2016-12-20,5.0,2.2,2.5
2016-12-21,1.4,3.2,2.7
2016-12-22,0.4,30.9,23.3
2016-12-23,24.0,36.5,30.3
2016-12-24,29.2,18.4,14.9
2016-12-25,1.6,0.6,0.0
2016-12-26,0.9,0.1,0.0
2016-12-29,5.5,0.1,0.0
2017-01-02,4.0,2.0,1.9
2017-01-03,1.8,36.5,29.4
2017-01-04,2.4,33.8,27.1
2017-01-05,0.8,14.1,11.3
2017-01-06,0.0,43.2,33.2
2017-01-10,0.0,0.0,0.0
2017-01-14,5.6,5.5,5.1
2017-01-15,30.8,1.8,1.6
2017-01-18,1.0,9.1,8.3
2017-01-19,14.3,5.8,5.4
2017-01-20,61.4,31.0,29.8
2017-01-21,90.5,14.1,10.6
2017-01-22,3.4,75.4,56.7
2017-01-23,11.7,29.5,31.2
2017-01-24,57.6,25.9,26.9
2017-01-25,9.4,7.3,5.1
2017-01-26,2.0,7.8,5.5
2017-01-27,20.5,24.0,24.8
2017-01-28,3.5,11.8,9.1
2017-02-02,6.3,0.1,0.0
2017-02-03,0.5,0.0,0.0
2017-02-05,0.0,0.0,0.0
2017-02-09,0.0,0.0,0.0
2017-02-12,46.6,0.3,0.0
2017-02-14,1.2,5.8,4.2
2017-02-15,2.5,64.8,40.1
2017-02-19,1.0,7.5,5.2
2017-02-20,0.0,169.7,51.2
2017-02-21,21.4,24.8,22.2
2017-02-23,16.5,18.9,12.0
2017-02-24,58.1,29.9,26.5
2017-02-25,11.8,11.5,6.8
2017-02-26,14.0,2.3,0.0
2017-02-28,1.5,9.3,5.2
2017-03-01,10.3,10.4,8.1
2017-03-02,0.8,12.4,9.5
2017-03-03,24.3,12.2,9.3
2017-03-04,8.4,23.0,17.4
2017-03-05,55.8,11.2,8.6
2017-03-06,7.8,1.5,2.1
2017-03-07,7.2,3.4,3.3
2017-03-08,13.4,0.0,0.0
2017-03-11,1.8,0.0,0.0
2017-03-12,7.0,0.0,0.0
2017-03-13,0.3,16.6,10.2
2017-03-17,3.2,0.2,0.0
2017-03-18,1.4,12.6,7.7
2017-03-19,2.9,0.7,0.0
2017-03-20,2.7,0.0,0.0
2017-03-21,0.5,0.0,0.0
2017-03-24,14.5,0.1,0.0
2017-03-25,0.4,0.8,0.0
2017-03-28,9.0,13.5,8.2
2017-03-29,7.5,2.1,1.2
2017-03-30,5.6,0.0,0.0
2017-03-31,13.0,1.7,1.0
2017-04-01,3.5,0.5,0.0
2017-04-02,7.0,0.3,0.0
2017-04-03,1.3,6.6,3.8
2017-04-04,37.3,43.4,37.3
2017-04-05,5.5,11.8,7.6
2017-04-10,32.9,4.9,2.5
2017-04-11,5.1,12.9,8.7
2017-04-12,8.5,8.5,4.8
2017-04-13,9.0,0.7,0.0
2017-04-18,0.6,2.2,0.0
2017-04-19,30.0,0.5,0.0
2017-04-20,3.4,4.8,1.5
2017-04-21,47.0,0.6,0.0
2017-04-24,11.8,6.4,1.6
2017-04-25,14.0,5.0,1.0
2017-04-26,6.8,24.1,15.4
2017-04-27,5.0,12.6,6.3
2017-04-29,10.7,1.1,0.0
2017-04-30,7.5,5.6,1.0
2017-05-01,0.0,3.6,2.5
2017-05-03,0.5,12.6,8.4
2017-05-04,2.5,21.9,14.0
2017-05-08,1.0,2.7,1.9
2017-05-09,4.1,4.9,3.5
2017-05-10,61.6,13.0,8.7
2017-05-11,59.5,26.1,24.9
2017-05-12,17.3,2.3,2.4
2017-05-15,4.4,0.5,0.0
2017-05-19,13.1,0.8,0.0
2017-05-20,4.5,28.7,28.0
2017-05-21,11.5,9.6,9.3
2017-05-26,0.2,0.7,0.0
2017-05-31,0.4,0.9,0.0
2017-06-01,9.8,0.3,0.0
2017-06-02,0.0,1.5,0.0
2017-06-09,0.0,0.0,0.0
2017-06-13,4.4,0.1,0.0
2017-06-14,6.0,0.2,0.0
2017-06-16,3.4,0.3,0.0
2017-06-18,20.2,0.0,0.0
2017-06-25,14.6,3.9,3.5
2017-06-26,52.5,0.7,0.0
2017-06-28,7.5,6.0,6.3
2017-06-29,9.6,6.4,6.9
2017-06-30,1.0,1.4,1.0
2017-07-01,0.3,0.5,0.0
2017-07-04,3.5,5.2,6.1
2017-07-05,46.4,1.2,1.9
2017-07-07,1.4,5.7,6.6
2017-07-09,0.4,0.6,0.0
2017-07-10,25.5,31.0,31.5
2017-07-11,12.3,16.8,18.2
2017-07-12,2.0,2.6,2.3
2017-07-13,0.3,22.9,25.1
2017-07-14,3.7,1.2,1.0
2017-07-15,0.0,0.0,0.0
2017-07-24,0.0,0.0,0.0
2017-08-02,3.0,0.1,0.0
2017-08-03,1.0,8.4,8.8
2017-08-04,0.0,9.9,10.2
2017-08-06,2.4,0.1,0.0
2017-08-07,0.0,0.0,0.0
2017-08-08,19.7,5.7,6.2
2017-08-09,48.7,0.0,0.0
2017-08-10,6.6,2.3,2.8
2017-08-11,11.1,24.8,30.5
2017-08-12,62.7,17.0,20.6
2017-08-13,1.0,27.9,35.3
2017-08-14,48.5,24.2,31.0
2017-08-15,57.0,4.7,5.0
2017-08-16,3.5,2.6,2.3
2017-08-18,0.2,2.9,2.7
2017-08-22,5.8,0.2,0.0
2017-08-24,0.0,1.9,1.8
2017-08-27,1.5,30.8,30.5
2017-08-29,4.4,14.7,13.0
2017-08-30,6.0,1.3,1.1
2017-08-31,3.3,0.2,0.0
2017-09-01,20.0,5.0,3.3
2017-09-02,1.0,16.0,16.9
2017-09-04,0.7,3.8,1.7
2017-09-05,11.9,13.4,13.5
2017-09-06,56.6,13.1,13.1
2017-09-07,0.7,0.2,0.0
2017-09-08,5.2,9.0,8.2
2017-09-09,1.0,2.8,1.0
2017-09-11,8.9,0.4,0.0
2017-09-13,10.3,12.2,11.3
2017-09-14,0.6,55.1,54.5
2017-09-15,7.0,31.7,37.6
2017-09-16,11.5,0.1,0.0
2017-09-18,2.3,10.8,9.7
2017-09-19,2.0,23.6,28.0
2017-09-20,8.2,12.7,11.8
2017-09-21,1.0,0.0,0.0
2017-09-25,0.0,0.0,0.0
2017-09-27,35.5,1.4,0.0
2017-09-28,10.6,12.5,13.6
2017-09-29,56.5,6.7,7.0
2017-09-30,8.3,6.5,6.8
2017-10-01,5.5,15.8,20.9
2017-10-02,54.8,11.4,15.1
2017-10-04,1.8,0.1,0.0
2017-10-06,5.0,4.6,6.6
2017-10-08,2.4,47.8,58.0
2017-10-09,9.5,5.1,7.3
2017-10-10,7.8,37.0,50.4
2017-10-11,4.9,1.0,1.0
2017-10-13,1.0,16.1,16.6
2017-10-14,1.6,2.5,2.4
2017-10-15,0.0,0.3,0.0
2017-10-19,0.0,0.1,0.0
2017-10-25,6.0,0.6,0.0
2017-10-26,7.0,0.4,0.0
2017-10-27,1.1,3.8,4.0
2017-10-29,4.3,0.0,0.0
2017-10-30,47.0,38.0,35.7
2017-10-31,6.0,7.0,7.3
2017-11-01,75.1,5.3,3.6
2017-11-02,18.7,37.6,33.6
2017-11-03,3.9,11.8,9.2
2017-11-04,45.1,6.6,4.9
2017-11-05,1.0,29.7,25.2
2017-11-06,2.2,7.2,5.4
2017-11-07,7.7,70.4,54.7
2017-11-08,36.2,12.7,10.0
2017-11-09,0.8,15.4,12.2
2017-11-11,66.0,7.3,4.3
2017-11-12,2.9,2.4,1.0
2017-11-13,0.0,30.7,25.0
2017-11-17,22.3,6.9,4.0
2017-11-20,29.9,9.6,6.2
2017-11-21,3.9,18.8,16.2
2017-11-22,5.8,7.8,6.7
2017-11-24,29.7,23.3,19.9
2017-11-25,38.3,6.3,5.3
2017-11-26,18.1,54.5,52.4
2017-11-27,62.8,26.0,21.8
