date,gauge,imergl,lseqmdl
2001-01-01,1.0,18.7,9.9
2001-01-02,9.0,39.9,44.5
2001-01-04,23.0,7.5,1.0
2001-01-05,0.0,3.1,0.0
2001-01-06,101.0,5.9,1.0
2001-01-07,4.0,16.7,8.0
2001-01-08,2.0,2.5,0.0
2001-01-09,0.0,0.6,0.0
2001-01-10,0.0,3.4,0.0
2001-01-11,0.0,1.6,0.0
2001-01-12,0.0,2.0,0.0
2001-01-13,23.0,2.4,0.0
2001-01-14,0.0,19.8,45.8
2001-01-15,101.0,58.7,116.3
2001-01-16,79.0,69.8,124.8
2001-01-17,0.0,14.6,26.7
2001-01-18,0.0,9.9,4.2
2001-01-19,11.0,24.2,58.9
2001-01-20,8.0,42.9,97.3
2001-01-21,0.0,7.0,0.0
2001-01-22,0.0,3.8,0.0
2001-01-23,0.0,11.0,1.8
2001-01-24,51.0,7.4,0.0
2001-01-25,1.0,6.8,0.0
2001-01-26,0.0,4.8,0.0
2001-01-27,1.0,6.7,0.0
2001-01-28,3.0,19.4,12.0
2001-01-29,13.0,56.5,108.9
2001-01-30,23.0,65.5,125.3
2001-01-31,1.0,35.7,68.8
2001-02-01,0.0,5.8,0.0
2001-02-02,0.0,3.7,0.0
2001-02-04,0.0,10.3,4.7
2001-02-05,54.0,19.8,21.9
2001-02-06,1.0,19.8,22.2
2001-02-07,0.0,18.0,15.1
2001-02-08,0.0,20.1,22.9
2001-02-09,11.0,14.7,11.2
2001-02-11,0.0,11.7,27.9
2001-02-12,0.0,12.9,30.7
2001-02-13,0.0,4.1,0.0
2001-02-14,1.0,3.1,0.0
2001-02-15,3.0,4.5,0.0
2001-02-16,0.0,5.1,0.0
2001-02-17,0.0,1.1,0.0
2001-02-18,0.0,1.1,0.0
2001-02-19,0.0,2.0,0.0
2001-02-20,1.0,1.6,0.0
2001-02-21,0.0,0.4,0.0
2001-02-22,0.0,0.4,0.0
2001-02-23,0.0,0.2,0.0
2001-02-24,0.0,0.8,0.0
2001-02-25,0.0,0.8,0.0
2001-02-26,0.0,0.6,0.0
2001-02-27,0.0,0.4,0.0
2001-02-28,0.0,0.1,0.0
2001-03-01,0.0,0.0,0.0
2001-03-02,0.0,1.6,0.0
2001-03-03,0.0,2.7,0.0
2001-03-04,0.0,2.6,0.0
2001-03-05,0.0,3.3,0.0
2001-03-06,0.0,4.1,0.0
2001-03-08,17.0,24.1,33.3
2001-03-09,5.0,2.6,0.0
2001-03-10,13.0,1.0,0.0
2001-03-11,0.0,2.4,0.0
2001-03-12,3.0,1.9,0.0
2001-03-13,0.0,0.9,0.0
2001-03-14,3.0,1.8,0.0
2001-03-15,11.0,0.5,0.0
2001-03-16,0.0,0.5,0.0
2001-03-17,0.0,0.7,0.0
2001-03-18,1.0,0.0,0.0
2001-03-19,1.0,1.5,0.0
2001-03-20,18.0,2.3,0.0
2001-03-21,67.0,11.5,10.4
2001-03-22,4.0,7.7,6.2
2001-03-23,0.0,8.6,7.1
2001-03-24,0.0,15.3,14.8
2001-03-25,2.0,3.7,1.3
2001-03-26,3.0,29.3,38.1
2001-03-27,8.0,4.0,1.8
2001-03-28,0.0,7.1,5.5
2001-03-29,8.0,21.1,28.7
2001-03-30,15.0,3.9,1.6
2001-03-31,43.0,10.6,9.5
2001-04-01,3.0,34.5,47.3
2001-04-02,0.0,1.4,0.0
2001-04-03,13.0,9.0,8.0
2001-04-05,0.0,8.8,7.6
2001-04-06,5.0,4.6,2.1
2001-04-07,20.0,15.7,20.6
2001-04-08,31.0,6.2,4.2
2001-04-09,24.0,1.5,0.0
2001-04-10,3.0,11.6,11.2
2001-04-11,18.0,5.7,2.7
2001-04-12,31.0,21.1,31.7
2001-04-13,2.0,2.7,0.0
2001-04-14,0.0,1.5,0.0
2001-04-15,0.0,4.4,1.0
2001-04-16,0.0,3.6,0.0
2001-04-17,0.0,5.9,2.9
2001-04-18,0.0,2.9,0.0
2001-04-20,0.0,19.8,29.6
2001-04-21,0.0,18.3,25.9
2001-04-22,88.0,24.7,36.6
2001-04-23,5.0,6.9,5.0
2001-04-24,0.0,6.2,4.2
2001-04-25,37.0,14.1,13.5
2001-04-26,8.0,5.6,3.4
2001-04-27,56.0,38.4,54.9
2001-04-29,1.0,5.6,3.5
2001-04-30,0.0,7.3,5.5
2001-05-01,8.0,6.6,3.3
2001-05-03,42.0,9.3,6.9
2001-05-04,0.0,4.0,0.0
2001-05-05,1.0,2.4,0.0
2001-05-06,1.0,3.5,0.0
2001-05-07,23.0,6.0,2.6
2001-05-08,1.0,8.8,6.2
2001-05-09,0.0,4.4,1.0
2001-05-10,25.0,1.9,0.0
2001-05-11,0.0,3.4,0.0
2001-05-12,2.0,6.6,3.4
2001-05-13,0.0,4.5,1.0
2001-05-14,0.0,2.5,0.0
2001-05-15,1.0,1.7,0.0
2001-05-16,3.0,2.0,0.0
2001-05-17,5.0,3.1,0.0
2001-05-18,35.0,15.6,14.7
2001-05-19,1.0,7.7,4.7
2001-05-20,0.0,0.1,0.0
2001-05-21,0.0,0.1,0.0
2001-05-22,1.0,4.9,1.8
2001-05-24,0.0,1.7,0.0
2001-05-25,0.0,1.5,0.0
2001-05-26,6.0,2.6,0.0
2001-05-27,6.0,30.9,54.2
2001-05-28,97.0,12.5,13.3
2001-05-29,0.0,4.4,1.1
2001-05-30,8.0,6.4,4.0
2001-05-31,9.0,3.6,1.0
2001-06-01,0.0,0.6,0.0
2001-06-02,1.0,4.6,1.4
2001-06-03,2.0,29.0,37.5
2001-06-04,5.0,21.4,26.1
2001-06-05,0.0,10.0,7.3
2001-06-06,26.0,16.9,15.4
2001-06-07,0.0,6.4,3.3
2001-06-08,0.0,4.7,1.4
2001-06-09,1.0,2.6,0.0
2001-06-10,2.0,9.9,7.1
2001-06-11,25.0,15.2,11.7
2001-06-12,0.0,0.4,0.0
2001-06-13,15.0,1.2,0.0
2001-06-14,0.0,2.4,0.0
2001-06-15,1.0,3.7,1.0
2001-06-16,0.0,3.8,1.0
2001-06-17,0.0,0.8,0.0
2001-06-18,0.0,14.1,10.6
2001-06-19,3.0,10.7,7.4
2001-06-20,41.0,24.3,20.6
2001-06-21,0.0,0.8,0.0
2001-06-22,10.0,5.0,2.3
2001-06-23,0.0,2.6,0.0
2001-06-24,0.0,2.6,0.0
2001-06-25,57.0,7.9,6.3
2001-06-26,3.0,7.4,5.5
2001-06-27,0.0,2.5,0.0
2001-06-28,29.0,24.8,34.6
2001-06-29,8.0,11.6,11.1
2001-06-30,0.0,1.6,0.0
2001-07-01,0.0,0.4,0.0
2001-07-02,0.0,0.0,0.0
2001-07-03,0.0,0.0,0.0
2001-07-04,0.0,1.5,0.0
2001-07-05,0.0,0.0,0.0
2001-07-06,0.0,1.0,0.0
2001-07-07,0.0,0.0,0.0
2001-07-08,0.0,0.0,0.0
2001-07-09,0.0,0.1,0.0
2001-07-10,0.0,0.0,0.0
2001-07-11,0.0,0.0,0.0
2001-07-12,0.0,0.0,0.0
2001-07-13,0.0,0.5,0.0
2001-07-14,0.0,0.1,0.0
2001-07-15,1.0,1.4,0.0
2001-07-16,9.0,2.1,0.0
2001-07-17,0.0,2.1,0.0
2001-07-18,0.0,0.1,0.0
2001-07-19,0.0,0.5,0.0
2001-07-20,22.0,1.9,0.0
2001-07-21,0.0,0.2,0.0
2001-07-22,0.0,1.4,0.0
2001-07-23,0.0,1.2,0.0
2001-07-24,25.0,4.4,3.6
2001-07-25,0.0,4.7,4.0
2001-07-26,2.0,6.7,6.5
2001-07-27,0.0,1.7,1.0
2001-07-28,3.0,4.5,3.8
2001-07-29,20.0,7.4,7.4
2001-07-30,6.0,3.8,2.9
2001-07-31,25.0,9.8,10.5
2001-08-01,11.0,77.3,77.9
2001-08-02,13.0,43.4,46.3
2001-08-03,10.0,35.3,36.8
2001-08-04,0.0,3.4,2.9
2001-08-05,14.0,10.2,10.5
2001-08-06,0.0,2.4,1.8
2001-08-07,1.0,3.9,3.5
2001-08-08,3.0,28.5,29.8
2001-08-09,12.0,34.2,35.7
2001-08-10,0.0,4.6,4.2
2001-08-11,8.0,12.5,11.9
2001-08-12,0.0,0.4,0.0
2001-08-13,0.0,0.1,0.0
2001-08-14,0.0,0.5,0.0
2001-08-15,0.0,1.9,1.0
2001-08-16,2.0,4.2,3.3
2001-08-17,0.0,1.7,1.0
2001-08-18,0.0,2.4,1.4
2001-08-19,0.0,11.8,10.8
2001-08-20,0.0,31.7,39.2
2001-08-21,31.0,88.3,67.4
2001-08-23,0.0,2.6,1.0
2001-08-24,0.0,7.9,6.2
2001-08-25,0.0,4.1,2.3
2001-08-27,14.0,57.1,56.5
2001-08-28,0.0,8.8,7.0
2001-08-29,0.0,4.1,2.3
2001-08-30,25.0,44.4,47.3
2001-08-31,0.0,3.9,2.1
2001-09-01,0.0,1.0,0.0
2001-09-02,16.0,3.2,1.0
2001-09-03,0.0,3.2,1.0
2001-09-04,5.0,15.8,13.9
2001-09-05,5.0,2.5,0.0
2001-09-06,35.0,21.3,23.9
2001-09-07,8.0,15.7,14.1
2001-09-08,2.0,2.3,0.0
2001-09-09,0.0,0.2,0.0
2001-09-10,0.0,2.8,0.0
2001-09-11,6.0,28.8,43.7
2001-09-12,0.0,0.8,0.0
2001-09-13,0.0,0.9,0.0
2001-09-14,4.0,0.4,0.0
2001-09-15,0.0,0.8,0.0
2001-09-16,42.0,6.7,4.7
2001-09-17,9.0,2.8,0.0
2001-09-18,0.0,0.9,0.0
2001-09-19,38.0,35.2,51.0
2001-09-20,14.0,1.3,0.0
2001-09-21,0.0,1.2,0.0
2001-09-22,25.0,4.9,3.5
2001-09-24,0.0,1.4,0.0
2001-09-25,52.0,10.4,10.6
2001-09-26,7.0,7.6,6.8
2001-09-27,28.0,15.2,22.7
2001-09-28,20.0,60.5,142.0
2001-09-29,9.0,25.1,38.9
2001-10-01,14.0,13.6,14.6
2001-10-02,27.0,0.4,0.0
2001-10-03,20.0,22.2,32.4
2001-10-04,39.0,22.0,32.1
2001-10-05,0.0,11.1,10.8
2001-10-06,71.0,18.8,26.6
2001-10-07,14.0,38.5,65.4
2001-10-08,0.0,0.9,0.0
2001-10-09,0.0,12.4,12.6
2001-10-11,2.0,0.9,0.0
2001-10-12,0.0,3.1,0.0
2001-10-13,0.0,0.6,0.0
2001-10-14,4.0,2.8,0.0
2001-10-15,56.0,23.3,46.0
2001-10-16,5.0,23.0,45.1
2001-10-18,10.0,31.4,63.8
2001-10-19,0.0,5.4,2.5
2001-10-20,0.0,0.9,0.0
2001-10-21,26.0,7.3,5.4
2001-10-22,3.0,3.9,1.3
2001-10-23,45.0,70.7,149.8
2001-10-24,22.0,16.0,16.5
2001-10-25,0.0,8.4,6.7
2001-10-26,30.0,21.0,28.0
2001-10-27,2.0,23.5,31.7
2001-10-28,3.0,6.3,4.1
2001-10-29,14.0,24.6,33.5
2001-10-30,7.0,13.8,13.7
2001-10-31,19.0,20.4,27.0
2001-11-02,46.0,4.4,2.2
2001-11-03,0.0,5.3,3.5
2001-11-04,0.0,3.9,1.6
2001-11-06,0.0,5.2,3.3
2001-11-07,6.0,9.3,8.5
2001-11-08,6.0,13.0,13.2
2001-11-09,8.0,1.9,0.0
2001-11-10,0.0,3.4,1.0
2001-11-11,4.0,4.0,1.0
2001-11-12,0.0,2.5,0.0
2001-11-13,22.0,3.0,0.0
2001-11-14,66.0,13.6,11.2
2001-11-15,8.0,35.7,39.3
2001-11-18,0.0,9.5,6.6
2001-11-19,0.0,4.2,1.0
2001-11-21,11.0,14.5,11.1
2001-11-22,0.0,4.1,0.0
2001-11-23,0.0,4.9,1.0
2001-11-24,0.0,4.9,1.0
2001-11-25,0.0,6.9,2.5
2001-11-26,4.0,7.7,3.4
2001-11-27,0.0,2.8,0.0
2001-11-28,0.0,3.8,0.0
2001-11-29,3.0,6.1,1.6
2001-11-30,2.0,9.3,5.2
2001-12-01,0.0,8.6,2.6
2001-12-02,2.0,4.1,0.0
2001-12-03,0.0,2.3,0.0
2001-12-04,0.0,1.3,0.0
2001-12-05,3.0,5.4,0.0
2001-12-06,5.0,3.4,0.0
2001-12-07,0.0,2.6,0.0
2001-12-08,0.0,0.3,0.0
2001-12-09,1.0,9.2,3.2
2001-12-10,23.0,102.1,114.6
2001-12-11,1.0,5.3,1.0
2001-12-12,0.0,4.0,0.0
2001-12-13,0.0,1.5,0.0
2001-12-14,0.0,3.9,0.0
2001-12-15,1.0,3.1,0.0
2001-12-16,0.0,3.7,0.0
2001-12-17,54.0,9.2,3.8
2001-12-18,1.0,6.9,1.6
2001-12-19,15.0,3.8,0.0
2001-12-20,15.0,4.0,0.0
2001-12-21,90.0,93.9,188.6
2001-12-22,0.0,4.4,0.0
2001-12-23,14.0,9.3,2.0
2001-12-24,25.0,13.4,6.3
2001-12-25,37.0,37.7,63.2
2001-12-26,111.0,91.4,182.5
2001-12-27,58.0,110.5,225.1
2001-12-28,1.0,6.3,0.0
2001-12-29,1.0,5.9,0.0
2001-12-30,0.0,0.4,0.0
2001-12-31,0.0,11.1,3.9
2002-01-01,0.0,0.4,0.0
2002-01-02,0.0,0.6,0.0
2002-01-03,0.0,0.4,0.0
2002-01-04,1.0,0.4,0.0
2002-01-05,1.0,5.5,0.0
2002-01-06,1.0,6.2,1.0
2002-01-07,3.0,8.0,1.0
2002-01-08,9.0,25.7,17.2
2002-01-09,2.0,7.9,1.0
2002-01-12,11.0,10.1,4.3
2002-01-13,3.0,10.5,5.3
2002-01-14,0.0,2.6,0.0
2002-01-15,0.0,0.8,0.0
2002-01-16,0.0,0.4,0.0
2002-01-17,0.0,3.2,0.0
2002-01-18,0.0,13.3,8.9
2002-01-19,0.0,3.2,0.0
2002-01-20,0.0,8.4,2.4
2002-01-21,9.0,7.7,0.0
2002-01-22,35.0,23.0,43.4
2002-01-23,14.0,12.5,4.2
2002-01-24,44.0,23.3,43.6
2002-01-25,42.0,13.8,5.0
2002-01-26,0.0,8.2,0.0
2002-01-27,0.0,2.9,0.0
2002-01-28,0.0,1.2,0.0
2002-01-29,0.0,0.9,0.0
2002-01-30,3.0,2.4,0.0
2002-01-31,0.0,2.8,0.0
2002-02-01,0.0,0.6,0.0
2002-02-02,0.0,0.4,0.0
2002-02-03,0.0,0.1,0.0
2002-02-04,0.0,0.3,0.0
2002-02-05,0.0,0.2,0.0
2002-02-06,0.0,0.1,0.0
2002-02-07,0.0,0.2,0.0
2002-02-08,0.0,6.7,1.0
2002-02-09,0.0,0.4,0.0
2002-02-10,0.0,5.2,0.0
2002-02-11,0.0,2.9,0.0
2002-02-12,0.0,2.1,0.0
2002-02-13,138.0,40.4,103.2
2002-02-14,0.0,1.9,0.0
2002-02-15,16.0,8.0,3.5
2002-02-16,0.0,1.2,0.0
2002-02-17,0.0,0.5,0.0
2002-02-18,0.0,1.6,0.0
2002-02-19,0.0,1.1,0.0
2002-02-20,0.0,6.7,1.3
2002-02-21,0.0,13.0,53.1
2002-02-22,0.0,8.2,27.0
2002-02-23,0.0,5.0,0.0
2002-02-24,0.0,1.1,0.0
2002-02-25,0.0,3.1,0.0
2002-02-26,0.0,6.5,17.5
2002-02-27,0.0,5.2,1.0
2002-02-28,0.0,3.2,0.0
2002-03-01,0.0,4.3,0.0
2002-03-03,0.0,2.5,0.0
2002-03-04,0.0,0.5,0.0
2002-03-05,0.0,0.1,0.0
2002-03-06,0.0,2.0,0.0
2002-03-07,0.0,1.2,0.0
2002-03-08,0.0,0.2,0.0
2002-03-09,0.0,1.0,0.0
2002-03-10,0.0,0.5,0.0
2002-03-11,0.0,0.1,0.0
2002-03-12,0.0,1.1,0.0
2002-03-13,0.0,3.8,0.0
2002-03-14,1.0,4.9,1.0
2002-03-15,0.0,1.6,0.0
2002-03-17,1.0,2.4,0.0
2002-03-18,30.0,12.2,8.8
2002-03-19,0.0,2.5,0.0
2002-03-20,16.0,10.8,7.7
2002-03-21,6.0,9.8,8.6
2002-03-22,3.0,9.3,8.0
2002-03-23,13.0,3.5,1.2
2002-03-24,1.0,4.3,2.2
2002-03-25,12.0,0.8,0.0
2002-03-26,0.0,0.2,0.0
2002-03-27,0.0,0.6,0.0
2002-03-29,10.0,45.3,52.8
2002-03-30,36.0,12.3,11.5
2002-03-31,4.0,63.0,63.4
2002-04-02,0.0,1.3,0.0
2002-04-03,24.0,0.6,0.0
2002-04-04,0.0,4.5,2.0
2002-04-05,0.0,4.2,1.6
2002-04-06,0.0,6.7,4.9
2002-04-08,6.0,9.5,8.6
2002-04-09,3.0,7.9,6.5
2002-04-10,1.0,34.1,46.9
2002-04-11,0.0,0.2,0.0
2002-04-12,0.0,2.0,0.0
2002-04-13,0.0,0.6,0.0
2002-04-14,7.0,2.5,0.0
2002-04-15,53.0,13.5,13.9
2002-04-16,0.0,5.3,2.2
2002-04-17,34.0,5.2,2.0
2002-04-18,0.0,0.4,0.0
2002-04-19,0.0,0.9,0.0
2002-04-20,0.0,5.6,2.6
2002-04-21,20.0,30.6,45.1
2002-04-22,8.0,9.7,8.3
2002-04-23,1.0,19.7,28.7
2002-04-24,10.0,8.4,6.8
2002-04-26,34.0,9.2,7.8
2002-04-27,10.0,5.0,2.7
2002-04-28,18.0,6.0,3.9
2002-04-29,6.0,29.0,43.3
2002-04-30,8.0,15.9,22.3
2002-05-01,0.0,21.0,25.9
2002-05-03,15.0,13.0,11.7
2002-05-04,2.0,5.8,2.3
2002-05-05,5.0,22.8,28.4
2002-05-06,19.0,18.9,23.7
2002-05-07,23.0,40.4,60.9
2002-05-08,17.0,26.7,35.1
2002-05-09,3.0,26.3,33.6
2002-05-10,0.0,3.2,0.0
2002-05-11,0.0,0.5,0.0
2002-05-12,0.0,0.9,0.0
2002-05-13,0.0,0.7,0.0
2002-05-14,15.0,1.7,0.0
2002-05-15,7.0,0.5,0.0
2002-05-16,0.0,0.0,0.0
2002-05-17,0.0,0.8,0.0
2002-05-18,0.0,3.5,0.0
2002-05-19,0.0,0.4,0.0
2002-05-20,0.0,0.1,0.0
2002-05-22,2.0,4.2,1.0
2002-05-23,0.0,0.8,0.0
2002-05-24,75.0,14.7,16.6
2002-05-25,0.0,6.8,4.6
2002-05-26,5.0,2.0,0.0
2002-05-27,16.0,8.8,7.6
2002-05-28,0.0,7.7,6.0
2002-05-29,56.0,31.0,54.4
2002-05-30,0.0,16.4,25.7
2002-05-31,38.0,47.8,96.9
2002-06-01,0.0,3.4,0.0
2002-06-02,2.0,5.1,1.9
2002-06-03,0.0,1.3,0.0
2002-06-04,0.0,14.0,11.8
2002-06-05,0.0,0.9,0.0
2002-06-07,12.0,3.0,0.0
2002-06-08,0.0,1.5,0.0
2002-06-09,9.0,2.9,0.0
2002-06-10,0.0,7.9,5.0
2002-06-11,14.0,35.5,37.2
2002-06-12,11.0,42.3,45.3
2002-06-13,3.0,13.1,9.7
2002-06-15,0.0,7.6,4.4
2002-06-16,16.0,1.6,0.0
2002-06-17,2.0,15.2,11.7
2002-06-18,0.0,1.9,0.0
2002-06-19,0.0,1.1,0.0
2002-06-20,0.0,0.4,0.0
2002-06-21,0.0,0.5,0.0
2002-06-22,0.0,1.6,0.0
2002-06-23,0.0,0.2,0.0
2002-06-24,0.0,0.4,0.0
2002-06-25,0.0,2.4,0.0
2002-06-26,0.0,5.4,2.9
2002-06-27,0.0,1.6,0.0
2002-06-28,0.0,5.1,2.4
2002-06-30,3.0,4.3,1.4
2002-07-01,38.0,23.3,32.0
2002-07-02,0.0,2.2,0.0
2002-07-03,0.0,2.5,0.0
2002-07-04,1.0,1.7,0.0
2002-07-05,0.0,2.8,0.0
2002-07-06,0.0,1.2,0.0
2002-07-07,0.0,1.2,0.0
2002-07-08,0.0,0.2,0.0
2002-07-09,0.0,1.2,0.0
2002-07-10,31.0,4.7,2.5
2002-07-11,10.0,3.1,1.0
2002-07-12,0.0,1.2,0.0
2002-07-14,0.0,1.7,0.0
2002-07-15,0.0,0.3,0.0
2002-07-16,0.0,0.7,0.0
2002-07-17,0.0,1.9,0.0
2002-07-18,30.0,16.5,20.3
2002-07-19,0.0,0.5,0.0
2002-07-20,0.0,0.2,0.0
2002-07-21,0.0,0.6,0.0
2002-07-22,18.0,12.6,14.0
2002-07-23,1.0,1.1,0.0
2002-07-24,0.0,4.6,3.8
2002-07-25,0.0,1.1,0.0
2002-07-26,0.0,1.3,0.0
2002-07-27,0.0,3.8,2.9
2002-07-29,28.0,4.7,4.1
2002-07-30,2.0,12.0,13.2
2002-07-31,1.0,2.4,1.2
2002-08-01,0.0,1.7,1.0
2002-08-02,3.0,1.1,0.0
2002-08-03,0.0,0.1,0.0
2002-08-04,1.0,1.2,1.0
2002-08-05,0.0,0.3,0.0
2002-08-06,0.0,0.3,0.0
2002-08-07,0.0,0.8,0.0
2002-08-08,2.0,3.3,2.8
2002-08-09,20.0,38.4,42.0
2002-08-10,0.0,1.5,1.0
2002-08-11,0.0,2.7,1.7
2002-08-12,4.0,12.9,12.5
2002-08-13,17.0,2.2,1.1
2002-08-14,1.0,0.4,0.0
2002-08-15,0.0,0.0,0.0
2002-08-16,0.0,0.0,0.0
2002-08-17,0.0,0.2,0.0
2002-08-18,0.0,0.8,0.0
2002-08-19,0.0,0.3,0.0
2002-08-21,1.0,0.1,0.0
2002-08-22,0.0,0.9,0.0
2002-08-23,1.0,2.2,1.0
2002-08-25,0.0,1.0,0.0
2002-08-26,29.0,2.7,1.0
2002-08-27,0.0,4.8,3.0
2002-08-28,1.0,6.9,5.1
2002-08-29,65.0,3.5,1.8
2002-08-30,94.0,31.2,34.1
2002-08-31,62.0,64.9,60.2
2002-09-01,0.0,18.7,17.1
2002-09-02,16.0,2.5,0.0
2002-09-03,0.0,7.1,4.8
2002-09-04,5.0,33.8,37.0
2002-09-05,5.0,9.6,7.5
2002-09-06,35.0,4.0,1.3
2002-09-07,8.0,30.2,33.0
2002-09-08,2.0,86.3,76.3
2002-09-09,0.0,9.5,7.4
2002-09-10,0.0,12.6,10.7
2002-09-11,6.0,9.9,8.6
2002-09-12,0.0,1.7,0.0
2002-09-13,0.0,5.0,2.6
2002-09-14,4.0,3.2,1.0
2002-09-15,0.0,6.3,4.3
2002-09-16,42.0,0.3,0.0
2002-09-17,9.0,1.1,0.0
2002-09-18,0.0,2.6,0.0
2002-09-19,38.0,2.6,0.0
2002-09-20,14.0,1.7,0.0
2002-09-21,0.0,3.8,2.1
2002-09-22,25.0,3.4,1.6
2002-09-24,0.0,7.1,6.3
2002-09-25,52.0,8.7,8.5
2002-09-26,7.0,40.6,73.9
2002-09-27,28.0,53.8,116.2
2002-09-28,20.0,5.7,4.5
2002-09-29,9.0,7.7,7.0
2002-10-01,0.0,0.0,0.0
2002-10-02,3.0,1.2,0.0
2002-10-03,0.0,3.4,1.0
2002-10-04,3.0,15.0,16.2
2002-10-05,0.0,3.2,1.0
2002-10-06,32.0,13.0,13.3
2002-10-07,1.0,4.7,2.0
2002-10-08,0.0,0.7,0.0
2002-10-09,0.0,0.2,0.0
2002-10-10,0.0,0.5,0.0
2002-10-11,0.0,1.0,0.0
2002-10-12,0.0,3.2,0.0
2002-10-13,0.0,2.3,0.0
2002-10-14,0.0,21.9,42.7
2002-10-15,58.0,14.2,24.8
2002-10-16,1.0,6.7,4.5
2002-10-17,2.0,10.5,10.4
2002-10-18,0.0,1.4,0.0
2002-10-19,0.0,2.2,0.0
2002-10-20,1.0,10.0,9.7
2002-10-21,3.0,3.1,1.0
2002-10-22,0.0,0.2,0.0
2002-10-23,0.0,0.0,0.0
2002-10-24,21.0,7.9,6.1
2002-10-25,1.0,17.2,22.8
2002-10-26,0.0,2.0,0.0
2002-10-27,0.0,8.2,6.5
2002-10-28,0.0,1.6,0.0
2002-10-29,1.0,0.7,0.0
2002-10-30,47.0,0.7,0.0
2002-10-31,12.0,0.7,0.0
2002-11-01,0.0,0.6,0.0
2002-11-02,16.0,17.3,18.7
2002-11-03,3.0,10.9,10.6
2002-11-04,28.0,2.8,1.0
2002-11-05,29.0,33.2,45.7
2002-11-06,0.0,9.3,8.5
2002-11-07,11.0,5.5,3.7
2002-11-08,14.0,6.6,5.1
2002-11-09,9.0,14.6,15.3
2002-11-10,70.0,35.2,49.0
2002-11-11,0.0,3.4,0.0
2002-11-12,0.0,2.9,0.0
2002-11-13,11.0,11.9,9.3
2002-11-14,0.0,5.0,1.5
2002-11-15,40.0,6.3,3.0
2002-11-16,1.0,7.7,4.6
2002-11-17,59.0,23.4,26.4
2002-11-18,20.0,45.7,52.8
2002-11-19,37.0,27.2,30.1
2002-11-20,8.0,22.9,25.0
2002-11-21,49.0,23.9,26.7
2002-11-22,4.0,36.6,41.5
2002-11-23,1.0,7.5,3.1
2002-11-24,50.0,8.2,4.0
2002-11-25,16.0,10.6,6.7
2002-11-26,0.0,14.6,11.3
2002-11-28,13.0,6.9,2.5
2002-11-29,12.0,5.2,1.0
2002-11-30,0.0,5.1,1.0
2002-12-01,0.0,5.6,0.0
2002-12-02,10.0,20.8,22.2
2002-12-03,47.0,4.3,0.0
2002-12-04,0.0,0.6,0.0
2002-12-05,0.0,4.3,0.0
2002-12-06,0.0,7.1,1.2
2002-12-07,13.0,5.8,1.0
2002-12-08,1.0,3.8,0.0
2002-12-09,7.0,17.2,11.8
2002-12-10,0.0,8.0,2.0
2002-12-11,24.0,26.6,27.9
2002-12-12,38.0,37.0,42.1
2002-12-13,12.0,7.3,1.9
2002-12-14,21.0,15.9,11.1
2002-12-15,36.0,49.4,63.6
2002-12-16,25.0,26.7,27.3
2002-12-17,11.0,9.9,4.6
2002-12-18,4.0,16.5,11.7
2002-12-20,1.0,5.7,1.0
2002-12-21,41.0,3.3,0.0
2002-12-22,18.0,15.6,8.9
2002-12-23,94.0,125.0,223.9
2002-12-24,11.0,42.1,70.8
2002-12-25,13.0,11.3,4.0
2002-12-26,81.0,39.5,68.2
2002-12-27,0.0,5.8,0.0
2002-12-28,0.0,5.2,0.0
2002-12-29,0.0,10.7,3.4
2002-12-30,0.0,5.3,0.0
2002-12-31,3.0,16.6,10.1
2003-01-01,0.0,14.4,5.8
2003-01-02,0.0,7.2,1.0
2003-01-03,5.0,20.8,12.1
2003-01-04,45.0,27.9,27.4
2003-01-05,21.0,25.8,17.4
2003-01-06,8.0,23.5,14.9
2003-01-07,100.0,67.5,99.2
2003-01-08,70.0,67.0,98.5
2003-01-09,0.0,1.7,0.0
2003-01-10,0.0,2.6,0.0
2003-01-11,65.0,44.3,99.5
2003-01-12,27.0,4.5,0.0
2003-01-13,0.0,0.4,0.0
2003-01-14,0.0,0.8,0.0
2003-01-15,1.0,4.8,0.0
2003-01-16,1.0,2.3,0.0
2003-01-17,13.0,4.0,0.0
2003-01-18,63.0,45.8,101.2
2003-01-19,74.0,74.5,127.1
2003-01-20,4.0,8.5,2.6
2003-01-21,0.0,2.0,0.0
2003-01-22,0.0,7.9,0.0
2003-01-23,2.0,7.5,0.0
2003-01-24,0.0,1.4,0.0
2003-01-25,0.0,0.6,0.0
2003-01-26,0.0,0.2,0.0
2003-01-27,0.0,0.8,0.0
2003-01-29,63.0,52.7,101.8
2003-01-30,29.0,28.8,55.6
2003-01-31,107.0,94.2,174.8
2003-02-01,2.0,11.9,7.0
2003-02-02,141.0,50.8,77.1
2003-02-03,4.0,11.0,5.8
2003-02-04,6.0,16.5,13.2
2003-02-05,16.0,8.5,2.4
2003-02-06,11.0,14.4,10.3
2003-02-08,0.0,1.5,0.0
2003-02-09,1.0,2.7,0.0
2003-02-10,10.0,3.8,0.0
2003-02-11,0.0,0.5,0.0
2003-02-12,0.0,0.8,0.0
2003-02-13,0.0,2.6,0.0
2003-02-14,0.0,5.7,0.0
2003-02-15,2.0,7.1,2.1
2003-02-16,27.0,35.9,103.7
2003-02-17,0.0,4.6,0.0
2003-02-18,33.0,4.3,0.0
2003-02-19,0.0,1.8,0.0
2003-02-20,0.0,0.6,0.0
2003-02-21,0.0,0.9,0.0
2003-02-22,0.0,3.7,0.0
2003-02-23,0.0,2.5,0.0
2003-02-24,0.0,0.0,0.0
2003-02-25,0.0,4.2,0.0
2003-02-26,0.0,3.1,0.0
2003-02-27,0.0,7.9,25.2
2003-02-28,0.0,2.4,0.0
2003-03-01,0.0,1.1,0.0
2003-03-02,0.0,0.1,0.0
2003-03-03,9.0,0.1,0.0
2003-03-04,0.0,0.7,0.0
2003-03-05,0.0,0.0,0.0
2003-03-06,0.0,0.1,0.0
2003-03-07,26.0,0.7,0.0
2003-03-08,74.0,2.0,0.0
2003-03-09,0.0,1.1,0.0
2003-03-10,0.0,1.3,0.0
2003-03-11,4.0,1.1,0.0
2003-03-12,96.0,36.2,52.6
2003-03-13,57.0,43.2,62.4
2003-03-14,1.0,10.8,7.2
2003-03-15,0.0,0.2,0.0
2003-03-16,0.0,0.4,0.0
2003-03-17,0.0,0.3,0.0
2003-03-18,0.0,0.3,0.0
2003-03-19,15.0,10.2,6.5
2003-03-20,12.0,18.3,28.7
2003-03-21,8.0,1.3,0.0
2003-03-22,0.0,0.3,0.0
2003-03-23,0.0,1.3,0.0
2003-03-24,0.0,2.6,0.0
2003-03-25,12.0,4.9,2.9
2003-03-26,27.0,7.3,5.6
2003-03-27,2.0,63.4,64.6
2003-03-28,5.0,24.0,32.8
2003-03-29,15.0,18.2,25.1
2003-03-30,0.0,7.5,5.9
2003-03-31,28.0,32.1,40.7
2003-04-01,0.0,5.2,3.0
2003-04-03,0.0,4.2,1.7
2003-04-04,1.0,83.8,66.7
2003-04-05,1.0,2.3,0.0
2003-04-06,20.0,10.4,9.7
2003-04-07,0.0,2.9,0.0
2003-04-08,15.0,2.6,0.0
2003-04-10,5.0,3.9,1.2
2003-04-11,0.0,5.7,2.6
2003-04-12,5.0,27.7,42.8
2003-04-13,23.0,11.5,11.0
2003-04-14,1.0,4.4,1.0
2003-04-15,37.0,22.5,34.7
2003-04-16,1.0,18.3,27.4
2003-04-17,2.0,35.4,55.6
2003-04-18,22.0,11.9,11.6
2003-04-19,2.0,21.4,32.0
2003-04-20,1.0,4.0,1.0
2003-04-21,61.0,9.7,8.3
2003-04-22,54.0,32.9,48.2
2003-04-23,0.0,20.0,29.8
2003-04-24,2.0,2.1,0.0
2003-04-25,62.0,5.2,2.9
2003-04-26,18.0,7.4,5.6
2003-04-28,7.0,3.5,1.0
2003-04-29,3.0,4.5,2.1
2003-04-30,27.0,36.7,53.0
2003-05-01,52.0,26.1,33.7
2003-05-02,1.0,11.1,9.3
2003-05-03,5.0,13.8,12.7
2003-05-05,1.0,5.7,2.1
2003-05-06,10.0,7.0,3.8
2003-05-07,0.0,3.3,0.0
2003-05-08,9.0,7.0,3.8
2003-05-09,24.0,23.9,29.9
2003-05-10,4.0,25.9,33.0
2003-05-11,1.0,6.3,3.0
2003-05-12,0.0,5.7,2.3
2003-05-13,2.0,7.5,4.5
2003-05-14,0.0,2.0,0.0
2003-05-15,0.0,3.4,0.0
2003-05-16,0.0,0.8,0.0
2003-05-17,0.0,0.1,0.0
2003-05-18,0.0,2.4,0.0
2003-05-19,0.0,0.0,0.0
2003-05-20,0.0,0.3,0.0
2003-05-21,0.0,0.9,0.0
2003-05-22,0.0,0.4,0.0
2003-05-23,0.0,0.3,0.0
2003-05-24,0.0,0.2,0.0
2003-05-25,0.0,0.2,0.0
2003-05-26,0.0,0.0,0.0
2003-05-27,0.0,0.2,0.0
2003-05-28,0.0,0.1,0.0
2003-05-29,0.0,0.0,0.0
2003-05-31,5.0,0.8,0.0
2003-06-01,0.0,2.4,0.0
2003-06-02,0.0,0.3,0.0
2003-06-03,0.0,0.0,0.0
2003-06-04,0.0,0.0,0.0
2003-06-05,0.0,1.7,0.0
2003-06-06,0.0,2.2,0.0
2003-06-07,4.0,0.4,0.0
2003-06-08,0.0,0.2,0.0
2003-06-09,0.0,0.6,0.0
2003-06-10,17.0,1.1,0.0
2003-06-11,0.0,6.3,3.1
2003-06-12,2.0,3.4,1.0
2003-06-13,0.0,0.8,0.0
2003-06-14,0.0,1.5,0.0
2003-06-15,3.0,0.5,0.0
2003-06-16,31.0,1.9,0.0
2003-06-17,30.0,2.7,0.0
2003-06-18,0.0,0.0,0.0
2003-06-19,0.0,0.0,0.0
2003-06-20,0.0,0.1,0.0
2003-06-21,0.0,0.1,0.0
2003-06-22,0.0,0.6,0.0
2003-06-23,0.0,0.6,0.0
2003-06-24,31.0,4.5,1.7
2003-06-25,8.0,11.6,11.9
2003-06-26,76.0,0.9,0.0
2003-06-27,2.0,3.1,0.0
2003-06-28,0.0,0.8,0.0
2003-06-29,11.0,4.0,1.0
2003-06-30,20.0,1.9,0.0
2003-07-01,0.0,2.0,0.0
2003-07-02,0.0,2.4,0.0
2003-07-03,7.0,4.3,2.0
2003-07-04,8.0,21.9,29.8
2003-07-05,1.0,3.3,1.0
2003-07-06,0.0,0.4,0.0
2003-07-07,1.0,2.0,0.0
2003-07-08,12.0,3.9,1.4
2003-07-09,5.0,3.3,1.0
2003-07-10,33.0,6.1,4.2
2003-07-11,18.0,33.3,50.2
2003-07-12,78.0,30.1,44.2
2003-07-13,0.0,3.7,1.5
2003-07-14,1.0,1.5,0.0
2003-07-15,84.0,21.3,25.8
2003-07-16,15.0,22.2,27.1
2003-07-17,18.0,22.9,28.2
2003-07-18,0.0,1.8,0.0
2003-07-19,0.0,3.1,1.0
2003-07-20,0.0,1.5,0.0
2003-07-21,0.0,0.6,0.0
2003-07-22,0.0,2.2,1.0
2003-07-23,0.0,1.2,0.0
2003-07-24,0.0,2.2,1.0
2003-07-25,0.0,1.0,0.0
2003-07-26,23.0,5.6,5.2
2003-07-27,0.0,3.5,2.5
2003-07-28,0.0,1.9,1.0
2003-07-29,0.0,0.3,0.0
2003-07-30,0.0,0.1,0.0
2003-07-31,0.0,1.2,0.0
2003-08-01,0.0,0.4,0.0
2003-08-03,0.0,1.9,1.1
2003-08-04,0.0,3.3,2.8
2003-08-05,37.0,14.7,14.3
2003-08-06,0.0,1.9,1.1
2003-08-07,0.0,1.2,1.0
2003-08-08,0.0,1.3,1.0
2003-08-09,0.0,0.5,0.0
2003-08-10,0.0,1.2,1.0
2003-08-11,0.0,6.3,5.5
2003-08-12,10.0,0.8,0.0
2003-08-13,3.0,2.9,1.9
2003-08-14,7.0,50.6,56.8
2003-08-15,23.0,10.7,9.9
2003-08-16,59.0,66.6,61.4
2003-08-17,0.0,4.8,3.9
2003-08-18,0.0,4.3,3.4
2003-08-19,0.0,0.1,0.0
2003-08-20,0.0,0.6,0.0
2003-08-21,0.0,3.4,1.6
2003-08-22,0.0,1.9,0.0
2003-08-23,12.0,4.1,2.3
2003-08-24,0.0,1.1,0.0
2003-08-25,22.0,1.2,0.0
2003-08-26,1.0,1.4,0.0
2003-08-27,4.0,6.2,4.5
2003-08-28,6.0,27.6,29.7
2003-08-29,0.0,3.6,1.8
2003-08-30,4.0,8.1,6.3
2003-08-31,2.0,15.1,12.8
2003-09-01,0.0,1.6,0.0
2003-09-02,15.0,21.4,24.2
2003-09-03,0.0,1.2,0.0
2003-09-04,0.0,1.1,0.0
2003-09-05,0.0,4.1,1.5
2003-09-06,0.0,1.1,0.0
2003-09-08,29.0,20.2,22.6
2003-09-09,0.0,6.7,4.5
2003-09-10,10.0,10.1,8.1
2003-09-11,5.0,10.0,8.7
2003-09-12,5.0,11.7,11.3
2003-09-13,0.0,1.7,0.0
2003-09-15,17.0,10.6,9.4
2003-09-16,0.0,0.8,0.0
2003-09-17,1.0,28.5,43.2
2003-09-20,12.0,33.1,48.7
2003-09-22,0.0,1.1,0.0
2003-09-23,10.0,8.5,8.6
2003-09-25,47.0,85.4,164.4
2003-09-26,0.0,1.2,0.0
2003-09-27,15.0,4.7,3.3
2003-09-28,0.0,2.3,1.0
2003-09-29,65.0,4.8,3.4
2003-09-30,1.0,2.3,1.0
2003-10-01,0.0,0.3,0.0
2003-10-02,0.0,1.3,0.0
2003-10-03,0.0,2.0,0.0
2003-10-04,26.0,74.7,146.6
2003-10-05,8.0,14.6,16.9
2003-10-06,33.0,53.4,98.0
2003-10-07,2.0,23.8,35.7
2003-10-08,30.0,62.7,120.3
2003-10-09,74.0,20.1,30.0
2003-10-10,1.0,8.6,7.4
2003-10-11,55.0,17.1,33.0
2003-10-12,18.0,17.3,32.1
2003-10-13,0.0,4.8,1.7
2003-10-14,75.0,28.3,56.8
2003-10-15,8.0,40.6,82.5
2003-10-16,0.0,2.4,0.0
2003-10-17,12.0,6.6,4.3
2003-10-18,0.0,2.4,0.0
2003-10-19,6.0,9.6,9.0
2003-10-20,0.0,4.4,1.2
2003-10-21,0.0,0.5,0.0
2003-10-22,0.0,0.2,0.0
2003-10-23,0.0,3.5,1.0
2003-10-24,0.0,2.1,0.0
2003-10-25,3.0,28.3,38.5
2003-10-26,4.0,3.0,1.0
2003-10-27,9.0,2.3,0.0
2003-10-28,9.0,5.4,3.1
2003-10-29,39.0,0.6,0.0
2003-10-30,27.0,51.5,88.7
2003-10-31,8.0,13.8,13.8
2003-11-01,2.0,9.3,8.5
2003-11-02,10.0,5.1,3.2
2003-11-03,19.0,1.7,0.0
2003-11-04,0.0,5.4,3.6
2003-11-05,38.0,20.6,22.9
2003-11-06,82.0,13.7,14.2
2003-11-07,0.0,4.1,1.8
2003-11-08,46.0,8.6,7.6
2003-11-09,18.0,17.1,18.4
2003-11-10,7.0,3.4,1.0
2003-11-11,2.0,5.1,1.6
2003-11-12,0.0,2.1,0.0
2003-11-13,3.0,4.6,1.0
2003-11-14,18.0,5.0,1.4
2003-11-15,3.0,14.3,11.9
2003-11-16,1.0,39.5,44.6
2003-11-17,4.0,1.2,0.0
2003-11-18,36.0,10.2,7.4
2003-11-19,5.0,24.1,25.8
2003-11-20,9.0,50.1,56.5
2003-11-21,9.0,16.1,12.9
2003-11-23,0.0,3.8,0.0
2003-11-24,84.0,22.7,25.4
2003-11-25,43.0,39.5,45.5
2003-11-26,3.0,10.4,6.4
2003-11-27,1.0,14.2,10.8
2003-11-28,33.0,62.3,80.3
2003-11-29,0.0,17.9,15.1
2003-11-30,2.0,28.0,30.9
2003-12-01,1.0,19.6,20.9
2003-12-02,2.0,18.1,12.9
2003-12-03,0.0,7.7,1.8
2003-12-04,2.0,16.9,11.6
2003-12-05,2.0,8.6,2.6
2003-12-06,0.0,3.9,0.0
2003-12-07,2.0,14.5,8.9
2003-12-08,1.0,15.0,9.5
2003-12-09,44.0,7.7,1.7
2003-12-10,13.0,25.7,31.1
2003-12-11,0.0,7.0,1.7
2003-12-12,31.0,56.0,79.3
2003-12-13,28.0,40.6,47.7
2003-12-14,6.0,11.4,6.1
2003-12-15,3.0,4.5,0.0
2003-12-16,19.0,3.0,0.0
2003-12-17,2.0,11.3,6.0
2003-12-18,0.0,2.9,0.0
2003-12-20,149.0,109.9,218.3
2003-12-21,19.0,54.5,94.7
2003-12-22,0.0,0.8,0.0
2003-12-23,0.0,0.3,0.0
2003-12-24,0.0,0.1,0.0
2003-12-25,0.0,0.1,0.0
2003-12-26,0.0,0.5,0.0
2003-12-27,0.0,0.7,0.0
2003-12-28,0.0,0.2,0.0
2003-12-29,0.0,0.1,0.0
2003-12-30,0.0,0.2,0.0
2003-12-31,0.0,0.4,0.0
2004-01-01,0.0,0.1,0.0
2004-01-02,0.0,0.3,0.0
2004-01-03,0.0,0.4,0.0
2004-01-04,0.0,0.2,0.0
2004-01-05,13.0,103.1,229.2
2004-01-06,0.0,0.8,0.0
2004-01-07,0.0,0.4,0.0
2004-01-08,0.0,0.3,0.0
2004-01-09,8.0,1.5,0.0
2004-01-10,13.0,4.3,0.0
2004-01-11,27.0,5.1,0.0
2004-01-12,1.0,2.1,0.0
2004-01-13,0.0,1.8,0.0
2004-01-14,0.0,0.9,0.0
2004-01-15,0.0,0.3,0.0
2004-01-16,0.0,0.4,0.0
2004-01-17,0.0,2.2,0.0
2004-01-18,0.0,5.1,0.0
2004-01-19,67.0,26.9,66.6
2004-01-20,3.0,1.7,0.0
2004-01-21,0.0,0.1,0.0
2004-01-23,35.0,65.2,124.7
2004-01-24,119.0,81.4,153.5
2004-01-25,4.0,34.0,65.4
2004-01-26,2.0,5.0,0.0
2004-01-27,2.0,10.7,2.1
2004-01-28,14.0,3.4,0.0
2004-01-29,51.0,20.0,36.2
2004-01-30,0.0,3.8,0.0
2004-01-31,0.0,2.0,0.0
2004-02-01,34.0,19.5,21.1
2004-02-02,0.0,15.7,12.2
2004-02-03,0.0,3.4,0.0
2004-02-04,0.0,3.5,0.0
2004-02-05,0.0,0.5,0.0
2004-02-06,0.0,3.9,0.0
2004-02-07,0.0,11.8,6.6
2004-02-08,0.0,0.6,0.0
2004-02-09,0.0,0.6,0.0
2004-02-10,0.0,0.6,0.0
2004-02-11,0.0,0.6,0.0
2004-02-12,0.0,1.4,0.0
2004-02-14,1.0,0.3,0.0
2004-02-16,0.0,0.5,0.0
2004-02-17,0.0,2.4,0.0
2004-02-18,0.0,0.9,0.0
2004-02-19,0.0,2.0,0.0
2004-02-20,0.0,2.0,0.0
2004-02-21,0.0,1.0,0.0
2004-02-22,0.0,0.1,0.0
2004-02-23,0.0,0.6,0.0
2004-02-24,0.0,0.8,0.0
2004-02-25,0.0,0.7,0.0
2004-02-26,0.0,0.4,0.0
2004-02-27,0.0,2.1,0.0
2004-02-28,0.0,0.8,0.0
2004-02-29,0.0,0.2,0.0
2004-03-01,0.0,0.9,0.0
2004-03-02,1.0,2.0,0.0
2004-03-03,7.0,3.5,0.0
2004-03-04,0.0,6.3,1.2
2004-03-05,1.0,6.7,1.6
2004-03-06,2.0,21.7,28.1
2004-03-07,1.0,14.1,11.0
2004-03-08,156.0,137.4,138.4
2004-03-09,1.0,7.6,2.6
2004-03-10,0.0,7.5,2.5
2004-03-11,56.0,16.8,27.0
2004-03-12,3.0,2.6,0.0
2004-03-13,0.0,4.3,1.0
2004-03-14,0.0,2.6,0.0
2004-03-15,28.0,6.0,2.0
2004-03-16,7.0,8.9,5.2
2004-03-17,3.0,6.5,2.5
2004-03-18,0.0,1.3,0.0
2004-03-19,20.0,1.1,0.0
2004-03-20,0.0,1.9,0.0
2004-03-21,0.0,0.9,0.0
2004-03-22,0.0,3.2,1.0
2004-03-23,0.0,3.2,1.0
2004-03-24,0.0,0.6,0.0
2004-03-25,2.0,0.3,0.0
2004-03-26,26.0,1.6,0.0
2004-03-27,1.0,4.3,2.1
2004-03-28,0.0,0.1,0.0
2004-03-29,1.0,1.4,0.0
2004-03-30,2.0,12.0,10.7
2004-03-31,0.0,1.0,0.0
2004-04-01,0.0,3.2,1.0
2004-04-02,6.0,0.8,0.0
2004-04-03,0.0,1.0,0.0
2004-04-04,2.0,2.4,0.0
2004-04-05,0.0,2.0,0.0
2004-04-06,0.0,1.0,0.0
2004-04-07,14.0,0.7,0.0
2004-04-08,2.0,0.0,0.0
2004-04-09,6.0,3.7,1.0
2004-04-10,0.0,1.5,0.0
2004-04-11,2.0,0.6,0.0
2004-04-12,1.0,2.0,0.0
2004-04-13,0.0,0.5,0.0
2004-04-14,0.0,0.0,0.0
2004-04-15,0.0,0.4,0.0
2004-04-16,0.0,0.4,0.0
2004-04-17,0.0,0.4,0.0
2004-04-18,0.0,0.1,0.0
2004-04-19,0.0,0.0,0.0
2004-04-20,0.0,0.0,0.0
2004-04-21,3.0,2.2,0.0
2004-04-22,6.0,1.9,0.0
2004-04-23,36.0,6.7,4.7
2004-04-24,23.0,16.5,23.3
2004-04-25,0.0,0.7,0.0
2004-04-26,31.0,2.2,0.0
2004-04-27,2.0,5.2,2.9
2004-04-28,1.0,6.0,3.9
2004-04-30,0.0,12.1,11.1
2004-05-01,0.0,5.9,2.4
2004-05-02,0.0,7.9,5.1
2004-05-03,63.0,6.5,3.3
2004-05-04,7.0,16.9,20.0
2004-05-05,51.0,24.6,32.0
2004-05-08,0.0,3.1,0.0
2004-05-09,0.0,0.0,0.0
2004-05-10,0.0,0.6,0.0
2004-05-11,0.0,1.9,0.0
2004-05-12,9.0,5.0,1.4
2004-05-13,0.0,0.4,0.0
2004-05-14,0.0,23.0,30.8
2004-05-15,24.0,7.3,4.2
2004-05-16,0.0,0.4,0.0
2004-05-17,0.0,1.1,0.0
2004-05-18,0.0,0.3,0.0
2004-05-19,0.0,2.0,0.0
2004-05-20,7.0,1.2,0.0
2004-05-21,0.0,0.2,0.0
2004-05-22,7.0,3.2,0.0
2004-05-23,6.0,1.0,0.0
2004-05-26,3.0,3.8,1.0
2004-05-27,19.0,41.6,80.2
2004-05-28,0.0,2.3,0.0
2004-05-29,32.0,6.5,4.2
2004-05-30,4.0,10.3,9.9
2004-06-01,0.0,11.2,8.6
2004-06-02,0.0,6.7,3.6
2004-06-03,0.0,6.0,2.9
2004-06-04,40.0,21.4,25.4
2004-06-05,4.0,13.4,11.1
2004-06-06,0.0,1.9,0.0
2004-06-07,6.0,19.1,21.5
2004-06-08,0.0,2.8,0.0
2004-06-09,68.0,39.1,52.7
2004-06-10,0.0,2.9,0.0
2004-06-11,0.0,0.5,0.0
2004-06-12,0.0,0.2,0.0
2004-06-13,0.0,0.2,0.0
2004-06-14,0.0,0.1,0.0
2004-06-15,0.0,0.4,0.0
2004-06-16,0.0,0.9,0.0
2004-06-17,0.0,0.0,0.0
2004-06-18,0.0,0.1,0.0
2004-06-19,0.0,0.5,0.0
2004-06-20,0.0,0.8,0.0
2004-06-21,0.0,1.2,0.0
2004-06-23,7.0,20.0,27.2
2004-06-24,0.0,1.8,0.0
2004-06-25,0.0,2.2,0.0
2004-06-26,0.0,35.2,51.0
2004-06-27,0.0,1.9,0.0
2004-06-28,0.0,1.2,0.0
2004-06-29,10.0,3.6,1.0
2004-06-30,22.0,37.3,53.6
2004-07-01,2.0,3.5,1.0
2004-07-02,0.0,4.9,2.7
2004-07-03,14.0,3.9,1.5
2004-07-04,8.0,12.3,11.6
2004-07-05,11.0,5.5,3.4
2004-07-06,89.0,15.4,19.9
2004-07-07,3.0,7.2,5.5
2004-07-08,26.0,45.3,54.7
2004-07-09,0.0,2.7,0.0
2004-07-10,0.0,12.6,11.5
2004-07-11,0.0,1.8,0.0
2004-07-12,5.0,3.1,1.0
2004-07-13,30.0,3.2,1.0
2004-07-15,3.0,3.7,1.5
2004-07-16,18.0,20.9,25.5
2004-07-17,13.0,8.6,8.7
2004-07-18,0.0,2.1,0.0
2004-07-19,0.0,2.0,0.0
2004-07-20,0.0,2.7,1.0
2004-07-21,1.0,15.3,16.9
2004-07-22,0.0,4.7,4.0
2004-07-23,4.0,9.4,9.9
2004-07-24,5.0,15.6,17.7
2004-07-25,0.0,3.8,2.9
2004-07-26,33.0,10.2,10.8
2004-07-27,10.0,5.7,5.2
2004-07-28,0.0,10.2,10.9
2004-07-29,1.0,19.3,21.0
2004-07-30,15.0,26.4,32.3
2004-07-31,14.0,26.2,31.9
2004-08-01,24.0,38.1,41.2
2004-08-02,1.0,20.0,19.9
2004-08-03,0.0,0.3,0.0
2004-08-04,0.0,0.1,0.0
2004-08-05,0.0,0.0,0.0
2004-08-06,0.0,0.1,0.0
2004-08-07,0.0,0.4,0.0
2004-08-08,0.0,0.5,0.0
2004-08-09,0.0,0.0,0.0
2004-08-10,0.0,0.5,0.0
2004-08-11,0.0,0.2,0.0
2004-08-12,0.0,9.6,8.8
2004-08-13,0.0,1.0,0.0
2004-08-14,0.0,1.3,0.0
2004-08-15,0.0,1.7,1.0
2004-08-16,3.0,8.7,8.0
2004-08-17,0.0,0.5,0.0
2004-08-19,0.0,15.2,16.4
2004-08-20,5.0,1.0,0.0
2004-08-21,0.0,0.5,0.0
2004-08-22,0.0,1.6,0.0
2004-08-23,0.0,2.8,1.0
2004-08-24,0.0,1.9,0.0
2004-08-25,4.0,1.7,0.0
2004-08-26,0.0,1.9,0.0
2004-08-27,0.0,0.3,0.0
2004-08-28,0.0,0.8,0.0
2004-08-29,0.0,0.1,0.0
2004-08-30,0.0,0.0,0.0
2004-08-31,0.0,0.0,0.0
2004-09-01,0.0,1.7,0.0
2004-09-02,1.0,5.2,2.8
2004-09-03,0.0,1.0,0.0
2004-09-04,1.0,1.2,0.0
2004-09-05,7.0,22.1,24.6
2004-09-06,0.0,0.3,0.0
2004-09-07,0.0,0.3,0.0
2004-09-08,0.0,0.0,0.0
2004-09-09,0.0,0.7,0.0
2004-09-10,0.0,0.5,0.0
2004-09-11,0.0,1.7,0.0
2004-09-12,17.0,1.7,0.0
2004-09-13,4.0,7.9,6.2
2004-09-14,19.0,4.9,2.5
2004-09-15,33.0,10.9,9.8
2004-09-16,75.0,32.6,48.1
2004-09-17,0.0,4.6,2.1
2004-09-18,2.0,5.9,3.8
2004-09-19,0.0,1.7,0.0
2004-09-20,26.0,7.0,5.1
2004-09-21,15.0,28.0,44.4
2004-09-22,0.0,0.4,0.0
2004-09-23,0.0,0.3,0.0
2004-09-24,31.0,10.2,10.3
2004-09-25,54.0,45.1,86.8
2004-09-26,35.0,21.1,32.7
2004-09-27,2.0,2.6,1.0
2004-09-28,5.0,7.3,6.5
2004-09-29,20.0,39.6,71.8
2004-09-30,23.0,56.1,123.4
2004-10-01,0.0,8.8,7.6
2004-10-02,0.0,3.2,1.0
2004-10-04,0.0,0.6,0.0
2004-10-05,0.0,1.9,0.0
2004-10-06,0.0,1.2,0.0
2004-10-07,0.0,1.2,0.0
2004-10-08,4.0,3.5,1.0
2004-10-09,4.0,11.5,11.3
2004-10-11,1.0,3.7,1.0
2004-10-12,0.0,1.9,0.0
2004-10-13,15.0,10.0,9.7
2004-10-14,0.0,0.0,0.0
2004-10-15,0.0,0.1,0.0
2004-10-16,0.0,0.0,0.0
2004-10-17,30.0,3.8,1.0
2004-10-18,58.0,15.8,29.1
2004-10-19,0.0,14.8,26.8
2004-10-20,12.0,5.9,3.3
2004-10-21,28.0,50.1,84.8
2004-10-22,1.0,29.3,40.8
2004-10-23,0.0,16.3,17.2
2004-10-24,18.0,32.4,45.3
2004-10-25,0.0,6.7,4.6
2004-10-27,19.0,22.1,29.6
2004-10-28,6.0,34.8,49.8
2004-10-29,83.0,11.2,10.3
2004-10-30,3.0,6.4,4.3
2004-10-31,33.0,11.0,10.0
2004-11-01,41.0,16.2,17.3
2004-11-02,2.0,7.7,6.4
2004-11-03,0.0,5.1,3.2
2004-11-04,14.0,8.0,6.9
2004-11-06,0.0,2.6,0.0
2004-11-07,0.0,2.1,0.0
2004-11-08,0.0,4.6,2.5
2004-11-09,29.0,22.9,29.0
2004-11-10,89.0,4.2,2.0
2004-11-11,0.0,2.2,0.0
2004-11-12,0.0,1.8,0.0
2004-11-13,34.0,1.9,0.0
2004-11-14,13.0,12.3,9.7
2004-11-15,1.0,19.0,17.1
2004-11-16,17.0,5.9,2.6
2004-11-17,16.0,3.0,0.0
2004-11-18,0.0,0.3,0.0
2004-11-19,81.0,121.7,73.0
2004-11-20,1.0,21.7,20.5
2004-11-21,16.0,2.3,0.0
2004-11-22,29.0,14.3,10.9
2004-11-23,1.0,6.0,1.5
2004-11-24,0.0,5.1,1.0
2004-11-25,3.0,0.9,0.0
2004-11-26,7.0,11.2,7.3
2004-11-27,0.0,3.7,0.0
2004-11-28,30.0,9.8,5.7
2004-11-29,3.0,4.2,0.0
2004-11-30,1.0,7.4,3.1
2004-12-01,0.0,1.7,0.0
2004-12-02,0.0,0.7,0.0
2004-12-03,39.0,9.0,3.0
2004-12-04,0.0,23.2,26.5
2004-12-05,11.0,19.4,19.9
2004-12-06,11.0,54.3,86.0
2004-12-07,3.0,25.3,30.1
2004-12-08,0.0,4.5,0.0
2004-12-09,0.0,2.4,0.0
2004-12-10,0.0,2.7,0.0
2004-12-11,183.0,51.7,68.5
2004-12-12,40.0,41.0,47.8
2004-12-13,4.0,4.0,0.0
2004-12-15,0.0,6.7,1.5
2004-12-16,0.0,3.9,0.0
2004-12-18,10.0,13.5,8.3
2004-12-19,0.0,6.3,1.1
2004-12-20,0.0,1.0,0.0
2004-12-21,0.0,0.7,0.0
2004-12-22,0.0,1.5,0.0
2004-12-23,0.0,1.1,0.0
2004-12-25,2.0,2.6,0.0
2004-12-26,0.0,6.7,1.0
2004-12-27,23.0,68.6,124.7
2004-12-28,32.0,61.1,109.3
2004-12-29,0.0,11.5,4.3
2004-12-30,19.0,20.4,31.6
2004-12-31,14.0,16.8,11.4
2005-01-01,30.0,36.1,38.6
2005-01-02,184.0,116.7,299.6
2005-01-03,5.0,6.6,1.0
2005-01-04,75.0,16.8,8.2
2005-01-05,1.0,12.1,3.8
2005-01-07,9.0,9.7,1.9
2005-01-08,13.0,31.4,31.9
2005-01-09,12.0,41.1,45.8
2005-01-10,85.0,34.5,35.9
2005-01-11,7.0,4.3,0.0
2005-01-12,0.0,0.7,0.0
2005-01-13,0.0,0.5,0.0
2005-01-14,5.0,0.4,0.0
2005-01-15,0.0,0.2,0.0
2005-01-16,0.0,0.5,0.0
2005-01-18,2.0,0.6,0.0
2005-01-19,0.0,0.1,0.0
2005-01-20,0.0,0.0,0.0
2005-01-21,0.0,0.2,0.0
2005-01-22,0.0,0.2,0.0
2005-01-23,0.0,0.2,0.0
2005-01-24,0.0,0.1,0.0
2005-01-25,0.0,0.1,0.0
2005-01-26,0.0,0.2,0.0
2005-01-27,0.0,0.0,0.0
2005-01-28,0.0,0.1,0.0
2005-01-29,0.0,0.2,0.0
2005-01-30,0.0,0.2,0.0
2005-01-31,0.0,0.0,0.0
2005-02-01,0.0,0.4,0.0
2005-02-02,0.0,0.8,0.0
2005-02-03,0.0,0.2,0.0
2005-02-04,0.0,0.0,0.0
2005-02-05,0.0,0.0,0.0
2005-02-06,0.0,0.0,0.0
2005-02-07,0.0,0.0,0.0
2005-02-08,0.0,0.1,0.0
2005-02-09,0.0,0.0,0.0
2005-02-10,0.0,0.0,0.0
2005-02-11,0.0,0.0,0.0
2005-02-12,0.0,0.0,0.0
2005-02-13,0.0,0.0,0.0
2005-02-14,0.0,0.0,0.0
2005-02-15,0.0,0.1,0.0
2005-02-16,0.0,1.7,0.0
2005-02-17,0.0,0.4,0.0
2005-02-18,0.0,0.0,0.0
2005-02-19,0.0,0.1,0.0
2005-02-20,0.0,0.7,0.0
2005-02-21,0.0,0.2,0.0
2005-02-22,0.0,0.8,0.0
2005-02-23,0.0,0.7,0.0
2005-02-24,25.0,1.7,0.0
2005-02-25,62.0,3.2,0.0
2005-02-27,2.0,15.1,63.3
2005-02-28,0.0,2.0,0.0
2005-03-01,0.0,4.1,0.0
2005-03-02,0.0,4.1,0.0
2005-03-03,6.0,12.6,9.5
2005-03-04,0.0,0.8,0.0
2005-03-05,0.0,0.2,0.0
2005-03-06,1.0,2.6,0.0
2005-03-07,1.0,0.3,0.0
2005-03-08,0.0,0.0,0.0
2005-03-09,0.0,0.0,0.0
2005-03-10,0.0,1.0,0.0
2005-03-11,3.0,0.2,0.0
2005-03-12,2.0,1.8,0.0
2005-03-13,0.0,0.6,0.0
2005-03-14,0.0,2.7,0.0
2005-03-15,0.0,2.8,0.0
2005-03-16,0.0,1.8,0.0
2005-03-17,0.0,3.5,0.0
2005-03-18,0.0,3.4,0.0
2005-03-19,0.0,0.9,0.0
2005-03-20,4.0,2.6,0.0
2005-03-21,0.0,2.4,0.0
2005-03-22,0.0,0.9,0.0
2005-03-23,55.0,3.8,1.5
2005-03-24,0.0,2.3,0.0
2005-03-25,0.0,1.0,0.0
2005-03-26,14.0,6.3,4.5
2005-03-27,22.0,25.2,34.0
2005-03-28,96.0,31.9,41.1
2005-03-29,2.0,24.8,33.4
2005-03-30,17.0,36.8,45.4
2005-03-31,6.0,36.1,44.8
2005-04-01,0.0,3.9,1.2
2005-04-02,6.0,6.6,4.8
2005-04-03,48.0,38.1,51.5
2005-04-04,28.0,20.9,29.3
2005-04-05,0.0,10.2,9.4
2005-04-06,3.0,7.3,5.7
2005-04-07,0.0,1.4,0.0
2005-04-08,47.0,13.3,14.0
2005-04-10,0.0,0.9,0.0
2005-04-12,0.0,0.4,0.0
2005-04-13,0.0,0.9,0.0
2005-04-14,0.0,1.4,0.0
2005-04-15,0.0,8.9,7.3
2005-04-16,45.0,8.3,6.3
2005-04-17,32.0,23.2,35.0
2005-04-18,11.0,5.8,2.8
2005-04-19,3.0,0.3,0.0
2005-04-20,0.0,0.2,0.0
2005-04-21,44.0,9.3,7.9
2005-04-22,7.0,0.4,0.0
2005-04-23,0.0,3.7,1.0
2005-04-24,20.0,4.7,2.3
2005-04-25,12.0,4.4,1.9
2005-04-26,16.0,6.1,4.0
2005-04-27,22.0,5.4,3.1
2005-04-28,11.0,1.3,0.0
2005-04-29,0.0,6.5,4.6
2005-04-30,0.0,0.4,0.0
2005-05-01,24.0,2.0,0.0
2005-05-02,0.0,1.7,0.0
2005-05-03,49.0,0.4,0.0
2005-05-04,35.0,6.8,3.5
2005-05-05,19.0,23.5,29.7
2005-05-06,38.0,26.8,35.2
2005-05-07,11.0,20.5,25.3
2005-05-08,21.0,15.7,15.3
2005-05-09,0.0,4.1,0.0
2005-05-10,13.0,35.7,51.2
2005-05-11,25.0,13.5,11.7
2005-05-12,6.0,11.9,9.7
2005-05-13,0.0,1.1,0.0
2005-05-14,10.0,59.8,71.4
2005-05-15,0.0,0.8,0.0
2005-05-17,26.0,46.3,65.5
2005-05-19,2.0,6.5,3.2
2005-05-20,2.0,1.9,0.0
2005-05-21,4.0,3.0,0.0
2005-05-22,2.0,1.3,0.0
2005-05-23,16.0,20.2,32.6
2005-05-24,48.0,36.0,66.3
2005-05-26,1.0,2.1,0.0
2005-05-27,12.0,5.0,1.9
2005-05-28,0.0,2.5,0.0
2005-05-29,6.0,5.4,2.6
2005-05-30,0.0,1.6,0.0
2005-05-31,0.0,2.0,0.0
2005-06-01,0.0,1.8,0.0
2005-06-02,0.0,1.2,0.0
2005-06-03,6.0,1.4,0.0
2005-06-04,27.0,16.0,14.4
2005-06-05,25.0,6.9,3.8
2005-06-06,0.0,2.8,0.0
2005-06-07,54.0,33.8,45.2
2005-06-08,2.0,16.2,14.1
2005-06-09,0.0,2.8,0.0
2005-06-10,0.0,0.8,0.0
2005-06-11,0.0,3.5,1.0
2005-06-12,4.0,40.2,42.2
2005-06-13,16.0,7.7,4.5
2005-06-14,0.0,10.9,7.6
2005-06-15,3.0,17.7,14.2
2005-06-16,0.0,21.8,18.0
2005-06-17,1.0,35.0,34.3
2005-06-18,0.0,2.0,0.0
2005-06-19,0.0,6.8,3.6
2005-06-20,25.0,2.8,0.0
2005-06-21,0.0,11.1,10.4
2005-06-22,0.0,9.6,8.4
2005-06-24,7.0,2.0,0.0
2005-06-25,9.0,5.8,3.4
2005-06-26,2.0,6.6,4.5
2005-06-27,6.0,5.1,2.4
2005-06-28,15.0,4.2,1.3
2005-06-29,9.0,6.1,3.9
2005-06-30,3.0,4.3,1.4
2005-07-01,0.0,4.9,2.7
2005-07-02,0.0,1.9,0.0
2005-07-03,0.0,1.1,0.0
2005-07-04,15.0,6.1,4.1
2005-07-05,0.0,1.5,0.0
2005-07-06,0.0,0.2,0.0
2005-07-07,0.0,0.8,0.0
2005-07-08,0.0,1.3,0.0
2005-07-09,2.0,7.5,5.8
2005-07-10,0.0,0.8,0.0
2005-07-11,1.0,4.4,2.5
2005-07-12,11.0,4.3,2.3
2005-07-13,7.0,3.4,1.0
2005-07-14,5.0,4.0,1.9
2005-07-15,40.0,34.0,52.2
2005-07-16,2.0,20.7,24.6
2005-07-17,0.0,7.7,7.3
2005-07-18,0.0,8.3,8.2
2005-07-20,0.0,2.8,1.0
2005-07-21,31.0,13.3,14.5
2005-07-22,9.0,4.2,3.4
2005-07-23,18.0,2.0,1.0
2005-07-24,0.0,4.7,4.0
2005-07-25,27.0,3.5,2.5
2005-07-26,13.0,32.0,40.2
2005-07-27,0.0,0.9,0.0
2005-07-28,0.0,0.7,0.0
2005-07-29,0.0,0.4,0.0
2005-07-30,18.0,8.0,8.1
2005-07-31,0.0,3.3,2.2
2005-08-01,0.0,0.6,0.0
2005-08-02,8.0,23.6,23.9
2005-08-03,0.0,0.9,0.0
2005-08-04,26.0,0.7,0.0
2005-08-05,0.0,1.4,1.0
2005-08-06,0.0,1.0,0.0
2005-08-07,10.0,0.5,0.0
2005-08-08,1.0,14.2,13.5
2005-08-09,2.0,1.9,1.2
2005-08-10,0.0,2.1,1.4
2005-08-11,21.0,19.6,23.6
2005-08-12,4.0,12.0,11.1
2005-08-13,0.0,5.9,5.1
2005-08-14,0.0,1.3,0.0
2005-08-15,0.0,1.5,1.0
2005-08-16,0.0,1.0,0.0
2005-08-17,1.0,1.8,1.0
2005-08-18,70.0,22.6,28.2
2005-08-19,1.0,1.9,1.0
2005-08-20,5.0,11.7,11.5
2005-08-22,0.0,4.3,2.5
2005-08-23,2.0,4.7,2.9
2005-08-24,0.0,2.3,1.0
2005-08-25,0.0,0.4,0.0
2005-08-26,5.0,6.4,4.7
2005-08-27,0.0,31.9,34.6
2005-08-28,0.0,1.8,0.0
2005-08-29,0.0,2.1,1.0
2005-08-30,0.0,0.6,0.0
2005-08-31,0.0,0.6,0.0
2005-09-01,8.0,5.3,2.8
2005-09-02,24.0,34.4,37.4
2005-09-03,0.0,4.5,1.9
2005-09-04,1.0,1.5,0.0
2005-09-05,0.0,3.1,1.0
2005-09-06,0.0,2.2,0.0
2005-09-07,22.0,4.1,1.5
2005-09-08,0.0,3.5,1.0
2005-09-09,0.0,0.5,0.0
2005-09-10,0.0,1.0,0.0
2005-09-11,0.0,3.3,1.0
2005-09-13,0.0,2.2,0.0
2005-09-14,0.0,1.1,0.0
2005-09-15,0.0,2.1,0.0
2005-09-16,6.0,1.3,0.0
2005-09-17,0.0,1.0,0.0
2005-09-18,9.0,18.9,22.7
2005-09-19,0.0,1.7,0.0
2005-09-20,0.0,1.5,0.0
2005-09-21,0.0,0.6,0.0
2005-09-22,1.0,0.6,0.0
2005-09-23,0.0,3.7,2.0
2005-09-24,0.0,1.1,0.0
2005-09-25,0.0,1.7,0.0
2005-09-26,0.0,3.5,1.8
2005-09-27,0.0,1.2,0.0
2005-09-28,67.0,1.3,0.0
2005-09-29,14.0,0.8,0.0
2005-09-30,19.0,1.5,0.0
2005-10-01,0.0,4.7,2.0
2005-10-02,22.0,4.5,1.9
2005-10-03,0.0,4.0,1.2
2005-10-04,1.0,5.2,2.8
2005-10-05,1.0,3.7,1.0
2005-10-06,0.0,1.3,0.0
2005-10-07,23.0,9.2,8.1
2005-10-08,25.0,27.9,43.6
2005-10-09,4.0,15.7,17.2
2005-10-10,0.0,2.4,0.0
2005-10-11,0.0,3.1,0.0
2005-10-12,7.0,2.5,0.0
2005-10-13,5.0,31.9,65.5
2005-10-14,84.0,50.1,101.4
2005-10-15,0.0,4.4,1.2
2005-10-16,61.0,35.7,73.3
2005-10-17,2.0,4.1,1.0
2005-10-18,2.0,1.6,0.0
2005-10-19,6.0,11.9,13.3
2005-10-20,0.0,11.9,13.2
2005-10-22,2.0,6.5,4.3
2005-10-23,0.0,4.7,2.3
2005-10-24,44.0,2.2,0.0
2005-10-25,22.0,58.1,108.6
2005-10-26,5.0,26.3,35.2
2005-10-28,0.0,2.4,0.0
2005-10-29,0.0,2.7,1.0
2005-10-30,0.0,6.3,4.2
2005-10-31,4.0,2.6,0.0
2005-11-01,0.0,3.3,1.0
2005-11-02,6.0,5.8,4.1
2005-11-03,0.0,8.8,7.9
2005-11-04,7.0,12.3,12.3
2005-11-05,5.0,19.8,21.8
2005-11-06,34.0,8.5,7.5
2005-11-07,0.0,1.7,0.0
2005-11-09,1.0,13.2,13.5
2005-11-10,30.0,22.4,28.5
2005-11-11,3.0,1.8,0.0
2005-11-13,1.0,3.3,0.0
2005-11-14,1.0,3.0,0.0
2005-11-15,62.0,25.5,27.6
2005-11-16,2.0,5.3,1.8
2005-11-18,4.0,2.4,0.0
2005-11-19,7.0,5.1,1.6
2005-11-20,45.0,38.5,42.9
2005-11-21,8.0,43.1,50.2
2005-11-22,39.0,86.4,108.6
2005-11-23,0.0,4.7,0.0
2005-11-25,2.0,11.7,7.9
2005-11-26,0.0,7.0,2.7
2005-11-27,0.0,3.5,0.0
2005-11-28,3.0,4.3,0.0
2005-11-29,74.0,62.0,79.5
2005-11-30,3.0,9.8,5.8
2005-12-01,0.0,2.7,0.0
2005-12-02,10.0,30.1,39.2
2005-12-03,0.0,12.5,6.6
2005-12-04,0.0,2.8,0.0
2005-12-05,0.0,2.4,0.0
2005-12-06,0.0,4.0,0.0
2005-12-07,3.0,5.0,0.0
2005-12-08,3.0,2.2,0.0
2005-12-09,14.0,10.2,4.2
2005-12-10,117.0,15.7,10.2
2005-12-11,7.0,14.0,9.0
2005-12-12,13.0,18.6,14.1
2005-12-14,0.0,4.6,0.0
2005-12-15,0.0,3.1,0.0
2005-12-16,1.0,1.2,0.0
2005-12-17,10.0,8.7,3.3
2005-12-18,0.0,4.7,0.0
2005-12-19,0.0,3.0,0.0
2005-12-20,0.0,4.7,0.0
2005-12-21,0.0,3.9,0.0
2005-12-22,57.0,11.9,4.7
2005-12-23,4.0,10.3,3.1
2005-12-24,73.0,15.6,8.9
2005-12-25,3.0,13.9,6.9
2005-12-26,5.0,12.1,4.9
2005-12-27,0.0,15.1,8.3
2005-12-28,0.0,2.4,0.0
2005-12-29,3.0,2.5,0.0
2005-12-30,0.0,1.3,0.0
2006-01-01,2.0,8.6,1.2
2006-01-02,4.0,23.7,15.1
2006-01-03,0.0,3.7,0.0
2006-01-04,60.0,8.0,1.0
2006-01-05,15.0,2.3,0.0
2006-01-06,53.0,9.2,1.6
2006-01-07,5.0,8.4,1.1
2006-01-08,150.0,111.7,275.8
2006-01-09,112.0,27.5,27.0
2006-01-10,62.0,82.9,145.3
2006-01-11,26.0,100.4,127.0
2006-01-12,12.0,51.5,109.2
2006-01-13,0.0,5.3,0.0
2006-01-14,0.0,3.9,0.0
2006-01-15,0.0,1.7,0.0
2006-01-16,0.0,2.0,0.0
2006-01-17,0.0,7.0,1.0
2006-01-18,0.0,5.3,0.0
2006-01-19,0.0,5.6,0.0
2006-01-20,0.0,5.7,1.0
2006-01-21,0.0,1.8,0.0
2006-01-22,0.0,0.4,0.0
2006-01-23,0.0,1.0,0.0
2006-01-24,25.0,8.8,1.0
2006-01-25,0.0,2.1,0.0
2006-01-26,0.0,0.5,0.0
2006-01-27,0.0,2.8,0.0
2006-01-28,0.0,0.8,0.0
2006-01-29,0.0,0.4,0.0
2006-01-30,0.0,1.0,0.0
2006-01-31,0.0,1.1,0.0
2006-02-01,1.0,1.7,0.0
2006-02-02,0.0,0.2,0.0
2006-02-03,0.0,0.9,0.0
2006-02-04,18.0,13.3,8.9
2006-02-05,8.0,8.4,2.2
2006-02-06,3.0,4.0,0.0
2006-02-07,0.0,4.5,0.0
2006-02-08,0.0,2.3,0.0
2006-02-09,36.0,19.8,21.7
2006-02-10,31.0,29.9,49.0
2006-02-11,0.0,4.3,0.0
2006-02-12,0.0,3.0,0.0
2006-02-13,0.0,3.3,0.0
2006-02-14,0.0,1.0,0.0
2006-02-15,3.0,0.8,0.0
2006-02-16,0.0,0.4,0.0
2006-02-17,0.0,0.1,0.0
2006-02-18,0.0,0.2,0.0
2006-02-20,0.0,2.7,0.0
2006-02-21,0.0,1.2,0.0
2006-02-22,0.0,2.9,0.0
2006-02-23,5.0,6.5,17.3
2006-02-24,1.0,8.3,28.1
2006-02-26,0.0,9.9,37.0
2006-02-27,0.0,1.3,0.0
2006-03-01,0.0,1.1,0.0
2006-03-02,0.0,0.1,0.0
2006-03-03,0.0,1.8,0.0
2006-03-04,0.0,0.0,0.0
2006-03-05,0.0,0.9,0.0
2006-03-06,0.0,1.7,0.0
2006-03-07,0.0,0.1,0.0
2006-03-08,0.0,0.5,0.0
2006-03-09,0.0,0.1,0.0
2006-03-10,0.0,0.0,0.0
2006-03-11,0.0,0.0,0.0
2006-03-12,0.0,0.1,0.0
2006-03-13,0.0,0.0,0.0
2006-03-14,0.0,0.1,0.0
2006-03-15,0.0,0.5,0.0
2006-03-16,0.0,0.0,0.0
2006-03-17,0.0,0.0,0.0
2006-03-18,0.0,0.1,0.0
2006-03-19,1.0,14.0,22.7
2006-03-20,15.0,2.2,0.0
2006-03-21,70.0,15.7,21.7
2006-03-22,23.0,20.0,28.0
2006-03-23,6.0,8.3,6.8
2006-03-24,0.0,3.3,1.0
2006-03-25,0.0,5.0,3.0
2006-03-26,10.0,6.0,4.2
2006-03-27,3.0,16.8,23.3
2006-03-28,0.0,3.7,1.4
2006-03-30,0.0,1.3,0.0
2006-03-31,14.0,4.8,2.7
2006-04-01,0.0,0.7,0.0
2006-04-02,1.0,10.4,9.7
2006-04-03,0.0,8.6,7.4
2006-04-04,5.0,4.8,2.5
2006-04-05,0.0,1.0,0.0
2006-04-06,0.0,0.2,0.0
2006-04-07,0.0,0.0,0.0
2006-04-08,45.0,1.2,0.0
2006-04-09,0.0,1.6,0.0
2006-04-10,32.0,2.0,0.0
2006-04-11,14.0,26.3,40.6
2006-04-12,5.0,2.6,0.0
2006-04-13,9.0,29.0,45.7
2006-04-14,4.0,8.5,6.6
2006-04-15,54.0,9.5,8.2
2006-04-16,10.0,12.9,13.0
2006-04-17,0.0,3.7,0.0
2006-04-18,27.0,21.2,32.1
2006-04-19,30.0,10.6,9.7
2006-04-20,9.0,23.0,34.8
2006-04-21,6.0,12.4,11.6
2006-04-22,0.0,3.7,1.0
2006-04-23,3.0,13.0,12.2
2006-04-24,2.0,7.3,5.5
2006-04-25,0.0,5.0,2.6
2006-04-26,1.0,12.1,11.2
2006-04-27,0.0,4.9,2.5
2006-04-28,5.0,4.1,1.6
2006-04-29,21.0,15.6,21.4
2006-04-30,6.0,3.2,1.0
2006-05-01,3.0,12.4,11.0
2006-05-02,0.0,15.1,14.5
2006-05-03,0.0,3.3,0.0
2006-05-04,37.0,1.8,0.0
2006-05-05,82.0,29.8,40.2
2006-05-06,16.0,16.3,16.2
2006-05-07,0.0,1.2,0.0
2006-05-08,0.0,0.3,0.0
2006-05-09,5.0,4.1,0.0
2006-05-10,2.0,7.0,3.9
2006-05-11,45.0,11.8,9.7
2006-05-12,6.0,15.2,13.8
2006-05-13,3.0,14.4,12.8
2006-05-14,6.0,5.3,1.8
2006-05-15,0.0,9.2,6.5
2006-05-16,0.0,0.6,0.0
2006-05-17,0.0,1.2,0.0
2006-05-18,0.0,0.5,0.0
2006-05-19,0.0,1.5,0.0
2006-05-20,0.0,2.6,0.0
2006-05-21,5.0,23.2,38.4
2006-05-22,10.0,6.2,3.8
2006-05-23,0.0,3.5,0.0
2006-05-24,0.0,5.0,2.0
2006-05-25,0.0,4.6,1.5
2006-05-26,44.0,4.4,1.2
2006-05-27,0.0,24.6,41.2
2006-05-28,42.0,7.3,5.4
2006-05-29,0.0,3.2,0.0
2006-05-30,0.0,3.5,0.0
2006-05-31,1.0,6.7,4.4
2006-06-01,1.0,1.2,0.0
2006-06-02,0.0,1.2,0.0
2006-06-03,0.0,2.5,0.0
2006-06-04,4.0,12.8,10.5
2006-06-05,1.0,6.1,3.0
2006-06-06,3.0,16.4,14.4
2006-06-07,0.0,5.2,2.0
2006-06-08,7.0,17.9,19.4
2006-06-09,39.0,9.9,7.2
2006-06-10,18.0,43.9,59.0
2006-06-11,0.0,6.8,3.6
2006-06-13,0.0,1.7,0.0
2006-06-14,4.0,3.3,1.0
2006-06-15,0.0,5.7,2.6
2006-06-16,8.0,8.3,5.1
2006-06-17,4.0,4.5,1.5
2006-06-18,52.0,41.6,44.9
2006-06-19,8.0,18.9,16.0
2006-06-20,12.0,9.8,6.5
2006-06-21,0.0,4.6,1.8
2006-06-22,21.0,7.7,6.0
2006-06-23,36.0,9.2,7.9
2006-06-24,26.0,20.3,28.5
2006-06-25,9.0,12.4,12.6
2006-06-26,0.0,0.3,0.0
2006-06-27,0.0,0.3,0.0
2006-06-28,0.0,0.7,0.0
2006-06-29,0.0,1.5,0.0
2006-06-30,0.0,0.6,0.0
2006-07-01,0.0,0.4,0.0
2006-07-02,0.0,1.8,0.0
2006-07-03,0.0,1.4,0.0
2006-07-04,0.0,0.6,0.0
2006-07-05,0.0,1.6,0.0
2006-07-06,24.0,16.8,21.6
2006-07-07,0.0,1.1,0.0
2006-07-08,3.0,0.4,0.0
2006-07-09,0.0,2.3,0.0
2006-07-10,48.0,48.9,58.9
2006-07-11,38.0,12.9,15.0
2006-07-12,0.0,2.6,0.0
2006-07-13,0.0,1.3,0.0
2006-07-14,0.0,1.8,0.0
2006-07-15,0.0,0.4,0.0
2006-07-16,0.0,0.5,0.0
2006-07-17,5.0,1.7,0.0
2006-07-18,24.0,2.7,0.0
2006-07-19,1.0,1.1,0.0
2006-07-20,0.0,0.6,0.0
2006-07-21,0.0,2.7,1.5
2006-07-22,0.0,0.9,0.0
2006-07-23,0.0,3.4,2.4
2006-07-24,5.0,1.2,0.0
2006-07-25,0.0,0.2,0.0
2006-07-26,0.0,0.9,0.0
2006-07-28,4.0,0.9,0.0
2006-07-29,3.0,8.5,8.7
2006-07-30,0.0,0.9,0.0
2006-07-31,7.0,15.1,16.9
2006-08-01,0.0,0.9,0.0
2006-08-02,0.0,5.1,4.8
2006-08-03,0.0,0.2,0.0
2006-08-04,0.0,0.8,0.0
2006-08-05,0.0,0.3,0.0
2006-08-06,0.0,0.4,0.0
2006-08-07,0.0,1.6,1.0
2006-08-08,0.0,1.0,0.0
2006-08-09,3.0,3.3,2.8
2006-08-10,0.0,2.2,1.6
2006-08-11,1.0,2.9,1.9
2006-08-12,0.0,1.5,1.0
2006-08-13,0.0,0.9,0.0
2006-08-14,0.0,1.2,0.0
2006-08-15,0.0,0.8,0.0
2006-08-16,0.0,0.1,0.0
2006-08-17,0.0,0.2,0.0
2006-08-18,0.0,0.6,0.0
2006-08-19,3.0,1.4,1.0
2006-08-20,0.0,0.1,0.0
2006-08-21,0.0,0.1,0.0
2006-08-22,0.0,0.2,0.0
2006-08-23,0.0,0.2,0.0
2006-08-24,0.0,0.7,0.0
2006-08-25,0.0,0.4,0.0
2006-08-26,0.0,0.3,0.0
2006-08-27,29.0,9.6,7.8
2006-08-28,15.0,8.3,6.5
2006-08-29,52.0,2.9,1.1
2006-08-30,32.0,29.7,32.1
2006-08-31,30.0,18.5,16.4
2006-09-01,5.0,8.7,6.5
2006-09-02,0.0,0.8,0.0
2006-09-03,0.0,1.3,0.0
2006-09-04,0.0,2.4,0.0
2006-09-05,26.0,19.7,22.1
2006-09-06,0.0,0.2,0.0
2006-09-07,0.0,2.0,0.0
2006-09-08,14.0,9.3,7.3
2006-09-09,0.0,0.1,0.0
2006-09-10,39.0,2.6,0.0
2006-09-12,0.0,0.3,0.0
2006-09-13,0.0,1.4,0.0
2006-09-14,34.0,12.2,12.3
2006-09-15,72.0,60.1,61.3
2006-09-16,36.0,13.3,12.5
2006-09-17,8.0,16.0,15.7
2006-09-18,25.0,12.9,12.0
2006-09-19,0.0,0.5,0.0
2006-09-20,0.0,0.6,0.0
2006-09-21,0.0,0.5,0.0
2006-09-22,4.0,1.9,0.0
2006-09-23,4.0,4.9,3.5
2006-09-24,0.0,8.2,7.6
2006-09-25,0.0,0.3,0.0
2006-09-26,0.0,0.6,0.0
2006-09-27,0.0,0.1,0.0
2006-09-28,0.0,0.3,0.0
2006-09-29,0.0,1.1,0.0
2006-09-30,0.0,0.8,0.0
2006-10-01,14.0,6.3,4.2
2006-10-02,0.0,0.9,0.0
2006-10-03,0.0,1.1,0.0
2006-10-04,0.0,1.0,0.0
2006-10-05,0.0,1.0,0.0
2006-10-06,0.0,1.4,0.0
2006-10-07,0.0,1.7,0.0
2006-10-08,0.0,0.5,0.0
2006-10-09,0.0,0.5,0.0
2006-10-10,0.0,0.4,0.0
2006-10-11,0.0,0.9,0.0
2006-10-12,0.0,2.5,0.0
2006-10-13,0.0,0.1,0.0
2006-10-14,0.0,0.9,0.0
2006-10-15,0.0,0.8,0.0
2006-10-16,0.0,0.2,0.0
2006-10-17,0.0,0.9,0.0
2006-10-18,0.0,2.1,0.0
2006-10-19,0.0,9.8,9.3
2006-10-20,0.0,3.6,1.0
2006-10-21,0.0,2.3,0.0
2006-10-22,1.0,3.0,1.0
2006-10-23,0.0,8.3,6.7
2006-10-24,0.0,3.2,1.0
2006-10-25,40.0,42.5,65.3
2006-10-26,1.0,4.2,1.6
2006-10-27,21.0,0.7,0.0
2006-10-28,23.0,1.1,0.0
2006-10-29,3.0,4.1,1.5
2006-10-30,0.0,12.8,12.4
2006-10-31,0.0,2.2,0.0
2006-11-01,51.0,1.1,0.0
2006-11-02,8.0,14.5,15.1
2006-11-03,4.0,1.5,0.0
2006-11-04,0.0,1.4,0.0
2006-11-05,0.0,2.9,1.0
2006-11-06,0.0,12.6,12.7
2006-11-07,1.0,2.4,0.0
2006-11-08,0.0,3.2,1.0
2006-11-09,13.0,9.2,8.4
2006-11-10,0.0,2.6,0.0
2006-11-11,91.0,72.6,73.0
2006-11-12,0.0,3.8,0.0
2006-11-13,2.0,3.6,0.0
2006-11-14,4.0,15.2,12.9
2006-11-15,10.0,7.7,4.6
2006-11-16,0.0,7.3,4.2
2006-11-17,0.0,3.9,0.0
2006-11-18,0.0,4.3,1.0
2006-11-19,16.0,22.1,23.5
2006-11-20,14.0,9.4,6.5
2006-11-21,54.0,9.1,5.0
2006-11-22,4.0,10.1,6.1
2006-11-23,1.0,7.9,3.6
2006-11-24,4.0,12.9,9.3
2006-11-25,0.0,9.1,5.0
2006-11-26,0.0,11.9,8.2
2006-11-27,35.0,45.5,54.2
2006-11-28,12.0,4.3,0.0
2006-11-29,4.0,5.8,1.3
2006-11-30,32.0,3.8,0.0
2006-12-01,17.0,11.5,5.6
2006-12-02,0.0,13.0,7.2
2006-12-03,27.0,20.4,21.6
2006-12-04,0.0,6.7,1.0
2006-12-05,0.0,18.5,13.3
2006-12-06,3.0,12.1,6.2
2006-12-07,13.0,17.8,12.6
2006-12-08,4.0,15.4,9.9
2006-12-09,4.0,14.7,9.1
2006-12-10,0.0,14.3,8.7
2006-12-11,0.0,9.1,3.7
2006-12-13,5.0,39.2,46.2
2006-12-14,30.0,5.9,1.0
2006-12-15,0.0,3.4,0.0
2006-12-16,5.0,9.4,4.0
2006-12-17,5.0,114.9,219.0
2006-12-18,114.0,146.0,219.3
2006-12-19,99.0,134.5,219.2
2006-12-20,8.0,15.5,10.6
2006-12-21,19.0,18.8,12.8
2006-12-22,6.0,11.8,4.6
2006-12-23,58.0,15.5,8.7
2006-12-24,50.0,191.2,226.0
2006-12-25,97.0,75.5,143.1
2006-12-26,177.0,148.1,225.3
2006-12-27,72.0,38.4,63.8
2006-12-28,60.0,79.9,153.2
2006-12-29,2.0,8.4,1.2
2006-12-30,0.0,5.1,0.0
2006-12-31,0.0,21.6,33.9
2007-01-01,0.0,11.3,3.2
2007-01-02,11.0,9.7,1.9
2007-01-03,11.0,41.2,46.5
2007-01-04,6.0,16.9,8.2
2007-01-05,0.0,1.4,0.0
2007-01-06,0.0,0.9,0.0
2007-01-07,0.0,0.1,0.0
2007-01-08,15.0,25.0,16.2
2007-01-09,15.0,85.7,154.7
2007-01-10,1.0,4.7,0.0
2007-01-11,55.0,10.0,4.3
2007-01-12,182.0,195.1,127.2
2007-01-13,6.0,7.9,1.9
2007-01-14,5.0,10.1,4.4
2007-01-15,0.0,7.1,1.1
2007-01-16,0.0,2.1,0.0
2007-01-17,0.0,2.7,0.0
2007-01-18,0.0,7.1,1.2
2007-01-19,3.0,4.5,0.0
2007-01-20,14.0,6.6,1.0
2007-01-21,0.0,1.3,0.0
2007-01-22,0.0,0.8,0.0
2007-01-23,6.0,20.9,38.0
2007-01-24,96.0,32.9,63.4
2007-01-25,60.0,101.1,186.0
2007-01-26,84.0,28.0,53.1
2007-01-27,69.0,34.2,66.3
2007-01-28,0.0,9.8,1.0
2007-01-29,0.0,0.4,0.0
2007-01-30,0.0,0.1,0.0
2007-01-31,0.0,0.0,0.0
2007-02-01,0.0,0.3,0.0
2007-02-02,0.0,0.3,0.0
2007-02-03,0.0,1.3,0.0
2007-02-04,0.0,1.0,0.0
2007-02-05,0.0,0.0,0.0
2007-02-06,0.0,0.1,0.0
2007-02-07,0.0,0.1,0.0
2007-02-08,0.0,0.1,0.0
2007-02-09,0.0,0.0,0.0
2007-02-10,0.0,0.0,0.0
2007-02-11,0.0,0.1,0.0
2007-02-13,0.0,0.1,0.0
2007-02-14,0.0,0.2,0.0
2007-02-15,12.0,2.2,0.0
2007-02-16,0.0,1.2,0.0
2007-02-17,37.0,1.2,0.0
2007-02-18,30.0,0.7,0.0
2007-02-19,56.0,4.0,0.0
2007-02-20,0.0,2.4,0.0
2007-02-22,48.0,2.1,0.0
2007-02-23,0.0,0.5,0.0
2007-02-24,0.0,3.7,0.0
2007-02-25,0.0,2.2,0.0
2007-02-26,1.0,2.4,0.0
2007-02-27,0.0,3.7,0.0
2007-02-28,85.0,154.1,170.0
2007-03-01,2.0,32.1,51.5
2007-03-02,1.0,2.5,0.0
2007-03-03,0.0,5.7,1.0
2007-03-04,0.0,4.9,1.0
2007-03-05,0.0,2.4,0.0
2007-03-06,0.0,1.2,0.0
2007-03-07,0.0,0.1,0.0
2007-03-08,0.0,0.7,0.0
2007-03-09,0.0,19.2,24.0
2007-03-10,0.0,0.2,0.0
2007-03-11,0.0,0.8,0.0
2007-03-12,0.0,5.2,1.2
2007-03-13,3.0,2.8,0.0
2007-03-14,0.0,3.3,0.0
2007-03-15,13.0,2.6,0.0
2007-03-16,20.0,3.9,0.0
2007-03-17,7.0,10.2,6.6
2007-03-18,0.0,12.8,9.4
2007-03-19,6.0,12.7,10.2
2007-03-20,5.0,24.0,36.2
2007-03-21,0.0,7.4,5.7
2007-03-22,19.0,27.2,35.8
2007-03-23,0.0,16.1,22.7
2007-03-24,0.0,2.0,0.0
2007-03-25,0.0,0.4,0.0
2007-03-26,1.0,18.7,25.7
2007-03-27,59.0,8.3,6.9
2007-03-28,5.0,3.4,1.0
2007-03-29,10.0,4.4,2.3
2007-03-30,3.0,2.8,1.0
2007-03-31,2.0,4.9,2.8
2007-04-01,5.0,11.5,11.2
2007-04-02,15.0,5.1,2.8
2007-04-03,34.0,4.3,1.7
2007-04-04,1.0,1.9,0.0
2007-04-05,0.0,0.1,0.0
2007-04-06,0.0,5.1,2.8
2007-04-07,15.0,2.0,0.0
2007-04-08,17.0,3.1,0.0
2007-04-09,34.0,7.3,5.7
2007-04-10,0.0,4.8,2.5
2007-04-11,5.0,12.2,11.9
2007-04-12,6.0,5.5,2.4
2007-04-13,1.0,4.4,1.0
2007-04-14,21.0,7.0,4.6
2007-04-15,0.0,2.7,0.0
2007-04-16,2.0,2.4,0.0
2007-04-17,15.0,14.0,14.7
2007-04-18,15.0,12.8,12.8
2007-04-19,7.0,14.3,14.9
2007-04-20,5.0,1.5,0.0
2007-04-21,15.0,6.6,4.6
2007-04-22,22.0,2.7,0.0
2007-04-23,22.0,10.6,9.5
2007-04-24,8.0,29.3,43.3
2007-04-25,58.0,23.3,34.9
2007-04-26,3.0,18.3,26.2
2007-04-27,27.0,19.2,28.1
2007-04-28,3.0,21.2,31.1
2007-04-29,26.0,11.4,10.4
2007-04-30,4.0,7.0,5.1
2007-05-01,155.0,42.9,66.5
2007-05-02,13.0,61.7,94.6
2007-05-03,8.0,7.3,4.3
2007-05-04,3.0,7.1,4.0
2007-05-05,0.0,8.5,5.8
2007-05-06,0.0,3.7,0.0
2007-05-07,0.0,2.1,0.0
2007-05-08,0.0,2.3,0.0
2007-05-09,10.0,17.5,21.1
2007-05-10,5.0,3.7,0.0
2007-05-11,5.0,56.4,71.2
2007-05-12,10.0,2.6,0.0
2007-05-13,9.0,6.4,3.1
2007-05-14,20.0,14.3,12.3
2007-05-15,20.0,25.1,34.2
2007-05-16,1.0,10.4,8.0
2007-05-17,12.0,6.1,2.8
2007-05-18,3.0,9.1,6.4
2007-05-19,22.0,2.5,0.0
2007-05-20,4.0,5.9,2.5
2007-05-21,6.0,4.7,1.5
2007-05-22,1.0,4.5,1.3
2007-05-23,13.0,1.0,0.0
2007-05-24,13.0,2.4,0.0
2007-05-25,0.0,4.4,1.1
2007-05-26,0.0,1.3,0.0
2007-05-27,0.0,1.0,0.0
2007-05-28,4.0,2.0,0.0
2007-05-29,0.0,1.6,0.0
2007-05-30,0.0,13.7,15.2
2007-05-31,0.0,16.2,25.2
2007-06-01,17.0,13.1,10.8
2007-06-02,0.0,11.0,8.4
2007-06-03,0.0,4.7,1.5
2007-06-04,15.0,4.8,1.6
2007-06-05,3.0,34.9,47.1
2007-06-06,0.0,5.3,2.1
2007-06-07,6.0,2.4,0.0
2007-06-08,24.0,6.8,3.7
2007-06-09,1.0,2.9,0.0
2007-06-10,0.0,8.0,5.1
2007-06-11,1.0,10.9,7.6
2007-06-12,6.0,23.3,19.2
2007-06-13,1.0,5.9,2.8
2007-06-14,43.0,21.9,18.6
2007-06-15,1.0,18.9,15.9
2007-06-16,15.0,27.0,27.1
2007-06-17,3.0,20.5,17.4
2007-06-18,0.0,4.5,1.4
2007-06-19,6.0,31.2,28.9
2007-06-20,0.0,9.6,6.3
2007-06-21,0.0,6.0,3.6
2007-06-22,1.0,6.0,3.6
2007-06-23,2.0,9.8,8.7
2007-06-24,0.0,4.8,2.0
2007-06-25,20.0,4.9,2.2
2007-06-26,0.0,0.5,0.0
2007-06-27,0.0,2.2,0.0
2007-06-28,0.0,8.4,6.8
2007-06-29,8.0,13.6,13.8
2007-06-30,0.0,1.7,0.0
2007-07-01,0.0,6.5,4.7
2007-07-02,0.0,4.0,1.6
2007-07-03,0.0,2.4,0.0
2007-07-04,0.0,0.5,0.0
2007-07-05,0.0,0.7,0.0
2007-07-06,0.0,0.8,0.0
2007-07-07,1.0,3.6,1.0
2007-07-08,1.0,12.7,12.4
2007-07-09,0.0,9.7,8.4
2007-07-10,0.0,6.8,5.0
2007-07-11,0.0,18.8,20.8
2007-07-12,0.0,5.1,3.5
2007-07-13,0.0,1.2,0.0
2007-07-14,0.0,5.3,3.7
2007-07-15,0.0,1.2,0.0
2007-07-16,0.0,2.3,0.0
2007-07-17,0.0,3.7,1.5
2007-07-18,21.0,2.4,0.0
2007-07-20,2.0,5.4,3.9
2007-07-21,60.0,38.5,53.8
2007-07-22,5.0,12.4,14.6
2007-07-23,41.0,76.5,153.8
2007-07-24,8.0,21.4,24.2
2007-07-25,0.0,23.3,27.0
2007-07-26,38.0,33.7,43.8
2007-07-27,20.0,26.8,32.1
2007-07-28,14.0,32.2,40.5
2007-07-29,0.0,3.2,2.1
2007-07-30,2.0,2.2,1.0
2007-07-31,0.0,4.1,3.3
2007-08-01,0.0,1.9,1.1
2007-08-02,0.0,0.0,0.0
2007-08-03,0.0,0.0,0.0
2007-08-04,0.0,0.2,0.0
2007-08-05,0.0,0.0,0.0
2007-08-06,0.0,0.3,0.0
2007-08-07,0.0,0.5,0.0
2007-08-08,0.0,0.1,0.0
2007-08-09,3.0,7.4,6.9
2007-08-10,36.0,0.9,0.0
2007-08-11,8.0,0.5,0.0
2007-08-12,0.0,0.6,0.0
2007-08-13,0.0,0.3,0.0
2007-08-14,7.0,3.2,2.2
2007-08-15,0.0,1.2,0.0
2007-08-16,11.0,7.8,7.0
2007-08-17,139.0,10.3,9.6
2007-08-18,6.0,19.6,23.4
2007-08-19,25.0,2.0,1.0
2007-08-20,0.0,13.9,13.4
2007-08-21,8.0,8.3,6.6
2007-08-22,11.0,16.7,14.9
2007-08-23,0.0,0.9,0.0
2007-08-24,0.0,1.7,0.0
2007-08-25,7.0,6.0,4.3
2007-08-26,2.0,2.2,1.0
2007-08-27,1.0,26.1,27.5
2007-08-28,12.0,26.7,28.3
2007-08-30,22.0,8.3,6.5
2007-08-31,0.0,0.6,0.0
2007-09-02,0.0,2.7,0.0
2007-09-03,21.0,27.5,31.9
2007-09-04,0.0,7.9,5.8
2007-09-05,0.0,1.1,0.0
2007-09-07,0.0,0.4,0.0
2007-09-08,1.0,6.2,3.8
2007-09-09,0.0,1.0,0.0
2007-09-10,41.0,26.5,29.0
2007-09-11,27.0,12.2,11.6
2007-09-12,0.0,2.9,0.0
2007-09-13,0.0,1.8,0.0
2007-09-14,0.0,7.7,6.0
2007-09-15,0.0,5.1,2.8
2007-09-16,1.0,19.7,25.9
2007-09-17,0.0,7.6,5.9
2007-09-18,0.0,3.2,1.0
2007-09-19,0.0,0.4,0.0
2007-09-20,0.0,0.4,0.0
2007-09-21,0.0,1.1,0.0
2007-09-22,0.0,0.5,0.0
2007-09-23,0.0,0.5,0.0
2007-09-24,0.0,7.4,6.6
2007-09-25,0.0,1.3,0.0
2007-09-26,13.0,1.7,0.0
2007-09-27,16.0,41.9,77.0
2007-09-28,0.0,0.4,0.0
2007-09-29,0.0,0.6,0.0
2007-09-30,0.0,0.1,0.0
2007-10-01,1.0,2.2,0.0
2007-10-02,0.0,0.6,0.0
2007-10-03,0.0,0.1,0.0
2007-10-04,0.0,0.2,0.0
2007-10-05,0.0,0.4,0.0
2007-10-06,0.0,0.9,0.0
2007-10-07,29.0,2.1,0.0
2007-10-08,12.0,26.3,41.2
2007-10-09,0.0,2.4,0.0
2007-10-10,20.0,1.2,0.0
2007-10-11,0.0,4.6,1.3
2007-10-12,3.0,2.6,0.0
2007-10-13,2.0,17.4,32.6
2007-10-14,1.0,2.2,0.0
2007-10-15,58.0,9.9,9.5
2007-10-16,1.0,6.9,4.8
2007-10-17,0.0,4.4,1.1
2007-10-18,1.0,2.0,0.0
2007-10-19,1.0,4.0,1.0
2007-10-20,0.0,5.0,1.9
2007-10-21,19.0,8.3,6.6
2007-10-22,10.0,39.2,58.9
2007-10-23,14.0,10.8,9.8
2007-10-24,6.0,27.7,37.2
2007-10-25,0.0,1.8,0.0
2007-10-26,0.0,1.6,0.0
2007-10-27,0.0,1.5,0.0
2007-10-28,85.0,30.3,42.0
2007-10-29,4.0,20.6,27.6
2007-10-30,37.0,44.5,71.0
2007-10-31,3.0,5.5,3.2
2007-11-01,0.0,8.2,7.1
2007-11-02,14.0,4.7,2.6
2007-11-03,0.0,4.3,2.1
2007-11-04,2.0,22.9,30.0
2007-11-05,50.0,29.5,40.8
2007-11-06,8.0,22.5,28.4
2007-11-07,4.0,6.1,4.5
2007-11-08,29.0,10.9,10.5
2007-11-09,7.0,12.8,12.9
2007-11-10,4.0,20.4,22.7
2007-11-11,0.0,10.3,7.5
2007-11-12,0.0,5.8,2.4
2007-11-15,34.0,8.4,5.4
2007-11-16,4.0,20.5,18.9
2007-11-17,0.0,2.1,0.0
2007-11-18,22.0,2.0,0.0
2007-11-19,23.0,49.1,55.9
2007-11-20,7.0,15.2,13.0
2007-11-22,0.0,3.7,0.0
2007-11-23,0.0,3.1,0.0
2007-11-24,0.0,2.8,0.0
2007-11-25,1.0,2.6,0.0
2007-11-26,19.0,66.1,85.4
2007-11-27,3.0,13.8,10.3
2007-11-28,2.0,12.9,9.3
2007-11-29,26.0,37.6,43.4
2007-11-30,0.0,10.6,6.7
2007-12-01,0.0,6.9,1.0
2007-12-04,26.0,22.9,25.9
2007-12-05,140.0,103.9,114.9
2007-12-06,100.0,43.8,65.2
2007-12-07,42.0,44.0,65.3
2007-12-08,5.0,8.1,2.2
2007-12-09,17.0,6.5,1.0
2007-12-10,67.0,60.7,99.3
2007-12-11,46.0,24.4,24.9
2007-12-12,2.0,15.6,10.7
2007-12-13,0.0,5.8,1.0
2007-12-14,3.0,3.7,0.0
2007-12-15,4.0,8.8,3.4
2007-12-16,0.0,3.2,0.0
2007-12-17,36.0,33.0,35.8
2007-12-18,1.0,30.1,31.2
2007-12-19,0.0,3.6,0.0
2007-12-20,13.0,9.0,3.7
2007-12-21,0.0,3.2,0.0
2007-12-22,0.0,4.9,0.0
2007-12-23,0.0,3.1,0.0
2007-12-24,0.0,2.0,0.0
2007-12-25,0.0,4.2,0.0
2007-12-26,0.0,12.3,5.1
2007-12-27,0.0,8.1,1.0
2007-12-28,0.0,1.1,0.0
2007-12-29,0.0,3.8,0.0
2007-12-30,0.0,1.8,0.0
2007-12-31,0.0,2.9,0.0
2008-01-01,0.0,3.5,0.0
2008-01-02,30.0,72.7,113.2
2008-01-03,22.0,27.1,18.4
2008-01-04,3.0,14.2,5.7
2008-01-07,8.0,8.7,1.3
2008-01-08,37.0,39.3,43.5
2008-01-09,3.0,33.5,34.3
2008-01-10,27.0,4.9,0.0
2008-01-11,0.0,2.4,0.0
2008-01-12,0.0,1.2,0.0
2008-01-13,0.0,1.9,0.0
2008-01-14,0.0,1.7,0.0
2008-01-15,0.0,0.2,0.0
2008-01-16,0.0,0.0,0.0
2008-01-18,0.0,1.2,0.0
2008-01-19,0.0,4.0,0.0
2008-01-20,0.0,1.2,0.0
2008-01-21,0.0,1.6,0.0
2008-01-22,0.0,3.6,0.0
2008-01-23,31.0,19.8,35.5
2008-01-24,10.0,5.6,0.0
2008-01-25,0.0,1.6,0.0
2008-01-26,0.0,2.6,0.0
2008-01-27,2.0,4.4,0.0
2008-01-28,3.0,6.4,0.0
2008-01-29,0.0,3.0,0.0
2008-01-30,0.0,2.9,0.0
2008-01-31,0.0,1.5,0.0
2008-02-01,41.0,19.7,21.9
2008-02-02,3.0,12.1,7.0
2008-02-03,90.0,35.9,60.6
2008-02-04,0.0,4.7,0.0
2008-02-06,0.0,0.4,0.0
2008-02-07,0.0,1.0,0.0
2008-02-08,0.0,1.6,0.0
2008-02-09,0.0,0.3,0.0
2008-02-10,0.0,1.4,0.0
2008-02-11,0.0,3.7,0.0
2008-02-12,0.0,2.9,0.0
2008-02-13,0.0,1.6,0.0
2008-02-14,0.0,0.2,0.0
2008-02-15,0.0,5.4,0.0
2008-02-16,0.0,1.4,0.0
2008-02-17,0.0,0.7,0.0
2008-02-18,0.0,0.5,0.0
2008-02-19,0.0,0.2,0.0
2008-02-20,0.0,0.7,0.0
2008-02-21,0.0,0.8,0.0
2008-02-22,0.0,0.5,0.0
2008-02-23,0.0,1.2,0.0
2008-02-24,7.0,1.6,0.0
2008-02-25,14.0,15.5,66.2
2008-02-26,0.0,2.7,0.0
2008-02-27,0.0,2.1,0.0
2008-02-28,10.0,6.0,1.6
2008-02-29,55.0,17.2,74.9
2008-03-01,10.0,27.1,38.9
2008-03-02,6.0,7.4,2.4
2008-03-03,20.0,44.1,92.1
2008-03-04,11.0,44.0,91.7
2008-03-05,11.0,25.8,36.7
2008-03-06,15.0,34.0,56.5
2008-03-07,0.0,3.0,0.0
2008-03-08,0.0,2.8,0.0
2008-03-09,20.0,7.1,2.0
2008-03-10,20.0,20.8,28.0
2008-03-11,66.0,11.5,8.5
2008-03-12,47.0,101.7,97.9
2008-03-13,25.0,52.4,76.7
2008-03-14,0.0,2.6,0.0
2008-03-15,1.0,5.4,1.4
2008-03-16,7.0,7.8,4.0
2008-03-17,0.0,3.3,0.0
2008-03-18,0.0,2.5,0.0
2008-03-19,96.0,10.3,6.9
2008-03-20,0.0,5.6,1.6
2008-03-21,4.0,7.2,5.5
2008-03-22,14.0,4.2,2.0
2008-03-24,8.0,4.2,2.0
2008-03-25,5.0,0.6,0.0
2008-03-26,37.0,0.1,0.0
2008-03-27,0.0,0.1,0.0
2008-03-28,0.0,10.8,9.6
2008-03-29,0.0,0.8,0.0
2008-03-30,48.0,1.3,0.0
2008-03-31,0.0,1.1,0.0
2008-04-01,15.0,59.7,66.0
2008-04-02,25.0,4.9,2.6
2008-04-03,42.0,1.4,0.0
2008-04-04,0.0,3.6,1.0
2008-04-05,44.0,3.3,1.0
2008-04-06,37.0,4.5,2.1
2008-04-07,19.0,1.3,0.0
2008-04-08,2.0,2.1,0.0
2008-04-09,2.0,1.9,0.0
2008-04-10,8.0,9.7,8.8
2008-04-11,0.0,0.9,0.0
2008-04-12,6.0,4.6,1.2
2008-04-13,12.0,1.8,0.0
2008-04-14,26.0,1.2,0.0
2008-04-15,8.0,3.6,0.0
2008-04-16,1.0,4.0,1.0
2008-04-17,34.0,8.5,6.7
2008-04-18,0.0,2.9,0.0
2008-04-19,0.0,7.6,5.3
2008-04-20,5.0,5.6,2.5
2008-04-21,0.0,4.0,1.5
2008-04-22,4.0,50.6,66.9
2008-04-23,0.0,2.4,0.0
2008-04-24,42.0,83.8,73.9
2008-04-25,0.0,2.4,0.0
2008-04-26,1.0,2.0,0.0
2008-04-27,0.0,0.8,0.0
2008-04-28,0.0,0.6,0.0
2008-04-29,1.0,2.1,0.0
2008-04-30,0.0,3.3,1.0
2008-05-01,0.0,2.1,0.0
2008-05-02,0.0,1.8,0.0
2008-05-03,0.0,1.8,0.0
2008-05-04,0.0,4.9,1.0
2008-05-05,0.0,2.0,0.0
2008-05-06,0.0,15.8,15.4
2008-05-07,0.0,19.6,23.3
2008-05-08,0.0,6.9,3.8
2008-05-09,0.0,0.6,0.0
2008-05-10,7.0,19.8,24.0
2008-05-11,0.0,5.7,2.2
2008-05-12,10.0,8.4,5.6
2008-05-13,0.0,3.0,0.0
2008-05-14,8.0,7.6,4.5
2008-05-15,0.0,0.0,0.0
2008-05-16,0.0,0.1,0.0
2008-05-17,0.0,0.0,0.0
2008-05-18,0.0,0.1,0.0
2008-05-19,0.0,0.5,0.0
2008-05-20,0.0,1.0,0.0
2008-05-21,0.0,0.0,0.0
2008-05-22,0.0,0.4,0.0
2008-05-23,0.0,0.6,0.0
2008-05-24,0.0,2.1,0.0
2008-05-25,0.0,1.5,0.0
2008-05-26,21.0,7.3,5.3
2008-05-27,12.0,26.7,45.3
2008-05-28,9.0,6.7,4.5
2008-05-29,26.0,10.5,10.2
2008-05-30,0.0,5.3,2.4
2008-05-31,42.0,24.0,39.9
2008-06-01,1.0,10.6,8.0
2008-06-02,2.0,7.2,4.2
2008-06-03,2.0,11.1,8.5
2008-06-04,6.0,4.6,1.4
2008-06-05,23.0,5.0,1.8
2008-06-06,1.0,8.1,5.2
2008-06-07,42.0,16.6,16.8
2008-06-08,0.0,6.2,3.1
2008-06-09,0.0,2.6,0.0
2008-06-10,0.0,2.9,0.0
2008-06-11,2.0,14.0,10.6
2008-06-12,0.0,1.8,0.0
2008-06-13,0.0,1.5,0.0
2008-06-14,0.0,1.2,0.0
2008-06-15,0.0,1.1,0.0
2008-06-17,0.0,2.3,0.0
2008-06-18,40.0,17.7,14.7
2008-06-19,1.0,2.4,0.0
2008-06-20,6.0,4.7,1.6
2008-06-21,28.0,3.2,0.0
2008-06-22,20.0,13.8,13.6
2008-06-23,11.0,7.5,5.7
2008-06-24,7.0,3.3,0.0
2008-06-25,0.0,3.8,1.0
2008-06-26,0.0,3.1,0.0
2008-06-27,1.0,6.4,4.2
2008-06-28,0.0,1.1,0.0
2008-06-29,0.0,1.8,0.0
2008-06-30,2.0,5.5,3.0
2008-07-01,16.0,16.0,20.3
2008-07-02,0.0,1.1,0.0
2008-07-03,0.0,0.1,0.0
2008-07-04,0.0,2.2,0.0
2008-07-05,0.0,1.0,0.0
2008-07-06,0.0,8.7,7.2
2008-07-07,2.0,45.7,56.4
2008-07-08,59.0,13.3,12.6
2008-07-09,11.0,8.7,7.2
2008-07-10,7.0,5.1,2.9
2008-07-11,0.0,3.8,1.5
2008-07-12,1.0,11.4,12.8
2008-07-13,36.0,4.0,1.9
2008-07-14,7.0,7.2,6.6
2008-07-15,5.0,11.4,12.8
2008-07-16,1.0,2.8,1.0
2008-07-17,0.0,4.6,2.8
2008-07-18,0.0,49.4,91.7
2008-07-19,8.0,13.3,15.8
2008-07-20,0.0,5.2,3.7
2008-07-21,3.0,22.3,26.5
2008-07-22,16.0,3.6,2.7
2008-07-23,0.0,2.0,1.0
2008-07-24,1.0,4.9,4.3
2008-07-25,0.0,34.4,44.4
2008-07-26,52.0,10.9,11.9
2008-07-27,1.0,11.3,12.4
2008-07-28,0.0,1.9,1.0
2008-07-29,0.0,0.6,0.0
2008-07-30,0.0,0.1,0.0
2008-07-31,0.0,0.0,0.0
2008-08-01,0.0,0.2,0.0
2008-08-02,0.0,0.3,0.0
2008-08-03,0.0,0.2,0.0
2008-08-04,0.0,0.4,0.0
2008-08-05,0.0,0.0,0.0
2008-08-06,0.0,0.2,0.0
2008-08-07,7.0,3.9,3.4
2008-08-08,20.0,3.9,3.5
2008-08-09,0.0,1.3,1.0
2008-08-10,17.0,5.8,5.5
2008-08-11,0.0,3.2,2.3
2008-08-12,0.0,16.7,19.2
2008-08-13,0.0,1.5,1.0
2008-08-14,0.0,0.5,0.0
2008-08-15,0.0,1.7,1.0
2008-08-16,0.0,0.6,0.0
2008-08-17,0.0,1.1,0.0
2008-08-18,0.0,1.8,1.0
2008-08-19,68.0,24.1,30.9
2008-08-21,1.0,2.4,1.0
2008-08-22,74.0,66.5,61.4
2008-08-23,53.0,181.7,68.9
2008-08-24,6.0,14.3,12.3
2008-08-25,0.0,14.8,12.8
2008-08-26,0.0,4.6,2.9
2008-08-27,48.0,16.9,15.1
2008-08-28,4.0,8.3,6.6
2008-08-29,6.0,1.4,0.0
2008-08-30,7.0,5.2,3.5
2008-08-31,31.0,2.1,1.0
2008-09-01,30.0,38.8,42.1
2008-09-02,10.0,47.7,51.9
2008-09-03,16.0,37.7,41.0
2008-09-04,45.0,11.9,9.9
2008-09-05,3.0,11.8,9.9
2008-09-06,0.0,5.7,3.3
2008-09-07,0.0,4.6,2.1
2008-09-08,4.0,9.1,7.0
2008-09-09,0.0,14.0,12.1
2008-09-10,20.0,2.3,0.0
2008-09-11,0.0,2.6,0.0
2008-09-12,13.0,31.0,46.9
2008-09-13,0.0,8.2,6.6
2008-09-14,0.0,1.1,0.0
2008-09-15,5.0,7.1,5.3
2008-09-16,0.0,0.7,0.0
2008-09-17,0.0,3.2,1.0
2008-09-18,0.0,0.1,0.0
2008-09-19,0.0,2.9,0.0
2008-09-20,0.0,1.9,0.0
2008-09-21,9.0,1.3,0.0
2008-09-22,0.0,2.2,1.0
2008-09-23,0.0,0.7,0.0
2008-09-24,4.0,0.5,0.0
2008-09-25,0.0,0.3,0.0
2008-09-26,0.0,0.6,0.0
2008-09-27,0.0,0.6,0.0
2008-09-28,0.0,0.1,0.0
2008-09-29,0.0,5.1,3.7
2008-09-30,5.0,31.0,51.9
2008-10-02,6.0,1.4,0.0
2008-10-03,0.0,2.4,0.0
2008-10-04,49.0,0.7,0.0
2008-10-05,21.0,15.0,16.8
2008-10-06,98.0,1.9,0.0
2008-10-07,30.0,2.5,0.0
2008-10-08,18.0,19.9,28.2
2008-10-09,65.0,10.4,9.8
2008-10-10,0.0,1.1,0.0
2008-10-11,31.0,3.3,0.0
2008-10-13,9.0,11.0,11.3
2008-10-14,0.0,3.3,0.0
2008-10-15,0.0,4.4,1.1
2008-10-16,21.0,5.9,3.3
2008-10-17,0.0,3.8,1.0
2008-10-18,0.0,4.5,1.2
2008-10-19,0.0,6.4,4.0
2008-10-20,2.0,8.5,7.3
2008-10-21,3.0,13.4,13.2
2008-10-22,49.0,34.3,48.9
2008-10-23,32.0,29.6,40.8
2008-10-24,11.0,8.7,7.1
2008-10-25,0.0,2.4,0.0
2008-10-26,0.0,0.8,0.0
2008-10-27,0.0,2.5,0.0
2008-10-28,0.0,3.2,1.0
2008-10-29,1.0,3.3,1.0
2008-10-30,0.0,2.2,0.0
2008-10-31,14.0,16.6,17.7
2008-11-01,0.0,6.7,5.2
2008-11-02,0.0,7.3,6.0
2008-11-03,0.0,6.7,5.2
2008-11-04,10.0,1.8,0.0
2008-11-05,16.0,5.8,4.1
2008-11-06,5.0,7.8,6.6
2008-11-07,3.0,2.7,0.0
2008-11-08,0.0,1.7,0.0
2008-11-09,4.0,5.9,4.1
2008-11-10,32.0,22.5,28.5
2008-11-11,22.0,23.8,25.5
2008-11-12,18.0,34.5,38.9
2008-11-13,6.0,25.6,28.0
2008-11-14,0.0,5.4,1.9
2008-11-15,5.0,39.9,44.5
2008-11-16,1.0,8.5,5.5
2008-11-17,7.0,11.0,8.3
2008-11-18,3.0,21.1,19.5
2008-11-19,31.0,13.8,11.4
2008-11-20,1.0,10.1,7.3
2008-11-21,0.0,21.3,23.6
2008-11-22,0.0,1.4,0.0
2008-11-23,67.0,18.0,15.1
2008-11-24,28.0,10.3,6.3
2008-11-25,5.0,8.1,3.8
2008-11-26,5.0,15.7,12.5
2008-11-27,0.0,2.2,0.0
2008-11-28,0.0,3.1,0.0
2008-11-29,0.0,3.0,0.0
2008-11-30,73.0,33.6,38.6
2008-12-01,0.0,4.1,0.0
2008-12-02,0.0,4.4,0.0
2008-12-03,0.0,3.9,0.0
2008-12-04,7.0,10.4,4.5
2008-12-06,0.0,7.6,1.7
2008-12-07,13.0,60.9,99.6
2008-12-08,1.0,22.6,25.7
2008-12-09,0.0,4.3,0.0
2008-12-10,0.0,3.2,0.0
2008-12-11,0.0,2.3,0.0
2008-12-12,0.0,9.8,4.4
2008-12-13,1.0,37.9,43.7
2008-12-14,17.0,40.4,47.4
2008-12-15,39.0,121.1,218.8
2008-12-16,1.0,11.4,6.1
2008-12-17,0.0,1.9,0.0
2008-12-18,0.0,1.4,0.0
2008-12-19,0.0,1.4,0.0
2008-12-20,0.0,0.9,0.0
2008-12-21,0.0,3.4,0.0
2008-12-23,102.0,54.8,98.4
2008-12-24,104.0,218.9,225.9
2008-12-25,5.0,25.2,39.9
2008-12-26,0.0,6.6,1.0
2008-12-27,0.0,0.8,0.0
2008-12-28,26.0,5.5,0.0
2008-12-29,0.0,3.0,0.0
2008-12-30,0.0,0.3,0.0
2009-01-01,1.0,15.3,6.7
2009-01-02,0.0,2.7,0.0
2009-01-03,0.0,4.1,0.0
2009-01-04,2.0,2.1,0.0
2009-01-05,0.0,5.1,0.0
2009-01-06,0.0,1.0,0.0
2009-01-07,0.0,4.7,0.0
2009-01-08,0.0,5.5,0.0
2009-01-09,2.0,2.9,0.0
2009-01-10,0.0,1.1,0.0
2009-01-11,1.0,4.0,0.0
2009-01-12,0.0,0.9,0.0
2009-01-13,6.0,2.1,0.0
2009-01-14,0.0,1.1,0.0
2009-01-15,0.0,2.2,0.0
2009-01-16,2.0,1.4,0.0
2009-01-17,0.0,0.8,0.0
2009-01-18,0.0,0.5,0.0
2009-01-19,0.0,1.4,0.0
2009-01-20,0.0,0.9,0.0
2009-01-21,0.0,0.6,0.0
2009-01-22,0.0,0.6,0.0
2009-01-23,0.0,0.7,0.0
2009-01-24,0.0,3.8,0.0
2009-01-25,28.0,28.3,53.9
2009-01-26,0.0,8.0,0.0
2009-01-27,0.0,5.6,0.0
2009-01-28,0.0,1.5,0.0
2009-01-29,0.0,4.0,0.0
2009-01-30,0.0,5.9,0.0
2009-01-31,0.0,4.2,0.0
2009-02-01,0.0,1.3,0.0
2009-02-02,0.0,1.5,0.0
2009-02-03,0.0,1.6,0.0
2009-02-04,0.0,9.8,4.3
2009-02-05,0.0,0.5,0.0
2009-02-06,0.0,1.5,0.0
2009-02-07,0.0,1.7,0.0
2009-02-08,0.0,0.9,0.0
2009-02-09,0.0,0.2,0.0
2009-02-10,0.0,1.2,0.0
2009-02-11,7.0,1.2,0.0
2009-02-12,0.0,2.1,0.0
2009-02-13,0.0,0.5,0.0
2009-02-14,0.0,0.7,0.0
2009-02-15,0.0,1.1,0.0
2009-02-16,2.0,10.3,24.7
2009-02-17,0.0,0.3,0.0
2009-02-18,0.0,0.2,0.0
2009-02-19,0.0,0.0,0.0
2009-02-20,0.0,1.3,0.0
2009-02-21,0.0,3.7,0.0
2009-02-23,45.0,4.6,0.0
2009-02-24,78.0,14.9,63.9
2009-02-25,0.0,4.0,0.0
2009-02-26,0.0,4.0,0.0
2009-02-27,0.0,1.6,0.0
2009-02-28,0.0,5.4,1.5
2009-03-01,0.0,6.4,1.3
2009-03-02,0.0,6.2,1.1
2009-03-03,34.0,64.0,138.1
2009-03-04,0.0,3.1,0.0
2009-03-05,1.0,14.4,12.0
2009-03-06,0.0,2.6,0.0
2009-03-07,6.0,1.5,0.0
2009-03-08,0.0,3.6,0.0
2009-03-09,79.0,29.7,46.1
2009-03-10,1.0,7.5,2.5
2009-03-11,6.0,4.4,1.0
2009-03-12,0.0,5.2,1.1
2009-03-13,36.0,84.4,98.1
2009-03-14,2.0,44.9,65.5
2009-03-15,28.0,21.8,33.4
2009-03-16,8.0,6.3,2.4
2009-03-17,1.0,3.4,0.0
2009-03-18,0.0,1.6,0.0
2009-03-19,0.0,5.5,1.5
2009-03-20,47.0,7.4,3.5
2009-03-21,43.0,21.8,30.1
2009-03-22,7.0,12.1,11.3
2009-03-23,0.0,5.0,2.9
2009-03-24,5.0,7.4,5.7
2009-03-25,3.0,5.8,4.0
2009-03-26,6.0,5.1,3.1
2009-03-27,48.0,2.5,0.0
2009-03-28,0.0,1.1,0.0
2009-03-29,0.0,23.1,31.6
2009-03-30,9.0,14.2,13.2
2009-03-31,0.0,1.1,0.0
2009-04-01,0.0,2.7,0.0
2009-04-02,0.0,2.4,0.0
2009-04-03,0.0,4.8,2.4
2009-04-04,29.0,13.3,13.6
2009-04-05,51.0,30.9,42.6
2009-04-06,2.0,11.7,11.3
2009-04-07,0.0,16.2,21.5
2009-04-08,0.0,7.0,5.3
2009-04-09,3.0,4.0,1.3
2009-04-10,2.0,8.1,6.8
2009-04-11,1.0,19.2,28.5
2009-04-12,0.0,16.8,24.6
2009-04-13,0.0,14.0,14.6
2009-04-14,0.0,12.3,12.1
2009-04-15,1.0,9.6,8.2
2009-04-16,2.0,18.7,27.7
2009-04-17,0.0,5.4,2.2
2009-04-18,0.0,2.3,0.0
2009-04-19,17.0,5.4,2.3
2009-04-20,0.0,15.0,16.6
2009-04-21,15.0,15.3,21.3
2009-04-22,0.0,6.0,3.9
2009-04-23,14.0,13.5,12.8
2009-04-24,0.0,3.3,1.0
2009-04-25,0.0,0.4,0.0
2009-04-26,0.0,0.7,0.0
2009-04-27,0.0,1.2,0.0
2009-04-28,16.0,35.1,51.1
2009-04-29,0.0,3.2,1.0
2009-04-30,5.0,0.9,0.0
2009-05-01,0.0,1.9,0.0
2009-05-02,24.0,3.0,0.0
2009-05-03,33.0,20.2,25.3
2009-05-04,0.0,3.7,0.0
2009-05-05,4.0,14.4,13.5
2009-05-06,7.0,3.1,0.0
2009-05-07,0.0,4.0,0.0
2009-05-08,7.0,10.9,9.0
2009-05-09,17.0,8.2,5.4
2009-05-10,2.0,5.1,1.3
2009-05-11,0.0,6.2,2.9
2009-05-12,47.0,27.8,38.7
2009-05-13,0.0,2.2,0.0
2009-05-14,0.0,7.2,4.1
2009-05-15,0.0,4.6,1.0
2009-05-16,1.0,2.2,0.0
2009-05-17,1.0,17.1,22.4
2009-05-18,34.0,89.1,71.3
2009-05-19,0.0,1.6,0.0
2009-05-20,0.0,3.1,0.0
2009-05-21,0.0,1.6,0.0
2009-05-22,0.0,2.5,0.0
2009-05-23,0.0,1.4,0.0
2009-05-24,0.0,0.8,0.0
2009-05-25,0.0,1.8,0.0
2009-05-26,5.0,47.6,96.3
2009-05-27,0.0,1.7,0.0
2009-05-28,1.0,3.0,0.0
2009-05-29,0.0,0.9,0.0
2009-05-30,0.0,2.0,0.0
2009-05-31,1.0,1.2,0.0
2009-06-01,0.0,1.4,0.0
2009-06-02,14.0,4.3,1.0
2009-06-03,14.0,26.7,34.6
2009-06-04,2.0,13.2,10.9
2009-06-05,0.0,3.1,0.0
2009-06-06,0.0,2.1,0.0
2009-06-07,26.0,0.8,0.0
2009-06-08,0.0,2.5,0.0
2009-06-09,0.0,1.3,0.0
2009-06-10,0.0,1.4,0.0
2009-06-11,0.0,0.3,0.0
2009-06-12,0.0,1.5,0.0
2009-06-13,0.0,6.8,3.7
2009-06-14,0.0,30.7,27.9
2009-06-15,3.0,1.2,0.0
2009-06-16,0.0,7.0,3.8
2009-06-17,0.0,1.9,0.0
2009-06-18,0.0,0.4,0.0
2009-06-19,0.0,1.9,0.0
2009-06-20,2.0,12.3,8.9
2009-06-21,2.0,19.9,27.4
2009-06-22,1.0,23.8,33.0
2009-06-23,0.0,4.9,2.2
2009-06-24,59.0,47.2,70.6
2009-06-25,0.0,3.9,1.0
2009-06-26,1.0,1.0,0.0
2009-06-27,2.0,18.2,25.3
2009-06-28,0.0,4.9,2.1
2009-06-29,7.0,11.1,10.5
2009-06-30,3.0,10.0,9.0
2009-07-01,0.0,12.7,11.7
2009-07-02,35.0,5.2,3.0
2009-07-03,0.0,2.5,0.0
2009-07-04,0.0,5.3,3.2
2009-07-05,5.0,10.6,10.4
2009-07-06,6.0,2.3,0.0
2009-07-07,0.0,1.5,0.0
2009-07-08,22.0,11.9,11.0
2009-07-09,0.0,6.9,5.1
2009-07-10,0.0,6.5,4.6
2009-07-11,5.0,18.4,24.2
2009-07-12,0.0,17.4,21.4
2009-07-13,0.0,1.2,0.0
2009-07-14,0.0,2.1,0.0
2009-07-15,2.0,2.0,0.0
2009-07-16,0.0,2.8,1.0
2009-07-17,0.0,3.0,1.0
2009-07-18,3.0,7.1,6.4
2009-07-19,4.0,4.9,3.2
2009-07-20,0.0,0.8,0.0
2009-07-21,0.0,0.9,0.0
2009-07-22,49.0,6.2,5.9
2009-07-23,13.0,1.6,1.0
2009-07-24,11.0,29.2,35.6
2009-07-25,0.0,1.3,0.0
2009-07-26,0.0,2.3,1.0
2009-07-27,32.0,34.4,44.3
2009-07-28,1.0,3.2,2.2
2009-07-29,0.0,0.0,0.0
2009-07-30,0.0,0.0,0.0
2009-07-31,0.0,0.1,0.0
2009-08-01,0.0,0.1,0.0
2009-08-02,0.0,0.1,0.0
2009-08-03,0.0,0.4,0.0
2009-08-04,0.0,1.6,1.0
2009-08-05,0.0,0.8,0.0
2009-08-06,0.0,1.1,1.0
2009-08-07,21.0,1.4,1.0
2009-08-08,3.0,3.1,2.6
2009-08-09,0.0,10.9,10.8
2009-08-10,34.0,24.6,27.4
2009-08-11,27.0,9.7,9.2
2009-08-12,0.0,1.6,1.0
2009-08-13,0.0,1.3,0.0
2009-08-14,3.0,6.1,5.3
2009-08-15,18.0,5.8,5.0
2009-08-16,0.0,1.4,1.0
2009-08-17,3.0,1.7,1.0
2009-08-18,0.0,0.9,0.0
2009-08-19,0.0,0.6,0.0
2009-08-20,0.0,4.2,3.3
2009-08-21,0.0,1.5,0.0
2009-08-22,0.0,0.2,0.0
2009-08-23,6.0,4.4,2.7
2009-08-24,19.0,7.3,5.6
2009-08-25,0.0,7.5,5.8
2009-08-26,5.0,27.1,28.9
2009-08-27,11.0,64.0,60.9
2009-08-28,1.0,21.5,20.2
2009-08-29,0.0,4.5,2.7
2009-08-30,75.0,18.9,16.6
2009-08-31,0.0,4.3,2.5
2009-09-01,0.0,4.2,1.6
2009-09-02,0.0,2.4,0.0
2009-09-03,0.0,10.9,8.9
2009-09-04,16.0,4.8,2.3
2009-09-05,0.0,9.0,6.9
2009-09-06,12.0,75.2,76.4
2009-09-07,0.0,3.3,1.0
2009-09-08,0.0,1.8,0.0
2009-09-09,0.0,0.6,0.0
2009-09-10,0.0,1.5,0.0
2009-09-11,0.0,7.1,5.3
2009-09-12,0.0,1.1,0.0
2009-09-13,0.0,12.9,11.8
2009-09-14,0.0,0.8,0.0
2009-09-15,2.0,23.2,33.9
2009-09-16,0.0,2.7,0.0
2009-09-17,65.0,31.2,47.7
2009-09-18,77.0,11.6,10.6
2009-09-19,89.0,29.8,44.6
2009-09-20,0.0,1.5,0.0
2009-09-21,0.0,0.5,0.0
2009-09-22,0.0,3.8,2.2
2009-09-23,0.0,0.9,0.0
2009-09-24,9.0,1.8,0.0
2009-09-25,0.0,2.8,1.0
2009-09-26,0.0,1.3,0.0
2009-09-27,0.0,6.7,5.8
2009-09-28,3.0,4.4,2.9
2009-09-29,0.0,5.5,4.2
2009-09-30,18.0,4.0,2.4
2009-10-01,0.0,19.5,27.4
2009-10-02,1.0,6.9,5.0
2009-10-03,82.0,46.3,82.5
2009-10-04,0.0,2.8,0.0
2009-10-05,1.0,15.1,17.0
2009-10-06,0.0,2.9,0.0
2009-10-07,1.0,3.1,1.0
2009-10-08,5.0,10.7,10.2
2009-10-09,0.0,5.6,3.3
2009-10-10,11.0,16.2,20.6
2009-10-11,0.0,0.4,0.0
2009-10-12,37.0,18.5,35.0
2009-10-13,0.0,31.5,63.8
2009-10-14,0.0,3.7,1.0
2009-10-15,0.0,2.5,0.0
2009-10-16,0.0,0.8,0.0
2009-10-17,0.0,0.1,0.0
2009-10-18,0.0,0.0,0.0
2009-10-19,0.0,0.1,0.0
2009-10-20,0.0,3.1,0.0
2009-10-21,28.0,3.1,1.0
2009-10-22,0.0,4.2,1.7
2009-10-23,14.0,3.6,1.0
2009-10-24,0.0,5.3,2.9
2009-10-25,51.0,2.8,1.0
2009-10-26,1.0,1.2,0.0
2009-10-27,24.0,1.8,0.0
2009-10-28,40.0,18.2,24.3
2009-10-29,3.0,10.0,8.8
2009-10-30,3.0,13.3,13.1
2009-10-31,0.0,16.5,17.1
2009-11-01,6.0,7.4,6.1
2009-11-02,45.0,7.9,6.7
2009-11-03,31.0,4.8,2.8
2009-11-04,6.0,4.9,2.9
2009-11-05,11.0,66.3,71.0
2009-11-06,52.0,11.3,11.1
2009-11-07,0.0,2.0,0.0
2009-11-08,0.0,13.0,13.3
2009-11-09,23.0,26.0,35.1
2009-11-10,5.0,5.7,3.9
2009-11-11,40.0,4.8,1.3
2009-11-12,6.0,19.1,17.3
2009-11-13,47.0,25.0,28.3
2009-11-14,6.0,15.6,13.4
2009-11-15,0.0,5.2,1.8
2009-11-16,5.0,21.4,19.8
2009-11-17,0.0,3.0,0.0
2009-11-18,13.0,8.8,5.8
2009-11-19,12.0,28.8,31.8
2009-11-20,4.0,7.2,4.0
2009-11-21,3.0,9.0,4.9
2009-11-22,0.0,6.2,1.7
2009-11-23,0.0,10.6,6.6
2009-11-24,0.0,1.8,0.0
2009-11-25,0.0,0.5,0.0
2009-11-26,0.0,0.7,0.0
2009-11-27,0.0,2.4,0.0
2009-11-28,1.0,3.0,0.0
2009-11-29,6.0,13.8,10.4
2009-11-30,0.0,11.2,7.4
2009-12-01,0.0,6.3,1.0
2009-12-02,15.0,20.2,22.2
2009-12-03,0.0,20.5,21.8
2009-12-04,110.0,24.5,29.4
2009-12-05,44.0,34.8,48.3
2009-12-06,10.0,4.5,0.0
2009-12-07,0.0,0.8,0.0
2009-12-08,0.0,3.1,0.0
2009-12-09,0.0,2.2,0.0
2009-12-10,0.0,1.3,0.0
2009-12-11,12.0,1.7,0.0
2009-12-12,0.0,1.3,0.0
2009-12-13,0.0,1.8,0.0
2009-12-14,2.0,12.4,7.1
2009-12-15,0.0,7.6,2.3
2009-12-16,0.0,3.9,0.0
2009-12-17,13.0,14.8,9.8
2009-12-18,1.0,11.4,6.1
2009-12-19,65.0,38.0,42.7
2009-12-20,6.0,3.8,0.0
2009-12-21,0.0,1.2,0.0
2009-12-22,0.0,2.5,0.0
2009-12-23,75.0,136.3,223.2
2009-12-24,0.0,3.4,0.0
2009-12-25,0.0,2.4,0.0
2009-12-26,8.0,7.7,1.0
2009-12-27,26.0,14.6,7.7
2009-12-28,10.0,34.9,58.2
2009-12-29,0.0,12.3,5.1
2009-12-30,1.0,6.2,0.0
2009-12-31,0.0,9.6,2.3
2010-01-01,0.0,2.4,0.0
2010-01-03,5.0,8.2,1.0
2010-01-04,2.0,20.2,11.5
2010-01-05,1.0,12.5,4.2
2010-01-06,10.0,2.9,0.0
2010-01-07,1.0,6.9,1.0
2010-01-08,1.0,3.2,0.0
2010-01-09,0.0,0.1,0.0
2010-01-10,0.0,0.1,0.0
2010-01-11,0.0,0.4,0.0
2010-01-12,0.0,0.7,0.0
2010-01-13,0.0,1.1,0.0
2010-01-14,0.0,3.5,0.0
2010-01-15,0.0,0.8,0.0
2010-01-16,0.0,0.1,0.0
2010-01-17,0.0,2.7,0.0
2010-01-18,0.0,1.8,0.0
2010-01-19,0.0,0.8,0.0
2010-01-20,0.0,1.0,0.0
2010-01-21,0.0,8.2,0.0
2010-01-22,4.0,4.5,0.0
2010-01-23,0.0,0.4,0.0
2010-01-24,0.0,0.2,0.0
2010-01-25,0.0,2.0,0.0
2010-01-26,0.0,2.9,0.0
2010-01-27,9.0,3.7,0.0
2010-01-28,0.0,0.8,0.0
2010-01-29,0.0,4.1,0.0
2010-01-30,0.0,4.8,0.0
2010-01-31,0.0,0.8,0.0
2010-02-01,0.0,0.3,0.0
2010-02-02,0.0,0.2,0.0
2010-02-03,0.0,0.2,0.0
2010-02-04,0.0,0.2,0.0
2010-02-05,0.0,0.5,0.0
2010-02-06,0.0,0.9,0.0
2010-02-07,0.0,2.0,0.0
2010-02-08,0.0,2.1,0.0
2010-02-09,0.0,6.4,0.0
2010-02-10,3.0,21.8,28.3
2010-02-11,1.0,2.1,0.0
2010-02-12,0.0,1.3,0.0
2010-02-13,0.0,1.0,0.0
2010-02-14,0.0,2.8,0.0
2010-02-15,0.0,8.0,3.7
2010-02-16,0.0,6.8,1.4
2010-02-17,0.0,7.9,3.6
2010-02-18,10.0,2.6,0.0
2010-02-19,1.0,16.7,42.1
2010-02-20,0.0,9.0,22.0
2010-02-21,0.0,5.0,0.0
2010-02-22,0.0,2.9,0.0
2010-02-23,0.0,6.2,1.8
2010-02-24,0.0,6.1,1.5
2010-02-25,0.0,2.0,0.0
2010-02-26,0.0,0.7,0.0
2010-02-27,0.0,0.9,0.0
2010-02-28,0.0,0.4,0.0
2010-03-01,32.0,0.1,0.0
2010-03-02,0.0,0.0,0.0
2010-03-03,0.0,0.0,0.0
2010-03-04,0.0,0.5,0.0
2010-03-05,0.0,0.1,0.0
2010-03-06,0.0,0.1,0.0
2010-03-07,0.0,0.6,0.0
2010-03-08,0.0,2.4,0.0
2010-03-09,27.0,7.5,2.5
2010-03-10,2.0,6.0,1.0
2010-03-11,0.0,2.0,0.0
2010-03-12,9.0,8.8,5.1
2010-03-13,18.0,13.0,21.4
2010-03-14,7.0,5.6,1.5
2010-03-15,2.0,6.7,2.8
2010-03-16,46.0,16.9,27.3
2010-03-18,14.0,38.2,55.7
2010-03-19,32.0,67.2,97.5
2010-03-20,10.0,42.4,61.6
2010-03-22,61.0,6.1,4.2
2010-03-23,36.0,14.0,13.8
2010-03-24,0.0,4.6,2.5
2010-03-25,28.0,3.3,1.0
2010-03-26,0.0,0.6,0.0
2010-03-27,0.0,0.0,0.0
2010-03-28,0.0,2.0,0.0
2010-03-29,0.0,1.0,0.0
2010-03-30,0.0,21.6,30.4
2010-03-31,0.0,11.8,10.9
2010-04-01,5.0,5.8,3.7
2010-04-02,0.0,2.7,0.0
2010-04-03,44.0,45.4,59.1
2010-04-04,9.0,15.6,20.3
2010-04-05,11.0,33.0,45.4
2010-04-06,0.0,2.8,0.0
2010-04-07,0.0,5.3,3.1
2010-04-09,0.0,5.4,3.2
2010-04-10,17.0,16.3,21.5
2010-04-11,1.0,0.7,0.0
2010-04-12,0.0,3.1,0.0
2010-04-13,0.0,5.0,1.7
2010-04-14,0.0,3.9,1.0
2010-04-15,1.0,2.0,0.0
2010-04-16,50.0,16.1,17.4
2010-04-17,4.0,4.5,1.0
2010-04-18,0.0,16.3,18.1
2010-04-19,3.0,12.3,12.2
2010-04-20,6.0,54.7,85.2
2010-04-21,0.0,12.0,11.0
2010-04-22,1.0,15.0,20.1
2010-04-23,15.0,2.8,0.0
2010-04-24,9.0,11.3,10.2
2010-04-26,8.0,14.1,13.6
2010-04-27,25.0,4.5,2.1
2010-04-28,13.0,8.0,6.3
2010-04-29,0.0,2.3,0.0
2010-04-30,0.0,0.2,0.0
2010-05-01,0.0,0.5,0.0
2010-05-02,0.0,3.7,0.0
2010-05-03,37.0,9.8,7.6
2010-05-04,39.0,1.8,0.0
2010-05-05,0.0,5.5,1.8
2010-05-06,0.0,4.0,0.0
2010-05-07,19.0,4.6,1.0
2010-05-08,7.0,7.7,4.8
2010-05-09,6.0,8.4,5.7
2010-05-11,33.0,9.0,6.2
2010-05-12,32.0,3.7,0.0
2010-05-13,30.0,37.6,53.4
2010-05-14,1.0,9.5,6.9
2010-05-15,1.0,5.4,2.0
2010-05-16,74.0,38.1,54.6
2010-05-17,2.0,7.4,4.3
2010-05-18,6.0,10.3,7.8
2010-05-19,22.0,22.2,29.7
2010-05-20,2.0,17.0,22.2
2010-05-21,29.0,37.4,70.0
2010-05-22,7.0,20.1,33.2
2010-05-23,0.0,4.3,1.0
2010-05-24,0.0,5.0,2.0
2010-05-25,17.0,33.3,59.4
2010-05-26,0.0,0.9,0.0
2010-05-27,0.0,1.7,0.0
2010-05-29,0.0,2.5,0.0
2010-05-30,13.0,1.7,0.0
2010-05-31,52.0,8.8,7.7
2010-06-02,6.0,6.4,3.4
2010-06-03,5.0,1.3,0.0
2010-06-04,11.0,4.6,1.3
2010-06-05,62.0,5.5,2.3
2010-06-06,0.0,6.6,3.5
2010-06-07,8.0,41.3,55.5
2010-06-08,93.0,48.5,64.6
2010-06-09,5.0,25.5,32.1
2010-06-10,4.0,45.1,60.1
2010-06-11,0.0,2.4,0.0
2010-06-12,9.0,5.3,2.2
2010-06-13,6.0,2.7,0.0
2010-06-14,0.0,42.4,45.3
2010-06-15,8.0,48.2,55.2
2010-06-16,28.0,30.6,28.4
2010-06-17,0.0,1.0,0.0
2010-06-18,2.0,5.4,2.3
2010-06-19,0.0,4.5,1.5
2010-06-20,11.0,1.4,0.0
2010-06-21,25.0,0.7,0.0
2010-06-22,12.0,48.3,72.3
2010-06-23,8.0,7.1,5.1
2010-06-24,31.0,21.5,30.2
2010-06-25,0.0,4.2,1.3
2010-06-26,1.0,8.4,6.8
2010-06-27,12.0,12.6,13.3
2010-06-28,0.0,2.8,0.0
2010-06-29,0.0,2.7,0.0
2010-07-01,2.0,18.1,24.2
2010-07-02,47.0,40.5,50.8
2010-07-03,4.0,26.2,34.4
2010-07-04,0.0,1.5,0.0
2010-07-05,0.0,0.4,0.0
2010-07-06,0.0,0.1,0.0
2010-07-07,0.0,9.5,8.1
2010-07-08,4.0,14.2,17.7
2010-07-09,0.0,2.3,0.0
2010-07-10,69.0,6.0,4.1
2010-07-11,0.0,2.4,0.0
2010-07-12,21.0,2.9,1.0
2010-07-13,3.0,9.4,9.9
2010-07-14,0.0,2.7,0.0
2010-07-15,3.0,8.4,8.3
2010-07-16,68.0,29.3,41.8
2010-07-17,13.0,15.1,18.3
2010-07-18,11.0,11.3,12.7
2010-07-19,0.0,2.2,0.0
2010-07-20,20.0,14.8,17.8
2010-07-21,6.0,5.8,5.4
2010-07-22,57.0,50.1,75.8
2010-07-23,4.0,1.4,0.0
2010-07-24,0.0,3.9,3.0
2010-07-25,3.0,5.3,4.7
2010-07-26,26.0,44.1,62.5
2010-07-27,0.0,1.3,0.0
2010-07-28,0.0,4.2,3.3
2010-07-29,0.0,2.9,1.7
2010-07-30,21.0,23.9,28.4
2010-07-31,0.0,3.1,2.0
2010-08-01,60.0,126.6,78.8
2010-08-02,0.0,2.1,1.4
2010-08-03,0.0,1.7,1.0
2010-08-04,0.0,1.1,0.0
2010-08-05,0.0,3.3,2.8
2010-08-06,0.0,2.1,1.4
2010-08-07,0.0,9.4,9.5
2010-08-08,0.0,3.9,3.4
2010-08-09,0.0,1.6,1.0
2010-08-10,0.0,7.8,8.8
2010-08-11,13.0,30.5,38.1
2010-08-12,0.0,1.8,1.0
2010-08-13,0.0,6.3,5.5
2010-08-14,19.0,66.2,62.7
2010-08-15,2.0,17.8,21.5
2010-08-16,27.0,6.8,6.1
2010-08-17,8.0,5.8,5.0
2010-08-18,0.0,17.2,20.1
2010-08-19,6.0,18.3,21.7
2010-08-20,57.0,46.3,54.4
2010-08-21,0.0,8.8,7.0
2010-08-22,0.0,0.3,0.0
2010-08-23,16.0,15.5,13.6
2010-08-24,22.0,2.1,1.0
2010-08-25,1.0,2.7,1.0
2010-08-26,0.0,0.6,0.0
2010-08-27,15.0,1.1,0.0
2010-08-28,0.0,3.4,1.7
2010-08-31,0.0,0.1,0.0
2010-09-02,2.0,4.2,1.6
2010-09-03,0.0,11.4,9.4
2010-09-04,0.0,8.2,6.1
2010-09-06,29.0,19.8,22.6
2010-09-07,0.0,1.3,0.0
2010-09-08,37.0,8.4,6.2
2010-09-10,42.0,41.8,45.0
2010-09-11,0.0,0.3,0.0
2010-09-12,18.0,2.0,0.0
2010-09-13,0.0,2.8,0.0
2010-09-14,1.0,0.9,0.0
2010-09-15,44.0,5.4,3.1
2010-09-16,3.0,6.4,4.3
2010-09-17,90.0,135.0,61.2
2010-09-18,0.0,2.9,0.0
2010-09-19,10.0,3.7,1.0
2010-09-20,18.0,28.5,43.4
2010-09-21,53.0,11.4,13.0
2010-09-22,7.0,4.3,2.8
2010-09-23,17.0,12.1,18.7
2010-09-24,19.0,20.6,31.7
2010-09-25,45.0,6.0,4.9
2010-09-26,0.0,4.6,3.1
2010-09-27,7.0,37.5,67.2
2010-09-28,0.0,6.3,5.2
2010-09-29,0.0,3.5,1.8
2010-09-30,0.0,10.1,10.0
2010-10-01,0.0,5.2,2.8
2010-10-02,16.0,4.7,2.1
2010-10-04,14.0,8.3,7.0
2010-10-05,0.0,4.1,1.3
2010-10-07,1.0,18.4,25.7
2010-10-08,0.0,6.3,4.3
2010-10-09,13.0,99.5,181.6
2010-10-10,4.0,5.7,3.4
2010-10-11,0.0,0.6,0.0
2010-10-12,56.0,7.2,5.2
2010-10-13,0.0,5.9,3.3
2010-10-14,0.0,1.3,0.0
2010-10-15,0.0,0.6,0.0
2010-10-16,0.0,0.7,0.0
2010-10-17,0.0,1.0,0.0
2010-10-19,0.0,6.3,3.8
2010-10-20,51.0,3.1,0.0
2010-10-21,1.0,10.4,9.3
2010-10-22,0.0,2.5,0.0
2010-10-23,4.0,12.4,11.8
2010-10-24,12.0,26.1,35.1
2010-10-25,7.0,26.0,35.3
2010-10-26,0.0,4.8,2.3
2010-10-28,1.0,33.0,46.6
2010-10-29,15.0,32.8,46.6
2010-10-30,8.0,23.9,32.2
2010-11-01,28.0,14.9,15.7
2010-11-02,1.0,5.5,3.7
2010-11-03,5.0,3.1,1.0
2010-11-04,1.0,4.1,1.9
2010-11-05,1.0,24.4,32.6
2010-11-06,18.0,34.0,46.9
2010-11-07,33.0,61.2,69.0
2010-11-08,86.0,19.5,21.5
2010-11-09,6.0,8.0,6.9
2010-11-11,11.0,13.3,10.8
2010-11-12,0.0,3.7,0.0
2010-11-14,36.0,36.3,40.2
2010-11-15,46.0,6.1,2.8
2010-11-16,20.0,10.1,7.3
2010-11-17,34.0,4.8,1.2
2010-11-19,28.0,3.1,0.0
2010-11-20,15.0,3.6,0.0
2010-11-21,0.0,6.8,2.4
2010-11-23,23.0,1.6,0.0
2010-11-24,32.0,4.7,0.0
2010-11-25,13.0,58.9,73.5
2010-11-26,0.0,5.5,1.0
2010-11-27,15.0,2.3,0.0
2010-11-28,31.0,4.7,0.0
2010-11-29,27.0,35.0,41.1
2010-11-30,0.0,4.9,1.0
2010-12-01,17.0,33.2,44.7
2010-12-02,14.0,12.1,6.2
2010-12-03,12.0,22.5,26.4
2010-12-04,39.0,22.5,25.8
2010-12-07,1.0,2.8,0.0
2010-12-08,0.0,8.6,2.7
2010-12-09,0.0,5.0,0.0
2010-12-11,13.0,8.5,3.1
2010-12-12,0.0,0.3,0.0
2010-12-13,7.0,5.4,1.0
2010-12-14,0.0,3.0,0.0
2010-12-15,2.0,10.6,5.2
2010-12-18,5.0,13.2,8.1
2010-12-19,0.0,3.3,0.0
2010-12-20,0.0,4.1,0.0
2010-12-22,0.0,5.9,0.0
2010-12-24,0.0,2.4,0.0
2010-12-25,19.0,17.8,11.3
2010-12-26,0.0,0.6,0.0
2010-12-27,0.0,21.1,32.7
2010-12-28,4.0,75.2,139.5
2010-12-30,0.0,7.5,1.0
2010-12-31,0.0,2.5,0.0
2011-01-01,5.0,5.7,0.0
2011-01-02,4.0,3.0,0.0
2011-01-03,0.0,2.7,0.0
2011-01-04,0.0,1.5,0.0
2011-01-05,0.0,3.3,0.0
2011-01-06,17.0,26.9,18.5
2011-01-07,0.0,7.8,1.0
2011-01-08,3.0,4.3,0.0
2011-01-09,4.0,19.3,10.6
2011-01-10,45.0,70.0,106.1
2011-01-11,7.0,25.5,62.8
2011-01-12,0.0,0.7,0.0
2011-01-13,0.0,24.0,58.1
2011-01-14,0.0,11.0,5.8
2011-01-15,0.0,4.6,0.0
2011-01-16,0.0,3.4,0.0
2011-01-17,8.0,6.1,1.0
2011-01-18,0.0,2.7,0.0
2011-01-19,0.0,0.1,0.0
2011-01-20,0.0,1.4,0.0
2011-01-21,0.0,1.7,0.0
2011-01-22,0.0,2.1,0.0
2011-01-23,0.0,1.9,0.0
2011-01-24,1.0,1.9,0.0
2011-01-25,4.0,4.3,0.0
2011-01-26,18.0,5.2,0.0
2011-01-27,2.0,3.8,0.0
2011-01-28,4.0,7.1,0.0
2011-01-29,48.0,53.2,103.7
2011-01-30,235.0,318.0,217.9
2011-01-31,93.0,55.9,107.6
2011-02-01,15.0,9.3,3.5
2011-02-02,6.0,5.6,0.0
2011-02-04,0.0,2.2,0.0
2011-02-05,0.0,3.4,0.0
2011-02-06,0.0,0.7,0.0
2011-02-07,0.0,1.8,0.0
2011-02-08,0.0,2.7,0.0
2011-02-09,0.0,1.0,0.0
2011-02-10,0.0,0.5,0.0
2011-02-11,0.0,0.8,0.0
2011-02-13,0.0,0.8,0.0
2011-02-14,0.0,0.8,0.0
2011-02-15,0.0,3.4,0.0
2011-02-16,0.0,5.9,1.0
2011-02-17,0.0,2.2,0.0
2011-02-18,0.0,11.0,26.3
2011-02-19,0.0,9.5,23.4
2011-02-20,0.0,1.5,0.0
2011-02-21,0.0,1.7,0.0
2011-02-22,0.0,3.4,0.0
2011-02-23,0.0,5.5,1.4
2011-02-24,0.0,0.8,0.0
2011-02-25,0.0,2.4,0.0
2011-02-26,0.0,3.1,0.0
2011-02-27,0.0,1.6,0.0
2011-02-28,0.0,8.9,31.5
2011-03-01,0.0,9.9,5.4
2011-03-02,0.0,3.8,0.0
2011-03-03,0.0,1.2,0.0
2011-03-04,0.0,2.2,0.0
2011-03-05,0.0,1.3,0.0
2011-03-07,43.0,4.6,0.0
2011-03-09,20.0,11.7,7.9
2011-03-10,100.0,109.0,137.9
2011-03-12,0.0,4.4,1.0
2011-03-13,0.0,5.7,1.7
2011-03-14,96.0,17.1,27.3
2011-03-15,41.0,21.1,32.5
2011-03-16,23.0,41.1,59.7
2011-03-17,2.0,34.0,49.7
2011-03-18,0.0,5.1,1.1
2011-03-19,0.0,7.4,3.6
2011-03-20,14.0,9.7,6.6
2011-03-21,53.0,14.2,14.2
2011-03-22,13.0,49.1,55.3
2011-03-23,0.0,1.7,0.0
2011-03-24,0.0,2.4,0.0
2011-03-25,0.0,13.1,12.2
2011-03-26,0.0,6.3,4.5
2011-03-28,7.0,12.2,11.2
2011-03-29,7.0,10.8,9.7
2011-03-30,0.0,1.4,0.0
2011-03-31,0.0,2.1,0.0
2011-04-01,0.0,1.5,0.0
2011-04-02,0.0,3.8,1.0
2011-04-03,3.0,0.3,0.0
2011-04-04,17.0,1.1,0.0
2011-04-06,0.0,0.5,0.0
2011-04-07,0.0,0.0,0.0
2011-04-08,0.0,0.1,0.0
2011-04-09,6.0,4.7,2.3
2011-04-10,59.0,23.9,34.3
2011-04-11,56.0,9.6,8.2
2011-04-12,0.0,1.6,0.0
2011-04-13,0.0,0.6,0.0
2011-04-14,0.0,0.8,0.0
2011-04-15,7.0,3.0,0.0
2011-04-16,65.0,27.5,43.6
2011-04-17,0.0,0.9,0.0
2011-04-18,0.0,7.8,5.7
2011-04-19,0.0,3.3,0.0
2011-04-20,80.0,79.7,104.9
2011-04-23,62.0,10.4,9.1
2011-04-24,56.0,2.9,0.0
2011-04-25,0.0,2.3,0.0
2011-04-26,54.0,3.8,1.2
2011-04-27,22.0,5.6,3.4
2011-04-28,0.0,1.7,0.0
2011-04-29,5.0,2.6,0.0
2011-04-30,4.0,14.2,13.6
2011-05-01,5.0,19.2,23.5
2011-05-02,3.0,28.1,37.1
2011-05-03,1.0,1.0,0.0
2011-05-04,2.0,17.0,20.1
2011-05-05,0.0,1.8,0.0
2011-05-06,0.0,0.8,0.0
2011-05-07,0.0,0.8,0.0
2011-05-08,0.0,0.9,0.0
2011-05-09,0.0,1.0,0.0
2011-05-10,8.0,1.1,0.0
2011-05-11,0.0,3.4,0.0
2011-05-12,20.0,16.1,20.9
2011-05-13,2.0,7.9,4.9
2011-05-14,86.0,17.8,24.2
2011-05-15,49.0,21.7,29.7
2011-05-16,0.0,8.8,6.0
2011-05-17,11.0,2.1,0.0
2011-05-18,1.0,15.0,13.5
2011-05-20,24.0,6.5,3.3
2011-05-21,5.0,7.4,5.5
2011-05-23,0.0,2.6,0.0
2011-05-24,0.0,1.2,0.0
2011-05-26,0.0,3.2,0.0
2011-05-27,35.0,14.8,17.1
2011-05-28,0.0,4.3,1.0
2011-05-29,3.0,16.2,25.3
2011-05-30,2.0,6.9,4.8
2011-05-31,0.0,4.0,1.0
2011-06-01,38.0,6.7,3.6
2011-06-02,11.0,3.7,1.0
2011-06-03,2.0,5.3,2.1
2011-06-04,22.0,5.6,2.4
2011-06-05,61.0,43.6,58.7
2011-06-06,14.0,17.4,15.3
2011-06-07,0.0,2.5,0.0
2011-06-08,12.0,23.0,27.9
2011-06-09,13.0,31.5,41.4
2011-06-10,17.0,4.6,1.4
2011-06-11,1.0,8.9,5.6
2011-06-12,0.0,3.1,1.0
2011-06-14,0.0,4.8,1.7
2011-06-15,1.0,8.7,5.4
2011-06-17,45.0,7.0,3.8
2011-06-18,14.0,31.1,28.6
2011-06-20,0.0,0.9,0.0
2011-06-21,0.0,1.5,0.0
2011-06-22,48.0,12.1,12.0
2011-06-23,1.0,5.7,3.2
2011-06-24,0.0,1.1,0.0
2011-06-25,20.0,6.4,4.2
2011-06-26,7.0,1.4,0.0
2011-06-27,0.0,3.2,0.0
2011-06-29,3.0,16.2,23.2
2011-06-30,44.0,64.3,99.1
2011-07-01,0.0,1.0,0.0
2011-07-02,0.0,0.5,0.0
2011-07-03,3.0,6.7,4.9
2011-07-04,0.0,0.6,0.0
2011-07-05,0.0,2.0,0.0
2011-07-06,0.0,0.9,0.0
2011-07-07,0.0,1.4,0.0
2011-07-08,0.0,0.0,0.0
2011-07-09,0.0,0.8,0.0
2011-07-10,13.0,8.3,6.7
2011-07-11,34.0,8.7,8.8
2011-07-12,17.0,7.7,7.4
2011-07-13,0.0,0.8,0.0
2011-07-14,0.0,3.6,1.3
2011-07-15,118.0,27.4,38.6
2011-07-16,6.0,22.7,28.4
2011-07-17,5.0,2.5,0.0
2011-07-18,0.0,1.3,0.0
2011-07-19,0.0,3.1,1.0
2011-07-20,0.0,0.3,0.0
2011-07-21,0.0,0.2,0.0
2011-07-22,12.0,6.6,6.4
2011-07-23,0.0,1.0,0.0
2011-07-24,0.0,0.8,0.0
2011-07-25,17.0,17.0,19.1
2011-07-27,1.0,2.2,1.0
2011-07-28,0.0,0.2,0.0
2011-07-29,0.0,0.1,0.0
2011-07-30,0.0,1.6,1.0
2011-07-31,0.0,0.1,0.0
2011-08-01,0.0,0.8,0.0
2011-08-02,11.0,1.9,1.1
2011-08-03,27.0,7.1,7.3
2011-08-04,4.0,28.1,29.9
2011-08-05,0.0,2.3,1.7
2011-08-06,69.0,20.1,20.5
2011-08-07,36.0,4.9,4.5
2011-08-08,0.0,1.5,1.0
2011-08-09,0.0,0.0,0.0
2011-08-10,0.0,0.0,0.0
2011-08-11,0.0,0.0,0.0
2011-08-12,0.0,0.2,0.0
2011-08-13,3.0,1.5,1.0
2011-08-14,4.0,9.0,8.2
2011-08-15,13.0,33.9,41.8
2011-08-16,5.0,1.8,1.0
2011-08-17,6.0,16.5,19.0
2011-08-18,0.0,1.1,0.0
2011-08-19,0.0,0.9,0.0
2011-08-21,0.0,2.7,1.0
2011-08-22,0.0,0.2,0.0
2011-08-23,0.0,1.0,0.0
2011-08-24,0.0,0.3,0.0
2011-08-25,0.0,0.2,0.0
2011-08-26,11.0,6.3,4.5
2011-08-27,41.0,20.1,17.5
2011-08-28,0.0,5.0,3.2
2011-08-29,16.0,24.1,24.3
2011-08-30,1.0,23.2,23.0
2011-08-31,0.0,0.5,0.0
2011-09-01,0.0,0.5,0.0
2011-09-02,0.0,0.2,0.0
2011-09-03,0.0,0.4,0.0
2011-09-04,0.0,0.6,0.0
2011-09-05,0.0,0.3,0.0
2011-09-06,0.0,0.8,0.0
2011-09-07,0.0,0.9,0.0
2011-09-08,0.0,2.0,0.0
2011-09-09,0.0,1.9,0.0
2011-09-10,8.0,16.9,15.3
2011-09-11,0.0,4.8,2.3
2011-09-12,0.0,5.6,3.3
2011-09-13,1.0,4.9,2.4
2011-09-14,2.0,2.5,0.0
2011-09-15,0.0,8.4,6.8
2011-09-16,0.0,5.8,3.7
2011-09-17,14.0,4.2,1.5
2011-09-18,56.0,6.7,4.8
2011-09-19,23.0,25.2,37.7
2011-09-20,34.0,31.7,47.4
2011-09-21,0.0,7.6,6.9
2011-09-22,12.0,2.4,1.0
2011-09-23,0.0,4.1,2.6
2011-09-24,0.0,3.0,1.1
2011-09-25,5.0,33.5,56.6
2011-09-26,7.0,26.4,42.0
2011-09-27,8.0,10.1,10.0
2011-09-28,0.0,0.6,0.0
2011-09-29,0.0,1.6,0.0
2011-09-30,5.0,4.8,3.4
2011-10-01,24.0,11.4,11.3
2011-10-02,6.0,17.0,22.2
2011-10-03,0.0,11.3,11.1
2011-10-04,32.0,102.8,181.0
2011-10-05,0.0,10.6,10.0
2011-10-06,0.0,7.8,6.3
2011-10-07,0.0,16.4,21.2
2011-10-08,52.0,29.9,48.0
2011-10-10,2.0,23.0,33.8
2011-10-11,33.0,69.5,136.3
2011-10-12,2.0,7.2,5.2
2011-10-13,0.0,0.4,0.0
2011-10-14,0.0,3.8,1.0
2011-10-15,0.0,0.5,0.0
2011-10-16,0.0,0.7,0.0
2011-10-17,5.0,3.3,0.0
2011-10-18,14.0,13.5,23.7
2011-10-19,43.0,20.4,39.3
2011-10-20,7.0,6.1,3.6
2011-10-21,1.0,22.1,29.9
2011-10-22,18.0,4.5,2.0
2011-10-23,2.0,9.2,7.8
2011-10-24,0.0,2.0,0.0
2011-10-25,4.0,2.5,0.0
2011-10-26,4.0,13.4,13.2
2011-10-27,27.0,11.5,10.7
2011-10-28,7.0,10.0,8.7
2011-10-29,0.0,2.7,1.0
2011-10-30,0.0,3.2,1.0
2011-10-31,9.0,27.0,36.8
2011-11-01,7.0,17.7,19.2
2011-11-02,23.0,53.9,65.2
2011-11-03,13.0,49.4,62.7
2011-11-04,85.0,50.8,64.2
2011-11-05,5.0,34.6,48.3
2011-11-06,8.0,10.7,10.3
2011-11-07,29.0,36.6,50.4
2011-11-08,8.0,9.9,9.2
2011-11-10,10.0,3.7,1.4
2011-11-11,41.0,3.8,0.0
2011-11-12,7.0,30.5,33.2
2011-11-13,0.0,4.8,1.3
2011-11-14,28.0,19.3,17.5
2011-11-16,0.0,8.0,5.0
2011-11-17,1.0,6.7,3.5
2011-11-18,0.0,36.4,40.0
2011-11-19,2.0,4.8,1.2
2011-11-20,5.0,13.4,11.0
2011-11-21,0.0,10.2,6.2
2011-11-22,29.0,40.5,47.3
2011-11-23,27.0,13.1,9.5
2011-11-24,7.0,7.5,3.2
2011-11-26,4.0,5.2,1.0
2011-11-27,19.0,9.1,5.0
2011-11-28,3.0,10.0,6.0
2011-11-29,45.0,8.0,3.7
2011-11-30,37.0,12.6,9.0
2011-12-01,14.0,66.4,111.9
2011-12-02,18.0,68.7,115.8
2011-12-03,0.0,3.5,0.0
2011-12-04,1.0,4.7,0.0
2011-12-06,0.0,2.5,0.0
2011-12-07,39.0,4.0,0.0
2011-12-08,39.0,3.8,0.0
2011-12-09,0.0,2.9,0.0
2011-12-10,1.0,2.8,0.0
2011-12-11,18.0,28.5,30.5
2011-12-12,7.0,15.4,10.5
2011-12-13,6.0,7.4,2.0
2011-12-14,0.0,3.9,0.0
2011-12-15,0.0,6.3,1.1
2011-12-16,0.0,28.4,29.2
2011-12-17,4.0,11.1,5.8
2011-12-18,6.0,20.0,15.8
2011-12-19,74.0,79.5,159.2
2011-12-20,30.0,24.0,24.1
2011-12-21,0.0,14.8,8.0
2011-12-22,2.0,17.4,11.1
2011-12-23,2.0,17.7,11.7
2011-12-24,207.0,85.4,166.9
2011-12-25,1.0,21.3,33.2
2011-12-26,0.0,9.6,2.3
2011-12-27,13.0,9.9,2.7
2011-12-28,18.0,11.1,3.8
2011-12-29,2.0,10.9,3.7
2011-12-30,0.0,7.6,1.0
2011-12-31,0.0,0.8,0.0
2013-01-01,4.2,21.4,12.7
2013-01-02,12.0,10.5,2.5
2013-01-03,0.2,8.0,1.0
2013-01-04,0.0,5.3,0.0
2013-01-05,0.0,1.9,0.0
2013-01-06,0.0,0.6,0.0
2013-01-07,0.0,0.1,0.0
2013-01-08,5.9,5.3,0.0
2013-01-09,15.3,17.9,9.2
2013-01-11,0.0,2.1,0.0
2013-01-12,0.0,2.9,0.0
2013-01-13,5.8,3.0,0.0
2013-01-14,0.0,1.1,0.0
2013-01-15,0.0,2.1,0.0
2013-01-16,0.0,1.2,0.0
2013-01-17,0.0,1.7,0.0
2013-01-18,1.2,2.6,0.0
2013-01-19,116.3,87.0,126.9
2013-01-20,81.4,75.3,127.0
2013-01-21,0.3,17.1,9.3
2013-01-22,1.7,15.9,7.7
2013-01-23,0.0,4.7,0.0
2013-01-24,0.0,4.4,0.0
2013-01-25,0.0,2.5,0.0
2013-01-26,0.0,0.2,0.0
2013-01-27,0.0,0.6,0.0
2013-01-28,0.0,0.6,0.0
2013-01-29,0.0,0.4,0.0
2013-01-30,0.0,0.1,0.0
2013-01-31,0.0,0.3,0.0
2013-02-03,13.7,6.4,0.0
2013-02-04,16.0,6.2,0.0
2013-02-05,27.7,19.1,16.8
2013-02-06,1.3,9.2,3.3
2013-02-07,0.0,4.6,0.0
2013-02-08,61.7,5.1,0.0
2013-02-09,10.8,3.3,0.0
2013-02-10,16.8,23.4,33.2
2013-02-11,0.0,5.8,0.0
2013-02-12,29.3,8.2,4.5
2013-02-13,9.1,15.7,39.0
2013-02-14,87.4,76.5,104.2
2013-02-15,19.3,10.9,26.2
2013-02-16,37.3,34.2,103.3
2013-02-17,23.9,33.8,104.3
2013-02-18,0.0,2.7,0.0
2013-02-19,36.3,14.7,35.8
2013-02-20,0.0,5.7,0.0
2013-02-21,1.0,9.5,35.5
2013-02-22,0.0,0.5,0.0
2013-02-23,0.0,1.7,0.0
2013-02-24,0.0,3.7,0.0
2013-02-25,2.0,10.1,38.0
2013-02-27,2.3,4.0,0.0
2013-02-28,0.0,1.3,0.0
2013-03-01,0.0,1.0,0.0
2013-03-02,0.0,2.0,0.0
2013-03-03,0.0,3.8,0.0
2013-03-04,0.0,0.8,0.0
2013-03-05,2.0,0.5,0.0
2013-03-06,0.0,0.5,0.0
2013-03-07,0.0,1.0,0.0
2013-03-08,0.0,0.9,0.0
2013-03-09,0.0,3.2,0.0
2013-03-10,0.0,3.6,0.0
2013-03-11,0.0,0.4,0.0
2013-03-12,0.0,0.0,0.0
2013-03-14,0.0,0.1,0.0
2013-03-15,0.0,0.2,0.0
2013-03-16,0.0,0.6,0.0
2013-03-17,35.0,2.3,0.0
2013-03-18,0.0,0.2,0.0
2013-03-19,0.0,0.0,0.0
2013-03-20,0.3,1.0,0.0
2013-03-21,0.0,0.9,0.0
2013-03-22,1.0,0.5,0.0
2013-03-24,8.9,1.4,0.0
2013-03-25,16.9,3.1,1.0
2013-03-26,7.1,4.6,2.5
2013-03-27,32.7,3.5,1.2
2013-03-28,26.2,3.7,1.3
2013-03-29,2.6,2.0,0.0
2013-03-30,0.0,0.9,0.0
2013-03-31,5.4,2.2,0.0
2013-04-01,8.1,4.2,1.6
2013-04-02,62.3,5.2,3.0
2013-04-03,6.4,10.5,9.8
2013-04-04,15.5,19.1,26.7
2013-04-05,7.2,5.6,3.5
2013-04-06,43.9,16.2,22.0
2013-04-08,12.1,3.0,0.0
2013-04-09,176.4,12.1,12.1
2013-04-10,0.4,15.2,20.2
2013-04-12,0.0,2.3,0.0
2013-04-14,8.2,66.6,101.7
2013-04-16,5.3,4.4,1.0
2013-04-17,10.6,1.5,0.0
2013-04-18,0.7,12.4,12.2
2013-04-19,2.0,20.8,31.2
2013-04-20,0.0,1.4,0.0
2013-04-21,69.0,52.4,69.3
2013-04-22,44.8,6.1,4.0
2013-04-23,42.4,82.9,73.5
2013-04-24,1.5,3.6,1.0
2013-04-25,1.2,8.4,6.8
2013-04-26,1.1,9.5,8.1
2013-04-27,0.5,6.9,5.0
2013-04-28,2.0,31.1,46.0
2013-04-29,0.0,2.5,0.0
2013-04-30,8.5,2.9,0.0
2013-05-01,12.6,7.5,4.5
2013-05-02,12.7,12.3,10.8
2013-05-03,2.8,14.4,13.5
2013-05-04,4.7,4.0,0.0
2013-05-05,11.2,6.7,3.5
2013-05-06,1.2,3.1,0.0
2013-05-07,4.5,4.3,1.0
2013-05-08,47.9,14.5,13.7
2013-05-09,4.2,9.4,7.0
2013-05-10,5.4,16.8,19.8
2013-05-11,0.9,23.7,32.5
2013-05-12,0.0,3.0,0.0
2013-05-13,0.0,1.0,0.0
2013-05-14,0.4,1.5,0.0
2013-05-15,53.0,6.4,3.1
2013-05-16,10.5,11.9,9.8
2013-05-17,0.0,4.0,1.0
2013-05-18,1.3,11.7,9.5
2013-05-19,0.0,1.6,0.0
2013-05-20,0.0,3.0,0.0
2013-05-21,8.2,4.2,1.0
2013-05-22,0.0,2.6,0.0
2013-05-23,20.5,3.1,0.0
2013-05-24,0.9,5.4,2.7
2013-05-25,0.5,3.8,1.0
2013-05-26,21.2,2.4,0.0
2013-05-27,5.6,4.3,1.1
2013-05-28,3.3,5.8,3.1
2013-05-29,9.6,48.1,97.9
2013-05-30,41.6,13.9,15.6
2013-05-31,8.0,4.5,1.3
2013-06-01,0.0,2.0,0.0
2013-06-02,10.0,4.1,1.0
2013-06-03,3.8,3.5,1.0
2013-06-04,2.8,6.0,2.9
2013-06-05,82.2,9.3,6.5
2013-06-06,0.0,4.9,1.7
2013-06-07,0.0,2.8,0.0
2013-06-08,3.5,6.6,3.6
2013-06-09,1.0,21.5,25.5
2013-06-10,12.0,5.1,1.9
2013-06-11,0.0,5.3,2.2
2013-06-12,0.0,10.3,6.9
2013-06-13,0.0,0.5,0.0
2013-06-14,0.0,1.5,0.0
2013-06-15,0.0,0.6,0.0
2013-06-16,12.8,13.0,9.5
2013-06-18,0.0,0.2,0.0
2013-06-19,0.0,0.0,0.0
2013-06-20,0.0,0.1,0.0
2013-06-21,0.0,0.0,0.0
2013-06-22,0.0,0.0,0.0
2013-06-23,0.0,0.0,0.0
2013-06-24,0.0,0.0,0.0
2013-06-25,21.4,3.4,1.0
2013-06-26,22.2,92.6,99.6
2013-06-27,0.0,0.0,0.0
2013-06-28,0.8,2.6,0.0
2013-06-29,0.0,1.4,0.0
2013-07-01,0.0,3.9,1.4
2013-07-02,4.0,3.1,1.0
2013-07-03,0.0,9.2,7.7
2013-07-04,5.2,24.8,33.3
2013-07-05,0.0,23.5,30.9
2013-07-06,0.0,0.3,0.0
2013-07-07,0.0,1.7,0.0
2013-07-08,7.5,6.1,4.2
2013-07-09,0.2,14.1,18.0
2013-07-10,0.0,2.8,0.0
2013-07-11,9.9,2.9,1.0
2013-07-12,41.0,8.8,8.9
2013-07-13,0.3,10.7,11.7
2013-07-14,18.6,26.8,37.5
2013-07-16,0.0,15.6,18.9
2013-07-18,8.4,30.8,44.6
2013-07-19,0.0,3.3,1.0
2013-07-20,0.0,0.6,0.0
2013-07-21,0.0,0.0,0.0
2013-07-22,0.0,0.0,0.0
2013-07-23,0.0,0.1,0.0
2013-07-24,6.2,0.4,0.0
2013-07-25,0.0,1.9,1.0
2013-07-27,2.5,11.7,13.3
2013-07-28,0.0,1.6,1.0
2013-07-29,25.7,12.8,13.7
2013-07-30,0.0,2.3,1.0
2013-07-31,14.6,14.7,16.9
2013-08-01,7.5,30.7,32.7
2013-08-03,0.0,2.6,2.0
2013-08-04,5.5,16.2,15.2
2013-08-05,6.3,6.2,5.9
2013-08-06,13.0,12.3,13.1
2013-08-07,0.0,2.3,1.7
2013-08-08,16.8,42.7,45.1
2013-08-09,14.5,4.8,4.4
2013-08-10,1.9,9.5,11.2
2013-08-11,14.6,7.8,7.1
2013-08-12,0.0,1.9,1.0
2013-08-13,7.3,11.8,11.0
2013-08-14,3.5,3.6,2.7
2013-08-15,0.0,0.3,0.0
2013-08-16,0.0,2.0,1.0
2013-08-17,0.0,1.8,1.0
2013-08-18,0.0,0.5,0.0
2013-08-19,0.0,2.6,1.5
2013-08-20,0.0,12.6,11.9
2013-08-21,0.0,1.5,0.0
2013-08-22,3.1,0.1,0.0
2013-08-23,0.0,0.4,0.0
2013-08-24,0.0,0.4,0.0
2013-08-25,0.0,0.4,0.0
2013-08-26,0.0,0.2,0.0
2013-08-27,1.5,0.9,0.0
2013-08-28,1.6,4.0,2.3
2013-08-29,1.0,0.6,0.0
2013-08-30,0.0,1.1,0.0
2013-08-31,0.0,2.1,1.0
2013-09-01,13.9,4.3,1.8
2013-09-02,14.8,18.7,17.2
2013-09-03,20.1,8.2,6.1
2013-09-04,19.4,27.3,30.8
2013-09-05,26.9,48.2,52.2
2013-09-06,49.9,25.1,27.7
2013-09-07,0.3,10.3,8.2
2013-09-09,2.4,29.7,32.8
2013-09-10,0.2,23.9,26.4
2013-09-11,0.0,4.8,2.3
2013-09-12,0.0,2.4,0.0
2013-09-13,36.0,2.5,0.0
2013-09-14,0.0,3.9,1.2
2013-09-15,10.2,17.5,17.1
2013-09-16,0.0,1.6,0.0
2013-09-17,0.0,2.5,0.0
2013-09-18,0.0,0.1,0.0
2013-09-19,0.0,0.4,0.0
2013-09-20,0.0,0.4,0.0
2013-09-21,0.0,0.2,0.0
2013-09-22,0.0,0.3,0.0
2013-09-23,0.0,0.1,0.0
2013-09-24,0.0,0.2,0.0
2013-09-25,0.0,1.9,0.0
2013-09-26,12.5,46.0,88.8
2013-09-27,16.0,3.6,1.8
2013-09-28,29.3,8.1,7.5
2013-09-29,1.0,12.0,18.2
2013-09-30,0.3,6.2,5.2
2013-10-01,0.0,2.6,0.0
2013-10-02,3.6,1.1,0.0
2013-10-03,3.4,1.0,0.0
2013-10-05,11.8,0.3,0.0
2013-10-06,0.0,0.0,0.0
2013-10-07,0.0,0.0,0.0
2013-10-08,0.0,1.0,0.0
2013-10-09,0.0,0.1,0.0
2013-10-11,1.0,16.9,31.6
2013-10-12,1.9,8.2,6.8
2013-10-13,0.5,9.7,9.2
2013-10-14,16.3,11.4,12.1
2013-10-15,1.0,12.6,14.0
2013-10-16,2.3,0.6,0.0
2013-10-17,0.0,0.6,0.0
2013-10-18,12.2,3.8,1.0
2013-10-19,22.1,2.9,0.0
2013-10-20,7.2,2.6,0.0
2013-10-21,33.9,14.9,15.1
2013-10-22,0.0,1.2,0.0
2013-10-23,0.0,1.2,0.0
2013-10-24,0.0,0.2,0.0
2013-10-25,11.1,0.5,0.0
2013-10-26,0.0,0.5,0.0
2013-10-27,3.5,2.6,0.0
2013-10-28,62.9,8.3,6.6
2013-10-29,20.0,2.9,1.0
2013-10-30,0.0,2.2,0.0
2013-10-31,20.1,2.2,0.0
2013-11-01,63.9,6.1,4.5
2013-11-02,14.4,7.5,6.3
2013-11-03,11.0,6.9,5.4
2013-11-04,0.0,8.6,7.6
2013-11-05,18.2,42.4,56.1
2013-11-06,0.0,4.5,2.4
2013-11-07,0.0,4.9,2.9
2013-11-08,3.4,18.5,20.2
2013-11-09,61.8,21.2,24.6
2013-11-10,5.3,21.2,23.5
2013-11-11,16.7,35.4,39.6
2013-11-12,1.3,8.3,5.2
2013-11-13,90.7,11.1,8.3
2013-11-14,3.6,8.5,5.5
2013-11-15,88.5,6.1,2.8
2013-11-16,3.4,10.4,7.7
2013-11-17,4.0,29.5,32.4
2013-11-18,0.2,13.7,11.3
2013-11-19,12.3,17.5,15.6
2013-11-21,2.0,4.5,0.0
2013-11-22,0.3,2.8,0.0
2013-11-23,0.0,7.5,3.2
2013-11-24,30.7,2.8,0.0
2013-11-25,62.8,6.5,2.1
2013-11-26,2.1,11.0,7.1
2013-11-27,1.0,1.8,0.0
2013-11-28,37.7,4.7,0.0
2013-11-29,4.0,5.0,1.0
2013-11-30,18.7,11.5,7.7
2013-12-01,34.9,25.3,30.3
2013-12-02,13.0,26.0,32.5
2013-12-03,26.8,29.6,39.2
2013-12-04,1.2,14.8,9.2
2013-12-05,20.5,5.2,0.0
2013-12-06,16.1,4.3,0.0
2013-12-07,2.0,7.9,1.9
2013-12-08,52.7,49.4,75.9
2013-12-09,0.0,2.8,0.0
2013-12-10,52.5,6.6,1.0
2013-12-11,6.2,2.3,0.0
2013-12-12,7.4,7.8,2.5
2013-12-13,0.0,5.4,1.0
2013-12-14,0.0,4.3,0.0
2013-12-16,0.0,0.3,0.0
2013-12-17,0.0,0.7,0.0
2013-12-18,16.7,3.8,0.0
2013-12-19,21.7,6.6,1.3
2013-12-20,33.2,37.1,41.9
2013-12-22,1.3,12.2,5.1
2013-12-23,0.8,10.0,2.7
2013-12-24,14.1,3.7,0.0
2013-12-25,0.0,16.2,9.7
2013-12-26,0.0,16.0,9.4
2013-12-27,1.0,2.2,0.0
2013-12-28,1.9,7.3,1.0
2013-12-29,0.5,11.8,4.6
2013-12-30,0.0,9.4,2.2
2013-12-31,3.2,10.7,3.4
2014-01-01,0.0,4.0,0.0
2014-01-02,0.0,1.0,0.0
2014-01-03,4.2,2.3,0.0
2014-01-04,15.0,23.2,14.6
2014-01-05,0.2,7.2,1.0
2014-01-06,25.5,27.2,27.0
2014-01-07,3.9,3.7,0.0
2014-01-08,0.0,1.4,0.0
2014-01-09,48.0,8.4,1.0
2014-01-10,0.0,4.4,0.0
2014-01-11,1.3,2.9,0.0
2014-01-12,3.6,2.8,0.0
2014-01-13,1.1,2.3,0.0
2014-01-14,0.0,0.5,0.0
2014-01-15,0.0,0.9,0.0
2014-01-16,0.0,1.6,0.0
2014-01-17,0.0,2.1,0.0
2014-01-18,0.0,0.4,0.0
2014-01-19,0.0,1.1,0.0
2014-01-20,0.0,0.2,0.0
2014-01-21,0.0,0.5,0.0
2014-01-22,0.1,0.3,0.0
2014-01-23,0.0,0.6,0.0
2014-01-24,0.0,0.7,0.0
2014-01-25,0.0,0.4,0.0
2014-01-26,0.0,0.8,0.0
2014-01-27,0.0,0.6,0.0
2014-01-28,0.0,0.0,0.0
2014-01-29,0.0,0.0,0.0
2014-01-30,0.0,0.0,0.0
2014-01-31,0.0,0.0,0.0
2014-02-01,0.0,0.0,0.0
2014-02-02,0.0,0.0,0.0
2014-02-03,0.0,0.1,0.0
2014-02-04,0.0,0.0,0.0
2014-02-05,0.0,0.1,0.0
2014-02-06,0.0,0.2,0.0
2014-02-07,0.0,2.6,0.0
2014-02-08,0.0,1.5,0.0
2014-02-09,0.0,0.2,0.0
2014-02-10,0.0,0.3,0.0
2014-02-11,0.0,0.5,0.0
2014-02-12,0.0,0.1,0.0
2014-02-13,0.0,0.7,0.0
2014-02-14,0.0,1.2,0.0
2014-02-15,0.0,1.6,0.0
2014-02-16,0.0,0.0,0.0
2014-02-17,0.0,0.4,0.0
2014-02-18,0.0,0.8,0.0
2014-02-19,0.0,0.1,0.0
2014-02-20,0.0,0.1,0.0
2014-02-21,0.0,0.3,0.0
2014-02-22,0.0,0.1,0.0
2014-02-23,0.0,0.1,0.0
2014-02-24,0.0,0.0,0.0
2014-02-25,0.0,0.0,0.0
2014-02-26,0.0,0.1,0.0
2014-02-27,0.0,0.2,0.0
2014-02-28,0.0,0.5,0.0
2014-03-01,0.0,0.6,0.0
2014-03-02,0.0,0.9,0.0
2014-03-03,0.0,0.4,0.0
2014-03-04,0.0,0.0,0.0
2014-03-05,0.0,0.0,0.0
2014-03-06,0.0,0.1,0.0
2014-03-07,0.0,0.1,0.0
2014-03-08,0.0,0.3,0.0
2014-03-09,0.0,0.0,0.0
2014-03-10,0.0,0.0,0.0
2014-03-11,0.0,0.0,0.0
2014-03-12,0.0,0.1,0.0
2014-03-13,0.0,0.1,0.0
2014-03-14,0.3,0.3,0.0
2014-03-15,17.2,11.0,7.4
2014-03-16,34.8,47.3,69.0
2014-03-17,21.4,7.9,4.1
2014-03-19,33.0,23.4,35.6
2014-03-20,0.0,3.9,0.0
2014-03-21,0.0,1.5,0.0
2014-03-22,0.0,0.0,0.0
2014-03-23,0.0,0.0,0.0
2014-03-24,0.0,0.0,0.0
2014-03-25,0.0,0.4,0.0
2014-03-26,0.0,0.6,0.0
2014-03-27,0.0,0.4,0.0
2014-03-28,0.0,0.6,0.0
2014-03-29,0.0,0.4,0.0
2014-03-30,35.4,0.2,0.0
2014-03-31,0.0,0.8,0.0
2014-04-01,0.0,1.2,0.0
2014-04-02,1.2,0.6,0.0
2014-04-03,0.0,0.8,0.0
2014-04-05,23.5,26.3,37.4
2014-04-07,0.0,0.3,0.0
2014-04-08,0.5,0.4,0.0
2014-04-09,0.0,0.3,0.0
2014-04-10,31.0,15.0,19.1
2014-04-11,24.6,30.5,47.5
2014-04-12,8.2,13.4,13.7
2014-04-14,0.0,0.1,0.0
2014-04-17,61.4,8.0,5.9
2014-04-18,19.9,6.5,3.8
2014-04-19,0.5,18.0,26.2
2014-04-20,9.9,5.0,1.8
2014-04-21,60.8,136.8,73.3
2014-04-22,46.5,4.9,2.5
2014-04-23,0.0,2.5,0.0
2014-04-24,0.0,1.3,0.0
2014-04-25,19.6,3.0,1.0
2014-04-26,4.0,3.2,1.0
2014-04-27,67.0,4.2,1.6
2014-04-28,21.8,2.1,0.0
2014-04-29,5.0,10.5,9.3
2014-04-30,0.0,6.9,4.9
2014-05-01,0.8,12.9,11.6
2014-05-02,7.1,0.9,0.0
2014-05-03,24.6,8.0,5.1
2014-05-04,0.0,1.5,0.0
2014-05-05,0.0,3.1,0.0
2014-05-06,0.0,0.3,0.0
2014-05-07,36.1,11.2,9.3
2014-05-08,4.0,7.8,4.9
2014-05-09,4.0,3.5,0.0
2014-05-10,0.0,3.9,0.0
2014-05-11,21.0,6.3,3.0
2014-05-12,50.6,27.5,38.3
2014-05-13,0.0,2.4,0.0
2014-05-14,2.3,10.5,8.1
2014-05-15,0.0,3.2,0.0
2014-05-16,30.0,14.8,13.8
2014-05-17,14.0,6.3,3.0
2014-05-18,92.7,37.5,53.7
2014-05-19,8.9,30.1,42.3
2014-05-20,29.1,20.8,27.7
2014-05-21,24.2,21.9,36.0
2014-05-22,6.4,8.3,6.9
2014-05-23,18.7,6.2,3.8
2014-05-24,44.4,9.6,8.9
2014-05-25,4.7,8.2,6.7
2014-05-26,20.3,2.9,0.0
2014-05-28,0.0,2.8,0.0
2014-05-29,55.7,14.6,18.2
2014-05-30,0.0,6.5,4.2
2014-05-31,2.0,4.0,1.0
2014-06-01,1.0,10.7,8.1
2014-06-02,7.9,17.6,19.2
2014-06-03,15.0,11.6,9.1
2014-06-04,6.5,22.9,28.3
2014-06-05,69.7,50.9,68.3
2014-06-06,11.3,15.3,13.2
2014-06-07,0.5,5.5,2.4
2014-06-08,0.0,2.5,0.0
2014-06-09,8.4,3.2,0.0
2014-06-10,0.0,3.9,1.0
2014-06-11,33.2,13.6,10.2
2014-06-12,3.1,6.7,3.5
2014-06-13,0.0,11.9,8.5
2014-06-14,9.0,9.3,6.0
2014-06-15,0.0,2.7,0.0
2014-06-16,0.0,2.6,0.0
2014-06-17,17.2,17.5,13.9
2014-06-18,22.6,4.1,1.0
2014-06-19,0.0,0.8,0.0
2014-06-20,0.0,2.1,0.0
2014-06-21,0.0,0.6,0.0
2014-06-22,2.3,7.9,6.2
2014-06-23,0.0,0.1,0.0
2014-06-24,0.0,4.2,1.3
2014-06-26,0.0,10.1,9.1
2014-06-27,6.3,37.8,54.7
2014-06-28,0.0,8.1,6.5
2014-06-29,0.0,3.7,1.0
2014-06-30,46.3,23.3,33.0
2014-07-01,0.7,15.2,19.2
2014-07-02,2.5,4.3,1.9
2014-07-03,0.0,3.0,1.0
2014-07-04,23.0,7.3,5.5
2014-07-05,0.2,22.7,30.0
2014-07-06,1.3,3.6,1.0
2014-07-07,16.9,4.2,1.8
2014-07-09,9.7,40.9,50.8
2014-07-10,8.6,28.0,36.5
2014-07-11,18.3,3.3,1.0
2014-07-12,0.5,7.9,7.6
2014-07-13,0.0,1.5,0.0
2014-07-14,0.0,0.6,0.0
2014-07-15,0.0,1.9,0.0
2014-07-16,0.0,0.5,0.0
2014-07-17,44.0,27.6,38.5
2014-07-18,11.6,4.4,2.4
2014-07-19,0.0,0.1,0.0
2014-07-20,0.0,0.0,0.0
2014-07-21,0.0,0.0,0.0
2014-07-22,4.0,2.6,1.4
2014-07-23,0.0,0.1,0.0
2014-07-24,0.0,0.0,0.0
2014-07-25,0.0,0.0,0.0
2014-07-26,0.0,0.0,0.0
2014-07-27,0.0,0.5,0.0
2014-07-28,0.0,3.6,2.6
2014-07-29,0.0,1.4,0.0
2014-07-30,27.3,8.6,8.8
2014-07-31,0.8,15.0,16.9
2014-08-01,0.0,2.1,1.3
2014-08-02,0.0,0.1,0.0
2014-08-03,0.0,0.5,0.0
2014-08-04,0.0,1.7,1.0
2014-08-05,35.1,84.4,79.5
2014-08-06,0.0,1.4,1.0
2014-08-07,8.6,16.1,15.5
2014-08-09,0.0,0.2,0.0
2014-08-10,11.2,6.1,5.8
2014-08-11,13.6,9.9,9.6
2014-08-12,22.2,32.8,40.9
2014-08-13,31.8,53.7,59.8
2014-08-14,2.7,18.6,22.5
2014-08-15,2.5,8.3,7.5
2014-08-16,0.0,5.7,5.0
2014-08-17,0.0,1.8,1.0
2014-08-18,0.0,0.5,0.0
2014-08-19,0.0,2.3,1.2
2014-08-20,0.2,3.1,2.1
2014-08-21,0.0,0.9,0.0
2014-08-22,0.0,3.8,2.0
2014-08-23,0.2,6.5,4.8
2014-08-24,22.6,24.3,24.8
2014-08-25,23.0,8.5,6.7
2014-08-26,19.1,24.2,25.0
2014-08-27,2.5,9.3,7.5
2014-08-28,1.0,18.3,16.4
2014-08-29,0.0,5.8,4.1
2014-08-30,4.6,0.4,0.0
2014-08-31,0.0,0.0,0.0
2014-09-01,0.0,0.0,0.0
2014-09-02,0.0,4.2,1.5
2014-09-03,12.8,4.4,1.8
2014-09-04,0.0,0.4,0.0
2014-09-05,0.0,13.2,11.3
2014-09-06,0.0,12.3,10.4
2014-09-08,0.0,0.8,0.0
2014-09-09,0.0,1.1,0.0
2014-09-10,0.0,0.3,0.0
2014-09-11,0.0,0.5,0.0
2014-09-13,0.0,1.6,0.0
2014-09-14,0.0,0.2,0.0
2014-09-15,0.0,0.6,0.0
2014-09-16,0.0,0.0,0.0
2014-09-17,0.0,0.2,0.0
2014-09-18,0.0,1.2,0.0
2014-09-19,0.0,1.7,0.0
2014-09-20,44.2,25.8,39.8
2014-09-21,0.0,1.0,0.0
2014-09-22,0.0,0.1,0.0
2014-09-23,0.0,1.1,0.0
2014-09-24,84.2,23.6,36.5
2014-09-25,8.0,5.5,4.3
2014-09-26,0.2,0.7,0.0
2014-09-27,0.0,0.3,0.0
2014-09-28,0.0,0.0,0.0
2014-09-29,0.0,0.1,0.0
2014-09-30,0.0,0.9,0.0
2014-10-01,0.0,0.0,0.0
2014-10-02,0.0,0.0,0.0
2014-10-03,0.0,0.1,0.0
2014-10-04,6.2,4.5,1.9
2014-10-05,9.3,15.5,16.3
2014-10-06,0.0,2.4,0.0
2014-10-07,0.0,0.6,0.0
2014-10-08,0.0,0.6,0.0
2014-10-09,0.0,0.6,0.0
2014-10-10,0.0,0.4,0.0
2014-10-11,7.0,4.9,1.8
2014-10-12,0.0,1.5,0.0
2014-10-13,46.3,1.0,0.0
2014-10-14,0.0,0.5,0.0
2014-10-15,26.8,15.8,28.7
2014-10-16,0.0,3.6,1.0
2014-10-17,6.1,3.2,0.0
2014-10-18,0.3,9.0,8.0
2014-10-19,0.0,2.4,0.0
2014-10-20,0.0,2.6,0.0
2014-10-21,38.9,22.8,30.3
2014-10-22,17.6,44.8,70.9
2014-10-23,0.0,1.5,0.0
2014-10-24,0.0,0.0,0.0
2014-10-25,0.0,0.5,0.0
2014-10-26,0.0,3.2,1.0
2014-10-27,0.0,3.0,1.0
2014-10-28,0.0,0.4,0.0
2014-10-29,0.0,0.6,0.0
2014-10-30,0.0,1.0,0.0
2014-10-31,2.1,4.4,1.9
2014-11-01,0.0,2.6,0.0
2014-11-02,0.0,0.4,0.0
2014-11-03,0.0,0.0,0.0
2014-11-04,0.0,1.8,0.0
2014-11-05,76.0,17.3,18.6
2014-11-06,9.3,43.1,56.8
2014-11-07,5.9,8.8,7.8
2014-11-08,1.0,28.4,38.6
2014-11-09,3.1,11.5,11.3
2014-11-10,14.1,28.4,39.0
2014-11-11,4.4,8.7,5.7
2014-11-12,74.4,20.4,18.7
2014-11-13,48.5,20.6,19.0
2014-11-14,0.4,10.7,8.0
2014-11-15,2.2,31.1,33.6
2014-11-16,14.6,26.0,27.9
2014-11-17,62.4,37.7,42.2
2014-11-18,8.6,38.9,43.6
2014-11-19,21.0,19.5,17.7
2014-11-20,54.2,13.0,10.5
2014-11-21,22.2,13.8,10.3
2014-11-22,2.5,11.5,7.7
2014-11-23,3.2,9.1,5.0
2014-11-24,40.3,21.1,18.9
2014-11-25,60.5,2.2,0.0
2014-11-26,25.8,12.7,9.0
2014-11-28,1.4,13.3,9.8
2014-11-29,2.8,8.1,3.8
2014-11-30,12.2,35.3,40.5
2014-12-01,2.7,9.9,3.9
2014-12-02,0.0,4.9,0.0
2014-12-03,0.0,17.0,11.7
2014-12-04,41.1,68.8,114.5
2014-12-05,0.0,1.2,0.0
2014-12-06,3.5,14.4,8.8
2014-12-07,3.2,9.4,3.4
2014-12-08,5.0,29.9,38.1
2014-12-10,0.0,0.8,0.0
2014-12-11,0.0,3.2,0.0
2014-12-12,0.0,2.5,0.0
2014-12-13,0.0,2.7,0.0
2014-12-14,0.0,3.6,0.0
2014-12-15,8.1,15.8,10.9
2014-12-16,8.0,40.7,46.9
2014-12-17,1.8,8.8,3.4
2014-12-18,60.0,19.5,15.1
2014-12-19,77.1,18.7,14.2
2014-12-20,0.0,5.7,1.0
2014-12-22,0.0,22.9,35.5
2014-12-23,63.1,14.0,7.1
2014-12-24,9.3,8.4,1.3
2014-12-25,16.3,12.3,5.1
2014-12-26,105.6,32.6,54.1
2014-12-27,11.4,48.9,84.2
2014-12-29,6.6,20.1,30.6
2014-12-30,5.2,10.4,3.2
2014-12-31,1.2,30.8,49.8
2015-01-01,1.2,30.3,30.3
2015-01-02,15.3,2.4,0.0
2015-01-03,0.0,2.2,0.0
2015-01-04,0.0,3.9,0.0
2015-01-05,0.0,6.1,1.0
2015-01-06,0.0,3.3,0.0
2015-01-08,2.8,15.9,7.2
2015-01-09,4.0,13.3,4.8
2015-01-10,1.0,4.7,0.0
2015-01-12,0.0,2.4,0.0
2015-01-13,0.0,0.2,0.0
2015-01-14,0.0,1.5,0.0
2015-01-16,0.0,0.9,0.0
2015-01-18,0.0,0.3,0.0
2015-01-19,0.0,0.3,0.0
2015-01-20,0.0,1.9,0.0
2015-01-21,0.0,3.5,0.0
2015-01-22,0.0,3.2,0.0
2015-01-23,0.0,1.3,0.0
2015-01-25,0.0,3.7,0.0
2015-01-26,0.0,1.2,0.0
2015-01-27,0.0,1.6,0.0
2015-01-28,0.0,1.6,0.0
2015-01-29,0.0,2.9,0.0
2015-01-30,0.0,1.5,0.0
2015-02-03,11.8,9.4,3.9
2015-02-04,0.0,9.0,3.0
2015-02-09,0.0,0.9,0.0
2015-02-11,0.0,0.7,0.0
2015-02-12,0.0,0.3,0.0
2015-02-13,0.0,0.1,0.0
2015-02-16,0.0,0.3,0.0
2015-02-17,0.0,0.9,0.0
2015-02-19,50.2,8.3,20.8
2015-02-20,2.3,0.7,0.0
2015-02-23,0.0,0.2,0.0
2015-02-24,0.0,2.1,0.0
2015-02-25,0.0,0.4,0.0
2015-02-26,0.0,0.3,0.0
2015-02-28,0.0,0.2,0.0
2015-03-02,0.0,0.5,0.0
2015-03-03,0.0,0.3,0.0
2015-03-05,0.0,0.3,0.0
2015-03-06,0.0,0.2,0.0
2015-03-08,0.0,0.6,0.0
2015-03-11,0.9,12.6,9.2
2015-03-13,0.0,0.8,0.0
2015-03-15,0.0,2.8,0.0
2015-03-19,8.8,0.2,0.0
2015-03-24,0.0,0.5,0.0
2015-03-26,0.0,0.6,0.0
2015-03-27,0.1,3.2,1.0
2015-03-29,2.2,45.2,52.9
2015-03-30,39.3,12.0,11.0
2015-04-01,0.4,4.5,2.0
2015-04-02,33.7,21.7,30.9
2015-04-03,105.5,3.6,1.0
2015-04-05,10.6,12.6,12.9
2015-04-07,34.4,3.8,1.1
2015-04-08,0.0,1.1,0.0
2015-04-11,0.0,1.6,0.0
2015-04-12,11.0,1.5,0.0
2015-04-14,8.5,0.3,0.0
2015-04-17,0.0,1.4,0.0
2015-04-23,33.7,1.1,0.0
2015-05-01,4.0,7.4,4.4
2015-05-02,0.0,28.9,39.0
2015-06-01,0.0,0.2,0.0
2015-06-07,19.3,23.6,29.6
2015-07-24,0.6,0.0,0.0
2015-08-01,0.9,15.0,15.4
2015-08-02,1.9,1.1,0.0
2015-08-03,0.0,43.8,46.7
2015-08-05,10.1,3.2,2.7
2015-08-07,19.3,4.5,4.2
2015-08-08,0.5,5.4,5.1
2015-08-09,5.7,2.3,1.6
2015-08-10,7.8,2.8,2.2
2015-08-11,0.0,9.2,8.5
2015-08-12,8.6,53.9,59.4
2015-08-13,57.0,0.3,0.0
2015-08-14,0.0,0.0,0.0
2015-08-15,0.0,0.6,0.0
2015-08-16,0.0,0.9,0.0
2015-08-17,0.7,0.0,0.0
2015-08-18,0.0,0.0,0.0
2015-08-19,0.0,0.0,0.0
2015-08-21,0.0,1.6,0.0
2015-08-23,0.3,0.0,0.0
2015-08-24,0.0,0.5,0.0
2015-08-25,0.0,1.0,0.0
2015-08-27,0.0,0.3,0.0
2015-08-28,0.0,0.3,0.0
2015-08-29,6.0,0.0,0.0
2015-08-30,0.0,0.0,0.0
2015-09-01,0.0,0.1,0.0
2015-09-02,0.0,0.0,0.0
2015-09-03,0.0,3.4,1.0
2015-09-04,0.0,0.3,0.0
2015-09-05,0.0,0.3,0.0
2015-09-06,0.0,0.2,0.0
2015-09-08,0.0,0.0,0.0
2015-09-10,0.0,0.1,0.0
2015-09-11,0.0,0.0,0.0
2015-09-12,0.0,0.0,0.0
2015-09-13,0.0,0.0,0.0
2015-09-14,0.0,1.6,0.0
2015-09-15,4.6,14.2,13.3
2015-09-16,16.9,0.8,0.0
2015-09-17,0.0,2.4,0.0
2015-09-18,0.0,0.7,0.0
2015-09-19,0.0,0.9,0.0
2015-09-20,0.0,0.1,0.0
2015-09-22,8.9,0.0,0.0
2015-09-23,0.0,0.0,0.0
2015-09-24,0.0,0.0,0.0
2015-09-25,0.0,0.0,0.0
2015-09-27,0.0,0.7,0.0
2015-09-28,0.0,4.1,2.5
2015-09-29,3.4,1.9,0.0
2015-09-30,0.0,0.9,0.0
2015-10-02,6.7,0.3,0.0
2015-10-03,0.0,0.2,0.0
2015-10-04,0.0,0.4,0.0
2015-10-06,6.3,5.1,2.6
2015-10-07,13.7,2.4,0.0
2015-10-09,7.5,0.0,0.0
2015-10-10,0.0,0.1,0.0
2015-10-11,0.0,0.0,0.0
2015-10-12,0.0,0.1,0.0
2015-10-14,0.0,0.0,0.0
2015-10-15,0.0,0.0,0.0
2015-10-16,0.0,0.0,0.0
2015-10-17,0.0,0.0,0.0
2015-10-18,0.0,0.0,0.0
2015-10-20,0.0,0.0,0.0
2015-10-21,0.0,0.0,0.0
2015-10-22,0.0,0.0,0.0
2015-10-24,10.7,6.7,4.6
2015-10-26,9.4,2.5,0.0
2015-10-27,0.0,57.1,105.5
2015-10-28,54.1,4.6,2.2
2015-10-29,0.2,4.5,2.0
2015-10-30,0.0,15.7,16.2
2015-10-31,4.2,3.2,1.0
2015-11-01,1.4,9.7,9.0
2015-11-02,0.3,4.6,2.5
2015-11-03,57.7,0.5,0.0
2015-11-04,22.7,0.5,0.0
2015-11-05,35.5,1.0,0.0
2015-11-06,0.0,7.2,5.8
2015-11-07,24.1,8.6,7.6
2015-11-08,24.6,7.8,6.6
2015-11-09,18.7,1.8,0.0
2015-11-10,15.8,0.9,0.0
2015-11-12,100.0,2.9,0.0
2015-11-13,0.0,2.3,0.0
2015-11-14,26.7,2.4,0.0
2015-11-15,0.0,8.2,5.2
2015-11-16,54.5,20.2,18.5
2015-11-17,20.9,8.5,5.5
2015-11-20,11.0,16.2,14.1
2015-11-22,0.1,3.8,0.0
2015-11-23,2.4,9.1,5.0
2015-11-24,1.9,7.1,2.7
2015-11-26,6.8,18.9,16.3
2015-11-27,31.6,6.5,2.1
2015-11-28,23.0,11.5,7.7
2015-11-29,14.7,2.8,0.0
2015-11-30,0.6,2.1,0.0
2015-12-01,51.7,7.1,1.2
2015-12-02,29.0,11.0,5.1
2015-12-04,0.0,3.5,0.0
2015-12-05,16.7,2.6,0.0
2015-12-06,0.0,5.8,1.0
2015-12-07,0.0,10.4,4.5
2015-12-08,8.8,8.6,2.6
2015-12-10,23.0,16.4,11.0
2015-12-11,26.0,11.6,6.3
2015-12-12,5.1,24.3,25.1
2015-12-13,33.2,26.8,27.6
2015-12-14,24.5,6.1,1.0
2015-12-15,0.0,22.9,19.1
2015-12-16,0.4,4.1,0.0
2015-12-17,0.6,10.3,4.9
2015-12-18,1.1,2.0,0.0
2015-12-19,0.0,0.2,0.0
2015-12-20,0.0,0.9,0.0
2015-12-21,0.0,2.2,0.0
2015-12-22,0.0,7.2,1.0
2015-12-23,1.4,1.9,0.0
2015-12-24,0.0,10.9,3.6
2015-12-26,18.0,0.6,0.0
2015-12-27,0.0,0.8,0.0
2015-12-28,0.0,8.5,1.4
2015-12-29,2.2,19.9,32.0
2015-12-30,7.8,4.9,0.0
2015-12-31,0.5,5.7,0.0
2016-01-01,28.9,31.8,32.8
2016-01-02,43.5,92.7,182.4
2016-01-03,74.7,25.9,17.5
2016-01-05,0.0,3.5,0.0
2016-01-06,0.0,1.0,0.0
2016-01-07,6.0,0.9,0.0
2016-01-08,0.0,2.3,0.0
2016-01-10,2.3,3.5,0.0
2016-01-12,3.0,4.4,0.0
2016-01-13,0.0,4.7,0.0
2016-01-16,21.3,4.0,0.0
2016-01-17,13.6,8.5,2.6
2016-01-18,4.0,3.2,0.0
2016-01-19,0.0,5.3,0.0
2016-01-20,0.5,12.8,8.1
2016-01-21,46.2,14.1,5.1
2016-01-22,0.8,3.3,0.0
2016-01-23,0.0,4.7,0.0
2016-01-24,0.0,0.4,0.0
2016-01-25,0.5,2.7,0.0
2016-01-26,12.5,12.1,3.0
2016-01-27,19.6,3.2,0.0
2016-01-28,0.0,3.5,0.0
2016-01-30,0.0,3.6,0.0
2016-01-31,0.0,5.3,0.0
2016-02-01,0.0,6.0,0.0
2016-02-02,0.3,3.0,0.0
2016-02-03,6.6,22.5,30.4
2016-02-05,13.6,15.2,11.9
2016-02-06,0.6,15.1,11.8
2016-02-07,7.0,60.6,83.4
2016-02-08,47.2,44.7,71.5
2016-02-09,1.0,51.5,77.9
2016-02-10,11.1,31.3,52.5
2016-02-13,0.0,3.2,0.0
2016-02-14,0.0,5.4,0.0
2016-02-15,0.0,3.0,0.0
2016-02-16,0.0,2.2,0.0
2016-02-18,0.0,9.3,23.0
2016-02-19,52.2,111.1,103.5
2016-02-20,114.5,68.0,103.6
2016-02-21,21.8,18.1,77.3
2016-02-22,1.4,3.5,0.0
2016-02-23,0.5,4.6,0.0
2016-02-24,0.0,56.4,170.1
2016-02-25,84.9,0.5,0.0
2016-02-27,0.0,3.8,0.0
2016-02-28,3.5,5.0,0.0
2016-02-29,0.3,3.2,0.0
2016-03-03,1.8,1.4,0.0
2016-03-05,5.3,11.4,7.4
2016-03-06,12.2,8.1,3.2
2016-03-07,1.3,18.8,23.9
2016-03-08,37.8,5.4,1.0
2016-03-09,3.9,2.5,0.0
2016-03-10,0.0,2.1,0.0
2016-03-11,0.0,3.8,0.0
2016-03-14,1.0,3.2,0.0
2016-03-15,4.5,1.0,0.0
2016-03-16,0.0,0.0,0.0
2016-03-17,0.0,0.0,0.0
2016-03-18,0.0,0.7,0.0
2016-03-19,0.0,4.3,1.0
2016-03-21,1.8,6.1,4.2
2016-03-22,0.8,43.1,50.7
2016-03-23,18.8,10.6,9.4
2016-03-24,0.0,0.9,0.0
2016-03-27,0.0,4.6,2.5
2016-03-28,0.1,2.0,0.0
2016-03-29,6.2,1.2,0.0
2016-03-30,0.0,3.0,1.0
2016-03-31,0.0,1.3,0.0
2016-04-01,0.0,0.0,0.0
2016-04-02,0.0,4.3,1.8
2016-04-03,0.0,5.3,3.0
2016-04-04,1.0,5.2,3.0
2016-04-06,25.7,0.0,0.0
2016-04-08,0.0,4.6,2.2
2016-04-09,0.0,3.6,1.0
2016-04-11,0.0,4.0,1.0
2016-04-12,11.5,1.1,0.0
2016-04-13,0.8,12.9,13.0
2016-04-14,1.1,8.7,6.9
2016-04-15,0.5,17.9,26.0
2016-04-16,41.6,3.4,0.0
2016-04-18,0.0,2.0,0.0
2016-04-19,0.0,3.1,0.0
2016-04-20,0.0,4.7,1.2
2016-04-21,1.4,4.8,2.4
2016-04-22,13.4,16.7,23.6
2016-04-23,12.4,5.0,2.7
2016-04-24,8.2,7.5,5.7
2016-04-25,0.0,31.2,46.0
2016-04-26,53.4,5.9,3.8
2016-04-29,3.8,9.2,7.8
2016-04-30,11.3,13.5,12.8
2016-05-01,19.7,5.8,2.3
2016-05-02,3.6,3.8,0.0
2016-05-03,0.0,2.5,0.0
2016-05-04,0.0,2.8,0.0
2016-05-06,0.2,4.7,1.0
2016-05-07,16.0,3.2,0.0
2016-05-08,10.0,4.5,1.0
2016-05-09,0.0,4.4,1.0
2016-05-10,44.8,4.4,1.0
2016-05-11,0.0,13.9,12.3
2016-05-12,18.6,20.3,27.1
2016-05-13,4.0,9.5,6.8
2016-05-14,6.4,33.4,46.9
2016-05-15,5.0,0.5,0.0
2016-05-16,0.0,9.8,7.2
2016-05-17,113.2,2.5,0.0
2016-05-19,16.1,25.8,35.4
2016-05-20,0.9,8.3,5.4
2016-05-21,0.0,17.2,27.5
2016-05-22,52.8,5.5,2.7
2016-05-24,0.4,2.7,0.0
2016-05-26,52.8,11.6,12.0
2016-05-27,22.1,3.1,0.0
2016-05-28,0.5,15.6,24.6
2016-05-29,5.2,19.8,32.7
2016-05-30,14.8,5.3,2.4
2016-05-31,0.8,1.9,0.0
2016-06-01,0.0,1.7,0.0
2016-06-02,1.1,17.6,19.8
2016-06-04,50.1,32.1,42.2
2016-06-05,8.3,3.0,0.0
2016-06-07,10.9,0.4,0.0
2016-06-08,0.0,1.2,0.0
2016-06-10,0.0,5.4,2.3
2016-06-13,1.4,1.1,0.0
2016-06-14,10.7,2.9,0.0
2016-06-15,1.7,3.6,1.0
2016-06-16,0.3,74.2,95.2
2016-06-18,148.2,22.6,18.5
2016-06-19,0.1,9.9,6.6
2016-06-20,0.2,1.3,0.0
2016-06-21,0.0,0.5,0.0
2016-06-22,0.0,15.7,21.3
2016-06-24,33.6,21.5,29.9
2016-06-25,6.3,3.7,1.0
2016-06-26,0.0,6.4,4.3
2016-06-27,0.3,8.2,6.5
2016-06-30,0.0,0.0,0.0
2016-07-01,3.4,0.0,0.0
2016-07-02,0.0,0.0,0.0
2016-07-03,0.0,0.0,0.0
2016-07-05,0.0,0.0,0.0
2016-07-06,0.0,7.6,5.9
2016-07-07,0.0,0.0,0.0
2016-07-08,0.0,0.0,0.0
2016-07-10,0.0,1.1,0.0
2016-07-11,0.0,13.8,16.4
2016-07-12,39.0,0.1,0.0
2016-07-13,0.3,33.7,52.4
2016-07-14,16.0,11.4,12.9
2016-07-15,75.1,21.8,26.6
2016-07-16,30.4,1.8,0.0
2016-07-17,6.2,4.0,1.9
2016-07-18,7.7,12.5,14.5
2016-07-19,1.5,18.9,21.9
2016-07-20,5.1,16.7,22.0
2016-07-21,18.1,1.8,1.0
2016-07-22,2.6,56.8,92.5
2016-07-23,5.6,3.2,2.2
2016-07-24,0.8,19.2,21.6
2016-07-25,51.6,25.6,30.3
2016-07-26,2.5,11.1,12.2
2016-07-27,2.7,0.7,0.0
2016-07-28,0.0,10.4,11.3
2016-07-29,29.7,0.9,0.0
2016-08-01,0.0,3.5,3.0
2016-08-02,3.0,6.0,5.7
2016-08-03,0.0,11.4,11.6
2016-08-04,21.6,0.5,0.0
2016-08-06,0.0,19.2,18.2
2016-08-07,1.4,0.0,0.0
2016-08-08,0.0,0.2,0.0
2016-08-09,0.0,5.9,5.5
2016-08-10,0.5,0.1,0.0
2016-08-11,0.0,0.7,0.0
2016-08-12,0.0,1.8,1.0
2016-08-13,0.0,2.1,1.0
2016-08-14,11.3,12.8,12.3
2016-08-15,6.5,0.1,0.0
2016-08-16,0.0,0.1,0.0
2016-08-18,0.0,4.5,3.7
2016-08-19,14.3,4.3,3.4
2016-08-20,3.8,1.3,0.0
2016-08-21,0.0,26.0,27.3
2016-08-22,16.2,2.9,1.1
2016-08-23,0.0,9.5,7.7
2016-08-26,10.2,3.6,1.8
2016-08-27,0.0,11.4,9.5
2016-08-29,0.0,1.0,0.0
2016-08-30,0.5,2.3,1.0
2016-08-31,13.3,1.1,0.0
2016-09-02,23.4,0.6,0.0
2016-09-03,0.0,0.1,0.0
2016-09-04,13.3,0.4,0.0
2016-09-05,5.8,3.8,1.1
2016-09-06,2.1,6.1,3.8
2016-09-07,1.0,14.3,12.5
2016-09-08,26.5,2.4,0.0
2016-09-09,0.0,0.5,0.0
2016-09-11,20.7,1.1,0.0
2016-09-12,2.2,1.8,0.0
2016-09-13,27.4,0.1,0.0
2016-09-14,0.0,13.9,13.0
2016-09-15,27.1,1.1,0.0
2016-09-19,19.6,31.5,47.5
2016-09-20,11.1,5.1,2.8
2016-09-21,2.1,37.1,64.9
2016-09-23,0.0,0.1,0.0
2016-09-25,0.0,3.9,2.2
2016-09-26,2.0,5.9,4.8
2016-09-27,0.0,1.3,0.0
2016-09-29,0.0,0.9,0.0
2016-10-01,0.1,2.5,0.0
2016-10-02,4.8,4.2,1.5
2016-10-03,7.2,3.4,1.0
2016-10-05,0.0,7.6,6.1
2016-10-07,3.5,44.9,80.0
2016-10-08,98.3,1.0,0.0
2016-10-09,0.0,4.8,2.2
2016-10-11,0.0,0.7,0.0
2016-10-12,0.0,7.2,5.1
2016-10-14,0.0,8.8,7.7
2016-10-15,0.4,18.7,35.4
2016-10-17,3.9,2.2,0.0
2016-10-18,0.0,1.0,0.0
2016-10-19,0.0,13.3,23.0
2016-10-20,7.2,2.1,0.0
2016-10-21,0.0,0.7,0.0
2016-10-23,16.2,14.2,14.2
2016-10-24,4.5,6.8,4.8
2016-10-25,8.8,27.1,36.7
2016-10-26,57.2,3.6,1.0
2016-10-27,0.0,4.4,1.9
2016-10-29,1.1,32.8,46.6
2016-10-30,6.0,9.5,8.2
2016-10-31,0.8,11.0,10.1
2016-11-01,21.7,4.4,2.2
2016-11-02,2.5,10.0,9.4
2016-11-03,8.9,10.5,10.0
2016-11-04,1.2,27.9,37.8
2016-11-05,20.3,14.9,15.6
2016-11-06,10.0,1.9,0.0
2016-11-07,0.0,19.0,20.8
2016-11-08,110.2,0.5,0.0
2016-11-10,4.0,8.8,7.8
2016-11-11,37.5,7.6,4.4
2016-11-12,2.3,2.9,0.0
2016-11-13,9.2,11.4,8.7
2016-11-14,15.8,14.9,12.6
2016-11-15,96.0,14.9,12.6
2016-11-16,53.7,3.8,0.0
2016-11-17,0.6,1.6,0.0
2016-11-18,12.4,7.0,3.9
2016-11-20,0.0,18.5,16.7
2016-11-21,7.5,15.9,12.7
2016-11-22,6.9,47.8,57.8
2016-11-23,42.6,2.1,0.0
2016-11-24,0.0,10.4,6.5
2016-11-25,3.2,2.5,0.0
2016-11-27,56.5,14.9,11.5
2016-11-28,0.9,27.9,31.6
2016-11-29,17.1,34.9,39.9
2016-11-30,3.8,55.3,67.8
2016-12-01,29.5,35.6,49.4
2016-12-02,70.4,8.3,2.3
2016-12-03,9.3,16.1,10.6
2016-12-04,6.7,4.1,0.0
2016-12-05,0.0,3.1,0.0
2016-12-06,0.5,2.6,0.0
2016-12-07,13.0,4.7,0.0
2016-12-08,0.3,11.0,5.1
2016-12-09,14.5,11.4,5.5
2016-12-10,1.1,10.3,4.3
2016-12-11,9.7,6.0,1.0
2016-12-13,1.9,25.4,25.8
2016-12-14,6.1,0.8,0.0
2016-12-15,1.0,1.7,0.0
2016-12-17,0.0,9.0,3.6
2016-12-18,3.1,2.5,0.0
2016-12-19,1.9,6.1,1.0
2016-12-20,0.3,1.7,0.0
2016-12-22,0.0,9.1,1.9
2016-12-23,25.7,3.9,0.0
2016-12-24,0.1,11.7,4.4
2016-12-25,28.0,20.6,32.7
2016-12-26,19.1,15.9,9.3
2016-12-27,3.1,20.9,32.9
2016-12-28,12.7,10.9,3.6
2016-12-29,0.7,1.9,0.0
2016-12-30,0.0,4.1,0.0
2016-12-31,0.0,19.5,30.0
2017-01-01,0.2,91.0,174.7
2017-01-02,54.1,50.7,62.2
2017-01-03,5.6,11.9,3.6
2017-01-04,8.5,4.9,0.0
2017-01-05,0.5,2.4,0.0
2017-01-07,0.0,1.2,0.0
2017-01-09,0.0,0.7,0.0
2017-01-10,0.0,2.8,0.0
2017-01-11,0.0,3.4,0.0
2017-01-12,8.5,2.0,0.0
2017-01-13,0.0,3.9,0.0
2017-01-15,7.6,7.6,1.7
2017-01-16,4.2,1.0,0.0
2017-01-17,0.0,1.0,0.0
2017-01-18,0.0,1.6,0.0
2017-01-20,19.2,12.3,7.3
2017-01-21,35.4,24.0,44.7
2017-01-22,14.8,46.3,89.5
2017-01-23,16.0,51.5,99.7
2017-01-24,64.7,60.7,116.4
2017-01-25,23.7,5.1,0.0
2017-01-26,3.6,4.5,0.0
2017-01-27,0.2,4.6,0.0
2017-01-28,0.0,30.3,58.5
2017-01-29,4.4,15.6,6.7
2017-01-30,0.4,4.7,0.0
2017-01-31,0.0,3.5,0.0
2017-02-01,0.0,1.8,0.0
2017-02-02,0.0,6.0,0.0
2017-02-03,0.0,2.4,0.0
2017-02-04,0.0,1.9,0.0
2017-02-05,0.0,0.7,0.0
2017-02-06,0.0,0.6,0.0
2017-02-07,0.0,12.0,7.0
2017-02-08,10.5,0.7,0.0
2017-02-09,0.9,0.0,0.0
2017-02-10,0.0,0.3,0.0
2017-02-11,0.0,1.2,0.0
2017-02-12,0.0,2.7,0.0
2017-02-13,8.2,3.1,0.0
2017-02-14,0.5,3.2,0.0
2017-02-15,0.7,4.9,0.0
2017-02-16,0.0,4.6,0.0
2017-02-17,2.6,1.3,0.0
2017-02-18,0.0,6.2,1.4
2017-02-19,0.0,2.3,0.0
2017-02-20,0.0,1.9,0.0
2017-02-21,0.0,2.8,0.0
2017-02-22,0.0,3.7,0.0
2017-02-23,0.0,2.6,0.0
2017-02-24,25.4,37.3,145.6
2017-02-25,102.1,7.3,21.7
2017-02-26,2.9,5.9,1.0
2017-02-27,1.1,3.0,0.0
2017-02-28,2.1,29.6,125.2
2017-03-01,81.8,21.1,27.9
2017-03-02,1.6,9.2,4.5
2017-03-03,2.3,3.6,0.0
2017-03-05,57.0,3.0,0.0
2017-03-06,0.0,0.2,0.0
2017-03-07,0.0,6.4,1.4
2017-03-08,0.0,0.4,0.0
2017-03-09,0.0,1.7,0.0
2017-03-10,0.0,1.0,0.0
2017-03-11,0.0,2.0,0.0
2017-03-12,0.0,2.7,0.0
2017-03-13,1.7,2.9,0.0
2017-03-14,0.5,17.9,28.1
2017-03-15,52.7,0.5,0.0
2017-03-16,0.0,1.4,0.0
2017-03-17,0.0,2.1,0.0
2017-03-18,10.0,0.3,0.0
2017-03-19,0.0,1.2,0.0
2017-03-20,9.6,9.8,6.5
2017-03-21,20.9,0.9,0.0
2017-03-22,0.0,2.8,1.0
2017-03-23,0.0,0.6,0.0
2017-03-25,31.0,3.2,1.0
2017-03-26,0.0,2.9,1.0
2017-03-28,0.0,5.9,4.1
2017-03-29,1.8,6.9,5.2
2017-03-30,44.2,70.7,67.8
2017-03-31,28.2,3.7,1.4
2017-04-02,3.7,10.0,9.3
2017-04-03,0.3,21.5,30.2
2017-04-04,2.6,17.7,23.8
2017-04-05,0.0,10.8,10.2
2017-04-06,0.0,31.0,43.2
2017-04-07,2.5,6.9,5.2
2017-04-08,0.1,9.9,9.1
2017-04-09,20.0,7.3,5.7
2017-04-11,6.8,5.1,1.9
2017-04-12,2.3,7.5,5.2
2017-04-13,17.4,22.7,34.4
2017-04-14,0.0,5.5,2.3
2017-04-15,0.0,3.4,0.0
2017-04-16,42.3,11.5,11.1
2017-04-17,50.2,11.8,11.4
2017-04-18,5.9,6.5,3.8
2017-04-19,52.1,1.4,0.0
2017-04-21,59.6,7.8,6.1
2017-04-22,4.2,69.8,73.2
2017-04-23,2.2,2.6,0.0
2017-04-24,0.0,59.1,73.4
2017-04-25,112.2,13.5,12.8
2017-04-26,61.8,10.9,9.7
2017-04-27,0.4,3.6,1.0
2017-04-28,6.2,5.3,3.1
2017-04-29,0.0,14.9,20.2
2017-04-30,0.4,3.8,1.1
2017-05-01,0.0,5.4,1.8
2017-05-03,2.0,3.5,0.0
2017-05-04,47.0,1.7,0.0
2017-05-05,17.9,3.0,0.0
2017-05-06,57.3,7.6,4.7
2017-05-07,0.1,5.0,1.1
2017-05-08,2.0,5.8,2.2
2017-05-09,0.2,2.6,0.0
2017-05-10,0.0,54.5,95.4
2017-05-11,8.6,5.0,1.4
2017-05-12,23.1,16.7,21.3
2017-05-13,2.3,12.0,9.9
2017-05-15,0.0,19.5,25.9
2017-05-16,4.5,3.2,0.0
2017-05-17,1.3,3.3,0.0
2017-05-19,10.1,3.7,0.0
2017-05-20,4.8,4.5,1.0
2017-05-21,0.5,9.9,9.4
2017-05-22,3.9,8.4,7.0
2017-05-23,0.0,11.2,11.3
2017-05-24,2.0,35.8,66.0
2017-05-25,81.6,24.4,41.2
2017-05-26,60.5,28.8,50.6
2017-05-27,54.4,12.1,12.6
2017-05-28,37.2,9.3,8.4
2017-05-31,53.3,22.4,36.7
2017-06-01,26.8,8.4,5.6
2017-06-02,0.3,1.2,0.0
2017-06-03,0.0,1.2,0.0
2017-06-04,0.0,0.4,0.0
2017-06-05,0.0,0.0,0.0
2017-06-06,0.0,0.1,0.0
2017-06-07,0.0,0.0,0.0
2017-06-08,0.0,0.0,0.0
2017-06-09,0.0,0.2,0.0
2017-06-11,44.4,11.1,7.8
2017-06-12,6.1,0.6,0.0
2017-06-13,1.8,0.9,0.0
2017-06-14,0.4,4.2,1.1
2017-06-15,0.0,6.5,3.3
2017-06-16,34.5,2.2,0.0
2017-06-17,0.0,1.8,0.0
2017-06-18,0.0,8.3,5.0
2017-06-20,0.6,0.8,0.0
2017-06-21,0.0,4.1,1.2
2017-06-22,0.3,1.8,0.0
2017-06-24,22.6,1.5,0.0
2017-06-26,7.5,9.5,8.4
2017-06-27,41.7,15.5,21.3
2017-06-28,3.0,0.2,0.0
2017-06-29,1.0,0.2,0.0
2017-06-30,2.3,0.1,0.0
2017-07-02,0.0,7.1,5.4
2017-07-04,6.7,0.3,0.0
2017-07-05,0.0,8.2,6.6
2017-07-06,1.4,7.7,6.0
2017-07-08,3.0,10.2,8.9
2017-07-09,2.6,11.1,10.0
2017-07-10,3.9,1.9,0.0
2017-07-11,8.3,19.2,22.3
2017-07-12,76.3,21.3,25.2
2017-07-13,1.9,10.5,11.4
2017-07-14,2.0,34.3,53.3
2017-07-15,15.1,6.0,4.7
2017-07-16,4.3,0.7,0.0
2017-07-17,0.0,0.1,0.0
2017-07-18,0.0,0.2,0.0
2017-07-19,0.0,0.1,0.0
2017-07-21,0.0,1.6,1.0
2017-07-22,0.0,0.0,0.0
2017-07-23,0.0,0.2,0.0
2017-07-26,0.0,0.5,0.0
2017-07-29,0.0,0.4,0.0
2017-07-31,8.4,0.1,0.0
2017-08-03,0.0,0.0,0.0
2017-08-05,0.0,0.2,0.0
2017-08-07,2.9,6.8,6.5
2017-08-08,1.0,16.0,15.7
2017-08-09,14.7,5.0,4.6
2017-08-10,0.4,3.6,3.2
2017-08-11,0.0,20.4,25.9
2017-08-12,2.6,5.9,5.1
2017-08-13,4.3,27.2,34.2
2017-08-14,6.1,6.7,6.0
2017-08-15,0.6,1.9,1.0
2017-08-17,0.0,8.0,7.2
2017-08-18,0.0,2.9,1.8
2017-08-19,6.7,1.3,0.0
2017-08-20,0.0,0.0,0.0
2017-08-21,0.0,6.9,5.1
2017-08-22,12.6,19.5,17.0
2017-08-25,2.1,14.7,12.8
2017-08-26,0.6,5.1,3.4
2017-08-27,11.4,4.9,3.2
2017-08-28,6.7,3.3,1.5
2017-08-29,25.1,29.2,31.5
2017-08-30,16.8,1.8,0.0
2017-08-31,0.0,0.5,0.0
2017-09-01,0.0,0.7,0.0
2017-09-02,0.0,1.0,0.0
2017-09-03,0.0,0.8,0.0
2017-09-04,0.0,2.2,0.0
2017-09-05,1.0,2.3,0.0
2017-09-06,0.2,6.6,4.3
2017-09-07,24.2,3.2,1.0
2017-09-08,3.7,9.0,6.9
2017-09-09,0.1,3.0,1.0
2017-09-10,1.6,6.2,3.9
2017-09-11,10.2,7.3,5.4
2017-09-12,4.8,1.9,0.0
2017-09-13,0.0,0.6,0.0
2017-09-14,0.0,0.8,0.0
2017-09-15,0.0,1.2,0.0
2017-09-16,0.0,4.8,2.3
2017-09-17,10.5,8.6,7.0
2017-09-19,1.1,4.5,1.9
2017-09-20,40.3,8.7,7.2
2017-09-21,13.9,1.4,0.0
2017-09-22,0.0,1.2,0.0
2017-09-23,0.0,2.1,0.0
2017-09-24,0.0,5.7,4.5
2017-09-25,0.0,2.8,1.0
2017-09-26,0.0,7.8,7.1
2017-09-27,45.6,8.3,8.0
2017-09-28,3.0,4.6,3.1
2017-09-29,1.9,10.8,10.9
2017-09-30,29.1,6.0,4.9
2017-10-01,0.2,17.3,23.1
2017-10-02,2.8,4.1,1.3
2017-10-03,0.0,36.0,61.9
2017-10-04,62.4,13.3,13.7
2017-10-05,3.1,0.8,0.0
2017-10-06,4.3,1.2,0.0
2017-10-07,0.0,8.4,7.1
2017-10-08,3.5,4.7,2.0
2017-10-09,3.1,26.8,42.1
2017-10-10,52.2,4.4,1.6
2017-10-11,14.6,3.8,1.0
2017-10-12,5.1,31.5,64.4
2017-10-13,33.4,1.5,0.0
2017-10-14,0.0,1.0,0.0
2017-10-15,0.0,7.4,5.5
2017-10-16,0.2,10.1,9.8
2017-10-17,1.5,0.0,0.0
2017-10-18,0.0,4.3,1.0
2017-10-19,0.0,8.5,7.3
2017-10-21,0.0,5.7,3.4
2017-10-22,0.0,2.7,1.0
2017-10-23,5.8,7.7,5.9
2017-10-24,12.2,8.6,7.0
2017-10-25,0.0,4.6,2.1
2017-10-26,20.3,5.7,3.5
2017-10-28,2.6,1.4,0.0
2017-10-29,0.0,16.7,17.8
2017-10-31,3.5,31.7,44.1
2017-11-01,3.8,3.3,1.0
2017-11-02,0.4,5.5,3.7
2017-11-03,1.0,4.2,2.0
2017-11-04,0.8,6.6,5.1
2017-11-05,0.5,42.6,56.2
2017-11-06,48.0,11.3,11.0
2017-11-08,14.0,25.8,34.8
2017-11-09,4.3,12.9,13.1
2017-11-10,43.8,12.6,12.8
2017-11-11,10.3,3.4,0.0
2017-11-12,12.2,10.1,7.3
2017-11-13,18.9,4.6,1.0
2017-11-14,3.4,26.6,28.6
2017-11-15,6.5,2.2,0.0
2017-11-17,11.5,4.7,1.1
2017-11-19,0.1,0.9,0.0
2017-11-20,0.7,34.3,38.2
2017-11-21,34.8,24.1,26.4
2017-11-23,1.3,29.9,33.5
2017-11-24,20.4,16.4,13.4
2017-11-26,5.1,54.9,69.0
2017-11-27,33.0,32.8,37.3
2017-11-28,7.0,20.3,17.9
2017-11-29,30.4,10.9,7.0
2017-11-30,1.8,1.4,0.0
2017-12-01,0.0,2.7,0.0
2017-12-02,0.0,4.0,0.0
2017-12-03,0.0,6.9,1.0
2017-12-04,0.0,2.8,0.0
2017-12-07,17.6,20.0,20.6
2017-12-08,0.3,4.7,0.0
2017-12-09,3.7,11.9,6.0
2017-12-10,0.2,3.6,0.0
2017-12-11,0.0,5.0,1.0
2017-12-12,0.0,13.4,8.2
2017-12-13,3.7,20.8,16.7
2017-12-14,5.8,1.4,0.0
2017-12-15,0.0,1.9,0.0
2017-12-16,0.0,1.3,0.0
2017-12-17,0.0,1.8,0.0
2017-12-18,0.0,1.4,0.0
2017-12-19,0.0,3.3,0.0
2017-12-20,10.6,1.5,0.0
2017-12-21,0.3,2.6,0.0
2017-12-22,0.0,12.7,5.5
2017-12-23,6.1,2.8,0.0
2017-12-24,0.0,12.5,5.4
2017-12-26,13.9,14.2,7.3
2017-12-27,9.2,3.2,0.0
2017-12-29,0.0,2.2,0.0
2017-12-31,29.9,51.8,94.0
2018-01-01,39.7,30.6,31.0
2018-01-02,5.5,21.6,13.0
2018-01-03,1.7,25.5,17.2
2018-01-04,2.5,28.5,28.0
2018-01-05,2.6,5.2,0.0
2018-01-07,0.0,6.6,1.0
2018-01-08,1.5,5.9,0.0
2018-01-09,2.0,6.8,1.0
2018-01-10,0.8,74.0,117.1
2018-01-11,37.3,68.0,124.0
2018-01-12,7.6,73.2,127.1
2018-01-13,78.5,100.1,127.5
2018-01-14,19.2,25.8,63.1
2018-01-15,0.6,4.2,0.0
2018-01-16,0.5,3.6,0.0
2018-01-17,0.0,1.9,0.0
2018-01-18,0.0,2.6,0.0
2018-01-19,0.0,4.9,0.0
2018-01-21,18.4,1.6,0.0
2018-01-22,5.3,2.2,0.0
2018-01-23,0.0,3.9,0.0
2018-01-24,4.1,10.0,1.0
2018-01-25,6.7,3.6,0.0
2018-01-26,0.0,4.9,0.0
2018-01-28,0.0,4.0,0.0
2018-01-31,0.0,1.4,0.0
2018-02-02,0.0,21.7,28.3
2018-02-03,10.9,2.0,0.0
2018-02-04,0.9,1.2,0.0
2018-02-06,0.2,0.9,0.0
2018-02-07,0.0,1.0,0.0
2018-02-08,0.5,0.3,0.0
2018-02-09,0.0,1.0,0.0
2018-02-10,0.0,0.4,0.0
2018-02-11,0.0,0.1,0.0
2018-02-12,0.0,0.1,0.0
2018-02-13,0.0,0.3,0.0
2018-02-14,0.0,0.6,0.0
2018-02-15,0.0,0.6,0.0
2018-02-16,0.0,2.2,0.0
2018-02-17,0.0,0.1,0.0
2018-02-18,0.0,0.0,0.0
2018-02-19,0.0,0.1,0.0
2018-02-20,0.0,0.1,0.0
2018-02-21,0.0,0.1,0.0
2018-02-22,0.0,0.5,0.0
2018-02-23,0.0,1.5,0.0
2018-02-25,13.2,5.1,0.0
2018-02-26,1.0,1.3,0.0
2018-02-27,0.0,1.2,0.0
2018-02-28,0.0,0.3,0.0
2018-03-01,0.0,0.0,0.0
2018-03-02,0.0,1.1,0.0
2018-03-03,0.0,1.4,0.0
2018-03-04,4.0,0.2,0.0
2018-03-05,9.1,1.8,0.0
2018-03-07,0.6,17.1,14.6
2018-03-08,32.0,16.0,13.2
2018-03-09,44.1,1.8,0.0
2018-03-10,6.5,4.3,0.0
2018-03-11,12.2,3.8,0.0
2018-03-12,0.8,11.6,8.7
2018-03-13,0.0,0.3,0.0
2018-03-14,0.0,0.6,0.0
2018-03-15,0.0,0.5,0.0
2018-03-16,0.0,0.3,0.0
2018-03-17,0.0,0.4,0.0
2018-03-18,0.0,0.0,0.0
2018-03-19,0.0,0.0,0.0
2018-03-20,0.0,1.1,0.0
2018-03-21,29.2,0.4,0.0
2018-03-22,0.0,2.5,0.0
2018-03-23,2.3,0.0,0.0
2018-03-24,0.0,7.6,6.0
2018-03-25,1.5,12.6,12.4
2018-03-26,0.0,6.4,4.6
2018-03-27,0.0,25.4,34.3
2018-03-28,43.3,3.1,1.0
2018-03-29,0.0,10.0,8.8
2018-03-31,11.0,0.0,0.0
2018-04-01,0.0,0.3,0.0
2018-04-03,0.0,0.2,0.0
2018-04-04,0.0,0.1,0.0
2018-04-05,0.0,0.0,0.0
2018-04-06,2.6,0.2,0.0
2018-04-07,0.0,2.3,0.0
2018-04-09,0.0,0.4,0.0
2018-04-11,0.0,3.0,0.0
2018-04-14,0.0,28.5,44.3
2018-04-15,15.6,29.6,46.2
2018-04-16,108.1,25.1,38.6
2018-04-17,19.9,6.3,3.6
2018-04-18,18.6,1.8,0.0
2018-04-19,0.0,2.6,0.0
2018-04-20,43.0,4.4,1.0
2018-04-21,22.4,6.4,4.4
2018-04-22,35.6,3.7,1.0
2018-04-24,102.0,2.0,0.0
2018-04-25,0.0,2.5,0.0
2018-04-26,0.0,11.2,10.1
2018-04-27,11.8,9.9,8.6
2018-04-28,6.0,1.8,0.0
2018-04-29,6.8,1.5,0.0
2018-04-30,0.0,9.0,7.5
2018-05-01,7.5,12.2,10.7
2018-05-02,0.4,0.1,0.0
2018-05-03,25.4,0.3,0.0
2018-05-04,24.0,0.6,0.0
2018-05-05,1.0,0.4,0.0
2018-05-06,5.7,0.0,0.0
2018-05-08,0.0,0.0,0.0
2018-05-09,0.0,0.1,0.0
2018-05-10,0.0,8.9,6.3
2018-05-11,36.7,1.0,0.0
2018-05-13,0.1,11.2,8.9
2018-05-14,4.4,4.1,1.0
2018-05-15,0.0,16.6,21.5
2018-05-16,29.2,12.7,10.7
2018-05-17,1.3,9.9,7.3
2018-05-18,41.5,8.1,5.1
2018-05-19,8.9,9.6,6.9
2018-05-20,27.8,15.2,14.8
2018-05-21,27.3,11.9,12.4
2018-05-22,14.7,6.0,3.4
2018-05-23,6.2,28.5,50.2
2018-05-24,1.4,7.0,5.0
2018-05-25,0.0,5.5,2.8
2018-05-26,8.7,15.6,25.1
2018-05-27,1.8,14.9,24.4
2018-05-28,14.8,17.6,28.0
2018-05-29,31.8,3.1,0.0
2018-05-30,21.3,5.8,3.1
2018-05-31,4.0,39.1,74.9
2018-06-01,33.3,12.0,9.5
2018-06-02,2.6,9.8,7.1
2018-06-03,0.4,0.0,0.0
2018-06-04,0.0,0.2,0.0
2018-06-05,0.7,0.0,0.0
2018-06-09,0.0,0.0,0.0
2018-06-11,0.0,0.1,0.0
2018-06-13,0.0,1.7,0.0
2018-06-14,3.5,6.8,3.6
2018-06-15,42.4,12.1,8.7
2018-06-16,33.4,1.0,0.0
2018-06-18,0.1,4.0,1.0
2018-06-19,0.5,13.6,10.1
2018-06-20,4.9,14.3,10.9
2018-06-21,0.9,2.7,0.0
2018-06-23,7.6,7.1,5.1
2018-06-24,12.0,21.8,30.8
2018-06-25,14.5,7.0,4.9
2018-06-26,17.3,5.9,3.5
2018-06-27,8.5,18.1,25.2
2018-06-28,20.0,6.6,4.4
2018-06-30,75.4,4.7,1.9
2018-07-02,25.4,4.5,2.2
2018-07-03,0.0,6.0,4.1
2018-07-05,0.3,0.9,0.0
2018-07-06,0.0,0.4,0.0
2018-07-07,0.0,8.7,7.2
2018-07-08,21.7,1.0,0.0
2018-07-09,0.0,0.8,0.0
2018-07-10,0.8,28.3,37.4
2018-07-11,0.5,0.1,0.0
2018-07-12,0.0,0.1,0.0
2018-07-15,0.0,27.0,36.5
2018-07-16,9.4,0.0,0.0
2018-07-17,0.0,0.1,0.0
2018-07-18,0.0,1.5,0.0
2018-07-19,0.0,0.1,0.0
2018-07-20,0.0,0.1,0.0
2018-07-22,16.3,0.5,0.0
2018-07-24,0.0,0.2,0.0
2018-07-25,2.3,0.4,0.0
2018-07-26,0.0,0.0,0.0
2018-07-27,0.0,0.0,0.0
2018-07-28,0.0,0.0,0.0
2018-07-29,0.0,0.4,0.0
2018-07-31,92.5,23.2,27.2
2018-08-01,13.7,30.5,33.1
2018-08-02,12.6,1.6,1.0
2018-08-03,3.4,0.1,0.0
2018-08-04,0.8,0.0,0.0
2018-08-05,4.3,0.2,0.0
2018-08-07,0.7,24.1,24.8
2018-08-09,2.8,2.6,2.0
2018-08-10,0.0,0.0,0.0
2018-08-11,0.0,6.4,5.6
2018-08-13,0.0,0.0,0.0
2018-08-14,0.0,0.0,0.0
2018-08-15,0.0,0.0,0.0
2018-08-17,0.0,0.9,0.0
2018-08-18,6.7,0.0,0.0
2018-08-19,3.5,0.0,0.0
2018-08-20,0.0,0.0,0.0
2018-08-21,0.0,0.0,0.0
2018-08-22,0.0,0.1,0.0
2018-08-23,1.2,0.8,0.0
2018-08-26,0.6,0.0,0.0
2018-08-27,0.0,0.1,0.0
2018-08-28,0.0,17.2,15.1
2018-08-29,17.2,8.7,6.9
2018-08-31,0.0,0.2,0.0
2018-09-01,4.0,0.3,0.0
2018-09-03,2.3,5.7,3.3
2018-09-04,11.0,8.6,6.5
2018-09-05,31.1,0.6,0.0
2018-09-07,0.0,32.5,35.5
2018-09-08,49.8,1.6,0.0
2018-09-10,13.6,14.8,12.9
2018-09-11,46.9,25.4,37.7
2018-09-12,1.8,1.6,0.0
2018-09-13,0.8,0.0,0.0
2018-09-14,0.0,0.0,0.0
2018-09-16,0.0,0.1,0.0
2018-09-17,0.0,1.2,0.0
2018-09-18,0.0,1.0,0.0
2018-09-19,0.1,3.2,1.0
2018-09-20,0.5,15.9,15.7
2018-09-21,73.8,7.7,7.0
2018-09-22,4.0,1.0,0.0
2018-09-23,27.3,0.0,0.0
2018-09-24,0.0,0.5,0.0
2018-09-25,0.0,0.0,0.0
2018-09-26,0.0,0.3,0.0
2018-09-27,0.0,0.0,0.0
2018-09-28,0.0,0.1,0.0
2018-09-29,0.0,0.1,0.0
2018-09-30,0.0,0.1,0.0
2018-10-01,0.0,0.3,0.0
2018-10-02,0.0,2.2,0.0
2018-10-03,0.0,1.1,0.0
2018-10-04,0.0,1.2,0.0
2018-10-05,0.0,0.1,0.0
2018-10-06,0.0,23.4,35.0
2018-10-07,32.6,5.3,2.9
2018-10-08,0.3,17.2,23.5
2018-10-09,1.7,4.2,1.4
2018-10-10,45.2,14.6,15.4
2018-10-11,22.7,13.5,24.2
2018-10-12,69.8,52.1,105.4
2018-10-13,37.0,24.8,50.5
2018-10-14,5.0,21.7,42.3
2018-10-15,8.5,1.9,0.0
2018-10-16,0.0,2.4,0.0
2018-10-17,13.7,4.1,1.0
2018-10-18,0.0,64.6,127.3
2018-10-19,7.8,0.9,0.0
2018-10-20,0.0,0.9,0.0
2018-10-21,0.0,0.5,0.0
2018-10-22,0.0,2.3,0.0
2018-10-23,0.0,3.6,1.0
2018-10-24,37.6,2.2,0.0
2018-10-25,0.0,7.9,6.2
2018-10-27,1.0,4.2,1.7
2018-10-28,37.4,4.0,1.4
2018-10-29,8.9,7.0,5.0
2018-10-30,0.2,38.3,57.5
2018-10-31,1.4,8.7,7.1
2018-11-01,0.8,61.3,69.3
2018-11-02,11.6,32.6,45.7
2018-11-03,4.3,5.6,3.8
2018-11-04,8.9,13.5,13.9
2018-11-06,13.0,11.9,11.8
2018-11-07,0.2,23.9,31.4
2018-11-08,4.8,5.4,3.5
2018-11-09,4.0,31.0,42.9
2018-11-10,54.8,5.6,3.8
2018-11-11,22.5,43.9,49.2
2018-11-12,37.9,54.6,62.8
2018-11-13,30.2,36.8,41.3
2018-11-14,29.8,6.7,3.5
2018-11-16,8.1,1.5,0.0
2018-11-18,1.0,13.2,10.7
2018-11-19,5.5,9.4,6.5
2018-11-20,7.7,15.1,12.9
2018-11-21,4.4,4.4,0.0
2018-11-22,0.3,8.9,4.8
2018-11-23,0.6,12.1,8.4
2018-11-24,4.4,9.3,5.2
2018-11-25,0.5,12.4,8.7
2018-11-26,4.0,11.0,7.1
2018-11-27,19.5,2.4,0.0
2018-11-28,0.0,4.5,0.0
2018-11-29,0.0,9.9,5.8
2018-11-30,0.2,59.2,74.3
2018-12-01,12.1,12.8,7.0
2018-12-02,1.5,17.6,12.4
2018-12-03,12.0,18.1,12.9
2018-12-04,13.3,10.5,4.5
2018-12-05,97.0,7.0,1.1
2018-12-06,5.0,10.1,4.1
2018-12-07,82.9,7.8,1.8
2018-12-08,1.0,10.2,4.3
2018-12-09,0.0,3.3,0.0
2018-12-10,3.4,6.7,1.0
2018-12-11,34.8,23.2,19.5
2018-12-12,9.8,13.5,8.3
2018-12-13,77.1,9.3,3.9
2018-12-14,3.8,20.6,16.5
2018-12-15,0.3,7.2,1.9
2018-12-16,44.7,4.7,0.0
2018-12-18,6.7,3.4,0.0
2018-12-19,0.0,2.8,0.0
2018-12-20,0.0,3.3,0.0
2018-12-21,0.0,1.2,0.0
2018-12-22,0.0,0.8,0.0
2018-12-23,0.0,1.7,0.0
2018-12-24,0.0,1.1,0.0
2018-12-25,0.0,1.2,0.0
2018-12-26,0.4,1.8,0.0
2018-12-27,0.0,9.6,2.4
2018-12-28,1.0,1.8,0.0
2018-12-29,9.8,6.6,1.0
2018-12-30,0.0,1.6,0.0
2018-12-31,0.0,2.0,0.0
2019-01-02,0.0,1.8,0.0
2019-01-03,0.0,0.7,0.0
2019-01-04,0.0,1.6,0.0
2019-01-06,17.2,0.9,0.0
2019-01-07,0.0,2.9,0.0
2019-01-08,0.0,1.2,0.0
2019-01-10,0.0,3.8,0.0
2019-01-12,0.0,0.2,0.0
2019-01-13,0.0,2.1,0.0
2019-01-14,0.0,2.0,0.0
2019-01-16,0.0,3.0,0.0
2019-01-17,0.0,47.8,104.5
2019-01-18,162.2,13.4,8.1
2019-01-19,7.0,4.7,0.0
2019-01-21,0.0,1.7,0.0
2019-01-22,0.0,2.3,0.0
2019-01-23,0.0,1.4,0.0
2019-01-24,0.0,1.0,0.0
2019-01-25,0.0,1.1,0.0
2019-01-26,0.0,1.5,0.0
2019-01-27,0.0,4.8,0.0
2019-01-28,21.6,10.4,1.4
2019-01-29,7.1,2.5,0.0
2019-01-30,0.0,4.4,0.0
2019-01-31,0.0,4.4,0.0
2019-02-02,0.0,2.6,0.0
2019-02-03,0.0,2.8,0.0
2019-02-04,0.0,0.9,0.0
2019-02-05,0.0,0.0,0.0
2019-02-06,0.0,0.1,0.0
2019-02-07,0.0,0.9,0.0
2019-02-08,0.0,1.6,0.0
2019-02-09,0.0,3.3,0.0
2019-02-10,0.0,0.0,0.0
2019-02-11,0.0,0.0,0.0
2019-02-12,0.0,3.1,0.0
2019-02-13,0.0,3.8,0.0
2019-02-14,0.0,4.6,0.0
2019-02-15,0.0,7.0,2.0
2019-02-16,0.0,5.3,0.0
2019-02-17,0.0,6.0,1.8
2019-02-18,4.3,4.8,0.0
2019-02-19,0.2,1.6,0.0
2019-02-20,0.0,0.1,0.0
2019-02-21,0.0,0.4,0.0
2019-02-22,0.0,0.3,0.0
2019-02-23,0.0,2.2,0.0
2019-02-24,0.0,0.6,0.0
2019-02-25,0.0,1.4,0.0
2019-02-26,0.0,3.1,0.0
2019-02-27,7.4,2.7,0.0
2019-02-28,0.4,2.1,0.0
2019-03-01,0.0,0.0,0.0
2019-03-02,0.0,0.8,0.0
2019-03-03,0.0,0.0,0.0
2019-03-04,0.0,0.0,0.0
2019-03-05,0.0,3.4,0.0
2019-03-06,0.0,3.6,0.0
2019-03-08,0.0,0.9,0.0
2019-03-09,0.0,0.8,0.0
2019-03-10,0.0,7.2,2.1
2019-03-11,4.6,11.3,7.9
2019-03-12,4.4,1.6,0.0
2019-03-13,0.0,0.0,0.0
2019-03-14,0.0,0.0,0.0
2019-03-15,0.0,0.0,0.0
2019-03-16,0.0,2.8,0.0
2019-03-17,0.0,0.1,0.0
2019-03-18,0.0,0.0,0.0
2019-03-19,0.0,0.0,0.0
2019-03-20,0.0,0.3,0.0
2019-03-21,0.0,0.2,0.0
2019-03-22,0.0,0.0,0.0
2019-03-23,0.0,2.5,0.0
2019-03-24,0.0,0.8,0.0
2019-03-25,0.0,2.2,0.0
2019-03-26,0.0,1.3,0.0
2019-03-27,0.0,1.6,0.0
2019-03-28,0.0,2.0,0.0
2019-03-29,24.7,3.2,1.0
2019-03-30,0.0,27.4,36.4
2019-03-31,60.6,31.4,40.8
2019-04-01,14.2,14.6,14.8
2019-04-02,0.6,29.7,41.6
2019-04-03,22.5,12.2,12.0
2019-04-05,0.0,0.3,0.0
2019-04-06,0.0,0.0,0.0
2019-04-07,0.0,0.0,0.0
2019-04-08,0.0,0.9,0.0
2019-04-09,0.0,2.6,0.0
2019-04-10,0.0,10.8,10.3
2019-04-11,11.7,19.6,28.9
2019-04-12,28.4,8.1,6.1
2019-04-13,0.4,4.3,1.0
2019-04-14,4.7,19.0,28.4
2019-04-15,65.2,0.6,0.0
2019-04-16,0.0,0.0,0.0
2019-04-17,0.0,0.1,0.0
2019-04-19,0.0,1.7,0.0
2019-04-20,61.4,33.1,51.7
2019-04-21,98.0,0.7,0.0
2019-04-22,0.3,4.2,1.7
2019-04-23,7.7,24.0,35.9
2019-04-24,40.8,3.8,1.1
2019-04-25,12.4,4.7,2.3
2019-04-26,6.0,43.1,60.2
2019-04-27,25.3,8.6,7.1
2019-04-28,2.2,2.4,0.0
2019-04-29,0.0,0.9,0.0
2019-05-01,24.4,1.5,0.0
2019-05-02,0.0,5.6,2.1
2019-05-03,1.3,3.2,0.0
2019-05-04,14.1,10.5,8.4
2019-05-05,55.7,4.8,1.0
2019-05-06,2.4,0.3,0.0
2019-05-07,0.0,10.8,8.8
2019-05-08,1.6,7.6,4.6
2019-05-09,6.6,2.5,0.0
2019-05-10,2.6,0.2,0.0
2019-05-11,0.0,8.0,5.0
2019-05-12,26.7,0.9,0.0
2019-05-13,3.5,7.0,3.8
2019-05-14,1.0,2.0,0.0
2019-05-16,1.7,12.5,10.5
2019-05-18,0.5,22.4,30.1
2019-05-19,2.3,17.7,23.6
2019-05-20,23.7,8.4,5.5
2019-05-21,0.8,9.8,9.1
2019-05-22,0.0,9.9,9.3
2019-05-23,28.4,0.3,0.0
2019-05-25,0.0,0.8,0.0
2019-05-26,0.0,7.6,5.8
2019-05-27,3.7,3.8,1.0
2019-05-28,1.1,3.8,1.0
2019-05-29,0.4,8.7,7.5
2019-05-31,4.2,2.1,0.0
2019-06-01,0.0,17.5,16.8
2019-06-02,33.0,7.8,4.9
2019-06-03,5.4,28.9,37.6
2019-06-04,51.1,5.8,2.6
2019-06-05,1.2,10.6,8.0
2019-06-06,23.9,54.8,72.3
2019-06-07,136.6,33.0,43.9
2019-06-08,12.9,24.0,29.9
2019-06-09,10.7,6.7,3.7
2019-06-10,13.0,1.9,0.0
2019-06-11,0.0,23.0,20.3
2019-06-12,5.6,6.5,3.3
2019-06-13,0.1,26.1,22.4
2019-06-14,1.4,2.9,0.0
2019-06-15,0.0,6.0,2.9
2019-06-16,4.6,3.6,1.0
2019-06-17,4.0,26.5,22.9
2019-06-18,23.7,30.5,28.2
2019-06-19,8.3,6.3,3.1
2019-06-20,20.5,11.1,7.7
2019-06-22,10.0,38.4,56.2
2019-06-23,34.1,2.1,0.0
2019-06-24,0.0,2.2,0.0
2019-06-25,4.2,0.4,0.0
2019-06-26,0.0,1.0,0.0
2019-06-28,0.0,1.5,0.0
2019-06-30,1.6,2.4,0.0
2019-07-01,27.5,0.6,0.0
2019-07-02,0.0,0.8,0.0
2019-07-03,0.0,1.9,0.0
2019-07-06,0.0,0.5,0.0
2019-07-07,0.0,1.0,0.0
2019-07-08,26.0,5.1,2.9
2019-07-09,6.0,11.3,10.3
2019-07-10,32.0,0.0,0.0
2019-07-11,0.0,0.0,0.0
2019-07-12,0.0,0.5,0.0
2019-07-13,0.0,0.0,0.0
2019-07-15,0.0,22.6,28.3
2019-07-16,70.6,0.2,0.0
2019-07-18,0.0,1.0,0.0
2019-07-19,0.0,0.0,0.0
2019-07-20,0.0,0.0,0.0
2019-07-21,0.0,2.9,1.8
2019-07-22,11.6,21.8,26.1
2019-07-23,38.7,1.4,0.0
2019-07-24,0.0,0.6,0.0
2019-07-25,3.2,0.0,0.0
2019-07-26,0.0,0.0,0.0
2019-07-27,0.0,0.0,0.0
2019-07-28,0.0,0.0,0.0
2019-07-29,2.9,0.0,0.0
2019-07-30,0.0,0.0,0.0
2019-07-31,0.0,0.1,0.0
2019-08-01,5.2,0.0,0.0
2019-08-02,0.0,0.0,0.0
2019-08-03,0.0,0.2,0.0
2019-08-04,0.0,0.2,0.0
2019-08-05,0.0,1.1,0.0
2019-08-06,0.0,3.6,3.2
2019-08-07,0.0,3.1,2.6
2019-08-08,0.0,1.2,1.0
2019-08-09,0.0,0.5,0.0
2019-08-10,0.0,0.2,0.0
2019-08-11,0.0,0.0,0.0
2019-08-12,0.0,0.0,0.0
2019-08-13,0.0,0.0,0.0
2019-08-14,0.0,0.0,0.0
2019-08-15,0.0,0.0,0.0
2019-08-16,0.0,0.1,0.0
2019-08-17,0.0,0.0,0.0
2019-08-18,0.0,0.0,0.0
2019-08-19,0.0,0.0,0.0
2019-08-20,0.0,0.0,0.0
2019-08-21,0.0,0.1,0.0
2019-08-22,0.0,0.0,0.0
2019-08-24,0.0,0.4,0.0
2019-08-25,0.0,1.0,0.0
2019-08-26,0.0,7.5,5.7
2019-08-28,56.2,24.0,24.3
2019-08-29,4.6,1.0,0.0
2019-08-30,0.0,0.0,0.0
2019-08-31,0.0,0.0,0.0
2019-09-01,0.0,0.1,0.0
2019-09-02,0.0,1.1,0.0
2019-09-03,0.0,0.0,0.0
2019-09-04,0.0,0.0,0.0
2019-09-05,0.0,0.0,0.0
2019-09-06,0.0,0.0,0.0
2019-09-07,0.0,0.0,0.0
2019-09-08,0.0,0.0,0.0
2019-09-09,0.0,0.0,0.0
2019-09-10,0.0,0.0,0.0
2019-09-11,0.0,0.0,0.0
2019-09-12,0.0,0.0,0.0
2019-09-13,0.0,0.0,0.0
2019-09-14,0.0,0.0,0.0
2019-09-15,0.0,0.0,0.0
2019-09-16,0.0,0.0,0.0
2019-09-17,0.0,0.0,0.0
2019-09-18,0.0,0.0,0.0
2019-09-19,0.0,0.0,0.0
2019-09-20,0.0,0.0,0.0
2019-09-21,0.0,0.0,0.0
2019-09-22,0.0,0.4,0.0
2019-09-23,0.0,5.7,4.5
2019-09-24,5.7,29.9,48.4
2019-09-25,0.7,26.3,42.2
2019-09-26,1.4,1.2,0.0
2019-09-27,0.0,2.9,1.0
2019-09-30,0.0,5.2,3.9
2019-10-01,14.8,1.6,0.0
2019-10-03,2.5,11.9,11.9
2019-10-04,1.5,1.5,0.0
2019-10-05,3.3,3.1,0.0
2019-10-06,2.9,1.9,0.0
2019-10-07,0.0,19.4,26.8
2019-10-08,11.5,1.8,0.0
2019-10-09,1.1,0.8,0.0
2019-10-10,0.0,0.0,0.0
2019-10-11,15.5,0.0,0.0
2019-10-12,0.0,0.3,0.0
2019-10-13,6.7,3.0,0.0
2019-10-14,27.7,2.8,0.0
2019-10-15,0.0,10.2,10.0
2019-10-16,4.2,1.4,0.0
2019-10-17,6.9,5.7,3.0
2019-10-18,11.1,7.0,4.9
2019-10-19,0.8,2.7,0.0
2019-10-20,0.0,2.5,0.0
2019-10-21,4.0,7.0,5.1
2019-10-22,0.2,44.9,71.7
2019-10-23,18.1,4.5,2.0
2019-10-25,0.7,2.1,0.0
2019-10-26,0.0,15.8,16.4
2019-10-27,19.2,5.2,2.8
2019-10-28,0.2,8.1,6.4
2019-10-29,3.0,1.0,0.0
2019-10-30,0.0,3.8,1.2
2019-10-31,1.4,1.4,0.0
2019-11-01,0.1,8.5,7.5
2019-11-02,0.0,0.8,0.0
2019-11-03,18.0,3.3,1.0
2019-11-04,18.6,3.1,1.0
2019-11-05,0.0,6.3,4.7
2019-11-06,0.0,0.3,0.0
2019-11-07,0.0,0.5,0.0
2019-11-08,0.0,20.3,22.5
2019-11-09,25.6,0.6,0.0
2019-11-10,0.0,0.3,0.0
2019-11-11,0.0,1.2,0.0
2019-11-12,0.0,5.7,2.4
2019-11-13,14.0,23.6,24.8
2019-11-14,15.0,22.1,23.5
2019-11-15,19.0,12.1,9.5
2019-11-16,2.9,1.8,0.0
2019-11-18,0.0,3.6,0.0
2019-11-19,0.1,6.1,2.8
2019-11-20,0.0,16.6,14.5
2019-11-21,1.7,7.2,2.9
2019-11-22,4.8,10.8,6.9
2019-11-23,34.6,26.7,30.4
2019-11-24,3.2,12.5,8.8
2019-11-25,51.0,2.5,0.0
2019-11-26,1.4,2.1,0.0
2019-11-27,0.0,8.4,4.2
2019-11-28,45.1,3.7,0.0
2019-11-29,0.0,3.0,0.0
2019-11-30,19.1,3.0,0.0
2019-12-01,22.4,5.0,0.0
2019-12-03,9.0,29.4,37.6
2019-12-04,0.7,2.7,0.0
2019-12-07,0.0,38.2,54.5
2019-12-08,34.5,29.7,39.0
2019-12-09,7.2,59.5,97.0
2019-12-10,53.0,52.1,81.8
2019-12-11,59.8,61.5,93.6
2019-12-12,9.6,20.3,16.2
2019-12-13,11.6,79.8,159.8
2019-12-14,40.8,108.0,218.9
2019-12-15,18.1,13.4,8.2
2019-12-16,0.4,36.9,41.0
2019-12-17,6.8,17.6,13.0
2019-12-18,2.6,5.2,1.0
2019-12-20,0.4,4.6,0.0
2019-12-21,1.0,4.6,0.0
2019-12-22,28.7,3.5,0.0
2019-12-23,0.0,3.8,0.0
2019-12-24,0.0,2.6,0.0
2019-12-25,0.0,2.5,0.0
2019-12-26,0.0,1.8,0.0
2019-12-27,0.0,0.8,0.0
2019-12-28,0.0,2.5,0.0
2019-12-29,1.3,3.0,0.0
2019-12-30,0.0,4.0,0.0
2019-12-31,0.0,3.3,0.0
2020-01-01,0.0,3.9,0.0
2020-01-02,0.0,6.0,1.0
2020-01-03,0.1,2.4,0.0
2020-01-04,2.0,2.8,0.0
2020-01-05,3.2,0.4,0.0
2020-01-06,0.0,14.0,5.5
2020-01-07,7.4,15.2,6.5
2020-01-08,3.5,9.5,1.8
2020-01-09,6.3,7.3,1.0
2020-01-10,0.8,6.8,1.0
2020-01-11,0.3,2.6,0.0
2020-01-12,0.0,1.6,0.0
2020-01-13,0.0,0.7,0.0
2020-01-14,0.0,2.4,0.0
2020-01-15,0.8,8.3,2.3
2020-01-16,8.3,21.4,50.4
2020-01-17,10.8,2.6,0.0
2020-01-18,0.0,1.4,0.0
2020-01-19,0.0,5.9,1.0
2020-01-20,0.1,6.2,1.0
2020-01-21,2.0,4.5,0.0
2020-01-22,0.8,6.2,0.0
2020-01-23,0.0,2.1,0.0
2020-01-24,0.0,1.2,0.0
2020-01-25,0.0,2.2,0.0
2020-01-27,0.4,5.2,0.0
2020-01-29,0.0,2.2,0.0
2020-01-30,1.0,2.3,0.0
2020-02-01,0.0,3.1,0.0
2020-02-02,0.4,3.0,0.0
2020-02-03,0.0,0.1,0.0
2020-02-04,0.0,1.4,0.0
2020-02-05,0.0,3.0,0.0
2020-02-06,0.0,5.4,0.0
2020-02-07,0.0,0.9,0.0
2020-02-08,0.0,3.7,0.0
2020-02-09,2.8,38.0,63.2
2020-02-10,23.8,3.3,0.0
2020-02-11,0.0,4.5,0.0
2020-02-12,0.2,4.9,0.0
2020-02-13,0.0,2.1,0.0
2020-02-14,0.0,0.3,0.0
2020-02-15,0.0,1.7,0.0
2020-02-16,0.0,4.3,0.0
2020-02-17,19.5,1.2,0.0
2020-02-18,0.0,4.2,0.0
2020-02-19,0.0,3.4,0.0
2020-02-21,3.5,1.2,0.0
2020-02-22,4.3,2.8,0.0
2020-02-23,1.9,4.0,0.0
2020-02-24,1.1,6.9,19.1
2020-02-25,6.2,1.4,0.0
2020-02-26,0.4,1.9,0.0
2020-02-27,0.0,2.8,0.0
2020-02-28,0.0,1.1,0.0
2020-02-29,0.0,0.6,0.0
2020-03-01,0.0,0.5,0.0
2020-03-02,0.0,0.0,0.0
2020-03-04,0.0,8.8,4.0
2020-03-05,0.0,33.1,53.6
2020-03-06,5.4,16.1,13.1
2020-03-08,0.0,7.0,2.0
2020-03-09,0.0,5.6,1.0
2020-03-10,0.0,0.1,0.0
2020-03-12,0.0,0.0,0.0
2020-03-13,0.0,1.1,0.0
2020-03-14,0.0,2.5,0.0
2020-03-15,0.0,8.0,4.2
2020-03-16,0.2,6.1,2.1
2020-03-17,0.0,6.0,2.0
2020-03-18,0.0,0.1,0.0
2020-03-20,0.0,5.7,1.7
2020-03-21,11.8,55.1,59.1
2020-03-22,73.3,3.0,1.0
2020-03-23,0.0,6.5,4.8
2020-03-24,29.8,0.7,0.0
2020-03-25,0.0,0.6,0.0
2020-03-26,0.0,4.4,2.2
2020-03-28,0.0,0.0,0.0
2020-03-29,0.0,0.0,0.0
2020-03-30,0.0,0.0,0.0
2020-03-31,0.0,0.0,0.0
2020-04-01,0.0,0.5,0.0
2020-04-03,0.2,2.8,0.0
2020-04-04,1.4,1.6,0.0
2020-04-05,6.0,4.5,2.1
2020-04-06,2.4,35.8,49.5
2020-04-07,37.7,15.0,19.3
2020-04-08,0.8,6.6,4.8
2020-04-09,59.5,0.3,0.0
2020-04-11,4.4,13.3,13.6
2020-04-12,19.0,6.2,3.4
2020-04-13,1.7,1.3,0.0
2020-04-14,0.0,0.0,0.0
2020-04-18,0.0,3.2,0.0
2020-04-19,0.0,1.2,0.0
2020-04-20,12.4,0.3,0.0
2020-04-21,0.0,14.2,14.0
2020-04-22,3.2,2.2,0.0
2020-04-24,2.0,15.4,20.9
2020-04-25,14.5,13.6,12.9
2020-04-26,12.9,10.4,9.2
2020-04-27,0.0,54.6,71.5
2020-04-28,41.1,25.9,39.0
2020-04-29,1.8,36.8,53.3
2020-04-30,2.2,23.9,35.9
2020-05-02,30.7,33.7,46.7
2020-05-03,0.5,11.8,10.1
2020-05-04,1.7,4.8,1.0
2020-05-05,1.0,2.2,0.0
2020-05-06,0.3,5.9,2.4
2020-05-08,3.3,4.0,0.0
2020-05-11,11.2,3.1,0.0
2020-05-12,3.6,11.7,9.5
2020-05-13,25.8,8.6,5.8
2020-05-14,24.0,1.8,0.0
2020-05-15,2.6,3.2,0.0
2020-05-16,0.2,1.6,0.0
2020-05-17,1.5,5.2,1.7
2020-05-18,44.3,2.8,0.0
2020-05-19,0.0,0.6,0.0
2020-05-20,1.7,1.9,0.0
2020-05-21,15.6,7.5,5.6
2020-05-22,42.2,50.4,106.2
2020-05-23,86.2,9.3,8.3
2020-05-24,1.4,2.3,0.0
2020-05-26,0.0,3.3,0.0
2020-05-27,4.1,14.6,16.9
2020-05-28,0.7,2.0,0.0
2020-05-29,0.0,3.2,0.0
2020-05-30,2.9,1.8,0.0
2020-05-31,0.6,2.3,0.0
2020-06-01,57.7,14.9,12.8
2020-06-02,1.2,3.4,0.0
2020-06-03,26.2,1.5,0.0
2020-06-04,11.7,7.2,4.2
2020-06-05,8.6,27.1,34.9
2020-06-06,9.8,1.8,0.0
2020-06-07,0.4,0.5,0.0
2020-06-08,0.0,0.4,0.0
2020-06-09,2.5,0.2,0.0
2020-06-11,16.7,3.3,1.0
2020-06-12,8.8,20.6,17.1
2020-06-13,11.9,73.9,93.9
2020-06-14,153.8,1.4,0.0
2020-06-15,10.6,0.3,0.0
2020-06-16,0.0,16.6,13.1
2020-06-17,14.5,11.0,7.6
2020-06-18,5.5,10.9,7.5
2020-06-19,16.3,18.3,14.6
2020-06-20,0.9,31.3,30.7
2020-06-21,23.4,51.4,78.2
2020-06-22,64.3,24.4,34.8
2020-06-23,16.5,27.2,39.7
2020-06-24,29.4,26.0,36.3
2020-06-25,25.5,13.7,13.9
2020-06-26,14.6,1.0,0.0
2020-06-27,0.0,6.3,4.0
2020-06-28,0.2,4.1,1.1
2020-07-01,2.0,4.7,2.5
2020-07-02,0.2,0.9,0.0
2020-07-04,0.0,1.6,0.0
2020-07-05,0.0,0.2,0.0
2020-07-06,0.0,0.4,0.0
2020-07-07,0.0,13.0,13.1
2020-07-08,26.0,16.6,22.4
2020-07-09,10.9,27.1,35.7
2020-07-10,11.8,3.4,1.0
2020-07-11,12.8,10.8,11.9
2020-07-12,6.7,2.8,1.0
2020-07-13,3.5,18.8,22.2
2020-07-14,34.0,7.6,7.2
2020-07-15,0.2,1.0,0.0
2020-07-16,13.3,1.0,0.0
2020-07-17,52.8,0.3,0.0
2020-07-18,0.0,8.8,8.9
2020-07-19,1.7,1.0,0.0
2020-07-20,1.0,5.6,4.2
2020-07-21,0.8,1.0,0.0
2020-07-22,2.0,9.3,9.7
2020-07-23,0.6,3.2,2.1
2020-07-24,0.0,12.3,14.0
2020-07-25,29.0,23.5,27.3
2020-07-26,59.0,26.0,30.7
2020-07-27,26.7,11.5,13.0
2020-07-28,1.3,22.9,26.7
2020-07-29,0.7,41.3,57.0
2020-07-30,57.5,0.8,0.0
2020-07-31,0.0,0.0,0.0
2020-08-01,0.0,0.7,0.0
2020-08-02,3.6,0.0,0.0
2020-08-04,0.0,16.3,18.0
2020-08-05,45.7,5.0,4.6
2020-08-06,0.0,1.4,1.0
2020-08-07,0.0,0.0,0.0
2020-08-08,0.0,0.8,0.0
2020-08-13,19.0,2.3,1.2
2020-08-14,0.5,19.2,23.5
2020-08-15,2.9,4.0,3.1
2020-08-16,0.8,14.2,13.2
2020-08-17,3.8,5.0,4.1
2020-08-19,1.0,6.8,6.1
2020-08-20,3.1,2.4,1.3
2020-08-22,0.0,2.4,1.0
2020-08-23,41.3,24.2,24.6
2020-08-24,30.5,0.8,0.0
2020-08-25,0.0,13.0,11.1
2020-08-26,2.5,14.9,13.0
2020-08-27,7.1,3.2,1.4
2020-08-28,75.0,1.0,0.0
2020-08-29,0.0,2.3,1.0
2020-08-30,0.2,0.5,0.0
2020-08-31,1.9,0.8,0.0
2020-09-01,0.0,3.2,1.0
2020-09-02,0.0,9.1,7.0
2020-09-03,18.6,9.2,7.1
2020-09-04,0.6,10.6,8.6
2020-09-05,29.8,92.9,76.8
2020-09-06,40.5,3.7,1.0
2020-09-07,17.9,4.0,1.3
2020-09-09,6.7,46.9,51.4
2020-09-10,20.4,9.6,7.6
2020-09-11,0.0,29.5,45.2
2020-09-12,28.5,16.8,16.8
2020-09-13,1.2,66.0,60.7
2020-09-14,21.4,73.2,60.8
2020-09-29,24.0,25.2,39.0
2020-09-30,1.0,3.8,2.2
2020-10-01,2.8,8.0,6.6
2020-10-03,9.7,2.9,0.0
2020-10-04,0.8,19.8,27.5
2020-10-06,0.0,0.8,0.0
2020-10-08,6.2,25.5,40.1
2020-10-09,17.5,21.0,30.2
2020-10-10,9.2,26.5,41.1
2020-10-11,66.8,8.6,7.4
2020-10-12,0.8,3.3,0.0
2020-10-16,2.2,0.3,0.0
2020-10-17,0.0,4.1,1.0
2020-10-18,3.0,1.3,0.0
2020-10-19,8.5,5.4,2.6
2020-10-22,53.4,1.9,0.0
2020-10-24,7.9,10.5,9.4
2020-10-25,5.9,3.1,1.0
2020-10-26,0.0,12.8,12.4
2020-10-27,1.6,0.2,0.0
2020-10-29,9.5,15.4,15.8
2020-10-30,5.2,0.3,0.0
2020-10-31,6.0,0.9,0.0
2020-11-01,9.6,1.1,0.0
2020-11-02,0.0,14.0,14.5
2020-11-03,0.5,18.5,20.2
2020-11-04,25.0,6.2,4.6
2020-11-05,3.2,4.2,2.0
2020-11-06,0.0,1.1,0.0
2020-11-08,83.0,4.3,2.1
2020-11-09,0.0,8.2,7.1
2020-11-10,3.7,2.4,0.0
2020-11-12,0.0,0.6,0.0
2020-11-14,0.0,14.4,12.1
2020-11-15,25.8,17.5,15.5
2020-11-16,37.4,5.3,1.8
2020-11-17,5.3,30.6,33.6
2020-11-18,22.3,8.5,5.5
2020-11-19,60.5,6.2,2.9
2020-11-20,61.4,11.0,8.3
2020-11-21,35.8,28.8,32.5
2020-11-22,14.3,31.3,35.3
2020-11-23,29.4,20.0,17.6
2020-11-24,25.2,16.0,12.8
2020-11-25,21.2,31.9,36.3
2020-11-26,45.1,25.6,28.7
2020-11-27,2.7,23.0,25.7
2020-11-28,0.5,13.5,10.0
2020-11-30,0.0,12.8,9.1
2020-12-01,14.5,1.3,0.0
2020-12-03,0.0,23.1,26.1
2020-12-04,61.2,5.8,1.0
2020-12-05,0.2,8.5,2.5
2020-12-06,1.0,2.8,0.0
2020-12-08,0.0,2.8,0.0
2020-12-09,0.0,2.1,0.0
2020-12-10,0.0,2.2,0.0
2020-12-11,4.1,10.9,5.6
2020-12-13,13.2,5.4,1.0
2020-12-15,0.1,13.2,8.1
2020-12-16,16.2,35.0,38.6
2020-12-17,22.2,21.3,17.3
2020-12-19,4.1,10.1,4.7
2020-12-20,0.0,6.7,1.4
2020-12-21,0.1,3.9,0.0
2020-12-23,0.0,2.0,0.0
2020-12-24,32.5,10.7,3.5
2020-12-25,0.4,6.1,0.0
2020-12-29,0.3,9.4,2.1
2020-12-30,7.2,0.3,0.0
2021-01-01,5.2,130.7,299.6
2021-01-02,282.6,97.7,203.0
2021-01-03,201.4,16.5,7.9
2021-01-04,3.7,25.1,16.4
2021-01-06,0.2,3.8,0.0
2021-01-07,4.0,68.0,100.4
2021-01-08,57.6,12.6,4.2
2021-01-09,28.9,118.0,299.7
2021-01-10,275.0,149.4,299.7
2021-01-11,48.2,18.0,39.3
2021-01-12,21.1,6.3,1.0
2021-01-13,2.0,7.2,1.2
2021-01-14,1.5,14.0,9.3
2021-01-17,0.0,2.8,0.0
2021-01-18,0.0,0.9,0.0
2021-01-19,0.0,0.9,0.0
2021-01-20,0.0,2.1,0.0
2021-01-21,0.0,0.8,0.0
2021-01-22,0.0,1.1,0.0
2021-01-23,0.0,1.3,0.0
2021-01-25,0.0,1.4,0.0
2021-01-26,0.0,0.5,0.0
2021-01-27,0.0,4.1,0.0
2021-01-28,0.0,1.2,0.0
2021-01-29,0.7,1.4,0.0
2021-01-30,0.0,0.6,0.0
2021-02-01,0.0,5.4,0.0
2021-02-02,3.1,0.3,0.0
2021-02-03,0.0,2.4,0.0
2021-02-04,0.0,0.1,0.0
2021-02-05,0.0,0.2,0.0
2021-02-06,0.0,0.2,0.0
2021-02-07,0.0,0.2,0.0
2021-02-08,0.0,0.4,0.0
2021-02-09,0.0,1.7,0.0
2021-02-10,0.0,0.5,0.0
2021-02-11,0.0,0.5,0.0
2021-02-12,0.0,1.2,0.0
2021-02-13,0.0,0.3,0.0
2021-02-14,0.0,0.1,0.0
2021-02-16,0.0,0.0,0.0
2021-02-17,0.0,0.0,0.0
2021-02-18,0.0,0.3,0.0
2021-02-19,0.0,0.0,0.0
2021-02-20,0.0,0.0,0.0
2021-02-21,0.8,0.0,0.0
2021-02-22,0.0,0.2,0.0
2021-02-23,0.0,0.4,0.0
2021-02-24,0.0,0.3,0.0
2021-02-25,0.0,0.3,0.0
2021-02-26,0.0,0.0,0.0
2021-02-27,0.0,0.0,0.0
2021-03-01,0.0,0.0,0.0
2021-03-03,0.0,0.1,0.0
2021-03-04,0.0,0.4,0.0
2021-03-05,0.0,0.4,0.0
2021-03-06,0.0,0.8,0.0
2021-03-07,0.0,12.1,8.7
2021-03-08,26.8,0.0,0.0
2021-03-09,0.0,0.0,0.0
2021-03-10,0.0,0.0,0.0
2021-03-13,0.0,4.8,1.0
2021-03-14,1.0,12.2,9.2
2021-03-15,28.8,1.5,0.0
2021-03-16,0.0,4.3,1.0
2021-03-17,14.8,4.7,1.0
2021-03-18,29.0,4.1,1.0
2021-03-19,2.0,4.4,1.0
2021-03-20,0.2,2.1,0.0
2021-03-21,0.0,0.2,0.0
2021-03-22,0.0,13.7,12.9
2021-03-23,4.0,3.4,1.0
2021-03-25,1.4,35.4,44.1
2021-03-26,8.4,3.9,1.7
2021-03-27,0.0,4.8,2.7
2021-03-28,10.6,3.1,1.0
2021-03-29,3.6,4.0,1.7
2021-03-30,41.2,35.5,43.9
2021-03-31,16.7,2.5,0.0
2021-04-03,6.4,9.9,9.0
2021-04-04,20.0,2.5,0.0
2021-04-05,8.7,22.5,31.4
2021-04-06,18.1,1.5,0.0
2021-04-07,0.9,0.7,0.0
2021-04-08,3.6,2.5,0.0
2021-04-09,0.1,1.8,0.0
2021-04-10,0.0,0.2,0.0
2021-04-12,14.0,1.2,0.0
2021-04-14,57.7,1.3,0.0
2021-04-15,8.2,14.7,15.6
2021-04-16,14.0,6.9,4.4
2021-04-17,0.0,60.6,93.6
2021-04-18,146.2,1.1,0.0
2021-04-21,0.0,3.4,1.0
2021-04-23,0.5,1.7,0.0
2021-04-24,0.0,57.1,72.6
2021-04-25,41.7,2.5,0.0
2021-04-26,0.0,2.5,0.0
2021-04-27,17.4,16.3,22.7
2021-04-28,21.1,0.8,0.0
2021-04-29,0.2,4.5,2.0
2021-04-30,4.0,2.2,0.0
2021-05-01,55.2,1.6,0.0
2021-05-03,0.4,2.6,0.0
2021-05-04,0.0,9.5,7.1
2021-05-05,0.0,19.4,24.0
2021-05-06,12.0,10.1,7.9
2021-05-07,1.0,6.8,3.6
2021-05-08,0.5,57.7,94.7
2021-05-09,4.8,5.9,2.4
2021-05-10,18.0,4.1,0.0
2021-05-11,0.0,9.0,6.2
2021-05-12,2.0,35.6,50.2
2021-05-14,28.5,11.4,9.2
2021-05-15,48.1,9.7,7.1
2021-05-16,1.0,18.2,23.6
2021-05-17,10.0,27.4,37.7
2021-05-18,2.4,30.8,43.1
2021-05-19,11.2,11.7,9.6
2021-05-21,0.0,31.2,55.5
2021-05-22,64.6,4.6,1.5
2021-05-23,0.0,1.7,0.0
2021-05-24,0.0,1.5,0.0
2021-05-25,0.0,1.6,0.0
2021-05-26,0.0,6.1,3.6
2021-05-29,0.1,22.2,36.4
2021-05-30,1.7,11.4,11.5
2021-05-31,10.9,7.0,4.9
2021-06-01,0.0,8.2,5.3
2021-06-02,8.4,2.5,0.0
2021-06-03,1.0,3.3,0.0
2021-06-04,6.9,1.0,0.0
2021-06-05,1.8,0.0,0.0
2021-06-06,0.0,0.3,0.0
2021-06-07,0.0,1.6,0.0
2021-06-10,0.2,6.3,3.2
2021-06-11,10.0,4.2,1.1
2021-06-12,0.0,18.6,14.8
2021-06-13,10.0,11.3,8.0
2021-06-14,3.0,6.6,3.4
2021-06-15,9.6,22.6,18.7
2021-06-16,20.4,3.5,1.0
2021-06-17,12.9,7.3,4.1
2021-06-18,2.0,58.0,72.9
2021-06-19,16.6,2.3,0.0
2021-06-20,83.0,1.3,0.0
2021-06-21,1.6,0.0,0.0
2021-06-22,0.0,20.4,28.2
2021-06-23,2.8,0.9,0.0
2021-06-24,2.6,9.8,8.7
2021-06-28,10.9,6.6,4.5
2021-06-29,0.0,6.4,4.2
2021-06-30,26.1,1.0,0.0
2021-07-01,0.0,1.0,0.0
2021-07-02,0.0,23.0,30.2
2021-07-03,4.4,33.4,42.9
2021-07-04,14.7,31.2,41.0
2021-07-05,6.2,11.7,12.3
2021-07-06,18.3,16.7,21.5
2021-07-07,11.5,0.8,0.0
2021-07-08,22.3,1.5,0.0
2021-07-09,4.3,2.4,0.0
2021-07-10,0.2,37.6,48.8
2021-07-11,31.6,19.4,22.8
2021-07-12,10.0,9.5,10.0
2021-07-13,5.4,52.8,102.2
2021-07-14,4.0,13.2,15.4
2021-07-15,0.0,0.2,0.0
2021-07-16,0.0,0.1,0.0
2021-07-17,0.0,0.0,0.0
2021-07-19,0.0,3.9,1.7
2021-07-20,26.5,0.0,0.0
2021-07-22,0.0,0.5,0.0
2021-07-24,5.4,0.2,0.0
2021-07-25,0.0,0.0,0.0
2021-07-27,0.2,0.1,0.0
2021-07-29,0.0,0.0,0.0
2021-07-30,0.0,0.3,0.0
2021-08-01,0.0,0.1,0.0
2021-08-02,5.3,0.1,0.0
2021-08-03,0.0,0.9,0.0
2021-08-04,0.0,25.7,27.0
2021-08-05,63.5,1.2,1.0
2021-08-06,0.0,0.2,0.0
2021-08-08,35.8,23.5,24.7
2021-08-09,77.8,0.7,0.0
2021-08-10,0.0,0.2,0.0
2021-08-11,1.5,1.0,0.0
2021-08-12,18.4,3.3,2.4
2021-08-13,0.8,3.4,2.5
2021-08-14,19.5,3.8,2.9
2021-08-15,9.0,9.2,8.4
2021-08-16,7.6,5.3,4.4
2021-08-17,16.8,29.4,36.7
2021-08-18,7.3,26.6,33.5
2021-08-19,7.4,2.9,1.9
2021-08-20,2.3,39.8,48.1
2021-08-21,2.8,22.3,22.0
2021-08-22,2.3,30.4,32.9
2021-08-23,40.3,14.4,12.4
2021-08-24,10.4,45.5,48.2
2021-08-25,74.4,12.3,10.5
2021-08-26,2.8,2.9,1.0
2021-08-27,17.6,10.3,8.5
2021-08-28,19.7,0.7,0.0
2021-08-29,0.2,18.9,16.5
2021-08-30,2.7,20.4,17.8
2021-08-31,35.4,34.1,37.5
2021-09-01,17.3,42.6,46.3
2021-09-02,92.7,29.9,32.8
2021-09-03,11.9,0.5,0.0
2021-09-04,0.0,0.5,0.0
2021-09-05,0.0,0.4,0.0
2021-09-07,2.3,6.4,4.1
2021-09-08,1.9,4.6,2.1
2021-09-09,0.0,1.5,0.0
2021-09-10,1.8,3.4,1.0
2021-09-11,3.0,3.7,1.0
2021-09-12,0.0,6.7,4.7
2021-09-13,1.2,40.8,56.4
2021-09-14,10.3,17.6,17.3
2021-09-15,0.0,0.0,0.0
2021-09-17,0.0,0.1,0.0
2021-09-18,0.0,2.8,0.0
2021-09-19,4.2,18.4,21.5
2021-09-20,38.0,0.0,0.0
2021-09-23,0.0,1.2,0.0
2021-09-25,16.2,7.4,6.7
2021-09-26,15.0,3.1,1.3
2021-09-27,0.4,25.9,40.3
2021-09-28,172.7,2.0,0.0
2021-09-29,6.1,3.5,1.8
2021-09-30,0.0,52.9,112.0
2021-10-01,15.0,7.4,5.7
2021-10-02,7.7,5.9,3.7
2021-10-04,0.8,0.8,0.0
2021-10-05,0.0,3.3,1.0
2021-10-06,5.7,0.5,0.0
2021-10-08,8.1,0.9,0.0
2021-10-09,0.0,2.5,0.0
2021-10-10,0.0,18.7,26.0
2021-10-11,4.6,0.9,0.0
2021-10-12,0.0,1.4,0.0
2021-10-13,0.0,0.3,0.0
2021-10-14,0.0,2.4,0.0
2021-10-15,0.0,2.3,0.0
2021-10-17,1.0,9.3,8.6
2021-10-18,10.9,5.8,3.1
2021-10-19,7.6,10.8,11.1
2021-10-20,12.3,22.6,44.7
2021-10-21,17.8,5.1,2.7
2021-10-22,0.0,6.2,4.0
2021-10-23,43.6,3.1,1.0
2021-10-24,11.1,2.7,1.0
2021-10-25,9.7,7.9,6.1
2021-10-26,0.2,0.6,0.0
2021-10-27,47.3,2.8,1.0
2021-10-28,0.0,30.7,42.6
2021-10-29,24.3,1.7,0.0
2021-10-30,0.0,4.2,1.7
2021-10-31,0.0,11.2,10.3
2021-11-01,3.2,14.0,14.5
2021-11-02,75.2,38.7,52.6
2021-11-03,74.0,15.3,16.1
2021-11-04,1.0,4.4,2.3
2021-11-05,6.0,28.1,38.9
2021-11-06,2.3,3.4,1.0
2021-11-07,0.0,22.2,28.3
2021-11-08,68.8,23.0,29.5
2021-11-09,5.8,18.5,20.3
2021-11-10,5.1,31.4,43.9
2021-11-11,42.3,6.7,3.5
2021-11-12,4.2,5.2,1.7
2021-11-13,1.5,24.5,26.3
2021-11-14,1.5,4.9,1.4
2021-11-15,0.3,7.2,4.0
2021-11-16,28.5,0.8,0.0
2021-11-17,3.0,20.9,19.3
2021-11-18,2.6,8.7,5.7
2021-11-19,2.7,34.5,37.9
2021-11-20,14.0,11.8,9.1
2021-11-21,0.2,7.4,3.1
2021-11-22,0.3,4.5,0.0
2021-11-23,3.2,36.0,40.8
2021-11-24,41.2,25.8,28.4
2021-11-25,2.8,3.0,0.0
2021-11-26,1.0,10.7,6.8
2021-11-27,5.4,8.1,3.8
2021-11-28,12.0,0.7,0.0
2021-11-29,0.0,0.3,0.0
2021-11-30,0.0,0.9,0.0
2021-12-01,0.3,16.6,11.2
2021-12-03,31.4,5.2,0.0
2021-12-04,0.0,9.4,3.4
2021-12-05,2.4,4.7,0.0
2021-12-06,3.6,3.2,0.0
2021-12-07,0.0,3.9,0.0
2021-12-08,0.0,2.0,0.0
2021-12-09,0.2,1.8,0.0
2021-12-11,32.1,25.8,26.3
2021-12-12,17.4,23.1,19.4
2021-12-13,8.2,6.5,1.3
2021-12-14,22.2,8.6,3.2
2021-12-16,0.2,4.0,0.0
2021-12-18,16.1,52.5,70.8
2021-12-19,8.8,6.4,1.1
2021-12-21,0.0,1.4,0.0
2021-12-22,0.0,9.5,2.2
2021-12-23,33.4,27.1,43.1
2021-12-24,9.1,3.2,0.0
2021-12-25,1.2,0.4,0.0
2021-12-26,1.4,0.0,0.0
2021-12-27,0.1,0.0,0.0
2021-12-29,0.0,0.9,0.0
2021-12-31,3.6,71.3,133.7
