date,gauge,imergl,lseqmdl
2001-01-01,4.0,44.1,99.3
2001-01-02,106.0,6.9,4.6
2001-01-03,23.0,8.4,7.4
2001-01-04,40.0,3.2,0.0
2001-01-06,2.0,0.6,0.0
2001-01-07,1.0,4.6,1.0
2001-01-09,4.0,2.2,0.0
2001-01-12,1.0,3.0,0.0
2001-01-13,13.0,0.2,0.0
2001-01-16,1.0,4.2,0.0
2001-01-17,0.0,6.9,3.8
2001-01-18,37.0,2.7,0.0
2001-01-19,44.0,0.6,0.0
2001-01-21,1.0,0.2,0.0
2001-01-23,1.0,1.8,0.0
2001-01-25,13.0,15.6,20.3
2001-01-26,10.0,39.8,101.7
2001-01-27,9.0,11.2,11.5
2001-01-28,5.0,5.7,1.5
2001-01-29,9.0,6.7,3.1
2001-01-30,8.0,21.6,40.8
2001-01-31,46.0,10.3,9.7
2001-02-01,8.0,0.4,0.0
2001-02-05,3.0,11.0,8.5
2001-02-06,40.0,62.7,149.5
2001-02-07,28.0,71.8,148.3
2001-02-08,127.0,1.7,0.0
2001-02-09,3.0,9.5,6.1
2001-02-10,32.0,0.2,0.0
2001-02-14,2.0,0.0,0.0
2001-02-18,24.0,0.0,0.0
2001-02-19,4.0,0.1,0.0
2001-02-20,0.0,0.0,0.0
2001-02-22,7.0,0.0,0.0
2001-02-23,0.0,15.6,20.6
2001-02-24,8.0,1.1,0.0
2001-02-25,4.0,0.7,0.0
2001-02-26,2.0,29.8,62.6
2001-02-27,32.0,7.2,4.9
2001-02-28,44.0,6.0,2.9
2001-03-01,1.0,0.0,0.0
2001-03-04,14.0,29.3,81.6
2001-03-05,81.0,0.9,0.0
2001-03-06,20.0,5.7,2.5
2001-03-07,6.0,9.8,10.5
2001-03-08,20.0,17.7,30.3
2001-03-09,60.0,11.2,13.5
2001-03-10,10.0,0.0,0.0
2001-03-12,2.0,4.9,1.1
2001-03-13,15.0,0.0,0.0
2001-03-16,5.0,0.3,0.0
2001-03-17,62.0,0.0,0.0
2001-03-18,5.0,0.0,0.0
2001-03-20,6.0,4.5,1.0
2001-03-21,19.0,4.2,0.0
2001-03-22,29.0,14.5,18.1
2001-03-23,48.0,5.0,1.0
2001-03-24,13.0,5.9,1.4
2001-03-26,6.0,6.2,1.9
2001-03-27,20.0,0.1,0.0
2001-03-31,2.0,0.9,0.0
2001-04-02,9.0,9.3,7.5
2001-04-03,9.0,14.4,15.7
2001-04-04,28.0,8.3,5.9
2001-04-05,5.0,17.3,21.1
2001-04-06,51.0,15.1,16.9
2001-04-07,6.0,1.8,0.0
2001-04-09,1.0,7.2,4.3
2001-04-10,2.0,13.2,13.6
2001-04-11,14.0,2.4,0.0
2001-04-12,3.0,14.8,15.1
2001-04-13,22.0,19.7,24.7
2001-04-14,7.0,40.3,66.5
2001-04-15,51.0,19.1,23.6
2001-04-16,3.0,1.0,0.0
2001-04-17,20.0,4.0,0.0
2001-04-18,11.0,4.3,0.0
2001-04-19,27.0,1.2,0.0
2001-04-20,10.0,7.6,4.3
2001-04-21,29.0,0.5,0.0
2001-04-22,1.0,15.1,12.9
2001-04-23,8.0,22.3,29.1
2001-04-24,25.0,7.6,2.8
2001-04-26,10.0,17.3,16.2
2001-04-27,3.0,3.4,0.0
2001-04-28,100.0,4.5,0.0
2001-04-29,77.0,24.6,33.6
2001-04-30,43.0,12.3,8.8
2001-05-01,26.0,1.3,0.0
2001-05-05,1.0,7.6,6.4
2001-05-06,1.0,11.3,12.6
2001-05-07,10.0,38.1,80.5
2001-05-08,35.0,6.8,5.0
2001-05-09,10.0,4.1,1.0
2001-05-10,4.0,11.7,12.6
2001-05-11,3.0,56.6,117.6
2001-05-12,27.0,5.3,2.0
2001-05-13,2.0,0.0,0.0
2001-05-14,3.0,0.9,0.0
2001-05-16,8.0,0.3,0.0
2001-05-18,2.0,18.3,33.7
2001-05-19,5.0,2.4,0.0
2001-05-20,7.0,2.1,0.0
2001-05-21,54.0,2.2,0.0
2001-05-22,76.0,3.3,0.0
2001-05-23,10.0,3.3,0.0
2001-05-24,9.0,0.0,0.0
2001-05-25,2.0,3.6,1.0
2001-05-26,57.0,17.4,26.9
2001-05-27,12.0,9.4,9.6
2001-05-28,18.0,14.2,20.3
2001-05-29,25.0,3.3,0.0
2001-06-01,5.0,16.9,52.3
2001-06-02,16.0,5.0,3.2
2001-06-04,3.0,2.5,0.0
2001-06-06,2.0,6.0,6.1
2001-06-07,2.0,5.0,3.4
2001-06-08,4.0,0.0,0.0
2001-06-12,1.0,5.5,3.3
2001-06-13,3.0,4.5,1.1
2001-06-14,4.0,0.5,0.0
2001-06-21,1.0,1.3,0.0
2001-06-22,6.0,3.2,1.0
2001-06-23,3.0,0.4,0.0
2001-06-26,7.0,3.1,1.0
2001-06-27,1.0,1.1,0.0
2001-06-28,5.0,3.0,1.0
2001-06-29,3.0,1.3,0.0
2001-07-07,7.0,0.0,0.0
2001-07-18,1.0,14.7,29.3
2001-07-19,1.0,0.0,0.0
2001-07-20,1.0,0.1,0.0
2001-07-22,11.0,9.1,15.1
2001-07-23,1.0,0.4,0.0
2001-07-25,5.0,0.7,0.0
2001-07-27,44.0,0.2,0.0
2001-07-28,1.0,0.2,0.0
2001-07-31,9.0,0.3,0.0
2001-08-02,30.0,0.2,0.0
2001-08-04,3.0,2.7,1.0
2001-08-05,2.0,9.4,23.0
2001-08-06,42.0,0.9,0.0
2001-08-07,2.0,6.8,15.8
2001-08-08,10.0,6.4,10.7
2001-08-09,7.0,5.8,8.7
2001-08-14,6.0,0.1,0.0
2001-08-17,7.0,0.4,0.0
2001-08-20,3.0,4.4,1.0
2001-08-21,3.0,1.2,0.0
2001-08-22,4.0,0.6,0.0
2001-08-23,49.0,0.2,0.0
2001-08-24,2.0,1.2,0.0
2001-08-27,14.0,9.4,8.1
2001-08-28,24.0,0.2,0.0
2001-08-30,46.0,1.7,0.0
2001-08-31,14.0,1.9,0.0
2001-09-01,3.0,9.0,11.1
2001-09-02,4.0,2.0,0.0
2001-09-03,3.0,3.9,1.0
2001-09-04,34.0,1.5,0.0
2001-09-05,17.0,0.9,0.0
2001-09-06,36.0,3.7,1.0
2001-09-07,5.0,4.9,3.1
2001-09-08,4.0,0.5,0.0
2001-09-10,1.0,0.2,0.0
2001-09-11,13.0,3.4,0.0
2001-09-17,19.0,0.1,0.0
2001-09-18,11.0,0.0,0.0
2001-09-22,1.0,5.2,2.6
2001-09-23,13.0,21.8,67.7
2001-09-24,0.0,11.3,18.3
2001-09-25,7.0,6.7,6.1
2001-09-26,8.0,3.1,0.0
2001-09-27,25.0,3.6,1.0
2001-09-28,0.0,15.4,45.4
2001-09-29,17.0,2.6,0.0
2001-09-30,3.0,14.5,39.0
2001-10-01,17.0,2.3,0.0
2001-10-02,2.0,8.8,14.0
2001-10-03,14.0,0.2,0.0
2001-10-04,1.0,6.0,7.2
2001-10-06,26.0,0.9,0.0
2001-10-07,9.0,1.1,0.0
2001-10-08,2.0,0.0,0.0
2001-10-10,7.0,2.1,0.0
2001-10-11,3.0,0.0,0.0
2001-10-15,15.0,4.4,2.3
2001-10-16,6.0,3.9,1.6
2001-10-17,17.0,5.3,3.6
2001-10-18,79.0,9.7,11.0
2001-10-19,50.0,8.0,8.1
2001-10-20,1.0,2.4,0.0
2001-10-21,1.0,6.3,2.5
2001-10-22,15.0,6.5,2.8
2001-10-23,5.0,4.9,1.0
2001-10-24,2.0,1.7,0.0
2001-10-25,2.0,3.5,0.0
2001-10-26,9.0,1.1,0.0
2001-10-27,1.0,10.7,8.8
2001-10-28,28.0,5.1,1.0
2001-10-29,5.0,8.5,5.6
2001-10-30,48.0,0.9,0.0
2001-11-02,7.0,0.2,0.0
2001-11-03,16.0,7.9,7.7
2001-11-04,10.0,4.0,1.8
2001-11-05,24.0,29.6,44.8
2001-11-06,67.0,6.1,5.0
2001-11-07,1.0,12.3,14.4
2001-11-08,26.0,11.8,13.6
2001-11-09,8.0,1.6,0.0
2001-11-10,30.0,0.0,0.0
2001-11-11,0.0,5.6,1.7
2001-11-12,55.0,9.5,8.2
2001-11-13,5.0,15.1,20.3
2001-11-14,10.0,15.0,19.9
2001-11-15,9.0,1.0,0.0
2001-11-16,2.0,5.8,1.9
2001-11-17,17.0,0.8,0.0
2001-11-18,0.0,0.9,0.0
2001-11-19,2.0,2.0,0.0
2001-11-20,11.0,0.7,0.0
2001-11-21,6.0,1.1,0.0
2001-11-23,2.0,1.6,0.0
2001-11-24,2.0,1.5,0.0
2001-11-25,4.0,13.8,16.0
2001-11-26,30.0,3.1,0.0
2001-11-27,8.0,2.5,0.0
2001-11-28,2.0,3.8,1.0
2001-11-29,2.0,24.6,36.5
2001-11-30,21.0,1.4,0.0
2001-12-02,6.0,1.8,0.0
2001-12-05,18.0,0.7,0.0
2001-12-06,49.0,0.5,0.0
2001-12-09,1.0,2.5,0.0
2001-12-10,49.0,8.6,6.5
2001-12-11,183.0,2.5,0.0
2001-12-12,5.0,1.3,0.0
2001-12-13,24.0,22.1,23.8
2001-12-14,38.0,0.7,0.0
2001-12-15,7.0,0.2,0.0
2001-12-17,1.0,0.0,0.0
2001-12-19,44.0,13.3,10.9
2001-12-20,6.0,0.3,0.0
2001-12-22,1.0,1.7,0.0
2001-12-23,2.0,0.2,0.0
2001-12-24,135.0,13.4,15.3
2001-12-25,6.0,8.3,7.0
2001-12-26,4.0,9.0,8.0
2001-12-27,6.0,26.9,52.1
2001-12-28,10.0,20.5,34.3
2001-12-29,2.0,1.3,0.0
2001-12-30,14.0,2.1,0.0
2001-12-31,10.0,0.0,0.0
2002-01-13,1.0,4.2,0.0
2002-01-14,2.0,0.0,0.0
2002-01-17,1.0,18.8,33.1
2002-01-19,5.0,21.8,44.1
2002-01-20,14.0,32.0,58.6
2002-01-21,52.0,23.0,47.0
2002-01-22,17.0,5.2,1.0
2002-01-23,1.0,12.6,14.2
2002-01-24,3.0,3.6,0.0
2002-01-25,13.0,14.5,18.7
2002-01-26,15.0,6.0,2.0
2002-01-27,3.0,2.3,0.0
2002-01-28,47.0,33.6,78.9
2002-01-29,93.0,1.2,0.0
2002-01-30,2.0,0.0,0.0
2002-01-31,0.0,0.9,0.0
2002-02-04,18.0,4.6,0.0
2002-02-06,3.0,1.2,0.0
2002-02-07,21.0,1.6,0.0
2002-02-11,79.0,1.0,0.0
2002-02-17,22.0,4.3,1.0
2002-02-18,1.0,1.0,0.0
2002-02-19,2.0,30.3,77.5
2002-02-20,38.0,11.0,12.9
2002-02-21,8.0,1.3,0.0
2002-02-23,61.0,8.7,7.6
2002-02-24,11.0,1.4,0.0
2002-02-26,7.0,0.6,0.0
2002-02-28,7.0,25.4,50.0
2002-03-02,75.0,0.1,0.0
2002-03-04,10.0,2.3,0.0
2002-03-05,0.0,9.2,9.2
2002-03-06,4.0,22.5,44.0
2002-03-07,25.0,36.8,99.6
2002-03-08,95.0,3.3,0.0
2002-03-09,4.0,0.1,0.0
2002-03-15,60.0,26.8,54.8
2002-03-16,23.0,1.9,0.0
2002-03-17,2.0,15.4,17.3
2002-03-19,15.0,1.3,0.0
2002-03-21,13.0,7.8,4.4
2002-03-22,1.0,0.2,0.0
2002-03-23,14.0,2.3,0.0
2002-03-24,40.0,45.9,118.8
2002-03-25,10.0,12.2,12.2
2002-03-26,5.0,6.1,1.8
2002-03-27,3.0,5.7,1.2
2002-03-28,6.0,4.4,0.0
2002-03-29,1.0,31.4,63.8
2002-03-30,17.0,22.8,34.3
2002-03-31,6.0,12.6,13.0
2002-04-01,13.0,14.4,15.7
2002-04-02,11.0,10.8,9.7
2002-04-03,19.0,8.9,6.9
2002-04-04,5.0,4.2,1.0
2002-04-05,31.0,6.3,3.0
2002-04-06,94.0,14.7,16.2
2002-04-07,5.0,3.3,0.0
2002-04-08,10.0,7.1,4.1
2002-04-09,6.0,1.7,0.0
2002-04-10,10.0,3.7,0.0
2002-04-11,16.0,0.1,0.0
2002-04-13,1.0,11.7,10.3
2002-04-14,1.0,0.1,0.0
2002-04-15,22.0,55.5,105.0
2002-04-16,41.0,1.8,0.0
2002-04-17,6.0,2.2,0.0
2002-04-19,8.0,2.3,0.0
2002-04-21,2.0,21.2,22.2
2002-04-22,15.0,1.0,0.0
2002-04-23,5.0,1.9,0.0
2002-04-24,8.0,25.4,38.1
2002-04-25,43.0,22.7,29.6
2002-04-26,20.0,7.8,2.9
2002-04-28,5.0,15.7,13.8
2002-04-29,18.0,35.5,63.6
2002-04-30,25.0,6.8,1.9
2002-05-02,4.0,0.6,0.0
2002-05-03,1.0,0.4,0.0
2002-05-05,2.0,10.4,11.1
2002-05-06,32.0,11.2,12.6
2002-05-07,68.0,17.8,31.2
2002-05-08,14.0,17.6,30.8
2002-05-09,13.0,4.0,1.0
2002-05-12,24.0,0.2,0.0
2002-05-21,2.0,0.2,0.0
2002-05-22,2.0,35.1,69.4
2002-05-23,36.0,0.2,0.0
2002-05-24,1.0,1.5,0.0
2002-05-28,0.0,1.4,0.0
2002-05-29,58.0,1.1,0.0
2002-06-02,34.0,0.1,0.0
2002-06-07,7.0,0.0,0.0
2002-06-08,10.0,2.0,0.0
2002-06-09,1.0,0.4,0.0
2002-06-10,8.0,3.5,0.0
2002-06-11,1.0,18.7,51.0
2002-06-12,2.0,11.8,20.5
2002-06-13,9.0,2.0,0.0
2002-06-16,1.0,7.0,6.9
2002-06-17,14.0,4.3,1.0
2002-06-21,5.0,2.8,0.0
2002-06-22,8.0,0.2,0.0
2002-06-29,1.0,0.8,0.0
2002-07-01,104.0,22.5,51.2
2002-07-02,17.0,0.8,0.0
2002-07-11,77.0,1.8,0.0
2002-07-12,2.0,0.1,0.0
2002-07-13,6.0,6.7,6.4
2002-07-14,2.0,16.3,36.9
2002-07-15,4.0,4.3,1.5
2002-07-16,1.0,1.0,0.0
2002-07-18,11.0,0.4,0.0
2002-07-19,2.0,34.5,105.0
2002-07-20,9.0,19.4,42.6
2002-07-21,1.0,3.4,0.0
2002-07-22,6.0,0.3,0.0
2002-07-23,12.0,2.5,0.0
2002-07-25,7.0,0.2,0.0
2002-07-26,4.0,0.2,0.0
2002-07-28,6.0,8.7,17.1
2002-07-29,23.0,15.4,50.4
2002-07-30,15.0,0.0,0.0
2002-08-01,10.0,5.6,8.0
2002-08-02,1.0,1.4,0.0
2002-08-03,7.0,0.0,0.0
2002-08-04,1.0,0.4,0.0
2002-08-05,0.0,3.2,1.0
2002-08-07,3.0,6.8,11.7
2002-08-08,43.0,7.5,22.7
2002-08-09,38.0,33.0,145.6
2002-08-10,15.0,0.6,0.0
2002-08-11,3.0,0.0,0.0
2002-08-14,0.0,0.3,0.0
2002-08-16,0.0,0.1,0.0
2002-08-20,10.0,0.1,0.0
2002-08-24,4.0,5.9,2.1
2002-08-26,3.0,9.9,9.0
2002-08-27,25.0,0.4,0.0
2002-08-28,0.0,5.0,1.0
2002-08-29,10.0,1.6,0.0
2002-08-30,6.0,17.4,25.6
2002-08-31,1.0,7.0,3.9
2002-09-01,39.0,5.1,3.4
2002-09-02,3.0,5.0,3.2
2002-09-03,1.0,6.1,5.4
2002-09-04,24.0,9.4,11.9
2002-09-05,11.0,0.0,0.0
2002-09-08,22.0,1.4,0.0
2002-09-09,1.0,8.2,9.6
2002-09-10,15.0,7.9,8.9
2002-09-11,1.0,9.9,9.8
2002-09-12,1.0,2.7,0.0
2002-09-15,2.0,3.5,0.0
2002-09-16,6.0,12.9,16.0
2002-09-17,9.0,28.9,66.4
2002-09-18,25.0,6.8,3.4
2002-09-19,32.0,15.5,19.9
2002-09-20,48.0,5.3,1.0
2002-09-21,64.0,9.1,12.2
2002-09-22,8.0,0.2,0.0
2002-09-23,13.0,5.1,2.4
2002-09-24,3.0,6.1,4.7
2002-09-25,6.0,1.1,0.0
2002-09-26,1.0,17.1,52.1
2002-09-27,11.0,31.9,108.2
2002-09-28,4.0,2.5,0.0
2002-09-29,11.0,14.5,26.6
2002-09-30,0.0,0.7,0.0
2002-10-05,3.0,10.1,17.2
2002-10-06,1.0,42.2,111.8
2002-10-07,5.0,15.9,36.8
2002-10-08,24.0,5.0,4.8
2002-10-09,19.0,0.7,0.0
2002-10-11,20.0,47.5,115.2
2002-10-12,46.0,1.0,0.0
2002-10-18,5.0,0.5,0.0
2002-10-25,5.0,5.2,1.0
2002-10-26,4.0,9.8,7.5
2002-10-27,2.0,21.8,33.1
2002-10-28,12.0,7.0,3.5
2002-10-29,4.0,13.6,13.0
2002-10-30,3.0,0.7,0.0
2002-11-02,25.0,7.9,7.8
2002-11-03,2.0,0.5,0.0
2002-11-06,0.0,19.6,25.2
2002-11-07,5.0,25.9,40.1
2002-11-08,10.0,11.0,12.3
2002-11-09,3.0,9.5,10.2
2002-11-10,28.0,5.9,4.7
2002-11-11,9.0,0.8,0.0
2002-11-12,0.0,1.0,0.0
2002-11-13,27.0,4.7,1.0
2002-11-14,9.0,7.5,4.5
2002-11-15,1.0,32.3,72.4
2002-11-16,31.0,0.2,0.0
2002-11-17,1.0,18.4,27.8
2002-11-18,13.0,20.3,32.4
2002-11-19,33.0,5.0,1.0
2002-11-20,2.0,20.7,33.3
2002-11-21,34.0,8.1,6.5
2002-11-22,7.0,9.0,8.1
2002-11-24,13.0,9.6,9.0
2002-11-26,14.0,23.1,29.4
2002-11-27,15.0,77.5,139.8
2002-11-28,10.0,3.1,0.0
2002-11-29,8.0,1.7,0.0
2002-11-30,20.0,0.1,0.0
2002-12-01,20.0,4.1,0.0
2002-12-03,52.0,15.8,18.7
2002-12-04,1.0,24.6,32.6
2002-12-05,7.0,7.3,4.6
2002-12-06,10.0,38.5,65.9
2002-12-07,8.0,1.9,0.0
2002-12-08,13.0,15.6,18.4
2002-12-09,92.0,0.5,0.0
2002-12-12,21.0,13.1,10.6
2002-12-13,31.0,6.8,2.8
2002-12-14,11.0,23.3,31.6
2002-12-15,21.0,45.8,63.0
2002-12-16,5.0,9.3,5.9
2002-12-18,7.0,1.0,0.0
2002-12-19,7.0,24.8,33.3
2002-12-20,7.0,7.2,3.3
2002-12-22,5.0,71.8,137.1
2002-12-23,42.0,8.3,7.0
2002-12-24,8.0,18.4,29.9
2002-12-25,6.0,21.0,38.7
2002-12-26,11.0,40.7,82.3
2002-12-27,49.0,16.8,24.9
2002-12-28,64.0,9.2,8.5
2002-12-29,3.0,11.7,12.5
2002-12-30,7.0,1.1,0.0
2003-01-05,5.0,10.0,10.4
2003-01-08,32.0,45.2,102.9
2003-01-09,32.0,5.3,1.9
2003-01-10,36.0,27.5,65.4
2003-01-11,38.0,19.0,33.6
2003-01-12,6.0,0.2,0.0
2003-01-14,5.0,1.0,0.0
2003-01-15,37.0,9.2,7.5
2003-01-16,24.0,3.0,0.0
2003-01-18,1.0,11.4,11.5
2003-01-19,32.0,1.8,0.0
2003-01-20,9.0,7.6,4.8
2003-01-21,34.0,19.2,33.1
2003-01-22,21.0,0.8,0.0
2003-01-24,1.0,6.1,2.2
2003-01-25,2.0,21.6,41.6
2003-01-26,1.0,20.6,38.2
2003-01-27,20.0,3.7,0.0
2003-01-30,2.0,8.7,6.8
2003-01-31,9.0,27.1,57.7
2003-02-01,16.0,3.1,0.0
2003-02-02,1.0,16.3,19.7
2003-02-03,13.0,16.1,16.9
2003-02-06,1.0,0.1,0.0
2003-02-10,1.0,1.8,0.0
2003-02-12,3.0,17.1,25.3
2003-02-13,18.0,30.7,74.7
2003-02-14,31.0,1.0,0.0
2003-02-16,32.0,1.9,0.0
2003-02-17,17.0,2.3,0.0
2003-02-18,1.0,5.7,2.6
2003-02-20,2.0,12.6,16.4
2003-02-21,12.0,14.0,17.6
2003-02-22,0.0,2.0,0.0
2003-02-25,34.0,1.7,0.0
2003-02-26,14.0,0.6,0.0
2003-03-12,1.0,9.5,7.4
2003-03-13,2.0,23.3,39.3
2003-03-14,12.0,8.9,6.5
2003-03-15,4.0,70.5,118.6
2003-03-16,65.0,10.8,9.5
2003-03-18,1.0,15.7,17.9
2003-03-19,3.0,5.7,2.0
2003-03-21,97.0,5.5,1.0
2003-03-24,0.0,49.0,132.1
2003-03-25,39.0,18.1,24.8
2003-03-26,3.0,25.0,42.1
2003-03-27,35.0,22.7,40.6
2003-03-28,33.0,15.9,25.1
2003-03-29,18.0,10.8,9.7
2003-03-30,14.0,10.0,8.3
2003-03-31,5.0,7.6,4.0
2003-04-01,39.0,5.5,2.0
2003-04-02,3.0,12.2,12.0
2003-04-03,14.0,1.1,0.0
2003-04-04,83.0,10.2,8.9
2003-04-05,13.0,2.5,0.0
2003-04-06,2.0,13.7,14.5
2003-04-07,26.0,0.2,0.0
2003-04-09,10.0,13.8,14.6
2003-04-10,17.0,10.0,8.6
2003-04-11,15.0,5.7,1.7
2003-04-12,1.0,1.0,0.0
2003-04-13,0.0,7.3,3.8
2003-04-14,20.0,19.2,24.7
2003-04-15,21.0,36.8,61.7
2003-04-16,63.0,18.7,26.8
2003-04-17,19.0,2.1,0.0
2003-04-19,21.0,0.2,0.0
2003-04-21,49.0,2.2,0.0
2003-04-22,2.0,15.3,13.1
2003-04-23,25.0,8.5,3.8
2003-04-24,41.0,2.4,0.0
2003-04-26,1.0,20.6,20.9
2003-04-27,15.0,4.0,0.0
2003-04-28,1.0,3.4,0.0
2003-04-29,35.0,11.5,7.7
2003-04-30,19.0,9.3,4.9
2003-05-01,81.0,9.7,9.9
2003-05-02,16.0,7.9,6.8
2003-05-03,74.0,7.5,6.1
2003-05-04,22.0,0.3,0.0
2003-05-06,47.0,9.0,8.7
2003-05-07,38.0,4.6,1.7
2003-05-08,3.0,2.7,0.0
2003-05-09,12.0,0.2,0.0
2003-05-10,24.0,6.8,5.0
2003-05-11,2.0,0.7,0.0
2003-05-12,15.0,4.4,1.0
2003-06-11,0.0,12.0,19.5
2003-06-12,3.0,3.3,0.0
2003-06-15,9.0,0.6,0.0
2003-06-16,21.0,0.7,0.0
2003-06-17,8.0,4.2,1.0
2003-06-18,17.0,0.0,0.0
2003-06-22,4.0,5.7,5.6
2003-06-23,2.0,13.8,34.8
2003-06-24,6.0,0.5,0.0
2003-06-26,1.0,3.8,1.6
2003-06-27,37.0,0.5,0.0
2003-06-28,3.0,11.7,20.0
2003-06-29,1.0,6.5,7.4
2003-07-01,1.0,0.7,0.0
2003-07-05,20.0,0.9,0.0
2003-07-07,3.0,0.0,0.0
2003-07-09,36.0,0.1,0.0
2003-07-11,6.0,39.7,137.6
2003-07-12,45.0,19.7,42.8
2003-07-13,5.0,0.6,0.0
2003-07-14,2.0,0.1,0.0
2003-07-15,1.0,5.1,3.1
2003-07-16,2.0,4.3,1.5
2003-07-17,12.0,0.1,0.0
2003-07-19,0.0,0.3,0.0
2003-07-24,27.0,0.0,0.0
2003-07-28,9.0,30.3,104.8
2003-07-29,4.0,1.0,0.0
2003-07-31,1.0,0.0,0.0
2003-08-01,1.0,0.0,0.0
2003-08-03,9.0,6.5,11.5
2003-08-04,1.0,8.3,18.8
2003-08-05,65.0,15.2,56.8
2003-08-07,1.0,4.3,3.7
2003-08-08,2.0,0.0,0.0
2003-08-10,4.0,0.0,0.0
2003-08-11,10.0,0.4,0.0
2003-08-13,20.0,12.7,18.6
2003-08-14,49.0,17.5,36.9
2003-08-15,31.0,13.8,27.0
2003-08-16,8.0,22.5,61.1
2003-08-17,23.0,11.3,14.4
2003-08-18,1.0,0.4,0.0
2003-08-20,2.0,0.5,0.0
2003-08-21,3.0,5.1,1.0
2003-08-22,2.0,3.3,0.0
2003-08-24,1.0,5.1,1.0
2003-08-25,16.0,5.4,1.3
2003-08-26,2.0,0.0,0.0
2003-08-28,21.0,1.6,0.0
2003-08-30,5.0,10.2,9.6
2003-08-31,28.0,4.0,0.0
2003-09-02,52.0,18.7,36.8
2003-09-03,16.0,1.6,0.0
2003-09-04,65.0,0.0,0.0
2003-09-06,16.0,0.0,0.0
2003-09-07,0.0,10.4,13.9
2003-09-08,12.0,32.4,63.1
2003-09-09,55.0,7.8,8.8
2003-09-10,23.0,3.1,0.0
2003-09-11,5.0,34.6,79.3
2003-09-12,8.0,4.0,0.0
2003-09-13,2.0,4.1,0.0
2003-09-14,0.0,10.9,11.9
2003-09-15,35.0,34.0,79.4
2003-09-16,11.0,1.4,0.0
2003-09-18,33.0,0.3,0.0
2003-09-19,5.0,1.7,0.0
2003-09-23,4.0,16.0,45.3
2003-09-24,2.0,1.8,0.0
2003-09-25,4.0,2.4,0.0
2003-09-26,17.0,4.5,1.3
2003-09-27,56.0,11.8,19.7
2003-09-28,38.0,2.6,0.0
2003-09-29,8.0,5.7,3.8
2003-09-30,8.0,3.5,0.0
2003-10-01,8.0,1.2,0.0
2003-10-03,8.0,26.3,71.8
2003-10-04,26.0,25.6,70.4
2003-10-05,28.0,48.0,122.8
2003-10-06,40.0,49.5,122.2
2003-10-07,38.0,20.5,52.9
2003-10-08,35.0,7.3,10.2
2003-10-09,37.0,35.8,100.4
2003-10-10,56.0,7.5,10.8
2003-10-11,76.0,5.2,3.4
2003-10-12,20.0,15.4,22.4
2003-10-13,4.0,1.7,0.0
2003-10-14,5.0,5.4,3.7
2003-10-15,13.0,25.3,54.8
2003-10-16,27.0,2.7,1.0
2003-10-17,15.0,1.6,0.0
2003-10-18,21.0,0.7,0.0
2003-10-19,91.0,1.0,0.0
2003-10-20,7.0,1.8,0.0
2003-10-21,2.0,8.1,5.1
2003-10-22,9.0,0.4,0.0
2003-10-23,7.0,0.1,0.0
2003-10-25,46.0,6.3,2.5
2003-10-26,17.0,41.9,65.9
2003-10-28,0.0,4.8,1.0
2003-10-30,25.0,24.9,38.7
2003-10-31,11.0,1.3,0.0
2003-11-01,9.0,5.0,3.3
2003-11-02,15.0,21.2,31.5
2003-11-03,22.0,3.0,1.0
2003-11-04,10.0,19.2,24.7
2003-11-05,6.0,7.0,6.3
2003-11-06,8.0,4.9,3.3
2003-11-07,7.0,19.2,24.7
2003-11-08,8.0,17.6,22.3
2003-11-09,15.0,61.3,102.6
2003-11-10,15.0,6.2,5.1
2003-11-11,0.0,8.8,6.8
2003-11-13,15.0,0.8,0.0
2003-11-14,1.0,1.7,0.0
2003-11-15,8.0,25.4,48.4
2003-11-16,8.0,20.1,32.1
2003-11-17,13.0,22.7,40.4
2003-11-18,21.0,46.0,122.8
2003-11-19,45.0,5.9,2.1
2003-11-20,4.0,7.4,4.5
2003-11-21,3.0,2.5,0.0
2003-11-22,7.0,6.6,4.2
2003-11-23,20.0,22.5,32.2
2003-11-24,36.0,55.3,105.6
2003-11-25,67.0,0.8,0.0
2003-11-27,7.0,8.0,6.4
2003-11-28,3.0,36.7,70.4
2003-11-29,14.0,6.1,3.4
2003-11-30,7.0,8.4,7.1
2003-12-02,29.0,4.6,1.0
2003-12-04,39.0,1.6,0.0
2003-12-05,6.0,0.1,0.0
2003-12-06,10.0,34.5,56.7
2003-12-07,68.0,21.1,30.1
2003-12-08,38.0,50.8,112.2
2003-12-09,20.0,17.3,21.5
2003-12-10,16.0,2.4,0.0
2003-12-11,2.0,29.7,43.2
2003-12-12,35.0,19.5,18.9
2003-12-13,8.0,1.5,0.0
2003-12-14,5.0,1.5,0.0
2003-12-16,38.0,23.5,33.0
2003-12-17,55.0,3.6,0.0
2003-12-18,3.0,2.0,0.0
2003-12-19,22.0,5.3,1.0
2003-12-20,57.0,12.2,9.4
2003-12-21,84.0,5.9,3.3
2003-12-22,31.0,0.1,0.0
2003-12-23,2.0,0.4,0.0
2003-12-24,1.0,0.0,0.0
2003-12-27,17.0,0.1,0.0
2003-12-28,5.0,0.0,0.0
2004-01-04,9.0,0.7,0.0
2004-01-05,3.0,0.2,0.0
2004-01-09,6.0,0.1,0.0
2004-01-11,0.0,0.1,0.0
2004-01-12,3.0,5.4,1.3
2004-01-14,1.0,6.4,2.9
2004-01-16,15.0,3.0,0.0
2004-01-19,25.0,7.7,5.1
2004-01-21,1.0,4.3,0.0
2004-01-25,4.0,0.0,0.0
2004-01-29,9.0,18.7,31.3
2004-01-30,8.0,9.6,8.4
2004-01-31,9.0,77.0,177.7
2004-02-01,1.0,29.0,52.5
2004-02-02,49.0,8.2,4.1
2004-02-03,1.0,6.1,1.0
2004-02-04,0.0,7.2,2.5
2004-02-06,4.0,3.0,0.0
2004-02-12,3.0,0.0,0.0
2004-02-16,3.0,0.2,0.0
2004-02-17,18.0,0.8,0.0
2004-02-18,183.0,9.6,10.1
2004-02-19,25.0,28.4,67.7
2004-02-20,9.0,0.8,0.0
2004-02-22,106.0,10.0,10.0
2004-02-23,21.0,3.0,0.0
2004-02-24,0.0,18.3,25.0
2004-02-25,18.0,37.2,70.2
2004-02-26,95.0,26.5,47.5
2004-02-27,6.0,44.5,90.6
2004-02-28,34.0,3.7,0.0
2004-02-29,0.0,5.3,1.9
2004-03-01,1.0,2.6,0.0
2004-03-02,13.0,11.1,13.4
2004-03-03,47.0,7.5,5.7
2004-03-04,2.0,0.7,0.0
2004-03-05,15.0,2.9,0.0
2004-03-07,2.0,9.3,9.4
2004-03-08,2.0,4.9,1.1
2004-03-15,11.0,13.1,13.3
2004-03-16,19.0,2.7,0.0
2004-03-17,28.0,2.1,0.0
2004-03-20,2.0,1.2,0.0
2004-03-23,6.0,5.8,1.3
2004-03-25,4.0,5.0,1.0
2004-03-28,10.0,10.2,8.6
2004-03-29,2.0,9.2,6.8
2004-03-30,10.0,19.4,27.8
2004-03-31,9.0,0.1,0.0
2004-04-03,21.0,14.5,15.9
2004-04-04,46.0,2.7,0.0
2004-04-06,9.0,3.3,0.0
2004-04-08,13.0,15.6,17.7
2004-04-09,0.0,33.2,52.1
2004-04-11,23.0,6.6,2.9
2004-04-12,5.0,0.0,0.0
2004-04-14,10.0,16.6,17.9
2004-04-15,23.0,11.2,9.5
2004-04-17,5.0,44.3,77.3
2004-04-18,19.0,3.1,0.0
2004-04-19,3.0,4.5,1.0
2004-04-20,10.0,4.6,1.0
2004-04-21,6.0,1.4,0.0
2004-04-23,75.0,21.0,24.6
2004-04-24,24.0,27.9,40.9
2004-04-25,4.0,1.4,0.0
2004-04-26,4.0,11.5,7.7
2004-04-27,5.0,0.8,0.0
2004-04-30,38.0,1.3,0.0
2004-05-02,12.0,0.0,0.0
2004-05-04,1.0,5.4,2.8
2004-05-05,1.0,27.9,58.3
2004-05-06,35.0,6.0,3.7
2004-05-07,39.0,0.6,0.0
2004-05-11,1.0,0.9,0.0
2004-05-12,3.0,0.2,0.0
2004-05-22,5.0,2.4,0.0
2004-05-24,7.0,0.3,0.0
2004-05-25,6.0,0.3,0.0
2004-05-27,39.0,2.2,0.0
2004-05-28,3.0,55.1,125.1
2004-05-29,15.0,1.5,0.0
2004-05-30,9.0,0.0,0.0
2004-06-01,1.0,0.7,0.0
2004-06-02,1.0,5.5,4.8
2004-06-04,9.0,1.2,0.0
2004-06-05,6.0,3.9,1.0
2004-06-07,12.0,0.4,0.0
2004-06-08,10.0,2.9,0.0
2004-06-09,10.0,5.3,4.0
2004-06-10,1.0,0.0,0.0
2004-06-20,109.0,0.1,0.0
2004-06-24,7.0,0.0,0.0
2004-06-26,4.0,25.0,79.9
2004-06-27,36.0,1.4,0.0
2004-06-29,55.0,1.5,0.0
2004-06-30,10.0,3.5,1.0
2004-07-01,12.0,19.4,37.2
2004-07-02,5.0,0.4,0.0
2004-07-04,1.0,17.5,30.9
2004-07-05,18.0,0.0,0.0
2004-07-06,1.0,5.8,3.3
2004-07-07,3.0,0.9,0.0
2004-07-08,10.0,0.3,0.0
2004-07-09,2.0,3.3,0.0
2004-07-12,1.0,20.5,45.8
2004-07-13,10.0,0.1,0.0
2004-07-15,36.0,3.5,1.0
2004-07-16,4.0,19.5,49.5
2004-07-17,13.0,1.6,0.0
2004-07-21,4.0,0.0,0.0
2004-07-24,4.0,0.0,0.0
2004-07-28,25.0,6.6,6.6
2004-07-29,4.0,11.7,34.8
2004-07-30,37.0,6.6,6.5
2004-07-31,2.0,5.6,3.8
2004-08-02,34.0,0.0,0.0
2004-08-03,5.0,0.0,0.0
2004-08-13,5.0,6.0,2.8
2004-08-14,2.0,0.3,0.0
2004-08-16,5.0,0.3,0.0
2004-08-17,0.0,1.1,0.0
2004-08-19,8.0,0.2,0.0
2004-08-21,0.0,2.5,0.0
2004-08-22,8.0,1.7,0.0
2004-08-23,8.0,0.5,0.0
2004-08-24,5.0,8.3,6.1
2004-08-25,32.0,4.0,0.0
2004-08-26,8.0,0.0,0.0
2004-08-27,17.0,0.5,0.0
2004-08-29,3.0,1.1,0.0
2004-08-30,5.0,2.3,0.0
2004-08-31,9.0,0.0,0.0
2004-09-01,22.0,0.0,0.0
2004-09-02,10.0,0.0,0.0
2004-09-03,3.0,2.5,0.0
2004-09-04,9.0,0.0,0.0
2004-09-11,4.0,3.7,0.0
2004-09-12,1.0,28.3,65.5
2004-09-13,19.0,0.0,0.0
2004-09-16,2.0,5.6,1.4
2004-09-18,2.0,9.6,9.0
2004-09-19,53.0,12.3,14.8
2004-09-20,1.0,2.6,0.0
2004-09-26,7.0,19.0,61.0
2004-09-27,6.0,1.6,0.0
2004-09-29,2.0,30.2,101.0
2004-09-30,55.0,7.4,7.8
2004-10-01,2.0,12.0,26.8
2004-10-02,31.0,37.4,99.9
2004-10-03,48.0,10.2,17.6
2004-10-04,8.0,4.9,4.6
2004-10-05,6.0,0.7,0.0
2004-10-08,6.0,26.7,73.9
2004-10-09,36.0,9.6,15.9
2004-10-11,9.0,2.7,1.0
2004-10-13,9.0,0.1,0.0
2004-10-16,5.0,0.1,0.0
2004-10-18,4.0,19.6,41.8
2004-10-19,46.0,37.1,92.3
2004-10-20,18.0,13.8,17.9
2004-10-21,1.0,2.3,0.0
2004-10-23,10.0,28.4,42.2
2004-10-24,8.0,1.5,0.0
2004-10-25,0.0,4.8,1.0
2004-10-26,1.0,2.7,0.0
2004-10-27,4.0,16.0,16.4
2004-10-28,9.0,7.9,4.8
2004-10-29,6.0,2.2,0.0
2004-10-30,4.0,24.9,34.9
2004-10-31,9.0,4.3,0.0
2004-11-01,7.0,26.3,40.2
2004-11-02,15.0,1.0,0.0
2004-11-03,4.0,22.2,33.8
2004-11-04,8.0,7.4,7.0
2004-11-05,3.0,3.8,1.4
2004-11-06,25.0,0.1,0.0
2004-11-07,6.0,0.1,0.0
2004-11-08,9.0,1.4,0.0
2004-11-09,9.0,11.2,12.6
2004-11-10,19.0,20.2,26.3
2004-11-11,12.0,7.4,4.4
2004-11-12,9.0,53.9,153.3
2004-11-13,25.0,37.0,87.4
2004-11-14,10.0,7.3,4.3
2004-11-15,5.0,6.1,2.4
2004-11-16,2.0,3.5,0.0
2004-11-17,9.0,3.1,0.0
2004-11-18,2.0,3.5,0.0
2004-11-19,4.0,0.5,0.0
2004-11-22,48.0,1.1,0.0
2004-11-24,11.0,13.8,16.1
2004-11-25,35.0,2.8,0.0
2004-11-27,16.0,26.5,42.6
2004-11-28,12.0,6.1,3.5
2004-11-29,12.0,14.3,16.9
2004-11-30,2.0,12.6,13.9
2004-12-01,20.0,19.6,25.4
2004-12-02,66.0,0.7,0.0
2004-12-04,29.0,9.6,8.2
2004-12-05,37.0,20.6,27.4
2004-12-06,27.0,10.4,9.5
2004-12-07,3.0,5.5,1.9
2004-12-08,1.0,23.3,34.3
2004-12-09,8.0,13.6,15.0
2004-12-10,3.0,16.6,20.1
2004-12-11,12.0,39.3,53.0
2004-12-12,67.0,3.9,0.0
2004-12-14,1.0,14.0,11.7
2004-12-15,15.0,14.7,12.6
2004-12-16,2.0,0.3,0.0
2004-12-17,5.0,59.1,81.8
2004-12-18,14.0,37.3,52.1
2004-12-19,35.0,31.8,44.4
2004-12-20,23.0,16.8,15.3
2004-12-21,10.0,0.0,0.0
2004-12-23,1.0,54.9,100.2
2004-12-24,48.0,1.5,0.0
2004-12-25,3.0,5.0,2.0
2004-12-26,10.0,12.5,13.9
2004-12-27,14.0,17.1,21.4
2004-12-28,29.0,14.1,16.6
2004-12-29,10.0,11.9,12.8
2004-12-30,26.0,8.6,7.4
2005-01-01,1.0,7.1,5.0
2005-01-02,15.0,4.9,1.3
2005-01-03,23.0,2.6,0.0
2005-01-05,1.0,7.8,6.4
2005-01-06,2.0,13.6,19.7
2005-01-07,41.0,11.0,12.6
2005-01-08,7.0,16.9,24.5
2005-01-09,6.0,16.6,24.6
2005-01-10,6.0,2.4,0.0
2005-01-14,9.0,18.7,32.9
2005-01-15,29.0,3.0,0.0
2005-01-29,19.0,1.4,0.0
2005-01-30,13.0,0.3,0.0
2005-02-01,0.0,27.1,43.7
2005-02-02,55.0,10.3,7.4
2005-02-03,18.0,7.7,3.4
2005-02-04,1.0,9.7,6.4
2005-02-05,2.0,13.1,15.1
2005-02-07,8.0,0.0,0.0
2005-02-14,2.0,0.2,0.0
2005-02-18,8.0,0.0,0.0
2005-02-19,3.0,0.0,0.0
2005-02-26,18.0,14.5,18.5
2005-02-27,7.0,25.7,53.6
2005-02-28,6.0,55.0,117.9
2005-03-01,4.0,16.8,27.2
2005-03-02,5.0,5.6,2.2
2005-03-03,4.0,2.7,0.0
2005-03-04,12.0,20.1,36.7
2005-03-05,8.0,0.0,0.0
2005-03-10,10.0,4.0,1.0
2005-03-11,9.0,9.7,7.7
2005-03-12,2.0,5.4,1.7
2005-03-14,39.0,6.8,3.5
2005-03-15,2.0,4.3,1.0
2005-03-17,5.0,11.0,9.9
2005-03-19,2.0,7.8,4.8
2005-03-20,1.0,0.0,0.0
2005-03-22,29.0,22.9,41.5
2005-03-23,129.0,13.6,14.9
2005-03-24,23.0,11.0,10.1
2005-03-26,26.0,13.5,14.7
2005-03-27,3.0,21.6,33.5
2005-03-28,15.0,17.5,23.1
2005-03-29,1.0,9.1,6.5
2005-03-30,22.0,7.3,3.5
2005-03-31,9.0,9.8,7.8
2005-04-02,11.0,1.9,0.0
2005-04-07,3.0,0.8,0.0
2005-04-08,17.0,10.0,8.5
2005-04-09,33.0,0.5,0.0
2005-04-12,2.0,0.1,0.0
2005-04-13,4.0,0.4,0.0
2005-04-15,29.0,11.8,10.5
2005-04-16,26.0,8.9,6.1
2005-04-17,49.0,1.8,0.0
2005-04-18,13.0,3.9,0.0
2005-04-19,18.0,0.8,0.0
2005-04-22,7.0,29.7,46.9
2005-04-23,5.0,3.4,0.0
2005-04-24,1.0,2.0,0.0
2005-04-25,5.0,17.3,16.3
2005-04-27,5.0,22.8,29.6
2005-04-28,1.0,11.4,7.7
2005-04-29,34.0,0.3,0.0
2005-05-04,2.0,17.9,30.0
2005-05-05,22.0,24.7,48.1
2005-05-06,5.0,3.1,0.0
2005-05-07,4.0,3.0,0.0
2005-05-08,14.0,0.6,0.0
2005-05-10,9.0,2.3,0.0
2005-05-12,32.0,1.1,0.0
2005-05-14,0.0,3.4,0.0
2005-05-15,3.0,0.6,0.0
2005-05-17,6.0,0.0,0.0
2005-05-18,1.0,0.0,0.0
2005-05-21,3.0,0.3,0.0
2005-05-22,2.0,5.4,2.7
2005-05-23,2.0,4.7,1.6
2005-05-24,7.0,42.2,89.6
2005-05-25,7.0,2.1,0.0
2005-05-26,8.0,1.2,0.0
2005-05-28,35.0,5.6,3.1
2005-05-29,45.0,1.0,0.0
2005-05-30,2.0,0.1,0.0
2005-06-01,3.0,0.1,0.0
2005-06-03,10.0,0.1,0.0
2005-06-05,4.0,0.5,0.0
2005-06-06,3.0,2.4,0.0
2005-06-07,1.0,7.6,10.5
2005-06-08,9.0,0.1,0.0
2005-06-13,3.0,5.7,3.8
2005-06-14,3.0,26.0,68.6
2005-06-16,14.0,2.0,0.0
2005-06-19,8.0,4.2,1.0
2005-06-20,5.0,0.9,0.0
2005-06-28,14.0,8.3,11.2
2005-06-29,3.0,5.4,5.0
2005-07-04,40.0,2.7,0.0
2005-07-05,4.0,0.8,0.0
2005-07-08,7.0,0.2,0.0
2005-07-09,43.0,11.2,16.1
2005-07-10,2.0,11.0,17.5
2005-07-12,30.0,3.0,0.0
2005-07-13,1.0,0.8,0.0
2005-07-14,1.0,7.3,7.9
2005-07-15,8.0,9.6,15.2
2005-07-16,13.0,4.8,2.5
2005-07-17,3.0,4.8,2.5
2005-07-20,2.0,6.7,6.4
2005-07-21,2.0,7.6,8.5
2005-07-22,20.0,5.6,3.9
2005-07-23,10.0,11.8,35.2
2005-07-24,1.0,5.1,2.7
2005-07-26,9.0,2.3,0.0
2005-07-28,27.0,0.1,0.0
2005-07-29,5.0,0.0,0.0
2005-07-30,19.0,2.6,0.0
2005-07-31,13.0,0.6,0.0
2005-08-04,13.0,2.2,0.0
2005-08-07,3.0,0.4,0.0
2005-08-08,13.0,0.3,0.0
2005-08-09,5.0,1.9,0.0
2005-08-10,3.0,0.0,0.0
2005-08-11,3.0,10.5,12.6
2005-08-12,8.0,3.3,0.0
2005-08-14,1.0,6.6,4.0
2005-08-17,3.0,16.4,44.1
2005-08-18,6.0,19.4,40.9
2005-08-19,1.0,5.4,1.8
2005-08-20,51.0,64.1,218.7
2005-08-21,9.0,2.5,0.0
2005-08-23,2.0,1.9,0.0
2005-08-24,3.0,83.3,162.6
2005-08-25,26.0,1.9,0.0
2005-08-26,2.0,27.8,63.6
2005-08-27,31.0,1.0,0.0
2005-08-29,21.0,53.2,119.2
2005-08-30,8.0,18.5,25.0
2005-08-31,1.0,3.9,0.0
2005-09-01,9.0,36.5,69.0
2005-09-02,18.0,5.0,3.3
2005-09-03,9.0,3.2,0.0
2005-09-04,6.0,1.1,0.0
2005-09-05,12.0,1.5,0.0
2005-09-06,5.0,1.7,0.0
2005-09-07,11.0,14.9,25.6
2005-09-08,42.0,3.1,0.0
2005-09-13,6.0,14.6,20.8
2005-09-14,3.0,3.3,0.0
2005-09-16,71.0,30.1,73.1
2005-09-17,39.0,1.9,0.0
2005-09-20,0.0,0.0,0.0
2005-09-24,59.0,10.0,14.8
2005-09-25,68.0,1.2,0.0
2005-09-26,1.0,6.2,5.0
2005-09-27,55.0,1.2,0.0
2005-10-01,7.0,6.5,8.4
2005-10-02,21.0,4.6,3.8
2005-10-03,2.0,19.3,50.5
2005-10-04,15.0,10.2,17.5
2005-10-05,5.0,11.2,19.9
2005-10-06,2.0,7.7,11.2
2005-10-08,5.0,4.4,3.4
2005-10-10,19.0,0.6,0.0
2005-10-11,70.0,9.2,10.1
2005-10-12,3.0,5.7,4.3
2005-10-13,11.0,16.4,34.9
2005-10-14,17.0,6.3,5.1
2005-10-15,16.0,0.8,0.0
2005-10-16,17.0,4.4,2.2
2005-10-17,5.0,21.7,42.4
2005-10-18,4.0,15.8,21.9
2005-10-19,24.0,27.6,66.9
2005-10-20,19.0,37.3,94.4
2005-10-21,39.0,7.2,3.8
2005-10-22,8.0,12.8,11.7
2005-10-23,8.0,1.2,0.0
2005-10-24,2.0,6.9,3.3
2005-10-25,23.0,57.8,105.4
2005-10-26,30.0,20.8,28.6
2005-10-27,19.0,3.5,0.0
2005-10-28,3.0,18.7,20.3
2005-10-29,47.0,12.0,10.7
2005-10-30,12.0,120.9,147.9
2005-10-31,140.0,8.5,5.6
2005-11-01,7.0,14.1,17.0
2005-11-02,1.0,19.6,31.5
2005-11-03,33.0,19.2,24.7
2005-11-04,7.0,4.2,2.2
2005-11-05,21.0,5.5,4.1
2005-11-06,5.0,0.8,0.0
2005-11-09,2.0,9.1,9.6
2005-11-10,6.0,10.7,12.0
2005-11-11,39.0,5.3,1.2
2005-11-12,9.0,7.0,3.8
2005-11-13,1.0,0.8,0.0
2005-11-15,3.0,8.9,7.1
2005-11-16,14.0,7.7,4.9
2005-11-17,3.0,33.8,76.3
2005-11-18,27.0,17.7,26.1
2005-11-19,18.0,16.0,22.1
2005-11-20,15.0,9.0,7.4
2005-11-21,19.0,8.2,6.7
2005-11-22,8.0,19.1,25.4
2005-11-23,39.0,4.1,1.0
2005-11-24,9.0,2.1,0.0
2005-11-25,2.0,0.3,0.0
2005-11-27,9.0,0.1,0.0
2005-11-28,2.0,0.5,0.0
2005-11-30,9.0,2.7,0.0
2005-12-01,46.0,12.5,13.1
2005-12-02,9.0,10.4,9.5
2005-12-03,37.0,0.5,0.0
2005-12-05,6.0,14.9,17.2
2005-12-06,13.0,3.6,0.0
2005-12-09,11.0,1.7,0.0
2005-12-10,16.0,13.9,15.5
2005-12-11,9.0,22.7,24.8
2005-12-12,71.0,5.4,1.1
2005-12-13,20.0,16.1,14.4
2005-12-14,57.0,9.3,5.8
2005-12-15,34.0,5.1,1.0
2005-12-16,34.0,0.4,0.0
2005-12-17,1.0,1.2,0.0
2005-12-20,3.0,2.4,0.0
2005-12-21,1.0,1.8,0.0
2005-12-22,4.0,4.0,1.0
2005-12-23,4.0,2.4,0.0
2005-12-24,0.0,19.2,34.6
2005-12-25,23.0,11.1,11.6
2005-12-26,2.0,1.9,0.0
2005-12-28,3.0,6.5,4.2
2005-12-29,7.0,46.9,94.4
2005-12-30,37.0,2.4,0.0
2005-12-31,1.0,1.8,0.0
2006-01-01,0.0,1.0,0.0
2006-01-02,0.0,1.8,0.0
2006-01-03,3.0,2.4,0.0
2006-01-04,9.0,1.0,0.0
2006-01-05,19.0,6.6,4.0
2006-01-06,5.0,10.0,10.5
2006-01-07,6.0,18.9,45.6
2006-01-08,6.0,22.9,58.2
2006-01-09,50.0,3.6,0.0
2006-01-10,1.0,9.7,10.0
2006-01-11,6.0,17.5,23.9
2006-01-12,27.0,0.7,0.0
2006-01-13,4.0,69.2,71.2
2006-01-14,15.0,3.4,0.0
2006-01-15,3.0,15.5,18.3
2006-01-16,9.0,64.3,75.4
2006-01-17,44.0,6.4,2.9
2006-01-18,12.0,17.5,32.5
2006-01-19,12.0,4.4,0.0
2006-01-20,16.0,1.0,0.0
2006-01-21,7.0,2.5,0.0
2006-01-22,6.0,0.9,0.0
2006-01-23,5.0,12.4,13.9
2006-01-24,77.0,4.5,0.0
2006-01-25,14.0,2.5,0.0
2006-01-26,0.0,2.2,0.0
2006-01-27,0.0,1.1,0.0
2006-01-28,0.0,0.0,0.0
2006-01-29,0.0,0.0,0.0
2006-01-30,0.0,0.0,0.0
2006-01-31,0.0,0.4,0.0
2006-02-01,0.0,0.0,0.0
2006-02-02,4.0,0.0,0.0
2006-02-03,45.0,0.0,0.0
2006-02-04,0.0,3.5,0.0
2006-02-05,5.0,3.9,0.0
2006-02-06,2.0,0.3,0.0
2006-02-07,0.0,0.1,0.0
2006-02-08,0.0,0.1,0.0
2006-02-09,0.0,3.4,0.0
2006-02-10,0.0,41.4,75.0
2006-02-11,29.0,8.6,8.0
2006-02-12,87.0,0.5,0.0
2006-02-13,0.0,3.8,0.0
2006-02-14,1.0,8.5,7.8
2006-02-15,13.0,4.3,1.0
2006-02-16,1.0,2.8,0.0
2006-02-17,1.0,23.9,48.7
2006-02-18,6.0,5.4,2.0
2006-02-19,2.0,59.1,148.4
2006-02-20,10.0,2.7,0.0
2006-02-21,0.0,1.8,0.0
2006-02-22,0.0,2.0,0.0
2006-02-23,0.0,3.0,0.0
2006-02-24,0.0,3.8,0.0
2006-02-25,10.0,13.3,16.2
2006-02-26,100.0,0.7,0.0
2006-02-27,0.0,1.4,0.0
2006-02-28,0.0,0.4,0.0
2006-03-01,0.0,2.7,0.0
2006-03-02,0.0,0.8,0.0
2006-03-03,0.0,0.1,0.0
2006-03-04,0.0,0.0,0.0
2006-03-05,0.0,6.5,3.9
2006-03-06,19.0,0.3,0.0
2006-03-07,0.0,20.9,39.5
2006-03-08,3.0,0.0,0.0
2006-03-09,0.0,4.5,1.0
2006-03-10,6.0,0.0,0.0
2006-03-11,0.0,0.0,0.0
2006-03-12,6.0,11.4,10.5
2006-03-13,2.0,15.8,18.0
2006-03-14,49.0,2.3,0.0
2006-03-15,0.0,10.9,9.6
2006-03-16,17.0,13.5,14.1
2006-03-17,6.0,38.1,81.5
2006-03-18,30.0,11.8,11.1
2006-03-19,40.0,22.7,38.2
2006-03-20,10.0,1.8,0.0
2006-03-21,2.0,10.8,9.7
2006-03-22,10.0,29.9,62.8
2006-03-23,38.0,35.6,82.9
2006-03-24,20.0,12.4,12.6
2006-03-25,7.0,1.2,0.0
2006-03-26,2.0,31.1,66.7
2006-03-27,39.0,27.4,48.3
2006-03-28,1.0,1.3,0.0
2006-03-29,0.0,1.5,0.0
2006-03-30,20.0,1.2,0.0
2006-03-31,2.0,10.7,9.5
2006-04-01,72.0,0.6,0.0
2006-04-02,30.0,1.9,0.0
2006-04-03,44.0,6.2,2.9
2006-04-04,36.0,0.5,0.0
2006-04-05,1.0,0.3,0.0
2006-04-07,18.0,0.9,0.0
2006-04-09,26.0,4.1,1.0
2006-04-10,8.0,8.3,5.9
2006-04-11,20.0,27.5,39.7
2006-04-12,2.0,7.8,4.5
2006-04-13,10.0,7.6,4.3
2006-04-14,1.0,26.6,38.7
2006-04-15,18.0,13.0,12.2
2006-04-16,25.0,5.3,1.1
2006-04-18,1.0,4.6,1.0
2006-04-21,55.0,15.2,13.0
2006-04-22,18.0,6.7,1.8
2006-04-23,20.0,2.2,0.0
2006-04-24,3.0,3.8,0.0
2006-04-25,2.0,1.8,0.0
2006-04-26,1.0,14.1,11.4
2006-04-27,4.0,1.4,0.0
2006-04-29,4.0,2.1,0.0
2006-04-30,1.0,0.1,0.0
2006-05-01,0.0,0.1,0.0
2006-05-02,0.0,0.0,0.0
2006-05-03,0.0,5.0,2.3
2006-05-04,0.0,0.4,0.0
2006-05-05,0.0,2.9,0.0
2006-05-06,20.0,0.3,0.0
2006-05-07,2.0,0.0,0.0
2006-05-08,0.0,0.2,0.0
2006-05-09,0.0,0.2,0.0
2006-05-10,25.0,0.2,0.0
2006-05-11,10.0,11.0,11.8
2006-05-12,30.0,6.5,4.1
2006-05-13,6.0,1.1,0.0
2006-05-14,0.0,1.2,0.0
2006-05-15,0.0,3.4,0.0
2006-05-16,0.0,0.1,0.0
2006-05-17,0.0,0.3,0.0
2006-05-18,0.0,3.7,0.0
2006-05-19,0.0,0.0,0.0
2006-05-20,0.0,2.3,0.0
2006-05-21,1.0,1.5,0.0
2006-05-22,0.0,13.3,16.0
2006-05-23,14.0,0.6,0.0
2006-05-24,0.0,8.0,7.0
2006-05-25,20.0,2.0,0.0
2006-05-26,0.0,15.2,18.5
2006-05-27,5.0,8.6,8.2
2006-05-28,7.0,5.2,2.4
2006-05-29,0.0,2.9,0.0
2006-05-30,0.0,0.8,0.0
2006-05-31,0.0,0.0,0.0
2006-06-01,0.0,2.4,0.0
2006-06-02,4.0,0.8,0.0
2006-06-03,0.0,0.1,0.0
2006-06-04,0.0,0.1,0.0
2006-06-05,0.0,0.6,0.0
2006-06-06,0.0,39.2,109.4
2006-06-07,13.0,9.1,14.9
2006-06-08,30.0,7.5,10.2
2006-06-09,10.0,1.1,0.0
2006-06-10,0.0,7.1,9.1
2006-06-11,3.0,0.7,0.0
2006-06-12,2.0,9.1,12.4
2006-06-13,8.0,1.3,0.0
2006-06-14,4.0,4.6,1.3
2006-06-15,0.0,18.1,40.5
2006-06-16,38.0,27.2,71.7
2006-06-17,7.0,0.5,0.0
2006-06-18,0.0,31.1,93.2
2006-06-19,70.0,19.6,49.4
2006-06-20,40.0,3.2,0.0
2006-06-21,0.0,0.8,0.0
2006-06-22,0.0,9.8,15.4
2006-06-23,1.0,53.4,102.8
2006-06-24,83.0,15.3,41.5
2006-06-25,2.0,0.3,0.0
2006-06-26,0.0,0.2,0.0
2006-06-27,0.0,0.0,0.0
2006-06-28,0.0,0.0,0.0
2006-06-29,0.0,0.0,0.0
2006-06-30,0.0,0.0,0.0
2006-07-01,0.0,0.1,0.0
2006-07-02,0.0,0.0,0.0
2006-07-03,0.0,1.3,0.0
2006-07-04,0.0,0.1,0.0
2006-07-05,0.0,0.1,0.0
2006-07-06,2.0,0.0,0.0
2006-07-07,0.0,0.1,0.0
2006-07-08,0.0,0.0,0.0
2006-07-09,0.0,20.4,46.4
2006-07-10,0.0,2.0,0.0
2006-07-11,0.0,5.8,4.4
2006-07-12,8.0,5.5,3.8
2006-07-13,0.0,2.4,0.0
2006-07-14,0.0,0.0,0.0
2006-07-15,0.0,0.0,0.0
2006-07-16,2.0,0.0,0.0
2006-07-17,2.0,0.3,0.0
2006-07-18,3.0,0.2,0.0
2006-07-19,0.0,4.1,1.1
2006-07-20,0.0,0.1,0.0
2006-07-21,1.0,0.2,0.0
2006-07-22,0.0,1.4,0.0
2006-07-23,0.0,2.0,0.0
2006-07-24,0.0,1.0,0.0
2006-07-25,0.0,4.1,1.0
2006-07-26,1.0,0.0,0.0
2006-07-27,13.0,26.1,84.9
2006-07-28,15.0,13.1,41.3
2006-07-29,4.0,3.5,0.0
2006-07-30,21.0,20.7,61.8
2006-07-31,1.0,3.6,0.0
2006-08-02,28.0,0.7,0.0
2006-08-03,4.0,0.0,0.0
2006-08-04,4.0,0.5,0.0
2006-08-05,0.0,0.0,0.0
2006-08-06,0.0,0.0,0.0
2006-08-07,0.0,11.2,40.3
2006-08-08,36.0,5.1,6.4
2006-08-09,11.0,3.2,1.0
2006-08-10,3.0,5.1,6.3
2006-08-11,0.0,0.5,0.0
2006-08-12,0.0,0.6,0.0
2006-08-13,0.0,0.4,0.0
2006-08-14,0.0,1.1,0.0
2006-08-15,0.0,0.2,0.0
2006-08-16,0.0,6.6,4.0
2006-08-17,0.0,2.9,0.0
2006-08-18,30.0,3.1,0.0
2006-08-19,1.0,0.0,0.0
2006-08-20,0.0,2.6,0.0
2006-08-21,1.0,0.1,0.0
2006-08-22,0.0,0.0,0.0
2006-08-23,0.0,0.0,0.0
2006-08-24,0.0,0.7,0.0
2006-08-25,0.0,0.2,0.0
2006-08-26,4.0,0.7,0.0
2006-08-27,22.0,28.5,58.4
2006-08-28,18.0,5.1,1.0
2006-08-29,0.0,15.5,28.8
2006-08-30,15.0,20.5,35.8
2006-08-31,16.0,25.8,53.5
2006-09-01,62.0,3.5,1.0
2006-09-02,0.0,0.3,0.0
2006-09-03,0.0,28.3,57.2
2006-09-04,54.0,5.7,4.5
2006-09-05,20.0,37.6,67.9
2006-09-06,15.0,6.2,5.6
2006-09-07,5.0,4.5,2.2
2006-09-08,30.0,7.8,8.6
2006-09-09,24.0,3.0,0.0
2006-09-10,6.0,0.0,0.0
2006-09-13,0.0,4.3,0.0
2006-09-14,95.0,6.8,3.5
2006-09-15,2.0,6.4,2.7
2006-09-16,2.0,2.5,0.0
2006-09-17,29.0,15.9,22.6
2006-09-18,8.0,15.6,20.5
2006-09-19,6.0,3.2,0.0
2006-09-21,11.0,5.2,2.7
2006-09-22,19.0,6.1,4.8
2006-09-23,15.0,0.2,0.0
2006-09-24,7.0,4.4,1.2
2006-10-02,3.0,6.5,8.3
2006-10-07,100.0,1.4,0.0
2006-10-12,1.0,3.1,1.0
2006-10-13,10.0,0.8,0.0
2006-10-15,20.0,11.6,14.6
2006-10-17,3.0,0.0,0.0
2006-10-18,0.0,0.2,0.0
2006-10-19,1.0,0.0,0.0
2006-10-21,4.0,1.6,0.0
2006-10-22,1.0,3.4,0.0
2006-10-24,1.0,1.9,0.0
2006-10-25,0.0,3.4,0.0
2006-10-28,59.0,16.2,16.8
2006-10-29,10.0,15.4,15.6
2006-10-30,7.0,10.1,7.9
2006-10-31,23.0,5.9,2.0
2006-11-01,1.0,20.5,25.0
2006-11-02,34.0,4.7,2.9
2006-11-03,13.0,2.1,0.0
2006-11-04,1.0,0.2,0.0
2006-11-08,20.0,2.5,0.0
2006-11-09,9.0,0.0,0.0
2006-11-10,0.0,18.2,23.2
2006-11-11,16.0,12.5,14.4
2006-11-12,6.0,38.7,94.4
2006-11-13,30.0,6.7,3.2
2006-11-14,11.0,6.3,2.6
2006-11-15,10.0,8.4,6.1
2006-11-16,1.0,0.6,0.0
2006-11-17,0.0,0.9,0.0
2006-11-18,5.0,3.5,0.0
2006-11-19,2.0,19.6,30.7
2006-11-20,13.0,0.2,0.0
2006-11-21,1.0,1.2,0.0
2006-11-22,0.0,17.4,22.3
2006-11-23,4.0,30.1,48.7
2006-11-24,19.0,28.7,45.1
2006-11-25,16.0,0.1,0.0
2006-11-27,17.0,84.5,149.4
2006-11-28,70.0,11.5,12.1
2006-11-29,1.0,0.5,0.0
2006-11-30,2.0,16.9,21.5
2006-12-01,2.0,43.3,85.0
2006-12-02,19.0,36.5,64.2
2006-12-03,17.0,4.5,1.0
2006-12-04,19.0,1.6,0.0
2006-12-06,2.0,13.4,14.6
2006-12-07,30.0,25.6,39.4
2006-12-08,9.0,16.2,19.5
2006-12-09,4.0,11.6,11.5
2006-12-10,20.0,27.9,44.5
2006-12-11,10.0,9.8,6.4
2006-12-12,1.0,16.2,14.5
2006-12-13,1.0,49.2,69.6
2006-12-14,20.0,42.8,59.3
2006-12-15,20.0,2.0,0.0
2006-12-16,23.0,3.1,0.0
2006-12-18,7.0,5.0,1.0
2006-12-19,2.0,11.1,8.1
2006-12-20,6.0,2.4,0.0
2006-12-21,0.0,9.2,8.4
2006-12-22,9.0,16.0,19.9
2006-12-23,62.0,1.0,0.0
2006-12-24,9.0,3.0,0.0
2006-12-25,36.0,6.4,4.1
2006-12-26,0.0,12.1,13.2
2006-12-27,1.0,46.8,90.6
2006-12-28,22.0,33.2,73.8
2006-12-29,29.0,8.6,7.5
2006-12-31,0.0,5.7,2.9
2007-01-01,0.0,36.2,85.7
2007-01-02,0.0,19.4,43.8
2007-01-03,0.0,47.3,101.6
2007-01-04,0.0,5.6,2.4
2007-01-05,0.0,2.1,0.0
2007-01-06,0.0,1.1,0.0
2007-01-07,0.0,4.7,1.0
2007-01-08,0.0,0.6,0.0
2007-01-09,0.0,0.5,0.0
2007-01-10,0.0,7.8,6.4
2007-01-11,0.0,30.2,58.7
2007-01-12,0.0,4.1,0.0
2007-01-13,0.0,15.7,22.5
2007-01-14,0.0,10.2,9.3
2007-01-15,0.0,3.6,0.0
2007-01-16,0.0,0.5,0.0
2007-01-17,0.0,17.4,25.8
2007-01-18,0.0,3.4,0.0
2007-01-19,0.0,0.0,0.0
2007-01-20,0.0,51.7,76.5
2007-01-21,0.0,2.2,0.0
2007-01-22,0.0,57.9,178.8
2007-01-23,0.0,1.3,0.0
2007-01-24,0.0,5.7,1.5
2007-01-25,0.0,2.9,0.0
2007-01-26,0.0,0.1,0.0
2007-01-27,0.0,3.1,0.0
2007-01-28,0.0,2.1,0.0
2007-01-29,0.0,0.7,0.0
2007-01-30,0.0,0.0,0.0
2007-01-31,0.0,0.0,0.0
2007-02-01,0.0,0.0,0.0
2007-02-02,0.0,2.0,0.0
2007-02-03,0.0,4.7,0.0
2007-02-04,0.0,0.0,0.0
2007-02-05,0.0,0.0,0.0
2007-02-06,0.0,0.0,0.0
2007-02-07,0.0,0.0,0.0
2007-02-08,0.0,0.0,0.0
2007-02-09,0.0,0.0,0.0
2007-02-10,0.0,0.0,0.0
2007-02-11,0.0,0.1,0.0
2007-02-12,0.0,10.3,11.5
2007-02-13,0.0,26.4,61.0
2007-02-14,0.0,2.7,0.0
2007-02-15,0.0,6.9,4.7
2007-02-16,0.0,71.0,148.4
2007-02-17,0.0,5.6,2.3
2007-02-18,0.0,39.8,103.2
2007-02-19,0.0,2.9,0.0
2007-02-20,0.0,9.4,9.7
2007-02-21,0.0,20.4,29.6
2007-02-22,0.0,26.2,48.3
2007-02-23,0.0,0.8,0.0
2007-02-24,0.0,22.6,49.1
2007-02-25,0.0,6.0,2.9
2007-02-26,0.0,28.8,51.6
2007-02-27,0.0,5.0,1.4
2007-02-28,0.0,26.6,55.3
2007-03-01,0.0,5.3,1.8
2007-03-02,0.0,1.1,0.0
2007-03-03,0.0,1.9,0.0
2007-03-04,0.0,0.4,0.0
2007-03-05,0.0,0.8,0.0
2007-03-06,0.0,2.1,0.0
2007-03-07,0.0,0.4,0.0
2007-03-08,0.0,0.6,0.0
2007-03-09,0.0,0.0,0.0
2007-03-10,0.0,1.0,0.0
2007-03-11,0.0,0.6,0.0
2007-03-12,0.0,1.0,0.0
2007-03-13,0.0,5.3,1.6
2007-03-14,0.0,5.5,1.9
2007-03-15,0.0,17.4,24.3
2007-03-16,0.0,11.3,10.2
2007-03-17,0.0,2.9,0.0
2007-03-18,0.0,39.4,84.5
2007-03-19,0.0,46.8,103.3
2007-03-20,0.0,39.9,87.8
2007-03-21,0.0,13.0,13.8
2007-03-22,0.0,1.9,0.0
2007-03-23,0.0,4.6,0.0
2007-03-24,0.0,0.9,0.0
2007-03-25,0.0,8.6,5.8
2007-03-26,0.0,1.1,0.0
2007-03-27,0.0,3.8,0.0
2007-03-28,0.0,7.7,4.3
2007-03-29,0.0,3.8,0.0
2007-03-30,0.0,19.1,25.2
2007-03-31,0.0,12.8,13.5
2007-04-01,0.0,8.8,6.7
2007-04-02,0.0,10.7,9.7
2007-04-03,0.0,18.3,21.4
2007-04-04,0.0,38.3,62.5
2007-04-05,0.0,0.1,0.0
2007-04-06,0.0,1.3,0.0
2007-04-07,0.0,0.0,0.0
2007-04-08,0.0,6.2,2.8
2007-04-09,0.0,2.7,0.0
2007-04-10,0.0,6.1,2.8
2007-04-11,0.0,6.0,2.1
2007-04-12,0.0,16.3,17.4
2007-04-13,0.0,14.6,14.8
2007-04-14,0.0,5.5,1.4
2007-04-15,0.0,27.2,39.4
2007-04-16,0.0,4.1,0.0
2007-04-17,0.0,25.2,36.7
2007-04-18,0.0,0.2,0.0
2007-04-19,0.0,4.2,0.0
2007-04-20,0.0,0.8,0.0
2007-04-21,0.0,3.2,0.0
2007-04-22,0.0,14.9,12.7
2007-04-23,0.0,24.3,34.3
2007-04-24,0.0,8.5,3.8
2007-04-25,0.0,10.5,6.3
2007-04-26,0.0,0.2,0.0
2007-04-27,0.0,9.6,5.2
2007-04-28,0.0,5.6,1.0
2007-04-29,0.0,1.2,0.0
2007-04-30,0.0,5.6,1.0
2007-05-01,0.0,3.8,1.0
2007-05-02,0.0,9.4,9.4
2007-05-03,0.0,7.7,6.4
2007-05-04,0.0,0.7,0.0
2007-05-05,0.0,3.9,1.0
2007-05-06,0.0,0.2,0.0
2007-05-07,0.0,0.1,0.0
2007-05-08,0.0,7.0,5.3
2007-05-09,0.0,2.0,0.0
2007-05-10,0.0,12.8,14.5
2007-05-11,0.0,2.7,0.0
2007-05-12,0.0,4.3,1.0
2007-05-13,0.0,5.1,1.7
2007-05-14,0.0,14.5,19.5
2007-05-15,0.0,0.8,0.0
2007-05-16,0.0,18.7,35.3
2007-05-17,0.0,2.7,0.0
2007-05-18,0.0,0.9,0.0
2007-05-19,0.0,1.2,0.0
2007-05-20,0.0,16.8,31.2
2007-05-21,0.0,10.3,10.2
2007-05-22,0.0,3.5,0.0
2007-05-23,0.0,0.1,0.0
2007-05-24,0.0,0.0,0.0
2007-05-25,0.0,4.0,1.0
2007-05-26,0.0,13.4,16.6
2007-05-27,0.0,0.0,0.0
2007-05-28,0.0,5.4,2.8
2007-05-29,0.0,8.2,7.5
2007-05-30,0.0,5.3,2.6
2007-05-31,0.0,1.3,0.0
2007-06-01,0.0,2.8,0.0
2007-06-02,0.0,6.9,8.4
2007-06-03,0.0,6.1,6.5
2007-06-04,0.0,9.6,16.3
2007-06-05,0.0,11.7,27.1
2007-06-06,0.0,3.1,0.0
2007-06-07,0.0,19.9,62.0
2007-06-08,0.0,0.1,0.0
2007-06-09,0.0,0.2,0.0
2007-06-10,0.0,12.6,39.9
2007-06-11,0.0,7.0,6.9
2007-06-12,0.0,1.8,0.0
2007-06-13,0.0,0.9,0.0
2007-06-14,0.0,1.5,0.0
2007-06-15,0.0,20.7,48.5
2007-06-16,0.0,18.6,59.8
2007-06-17,0.0,3.6,0.0
2007-06-18,0.0,2.1,0.0
2007-06-19,0.0,0.7,0.0
2007-06-20,0.0,2.1,0.0
2007-06-21,0.0,0.0,0.0
2007-06-22,0.0,3.7,1.3
2007-06-23,0.0,0.2,0.0
2007-06-24,0.0,0.4,0.0
2007-06-25,0.0,3.6,1.1
2007-06-26,0.0,0.2,0.0
2007-06-27,0.0,0.0,0.0
2007-06-28,0.0,0.9,0.0
2007-06-29,0.0,1.3,0.0
2007-06-30,0.0,0.0,0.0
2007-07-01,0.0,0.1,0.0
2007-07-02,0.0,0.0,0.0
2007-07-03,0.0,0.2,0.0
2007-07-04,0.0,0.1,0.0
2007-07-05,0.0,3.3,0.0
2007-07-06,0.0,4.2,1.0
2007-07-07,0.0,4.9,1.6
2007-07-08,0.0,10.4,17.0
2007-07-09,0.0,3.8,0.0
2007-07-10,0.0,1.2,0.0
2007-07-11,0.0,3.7,1.0
2007-07-12,0.0,4.1,1.2
2007-07-13,0.0,1.4,0.0
2007-07-14,0.0,0.0,0.0
2007-07-15,0.0,22.3,53.2
2007-07-16,0.0,2.7,0.0
2007-07-17,0.0,1.8,0.0
2007-07-18,0.0,9.0,12.0
2007-07-19,0.0,3.7,1.0
2007-07-20,0.0,9.2,12.4
2007-07-21,0.0,6.2,5.4
2007-07-22,0.0,45.6,150.7
2007-07-23,0.0,4.4,1.0
2007-07-24,0.0,8.9,12.3
2007-07-25,0.0,0.3,0.0
2007-07-26,0.0,12.0,43.5
2007-07-27,0.0,1.3,0.0
2007-07-28,0.0,1.8,0.0
2007-07-29,0.0,0.6,0.0
2007-07-30,0.0,0.3,0.0
2007-07-31,0.0,7.8,10.5
2007-08-01,0.0,2.1,0.0
2007-08-02,0.0,0.0,0.0
2007-08-03,0.0,0.0,0.0
2007-08-04,0.0,0.0,0.0
2007-08-05,0.0,0.0,0.0
2007-08-06,0.0,0.0,0.0
2007-08-07,0.0,2.0,0.0
2007-08-08,0.0,0.1,0.0
2007-08-09,0.0,0.3,0.0
2007-08-10,0.0,0.6,0.0
2007-08-11,0.0,0.1,0.0
2007-08-12,0.0,2.5,0.0
2007-08-13,0.0,0.5,0.0
2007-08-14,0.0,0.1,0.0
2007-08-15,0.0,0.9,0.0
2007-08-16,0.0,0.0,0.0
2007-08-17,0.0,0.7,0.0
2007-08-18,0.0,4.0,0.0
2007-08-19,0.0,6.1,3.1
2007-08-20,0.0,14.8,21.6
2007-08-21,0.0,4.9,1.0
2007-08-22,0.0,0.2,0.0
2007-08-23,0.0,44.8,99.7
2007-08-24,0.0,4.0,0.0
2007-08-25,0.0,1.3,0.0
2007-08-26,0.0,0.0,0.0
2007-08-27,0.0,2.3,0.0
2007-08-28,0.0,1.5,0.0
2007-08-29,0.0,0.2,0.0
2007-08-30,0.0,0.6,0.0
2007-08-31,0.0,0.2,0.0
2007-09-01,0.0,0.3,0.0
2007-09-02,0.0,28.5,58.6
2007-09-03,0.0,33.9,64.1
2007-09-04,0.0,2.2,0.0
2007-09-05,0.0,4.4,2.1
2007-09-06,0.0,0.7,0.0
2007-09-07,0.0,26.2,63.9
2007-09-08,0.0,14.2,21.3
2007-09-09,0.0,0.6,0.0
2007-09-10,0.0,2.2,0.0
2007-09-11,0.0,13.0,16.3
2007-09-12,0.0,1.2,0.0
2007-09-13,0.0,28.1,64.9
2007-09-14,0.0,4.4,0.0
2007-09-15,0.0,7.8,5.5
2007-09-16,0.0,5.5,1.1
2007-09-17,0.0,0.0,0.0
2007-09-18,0.0,3.1,0.0
2007-09-19,0.0,16.7,33.1
2007-09-20,0.0,1.0,0.0
2007-09-21,0.0,2.1,0.0
2007-09-22,0.0,1.6,0.0
2007-09-23,0.0,4.6,1.6
2007-09-24,0.0,9.2,12.5
2007-09-25,0.0,13.3,27.0
2007-09-26,0.0,14.4,25.5
2007-09-27,0.0,0.5,0.0
2007-09-28,0.0,0.1,0.0
2007-09-29,0.0,0.1,0.0
2007-09-30,0.0,4.6,1.6
2007-10-01,0.0,6.3,7.9
2007-10-02,0.0,0.6,0.0
2007-10-03,0.0,0.0,0.0
2007-10-04,0.0,0.5,0.0
2007-10-05,0.0,0.0,0.0
2007-10-06,0.0,9.9,16.6
2007-10-07,0.0,6.4,8.2
2007-10-08,0.0,10.6,18.5
2007-10-09,0.0,9.0,14.4
2007-10-10,0.0,3.7,1.8
2007-10-11,0.0,4.9,3.0
2007-10-12,0.0,2.2,0.0
2007-10-13,0.0,8.4,8.7
2007-10-14,0.0,3.5,1.0
2007-10-15,0.0,23.3,48.7
2007-10-16,0.0,0.7,0.0
2007-10-17,0.0,7.1,6.5
2007-10-18,0.0,2.7,1.0
2007-10-19,0.0,8.6,9.0
2007-10-20,0.0,5.6,4.1
2007-10-21,0.0,21.3,31.8
2007-10-22,0.0,19.2,30.2
2007-10-23,0.0,11.1,9.2
2007-10-24,0.0,2.9,0.0
2007-10-25,0.0,0.2,0.0
2007-10-26,0.0,7.3,3.8
2007-10-27,0.0,5.8,1.9
2007-10-28,0.0,5.0,1.0
2007-10-29,0.0,6.8,3.3
2007-10-30,0.0,11.1,9.3
2007-10-31,0.0,4.5,1.0
2007-11-01,0.0,0.5,0.0
2007-11-02,0.0,28.4,42.2
2007-11-03,0.0,4.2,2.1
2007-11-04,0.0,4.4,2.4
2007-11-05,0.0,4.5,2.5
2007-11-06,0.0,5.0,3.4
2007-11-07,0.0,6.1,5.0
2007-11-08,0.0,13.7,16.5
2007-11-09,0.0,12.0,13.8
2007-11-10,0.0,10.6,11.7
2007-11-11,0.0,1.0,0.0
2007-11-12,0.0,2.8,0.0
2007-11-13,0.0,3.6,0.0
2007-11-14,0.0,3.5,0.0
2007-11-15,0.0,6.0,2.2
2007-11-16,0.0,4.2,1.0
2007-11-17,0.0,2.1,0.0
2007-11-18,0.0,0.3,0.0
2007-11-19,0.0,5.4,1.4
2007-11-20,0.0,9.1,7.4
2007-11-21,0.0,3.2,0.0
2007-11-22,0.0,0.4,0.0
2007-11-23,0.0,1.2,0.0
2007-11-24,0.0,0.3,0.0
2007-11-25,0.0,1.3,0.0
2007-11-26,0.0,1.7,0.0
2007-11-27,0.0,9.0,7.9
2007-11-28,0.0,4.4,1.1
2007-11-29,0.0,15.8,19.5
2007-11-30,0.0,0.3,0.0
2007-12-01,0.0,0.1,0.0
2007-12-02,0.0,0.3,0.0
2007-12-03,0.0,0.0,0.0
2007-12-04,0.0,0.0,0.0
2007-12-05,0.0,0.6,0.0
2007-12-06,0.0,13.4,14.6
2007-12-07,0.0,3.2,0.0
2007-12-08,0.0,51.1,110.9
2007-12-09,0.0,59.0,149.7
2007-12-10,0.0,16.1,19.2
2007-12-11,0.0,4.9,1.0
2007-12-12,0.0,10.8,7.7
2007-12-13,0.0,4.2,0.0
2007-12-14,0.0,18.2,17.2
2007-12-15,0.0,3.8,0.0
2007-12-16,0.0,11.9,9.1
2007-12-17,0.0,41.7,56.2
2007-12-18,0.0,1.2,0.0
2007-12-19,0.0,7.7,3.8
2007-12-20,0.0,10.7,7.6
2007-12-21,0.0,3.5,0.0
2007-12-22,0.0,49.0,91.0
2007-12-23,0.0,3.2,0.0
2007-12-24,0.0,17.3,29.3
2007-12-25,0.0,21.6,40.3
2007-12-26,0.0,0.7,0.0
2007-12-27,0.0,1.3,0.0
2007-12-28,0.0,9.8,9.4
2007-12-29,0.0,3.4,0.0
2007-12-30,0.0,3.2,0.0
2007-12-31,0.0,2.1,0.0
2008-01-01,0.0,0.3,0.0
2008-01-02,0.0,0.4,0.0
2008-01-03,0.0,9.7,10.0
2008-01-04,0.0,0.3,0.0
2008-01-05,0.0,0.1,0.0
2008-01-06,0.0,1.1,0.0
2008-01-07,0.0,10.9,12.2
2008-01-08,0.0,1.1,0.0
2008-01-09,0.0,5.6,2.4
2008-01-10,0.0,1.8,0.0
2008-01-11,0.0,0.0,0.0
2008-01-12,0.0,0.0,0.0
2008-01-13,0.0,2.7,0.0
2008-01-14,0.0,0.4,0.0
2008-01-15,0.0,0.4,0.0
2008-01-16,0.0,0.1,0.0
2008-01-17,0.0,11.2,11.0
2008-01-18,0.0,20.2,37.1
2008-01-19,0.0,9.9,8.8
2008-01-20,0.0,3.4,0.0
2008-01-21,0.0,8.5,6.3
2008-01-22,0.0,2.2,0.0
2008-01-23,0.0,3.8,0.0
2008-01-24,0.0,3.0,0.0
2008-01-25,0.0,0.6,0.0
2008-01-26,0.0,2.0,0.0
2008-01-27,0.0,1.1,0.0
2008-01-28,0.0,7.5,4.5
2008-01-29,0.0,6.8,3.3
2008-01-30,0.0,11.4,11.9
2008-01-31,0.0,23.8,49.5
2008-02-01,0.0,2.6,0.0
2008-02-02,0.0,0.8,0.0
2008-02-03,0.0,4.6,0.0
2008-02-04,0.0,1.0,0.0
2008-02-05,0.0,0.8,0.0
2008-02-06,0.0,2.3,0.0
2008-02-07,0.0,0.0,0.0
2008-02-08,0.0,10.7,8.0
2008-02-09,0.0,2.3,0.0
2008-02-10,0.0,2.4,0.0
2008-02-11,0.0,2.2,0.0
2008-02-12,0.0,1.0,0.0
2008-02-13,0.0,1.3,0.0
2008-02-14,0.0,1.9,0.0
2008-02-15,0.0,12.9,15.4
2008-02-16,0.0,2.0,0.0
2008-02-17,0.0,1.6,0.0
2008-02-18,0.0,1.0,0.0
2008-02-19,0.0,3.4,0.0
2008-02-20,0.0,20.1,36.8
2008-02-21,0.0,6.2,3.3
2008-02-22,0.0,3.0,0.0
2008-02-23,0.0,2.0,0.0
2008-02-24,0.0,16.4,22.2
2008-02-25,0.0,12.3,14.2
2008-02-26,0.0,19.1,25.8
2008-02-27,0.0,9.5,9.1
2008-02-28,0.0,7.8,6.0
2008-02-29,0.0,5.2,1.6
2008-03-01,1.0,0.6,0.0
2008-03-03,12.0,4.7,1.0
2008-03-04,1.0,0.5,0.0
2008-03-06,4.0,0.0,0.0
2008-03-08,43.0,19.3,38.8
2008-03-09,20.0,6.2,3.3
2008-03-10,7.0,14.0,23.0
2008-03-11,10.0,23.0,41.5
2008-03-12,19.0,10.1,8.3
2008-03-13,9.0,72.4,117.4
2008-03-14,40.0,12.7,12.6
2008-03-15,6.0,15.3,17.2
2008-03-16,11.0,0.2,0.0
2008-03-17,2.0,9.5,7.4
2008-03-18,40.0,2.7,0.0
2008-03-19,62.0,7.2,4.0
2008-03-20,2.0,0.2,0.0
2008-03-22,12.0,5.5,1.0
2008-03-23,9.0,2.8,0.0
2008-03-25,7.0,13.1,14.1
2008-03-26,24.0,0.0,0.0
2008-03-28,3.0,0.2,0.0
2008-03-31,7.0,0.3,0.0
2008-04-03,1.0,0.0,0.0
2008-04-04,3.0,1.6,0.0
2008-04-05,6.0,2.2,0.0
2008-04-06,8.0,0.1,0.0
2008-04-08,2.0,8.3,5.9
2008-04-09,6.0,0.2,0.0
2008-04-10,1.0,18.5,24.4
2008-04-11,8.0,0.9,0.0
2008-04-12,1.0,0.7,0.0
2008-04-13,2.0,11.6,10.1
2008-04-14,37.0,4.1,0.0
2008-04-15,27.0,19.1,21.0
2008-04-16,67.0,12.5,11.4
2008-04-17,15.0,4.6,1.0
2008-04-18,0.0,10.5,8.5
2008-04-19,15.0,5.3,1.1
2008-04-20,10.0,3.5,0.0
2008-04-21,24.0,41.3,73.6
2008-04-22,70.0,27.5,40.5
2008-04-23,17.0,2.4,0.0
2008-04-24,10.0,7.8,3.0
2008-04-25,3.0,0.4,0.0
2008-04-29,4.0,0.7,0.0
2008-04-30,5.0,5.9,1.0
2008-05-01,2.0,0.3,0.0
2008-05-04,4.0,6.4,4.4
2008-05-06,90.0,0.2,0.0
2008-05-07,27.0,0.1,0.0
2008-05-11,1.0,0.2,0.0
2008-05-23,1.0,0.6,0.0
2008-05-24,3.0,3.8,1.0
2008-05-26,20.0,4.0,1.0
2008-05-27,17.0,38.4,78.5
2008-05-28,23.0,9.7,10.1
2008-05-30,9.0,8.2,7.5
2008-05-31,4.0,0.2,0.0
2008-06-01,0.0,0.1,0.0
2008-06-02,0.0,0.1,0.0
2008-06-03,0.0,40.3,119.5
2008-06-04,0.0,3.0,0.0
2008-06-05,0.0,14.0,47.8
2008-06-06,0.0,1.8,0.0
2008-06-07,0.0,11.5,33.9
2008-06-08,0.0,2.1,0.0
2008-06-09,0.0,1.2,0.0
2008-06-10,0.0,0.0,0.0
2008-06-11,0.0,0.9,0.0
2008-06-12,0.0,0.3,0.0
2008-06-13,0.0,0.1,0.0
2008-06-14,0.0,0.1,0.0
2008-06-15,0.0,0.2,0.0
2008-06-16,0.0,5.0,2.1
2008-06-17,0.0,1.3,0.0
2008-06-18,0.0,9.5,16.0
2008-06-19,0.0,14.4,32.7
2008-06-20,0.0,0.2,0.0
2008-06-21,0.0,0.2,0.0
2008-06-22,0.0,0.1,0.0
2008-06-23,0.0,0.7,0.0
2008-06-24,0.0,5.1,4.3
2008-06-25,0.0,0.3,0.0
2008-06-26,0.0,5.9,6.0
2008-06-27,0.0,3.6,1.1
2008-06-28,0.0,0.0,0.0
2008-06-29,0.0,1.3,0.0
2008-06-30,0.0,6.0,6.3
2008-07-01,1.0,0.2,0.0
2008-07-02,0.0,4.4,1.0
2008-07-04,3.0,5.5,2.7
2008-07-06,8.0,0.0,0.0
2008-07-08,8.0,4.0,1.0
2008-07-09,0.0,2.5,0.0
2008-07-11,19.0,3.3,1.0
2008-07-12,1.0,2.1,0.0
2008-07-13,29.0,11.0,26.4
2008-07-14,5.0,9.3,12.7
2008-07-15,28.0,0.8,0.0
2008-07-17,2.0,1.2,0.0
2008-07-18,4.0,0.1,0.0
2008-07-21,4.0,35.4,147.4
2008-07-22,25.0,4.5,1.3
2008-07-26,1.0,21.8,66.6
2008-07-27,1.0,3.6,0.0
2008-08-08,22.0,0.0,0.0
2008-08-10,3.0,11.6,36.9
2008-08-11,1.0,2.5,0.0
2008-08-13,0.0,0.5,0.0
2008-08-15,2.0,6.4,3.7
2008-08-16,5.0,0.3,0.0
2008-08-19,3.0,17.6,37.3
2008-08-21,5.0,17.7,28.4
2008-08-22,8.0,10.2,9.6
2008-08-24,86.0,2.4,0.0
2008-08-25,1.0,8.8,7.0
2008-08-26,36.0,29.0,63.7
2008-08-27,8.0,32.5,73.8
2008-08-28,36.0,20.5,35.1
2008-08-29,7.0,28.2,59.1
2008-08-30,10.0,13.5,16.1
2008-08-31,8.0,53.4,119.2
2008-09-01,6.0,19.8,44.2
2008-09-02,37.0,4.5,2.2
2008-09-03,12.0,11.4,15.8
2008-09-04,36.0,52.6,83.6
2008-09-05,26.0,13.3,19.6
2008-09-06,19.0,12.0,17.1
2008-09-07,36.0,4.2,1.6
2008-09-08,8.0,14.1,21.1
2008-09-09,1.0,11.1,15.2
2008-09-10,77.0,2.5,0.0
2008-09-11,37.0,15.0,19.4
2008-09-13,18.0,2.4,0.0
2008-09-14,1.0,14.2,18.9
2008-09-15,10.0,9.4,8.6
2008-09-16,1.0,9.1,8.0
2008-09-17,1.0,1.7,0.0
2008-09-23,1.0,7.8,8.9
2008-09-24,19.0,0.1,0.0
2008-09-25,19.0,15.2,43.1
2008-09-26,36.0,6.8,6.3
2008-09-27,2.0,0.1,0.0
2008-09-28,2.0,0.2,0.0
2008-09-29,14.0,13.6,25.7
2008-09-30,17.0,19.6,68.6
2008-10-02,19.0,10.9,19.2
2008-10-03,5.0,4.3,3.0
2008-10-04,2.0,2.0,0.0
2008-10-05,23.0,17.9,48.7
2008-10-06,33.0,41.4,112.2
2008-10-07,22.0,4.6,3.7
2008-10-08,10.0,3.6,1.5
2008-10-09,1.0,4.2,2.8
2008-10-10,3.0,0.3,0.0
2008-10-11,0.0,1.1,0.0
2008-10-13,45.0,15.1,20.3
2008-10-14,10.0,4.6,2.5
2008-10-15,0.0,1.6,0.0
2008-10-16,5.0,19.3,37.5
2008-10-17,24.0,6.0,4.6
2008-10-18,2.0,22.2,45.5
2008-10-19,3.0,4.2,2.0
2008-10-21,8.0,13.4,12.6
2008-10-22,11.0,9.4,6.8
2008-10-23,1.0,8.2,5.1
2008-10-30,49.0,3.1,0.0
2008-11-01,13.0,14.0,16.9
2008-11-02,28.0,18.4,23.5
2008-11-03,8.0,1.9,0.0
2008-11-05,1.0,14.8,18.0
2008-11-06,20.0,1.1,0.0
2008-11-07,2.0,4.6,2.7
2008-11-08,28.0,0.9,0.0
2008-11-09,18.0,4.3,2.2
2008-11-10,19.0,4.3,2.3
2008-11-11,3.0,4.4,1.0
2008-11-12,10.0,64.6,200.0
2008-11-13,60.0,5.8,1.9
2008-11-15,17.0,20.1,32.0
2008-11-16,20.0,27.4,55.9
2008-11-17,38.0,16.8,24.2
2008-11-18,4.0,52.2,143.2
2008-11-19,6.0,3.8,0.0
2008-11-21,10.0,1.3,0.0
2008-11-22,3.0,1.7,0.0
2008-11-24,1.0,1.7,0.0
2008-11-27,13.0,0.5,0.0
2008-11-28,1.0,0.0,0.0
2008-11-29,1.0,0.0,0.0
2008-11-30,4.0,1.1,0.0
2008-12-04,4.0,56.0,134.8
2008-12-05,78.0,19.7,25.7
2008-12-06,26.0,5.0,1.0
2008-12-07,25.0,32.1,55.3
2008-12-08,70.0,20.2,26.6
2008-12-09,7.0,2.0,0.0
2008-12-10,23.0,7.7,5.1
2008-12-12,25.0,1.0,0.0
2008-12-13,15.0,4.5,1.0
2008-12-14,42.0,15.0,13.1
2008-12-15,33.0,4.5,1.0
2008-12-16,19.0,33.9,44.4
2008-12-17,10.0,0.6,0.0
2008-12-18,0.0,4.5,1.0
2008-12-19,27.0,0.3,0.0
2008-12-21,110.0,38.4,72.1
2008-12-23,2.0,32.4,66.0
2008-12-24,2.0,33.6,74.8
2008-12-25,23.0,3.3,0.0
2008-12-26,21.0,1.4,0.0
2008-12-27,6.0,0.1,0.0
2008-12-28,1.0,5.4,2.5
2008-12-29,32.0,0.1,0.0
2008-12-30,1.0,0.8,0.0
2008-12-31,2.0,1.5,0.0
2009-01-02,121.0,3.2,0.0
2009-01-03,36.0,1.7,0.0
2009-01-04,15.0,1.1,0.0
2009-01-06,36.0,0.7,0.0
2009-01-08,6.0,2.7,0.0
2009-01-09,2.0,0.0,0.0
2009-01-11,3.0,0.0,0.0
2009-01-13,3.0,0.8,0.0
2009-01-14,1.0,0.0,0.0
2009-01-15,0.0,0.0,0.0
2009-01-22,0.0,0.3,0.0
2009-01-24,2.0,7.4,4.3
2009-01-26,11.0,4.0,0.0
2009-01-27,1.0,2.4,0.0
2009-01-28,29.0,8.1,5.7
2009-01-29,57.0,32.5,76.4
2009-01-30,26.0,9.0,7.2
2009-01-31,12.0,13.0,13.7
2009-02-01,15.0,10.1,7.0
2009-02-02,11.0,27.9,46.5
2009-02-03,39.0,12.9,11.8
2009-02-09,3.0,0.0,0.0
2009-02-10,1.0,1.2,0.0
2009-02-11,7.0,2.2,0.0
2009-02-13,4.0,2.7,0.0
2009-02-14,9.0,0.1,0.0
2009-02-19,24.0,30.9,71.2
2009-02-20,1.0,8.9,8.7
2009-02-21,17.0,50.5,109.3
2009-02-23,41.0,9.3,8.7
2009-02-24,66.0,5.1,1.5
2009-02-25,127.0,5.8,2.6
2009-02-26,70.0,60.9,137.1
2009-02-27,70.0,4.7,1.0
2009-02-28,6.0,2.2,0.0
2009-03-01,4.0,0.1,0.0
2009-03-02,13.0,4.8,1.0
2009-03-03,2.0,2.9,0.0
2009-03-04,12.0,2.2,0.0
2009-03-05,41.0,8.9,8.7
2009-03-06,28.0,0.1,0.0
2009-03-10,1.0,3.1,0.0
2009-03-11,2.0,3.6,1.0
2009-03-12,26.0,0.6,0.0
2009-03-13,17.0,19.9,32.6
2009-03-14,9.0,2.2,0.0
2009-03-19,24.0,0.1,0.0
2009-03-20,1.0,2.8,0.0
2009-03-21,17.0,6.1,1.7
2009-03-23,41.0,3.0,0.0
2009-03-24,66.0,4.5,0.0
2009-03-25,127.0,10.4,9.0
2009-03-26,70.0,63.4,206.6
2009-03-27,10.0,10.1,8.4
2009-03-28,46.0,0.5,0.0
2009-03-29,13.0,22.8,36.0
2009-03-30,1.0,13.6,15.0
2009-03-31,1.0,14.1,16.0
2009-04-01,1.0,21.0,30.9
2009-04-02,34.0,0.0,0.0
2009-04-04,7.0,7.6,4.8
2009-04-05,3.0,25.4,39.2
2009-04-06,40.0,6.8,3.6
2009-04-07,5.0,7.2,4.3
2009-04-08,6.0,8.7,6.6
2009-04-09,3.0,68.7,146.7
2009-04-10,50.0,0.4,0.0
2009-04-11,1.0,6.7,3.0
2009-04-12,19.0,26.3,43.8
2009-04-13,23.0,2.9,0.0
2009-04-15,40.0,4.3,0.0
2009-04-16,9.0,1.4,0.0
2009-04-21,19.0,1.9,0.0
2009-04-22,1.0,4.7,1.0
2009-04-23,9.0,2.8,0.0
2009-04-24,45.0,0.0,0.0
2009-04-25,7.0,0.0,0.0
2009-04-26,0.0,0.0,0.0
2009-04-28,4.0,0.0,0.0
2009-04-29,0.0,0.8,0.0
2009-04-30,0.0,1.8,0.0
2009-05-01,1.0,0.6,0.0
2009-05-02,16.0,0.4,0.0
2009-05-03,20.0,35.4,75.7
2009-05-05,12.0,6.7,4.8
2009-05-06,11.0,3.6,1.0
2009-05-07,1.0,1.9,0.0
2009-05-08,22.0,1.0,0.0
2009-05-09,11.0,1.4,0.0
2009-05-10,41.0,0.2,0.0
2009-05-11,57.0,37.7,97.3
2009-05-12,2.0,8.2,7.1
2009-05-13,23.0,14.2,22.5
2009-05-15,40.0,2.4,0.0
2009-05-16,4.0,0.3,0.0
2009-06-02,12.0,4.2,1.3
2009-06-04,50.0,0.7,0.0
2009-06-08,2.0,1.5,0.0
2009-06-15,16.0,1.6,0.0
2009-06-16,7.0,11.8,18.5
2009-06-17,3.0,0.0,0.0
2009-06-19,22.0,3.7,0.0
2009-06-21,38.0,8.0,12.3
2009-06-22,46.0,6.1,6.5
2009-06-23,6.0,0.5,0.0
2009-06-26,22.0,2.1,0.0
2009-06-27,1.0,4.6,3.1
2009-06-28,20.0,3.0,1.0
2009-06-29,0.0,19.5,59.9
2009-06-30,3.0,0.9,0.0
2009-07-07,7.0,0.3,0.0
2009-07-09,2.0,19.6,37.9
2009-07-10,36.0,20.0,42.4
2009-07-11,13.0,14.1,36.3
2009-07-12,1.0,5.8,4.6
2009-07-15,3.0,3.2,0.0
2009-07-17,0.0,0.0,0.0
2009-07-19,11.0,13.1,21.6
2009-07-21,27.0,0.4,0.0
2009-07-22,0.0,0.4,0.0
2009-07-23,1.0,0.5,0.0
2009-07-25,7.0,28.4,96.3
2009-07-27,0.0,7.6,9.5
2009-07-28,1.0,1.3,0.0
2009-07-29,1.0,0.0,0.0
2009-08-04,14.0,0.0,0.0
2009-08-05,10.0,1.9,0.0
2009-08-07,34.0,5.1,6.3
2009-08-08,7.0,1.4,0.0
2009-08-09,3.0,11.0,34.3
2009-08-10,10.0,21.4,97.7
2009-08-11,6.0,17.1,35.7
2009-08-12,14.0,57.5,209.2
2009-08-13,6.0,1.1,0.0
2009-08-14,3.0,14.6,22.8
2009-08-15,2.0,11.5,15.0
2009-08-16,4.0,0.3,0.0
2009-08-17,1.0,0.6,0.0
2009-08-18,6.0,8.5,8.1
2009-08-20,0.0,2.5,0.0
2009-08-21,10.0,145.5,159.2
2009-08-22,10.0,11.9,12.8
2009-08-25,18.0,33.6,71.4
2009-08-26,32.0,129.1,155.6
2009-08-27,39.0,39.2,96.9
2009-08-29,1.0,8.0,5.6
2009-08-30,6.0,25.6,51.2
2009-08-31,9.0,16.5,21.9
2009-09-01,1.0,13.8,20.6
2009-09-02,3.0,2.5,0.0
2009-09-03,1.0,21.3,44.8
2009-09-04,13.0,9.4,11.8
2009-09-05,0.0,21.6,41.6
2009-09-06,10.0,15.6,24.6
2009-09-07,14.0,5.1,3.3
2009-09-08,60.0,10.9,14.8
2009-09-09,4.0,4.4,1.9
2009-09-12,82.0,29.1,67.0
2009-09-14,22.0,5.5,1.2
2009-09-15,10.0,3.8,0.0
2009-09-16,7.0,12.5,15.2
2009-09-17,35.0,34.1,83.2
2009-09-18,24.0,6.0,2.0
2009-09-19,1.0,8.7,7.2
2009-09-21,0.0,3.1,0.0
2009-09-24,17.0,0.5,0.0
2009-09-25,4.0,0.2,0.0
2009-09-26,1.0,1.7,0.0
2009-09-27,3.0,6.3,5.2
2009-09-28,7.0,7.7,8.5
2009-09-29,80.0,20.9,63.2
2009-09-30,10.0,37.8,132.6
2009-10-01,14.0,17.3,42.0
2009-10-03,0.0,3.8,1.9
2009-10-04,13.0,53.3,125.4
2009-10-05,1.0,2.8,0.0
2009-10-07,2.0,6.8,9.0
2009-10-12,27.0,7.5,7.2
2009-10-13,1.0,0.6,0.0
2009-10-14,2.0,2.9,1.0
2009-10-15,7.0,19.6,36.3
2009-10-16,6.0,11.4,14.1
2009-10-17,43.0,16.7,24.2
2009-10-19,2.0,0.0,0.0
2009-10-20,10.0,11.6,14.5
2009-10-21,2.0,3.7,0.0
2009-10-23,1.0,2.7,0.0
2009-10-24,117.0,58.2,106.2
2009-10-25,1.0,2.8,0.0
2009-10-26,44.0,24.2,34.9
2009-10-27,4.0,6.9,3.3
2009-10-28,1.0,8.8,6.0
2009-10-29,8.0,7.0,3.4
2009-10-30,5.0,31.0,47.8
2009-10-31,12.0,18.5,20.1
2009-11-02,2.0,3.0,1.0
2009-11-03,10.0,17.6,22.2
2009-11-04,39.0,21.5,31.6
2009-11-05,1.0,10.6,11.7
2009-11-06,50.0,16.6,20.7
2009-11-07,0.0,0.8,0.0
2009-11-08,10.0,5.9,4.7
2009-11-09,10.0,43.8,70.6
2009-11-10,7.0,8.2,8.2
2009-11-12,1.0,15.4,20.8
2009-11-13,30.0,60.1,180.7
2009-11-15,17.0,17.9,26.6
2009-11-16,45.0,3.6,0.0
2009-11-17,82.0,10.0,9.3
2009-11-18,51.0,18.0,26.8
2009-11-19,8.0,2.1,0.0
2009-11-20,1.0,3.0,0.0
2009-11-22,6.0,4.4,1.1
2009-11-23,7.0,6.2,3.7
2009-11-27,31.0,2.2,0.0
2009-11-28,28.0,36.0,64.8
2009-11-29,6.0,7.6,5.8
2009-11-30,12.0,18.3,23.9
2009-12-01,9.0,9.0,7.2
2009-12-02,6.0,1.8,0.0
2009-12-03,5.0,9.7,8.3
2009-12-05,20.0,4.5,1.0
2009-12-06,12.0,16.3,19.6
2009-12-07,15.0,7.9,5.4
2009-12-08,5.0,3.1,0.0
2009-12-09,1.0,11.8,11.8
2009-12-10,11.0,1.9,0.0
2009-12-11,10.0,21.2,21.1
2009-12-14,2.0,14.6,12.6
2009-12-15,1.0,8.2,4.5
2009-12-16,12.0,20.0,19.5
2009-12-17,10.0,24.9,35.5
2009-12-18,10.0,74.0,106.3
2009-12-19,1.0,14.9,12.9
2009-12-22,3.0,1.8,0.0
2009-12-23,4.0,6.6,4.2
2009-12-24,10.0,45.7,85.7
2009-12-25,0.0,1.2,0.0
2009-12-26,2.0,15.8,19.4
2009-12-27,20.0,24.0,42.3
2009-12-28,94.0,136.9,141.4
2009-12-29,24.0,11.0,11.3
2009-12-30,1.0,8.8,7.8
2009-12-31,58.0,43.5,83.9
2010-01-01,10.0,0.7,0.0
2010-01-02,6.0,71.0,100.0
2010-01-03,20.0,1.1,0.0
2010-01-04,1.0,3.8,0.0
2010-01-05,8.0,12.9,16.4
2010-01-06,0.0,10.9,12.4
2010-01-07,0.0,5.3,1.9
2010-01-08,20.0,20.2,43.6
2010-01-09,1.0,11.0,12.5
2010-01-10,6.0,11.4,13.3
2010-01-11,24.0,7.9,5.4
2010-01-12,91.0,23.7,46.0
2010-01-13,55.0,30.9,56.7
2010-01-14,1.0,0.8,0.0
2010-01-16,36.0,1.0,0.0
2010-01-17,34.0,32.7,58.4
2010-01-18,48.0,7.5,4.8
2010-01-19,17.0,16.6,20.4
2010-01-23,4.0,12.9,14.8
2010-01-24,29.0,17.1,28.4
2010-01-25,6.0,3.5,0.0
2010-01-26,0.0,0.1,0.0
2010-01-27,1.0,3.9,0.0
2010-01-28,94.0,9.4,8.0
2010-01-29,59.0,44.3,122.3
2010-01-30,1.0,9.4,8.0
2010-01-31,1.0,1.5,0.0
2010-02-01,73.0,89.9,149.5
2010-02-03,1.0,22.5,35.4
2010-02-04,11.0,34.8,60.0
2010-02-05,65.0,10.2,7.1
2010-02-06,1.0,14.5,13.3
2010-02-09,2.0,1.2,0.0
2010-02-10,10.0,43.4,81.4
2010-02-12,7.0,1.7,0.0
2010-02-15,2.0,14.9,22.3
2010-02-16,12.0,23.5,49.7
2010-02-17,4.0,9.1,9.1
2010-02-18,4.0,4.3,1.0
2010-02-19,4.0,1.2,0.0
2010-02-20,6.0,9.6,10.1
2010-02-21,31.0,6.7,4.1
2010-02-22,8.0,0.6,0.0
2010-02-23,5.0,0.4,0.0
2010-02-24,9.0,2.2,0.0
2010-02-25,46.0,22.1,41.1
2010-02-26,11.0,14.6,18.8
2010-02-27,12.0,5.7,2.4
2010-02-28,94.0,10.9,11.6
2010-03-01,16.0,26.6,63.7
2010-03-02,4.0,14.4,25.0
2010-03-03,39.0,56.4,180.4
2010-03-04,2.0,0.7,0.0
2010-03-05,25.0,36.2,103.7
2010-03-06,0.0,3.2,0.0
2010-03-07,37.0,16.3,24.4
2010-03-08,15.0,29.3,80.0
2010-03-09,4.0,0.1,0.0
2010-03-10,7.0,6.5,3.9
2010-03-11,0.0,4.5,1.0
2010-03-12,2.0,4.5,1.0
2010-03-13,8.0,28.7,56.8
2010-03-14,26.0,13.1,13.4
2010-03-15,14.0,36.3,78.6
2010-03-16,3.0,22.4,39.7
2010-03-17,9.0,0.6,0.0
2010-03-18,0.0,3.3,0.0
2010-03-19,0.0,16.4,19.1
2010-03-20,30.0,35.2,76.5
2010-03-21,0.0,22.9,35.4
2010-03-22,13.0,27.6,49.7
2010-03-23,9.0,4.9,1.0
2010-03-24,0.0,3.4,0.0
2010-03-25,18.0,19.3,30.5
2010-03-26,4.0,5.1,1.0
2010-03-27,1.0,1.1,0.0
2010-03-28,0.0,0.6,0.0
2010-03-29,2.0,13.3,14.3
2010-03-30,123.0,27.4,49.3
2010-03-31,16.0,20.7,31.5
2010-04-01,14.0,5.0,1.3
2010-04-02,11.0,25.6,43.5
2010-04-03,16.0,58.7,143.2
2010-04-04,2.0,2.2,0.0
2010-04-05,4.0,5.7,2.2
2010-04-06,32.0,6.5,3.2
2010-04-07,5.0,8.9,6.8
2010-04-08,47.0,58.7,141.8
2010-04-09,67.0,18.1,23.1
2010-04-10,9.0,28.9,42.5
2010-04-11,3.0,16.8,18.1
2010-04-12,44.0,17.2,18.8
2010-04-13,5.0,2.8,0.0
2010-04-14,13.0,7.7,4.4
2010-04-15,29.0,33.3,59.7
2010-04-16,128.0,28.5,41.3
2010-04-17,0.0,5.9,1.9
2010-04-18,7.0,7.3,3.9
2010-04-19,177.0,47.4,86.4
2010-04-20,7.0,14.0,13.8
2010-04-21,26.0,0.2,0.0
2010-04-22,1.0,4.6,0.0
2010-04-23,19.0,50.3,91.5
2010-04-24,0.0,0.3,0.0
2010-04-25,39.0,77.7,122.5
2010-04-26,68.0,25.8,38.4
2010-04-27,0.0,8.5,3.8
2010-04-28,0.0,2.7,0.0
2010-04-29,2.0,4.5,0.0
2010-04-30,6.0,2.5,0.0
2010-05-01,0.0,3.4,1.0
2010-05-02,6.0,7.9,6.8
2010-05-03,3.0,7.1,5.5
2010-05-04,7.0,1.4,0.0
2010-05-05,24.0,3.3,1.0
2010-05-06,19.0,38.5,82.9
2010-05-07,19.0,51.6,112.9
2010-05-08,5.0,5.5,3.0
2010-05-09,16.0,23.2,44.4
2010-05-10,1.0,2.0,0.0
2010-05-11,1.0,6.6,4.2
2010-05-12,0.0,12.4,14.6
2010-05-13,22.0,11.5,13.2
2010-05-14,14.0,17.6,38.8
2010-05-15,8.0,7.0,4.9
2010-05-16,0.0,0.9,0.0
2010-05-17,0.0,0.0,0.0
2010-05-18,0.0,0.1,0.0
2010-05-19,0.0,5.2,1.8
2010-05-20,0.0,1.2,0.0
2010-05-21,2.0,3.9,1.0
2010-05-22,0.0,2.3,0.0
2010-05-23,0.0,0.3,0.0
2010-05-24,0.0,0.1,0.0
2010-05-25,0.0,2.3,0.0
2010-05-26,0.0,0.0,0.0
2010-05-27,0.0,0.0,0.0
2010-05-28,0.0,0.0,0.0
2010-05-29,16.0,28.3,57.6
2010-05-30,1.0,3.2,0.0
2010-05-31,1.0,1.1,0.0
2010-06-01,11.0,4.4,1.8
2010-06-02,0.0,0.6,0.0
2010-06-03,41.0,11.2,25.7
2010-06-04,17.0,8.3,12.5
2010-06-05,8.0,8.5,13.2
2010-06-06,0.0,0.8,0.0
2010-06-07,27.0,3.3,0.0
2010-06-08,2.0,1.8,0.0
2010-06-09,0.0,0.4,0.0
2010-06-10,0.0,0.5,0.0
2010-06-11,0.0,0.0,0.0
2010-06-12,0.0,0.2,0.0
2010-06-13,0.0,0.3,0.0
2010-06-14,15.0,3.9,1.0
2010-06-15,0.0,1.7,0.0
2010-06-16,0.0,0.9,0.0
2010-06-17,1.0,1.7,0.0
2010-06-18,15.0,3.3,0.0
2010-06-19,57.0,34.9,107.1
2010-06-20,2.0,1.8,0.0
2010-06-21,46.0,1.5,0.0
2010-06-22,0.0,7.5,9.7
2010-06-23,11.0,6.1,6.6
2010-06-24,4.0,1.0,0.0
2010-06-25,2.0,14.4,37.3
2010-06-26,80.0,4.0,2.0
2010-06-27,237.0,6.5,7.4
2010-06-28,60.0,3.4,1.0
2010-06-29,0.0,0.2,0.0
2010-06-30,22.0,27.9,87.2
2010-07-01,6.0,18.7,35.1
2010-07-02,14.0,19.8,39.0
2010-07-03,0.0,7.8,7.7
2010-07-04,0.0,4.2,1.0
2010-07-05,8.0,2.2,0.0
2010-07-06,0.0,0.4,0.0
2010-07-07,29.0,44.2,136.0
2010-07-08,0.0,1.3,0.0
2010-07-09,3.0,1.4,0.0
2010-07-10,0.0,4.2,1.0
2010-07-11,3.0,3.2,1.0
2010-07-12,0.0,1.6,0.0
2010-07-13,2.0,0.8,0.0
2010-07-14,9.0,19.9,46.7
2010-07-15,4.0,5.6,4.0
2010-07-16,18.0,14.0,26.9
2010-07-17,0.0,1.8,0.0
2010-07-18,8.0,47.9,201.3
2010-07-19,0.0,0.9,0.0
2010-07-20,28.0,12.0,18.9
2010-07-21,3.0,17.9,60.5
2010-07-22,1.0,3.2,0.0
2010-07-23,0.0,0.1,0.0
2010-07-24,0.0,9.5,13.6
2010-07-25,7.0,10.5,27.1
2010-07-26,0.0,20.5,61.3
2010-07-27,15.0,4.6,1.5
2010-07-28,0.0,2.5,0.0
2010-07-29,17.0,6.3,5.7
2010-07-30,0.0,3.2,0.0
2010-07-31,19.0,10.8,17.3
2010-08-01,15.0,20.8,89.4
2010-08-02,0.0,2.1,0.0
2010-08-03,3.0,5.1,6.2
2010-08-04,0.0,1.0,0.0
2010-08-05,0.0,0.9,0.0
2010-08-06,1.0,3.7,2.1
2010-08-07,0.0,0.6,0.0
2010-08-08,40.0,12.2,50.1
2010-08-09,0.0,1.6,0.0
2010-08-10,7.0,6.8,11.4
2010-08-11,66.0,15.3,33.2
2010-08-12,14.0,12.2,15.0
2010-08-13,9.0,26.4,68.6
2010-08-14,17.0,10.3,12.0
2010-08-15,6.0,5.9,2.6
2010-08-16,19.0,7.8,6.5
2010-08-17,12.0,22.9,54.9
2010-08-18,43.0,9.1,9.3
2010-08-19,54.0,18.5,40.5
2010-08-20,0.0,3.0,0.0
2010-08-21,0.0,1.6,0.0
2010-08-22,0.0,0.4,0.0
2010-08-23,0.0,1.5,0.0
2010-08-24,0.0,3.0,0.0
2010-08-25,0.0,2.2,0.0
2010-08-26,2.0,15.3,18.0
2010-08-27,98.0,12.1,13.3
2010-08-28,15.0,1.8,0.0
2010-08-29,8.0,10.8,10.7
2010-08-30,9.0,33.8,72.7
2010-08-31,1.0,0.3,0.0
2010-09-01,6.0,35.5,63.6
2010-09-02,29.0,16.8,28.5
2010-09-03,3.0,1.6,0.0
2010-09-04,6.0,14.9,22.3
2010-09-05,0.0,7.6,8.4
2010-09-06,7.0,17.0,25.6
2010-09-07,8.0,28.6,52.9
2010-09-08,0.0,13.9,20.7
2010-09-09,0.0,8.6,10.2
2010-09-10,0.0,1.7,0.0
2010-09-11,0.0,0.4,0.0
2010-09-12,0.0,0.0,0.0
2010-09-13,0.0,0.0,0.0
2010-09-14,12.0,9.4,8.7
2010-09-15,30.0,23.7,55.7
2010-09-16,2.0,2.3,0.0
2010-09-17,0.0,3.1,0.0
2010-09-18,31.0,33.4,77.0
2010-09-19,0.0,13.4,17.1
2010-09-20,18.0,21.7,50.1
2010-09-21,14.0,6.1,4.7
2010-09-22,35.0,18.0,60.4
2010-09-23,12.0,11.8,19.7
2010-09-24,13.0,21.4,73.0
2010-09-25,26.0,8.9,11.7
2010-09-26,7.0,5.2,2.7
2010-09-27,1.0,6.8,6.3
2010-09-28,18.0,5.1,2.4
2010-09-29,2.0,12.2,20.8
2010-09-30,59.0,2.7,0.0
2010-10-01,18.0,16.8,43.3
2010-10-02,76.0,28.1,85.0
2010-10-03,2.0,8.3,12.7
2010-10-04,7.0,4.3,3.1
2010-10-05,3.0,6.8,9.1
2010-10-06,0.0,1.1,0.0
2010-10-07,0.0,2.1,0.0
2010-10-08,12.0,1.8,0.0
2010-10-09,20.0,1.9,0.0
2010-10-10,4.0,0.0,0.0
2010-10-11,37.0,4.8,2.7
2010-10-12,29.0,30.7,71.8
2010-10-13,2.0,18.6,34.6
2010-10-14,0.0,0.0,0.0
2010-10-15,0.0,0.1,0.0
2010-10-16,2.0,0.0,0.0
2010-10-17,1.0,0.0,0.0
2010-10-18,0.0,0.2,0.0
2010-10-19,0.0,0.0,0.0
2010-10-20,4.0,2.2,0.0
2010-10-21,0.0,1.1,0.0
2010-10-22,0.0,0.6,0.0
2010-10-23,35.0,22.4,30.4
2010-10-24,10.0,14.3,13.9
2010-10-25,8.0,14.4,14.1
2010-10-26,7.0,10.5,8.5
2010-10-27,0.0,1.0,0.0
2010-10-28,1.0,2.3,0.0
2010-10-29,18.0,9.2,6.6
2010-10-30,10.0,3.6,0.0
2010-10-31,19.0,8.3,5.3
2010-11-01,13.0,3.0,1.0
2010-11-02,6.0,10.6,11.8
2010-11-03,22.0,22.6,34.0
2010-11-04,7.0,0.8,0.0
2010-11-05,5.0,0.8,0.0
2010-11-06,6.0,9.7,10.4
2010-11-07,2.0,1.9,0.0
2010-11-08,18.0,2.8,0.0
2010-11-09,0.0,0.3,0.0
2010-11-10,7.0,12.4,14.5
2010-11-11,11.0,8.3,6.0
2010-11-12,1.0,2.9,0.0
2010-11-13,1.0,0.7,0.0
2010-11-14,4.0,12.1,13.6
2010-11-15,9.0,12.1,13.5
2010-11-16,21.0,32.0,73.5
2010-11-17,17.0,10.7,10.6
2010-11-18,1.0,13.5,16.7
2010-11-19,9.0,6.1,2.3
2010-11-20,14.0,4.3,1.0
2010-11-21,1.0,4.9,1.8
2010-11-22,0.0,5.7,2.9
2010-11-23,5.0,4.5,1.2
2010-11-24,40.0,1.1,0.0
2010-11-25,48.0,38.5,67.0
2010-11-26,3.0,11.0,11.4
2010-11-27,1.0,14.2,16.8
2010-11-28,8.0,23.4,34.3
2010-11-29,7.0,4.8,1.7
2010-11-30,2.0,10.6,10.6
2010-12-01,10.0,12.5,13.0
2010-12-02,1.0,0.4,0.0
2010-12-03,33.0,27.3,42.9
2010-12-04,11.0,7.0,4.1
2010-12-05,0.0,3.2,0.0
2010-12-06,0.0,0.3,0.0
2010-12-07,0.0,14.5,16.5
2010-12-08,4.0,1.9,0.0
2010-12-09,12.0,8.7,6.8
2010-12-10,0.0,0.7,0.0
2010-12-11,0.0,0.4,0.0
2010-12-12,0.0,0.2,0.0
2010-12-13,10.0,2.1,0.0
2010-12-14,18.0,2.2,0.0
2010-12-15,11.0,5.4,1.1
2010-12-16,28.0,2.3,0.0
2010-12-17,0.0,0.5,0.0
2010-12-18,5.0,9.9,6.6
2010-12-19,17.0,2.8,0.0
2010-12-20,0.0,11.0,8.0
2010-12-21,0.0,1.9,0.0
2010-12-22,0.0,13.8,16.0
2010-12-23,0.0,0.6,0.0
2010-12-24,0.0,3.0,0.0
2010-12-25,1.0,1.4,0.0
2010-12-26,46.0,11.5,12.2
2010-12-27,15.0,2.0,0.0
2010-12-28,1.0,1.0,0.0
2010-12-29,61.0,0.8,0.0
2010-12-30,43.0,2.7,0.0
2010-12-31,4.0,0.0,0.0
2011-01-01,0.0,0.3,0.0
2011-01-02,45.0,6.4,3.8
2011-01-03,7.0,14.8,20.0
2011-01-04,1.0,0.6,0.0
2011-01-05,40.0,17.4,26.5
2011-01-06,0.0,6.3,3.6
2011-01-07,3.0,1.7,0.0
2011-01-08,0.0,2.2,0.0
2011-01-09,9.0,21.9,55.5
2011-01-10,4.0,9.0,8.7
2011-01-11,0.0,9.6,8.2
2011-01-12,0.0,1.1,0.0
2011-01-13,2.0,14.3,16.8
2011-01-14,0.0,11.7,11.9
2011-01-15,0.0,3.5,0.0
2011-01-16,17.0,10.3,9.5
2011-01-17,0.0,0.0,0.0
2011-01-18,0.0,0.4,0.0
2011-01-19,0.0,0.0,0.0
2011-01-20,7.0,2.8,0.0
2011-01-21,14.0,1.3,0.0
2011-01-22,1.0,9.1,7.5
2011-01-23,9.0,8.5,6.4
2011-01-24,4.0,12.0,13.0
2011-01-25,4.0,10.0,9.2
2011-01-26,13.0,15.9,20.5
2011-01-27,4.0,26.4,55.1
2011-01-28,2.0,10.8,10.7
2011-01-29,2.0,0.3,0.0
2011-01-30,4.0,25.4,50.4
2011-01-31,0.0,0.9,0.0
2011-02-01,0.0,0.0,0.0
2011-02-02,0.0,8.0,3.7
2011-02-03,30.0,45.1,90.8
2011-02-04,8.0,11.7,9.5
2011-02-05,27.0,15.5,15.0
2011-02-06,0.0,1.2,0.0
2011-02-07,0.0,0.6,0.0
2011-02-08,0.0,4.2,0.0
2011-02-09,0.0,3.6,0.0
2011-02-10,0.0,0.0,0.0
2011-02-11,0.0,0.0,0.0
2011-02-12,0.0,0.2,0.0
2011-02-13,2.0,22.0,41.2
2011-02-14,0.0,4.6,1.0
2011-02-15,0.0,4.1,1.0
2011-02-16,28.0,2.1,0.0
2011-02-17,2.0,4.7,1.0
2011-02-18,28.0,20.1,35.2
2011-02-19,3.0,4.9,1.2
2011-02-20,3.0,26.2,54.7
2011-02-21,2.0,1.5,0.0
2011-02-22,43.0,0.7,0.0
2011-02-23,0.0,0.3,0.0
2011-02-24,0.0,0.7,0.0
2011-02-25,19.0,2.8,0.0
2011-02-26,35.0,6.0,3.0
2011-02-27,15.0,23.3,49.1
2011-02-28,4.0,3.0,0.0
2011-03-01,105.0,4.1,1.0
2011-03-02,1.0,1.4,0.0
2011-03-03,6.0,1.6,0.0
2011-03-04,29.0,2.3,0.0
2011-03-05,51.0,0.6,0.0
2011-03-06,12.0,0.8,0.0
2011-03-07,102.0,35.5,99.5
2011-03-08,0.0,1.8,0.0
2011-03-09,119.0,22.7,44.8
2011-03-10,130.0,32.9,86.1
2011-03-11,0.0,2.2,0.0
2011-03-12,5.0,8.8,6.3
2011-03-13,13.0,63.5,116.5
2011-03-14,33.0,24.2,45.0
2011-03-15,44.0,17.8,22.5
2011-03-16,29.0,18.3,22.1
2011-03-17,0.0,1.3,0.0
2011-03-18,1.0,8.9,6.5
2011-03-19,42.0,6.7,3.4
2011-03-20,10.0,3.5,0.0
2011-03-21,21.0,3.7,0.0
2011-03-22,0.0,6.2,1.9
2011-03-23,0.0,2.1,0.0
2011-03-24,6.0,3.2,0.0
2011-03-25,30.0,14.2,16.0
2011-03-26,3.0,18.7,22.8
2011-03-27,2.0,2.3,0.0
2011-03-28,7.0,6.6,2.4
2011-03-29,12.0,10.5,9.2
2011-03-30,1.0,1.7,0.0
2011-03-31,2.0,0.0,0.0
2011-04-01,2.0,1.5,0.0
2011-04-02,3.0,4.0,1.0
2011-04-03,2.0,2.5,0.0
2011-04-04,0.0,0.0,0.0
2011-04-05,0.0,0.3,0.0
2011-04-06,0.0,1.3,0.0
2011-04-07,0.0,2.0,0.0
2011-04-08,22.0,13.9,14.9
2011-04-09,8.0,11.8,11.4
2011-04-10,24.0,6.1,2.8
2011-04-11,13.0,0.4,0.0
2011-04-12,20.0,1.2,0.0
2011-04-13,0.0,0.0,0.0
2011-04-14,9.0,0.0,0.0
2011-04-15,56.0,22.7,34.0
2011-04-16,6.0,2.7,0.0
2011-04-17,14.0,5.3,1.2
2011-04-18,13.0,6.3,2.5
2011-04-19,0.0,0.8,0.0
2011-04-20,61.0,57.8,115.3
2011-04-21,0.0,0.9,0.0
2011-04-22,1.0,2.2,0.0
2011-04-23,5.0,8.5,3.8
2011-04-24,17.0,5.1,1.0
2011-04-25,1.0,25.1,35.4
2011-04-26,11.0,2.9,0.0
2011-04-27,3.0,48.9,86.5
2011-04-28,9.0,18.9,20.7
2011-04-29,79.0,51.6,93.0
2011-04-30,3.0,6.4,1.4
2011-05-01,0.0,0.6,0.0
2011-05-02,0.0,5.7,3.3
2011-05-03,0.0,1.1,0.0
2011-05-04,0.0,2.3,0.0
2011-05-05,0.0,0.2,0.0
2011-05-06,0.0,0.0,0.0
2011-05-07,0.0,0.1,0.0
2011-05-08,0.0,0.0,0.0
2011-05-09,0.0,0.4,0.0
2011-05-10,0.0,5.0,2.2
2011-05-11,0.0,0.0,0.0
2011-05-12,0.0,1.0,0.0
2011-05-13,1.0,0.3,0.0
2011-05-14,0.0,0.0,0.0
2011-05-15,40.0,2.8,0.0
2011-05-16,7.0,1.5,0.0
2011-05-17,17.0,5.8,2.8
2011-05-18,28.0,20.8,40.5
2011-05-19,7.0,9.6,10.0
2011-05-20,4.0,34.5,84.8
2011-05-21,7.0,30.1,60.9
2011-05-22,1.0,1.5,0.0
2011-05-23,27.0,22.0,36.4
2011-05-24,23.0,2.2,0.0
2011-05-25,0.0,2.3,0.0
2011-05-26,5.0,1.8,0.0
2011-05-27,17.0,7.9,6.9
2011-05-28,1.0,5.4,2.7
2011-05-29,0.0,2.6,0.0
2011-05-30,1.0,13.9,19.2
2011-05-31,1.0,5.0,2.1
2011-06-01,0.0,10.7,18.8
2011-06-02,0.0,22.5,68.7
2011-06-03,0.0,46.3,124.8
2011-06-04,3.0,11.1,25.6
2011-06-05,1.0,6.1,6.4
2011-06-06,0.0,1.7,0.0
2011-06-07,0.0,0.0,0.0
2011-06-08,26.0,0.5,0.0
2011-06-09,1.0,0.6,0.0
2011-06-10,11.0,5.2,3.9
2011-06-11,0.0,0.8,0.0
2011-06-12,56.0,1.0,0.0
2011-06-13,8.0,13.4,22.6
2011-06-14,0.0,1.4,0.0
2011-06-15,30.0,6.4,5.5
2011-06-16,0.0,0.1,0.0
2011-06-17,18.0,11.9,20.9
2011-06-18,0.0,0.0,0.0
2011-06-19,5.0,0.1,0.0
2011-06-20,7.0,0.3,0.0
2011-06-21,0.0,11.6,20.0
2011-06-22,12.0,1.6,0.0
2011-06-23,1.0,0.6,0.0
2011-06-24,5.0,1.3,0.0
2011-06-25,0.0,3.6,1.2
2011-06-26,0.0,0.0,0.0
2011-06-27,19.0,0.5,0.0
2011-06-28,17.0,6.6,7.7
2011-06-29,2.0,10.0,18.8
2011-06-30,0.0,4.5,3.0
2011-07-01,0.0,0.2,0.0
2011-07-02,0.0,0.0,0.0
2011-07-03,0.0,0.0,0.0
2011-07-04,0.0,0.0,0.0
2011-07-05,0.0,0.1,0.0
2011-07-06,0.0,0.0,0.0
2011-07-07,0.0,0.2,0.0
2011-07-08,0.0,0.2,0.0
2011-07-09,0.0,0.0,0.0
2011-07-10,3.0,0.7,0.0
2011-07-11,41.0,16.2,44.8
2011-07-12,3.0,7.6,8.5
2011-07-13,4.0,0.0,0.0
2011-07-14,0.0,0.0,0.0
2011-07-15,28.0,22.4,53.7
2011-07-16,0.0,4.0,1.1
2011-07-17,2.0,3.8,1.0
2011-07-18,0.0,5.8,4.5
2011-07-19,0.0,0.1,0.0
2011-07-20,0.0,0.0,0.0
2011-07-21,2.0,1.3,0.0
2011-07-22,2.0,2.1,0.0
2011-07-23,12.0,3.9,1.0
2011-07-24,19.0,3.9,1.0
2011-07-25,0.0,0.8,0.0
2011-07-26,1.0,0.3,0.0
2011-07-27,0.0,2.3,0.0
2011-07-28,3.0,3.4,0.0
2011-07-29,0.0,5.6,3.9
2011-07-30,0.0,3.0,0.0
2011-07-31,0.0,0.9,0.0
2011-08-01,0.0,0.0,0.0
2011-08-02,0.0,0.0,0.0
2011-08-03,2.0,4.8,5.4
2011-08-04,9.0,17.6,74.5
2011-08-05,0.0,4.3,3.9
2011-08-06,0.0,9.9,23.3
2011-08-07,1.0,3.1,1.0
2011-08-08,29.0,0.9,0.0
2011-08-09,0.0,0.5,0.0
2011-08-10,0.0,6.1,9.5
2011-08-11,0.0,3.3,0.0
2011-08-12,0.0,4.9,1.0
2011-08-13,6.0,11.7,15.4
2011-08-14,9.0,6.0,2.8
2011-08-15,0.0,2.4,0.0
2011-08-16,2.0,1.1,0.0
2011-08-17,0.0,0.3,0.0
2011-08-18,1.0,0.0,0.0
2011-08-19,39.0,12.9,19.4
2011-08-20,5.0,7.9,6.7
2011-08-21,0.0,0.0,0.0
2011-08-22,0.0,0.5,0.0
2011-08-23,0.0,0.4,0.0
2011-08-24,3.0,1.7,0.0
2011-08-25,2.0,1.5,0.0
2011-08-26,1.0,0.3,0.0
2011-08-27,0.0,3.0,0.0
2011-08-28,0.0,0.5,0.0
2011-08-29,14.0,0.8,0.0
2011-08-30,0.0,5.4,1.4
2011-08-31,35.0,24.4,46.2
2011-09-01,0.0,3.6,1.0
2011-09-02,9.0,12.3,17.6
2011-09-03,0.0,6.4,5.9
2011-09-04,3.0,28.1,54.0
2011-09-05,2.0,2.8,0.0
2011-09-06,0.0,0.0,0.0
2011-09-07,7.0,0.7,0.0
2011-09-08,2.0,0.8,0.0
2011-09-09,10.0,7.6,8.3
2011-09-10,73.0,12.4,17.7
2011-09-11,0.0,1.9,0.0
2011-09-12,1.0,2.3,0.0
2011-09-13,4.0,3.4,0.0
2011-09-14,16.0,58.2,119.3
2011-09-15,42.0,20.0,43.6
2011-09-16,10.0,42.4,95.2
2011-09-17,3.0,7.9,5.6
2011-09-18,2.0,14.8,19.3
2011-09-19,1.0,3.7,0.0
2011-09-20,4.0,13.8,18.0
2011-09-21,24.0,43.7,148.7
2011-09-22,4.0,5.9,4.3
2011-09-23,0.0,0.2,0.0
2011-09-24,22.0,6.4,5.4
2011-09-25,2.0,1.7,0.0
2011-09-26,32.0,29.8,100.6
2011-09-27,23.0,2.7,0.0
2011-09-28,0.0,0.2,0.0
2011-09-29,0.0,0.6,0.0
2011-09-30,0.0,8.5,10.6
2011-10-01,5.0,1.1,0.0
2011-10-02,9.0,5.8,6.7
2011-10-03,9.0,11.9,23.2
2011-10-04,3.0,9.9,16.6
2011-10-05,11.0,13.9,26.9
2011-10-06,0.0,2.2,0.0
2011-10-07,31.0,0.8,0.0
2011-10-08,62.0,36.1,97.3
2011-10-09,0.0,3.4,1.1
2011-10-10,6.0,0.9,0.0
2011-10-11,5.0,5.3,3.6
2011-10-12,0.0,2.9,1.0
2011-10-13,2.0,0.3,0.0
2011-10-14,4.0,1.7,0.0
2011-10-15,0.0,0.0,0.0
2011-10-16,3.0,0.9,0.0
2011-10-17,2.0,4.6,2.6
2011-10-18,22.0,21.7,45.0
2011-10-19,1.0,0.9,0.0
2011-10-20,81.0,68.7,144.5
2011-10-21,11.0,20.7,31.7
2011-10-22,19.0,16.4,17.1
2011-10-23,21.0,39.5,61.8
2011-10-24,5.0,57.5,106.3
2011-10-25,8.0,10.4,8.3
2011-10-26,20.0,22.3,34.4
2011-10-27,7.0,22.6,33.1
2011-10-28,4.0,8.9,6.1
2011-10-29,1.0,4.0,0.0
2011-10-30,8.0,14.7,14.5
2011-10-31,7.0,5.5,1.5
2011-11-01,14.0,7.6,7.3
2011-11-02,120.0,31.5,50.3
2011-11-03,100.0,55.4,93.7
2011-11-04,81.0,39.6,65.2
2011-11-05,40.0,42.2,67.7
2011-11-06,20.0,8.3,8.3
2011-11-07,64.0,9.6,10.3
2011-11-08,12.0,10.8,12.0
2011-11-09,1.0,0.0,0.0
2011-11-10,0.0,0.1,0.0
2011-11-11,68.0,52.9,146.8
2011-11-12,16.0,19.0,29.4
2011-11-13,21.0,17.9,26.6
2011-11-14,9.0,33.8,74.1
2011-11-15,9.0,6.2,2.4
2011-11-16,0.0,4.1,1.0
2011-11-17,40.0,12.4,14.3
2011-11-18,5.0,4.2,1.0
2011-11-19,1.0,1.9,0.0
2011-11-20,96.0,15.6,21.2
2011-11-21,15.0,4.0,1.0
2011-11-22,17.0,22.2,30.9
2011-11-23,13.0,29.2,53.1
2011-11-24,0.0,1.2,0.0
2011-11-25,2.0,19.2,25.5
2011-11-26,14.0,13.0,14.6
2011-11-27,27.0,14.4,17.0
2011-11-28,16.0,6.3,3.8
2011-11-29,0.0,9.3,8.6
2011-11-30,19.0,8.5,7.2
2011-12-01,35.0,44.1,91.4
2011-12-02,9.0,23.2,35.0
2011-12-03,9.0,12.1,12.4
2011-12-04,0.0,1.0,0.0
2011-12-05,0.0,14.0,15.6
2011-12-06,1.0,1.6,0.0
2011-12-07,3.0,11.8,11.9
2011-12-08,0.0,2.0,0.0
2011-12-09,7.0,1.9,0.0
2011-12-10,0.0,1.8,0.0
2011-12-11,53.0,19.3,18.7
2011-12-12,14.0,99.2,127.1
2011-12-13,20.0,18.3,17.3
2011-12-14,93.0,43.4,60.2
2011-12-15,49.0,9.5,6.1
2011-12-16,17.0,1.0,0.0
2011-12-17,22.0,11.2,8.2
2011-12-18,17.0,11.1,8.1
2011-12-19,6.0,28.7,41.2
2011-12-20,27.0,22.8,30.4
2011-12-21,0.0,2.5,0.0
2011-12-22,47.0,16.2,20.1
2011-12-23,15.0,14.4,17.1
2011-12-24,1.0,6.3,3.9
2011-12-25,28.0,16.6,19.4
2011-12-26,0.0,2.3,0.0
2011-12-27,4.0,2.0,0.0
2011-12-28,1.0,0.6,0.0
2011-12-29,0.0,0.0,0.0
2011-12-30,0.0,0.0,0.0
2011-12-31,0.0,0.2,0.0
2012-01-01,0.0,0.1,0.0
2012-01-02,0.0,0.0,0.0
2012-01-03,0.0,0.0,0.0
2012-01-04,0.0,0.8,0.0
2012-01-05,43.0,5.6,2.5
2012-01-06,0.0,1.3,0.0
2012-01-07,0.0,2.7,0.0
2012-01-08,0.0,0.6,0.0
2012-01-09,0.0,1.1,0.0
2012-01-10,15.0,2.5,0.0
2012-01-11,77.0,11.2,11.0
2012-01-12,46.0,18.4,34.5
2012-01-13,16.0,2.5,0.0
2012-01-14,14.0,5.9,2.1
2012-01-15,8.0,2.2,0.0
2012-01-16,5.0,1.3,0.0
2012-01-17,30.0,9.2,7.5
2012-01-18,0.0,0.0,0.0
2012-01-19,0.0,0.2,0.0
2012-01-20,0.0,1.2,0.0
2012-01-21,0.0,1.0,0.0
2012-01-22,0.0,11.3,11.6
2012-01-23,0.0,0.7,0.0
2012-01-24,0.0,2.4,0.0
2012-01-25,0.0,1.7,0.0
2012-01-26,3.0,6.6,3.0
2012-01-27,13.0,0.2,0.0
2012-01-28,0.0,0.3,0.0
2012-01-29,0.0,0.7,0.0
2012-01-30,0.0,4.1,0.0
2012-01-31,0.0,0.7,0.0
2012-02-01,28.0,84.7,147.5
2012-02-02,0.0,5.3,0.0
2012-02-03,5.0,0.6,0.0
2012-02-04,29.0,1.9,0.0
2012-02-05,40.0,4.0,0.0
2012-02-06,7.0,37.2,67.4
2012-02-07,5.0,12.1,10.2
2012-02-08,36.0,58.1,126.0
2012-02-09,0.0,23.3,40.5
2012-02-10,0.0,0.1,0.0
2012-02-11,0.0,10.8,12.4
2012-02-12,23.0,25.8,54.4
2012-02-13,7.0,9.2,9.3
2012-02-14,9.0,13.3,19.0
2012-02-15,3.0,5.2,1.7
2012-02-16,145.0,18.5,37.1
2012-02-17,0.0,3.4,0.0
2012-02-18,60.0,24.3,49.7
2012-02-19,0.0,1.2,0.0
2012-02-20,6.0,3.6,0.0
2012-02-21,0.0,1.2,0.0
2012-02-22,50.0,20.8,41.9
2012-02-23,1.0,20.5,35.9
2012-02-24,13.0,31.5,68.9
2012-02-25,6.0,5.5,2.2
2012-02-26,23.0,52.9,118.5
2012-02-27,0.0,10.6,11.0
2012-02-28,10.0,53.6,116.7
2012-02-29,17.0,17.7,27.6
2012-03-01,1.0,9.4,9.6
2012-03-02,10.0,11.9,15.3
2012-03-03,6.0,5.4,2.0
2012-03-04,10.0,6.4,3.6
2012-03-05,4.0,2.8,0.0
2012-03-06,37.0,1.6,0.0
2012-03-07,22.0,9.2,9.2
2012-03-08,3.0,9.2,9.2
2012-03-09,0.0,6.9,4.5
2012-03-10,3.0,0.4,0.0
2012-03-11,1.0,2.2,0.0
2012-03-12,94.0,6.1,2.5
2012-03-13,5.0,6.4,2.9
2012-03-14,4.0,6.5,3.1
2012-03-15,8.0,20.3,28.5
2012-03-16,0.0,3.8,1.0
2012-03-17,0.0,0.0,0.0
2012-03-18,0.0,0.1,0.0
2012-03-19,8.0,1.3,0.0
2012-03-20,24.0,1.9,0.0
2012-03-21,1.0,0.0,0.0
2012-03-22,6.0,0.0,0.0
2012-03-23,3.0,0.0,0.0
2012-03-24,0.0,0.0,0.0
2012-03-25,0.0,0.2,0.0
2012-03-26,0.0,1.4,0.0
2012-03-27,7.0,17.5,23.2
2012-03-28,0.0,2.3,0.0
2012-03-29,29.0,4.2,0.0
2012-03-30,20.0,2.7,0.0
2012-03-31,8.0,3.9,0.0
2012-04-01,5.0,0.6,0.0
2012-04-02,0.0,0.4,0.0
2012-04-03,3.0,2.6,0.0
2012-04-04,31.0,0.6,0.0
2012-04-05,3.0,1.2,0.0
2012-04-06,60.0,0.6,0.0
2012-04-07,41.0,14.8,16.3
2012-04-08,14.0,58.7,147.1
2012-04-09,15.0,7.2,4.3
2012-04-10,17.0,10.2,8.8
2012-04-11,59.0,3.0,0.0
2012-04-12,0.0,2.5,0.0
2012-04-13,23.0,6.1,2.1
2012-04-14,10.0,14.6,14.7
2012-04-15,10.0,15.0,15.3
2012-04-16,19.0,11.1,9.3
2012-04-17,7.0,20.3,28.0
2012-04-18,3.0,7.3,3.9
2012-04-19,25.0,8.3,5.3
2012-04-20,13.0,10.7,8.8
2012-04-21,0.0,4.6,1.0
2012-04-22,0.0,4.5,0.0
2012-04-23,12.0,93.3,121.4
2012-04-24,1.0,13.3,10.3
2012-04-25,19.0,18.5,19.7
2012-04-26,38.0,10.2,6.0
2012-04-27,0.0,0.1,0.0
2012-04-28,0.0,0.0,0.0
2012-04-29,22.0,3.6,0.0
2012-04-30,2.0,2.7,0.0
2012-05-01,43.0,3.2,1.0
2012-05-02,64.0,29.3,58.9
2012-05-03,0.0,3.7,1.0
2012-05-04,11.0,1.3,0.0
2012-05-05,0.0,1.9,0.0
2012-05-06,2.0,3.4,1.0
2012-05-07,0.0,0.1,0.0
2012-05-08,17.0,2.5,0.0
2012-05-09,2.0,1.2,0.0
2012-05-10,14.0,4.5,1.6
2012-05-11,21.0,9.8,10.2
2012-05-12,0.0,0.5,0.0
2012-05-13,0.0,2.1,0.0
2012-05-14,17.0,0.2,0.0
2012-05-15,0.0,4.4,1.0
2012-05-16,41.0,3.9,1.0
2012-05-17,0.0,0.5,0.0
2012-05-18,84.0,12.8,15.1
2012-05-19,0.0,4.9,1.3
2012-05-20,7.0,11.1,12.4
2012-05-21,0.0,0.5,0.0
2012-05-22,24.0,17.9,34.1
2012-05-23,16.0,1.0,0.0
2012-05-24,8.0,2.8,0.0
2012-05-25,3.0,2.3,0.0
2012-05-26,19.0,26.4,49.8
2012-05-27,17.0,8.4,7.8
2012-05-28,0.0,0.1,0.0
2012-05-29,1.0,18.8,31.9
2012-05-30,9.0,46.3,104.3
2012-05-31,13.0,17.9,33.6
2012-06-01,0.0,1.4,0.0
2012-06-02,0.0,0.0,0.0
2012-06-03,0.0,0.0,0.0
2012-06-04,12.0,4.2,1.3
2012-06-05,10.0,3.2,0.0
2012-06-06,0.0,2.7,0.0
2012-06-07,2.0,1.4,0.0
2012-06-08,14.0,13.6,41.9
2012-06-09,5.0,9.8,17.0
2012-06-10,0.0,1.6,0.0
2012-06-11,0.0,0.0,0.0
2012-06-12,0.0,0.1,0.0
2012-06-13,0.0,0.0,0.0
2012-06-14,0.0,0.0,0.0
2012-06-15,0.0,0.0,0.0
2012-06-16,0.0,0.3,0.0
2012-06-17,0.0,0.0,0.0
2012-06-18,0.0,0.0,0.0
2012-06-19,14.0,0.3,0.0
2012-06-20,2.0,8.6,11.2
2012-06-21,48.0,9.8,13.9
2012-06-22,0.0,41.6,93.5
2012-06-23,0.0,0.9,0.0
2012-06-24,0.0,0.0,0.0
2012-06-25,0.0,0.0,0.0
2012-06-26,3.0,0.4,0.0
2012-06-27,13.0,1.0,0.0
2012-06-28,11.0,0.9,0.0
2012-06-29,6.0,3.4,1.0
2012-06-30,17.0,4.2,2.4
2012-07-01,0.0,0.0,0.0
2012-07-02,0.0,14.0,22.1
2012-07-03,0.0,0.2,0.0
2012-07-04,0.0,5.7,3.1
2012-07-05,0.0,3.1,0.0
2012-07-06,0.0,1.2,0.0
2012-07-07,0.0,6.4,4.7
2012-07-08,0.0,1.8,0.0
2012-07-09,0.0,16.6,34.4
2012-07-10,3.0,3.8,0.0
2012-07-11,41.0,31.6,98.5
2012-07-12,3.0,0.9,0.0
2012-07-13,4.0,10.6,16.3
2012-07-14,0.0,14.7,28.0
2012-07-15,28.0,7.1,7.5
2012-07-16,0.0,5.5,3.9
2012-07-17,2.0,13.9,27.0
2012-07-18,0.0,2.5,0.0
2012-07-19,0.0,0.2,0.0
2012-07-20,0.0,0.8,0.0
2012-07-21,2.0,0.0,0.0
2012-07-22,2.0,0.4,0.0
2012-07-23,12.0,0.2,0.0
2012-07-24,19.0,19.1,61.9
2012-07-25,0.0,3.4,0.0
2012-07-26,1.0,0.0,0.0
2012-07-27,0.0,0.9,0.0
2012-07-28,3.0,0.2,0.0
2012-07-29,0.0,23.4,72.3
2012-07-30,0.0,0.0,0.0
2012-07-31,0.0,0.0,0.0
2012-08-01,1.0,5.7,8.2
2012-08-02,0.0,1.2,0.0
2012-08-03,13.0,19.2,86.9
2012-08-04,2.0,3.5,1.6
2012-08-05,0.0,2.7,1.0
2012-08-06,36.0,6.5,11.0
2012-08-07,0.0,0.7,0.0
2012-08-08,0.0,0.0,0.0
2012-08-09,0.0,0.2,0.0
2012-08-10,1.0,0.0,0.0
2012-08-11,0.0,1.8,0.0
2012-08-12,49.0,5.2,1.5
2012-08-13,0.0,5.8,2.6
2012-08-14,10.0,2.1,0.0
2012-08-15,0.0,6.9,4.5
2012-08-16,5.0,12.0,16.4
2012-08-17,23.0,2.8,0.0
2012-08-18,0.0,0.0,0.0
2012-08-19,1.0,3.3,0.0
2012-08-20,2.0,7.7,6.4
2012-08-21,4.0,10.1,9.4
2012-08-22,1.0,2.5,0.0
2012-08-23,13.0,0.9,0.0
2012-08-24,15.0,1.8,0.0
2012-08-25,0.0,0.4,0.0
2012-08-26,0.0,1.2,0.0
2012-08-27,1.0,2.3,0.0
2012-08-28,6.0,3.4,0.0
2012-08-29,0.0,0.1,0.0
2012-08-30,4.0,23.2,43.9
2012-08-31,0.0,0.4,0.0
2012-09-01,0.0,0.3,0.0
2012-09-02,11.0,0.0,0.0
2012-09-03,0.0,0.4,0.0
2012-09-04,45.0,1.1,0.0
2012-09-05,3.0,4.7,2.6
2012-09-06,38.0,8.3,9.7
2012-09-07,0.0,0.0,0.0
2012-09-08,4.0,2.7,0.0
2012-09-09,21.0,17.4,27.6
2012-09-10,0.0,3.0,0.0
2012-09-11,22.0,5.8,1.6
2012-09-12,15.0,5.0,1.0
2012-09-13,0.0,0.8,0.0
2012-09-14,1.0,1.6,0.0
2012-09-15,8.0,18.1,37.4
2012-09-16,0.0,1.4,0.0
2012-09-17,0.0,0.8,0.0
2012-09-18,32.0,9.5,8.8
2012-09-19,0.0,7.7,5.2
2012-09-20,1.0,0.2,0.0
2012-09-21,9.0,16.0,46.5
2012-09-22,1.0,4.7,1.7
2012-09-23,3.0,0.3,0.0
2012-09-24,33.0,1.4,0.0
2012-09-25,5.0,5.1,2.6
2012-09-26,0.0,0.5,0.0
2012-09-27,8.0,1.3,0.0
2012-09-28,0.0,1.7,0.0
2012-09-29,0.0,0.5,0.0
2012-09-30,0.0,1.6,0.0
2012-10-01,0.0,0.9,0.0
2012-10-02,0.0,0.9,0.0
2012-10-03,21.0,17.3,40.7
2012-10-04,14.0,6.3,7.8
2012-10-05,1.0,9.3,15.2
2012-10-06,1.0,3.0,1.0
2012-10-07,0.0,0.6,0.0
2012-10-08,0.0,2.6,0.0
2012-10-09,2.0,23.2,60.8
2012-10-10,35.0,21.9,59.0
2012-10-11,0.0,2.4,0.0
2012-10-12,5.0,24.4,55.6
2012-10-13,10.0,11.4,14.0
2012-10-14,24.0,73.0,144.7
2012-10-15,0.0,10.1,11.7
2012-10-16,3.0,6.4,5.3
2012-10-17,9.0,7.9,7.8
2012-10-18,5.0,30.8,74.3
2012-10-19,19.0,77.1,145.7
2012-10-20,19.0,5.0,3.2
2012-10-21,9.0,20.7,30.7
2012-10-22,18.0,16.5,17.3
2012-10-23,17.0,9.2,6.5
2012-10-24,12.0,1.4,0.0
2012-10-25,5.0,28.0,41.8
2012-10-26,29.0,15.3,15.5
2012-10-27,7.0,5.0,1.0
2012-10-28,24.0,14.0,13.5
2012-10-29,3.0,9.4,6.9
2012-10-30,8.0,29.7,47.9
2012-10-31,12.0,44.9,74.4
2012-11-01,0.0,1.5,0.0
2012-11-02,2.0,26.0,39.4
2012-11-03,61.0,79.5,110.7
2012-11-04,39.0,7.9,7.7
2012-11-05,15.0,26.9,39.4
2012-11-06,4.0,26.0,39.1
2012-11-07,0.0,9.1,9.5
2012-11-08,23.0,3.0,1.0
2012-11-09,27.0,28.4,46.2
2012-11-10,27.0,34.3,56.7
2012-11-11,2.0,10.0,9.3
2012-11-12,2.0,9.8,8.8
2012-11-13,23.0,27.9,55.3
2012-11-14,5.0,21.3,34.9
2012-11-15,43.0,23.5,40.2
2012-11-16,9.0,18.9,29.1
2012-11-17,36.0,38.3,94.8
2012-11-18,7.0,6.7,3.2
2012-11-19,2.0,12.9,15.2
2012-11-20,0.0,0.0,0.0
2012-11-21,0.0,1.9,0.0
2012-11-22,13.0,21.0,28.7
2012-11-23,53.0,26.8,54.1
2012-11-24,5.0,2.2,0.0
2012-11-25,37.0,25.8,41.0
2012-11-26,25.0,35.6,67.4
2012-11-27,57.0,13.0,14.6
2012-11-28,70.0,28.6,46.6
2012-11-29,17.0,3.3,0.0
2012-11-30,10.0,6.0,3.4
2012-12-01,24.0,9.7,8.3
2012-12-02,7.0,2.9,0.0
2012-12-03,0.0,3.6,0.0
2012-12-04,4.0,23.4,31.0
2012-12-05,0.0,0.6,0.0
2012-12-06,0.0,4.7,1.0
2012-12-07,16.0,15.0,17.3
2012-12-08,27.0,23.2,32.0
2012-12-09,26.0,3.3,0.0
2012-12-10,10.0,6.4,3.2
2012-12-11,3.0,14.2,12.0
2012-12-12,2.0,12.8,10.2
2012-12-13,0.0,5.8,1.6
2012-12-14,3.0,21.8,24.5
2012-12-15,1.0,4.6,1.0
2012-12-16,3.0,4.0,0.0
2012-12-17,10.0,31.7,43.6
2012-12-18,1.0,9.0,5.5
2012-12-19,22.0,19.8,19.2
2012-12-20,1.0,0.6,0.0
2012-12-21,5.0,4.2,1.0
2012-12-22,20.0,9.2,8.4
2012-12-23,87.0,11.0,11.4
2012-12-24,36.0,31.5,59.3
2012-12-25,10.0,24.4,43.8
2012-12-26,1.0,4.1,1.0
2012-12-27,13.0,6.1,3.5
2012-12-28,9.0,8.2,6.8
2012-12-29,43.0,21.3,42.0
2012-12-30,79.0,6.4,4.0
2012-12-31,15.0,14.9,17.9
2013-01-01,2.0,4.9,1.3
2013-01-02,0.0,3.6,0.0
2013-01-03,0.0,0.0,0.0
2013-01-04,1.0,3.3,0.0
2013-01-05,0.0,0.6,0.0
2013-01-06,2.0,0.8,0.0
2013-01-07,0.0,1.3,0.0
2013-01-09,0.0,3.7,0.0
2013-01-10,0.0,0.0,0.0
2013-01-11,0.0,1.9,0.0
2013-01-12,0.0,0.1,0.0
2013-01-13,19.0,3.6,0.0
2013-01-14,0.0,0.3,0.0
2013-01-15,3.0,1.4,0.0
2013-01-16,4.0,0.0,0.0
2013-01-17,1.0,0.3,0.0
2013-01-18,0.0,0.2,0.0
2013-01-19,0.0,0.0,0.0
2013-01-20,2.0,10.4,9.7
2013-01-21,1.0,5.0,1.0
2013-01-22,4.0,36.0,88.5
2013-01-23,39.0,7.8,5.0
2013-01-24,7.0,15.9,20.0
2013-01-25,9.0,5.9,1.8
2013-01-26,83.0,37.8,92.2
2013-01-27,18.0,9.1,7.4
2013-01-28,3.0,2.7,0.0
2013-01-29,17.0,8.9,7.0
2013-01-30,33.0,6.8,3.2
2013-01-31,41.0,3.8,0.0
2013-02-01,17.0,0.1,0.0
2013-02-02,0.0,0.4,0.0
2013-02-03,4.0,13.8,14.6
2013-02-04,13.0,10.0,6.9
2013-02-05,5.0,5.0,0.0
2013-02-06,0.0,6.6,1.7
2013-02-07,11.0,25.7,49.2
2013-02-08,0.0,3.5,0.0
2013-02-09,20.0,10.0,6.9
2013-02-10,0.0,3.3,0.0
2013-02-11,0.0,2.9,0.0
2013-02-12,10.0,14.9,26.7
2013-02-13,4.0,6.9,4.8
2013-02-14,6.0,12.9,17.8
2013-02-15,13.0,4.8,1.1
2013-02-16,62.0,37.2,91.6
2013-02-17,1.0,17.5,28.5
2013-02-18,38.0,30.6,71.6
2013-02-19,2.0,3.7,0.0
2013-02-20,3.0,2.8,0.0
2013-02-21,8.0,16.8,23.0
2013-02-22,0.0,0.1,0.0
2013-02-23,0.0,0.6,0.0
2013-02-24,0.0,4.5,1.0
2013-02-25,0.0,1.3,0.0
2013-02-26,2.0,7.4,5.3
2013-02-27,7.0,0.0,0.0
2013-02-28,2.0,4.3,1.0
2013-03-01,17.0,1.9,0.0
2013-03-02,0.0,0.1,0.0
2013-03-03,4.0,0.6,0.0
2013-03-04,13.0,0.0,0.0
2013-03-05,5.0,0.0,0.0
2013-03-06,0.0,0.0,0.0
2013-03-07,11.0,0.0,0.0
2013-03-08,0.0,0.0,0.0
2013-03-09,20.0,2.9,0.0
2013-03-10,0.0,0.5,0.0
2013-03-11,0.0,17.0,20.2
2013-03-12,10.0,38.0,81.4
2013-03-13,4.0,0.0,0.0
2013-03-14,6.0,35.8,77.9
2013-03-15,13.0,12.8,12.9
2013-03-16,62.0,1.8,0.0
2013-03-17,1.0,3.4,0.0
2013-03-18,38.0,3.4,0.0
2013-03-19,2.0,16.1,18.6
2013-03-20,3.0,22.4,36.8
2013-03-21,8.0,25.2,42.6
2013-03-22,0.0,61.5,193.9
2013-03-23,0.0,8.6,5.7
2013-03-24,0.0,9.7,7.6
2013-03-25,0.0,24.0,39.7
2013-03-26,3.0,10.1,8.4
2013-03-27,1.0,6.8,2.8
2013-03-28,6.0,13.9,15.5
2013-03-29,5.0,5.9,1.5
2013-03-30,13.0,9.1,6.6
2013-03-31,0.0,0.4,0.0
2013-05-25,19.0,2.4,0.0
2013-11-15,66.4,2.8,0.0
2013-11-16,4.6,43.4,113.9
2013-11-17,82.0,19.1,29.4
2013-11-19,13.0,34.4,76.6
2013-11-20,65.3,2.8,0.0
2013-11-21,27.4,1.3,0.0
2013-11-25,20.7,42.0,81.3
2013-11-26,67.0,2.8,0.0
2013-11-27,5.2,2.6,0.0
2013-11-28,0.7,5.4,2.6
2013-11-29,20.2,35.8,62.3
2013-11-30,58.0,11.0,11.3
2013-12-01,40.0,14.6,16.7
2013-12-02,15.6,20.2,26.7
2013-12-03,0.7,15.3,18.0
2013-12-05,4.2,4.1,0.0
2013-12-06,4.0,36.3,64.4
2013-12-07,24.2,27.9,45.6
2013-12-09,1.0,10.9,10.4
2013-12-11,53.2,6.1,1.9
2013-12-13,4.5,3.2,0.0
2013-12-14,5.7,3.2,0.0
2013-12-17,4.2,1.0,0.0
2013-12-18,1.1,0.4,0.0
2013-12-21,29.2,0.2,0.0
2013-12-23,0.8,0.9,0.0
2013-12-24,28.3,11.4,12.1
2013-12-25,19.0,4.6,1.4
2013-12-28,24.6,16.5,25.0
2013-12-29,75.5,40.7,81.4
2013-12-30,49.5,2.9,0.0
2014-01-01,50.6,1.8,0.0
2014-01-03,48.8,66.2,102.8
2014-01-04,32.1,10.2,10.9
2014-01-05,4.2,13.3,18.1
2014-01-06,11.2,102.2,103.7
2014-01-07,40.4,4.8,1.1
2014-01-08,28.0,0.8,0.0
2014-01-10,10.0,2.0,0.0
2014-01-11,9.0,0.0,0.0
2014-01-12,6.8,10.4,9.8
2014-01-14,2.4,19.0,34.2
2014-01-15,20.3,0.5,0.0
2014-01-22,7.7,0.3,0.0
2014-01-24,0.2,5.0,1.0
2014-01-27,46.8,0.0,0.0
2014-01-28,1.7,0.0,0.0
2014-02-03,25.9,0.0,0.0
2014-02-05,58.2,3.7,0.0
2014-02-06,69.0,9.3,5.7
2014-02-07,6.0,0.5,0.0
2014-02-08,6.8,0.8,0.0
2014-02-20,8.4,7.1,5.1
2014-02-21,9.5,5.6,2.3
2014-03-03,0.1,11.2,13.6
2014-03-05,3.3,2.9,0.0
2014-03-16,5.8,5.5,1.8
2014-03-20,14.6,22.7,37.7
2014-03-21,13.4,25.8,43.5
2014-03-23,0.7,0.0,0.0
2014-03-29,4.3,2.9,0.0
2014-03-31,4.3,31.2,61.8
2014-04-02,16.7,23.1,33.1
2014-04-05,0.0,36.0,58.9
2014-04-06,18.1,16.7,18.3
2014-04-09,5.1,0.0,0.0
2014-04-10,1.5,0.5,0.0
2014-04-12,13.0,1.3,0.0
2014-04-13,16.6,1.9,0.0
2014-04-16,110.2,8.1,4.9
2014-04-17,6.0,26.2,41.3
2014-04-18,27.7,12.7,11.8
2014-04-20,25.0,19.8,26.9
2014-04-21,7.5,12.6,9.2
2014-04-22,1.2,8.3,3.6
2014-04-26,15.1,4.9,1.0
2014-04-27,11.0,14.6,12.2
2014-04-29,48.5,2.9,0.0
2014-04-30,25.8,22.7,29.0
2014-05-01,1.0,16.5,27.3
2014-05-02,2.7,7.7,6.6
2014-05-03,1.0,1.2,0.0
2014-05-07,0.2,39.9,88.0
2014-05-09,3.4,25.8,50.6
2014-05-10,12.0,7.7,6.6
2014-05-11,2.0,25.0,51.2
2014-05-12,8.9,0.2,0.0
2014-05-13,0.2,6.0,3.1
2014-05-14,35.3,7.7,6.3
2014-05-15,4.4,1.8,0.0
2014-05-16,7.0,3.6,0.0
2014-05-19,11.6,0.6,0.0
2014-05-20,5.0,5.8,2.9
2014-05-23,1.3,0.4,0.0
2014-05-24,0.7,32.3,64.3
2014-05-27,8.5,19.8,33.8
2014-05-28,4.2,1.6,0.0
2014-05-31,32.3,4.1,1.0
2014-06-01,3.8,16.5,49.6
2014-06-03,2.2,25.7,77.6
2014-06-05,9.0,15.9,50.5
2014-06-06,6.7,10.9,19.0
2014-06-09,0.3,5.4,4.4
2014-06-13,9.4,2.8,0.0
2014-06-14,0.4,7.7,8.7
2014-06-15,0.2,2.5,0.0
2014-06-18,10.3,5.8,4.1
2014-06-19,2.2,0.0,0.0
2014-06-27,15.4,3.7,1.3
2014-06-28,0.7,0.3,0.0
2014-06-29,1.7,2.8,0.0
2014-06-30,14.5,0.7,0.0
2014-07-01,0.1,5.9,3.5
2014-07-04,43.7,0.5,0.0
2014-07-07,24.4,4.2,1.0
2014-07-08,0.5,8.7,9.5
2014-07-09,1.6,1.3,0.0
2014-07-12,1.7,5.9,4.6
2014-07-13,4.8,3.2,0.0
2014-07-15,1.1,0.0,0.0
2014-07-16,0.4,0.0,0.0
2014-07-18,2.8,0.0,0.0
2014-07-29,26.4,0.1,0.0
2014-07-30,45.2,10.9,21.7
2014-07-31,127.5,11.3,35.5
2014-08-01,22.0,2.5,0.0
2014-08-03,6.3,5.7,8.3
2014-08-04,45.5,2.0,0.0
2014-08-05,4.1,5.0,6.1
2014-08-06,23.3,10.1,23.5
2014-08-07,35.0,0.3,0.0
2014-08-08,1.0,0.0,0.0
2014-08-11,85.6,10.9,13.5
2014-08-12,38.4,21.5,49.7
2014-08-13,6.1,22.1,48.4
2014-08-14,6.4,17.4,35.3
2014-08-15,29.7,16.0,32.4
2014-08-16,1.7,0.6,0.0
2014-08-17,5.0,0.0,0.0
2014-08-19,0.0,0.7,0.0
2014-08-21,10.0,0.0,0.0
2014-08-23,1.2,0.6,0.0
2014-08-24,0.4,1.8,0.0
2014-08-25,0.7,8.2,5.9
2014-08-26,8.3,2.9,0.0
2014-08-27,10.6,9.1,7.6
2014-08-28,1.9,16.7,22.1
2014-08-29,8.0,2.3,0.0
2014-08-31,54.6,25.2,48.5
2014-09-02,20.2,24.6,47.6
2014-09-03,4.0,0.7,0.0
2014-09-05,3.2,8.3,9.7
2014-09-06,8.5,9.8,12.6
2014-09-08,0.0,0.0,0.0
2014-09-10,0.5,2.0,0.0
2014-09-13,0.4,9.9,9.6
2014-09-14,16.0,2.5,0.0
2014-09-15,1.5,0.0,0.0
2014-09-16,0.6,0.9,0.0
2014-09-17,0.7,0.8,0.0
2014-09-21,38.5,0.8,0.0
2014-09-22,1.1,0.0,0.0
2014-09-25,3.5,8.0,9.4
2014-09-26,0.1,0.0,0.0
2014-09-29,3.5,2.3,0.0
2014-09-30,1.1,0.0,0.0
2014-10-01,1.4,0.0,0.0
2014-10-02,4.3,0.0,0.0
2014-10-03,0.1,0.3,0.0
2014-10-04,18.0,2.5,0.0
2014-10-05,20.0,6.8,9.1
2014-10-06,1.0,0.5,0.0
2014-10-07,35.0,21.7,55.6
2014-10-08,23.5,0.9,0.0
2014-10-12,0.3,4.9,2.9
2014-10-13,1.8,2.4,1.0
2014-10-15,8.5,1.6,0.0
2014-10-16,0.8,6.9,6.2
2014-10-17,1.7,50.6,123.9
2014-10-18,48.0,12.6,16.4
2014-10-19,14.4,3.1,1.0
2014-10-21,20.7,4.7,1.0
2014-10-22,11.3,8.5,5.6
2014-10-28,3.0,0.0,0.0
2014-10-29,1.5,8.8,6.1
2014-10-30,1.5,18.6,21.4
2014-10-31,15.0,1.2,0.0
2014-11-01,35.4,4.7,2.9
2014-11-02,23.3,14.7,17.9
2014-11-05,3.8,16.2,20.1
2014-11-06,24.6,9.2,9.6
2014-11-07,4.2,10.5,11.7
2014-11-08,2.1,23.2,33.5
2014-11-09,7.9,3.8,1.5
2014-11-10,6.2,10.3,11.3
2014-11-11,15.3,35.7,81.4
2014-11-12,15.3,27.9,55.1
2014-11-13,17.5,13.2,15.9
2014-11-14,2.0,1.3,0.0
2014-11-17,58.6,30.2,63.7
2014-11-18,97.7,33.0,72.7
2014-11-19,14.0,33.2,72.3
2014-11-21,9.5,0.5,0.0
2014-11-23,18.2,48.1,87.8
2014-11-24,43.2,28.0,43.6
2014-11-25,19.0,22.9,36.3
2014-11-26,4.1,22.4,31.2
2014-11-27,35.5,1.6,0.0
2014-11-29,4.7,29.3,52.6
2014-11-30,56.6,2.6,0.0
2014-12-01,2.0,12.8,13.6
2014-12-02,22.2,5.3,1.5
2014-12-03,4.6,2.3,0.0
2014-12-07,2.6,0.5,0.0
2014-12-09,7.6,10.5,9.7
2014-12-10,70.3,6.1,2.7
2014-12-11,59.1,20.9,19.6
2014-12-12,46.0,10.0,6.6
2014-12-13,20.7,23.7,31.4
2014-12-14,37.5,16.9,15.5
2014-12-15,5.0,13.4,10.9
2014-12-16,41.3,36.3,48.7
2014-12-17,43.0,1.8,0.0
2014-12-18,15.3,29.6,40.5
2014-12-19,23.1,8.8,5.2
2014-12-20,1.3,10.3,7.1
2014-12-21,1.5,14.1,16.5
2014-12-22,26.6,11.3,11.8
2014-12-23,20.5,7.8,6.2
2014-12-25,29.5,7.5,5.7
2014-12-26,6.3,18.2,24.3
2014-12-27,10.5,20.5,35.2
2014-12-28,5.7,32.8,62.3
2014-12-29,3.0,7.8,6.2
2014-12-30,0.6,1.7,0.0
2014-12-31,0.8,6.7,4.4
2015-01-01,23.2,0.3,0.0
2015-01-03,4.7,0.6,0.0
2015-01-05,4.6,0.5,0.0
2015-01-06,3.6,0.2,0.0
2015-01-07,34.3,2.5,0.0
2015-01-09,22.9,18.4,42.3
2015-01-10,13.2,12.9,16.4
2015-01-14,26.6,2.6,0.0
2015-01-15,0.8,3.6,0.0
2015-01-16,18.6,0.2,0.0
2015-01-18,7.5,0.0,0.0
2015-01-20,0.3,0.0,0.0
2015-01-22,146.9,16.1,26.6
2015-01-23,8.4,45.3,126.5
2015-01-24,90.0,2.0,0.0
2015-01-25,1.0,2.8,0.0
2015-01-26,1.4,20.1,37.7
2015-01-27,7.1,3.0,0.0
2015-01-30,2.3,25.7,52.7
2015-01-31,8.6,0.9,0.0
2015-02-01,0.1,0.2,0.0
2015-02-06,36.3,1.7,0.0
2015-02-07,4.8,0.0,0.0
2015-02-08,0.2,0.0,0.0
2015-02-13,17.9,2.8,0.0
2015-02-17,21.0,12.8,18.0
2015-02-18,7.7,49.3,136.2
2015-02-19,34.6,12.0,14.9
2015-02-24,0.1,0.0,0.0
2015-02-26,5.6,2.9,0.0
2015-02-27,2.8,1.6,0.0
2015-02-28,9.5,8.2,6.7
2015-03-01,0.2,8.6,8.0
2015-03-02,3.5,0.1,0.0
2015-03-04,31.7,3.4,0.0
2015-03-05,11.2,3.4,0.0
2015-03-08,7.7,2.3,0.0
2015-03-09,11.4,13.1,17.9
2015-03-10,1.0,4.8,1.1
2015-03-11,4.5,36.6,77.4
2015-03-14,64.6,10.6,9.1
2015-03-15,4.4,29.3,58.8
2015-03-16,80.0,7.8,4.9
2015-03-17,7.0,5.2,1.4
2015-03-18,9.0,0.2,0.0
2015-03-20,38.9,1.2,0.0
2015-03-22,47.0,11.9,11.7
2015-03-23,0.5,27.4,49.1
2015-03-24,24.8,49.7,140.7
2015-03-25,54.0,13.5,14.7
2015-03-26,2.5,5.0,1.0
2015-03-27,0.0,17.6,22.0
2015-03-30,8.7,15.1,21.0
2015-03-31,32.0,15.8,20.5
2015-04-01,5.9,6.3,3.0
2015-04-02,6.2,3.4,0.0
2015-04-03,37.5,4.3,1.0
2015-04-04,0.1,19.4,24.0
2015-04-05,9.6,58.6,143.3
2015-04-06,41.3,0.1,0.0
2015-04-08,41.6,16.3,19.0
2015-04-09,7.0,8.5,6.2
2015-04-10,23.4,5.8,2.4
2015-04-11,2.8,14.0,13.8
2015-04-13,17.4,11.7,10.2
2015-04-14,17.5,10.3,8.1
2015-04-15,10.2,4.7,1.0
2015-04-16,36.0,8.3,5.2
2015-04-17,26.1,19.3,21.9
2015-04-18,6.0,41.9,74.3
2015-04-19,4.0,10.9,9.1
2015-04-20,15.4,0.1,0.0
2015-04-22,26.3,15.2,13.0
2015-04-23,11.8,41.1,74.6
2015-04-24,7.4,2.1,0.0
2015-04-25,3.0,7.2,2.3
2015-04-26,2.5,36.8,64.4
2015-04-27,42.6,18.3,17.0
2015-04-28,90.1,1.5,0.0
2015-04-30,1.2,1.5,0.0
2015-05-02,4.0,18.3,33.3
2015-05-03,22.2,1.7,0.0
2015-05-05,0.2,0.0,0.0
2015-05-08,2.2,6.5,4.5
2015-05-09,24.9,0.4,0.0
2015-05-11,7.3,0.7,0.0
2015-05-14,2.5,4.7,1.0
2015-05-15,0.2,6.3,3.7
2015-05-17,10.0,5.1,1.7
2015-05-18,12.2,24.3,49.0
2015-05-20,35.5,0.0,0.0
2015-05-21,5.8,17.8,27.5
2015-05-22,80.6,0.2,0.0
2015-05-25,8.6,9.0,8.8
2015-05-26,2.7,2.4,0.0
2015-05-29,68.8,0.0,0.0
2015-06-02,1.1,5.3,4.1
2015-06-03,4.3,0.0,0.0
2015-06-06,4.1,15.5,48.8
2015-06-07,3.6,0.2,0.0
2015-06-08,38.0,5.3,4.1
2015-06-09,0.3,6.0,6.1
2015-06-10,3.2,9.0,14.5
2015-06-11,25.8,40.0,142.0
2015-06-12,25.4,22.5,58.3
2015-06-13,11.8,13.9,26.7
2015-06-14,5.6,0.4,0.0
2015-06-15,2.5,4.4,1.0
2015-06-16,6.4,2.6,0.0
2015-06-24,16.0,0.0,0.0
2015-06-27,1.7,0.2,0.0
2015-06-28,73.0,0.0,0.0
2015-07-08,7.1,2.7,0.0
2015-07-13,8.4,16.2,42.1
2015-07-14,22.9,1.2,0.0
2015-07-15,33.1,0.0,0.0
2015-07-17,1.8,13.2,24.3
2015-07-18,9.9,0.0,0.0
2015-07-26,46.7,3.9,1.0
2015-08-03,41.7,5.6,8.0
2015-08-04,1.0,0.8,0.0
2015-08-05,9.1,3.6,1.9
2015-08-06,8.8,12.2,44.7
2015-08-07,27.4,4.8,5.3
2015-08-08,10.7,8.2,17.7
2015-08-09,8.2,16.4,68.2
2015-08-10,1.7,4.7,5.1
2015-08-11,7.4,1.5,0.0
2015-08-12,1.9,2.0,0.0
2015-08-14,2.6,0.0,0.0
2015-08-17,2.3,0.0,0.0
2015-08-19,0.0,0.2,0.0
2015-08-21,1.4,4.8,1.0
2015-08-22,3.5,0.2,0.0
2015-09-01,0.0,0.0,0.0
2015-09-06,0.0,0.0,0.0
2015-09-08,0.4,1.2,0.0
2015-09-09,15.5,4.6,2.4
2015-09-10,1.1,1.7,0.0
2015-09-11,5.2,0.0,0.0
2015-09-14,4.4,14.3,19.1
2015-09-15,2.5,4.0,0.0
2015-09-16,0.2,0.8,0.0
2015-09-21,5.4,5.6,3.6
2015-09-22,8.0,7.8,8.8
2015-09-23,4.4,4.8,1.8
2015-09-24,3.1,1.5,0.0
2015-09-25,17.7,4.6,1.5
2015-09-26,9.5,6.4,5.3
2015-09-27,3.5,2.3,0.0
2015-09-28,1.4,3.3,0.0
2015-09-29,0.4,1.5,0.0
2015-09-30,3.0,0.2,0.0
2015-10-01,0.0,0.0,0.0
2015-10-03,1.0,0.0,0.0
2015-10-14,14.4,1.5,0.0
2015-10-16,3.9,19.8,37.7
2015-10-17,76.4,2.8,1.0
2015-10-28,4.5,0.7,0.0
2015-10-31,41.9,3.4,0.0
2015-11-01,1.2,10.3,11.4
2015-11-02,4.3,1.4,0.0
2015-11-04,1.3,7.5,7.1
2015-11-05,20.3,19.6,25.2
2015-11-06,20.0,22.3,32.6
2015-11-07,7.9,30.1,46.7
2015-11-08,20.7,17.5,22.1
2015-11-09,12.8,9.0,9.3
2015-11-10,8.0,13.4,15.9
2015-11-11,1.4,15.7,21.6
2015-11-13,9.9,0.9,0.0
2015-11-14,3.2,22.8,40.3
2015-11-15,13.2,9.4,8.0
2015-11-16,13.5,30.3,62.3
2015-11-18,0.1,43.3,108.6
2015-11-19,69.3,5.0,1.0
2015-11-22,36.2,27.4,44.7
2015-11-23,31.5,24.7,36.8
2015-11-24,27.4,34.7,59.3
2015-11-26,12.5,7.6,5.9
2015-11-27,3.8,38.8,67.4
2015-11-28,17.5,35.5,65.6
2015-11-29,26.0,44.8,83.8
2015-11-30,10.6,12.5,13.9
2015-12-01,16.5,25.1,37.4
2015-12-02,20.3,7.2,4.4
2015-12-03,30.6,12.9,13.8
2015-12-04,8.8,6.0,2.5
2015-12-05,10.0,3.7,0.0
2015-12-06,1.2,3.1,0.0
2015-12-07,37.5,17.0,21.0
2015-12-09,4.4,4.7,1.0
2015-12-10,2.3,40.1,74.2
2015-12-11,24.8,4.6,1.0
2015-12-12,15.3,30.7,43.8
2015-12-13,29.2,19.3,18.6
2015-12-14,16.2,29.5,42.2
2015-12-16,58.8,4.2,0.0
2015-12-17,8.2,1.3,0.0
2015-12-18,13.4,13.6,11.3
2015-12-19,17.8,0.3,0.0
2015-12-20,3.4,0.9,0.0
2015-12-21,9.7,1.6,0.0
2015-12-22,13.6,16.6,22.4
2015-12-27,21.4,3.4,0.0
2015-12-29,4.7,16.5,23.6
2015-12-30,6.0,4.0,1.0
2015-12-31,0.2,0.2,0.0
2016-01-02,1.2,3.5,0.0
2016-01-07,6.5,18.3,40.4
2016-01-08,16.4,1.3,0.0
2016-01-10,5.5,1.4,0.0
2016-01-12,0.6,0.9,0.0
2016-01-14,3.0,35.0,60.0
2016-01-15,24.0,17.5,32.1
2016-01-17,0.9,9.2,7.5
2016-01-18,4.0,7.3,4.4
2016-01-19,12.2,46.0,74.7
2016-01-20,35.1,8.1,5.8
2016-01-21,0.1,3.2,0.0
2016-01-22,0.5,1.6,0.0
2016-01-23,3.0,0.8,0.0
2016-01-25,0.0,0.2,0.0
2016-01-27,0.3,5.6,1.4
2016-01-28,7.0,27.6,58.0
2016-01-29,36.2,0.8,0.0
2016-01-30,5.5,31.0,69.9
2016-01-31,8.9,9.8,8.7
2016-02-01,1.6,12.3,10.5
2016-02-07,40.0,31.9,57.3
2016-02-08,19.4,8.4,4.4
2016-02-09,2.0,4.3,0.0
2016-02-10,67.3,6.3,1.2
2016-02-11,23.2,0.5,0.0
2016-02-20,1.9,0.0,0.0
2016-02-23,3.0,3.2,0.0
2016-02-24,2.1,20.0,36.0
2016-02-25,29.5,0.1,0.0
2016-03-06,8.5,13.0,17.7
2016-03-07,3.6,6.0,2.9
2016-03-08,10.3,1.7,0.0
2016-03-09,7.1,0.6,0.0
2016-03-12,33.1,2.3,0.0
2016-03-14,14.8,37.9,81.0
2016-03-15,22.6,14.8,16.3
2016-03-17,5.0,11.8,11.1
2016-03-18,29.4,2.9,0.0
2016-03-21,2.7,72.3,269.6
2016-03-22,93.4,5.0,1.0
2016-03-23,12.2,7.2,3.4
2016-03-25,3.0,1.4,0.0
2016-03-26,0.1,3.9,0.0
2016-04-01,2.0,5.7,2.2
2016-04-02,32.6,9.7,8.0
2016-04-04,20.0,19.7,32.2
2016-04-05,4.0,25.3,37.5
2016-04-06,11.4,28.2,42.0
2016-04-07,15.8,2.0,0.0
2016-04-08,17.6,0.4,0.0
2016-04-09,2.2,0.0,0.0
2016-04-11,4.6,32.6,52.4
2016-04-12,26.5,9.4,6.8
2016-04-14,3.3,20.1,26.8
2016-04-15,0.3,4.0,0.0
2016-04-17,40.3,6.0,2.0
2016-04-22,33.6,22.5,27.3
2016-04-23,20.0,9.1,4.6
2016-04-24,7.3,26.0,39.1
2016-04-25,11.7,28.6,43.1
2016-04-27,1.2,10.7,6.7
2016-04-28,2.0,3.0,0.0
2016-04-29,2.9,18.4,20.2
2016-04-30,76.4,14.0,11.3
2016-05-04,10.0,13.2,16.2
2016-05-05,4.3,5.4,2.8
2016-05-06,0.4,4.0,1.0
2016-05-07,0.7,3.2,1.0
2016-05-08,5.2,4.2,1.1
2016-05-09,17.9,8.6,7.9
2016-05-11,1.1,20.4,42.6
2016-05-12,34.2,7.7,6.3
2016-05-13,1.0,2.5,0.0
2016-05-14,3.0,12.1,16.5
2016-05-15,13.3,0.2,0.0
2016-05-16,5.4,0.0,0.0
2016-05-17,2.6,18.1,33.8
2016-05-19,3.5,7.3,5.5
2016-05-20,5.0,4.7,1.1
2016-05-21,1.6,5.3,2.5
2016-05-22,5.1,0.9,0.0
2016-05-25,1.8,23.5,44.5
2016-05-28,35.3,4.4,1.1
2016-05-29,5.6,8.9,8.7
2016-05-30,12.2,4.8,1.8
2016-06-05,5.0,0.3,0.0
2016-06-08,7.0,0.0,0.0
2016-06-11,2.2,0.9,0.0
2016-06-12,35.2,5.4,3.1
2016-06-13,8.4,3.5,0.0
2016-06-14,9.2,0.1,0.0
2016-06-17,1.8,8.9,11.9
2016-06-18,21.5,8.6,11.1
2016-07-23,1.5,8.5,12.3
2016-07-24,46.4,9.3,15.6
2016-07-28,0.5,2.1,0.0
2016-07-29,6.5,0.6,0.0
2016-07-30,21.0,5.7,4.2
2016-08-04,16.8,3.0,1.0
2016-08-10,11.0,1.5,0.0
2016-08-12,4.0,0.2,0.0
2016-08-13,28.5,0.3,0.0
2016-08-18,2.2,5.0,1.0
2016-08-20,3.7,2.7,0.0
2016-08-21,1.5,0.3,0.0
2016-08-22,6.0,0.9,0.0
2016-08-23,10.0,23.4,48.8
2016-08-24,29.0,18.0,27.1
2016-08-30,31.5,3.2,0.0
2016-08-31,4.0,0.9,0.0
2016-09-01,2.0,15.7,26.0
2016-09-02,8.5,10.9,14.9
2016-09-05,1.5,3.1,0.0
2016-09-06,20.0,20.8,47.3
2016-09-07,105.5,2.9,0.0
2016-09-08,2.4,0.7,0.0
2016-09-10,7.2,1.1,0.0
2016-09-12,8.0,1.6,0.0
2016-09-13,1.5,0.0,0.0
2016-09-14,0.5,1.5,0.0
2016-09-15,12.2,0.5,0.0
2016-09-17,9.0,10.0,9.9
2016-09-19,45.0,21.2,49.9
2016-09-20,38.4,9.4,8.7
2016-09-21,10.9,9.9,14.4
2016-09-22,6.0,8.2,9.8
2016-09-23,3.8,10.2,15.2
2016-09-24,64.0,2.1,0.0
2016-09-25,3.0,1.9,0.0
2016-09-28,12.2,2.2,0.0
2016-09-29,0.5,12.5,25.0
2016-09-30,16.5,2.3,0.0
2016-10-05,9.1,4.4,3.2
2016-10-08,11.7,0.5,0.0
2016-10-12,2.3,11.2,13.8
2016-10-13,14.5,12.7,16.6
2016-10-15,14.4,4.1,1.8
2016-10-17,24.7,3.0,1.0
2016-10-19,1.0,1.3,0.0
2016-10-23,8.5,5.7,1.7
2016-10-24,4.5,1.6,0.0
2016-10-26,1.0,3.1,0.0
2016-10-27,1.0,12.4,11.2
2016-10-28,17.5,18.1,19.0
2016-10-29,18.5,14.8,14.8
2016-10-30,2.0,9.9,7.6
2016-10-31,16.0,8.8,6.0
2016-11-01,8.5,1.9,0.0
2016-11-02,13.0,8.4,8.5
2016-11-03,51.2,7.7,7.5
2016-11-04,6.4,2.0,0.0
2016-11-05,20.0,0.5,0.0
2016-11-07,43.4,29.8,46.0
2016-11-08,51.2,2.4,0.0
2016-11-09,4.4,0.5,0.0
2016-11-10,16.0,9.4,9.9
2016-11-11,8.2,1.1,0.0
2016-11-12,5.5,25.2,46.1
2016-11-13,76.0,16.7,23.9
2016-11-14,7.8,2.3,0.0
2016-11-15,55.5,4.7,1.0
2016-11-16,32.2,3.7,0.0
2016-11-17,13.4,6.3,2.7
2016-11-18,37.5,4.5,1.0
2016-11-19,32.5,3.8,0.0
2016-11-20,15.5,11.8,12.9
2016-11-21,3.5,7.2,5.2
2016-11-22,26.0,6.4,4.0
2016-11-23,47.0,5.7,2.9
2016-11-24,14.5,3.7,1.0
2016-11-25,17.0,19.4,25.9
2016-11-26,36.0,9.7,9.1
2016-11-27,72.5,1.6,0.0
2016-11-28,1.0,3.2,0.0
2016-11-29,5.0,2.3,0.0
2016-12-02,11.5,8.9,7.1
2016-12-03,92.5,0.1,0.0
2016-12-04,27.6,3.3,0.0
2016-12-05,51.0,6.9,3.9
2016-12-06,143.2,5.0,1.1
2016-12-07,83.1,6.9,3.8
2016-12-08,8.4,15.4,18.1
2016-12-09,25.3,22.6,32.8
2016-12-10,22.5,11.6,11.5
2016-12-11,19.2,5.6,1.4
2016-12-12,11.6,3.6,0.0
2016-12-17,22.3,0.9,0.0
2016-12-18,6.1,1.0,0.0
2016-12-19,4.3,3.4,0.0
2016-12-21,1.2,1.6,0.0
2016-12-22,19.7,5.5,2.7
2016-12-23,36.2,23.0,46.3
2016-12-24,26.1,9.0,8.0
2016-12-25,1.0,3.8,1.0
2016-12-27,5.0,9.1,8.3
2016-12-28,6.0,0.0,0.0
2016-12-29,4.6,0.1,0.0
2017-01-03,25.7,21.3,53.6
2017-01-04,36.0,23.3,56.1
2017-01-05,53.0,13.2,16.9
2017-01-06,101.5,20.1,46.6
2017-01-07,41.8,0.1,0.0
2017-01-08,36.7,0.1,0.0
2017-01-12,15.5,2.3,0.0
2017-01-13,4.5,0.6,0.0
2017-01-15,4.5,3.5,0.0
2017-01-16,16.5,0.6,0.0
2017-01-20,0.5,2.8,0.0
2017-01-23,26.9,3.7,0.0
2017-01-24,21.5,2.3,0.0
2017-01-29,2.0,0.8,0.0
2017-01-31,0.5,35.2,84.6
2017-02-01,25.8,1.7,0.0
2017-02-02,4.0,1.0,0.0
2017-02-07,6.0,0.9,0.0
2017-02-08,28.3,0.0,0.0
2017-02-09,13.3,0.3,0.0
2017-02-10,17.5,0.0,0.0
2017-02-11,7.3,4.0,0.0
2017-02-12,12.6,0.0,0.0
2017-02-21,24.5,9.1,8.3
2017-02-22,11.0,13.3,16.2
2017-02-23,2.0,17.7,26.8
2017-02-24,8.5,1.0,0.0
2017-02-25,2.0,37.7,70.2
2017-02-26,3.0,5.9,2.8
2017-02-27,21.5,33.2,65.5
2017-02-28,43.5,41.6,101.3
2017-03-01,19.5,10.5,12.0
2017-03-02,2.0,26.1,58.4
2017-03-03,23.0,14.8,21.5
2017-03-04,9.5,14.3,22.9
2017-03-05,72.5,23.1,48.4
2017-03-07,117.0,1.4,0.0
2017-03-12,6.0,0.3,0.0
2017-03-14,1.0,24.0,42.5
2017-03-15,34.0,0.3,0.0
2017-03-17,18.5,14.9,16.5
2017-03-18,6.1,23.2,38.9
2017-03-19,33.0,9.8,7.9
2017-03-20,44.0,4.2,1.0
2017-03-24,4.3,2.4,0.0
2017-03-26,24.5,33.5,75.6
2017-03-27,18.0,25.1,44.3
2017-03-28,32.5,19.8,28.1
2017-03-29,6.4,10.9,9.9
2017-03-30,16.0,5.5,1.0
2017-03-31,1.5,6.2,2.0
2017-04-02,6.0,13.0,13.4
2017-04-03,26.0,7.3,4.5
2017-04-04,11.1,11.2,10.4
2017-04-05,26.3,2.6,0.0
2017-04-06,2.5,13.0,13.4
2017-04-07,79.3,33.6,54.5
2017-04-08,28.3,2.5,0.0
2017-04-09,1.8,14.5,15.9
2017-04-10,13.8,6.9,3.9
2017-04-11,6.0,5.9,2.0
2017-04-12,20.1,3.7,0.0
2017-04-13,25.0,4.1,0.0
2017-04-14,1.0,6.6,2.9
2017-04-15,6.0,20.3,31.3
2017-04-16,145.1,6.5,2.8
2017-04-17,19.0,5.6,1.5
2017-04-18,3.5,2.2,0.0
2017-04-19,1.9,1.8,0.0
2017-04-20,0.5,20.9,28.9
2017-04-21,60.5,9.6,5.2
2017-04-22,1.5,0.6,0.0
2017-04-26,11.0,17.6,16.8
2017-04-27,40.5,15.4,13.3
2017-04-28,6.8,9.6,5.3
2017-04-29,6.5,1.5,0.0
2017-05-01,20.5,31.2,64.1
2017-05-02,18.5,31.4,64.5
2017-05-03,4.5,17.9,32.6
2017-05-04,5.5,3.3,1.0
2017-05-06,1.0,5.8,3.5
2017-05-07,3.5,5.3,2.7
2017-05-08,7.0,2.0,0.0
2017-05-10,6.5,3.1,0.0
2017-05-11,7.5,14.3,18.3
2017-05-12,31.0,47.5,110.7
2017-05-13,89.3,7.8,6.3
2017-05-14,1.5,26.6,58.2
2017-05-15,28.0,18.9,35.8
2017-05-16,21.6,6.3,3.7
2017-05-18,12.0,15.3,23.3
2017-05-19,4.5,1.2,0.0
2017-05-20,3.0,25.3,57.9
2017-05-21,39.0,7.9,6.9
2017-05-22,2.5,2.8,0.0
2017-05-26,2.0,0.8,0.0
2017-05-28,15.0,1.5,0.0
2017-05-29,6.5,8.1,7.3
2017-05-31,25.0,14.7,19.1
2017-06-01,13.0,3.0,0.0
2017-06-08,0.0,0.9,0.0
2017-06-10,43.0,17.0,51.4
2017-06-11,2.0,3.6,0.0
2017-06-12,8.0,21.1,48.1
2017-06-13,3.0,4.2,1.0
2017-06-14,3.5,2.0,0.0
2017-06-15,1.5,60.9,286.2
2017-06-16,63.5,0.8,0.0
2017-06-18,9.0,2.6,0.0
2017-06-19,22.5,0.5,0.0
2017-06-23,1.0,5.7,5.7
2017-06-24,0.8,15.0,39.8
2017-06-25,28.5,23.4,69.6
2017-06-26,65.0,3.8,1.6
2017-06-27,1.0,6.8,8.1
2017-06-28,21.0,30.5,86.6
2017-06-29,28.5,11.2,20.5
2017-06-30,3.0,0.8,0.0
2017-07-04,1.0,4.3,1.0
2017-07-05,21.0,5.4,2.6
2017-07-06,14.5,0.7,0.0
2017-07-07,2.0,9.3,10.9
2017-07-09,2.0,0.1,0.0
2017-07-11,48.0,3.8,1.0
2017-07-12,6.3,0.6,0.0
2017-07-13,0.0,2.3,0.0
2017-07-14,4.0,7.7,8.7
2017-07-15,2.5,1.6,0.0
2017-07-16,3.0,0.0,0.0
2017-07-18,55.0,0.5,0.0
2017-07-19,8.5,0.0,0.0
2017-07-24,64.0,0.0,0.0
2017-07-29,19.5,0.3,0.0
2017-07-30,44.0,3.5,0.0
2017-07-31,37.0,0.5,0.0
2017-08-01,73.8,3.0,1.0
2017-08-02,27.5,0.1,0.0
2017-08-04,79.0,1.2,0.0
2017-08-05,9.2,0.0,0.0
2017-08-06,7.5,0.0,0.0
2017-08-07,1.0,0.0,0.0
2017-08-09,7.0,3.5,1.7
2017-08-10,3.5,0.1,0.0
2017-08-13,36.3,7.7,6.3
2017-08-14,1.5,7.6,6.0
2017-08-15,0.6,16.3,35.1
2017-08-16,9.0,7.2,5.2
2017-08-17,36.0,12.0,17.1
2017-08-18,5.3,17.8,38.5
2017-08-19,10.5,0.5,0.0
2017-08-20,1.3,0.0,0.0
2017-08-22,41.0,6.2,2.5
2017-08-24,13.0,0.1,0.0
2017-08-25,2.5,0.8,0.0
2017-08-27,3.5,0.1,0.0
2017-08-29,4.9,0.4,0.0
2017-08-30,1.0,6.8,3.6
2017-09-01,1.0,1.1,0.0
2017-09-05,4.0,0.4,0.0
2017-09-06,4.5,7.2,7.5
2017-09-07,23.5,0.6,0.0
2017-09-09,25.0,4.6,2.4
2017-09-11,2.5,2.2,0.0
2017-09-15,2.1,17.5,38.1
2017-09-16,37.0,1.5,0.0
2017-09-19,0.2,25.4,59.8
2017-09-24,9.2,0.2,0.0
2017-09-26,14.0,13.2,24.8
2017-09-28,5.5,71.3,190.7
2017-09-29,87.0,16.2,46.4
2017-09-30,2.0,3.1,0.0
2017-10-01,25.3,1.9,0.0
2017-10-04,21.3,2.0,0.0
2017-10-08,7.5,22.3,60.0
2017-10-09,10.5,8.2,12.5
2017-10-10,3.0,2.5,0.0
2017-10-12,1.0,0.1,0.0
2017-10-14,34.0,0.7,0.0
2017-10-16,20.0,3.9,1.5
2017-10-26,23.8,2.5,0.0
2017-10-27,10.0,5.0,1.0
2017-10-28,52.5,8.1,5.1
2017-10-29,97.7,12.3,11.0
2017-10-30,38.5,16.7,19.5
2017-10-31,7.4,8.4,5.5
2017-11-01,6.5,29.7,44.5
2017-11-03,11.5,68.5,107.9
2017-11-04,21.5,9.9,10.7
2017-11-05,7.0,2.5,0.0
2017-11-07,22.5,12.6,14.8
2017-11-08,42.0,3.2,1.0
2017-11-09,0.7,9.2,9.7
2017-11-10,25.3,1.5,0.0
2017-11-11,8.5,3.3,0.0
2017-11-12,7.5,12.8,15.1
2017-11-13,4.8,14.9,19.7
2017-11-14,2.0,5.0,1.0
2017-11-16,10.0,9.3,7.9
2017-11-18,24.0,39.2,93.9
2017-11-21,8.3,8.5,7.2
2017-11-22,68.0,4.7,1.6
2017-11-23,10.0,13.4,15.4
2017-11-24,10.3,5.7,3.0
2017-11-26,104.7,7.0,4.8
2017-11-28,30.5,17.9,23.2
2017-11-29,53.5,5.2,2.3
2017-11-30,11.9,10.4,10.3
2017-12-01,51.0,1.1,0.0
2017-12-02,9.3,7.3,4.5
2017-12-03,11.3,13.8,15.3
2017-12-04,95.5,4.6,1.0
2017-12-05,17.7,2.4,0.0
2017-12-07,2.5,1.5,0.0
2017-12-09,1.0,24.2,35.0
2017-12-10,9.1,8.9,7.1
2017-12-15,2.5,6.6,2.5
2017-12-16,2.6,33.9,45.1
2017-12-17,19.2,0.6,0.0
2017-12-18,2.5,0.0,0.0
2017-12-20,45.5,0.0,0.0
2017-12-21,12.0,4.3,1.0
2017-12-22,122.0,36.3,73.8
2017-12-23,85.2,16.7,28.3
2017-12-24,41.4,1.6,0.0
2017-12-25,12.7,25.2,50.9
2017-12-26,57.0,18.5,34.3
2017-12-27,45.5,2.4,0.0
2017-12-29,0.0,9.7,9.1
2017-12-31,4.0,15.7,19.3
2018-01-01,2.0,7.8,6.2
2018-01-03,36.0,8.5,7.7
2018-01-04,2.0,2.7,0.0
2018-01-05,5.0,3.7,0.0
2018-01-09,23.0,5.3,2.0
2018-01-16,1.0,7.6,5.0
2018-01-19,32.8,0.8,0.0
2018-01-20,5.0,10.8,10.4
2018-01-21,22.0,2.6,0.0
2018-01-22,1.0,1.2,0.0
2018-01-24,16.2,15.1,19.9
2018-01-25,36.5,0.7,0.0
2018-02-02,2.0,1.2,0.0
2018-02-03,2.0,0.0,0.0
2018-02-07,2.0,0.5,0.0
2018-02-08,1.5,0.1,0.0
2018-02-09,10.0,2.3,0.0
2018-02-10,10.5,31.1,50.2
2018-02-11,52.0,0.0,0.0
2018-02-15,19.0,1.3,0.0
2018-02-16,23.5,0.0,0.0
2018-02-17,1.5,10.5,12.0
2018-02-19,28.0,18.1,34.2
2018-02-21,55.0,18.8,27.1
2018-02-22,81.0,11.7,13.2
2018-02-23,62.0,8.7,7.6
2018-02-25,1.0,2.5,0.0
2018-03-01,13.5,22.6,49.9
2018-03-02,96.5,20.1,37.1
2018-03-03,7.0,0.4,0.0
2018-03-04,2.5,7.0,4.8
2018-03-05,11.5,9.5,10.0
2018-03-06,1.0,24.3,52.4
2018-03-07,7.5,10.0,11.0
2018-03-09,1.0,4.8,1.0
2018-03-10,6.5,13.1,17.9
2018-03-11,7.5,2.1,0.0
2018-03-14,0.5,16.8,19.6
2018-03-15,0.0,0.1,0.0
2018-03-16,4.0,0.1,0.0
2018-03-18,17.3,15.0,16.6
2018-03-19,7.5,1.2,0.0
2018-03-21,11.0,0.1,0.0
2018-03-22,12.0,6.3,2.0
2018-03-23,1.0,0.2,0.0
2018-03-26,6.5,6.7,2.6
2018-03-27,39.0,0.1,0.0
2018-03-29,4.5,2.2,0.0
2018-03-30,9.5,2.4,0.0
2018-03-31,3.0,1.8,0.0
2018-04-01,63.0,1.0,0.0
2018-04-02,8.8,1.0,0.0
2018-04-03,1.0,4.4,1.0
2018-04-04,26.0,4.1,1.0
2018-04-06,3.0,5.1,1.5
2018-04-08,7.5,0.3,0.0
2018-04-09,5.5,1.5,0.0
2018-04-10,1.5,0.8,0.0
2018-04-12,9.5,0.2,0.0
2018-04-13,2.9,14.1,14.0
2018-04-14,6.5,0.4,0.0
2018-04-15,3.5,13.6,13.1
2018-04-16,11.5,9.8,7.4
2018-04-18,1.5,16.5,17.8
2018-04-19,25.2,11.7,10.3
2018-04-20,24.0,14.4,14.4
2018-04-21,81.5,9.0,4.5
2018-04-22,2.0,6.3,1.3
2018-04-23,3.3,18.1,17.5
2018-04-24,8.5,9.6,5.2
2018-05-02,20.0,15.4,19.5
2018-05-03,2.0,8.8,8.4
2018-05-04,9.5,2.8,0.0
2018-05-07,20.5,0.0,0.0
2018-05-12,4.5,3.2,0.0
2018-05-13,21.0,0.1,0.0
2018-05-16,4.5,10.2,11.1
2018-05-19,24.5,12.1,13.5
2018-05-20,6.0,8.4,7.6
2018-05-21,1.5,0.7,0.0
2018-05-22,1.0,15.6,26.5
2018-05-23,8.5,25.8,51.8
2018-05-25,34.5,1.5,0.0
2018-05-26,2.0,39.6,87.6
2018-05-27,56.5,2.8,0.0
2018-05-28,20.5,1.6,0.0
2018-05-29,18.0,15.1,19.9
2018-05-30,6.7,2.0,0.0
2018-06-01,20.5,2.6,0.0
2018-06-05,1.0,0.0,0.0
2018-06-06,3.5,0.0,0.0
2018-06-07,21.5,0.6,0.0
2018-06-08,3.0,3.3,0.0
2018-06-09,6.5,0.7,0.0
2018-06-14,0.5,14.0,27.6
2018-06-18,0.5,15.3,33.8
2018-06-19,7.0,0.0,0.0
2018-06-22,0.0,10.5,17.5
2018-06-23,1.5,28.5,86.9
2018-06-24,50.5,10.2,19.1
2018-06-27,36.0,1.1,0.0
2018-06-29,18.5,41.1,94.1
2018-07-02,1.0,19.6,34.9
2018-07-03,8.5,3.0,0.0
2018-07-05,10.5,0.5,0.0
2018-07-06,17.0,0.2,0.0
2018-07-07,3.0,0.0,0.0
2018-07-08,15.5,20.6,41.1
2018-07-09,50.5,15.9,34.5
2018-07-10,12.0,8.8,9.7
2018-07-11,12.6,0.0,0.0
2018-07-12,2.0,2.8,0.0
2018-07-14,1.0,0.7,0.0
2018-07-15,1.8,0.2,0.0
2018-07-16,7.9,0.0,0.0
2018-07-19,53.0,1.6,0.0
2018-07-20,2.5,0.2,0.0
2018-07-21,1.5,0.1,0.0
2018-07-23,0.8,5.4,3.5
2018-07-24,6.0,7.3,8.4
2018-07-25,3.0,0.1,0.0
2018-07-27,2.5,23.5,75.5
2018-07-28,3.0,0.1,0.0
2018-07-29,14.5,11.5,34.4
2018-07-30,4.0,2.7,0.0
2018-07-31,0.8,33.7,122.9
2018-08-01,4.7,16.9,75.5
2018-08-05,38.5,14.6,55.2
2018-08-06,10.9,21.0,95.8
2018-08-07,106.0,4.0,3.0
2018-08-08,31.0,2.6,0.0
2018-08-09,2.8,0.2,0.0
2018-08-10,2.5,0.0,0.0
2018-08-15,28.0,0.0,0.0
2018-08-17,8.7,0.0,0.0
2018-08-19,48.0,0.0,0.0
2018-08-22,1.5,0.2,0.0
2018-08-23,4.0,0.1,0.0
2018-08-25,13.8,1.8,0.0
2018-08-28,39.0,5.7,1.8
2018-08-29,0.1,11.7,12.5
2018-08-30,9.4,22.3,46.3
2018-08-31,28.5,1.1,0.0
2018-09-01,6.0,6.7,6.5
2018-09-02,45.0,6.9,7.0
2018-09-03,46.0,1.4,0.0
2018-09-04,5.0,1.1,0.0
2018-09-05,10.0,1.0,0.0
2018-09-07,10.0,27.9,52.8
2018-09-08,5.5,40.3,67.5
2018-09-09,9.0,21.7,43.3
2018-09-10,99.0,0.9,0.0
2018-09-15,10.8,0.0,0.0
2018-09-16,2.0,0.0,0.0
2018-09-17,55.5,1.0,0.0
2018-09-18,2.0,16.6,35.5
2018-09-19,31.5,22.3,49.7
2018-09-20,9.5,16.1,23.6
2018-09-21,2.0,10.9,17.3
2018-09-23,28.0,19.9,59.6
2018-09-24,6.8,5.3,2.9
2018-09-25,13.5,1.7,0.0
2018-09-26,0.8,30.0,100.1
2018-09-27,9.0,0.3,0.0
2018-10-03,1.0,25.9,72.4
2018-10-04,16.0,5.5,6.0
2018-10-05,1.0,1.3,0.0
2018-10-06,5.0,3.2,1.0
2018-10-09,44.0,16.7,40.3
2018-10-10,10.8,8.3,12.9
2018-10-11,19.0,40.6,105.7
2018-10-12,26.5,5.8,4.4
2018-10-13,13.0,21.9,47.4
2018-10-18,2.0,27.7,60.3
2018-10-19,68.5,11.6,14.4
2018-10-20,5.5,8.1,8.2
2018-10-23,3.0,15.6,15.8
2018-10-25,0.0,36.0,55.0
2018-10-26,45.0,16.8,17.9
2018-10-27,4.4,6.0,2.1
2018-10-28,5.0,11.8,10.4
2018-10-30,19.0,25.2,41.3
2018-11-01,3.5,52.2,87.3
2018-11-02,1.5,54.2,91.1
2018-11-03,29.0,14.5,17.6
2018-11-04,3.5,12.0,13.9
2018-11-05,1.8,17.2,21.6
2018-11-06,8.0,3.9,1.6
2018-11-07,2.0,41.7,67.0
2018-11-08,36.4,4.3,2.3
2018-11-09,0.0,7.0,6.4
2018-11-12,5.5,21.5,37.6
2018-11-14,22.3,6.1,2.4
2018-11-18,6.3,26.0,51.5
2018-11-19,50.7,4.6,1.0
2018-11-20,0.9,32.7,71.0
2018-11-21,11.9,38.8,71.0
2018-11-22,1.5,9.4,8.7
2018-11-23,7.0,1.0,0.0
2018-11-25,0.4,4.0,1.0
2018-11-26,11.0,1.3,0.0
2018-11-27,26.0,1.6,0.0
2018-11-28,9.5,4.9,1.9
2018-11-29,15.4,13.6,15.7
2018-11-30,23.3,14.1,16.6
2018-12-01,7.5,46.8,95.8
2018-12-02,17.0,18.1,22.8
2018-12-03,4.5,3.0,0.0
2018-12-04,5.4,18.3,23.3
2018-12-05,21.0,20.5,27.2
2018-12-06,31.0,35.4,58.0
2018-12-07,16.0,20.8,26.3
2018-12-08,8.0,25.7,35.0
2018-12-09,32.8,6.0,2.5
2018-12-10,1.2,41.6,78.9
2018-12-11,94.0,5.9,1.7
2018-12-12,16.5,4.4,1.0
2018-12-13,10.2,19.9,19.4
2018-12-14,83.4,4.1,0.0
2018-12-17,22.2,1.7,0.0
2018-12-20,1.8,0.0,0.0
2018-12-22,2.0,8.1,6.6
2018-12-23,13.0,8.1,6.6
2018-12-24,27.2,0.4,0.0
2018-12-25,4.3,0.1,0.0
2018-12-27,5.7,6.0,3.4
2018-12-29,2.5,4.2,1.0
2018-12-31,5.0,4.3,1.0
2019-01-01,25.3,8.6,7.7
2019-01-02,12.0,26.1,59.7
2019-01-03,40.9,2.8,0.0
2019-01-04,59.0,12.0,14.5
2019-01-05,31.0,0.0,0.0
2019-01-08,2.1,9.9,10.4
2019-01-09,19.5,6.5,3.9
2019-01-10,1.0,2.5,0.0
2019-01-14,6.6,14.6,23.0
2019-01-15,13.5,11.1,10.9
2019-01-16,29.0,7.5,4.8
2019-01-17,1.0,1.8,0.0
2019-01-18,0.5,2.1,0.0
2019-01-20,0.0,29.0,54.1
2019-01-21,3.0,12.4,13.9
2019-01-25,11.0,2.2,0.0
2019-01-26,22.0,0.3,0.0
2019-01-28,4.0,0.0,0.0
2019-02-01,9.5,0.3,0.0
2019-02-05,19.5,5.3,0.0
2019-02-06,17.0,19.9,32.4
2019-02-07,10.5,0.8,0.0
2019-02-08,24.7,30.8,49.8
2019-02-09,49.0,17.4,21.2
2019-02-10,23.5,30.2,49.2
2019-02-11,3.0,20.2,37.0
2019-02-14,0.0,2.5,0.0
2019-02-16,10.9,38.1,98.6
2019-02-17,2.0,53.0,145.1
2019-02-18,2.0,8.1,7.0
2019-02-19,0.0,60.2,147.5
2019-02-20,79.0,2.5,0.0
2019-02-22,24.5,2.2,0.0
2019-02-23,23.0,43.3,84.9
2019-02-24,2.5,9.4,8.8
2019-02-27,11.5,17.1,23.6
2019-02-28,23.0,0.1,0.0
2019-03-02,42.0,1.7,0.0
2019-03-04,13.0,6.9,4.5
2019-03-06,2.0,12.2,15.9
2019-03-08,2.4,0.8,0.0
2019-03-10,3.0,2.9,0.0
2019-03-12,22.0,1.2,0.0
2019-03-20,5.3,10.5,9.0
2019-03-21,1.5,8.1,4.9
2019-03-22,1.5,2.7,0.0
2019-03-23,16.0,6.5,2.4
2019-03-24,52.5,0.2,0.0
2019-03-25,28.0,7.4,3.8
2019-03-26,13.5,0.3,0.0
2019-03-27,0.0,5.5,1.0
2019-03-29,2.4,11.6,11.2
2019-03-30,3.5,2.2,0.0
2019-04-01,36.0,2.3,0.0
2019-04-03,1.0,0.0,0.0
2019-04-06,15.5,37.1,60.8
2019-04-07,3.0,0.1,0.0
2019-04-08,1.3,7.0,3.9
2019-04-09,1.0,4.8,1.0
2019-04-10,17.0,21.8,32.2
2019-04-11,18.0,9.5,7.0
2019-04-13,10.7,0.4,0.0
2019-04-14,0.3,52.4,99.3
2019-04-16,5.0,28.8,46.4
2019-04-17,6.0,15.9,16.8
2019-04-18,26.5,8.3,5.2
2019-04-19,1.0,3.2,0.0
2019-04-20,15.0,2.8,0.0
2019-04-22,5.5,7.1,2.2
2019-04-24,19.0,31.0,49.8
2019-04-25,17.0,12.6,9.3
2019-04-26,14.5,21.8,26.6
2019-04-27,84.0,2.5,0.0
2019-04-28,20.0,0.3,0.0
2019-05-01,6.5,0.0,0.0
2019-05-05,14.0,0.1,0.0
2019-05-06,10.5,0.2,0.0
2019-05-07,3.5,0.0,0.0
2019-05-09,13.5,0.0,0.0
2019-05-10,6.3,0.0,0.0
2019-05-12,2.0,0.1,0.0
2019-05-13,37.5,2.0,0.0
2019-05-14,16.5,1.3,0.0
2019-05-15,0.0,37.0,103.5
2019-05-16,29.0,0.5,0.0
2019-05-17,3.5,9.9,10.5
2019-05-18,10.0,35.2,87.6
2019-05-19,30.0,8.9,8.5
2019-05-20,0.5,19.3,36.1
2019-05-21,4.0,0.6,0.0
2019-05-23,33.0,0.6,0.0
2019-05-27,5.0,0.1,0.0
2019-05-31,10.5,3.7,1.0
2019-06-01,16.0,15.6,54.6
2019-06-02,3.0,13.7,40.5
2019-06-03,1.6,11.2,21.6
2019-06-05,5.0,28.3,84.2
2019-06-06,28.0,25.2,78.0
2019-06-07,52.5,14.5,42.7
2019-06-10,3.0,0.0,0.0
2019-06-12,5.8,6.8,6.3
2019-06-13,1.0,10.1,15.1
2019-06-15,48.0,2.4,0.0
2019-06-17,2.0,1.9,0.0
2019-06-18,4.0,7.9,9.3
2019-06-20,13.0,3.3,0.0
2019-06-21,3.0,7.1,8.8
2019-06-22,3.0,4.0,2.0
2019-06-23,4.5,0.4,0.0
2019-06-24,2.0,1.9,0.0
2019-06-27,2.0,0.0,0.0
2019-06-28,9.5,0.0,0.0
2019-07-01,1.0,0.0,0.0
2019-07-02,8.0,0.5,0.0
2019-07-05,3.0,4.7,1.2
2019-07-07,2.0,39.3,111.7
2019-07-08,61.0,10.7,16.5
2019-07-09,16.5,0.2,0.0
2019-07-18,10.0,0.4,0.0
2019-07-24,18.5,1.0,0.0
2019-07-25,12.0,1.0,0.0
2019-07-29,50.8,0.0,0.0
2019-07-30,8.0,0.0,0.0
2019-08-01,1.0,0.0,0.0
2019-08-02,31.5,0.0,0.0
2019-08-05,1.5,0.7,0.0
2019-08-06,8.5,1.8,0.0
2019-08-07,1.0,0.2,0.0
2019-08-10,2.0,0.1,0.0
2019-08-14,3.0,3.0,0.0
2019-08-15,2.0,30.0,70.4
2019-08-16,42.0,1.1,0.0
2019-08-17,17.0,0.2,0.0
2019-08-22,1.5,0.0,0.0
2019-08-26,3.0,4.3,1.0
2019-08-27,15.0,13.2,15.5
2019-08-28,34.0,4.4,1.0
2019-09-02,9.0,0.0,0.0
2019-09-05,4.0,0.0,0.0
2019-09-09,53.0,0.4,0.0
2019-09-20,34.5,0.0,0.0
2019-09-24,1.5,2.3,0.0
2019-09-25,36.8,7.8,8.8
2019-09-28,6.0,0.1,0.0
2019-09-30,8.0,0.0,0.0
2019-10-01,3.0,0.0,0.0
2019-10-04,8.5,0.0,0.0
2019-10-08,5.0,29.4,79.6
2019-10-09,23.0,0.0,0.0
2019-10-14,19.0,0.2,0.0
2019-10-17,4.5,26.7,56.4
2019-10-18,54.0,17.1,23.7
2019-10-20,9.0,5.6,4.0
2019-10-21,6.0,6.7,3.0
2019-10-22,3.5,1.8,0.0
2019-10-23,11.0,0.5,0.0
2019-10-25,0.5,2.0,0.0
2019-10-26,2.5,32.2,50.4
2019-10-27,33.5,4.8,1.0
2019-10-28,4.5,1.2,0.0
2019-10-30,9.0,4.4,0.0
2019-10-31,11.5,9.1,6.5
2019-11-01,19.0,0.3,0.0
2019-11-02,7.0,13.7,16.5
2019-11-10,1.0,1.1,0.0
2019-11-11,10.5,0.2,0.0
2019-11-13,3.5,6.3,2.6
2019-11-16,1.0,0.5,0.0
2019-11-19,16.4,2.5,0.0
2019-11-20,18.0,24.7,46.6
2019-11-21,91.0,21.4,29.5
2019-11-22,21.5,4.6,1.4
2019-11-24,32.5,30.9,52.2
2019-11-25,71.5,0.7,0.0
2019-11-26,6.0,0.0,0.0
2019-11-30,1.0,2.7,0.0
2019-12-02,18.0,29.8,50.1
2019-12-03,17.6,5.9,2.4
2019-12-04,7.5,0.6,0.0
2019-12-05,6.5,1.5,0.0
2019-12-07,1.0,26.1,38.6
2019-12-09,10.0,21.6,32.5
2019-12-10,54.7,4.1,0.0
2019-12-11,7.5,11.3,8.3
2019-12-12,38.0,9.0,5.4
2019-12-13,6.9,0.1,0.0
2019-12-16,8.9,9.8,6.4
2019-12-17,23.5,8.1,4.3
2019-12-18,12.0,27.5,36.6
2019-12-19,5.5,92.4,126.1
2019-12-20,48.5,12.9,10.4
2019-12-21,2.6,10.8,10.9
2019-12-22,7.0,19.7,32.2
2019-12-23,101.0,0.7,0.0
2019-12-25,4.1,22.0,38.1
2019-12-26,7.5,5.5,2.6
2019-12-27,2.0,37.8,72.5
2019-12-28,5.0,3.9,1.0
2019-12-29,3.5,2.6,0.0
2019-12-31,13.0,7.0,4.9
2020-01-01,6.0,0.3,0.0
2020-01-11,19.0,11.1,10.9
2020-01-12,33.5,11.2,11.0
2020-01-13,3.1,30.1,53.8
2020-01-14,38.0,11.1,10.9
2020-01-17,24.0,4.1,0.0
2020-01-18,5.0,3.5,0.0
2020-01-22,0.5,1.5,0.0
2020-01-28,130.8,55.5,180.8
2020-01-29,25.3,9.2,7.7
2020-01-30,2.0,4.9,1.0
2020-02-02,1.6,0.2,0.0
2020-02-06,3.0,5.0,0.0
2020-02-08,57.3,10.8,8.2
2020-02-12,2.6,4.1,1.0
2020-02-14,1.0,21.7,50.9
2020-02-15,0.5,6.8,4.5
2020-02-16,6.0,17.8,29.0
2020-02-17,0.3,42.1,107.5
2020-02-18,60.0,14.4,22.0
2020-02-25,1.0,0.0,0.0
2020-03-03,6.0,0.0,0.0
2020-03-05,6.5,55.5,175.2
2020-03-06,33.2,0.3,0.0
2020-03-09,2.0,2.3,0.0
2020-03-12,4.0,17.4,20.4
2020-03-14,1.0,0.4,0.0
2020-03-20,65.7,2.0,0.0
2020-03-22,9.0,38.2,85.5
2020-03-23,15.0,3.1,0.0
2020-03-24,7.1,21.1,30.3
2020-03-27,19.0,5.7,1.2
2020-03-28,1.0,12.4,12.6
2020-03-29,4.0,13.8,15.3
2020-03-30,40.5,4.8,1.0
2020-04-02,17.0,20.9,33.1
2020-04-03,5.3,3.5,0.0
2020-04-05,64.0,17.7,23.6
2020-04-06,29.4,10.2,8.8
2020-04-07,12.0,3.5,0.0
2020-04-08,22.5,8.1,5.6
2020-04-09,83.3,61.0,145.9
2020-04-10,32.7,13.6,14.4
2020-04-11,5.0,0.5,0.0
2020-04-13,92.7,20.2,29.4
2020-04-14,0.5,37.3,59.3
2020-04-15,7.4,23.7,32.8
2020-04-16,23.0,13.2,12.6
2020-04-17,24.0,7.4,4.0
2020-04-19,0.5,4.2,0.0
2020-04-20,2.5,0.4,0.0
2020-04-25,15.5,17.4,16.4
2020-04-26,35.5,27.4,42.7
2020-04-29,11.2,23.4,31.7
2020-04-30,61.0,37.3,67.7
2020-05-01,23.5,33.8,70.4
2020-05-02,15.3,15.3,19.9
2020-05-03,11.3,11.8,12.8
2020-05-04,5.0,0.8,0.0
2020-05-05,7.0,14.2,18.9
2020-05-06,2.0,0.9,0.0
2020-05-09,2.4,1.3,0.0
2020-05-10,4.7,0.1,0.0
2020-05-12,0.5,21.8,46.7
2020-05-13,72.0,1.9,0.0
2020-05-15,44.4,0.0,0.0
2020-05-20,8.0,6.5,4.1
2020-05-22,0.3,0.7,0.0
2020-05-23,6.8,4.9,1.9
2020-05-27,2.0,4.1,1.0
2020-05-29,9.1,1.7,0.0
2020-05-30,1.5,30.4,58.9
2020-05-31,36.8,1.2,0.0
2020-06-02,18.7,8.0,11.8
2020-06-04,17.0,25.3,78.7
2020-06-05,21.4,10.0,20.9
2020-06-06,9.6,0.8,0.0
2020-06-12,2.0,4.1,1.0
2020-06-13,11.4,1.7,0.0
2020-06-17,3.0,0.7,0.0
2020-06-18,1.0,18.9,44.7
2020-06-20,16.6,1.1,0.0
2020-06-21,3.0,11.5,24.2
2020-06-22,3.0,7.8,10.6
2020-06-23,19.9,10.3,16.6
2020-06-30,1.1,0.0,0.0
2020-07-03,0.0,22.3,43.3
2020-07-07,9.3,25.3,58.4
2020-07-08,9.0,13.7,25.4
2020-07-09,25.0,13.0,19.1
2020-07-10,2.0,1.6,0.0
2020-07-12,8.0,19.4,53.1
2020-07-13,9.3,16.0,32.5
2020-07-17,19.0,0.0,0.0
2020-07-19,5.6,1.2,0.0
2020-07-20,4.0,0.0,0.0
2020-07-22,10.0,35.1,141.8
2020-07-23,10.5,1.2,0.0
2020-07-24,20.0,0.0,0.0
2020-07-25,8.0,5.5,3.7
2020-07-26,1.0,0.3,0.0
2020-07-27,1.5,10.0,16.5
2020-07-30,0.0,0.1,0.0
2020-08-01,39.1,4.1,3.3
2020-08-02,0.0,0.1,0.0
2020-08-05,11.0,10.7,31.0
2020-08-13,1.0,3.1,0.0
2020-08-14,83.6,6.0,2.9
2020-08-15,45.1,41.5,117.5
2020-08-16,8.2,2.1,0.0
2020-08-18,1.0,12.7,16.8
2020-08-20,9.5,0.0,0.0
2020-08-23,6.0,8.3,6.2
2020-08-27,2.3,0.0,0.0
2020-08-29,10.0,2.0,0.0
2020-08-31,4.0,1.5,0.0
2020-09-02,7.5,17.5,35.6
2020-09-04,57.6,55.5,82.9
2020-09-06,5.5,2.7,0.0
2020-09-08,0.0,2.0,0.0
2020-09-10,4.8,8.2,9.4
2020-09-11,6.2,6.5,3.0
2020-09-12,18.5,2.4,0.0
2020-09-13,9.3,0.1,0.0
2020-09-14,0.0,4.1,0.0
2020-09-28,0.0,19.6,59.2
2020-10-02,18.2,20.6,56.6
2020-10-03,12.0,2.1,0.0
2020-10-05,3.0,10.7,18.7
2020-10-07,12.5,1.7,0.0
2020-10-08,8.5,12.5,28.2
2020-10-09,12.5,7.9,11.8
2020-10-10,25.8,9.1,14.8
2020-10-12,19.0,3.5,1.0
2020-10-14,0.0,19.0,33.6
2020-10-16,2.5,0.9,0.0
2020-10-17,0.0,0.1,0.0
2020-10-19,0.0,8.2,8.3
2020-10-21,21.3,14.7,14.5
2020-10-26,4.5,14.4,14.1
2020-10-27,18.0,0.1,0.0
2020-10-30,6.0,9.4,6.9
2020-11-01,10.5,1.0,0.0
2020-11-02,3.0,5.5,4.2
2020-11-03,1.0,36.7,56.5
2020-11-04,46.0,1.9,0.0
2020-11-06,42.7,1.0,0.0
2020-11-08,19.5,16.1,20.0
2020-11-09,21.2,23.9,35.1
2020-11-15,5.0,23.1,39.2
2020-11-16,6.5,13.7,17.0
2020-11-17,38.0,2.6,0.0
2020-11-20,35.0,32.0,67.5
2020-11-21,11.0,10.4,10.2
2020-11-22,34.0,3.0,0.0
2020-11-23,5.0,16.3,20.5
2020-11-25,34.8,21.2,29.0
2020-11-26,38.0,4.8,1.7
2020-11-27,50.2,3.1,0.0
2020-11-28,2.5,33.6,57.7
2020-11-29,23.8,1.8,0.0
2020-11-30,23.8,0.4,0.0
2020-12-09,2.0,22.4,30.0
2020-12-10,55.0,18.6,23.7
2020-12-11,35.5,3.7,0.0
2020-12-12,6.0,7.4,3.5
2020-12-13,2.0,1.4,0.0
2020-12-15,11.4,3.0,0.0
2020-12-18,37.9,3.3,0.0
2020-12-21,2.0,0.6,0.0
2020-12-22,0.0,4.3,1.0
2020-12-24,78.9,10.2,10.0
2021-01-03,5.0,5.4,2.1
2021-01-04,3.5,9.6,9.8
2021-01-06,66.9,5.5,2.2
2021-01-09,25.5,15.7,23.6
2021-01-10,11.8,4.3,1.0
2021-01-12,19.8,6.4,3.0
2021-01-13,3.0,0.5,0.0
2021-01-18,18.8,0.2,0.0
2021-01-21,20.0,0.0,0.0
2021-01-22,2.0,0.5,0.0
2021-01-25,3.0,15.3,18.7
2021-01-27,38.0,20.6,37.1
2021-01-28,45.5,4.0,0.0
2021-01-29,68.0,3.0,0.0
2021-01-30,3.5,1.3,0.0
2021-02-04,38.6,28.6,45.4
2021-02-08,9.0,2.6,0.0
2021-02-10,3.5,0.0,0.0
2021-02-12,66.5,6.7,4.3
2021-02-14,1.0,0.0,0.0
2021-02-15,24.0,0.0,0.0
2021-02-17,2.0,0.1,0.0
2021-02-18,24.0,0.0,0.0
2021-02-24,2.0,0.2,0.0
2021-02-25,0.0,0.7,0.0
2021-02-27,9.0,0.1,0.0
2021-03-02,0.5,37.2,106.1
2021-03-03,52.5,20.3,34.4
2021-03-06,20.0,27.2,70.9
2021-03-07,51.3,16.4,26.1
2021-03-08,2.8,0.0,0.0
2021-03-10,37.5,12.1,15.6
2021-03-11,23.0,5.6,1.9
2021-03-12,10.0,0.1,0.0
2021-03-16,0.0,8.9,6.4
2021-03-17,35.5,4.5,1.0
2021-03-18,14.0,8.8,6.3
2021-03-22,26.5,4.2,0.0
2021-03-26,3.2,19.2,28.7
2021-03-27,8.0,9.0,6.4
2021-03-28,5.5,11.2,10.4
2021-03-29,21.0,8.0,4.7
2021-03-31,18.0,3.5,0.0
2021-04-01,13.0,4.7,1.0
2021-04-03,2.0,5.9,2.4
2021-04-04,10.3,4.7,1.0
2021-04-06,7.0,0.0,0.0
2021-04-07,7.5,0.4,0.0
2021-04-08,0.0,2.5,0.0
2021-04-09,2.5,14.3,15.6
2021-04-10,4.8,3.8,0.0
2021-04-11,8.5,9.8,7.5
2021-04-12,17.2,0.1,0.0
2021-04-14,30.0,1.2,0.0
2021-04-16,2.4,22.1,32.1
2021-04-17,35.6,11.2,9.5
2021-04-18,1.0,0.0,0.0
2021-04-23,24.0,0.3,0.0
2021-04-25,2.0,1.6,0.0
2021-04-28,2.0,16.4,14.9
2021-04-30,17.9,6.9,2.0
2021-05-05,1.0,3.5,1.0
2021-05-06,13.5,9.5,9.4
2021-05-09,23.0,16.8,27.1
2021-05-12,90.0,8.0,6.9
2021-05-13,5.7,19.7,40.3
2021-05-20,5.1,5.2,1.8
2021-05-21,27.0,2.7,0.0
2021-05-22,11.6,1.6,0.0
2021-05-26,15.5,1.0,0.0
2021-05-28,3.0,1.8,0.0
2021-05-29,7.0,9.5,9.7
2021-05-30,13.5,17.0,23.0
2021-05-31,25.2,0.1,0.0
2021-06-02,4.0,17.2,51.1
2021-06-05,13.0,1.7,0.0
2021-06-06,18.0,0.0,0.0
2021-06-11,78.0,11.8,18.5
2021-06-12,86.8,24.3,58.6
2021-06-13,25.5,1.5,0.0
2021-06-14,0.0,17.9,39.2
2021-06-16,36.0,10.9,17.0
2021-06-22,5.0,5.0,4.1
2021-06-23,3.5,0.0,0.0
2021-06-24,3.3,0.0,0.0
2021-06-26,58.1,3.4,1.0
2021-06-28,18.0,8.1,11.5
2021-06-29,9.0,7.3,9.4
2021-07-02,0.0,0.8,0.0
2021-07-05,45.5,5.0,1.7
2021-07-06,12.0,2.5,0.0
2021-07-10,34.0,2.1,0.0
2021-07-12,16.0,26.7,69.1
2021-07-31,20.0,0.1,0.0
2021-08-04,54.0,6.9,14.0
2021-08-05,3.2,0.0,0.0
2021-08-07,4.8,19.6,85.5
2021-08-08,3.0,3.2,1.0
2021-08-10,0.5,6.1,9.6
2021-08-11,29.0,1.8,0.0
2021-08-12,11.4,1.5,0.0
2021-08-15,35.5,26.7,62.1
2021-08-17,13.0,8.5,8.2
2021-08-18,24.0,48.3,160.0
2021-08-19,32.1,1.1,0.0
2021-08-21,1.0,15.2,19.3
2021-08-22,2.0,14.3,17.6
2021-08-23,18.0,21.3,40.1
2021-08-25,44.0,8.7,6.8
2021-08-26,1.0,0.3,0.0
2021-08-27,0.0,2.4,0.0
2021-08-28,19.0,8.7,6.9
2021-08-30,48.5,22.7,41.7
2021-09-01,30.0,14.4,21.8
2021-09-02,2.5,4.1,1.4
2021-09-07,7.1,3.8,1.0
2021-09-08,49.0,1.9,0.0
2021-09-09,17.3,8.9,10.9
2021-09-10,5.0,0.8,0.0
2021-09-11,0.0,2.5,0.0
2021-09-14,6.9,11.9,13.8
2021-09-16,1.0,24.9,56.0
2021-09-21,6.5,2.0,0.0
2021-09-22,1.5,12.5,21.6
2021-09-25,2.0,11.4,18.6
2021-09-26,2.0,10.7,16.7
2021-09-28,4.1,15.4,45.4
2021-09-30,74.9,8.0,9.3
2021-10-02,0.3,0.8,0.0
2021-10-04,9.5,0.7,0.0
2021-10-05,0.0,0.2,0.0
2021-10-08,78.6,1.1,0.0
2021-10-10,10.7,13.7,27.0
2021-10-14,132.5,0.2,0.0
2021-10-16,9.0,4.0,1.7
2021-10-19,23.8,0.5,0.0
2021-10-20,2.5,15.4,26.7
2021-10-21,0.0,0.0,0.0
2021-10-22,2.5,1.9,0.0
2021-10-24,3.0,5.9,2.0
2021-10-25,8.5,12.3,11.1
2021-10-26,15.2,34.0,52.0
2021-10-27,89.5,0.5,0.0
2021-10-28,1.0,31.7,45.7
2021-10-29,3.0,0.7,0.0
2021-11-03,17.0,26.6,38.7
2021-11-05,33.1,9.5,10.2
2021-11-07,4.0,3.2,1.0
2021-11-10,1.5,18.7,24.0
2021-11-13,0.0,7.5,4.6
2021-11-14,3.0,2.6,0.0
2021-11-18,16.5,3.8,0.0
2021-11-22,2.0,0.4,0.0
2021-11-23,9.0,18.8,24.8
2021-11-24,14.0,0.9,0.0
2021-11-27,2.5,2.4,0.0
2021-11-28,2.0,0.2,0.0
2021-12-01,56.4,1.5,0.0
2021-12-02,37.5,3.9,0.0
2021-12-03,37.0,1.7,0.0
2021-12-05,3.0,10.9,10.3
2021-12-07,3.0,0.4,0.0
2021-12-08,21.6,0.4,0.0
2021-12-09,3.0,36.9,61.5
2021-12-11,33.0,24.7,31.8
2021-12-12,11.0,29.4,38.6
2021-12-14,21.0,39.5,52.8
2021-12-15,26.6,34.4,46.5
2021-12-16,34.5,22.4,24.5
2021-12-17,13.0,72.2,103.4
2021-12-18,38.0,69.1,98.8
2021-12-19,33.0,6.1,1.9
2021-12-21,6.0,0.1,0.0
2021-12-23,29.0,4.2,1.0
2021-12-26,7.0,1.4,0.0
2021-12-28,3.0,3.9,1.0
2021-12-31,0.0,66.8,123.5
