date,gauge,imergl,lseqmdl
2001-01-01,0.0,14.9,17.6
2001-01-02,7.0,10.6,7.2
2001-01-03,7.0,7.2,1.8
2001-01-04,2.0,0.4,0.0
2001-01-06,1.0,1.7,0.0
2001-01-07,0.0,0.7,0.0
2001-01-08,0.0,0.0,0.0
2001-01-09,0.0,4.5,0.0
2001-01-10,0.0,12.5,10.4
2001-01-11,3.0,5.2,0.0
2001-01-12,20.0,10.0,5.6
2001-01-13,10.0,4.0,0.0
2001-01-14,1.0,7.2,2.0
2001-01-16,0.0,5.3,0.0
2001-01-17,4.0,3.6,0.0
2001-01-19,0.0,2.6,0.0
2001-01-20,0.0,0.8,0.0
2001-01-21,0.0,3.7,0.0
2001-01-22,0.0,0.3,0.0
2001-01-23,0.0,8.7,3.8
2001-01-24,87.0,68.0,175.7
2001-01-25,5.0,2.9,0.0
2001-01-26,13.0,12.4,10.0
2001-01-27,18.0,25.3,41.7
2001-01-28,46.0,2.2,0.0
2001-01-29,19.0,15.3,18.8
2001-01-30,24.0,12.5,10.2
2001-01-31,9.0,3.2,0.0
2001-02-02,0.0,0.0,0.0
2001-02-03,0.0,0.8,0.0
2001-02-04,0.0,12.7,11.2
2001-02-05,0.0,3.2,0.0
2001-02-06,0.0,23.0,46.0
2001-02-07,7.0,74.3,162.2
2001-02-08,119.0,9.5,5.2
2001-02-09,0.0,17.5,21.6
2001-02-10,16.0,0.1,0.0
2001-02-11,0.0,12.7,12.9
2001-02-12,0.0,13.1,14.3
2001-02-13,17.0,7.1,3.0
2001-02-14,0.0,0.1,0.0
2001-02-15,0.0,3.8,0.0
2001-02-16,0.0,0.7,0.0
2001-02-17,0.0,4.9,1.0
2001-02-18,65.0,1.6,0.0
2001-02-19,3.0,3.4,0.0
2001-02-20,0.0,1.5,0.0
2001-02-21,13.0,13.5,18.5
2001-02-22,30.0,4.8,1.4
2001-02-23,2.0,13.6,18.7
2001-02-24,20.0,3.6,0.0
2001-02-25,1.0,0.3,0.0
2001-02-26,3.0,45.0,103.1
2001-02-27,66.0,20.2,50.0
2001-02-28,73.0,3.9,1.0
2001-03-01,1.0,1.8,0.0
2001-03-02,3.0,0.7,0.0
2001-03-03,0.0,0.0,0.0
2001-03-04,0.0,44.3,123.1
2001-03-05,72.0,8.1,3.8
2001-03-06,4.0,10.6,8.5
2001-03-07,1.0,3.9,0.0
2001-03-08,19.0,7.5,2.9
2001-03-09,2.0,6.9,2.0
2001-03-10,3.0,0.0,0.0
2001-03-11,0.0,0.0,0.0
2001-03-12,0.0,8.7,6.1
2001-03-13,2.0,2.0,0.0
2001-03-14,0.0,0.0,0.0
2001-03-15,0.0,0.0,0.0
2001-03-16,0.0,0.1,0.0
2001-03-17,0.0,0.0,0.0
2001-03-18,1.0,1.0,0.0
2001-03-19,0.0,0.0,0.0
2001-03-20,0.0,16.6,22.0
2001-03-21,12.0,16.7,14.9
2001-03-22,7.0,33.5,52.3
2001-03-23,27.0,5.4,0.0
2001-03-24,6.0,1.2,0.0
2001-03-26,4.0,10.7,5.9
2001-03-27,5.0,1.3,0.0
2001-03-28,0.0,4.0,0.0
2001-03-29,9.0,0.5,0.0
2001-03-30,0.0,9.2,3.9
2001-03-31,0.0,5.4,0.0
2001-04-01,0.0,0.3,0.0
2001-04-02,0.0,12.4,11.1
2001-04-03,0.0,9.5,7.1
2001-04-04,3.0,7.1,3.8
2001-04-05,3.0,11.2,9.5
2001-04-06,32.0,15.4,15.6
2001-04-07,2.0,2.1,0.0
2001-04-08,0.0,17.8,17.9
2001-04-09,1.0,12.2,10.9
2001-04-10,3.0,6.8,3.5
2001-04-11,32.0,3.7,0.0
2001-04-12,19.0,14.5,14.2
2001-04-13,11.0,1.0,0.0
2001-04-15,3.0,31.7,54.6
2001-04-16,1.0,2.2,0.0
2001-04-17,0.0,2.3,0.0
2001-04-18,47.0,13.5,12.6
2001-04-19,38.0,5.3,1.0
2001-04-20,0.0,43.5,80.7
2001-04-21,36.0,1.7,0.0
2001-04-22,0.0,21.3,21.4
2001-04-23,93.0,13.9,9.9
2001-04-24,1.0,7.6,1.8
2001-04-25,0.0,35.5,62.8
2001-04-26,86.0,9.9,4.5
2001-04-27,1.0,5.3,0.0
2001-04-28,0.0,6.8,1.0
2001-04-29,58.0,16.5,13.9
2001-04-30,2.0,4.7,0.0
2001-05-01,2.0,0.1,0.0
2001-05-02,11.0,0.0,0.0
2001-05-03,0.0,1.7,0.0
2001-05-04,0.0,0.5,0.0
2001-05-05,0.0,4.6,1.0
2001-05-06,0.0,34.4,53.9
2001-05-07,56.0,17.9,17.2
2001-05-08,16.0,1.3,0.0
2001-05-09,0.0,1.5,0.0
2001-05-10,0.0,1.6,0.0
2001-05-11,0.0,26.7,52.1
2001-05-12,36.0,6.5,2.5
2001-05-13,2.0,0.6,0.0
2001-05-14,0.0,1.2,0.0
2001-05-15,0.0,0.0,0.0
2001-05-16,0.0,1.7,0.0
2001-05-17,0.0,3.1,0.0
2001-05-18,1.0,5.0,1.0
2001-05-19,0.0,1.8,0.0
2001-05-20,0.0,0.1,0.0
2001-05-21,0.0,1.3,0.0
2001-05-22,0.0,0.5,0.0
2001-05-23,0.0,2.4,0.0
2001-05-24,0.0,0.2,0.0
2001-05-25,0.0,1.6,0.0
2001-05-26,1.0,0.1,0.0
2001-05-27,0.0,1.3,0.0
2001-05-28,0.0,6.9,3.3
2001-05-29,9.0,4.0,0.0
2001-05-30,0.0,0.1,0.0
2001-05-31,0.0,11.0,10.2
2001-06-01,1.0,7.4,5.0
2001-06-02,89.0,0.6,0.0
2001-06-03,21.0,2.4,0.0
2001-06-04,2.0,4.3,0.0
2001-06-05,0.0,2.7,0.0
2001-06-06,42.0,5.0,1.0
2001-06-07,16.0,7.5,5.2
2001-06-08,94.0,0.0,0.0
2001-06-09,0.0,0.2,0.0
2001-06-10,0.0,0.0,0.0
2001-06-11,0.0,0.0,0.0
2001-06-12,0.0,9.1,11.6
2001-06-13,0.0,11.0,15.8
2001-06-14,123.0,0.0,0.0
2001-06-15,0.0,3.8,0.0
2001-06-16,0.0,4.4,1.0
2001-06-17,0.0,0.5,0.0
2001-06-18,0.0,3.4,0.0
2001-06-19,1.0,1.9,0.0
2001-06-20,5.0,21.4,51.9
2001-06-21,119.0,0.6,0.0
2001-06-22,0.0,2.8,0.0
2001-06-23,0.0,0.7,0.0
2001-06-24,0.0,2.4,0.0
2001-06-25,0.0,8.6,9.2
2001-06-26,4.0,0.6,0.0
2001-06-27,6.0,0.0,0.0
2001-06-28,14.0,18.0,44.2
2001-06-29,21.0,0.6,0.0
2001-06-30,1.0,0.2,0.0
2001-07-01,0.0,0.0,0.0
2001-07-02,0.0,0.0,0.0
2001-07-03,0.0,0.0,0.0
2001-07-04,0.0,0.6,0.0
2001-07-05,0.0,0.6,0.0
2001-07-06,0.0,0.0,0.0
2001-07-07,0.0,0.0,0.0
2001-07-08,0.0,0.0,0.0
2001-07-09,0.0,0.0,0.0
2001-07-10,0.0,0.0,0.0
2001-07-11,0.0,0.0,0.0
2001-07-12,0.0,0.0,0.0
2001-07-13,0.0,0.0,0.0
2001-07-14,0.0,0.0,0.0
2001-07-15,0.0,5.8,1.1
2001-07-16,0.0,0.8,0.0
2001-07-17,0.0,1.3,0.0
2001-07-18,0.0,4.3,0.0
2001-07-19,6.0,0.1,0.0
2001-07-20,0.0,1.4,0.0
2001-07-21,0.0,11.0,16.2
2001-07-22,0.0,6.2,4.3
2001-07-23,10.0,1.3,0.0
2001-07-24,12.0,92.3,164.3
2001-07-25,265.0,2.5,0.0
2001-07-26,0.0,0.6,0.0
2001-07-27,0.0,1.8,0.0
2001-07-28,0.0,3.4,0.0
2001-07-29,0.0,12.0,22.0
2001-07-30,20.0,3.9,0.0
2001-07-31,4.0,13.0,47.8
2001-08-01,185.0,1.1,0.0
2001-08-02,0.0,2.6,0.0
2001-08-03,4.0,6.8,7.7
2001-08-04,0.0,4.0,1.4
2001-08-06,3.0,2.0,0.0
2001-08-07,3.0,4.0,1.3
2001-08-08,38.0,13.7,34.1
2001-08-09,15.0,1.5,0.0
2001-08-11,0.0,0.0,0.0
2001-08-12,0.0,0.1,0.0
2001-08-13,0.0,7.9,4.3
2001-08-14,0.0,0.1,0.0
2001-08-15,0.0,0.0,0.0
2001-08-16,0.0,5.3,1.0
2001-08-17,0.0,0.5,0.0
2001-08-18,0.0,2.3,0.0
2001-08-19,0.0,2.4,0.0
2001-08-20,0.0,2.3,0.0
2001-08-21,0.0,9.0,6.8
2001-08-22,19.0,1.6,0.0
2001-08-23,0.0,4.0,0.0
2001-08-24,0.0,1.4,0.0
2001-08-25,0.0,0.2,0.0
2001-08-26,0.0,9.8,8.5
2001-08-27,12.0,9.7,8.3
2001-08-28,10.0,0.3,0.0
2001-08-29,0.0,17.5,30.4
2001-08-30,10.0,1.6,0.0
2001-08-31,2.0,2.1,0.0
2001-09-01,0.0,26.9,56.9
2001-09-02,49.0,7.8,6.1
2001-09-03,93.0,4.7,1.0
2001-09-04,8.0,3.3,0.0
2001-09-05,0.0,0.9,0.0
2001-09-06,13.0,0.6,0.0
2001-09-07,0.0,2.6,0.0
2001-09-08,2.0,6.2,3.4
2001-09-09,5.0,0.0,0.0
2001-09-10,1.0,0.3,0.0
2001-09-11,1.0,0.0,0.0
2001-09-12,0.0,3.2,0.0
2001-09-13,0.0,0.4,0.0
2001-09-14,0.0,5.8,0.0
2001-09-15,45.0,0.0,0.0
2001-09-16,3.0,8.0,4.0
2001-09-17,48.0,0.1,0.0
2001-09-18,61.0,0.0,0.0
2001-09-20,21.0,0.0,0.0
2001-09-21,0.0,0.5,0.0
2001-09-22,0.0,4.3,0.0
2001-09-23,42.2,9.0,6.8
2001-09-24,0.0,1.9,0.0
2001-09-25,23.5,6.7,2.2
2001-09-26,17.2,11.0,11.3
2001-09-28,0.0,22.6,60.5
2001-09-29,5.9,18.6,30.4
2001-09-30,7.8,3.0,0.0
2001-10-01,0.6,2.1,0.0
2001-10-02,0.0,10.5,13.2
2001-10-03,44.2,4.0,0.0
2001-10-05,80.0,3.2,0.0
2001-10-06,7.7,1.6,0.0
2001-10-07,58.9,5.4,1.9
2001-10-08,0.0,0.5,0.0
2001-10-09,0.0,0.8,0.0
2001-10-10,0.0,2.9,0.0
2001-10-11,20.8,0.9,0.0
2001-10-12,3.4,2.6,0.0
2001-10-13,4.6,1.0,0.0
2001-10-14,0.0,5.2,1.3
2001-10-15,0.0,3.9,1.0
2001-10-16,0.0,12.5,12.3
2001-10-17,11.5,11.1,10.0
2001-10-18,8.0,6.6,3.2
2001-10-19,7.5,3.1,0.0
2001-10-20,0.0,0.4,0.0
2001-10-21,0.9,12.0,8.1
2001-10-22,24.6,14.8,12.0
2001-10-23,9.2,6.1,1.0
2001-10-24,7.4,1.8,0.0
2001-10-26,1.7,3.7,0.0
2001-10-27,2.9,11.3,7.1
2001-10-28,17.7,26.3,38.2
2001-10-29,160.5,9.9,5.2
2001-10-30,20.4,5.5,0.0
2001-10-31,4.0,1.4,0.0
2001-11-01,0.0,23.9,23.5
2001-11-03,0.0,10.0,6.2
2001-11-04,0.0,6.2,1.6
2001-11-05,10.4,25.0,24.9
2001-11-06,7.9,1.7,0.0
2001-11-07,0.0,4.0,0.0
2001-11-08,22.4,25.0,24.9
2001-11-09,13.7,1.0,0.0
2001-11-11,0.0,4.2,0.0
2001-11-12,0.0,22.2,25.6
2001-11-13,0.0,46.6,102.5
2001-11-14,159.0,17.9,17.6
2001-11-15,3.6,2.9,0.0
2001-11-16,0.0,18.1,18.1
2001-11-17,63.2,1.7,0.0
2001-11-19,1.7,0.8,0.0
2001-11-20,13.1,1.0,0.0
2001-11-21,1.4,3.3,0.0
2001-11-22,0.0,2.7,0.0
2001-11-23,1.7,2.5,0.0
2001-11-24,4.0,9.7,5.6
2001-11-25,32.2,9.6,5.4
2001-11-26,29.6,1.7,0.0
2001-11-27,3.6,0.1,0.0
2001-11-28,0.0,4.9,0.0
2001-11-29,0.0,27.0,31.5
2001-12-01,0.0,5.7,1.0
2001-12-04,0.0,0.4,0.0
2001-12-05,0.0,3.9,0.0
2001-12-07,0.0,0.8,0.0
2001-12-08,0.0,5.4,0.0
2001-12-09,0.0,3.2,0.0
2001-12-10,4.8,24.1,33.6
2001-12-11,1.8,0.1,0.0
2001-12-12,0.0,1.4,0.0
2001-12-13,15.7,2.9,0.0
2001-12-14,13.2,6.9,2.2
2001-12-15,8.9,0.5,0.0
2001-12-16,7.9,0.2,0.0
2001-12-17,0.0,0.0,0.0
2001-12-18,0.0,1.0,0.0
2001-12-19,2.2,4.5,0.0
2001-12-20,5.6,0.3,0.0
2001-12-21,5.6,0.9,0.0
2001-12-22,29.0,14.5,13.3
2001-12-23,5.0,0.0,0.0
2001-12-24,0.0,14.3,13.1
2001-12-25,51.0,7.2,3.6
2001-12-26,4.0,15.3,14.4
2001-12-27,34.0,6.4,2.6
2001-12-28,2.0,12.1,10.1
2001-12-30,0.0,6.7,3.0
2001-12-31,3.0,0.1,0.0
2002-01-01,3.0,0.0,0.0
2002-01-02,0.0,0.0,0.0
2002-01-03,0.0,0.0,0.0
2002-01-04,0.0,0.0,0.0
2002-01-05,0.0,0.0,0.0
2002-01-06,0.0,0.1,0.0
2002-01-07,0.0,0.3,0.0
2002-01-08,0.0,1.0,0.0
2002-01-09,0.0,0.1,0.0
2002-01-10,0.0,0.1,0.0
2002-01-11,0.0,0.5,0.0
2002-01-12,0.0,2.3,0.0
2002-01-13,0.0,11.5,7.5
2002-01-14,0.0,2.9,0.0
2002-01-15,0.0,3.0,0.0
2002-01-16,0.0,16.3,14.0
2002-01-17,12.0,17.2,15.3
2002-01-18,2.0,47.9,61.7
2002-01-19,21.0,10.7,6.5
2002-01-20,81.0,32.8,47.3
2002-01-21,168.0,28.4,52.5
2002-01-22,8.0,10.4,6.5
2002-01-23,10.0,11.9,9.1
2002-01-24,1.0,2.5,0.0
2002-01-25,0.0,10.2,6.2
2002-01-26,3.0,10.6,6.9
2002-01-27,0.0,5.0,0.0
2002-01-28,2.0,11.8,8.9
2002-01-29,40.0,9.9,5.8
2002-01-30,0.0,0.0,0.0
2002-01-31,0.0,0.0,0.0
2002-02-01,0.0,0.2,0.0
2002-02-02,0.0,0.1,0.0
2002-02-03,0.0,1.8,0.0
2002-02-04,0.0,1.6,0.0
2002-02-05,0.0,0.6,0.0
2002-02-06,0.0,0.0,0.0
2002-02-07,0.0,0.7,0.0
2002-02-08,0.0,0.2,0.0
2002-02-09,0.0,0.2,0.0
2002-02-10,0.0,1.5,0.0
2002-02-11,3.0,4.7,0.0
2002-02-12,0.0,21.8,44.4
2002-02-13,51.0,16.2,17.9
2002-02-14,9.0,1.5,0.0
2002-02-15,0.0,6.4,1.9
2002-02-16,35.0,5.6,1.0
2002-02-17,69.0,4.3,0.0
2002-02-18,35.0,4.9,1.0
2002-02-19,2.0,68.4,173.3
2002-02-20,80.0,20.5,36.2
2002-02-21,108.0,1.7,0.0
2002-02-22,0.0,0.1,0.0
2002-02-23,0.0,0.0,0.0
2002-02-24,0.0,0.2,0.0
2002-02-25,0.0,1.4,0.0
2002-02-26,0.0,1.6,0.0
2002-02-27,0.0,1.0,0.0
2002-02-28,17.0,37.6,81.8
2002-03-01,2.0,24.5,48.0
2002-03-02,52.0,0.8,0.0
2002-03-03,0.0,5.1,0.0
2002-03-04,0.0,20.1,36.2
2002-03-05,52.0,4.7,0.0
2002-03-07,7.0,1.4,0.0
2002-03-08,1.0,4.5,0.0
2002-03-09,0.0,1.9,0.0
2002-03-10,0.0,2.0,0.0
2002-03-11,0.0,0.0,0.0
2002-03-12,0.0,6.6,2.6
2002-03-13,0.0,10.7,9.9
2002-03-14,0.0,0.9,0.0
2002-03-15,0.0,18.0,28.0
2002-03-16,30.0,14.6,17.6
2002-03-17,12.0,16.2,21.0
2002-03-18,0.0,1.9,0.0
2002-03-19,0.0,28.7,69.1
2002-03-20,43.0,12.1,12.5
2002-03-21,1.0,0.6,0.0
2002-03-22,0.0,0.1,0.0
2002-03-23,13.0,11.5,7.0
2002-03-24,1.0,65.1,140.6
2002-03-25,33.0,14.8,11.9
2002-03-26,0.0,2.0,0.0
2002-03-27,11.0,1.3,0.0
2002-03-28,0.0,0.6,0.0
2002-03-29,0.0,24.2,32.1
2002-03-30,1.0,15.6,13.2
2002-03-31,4.0,14.3,11.1
2002-04-01,4.0,9.4,6.9
2002-04-02,22.0,8.5,5.6
2002-04-03,5.0,3.5,0.0
2002-04-04,0.0,0.1,0.0
2002-04-05,0.0,0.1,0.0
2002-04-06,0.0,1.1,0.0
2002-04-07,0.0,6.7,3.3
2002-04-08,31.0,11.5,9.9
2002-04-09,41.0,25.7,38.5
2002-04-10,6.0,12.7,11.6
2002-04-11,0.0,0.8,0.0
2002-04-12,0.0,0.5,0.0
2002-04-13,29.0,7.7,3.8
2002-04-14,0.0,6.8,2.6
2002-04-15,0.0,1.9,0.0
2002-04-16,10.0,6.4,2.1
2002-04-17,0.0,0.2,0.0
2002-04-18,0.0,2.7,0.0
2002-04-20,0.0,4.3,0.0
2002-04-21,0.0,4.1,0.0
2002-04-22,0.0,0.3,0.0
2002-04-23,0.0,2.5,0.0
2002-04-24,0.0,19.7,21.4
2002-04-25,21.0,24.8,27.3
2002-04-26,6.0,1.8,0.0
2002-04-27,0.0,16.0,13.1
2002-04-28,5.0,0.1,0.0
2002-04-30,163.0,6.2,1.0
2002-05-01,4.0,11.5,8.5
2002-05-02,2.0,1.2,0.0
2002-05-03,0.0,2.1,0.0
2002-05-04,0.0,16.2,17.7
2002-05-05,41.0,11.4,8.4
2002-05-06,31.0,8.4,4.4
2002-05-07,53.0,22.7,34.0
2002-05-08,49.0,9.2,5.4
2002-05-09,6.0,3.2,0.0
2002-05-10,16.0,2.8,0.0
2002-05-11,32.0,7.0,3.2
2002-05-12,20.0,0.0,0.0
2002-05-13,0.0,0.0,0.0
2002-05-14,0.0,0.0,0.0
2002-05-15,0.0,0.0,0.0
2002-05-16,0.0,0.1,0.0
2002-05-17,0.0,0.1,0.0
2002-05-18,0.0,0.2,0.0
2002-05-19,0.0,0.9,0.0
2002-05-20,4.0,48.9,109.1
2002-05-21,59.0,0.7,0.0
2002-05-23,2.0,2.0,0.0
2002-05-24,0.0,2.2,0.0
2002-05-25,65.0,12.6,16.3
2002-05-26,7.0,3.2,0.0
2002-05-27,0.0,3.5,0.0
2002-05-28,0.0,1.1,0.0
2002-05-29,0.0,0.0,0.0
2002-05-30,3.0,2.0,0.0
2002-05-31,0.0,24.9,44.7
2002-06-01,2.0,11.2,13.4
2002-06-02,59.0,0.3,0.0
2002-06-03,38.0,1.7,0.0
2002-06-04,0.0,2.9,0.0
2002-06-05,0.0,50.4,113.9
2002-06-06,7.0,0.1,0.0
2002-06-08,4.0,0.0,0.0
2002-06-09,0.0,17.1,28.1
2002-06-10,8.0,5.7,1.5
2002-06-11,102.0,30.3,91.6
2002-06-12,42.0,11.6,19.2
2002-06-13,22.0,0.0,0.0
2002-06-14,0.0,0.3,0.0
2002-06-15,0.0,9.2,11.7
2002-06-16,74.0,17.2,41.1
2002-06-17,14.0,2.2,0.0
2002-06-18,0.0,0.1,0.0
2002-06-19,0.0,0.0,0.0
2002-06-20,0.0,2.4,0.0
2002-06-21,0.0,5.9,3.5
2002-06-22,0.0,1.4,0.0
2002-06-23,0.0,0.0,0.0
2002-06-24,0.0,0.3,0.0
2002-06-25,0.0,0.1,0.0
2002-06-26,0.0,0.2,0.0
2002-06-27,0.0,4.1,1.0
2002-06-28,0.0,3.3,0.0
2002-06-29,0.0,2.8,0.0
2002-06-30,0.0,19.7,54.1
2002-07-01,8.0,35.4,101.7
2002-07-02,46.0,2.1,0.0
2002-07-03,0.0,1.3,0.0
2002-07-04,0.0,4.8,1.0
2002-07-05,4.0,1.1,0.0
2002-07-06,0.0,0.0,0.0
2002-07-07,4.0,2.3,0.0
2002-07-08,0.0,1.1,0.0
2002-07-09,0.0,0.0,0.0
2002-07-10,0.0,40.5,122.6
2002-07-11,49.0,2.2,0.0
2002-07-12,11.0,1.4,0.0
2002-07-14,9.0,28.5,57.6
2002-07-15,10.0,1.3,0.0
2002-07-16,0.0,4.6,0.0
2002-07-17,0.0,4.7,1.0
2002-07-18,22.0,6.7,2.2
2002-07-19,0.0,2.2,0.0
2002-07-20,0.0,4.4,0.0
2002-07-21,0.0,0.6,0.0
2002-07-22,10.0,0.8,0.0
2002-07-23,0.0,9.0,10.9
2002-07-24,0.0,0.9,0.0
2002-07-25,0.0,1.7,0.0
2002-07-26,0.0,0.0,0.0
2002-07-27,0.0,34.7,109.7
2002-07-28,0.0,4.5,1.0
2002-07-29,0.0,13.7,44.8
2002-07-30,12.0,1.1,0.0
2002-07-31,0.0,0.7,0.0
2002-08-02,13.0,0.5,0.0
2002-08-04,0.0,0.9,0.0
2002-08-05,0.0,0.6,0.0
2002-08-06,0.0,0.4,0.0
2002-08-07,0.0,0.4,0.0
2002-08-08,0.0,18.1,61.0
2002-08-09,36.0,23.3,80.2
2002-08-10,49.0,0.1,0.0
2002-08-11,0.0,0.1,0.0
2002-08-12,0.0,2.2,0.0
2002-08-13,0.0,0.6,0.0
2002-08-14,0.0,0.0,0.0
2002-08-15,0.0,0.0,0.0
2002-08-16,0.0,0.0,0.0
2002-08-17,0.0,0.2,0.0
2002-08-18,0.0,0.7,0.0
2002-08-19,0.0,1.2,0.0
2002-08-20,0.0,1.2,0.0
2002-08-21,0.0,0.0,0.0
2002-08-22,0.0,0.2,0.0
2002-08-23,0.0,50.7,140.2
2002-08-24,48.0,2.5,0.0
2002-08-25,0.0,2.5,0.0
2002-08-26,0.0,7.7,3.8
2002-08-27,2.0,0.0,0.0
2002-08-28,4.0,2.3,0.0
2002-08-29,2.0,4.1,0.0
2002-08-30,0.0,5.6,1.0
2002-08-31,16.0,1.5,0.0
2002-09-02,53.0,7.1,5.0
2002-09-03,0.0,11.3,12.1
2002-09-04,13.0,5.7,2.6
2002-09-05,8.0,0.0,0.0
2002-09-06,0.0,26.4,51.7
2002-09-07,23.0,10.5,10.7
2002-09-08,1.0,2.3,0.0
2002-09-09,0.0,19.8,37.3
2002-09-10,18.0,5.0,1.4
2002-09-11,3.0,3.3,0.0
2002-09-12,1.0,1.9,0.0
2002-09-13,0.0,8.7,5.4
2002-09-14,0.0,7.3,2.6
2002-09-15,0.0,12.7,14.3
2002-09-16,9.0,4.3,0.0
2002-09-17,0.0,7.1,2.1
2002-09-18,10.0,0.4,0.0
2002-09-19,0.0,6.1,1.0
2002-09-20,1.0,2.8,0.0
2002-09-21,0.0,11.1,11.7
2002-09-22,19.0,3.0,0.0
2002-09-23,3.0,2.7,0.0
2002-09-24,0.0,5.3,1.0
2002-09-25,0.0,1.7,0.0
2002-09-26,0.0,18.1,31.5
2002-09-27,6.0,21.3,56.1
2002-09-28,15.0,16.0,23.6
2002-09-29,145.0,27.5,71.1
2002-10-02,0.0,0.0,0.0
2002-10-03,0.0,0.6,0.0
2002-10-04,0.0,25.0,71.0
2002-10-05,13.0,7.7,6.9
2002-10-06,15.0,49.0,125.3
2002-10-07,119.0,2.6,0.0
2002-10-08,3.0,20.3,57.8
2002-10-09,44.0,0.3,0.0
2002-10-10,4.0,16.4,34.5
2002-10-11,3.0,28.6,57.5
2002-10-12,68.0,3.5,0.0
2002-10-13,1.0,2.2,0.0
2002-10-14,0.0,1.0,0.0
2002-10-15,0.0,0.3,0.0
2002-10-16,0.0,12.1,11.7
2002-10-17,9.0,31.2,62.3
2002-10-18,61.0,0.0,0.0
2002-10-19,7.0,0.0,0.0
2002-10-20,0.0,6.7,3.3
2002-10-21,5.0,21.9,22.2
2002-10-22,54.0,2.7,0.0
2002-10-23,0.0,2.3,0.0
2002-10-24,13.0,18.4,17.0
2002-10-25,7.0,2.9,0.0
2002-10-26,0.0,12.1,8.2
2002-10-27,4.0,43.4,67.9
2002-10-28,55.0,34.3,50.8
2002-10-29,3.0,2.6,0.0
2002-10-30,1.0,0.8,0.0
2002-10-31,2.0,0.0,0.0
2002-11-01,0.0,9.1,5.1
2002-11-02,13.0,16.0,13.6
2002-11-03,11.0,0.2,0.0
2002-11-04,1.0,0.1,0.0
2002-11-05,1.0,19.7,18.2
2002-11-06,60.0,5.4,1.0
2002-11-07,4.0,12.5,9.2
2002-11-08,31.0,14.9,12.2
2002-11-10,20.0,9.8,5.9
2002-11-11,3.0,0.0,0.0
2002-11-12,0.0,8.2,2.2
2002-11-13,14.0,49.6,112.1
2002-11-14,248.0,0.3,0.0
2002-11-15,0.0,19.0,19.6
2002-11-16,25.0,0.7,0.0
2002-11-17,4.0,53.2,122.6
2002-11-18,65.0,22.4,26.1
2002-11-19,153.0,12.3,8.0
2002-11-20,6.0,45.8,99.2
2002-11-21,54.0,5.0,0.0
2002-11-22,15.0,15.5,14.4
2002-11-23,0.0,8.0,3.3
2002-11-24,30.0,10.4,6.6
2002-11-25,27.0,19.1,20.2
2002-11-26,10.0,9.6,5.4
2002-11-27,0.0,63.4,111.9
2002-11-28,67.0,0.0,0.0
2002-11-29,0.0,0.0,0.0
2002-11-30,0.0,1.3,0.0
2002-12-01,8.0,7.3,2.0
2002-12-02,8.0,1.7,0.0
2002-12-03,8.0,3.8,0.0
2002-12-04,0.0,10.2,6.4
2002-12-05,0.0,0.5,0.0
2002-12-06,0.0,39.8,66.3
2002-12-07,11.0,8.7,4.1
2002-12-08,2.0,0.4,0.0
2002-12-09,0.0,9.6,5.5
2002-12-10,3.0,23.6,28.7
2002-12-11,19.0,7.4,2.7
2002-12-12,7.0,5.9,1.0
2002-12-13,85.0,18.6,17.3
2002-12-14,10.0,12.3,9.0
2002-12-15,4.0,90.8,130.3
2002-12-16,8.0,3.6,0.0
2002-12-17,0.0,15.1,12.8
2002-12-18,23.0,28.6,36.4
2002-12-19,1.0,12.8,9.7
2002-12-20,18.0,31.3,40.9
2002-12-21,0.0,14.6,13.4
2002-12-22,18.0,45.0,76.8
2002-12-23,78.0,23.5,29.3
2002-12-24,26.0,18.7,19.1
2002-12-25,2.0,31.1,47.7
2002-12-26,20.0,50.6,80.8
2002-12-27,18.0,22.3,27.7
2002-12-28,27.0,4.2,1.0
2002-12-29,1.0,19.0,21.7
2002-12-30,9.0,1.2,0.0
2002-12-31,9.0,0.4,0.0
2003-01-01,1.0,0.2,0.0
2003-01-02,0.0,2.3,0.0
2003-01-03,0.0,0.4,0.0
2003-01-04,0.0,0.2,0.0
2003-01-05,0.0,7.4,2.0
2003-01-06,0.0,0.8,0.0
2003-01-07,0.0,18.5,45.1
2003-01-08,0.0,42.1,92.5
2003-01-09,69.0,2.4,0.0
2003-01-10,0.0,2.6,0.0
2003-01-11,0.0,0.5,0.0
2003-01-12,0.0,0.3,0.0
2003-01-13,0.0,1.4,0.0
2003-01-14,0.0,0.9,0.0
2003-01-15,17.0,1.3,0.0
2003-01-16,0.0,14.0,10.9
2003-01-17,1.0,3.5,0.0
2003-01-18,0.0,1.9,0.0
2003-01-19,2.0,0.5,0.0
2003-01-20,0.0,0.7,0.0
2003-01-21,0.0,13.9,12.7
2003-01-22,1.0,1.2,0.0
2003-01-23,0.0,2.6,0.0
2003-01-24,0.0,4.8,0.0
2003-01-25,0.0,3.2,0.0
2003-01-26,0.0,15.9,17.2
2003-01-27,70.0,4.9,0.0
2003-01-28,0.0,5.6,0.0
2003-01-29,54.0,4.1,0.0
2003-01-30,0.0,21.6,38.9
2003-01-31,64.0,21.0,34.1
2003-02-01,12.0,16.5,19.6
2003-02-02,7.0,45.4,97.5
2003-02-03,19.0,7.4,1.6
2003-02-04,0.0,9.3,4.9
2003-02-05,0.0,3.3,0.0
2003-02-06,0.0,0.0,0.0
2003-02-07,0.0,0.1,0.0
2003-02-08,0.0,15.0,15.3
2003-02-09,3.0,0.3,0.0
2003-02-10,0.0,0.0,0.0
2003-02-11,0.0,13.1,14.1
2003-02-12,19.0,0.5,0.0
2003-02-13,0.0,46.4,109.3
2003-02-14,75.0,0.1,0.0
2003-02-15,1.0,22.1,43.3
2003-02-16,5.0,10.9,9.7
2003-02-17,20.0,21.8,42.0
2003-02-18,17.0,0.0,0.0
2003-02-19,1.0,19.8,34.7
2003-02-20,15.0,30.8,67.1
2003-02-21,36.0,1.1,0.0
2003-02-22,0.0,4.7,1.2
2003-02-23,4.0,0.4,0.0
2003-02-24,0.0,5.3,2.3
2003-02-25,14.0,1.6,0.0
2003-02-26,0.0,3.4,0.0
2003-02-27,0.0,0.8,0.0
2003-02-28,0.0,0.0,0.0
2003-03-01,0.0,0.0,0.0
2003-03-02,0.0,0.2,0.0
2003-03-03,0.0,0.4,0.0
2003-03-04,0.0,0.0,0.0
2003-03-05,0.0,0.0,0.0
2003-03-06,0.0,1.0,0.0
2003-03-07,0.0,0.7,0.0
2003-03-08,0.0,8.3,4.3
2003-03-09,0.0,7.8,3.4
2003-03-10,0.0,0.2,0.0
2003-03-11,0.0,10.6,9.6
2003-03-12,67.0,7.6,4.2
2003-03-13,6.0,5.4,1.0
2003-03-14,2.0,4.1,0.0
2003-03-15,0.0,40.9,102.0
2003-03-16,38.0,20.0,35.9
2003-03-17,51.0,4.6,1.0
2003-03-18,3.0,4.7,1.0
2003-03-19,0.0,6.7,2.7
2003-03-20,0.0,38.3,96.8
2003-03-21,18.0,0.0,0.0
2003-03-22,0.0,0.5,0.0
2003-03-23,0.0,0.7,0.0
2003-03-24,0.0,72.8,164.1
2003-03-25,89.0,13.9,10.6
2003-03-26,56.0,53.4,102.2
2003-03-27,10.0,7.6,2.0
2003-03-28,38.0,31.0,51.4
2003-03-29,34.0,3.7,0.0
2003-03-30,0.0,12.8,8.9
2003-03-31,0.0,1.0,0.0
2003-04-01,0.0,4.4,1.0
2003-04-02,12.0,19.4,22.6
2003-04-03,82.0,1.2,0.0
2003-04-04,10.0,25.1,40.5
2003-04-05,52.0,0.7,0.0
2003-04-06,0.0,1.7,0.0
2003-04-07,0.0,4.6,1.0
2003-04-08,2.0,24.7,36.5
2003-04-09,7.0,5.6,2.0
2003-04-10,1.0,1.7,0.0
2003-04-11,5.0,26.5,45.2
2003-04-12,40.0,0.4,0.0
2003-04-13,0.0,7.6,3.7
2003-04-14,11.0,6.0,1.5
2003-04-15,4.0,6.9,2.7
2003-04-16,7.0,11.6,9.6
2003-04-17,2.0,1.8,0.0
2003-04-18,0.0,45.4,85.0
2003-04-19,14.0,0.1,0.0
2003-04-20,0.0,0.0,0.0
2003-04-21,0.0,0.4,0.0
2003-04-22,15.0,41.0,70.2
2003-04-23,25.0,7.5,1.6
2003-04-24,0.0,36.8,61.6
2003-04-25,9.0,26.3,37.0
2003-04-26,30.0,12.8,8.3
2003-04-27,17.0,1.6,0.0
2003-04-28,0.0,0.3,0.0
2003-04-29,0.0,11.6,6.7
2003-04-30,22.0,2.9,0.0
2003-05-01,1.0,2.3,0.0
2003-05-02,0.0,25.8,39.0
2003-05-03,61.0,7.3,3.0
2003-05-04,0.0,0.0,0.0
2003-05-05,0.0,3.2,0.0
2003-05-06,0.0,9.0,5.1
2003-05-07,9.0,94.4,125.7
2003-05-08,199.0,0.1,0.0
2003-05-09,9.0,3.8,0.0
2003-05-10,11.0,4.6,0.0
2003-05-11,13.0,1.7,0.0
2003-05-12,16.0,1.3,0.0
2003-05-13,0.0,1.7,0.0
2003-05-14,0.0,1.2,0.0
2003-05-15,0.0,1.0,0.0
2003-05-16,0.0,1.6,0.0
2003-05-17,0.0,0.0,0.0
2003-05-18,0.0,0.1,0.0
2003-05-19,0.0,0.0,0.0
2003-05-20,0.0,0.0,0.0
2003-05-21,0.0,0.0,0.0
2003-05-22,0.0,0.0,0.0
2003-05-23,0.0,0.0,0.0
2003-05-24,0.0,0.0,0.0
2003-05-25,0.0,0.0,0.0
2003-05-26,0.0,0.0,0.0
2003-05-27,0.0,0.0,0.0
2003-05-28,0.0,0.0,0.0
2003-05-29,0.0,0.1,0.0
2003-05-30,0.0,0.0,0.0
2003-05-31,0.0,0.0,0.0
2003-06-01,0.0,5.8,1.6
2003-06-02,0.0,0.0,0.0
2003-06-03,0.0,0.5,0.0
2003-06-04,0.0,0.2,0.0
2003-06-05,0.0,0.0,0.0
2003-06-06,0.0,0.4,0.0
2003-06-07,0.0,0.1,0.0
2003-06-08,0.0,0.0,0.0
2003-06-09,0.0,0.0,0.0
2003-06-10,0.0,0.3,0.0
2003-06-11,0.0,1.1,0.0
2003-06-12,0.0,0.7,0.0
2003-06-13,0.0,0.0,0.0
2003-06-14,0.0,3.5,0.0
2003-06-15,0.0,2.7,0.0
2003-06-16,3.0,2.2,0.0
2003-06-17,0.0,2.1,0.0
2003-06-18,0.0,0.3,0.0
2003-06-19,0.0,0.1,0.0
2003-06-20,0.0,0.4,0.0
2003-06-21,26.0,3.4,0.0
2003-06-22,5.0,0.4,0.0
2003-06-23,2.0,18.6,45.2
2003-06-24,2.0,0.3,0.0
2003-06-25,6.0,5.8,3.5
2003-06-26,18.0,17.4,39.3
2003-06-27,115.0,19.9,51.8
2003-06-28,2.0,10.3,13.1
2003-06-29,0.0,4.6,1.3
2003-06-30,1.0,5.8,3.4
2003-07-01,6.0,0.8,0.0
2003-07-02,37.0,0.2,0.0
2003-07-03,2.0,5.1,1.0
2003-07-04,5.0,17.1,38.8
2003-07-05,27.0,1.6,0.0
2003-07-06,0.0,0.0,0.0
2003-07-07,0.0,0.2,0.0
2003-07-08,0.0,4.4,0.0
2003-07-09,0.0,0.4,0.0
2003-07-10,1.0,1.4,0.0
2003-07-11,3.0,90.6,220.1
2003-07-12,23.0,35.3,68.8
2003-07-13,0.0,1.0,0.0
2003-07-14,0.0,0.0,0.0
2003-07-15,0.0,6.3,1.7
2003-07-16,28.0,18.4,34.9
2003-07-17,30.0,0.8,0.0
2003-07-18,0.0,2.8,0.0
2003-07-19,0.0,0.3,0.0
2003-07-20,0.0,2.9,0.0
2003-07-21,0.0,0.6,0.0
2003-07-22,0.0,0.5,0.0
2003-07-23,0.0,6.4,4.9
2003-07-24,0.0,0.3,0.0
2003-07-25,0.0,4.3,1.0
2003-07-26,0.0,0.4,0.0
2003-07-27,0.0,8.6,11.9
2003-07-28,16.0,5.4,2.4
2003-07-29,0.0,1.3,0.0
2003-07-30,0.0,10.5,15.1
2003-07-31,0.0,0.0,0.0
2003-08-01,0.0,1.8,0.0
2003-08-02,45.0,6.4,6.7
2003-08-03,10.0,13.8,33.9
2003-08-04,5.0,11.6,21.4
2003-08-05,0.0,12.3,20.6
2003-08-06,0.0,0.3,0.0
2003-08-07,0.0,0.9,0.0
2003-08-08,0.0,0.5,0.0
2003-08-09,0.0,2.9,0.0
2003-08-10,0.0,1.1,0.0
2003-08-11,0.0,2.4,0.0
2003-08-12,0.0,5.7,1.0
2003-08-13,10.0,8.1,4.5
2003-08-14,11.0,3.6,0.0
2003-08-15,3.0,38.8,93.7
2003-08-16,108.0,125.8,222.5
2003-08-17,190.0,13.9,15.2
2003-08-18,4.0,0.3,0.0
2003-08-19,0.0,0.3,0.0
2003-08-20,0.0,7.0,2.5
2003-08-21,0.0,0.0,0.0
2003-08-22,0.0,4.2,0.0
2003-08-23,1.0,3.9,0.0
2003-08-24,0.0,1.7,0.0
2003-08-25,10.0,19.0,29.8
2003-08-26,28.0,0.0,0.0
2003-08-27,0.0,7.8,4.1
2003-08-28,0.0,0.6,0.0
2003-08-29,0.0,26.5,75.8
2003-08-30,12.0,25.9,70.3
2003-08-31,31.0,2.8,0.0
2003-09-01,0.0,4.5,1.0
2003-09-02,20.0,11.8,13.0
2003-09-03,1.0,4.2,1.0
2003-09-04,0.0,4.1,1.0
2003-09-05,1.0,3.1,0.0
2003-09-06,0.0,15.1,18.9
2003-09-07,0.0,7.1,5.0
2003-09-08,19.0,17.5,27.0
2003-09-09,91.0,17.6,22.6
2003-09-10,12.0,13.0,15.2
2003-09-11,0.0,19.9,45.2
2003-09-12,47.0,2.1,0.0
2003-09-13,0.0,16.1,21.2
2003-09-14,0.0,8.6,5.2
2003-09-15,24.0,42.8,101.6
2003-09-16,27.0,19.9,43.6
2003-09-17,2.0,0.1,0.0
2003-09-18,0.0,16.9,22.5
2003-09-19,3.0,2.1,0.0
2003-09-20,0.0,1.3,0.0
2003-09-21,1.0,5.1,0.0
2003-09-22,0.0,1.5,0.0
2003-09-23,1.0,5.3,1.0
2003-09-24,1.0,4.6,0.0
2003-09-25,20.0,3.4,0.0
2003-09-26,0.0,0.6,0.0
2003-09-27,0.0,16.6,27.7
2003-09-28,101.0,1.5,0.0
2003-09-29,2.0,0.3,0.0
2003-09-30,3.0,0.8,0.0
2003-10-01,16.0,1.8,0.0
2003-10-02,9.0,13.1,19.6
2003-10-03,81.0,24.1,64.9
2003-10-04,15.0,38.9,104.6
2003-10-05,50.0,24.4,69.9
2003-10-06,26.0,10.1,12.4
2003-10-07,0.0,19.2,47.4
2003-10-08,3.0,1.4,0.0
2003-10-09,0.0,26.4,76.6
2003-10-10,12.0,13.7,20.8
2003-10-11,2.0,30.5,70.2
2003-10-12,24.0,3.6,0.0
2003-10-13,2.0,1.8,0.0
2003-10-14,12.0,4.7,1.0
2003-10-15,11.0,17.3,21.9
2003-10-16,18.0,2.8,0.0
2003-10-17,2.0,6.1,2.5
2003-10-18,5.0,0.4,0.0
2003-10-19,0.0,5.8,2.0
2003-10-20,2.0,5.9,2.1
2003-10-21,9.0,6.3,1.0
2003-10-22,11.0,1.0,0.0
2003-10-23,0.0,0.5,0.0
2003-10-24,0.0,5.0,0.0
2003-10-25,1.0,19.7,20.6
2003-10-26,0.0,7.8,2.5
2003-10-27,0.0,0.2,0.0
2003-10-28,0.0,7.2,1.8
2003-10-29,35.0,49.2,80.8
2003-10-30,151.0,27.9,42.6
2003-10-31,15.0,1.5,0.0
2003-11-01,20.0,5.4,1.0
2003-11-02,4.0,9.2,5.2
2003-11-03,0.0,3.4,0.0
2003-11-04,20.0,20.2,18.9
2003-11-05,40.0,25.8,26.0
2003-11-06,8.0,8.4,4.2
2003-11-07,2.0,13.2,10.1
2003-11-08,6.0,64.8,88.1
2003-11-09,70.0,19.7,18.2
2003-11-10,40.0,5.0,1.0
2003-11-11,14.0,44.1,93.2
2003-11-12,61.0,14.4,11.5
2003-11-13,21.0,0.3,0.0
2003-11-14,1.0,8.4,2.4
2003-11-15,1.0,13.1,9.4
2003-11-16,4.0,31.1,60.1
2003-11-17,58.0,55.1,125.1
2003-11-18,25.0,75.4,186.6
2003-11-19,158.0,5.3,0.0
2003-11-21,0.0,0.1,0.0
2003-11-22,0.0,7.2,2.2
2003-11-23,7.0,4.7,0.0
2003-11-24,0.0,28.8,46.8
2003-11-25,187.0,6.9,1.9
2003-11-26,1.0,24.7,26.6
2003-11-27,0.0,3.6,0.0
2003-11-28,0.0,22.8,26.3
2003-11-29,7.0,11.7,8.5
2003-11-30,0.0,8.6,4.1
2003-12-01,5.0,34.7,58.3
2003-12-02,62.0,1.5,0.0
2003-12-03,0.0,2.9,0.0
2003-12-04,1.0,2.5,0.0
2003-12-05,1.0,6.8,1.4
2003-12-06,2.0,50.4,95.9
2003-12-07,9.0,36.8,60.6
2003-12-08,24.0,140.3,177.8
2003-12-09,191.0,1.9,0.0
2003-12-10,1.0,1.8,0.0
2003-12-11,1.0,45.4,64.5
2003-12-12,41.0,23.3,22.4
2003-12-13,1.0,0.7,0.0
2003-12-14,0.0,5.5,1.0
2003-12-15,1.0,6.5,1.6
2003-12-16,10.0,20.8,20.3
2003-12-17,17.0,2.8,0.0
2003-12-18,0.0,2.7,0.0
2003-12-19,7.0,2.6,0.0
2003-12-20,0.0,8.8,4.5
2003-12-21,35.0,6.9,3.2
2003-12-22,0.0,0.2,0.0
2003-12-23,0.0,0.3,0.0
2003-12-24,0.0,0.0,0.0
2003-12-25,0.0,0.4,0.0
2003-12-26,0.0,0.0,0.0
2003-12-27,0.0,0.4,0.0
2003-12-28,0.0,0.0,0.0
2003-12-29,0.0,0.1,0.0
2003-12-30,0.0,0.1,0.0
2003-12-31,0.0,0.5,0.0
2004-01-01,0.0,3.9,0.0
2004-01-02,4.0,1.0,0.0
2004-01-03,0.0,4.5,0.0
2004-01-04,1.0,1.7,0.0
2004-01-05,1.0,10.8,7.6
2004-01-06,52.0,34.6,78.0
2004-01-07,18.0,1.1,0.0
2004-01-08,0.0,11.2,8.2
2004-01-09,4.0,1.9,0.0
2004-01-10,0.0,14.5,15.6
2004-01-11,8.0,2.5,0.0
2004-01-12,1.0,29.4,39.4
2004-01-13,5.0,0.4,0.0
2004-01-14,0.0,3.6,0.0
2004-01-15,2.0,7.0,1.8
2004-01-16,0.0,34.1,45.0
2004-01-18,10.0,30.7,49.9
2004-01-19,27.0,2.4,0.0
2004-01-20,0.0,14.0,10.9
2004-01-21,0.0,4.5,0.0
2004-01-22,0.0,0.1,0.0
2004-01-23,0.0,6.3,1.0
2004-01-24,0.0,6.5,1.0
2004-01-25,0.0,0.0,0.0
2004-01-26,0.0,2.1,0.0
2004-01-27,0.0,4.2,0.0
2004-01-28,28.0,8.6,3.7
2004-01-29,12.0,4.5,0.0
2004-01-30,0.0,48.3,102.7
2004-01-31,1.0,16.7,18.8
2004-02-01,9.0,70.4,163.4
2004-02-02,41.0,20.2,24.1
2004-02-03,0.0,4.2,0.0
2004-02-04,0.0,1.2,0.0
2004-02-05,0.0,12.9,11.6
2004-02-06,19.0,2.3,0.0
2004-02-07,0.0,10.7,7.5
2004-02-08,0.0,0.5,0.0
2004-02-09,0.0,0.1,0.0
2004-02-10,0.0,2.9,0.0
2004-02-11,0.0,0.1,0.0
2004-02-12,0.0,1.2,0.0
2004-02-13,0.0,0.4,0.0
2004-02-14,0.0,1.4,0.0
2004-02-15,0.0,0.7,0.0
2004-02-16,0.0,0.4,0.0
2004-02-17,0.0,0.7,0.0
2004-02-18,12.0,13.9,16.5
2004-02-19,71.0,7.0,2.9
2004-02-20,2.0,2.4,0.0
2004-02-21,0.0,7.5,6.5
2004-02-22,17.0,0.7,0.0
2004-02-23,0.0,0.0,0.0
2004-02-24,0.0,3.6,0.0
2004-02-25,3.0,9.7,10.7
2004-02-27,16.0,14.1,19.7
2004-02-28,11.0,1.5,0.0
2004-02-29,0.0,8.1,7.6
2004-03-01,12.0,3.5,0.0
2004-03-02,11.0,21.7,50.3
2004-03-03,16.0,18.1,28.9
2004-03-04,20.0,1.9,0.0
2004-03-05,2.0,0.1,0.0
2004-03-06,0.0,0.4,0.0
2004-03-07,4.0,12.8,12.7
2004-03-08,2.0,1.8,0.0
2004-03-09,0.0,0.8,0.0
2004-03-10,0.0,0.9,0.0
2004-03-11,0.0,0.0,0.0
2004-03-12,0.0,3.1,0.0
2004-03-13,0.0,0.6,0.0
2004-03-14,0.0,9.3,7.2
2004-03-15,7.0,9.5,7.4
2004-03-16,0.0,2.6,0.0
2004-03-17,9.0,2.4,0.0
2004-03-18,0.0,0.1,0.0
2004-03-19,0.0,11.3,10.9
2004-03-20,1.0,3.3,0.0
2004-03-21,0.0,7.0,1.3
2004-03-22,3.0,0.6,0.0
2004-03-23,0.0,1.4,0.0
2004-03-24,0.0,1.1,0.0
2004-03-25,0.0,1.8,0.0
2004-03-26,0.0,0.6,0.0
2004-03-27,0.0,4.9,0.0
2004-03-28,0.0,3.2,0.0
2004-03-29,2.0,7.7,2.0
2004-03-30,5.0,10.9,6.2
2004-03-31,17.0,2.0,0.0
2004-04-01,1.0,0.6,0.0
2004-04-02,0.0,131.6,158.8
2004-04-03,150.0,16.6,17.4
2004-04-04,20.0,4.4,1.0
2004-04-05,0.0,0.4,0.0
2004-04-06,0.0,6.3,2.8
2004-04-07,33.0,18.0,27.9
2004-04-08,20.0,1.0,0.0
2004-04-10,5.0,33.5,46.3
2004-04-11,17.0,6.0,1.5
2004-04-12,0.0,0.7,0.0
2004-04-13,0.0,7.3,3.3
2004-04-14,1.0,18.1,21.9
2004-04-15,42.0,7.5,3.6
2004-04-16,0.0,20.0,29.2
2004-04-17,2.0,16.9,18.2
2004-04-18,0.0,2.5,0.0
2004-04-19,1.0,2.2,0.0
2004-04-20,0.0,0.6,0.0
2004-04-21,0.0,4.7,0.0
2004-04-22,0.0,0.4,0.0
2004-04-23,0.0,39.6,70.4
2004-04-24,29.0,7.1,1.2
2004-04-25,0.0,0.0,0.0
2004-04-26,2.0,8.9,3.2
2004-04-27,0.0,6.1,1.0
2004-04-28,0.0,26.0,33.9
2004-04-29,55.0,36.3,62.0
2004-04-30,61.0,7.0,1.2
2004-05-01,45.0,9.2,5.4
2004-05-02,0.0,1.3,0.0
2004-05-03,0.0,16.5,17.7
2004-05-04,39.0,5.4,1.0
2004-05-05,2.0,30.4,50.0
2004-05-06,71.0,21.1,28.8
2004-05-07,60.0,0.0,0.0
2004-05-08,0.0,0.3,0.0
2004-05-09,0.0,0.5,0.0
2004-05-10,0.0,0.0,0.0
2004-05-11,0.0,1.5,0.0
2004-05-12,10.0,1.2,0.0
2004-05-13,0.0,0.3,0.0
2004-05-14,0.0,0.0,0.0
2004-05-15,0.0,1.4,0.0
2004-05-16,0.0,0.0,0.0
2004-05-17,0.0,0.0,0.0
2004-05-18,0.0,0.0,0.0
2004-05-19,0.0,0.1,0.0
2004-05-20,0.0,0.9,0.0
2004-05-21,1.0,12.5,13.0
2004-05-22,22.0,4.5,1.0
2004-05-24,23.0,2.0,0.0
2004-05-25,0.0,8.5,6.0
2004-05-26,2.0,11.5,10.8
2004-05-27,17.0,2.6,0.0
2004-05-29,2.0,0.9,0.0
2004-05-30,10.0,0.1,0.0
2004-05-31,0.0,0.2,0.0
2004-06-01,2.0,1.0,0.0
2004-06-02,0.0,1.2,0.0
2004-06-03,0.0,1.7,0.0
2004-06-04,7.0,1.0,0.0
2004-06-05,3.0,2.1,0.0
2004-06-06,9.0,15.4,24.4
2004-06-07,39.0,0.4,0.0
2004-06-08,7.0,3.7,0.0
2004-06-09,2.0,3.9,0.0
2004-06-10,0.0,0.1,0.0
2004-06-11,0.0,0.0,0.0
2004-06-12,0.0,0.0,0.0
2004-06-13,0.0,0.0,0.0
2004-06-14,0.0,0.0,0.0
2004-06-15,0.0,0.0,0.0
2004-06-16,0.0,0.0,0.0
2004-06-17,0.0,0.0,0.0
2004-06-18,0.0,0.0,0.0
2004-06-19,0.0,0.0,0.0
2004-06-20,0.0,0.0,0.0
2004-06-21,0.0,0.0,0.0
2004-06-22,0.0,0.3,0.0
2004-06-23,0.0,3.4,0.0
2004-06-24,1.0,0.2,0.0
2004-06-25,0.0,0.2,0.0
2004-06-26,4.0,21.7,64.3
2004-06-27,117.0,1.3,0.0
2004-06-28,0.0,0.3,0.0
2004-06-29,0.0,16.3,25.8
2004-06-30,0.0,16.7,29.1
2004-07-01,54.0,16.8,34.5
2004-07-02,57.0,1.1,0.0
2004-07-03,3.0,14.5,22.0
2004-07-04,16.0,4.6,0.0
2004-07-05,4.0,7.2,4.6
2004-07-06,20.0,1.5,0.0
2004-07-07,3.0,18.2,37.5
2004-07-08,28.0,0.2,0.0
2004-07-09,0.0,1.6,0.0
2004-07-10,0.0,2.7,0.0
2004-07-11,0.0,3.0,0.0
2004-07-12,0.0,2.7,0.0
2004-07-13,0.0,0.7,0.0
2004-07-14,0.0,12.8,12.2
2004-07-15,39.0,13.9,16.9
2004-07-16,55.0,12.5,18.3
2004-07-17,125.0,3.3,0.0
2004-07-18,0.0,1.2,0.0
2004-07-19,0.0,2.4,0.0
2004-07-20,0.0,2.6,0.0
2004-07-21,0.0,3.4,0.0
2004-07-22,0.0,1.7,0.0
2004-07-23,0.0,3.6,0.0
2004-07-24,0.0,0.5,0.0
2004-07-28,0.0,11.4,17.8
2004-07-29,1.0,6.1,4.0
2004-07-31,2.0,1.0,0.0
2004-08-01,0.0,37.8,131.4
2004-08-02,15.0,0.0,0.0
2004-08-03,0.0,0.0,0.0
2004-08-04,0.0,0.0,0.0
2004-08-05,0.0,0.0,0.0
2004-08-06,0.0,0.0,0.0
2004-08-07,0.0,0.0,0.0
2004-08-08,0.0,0.0,0.0
2004-08-09,0.0,0.4,0.0
2004-08-10,0.0,2.3,0.0
2004-08-11,0.0,0.3,0.0
2004-08-12,0.0,1.5,0.0
2004-08-13,0.0,0.8,0.0
2004-08-14,0.0,0.0,0.0
2004-08-15,0.0,1.8,0.0
2004-08-16,0.0,3.5,0.0
2004-08-17,0.0,0.0,0.0
2004-08-18,0.0,30.7,65.1
2004-08-19,64.0,0.7,0.0
2004-08-20,0.0,3.6,0.0
2004-08-21,0.0,2.8,0.0
2004-08-22,3.0,0.9,0.0
2004-08-23,0.0,4.9,0.0
2004-08-24,94.0,21.8,56.8
2004-08-25,142.0,8.0,4.5
2004-08-26,24.0,0.9,0.0
2004-08-27,0.0,12.1,14.2
2004-08-28,0.0,1.4,0.0
2004-08-29,9.0,1.0,0.0
2004-08-30,0.0,2.5,0.0
2004-08-31,16.0,0.0,0.0
2004-09-01,20.0,13.4,15.9
2004-09-02,33.0,7.1,4.8
2004-09-03,20.0,3.6,0.0
2004-09-04,82.0,0.0,0.0
2004-09-06,0.0,0.9,0.0
2004-09-07,0.0,1.1,0.0
2004-09-08,0.0,0.0,0.0
2004-09-10,0.0,0.6,0.0
2004-09-11,3.0,2.0,0.0
2004-09-12,0.0,2.7,0.0
2004-09-13,1.0,0.1,0.0
2004-09-14,1.0,6.5,1.1
2004-09-15,41.0,1.0,0.0
2004-09-16,0.0,7.3,2.5
2004-09-17,0.0,6.1,1.0
2004-09-18,25.0,16.9,23.2
2004-09-19,82.0,5.0,0.0
2004-09-20,0.0,2.2,0.0
2004-09-21,2.0,0.4,0.0
2004-09-22,0.0,1.4,0.0
2004-09-23,0.0,19.7,50.1
2004-09-24,9.0,1.8,0.0
2004-09-25,18.0,6.6,2.0
2004-09-26,15.0,30.3,85.5
2004-09-27,3.0,8.9,6.6
2004-09-28,0.0,9.3,7.5
2004-09-29,3.0,17.5,29.7
2004-09-30,3.0,5.4,1.0
2004-10-01,0.0,21.2,59.2
2004-10-02,33.0,22.9,60.6
2004-10-03,4.0,10.1,12.4
2004-10-04,6.0,0.0,0.0
2004-10-05,0.0,0.0,0.0
2004-10-06,0.0,0.0,0.0
2004-10-07,0.0,3.2,0.0
2004-10-08,0.0,5.6,2.3
2004-10-09,42.0,0.4,0.0
2004-10-10,0.0,3.8,0.0
2004-10-11,1.0,2.6,0.0
2004-10-12,0.0,9.9,8.0
2004-10-13,20.0,0.4,0.0
2004-10-14,1.0,0.0,0.0
2004-10-15,3.0,0.0,0.0
2004-10-16,0.0,0.7,0.0
2004-10-17,2.0,19.8,28.1
2004-10-18,12.0,20.4,31.3
2004-10-19,9.0,30.5,66.6
2004-10-20,48.0,6.5,3.0
2004-10-21,1.0,13.4,10.0
2004-10-22,0.0,38.3,59.6
2004-10-23,11.0,30.2,43.4
2004-10-24,2.0,0.6,0.0
2004-10-25,0.0,6.6,1.1
2004-10-26,0.0,3.4,0.0
2004-10-27,3.0,15.5,13.0
2004-10-28,3.0,4.7,0.0
2004-10-29,9.0,10.2,5.6
2004-10-30,5.0,9.2,4.3
2004-10-31,7.0,9.1,4.2
2004-11-01,49.0,8.7,4.6
2004-11-02,32.0,3.3,0.0
2004-11-03,34.0,14.1,11.2
2004-11-04,40.0,21.5,20.5
2004-11-05,26.0,10.7,7.1
2004-11-06,3.0,1.6,0.0
2004-11-07,7.0,10.7,7.0
2004-11-08,0.0,4.1,0.0
2004-11-09,18.0,8.5,4.3
2004-11-10,2.0,32.3,38.9
2004-11-11,11.0,3.0,0.0
2004-11-12,0.0,55.9,127.1
2004-11-13,49.0,25.8,34.3
2004-11-14,27.0,8.1,2.1
2004-11-15,3.0,18.2,18.2
2004-11-16,4.0,26.1,43.1
2004-11-17,40.0,7.9,1.8
2004-11-18,0.0,6.3,1.0
2004-11-19,2.0,1.9,0.0
2004-11-20,1.0,3.6,0.0
2004-11-21,36.0,44.2,75.6
2004-11-22,74.0,0.0,0.0
2004-11-23,2.0,0.3,0.0
2004-11-24,20.0,36.5,60.7
2004-11-25,16.0,1.7,0.0
2004-11-26,2.0,0.5,0.0
2004-11-27,0.0,21.5,24.1
2004-11-28,27.0,13.7,11.6
2004-11-29,8.0,3.3,0.0
2004-11-30,0.0,3.3,0.0
2004-12-01,0.0,10.9,7.6
2004-12-02,0.0,13.1,11.0
2004-12-03,0.0,8.9,4.5
2004-12-04,0.0,20.7,23.7
2004-12-05,33.0,9.8,5.8
2004-12-06,19.0,17.9,19.0
2004-12-07,0.0,5.2,0.0
2004-12-08,0.0,14.6,13.5
2004-12-09,16.0,2.7,0.0
2004-12-10,0.0,6.3,1.0
2004-12-11,2.0,16.0,13.9
2004-12-12,3.0,2.4,0.0
2004-12-13,0.0,14.3,11.7
2004-12-14,0.0,13.6,10.7
2004-12-15,24.0,0.8,0.0
2004-12-16,0.0,0.3,0.0
2004-12-17,0.0,24.2,24.4
2004-12-18,0.0,95.2,138.7
2004-12-19,82.0,102.1,140.9
2004-12-20,96.0,7.5,2.9
2004-12-21,3.0,1.0,0.0
2004-12-22,0.0,41.9,61.5
2004-12-23,17.0,17.6,17.6
2004-12-24,3.0,0.5,0.0
2004-12-25,0.0,6.4,2.6
2004-12-26,22.0,14.9,13.9
2004-12-27,14.0,6.7,2.9
2004-12-28,3.0,8.2,4.9
2004-12-29,10.0,3.3,0.0
2004-12-30,0.0,6.1,2.2
2004-12-31,0.0,1.0,0.0
2005-01-01,2.0,8.8,4.1
2005-01-02,2.0,4.0,0.0
2005-01-03,3.0,0.0,0.0
2005-01-04,0.0,13.9,13.0
2005-01-05,4.0,35.0,78.4
2005-01-06,69.0,12.3,10.0
2005-01-07,10.0,2.2,0.0
2005-01-08,0.0,8.1,3.1
2005-01-09,0.0,61.9,108.1
2005-01-10,127.0,1.4,0.0
2005-01-11,0.0,0.1,0.0
2005-01-12,0.0,0.0,0.0
2005-01-13,0.0,0.3,0.0
2005-01-14,0.0,1.4,0.0
2005-01-15,0.0,23.4,23.6
2005-01-16,74.0,0.3,0.0
2005-01-17,0.0,0.3,0.0
2005-01-18,0.0,0.0,0.0
2005-01-19,0.0,0.1,0.0
2005-01-20,0.0,0.4,0.0
2005-01-21,0.0,0.0,0.0
2005-01-22,0.0,0.3,0.0
2005-01-23,0.0,0.0,0.0
2005-01-24,0.0,0.8,0.0
2005-01-25,0.0,0.9,0.0
2005-01-26,0.0,0.1,0.0
2005-01-27,0.0,0.4,0.0
2005-01-28,0.0,64.7,163.4
2005-01-29,90.0,7.4,1.9
2005-01-30,32.0,0.8,0.0
2005-01-31,0.0,4.9,0.0
2005-02-01,0.0,24.7,44.1
2005-02-02,13.0,4.8,0.0
2005-02-03,1.0,2.8,0.0
2005-02-04,0.0,6.5,1.0
2005-02-05,0.0,40.5,84.1
2005-02-06,4.0,18.9,22.8
2005-02-07,22.0,0.1,0.0
2005-02-08,0.0,0.0,0.0
2005-02-09,0.0,0.0,0.0
2005-02-10,0.0,2.9,0.0
2005-02-11,0.0,0.9,0.0
2005-02-12,0.0,108.8,165.5
2005-02-13,0.0,1.8,0.0
2005-02-14,0.0,1.0,0.0
2005-02-15,0.0,2.1,0.0
2005-02-16,0.0,4.7,0.0
2005-02-17,0.0,21.2,41.7
2005-02-18,49.0,0.1,0.0
2005-02-19,0.0,0.4,0.0
2005-02-20,0.0,4.1,0.0
2005-02-21,0.0,0.8,0.0
2005-02-22,0.0,0.0,0.0
2005-02-23,0.0,0.6,0.0
2005-02-24,0.0,0.1,0.0
2005-02-25,0.0,0.1,0.0
2005-02-26,0.0,0.8,0.0
2005-02-27,1.0,63.1,150.2
2005-02-28,104.0,2.3,0.0
2005-03-01,0.0,24.4,47.9
2005-03-02,16.0,2.3,0.0
2005-03-03,0.0,1.0,0.0
2005-03-04,0.0,13.9,15.0
2005-03-05,4.0,0.0,0.0
2005-03-06,0.0,2.2,0.0
2005-03-07,0.0,0.8,0.0
2005-03-08,0.0,8.0,3.8
2005-03-09,0.0,2.0,0.0
2005-03-10,15.0,28.6,69.6
2005-03-11,67.0,2.7,0.0
2005-03-12,0.0,1.3,0.0
2005-03-13,0.0,1.9,0.0
2005-03-14,27.0,6.3,2.1
2005-03-16,0.0,16.4,21.5
2005-03-17,9.0,5.3,1.0
2005-03-18,3.0,18.7,25.5
2005-03-19,1.0,19.5,28.8
2005-03-21,0.0,7.3,1.6
2005-03-22,0.0,40.7,74.4
2005-03-23,18.0,3.6,0.0
2005-03-24,0.0,10.7,6.0
2005-03-25,0.0,15.8,13.4
2005-03-26,21.0,3.3,0.0
2005-03-27,19.0,11.0,6.4
2005-03-28,10.0,25.5,33.6
2005-03-29,2.0,25.3,33.5
2005-03-31,0.0,6.4,1.0
2005-04-01,0.0,5.4,1.8
2005-04-02,5.0,0.3,0.0
2005-04-03,0.0,0.0,0.0
2005-04-04,0.0,0.4,0.0
2005-04-05,5.0,0.1,0.0
2005-04-06,0.0,0.1,0.0
2005-04-07,0.0,0.0,0.0
2005-04-08,2.0,1.2,0.0
2005-04-09,0.0,0.5,0.0
2005-04-10,0.0,0.0,0.0
2005-04-11,0.0,0.3,0.0
2005-04-12,0.0,0.4,0.0
2005-04-13,0.0,2.7,0.0
2005-04-14,0.0,0.2,0.0
2005-04-15,3.0,2.1,0.0
2005-04-16,0.0,10.9,8.6
2005-04-17,15.0,1.6,0.0
2005-04-18,0.0,7.2,3.2
2005-04-19,12.0,12.3,10.7
2005-04-20,1.0,4.8,1.0
2005-04-21,0.0,2.9,0.0
2005-04-22,0.0,15.2,11.9
2005-04-23,0.0,2.2,0.0
2005-04-24,0.0,2.7,0.0
2005-04-25,2.0,2.9,0.0
2005-04-26,0.0,62.7,109.2
2005-04-27,13.0,28.7,40.6
2005-04-28,34.0,22.7,22.7
2005-04-29,74.0,0.2,0.0
2005-04-30,0.0,0.9,0.0
2005-05-01,0.0,68.4,113.2
2005-05-02,13.0,0.7,0.0
2005-05-03,0.0,1.1,0.0
2005-05-04,3.0,18.7,18.4
2005-05-05,51.0,9.0,5.2
2005-05-06,19.0,25.1,38.5
2005-05-07,6.0,2.1,0.0
2005-05-08,32.0,3.4,0.0
2005-05-09,2.0,26.9,40.3
2005-05-10,13.0,2.2,0.0
2005-05-11,0.0,1.3,0.0
2005-05-12,5.0,0.0,0.0
2005-05-13,0.0,0.0,0.0
2005-05-14,0.0,1.0,0.0
2005-05-15,10.0,0.8,0.0
2005-05-16,0.0,0.0,0.0
2005-05-17,0.0,0.2,0.0
2005-05-18,0.0,0.0,0.0
2005-05-19,0.0,0.4,0.0
2005-05-21,0.0,0.4,0.0
2005-05-22,0.0,4.4,0.0
2005-05-23,2.0,11.7,11.2
2005-05-24,8.0,31.1,60.4
2005-05-25,15.0,2.4,0.0
2005-05-26,0.0,1.4,0.0
2005-05-27,0.0,8.8,6.5
2005-05-28,0.0,16.9,19.9
2005-05-29,15.0,0.4,0.0
2005-05-30,1.0,0.2,0.0
2005-05-31,0.0,0.1,0.0
2005-06-01,0.0,0.0,0.0
2005-06-02,0.0,0.1,0.0
2005-06-03,0.0,0.1,0.0
2005-06-04,0.0,25.6,64.4
2005-06-05,196.0,1.2,0.0
2005-06-06,16.0,2.0,0.0
2005-06-07,0.0,16.2,27.5
2005-06-08,9.0,2.7,0.0
2005-06-09,0.0,0.4,0.0
2005-06-10,0.0,0.6,0.0
2005-06-11,0.0,4.9,1.4
2005-06-12,30.0,6.9,6.1
2005-06-13,2.0,0.9,0.0
2005-06-14,20.0,15.4,40.1
2005-06-15,12.0,9.2,11.8
2005-06-16,7.0,1.7,0.0
2005-06-17,0.0,1.5,0.0
2005-06-18,0.0,7.1,6.6
2005-06-19,43.0,18.6,53.7
2005-06-20,30.0,0.4,0.0
2005-06-21,0.0,0.3,0.0
2005-06-22,0.0,0.1,0.0
2005-06-23,0.0,0.1,0.0
2005-06-24,0.0,0.1,0.0
2005-06-25,0.0,2.1,0.0
2005-06-26,0.0,2.3,0.0
2005-06-27,3.0,3.0,0.0
2005-06-28,0.0,22.7,62.3
2005-06-29,2.0,3.2,0.0
2005-06-30,8.0,2.1,0.0
2005-07-02,0.0,11.4,12.8
2005-07-03,3.0,31.5,86.2
2005-07-04,48.0,4.4,0.0
2005-07-05,28.0,0.9,0.0
2005-07-06,0.0,0.4,0.0
2005-07-07,0.0,2.0,0.0
2005-07-08,0.0,1.8,0.0
2005-07-09,0.0,12.9,18.4
2005-07-10,43.0,8.4,11.2
2005-07-11,20.0,22.0,51.8
2005-07-12,222.0,0.2,0.0
2005-07-13,0.0,0.8,0.0
2005-07-14,5.0,87.5,219.8
2005-07-15,84.0,3.4,0.0
2005-07-17,0.0,0.1,0.0
2005-07-18,0.0,4.6,1.0
2005-07-19,1.0,11.9,9.2
2005-07-20,2.0,12.1,15.3
2005-07-21,130.0,4.1,1.0
2005-07-22,3.0,4.3,1.0
2005-07-23,0.0,1.6,0.0
2005-07-24,0.0,4.0,0.0
2005-07-25,7.0,22.9,69.5
2005-07-26,47.0,7.9,8.3
2005-07-27,0.0,0.0,0.0
2005-07-28,0.0,1.4,0.0
2005-07-29,0.0,5.6,2.9
2005-07-30,19.0,3.4,0.0
2005-07-31,0.0,2.3,0.0
2005-08-01,0.0,0.0,0.0
2005-08-02,0.0,2.2,0.0
2005-08-03,0.0,1.8,0.0
2005-08-04,0.0,0.8,0.0
2005-08-05,0.0,5.0,3.3
2005-08-06,0.0,0.9,0.0
2005-08-07,4.0,6.4,6.6
2005-08-08,4.0,3.5,1.0
2005-08-09,19.0,4.1,1.5
2005-08-10,4.0,0.8,0.0
2005-08-11,0.0,12.4,17.7
2005-08-12,3.0,15.2,17.8
2005-08-14,0.0,3.4,0.0
2005-08-15,0.0,0.2,0.0
2005-08-16,0.0,12.9,19.1
2005-08-17,31.0,26.1,64.5
2005-08-18,75.0,20.7,42.4
2005-08-19,2.0,4.2,0.0
2005-08-20,64.0,64.8,191.5
2005-08-21,110.0,7.2,2.7
2005-08-22,0.0,15.7,22.0
2005-08-23,0.0,0.4,0.0
2005-08-24,0.0,50.1,144.0
2005-08-25,96.0,23.8,60.0
2005-08-26,19.0,51.5,145.1
2005-08-27,172.0,2.3,0.0
2005-08-28,51.0,0.7,0.0
2005-08-29,0.0,8.3,5.1
2005-08-30,0.0,0.5,0.0
2005-08-31,0.0,3.7,0.0
2005-09-01,0.0,75.0,91.0
2005-09-02,305.0,14.5,17.9
2005-09-03,20.0,14.5,17.8
2005-09-04,0.0,3.5,0.0
2005-09-05,1.0,0.3,0.0
2005-09-06,0.0,0.3,0.0
2005-09-07,2.0,4.5,1.0
2005-09-08,0.0,1.5,0.0
2005-09-09,0.0,0.0,0.0
2005-09-10,0.0,3.7,0.0
2005-09-11,0.0,0.3,0.0
2005-09-12,0.0,4.5,0.0
2005-09-13,18.0,1.8,0.0
2005-09-14,0.0,6.5,1.1
2005-09-15,0.0,10.4,9.1
2005-09-16,1.0,17.2,27.8
2005-09-17,12.0,0.9,0.0
2005-09-18,0.0,0.0,0.0
2005-09-19,0.0,1.4,0.0
2005-09-20,0.0,3.3,0.0
2005-09-21,0.0,1.2,0.0
2005-09-22,0.0,0.0,0.0
2005-09-23,0.0,36.2,100.0
2005-09-24,70.0,23.3,61.7
2005-09-25,195.0,9.7,8.3
2005-09-26,29.0,11.1,11.7
2005-09-27,2.0,0.0,0.0
2005-09-28,0.0,3.5,0.0
2005-09-29,0.0,15.4,22.1
2005-09-30,22.0,3.7,0.0
2005-10-01,30.0,4.0,0.0
2005-10-02,24.0,29.7,86.1
2005-10-03,194.0,25.6,70.8
2005-10-04,62.0,9.1,9.9
2005-10-05,26.0,9.6,11.2
2005-10-06,5.0,23.6,61.3
2005-10-07,18.0,16.6,29.4
2005-10-08,62.0,5.1,1.3
2005-10-09,3.0,15.6,26.3
2005-10-11,5.0,1.6,0.0
2005-10-12,3.0,3.1,0.0
2005-10-13,0.0,29.6,70.2
2005-10-14,57.0,0.5,0.0
2005-10-15,0.0,4.2,1.0
2005-10-16,19.0,1.8,0.0
2005-10-17,1.0,10.6,9.2
2005-10-18,3.0,6.8,3.4
2005-10-19,0.0,36.9,84.1
2005-10-20,192.0,42.6,98.2
2005-10-21,60.0,1.5,0.0
2005-10-22,6.0,25.2,34.3
2005-10-23,25.0,5.2,0.0
2005-10-24,0.0,32.4,47.0
2005-10-25,34.0,29.0,42.7
2005-10-26,30.0,19.2,18.1
2005-10-27,4.0,4.8,0.0
2005-10-28,0.0,6.7,1.1
2005-10-29,0.0,2.2,0.0
2005-10-30,0.0,49.7,80.9
2005-10-31,174.0,13.8,10.5
2005-11-01,8.0,18.6,16.9
2005-11-02,53.0,29.9,42.1
2005-11-03,142.0,24.4,24.1
2005-11-04,40.0,0.6,0.0
2005-11-05,3.0,1.3,0.0
2005-11-06,0.0,1.1,0.0
2005-11-07,0.0,1.9,0.0
2005-11-08,0.0,35.2,42.9
2005-11-09,19.0,0.8,0.0
2005-11-10,0.0,55.4,71.7
2005-11-11,46.0,2.8,0.0
2005-11-12,17.0,1.4,0.0
2005-11-13,0.0,4.4,0.0
2005-11-14,0.0,2.8,0.0
2005-11-15,7.0,32.1,58.4
2005-11-16,5.0,15.6,13.6
2005-11-17,3.0,13.4,9.9
2005-11-18,13.0,29.2,53.9
2005-11-19,19.0,5.1,0.0
2005-11-20,12.0,8.7,2.8
2005-11-21,36.0,13.7,11.5
2005-11-22,23.0,18.8,19.8
2005-11-23,8.0,12.4,9.6
2005-11-24,2.0,1.3,0.0
2005-11-25,0.0,1.3,0.0
2005-11-26,0.0,4.5,0.0
2005-11-27,14.0,3.9,0.0
2005-11-28,0.0,5.7,1.0
2005-11-29,0.0,8.2,3.5
2005-11-30,82.0,6.1,1.0
2005-12-01,119.0,4.9,0.0
2005-12-02,2.0,11.7,8.7
2005-12-03,9.0,0.9,0.0
2005-12-04,0.0,5.1,0.0
2005-12-05,0.0,14.3,13.0
2005-12-06,2.0,0.5,0.0
2005-12-07,0.0,2.1,0.0
2005-12-08,0.0,5.5,0.0
2005-12-09,0.0,6.3,1.0
2005-12-10,7.0,5.8,1.0
2005-12-11,13.0,69.2,98.4
2005-12-12,37.0,5.0,0.0
2005-12-13,9.0,9.8,5.8
2005-12-14,21.0,9.1,5.0
2005-12-15,37.0,2.6,0.0
2005-12-16,32.0,1.4,0.0
2005-12-17,3.0,0.2,0.0
2005-12-18,1.0,3.8,0.0
2005-12-19,0.0,1.4,0.0
2005-12-20,0.0,5.8,1.0
2005-12-21,9.0,8.8,5.7
2005-12-22,10.0,10.3,7.6
2005-12-23,14.0,2.8,0.0
2005-12-24,0.0,6.7,2.9
2005-12-25,3.0,7.6,4.1
2005-12-26,0.0,3.7,0.0
2005-12-27,0.0,22.2,23.3
2005-12-28,5.0,0.9,0.0
2005-12-29,3.0,48.3,79.2
2005-12-30,52.0,13.2,11.5
2005-12-31,3.0,2.4,0.0
2006-01-01,3.0,2.3,0.0
2006-01-02,1.0,14.0,13.1
2006-01-03,0.0,5.9,1.0
2006-01-04,30.0,0.1,0.0
2006-01-05,0.0,7.8,2.6
2006-01-06,0.0,2.8,0.0
2006-01-07,7.0,19.6,50.4
2006-01-08,0.0,36.1,84.4
2006-01-09,96.0,6.1,1.0
2006-01-10,15.0,16.5,21.1
2006-01-11,1.0,10.8,6.5
2006-01-12,7.0,1.7,0.0
2006-01-13,19.0,3.1,0.0
2006-01-15,2.0,16.8,14.7
2006-01-16,44.0,73.6,79.2
2006-01-17,4.0,5.5,1.0
2006-01-18,42.0,19.8,19.8
2006-01-19,32.0,29.9,43.3
2006-01-20,14.0,2.0,0.0
2006-01-21,13.0,17.4,19.6
2006-01-22,21.0,10.6,6.9
2006-01-23,39.0,4.6,0.0
2006-01-24,20.0,3.6,0.0
2006-01-25,1.0,1.6,0.0
2006-01-26,0.0,1.7,0.0
2006-01-27,0.0,1.2,0.0
2006-01-28,0.0,0.0,0.0
2006-01-29,0.0,0.0,0.0
2006-01-30,0.0,0.0,0.0
2006-01-31,0.0,0.5,0.0
2006-02-01,0.0,0.0,0.0
2006-02-02,2.0,0.0,0.0
2006-02-03,0.0,0.1,0.0
2006-02-04,0.0,2.7,0.0
2006-02-05,0.0,4.7,0.0
2006-02-06,4.0,0.3,0.0
2006-02-07,34.0,0.5,0.0
2006-02-08,0.0,0.4,0.0
2006-02-09,0.0,1.0,0.0
2006-02-10,0.0,24.5,44.0
2006-02-11,3.0,1.6,0.0
2006-02-12,41.0,2.4,0.0
2006-02-13,2.0,0.5,0.0
2006-02-14,0.0,13.9,17.5
2006-02-15,0.0,5.9,1.2
2006-02-16,41.0,0.7,0.0
2006-02-17,0.0,9.7,7.5
2006-02-18,0.0,4.6,0.0
2006-02-19,12.0,42.3,94.9
2006-02-20,0.0,0.9,0.0
2006-02-21,4.0,17.8,25.3
2006-02-22,0.0,6.7,4.9
2006-02-23,11.0,64.6,155.3
2006-02-24,11.0,40.3,86.3
2006-02-25,164.0,15.8,23.3
2006-02-26,37.0,0.2,0.0
2006-02-27,123.0,0.8,0.0
2006-02-28,0.0,0.4,0.0
2006-03-01,0.0,0.6,0.0
2006-03-02,0.0,1.4,0.0
2006-03-03,0.0,0.2,0.0
2006-03-04,0.0,0.2,0.0
2006-03-05,0.0,2.2,0.0
2006-03-06,0.0,0.9,0.0
2006-03-07,0.0,0.1,0.0
2006-03-08,0.0,0.4,0.0
2006-03-09,0.0,28.8,59.8
2006-03-10,1.0,0.8,0.0
2006-03-11,0.0,0.2,0.0
2006-03-12,0.0,8.3,5.4
2006-03-13,17.0,3.9,0.0
2006-03-14,0.0,1.8,0.0
2006-03-15,0.0,30.9,76.3
2006-03-16,2.0,29.6,70.2
2006-03-17,23.0,19.1,26.1
2006-03-18,50.0,31.2,79.3
2006-03-19,47.0,13.5,15.4
2006-03-20,1.0,0.8,0.0
2006-03-21,0.0,46.1,82.3
2006-03-22,18.0,80.0,191.1
2006-03-23,289.0,68.7,156.1
2006-03-24,131.0,15.6,13.2
2006-03-25,36.0,9.2,3.9
2006-03-26,11.0,77.9,184.6
2006-03-27,140.0,29.8,41.8
2006-03-28,16.0,2.2,0.0
2006-03-29,0.0,1.0,0.0
2006-03-30,0.0,4.3,0.0
2006-03-31,0.0,8.4,2.8
2006-04-01,6.0,14.8,14.8
2006-04-02,7.0,0.6,0.0
2006-04-03,0.0,3.4,0.0
2006-04-04,0.0,1.0,0.0
2006-04-05,0.0,0.0,0.0
2006-04-06,0.0,8.9,6.2
2006-04-07,10.0,0.5,0.0
2006-04-08,0.0,12.1,10.8
2006-04-09,51.0,2.1,0.0
2006-04-10,0.0,15.8,16.2
2006-04-11,1.0,3.7,0.0
2006-04-12,0.0,12.7,11.4
2006-04-13,3.0,17.9,20.8
2006-04-14,3.0,10.9,8.5
2006-04-16,6.0,9.0,5.7
2006-04-17,15.0,0.9,0.0
2006-04-18,0.0,0.2,0.0
2006-04-19,0.0,5.2,1.0
2006-04-20,0.0,19.0,20.6
2006-04-21,6.0,32.2,50.3
2006-04-22,61.0,1.5,0.0
2006-04-23,31.0,2.2,0.0
2006-04-24,5.0,0.4,0.0
2006-04-25,2.0,0.3,0.0
2006-04-26,4.0,13.6,9.5
2006-04-27,6.0,0.6,0.0
2006-04-28,0.0,7.7,1.8
2006-04-29,0.0,6.0,1.0
2006-04-30,1.0,0.2,0.0
2006-05-01,0.0,0.0,0.0
2006-05-02,0.0,0.3,0.0
2006-05-03,0.0,0.1,0.0
2006-05-04,0.0,1.3,0.0
2006-05-05,0.0,4.1,0.0
2006-05-06,23.0,9.9,6.3
2006-05-07,0.0,0.0,0.0
2006-05-08,0.0,2.5,0.0
2006-05-09,4.0,0.4,0.0
2006-05-10,0.0,0.3,0.0
2006-05-11,0.0,0.3,0.0
2006-05-12,0.0,0.1,0.0
2006-05-13,0.0,0.1,0.0
2006-05-14,0.0,0.6,0.0
2006-05-15,0.0,4.1,0.0
2006-05-16,0.0,0.0,0.0
2006-05-17,0.0,0.8,0.0
2006-05-18,0.0,2.0,0.0
2006-05-19,0.0,0.3,0.0
2006-05-20,13.0,8.1,5.0
2006-05-21,0.0,1.6,0.0
2006-05-22,4.0,17.4,20.9
2006-05-23,2.0,7.2,3.8
2006-05-24,15.0,18.6,29.5
2006-05-25,2.0,0.3,0.0
2006-05-26,1.0,7.2,3.8
2006-05-27,16.0,20.6,36.0
2006-05-28,0.0,6.0,1.9
2006-05-29,0.0,0.1,0.0
2006-05-30,0.0,0.0,0.0
2006-05-31,0.0,0.4,0.0
2006-06-02,0.0,1.3,0.0
2006-06-03,0.0,0.9,0.0
2006-06-04,0.0,0.4,0.0
2006-06-05,62.0,20.5,44.1
2006-06-06,17.0,18.8,40.6
2006-06-07,0.0,2.9,0.0
2006-06-08,0.0,3.9,0.0
2006-06-09,0.0,2.7,0.0
2006-06-10,0.0,6.6,3.3
2006-06-11,0.0,0.9,0.0
2006-06-12,0.0,1.2,0.0
2006-06-13,0.0,3.0,0.0
2006-06-14,0.0,0.0,0.0
2006-06-15,0.0,0.6,0.0
2006-06-16,16.0,19.8,50.0
2006-06-17,0.0,0.9,0.0
2006-06-18,25.0,22.3,63.8
2006-06-19,55.0,52.2,203.7
2006-06-20,0.0,5.4,2.5
2006-06-21,0.0,0.3,0.0
2006-06-22,10.0,3.6,0.0
2006-06-23,66.0,68.6,113.7
2006-06-24,1.0,6.0,3.9
2006-06-25,0.0,2.1,0.0
2006-06-26,0.0,0.0,0.0
2006-06-27,0.0,0.7,0.0
2006-06-28,0.0,0.7,0.0
2006-06-29,0.0,0.0,0.0
2006-06-30,0.0,0.2,0.0
2006-07-01,0.0,0.0,0.0
2006-07-02,0.0,0.1,0.0
2006-07-03,0.0,0.0,0.0
2006-07-04,0.0,0.6,0.0
2006-07-05,5.0,0.1,0.0
2006-07-06,0.0,0.7,0.0
2006-07-07,0.0,0.0,0.0
2006-07-08,10.0,2.1,0.0
2006-07-09,150.0,63.4,155.8
2006-07-10,3.0,6.0,2.3
2006-07-11,68.0,23.3,49.9
2006-07-12,8.0,2.1,0.0
2006-07-13,7.0,2.6,0.0
2006-07-14,0.0,2.6,0.0
2006-07-15,0.0,0.1,0.0
2006-07-16,1.0,0.3,0.0
2006-07-17,0.0,0.6,0.0
2006-07-18,0.0,0.2,0.0
2006-07-19,0.0,2.0,0.0
2006-07-20,0.0,0.0,0.0
2006-07-21,0.0,0.0,0.0
2006-07-22,0.0,0.1,0.0
2006-07-23,0.0,2.9,0.0
2006-07-25,0.0,12.2,34.9
2006-07-26,11.0,1.7,0.0
2006-07-27,0.0,4.2,1.0
2006-07-28,44.0,13.4,41.8
2006-07-29,152.0,4.2,1.0
2006-07-30,3.0,12.3,34.5
2006-07-31,0.0,8.9,10.9
2006-08-01,0.0,0.1,0.0
2006-08-02,0.0,0.8,0.0
2006-08-03,0.0,0.1,0.0
2006-08-04,0.0,0.0,0.0
2006-08-05,0.0,0.6,0.0
2006-08-06,0.0,1.7,0.0
2006-08-07,25.0,16.1,49.2
2006-08-08,1.0,7.7,10.0
2006-08-09,0.0,2.6,0.0
2006-08-10,0.0,6.0,5.7
2006-08-11,0.0,0.1,0.0
2006-08-12,0.0,0.0,0.0
2006-08-13,0.0,6.7,2.1
2006-08-14,0.0,1.4,0.0
2006-08-15,0.0,1.2,0.0
2006-08-16,0.0,2.5,0.0
2006-08-17,0.0,0.0,0.0
2006-08-18,30.0,17.3,42.2
2006-08-19,3.0,0.3,0.0
2006-08-20,0.0,1.6,0.0
2006-08-21,0.0,0.3,0.0
2006-08-22,0.0,0.0,0.0
2006-08-23,0.0,0.0,0.0
2006-08-24,0.0,0.0,0.0
2006-08-25,136.0,3.9,0.0
2006-08-26,0.0,1.2,0.0
2006-08-27,10.0,19.2,40.1
2006-08-28,0.0,5.8,1.0
2006-08-29,77.0,34.9,109.0
2006-08-30,1.0,6.6,1.7
2006-08-31,15.0,18.9,32.9
2006-09-01,0.0,0.6,0.0
2006-09-02,6.0,0.9,0.0
2006-09-03,0.0,23.1,46.2
2006-09-04,4.0,10.8,11.3
2006-09-05,5.0,19.1,28.4
2006-09-06,3.0,1.8,0.0
2006-09-07,0.0,0.8,0.0
2006-09-08,2.0,1.1,0.0
2006-09-09,46.0,1.9,0.0
2006-09-10,0.0,0.7,0.0
2006-09-11,0.0,0.0,0.0
2006-09-12,0.0,0.0,0.0
2006-09-13,1.0,6.4,1.0
2006-09-14,174.0,26.5,65.7
2006-09-15,4.0,11.3,11.1
2006-09-16,25.0,13.0,14.9
2006-09-17,0.0,6.6,1.2
2006-09-18,1.0,17.9,38.0
2006-09-19,0.0,0.0,0.0
2006-09-20,0.0,0.0,0.0
2006-09-21,17.0,10.2,9.5
2006-09-22,0.0,2.6,0.0
2006-09-23,0.0,1.4,0.0
2006-09-24,0.0,2.8,0.0
2006-09-25,0.0,0.1,0.0
2006-09-26,0.0,0.3,0.0
2006-09-27,0.0,1.0,0.0
2006-09-28,0.0,0.0,0.0
2006-09-29,0.0,0.6,0.0
2006-09-30,0.0,0.0,0.0
2006-10-01,0.0,0.8,0.0
2006-10-02,0.0,3.9,0.0
2006-10-03,0.0,0.1,0.0
2006-10-04,0.0,0.0,0.0
2006-10-05,0.0,0.0,0.0
2006-10-06,21.0,5.2,1.6
2006-10-07,0.0,0.2,0.0
2006-10-08,0.0,0.2,0.0
2006-10-09,0.0,0.4,0.0
2006-10-10,0.0,0.5,0.0
2006-10-11,0.0,0.0,0.0
2006-10-12,6.0,0.0,0.0
2006-10-13,0.0,0.0,0.0
2006-10-14,14.0,10.4,8.9
2006-10-15,3.0,12.9,12.9
2006-10-16,3.0,0.0,0.0
2006-10-18,0.0,0.0,0.0
2006-10-19,0.0,0.0,0.0
2006-10-20,0.0,1.2,0.0
2006-10-21,1.0,4.2,0.0
2006-10-22,5.0,0.6,0.0
2006-10-23,2.0,0.5,0.0
2006-10-24,1.0,2.3,0.0
2006-10-25,0.0,0.8,0.0
2006-10-26,4.0,1.6,0.0
2006-10-27,5.0,1.9,0.0
2006-10-28,3.0,4.0,0.0
2006-10-29,1.0,2.2,0.0
2006-10-30,0.0,20.4,21.0
2006-10-31,0.0,13.6,10.2
2006-11-01,1.0,0.7,0.0
2006-11-02,2.0,5.2,1.0
2006-11-03,0.0,3.0,0.0
2006-11-04,1.0,0.1,0.0
2006-11-05,0.0,0.3,0.0
2006-11-06,0.0,11.6,8.1
2006-11-07,5.0,10.9,7.2
2006-11-08,10.0,8.4,4.2
2006-11-09,11.0,1.3,0.0
2006-11-10,4.0,8.9,4.8
2006-11-11,0.0,1.5,0.0
2006-11-13,42.0,39.6,78.9
2006-11-14,5.0,13.5,10.0
2006-11-15,0.0,6.7,1.0
2006-11-16,0.0,1.7,0.0
2006-11-17,12.0,0.2,0.0
2006-11-18,1.0,0.2,0.0
2006-11-19,3.0,2.2,0.0
2006-11-21,0.0,2.8,0.0
2006-11-22,3.0,11.8,8.6
2006-11-23,85.0,61.1,104.8
2006-11-24,6.0,22.0,25.1
2006-11-25,9.0,3.1,0.0
2006-11-26,19.0,34.2,52.4
2006-11-27,55.0,95.7,162.5
2006-11-29,17.0,19.4,20.6
2006-11-30,7.0,15.3,14.1
2006-12-01,16.0,64.8,148.2
2006-12-02,131.0,72.7,177.2
2006-12-03,0.0,2.5,0.0
2006-12-04,11.0,6.7,1.3
2006-12-05,0.0,0.5,0.0
2006-12-07,11.0,33.3,54.8
2006-12-08,0.0,15.0,14.1
2006-12-09,0.0,1.5,0.0
2006-12-10,28.0,44.2,81.3
2006-12-11,19.0,28.1,37.3
2006-12-12,7.0,11.2,7.6
2006-12-13,31.0,33.0,45.2
2006-12-14,1.0,19.7,18.8
2006-12-15,1.0,8.8,4.5
2006-12-16,0.0,0.4,0.0
2006-12-17,21.0,9.8,5.8
2006-12-18,21.0,3.1,0.0
2006-12-19,32.0,6.5,1.7
2006-12-20,0.0,1.4,0.0
2006-12-21,0.0,3.0,0.0
2006-12-22,1.0,11.4,9.2
2006-12-23,0.0,3.3,0.0
2006-12-24,0.0,0.6,0.0
2006-12-25,83.0,39.7,62.6
2006-12-27,8.0,45.5,70.5
2006-12-28,50.0,67.0,112.5
2006-12-29,0.0,12.9,11.1
2006-12-30,0.0,3.4,0.0
2006-12-31,42.0,16.0,15.3
2007-01-01,136.0,64.9,111.7
2007-01-02,50.0,18.0,44.3
2007-01-03,119.0,47.5,100.3
2007-01-04,23.0,4.5,0.0
2007-01-05,6.0,6.5,1.0
2007-01-06,0.0,0.3,0.0
2007-01-07,4.0,3.3,0.0
2007-01-08,0.0,1.7,0.0
2007-01-09,0.0,2.8,0.0
2007-01-10,74.0,67.4,108.1
2007-01-11,30.0,35.3,52.6
2007-01-12,0.0,3.4,0.0
2007-01-13,5.0,5.9,1.0
2007-01-14,11.0,62.5,70.8
2007-01-15,0.0,0.2,0.0
2007-01-16,0.0,0.2,0.0
2007-01-17,84.0,69.1,78.4
2007-01-18,6.0,12.5,8.9
2007-01-19,0.0,0.1,0.0
2007-01-20,47.0,36.4,56.7
2007-01-21,50.0,19.4,22.7
2007-01-22,186.0,129.3,196.5
2007-01-23,0.0,5.0,0.0
2007-01-24,1.0,21.7,34.7
2007-01-25,2.0,20.9,33.1
2007-01-26,0.0,0.7,0.0
2007-01-27,0.0,0.5,0.0
2007-01-28,0.0,13.8,12.5
2007-01-29,0.0,0.3,0.0
2007-01-30,0.0,0.0,0.0
2007-01-31,0.0,0.0,0.0
2007-02-01,0.0,0.0,0.0
2007-02-03,5.0,6.0,0.0
2007-02-04,0.0,0.3,0.0
2007-02-05,0.0,0.1,0.0
2007-02-06,0.0,0.0,0.0
2007-02-07,0.0,0.0,0.0
2007-02-08,0.0,0.0,0.0
2007-02-09,0.0,0.0,0.0
2007-02-10,0.0,0.0,0.0
2007-02-11,0.0,0.0,0.0
2007-02-14,32.0,58.6,140.2
2007-02-15,5.0,3.8,0.0
2007-02-17,21.0,5.4,1.0
2007-02-18,52.0,41.4,94.6
2007-02-19,3.0,12.4,12.4
2007-02-21,0.0,19.1,42.7
2007-02-22,0.0,2.1,0.0
2007-02-23,0.0,6.2,4.0
2007-02-24,7.0,12.0,15.5
2007-02-25,21.0,9.6,10.6
2007-02-26,25.0,20.5,42.9
2007-02-27,0.0,7.8,7.0
2007-02-28,10.0,16.9,32.3
2007-03-01,0.0,7.6,3.0
2007-03-02,0.0,2.5,0.0
2007-03-03,1.0,7.5,2.8
2007-03-04,0.0,0.7,0.0
2007-03-05,0.0,1.0,0.0
2007-03-06,0.0,6.3,1.1
2007-03-07,0.0,4.6,0.0
2007-03-08,0.0,0.0,0.0
2007-03-09,0.0,1.3,0.0
2007-03-10,0.0,0.8,0.0
2007-03-11,9.0,0.3,0.0
2007-03-12,92.0,21.6,42.3
2007-03-13,22.0,14.1,16.6
2007-03-14,61.0,4.2,0.0
2007-03-15,14.0,7.1,3.4
2007-03-16,6.0,15.0,18.5
2007-03-18,13.0,21.5,41.5
2007-03-19,105.0,58.8,132.1
2007-03-20,12.0,5.8,1.5
2007-03-21,10.0,19.9,19.1
2007-03-22,0.0,1.4,0.0
2007-03-23,0.0,2.2,0.0
2007-03-24,12.0,0.7,0.0
2007-03-25,21.0,6.4,1.0
2007-03-26,0.0,6.0,1.0
2007-03-27,0.0,0.7,0.0
2007-03-28,4.0,12.6,8.6
2007-03-29,0.0,9.0,3.6
2007-03-30,0.0,2.7,0.0
2007-03-31,1.0,15.0,12.3
2007-04-02,24.0,30.4,43.6
2007-04-03,7.0,35.0,48.4
2007-04-04,7.0,1.7,0.0
2007-04-05,0.0,3.0,0.0
2007-04-06,0.0,0.5,0.0
2007-04-07,0.0,0.5,0.0
2007-04-08,19.0,60.5,124.0
2007-04-09,0.0,10.9,9.0
2007-04-11,1.0,9.5,6.4
2007-04-12,24.0,7.6,3.6
2007-04-13,20.0,24.0,39.9
2007-04-15,0.0,8.6,5.1
2007-04-17,5.0,23.4,36.0
2007-04-18,42.0,15.9,16.5
2007-04-19,0.0,4.1,0.0
2007-04-20,4.0,0.3,0.0
2007-04-21,62.0,7.4,1.6
2007-04-23,33.0,33.6,54.6
2007-04-24,0.0,4.8,0.0
2007-04-26,0.0,4.1,0.0
2007-04-27,0.0,3.9,0.0
2007-04-28,7.0,13.6,9.6
2007-04-29,8.0,13.0,8.7
2007-04-30,18.0,5.2,0.0
2007-05-01,0.0,1.2,0.0
2007-05-02,2.0,10.7,7.4
2007-05-03,13.0,11.9,9.0
2007-05-04,6.0,3.3,0.0
2007-05-05,0.0,1.2,0.0
2007-05-06,0.0,0.0,0.0
2007-05-07,0.0,0.3,0.0
2007-05-08,0.0,0.6,0.0
2007-05-09,0.0,5.4,1.0
2007-05-10,0.0,6.9,2.4
2007-05-11,0.0,2.5,0.0
2007-05-12,0.0,0.7,0.0
2007-05-13,11.0,50.8,119.0
2007-05-14,8.0,17.7,20.7
2007-05-15,0.0,0.7,0.0
2007-05-16,3.0,0.3,0.0
2007-05-17,3.0,3.3,0.0
2007-05-18,0.0,0.4,0.0
2007-05-19,0.0,3.1,0.0
2007-05-20,2.0,8.0,4.8
2007-05-21,0.0,2.7,0.0
2007-05-22,0.0,0.5,0.0
2007-05-23,0.0,0.1,0.0
2007-05-24,0.0,0.6,0.0
2007-05-25,3.0,3.3,0.0
2007-05-26,4.0,10.1,8.6
2007-05-27,0.0,0.2,0.0
2007-05-28,10.0,12.8,12.9
2007-05-29,4.0,3.8,0.0
2007-05-30,3.0,0.7,0.0
2007-05-31,1.0,0.5,0.0
2007-06-01,1.0,11.7,14.5
2007-06-02,0.0,2.6,0.0
2007-06-03,30.0,16.5,26.6
2007-06-04,2.0,16.4,29.7
2007-06-05,3.0,9.4,9.3
2007-06-06,6.0,18.3,41.0
2007-06-07,5.0,12.3,15.7
2007-06-08,0.0,3.9,0.0
2007-06-09,3.0,0.2,0.0
2007-06-10,50.0,9.0,8.4
2007-06-11,18.0,5.7,3.2
2007-06-12,0.0,1.5,0.0
2007-06-13,0.0,3.9,0.0
2007-06-14,41.0,14.1,33.9
2007-06-15,7.0,1.6,0.0
2007-06-16,147.0,51.6,215.1
2007-06-17,35.0,12.0,20.0
2007-06-18,30.0,7.1,6.6
2007-06-19,32.0,11.0,17.2
2007-06-20,0.0,0.1,0.0
2007-06-21,0.0,0.2,0.0
2007-06-22,15.0,11.4,17.8
2007-06-23,1.0,1.6,0.0
2007-06-24,0.0,1.7,0.0
2007-06-25,0.0,0.3,0.0
2007-06-26,0.0,0.0,0.0
2007-06-27,0.0,0.5,0.0
2007-06-28,0.0,0.3,0.0
2007-06-29,0.0,4.8,1.5
2007-06-30,0.0,0.1,0.0
2007-07-01,0.0,0.9,0.0
2007-07-02,0.0,0.1,0.0
2007-07-03,0.0,0.6,0.0
2007-07-04,0.0,0.2,0.0
2007-07-05,0.0,0.6,0.0
2007-07-06,0.0,5.4,1.1
2007-07-07,0.0,0.3,0.0
2007-07-08,38.0,32.3,86.3
2007-07-09,0.0,4.6,0.0
2007-07-10,2.0,1.9,0.0
2007-07-11,0.0,5.3,1.0
2007-07-12,0.0,0.0,0.0
2007-07-13,0.0,0.0,0.0
2007-07-14,0.0,0.1,0.0
2007-07-15,0.0,3.6,0.0
2007-07-16,0.0,1.3,0.0
2007-07-17,34.0,3.2,0.0
2007-07-18,20.0,27.6,60.6
2007-07-19,0.0,0.0,0.0
2007-07-20,12.0,15.7,24.0
2007-07-21,10.0,7.0,12.6
2007-07-22,37.0,32.2,103.0
2007-07-23,0.0,5.1,1.7
2007-07-24,1.0,16.6,47.0
2007-07-25,0.0,0.9,0.0
2007-07-26,69.0,26.9,87.9
2007-07-27,1.0,2.8,0.0
2007-07-28,0.0,0.3,0.0
2007-07-29,0.0,0.0,0.0
2007-07-30,6.0,2.0,0.0
2007-07-31,0.0,2.7,0.0
2007-08-01,2.0,1.9,0.0
2007-08-02,0.0,0.0,0.0
2007-08-03,0.0,0.4,0.0
2007-08-04,0.0,0.0,0.0
2007-08-05,0.0,0.3,0.0
2007-08-06,0.0,0.6,0.0
2007-08-07,40.0,0.0,0.0
2007-08-08,7.0,3.7,1.0
2007-08-10,0.0,1.2,0.0
2007-08-11,23.0,0.1,0.0
2007-08-12,0.0,0.6,0.0
2007-08-13,40.0,9.3,6.8
2007-08-15,1.0,0.6,0.0
2007-08-16,0.0,1.0,0.0
2007-08-17,17.0,4.8,0.0
2007-08-19,20.0,10.8,9.8
2007-08-20,5.0,5.9,1.0
2007-08-21,5.0,3.1,0.0
2007-08-22,0.0,1.3,0.0
2007-08-23,2.0,7.8,4.0
2007-08-24,0.0,1.7,0.0
2007-08-25,16.0,4.2,0.0
2007-08-26,0.0,0.0,0.0
2007-08-28,35.0,10.2,9.5
2007-08-29,26.0,0.6,0.0
2007-08-30,1.0,3.6,0.0
2007-08-31,0.0,0.5,0.0
2007-09-01,0.0,0.2,0.0
2007-09-02,178.0,2.7,0.0
2007-09-03,5.0,21.0,43.0
2007-09-04,0.0,2.1,0.0
2007-09-05,0.0,0.0,0.0
2007-09-06,12.0,5.6,2.4
2007-09-07,63.0,31.5,70.0
2007-09-08,12.0,6.0,3.0
2007-09-09,0.0,0.2,0.0
2007-09-10,0.0,5.9,2.9
2007-09-11,5.0,26.7,64.1
2007-09-12,0.0,1.0,0.0
2007-09-13,3.0,15.3,19.8
2007-09-14,26.0,16.9,25.8
2007-09-15,1.0,8.6,5.2
2007-09-16,9.0,22.6,55.4
2007-09-17,0.0,1.8,0.0
2007-09-18,0.0,0.4,0.0
2007-09-19,0.0,11.7,12.0
2007-09-20,0.0,5.2,0.0
2007-09-21,26.0,16.4,25.8
2007-09-22,0.0,4.1,0.0
2007-09-23,2.0,4.4,0.0
2007-09-24,0.0,6.8,2.3
2007-09-25,1.0,3.1,0.0
2007-09-26,30.0,8.4,5.6
2007-09-27,0.0,4.0,0.0
2007-09-28,0.0,0.4,0.0
2007-09-29,0.0,1.6,0.0
2007-09-30,0.0,4.6,0.0
2007-10-01,69.0,16.4,28.0
2007-10-02,0.0,4.1,0.0
2007-10-03,0.0,0.0,0.0
2007-10-04,0.0,0.2,0.0
2007-10-05,0.0,0.1,0.0
2007-10-06,1.0,2.8,0.0
2007-10-07,44.0,5.1,1.2
2007-10-08,6.0,16.9,30.6
2007-10-09,12.0,10.3,12.8
2007-10-10,10.0,5.4,1.9
2007-10-11,7.0,12.9,13.0
2007-10-12,5.0,10.5,9.1
2007-10-13,12.0,18.8,25.2
2007-10-14,2.0,2.9,0.0
2007-10-15,4.0,7.3,4.1
2007-10-16,2.0,1.9,0.0
2007-10-17,4.0,18.5,23.9
2007-10-18,37.0,24.5,42.5
2007-10-19,64.0,7.1,3.9
2007-10-20,25.0,9.1,6.9
2007-10-21,66.0,40.6,61.8
2007-10-22,42.0,25.4,38.6
2007-10-23,15.0,7.8,2.4
2007-10-24,0.0,1.2,0.0
2007-10-25,0.0,0.3,0.0
2007-10-26,0.0,18.4,17.2
2007-10-27,1.0,15.4,12.8
2007-10-28,11.0,5.9,1.0
2007-10-29,25.0,14.9,12.2
2007-10-30,10.0,7.7,2.3
2007-10-31,0.0,15.7,13.4
2007-11-01,0.0,3.5,0.0
2007-11-02,19.0,22.8,22.1
2007-11-03,0.0,3.8,0.0
2007-11-04,5.0,8.8,4.6
2007-11-05,66.0,21.7,20.8
2007-11-06,4.0,5.4,1.0
2007-11-07,47.0,8.6,4.5
2007-11-08,14.0,12.7,9.5
2007-11-09,83.0,30.5,38.5
2007-11-10,14.0,13.3,10.2
2007-11-11,1.0,2.4,0.0
2007-11-12,0.0,0.0,0.0
2007-11-13,5.0,1.6,0.0
2007-11-14,0.0,0.6,0.0
2007-11-15,0.0,5.1,0.0
2007-11-16,0.0,7.2,1.0
2007-11-17,0.0,7.5,1.3
2007-11-18,0.0,0.8,0.0
2007-11-19,14.0,17.2,16.3
2007-11-20,47.0,11.3,6.5
2007-11-21,0.0,4.5,0.0
2007-11-22,0.0,0.2,0.0
2007-11-23,0.0,0.1,0.0
2007-11-24,0.0,1.0,0.0
2007-11-25,0.0,4.0,0.0
2007-11-26,0.0,2.8,0.0
2007-11-27,4.0,13.8,11.7
2007-11-28,1.0,8.5,3.9
2007-11-29,0.0,0.2,0.0
2007-11-30,0.0,2.1,0.0
2007-12-01,0.0,0.5,0.0
2007-12-02,0.0,0.4,0.0
2007-12-03,0.0,0.3,0.0
2007-12-04,0.0,0.0,0.0
2007-12-05,0.0,0.4,0.0
2007-12-06,14.0,15.9,15.6
2007-12-07,0.0,2.0,0.0
2007-12-08,67.0,24.3,35.9
2007-12-09,23.0,29.7,48.7
2007-12-10,95.0,28.9,46.1
2007-12-11,68.0,14.8,12.3
2007-12-12,3.0,15.0,12.6
2007-12-13,40.0,39.4,53.9
2007-12-14,176.0,48.4,70.7
2007-12-15,3.0,3.3,0.0
2007-12-16,0.0,9.9,5.9
2007-12-17,11.0,24.8,31.3
2007-12-18,0.0,2.0,0.0
2007-12-19,2.0,1.7,0.0
2007-12-20,1.0,10.6,6.8
2007-12-21,0.0,1.5,0.0
2007-12-22,0.0,6.7,3.0
2007-12-23,41.0,12.3,10.3
2007-12-24,107.0,65.4,106.5
2007-12-25,128.0,51.9,81.0
2007-12-26,8.0,1.1,0.0
2007-12-27,2.0,0.6,0.0
2007-12-28,29.0,8.8,5.6
2007-12-29,17.0,4.5,1.0
2007-12-30,0.0,0.3,0.0
2007-12-31,0.0,3.2,0.0
2008-01-01,0.0,5.6,0.0
2008-01-03,1.4,1.5,0.0
2008-01-04,3.0,0.1,0.0
2008-01-05,2.0,0.1,0.0
2008-01-06,0.0,4.5,0.0
2008-01-07,6.0,13.6,12.5
2008-01-08,60.0,6.2,1.0
2008-01-09,0.0,0.6,0.0
2008-01-10,0.0,2.8,0.0
2008-01-11,0.0,0.0,0.0
2008-01-12,2.0,0.9,0.0
2008-01-13,17.0,30.0,42.1
2008-01-14,8.0,6.7,1.4
2008-01-15,0.0,0.0,0.0
2008-01-16,12.0,1.3,0.0
2008-01-17,0.0,0.2,0.0
2008-01-18,19.0,0.5,0.0
2008-01-19,3.0,3.6,0.0
2008-01-20,2.0,0.5,0.0
2008-01-21,2.0,4.2,0.0
2008-01-22,0.0,0.7,0.0
2008-01-23,0.0,0.8,0.0
2008-01-24,1.0,1.3,0.0
2008-01-25,2.0,1.0,0.0
2008-01-26,1.0,0.4,0.0
2008-01-27,1.0,2.7,0.0
2008-01-28,90.0,9.5,5.1
2008-01-29,0.0,3.7,0.0
2008-01-30,34.0,11.7,8.9
2008-01-31,117.0,71.4,192.8
2008-02-01,177.4,4.4,0.0
2008-02-03,0.0,2.4,0.0
2008-02-04,53.7,0.0,0.0
2008-02-05,0.0,2.3,0.0
2008-02-07,0.0,0.4,0.0
2008-02-08,0.0,4.2,0.0
2008-02-09,0.0,6.9,1.0
2008-02-10,1.4,15.5,18.1
2008-02-11,7.2,2.0,0.0
2008-02-12,0.0,0.5,0.0
2008-02-13,0.0,1.1,0.0
2008-02-14,0.0,4.2,0.0
2008-02-15,0.0,4.1,0.0
2008-02-16,0.0,0.5,0.0
2008-02-17,0.0,1.7,0.0
2008-02-19,0.0,1.4,0.0
2008-02-20,17.0,2.9,0.0
2008-02-21,6.7,12.2,15.9
2008-02-22,28.8,2.0,0.0
2008-02-23,0.0,1.0,0.0
2008-02-24,0.0,16.9,28.3
2008-02-25,65.7,14.4,20.5
2008-02-26,20.5,2.9,0.0
2008-02-28,43.5,11.0,13.4
2008-02-29,11.6,5.3,2.3
2008-03-01,1.5,2.8,0.0
2008-03-02,0.0,17.0,25.0
2008-03-03,18.0,4.4,0.0
2008-03-04,0.0,4.1,0.0
2008-03-06,0.1,0.0,0.0
2008-03-07,2.0,14.0,15.2
2008-03-08,0.0,21.7,43.9
2008-03-09,79.5,13.8,14.8
2008-03-10,7.6,21.9,40.8
2008-03-11,24.0,20.6,40.4
2008-03-12,85.7,25.6,60.6
2008-03-13,39.0,3.3,0.0
2008-03-14,1.0,9.4,7.3
2008-03-15,1.7,20.4,38.9
2008-03-16,26.1,4.2,0.0
2008-03-18,98.2,3.1,0.0
2008-03-19,24.5,3.3,0.0
2008-03-20,0.8,0.4,0.0
2008-03-22,44.8,40.2,67.2
2008-03-23,23.8,0.1,0.0
2008-03-24,0.0,1.7,0.0
2008-03-25,1.3,0.2,0.0
2008-03-26,22.2,0.0,0.0
2008-03-27,0.0,0.1,0.0
2008-03-28,0.0,0.2,0.0
2008-03-29,0.0,0.0,0.0
2008-03-30,0.0,2.1,0.0
2008-04-01,0.0,1.2,0.0
2008-04-02,0.0,2.6,0.0
2008-04-03,0.2,10.4,8.4
2008-04-04,2.5,0.7,0.0
2008-04-05,0.0,11.7,10.2
2008-04-06,0.0,0.0,0.0
2008-04-07,0.0,18.8,18.8
2008-04-08,19.0,26.6,35.8
2008-04-09,61.0,36.4,51.4
2008-04-10,36.0,53.0,92.3
2008-04-11,0.0,7.2,3.2
2008-04-12,0.0,0.6,0.0
2008-04-13,0.0,0.7,0.0
2008-04-14,0.0,4.7,1.0
2008-04-15,0.0,11.0,8.7
2008-04-16,68.0,55.0,111.5
2008-04-17,0.0,7.4,3.4
2008-04-18,56.0,32.1,57.0
2008-04-19,13.0,6.9,2.7
2008-04-20,3.0,6.1,1.7
2008-04-21,109.0,63.5,110.7
2008-04-22,20.0,25.4,29.6
2008-04-23,1.0,0.2,0.0
2008-04-24,34.0,24.6,26.7
2008-04-25,0.0,3.2,0.0
2008-04-26,0.0,0.0,0.0
2008-04-27,0.0,0.3,0.0
2008-04-28,47.0,7.0,1.1
2008-04-29,7.0,1.4,0.0
2008-04-30,0.0,0.4,0.0
2008-05-01,0.0,2.6,0.0
2008-05-02,0.0,0.0,0.0
2008-05-03,0.0,0.0,0.0
2008-05-04,0.0,3.0,0.0
2008-05-05,0.0,1.7,0.0
2008-05-06,0.0,3.4,0.0
2008-05-07,0.0,0.8,0.0
2008-05-08,0.0,0.4,0.0
2008-05-09,0.0,0.8,0.0
2008-05-10,0.0,2.3,0.0
2008-05-11,0.0,0.6,0.0
2008-05-12,0.0,0.1,0.0
2008-05-13,0.0,0.6,0.0
2008-05-14,0.0,0.2,0.0
2008-05-15,0.0,0.0,0.0
2008-05-16,0.0,0.0,0.0
2008-05-17,0.0,0.0,0.0
2008-05-18,0.0,0.0,0.0
2008-05-19,0.0,0.0,0.0
2008-05-20,0.0,0.0,0.0
2008-05-21,0.0,0.4,0.0
2008-05-22,3.0,2.3,0.0
2008-05-23,3.0,0.0,0.0
2008-05-24,54.0,13.5,17.2
2008-05-25,17.0,57.0,127.6
2008-05-26,0.0,0.8,0.0
2008-05-27,0.0,6.3,2.3
2008-05-28,5.0,9.3,7.2
2008-05-29,3.0,3.8,0.0
2008-05-30,30.0,41.4,87.4
2008-05-31,7.0,0.8,0.0
2008-06-01,35.0,12.1,15.3
2008-06-02,66.0,8.3,6.7
2008-06-03,21.0,16.8,34.8
2008-06-04,4.0,3.6,0.0
2008-06-05,119.0,25.8,70.0
2008-06-06,74.0,9.7,9.8
2008-06-07,45.0,50.9,128.8
2008-06-08,0.0,0.8,0.0
2008-06-09,0.0,0.1,0.0
2008-06-10,0.0,0.4,0.0
2008-06-11,0.0,0.6,0.0
2008-06-12,0.0,0.7,0.0
2008-06-13,0.0,1.7,0.0
2008-06-14,0.0,1.6,0.0
2008-06-15,0.0,0.7,0.0
2008-06-16,0.0,3.7,0.0
2008-06-17,0.0,2.4,0.0
2008-06-18,63.0,19.5,49.5
2008-06-19,0.0,3.6,0.0
2008-06-20,0.0,1.4,0.0
2008-06-21,1.0,0.6,0.0
2008-06-22,0.0,0.0,0.0
2008-06-23,0.0,3.4,0.0
2008-06-24,0.0,3.4,0.0
2008-06-25,0.0,1.9,0.0
2008-06-26,0.0,0.4,0.0
2008-06-27,124.0,5.0,2.0
2008-06-28,0.0,0.1,0.0
2008-06-29,52.0,21.3,59.7
2008-06-30,7.0,13.5,21.1
2008-07-01,7.0,0.4,0.0
2008-07-02,0.0,2.5,0.0
2008-07-04,94.0,2.2,0.0
2008-07-06,0.0,0.0,0.0
2008-07-07,0.0,30.2,80.8
2008-07-08,44.1,3.5,0.0
2008-07-09,1.2,2.6,0.0
2008-07-11,17.8,1.5,0.0
2008-07-12,0.0,5.5,1.0
2008-07-13,85.0,5.2,1.0
2008-07-14,5.0,15.2,16.2
2008-07-15,3.0,9.6,6.5
2008-07-16,2.0,16.8,30.6
2008-07-17,164.0,119.5,227.4
2008-07-18,36.0,1.4,0.0
2008-07-19,0.0,3.8,0.0
2008-07-20,56.0,4.7,1.0
2008-07-21,99.0,33.1,115.3
2008-07-22,0.0,2.6,0.0
2008-07-23,0.0,0.0,0.0
2008-07-24,13.0,4.1,1.0
2008-07-25,3.0,11.1,16.2
2008-07-26,0.0,9.1,11.8
2008-07-27,0.0,3.9,0.0
2008-07-28,0.0,0.8,0.0
2008-07-29,0.0,0.7,0.0
2008-07-30,0.0,0.0,0.0
2008-07-31,0.0,0.0,0.0
2008-08-01,0.0,0.3,0.0
2008-08-02,0.0,0.3,0.0
2008-08-03,0.0,0.1,0.0
2008-08-04,0.0,0.5,0.0
2008-08-05,0.0,0.1,0.0
2008-08-06,0.0,0.4,0.0
2008-08-07,9.0,17.0,49.6
2008-08-08,0.0,3.4,1.0
2008-08-09,15.0,2.1,0.0
2008-08-10,6.0,34.4,114.4
2008-08-11,0.0,3.0,0.0
2008-08-12,0.0,7.4,3.3
2008-08-13,0.0,1.2,0.0
2008-08-14,0.0,21.0,45.1
2008-08-15,0.0,1.7,0.0
2008-08-16,0.0,0.3,0.0
2008-08-17,1.0,4.2,0.0
2008-08-18,0.0,1.0,0.0
2008-08-19,3.0,3.3,0.0
2008-08-20,11.0,12.3,16.8
2008-08-21,28.0,68.2,159.7
2008-08-22,2.0,22.8,56.6
2008-08-23,17.0,12.6,15.7
2008-08-24,0.0,16.5,27.1
2008-08-25,9.0,26.3,70.8
2008-08-26,15.0,43.5,125.3
2008-08-27,13.0,28.9,84.6
2008-08-28,4.0,20.4,45.3
2008-08-29,5.0,15.6,23.3
2008-08-30,14.0,24.2,62.1
2008-08-31,0.0,14.6,20.9
2008-09-01,25.0,15.1,19.0
2008-09-02,3.0,2.8,0.0
2008-09-03,170.0,41.6,69.0
2008-09-04,115.0,24.0,50.7
2008-09-05,0.0,2.9,0.0
2008-09-06,2.0,4.4,1.0
2008-09-07,3.0,6.0,3.1
2008-09-08,8.0,12.8,14.9
2008-09-09,3.0,10.1,10.0
2008-09-10,8.0,10.2,10.2
2008-09-11,0.0,0.5,0.0
2008-09-12,4.0,15.8,23.6
2008-09-13,4.0,16.7,23.7
2008-09-14,35.0,17.6,40.8
2008-09-15,8.0,4.1,0.0
2008-09-16,0.0,2.4,0.0
2008-09-17,0.0,0.1,0.0
2008-09-18,0.0,0.3,0.0
2008-09-19,0.0,0.0,0.0
2008-09-20,0.0,16.1,22.3
2008-09-21,0.0,0.8,0.0
2008-09-22,0.0,0.8,0.0
2008-09-23,4.0,12.8,15.7
2008-09-24,0.0,0.2,0.0
2008-09-25,78.0,53.5,151.3
2008-09-26,30.0,13.5,17.3
2008-09-27,0.0,0.1,0.0
2008-09-28,0.0,1.7,0.0
2008-09-29,0.0,6.3,1.6
2008-09-30,35.0,27.4,81.2
2008-10-01,34.5,3.7,0.0
2008-10-03,0.0,16.9,39.4
2008-10-04,7.8,9.6,11.2
2008-10-05,1.9,9.4,10.6
2008-10-06,7.6,6.4,4.0
2008-10-07,62.0,4.5,1.0
2008-10-08,1.5,0.1,0.0
2008-10-09,0.0,0.3,0.0
2008-10-10,5.4,17.2,38.7
2008-10-11,3.0,12.2,11.9
2008-10-12,3.2,8.5,5.9
2008-10-13,30.4,15.4,17.2
2008-10-14,9.6,3.5,0.0
2008-10-15,1.5,0.9,0.0
2008-10-17,110.0,23.0,40.4
2008-10-18,17.4,12.1,11.6
2008-10-19,9.0,9.4,7.4
2008-10-20,25.0,68.1,138.7
2008-10-21,75.0,12.7,9.1
2008-10-22,1.4,6.2,1.0
2008-10-23,10.7,5.2,0.0
2008-10-24,0.0,1.3,0.0
2008-10-25,0.0,0.6,0.0
2008-10-26,0.0,0.0,0.0
2008-10-27,0.0,0.4,0.0
2008-10-28,0.0,0.2,0.0
2008-10-29,0.0,11.0,6.6
2008-10-30,0.0,0.7,0.0
2008-10-31,0.0,2.5,0.0
2008-11-02,25.3,24.3,24.1
2008-11-03,21.1,2.1,0.0
2008-11-04,0.1,16.5,14.2
2008-11-05,6.0,25.9,29.0
2008-11-06,46.2,0.4,0.0
2008-11-07,3.0,16.7,14.4
2008-11-08,1.8,2.0,0.0
2008-11-09,0.0,4.4,0.0
2008-11-10,20.0,6.0,1.3
2008-11-11,2.0,5.3,0.0
2008-11-12,0.0,16.5,15.1
2008-11-13,0.3,0.9,0.0
2008-11-14,0.0,95.5,254.6
2008-11-15,31.1,15.2,12.9
2008-11-16,8.9,64.4,153.2
2008-11-17,101.8,29.5,49.9
2008-11-18,8.1,36.5,69.4
2008-11-19,0.6,4.0,0.0
2008-11-20,0.0,2.9,0.0
2008-11-21,0.0,0.0,0.0
2008-11-22,0.0,1.0,0.0
2008-11-23,0.0,3.6,0.0
2008-11-24,8.6,6.0,1.0
2008-11-25,6.8,0.6,0.0
2008-11-26,2.3,20.3,22.1
2008-11-27,3.1,0.7,0.0
2008-11-29,0.0,1.0,0.0
2008-11-30,0.0,0.3,0.0
2008-12-01,0.0,3.2,0.0
2008-12-03,1.4,5.9,1.0
2008-12-04,37.0,20.7,23.6
2008-12-05,0.6,20.5,23.2
2008-12-06,43.6,31.0,47.8
2008-12-07,51.9,33.4,58.0
2008-12-08,113.8,31.2,48.6
2008-12-09,31.2,3.1,0.0
2008-12-10,0.0,0.1,0.0
2008-12-11,0.0,8.9,4.6
2008-12-12,3.0,1.4,0.0
2008-12-13,2.2,13.7,10.8
2008-12-14,29.3,16.7,14.8
2008-12-15,51.7,2.0,0.0
2008-12-16,0.0,3.5,0.0
2008-12-17,0.0,1.3,0.0
2008-12-18,0.0,7.8,3.2
2008-12-19,6.0,0.2,0.0
2008-12-20,0.0,0.2,0.0
2008-12-21,26.6,2.1,0.0
2008-12-22,61.8,3.9,0.0
2008-12-23,12.7,61.8,97.7
2008-12-24,12.0,26.4,49.0
2008-12-25,104.1,2.7,0.0
2008-12-26,2.6,2.9,0.0
2008-12-27,15.1,0.6,0.0
2008-12-28,18.5,21.3,24.6
2008-12-29,89.0,2.7,0.0
2008-12-30,18.5,1.2,0.0
2008-12-31,9.4,8.6,5.4
2009-01-01,35.0,25.3,63.2
2009-01-02,5.0,6.0,1.0
2009-01-03,8.0,11.7,9.1
2009-01-04,0.0,0.3,0.0
2009-01-05,48.0,12.3,10.1
2009-01-06,0.0,2.7,0.0
2009-01-07,0.0,10.8,7.5
2009-01-08,0.0,1.1,0.0
2009-01-09,0.0,2.5,0.0
2009-01-10,2.0,0.8,0.0
2009-01-11,0.0,0.1,0.0
2009-01-12,5.0,42.8,55.1
2009-01-13,0.0,0.1,0.0
2009-01-14,0.0,0.1,0.0
2009-01-15,0.0,0.4,0.0
2009-01-16,0.0,0.2,0.0
2009-01-17,0.0,0.1,0.0
2009-01-18,0.0,0.0,0.0
2009-01-19,0.0,0.2,0.0
2009-01-20,2.0,11.7,7.7
2009-01-21,0.0,3.9,0.0
2009-01-22,1.0,11.5,8.4
2009-01-23,44.0,0.3,0.0
2009-01-24,4.0,2.9,0.0
2009-01-26,3.0,5.7,0.0
2009-01-27,1.0,0.6,0.0
2009-01-28,5.0,10.2,6.2
2009-01-29,28.0,21.6,36.5
2009-01-30,47.0,17.9,24.2
2009-01-31,66.0,26.5,42.6
2009-02-01,10.0,18.9,25.1
2009-02-02,25.0,27.9,52.7
2009-02-03,0.0,9.2,4.8
2009-02-04,0.0,6.3,0.0
2009-02-05,0.0,0.2,0.0
2009-02-06,0.0,1.5,0.0
2009-02-07,0.0,4.4,0.0
2009-02-08,0.0,0.0,0.0
2009-02-09,0.0,0.1,0.0
2009-02-10,0.0,0.1,0.0
2009-02-11,0.0,2.3,0.0
2009-02-12,0.0,2.5,0.0
2009-02-13,0.0,2.2,0.0
2009-02-14,1.0,3.9,0.0
2009-02-15,0.0,1.3,0.0
2009-02-16,0.0,0.0,0.0
2009-02-17,0.0,0.1,0.0
2009-02-18,35.0,0.9,0.0
2009-02-19,5.0,43.4,96.5
2009-02-21,12.0,43.5,96.5
2009-02-22,1.0,5.3,2.4
2009-02-23,10.0,20.3,52.9
2009-02-25,0.0,2.5,0.0
2009-02-26,23.0,16.6,26.3
2009-02-27,2.0,4.7,1.3
2009-02-28,51.0,17.4,27.2
2009-03-01,0.0,2.0,0.0
2009-03-02,4.0,7.2,2.5
2009-03-05,19.0,4.7,0.0
2009-03-06,6.0,11.1,9.4
2009-03-07,0.0,1.3,0.0
2009-03-08,0.0,0.9,0.0
2009-03-09,0.0,0.5,0.0
2009-03-10,0.0,5.1,0.0
2009-03-11,1.0,6.4,2.3
2009-03-12,2.0,4.4,1.0
2009-03-13,55.0,16.5,21.8
2009-03-14,3.0,3.8,0.0
2009-03-15,0.0,0.8,0.0
2009-03-16,0.0,0.4,0.0
2009-03-17,0.0,1.1,0.0
2009-03-18,0.0,0.0,0.0
2009-03-19,0.0,0.7,0.0
2009-03-20,0.0,0.0,0.0
2009-03-22,3.0,13.4,9.8
2009-03-23,0.0,3.2,0.0
2009-03-24,0.0,20.4,20.3
2009-03-25,6.0,10.8,6.0
2009-03-26,43.0,68.2,149.0
2009-03-27,0.0,5.8,1.0
2009-03-28,0.0,6.5,1.0
2009-03-29,10.0,9.9,4.8
2009-03-30,1.0,15.0,12.2
2009-03-31,9.0,6.2,1.0
2009-04-01,6.0,1.1,0.0
2009-04-02,0.0,1.2,0.0
2009-04-03,51.0,20.8,25.5
2009-04-04,0.0,6.5,3.1
2009-04-05,28.0,13.1,12.2
2009-04-06,14.0,16.5,17.3
2009-04-08,0.0,10.5,8.4
2009-04-09,14.0,31.1,47.5
2009-04-10,1.0,1.8,0.0
2009-04-11,22.0,54.7,107.2
2009-04-12,1.0,8.7,5.3
2009-04-13,0.0,1.4,0.0
2009-04-14,4.0,11.0,8.7
2009-04-15,1.0,3.4,0.0
2009-04-17,0.0,0.0,0.0
2009-04-18,0.0,3.9,0.0
2009-04-19,0.0,0.3,0.0
2009-04-20,2.0,4.1,0.0
2009-04-21,3.0,7.6,1.7
2009-04-22,17.0,10.0,4.6
2009-04-23,0.0,2.1,0.0
2009-04-24,0.0,0.0,0.0
2009-04-25,0.0,0.2,0.0
2009-04-26,0.0,0.3,0.0
2009-04-27,0.0,0.0,0.0
2009-04-28,0.0,0.4,0.0
2009-04-29,0.0,22.3,23.0
2009-04-30,1.0,2.3,0.0
2009-05-01,0.0,1.4,0.0
2009-05-02,36.0,1.5,0.0
2009-05-03,4.0,6.6,2.0
2009-05-04,2.0,2.4,0.0
2009-05-05,5.0,42.2,68.2
2009-05-06,0.0,1.1,0.0
2009-05-07,0.0,2.4,0.0
2009-05-08,11.0,6.8,2.3
2009-05-09,1.0,3.2,0.0
2009-05-10,0.0,1.6,0.0
2009-05-11,6.0,12.5,11.5
2009-05-12,2.0,3.8,0.0
2009-05-13,45.0,38.1,77.8
2009-05-14,13.0,4.8,1.0
2009-05-15,25.0,8.3,5.3
2009-05-16,12.0,0.3,0.0
2009-05-17,0.0,0.9,0.0
2009-05-18,0.0,2.1,0.0
2009-05-19,0.0,0.0,0.0
2009-05-20,0.0,0.0,0.0
2009-05-21,20.6,0.0,0.0
2009-05-22,0.0,0.0,0.0
2009-05-23,0.0,0.0,0.0
2009-05-24,0.0,0.0,0.0
2009-05-25,2.0,0.1,0.0
2009-05-26,0.0,0.2,0.0
2009-05-27,0.0,0.0,0.0
2009-05-28,0.0,0.0,0.0
2009-05-29,0.0,0.0,0.0
2009-05-30,0.0,0.0,0.0
2009-05-31,0.0,2.5,0.0
2009-07-01,0.0,0.0,0.0
2009-07-02,0.0,0.0,0.0
2009-07-03,0.0,0.0,0.0
2009-07-04,0.0,0.0,0.0
2009-07-06,0.0,2.7,0.0
2009-07-07,18.0,6.8,3.8
2009-07-08,32.0,8.2,8.0
2009-07-09,0.0,0.2,0.0
2009-07-10,221.0,79.8,152.6
2009-07-11,29.0,29.6,66.0
2009-07-12,0.0,2.1,0.0
2009-07-13,0.0,2.8,0.0
2009-07-14,0.0,3.9,0.0
2009-07-15,41.0,11.9,13.2
2009-07-16,0.0,1.6,0.0
2009-07-17,0.0,1.3,0.0
2009-07-18,0.0,1.9,0.0
2009-07-19,0.0,0.1,0.0
2009-07-20,0.0,0.0,0.0
2009-07-21,0.0,0.4,0.0
2009-07-22,4.0,4.3,1.0
2009-07-23,17.0,8.3,11.0
2009-07-24,20.0,6.4,4.7
2009-07-25,0.0,27.1,80.7
2009-07-27,5.0,5.1,1.8
2009-07-28,5.0,22.3,70.1
2009-07-29,1.0,1.3,0.0
2009-07-30,0.0,0.7,0.0
2009-07-31,0.0,0.2,0.0
2009-08-01,0.0,0.1,0.0
2009-08-02,0.0,0.0,0.0
2009-08-03,0.0,0.9,0.0
2009-08-04,0.0,0.3,0.0
2009-08-05,3.0,0.3,0.0
2009-08-06,0.0,0.6,0.0
2009-08-07,34.0,1.3,0.0
2009-08-09,0.0,1.6,0.0
2009-08-10,0.0,5.9,5.4
2009-08-11,4.0,10.5,9.2
2009-08-12,7.0,38.7,85.4
2009-08-13,73.0,60.7,166.8
2009-08-14,14.0,12.7,15.1
2009-08-15,19.0,13.5,13.7
2009-08-16,36.0,5.0,0.0
2009-08-17,0.0,1.4,0.0
2009-08-18,6.0,9.7,7.6
2009-08-19,38.0,0.7,0.0
2009-08-20,29.0,8.2,4.8
2009-08-21,0.0,41.1,120.4
2009-08-22,58.0,24.2,66.1
2009-08-23,0.0,4.6,0.0
2009-08-25,2.0,11.6,13.1
2009-08-26,13.0,17.3,27.6
2009-08-27,38.0,36.5,114.7
2009-08-28,0.0,4.5,0.0
2009-08-29,0.0,14.2,19.7
2009-08-30,5.0,40.5,115.0
2009-08-31,0.0,7.6,3.7
2009-09-01,0.0,5.5,2.2
2009-09-02,0.0,13.0,15.2
2009-09-03,6.9,69.3,88.1
2009-09-04,93.8,2.3,0.0
2009-09-05,0.0,3.8,0.0
2009-09-06,1.8,4.9,1.2
2009-09-07,0.2,4.9,1.2
2009-09-08,1.5,19.3,28.8
2009-09-09,47.0,4.3,1.0
2009-09-10,0.0,0.3,0.0
2009-09-11,0.0,2.6,0.0
2009-09-12,0.0,2.9,0.0
2009-09-13,0.0,0.3,0.0
2009-09-14,0.0,84.2,127.8
2009-09-15,97.7,17.4,29.1
2009-09-16,131.0,6.1,1.0
2009-09-17,1.0,22.8,59.4
2009-09-18,125.0,9.5,7.0
2009-09-19,29.2,20.3,45.2
2009-09-21,0.0,1.0,0.0
2009-09-23,0.0,5.4,1.0
2009-09-25,3.4,8.5,5.8
2009-09-26,0.0,0.1,0.0
2009-09-27,0.6,10.5,10.2
2009-09-28,5.5,31.6,87.2
2009-09-29,4.4,18.1,27.9
2009-09-30,6.5,53.3,156.7
2009-10-01,27.0,47.1,119.7
2009-10-02,13.8,0.9,0.0
2009-10-03,0.0,5.3,1.8
2009-10-04,0.0,36.6,98.7
2009-10-05,21.2,5.3,1.8
2009-10-06,3.1,11.1,14.8
2009-10-07,0.3,0.3,0.0
2009-10-08,0.0,3.6,0.0
2009-10-09,0.0,1.8,0.0
2009-10-10,0.0,0.3,0.0
2009-10-11,0.0,4.9,1.0
2009-10-12,0.0,1.7,0.0
2009-10-13,0.0,12.9,12.9
2009-10-14,0.0,3.2,0.0
2009-10-16,9.6,5.0,1.1
2009-10-17,0.0,2.1,0.0
2009-10-18,0.0,6.0,2.3
2009-10-19,17.5,0.0,0.0
2009-10-20,1.4,12.7,12.7
2009-10-21,13.0,6.6,1.0
2009-10-22,12.5,0.0,0.0
2009-10-23,0.0,16.7,14.8
2009-10-24,5.1,59.5,99.3
2009-10-25,30.2,4.7,0.0
2009-10-26,1.6,10.4,5.9
2009-10-27,1.8,35.0,51.9
2009-10-28,70.0,3.9,0.0
2009-10-29,2.6,14.9,12.1
2009-10-31,17.7,2.0,0.0
2009-11-01,0.0,0.9,0.0
2009-11-02,22.0,27.1,30.0
2009-11-03,16.0,68.9,94.3
2009-11-04,8.0,9.9,6.1
2009-11-05,6.0,7.5,3.1
2009-11-06,10.0,36.1,45.0
2009-11-07,3.0,1.9,0.0
2009-11-08,3.0,2.5,0.0
2009-11-09,56.0,136.3,114.9
2009-11-10,4.0,4.8,0.0
2009-11-11,108.0,269.4,365.6
2009-11-12,6.0,4.1,0.0
2009-11-13,28.0,42.9,92.4
2009-11-14,10.0,13.5,10.0
2009-11-15,61.0,32.3,66.4
2009-11-16,10.0,5.7,0.0
2009-11-17,19.0,12.1,7.7
2009-11-18,11.0,15.0,12.6
2009-11-19,0.0,4.8,0.0
2009-11-20,7.0,3.3,0.0
2009-11-21,51.0,4.3,0.0
2009-11-22,33.0,15.5,14.3
2009-11-23,11.0,6.5,1.4
2009-11-24,1.0,1.3,0.0
2009-11-25,32.0,7.4,2.5
2009-11-26,19.0,6.4,1.4
2009-11-27,9.0,5.1,1.0
2009-11-28,30.0,56.0,99.5
2009-11-29,22.0,10.2,6.3
2009-11-30,68.0,61.5,111.9
2009-12-01,0.0,18.4,19.7
2009-12-02,1.0,6.1,1.0
2009-12-03,10.0,17.0,17.4
2009-12-04,0.0,2.1,0.0
2009-12-05,9.0,15.0,14.2
2009-12-06,0.0,17.7,18.5
2009-12-07,2.0,1.4,0.0
2009-12-09,0.0,4.6,0.0
2009-12-11,0.0,1.2,0.0
2009-12-12,0.0,1.3,0.0
2009-12-13,51.0,30.5,40.9
2009-12-14,85.0,36.9,56.6
2009-12-15,0.0,0.7,0.0
2009-12-16,13.0,30.7,40.9
2009-12-18,68.0,34.4,47.7
2009-12-20,0.0,0.1,0.0
2009-12-21,0.0,0.0,0.0
2009-12-22,0.0,3.0,0.0
2009-12-23,0.0,0.2,0.0
2009-12-24,18.0,5.4,1.4
2009-12-25,2.0,8.2,4.9
2009-12-26,2.0,17.9,18.0
2009-12-27,4.0,83.6,122.3
2009-12-28,130.0,105.1,157.5
2009-12-29,47.0,24.9,26.7
2009-12-30,0.0,20.2,19.2
2009-12-31,5.0,23.5,26.7
2010-01-01,5.0,0.2,0.0
2010-01-02,4.0,33.8,75.0
2010-01-03,1.0,1.5,0.0
2010-01-04,0.0,1.4,0.0
2010-01-05,0.0,8.1,3.1
2010-01-06,0.0,3.8,0.0
2010-01-07,8.0,4.5,0.0
2010-01-09,0.0,8.6,3.8
2010-01-10,14.0,9.0,4.5
2010-01-11,3.0,1.7,0.0
2010-01-12,38.0,22.7,23.8
2010-01-13,50.0,18.2,18.1
2010-01-14,0.0,0.4,0.0
2010-01-15,0.0,0.0,0.0
2010-01-16,18.0,6.6,1.2
2010-01-17,5.0,37.5,51.6
2010-01-18,46.0,17.5,17.2
2010-01-19,4.0,10.3,6.0
2010-01-20,0.0,1.1,0.0
2010-01-21,7.0,20.7,32.6
2010-01-22,0.0,4.8,0.0
2010-01-23,0.0,13.0,11.1
2010-01-24,0.0,8.3,3.2
2010-01-25,0.0,1.0,0.0
2010-01-27,0.0,0.1,0.0
2010-01-28,13.0,23.5,36.8
2010-01-29,0.0,1.2,0.0
2010-01-30,0.0,1.3,0.0
2010-01-31,29.0,12.3,9.8
2010-02-01,32.0,47.4,108.0
2010-02-02,0.0,0.3,0.0
2010-02-03,27.0,15.7,18.0
2010-02-04,4.0,13.7,13.2
2010-02-05,29.0,17.2,28.2
2010-02-06,0.0,0.0,0.0
2010-02-07,0.0,0.3,0.0
2010-02-08,0.0,1.3,0.0
2010-02-09,0.0,10.8,7.6
2010-02-10,10.0,48.4,106.7
2010-02-11,0.0,0.5,0.0
2010-02-12,28.0,2.9,0.0
2010-02-13,3.0,8.5,5.4
2010-02-14,0.0,0.2,0.0
2010-02-15,13.0,8.3,5.1
2010-02-16,1.0,8.5,5.4
2010-02-17,29.0,7.5,3.7
2010-02-19,0.0,1.4,0.0
2010-02-20,27.0,31.6,69.6
2010-02-21,0.0,9.2,9.8
2010-02-22,0.0,3.8,0.0
2010-02-23,0.0,4.7,1.3
2010-02-24,0.0,0.6,0.0
2010-02-25,0.0,4.4,1.0
2010-02-26,7.0,60.8,142.2
2010-02-27,0.0,15.6,23.0
2010-03-01,2.0,43.3,112.3
2010-03-02,11.0,29.4,68.6
2010-03-04,6.0,24.9,48.4
2010-03-05,8.0,40.1,103.8
2010-03-06,90.0,4.0,0.0
2010-03-07,11.0,8.5,4.6
2010-03-08,83.0,31.7,80.4
2010-03-09,0.0,1.2,0.0
2010-03-10,0.0,6.5,1.3
2010-03-11,0.0,0.3,0.0
2010-03-12,0.0,0.3,0.0
2010-03-13,0.0,0.5,0.0
2010-03-14,108.0,33.7,83.7
2010-03-15,0.0,29.2,70.6
2010-03-16,48.0,23.2,51.6
2010-03-17,0.0,13.7,15.7
2010-03-18,0.0,0.2,0.0
2010-03-19,1.0,1.8,0.0
2010-03-20,6.0,14.6,17.6
2010-03-21,1.0,9.2,3.9
2010-03-22,2.0,8.0,2.4
2010-03-24,0.0,23.6,28.4
2010-03-25,85.0,45.5,85.2
2010-03-26,7.0,4.4,0.0
2010-03-27,40.0,66.9,145.9
2010-03-28,7.0,0.0,0.0
2010-03-30,0.0,0.8,0.0
2010-03-31,10.0,27.6,38.8
2010-04-02,34.0,45.5,76.5
2010-04-03,8.0,22.7,33.4
2010-04-05,0.0,1.4,0.0
2010-04-06,1.0,0.6,0.0
2010-04-07,3.0,34.1,49.0
2010-04-08,3.0,9.6,7.1
2010-04-09,0.0,9.3,6.7
2010-04-10,0.0,2.5,0.0
2010-04-11,0.0,8.6,5.1
2010-04-12,0.0,1.4,0.0
2010-04-13,2.0,9.5,6.4
2010-04-14,0.0,25.7,43.0
2010-04-15,7.0,35.5,67.0
2010-04-16,0.0,8.9,5.6
2010-04-17,3.0,1.6,0.0
2010-04-18,0.0,3.8,0.0
2010-04-19,2.0,17.9,21.3
2010-04-20,0.0,7.8,4.0
2010-04-21,0.0,1.5,0.0
2010-04-22,5.0,17.5,15.4
2010-04-23,2.0,28.2,41.0
2010-04-24,0.0,0.5,0.0
2010-04-25,12.0,18.4,16.8
2010-04-26,95.0,37.4,63.9
2010-04-28,0.0,3.8,0.0
2010-04-29,0.0,0.0,0.0
2010-04-30,0.0,0.3,0.0
2010-05-01,0.0,28.4,45.6
2010-05-02,62.0,121.9,124.9
2010-05-03,3.0,13.9,11.8
2010-05-04,0.0,0.3,0.0
2010-05-05,5.0,0.8,0.0
2010-05-06,0.0,2.4,0.0
2010-05-07,85.0,10.3,6.8
2010-05-08,5.0,22.5,35.5
2010-05-09,0.0,4.0,0.0
2010-05-10,0.0,2.0,0.0
2010-05-11,13.0,10.9,9.5
2010-05-12,1.0,11.7,10.4
2010-05-13,0.0,2.7,0.0
2010-05-14,115.0,35.6,73.3
2010-05-15,8.0,22.1,34.2
2010-05-16,0.0,0.1,0.0
2010-05-17,0.0,0.0,0.0
2010-05-18,0.0,0.2,0.0
2010-05-19,0.0,0.2,0.0
2010-05-20,0.0,4.2,0.0
2010-05-21,0.0,0.7,0.0
2010-05-22,0.0,1.3,0.0
2010-05-23,0.0,0.0,0.0
2010-05-24,0.0,0.0,0.0
2010-05-25,0.0,0.8,0.0
2010-05-26,0.0,0.0,0.0
2010-05-27,0.0,0.0,0.0
2010-05-28,0.0,1.3,0.0
2010-05-29,0.0,1.4,0.0
2010-05-30,0.0,2.9,0.0
2010-05-31,4.0,2.9,0.0
2010-06-01,0.0,2.3,0.0
2010-06-02,0.0,0.0,0.0
2010-06-03,14.0,22.5,57.1
2010-06-04,100.0,53.8,125.6
2010-06-05,0.0,15.6,24.3
2010-06-06,4.0,1.1,0.0
2010-06-07,36.0,9.6,9.7
2010-06-08,0.0,0.6,0.0
2010-06-09,0.0,0.1,0.0
2010-06-10,0.0,0.9,0.0
2010-06-11,0.0,0.0,0.0
2010-06-12,0.0,0.0,0.0
2010-06-13,0.0,2.7,0.0
2010-06-14,1.0,11.3,18.5
2010-06-15,0.0,0.0,0.0
2010-06-16,0.0,2.7,0.0
2010-06-17,0.0,2.1,0.0
2010-06-18,0.0,1.3,0.0
2010-06-19,22.0,26.6,73.6
2010-06-20,0.0,0.5,0.0
2010-06-22,3.0,18.1,44.9
2010-06-23,63.0,0.7,0.0
2010-06-24,0.0,3.6,0.0
2010-06-25,0.0,2.7,0.0
2010-06-26,0.0,0.6,0.0
2010-06-27,12.0,0.2,0.0
2010-06-28,8.0,10.6,15.6
2010-06-29,0.0,0.0,0.0
2010-06-30,59.0,5.9,3.5
2010-07-02,1.0,15.6,31.6
2010-07-03,0.0,2.7,0.0
2010-07-04,0.0,1.8,0.0
2010-07-05,0.0,1.4,0.0
2010-07-06,0.0,2.1,0.0
2010-07-07,80.0,30.9,82.2
2010-07-08,0.0,6.7,3.5
2010-07-09,0.0,0.5,0.0
2010-07-10,2.0,1.1,0.0
2010-07-11,9.0,0.9,0.0
2010-07-12,62.0,5.6,1.0
2010-07-13,0.0,1.3,0.0
2010-07-14,6.0,5.3,1.0
2010-07-15,170.0,32.8,76.5
2010-07-16,55.0,33.1,68.0
2010-07-17,0.0,4.0,0.0
2010-07-18,40.0,33.8,70.3
2010-07-19,0.0,0.8,0.0
2010-07-20,0.0,6.4,1.8
2010-07-21,4.0,10.3,22.4
2010-07-22,0.0,1.0,0.0
2010-07-23,0.0,0.1,0.0
2010-07-24,0.0,0.6,0.0
2010-07-25,24.0,8.3,19.9
2010-07-26,0.0,9.3,11.7
2010-07-27,24.0,3.0,0.0
2010-07-28,5.0,0.5,0.0
2010-07-31,0.0,1.4,0.0
2010-08-01,0.0,13.3,24.0
2010-08-02,0.0,0.3,0.0
2010-08-03,4.0,1.7,0.0
2010-08-04,0.0,0.9,0.0
2010-08-05,0.0,1.0,0.0
2010-08-06,0.0,9.8,15.9
2010-08-07,0.0,2.5,0.0
2010-08-08,23.0,32.4,118.4
2010-08-10,0.0,0.5,0.0
2010-08-11,0.0,9.9,8.1
2010-08-12,0.0,3.4,0.0
2010-08-13,26.0,45.4,115.3
2010-08-14,14.0,24.6,58.2
2010-08-15,11.0,3.3,0.0
2010-08-16,4.0,11.8,15.5
2010-08-17,171.0,34.3,78.9
2010-08-18,35.0,23.9,55.5
2010-08-19,38.0,14.6,18.7
2010-08-20,0.0,3.8,0.0
2010-08-21,0.0,0.2,0.0
2010-08-22,0.0,0.0,0.0
2010-08-23,0.0,0.0,0.0
2010-08-24,0.0,1.6,0.0
2010-08-26,0.0,13.5,17.8
2010-08-27,1.0,9.2,7.2
2010-08-28,38.0,21.3,49.7
2010-08-29,0.0,1.9,0.0
2010-08-30,6.0,24.5,63.3
2010-08-31,19.0,3.1,0.0
2010-09-01,33.0,16.7,22.3
2010-09-02,10.0,18.4,27.5
2010-09-03,74.0,28.3,54.5
2010-09-04,10.0,7.2,5.1
2010-09-05,0.0,6.3,3.5
2010-09-06,10.0,43.6,69.0
2010-09-07,11.0,18.9,24.1
2010-09-08,0.0,1.9,0.0
2010-09-09,0.0,3.0,0.0
2010-09-10,0.0,1.0,0.0
2010-09-11,0.0,0.1,0.0
2010-09-12,0.0,0.0,0.0
2010-09-13,0.0,0.2,0.0
2010-09-14,0.0,3.5,0.0
2010-09-15,0.0,3.5,0.0
2010-09-16,29.0,7.1,2.1
2010-09-17,10.0,6.3,1.0
2010-09-18,0.0,9.4,7.0
2010-09-19,5.0,6.7,1.4
2010-09-20,69.0,24.2,59.0
2010-09-21,21.0,30.6,87.1
2010-09-22,147.0,64.9,190.0
2010-09-23,39.0,7.5,3.8
2010-09-24,51.0,12.5,14.8
2010-09-25,1.0,1.4,0.0
2010-09-26,115.0,6.9,2.6
2010-09-27,0.0,16.3,24.4
2010-09-28,3.0,3.3,0.0
2010-09-29,1.0,27.3,76.6
2010-10-01,29.0,23.9,67.4
2010-10-02,52.0,40.2,115.3
2010-10-03,4.0,12.2,17.3
2010-10-04,36.0,5.8,2.7
2010-10-05,45.0,10.6,13.5
2010-10-06,0.0,1.2,0.0
2010-10-07,0.0,0.4,0.0
2010-10-08,0.0,0.0,0.0
2010-10-10,5.0,2.4,0.0
2010-10-11,17.0,7.0,3.8
2010-10-12,178.0,158.9,156.4
2010-10-13,17.0,4.9,1.0
2010-10-14,0.0,1.4,0.0
2010-10-15,0.0,0.1,0.0
2010-10-16,0.0,0.0,0.0
2010-10-17,0.0,0.0,0.0
2010-10-18,0.0,1.3,0.0
2010-10-19,26.0,5.6,1.8
2010-10-20,0.0,2.6,0.0
2010-10-21,0.0,2.3,0.0
2010-10-22,0.0,0.7,0.0
2010-10-23,30.0,14.1,11.0
2010-10-24,1.0,14.6,11.8
2010-10-25,30.0,12.0,8.0
2010-10-26,7.0,12.9,9.2
2010-10-27,0.0,4.7,0.0
2010-10-28,33.0,4.1,0.0
2010-10-29,21.0,5.2,0.0
2010-10-30,30.0,14.5,11.5
2010-10-31,46.0,15.9,13.6
2010-11-01,88.0,31.8,41.3
2010-11-02,25.0,4.9,0.0
2010-11-03,62.0,18.0,16.1
2010-11-04,2.0,3.0,0.0
2010-11-05,5.0,0.4,0.0
2010-11-06,19.0,8.9,4.8
2010-11-07,15.0,2.2,0.0
2010-11-08,3.0,14.2,11.3
2010-11-09,25.0,3.7,0.0
2010-11-10,136.0,27.9,34.3
2010-11-11,26.0,10.4,5.2
2010-11-12,40.0,14.6,11.9
2010-11-13,6.0,2.3,0.0
2010-11-14,0.0,4.2,0.0
2010-11-15,19.0,12.6,8.6
2010-11-16,9.0,28.5,55.0
2010-11-17,64.0,19.5,20.6
2010-11-18,1.0,6.0,1.0
2010-11-19,14.0,8.9,3.1
2010-11-20,9.0,20.2,21.9
2010-11-21,0.0,0.4,0.0
2010-11-22,30.0,9.4,5.1
2010-11-24,0.0,7.1,2.1
2010-11-25,10.0,21.9,24.8
2010-11-26,30.0,16.4,15.8
2010-11-27,101.0,18.6,19.4
2010-11-28,43.0,22.5,25.8
2010-11-29,7.0,9.5,5.3
2010-11-30,13.0,36.5,58.6
2010-12-01,9.0,14.3,13.0
2010-12-02,121.4,4.5,0.0
2010-12-03,5.0,9.0,4.6
2010-12-04,18.0,7.4,2.2
2010-12-05,0.0,0.0,0.0
2010-12-06,0.0,2.2,0.0
2010-12-07,0.0,4.2,0.0
2010-12-08,0.0,0.5,0.0
2010-12-09,0.0,11.5,8.4
2010-12-10,0.0,0.7,0.0
2010-12-11,0.0,3.4,0.0
2010-12-12,13.0,1.1,0.0
2010-12-13,7.0,2.9,0.0
2010-12-14,0.0,1.2,0.0
2010-12-15,32.0,11.2,7.6
2010-12-16,1.0,4.7,0.0
2010-12-17,0.0,0.3,0.0
2010-12-18,0.0,5.7,1.0
2010-12-19,0.0,5.6,1.0
2010-12-20,0.0,3.4,0.0
2010-12-21,0.0,0.1,0.0
2010-12-22,0.0,1.8,0.0
2010-12-23,0.0,1.7,0.0
2010-12-24,3.0,0.0,0.0
2010-12-25,9.0,8.1,4.7
2010-12-26,63.0,17.6,17.6
2010-12-27,1.0,2.5,0.0
2010-12-28,24.0,5.2,1.1
2010-12-29,0.0,0.3,0.0
2010-12-30,0.0,1.2,0.0
2010-12-31,0.0,0.0,0.0
2011-01-01,0.0,0.2,0.0
2011-01-02,0.0,9.7,5.7
2011-01-03,0.0,7.8,2.6
2011-01-04,4.6,10.4,6.9
2011-01-05,50.0,6.6,1.0
2011-01-06,18.0,3.1,0.0
2011-01-07,16.0,1.7,0.0
2011-01-08,0.0,1.5,0.0
2011-01-09,0.0,22.3,58.7
2011-01-10,45.8,18.8,46.3
2011-01-11,13.4,3.9,0.0
2011-01-12,0.0,2.7,0.0
2011-01-13,0.0,5.8,1.0
2011-01-14,0.1,2.9,0.0
2011-01-15,0.0,1.8,0.0
2011-01-16,0.0,4.9,0.0
2011-01-17,0.0,0.0,0.0
2011-01-18,0.0,0.0,0.0
2011-01-19,0.0,0.0,0.0
2011-01-20,0.0,2.6,0.0
2011-01-21,0.0,1.8,0.0
2011-01-23,0.0,5.7,0.0
2011-01-24,0.3,15.4,16.6
2011-01-25,13.5,4.3,0.0
2011-01-26,0.5,7.6,2.1
2011-01-27,2.4,9.4,4.9
2011-01-28,1.0,12.6,10.5
2011-01-29,8.5,0.9,0.0
2011-01-30,0.0,30.0,52.4
2011-01-31,7.4,0.3,0.0
2011-02-01,0.0,0.6,0.0
2011-02-02,0.0,20.2,29.7
2011-02-03,80.5,26.1,54.3
2011-02-04,105.0,5.7,0.0
2011-02-05,2.7,1.7,0.0
2011-02-06,0.0,0.2,0.0
2011-02-07,0.0,0.0,0.0
2011-02-08,0.0,0.0,0.0
2011-02-09,0.0,0.0,0.0
2011-02-10,0.0,0.0,0.0
2011-02-11,0.0,0.0,0.0
2011-02-12,0.0,0.0,0.0
2011-02-13,0.0,1.7,0.0
2011-02-14,0.0,15.6,19.9
2011-02-15,0.0,1.0,0.0
2011-02-16,0.0,0.0,0.0
2011-02-17,0.0,1.4,0.0
2011-02-18,0.0,4.1,0.0
2011-02-19,0.0,7.3,3.4
2011-02-20,0.1,7.1,3.0
2011-02-21,0.8,0.3,0.0
2011-02-22,9.5,0.1,0.0
2011-02-23,0.0,0.2,0.0
2011-02-24,0.0,0.3,0.0
2011-02-25,0.0,0.7,0.0
2011-02-26,1.5,23.4,49.5
2011-02-27,74.7,27.3,64.4
2011-02-28,72.0,8.4,8.2
2011-03-01,0.3,2.2,0.0
2011-03-02,0.0,0.1,0.0
2011-03-03,0.0,0.5,0.0
2011-03-04,0.0,3.1,0.0
2011-03-05,3.3,0.6,0.0
2011-03-06,0.0,1.4,0.0
2011-03-07,23.0,13.4,14.0
2011-03-08,6.0,0.9,0.0
2011-03-09,0.0,20.6,27.4
2011-03-10,4.5,12.9,13.1
2011-03-11,16.0,2.2,0.0
2011-03-12,0.0,2.5,0.0
2011-03-13,7.8,1.9,0.0
2011-03-14,0.0,6.5,2.5
2011-03-15,8.4,1.0,0.0
2011-03-16,4.4,2.1,0.0
2011-03-17,0.0,1.3,0.0
2011-03-18,0.0,1.1,0.0
2011-03-19,0.4,4.2,0.0
2011-03-20,12.0,2.8,0.0
2011-03-21,0.6,4.6,0.0
2011-03-22,21.5,14.6,11.6
2011-03-23,34.2,1.3,0.0
2011-03-24,38.7,6.6,1.0
2011-03-25,3.4,12.1,7.9
2011-03-26,63.0,10.5,5.6
2011-03-27,24.0,1.7,0.0
2011-03-28,0.0,3.9,0.0
2011-03-29,18.2,12.5,8.5
2011-03-30,18.2,1.2,0.0
2011-03-31,13.7,0.2,0.0
2011-04-01,0.3,0.9,0.0
2011-04-02,0.0,3.1,0.0
2011-04-03,0.0,1.3,0.0
2011-04-04,2.5,0.2,0.0
2011-04-05,0.0,0.0,0.0
2011-04-06,0.0,0.7,0.0
2011-04-07,21.0,3.1,0.0
2011-04-08,36.0,21.8,34.2
2011-04-09,25.0,15.9,16.4
2011-04-10,0.0,3.4,0.0
2011-04-11,0.0,1.0,0.0
2011-04-12,1.0,0.4,0.0
2011-04-13,0.0,0.0,0.0
2011-04-14,33.0,45.8,82.2
2011-04-15,21.0,24.8,40.8
2011-04-16,4.0,12.2,10.5
2011-04-17,9.0,4.8,1.0
2011-04-18,11.0,5.2,1.0
2011-04-19,0.0,0.0,0.0
2011-04-20,6.0,31.5,55.8
2011-04-22,0.0,0.3,0.0
2011-04-24,11.0,13.9,10.0
2011-04-25,14.0,7.8,2.0
2011-04-26,1.0,10.0,4.5
2011-04-27,0.0,2.2,0.0
2011-04-28,2.0,19.8,21.5
2011-04-29,158.0,59.1,104.5
2011-04-30,34.0,27.9,36.9
2011-05-01,33.7,0.5,0.0
2011-05-02,0.4,1.5,0.0
2011-05-04,0.3,8.3,4.2
2011-05-05,10.5,22.7,31.9
2011-05-06,53.0,1.7,0.0
2011-05-07,13.0,0.0,0.0
2011-05-16,0.0,0.3,0.0
2011-05-17,0.0,10.4,8.8
2011-05-18,0.0,6.8,3.0
2011-05-19,0.0,13.0,13.8
2011-05-20,3.0,8.0,4.8
2011-05-21,26.0,38.4,80.0
2011-05-22,0.0,1.4,0.0
2011-05-23,0.0,3.3,0.0
2011-05-24,0.0,11.4,11.8
2011-05-25,0.0,4.9,1.0
2011-05-26,21.0,8.6,6.1
2011-05-27,6.0,4.3,0.0
2011-05-28,0.0,2.4,0.0
2011-05-29,0.0,10.4,9.2
2011-05-30,23.0,27.1,51.4
2011-05-31,0.0,13.9,16.3
2011-06-01,0.0,3.4,0.0
2011-06-02,3.0,21.2,49.0
2011-06-03,52.0,27.9,69.2
2011-06-04,118.0,37.5,95.2
2011-06-05,2.0,7.8,5.7
2011-06-06,0.0,0.1,0.0
2011-06-07,0.0,0.0,0.0
2011-06-08,0.0,0.0,0.0
2011-06-09,1.0,3.4,0.0
2011-06-10,8.0,5.4,1.0
2011-06-11,0.0,3.7,0.0
2011-06-12,0.0,1.5,0.0
2011-06-13,0.0,7.1,6.6
2011-06-14,0.0,0.1,0.0
2011-06-15,0.0,4.8,1.3
2011-06-16,0.0,0.0,0.0
2011-06-17,2.0,0.2,0.0
2011-06-18,16.0,0.0,0.0
2011-06-19,0.0,0.0,0.0
2011-06-20,25.0,0.9,0.0
2011-06-21,15.0,16.2,26.5
2011-06-22,55.0,19.6,51.3
2011-06-23,11.0,9.9,12.0
2011-06-24,8.0,14.1,20.7
2011-06-25,13.0,16.8,33.4
2011-06-26,3.0,0.0,0.0
2011-06-27,9.0,1.1,0.0
2011-06-28,74.0,13.8,24.6
2011-06-29,38.0,23.0,67.7
2011-06-30,0.0,1.1,0.0
2011-07-01,0.0,0.0,0.0
2011-07-02,0.0,0.0,0.0
2011-07-03,0.0,0.0,0.0
2011-07-04,0.0,0.0,0.0
2011-07-05,0.0,0.1,0.0
2011-07-06,0.0,0.0,0.0
2011-07-07,0.0,0.1,0.0
2011-07-08,0.0,0.2,0.0
2011-07-09,0.0,0.3,0.0
2011-07-10,7.0,3.2,0.0
2011-07-11,175.0,38.2,89.8
2011-07-12,33.0,16.2,16.3
2011-07-13,0.0,2.8,0.0
2011-07-14,0.0,0.0,0.0
2011-07-15,4.0,15.5,17.0
2011-07-16,0.0,1.3,0.0
2011-07-17,0.0,0.1,0.0
2011-07-18,0.0,2.0,0.0
2011-07-19,0.0,0.0,0.0
2011-07-20,0.0,1.1,0.0
2011-07-21,0.0,2.2,0.0
2011-07-22,0.0,1.4,0.0
2011-07-23,0.0,0.0,0.0
2011-07-24,0.0,2.5,0.0
2011-07-25,0.0,0.8,0.0
2011-07-26,0.0,0.0,0.0
2011-07-27,0.0,1.9,0.0
2011-07-28,0.0,3.8,0.0
2011-07-29,0.0,6.0,3.8
2011-07-30,0.0,0.3,0.0
2011-07-31,0.0,0.4,0.0
2011-08-01,0.0,0.0,0.0
2011-08-02,12.0,1.0,0.0
2011-08-03,0.0,0.1,0.0
2011-08-04,29.0,38.5,132.1
2011-08-05,0.0,1.9,0.0
2011-08-06,0.0,4.3,1.9
2011-08-07,0.0,2.1,0.0
2011-08-08,0.0,0.1,0.0
2011-08-09,0.0,0.0,0.0
2011-08-10,0.0,0.1,0.0
2011-08-11,0.0,0.4,0.0
2011-08-12,0.0,0.4,0.0
2011-08-13,17.0,9.9,8.1
2011-08-14,7.0,13.0,14.0
2011-08-15,0.0,5.8,1.0
2011-08-16,9.0,1.0,0.0
2011-08-17,0.0,0.0,0.0
2011-08-18,4.0,0.6,0.0
2011-08-19,13.0,4.0,0.0
2011-08-20,16.0,0.4,0.0
2011-08-21,0.0,0.0,0.0
2011-08-22,0.0,0.8,0.0
2011-08-23,0.0,0.0,0.0
2011-08-24,24.0,22.2,59.2
2011-08-25,18.0,2.1,0.0
2011-08-26,0.0,0.2,0.0
2011-08-27,0.0,1.2,0.0
2011-08-28,0.0,4.0,0.0
2011-08-29,0.0,1.2,0.0
2011-08-30,0.0,5.1,0.0
2011-09-01,9.0,4.1,1.0
2011-09-02,75.0,36.4,62.4
2011-09-04,0.0,0.4,0.0
2011-09-05,0.0,0.0,0.0
2011-09-06,4.0,5.2,1.8
2011-09-07,96.0,0.8,0.0
2011-09-08,22.0,0.7,0.0
2011-09-09,0.0,10.1,10.0
2011-09-10,47.0,24.6,49.6
2011-09-11,0.0,0.0,0.0
2011-09-12,0.0,1.1,0.0
2011-09-13,0.0,0.2,0.0
2011-09-14,17.0,43.9,106.7
2011-09-15,2.0,12.1,12.9
2011-09-16,9.0,10.7,9.7
2011-09-17,2.0,15.9,22.8
2011-09-18,124.0,8.7,5.4
2011-09-19,7.0,10.7,9.6
2011-09-20,53.0,34.6,84.3
2011-09-21,23.0,16.7,27.8
2011-09-23,0.0,0.5,0.0
2011-09-24,8.0,1.8,0.0
2011-09-25,0.0,2.1,0.0
2011-09-26,7.0,19.6,51.1
2011-09-27,0.0,1.6,0.0
2011-09-28,0.0,0.3,0.0
2011-09-29,0.0,1.1,0.0
2011-09-30,0.0,0.8,0.0
2011-10-01,0.0,3.1,0.0
2011-10-02,0.0,0.3,0.0
2011-10-03,0.0,13.5,20.5
2011-10-04,3.0,3.6,0.0
2011-10-05,10.0,18.1,43.7
2011-10-06,0.0,4.3,0.0
2011-10-07,0.0,6.3,3.9
2011-10-08,35.0,24.4,65.9
2011-10-09,2.0,1.3,0.0
2011-10-10,2.0,0.9,0.0
2011-10-11,0.0,3.7,0.0
2011-10-12,0.0,3.3,0.0
2011-10-14,0.0,0.7,0.0
2011-10-15,0.0,0.0,0.0
2011-10-16,0.0,4.0,1.0
2011-10-17,0.0,1.8,0.0
2011-10-18,14.0,21.2,36.1
2011-10-19,32.0,5.1,1.1
2011-10-20,15.0,49.2,104.7
2011-10-21,25.0,47.6,75.8
2011-10-22,4.0,1.2,0.0
2011-10-23,14.0,54.7,87.6
2011-10-24,14.0,59.9,102.4
2011-10-25,3.0,13.0,9.4
2011-10-26,134.0,55.1,91.2
2011-10-27,74.0,27.4,39.2
2011-10-28,0.0,12.2,8.3
2011-10-29,4.0,10.9,6.6
2011-10-30,10.0,6.6,1.1
2011-10-31,11.0,15.3,12.7
2011-11-01,67.0,58.9,81.3
2011-11-02,115.0,66.6,91.9
2011-11-03,60.0,57.8,79.3
2011-11-04,42.0,29.5,38.6
2011-11-05,26.0,14.5,11.7
2011-11-06,11.0,7.4,3.0
2011-11-07,38.0,33.0,40.5
2011-11-08,2.0,3.1,0.0
2011-11-09,0.0,1.5,0.0
2011-11-10,0.0,0.0,0.0
2011-11-11,30.0,10.3,5.1
2011-11-13,0.0,13.2,9.5
2011-11-14,4.0,16.1,14.5
2011-11-16,0.0,2.1,0.0
2011-11-17,14.0,13.4,9.8
2011-11-18,1.0,2.1,0.0
2011-11-19,0.0,1.2,0.0
2011-11-20,1.0,8.3,2.2
2011-11-21,1.0,7.2,2.2
2011-11-22,59.0,57.6,110.8
2011-11-23,14.0,48.1,87.8
2011-11-24,3.0,1.5,0.0
2011-11-25,1.0,13.2,10.8
2011-11-26,45.0,31.0,45.1
2011-11-27,190.0,51.7,92.1
2011-11-28,11.0,8.1,3.3
2011-11-29,0.0,15.5,14.4
2011-11-30,9.0,14.1,12.2
2011-12-01,8.5,62.8,144.6
2011-12-02,121.0,16.4,16.4
2011-12-03,22.9,10.2,6.5
2011-12-04,9.0,0.1,0.0
2011-12-12,5.1,22.4,22.4
2011-12-13,1.0,5.8,1.0
2011-12-14,3.0,6.1,1.1
2011-12-15,40.8,37.9,51.8
2011-12-16,75.8,5.2,1.0
2011-12-17,23.5,9.3,5.1
2011-12-18,2.9,34.9,50.1
2011-12-19,11.0,27.2,38.3
2011-12-20,68.0,33.8,44.9
2011-12-21,35.9,0.8,0.0
2011-12-22,6.0,22.0,26.9
2011-12-23,22.0,30.9,47.3
2011-12-24,35.0,2.8,0.0
2011-12-25,3.0,4.7,1.0
2011-12-26,0.0,0.3,0.0
2011-12-27,8.0,3.3,0.0
2011-12-28,0.0,0.1,0.0
2011-12-29,0.0,2.8,0.0
2012-01-01,0.0,0.0,0.0
2012-01-02,0.0,0.0,0.0
2012-01-03,0.0,0.0,0.0
2012-01-04,3.0,0.4,0.0
2012-01-05,0.0,13.5,12.2
2012-01-07,35.0,8.7,4.0
2012-01-09,0.0,3.8,0.0
2012-01-10,35.3,1.1,0.0
2012-01-11,0.0,22.5,25.7
2012-01-12,17.4,55.7,67.4
2012-01-13,130.2,16.2,13.9
2012-01-14,6.4,19.9,21.3
2012-01-16,3.2,2.2,0.0
2012-01-17,5.4,17.3,15.3
2012-01-18,18.9,0.0,0.0
2012-01-19,0.0,0.3,0.0
2012-01-20,0.0,5.4,0.0
2012-01-21,0.0,0.3,0.0
2012-01-22,0.0,0.7,0.0
2012-01-23,0.0,0.0,0.0
2012-01-24,0.0,0.3,0.0
2012-01-25,0.0,4.0,0.0
2012-01-26,0.0,0.2,0.0
2012-01-27,0.0,0.0,0.0
2012-01-28,3.5,0.5,0.0
2012-01-29,0.0,0.1,0.0
2012-01-30,0.0,0.3,0.0
2012-02-01,0.0,68.5,161.2
2012-02-02,0.0,20.4,25.0
2012-02-03,0.0,2.9,0.0
2012-02-04,0.0,14.2,15.1
2012-02-05,0.0,4.6,0.0
2012-02-06,48.0,2.9,0.0
2012-02-07,37.0,6.5,1.0
2012-02-08,3.0,3.4,0.0
2012-02-09,35.0,25.4,49.5
2012-02-10,2.0,0.1,0.0
2012-02-11,19.0,8.9,6.1
2012-02-12,1.0,4.9,1.0
2012-02-13,0.0,0.8,0.0
2012-02-14,0.0,6.4,2.0
2012-02-16,82.0,34.5,78.9
2012-02-17,0.0,4.3,0.0
2012-02-18,0.0,14.2,15.5
2012-02-19,0.0,3.0,0.0
2012-02-20,0.0,0.9,0.0
2012-02-21,0.0,0.8,0.0
2012-02-22,9.0,34.0,74.1
2012-02-23,2.0,23.1,47.4
2012-02-24,20.0,12.4,16.3
2012-02-25,0.0,18.3,30.6
2012-02-26,4.0,31.3,72.6
2012-02-27,0.0,2.7,0.0
2012-02-29,0.0,25.7,57.5
2012-03-01,31.0,26.0,53.5
2012-03-02,0.0,7.0,2.1
2012-03-03,14.0,3.0,0.0
2012-03-04,43.0,15.1,17.6
2012-03-05,0.0,6.9,2.0
2012-03-06,7.0,3.5,0.0
2012-03-07,197.0,18.8,29.5
2012-03-08,1.0,4.1,0.0
2012-03-10,43.0,5.3,1.0
2012-03-12,0.0,4.0,0.0
2012-03-13,0.0,1.4,0.0
2012-03-14,0.0,4.5,1.0
2012-03-16,0.0,0.5,0.0
2012-03-17,0.0,3.3,0.0
2012-03-18,0.0,1.0,0.0
2012-03-19,0.0,1.9,0.0
2012-03-20,0.0,0.4,0.0
2012-03-21,0.0,0.0,0.0
2012-03-22,0.0,0.0,0.0
2012-03-23,0.0,0.1,0.0
2012-03-24,0.0,0.0,0.0
2012-03-25,0.0,0.0,0.0
2012-03-26,0.0,0.3,0.0
2012-03-27,3.0,2.6,0.0
2012-03-29,30.0,3.6,0.0
2012-03-30,14.0,18.8,21.7
2012-03-31,22.0,7.9,2.3
2012-04-01,1.0,0.3,0.0
2012-04-02,0.0,0.0,0.0
2012-04-03,0.0,0.8,0.0
2012-04-04,17.0,0.4,0.0
2012-04-05,0.0,0.0,0.0
2012-04-06,0.0,0.5,0.0
2012-04-07,0.0,0.8,0.0
2012-04-08,0.0,130.6,160.0
2012-04-09,0.0,4.6,1.0
2012-04-10,0.0,3.1,0.0
2012-04-11,0.0,40.4,69.7
2012-04-12,0.0,0.3,0.0
2012-04-13,0.0,1.3,0.0
2012-04-16,8.0,26.3,41.1
2012-04-17,0.0,16.2,17.0
2012-04-18,0.0,2.6,0.0
2012-04-19,57.0,16.4,17.3
2012-04-20,6.0,9.3,6.2
2012-04-21,0.0,1.7,0.0
2012-04-22,0.0,0.6,0.0
2012-04-23,43.0,1.5,0.0
2012-04-24,0.0,1.0,0.0
2012-04-25,0.0,6.7,1.0
2012-04-26,17.0,8.4,2.7
2012-04-27,0.0,0.3,0.0
2012-04-28,0.0,0.0,0.0
2012-04-29,5.0,1.6,0.0
2012-04-30,0.0,3.7,0.0
2012-05-01,0.0,12.8,10.3
2012-05-02,26.0,44.2,72.2
2012-05-04,3.0,5.3,1.0
2012-05-05,0.0,0.4,0.0
2012-05-06,0.0,7.5,3.2
2012-05-07,0.0,2.2,0.0
2012-05-08,0.0,0.4,0.0
2012-05-09,59.0,1.6,0.0
2012-05-10,25.0,26.0,38.1
2012-05-11,78.0,6.3,2.2
2012-05-12,0.0,0.1,0.0
2012-05-13,0.0,0.1,0.0
2012-05-14,0.0,0.7,0.0
2012-05-15,0.0,1.5,0.0
2012-05-16,0.0,2.7,0.0
2012-05-17,0.0,0.0,0.0
2012-05-18,0.0,5.2,1.0
2012-05-19,0.0,0.6,0.0
2012-05-20,7.0,4.6,1.0
2012-05-21,35.0,8.4,5.7
2012-05-22,23.0,110.0,154.6
2012-05-24,0.0,3.3,0.0
2012-05-25,0.0,2.1,0.0
2012-05-26,3.0,10.2,8.8
2012-05-27,0.0,3.8,0.0
2012-05-28,0.0,4.1,0.0
2012-05-30,113.0,24.5,49.7
2012-06-01,0.0,0.9,0.0
2012-06-02,0.0,0.4,0.0
2012-06-03,0.0,1.5,0.0
2012-06-04,0.0,2.1,0.0
2012-06-05,13.0,5.4,1.0
2012-06-06,0.0,2.3,0.0
2012-06-08,68.0,19.9,47.8
2012-06-09,2.0,14.1,21.8
2012-06-10,0.0,0.0,0.0
2012-06-11,0.0,0.0,0.0
2012-06-12,0.0,0.0,0.0
2012-06-13,0.0,0.0,0.0
2012-06-14,0.0,0.0,0.0
2012-06-15,0.0,0.0,0.0
2012-06-16,0.0,0.0,0.0
2012-06-17,0.0,0.0,0.0
2012-06-18,0.0,0.2,0.0
2012-06-19,94.0,1.0,0.0
2012-06-20,0.0,0.1,0.0
2012-06-21,8.0,11.3,13.7
2012-06-22,0.0,0.2,0.0
2012-06-24,0.0,0.0,0.0
2012-06-25,0.0,0.4,0.0
2012-06-27,34.0,15.2,24.0
2012-06-28,0.0,0.1,0.0
2012-06-29,0.0,0.3,0.0
2012-06-30,0.0,3.5,0.0
2012-07-01,0.0,5.1,1.0
2012-07-02,12.0,12.1,16.5
2012-07-03,9.0,1.7,0.0
2012-07-04,105.0,4.6,0.0
2012-07-05,0.0,4.6,0.0
2012-07-06,0.0,0.6,0.0
2012-07-07,0.0,5.9,2.1
2012-07-08,23.0,10.3,12.4
2012-07-09,59.0,9.2,17.8
2012-07-10,0.0,2.1,0.0
2012-07-11,17.0,37.5,83.9
2012-07-12,0.0,0.0,0.0
2012-07-13,2.0,8.5,4.8
2012-07-14,1.0,4.3,0.0
2012-07-15,5.0,2.2,0.0
2012-07-16,11.0,18.5,39.2
2012-07-17,18.0,22.0,44.6
2012-07-18,0.0,1.3,0.0
2012-07-19,0.0,2.8,0.0
2012-07-20,0.0,6.4,1.8
2012-07-22,9.0,0.7,0.0
2012-07-23,0.0,0.1,0.0
2012-07-24,13.0,26.0,81.8
2012-07-25,0.0,0.0,0.0
2012-07-26,0.0,0.5,0.0
2012-07-27,0.0,0.0,0.0
2012-07-30,5.0,0.2,0.0
2012-07-31,5.0,0.0,0.0
2012-08-01,0.0,1.4,0.0
2012-08-02,0.0,4.3,1.8
2012-08-03,45.0,10.1,22.3
2012-08-04,0.0,4.0,1.3
2012-08-05,0.0,3.2,1.0
2012-08-06,0.0,10.7,18.3
2012-08-07,0.0,0.4,0.0
2012-08-08,0.0,0.3,0.0
2012-08-09,0.0,0.0,0.0
2012-08-10,0.0,0.2,0.0
2012-08-11,0.0,0.0,0.0
2012-08-14,9.0,0.5,0.0
2012-08-15,6.0,0.2,0.0
2012-08-16,0.0,1.7,0.0
2012-08-17,10.0,5.7,1.0
2012-08-18,0.0,0.1,0.0
2012-08-19,10.0,9.1,6.4
2012-08-20,0.0,2.5,0.0
2012-08-21,3.0,17.1,25.3
2012-08-22,0.0,0.2,0.0
2012-08-23,35.0,7.0,2.5
2012-08-24,0.0,1.6,0.0
2012-08-25,0.0,0.3,0.0
2012-08-26,5.0,20.3,48.9
2012-08-27,83.0,7.4,3.3
2012-08-30,5.0,13.5,17.9
2012-08-31,0.0,0.0,0.0
2012-09-01,0.0,0.2,0.0
2012-09-02,0.0,0.0,0.0
2012-09-03,0.0,0.0,0.0
2012-09-04,16.0,8.9,7.9
2012-09-05,7.0,1.5,0.0
2012-09-06,7.0,16.5,20.2
2012-09-07,0.0,0.6,0.0
2012-09-08,3.0,5.5,2.2
2012-09-09,42.0,26.5,49.3
2012-09-10,76.0,9.1,8.2
2012-09-11,13.0,5.8,0.0
2012-09-12,0.0,38.5,92.0
2012-09-13,0.0,0.9,0.0
2012-09-14,0.0,14.5,17.4
2012-09-15,12.0,5.9,1.0
2012-09-16,0.0,1.3,0.0
2012-09-17,0.0,0.3,0.0
2012-09-18,0.0,0.6,0.0
2012-09-19,2.0,12.3,13.4
2012-09-20,9.0,25.5,60.1
2012-09-21,0.0,5.8,1.0
2012-09-23,38.0,10.9,11.1
2012-09-24,10.0,15.0,21.0
2012-09-25,0.0,1.0,0.0
2012-09-26,0.0,2.7,0.0
2012-09-27,0.0,2.1,0.0
2012-09-28,0.0,4.6,0.0
2012-09-29,0.0,0.0,0.0
2012-09-30,0.0,0.0,0.0
2012-10-01,0.0,0.6,0.0
2012-10-02,0.0,2.8,0.0
2012-10-04,0.0,3.5,0.0
2012-10-05,0.0,4.2,0.0
2012-10-06,0.0,2.2,0.0
2012-10-07,0.0,8.1,7.8
2012-10-08,0.0,3.0,0.0
2012-10-09,0.0,2.6,0.0
2012-10-10,0.0,14.2,22.0
2012-10-13,4.0,11.8,11.2
2012-10-14,0.0,34.3,71.1
2012-10-16,8.0,6.8,3.3
2012-10-17,0.0,33.0,70.1
2012-10-18,0.0,84.1,159.0
2012-10-19,12.0,33.4,70.0
2012-10-21,84.0,16.7,14.8
2012-10-22,0.0,15.7,13.3
2012-10-23,3.0,14.4,11.4
2012-10-24,0.0,8.6,3.4
2012-10-25,26.0,25.4,36.6
2012-10-26,38.0,17.0,15.2
2012-10-27,0.0,4.7,0.0
2012-10-28,0.0,13.3,9.9
2012-10-29,13.0,13.6,10.4
2012-10-30,44.0,53.5,89.2
2012-10-31,125.0,26.0,37.6
2012-11-02,24.0,25.1,25.0
2012-11-03,255.0,70.4,99.1
2012-11-06,41.0,17.4,15.3
2012-11-07,190.0,20.4,19.1
2012-11-08,14.0,7.7,3.3
2012-11-09,38.0,52.7,71.1
2012-11-10,3.0,7.8,3.5
2012-11-11,15.0,10.2,4.8
2012-11-12,0.0,2.4,0.0
2012-11-13,70.0,31.5,58.4
2012-11-14,0.0,9.2,3.4
2012-11-15,0.0,31.4,57.5
2012-11-16,2.0,10.0,4.6
2012-11-17,48.0,54.1,124.0
2012-11-18,0.0,6.5,1.0
2012-11-19,95.0,15.3,13.0
2012-11-20,0.0,0.0,0.0
2012-11-21,0.0,2.7,0.0
2012-11-22,0.0,24.7,27.6
2012-11-23,76.0,73.0,139.2
2012-11-24,0.0,1.8,0.0
2012-11-25,3.0,5.4,1.0
2012-11-26,55.0,61.3,113.0
2012-11-27,3.0,34.1,53.6
2012-11-28,0.0,11.4,8.1
2012-11-30,0.0,22.8,26.3
2012-12-01,89.0,26.8,41.7
2012-12-02,0.0,5.7,0.0
2012-12-03,0.0,4.3,0.0
2012-12-04,0.0,4.9,0.0
2012-12-05,0.0,2.5,0.0
2012-12-06,0.0,0.8,0.0
2012-12-07,2.0,7.8,2.8
2012-12-08,52.0,34.7,54.5
2012-12-10,0.0,4.6,0.0
2012-12-11,170.0,40.3,53.0
2012-12-12,25.0,6.9,2.1
2012-12-13,10.0,1.0,0.0
2012-12-14,26.0,37.6,52.8
2012-12-15,69.0,11.7,8.3
2012-12-16,20.0,2.9,0.0
2012-12-17,14.0,17.6,16.1
2012-12-18,19.0,11.0,7.4
2012-12-19,1.0,9.1,5.0
2012-12-20,16.0,8.0,3.5
2012-12-21,8.0,13.4,11.8
2012-12-22,1.0,11.4,9.2
2012-12-23,1.0,8.2,4.9
2012-12-24,3.0,34.0,50.0
2012-12-25,9.0,4.5,1.0
2012-12-27,1.0,4.6,1.0
2012-12-29,177.0,53.3,85.7
2012-12-30,177.0,5.0,1.0
2012-12-31,29.0,11.6,9.3
2013-01-01,23.0,3.8,0.0
2013-01-02,0.0,3.1,0.0
2013-01-03,5.0,0.4,0.0
2013-01-04,0.0,0.2,0.0
2013-01-05,0.0,0.1,0.0
2013-01-06,0.0,4.9,0.0
2013-01-08,10.0,3.0,0.0
2013-01-09,37.0,3.7,0.0
2013-01-10,2.0,0.2,0.0
2013-01-11,0.0,2.3,0.0
2013-01-12,0.0,0.1,0.0
2013-01-14,79.6,0.7,0.0
2013-01-15,0.0,8.7,3.9
2013-01-16,1.0,0.0,0.0
2013-01-17,0.0,0.1,0.0
2013-01-18,0.0,0.0,0.0
2013-01-19,3.5,0.1,0.0
2013-01-20,0.0,1.5,0.0
2013-01-21,0.0,0.4,0.0
2013-01-22,0.0,20.2,26.6
2013-01-23,34.5,33.2,61.1
2013-01-24,25.0,13.9,12.8
2013-01-25,0.0,5.5,0.0
2013-01-26,0.0,21.3,31.9
2013-01-27,4.0,4.9,0.0
2013-01-28,17.0,9.2,4.6
2013-01-29,3.5,0.0,0.0
2013-01-30,0.0,2.9,0.0
2013-01-31,0.0,0.4,0.0
2013-02-01,0.0,1.5,0.0
2013-02-02,0.0,0.4,0.0
2013-02-03,0.0,9.2,4.7
2013-02-04,25.0,41.0,93.0
2013-02-05,13.0,13.0,11.9
2013-02-06,3.0,14.4,13.1
2013-02-07,90.0,42.1,95.5
2013-02-08,50.0,2.7,0.0
2013-02-09,4.5,15.0,15.4
2013-02-10,4.5,7.5,1.8
2013-02-11,0.0,0.1,0.0
2013-02-12,0.0,41.6,97.7
2013-02-13,21.2,3.8,0.0
2013-02-14,3.0,2.0,0.0
2013-02-15,10.0,19.9,34.2
2013-02-16,26.0,53.5,123.5
2013-02-17,20.5,5.7,1.0
2013-02-18,20.5,52.1,121.2
2013-02-19,40.5,16.8,19.2
2013-02-20,0.0,2.9,0.0
2013-02-21,11.5,28.7,60.6
2013-02-22,0.0,0.7,0.0
2013-02-23,0.0,26.8,53.6
2013-02-24,0.0,10.6,12.6
2013-02-25,3.0,2.2,0.0
2013-02-26,0.0,3.6,0.0
2013-02-27,0.0,0.2,0.0
2013-02-28,1.5,0.8,0.0
2013-03-01,0.0,3.5,0.0
2013-03-02,0.0,0.0,0.0
2013-03-03,0.0,1.2,0.0
2013-03-04,0.0,0.5,0.0
2013-03-05,0.0,0.0,0.0
2013-03-06,0.0,0.2,0.0
2013-03-07,0.0,0.0,0.0
2013-03-08,7.0,4.0,0.0
2013-03-09,0.0,0.1,0.0
2013-03-10,0.0,0.1,0.0
2013-03-11,0.0,0.1,0.0
2013-03-12,3.0,8.9,6.5
2013-03-13,0.0,0.5,0.0
2013-03-14,4.0,8.8,6.3
2013-03-15,10.0,17.2,21.4
2013-03-16,0.0,17.6,22.9
2013-03-17,0.0,8.4,5.6
2013-03-18,3.5,3.4,0.0
2013-03-19,0.0,30.6,74.9
2013-03-20,0.0,11.8,11.9
2013-03-21,0.0,0.5,0.0
2013-03-23,0.0,5.1,0.0
2013-03-24,0.0,2.7,0.0
2013-03-25,15.0,12.4,8.3
2013-03-26,24.0,18.5,18.5
2013-03-27,0.0,2.1,0.0
2013-03-28,1.0,9.0,3.7
2013-03-29,0.0,2.9,0.0
2013-03-31,0.0,0.7,0.0
2013-04-01,6.0,28.1,38.7
2013-04-02,44.0,30.7,49.5
2013-04-03,21.5,6.4,3.0
2013-04-04,54.5,11.6,10.1
2013-04-05,113.0,41.0,68.3
2013-04-06,43.0,26.0,37.2
2013-04-07,15.0,5.1,1.4
2013-04-08,3.0,0.7,0.0
2013-04-09,0.0,0.2,0.0
2013-04-10,0.0,0.2,0.0
2013-04-11,0.0,0.0,0.0
2013-04-12,0.0,0.2,0.0
2013-04-13,0.0,2.8,0.0
2013-04-14,1.0,0.3,0.0
2013-04-15,11.0,5.6,1.1
2013-04-16,13.0,10.6,8.1
2013-04-17,12.0,4.8,1.0
2013-04-18,0.0,0.8,0.0
2013-04-19,0.0,0.0,0.0
2013-04-20,0.0,1.2,0.0
2013-04-21,0.0,1.5,0.0
2013-04-23,5.0,4.9,0.0
2013-04-25,4.5,6.6,1.0
2013-04-26,2.8,3.9,0.0
2013-04-27,55.0,4.7,0.0
2013-04-28,0.0,3.5,0.0
2013-04-29,0.0,0.3,0.0
2013-04-30,0.0,10.7,5.4
2013-05-01,0.0,0.7,0.0
2013-05-02,0.0,0.1,0.0
2013-05-03,44.0,20.2,23.2
2013-05-04,13.0,3.4,0.0
2013-05-05,19.0,24.9,36.4
2013-05-06,4.5,3.0,0.0
2013-05-07,25.5,18.5,20.3
2013-05-08,3.0,0.2,0.0
2013-05-09,2.0,0.7,0.0
2013-05-10,0.5,0.1,0.0
2013-05-11,0.0,0.1,0.0
2013-05-12,0.0,0.0,0.0
2013-05-13,0.0,0.0,0.0
2013-05-14,0.0,0.0,0.0
2013-05-16,0.0,0.4,0.0
2013-05-17,0.0,0.0,0.0
2013-05-18,0.0,0.0,0.0
2013-05-19,0.0,0.0,0.0
2013-05-20,0.0,0.0,0.0
2013-05-21,13.0,29.4,55.8
2013-05-22,0.0,0.4,0.0
2013-05-23,0.0,3.8,0.0
2013-05-24,3.0,20.7,36.9
2013-05-25,0.0,0.1,0.0
2013-05-26,0.0,14.2,16.4
2013-05-27,0.0,2.2,0.0
2013-05-28,0.0,0.0,0.0
2013-05-29,1.0,8.1,5.3
2013-05-30,0.0,0.3,0.0
2013-05-31,0.0,0.0,0.0
2013-06-01,0.8,0.1,0.0
2013-06-02,6.0,5.0,1.0
2013-06-03,20.0,24.0,57.4
2013-06-04,3.0,6.9,3.9
2013-06-05,2.0,0.0,0.0
2013-06-06,0.0,0.0,0.0
2013-06-07,0.0,0.2,0.0
2013-06-08,1.0,16.5,31.0
2013-06-09,13.0,10.6,11.9
2013-06-10,90.5,60.6,138.2
2013-06-11,20.5,10.1,14.4
2013-06-12,0.0,1.3,0.0
2013-06-13,0.0,0.3,0.0
2013-06-14,0.5,5.3,2.3
2013-06-15,4.0,0.9,0.0
2013-06-16,25.0,12.1,21.9
2013-06-17,0.0,5.0,1.6
2013-06-18,0.0,0.0,0.0
2013-06-20,0.0,0.0,0.0
2013-06-21,0.0,2.7,0.0
2013-06-22,0.0,0.0,0.0
2013-06-23,0.0,0.0,0.0
2013-06-24,0.0,0.0,0.0
2013-06-25,0.0,2.3,0.0
2013-06-26,14.0,12.2,19.1
2013-06-28,0.0,0.1,0.0
2013-06-29,20.0,9.0,10.0
2013-06-30,7.0,10.7,15.1
2013-07-02,0.0,3.1,0.0
2013-07-03,26.0,4.6,0.0
2013-07-04,62.0,17.2,36.6
2013-07-05,0.0,4.2,0.0
2013-07-06,0.0,0.0,0.0
2013-07-07,0.0,0.0,0.0
2013-07-08,61.0,14.6,21.4
2013-07-09,12.0,7.8,6.0
2013-07-10,0.0,3.4,0.0
2013-07-11,1.8,3.8,0.0
2013-07-12,49.0,31.8,62.1
2013-07-13,0.0,4.3,0.0
2013-07-14,6.0,19.0,36.3
2013-07-15,0.0,1.0,0.0
2013-07-16,0.0,1.9,0.0
2013-07-17,20.0,21.7,40.9
2013-07-19,0.0,0.0,0.0
2013-07-20,0.0,0.4,0.0
2013-07-21,0.0,0.2,0.0
2013-07-22,0.0,0.0,0.0
2013-07-23,0.0,0.0,0.0
2013-07-24,0.0,0.9,0.0
2013-07-25,0.0,0.2,0.0
2013-07-26,1.0,6.3,4.7
2013-07-27,0.0,0.5,0.0
2013-07-28,4.0,29.1,86.7
2013-07-29,0.0,3.0,0.0
2013-07-30,22.0,10.9,16.6
2013-07-31,34.0,19.0,55.2
2013-08-01,21.0,8.4,16.2
2013-08-02,0.0,0.5,0.0
2013-08-03,5.0,2.9,0.0
2013-08-04,15.0,11.6,20.1
2013-08-05,0.0,3.5,1.0
2013-08-06,4.0,2.0,0.0
2013-08-07,119.0,18.8,60.9
2013-08-08,39.0,24.7,81.2
2013-08-09,0.0,1.4,0.0
2013-08-10,22.0,16.5,49.2
2013-08-11,0.0,3.9,0.0
2013-08-12,0.0,0.9,0.0
2013-08-13,0.0,0.0,0.0
2013-08-14,0.0,0.4,0.0
2013-08-15,0.0,1.0,0.0
2013-08-16,0.0,0.5,0.0
2013-08-17,0.0,0.0,0.0
2013-08-18,45.0,23.0,54.5
2013-08-19,139.0,33.4,80.2
2013-08-20,0.0,0.5,0.0
2013-08-21,0.0,0.4,0.0
2013-08-22,13.7,25.7,68.6
2013-08-23,0.0,0.1,0.0
2013-08-24,0.0,0.3,0.0
2013-08-25,0.0,0.0,0.0
2013-08-26,0.0,0.0,0.0
2013-08-27,0.0,0.4,0.0
2013-08-28,80.0,9.9,8.8
2013-08-29,0.0,0.2,0.0
2013-08-30,0.0,7.1,2.6
2013-08-31,0.0,0.9,0.0
2013-09-01,0.0,3.1,0.0
2013-09-02,0.0,0.5,0.0
2013-09-03,0.0,27.7,57.7
2013-09-04,15.6,25.5,51.3
2013-09-05,7.5,63.3,87.9
2013-09-06,0.0,13.4,15.9
2013-09-07,0.0,0.8,0.0
2013-09-08,2.5,0.4,0.0
2013-09-09,42.3,14.5,17.9
2013-09-10,39.5,19.2,27.1
2013-09-11,13.0,12.6,14.1
2013-09-12,21.5,10.0,8.2
2013-09-13,0.0,11.8,12.1
2013-09-14,0.0,5.3,0.0
2013-09-15,8.5,3.7,0.0
2013-09-16,0.0,22.9,52.8
2013-09-17,0.0,3.9,0.0
2013-09-18,0.0,2.8,0.0
2013-09-19,1.5,0.7,0.0
2013-09-20,8.5,0.2,0.0
2013-09-21,0.0,0.0,0.0
2013-09-22,0.9,0.6,0.0
2013-09-23,38.0,0.3,0.0
2013-09-24,10.0,0.5,0.0
2013-09-25,0.0,0.0,0.0
2013-09-26,0.0,22.1,54.2
2013-09-27,0.0,1.0,0.0
2013-09-28,0.0,7.3,3.4
2013-09-29,0.0,37.0,101.0
2013-09-30,0.0,0.7,0.0
2013-10-01,0.0,2.3,0.0
2013-10-02,2.0,2.6,0.0
2013-10-03,5.0,2.3,0.0
2013-10-04,0.0,0.2,0.0
2013-10-05,0.0,12.4,17.8
2013-10-06,0.0,13.5,20.4
2013-10-07,0.0,4.0,0.0
2013-10-08,0.0,7.7,6.8
2013-10-09,6.0,14.1,21.9
2013-10-10,0.0,6.0,3.1
2013-10-11,2.0,10.4,9.0
2013-10-12,4.5,4.0,1.0
2013-10-13,0.0,4.1,1.0
2013-10-14,13.0,28.2,54.8
2013-10-15,4.5,4.3,1.0
2013-10-16,0.0,2.2,0.0
2013-10-17,10.0,16.5,20.9
2013-10-18,1.2,14.3,15.4
2013-10-19,12.0,78.0,153.9
2013-10-20,10.0,11.5,10.7
2013-10-21,2.5,5.6,0.0
2013-10-22,57.5,6.9,1.3
2013-10-23,13.5,17.9,16.5
2013-10-24,0.0,1.4,0.0
2013-10-25,0.0,2.3,0.0
2013-10-26,0.0,8.4,3.3
2013-10-27,29.5,66.7,115.7
2013-10-28,0.0,1.4,0.0
2013-10-29,0.0,31.7,45.3
2013-10-30,0.0,12.0,8.0
2013-10-31,0.0,8.7,3.6
2013-11-01,51.0,62.4,83.4
2013-11-02,15.5,15.2,12.6
2013-11-03,25.4,40.5,50.0
2013-11-04,24.0,70.3,96.1
2013-11-05,65.0,33.1,41.9
2013-11-06,0.0,2.1,0.0
2013-11-07,0.0,23.7,23.3
2013-11-08,30.5,20.1,18.7
2013-11-09,4.5,10.3,6.5
2013-11-10,10.0,9.1,5.1
2013-11-11,1.0,30.6,56.3
2013-11-12,0.0,5.3,0.0
2013-11-13,7.0,36.6,70.8
2013-11-14,27.5,38.7,75.5
2013-11-15,40.0,19.0,19.7
2013-11-16,21.2,100.8,270.5
2013-11-17,140.9,13.8,10.6
2013-11-18,2.0,1.3,0.0
2013-11-19,20.0,45.5,95.0
2013-11-20,28.5,2.1,0.0
2013-11-21,2.0,1.0,0.0
2013-11-22,0.0,0.7,0.0
2013-11-23,1.0,5.0,0.0
2013-11-24,0.0,12.6,9.9
2013-11-25,0.0,22.8,26.4
2013-11-26,2.5,8.5,3.9
2013-11-27,1.0,4.8,0.0
2013-11-28,0.0,5.9,1.0
2013-11-29,1.5,53.3,91.7
2013-11-30,1.6,9.8,5.7
2013-12-01,18.0,21.8,25.5
2013-12-02,26.5,49.2,99.0
2013-12-03,199.0,63.8,144.7
2013-12-04,0.0,6.7,1.2
2013-12-05,0.0,14.0,12.5
2013-12-06,28.4,38.9,68.9
2013-12-07,32.0,35.9,62.6
2013-12-08,17.0,37.1,59.7
2013-12-09,21.0,38.8,67.3
2013-12-10,14.2,15.7,15.3
2013-12-11,50.5,5.5,1.0
2013-12-12,54.0,15.7,13.5
2013-12-13,12.5,6.3,1.3
2013-12-14,0.0,0.7,0.0
2013-12-15,6.5,1.3,0.0
2013-12-16,8.0,2.1,0.0
2013-12-17,7.0,0.4,0.0
2013-12-18,3.0,2.1,0.0
2013-12-19,2.2,8.3,3.8
2013-12-21,0.0,0.6,0.0
2013-12-22,0.0,1.5,0.0
2013-12-23,50.0,1.2,0.0
2013-12-24,0.0,11.9,9.8
2013-12-25,0.0,0.9,0.0
2013-12-26,0.0,0.1,0.0
2013-12-28,118.0,68.1,106.4
2013-12-29,64.0,79.7,122.5
2013-12-30,0.0,2.7,0.0
2013-12-31,0.0,9.6,6.7
2014-01-01,0.0,0.2,0.0
2014-01-02,0.0,82.5,109.4
2014-01-03,4.6,71.2,111.7
2014-01-04,50.0,15.6,19.8
2014-01-05,18.0,9.0,4.6
2014-01-06,16.0,35.5,82.0
2014-01-07,0.0,2.3,0.0
2014-01-08,0.0,1.3,0.0
2014-01-09,45.8,4.7,0.0
2014-01-10,13.4,3.3,0.0
2014-01-11,0.0,30.2,45.7
2014-01-12,0.0,32.1,45.1
2014-01-13,0.1,4.4,0.0
2014-01-14,0.0,3.9,0.0
2014-01-15,0.0,0.3,0.0
2014-01-16,0.0,1.3,0.0
2014-01-17,0.0,0.0,0.0
2014-01-18,0.0,0.0,0.0
2014-01-19,0.0,0.1,0.0
2014-01-20,0.0,0.4,0.0
2014-01-22,0.0,1.0,0.0
2014-01-23,0.3,0.7,0.0
2014-01-24,13.5,2.6,0.0
2014-01-25,0.5,0.0,0.0
2014-01-26,2.4,0.4,0.0
2014-01-27,1.0,0.1,0.0
2014-01-28,8.5,0.0,0.0
2014-01-29,0.0,0.0,0.0
2014-01-30,7.4,0.4,0.0
2014-01-31,0.0,0.0,0.0
2014-02-01,0.0,0.5,0.0
2014-02-02,80.5,0.1,0.0
2014-02-03,105.0,1.0,0.0
2014-02-04,2.7,11.5,9.0
2014-02-05,0.0,0.6,0.0
2014-02-06,0.0,3.8,0.0
2014-02-07,0.0,0.8,0.0
2014-02-08,0.0,3.5,0.0
2014-02-09,0.0,0.0,0.0
2014-02-10,0.0,0.0,0.0
2014-02-11,0.0,0.1,0.0
2014-02-12,0.0,0.1,0.0
2014-02-13,0.0,0.3,0.0
2014-02-14,0.0,0.1,0.0
2014-02-15,0.0,0.0,0.0
2014-02-16,0.0,0.0,0.0
2014-02-17,0.0,0.2,0.0
2014-02-18,0.0,1.1,0.0
2014-02-19,0.1,0.0,0.0
2014-02-20,0.8,0.9,0.0
2014-02-21,9.8,84.8,213.6
2014-02-22,0.0,15.3,22.3
2014-02-23,0.0,0.0,0.0
2014-02-24,0.0,0.2,0.0
2014-02-25,1.5,0.7,0.0
2014-02-26,74.7,2.8,0.0
2014-02-27,72.0,0.2,0.0
2014-02-28,0.3,0.1,0.0
2014-03-01,0.0,23.7,44.7
2014-03-02,0.0,1.7,0.0
2014-03-03,0.0,5.8,1.0
2014-03-04,3.8,11.1,9.5
2014-03-05,0.0,6.9,2.0
2014-03-06,23.0,0.9,0.0
2014-03-07,6.0,0.0,0.0
2014-03-08,0.0,0.0,0.0
2014-03-09,4.5,0.0,0.0
2014-03-10,16.0,0.0,0.0
2014-03-11,0.0,0.0,0.0
2014-03-12,7.8,1.6,0.0
2014-03-13,0.0,0.7,0.0
2014-03-14,8.4,0.0,0.0
2014-03-15,4.4,1.7,0.0
2014-03-16,0.0,11.3,11.0
2014-03-17,0.0,3.6,0.0
2014-03-18,0.4,27.0,64.2
2014-03-19,12.0,93.1,129.3
2014-03-20,0.6,18.6,25.0
2014-03-21,21.5,73.3,161.0
2014-03-22,34.2,7.9,2.3
2014-03-23,38.7,0.1,0.0
2014-03-24,3.4,0.0,0.0
2014-03-25,63.0,1.0,0.0
2014-03-26,6.5,4.6,0.0
2014-03-27,0.0,4.8,0.0
2014-03-28,18.2,0.3,0.0
2014-03-29,13.7,6.6,1.0
2014-03-30,1.0,0.6,0.0
2014-03-31,0.3,31.4,47.5
2014-04-01,0.0,21.3,23.7
2014-04-02,0.0,0.8,0.0
2014-04-03,2.5,16.3,17.0
2014-04-04,0.0,6.1,2.6
2014-04-05,0.0,44.1,68.1
2014-04-06,0.0,4.2,1.0
2014-04-07,21.0,3.3,0.0
2014-04-08,36.0,0.0,0.0
2014-04-09,25.4,0.2,0.0
2014-04-10,0.0,6.3,2.8
2014-04-11,0.0,16.5,17.6
2014-04-12,0.9,0.2,0.0
2014-04-13,0.0,2.3,0.0
2014-04-14,32.6,18.4,22.6
2014-04-15,21.0,41.7,78.4
2014-04-16,4.0,19.3,21.0
2014-04-17,8.6,16.9,18.2
2014-04-18,11.3,22.8,34.8
2014-04-19,0.0,3.3,0.0
2014-04-20,6.0,22.0,33.7
2014-04-22,0.0,0.2,0.0
2014-04-24,10.6,5.1,0.0
2014-04-25,14.4,4.7,0.0
2014-04-26,1.4,2.8,0.0
2014-04-27,0.0,12.9,8.5
2014-04-28,2.4,0.6,0.0
2014-04-29,157.5,5.8,1.0
2014-04-30,33.7,9.3,3.7
2014-05-01,0.0,4.1,0.0
2014-05-02,0.0,4.6,1.0
2014-05-03,0.0,0.1,0.0
2014-05-04,0.0,1.6,0.0
2014-05-05,0.0,2.3,0.0
2014-05-06,9.5,1.4,0.0
2014-05-07,1.0,27.5,44.6
2014-05-08,25.0,7.5,3.2
2014-05-09,20.5,8.1,3.9
2014-05-10,1.0,15.2,13.2
2014-05-11,11.2,8.9,6.2
2014-05-12,3.0,3.6,0.0
2014-05-13,55.0,30.3,54.5
2014-05-14,52.0,1.8,0.0
2014-05-15,1.0,16.9,18.7
2014-05-16,3.2,1.1,0.0
2014-05-17,1.0,18.1,26.1
2014-05-18,6.2,31.1,56.7
2014-05-19,5.5,0.8,0.0
2014-05-20,0.0,11.9,10.9
2014-05-21,0.0,21.7,40.6
2014-05-22,7.0,1.4,0.0
2014-05-23,0.0,0.0,0.0
2014-05-24,0.0,0.1,0.0
2014-05-25,0.0,1.0,0.0
2014-05-26,0.3,27.9,55.0
2014-05-27,120.9,9.5,7.5
2014-05-28,0.3,0.2,0.0
2014-05-29,1.8,37.9,79.0
2014-05-30,38.5,3.9,0.0
2014-05-31,0.0,3.2,0.0
2014-06-01,1.0,8.7,7.7
2014-06-02,0.2,1.4,0.0
2014-06-03,0.0,17.9,38.2
2014-06-04,145.0,6.7,3.5
2014-06-05,80.0,28.0,71.6
2014-06-06,0.0,39.9,93.5
2014-06-07,4.8,1.3,0.0
2014-06-08,0.4,13.6,18.2
2014-06-09,0.0,0.5,0.0
2014-06-10,0.0,7.1,4.3
2014-06-11,2.0,3.3,0.0
2014-06-12,0.0,23.8,65.3
2014-06-13,41.0,10.4,16.3
2014-06-14,22.0,16.8,38.5
2014-06-15,3.6,1.3,0.0
2014-06-16,0.0,0.0,0.0
2014-06-17,0.0,6.0,3.9
2014-06-18,7.0,8.8,10.7
2014-06-19,24.5,0.3,0.0
2014-06-20,0.0,0.0,0.0
2014-06-21,0.0,0.0,0.0
2014-06-22,0.0,0.5,0.0
2014-06-23,16.0,4.5,1.1
2014-06-24,14.0,0.7,0.0
2014-06-25,0.0,6.5,4.7
2014-06-26,6.5,27.8,85.7
2014-06-27,4.0,0.5,0.0
2014-06-28,1.5,0.1,0.0
2014-06-29,0.0,0.3,0.0
2014-06-30,0.0,1.9,0.0
2014-07-01,0.0,3.0,0.0
2014-07-02,0.0,0.4,0.0
2014-07-03,0.0,17.5,36.9
2014-07-04,23.0,6.5,3.1
2014-07-05,40.0,1.2,0.0
2014-07-06,0.0,14.7,20.3
2014-07-07,42.0,8.1,6.9
2014-07-08,24.0,23.3,55.0
2014-07-09,41.7,3.4,0.0
2014-07-10,0.0,0.1,0.0
2014-07-11,0.0,3.3,0.0
2014-07-12,11.5,5.9,1.2
2014-07-13,29.1,2.1,0.0
2014-07-14,0.0,1.3,0.0
2014-07-15,0.1,0.0,0.0
2014-07-16,0.0,0.3,0.0
2014-07-17,0.0,0.4,0.0
2014-07-18,12.4,0.1,0.0
2014-07-19,5.0,0.0,0.0
2014-07-20,0.0,0.0,0.0
2014-07-21,0.0,0.0,0.0
2014-07-22,0.0,0.5,0.0
2014-07-23,0.0,0.0,0.0
2014-07-24,0.0,0.0,0.0
2014-07-25,0.0,0.0,0.0
2014-07-26,0.0,0.2,0.0
2014-07-27,0.0,0.0,0.0
2014-07-28,0.0,0.8,0.0
2014-07-29,0.0,0.8,0.0
2014-07-30,1.5,6.2,4.3
2014-07-31,19.5,3.7,0.0
2014-08-01,19.5,0.0,0.0
2014-08-02,0.0,3.5,1.0
2014-08-03,0.0,1.9,0.0
2014-08-04,14.5,1.6,0.0
2014-08-05,13.0,1.0,0.0
2014-08-06,0.0,6.0,5.6
2014-08-07,0.8,0.6,0.0
2014-08-08,14.2,0.7,0.0
2014-08-10,1.0,47.8,158.4
2014-08-11,25.5,30.6,73.0
2014-08-12,12.9,20.4,45.1
2014-08-13,5.5,25.3,52.5
2014-08-14,2.7,2.1,0.0
2014-08-15,1.0,4.7,0.0
2014-08-16,0.0,5.2,0.0
2014-08-17,0.7,0.2,0.0
2014-08-18,0.0,1.2,0.0
2014-08-19,0.0,0.0,0.0
2014-08-20,0.0,0.1,0.0
2014-08-22,0.0,0.5,0.0
2014-08-23,0.0,6.8,2.0
2014-08-24,17.3,15.6,24.6
2014-08-25,24.0,14.8,22.2
2014-08-26,3.5,1.1,0.0
2014-08-27,0.0,8.8,6.2
2014-08-28,0.0,14.3,20.1
2014-08-29,0.0,0.8,0.0
2014-08-30,0.0,44.2,122.0
2014-08-31,5.3,4.2,0.0
2014-09-01,0.0,8.7,7.5
2014-09-02,1.2,4.7,1.0
2014-09-03,2.5,0.0,0.0
2014-09-04,0.0,20.3,39.6
2014-09-05,28.0,21.7,42.6
2014-09-06,59.0,5.4,2.1
2014-09-08,0.0,0.0,0.0
2014-09-09,0.0,0.0,0.0
2014-09-11,0.0,2.4,0.0
2014-09-12,0.0,0.0,0.0
2014-09-14,7.0,3.6,0.0
2014-09-15,8.5,1.1,0.0
2014-09-16,0.0,0.0,0.0
2014-09-17,0.0,0.9,0.0
2014-09-18,1.0,0.7,0.0
2014-09-19,0.0,38.5,95.8
2014-09-20,313.0,72.6,132.2
2014-09-21,95.5,0.9,0.0
2014-09-22,0.0,0.3,0.0
2014-09-23,0.0,0.0,0.0
2014-09-24,0.0,15.2,21.5
2014-09-25,7.0,16.2,24.0
2014-09-26,46.2,0.0,0.0
2014-09-27,0.0,0.7,0.0
2014-09-28,0.0,5.7,1.0
2014-09-29,7.0,15.4,22.1
2014-09-30,0.0,1.2,0.0
2014-10-01,0.0,15.4,24.2
2014-10-02,2.0,0.6,0.0
2014-10-03,11.0,9.6,11.2
2014-10-04,35.5,15.1,25.1
2014-10-05,73.0,2.6,0.0
2014-10-06,0.0,0.1,0.0
2014-10-07,0.7,0.7,0.0
2014-10-08,0.0,0.9,0.0
2014-10-09,0.0,10.0,12.2
2014-10-10,3.5,0.0,0.0
2014-10-11,0.0,14.1,15.0
2014-10-12,1.5,1.1,0.0
2014-10-13,0.0,1.0,0.0
2014-10-14,0.0,44.6,97.5
2014-10-15,82.2,2.8,0.0
2014-10-16,1.9,6.8,3.4
2014-10-17,0.2,51.3,112.1
2014-10-18,15.0,36.4,77.7
2014-10-19,27.0,4.0,1.0
2014-10-20,8.5,15.6,16.3
2014-10-21,0.5,8.0,2.8
2014-10-22,6.5,9.4,4.6
2014-10-23,38.0,1.5,0.0
2014-10-25,0.5,1.7,0.0
2014-10-27,0.0,45.9,72.1
2014-10-28,165.5,0.4,0.0
2014-10-29,0.0,23.8,32.9
2014-10-30,0.0,61.7,103.3
2014-10-31,29.0,39.0,59.5
2014-11-01,19.5,11.8,8.4
2014-11-02,1.5,34.1,41.0
2014-11-03,1.0,0.8,0.0
2014-11-04,0.0,1.1,0.0
2014-11-06,43.0,4.5,0.0
2014-11-07,15.0,48.2,63.4
2014-11-08,0.0,45.3,55.7
2014-11-09,23.2,1.2,0.0
2014-11-10,0.0,7.2,2.8
2014-11-11,1.0,12.0,7.5
2014-11-12,0.0,25.1,31.2
2014-11-13,22.0,35.1,71.9
2014-11-14,3.0,2.7,0.0
2014-11-15,2.0,0.9,0.0
2014-11-16,6.5,4.4,0.0
2014-11-17,0.0,13.3,9.8
2014-11-18,2.0,9.4,3.8
2014-11-19,1.5,20.4,22.2
2014-11-20,4.0,27.0,48.2
2014-11-21,5.0,1.8,0.0
2014-11-22,0.0,18.5,19.3
2014-11-23,5.5,36.2,58.1
2014-11-24,118.0,26.7,30.2
2014-11-25,0.0,13.2,10.8
2014-11-26,2.0,34.4,57.1
2014-11-27,0.0,0.9,0.0
2014-11-28,0.0,33.3,55.5
2014-11-29,77.0,33.7,56.8
2014-11-30,59.0,5.2,1.0
2014-12-02,7.7,19.2,21.0
2014-12-03,71.3,2.1,0.0
2014-12-04,0.0,3.2,0.0
2014-12-05,0.0,0.2,0.0
2014-12-08,7.5,7.9,3.0
2014-12-09,1.8,6.5,1.0
2014-12-10,6.5,10.6,7.1
2014-12-11,6.1,2.5,0.0
2014-12-12,0.0,2.6,0.0
2014-12-14,6.5,1.8,0.0
2014-12-17,1.7,0.0,0.0
2014-12-19,0.3,6.6,1.7
2014-12-20,0.0,3.7,0.0
2014-12-21,0.0,59.5,92.4
2014-12-22,5.3,41.3,65.5
2014-12-23,31.8,8.9,5.8
2014-12-24,0.0,8.4,5.2
2014-12-25,4.9,20.8,27.8
2014-12-26,10.0,16.7,16.3
2014-12-27,32.5,11.5,9.3
2014-12-29,1.5,0.8,0.0
2014-12-30,0.0,4.0,0.0
2014-12-31,2.8,34.6,51.2
2015-01-01,12.0,0.1,0.0
2015-01-02,0.0,0.2,0.0
2015-01-03,0.0,5.3,0.0
2015-01-04,0.0,1.1,0.0
2015-01-05,0.5,0.6,0.0
2015-01-06,4.0,0.0,0.0
2015-01-07,0.0,17.9,46.4
2015-01-08,6.5,28.2,68.4
2015-01-09,52.4,9.3,5.1
2015-01-10,13.7,7.0,1.5
2015-01-11,6.7,0.0,0.0
2015-01-12,0.0,0.0,0.0
2015-01-14,3.2,0.4,0.0
2015-01-15,9.5,0.0,0.0
2015-01-17,0.0,25.6,35.0
2015-01-18,47.0,1.2,0.0
2015-01-19,0.3,0.1,0.0
2015-01-20,0.0,0.9,0.0
2015-01-22,0.0,2.5,0.0
2015-01-23,23.5,26.9,45.9
2015-01-24,37.2,29.9,52.5
2015-01-25,29.0,2.8,0.0
2015-01-27,23.9,0.7,0.0
2015-01-29,1.6,1.0,0.0
2015-01-30,0.8,39.8,79.8
2015-01-31,0.8,2.8,0.0
2015-02-02,0.0,0.0,0.0
2015-02-03,0.0,0.1,0.0
2015-02-04,0.0,0.6,0.0
2015-02-06,20.0,8.1,2.9
2015-02-07,0.0,0.1,0.0
2015-02-08,0.0,0.1,0.0
2015-02-09,0.0,3.6,0.0
2015-02-10,3.0,0.0,0.0
2015-02-11,0.0,0.0,0.0
2015-02-12,0.0,4.2,0.0
2015-02-18,4.3,65.1,160.2
2015-02-19,177.2,2.2,0.0
2015-02-20,0.0,0.0,0.0
2015-02-22,0.0,0.5,0.0
2015-02-25,0.0,0.0,0.0
2015-02-26,0.0,0.6,0.0
2015-02-27,0.0,4.9,1.6
2015-03-01,80.0,15.7,18.8
2015-03-02,50.0,0.0,0.0
2015-03-04,0.0,1.7,0.0
2015-03-09,0.6,12.3,11.9
2015-03-10,4.5,13.7,14.6
2015-03-11,50.0,14.3,17.0
2015-03-13,0.0,9.3,7.2
2015-03-14,0.0,17.8,23.9
2015-03-15,66.2,25.5,56.5
2015-03-16,11.5,0.6,0.0
2015-03-19,0.0,50.1,119.2
2015-03-23,3.0,7.8,2.2
2015-03-24,6.4,51.2,106.3
2015-03-25,0.8,1.0,0.0
2015-04-01,35.0,5.6,2.0
2015-04-02,14.0,6.5,3.1
2015-04-06,3.0,0.1,0.0
2015-04-07,0.0,13.5,12.8
2015-04-08,10.0,11.2,9.4
2015-04-09,7.2,1.4,0.0
2015-04-13,7.7,16.6,17.6
2015-04-18,5.6,12.3,10.8
2015-04-20,21.9,2.8,0.0
2015-04-21,0.0,27.2,39.2
2015-04-22,10.8,25.1,31.2
2015-04-23,18.7,23.7,28.5
2015-04-24,67.6,2.7,0.0
2015-04-27,37.6,9.4,3.8
2015-04-29,2.8,6.8,1.0
2015-04-30,1.7,2.7,0.0
2015-05-01,0.0,4.4,0.0
2015-05-02,10.0,22.6,34.5
2015-05-03,40.6,7.6,3.3
2015-05-04,0.0,0.0,0.0
2015-05-06,0.0,0.0,0.0
2015-05-08,66.5,7.5,3.2
2015-05-09,4.6,0.0,0.0
2015-05-11,0.0,3.8,0.0
2015-05-14,22.5,28.2,50.2
2015-05-15,15.4,2.0,0.0
2015-05-16,0.0,12.2,11.3
2015-05-17,5.7,2.3,0.0
2015-05-20,1.8,1.7,0.0
2015-05-21,6.0,23.1,39.7
2015-05-22,0.2,0.0,0.0
2015-05-23,0.0,0.0,0.0
2015-05-25,1.0,16.2,20.3
2015-05-27,0.0,0.6,0.0
2015-05-28,0.0,22.1,39.2
2015-05-29,11.6,3.6,0.0
2015-06-01,29.6,5.7,1.5
2015-06-02,19.5,8.3,6.8
2015-06-03,4.3,0.5,0.0
2015-06-05,2.0,0.0,0.0
2015-06-06,2.0,24.8,62.2
2015-06-07,30.8,17.9,40.9
2015-06-08,0.6,14.3,26.4
2015-06-09,47.7,26.9,65.7
2015-06-10,2.6,7.2,4.5
2015-06-11,28.0,48.6,187.4
2015-06-12,103.5,8.5,10.1
2015-06-13,6.6,8.6,10.3
2015-06-14,10.4,1.7,0.0
2015-06-15,2.5,14.1,33.5
2015-06-16,8.3,0.0,0.0
2015-06-20,0.0,0.3,0.0
2015-06-21,0.0,0.0,0.0
2015-06-27,0.0,0.0,0.0
2015-06-30,0.0,0.0,0.0
2015-07-01,0.0,0.0,0.0
2015-07-02,0.0,0.0,0.0
2015-07-06,0.0,0.2,0.0
2015-07-07,0.0,0.7,0.0
2015-07-10,1.2,0.5,0.0
2015-07-11,0.0,12.7,12.1
2015-07-12,4.0,70.0,201.0
2015-07-13,42.5,46.0,109.0
2015-07-14,86.9,3.6,0.0
2015-07-18,0.5,0.2,0.0
2015-07-19,0.5,0.7,0.0
2015-07-20,1.0,0.0,0.0
2015-07-21,0.5,0.0,0.0
2015-07-22,0.0,0.0,0.0
2015-07-25,1.0,0.8,0.0
2015-07-27,28.0,0.0,0.0
2015-08-03,105.2,4.8,3.0
2015-08-04,2.5,0.3,0.0
2015-08-05,0.0,0.3,0.0
2015-08-06,0.0,22.4,74.2
2015-08-07,23.7,3.0,0.0
2015-08-08,9.0,2.0,0.0
2015-08-10,1.1,2.4,0.0
2015-08-11,1.2,3.6,0.0
2015-08-15,3.5,0.3,0.0
2015-08-16,1.4,3.5,0.0
2015-08-17,125.5,0.0,0.0
2015-08-19,2.5,0.0,0.0
2015-08-20,0.0,0.4,0.0
2015-08-21,0.0,3.3,0.0
2015-08-22,0.4,0.0,0.0
2015-08-27,3.1,0.2,0.0
2015-08-31,40.8,0.0,0.0
2015-09-03,0.0,0.0,0.0
2015-09-04,0.0,0.0,0.0
2015-09-05,0.0,0.0,0.0
2015-09-09,0.0,1.9,0.0
2015-09-10,0.5,3.8,0.0
2015-09-14,0.0,3.8,0.0
2015-09-15,20.8,3.8,0.0
2015-09-18,0.0,0.4,0.0
2015-09-20,0.0,21.0,47.7
2015-09-21,18.7,10.0,9.1
2015-09-22,2.0,6.3,1.5
2015-09-23,4.5,7.9,4.5
2015-09-25,1.0,1.4,0.0
2015-09-26,0.5,32.1,87.4
2015-09-27,13.1,16.3,24.3
2015-09-29,14.5,0.3,0.0
2015-10-03,3.5,0.0,0.0
2015-10-05,3.0,0.0,0.0
2015-10-08,22.7,2.3,0.0
2015-10-09,9.0,4.8,1.0
2015-10-11,1.0,0.0,0.0
2015-10-12,1.7,0.0,0.0
2015-10-13,3.0,0.0,0.0
2015-10-16,0.0,0.1,0.0
2015-10-19,0.0,0.6,0.0
2015-10-20,0.0,0.4,0.0
2015-10-24,0.0,0.1,0.0
2015-10-30,0.5,15.6,13.2
2015-10-31,36.0,2.8,0.0
2015-11-01,10.5,0.0,0.0
2015-11-03,35.0,21.6,20.6
2015-11-06,12.0,28.8,33.8
2015-11-07,36.2,24.2,23.9
2015-11-08,5.0,30.4,36.8
2015-11-09,14.1,17.6,15.6
2015-11-10,1.0,8.2,4.0
2015-11-11,54.6,57.8,131.3
2015-11-14,0.0,31.5,59.7
2015-11-15,12.0,50.3,114.7
2015-11-16,58.0,17.1,16.1
2015-11-17,34.5,0.3,0.0
2015-11-18,0.0,19.3,20.3
2015-11-19,1.0,13.8,10.5
2015-11-21,41.0,29.6,50.1
2015-11-22,27.6,36.6,59.1
2015-11-23,7.9,4.8,0.0
2015-11-24,1.0,32.8,49.1
2015-11-25,49.9,20.5,22.6
2015-11-26,23.0,17.8,18.0
2015-11-27,6.0,6.4,1.3
2015-11-29,10.0,39.0,67.0
2015-11-30,45.0,17.5,17.6
2015-12-01,82.0,48.4,91.1
2015-12-02,98.5,1.4,0.0
2015-12-04,8.0,15.4,14.7
2015-12-06,1.8,8.0,3.2
2015-12-08,1.3,12.1,9.4
2015-12-09,43.0,8.2,3.4
2015-12-10,4.7,20.7,23.6
2015-12-11,8.5,42.6,59.8
2015-12-12,79.5,29.2,40.8
2015-12-13,39.0,24.8,31.6
2015-12-15,8.2,27.0,34.3
2015-12-16,9.5,11.5,8.1
2015-12-17,0.0,0.0,0.0
2015-12-19,3.7,1.6,0.0
2015-12-23,3.7,2.8,0.0
2015-12-24,0.0,0.7,0.0
2015-12-29,0.0,9.8,7.0
2015-12-31,0.0,0.6,0.0
2016-01-01,0.0,9.9,6.1
2016-01-07,0.0,17.7,42.7
2016-01-08,9.0,0.5,0.0
2016-01-10,5.1,2.0,0.0
2016-01-15,16.0,19.1,18.6
2016-01-16,3.5,0.5,0.0
2016-01-18,1.0,36.3,51.3
2016-01-19,79.5,56.5,75.2
2016-01-20,46.0,2.1,0.0
2016-01-21,0.3,0.1,0.0
2016-01-26,0.0,0.1,0.0
2016-01-27,0.0,20.3,27.3
2016-01-28,52.4,21.7,34.4
2016-01-31,16.5,22.8,35.5
2016-02-01,32.5,4.7,0.0
2016-02-02,30.5,4.6,0.0
2016-02-04,0.0,0.7,0.0
2016-02-05,7.5,28.8,60.3
2016-02-06,107.0,44.5,99.6
2016-02-07,18.5,48.6,110.5
2016-02-08,20.8,11.8,9.5
2016-02-09,14.0,3.8,0.0
2016-02-11,12.5,0.1,0.0
2016-02-13,0.0,0.0,0.0
2016-02-15,0.0,0.0,0.0
2016-02-18,0.0,0.0,0.0
2016-02-21,0.2,7.7,6.8
2016-02-25,62.0,0.0,0.0
2016-03-01,19.0,0.0,0.0
2016-03-06,3.9,30.9,72.0
2016-03-07,8.0,6.9,2.0
2016-03-08,1.2,0.0,0.0
2016-03-10,13.0,4.4,0.0
2016-03-11,34.0,25.3,58.1
2016-03-12,52.5,5.8,1.4
2016-03-13,27.0,16.2,21.2
2016-03-14,4.6,2.6,0.0
2016-03-16,0.6,5.8,1.5
2016-03-17,0.9,19.9,33.4
2016-03-20,1.0,6.1,1.9
2016-03-21,54.0,119.7,301.4
2016-03-22,193.0,23.2,25.1
2016-03-23,24.2,1.9,0.0
2016-03-26,32.5,1.0,0.0
2016-03-28,1.0,4.5,0.0
2016-03-30,0.0,0.2,0.0
2016-04-01,7.0,0.9,0.0
2016-04-04,0.0,18.1,22.2
2016-04-05,18.0,25.4,35.9
2016-04-06,8.0,48.2,76.7
2016-04-07,3.2,10.7,8.8
2016-04-08,36.7,21.0,21.9
2016-04-09,2.7,0.3,0.0
2016-04-11,67.0,71.7,156.8
2016-04-12,166.0,10.5,7.9
2016-04-13,2.0,2.8,0.0
2016-04-17,12.0,10.3,7.7
2016-04-18,22.5,2.0,0.0
2016-04-20,0.0,13.8,13.1
2016-04-21,5.0,7.3,1.5
2016-04-23,3.5,1.6,0.0
2016-04-25,48.0,19.5,17.8
2016-04-26,2.0,13.4,9.3
2016-04-27,0.5,8.4,2.7
2016-04-28,1.7,0.0,0.0
2016-04-29,6.0,16.1,13.3
2016-04-30,1.0,2.4,0.0
2016-05-01,0.0,1.8,0.0
2016-05-03,19.5,1.3,0.0
2016-05-04,0.0,29.4,45.1
2016-05-05,4.0,0.3,0.0
2016-05-06,1.0,2.5,0.0
2016-05-07,0.0,14.8,13.0
2016-05-08,16.5,5.9,1.2
2016-05-12,64.0,25.7,44.2
2016-05-14,35.7,27.7,49.3
2016-05-15,34.0,11.7,12.8
2016-05-16,58.8,5.6,1.3
2016-05-17,8.5,7.2,3.6
2016-05-19,0.0,1.2,0.0
2016-05-20,0.0,3.1,0.0
2016-05-21,0.1,13.7,15.0
2016-05-22,23.1,0.5,0.0
2016-05-23,0.0,4.9,1.0
2016-05-24,36.9,0.3,0.0
2016-05-25,6.1,26.0,50.8
2016-05-26,86.0,1.2,0.0
2016-05-28,159.1,1.0,0.0
2016-05-29,1.0,3.7,0.0
2016-05-30,7.0,1.8,0.0
2016-06-03,41.0,0.0,0.0
2016-06-05,41.0,0.0,0.0
2016-06-06,0.0,0.0,0.0
2016-06-09,1.0,0.0,0.0
2016-06-12,14.1,12.7,21.2
2016-06-13,7.0,20.9,57.9
2016-06-14,82.5,0.0,0.0
2016-06-16,0.3,97.6,322.8
2016-06-17,100.0,17.8,49.4
2016-06-18,68.2,0.5,0.0
2016-06-22,33.8,22.5,62.4
2016-06-25,25.3,6.7,5.3
2016-06-26,1.0,0.3,0.0
2016-06-30,0.0,0.0,0.0
2016-07-07,25.5,0.0,0.0
2016-07-08,0.0,0.0,0.0
2016-07-09,0.0,0.0,0.0
2016-07-11,29.8,2.0,0.0
2016-07-12,30.4,0.0,0.0
2016-07-15,1.0,8.4,4.6
2016-07-17,1.2,8.7,5.0
2016-07-18,11.0,17.7,38.4
2016-07-19,13.5,19.7,44.5
2016-07-20,51.0,9.8,6.7
2016-07-21,3.0,0.5,0.0
2016-07-22,27.0,22.6,67.2
2016-07-23,24.4,21.1,61.1
2016-07-24,53.5,10.9,17.7
2016-07-25,9.0,2.0,0.0
2016-07-28,0.0,0.2,0.0
2016-08-01,70.0,20.6,65.0
2016-08-02,68.5,0.1,0.0
2016-08-07,0.0,0.0,0.0
2016-08-09,0.0,18.4,52.6
2016-08-10,22.0,3.9,1.1
2016-08-11,12.0,3.4,0.0
2016-08-12,5.0,1.1,0.0
2016-08-14,52.0,3.0,0.0
2016-08-15,2.7,1.0,0.0
2016-08-17,0.0,2.1,0.0
2016-08-19,0.0,2.6,0.0
2016-08-20,2.0,15.7,20.3
2016-08-21,57.0,4.6,0.0
2016-08-22,8.0,9.0,6.8
2016-08-23,13.0,34.5,102.7
2016-08-24,206.0,28.3,81.0
2016-08-25,81.0,1.5,0.0
2016-08-26,16.3,0.8,0.0
2016-08-29,0.0,9.2,7.2
2016-08-30,6.4,6.6,1.6
2016-08-31,10.0,5.8,1.0
2016-09-02,2.7,0.3,0.0
2016-09-03,3.1,0.6,0.0
2016-09-04,9.6,1.7,0.0
2016-09-05,7.5,15.9,20.4
2016-09-06,66.0,45.6,77.6
2016-09-07,50.0,0.7,0.0
2016-09-11,0.0,7.3,2.5
2016-09-12,33.0,2.5,0.0
2016-09-13,8.3,2.2,0.0
2016-09-17,29.0,25.0,59.2
2016-09-19,22.2,24.4,60.4
2016-09-20,42.3,17.5,24.7
2016-09-21,13.0,5.8,1.0
2016-09-22,7.3,7.5,3.8
2016-09-23,43.0,14.9,20.8
2016-09-24,12.5,8.1,5.0
2016-09-25,6.4,0.0,0.0
2016-09-26,13.5,0.2,0.0
2016-09-28,30.0,13.3,16.9
2016-09-29,17.0,21.0,55.5
2016-09-30,42.5,18.9,29.7
2016-10-01,4.0,2.1,0.0
2016-10-02,4.9,2.0,0.0
2016-10-03,1.8,0.0,0.0
2016-10-04,0.0,4.8,1.0
2016-10-05,17.0,21.9,56.0
2016-10-06,15.7,27.0,76.3
2016-10-07,70.0,14.3,22.3
2016-10-08,48.2,1.3,0.0
2016-10-11,0.3,5.7,2.0
2016-10-12,11.8,29.4,62.3
2016-10-13,57.0,35.4,78.2
2016-10-14,53.7,26.3,48.4
2016-10-15,27.0,6.5,2.9
2016-10-17,96.5,1.2,0.0
2016-10-20,6.4,2.8,0.0
2016-10-21,0.0,2.1,0.0
2016-10-23,138.3,15.2,12.5
2016-10-24,62.0,2.7,0.0
2016-10-25,2.8,16.7,14.7
2016-10-26,19.5,4.0,0.0
2016-10-27,14.0,22.7,31.5
2016-10-29,10.0,23.4,33.9
2016-10-30,25.5,4.4,0.0
2016-10-31,11.0,7.5,2.1
2016-11-01,27.1,14.1,11.2
2016-11-02,12.5,27.6,27.4
2016-11-03,7.3,25.8,25.9
2016-11-04,1.0,12.5,9.2
2016-11-05,5.5,3.7,0.0
2016-11-07,6.5,25.8,25.9
2016-11-08,24.3,4.4,0.0
2016-11-09,7.7,7.2,2.7
2016-11-10,36.0,6.9,2.3
2016-11-11,6.0,14.9,12.3
2016-11-12,11.5,27.7,48.2
2016-11-13,40.0,5.8,0.0
2016-11-14,2.0,19.2,20.0
2016-11-15,0.5,9.3,3.6
2016-11-16,15.5,4.8,0.0
2016-11-17,1.2,3.6,0.0
2016-11-18,0.5,0.8,0.0
2016-11-20,1.0,12.1,7.8
2016-11-21,6.6,4.5,0.0
2016-11-22,0.5,12.2,9.2
2016-11-23,6.0,45.9,77.0
2016-11-24,33.0,43.4,75.2
2016-11-25,47.0,0.3,0.0
2016-11-27,12.0,2.3,0.0
2016-11-28,16.5,5.4,1.0
2016-11-29,12.5,1.8,0.0
2016-12-01,1.7,5.9,1.0
2016-12-02,11.0,7.2,1.9
2016-12-03,23.5,3.9,0.0
2016-12-04,24.0,1.6,0.0
2016-12-05,8.5,13.9,12.3
2016-12-06,13.0,1.8,0.0
2016-12-07,12.0,18.4,19.8
2016-12-08,31.4,12.2,9.6
2016-12-09,36.0,27.5,42.0
2016-12-10,54.5,16.0,15.7
2016-12-11,70.7,17.3,15.7
2016-12-12,39.6,2.4,0.0
2016-12-15,0.0,0.3,0.0
2016-12-16,0.4,0.0,0.0
2016-12-18,5.0,23.3,22.7
2016-12-19,21.0,3.2,0.0
2016-12-20,15.8,5.4,1.0
2016-12-21,21.5,2.9,0.0
2016-12-22,5.5,13.0,11.3
2016-12-23,14.5,40.3,65.9
2016-12-24,52.0,28.4,39.7
2016-12-25,22.0,8.3,5.1
2016-12-26,15.3,2.1,0.0
2016-12-31,0.6,0.0,0.0
2017-01-02,49.0,11.3,8.4
2017-01-03,34.5,16.0,23.4
2017-01-04,52.4,41.2,90.1
2017-01-05,72.2,16.1,17.0
2017-01-06,22.6,25.4,59.9
2017-01-07,27.2,0.2,0.0
2017-01-08,8.0,0.5,0.0
2017-01-10,1.0,1.9,0.0
2017-01-11,4.0,8.2,3.3
2017-01-12,6.5,15.1,12.3
2017-01-13,18.3,0.2,0.0
2017-01-16,16.5,2.2,0.0
2017-01-17,0.0,0.3,0.0
2017-01-20,0.0,0.1,0.0
2017-01-23,6.3,2.2,0.0
2017-01-24,0.0,1.4,0.0
2017-01-28,5.5,24.6,42.3
2017-01-29,30.0,21.2,31.4
2017-01-30,8.5,7.1,1.4
2017-01-31,7.0,65.4,165.9
2017-02-01,43.5,6.6,1.0
2017-02-02,2.9,2.5,0.0
2017-02-05,0.0,0.1,0.0
2017-02-07,37.3,7.7,2.2
2017-02-08,11.5,23.4,40.2
2017-02-09,19.0,0.0,0.0
2017-02-10,1.5,0.7,0.0
2017-02-17,0.0,0.0,0.0
2017-02-18,0.0,0.0,0.0
2017-02-21,34.3,5.4,2.5
2017-02-23,6.0,37.6,80.3
2017-02-24,12.5,1.3,0.0
2017-02-26,0.3,2.1,0.0
2017-02-27,6.2,41.1,89.1
2017-02-28,4.0,17.0,46.9
2017-03-01,46.5,8.6,4.8
2017-03-03,19.3,6.1,1.0
2017-03-04,0.8,18.9,27.7
2017-03-05,0.3,23.0,42.8
2017-03-06,32.8,29.8,74.1
2017-03-07,54.5,0.1,0.0
2017-03-09,0.0,2.4,0.0
2017-03-11,4.5,29.3,70.1
2017-03-13,0.0,1.2,0.0
2017-03-15,2.5,4.2,0.0
2017-03-16,0.0,1.3,0.0
2017-03-17,0.0,1.3,0.0
2017-03-21,1.9,2.8,0.0
2017-03-22,3.0,2.5,0.0
2017-03-27,13.5,71.7,158.5
2017-03-28,48.0,34.9,54.2
2017-03-29,0.0,2.1,0.0
2017-04-02,4.2,2.5,0.0
2017-04-04,0.0,14.9,14.8
2017-04-05,10.5,17.0,19.0
2017-04-06,39.0,49.5,81.1
2017-04-07,14.0,23.4,35.3
2017-04-08,27.5,10.1,7.9
2017-04-09,15.0,10.8,8.8
2017-04-10,1.2,5.9,2.4
2017-04-11,23.5,1.5,0.0
2017-04-13,6.0,1.4,0.0
2017-04-16,21.3,0.2,0.0
2017-04-17,0.0,6.7,2.4
2017-04-19,2.0,1.0,0.0
2017-04-21,4.0,0.1,0.0
2017-04-23,0.0,0.5,0.0
2017-04-24,0.0,0.3,0.0
2017-04-25,2.0,9.7,4.2
2017-04-26,1.6,12.2,7.5
2017-04-27,18.3,18.1,16.3
2017-04-28,7.5,69.2,116.9
2017-04-29,64.9,1.4,0.0
2017-05-02,4.0,13.7,11.6
2017-05-03,1.5,17.2,19.0
2017-05-04,7.9,19.4,22.2
2017-05-05,4.6,12.5,9.9
2017-05-06,17.5,3.7,0.0
2017-05-08,0.0,0.1,0.0
2017-05-09,0.0,1.3,0.0
2017-05-12,4.5,44.9,92.8
2017-05-13,18.3,0.2,0.0
2017-05-14,1.2,6.1,1.9
2017-05-15,0.0,3.6,0.0
2017-05-18,20.6,11.7,14.1
2017-05-19,36.3,25.7,45.0
2017-05-20,93.0,21.6,40.2
2017-05-21,126.0,13.8,16.2
2017-05-22,47.5,1.4,0.0
2017-05-23,0.8,0.5,0.0
2017-05-28,1.2,2.1,0.0
2017-05-30,0.0,30.2,59.7
2017-05-31,259.5,20.7,35.9
2017-06-01,39.0,0.0,0.0
2017-06-06,0.0,0.1,0.0
2017-06-08,0.0,0.1,0.0
2017-06-11,0.0,0.0,0.0
2017-06-13,5.0,2.1,0.0
2017-06-14,0.0,0.4,0.0
2017-06-15,0.0,1.5,0.0
2017-06-16,2.4,3.4,0.0
2017-06-18,44.6,3.2,0.0
2017-06-19,4.0,0.5,0.0
2017-06-20,0.0,0.0,0.0
2017-06-21,0.0,0.4,0.0
2017-06-22,0.0,0.2,0.0
2017-06-24,0.0,9.4,10.9
2017-06-25,0.0,4.8,1.6
2017-06-26,35.0,2.1,0.0
2017-06-27,7.7,15.6,24.9
2017-06-28,5.5,13.9,22.7
2017-06-29,7.9,2.4,0.0
2017-06-30,0.2,0.1,0.0
2017-07-02,0.0,13.4,21.1
2017-07-03,50.5,0.9,0.0
2017-07-04,0.0,9.8,12.1
2017-07-05,17.5,0.5,0.0
2017-07-07,8.0,18.7,36.9
2017-07-08,60.0,7.8,5.8
2017-07-10,0.0,0.5,0.0
2017-07-11,6.0,8.6,4.8
2017-07-12,23.0,0.8,0.0
2017-07-14,4.5,13.2,11.7
2017-07-15,3.5,8.6,4.9
2017-07-18,0.0,0.5,0.0
2017-07-24,0.0,0.1,0.0
2017-07-25,0.0,0.0,0.0
2017-07-27,31.1,0.2,0.0
2017-07-29,63.1,0.0,0.0
2017-07-31,11.2,0.2,0.0
2017-08-01,90.5,0.5,0.0
2017-08-02,2.5,0.0,0.0
2017-08-03,0.0,1.1,0.0
2017-08-04,1.5,3.1,0.0
2017-08-05,6.0,13.5,35.0
2017-08-06,74.5,1.0,0.0
2017-08-07,3.5,0.2,0.0
2017-08-08,0.0,26.9,87.8
2017-08-09,5.5,3.5,1.0
2017-08-10,0.5,2.2,0.0
2017-08-12,132.5,26.7,65.2
2017-08-13,29.5,7.5,3.5
2017-08-15,75.4,8.3,5.0
2017-08-16,43.5,9.6,7.5
2017-08-17,0.3,13.2,15.8
2017-08-18,3.4,21.7,46.0
2017-08-19,1.0,0.1,0.0
2017-08-20,0.0,0.0,0.0
2017-08-22,54.5,0.0,0.0
2017-08-23,0.0,3.0,0.0
2017-08-24,28.0,9.0,6.7
2017-08-25,33.1,0.7,0.0
2017-08-26,0.0,0.0,0.0
2017-08-27,0.0,0.7,0.0
2017-08-28,3.0,11.5,12.7
2017-08-30,1.0,0.0,0.0
2017-09-01,7.5,0.8,0.0
2017-09-02,0.0,0.0,0.0
2017-09-04,2.0,12.9,14.9
2017-09-05,31.0,13.3,15.8
2017-09-06,31.5,2.7,0.0
2017-09-07,14.9,1.2,0.0
2017-09-08,0.0,10.3,10.3
2017-09-09,10.0,67.3,90.9
2017-09-10,205.5,2.3,0.0
2017-09-11,1.5,0.4,0.0
2017-09-12,0.0,5.0,0.0
2017-09-13,22.5,1.0,0.0
2017-09-14,0.0,0.9,0.0
2017-09-15,0.2,18.2,40.9
2017-09-16,13.7,0.1,0.0
2017-09-18,0.5,4.2,0.0
2017-09-19,24.7,29.8,73.3
2017-09-20,70.9,22.8,54.2
2017-09-21,95.6,0.5,0.0
2017-09-24,3.3,2.8,0.0
2017-09-26,1.0,3.9,0.0
2017-09-27,1.0,2.8,0.0
2017-09-29,6.2,8.1,5.0
2017-09-30,0.2,14.9,20.7
2017-10-01,24.3,4.7,1.0
2017-10-02,0.2,0.7,0.0
2017-10-03,0.0,11.7,16.1
2017-10-04,4.5,4.4,1.0
2017-10-06,2.5,11.0,14.4
2017-10-07,13.5,20.8,52.2
2017-10-08,16.3,35.6,97.2
2017-10-10,139.5,6.8,4.8
2017-10-11,23.9,16.8,20.1
2017-10-12,4.5,2.6,0.0
2017-10-15,0.0,27.7,54.9
2017-10-16,39.0,1.3,0.0
2017-10-26,0.6,0.6,0.0
2017-10-29,4.5,7.4,2.0
2017-10-30,4.9,11.3,7.1
2017-10-31,2.2,8.6,3.5
2017-11-02,31.5,43.3,58.2
2017-11-03,37.0,51.7,66.7
2017-11-04,44.6,9.1,5.1
2017-11-05,2.5,1.2,0.0
2017-11-07,63.4,49.4,69.5
2017-11-08,63.4,2.2,0.0
2017-11-09,6.0,13.4,10.3
2017-11-10,4.5,8.7,4.6
2017-11-11,48.5,3.8,0.0
2017-11-12,1.5,13.5,10.1
2017-11-13,13.5,6.5,1.0
2017-11-14,0.0,0.1,0.0
2017-11-17,5.0,19.5,20.5
2017-11-19,56.5,2.7,0.0
2017-11-20,3.0,2.9,0.0
2017-11-23,67.2,15.2,13.9
2017-11-24,43.7,1.9,0.0
2017-11-25,0.0,37.0,58.4
2017-11-26,45.5,16.4,15.8
2017-11-27,26.3,19.9,21.4
2017-11-28,112.0,20.1,21.8
2017-11-29,28.4,5.1,1.0
2017-11-30,15.0,8.3,3.6
2017-12-01,18.5,0.7,0.0
2017-12-02,6.0,15.3,14.6
2017-12-03,27.2,15.5,14.9
2017-12-04,36.0,7.9,3.0
2017-12-05,21.5,4.5,0.0
2017-12-06,16.3,3.7,0.0
2017-12-07,7.4,0.7,0.0
2017-12-09,0.0,37.1,61.4
2017-12-10,23.0,2.9,0.0
2017-12-11,0.0,0.4,0.0
2017-12-13,0.0,15.2,12.8
2017-12-14,4.0,0.5,0.0
2017-12-16,5.1,63.3,86.7
2017-12-17,24.5,3.2,0.0
2017-12-19,3.0,0.5,0.0
2017-12-20,4.0,0.0,0.0
2017-12-22,8.5,49.9,81.1
2017-12-23,52.7,42.1,70.8
2017-12-24,41.3,21.0,27.3
2017-12-25,11.0,27.8,44.5
2017-12-26,52.2,19.4,24.3
2017-12-27,39.7,0.6,0.0
2017-12-29,0.0,3.7,0.0
2017-12-31,2.5,43.3,77.1
2018-01-01,14.6,15.8,17.7
2018-01-02,10.5,25.4,60.8
2018-01-03,38.0,14.5,17.7
2018-01-04,5.7,6.3,1.0
2018-01-05,14.5,0.9,0.0
2018-01-06,0.0,2.0,0.0
2018-01-08,0.0,14.0,13.1
2018-01-09,20.1,5.4,0.0
2018-01-13,10.0,6.0,1.0
2018-01-14,0.0,1.3,0.0
2018-01-15,0.0,0.3,0.0
2018-01-17,0.0,1.5,0.0
2018-01-20,0.0,5.2,0.0
2018-01-21,6.0,3.4,0.0
2018-01-22,5.5,1.1,0.0
2018-01-25,25.5,0.3,0.0
2018-01-26,0.0,0.2,0.0
2018-01-27,0.0,0.2,0.0
2018-01-29,0.0,0.2,0.0
2018-02-02,0.0,0.1,0.0
2018-02-06,0.0,1.0,0.0
2018-02-10,0.0,5.2,0.0
2018-02-11,24.5,1.5,0.0
2018-02-15,149.3,0.9,0.0
2018-02-18,7.7,4.1,0.0
2018-02-19,3.0,16.0,22.9
2018-02-20,20.5,6.1,1.4
2018-02-21,2.0,7.0,5.4
2018-02-22,0.0,18.0,36.7
2018-02-23,17.8,1.5,0.0
2018-02-25,0.0,4.0,1.0
2018-02-26,3.5,0.7,0.0
2018-03-01,0.7,31.2,74.9
2018-03-02,4.2,4.8,0.0
2018-03-04,6.2,7.6,3.1
2018-03-06,3.3,18.2,24.4
2018-03-07,0.2,13.4,14.0
2018-03-08,3.0,2.8,0.0
2018-03-09,11.2,19.3,29.0
2018-03-10,5.8,23.0,46.8
2018-03-11,46.2,0.5,0.0
2018-03-12,0.0,2.6,0.0
2018-03-13,0.7,11.4,11.1
2018-03-14,2.6,7.8,4.5
2018-03-15,2.0,6.0,1.8
2018-03-16,3.5,0.0,0.0
2018-03-18,0.0,7.2,3.6
2018-03-20,16.7,18.6,27.6
2018-03-21,40.0,0.1,0.0
2018-03-22,0.0,7.9,2.3
2018-03-23,1.2,0.4,0.0
2018-03-26,6.5,24.0,32.6
2018-03-27,34.5,0.5,0.0
2018-03-31,40.5,0.2,0.0
2018-04-01,2.5,13.5,12.9
2018-04-02,13.5,0.0,0.0
2018-04-06,14.5,4.3,1.0
2018-04-07,4.0,0.9,0.0
2018-04-10,42.0,0.0,0.0
2018-04-12,3.5,0.0,0.0
2018-04-14,19.5,3.0,0.0
2018-04-15,0.5,17.3,18.8
2018-04-17,58.1,1.2,0.0
2018-04-18,1.0,11.8,9.9
2018-04-19,5.7,13.6,12.8
2018-04-20,5.1,20.2,31.5
2018-04-21,1.3,0.5,0.0
2018-04-23,94.5,20.5,23.0
2018-04-24,36.0,14.4,10.7
2018-04-25,15.5,1.0,0.0
2018-04-26,0.0,2.1,0.0
2018-04-27,2.5,1.4,0.0
2018-04-29,0.0,0.0,0.0
2018-05-02,26.8,5.3,1.0
2018-05-03,7.0,2.8,0.0
2018-05-04,32.0,1.4,0.0
2018-05-07,3.5,0.0,0.0
2018-05-08,0.8,0.0,0.0
2018-05-11,0.0,48.6,108.9
2018-05-12,29.0,5.2,1.0
2018-05-13,12.7,0.6,0.0
2018-05-15,28.9,14.1,18.4
2018-05-16,2.8,37.4,74.2
2018-05-17,24.0,1.3,0.0
2018-05-18,0.3,70.6,121.5
2018-05-19,69.3,10.4,8.7
2018-05-20,1.6,17.0,21.8
2018-05-21,0.1,9.3,7.3
2018-05-22,4.5,16.8,27.3
2018-05-23,11.2,33.4,69.9
2018-05-24,41.3,0.5,0.0
2018-05-25,0.0,7.6,4.4
2018-05-26,6.0,47.4,106.4
2018-05-27,117.9,11.2,15.8
2018-05-28,49.3,14.9,19.6
2018-05-29,3.6,18.1,23.0
2018-05-30,3.3,1.6,0.0
2018-06-01,0.0,2.6,0.0
2018-06-03,0.0,0.0,0.0
2018-06-05,0.0,0.0,0.0
2018-06-08,19.6,0.1,0.0
2018-06-09,0.0,0.2,0.0
2018-06-10,0.0,2.8,0.0
2018-06-12,0.0,0.0,0.0
2018-06-15,14.3,0.9,0.0
2018-06-16,1.0,2.8,0.0
2018-06-18,0.0,12.3,20.0
2018-06-19,27.2,0.0,0.0
2018-06-21,38.1,6.0,3.9
2018-06-24,123.1,4.9,1.7
2018-06-26,7.4,25.1,70.7
2018-06-27,1.3,0.0,0.0
2018-06-29,1.0,1.3,0.0
2018-06-30,0.0,0.0,0.0
2018-07-02,1.2,9.9,10.1
2018-07-03,2.2,19.2,38.2
2018-07-04,1.0,1.2,0.0
2018-07-05,9.5,4.8,1.0
2018-07-07,0.0,2.6,0.0
2018-07-10,9.5,20.8,45.0
2018-07-11,16.9,0.6,0.0
2018-07-13,0.0,0.2,0.0
2018-07-14,0.0,4.7,1.0
2018-07-15,9.5,0.4,0.0
2018-07-16,0.0,0.0,0.0
2018-07-17,0.0,0.6,0.0
2018-07-19,19.3,0.3,0.0
2018-07-20,4.0,2.6,0.0
2018-07-21,28.0,0.0,0.0
2018-07-27,0.0,2.1,0.0
2018-07-28,2.6,0.2,0.0
2018-07-29,18.1,0.2,0.0
2018-07-30,0.8,2.6,0.0
2018-07-31,0.5,4.5,1.0
2018-08-01,1.8,8.2,20.4
2018-08-02,1.5,2.1,0.0
2018-08-04,0.0,23.0,76.2
2018-08-05,3.9,0.6,0.0
2018-08-06,1.5,7.8,10.0
2018-08-07,33.4,17.1,49.0
2018-08-08,28.0,0.8,0.0
2018-08-09,3.6,0.1,0.0
2018-08-10,0.0,0.0,0.0
2018-08-11,0.0,0.0,0.0
2018-08-14,0.0,0.0,0.0
2018-08-16,0.0,0.0,0.0
2018-08-18,10.5,0.0,0.0
2018-08-19,0.0,0.0,0.0
2018-08-22,10.4,1.3,0.0
2018-08-23,9.2,7.2,2.9
2018-08-24,1.1,8.9,6.5
2018-08-25,12.5,0.2,0.0
2018-08-28,1.5,2.1,0.0
2018-08-29,0.2,19.4,40.5
2018-08-30,1.0,29.6,87.7
2018-08-31,20.0,10.3,9.8
2018-09-01,1.5,5.5,2.3
2018-09-02,0.0,7.5,5.6
2018-09-05,10.9,5.0,1.4
2018-09-07,36.5,6.9,4.5
2018-09-08,0.0,33.7,58.0
2018-09-09,52.4,17.7,23.9
2018-09-10,24.0,0.3,0.0
2018-09-11,1.5,8.0,3.9
2018-09-12,10.9,8.1,4.1
2018-09-13,2.5,0.5,0.0
2018-09-14,0.0,0.8,0.0
2018-09-15,2.5,0.0,0.0
2018-09-17,0.0,0.0,0.0
2018-09-19,16.7,14.9,18.3
2018-09-20,9.1,37.1,89.7
2018-09-21,3.0,21.0,50.6
2018-09-22,5.0,19.1,33.7
2018-09-23,16.8,36.9,100.3
2018-09-24,6.2,0.0,0.0
2018-09-25,4.8,0.5,0.0
2018-09-26,6.0,51.9,147.6
2018-09-27,172.4,0.9,0.0
2018-09-28,1.8,0.3,0.0
2018-09-29,1.0,4.4,0.0
2018-10-02,6.1,9.7,11.4
2018-10-03,5.0,24.2,66.7
2018-10-04,47.7,16.6,28.1
2018-10-05,1.5,4.4,1.0
2018-10-07,8.9,13.9,21.3
2018-10-08,9.5,38.4,111.6
2018-10-10,77.8,52.1,126.3
2018-10-11,76.4,53.0,122.8
2018-10-12,74.1,18.6,25.2
2018-10-13,24.5,26.7,54.2
2018-10-14,4.0,21.2,32.3
2018-10-15,4.9,18.9,23.7
2018-10-16,24.0,8.5,5.9
2018-10-17,15.8,22.4,39.4
2018-10-18,122.3,7.8,4.8
2018-10-22,9.6,8.6,3.5
2018-10-23,16.7,20.4,20.1
2018-10-24,4.7,0.1,0.0
2018-10-26,1.3,4.6,0.0
2018-10-27,8.4,52.6,86.5
2018-10-28,74.2,20.3,19.6
2018-10-29,3.0,17.5,15.9
2018-10-30,0.0,25.6,41.1
2018-10-31,1.0,4.8,0.0
2018-11-01,0.2,64.2,88.9
2018-11-02,47.4,55.0,74.8
2018-11-03,58.3,29.8,34.4
2018-11-04,34.5,13.3,10.2
2018-11-06,13.0,6.8,2.3
2018-11-07,6.7,49.6,64.7
2018-11-08,51.8,26.0,31.0
2018-11-09,18.9,12.7,9.5
2018-11-10,15.0,2.4,0.0
2018-11-12,30.0,52.3,117.1
2018-11-13,44.8,9.7,4.1
2018-11-14,13.0,2.6,0.0
2018-11-16,0.0,0.6,0.0
2018-11-19,6.0,4.2,0.0
2018-11-20,35.5,14.1,11.0
2018-11-21,2.0,44.1,76.3
2018-11-22,61.1,21.3,23.9
2018-11-23,28.3,0.7,0.0
2018-11-24,0.0,3.5,0.0
2018-11-25,30.4,1.6,0.0
2018-11-26,14.5,0.1,0.0
2018-11-30,39.6,18.7,19.5
2018-12-01,11.7,11.3,8.2
2018-12-03,15.0,1.8,0.0
2018-12-04,0.2,15.2,14.4
2018-12-06,7.2,33.7,52.4
2018-12-07,10.9,17.2,17.8
2018-12-08,4.5,12.0,9.3
2018-12-10,43.0,12.0,9.2
2018-12-11,54.7,31.6,41.3
2018-12-12,114.8,5.4,1.0
2018-12-13,0.9,70.2,102.8
2018-12-14,124.3,1.1,0.0
2018-12-15,0.0,0.8,0.0
2018-12-16,0.0,3.4,0.0
2018-12-23,48.6,0.7,0.0
2018-12-24,0.3,0.2,0.0
2018-12-25,1.0,0.0,0.0
2018-12-26,0.0,2.0,0.0
2018-12-28,3.0,1.0,0.0
2018-12-30,0.0,4.9,1.0
2018-12-31,30.5,4.8,1.0
2019-01-01,2.6,4.0,0.0
2019-01-02,1.6,7.7,2.5
2019-01-03,2.6,17.8,43.3
2019-01-04,12.8,1.8,0.0
2019-01-05,9.3,0.0,0.0
2019-01-08,6.5,2.0,0.0
2019-01-11,0.3,5.5,1.0
2019-01-12,2.3,6.2,1.0
2019-01-13,4.0,17.2,15.3
2019-01-14,3.5,63.3,77.6
2019-01-15,101.6,29.2,42.0
2019-01-16,14.8,5.2,0.0
2019-01-18,0.0,1.4,0.0
2019-01-19,0.0,10.0,5.5
2019-01-20,2.0,45.0,59.7
2019-01-21,69.5,7.0,1.2
2019-01-22,10.6,1.0,0.0
2019-01-23,1.0,0.0,0.0
2019-01-24,0.0,17.9,18.3
2019-01-25,24.3,0.0,0.0
2019-01-28,3.5,0.0,0.0
2019-01-29,0.0,0.2,0.0
2019-01-30,0.0,0.0,0.0
2019-02-01,0.0,0.0,0.0
2019-02-02,0.0,0.0,0.0
2019-02-03,0.0,10.2,6.6
2019-02-04,4.2,14.0,13.7
2019-02-05,18.0,31.0,57.5
2019-02-06,5.5,1.3,0.0
2019-02-07,0.3,0.6,0.0
2019-02-08,0.0,4.7,0.0
2019-02-10,20.3,10.1,6.3
2019-02-11,1.7,15.8,18.4
2019-02-12,0.0,1.0,0.0
2019-02-14,0.0,1.6,0.0
2019-02-16,44.0,45.3,106.2
2019-02-18,0.0,5.1,1.0
2019-02-19,0.0,25.8,51.1
2019-02-20,0.5,0.8,0.0
2019-02-22,0.0,0.1,0.0
2019-02-24,0.2,1.0,0.0
2019-02-25,0.0,0.2,0.0
2019-02-26,0.0,1.5,0.0
2019-02-27,0.0,18.2,28.3
2019-02-28,1.5,14.4,20.4
2019-03-01,52.5,26.2,57.3
2019-03-02,28.4,16.7,19.5
2019-03-03,1.5,25.3,58.9
2019-03-04,12.7,20.8,36.3
2019-03-05,13.2,9.9,7.1
2019-03-06,53.1,8.9,5.3
2019-03-07,0.0,0.0,0.0
2019-03-08,0.0,0.6,0.0
2019-03-09,0.0,1.8,0.0
2019-03-10,4.0,6.8,1.8
2019-03-12,11.8,0.8,0.0
2019-03-13,2.2,1.3,0.0
2019-03-14,0.0,0.6,0.0
2019-03-15,0.0,0.0,0.0
2019-03-16,1.5,0.0,0.0
2019-03-18,0.0,0.0,0.0
2019-03-19,2.5,3.2,0.0
2019-03-20,0.4,1.2,0.0
2019-03-22,26.0,1.5,0.0
2019-03-23,1.5,11.8,7.5
2019-03-24,10.0,3.6,0.0
2019-03-25,38.0,2.0,0.0
2019-03-26,0.0,22.1,23.7
2019-03-27,0.0,9.8,4.6
2019-03-28,0.0,10.9,6.2
2019-03-30,21.5,8.2,2.7
2019-03-31,16.6,54.0,110.9
2019-04-01,24.0,4.8,1.0
2019-04-02,1.9,11.2,9.4
2019-04-03,4.0,2.0,0.0
2019-04-04,0.0,8.1,5.2
2019-04-05,1.8,10.4,8.2
2019-04-06,0.9,0.2,0.0
2019-04-07,11.5,0.2,0.0
2019-04-08,0.0,2.1,0.0
2019-04-09,0.0,3.1,0.0
2019-04-10,3.5,13.3,12.4
2019-04-11,45.9,2.5,0.0
2019-04-12,3.0,1.4,0.0
2019-04-13,15.5,3.9,0.0
2019-04-15,13.5,24.3,35.8
2019-04-16,8.8,21.5,35.7
2019-04-17,5.5,0.3,0.0
2019-04-18,0.0,0.0,0.0
2019-04-19,0.0,6.2,1.8
2019-04-20,27.0,0.9,0.0
2019-04-22,42.1,9.8,4.3
2019-04-23,28.0,8.5,2.8
2019-04-24,2.5,13.7,9.7
2019-04-25,4.6,7.1,1.2
2019-04-26,0.0,12.2,7.5
2019-04-27,3.0,3.5,0.0
2019-04-28,4.8,0.0,0.0
2019-04-30,0.0,0.2,0.0
2019-05-01,0.0,0.0,0.0
2019-05-02,0.0,0.0,0.0
2019-05-03,0.0,0.3,0.0
2019-05-04,0.0,6.7,2.2
2019-05-05,3.5,1.5,0.0
2019-05-06,5.5,0.2,0.0
2019-05-07,0.9,0.0,0.0
2019-05-08,0.0,0.1,0.0
2019-05-09,0.0,0.0,0.0
2019-05-10,0.0,0.0,0.0
2019-05-11,0.0,0.2,0.0
2019-05-13,0.0,0.0,0.0
2019-05-14,0.0,1.4,0.0
2019-05-15,0.3,42.1,94.2
2019-05-16,27.0,0.4,0.0
2019-05-17,0.0,3.9,0.0
2019-05-18,0.0,12.7,13.0
2019-05-20,4.5,6.2,2.1
2019-05-21,2.0,7.5,4.2
2019-05-22,0.3,26.0,51.4
2019-05-23,24.3,0.3,0.0
2019-05-24,0.0,0.0,0.0
2019-05-26,0.0,0.0,0.0
2019-05-27,0.0,0.0,0.0
2019-05-28,0.0,5.9,1.7
2019-05-29,2.0,20.1,39.3
2019-05-30,56.8,6.8,3.1
2019-05-31,20.0,21.7,42.8
2019-06-02,70.1,18.3,41.0
2019-06-03,9.2,4.6,0.0
2019-06-05,0.0,7.1,4.3
2019-06-06,0.0,38.4,94.4
2019-06-07,67.5,6.7,3.4
2019-06-08,1.8,25.0,59.5
2019-06-09,19.7,3.6,0.0
2019-06-11,0.0,19.2,54.9
2019-06-12,5.2,3.0,0.0
2019-06-13,0.0,11.3,17.2
2019-06-14,25.6,0.4,0.0
2019-06-15,16.5,3.7,0.0
2019-06-17,0.0,2.4,0.0
2019-06-18,1.0,12.6,20.7
2019-06-19,4.0,2.4,0.0
2019-06-20,0.0,21.2,55.1
2019-06-21,41.1,41.5,106.9
2019-06-22,50.0,23.8,70.3
2019-06-23,13.6,4.9,1.8
2019-06-24,7.4,0.0,0.0
2019-06-25,0.0,0.0,0.0
2019-06-26,1.6,0.0,0.0
2019-06-29,0.0,12.0,17.1
2019-06-30,93.5,0.0,0.0
2019-07-01,0.0,0.0,0.0
2019-07-02,0.0,2.0,0.0
2019-07-03,0.0,0.4,0.0
2019-07-04,0.0,0.0,0.0
2019-07-05,0.0,16.1,30.3
2019-07-06,19.7,6.7,3.5
2019-07-07,81.3,1.4,0.0
2019-07-08,2.5,23.8,55.7
2019-07-09,2.5,0.0,0.0
2019-07-10,0.0,0.4,0.0
2019-07-11,0.0,0.0,0.0
2019-07-12,0.0,6.9,2.5
2019-07-13,31.1,0.0,0.0
2019-07-14,0.0,2.3,0.0
2019-07-15,5.0,7.6,3.4
2019-07-16,32.1,1.0,0.0
2019-07-18,2.5,0.8,0.0
2019-07-19,0.0,0.0,0.0
2019-07-20,0.0,4.4,0.0
2019-07-21,0.0,0.0,0.0
2019-07-22,0.0,0.0,0.0
2019-07-23,1.3,10.8,16.3
2019-07-24,44.4,0.9,0.0
2019-07-26,0.0,0.0,0.0
2019-07-27,0.0,1.8,0.0
2019-07-28,15.0,0.5,0.0
2019-07-29,0.0,1.0,0.0
2019-07-30,2.6,0.0,0.0
2019-07-31,0.0,0.0,0.0
2019-08-01,3.3,0.0,0.0
2019-08-02,0.0,0.0,0.0
2019-08-03,0.0,2.9,0.0
2019-08-04,0.0,2.3,0.0
2019-08-05,31.5,0.0,0.0
2019-08-07,0.0,0.0,0.0
2019-08-08,0.0,1.0,0.0
2019-08-09,0.0,2.0,0.0
2019-08-10,1.5,0.3,0.0
2019-08-11,0.0,0.0,0.0
2019-08-13,4.0,0.1,0.0
2019-08-14,0.0,0.1,0.0
2019-08-15,8.0,0.5,0.0
2019-08-16,16.7,1.0,0.0
2019-08-17,6.7,0.5,0.0
2019-08-19,0.0,0.0,0.0
2019-08-20,0.0,0.0,0.0
2019-08-21,0.0,1.5,0.0
2019-08-22,3.6,0.0,0.0
2019-08-23,0.4,0.0,0.0
2019-08-25,14.5,4.5,0.0
2019-08-26,1.4,0.3,0.0
2019-08-27,2.7,38.0,113.9
2019-08-28,31.7,0.9,0.0
2019-08-29,0.0,1.2,0.0
2019-08-30,0.0,0.0,0.0
2019-08-31,0.0,0.0,0.0
2019-09-01,0.0,4.9,1.2
2019-09-02,0.0,0.3,0.0
2019-09-04,0.0,0.1,0.0
2019-09-05,0.0,0.0,0.0
2019-09-06,0.0,0.0,0.0
2019-09-07,2.0,0.3,0.0
2019-09-09,0.0,0.0,0.0
2019-09-10,0.0,0.0,0.0
2019-09-11,0.0,0.0,0.0
2019-09-12,0.0,0.0,0.0
2019-09-13,0.0,0.0,0.0
2019-09-15,0.0,0.4,0.0
2019-09-16,0.0,0.0,0.0
2019-09-17,0.0,0.0,0.0
2019-09-18,0.0,0.0,0.0
2019-09-19,0.0,4.3,0.0
2019-09-20,0.0,0.0,0.0
2019-09-21,0.0,0.0,0.0
2019-09-23,0.0,0.0,0.0
2019-09-24,0.0,0.2,0.0
2019-09-25,13.0,20.0,52.6
2019-09-26,19.4,0.2,0.0
2019-09-27,0.0,4.4,0.0
2019-09-28,6.0,0.4,0.0
2019-09-30,17.7,2.8,0.0
2019-10-01,0.0,0.0,0.0
2019-10-02,0.0,1.9,0.0
2019-10-04,5.5,0.0,0.0
2019-10-05,0.0,0.5,0.0
2019-10-06,0.0,0.0,0.0
2019-10-07,0.0,0.1,0.0
2019-10-08,0.0,10.9,14.3
2019-10-09,28.1,0.1,0.0
2019-10-10,0.0,0.0,0.0
2019-10-12,0.0,0.5,0.0
2019-10-14,0.0,0.3,0.0
2019-10-15,0.0,0.0,0.0
2019-10-17,1.2,18.5,21.5
2019-10-18,63.5,0.3,0.0
2019-10-19,6.0,4.8,1.0
2019-10-20,3.3,1.2,0.0
2019-10-21,0.0,2.0,0.0
2019-10-22,1.0,2.5,0.0
2019-10-23,4.0,0.1,0.0
2019-10-25,0.0,0.8,0.0
2019-10-26,1.0,28.2,42.4
2019-10-27,51.4,2.8,0.0
2019-10-28,1.0,5.6,0.0
2019-10-29,18.7,10.2,5.6
2019-10-31,0.0,1.0,0.0
2019-11-01,0.0,0.5,0.0
2019-11-02,0.0,1.1,0.0
2019-11-03,0.0,0.3,0.0
2019-11-04,0.0,0.4,0.0
2019-11-05,0.0,0.0,0.0
2019-11-06,0.0,0.0,0.0
2019-11-07,0.0,0.6,0.0
2019-11-08,0.0,0.1,0.0
2019-11-10,0.0,0.2,0.0
2019-11-11,0.0,3.7,0.0
2019-11-12,0.0,3.6,0.0
2019-11-13,0.0,0.0,0.0
2019-11-14,0.0,1.5,0.0
2019-11-15,11.0,0.9,0.0
2019-11-16,0.8,0.0,0.0
2019-11-17,0.0,0.0,0.0
2019-11-18,0.0,0.2,0.0
2019-11-19,1.3,7.1,1.0
2019-11-20,5.8,25.8,36.2
2019-11-21,58.0,12.5,9.6
2019-11-22,3.0,9.0,4.7
2019-11-23,29.5,11.0,7.5
2019-11-24,3.0,49.3,84.8
2019-11-25,17.7,0.9,0.0
2019-11-26,0.0,0.2,0.0
2019-11-27,0.0,1.6,0.0
2019-11-29,0.0,0.0,0.0
2019-11-30,0.0,0.1,0.0
2019-12-01,0.0,25.3,36.9
2019-12-02,6.0,22.9,33.5
2019-12-03,18.1,6.4,1.0
2019-12-04,0.0,4.3,0.0
2019-12-05,1.0,3.2,0.0
2019-12-06,0.0,9.3,5.1
2019-12-07,1.0,13.1,11.0
2019-12-08,7.2,8.9,4.4
2019-12-09,4.2,2.3,0.0
2019-12-10,3.5,7.3,2.1
2019-12-11,8.8,12.0,8.6
2019-12-12,5.5,18.4,17.1
2019-12-13,28.4,0.2,0.0
2019-12-14,0.0,3.2,0.0
2019-12-15,7.7,23.6,27.2
2019-12-16,2.0,13.1,10.1
2019-12-17,36.1,5.2,1.0
2019-12-18,2.5,24.1,24.6
2019-12-19,3.3,24.7,24.1
2019-12-20,0.3,11.8,8.4
2019-12-21,7.2,10.6,8.0
2019-12-22,3.0,5.0,1.0
2019-12-24,0.0,148.9,151.6
2019-12-25,239.0,1.0,0.0
2019-12-26,0.2,6.5,2.7
2019-12-27,1.5,17.7,17.8
2019-12-28,5.0,0.7,0.0
2019-12-30,2.4,1.9,0.0
2019-12-31,4.5,0.3,0.0
2020-01-01,0.0,0.4,0.0
2020-01-02,0.0,0.8,0.0
2020-01-03,0.0,0.1,0.0
2020-01-04,0.0,0.1,0.0
2020-01-07,0.0,0.0,0.0
2020-01-09,0.0,58.4,112.4
2020-01-10,150.5,36.8,81.1
2020-01-11,32.9,5.7,1.0
2020-01-12,6.5,1.0,0.0
2020-01-13,2.0,11.2,7.2
2020-01-14,12.8,0.2,0.0
2020-01-15,0.0,0.0,0.0
2020-01-16,0.0,34.9,49.8
2020-01-17,47.7,12.8,9.3
2020-01-18,28.8,7.1,1.8
2020-01-19,8.9,0.8,0.0
2020-01-20,0.0,8.7,3.9
2020-01-21,4.7,1.3,0.0
2020-01-23,0.7,0.7,0.0
2020-01-24,0.8,0.8,0.0
2020-01-25,0.5,12.1,9.6
2020-01-26,0.0,19.2,24.1
2020-01-27,1.5,1.4,0.0
2020-01-28,0.0,77.4,198.8
2020-01-29,145.6,7.7,2.2
2020-01-31,0.0,0.5,0.0
2020-02-01,0.0,0.0,0.0
2020-02-02,0.0,0.5,0.0
2020-02-04,0.0,1.1,0.0
2020-02-05,0.0,7.9,2.5
2020-02-06,4.0,3.5,0.0
2020-02-07,2.0,40.4,87.8
2020-02-08,46.8,11.0,8.1
2020-02-09,0.2,3.9,0.0
2020-02-10,0.0,3.5,0.0
2020-02-11,2.0,0.2,0.0
2020-02-14,2.0,49.9,123.7
2020-02-15,121.3,0.8,0.0
2020-02-16,7.5,7.2,3.3
2020-02-17,2.4,43.6,96.9
2020-02-18,15.2,20.3,38.4
2020-02-20,0.0,0.0,0.0
2020-02-21,0.0,0.0,0.0
2020-02-23,0.0,0.0,0.0
2020-02-24,0.0,0.1,0.0
2020-02-25,0.0,0.0,0.0
2020-02-26,0.0,0.0,0.0
2020-02-27,0.0,0.0,0.0
2020-02-28,0.0,1.8,0.0
2020-03-02,35.0,37.4,96.3
2020-03-03,122.5,2.3,0.0
2020-03-06,3.0,0.2,0.0
2020-03-07,0.0,1.8,0.0
2020-03-08,0.0,19.3,25.3
2020-03-09,15.6,0.6,0.0
2020-03-10,0.0,0.0,0.0
2020-03-12,0.0,0.8,0.0
2020-03-13,14.2,0.9,0.0
2020-03-14,0.0,0.5,0.0
2020-03-16,0.0,26.5,60.6
2020-03-17,0.5,23.0,48.2
2020-03-18,28.5,57.9,128.3
2020-03-19,92.2,39.4,102.2
2020-03-20,37.0,8.3,5.3
2020-03-21,1.0,0.9,0.0
2020-03-22,4.0,12.8,9.0
2020-03-23,6.6,4.1,0.0
2020-03-24,0.0,8.7,3.2
2020-03-27,11.5,5.8,1.0
2020-03-28,1.3,2.4,0.0
2020-03-30,2.3,0.0,0.0
2020-03-31,2.0,1.4,0.0
2020-04-02,0.0,4.7,1.0
2020-04-03,0.0,11.4,9.7
2020-04-04,1.0,13.0,12.1
2020-04-05,23.0,29.2,43.4
2020-04-06,20.0,19.4,24.7
2020-04-07,81.5,6.1,2.6
2020-04-08,4.6,0.3,0.0
2020-04-10,7.5,26.9,43.5
2020-04-11,9.9,18.3,19.3
2020-04-12,1.5,30.5,50.5
2020-04-13,5.7,18.3,22.6
2020-04-14,1.5,4.3,0.0
2020-04-15,0.1,8.4,4.8
2020-04-16,0.2,25.5,40.0
2020-04-17,7.4,9.6,6.5
2020-04-18,5.5,4.0,0.0
2020-04-20,4.6,0.2,0.0
2020-04-21,0.2,0.0,0.0
2020-04-22,0.0,12.5,7.9
2020-04-23,1.0,0.6,0.0
2020-04-24,4.0,29.3,41.6
2020-04-25,23.0,5.1,0.0
2020-04-27,12.9,13.2,9.0
2020-04-28,5.4,3.9,0.0
2020-04-30,7.4,48.5,89.8
2020-05-01,66.7,55.6,92.8
2020-05-02,78.0,27.8,42.3
2020-05-03,51.4,10.9,7.7
2020-05-04,5.1,0.4,0.0
2020-05-05,0.0,18.2,19.1
2020-05-06,22.2,2.4,0.0
2020-05-07,28.1,21.5,31.5
2020-05-08,7.6,27.4,40.8
2020-05-09,51.0,12.5,9.9
2020-05-10,0.7,0.1,0.0
2020-05-12,0.0,39.1,80.2
2020-05-13,39.2,0.1,0.0
2020-05-15,0.0,1.2,0.0
2020-05-16,2.0,5.0,1.0
2020-05-17,0.6,41.2,84.5
2020-05-18,83.0,0.3,0.0
2020-05-20,15.2,3.2,0.0
2020-05-22,0.0,3.9,0.0
2020-05-23,4.0,3.8,0.0
2020-05-25,0.0,9.9,8.4
2020-05-26,0.2,2.8,0.0
2020-05-27,3.2,2.6,0.0
2020-05-28,0.0,0.0,0.0
2020-05-29,0.0,0.0,0.0
2020-05-31,1.0,1.3,0.0
2020-06-01,0.0,8.4,7.1
2020-06-02,0.0,6.6,3.3
2020-06-04,1.7,16.5,28.5
2020-06-05,10.2,12.2,15.6
2020-06-06,39.3,2.1,0.0
2020-06-08,0.0,0.0,0.0
2020-06-10,0.0,0.0,0.0
2020-06-11,0.0,0.0,0.0
2020-06-12,0.0,14.0,26.4
2020-06-13,4.0,12.5,19.1
2020-06-14,0.0,0.0,0.0
2020-06-15,0.0,0.0,0.0
2020-06-17,3.6,1.8,0.0
2020-06-18,3.0,26.0,68.4
2020-06-19,9.2,1.2,0.0
2020-06-20,3.6,0.6,0.0
2020-06-22,40.6,33.0,93.9
2020-06-23,82.4,9.2,10.5
2020-06-24,0.5,1.0,0.0
2020-06-25,0.0,0.0,0.0
2020-06-26,0.0,0.0,0.0
2020-06-29,0.0,0.9,0.0
2020-06-30,1.1,0.5,0.0
2020-07-01,0.0,2.2,0.0
2020-07-02,0.0,0.0,0.0
2020-07-03,0.0,18.3,35.2
2020-07-04,1.0,7.1,4.4
2020-07-05,0.0,0.1,0.0
2020-07-06,0.0,0.0,0.0
2020-07-07,0.0,19.0,43.4
2020-07-08,4.5,25.2,63.3
2020-07-09,74.8,3.2,0.0
2020-07-10,0.0,0.0,0.0
2020-07-11,0.0,16.5,18.4
2020-07-12,22.5,23.8,55.3
2020-07-13,16.6,42.6,88.7
2020-07-14,2.2,0.6,0.0
2020-07-16,0.0,2.7,0.0
2020-07-17,2.0,0.4,0.0
2020-07-18,8.2,2.9,0.0
2020-07-19,3.5,0.2,0.0
2020-07-20,7.4,0.0,0.0
2020-07-21,0.0,16.7,52.7
2020-07-22,8.6,49.4,170.4
2020-07-23,134.6,13.9,41.6
2020-07-24,5.6,0.0,0.0
2020-07-26,28.0,0.0,0.0
2020-07-27,0.5,0.7,0.0
2020-07-29,3.6,1.4,0.0
2020-07-30,0.8,0.0,0.0
2020-07-31,0.0,12.1,35.2
2020-08-01,8.5,3.7,1.0
2020-08-02,0.0,0.0,0.0
2020-08-04,72.5,17.8,54.9
2020-08-05,0.7,1.8,0.0
2020-08-07,0.0,0.0,0.0
2020-08-08,0.0,0.0,0.0
2020-08-09,0.0,0.0,0.0
2020-08-10,0.0,0.0,0.0
2020-08-12,0.0,9.6,7.4
2020-08-13,2.5,0.1,0.0
2020-08-14,0.0,24.2,48.4
2020-08-15,2.5,23.6,48.5
2020-08-16,8.2,7.4,3.4
2020-08-17,3.0,14.8,18.8
2020-08-18,6.7,0.4,0.0
2020-08-19,0.0,0.7,0.0
2020-08-21,0.0,13.5,17.9
2020-08-22,29.5,7.3,3.0
2020-08-23,34.0,1.8,0.0
2020-08-24,0.7,0.0,0.0
2020-08-25,4.0,0.8,0.0
2020-08-27,13.6,0.0,0.0
2020-08-28,0.0,0.0,0.0
2020-08-30,0.0,9.4,7.6
2020-08-31,2.1,6.3,1.1
2020-09-01,9.5,0.8,0.0
2020-09-02,48.0,33.1,59.1
2020-09-03,0.5,50.4,77.5
2020-09-04,35.1,24.9,51.2
2020-09-05,30.5,18.9,27.3
2020-09-06,11.0,1.0,0.0
2020-09-07,0.0,0.0,0.0
2020-09-08,1.2,4.2,1.0
2020-09-09,3.5,48.6,79.5
2020-09-10,235.2,18.4,27.9
2020-09-11,32.7,8.4,4.7
2020-09-12,5.0,0.2,0.0
2020-09-13,0.8,1.3,0.0
2020-09-14,0.0,0.7,0.0
2020-09-29,3.7,1.1,0.0
2020-10-01,14.8,39.0,115.4
2020-10-02,126.6,23.1,64.3
2020-10-03,23.8,0.3,0.0
2020-10-05,6.0,24.8,64.9
2020-10-07,43.5,27.5,75.2
2020-10-08,91.0,38.0,107.1
2020-10-09,53.7,14.6,22.2
2020-10-10,49.0,9.1,10.1
2020-10-11,0.0,2.8,0.0
2020-10-12,0.0,0.3,0.0
2020-10-13,0.0,1.7,0.0
2020-10-14,0.0,8.4,5.8
2020-10-15,0.1,13.9,14.6
2020-10-16,0.0,0.3,0.0
2020-10-17,0.0,0.3,0.0
2020-10-18,0.0,0.7,0.0
2020-10-19,0.0,0.1,0.0
2020-10-21,3.3,8.2,2.9
2020-10-22,4.8,5.8,1.0
2020-10-23,5.0,5.7,1.0
2020-10-24,1.0,13.5,10.2
2020-10-25,7.9,2.1,0.0
2020-10-26,0.2,8.5,3.4
2020-10-27,4.3,0.6,0.0
2020-10-28,0.0,1.4,0.0
2020-10-29,0.0,1.0,0.0
2020-10-30,0.0,11.9,8.0
2020-10-31,8.0,30.7,42.6
2020-11-01,18.1,8.7,4.6
2020-11-02,0.0,5.9,1.2
2020-11-03,8.3,24.4,24.1
2020-11-04,7.2,1.3,0.0
2020-11-06,0.0,3.7,0.0
2020-11-07,10.0,24.3,24.1
2020-11-08,65.8,12.2,8.9
2020-11-09,7.8,17.2,15.0
2020-11-10,28.9,6.7,2.1
2020-11-13,0.0,0.0,0.0
2020-11-14,1.0,2.8,0.0
2020-11-15,6.0,18.0,17.8
2020-11-16,19.4,7.5,1.4
2020-11-17,14.8,26.3,44.9
2020-11-18,48.3,2.7,0.0
2020-11-19,18.0,13.4,9.8
2020-11-20,30.5,14.3,11.4
2020-11-21,2.7,27.6,36.3
2020-11-22,27.5,16.4,15.8
2020-11-23,33.2,15.0,13.5
2020-11-24,94.9,18.5,19.2
2020-11-25,114.5,17.2,17.0
2020-11-26,60.2,12.8,10.1
2020-11-27,13.1,3.2,0.0
2020-11-28,0.0,17.8,18.0
2020-11-29,14.3,0.4,0.0
2020-12-01,0.0,0.0,0.0
2020-12-04,0.0,0.4,0.0
2020-12-06,0.0,0.0,0.0
2020-12-07,0.0,0.8,0.0
2020-12-09,7.2,22.9,27.2
2020-12-10,37.0,9.5,5.4
2020-12-11,45.3,2.3,0.0
2020-12-12,0.0,4.1,0.0
2020-12-13,1.0,3.2,0.0
2020-12-14,0.5,2.2,0.0
2020-12-15,30.9,14.2,11.6
2020-12-16,10.2,6.3,1.4
2020-12-17,4.6,2.2,0.0
2020-12-18,7.1,1.4,0.0
2020-12-19,6.0,2.2,0.0
2020-12-20,1.1,0.0,0.0
2020-12-21,0.0,1.0,0.0
2020-12-24,66.9,6.1,2.2
2020-12-25,21.2,0.3,0.0
2020-12-26,0.0,5.5,1.5
2020-12-28,0.5,8.3,5.0
2020-12-29,3.6,14.1,12.7
2020-12-30,1.6,10.4,7.8
2020-12-31,1.0,2.7,0.0
2021-01-01,1.5,1.0,0.0
2021-01-03,23.4,6.4,1.0
2021-01-04,9.7,1.2,0.0
2021-01-05,0.0,0.0,0.0
2021-01-07,12.8,0.5,0.0
2021-01-08,0.2,28.3,68.0
2021-01-09,110.2,11.0,7.9
2021-01-10,0.0,17.2,20.3
2021-01-11,44.5,52.9,65.6
2021-01-12,79.3,5.7,1.0
2021-01-13,1.5,0.3,0.0
2021-01-14,0.3,0.7,0.0
2021-01-15,0.0,0.2,0.0
2021-01-16,0.0,0.1,0.0
2021-01-18,3.1,2.3,0.0
2021-01-19,0.0,0.3,0.0
2021-01-20,0.0,0.0,0.0
2021-01-21,0.0,0.2,0.0
2021-01-22,0.0,0.0,0.0
2021-01-25,2.5,6.1,1.0
2021-01-26,0.0,0.2,0.0
2021-01-27,9.0,24.6,39.5
2021-01-28,7.0,2.4,0.0
2021-01-29,1.0,14.5,13.7
2021-01-30,9.8,3.5,0.0
2021-01-31,16.5,7.6,2.1
2021-02-01,0.0,6.5,1.0
2021-02-02,1.5,5.6,0.0
2021-02-03,0.2,7.6,1.9
2021-02-04,0.0,0.1,0.0
2021-02-06,0.0,0.0,0.0
2021-02-07,0.0,1.6,0.0
2021-02-09,0.0,0.1,0.0
2021-02-10,0.0,0.1,0.0
2021-02-12,0.0,0.0,0.0
2021-02-13,0.0,0.0,0.0
2021-02-14,0.0,0.0,0.0
2021-02-15,0.5,0.0,0.0
2021-02-16,0.0,0.0,0.0
2021-02-18,0.0,3.4,0.0
2021-02-19,1.2,2.4,0.0
2021-02-21,0.0,0.0,0.0
2021-02-22,0.0,0.6,0.0
2021-02-23,13.2,0.6,0.0
2021-02-24,5.0,11.8,15.1
2021-02-25,17.2,2.0,0.0
2021-02-26,6.0,1.0,0.0
2021-02-27,35.5,0.0,0.0
2021-02-28,0.0,0.4,0.0
2021-03-02,0.0,24.0,48.7
2021-03-03,39.3,1.5,0.0
2021-03-05,0.0,4.0,0.0
2021-03-06,2.5,56.3,158.6
2021-03-07,134.6,18.7,25.7
2021-03-08,21.5,0.6,0.0
2021-03-09,0.0,28.5,59.0
2021-03-10,21.8,3.5,0.0
2021-03-11,1.2,0.3,0.0
2021-03-12,1.7,6.9,3.0
2021-03-13,1.2,13.5,15.3
2021-03-14,0.0,0.2,0.0
2021-03-15,0.0,2.4,0.0
2021-03-16,1.0,9.5,7.5
2021-03-17,0.3,0.0,0.0
2021-03-18,1.5,15.6,19.8
2021-03-19,10.7,2.3,0.0
2021-03-20,9.4,4.4,1.0
2021-03-21,0.2,27.1,37.7
2021-03-22,94.9,19.5,19.2
2021-03-23,30.1,9.9,4.9
2021-03-24,13.4,10.9,6.2
2021-03-25,4.0,4.2,0.0
2021-03-26,0.2,22.2,25.5
2021-03-27,8.1,1.7,0.0
2021-03-28,1.4,20.9,21.7
2021-03-29,33.7,4.5,0.0
2021-03-30,4.7,9.4,4.2
2021-03-31,0.8,9.5,4.3
2021-04-01,23.4,2.2,0.0
2021-04-02,0.0,1.0,0.0
2021-04-03,0.4,13.8,13.3
2021-04-04,83.4,1.5,0.0
2021-04-05,0.0,3.5,0.0
2021-04-06,4.0,0.0,0.0
2021-04-07,0.0,2.6,0.0
2021-04-08,6.6,0.8,0.0
2021-04-09,1.5,3.9,1.0
2021-04-10,0.0,0.2,0.0
2021-04-12,7.5,0.7,0.0
2021-04-13,4.7,0.2,0.0
2021-04-14,0.0,0.5,0.0
2021-04-15,0.0,1.2,0.0
2021-04-16,0.5,8.7,5.3
2021-04-17,2.2,16.1,16.9
2021-04-18,5.0,0.1,0.0
2021-04-19,0.0,0.2,0.0
2021-04-22,26.4,33.4,52.7
2021-04-23,5.2,0.5,0.0
2021-04-25,12.5,0.1,0.0
2021-04-26,0.0,0.7,0.0
2021-04-28,1.1,0.9,0.0
2021-04-29,6.7,82.0,131.6
2021-04-30,43.9,0.9,0.0
2021-05-01,0.1,0.6,0.0
2021-05-02,33.8,0.4,0.0
2021-05-03,0.0,0.3,0.0
2021-05-04,1.5,30.9,49.7
2021-05-05,11.8,15.0,16.1
2021-05-06,15.4,6.7,2.1
2021-05-07,0.0,6.3,1.7
2021-05-08,0.0,20.9,28.2
2021-05-09,7.0,18.2,17.7
2021-05-10,5.3,4.8,1.0
2021-05-11,0.0,110.3,122.9
2021-05-12,34.8,24.0,40.1
2021-05-13,9.4,23.7,41.4
2021-05-14,8.2,17.6,21.8
2021-05-15,42.4,14.6,16.1
2021-05-17,82.8,11.3,10.3
2021-05-18,7.5,1.1,0.0
2021-05-19,0.0,0.5,0.0
2021-05-21,0.0,1.4,0.0
2021-05-25,0.0,0.0,0.0
2021-05-27,0.0,11.2,10.6
2021-05-28,21.3,21.4,38.3
2021-05-29,133.8,5.1,1.0
2021-05-31,52.5,0.3,0.0
2021-06-01,0.8,0.4,0.0
2021-06-02,4.5,6.4,2.9
2021-06-03,0.0,0.4,0.0
2021-06-04,0.0,27.2,70.1
2021-06-05,24.0,15.3,23.0
2021-06-06,38.1,0.0,0.0
2021-06-07,0.0,0.5,0.0
2021-06-08,0.0,5.3,1.0
2021-06-09,37.7,0.2,0.0
2021-06-10,0.0,0.4,0.0
2021-06-12,0.0,8.7,10.5
2021-06-13,3.3,0.4,0.0
2021-06-14,0.0,11.6,16.9
2021-06-15,10.5,11.9,21.1
2021-06-16,17.9,2.1,0.0
2021-06-18,0.0,1.5,0.0
2021-06-19,0.0,0.2,0.0
2021-06-20,0.0,0.7,0.0
2021-06-21,0.0,0.2,0.0
2021-06-22,3.5,3.2,0.0
2021-06-23,24.1,0.0,0.0
2021-06-24,0.0,0.0,0.0
2021-06-25,0.0,45.5,106.2
2021-06-26,64.0,4.8,1.6
2021-06-27,8.3,6.7,5.1
2021-06-29,2.5,9.5,11.3
2021-06-30,0.4,0.0,0.0
2021-07-02,0.0,0.4,0.0
2021-07-04,20.3,8.7,10.6
2021-07-05,14.0,11.0,20.2
2021-07-06,10.0,0.7,0.0
2021-07-07,2.0,0.0,0.0
2021-07-08,0.0,0.1,0.0
2021-07-09,0.1,4.2,0.0
2021-07-10,6.0,5.2,1.0
2021-07-11,1.1,6.8,2.4
2021-07-12,1.0,15.6,16.2
2021-07-13,58.3,2.9,0.0
2021-07-14,0.2,1.8,0.0
2021-07-15,0.0,0.0,0.0
2021-07-16,0.0,0.0,0.0
2021-07-18,0.0,0.1,0.0
2021-07-19,5.8,3.1,0.0
2021-07-20,0.0,0.0,0.0
2021-07-21,0.0,0.0,0.0
2021-07-22,0.0,0.0,0.0
2021-07-24,0.0,0.0,0.0
2021-07-25,0.0,0.0,0.0
2021-07-26,0.0,0.0,0.0
2021-07-27,0.0,0.0,0.0
2021-07-28,3.3,0.2,0.0
2021-07-29,0.0,1.7,0.0
2021-07-30,56.5,0.3,0.0
2021-07-31,2.0,11.2,17.2
2021-08-01,14.9,0.6,0.0
2021-08-02,46.0,0.0,0.0
2021-08-03,1.6,0.5,0.0
2021-08-04,23.7,1.8,0.0
2021-08-05,1.5,0.0,0.0
2021-08-06,0.0,0.2,0.0
2021-08-07,0.0,12.8,25.0
2021-08-08,10.0,48.3,155.7
2021-08-09,1.0,40.9,142.3
2021-08-10,20.1,3.0,0.0
2021-08-11,9.0,1.7,0.0
2021-08-12,4.8,6.7,2.1
2021-08-13,8.0,8.6,5.6
2021-08-14,18.0,17.1,38.4
2021-08-15,37.1,16.4,22.1
2021-08-16,1.8,11.3,10.7
2021-08-17,6.8,33.3,71.2
2021-08-18,22.1,135.3,215.4
2021-08-19,73.7,0.7,0.0
2021-08-22,0.0,24.0,60.5
2021-08-23,30.6,28.3,79.5
2021-08-24,37.7,16.8,24.4
2021-08-25,0.4,6.8,2.0
2021-08-26,0.0,0.4,0.0
2021-08-27,0.0,7.6,3.6
2021-08-28,0.0,2.2,0.0
2021-08-30,0.0,25.5,66.1
2021-08-31,0.8,49.7,135.8
2021-09-01,28.1,12.7,14.6
2021-09-02,0.2,7.5,5.6
2021-09-03,0.0,12.5,14.3
2021-09-04,16.0,2.2,0.0
2021-09-05,1.0,22.9,42.3
2021-09-06,11.7,21.0,40.1
2021-09-07,23.0,1.2,0.0
2021-09-08,0.0,2.8,0.0
2021-09-09,1.7,6.5,3.9
2021-09-10,4.3,0.4,0.0
2021-09-11,0.0,0.0,0.0
2021-09-12,0.0,6.0,1.0
2021-09-17,0.0,1.3,0.0
2021-09-18,0.0,28.3,68.0
2021-09-19,52.2,3.2,0.0
2021-09-21,1.0,9.8,8.6
2021-09-22,3.1,1.3,0.0
2021-09-23,2.0,0.5,0.0
2021-09-25,8.7,0.3,0.0
2021-09-26,0.0,10.5,10.2
2021-09-27,23.5,1.8,0.0
2021-09-29,144.6,38.2,107.6
2021-09-30,210.3,20.2,50.0
2021-10-01,10.1,1.7,0.0
2021-10-02,1.0,0.5,0.0
2021-10-03,0.0,2.6,0.0
2021-10-05,0.0,0.2,0.0
2021-10-06,0.0,0.6,0.0
2021-10-07,0.2,2.5,0.0
2021-10-08,1.6,5.6,2.3
2021-10-10,3.5,20.4,52.8
2021-10-11,17.2,0.2,0.0
2021-10-12,0.2,0.0,0.0
2021-10-13,0.0,13.4,13.9
2021-10-14,11.8,4.2,1.0
2021-10-15,2.2,0.1,0.0
2021-10-16,0.0,2.5,0.0
2021-10-17,0.0,15.7,21.7
2021-10-18,13.1,30.9,64.0
2021-10-19,14.8,1.1,0.0
2021-10-21,8.8,3.5,0.0
2021-10-22,3.0,4.5,0.0
2021-10-23,22.4,1.5,0.0
2021-10-24,20.0,29.7,42.4
2021-10-25,64.4,15.1,12.4
2021-10-26,2.7,34.8,51.1
2021-10-27,32.0,0.1,0.0
2021-10-28,0.0,21.6,20.6
2021-10-29,2.6,5.9,1.0
2021-10-30,0.3,15.1,12.4
2021-10-31,37.2,41.0,59.5
2021-11-01,26.5,17.5,15.5
2021-11-03,7.4,23.6,23.1
2021-11-04,5.6,34.1,40.7
2021-11-05,95.3,13.5,10.4
2021-11-06,14.0,15.1,12.5
2021-11-07,34.7,9.6,5.7
2021-11-08,14.2,1.8,0.0
2021-11-09,14.9,10.9,7.3
2021-11-10,5.0,16.4,14.0
2021-11-11,6.4,2.4,0.0
2021-11-13,2.3,8.8,2.9
2021-11-14,0.0,0.2,0.0
2021-11-15,0.0,0.0,0.0
2021-11-16,0.0,0.9,0.0
2021-11-17,0.2,10.5,5.3
2021-11-18,7.6,5.7,0.0
2021-11-19,0.0,0.9,0.0
2021-11-20,0.0,7.2,1.0
2021-11-21,4.5,3.2,0.0
2021-11-22,14.2,2.7,0.0
2021-11-23,0.0,13.5,11.3
2021-11-24,0.4,3.2,0.0
2021-11-25,0.7,0.0,0.0
2021-11-27,7.7,1.1,0.0
2021-11-28,1.0,0.2,0.0
2021-11-30,15.5,5.4,1.0
2021-12-01,44.5,0.9,0.0
2021-12-02,4.9,1.3,0.0
2021-12-03,0.0,4.2,0.0
2021-12-05,24.3,28.0,38.4
2021-12-06,17.1,0.1,0.0
2021-12-07,0.0,0.5,0.0
2021-12-08,0.0,3.0,0.0
2021-12-09,10.5,18.2,19.4
2021-12-10,60.7,8.7,4.1
2021-12-11,3.2,31.0,39.6
2021-12-12,10.5,1.3,0.0
2021-12-13,12.0,2.1,0.0
2021-12-15,14.6,21.5,21.2
2021-12-16,20.8,41.2,57.1
2021-12-17,57.3,106.3,141.3
2021-12-18,185.1,58.0,82.2
2021-12-19,43.5,28.2,35.9
2021-12-20,34.0,16.9,15.1
2021-12-21,2.0,0.0,0.0
2021-12-22,3.5,38.8,58.3
2021-12-23,50.8,3.9,0.0
2021-12-24,2.2,0.3,0.0
2021-12-25,0.0,0.0,0.0
2021-12-26,0.0,12.1,10.0
2021-12-27,28.5,1.2,0.0
2021-12-28,0.0,1.6,0.0
2021-12-30,0.0,45.7,69.1
2021-12-31,49.5,25.7,38.4
