date,gauge,imergl,lseqmdl
2001-01-01,0.0,22.7,30.0
2001-01-02,60.8,34.0,50.3
2001-01-03,46.5,5.9,2.1
2001-01-04,0.5,1.0,0.0
2001-01-05,0.1,1.7,0.0
2001-01-06,0.0,7.8,4.2
2001-01-07,8.3,2.1,0.0
2001-01-08,0.5,2.1,0.0
2001-01-09,0.0,7.8,4.2
2001-01-10,3.1,7.1,3.5
2001-01-11,8.5,4.0,1.6
2001-01-12,0.1,2.9,1.0
2001-01-13,0.0,27.1,30.1
2001-01-14,3.8,2.4,1.0
2001-01-15,3.8,30.5,36.6
2001-01-16,7.0,0.5,0.0
2001-01-17,0.4,9.1,6.8
2001-01-18,33.0,2.2,1.0
2001-01-19,0.0,22.0,22.7
2001-01-20,1.2,25.9,28.2
2001-01-21,1.0,4.0,2.6
2001-01-22,0.0,2.6,1.2
2001-01-23,6.7,6.6,5.2
2001-01-24,10.5,65.1,116.5
2001-01-25,0.4,0.4,0.0
2001-01-26,0.0,7.5,6.1
2001-01-27,6.4,1.0,0.0
2001-01-28,0.0,1.7,1.0
2001-01-29,0.0,16.2,15.8
2001-01-30,27.4,5.6,4.2
2001-01-31,0.0,30.1,32.6
2001-02-01,0.5,2.1,1.0
2001-02-02,0.0,0.1,0.0
2001-02-03,0.0,3.3,1.7
2001-02-05,26.0,19.3,31.8
2001-02-06,3.0,8.5,8.3
2001-02-07,2.9,38.4,51.4
2001-02-08,21.0,17.4,29.7
2001-02-09,17.8,4.1,2.6
2001-02-10,2.5,0.3,0.0
2001-02-11,0.0,5.4,4.7
2001-02-12,0.0,0.4,0.0
2001-02-13,0.0,0.0,0.0
2001-02-14,0.0,0.0,0.0
2001-02-16,0.0,1.8,0.0
2001-02-17,8.5,0.0,0.0
2001-02-18,0.0,0.1,0.0
2001-02-19,0.2,0.0,0.0
2001-02-20,0.0,0.0,0.0
2001-02-21,0.0,42.2,65.8
2001-02-22,22.9,1.1,0.0
2001-02-23,16.8,0.5,0.0
2001-02-24,2.5,3.0,0.0
2001-02-25,2.1,53.5,77.5
2001-02-26,60.1,61.9,83.3
2001-02-27,5.0,0.0,0.0
2001-02-28,0.0,2.7,0.0
2001-03-01,4.5,4.9,0.0
2001-03-02,8.0,0.0,0.0
2001-03-03,0.0,0.3,0.0
2001-03-04,0.0,1.0,0.0
2001-03-05,1.2,0.6,0.0
2001-03-06,0.0,0.4,0.0
2001-03-07,1.4,12.4,6.6
2001-03-08,21.4,3.8,0.0
2001-03-10,11.9,13.4,7.8
2001-03-11,21.9,2.4,0.0
2001-03-12,2.8,2.6,0.0
2001-03-13,4.7,11.7,6.2
2001-03-14,38.5,1.7,0.0
2001-03-15,0.0,9.2,3.9
2001-03-16,0.0,16.1,10.5
2001-03-17,50.2,91.9,83.8
2001-03-18,19.0,0.1,0.0
2001-03-19,0.0,0.0,0.0
2001-03-20,0.0,2.0,0.0
2001-03-21,11.4,17.3,10.2
2001-03-22,10.6,6.7,1.0
2001-03-23,0.0,7.3,1.4
2001-03-24,36.0,20.3,13.0
2001-03-25,0.3,188.7,79.3
2001-03-26,46.5,86.5,79.2
2001-03-27,22.9,3.0,0.0
2001-03-28,3.6,14.9,8.0
2001-03-29,8.4,5.9,1.0
2001-03-30,0.0,32.6,36.3
2001-03-31,0.0,22.8,15.1
2001-04-01,5.0,0.6,0.0
2001-04-02,4.1,0.1,0.0
2001-04-03,0.0,3.8,1.0
2001-04-05,13.0,40.1,64.2
2001-04-06,2.0,11.4,8.9
2001-04-07,14.8,3.4,0.0
2001-04-08,22.4,13.7,12.1
2001-04-09,2.0,13.9,12.3
2001-04-10,0.0,10.2,7.3
2001-04-12,0.0,5.5,2.0
2001-04-13,49.0,5.8,2.2
2001-04-14,0.0,7.0,3.5
2001-04-15,0.0,0.0,0.0
2001-04-16,0.0,7.9,4.5
2001-04-17,4.8,7.6,4.2
2001-04-18,0.0,0.0,0.0
2001-04-19,0.0,4.2,1.0
2001-04-20,0.0,6.2,2.6
2001-04-21,21.0,26.6,41.3
2001-04-22,0.0,1.2,0.0
2001-04-23,9.8,0.2,0.0
2001-04-24,0.0,34.4,52.1
2001-04-25,9.0,7.6,4.9
2001-04-27,21.6,5.4,2.3
2001-04-28,0.7,5.8,2.8
2001-04-30,13.3,0.1,0.0
2001-05-01,0.0,22.1,20.8
2001-05-02,11.0,0.0,0.0
2001-05-03,0.0,2.5,0.0
2001-05-04,0.0,24.2,22.4
2001-05-05,8.2,0.2,0.0
2001-05-06,0.0,17.3,14.1
2001-05-07,19.1,14.0,11.1
2001-05-08,13.6,1.0,0.0
2001-05-09,0.0,2.3,0.0
2001-05-10,0.0,2.3,0.0
2001-05-11,0.0,0.8,0.0
2001-05-12,0.0,31.8,71.2
2001-05-13,25.0,0.2,0.0
2001-05-14,0.0,0.9,0.0
2001-05-15,0.0,0.7,0.0
2001-05-16,0.0,4.0,1.0
2001-05-17,2.0,1.5,0.0
2001-05-18,8.0,0.2,0.0
2001-05-19,0.0,2.6,0.0
2001-05-20,0.3,0.1,0.0
2001-05-21,0.0,0.0,0.0
2001-05-22,0.0,0.1,0.0
2001-05-23,0.0,0.0,0.0
2001-05-24,0.0,4.0,1.0
2001-05-25,0.0,0.0,0.0
2001-05-26,0.0,2.5,0.0
2001-05-27,4.4,1.0,0.0
2001-05-28,0.0,23.4,49.2
2001-05-29,0.6,0.8,0.0
2001-05-30,0.0,0.1,0.0
2001-05-31,0.0,0.0,0.0
2001-06-01,0.0,8.2,5.2
2001-06-02,0.0,8.0,4.6
2001-06-03,4.0,4.8,1.1
2001-06-04,5.5,3.4,0.0
2001-06-05,2.4,8.1,4.8
2001-06-06,27.9,7.1,3.4
2001-06-07,3.9,10.6,7.4
2001-06-08,30.2,3.7,1.0
2001-06-09,0.0,0.3,0.0
2001-06-10,0.0,0.0,0.0
2001-06-11,0.0,0.7,0.0
2001-06-12,0.0,3.9,1.0
2001-06-13,0.0,0.3,0.0
2001-06-14,0.0,0.0,0.0
2001-06-15,0.0,22.7,31.9
2001-06-16,48.5,3.7,1.0
2001-06-17,0.0,1.3,0.0
2001-06-18,0.0,1.5,0.0
2001-06-19,0.0,0.5,0.0
2001-06-20,0.0,4.9,1.5
2001-06-21,0.0,0.0,0.0
2001-06-22,0.0,1.7,0.0
2001-06-23,0.0,0.6,0.0
2001-06-24,0.0,0.0,0.0
2001-06-25,0.0,0.1,0.0
2001-06-26,5.9,0.0,0.0
2001-06-27,0.0,1.2,0.0
2001-06-28,0.0,29.6,63.5
2001-06-29,9.5,4.9,4.3
2001-06-30,0.4,0.3,0.0
2001-07-01,0.0,0.1,0.0
2001-07-02,0.0,0.0,0.0
2001-07-03,0.0,0.2,0.0
2001-07-04,0.0,4.2,1.1
2001-07-05,0.0,0.2,0.0
2001-07-06,0.0,1.3,0.0
2001-07-07,0.0,0.0,0.0
2001-07-08,0.0,0.0,0.0
2001-07-09,0.0,0.0,0.0
2001-07-10,0.0,0.1,0.0
2001-07-11,0.0,0.0,0.0
2001-07-12,0.0,2.2,0.0
2001-07-13,10.4,2.5,0.0
2001-07-14,0.0,1.5,0.0
2001-07-15,0.0,1.2,0.0
2001-07-16,4.5,0.1,0.0
2001-07-17,11.8,3.7,0.0
2001-07-18,1.5,1.0,0.0
2001-07-19,0.0,0.4,0.0
2001-07-20,6.8,2.3,0.0
2001-07-21,0.0,0.9,0.0
2001-07-22,0.0,0.3,0.0
2001-07-23,0.0,0.5,0.0
2001-07-24,0.9,1.3,0.0
2001-07-25,3.0,5.2,1.0
2001-07-26,0.0,1.1,0.0
2001-07-27,0.0,0.0,0.0
2001-07-28,0.0,0.5,0.0
2001-07-29,0.0,2.7,0.0
2001-07-30,0.0,8.2,4.2
2001-07-31,0.0,2.3,0.0
2001-08-01,2.8,8.5,6.2
2001-08-02,15.5,2.3,0.0
2001-08-03,2.0,0.3,0.0
2001-08-04,0.0,3.6,0.0
2001-08-05,25.5,17.7,19.6
2001-08-06,20.0,2.3,0.0
2001-08-07,4.5,0.0,0.0
2001-08-08,0.0,42.8,62.5
2001-08-09,17.5,0.1,0.0
2001-08-10,0.0,5.3,1.7
2001-08-11,4.7,1.0,0.0
2001-08-12,0.0,0.0,0.0
2001-08-13,0.0,0.0,0.0
2001-08-14,0.0,0.0,0.0
2001-08-15,0.0,0.3,0.0
2001-08-16,0.0,0.0,0.0
2001-08-17,0.0,0.3,0.0
2001-08-18,0.0,0.0,0.0
2001-08-19,0.0,5.4,1.0
2001-08-20,1.0,17.7,15.3
2001-08-21,0.0,18.8,22.9
2001-08-22,68.2,13.3,10.7
2001-08-23,2.5,2.5,0.0
2001-08-24,0.0,10.3,6.4
2001-08-25,8.5,5.9,1.0
2001-08-26,0.6,4.2,0.0
2001-08-27,0.3,23.6,36.5
2001-08-28,0.5,0.3,0.0
2001-08-29,0.0,22.2,33.1
2001-08-30,136.5,24.5,38.6
2001-08-31,4.0,4.5,0.0
2001-09-02,0.0,3.4,0.0
2001-09-03,0.0,2.1,0.0
2001-09-04,0.0,3.7,0.0
2001-09-05,13.0,8.4,4.6
2001-09-06,6.5,19.8,29.4
2001-09-07,10.0,2.1,0.0
2001-09-08,0.3,0.1,0.0
2001-09-09,0.0,0.0,0.0
2001-09-10,0.0,0.0,0.0
2001-09-11,0.0,0.1,0.0
2001-09-12,0.5,1.8,0.0
2001-09-14,0.5,2.0,0.0
2001-09-15,10.0,1.4,0.0
2001-09-16,5.5,1.3,0.0
2001-09-18,0.0,17.4,15.8
2001-09-19,0.0,0.0,0.0
2001-09-20,0.0,0.0,0.0
2001-09-21,0.0,1.0,0.0
2001-09-22,1.5,0.2,0.0
2001-09-23,7.7,0.0,0.0
2001-09-24,0.0,0.2,0.0
2001-09-25,0.0,20.3,31.6
2001-09-26,0.0,2.6,0.0
2001-09-27,0.0,1.7,0.0
2001-09-28,1.6,8.2,4.9
2001-09-29,0.0,1.5,0.0
2001-09-30,0.0,5.0,1.0
2001-10-01,0.0,21.0,39.8
2001-10-02,51.5,0.8,0.0
2001-10-03,2.2,3.0,0.0
2001-10-04,45.0,36.0,65.8
2001-10-05,9.7,9.0,7.7
2001-10-06,37.0,15.7,27.3
2001-10-07,8.6,0.1,0.0
2001-10-08,0.0,2.7,0.0
2001-10-10,0.4,3.8,1.0
2001-10-11,31.6,0.5,0.0
2001-10-12,0.0,1.3,0.0
2001-10-13,0.0,0.6,0.0
2001-10-14,0.0,5.5,1.8
2001-10-15,5.0,0.1,0.0
2001-10-16,0.0,5.4,1.8
2001-10-17,2.1,0.7,0.0
2001-10-18,1.0,3.3,0.0
2001-10-19,2.0,10.9,7.4
2001-10-20,9.3,8.8,5.2
2001-10-21,0.4,14.0,11.4
2001-10-22,7.5,16.8,15.2
2001-10-23,10.5,22.9,35.0
2001-10-24,35.0,8.3,3.9
2001-10-25,1.0,10.6,6.9
2001-10-26,1.3,5.1,1.0
2001-10-27,11.5,2.1,0.0
2001-10-28,18.6,3.7,0.0
2001-10-29,0.1,19.3,28.0
2001-10-30,21.7,0.1,0.0
2001-10-31,0.0,7.2,2.6
2001-11-01,0.0,3.9,0.0
2001-11-02,3.5,13.0,9.0
2001-11-03,0.0,0.6,0.0
2001-11-04,70.0,12.7,8.7
2001-11-05,1.5,18.2,14.7
2001-11-06,12.5,7.9,3.7
2001-11-07,83.5,23.6,27.3
2001-11-08,72.5,2.9,0.0
2001-11-09,0.0,7.1,2.9
2001-11-10,32.5,0.2,0.0
2001-11-11,0.0,3.1,0.0
2001-11-12,5.0,0.2,0.0
2001-11-13,0.0,2.6,0.0
2001-11-14,0.0,9.3,4.2
2001-11-15,9.0,2.7,0.0
2001-11-16,0.0,1.1,0.0
2001-11-17,0.0,1.1,0.0
2001-11-18,0.0,8.2,3.2
2001-11-19,28.9,18.6,12.9
2001-11-20,31.2,30.9,29.2
2001-11-21,56.5,9.0,4.8
2001-11-22,5.5,4.4,1.0
2001-11-23,0.0,21.6,18.4
2001-11-24,23.2,0.9,0.0
2001-11-25,0.0,3.9,0.0
2001-11-26,10.8,0.5,0.0
2001-11-27,3.7,4.2,0.0
2001-11-28,0.1,1.7,0.0
2001-11-29,0.4,3.7,0.0
2001-11-30,12.2,2.7,0.0
2001-12-01,0.0,56.9,83.7
2001-12-02,33.6,3.8,0.0
2001-12-03,0.3,0.5,0.0
2001-12-04,10.4,3.2,0.0
2001-12-05,0.0,12.3,8.9
2001-12-06,2.4,0.6,0.0
2001-12-07,0.0,8.0,3.3
2001-12-08,0.0,3.7,0.0
2001-12-09,0.1,31.9,48.9
2001-12-10,10.0,7.8,3.0
2001-12-11,0.3,5.4,1.4
2001-12-12,3.5,1.1,0.0
2001-12-13,0.0,17.6,15.9
2001-12-14,25.0,0.4,0.0
2001-12-15,0.0,8.8,5.1
2001-12-16,2.0,0.7,0.0
2001-12-17,0.0,11.9,8.7
2001-12-18,1.2,2.7,0.0
2001-12-19,8.0,7.8,4.0
2001-12-20,12.5,3.2,0.0
2001-12-21,9.5,1.9,0.0
2001-12-22,26.5,28.2,28.0
2001-12-23,0.3,0.2,0.0
2001-12-24,0.0,4.8,1.0
2001-12-25,0.0,5.0,1.1
2001-12-26,19.1,0.9,0.0
2001-12-27,2.2,13.4,8.9
2001-12-28,17.5,0.0,0.0
2001-12-29,0.0,15.7,11.1
2001-12-30,61.5,13.9,9.5
2001-12-31,58.0,1.1,0.0
2002-01-01,0.0,0.0,0.0
2002-01-02,0.0,0.0,0.0
2002-01-03,0.0,0.0,0.0
2002-01-04,0.0,0.0,0.0
2002-01-05,0.0,0.0,0.0
2002-01-06,0.0,10.0,6.5
2002-01-07,19.6,16.5,19.2
2002-01-09,0.0,4.5,1.0
2002-01-10,16.5,2.1,0.0
2002-01-11,14.0,0.0,0.0
2002-01-12,0.6,56.9,107.3
2002-01-13,8.2,7.4,5.1
2002-01-14,0.0,0.0,0.0
2002-01-15,10.1,0.0,0.0
2002-01-16,0.0,0.7,0.0
2002-01-17,0.0,0.0,0.0
2002-01-18,0.0,3.4,1.1
2002-01-19,0.0,0.0,0.0
2002-01-20,5.5,5.8,3.4
2002-01-21,3.0,12.9,12.5
2002-01-22,3.9,5.4,4.0
2002-01-23,2.0,11.5,10.5
2002-01-24,0.5,5.5,4.1
2002-01-25,0.0,6.0,4.6
2002-01-26,0.0,4.4,3.0
2002-01-27,6.5,33.4,37.5
2002-01-28,148.5,2.2,1.0
2002-01-29,7.9,0.0,0.0
2002-01-30,1.5,1.7,1.0
2002-01-31,8.0,3.0,1.6
2002-02-01,13.5,0.0,0.0
2002-02-02,0.0,0.0,0.0
2002-02-03,0.0,0.0,0.0
2002-02-04,0.0,0.0,0.0
2002-02-05,0.0,3.1,1.4
2002-02-06,0.0,1.9,0.0
2002-02-07,0.0,0.6,0.0
2002-02-08,0.0,0.1,0.0
2002-02-09,0.0,0.1,0.0
2002-02-10,0.0,0.0,0.0
2002-02-11,0.0,0.0,0.0
2002-02-12,0.0,0.0,0.0
2002-02-13,0.0,6.2,5.8
2002-02-14,0.0,0.3,0.0
2002-02-15,0.0,0.0,0.0
2002-02-16,0.0,0.4,0.0
2002-02-17,0.0,0.0,0.0
2002-02-18,0.0,0.0,0.0
2002-02-19,0.0,0.2,0.0
2002-02-20,0.8,4.2,3.2
2002-02-21,0.3,0.5,0.0
2002-02-22,0.1,0.2,0.0
2002-02-23,0.0,1.2,0.0
2002-02-24,0.0,6.0,2.9
2002-02-25,0.0,1.4,0.0
2002-02-26,0.0,0.0,0.0
2002-02-27,0.0,16.2,17.4
2002-02-28,4.5,21.1,30.4
2002-03-01,0.7,24.1,28.3
2002-03-02,36.5,0.1,0.0
2002-03-03,0.0,3.2,0.0
2002-03-04,0.0,6.8,1.0
2002-03-05,93.0,1.2,0.0
2002-03-06,2.5,13.0,7.3
2002-03-07,17.5,5.8,1.0
2002-03-08,16.8,0.0,0.0
2002-03-09,9.9,0.0,0.0
2002-03-10,0.0,0.2,0.0
2002-03-11,0.0,0.3,0.0
2002-03-12,0.0,0.0,0.0
2002-03-13,0.0,13.1,7.6
2002-03-14,0.0,7.1,2.0
2002-03-15,0.5,8.1,2.9
2002-03-16,0.5,0.3,0.0
2002-03-17,0.0,13.4,7.9
2002-03-18,33.0,17.1,11.5
2002-03-19,9.0,15.2,9.7
2002-03-20,11.3,6.4,1.4
2002-03-21,0.0,8.0,1.9
2002-03-22,4.0,0.0,0.0
2002-03-23,0.0,4.3,0.0
2002-03-24,20.0,2.1,0.0
2002-03-25,0.0,2.7,0.0
2002-03-26,0.0,3.5,0.0
2002-03-27,0.0,16.2,9.1
2002-03-28,7.5,6.4,1.0
2002-03-29,0.0,17.1,10.0
2002-03-30,18.5,25.7,25.9
2002-03-31,4.0,19.7,12.4
2002-04-01,52.5,4.5,1.0
2002-04-02,0.3,0.9,0.0
2002-04-03,0.5,0.1,0.0
2002-04-04,3.0,1.0,0.0
2002-04-05,0.0,27.3,42.3
2002-04-06,70.7,4.7,1.0
2002-04-07,0.0,2.8,0.0
2002-04-08,11.0,12.8,10.8
2002-04-09,7.0,45.2,73.5
2002-04-10,8.5,0.0,0.0
2002-04-11,0.0,0.8,0.0
2002-04-12,0.0,0.0,0.0
2002-04-13,0.0,6.2,2.6
2002-04-14,1.7,0.2,0.0
2002-04-15,0.0,1.2,0.0
2002-04-16,0.0,82.1,72.8
2002-04-17,30.7,1.9,0.0
2002-04-18,0.0,17.8,24.1
2002-04-19,0.0,0.7,0.0
2002-04-20,0.0,0.0,0.0
2002-04-21,0.0,32.5,49.9
2002-04-22,2.1,3.6,1.0
2002-04-23,16.5,4.4,1.3
2002-04-24,0.0,11.3,9.6
2002-04-25,13.6,0.0,0.0
2002-04-26,0.0,8.2,5.6
2002-04-27,1.6,16.8,16.9
2002-04-28,19.2,7.3,4.6
2002-04-29,11.5,10.5,8.5
2002-04-30,7.0,1.9,0.0
2002-05-01,0.5,16.5,13.9
2002-05-02,60.9,2.1,0.0
2002-05-04,0.5,4.6,1.7
2002-05-05,13.0,0.1,0.0
2002-05-06,1.1,31.3,30.3
2002-05-07,53.7,6.6,3.6
2002-05-08,0.0,10.6,7.6
2002-05-09,0.5,4.8,1.9
2002-05-10,0.0,0.3,0.0
2002-05-11,0.0,6.6,4.1
2002-05-12,10.6,1.1,0.0
2002-05-13,0.0,0.0,0.0
2002-05-14,0.0,0.6,0.0
2002-05-15,9.3,0.1,0.0
2002-05-16,0.0,0.0,0.0
2002-05-17,0.0,0.0,0.0
2002-05-18,0.0,3.2,0.0
2002-05-19,0.1,0.0,0.0
2002-05-20,0.0,0.0,0.0
2002-05-21,0.0,6.5,4.5
2002-05-22,0.4,0.2,0.0
2002-05-23,0.0,0.4,0.0
2002-05-24,6.1,38.2,90.9
2002-05-25,20.5,0.0,0.0
2002-05-26,0.0,0.0,0.0
2002-05-27,0.0,1.6,0.0
2002-05-28,0.0,1.2,0.0
2002-05-29,8.1,0.0,0.0
2002-05-30,0.0,1.7,0.0
2002-05-31,0.0,0.0,0.0
2002-06-01,0.0,0.7,0.0
2002-06-02,0.0,0.1,0.0
2002-06-03,0.0,0.2,0.0
2002-06-04,3.5,0.1,0.0
2002-06-05,7.0,0.7,0.0
2002-06-06,0.0,0.0,0.0
2002-06-07,0.0,0.0,0.0
2002-06-08,0.0,0.0,0.0
2002-06-09,0.0,0.2,0.0
2002-06-10,0.0,0.2,0.0
2002-06-11,1.0,29.4,46.5
2002-06-12,42.0,1.2,0.0
2002-06-13,0.0,11.6,9.8
2002-06-14,9.5,5.8,2.6
2002-06-15,6.3,5.5,2.2
2002-06-16,3.5,21.4,29.1
2002-06-17,35.2,2.8,0.0
2002-06-18,0.0,1.0,0.0
2002-06-19,0.0,0.0,0.0
2002-06-20,0.0,0.1,0.0
2002-06-22,0.0,0.4,0.0
2002-06-23,0.0,1.4,0.0
2002-06-24,0.0,0.0,0.0
2002-06-25,0.0,0.0,0.0
2002-06-26,0.0,0.0,0.0
2002-06-27,0.0,0.0,0.0
2002-06-28,0.0,0.0,0.0
2002-06-29,0.0,0.0,0.0
2002-06-30,0.0,0.0,0.0
2002-07-01,0.0,5.2,2.7
2002-07-02,0.0,10.5,11.6
2002-07-03,32.4,2.6,0.0
2002-07-04,0.4,10.2,11.0
2002-07-05,50.2,0.4,0.0
2002-07-06,0.0,2.7,0.0
2002-07-07,0.0,1.0,0.0
2002-07-08,0.0,1.6,0.0
2002-07-09,0.0,0.0,0.0
2002-07-10,0.0,0.2,0.0
2002-07-11,0.5,9.1,5.8
2002-07-12,33.5,0.0,0.0
2002-07-13,0.0,8.6,5.2
2002-07-14,1.2,26.9,39.6
2002-07-15,6.0,0.9,0.0
2002-07-16,0.0,7.2,3.3
2002-07-17,1.3,0.1,0.0
2002-07-18,0.0,0.4,0.0
2002-07-19,0.1,13.7,23.0
2002-07-20,11.7,0.3,0.0
2002-07-21,0.0,12.1,11.1
2002-07-22,54.0,1.9,0.0
2002-07-23,0.0,13.5,12.4
2002-07-24,72.0,0.0,0.0
2002-07-25,0.0,0.0,0.0
2002-07-26,20.5,0.7,0.0
2002-07-27,0.0,0.0,0.0
2002-07-28,0.0,1.0,0.0
2002-07-29,2.0,14.4,13.5
2002-07-30,3.0,1.1,0.0
2002-07-31,0.0,0.0,0.0
2002-08-01,0.0,0.0,0.0
2002-08-02,0.0,0.0,0.0
2002-08-03,0.0,0.5,0.0
2002-08-04,12.1,0.0,0.0
2002-08-05,0.0,0.0,0.0
2002-08-06,0.0,0.0,0.0
2002-08-07,0.0,1.4,0.0
2002-08-08,0.0,0.2,0.0
2002-08-09,0.0,1.9,0.0
2002-08-10,11.0,2.3,0.0
2002-08-11,0.0,4.3,0.0
2002-08-12,0.0,0.0,0.0
2002-08-13,0.0,0.0,0.0
2002-08-14,0.0,3.2,0.0
2002-08-15,0.0,0.1,0.0
2002-08-16,0.0,0.0,0.0
2002-08-17,0.0,0.0,0.0
2002-08-18,0.0,0.0,0.0
2002-08-19,0.0,0.4,0.0
2002-08-20,0.0,0.0,0.0
2002-08-21,0.0,0.0,0.0
2002-08-22,0.0,0.1,0.0
2002-08-23,0.5,2.6,0.0
2002-08-24,0.0,5.8,1.0
2002-08-25,0.0,13.4,10.8
2002-08-26,46.1,2.9,0.0
2002-08-27,10.4,0.7,0.0
2002-08-28,0.0,0.5,0.0
2002-08-29,1.0,0.3,0.0
2002-08-30,0.0,7.0,2.0
2002-08-31,0.0,11.6,8.4
2002-09-01,10.3,0.6,0.0
2002-09-02,0.0,0.3,0.0
2002-09-03,0.0,3.0,0.0
2002-09-04,20.0,19.6,29.1
2002-09-06,0.0,0.0,0.0
2002-09-07,3.5,2.6,0.0
2002-09-08,0.0,8.4,4.6
2002-09-09,0.0,3.6,0.0
2002-09-10,2.0,0.1,0.0
2002-09-11,0.0,3.6,0.0
2002-09-12,0.0,1.2,0.0
2002-09-13,0.0,60.3,85.7
2002-09-14,48.6,1.2,0.0
2002-09-16,0.0,0.0,0.0
2002-09-17,0.0,1.4,0.0
2002-09-18,0.0,0.5,0.0
2002-09-19,0.0,0.1,0.0
2002-09-20,0.0,0.0,0.0
2002-09-21,0.0,0.0,0.0
2002-09-22,0.0,1.7,0.0
2002-09-23,0.0,3.9,0.0
2002-09-24,0.0,6.7,2.9
2002-09-25,0.3,4.6,1.0
2002-09-26,0.0,3.3,0.0
2002-09-27,42.5,29.3,50.0
2002-09-28,21.5,1.8,0.0
2002-09-29,1.0,19.5,29.6
2002-09-30,20.0,0.4,0.0
2002-10-01,0.0,0.0,0.0
2002-10-02,0.0,1.0,0.0
2002-10-03,0.0,0.8,0.0
2002-10-04,0.0,0.4,0.0
2002-10-05,0.0,3.6,0.0
2002-10-06,0.4,8.0,6.1
2002-10-07,2.5,0.0,0.0
2002-10-08,0.0,3.6,0.0
2002-10-09,17.0,0.0,0.0
2002-10-10,0.0,0.0,0.0
2002-10-11,0.0,0.0,0.0
2002-10-12,0.0,0.0,0.0
2002-10-13,0.0,0.0,0.0
2002-10-14,0.0,1.1,0.0
2002-10-15,0.0,6.0,2.3
2002-10-16,0.0,6.3,2.6
2002-10-17,15.0,19.7,16.8
2002-10-18,15.7,0.1,0.0
2002-10-19,0.0,0.0,0.0
2002-10-20,0.0,3.1,0.0
2002-10-21,0.3,0.2,0.0
2002-10-22,0.0,0.0,0.0
2002-10-23,0.0,0.0,0.0
2002-10-24,0.0,9.1,4.9
2002-10-25,0.5,1.4,0.0
2002-10-26,0.0,0.0,0.0
2002-10-27,0.0,19.3,27.7
2002-10-28,27.0,3.7,0.0
2002-10-29,18.7,0.2,0.0
2002-10-30,0.0,0.0,0.0
2002-10-31,0.0,0.0,0.0
2002-11-01,0.0,6.2,2.0
2002-11-02,0.0,1.5,0.0
2002-11-03,0.0,1.8,0.0
2002-11-04,0.0,2.9,0.0
2002-11-05,0.0,3.0,0.0
2002-11-06,0.0,7.0,2.8
2002-11-07,6.3,11.7,7.6
2002-11-08,10.4,0.0,0.0
2002-11-09,0.0,1.8,0.0
2002-11-10,5.2,15.0,11.1
2002-11-11,2.5,0.1,0.0
2002-11-12,0.0,12.2,6.9
2002-11-13,13.1,16.3,10.7
2002-11-14,1.1,1.0,0.0
2002-11-15,1.4,10.1,4.9
2002-11-16,0.0,0.4,0.0
2002-11-17,0.0,12.9,7.6
2002-11-18,39.0,21.4,16.8
2002-11-19,63.5,13.8,8.4
2002-11-20,14.6,5.4,1.0
2002-11-21,0.0,15.1,11.3
2002-11-22,26.0,3.1,0.0
2002-11-23,0.2,4.3,1.0
2002-11-24,1.2,6.2,1.9
2002-11-25,1.2,2.4,0.0
2002-11-26,0.0,38.8,44.9
2002-11-27,24.5,17.0,13.3
2002-11-28,14.0,4.1,0.0
2002-11-29,0.0,2.5,0.0
2002-11-30,9.6,13.2,9.2
2002-12-01,42.0,12.3,8.9
2002-12-02,5.4,14.9,12.4
2002-12-03,1.5,7.2,2.2
2002-12-04,45.0,15.1,12.8
2002-12-05,1.1,2.3,0.0
2002-12-06,0.3,2.4,0.0
2002-12-07,0.3,4.8,0.0
2002-12-08,0.0,1.7,0.0
2002-12-09,0.0,13.4,10.4
2002-12-10,0.0,7.2,2.3
2002-12-11,6.2,5.7,1.7
2002-12-12,0.7,4.0,1.0
2002-12-13,1.3,7.4,3.5
2002-12-14,0.0,20.3,23.6
2002-12-15,16.5,10.3,6.7
2002-12-16,0.0,8.9,5.1
2002-12-17,6.5,2.9,0.0
2002-12-18,1.2,16.5,13.9
2002-12-19,0.0,9.4,5.7
2002-12-20,69.0,8.4,4.6
2002-12-21,6.8,22.1,17.7
2002-12-22,5.0,88.0,93.5
2002-12-23,14.6,4.1,1.0
2002-12-24,0.0,7.2,3.1
2002-12-25,0.0,4.2,1.0
2002-12-26,0.0,131.0,92.9
2002-12-27,28.2,8.2,4.0
2002-12-28,0.0,9.8,5.5
2002-12-29,20.5,59.4,70.8
2002-12-30,38.9,16.1,11.5
2002-12-31,33.8,41.7,44.2
2003-01-01,97.0,0.9,0.0
2003-01-02,0.0,0.2,0.0
2003-01-03,0.0,7.6,3.9
2003-01-04,0.0,6.9,3.2
2003-01-05,0.0,5.3,1.6
2003-01-06,0.0,0.0,0.0
2003-01-07,0.0,0.6,0.0
2003-01-08,0.0,11.2,8.1
2003-01-09,62.2,3.4,0.0
2003-01-10,25.8,8.7,5.2
2003-01-11,1.4,2.6,1.0
2003-01-12,0.0,0.0,0.0
2003-01-13,0.0,0.0,0.0
2003-01-14,1.2,3.4,1.1
2003-01-15,11.3,0.4,0.0
2003-01-16,0.2,4.8,2.5
2003-01-17,3.0,0.4,0.0
2003-01-18,0.0,8.6,6.3
2003-01-19,8.8,0.0,0.0
2003-01-20,0.0,0.3,0.0
2003-01-21,0.0,39.6,48.3
2003-01-22,16.5,0.7,0.0
2003-01-23,0.0,19.4,19.0
2003-01-24,46.0,36.6,42.9
2003-01-25,6.7,13.6,12.8
2003-01-26,0.0,0.1,0.0
2003-01-27,6.3,0.6,0.0
2003-01-28,0.0,2.0,1.0
2003-01-29,0.0,6.0,4.6
2003-01-30,10.5,3.6,2.2
2003-01-31,23.0,11.2,10.4
2003-02-01,0.0,4.6,3.2
2003-02-02,0.0,36.6,49.2
2003-02-03,8.0,2.2,1.0
2003-02-04,10.0,9.1,9.0
2003-02-05,2.5,4.4,3.0
2003-02-06,7.8,0.1,0.0
2003-02-07,0.0,0.0,0.0
2003-02-10,0.0,5.3,4.0
2003-02-11,0.5,0.1,0.0
2003-02-12,0.0,1.8,0.0
2003-02-13,9.5,9.3,9.6
2003-02-14,3.0,8.8,9.1
2003-02-15,6.5,76.5,72.0
2003-02-16,78.3,0.8,0.0
2003-02-17,0.0,5.4,4.7
2003-02-18,7.1,5.0,4.2
2003-02-19,35.0,5.0,4.2
2003-02-21,32.0,11.5,10.1
2003-02-22,1.0,1.1,0.0
2003-02-23,0.0,5.5,2.4
2003-02-24,16.0,1.2,0.0
2003-02-25,58.0,2.0,0.0
2003-02-26,12.6,40.7,62.6
2003-02-27,44.5,18.9,20.4
2003-02-28,23.0,0.2,0.0
2003-03-01,0.0,0.3,0.0
2003-03-02,0.0,2.8,0.0
2003-03-03,0.0,0.0,0.0
2003-03-04,0.0,0.5,0.0
2003-03-05,0.0,1.0,0.0
2003-03-06,0.0,0.2,0.0
2003-03-07,0.0,1.0,0.0
2003-03-08,0.0,1.6,0.0
2003-03-09,0.0,0.5,0.0
2003-03-10,0.0,1.4,0.0
2003-03-11,0.0,163.9,84.0
2003-03-12,36.8,3.1,0.0
2003-03-13,42.2,0.6,0.0
2003-03-14,0.0,0.9,0.0
2003-03-15,5.0,1.7,0.0
2003-03-16,9.7,2.0,0.0
2003-03-17,10.0,0.2,0.0
2003-03-18,0.2,4.2,0.0
2003-03-19,15.0,1.9,0.0
2003-03-20,0.0,5.6,1.0
2003-03-21,0.0,4.9,0.0
2003-03-23,2.0,0.0,0.0
2003-03-24,0.0,42.9,48.7
2003-03-25,0.0,2.6,0.0
2003-03-26,0.0,23.1,21.7
2003-03-27,42.0,5.3,0.0
2003-03-28,8.8,5.2,0.0
2003-03-29,0.0,7.1,1.2
2003-03-30,0.0,2.4,0.0
2003-03-31,0.0,1.2,0.0
2003-04-01,0.0,0.1,0.0
2003-04-02,0.0,22.7,33.6
2003-04-03,11.5,8.9,5.6
2003-04-04,0.1,36.6,59.5
2003-04-05,72.2,4.0,1.0
2003-04-06,0.0,1.4,0.0
2003-04-07,0.0,2.0,0.0
2003-04-08,0.0,20.7,30.0
2003-04-09,83.0,1.0,0.0
2003-04-10,5.0,0.1,0.0
2003-04-11,20.0,17.0,23.1
2003-04-12,53.0,1.8,0.0
2003-04-13,0.0,3.2,0.0
2003-04-14,2.7,15.2,13.2
2003-04-15,31.4,9.3,5.9
2003-04-16,16.2,20.3,29.6
2003-04-17,30.0,0.9,0.0
2003-04-18,4.0,5.5,1.9
2003-04-19,0.0,1.4,0.0
2003-04-20,0.0,1.0,0.0
2003-04-21,4.6,0.6,0.0
2003-04-22,26.5,11.4,9.6
2003-04-23,11.8,13.4,12.5
2003-04-25,0.0,0.0,0.0
2003-04-26,0.0,4.6,1.5
2003-04-27,0.4,1.8,0.0
2003-04-28,0.0,0.6,0.0
2003-04-29,0.0,13.0,11.7
2003-04-30,0.9,16.4,16.2
2003-05-01,26.0,0.9,0.0
2003-05-02,0.0,0.7,0.0
2003-05-03,0.0,17.6,14.7
2003-05-04,50.0,0.9,0.0
2003-05-05,0.0,8.1,5.1
2003-05-06,30.0,0.2,0.0
2003-05-07,1.9,7.1,4.1
2003-05-08,2.2,0.0,0.0
2003-05-09,3.0,18.9,15.9
2003-05-10,40.7,19.2,16.2
2003-05-11,0.6,8.4,6.9
2003-05-12,12.0,21.3,49.7
2003-05-13,1.1,2.1,0.0
2003-05-14,0.0,4.5,1.2
2003-05-15,0.0,1.8,0.0
2003-05-16,0.0,0.2,0.0
2003-05-17,0.0,8.9,7.5
2003-05-18,7.4,2.4,0.0
2003-05-19,0.0,0.0,0.0
2003-05-20,0.0,5.4,2.3
2003-05-21,0.0,0.3,0.0
2003-05-22,0.0,0.0,0.0
2003-05-23,0.0,0.1,0.0
2003-05-24,0.0,0.0,0.0
2003-05-25,0.0,0.0,0.0
2003-05-26,0.0,0.0,0.0
2003-05-27,0.0,0.4,0.0
2003-05-29,0.0,0.0,0.0
2003-05-30,0.0,0.2,0.0
2003-05-31,0.0,12.8,15.0
2003-06-01,0.0,0.7,0.0
2003-06-02,0.0,0.0,0.0
2003-06-03,1.6,0.0,0.0
2003-06-04,0.0,0.0,0.0
2003-06-05,0.0,0.2,0.0
2003-06-06,0.0,17.0,26.0
2003-06-07,19.0,0.0,0.0
2003-06-08,0.0,0.0,0.0
2003-06-09,0.0,0.0,0.0
2003-06-10,0.0,0.0,0.0
2003-06-11,0.0,0.0,0.0
2003-06-12,0.0,0.3,0.0
2003-06-13,0.0,0.0,0.0
2003-06-14,0.0,0.0,0.0
2003-06-15,0.0,0.0,0.0
2003-06-16,0.0,0.0,0.0
2003-06-17,0.0,0.0,0.0
2003-06-18,0.0,0.0,0.0
2003-06-19,0.0,0.0,0.0
2003-06-20,0.0,0.1,0.0
2003-06-21,0.0,0.0,0.0
2003-06-22,0.0,0.0,0.0
2003-06-23,0.0,2.2,1.0
2003-06-24,2.4,0.4,0.0
2003-06-25,0.0,1.1,0.0
2003-06-26,0.0,0.0,0.0
2003-06-27,1.8,0.4,0.0
2003-06-28,0.0,0.1,0.0
2003-06-29,0.0,4.6,3.7
2003-06-30,0.9,2.7,1.0
2003-07-01,2.3,0.0,0.0
2003-07-02,0.0,1.0,0.0
2003-07-03,0.0,4.4,1.5
2003-07-04,13.6,31.8,69.6
2003-07-05,6.4,4.1,1.0
2003-07-06,0.0,0.1,0.0
2003-07-07,0.0,3.0,0.0
2003-07-08,11.5,0.8,0.0
2003-07-09,0.0,0.1,0.0
2003-07-10,0.9,2.2,0.0
2003-07-11,0.0,5.1,1.0
2003-07-12,57.0,10.7,9.5
2003-07-13,88.5,3.3,0.0
2003-07-14,0.0,0.4,0.0
2003-07-15,0.2,1.2,0.0
2003-07-16,0.2,3.3,0.0
2003-07-17,20.7,5.4,1.3
2003-07-18,0.0,0.4,0.0
2003-07-19,0.0,0.0,0.0
2003-07-20,0.0,0.0,0.0
2003-07-21,0.0,0.2,0.0
2003-07-22,0.0,0.3,0.0
2003-07-23,0.0,0.0,0.0
2003-07-24,0.0,0.4,0.0
2003-07-25,0.0,4.4,1.0
2003-07-26,0.0,6.1,2.0
2003-07-27,0.0,8.2,4.6
2003-07-28,0.0,0.6,0.0
2003-07-29,0.0,0.1,0.0
2003-07-30,0.6,0.0,0.0
2003-07-31,0.0,0.0,0.0
2003-08-01,0.0,0.2,0.0
2003-08-02,0.0,2.5,0.0
2003-08-03,11.5,2.4,0.0
2003-08-04,0.0,0.8,0.0
2003-08-05,0.0,0.3,0.0
2003-08-06,0.0,1.1,0.0
2003-08-07,0.0,1.3,0.0
2003-08-08,0.0,0.0,0.0
2003-08-09,0.0,2.1,0.0
2003-08-10,0.0,0.0,0.0
2003-08-11,0.0,4.8,1.0
2003-08-12,0.0,4.4,1.0
2003-08-13,86.6,0.1,0.0
2003-08-14,0.0,0.1,0.0
2003-08-15,4.0,5.6,1.0
2003-08-16,0.3,41.6,74.7
2003-08-17,1.9,3.3,0.0
2003-08-18,0.0,1.3,0.0
2003-08-19,0.0,6.4,1.8
2003-08-20,0.0,1.8,0.0
2003-08-21,6.4,18.3,21.6
2003-08-22,16.2,1.6,0.0
2003-08-23,0.0,0.4,0.0
2003-08-24,0.0,0.8,0.0
2003-08-25,0.3,0.4,0.0
2003-08-26,0.0,17.6,17.2
2003-08-27,77.7,0.1,0.0
2003-08-28,21.5,25.3,40.7
2003-08-29,30.8,1.1,0.0
2003-08-30,0.0,4.7,0.0
2003-08-31,0.5,13.1,10.4
2003-09-01,0.0,4.3,0.0
2003-09-02,55.0,5.3,1.0
2003-09-03,0.0,5.7,1.2
2003-09-04,0.0,0.2,0.0
2003-09-05,0.0,0.2,0.0
2003-09-06,0.0,0.0,0.0
2003-09-07,0.0,0.0,0.0
2003-09-08,0.0,8.0,4.1
2003-09-10,24.5,3.6,0.0
2003-09-11,0.0,1.1,0.0
2003-09-12,1.2,26.5,42.8
2003-09-13,30.1,2.1,0.0
2003-09-14,0.0,31.0,51.1
2003-09-15,5.0,12.9,10.1
2003-09-16,31.7,0.0,0.0
2003-09-17,13.3,20.9,31.9
2003-09-18,44.5,5.6,1.0
2003-09-19,0.0,7.6,2.6
2003-09-20,0.0,1.8,0.0
2003-09-21,0.0,14.3,13.1
2003-09-22,45.6,0.9,0.0
2003-09-23,0.0,25.7,42.7
2003-09-24,24.5,6.0,2.0
2003-09-25,58.5,1.5,0.0
2003-09-26,0.0,1.8,0.0
2003-09-27,0.0,0.2,0.0
2003-09-28,6.0,8.3,5.1
2003-09-29,0.0,0.0,0.0
2003-09-30,0.0,0.0,0.0
2003-10-01,0.0,0.0,0.0
2003-10-02,0.0,0.2,0.0
2003-10-03,0.0,2.3,0.0
2003-10-04,0.0,4.0,1.0
2003-10-05,0.0,3.4,0.0
2003-10-06,0.0,0.4,0.0
2003-10-07,0.0,24.3,47.5
2003-10-08,54.8,2.7,0.0
2003-10-09,0.0,3.2,0.0
2003-10-10,0.0,9.6,10.0
2003-10-11,4.0,9.6,6.0
2003-10-12,1.5,106.4,73.3
2003-10-13,70.5,0.1,0.0
2003-10-14,0.0,14.4,11.2
2003-10-15,27.5,1.0,0.0
2003-10-16,0.0,10.0,6.5
2003-10-17,21.0,10.1,6.5
2003-10-18,0.0,3.6,1.0
2003-10-19,0.0,0.0,0.0
2003-10-20,0.0,0.4,0.0
2003-10-21,0.0,0.4,0.0
2003-10-22,0.0,1.0,0.0
2003-10-23,0.0,0.8,0.0
2003-10-24,0.0,0.8,0.0
2003-10-25,0.0,5.1,1.0
2003-10-26,2.4,6.4,1.7
2003-10-27,3.6,2.5,0.0
2003-10-28,7.7,2.8,0.0
2003-10-29,2.0,15.4,14.1
2003-10-30,6.8,35.6,54.3
2003-10-31,30.1,53.9,80.3
2003-11-01,8.3,7.2,3.0
2003-11-02,0.0,20.4,20.4
2003-11-03,8.0,0.3,0.0
2003-11-04,15.0,0.1,0.0
2003-11-05,0.0,12.3,8.3
2003-11-06,12.4,2.8,0.0
2003-11-07,0.0,16.5,12.7
2003-11-08,0.0,33.8,43.5
2003-11-09,9.5,26.1,32.4
2003-11-11,0.0,1.7,0.0
2003-11-12,0.0,0.3,0.0
2003-11-13,0.0,1.0,0.0
2003-11-14,0.6,3.9,0.0
2003-11-15,0.0,2.8,0.0
2003-11-16,0.0,19.5,13.7
2003-11-17,2.1,33.1,32.0
2003-11-18,3.2,2.1,0.0
2003-11-19,0.0,10.9,5.7
2003-11-20,0.0,2.9,0.0
2003-11-21,0.0,8.0,3.7
2003-11-22,10.5,13.6,9.7
2003-11-23,9.6,4.4,1.0
2003-11-24,0.0,1.4,0.0
2003-11-25,0.0,44.7,52.6
2003-11-26,34.5,2.1,0.0
2003-11-27,0.0,0.4,0.0
2003-11-28,0.5,12.7,8.7
2003-11-29,2.0,66.3,87.6
2003-11-30,5.9,15.4,11.6
2003-12-01,1.3,8.9,4.5
2003-12-02,4.0,10.9,7.0
2003-12-03,59.0,6.6,1.6
2003-12-04,3.0,11.1,7.3
2003-12-05,3.0,1.8,0.0
2003-12-06,0.0,9.8,5.5
2003-12-07,31.0,7.2,2.3
2003-12-08,5.0,3.4,0.0
2003-12-09,6.5,23.3,35.0
2003-12-10,14.6,15.6,13.4
2003-12-11,0.3,42.5,60.7
2003-12-12,22.0,13.2,10.1
2003-12-13,0.0,15.9,13.5
2003-12-14,0.2,8.5,4.7
2003-12-15,0.0,0.1,0.0
2003-12-16,0.0,11.7,8.3
2003-12-17,16.2,11.4,8.1
2003-12-18,1.3,5.7,1.7
2003-12-19,7.6,3.7,0.0
2003-12-20,3.7,27.7,34.0
2003-12-21,19.0,1.4,0.0
2003-12-22,0.0,1.0,0.0
2003-12-23,3.0,0.3,0.0
2003-12-24,0.0,2.3,0.0
2003-12-25,0.0,0.3,0.0
2003-12-26,0.0,0.3,0.0
2003-12-27,0.0,0.2,0.0
2003-12-28,0.0,0.1,0.0
2003-12-29,0.0,0.1,0.0
2003-12-30,0.0,0.0,0.0
2003-12-31,0.0,0.0,0.0
2004-01-01,2.0,0.0,0.0
2004-01-02,0.0,0.0,0.0
2004-01-03,0.0,0.0,0.0
2004-01-04,0.5,2.4,0.0
2004-01-05,2.3,18.9,23.5
2004-01-06,30.3,0.2,0.0
2004-01-07,0.2,0.1,0.0
2004-01-08,0.0,4.6,1.0
2004-01-09,1.7,5.3,1.6
2004-01-10,4.8,3.4,0.0
2004-01-11,4.5,0.5,0.0
2004-01-12,39.3,1.6,0.0
2004-01-13,1.7,0.0,0.0
2004-01-14,0.0,0.0,0.0
2004-01-15,0.0,0.0,0.0
2004-01-16,0.0,0.2,0.0
2004-01-17,0.0,0.0,0.0
2004-01-18,0.0,88.9,114.3
2004-01-19,18.2,19.1,18.6
2004-01-20,0.0,2.0,0.0
2004-01-21,0.3,1.6,1.0
2004-01-22,0.0,1.9,1.0
2004-01-23,21.0,50.2,71.0
2004-01-24,50.0,54.0,80.7
2004-01-25,8.0,5.0,3.5
2004-01-26,6.6,33.8,38.2
2004-01-27,28.6,0.0,0.0
2004-01-28,0.0,45.5,60.3
2004-01-29,9.2,7.6,6.2
2004-01-30,0.0,1.9,1.0
2004-01-31,47.5,1.0,0.0
2004-02-01,0.0,98.8,60.2
2004-02-02,47.5,3.3,1.6
2004-02-03,11.6,11.7,12.0
2004-02-04,0.4,4.3,2.8
2004-02-05,5.9,5.3,4.1
2004-02-06,0.0,0.8,0.0
2004-02-07,0.0,10.4,11.1
2004-02-08,16.8,0.3,0.0
2004-02-09,0.0,0.1,0.0
2004-02-10,0.0,2.1,1.0
2004-02-11,0.0,0.0,0.0
2004-02-12,0.0,0.0,0.0
2004-02-13,0.0,0.1,0.0
2004-02-14,0.0,0.1,0.0
2004-02-15,3.0,0.6,0.0
2004-02-16,0.0,0.5,0.0
2004-02-17,0.0,0.6,0.0
2004-02-18,0.0,0.1,0.0
2004-02-19,9.8,5.8,5.2
2004-02-20,5.5,2.6,1.0
2004-02-21,0.0,4.5,1.2
2004-02-22,3.6,16.5,18.0
2004-02-23,0.0,13.0,12.2
2004-02-24,2.0,1.4,0.0
2004-02-25,0.0,19.6,27.2
2004-02-26,30.5,1.4,0.0
2004-02-27,0.0,3.3,1.0
2004-02-28,0.0,0.1,0.0
2004-02-29,0.0,4.1,1.0
2004-03-01,6.5,2.4,0.0
2004-03-02,0.0,13.3,7.7
2004-03-03,65.0,45.4,62.1
2004-03-04,12.7,3.8,0.0
2004-03-05,0.0,21.9,22.8
2004-03-06,4.6,2.6,0.0
2004-03-07,7.3,13.9,9.5
2004-03-08,60.0,39.4,54.4
2004-03-09,1.0,1.7,0.0
2004-03-10,0.0,20.2,16.0
2004-03-11,37.0,27.2,32.4
2004-03-12,1.0,24.0,26.8
2004-03-13,25.5,67.8,74.2
2004-03-14,46.5,10.8,5.4
2004-03-15,0.0,16.3,10.7
2004-03-16,9.3,0.4,0.0
2004-03-17,0.4,2.0,0.0
2004-03-18,0.0,0.3,0.0
2004-03-19,0.0,76.8,77.9
2004-03-20,2.0,2.5,0.0
2004-03-21,0.0,2.4,0.0
2004-03-22,0.0,0.7,0.0
2004-03-23,0.0,0.1,0.0
2004-03-24,0.0,4.7,0.0
2004-03-25,2.1,0.1,0.0
2004-03-26,0.0,30.8,34.0
2004-03-27,8.9,1.4,0.0
2004-03-28,11.6,35.3,40.8
2004-03-29,48.8,7.7,1.6
2004-03-30,0.0,10.2,3.8
2004-03-31,42.2,8.1,2.0
2004-04-01,3.6,0.0,0.0
2004-04-02,8.0,5.4,1.5
2004-04-03,11.0,18.0,19.2
2004-04-04,3.5,2.4,0.0
2004-04-05,0.0,1.3,0.0
2004-04-06,0.0,3.7,1.0
2004-04-07,30.0,21.6,32.1
2004-04-08,6.3,17.2,17.1
2004-04-09,3.0,0.0,0.0
2004-04-10,6.7,4.7,1.0
2004-04-11,6.9,8.6,5.2
2004-04-12,7.0,7.4,3.9
2004-04-13,10.5,3.5,1.0
2004-04-14,11.8,0.0,0.0
2004-04-15,0.0,0.1,0.0
2004-04-16,0.0,1.4,0.0
2004-04-18,5.0,2.1,0.0
2004-04-19,42.0,0.4,0.0
2004-04-20,0.0,4.7,1.2
2004-04-21,7.9,0.0,0.0
2004-04-22,0.0,6.3,3.3
2004-04-23,0.6,6.6,3.7
2004-04-24,7.7,2.3,0.0
2004-04-25,0.0,0.0,0.0
2004-04-26,0.0,10.2,8.2
2004-04-27,38.0,0.2,0.0
2004-04-28,0.0,8.5,6.1
2004-04-29,3.0,6.4,3.5
2004-04-30,5.2,0.2,0.0
2004-05-01,0.0,12.1,9.1
2004-05-02,29.5,28.1,25.7
2004-05-03,59.0,2.3,0.0
2004-05-04,7.6,1.4,0.0
2004-05-05,6.2,19.4,17.0
2004-05-06,17.0,8.2,5.2
2004-05-07,12.4,1.8,0.0
2004-05-08,0.0,0.0,0.0
2004-05-09,0.0,0.1,0.0
2004-05-10,0.0,0.6,0.0
2004-05-11,0.0,11.4,17.7
2004-05-12,17.8,4.1,1.0
2004-05-13,0.0,2.8,0.0
2004-05-14,0.0,0.0,0.0
2004-05-15,0.0,0.1,0.0
2004-05-16,0.0,1.3,0.0
2004-05-17,0.0,28.5,65.0
2004-05-18,0.0,0.2,0.0
2004-05-19,0.0,0.0,0.0
2004-05-20,0.0,0.0,0.0
2004-05-21,0.0,0.1,0.0
2004-05-22,0.0,0.9,0.0
2004-05-23,0.0,3.6,1.0
2004-05-25,3.8,0.0,0.0
2004-05-26,0.0,0.7,0.0
2004-05-27,8.8,2.6,0.0
2004-05-28,0.0,0.4,0.0
2004-05-29,0.0,10.0,10.6
2004-05-30,2.0,22.6,45.8
2004-05-31,22.6,0.3,0.0
2004-06-01,0.0,5.1,1.4
2004-06-02,22.5,0.3,0.0
2004-06-03,0.0,0.1,0.0
2004-06-04,0.0,1.3,0.0
2004-06-05,0.0,5.2,1.5
2004-06-06,0.0,0.1,0.0
2004-06-07,0.0,0.3,0.0
2004-06-08,0.0,18.6,30.4
2004-06-09,11.8,9.2,6.3
2004-06-10,9.0,0.0,0.0
2004-06-11,0.0,0.0,0.0
2004-06-12,0.0,1.7,0.0
2004-06-13,0.0,0.1,0.0
2004-06-14,0.0,0.0,0.0
2004-06-15,0.0,0.0,0.0
2004-06-16,0.0,0.0,0.0
2004-06-17,0.0,0.0,0.0
2004-06-18,0.0,0.0,0.0
2004-06-19,19.0,0.0,0.0
2004-06-20,0.0,0.0,0.0
2004-06-21,0.0,0.0,0.0
2004-06-22,0.0,0.0,0.0
2004-06-23,0.0,0.0,0.0
2004-06-24,0.0,2.5,1.0
2004-06-25,0.0,0.2,0.0
2004-06-26,0.0,1.5,0.0
2004-06-27,2.0,1.6,0.0
2004-06-28,0.0,0.3,0.0
2004-06-29,0.0,1.4,0.0
2004-06-30,0.0,0.0,0.0
2004-07-01,0.0,15.5,23.6
2004-07-02,21.2,0.0,0.0
2004-07-03,0.0,1.2,0.0
2004-07-04,12.5,4.9,2.3
2004-07-05,0.5,11.6,14.0
2004-07-06,14.0,1.5,0.0
2004-07-07,20.0,0.2,0.0
2004-07-08,7.0,3.9,1.0
2004-07-09,3.0,3.4,1.0
2004-07-10,0.5,2.7,0.0
2004-07-11,0.0,0.1,0.0
2004-07-12,0.0,11.0,8.7
2004-07-13,0.0,3.3,0.0
2004-07-15,98.5,12.3,11.8
2004-07-16,20.0,2.7,0.0
2004-07-17,1.5,28.5,42.8
2004-07-18,17.6,4.3,1.0
2004-07-19,4.7,0.0,0.0
2004-07-20,0.0,2.6,0.0
2004-07-21,14.2,1.8,0.0
2004-07-22,0.0,0.6,0.0
2004-07-23,0.0,0.0,0.0
2004-07-24,0.0,29.3,43.8
2004-07-25,5.2,11.9,9.5
2004-07-26,19.0,0.1,0.0
2004-07-27,0.0,0.0,0.0
2004-07-28,0.0,0.1,0.0
2004-07-29,0.0,4.0,0.0
2004-07-30,0.0,2.1,0.0
2004-07-31,3.0,3.8,0.0
2004-08-01,0.0,9.8,8.7
2004-08-02,3.0,4.4,1.2
2004-08-03,0.0,0.7,0.0
2004-08-04,0.0,0.1,0.0
2004-08-05,0.0,0.0,0.0
2004-08-06,0.0,0.0,0.0
2004-08-07,0.0,0.6,0.0
2004-08-08,0.0,1.2,0.0
2004-08-09,0.0,0.0,0.0
2004-08-10,0.0,0.8,0.0
2004-08-11,0.0,0.0,0.0
2004-08-12,0.0,0.4,0.0
2004-08-13,0.0,0.0,0.0
2004-08-14,0.0,0.0,0.0
2004-08-15,0.0,0.3,0.0
2004-08-16,0.0,0.4,0.0
2004-08-17,1.2,0.0,0.0
2004-08-18,0.0,11.8,8.1
2004-08-19,6.0,0.1,0.0
2004-08-20,0.0,0.8,0.0
2004-08-21,0.3,0.0,0.0
2004-08-22,0.0,1.5,0.0
2004-08-23,0.0,2.3,0.0
2004-08-24,0.0,10.7,6.9
2004-08-25,41.0,0.6,0.0
2004-08-26,4.3,0.6,0.0
2004-08-27,0.0,0.0,0.0
2004-08-28,0.0,2.1,0.0
2004-08-29,0.0,0.0,0.0
2004-08-30,0.0,0.0,0.0
2004-08-31,0.0,0.0,0.0
2004-09-01,0.0,1.4,0.0
2004-09-02,0.0,0.2,0.0
2004-09-03,0.0,0.3,0.0
2004-09-04,0.0,0.0,0.0
2004-09-05,0.0,1.4,0.0
2004-09-06,0.0,0.0,0.0
2004-09-07,0.0,0.0,0.0
2004-09-08,0.0,0.0,0.0
2004-09-09,0.0,0.8,0.0
2004-09-10,0.0,0.1,0.0
2004-09-11,0.0,0.9,0.0
2004-09-12,0.0,9.5,4.9
2004-09-13,3.0,2.3,0.0
2004-09-14,0.0,2.6,0.0
2004-09-15,0.0,1.0,0.0
2004-09-16,0.0,14.2,11.3
2004-09-17,16.4,8.5,3.7
2004-09-18,0.0,5.5,1.0
2004-09-19,1.0,16.2,14.2
2004-09-20,0.0,18.2,26.9
2004-09-21,13.6,4.2,0.0
2004-09-22,0.0,0.7,0.0
2004-09-23,0.0,0.0,0.0
2004-09-24,0.0,0.1,0.0
2004-09-26,11.0,8.3,5.1
2004-09-27,0.0,4.6,1.0
2004-09-28,2.0,3.6,0.0
2004-09-29,0.0,3.6,0.0
2004-09-30,0.0,6.2,2.3
2004-10-01,2.2,0.0,0.0
2004-10-02,0.0,2.6,0.0
2004-10-03,0.0,5.9,2.9
2004-10-04,50.0,4.8,1.4
2004-10-05,0.0,4.0,1.0
2004-10-06,0.0,2.1,0.0
2004-10-07,0.0,1.2,0.0
2004-10-08,0.0,0.0,0.0
2004-10-09,0.0,14.2,22.0
2004-10-10,1.6,1.2,0.0
2004-10-11,0.0,0.5,0.0
2004-10-12,0.0,1.3,0.0
2004-10-13,0.0,0.7,0.0
2004-10-14,0.0,0.0,0.0
2004-10-16,0.0,0.0,0.0
2004-10-17,0.0,14.9,12.1
2004-10-18,72.9,18.6,16.0
2004-10-19,51.7,1.1,0.0
2004-10-20,0.0,3.8,1.0
2004-10-21,0.0,8.7,4.5
2004-10-22,0.0,27.2,41.2
2004-10-23,14.2,1.7,0.0
2004-10-24,0.0,1.1,0.0
2004-10-25,13.5,2.3,0.0
2004-10-26,16.2,1.1,0.0
2004-10-27,2.0,14.8,12.5
2004-10-28,20.4,1.0,0.0
2004-10-29,0.0,3.7,0.0
2004-10-30,36.6,4.7,0.0
2004-10-31,0.9,3.2,0.0
2004-11-01,10.5,14.5,10.5
2004-11-02,37.0,2.3,0.0
2004-11-03,4.0,3.9,0.0
2004-11-04,0.0,15.1,11.2
2004-11-05,14.0,12.8,8.8
2004-11-06,0.0,7.2,3.0
2004-11-07,0.6,1.4,0.0
2004-11-08,0.0,0.0,0.0
2004-11-09,0.0,0.6,0.0
2004-11-10,0.0,5.6,1.4
2004-11-11,0.0,1.3,0.0
2004-11-12,0.0,5.5,1.0
2004-11-13,2.0,3.4,0.0
2004-11-14,0.0,5.7,1.0
2004-11-15,0.0,0.0,0.0
2004-11-16,0.0,9.0,3.9
2004-11-17,1.5,15.5,10.0
2004-11-18,0.0,6.8,1.8
2004-11-19,0.0,1.4,0.0
2004-11-20,28.8,11.4,6.2
2004-11-21,0.0,29.6,31.6
2004-11-22,30.0,2.1,0.0
2004-11-23,1.0,88.4,90.0
2004-11-24,35.0,9.0,4.7
2004-11-25,0.7,9.4,5.2
2004-11-26,3.0,95.0,89.3
2004-11-27,0.0,37.0,41.9
2004-11-28,103.0,31.2,34.1
2004-11-29,13.0,7.1,2.8
2004-11-30,0.0,2.7,0.0
2004-12-01,0.0,28.7,43.9
2004-12-02,26.0,5.2,0.0
2004-12-03,0.0,16.9,15.2
2004-12-04,23.0,4.1,0.0
2004-12-05,20.0,2.4,0.0
2004-12-06,0.0,3.2,0.0
2004-12-07,0.0,0.9,0.0
2004-12-08,0.0,2.8,0.0
2004-12-09,0.3,6.7,1.6
2004-12-10,8.8,5.1,0.0
2004-12-11,20.0,1.3,0.0
2004-12-12,0.0,3.7,0.0
2004-12-13,11.4,5.7,1.7
2004-12-14,17.5,4.3,1.0
2004-12-15,0.8,0.5,0.0
2004-12-16,0.0,1.4,0.0
2004-12-17,0.0,6.7,2.7
2004-12-18,24.2,1.3,0.0
2004-12-19,6.2,11.0,7.6
2004-12-20,16.7,0.8,0.0
2004-12-21,0.0,0.0,0.0
2004-12-22,0.0,0.8,0.0
2004-12-23,0.0,12.4,8.0
2004-12-24,38.0,10.2,5.9
2004-12-25,0.0,2.8,0.0
2004-12-26,0.0,3.0,0.0
2004-12-27,13.7,8.9,4.7
2004-12-28,28.0,6.0,2.0
2004-12-29,0.0,0.6,0.0
2004-12-30,0.0,6.8,2.7
2004-12-31,0.0,8.2,4.0
2005-01-01,7.0,6.2,2.5
2005-01-02,3.0,8.3,4.7
2005-01-03,0.5,0.0,0.0
2005-01-04,0.6,9.5,6.1
2005-01-05,7.3,19.0,23.9
2005-01-06,0.0,4.5,1.0
2005-01-07,0.0,6.5,2.8
2005-01-08,0.0,0.9,0.0
2005-01-09,0.0,3.3,0.0
2005-01-10,25.6,3.6,0.0
2005-01-11,0.0,0.0,0.0
2005-01-13,5.5,0.0,0.0
2005-01-14,0.0,0.6,0.0
2005-01-15,0.0,0.0,0.0
2005-01-16,0.0,0.0,0.0
2005-01-17,0.0,4.5,2.2
2005-01-18,47.0,0.0,0.0
2005-01-19,0.3,0.1,0.0
2005-01-20,0.0,0.0,0.0
2005-01-21,0.0,0.0,0.0
2005-01-22,0.0,0.0,0.0
2005-01-23,0.0,0.6,0.0
2005-01-24,0.6,0.0,0.0
2005-01-25,0.0,0.0,0.0
2005-01-26,0.0,0.0,0.0
2005-01-27,0.0,0.0,0.0
2005-01-28,0.0,0.7,0.0
2005-01-29,3.4,4.7,3.3
2005-01-30,0.0,0.0,0.0
2005-01-31,0.0,0.0,0.0
2005-02-01,0.0,1.1,0.0
2005-02-02,0.0,21.2,34.3
2005-02-03,20.5,9.0,8.8
2005-02-04,9.0,6.0,5.0
2005-02-05,0.0,6.8,6.7
2005-02-07,0.0,0.0,0.0
2005-02-08,0.0,0.0,0.0
2005-02-09,0.0,0.0,0.0
2005-02-10,0.0,0.0,0.0
2005-02-11,0.0,3.2,1.7
2005-02-12,0.0,5.2,4.4
2005-02-13,0.0,1.7,0.0
2005-02-14,5.4,0.2,0.0
2005-02-15,0.0,0.3,0.0
2005-02-16,1.2,15.6,17.5
2005-02-18,0.0,0.0,0.0
2005-02-19,0.0,3.8,2.5
2005-02-20,1.0,1.2,0.0
2005-02-21,0.0,1.1,0.0
2005-02-22,2.5,0.0,0.0
2005-02-23,0.0,0.0,0.0
2005-02-24,0.0,0.0,0.0
2005-02-25,0.0,45.1,68.3
2005-02-26,7.0,2.4,0.0
2005-02-27,0.0,16.2,19.7
2005-02-28,19.8,1.5,0.0
2005-03-01,0.0,3.7,0.0
2005-03-02,0.0,8.6,2.6
2005-03-03,0.0,2.6,0.0
2005-03-05,0.0,5.9,1.0
2005-03-06,0.0,11.6,5.8
2005-03-07,7.0,13.5,7.8
2005-03-08,2.5,0.4,0.0
2005-03-09,16.5,0.4,0.0
2005-03-10,0.0,1.9,0.0
2005-03-11,14.0,4.7,1.0
2005-03-13,0.0,0.2,0.0
2005-03-14,0.0,0.8,0.0
2005-03-15,11.0,7.9,2.8
2005-03-16,16.5,1.2,0.0
2005-03-17,0.0,9.8,4.5
2005-03-18,25.4,45.2,55.5
2005-03-19,91.4,16.3,10.7
2005-03-20,11.3,8.3,3.1
2005-03-22,52.2,5.6,1.0
2005-03-23,3.0,54.2,60.0
2005-03-24,19.0,15.1,8.1
2005-03-25,0.0,5.6,1.0
2005-03-26,0.0,9.0,2.8
2005-03-27,0.0,3.1,0.0
2005-03-28,0.0,19.8,12.4
2005-03-29,46.5,7.5,1.5
2005-03-31,8.2,2.1,0.0
2005-04-01,0.0,13.0,11.1
2005-04-02,13.8,1.5,0.0
2005-04-03,0.0,7.1,3.4
2005-04-04,2.5,3.6,1.0
2005-04-05,0.0,2.4,0.0
2005-04-06,17.0,24.1,36.3
2005-04-07,36.0,1.0,0.0
2005-04-08,0.0,5.3,1.4
2005-04-09,14.5,6.3,2.5
2005-04-10,0.0,1.7,0.0
2005-04-11,0.0,0.1,0.0
2005-04-12,0.0,0.8,0.0
2005-04-13,0.0,0.1,0.0
2005-04-14,0.0,7.1,3.6
2005-04-15,21.3,0.0,0.0
2005-04-16,0.0,3.5,1.0
2005-04-17,15.4,14.6,12.0
2005-04-18,0.0,2.5,0.0
2005-04-19,0.8,5.2,1.7
2005-04-20,6.0,6.8,3.3
2005-04-21,0.0,2.5,0.0
2005-04-22,41.5,3.9,1.0
2005-04-23,0.0,3.7,1.0
2005-04-24,4.0,0.0,0.0
2005-04-25,0.0,0.0,0.0
2005-04-26,0.0,0.2,0.0
2005-04-27,0.0,1.5,0.0
2005-04-28,10.0,7.4,4.7
2005-04-29,0.0,0.0,0.0
2005-04-30,1.0,0.5,0.0
2005-05-01,0.0,18.1,14.9
2005-05-02,4.0,10.0,7.0
2005-05-03,0.0,2.2,0.0
2005-05-04,1.5,42.3,45.8
2005-05-05,0.2,3.8,1.0
2005-05-06,1.7,5.3,2.3
2005-05-08,0.2,40.2,42.4
2005-05-09,1.3,3.2,1.0
2005-05-10,18.0,16.9,14.3
2005-05-11,8.6,3.5,1.0
2005-05-12,4.0,2.3,0.0
2005-05-13,0.3,5.1,1.9
2005-05-14,6.5,98.3,85.3
2005-05-15,15.1,9.5,8.6
2005-05-17,0.0,0.1,0.0
2005-05-18,0.0,0.0,0.0
2005-05-19,0.0,0.0,0.0
2005-05-20,0.0,0.0,0.0
2005-05-21,0.0,0.0,0.0
2005-05-23,0.0,7.7,6.5
2005-05-24,21.7,19.7,37.7
2005-05-25,24.0,25.8,56.6
2005-05-26,8.5,2.4,0.0
2005-05-27,41.5,0.4,0.0
2005-05-28,0.0,0.1,0.0
2005-05-29,0.0,1.9,0.0
2005-05-30,0.0,0.0,0.0
2005-05-31,0.0,0.0,0.0
2005-06-01,0.0,0.9,0.0
2005-06-02,0.0,0.0,0.0
2005-06-03,0.0,0.0,0.0
2005-06-04,0.0,0.1,0.0
2005-06-05,0.0,11.8,8.6
2005-06-06,4.1,0.0,0.0
2005-06-07,0.0,0.0,0.0
2005-06-08,0.0,4.3,1.0
2005-06-09,0.0,0.0,0.0
2005-06-10,0.0,0.7,0.0
2005-06-11,0.0,0.1,0.0
2005-06-12,0.0,1.8,0.0
2005-06-13,0.0,3.1,0.0
2005-06-14,0.0,48.8,79.8
2005-06-15,19.0,2.7,0.0
2005-06-17,0.0,1.1,0.0
2005-06-18,0.0,6.0,2.8
2005-06-19,1.0,0.1,0.0
2005-06-20,0.0,27.1,43.8
2005-06-21,57.5,3.8,2.9
2005-06-22,0.0,0.0,0.0
2005-06-23,0.0,1.2,0.0
2005-06-24,0.0,1.4,0.0
2005-06-25,0.0,15.6,33.8
2005-06-26,6.0,22.4,50.9
2005-06-27,0.0,2.6,1.0
2005-06-28,13.0,0.1,0.0
2005-06-29,1.0,0.3,0.0
2005-06-30,0.0,0.0,0.0
2005-07-01,0.0,0.0,0.0
2005-07-02,0.0,0.3,0.0
2005-07-03,0.0,0.0,0.0
2005-07-04,0.0,0.0,0.0
2005-07-05,0.0,0.7,0.0
2005-07-06,0.0,0.0,0.0
2005-07-07,0.0,0.2,0.0
2005-07-08,0.0,0.5,0.0
2005-07-09,0.0,0.3,0.0
2005-07-10,0.0,9.8,11.2
2005-07-11,3.5,5.1,1.0
2005-07-12,0.0,7.6,3.9
2005-07-13,15.2,0.1,0.0
2005-07-14,1.0,17.6,26.1
2005-07-15,8.5,11.8,10.0
2005-07-16,0.2,13.0,11.2
2005-07-17,28.0,2.1,0.0
2005-07-18,0.0,11.5,9.9
2005-07-19,11.6,0.9,0.0
2005-07-20,0.0,1.9,0.0
2005-07-21,0.0,0.2,0.0
2005-07-22,0.0,0.3,0.0
2005-07-23,0.0,0.9,0.0
2005-07-24,0.0,0.0,0.0
2005-07-25,0.0,0.1,0.0
2005-07-26,0.0,10.0,7.5
2005-07-27,8.5,0.1,0.0
2005-07-28,0.0,0.2,0.0
2005-07-29,0.0,0.2,0.0
2005-07-30,0.0,38.1,66.3
2005-07-31,13.0,3.8,0.0
2005-08-01,0.0,0.2,0.0
2005-08-02,0.0,24.9,29.2
2005-08-03,4.5,4.1,0.0
2005-08-04,0.0,0.3,0.0
2005-08-05,1.0,0.9,0.0
2005-08-06,3.5,9.2,7.1
2005-08-07,0.0,21.8,24.6
2005-08-08,2.1,3.3,0.0
2005-08-09,6.0,1.3,0.0
2005-08-10,0.0,2.3,0.0
2005-08-11,0.0,1.4,0.0
2005-08-12,4.0,26.9,47.2
2005-08-13,6.0,1.7,0.0
2005-08-14,0.0,4.0,0.0
2005-08-15,9.8,1.1,0.0
2005-08-16,0.0,0.8,0.0
2005-08-17,0.0,3.1,0.0
2005-08-18,70.3,17.9,16.7
2005-08-19,2.0,5.5,1.0
2005-08-20,0.0,20.1,27.4
2005-08-21,9.0,45.9,82.5
2005-08-22,27.5,71.3,86.9
2005-08-23,49.8,8.6,4.0
2005-08-24,0.0,6.8,1.8
2005-08-25,7.2,4.9,1.0
2005-08-26,17.8,61.1,86.5
2005-08-27,34.6,6.0,1.0
2005-08-28,0.0,0.3,0.0
2005-08-29,0.0,0.7,0.0
2005-08-30,0.0,0.1,0.0
2005-08-31,0.0,0.6,0.0
2005-09-01,0.0,0.6,0.0
2005-09-02,1.7,3.7,0.0
2005-09-03,0.0,10.8,7.9
2005-09-04,0.0,0.3,0.0
2005-09-05,0.0,2.3,0.0
2005-09-06,0.0,0.1,0.0
2005-09-07,0.0,39.9,67.5
2005-09-08,32.0,1.8,0.0
2005-09-09,0.0,0.6,0.0
2005-09-10,0.0,0.4,0.0
2005-09-11,0.0,4.2,0.0
2005-09-12,0.0,4.2,0.0
2005-09-13,0.0,65.2,85.9
2005-09-14,8.7,8.6,3.8
2005-09-15,23.3,6.1,1.0
2005-09-16,25.0,22.1,34.7
2005-09-17,8.7,0.6,0.0
2005-09-18,0.0,3.7,0.0
2005-09-19,0.0,10.1,5.8
2005-09-20,5.0,2.0,0.0
2005-09-21,0.0,0.5,0.0
2005-09-22,0.0,2.2,0.0
2005-09-23,25.6,0.1,0.0
2005-09-24,0.0,17.6,25.6
2005-09-25,36.5,16.7,23.3
2005-09-26,40.1,3.7,0.0
2005-09-28,0.0,10.2,8.1
2005-09-29,0.0,11.2,9.6
2005-09-30,9.0,0.4,0.0
2005-10-01,0.0,4.2,1.0
2005-10-02,21.2,1.5,0.0
2005-10-03,5.9,7.2,5.0
2005-10-04,13.5,13.3,14.7
2005-10-05,16.6,2.9,0.0
2005-10-06,0.0,2.3,0.0
2005-10-07,0.0,0.6,0.0
2005-10-08,0.0,1.1,0.0
2005-10-09,0.0,0.3,0.0
2005-10-10,0.0,16.5,27.8
2005-10-11,0.0,0.6,0.0
2005-10-12,11.0,1.2,0.0
2005-10-13,1.8,24.1,29.0
2005-10-14,11.6,2.2,0.0
2005-10-15,9.5,13.9,10.6
2005-10-16,0.2,33.8,43.6
2005-10-17,5.0,0.0,0.0
2005-10-18,2.0,14.5,11.5
2005-10-19,6.0,14.3,11.9
2005-10-20,0.3,11.1,7.6
2005-10-21,0.0,4.7,0.0
2005-10-22,0.0,15.5,13.3
2005-10-23,67.0,5.6,1.0
2005-10-24,0.0,1.7,0.0
2005-10-25,0.4,9.3,5.2
2005-10-26,0.1,7.2,2.6
2005-10-27,4.0,3.3,0.0
2005-10-28,16.0,2.1,0.0
2005-10-29,48.7,1.3,0.0
2005-10-30,0.0,32.8,50.1
2005-10-31,19.3,23.1,33.3
2005-11-01,9.0,5.2,1.1
2005-11-02,0.0,8.0,3.8
2005-11-03,0.0,7.8,3.6
2005-11-04,1.9,21.8,23.5
2005-11-05,31.6,5.5,1.3
2005-11-06,0.0,6.9,2.7
2005-11-07,3.0,2.5,0.0
2005-11-08,0.0,2.3,0.0
2005-11-09,0.0,0.4,0.0
2005-11-10,0.0,2.7,0.0
2005-11-11,45.0,25.7,24.2
2005-11-12,22.2,1.1,0.0
2005-11-13,0.0,1.9,0.0
2005-11-14,0.0,12.1,6.8
2005-11-15,7.5,4.9,1.0
2005-11-16,0.0,5.8,1.0
2005-11-17,0.0,6.3,1.4
2005-11-18,16.0,22.1,17.0
2005-11-19,22.0,51.7,51.1
2005-11-20,98.7,15.5,10.0
2005-11-21,20.2,18.5,15.0
2005-11-22,10.5,12.4,8.4
2005-11-23,2.8,3.5,0.0
2005-11-24,2.0,2.0,0.0
2005-11-25,0.0,5.6,1.3
2005-11-26,11.5,4.1,0.0
2005-11-27,4.3,3.4,0.0
2005-11-28,0.0,13.2,9.2
2005-11-29,14.5,6.0,1.8
2005-11-30,7.5,0.1,0.0
2005-12-01,0.0,3.8,0.0
2005-12-02,0.0,38.9,61.0
2005-12-03,6.4,1.0,0.0
2005-12-04,0.0,0.2,0.0
2005-12-05,0.0,2.8,0.0
2005-12-06,0.0,0.9,0.0
2005-12-07,0.0,19.4,26.7
2005-12-08,2.5,1.7,0.0
2005-12-09,0.0,3.0,0.0
2005-12-10,0.0,22.0,32.5
2005-12-11,44.9,12.9,9.8
2005-12-12,13.7,0.3,0.0
2005-12-13,0.0,8.2,4.4
2005-12-14,8.0,1.5,0.0
2005-12-15,0.0,0.8,0.0
2005-12-16,0.0,2.4,0.0
2005-12-17,0.0,0.4,0.0
2005-12-18,0.0,0.6,0.0
2005-12-19,0.0,43.3,62.5
2005-12-20,3.5,2.4,0.0
2005-12-21,0.0,2.8,0.0
2005-12-22,0.0,112.0,91.8
2005-12-23,60.5,0.1,0.0
2005-12-24,0.0,25.3,25.8
2005-12-25,6.6,28.9,27.9
2005-12-26,21.4,0.7,0.0
2005-12-27,0.0,3.4,0.0
2005-12-28,4.6,3.3,0.0
2005-12-29,3.3,32.7,33.7
2005-12-30,34.7,0.8,0.0
2005-12-31,0.0,1.3,0.0
2006-01-01,0.0,0.0,0.0
2006-01-02,0.0,0.0,0.0
2006-01-03,0.4,4.2,1.0
2006-01-04,21.5,10.8,7.5
2006-01-05,31.1,15.6,17.7
2006-01-06,0.0,4.9,1.2
2006-01-07,0.0,3.9,1.0
2006-01-08,10.1,10.7,8.0
2006-01-09,0.0,3.9,1.0
2006-01-10,1.4,3.4,0.0
2006-01-11,12.0,1.1,0.0
2006-01-12,0.0,5.4,3.1
2006-01-13,0.0,4.7,2.3
2006-01-14,0.2,3.8,1.5
2006-01-15,15.1,11.8,9.9
2006-01-16,75.5,45.0,69.3
2006-01-17,0.0,0.1,0.0
2006-01-18,0.0,1.8,0.0
2006-01-19,30.9,21.6,22.1
2006-01-20,0.0,4.9,2.6
2006-01-21,2.4,10.7,9.5
2006-01-22,8.7,8.6,7.3
2006-01-23,46.6,17.5,16.5
2006-01-24,5.6,5.4,4.0
2006-01-25,12.3,1.5,1.0
2006-01-26,0.0,0.4,0.0
2006-01-27,0.0,0.0,0.0
2006-01-28,0.0,0.0,0.0
2006-01-29,0.0,0.0,0.0
2006-01-30,0.1,0.0,0.0
2006-01-31,0.0,0.0,0.0
2006-02-01,0.0,0.0,0.0
2006-02-02,0.0,0.0,0.0
2006-02-03,0.0,0.5,0.0
2006-02-04,0.6,0.0,0.0
2006-02-05,0.0,1.1,0.0
2006-02-06,73.0,1.0,0.0
2006-02-07,0.0,0.2,0.0
2006-02-08,0.0,0.1,0.0
2006-02-09,0.0,4.3,2.8
2006-02-10,0.3,22.0,37.1
2006-02-11,37.3,3.0,1.4
2006-02-12,0.0,1.6,0.0
2006-02-13,0.4,0.0,0.0
2006-02-14,0.0,2.6,1.0
2006-02-15,0.0,5.6,5.0
2006-02-16,0.3,0.7,0.0
2006-02-17,0.0,3.4,2.0
2006-02-18,0.0,17.4,20.8
2006-02-19,19.0,18.4,22.4
2006-02-20,30.1,0.3,0.0
2006-02-21,25.4,13.0,12.3
2006-02-22,3.0,0.0,0.0
2006-02-23,0.0,0.4,0.0
2006-02-24,0.0,8.0,5.4
2006-02-25,0.0,48.1,72.1
2006-02-26,76.0,23.9,36.0
2006-02-27,23.0,12.6,11.6
2006-02-28,25.0,0.4,0.0
2006-03-01,0.0,0.8,0.0
2006-03-02,0.0,0.0,0.0
2006-03-03,0.0,0.2,0.0
2006-03-04,0.0,0.1,0.0
2006-03-05,0.0,1.9,0.0
2006-03-06,0.0,0.2,0.0
2006-03-07,0.0,0.0,0.0
2006-03-08,0.0,0.9,0.0
2006-03-09,0.0,11.3,5.4
2006-03-10,0.0,0.8,0.0
2006-03-11,0.0,1.8,0.0
2006-03-12,0.0,15.2,9.7
2006-03-13,3.0,16.4,10.9
2006-03-14,19.5,2.5,0.0
2006-03-15,0.0,47.7,58.5
2006-03-16,34.0,0.0,0.0
2006-03-17,0.0,0.1,0.0
2006-03-18,0.0,34.6,43.7
2006-03-19,36.0,5.8,1.0
2006-03-20,1.2,3.0,0.0
2006-03-21,37.8,8.5,2.4
2006-03-22,2.4,2.2,0.0
2006-03-23,0.0,1.7,0.0
2006-03-24,0.0,0.5,0.0
2006-03-25,0.0,0.8,0.0
2006-03-26,0.0,67.9,71.8
2006-03-27,19.0,21.7,13.7
2006-03-28,2.9,3.9,0.0
2006-03-29,0.0,5.0,0.0
2006-03-30,0.0,3.1,0.0
2006-03-31,2.5,0.2,0.0
2006-04-01,0.0,0.5,0.0
2006-04-02,0.0,16.7,16.4
2006-04-03,3.7,39.2,61.9
2006-04-04,14.4,0.0,0.0
2006-04-05,0.8,0.2,0.0
2006-04-06,0.0,9.1,5.8
2006-04-07,42.6,3.6,1.0
2006-04-08,8.0,12.3,10.1
2006-04-09,50.7,0.1,0.0
2006-04-10,0.0,4.3,1.0
2006-04-11,9.0,0.9,0.0
2006-04-12,0.0,2.6,0.0
2006-04-13,0.0,10.1,6.8
2006-04-14,42.8,2.4,0.0
2006-04-15,0.0,38.4,52.3
2006-04-16,47.5,0.9,0.0
2006-04-17,12.0,1.6,0.0
2006-04-18,0.0,0.3,0.0
2006-04-19,0.0,0.3,0.0
2006-04-20,0.0,0.9,0.0
2006-04-21,54.1,0.4,0.0
2006-04-22,2.3,9.6,7.3
2006-04-23,14.0,0.4,0.0
2006-04-24,0.0,0.2,0.0
2006-04-25,0.0,1.8,0.0
2006-04-26,0.0,14.5,13.7
2006-04-27,15.3,2.7,0.0
2006-04-28,0.5,0.0,0.0
2006-04-29,0.0,17.1,22.4
2006-04-30,61.7,0.0,0.0
2006-05-01,0.0,0.3,0.0
2006-05-02,0.0,9.4,6.4
2006-05-03,3.0,1.3,0.0
2006-05-04,0.0,0.5,0.0
2006-05-05,0.0,0.0,0.0
2006-05-06,0.0,114.6,104.8
2006-05-07,37.6,0.3,0.0
2006-05-08,0.0,0.0,0.0
2006-05-09,0.0,0.5,0.0
2006-05-10,3.9,4.7,1.8
2006-05-11,0.0,5.9,3.0
2006-05-12,2.8,2.0,0.0
2006-05-14,0.0,5.6,2.7
2006-05-15,28.1,0.1,0.0
2006-05-16,0.0,0.8,0.0
2006-05-17,0.0,0.0,0.0
2006-05-18,0.0,0.1,0.0
2006-05-19,0.0,4.4,1.0
2006-05-20,30.0,14.0,28.0
2006-05-21,1.2,4.5,1.4
2006-05-24,2.2,0.0,0.0
2006-05-25,0.0,2.5,0.0
2006-05-26,0.0,3.1,0.0
2006-05-27,28.5,1.3,0.0
2006-05-28,0.0,0.1,0.0
2006-05-29,0.0,2.7,0.0
2006-05-30,0.0,2.3,0.0
2006-05-31,5.1,0.1,0.0
2006-06-01,0.0,7.6,4.3
2006-06-02,0.2,15.2,21.4
2006-06-03,22.1,5.6,1.9
2006-06-04,0.6,18.5,30.0
2006-06-05,12.6,0.1,0.0
2006-06-06,0.0,1.3,0.0
2006-06-07,0.0,0.0,0.0
2006-06-09,2.0,1.7,0.0
2006-06-11,0.0,0.6,0.0
2006-06-12,1.4,3.9,1.0
2006-06-13,14.0,36.1,58.3
2006-06-14,15.0,23.4,34.0
2006-06-15,1.1,2.8,0.0
2006-06-16,0.0,0.0,0.0
2006-06-17,0.0,1.2,0.0
2006-06-18,0.0,0.0,0.0
2006-06-20,0.0,12.6,11.1
2006-06-21,6.8,0.1,0.0
2006-06-22,0.0,12.4,24.6
2006-06-23,5.6,3.3,3.0
2006-06-24,13.4,31.4,66.8
2006-06-25,26.5,0.2,0.0
2006-06-26,0.0,0.0,0.0
2006-06-27,0.0,0.0,0.0
2006-06-28,0.0,0.0,0.0
2006-06-29,0.0,0.0,0.0
2006-06-30,0.0,0.0,0.0
2006-07-01,0.0,0.0,0.0
2006-07-02,0.0,0.0,0.0
2006-07-03,0.0,0.1,0.0
2006-07-04,0.0,0.0,0.0
2006-07-05,0.0,0.9,0.0
2006-07-06,0.5,0.2,0.0
2006-07-07,0.0,0.0,0.0
2006-07-08,0.0,0.2,0.0
2006-07-09,0.0,4.1,1.1
2006-07-11,0.0,40.1,70.2
2006-07-12,11.7,5.7,1.6
2006-07-13,0.0,0.1,0.0
2006-07-14,0.0,0.0,0.0
2006-07-16,0.0,0.0,0.0
2006-07-18,0.0,3.8,0.0
2006-07-19,12.9,4.0,0.0
2006-07-20,10.6,3.3,0.0
2006-07-22,17.0,0.0,0.0
2006-07-23,0.0,1.1,0.0
2006-07-24,0.0,0.1,0.0
2006-07-25,0.0,0.0,0.0
2006-07-26,0.0,0.0,0.0
2006-07-27,0.0,0.8,0.0
2006-07-29,4.2,10.1,7.2
2006-07-30,50.1,19.4,28.2
2006-07-31,12.5,3.9,0.0
2006-08-01,0.0,0.1,0.0
2006-08-02,0.0,0.0,0.0
2006-08-03,0.0,0.0,0.0
2006-08-04,0.0,0.0,0.0
2006-08-05,0.0,0.1,0.0
2006-08-06,0.0,0.0,0.0
2006-08-07,0.0,15.2,15.8
2006-08-08,28.9,0.0,0.0
2006-08-09,0.0,0.5,0.0
2006-08-10,0.0,0.0,0.0
2006-08-11,0.0,0.5,0.0
2006-08-12,0.0,0.0,0.0
2006-08-13,0.0,0.0,0.0
2006-08-14,0.0,0.0,0.0
2006-08-15,0.0,0.9,0.0
2006-08-16,0.0,0.1,0.0
2006-08-17,0.0,1.5,0.0
2006-08-18,0.0,0.3,0.0
2006-08-19,0.0,0.4,0.0
2006-08-20,0.0,0.0,0.0
2006-08-21,0.0,0.0,0.0
2006-08-22,0.0,0.0,0.0
2006-08-23,0.0,0.0,0.0
2006-08-24,0.0,0.1,0.0
2006-08-25,0.0,1.3,0.0
2006-08-26,0.8,14.6,13.3
2006-08-27,35.5,0.0,0.0
2006-08-28,0.0,22.8,34.2
2006-08-29,6.8,1.1,0.0
2006-08-30,0.0,10.5,7.1
2006-08-31,4.1,26.4,43.4
2006-09-01,38.2,3.3,0.0
2006-09-02,0.0,0.0,0.0
2006-09-03,0.0,0.6,0.0
2006-09-04,0.0,11.4,9.0
2006-09-05,62.0,1.5,0.0
2006-09-06,0.0,0.1,0.0
2006-09-07,2.0,0.3,0.0
2006-09-08,0.0,0.5,0.0
2006-09-09,0.0,1.2,0.0
2006-09-10,0.0,0.0,0.0
2006-09-11,0.0,0.0,0.0
2006-09-12,0.0,0.4,0.0
2006-09-13,0.0,0.0,0.0
2006-09-14,0.2,12.7,9.7
2006-09-15,2.8,51.5,79.6
2006-09-16,32.5,5.9,1.0
2006-09-17,0.9,21.7,33.6
2006-09-18,11.5,0.0,0.0
2006-09-19,0.0,0.2,0.0
2006-09-20,0.0,0.2,0.0
2006-09-21,0.0,0.0,0.0
2006-09-22,0.0,0.0,0.0
2006-09-23,0.0,0.6,0.0
2006-09-24,0.0,0.5,0.0
2006-09-25,0.0,0.1,0.0
2006-09-26,0.0,0.0,0.0
2006-09-27,0.0,0.0,0.0
2006-09-28,0.0,0.0,0.0
2006-09-29,0.0,0.0,0.0
2006-09-30,0.0,0.0,0.0
2006-10-01,0.0,0.0,0.0
2006-10-02,0.0,0.0,0.0
2006-10-04,0.0,0.0,0.0
2006-10-05,0.0,0.1,0.0
2006-10-06,0.0,0.1,0.0
2006-10-07,0.0,0.0,0.0
2006-10-08,0.0,0.3,0.0
2006-10-09,0.0,0.2,0.0
2006-10-10,0.0,5.6,2.5
2006-10-11,0.8,10.1,6.5
2006-10-12,15.0,10.5,7.0
2006-10-13,0.0,0.0,0.0
2006-10-14,0.0,0.2,0.0
2006-10-15,0.0,0.0,0.0
2006-10-16,0.0,0.1,0.0
2006-10-17,0.0,0.0,0.0
2006-10-18,0.0,0.2,0.0
2006-10-19,0.0,0.5,0.0
2006-10-20,0.0,0.6,0.0
2006-10-21,0.0,0.0,0.0
2006-10-22,0.0,1.4,0.0
2006-10-23,1.3,7.0,2.3
2006-10-24,9.3,30.9,46.2
2006-10-25,10.1,0.0,0.0
2006-10-26,0.0,0.1,0.0
2006-10-28,0.0,16.5,15.0
2006-10-29,0.0,0.6,0.0
2006-10-30,69.8,2.4,0.0
2006-10-31,0.0,9.2,5.0
2006-11-01,0.0,2.8,0.0
2006-11-02,26.9,0.0,0.0
2006-11-03,0.0,0.1,0.0
2006-11-04,0.0,0.2,0.0
2006-11-05,14.5,0.0,0.0
2006-11-06,0.0,0.6,0.0
2006-11-07,0.0,17.6,13.7
2006-11-08,46.7,18.9,15.3
2006-11-09,0.0,9.3,5.1
2006-11-10,5.6,8.8,4.6
2006-11-11,5.7,0.3,0.0
2006-11-12,0.0,0.4,0.0
2006-11-13,0.0,8.3,3.3
2006-11-14,6.3,6.2,1.3
2006-11-15,4.2,1.9,0.0
2006-11-16,0.0,0.0,0.0
2006-11-17,0.0,1.8,0.0
2006-11-18,0.0,1.6,0.0
2006-11-19,0.3,18.9,13.2
2006-11-20,8.7,1.1,0.0
2006-11-22,2.1,15.6,11.8
2006-11-23,27.9,0.6,0.0
2006-11-24,0.0,13.4,9.5
2006-11-25,10.8,0.6,0.0
2006-11-26,0.0,0.6,0.0
2006-11-27,0.0,18.2,14.7
2006-11-28,16.5,1.5,0.0
2006-11-29,0.0,5.2,1.0
2006-11-30,19.8,7.7,3.4
2006-12-01,19.8,1.0,0.0
2006-12-02,0.0,6.3,1.2
2006-12-04,0.0,0.3,0.0
2006-12-05,1.0,0.8,0.0
2006-12-06,0.0,3.1,0.0
2006-12-07,44.0,1.8,0.0
2006-12-08,1.3,3.9,0.0
2006-12-09,0.0,2.2,0.0
2006-12-10,0.0,1.3,0.0
2006-12-11,0.0,16.1,13.7
2006-12-12,40.4,1.6,0.0
2006-12-13,0.0,4.6,1.0
2006-12-14,0.0,2.9,0.0
2006-12-15,0.3,1.2,0.0
2006-12-16,0.0,4.0,1.0
2006-12-17,6.0,5.4,1.3
2006-12-19,3.6,2.8,0.0
2006-12-20,46.1,0.0,0.0
2006-12-21,0.0,0.9,0.0
2006-12-22,3.0,34.8,35.8
2006-12-23,10.0,39.5,40.7
2006-12-24,22.0,3.3,0.0
2006-12-25,0.0,8.9,4.7
2006-12-26,0.0,1.7,0.0
2006-12-27,0.0,5.5,1.5
2006-12-28,8.3,5.0,1.1
2006-12-29,0.5,14.2,9.8
2006-12-30,0.0,2.2,0.0
2006-12-31,0.0,1.6,0.0
2007-01-01,0.0,24.6,33.3
2007-01-02,6.8,1.2,0.0
2007-01-03,15.0,5.0,1.2
2007-01-04,0.1,1.4,0.0
2007-01-05,0.0,13.1,10.2
2007-01-06,8.1,0.1,0.0
2007-01-07,0.0,0.0,0.0
2007-01-08,0.0,1.0,0.0
2007-01-09,0.0,0.3,0.0
2007-01-10,0.0,2.7,0.0
2007-01-11,0.5,9.6,8.0
2007-01-12,15.8,6.8,4.4
2007-01-13,0.5,7.2,4.8
2007-01-14,3.3,31.0,37.5
2007-01-15,35.8,0.1,0.0
2007-01-16,0.4,1.6,0.0
2007-01-17,4.4,0.1,0.0
2007-01-18,0.0,32.6,40.3
2007-01-19,8.2,88.9,114.6
2007-01-20,92.0,26.9,31.0
2007-01-21,6.4,5.4,4.0
2007-01-22,32.7,0.8,0.0
2007-01-23,1.2,0.4,0.0
2007-01-24,12.7,4.9,3.5
2007-01-25,2.1,0.0,0.0
2007-01-26,0.0,0.3,0.0
2007-01-27,2.3,13.2,12.5
2007-01-28,74.0,0.0,0.0
2007-01-29,1.4,0.0,0.0
2007-01-30,7.2,0.0,0.0
2007-01-31,3.0,0.0,0.0
2007-02-02,0.0,0.1,0.0
2007-02-03,3.6,0.0,0.0
2007-02-04,3.6,0.5,0.0
2007-02-05,5.3,0.0,0.0
2007-02-06,4.6,0.0,0.0
2007-02-07,0.0,0.0,0.0
2007-02-08,0.0,0.0,0.0
2007-02-09,0.0,0.0,0.0
2007-02-10,0.0,0.0,0.0
2007-02-11,0.0,0.0,0.0
2007-02-12,0.0,0.0,0.0
2007-02-13,0.0,0.8,0.0
2007-02-14,0.0,0.2,0.0
2007-02-15,0.2,3.4,2.0
2007-02-16,0.1,7.1,6.9
2007-02-17,7.2,3.4,1.9
2007-02-18,4.4,1.1,0.0
2007-02-19,4.5,9.4,10.0
2007-02-20,14.6,43.5,57.3
2007-02-21,44.0,2.8,0.0
2007-02-22,0.0,9.2,7.0
2007-02-23,18.0,0.1,0.0
2007-02-24,0.0,24.4,37.3
2007-02-25,1.4,0.2,0.0
2007-02-26,0.0,2.1,0.0
2007-02-27,0.2,9.5,7.4
2007-02-28,20.0,0.0,0.0
2007-03-02,0.2,0.7,0.0
2007-03-03,0.0,7.0,1.1
2007-03-04,11.2,0.1,0.0
2007-03-05,0.0,3.3,0.0
2007-03-06,0.3,0.2,0.0
2007-03-07,0.0,23.9,27.6
2007-03-08,12.8,1.8,0.0
2007-03-09,0.3,0.0,0.0
2007-03-10,0.3,0.9,0.0
2007-03-11,0.2,0.3,0.0
2007-03-12,0.0,1.7,0.0
2007-03-13,0.0,16.4,10.8
2007-03-15,7.0,18.8,13.8
2007-03-16,0.3,18.0,12.8
2007-03-17,7.0,15.7,10.1
2007-03-18,23.2,36.5,46.3
2007-03-19,15.2,3.2,0.0
2007-03-20,0.8,48.0,59.0
2007-03-21,20.5,6.6,1.0
2007-03-22,12.5,10.4,4.0
2007-03-23,0.1,1.2,0.0
2007-03-25,0.0,1.5,0.0
2007-03-26,0.0,29.3,30.8
2007-03-27,54.0,2.8,0.0
2007-03-28,0.0,8.3,2.2
2007-03-30,0.0,0.1,0.0
2007-03-31,0.0,5.8,1.0
2007-04-01,2.8,0.0,0.0
2007-04-02,0.0,4.4,1.0
2007-04-03,7.8,4.0,1.0
2007-04-04,0.0,11.6,9.1
2007-04-05,0.9,0.2,0.0
2007-04-06,0.0,0.3,0.0
2007-04-07,0.0,0.0,0.0
2007-04-08,0.0,36.8,59.5
2007-04-09,85.0,0.1,0.0
2007-04-10,0.2,1.5,0.0
2007-04-11,5.5,0.1,0.0
2007-04-12,0.0,22.3,31.9
2007-04-13,1.6,31.7,45.4
2007-04-14,2.6,0.0,0.0
2007-04-16,0.9,3.6,1.0
2007-04-17,2.4,0.0,0.0
2007-04-18,0.0,35.9,50.6
2007-04-19,47.4,0.1,0.0
2007-04-20,0.0,0.0,0.0
2007-04-21,0.0,0.9,0.0
2007-04-22,0.8,91.9,70.7
2007-04-23,7.6,31.2,48.4
2007-04-24,14.1,4.1,1.0
2007-04-25,0.0,2.0,0.0
2007-04-26,0.0,4.2,1.1
2007-04-27,0.0,0.0,0.0
2007-04-28,0.0,18.5,25.4
2007-04-29,38.2,0.2,0.0
2007-04-30,9.0,4.0,1.0
2007-05-01,9.0,15.1,12.5
2007-05-02,23.7,0.5,0.0
2007-05-03,0.0,5.8,2.9
2007-05-04,10.2,37.5,37.4
2007-05-05,20.5,3.1,1.0
2007-05-06,0.5,0.4,0.0
2007-05-07,0.0,0.1,0.0
2007-05-08,0.0,0.8,0.0
2007-05-09,0.0,2.9,1.0
2007-05-10,1.0,0.1,0.0
2007-05-11,0.0,0.0,0.0
2007-05-12,0.0,0.5,0.0
2007-05-13,0.0,22.4,54.8
2007-05-14,45.2,27.1,63.2
2007-05-15,22.0,5.8,3.0
2007-05-16,0.2,1.8,0.0
2007-05-18,0.0,0.9,0.0
2007-05-19,0.0,17.6,41.7
2007-05-20,16.5,0.0,0.0
2007-05-21,1.2,3.9,1.0
2007-05-22,0.0,8.9,8.6
2007-05-23,2.8,0.2,0.0
2007-05-24,0.0,5.4,2.7
2007-05-25,28.0,0.5,0.0
2007-05-26,0.0,10.4,11.1
2007-05-27,1.8,0.1,0.0
2007-05-28,0.0,0.0,0.0
2007-05-29,0.0,6.7,4.8
2007-05-30,19.0,0.6,0.0
2007-05-31,0.2,5.0,2.2
2007-06-01,8.0,0.0,0.0
2007-06-02,6.8,0.3,0.0
2007-06-03,0.0,0.2,0.0
2007-06-04,0.0,2.3,0.0
2007-06-05,0.5,18.5,30.5
2007-06-06,10.6,0.0,0.0
2007-06-07,0.0,10.3,7.3
2007-06-08,20.4,2.7,0.0
2007-06-09,0.6,0.0,0.0
2007-06-10,12.7,6.6,2.9
2007-06-11,9.1,0.0,0.0
2007-06-13,2.0,0.0,0.0
2007-06-14,0.0,0.9,0.0
2007-06-15,0.4,17.5,20.8
2007-06-16,18.5,17.3,22.1
2007-06-17,2.6,18.9,24.2
2007-06-18,18.8,20.5,27.3
2007-06-19,20.0,0.2,0.0
2007-06-20,0.0,0.5,0.0
2007-06-21,0.0,0.0,0.0
2007-06-22,0.0,0.2,0.0
2007-06-23,0.0,4.1,3.1
2007-06-24,4.8,0.0,0.0
2007-06-25,0.0,0.2,0.0
2007-06-26,0.0,0.0,0.0
2007-06-27,0.0,1.0,0.0
2007-06-28,0.0,1.5,0.0
2007-06-29,0.0,0.3,0.0
2007-06-30,0.0,0.1,0.0
2007-07-01,0.0,11.1,12.8
2007-07-02,55.0,2.1,0.0
2007-07-03,0.0,2.0,0.0
2007-07-04,19.4,0.4,0.0
2007-07-05,0.0,0.0,0.0
2007-07-06,0.0,4.2,1.2
2007-07-07,68.0,0.6,0.0
2007-07-08,0.3,33.3,74.1
2007-07-09,32.0,19.1,31.9
2007-07-10,0.6,0.1,0.0
2007-07-11,0.0,0.4,0.0
2007-07-12,0.0,0.0,0.0
2007-07-13,0.0,0.2,0.0
2007-07-14,0.0,0.1,0.0
2007-07-15,0.0,0.2,0.0
2007-07-16,0.5,0.1,0.0
2007-07-18,14.8,6.2,2.2
2007-07-19,4.9,1.7,0.0
2007-07-20,0.0,29.2,45.2
2007-07-21,22.3,12.6,12.2
2007-07-22,3.6,15.6,14.8
2007-07-23,10.9,16.4,15.7
2007-07-24,1.6,3.8,0.0
2007-07-25,0.0,0.3,0.0
2007-07-26,0.0,1.4,0.0
2007-07-27,0.0,7.4,3.7
2007-07-28,0.0,4.7,1.0
2007-07-29,0.3,0.6,0.0
2007-07-30,0.0,0.7,0.0
2007-07-31,0.0,0.0,0.0
2007-08-01,0.0,0.0,0.0
2007-08-02,0.0,0.0,0.0
2007-08-03,0.0,0.0,0.0
2007-08-04,0.0,0.0,0.0
2007-08-05,0.0,0.0,0.0
2007-08-06,0.0,0.0,0.0
2007-08-07,0.0,0.0,0.0
2007-08-08,0.0,0.7,0.0
2007-08-09,0.0,0.2,0.0
2007-08-10,0.0,0.0,0.0
2007-08-11,0.0,0.1,0.0
2007-08-12,0.0,3.6,0.0
2007-08-13,6.9,4.0,0.0
2007-08-14,2.5,9.5,6.1
2007-08-15,37.5,0.2,0.0
2007-08-16,2.5,0.1,0.0
2007-08-17,0.0,0.0,0.0
2007-08-18,0.0,1.1,0.0
2007-08-19,0.0,24.1,40.4
2007-08-20,40.0,1.0,0.0
2007-08-21,0.0,14.1,12.6
2007-08-22,22.2,23.4,36.0
2007-08-23,1.0,2.4,0.0
2007-08-24,1.5,0.7,0.0
2007-08-25,0.0,6.6,1.5
2007-08-26,25.0,5.0,1.0
2007-08-27,0.0,0.2,0.0
2007-08-28,0.0,7.7,2.8
2007-08-30,0.0,0.4,0.0
2007-08-31,0.0,0.1,0.0
2007-09-01,0.0,1.3,0.0
2007-09-02,5.5,3.3,0.0
2007-09-03,1.8,26.7,46.2
2007-09-04,32.1,16.6,21.5
2007-09-06,0.0,0.4,0.0
2007-09-07,1.8,0.9,0.0
2007-09-09,1.4,5.0,1.0
2007-09-11,0.0,24.2,38.4
2007-09-12,27.5,9.6,5.0
2007-09-13,0.2,1.3,0.0
2007-09-14,0.0,3.2,0.0
2007-09-15,0.1,19.6,29.1
2007-09-16,58.0,60.0,86.3
2007-09-17,24.7,21.1,32.0
2007-09-18,2.5,0.8,0.0
2007-09-19,0.0,0.5,0.0
2007-09-20,6.6,0.0,0.0
2007-09-21,0.0,1.6,0.0
2007-09-22,0.0,0.0,0.0
2007-09-23,0.0,2.5,0.0
2007-09-24,1.5,51.6,70.6
2007-09-25,33.5,0.9,0.0
2007-09-26,0.0,0.4,0.0
2007-09-27,0.0,3.4,0.0
2007-09-28,18.6,0.0,0.0
2007-09-29,0.0,0.6,0.0
2007-09-30,0.0,0.0,0.0
2007-10-01,0.0,1.5,0.0
2007-10-02,0.0,0.1,0.0
2007-10-03,0.0,0.0,0.0
2007-10-04,0.0,0.4,0.0
2007-10-05,0.0,1.5,0.0
2007-10-06,0.0,0.1,0.0
2007-10-07,0.0,2.3,0.0
2007-10-08,0.8,25.5,50.8
2007-10-09,47.0,0.4,0.0
2007-10-10,0.0,0.0,0.0
2007-10-11,0.0,0.2,0.0
2007-10-12,0.0,14.4,11.3
2007-10-13,26.0,11.2,7.7
2007-10-14,5.7,6.7,3.0
2007-10-15,0.4,3.3,0.0
2007-10-16,24.0,0.3,0.0
2007-10-17,0.0,0.3,0.0
2007-10-18,0.0,0.1,0.0
2007-10-19,0.0,4.2,1.0
2007-10-20,1.2,4.6,1.0
2007-10-21,1.5,8.8,4.6
2007-10-22,13.0,25.4,38.2
2007-10-23,15.9,22.3,32.1
2007-10-24,9.4,14.1,11.4
2007-10-25,1.0,1.0,0.0
2007-10-26,0.0,2.9,0.0
2007-10-27,0.0,1.0,0.0
2007-10-28,0.0,1.9,0.0
2007-10-29,3.0,3.3,0.0
2007-10-30,0.0,26.5,39.9
2007-10-31,17.5,10.3,6.4
2007-11-01,0.5,4.2,1.0
2007-11-02,0.3,0.8,0.0
2007-11-03,0.0,3.1,0.0
2007-11-04,0.0,13.5,9.5
2007-11-05,8.4,24.4,29.0
2007-11-06,1.5,4.8,1.0
2007-11-07,0.8,133.9,71.1
2007-11-08,56.7,8.2,4.0
2007-11-09,3.4,9.4,5.2
2007-11-10,1.2,8.1,3.9
2007-11-11,2.6,12.2,6.9
2007-11-13,0.0,8.5,3.4
2007-11-14,0.0,6.2,1.3
2007-11-15,0.6,10.5,5.3
2007-11-16,2.0,0.1,0.0
2007-11-17,0.0,3.3,0.0
2007-11-18,0.0,0.2,0.0
2007-11-19,0.0,11.8,6.5
2007-11-20,0.0,14.5,9.0
2007-11-21,8.0,1.1,0.0
2007-11-22,0.0,0.6,0.0
2007-11-23,0.0,0.4,0.0
2007-11-24,0.0,2.0,0.0
2007-11-25,0.0,1.1,0.0
2007-11-26,0.0,3.7,0.0
2007-11-27,5.4,21.7,19.2
2007-11-28,14.9,25.7,25.8
2007-11-29,2.0,6.9,2.6
2007-11-30,37.0,4.5,1.0
2007-12-01,2.0,10.0,5.9
2007-12-02,0.5,7.9,3.2
2007-12-03,3.2,0.3,0.0
2007-12-04,0.0,7.2,2.3
2007-12-05,8.8,8.1,3.4
2007-12-06,43.6,9.6,5.4
2007-12-07,23.0,7.3,2.4
2007-12-08,0.0,5.4,1.0
2007-12-10,2.7,12.1,8.6
2007-12-11,4.0,1.7,0.0
2007-12-12,0.0,10.0,6.4
2007-12-14,0.0,7.5,3.6
2007-12-15,35.7,17.7,20.3
2007-12-16,35.2,7.8,4.0
2007-12-17,0.2,19.2,22.8
2007-12-18,17.9,0.7,0.0
2007-12-19,0.0,45.4,67.0
2007-12-20,57.0,15.5,12.9
2007-12-21,1.0,5.2,1.3
2007-12-22,0.4,0.6,0.0
2007-12-23,8.0,9.7,5.4
2007-12-24,24.0,4.6,1.0
2007-12-26,0.3,3.6,1.0
2007-12-27,0.4,1.5,0.0
2007-12-28,0.0,14.3,9.8
2007-12-29,18.4,14.7,10.1
2007-12-30,18.8,0.5,0.0
2007-12-31,0.0,0.5,0.0
2008-01-01,0.0,1.4,0.0
2008-01-02,0.0,8.5,5.0
2008-01-03,0.0,0.6,0.0
2008-01-04,0.0,0.2,0.0
2008-01-05,0.0,4.9,1.1
2008-01-06,0.2,0.0,0.0
2008-01-07,0.0,0.8,0.0
2008-01-08,0.0,3.1,0.0
2008-01-09,0.0,1.0,0.0
2008-01-10,0.0,0.0,0.0
2008-01-11,0.0,16.4,14.7
2008-01-12,12.7,1.0,0.0
2008-01-13,8.1,13.1,11.3
2008-01-14,0.3,0.1,0.0
2008-01-16,0.0,1.5,0.0
2008-01-17,0.0,3.4,1.2
2008-01-18,0.2,4.5,2.2
2008-01-19,0.0,0.0,0.0
2008-01-20,2.8,0.2,0.0
2008-01-22,19.0,19.2,19.2
2008-01-23,2.5,0.8,0.0
2008-01-24,0.4,17.6,17.2
2008-01-25,36.1,0.9,0.0
2008-01-26,7.2,0.0,0.0
2008-01-27,4.0,0.8,0.0
2008-01-28,1.0,21.0,21.6
2008-01-29,49.8,2.3,1.0
2008-01-30,0.0,1.6,1.0
2008-01-31,28.0,51.9,75.8
2008-02-01,28.0,3.4,1.7
2008-02-02,2.1,5.4,4.2
2008-02-03,1.3,2.6,1.0
2008-02-04,0.0,0.8,0.0
2008-02-05,0.0,0.6,0.0
2008-02-06,0.0,0.1,0.0
2008-02-07,0.0,0.6,0.0
2008-02-08,0.0,0.0,0.0
2008-02-09,0.0,3.7,2.1
2008-02-10,2.3,0.4,0.0
2008-02-11,0.0,1.2,0.0
2008-02-12,0.0,3.1,1.6
2008-02-13,0.0,1.9,0.0
2008-02-14,0.0,2.8,1.1
2008-02-15,0.0,3.8,2.6
2008-02-16,0.0,0.0,0.0
2008-02-17,0.0,0.3,0.0
2008-02-18,0.0,1.3,0.0
2008-02-19,0.0,2.5,1.0
2008-02-20,0.0,1.5,0.0
2008-02-21,0.0,1.9,0.0
2008-02-22,0.0,0.4,0.0
2008-02-23,0.0,3.0,0.0
2008-02-24,6.0,35.3,58.9
2008-02-25,28.9,13.4,12.5
2008-02-26,0.0,0.4,0.0
2008-02-27,0.0,7.4,4.6
2008-02-28,13.6,12.8,12.0
2008-02-29,50.6,4.8,1.5
2008-03-01,10.4,0.4,0.0
2008-03-02,0.0,15.2,10.8
2008-03-03,0.5,16.7,11.7
2008-03-04,30.4,5.2,0.0
2008-03-05,0.0,43.2,59.2
2008-03-06,11.0,0.3,0.0
2008-03-07,0.0,17.6,13.2
2008-03-08,2.7,33.6,47.4
2008-03-09,20.1,3.0,0.0
2008-03-10,3.5,10.2,4.2
2008-03-12,0.5,9.8,4.5
2008-03-13,6.7,5.6,1.0
2008-03-14,0.6,5.0,1.0
2008-03-15,15.0,0.0,0.0
2008-03-16,20.8,18.1,12.3
2008-03-18,43.5,7.1,2.0
2008-03-19,0.7,44.0,55.0
2008-03-20,26.0,3.2,0.0
2008-03-21,0.0,12.4,5.7
2008-03-22,22.9,66.6,69.1
2008-03-23,19.6,1.3,0.0
2008-03-24,0.0,0.0,0.0
2008-03-25,0.0,7.9,1.9
2008-03-26,8.4,0.4,0.0
2008-03-27,0.0,19.5,12.2
2008-03-28,32.0,0.1,0.0
2008-03-29,0.0,0.7,0.0
2008-03-30,0.0,94.5,81.1
2008-03-31,40.1,5.5,1.0
2008-04-01,0.0,1.5,0.0
2008-04-02,1.6,6.9,3.1
2008-04-03,6.4,26.1,39.1
2008-04-04,64.4,0.0,0.0
2008-04-05,0.0,3.9,1.0
2008-04-06,17.5,7.4,3.7
2008-04-07,0.9,0.7,0.0
2008-04-08,0.4,6.5,2.6
2008-04-09,11.4,13.1,11.2
2008-04-10,1.0,23.6,37.1
2008-04-11,7.9,0.0,0.0
2008-04-12,0.0,14.3,11.3
2008-04-13,2.0,0.0,0.0
2008-04-14,0.0,8.4,5.0
2008-04-15,5.8,0.0,0.0
2008-04-16,0.0,21.2,31.1
2008-04-17,50.2,9.3,5.9
2008-04-18,1.5,26.4,38.4
2008-04-19,51.1,9.6,6.3
2008-04-20,1.0,0.0,0.0
2008-04-21,0.0,4.0,1.0
2008-04-22,0.0,3.8,1.0
2008-04-23,10.8,4.9,1.8
2008-04-24,5.5,2.9,0.0
2008-04-25,0.0,0.6,0.0
2008-04-26,0.0,0.0,0.0
2008-04-27,0.0,0.3,0.0
2008-04-28,0.0,0.0,0.0
2008-04-29,0.0,0.0,0.0
2008-04-30,0.0,43.1,61.6
2008-05-01,99.8,23.5,21.9
2008-05-02,7.5,18.3,15.4
2008-05-03,16.2,5.3,2.4
2008-05-04,2.4,4.4,1.5
2008-05-05,0.0,0.4,0.0
2008-05-06,0.2,12.8,9.8
2008-05-07,14.3,6.4,3.5
2008-05-09,5.2,1.9,0.0
2008-05-10,0.2,0.4,0.0
2008-05-11,0.0,0.6,0.0
2008-05-12,0.0,0.2,0.0
2008-05-13,0.0,0.1,0.0
2008-05-14,0.0,0.0,0.0
2008-05-15,0.0,0.0,0.0
2008-05-16,0.0,0.0,0.0
2008-05-17,0.0,0.0,0.0
2008-05-18,0.0,0.0,0.0
2008-05-19,0.0,0.0,0.0
2008-05-20,0.0,0.0,0.0
2008-05-21,0.0,0.0,0.0
2008-05-22,0.0,0.0,0.0
2008-05-23,0.0,0.0,0.0
2008-05-24,0.0,0.0,0.0
2008-05-25,5.1,8.2,7.4
2008-05-26,20.9,2.4,0.0
2008-05-27,15.7,1.9,0.0
2008-05-28,8.0,18.5,33.4
2008-05-29,3.0,10.3,11.5
2008-05-30,27.6,11.3,13.5
2008-05-31,2.8,3.1,0.0
2008-06-01,0.0,0.2,0.0
2008-06-03,0.0,5.2,1.5
2008-06-04,0.0,1.5,0.0
2008-06-06,10.5,0.2,0.0
2008-06-08,0.0,1.7,0.0
2008-06-09,0.0,0.1,0.0
2008-06-10,0.0,0.4,0.0
2008-06-11,0.0,0.1,0.0
2008-06-12,0.0,0.0,0.0
2008-06-13,0.0,9.0,6.6
2008-06-15,0.0,0.0,0.0
2008-06-16,0.0,0.1,0.0
2008-06-17,0.5,0.0,0.0
2008-06-19,3.5,0.4,0.0
2008-06-20,23.0,0.0,0.0
2008-06-21,0.0,0.0,0.0
2008-06-22,0.0,0.3,0.0
2008-06-23,0.0,0.0,0.0
2008-06-24,0.0,0.0,0.0
2008-06-25,0.0,0.0,0.0
2008-06-26,0.0,0.0,0.0
2008-06-27,0.0,1.1,0.0
2008-06-28,10.6,0.1,0.0
2008-06-29,0.2,16.5,36.3
2008-06-30,16.5,2.4,1.0
2008-07-02,0.0,0.0,0.0
2008-07-03,0.0,0.0,0.0
2008-07-04,0.0,0.1,0.0
2008-07-05,0.0,0.3,0.0
2008-07-06,4.9,0.0,0.0
2008-07-07,0.0,0.6,0.0
2008-07-08,0.0,2.6,0.0
2008-07-09,24.0,6.2,4.4
2008-07-10,15.1,3.6,1.0
2008-07-11,1.2,7.2,3.4
2008-07-12,0.4,0.6,0.0
2008-07-13,0.0,10.4,8.0
2008-07-14,3.5,15.4,25.2
2008-07-15,14.3,1.8,0.0
2008-07-16,2.9,1.9,0.0
2008-07-17,0.0,2.3,0.0
2008-07-19,0.0,1.0,0.0
2008-07-20,0.0,1.3,0.0
2008-07-21,0.0,1.1,0.0
2008-07-22,1.5,0.0,0.0
2008-07-23,0.0,0.0,0.0
2008-07-24,0.0,1.1,0.0
2008-07-25,0.0,22.6,32.5
2008-07-26,14.3,24.9,35.4
2008-07-28,0.0,1.9,0.0
2008-07-30,0.0,0.1,0.0
2008-07-31,0.0,0.2,0.0
2008-08-01,0.0,0.0,0.0
2008-08-02,0.0,0.3,0.0
2008-08-03,0.0,0.1,0.0
2008-08-04,0.0,0.6,0.0
2008-08-05,0.0,0.0,0.0
2008-08-06,0.0,2.5,0.0
2008-08-07,0.0,1.2,0.0
2008-08-08,8.5,1.9,0.0
2008-08-09,0.0,3.7,0.0
2008-08-10,1.8,22.6,26.1
2008-08-11,36.8,3.2,0.0
2008-08-13,34.1,0.4,0.0
2008-08-14,0.0,2.3,0.0
2008-08-15,0.0,11.7,8.1
2008-08-16,0.0,6.9,2.3
2008-08-17,0.0,0.0,0.0
2008-08-18,0.0,2.5,0.0
2008-08-19,0.0,21.8,32.8
2008-08-20,32.5,0.0,0.0
2008-08-21,0.0,1.5,0.0
2008-08-22,0.0,1.3,0.0
2008-08-23,0.0,47.9,86.4
2008-08-24,3.8,5.5,1.0
2008-08-27,0.0,8.8,4.3
2008-08-28,36.4,36.3,65.1
2008-08-29,12.9,4.9,1.0
2008-08-30,3.1,5.7,1.0
2008-08-31,0.0,3.3,0.0
2008-09-01,0.0,3.4,0.0
2008-09-02,4.6,35.2,60.2
2008-09-03,6.2,2.2,0.0
2008-09-05,6.3,3.0,0.0
2008-09-06,0.0,16.3,20.9
2008-09-07,11.2,1.7,0.0
2008-09-09,0.0,2.3,0.0
2008-09-10,8.6,16.6,21.7
2008-09-11,0.0,3.8,0.0
2008-09-12,0.0,14.2,11.8
2008-09-13,6.9,17.4,15.9
2008-09-14,40.0,5.4,1.0
2008-09-15,0.0,8.9,4.2
2008-09-16,1.6,10.8,6.6
2008-09-17,3.6,0.2,0.0
2008-09-18,0.0,0.0,0.0
2008-09-19,0.0,0.0,0.0
2008-09-20,0.0,0.0,0.0
2008-09-21,10.0,0.0,0.0
2008-09-22,0.0,0.8,0.0
2008-09-23,0.0,0.1,0.0
2008-09-24,0.0,0.0,0.0
2008-09-25,0.0,0.0,0.0
2008-09-26,0.9,5.1,1.0
2008-09-27,5.8,0.2,0.0
2008-09-28,0.0,1.6,0.0
2008-09-29,0.0,18.6,27.3
2008-09-30,8.7,33.6,58.3
2008-10-01,39.2,4.0,1.0
2008-10-02,0.5,0.5,0.0
2008-10-03,2.4,2.1,0.0
2008-10-04,5.5,5.8,2.9
2008-10-05,10.0,0.4,0.0
2008-10-06,0.0,2.0,0.0
2008-10-07,0.0,4.2,1.0
2008-10-08,20.3,3.8,0.0
2008-10-09,0.0,50.8,75.8
2008-10-10,33.6,6.0,3.0
2008-10-11,2.0,0.9,0.0
2008-10-12,0.0,0.3,0.0
2008-10-13,0.0,0.7,0.0
2008-10-14,11.8,0.4,0.0
2008-10-15,0.8,0.6,0.0
2008-10-16,0.0,34.4,44.4
2008-10-17,39.1,0.5,0.0
2008-10-18,0.3,4.1,1.0
2008-10-19,6.0,8.3,4.7
2008-10-20,38.9,11.1,7.6
2008-10-21,5.1,0.6,0.0
2008-10-22,27.0,7.5,3.0
2008-10-23,0.6,15.6,13.3
2008-10-24,0.0,7.2,2.6
2008-10-25,0.0,14.5,12.1
2008-10-26,23.0,15.4,12.9
2008-10-27,0.0,1.0,0.0
2008-10-28,0.0,0.5,0.0
2008-10-29,0.0,11.1,7.5
2008-10-30,9.0,0.5,0.0
2008-10-31,1.8,0.2,0.0
2008-11-01,1.8,4.3,1.0
2008-11-02,1.5,26.2,32.1
2008-11-03,36.3,4.1,1.0
2008-11-04,1.0,2.4,0.0
2008-11-05,0.0,68.4,66.8
2008-11-06,30.0,11.9,7.9
2008-11-07,4.3,9.5,5.3
2008-11-08,4.9,2.5,0.0
2008-11-09,0.0,3.9,0.0
2008-11-10,0.0,24.6,29.3
2008-11-11,3.6,7.1,2.1
2008-11-12,0.0,12.6,7.3
2008-11-13,29.0,2.4,0.0
2008-11-14,0.0,10.5,5.3
2008-11-15,8.0,30.2,28.6
2008-11-16,2.0,25.2,23.8
2008-11-17,14.0,28.6,26.6
2008-11-18,8.8,1.6,0.0
2008-11-19,0.0,4.4,0.0
2008-11-20,0.0,4.4,0.0
2008-11-21,3.4,4.6,1.0
2008-11-22,0.0,0.9,0.0
2008-11-23,0.0,20.6,17.4
2008-11-24,1.2,23.6,23.2
2008-11-25,4.3,34.0,38.1
2008-11-26,24.5,2.1,0.0
2008-11-27,0.0,0.0,0.0
2008-11-28,0.0,20.0,16.6
2008-11-29,38.0,3.9,0.0
2008-11-30,0.0,6.7,2.4
2008-12-01,11.3,23.9,34.8
2008-12-02,63.3,3.1,0.0
2008-12-03,1.5,10.6,6.6
2008-12-04,26.6,5.6,1.0
2008-12-06,3.3,7.2,2.3
2008-12-07,16.4,16.9,16.4
2008-12-08,9.7,8.8,4.3
2008-12-09,0.0,2.0,0.0
2008-12-11,0.0,36.7,48.1
2008-12-12,51.5,0.1,0.0
2008-12-14,5.0,6.3,2.3
2008-12-15,0.0,23.2,27.8
2008-12-16,2.0,0.4,0.0
2008-12-17,0.0,19.0,22.0
2008-12-18,46.8,0.2,0.0
2008-12-19,0.0,0.4,0.0
2008-12-20,18.0,0.0,0.0
2008-12-21,0.0,3.8,1.0
2008-12-22,0.8,0.0,0.0
2008-12-23,9.4,1.7,0.0
2008-12-24,7.0,1.3,0.0
2008-12-25,0.0,0.5,0.0
2008-12-26,0.5,0.4,0.0
2008-12-27,0.0,13.2,8.7
2008-12-28,0.0,13.1,8.7
2008-12-29,7.0,5.9,1.9
2008-12-30,0.0,6.3,2.2
2008-12-31,10.0,1.1,0.0
2009-01-01,0.0,5.2,1.4
2009-01-03,2.3,6.9,3.2
2009-01-04,0.6,30.3,43.3
2009-01-05,18.8,11.3,8.3
2009-01-06,14.3,4.9,1.1
2009-01-07,3.2,6.2,2.5
2009-01-08,23.4,1.2,0.0
2009-01-09,8.2,1.0,0.0
2009-01-10,0.4,1.6,0.0
2009-01-11,12.8,0.2,0.0
2009-01-12,0.0,4.9,2.5
2009-01-13,12.5,11.7,9.4
2009-01-14,2.7,0.2,0.0
2009-01-15,0.0,0.0,0.0
2009-01-16,1.0,0.7,0.0
2009-01-17,1.4,0.0,0.0
2009-01-18,0.2,0.0,0.0
2009-01-20,0.0,0.0,0.0
2009-01-21,0.0,0.0,0.0
2009-01-22,0.0,0.0,0.0
2009-01-23,0.0,0.0,0.0
2009-01-24,0.0,2.4,1.0
2009-01-25,0.0,10.6,9.4
2009-01-26,4.0,27.3,29.1
2009-01-27,5.7,2.1,1.0
2009-01-28,7.2,0.0,0.0
2009-01-29,0.0,0.9,0.0
2009-01-30,0.0,7.9,6.6
2009-01-31,41.5,0.4,0.0
2009-02-01,0.0,13.9,16.0
2009-02-02,39.5,0.2,0.0
2009-02-03,0.0,0.0,0.0
2009-02-04,0.0,0.1,0.0
2009-02-05,0.0,1.0,0.0
2009-02-06,0.0,0.6,0.0
2009-02-07,0.0,12.1,12.7
2009-02-08,27.5,0.0,0.0
2009-02-09,0.0,0.0,0.0
2009-02-10,0.0,0.1,0.0
2009-02-11,0.0,12.9,14.7
2009-02-12,4.8,0.8,0.0
2009-02-13,0.0,3.0,1.4
2009-02-14,0.0,9.3,10.5
2009-02-15,28.3,0.9,0.0
2009-02-16,0.0,0.4,0.0
2009-02-17,0.0,6.0,5.6
2009-02-18,37.2,1.3,0.0
2009-02-19,0.2,7.2,7.1
2009-02-20,1.1,7.2,7.1
2009-02-21,27.9,25.2,41.8
2009-02-22,84.9,13.8,13.5
2009-02-23,8.8,28.5,49.4
2009-02-24,38.5,32.9,52.7
2009-02-25,19.2,2.5,0.0
2009-02-27,0.3,11.9,10.7
2009-02-28,0.0,14.3,14.1
2009-03-01,0.0,6.3,1.0
2009-03-02,0.2,52.3,67.6
2009-03-03,4.7,6.7,1.0
2009-03-04,0.0,0.1,0.0
2009-03-05,0.0,6.7,1.0
2009-03-06,0.0,62.6,74.8
2009-03-07,15.6,0.6,0.0
2009-03-08,0.0,12.1,6.4
2009-03-09,16.5,7.0,1.1
2009-03-10,0.0,3.9,0.0
2009-03-11,0.0,40.9,51.4
2009-03-12,10.0,11.5,6.1
2009-03-13,1.0,15.0,9.4
2009-03-14,16.6,3.5,0.0
2009-03-15,17.0,13.6,8.1
2009-03-16,16.5,6.2,1.3
2009-03-17,3.0,0.5,0.0
2009-03-18,0.0,20.2,14.6
2009-03-19,21.5,25.4,29.3
2009-03-20,2.3,21.7,23.0
2009-03-21,6.3,6.2,1.0
2009-03-22,65.5,11.9,5.3
2009-03-24,30.8,18.4,11.1
2009-03-25,0.0,2.2,0.0
2009-03-26,0.5,3.6,0.0
2009-03-27,4.3,0.1,0.0
2009-03-28,0.0,0.1,0.0
2009-03-29,0.0,73.1,73.5
2009-03-30,2.4,26.8,27.3
2009-03-31,0.0,17.0,9.9
2009-04-01,13.5,0.0,0.0
2009-04-02,0.0,0.6,0.0
2009-04-03,0.0,16.1,15.6
2009-04-04,12.7,15.6,14.9
2009-04-05,7.1,10.4,7.6
2009-04-06,5.4,14.5,13.3
2009-04-07,55.3,24.0,35.8
2009-04-08,27.5,0.0,0.0
2009-04-09,0.0,9.8,6.7
2009-04-10,4.8,3.3,0.0
2009-04-11,20.4,0.8,0.0
2009-04-12,0.0,9.6,6.2
2009-04-13,12.0,0.4,0.0
2009-04-14,0.0,3.1,0.0
2009-04-15,0.1,22.2,31.7
2009-04-16,14.4,6.9,3.4
2009-04-17,0.4,0.0,0.0
2009-04-18,0.0,0.5,0.0
2009-04-19,0.1,5.1,1.6
2009-04-20,0.5,2.4,0.0
2009-04-21,13.0,0.4,0.0
2009-04-23,3.3,2.7,0.0
2009-04-24,8.8,0.0,0.0
2009-04-25,0.0,0.0,0.0
2009-04-26,0.0,5.9,2.9
2009-04-27,1.2,1.2,0.0
2009-04-29,0.0,0.0,0.0
2009-04-30,0.0,38.5,56.5
2009-05-01,8.6,5.4,2.5
2009-05-02,14.5,20.9,20.1
2009-05-03,17.4,32.2,31.3
2009-05-04,36.0,4.4,1.5
2009-05-05,1.0,2.7,1.0
2009-05-06,2.5,1.3,0.0
2009-05-07,0.0,0.1,0.0
2009-05-08,0.0,2.9,1.0
2009-05-09,23.4,5.8,2.8
2009-05-10,3.8,35.9,35.5
2009-05-11,15.2,30.9,68.8
2009-05-12,18.4,1.6,0.0
2009-05-13,2.6,34.3,74.1
2009-05-14,1.0,3.2,0.0
2009-05-15,32.3,0.3,0.0
2009-05-16,0.0,1.0,0.0
2009-05-17,0.5,8.6,8.0
2009-05-18,2.8,15.8,33.9
2009-05-19,0.0,0.0,0.0
2009-05-20,0.0,0.0,0.0
2009-05-21,0.0,0.1,0.0
2009-05-22,0.0,0.0,0.0
2009-05-23,0.0,0.0,0.0
2009-05-24,0.0,0.0,0.0
2009-05-25,0.0,0.0,0.0
2009-05-26,0.0,15.3,23.3
2009-05-27,12.2,2.3,0.0
2009-05-28,0.0,0.0,0.0
2009-05-29,0.0,0.0,0.0
2009-05-30,0.0,0.0,0.0
2009-05-31,0.0,0.1,0.0
2009-06-01,0.0,0.0,0.0
2009-06-02,0.0,41.6,51.9
2009-06-03,15.5,37.4,50.8
2009-06-04,36.9,3.2,0.0
2009-06-05,0.0,0.1,0.0
2009-06-06,0.0,0.2,0.0
2009-06-07,0.0,8.0,4.7
2009-06-08,0.0,18.2,29.5
2009-06-09,58.3,0.1,0.0
2009-06-10,0.0,0.0,0.0
2009-06-11,0.0,0.0,0.0
2009-06-12,0.0,0.0,0.0
2009-06-13,0.0,0.6,0.0
2009-06-14,0.0,0.0,0.0
2009-06-15,0.0,19.6,26.1
2009-06-16,6.2,0.0,0.0
2009-06-17,0.0,0.0,0.0
2009-06-18,0.0,0.1,0.0
2009-06-19,0.0,0.0,0.0
2009-06-20,0.0,0.0,0.0
2009-06-21,0.0,0.4,0.0
2009-06-22,0.0,1.9,0.0
2009-06-23,0.0,8.8,11.1
2009-06-25,0.0,0.0,0.0
2009-06-26,0.0,2.6,1.0
2009-06-27,3.0,0.8,0.0
2009-06-28,0.0,0.1,0.0
2009-06-29,0.0,17.1,38.7
2009-06-30,19.2,0.0,0.0
2009-07-01,0.0,0.1,0.0
2009-07-02,0.0,28.4,58.1
2009-07-03,12.2,2.7,0.0
2009-07-05,0.0,1.6,0.0
2009-07-06,0.1,10.9,12.1
2009-07-07,6.4,1.1,0.0
2009-07-08,0.0,2.3,0.0
2009-07-10,0.0,18.5,31.2
2009-07-11,21.0,9.1,5.7
2009-07-13,0.0,0.7,0.0
2009-07-14,0.0,0.0,0.0
2009-07-15,0.0,0.8,0.0
2009-07-16,0.0,0.6,0.0
2009-07-17,0.0,0.7,0.0
2009-07-18,0.0,2.5,0.0
2009-07-19,0.0,2.8,0.0
2009-07-20,0.0,2.9,0.0
2009-07-21,0.0,18.0,26.5
2009-07-22,14.8,5.7,1.4
2009-07-23,0.0,13.4,11.2
2009-07-24,16.9,14.4,13.3
2009-07-25,1.8,16.5,16.6
2009-07-26,1.7,0.6,0.0
2009-07-27,0.0,15.8,15.5
2009-07-28,2.1,0.5,0.0
2009-07-29,0.0,0.0,0.0
2009-07-30,0.0,0.0,0.0
2009-07-31,0.0,0.0,0.0
2009-08-01,0.0,0.1,0.0
2009-08-02,0.0,0.1,0.0
2009-08-03,0.0,0.0,0.0
2009-08-04,0.3,0.0,0.0
2009-08-05,0.0,0.0,0.0
2009-08-06,0.0,0.0,0.0
2009-08-07,0.3,0.1,0.0
2009-08-08,0.0,10.4,9.2
2009-08-09,53.6,10.7,9.3
2009-08-10,2.9,3.8,0.0
2009-08-11,0.0,4.1,0.0
2009-08-12,2.9,3.9,0.0
2009-08-13,0.0,0.6,0.0
2009-08-14,0.0,0.4,0.0
2009-08-15,0.3,7.3,2.8
2009-08-16,5.5,13.7,10.6
2009-08-17,0.5,1.4,0.0
2009-08-18,0.0,0.0,0.0
2009-08-19,0.0,12.6,9.1
2009-08-20,0.0,10.0,7.6
2009-08-21,11.6,0.0,0.0
2009-08-22,0.0,0.2,0.0
2009-08-23,0.0,7.8,2.9
2009-08-25,0.0,18.7,23.7
2009-08-26,20.5,18.1,18.6
2009-08-27,17.4,6.3,1.2
2009-08-28,0.0,3.9,0.0
2009-08-29,0.0,2.8,0.0
2009-08-30,0.0,9.2,4.8
2009-09-01,0.0,1.4,0.0
2009-09-02,0.0,2.6,0.0
2009-09-03,0.0,0.0,0.0
2009-09-04,0.0,4.3,0.0
2009-09-05,10.0,6.9,2.7
2009-09-06,0.0,0.3,0.0
2009-09-07,0.0,1.6,0.0
2009-09-08,0.0,0.3,0.0
2009-09-09,0.0,0.9,0.0
2009-09-10,0.0,0.6,0.0
2009-09-11,0.0,5.8,1.0
2009-09-12,0.0,3.0,0.0
2009-09-13,0.0,0.1,0.0
2009-09-14,0.0,0.3,0.0
2009-09-15,0.0,5.3,1.0
2009-09-16,0.0,0.8,0.0
2009-09-17,45.7,13.4,11.1
2009-09-18,58.9,6.0,1.0
2009-09-19,3.0,1.6,0.0
2009-09-20,0.5,1.5,0.0
2009-09-21,0.0,4.4,0.0
2009-09-22,2.5,2.0,0.0
2009-09-23,0.0,1.9,0.0
2009-09-24,0.0,2.1,0.0
2009-09-25,0.0,11.4,9.1
2009-09-26,0.0,10.5,8.4
2009-09-27,7.8,1.6,0.0
2009-09-28,0.0,1.7,0.0
2009-09-29,0.0,0.6,0.0
2009-09-30,0.0,85.2,71.6
2009-10-01,7.4,55.6,76.7
2009-10-02,21.9,7.8,5.9
2009-10-03,48.2,16.7,29.1
2009-10-04,9.3,3.9,1.0
2009-10-05,0.0,17.0,30.6
2009-10-06,0.3,2.7,0.0
2009-10-07,0.0,3.5,0.0
2009-10-08,0.0,0.7,0.0
2009-10-09,0.0,10.2,10.4
2009-10-10,5.6,2.0,0.0
2009-10-11,0.0,0.2,0.0
2009-10-12,0.0,21.4,22.6
2009-10-13,12.2,6.4,2.7
2009-10-14,0.0,1.6,0.0
2009-10-15,0.0,2.5,0.0
2009-10-16,0.5,0.5,0.0
2009-10-17,2.9,0.0,0.0
2009-10-18,0.2,0.6,0.0
2009-10-19,0.6,0.0,0.0
2009-10-20,0.0,3.0,0.0
2009-10-21,0.0,0.2,0.0
2009-10-22,0.0,0.0,0.0
2009-10-23,0.0,0.0,0.0
2009-10-24,0.0,6.6,1.8
2009-10-25,0.0,5.3,1.0
2009-10-26,0.6,17.6,24.4
2009-10-27,11.4,1.0,0.0
2009-10-28,70.0,2.2,0.0
2009-10-29,0.0,14.3,11.7
2009-10-30,7.8,9.2,5.1
2009-10-31,0.7,0.8,0.0
2009-11-01,0.0,0.3,0.0
2009-11-02,0.0,10.1,5.9
2009-11-03,2.5,10.7,6.5
2009-11-04,0.5,8.9,4.7
2009-11-05,11.8,9.2,5.0
2009-11-06,45.2,0.0,0.0
2009-11-07,0.0,1.5,0.0
2009-11-09,17.6,9.3,5.2
2009-11-10,4.8,0.0,0.0
2009-11-11,0.0,0.4,0.0
2009-11-13,23.7,30.0,29.4
2009-11-14,3.2,3.4,0.0
2009-11-15,0.0,0.4,0.0
2009-11-16,0.8,35.3,33.9
2009-11-17,99.6,14.2,8.7
2009-11-18,0.0,23.0,16.9
2009-11-19,19.5,9.6,4.4
2009-11-20,0.3,72.6,68.4
2009-11-21,40.3,0.0,0.0
2009-11-22,0.0,22.6,22.7
2009-11-23,8.1,7.5,3.3
2009-11-24,0.0,0.9,0.0
2009-11-25,0.0,8.1,3.9
2009-11-26,1.9,22.9,22.9
2009-11-27,3.4,30.4,32.8
2009-11-28,32.0,32.1,34.8
2009-11-29,25.6,14.5,10.6
2009-11-30,9.2,4.0,0.0
2009-12-01,0.0,8.4,3.8
2009-12-02,0.0,30.2,47.0
2009-12-03,19.4,17.9,16.7
2009-12-04,1.0,3.3,0.0
2009-12-05,4.6,5.9,1.0
2009-12-06,1.6,5.8,1.0
2009-12-08,0.0,6.2,1.0
2009-12-09,32.2,10.7,6.8
2009-12-10,3.8,6.1,1.0
2009-12-11,21.1,17.6,15.3
2009-12-12,29.8,0.1,0.0
2009-12-13,0.0,0.3,0.0
2009-12-14,0.0,36.9,49.7
2009-12-15,36.4,7.7,3.8
2009-12-16,0.5,45.3,66.8
2009-12-17,53.2,7.6,3.7
2009-12-18,0.0,32.1,41.1
2009-12-19,1.0,1.2,0.0
2009-12-20,0.0,1.1,0.0
2009-12-21,0.0,4.1,1.0
2009-12-22,6.7,2.9,0.0
2009-12-23,10.1,10.9,6.5
2009-12-24,10.6,4.4,1.0
2009-12-26,24.6,0.2,0.0
2009-12-27,0.3,19.8,14.7
2009-12-28,23.3,9.9,5.6
2009-12-29,0.4,69.2,89.2
2009-12-30,0.0,9.3,5.0
2009-12-31,0.0,38.9,41.6
2010-01-01,16.4,0.0,0.0
2010-01-02,0.0,33.4,49.2
2010-01-03,12.0,1.5,0.0
2010-01-04,0.0,9.5,6.0
2010-01-05,0.0,12.8,9.8
2010-01-07,0.0,24.8,33.7
2010-01-08,0.7,21.6,28.2
2010-01-09,2.7,0.2,0.0
2010-01-10,0.0,0.0,0.0
2010-01-11,0.0,9.0,6.7
2010-01-12,4.5,9.5,7.3
2010-01-13,7.8,5.8,3.4
2010-01-14,0.5,16.9,15.4
2010-01-15,17.9,0.0,0.0
2010-01-16,0.3,0.0,0.0
2010-01-17,0.0,0.1,0.0
2010-01-18,1.2,13.4,11.5
2010-01-19,12.6,0.4,0.0
2010-01-20,0.8,3.4,1.1
2010-01-22,1.6,1.8,1.0
2010-01-24,26.4,6.0,4.5
2010-01-25,0.0,16.2,15.3
2010-01-26,0.0,0.0,0.0
2010-01-27,0.3,7.0,5.6
2010-01-28,10.2,13.0,11.8
2010-01-29,6.4,0.9,0.0
2010-01-30,0.0,0.0,0.0
2010-01-31,0.0,0.6,0.0
2010-02-01,1.3,8.0,8.0
2010-02-02,14.3,0.0,0.0
2010-02-03,0.0,1.2,0.0
2010-02-04,18.4,0.8,0.0
2010-02-05,8.1,22.2,38.0
2010-02-06,13.1,0.1,0.0
2010-02-07,0.0,5.8,4.7
2010-02-08,14.7,1.7,0.0
2010-02-09,0.0,3.1,1.4
2010-02-10,4.8,9.6,9.9
2010-02-11,9.1,0.6,0.0
2010-02-12,3.7,3.2,1.7
2010-02-13,10.3,0.4,0.0
2010-02-15,17.7,4.1,3.0
2010-02-16,3.8,7.4,8.8
2010-02-17,16.0,16.1,19.2
2010-02-18,44.5,5.1,4.3
2010-02-19,32.6,0.5,0.0
2010-02-20,0.0,3.4,2.1
2010-02-21,0.0,14.3,13.6
2010-02-22,106.0,6.3,3.3
2010-02-23,0.0,0.0,0.0
2010-02-24,0.0,22.2,33.3
2010-02-25,51.1,0.1,0.0
2010-02-26,1.0,18.1,19.6
2010-02-27,0.0,6.1,3.0
2010-02-28,1.0,33.6,53.4
2010-03-01,0.0,22.9,25.7
2010-03-02,8.0,4.9,0.0
2010-03-03,0.0,18.6,14.3
2010-03-04,11.6,0.1,0.0
2010-03-06,0.0,0.2,0.0
2010-03-07,0.0,5.5,1.0
2010-03-09,6.5,13.6,8.4
2010-03-10,0.5,55.7,70.4
2010-03-11,53.1,8.6,3.3
2010-03-12,0.0,0.1,0.0
2010-03-13,0.0,1.0,0.0
2010-03-14,0.0,13.9,8.4
2010-03-15,0.8,11.4,6.0
2010-03-16,7.0,0.8,0.0
2010-03-18,36.6,2.0,0.0
2010-03-19,0.7,5.9,1.0
2010-03-20,0.0,14.6,9.0
2010-03-21,10.3,8.4,2.3
2010-03-23,15.8,0.4,0.0
2010-03-24,0.0,33.6,37.3
2010-03-25,3.8,21.7,14.2
2010-03-26,8.0,34.9,38.7
2010-03-27,6.1,0.2,0.0
2010-03-28,0.0,2.3,0.0
2010-03-29,0.0,16.9,9.8
2010-03-30,2.0,12.9,6.1
2010-03-31,19.8,1.9,0.0
2010-04-01,4.0,2.3,0.0
2010-04-02,4.2,1.6,0.0
2010-04-03,8.0,21.9,32.9
2010-04-04,16.4,0.2,0.0
2010-04-05,0.0,0.1,0.0
2010-04-06,0.0,3.1,0.0
2010-04-08,6.0,0.6,0.0
2010-04-09,0.0,7.7,4.1
2010-04-10,6.8,0.0,0.0
2010-04-11,0.0,52.4,64.9
2010-04-12,41.0,6.0,2.4
2010-04-13,3.5,3.0,0.0
2010-04-14,0.0,13.9,11.5
2010-04-15,5.7,7.6,4.2
2010-04-16,27.6,9.8,6.5
2010-04-18,58.3,10.2,6.9
2010-04-19,2.6,0.4,0.0
2010-04-20,1.5,9.4,6.1
2010-04-22,6.0,12.2,10.7
2010-04-23,10.0,0.1,0.0
2010-04-24,5.0,3.7,1.0
2010-04-25,0.0,10.4,8.3
2010-04-26,3.2,4.1,1.0
2010-04-27,13.2,0.0,0.0
2010-04-28,0.0,8.6,6.2
2010-04-29,16.7,5.0,1.9
2010-04-30,2.0,12.2,10.7
2010-05-01,3.5,10.2,7.2
2010-05-03,2.4,23.0,22.1
2010-05-04,13.5,0.0,0.0
2010-05-06,0.2,9.5,6.5
2010-05-07,0.0,11.3,8.3
2010-05-08,10.0,0.0,0.0
2010-05-09,0.0,1.4,0.0
2010-05-10,0.0,0.3,0.0
2010-05-11,0.0,25.8,62.1
2010-05-13,0.0,8.3,6.9
2010-05-14,0.0,11.4,18.4
2010-05-15,14.2,0.0,0.0
2010-05-16,0.0,15.1,32.2
2010-05-17,2.6,12.7,22.5
2010-05-18,1.5,2.0,0.0
2010-05-20,0.0,0.0,0.0
2010-05-21,0.0,0.0,0.0
2010-05-22,0.0,24.9,54.4
2010-05-23,57.0,0.7,0.0
2010-05-24,0.0,0.1,0.0
2010-05-25,0.0,1.3,0.0
2010-05-26,0.0,0.0,0.0
2010-05-27,0.0,0.1,0.0
2010-05-28,0.0,0.0,0.0
2010-05-29,0.0,6.5,4.4
2010-05-30,1.2,2.5,0.0
2010-05-31,13.8,1.6,0.0
2010-06-01,31.8,6.0,2.3
2010-06-02,28.4,0.6,0.0
2010-06-03,0.0,0.1,0.0
2010-06-04,6.0,10.9,8.0
2010-06-05,2.8,7.2,3.6
2010-06-06,25.0,0.5,0.0
2010-06-07,5.6,3.7,1.0
2010-06-08,32.8,2.1,0.0
2010-06-09,0.0,0.1,0.0
2010-06-10,0.0,0.5,0.0
2010-06-11,0.0,0.8,0.0
2010-06-12,0.0,0.0,0.0
2010-06-13,0.0,0.4,0.0
2010-06-14,0.0,4.6,1.2
2010-06-15,21.2,1.8,0.0
2010-06-16,14.3,6.0,2.8
2010-06-17,1.0,0.2,0.0
2010-06-18,0.0,0.5,0.0
2010-06-19,0.0,0.0,0.0
2010-06-20,0.0,0.1,0.0
2010-06-21,0.0,0.0,0.0
2010-06-22,0.0,2.1,1.0
2010-06-24,13.9,1.0,0.0
2010-06-26,9.3,0.1,0.0
2010-06-27,0.0,0.6,0.0
2010-06-28,0.0,1.8,0.0
2010-06-30,0.0,22.7,51.7
2010-07-01,8.0,7.2,7.1
2010-07-02,10.2,26.4,53.1
2010-07-03,40.9,7.6,6.8
2010-07-06,0.6,8.3,7.7
2010-07-07,2.4,4.7,2.0
2010-07-08,29.4,7.4,6.3
2010-07-10,0.0,14.4,21.5
2010-07-11,0.0,4.3,1.0
2010-07-12,0.0,0.0,0.0
2010-07-13,19.0,22.7,33.3
2010-07-14,0.0,0.5,0.0
2010-07-15,0.0,1.5,0.0
2010-07-16,0.6,4.3,1.0
2010-07-17,4.3,12.1,10.3
2010-07-18,53.5,27.7,42.3
2010-07-19,43.7,14.2,22.3
2010-07-20,1.0,9.8,6.7
2010-07-21,1.4,19.2,28.5
2010-07-22,23.9,0.1,0.0
2010-07-23,0.0,0.1,0.0
2010-07-24,0.0,1.2,0.0
2010-07-25,20.0,1.6,0.0
2010-07-26,0.0,7.8,4.7
2010-07-27,5.3,1.2,0.0
2010-07-29,0.0,3.0,0.0
2010-07-30,0.0,46.5,95.8
2010-07-31,45.7,0.3,0.0
2010-08-01,0.0,3.4,0.0
2010-08-02,0.0,3.5,0.0
2010-08-04,0.0,18.2,20.2
2010-08-05,0.0,0.4,0.0
2010-08-06,1.4,4.0,0.0
2010-08-07,0.0,10.1,9.4
2010-08-08,0.0,23.2,28.5
2010-08-10,55.1,1.0,0.0
2010-08-11,0.0,9.1,5.6
2010-08-12,20.7,6.5,1.9
2010-08-13,4.5,11.8,9.6
2010-08-14,6.2,101.7,95.0
2010-08-15,23.5,4.0,0.0
2010-08-16,0.0,15.5,14.5
2010-08-17,37.3,117.6,96.0
2010-08-18,54.9,18.6,22.9
2010-08-19,2.6,50.5,85.3
2010-08-20,22.3,28.0,50.1
2010-08-21,1.6,7.7,2.8
2010-08-22,0.0,0.6,0.0
2010-08-23,0.0,2.4,0.0
2010-08-24,0.0,16.6,16.0
2010-08-25,25.6,19.7,25.8
2010-08-26,16.4,0.3,0.0
2010-08-27,0.0,14.6,13.5
2010-08-28,1.0,2.2,0.0
2010-08-29,33.2,1.0,0.0
2010-08-30,3.0,7.1,2.1
2010-08-31,19.8,0.5,0.0
2010-09-01,0.0,5.3,1.0
2010-09-02,0.0,1.0,0.0
2010-09-03,5.0,2.3,0.0
2010-09-04,0.0,0.7,0.0
2010-09-05,0.0,24.1,39.5
2010-09-06,2.3,10.9,8.4
2010-09-07,0.0,13.2,10.8
2010-09-08,0.5,27.1,44.9
2010-09-09,8.2,2.3,0.0
2010-09-10,0.0,8.5,4.7
2010-09-11,0.0,1.3,0.0
2010-09-12,0.2,1.1,0.0
2010-09-13,0.0,28.0,44.8
2010-09-14,37.0,3.5,0.0
2010-09-15,3.4,7.8,2.9
2010-09-16,0.0,2.1,0.0
2010-09-17,0.0,9.9,5.5
2010-09-18,2.5,13.1,10.0
2010-09-19,81.8,2.5,0.0
2010-09-20,0.0,0.5,0.0
2010-09-21,0.0,8.3,5.1
2010-09-22,0.0,4.8,1.0
2010-09-23,0.0,0.4,0.0
2010-09-24,2.2,22.1,37.1
2010-09-25,18.1,8.2,4.9
2010-09-26,7.2,1.4,0.0
2010-09-27,15.4,18.8,29.5
2010-09-28,55.5,3.8,0.0
2010-09-29,0.0,8.7,6.8
2010-09-30,0.0,2.9,0.0
2010-10-01,2.0,0.5,0.0
2010-10-02,2.0,1.6,0.0
2010-10-03,0.0,16.9,30.2
2010-10-04,31.2,5.4,2.2
2010-10-05,3.5,3.0,0.0
2010-10-06,30.7,69.4,77.3
2010-10-07,49.0,5.8,2.9
2010-10-08,0.6,47.5,76.5
2010-10-09,13.0,4.7,1.2
2010-10-10,13.5,11.1,11.2
2010-10-11,16.0,36.4,46.5
2010-10-12,31.0,32.7,41.5
2010-10-13,53.0,1.4,0.0
2010-10-14,0.0,0.4,0.0
2010-10-15,0.0,0.4,0.0
2010-10-16,0.0,8.4,4.7
2010-10-17,0.0,89.9,73.3
2010-10-18,0.0,0.0,0.0
2010-10-19,0.0,17.0,13.9
2010-10-20,26.5,31.6,39.7
2010-10-21,27.7,1.3,0.0
2010-10-22,0.0,1.6,0.0
2010-10-23,0.0,5.1,1.0
2010-10-24,7.0,21.8,31.2
2010-10-25,12.7,19.3,27.9
2010-10-26,0.5,32.3,48.5
2010-10-27,24.3,8.6,4.2
2010-10-28,0.0,2.6,0.0
2010-10-29,0.0,16.5,15.2
2010-10-30,8.2,2.1,0.0
2010-10-31,0.4,12.7,9.7
2010-11-01,14.0,2.7,0.0
2010-11-02,1.2,11.9,7.8
2010-11-03,4.6,22.4,25.6
2010-11-04,14.4,0.5,0.0
2010-11-05,0.0,1.8,0.0
2010-11-06,9.0,16.4,12.7
2010-11-07,0.8,0.3,0.0
2010-11-08,0.0,10.0,5.8
2010-11-09,2.1,2.1,0.0
2010-11-10,1.0,0.6,0.0
2010-11-11,46.0,3.5,0.0
2010-11-13,0.0,35.7,34.8
2010-11-14,42.1,7.3,2.3
2010-11-15,0.0,6.0,1.1
2010-11-16,7.4,4.6,0.0
2010-11-17,0.0,0.0,0.0
2010-11-18,0.0,2.2,0.0
2010-11-19,0.6,27.1,25.8
2010-11-20,13.5,9.3,4.2
2010-11-21,1.7,5.6,1.3
2010-11-22,21.7,18.8,15.3
2010-11-23,14.6,4.7,1.0
2010-11-24,0.0,1.3,0.0
2010-11-25,0.0,23.5,23.8
2010-11-26,2.0,7.4,3.2
2010-11-27,4.0,14.0,10.1
2010-11-28,19.9,27.5,29.4
2010-11-29,36.0,32.4,35.9
2010-11-30,19.2,11.8,7.7
2010-12-01,1.0,1.1,0.0
2010-12-02,0.0,1.9,0.0
2010-12-03,4.3,14.6,12.0
2010-12-04,1.9,2.9,0.0
2010-12-05,0.0,5.3,0.0
2010-12-06,0.0,2.5,0.0
2010-12-07,0.0,103.8,85.1
2010-12-08,48.1,14.9,12.5
2010-12-09,0.0,39.6,61.6
2010-12-10,64.6,6.2,1.0
2010-12-11,0.2,6.2,2.2
2010-12-12,0.0,1.3,0.0
2010-12-13,0.0,3.1,0.0
2010-12-14,0.0,0.3,0.0
2010-12-15,0.0,2.8,0.0
2010-12-16,0.0,16.8,14.3
2010-12-17,7.0,41.2,57.1
2010-12-18,35.0,5.8,1.7
2010-12-19,0.0,4.0,0.0
2010-12-20,0.0,0.3,0.0
2010-12-21,0.0,0.9,0.0
2010-12-22,0.0,1.1,0.0
2010-12-23,0.0,0.5,0.0
2010-12-24,0.0,2.3,0.0
2010-12-25,0.0,0.2,0.0
2010-12-26,0.0,86.9,93.8
2010-12-27,115.8,2.2,0.0
2010-12-28,2.0,13.0,8.6
2010-12-29,4.2,0.3,0.0
2010-12-30,1.2,0.2,0.0
2010-12-31,0.0,1.9,0.0
2011-01-01,0.0,4.2,1.0
2011-01-02,0.0,0.8,0.0
2011-01-03,0.0,7.6,3.9
2011-01-04,2.6,17.1,20.4
2011-01-05,2.6,122.1,70.7
2011-01-06,57.9,1.7,0.0
2011-01-07,0.0,1.5,0.0
2011-01-08,0.0,3.2,0.0
2011-01-09,18.4,28.7,41.0
2011-01-10,13.5,16.8,19.8
2011-01-11,1.8,12.8,10.7
2011-01-12,0.0,0.2,0.0
2011-01-13,0.0,1.1,0.0
2011-01-14,0.0,0.5,0.0
2011-01-15,0.0,0.3,0.0
2011-01-16,3.5,2.6,1.0
2011-01-17,1.7,1.1,0.0
2011-01-18,0.0,0.0,0.0
2011-01-19,1.0,0.0,0.0
2011-01-20,0.0,0.6,0.0
2011-01-21,0.0,2.1,1.0
2011-01-22,0.0,44.7,58.1
2011-01-23,38.2,13.1,12.8
2011-01-24,18.8,4.9,3.5
2011-01-25,9.4,7.8,6.4
2011-01-26,13.4,2.4,1.0
2011-01-27,0.0,5.0,3.6
2011-01-28,0.8,51.6,75.5
2011-01-29,18.3,10.3,9.1
2011-01-30,0.8,5.0,3.6
2011-01-31,1.8,0.0,0.0
2011-02-01,0.0,0.4,0.0
2011-02-02,0.0,1.6,0.0
2011-02-03,0.4,54.4,57.9
2011-02-04,36.7,1.9,0.0
2011-02-05,0.0,3.4,1.7
2011-02-06,0.0,0.3,0.0
2011-02-07,0.9,0.0,0.0
2011-02-08,0.0,0.0,0.0
2011-02-09,0.0,0.7,0.0
2011-02-10,0.0,0.0,0.0
2011-02-11,0.0,0.1,0.0
2011-02-12,0.0,0.0,0.0
2011-02-13,0.0,0.2,0.0
2011-02-14,0.0,0.0,0.0
2011-02-15,0.0,5.7,5.1
2011-02-16,1.8,4.9,4.1
2011-02-17,3.2,3.2,1.7
2011-02-18,3.3,29.2,36.9
2011-02-19,37.6,16.5,20.1
2011-02-20,9.4,1.1,0.0
2011-02-21,0.0,0.0,0.0
2011-02-22,0.0,0.0,0.0
2011-02-23,0.0,0.0,0.0
2011-02-24,0.0,1.8,0.0
2011-02-25,0.0,0.9,0.0
2011-02-26,0.0,3.0,0.0
2011-02-27,0.0,7.4,4.7
2011-02-28,8.7,8.8,6.5
2011-03-01,3.6,18.6,14.4
2011-03-02,4.2,0.4,0.0
2011-03-03,0.0,2.8,0.0
2011-03-04,7.4,9.3,3.3
2011-03-05,13.5,2.4,0.0
2011-03-06,0.0,0.9,0.0
2011-03-07,0.0,0.9,0.0
2011-03-08,0.0,1.4,0.0
2011-03-09,5.2,46.5,62.7
2011-03-10,21.5,1.8,0.0
2011-03-11,0.0,9.5,4.2
2011-03-12,5.6,3.5,0.0
2011-03-13,0.0,7.1,2.0
2011-03-14,2.6,22.6,24.1
2011-03-15,0.0,32.2,39.9
2011-03-16,2.3,36.8,46.0
2011-03-17,11.2,0.5,0.0
2011-03-18,0.0,0.0,0.0
2011-03-19,0.0,14.6,9.1
2011-03-20,15.4,3.6,0.0
2011-03-21,0.0,8.7,2.5
2011-03-22,35.0,6.2,1.0
2011-03-23,0.0,4.3,0.0
2011-03-24,0.0,19.6,12.3
2011-03-25,12.4,34.2,37.9
2011-03-26,0.0,2.7,0.0
2011-03-27,0.0,18.2,11.0
2011-03-28,0.0,1.6,0.0
2011-03-29,0.0,0.6,0.0
2011-03-30,0.0,2.0,0.0
2011-03-31,0.0,0.4,0.0
2011-04-01,0.0,0.0,0.0
2011-04-02,0.0,7.2,3.5
2011-04-03,6.5,4.0,1.0
2011-04-04,0.0,20.3,30.2
2011-04-05,0.0,8.7,5.4
2011-04-06,2.6,4.8,1.0
2011-04-07,8.3,14.6,13.4
2011-04-08,2.4,0.0,0.0
2011-04-09,0.0,24.9,37.7
2011-04-10,19.8,8.5,5.1
2011-04-11,10.4,6.8,3.3
2011-04-12,0.0,0.3,0.0
2011-04-13,2.2,2.6,0.0
2011-04-14,1.6,5.3,1.8
2011-04-15,0.0,13.4,11.3
2011-04-16,17.3,1.7,0.0
2011-04-17,2.5,129.8,71.6
2011-04-18,36.6,4.0,1.0
2011-04-19,2.3,1.4,0.0
2011-04-20,2.4,0.7,0.0
2011-04-21,0.0,2.9,0.0
2011-04-22,0.0,26.1,40.7
2011-04-23,30.2,4.3,1.2
2011-04-24,0.0,1.2,0.0
2011-04-25,0.0,14.7,14.0
2011-04-26,23.5,1.6,0.0
2011-04-27,1.2,0.0,0.0
2011-04-28,0.0,4.7,1.6
2011-04-29,32.0,10.8,8.9
2011-04-30,7.0,14.2,13.6
2011-05-01,7.8,9.2,6.1
2011-05-03,0.0,1.9,0.0
2011-05-04,0.0,0.2,0.0
2011-05-05,0.0,2.6,0.0
2011-05-06,0.0,1.8,0.0
2011-05-08,0.0,0.1,0.0
2011-05-09,0.0,1.1,0.0
2011-05-10,0.0,0.0,0.0
2011-05-11,0.0,0.0,0.0
2011-05-12,0.0,2.6,0.0
2011-05-13,22.0,3.4,0.0
2011-05-15,2.6,2.2,0.0
2011-05-16,0.0,3.0,0.0
2011-05-17,11.9,4.2,1.0
2011-05-18,15.2,3.5,1.0
2011-05-19,4.8,7.7,5.9
2011-05-20,1.0,6.0,3.2
2011-05-21,1.3,6.6,4.7
2011-05-22,22.8,0.0,0.0
2011-05-23,0.0,8.2,7.2
2011-05-24,0.7,23.5,48.9
2011-05-25,43.9,21.3,41.8
2011-05-26,1.3,0.0,0.0
2011-05-27,0.0,4.0,1.0
2011-05-28,1.4,4.7,1.7
2011-05-29,0.0,3.0,0.0
2011-05-30,5.6,0.2,0.0
2011-05-31,0.0,0.0,0.0
2011-06-01,0.0,11.4,8.1
2011-06-02,1.3,8.6,5.4
2011-06-03,4.0,0.2,0.0
2011-06-05,33.4,21.6,36.5
2011-06-06,14.7,0.0,0.0
2011-06-07,0.0,0.0,0.0
2011-06-08,0.0,0.1,0.0
2011-06-09,0.0,0.6,0.0
2011-06-10,4.9,0.0,0.0
2011-06-11,0.0,1.2,0.0
2011-06-12,2.6,2.0,0.0
2011-06-13,16.6,0.1,0.0
2011-06-14,0.0,1.5,0.0
2011-06-15,0.0,0.0,0.0
2011-06-16,0.0,0.1,0.0
2011-06-17,0.0,0.0,0.0
2011-06-18,0.0,0.0,0.0
2011-06-19,0.0,0.0,0.0
2011-06-20,0.0,0.0,0.0
2011-06-21,0.0,0.0,0.0
2011-06-22,0.0,3.8,2.6
2011-06-23,1.7,1.2,0.0
2011-06-24,2.9,2.2,1.0
2011-06-25,3.0,5.4,5.3
2011-06-26,18.2,0.0,0.0
2011-06-27,0.0,0.1,0.0
2011-06-28,0.0,2.7,1.0
2011-06-29,0.0,14.9,32.8
2011-06-30,22.6,14.9,32.1
2011-07-01,0.9,0.9,0.0
2011-07-02,0.0,7.3,6.2
2011-07-03,1.5,1.7,0.0
2011-07-04,0.0,0.0,0.0
2011-07-05,0.0,0.3,0.0
2011-07-06,0.0,2.4,0.0
2011-07-07,3.1,0.1,0.0
2011-07-08,14.6,0.1,0.0
2011-07-09,0.0,0.8,0.0
2011-07-10,0.0,0.0,0.0
2011-07-11,0.0,10.6,7.9
2011-07-12,3.1,6.7,2.7
2011-07-13,4.0,0.0,0.0
2011-07-14,0.0,0.3,0.0
2011-07-15,0.0,8.2,4.7
2011-07-16,32.6,39.8,69.2
2011-07-17,3.8,8.1,4.6
2011-07-18,0.6,2.6,0.0
2011-07-19,0.0,1.6,0.0
2011-07-20,0.0,2.9,0.0
2011-07-21,0.0,0.2,0.0
2011-07-22,0.0,20.7,30.9
2011-07-23,45.3,40.1,71.4
2011-07-24,4.0,14.7,14.5
2011-07-25,14.2,8.6,5.2
2011-07-27,0.0,0.5,0.0
2011-07-28,0.0,0.5,0.0
2011-07-30,0.0,0.0,0.0
2011-07-31,0.0,0.0,0.0
2011-08-01,0.0,0.2,0.0
2011-08-02,0.0,2.3,0.0
2011-08-03,1.0,6.8,4.1
2011-08-04,29.3,33.4,44.2
2011-08-05,34.4,1.1,0.0
2011-08-06,0.0,0.4,0.0
2011-08-07,0.0,0.0,0.0
2011-08-08,0.0,0.0,0.0
2011-08-09,0.0,0.1,0.0
2011-08-10,0.0,0.0,0.0
2011-08-11,0.0,0.0,0.0
2011-08-12,0.0,1.7,0.0
2011-08-13,0.0,1.3,0.0
2011-08-14,23.2,7.4,2.8
2011-08-15,1.8,0.0,0.0
2011-08-16,0.0,0.1,0.0
2011-08-17,0.0,0.5,0.0
2011-08-18,0.0,0.1,0.0
2011-08-19,0.0,0.1,0.0
2011-08-21,0.0,0.0,0.0
2011-08-22,0.0,0.0,0.0
2011-08-23,0.0,0.0,0.0
2011-08-24,0.0,0.0,0.0
2011-08-25,0.0,0.0,0.0
2011-08-26,0.0,0.0,0.0
2011-08-27,0.0,0.3,0.0
2011-08-28,0.0,2.4,0.0
2011-08-29,0.0,2.3,0.0
2011-08-30,8.0,13.1,10.5
2011-08-31,0.0,6.2,1.2
2011-09-01,0.0,0.2,0.0
2011-09-02,0.0,0.0,0.0
2011-09-03,0.0,1.7,0.0
2011-09-04,0.0,0.9,0.0
2011-09-05,0.0,0.2,0.0
2011-09-06,0.0,0.1,0.0
2011-09-07,0.0,0.1,0.0
2011-09-08,0.0,0.7,0.0
2011-09-09,0.0,0.8,0.0
2011-09-10,0.0,3.4,0.0
2011-09-11,3.0,5.7,1.0
2011-09-12,3.0,0.5,0.0
2011-09-13,0.0,1.7,0.0
2011-09-14,0.0,4.5,0.0
2011-09-15,5.4,8.8,4.1
2011-09-16,0.0,6.9,1.8
2011-09-17,27.1,0.2,0.0
2011-09-18,6.5,0.0,0.0
2011-09-19,30.0,16.3,14.4
2011-09-20,7.9,13.3,10.4
2011-09-21,0.0,8.4,5.6
2011-09-22,0.0,0.5,0.0
2011-09-23,0.0,2.1,0.0
2011-09-24,0.0,1.0,0.0
2011-09-25,0.0,2.9,0.0
2011-09-26,6.2,13.6,12.9
2011-09-27,15.2,2.7,0.0
2011-09-28,0.0,0.5,0.0
2011-09-29,0.0,1.8,0.0
2011-09-30,0.0,1.4,0.0
2011-10-01,0.0,7.0,4.6
2011-10-02,0.0,10.7,10.2
2011-10-03,0.0,1.0,0.0
2011-10-04,0.0,6.7,4.1
2011-10-06,17.8,27.4,53.0
2011-10-07,2.7,1.2,0.0
2011-10-08,0.0,22.1,41.7
2011-10-09,23.9,20.3,37.5
2011-10-10,27.0,17.1,29.5
2011-10-11,0.0,7.0,3.3
2011-10-12,0.0,5.4,1.8
2011-10-13,0.0,0.4,0.0
2011-10-14,0.0,0.3,0.0
2011-10-15,0.0,1.4,0.0
2011-10-16,9.0,16.2,13.4
2011-10-17,8.0,2.3,0.0
2011-10-18,6.2,23.2,25.9
2011-10-19,37.8,24.6,28.2
2011-10-20,6.0,39.4,50.4
2011-10-21,28.6,7.4,2.8
2011-10-22,35.7,0.2,0.0
2011-10-23,0.0,7.6,3.0
2011-10-24,0.0,7.7,3.2
2011-10-25,27.5,29.5,44.2
2011-10-26,1.6,6.0,1.2
2011-10-27,7.6,39.5,59.8
2011-10-28,66.0,96.6,86.2
2011-10-29,10.3,1.2,0.0
2011-10-30,0.0,24.1,35.7
2011-10-31,7.8,8.6,4.2
2011-11-01,12.7,0.5,0.0
2011-11-02,0.4,14.1,10.1
2011-11-03,12.3,66.1,65.8
2011-11-04,53.0,7.5,3.3
2011-11-05,0.6,7.8,3.6
2011-11-06,22.0,13.8,9.9
2011-11-07,14.0,36.4,47.0
2011-11-08,13.5,1.4,0.0
2011-11-09,0.0,0.1,0.0
2011-11-10,0.0,1.6,0.0
2011-11-11,2.0,14.6,9.1
2011-11-12,0.0,14.4,9.0
2011-11-14,8.5,4.8,0.0
2011-11-15,3.5,3.6,0.0
2011-11-17,2.4,4.5,0.0
2011-11-19,33.0,28.2,26.1
2011-11-20,60.0,14.3,8.8
2011-11-21,22.6,4.0,0.0
2011-11-22,11.6,8.5,4.2
2011-11-23,21.7,9.5,5.3
2011-11-24,26.8,30.0,31.4
2011-11-25,21.3,3.4,0.0
2011-11-26,0.0,1.2,0.0
2011-11-27,8.0,18.6,15.2
2011-11-28,0.0,37.2,42.3
2011-11-30,45.7,4.2,1.0
2011-12-01,0.0,10.0,5.9
2011-12-02,4.0,18.0,24.6
2011-12-03,1.4,47.8,72.7
2011-12-04,16.6,0.0,0.0
2011-12-05,0.0,24.8,36.6
2011-12-06,29.4,2.5,0.0
2011-12-07,21.0,0.6,0.0
2011-12-08,13.3,16.0,14.0
2011-12-09,0.0,27.8,42.6
2011-12-10,14.5,6.4,1.2
2011-12-11,8.3,49.1,76.2
2011-12-12,41.6,2.6,0.0
2011-12-13,7.8,4.7,1.0
2011-12-14,0.0,0.7,0.0
2011-12-15,1.2,1.0,0.0
2011-12-16,0.0,7.6,3.7
2011-12-17,38.9,2.6,0.0
2011-12-18,8.6,1.3,0.0
2011-12-19,0.0,6.2,2.2
2011-12-20,0.9,6.8,2.8
2011-12-21,0.0,2.3,0.0
2011-12-22,1.5,10.0,5.7
2011-12-23,0.0,14.2,9.7
2011-12-24,16.1,36.1,37.1
2011-12-25,2.0,6.8,2.7
2011-12-26,0.1,0.0,0.0
2011-12-27,3.5,4.8,1.0
2011-12-28,7.9,0.5,0.0
2011-12-29,0.0,0.4,0.0
2011-12-30,0.0,0.6,0.0
2011-12-31,0.0,0.6,0.0
2012-01-01,0.0,0.2,0.0
2012-01-02,0.0,2.9,0.0
2012-01-03,0.0,1.1,0.0
2012-01-04,0.1,0.0,0.0
2012-01-05,0.0,0.7,0.0
2012-01-06,0.0,0.5,0.0
2012-01-07,0.0,0.2,0.0
2012-01-08,0.1,0.2,0.0
2012-01-09,0.0,6.6,2.8
2012-01-10,0.5,1.9,0.0
2012-01-11,0.0,5.6,3.2
2012-01-12,6.5,3.7,1.4
2012-01-13,26.0,28.0,31.9
2012-01-14,6.6,3.1,1.0
2012-01-15,0.0,5.2,2.8
2012-01-16,18.0,0.3,0.0
2012-01-17,0.0,11.0,9.5
2012-01-18,7.8,0.0,0.0
2012-01-19,0.0,7.1,4.8
2012-01-20,1.8,12.4,10.3
2012-01-21,0.5,0.4,0.0
2012-01-22,0.0,0.5,0.0
2012-01-23,0.0,1.6,1.0
2012-01-24,0.0,1.7,1.0
2012-01-25,0.0,1.4,1.0
2012-01-26,0.0,0.5,0.0
2012-01-27,0.0,0.4,0.0
2012-01-28,0.0,3.3,1.8
2012-01-29,0.0,0.3,0.0
2012-01-30,0.0,3.0,1.6
2012-01-31,0.1,0.3,0.0
2012-02-01,1.0,25.4,40.3
2012-02-02,54.9,4.4,3.0
2012-02-03,0.0,30.2,44.2
2012-02-04,8.2,0.0,0.0
2012-02-05,0.0,16.1,27.5
2012-02-06,10.6,5.3,4.1
2012-02-07,25.6,8.3,7.9
2012-02-08,0.0,10.5,10.8
2012-02-09,9.2,0.1,0.0
2012-02-10,0.0,0.0,0.0
2012-02-11,0.0,1.1,0.0
2012-02-12,0.0,54.1,71.4
2012-02-13,38.6,6.4,6.0
2012-02-14,8.8,0.7,0.0
2012-02-15,0.0,25.8,32.8
2012-02-16,0.0,0.5,0.0
2012-02-17,0.0,25.0,31.8
2012-02-18,3.6,6.0,5.5
2012-02-19,0.0,0.8,0.0
2012-02-20,0.0,0.2,0.0
2012-02-21,0.0,2.9,0.0
2012-02-22,0.0,2.4,0.0
2012-02-23,0.0,1.0,0.0
2012-02-24,0.0,3.6,1.0
2012-02-25,0.0,21.5,30.8
2012-02-26,0.0,36.1,59.3
2012-02-27,13.0,3.3,1.0
2012-02-28,0.0,0.3,0.0
2012-02-29,0.0,1.1,0.0
2012-03-02,7.8,21.9,22.6
2012-03-03,1.6,11.3,5.4
2012-03-04,0.0,5.0,0.0
2012-03-05,16.3,4.3,0.0
2012-03-07,9.7,16.7,11.6
2012-03-08,6.2,3.9,0.0
2012-03-09,0.0,0.6,0.0
2012-03-10,0.0,3.5,0.0
2012-03-11,0.0,16.7,11.3
2012-03-13,0.0,2.9,0.0
2012-03-14,1.7,3.4,0.0
2012-03-15,0.0,1.1,0.0
2012-03-16,1.0,1.0,0.0
2012-03-17,0.0,0.2,0.0
2012-03-18,0.0,0.6,0.0
2012-03-19,0.0,55.4,65.1
2012-03-20,16.5,23.0,25.1
2012-03-21,2.6,16.9,9.8
2012-03-22,26.0,34.9,38.5
2012-03-23,26.5,1.8,0.0
2012-03-24,0.0,1.3,0.0
2012-03-25,0.0,0.3,0.0
2012-03-26,0.0,19.9,12.6
2012-03-27,7.4,8.0,1.9
2012-03-30,5.7,29.2,31.6
2012-03-31,6.0,3.4,0.0
2012-04-01,0.0,3.4,0.0
2012-04-02,0.0,80.8,94.1
2012-04-03,13.5,32.6,50.2
2012-04-04,0.0,0.0,0.0
2012-04-05,0.0,1.9,0.0
2012-04-06,0.0,3.7,1.0
2012-04-07,27.0,2.3,0.0
2012-04-08,2.8,11.6,9.2
2012-04-09,23.6,1.0,0.0
2012-04-10,0.8,13.1,11.2
2012-04-11,23.6,22.3,31.7
2012-04-12,2.8,2.1,0.0
2012-04-13,0.0,3.6,1.0
2012-04-14,0.0,8.2,4.8
2012-04-15,21.3,3.2,0.0
2012-04-16,25.7,0.0,0.0
2012-04-17,7.7,2.1,0.0
2012-04-18,0.1,0.0,0.0
2012-04-19,0.8,24.9,36.2
2012-04-20,2.3,1.3,0.0
2012-04-21,0.0,17.5,23.2
2012-04-22,2.6,2.8,0.0
2012-04-23,0.0,15.4,15.0
2012-04-24,0.0,28.3,44.1
2012-04-25,29.0,9.5,7.2
2012-04-26,13.2,2.2,0.0
2012-04-27,0.0,0.0,0.0
2012-04-28,0.0,0.0,0.0
2012-04-29,0.0,0.4,0.0
2012-04-30,0.0,8.1,5.5
2012-05-01,6.5,2.7,1.0
2012-05-02,0.0,21.6,21.1
2012-05-03,18.6,1.9,0.0
2012-05-04,0.0,102.5,105.7
2012-05-05,82.7,4.5,1.6
2012-05-06,0.0,36.6,36.5
2012-05-07,10.4,0.6,0.0
2012-05-08,0.0,14.9,12.2
2012-05-09,17.1,6.4,3.4
2012-05-10,0.0,0.0,0.0
2012-05-11,0.0,1.8,0.0
2012-05-12,0.0,5.9,3.0
2012-05-13,0.0,0.1,0.0
2012-05-14,0.0,0.0,0.0
2012-05-15,0.0,4.7,1.3
2012-05-16,0.0,0.3,0.0
2012-05-17,0.0,0.7,0.0
2012-05-18,0.0,1.1,0.0
2012-05-19,0.0,0.1,0.0
2012-05-20,0.0,3.6,1.0
2012-05-21,0.0,1.2,0.0
2012-05-22,0.0,27.1,60.5
2012-05-23,0.9,24.4,51.4
2012-05-24,4.2,0.0,0.0
2012-05-25,0.0,0.1,0.0
2012-05-26,0.0,3.1,0.0
2012-05-27,0.0,3.8,1.0
2012-05-28,0.0,1.6,0.0
2012-05-29,0.0,9.3,10.8
2012-05-30,6.5,1.1,0.0
2012-05-31,0.0,4.1,1.0
2012-06-01,0.0,6.4,2.8
2012-06-02,0.0,0.0,0.0
2012-06-03,0.0,2.2,0.0
2012-06-04,2.0,14.3,18.4
2012-06-05,0.0,0.0,0.0
2012-06-06,34.7,1.5,0.0
2012-06-07,0.0,0.0,0.0
2012-06-08,0.0,43.7,52.8
2012-06-09,13.2,11.3,8.2
2012-06-10,0.0,1.5,0.0
2012-06-11,4.1,22.3,30.9
2012-06-12,1.0,1.9,0.0
2012-06-13,0.4,0.0,0.0
2012-06-14,0.0,0.0,0.0
2012-06-15,7.8,0.0,0.0
2012-06-16,3.4,0.0,0.0
2012-06-18,30.0,0.0,0.0
2012-06-20,0.0,0.0,0.0
2012-06-21,0.0,0.0,0.0
2012-06-22,1.3,2.8,1.0
2012-06-23,0.0,0.0,0.0
2012-06-24,0.0,0.0,0.0
2012-06-25,0.0,0.0,0.0
2012-06-26,0.0,0.0,0.0
2012-06-28,0.0,0.0,0.0
2012-06-29,3.4,0.0,0.0
2012-06-30,0.0,0.0,0.0
2012-07-01,0.0,0.2,0.0
2012-07-02,0.0,1.0,0.0
2012-07-03,0.0,27.0,53.8
2012-07-04,0.0,2.5,0.0
2012-07-05,0.0,11.7,14.2
2012-07-06,0.0,0.2,0.0
2012-07-07,0.0,0.0,0.0
2012-07-08,0.0,2.6,0.0
2012-07-09,0.0,1.0,0.0
2012-07-10,0.0,23.8,45.0
2012-07-11,0.0,12.5,10.1
2012-07-12,0.0,4.1,0.0
2012-07-13,0.0,0.6,0.0
2012-07-14,0.0,14.9,23.6
2012-07-15,0.0,4.8,1.0
2012-07-16,0.0,6.5,2.5
2012-07-17,0.0,18.2,27.8
2012-07-18,0.0,11.3,8.4
2012-07-19,0.0,8.6,5.2
2012-07-20,0.0,3.8,0.0
2012-07-21,0.0,0.0,0.0
2012-07-22,0.0,0.0,0.0
2012-07-23,0.0,0.0,0.0
2012-07-24,0.0,0.3,0.0
2012-07-25,0.0,0.1,0.0
2012-07-26,0.0,0.2,0.0
2012-07-27,0.0,0.0,0.0
2012-07-28,0.0,2.9,0.0
2012-07-29,0.0,0.0,0.0
2012-07-30,0.0,0.0,0.0
2012-07-31,0.0,0.1,0.0
2012-08-01,0.0,0.0,0.0
2012-08-02,0.0,0.5,0.0
2012-08-03,0.0,0.4,0.0
2012-08-04,0.0,0.9,0.0
2012-08-05,0.0,0.4,0.0
2012-08-06,0.0,1.1,0.0
2012-08-07,0.0,0.5,0.0
2012-08-08,0.0,0.1,0.0
2012-08-09,0.0,0.0,0.0
2012-08-10,0.0,0.0,0.0
2012-08-11,0.0,2.6,0.0
2012-08-12,0.0,18.8,22.7
2012-08-13,18.5,1.0,0.0
2012-08-14,0.0,0.1,0.0
2012-08-15,0.0,0.0,0.0
2012-08-16,0.0,0.0,0.0
2012-08-17,0.0,0.5,0.0
2012-08-18,0.0,0.2,0.0
2012-08-19,0.0,0.4,0.0
2012-08-20,0.0,0.1,0.0
2012-08-21,0.0,0.0,0.0
2012-08-22,0.0,1.0,0.0
2012-08-23,0.0,0.0,0.0
2012-08-24,0.0,0.3,0.0
2012-08-25,0.0,0.4,0.0
2012-08-26,0.0,6.9,1.9
2012-08-27,0.0,1.2,0.0
2012-08-28,0.0,7.5,2.7
2012-08-29,13.0,3.8,0.0
2012-08-30,0.0,1.4,0.0
2012-08-31,0.0,0.2,0.0
2012-09-01,0.0,1.7,0.0
2012-09-02,0.0,0.1,0.0
2012-09-03,0.0,0.0,0.0
2012-09-04,0.0,0.0,0.0
2012-09-05,0.0,2.5,0.0
2012-09-06,0.0,0.3,0.0
2012-09-07,0.0,0.0,0.0
2012-09-08,0.0,4.2,0.0
2012-09-09,15.2,10.5,7.9
2012-09-10,0.0,0.6,0.0
2012-09-11,3.6,6.2,1.0
2012-09-12,0.0,0.1,0.0
2012-09-13,159.0,0.2,0.0
2012-09-14,0.0,0.0,0.0
2012-09-15,0.0,1.6,0.0
2012-09-16,0.0,2.3,0.0
2012-09-17,0.0,0.0,0.0
2012-09-18,0.0,0.1,0.0
2012-09-19,0.0,3.2,0.0
2012-09-20,0.0,3.4,0.0
2012-09-21,17.2,1.4,0.0
2012-09-22,0.0,0.1,0.0
2012-09-23,0.0,0.0,0.0
2012-09-24,0.0,0.1,0.0
2012-09-25,0.0,0.5,0.0
2012-09-26,0.0,2.9,0.0
2012-09-27,0.0,5.7,1.6
2012-09-28,0.0,1.1,0.0
2012-09-29,0.0,0.9,0.0
2012-09-30,28.0,1.7,0.0
2012-10-01,0.0,0.3,0.0
2012-10-02,0.0,0.1,0.0
2012-10-03,0.0,2.3,0.0
2012-10-04,0.0,31.9,59.3
2012-10-05,38.6,6.6,4.0
2012-10-06,0.0,0.6,0.0
2012-10-07,0.0,4.4,1.0
2012-10-08,0.0,0.1,0.0
2012-10-10,0.0,12.1,13.8
2012-10-11,41.1,24.1,26.9
2012-10-12,0.7,3.3,0.0
2012-10-13,0.0,3.5,1.0
2012-10-14,12.4,12.1,8.6
2012-10-15,0.0,0.2,0.0
2012-10-16,0.0,28.4,36.0
2012-10-17,21.3,32.6,41.9
2012-10-18,16.2,60.5,73.1
2012-10-19,7.1,1.2,0.0
2012-10-20,6.6,2.8,0.0
2012-10-21,0.0,5.9,1.0
2012-10-22,0.0,0.2,0.0
2012-10-23,0.0,0.2,0.0
2012-10-24,0.0,0.3,0.0
2012-10-25,0.0,0.2,0.0
2012-10-26,0.0,14.4,11.9
2012-10-27,11.3,0.5,0.0
2012-10-28,0.0,21.1,30.8
2012-10-29,1.6,17.6,24.7
2012-10-30,23.1,15.6,14.5
2012-10-31,6.5,11.0,7.3
2012-11-01,90.4,0.7,0.0
2012-11-02,0.0,11.0,6.9
2012-11-05,26.4,12.3,8.3
2012-11-06,0.0,0.2,0.0
2012-11-07,5.6,10.7,6.6
2012-11-08,15.8,0.5,0.0
2012-11-09,0.8,16.5,13.2
2012-11-10,0.5,12.4,8.3
2012-11-11,9.7,14.8,9.3
2012-11-12,0.8,1.9,0.0
2012-11-14,12.2,2.4,0.0
2012-11-16,0.0,2.1,0.0
2012-11-17,0.0,11.4,6.1
2012-11-18,9.0,35.1,34.0
2012-11-19,12.0,11.4,6.1
2012-11-20,0.0,1.5,0.0
2012-11-21,0.0,115.1,89.6
2012-11-22,15.8,10.6,6.5
2012-11-23,0.0,3.2,0.0
2012-11-24,24.5,1.0,0.0
2012-11-25,2.2,6.7,2.5
2012-11-27,0.0,13.2,9.2
2012-11-28,0.0,60.5,78.6
2012-11-29,3.7,2.0,0.0
2012-11-30,0.0,1.0,0.0
2012-12-01,0.0,26.7,41.2
2012-12-02,1.0,11.7,8.1
2012-12-03,3.8,3.0,0.0
2012-12-04,0.0,20.0,27.8
2012-12-05,0.0,4.7,0.0
2012-12-06,0.0,9.0,4.5
2012-12-08,0.0,2.0,0.0
2012-12-09,0.0,0.0,0.0
2012-12-10,0.0,8.1,3.4
2012-12-11,8.0,13.0,9.9
2012-12-12,0.5,15.6,13.0
2012-12-13,2.6,7.2,3.3
2012-12-14,0.0,0.9,0.0
2012-12-15,0.0,17.7,21.2
2012-12-16,7.9,38.7,52.2
2012-12-17,26.1,9.6,6.0
2012-12-18,10.4,2.2,0.0
2012-12-19,0.4,0.8,0.0
2012-12-20,0.0,7.2,3.3
2012-12-22,2.1,0.1,0.0
2012-12-23,7.1,15.1,12.2
2012-12-24,1.5,56.8,67.1
2012-12-25,20.0,3.7,1.0
2012-12-26,0.0,2.9,0.0
2012-12-27,0.0,1.1,0.0
2012-12-28,0.0,3.1,0.0
2012-12-29,18.7,1.6,0.0
2012-12-30,0.0,28.1,27.0
2012-12-31,34.2,23.9,22.7
2013-01-01,18.0,4.7,1.0
2013-01-02,0.0,2.4,0.0
2013-01-03,0.0,11.6,8.3
2013-01-04,15.0,12.7,9.4
2013-01-05,0.0,1.4,0.0
2013-01-06,0.0,6.2,2.4
2013-01-07,0.0,2.2,0.0
2013-01-08,0.0,1.3,0.0
2013-01-09,1.2,5.9,2.2
2013-01-10,0.0,14.1,15.4
2013-01-11,0.2,0.6,0.0
2013-01-12,0.0,1.7,0.0
2013-01-13,0.0,2.0,0.0
2013-01-14,0.0,2.9,1.0
2013-01-15,0.5,4.1,1.7
2013-01-16,0.4,0.2,0.0
2013-01-17,0.0,0.0,0.0
2013-01-18,3.0,1.9,0.0
2013-01-19,3.7,0.0,0.0
2013-01-20,0.0,5.1,2.7
2013-01-21,0.0,0.8,0.0
2013-01-22,21.0,1.1,0.0
2013-01-23,3.8,5.0,3.6
2013-01-24,1.2,11.5,10.6
2013-01-25,1.7,10.8,9.7
2013-01-26,6.6,0.1,0.0
2013-01-28,70.7,21.4,21.1
2013-01-30,20.1,0.1,0.0
2013-01-31,9.5,1.7,1.0
2013-02-01,1.4,4.1,2.6
2013-02-02,31.5,0.3,0.0
2013-02-03,4.6,0.0,0.0
2013-02-05,17.7,7.5,7.0
2013-02-06,32.7,3.3,1.6
2013-02-09,16.4,4.4,3.0
2013-02-10,15.5,4.9,3.7
2013-02-12,0.0,2.1,0.0
2013-02-13,22.6,18.8,23.2
2013-02-14,70.1,10.6,11.1
2013-02-15,1.0,14.0,15.4
2013-02-16,31.0,5.6,5.0
2013-02-17,11.6,1.9,0.0
2013-02-19,26.7,0.5,0.0
2013-02-20,0.0,5.9,5.4
2013-02-21,0.0,10.2,8.4
2013-02-22,0.0,4.7,1.4
2013-02-23,0.0,1.1,0.0
2013-02-24,0.0,2.5,0.0
2013-02-25,0.0,0.0,0.0
2013-02-26,0.0,0.4,0.0
2013-02-27,0.0,1.2,0.0
2013-02-28,3.0,0.0,0.0
2013-03-01,0.0,0.4,0.0
2013-03-02,0.0,0.3,0.0
2013-03-03,0.0,3.6,0.0
2013-03-04,0.0,6.0,1.0
2013-03-05,0.0,0.6,0.0
2013-03-06,0.0,0.7,0.0
2013-03-07,0.0,1.1,0.0
2013-03-08,14.9,2.7,0.0
2013-03-09,44.2,41.9,59.2
2013-03-10,22.4,8.4,2.3
2013-03-12,28.7,0.7,0.0
2013-03-13,0.0,0.4,0.0
2013-03-14,0.0,48.2,59.6
2013-03-15,22.9,11.1,5.7
2013-03-16,70.8,2.9,0.0
2013-03-17,2.5,19.7,14.4
2013-03-18,55.0,6.6,1.6
2013-03-19,1.0,22.0,23.7
2013-03-20,43.0,10.1,4.8
2013-03-21,5.0,32.1,35.0
2013-03-22,0.5,3.8,0.0
2013-03-23,6.3,0.1,0.0
2013-03-24,0.0,100.5,78.7
2013-03-25,45.8,2.4,0.0
2013-03-26,0.0,0.2,0.0
2013-03-27,0.0,44.3,50.1
2013-03-28,14.5,2.0,0.0
2013-03-29,0.0,26.7,28.6
2013-03-30,1.2,1.1,0.0
2013-03-31,15.0,0.3,0.0
2013-04-01,24.9,17.1,16.8
2013-04-02,2.4,10.5,7.7
2013-04-03,5.8,7.4,3.8
2013-04-04,0.8,12.5,10.4
2013-04-05,3.5,3.5,0.0
2013-04-06,0.0,22.8,33.9
2013-04-07,14.8,1.1,0.0
2013-04-08,0.0,0.0,0.0
2013-04-09,0.0,6.6,2.8
2013-04-10,19.1,1.1,0.0
2013-04-11,0.0,2.1,0.0
2013-04-12,0.0,0.1,0.0
2013-04-13,0.0,12.2,9.4
2013-04-14,1.8,1.1,0.0
2013-04-15,0.0,12.4,9.4
2013-04-16,63.0,5.9,2.4
2013-04-17,1.0,7.1,3.6
2013-04-18,1.6,6.0,2.5
2013-04-19,9.2,0.0,0.0
2013-04-20,0.0,1.0,0.0
2013-04-21,0.8,7.7,5.0
2013-04-22,37.0,0.6,0.0
2013-04-23,0.7,0.0,0.0
2013-04-24,0.0,0.5,0.0
2013-04-25,0.0,7.0,4.2
2013-04-26,11.1,2.4,0.0
2013-04-27,47.6,4.4,1.3
2013-04-28,35.2,7.0,4.2
2013-04-29,23.3,0.0,0.0
2013-04-30,0.0,1.3,0.0
2013-05-01,14.0,0.3,0.0
2013-05-03,21.0,4.6,1.7
2013-05-04,2.0,2.0,0.0
2013-05-05,2.0,20.3,17.1
2013-05-06,15.0,0.0,0.0
2013-05-07,4.0,3.7,1.0
2013-05-10,1.0,14.7,11.7
2013-05-11,4.0,11.8,19.6
2013-05-12,2.0,2.4,0.0
2013-05-14,0.0,1.9,0.0
2013-05-15,4.0,4.0,1.0
2013-05-17,0.0,0.1,0.0
2013-05-18,0.0,1.5,0.0
2013-05-19,30.0,9.7,9.2
2013-05-20,20.0,4.7,1.4
2013-05-21,5.0,5.3,2.6
2013-05-22,19.0,4.9,2.0
2013-05-23,2.0,0.0,0.0
2013-05-24,0.0,45.3,109.8
2013-05-25,72.0,0.1,0.0
2013-05-26,0.0,26.2,57.2
2013-05-27,10.0,9.4,9.2
2013-05-28,2.0,2.0,0.0
2013-05-29,12.0,3.8,1.0
2013-05-30,0.0,0.1,0.0
2013-05-31,0.0,0.0,0.0
2013-06-01,0.0,0.0,0.0
2013-06-02,0.0,0.3,0.0
2013-06-03,0.0,6.6,3.0
2013-06-04,8.0,0.6,0.0
2013-06-05,0.0,1.4,0.0
2013-06-06,0.0,0.3,0.0
2013-06-07,0.0,10.5,7.3
2013-06-08,0.0,81.6,55.3
2013-06-09,34.6,14.7,19.5
2013-06-10,0.1,16.3,24.9
2013-06-11,7.7,1.6,0.0
2013-06-12,0.0,0.3,0.0
2013-06-13,0.0,0.1,0.0
2013-06-14,0.0,0.3,0.0
2013-06-15,0.0,1.0,0.0
2013-06-16,0.0,9.2,7.9
2013-06-17,4.8,1.3,0.0
2013-06-18,0.0,0.0,0.0
2013-06-19,0.0,0.0,0.0
2013-06-20,0.0,0.0,0.0
2013-06-21,0.0,0.0,0.0
2013-06-22,0.0,0.0,0.0
2013-06-23,0.0,0.0,0.0
2013-06-24,0.0,0.0,0.0
2013-06-25,0.0,1.4,0.0
2013-06-26,6.8,0.0,0.0
2013-06-27,0.0,0.0,0.0
2013-06-28,0.0,7.1,8.0
2013-06-29,16.4,1.2,0.0
2013-06-30,14.0,2.4,1.0
2013-07-01,7.0,0.2,0.0
2013-07-02,0.0,12.0,15.5
2013-07-03,2.0,0.2,0.0
2013-07-04,0.0,23.8,46.1
2013-07-05,25.0,1.3,0.0
2013-07-06,0.0,0.4,0.0
2013-07-07,0.0,0.0,0.0
2013-07-08,0.0,4.8,2.1
2013-07-09,0.6,10.9,12.9
2013-07-10,2.6,0.0,0.0
2013-07-11,0.0,1.7,0.0
2013-07-12,11.0,8.6,5.2
2013-07-13,0.7,1.2,0.0
2013-07-14,0.0,57.1,79.6
2013-07-15,23.9,3.2,0.0
2013-07-16,0.0,3.2,0.0
2013-07-17,0.9,6.6,2.6
2013-07-18,0.0,4.9,1.0
2013-07-19,0.0,0.5,0.0
2013-07-20,0.0,0.0,0.0
2013-07-21,0.0,0.5,0.0
2013-07-22,3.2,0.1,0.0
2013-07-23,0.0,0.0,0.0
2013-07-24,0.0,19.3,27.2
2013-07-25,8.7,16.9,17.1
2013-07-26,1.2,0.0,0.0
2013-07-27,0.0,5.5,1.2
2013-07-28,1.0,13.7,12.8
2013-07-29,19.2,9.4,5.9
2013-07-31,67.0,9.2,6.9
2013-08-01,78.0,14.6,15.9
2013-08-02,34.0,0.5,0.0
2013-08-03,0.0,0.1,0.0
2013-08-04,0.0,0.9,0.0
2013-08-05,0.0,9.0,7.2
2013-08-06,1.6,0.6,0.0
2013-08-07,0.0,0.6,0.0
2013-08-08,3.5,2.2,0.0
2013-08-09,0.0,0.0,0.0
2013-08-10,0.0,24.9,30.2
2013-08-11,2.7,1.1,0.0
2013-08-12,0.7,0.2,0.0
2013-08-14,0.2,0.1,0.0
2013-08-15,0.0,0.3,0.0
2013-08-16,0.0,0.0,0.0
2013-08-17,0.1,0.4,0.0
2013-08-18,2.5,0.3,0.0
2013-08-19,0.0,0.9,0.0
2013-08-20,3.1,0.1,0.0
2013-08-21,0.0,0.1,0.0
2013-08-22,0.0,0.0,0.0
2013-08-23,0.0,0.0,0.0
2013-08-24,0.0,0.0,0.0
2013-08-25,0.0,0.0,0.0
2013-08-26,0.0,0.0,0.0
2013-08-27,0.0,0.0,0.0
2013-08-28,0.0,0.5,0.0
2013-08-29,0.0,0.9,0.0
2013-08-30,0.0,5.0,1.0
2013-08-31,25.3,1.6,0.0
2013-09-02,0.0,0.3,0.0
2013-09-04,4.7,8.6,6.5
2013-09-05,32.4,55.7,81.5
2013-09-06,16.1,11.2,8.4
2013-09-07,85.3,6.4,2.0
2013-09-08,0.0,13.8,12.4
2013-09-09,32.0,1.8,0.0
2013-09-10,1.6,14.1,12.3
2013-09-11,1.4,6.8,1.6
2013-09-13,0.0,0.4,0.0
2013-09-14,0.0,1.5,0.0
2013-09-15,8.0,0.4,0.0
2013-09-16,0.0,8.4,3.6
2013-09-17,4.2,18.8,28.1
2013-09-18,32.7,0.5,0.0
2013-09-19,0.0,2.1,0.0
2013-09-20,0.0,0.6,0.0
2013-09-21,0.0,0.3,0.0
2013-09-22,0.0,0.2,0.0
2013-09-23,0.0,0.0,0.0
2013-09-24,0.0,0.0,0.0
2013-09-25,0.0,0.3,0.0
2013-09-26,0.0,0.1,0.0
2013-09-27,0.0,0.2,0.0
2013-09-28,0.0,11.4,9.9
2013-09-29,5.6,1.4,0.0
2013-09-30,0.0,0.6,0.0
2013-10-01,0.0,0.2,0.0
2013-10-04,0.0,0.9,0.0
2013-10-05,0.0,2.6,0.0
2013-10-08,6.4,3.5,0.0
2013-10-09,0.1,0.0,0.0
2013-10-10,0.0,0.0,0.0
2013-10-11,0.0,2.6,0.0
2013-10-12,0.0,5.2,1.6
2013-10-13,28.0,24.1,27.3
2013-10-14,27.6,14.0,10.7
2013-10-15,6.3,16.3,13.7
2013-10-16,7.2,0.0,0.0
2013-10-17,0.0,9.3,5.7
2013-10-18,28.8,3.6,1.0
2013-10-19,9.5,1.6,0.0
2013-10-21,4.6,0.5,0.0
2013-10-22,0.2,1.7,0.0
2013-10-23,0.0,6.9,2.2
2013-10-24,2.0,0.6,0.0
2013-10-25,0.0,0.1,0.0
2013-10-26,0.0,0.0,0.0
2013-10-27,0.0,20.6,29.9
2013-10-28,2.8,3.7,0.0
2013-10-29,0.0,23.5,34.4
2013-10-30,13.8,3.0,0.0
2013-10-31,0.2,6.1,1.3
2013-11-01,1.4,24.3,29.0
2013-11-02,1.4,0.2,0.0
2013-11-03,0.0,2.4,0.0
2013-11-04,3.3,12.6,8.6
2013-11-05,2.4,11.9,7.8
2013-11-06,9.4,0.6,0.0
2013-11-07,0.0,0.8,0.0
2013-11-08,0.0,21.6,23.2
2013-11-09,43.3,8.7,4.5
2013-11-10,52.2,10.4,6.3
2013-11-11,4.6,19.7,14.5
2013-11-12,2.4,11.1,5.9
2013-11-13,11.6,63.3,61.1
2013-11-14,25.2,32.2,30.5
2013-11-15,10.0,20.5,14.9
2013-11-16,3.4,10.3,5.1
2013-11-17,2.6,3.3,0.0
2013-11-19,17.6,22.0,16.2
2013-11-20,7.4,1.9,0.0
2013-11-21,0.0,0.9,0.0
2013-11-22,0.0,10.9,6.7
2013-11-23,0.0,3.1,0.0
2013-11-24,0.0,6.5,2.2
2013-11-25,7.7,1.9,0.0
2013-11-26,5.0,0.1,0.0
2013-11-27,0.0,42.1,49.4
2013-11-28,32.6,0.0,0.0
2013-11-29,0.0,0.6,0.0
2013-11-30,0.0,4.8,1.0
2013-12-01,0.4,18.2,24.1
2013-12-02,1.8,19.1,27.1
2013-12-03,4.9,5.7,1.0
2013-12-04,0.0,0.0,0.0
2013-12-05,0.0,32.2,50.4
2013-12-06,11.3,16.9,16.3
2013-12-07,0.7,27.6,43.4
2013-12-08,82.0,10.8,6.9
2013-12-09,0.3,17.6,17.5
2013-12-10,4.4,4.5,0.0
2013-12-11,2.7,19.3,22.0
2013-12-12,3.6,13.7,10.7
2013-12-13,2.7,21.2,24.7
2013-12-14,7.0,1.4,0.0
2013-12-15,0.0,20.1,23.1
2013-12-16,25.1,15.1,12.4
2013-12-17,0.8,1.2,0.0
2013-12-18,0.0,6.0,2.0
2013-12-20,9.6,4.6,1.0
2013-12-22,0.0,5.8,1.8
2013-12-23,0.0,2.7,0.0
2013-12-24,0.0,4.2,1.0
2013-12-25,12.1,4.4,1.0
2013-12-26,1.8,4.2,1.0
2013-12-27,0.9,6.9,2.8
2013-12-28,10.2,5.4,1.5
2013-12-29,1.4,7.3,3.2
2013-12-30,2.0,4.5,1.0
2013-12-31,2.2,14.3,9.8
2014-01-02,0.8,2.9,0.0
2014-01-03,12.3,14.0,15.4
2014-01-04,4.1,26.7,37.2
2014-01-05,27.9,0.0,0.0
2014-01-06,7.4,8.9,5.4
2014-01-07,10.2,0.1,0.0
2014-01-09,1.2,5.1,1.3
2014-01-12,0.4,12.5,10.6
2014-01-13,13.0,7.4,5.1
2014-01-14,9.6,0.0,0.0
2014-01-16,14.7,0.0,0.0
2014-01-19,0.0,0.5,0.0
2014-01-20,0.0,0.0,0.0
2014-01-21,0.0,2.5,1.1
2014-01-22,0.0,0.0,0.0
2014-01-23,0.0,0.4,0.0
2014-01-24,4.2,0.0,0.0
2014-01-25,0.0,0.0,0.0
2014-01-26,0.2,0.0,0.0
2014-01-27,0.0,0.0,0.0
2014-01-28,0.0,0.0,0.0
2014-01-30,0.0,0.0,0.0
2014-01-31,0.0,0.0,0.0
2014-02-01,0.0,0.0,0.0
2014-02-02,0.0,0.0,0.0
2014-02-03,0.0,0.0,0.0
2014-02-04,0.0,0.0,0.0
2014-02-05,0.0,0.0,0.0
2014-02-06,0.0,0.6,0.0
2014-02-07,0.0,0.4,0.0
2014-02-09,0.0,0.1,0.0
2014-02-10,0.0,1.1,0.0
2014-02-11,0.0,0.0,0.0
2014-02-12,0.0,0.2,0.0
2014-02-13,0.0,0.0,0.0
2014-02-14,0.0,0.0,0.0
2014-02-15,0.0,0.1,0.0
2014-02-16,0.0,0.0,0.0
2014-02-17,0.0,4.1,2.9
2014-02-18,0.0,0.1,0.0
2014-02-19,0.0,0.4,0.0
2014-02-20,0.0,0.0,0.0
2014-02-22,9.8,0.8,0.0
2014-02-23,7.0,0.0,0.0
2014-02-24,0.0,0.0,0.0
2014-02-25,0.0,0.0,0.0
2014-02-26,0.0,0.0,0.0
2014-02-27,0.0,0.0,0.0
2014-02-28,0.0,0.0,0.0
2014-03-01,0.0,0.0,0.0
2014-03-02,0.0,3.5,0.0
2014-03-03,0.0,3.4,0.0
2014-03-05,0.0,0.1,0.0
2014-03-06,0.0,0.0,0.0
2014-03-07,0.0,0.0,0.0
2014-03-08,0.0,0.0,0.0
2014-03-09,0.0,0.0,0.0
2014-03-10,0.0,0.0,0.0
2014-03-11,0.0,0.0,0.0
2014-03-12,0.0,1.8,0.0
2014-03-14,0.0,0.0,0.0
2014-03-15,0.0,0.0,0.0
2014-03-16,0.0,5.8,1.0
2014-03-17,0.0,18.4,12.8
2014-03-18,22.0,9.0,3.7
2014-03-19,16.9,3.5,0.0
2014-03-20,0.0,20.7,21.2
2014-03-21,9.4,47.1,53.1
2014-03-22,42.0,0.7,0.0
2014-03-23,0.0,0.0,0.0
2014-03-24,0.0,0.1,0.0
2014-03-25,0.0,0.4,0.0
2014-03-26,0.0,2.9,0.0
2014-03-27,0.0,0.9,0.0
2014-03-28,0.0,2.1,0.0
2014-03-29,28.5,17.8,10.6
2014-03-30,1.0,3.6,0.0
2014-04-01,1.0,13.6,12.0
2014-04-02,8.5,0.7,0.0
2014-04-03,0.0,8.8,5.5
2014-04-04,13.2,12.9,11.0
2014-04-05,5.8,16.5,16.4
2014-04-06,3.9,48.6,80.5
2014-04-07,18.9,11.1,8.4
2014-04-08,0.9,0.1,0.0
2014-04-09,0.0,60.2,92.9
2014-04-10,37.0,15.4,14.6
2014-04-11,2.3,12.9,10.3
2014-04-12,8.2,52.3,64.3
2014-04-13,37.9,6.7,3.1
2014-04-14,1.1,6.5,3.0
2014-04-15,0.8,7.8,4.4
2014-04-16,18.0,0.0,0.0
2014-04-17,0.0,21.6,30.9
2014-04-18,19.5,1.1,0.0
2014-04-19,1.2,1.3,0.0
2014-04-20,1.1,13.8,11.1
2014-04-21,13.3,3.3,1.0
2014-04-22,9.2,1.4,0.0
2014-04-23,0.0,2.9,0.0
2014-04-24,8.0,0.9,0.0
2014-04-25,0.0,0.8,0.0
2014-04-26,2.6,59.0,70.4
2014-04-27,5.8,6.0,3.0
2014-04-28,2.4,0.1,0.0
2014-04-29,1.2,4.3,1.2
2014-04-30,1.9,0.4,0.0
2014-05-01,0.0,5.8,2.8
2014-05-02,3.5,5.1,2.2
2014-05-03,0.0,1.6,0.0
2014-05-05,0.4,0.0,0.0
2014-05-06,11.2,0.1,0.0
2014-05-07,3.0,10.4,7.4
2014-05-08,2.2,0.5,0.0
2014-05-09,0.0,1.1,0.0
2014-05-10,8.5,5.4,2.5
2014-05-11,22.5,1.8,0.0
2014-05-12,13.1,3.2,0.0
2014-05-13,9.4,0.3,0.0
2014-05-14,1.9,0.5,0.0
2014-05-15,0.0,0.5,0.0
2014-05-16,0.0,8.3,6.9
2014-05-17,2.1,10.1,10.5
2014-05-18,2.3,16.5,37.3
2014-05-19,9.8,1.3,0.0
2014-05-20,0.0,2.8,0.0
2014-05-21,0.0,0.0,0.0
2014-05-22,0.0,2.1,0.0
2014-05-23,13.8,5.0,2.2
2014-05-24,10.6,0.0,0.0
2014-05-25,2.8,0.5,0.0
2014-05-26,0.0,6.6,4.6
2014-05-27,34.0,18.8,35.3
2014-05-28,39.6,1.1,0.0
2014-05-29,20.3,5.0,2.2
2014-05-31,9.0,0.1,0.0
2014-06-01,0.8,0.1,0.0
2014-06-02,7.2,2.0,0.0
2014-06-03,16.5,0.0,0.0
2014-06-04,0.0,1.8,0.0
2014-06-05,0.3,11.5,8.8
2014-06-06,9.3,0.6,0.0
2014-06-07,0.0,0.4,0.0
2014-06-08,0.0,0.0,0.0
2014-06-09,0.0,2.1,0.0
2014-06-10,10.7,1.8,0.0
2014-06-11,0.0,0.0,0.0
2014-06-12,0.0,13.6,12.9
2014-06-13,11.5,31.4,50.3
2014-06-14,23.8,13.6,12.2
2014-06-15,0.9,5.6,2.3
2014-06-17,0.0,0.3,0.0
2014-06-18,10.1,24.9,37.0
2014-06-19,14.6,0.1,0.0
2014-06-20,0.0,0.0,0.0
2014-06-21,0.0,0.0,0.0
2014-06-22,0.0,0.6,0.0
2014-06-23,0.0,3.3,2.1
2014-06-24,0.0,1.7,0.0
2014-06-25,0.0,0.0,0.0
2014-06-26,0.0,15.5,33.6
2014-06-27,0.0,28.0,61.9
2014-06-28,22.4,1.9,0.0
2014-06-29,0.0,6.1,6.9
2014-06-30,0.0,4.9,4.7
2014-07-01,2.7,0.0,0.0
2014-07-02,0.0,0.0,0.0
2014-07-03,0.0,1.0,0.0
2014-07-04,0.0,0.3,0.0
2014-07-05,0.0,4.8,2.1
2014-07-06,10.8,0.4,0.0
2014-07-07,10.8,4.9,2.3
2014-07-08,0.3,10.5,12.0
2014-07-09,1.8,0.6,0.0
2014-07-11,0.0,0.2,0.0
2014-07-12,0.0,48.9,78.2
2014-07-13,62.2,3.6,0.0
2014-07-14,0.0,6.3,2.2
2014-07-16,0.0,1.6,0.0
2014-07-17,0.4,99.1,78.9
2014-07-18,45.3,13.0,11.0
2014-07-19,20.0,11.3,9.0
2014-07-20,1.1,0.5,0.0
2014-07-21,1.1,0.0,0.0
2014-07-22,0.0,0.2,0.0
2014-07-23,0.0,0.5,0.0
2014-07-24,0.0,0.0,0.0
2014-07-25,0.0,0.0,0.0
2014-07-26,0.0,0.0,0.0
2014-07-27,0.0,0.0,0.0
2014-07-28,0.0,0.0,0.0
2014-07-29,0.0,0.1,0.0
2014-07-30,0.0,26.3,40.1
2014-07-31,48.0,7.0,3.3
2014-08-01,2.6,0.9,0.0
2014-08-02,0.0,0.0,0.0
2014-08-03,0.0,2.3,0.0
2014-08-04,7.0,0.4,0.0
2014-08-06,12.7,1.0,0.0
2014-08-07,0.0,12.1,11.3
2014-08-08,17.7,5.1,1.3
2014-08-09,3.8,2.4,0.0
2014-08-10,1.2,32.8,43.2
2014-08-11,14.6,1.2,0.0
2014-08-12,0.0,16.8,15.2
2014-08-13,28.2,9.0,5.5
2014-08-14,1.2,0.4,0.0
2014-08-16,0.0,0.5,0.0
2014-08-17,0.0,0.3,0.0
2014-08-18,0.0,5.1,1.0
2014-08-19,3.6,1.9,0.0
2014-08-20,1.5,3.1,0.0
2014-08-21,0.0,6.9,1.9
2014-08-22,6.6,0.4,0.0
2014-08-24,45.0,1.4,0.0
2014-08-26,0.0,15.1,14.2
2014-08-27,24.7,6.9,1.9
2014-08-28,0.0,15.3,14.4
2014-08-29,4.3,2.5,0.0
2014-08-30,0.0,1.0,0.0
2014-08-31,0.0,0.0,0.0
2014-09-01,0.0,2.2,0.0
2014-09-02,0.0,0.4,0.0
2014-09-03,0.0,0.1,0.0
2014-09-04,0.0,0.0,0.0
2014-09-05,0.0,10.6,7.5
2014-09-07,2.4,1.9,0.0
2014-09-08,0.0,5.1,1.0
2014-09-09,0.2,2.3,0.0
2014-09-10,0.5,0.0,0.0
2014-09-11,0.0,0.8,0.0
2014-09-12,0.0,0.4,0.0
2014-09-13,0.0,2.6,0.0
2014-09-14,0.0,1.3,0.0
2014-09-15,0.0,0.0,0.0
2014-09-16,0.0,0.8,0.0
2014-09-17,0.0,1.7,0.0
2014-09-18,0.0,2.8,0.0
2014-09-19,2.4,17.2,16.2
2014-09-20,38.9,17.1,16.8
2014-09-21,10.6,1.1,0.0
2014-09-22,0.0,0.8,0.0
2014-09-23,0.0,0.7,0.0
2014-09-24,0.0,39.4,64.8
2014-09-25,72.5,4.0,0.0
2014-09-26,3.4,0.0,0.0
2014-09-27,0.0,0.0,0.0
2014-09-28,0.0,0.0,0.0
2014-09-29,0.0,0.8,0.0
2014-09-30,0.0,2.9,0.0
2014-10-01,0.0,1.0,0.0
2014-10-02,0.0,0.0,0.0
2014-10-03,0.0,1.0,0.0
2014-10-04,0.0,4.5,1.0
2014-10-05,1.1,3.2,0.0
2014-10-06,0.0,8.1,6.4
2014-10-07,0.0,2.6,0.0
2014-10-08,0.0,2.9,0.0
2014-10-09,0.0,1.2,0.0
2014-10-10,0.0,2.8,0.0
2014-10-11,0.0,0.9,0.0
2014-10-12,0.0,3.3,0.0
2014-10-13,0.0,18.9,15.6
2014-10-14,33.7,0.4,0.0
2014-10-15,0.0,1.6,0.0
2014-10-16,0.0,22.2,23.3
2014-10-17,12.2,12.6,9.2
2014-10-18,0.5,2.4,0.0
2014-10-19,0.0,28.6,34.6
2014-10-20,52.7,21.7,22.6
2014-10-21,12.0,7.6,3.0
2014-10-22,5.1,13.7,10.9
2014-10-23,0.0,0.4,0.0
2014-10-24,0.0,0.0,0.0
2014-10-25,7.2,17.1,15.4
2014-10-26,8.8,4.4,0.0
2014-10-27,4.0,1.6,0.0
2014-10-28,0.0,1.3,0.0
2014-10-29,1.0,6.0,1.2
2014-10-30,0.0,2.6,0.0
2014-10-31,6.9,12.7,9.7
2014-11-01,0.7,0.3,0.0
2014-11-02,0.0,0.0,0.0
2014-11-03,0.0,0.0,0.0
2014-11-04,0.0,0.0,0.0
2014-11-05,0.0,4.2,1.0
2014-11-06,26.1,7.0,2.8
2014-11-07,0.0,5.2,1.1
2014-11-08,6.7,31.0,39.8
2014-11-09,35.0,4.1,1.0
2014-11-10,2.0,0.5,0.0
2014-11-11,0.0,6.1,1.2
2014-11-12,9.6,7.4,2.4
2014-11-13,0.0,19.1,13.4
2014-11-14,13.0,48.5,47.1
2014-11-15,46.8,4.8,0.0
2014-11-16,5.5,17.4,11.7
2014-11-17,6.3,54.6,53.3
2014-11-18,44.2,6.4,1.5
2014-11-19,0.2,1.0,0.0
2014-11-20,0.0,12.8,7.4
2014-11-21,3.0,2.1,0.0
2014-11-22,10.3,12.3,8.3
2014-11-23,1.2,8.4,4.1
2014-11-24,1.2,12.8,8.8
2014-11-25,0.3,0.8,0.0
2014-11-26,0.4,23.7,24.2
2014-11-27,15.1,25.4,26.1
2014-11-28,9.2,8.3,4.0
2014-11-29,8.7,3.4,0.0
2014-11-30,0.8,9.0,4.7
2014-12-01,4.5,8.9,4.4
2014-12-02,0.0,3.8,0.0
2014-12-03,0.0,13.8,10.9
2014-12-04,0.0,35.3,54.2
2014-12-05,0.8,2.0,0.0
2014-12-06,0.0,16.0,13.6
2014-12-07,19.2,9.8,5.6
2014-12-08,11.2,0.7,0.0
2014-12-09,0.0,29.8,45.4
2014-12-10,24.7,7.2,2.3
2014-12-11,4.6,0.4,0.0
2014-12-12,0.0,3.4,0.0
2014-12-13,8.4,2.2,0.0
2014-12-14,0.0,0.7,0.0
2014-12-15,0.0,30.5,37.9
2014-12-16,32.0,2.9,0.0
2014-12-17,0.0,24.2,28.3
2014-12-18,23.2,27.1,32.7
2014-12-19,53.2,21.4,24.9
2014-12-20,2.4,0.5,0.0
2014-12-21,8.0,2.2,0.0
2014-12-22,1.6,10.4,6.1
2014-12-23,0.0,2.1,0.0
2014-12-24,0.0,4.0,1.0
2014-12-25,6.8,28.4,29.4
2014-12-26,50.3,5.4,1.4
2014-12-27,0.0,27.0,26.0
2014-12-28,13.3,4.0,1.0
2014-12-29,0.0,12.6,8.1
2014-12-31,0.0,20.2,15.9
2015-01-01,15.0,10.7,7.3
2015-01-02,0.2,0.5,0.0
2015-01-03,0.3,0.2,0.0
2015-01-04,0.0,5.1,1.3
2015-01-05,32.0,0.6,0.0
2015-01-06,0.0,6.7,3.0
2015-01-07,0.8,0.7,0.0
2015-01-08,0.0,13.0,10.3
2015-01-09,0.0,1.2,0.0
2015-01-10,0.0,7.3,3.7
2015-01-12,0.0,0.0,0.0
2015-01-13,0.0,0.0,0.0
2015-01-14,9.3,5.9,3.5
2015-01-15,18.7,0.0,0.0
2015-01-16,0.0,0.0,0.0
2015-01-17,0.0,0.0,0.0
2015-01-18,0.0,0.0,0.0
2015-01-20,0.0,0.1,0.0
2015-01-21,0.0,2.5,1.1
2015-01-22,0.0,0.0,0.0
2015-01-24,13.8,5.5,4.0
2015-01-25,3.4,44.7,58.1
2015-01-26,19.5,1.2,0.0
2015-01-27,4.6,0.1,0.0
2015-01-28,6.5,0.0,0.0
2015-01-29,0.0,1.9,1.0
2015-01-30,1.6,19.2,19.0
2015-01-31,4.8,3.0,1.6
2015-02-01,15.4,0.0,0.0
2015-02-04,0.0,0.0,0.0
2015-02-06,23.5,2.6,1.0
2015-02-07,26.5,0.1,0.0
2015-02-08,11.4,0.0,0.0
2015-02-09,1.8,0.1,0.0
2015-02-10,15.0,0.1,0.0
2015-02-11,0.2,0.0,0.0
2015-02-12,0.0,0.0,0.0
2015-02-16,0.0,0.7,0.0
2015-02-17,0.0,9.2,9.5
2015-02-19,25.0,1.5,0.0
2015-02-20,0.0,1.8,0.0
2015-02-24,0.3,0.0,0.0
2015-02-26,11.8,2.8,0.0
2015-02-28,0.0,0.0,0.0
2015-03-01,0.0,4.2,0.0
2015-03-02,10.4,8.9,2.9
2015-03-03,17.4,0.0,0.0
2015-03-05,5.5,5.8,1.0
2015-03-06,18.8,2.7,0.0
2015-03-07,0.0,0.2,0.0
2015-03-08,0.6,0.8,0.0
2015-03-11,48.8,4.4,0.0
2015-03-12,11.3,11.8,6.4
2015-03-14,0.0,4.3,0.0
2015-03-15,17.1,46.4,57.1
2015-03-16,25.9,1.1,0.0
2015-03-17,3.7,1.5,0.0
2015-03-19,11.4,1.3,0.0
2015-03-21,19.4,13.7,6.9
2015-03-25,38.0,1.6,0.0
2015-03-26,18.5,13.3,6.6
2015-03-28,4.8,23.6,22.2
2015-03-29,28.5,4.8,0.0
2015-04-01,0.8,1.0,0.0
2015-04-03,31.0,0.4,0.0
2015-04-04,0.0,16.2,16.7
2015-04-05,32.6,18.0,18.9
2015-04-06,9.0,0.0,0.0
2015-04-10,1.0,0.1,0.0
2015-04-11,0.0,0.0,0.0
2015-04-12,0.0,8.7,5.3
2015-04-13,0.5,0.5,0.0
2015-04-15,0.8,15.5,12.8
2015-04-16,15.9,31.3,44.2
2015-04-18,0.3,25.6,38.0
2015-04-19,8.1,5.5,2.0
2015-04-20,0.4,2.0,0.0
2015-04-21,2.2,2.2,0.0
2015-04-22,2.3,18.4,25.1
2015-04-24,9.9,40.9,59.3
2015-04-25,22.5,19.3,27.2
2015-04-26,9.0,6.2,3.2
2015-04-27,2.1,2.2,0.0
2015-04-30,9.1,1.3,0.0
2015-05-01,8.7,8.1,5.0
2015-05-02,2.2,16.9,14.5
2015-05-03,5.6,9.3,6.3
2015-05-04,0.3,1.1,0.0
2015-05-06,45.5,1.5,0.0
2015-05-09,78.9,0.0,0.0
2015-05-10,0.0,0.0,0.0
2015-05-14,6.2,2.6,0.0
2015-05-15,0.2,10.5,10.5
2015-05-16,0.2,0.0,0.0
2015-05-17,0.3,11.2,11.4
2015-05-18,51.0,0.5,0.0
2015-05-23,0.0,0.0,0.0
2015-05-24,0.0,0.0,0.0
2015-05-30,0.0,0.0,0.0
2015-05-31,0.0,0.5,0.0
2015-06-03,83.0,0.0,0.0
2015-06-05,8.4,9.5,6.2
2015-06-06,0.0,6.8,3.1
2015-06-07,1.2,0.6,0.0
2015-06-08,1.7,1.1,0.0
2015-06-09,2.1,8.2,4.8
2015-06-10,1.8,2.0,0.0
2015-06-12,3.8,3.9,1.0
2015-06-13,0.4,5.6,2.3
2015-06-14,0.0,12.6,11.2
2015-06-15,0.9,0.0,0.0
2015-06-20,0.0,1.3,0.0
2015-06-21,0.0,0.0,0.0
2015-06-26,0.0,0.0,0.0
2015-06-27,0.0,0.0,0.0
2015-07-03,0.0,0.0,0.0
2015-07-05,0.0,0.0,0.0
2015-07-09,0.8,0.4,0.0
2015-07-11,0.0,0.4,0.0
2015-07-12,12.1,0.0,0.0
2015-07-14,36.6,1.0,0.0
2015-07-17,0.2,0.8,0.0
2015-07-18,3.8,0.0,0.0
2015-07-19,0.4,0.0,0.0
2015-07-24,0.0,0.0,0.0
2015-07-26,0.0,0.0,0.0
2015-07-30,0.0,0.0,0.0
2015-07-31,0.0,0.0,0.0
2015-08-01,0.0,9.4,7.8
2015-08-02,8.3,1.7,0.0
2015-08-03,1.2,18.4,20.5
2015-08-04,2.0,0.4,0.0
2015-08-05,3.4,0.0,0.0
2015-08-08,5.6,2.6,0.0
2015-08-09,0.6,0.0,0.0
2015-08-12,1.9,0.9,0.0
2015-08-15,0.0,1.3,0.0
2015-08-16,3.0,0.0,0.0
2015-08-22,0.0,0.0,0.0
2015-08-29,0.0,0.0,0.0
2015-08-30,0.0,0.0,0.0
2015-09-04,0.0,2.7,0.0
2015-09-05,5.4,0.0,0.0
2015-09-06,0.0,0.0,0.0
2015-09-12,0.0,0.0,0.0
2015-09-13,0.0,0.0,0.0
2015-09-18,0.0,1.6,0.0
2015-09-19,0.0,9.3,4.8
2015-09-20,0.0,0.1,0.0
2015-09-21,9.8,0.4,0.0
2015-09-24,0.0,1.1,0.0
2015-09-26,0.0,1.2,0.0
2015-09-27,0.0,1.8,0.0
2015-10-03,0.0,0.0,0.0
2015-10-06,0.0,2.7,0.0
2015-10-08,28.0,0.3,0.0
2015-10-09,0.0,0.2,0.0
2015-10-11,0.0,0.4,0.0
2015-10-17,0.0,0.6,0.0
2015-10-23,0.0,0.5,0.0
2015-10-25,0.0,0.0,0.0
2015-10-28,3.0,2.9,0.0
2015-10-30,24.8,0.7,0.0
2015-10-31,0.6,0.1,0.0
2015-11-03,1.3,3.1,0.0
2015-11-04,3.0,10.0,5.8
2015-11-05,28.7,1.0,0.0
2015-11-07,6.4,1.1,0.0
2015-11-08,0.0,5.3,1.1
2015-11-09,0.4,0.0,0.0
2015-11-10,0.0,3.7,0.0
2015-11-11,33.1,13.0,7.6
2015-11-12,3.0,1.9,0.0
2015-11-13,0.0,24.4,22.3
2015-11-14,26.2,14.4,9.0
2015-11-15,5.0,11.4,6.1
2015-11-16,29.8,12.2,6.9
2015-11-17,8.0,11.2,6.0
2015-11-18,1.0,20.6,14.8
2015-11-19,1.0,24.7,22.9
2015-11-21,31.4,7.3,3.0
2015-11-22,0.2,3.8,0.0
2015-11-24,3.1,24.4,24.3
2015-11-25,4.2,9.1,4.8
2015-11-26,12.2,12.5,8.5
2015-11-27,0.1,0.4,0.0
2015-11-28,0.0,21.6,19.2
2015-11-29,39.5,8.5,4.2
2015-11-30,1.1,3.9,0.0
2015-12-01,3.8,9.1,4.7
2015-12-02,0.4,1.7,0.0
2015-12-04,0.4,7.3,2.4
2015-12-05,0.0,20.5,28.6
2015-12-11,56.1,0.9,0.0
2015-12-12,0.0,99.7,101.7
2015-12-13,104.5,14.9,12.1
2015-12-14,0.8,3.0,0.0
2015-12-15,1.0,16.0,13.6
2015-12-16,22.6,11.1,7.7
2015-12-17,12.7,1.6,0.0
2015-12-18,1.1,0.1,0.0
2015-12-19,0.0,6.1,2.1
2015-12-20,0.0,2.6,0.0
2015-12-25,4.4,11.3,7.0
2015-12-26,39.1,8.6,4.4
2015-12-27,6.0,1.1,0.0
2015-12-28,3.0,1.3,0.0
2015-12-31,1.3,1.6,0.0
2016-01-01,1.0,9.3,5.8
2016-01-02,30.2,4.3,1.0
2016-01-03,1.1,1.9,0.0
2016-01-05,3.4,4.3,1.0
2016-01-07,4.3,0.6,0.0
2016-01-08,7.2,4.9,1.1
2016-01-09,1.0,0.0,0.0
2016-01-10,0.4,1.2,0.0
2016-01-11,0.3,4.2,1.9
2016-01-14,4.1,7.1,4.7
2016-01-15,14.4,4.5,2.1
2016-01-17,64.5,8.1,5.8
2016-01-18,2.8,8.0,5.6
2016-01-19,6.9,19.6,20.2
2016-01-20,12.6,12.9,10.9
2016-01-22,0.0,0.0,0.0
2016-01-23,0.0,0.3,0.0
2016-01-25,9.8,0.2,0.0
2016-01-26,4.0,24.8,25.5
2016-01-27,46.3,0.0,0.0
2016-01-29,30.1,0.1,0.0
2016-01-31,0.0,2.0,1.0
2016-02-02,1.4,0.2,0.0
2016-02-03,0.0,0.3,0.0
2016-02-05,1.1,0.1,0.0
2016-02-06,0.0,13.4,15.0
2016-02-07,4.2,12.6,14.5
2016-02-08,12.9,13.1,14.3
2016-02-09,61.6,0.5,0.0
2016-02-11,23.5,0.1,0.0
2016-02-13,42.2,1.6,0.0
2016-02-14,0.0,3.2,1.7
2016-02-15,1.2,9.3,10.4
2016-02-16,0.3,23.9,30.5
2016-02-17,24.9,0.8,0.0
2016-02-20,0.0,1.1,0.0
2016-02-21,0.3,5.2,2.0
2016-02-22,4.0,0.0,0.0
2016-02-24,0.3,3.6,1.0
2016-02-25,11.0,6.9,4.0
2016-02-26,1.7,0.1,0.0
2016-02-27,10.1,0.0,0.0
2016-02-28,14.5,7.2,4.4
2016-02-29,32.8,6.0,2.9
2016-03-01,30.1,0.1,0.0
2016-03-02,2.4,0.0,0.0
2016-03-05,3.1,0.2,0.0
2016-03-06,0.2,4.6,0.0
2016-03-07,10.0,7.2,1.3
2016-03-12,1.2,13.3,7.8
2016-03-13,8.0,9.1,3.8
2016-03-14,14.3,0.1,0.0
2016-03-16,18.6,4.2,0.0
2016-03-17,1.3,0.9,0.0
2016-03-19,0.0,13.9,8.4
2016-03-22,6.6,12.9,6.2
2016-03-24,15.8,10.6,4.1
2016-03-25,21.3,8.7,2.5
2016-03-26,20.0,51.6,56.9
2016-03-27,63.1,3.3,0.0
2016-03-28,2.4,9.8,3.5
2016-03-29,16.4,14.8,7.9
2016-03-30,8.6,8.0,2.0
2016-03-31,1.5,10.9,4.4
2016-04-03,5.7,0.0,0.0
2016-04-05,4.2,0.1,0.0
2016-04-08,0.0,5.7,1.8
2016-04-09,2.0,9.8,6.7
2016-04-13,18.0,0.8,0.0
2016-04-15,0.4,6.8,3.3
2016-04-16,2.3,6.9,3.4
2016-04-17,1.6,21.1,30.0
2016-04-18,2.5,0.2,0.0
2016-04-21,23.7,17.9,24.3
2016-04-22,13.7,0.2,0.0
2016-04-23,0.0,46.5,63.6
2016-04-24,23.3,2.7,0.0
2016-04-25,1.4,9.5,7.2
2016-04-27,29.4,0.0,0.0
2016-04-29,0.0,8.2,5.6
2016-05-01,2.5,0.2,0.0
2016-05-04,0.4,15.1,12.1
2016-05-07,0.0,0.9,0.0
2016-05-08,0.6,0.1,0.0
2016-05-10,44.5,5.6,2.7
2016-05-11,52.6,1.0,0.0
2016-05-13,0.0,7.4,5.4
2016-05-14,34.0,12.0,20.8
2016-05-15,7.3,0.0,0.0
2016-05-20,10.9,0.7,0.0
2016-05-24,6.4,0.0,0.0
2016-05-26,85.0,10.2,10.8
2016-05-29,0.4,14.4,19.0
2016-05-30,22.0,9.2,8.7
2016-06-02,0.4,8.3,5.5
2016-06-03,23.6,0.6,0.0
2016-06-04,0.0,11.2,8.0
2016-06-05,7.6,0.1,0.0
2016-06-07,5.4,0.9,0.0
2016-06-10,0.0,1.8,0.0
2016-06-11,1.2,3.4,1.0
2016-06-12,0.9,14.7,13.8
2016-06-13,1.6,8.7,6.2
2016-06-17,0.6,47.1,77.9
2016-06-18,21.5,11.7,9.9
2016-06-23,1.0,7.5,8.9
2016-06-25,1.7,7.1,7.8
2016-06-26,0.0,9.3,12.9
2016-06-27,8.5,10.2,17.5
2016-06-30,0.0,0.2,0.0
2016-07-02,0.0,0.0,0.0
2016-07-10,0.0,0.6,0.0
2016-07-12,1.5,0.2,0.0
2016-07-14,1.0,15.3,24.7
2016-07-16,0.1,5.0,1.0
2016-07-18,21.6,8.3,4.8
2016-07-19,15.0,15.6,24.6
2016-07-20,6.7,7.6,3.8
2016-07-24,0.0,20.6,29.6
2016-07-25,25.0,0.4,0.0
2016-07-29,0.0,0.9,0.0
2016-07-30,0.0,0.5,0.0
2016-08-02,4.2,1.0,0.0
2016-08-04,14.5,4.3,1.0
2016-08-07,0.0,0.0,0.0
2016-08-09,0.4,4.9,1.3
2016-08-13,0.0,6.0,1.4
2016-08-14,0.0,43.5,77.7
2016-08-15,49.6,1.5,0.0
2016-08-19,53.6,10.9,7.2
2016-08-20,11.1,18.4,17.0
2016-08-21,25.7,7.7,2.9
2016-08-24,30.9,2.1,0.0
2016-08-27,0.0,0.0,0.0
2016-08-28,0.0,1.2,0.0
2016-08-31,2.3,6.3,1.3
2016-09-01,2.0,1.2,0.0
2016-09-06,0.7,3.9,0.0
2016-09-07,0.3,2.7,0.0
2016-09-08,0.4,1.0,0.0
2016-09-10,0.0,6.3,1.9
2016-09-11,6.5,0.7,0.0
2016-09-12,0.0,34.0,54.9
2016-09-13,6.5,8.0,3.1
2016-09-14,10.5,16.3,14.5
2016-09-16,0.3,17.7,25.0
2016-09-17,0.0,1.8,0.0
2016-09-18,2.8,0.0,0.0
2016-09-19,0.0,3.7,0.0
2016-09-22,1.0,9.2,7.2
2016-09-25,5.6,2.4,0.0
2016-09-26,3.5,7.4,3.8
2016-09-27,14.3,9.1,6.4
2016-09-28,4.9,0.7,0.0
2016-09-29,0.5,1.8,0.0
2016-10-04,18.6,1.1,0.0
2016-10-06,10.0,5.9,2.9
2016-10-08,4.6,1.0,0.0
2016-10-12,1.5,1.2,0.0
2016-10-14,64.0,18.0,14.9
2016-10-15,0.7,29.3,36.0
2016-10-16,7.4,14.4,10.8
2016-10-18,11.6,0.6,0.0
2016-10-20,2.2,12.1,8.7
2016-10-21,1.7,0.0,0.0
2016-10-23,6.5,3.9,0.0
2016-10-24,0.9,1.5,0.0
2016-10-26,0.6,1.0,0.0
2016-10-28,1.7,4.4,0.0
2016-10-29,14.1,11.7,8.3
2016-10-30,3.6,27.8,41.3
2016-10-31,15.6,1.7,0.0
2016-11-01,11.3,39.6,50.4
2016-11-02,89.2,17.5,13.6
2016-11-03,1.0,1.9,0.0
2016-11-04,2.0,16.2,12.6
2016-11-05,48.5,23.5,27.0
2016-11-06,15.6,1.1,0.0
2016-11-09,0.3,1.7,0.0
2016-11-11,89.2,3.9,0.0
2016-11-12,3.2,2.3,0.0
2016-11-13,9.0,0.6,0.0
2016-11-14,1.2,1.6,0.0
2016-11-16,99.4,0.3,0.0
2016-11-17,0.0,4.9,1.0
2016-11-18,6.4,1.4,0.0
2016-11-20,33.6,86.0,69.0
2016-11-21,66.1,8.3,4.0
2016-11-23,5.0,17.1,13.5
2016-11-24,0.5,5.1,1.0
2016-11-25,4.3,7.0,2.8
2016-11-26,6.5,22.0,21.4
2016-11-27,5.0,6.5,2.2
2016-11-28,1.0,5.8,1.5
2016-11-29,0.6,12.8,8.8
2016-12-01,14.3,2.3,0.0
2016-12-02,0.0,24.8,37.5
2016-12-03,9.8,27.4,41.3
2016-12-04,11.8,1.9,0.0
2016-12-05,0.0,0.3,0.0
2016-12-07,8.3,1.5,0.0
2016-12-08,0.0,12.0,8.4
2016-12-09,3.6,7.0,2.0
2016-12-11,41.5,3.8,0.0
2016-12-12,0.0,1.7,0.0
2016-12-13,0.0,0.4,0.0
2016-12-14,0.0,10.3,6.7
2016-12-15,17.4,2.5,0.0
2016-12-16,0.0,1.9,0.0
2016-12-17,2.6,2.6,0.0
2016-12-18,0.0,0.2,0.0
2016-12-19,0.0,1.2,0.0
2016-12-20,0.0,3.8,0.0
2016-12-21,0.0,7.6,3.5
2016-12-22,7.3,4.4,1.0
2016-12-23,7.0,7.2,3.1
2016-12-24,1.9,2.2,0.0
2016-12-25,0.0,2.4,0.0
2016-12-26,0.3,1.5,0.0
2016-12-27,0.0,0.7,0.0
2016-12-28,0.0,0.7,0.0
2016-12-30,0.0,0.0,0.0
2016-12-31,0.0,0.3,0.0
2017-01-01,0.0,0.0,0.0
2017-01-03,1.0,2.7,0.0
2017-01-08,0.0,0.0,0.0
2017-01-11,1.0,2.1,1.0
2017-01-14,50.0,0.1,0.0
2017-01-16,60.5,6.6,4.2
2017-01-17,1.4,0.0,0.0
2017-01-20,36.7,0.0,0.0
2017-01-23,26.0,0.1,0.0
2017-01-24,0.0,0.3,0.0
2017-01-28,8.7,4.7,3.3
2017-01-31,0.2,6.1,4.7
2017-02-01,1.6,31.3,45.6
2017-02-02,12.6,1.3,0.0
2017-02-05,1.0,0.1,0.0
2017-02-11,0.6,1.2,0.0
2017-02-13,10.0,0.0,0.0
2017-02-14,11.7,1.6,0.0
2017-02-15,3.0,1.2,0.0
2017-02-22,3.7,12.0,10.8
2017-02-23,2.0,29.9,50.3
2017-02-24,53.1,6.8,3.9
2017-02-27,0.7,5.1,1.9
2017-02-28,15.3,32.2,51.7
2017-03-01,1.0,9.1,3.1
2017-03-02,9.7,0.8,0.0
2017-03-05,5.4,0.2,0.0
2017-03-07,68.6,10.7,4.8
2017-03-08,1.0,15.4,9.8
2017-03-09,4.5,9.4,3.4
2017-03-12,19.2,5.4,1.0
2017-03-13,0.3,30.9,38.5
2017-03-14,63.8,8.6,3.3
2017-03-15,0.3,30.7,37.7
2017-03-16,29.0,7.9,2.7
2017-03-17,0.5,3.2,0.0
2017-03-20,27.7,4.8,1.0
2017-03-26,11.2,11.1,4.6
2017-03-27,37.4,2.1,0.0
2017-03-30,4.9,4.1,0.0
2017-03-31,3.0,5.2,0.0
2017-04-01,13.6,39.1,64.4
2017-04-02,63.4,20.1,29.4
2017-04-03,12.4,17.5,17.6
2017-04-04,37.5,9.4,6.2
2017-04-05,4.8,27.3,41.9
2017-04-06,40.0,2.1,0.0
2017-04-10,82.0,0.9,0.0
2017-04-12,69.3,31.7,45.6
2017-04-13,76.2,9.1,5.7
2017-04-14,0.8,3.6,1.0
2017-04-16,2.0,4.5,1.0
2017-04-18,55.4,0.6,0.0
2017-04-22,21.6,2.1,0.0
2017-04-23,1.4,0.0,0.0
2017-04-26,7.3,20.2,29.4
2017-04-27,0.3,4.7,1.6
2017-04-28,28.2,16.2,15.9
2017-04-29,0.3,0.3,0.0
2017-04-30,0.0,6.8,4.0
2017-05-02,16.0,4.1,1.2
2017-05-03,2.8,53.3,73.8
2017-05-04,44.8,8.0,5.0
2017-05-06,11.1,27.4,25.4
2017-05-07,48.3,4.0,1.2
2017-05-08,4.4,0.5,0.0
2017-05-10,53.4,31.1,29.4
2017-05-11,6.6,7.6,5.7
2017-05-15,0.0,1.6,0.0
2017-05-17,0.2,0.0,0.0
2017-05-18,2.6,0.0,0.0
2017-05-21,13.9,38.9,92.9
2017-05-22,1.8,2.3,0.0
2017-05-23,0.0,0.3,0.0
2017-05-24,15.3,2.2,0.0
2017-05-27,0.0,4.2,1.1
2017-05-28,1.8,13.1,16.8
2017-05-29,98.4,0.0,0.0
2017-05-31,0.0,33.1,76.7
2017-06-01,64.8,1.3,0.0
2017-06-03,0.1,0.4,0.0
2017-06-05,0.0,0.1,0.0
2017-06-07,0.0,0.0,0.0
2017-06-08,0.1,0.0,0.0
2017-06-09,0.0,0.0,0.0
2017-06-12,19.7,2.0,0.0
2017-06-14,103.8,0.3,0.0
2017-06-15,0.1,5.5,2.2
2017-06-16,1.9,0.0,0.0
2017-06-17,0.0,0.0,0.0
2017-06-18,6.0,4.9,1.5
2017-06-19,5.8,2.0,0.0
2017-06-20,1.0,7.6,4.6
2017-06-22,1.0,0.2,0.0
2017-06-24,1.3,0.3,0.0
2017-06-25,0.0,0.0,0.0
2017-06-27,17.4,0.3,0.0
2017-06-28,0.1,0.1,0.0
2017-06-29,0.3,4.7,5.9
2017-06-30,8.2,1.4,0.0
2017-07-01,0.0,0.4,0.0
2017-07-03,5.0,12.3,15.0
2017-07-04,105.0,6.3,4.6
2017-07-06,16.0,5.1,2.6
2017-07-07,0.5,3.7,1.0
2017-07-09,1.2,0.9,0.0
2017-07-11,0.0,7.9,4.2
2017-07-12,1.2,5.7,1.6
2017-07-14,0.0,3.2,0.0
2017-07-15,0.2,11.7,9.3
2017-07-16,0.2,0.2,0.0
2017-07-17,0.0,0.0,0.0
2017-07-18,0.0,2.1,0.0
2017-07-19,0.0,0.0,0.0
2017-07-20,0.0,0.1,0.0
2017-07-23,0.0,0.9,0.0
2017-07-24,4.6,0.0,0.0
2017-07-26,1.5,0.0,0.0
2017-07-29,8.4,0.2,0.0
2017-07-31,0.0,0.2,0.0
2017-08-07,0.2,1.9,0.0
2017-08-08,14.0,2.9,0.0
2017-08-09,27.8,3.2,0.0
2017-08-10,5.1,11.0,9.7
2017-08-11,3.7,12.6,10.1
2017-08-12,16.7,6.5,1.9
2017-08-13,2.7,0.6,0.0
2017-08-16,0.0,8.1,3.8
2017-08-19,11.3,3.7,0.0
2017-08-20,0.5,0.5,0.0
2017-08-21,2.1,10.0,6.0
2017-08-22,53.1,5.9,1.0
2017-08-23,6.7,0.4,0.0
2017-08-24,0.0,0.4,0.0
2017-08-25,2.3,13.0,10.4
2017-08-26,1.0,0.2,0.0
2017-08-28,0.0,0.3,0.0
2017-09-04,3.1,2.5,0.0
2017-09-05,0.0,10.8,8.5
2017-09-06,16.9,14.0,12.2
2017-09-07,22.5,2.0,0.0
2017-09-08,4.9,4.9,1.0
2017-09-09,5.2,1.1,0.0
2017-09-11,9.2,1.3,0.0
2017-09-13,0.0,1.5,0.0
2017-09-18,0.4,20.1,30.7
2017-09-19,34.9,1.6,0.0
2017-09-20,1.8,9.6,5.1
2017-09-21,9.2,8.0,4.6
2017-09-22,1.7,1.6,0.0
2017-09-24,3.0,19.7,29.8
2017-09-25,0.9,0.0,0.0
2017-09-26,0.1,15.2,19.5
2017-09-27,3.0,9.4,6.8
2017-09-28,1.6,20.4,31.8
2017-09-29,6.0,14.8,14.0
2017-09-30,23.8,2.8,0.0
2017-10-01,11.6,1.9,0.0
2017-10-02,6.2,5.2,1.9
2017-10-03,2.6,22.3,43.8
2017-10-04,6.2,10.8,11.9
2017-10-05,2.1,3.9,1.0
2017-10-06,8.6,4.1,1.0
2017-10-07,7.3,19.4,36.4
2017-10-08,16.1,1.2,0.0
2017-10-10,5.3,9.4,8.3
2017-10-11,75.1,30.3,38.3
2017-10-12,5.9,27.7,34.1
2017-10-13,45.0,2.9,0.0
2017-10-14,0.2,2.3,0.0
2017-10-15,0.0,18.2,15.8
2017-10-16,0.8,3.0,0.0
2017-10-17,0.2,0.2,0.0
2017-10-22,2.4,10.9,7.3
2017-10-23,1.2,4.4,0.0
2017-10-26,23.4,19.5,27.2
2017-10-27,24.8,11.1,7.5
2017-10-29,5.4,5.2,1.0
2017-11-01,0.5,9.6,5.4
2017-11-02,2.5,5.2,1.1
2017-11-04,2.6,42.6,53.4
2017-11-05,12.0,2.4,0.0
2017-11-08,17.7,2.9,0.0
2017-11-09,0.2,25.8,32.6
2017-11-10,36.9,1.0,0.0
2017-11-11,0.0,44.9,43.4
2017-11-12,59.8,3.6,0.0
2017-11-14,0.0,2.3,0.0
2017-11-16,0.0,42.6,41.5
2017-11-17,43.6,7.2,2.3
2017-11-18,1.2,27.9,26.1
2017-11-19,50.5,42.7,41.2
2017-11-20,60.9,3.0,0.0
2017-11-21,0.0,2.0,0.0
2017-11-24,8.1,40.3,46.6
2017-11-25,22.6,2.8,0.0
2017-11-26,0.4,3.0,0.0
2017-11-28,8.0,6.2,1.9
2017-11-29,22.8,3.7,0.0
2017-12-02,0.0,4.9,0.0
2017-12-06,41.3,12.7,9.4
2017-12-07,0.7,0.4,0.0
2017-12-09,2.2,1.5,0.0
2017-12-10,0.4,0.8,0.0
2017-12-11,0.0,17.5,15.5
2017-12-12,2.6,5.3,1.2
2017-12-13,2.0,8.1,4.3
2017-12-14,0.6,33.0,41.6
2017-12-15,9.6,44.3,64.2
2017-12-16,61.0,5.9,1.8
2017-12-18,4.2,0.8,0.0
2017-12-19,9.3,0.0,0.0
2017-12-20,2.0,2.0,0.0
2017-12-21,3.1,0.2,0.0
2017-12-23,0.9,37.4,39.0
2017-12-24,16.6,29.5,29.1
2017-12-25,32.8,38.6,40.3
2017-12-26,36.7,1.0,0.0
2017-12-27,4.7,1.2,0.0
2017-12-29,13.1,5.7,1.8
2017-12-30,2.8,1.3,0.0
2017-12-31,1.4,7.1,3.0
2018-01-01,5.5,39.2,59.4
2018-01-02,31.4,0.1,0.0
2018-01-04,0.0,6.5,2.8
2018-01-05,0.0,6.3,2.6
2018-01-06,0.7,0.7,0.0
2018-01-07,0.0,1.4,0.0
2018-01-08,0.4,0.5,0.0
2018-01-09,3.5,20.7,26.5
2018-01-10,8.5,9.1,5.6
2018-01-11,2.5,5.6,3.2
2018-01-13,0.0,7.2,4.8
2018-01-15,0.0,0.0,0.0
2018-01-18,0.0,0.2,0.0
2018-01-19,4.6,1.0,0.0
2018-01-20,0.0,57.0,108.2
2018-01-21,49.0,6.8,5.4
2018-01-22,0.6,7.3,5.9
2018-01-24,0.0,0.0,0.0
2018-01-25,0.0,0.0,0.0
2018-01-29,43.3,3.9,2.4
2018-01-30,0.0,67.0,123.1
2018-01-31,24.1,1.8,1.0
2018-02-02,23.0,10.3,10.4
2018-02-03,23.4,12.6,13.4
2018-02-04,7.4,0.0,0.0
2018-02-05,0.5,1.8,0.0
2018-02-06,1.7,0.0,0.0
2018-02-07,0.1,0.0,0.0
2018-02-08,0.0,0.0,0.0
2018-02-09,0.7,0.0,0.0
2018-02-11,1.7,0.0,0.0
2018-02-15,0.3,12.4,13.2
2018-02-16,11.2,0.0,0.0
2018-02-18,7.1,0.4,0.0
2018-02-20,4.1,1.3,0.0
2018-02-22,2.0,2.6,0.0
2018-02-23,0.2,11.7,10.4
2018-02-24,27.0,1.2,0.0
2018-02-25,22.3,0.8,0.0
2018-02-26,5.7,23.2,35.2
2018-02-27,18.4,2.5,0.0
2018-02-28,18.8,14.7,14.6
2018-03-01,19.8,22.7,26.4
2018-03-02,35.6,0.9,0.0
2018-03-03,0.0,28.7,37.4
2018-03-04,10.2,0.3,0.0
2018-03-05,0.0,26.7,33.7
2018-03-06,1.7,14.0,8.4
2018-03-07,18.0,4.4,0.0
2018-03-09,0.0,5.9,1.0
2018-03-11,74.8,21.3,21.8
2018-03-12,44.0,7.1,2.0
2018-03-14,0.3,3.0,0.0
2018-03-15,0.0,1.6,0.0
2018-03-16,0.0,2.6,0.0
2018-03-17,0.0,2.2,0.0
2018-03-18,10.6,0.6,0.0
2018-03-19,13.4,15.2,9.7
2018-03-20,33.0,24.5,28.0
2018-03-21,14.2,24.9,24.7
2018-03-22,21.9,12.9,6.2
2018-03-23,27.4,0.3,0.0
2018-03-25,29.1,16.4,9.3
2018-03-26,14.9,12.3,5.6
2018-03-27,12.9,15.3,8.4
2018-03-28,0.2,19.3,12.0
2018-03-29,22.0,8.2,2.1
2018-03-30,20.2,13.7,6.9
2018-03-31,15.2,11.3,4.8
2018-04-01,70.2,1.2,0.0
2018-04-03,12.0,4.3,1.0
2018-04-05,0.0,3.3,0.0
2018-04-06,9.8,0.0,0.0
2018-04-08,1.6,20.7,31.1
2018-04-09,65.0,8.3,4.7
2018-04-10,3.5,3.3,0.0
2018-04-11,19.8,4.8,1.3
2018-04-13,1.2,4.3,1.0
2018-04-14,21.4,4.9,1.4
2018-04-15,0.3,8.0,4.6
2018-04-16,1.3,8.5,5.1
2018-04-17,5.6,2.3,0.0
2018-04-19,6.2,4.0,1.0
2018-04-20,37.0,14.1,11.6
2018-04-21,22.3,0.7,0.0
2018-04-24,12.3,4.4,1.3
2018-04-25,0.0,0.2,0.0
2018-04-27,48.3,1.7,0.0
2018-04-30,4.0,0.3,0.0
2018-05-01,0.2,0.0,0.0
2018-05-03,2.0,0.0,0.0
2018-05-06,34.3,0.0,0.0
2018-05-07,0.0,0.0,0.0
2018-05-10,0.0,1.3,0.0
2018-05-12,6.2,20.2,47.3
2018-05-13,32.0,6.0,3.3
2018-05-14,1.5,8.0,6.4
2018-05-15,25.3,3.2,0.0
2018-05-16,4.4,3.2,0.0
2018-05-17,65.1,5.6,2.6
2018-05-18,2.7,8.4,7.1
2018-05-19,1.6,1.4,0.0
2018-05-20,0.0,0.9,0.0
2018-05-22,2.5,48.8,110.2
2018-05-23,41.2,52.4,110.5
2018-05-24,81.7,0.5,0.0
2018-05-26,20.6,2.6,0.0
2018-05-27,1.0,7.3,5.8
2018-05-28,0.3,3.8,1.0
2018-05-29,0.7,10.4,11.6
2018-05-30,17.1,11.5,13.9
2018-05-31,9.3,0.2,0.0
2018-06-02,7.3,0.5,0.0
2018-06-04,0.0,0.0,0.0
2018-06-09,0.0,0.0,0.0
2018-06-10,1.0,0.0,0.0
2018-06-13,2.0,4.5,1.1
2018-06-14,4.5,0.0,0.0
2018-06-17,0.0,0.0,0.0
2018-06-19,44.2,0.0,0.0
2018-06-22,9.7,0.0,0.0
2018-06-24,5.5,41.4,79.7
2018-06-25,16.2,3.3,1.8
2018-07-02,1.8,0.3,0.0
2018-07-04,0.0,0.0,0.0
2018-07-09,0.0,2.8,0.0
2018-07-10,1.2,26.7,53.2
2018-07-11,26.0,0.8,0.0
2018-07-14,0.0,0.0,0.0
2018-07-19,0.0,0.1,0.0
2018-07-24,0.0,0.0,0.0
2018-07-29,0.0,0.1,0.0
2018-08-03,0.0,0.2,0.0
2018-08-08,0.4,3.1,0.0
2018-08-11,6.6,0.0,0.0
2018-08-13,0.0,0.0,0.0
2018-08-22,0.0,20.1,26.7
2018-08-23,3.0,0.1,0.0
2018-08-25,52.6,49.8,86.2
2018-08-26,12.6,0.2,0.0
2018-08-29,0.5,6.3,1.2
2018-09-01,29.0,0.7,0.0
2018-09-02,0.0,4.5,1.0
2018-09-03,0.6,1.4,0.0
2018-09-05,20.8,1.3,0.0
2018-09-07,0.0,65.0,80.9
2018-09-08,36.7,16.0,14.9
2018-09-10,0.2,9.6,6.2
2018-09-11,1.6,24.6,38.7
2018-09-12,22.4,0.4,0.0
2018-09-16,0.0,0.0,0.0
2018-09-17,0.0,0.0,0.0
2018-09-19,4.3,19.4,28.6
2018-09-20,27.6,6.2,1.0
2018-09-21,1.0,44.8,70.4
2018-09-22,17.0,0.0,0.0
2018-09-27,0.0,2.3,0.0
2018-10-02,0.0,2.8,0.0
2018-10-03,3.3,2.3,0.0
2018-10-05,0.0,3.8,1.0
2018-10-09,9.0,3.9,1.0
2018-10-10,1.3,1.9,0.0
2018-10-11,3.6,28.1,35.3
2018-10-12,5.3,26.6,32.2
2018-10-13,6.8,11.9,8.5
2018-10-14,2.4,11.6,8.2
2018-10-17,0.0,4.8,1.2
2018-10-18,5.3,10.3,6.8
2018-10-19,0.0,1.0,0.0
2018-10-21,2.1,1.6,0.0
2018-10-22,13.9,3.8,0.0
2018-10-25,1.7,15.1,12.7
2018-10-26,3.7,0.3,0.0
2018-10-27,4.2,14.2,11.6
2018-10-29,40.9,1.3,0.0
2018-10-30,0.0,18.4,27.5
2018-10-31,9.1,12.3,9.1
2018-11-01,20.2,4.9,1.0
2018-11-03,40.3,1.4,0.0
2018-11-04,2.2,5.2,1.1
2018-11-05,10.8,12.2,8.1
2018-11-06,18.7,81.9,68.9
2018-11-07,39.6,10.7,6.6
2018-11-08,1.1,12.9,8.8
2018-11-09,8.5,4.8,1.0
2018-11-10,1.4,32.2,42.3
2018-11-11,16.2,25.9,23.9
2018-11-12,48.9,23.8,21.9
2018-11-13,7.8,4.8,0.0
2018-11-15,66.2,5.6,1.0
2018-11-17,9.0,18.5,12.8
2018-11-18,15.1,27.8,26.8
2018-11-19,22.0,1.8,0.0
2018-11-20,0.5,1.1,0.0
2018-11-21,0.4,7.3,3.1
2018-11-22,3.4,11.4,7.3
2018-11-23,20.9,8.7,4.5
2018-11-24,6.4,3.9,0.0
2018-11-26,10.0,3.2,0.0
2018-11-29,2.0,2.2,0.0
2018-12-01,28.3,2.2,0.0
2018-12-02,22.8,0.5,0.0
2018-12-04,80.3,18.3,24.5
2018-12-05,18.2,11.4,7.6
2018-12-06,5.0,10.8,6.9
2018-12-07,4.9,20.0,27.5
2018-12-08,5.4,20.5,28.6
2018-12-09,35.8,9.2,4.9
2018-12-12,1.7,10.4,6.9
2018-12-16,11.5,54.4,91.9
2018-12-17,85.0,4.3,1.0
2018-12-19,6.7,34.7,45.3
2018-12-20,12.9,1.9,0.0
2018-12-21,0.0,5.3,1.3
2018-12-23,0.8,1.3,0.0
2018-12-28,1.0,5.8,1.8
2018-12-31,2.0,5.4,1.5
2019-01-01,13.2,4.1,1.0
2019-01-04,4.0,0.5,0.0
2019-01-07,1.1,0.0,0.0
2019-01-09,36.4,5.4,1.6
2019-01-10,11.7,6.4,2.7
2019-01-11,18.4,1.0,0.0
2019-01-15,110.7,10.5,8.8
2019-01-16,4.6,0.2,0.0
2019-01-19,0.5,0.1,0.0
2019-01-20,0.0,0.0,0.0
2019-01-21,0.8,6.9,5.5
2019-01-22,0.5,0.0,0.0
2019-01-24,21.4,5.1,3.7
2019-01-25,2.6,0.2,0.0
2019-01-28,2.8,0.3,0.0
2019-01-30,42.2,6.2,4.8
2019-01-31,19.2,0.1,0.0
2019-02-04,6.4,1.0,0.0
2019-02-06,88.4,0.0,0.0
2019-02-09,1.6,3.0,1.3
2019-02-10,11.8,15.5,26.2
2019-02-11,40.4,2.2,1.0
2019-02-12,2.4,1.0,0.0
2019-02-13,0.3,2.2,0.0
2019-02-14,40.4,1.2,0.0
2019-02-15,1.8,23.5,29.2
2019-02-16,23.5,26.9,35.0
2019-02-17,49.1,28.3,36.0
2019-02-18,18.1,4.7,3.8
2019-02-20,50.0,0.2,0.0
2019-02-24,3.7,0.0,0.0
2019-02-25,0.0,0.0,0.0
2019-02-27,13.9,27.4,44.6
2019-02-28,19.2,2.0,0.0
2019-03-02,14.4,1.2,0.0
2019-03-06,0.0,7.6,1.6
2019-03-11,58.5,0.3,0.0
2019-03-14,27.2,0.0,0.0
2019-03-16,0.0,1.6,0.0
2019-03-18,0.8,1.8,0.0
2019-03-21,0.0,9.8,3.4
2019-03-22,26.5,1.5,0.0
2019-03-23,3.0,18.4,11.2
2019-03-24,4.7,0.5,0.0
2019-03-26,3.2,4.5,0.0
2019-03-27,4.5,37.3,42.4
2019-03-28,15.2,0.3,0.0
2019-03-30,7.0,23.6,22.7
2019-03-31,56.3,20.2,13.8
2019-04-01,3.7,6.9,3.1
2019-04-02,9.6,10.2,7.2
2019-04-03,23.9,1.5,0.0
2019-04-05,1.3,10.7,7.9
2019-04-06,10.8,0.0,0.0
2019-04-11,0.6,8.0,4.5
2019-04-13,6.5,7.3,3.8
2019-04-14,1.3,26.1,38.0
2019-04-15,5.8,16.1,20.8
2019-04-16,0.2,56.9,67.8
2019-04-17,115.3,0.0,0.0
2019-04-19,84.9,11.5,8.3
2019-04-20,6.2,9.2,5.8
2019-04-21,3.3,0.4,0.0
2019-04-22,2.4,29.8,46.3
2019-04-23,31.8,3.6,1.0
2019-04-25,0.1,31.7,49.6
2019-04-26,64.8,44.5,62.3
2019-04-27,21.2,14.8,14.1
2019-04-28,1.5,0.0,0.0
2019-04-30,3.9,1.3,0.0
2019-05-05,36.4,17.7,14.7
2019-05-06,18.9,0.0,0.0
2019-05-10,0.0,1.7,0.0
2019-05-12,30.3,5.2,2.0
2019-05-15,6.6,4.8,1.5
2019-05-16,12.8,2.4,0.0
2019-05-18,23.8,0.9,0.0
2019-05-20,0.0,3.3,0.0
2019-05-22,11.8,7.5,6.2
2019-05-23,5.7,0.0,0.0
2019-05-25,8.7,3.0,0.0
2019-05-26,5.3,0.3,0.0
2019-05-28,3.4,4.1,1.0
2019-05-30,19.5,1.0,0.0
2019-06-01,8.5,36.0,50.5
2019-06-02,28.6,2.5,0.0
2019-06-03,0.6,1.0,0.0
2019-06-05,0.0,7.9,4.6
2019-06-06,0.8,10.2,7.1
2019-06-07,8.3,2.4,0.0
2019-06-08,0.0,0.1,0.0
2019-06-09,0.0,6.3,2.6
2019-06-10,45.7,0.0,0.0
2019-06-12,1.0,29.6,45.8
2019-06-13,9.5,2.1,0.0
2019-06-14,0.0,2.5,0.0
2019-06-16,14.6,0.0,0.0
2019-06-19,1.4,0.2,0.0
2019-06-21,1.6,0.0,0.0
2019-06-23,5.4,0.4,0.0
2019-06-24,0.0,0.2,0.0
2019-06-27,0.0,0.2,0.0
2019-06-28,0.0,0.0,0.0
2019-06-29,0.0,0.0,0.0
2019-07-02,0.0,0.2,0.0
2019-07-03,2.0,0.6,0.0
2019-07-04,0.0,0.7,0.0
2019-07-06,1.4,16.1,24.7
2019-07-07,56.0,0.3,0.0
2019-07-09,0.1,0.0,0.0
2019-07-17,0.0,0.2,0.0
2019-07-18,0.0,0.0,0.0
2019-07-19,0.0,0.5,0.0
2019-07-22,1.1,0.6,0.0
2019-07-24,0.0,0.0,0.0
2019-07-28,2.4,0.0,0.0
2019-07-29,0.0,0.0,0.0
2019-08-02,0.0,0.0,0.0
2019-08-03,0.0,0.0,0.0
2019-08-05,0.0,0.0,0.0
2019-08-08,0.0,0.4,0.0
2019-08-12,0.0,0.0,0.0
2019-08-13,0.0,0.0,0.0
2019-08-18,0.0,0.0,0.0
2019-08-22,0.0,0.1,0.0
2019-08-23,0.0,0.1,0.0
2019-08-25,0.0,0.9,0.0
2019-08-27,14.0,34.6,62.2
2019-08-28,66.5,6.9,1.9
2019-08-31,0.0,0.1,0.0
2019-09-02,0.0,0.2,0.0
2019-09-07,0.0,0.0,0.0
2019-09-17,0.0,0.0,0.0
2019-09-22,0.0,0.0,0.0
2019-09-25,2.0,4.4,0.0
2019-09-26,5.0,1.8,0.0
2019-09-28,11.5,4.1,0.0
2019-09-29,10.8,8.1,4.8
2019-09-30,10.0,0.0,0.0
2019-10-01,3.4,0.2,0.0
2019-10-02,0.0,8.3,6.6
2019-10-03,4.6,2.2,0.0
2019-10-05,9.2,0.4,0.0
2019-10-07,0.0,2.2,0.0
2019-10-08,4.3,1.3,0.0
2019-10-09,1.0,0.1,0.0
2019-10-12,0.0,0.0,0.0
2019-10-13,0.0,0.1,0.0
2019-10-14,0.0,0.1,0.0
2019-10-17,17.3,3.6,1.0
2019-10-18,22.8,7.7,4.0
2019-10-19,2.1,0.0,0.0
2019-10-20,0.0,6.9,3.2
2019-10-21,8.6,10.8,7.2
2019-10-22,35.0,0.9,0.0
2019-10-24,0.0,0.9,0.0
2019-10-25,0.0,6.7,1.9
2019-10-27,2.7,1.1,0.0
2019-10-28,0.3,12.8,9.7
2019-10-29,11.5,23.5,34.8
2019-10-30,23.5,34.6,51.8
2019-10-31,12.6,15.2,13.2
2019-11-01,15.7,6.8,2.6
2019-11-02,1.5,3.1,0.0
2019-11-05,36.7,20.0,16.0
2019-11-06,21.0,0.2,0.0
2019-11-08,0.0,0.4,0.0
2019-11-09,0.0,0.7,0.0
2019-11-11,13.3,1.9,0.0
2019-11-15,3.3,1.4,0.0
2019-11-16,1.3,0.2,0.0
2019-11-18,0.0,12.9,7.5
2019-11-19,8.5,1.9,0.0
2019-11-20,4.2,48.3,47.4
2019-11-21,7.9,56.6,71.5
2019-11-22,4.8,0.6,0.0
2019-11-24,0.4,4.8,1.0
2019-11-25,0.5,0.9,0.0
2019-11-26,0.0,11.0,6.8
2019-11-27,37.5,3.8,0.0
2019-11-30,4.3,0.0,0.0
2019-12-01,2.4,4.8,0.0
2019-12-02,0.3,6.5,1.4
2019-12-03,2.5,1.3,0.0
2019-12-06,14.6,13.7,10.8
2019-12-07,49.9,20.3,28.3
2019-12-08,1.6,4.2,0.0
2019-12-10,1.3,1.9,0.0
2019-12-11,0.0,6.5,2.5
2019-12-12,2.2,10.7,7.2
2019-12-13,2.8,11.4,8.0
2019-12-14,3.6,1.5,0.0
2019-12-15,0.0,0.0,0.0
2019-12-16,0.0,4.5,1.0
2019-12-19,1.6,1.0,0.0
2019-12-21,8.2,7.7,3.5
2019-12-22,0.5,38.0,38.4
2019-12-23,5.6,0.0,0.0
2019-12-24,0.0,1.9,0.0
2019-12-25,5.8,0.1,0.0
2019-12-26,0.7,6.0,2.0
2019-12-27,26.1,25.6,24.6
2019-12-28,14.5,6.8,2.7
2019-12-29,17.7,2.0,0.0
2019-12-30,23.5,5.6,1.7
2020-01-01,0.8,0.0,0.0
2020-01-02,0.0,11.6,8.3
2020-01-03,5.9,14.5,15.7
2020-01-04,6.0,2.0,0.0
2020-01-05,13.1,0.1,0.0
2020-01-06,1.8,0.0,0.0
2020-01-10,11.3,17.9,22.0
2020-01-11,7.0,3.9,1.6
2020-01-17,1.3,2.6,1.0
2020-01-19,0.0,3.8,1.4
2020-01-20,16.0,5.4,3.0
2020-01-21,3.6,16.5,15.6
2020-01-22,25.7,20.8,21.1
2020-01-23,62.5,11.3,10.2
2020-01-24,1.6,0.3,0.0
2020-01-25,1.1,1.3,1.0
2020-01-26,0.0,3.7,2.3
2020-01-28,6.7,0.0,0.0
2020-01-29,8.8,18.3,18.0
2020-01-30,12.8,4.1,2.7
2020-02-01,0.0,5.5,4.3
2020-02-02,0.0,5.7,4.6
2020-02-03,12.9,0.1,0.0
2020-02-05,0.0,0.0,0.0
2020-02-06,0.0,0.1,0.0
2020-02-07,0.0,0.1,0.0
2020-02-10,1.6,0.8,0.0
2020-02-11,0.0,13.1,14.0
2020-02-12,4.5,4.0,2.8
2020-02-14,0.0,0.7,0.0
2020-02-15,0.0,0.8,0.0
2020-02-17,1.8,33.4,42.7
2020-02-18,55.3,0.1,0.0
2020-02-20,5.0,2.4,1.0
2020-02-21,7.0,18.8,20.9
2020-02-22,17.1,3.3,1.0
2020-02-23,4.2,0.5,0.0
2020-02-24,1.2,10.1,8.2
2020-02-25,54.3,4.2,1.0
2020-02-26,1.9,0.0,0.0
2020-02-27,0.0,0.0,0.0
2020-02-28,0.0,0.0,0.0
2020-03-01,0.0,1.6,0.0
2020-03-02,0.0,1.1,0.0
2020-03-05,12.0,19.4,14.5
2020-03-06,2.0,0.8,0.0
2020-03-07,6.5,1.3,0.0
2020-03-09,13.9,3.3,0.0
2020-03-10,0.6,0.4,0.0
2020-03-12,2.3,0.5,0.0
2020-03-15,0.0,8.2,3.0
2020-03-16,0.0,4.4,0.0
2020-03-17,1.3,8.6,3.4
2020-03-18,17.2,9.7,4.4
2020-03-19,8.0,33.0,41.0
2020-03-20,56.2,14.3,8.8
2020-03-22,64.6,2.7,0.0
2020-03-23,1.6,33.2,36.0
2020-03-24,11.9,11.7,5.1
2020-03-25,2.8,0.9,0.0
2020-03-27,2.5,22.0,14.9
2020-03-28,9.0,0.8,0.0
2020-03-29,0.0,0.3,0.0
2020-04-01,0.5,0.4,0.0
2020-04-02,6.6,26.9,41.7
2020-04-03,14.0,5.2,1.3
2020-04-05,0.0,39.1,63.0
2020-04-06,129.1,10.4,7.5
2020-04-07,1.6,0.0,0.0
2020-04-10,0.2,2.7,0.0
2020-04-11,30.4,0.7,0.0
2020-04-12,0.2,7.8,4.3
2020-04-13,1.3,3.1,0.0
2020-04-14,0.0,0.1,0.0
2020-04-15,1.0,0.4,0.0
2020-04-17,3.5,0.2,0.0
2020-04-19,1.0,0.7,0.0
2020-04-20,0.0,0.0,0.0
2020-04-23,29.4,2.7,0.0
2020-04-24,0.0,5.4,2.4
2020-04-26,0.3,30.4,47.5
2020-04-27,27.3,0.5,0.0
2020-04-28,0.0,2.7,0.0
2020-04-30,4.2,3.6,1.0
2020-05-01,1.0,4.1,1.2
2020-05-02,0.6,0.6,0.0
2020-05-03,2.6,6.8,3.8
2020-05-04,6.4,0.2,0.0
2020-05-05,0.0,22.5,21.8
2020-05-06,46.5,10.4,7.3
2020-05-07,2.2,44.5,50.7
2020-05-08,59.5,23.0,21.2
2020-05-09,8.8,17.7,14.5
2020-05-10,43.7,3.3,1.0
2020-05-11,2.0,0.0,0.0
2020-05-14,3.5,4.9,1.6
2020-05-15,12.8,4.1,1.0
2020-05-16,5.8,0.6,0.0
2020-05-18,36.6,0.2,0.0
2020-05-20,0.0,21.5,51.1
2020-05-21,36.0,0.0,0.0
2020-05-23,24.5,1.0,0.0
2020-05-25,2.8,0.1,0.0
2020-05-27,5.5,1.1,0.0
2020-05-30,10.3,3.2,0.0
2020-05-31,17.7,2.3,0.0
2020-06-03,7.0,3.8,1.0
2020-06-05,114.0,1.5,0.0
2020-06-07,4.0,0.1,0.0
2020-06-10,0.0,0.0,0.0
2020-06-11,0.0,0.0,0.0
2020-06-12,0.0,0.0,0.0
2020-06-13,0.0,2.2,0.0
2020-06-14,8.6,0.0,0.0
2020-06-16,0.0,5.8,2.6
2020-06-17,20.5,3.6,1.0
2020-06-18,0.5,1.5,0.0
2020-06-19,14.0,0.0,0.0
2020-06-21,0.4,0.6,0.0
2020-06-23,0.3,1.0,0.0
2020-06-24,1.2,1.0,0.0
2020-06-25,0.0,0.1,0.0
2020-06-27,0.0,2.8,1.0
2020-06-30,0.0,0.0,0.0
2020-07-01,0.0,2.5,0.0
2020-07-03,0.0,0.0,0.0
2020-07-04,0.0,0.9,0.0
2020-07-06,6.3,1.5,0.0
2020-07-07,5.0,14.9,22.5
2020-07-08,19.3,15.8,25.4
2020-07-09,15.0,6.7,5.3
2020-07-11,1.0,3.0,0.0
2020-07-12,1.0,0.1,0.0
2020-07-13,0.0,70.2,80.4
2020-07-14,68.9,26.4,38.7
2020-07-15,1.7,1.1,0.0
2020-07-16,0.8,1.3,0.0
2020-07-17,0.0,6.1,2.0
2020-07-18,12.6,1.3,0.0
2020-07-19,12.7,6.0,2.0
2020-07-20,2.7,2.8,0.0
2020-07-21,0.9,0.2,0.0
2020-07-23,1.6,14.2,12.4
2020-07-24,5.0,9.1,5.4
2020-07-25,0.0,0.0,0.0
2020-08-02,0.0,0.4,0.0
2020-08-04,0.0,18.5,21.5
2020-08-05,75.2,6.8,3.5
2020-08-06,0.2,1.6,0.0
2020-08-07,0.0,0.2,0.0
2020-08-09,0.0,0.3,0.0
2020-08-10,0.2,8.2,5.6
2020-08-13,19.7,3.9,0.0
2020-08-14,0.0,3.3,0.0
2020-08-15,0.2,14.8,11.9
2020-08-16,60.0,0.1,0.0
2020-08-18,6.1,1.9,0.0
2020-08-19,1.0,0.3,0.0
2020-08-23,0.0,2.4,0.0
2020-08-25,0.0,1.9,0.0
2020-08-26,1.2,16.3,15.5
2020-08-27,32.5,0.5,0.0
2020-08-29,0.0,3.8,0.0
2020-08-30,7.4,8.5,3.9
2020-08-31,13.0,0.0,0.0
2020-09-01,1.0,1.2,0.0
2020-09-02,0.0,10.7,7.3
2020-09-03,8.5,22.5,35.9
2020-09-04,3.0,11.0,9.2
2020-09-05,38.5,26.0,43.4
2020-09-06,10.6,0.2,0.0
2020-09-07,0.0,3.8,0.0
2020-09-10,72.0,14.2,12.9
2020-09-11,5.5,0.9,0.0
2020-09-12,3.9,1.0,0.0
2020-09-14,55.4,6.1,1.0
2020-09-28,2.0,13.7,12.6
2020-09-29,6.3,4.2,0.0
2020-09-30,1.0,9.0,6.1
2020-10-01,4.9,9.8,9.5
2020-10-02,14.3,11.5,12.5
2020-10-03,14.2,11.0,11.0
2020-10-04,0.0,0.5,0.0
2020-10-06,99.1,6.9,4.5
2020-10-08,6.3,14.8,24.4
2020-10-09,12.8,7.4,5.3
2020-10-11,7.6,10.3,6.7
2020-10-13,1.4,0.5,0.0
2020-10-14,0.0,1.3,0.0
2020-10-16,0.0,2.3,0.0
2020-10-18,1.8,0.7,0.0
2020-10-21,89.8,3.8,0.0
2020-10-23,2.7,6.6,1.8
2020-10-24,0.2,73.8,85.4
2020-10-25,13.3,5.0,1.0
2020-10-26,8.4,3.3,0.0
2020-10-28,0.0,3.0,0.0
2020-10-30,7.0,4.4,0.0
2020-10-31,3.3,6.7,1.9
2020-11-01,1.2,0.3,0.0
2020-11-02,0.0,20.3,21.1
2020-11-03,14.6,26.2,32.0
2020-11-04,30.5,1.0,0.0
2020-11-07,0.0,17.4,13.7
2020-11-08,8.3,3.3,0.0
2020-11-09,1.8,25.6,31.3
2020-11-10,37.5,1.8,0.0
2020-11-14,1.2,5.0,1.0
2020-11-15,11.2,12.4,7.1
2020-11-16,17.0,9.1,4.0
2020-11-17,1.8,0.8,0.0
2020-11-19,2.9,24.9,23.5
2020-11-20,37.0,11.1,5.8
2020-11-21,5.6,37.8,43.3
2020-11-22,27.0,10.2,6.0
2020-11-23,31.3,6.2,1.9
2020-11-24,1.5,8.0,3.7
2020-11-26,5.5,21.4,19.2
2020-11-27,9.6,8.0,3.8
2020-11-29,10.1,19.8,16.5
2020-11-30,19.9,1.3,0.0
2020-12-05,3.6,1.0,0.0
2020-12-09,41.0,4.2,0.0
2020-12-10,2.2,17.6,16.7
2020-12-11,37.4,1.4,0.0
2020-12-15,0.5,8.3,4.5
2020-12-16,7.0,15.1,12.4
2020-12-17,0.5,21.8,25.5
2020-12-18,2.0,8.0,4.2
2020-12-19,2.5,23.9,28.2
2020-12-20,29.8,0.3,0.0
2020-12-22,0.0,0.8,0.0
2020-12-23,0.0,45.6,50.2
2020-12-24,55.8,2.1,0.0
2020-12-27,25.3,37.6,39.2
2020-12-28,17.0,85.8,91.5
2020-12-29,84.5,6.1,2.1
2020-12-31,137.9,27.8,26.5
2021-01-01,1.3,5.4,1.6
2021-01-03,3.0,22.2,29.0
2021-01-04,47.0,5.3,1.5
2021-01-06,0.0,3.8,1.0
2021-01-07,0.4,0.2,0.0
2021-01-09,22.6,5.9,2.2
2021-01-10,2.4,1.4,0.0
2021-01-11,0.0,1.7,0.0
2021-01-12,2.6,40.4,57.6
2021-01-13,24.6,18.7,18.3
2021-01-14,15.2,9.6,7.6
2021-01-16,14.7,1.5,0.0
2021-01-17,0.0,13.3,11.8
2021-01-18,22.2,0.4,0.0
2021-01-24,1.0,0.2,0.0
2021-01-26,11.5,1.7,1.0
2021-01-27,1.6,6.1,4.7
2021-01-28,6.2,8.4,7.1
2021-01-29,2.0,4.0,2.6
2021-01-30,0.2,5.8,4.4
2021-01-31,4.5,0.3,0.0
2021-02-01,2.2,0.8,0.0
2021-02-03,8.0,0.4,0.0
2021-02-04,0.5,0.3,0.0
2021-02-06,0.5,0.0,0.0
2021-02-08,0.0,0.0,0.0
2021-02-09,0.0,0.1,0.0
2021-02-10,0.0,0.0,0.0
2021-02-11,0.0,0.1,0.0
2021-02-12,1.0,0.1,0.0
2021-02-14,1.7,0.0,0.0
2021-02-15,0.0,0.0,0.0
2021-02-17,0.0,0.3,0.0
2021-02-18,6.0,0.5,0.0
2021-02-19,1.5,0.0,0.0
2021-02-20,0.0,0.0,0.0
2021-02-21,0.0,0.1,0.0
2021-02-23,0.0,7.1,4.2
2021-02-24,5.5,0.0,0.0
2021-02-25,0.0,2.0,0.0
2021-02-26,1.2,0.1,0.0
2021-02-28,0.0,2.4,0.0
2021-03-02,6.6,1.5,0.0
2021-03-03,0.0,0.2,0.0
2021-03-05,0.0,2.5,0.0
2021-03-07,127.4,3.8,0.0
2021-03-08,2.5,2.1,0.0
2021-03-10,0.0,0.0,0.0
2021-03-13,0.0,7.3,2.2
2021-03-14,17.9,9.4,4.1
2021-03-15,1.0,2.3,0.0
2021-03-17,20.9,11.8,6.3
2021-03-18,99.7,1.5,0.0
2021-03-19,1.0,0.5,0.0
2021-03-20,1.0,20.9,21.2
2021-03-21,1.5,13.1,6.4
2021-03-22,2.2,1.8,0.0
2021-03-23,10.8,1.1,0.0
2021-03-24,1.0,15.7,8.7
2021-03-25,8.6,2.5,0.0
2021-03-27,44.4,1.0,0.0
2021-03-29,0.2,2.4,0.0
2021-03-30,0.0,36.9,41.4
2021-03-31,64.6,6.7,1.0
2021-04-01,0.8,0.1,0.0
2021-04-02,0.0,1.1,0.0
2021-04-04,0.2,2.1,0.0
2021-04-05,0.0,6.1,2.2
2021-04-06,1.6,12.3,10.1
2021-04-07,27.1,18.2,18.3
2021-04-08,36.4,7.5,3.8
2021-04-09,12.2,5.6,1.7
2021-04-10,21.5,7.9,4.3
2021-04-11,6.2,2.8,0.0
2021-04-12,0.0,0.0,0.0
2021-04-13,2.3,11.6,8.5
2021-04-14,3.0,3.2,0.0
2021-04-15,0.6,9.3,6.0
2021-04-17,123.8,33.4,47.4
2021-04-18,21.9,0.7,0.0
2021-04-19,1.1,11.1,7.9
2021-04-20,25.4,12.8,9.9
2021-04-21,12.1,0.0,0.0
2021-04-27,61.4,0.1,0.0
2021-04-29,31.0,21.9,32.8
2021-04-30,48.9,15.5,14.9
2021-05-01,5.6,1.9,0.0
2021-05-02,40.7,0.1,0.0
2021-05-05,0.0,1.4,0.0
2021-05-06,1.0,2.7,1.0
2021-05-09,0.0,0.0,0.0
2021-05-11,1.0,12.1,21.0
2021-05-12,17.8,11.4,18.3
2021-05-13,3.2,8.1,6.5
2021-05-14,44.8,0.0,0.0
2021-05-16,0.0,9.6,8.8
2021-05-17,17.3,8.3,7.1
2021-05-18,60.5,10.4,10.1
2021-05-21,0.0,32.5,75.0
2021-05-22,95.8,6.5,4.5
2021-05-23,2.6,0.3,0.0
2021-05-24,0.0,0.0,0.0
2021-05-25,0.0,0.0,0.0
2021-05-27,0.0,0.2,0.0
2021-05-28,0.5,7.3,5.8
2021-05-29,17.9,17.1,29.2
2021-05-30,5.5,2.8,0.0
2021-05-31,5.9,4.9,2.0
2021-06-01,0.5,3.2,0.0
2021-06-02,0.3,0.5,0.0
2021-06-03,3.4,0.7,0.0
2021-06-04,0.4,0.3,0.0
2021-06-07,0.0,2.3,0.0
2021-06-11,0.0,0.3,0.0
2021-06-13,0.0,6.6,3.5
2021-06-14,16.0,3.7,1.0
2021-06-15,34.5,8.7,6.4
2021-06-16,2.9,5.5,2.2
2021-06-18,26.0,0.8,0.0
2021-06-20,0.0,1.2,0.0
2021-06-22,0.0,2.2,1.0
2021-06-24,0.0,2.4,1.0
2021-06-27,56.0,0.2,0.0
2021-06-29,1.2,23.7,53.3
2021-06-30,28.5,1.1,0.0
2021-07-04,1.0,0.2,0.0
2021-07-05,0.0,0.4,0.0
2021-07-06,8.2,0.1,0.0
2021-07-09,1.5,0.6,0.0
2021-07-10,3.0,19.4,33.6
2021-07-11,89.3,4.7,1.0
2021-07-12,1.0,18.9,28.6
2021-07-13,78.7,15.7,24.9
2021-07-14,0.2,2.7,0.0
2021-07-16,0.0,0.2,0.0
2021-07-19,0.0,10.3,7.3
2021-07-20,16.9,0.0,0.0
2021-07-21,0.0,0.9,0.0
2021-07-24,74.1,1.0,0.0
2021-07-29,0.0,0.8,0.0
2021-08-02,2.4,2.4,0.0
2021-08-05,11.4,0.6,0.0
2021-08-06,7.6,0.2,0.0
2021-08-09,1.0,21.6,25.2
2021-08-10,14.0,0.2,0.0
2021-08-15,1.0,16.7,14.4
2021-08-16,2.3,7.7,3.4
2021-08-17,6.1,25.5,43.6
2021-08-18,0.4,18.9,23.9
2021-08-19,4.8,25.6,43.9
2021-08-20,29.9,21.9,33.7
2021-08-21,2.2,0.0,0.0
2021-08-23,1.2,21.7,31.3
2021-08-24,29.6,3.6,0.0
2021-08-29,3.7,1.1,0.0
2021-08-30,1.6,14.6,12.7
2021-08-31,44.8,25.4,41.4
2021-09-01,10.2,21.3,33.2
2021-09-02,1.9,16.1,20.6
2021-09-03,0.3,4.3,0.0
2021-09-04,16.2,4.2,0.0
2021-09-05,1.0,2.0,0.0
2021-09-07,0.0,54.5,80.6
2021-09-08,126.1,10.7,7.5
2021-09-09,2.0,3.5,0.0
2021-09-12,0.0,21.5,32.9
2021-09-13,21.1,26.3,42.4
2021-09-14,18.2,3.1,0.0
2021-09-17,0.0,6.2,1.1
2021-09-19,10.2,3.9,0.0
2021-09-20,1.0,0.3,0.0
2021-09-23,23.1,30.0,50.4
2021-09-24,18.0,0.5,0.0
2021-09-26,0.0,15.9,21.6
2021-09-27,66.8,6.1,2.1
2021-09-28,1.7,0.9,0.0
2021-09-30,18.6,18.8,28.2
2021-10-01,0.6,3.1,0.0
2021-10-02,0.0,1.4,0.0
2021-10-03,0.5,11.5,12.4
2021-10-04,7.2,2.8,0.0
2021-10-05,3.6,15.5,25.5
2021-10-06,21.6,5.9,2.9
2021-10-09,59.2,1.1,0.0
2021-10-11,3.5,2.0,0.0
2021-10-13,51.6,15.9,12.6
2021-10-14,9.3,1.5,0.0
2021-10-15,0.0,8.3,4.6
2021-10-16,34.0,2.2,0.0
2021-10-21,42.1,14.7,12.4
2021-10-22,2.0,3.7,0.0
2021-10-25,2.1,12.7,9.7
2021-10-26,2.8,13.5,10.7
2021-10-27,0.0,6.6,1.8
2021-10-28,5.9,16.4,14.5
2021-10-29,0.8,0.9,0.0
2021-10-30,8.8,39.4,59.7
2021-10-31,38.5,32.3,48.1
2021-11-01,9.4,3.2,0.0
2021-11-03,20.0,3.5,0.0
2021-11-05,0.8,14.7,10.8
2021-11-06,0.7,1.5,0.0
2021-11-08,66.8,12.4,8.4
2021-11-09,2.8,12.4,8.4
2021-11-10,34.0,34.0,44.3
2021-11-11,8.1,10.0,4.8
2021-11-13,22.7,4.5,0.0
2021-11-14,49.6,17.6,11.9
2021-11-15,49.7,3.5,0.0
2021-11-18,28.3,5.3,1.0
2021-11-20,24.5,3.8,0.0
2021-11-21,0.0,3.3,0.0
2021-11-23,0.0,26.5,27.3
2021-11-24,4.3,6.1,1.8
2021-11-26,3.2,3.3,0.0
2021-11-29,24.0,3.3,0.0
2021-12-01,0.0,3.1,0.0
2021-12-03,0.0,2.3,0.0
2021-12-08,11.4,0.8,0.0
2021-12-10,32.8,2.7,0.0
2021-12-11,1.8,9.8,6.2
2021-12-12,2.1,7.3,3.4
2021-12-13,0.6,2.6,0.0
2021-12-14,1.0,19.3,22.2
2021-12-15,20.0,12.9,9.8
2021-12-16,23.9,16.6,14.3
2021-12-17,2.3,7.8,4.0
2021-12-18,0.5,21.2,24.6
2021-12-19,57.0,29.0,35.1
2021-12-20,36.7,2.2,0.0
2021-12-21,0.4,2.6,0.0
2021-12-23,1.3,8.1,3.9
2021-12-24,1.4,31.2,30.7
2021-12-25,14.3,3.1,0.0
2021-12-26,12.2,0.3,0.0
2021-12-28,11.6,5.1,1.2
2021-12-29,10.1,2.7,0.0
2021-12-31,10.0,31.5,31.8
