date,gauge,imergl,lseqmdl
2001-01-01,19.4,29.9,39.5
2001-01-02,10.8,17.5,17.9
2001-01-03,3.1,4.2,1.0
2001-01-04,0.0,3.2,0.0
2001-01-05,0.0,0.1,0.0
2001-01-06,2.3,6.4,2.4
2001-01-07,0.0,2.7,0.0
2001-01-08,0.0,1.0,0.0
2001-01-09,0.0,4.2,1.0
2001-01-10,3.0,3.1,0.0
2001-01-11,1.1,8.7,6.9
2001-01-12,12.0,2.5,1.0
2001-01-13,6.7,29.5,35.4
2001-01-14,27.6,0.1,0.0
2001-01-15,3.4,30.3,37.3
2001-01-16,0.0,1.2,0.0
2001-01-17,20.0,6.6,4.4
2001-01-18,0.0,1.9,0.0
2001-01-19,5.6,22.7,24.5
2001-01-20,2.2,17.0,16.4
2001-01-21,3.6,10.1,9.4
2001-01-22,9.4,1.5,1.0
2001-01-23,4.3,5.8,4.5
2001-01-24,3.2,52.9,97.7
2001-01-25,0.6,1.0,0.0
2001-01-26,0.1,13.7,13.6
2001-01-27,0.9,4.8,3.4
2001-01-28,1.3,6.5,5.3
2001-01-29,60.0,13.3,13.5
2001-01-30,1.0,4.5,3.1
2001-01-31,0.5,29.0,38.3
2001-02-01,0.0,0.8,0.0
2001-02-02,0.0,0.1,0.0
2001-02-03,4.4,5.5,4.4
2001-02-04,31.8,29.0,42.9
2001-02-05,3.0,27.3,40.4
2001-02-06,1.8,10.2,11.0
2001-02-07,67.3,40.8,53.3
2001-02-08,10.4,9.4,10.4
2001-02-09,1.2,5.3,4.1
2001-02-10,0.0,0.3,0.0
2001-02-11,0.0,5.6,5.0
2001-02-12,0.0,0.0,0.0
2001-02-13,0.0,0.0,0.0
2001-02-14,0.0,0.0,0.0
2001-02-15,9.0,3.8,2.5
2001-02-16,0.0,1.6,0.0
2001-02-17,0.0,0.0,0.0
2001-02-18,1.4,0.1,0.0
2001-02-19,0.0,0.3,0.0
2001-02-20,0.0,0.0,0.0
2001-02-21,22.3,43.9,71.5
2001-02-22,24.8,0.7,0.0
2001-02-23,0.3,0.8,0.0
2001-02-24,0.6,5.0,2.3
2001-02-25,23.4,20.0,29.1
2001-02-26,29.5,24.6,39.3
2001-02-27,0.0,0.0,0.0
2001-02-28,0.0,21.6,31.8
2001-03-01,0.0,6.4,1.0
2001-03-02,0.0,0.0,0.0
2001-03-03,0.0,1.0,0.0
2001-03-04,8.4,3.2,0.0
2001-03-05,0.0,0.3,0.0
2001-03-06,0.0,0.0,0.0
2001-03-07,13.0,9.1,2.8
2001-03-08,0.0,1.0,0.0
2001-03-09,34.3,74.5,75.7
2001-03-10,13.3,6.7,1.0
2001-03-11,0.4,1.7,0.0
2001-03-12,1.9,1.2,0.0
2001-03-13,33.8,13.2,8.1
2001-03-14,0.0,1.3,0.0
2001-03-15,1.6,10.6,5.4
2001-03-16,7.7,33.6,46.2
2001-03-17,9.3,17.7,12.8
2001-03-18,0.0,0.0,0.0
2001-03-19,0.0,0.1,0.0
2001-03-20,16.8,5.8,1.0
2001-03-21,17.0,28.3,29.0
2001-03-22,0.1,10.6,3.6
2001-03-23,7.5,9.8,2.8
2001-03-24,0.9,22.6,15.5
2001-03-25,39.2,65.1,70.9
2001-03-26,9.4,75.3,77.3
2001-03-27,0.0,3.8,0.0
2001-03-28,16.4,23.2,15.8
2001-03-29,0.0,6.4,1.0
2001-03-30,4.0,61.4,68.6
2001-03-31,9.0,17.6,10.4
2001-04-01,0.4,0.1,0.0
2001-04-02,0.0,0.5,0.0
2001-04-03,14.1,9.7,7.1
2001-04-04,0.8,0.7,0.0
2001-04-05,23.2,24.1,37.1
2001-04-06,14.6,11.9,10.2
2001-04-07,1.3,1.3,0.0
2001-04-08,11.2,20.1,31.6
2001-04-09,0.6,18.0,18.8
2001-04-10,0.7,16.8,17.5
2001-04-11,0.0,1.5,0.0
2001-04-12,140.4,4.5,1.0
2001-04-13,0.5,4.3,1.0
2001-04-14,0.0,9.5,7.2
2001-04-15,0.0,0.0,0.0
2001-04-16,0.5,4.9,1.5
2001-04-17,0.0,4.6,1.2
2001-04-18,0.0,0.0,0.0
2001-04-19,0.0,5.2,1.8
2001-04-20,22.4,7.6,4.7
2001-04-21,17.2,16.4,17.0
2001-04-22,1.0,0.0,0.0
2001-04-23,0.0,0.0,0.0
2001-04-24,1.4,60.3,71.7
2001-04-25,8.4,9.6,7.3
2001-04-26,29.8,4.3,1.0
2001-04-27,1.8,8.8,6.2
2001-04-28,11.5,5.1,1.6
2001-04-29,0.0,7.3,4.2
2001-04-30,0.0,0.2,0.0
2001-05-01,6.5,18.7,20.4
2001-05-02,0.0,0.6,0.0
2001-05-03,10.8,3.6,0.0
2001-05-04,19.2,26.2,28.2
2001-05-05,4.8,0.2,0.0
2001-05-06,28.9,3.5,0.0
2001-05-07,0.0,12.7,9.9
2001-05-08,1.8,1.3,0.0
2001-05-09,0.4,1.3,0.0
2001-05-10,0.0,1.6,0.0
2001-05-11,5.0,10.5,10.1
2001-05-12,26.5,64.4,87.6
2001-05-13,0.0,0.0,0.0
2001-05-14,0.0,0.3,0.0
2001-05-15,0.0,0.8,0.0
2001-05-16,0.0,2.7,0.0
2001-05-17,0.0,0.2,0.0
2001-05-18,1.0,3.6,0.0
2001-05-19,0.0,1.8,0.0
2001-05-20,0.0,0.6,0.0
2001-05-21,0.0,0.1,0.0
2001-05-22,0.0,0.4,0.0
2001-05-23,0.0,0.5,0.0
2001-05-24,0.0,5.2,2.0
2001-05-25,0.0,0.1,0.0
2001-05-26,0.2,5.2,2.0
2001-05-27,0.0,0.6,0.0
2001-05-28,39.8,6.5,4.3
2001-05-29,0.0,1.6,0.0
2001-05-30,0.0,0.4,0.0
2001-05-31,0.0,0.1,0.0
2001-06-01,1.7,7.7,3.5
2001-06-02,1.3,3.8,0.0
2001-06-03,6.2,3.9,0.0
2001-06-04,1.8,3.9,0.0
2001-06-05,22.0,3.9,0.0
2001-06-06,11.4,2.1,0.0
2001-06-07,17.8,5.1,1.0
2001-06-08,0.0,10.8,6.8
2001-06-09,0.0,0.0,0.0
2001-06-10,0.0,0.1,0.0
2001-06-11,0.0,0.8,0.0
2001-06-12,0.0,0.3,0.0
2001-06-13,4.0,0.0,0.0
2001-06-14,0.0,0.6,0.0
2001-06-15,18.0,29.3,47.8
2001-06-16,0.0,8.7,5.2
2001-06-17,0.0,3.2,0.0
2001-06-18,0.0,0.3,0.0
2001-06-19,0.0,0.5,0.0
2001-06-20,0.0,1.3,0.0
2001-06-21,0.0,0.1,0.0
2001-06-22,0.0,0.0,0.0
2001-06-23,0.0,0.1,0.0
2001-06-24,0.0,0.0,0.0
2001-06-25,0.0,1.8,0.0
2001-06-26,0.0,0.1,0.0
2001-06-27,0.0,0.1,0.0
2001-06-28,28.7,25.0,54.1
2001-06-29,0.0,3.0,0.0
2001-06-30,0.0,0.7,0.0
2001-07-01,0.0,0.0,0.0
2001-07-02,0.0,0.0,0.0
2001-07-03,0.0,0.0,0.0
2001-07-04,0.0,4.2,1.0
2001-07-05,0.0,0.7,0.0
2001-07-06,0.0,0.8,0.0
2001-07-07,0.0,0.0,0.0
2001-07-08,0.0,0.0,0.0
2001-07-09,0.0,0.0,0.0
2001-07-10,0.0,0.0,0.0
2001-07-11,0.0,0.0,0.0
2001-07-12,8.2,7.1,2.9
2001-07-13,0.0,3.5,0.0
2001-07-14,0.0,0.0,0.0
2001-07-15,0.1,0.8,0.0
2001-07-16,9.0,0.1,0.0
2001-07-17,0.5,2.0,0.0
2001-07-18,0.0,0.0,0.0
2001-07-19,0.0,0.0,0.0
2001-07-20,0.0,1.6,0.0
2001-07-21,2.3,0.0,0.0
2001-07-22,0.0,0.1,0.0
2001-07-23,0.4,0.5,0.0
2001-07-24,0.0,0.6,0.0
2001-07-25,33.3,0.0,0.0
2001-07-26,0.0,1.0,0.0
2001-07-27,0.0,0.0,0.0
2001-07-28,0.0,0.2,0.0
2001-07-29,0.0,1.0,0.0
2001-07-30,3.6,4.4,0.0
2001-07-31,0.4,5.9,2.4
2001-08-01,4.4,5.3,1.0
2001-08-02,0.0,7.3,3.2
2001-08-03,0.0,5.2,1.0
2001-08-04,5.4,4.0,0.0
2001-08-05,71.4,16.3,21.6
2001-08-06,0.0,0.0,0.0
2001-08-07,0.0,0.0,0.0
2001-08-08,30.0,58.4,68.3
2001-08-09,0.0,1.3,0.0
2001-08-10,8.0,4.2,0.0
2001-08-11,0.0,0.2,0.0
2001-08-12,0.0,0.0,0.0
2001-08-13,0.0,0.0,0.0
2001-08-14,0.0,0.0,0.0
2001-08-15,0.0,0.3,0.0
2001-08-16,0.0,0.2,0.0
2001-08-17,0.0,0.5,0.0
2001-08-18,0.0,1.4,0.0
2001-08-19,0.0,6.3,2.4
2001-08-20,0.0,12.3,11.4
2001-08-21,26.3,11.8,11.4
2001-08-22,14.1,15.7,27.0
2001-08-23,0.4,2.0,0.0
2001-08-24,2.2,3.0,0.0
2001-08-25,0.0,3.9,0.0
2001-08-26,0.0,7.8,4.5
2001-08-27,0.7,22.5,48.7
2001-08-28,0.0,0.4,0.0
2001-08-29,57.2,5.0,1.0
2001-08-30,50.3,17.3,33.0
2001-08-31,0.0,4.5,0.0
2001-09-01,0.0,0.7,0.0
2001-09-02,0.1,4.0,0.0
2001-09-03,2.7,0.7,0.0
2001-09-04,0.0,5.7,1.0
2001-09-05,0.2,7.0,1.7
2001-09-06,43.1,29.6,50.4
2001-09-07,1.3,3.9,0.0
2001-09-08,0.0,0.5,0.0
2001-09-09,0.0,0.1,0.0
2001-09-10,0.0,0.0,0.0
2001-09-11,0.5,0.8,0.0
2001-09-12,0.0,1.1,0.0
2001-09-13,4.0,1.9,0.0
2001-09-14,1.9,0.5,0.0
2001-09-15,2.2,0.3,0.0
2001-09-16,0.0,1.9,0.0
2001-09-17,0.0,13.0,8.7
2001-09-18,21.8,3.8,0.0
2001-09-19,0.0,0.0,0.0
2001-09-20,0.0,0.5,0.0
2001-09-21,0.0,1.1,0.0
2001-09-22,0.0,0.1,0.0
2001-09-23,0.0,0.0,0.0
2001-09-24,0.0,0.1,0.0
2001-09-25,0.0,19.1,31.1
2001-09-26,0.0,9.4,6.2
2001-09-27,4.1,1.6,0.0
2001-09-28,10.2,5.3,1.0
2001-09-29,4.7,0.3,0.0
2001-09-30,12.4,3.5,0.0
2001-10-01,33.6,27.3,57.8
2001-10-02,14.4,0.3,0.0
2001-10-03,0.0,3.4,0.0
2001-10-04,4.5,32.8,65.7
2001-10-05,3.3,2.9,0.0
2001-10-06,67.0,10.4,12.3
2001-10-07,0.0,0.5,0.0
2001-10-08,0.0,3.0,0.0
2001-10-09,0.9,9.2,9.2
2001-10-10,37.4,2.2,0.0
2001-10-11,0.0,0.6,0.0
2001-10-12,0.0,0.8,0.0
2001-10-13,0.0,0.5,0.0
2001-10-14,23.4,8.4,4.5
2001-10-15,0.0,0.1,0.0
2001-10-16,10.3,8.4,4.5
2001-10-17,1.2,0.4,0.0
2001-10-18,0.4,2.2,0.0
2001-10-19,9.2,26.7,34.7
2001-10-20,1.7,16.0,13.5
2001-10-21,33.0,19.2,32.1
2001-10-22,2.0,10.6,7.6
2001-10-23,46.2,10.1,7.0
2001-10-24,2.3,10.1,6.8
2001-10-25,0.0,5.8,1.0
2001-10-26,32.6,8.7,4.9
2001-10-27,0.0,1.7,0.0
2001-10-28,9.6,6.8,2.2
2001-10-29,0.7,16.1,17.2
2001-10-30,0.4,1.4,0.0
2001-10-31,3.0,6.5,1.7
2001-11-01,0.0,5.8,1.3
2001-11-02,31.4,8.2,3.8
2001-11-03,0.0,0.9,0.0
2001-11-04,70.2,11.7,7.5
2001-11-05,10.6,14.3,10.4
2001-11-06,14.5,22.5,28.8
2001-11-07,30.2,9.6,5.3
2001-11-08,0.0,2.0,0.0
2001-11-09,38.4,0.5,0.0
2001-11-10,0.0,0.0,0.0
2001-11-11,0.0,3.3,0.0
2001-11-12,0.0,0.0,0.0
2001-11-13,0.0,3.7,0.0
2001-11-14,7.8,15.3,9.5
2001-11-15,0.0,0.9,0.0
2001-11-16,0.0,2.7,0.0
2001-11-17,0.8,0.9,0.0
2001-11-18,43.4,9.7,4.0
2001-11-19,17.4,22.0,16.3
2001-11-20,23.4,33.5,33.7
2001-11-21,2.8,10.3,5.8
2001-11-22,0.0,6.6,1.7
2001-11-23,22.6,25.5,29.9
2001-11-24,0.0,1.6,0.0
2001-11-25,9.8,3.5,0.0
2001-11-26,13.0,0.5,0.0
2001-11-27,22.6,0.2,0.0
2001-11-28,17.8,3.2,0.0
2001-11-29,13.5,5.2,1.0
2001-11-30,0.0,2.5,0.0
2001-12-01,34.8,166.8,87.1
2001-12-02,0.0,9.2,3.7
2001-12-03,0.4,0.3,0.0
2001-12-04,0.0,3.2,0.0
2001-12-05,0.5,18.1,23.6
2001-12-06,0.0,0.8,0.0
2001-12-07,0.0,8.3,2.7
2001-12-08,0.0,1.9,0.0
2001-12-09,37.7,50.5,71.0
2001-12-10,0.8,18.6,25.4
2001-12-11,1.9,7.2,3.2
2001-12-12,0.0,2.2,0.0
2001-12-13,17.8,13.9,10.5
2001-12-14,0.0,1.3,0.0
2001-12-15,0.4,0.7,0.0
2001-12-16,0.0,1.3,0.0
2001-12-17,13.3,13.5,10.0
2001-12-18,70.0,6.9,2.9
2001-12-19,35.5,10.0,6.3
2001-12-20,0.0,0.8,0.0
2001-12-21,4.9,4.9,1.0
2001-12-22,32.8,21.6,18.1
2001-12-23,0.4,0.3,0.0
2001-12-24,4.7,0.2,0.0
2001-12-25,4.4,8.1,3.4
2001-12-26,0.8,2.5,0.0
2001-12-27,8.4,5.3,1.0
2001-12-28,0.0,0.0,0.0
2001-12-29,100.1,7.3,2.7
2001-12-30,35.9,9.8,5.1
2001-12-31,0.0,1.3,0.0
2002-01-01,0.0,0.0,0.0
2002-01-02,0.0,0.0,0.0
2002-01-03,0.0,0.0,0.0
2002-01-04,0.0,0.0,0.0
2002-01-05,0.0,0.0,0.0
2002-01-06,22.3,17.2,16.8
2002-01-07,4.4,6.9,2.8
2002-01-08,0.7,25.5,31.4
2002-01-09,3.6,7.1,3.1
2002-01-10,38.2,17.1,16.8
2002-01-11,0.0,0.0,0.0
2002-01-12,10.6,30.5,37.7
2002-01-13,4.8,17.4,17.1
2002-01-14,0.0,0.0,0.0
2002-01-15,0.0,0.0,0.0
2002-01-16,0.0,1.0,0.0
2002-01-17,0.0,0.0,0.0
2002-01-18,0.0,3.8,1.5
2002-01-19,0.0,0.0,0.0
2002-01-20,9.6,5.9,3.7
2002-01-21,4.8,11.1,11.0
2002-01-22,2.0,17.4,21.9
2002-01-23,0.0,8.3,7.2
2002-01-24,0.0,5.8,4.5
2002-01-25,0.0,2.8,1.3
2002-01-26,0.0,5.9,4.6
2002-01-27,44.7,29.3,38.6
2002-01-28,11.1,9.0,8.1
2002-01-29,7.4,0.1,0.0
2002-01-30,0.4,0.8,0.0
2002-01-31,18.2,0.2,0.0
2002-02-01,0.0,0.1,0.0
2002-02-02,0.0,0.1,0.0
2002-02-03,0.0,0.0,0.0
2002-02-04,0.0,0.1,0.0
2002-02-05,0.0,2.0,1.0
2002-02-06,0.0,2.0,0.0
2002-02-07,0.0,1.1,0.0
2002-02-08,0.0,0.0,0.0
2002-02-09,0.0,0.2,0.0
2002-02-10,0.0,0.1,0.0
2002-02-11,0.0,0.0,0.0
2002-02-12,1.2,0.0,0.0
2002-02-13,0.0,1.4,0.0
2002-02-14,0.0,0.9,0.0
2002-02-15,0.0,0.0,0.0
2002-02-16,0.0,0.2,0.0
2002-02-17,0.0,0.0,0.0
2002-02-18,0.0,0.0,0.0
2002-02-19,3.6,0.0,0.0
2002-02-20,27.7,11.4,13.1
2002-02-21,0.0,1.6,0.0
2002-02-22,0.0,0.5,0.0
2002-02-23,0.0,2.4,0.0
2002-02-24,0.0,1.9,0.0
2002-02-25,6.0,5.3,2.7
2002-02-26,7.6,0.0,0.0
2002-02-27,33.0,26.9,44.5
2002-02-28,1.9,11.5,11.8
2002-03-01,13.4,14.8,9.4
2002-03-02,0.0,0.6,0.0
2002-03-03,0.0,4.2,0.0
2002-03-04,39.2,13.4,8.1
2002-03-05,6.0,2.6,0.0
2002-03-06,27.0,8.3,2.0
2002-03-07,0.0,2.5,0.0
2002-03-08,0.0,0.0,0.0
2002-03-09,0.0,0.2,0.0
2002-03-10,0.0,0.0,0.0
2002-03-11,0.0,0.0,0.0
2002-03-12,0.0,0.0,0.0
2002-03-13,8.3,5.7,1.0
2002-03-14,1.8,7.6,2.5
2002-03-15,1.6,5.5,1.0
2002-03-16,0.0,4.7,0.0
2002-03-17,0.0,2.3,0.0
2002-03-18,0.3,6.7,1.6
2002-03-19,8.5,22.4,27.4
2002-03-20,0.0,5.8,1.0
2002-03-21,4.6,8.5,1.7
2002-03-22,0.0,0.4,0.0
2002-03-23,8.0,7.0,1.0
2002-03-24,0.0,1.9,0.0
2002-03-25,0.0,2.3,0.0
2002-03-26,0.4,8.1,1.3
2002-03-27,13.8,12.1,5.0
2002-03-28,2.8,11.7,4.6
2002-03-29,12.3,35.7,41.8
2002-03-30,7.0,31.7,35.0
2002-03-31,50.0,20.7,13.5
2002-04-01,3.2,6.2,2.6
2002-04-02,0.0,0.5,0.0
2002-04-03,0.0,0.9,0.0
2002-04-04,3.0,3.0,0.0
2002-04-05,17.4,44.5,74.8
2002-04-06,0.8,6.3,2.7
2002-04-07,0.0,0.3,0.0
2002-04-08,0.0,7.0,3.6
2002-04-09,45.3,31.4,49.1
2002-04-10,32.8,0.0,0.0
2002-04-11,0.0,0.9,0.0
2002-04-12,0.0,0.0,0.0
2002-04-13,0.0,7.2,4.2
2002-04-14,1.8,1.9,0.0
2002-04-15,0.0,2.3,0.0
2002-04-16,0.0,8.7,6.1
2002-04-17,0.0,2.2,0.0
2002-04-18,2.5,16.5,22.1
2002-04-19,2.6,0.0,0.0
2002-04-20,0.0,0.0,0.0
2002-04-21,0.0,19.7,29.3
2002-04-22,11.0,1.4,0.0
2002-04-23,0.0,8.2,5.4
2002-04-24,6.6,26.8,44.3
2002-04-25,0.0,1.4,0.0
2002-04-26,7.0,5.5,2.0
2002-04-27,0.0,4.8,1.3
2002-04-28,0.0,12.2,10.9
2002-04-29,3.4,10.4,8.5
2002-04-30,3.5,1.7,0.0
2002-05-01,120.4,13.4,11.0
2002-05-02,0.0,1.9,0.0
2002-05-03,0.0,4.3,1.0
2002-05-04,4.6,4.8,1.0
2002-05-05,1.5,0.7,0.0
2002-05-06,50.9,26.7,29.6
2002-05-07,1.8,11.7,8.6
2002-05-08,0.0,6.0,2.2
2002-05-09,0.0,9.3,5.8
2002-05-10,0.0,0.5,0.0
2002-05-11,6.6,10.1,7.8
2002-05-12,0.5,1.0,0.0
2002-05-13,0.0,0.3,0.0
2002-05-14,1.0,1.7,0.0
2002-05-15,0.0,0.4,0.0
2002-05-16,0.0,0.0,0.0
2002-05-17,0.0,7.9,4.2
2002-05-18,0.0,0.7,0.0
2002-05-19,0.0,0.1,0.0
2002-05-20,0.0,0.1,0.0
2002-05-21,0.4,6.1,3.7
2002-05-22,0.4,0.0,0.0
2002-05-23,5.2,0.0,0.0
2002-05-24,47.7,9.3,10.3
2002-05-25,0.0,0.3,0.0
2002-05-26,8.9,0.1,0.0
2002-05-27,0.0,1.4,0.0
2002-05-28,0.0,0.1,0.0
2002-05-29,0.0,0.0,0.0
2002-05-30,0.0,2.7,0.0
2002-05-31,0.0,0.9,0.0
2002-06-01,0.0,1.3,0.0
2002-06-02,0.0,0.2,0.0
2002-06-03,0.0,0.3,0.0
2002-06-04,0.0,0.2,0.0
2002-06-05,0.0,1.0,0.0
2002-06-06,0.0,0.0,0.0
2002-06-07,0.0,0.8,0.0
2002-06-08,0.1,0.6,0.0
2002-06-09,0.0,0.3,0.0
2002-06-10,0.0,2.2,0.0
2002-06-11,4.2,22.2,33.3
2002-06-12,0.0,5.0,1.0
2002-06-13,72.2,9.0,5.7
2002-06-14,3.6,6.1,2.0
2002-06-15,0.0,4.4,1.0
2002-06-16,35.0,23.1,34.2
2002-06-17,0.0,6.7,2.7
2002-06-18,0.0,0.3,0.0
2002-06-19,0.0,0.0,0.0
2002-06-20,0.0,0.5,0.0
2002-06-21,0.0,1.9,0.0
2002-06-22,0.0,1.0,0.0
2002-06-23,0.0,0.6,0.0
2002-06-24,0.0,0.0,0.0
2002-06-25,0.0,0.0,0.0
2002-06-26,0.0,0.2,0.0
2002-06-27,0.0,0.0,0.0
2002-06-28,0.0,0.0,0.0
2002-06-29,0.0,0.3,0.0
2002-06-30,0.0,0.3,0.0
2002-07-01,0.0,4.7,1.7
2002-07-02,32.0,12.3,13.5
2002-07-03,6.8,2.5,0.0
2002-07-04,31.2,12.0,12.9
2002-07-05,0.0,0.8,0.0
2002-07-06,0.0,0.5,0.0
2002-07-07,0.0,0.6,0.0
2002-07-08,0.4,2.2,0.0
2002-07-09,0.0,0.0,0.0
2002-07-10,0.0,0.1,0.0
2002-07-11,22.5,0.0,0.0
2002-07-12,0.0,0.0,0.0
2002-07-13,3.5,8.6,4.7
2002-07-14,3.5,24.1,32.3
2002-07-15,0.0,5.8,1.4
2002-07-16,0.7,7.7,3.6
2002-07-17,0.0,0.4,0.0
2002-07-18,0.0,0.3,0.0
2002-07-19,29.0,19.6,27.7
2002-07-20,0.0,0.0,0.0
2002-07-21,30.6,10.4,10.9
2002-07-22,0.5,1.6,0.0
2002-07-23,1.7,9.5,8.4
2002-07-24,0.0,0.0,0.0
2002-07-25,0.0,0.0,0.0
2002-07-26,0.0,1.0,0.0
2002-07-27,0.0,0.1,0.0
2002-07-28,0.0,1.2,0.0
2002-07-29,8.6,2.8,0.0
2002-07-30,0.0,1.0,0.0
2002-07-31,0.0,0.5,0.0
2002-08-01,0.0,0.3,0.0
2002-08-02,0.9,0.0,0.0
2002-08-03,12.0,0.4,0.0
2002-08-04,0.0,0.0,0.0
2002-08-05,0.0,0.0,0.0
2002-08-06,0.0,0.0,0.0
2002-08-07,0.0,1.8,0.0
2002-08-08,0.0,1.5,0.0
2002-08-09,4.0,2.8,0.0
2002-08-10,0.0,1.5,0.0
2002-08-11,0.0,6.0,1.9
2002-08-12,0.0,0.0,0.0
2002-08-13,0.0,0.0,0.0
2002-08-14,0.0,3.5,0.0
2002-08-15,0.0,0.1,0.0
2002-08-16,0.0,0.0,0.0
2002-08-17,0.0,0.1,0.0
2002-08-18,0.0,0.0,0.0
2002-08-19,0.0,0.1,0.0
2002-08-20,0.0,0.0,0.0
2002-08-21,0.0,0.0,0.0
2002-08-22,0.0,0.0,0.0
2002-08-23,12.0,3.3,0.0
2002-08-24,0.0,6.4,2.4
2002-08-25,0.4,1.3,0.0
2002-08-26,0.6,2.0,0.0
2002-08-27,0.0,2.1,0.0
2002-08-28,1.0,1.2,0.0
2002-08-29,0.0,0.2,0.0
2002-08-30,0.0,4.4,0.0
2002-08-31,0.7,2.1,0.0
2002-09-01,0.0,0.2,0.0
2002-09-02,0.0,0.2,0.0
2002-09-03,3.0,5.7,1.0
2002-09-04,3.7,15.7,14.1
2002-09-05,0.0,2.0,0.0
2002-09-06,0.0,1.5,0.0
2002-09-07,0.0,0.0,0.0
2002-09-08,13.9,17.3,21.9
2002-09-09,5.3,12.4,9.4
2002-09-10,0.0,2.4,0.0
2002-09-11,2.7,2.4,0.0
2002-09-12,0.0,1.0,0.0
2002-09-13,8.3,18.4,28.0
2002-09-14,0.0,1.2,0.0
2002-09-15,0.0,0.0,0.0
2002-09-16,0.0,2.0,0.0
2002-09-17,0.0,0.0,0.0
2002-09-18,0.0,2.8,0.0
2002-09-19,0.0,0.8,0.0
2002-09-20,0.0,0.0,0.0
2002-09-21,0.0,0.0,0.0
2002-09-22,0.0,0.2,0.0
2002-09-23,0.0,4.9,0.0
2002-09-24,0.0,3.5,0.0
2002-09-25,0.0,6.7,2.2
2002-09-26,5.8,14.2,13.7
2002-09-27,14.0,24.9,44.4
2002-09-28,0.0,2.4,0.0
2002-09-29,0.0,4.0,0.0
2002-09-30,0.0,0.0,0.0
2002-10-01,0.0,0.0,0.0
2002-10-02,0.0,0.2,0.0
2002-10-03,0.0,3.7,0.0
2002-10-04,0.0,0.0,0.0
2002-10-05,0.0,0.6,0.0
2002-10-06,0.0,7.2,5.5
2002-10-07,13.0,0.0,0.0
2002-10-08,0.0,0.0,0.0
2002-10-09,0.0,0.0,0.0
2002-10-10,0.0,0.0,0.0
2002-10-11,0.0,0.6,0.0
2002-10-12,0.0,0.0,0.0
2002-10-13,0.0,0.1,0.0
2002-10-14,0.0,1.8,0.0
2002-10-15,0.0,8.1,4.1
2002-10-16,5.4,3.7,0.0
2002-10-17,29.8,16.7,14.3
2002-10-18,0.0,0.0,0.0
2002-10-19,0.0,0.0,0.0
2002-10-20,0.0,3.8,0.0
2002-10-21,0.0,0.1,0.0
2002-10-22,0.0,0.0,0.0
2002-10-23,0.0,0.0,0.0
2002-10-24,0.8,4.7,0.0
2002-10-25,38.2,2.1,0.0
2002-10-26,0.0,0.0,0.0
2002-10-27,0.0,26.3,44.3
2002-10-28,0.0,6.6,1.9
2002-10-29,0.0,0.1,0.0
2002-10-30,0.0,2.0,0.0
2002-10-31,0.0,0.0,0.0
2002-11-01,0.0,6.1,1.6
2002-11-02,3.0,0.4,0.0
2002-11-03,0.0,1.1,0.0
2002-11-04,0.0,1.7,0.0
2002-11-05,0.0,0.4,0.0
2002-11-06,0.3,2.3,0.0
2002-11-07,1.0,12.3,8.2
2002-11-08,0.0,0.0,0.0
2002-11-09,0.0,0.7,0.0
2002-11-10,6.5,13.6,9.8
2002-11-11,0.0,0.1,0.0
2002-11-12,12.0,27.2,26.6
2002-11-13,3.0,18.0,12.2
2002-11-14,16.5,0.1,0.0
2002-11-15,1.0,8.2,2.5
2002-11-16,0.6,0.0,0.0
2002-11-17,4.6,23.7,23.1
2002-11-18,37.8,20.5,14.8
2002-11-19,15.0,13.7,7.9
2002-11-20,9.2,7.3,1.6
2002-11-21,26.5,20.8,22.3
2002-11-22,1.2,4.4,0.0
2002-11-23,0.0,3.2,0.0
2002-11-24,13.5,7.2,2.3
2002-11-25,0.0,1.1,0.0
2002-11-26,24.0,50.6,74.9
2002-11-27,4.8,13.0,9.0
2002-11-28,0.0,4.5,0.0
2002-11-29,1.6,6.4,1.5
2002-11-30,12.6,15.5,12.1
2002-12-01,0.3,10.8,5.5
2002-12-02,1.0,12.7,7.8
2002-12-03,3.2,18.9,25.2
2002-12-04,0.9,18.0,14.0
2002-12-05,27.5,10.0,4.7
2002-12-06,2.2,3.4,0.0
2002-12-07,0.0,4.1,0.0
2002-12-08,17.7,1.0,0.0
2002-12-09,0.9,1.5,0.0
2002-12-10,14.8,11.4,6.3
2002-12-11,0.9,19.4,22.9
2002-12-12,27.8,5.9,2.0
2002-12-13,6.1,7.5,3.6
2002-12-14,0.0,21.2,24.8
2002-12-15,2.6,5.0,1.1
2002-12-16,6.7,10.0,6.3
2002-12-17,1.4,0.2,0.0
2002-12-18,7.5,16.2,13.0
2002-12-19,4.3,18.5,22.0
2002-12-20,2.8,15.7,12.7
2002-12-21,0.0,14.6,10.0
2002-12-22,2.0,65.8,92.6
2002-12-23,0.0,1.4,0.0
2002-12-24,0.0,4.3,0.0
2002-12-25,0.0,1.7,0.0
2002-12-26,32.0,138.2,92.6
2002-12-27,0.0,7.9,3.2
2002-12-28,8.4,7.1,2.5
2002-12-29,45.3,41.5,46.6
2002-12-30,22.1,17.1,12.5
2002-12-31,24.4,23.6,24.3
2003-01-01,0.0,0.6,0.0
2003-01-02,0.0,0.3,0.0
2003-01-03,0.0,15.6,14.0
2003-01-04,1.8,4.6,1.0
2003-01-05,0.2,5.2,1.2
2003-01-06,0.0,0.0,0.0
2003-01-07,0.0,0.0,0.0
2003-01-08,8.6,7.2,3.1
2003-01-09,11.2,5.3,1.3
2003-01-10,1.3,8.2,4.2
2003-01-11,1.3,2.7,1.0
2003-01-12,0.0,0.1,0.0
2003-01-13,0.0,0.0,0.0
2003-01-14,12.9,4.5,2.2
2003-01-15,14.0,1.3,0.0
2003-01-16,33.2,1.9,0.0
2003-01-17,0.0,0.0,0.0
2003-01-18,10.8,2.8,1.0
2003-01-19,0.0,0.1,0.0
2003-01-20,0.0,0.4,0.0
2003-01-21,43.2,27.5,35.9
2003-01-22,0.0,2.1,1.0
2003-01-23,23.5,4.2,2.7
2003-01-24,18.4,26.4,34.1
2003-01-25,2.4,8.1,7.1
2003-01-26,0.0,0.1,0.0
2003-01-27,0.0,0.9,0.0
2003-01-28,0.0,1.4,0.0
2003-01-29,17.4,10.4,9.9
2003-01-30,25.8,4.5,3.0
2003-01-31,5.0,18.0,22.5
2003-02-01,0.0,8.3,8.4
2003-02-02,0.2,9.8,10.7
2003-02-03,22.5,3.4,1.7
2003-02-04,12.5,7.3,7.0
2003-02-05,1.0,5.4,4.2
2003-02-06,0.0,0.1,0.0
2003-02-07,4.2,0.0,0.0
2003-02-08,0.0,0.0,0.0
2003-02-09,0.0,0.0,0.0
2003-02-10,15.7,12.3,14.3
2003-02-11,0.0,0.1,0.0
2003-02-12,13.8,3.1,1.5
2003-02-13,2.5,3.2,1.6
2003-02-14,36.7,10.4,11.3
2003-02-15,126.6,81.4,70.6
2003-02-16,0.0,0.0,0.0
2003-02-17,4.8,3.5,2.2
2003-02-18,3.2,4.4,3.4
2003-02-19,0.0,4.1,2.9
2003-02-20,14.0,14.9,17.4
2003-02-21,2.0,11.2,11.3
2003-02-22,0.0,0.2,0.0
2003-02-23,0.4,16.9,19.6
2003-02-24,7.0,1.0,0.0
2003-02-25,0.0,1.3,0.0
2003-02-26,33.4,3.1,1.0
2003-02-27,6.9,15.8,18.3
2003-02-28,0.0,0.0,0.0
2003-03-01,0.0,1.2,0.0
2003-03-02,0.0,2.1,0.0
2003-03-03,0.0,0.0,0.0
2003-03-04,0.0,0.2,0.0
2003-03-05,0.0,4.5,0.0
2003-03-06,0.0,0.3,0.0
2003-03-07,0.0,1.6,0.0
2003-03-08,0.0,3.6,0.0
2003-03-09,0.0,0.7,0.0
2003-03-10,0.0,0.7,0.0
2003-03-11,1.2,69.7,77.7
2003-03-12,30.3,7.9,2.7
2003-03-13,3.1,0.0,0.0
2003-03-14,0.0,0.0,0.0
2003-03-15,0.0,0.1,0.0
2003-03-16,0.7,0.1,0.0
2003-03-17,0.0,0.0,0.0
2003-03-18,6.3,5.1,1.0
2003-03-19,0.0,2.1,0.0
2003-03-20,0.0,2.2,0.0
2003-03-21,1.3,2.7,0.0
2003-03-22,57.3,78.1,78.8
2003-03-23,0.0,0.0,0.0
2003-03-24,0.0,17.3,10.1
2003-03-25,0.0,1.6,0.0
2003-03-26,34.7,20.6,13.5
2003-03-27,14.0,10.4,3.4
2003-03-28,0.0,1.9,0.0
2003-03-29,0.0,2.5,0.0
2003-03-30,17.5,0.7,0.0
2003-03-31,8.2,0.9,0.0
2003-04-01,0.0,0.5,0.0
2003-04-02,35.8,14.4,13.9
2003-04-03,0.0,8.9,6.0
2003-04-04,46.2,22.5,36.5
2003-04-05,0.0,0.3,0.0
2003-04-06,0.3,3.3,0.0
2003-04-07,0.0,1.2,0.0
2003-04-08,2.2,23.7,35.7
2003-04-09,8.5,0.1,0.0
2003-04-10,2.9,3.6,1.0
2003-04-11,10.4,11.6,10.6
2003-04-12,1.8,1.3,0.0
2003-04-13,1.2,4.0,1.0
2003-04-14,15.4,15.6,15.7
2003-04-15,3.3,24.1,37.1
2003-04-16,37.0,10.8,8.9
2003-04-17,0.0,1.1,0.0
2003-04-18,0.0,10.6,8.6
2003-04-19,0.0,0.6,0.0
2003-04-20,0.5,2.1,0.0
2003-04-21,0.0,5.1,1.6
2003-04-22,4.0,13.7,12.9
2003-04-23,13.4,6.8,3.6
2003-04-24,0.9,3.2,0.0
2003-04-25,0.0,0.2,0.0
2003-04-26,0.8,5.1,1.6
2003-04-27,0.0,0.7,0.0
2003-04-28,1.7,0.2,0.0
2003-04-29,11.0,4.2,1.0
2003-04-30,23.1,15.7,16.0
2003-05-01,0.0,1.0,0.0
2003-05-02,0.0,2.0,0.0
2003-05-03,0.0,11.6,8.4
2003-05-04,1.0,0.9,0.0
2003-05-05,0.0,12.0,9.0
2003-05-06,16.0,3.1,0.0
2003-05-07,1.4,18.3,20.3
2003-05-08,6.2,0.2,0.0
2003-05-09,19.0,10.4,7.0
2003-05-10,5.6,18.7,20.6
2003-05-11,5.6,7.5,3.6
2003-05-12,2.5,26.0,60.0
2003-05-13,0.0,3.6,0.0
2003-05-14,0.0,6.3,1.7
2003-05-15,0.0,0.9,0.0
2003-05-16,0.0,1.9,0.0
2003-05-17,8.4,12.7,12.2
2003-05-18,0.0,6.9,2.6
2003-05-19,0.0,0.4,0.0
2003-05-20,11.2,4.5,0.0
2003-05-21,0.0,2.7,0.0
2003-05-22,0.0,0.0,0.0
2003-05-23,0.0,0.6,0.0
2003-05-24,0.0,0.2,0.0
2003-05-25,0.0,0.0,0.0
2003-05-26,0.0,0.1,0.0
2003-05-27,0.0,0.0,0.0
2003-05-28,0.0,0.0,0.0
2003-05-29,0.0,0.0,0.0
2003-05-30,0.0,0.1,0.0
2003-05-31,0.0,4.5,1.0
2003-06-01,0.0,0.9,0.0
2003-06-02,0.0,0.0,0.0
2003-06-03,0.0,0.0,0.0
2003-06-04,0.0,0.0,0.0
2003-06-05,0.0,0.1,0.0
2003-06-06,0.1,14.4,18.2
2003-06-07,0.0,0.0,0.0
2003-06-08,0.0,0.0,0.0
2003-06-09,0.0,0.1,0.0
2003-06-10,0.0,0.0,0.0
2003-06-11,0.0,0.0,0.0
2003-06-12,0.0,0.2,0.0
2003-06-13,0.0,0.1,0.0
2003-06-14,0.0,0.0,0.0
2003-06-15,0.0,0.0,0.0
2003-06-16,0.0,0.0,0.0
2003-06-17,0.0,0.0,0.0
2003-06-18,0.0,0.0,0.0
2003-06-19,0.0,0.0,0.0
2003-06-20,0.0,0.6,0.0
2003-06-21,0.0,0.0,0.0
2003-06-22,0.0,0.2,0.0
2003-06-23,0.0,5.0,2.4
2003-06-24,0.0,1.7,0.0
2003-06-25,0.0,3.0,0.0
2003-06-26,0.2,1.3,0.0
2003-06-27,2.0,0.9,0.0
2003-06-28,0.0,0.0,0.0
2003-06-29,0.0,0.1,0.0
2003-06-30,0.0,0.8,0.0
2003-07-01,0.0,0.0,0.0
2003-07-02,0.0,2.3,0.0
2003-07-03,17.0,7.5,6.1
2003-07-04,13.2,20.0,30.0
2003-07-05,0.0,2.5,0.0
2003-07-06,0.0,0.1,0.0
2003-07-07,0.0,0.6,0.0
2003-07-08,0.0,0.5,0.0
2003-07-09,0.0,0.1,0.0
2003-07-10,0.0,1.7,0.0
2003-07-11,2.2,1.4,0.0
2003-07-12,27.4,9.1,5.4
2003-07-13,0.0,1.8,0.0
2003-07-14,0.0,0.1,0.0
2003-07-15,6.7,0.6,0.0
2003-07-16,12.7,9.1,5.4
2003-07-17,0.0,3.5,0.0
2003-07-18,0.0,0.3,0.0
2003-07-19,0.0,0.0,0.0
2003-07-20,0.0,0.0,0.0
2003-07-21,0.0,2.9,0.0
2003-07-22,0.0,0.4,0.0
2003-07-23,0.0,1.0,0.0
2003-07-24,0.0,0.4,0.0
2003-07-25,0.0,4.0,0.0
2003-07-26,0.0,0.9,0.0
2003-07-27,0.0,3.5,0.0
2003-07-28,0.0,0.1,0.0
2003-07-29,0.0,0.0,0.0
2003-07-30,0.0,0.0,0.0
2003-07-31,0.0,0.0,0.0
2003-08-01,0.0,0.7,0.0
2003-08-02,20.0,0.8,0.0
2003-08-03,0.0,2.0,0.0
2003-08-04,0.0,0.7,0.0
2003-08-05,0.0,0.4,0.0
2003-08-06,0.0,1.1,0.0
2003-08-07,0.0,0.9,0.0
2003-08-08,0.0,0.0,0.0
2003-08-09,0.0,1.7,0.0
2003-08-10,0.0,0.2,0.0
2003-08-11,0.0,0.5,0.0
2003-08-12,22.6,1.1,0.0
2003-08-13,0.0,0.1,0.0
2003-08-14,9.5,0.3,0.0
2003-08-15,0.5,1.4,0.0
2003-08-16,29.0,20.4,37.3
2003-08-17,1.0,5.0,1.0
2003-08-18,0.0,4.4,1.0
2003-08-19,1.4,3.2,0.0
2003-08-20,2.6,0.7,0.0
2003-08-21,34.5,10.3,8.7
2003-08-22,0.0,1.3,0.0
2003-08-23,0.0,0.3,0.0
2003-08-24,33.8,5.7,1.3
2003-08-25,0.0,0.1,0.0
2003-08-26,0.0,0.2,0.0
2003-08-27,0.6,0.0,0.0
2003-08-28,58.8,28.2,63.2
2003-08-29,0.0,0.9,0.0
2003-08-30,4.2,8.6,6.1
2003-08-31,1.1,15.6,26.5
2003-09-01,19.0,6.7,1.3
2003-09-02,0.4,6.1,1.0
2003-09-03,0.0,2.2,0.0
2003-09-04,0.0,1.3,0.0
2003-09-05,0.0,0.0,0.0
2003-09-06,0.0,0.0,0.0
2003-09-07,0.0,0.0,0.0
2003-09-08,0.1,1.9,0.0
2003-09-09,12.4,7.7,2.5
2003-09-10,0.0,2.0,0.0
2003-09-11,0.0,1.9,0.0
2003-09-12,0.0,32.5,53.3
2003-09-13,0.0,0.9,0.0
2003-09-14,11.8,23.0,37.8
2003-09-15,7.8,7.7,2.0
2003-09-16,0.0,2.4,0.0
2003-09-17,46.1,44.4,68.9
2003-09-18,0.0,6.1,1.0
2003-09-19,0.0,8.5,2.9
2003-09-20,0.0,1.9,0.0
2003-09-21,7.0,43.1,69.1
2003-09-22,0.0,0.2,0.0
2003-09-23,24.7,45.7,69.5
2003-09-24,40.3,9.5,6.6
2003-09-25,0.0,2.1,0.0
2003-09-26,0.0,1.8,0.0
2003-09-27,19.6,0.0,0.0
2003-09-28,0.0,5.5,1.0
2003-09-29,0.0,0.0,0.0
2003-09-30,0.0,0.0,0.0
2003-10-01,0.0,0.0,0.0
2003-10-02,0.0,0.1,0.0
2003-10-03,0.0,3.2,0.0
2003-10-04,31.9,6.4,4.2
2003-10-05,1.3,2.6,0.0
2003-10-06,0.0,0.7,0.0
2003-10-07,75.2,6.2,3.8
2003-10-08,0.2,2.9,0.0
2003-10-09,0.0,3.2,0.0
2003-10-10,10.0,4.7,1.4
2003-10-11,0.4,9.4,5.6
2003-10-12,38.4,93.8,74.4
2003-10-13,0.0,0.3,0.0
2003-10-14,19.6,30.9,41.7
2003-10-15,0.0,1.3,0.0
2003-10-16,19.7,6.0,1.8
2003-10-17,1.7,16.0,13.7
2003-10-18,1.4,6.4,2.3
2003-10-19,3.0,0.1,0.0
2003-10-20,0.0,1.7,0.0
2003-10-21,0.0,0.0,0.0
2003-10-22,0.0,0.5,0.0
2003-10-23,0.0,0.4,0.0
2003-10-24,0.0,0.5,0.0
2003-10-25,0.0,5.4,1.0
2003-10-26,0.4,0.5,0.0
2003-10-27,2.5,0.5,0.0
2003-10-28,1.0,2.7,0.0
2003-10-29,2.0,16.5,26.4
2003-10-30,53.6,55.7,88.7
2003-10-31,22.0,44.4,78.2
2003-11-01,2.0,10.7,6.5
2003-11-02,0.0,17.4,13.9
2003-11-03,3.0,0.1,0.0
2003-11-04,2.4,2.0,0.0
2003-11-05,0.0,6.2,1.7
2003-11-06,0.0,2.9,0.0
2003-11-07,0.4,2.7,0.0
2003-11-08,0.3,15.1,11.4
2003-11-09,2.6,29.4,41.7
2003-11-10,0.2,15.5,11.9
2003-11-11,0.0,1.6,0.0
2003-11-12,0.0,0.1,0.0
2003-11-13,0.0,10.7,4.9
2003-11-14,22.6,7.9,2.2
2003-11-15,5.0,2.5,0.0
2003-11-16,5.4,30.2,30.5
2003-11-17,16.1,16.4,10.6
2003-11-18,0.0,10.1,4.3
2003-11-19,1.0,17.5,11.8
2003-11-20,0.0,3.1,0.0
2003-11-21,21.6,6.2,1.3
2003-11-22,22.2,38.2,51.6
2003-11-23,0.0,13.1,9.1
2003-11-24,0.0,11.7,7.5
2003-11-25,2.0,9.7,5.1
2003-11-26,0.2,4.4,0.0
2003-11-27,0.3,0.0,0.0
2003-11-28,16.3,14.2,10.5
2003-11-29,11.4,43.8,61.4
2003-11-30,4.8,20.8,22.5
2003-12-01,56.1,9.8,4.4
2003-12-02,3.0,9.0,3.5
2003-12-03,23.6,11.5,6.4
2003-12-04,3.7,19.0,26.8
2003-12-05,0.0,1.2,0.0
2003-12-06,51.2,50.0,71.8
2003-12-07,2.4,3.3,0.0
2003-12-08,5.6,4.9,0.0
2003-12-09,25.8,40.8,60.2
2003-12-10,0.4,18.8,24.7
2003-12-11,36.6,70.1,100.6
2003-12-12,0.5,20.2,23.7
2003-12-13,0.8,17.6,20.9
2003-12-14,0.0,5.2,1.3
2003-12-15,0.0,0.3,0.0
2003-12-16,27.3,5.4,1.4
2003-12-17,0.2,11.6,8.0
2003-12-18,55.4,83.8,100.7
2003-12-19,2.8,5.5,1.5
2003-12-20,21.3,22.4,26.6
2003-12-21,2.4,2.4,0.0
2003-12-22,17.8,2.5,0.0
2003-12-23,0.0,1.9,0.0
2003-12-24,0.0,1.2,0.0
2003-12-25,0.0,0.2,0.0
2003-12-26,0.0,0.2,0.0
2003-12-27,5.9,0.0,0.0
2003-12-28,0.5,0.0,0.0
2003-12-29,0.0,0.0,0.0
2003-12-30,0.0,0.1,0.0
2003-12-31,0.9,0.0,0.0
2004-01-01,0.0,0.0,0.0
2004-01-02,0.0,0.1,0.0
2004-01-03,1.6,0.0,0.0
2004-01-04,0.0,0.3,0.0
2004-01-05,44.2,34.0,46.8
2004-01-06,0.0,0.2,0.0
2004-01-07,0.0,0.1,0.0
2004-01-08,3.5,5.0,1.1
2004-01-09,0.0,11.2,7.4
2004-01-10,0.0,4.0,1.0
2004-01-11,88.0,15.7,14.9
2004-01-12,0.0,9.6,8.1
2004-01-13,0.0,1.3,0.0
2004-01-14,0.0,0.0,0.0
2004-01-15,0.0,0.0,0.0
2004-01-16,0.3,0.2,0.0
2004-01-17,0.0,0.0,0.0
2004-01-18,70.2,54.0,105.4
2004-01-19,11.2,27.8,32.6
2004-01-20,0.0,7.8,5.8
2004-01-21,12.0,4.1,2.6
2004-01-22,0.0,0.1,0.0
2004-01-23,53.0,98.8,131.8
2004-01-24,22.2,49.0,84.7
2004-01-25,2.5,1.6,1.0
2004-01-26,30.5,25.7,32.8
2004-01-27,0.0,0.9,0.0
2004-01-28,39.2,41.0,62.9
2004-01-29,0.2,9.2,8.4
2004-01-30,0.0,2.5,1.0
2004-01-31,0.0,3.6,2.1
2004-02-01,29.8,45.2,54.9
2004-02-02,31.4,2.1,1.0
2004-02-03,0.0,13.5,15.5
2004-02-04,30.0,3.6,1.9
2004-02-05,1.6,6.3,5.5
2004-02-06,0.0,1.0,0.0
2004-02-07,33.0,14.4,17.5
2004-02-08,0.0,2.2,1.0
2004-02-09,5.0,0.6,0.0
2004-02-10,0.0,0.9,0.0
2004-02-11,0.0,0.0,0.0
2004-02-12,0.0,0.1,0.0
2004-02-13,0.0,0.2,0.0
2004-02-14,0.0,0.1,0.0
2004-02-15,11.8,1.6,0.0
2004-02-16,0.0,1.3,0.0
2004-02-17,1.0,0.0,0.0
2004-02-18,0.7,0.6,0.0
2004-02-19,18.1,10.4,12.5
2004-02-20,0.0,2.8,1.0
2004-02-21,10.6,7.3,5.4
2004-02-22,0.8,19.9,28.7
2004-02-23,0.0,17.4,21.4
2004-02-24,0.0,1.2,0.0
2004-02-25,0.0,8.7,7.5
2004-02-26,0.0,1.6,0.0
2004-02-27,0.0,3.7,1.0
2004-02-28,0.0,0.0,0.0
2004-02-29,0.8,10.6,10.3
2004-03-01,0.0,1.0,0.0
2004-03-02,46.3,13.3,7.3
2004-03-03,37.2,41.2,60.4
2004-03-04,0.0,7.3,1.1
2004-03-05,5.2,26.4,38.8
2004-03-06,2.5,1.8,0.0
2004-03-07,51.2,19.3,15.4
2004-03-08,3.1,44.2,62.1
2004-03-09,0.0,1.5,0.0
2004-03-10,11.2,18.4,13.3
2004-03-11,1.7,21.2,25.1
2004-03-12,4.9,10.3,5.1
2004-03-13,47.8,15.1,10.0
2004-03-14,1.4,13.3,8.2
2004-03-15,1.5,17.4,12.5
2004-03-16,0.0,0.5,0.0
2004-03-17,10.6,2.1,0.0
2004-03-18,8.4,3.2,0.0
2004-03-19,1.0,14.7,9.6
2004-03-20,0.0,3.1,0.0
2004-03-21,0.0,3.1,0.0
2004-03-22,0.0,0.5,0.0
2004-03-23,0.0,1.4,0.0
2004-03-24,3.6,8.0,1.3
2004-03-25,0.0,0.3,0.0
2004-03-26,58.6,17.6,10.4
2004-03-27,0.0,3.5,0.0
2004-03-28,1.2,21.3,15.5
2004-03-29,23.5,10.4,3.4
2004-03-30,15.5,38.2,44.3
2004-03-31,2.2,1.1,0.0
2004-04-01,0.0,0.5,0.0
2004-04-02,5.0,20.4,30.9
2004-04-03,3.9,11.2,9.2
2004-04-04,0.4,5.6,1.9
2004-04-05,0.0,0.4,0.0
2004-04-06,25.0,8.8,5.8
2004-04-07,3.9,18.5,28.6
2004-04-08,12.2,17.2,18.0
2004-04-09,0.0,0.0,0.0
2004-04-10,16.6,3.2,0.0
2004-04-11,2.0,9.2,6.8
2004-04-12,0.2,0.7,0.0
2004-04-13,10.6,2.7,0.0
2004-04-14,2.2,0.2,0.0
2004-04-15,0.0,0.0,0.0
2004-04-16,0.8,0.2,0.0
2004-04-17,0.0,2.3,0.0
2004-04-18,2.5,16.7,23.0
2004-04-19,0.0,0.2,0.0
2004-04-20,19.7,5.0,1.6
2004-04-21,0.0,0.0,0.0
2004-04-22,0.2,7.5,4.5
2004-04-23,9.7,7.6,4.6
2004-04-24,0.0,2.3,0.0
2004-04-25,0.0,0.5,0.0
2004-04-26,80.3,5.1,1.6
2004-04-27,0.0,0.1,0.0
2004-04-28,0.0,0.7,0.0
2004-04-29,8.0,20.2,31.3
2004-04-30,0.0,0.0,0.0
2004-05-01,32.8,17.4,15.7
2004-05-02,10.8,12.8,9.6
2004-05-03,0.6,1.2,0.0
2004-05-04,5.5,4.9,1.0
2004-05-05,0.4,10.2,6.8
2004-05-06,24.0,10.7,7.4
2004-05-07,0.0,4.3,1.0
2004-05-08,0.0,0.6,0.0
2004-05-09,0.0,1.4,0.0
2004-05-10,0.0,0.7,0.0
2004-05-11,14.9,9.3,6.6
2004-05-12,1.6,6.5,2.0
2004-05-13,0.0,2.9,0.0
2004-05-14,0.0,1.3,0.0
2004-05-15,0.0,0.0,0.0
2004-05-16,0.0,8.9,5.9
2004-05-17,0.0,7.3,3.2
2004-05-18,0.0,0.2,0.0
2004-05-19,0.0,0.3,0.0
2004-05-20,0.0,0.1,0.0
2004-05-21,0.0,0.5,0.0
2004-05-22,11.8,1.9,0.0
2004-05-23,0.0,2.0,0.0
2004-05-24,107.0,2.9,0.0
2004-05-25,0.0,0.7,0.0
2004-05-26,8.3,0.5,0.0
2004-05-27,0.0,2.8,0.0
2004-05-28,0.0,0.1,0.0
2004-05-29,20.4,7.2,5.7
2004-05-30,26.0,23.3,55.8
2004-05-31,0.0,0.7,0.0
2004-06-01,16.0,4.1,0.0
2004-06-02,0.0,1.2,0.0
2004-06-03,0.0,0.3,0.0
2004-06-04,1.0,0.4,0.0
2004-06-05,0.0,1.5,0.0
2004-06-06,0.0,0.3,0.0
2004-06-07,0.0,0.3,0.0
2004-06-08,19.1,11.8,7.9
2004-06-09,0.5,10.6,6.6
2004-06-10,0.0,0.0,0.0
2004-06-11,0.0,0.0,0.0
2004-06-12,0.0,0.6,0.0
2004-06-13,0.0,0.4,0.0
2004-06-14,0.0,0.0,0.0
2004-06-15,0.0,0.1,0.0
2004-06-16,0.0,0.0,0.0
2004-06-17,0.0,0.0,0.0
2004-06-18,0.0,0.0,0.0
2004-06-19,0.0,0.0,0.0
2004-06-20,0.0,0.1,0.0
2004-06-21,0.0,0.0,0.0
2004-06-22,0.0,0.2,0.0
2004-06-23,0.0,0.1,0.0
2004-06-24,0.0,3.1,0.0
2004-06-25,0.0,1.0,0.0
2004-06-26,6.2,3.6,1.0
2004-06-27,0.0,0.9,0.0
2004-06-28,0.0,2.3,0.0
2004-06-29,3.7,3.0,0.0
2004-06-30,0.0,0.0,0.0
2004-07-01,13.6,20.6,30.0
2004-07-02,0.0,0.5,0.0
2004-07-03,0.0,7.7,6.7
2004-07-04,1.6,5.3,2.6
2004-07-05,0.0,13.7,16.1
2004-07-06,35.0,7.9,6.9
2004-07-07,0.4,0.0,0.0
2004-07-08,1.6,3.6,1.0
2004-07-09,0.0,4.5,1.5
2004-07-10,0.0,5.0,2.1
2004-07-11,0.0,0.0,0.0
2004-07-12,50.4,7.9,3.8
2004-07-13,0.0,7.0,2.7
2004-07-14,3.6,46.5,79.0
2004-07-15,24.9,13.7,13.3
2004-07-16,0.0,0.9,0.0
2004-07-17,16.4,19.3,26.5
2004-07-18,25.0,2.3,0.0
2004-07-19,0.0,0.1,0.0
2004-07-20,1.0,6.7,2.4
2004-07-21,0.0,2.8,0.0
2004-07-22,0.0,1.7,0.0
2004-07-23,0.0,0.0,0.0
2004-07-24,15.2,46.7,103.9
2004-07-25,0.0,11.7,11.9
2004-07-26,0.0,0.7,0.0
2004-07-27,0.0,0.7,0.0
2004-07-28,0.0,0.4,0.0
2004-07-29,0.0,1.9,0.0
2004-07-30,35.4,0.5,0.0
2004-07-31,0.0,4.7,1.0
2004-08-01,0.0,1.9,0.0
2004-08-02,0.0,1.8,0.0
2004-08-03,0.0,2.5,0.0
2004-08-04,0.0,0.0,0.0
2004-08-05,0.0,0.6,0.0
2004-08-06,0.0,0.0,0.0
2004-08-07,0.0,0.5,0.0
2004-08-08,0.0,0.1,0.0
2004-08-09,0.0,0.1,0.0
2004-08-10,0.0,0.7,0.0
2004-08-11,0.0,0.1,0.0
2004-08-12,0.0,1.3,0.0
2004-08-13,0.0,0.0,0.0
2004-08-14,0.0,0.0,0.0
2004-08-15,0.0,0.4,0.0
2004-08-16,0.0,2.3,0.0
2004-08-17,6.0,0.2,0.0
2004-08-18,0.0,5.9,1.8
2004-08-19,5.7,0.0,0.0
2004-08-20,0.0,0.6,0.0
2004-08-21,0.0,0.0,0.0
2004-08-22,0.0,0.9,0.0
2004-08-23,0.0,1.0,0.0
2004-08-24,0.0,1.3,0.0
2004-08-25,0.8,0.7,0.0
2004-08-26,0.0,0.8,0.0
2004-08-27,0.0,0.0,0.0
2004-08-28,0.0,1.7,0.0
2004-08-29,0.0,0.4,0.0
2004-08-30,0.0,0.0,0.0
2004-08-31,0.0,0.0,0.0
2004-09-01,0.0,1.2,0.0
2004-09-02,0.0,1.0,0.0
2004-09-03,0.0,0.0,0.0
2004-09-04,0.0,0.0,0.0
2004-09-05,0.0,1.3,0.0
2004-09-06,0.0,0.1,0.0
2004-09-07,0.0,0.0,0.0
2004-09-08,0.0,0.0,0.0
2004-09-09,0.0,0.2,0.0
2004-09-10,4.7,0.3,0.0
2004-09-11,4.1,0.7,0.0
2004-09-12,101.0,2.8,0.0
2004-09-13,5.5,2.4,0.0
2004-09-14,1.2,0.2,0.0
2004-09-15,0.0,0.1,0.0
2004-09-16,0.0,4.2,0.0
2004-09-17,0.0,4.2,0.0
2004-09-18,1.5,7.0,1.3
2004-09-19,0.9,16.4,12.7
2004-09-20,2.5,15.8,12.8
2004-09-21,0.0,3.7,0.0
2004-09-22,0.0,0.0,0.0
2004-09-23,0.0,0.0,0.0
2004-09-24,1.4,0.0,0.0
2004-09-25,1.3,0.3,0.0
2004-09-26,5.6,1.8,0.0
2004-09-27,0.0,5.9,1.1
2004-09-28,3.0,2.2,0.0
2004-09-29,18.2,3.0,0.0
2004-09-30,6.7,10.5,7.6
2004-10-01,0.0,0.0,0.0
2004-10-02,6.1,3.3,0.0
2004-10-03,33.5,10.9,11.8
2004-10-04,0.8,11.2,12.0
2004-10-05,2.6,7.0,5.2
2004-10-06,0.0,0.5,0.0
2004-10-07,0.0,0.6,0.0
2004-10-08,0.0,0.1,0.0
2004-10-09,2.5,8.1,7.0
2004-10-10,0.0,2.1,0.0
2004-10-11,0.0,0.4,0.0
2004-10-12,0.8,4.8,1.0
2004-10-13,0.0,0.3,0.0
2004-10-14,0.0,0.0,0.0
2004-10-15,0.0,0.0,0.0
2004-10-16,0.0,0.1,0.0
2004-10-17,34.8,9.0,5.1
2004-10-18,43.4,21.2,24.0
2004-10-19,1.2,0.2,0.0
2004-10-20,0.0,0.3,0.0
2004-10-21,25.3,9.4,5.8
2004-10-22,41.0,34.7,60.3
2004-10-23,0.0,4.7,0.0
2004-10-24,7.1,1.8,0.0
2004-10-25,0.0,11.1,8.4
2004-10-26,0.0,5.2,1.0
2004-10-27,7.8,15.9,16.6
2004-10-28,0.0,0.6,0.0
2004-10-29,2.9,3.3,0.0
2004-10-30,1.2,4.9,0.0
2004-10-31,4.6,0.9,0.0
2004-11-01,10.4,33.9,47.5
2004-11-02,0.0,2.0,0.0
2004-11-03,1.8,7.4,3.0
2004-11-04,11.4,15.6,12.0
2004-11-05,0.5,8.9,4.5
2004-11-06,3.1,8.2,3.7
2004-11-07,0.0,1.5,0.0
2004-11-08,0.0,0.7,0.0
2004-11-09,0.0,2.6,0.0
2004-11-10,0.0,13.3,9.4
2004-11-11,0.0,1.8,0.0
2004-11-12,3.8,14.7,8.8
2004-11-13,1.0,4.6,0.0
2004-11-14,1.0,9.0,3.3
2004-11-15,0.0,0.1,0.0
2004-11-16,1.6,18.3,12.5
2004-11-17,46.6,9.0,3.2
2004-11-18,0.0,6.8,1.2
2004-11-19,12.2,4.9,0.0
2004-11-20,0.0,5.3,0.0
2004-11-21,7.0,17.9,15.2
2004-11-22,0.0,2.3,0.0
2004-11-23,6.9,5.7,1.0
2004-11-24,10.0,8.1,3.3
2004-11-25,5.9,16.7,13.7
2004-11-26,0.0,2.3,0.0
2004-11-27,84.0,33.8,43.9
2004-11-28,14.5,31.8,40.9
2004-11-29,19.0,8.4,3.6
2004-11-30,6.4,3.6,0.0
2004-12-01,38.1,35.1,51.3
2004-12-02,0.0,6.6,1.0
2004-12-03,38.0,12.3,7.3
2004-12-04,0.0,1.4,0.0
2004-12-05,13.8,4.9,0.0
2004-12-06,0.0,8.7,3.1
2004-12-07,2.2,1.3,0.0
2004-12-08,1.6,1.3,0.0
2004-12-09,3.0,0.6,0.0
2004-12-10,1.6,1.8,0.0
2004-12-11,20.5,0.9,0.0
2004-12-12,0.6,1.3,0.0
2004-12-13,25.1,14.9,11.6
2004-12-14,0.0,2.2,0.0
2004-12-15,0.0,0.4,0.0
2004-12-16,9.3,0.4,0.0
2004-12-17,16.6,6.2,2.3
2004-12-18,15.9,2.3,0.0
2004-12-19,27.7,13.6,10.2
2004-12-20,0.0,1.1,0.0
2004-12-21,0.0,0.0,0.0
2004-12-22,0.3,0.2,0.0
2004-12-23,12.2,23.6,23.5
2004-12-24,0.0,9.9,5.2
2004-12-25,1.3,7.5,2.8
2004-12-26,26.0,4.9,1.0
2004-12-27,3.6,3.7,0.0
2004-12-28,0.0,7.7,3.0
2004-12-29,0.0,2.6,0.0
2004-12-30,0.0,4.6,1.0
2004-12-31,1.9,7.2,2.5
2005-01-01,8.6,9.1,5.1
2005-01-02,4.0,10.9,7.0
2005-01-03,1.5,0.7,0.0
2005-01-04,1.8,5.4,1.4
2005-01-05,7.9,8.8,4.8
2005-01-06,2.4,0.8,0.0
2005-01-07,3.2,3.2,0.0
2005-01-08,13.0,4.6,1.0
2005-01-09,3.8,1.4,0.0
2005-01-10,0.0,1.5,0.0
2005-01-11,0.0,0.0,0.0
2005-01-12,0.0,0.4,0.0
2005-01-13,0.5,0.0,0.0
2005-01-14,11.0,0.0,0.0
2005-01-15,0.0,0.0,0.0
2005-01-16,0.0,0.6,0.0
2005-01-17,16.0,16.8,16.3
2005-01-18,1.6,0.0,0.0
2005-01-19,0.0,0.1,0.0
2005-01-20,0.0,0.0,0.0
2005-01-21,0.0,0.0,0.0
2005-01-22,0.0,0.0,0.0
2005-01-23,0.0,0.0,0.0
2005-01-24,0.0,0.0,0.0
2005-01-25,0.0,0.0,0.0
2005-01-26,0.0,0.0,0.0
2005-01-27,0.0,0.0,0.0
2005-01-28,0.6,1.8,1.0
2005-01-29,0.0,0.8,0.0
2005-01-30,0.0,0.0,0.0
2005-01-31,0.0,0.0,0.0
2005-02-01,42.0,8.8,10.3
2005-02-02,31.0,22.1,33.6
2005-02-03,1.0,23.2,35.4
2005-02-04,0.0,1.6,0.0
2005-02-05,0.0,0.7,0.0
2005-02-06,0.0,0.0,0.0
2005-02-07,0.0,0.0,0.0
2005-02-08,0.0,0.0,0.0
2005-02-09,0.0,0.0,0.0
2005-02-10,0.0,0.1,0.0
2005-02-11,0.0,0.0,0.0
2005-02-12,0.0,2.0,0.0
2005-02-13,0.0,0.2,0.0
2005-02-14,0.0,0.4,0.0
2005-02-15,4.0,0.3,0.0
2005-02-16,0.0,0.0,0.0
2005-02-17,0.4,6.5,6.2
2005-02-18,0.0,0.4,0.0
2005-02-19,8.4,8.1,8.6
2005-02-20,0.0,0.0,0.0
2005-02-21,0.0,0.2,0.0
2005-02-22,0.0,0.0,0.0
2005-02-23,0.0,0.1,0.0
2005-02-24,0.0,0.2,0.0
2005-02-25,5.8,54.4,81.5
2005-02-26,0.0,2.4,0.0
2005-02-27,21.3,11.5,11.7
2005-02-28,2.3,2.6,0.0
2005-03-01,0.0,1.0,0.0
2005-03-02,0.0,10.6,4.4
2005-03-03,0.0,2.0,0.0
2005-03-04,0.0,1.6,0.0
2005-03-05,0.3,0.0,0.0
2005-03-06,6.9,4.4,0.0
2005-03-07,0.0,12.9,7.0
2005-03-08,0.0,0.4,0.0
2005-03-09,0.0,0.1,0.0
2005-03-10,48.0,1.4,0.0
2005-03-11,0.0,3.2,0.0
2005-03-12,0.0,1.0,0.0
2005-03-13,0.0,0.2,0.0
2005-03-14,0.0,0.2,0.0
2005-03-15,0.0,3.8,0.0
2005-03-16,0.0,2.2,0.0
2005-03-17,37.0,12.8,7.6
2005-03-18,28.6,36.5,50.3
2005-03-19,8.0,31.8,43.9
2005-03-20,0.7,5.4,1.0
2005-03-21,36.3,31.1,34.7
2005-03-22,0.0,4.8,0.0
2005-03-23,3.2,38.9,45.8
2005-03-24,0.5,16.7,9.4
2005-03-25,1.6,3.4,0.0
2005-03-26,0.0,8.3,1.5
2005-03-27,0.0,4.4,0.0
2005-03-28,17.0,27.0,27.4
2005-03-29,0.0,6.8,1.0
2005-03-30,75.7,68.9,74.8
2005-03-31,0.0,5.5,0.0
2005-04-01,4.2,15.4,15.1
2005-04-02,0.0,2.4,0.0
2005-04-03,1.0,9.4,6.7
2005-04-04,0.0,4.2,1.0
2005-04-05,0.0,2.1,0.0
2005-04-06,21.0,18.2,20.1
2005-04-07,0.0,0.5,0.0
2005-04-08,0.0,1.3,0.0
2005-04-09,0.9,8.0,4.8
2005-04-10,0.0,3.5,0.0
2005-04-11,0.0,1.2,0.0
2005-04-12,0.0,1.0,0.0
2005-04-13,0.0,0.2,0.0
2005-04-14,32.4,15.8,20.8
2005-04-15,0.0,0.1,0.0
2005-04-16,1.0,3.2,0.0
2005-04-17,0.0,17.2,23.7
2005-04-18,1.0,5.6,2.3
2005-04-19,16.3,4.6,1.1
2005-04-20,11.8,1.0,0.0
2005-04-21,0.0,0.1,0.0
2005-04-22,0.0,2.7,0.0
2005-04-23,3.0,8.1,5.2
2005-04-24,0.0,0.0,0.0
2005-04-25,0.0,0.0,0.0
2005-04-26,0.0,0.0,0.0
2005-04-27,1.2,0.7,0.0
2005-04-28,6.0,18.4,26.4
2005-04-29,0.0,0.1,0.0
2005-04-30,0.0,0.1,0.0
2005-05-01,6.5,19.9,21.3
2005-05-02,0.0,1.3,0.0
2005-05-03,3.2,0.4,0.0
2005-05-04,1.8,9.5,6.0
2005-05-05,3.4,8.0,4.3
2005-05-06,14.6,10.3,6.9
2005-05-07,0.8,12.2,9.2
2005-05-08,24.0,22.5,24.4
2005-05-09,25.0,0.6,0.0
2005-05-10,20.1,31.8,37.1
2005-05-11,9.0,18.6,41.6
2005-05-12,1.8,3.8,0.0
2005-05-13,46.3,11.2,9.9
2005-05-14,26.0,104.5,87.3
2005-05-15,1.0,5.8,1.0
2005-05-16,0.0,1.5,0.0
2005-05-17,0.0,0.0,0.0
2005-05-18,0.0,0.0,0.0
2005-05-19,0.0,0.0,0.0
2005-05-20,0.0,0.0,0.0
2005-05-21,0.0,0.3,0.0
2005-05-22,0.0,0.2,0.0
2005-05-23,2.0,5.9,3.3
2005-05-24,21.4,12.3,16.4
2005-05-25,2.7,23.8,58.9
2005-05-26,0.0,3.9,1.0
2005-05-27,0.0,0.2,0.0
2005-05-28,0.0,0.1,0.0
2005-05-29,0.0,0.7,0.0
2005-05-30,0.0,0.0,0.0
2005-05-31,0.0,0.3,0.0
2005-06-01,0.0,2.3,0.0
2005-06-02,0.0,0.6,0.0
2005-06-03,0.0,0.5,0.0
2005-06-04,0.0,0.7,0.0
2005-06-05,0.0,4.0,0.0
2005-06-06,0.0,1.9,0.0
2005-06-07,1.0,0.5,0.0
2005-06-08,0.0,0.9,0.0
2005-06-09,0.0,1.6,0.0
2005-06-10,0.0,0.6,0.0
2005-06-11,0.0,0.1,0.0
2005-06-12,0.0,5.2,1.0
2005-06-13,0.0,4.2,0.0
2005-06-14,18.2,58.6,80.8
2005-06-15,1.5,2.4,0.0
2005-06-16,0.0,1.4,0.0
2005-06-17,0.0,1.5,0.0
2005-06-18,2.5,2.0,0.0
2005-06-19,4.5,1.1,0.0
2005-06-20,49.4,8.4,8.1
2005-06-21,0.0,9.9,10.6
2005-06-22,0.0,1.2,0.0
2005-06-23,0.0,2.4,0.0
2005-06-24,0.0,2.0,0.0
2005-06-25,9.4,15.1,31.2
2005-06-26,56.5,28.5,61.4
2005-06-27,0.7,1.6,0.0
2005-06-28,0.0,0.4,0.0
2005-06-29,0.0,0.0,0.0
2005-06-30,0.0,0.0,0.0
2005-07-01,0.0,0.0,0.0
2005-07-02,0.0,0.1,0.0
2005-07-03,0.0,0.0,0.0
2005-07-04,0.0,0.5,0.0
2005-07-05,0.0,0.1,0.0
2005-07-06,0.0,0.0,0.0
2005-07-07,0.0,0.6,0.0
2005-07-08,0.0,0.5,0.0
2005-07-09,0.0,0.0,0.0
2005-07-10,2.0,7.8,7.4
2005-07-11,0.0,5.0,1.0
2005-07-12,37.4,18.6,25.8
2005-07-13,0.0,0.2,0.0
2005-07-14,8.3,13.3,10.6
2005-07-15,1.0,4.5,1.0
2005-07-16,15.3,11.1,8.4
2005-07-17,0.0,2.4,0.0
2005-07-18,21.5,2.6,0.0
2005-07-19,0.0,0.4,0.0
2005-07-20,0.0,2.0,0.0
2005-07-21,0.0,0.1,0.0
2005-07-22,0.0,0.0,0.0
2005-07-23,0.0,1.0,0.0
2005-07-24,0.0,0.0,0.0
2005-07-25,0.0,0.0,0.0
2005-07-26,2.0,6.2,3.1
2005-07-27,4.8,0.5,0.0
2005-07-28,0.0,0.3,0.0
2005-07-29,0.0,0.5,0.0
2005-07-30,52.0,36.8,91.8
2005-07-31,0.0,4.3,0.0
2005-08-01,0.0,0.0,0.0
2005-08-02,7.5,24.7,30.2
2005-08-03,2.9,5.0,1.0
2005-08-04,0.0,0.5,0.0
2005-08-05,0.8,5.7,1.3
2005-08-06,0.0,15.7,12.8
2005-08-07,0.0,2.3,0.0
2005-08-08,6.9,0.5,0.0
2005-08-09,0.0,1.2,0.0
2005-08-10,0.0,1.6,0.0
2005-08-11,0.0,0.2,0.0
2005-08-12,18.3,25.0,52.2
2005-08-13,0.0,1.8,0.0
2005-08-14,1.0,23.4,47.3
2005-08-15,0.0,0.6,0.0
2005-08-16,0.0,0.3,0.0
2005-08-17,0.0,1.3,0.0
2005-08-18,3.2,18.7,31.1
2005-08-19,2.2,4.1,0.0
2005-08-20,0.0,7.8,5.0
2005-08-21,7.0,45.3,88.7
2005-08-22,69.4,21.3,45.5
2005-08-23,0.0,6.3,2.3
2005-08-24,21.5,16.5,30.0
2005-08-25,4.0,6.7,2.8
2005-08-26,33.1,48.3,88.6
2005-08-27,1.2,12.9,13.5
2005-08-28,0.0,0.5,0.0
2005-08-29,0.0,1.7,0.0
2005-08-30,0.0,0.6,0.0
2005-08-31,0.0,0.5,0.0
2005-09-01,0.2,0.1,0.0
2005-09-02,0.6,4.9,0.0
2005-09-03,3.1,9.8,5.4
2005-09-04,0.0,2.4,0.0
2005-09-05,0.0,4.0,0.0
2005-09-06,0.0,0.2,0.0
2005-09-07,73.1,38.4,67.1
2005-09-08,0.0,1.3,0.0
2005-09-09,0.0,0.0,0.0
2005-09-10,1.0,0.3,0.0
2005-09-11,0.0,6.1,1.0
2005-09-12,0.0,7.8,2.1
2005-09-13,63.0,48.3,73.5
2005-09-14,36.0,10.1,4.7
2005-09-15,0.0,10.6,5.3
2005-09-16,45.8,21.4,34.5
2005-09-17,0.0,0.8,0.0
2005-09-18,5.0,5.6,1.0
2005-09-19,5.8,13.4,8.8
2005-09-20,0.0,1.4,0.0
2005-09-21,0.0,0.3,0.0
2005-09-22,0.0,0.3,0.0
2005-09-23,1.8,0.3,0.0
2005-09-24,44.7,7.9,3.9
2005-09-25,7.6,20.9,35.4
2005-09-26,0.0,1.5,0.0
2005-09-27,0.0,2.0,0.0
2005-09-28,0.0,1.6,0.0
2005-09-29,0.0,14.1,13.5
2005-09-30,0.0,0.1,0.0
2005-10-01,17.8,2.4,0.0
2005-10-02,0.0,0.0,0.0
2005-10-03,43.2,3.2,0.0
2005-10-04,12.3,10.8,11.9
2005-10-05,0.0,5.4,2.4
2005-10-06,1.4,2.7,0.0
2005-10-07,0.0,0.5,0.0
2005-10-08,0.0,1.5,0.0
2005-10-09,0.0,0.5,0.0
2005-10-10,0.0,12.7,21.6
2005-10-11,0.0,0.5,0.0
2005-10-12,0.0,0.4,0.0
2005-10-13,13.2,11.6,8.2
2005-10-14,2.6,3.6,0.0
2005-10-15,1.8,5.9,1.8
2005-10-16,6.5,37.6,52.8
2005-10-17,0.0,0.8,0.0
2005-10-18,4.0,25.8,32.9
2005-10-19,0.0,19.5,18.5
2005-10-20,0.6,14.5,12.6
2005-10-21,0.0,5.0,0.0
2005-10-22,44.6,9.5,5.9
2005-10-23,0.2,12.1,10.0
2005-10-24,3.0,2.7,0.0
2005-10-25,1.0,7.8,3.5
2005-10-26,9.4,7.4,2.9
2005-10-27,30.4,3.2,0.0
2005-10-28,0.4,1.4,0.0
2005-10-29,0.0,1.9,0.0
2005-10-30,10.8,10.3,7.1
2005-10-31,0.0,27.6,46.2
2005-11-01,0.0,4.9,1.0
2005-11-02,23.0,12.2,8.1
2005-11-03,3.7,5.7,1.2
2005-11-04,9.4,17.1,13.6
2005-11-05,0.0,4.8,1.0
2005-11-06,14.0,7.1,2.6
2005-11-07,0.0,7.5,3.0
2005-11-08,12.0,5.0,1.0
2005-11-09,0.0,0.4,0.0
2005-11-10,59.2,6.2,1.7
2005-11-11,8.1,35.6,36.7
2005-11-12,0.0,3.9,0.0
2005-11-13,0.0,2.7,0.0
2005-11-14,1.2,20.5,14.9
2005-11-15,21.6,5.1,0.0
2005-11-16,0.8,3.3,0.0
2005-11-17,9.6,7.2,1.5
2005-11-18,2.0,6.9,1.2
2005-11-19,55.5,23.6,22.7
2005-11-20,33.5,13.6,7.8
2005-11-21,14.3,30.6,37.7
2005-11-22,11.6,8.0,3.1
2005-11-23,6.5,2.4,0.0
2005-11-24,0.0,2.6,0.0
2005-11-25,1.0,5.0,1.0
2005-11-26,18.5,24.0,27.3
2005-11-27,0.0,1.4,0.0
2005-11-28,27.0,8.1,3.3
2005-11-29,5.0,5.6,1.0
2005-11-30,0.0,0.1,0.0
2005-12-01,0.0,6.4,1.0
2005-12-02,32.8,27.1,39.7
2005-12-03,0.0,1.5,0.0
2005-12-04,0.0,0.3,0.0
2005-12-05,0.0,2.7,0.0
2005-12-06,0.0,0.8,0.0
2005-12-07,22.4,20.1,27.6
2005-12-08,1.6,1.8,0.0
2005-12-09,0.0,2.7,0.0
2005-12-10,39.0,13.3,8.5
2005-12-11,8.1,8.9,5.1
2005-12-12,0.0,0.9,0.0
2005-12-13,10.2,9.7,6.0
2005-12-14,0.0,1.4,0.0
2005-12-15,0.0,0.9,0.0
2005-12-16,0.0,2.2,0.0
2005-12-17,0.0,0.7,0.0
2005-12-18,0.0,0.4,0.0
2005-12-19,8.0,49.2,70.9
2005-12-20,0.0,0.7,0.0
2005-12-21,0.0,3.8,0.0
2005-12-22,58.2,51.5,62.5
2005-12-23,0.0,0.5,0.0
2005-12-24,32.2,32.2,35.3
2005-12-25,0.2,17.6,13.0
2005-12-26,0.0,1.2,0.0
2005-12-27,8.0,6.8,2.1
2005-12-28,0.0,1.6,0.0
2005-12-29,39.4,29.3,31.6
2005-12-30,0.0,0.5,0.0
2005-12-31,0.0,1.5,0.0
2006-01-01,0.0,0.1,0.0
2006-01-02,0.0,0.0,0.0
2006-01-03,0.4,2.2,0.0
2006-01-04,8.3,9.8,5.8
2006-01-05,18.4,9.1,5.1
2006-01-06,0.0,3.2,0.0
2006-01-07,7.0,7.8,3.7
2006-01-08,26.5,5.7,1.7
2006-01-09,0.0,0.1,0.0
2006-01-10,1.8,5.1,1.2
2006-01-11,1.1,2.2,0.0
2006-01-12,3.1,1.1,0.0
2006-01-13,0.0,5.5,3.3
2006-01-14,0.3,0.1,0.0
2006-01-15,0.8,8.1,6.2
2006-01-16,30.5,53.4,102.7
2006-01-17,0.0,0.7,0.0
2006-01-18,1.0,2.6,1.0
2006-01-19,15.3,13.1,11.9
2006-01-20,0.0,10.6,8.9
2006-01-21,1.1,10.6,10.1
2006-01-22,2.9,5.6,4.2
2006-01-23,30.4,10.5,9.7
2006-01-24,7.3,7.4,6.3
2006-01-25,1.5,1.5,1.0
2006-01-26,0.0,0.6,0.0
2006-01-27,0.0,0.0,0.0
2006-01-28,0.0,0.0,0.0
2006-01-29,0.0,0.0,0.0
2006-01-30,8.5,2.0,1.0
2006-01-31,0.0,0.0,0.0
2006-02-01,42.0,0.0,0.0
2006-02-02,31.0,0.0,0.0
2006-02-03,1.0,0.2,0.0
2006-02-04,0.0,0.0,0.0
2006-02-05,0.0,0.2,0.0
2006-02-06,0.6,0.9,0.0
2006-02-07,0.0,1.9,0.0
2006-02-08,3.0,0.1,0.0
2006-02-09,1.2,0.7,0.0
2006-02-10,14.7,18.9,30.3
2006-02-11,0.0,2.8,1.0
2006-02-12,0.0,0.0,0.0
2006-02-13,0.0,0.0,0.0
2006-02-14,0.0,0.1,0.0
2006-02-15,1.1,4.5,3.5
2006-02-16,0.0,1.4,0.0
2006-02-17,0.6,7.7,7.9
2006-02-18,30.9,19.4,24.5
2006-02-19,22.0,12.7,14.3
2006-02-20,0.7,5.9,5.4
2006-02-21,3.3,12.2,13.3
2006-02-22,5.0,0.1,0.0
2006-02-23,0.0,0.0,0.0
2006-02-24,10.1,3.1,1.0
2006-02-25,106.4,42.6,69.7
2006-02-26,16.0,24.2,38.0
2006-02-27,39.1,7.1,5.1
2006-02-28,0.0,0.2,0.0
2006-03-01,0.0,1.6,0.0
2006-03-02,0.0,0.1,0.0
2006-03-03,0.0,0.0,0.0
2006-03-04,0.0,0.1,0.0
2006-03-05,5.6,5.9,1.0
2006-03-06,0.0,0.0,0.0
2006-03-07,0.0,0.1,0.0
2006-03-08,0.0,0.7,0.0
2006-03-09,1.0,12.8,6.8
2006-03-10,0.0,0.3,0.0
2006-03-11,0.5,2.3,0.0
2006-03-12,64.4,38.9,53.7
2006-03-13,70.7,18.6,14.0
2006-03-14,0.0,1.8,0.0
2006-03-15,39.8,28.0,38.0
2006-03-16,0.0,0.9,0.0
2006-03-17,0.0,0.0,0.0
2006-03-18,30.3,32.7,45.7
2006-03-19,1.0,5.9,1.0
2006-03-20,8.0,9.7,4.5
2006-03-21,3.6,11.2,4.1
2006-03-22,2.5,4.4,0.0
2006-03-23,0.0,1.9,0.0
2006-03-24,0.0,0.5,0.0
2006-03-25,0.0,0.3,0.0
2006-03-26,37.9,36.7,44.7
2006-03-27,5.1,22.8,15.2
2006-03-28,0.0,1.5,0.0
2006-03-29,0.0,7.5,1.0
2006-03-30,1.6,1.8,0.0
2006-03-31,0.0,0.7,0.0
2006-04-01,0.0,0.4,0.0
2006-04-02,0.0,5.3,1.6
2006-04-03,0.0,13.3,12.2
2006-04-04,0.3,0.0,0.0
2006-04-05,0.0,1.4,0.0
2006-04-06,4.2,5.6,1.9
2006-04-07,2.2,13.1,12.0
2006-04-08,36.0,9.4,6.6
2006-04-09,0.0,0.1,0.0
2006-04-10,17.2,8.1,5.0
2006-04-11,0.0,0.0,0.0
2006-04-12,0.0,14.3,14.0
2006-04-13,5.2,6.1,2.9
2006-04-14,0.0,2.9,0.0
2006-04-15,90.1,82.4,73.4
2006-04-16,41.0,3.2,0.0
2006-04-17,0.0,2.1,0.0
2006-04-18,0.0,0.4,0.0
2006-04-19,0.0,1.1,0.0
2006-04-20,0.6,1.5,0.0
2006-04-21,0.0,2.3,0.0
2006-04-22,20.0,12.8,12.0
2006-04-23,0.0,0.1,0.0
2006-04-24,0.0,0.4,0.0
2006-04-25,0.0,4.3,1.0
2006-04-26,5.6,16.1,16.6
2006-04-27,1.0,6.1,2.7
2006-04-28,0.0,0.0,0.0
2006-04-29,36.4,19.3,28.8
2006-04-30,0.0,0.0,0.0
2006-05-01,0.0,0.2,0.0
2006-05-02,0.0,4.8,1.0
2006-05-03,29.9,74.4,106.4
2006-05-04,22.0,2.2,0.0
2006-05-05,16.5,0.2,0.0
2006-05-06,6.2,64.6,106.4
2006-05-07,0.0,0.1,0.0
2006-05-08,0.0,0.0,0.0
2006-05-09,62.0,1.1,0.0
2006-05-10,1.0,12.7,9.7
2006-05-11,0.0,4.2,0.0
2006-05-12,10.0,14.7,27.2
2006-05-13,12.5,21.9,50.4
2006-05-14,5.6,4.0,0.0
2006-05-15,0.0,1.5,0.0
2006-05-16,0.0,0.0,0.0
2006-05-17,0.0,0.0,0.0
2006-05-18,0.0,0.0,0.0
2006-05-19,0.0,0.3,0.0
2006-05-20,5.0,7.5,3.6
2006-05-21,0.0,13.3,22.8
2006-05-22,0.0,2.6,0.0
2006-05-23,2.0,7.8,6.8
2006-05-24,0.0,1.1,0.0
2006-05-25,0.0,5.1,1.8
2006-05-26,13.0,1.2,0.0
2006-05-27,0.0,0.3,0.0
2006-05-28,0.0,1.2,0.0
2006-05-29,0.0,3.4,0.0
2006-05-30,0.5,2.6,0.0
2006-05-31,0.0,1.7,0.0
2006-06-01,1.9,14.0,10.0
2006-06-02,35.4,12.7,8.9
2006-06-03,0.0,2.9,0.0
2006-06-04,12.4,19.6,32.2
2006-06-05,0.0,0.4,0.0
2006-06-06,1.4,6.6,1.8
2006-06-07,0.0,1.1,0.0
2006-06-08,0.0,2.2,0.0
2006-06-09,2.1,0.8,0.0
2006-06-10,0.0,0.5,0.0
2006-06-11,0.0,0.0,0.0
2006-06-12,4.6,2.2,0.0
2006-06-13,37.3,35.0,60.3
2006-06-14,19.6,21.4,30.9
2006-06-15,0.0,5.9,1.7
2006-06-16,0.0,0.2,0.0
2006-06-17,0.0,2.7,0.0
2006-06-18,0.0,0.5,0.0
2006-06-19,0.0,4.0,0.0
2006-06-20,7.9,23.2,34.6
2006-06-21,0.0,2.6,0.0
2006-06-22,0.0,7.9,7.1
2006-06-23,1.1,10.3,18.2
2006-06-24,20.9,24.4,53.2
2006-06-25,0.0,0.7,0.0
2006-06-26,0.0,0.0,0.0
2006-06-27,0.0,0.0,0.0
2006-06-28,0.0,0.0,0.0
2006-06-29,0.0,0.0,0.0
2006-06-30,0.0,0.0,0.0
2006-07-01,0.0,0.0,0.0
2006-07-02,0.0,0.0,0.0
2006-07-03,0.0,0.0,0.0
2006-07-04,0.0,0.0,0.0
2006-07-05,0.0,0.5,0.0
2006-07-06,0.8,0.9,0.0
2006-07-07,0.0,0.1,0.0
2006-07-08,0.0,0.3,0.0
2006-07-09,0.0,3.4,1.0
2006-07-10,0.0,4.7,1.7
2006-07-11,44.2,32.3,47.5
2006-07-12,8.0,2.9,0.0
2006-07-13,0.0,0.3,0.0
2006-07-14,0.0,0.1,0.0
2006-07-15,0.0,0.0,0.0
2006-07-16,0.0,0.0,0.0
2006-07-17,1.9,3.3,0.0
2006-07-18,13.8,13.5,11.4
2006-07-19,10.0,3.4,0.0
2006-07-20,1.0,1.2,0.0
2006-07-21,3.4,28.0,57.4
2006-07-22,0.0,0.2,0.0
2006-07-23,0.0,0.9,0.0
2006-07-24,0.0,1.3,0.0
2006-07-25,0.0,0.3,0.0
2006-07-26,0.0,0.1,0.0
2006-07-27,5.1,0.5,0.0
2006-07-28,0.0,0.5,0.0
2006-07-29,3.2,10.9,10.4
2006-07-30,6.3,26.7,54.4
2006-07-31,0.0,0.2,0.0
2006-08-01,0.0,0.1,0.0
2006-08-02,0.0,0.2,0.0
2006-08-03,0.0,0.0,0.0
2006-08-04,0.0,0.0,0.0
2006-08-05,0.0,0.1,0.0
2006-08-06,0.0,0.0,0.0
2006-08-07,30.0,6.0,2.1
2006-08-08,0.0,0.0,0.0
2006-08-09,0.0,0.9,0.0
2006-08-10,0.0,0.0,0.0
2006-08-11,0.0,0.3,0.0
2006-08-12,0.0,0.5,0.0
2006-08-13,0.0,0.0,0.0
2006-08-14,0.0,0.1,0.0
2006-08-15,0.0,0.9,0.0
2006-08-16,0.0,0.2,0.0
2006-08-17,0.0,1.0,0.0
2006-08-18,0.0,0.6,0.0
2006-08-19,0.0,1.5,0.0
2006-08-20,0.0,0.0,0.0
2006-08-21,0.0,0.0,0.0
2006-08-22,0.0,0.0,0.0
2006-08-23,0.0,0.0,0.0
2006-08-24,0.0,0.2,0.0
2006-08-25,0.0,0.4,0.0
2006-08-26,58.5,12.3,12.9
2006-08-27,0.0,3.2,0.0
2006-08-28,24.0,28.2,62.6
2006-08-29,0.0,0.0,0.0
2006-08-30,13.8,9.3,7.5
2006-08-31,16.4,8.9,6.7
2006-09-01,0.0,0.6,0.0
2006-09-02,0.0,0.0,0.0
2006-09-03,0.0,0.5,0.0
2006-09-04,18.0,9.0,4.1
2006-09-05,0.0,3.8,0.0
2006-09-06,0.0,0.0,0.0
2006-09-07,0.0,1.8,0.0
2006-09-08,0.0,2.5,0.0
2006-09-09,0.0,1.7,0.0
2006-09-10,0.0,0.4,0.0
2006-09-11,0.0,0.0,0.0
2006-09-12,0.0,0.2,0.0
2006-09-13,5.4,1.2,0.0
2006-09-14,1.7,11.4,7.0
2006-09-15,28.5,47.8,73.0
2006-09-16,0.0,0.9,0.0
2006-09-17,64.4,24.5,39.8
2006-09-18,0.0,0.0,0.0
2006-09-19,0.0,0.0,0.0
2006-09-20,0.0,0.0,0.0
2006-09-21,0.0,0.0,0.0
2006-09-22,0.0,0.0,0.0
2006-09-23,0.0,0.4,0.0
2006-09-24,0.0,1.8,0.0
2006-09-25,0.0,0.4,0.0
2006-09-26,0.0,0.0,0.0
2006-09-27,0.0,0.0,0.0
2006-09-28,0.0,0.0,0.0
2006-09-29,0.0,0.0,0.0
2006-09-30,0.0,0.0,0.0
2006-10-01,0.0,0.0,0.0
2006-10-02,0.0,0.1,0.0
2006-10-03,0.0,0.0,0.0
2006-10-04,0.0,0.1,0.0
2006-10-05,0.0,0.0,0.0
2006-10-06,0.0,2.8,0.0
2006-10-07,0.0,0.0,0.0
2006-10-08,0.0,0.3,0.0
2006-10-09,0.0,0.0,0.0
2006-10-10,23.7,6.3,3.9
2006-10-11,0.0,1.5,0.0
2006-10-12,0.0,0.9,0.0
2006-10-13,0.0,0.0,0.0
2006-10-14,0.0,0.9,0.0
2006-10-15,0.0,0.0,0.0
2006-10-16,0.0,0.0,0.0
2006-10-17,0.0,0.0,0.0
2006-10-18,0.0,0.1,0.0
2006-10-19,0.0,0.2,0.0
2006-10-20,0.0,0.1,0.0
2006-10-21,0.0,0.0,0.0
2006-10-22,0.0,0.3,0.0
2006-10-23,21.5,12.3,10.4
2006-10-24,6.9,35.8,61.6
2006-10-25,0.0,0.1,0.0
2006-10-26,0.0,0.7,0.0
2006-10-27,0.0,0.3,0.0
2006-10-28,0.0,3.8,0.0
2006-10-29,0.0,0.2,0.0
2006-10-30,0.0,0.6,0.0
2006-10-31,0.0,6.3,1.5
2006-11-01,0.0,1.3,0.0
2006-11-02,0.0,0.0,0.0
2006-11-03,0.0,0.0,0.0
2006-11-04,0.0,2.8,0.0
2006-11-05,0.0,0.0,0.0
2006-11-06,0.0,1.9,0.0
2006-11-07,18.7,4.4,0.0
2006-11-08,3.2,5.0,1.0
2006-11-09,51.8,2.5,0.0
2006-11-10,15.8,19.1,20.9
2006-11-11,0.1,0.8,0.0
2006-11-12,0.0,0.1,0.0
2006-11-13,8.0,6.1,1.0
2006-11-14,4.4,2.5,0.0
2006-11-15,0.0,4.0,0.0
2006-11-16,0.0,0.0,0.0
2006-11-17,0.0,1.3,0.0
2006-11-18,4.0,0.4,0.0
2006-11-19,24.3,13.4,7.6
2006-11-20,0.0,1.6,0.0
2006-11-21,3.4,0.4,0.0
2006-11-22,3.8,7.5,2.6
2006-11-23,0.0,0.8,0.0
2006-11-24,0.0,18.1,15.5
2006-11-25,0.0,0.3,0.0
2006-11-26,1.0,9.1,4.4
2006-11-27,2.1,28.5,34.7
2006-11-28,0.0,1.7,0.0
2006-11-29,0.0,14.2,10.5
2006-11-30,15.4,4.1,0.0
2006-12-01,0.0,1.6,0.0
2006-12-02,1.0,8.6,3.1
2006-12-03,0.0,3.0,0.0
2006-12-04,0.7,2.0,0.0
2006-12-05,0.0,0.7,0.0
2006-12-06,0.5,10.1,4.8
2006-12-07,0.0,1.4,0.0
2006-12-08,0.0,13.4,8.6
2006-12-09,0.0,0.9,0.0
2006-12-10,0.0,0.6,0.0
2006-12-11,18.2,12.7,9.2
2006-12-12,40.1,2.2,0.0
2006-12-13,0.0,19.6,23.5
2006-12-14,0.0,1.3,0.0
2006-12-15,1.0,1.1,0.0
2006-12-16,24.6,3.9,1.0
2006-12-17,0.0,5.0,1.1
2006-12-18,6.7,0.0,0.0
2006-12-19,0.0,1.9,0.0
2006-12-20,0.0,0.1,0.0
2006-12-21,0.0,1.8,0.0
2006-12-22,35.8,41.0,47.0
2006-12-23,39.0,65.5,90.2
2006-12-24,0.0,9.8,5.1
2006-12-25,1.0,7.8,3.1
2006-12-26,0.0,3.7,0.0
2006-12-27,2.6,2.5,0.0
2006-12-28,0.0,6.9,2.2
2006-12-29,0.0,18.2,13.6
2006-12-30,0.0,3.9,0.0
2006-12-31,0.0,0.9,0.0
2007-01-01,15.4,22.7,26.7
2007-01-02,2.7,0.9,0.0
2007-01-03,0.0,3.2,0.0
2007-01-04,0.0,0.9,0.0
2007-01-05,5.8,18.1,18.6
2007-01-06,1.0,0.5,0.0
2007-01-07,0.0,0.0,0.0
2007-01-08,0.0,1.3,0.0
2007-01-09,0.0,0.4,0.0
2007-01-10,0.0,0.5,0.0
2007-01-11,15.0,7.7,5.7
2007-01-12,0.0,1.2,0.0
2007-01-13,1.0,4.5,2.2
2007-01-14,7.0,24.0,26.6
2007-01-15,0.0,1.5,0.0
2007-01-16,0.0,3.1,1.0
2007-01-17,0.0,0.0,0.0
2007-01-18,13.6,35.2,47.3
2007-01-19,53.7,117.9,114.9
2007-01-20,28.6,15.6,15.6
2007-01-21,9.5,13.2,13.0
2007-01-22,3.4,0.3,0.0
2007-01-23,0.0,0.3,0.0
2007-01-24,3.7,12.7,12.6
2007-01-25,3.2,0.0,0.0
2007-01-26,1.1,0.2,0.0
2007-01-27,22.3,5.6,4.2
2007-01-28,19.2,13.3,13.0
2007-01-29,4.3,0.0,0.0
2007-01-30,0.2,0.0,0.0
2007-01-31,0.0,0.0,0.0
2007-02-01,0.0,0.0,0.0
2007-02-02,1.5,0.0,0.0
2007-02-03,0.3,0.0,0.0
2007-02-04,0.0,0.1,0.0
2007-02-05,0.0,0.0,0.0
2007-02-06,0.0,0.0,0.0
2007-02-07,0.0,0.0,0.0
2007-02-08,1.8,0.0,0.0
2007-02-09,0.0,0.0,0.0
2007-02-10,0.0,0.0,0.0
2007-02-11,0.0,0.0,0.0
2007-02-12,0.0,0.0,0.0
2007-02-13,0.0,1.4,0.0
2007-02-14,2.1,0.0,0.0
2007-02-15,2.1,4.5,3.5
2007-02-16,4.5,8.8,10.5
2007-02-17,1.5,6.6,6.3
2007-02-18,5.1,1.2,0.0
2007-02-19,18.8,10.7,11.9
2007-02-20,39.0,52.0,71.0
2007-02-21,0.0,1.1,0.0
2007-02-22,4.6,9.7,8.9
2007-02-23,0.0,1.1,0.0
2007-02-24,3.3,9.6,8.9
2007-02-25,2.0,0.5,0.0
2007-02-26,2.0,4.8,2.0
2007-02-27,0.3,11.6,12.0
2007-02-28,1.0,1.8,0.0
2007-03-01,2.0,11.4,5.3
2007-03-02,0.0,1.8,0.0
2007-03-03,24.2,8.6,2.3
2007-03-04,0.0,1.3,0.0
2007-03-05,0.0,3.4,0.0
2007-03-06,0.0,0.7,0.0
2007-03-07,7.7,21.1,27.3
2007-03-08,8.1,12.9,6.9
2007-03-09,0.0,0.0,0.0
2007-03-10,0.0,0.6,0.0
2007-03-11,0.0,0.2,0.0
2007-03-12,0.0,3.1,0.0
2007-03-13,0.1,3.3,0.0
2007-03-14,9.2,11.2,6.0
2007-03-15,21.6,27.0,36.4
2007-03-16,4.8,21.0,24.9
2007-03-17,2.5,9.4,4.2
2007-03-18,29.8,52.8,67.9
2007-03-19,0.3,0.6,0.0
2007-03-20,22.1,67.6,76.8
2007-03-21,10.0,4.4,0.0
2007-03-22,0.2,6.1,0.0
2007-03-23,0.0,1.8,0.0
2007-03-24,0.0,16.4,9.2
2007-03-25,0.1,5.0,0.0
2007-03-26,28.1,21.9,14.3
2007-03-27,0.1,2.6,0.0
2007-03-28,0.1,12.5,5.4
2007-03-29,0.0,1.3,0.0
2007-03-30,0.0,0.3,0.0
2007-03-31,63.1,5.2,0.0
2007-04-01,0.4,0.0,0.0
2007-04-02,0.7,7.4,4.0
2007-04-03,1.5,3.5,0.0
2007-04-04,3.3,8.5,5.4
2007-04-05,0.0,0.0,0.0
2007-04-06,0.0,0.9,0.0
2007-04-07,0.0,0.0,0.0
2007-04-08,30.1,25.5,40.8
2007-04-09,1.6,1.4,0.0
2007-04-10,3.2,0.0,0.0
2007-04-11,10.3,2.4,0.0
2007-04-12,44.6,36.8,55.1
2007-04-13,38.2,23.3,36.0
2007-04-14,0.0,0.8,0.0
2007-04-15,0.0,1.0,0.0
2007-04-16,2.6,10.2,8.1
2007-04-17,0.0,0.2,0.0
2007-04-18,3.4,31.5,49.2
2007-04-19,0.0,2.4,0.0
2007-04-20,0.0,0.0,0.0
2007-04-21,0.0,0.1,0.0
2007-04-22,56.1,52.0,70.6
2007-04-23,76.7,51.9,70.5
2007-04-24,1.8,5.9,2.5
2007-04-25,0.2,3.6,1.0
2007-04-26,0.0,5.0,1.4
2007-04-27,0.0,0.0,0.0
2007-04-28,15.9,11.5,10.1
2007-04-29,0.0,1.0,0.0
2007-04-30,2.4,2.4,0.0
2007-05-01,15.4,6.9,3.1
2007-05-02,2.7,0.6,0.0
2007-05-03,0.0,9.1,5.6
2007-05-04,0.0,26.2,27.9
2007-05-05,5.8,4.3,1.0
2007-05-06,1.0,0.2,0.0
2007-05-07,0.0,2.6,0.0
2007-05-08,0.0,0.9,0.0
2007-05-09,0.0,0.0,0.0
2007-05-10,0.0,0.9,0.0
2007-05-11,15.0,0.0,0.0
2007-05-12,0.0,0.8,0.0
2007-05-13,1.0,17.3,38.7
2007-05-14,7.0,35.1,76.2
2007-05-15,0.0,6.6,2.2
2007-05-16,0.0,0.5,0.0
2007-05-17,0.0,3.8,0.0
2007-05-18,13.6,1.1,0.0
2007-05-19,53.7,0.5,0.0
2007-05-20,28.6,0.1,0.0
2007-05-21,9.5,1.4,0.0
2007-05-22,3.4,16.8,34.5
2007-05-23,0.0,0.8,0.0
2007-05-24,3.7,1.4,0.0
2007-05-25,3.2,0.2,0.0
2007-05-26,1.1,5.4,2.4
2007-05-27,22.3,0.5,0.0
2007-05-28,19.2,0.6,0.0
2007-05-29,4.3,2.8,0.0
2007-05-30,0.2,2.4,0.0
2007-05-31,0.0,8.9,8.8
2007-06-01,0.0,1.5,0.0
2007-06-02,0.0,0.9,0.0
2007-06-03,0.0,0.1,0.0
2007-06-04,2.6,2.6,0.0
2007-06-05,7.3,17.6,28.1
2007-06-06,0.0,0.8,0.0
2007-06-07,0.0,7.2,3.1
2007-06-08,0.0,1.2,0.0
2007-06-09,2.0,1.3,0.0
2007-06-10,8.1,17.8,28.5
2007-06-11,0.0,0.2,0.0
2007-06-12,0.6,2.8,0.0
2007-06-13,0.0,0.1,0.0
2007-06-14,0.3,3.2,0.0
2007-06-15,17.6,10.1,7.3
2007-06-16,16.5,15.7,17.0
2007-06-17,32.0,24.7,38.3
2007-06-18,14.3,17.0,20.6
2007-06-19,0.0,1.8,0.0
2007-06-20,0.0,1.6,0.0
2007-06-21,0.0,0.8,0.0
2007-06-22,0.0,0.4,0.0
2007-06-23,0.2,4.6,1.7
2007-06-24,2.4,0.9,0.0
2007-06-25,0.0,0.8,0.0
2007-06-26,0.0,0.1,0.0
2007-06-27,0.0,1.6,0.0
2007-06-28,0.0,0.9,0.0
2007-06-29,0.0,0.6,0.0
2007-06-30,0.0,0.3,0.0
2007-07-01,43.0,3.4,1.0
2007-07-02,0.0,0.4,0.0
2007-07-03,0.1,1.1,0.0
2007-07-04,0.0,0.1,0.0
2007-07-05,0.0,0.1,0.0
2007-07-06,65.9,0.5,0.0
2007-07-07,0.0,0.3,0.0
2007-07-08,41.1,52.4,91.5
2007-07-09,1.2,22.7,34.7
2007-07-10,1.3,0.4,0.0
2007-07-11,0.0,1.3,0.0
2007-07-12,0.0,0.0,0.0
2007-07-13,0.0,0.3,0.0
2007-07-14,0.0,0.2,0.0
2007-07-15,0.0,0.2,0.0
2007-07-16,0.0,0.7,0.0
2007-07-17,8.4,17.6,24.4
2007-07-18,5.7,7.0,2.8
2007-07-19,1.8,0.5,0.0
2007-07-20,13.1,23.8,33.3
2007-07-21,11.4,8.9,8.5
2007-07-22,14.9,6.5,2.8
2007-07-23,0.0,20.9,38.7
2007-07-24,0.0,3.2,0.0
2007-07-25,0.0,1.8,0.0
2007-07-26,0.0,1.0,0.0
2007-07-27,0.0,5.2,1.0
2007-07-28,0.1,1.2,0.0
2007-07-29,0.0,0.2,0.0
2007-07-30,0.0,0.3,0.0
2007-07-31,0.0,0.2,0.0
2007-08-01,0.0,0.0,0.0
2007-08-02,0.0,0.1,0.0
2007-08-03,0.0,0.0,0.0
2007-08-04,0.0,0.0,0.0
2007-08-05,0.0,0.0,0.0
2007-08-06,0.0,0.0,0.0
2007-08-07,0.0,0.2,0.0
2007-08-08,22.4,1.2,0.0
2007-08-09,0.0,0.8,0.0
2007-08-10,0.0,0.4,0.0
2007-08-11,0.0,0.0,0.0
2007-08-12,10.0,1.7,0.0
2007-08-13,43.3,3.3,0.0
2007-08-14,3.7,8.2,5.9
2007-08-15,0.1,0.9,0.0
2007-08-16,0.3,0.0,0.0
2007-08-17,5.0,0.0,0.0
2007-08-18,0.0,0.7,0.0
2007-08-19,50.3,27.4,59.5
2007-08-20,0.0,4.3,1.0
2007-08-21,29.6,5.4,1.0
2007-08-22,2.2,33.3,73.8
2007-08-23,0.0,1.9,0.0
2007-08-24,0.0,0.3,0.0
2007-08-25,28.3,2.8,0.0
2007-08-26,0.4,3.4,0.0
2007-08-27,0.0,0.3,0.0
2007-08-28,2.0,7.5,4.0
2007-08-29,1.0,1.2,0.0
2007-08-30,0.0,0.5,0.0
2007-08-31,0.0,0.3,0.0
2007-09-01,3.4,1.6,0.0
2007-09-02,0.0,3.0,0.0
2007-09-03,24.2,28.9,50.7
2007-09-04,0.8,16.2,14.4
2007-09-05,0.0,0.7,0.0
2007-09-06,0.2,1.0,0.0
2007-09-07,1.0,4.4,0.0
2007-09-08,4.8,19.2,27.0
2007-09-09,0.0,5.6,1.0
2007-09-10,0.0,10.7,6.5
2007-09-11,7.0,30.7,50.3
2007-09-12,0.6,11.2,6.1
2007-09-13,0.0,1.2,0.0
2007-09-14,0.0,5.3,1.0
2007-09-15,1.0,8.9,3.4
2007-09-16,21.3,75.4,87.7
2007-09-17,2.2,18.6,28.1
2007-09-18,0.0,0.6,0.0
2007-09-19,0.0,0.8,0.0
2007-09-20,0.0,1.0,0.0
2007-09-21,0.0,2.0,0.0
2007-09-22,0.0,0.0,0.0
2007-09-23,0.0,0.9,0.0
2007-09-24,18.7,35.4,60.9
2007-09-25,0.0,1.4,0.0
2007-09-26,0.0,1.6,0.0
2007-09-27,0.5,2.7,0.0
2007-09-28,0.0,0.8,0.0
2007-09-29,0.0,0.1,0.0
2007-09-30,0.0,0.0,0.0
2007-10-01,0.0,0.0,0.0
2007-10-02,0.0,1.0,0.0
2007-10-03,0.0,0.0,0.0
2007-10-04,0.0,0.5,0.0
2007-10-05,0.0,0.4,0.0
2007-10-06,0.0,0.2,0.0
2007-10-07,7.4,8.9,8.3
2007-10-08,47.3,11.9,15.9
2007-10-09,0.0,1.9,0.0
2007-10-10,0.0,0.8,0.0
2007-10-11,15.7,0.3,0.0
2007-10-12,35.7,10.4,6.8
2007-10-13,3.8,18.5,16.7
2007-10-14,3.3,6.2,2.0
2007-10-15,3.0,5.1,1.0
2007-10-16,0.0,0.8,0.0
2007-10-17,0.0,5.2,1.0
2007-10-18,0.0,0.2,0.0
2007-10-19,0.1,20.3,21.6
2007-10-20,70.4,11.1,7.6
2007-10-21,7.5,8.3,4.2
2007-10-22,16.2,33.4,58.0
2007-10-23,6.9,21.1,34.1
2007-10-24,1.3,17.2,26.8
2007-10-25,0.0,1.0,0.0
2007-10-26,0.8,3.6,0.0
2007-10-27,0.0,2.0,0.0
2007-10-28,1.6,4.2,0.0
2007-10-29,0.0,1.8,0.0
2007-10-30,11.1,26.0,44.4
2007-10-31,6.0,11.1,8.4
2007-11-01,0.6,5.6,1.1
2007-11-02,0.0,0.2,0.0
2007-11-03,0.0,8.1,3.6
2007-11-04,4.3,17.7,14.9
2007-11-05,3.7,38.4,52.9
2007-11-06,0.2,4.2,0.0
2007-11-07,42.0,59.3,66.1
2007-11-08,3.8,6.1,1.6
2007-11-09,13.7,5.9,1.4
2007-11-10,0.0,8.5,4.1
2007-11-11,0.5,18.4,12.6
2007-11-12,0.0,0.5,0.0
2007-11-13,0.3,11.5,5.7
2007-11-14,0.5,6.8,1.1
2007-11-15,4.7,16.0,10.1
2007-11-16,0.0,0.1,0.0
2007-11-17,0.0,1.9,0.0
2007-11-18,0.0,1.5,0.0
2007-11-19,0.0,0.4,0.0
2007-11-20,10.8,22.0,16.9
2007-11-21,0.0,0.7,0.0
2007-11-22,0.0,0.9,0.0
2007-11-23,0.0,0.9,0.0
2007-11-24,0.0,1.5,0.0
2007-11-25,0.0,1.3,0.0
2007-11-26,0.0,8.5,3.7
2007-11-27,10.8,28.1,34.8
2007-11-28,1.8,9.9,5.3
2007-11-29,2.5,2.1,0.0
2007-11-30,0.7,14.0,10.3
2007-12-01,11.8,34.5,49.9
2007-12-02,5.9,17.9,14.1
2007-12-03,13.3,5.4,0.0
2007-12-04,3.9,9.3,3.8
2007-12-05,13.0,6.1,1.0
2007-12-06,39.2,6.3,1.0
2007-12-07,0.0,8.8,3.3
2007-12-08,0.5,4.9,0.0
2007-12-09,2.6,5.8,1.0
2007-12-10,2.0,9.8,4.4
2007-12-11,0.0,5.7,1.8
2007-12-12,0.4,10.0,6.2
2007-12-13,0.0,1.7,0.0
2007-12-14,1.9,1.9,0.0
2007-12-15,22.3,15.2,12.0
2007-12-16,0.4,6.0,2.1
2007-12-17,25.5,8.3,4.4
2007-12-18,0.0,0.4,0.0
2007-12-19,25.1,63.8,100.5
2007-12-20,2.9,21.2,24.9
2007-12-21,5.0,11.4,6.7
2007-12-22,1.5,0.9,0.0
2007-12-23,26.2,10.7,6.0
2007-12-24,0.0,3.6,0.0
2007-12-25,0.0,10.0,5.3
2007-12-26,0.2,4.6,1.0
2007-12-27,0.0,4.0,0.0
2007-12-28,20.1,9.8,5.1
2007-12-29,14.4,18.1,13.5
2007-12-30,0.0,0.8,0.0
2007-12-31,0.0,3.3,0.0
2008-01-01,13.2,1.1,0.0
2008-01-02,0.0,8.3,4.3
2008-01-03,0.0,0.3,0.0
2008-01-06,0.0,0.0,0.0
2008-01-07,1.3,0.5,0.0
2008-01-08,0.0,4.9,1.0
2008-01-09,0.0,7.4,3.3
2008-01-10,0.0,0.0,0.0
2008-01-11,0.8,4.8,2.5
2008-01-12,0.7,4.5,2.2
2008-01-13,0.0,7.8,5.8
2008-01-14,0.0,0.0,0.0
2008-01-15,0.0,0.0,0.0
2008-01-17,16.9,8.5,6.6
2008-01-18,0.0,5.4,3.1
2008-01-19,0.7,0.2,0.0
2008-01-21,5.0,4.9,3.5
2008-01-22,38.0,11.0,10.7
2008-01-23,4.6,0.0,0.0
2008-01-24,16.6,8.9,7.9
2008-01-25,13.6,3.8,2.3
2008-01-26,12.5,0.8,0.0
2008-01-27,25.4,2.0,1.0
2008-01-28,5.5,13.4,13.8
2008-01-29,0.0,0.9,0.0
2008-01-31,30.5,12.5,12.7
2008-02-02,4.3,11.0,12.1
2008-02-03,0.0,2.1,1.0
2008-02-04,0.0,0.0,0.0
2008-02-05,0.0,0.0,0.0
2008-02-06,0.8,0.0,0.0
2008-02-07,0.0,0.5,0.0
2008-02-08,0.0,1.4,0.0
2008-02-10,0.0,0.6,0.0
2008-02-12,0.0,2.7,1.0
2008-02-13,0.0,0.3,0.0
2008-02-14,0.0,2.5,1.0
2008-02-15,0.0,6.7,6.5
2008-02-16,0.0,2.2,1.0
2008-02-17,0.0,0.1,0.0
2008-02-18,0.0,0.2,0.0
2008-02-19,0.0,3.4,2.0
2008-02-20,27.0,3.5,2.1
2008-02-21,2.0,1.1,0.0
2008-02-22,0.0,0.2,0.0
2008-02-23,9.6,1.7,0.0
2008-02-24,39.3,27.7,48.6
2008-02-26,0.0,0.3,0.0
2008-02-27,0.1,7.8,6.1
2008-02-28,13.6,9.4,8.5
2008-02-29,1.0,4.9,2.2
2008-03-01,0.0,0.3,0.0
2008-03-02,43.0,35.1,53.3
2008-03-03,7.3,20.5,25.7
2008-03-05,22.9,64.5,72.5
2008-03-06,0.0,1.1,0.0
2008-03-07,0.0,16.2,11.2
2008-03-08,9.7,39.2,58.6
2008-03-09,24.6,1.9,0.0
2008-03-10,7.9,4.3,0.0
2008-03-11,4.2,1.2,0.0
2008-03-12,1.0,18.7,13.8
2008-03-13,13.4,3.8,0.0
2008-03-14,0.2,5.5,1.0
2008-03-15,14.5,0.1,0.0
2008-03-16,19.0,10.3,5.1
2008-03-17,12.6,16.9,11.9
2008-03-18,5.4,4.5,0.0
2008-03-19,0.0,6.4,1.4
2008-03-20,24.6,3.4,0.0
2008-03-21,0.0,9.2,2.3
2008-03-22,6.0,72.7,76.2
2008-03-23,21.1,1.6,0.0
2008-03-26,5.4,1.4,0.0
2008-03-27,0.0,42.0,50.1
2008-03-28,12.5,1.0,0.0
2008-03-29,0.0,0.8,0.0
2008-03-30,0.0,202.8,82.9
2008-03-31,75.9,6.8,1.0
2008-04-01,0.7,2.2,0.0
2008-04-02,2.7,0.3,0.0
2008-04-03,23.1,18.1,19.3
2008-04-04,0.0,0.0,0.0
2008-04-05,5.1,2.0,0.0
2008-04-06,30.0,18.5,29.1
2008-04-08,8.8,4.9,1.1
2008-04-09,9.4,11.8,10.0
2008-04-10,73.0,19.0,31.2
2008-04-11,0.0,1.1,0.0
2008-04-13,0.0,0.1,0.0
2008-04-14,1.7,10.4,8.4
2008-04-15,0.0,0.0,0.0
2008-04-16,37.0,20.1,30.7
2008-04-17,1.0,10.0,7.7
2008-04-21,0.0,11.9,10.6
2008-04-22,0.0,4.6,1.0
2008-04-23,34.4,9.9,7.8
2008-04-24,0.0,4.6,1.0
2008-04-25,0.0,0.0,0.0
2008-04-26,0.0,0.0,0.0
2008-04-27,0.0,0.3,0.0
2008-04-28,0.0,0.0,0.0
2008-04-30,31.3,17.1,23.4
2008-05-01,6.8,25.9,27.8
2008-05-02,4.7,23.4,25.1
2008-05-03,2.4,8.3,4.6
2008-05-04,5.1,5.0,1.1
2008-05-05,4.0,2.0,0.0
2008-05-06,0.2,3.8,1.0
2008-05-07,3.0,2.1,0.0
2008-05-09,20.5,3.9,1.0
2008-05-10,0.0,1.7,0.0
2008-05-11,0.0,1.5,0.0
2008-05-12,0.0,0.8,0.0
2008-05-13,0.0,0.6,0.0
2008-05-14,0.0,0.2,0.0
2008-05-15,0.0,0.0,0.0
2008-05-16,0.0,0.0,0.0
2008-05-17,0.0,0.0,0.0
2008-05-18,0.0,0.0,0.0
2008-05-19,0.0,0.0,0.0
2008-05-20,0.0,0.3,0.0
2008-05-22,0.0,0.2,0.0
2008-05-23,0.0,0.1,0.0
2008-05-24,0.0,0.0,0.0
2008-05-25,6.2,8.4,8.0
2008-05-27,0.4,0.5,0.0
2008-05-28,8.0,25.4,63.3
2008-05-29,17.6,6.4,4.3
2008-05-30,3.4,13.1,18.2
2008-06-01,1.5,3.7,0.0
2008-06-02,0.0,0.1,0.0
2008-06-03,0.6,5.4,1.0
2008-06-04,2.0,1.7,0.0
2008-06-05,0.0,0.0,0.0
2008-06-06,0.5,2.7,0.0
2008-06-12,0.4,0.7,0.0
2008-06-13,0.8,15.8,17.7
2008-06-16,0.0,0.0,0.0
2008-06-18,10.0,7.2,3.3
2008-06-19,0.1,0.0,0.0
2008-06-29,10.4,5.6,3.6
2008-06-30,0.5,5.3,3.3
2008-07-01,0.0,0.5,0.0
2008-07-02,0.0,0.0,0.0
2008-07-03,0.0,0.1,0.0
2008-07-04,0.0,0.2,0.0
2008-07-05,0.0,0.4,0.0
2008-07-06,0.0,0.0,0.0
2008-07-07,0.0,1.0,0.0
2008-07-08,2.0,3.5,1.0
2008-07-09,1.2,6.1,3.8
2008-07-10,15.4,1.8,0.0
2008-07-11,1.5,13.1,10.8
2008-07-12,0.0,1.7,0.0
2008-07-13,20.2,5.6,1.1
2008-07-14,12.2,25.8,36.6
2008-07-15,0.2,1.0,0.0
2008-07-16,0.0,1.7,0.0
2008-07-17,10.9,6.6,2.2
2008-07-18,0.0,3.0,0.0
2008-07-19,0.0,0.8,0.0
2008-07-20,0.0,1.0,0.0
2008-07-21,0.0,0.6,0.0
2008-07-22,0.0,0.0,0.0
2008-07-23,0.0,0.7,0.0
2008-07-24,0.0,3.7,0.0
2008-07-25,5.0,19.2,36.1
2008-07-26,0.5,25.2,49.0
2008-07-27,0.0,5.5,1.5
2008-07-28,0.0,3.6,0.0
2008-07-29,0.0,0.2,0.0
2008-07-30,0.0,0.5,0.0
2008-07-31,0.0,0.0,0.0
2008-08-01,0.0,0.0,0.0
2008-08-02,0.0,0.3,0.0
2008-08-03,5.6,3.8,0.0
2008-08-04,0.0,0.1,0.0
2008-08-05,0.0,0.5,0.0
2008-08-06,0.0,1.0,0.0
2008-08-07,15.2,1.0,0.0
2008-08-08,0.0,0.6,0.0
2008-08-09,0.0,1.8,0.0
2008-08-10,19.2,34.4,43.1
2008-08-11,0.0,2.7,0.0
2008-08-12,103.5,37.1,80.3
2008-08-13,0.0,0.6,0.0
2008-08-14,0.0,7.8,4.7
2008-08-15,0.0,2.9,0.0
2008-08-16,1.5,13.2,13.4
2008-08-17,0.0,2.2,0.0
2008-08-18,0.0,1.2,0.0
2008-08-19,1.9,12.3,11.8
2008-08-20,1.3,0.0,0.0
2008-08-21,4.5,0.0,0.0
2008-08-22,0.0,0.8,0.0
2008-08-23,6.8,33.8,75.5
2008-08-24,0.9,9.6,8.7
2008-08-25,0.0,2.8,0.0
2008-08-26,0.0,0.9,0.0
2008-08-27,38.3,8.2,5.3
2008-08-28,15.4,47.8,88.6
2008-08-29,30.5,1.0,0.0
2008-08-30,0.8,10.2,9.7
2008-08-31,0.0,1.0,0.0
2008-09-01,7.8,8.7,3.8
2008-09-02,4.9,29.8,51.5
2008-09-03,0.0,4.1,0.0
2008-09-04,3.3,2.8,0.0
2008-09-05,0.7,0.9,0.0
2008-09-06,0.1,9.9,5.9
2008-09-07,0.0,0.8,0.0
2008-09-08,0.0,8.8,4.0
2008-09-09,0.4,0.3,0.0
2008-09-10,1.5,16.8,15.6
2008-09-11,0.5,7.0,1.3
2008-09-12,1.9,12.2,7.8
2008-09-13,1.8,6.6,1.0
2008-09-14,0.0,9.6,4.1
2008-09-15,16.8,12.2,8.0
2008-09-16,12.8,4.6,0.0
2008-09-17,0.0,0.3,0.0
2008-09-18,0.0,0.0,0.0
2008-09-19,0.0,0.2,0.0
2008-09-20,0.0,0.2,0.0
2008-09-21,0.0,0.5,0.0
2008-09-22,0.0,1.8,0.0
2008-09-23,0.0,0.4,0.0
2008-09-24,0.0,0.0,0.0
2008-09-25,3.6,0.1,0.0
2008-09-26,1.0,4.6,0.0
2008-09-27,0.0,0.6,0.0
2008-09-28,0.0,0.9,0.0
2008-09-29,26.5,11.4,8.9
2008-09-30,21.1,22.2,39.8
2008-10-01,2.0,6.6,4.5
2008-10-02,15.2,1.0,0.0
2008-10-03,0.4,4.3,1.0
2008-10-04,8.6,9.2,8.9
2008-10-05,0.0,0.3,0.0
2008-10-06,0.0,0.6,0.0
2008-10-07,3.7,2.6,0.0
2008-10-08,0.0,0.3,0.0
2008-10-09,50.3,28.7,59.7
2008-10-10,7.7,3.2,0.0
2008-10-11,0.0,0.6,0.0
2008-10-12,0.0,0.4,0.0
2008-10-13,9.6,0.6,0.0
2008-10-14,0.6,0.3,0.0
2008-10-15,1.0,1.6,0.0
2008-10-16,18.5,22.0,26.1
2008-10-17,0.0,7.5,3.5
2008-10-18,9.3,2.9,0.0
2008-10-19,0.1,6.7,2.5
2008-10-20,14.0,22.5,26.9
2008-10-21,1.0,3.5,0.0
2008-10-22,4.0,2.9,0.0
2008-10-23,0.5,21.4,34.6
2008-10-24,0.0,6.7,2.0
2008-10-25,8.5,12.2,10.1
2008-10-26,0.0,9.7,6.2
2008-10-27,0.0,0.8,0.0
2008-10-28,0.0,1.8,0.0
2008-10-29,47.2,19.6,31.9
2008-10-30,0.0,3.4,0.0
2008-10-31,0.0,0.1,0.0
2008-11-01,0.0,3.5,0.0
2008-11-02,39.5,22.0,27.4
2008-11-03,0.4,5.8,1.3
2008-11-04,0.0,8.1,3.6
2008-11-05,97.0,54.8,64.7
2008-11-06,9.6,19.1,20.9
2008-11-07,3.7,13.2,9.3
2008-11-08,0.0,3.5,0.0
2008-11-09,0.0,5.5,1.0
2008-11-10,5.3,37.1,51.4
2008-11-11,0.0,5.2,0.0
2008-11-12,0.0,6.3,1.0
2008-11-13,0.3,2.2,0.0
2008-11-14,20.1,18.3,12.5
2008-11-15,73.5,83.1,68.9
2008-11-16,3.2,25.2,24.5
2008-11-17,12.0,11.2,5.4
2008-11-18,0.0,0.5,0.0
2008-11-19,0.0,7.9,2.2
2008-11-20,0.0,4.4,0.0
2008-11-21,0.0,4.4,0.0
2008-11-22,0.0,1.0,0.0
2008-11-23,2.8,19.2,17.0
2008-11-24,2.7,30.6,37.7
2008-11-25,32.4,34.4,45.5
2008-11-26,0.2,2.5,0.0
2008-11-27,0.0,0.0,0.0
2008-11-28,0.6,21.2,23.3
2008-11-29,0.5,0.8,0.0
2008-11-30,0.3,5.5,1.0
2008-12-01,24.3,15.1,10.6
2008-12-02,3.2,4.2,0.0
2008-12-03,9.6,7.1,1.5
2008-12-04,0.0,5.7,1.0
2008-12-05,7.6,14.8,10.3
2008-12-06,56.8,11.1,5.9
2008-12-07,15.9,118.3,88.7
2008-12-08,0.0,7.0,1.3
2008-12-09,0.4,0.9,0.0
2008-12-10,0.0,0.3,0.0
2008-12-11,65.0,25.8,30.2
2008-12-12,2.5,0.6,0.0
2008-12-13,5.8,10.9,7.2
2008-12-14,0.6,11.2,7.6
2008-12-15,27.5,16.2,13.5
2008-12-16,3.0,0.5,0.0
2008-12-17,38.4,6.2,2.3
2008-12-18,0.0,0.1,0.0
2008-12-19,1.5,0.1,0.0
2008-12-20,0.0,0.1,0.0
2008-12-21,39.1,1.8,0.0
2008-12-22,2.5,4.0,0.0
2008-12-23,0.8,2.6,0.0
2008-12-24,1.6,3.7,0.0
2008-12-25,2.4,0.8,0.0
2008-12-26,0.0,1.2,0.0
2008-12-27,0.0,10.2,5.5
2008-12-28,3.5,8.2,3.5
2008-12-29,0.0,7.3,2.6
2008-12-30,10.4,11.4,6.7
2008-12-31,0.0,0.4,0.0
2009-01-01,0.0,11.2,7.4
2009-01-02,12.4,5.6,1.6
2009-01-03,3.5,7.4,3.4
2009-01-04,13.2,22.8,26.6
2009-01-05,4.7,5.1,1.1
2009-01-06,1.1,4.8,1.0
2009-01-07,0.4,6.2,2.1
2009-01-08,2.1,0.7,0.0
2009-01-09,5.5,0.7,0.0
2009-01-10,3.9,0.8,0.0
2009-01-11,0.0,0.1,0.0
2009-01-12,4.7,0.9,0.0
2009-01-13,1.7,2.5,1.0
2009-01-14,2.1,0.6,0.0
2009-01-15,0.5,0.2,0.0
2009-01-16,6.4,0.1,0.0
2009-01-17,1.2,0.0,0.0
2009-01-18,0.3,0.0,0.0
2009-01-19,0.0,0.0,0.0
2009-01-20,0.0,0.0,0.0
2009-01-21,0.0,0.0,0.0
2009-01-22,0.0,0.1,0.0
2009-01-23,0.0,0.0,0.0
2009-01-24,0.0,2.5,1.0
2009-01-25,5.7,20.5,25.7
2009-01-26,29.7,39.1,58.8
2009-01-27,7.5,4.2,2.7
2009-01-28,0.0,2.5,1.0
2009-01-29,0.0,0.2,0.0
2009-01-30,11.7,6.7,5.4
2009-01-31,0.0,0.0,0.0
2009-02-01,33.2,8.1,9.1
2009-02-02,1.5,0.0,0.0
2009-02-03,0.0,0.0,0.0
2009-02-04,0.0,0.1,0.0
2009-02-05,0.0,1.3,0.0
2009-02-06,0.0,0.2,0.0
2009-02-07,21.6,16.6,24.8
2009-02-08,0.0,0.1,0.0
2009-02-09,0.0,0.0,0.0
2009-02-10,0.0,0.9,0.0
2009-02-11,23.9,26.4,35.7
2009-02-12,0.0,1.1,0.0
2009-02-13,0.0,1.0,0.0
2009-02-14,45.8,6.9,6.7
2009-02-15,0.0,1.1,0.0
2009-02-16,0.0,0.1,0.0
2009-02-17,0.0,11.2,12.6
2009-02-18,0.5,0.5,0.0
2009-02-19,29.6,3.2,1.7
2009-02-20,16.4,8.8,9.2
2009-02-21,75.3,22.6,37.8
2009-02-22,7.0,15.4,17.9
2009-02-23,41.0,23.1,40.3
2009-02-24,13.3,18.8,23.7
2009-02-25,2.0,2.3,0.0
2009-02-26,31.0,6.0,3.7
2009-02-27,0.0,4.7,2.0
2009-02-28,0.0,3.8,1.0
2009-03-01,0.0,5.8,0.0
2009-03-02,7.0,2.6,0.0
2009-03-03,0.0,4.8,0.0
2009-03-04,0.0,0.8,0.0
2009-03-05,1.7,10.7,4.5
2009-03-06,27.2,15.2,10.9
2009-03-07,0.0,1.8,0.0
2009-03-08,0.0,5.5,0.0
2009-03-09,0.0,4.8,0.0
2009-03-10,0.0,3.5,0.0
2009-03-11,36.3,53.6,68.2
2009-03-12,1.3,15.6,10.6
2009-03-13,13.3,37.0,51.6
2009-03-14,3.1,1.3,0.0
2009-03-15,4.2,11.2,6.0
2009-03-16,9.0,17.2,12.4
2009-03-17,0.0,0.7,0.0
2009-03-18,0.0,7.8,2.7
2009-03-19,0.3,29.8,40.6
2009-03-20,13.0,4.1,0.0
2009-03-21,19.4,4.6,0.0
2009-03-22,0.0,3.2,0.0
2009-03-23,43.4,68.0,76.2
2009-03-24,0.6,19.7,12.5
2009-03-25,0.0,0.2,0.0
2009-03-26,2.0,10.4,3.5
2009-03-27,0.9,0.2,0.0
2009-03-28,0.0,0.2,0.0
2009-03-29,3.2,40.5,48.0
2009-03-30,1.4,3.4,0.0
2009-03-31,6.5,39.3,46.1
2009-04-01,0.0,1.0,0.0
2009-04-02,0.0,0.0,0.0
2009-04-03,1.6,2.3,0.0
2009-04-04,18.2,13.8,13.0
2009-04-05,0.0,1.1,0.0
2009-04-06,16.6,12.8,11.5
2009-04-07,5.9,15.7,15.9
2009-04-08,0.0,1.2,0.0
2009-04-09,0.0,11.0,8.9
2009-04-10,0.0,1.7,0.0
2009-04-11,0.0,3.4,0.0
2009-04-12,4.4,16.3,22.8
2009-04-13,0.0,0.0,0.0
2009-04-14,0.0,3.5,1.0
2009-04-15,40.7,47.1,65.3
2009-04-16,0.1,9.4,7.0
2009-04-17,0.0,0.0,0.0
2009-04-18,0.0,0.8,0.0
2009-04-19,1.2,3.0,0.0
2009-04-20,18.5,2.5,0.0
2009-04-21,0.0,0.1,0.0
2009-04-22,0.5,16.5,17.0
2009-04-23,0.0,2.1,0.0
2009-04-24,0.0,0.0,0.0
2009-04-25,0.0,0.0,0.0
2009-04-26,1.5,34.7,55.6
2009-04-27,37.0,3.7,1.0
2009-04-28,4.5,0.1,0.0
2009-04-29,0.0,0.0,0.0
2009-04-30,26.5,6.3,2.9
2009-05-01,0.0,1.8,0.0
2009-05-02,24.0,25.2,27.2
2009-05-03,15.3,27.5,30.7
2009-05-04,0.0,2.7,0.0
2009-05-05,5.8,9.3,5.8
2009-05-06,0.0,2.2,0.0
2009-05-07,0.0,2.3,0.0
2009-05-08,0.0,4.4,1.0
2009-05-09,19.4,12.5,9.5
2009-05-10,34.1,8.0,4.3
2009-05-11,12.5,17.4,36.5
2009-05-12,2.8,8.0,4.4
2009-05-13,1.6,20.9,47.9
2009-05-14,0.0,3.9,0.0
2009-05-15,0.0,0.3,0.0
2009-05-16,0.0,1.5,0.0
2009-05-17,1.0,5.2,1.0
2009-05-18,0.0,18.8,41.3
2009-05-19,0.0,0.1,0.0
2009-05-20,0.0,0.5,0.0
2009-05-21,0.0,0.9,0.0
2009-05-22,0.0,0.4,0.0
2009-05-23,0.0,0.2,0.0
2009-05-24,0.0,0.2,0.0
2009-05-25,0.0,0.0,0.0
2009-05-26,5.9,27.0,68.2
2009-05-27,0.0,0.7,0.0
2009-05-28,0.0,0.3,0.0
2009-05-29,0.0,0.2,0.0
2009-05-30,0.0,0.0,0.0
2009-05-31,0.0,0.9,0.0
2009-06-01,0.0,0.2,0.0
2009-06-02,2.8,56.6,54.7
2009-06-03,60.0,44.2,53.3
2009-06-04,0.0,3.5,0.0
2009-06-05,0.0,1.9,0.0
2009-06-06,0.0,1.2,0.0
2009-06-07,0.0,5.9,1.1
2009-06-08,40.1,5.1,1.0
2009-06-09,0.0,0.3,0.0
2009-06-10,0.0,0.7,0.0
2009-06-11,0.0,0.0,0.0
2009-06-12,0.0,0.0,0.0
2009-06-13,0.7,1.6,0.0
2009-06-14,0.0,0.5,0.0
2009-06-15,1.6,26.6,43.0
2009-06-16,0.0,1.1,0.0
2009-06-17,0.0,0.2,0.0
2009-06-18,0.0,0.5,0.0
2009-06-19,0.0,0.5,0.0
2009-06-20,0.0,0.1,0.0
2009-06-21,0.0,1.6,0.0
2009-06-22,0.0,4.8,2.3
2009-06-23,1.6,5.4,3.1
2009-06-24,0.4,11.8,22.1
2009-06-25,0.0,0.1,0.0
2009-06-26,5.5,2.4,0.0
2009-06-27,0.0,2.9,0.0
2009-06-28,0.0,0.7,0.0
2009-06-29,4.4,22.2,49.2
2009-06-30,0.0,0.9,0.0
2009-07-01,0.0,0.5,0.0
2009-07-02,33.6,31.3,58.1
2009-07-03,1.4,5.7,3.2
2009-07-04,0.0,0.4,0.0
2009-07-05,0.2,2.2,0.0
2009-07-06,7.0,7.4,5.8
2009-07-07,0.0,1.6,0.0
2009-07-08,0.0,1.9,0.0
2009-07-09,0.0,0.0,0.0
2009-07-10,8.1,24.7,40.8
2009-07-11,0.0,7.1,2.8
2009-07-12,0.0,2.3,0.0
2009-07-13,0.0,0.0,0.0
2009-07-14,0.0,0.0,0.0
2009-07-15,0.0,0.2,0.0
2009-07-16,0.0,0.8,0.0
2009-07-17,0.0,1.4,0.0
2009-07-18,0.0,2.7,0.0
2009-07-19,0.0,1.0,0.0
2009-07-20,0.0,2.6,0.0
2009-07-21,2.4,6.5,3.9
2009-07-22,0.0,6.5,3.0
2009-07-23,3.2,10.2,8.8
2009-07-24,0.8,17.9,33.4
2009-07-25,1.1,6.5,3.4
2009-07-26,0.0,1.1,0.0
2009-07-27,2.4,23.8,46.2
2009-07-28,0.0,0.4,0.0
2009-07-29,0.0,0.0,0.0
2009-07-30,0.0,0.0,0.0
2009-07-31,0.0,0.0,0.0
2009-08-01,0.0,0.0,0.0
2009-08-02,0.0,0.4,0.0
2009-08-03,0.0,0.1,0.0
2009-08-04,0.0,0.0,0.0
2009-08-05,0.0,0.0,0.0
2009-08-06,0.0,0.0,0.0
2009-08-07,1.2,0.2,0.0
2009-08-08,25.4,0.8,0.0
2009-08-09,13.8,6.0,1.7
2009-08-10,2.0,2.5,0.0
2009-08-11,4.1,6.7,2.9
2009-08-12,0.0,0.8,0.0
2009-08-13,0.6,0.0,0.0
2009-08-14,0.0,2.0,0.0
2009-08-15,0.7,7.9,4.7
2009-08-16,4.1,10.8,9.2
2009-08-17,0.0,1.3,0.0
2009-08-18,0.7,0.9,0.0
2009-08-19,1.0,17.7,26.3
2009-08-20,28.4,6.3,2.4
2009-08-21,0.0,0.0,0.0
2009-08-22,0.0,0.0,0.0
2009-08-23,2.8,8.2,5.2
2009-08-24,2.2,10.4,9.6
2009-08-25,61.1,14.4,23.3
2009-08-26,6.5,22.1,47.5
2009-08-27,0.0,11.9,12.4
2009-08-28,0.0,6.5,2.4
2009-08-29,0.0,3.6,0.0
2009-08-30,0.0,4.3,0.0
2009-08-31,0.0,1.1,0.0
2009-09-01,0.0,1.3,0.0
2009-09-02,0.0,2.1,0.0
2009-09-03,0.0,1.4,0.0
2009-09-04,25.5,3.0,0.0
2009-09-05,0.0,9.2,4.2
2009-09-06,19.0,7.8,2.6
2009-09-07,0.0,2.9,0.0
2009-09-08,0.0,0.0,0.0
2009-09-09,0.0,0.9,0.0
2009-09-10,0.0,0.0,0.0
2009-09-11,0.0,3.8,0.0
2009-09-12,0.0,1.0,0.0
2009-09-13,0.0,1.8,0.0
2009-09-14,0.0,0.0,0.0
2009-09-15,0.0,8.8,3.3
2009-09-16,1.0,6.2,1.0
2009-09-17,21.4,3.5,0.0
2009-09-18,6.0,2.5,0.0
2009-09-19,2.1,1.1,0.0
2009-09-20,0.0,1.3,0.0
2009-09-21,0.0,5.0,0.0
2009-09-22,0.0,2.9,0.0
2009-09-23,0.0,1.5,0.0
2009-09-24,0.0,0.9,0.0
2009-09-25,4.0,12.8,10.6
2009-09-26,24.5,7.0,2.6
2009-09-27,0.0,0.5,0.0
2009-09-28,16.5,3.4,0.0
2009-09-29,0.0,0.3,0.0
2009-09-30,42.5,93.2,70.6
2009-10-01,7.5,23.3,50.5
2009-10-02,18.6,14.1,27.5
2009-10-03,1.4,17.8,37.0
2009-10-04,0.0,1.4,0.0
2009-10-05,0.8,8.2,7.1
2009-10-06,0.0,1.0,0.0
2009-10-07,0.0,5.7,3.0
2009-10-08,0.0,1.1,0.0
2009-10-09,40.3,8.1,7.0
2009-10-10,0.0,1.1,0.0
2009-10-11,0.0,0.2,0.0
2009-10-12,15.3,10.0,6.3
2009-10-13,0.0,6.2,2.0
2009-10-14,0.5,5.5,1.3
2009-10-15,0.4,12.9,10.0
2009-10-16,5.6,2.3,0.0
2009-10-17,0.0,0.1,0.0
2009-10-18,0.5,0.6,0.0
2009-10-19,0.0,0.0,0.0
2009-10-20,0.0,2.5,0.0
2009-10-21,0.0,0.4,0.0
2009-10-22,0.0,0.0,0.0
2009-10-23,0.0,0.0,0.0
2009-10-24,5.6,0.5,0.0
2009-10-25,40.0,6.1,1.2
2009-10-26,0.0,3.4,0.0
2009-10-27,0.0,0.3,0.0
2009-10-28,0.7,7.8,3.4
2009-10-29,0.1,13.4,12.5
2009-10-30,34.0,10.2,7.0
2009-10-31,0.0,2.3,0.0
2009-11-01,2.2,6.3,1.8
2009-11-02,10.6,9.1,4.8
2009-11-03,0.0,7.9,3.4
2009-11-04,3.7,8.3,3.8
2009-11-05,15.0,12.0,7.9
2009-11-06,4.0,0.2,0.0
2009-11-07,14.9,1.1,0.0
2009-11-08,23.9,15.0,11.3
2009-11-09,19.4,9.6,5.3
2009-11-10,14.2,0.3,0.0
2009-11-11,30.0,6.5,1.0
2009-11-12,0.0,5.5,0.0
2009-11-13,9.0,32.1,33.1
2009-11-14,0.2,3.5,0.0
2009-11-15,0.0,1.2,0.0
2009-11-16,0.0,26.6,25.4
2009-11-17,1.6,16.3,10.5
2009-11-18,10.1,25.1,23.5
2009-11-19,2.6,13.5,7.7
2009-11-20,47.7,61.7,62.9
2009-11-21,0.0,0.0,0.0
2009-11-22,32.2,28.7,35.4
2009-11-23,0.0,6.3,1.3
2009-11-24,0.0,0.7,0.0
2009-11-25,1.6,11.8,7.6
2009-11-26,18.2,35.8,47.2
2009-11-27,35.2,47.4,68.3
2009-11-28,37.6,34.1,44.1
2009-11-29,10.8,20.1,21.5
2009-11-30,0.3,6.0,1.1
2009-12-01,0.0,11.4,6.2
2009-12-02,15.7,26.1,37.9
2009-12-03,25.8,9.9,4.5
2009-12-04,5.6,0.9,0.0
2009-12-05,4.1,2.3,0.0
2009-12-06,18.6,2.0,0.0
2009-12-07,0.0,3.5,0.0
2009-12-08,2.5,6.9,1.2
2009-12-09,0.4,12.8,7.9
2009-12-10,1.0,6.4,1.0
2009-12-11,0.0,15.6,12.3
2009-12-12,0.0,0.0,0.0
2009-12-13,0.0,1.9,0.0
2009-12-14,17.9,13.5,10.1
2009-12-15,0.0,5.4,1.5
2009-12-16,17.2,97.9,100.5
2009-12-17,14.4,14.6,11.3
2009-12-18,19.9,28.6,34.9
2009-12-19,0.0,0.3,0.0
2009-12-20,0.0,3.8,1.0
2009-12-21,4.7,7.7,3.0
2009-12-22,5.8,3.4,0.0
2009-12-23,81.5,17.1,14.5
2009-12-24,0.0,3.0,0.0
2009-12-25,2.7,45.4,52.3
2009-12-26,0.0,1.2,0.0
2009-12-27,0.0,6.3,1.7
2009-12-28,23.4,12.5,7.9
2009-12-29,5.1,71.6,91.3
2009-12-30,0.0,15.3,10.8
2009-12-31,67.6,30.3,33.2
2010-01-01,0.0,0.0,0.0
2010-01-02,34.3,13.4,10.2
2010-01-03,0.0,2.9,0.0
2010-01-04,0.0,7.3,3.3
2010-01-05,0.6,10.3,6.4
2010-01-06,0.0,12.7,9.0
2010-01-07,0.0,15.6,12.2
2010-01-08,10.1,28.7,37.3
2010-01-09,0.0,1.5,0.0
2010-01-10,0.0,0.0,0.0
2010-01-11,0.6,10.6,8.9
2010-01-12,4.8,5.7,3.5
2010-01-13,0.1,2.9,1.0
2010-01-14,15.6,12.8,11.8
2010-01-15,2.0,0.0,0.0
2010-01-16,0.0,0.0,0.0
2010-01-17,0.6,0.3,0.0
2010-01-18,14.2,8.0,6.0
2010-01-19,1.0,0.7,0.0
2010-01-20,0.0,4.0,1.7
2010-01-21,0.0,9.9,9.2
2010-01-22,0.0,0.9,0.0
2010-01-23,15.5,17.8,21.9
2010-01-24,0.0,1.9,1.0
2010-01-25,7.2,3.0,1.4
2010-01-26,0.0,0.2,0.0
2010-01-27,0.9,2.7,1.1
2010-01-28,2.0,2.6,1.1
2010-01-29,0.0,2.3,1.0
2010-01-30,0.0,0.0,0.0
2010-01-31,2.4,0.1,0.0
2010-02-01,0.3,6.5,5.8
2010-02-02,0.0,0.0,0.0
2010-02-03,4.9,6.7,6.0
2010-02-04,9.2,1.0,0.0
2010-02-05,20.5,20.3,33.4
2010-02-06,0.0,0.1,0.0
2010-02-07,1.6,5.5,4.4
2010-02-08,0.0,0.0,0.0
2010-02-09,3.3,9.3,9.6
2010-02-10,4.3,2.0,1.0
2010-02-11,0.0,0.0,0.0
2010-02-12,0.1,4.2,3.1
2010-02-13,0.0,0.1,0.0
2010-02-14,3.9,2.3,1.0
2010-02-15,11.4,15.6,19.5
2010-02-16,11.0,15.9,21.0
2010-02-17,59.2,4.7,3.8
2010-02-18,29.2,1.9,0.0
2010-02-19,0.1,3.2,1.7
2010-02-20,0.1,0.7,0.0
2010-02-21,1.1,19.3,25.9
2010-02-22,0.0,1.3,0.0
2010-02-23,3.5,0.0,0.0
2010-02-24,7.8,28.4,47.4
2010-02-25,0.0,2.9,0.0
2010-02-26,0.0,9.8,9.2
2010-02-27,56.2,4.3,1.4
2010-02-28,62.5,45.5,72.8
2010-03-01,7.8,53.2,68.1
2010-03-02,2.6,0.8,0.0
2010-03-03,4.5,65.6,72.7
2010-03-04,0.7,7.4,1.2
2010-03-05,0.6,8.3,2.0
2010-03-06,0.0,0.2,0.0
2010-03-07,0.0,4.9,0.0
2010-03-08,23.4,28.9,43.6
2010-03-09,23.9,4.7,0.0
2010-03-10,46.7,66.2,73.5
2010-03-11,0.0,10.9,5.7
2010-03-12,0.0,0.0,0.0
2010-03-13,0.0,3.9,0.0
2010-03-14,10.4,15.9,10.9
2010-03-15,2.6,11.8,6.6
2010-03-16,0.0,3.7,0.0
2010-03-17,11.0,16.1,11.1
2010-03-18,0.0,4.7,0.0
2010-03-19,0.4,0.6,0.0
2010-03-20,0.7,10.8,5.6
2010-03-21,0.0,8.9,2.1
2010-03-22,41.9,19.6,12.4
2010-03-23,0.0,0.3,0.0
2010-03-24,2.7,50.1,58.3
2010-03-25,8.1,32.8,36.3
2010-03-26,1.5,3.5,0.0
2010-03-27,0.0,0.6,0.0
2010-03-28,0.0,3.6,0.0
2010-03-29,1.2,26.6,27.6
2010-03-30,12.3,17.2,10.0
2010-03-31,1.1,1.8,0.0
2010-04-01,0.0,2.4,0.0
2010-04-02,0.0,1.2,0.0
2010-04-03,19.7,16.6,17.9
2010-04-04,0.0,2.2,0.0
2010-04-05,0.0,1.1,0.0
2010-04-06,0.0,5.7,2.0
2010-04-07,6.4,21.8,33.2
2010-04-08,0.0,2.4,0.0
2010-04-09,5.2,9.7,7.1
2010-04-10,0.0,0.0,0.0
2010-04-11,51.0,33.5,52.2
2010-04-12,2.0,6.5,3.3
2010-04-13,0.0,0.9,0.0
2010-04-14,0.0,0.2,0.0
2010-04-15,30.2,9.4,7.0
2010-04-16,0.0,9.0,6.5
2010-04-17,84.6,28.4,44.7
2010-04-18,2.8,12.7,11.4
2010-04-19,1.0,2.9,0.0
2010-04-20,0.0,8.0,5.2
2010-04-21,2.8,18.8,27.1
2010-04-22,11.5,17.1,22.6
2010-04-23,0.0,0.9,0.0
2010-04-24,0.0,1.8,0.0
2010-04-25,0.4,10.2,8.2
2010-04-26,0.0,2.5,0.0
2010-04-27,0.0,0.0,0.0
2010-04-28,0.4,5.8,2.4
2010-04-29,0.0,11.9,10.6
2010-04-30,1.7,19.2,28.1
2010-05-01,0.0,12.8,10.4
2010-05-02,4.9,2.3,0.0
2010-05-03,32.0,18.7,21.1
2010-05-04,0.0,0.0,0.0
2010-05-05,0.0,0.1,0.0
2010-05-06,0.6,6.1,2.2
2010-05-07,0.5,9.1,5.6
2010-05-08,0.0,0.2,0.0
2010-05-09,0.0,6.9,3.1
2010-05-10,8.5,0.3,0.0
2010-05-11,69.5,34.9,77.5
2010-05-12,0.0,2.4,0.0
2010-05-13,0.0,15.3,29.5
2010-05-14,9.8,14.5,26.9
2010-05-15,0.0,0.3,0.0
2010-05-16,42.9,12.7,19.6
2010-05-17,2.0,19.5,43.4
2010-05-18,0.0,3.6,0.0
2010-05-19,0.0,0.2,0.0
2010-05-20,0.0,1.0,0.0
2010-05-21,0.0,0.1,0.0
2010-05-22,51.9,12.4,17.6
2010-05-23,0.0,0.2,0.0
2010-05-24,0.0,0.0,0.0
2010-05-25,0.0,1.4,0.0
2010-05-26,0.0,0.0,0.0
2010-05-27,0.0,0.1,0.0
2010-05-28,0.0,0.4,0.0
2010-05-29,37.0,11.1,14.7
2010-05-30,18.0,1.7,0.0
2010-05-31,1.5,1.4,0.0
2010-06-01,8.4,13.2,9.4
2010-06-02,0.0,0.3,0.0
2010-06-03,0.0,0.6,0.0
2010-06-04,4.0,7.0,2.9
2010-06-05,16.3,21.0,34.9
2010-06-06,2.9,0.0,0.0
2010-06-07,5.6,1.9,0.0
2010-06-08,0.0,3.6,0.0
2010-06-09,0.0,1.4,0.0
2010-06-10,0.0,0.3,0.0
2010-06-11,0.0,0.8,0.0
2010-06-12,0.0,0.0,0.0
2010-06-13,0.4,0.2,0.0
2010-06-14,35.8,2.6,0.0
2010-06-15,2.1,1.7,0.0
2010-06-16,0.5,8.8,5.6
2010-06-17,0.0,0.5,0.0
2010-06-18,0.0,0.4,0.0
2010-06-19,0.0,0.3,0.0
2010-06-20,0.0,0.4,0.0
2010-06-21,0.0,0.0,0.0
2010-06-22,4.2,1.0,0.0
2010-06-23,49.2,5.0,2.5
2010-06-24,0.0,0.9,0.0
2010-06-25,7.0,5.4,3.5
2010-06-26,0.0,1.2,0.0
2010-06-27,1.0,0.3,0.0
2010-06-28,0.0,1.6,0.0
2010-06-29,0.4,2.1,0.0
2010-06-30,30.0,10.9,20.2
2010-07-01,4.1,5.0,2.1
2010-07-02,99.9,22.6,35.8
2010-07-03,0.1,7.4,5.9
2010-07-04,0.0,7.3,5.8
2010-07-05,1.1,6.3,4.0
2010-07-06,1.5,8.2,6.7
2010-07-07,1.9,1.1,0.0
2010-07-08,1.1,10.6,10.7
2010-07-09,0.0,0.7,0.0
2010-07-10,0.0,2.1,0.0
2010-07-11,1.4,1.2,0.0
2010-07-12,0.5,0.0,0.0
2010-07-13,3.1,15.3,13.6
2010-07-14,0.0,1.4,0.0
2010-07-15,0.0,9.2,5.5
2010-07-16,0.9,8.0,3.9
2010-07-17,8.8,17.6,25.0
2010-07-18,102.9,32.2,47.1
2010-07-19,2.6,15.1,12.9
2010-07-20,1.0,6.3,1.9
2010-07-21,34.6,27.9,58.4
2010-07-22,0.0,0.1,0.0
2010-07-23,0.0,0.3,0.0
2010-07-24,0.0,0.7,0.0
2010-07-25,0.0,0.4,0.0
2010-07-26,4.8,6.9,4.3
2010-07-27,0.0,4.4,0.0
2010-07-28,0.0,1.5,0.0
2010-07-29,0.0,0.5,0.0
2010-07-30,118.7,33.9,79.9
2010-07-31,0.0,0.7,0.0
2010-08-01,2.1,4.3,0.0
2010-08-02,0.0,1.4,0.0
2010-08-03,0.0,4.9,1.0
2010-08-04,2.2,19.4,24.6
2010-08-05,0.0,0.8,0.0
2010-08-06,0.0,4.8,0.0
2010-08-07,41.8,65.0,69.1
2010-08-08,16.9,60.2,69.9
2010-08-09,0.0,0.1,0.0
2010-08-10,0.0,0.7,0.0
2010-08-11,7.8,1.0,0.0
2010-08-12,0.0,10.6,8.9
2010-08-13,0.0,7.9,6.1
2010-08-14,7.7,32.0,71.5
2010-08-15,0.0,1.7,0.0
2010-08-16,49.2,25.4,54.7
2010-08-17,97.0,55.1,95.8
2010-08-18,2.6,11.5,11.2
2010-08-19,79.0,45.2,89.2
2010-08-20,0.6,30.5,66.5
2010-08-21,0.0,6.4,2.3
2010-08-22,0.0,1.7,0.0
2010-08-23,0.0,0.2,0.0
2010-08-24,0.0,7.5,4.1
2010-08-25,14.3,29.8,66.4
2010-08-26,0.0,0.8,0.0
2010-08-27,21.9,9.2,7.5
2010-08-28,0.6,0.4,0.0
2010-08-29,0.0,5.1,1.0
2010-08-30,2.1,8.8,6.3
2010-08-31,0.0,0.4,0.0
2010-09-01,0.9,2.6,0.0
2010-09-02,0.0,0.8,0.0
2010-09-03,0.9,1.2,0.0
2010-09-04,0.0,0.9,0.0
2010-09-05,4.7,21.3,32.6
2010-09-06,6.4,11.7,8.5
2010-09-07,0.5,11.6,7.5
2010-09-08,12.3,27.4,45.8
2010-09-09,0.0,2.7,0.0
2010-09-10,1.3,14.0,10.8
2010-09-11,0.0,0.5,0.0
2010-09-12,0.0,0.4,0.0
2010-09-13,29.5,111.1,86.8
2010-09-14,1.6,2.0,0.0
2010-09-15,0.1,9.1,3.6
2010-09-16,0.0,1.9,0.0
2010-09-17,5.9,28.3,46.7
2010-09-18,25.2,12.4,7.9
2010-09-19,2.1,4.3,0.0
2010-09-20,2.0,0.2,0.0
2010-09-21,3.5,6.7,2.2
2010-09-22,0.0,6.1,1.4
2010-09-23,24.9,2.0,0.0
2010-09-24,70.7,18.9,32.5
2010-09-25,2.7,2.7,0.0
2010-09-26,2.0,3.7,0.0
2010-09-27,64.8,21.8,38.7
2010-09-28,0.0,3.2,0.0
2010-09-29,0.3,7.6,3.5
2010-09-30,0.0,5.8,1.0
2010-10-01,0.0,1.1,0.0
2010-10-02,0.0,1.3,0.0
2010-10-03,2.8,18.1,38.3
2010-10-04,1.9,1.6,0.0
2010-10-05,25.4,8.3,7.4
2010-10-06,60.3,71.6,77.7
2010-10-07,0.0,4.7,1.4
2010-10-08,16.4,27.1,57.7
2010-10-09,2.3,6.5,4.4
2010-10-10,17.0,14.5,27.6
2010-10-11,11.4,37.9,52.3
2010-10-12,43.8,63.1,74.7
2010-10-13,0.0,4.4,1.0
2010-10-14,0.0,1.2,0.0
2010-10-15,0.0,1.1,0.0
2010-10-16,29.8,11.7,8.3
2010-10-17,13.5,10.6,7.0
2010-10-18,0.0,0.0,0.0
2010-10-19,0.4,20.9,22.9
2010-10-20,14.9,36.8,51.0
2010-10-21,0.3,1.5,0.0
2010-10-22,32.0,5.3,1.0
2010-10-23,13.2,5.4,1.0
2010-10-24,5.2,19.3,30.8
2010-10-25,0.2,22.5,37.5
2010-10-26,54.2,30.8,52.4
2010-10-27,0.2,8.2,4.1
2010-10-28,0.0,9.6,6.2
2010-10-29,10.1,21.4,35.3
2010-10-30,1.7,2.0,0.0
2010-10-31,15.8,14.7,14.9
2010-11-01,2.0,7.4,2.9
2010-11-02,45.3,8.7,4.2
2010-11-03,19.4,39.1,54.3
2010-11-04,0.0,0.9,0.0
2010-11-05,4.5,1.2,0.0
2010-11-06,16.3,19.6,22.2
2010-11-07,2.1,0.5,0.0
2010-11-08,2.8,7.8,3.3
2010-11-09,0.0,2.2,0.0
2010-11-10,0.8,0.6,0.0
2010-11-11,0.0,0.6,0.0
2010-11-12,0.0,2.1,0.0
2010-11-13,20.9,40.2,41.9
2010-11-14,0.0,8.6,2.9
2010-11-15,10.1,1.3,0.0
2010-11-16,0.9,22.2,17.9
2010-11-17,2.2,13.3,7.5
2010-11-18,0.5,9.2,3.5
2010-11-19,38.1,29.0,29.0
2010-11-20,5.6,9.9,4.1
2010-11-21,0.0,0.2,0.0
2010-11-22,14.0,11.7,7.5
2010-11-23,5.7,7.3,2.4
2010-11-24,11.0,3.3,0.0
2010-11-25,36.8,16.8,13.8
2010-11-26,0.0,3.2,0.0
2010-11-27,25.6,18.0,15.3
2010-11-28,24.0,29.9,37.9
2010-11-29,42.0,17.7,14.9
2010-11-30,3.2,16.7,13.7
2010-12-01,0.0,3.8,0.0
2010-12-02,1.0,2.5,0.0
2010-12-03,5.0,15.2,10.8
2010-12-04,0.0,2.8,0.0
2010-12-05,21.3,8.5,3.0
2010-12-06,0.0,2.7,0.0
2010-12-07,42.9,89.2,88.1
2010-12-08,0.3,16.6,12.4
2010-12-09,87.6,39.0,56.8
2010-12-10,0.0,5.6,1.0
2010-12-11,0.0,3.7,0.0
2010-12-12,0.0,1.8,0.0
2010-12-13,0.0,2.7,0.0
2010-12-14,0.0,0.7,0.0
2010-12-15,0.0,3.2,0.0
2010-12-16,8.9,12.9,9.4
2010-12-17,19.1,30.7,36.8
2010-12-18,0.3,6.0,2.1
2010-12-19,0.0,2.5,0.0
2010-12-20,0.0,0.5,0.0
2010-12-21,0.0,1.9,0.0
2010-12-22,0.0,2.0,0.0
2010-12-23,0.0,0.9,0.0
2010-12-24,0.0,5.2,1.0
2010-12-25,0.0,0.5,0.0
2010-12-26,43.1,89.7,93.4
2010-12-27,0.5,3.7,0.0
2010-12-28,0.0,4.4,1.0
2010-12-29,0.0,0.7,0.0
2010-12-30,0.0,0.7,0.0
2010-12-31,0.0,0.9,0.0
2011-01-01,0.0,2.0,0.0
2011-01-02,0.0,0.6,0.0
2011-01-03,0.2,12.8,9.3
2011-01-04,35.3,34.7,47.8
2011-01-05,29.1,77.1,70.7
2011-01-06,0.0,1.9,0.0
2011-01-07,0.0,3.2,0.0
2011-01-08,7.9,0.9,0.0
2011-01-09,11.4,50.0,71.1
2011-01-10,1.4,10.4,6.5
2011-01-11,0.0,5.5,3.3
2011-01-12,0.0,0.4,0.0
2011-01-13,0.0,1.5,0.0
2011-01-14,0.0,0.6,0.0
2011-01-15,0.0,0.2,0.0
2011-01-16,10.4,1.0,0.0
2011-01-17,0.0,1.5,0.0
2011-01-18,1.2,0.0,0.0
2011-01-19,0.0,0.0,0.0
2011-01-20,0.0,1.9,0.0
2011-01-21,0.9,0.2,0.0
2011-01-22,134.1,49.4,85.9
2011-01-23,9.3,42.2,66.6
2011-01-24,0.3,10.5,10.1
2011-01-25,19.4,7.5,6.3
2011-01-26,0.2,5.2,3.8
2011-01-27,1.0,11.6,11.7
2011-01-28,30.8,54.8,105.1
2011-01-29,0.5,21.8,27.9
2011-01-30,19.6,5.6,4.2
2011-01-31,0.0,0.0,0.0
2011-02-01,0.0,0.0,0.0
2011-02-02,0.4,0.0,0.0
2011-02-03,54.0,20.8,33.5
2011-02-04,1.1,2.5,1.0
2011-02-05,0.0,6.0,5.1
2011-02-06,11.8,1.7,0.0
2011-02-07,0.0,0.0,0.0
2011-02-08,0.0,0.0,0.0
2011-02-09,0.0,2.7,1.0
2011-02-10,0.0,0.0,0.0
2011-02-11,0.0,0.1,0.0
2011-02-12,0.0,0.0,0.0
2011-02-13,0.0,0.4,0.0
2011-02-14,0.0,0.0,0.0
2011-02-15,27.9,4.6,3.7
2011-02-16,5.1,5.6,5.0
2011-02-17,0.0,0.4,0.0
2011-02-18,49.6,23.3,30.6
2011-02-19,9.5,9.1,10.1
2011-02-20,0.0,1.8,0.0
2011-02-21,0.0,0.0,0.0
2011-02-22,0.0,0.2,0.0
2011-02-23,0.0,0.0,0.0
2011-02-24,0.0,1.7,0.0
2011-02-25,0.0,1.6,0.0
2011-02-26,0.7,4.8,2.1
2011-02-27,5.7,8.9,7.7
2011-02-28,7.7,19.2,24.9
2011-03-01,9.0,14.3,9.1
2011-03-02,0.4,0.3,0.0
2011-03-03,8.1,3.1,0.0
2011-03-04,11.2,6.0,1.0
2011-03-05,0.0,2.3,0.0
2011-03-06,0.0,0.9,0.0
2011-03-07,0.0,1.3,0.0
2011-03-08,1.2,6.3,1.0
2011-03-09,61.6,24.1,34.8
2011-03-10,0.0,5.4,0.0
2011-03-11,7.0,10.1,4.9
2011-03-12,0.0,0.0,0.0
2011-03-13,0.3,9.2,4.0
2011-03-14,17.8,15.0,10.0
2011-03-15,11.0,33.0,45.6
2011-03-16,62.4,67.6,76.5
2011-03-17,1.0,1.3,0.0
2011-03-18,0.0,0.0,0.0
2011-03-19,21.4,49.3,64.9
2011-03-20,1.7,12.6,7.5
2011-03-21,0.2,7.1,1.0
2011-03-22,0.0,7.1,1.0
2011-03-23,0.0,6.6,1.0
2011-03-24,12.2,29.9,32.1
2011-03-25,0.0,33.4,37.2
2011-03-26,0.0,4.8,0.0
2011-03-27,0.0,17.8,10.6
2011-03-28,0.0,6.8,1.0
2011-03-29,0.0,0.6,0.0
2011-03-30,0.0,1.1,0.0
2011-03-31,0.0,0.1,0.0
2011-04-01,0.0,0.4,0.0
2011-04-02,9.4,14.6,14.2
2011-04-03,0.0,4.3,1.0
2011-04-04,4.4,0.7,0.0
2011-04-05,0.0,6.6,3.1
2011-04-06,0.0,4.4,1.0
2011-04-07,5.8,6.0,2.4
2011-04-08,0.7,0.1,0.0
2011-04-09,17.5,18.3,28.5
2011-04-10,6.1,6.9,3.4
2011-04-11,0.6,6.3,3.1
2011-04-12,13.5,3.0,0.0
2011-04-13,0.3,4.2,1.0
2011-04-14,0.0,0.0,0.0
2011-04-15,10.5,0.5,0.0
2011-04-16,48.8,4.8,1.4
2011-04-17,13.7,51.3,68.0
2011-04-18,2.2,7.2,4.2
2011-04-19,1.0,0.5,0.0
2011-04-20,0.0,1.5,0.0
2011-04-21,25.3,7.7,4.8
2011-04-22,21.6,31.1,51.2
2011-04-23,1.3,7.5,4.5
2011-04-24,0.1,0.8,0.0
2011-04-25,2.0,27.2,44.7
2011-04-26,1.5,2.8,0.0
2011-04-27,0.0,2.3,0.0
2011-04-28,17.6,6.8,3.6
2011-04-29,16.3,34.5,55.4
2011-04-30,47.6,10.9,9.1
2011-05-01,0.5,14.0,11.5
2011-05-02,0.0,0.6,0.0
2011-05-03,0.0,0.0,0.0
2011-05-04,0.0,0.9,0.0
2011-05-05,0.0,3.0,0.0
2011-05-06,0.0,1.3,0.0
2011-05-07,0.0,0.3,0.0
2011-05-08,0.0,0.7,0.0
2011-05-09,0.0,3.0,0.0
2011-05-10,0.0,0.4,0.0
2011-05-11,0.0,1.0,0.0
2011-05-12,47.0,10.7,9.8
2011-05-13,0.6,0.8,0.0
2011-05-14,3.8,8.3,4.8
2011-05-15,7.7,0.3,0.0
2011-05-16,1.5,1.4,0.0
2011-05-17,17.4,9.3,6.6
2011-05-18,0.0,5.4,1.0
2011-05-19,0.0,6.7,2.4
2011-05-20,0.0,8.9,5.8
2011-05-21,1.5,2.1,0.0
2011-05-22,0.0,0.6,0.0
2011-05-23,8.2,0.8,0.0
2011-05-24,22.5,16.8,34.5
2011-05-25,2.0,22.9,54.5
2011-05-26,0.0,0.7,0.0
2011-05-27,6.7,5.3,2.2
2011-05-28,0.0,3.8,1.0
2011-05-29,0.0,0.5,0.0
2011-05-30,0.0,0.9,0.0
2011-05-31,0.0,0.3,0.0
2011-06-01,0.0,4.9,1.0
2011-06-02,1.0,11.6,7.4
2011-06-03,2.2,3.2,0.0
2011-06-04,52.4,66.0,55.4
2011-06-05,9.3,37.1,50.9
2011-06-06,0.0,0.5,0.0
2011-06-07,0.0,1.2,0.0
2011-06-08,0.0,0.4,0.0
2011-06-09,0.0,1.2,0.0
2011-06-10,0.0,0.2,0.0
2011-06-11,0.6,3.7,0.0
2011-06-12,0.0,10.4,7.4
2011-06-13,0.6,1.5,0.0
2011-06-14,0.7,0.1,0.0
2011-06-15,7.7,0.1,0.0
2011-06-16,0.0,1.1,0.0
2011-06-17,0.0,2.4,0.0
2011-06-18,0.0,0.0,0.0
2011-06-19,0.0,0.0,0.0
2011-06-20,0.0,0.0,0.0
2011-06-21,0.0,1.0,0.0
2011-06-22,14.7,5.2,2.8
2011-06-23,2.5,3.2,0.0
2011-06-24,0.0,1.0,0.0
2011-06-25,2.0,1.0,0.0
2011-06-26,0.0,0.0,0.0
2011-06-27,0.0,0.5,0.0
2011-06-28,0.0,3.0,0.0
2011-06-29,0.0,9.3,10.2
2011-06-30,0.0,16.4,34.6
2011-07-01,0.0,0.8,0.0
2011-07-02,14.8,7.1,5.2
2011-07-03,0.0,1.4,0.0
2011-07-04,0.0,0.0,0.0
2011-07-05,0.9,0.1,0.0
2011-07-06,1.8,0.4,0.0
2011-07-07,1.3,0.4,0.0
2011-07-08,0.0,0.1,0.0
2011-07-09,0.2,0.1,0.0
2011-07-10,0.0,0.9,0.0
2011-07-11,24.1,13.6,11.2
2011-07-12,2.2,7.5,3.4
2011-07-13,0.0,0.0,0.0
2011-07-14,0.0,0.5,0.0
2011-07-15,9.3,14.0,12.9
2011-07-16,3.8,39.5,63.3
2011-07-17,0.0,3.8,0.0
2011-07-18,0.0,2.8,0.0
2011-07-19,0.0,1.3,0.0
2011-07-20,0.0,1.4,0.0
2011-07-21,0.0,0.2,0.0
2011-07-22,31.2,6.0,4.1
2011-07-23,8.0,37.6,94.4
2011-07-24,46.5,11.6,12.8
2011-07-25,0.0,4.9,1.0
2011-07-26,0.0,0.2,0.0
2011-07-27,0.0,0.2,0.0
2011-07-28,0.0,0.2,0.0
2011-07-29,0.0,0.0,0.0
2011-07-30,0.0,0.0,0.0
2011-07-31,0.0,0.0,0.0
2011-08-01,0.0,0.2,0.0
2011-08-02,0.0,0.6,0.0
2011-08-03,3.0,2.6,0.0
2011-08-04,21.9,48.9,65.3
2011-08-05,0.0,0.7,0.0
2011-08-06,0.0,0.5,0.0
2011-08-07,4.2,0.0,0.0
2011-08-08,0.0,0.1,0.0
2011-08-09,0.0,0.1,0.0
2011-08-10,0.0,0.2,0.0
2011-08-11,0.0,0.0,0.0
2011-08-12,0.0,3.5,0.0
2011-08-13,0.0,0.1,0.0
2011-08-14,0.0,12.4,11.8
2011-08-15,0.0,0.0,0.0
2011-08-16,0.0,0.3,0.0
2011-08-17,0.0,0.9,0.0
2011-08-18,0.0,0.2,0.0
2011-08-19,0.0,0.2,0.0
2011-08-20,0.0,0.0,0.0
2011-08-21,0.0,0.0,0.0
2011-08-22,0.0,0.0,0.0
2011-08-23,0.0,0.0,0.0
2011-08-24,0.0,0.0,0.0
2011-08-25,0.0,0.0,0.0
2011-08-26,0.0,0.1,0.0
2011-08-27,0.0,0.3,0.0
2011-08-28,0.0,0.7,0.0
2011-08-29,0.4,2.4,0.0
2011-08-30,0.0,15.3,25.9
2011-08-31,0.0,6.8,3.0
2011-09-01,0.0,0.1,0.0
2011-09-02,0.0,0.1,0.0
2011-09-03,0.0,2.5,0.0
2011-09-04,0.0,0.2,0.0
2011-09-05,0.0,0.2,0.0
2011-09-06,0.0,0.1,0.0
2011-09-07,0.0,0.0,0.0
2011-09-08,0.0,0.4,0.0
2011-09-09,0.0,1.1,0.0
2011-09-10,0.0,3.8,0.0
2011-09-11,0.0,2.0,0.0
2011-09-12,0.0,0.4,0.0
2011-09-13,0.0,1.5,0.0
2011-09-14,2.6,14.0,10.8
2011-09-15,1.0,9.6,4.2
2011-09-16,3.0,15.2,11.5
2011-09-17,0.0,0.2,0.0
2011-09-18,21.0,3.9,0.0
2011-09-19,2.4,17.2,13.9
2011-09-20,5.1,7.9,2.3
2011-09-21,0.0,9.1,6.0
2011-09-22,0.0,0.0,0.0
2011-09-23,0.0,2.4,0.0
2011-09-24,0.0,0.5,0.0
2011-09-25,0.0,2.2,0.0
2011-09-26,1.2,11.7,10.0
2011-09-27,0.0,3.0,0.0
2011-09-28,0.0,0.6,0.0
2011-09-29,0.0,2.3,0.0
2011-09-30,0.0,1.2,0.0
2011-10-01,0.0,5.2,2.2
2011-10-02,0.0,10.9,11.7
2011-10-03,0.0,0.5,0.0
2011-10-04,0.0,4.2,1.0
2011-10-05,1.2,2.4,0.0
2011-10-06,20.1,42.4,76.9
2011-10-07,0.0,0.1,0.0
2011-10-08,26.3,2.6,0.0
2011-10-09,13.0,0.8,0.0
2011-10-10,0.9,14.9,28.7
2011-10-11,3.5,12.8,9.6
2011-10-12,2.7,12.8,9.4
2011-10-13,0.0,0.8,0.0
2011-10-14,0.0,1.8,0.0
2011-10-15,0.0,0.2,0.0
2011-10-16,0.0,10.6,7.0
2011-10-17,3.0,2.9,0.0
2011-10-18,26.6,7.0,2.9
2011-10-19,4.0,17.7,15.7
2011-10-20,4.9,34.6,47.4
2011-10-21,6.5,55.9,88.5
2011-10-22,2.4,3.4,0.0
2011-10-23,4.2,12.0,9.8
2011-10-24,5.6,5.6,1.0
2011-10-25,1.0,31.2,53.4
2011-10-26,6.0,5.2,1.0
2011-10-27,17.0,3.6,0.0
2011-10-28,41.6,38.6,67.1
2011-10-29,0.2,0.1,0.0
2011-10-30,20.7,17.4,27.8
2011-10-31,0.0,7.8,3.6
2011-11-01,2.5,0.6,0.0
2011-11-02,5.2,19.8,22.8
2011-11-03,36.5,59.6,66.3
2011-11-04,0.5,14.2,10.3
2011-11-05,10.0,19.8,23.0
2011-11-06,5.2,13.8,9.9
2011-11-07,30.5,43.0,57.2
2011-11-08,0.0,1.0,0.0
2011-11-09,0.0,0.1,0.0
2011-11-10,0.0,4.0,0.0
2011-11-11,0.0,2.0,0.0
2011-11-12,0.0,12.0,6.2
2011-11-13,16.3,10.5,4.8
2011-11-14,0.8,1.4,0.0
2011-11-15,0.0,0.6,0.0
2011-11-16,1.0,2.4,0.0
2011-11-17,3.5,2.9,0.0
2011-11-18,0.0,10.5,4.8
2011-11-19,46.4,24.6,22.8
2011-11-20,2.9,23.4,22.3
2011-11-21,17.0,5.7,1.0
2011-11-22,0.0,8.9,4.2
2011-11-23,21.2,4.8,0.0
2011-11-24,2.5,19.1,16.3
2011-11-25,0.0,4.3,0.0
2011-11-26,0.0,2.0,0.0
2011-11-27,42.3,45.8,64.7
2011-11-28,19.8,47.0,67.8
2011-11-29,0.0,0.6,0.0
2011-11-30,21.7,5.6,1.0
2011-12-01,0.0,8.5,3.0
2011-12-02,1.1,23.2,33.1
2011-12-03,19.0,17.8,13.9
2011-12-04,0.0,0.6,0.0
2011-12-05,0.8,24.8,35.2
2011-12-06,2.5,3.4,0.0
2011-12-07,0.0,1.3,0.0
2011-12-08,0.0,12.7,7.7
2011-12-09,33.6,18.2,24.6
2011-12-10,12.2,8.9,3.3
2011-12-11,8.1,48.0,68.2
2011-12-12,12.2,1.5,0.0
2011-12-13,0.0,6.9,3.0
2011-12-14,0.0,3.5,0.0
2011-12-15,0.0,0.5,0.0
2011-12-16,5.9,4.3,1.0
2011-12-17,0.0,4.0,1.0
2011-12-18,3.0,3.1,0.0
2011-12-19,5.0,6.5,2.6
2011-12-20,0.0,7.0,3.1
2011-12-21,4.0,2.3,0.0
2011-12-22,0.0,7.8,3.1
2011-12-23,16.8,12.3,7.7
2011-12-24,3.6,44.8,52.3
2011-12-25,35.4,13.8,9.2
2011-12-26,3.4,2.5,0.0
2011-12-27,13.7,4.1,0.0
2011-12-28,0.0,0.6,0.0
2011-12-29,0.0,0.5,0.0
2011-12-30,0.0,1.1,0.0
2011-12-31,0.0,0.4,0.0
2012-01-01,0.0,0.0,0.0
2012-01-02,6.0,2.1,0.0
2012-01-03,4.5,7.0,2.9
2012-01-05,0.0,0.9,0.0
2012-01-06,0.0,0.3,0.0
2012-01-07,0.0,0.0,0.0
2012-01-08,0.6,0.0,0.0
2012-01-09,2.4,1.3,0.0
2012-01-10,0.3,1.3,0.0
2012-01-11,13.9,9.4,8.2
2012-01-12,29.1,1.6,0.0
2012-01-13,7.0,28.5,33.9
2012-01-14,0.0,1.4,0.0
2012-01-15,46.5,2.5,1.0
2012-01-16,0.0,0.2,0.0
2012-01-17,3.5,16.1,16.0
2012-01-18,0.0,0.1,0.0
2012-01-19,9.1,3.5,1.2
2012-01-20,0.0,23.0,24.7
2012-01-21,0.0,0.1,0.0
2012-01-22,0.0,0.4,0.0
2012-01-23,0.0,1.2,0.0
2012-01-24,0.0,1.1,0.0
2012-01-25,0.0,0.8,0.0
2012-01-26,0.0,0.8,0.0
2012-01-27,0.0,0.0,0.0
2012-01-28,0.0,0.3,0.0
2012-01-29,0.0,0.5,0.0
2012-01-30,12.6,2.8,1.3
2012-01-31,0.0,0.1,0.0
2012-02-01,35.7,34.2,47.9
2012-02-02,0.4,7.9,7.8
2012-02-03,8.3,33.3,46.4
2012-02-04,0.0,1.5,0.0
2012-02-05,1.7,8.5,9.2
2012-02-06,24.5,8.1,9.6
2012-02-07,3.8,5.1,3.9
2012-02-08,0.0,3.0,1.2
2012-02-10,0.0,0.0,0.0
2012-02-11,3.5,0.5,0.0
2012-02-12,14.8,59.7,70.1
2012-02-13,16.0,4.4,3.4
2012-02-15,21.5,24.4,32.6
2012-02-17,0.0,30.0,40.9
2012-02-18,0.0,7.8,8.2
2012-02-20,0.0,0.7,0.0
2012-02-21,0.0,4.7,2.0
2012-02-22,0.0,0.3,0.0
2012-02-23,0.0,2.5,0.0
2012-02-24,0.0,5.2,2.6
2012-02-25,0.0,1.6,0.0
2012-02-26,0.0,23.8,39.6
2012-02-27,0.0,0.3,0.0
2012-02-28,0.0,4.5,1.7
2012-02-29,0.0,1.9,0.0
2012-03-01,14.5,11.1,4.9
2012-03-02,1.5,29.4,44.1
2012-03-04,18.7,17.5,13.6
2012-03-05,0.9,7.4,1.2
2012-03-06,13.5,7.8,1.6
2012-03-07,4.5,39.0,57.0
2012-03-08,0.6,4.1,0.0
2012-03-09,2.4,4.1,0.0
2012-03-11,1.4,12.4,7.2
2012-03-12,1.2,1.5,0.0
2012-03-13,7.4,3.5,0.0
2012-03-14,0.0,2.2,0.0
2012-03-15,0.8,2.3,0.0
2012-03-16,0.0,2.1,0.0
2012-03-17,0.0,1.0,0.0
2012-03-18,0.0,1.2,0.0
2012-03-19,6.4,153.0,85.6
2012-03-20,0.1,14.2,9.1
2012-03-21,22.5,13.1,5.9
2012-03-22,22.9,54.2,61.7
2012-03-23,2.7,9.1,2.3
2012-03-25,0.0,0.0,0.0
2012-03-26,55.6,22.2,16.6
2012-03-27,5.2,6.4,1.0
2012-03-28,2.5,5.6,0.0
2012-03-29,21.3,21.3,14.1
2012-03-30,15.8,18.7,11.5
2012-03-31,0.0,0.1,0.0
2012-04-01,0.0,0.0,0.0
2012-04-02,70.0,85.7,95.8
2012-04-03,4.0,29.9,46.2
2012-04-04,0.0,0.0,0.0
2012-04-06,0.6,3.9,1.0
2012-04-07,0.0,0.4,0.0
2012-04-08,34.0,5.4,1.7
2012-04-09,0.0,0.1,0.0
2012-04-11,21.5,25.8,39.7
2012-04-12,0.0,4.2,1.0
2012-04-13,20.5,4.2,1.0
2012-04-14,7.9,3.1,0.0
2012-04-15,3.9,2.5,0.0
2012-04-16,22.8,4.4,1.0
2012-04-17,8.1,2.9,0.0
2012-04-18,0.0,0.8,0.0
2012-04-19,13.2,9.4,7.0
2012-04-20,0.5,4.7,1.2
2012-04-21,6.9,29.9,49.3
2012-04-22,0.0,1.5,0.0
2012-04-23,0.5,12.3,11.2
2012-04-24,16.7,33.7,54.8
2012-04-25,10.2,10.3,8.4
2012-04-26,0.4,2.5,0.0
2012-04-27,0.0,0.0,0.0
2012-04-28,0.0,0.0,0.0
2012-04-30,2.7,3.5,1.0
2012-05-01,5.9,2.5,0.0
2012-05-02,4.7,22.8,24.9
2012-05-03,0.1,2.8,0.0
2012-05-04,35.6,110.1,107.2
2012-05-05,0.0,8.2,4.5
2012-05-06,12.6,49.0,91.1
2012-05-07,0.0,1.3,0.0
2012-05-08,9.0,18.4,20.5
2012-05-09,0.0,5.6,1.7
2012-05-10,0.0,0.5,0.0
2012-05-11,0.2,8.8,5.6
2012-05-12,0.0,4.5,0.0
2012-05-13,0.0,0.8,0.0
2012-05-14,0.0,0.5,0.0
2012-05-16,0.0,3.9,0.0
2012-05-17,0.0,0.6,0.0
2012-05-18,0.0,0.5,0.0
2012-05-19,0.0,1.1,0.0
2012-05-20,0.0,11.3,9.9
2012-05-21,0.0,3.9,1.0
2012-05-22,16.5,24.3,60.5
2012-05-23,4.9,32.7,86.9
2012-05-24,0.0,0.0,0.0
2012-05-26,0.0,2.2,0.0
2012-05-27,0.0,7.5,6.2
2012-05-28,0.0,1.1,0.0
2012-05-29,50.7,3.3,0.0
2012-05-31,125.9,5.6,2.8
2012-06-01,4.5,8.8,4.3
2012-06-02,0.0,1.4,0.0
2012-06-04,14.2,21.8,36.4
2012-06-05,1.2,0.6,0.0
2012-06-06,0.0,2.1,0.0
2012-06-07,0.0,0.1,0.0
2012-06-08,28.8,38.9,51.7
2012-06-09,1.5,19.6,32.1
2012-06-10,0.0,2.5,0.0
2012-06-11,2.5,26.3,41.3
2012-06-12,0.0,2.9,0.0
2012-06-13,0.0,0.0,0.0
2012-06-14,0.0,0.0,0.0
2012-06-15,0.0,0.0,0.0
2012-06-16,0.0,0.2,0.0
2012-06-17,0.0,0.0,0.0
2012-06-18,0.0,0.1,0.0
2012-06-19,0.0,0.4,0.0
2012-06-20,0.0,0.0,0.0
2012-06-21,0.0,0.0,0.0
2012-06-22,0.0,0.0,0.0
2012-06-23,0.0,0.0,0.0
2012-06-24,0.0,0.0,0.0
2012-06-25,0.0,0.0,0.0
2012-06-26,0.0,0.0,0.0
2012-06-27,0.0,0.3,0.0
2012-06-28,0.0,0.0,0.0
2012-06-29,0.0,0.0,0.0
2012-06-30,0.0,0.0,0.0
2012-07-01,0.0,0.0,0.0
2012-07-02,0.0,1.0,0.0
2012-07-03,1.4,28.1,49.1
2012-07-05,10.6,13.1,15.3
2012-07-06,0.0,0.3,0.0
2012-07-07,0.0,0.0,0.0
2012-07-08,10.9,1.3,0.0
2012-07-10,6.2,37.6,76.5
2012-07-11,3.7,4.2,0.0
2012-07-12,3.9,9.7,6.0
2012-07-13,0.0,1.2,0.0
2012-07-14,1.6,10.8,8.0
2012-07-15,2.9,5.9,1.4
2012-07-16,2.4,4.9,1.0
2012-07-17,6.8,22.3,30.9
2012-07-18,1.0,9.2,5.3
2012-07-19,30.9,12.3,10.7
2012-07-20,1.0,5.3,1.0
2012-07-21,12.7,0.2,0.0
2012-07-22,0.0,1.1,0.0
2012-07-23,0.0,0.0,0.0
2012-07-24,0.0,0.3,0.0
2012-07-25,0.0,0.3,0.0
2012-07-26,0.0,0.0,0.0
2012-07-27,0.0,0.0,0.0
2012-07-28,12.0,3.3,0.0
2012-07-29,0.0,0.0,0.0
2012-07-30,0.0,0.0,0.0
2012-07-31,0.0,0.3,0.0
2012-08-01,0.0,0.4,0.0
2012-08-02,0.0,5.8,1.1
2012-08-03,0.0,0.5,0.0
2012-08-04,0.0,0.6,0.0
2012-08-05,0.0,1.7,0.0
2012-08-06,0.0,0.4,0.0
2012-08-07,0.0,1.2,0.0
2012-08-08,0.0,2.1,0.0
2012-08-09,0.0,0.1,0.0
2012-08-10,0.0,0.7,0.0
2012-08-12,0.0,5.5,1.3
2012-08-13,0.0,0.4,0.0
2012-08-14,0.0,0.0,0.0
2012-08-15,0.0,0.0,0.0
2012-08-16,0.0,0.0,0.0
2012-08-17,0.0,0.0,0.0
2012-08-18,0.0,0.4,0.0
2012-08-19,0.0,0.4,0.0
2012-08-20,0.0,0.0,0.0
2012-08-21,0.0,0.2,0.0
2012-08-22,0.0,0.3,0.0
2012-08-23,0.0,0.1,0.0
2012-08-24,0.0,0.2,0.0
2012-08-25,0.0,1.7,0.0
2012-08-26,0.0,0.2,0.0
2012-08-27,0.0,1.4,0.0
2012-08-28,54.5,8.7,6.3
2012-08-30,0.0,1.9,0.0
2012-08-31,0.0,0.4,0.0
2012-09-01,0.0,0.1,0.0
2012-09-02,0.0,0.1,0.0
2012-09-03,0.0,0.0,0.0
2012-09-04,0.0,0.0,0.0
2012-09-05,0.0,0.6,0.0
2012-09-06,0.0,0.0,0.0
2012-09-07,0.0,0.1,0.0
2012-09-08,39.2,3.4,0.0
2012-09-09,3.8,19.1,26.7
2012-09-10,3.0,4.3,0.0
2012-09-11,0.0,1.4,0.0
2012-09-12,0.0,0.0,0.0
2012-09-13,0.0,0.0,0.0
2012-09-14,0.0,0.2,0.0
2012-09-15,0.0,0.9,0.0
2012-09-16,0.0,2.1,0.0
2012-09-17,0.0,0.0,0.0
2012-09-18,0.0,0.0,0.0
2012-09-19,0.3,5.9,1.0
2012-09-21,0.0,1.0,0.0
2012-09-22,0.0,0.1,0.0
2012-09-23,0.0,0.0,0.0
2012-09-24,0.0,0.1,0.0
2012-09-25,0.0,0.6,0.0
2012-09-26,0.0,3.2,0.0
2012-09-27,0.0,5.1,0.0
2012-09-28,0.0,1.4,0.0
2012-09-29,9.1,2.7,0.0
2012-09-30,0.1,2.4,0.0
2012-10-01,6.4,0.0,0.0
2012-10-03,14.7,1.8,0.0
2012-10-04,7.0,6.2,3.7
2012-10-05,2.2,6.8,4.8
2012-10-06,0.0,0.0,0.0
2012-10-07,0.0,3.1,0.0
2012-10-08,0.0,0.2,0.0
2012-10-09,0.0,0.0,0.0
2012-10-10,40.6,14.2,27.6
2012-10-11,0.0,1.9,0.0
2012-10-12,2.5,1.1,0.0
2012-10-13,15.3,11.3,7.8
2012-10-14,9.9,15.1,13.0
2012-10-15,0.0,0.0,0.0
2012-10-16,45.5,35.9,51.1
2012-10-17,0.0,4.7,1.0
2012-10-18,12.1,17.5,16.6
2012-10-19,3.2,6.2,2.1
2012-10-22,0.0,0.5,0.0
2012-10-23,0.0,0.0,0.0
2012-10-24,0.0,0.0,0.0
2012-10-25,0.0,0.1,0.0
2012-10-27,3.7,0.3,0.0
2012-10-28,14.7,8.3,4.2
2012-10-29,36.8,17.8,28.4
2012-10-30,19.8,28.5,49.0
2012-10-31,42.5,15.4,16.2
2012-11-02,1.0,19.4,21.5
2012-11-04,6.9,8.0,3.5
2012-11-05,0.2,18.4,15.2
2012-11-08,0.0,0.3,0.0
2012-11-09,1.3,15.6,12.5
2012-11-10,0.3,0.0,0.0
2012-11-13,12.4,60.4,62.3
2012-11-15,0.2,5.8,1.0
2012-11-17,22.5,38.8,40.5
2012-11-18,23.9,49.9,52.0
2012-11-20,0.0,1.1,0.0
2012-11-21,16.8,50.4,73.8
2012-11-22,0.3,11.4,7.1
2012-11-23,0.1,1.3,0.0
2012-11-24,9.8,1.0,0.0
2012-11-28,54.2,27.2,33.5
2012-11-30,0.0,0.8,0.0
2012-12-01,14.0,46.5,67.3
2012-12-02,0.5,14.5,9.9
2012-12-03,0.9,2.2,0.0
2012-12-06,0.2,21.2,29.0
2012-12-07,2.4,17.2,13.5
2012-12-08,3.9,9.0,3.5
2012-12-09,0.0,0.3,0.0
2012-12-10,17.4,11.4,6.3
2012-12-11,1.8,13.1,9.7
2012-12-12,4.3,17.4,20.8
2012-12-13,0.1,8.2,4.4
2012-12-14,0.0,0.5,0.0
2012-12-15,68.0,25.0,29.9
2012-12-16,2.5,19.4,22.5
2012-12-17,10.5,11.3,7.7
2012-12-18,0.3,4.0,1.0
2012-12-19,0.4,2.2,0.0
2012-12-20,0.0,11.6,8.0
2012-12-21,2.7,7.3,2.6
2012-12-22,0.0,0.0,0.0
2012-12-23,37.5,15.5,12.6
2012-12-24,20.5,44.5,52.0
2012-12-26,0.0,1.9,0.0
2012-12-27,0.0,2.2,0.0
2012-12-28,19.0,19.5,15.3
2012-12-29,0.0,5.5,1.0
2012-12-30,15.6,24.5,24.5
2012-12-31,2.7,28.4,29.0
2013-01-01,0.0,10.1,6.1
2013-01-03,18.3,11.4,7.4
2013-01-05,0.0,1.3,0.0
2013-01-06,0.0,5.6,1.6
2013-01-07,0.0,1.6,0.0
2013-01-08,0.0,1.1,0.0
2013-01-09,0.0,3.1,0.0
2013-01-10,23.0,9.9,5.9
2013-01-11,0.0,0.1,0.0
2013-01-12,0.0,5.1,2.8
2013-01-13,0.0,2.4,1.0
2013-01-14,0.2,5.9,3.7
2013-01-15,1.0,1.7,0.0
2013-01-16,0.0,0.3,0.0
2013-01-17,0.5,0.0,0.0
2013-01-18,11.5,1.1,0.0
2013-01-19,1.4,0.0,0.0
2013-01-20,1.6,1.0,0.0
2013-01-21,16.4,1.4,0.0
2013-01-23,1.3,4.1,2.7
2013-01-25,11.3,10.7,10.1
2013-01-26,0.8,0.1,0.0
2013-01-27,30.9,9.6,8.8
2013-01-28,4.3,6.9,5.7
2013-01-29,21.2,2.3,1.0
2013-01-30,1.0,0.0,0.0
2013-01-31,0.0,0.9,0.0
2013-02-01,4.4,5.1,3.8
2013-02-02,0.0,0.1,0.0
2013-02-03,0.0,0.0,0.0
2013-02-04,39.0,26.9,42.2
2013-02-05,9.2,22.0,33.8
2013-02-06,0.4,8.6,8.5
2013-02-07,0.1,0.4,0.0
2013-02-08,9.1,16.7,25.2
2013-02-09,34.4,4.6,3.2
2013-02-11,0.0,0.6,0.0
2013-02-12,9.1,1.0,0.0
2013-02-13,10.1,16.2,20.5
2013-02-14,0.6,8.5,8.7
2013-02-15,20.6,24.2,31.9
2013-02-16,13.1,15.5,17.4
2013-02-17,0.4,4.0,2.7
2013-02-18,25.6,19.0,24.3
2013-02-19,0.0,0.0,0.0
2013-02-23,0.0,0.9,0.0
2013-02-24,0.0,3.7,1.0
2013-02-25,0.0,0.0,0.0
2013-02-27,0.5,0.2,0.0
2013-02-28,0.0,0.0,0.0
2013-03-01,0.0,1.4,0.0
2013-03-02,0.0,0.4,0.0
2013-03-03,0.0,4.6,0.0
2013-03-05,0.1,0.4,0.0
2013-03-06,0.0,0.6,0.0
2013-03-07,0.2,3.3,0.0
2013-03-08,13.7,2.6,0.0
2013-03-09,86.5,43.7,63.4
2013-03-10,4.7,2.5,0.0
2013-03-11,82.1,36.7,51.4
2013-03-12,0.0,2.1,0.0
2013-03-13,0.0,0.5,0.0
2013-03-14,39.5,26.9,36.7
2013-03-15,0.8,16.6,11.7
2013-03-16,4.5,2.5,0.0
2013-03-17,32.8,7.1,1.9
2013-03-18,0.5,4.8,0.0
2013-03-19,22.0,12.5,7.3
2013-03-20,5.6,13.0,7.8
2013-03-21,0.2,13.7,6.6
2013-03-22,3.6,0.0,0.0
2013-03-23,0.0,0.4,0.0
2013-03-24,1.5,5.8,0.0
2013-03-25,0.0,8.8,2.0
2013-03-26,1.3,0.1,0.0
2013-03-27,17.0,30.3,32.7
2013-03-29,9.4,28.9,31.4
2013-04-01,3.5,7.4,4.1
2013-04-02,10.4,10.5,8.3
2013-04-03,1.5,11.0,9.0
2013-04-05,0.0,0.2,0.0
2013-04-06,12.3,19.7,30.2
2013-04-07,0.0,2.5,0.0
2013-04-08,0.0,0.5,0.0
2013-04-09,86.5,10.7,8.5
2013-04-10,1.0,1.7,0.0
2013-04-11,1.8,4.7,1.3
2013-04-12,0.0,0.2,0.0
2013-04-13,0.0,11.4,9.9
2013-04-14,39.5,1.0,0.0
2013-04-15,23.6,0.0,0.0
2013-04-16,2.0,5.4,2.1
2013-04-17,32.8,14.5,13.9
2013-04-18,15.8,16.2,21.8
2013-04-19,0.0,0.7,0.0
2013-04-20,0.1,0.9,0.0
2013-04-21,1.3,8.8,6.3
2013-04-22,1.2,2.2,0.0
2013-04-23,1.6,1.4,0.0
2013-04-25,33.5,5.9,2.6
2013-04-26,8.1,3.2,0.0
2013-04-28,0.8,1.4,0.0
2013-04-29,0.0,0.0,0.0
2013-05-01,0.0,0.0,0.0
2013-05-02,11.6,10.4,7.0
2013-05-03,10.5,14.1,12.1
2013-05-04,0.0,0.5,0.0
2013-05-05,32.0,7.0,3.2
2013-05-07,3.1,7.7,4.0
2013-05-08,2.3,9.9,6.4
2013-05-09,12.5,10.9,7.6
2013-05-10,5.7,17.2,15.0
2013-05-11,3.1,21.7,50.2
2013-05-13,0.0,0.0,0.0
2013-05-14,0.0,6.3,1.7
2013-05-16,4.5,0.0,0.0
2013-05-17,0.0,1.1,0.0
2013-05-18,2.4,0.9,0.0
2013-05-20,11.2,11.3,10.1
2013-05-21,1.6,9.7,10.8
2013-05-23,0.0,0.3,0.0
2013-05-24,67.3,33.1,89.5
2013-05-25,0.0,0.2,0.0
2013-05-26,3.8,24.9,62.0
2013-05-27,0.1,15.0,28.4
2013-05-28,7.3,7.4,6.1
2013-05-29,0.0,4.5,1.0
2013-05-30,3.8,0.9,0.0
2013-05-31,0.0,0.2,0.0
2013-06-01,0.0,0.4,0.0
2013-06-02,0.0,0.2,0.0
2013-06-03,5.2,4.8,1.0
2013-06-05,0.0,0.7,0.0
2013-06-06,0.0,0.2,0.0
2013-06-07,0.0,6.0,1.2
2013-06-08,33.5,81.5,56.1
2013-06-09,1.7,14.0,10.0
2013-06-10,1.3,30.2,47.1
2013-06-11,0.0,3.6,0.0
2013-06-12,0.0,0.3,0.0
2013-06-13,0.0,0.4,0.0
2013-06-14,0.0,0.4,0.0
2013-06-15,0.0,0.4,0.0
2013-06-16,3.4,14.1,13.8
2013-06-17,0.0,2.2,0.0
2013-06-18,0.0,0.0,0.0
2013-06-19,0.0,0.0,0.0
2013-06-20,0.0,0.0,0.0
2013-06-21,0.0,0.0,0.0
2013-06-22,0.0,0.0,0.0
2013-06-23,0.0,0.0,0.0
2013-06-24,0.0,0.0,0.0
2013-06-25,32.5,49.2,87.8
2013-06-26,0.0,0.7,0.0
2013-06-27,0.0,0.1,0.0
2013-06-30,5.4,0.7,0.0
2013-07-01,3.1,0.6,0.0
2013-07-02,3.1,12.5,15.2
2013-07-03,0.0,0.1,0.0
2013-07-04,46.3,21.1,32.5
2013-07-05,0.0,2.2,0.0
2013-07-06,0.0,1.5,0.0
2013-07-07,0.0,0.1,0.0
2013-07-08,4.2,7.0,5.1
2013-07-09,7.0,10.4,11.1
2013-07-12,1.1,4.8,1.0
2013-07-13,0.0,2.3,0.0
2013-07-14,27.7,22.4,32.0
2013-07-15,0.0,5.0,1.0
2013-07-16,0.4,2.9,0.0
2013-07-17,0.2,4.4,0.0
2013-07-19,0.0,0.1,0.0
2013-07-20,4.6,0.4,0.0
2013-07-21,0.6,2.2,0.0
2013-07-22,0.0,0.1,0.0
2013-07-23,0.0,0.2,0.0
2013-07-24,0.0,10.3,9.2
2013-07-25,2.0,14.3,27.3
2013-07-26,0.0,0.0,0.0
2013-07-27,19.5,3.4,0.0
2013-07-28,31.0,6.3,3.5
2013-07-29,11.6,7.6,4.3
2013-07-30,26.5,5.2,1.0
2013-07-31,20.2,11.5,12.3
2013-08-01,23.0,11.7,9.6
2013-08-02,0.0,0.2,0.0
2013-08-03,0.0,0.7,0.0
2013-08-04,0.0,2.5,0.0
2013-08-05,5.2,2.2,0.0
2013-08-06,0.0,0.2,0.0
2013-08-07,17.1,2.4,0.0
2013-08-08,0.4,4.5,0.0
2013-08-09,0.0,0.0,0.0
2013-08-10,2.5,25.7,32.4
2013-08-11,0.0,0.5,0.0
2013-08-12,0.0,0.1,0.0
2013-08-13,0.0,0.1,0.0
2013-08-14,0.0,0.3,0.0
2013-08-15,0.0,0.0,0.0
2013-08-16,0.0,0.0,0.0
2013-08-17,3.0,9.7,8.0
2013-08-18,0.0,0.1,0.0
2013-08-19,0.0,0.2,0.0
2013-08-20,0.0,1.4,0.0
2013-08-21,0.0,0.2,0.0
2013-08-22,0.0,0.0,0.0
2013-08-23,0.0,0.0,0.0
2013-08-24,0.0,0.1,0.0
2013-08-25,2.0,0.0,0.0
2013-08-26,0.0,0.0,0.0
2013-08-27,19.5,0.0,0.0
2013-08-28,31.0,1.6,0.0
2013-08-29,11.6,0.0,0.0
2013-08-30,26.5,5.9,1.7
2013-08-31,20.2,2.3,0.0
2013-09-01,0.6,0.0,0.0
2013-09-03,4.6,1.9,0.0
2013-09-04,64.7,16.3,16.1
2013-09-05,69.8,61.1,83.6
2013-09-06,21.6,6.7,1.4
2013-09-07,0.0,8.7,3.8
2013-09-08,28.7,24.9,40.4
2013-09-09,2.2,10.7,7.0
2013-09-10,0.1,17.3,21.5
2013-09-11,0.4,14.5,10.3
2013-09-12,0.0,0.2,0.0
2013-09-13,0.0,0.8,0.0
2013-09-15,0.0,0.1,0.0
2013-09-16,0.9,6.2,1.0
2013-09-17,37.7,27.8,45.9
2013-09-18,0.0,0.4,0.0
2013-09-20,0.0,0.1,0.0
2013-09-21,0.0,0.2,0.0
2013-09-22,0.0,0.0,0.0
2013-09-23,0.0,0.0,0.0
2013-09-24,0.0,0.0,0.0
2013-09-25,0.0,0.2,0.0
2013-09-26,0.0,0.2,0.0
2013-09-27,0.0,0.4,0.0
2013-09-28,4.1,12.8,11.4
2013-09-29,0.0,4.9,0.0
2013-09-30,0.0,1.2,0.0
2013-10-01,4.3,1.6,0.0
2013-10-02,28.4,20.7,43.8
2013-10-03,11.2,6.7,4.6
2013-10-04,0.0,1.0,0.0
2013-10-05,20.2,1.9,0.0
2013-10-06,0.0,0.6,0.0
2013-10-07,40.4,42.7,76.3
2013-10-08,5.8,4.7,1.3
2013-10-09,0.0,0.1,0.0
2013-10-10,6.1,0.1,0.0
2013-10-11,6.6,4.0,0.0
2013-10-12,0.0,1.7,0.0
2013-10-13,44.0,43.6,59.7
2013-10-14,38.5,23.9,29.5
2013-10-15,6.0,15.4,13.3
2013-10-16,0.0,0.1,0.0
2013-10-17,3.4,7.0,2.9
2013-10-18,10.4,24.0,29.5
2013-10-19,1.0,0.0,0.0
2013-10-20,40.8,4.8,1.0
2013-10-21,5.0,0.4,0.0
2013-10-22,1.0,5.5,1.0
2013-10-23,0.0,0.0,0.0
2013-10-24,0.0,1.0,0.0
2013-10-25,0.0,0.2,0.0
2013-10-26,7.2,0.4,0.0
2013-10-27,14.3,21.4,35.3
2013-10-28,6.0,6.9,2.2
2013-10-29,0.6,0.1,0.0
2013-10-30,0.1,1.3,0.0
2013-10-31,24.0,1.5,0.0
2013-11-01,1.7,3.5,0.0
2013-11-02,0.6,0.2,0.0
2013-11-03,0.0,1.1,0.0
2013-11-04,2.5,17.5,14.1
2013-11-05,10.0,48.5,60.8
2013-11-06,0.0,0.3,0.0
2013-11-07,0.0,4.3,0.0
2013-11-08,29.6,23.5,30.9
2013-11-09,0.0,2.9,0.0
2013-11-10,0.1,11.2,7.0
2013-11-11,0.0,2.3,0.0
2013-11-12,0.5,11.0,5.2
2013-11-13,18.4,29.7,29.6
2013-11-14,14.2,34.6,34.8
2013-11-15,13.1,23.0,17.5
2013-11-16,4.6,11.6,5.8
2013-11-17,37.7,5.1,0.0
2013-11-18,12.6,14.5,8.7
2013-11-19,2.7,21.1,15.6
2013-11-20,0.0,1.7,0.0
2013-11-21,0.0,0.6,0.0
2013-11-22,7.4,13.9,10.1
2013-11-23,0.1,3.1,0.0
2013-11-24,3.1,8.1,3.2
2013-11-25,1.7,6.4,1.5
2013-11-26,0.0,0.3,0.0
2013-11-27,10.1,14.0,10.3
2013-11-28,0.0,0.5,0.0
2013-11-29,0.0,1.9,0.0
2013-11-30,0.0,4.3,0.0
2013-12-01,0.0,23.6,33.3
2013-12-02,2.8,21.6,31.2
2013-12-03,17.5,4.5,0.0
2013-12-04,0.0,0.0,0.0
2013-12-05,0.0,58.6,81.0
2013-12-06,95.4,19.0,26.5
2013-12-07,0.8,14.7,10.1
2013-12-08,52.2,20.2,27.4
2013-12-10,26.5,3.7,0.0
2013-12-11,13.2,17.1,13.6
2013-12-12,11.0,12.5,8.9
2013-12-13,1.3,24.9,29.2
2013-12-14,9.5,2.7,0.0
2013-12-15,0.0,21.4,24.8
2013-12-16,1.7,14.4,11.1
2013-12-17,1.0,1.4,0.0
2013-12-18,0.0,10.2,6.5
2013-12-19,1.2,27.9,33.0
2013-12-20,12.5,4.7,1.0
2013-12-22,0.0,3.9,0.0
2013-12-23,0.1,1.8,0.0
2013-12-24,4.4,2.9,0.0
2013-12-25,2.9,2.0,0.0
2013-12-26,0.0,2.8,0.0
2013-12-27,0.0,5.7,1.1
2013-12-28,28.5,7.0,2.3
2013-12-29,1.8,10.7,6.0
2013-12-30,5.5,1.2,0.0
2013-12-31,1.3,24.4,24.1
2014-01-02,3.2,3.5,0.0
2014-01-03,0.5,4.2,1.0
2014-01-04,5.2,24.5,30.2
2014-01-05,30.2,0.6,0.0
2014-01-06,3.4,7.3,3.2
2014-01-07,4.6,0.4,0.0
2014-01-08,0.0,2.2,0.0
2014-01-09,7.2,8.5,4.4
2014-01-10,0.3,1.5,0.0
2014-01-11,0.1,3.3,1.0
2014-01-12,10.8,4.1,1.8
2014-01-13,10.4,1.5,0.0
2014-01-14,7.3,0.1,0.0
2014-01-15,0.0,0.5,0.0
2014-01-16,2.0,0.0,0.0
2014-01-17,3.0,0.1,0.0
2014-01-20,0.0,0.0,0.0
2014-01-21,0.0,0.6,0.0
2014-01-22,3.7,0.0,0.0
2014-01-23,0.0,0.6,0.0
2014-01-26,0.0,0.0,0.0
2014-01-27,0.0,0.0,0.0
2014-01-30,0.0,0.0,0.0
2014-01-31,0.0,0.0,0.0
2014-02-01,0.0,0.0,0.0
2014-02-02,0.0,0.0,0.0
2014-02-03,0.0,0.0,0.0
2014-02-04,0.0,0.0,0.0
2014-02-05,0.0,0.0,0.0
2014-02-06,0.0,0.1,0.0
2014-02-07,0.0,0.0,0.0
2014-02-10,0.0,1.5,0.0
2014-02-11,0.0,0.0,0.0
2014-02-12,0.0,1.2,0.0
2014-02-13,0.0,0.0,0.0
2014-02-14,0.0,0.0,0.0
2014-02-15,0.0,0.1,0.0
2014-02-16,0.0,0.0,0.0
2014-02-17,0.0,1.9,0.0
2014-02-18,0.0,0.1,0.0
2014-02-19,0.0,0.0,0.0
2014-02-20,0.0,0.0,0.0
2014-02-23,26.2,0.0,0.0
2014-02-24,0.0,0.0,0.0
2014-02-25,0.0,0.0,0.0
2014-02-26,0.0,0.0,0.0
2014-02-27,0.0,0.0,0.0
2014-03-01,0.0,0.4,0.0
2014-03-02,0.0,6.4,1.0
2014-03-03,0.0,3.9,0.0
2014-03-04,0.0,0.2,0.0
2014-03-05,1.4,1.5,0.0
2014-03-06,0.0,0.1,0.0
2014-03-07,0.0,0.0,0.0
2014-03-08,0.0,0.1,0.0
2014-03-09,0.0,0.0,0.0
2014-03-10,0.0,0.0,0.0
2014-03-12,0.0,0.6,0.0
2014-03-13,0.0,0.0,0.0
2014-03-14,0.0,0.0,0.0
2014-03-15,0.0,1.0,0.0
2014-03-16,0.0,2.8,0.0
2014-03-17,1.2,13.7,8.6
2014-03-18,11.1,17.1,12.3
2014-03-19,0.7,12.1,6.9
2014-03-20,1.3,31.6,43.7
2014-03-21,10.9,24.5,22.8
2014-03-22,20.7,0.6,0.0
2014-03-23,0.0,0.0,0.0
2014-03-24,0.0,1.5,0.0
2014-03-25,0.0,2.8,0.0
2014-03-26,0.0,7.5,1.0
2014-03-29,0.0,19.0,11.8
2014-03-30,53.7,0.1,0.0
2014-03-31,0.0,3.8,0.0
2014-04-01,49.2,14.5,14.0
2014-04-02,5.2,1.2,0.0
2014-04-04,11.0,19.2,29.2
2014-04-05,6.3,13.5,12.6
2014-04-06,3.0,30.4,48.2
2014-04-07,34.5,3.2,0.0
2014-04-09,0.0,100.0,94.5
2014-04-10,39.0,27.5,41.8
2014-04-11,1.0,17.4,24.2
2014-04-12,35.2,84.0,74.0
2014-04-13,58.2,5.3,2.0
2014-04-14,1.0,3.6,1.0
2014-04-16,5.3,0.0,0.0
2014-04-17,0.0,36.2,54.6
2014-04-18,28.5,3.2,0.0
2014-04-20,9.5,8.0,5.2
2014-04-21,1.0,4.3,1.0
2014-04-22,1.5,1.8,0.0
2014-04-23,2.2,2.3,0.0
2014-04-24,0.2,0.0,0.0
2014-04-25,0.0,0.9,0.0
2014-04-26,0.0,20.8,32.1
2014-04-27,42.7,5.2,1.6
2014-04-30,3.6,0.0,0.0
2014-05-01,0.0,3.9,1.0
2014-05-03,0.0,6.6,2.8
2014-05-04,7.0,7.9,4.2
2014-05-06,0.0,0.0,0.0
2014-05-07,0.0,10.6,7.2
2014-05-08,6.5,2.7,0.0
2014-05-09,0.0,2.2,0.0
2014-05-10,0.0,0.7,0.0
2014-05-12,0.0,22.4,51.5
2014-05-13,1.4,0.5,0.0
2014-05-14,0.0,2.3,0.0
2014-05-15,0.0,0.5,0.0
2014-05-16,1.0,3.8,0.0
2014-05-17,0.0,13.1,21.2
2014-05-18,7.5,3.5,0.0
2014-05-19,29.0,3.2,0.0
2014-05-20,0.0,6.3,1.7
2014-05-21,0.0,0.0,0.0
2014-05-24,0.4,0.3,0.0
2014-05-27,18.2,30.3,80.0
2014-05-28,8.8,1.2,0.0
2014-05-30,0.0,5.6,2.7
2014-05-31,29.1,0.0,0.0
2014-06-01,0.0,2.2,0.0
2014-06-03,0.0,0.3,0.0
2014-06-04,0.0,8.2,4.0
2014-06-05,2.0,5.5,1.0
2014-06-06,1.1,3.0,0.0
2014-06-08,0.8,0.0,0.0
2014-06-09,0.0,0.3,0.0
2014-06-10,0.0,7.0,2.2
2014-06-11,0.0,0.0,0.0
2014-06-12,0.0,5.3,1.0
2014-06-13,1.5,22.2,33.0
2014-06-14,65.3,15.6,14.8
2014-06-15,0.6,10.6,7.9
2014-06-16,0.2,0.7,0.0
2014-06-17,0.0,0.8,0.0
2014-06-18,0.0,25.2,39.4
2014-06-19,26.1,0.1,0.0
2014-06-20,0.0,0.4,0.0
2014-06-21,0.0,0.6,0.0
2014-06-22,0.0,0.7,0.0
2014-06-23,0.0,5.7,3.8
2014-06-24,0.0,1.6,0.0
2014-06-25,0.2,0.3,0.0
2014-06-26,0.0,12.9,25.1
2014-06-27,1.0,24.4,54.1
2014-06-28,3.3,4.0,1.0
2014-06-29,0.0,3.7,1.0
2014-07-01,2.2,0.2,0.0
2014-07-02,0.0,0.0,0.0
2014-07-03,0.0,0.7,0.0
2014-07-04,0.0,0.2,0.0
2014-07-05,6.5,1.4,0.0
2014-07-06,22.8,0.0,0.0
2014-07-09,0.0,0.4,0.0
2014-07-10,5.3,0.4,0.0
2014-07-11,0.0,0.9,0.0
2014-07-13,51.6,6.4,2.0
2014-07-14,0.0,6.9,2.7
2014-07-15,0.0,0.0,0.0
2014-07-16,0.0,0.1,0.0
2014-07-17,5.3,93.1,79.7
2014-07-18,62.3,7.7,3.6
2014-07-19,2.0,50.2,78.8
2014-07-20,10.5,2.6,0.0
2014-07-21,0.0,0.0,0.0
2014-07-22,0.0,0.0,0.0
2014-07-23,0.0,0.8,0.0
2014-07-24,0.0,0.0,0.0
2014-07-25,0.0,0.0,0.0
2014-07-26,0.0,0.0,0.0
2014-07-27,0.0,0.0,0.0
2014-07-28,0.0,0.0,0.0
2014-07-29,0.0,0.0,0.0
2014-07-30,0.0,10.3,11.6
2014-07-31,26.6,12.0,12.5
2014-08-01,4.9,0.4,0.0
2014-08-02,0.0,0.0,0.0
2014-08-03,0.0,3.1,0.0
2014-08-04,0.0,0.1,0.0
2014-08-05,0.0,40.5,52.3
2014-08-06,2.9,2.6,0.0
2014-08-07,0.0,9.2,5.7
2014-08-08,1.4,40.7,51.6
2014-08-10,1.6,35.9,45.6
2014-08-11,21.0,2.2,0.0
2014-08-12,0.0,4.7,1.0
2014-08-13,3.3,6.3,2.3
2014-08-14,1.7,2.6,0.0
2014-08-16,0.0,0.0,0.0
2014-08-17,0.0,0.0,0.0
2014-08-18,0.2,2.0,0.0
2014-08-19,0.0,5.5,1.3
2014-08-21,0.3,3.0,0.0
2014-08-22,30.8,1.2,0.0
2014-08-23,23.3,0.4,0.0
2014-08-24,62.4,0.0,0.0
2014-08-25,1.4,2.2,0.0
2014-08-26,0.0,6.1,1.9
2014-08-27,28.3,0.0,0.0
2014-08-29,1.2,4.1,0.0
2014-08-30,0.0,1.3,0.0
2014-08-31,0.0,0.0,0.0
2014-09-01,0.0,3.0,0.0
2014-09-02,0.0,0.1,0.0
2014-09-04,0.0,0.0,0.0
2014-09-05,0.0,10.1,5.6
2014-09-07,3.5,2.8,0.0
2014-09-09,1.0,3.9,0.0
2014-09-10,0.0,0.0,0.0
2014-09-11,0.0,1.1,0.0
2014-09-12,0.0,1.2,0.0
2014-09-13,0.0,5.3,0.0
2014-09-14,0.0,1.3,0.0
2014-09-15,0.0,1.1,0.0
2014-09-16,0.0,0.0,0.0
2014-09-17,0.0,0.8,0.0
2014-09-18,0.0,2.1,0.0
2014-09-19,0.0,11.0,5.8
2014-09-20,30.5,23.9,39.6
2014-09-21,3.7,0.7,0.0
2014-09-22,0.0,0.6,0.0
2014-09-23,0.0,1.1,0.0
2014-09-24,4.0,26.1,46.0
2014-09-25,24.3,3.4,0.0
2014-09-26,0.0,0.8,0.0
2014-09-27,0.0,4.9,0.0
2014-09-28,0.0,0.0,0.0
2014-09-29,0.0,0.2,0.0
2014-09-30,0.0,1.8,0.0
2014-10-01,0.0,0.4,0.0
2014-10-02,0.0,0.0,0.0
2014-10-03,0.0,0.0,0.0
2014-10-04,0.0,5.9,3.3
2014-10-05,9.9,8.0,6.8
2014-10-06,0.0,4.1,1.0
2014-10-07,0.0,1.8,0.0
2014-10-08,0.0,3.8,1.0
2014-10-09,0.0,2.4,0.0
2014-10-11,0.0,1.8,0.0
2014-10-12,0.0,3.9,0.0
2014-10-13,0.4,11.5,8.1
2014-10-15,0.0,0.4,0.0
2014-10-17,7.5,6.7,2.6
2014-10-20,4.5,21.4,23.7
2014-10-21,0.0,2.2,0.0
2014-10-22,0.1,8.3,4.2
2014-10-23,0.0,0.2,0.0
2014-10-24,0.0,0.6,0.0
2014-10-25,0.0,0.5,0.0
2014-10-26,12.9,4.4,0.0
2014-10-27,0.0,1.3,0.0
2014-10-30,21.0,1.0,0.0
2014-10-31,8.1,9.3,5.7
2014-11-01,0.0,0.3,0.0
2014-11-02,0.0,0.0,0.0
2014-11-04,0.0,0.0,0.0
2014-11-05,0.4,7.8,3.4
2014-11-06,25.6,7.1,2.6
2014-11-07,0.2,3.5,0.0
2014-11-08,9.7,18.7,15.4
2014-11-09,6.7,10.8,6.6
2014-11-12,7.6,9.6,3.8
2014-11-13,1.5,5.4,0.0
2014-11-14,67.6,27.8,26.9
2014-11-15,67.6,6.1,1.0
2014-11-16,14.1,12.2,6.4
2014-11-17,14.1,44.1,46.0
2014-11-18,0.0,6.7,1.1
2014-11-20,18.0,8.7,3.0
2014-11-21,18.0,4.8,0.0
2014-11-22,3.0,11.6,7.3
2014-11-23,0.5,2.3,0.0
2014-11-25,0.0,0.8,0.0
2014-11-27,33.8,22.5,25.3
2014-11-28,1.8,6.8,1.8
2014-11-29,0.2,7.2,2.3
2014-12-01,0.0,6.9,1.2
2014-12-02,0.0,5.7,1.0
2014-12-04,0.1,27.4,38.8
2014-12-05,0.1,3.8,0.0
2014-12-06,5.8,9.4,3.9
2014-12-07,5.8,3.1,0.0
2014-12-08,7.8,0.6,0.0
2014-12-10,20.4,6.3,1.0
2014-12-11,0.0,0.4,0.0
2014-12-12,6.9,4.5,1.0
2014-12-16,1.5,3.9,1.0
2014-12-17,41.0,6.1,2.1
2014-12-18,12.6,36.3,45.9
2014-12-19,4.8,26.8,31.7
2014-12-20,4.8,0.2,0.0
2014-12-21,0.0,1.9,0.0
2014-12-24,14.5,1.7,0.0
2014-12-25,63.6,25.7,28.0
2014-12-26,0.0,6.5,1.9
2014-12-27,13.1,32.9,34.5
2014-12-29,0.8,10.5,5.8
2014-12-30,0.8,3.4,0.0
2015-01-01,15.7,11.4,7.4
2015-01-02,1.0,0.5,0.0
2015-01-05,11.5,0.6,0.0
2015-01-07,1.3,0.7,0.0
2015-01-14,6.2,2.9,1.0
2015-01-15,51.0,0.0,0.0
2015-01-21,0.0,1.3,0.0
2015-01-22,0.0,0.0,0.0
2015-01-25,7.8,30.8,41.3
2015-01-26,29.0,2.2,1.0
2015-01-27,2.4,0.0,0.0
2015-01-28,0.5,0.0,0.0
2015-01-29,0.0,9.4,8.5
2015-01-30,10.9,14.0,17.7
2015-01-31,5.7,0.7,0.0
2015-02-01,25.3,0.0,0.0
2015-02-02,0.0,0.7,0.0
2015-02-03,0.0,0.0,0.0
2015-02-06,13.8,5.6,4.5
2015-02-07,42.0,1.2,0.0
2015-02-08,7.4,0.0,0.0
2015-02-09,1.7,1.4,0.0
2015-02-10,6.0,0.9,0.0
2015-02-12,0.0,0.0,0.0
2015-02-14,0.0,0.0,0.0
2015-02-16,0.0,1.0,0.0
2015-02-18,0.7,45.4,63.1
2015-02-19,19.4,4.0,2.8
2015-02-20,0.1,6.5,6.2
2015-02-21,3.5,1.6,0.0
2015-02-24,0.5,0.0,0.0
2015-02-26,2.1,2.2,0.0
2015-03-01,0.9,1.1,0.0
2015-03-02,0.1,9.6,3.3
2015-03-03,10.8,0.1,0.0
2015-03-06,1.2,4.4,0.0
2015-03-08,1.2,0.6,0.0
2015-03-09,0.0,10.3,4.1
2015-03-10,2.4,13.0,7.0
2015-03-11,20.1,5.9,1.0
2015-03-12,3.4,14.5,9.4
2015-03-13,0.2,4.4,0.0
2015-03-15,8.4,21.9,26.6
2015-03-16,41.5,2.7,0.0
2015-03-17,1.0,3.7,0.0
2015-03-18,8.1,5.0,1.0
2015-03-19,22.6,1.2,0.0
2015-03-20,1.9,2.7,0.0
2015-03-21,4.0,20.2,13.0
2015-03-24,4.0,5.0,0.0
2015-03-25,27.8,2.3,0.0
2015-03-27,1.5,0.0,0.0
2015-03-28,1.3,29.5,31.1
2015-03-29,3.0,8.0,1.3
2015-03-30,4.3,1.8,0.0
2015-03-31,0.0,6.9,1.0
2015-04-01,8.5,1.7,0.0
2015-04-03,22.9,0.0,0.0
2015-04-04,0.0,39.0,63.7
2015-04-05,57.6,32.2,50.9
2015-04-06,7.2,8.3,5.3
2015-04-08,2.0,1.4,0.0
2015-04-09,2.1,13.5,12.6
2015-04-11,19.3,0.0,0.0
2015-04-12,0.0,1.5,0.0
2015-04-13,19.8,0.2,0.0
2015-04-15,0.0,19.6,28.2
2015-04-16,9.1,15.1,14.6
2015-04-17,20.4,13.0,11.5
2015-04-18,2.5,33.9,52.8
2015-04-19,33.4,8.7,6.1
2015-04-20,0.2,0.0,0.0
2015-04-21,0.0,1.9,0.0
2015-04-22,1.1,13.3,12.6
2015-04-23,15.4,27.8,46.0
2015-04-24,14.8,42.2,64.0
2015-04-25,14.3,22.3,35.4
2015-04-27,12.1,1.3,0.0
2015-04-28,0.0,0.0,0.0
2015-04-29,4.1,9.4,7.1
2015-05-01,1.0,8.8,5.2
2015-05-02,6.6,17.0,15.2
2015-05-06,9.0,2.4,0.0
2015-05-07,12.1,0.3,0.0
2015-05-09,78.3,0.0,0.0
2015-05-13,3.3,3.1,0.0
2015-05-15,5.0,16.5,33.9
2015-05-16,0.2,0.5,0.0
2015-05-18,0.7,1.1,0.0
2015-05-19,0.0,1.6,0.0
2015-05-21,0.0,0.4,0.0
2015-05-24,0.0,0.5,0.0
2015-05-25,0.0,1.3,0.0
2015-05-26,0.0,1.8,0.0
2015-05-27,7.4,13.2,17.4
2015-05-28,2.6,0.5,0.0
2015-05-31,0.0,0.6,0.0
2015-06-02,0.0,11.4,7.2
2015-06-03,20.1,0.1,0.0
2015-06-05,0.4,4.0,0.0
2015-06-06,0.0,40.5,52.0
2015-06-07,11.3,0.6,0.0
2015-06-08,0.0,0.7,0.0
2015-06-11,0.0,9.0,6.4
2015-06-12,1.0,2.3,0.0
2015-06-14,1.5,5.8,1.5
2015-06-15,0.3,0.8,0.0
2015-06-17,0.0,0.0,0.0
2015-06-18,0.0,0.0,0.0
2015-06-20,0.0,4.2,0.0
2015-06-22,0.0,0.0,0.0
2015-06-23,0.0,0.0,0.0
2015-06-25,0.0,2.4,0.0
2015-06-29,0.0,0.0,0.0
2015-06-30,0.0,0.0,0.0
2015-07-02,0.0,0.0,0.0
2015-07-05,0.0,0.0,0.0
2015-07-11,0.0,0.0,0.0
2015-07-12,0.0,0.0,0.0
2015-07-13,2.7,30.4,43.3
2015-07-14,28.8,2.8,0.0
2015-07-15,0.1,2.5,0.0
2015-07-17,30.5,0.2,0.0
2015-07-18,11.0,0.0,0.0
2015-07-20,0.0,0.2,0.0
2015-07-21,0.0,0.0,0.0
2015-07-23,0.0,0.0,0.0
2015-07-24,0.0,0.0,0.0
2015-07-26,0.0,0.0,0.0
2015-07-29,0.0,0.0,0.0
2015-08-01,0.0,15.1,12.6
2015-08-02,14.1,0.5,0.0
2015-08-04,17.1,1.6,0.0
2015-08-05,1.0,0.0,0.0
2015-08-06,0.5,1.3,0.0
2015-08-08,2.1,1.7,0.0
2015-08-11,0.0,0.2,0.0
2015-08-13,0.0,0.4,0.0
2015-08-16,2.6,0.0,0.0
2015-08-18,0.0,0.0,0.0
2015-08-19,0.0,3.1,0.0
2015-08-23,0.0,0.0,0.0
2015-08-24,0.0,0.0,0.0
2015-08-26,0.0,7.3,3.8
2015-08-28,0.0,2.4,0.0
2015-08-31,0.0,1.2,0.0
2015-09-01,0.0,0.0,0.0
2015-09-03,0.0,1.5,0.0
2015-09-05,0.0,0.0,0.0
2015-09-07,0.0,0.0,0.0
2015-09-09,0.0,0.2,0.0
2015-09-11,0.0,0.4,0.0
2015-09-13,0.0,0.0,0.0
2015-09-15,0.0,0.0,0.0
2015-09-17,0.0,2.6,0.0
2015-09-19,0.0,2.0,0.0
2015-09-21,0.0,0.5,0.0
2015-09-23,0.0,0.0,0.0
2015-09-24,0.0,0.0,0.0
2015-09-25,0.0,1.6,0.0
2015-09-27,0.0,2.2,0.0
2015-09-29,0.0,4.0,0.0
2015-10-01,0.0,1.6,0.0
2015-10-03,0.0,0.0,0.0
2015-10-05,0.0,4.0,1.0
2015-10-08,14.7,1.0,0.0
2015-10-11,0.0,0.8,0.0
2015-10-16,0.0,0.0,0.0
2015-10-17,0.0,0.8,0.0
2015-10-22,0.0,0.1,0.0
2015-10-23,0.0,0.8,0.0
2015-10-27,0.0,12.9,11.3
2015-10-28,18.0,1.0,0.0
2015-10-29,0.0,4.9,0.0
2015-10-30,2.1,2.2,0.0
2015-10-31,1.2,0.0,0.0
2015-11-03,9.0,1.1,0.0
2015-11-04,0.0,6.0,1.5
2015-11-05,58.6,0.6,0.0
2015-11-06,1.4,9.7,5.3
2015-11-07,86.0,0.8,0.0
2015-11-09,13.4,0.4,0.0
2015-11-10,0.0,2.1,0.0
2015-11-11,6.0,7.4,1.7
2015-11-12,11.4,0.3,0.0
2015-11-15,8.1,12.5,6.7
2015-11-16,8.4,14.1,8.3
2015-11-17,20.2,8.0,2.3
2015-11-19,1.5,7.6,1.9
2015-11-20,5.8,7.2,1.6
2015-11-21,8.0,4.4,0.0
2015-11-22,0.1,3.8,0.0
2015-11-24,28.0,15.6,12.2
2015-11-25,2.3,6.3,1.4
2015-11-28,0.0,12.9,8.9
2015-11-29,21.8,13.6,9.8
2015-11-30,4.4,8.0,3.1
2015-12-01,29.4,5.0,0.0
2015-12-02,1.0,1.6,0.0
2015-12-04,86.9,3.2,0.0
2015-12-06,4.0,3.5,0.0
2015-12-07,3.0,2.5,0.0
2015-12-09,11.1,2.6,0.0
2015-12-11,27.2,1.3,0.0
2015-12-12,0.0,137.9,101.2
2015-12-13,111.8,14.0,10.7
2015-12-16,7.4,8.5,4.7
2015-12-17,6.6,2.1,0.0
2015-12-18,1.2,0.6,0.0
2015-12-20,1.8,2.0,0.0
2015-12-22,0.0,15.8,11.4
2015-12-24,1.7,23.2,22.9
2015-12-25,1.0,6.4,1.8
2015-12-26,12.9,9.3,4.6
2015-12-27,14.8,0.7,0.0
2015-12-28,0.0,0.5,0.0
2015-12-30,0.0,0.4,0.0
2015-12-31,3.3,0.1,0.0
2016-01-01,1.0,5.6,1.6
2016-01-03,3.7,2.3,0.0
2016-01-05,0.5,12.0,8.2
2016-01-06,1.5,0.0,0.0
2016-01-07,0.4,0.0,0.0
2016-01-08,7.1,13.8,10.0
2016-01-09,20.0,0.0,0.0
2016-01-12,0.4,10.5,9.2
2016-01-14,8.1,6.7,4.6
2016-01-15,11.2,1.5,0.0
2016-01-16,0.0,3.2,1.0
2016-01-17,4.9,10.7,9.6
2016-01-18,8.1,6.9,4.8
2016-01-20,11.9,13.5,12.3
2016-01-21,0.2,1.5,1.0
2016-01-24,0.0,13.8,13.5
2016-01-25,13.3,0.5,0.0
2016-01-26,0.3,18.4,22.7
2016-01-27,6.7,0.0,0.0
2016-01-28,0.0,6.8,5.6
2016-01-29,1.5,0.9,0.0
2016-01-30,0.0,2.4,1.0
2016-01-31,5.3,5.4,4.1
2016-02-01,6.7,1.4,0.0
2016-02-02,3.5,0.3,0.0
2016-02-03,0.0,1.5,0.0
2016-02-05,3.4,0.6,0.0
2016-02-06,0.0,16.6,25.4
2016-02-07,16.2,24.3,38.1
2016-02-08,16.4,12.8,14.9
2016-02-09,16.3,0.6,0.0
2016-02-11,7.4,0.0,0.0
2016-02-13,20.8,3.7,2.4
2016-02-15,17.2,12.8,14.9
2016-02-17,14.1,0.4,0.0
2016-02-18,12.5,0.2,0.0
2016-02-21,4.3,10.7,10.4
2016-02-22,20.1,0.2,0.0
2016-02-23,0.0,0.0,0.0
2016-02-25,3.5,2.4,0.0
2016-02-26,7.3,0.0,0.0
2016-02-27,7.3,0.0,0.0
2016-02-29,13.4,0.8,0.0
2016-03-01,12.0,0.1,0.0
2016-03-03,0.1,0.2,0.0
2016-03-06,0.0,5.9,1.0
2016-03-09,0.0,0.8,0.0
2016-03-10,1.4,0.0,0.0
2016-03-12,5.3,4.5,0.0
2016-03-13,7.6,8.0,2.8
2016-03-16,3.4,5.2,1.0
2016-03-17,2.5,1.0,0.0
2016-03-18,0.0,2.1,0.0
2016-03-19,0.8,15.2,10.1
2016-03-20,5.8,0.5,0.0
2016-03-22,13.6,13.3,6.2
2016-03-23,0.7,14.7,7.6
2016-03-24,6.6,11.2,4.1
2016-03-26,2.6,25.0,23.2
2016-03-27,10.2,2.5,0.0
2016-03-29,0.8,33.3,37.4
2016-03-30,6.8,18.1,10.9
2016-04-03,57.2,0.0,0.0
2016-04-05,1.1,0.0,0.0
2016-04-09,3.6,10.4,8.1
2016-04-10,0.1,11.5,9.7
2016-04-13,2.2,0.7,0.0
2016-04-15,2.0,0.1,0.0
2016-04-16,1.2,10.7,8.7
2016-04-17,18.3,31.2,48.2
2016-04-18,5.5,0.6,0.0
2016-04-22,11.4,0.0,0.0
2016-04-24,32.9,2.3,0.0
2016-04-25,1.0,20.5,31.4
2016-04-26,24.2,32.8,53.1
2016-04-29,0.0,4.9,1.3
2016-05-01,4.6,0.7,0.0
2016-05-03,0.0,21.3,22.7
2016-05-04,21.3,9.9,6.5
2016-05-05,0.0,0.7,0.0
2016-05-08,1.4,0.8,0.0
2016-05-09,0.0,5.6,1.7
2016-05-11,0.6,2.4,0.0
2016-05-14,1.7,16.8,35.4
2016-05-15,14.5,1.7,0.0
2016-05-17,8.1,0.3,0.0
2016-05-22,0.0,1.3,0.0
2016-05-23,0.0,0.9,0.0
2016-05-24,8.0,0.5,0.0
2016-05-26,12.0,4.4,1.0
2016-05-27,0.0,0.9,0.0
2016-05-29,0.0,13.3,23.6
2016-05-30,3.3,12.3,15.5
2016-05-31,0.5,6.4,4.2
2016-06-01,0.3,13.7,10.1
2016-06-02,2.0,10.5,6.7
2016-06-04,0.0,18.1,28.8
2016-06-05,10.1,1.5,0.0
2016-06-07,0.2,1.5,0.0
2016-06-08,0.0,2.2,0.0
2016-06-10,0.0,1.7,0.0
2016-06-12,0.2,12.0,9.8
2016-06-13,8.7,0.0,0.0
2016-06-15,0.2,0.4,0.0
2016-06-16,0.0,0.3,0.0
2016-06-18,18.8,16.9,20.1
2016-06-19,0.1,3.4,0.0
2016-06-20,0.0,0.8,0.0
2016-06-23,6.0,5.3,3.1
2016-06-24,0.2,21.8,47.6
2016-06-25,2.0,5.6,3.2
2016-06-26,1.0,13.9,28.8
2016-06-27,13.0,17.1,36.1
2016-07-02,0.0,0.5,0.0
2016-07-04,0.0,0.0,0.0
2016-07-08,0.0,0.0,0.0
2016-07-09,0.0,0.0,0.0
2016-07-10,0.0,0.0,0.0
2016-07-12,0.8,0.2,0.0
2016-07-14,1.4,13.9,12.5
2016-07-15,27.4,22.2,30.3
2016-07-16,2.5,1.0,0.0
2016-07-18,23.4,1.9,0.0
2016-07-19,5.8,15.6,22.8
2016-07-20,0.4,14.2,13.0
2016-07-23,0.6,0.4,0.0
2016-07-25,13.2,1.0,0.0
2016-07-27,0.0,3.0,0.0
2016-07-28,0.0,0.0,0.0
2016-08-01,51.6,22.9,29.0
2016-08-02,9.4,6.5,2.0
2016-08-03,0.0,27.8,34.6
2016-08-04,10.0,3.1,0.0
2016-08-07,0.0,0.3,0.0
2016-08-11,0.0,0.0,0.0
2016-08-13,3.0,9.0,6.6
2016-08-14,8.8,7.9,5.7
2016-08-15,44.6,1.1,0.0
2016-08-19,29.0,11.1,9.9
2016-08-20,2.0,14.4,15.7
2016-08-21,17.2,8.2,5.3
2016-08-24,15.3,4.3,0.0
2016-08-25,0.0,2.7,0.0
2016-08-31,7.7,17.4,32.9
2016-09-01,0.7,0.8,0.0
2016-09-02,0.0,0.2,0.0
2016-09-04,0.0,8.0,2.8
2016-09-05,26.0,30.7,52.6
2016-09-06,1.5,4.4,0.0
2016-09-07,11.2,5.2,0.0
2016-09-08,5.5,2.6,0.0
2016-09-12,0.0,52.3,77.2
2016-09-13,20.8,12.7,8.0
2016-09-14,6.3,13.3,8.8
2016-09-15,0.2,8.4,2.8
2016-09-16,32.5,15.3,11.2
2016-09-17,0.2,8.2,2.5
2016-09-18,0.2,0.5,0.0
2016-09-19,0.0,12.6,8.4
2016-09-22,0.7,12.2,10.9
2016-09-24,0.0,0.6,0.0
2016-09-25,0.3,1.0,0.0
2016-09-26,0.0,15.5,21.3
2016-09-28,3.2,2.4,0.0
2016-09-29,0.1,3.0,0.0
2016-09-30,0.0,0.9,0.0
2016-10-02,0.0,1.7,0.0
2016-10-04,2.7,2.3,0.0
2016-10-06,3.3,7.1,5.3
2016-10-08,3.5,2.3,0.0
2016-10-11,3.4,2.1,0.0
2016-10-14,44.6,20.0,21.0
2016-10-15,2.5,53.4,70.2
2016-10-16,7.3,33.0,44.7
2016-10-17,1.0,3.6,0.0
2016-10-20,0.5,8.3,4.4
2016-10-21,0.4,0.2,0.0
2016-10-23,36.8,2.4,0.0
2016-10-26,1.6,3.2,0.0
2016-10-28,4.3,0.4,0.0
2016-10-29,5.5,13.5,12.7
2016-10-30,2.1,23.0,38.1
2016-11-01,0.6,25.3,34.7
2016-11-02,21.9,20.0,23.0
2016-11-04,1.8,11.0,6.8
2016-11-05,63.3,17.2,13.6
2016-11-06,9.6,0.8,0.0
2016-11-09,0.1,4.5,1.0
2016-11-11,3.9,12.2,6.4
2016-11-12,19.2,2.2,0.0
2016-11-13,5.5,0.6,0.0
2016-11-16,44.9,0.8,0.0
2016-11-17,0.0,5.3,0.0
2016-11-18,0.1,5.3,0.0
2016-11-21,14.5,8.1,3.3
2016-11-23,1.2,30.7,38.2
2016-11-24,3.7,8.7,3.9
2016-11-26,4.5,16.7,13.7
2016-11-27,4.7,3.2,0.0
2016-11-28,1.9,11.3,7.0
2016-11-29,5.8,14.6,11.0
2016-11-30,0.1,19.8,17.8
2016-12-02,0.0,14.5,9.8
2016-12-03,34.0,10.8,5.6
2016-12-04,19.4,3.4,0.0
2016-12-05,0.0,0.1,0.0
2016-12-06,0.0,10.8,5.6
2016-12-09,0.5,8.0,2.4
2016-12-10,0.2,12.9,8.0
2016-12-11,27.8,5.7,1.7
2016-12-15,1.0,1.9,0.0
2016-12-17,8.2,3.1,0.0
2016-12-18,0.0,0.9,0.0
2016-12-21,0.0,8.5,3.8
2016-12-22,1.6,3.5,0.0
2016-12-23,0.6,16.2,12.2
2016-12-24,8.8,2.7,0.0
2016-12-25,0.6,3.9,0.0
2016-12-28,0.7,1.1,0.0
2016-12-29,1.0,1.4,0.0
2016-12-30,0.0,0.0,0.0
2017-01-02,0.0,3.3,0.0
2017-01-04,0.0,3.6,0.0
2017-01-05,0.1,1.1,0.0
2017-01-07,0.0,0.0,0.0
2017-01-08,0.0,0.0,0.0
2017-01-09,0.1,5.5,1.5
2017-01-10,0.4,1.9,0.0
2017-01-11,0.1,2.6,1.0
2017-01-12,1.7,1.1,0.0
2017-01-14,26.5,0.6,0.0
2017-01-16,61.4,15.1,13.9
2017-01-17,3.7,0.4,0.0
2017-01-19,0.0,22.1,23.5
2017-01-20,19.3,0.1,0.0
2017-01-21,0.0,22.2,27.8
2017-01-22,0.4,27.9,36.8
2017-01-23,13.8,1.1,0.0
2017-01-28,1.0,3.7,2.2
2017-01-29,0.1,0.0,0.0
2017-01-31,0.1,2.2,1.0
2017-02-01,0.5,31.7,45.6
2017-02-02,36.2,0.6,0.0
2017-02-03,0.0,0.4,0.0
2017-02-04,0.0,0.1,0.0
2017-02-05,1.0,0.1,0.0
2017-02-08,0.0,0.2,0.0
2017-02-13,8.8,0.9,0.0
2017-02-14,15.9,4.1,3.0
2017-02-15,6.1,0.5,0.0
2017-02-18,0.1,0.0,0.0
2017-02-19,0.5,0.1,0.0
2017-02-20,0.4,2.9,1.2
2017-02-21,2.2,9.6,8.8
2017-02-22,15.6,10.4,10.0
2017-02-24,81.2,6.4,4.1
2017-02-25,0.1,0.0,0.0
2017-02-26,0.0,4.7,1.9
2017-02-27,11.2,10.3,9.9
2017-02-28,1.3,34.8,58.9
2017-03-01,5.6,7.1,1.0
2017-03-04,0.0,25.5,38.0
2017-03-05,46.6,1.2,0.0
2017-03-06,0.0,20.1,25.0
2017-03-07,37.8,4.4,0.0
2017-03-08,0.2,4.4,0.0
2017-03-09,3.8,12.2,6.2
2017-03-10,0.0,1.7,0.0
2017-03-11,0.0,11.5,6.3
2017-03-12,5.2,8.6,3.4
2017-03-13,0.2,34.8,48.7
2017-03-14,15.4,6.5,1.5
2017-03-15,0.3,24.7,31.8
2017-03-16,6.5,9.4,4.2
2017-03-17,1.6,0.2,0.0
2017-03-18,17.9,10.7,5.5
2017-03-20,39.0,4.7,0.0
2017-03-22,0.0,5.2,0.0
2017-03-23,10.7,0.7,0.0
2017-03-24,0.7,27.9,28.4
2017-03-27,0.2,4.4,0.0
2017-03-28,0.0,2.2,0.0
2017-03-30,2.3,5.4,0.0
2017-04-01,8.8,27.3,44.2
2017-04-02,61.5,25.4,38.7
2017-04-03,11.7,15.0,15.0
2017-04-04,2.7,9.2,6.4
2017-04-05,1.3,26.5,41.2
2017-04-09,0.0,13.2,12.1
2017-04-10,23.6,0.7,0.0
2017-04-11,0.0,5.5,2.2
2017-04-13,17.7,4.3,1.0
2017-04-14,2.3,2.7,0.0
2017-04-15,1.0,6.2,3.0
2017-04-16,38.0,9.8,7.5
2017-04-17,0.4,39.2,58.0
2017-04-18,9.5,5.5,2.2
2017-04-19,0.7,0.8,0.0
2017-04-20,2.0,3.2,0.0
2017-04-21,0.5,16.4,17.3
2017-04-22,5.7,5.3,1.7
2017-04-23,2.1,0.0,0.0
2017-04-26,1.7,28.6,47.3
2017-04-27,59.9,7.6,4.7
2017-04-28,17.2,31.0,50.8
2017-04-29,42.8,5.9,2.5
2017-05-01,3.2,0.5,0.0
2017-05-03,13.2,23.1,25.2
2017-05-04,24.0,8.3,4.7
2017-05-05,5.1,4.1,1.0
2017-05-06,1.8,29.7,33.1
2017-05-07,21.3,5.6,1.8
2017-05-08,0.1,0.4,0.0
2017-05-09,0.0,15.5,13.5
2017-05-10,0.1,43.7,68.3
2017-05-11,10.3,13.9,23.5
2017-05-16,0.8,4.6,0.0
2017-05-17,0.3,0.7,0.0
2017-05-18,2.0,0.8,0.0
2017-05-21,16.1,40.4,111.0
2017-05-22,31.2,4.0,1.0
2017-05-23,0.4,0.0,0.0
2017-05-27,0.4,2.2,0.0
2017-05-28,5.3,8.6,9.5
2017-05-29,32.4,2.6,0.0
2017-05-30,0.0,0.7,0.0
2017-06-02,0.0,13.4,9.4
2017-06-04,0.0,1.5,0.0
2017-06-05,0.0,0.1,0.0
2017-06-08,0.0,0.0,0.0
2017-06-10,0.0,0.5,0.0
2017-06-11,0.1,6.8,2.8
2017-06-12,15.8,4.1,0.0
2017-06-14,74.2,0.3,0.0
2017-06-15,0.1,11.1,9.1
2017-06-16,1.0,0.1,0.0
2017-06-17,0.0,0.0,0.0
2017-06-18,1.5,5.2,1.0
2017-06-20,6.5,4.4,1.0
2017-06-21,2.5,9.7,9.7
2017-06-22,0.8,0.4,0.0
2017-06-23,0.0,2.6,0.0
2017-06-24,0.1,0.6,0.0
2017-06-26,0.0,1.0,0.0
2017-06-27,0.0,2.9,0.0
2017-06-28,19.0,0.9,0.0
2017-06-29,0.0,7.1,7.6
2017-06-30,24.8,0.5,0.0
2017-07-02,0.0,1.9,0.0
2017-07-03,0.3,7.3,6.1
2017-07-04,17.2,7.9,6.5
2017-07-05,2.3,16.8,21.7
2017-07-06,2.5,4.4,1.3
2017-07-07,0.2,6.3,4.1
2017-07-08,0.3,6.1,3.7
2017-07-09,16.2,6.6,4.4
2017-07-10,3.3,14.7,17.6
2017-07-11,0.1,7.2,3.0
2017-07-12,0.7,4.8,1.0
2017-07-14,0.0,5.7,1.2
2017-07-15,0.6,9.0,5.2
2017-07-16,1.2,0.3,0.0
2017-07-17,0.0,0.1,0.0
2017-07-18,0.0,0.8,0.0
2017-07-21,0.0,0.0,0.0
2017-07-22,0.0,0.5,0.0
2017-07-23,9.5,15.4,28.6
2017-07-24,0.2,0.0,0.0
2017-07-26,0.0,0.0,0.0
2017-07-28,0.0,1.3,0.0
2017-08-02,0.0,0.0,0.0
2017-08-04,0.0,0.0,0.0
2017-08-07,12.6,5.1,1.0
2017-08-08,0.0,4.6,0.0
2017-08-09,2.3,1.9,0.0
2017-08-10,0.8,12.3,9.2
2017-08-11,4.7,17.6,26.9
2017-08-12,6.0,5.9,1.8
2017-08-13,3.4,1.4,0.0
2017-08-14,0.0,5.1,1.0
2017-08-16,0.0,4.0,0.0
2017-08-17,7.8,2.6,0.0
2017-08-18,6.6,16.6,19.4
2017-08-19,1.2,5.1,1.0
2017-08-20,1.1,0.3,0.0
2017-08-21,0.0,1.5,0.0
2017-08-22,12.4,5.4,1.0
2017-08-23,8.3,0.3,0.0
2017-08-26,0.2,1.1,0.0
2017-08-27,0.0,0.0,0.0
2017-08-28,0.0,0.1,0.0
2017-08-29,0.6,7.0,3.3
2017-08-30,0.1,0.1,0.0
2017-09-01,3.0,0.0,0.0
2017-09-03,0.0,1.1,0.0
2017-09-06,15.0,10.9,7.1
2017-09-07,5.3,0.1,0.0
2017-09-08,21.2,4.4,0.0
2017-09-09,27.4,1.9,0.0
2017-09-11,0.0,1.2,0.0
2017-09-13,0.0,1.0,0.0
2017-09-14,2.0,0.3,0.0
2017-09-15,0.0,0.5,0.0
2017-09-16,0.0,17.8,26.2
2017-09-17,0.9,24.5,39.4
2017-09-18,0.9,1.0,0.0
2017-09-19,68.2,1.1,0.0
2017-09-20,3.5,6.9,1.3
2017-09-21,1.3,9.7,6.5
2017-09-22,0.6,2.3,0.0
2017-09-24,33.5,25.5,44.5
2017-09-25,3.3,0.0,0.0
2017-09-26,0.0,16.5,24.3
2017-09-27,2.7,6.3,1.6
2017-09-30,16.7,1.0,0.0
2017-10-01,0.0,1.8,0.0
2017-10-02,0.0,5.7,3.0
2017-10-04,6.5,16.0,33.2
2017-10-05,2.1,1.4,0.0
2017-10-06,12.4,1.9,0.0
2017-10-08,61.2,0.5,0.0
2017-10-12,52.1,19.9,21.8
2017-10-13,19.6,4.2,1.0
2017-10-15,0.0,8.3,4.4
2017-10-18,0.0,3.8,0.0
2017-10-19,0.1,1.5,0.0
2017-10-20,0.0,1.2,0.0
2017-10-21,0.0,9.1,5.4
2017-10-22,5.0,13.5,11.9
2017-10-23,0.6,8.7,4.8
2017-10-24,17.0,0.6,0.0
2017-10-26,0.0,16.9,26.2
2017-10-27,2.3,12.1,10.1
2017-10-28,0.2,9.4,5.8
2017-10-29,46.8,24.3,41.1
2017-10-30,0.5,8.1,3.9
2017-10-31,1.8,8.5,4.5
2017-11-01,0.3,4.1,0.0
2017-11-02,0.0,2.7,0.0
2017-11-03,0.0,26.1,35.5
2017-11-05,20.5,2.2,0.0
2017-11-06,0.0,2.6,0.0
2017-11-08,33.8,5.4,1.0
2017-11-09,0.0,69.5,70.0
2017-11-10,50.8,2.4,0.0
2017-11-12,42.6,4.1,0.0
2017-11-13,0.0,3.1,0.0
2017-11-14,0.0,9.2,3.4
2017-11-17,75.3,14.5,8.7
2017-11-18,0.5,22.4,16.8
2017-11-19,32.9,33.5,33.4
2017-11-20,21.0,5.6,0.0
2017-11-21,0.0,2.4,0.0
2017-11-22,0.0,1.8,0.0
2017-11-23,0.0,5.1,1.0
2017-11-24,24.5,31.6,40.3
2017-11-25,15.8,1.8,0.0
2017-11-26,0.8,2.1,0.0
2017-11-28,2.2,19.4,18.3
2017-11-29,15.8,3.4,0.0
2017-11-30,0.0,2.3,0.0
2017-12-02,0.0,4.4,0.0
2017-12-03,5.8,21.0,28.7
2017-12-05,0.0,25.9,36.8
2017-12-06,13.9,14.8,10.2
2017-12-07,1.6,0.4,0.0
2017-12-09,0.2,1.7,0.0
2017-12-11,0.0,21.5,25.3
2017-12-12,80.3,8.3,4.4
2017-12-14,4.2,36.4,45.8
2017-12-15,10.0,30.4,36.9
2017-12-16,29.1,3.5,0.0
2017-12-17,0.2,10.7,7.0
2017-12-18,11.7,0.9,0.0
2017-12-20,0.1,1.6,0.0
2017-12-21,4.5,0.5,0.0
2017-12-22,0.0,4.4,1.0
2017-12-23,4.3,29.7,31.8
2017-12-25,17.9,22.7,23.5
2017-12-26,18.2,1.7,0.0
2017-12-28,0.0,14.3,9.7
2017-12-29,20.2,5.6,1.0
2017-12-30,13.8,2.1,0.0
2018-01-01,2.6,24.7,30.0
2018-01-02,30.5,0.2,0.0
2018-01-04,0.7,3.4,0.0
2018-01-06,2.1,1.5,0.0
2018-01-08,1.2,1.5,0.0
2018-01-09,0.8,14.5,11.0
2018-01-10,11.1,18.8,19.9
2018-01-11,4.3,7.4,5.4
2018-01-12,0.0,7.2,5.2
2018-01-14,0.0,7.6,5.6
2018-01-16,0.0,1.5,0.0
2018-01-19,0.5,1.4,0.0
2018-01-20,0.0,37.6,53.4
2018-01-21,24.9,13.3,12.9
2018-01-22,0.5,6.2,4.9
2018-01-24,0.0,0.1,0.0
2018-01-26,0.0,0.2,0.0
2018-01-28,0.0,39.3,58.8
2018-01-29,43.5,2.0,1.0
2018-01-30,0.3,31.5,42.5
2018-01-31,14.0,0.2,0.0
2018-02-01,0.0,9.4,10.1
2018-02-02,20.8,9.8,10.3
2018-02-03,3.2,9.3,9.8
2018-02-04,15.4,0.0,0.0
2018-02-05,3.5,5.7,4.7
2018-02-06,26.5,0.1,0.0
2018-02-09,0.9,0.0,0.0
2018-02-10,0.0,1.3,0.0
2018-02-11,3.3,0.7,0.0
2018-02-12,0.0,0.0,0.0
2018-02-13,0.1,0.0,0.0
2018-02-16,8.7,0.0,0.0
2018-02-17,0.0,2.0,0.0
2018-02-18,12.2,0.3,0.0
2018-02-20,26.3,0.5,0.0
2018-02-21,0.4,4.1,1.2
2018-02-22,54.3,0.1,0.0
2018-02-24,34.7,0.7,0.0
2018-02-26,3.1,21.3,32.0
2018-02-27,3.2,1.7,0.0
2018-03-01,2.3,26.5,40.7
2018-03-02,34.5,0.5,0.0
2018-03-07,0.0,2.2,0.0
2018-03-09,0.0,3.7,0.0
2018-03-10,1.3,55.3,69.1
2018-03-11,45.1,12.4,7.2
2018-03-12,18.5,10.1,4.9
2018-03-13,2.5,2.1,0.0
2018-03-14,2.0,1.0,0.0
2018-03-15,0.9,1.5,0.0
2018-03-18,22.2,1.7,0.0
2018-03-20,7.2,22.3,27.4
2018-03-21,19.1,33.5,37.7
2018-03-22,25.7,14.7,7.5
2018-03-23,5.3,3.7,0.0
2018-03-25,2.9,12.9,5.7
2018-03-26,15.3,12.3,5.2
2018-03-27,16.5,15.1,7.9
2018-03-28,0.1,14.1,7.0
2018-03-29,38.3,1.5,0.0
2018-03-30,20.2,2.8,0.0
2018-03-31,5.7,8.7,1.9
2018-04-01,9.3,6.1,2.5
2018-04-02,2.7,16.0,16.8
2018-04-03,13.6,9.1,6.2
2018-04-04,38.3,0.9,0.0
2018-04-05,1.5,1.2,0.0
2018-04-06,0.0,0.0,0.0
2018-04-07,0.0,8.6,5.5
2018-04-09,26.6,11.8,10.0
2018-04-10,0.8,2.8,0.0
2018-04-12,0.0,16.2,21.0
2018-04-13,2.7,0.1,0.0
2018-04-14,0.5,3.4,0.0
2018-04-15,5.7,7.6,4.7
2018-04-16,3.8,4.7,1.2
2018-04-17,49.9,1.1,0.0
2018-04-18,0.0,9.4,7.0
2018-04-19,21.7,5.0,1.6
2018-04-20,0.0,7.3,4.4
2018-04-21,0.0,1.9,0.0
2018-04-23,0.0,9.2,6.8
2018-04-24,5.1,5.4,1.9
2018-04-26,0.0,30.1,49.8
2018-04-27,38.3,3.6,1.0
2018-04-28,0.5,0.2,0.0
2018-04-29,0.0,0.0,0.0
2018-04-30,0.0,0.0,0.0
2018-05-02,0.0,1.9,0.0
2018-05-03,7.7,1.9,0.0
2018-05-06,19.8,0.1,0.0
2018-05-07,0.0,0.4,0.0
2018-05-08,0.0,1.1,0.0
2018-05-10,0.0,1.5,0.0
2018-05-11,3.6,6.2,1.6
2018-05-12,0.0,15.5,30.2
2018-05-13,6.3,4.7,0.0
2018-05-14,0.2,11.8,12.5
2018-05-15,48.5,5.1,1.0
2018-05-16,7.1,1.3,0.0
2018-05-17,21.5,4.3,0.0
2018-05-18,0.8,5.7,1.0
2018-05-19,2.5,4.2,0.0
2018-05-23,9.0,30.4,81.6
2018-05-24,73.7,2.3,0.0
2018-05-26,14.4,3.4,0.0
2018-05-27,18.1,5.2,2.0
2018-05-28,15.5,3.8,1.0
2018-05-30,14.0,15.4,30.7
2018-05-31,23.9,1.8,0.0
2018-06-02,24.5,1.7,0.0
2018-06-06,0.0,0.0,0.0
2018-06-07,0.0,0.0,0.0
2018-06-10,2.8,0.0,0.0
2018-06-11,0.0,1.1,0.0
2018-06-12,0.0,9.5,6.4
2018-06-13,24.4,6.6,2.6
2018-06-14,4.1,0.8,0.0
2018-06-16,0.0,2.0,0.0
2018-06-17,0.0,1.1,0.0
2018-06-19,7.4,2.5,0.0
2018-06-23,0.0,3.9,1.0
2018-06-24,0.0,46.2,85.8
2018-06-25,13.4,4.4,1.5
2018-06-28,9.7,4.5,1.5
2018-06-30,0.0,0.7,0.0
2018-07-02,7.2,1.7,0.0
2018-07-05,0.0,0.0,0.0
2018-07-06,0.0,0.0,0.0
2018-07-07,0.0,0.3,0.0
2018-07-11,20.1,0.4,0.0
2018-07-12,0.0,0.0,0.0
2018-07-18,0.0,0.2,0.0
2018-07-19,0.0,0.2,0.0
2018-07-21,0.0,0.0,0.0
2018-07-24,0.0,0.0,0.0
2018-07-25,0.0,0.6,0.0
2018-07-29,0.0,0.0,0.0
2018-07-30,0.0,3.3,0.0
2018-07-31,4.0,10.0,9.3
2018-08-03,0.0,0.3,0.0
2018-08-04,0.0,0.1,0.0
2018-08-05,0.0,0.2,0.0
2018-08-06,0.0,0.0,0.0
2018-08-08,0.5,0.9,0.0
2018-08-09,0.0,0.9,0.0
2018-08-10,0.0,0.1,0.0
2018-08-11,0.0,0.0,0.0
2018-08-12,0.0,0.0,0.0
2018-08-13,2.8,0.0,0.0
2018-08-16,0.0,0.0,0.0
2018-08-17,0.0,0.0,0.0
2018-08-18,0.0,0.9,0.0
2018-08-21,0.0,0.0,0.0
2018-08-22,0.0,20.3,42.0
2018-08-23,10.2,1.1,0.0
2018-08-24,0.4,23.0,50.7
2018-08-25,32.3,58.8,88.3
2018-08-26,15.8,0.2,0.0
2018-08-27,0.0,0.0,0.0
2018-08-29,0.0,0.3,0.0
2018-09-01,10.5,0.4,0.0
2018-09-02,0.0,7.2,2.0
2018-09-03,2.0,3.2,0.0
2018-09-04,1.8,24.4,38.7
2018-09-05,9.0,1.3,0.0
2018-09-08,96.2,17.3,21.4
2018-09-09,1.4,2.8,0.0
2018-09-10,0.5,2.2,0.0
2018-09-11,1.4,29.9,48.5
2018-09-12,36.3,2.0,0.0
2018-09-14,0.0,0.0,0.0
2018-09-15,0.0,0.0,0.0
2018-09-16,0.0,0.1,0.0
2018-09-17,0.0,3.2,0.0
2018-09-19,0.1,24.1,38.7
2018-09-20,37.2,17.0,13.8
2018-09-21,1.2,42.9,69.2
2018-09-22,21.3,0.0,0.0
2018-09-26,0.0,8.5,4.6
2018-09-27,0.1,2.6,0.0
2018-09-28,0.0,1.2,0.0
2018-09-29,0.0,0.6,0.0
2018-10-03,0.0,2.6,0.0
2018-10-04,0.0,0.5,0.0
2018-10-08,17.0,13.5,25.2
2018-10-09,3.8,12.1,13.9
2018-10-10,4.4,1.1,0.0
2018-10-12,8.4,41.7,57.9
2018-10-13,4.7,11.9,8.6
2018-10-14,6.3,19.2,17.4
2018-10-16,0.0,0.2,0.0
2018-10-17,0.0,1.3,0.0
2018-10-19,0.5,11.1,7.6
2018-10-20,12.5,2.4,0.0
2018-10-21,8.9,5.6,1.0
2018-10-22,0.0,5.3,1.0
2018-10-25,9.5,10.7,7.8
2018-10-26,3.0,0.8,0.0
2018-10-27,0.0,10.9,8.2
2018-10-28,0.1,12.5,10.6
2018-10-29,12.0,1.2,0.0
2018-10-31,36.0,13.9,13.7
2018-11-01,10.6,8.8,4.4
2018-11-03,53.9,0.6,0.0
2018-11-04,4.8,18.7,15.2
2018-11-05,3.6,4.0,0.0
2018-11-06,29.2,56.4,64.9
2018-11-07,40.4,5.3,1.0
2018-11-08,0.0,5.0,1.0
2018-11-09,0.3,6.3,1.8
2018-11-10,0.0,17.7,14.9
2018-11-11,10.3,25.5,24.2
2018-11-12,6.0,35.2,36.1
2018-11-13,16.3,2.2,0.0
2018-11-14,0.0,51.1,53.0
2018-11-15,26.0,6.5,1.0
2018-11-17,36.5,14.1,8.3
2018-11-18,0.6,38.2,39.9
2018-11-19,30.4,5.2,0.0
2018-11-20,0.2,0.5,0.0
2018-11-21,6.3,5.4,1.0
2018-11-22,2.1,15.1,11.6
2018-11-23,7.8,14.7,11.2
2018-11-24,18.6,2.5,0.0
2018-11-25,0.1,0.6,0.0
2018-11-26,5.8,3.4,0.0
2018-11-27,1.5,3.6,0.0
2018-11-28,18.2,16.1,13.0
2018-11-29,59.0,11.7,7.5
2018-11-30,0.4,23.4,28.0
2018-12-01,43.1,1.6,0.0
2018-12-02,0.0,0.7,0.0
2018-12-03,0.0,10.8,5.5
2018-12-04,33.8,24.7,35.4
2018-12-05,4.0,12.0,6.9
2018-12-06,5.7,12.1,7.1
2018-12-07,18.2,12.4,7.4
2018-12-08,8.5,14.4,9.7
2018-12-09,14.2,1.9,0.0
2018-12-10,0.2,5.9,1.0
2018-12-11,0.1,3.3,0.0
2018-12-12,2.0,7.6,3.7
2018-12-13,0.9,1.5,0.0
2018-12-16,7.0,37.4,49.0
2018-12-17,53.7,4.7,1.0
2018-12-19,21.8,30.2,37.0
2018-12-20,41.3,5.4,1.5
2018-12-22,0.0,0.4,0.0
2018-12-25,0.6,2.7,0.0
2018-12-27,0.0,13.6,9.0
2018-12-28,0.4,8.9,4.2
2018-12-31,16.5,9.0,4.3
2019-01-01,7.6,2.6,0.0
2019-01-03,0.0,2.6,0.0
2019-01-06,0.0,7.3,3.3
2019-01-07,5.0,0.0,0.0
2019-01-09,11.2,14.3,10.9
2019-01-10,24.1,5.3,1.3
2019-01-11,22.8,0.0,0.0
2019-01-14,2.7,28.8,35.4
2019-01-15,42.0,10.6,9.5
2019-01-16,8.1,0.3,0.0
2019-01-19,0.2,0.0,0.0
2019-01-21,8.2,3.5,2.0
2019-01-24,7.7,3.3,1.8
2019-01-26,0.0,0.0,0.0
2019-01-28,2.3,0.4,0.0
2019-01-29,1.0,30.0,40.1
2019-01-30,17.8,9.9,9.1
2019-01-31,12.4,1.5,1.0
2019-02-01,0.0,0.4,0.0
2019-02-03,0.5,2.4,1.0
2019-02-04,8.4,0.0,0.0
2019-02-05,1.6,35.8,49.0
2019-02-06,11.2,3.3,1.5
2019-02-07,3.7,0.8,0.0
2019-02-08,0.0,9.9,11.0
2019-02-09,36.6,0.9,0.0
2019-02-10,0.1,23.8,36.7
2019-02-11,27.2,2.6,1.0
2019-02-12,0.2,1.2,0.0
2019-02-15,0.4,4.7,3.8
2019-02-16,7.6,31.5,43.8
2019-02-17,60.0,21.4,28.0
2019-02-18,9.2,4.8,3.9
2019-02-20,45.1,1.1,0.0
2019-02-21,0.1,2.1,0.0
2019-02-24,6.3,5.2,2.6
2019-02-27,38.2,36.1,61.8
2019-02-28,34.8,5.7,3.2
2019-03-01,0.0,11.5,5.3
2019-03-02,2.6,0.5,0.0
2019-03-03,0.2,1.1,0.0
2019-03-05,0.1,0.3,0.0
2019-03-07,1.0,2.3,0.0
2019-03-08,0.0,0.1,0.0
2019-03-11,4.4,0.0,0.0
2019-03-12,0.0,6.2,1.2
2019-03-14,23.4,1.3,0.0
2019-03-15,0.0,0.4,0.0
2019-03-16,0.0,1.4,0.0
2019-03-17,0.0,13.0,7.9
2019-03-20,0.0,1.6,0.0
2019-03-22,6.2,0.8,0.0
2019-03-23,0.7,17.6,10.4
2019-03-24,8.4,0.9,0.0
2019-03-26,2.3,6.8,1.0
2019-03-28,56.3,0.2,0.0
2019-03-29,0.0,10.2,3.3
2019-03-30,15.2,21.0,14.3
2019-03-31,22.1,28.1,29.8
2019-04-01,4.2,1.1,0.0
2019-04-02,0.1,15.1,14.6
2019-04-03,1.5,4.7,1.0
2019-04-04,31.5,19.7,30.0
2019-04-05,14.3,24.0,37.9
2019-04-07,0.0,0.0,0.0
2019-04-09,0.0,10.6,8.4
2019-04-11,39.5,11.5,10.0
2019-04-13,41.2,6.8,3.7
2019-04-15,16.5,7.9,5.1
2019-04-16,2.8,49.9,68.7
2019-04-17,69.8,0.2,0.0
2019-04-19,0.0,16.2,22.9
2019-04-20,46.9,10.3,8.2
2019-04-21,1.4,3.0,0.0
2019-04-22,1.6,6.6,3.3
2019-04-23,16.7,6.4,3.1
2019-04-24,0.3,0.4,0.0
2019-04-25,0.0,16.5,17.9
2019-04-26,7.6,47.0,67.6
2019-04-27,34.6,23.2,37.0
2019-04-28,0.1,0.0,0.0
2019-04-30,13.1,1.0,0.0
2019-05-01,0.0,0.3,0.0
2019-05-02,0.0,4.3,1.0
2019-05-03,0.0,30.7,35.2
2019-05-04,16.7,9.9,6.4
2019-05-05,21.6,8.8,5.2
2019-05-06,14.2,0.5,0.0
2019-05-07,0.0,0.5,0.0
2019-05-09,0.0,0.7,0.0
2019-05-12,37.4,10.2,7.9
2019-05-13,0.0,0.1,0.0
2019-05-14,0.0,0.8,0.0
2019-05-17,0.8,6.0,1.3
2019-05-18,0.4,2.1,0.0
2019-05-19,0.4,1.1,0.0
2019-05-20,0.0,0.7,0.0
2019-05-22,0.0,9.5,11.3
2019-05-23,17.9,0.0,0.0
2019-05-24,0.0,6.2,3.8
2019-05-25,0.2,4.5,1.0
2019-05-26,1.6,0.3,0.0
2019-05-27,2.2,1.0,0.0
2019-05-28,2.4,0.0,0.0
2019-05-29,4.0,13.6,24.6
2019-05-30,28.8,0.4,0.0
2019-05-31,0.0,6.8,5.0
2019-06-01,12.0,21.8,37.1
2019-06-02,5.1,7.0,2.2
2019-06-03,4.1,4.6,0.0
2019-06-04,0.0,0.5,0.0
2019-06-06,3.3,14.7,19.4
2019-06-08,0.0,1.6,0.0
2019-06-10,0.0,0.8,0.0
2019-06-11,0.0,14.5,14.2
2019-06-12,20.4,35.6,61.5
2019-06-13,9.2,3.2,0.0
2019-06-14,0.0,3.4,0.0
2019-06-15,0.2,17.9,23.0
2019-06-16,15.7,0.0,0.0
2019-06-17,0.0,0.9,0.0
2019-06-18,4.9,3.8,0.0
2019-06-19,25.6,2.4,0.0
2019-06-21,38.7,0.5,0.0
2019-06-22,0.0,16.6,35.6
2019-06-23,1.6,0.8,0.0
2019-06-24,0.0,0.3,0.0
2019-06-25,0.0,0.1,0.0
2019-06-26,0.0,0.0,0.0
2019-07-01,0.0,0.7,0.0
2019-07-02,0.0,0.1,0.0
2019-07-04,0.0,0.0,0.0
2019-07-06,0.0,6.5,4.3
2019-07-07,14.8,1.1,0.0
2019-07-08,2.0,5.9,3.5
2019-07-09,3.0,0.0,0.0
2019-07-12,0.0,0.0,0.0
2019-07-14,0.0,0.0,0.0
2019-07-16,0.3,0.0,0.0
2019-07-18,0.0,0.0,0.0
2019-07-20,0.0,0.1,0.0
2019-07-22,0.6,0.0,0.0
2019-07-23,0.1,0.1,0.0
2019-07-24,0.0,1.8,0.0
2019-07-25,0.0,0.0,0.0
2019-07-26,0.0,0.5,0.0
2019-07-30,0.0,0.1,0.0
2019-08-01,0.0,0.0,0.0
2019-08-03,0.0,0.0,0.0
2019-08-05,0.0,0.4,0.0
2019-08-07,0.0,5.5,1.0
2019-08-09,0.0,1.8,0.0
2019-08-10,0.0,0.0,0.0
2019-08-12,0.0,0.0,0.0
2019-08-13,0.0,0.0,0.0
2019-08-15,0.0,0.0,0.0
2019-08-17,0.0,0.9,0.0
2019-08-19,0.0,0.0,0.0
2019-08-21,0.0,0.0,0.0
2019-08-23,0.0,0.9,0.0
2019-08-25,0.0,2.8,0.0
2019-08-27,0.0,16.9,32.0
2019-08-28,2.8,3.0,0.0
2019-08-29,0.0,0.5,0.0
2019-08-31,0.0,0.3,0.0
2019-09-02,0.0,0.3,0.0
2019-09-03,0.0,0.0,0.0
2019-09-04,0.0,0.0,0.0
2019-09-06,0.0,0.0,0.0
2019-09-08,0.0,5.1,0.0
2019-09-10,0.0,0.0,0.0
2019-09-12,0.0,0.0,0.0
2019-09-14,0.0,2.2,0.0
2019-09-15,0.0,0.0,0.0
2019-09-16,0.0,0.3,0.0
2019-09-17,0.0,0.0,0.0
2019-09-18,0.0,0.0,0.0
2019-09-20,0.0,0.0,0.0
2019-09-21,0.0,0.0,0.0
2019-09-22,0.0,0.0,0.0
2019-09-24,1.5,4.5,0.0
2019-09-25,6.1,1.4,0.0
2019-09-26,9.0,2.6,0.0
2019-09-27,0.1,4.5,0.0
2019-09-28,10.0,1.2,0.0
2019-09-29,11.3,5.2,1.0
2019-09-30,10.0,0.0,0.0
2019-10-01,0.2,2.7,0.0
2019-10-02,0.0,4.1,1.0
2019-10-03,11.3,2.8,0.0
2019-10-04,0.3,0.6,0.0
2019-10-07,11.4,2.8,0.0
2019-10-08,6.9,1.6,0.0
2019-10-11,0.0,0.0,0.0
2019-10-12,0.0,0.0,0.0
2019-10-15,0.0,0.0,0.0
2019-10-17,38.3,4.5,1.0
2019-10-18,6.4,1.0,0.0
2019-10-20,0.0,6.4,2.2
2019-10-21,23.5,9.5,6.0
2019-10-22,16.8,1.2,0.0
2019-10-24,0.0,0.8,0.0
2019-10-27,0.8,0.9,0.0
2019-10-30,42.3,28.7,48.5
2019-10-31,18.0,4.7,0.0
2019-11-01,18.9,2.8,0.0
2019-11-02,0.2,6.7,2.2
2019-11-03,0.2,1.4,0.0
2019-11-05,4.0,11.4,7.2
2019-11-06,1.4,1.1,0.0
2019-11-07,0.0,1.8,0.0
2019-11-08,0.0,2.2,0.0
2019-11-11,12.5,3.5,0.0
2019-11-12,0.4,4.2,0.0
2019-11-14,0.0,15.9,10.1
2019-11-15,3.6,8.4,2.6
2019-11-16,32.0,0.5,0.0
2019-11-17,0.0,1.4,0.0
2019-11-19,3.7,4.8,0.0
2019-11-21,7.6,0.9,0.0
2019-11-22,2.0,2.9,0.0
2019-11-23,1.8,2.5,0.0
2019-11-24,10.0,4.4,0.0
2019-11-25,1.0,2.8,0.0
2019-11-26,0.0,9.9,5.3
2019-11-27,2.4,5.3,1.0
2019-11-29,6.3,8.1,3.3
2019-11-30,7.2,0.0,0.0
2019-12-01,0.0,3.7,0.0
2019-12-02,26.9,8.8,3.3
2019-12-03,50.4,2.2,0.0
2019-12-05,0.8,0.8,0.0
2019-12-06,2.4,11.0,5.8
2019-12-07,3.5,24.4,34.6
2019-12-08,3.4,4.6,0.0
2019-12-10,0.4,3.6,0.0
2019-12-11,2.2,4.2,1.0
2019-12-12,2.2,13.5,10.1
2019-12-13,5.8,15.2,12.0
2019-12-14,4.8,1.3,0.0
2019-12-16,0.0,9.9,6.2
2019-12-18,0.2,20.0,23.3
2019-12-19,1.2,1.4,0.0
2019-12-20,0.0,1.7,0.0
2019-12-21,6.5,14.7,10.1
2019-12-23,23.4,2.4,0.0
2019-12-25,2.5,0.2,0.0
2019-12-26,0.0,7.5,2.8
2019-12-27,2.6,9.0,4.3
2019-12-28,1.7,1.1,0.0
2019-12-29,0.0,4.3,0.0
2019-12-30,6.6,2.5,0.0
2019-12-31,0.0,1.8,0.0
2020-01-01,0.6,0.4,0.0
2020-01-02,3.6,34.1,46.6
2020-01-03,16.0,6.8,2.7
2020-01-04,1.0,5.1,1.1
2020-01-10,9.7,13.5,10.2
2020-01-11,14.9,2.5,1.0
2020-01-12,0.0,0.4,0.0
2020-01-13,0.0,0.0,0.0
2020-01-19,8.2,10.0,8.6
2020-01-20,7.4,0.0,0.0
2020-01-21,2.5,7.8,6.7
2020-01-23,11.7,7.8,6.7
2020-01-24,2.1,0.1,0.0
2020-01-25,0.2,0.0,0.0
2020-01-27,3.4,22.1,27.6
2020-01-28,27.1,1.2,0.0
2020-01-29,33.4,13.2,13.0
2020-01-30,6.8,1.8,1.0
2020-01-31,1.5,3.5,2.0
2020-02-01,3.2,0.0,0.0
2020-02-03,5.2,0.1,0.0
2020-02-05,0.0,0.0,0.0
2020-02-06,0.0,1.0,0.0
2020-02-11,0.0,3.2,1.7
2020-02-12,0.2,7.3,7.3
2020-02-15,0.0,0.1,0.0
2020-02-17,0.0,24.7,32.7
2020-02-18,4.9,1.9,0.0
2020-02-19,0.1,2.1,0.0
2020-02-20,8.5,1.1,0.0
2020-02-21,4.7,1.1,0.0
2020-02-22,17.2,0.4,0.0
2020-02-23,4.5,0.9,0.0
2020-02-24,3.1,6.7,4.7
2020-02-25,35.9,0.0,0.0
2020-02-26,1.5,0.0,0.0
2020-02-27,0.3,0.0,0.0
2020-02-29,0.0,0.0,0.0
2020-03-01,0.0,2.6,0.0
2020-03-02,0.0,0.5,0.0
2020-03-04,0.0,19.4,23.2
2020-03-05,15.4,12.3,6.3
2020-03-07,3.0,4.3,0.0
2020-03-08,0.0,26.7,40.7
2020-03-09,57.1,4.4,0.0
2020-03-13,0.0,0.7,0.0
2020-03-17,3.8,6.3,1.2
2020-03-18,20.0,9.5,4.2
2020-03-19,16.4,37.9,52.4
2020-03-20,4.0,12.5,7.3
2020-03-21,0.9,8.5,1.7
2020-03-22,47.8,3.3,0.0
2020-03-24,1.4,13.9,6.7
2020-03-25,0.1,1.4,0.0
2020-03-26,0.0,1.3,0.0
2020-03-27,7.4,22.9,16.2
2020-03-28,23.7,6.7,1.0
2020-03-29,0.1,0.2,0.0
2020-03-31,21.5,0.4,0.0
2020-04-01,9.2,0.7,0.0
2020-04-02,11.5,11.8,10.1
2020-04-03,14.2,5.9,2.3
2020-04-05,0.0,39.3,64.6
2020-04-06,39.5,13.5,12.5
2020-04-07,39.0,0.0,0.0
2020-04-09,0.1,6.0,2.3
2020-04-10,0.4,2.0,0.0
2020-04-11,5.3,1.3,0.0
2020-04-12,0.4,7.4,4.5
2020-04-13,0.4,15.2,15.2
2020-04-14,23.4,2.5,0.0
2020-04-15,0.3,15.6,14.9
2020-04-16,0.4,0.1,0.0
2020-04-17,0.0,1.8,0.0
2020-04-18,0.1,1.6,0.0
2020-04-22,0.0,2.9,0.0
2020-04-23,4.8,12.4,11.1
2020-04-24,0.0,1.8,0.0
2020-04-26,13.2,36.2,57.8
2020-04-27,5.8,0.5,0.0
2020-04-28,0.0,9.1,6.6
2020-04-29,13.9,13.5,13.2
2020-04-30,31.3,4.2,1.0
2020-05-01,0.3,11.8,8.7
2020-05-03,2.0,6.6,2.8
2020-05-04,0.6,0.6,0.0
2020-05-05,0.0,16.9,15.4
2020-05-06,22.4,9.1,5.6
2020-05-07,3.4,27.8,30.5
2020-05-08,25.7,18.3,20.0
2020-05-09,5.9,15.1,12.3
2020-05-10,8.8,2.3,0.0
2020-05-11,2.6,0.0,0.0
2020-05-14,7.0,6.2,1.5
2020-05-15,24.0,0.2,0.0
2020-05-16,12.4,0.2,0.0
2020-05-17,2.2,25.8,61.0
2020-05-18,52.8,2.9,0.0
2020-05-21,24.0,0.3,0.0
2020-05-22,0.0,18.0,39.7
2020-05-23,20.9,3.8,1.0
2020-05-25,1.3,6.3,3.9
2020-05-26,0.2,4.4,1.0
2020-05-27,1.6,3.4,0.0
2020-05-28,0.0,2.3,0.0
2020-05-29,0.0,5.3,2.3
2020-05-30,0.2,0.5,0.0
2020-05-31,0.4,0.4,0.0
2020-06-01,0.4,6.1,1.3
2020-06-04,1.8,42.6,52.6
2020-06-05,61.6,1.8,0.0
2020-06-06,0.3,0.5,0.0
2020-06-07,0.7,0.1,0.0
2020-06-09,0.0,0.4,0.0
2020-06-11,0.0,0.0,0.0
2020-06-12,5.8,0.0,0.0
2020-06-14,1.6,0.1,0.0
2020-06-16,5.6,1.6,0.0
2020-06-17,9.4,3.7,0.0
2020-06-18,2.0,1.0,0.0
2020-06-19,2.7,0.0,0.0
2020-06-21,1.2,5.0,2.4
2020-06-22,0.3,9.5,10.2
2020-06-23,1.2,4.4,1.5
2020-06-24,0.4,3.2,0.0
2020-06-29,0.1,0.5,0.0
2020-07-04,0.0,2.0,0.0
2020-07-06,1.4,6.3,4.1
2020-07-07,8.5,12.1,14.2
2020-07-08,28.1,21.8,34.4
2020-07-09,29.0,16.1,19.2
2020-07-10,1.2,7.0,5.1
2020-07-14,75.8,26.0,35.1
2020-07-15,1.5,1.3,0.0
2020-07-16,0.0,1.7,0.0
2020-07-17,4.5,8.8,4.9
2020-07-18,11.1,2.1,0.0
2020-07-19,23.5,7.8,3.7
2020-07-20,2.8,4.0,0.0
2020-07-21,0.0,3.1,0.0
2020-07-24,1.9,4.3,0.0
2020-07-25,1.2,0.0,0.0
2020-07-28,0.0,0.9,0.0
2020-07-29,0.3,0.4,0.0
2020-08-04,0.0,15.7,21.6
2020-08-05,30.3,9.3,5.2
2020-08-10,0.0,15.3,12.2
2020-08-13,9.6,6.8,3.2
2020-08-14,0.0,6.6,2.7
2020-08-16,1.8,0.6,0.0
2020-08-18,12.5,1.8,0.0
2020-08-19,0.0,0.3,0.0
2020-08-20,0.0,0.2,0.0
2020-08-25,0.0,0.4,0.0
2020-08-27,13.9,0.1,0.0
2020-08-30,1.8,2.1,0.0
2020-08-31,26.0,0.1,0.0
2020-09-03,1.0,25.3,41.8
2020-09-04,5.9,7.8,2.6
2020-09-05,26.3,30.5,53.0
2020-09-06,6.7,0.4,0.0
2020-09-10,50.3,9.6,5.6
2020-09-11,4.4,5.3,0.0
2020-09-12,1.2,2.1,0.0
2020-09-13,0.2,45.4,69.9
2020-09-14,28.2,4.4,0.0
2020-09-28,1.5,8.3,4.4
2020-09-29,16.8,2.9,0.0
2020-10-01,4.0,7.5,6.0
2020-10-02,9.2,10.0,11.1
2020-10-03,24.6,9.8,9.9
2020-10-04,0.0,0.3,0.0
2020-10-06,12.6,5.9,3.3
2020-10-07,56.1,9.2,9.6
2020-10-08,18.9,19.8,42.4
2020-10-09,31.1,8.7,8.0
2020-10-10,1.3,1.9,0.0
2020-10-11,2.9,13.2,10.1
2020-10-13,0.3,0.3,0.0
2020-10-14,0.0,1.4,0.0
2020-10-15,0.0,2.0,0.0
2020-10-20,13.2,39.0,54.2
2020-10-21,83.5,5.4,1.0
2020-10-22,0.9,19.1,30.3
2020-10-23,0.5,3.1,0.0
2020-10-24,0.0,42.9,74.0
2020-10-25,32.2,3.7,0.0
2020-10-26,42.4,3.6,0.0
2020-10-29,6.3,8.4,4.4
2020-10-30,3.1,4.7,0.0
2020-10-31,3.6,7.1,2.5
2020-11-01,25.4,0.5,0.0
2020-11-03,16.2,21.1,25.4
2020-11-04,12.9,0.9,0.0
2020-11-06,0.0,0.1,0.0
2020-11-07,0.0,12.3,8.2
2020-11-08,5.6,3.9,0.0
2020-11-09,1.3,23.7,31.5
2020-11-10,10.7,2.5,0.0
2020-11-12,0.0,0.0,0.0
2020-11-13,0.0,0.3,0.0
2020-11-15,10.5,48.9,50.9
2020-11-16,18.2,6.9,1.2
2020-11-17,5.9,1.3,0.0
2020-11-18,0.0,13.4,7.6
2020-11-19,1.8,15.4,9.6
2020-11-20,16.2,11.7,5.9
2020-11-21,7.3,24.5,29.1
2020-11-22,47.8,9.5,4.8
2020-11-23,7.4,15.8,12.6
2020-11-24,0.7,11.6,7.3
2020-11-25,2.0,18.3,15.7
2020-11-26,20.4,25.1,30.2
2020-11-27,46.0,15.3,11.9
2020-11-28,0.5,61.8,91.2
2020-11-29,15.3,20.1,18.2
2020-11-30,18.2,2.3,0.0
2020-12-01,0.0,1.1,0.0
2020-12-02,0.0,0.3,0.0
2020-12-03,0.0,5.0,0.0
2020-12-07,0.0,2.7,0.0
2020-12-09,62.6,3.6,0.0
2020-12-10,1.6,19.2,26.3
2020-12-11,23.6,2.4,0.0
2020-12-13,0.0,2.7,0.0
2020-12-15,0.4,18.0,21.1
2020-12-16,10.5,20.4,23.6
2020-12-17,0.5,16.6,13.4
2020-12-18,0.1,5.4,1.5
2020-12-19,1.8,22.1,25.8
2020-12-20,28.5,0.3,0.0
2020-12-23,0.0,44.4,52.3
2020-12-24,27.6,3.2,0.0
2020-12-25,0.3,2.6,0.0
2020-12-26,0.0,32.0,34.9
2020-12-27,26.7,26.5,27.9
2020-12-28,31.0,78.3,91.1
2020-12-29,9.0,5.2,1.0
2020-12-31,97.5,29.4,29.9
2021-01-01,2.7,12.5,9.0
2021-01-02,0.1,4.8,1.0
2021-01-03,6.0,36.5,50.8
2021-01-04,79.5,6.5,2.5
2021-01-05,0.1,0.3,0.0
2021-01-07,14.0,0.0,0.0
2021-01-09,3.0,11.1,7.3
2021-01-10,0.1,1.6,0.0
2021-01-12,1.0,54.3,106.3
2021-01-13,19.3,25.7,29.2
2021-01-14,6.7,16.6,16.1
2021-01-15,1.3,4.3,2.0
2021-01-16,2.6,4.7,2.4
2021-01-17,0.0,6.0,3.8
2021-01-18,24.1,0.2,0.0
2021-01-20,0.5,0.1,0.0
2021-01-22,0.0,0.1,0.0
2021-01-24,0.0,0.3,0.0
2021-01-27,1.3,3.6,2.1
2021-01-29,4.6,6.9,5.7
2021-01-31,0.4,1.0,0.0
2021-02-01,0.0,0.3,0.0
2021-02-02,0.5,3.9,2.3
2021-02-03,1.9,3.0,1.2
2021-02-04,0.0,0.2,0.0
2021-02-05,0.0,0.8,0.0
2021-02-06,0.0,0.0,0.0
2021-02-07,2.7,0.9,0.0
2021-02-08,0.2,0.0,0.0
2021-02-09,0.0,0.0,0.0
2021-02-11,0.1,0.2,0.0
2021-02-12,3.0,0.0,0.0
2021-02-13,3.5,0.0,0.0
2021-02-14,16.0,0.0,0.0
2021-02-18,3.1,0.9,0.0
2021-02-19,6.0,0.0,0.0
2021-02-22,1.0,0.0,0.0
2021-02-24,1.8,0.0,0.0
2021-02-26,8.0,0.1,0.0
2021-03-02,45.2,2.0,0.0
2021-03-05,21.5,2.3,0.0
2021-03-06,0.0,15.5,10.5
2021-03-07,59.2,2.1,0.0
2021-03-08,10.6,3.6,0.0
2021-03-09,8.9,0.0,0.0
2021-03-10,0.5,0.0,0.0
2021-03-11,0.0,0.0,0.0
2021-03-13,9.4,5.2,1.0
2021-03-14,40.1,10.2,5.0
2021-03-15,1.0,6.4,1.3
2021-03-16,0.5,9.8,4.5
2021-03-17,16.4,1.8,0.0
2021-03-18,0.4,2.7,0.0
2021-03-19,1.0,3.4,0.0
2021-03-20,5.2,31.5,43.1
2021-03-21,62.9,6.8,1.0
2021-03-22,4.5,0.3,0.0
2021-03-23,0.0,2.5,0.0
2021-03-24,0.4,10.7,3.7
2021-03-25,7.9,1.9,0.0
2021-03-26,3.0,24.1,22.3
2021-03-27,20.0,7.3,1.0
2021-03-28,0.6,0.5,0.0
2021-03-30,0.1,35.4,40.3
2021-03-31,37.8,7.1,1.0
2021-04-01,0.1,0.1,0.0
2021-04-02,0.0,1.2,0.0
2021-04-05,0.0,7.7,4.4
2021-04-06,2.6,5.0,1.3
2021-04-07,37.1,17.8,18.8
2021-04-08,50.6,6.5,3.0
2021-04-09,1.8,5.9,2.3
2021-04-10,35.1,6.6,3.0
2021-04-11,1.5,3.2,0.0
2021-04-12,1.8,0.0,0.0
2021-04-13,0.0,10.3,8.2
2021-04-14,0.4,7.0,3.9
2021-04-15,1.2,5.1,1.7
2021-04-17,21.4,28.1,43.9
2021-04-18,5.9,8.3,5.6
2021-04-20,21.8,22.7,34.3
2021-04-21,8.8,0.0,0.0
2021-04-22,0.0,9.5,7.2
2021-04-27,0.0,0.2,0.0
2021-04-28,1.0,5.5,2.0
2021-04-30,46.3,5.3,1.8
2021-05-01,1.4,0.8,0.0
2021-05-02,0.1,5.0,1.1
2021-05-04,2.3,4.7,1.0
2021-05-05,12.4,5.5,1.6
2021-05-06,3.4,3.6,0.0
2021-05-08,9.6,4.5,1.0
2021-05-09,7.5,0.0,0.0
2021-05-11,0.0,5.9,1.2
2021-05-12,2.5,10.0,8.3
2021-05-14,14.2,2.1,0.0
2021-05-15,4.0,0.6,0.0
2021-05-18,41.2,10.8,9.1
2021-05-21,5.0,38.0,104.2
2021-05-22,88.5,7.9,7.0
2021-05-23,3.6,1.1,0.0
2021-05-25,0.0,0.0,0.0
2021-05-26,0.0,2.5,0.0
2021-05-28,0.7,3.2,0.0
2021-05-29,4.2,14.9,28.4
2021-05-30,13.8,0.5,0.0
2021-05-31,17.5,6.9,5.1
2021-06-01,0.2,2.2,0.0
2021-06-04,4.8,0.0,0.0
2021-06-05,0.0,0.0,0.0
2021-06-06,0.0,1.4,0.0
2021-06-10,0.0,0.4,0.0
2021-06-11,0.0,3.4,0.0
2021-06-13,0.1,4.5,1.0
2021-06-14,0.9,6.6,2.6
2021-06-15,0.6,6.7,2.6
2021-06-16,7.4,10.8,8.2
2021-06-17,1.0,13.9,12.3
2021-06-18,56.0,3.3,0.0
2021-06-19,0.1,3.4,0.0
2021-06-21,0.0,0.7,0.0
2021-06-25,28.5,0.0,0.0
2021-06-27,2.7,1.9,0.0
2021-06-29,0.0,17.8,38.5
2021-06-30,42.6,3.1,0.0
2021-07-01,0.2,11.0,11.5
2021-07-06,0.0,0.0,0.0
2021-07-07,0.0,0.0,0.0
2021-07-09,6.8,0.1,0.0
2021-07-11,14.5,6.3,1.9
2021-07-12,0.7,12.1,10.0
2021-07-13,65.0,11.5,9.4
2021-07-14,0.6,5.1,1.0
2021-07-15,0.0,0.5,0.0
2021-07-16,0.0,0.2,0.0
2021-07-17,0.0,0.0,0.0
2021-07-19,0.0,7.8,3.7
2021-07-20,19.1,0.4,0.0
2021-07-21,1.2,8.2,5.3
2021-07-24,78.1,2.7,0.0
2021-07-25,0.0,0.0,0.0
2021-07-26,0.0,0.0,0.0
2021-07-27,0.0,0.0,0.0
2021-07-29,0.0,0.1,0.0
2021-07-31,0.0,0.0,0.0
2021-08-01,0.0,0.3,0.0
2021-08-02,0.4,1.3,0.0
2021-08-03,0.0,0.0,0.0
2021-08-04,0.0,6.3,2.6
2021-08-05,20.5,0.0,0.0
2021-08-06,0.6,0.1,0.0
2021-08-07,1.3,0.2,0.0
2021-08-08,0.0,4.3,0.0
2021-08-09,0.0,13.8,11.4
2021-08-10,3.7,0.8,0.0
2021-08-11,0.0,0.0,0.0
2021-08-15,1.6,30.4,65.7
2021-08-16,5.6,10.4,8.7
2021-08-17,1.2,33.2,71.6
2021-08-18,2.1,4.4,1.0
2021-08-19,1.6,19.5,33.7
2021-08-20,49.5,32.4,70.4
2021-08-21,3.7,0.5,0.0
2021-08-22,0.0,3.2,0.0
2021-08-23,7.0,14.0,15.8
2021-08-24,23.0,11.1,10.5
2021-08-25,0.4,16.0,28.4
2021-08-26,1.0,0.2,0.0
2021-08-27,0.0,1.2,0.0
2021-08-29,3.7,0.8,0.0
2021-08-30,0.4,14.7,23.8
2021-08-31,11.5,21.9,47.2
2021-09-01,6.4,25.0,40.9
2021-09-02,1.9,21.1,31.5
2021-09-03,0.1,1.6,0.0
2021-09-04,5.8,5.3,1.0
2021-09-06,6.2,8.8,3.9
2021-09-07,0.0,39.8,68.4
2021-09-08,55.4,7.4,2.1
2021-09-09,2.0,0.5,0.0
2021-09-10,3.9,0.3,0.0
2021-09-12,0.0,4.7,0.0
2021-09-13,33.3,26.1,42.9
2021-09-14,72.3,1.4,0.0
2021-09-15,0.0,1.0,0.0
2021-09-17,2.7,4.0,0.0
2021-09-18,2.5,14.5,10.4
2021-09-19,44.0,0.5,0.0
2021-09-20,1.0,0.6,0.0
2021-09-22,0.0,18.0,28.4
2021-09-23,36.0,18.1,28.5
2021-09-24,10.3,0.3,0.0
2021-09-27,54.2,4.0,0.0
2021-09-28,0.1,2.4,0.0
2021-09-29,0.0,5.5,1.0
2021-09-30,10.3,15.2,21.2
2021-10-01,0.6,4.3,1.0
2021-10-02,0.0,0.3,0.0
2021-10-03,0.0,5.5,2.7
2021-10-04,0.0,3.4,0.0
2021-10-05,1.5,15.2,29.5
2021-10-06,2.3,6.0,3.5
2021-10-07,16.5,6.0,3.4
2021-10-08,0.8,0.7,0.0
2021-10-09,0.0,1.4,0.0
2021-10-10,0.0,28.1,59.0
2021-10-11,86.7,0.5,0.0
2021-10-12,0.0,8.1,4.2
2021-10-13,22.0,11.0,7.5
2021-10-14,3.5,1.0,0.0
2021-10-15,0.0,9.7,5.9
2021-10-16,0.4,4.5,1.0
2021-10-18,2.8,2.4,0.0
2021-10-21,16.2,16.4,16.6
2021-10-22,8.0,3.6,0.0
2021-10-23,0.8,3.7,0.0
2021-10-24,0.0,5.8,1.0
2021-10-25,10.0,7.0,2.4
2021-10-26,0.7,7.3,2.8
2021-10-29,3.3,1.7,0.0
2021-10-30,0.3,14.1,13.9
2021-10-31,8.5,24.5,40.4
2021-11-01,52.1,6.0,1.5
2021-11-03,12.0,6.7,2.2
2021-11-05,2.1,9.0,4.7
2021-11-06,17.9,2.0,0.0
2021-11-08,36.0,5.1,1.0
2021-11-10,21.2,46.7,60.0
2021-11-11,8.3,8.2,2.5
2021-11-13,0.6,6.1,1.0
2021-11-14,0.4,20.3,14.6
2021-11-15,3.1,5.6,0.0
2021-11-16,0.0,0.8,0.0
2021-11-17,4.8,18.8,13.0
2021-11-18,45.4,5.0,0.0
2021-11-20,25.0,6.3,1.0
2021-11-22,44.7,1.6,0.0
2021-11-24,43.0,3.8,0.0
2021-11-25,0.2,6.5,1.6
2021-11-26,39.2,4.0,0.0
2021-11-27,0.0,13.3,9.4
2021-11-29,8.9,5.3,1.0
2021-12-01,0.0,3.3,0.0
2021-12-02,0.0,17.4,13.0
2021-12-07,0.0,12.0,7.0
2021-12-08,3.2,1.5,0.0
2021-12-09,3.3,33.1,47.9
2021-12-10,77.8,6.4,1.0
2021-12-11,2.9,5.8,1.9
2021-12-15,8.6,9.7,5.9
2021-12-16,16.1,12.0,8.4
2021-12-17,0.5,8.2,4.4
2021-12-18,1.7,33.5,41.3
2021-12-19,25.4,14.9,11.6
2021-12-20,19.0,8.4,4.5
2021-12-23,4.5,9.9,5.2
2021-12-24,1.9,20.5,16.3
2021-12-25,11.0,2.8,0.0
2021-12-26,8.0,0.8,0.0
2021-12-27,1.2,9.9,5.2
2021-12-28,27.0,1.1,0.0
2021-12-29,3.6,3.3,0.0
2021-12-31,3.8,25.8,27.0
