date,gauge,imergl,lseqmdl
2001-01-01,0.0,30.1,30.7
2001-01-02,21.0,18.5,13.3
2001-01-03,0.8,34.5,37.4
2001-01-04,26.5,20.6,15.5
2001-01-05,14.3,33.7,35.4
2001-01-06,75.0,5.1,1.0
2001-01-07,0.5,7.4,3.0
2001-01-08,0.0,3.8,0.0
2001-01-09,0.3,35.6,38.0
2001-01-10,11.9,8.4,3.9
2001-01-11,0.0,13.4,12.8
2001-01-12,2.2,1.9,0.0
2001-01-13,0.0,6.8,4.6
2001-01-14,0.0,3.8,1.0
2001-01-15,0.0,4.7,2.0
2001-01-16,44.1,2.3,0.0
2001-01-17,0.0,1.4,0.0
2001-01-18,0.0,13.4,12.8
2001-01-19,0.0,11.5,10.3
2001-01-20,7.5,8.1,6.2
2001-01-21,0.0,21.1,23.4
2001-01-22,4.6,56.4,101.6
2001-01-23,9.5,18.6,19.7
2001-01-24,1.5,79.4,115.6
2001-01-25,20.5,5.5,3.3
2001-01-26,98.5,3.1,1.0
2001-01-27,5.5,92.9,115.1
2001-01-28,8.9,0.7,0.0
2001-01-29,0.4,21.1,24.3
2001-01-30,73.0,7.9,6.0
2001-01-31,0.8,12.0,10.8
2001-02-01,0.0,4.3,1.0
2001-02-02,0.0,24.5,30.2
2001-02-03,37.5,6.8,3.4
2001-02-04,0.0,27.9,35.9
2001-02-05,5.5,12.6,10.0
2001-02-06,1.8,13.5,11.0
2001-02-07,0.0,17.1,16.7
2001-02-08,43.0,11.8,9.1
2001-02-09,9.0,3.8,1.0
2001-02-10,0.0,0.4,0.0
2001-02-11,0.0,3.7,1.2
2001-02-12,0.8,0.8,0.0
2001-02-13,0.0,7.9,6.4
2001-02-14,1.0,0.5,0.0
2001-02-15,0.0,1.3,0.0
2001-02-16,0.0,0.1,0.0
2001-02-17,7.2,0.0,0.0
2001-02-18,0.5,16.1,17.0
2001-02-19,57.0,41.6,62.5
2001-02-20,4.0,0.5,0.0
2001-02-21,0.0,23.9,28.9
2001-02-22,7.0,14.6,13.0
2001-02-23,22.0,0.2,0.0
2001-02-24,0.0,1.4,0.0
2001-02-25,2.0,14.8,13.3
2001-02-26,18.0,3.8,0.0
2001-02-27,1.0,0.4,0.0
2001-02-28,0.0,54.1,67.7
2001-03-01,15.5,37.6,44.5
2001-03-02,7.6,0.1,0.0
2001-03-03,1.3,0.0,0.0
2001-03-04,0.0,22.2,21.8
2001-03-05,25.0,23.9,21.8
2001-03-06,6.0,6.5,1.0
2001-03-07,1.0,99.8,87.3
2001-03-08,35.5,3.7,0.0
2001-03-09,0.0,70.7,78.9
2001-03-10,59.0,12.3,8.0
2001-03-11,0.2,39.5,44.2
2001-03-12,16.6,4.6,0.0
2001-03-13,0.0,33.2,34.1
2001-03-14,90.5,4.2,0.0
2001-03-15,0.0,7.8,2.3
2001-03-16,6.7,20.0,15.9
2001-03-17,4.5,0.7,0.0
2001-03-18,0.0,1.3,0.0
2001-03-19,0.0,1.4,0.0
2001-03-20,0.0,0.9,0.0
2001-03-21,2.6,1.1,0.0
2001-03-22,0.0,18.4,14.2
2001-03-23,1.2,3.7,0.0
2001-03-24,0.0,103.0,116.8
2001-03-25,40.7,67.5,92.9
2001-03-26,7.0,6.6,1.0
2001-03-27,0.0,29.3,39.9
2001-03-28,3.0,0.6,0.0
2001-03-29,0.0,3.3,0.0
2001-03-30,5.0,38.2,56.1
2001-03-31,7.0,6.1,1.0
2001-04-01,0.0,1.2,0.0
2001-04-02,0.0,28.3,34.2
2001-04-03,20.5,5.8,1.5
2001-04-04,0.5,8.1,4.0
2001-04-05,1.3,5.5,1.2
2001-04-06,0.0,0.6,0.0
2001-04-07,0.0,14.2,11.2
2001-04-08,26.5,32.5,44.9
2001-04-09,70.5,3.6,0.0
2001-04-10,0.0,4.9,1.0
2001-04-11,2.3,1.3,0.0
2001-04-12,0.0,1.8,0.0
2001-04-13,3.1,0.8,0.0
2001-04-14,22.0,15.3,14.7
2001-04-15,4.5,14.7,13.9
2001-04-16,63.0,24.1,34.0
2001-04-17,58.0,21.8,23.7
2001-04-18,15.0,3.8,1.0
2001-04-19,1.0,31.6,45.9
2001-04-20,5.0,26.1,38.4
2001-04-21,63.0,0.4,0.0
2001-04-22,0.0,0.0,0.0
2001-04-23,0.0,6.1,2.6
2001-04-24,0.0,55.6,75.0
2001-04-25,27.5,3.8,1.0
2001-04-26,0.0,45.7,60.6
2001-04-27,0.0,7.2,3.7
2001-04-28,13.0,0.4,0.0
2001-04-29,0.0,25.2,27.5
2001-04-30,19.0,3.7,1.0
2001-05-01,21.5,2.4,0.0
2001-05-02,0.0,26.4,43.9
2001-05-03,0.2,0.0,0.0
2001-05-04,0.0,1.5,0.0
2001-05-05,0.0,29.6,49.8
2001-05-07,2.0,6.4,2.3
2001-05-08,5.0,9.9,6.4
2001-05-09,0.0,3.0,0.0
2001-05-10,0.0,3.1,0.0
2001-05-11,0.2,7.4,4.7
2001-05-12,10.5,3.4,0.0
2001-05-13,23.3,0.4,0.0
2001-05-14,0.1,1.2,0.0
2001-05-15,0.0,8.1,5.8
2001-05-16,0.0,0.0,0.0
2001-05-17,0.0,20.3,43.2
2001-05-18,56.0,7.6,5.0
2001-05-19,7.6,0.4,0.0
2001-05-20,0.0,0.5,0.0
2001-05-21,0.0,2.0,0.0
2001-05-22,6.5,0.7,0.0
2001-05-23,0.5,3.6,1.0
2001-05-24,0.0,0.7,0.0
2001-05-25,0.2,5.1,2.7
2001-05-26,10.0,1.7,0.0
2001-05-27,0.0,1.5,0.0
2001-05-28,0.0,21.4,52.0
2001-05-29,0.9,5.2,2.9
2001-05-31,0.0,0.0,0.0
2001-06-01,0.0,17.0,37.8
2001-06-02,0.0,9.4,6.8
2001-06-03,6.6,1.5,0.0
2001-06-04,0.0,9.3,7.7
2001-06-05,1.0,12.6,13.0
2001-06-06,2.6,5.5,1.0
2001-06-07,10.0,1.6,0.0
2001-06-08,0.0,6.6,1.7
2001-06-09,1.0,0.5,0.0
2001-06-10,0.0,0.0,0.0
2001-06-11,0.0,0.0,0.0
2001-06-12,20.0,2.2,0.0
2001-06-13,0.0,5.5,1.0
2001-06-14,42.5,0.0,0.0
2001-06-15,0.0,45.9,70.8
2001-06-16,71.3,18.2,44.3
2001-06-17,0.5,1.5,0.0
2001-06-18,0.0,0.9,0.0
2001-06-19,2.5,0.5,0.0
2001-06-20,0.0,1.1,0.0
2001-06-21,0.0,0.3,0.0
2001-06-22,0.0,0.0,0.0
2001-06-23,0.0,1.2,0.0
2001-06-24,0.0,0.0,0.0
2001-06-25,0.0,6.6,3.0
2001-06-26,11.5,6.8,3.4
2001-06-27,0.0,0.8,0.0
2001-06-28,0.0,0.0,0.0
2001-06-29,0.0,8.7,6.3
2001-06-30,0.0,0.0,0.0
2001-07-01,0.0,0.0,0.0
2001-07-02,0.0,0.0,0.0
2001-07-03,0.0,0.0,0.0
2001-07-04,0.0,0.0,0.0
2001-07-05,0.0,0.1,0.0
2001-07-06,0.0,2.0,0.0
2001-07-07,0.0,0.0,0.0
2001-07-08,0.0,0.0,0.0
2001-07-09,0.0,0.0,0.0
2001-07-10,0.0,0.0,0.0
2001-07-11,0.0,0.0,0.0
2001-07-12,0.0,0.0,0.0
2001-07-13,0.0,0.0,0.0
2001-07-14,0.0,12.0,11.6
2001-07-15,0.0,0.0,0.0
2001-07-16,0.0,5.1,1.0
2001-07-17,16.0,16.5,27.0
2001-07-18,3.0,0.0,0.0
2001-07-19,0.0,7.0,4.1
2001-07-20,1.5,14.4,22.8
2001-07-21,44.5,19.0,42.5
2001-07-22,0.0,2.9,0.0
2001-07-23,0.0,9.1,8.3
2001-07-24,1.0,0.0,0.0
2001-07-25,0.0,2.1,0.0
2001-07-26,0.6,2.3,0.0
2001-07-27,0.0,0.0,0.0
2001-07-28,0.0,3.4,0.0
2001-07-29,0.0,11.1,11.6
2001-07-30,4.3,0.8,0.0
2001-07-31,6.7,0.4,0.0
2001-08-01,0.0,2.6,0.0
2001-08-02,9.6,20.0,26.5
2001-08-03,46.2,24.0,29.5
2001-08-04,5.5,1.0,0.0
2001-08-06,0.0,0.0,0.0
2001-08-07,0.0,0.0,0.0
2001-08-08,0.0,0.0,0.0
2001-08-09,14.5,1.8,0.0
2001-08-10,0.0,2.4,0.0
2001-08-11,6.5,0.1,0.0
2001-08-12,0.0,0.0,0.0
2001-08-13,0.0,0.0,0.0
2001-08-14,0.0,0.0,0.0
2001-08-15,0.0,0.0,0.0
2001-08-16,0.0,0.0,0.0
2001-08-17,0.0,2.9,1.1
2001-08-18,0.0,0.0,0.0
2001-08-19,0.0,0.8,0.0
2001-08-20,0.0,14.1,13.9
2001-08-21,0.0,11.7,9.5
2001-08-22,1.2,14.5,16.8
2001-08-23,0.0,0.8,0.0
2001-08-24,0.0,0.0,0.0
2001-08-25,0.0,0.0,0.0
2001-08-26,0.0,0.0,0.0
2001-08-27,0.0,11.3,9.3
2001-08-28,12.0,1.8,0.0
2001-08-29,0.0,1.4,0.0
2001-08-30,11.3,15.7,17.9
2001-08-31,41.0,12.5,10.6
2001-09-01,1.7,0.0,0.0
2001-09-03,0.3,5.1,2.8
2001-09-04,0.0,1.7,0.0
2001-09-05,30.5,2.8,0.0
2001-09-07,9.4,10.8,13.1
2001-09-08,52.0,0.6,0.0
2001-09-09,0.0,0.0,0.0
2001-09-10,0.0,0.0,0.0
2001-09-11,0.0,10.1,8.0
2001-09-13,0.0,4.2,1.0
2001-09-14,5.5,0.9,0.0
2001-09-15,1.0,0.0,0.0
2001-09-16,10.5,0.2,0.0
2001-09-18,0.0,0.3,0.0
2001-09-19,0.0,0.0,0.0
2001-09-20,0.0,0.0,0.0
2001-09-21,0.0,0.5,0.0
2001-09-22,2.2,0.0,0.0
2001-09-23,0.0,0.0,0.0
2001-09-24,0.0,5.4,0.0
2001-09-25,1.0,18.4,34.4
2001-09-26,13.0,0.6,0.0
2001-09-29,2.2,6.4,1.0
2001-09-30,2.0,0.0,0.0
2001-10-01,0.0,23.6,54.6
2001-10-02,26.0,3.4,0.0
2001-10-03,0.3,2.3,0.0
2001-10-04,3.7,2.6,0.0
2001-10-05,1.3,0.3,0.0
2001-10-06,0.0,16.6,30.1
2001-10-07,96.0,4.2,0.0
2001-10-08,0.0,11.7,9.9
2001-10-09,38.5,2.1,0.0
2001-10-11,47.0,2.7,1.0
2001-10-12,0.8,53.8,63.1
2001-10-13,5.8,0.0,0.0
2001-10-14,0.0,11.8,9.6
2001-10-15,9.8,2.2,0.0
2001-10-16,0.0,6.3,3.9
2001-10-17,0.4,56.0,66.8
2001-10-18,44.0,1.5,0.0
2001-10-19,0.0,0.1,0.0
2001-10-20,0.0,48.5,56.1
2001-10-21,18.5,23.5,27.7
2001-10-22,70.0,0.8,0.0
2001-10-23,0.0,1.7,0.0
2001-10-24,22.5,5.7,0.0
2001-10-25,0.0,41.0,35.4
2001-10-26,0.5,4.2,0.0
2001-10-27,3.0,5.8,0.0
2001-10-28,0.0,57.6,48.1
2001-10-29,2.0,36.1,33.0
2001-10-30,89.0,0.1,0.0
2001-10-31,0.0,5.2,0.0
2001-11-01,4.0,3.8,0.0
2001-11-02,53.0,7.6,1.8
2001-11-03,37.0,2.0,0.0
2001-11-05,0.2,10.9,6.0
2001-11-06,27.5,3.8,0.0
2001-11-07,5.2,9.9,4.7
2001-11-08,0.0,4.3,0.0
2001-11-09,5.5,5.3,0.0
2001-11-10,26.0,1.6,0.0
2001-11-11,0.0,10.3,4.8
2001-11-12,85.0,8.4,2.7
2001-11-13,15.0,11.8,6.6
2001-11-14,30.0,12.3,7.2
2001-11-15,3.5,3.3,0.0
2001-11-16,0.0,1.5,0.0
2001-11-17,0.0,15.3,10.9
2001-11-18,19.0,0.5,0.0
2001-11-19,0.0,19.8,16.7
2001-11-20,63.0,4.3,0.0
2001-11-21,3.5,14.3,9.2
2001-11-22,26.0,3.4,0.0
2001-11-23,2.0,20.7,16.0
2001-11-24,21.8,4.3,0.0
2001-11-25,0.3,11.5,6.2
2001-11-26,12.0,1.7,0.0
2001-11-27,10.0,0.1,0.0
2001-11-28,2.5,36.0,37.7
2001-11-29,70.0,2.6,0.0
2001-11-30,0.0,45.3,47.5
2001-12-01,59.0,0.2,0.0
2001-12-03,44.0,2.1,0.0
2001-12-04,0.0,1.6,0.0
2001-12-06,1.3,14.7,10.9
2001-12-07,18.6,14.3,10.3
2001-12-08,9.6,49.7,69.9
2001-12-09,0.0,52.3,73.6
2001-12-10,10.5,18.6,16.1
2001-12-11,24.0,0.7,0.0
2001-12-12,0.0,2.9,0.0
2001-12-13,0.0,4.8,1.0
2001-12-14,10.0,6.6,2.3
2001-12-15,0.0,33.1,39.5
2001-12-16,30.0,41.4,53.3
2001-12-17,10.0,15.4,12.1
2001-12-19,10.0,19.6,17.0
2001-12-20,2.0,5.9,1.6
2001-12-21,0.0,0.3,0.0
2001-12-22,8.7,83.1,106.4
2001-12-23,110.0,14.5,10.8
2001-12-24,21.0,2.7,0.0
2001-12-25,17.0,2.1,0.0
2001-12-26,0.0,7.1,2.5
2001-12-27,0.0,0.0,0.0
2001-12-28,7.0,1.2,0.0
2001-12-29,2.0,26.0,29.8
2001-12-30,30.0,21.7,24.6
2001-12-31,48.2,3.3,0.0
2002-01-01,0.0,0.3,0.0
2002-01-02,0.0,0.6,0.0
2002-01-03,0.0,0.4,0.0
2002-01-04,0.0,0.0,0.0
2002-01-05,0.0,0.1,0.0
2002-01-06,0.0,7.4,3.0
2002-01-07,6.5,4.2,1.0
2002-01-08,0.0,9.6,5.0
2002-01-09,0.8,12.1,7.3
2002-01-10,29.2,34.4,36.4
2002-01-11,15.2,3.8,1.0
2002-01-12,10.8,4.6,1.9
2002-01-13,0.0,3.3,1.0
2002-01-14,0.5,0.2,0.0
2002-01-15,3.0,0.9,0.0
2002-01-16,0.0,4.0,1.2
2002-01-17,0.0,1.1,0.0
2002-01-18,2.5,8.6,6.8
2002-01-19,3.4,6.8,4.6
2002-01-20,0.0,5.4,2.9
2002-01-21,42.5,52.5,90.6
2002-01-22,42.0,8.1,6.3
2002-01-23,5.5,4.6,2.3
2002-01-24,0.0,2.1,0.0
2002-01-25,7.0,39.6,56.0
2002-01-26,12.5,14.9,14.5
2002-01-27,3.0,82.8,115.1
2002-01-28,30.0,12.4,11.3
2002-01-29,12.2,18.5,20.2
2002-01-30,14.5,4.2,1.8
2002-01-31,20.0,7.1,5.1
2002-02-01,0.3,0.8,0.0
2002-02-02,0.0,1.4,0.0
2002-02-03,0.0,3.0,0.0
2002-02-05,0.0,0.2,0.0
2002-02-06,0.0,2.1,0.0
2002-02-07,3.0,0.0,0.0
2002-02-08,2.5,0.7,0.0
2002-02-09,0.1,1.5,0.0
2002-02-10,0.0,6.7,3.2
2002-02-11,0.7,1.3,0.0
2002-02-12,0.0,0.0,0.0
2002-02-13,0.0,2.6,0.0
2002-02-14,0.0,3.1,1.0
2002-02-15,4.0,2.3,0.0
2002-02-16,0.0,0.0,0.0
2002-02-17,0.0,0.0,0.0
2002-02-18,0.0,0.1,0.0
2002-02-19,0.0,0.4,0.0
2002-02-20,0.0,14.3,14.5
2002-02-21,13.2,0.5,0.0
2002-02-22,0.0,10.7,8.3
2002-02-23,3.0,0.0,0.0
2002-02-24,0.0,0.0,0.0
2002-02-25,0.0,16.6,15.1
2002-02-26,12.5,0.0,0.0
2002-02-27,0.0,21.9,28.6
2002-02-28,58.0,12.9,11.0
2002-03-01,12.2,2.0,0.0
2002-03-02,7.5,0.0,0.0
2002-03-03,0.0,10.7,6.1
2002-03-04,80.0,62.6,72.1
2002-03-05,215.0,8.1,2.9
2002-03-06,18.5,6.6,1.0
2002-03-07,1.5,0.8,0.0
2002-03-08,0.0,4.1,0.0
2002-03-10,0.0,0.1,0.0
2002-03-11,0.0,0.8,0.0
2002-03-12,0.0,0.0,0.0
2002-03-13,0.0,12.7,7.5
2002-03-14,1.5,41.1,46.9
2002-03-15,37.6,27.5,26.0
2002-03-16,0.3,24.1,20.9
2002-03-17,80.4,20.1,16.0
2002-03-18,26.0,8.5,3.0
2002-03-19,0.5,5.7,1.0
2002-03-20,0.0,5.8,1.0
2002-03-21,33.0,11.9,6.5
2002-03-22,19.3,1.0,0.0
2002-03-23,0.0,0.0,0.0
2002-03-24,0.0,4.1,0.0
2002-03-26,0.0,11.9,6.5
2002-03-27,28.8,30.3,41.6
2002-03-28,36.2,55.7,80.4
2002-03-29,74.5,16.4,11.8
2002-03-30,41.8,0.8,0.0
2002-03-31,0.0,0.6,0.0
2002-04-01,0.0,17.0,14.5
2002-04-02,5.5,12.9,9.7
2002-04-03,13.0,68.6,85.6
2002-04-04,57.5,6.0,1.8
2002-04-06,89.8,14.6,11.7
2002-04-07,0.0,9.9,6.2
2002-04-08,7.0,0.0,0.0
2002-04-09,5.5,0.3,0.0
2002-04-10,2.2,0.5,0.0
2002-04-12,1.0,0.9,0.0
2002-04-13,0.0,15.8,15.3
2002-04-14,16.0,4.0,1.0
2002-04-15,1.5,4.1,1.0
2002-04-16,24.0,14.5,13.6
2002-04-17,3.5,0.0,0.0
2002-04-19,41.5,2.3,0.0
2002-04-20,0.0,10.4,8.1
2002-04-21,32.8,17.4,14.1
2002-04-22,0.0,36.1,44.8
2002-04-23,20.0,19.1,16.1
2002-04-24,45.5,14.5,11.0
2002-04-25,1.5,53.0,72.0
2002-04-26,0.2,0.2,0.0
2002-04-27,0.0,13.4,9.9
2002-04-28,1.2,0.6,0.0
2002-04-29,6.5,1.0,0.0
2002-04-30,3.0,0.3,0.0
2002-05-01,0.0,4.1,0.0
2002-05-02,6.5,0.0,0.0
2002-05-03,0.0,25.4,42.5
2002-05-04,23.0,17.1,25.7
2002-05-05,12.5,7.0,3.0
2002-05-06,43.6,4.4,1.0
2002-05-07,0.3,44.3,72.4
2002-05-08,40.0,2.1,0.0
2002-05-09,0.7,33.1,55.6
2002-05-10,80.5,1.7,0.0
2002-05-11,0.0,0.5,0.0
2002-05-12,0.0,5.3,1.3
2002-05-13,0.0,0.1,0.0
2002-05-14,0.0,1.8,0.0
2002-05-15,0.0,10.2,9.2
2002-05-16,0.0,0.0,0.0
2002-05-17,0.0,0.0,0.0
2002-05-18,0.0,0.0,0.0
2002-05-19,0.0,0.0,0.0
2002-05-20,0.0,0.0,0.0
2002-05-21,0.0,0.0,0.0
2002-05-22,0.0,0.0,0.0
2002-05-23,0.0,0.0,0.0
2002-05-24,0.1,14.5,30.7
2002-05-25,15.2,2.6,0.0
2002-05-26,24.8,6.6,5.4
2002-05-27,0.0,0.9,0.0
2002-05-28,0.0,0.2,0.0
2002-05-29,0.8,0.4,0.0
2002-05-30,0.0,2.1,0.0
2002-05-31,0.0,0.0,0.0
2002-06-01,0.0,0.0,0.0
2002-06-02,0.0,0.0,0.0
2002-06-03,0.0,0.3,0.0
2002-06-04,0.0,0.0,0.0
2002-06-05,2.4,4.4,0.0
2002-06-07,0.0,11.2,10.1
2002-06-08,2.0,0.0,0.0
2002-06-09,0.7,0.0,0.0
2002-06-10,0.0,0.1,0.0
2002-06-11,0.0,37.6,70.8
2002-06-12,6.0,5.8,1.0
2002-06-13,5.0,2.8,0.0
2002-06-14,0.0,12.8,21.0
2002-06-15,1.8,0.0,0.0
2002-06-16,0.0,0.3,0.0
2002-06-17,0.0,25.6,60.1
2002-06-18,4.2,3.8,0.0
2002-06-19,0.1,6.8,2.5
2002-06-20,1.2,9.4,6.7
2002-06-21,1.5,0.1,0.0
2002-06-22,0.0,0.4,0.0
2002-06-23,0.0,28.4,61.8
2002-06-24,6.6,0.0,0.0
2002-06-25,0.0,0.0,0.0
2002-06-26,0.0,0.0,0.0
2002-06-27,0.0,0.0,0.0
2002-06-28,0.0,0.0,0.0
2002-06-29,0.0,0.0,0.0
2002-06-30,0.0,0.0,0.0
2002-07-01,0.0,0.0,0.0
2002-07-02,0.0,5.0,2.8
2002-07-03,0.0,0.0,0.0
2002-07-04,13.3,6.7,5.1
2002-07-05,0.0,0.3,0.0
2002-07-06,5.0,0.1,0.0
2002-07-07,0.0,1.5,0.0
2002-07-08,0.0,0.1,0.0
2002-07-09,12.6,0.5,0.0
2002-07-10,0.0,0.0,0.0
2002-07-11,80.0,22.7,35.3
2002-07-12,4.5,21.7,32.2
2002-07-13,40.5,8.2,8.8
2002-07-14,0.0,0.0,0.0
2002-07-15,0.0,3.3,0.0
2002-07-16,17.2,7.0,5.4
2002-07-17,0.0,0.5,0.0
2002-07-18,0.0,1.4,0.0
2002-07-19,0.8,0.1,0.0
2002-07-21,0.0,0.0,0.0
2002-07-22,0.0,0.6,0.0
2002-07-23,0.0,0.3,0.0
2002-07-24,0.0,0.2,0.0
2002-07-25,1.0,0.3,0.0
2002-07-26,0.0,0.0,0.0
2002-07-27,2.5,0.1,0.0
2002-07-28,0.0,0.0,0.0
2002-07-29,0.0,3.5,0.0
2002-07-30,11.0,0.0,0.0
2002-07-31,0.0,0.0,0.0
2002-08-01,0.0,0.0,0.0
2002-08-02,0.0,0.0,0.0
2002-08-03,0.0,0.0,0.0
2002-08-04,0.0,0.0,0.0
2002-08-05,0.0,0.0,0.0
2002-08-06,0.0,0.0,0.0
2002-08-07,0.0,0.0,0.0
2002-08-08,0.0,0.0,0.0
2002-08-09,0.0,6.4,5.4
2002-08-10,0.0,2.1,0.0
2002-08-11,0.0,0.0,0.0
2002-08-12,0.0,0.7,0.0
2002-08-13,0.0,0.0,0.0
2002-08-14,0.0,0.6,0.0
2002-08-15,0.0,0.0,0.0
2002-08-16,0.0,0.0,0.0
2002-08-17,0.0,0.0,0.0
2002-08-18,0.0,0.0,0.0
2002-08-19,0.0,0.0,0.0
2002-08-20,0.0,0.0,0.0
2002-08-21,0.0,0.0,0.0
2002-08-22,0.0,0.0,0.0
2002-08-23,0.0,0.0,0.0
2002-08-24,0.0,0.0,0.0
2002-08-25,0.0,1.1,0.0
2002-08-26,0.0,0.0,0.0
2002-08-27,0.0,0.0,0.0
2002-08-28,0.0,0.0,0.0
2002-08-29,0.0,0.0,0.0
2002-08-30,0.0,0.0,0.0
2002-08-31,0.0,5.6,3.1
2002-09-01,5.6,0.0,0.0
2002-09-02,0.0,0.0,0.0
2002-09-03,0.0,0.7,0.0
2002-09-04,0.0,0.3,0.0
2002-09-05,0.0,0.3,0.0
2002-09-06,0.0,0.0,0.0
2002-09-07,0.0,0.0,0.0
2002-09-08,0.0,0.0,0.0
2002-09-09,0.0,0.0,0.0
2002-09-10,0.0,5.8,3.6
2002-09-11,0.0,7.3,4.4
2002-09-12,0.0,0.0,0.0
2002-09-13,0.0,0.0,0.0
2002-09-14,0.0,0.0,0.0
2002-09-15,0.0,1.4,0.0
2002-09-16,0.9,0.0,0.0
2002-09-17,0.0,0.1,0.0
2002-09-18,0.0,0.0,0.0
2002-09-19,0.0,0.0,0.0
2002-09-20,0.0,0.0,0.0
2002-09-21,0.0,0.0,0.0
2002-09-22,0.0,1.7,0.0
2002-09-23,0.0,0.0,0.0
2002-09-25,0.0,0.3,0.0
2002-09-26,0.0,16.6,26.0
2002-09-27,15.8,27.5,58.4
2002-09-28,19.8,0.2,0.0
2002-09-29,0.0,2.8,0.0
2002-09-30,0.0,0.4,0.0
2002-10-01,0.0,0.0,0.0
2002-10-02,0.0,0.0,0.0
2002-10-03,0.0,0.0,0.0
2002-10-04,0.0,5.4,1.1
2002-10-05,41.6,7.5,3.8
2002-10-06,2.7,0.4,0.0
2002-10-07,0.3,0.0,0.0
2002-10-08,0.0,2.8,0.0
2002-10-09,0.0,0.0,0.0
2002-10-10,0.0,0.0,0.0
2002-10-11,0.0,0.0,0.0
2002-10-12,0.0,0.0,0.0
2002-10-13,0.0,0.0,0.0
2002-10-14,0.0,0.0,0.0
2002-10-15,0.0,3.4,1.0
2002-10-16,1.3,2.0,0.0
2002-10-17,8.0,4.5,2.1
2002-10-18,5.0,0.0,0.0
2002-10-19,0.0,0.0,0.0
2002-10-20,0.0,5.2,2.8
2002-10-21,12.0,0.0,0.0
2002-10-22,0.0,0.0,0.0
2002-10-23,0.0,0.0,0.0
2002-10-24,0.0,2.0,0.0
2002-10-25,28.0,0.0,0.0
2002-10-26,25.6,11.5,5.9
2002-10-27,1.0,0.5,0.0
2002-10-28,0.0,13.7,8.3
2002-10-29,0.0,0.1,0.0
2002-10-30,0.0,0.0,0.0
2002-10-31,0.0,4.0,0.0
2002-11-01,0.0,17.9,16.6
2002-11-02,2.5,3.6,0.0
2002-11-03,0.0,4.7,0.0
2002-11-04,0.0,38.3,49.8
2002-11-05,3.2,0.3,0.0
2002-11-07,0.9,0.0,0.0
2002-11-08,0.5,0.6,0.0
2002-11-09,0.0,11.0,6.2
2002-11-10,0.5,15.3,12.3
2002-11-11,3.5,1.2,0.0
2002-11-12,9.0,3.8,0.0
2002-11-14,4.0,17.1,13.2
2002-11-15,11.6,0.2,0.0
2002-11-16,0.5,29.2,41.1
2002-11-17,24.0,36.8,55.1
2002-11-18,4.0,11.5,6.2
2002-11-19,27.5,7.3,1.6
2002-11-20,10.0,4.0,0.0
2002-11-21,0.4,11.2,5.9
2002-11-22,0.5,0.0,0.0
2002-11-23,0.0,3.7,0.0
2002-11-24,0.0,2.6,0.0
2002-11-25,39.5,9.1,3.7
2002-11-26,16.7,5.6,0.0
2002-11-27,7.0,35.9,38.4
2002-11-28,46.0,1.9,0.0
2002-11-29,0.0,13.4,8.3
2002-11-30,1.0,32.5,33.9
2002-12-01,20.0,19.8,17.6
2002-12-02,51.5,0.0,0.0
2002-12-03,0.0,6.3,1.0
2002-12-04,13.0,6.6,1.0
2002-12-05,0.5,19.1,16.6
2002-12-06,15.0,5.3,0.0
2002-12-07,16.4,1.4,0.0
2002-12-08,0.0,0.1,0.0
2002-12-09,0.0,0.0,0.0
2002-12-10,0.0,3.2,0.0
2002-12-11,6.2,14.2,10.6
2002-12-12,4.6,13.9,10.4
2002-12-13,0.0,5.5,1.3
2002-12-14,8.3,15.9,12.7
2002-12-15,33.0,2.1,0.0
2002-12-17,0.5,20.3,18.0
2002-12-18,16.0,0.0,0.0
2002-12-19,0.0,0.1,0.0
2002-12-21,2.5,16.6,14.0
2002-12-22,0.0,36.6,49.4
2002-12-23,12.0,0.2,0.0
2002-12-24,0.0,14.8,11.2
2002-12-25,0.0,66.1,89.2
2002-12-26,45.6,26.2,32.0
2002-12-27,19.7,8.5,4.1
2002-12-28,0.0,9.7,5.4
2002-12-29,1.0,27.4,32.9
2002-12-30,15.0,1.5,0.0
2002-12-31,0.3,24.4,27.4
2003-01-01,29.5,0.2,0.0
2003-01-02,0.0,10.0,5.4
2003-01-03,0.3,4.3,1.0
2003-01-04,0.0,24.8,22.1
2003-01-05,16.5,5.8,1.6
2003-01-06,1.0,0.4,0.0
2003-01-07,0.0,5.2,1.0
2003-01-08,0.0,10.1,5.4
2003-01-09,4.0,12.6,7.8
2003-01-10,57.5,0.7,0.0
2003-01-11,0.0,12.2,11.2
2003-01-12,19.4,0.0,0.0
2003-01-13,0.0,0.0,0.0
2003-01-14,0.6,0.5,0.0
2003-01-15,0.5,4.1,1.4
2003-01-16,14.2,31.7,44.8
2003-01-17,5.1,0.0,0.0
2003-01-18,0.0,6.3,4.0
2003-01-19,0.0,1.6,0.0
2003-01-20,0.3,9.8,8.3
2003-01-21,2.3,11.2,9.9
2003-01-22,0.3,19.1,20.4
2003-01-23,23.0,0.3,0.0
2003-01-24,0.0,6.9,4.8
2003-01-25,1.4,1.1,0.0
2003-01-26,0.0,5.8,3.6
2003-01-27,1.3,2.3,0.0
2003-01-28,0.0,1.8,0.0
2003-01-29,0.0,2.1,0.0
2003-01-30,0.0,3.0,1.0
2003-01-31,1.5,21.1,23.8
2003-02-01,6.5,2.1,0.0
2003-02-02,0.0,4.3,1.0
2003-02-04,82.5,5.7,2.1
2003-02-05,1.2,4.5,1.0
2003-02-06,6.0,1.5,0.0
2003-02-07,0.0,2.9,0.0
2003-02-08,3.0,0.1,0.0
2003-02-10,28.8,0.2,0.0
2003-02-11,0.0,16.0,16.3
2003-02-12,16.4,1.6,0.0
2003-02-13,6.8,12.1,11.7
2003-02-14,5.0,3.7,1.2
2003-02-16,2.0,0.3,0.0
2003-02-17,0.0,33.8,52.8
2003-02-18,32.0,3.9,1.4
2003-02-19,1.4,35.3,53.8
2003-02-20,9.0,9.0,7.8
2003-02-21,3.1,2.6,0.0
2003-02-22,0.0,0.0,0.0
2003-02-23,0.0,6.5,3.3
2003-02-24,0.0,9.3,6.6
2003-02-25,8.5,0.5,0.0
2003-02-27,61.0,13.1,11.3
2003-02-28,1.5,0.6,0.0
2003-03-01,0.0,0.5,0.0
2003-03-02,0.0,0.7,0.0
2003-03-03,0.0,0.4,0.0
2003-03-04,0.0,3.4,0.0
2003-03-05,0.0,2.8,0.0
2003-03-06,0.0,4.5,0.0
2003-03-07,0.0,2.2,0.0
2003-03-08,0.0,6.7,1.2
2003-03-09,0.0,3.7,0.0
2003-03-10,0.0,4.3,0.0
2003-03-11,0.0,10.5,5.1
2003-03-12,9.0,4.4,0.0
2003-03-13,0.7,13.6,8.4
2003-03-14,22.5,0.7,0.0
2003-03-15,0.0,0.0,0.0
2003-03-16,0.0,2.8,0.0
2003-03-17,3.2,38.1,41.9
2003-03-18,2.5,15.5,10.6
2003-03-19,30.8,2.1,0.0
2003-03-20,0.0,62.8,77.7
2003-03-21,10.0,0.0,0.0
2003-03-22,0.0,25.6,33.1
2003-03-23,14.0,3.4,0.0
2003-03-24,1.5,20.5,18.6
2003-03-25,0.3,0.0,0.0
2003-03-26,0.0,7.5,1.7
2003-03-27,3.4,2.0,0.0
2003-03-28,0.0,56.3,82.1
2003-03-29,27.0,7.1,1.4
2003-03-30,2.2,1.2,0.0
2003-03-31,0.0,13.8,8.7
2003-04-01,36.5,0.0,0.0
2003-04-02,0.0,0.0,0.0
2003-04-03,0.5,0.0,0.0
2003-04-04,0.0,46.3,63.2
2003-04-05,39.5,0.0,0.0
2003-04-06,0.0,2.4,0.0
2003-04-07,5.0,1.6,0.0
2003-04-08,0.0,16.8,14.4
2003-04-09,2.1,21.8,20.7
2003-04-10,11.0,8.5,4.5
2003-04-11,28.5,2.0,0.0
2003-04-12,3.5,5.4,1.8
2003-04-13,1.5,0.0,0.0
2003-04-14,10.0,0.8,0.0
2003-04-15,0.0,24.8,36.8
2003-04-16,4.0,0.0,0.0
2003-04-17,0.7,2.6,0.0
2003-04-18,5.5,6.0,2.6
2003-04-19,0.0,47.7,71.7
2003-04-20,28.0,1.2,0.0
2003-04-21,0.0,17.6,14.4
2003-04-22,15.0,25.4,27.3
2003-04-23,27.0,22.2,22.6
2003-04-24,14.8,2.6,0.0
2003-04-25,0.0,0.6,0.0
2003-04-26,0.0,13.7,10.2
2003-04-27,48.0,32.0,38.3
2003-04-28,19.5,8.1,4.5
2003-04-29,13.5,25.2,27.4
2003-04-30,1.5,8.9,5.2
2003-05-01,4.5,7.3,3.3
2003-05-02,0.0,0.0,0.0
2003-05-03,0.0,14.1,12.0
2003-05-04,3.5,0.4,0.0
2003-05-05,0.0,6.8,2.8
2003-05-06,6.2,51.9,80.7
2003-05-07,8.5,11.2,8.6
2003-05-08,0.0,3.2,0.0
2003-05-09,3.0,3.1,0.0
2003-05-10,0.0,3.4,0.0
2003-05-11,8.5,27.4,58.2
2003-05-12,53.3,1.5,0.0
2003-05-13,0.0,0.0,0.0
2003-05-15,0.0,0.0,0.0
2003-05-16,0.0,0.0,0.0
2003-05-17,0.0,0.2,0.0
2003-05-18,0.0,2.4,0.0
2003-05-19,0.0,1.4,0.0
2003-05-20,0.0,0.0,0.0
2003-05-21,0.0,0.0,0.0
2003-05-22,0.0,0.0,0.0
2003-05-23,0.0,0.0,0.0
2003-05-24,3.0,0.0,0.0
2003-05-25,0.0,0.0,0.0
2003-05-26,0.0,0.1,0.0
2003-05-27,0.0,0.1,0.0
2003-05-28,0.0,0.0,0.0
2003-05-29,0.0,1.2,0.0
2003-05-30,0.0,0.3,0.0
2003-05-31,0.0,2.5,0.0
2003-06-01,0.0,0.0,0.0
2003-06-02,0.0,0.0,0.0
2003-06-03,0.0,0.0,0.0
2003-06-04,0.0,0.0,0.0
2003-06-05,0.0,0.0,0.0
2003-06-06,0.0,0.1,0.0
2003-06-07,0.0,0.0,0.0
2003-06-08,0.0,0.0,0.0
2003-06-09,0.0,0.0,0.0
2003-06-10,0.0,0.0,0.0
2003-06-11,0.0,0.0,0.0
2003-06-12,0.0,0.0,0.0
2003-06-13,0.0,0.0,0.0
2003-06-14,0.0,0.0,0.0
2003-06-15,0.0,0.0,0.0
2003-06-16,0.0,0.0,0.0
2003-06-17,0.0,0.1,0.0
2003-06-18,0.0,0.0,0.0
2003-06-19,0.0,0.1,0.0
2003-06-20,0.4,4.5,0.0
2003-06-21,0.5,5.4,1.3
2003-06-22,1.0,3.0,0.0
2003-06-23,1.2,0.9,0.0
2003-06-24,0.6,0.0,0.0
2003-06-25,0.0,0.0,0.0
2003-06-26,4.8,1.8,0.0
2003-06-27,0.0,1.5,0.0
2003-06-28,0.0,0.6,0.0
2003-06-29,0.0,0.0,0.0
2003-06-30,0.0,0.0,0.0
2003-07-01,0.0,0.0,0.0
2003-07-02,0.0,1.8,0.0
2003-07-03,0.0,0.0,0.0
2003-07-04,0.0,13.2,18.8
2003-07-05,21.4,0.3,0.0
2003-07-06,0.0,0.0,0.0
2003-07-07,3.5,2.4,0.0
2003-07-08,3.8,0.0,0.0
2003-07-09,0.0,4.7,2.4
2003-07-10,7.0,1.1,0.0
2003-07-11,0.0,5.7,1.7
2003-07-12,3.0,36.3,75.2
2003-07-13,53.0,6.4,2.9
2003-07-14,0.0,0.0,0.0
2003-07-15,0.5,0.0,0.0
2003-07-16,0.0,0.0,0.0
2003-07-17,0.0,0.0,0.0
2003-07-18,0.0,0.0,0.0
2003-07-19,0.0,0.0,0.0
2003-07-20,0.0,0.1,0.0
2003-07-21,0.0,0.3,0.0
2003-07-22,0.0,0.0,0.0
2003-07-23,0.0,0.0,0.0
2003-07-24,0.0,0.6,0.0
2003-07-25,0.0,3.5,0.0
2003-07-26,0.0,26.1,66.8
2003-07-27,1.7,0.0,0.0
2003-07-28,0.0,0.0,0.0
2003-07-29,0.0,0.0,0.0
2003-07-30,0.0,0.0,0.0
2003-07-31,0.0,0.0,0.0
2003-08-01,0.0,0.0,0.0
2003-08-02,0.0,0.0,0.0
2003-08-03,0.0,0.1,0.0
2003-08-04,0.0,0.0,0.0
2003-08-05,0.0,0.1,0.0
2003-08-06,0.0,0.0,0.0
2003-08-07,0.0,0.0,0.0
2003-08-08,0.0,0.1,0.0
2003-08-09,0.0,0.1,0.0
2003-08-10,0.0,0.0,0.0
2003-08-11,0.0,0.1,0.0
2003-08-12,0.0,2.1,1.0
2003-08-13,0.0,0.0,0.0
2003-08-14,0.0,0.0,0.0
2003-08-15,0.0,0.6,0.0
2003-08-16,0.2,2.7,1.0
2003-08-17,0.0,1.0,0.0
2003-08-18,0.0,0.0,0.0
2003-08-19,0.4,1.1,0.0
2003-08-20,0.0,0.0,0.0
2003-08-21,0.0,0.0,0.0
2003-08-22,0.0,0.0,0.0
2003-08-23,0.0,7.4,5.1
2003-08-24,0.0,0.0,0.0
2003-08-25,0.0,0.0,0.0
2003-08-26,0.0,0.0,0.0
2003-08-27,4.7,0.0,0.0
2003-08-28,0.0,10.6,8.7
2003-08-29,48.0,1.3,0.0
2003-08-30,0.0,1.1,0.0
2003-08-31,6.7,0.0,0.0
2003-09-01,0.0,0.7,0.0
2003-09-02,0.5,0.5,0.0
2003-09-03,7.4,0.0,0.0
2003-09-04,0.5,1.5,0.0
2003-09-05,0.0,0.0,0.0
2003-09-06,0.0,0.0,0.0
2003-09-07,0.0,0.1,0.0
2003-09-08,0.0,0.0,0.0
2003-09-09,0.0,0.0,0.0
2003-09-10,0.0,0.0,0.0
2003-09-11,0.0,1.8,0.0
2003-09-12,0.0,14.4,14.0
2003-09-13,114.0,2.2,0.0
2003-09-14,0.6,2.7,0.0
2003-09-15,0.5,19.0,33.9
2003-09-16,1.1,0.6,0.0
2003-09-17,0.0,0.8,0.0
2003-09-18,0.0,1.8,0.0
2003-09-19,0.0,6.9,3.8
2003-09-20,0.0,1.2,0.0
2003-09-21,0.0,3.1,0.0
2003-09-22,8.8,4.6,0.0
2003-09-23,6.5,3.6,0.0
2003-09-24,16.8,0.0,0.0
2003-09-25,0.0,0.0,0.0
2003-09-26,0.0,0.5,0.0
2003-09-27,0.0,0.0,0.0
2003-09-28,0.0,0.0,0.0
2003-09-29,0.0,0.0,0.0
2003-09-30,0.0,0.0,0.0
2003-10-01,0.0,0.0,0.0
2003-10-02,0.0,0.0,0.0
2003-10-03,0.0,4.0,0.0
2003-10-04,0.6,7.1,3.3
2003-10-05,5.5,40.7,79.0
2003-10-06,58.0,8.5,7.3
2003-10-07,28.0,5.5,1.2
2003-10-08,5.9,86.6,84.2
2003-10-09,25.7,0.0,0.0
2003-10-10,0.0,8.9,8.4
2003-10-11,28.7,14.2,13.6
2003-10-12,6.4,7.8,5.4
2003-10-13,14.4,0.0,0.0
2003-10-14,5.2,22.1,23.2
2003-10-15,2.5,2.2,0.0
2003-10-16,0.0,1.4,0.0
2003-10-17,0.0,5.1,2.8
2003-10-18,2.5,0.0,0.0
2003-10-19,0.0,3.7,1.3
2003-10-20,0.0,0.8,0.0
2003-10-21,0.0,2.9,0.0
2003-10-22,0.0,0.4,0.0
2003-10-23,0.0,0.0,0.0
2003-10-24,0.0,0.0,0.0
2003-10-25,0.0,10.9,5.3
2003-10-26,0.0,0.0,0.0
2003-10-27,0.0,3.5,0.0
2003-10-28,0.0,1.2,0.0
2003-10-29,0.3,53.7,45.6
2003-10-30,50.0,56.0,48.2
2003-10-31,97.5,29.8,30.6
2003-11-01,24.0,0.8,0.0
2003-11-02,0.0,18.1,16.9
2003-11-03,5.0,7.2,1.3
2003-11-04,3.0,7.0,1.1
2003-11-05,10.0,15.6,12.8
2003-11-07,6.0,6.7,1.0
2003-11-08,0.0,28.2,33.8
2003-11-09,6.0,8.5,2.9
2003-11-10,0.0,0.8,0.0
2003-11-11,0.0,21.6,19.4
2003-11-12,0.0,4.5,0.0
2003-11-13,0.0,0.9,0.0
2003-11-14,0.0,7.0,1.3
2003-11-16,42.0,47.4,70.3
2003-11-17,19.0,111.8,104.5
2003-11-18,64.0,20.3,17.9
2003-11-19,4.0,12.2,7.1
2003-11-20,1.0,1.1,0.0
2003-11-22,1.0,74.7,78.4
2003-11-23,97.0,2.8,0.0
2003-11-25,0.0,12.0,6.7
2003-11-26,2.0,14.2,9.1
2003-11-27,28.0,62.3,64.7
2003-11-28,70.0,38.3,40.3
2003-11-29,11.0,27.6,24.8
2003-11-30,99.0,35.3,36.4
2003-12-01,61.0,8.6,3.3
2003-12-02,4.0,52.9,75.5
2003-12-03,12.0,45.5,64.9
2003-12-04,97.0,40.4,58.1
2003-12-05,55.0,10.7,5.7
2003-12-06,0.0,10.9,6.1
2003-12-07,8.3,28.3,38.8
2003-12-08,32.0,0.6,0.0
2003-12-09,0.0,44.9,65.0
2003-12-10,7.8,17.2,14.2
2003-12-11,0.0,28.5,32.2
2003-12-12,36.2,15.4,12.0
2003-12-14,10.8,5.8,1.6
2003-12-15,0.0,0.6,0.0
2003-12-16,0.0,14.3,10.8
2003-12-17,8.0,9.7,5.5
2003-12-18,0.2,49.0,67.3
2003-12-19,10.5,13.1,9.4
2003-12-20,3.2,6.6,2.3
2003-12-21,0.5,43.5,56.6
2003-12-22,24.5,5.0,1.0
2003-12-23,0.0,6.3,1.7
2003-12-24,19.5,0.9,0.0
2003-12-25,0.0,1.8,0.0
2003-12-26,11.7,2.3,0.0
2003-12-27,0.0,8.3,3.9
2003-12-28,41.2,1.2,0.0
2003-12-30,1.6,0.2,0.0
2004-01-01,0.0,0.6,0.0
2004-01-02,0.0,0.0,0.0
2004-01-03,0.4,8.2,3.8
2004-01-04,40.3,29.2,29.2
2004-01-05,11.2,0.6,0.0
2004-01-06,10.0,3.2,0.0
2004-01-07,8.0,0.0,0.0
2004-01-08,0.0,2.6,0.0
2004-01-09,2.5,0.0,0.0
2004-01-10,0.0,4.5,1.0
2004-01-11,6.0,1.5,0.0
2004-01-12,2.7,1.8,0.0
2004-01-13,34.4,0.0,0.0
2004-01-14,12.1,0.1,0.0
2004-01-15,0.0,0.0,0.0
2004-01-16,0.0,0.0,0.0
2004-01-18,1.4,16.8,19.7
2004-01-19,54.2,1.1,0.0
2004-01-22,1.3,0.5,0.0
2004-01-23,0.3,4.5,2.1
2004-01-24,10.5,0.5,0.0
2004-01-25,0.0,0.0,0.0
2004-01-26,1.4,0.5,0.0
2004-01-27,19.3,5.7,3.4
2004-01-28,0.8,23.6,27.1
2004-01-29,40.4,7.0,5.0
2004-01-30,0.0,0.4,0.0
2004-01-31,0.2,9.7,8.2
2004-02-02,42.0,4.3,1.0
2004-02-05,22.9,3.3,0.0
2004-02-06,0.6,22.7,28.8
2004-02-07,1.2,17.4,16.1
2004-02-08,6.4,6.9,3.5
2004-02-09,4.0,0.4,0.0
2004-02-10,0.0,0.9,0.0
2004-02-11,0.0,1.4,0.0
2004-02-12,1.2,0.9,0.0
2004-02-13,0.0,7.4,5.8
2004-02-14,1.3,0.5,0.0
2004-02-15,0.0,1.5,0.0
2004-02-16,1.0,0.3,0.0
2004-02-17,0.0,2.2,0.0
2004-02-18,0.0,1.0,0.0
2004-02-19,9.0,0.0,0.0
2004-02-20,0.0,0.1,0.0
2004-02-21,0.5,1.5,0.0
2004-02-22,5.9,9.7,7.2
2004-02-23,18.5,8.2,5.3
2004-02-24,17.2,28.7,35.0
2004-02-25,44.0,18.6,18.5
2004-02-26,11.2,4.7,1.0
2004-02-27,4.0,11.5,9.3
2004-02-28,0.7,6.5,3.3
2004-02-29,0.0,27.2,33.6
2004-03-01,4.4,1.1,0.0
2004-03-02,0.0,15.9,12.4
2004-03-03,47.5,45.7,55.2
2004-03-04,5.0,31.2,41.0
2004-03-05,76.8,13.5,9.4
2004-03-07,5.3,29.7,37.3
2004-03-08,35.5,21.2,18.7
2004-03-09,1.0,0.0,0.0
2004-03-10,0.0,26.7,25.7
2004-03-11,0.4,3.7,0.0
2004-03-12,0.0,27.0,23.8
2004-03-13,63.5,9.4,3.9
2004-03-14,22.0,21.1,17.2
2004-03-15,3.5,33.6,35.0
2004-03-16,15.6,5.3,1.0
2004-03-17,0.7,44.3,51.4
2004-03-18,35.3,23.0,19.5
2004-03-19,7.4,0.7,0.0
2004-03-20,0.0,1.0,0.0
2004-03-21,0.0,2.3,0.0
2004-03-22,0.2,4.0,0.0
2004-03-23,1.5,6.4,1.0
2004-03-24,4.0,19.8,16.5
2004-03-25,4.2,0.9,0.0
2004-03-26,11.5,16.0,11.3
2004-03-27,2.6,0.0,0.0
2004-03-28,0.0,157.8,119.0
2004-03-29,30.4,3.3,0.0
2004-03-30,0.0,11.2,5.7
2004-03-31,35.2,0.9,0.0
2004-04-01,0.0,1.3,0.0
2004-04-02,2.0,1.2,0.0
2004-04-03,0.0,19.5,17.6
2004-04-04,5.5,2.7,0.0
2004-04-05,0.4,0.0,0.0
2004-04-07,73.4,0.6,0.0
2004-04-08,0.0,4.4,1.0
2004-04-09,32.5,0.6,0.0
2004-04-10,0.0,0.3,0.0
2004-04-12,2.4,0.2,0.0
2004-04-13,0.7,0.0,0.0
2004-04-14,0.0,0.0,0.0
2004-04-15,0.0,0.1,0.0
2004-04-16,0.8,0.0,0.0
2004-04-17,0.0,0.2,0.0
2004-04-18,0.0,0.0,0.0
2004-04-20,4.9,7.4,4.2
2004-04-21,0.0,5.7,2.2
2004-04-22,26.5,0.3,0.0
2004-04-24,36.2,0.8,0.0
2004-04-25,0.2,0.1,0.0
2004-04-26,6.9,8.4,4.8
2004-04-27,0.0,0.8,0.0
2004-04-28,0.0,17.3,14.0
2004-04-29,3.1,97.0,118.9
2004-04-30,3.7,0.1,0.0
2004-05-01,0.0,5.5,1.3
2004-05-02,28.5,67.0,79.9
2004-05-03,0.0,1.7,0.0
2004-05-04,0.5,6.1,2.0
2004-05-05,0.2,21.1,34.5
2004-05-06,6.5,56.9,79.4
2004-05-07,14.8,2.0,0.0
2004-05-08,0.0,0.1,0.0
2004-05-09,0.0,0.1,0.0
2004-05-10,0.0,0.2,0.0
2004-05-11,0.0,0.4,0.0
2004-05-12,0.0,22.1,46.4
2004-05-13,46.0,0.0,0.0
2004-05-14,0.0,0.0,0.0
2004-05-15,0.0,0.0,0.0
2004-05-16,0.0,0.8,0.0
2004-05-17,35.0,14.4,21.9
2004-05-18,0.2,1.9,0.0
2004-05-19,0.0,0.0,0.0
2004-05-20,0.0,0.0,0.0
2004-05-21,0.0,0.0,0.0
2004-05-22,0.0,0.5,0.0
2004-05-23,0.0,12.7,18.0
2004-05-24,15.8,25.1,63.4
2004-05-25,24.0,10.9,14.0
2004-05-26,0.7,9.1,10.7
2004-05-27,3.6,1.2,0.0
2004-05-28,0.0,1.3,0.0
2004-05-29,3.0,31.9,76.9
2004-05-30,63.2,0.0,0.0
2004-05-31,0.0,0.4,0.0
2004-06-01,0.6,2.7,0.0
2004-06-02,0.6,0.1,0.0
2004-06-03,0.0,1.3,0.0
2004-06-04,0.0,0.0,0.0
2004-06-05,0.0,0.0,0.0
2004-06-06,0.0,0.0,0.0
2004-06-07,0.0,1.1,0.0
2004-06-08,0.0,6.1,1.0
2004-06-09,7.2,4.4,0.0
2004-06-10,4.0,0.1,0.0
2004-06-11,0.0,0.0,0.0
2004-06-12,0.0,0.0,0.0
2004-06-13,0.0,0.0,0.0
2004-06-14,0.0,0.0,0.0
2004-06-15,0.0,0.0,0.0
2004-06-16,0.0,0.0,0.0
2004-06-17,0.0,0.0,0.0
2004-06-18,0.0,4.1,0.0
2004-06-19,0.8,0.0,0.0
2004-06-20,0.0,1.1,0.0
2004-06-21,0.0,0.0,0.0
2004-06-22,0.0,0.0,0.0
2004-06-23,0.0,0.0,0.0
2004-06-24,0.0,0.6,0.0
2004-06-25,0.0,0.0,0.0
2004-06-26,2.1,20.0,43.3
2004-06-27,48.5,8.2,5.2
2004-06-28,0.0,0.0,0.0
2004-06-29,0.0,0.3,0.0
2004-06-30,0.0,7.2,4.1
2004-07-01,34.5,10.1,10.0
2004-07-02,0.2,0.0,0.0
2004-07-03,0.0,8.6,7.9
2004-07-04,96.0,40.4,87.0
2004-07-05,33.4,10.3,10.2
2004-07-06,0.0,0.7,0.0
2004-07-07,1.0,0.0,0.0
2004-07-08,4.8,0.0,0.0
2004-07-09,6.0,2.6,0.0
2004-07-10,4.0,2.5,0.0
2004-07-11,3.3,0.6,0.0
2004-07-12,0.0,8.1,6.0
2004-07-13,0.0,6.3,2.7
2004-07-14,1.6,3.0,0.0
2004-07-15,0.0,2.2,0.0
2004-07-16,17.2,5.2,1.0
2004-07-17,13.5,0.1,0.0
2004-07-18,0.0,1.4,0.0
2004-07-19,0.0,0.6,0.0
2004-07-20,1.4,1.9,0.0
2004-07-21,0.0,5.6,2.5
2004-07-22,0.0,0.0,0.0
2004-07-23,0.0,2.6,0.0
2004-07-24,7.0,4.6,1.7
2004-07-25,5.5,2.9,0.0
2004-07-26,0.3,0.1,0.0
2004-07-27,48.5,0.0,0.0
2004-07-28,0.0,0.0,0.0
2004-07-29,0.0,0.0,0.0
2004-07-30,0.0,4.0,2.3
2004-07-31,0.0,7.5,6.6
2004-08-01,1.4,0.0,0.0
2004-08-02,0.0,4.9,3.0
2004-08-03,0.0,0.1,0.0
2004-08-04,0.0,0.0,0.0
2004-08-05,0.0,0.0,0.0
2004-08-06,0.0,0.0,0.0
2004-08-07,0.0,0.0,0.0
2004-08-08,0.0,0.1,0.0
2004-08-09,0.0,6.5,4.8
2004-08-10,0.0,2.6,0.0
2004-08-11,0.0,0.0,0.0
2004-08-12,0.0,0.0,0.0
2004-08-13,0.0,0.0,0.0
2004-08-14,0.0,0.0,0.0
2004-08-15,0.0,0.0,0.0
2004-08-16,0.0,0.0,0.0
2004-08-17,35.5,0.0,0.0
2004-08-18,0.0,0.0,0.0
2004-08-19,0.0,0.7,0.0
2004-08-20,0.0,2.8,1.0
2004-08-21,0.0,0.0,0.0
2004-08-22,0.0,0.0,0.0
2004-08-23,0.0,0.4,0.0
2004-08-24,0.0,0.0,0.0
2004-08-25,0.0,0.0,0.0
2004-08-26,0.0,0.2,0.0
2004-08-27,0.0,0.0,0.0
2004-08-28,0.0,0.0,0.0
2004-08-29,0.0,0.0,0.0
2004-08-30,0.0,0.0,0.0
2004-08-31,0.0,0.0,0.0
2004-09-01,0.0,0.0,0.0
2004-09-02,0.0,0.0,0.0
2004-09-03,0.0,0.2,0.0
2004-09-04,0.0,0.0,0.0
2004-09-05,0.0,0.3,0.0
2004-09-06,0.0,0.0,0.0
2004-09-08,0.0,0.0,0.0
2004-09-09,0.0,0.0,0.0
2004-09-10,0.0,4.2,1.1
2004-09-11,0.4,0.7,0.0
2004-09-12,10.3,0.8,0.0
2004-09-13,1.0,0.5,0.0
2004-09-14,0.0,0.0,0.0
2004-09-15,0.0,0.0,0.0
2004-09-16,0.0,6.6,3.7
2004-09-17,2.3,1.3,0.0
2004-09-18,0.0,0.0,0.0
2004-09-19,4.4,1.2,0.0
2004-09-20,0.0,16.5,21.9
2004-09-21,1.4,0.0,0.0
2004-09-22,3.7,0.0,0.0
2004-09-23,0.0,0.0,0.0
2004-09-24,0.0,0.0,0.0
2004-09-25,0.0,3.1,0.0
2004-09-26,0.0,0.5,0.0
2004-09-27,3.5,1.1,0.0
2004-09-28,0.0,6.5,1.0
2004-09-29,5.0,1.8,0.0
2004-09-30,0.0,0.5,0.0
2004-10-01,0.4,0.0,0.0
2004-10-02,0.0,1.9,0.0
2004-10-03,0.0,2.0,0.0
2004-10-04,1.4,0.8,0.0
2004-10-05,0.0,0.2,0.0
2004-10-06,0.0,0.4,0.0
2004-10-07,0.0,0.0,0.0
2004-10-08,0.0,0.2,0.0
2004-10-09,0.0,0.8,0.0
2004-10-10,2.2,0.3,0.0
2004-10-11,0.0,0.0,0.0
2004-10-12,0.0,0.0,0.0
2004-10-13,0.0,0.0,0.0
2004-10-14,0.0,0.0,0.0
2004-10-15,0.0,0.0,0.0
2004-10-16,0.0,0.0,0.0
2004-10-17,0.0,6.0,3.7
2004-10-18,23.5,57.0,68.3
2004-10-19,11.5,5.8,3.4
2004-10-20,0.0,0.0,0.0
2004-10-21,0.0,4.9,0.0
2004-10-22,27.1,31.8,31.0
2004-10-23,18.5,18.9,13.7
2004-10-24,3.6,4.3,0.0
2004-10-25,2.8,2.0,0.0
2004-10-27,3.6,7.9,2.0
2004-10-28,0.3,16.4,11.2
2004-10-29,38.8,15.7,10.1
2004-10-30,20.7,11.6,6.1
2004-10-31,0.8,15.6,10.3
2004-11-01,17.6,14.5,11.2
2004-11-02,9.8,15.5,12.7
2004-11-03,24.0,26.0,31.7
2004-11-04,22.0,2.5,0.0
2004-11-05,2.6,0.0,0.0
2004-11-06,0.0,0.0,0.0
2004-11-07,0.0,0.0,0.0
2004-11-10,0.3,10.6,5.6
2004-11-11,0.0,5.4,0.0
2004-11-12,4.8,18.8,15.3
2004-11-13,9.0,8.1,2.3
2004-11-14,40.0,9.2,3.6
2004-11-15,0.2,10.1,4.6
2004-11-16,0.3,0.1,0.0
2004-11-17,0.0,1.3,0.0
2004-11-18,0.0,2.4,0.0
2004-11-19,8.5,15.2,10.7
2004-11-20,1.0,0.0,0.0
2004-11-21,6.0,2.9,0.0
2004-11-22,27.0,0.0,0.0
2004-11-23,0.0,13.7,8.6
2004-11-24,11.9,0.0,0.0
2004-11-26,25.2,0.1,0.0
2004-11-27,0.0,25.3,21.3
2004-11-28,0.0,0.1,0.0
2004-11-29,0.0,0.0,0.0
2004-12-01,1.1,14.7,10.8
2004-12-02,53.0,26.5,34.6
2004-12-03,16.5,3.7,0.0
2004-12-04,0.4,4.1,0.0
2004-12-05,0.7,0.9,0.0
2004-12-06,0.3,12.7,8.3
2004-12-07,23.5,34.2,46.3
2004-12-08,12.5,4.1,0.0
2004-12-09,7.5,0.2,0.0
2004-12-10,3.8,12.1,7.6
2004-12-11,66.4,0.4,0.0
2004-12-12,0.8,6.8,2.5
2004-12-13,15.9,6.4,2.1
2004-12-14,9.8,5.9,1.6
2004-12-15,6.0,0.0,0.0
2004-12-16,0.0,3.8,0.0
2004-12-17,6.2,0.0,0.0
2004-12-18,0.0,0.0,0.0
2004-12-19,4.6,1.8,0.0
2004-12-20,0.3,23.7,23.0
2004-12-21,2.0,7.5,3.0
2004-12-22,0.7,4.7,1.0
2004-12-23,0.0,13.2,9.4
2004-12-24,0.3,1.9,0.0
2004-12-25,0.0,4.4,0.0
2004-12-26,1.4,13.4,9.6
2004-12-27,18.5,3.2,0.0
2004-12-28,0.5,2.0,0.0
2004-12-29,0.0,1.5,0.0
2004-12-30,0.0,9.2,4.8
2004-12-31,6.0,19.0,16.4
2005-01-01,9.4,1.0,0.0
2005-01-02,0.2,2.8,0.0
2005-01-03,1.0,0.5,0.0
2005-01-04,0.0,5.0,1.0
2005-01-05,9.3,42.9,47.4
2005-01-06,42.0,9.8,5.1
2005-01-07,0.5,2.4,0.0
2005-01-08,2.0,9.4,4.8
2005-01-09,1.2,16.5,11.4
2005-01-10,12.4,111.2,81.2
2005-01-11,76.6,0.4,0.0
2005-01-12,0.0,12.3,11.4
2005-01-13,14.8,1.6,0.0
2005-01-14,4.8,0.0,0.0
2005-01-15,0.0,8.3,6.4
2005-01-16,55.5,2.1,0.0
2005-01-17,0.6,1.8,0.0
2005-01-18,0.1,0.0,0.0
2005-01-19,0.0,4.8,2.2
2005-01-20,0.0,0.2,0.0
2005-01-21,0.0,0.9,0.0
2005-01-22,0.0,0.0,0.0
2005-01-23,0.0,0.1,0.0
2005-01-24,0.0,0.0,0.0
2005-01-25,0.0,0.0,0.0
2005-01-26,0.0,0.2,0.0
2005-01-27,0.0,0.0,0.0
2005-01-28,0.0,15.2,15.1
2005-01-29,18.5,0.1,0.0
2005-01-30,0.0,0.6,0.0
2005-01-31,0.0,1.2,0.0
2005-02-01,0.0,2.5,0.0
2005-02-02,32.8,43.6,56.7
2005-02-03,4.2,5.4,1.8
2005-02-04,7.0,0.2,0.0
2005-02-05,0.0,9.5,6.4
2005-02-06,12.5,11.5,8.8
2005-02-07,24.0,0.0,0.0
2005-02-08,3.7,0.0,0.0
2005-02-09,0.0,0.0,0.0
2005-02-10,0.0,0.0,0.0
2005-02-11,0.0,10.8,10.0
2005-02-12,0.0,27.9,41.6
2005-02-13,35.2,5.5,3.4
2005-02-14,0.4,8.0,6.5
2005-02-15,0.5,0.8,0.0
2005-02-16,0.0,4.7,2.4
2005-02-18,1.6,6.4,4.5
2005-02-19,0.0,18.7,20.3
2005-02-20,42.0,1.1,0.0
2005-02-22,18.5,1.2,0.0
2005-02-23,1.5,0.0,0.0
2005-02-24,0.0,0.1,0.0
2005-02-25,0.0,8.9,6.2
2005-02-26,34.5,22.6,28.0
2005-02-27,0.2,6.6,3.4
2005-02-28,5.6,26.8,33.5
2005-03-01,8.5,0.3,0.0
2005-03-02,1.5,23.7,21.2
2005-03-03,1.0,43.3,53.3
2005-03-04,21.3,15.6,12.0
2005-03-05,46.0,8.2,3.0
2005-03-06,3.9,0.0,0.0
2005-03-07,0.0,0.2,0.0
2005-03-08,0.0,0.0,0.0
2005-03-10,0.0,1.1,0.0
2005-03-11,31.0,0.6,0.0
2005-03-12,5.0,0.0,0.0
2005-03-13,0.0,12.9,7.6
2005-03-14,0.6,0.2,0.0
2005-03-15,0.0,4.2,0.0
2005-03-17,0.0,45.9,53.3
2005-03-18,66.0,10.6,5.2
2005-03-19,9.7,49.6,59.5
2005-03-20,35.0,5.1,1.0
2005-03-21,0.0,4.0,0.0
2005-03-22,2.4,8.0,2.3
2005-03-23,0.2,30.3,42.9
2005-03-24,18.5,6.9,1.2
2005-03-25,0.0,11.4,5.9
2005-03-26,113.8,9.3,3.6
2005-03-27,6.7,1.9,0.0
2005-03-28,27.5,11.1,5.5
2005-03-29,3.6,4.7,0.0
2005-03-30,10.4,5.0,0.0
2005-03-31,0.0,2.8,0.0
2005-04-02,43.3,0.2,0.0
2005-04-03,0.9,17.6,15.3
2005-04-04,21.6,2.2,0.0
2005-04-05,0.0,5.4,1.2
2005-04-06,0.0,14.0,11.0
2005-04-07,56.3,0.8,0.0
2005-04-08,0.0,1.3,0.0
2005-04-09,0.0,2.3,0.0
2005-04-11,3.0,1.1,0.0
2005-04-12,0.0,0.5,0.0
2005-04-13,0.0,4.9,1.2
2005-04-15,1.5,14.1,13.1
2005-04-16,1.0,16.9,16.8
2005-04-17,39.5,0.0,0.0
2005-04-18,0.0,3.0,0.0
2005-04-19,0.0,6.4,3.1
2005-04-20,11.3,1.9,0.0
2005-04-21,11.6,4.6,1.3
2005-04-22,17.9,13.7,10.2
2005-04-23,3.6,0.0,0.0
2005-04-24,0.0,0.0,0.0
2005-04-25,0.0,1.9,0.0
2005-04-26,7.0,0.0,0.0
2005-04-27,0.0,28.5,32.9
2005-04-28,2.4,19.0,16.1
2005-04-29,3.8,0.0,0.0
2005-04-30,0.0,7.3,3.8
2005-05-01,6.3,5.4,1.2
2005-05-02,0.0,2.2,0.0
2005-05-03,4.0,0.7,0.0
2005-05-04,0.0,1.1,0.0
2005-05-05,0.3,5.0,1.0
2005-05-06,2.3,12.2,10.1
2005-05-07,0.3,0.1,0.0
2005-05-09,22.5,0.0,0.0
2005-05-10,0.0,6.0,1.8
2005-05-11,1.2,0.0,0.0
2005-05-12,0.0,0.0,0.0
2005-05-13,0.0,1.0,0.0
2005-05-14,2.8,41.7,76.4
2005-05-15,53.3,5.5,1.6
2005-05-16,0.0,0.0,0.0
2005-05-19,0.0,0.0,0.0
2005-05-20,0.0,0.0,0.0
2005-05-21,0.0,0.0,0.0
2005-05-22,0.0,1.3,0.0
2005-05-23,0.0,1.4,0.0
2005-05-25,55.5,19.9,49.4
2005-05-26,94.0,4.7,2.0
2005-05-27,5.5,5.3,3.0
2005-05-28,0.0,0.0,0.0
2005-05-29,0.0,0.0,0.0
2005-05-30,1.1,0.0,0.0
2005-05-31,0.0,0.0,0.0
2005-06-01,0.0,0.0,0.0
2005-06-02,0.0,0.0,0.0
2005-06-03,0.0,0.0,0.0
2005-06-04,0.0,0.0,0.0
2005-06-05,0.0,0.0,0.0
2005-06-06,0.0,0.0,0.0
2005-06-07,0.0,5.3,0.0
2005-06-08,2.0,0.3,0.0
2005-06-10,0.0,2.7,0.0
2005-06-11,1.1,47.6,71.8
2005-06-12,14.0,1.9,0.0
2005-06-13,0.2,0.0,0.0
2005-06-14,4.5,4.2,0.0
2005-06-15,73.0,2.6,0.0
2005-06-16,0.2,14.7,32.1
2005-06-17,9.2,9.1,7.0
2005-06-18,29.5,1.2,0.0
2005-06-19,5.2,5.6,1.0
2005-06-21,38.5,22.7,51.1
2005-06-22,0.6,16.9,20.1
2005-06-23,0.0,10.8,9.3
2005-06-24,0.1,4.0,0.0
2005-06-26,1.2,6.1,3.6
2005-06-27,2.6,0.0,0.0
2005-06-29,0.0,0.0,0.0
2005-07-01,0.8,0.0,0.0
2005-07-02,0.0,0.0,0.0
2005-07-03,0.0,0.0,0.0
2005-07-04,0.0,1.7,0.0
2005-07-05,0.0,0.0,0.0
2005-07-06,0.0,0.0,0.0
2005-07-07,0.0,1.2,0.0
2005-07-08,0.0,0.2,0.0
2005-07-09,0.0,0.7,0.0
2005-07-10,0.0,0.4,0.0
2005-07-12,0.0,0.0,0.0
2005-07-13,3.0,0.2,0.0
2005-07-16,17.8,1.2,0.0
2005-07-17,26.0,0.1,0.0
2005-07-18,0.0,7.6,5.5
2005-07-19,2.1,0.6,0.0
2005-07-21,0.0,1.8,0.0
2005-07-22,0.0,0.0,0.0
2005-07-23,0.0,0.8,0.0
2005-07-24,7.7,0.0,0.0
2005-07-25,0.0,0.0,0.0
2005-07-27,0.3,0.1,0.0
2005-07-28,0.0,0.0,0.0
2005-07-29,9.0,0.5,0.0
2005-07-30,17.5,36.7,104.5
2005-07-31,85.5,24.8,61.5
2005-08-01,2.5,0.0,0.0
2005-08-02,0.0,23.7,29.3
2005-08-03,2.1,10.4,9.2
2005-08-04,8.5,0.1,0.0
2005-08-05,0.0,1.8,0.0
2005-08-07,12.0,0.0,0.0
2005-08-08,0.0,0.0,0.0
2005-08-09,0.0,0.0,0.0
2005-08-10,0.0,0.0,0.0
2005-08-11,0.0,0.0,0.0
2005-08-12,0.0,0.1,0.0
2005-08-13,0.0,0.0,0.0
2005-08-14,0.0,0.0,0.0
2005-08-15,0.0,0.5,0.0
2005-08-16,0.0,0.0,0.0
2005-08-17,1.0,3.7,2.4
2005-08-18,0.0,17.1,18.0
2005-08-19,3.8,7.1,6.0
2005-08-20,1.5,2.3,1.0
2005-08-21,0.0,7.1,4.9
2005-08-23,2.0,0.6,0.0
2005-08-24,0.0,7.2,4.8
2005-08-25,10.7,4.4,1.8
2005-08-26,20.5,13.6,11.9
2005-08-27,2.5,10.1,7.8
2005-08-28,0.2,0.0,0.0
2005-08-29,0.0,0.0,0.0
2005-08-30,0.0,1.6,0.0
2005-08-31,0.0,0.0,0.0
2005-09-01,0.0,0.0,0.0
2005-09-02,0.0,0.7,0.0
2005-09-03,0.0,2.9,0.0
2005-09-04,3.6,0.0,0.0
2005-09-05,0.0,0.7,0.0
2005-09-06,0.0,0.0,0.0
2005-09-07,0.0,3.8,1.0
2005-09-08,0.0,38.8,73.0
2005-09-09,4.0,0.8,0.0
2005-09-10,0.0,0.2,0.0
2005-09-11,0.0,0.0,0.0
2005-09-12,13.6,33.0,69.3
2005-09-13,93.5,0.9,0.0
2005-09-14,0.0,0.0,0.0
2005-09-15,0.0,1.1,0.0
2005-09-16,0.3,21.5,43.7
2005-09-17,3.0,0.7,0.0
2005-09-18,0.0,1.3,0.0
2005-09-19,0.0,8.3,5.6
2005-09-20,13.0,2.8,0.0
2005-09-21,0.0,0.3,0.0
2005-09-22,0.0,0.0,0.0
2005-09-23,0.0,0.0,0.0
2005-09-24,0.0,0.6,0.0
2005-09-25,0.0,6.1,1.0
2005-09-27,1.7,1.9,0.0
2005-09-28,0.0,1.0,0.0
2005-09-29,0.0,28.9,59.4
2005-09-30,17.8,0.0,0.0
2005-10-01,0.0,21.2,47.6
2005-10-02,18.8,0.7,0.0
2005-10-03,0.0,0.0,0.0
2005-10-04,0.0,0.0,0.0
2005-10-05,0.0,2.9,0.0
2005-10-06,0.0,1.8,0.0
2005-10-07,0.0,0.2,0.0
2005-10-08,0.0,0.0,0.0
2005-10-10,2.0,1.9,0.0
2005-10-11,0.0,9.3,6.9
2005-10-12,8.0,195.1,105.2
2005-10-13,20.0,36.3,43.0
2005-10-14,12.3,0.8,0.0
2005-10-15,0.0,19.8,17.3
2005-10-16,0.0,0.0,0.0
2005-10-17,0.0,7.9,5.6
2005-10-18,2.4,17.8,15.7
2005-10-19,4.1,33.9,38.7
2005-10-20,12.2,3.1,1.0
2005-10-21,0.8,2.2,0.0
2005-10-22,0.0,0.6,0.0
2005-10-23,0.0,41.8,35.9
2005-10-24,26.8,14.0,8.6
2005-10-25,31.0,12.4,6.9
2005-10-26,6.8,0.0,0.0
2005-10-27,0.0,1.8,0.0
2005-10-28,0.0,1.7,0.0
2005-10-29,0.0,0.3,0.0
2005-10-30,11.3,0.0,0.0
2005-10-31,0.0,28.9,28.8
2005-11-01,57.3,2.3,0.0
2005-11-02,0.0,15.2,12.2
2005-11-03,10.6,8.2,2.5
2005-11-06,0.0,0.2,0.0
2005-11-07,2.6,0.3,0.0
2005-11-08,0.0,0.9,0.0
2005-11-09,0.0,0.1,0.0
2005-11-10,0.0,1.5,0.0
2005-11-11,0.0,31.5,46.1
2005-11-12,20.3,50.2,73.4
2005-11-13,10.2,14.6,10.0
2005-11-14,1.5,0.1,0.0
2005-11-15,0.0,1.1,0.0
2005-11-16,0.0,1.6,0.0
2005-11-18,14.4,44.8,67.0
2005-11-19,24.1,8.7,3.0
2005-11-20,3.3,59.1,85.2
2005-11-21,37.0,28.0,29.1
2005-11-22,5.5,16.3,11.3
2005-11-23,6.0,15.6,10.6
2005-11-24,1.8,46.0,46.8
2005-11-25,0.0,10.4,5.1
2005-11-26,0.2,10.9,5.6
2005-11-27,11.5,0.5,0.0
2005-11-28,0.0,8.2,2.8
2005-11-29,2.1,3.8,0.0
2005-11-30,3.0,1.7,0.0
2005-12-01,10.4,10.8,5.9
2005-12-02,0.5,1.4,0.0
2005-12-03,1.7,0.2,0.0
2005-12-04,0.0,0.3,0.0
2005-12-05,0.0,3.8,0.0
2005-12-06,0.0,2.4,0.0
2005-12-07,1.5,9.1,3.9
2005-12-08,14.5,1.4,0.0
2005-12-09,0.2,8.3,2.9
2005-12-10,14.0,3.0,0.0
2005-12-11,0.0,6.1,1.8
2005-12-12,7.5,1.2,0.0
2005-12-14,0.0,1.0,0.0
2005-12-15,0.0,0.2,0.0
2005-12-16,0.0,44.9,59.7
2005-12-17,26.5,7.7,3.5
2005-12-18,2.3,3.4,0.0
2005-12-19,0.0,62.9,89.6
2005-12-20,37.5,2.4,0.0
2005-12-21,14.0,3.7,0.0
2005-12-22,0.3,12.9,9.1
2005-12-23,6.7,2.5,0.0
2005-12-24,0.0,34.7,45.9
2005-12-25,41.5,0.5,0.0
2005-12-26,1.0,1.1,0.0
2005-12-27,0.0,8.5,4.1
2005-12-29,6.7,17.8,16.8
2005-12-30,23.7,15.1,11.5
2005-12-31,12.3,3.9,0.0
2006-01-01,4.8,1.0,0.0
2006-01-02,0.0,0.8,0.0
2006-01-03,0.0,0.2,0.0
2006-01-04,0.0,17.0,11.8
2006-01-05,5.9,50.7,55.0
2006-01-06,56.3,3.1,0.0
2006-01-07,15.6,89.6,78.7
2006-01-08,94.0,43.2,48.0
2006-01-09,26.5,3.5,0.0
2006-01-10,17.5,0.1,0.0
2006-01-12,6.9,2.0,0.0
2006-01-13,0.0,5.1,2.5
2006-01-14,0.0,6.4,4.1
2006-01-15,0.6,14.1,14.7
2006-01-16,6.3,21.2,29.4
2006-01-17,12.9,15.8,15.9
2006-01-18,7.6,7.5,5.5
2006-01-19,9.8,47.5,61.5
2006-01-20,44.4,0.4,0.0
2006-01-22,6.4,28.4,34.2
2006-01-23,26.0,4.6,2.2
2006-01-24,15.0,2.8,1.0
2006-01-27,1.0,0.0,0.0
2006-01-29,1.0,0.9,0.0
2006-01-30,1.8,0.0,0.0
2006-02-01,0.0,0.2,0.0
2006-02-02,0.0,0.0,0.0
2006-02-03,0.0,0.0,0.0
2006-02-05,13.6,5.4,1.8
2006-02-06,2.0,0.0,0.0
2006-02-07,3.0,5.9,2.3
2006-02-08,0.0,27.9,37.1
2006-02-09,9.5,0.4,0.0
2006-02-11,36.7,0.0,0.0
2006-02-12,0.0,3.8,1.3
2006-02-13,27.8,0.0,0.0
2006-02-14,0.0,10.0,9.1
2006-02-15,0.0,17.3,19.2
2006-02-16,14.8,0.5,0.0
2006-02-17,0.0,0.0,0.0
2006-02-18,9.6,9.6,8.5
2006-02-19,0.0,15.5,17.1
2006-02-20,16.0,0.0,0.0
2006-02-21,0.0,19.5,19.2
2006-02-22,9.8,13.8,12.1
2006-02-23,10.3,0.1,0.0
2006-02-24,0.0,5.8,2.4
2006-02-25,6.8,25.7,31.1
2006-02-26,4.4,15.3,14.0
2006-02-27,0.8,13.9,12.1
2006-02-28,87.5,1.3,0.0
2006-03-01,0.1,0.4,0.0
2006-03-02,0.0,1.9,0.0
2006-03-03,19.5,1.6,0.0
2006-03-05,0.6,19.2,16.4
2006-03-06,55.5,0.1,0.0
2006-03-07,0.0,0.6,0.0
2006-03-08,0.0,0.2,0.0
2006-03-10,1.5,14.4,10.6
2006-03-11,2.8,11.0,5.6
2006-03-12,51.5,5.0,0.0
2006-03-13,0.8,5.8,1.0
2006-03-14,3.8,3.2,0.0
2006-03-15,0.2,4.2,0.0
2006-03-16,3.2,0.2,0.0
2006-03-19,121.0,6.9,1.5
2006-03-20,0.0,39.1,44.2
2006-03-21,15.8,3.8,0.0
2006-03-23,55.6,27.7,40.1
2006-03-24,35.0,6.9,1.1
2006-03-25,0.0,6.1,1.0
2006-03-26,0.0,61.9,93.2
2006-03-27,42.5,4.9,0.0
2006-03-28,0.6,18.5,14.4
2006-03-29,9.5,2.7,0.0
2006-03-30,0.0,2.9,0.0
2006-03-31,0.0,27.6,37.0
2006-04-01,12.5,0.9,0.0
2006-04-02,0.0,21.8,19.9
2006-04-03,12.0,3.8,0.0
2006-04-04,0.5,1.5,0.0
2006-04-05,0.0,0.0,0.0
2006-04-06,1.0,20.6,20.3
2006-04-07,43.0,7.5,3.4
2006-04-08,2.6,1.7,0.0
2006-04-09,2.7,21.7,20.4
2006-04-10,16.5,1.6,0.0
2006-04-11,55.0,5.1,1.5
2006-04-12,16.6,1.8,0.0
2006-04-13,32.5,62.6,99.0
2006-04-14,42.3,4.5,1.0
2006-04-15,1.6,9.1,6.5
2006-04-16,4.7,0.2,0.0
2006-04-17,0.0,3.2,0.0
2006-04-18,0.6,15.8,15.4
2006-04-19,0.3,1.0,0.0
2006-04-21,1.3,13.6,10.1
2006-04-22,25.0,5.9,2.5
2006-04-23,0.0,0.3,0.0
2006-04-24,6.5,0.2,0.0
2006-04-25,0.0,45.6,59.9
2006-04-26,9.6,1.4,0.0
2006-04-27,0.0,0.9,0.0
2006-04-28,0.0,0.2,0.0
2006-04-29,0.0,2.1,0.0
2006-04-30,0.2,0.0,0.0
2006-05-01,0.0,0.1,0.0
2006-05-02,0.0,5.5,1.3
2006-05-03,0.0,0.6,0.0
2006-05-04,0.0,4.6,1.0
2006-05-06,4.5,0.7,0.0
2006-05-07,0.0,6.9,2.9
2006-05-08,1.5,0.0,0.0
2006-05-09,0.0,6.4,2.3
2006-05-10,0.0,3.0,0.0
2006-05-11,14.5,1.3,0.0
2006-05-12,16.0,7.1,4.2
2006-05-13,3.0,15.9,27.5
2006-05-14,0.7,0.3,0.0
2006-05-15,0.0,0.3,0.0
2006-05-16,0.0,0.0,0.0
2006-05-17,0.0,8.4,6.6
2006-05-18,28.0,1.0,0.0
2006-05-19,2.9,0.2,0.0
2006-05-20,1.0,6.5,3.2
2006-05-21,2.5,5.6,3.7
2006-05-22,0.5,1.1,0.0
2006-05-23,0.4,12.0,15.7
2006-05-24,0.5,0.0,0.0
2006-05-25,0.0,4.4,1.5
2006-05-26,2.4,15.1,32.0
2006-05-27,4.0,0.4,0.0
2006-05-28,0.3,39.4,91.0
2006-05-29,8.8,1.3,0.0
2006-05-31,0.0,0.0,0.0
2006-06-01,0.0,6.8,2.1
2006-06-02,0.6,13.0,14.2
2006-06-03,81.0,5.3,0.0
2006-06-04,6.5,15.0,31.7
2006-06-05,22.5,15.9,33.9
2006-06-07,2.1,0.0,0.0
2006-06-08,0.0,5.4,0.0
2006-06-09,4.0,0.3,0.0
2006-06-10,0.0,0.0,0.0
2006-06-11,0.0,0.4,0.0
2006-06-12,0.0,0.0,0.0
2006-06-13,0.0,0.0,0.0
2006-06-14,0.0,0.0,0.0
2006-06-15,0.0,21.2,52.5
2006-06-17,2.6,0.0,0.0
2006-06-18,0.0,2.0,0.0
2006-06-19,7.5,0.7,0.0
2006-06-20,0.0,21.3,52.8
2006-06-21,4.5,5.0,1.0
2006-06-23,6.0,9.4,8.3
2006-06-25,41.2,0.3,0.0
2006-06-26,0.0,0.0,0.0
2006-06-27,0.0,0.0,0.0
2006-06-28,0.0,0.0,0.0
2006-06-29,0.0,0.0,0.0
2006-06-30,12.0,0.0,0.0
2006-07-01,0.0,0.0,0.0
2006-07-02,0.0,0.0,0.0
2006-07-03,0.0,0.0,0.0
2006-07-04,0.0,0.0,0.0
2006-07-05,0.0,0.0,0.0
2006-07-06,0.0,0.0,0.0
2006-07-07,0.0,0.0,0.0
2006-07-08,0.0,0.0,0.0
2006-07-09,0.0,0.0,0.0
2006-07-10,0.0,0.0,0.0
2006-07-11,3.7,1.3,0.0
2006-07-12,11.7,0.9,0.0
2006-07-13,0.0,0.0,0.0
2006-07-14,0.0,0.3,0.0
2006-07-16,0.0,0.0,0.0
2006-07-17,0.6,0.0,0.0
2006-07-18,0.0,8.3,8.1
2006-07-19,28.7,1.2,0.0
2006-07-21,70.2,0.0,0.0
2006-07-22,0.0,0.2,0.0
2006-07-23,0.0,0.3,0.0
2006-07-24,0.0,3.0,0.0
2006-07-26,0.0,0.0,0.0
2006-07-27,0.0,0.7,0.0
2006-07-28,4.7,1.8,0.0
2006-07-31,0.6,1.4,0.0
2006-08-01,0.0,3.5,1.1
2006-08-02,0.0,0.0,0.0
2006-08-03,0.0,0.0,0.0
2006-08-04,0.0,0.0,0.0
2006-08-05,0.0,0.0,0.0
2006-08-06,0.0,0.0,0.0
2006-08-07,0.0,0.0,0.0
2006-08-08,0.0,0.0,0.0
2006-08-09,0.0,0.0,0.0
2006-08-10,0.0,0.0,0.0
2006-08-11,0.0,0.0,0.0
2006-08-12,0.0,0.0,0.0
2006-08-13,0.0,0.0,0.0
2006-08-14,0.0,0.0,0.0
2006-08-15,0.0,0.0,0.0
2006-08-16,0.0,0.0,0.0
2006-08-17,0.0,0.0,0.0
2006-08-18,0.0,0.0,0.0
2006-08-19,0.0,0.0,0.0
2006-08-20,0.0,0.0,0.0
2006-08-21,0.0,0.0,0.0
2006-08-22,0.0,0.0,0.0
2006-08-23,0.0,0.0,0.0
2006-08-24,0.0,0.0,0.0
2006-08-25,0.0,0.0,0.0
2006-08-26,0.0,0.0,0.0
2006-08-27,0.0,0.0,0.0
2006-08-28,0.0,5.7,3.4
2006-08-29,8.6,0.0,0.0
2006-08-30,0.0,0.0,0.0
2006-08-31,1.5,0.0,0.0
2006-09-01,0.0,1.7,0.0
2006-09-02,0.0,0.0,0.0
2006-09-03,0.0,0.0,0.0
2006-09-04,0.0,0.0,0.0
2006-09-05,0.0,0.0,0.0
2006-09-06,0.0,0.0,0.0
2006-09-07,0.0,0.0,0.0
2006-09-08,0.0,0.0,0.0
2006-09-09,0.0,0.0,0.0
2006-09-10,0.0,0.0,0.0
2006-09-11,0.0,0.0,0.0
2006-09-12,0.0,0.0,0.0
2006-09-13,0.0,0.0,0.0
2006-09-14,0.0,0.6,0.0
2006-09-15,0.9,6.7,4.5
2006-09-17,0.0,0.0,0.0
2006-09-18,0.0,0.0,0.0
2006-09-19,0.0,0.0,0.0
2006-09-20,0.0,0.9,0.0
2006-09-21,0.0,0.6,0.0
2006-09-22,0.0,0.1,0.0
2006-09-23,0.0,0.3,0.0
2006-09-24,0.0,0.0,0.0
2006-09-25,0.0,0.0,0.0
2006-09-26,0.0,0.0,0.0
2006-09-27,0.0,0.0,0.0
2006-09-28,0.0,0.0,0.0
2006-09-29,0.0,0.0,0.0
2006-09-30,0.0,0.0,0.0
2006-10-01,0.0,0.0,0.0
2006-10-02,0.0,0.0,0.0
2006-10-03,0.0,0.0,0.0
2006-10-04,0.0,0.0,0.0
2006-10-05,0.0,0.0,0.0
2006-10-06,0.0,0.0,0.0
2006-10-07,0.0,0.0,0.0
2006-10-08,0.0,0.0,0.0
2006-10-09,0.0,0.0,0.0
2006-10-10,0.0,0.0,0.0
2006-10-11,0.0,0.0,0.0
2006-10-12,0.0,0.0,0.0
2006-10-13,0.0,0.0,0.0
2006-10-14,0.0,0.0,0.0
2006-10-15,0.0,0.0,0.0
2006-10-16,0.0,0.0,0.0
2006-10-17,0.0,0.0,0.0
2006-10-18,0.0,0.0,0.0
2006-10-19,0.0,0.0,0.0
2006-10-20,0.0,0.0,0.0
2006-10-21,0.0,0.0,0.0
2006-10-22,0.0,0.0,0.0
2006-10-23,0.0,0.0,0.0
2006-10-24,0.0,0.0,0.0
2006-10-25,0.0,0.0,0.0
2006-10-26,0.0,0.0,0.0
2006-10-27,0.0,3.3,0.0
2006-10-28,0.0,0.7,0.0
2006-10-31,0.0,11.3,5.7
2006-11-01,17.3,10.7,5.8
2006-11-03,3.0,0.0,0.0
2006-11-06,0.0,0.0,0.0
2006-11-07,0.5,4.7,0.0
2006-11-08,1.0,11.3,6.6
2006-11-09,0.3,5.9,1.0
2006-11-10,2.6,9.3,3.8
2006-11-11,0.5,16.7,12.6
2006-11-12,9.0,3.1,0.0
2006-11-13,14.2,0.5,0.0
2006-11-14,3.6,5.9,1.0
2006-11-16,0.0,4.1,0.0
2006-11-17,0.5,1.0,0.0
2006-11-18,0.0,0.0,0.0
2006-11-19,0.0,15.3,10.9
2006-11-20,8.5,0.0,0.0
2006-11-21,0.0,2.4,0.0
2006-11-22,0.0,33.8,35.3
2006-11-23,1.0,3.5,0.0
2006-11-25,3.8,12.1,6.9
2006-11-26,1.5,20.9,16.2
2006-11-27,37.5,7.6,2.1
2006-11-28,4.5,0.0,0.0
2006-11-29,0.0,22.0,17.4
2006-11-30,25.9,1.8,0.0
2006-12-01,10.0,7.4,1.9
2006-12-02,0.0,2.6,0.0
2006-12-03,75.6,5.4,0.0
2006-12-04,1.4,28.9,39.1
2006-12-05,24.5,2.9,0.0
2006-12-06,0.0,3.3,0.0
2006-12-07,11.0,3.9,0.0
2006-12-08,0.0,7.7,2.2
2006-12-09,9.5,0.0,0.0
2006-12-10,0.0,0.0,0.0
2006-12-11,0.0,6.2,2.0
2006-12-13,0.0,7.5,3.3
2006-12-14,16.3,0.9,0.0
2006-12-15,0.0,13.9,10.4
2006-12-16,11.5,0.4,0.0
2006-12-18,0.0,0.6,0.0
2006-12-19,0.0,5.1,1.0
2006-12-20,0.5,0.1,0.0
2006-12-21,0.0,0.0,0.0
2006-12-22,0.0,0.9,0.0
2006-12-23,0.1,14.1,10.4
2006-12-24,31.0,0.4,0.0
2006-12-25,0.0,6.4,1.8
2006-12-26,0.2,2.8,0.0
2006-12-27,0.5,0.4,0.0
2006-12-28,0.0,5.8,1.2
2006-12-29,25.6,4.7,1.0
2006-12-30,2.6,0.6,0.0
2006-12-31,0.3,0.8,0.0
2007-01-01,0.3,8.9,4.4
2007-01-02,12.7,4.7,1.0
2007-01-03,7.6,2.7,0.0
2007-01-04,0.2,17.4,12.3
2007-01-05,19.0,34.5,37.1
2007-01-06,63.5,4.0,0.0
2007-01-08,46.5,4.6,1.0
2007-01-09,4.0,0.0,0.0
2007-01-11,11.3,55.9,67.4
2007-01-12,19.0,0.1,0.0
2007-01-13,0.0,67.3,77.3
2007-01-14,51.2,60.1,70.5
2007-01-15,21.5,3.9,1.1
2007-01-16,56.5,2.3,0.0
2007-01-18,30.0,39.2,53.6
2007-01-19,9.0,49.0,64.4
2007-01-20,70.0,3.2,1.0
2007-01-21,0.0,3.6,1.2
2007-01-22,0.0,3.6,1.1
2007-01-23,3.5,3.8,1.3
2007-01-24,3.0,19.1,21.4
2007-01-25,30.5,1.7,0.0
2007-01-26,6.3,6.2,4.0
2007-01-27,2.4,6.4,4.3
2007-01-28,12.7,15.8,15.3
2007-01-29,21.0,0.0,0.0
2007-01-30,1.4,0.0,0.0
2007-02-02,0.3,0.0,0.0
2007-02-03,1.8,2.8,0.0
2007-02-04,8.0,0.4,0.0
2007-02-05,2.5,0.1,0.0
2007-02-06,0.0,0.1,0.0
2007-02-07,0.0,0.0,0.0
2007-02-08,0.0,0.0,0.0
2007-02-09,0.0,0.0,0.0
2007-02-10,0.0,0.9,0.0
2007-02-11,0.0,0.0,0.0
2007-02-12,0.0,0.0,0.0
2007-02-13,0.0,12.0,11.5
2007-02-14,39.0,0.3,0.0
2007-02-15,2.3,7.2,5.5
2007-02-16,4.6,26.0,39.6
2007-02-17,9.1,0.3,0.0
2007-02-18,0.0,6.1,4.1
2007-02-19,2.4,4.2,1.8
2007-02-20,3.0,9.5,8.4
2007-02-21,0.5,7.3,4.2
2007-02-23,21.5,0.1,0.0
2007-02-24,12.0,11.3,9.1
2007-02-25,31.2,16.9,16.0
2007-02-26,2.2,33.6,40.8
2007-02-27,39.0,0.5,0.0
2007-02-28,0.0,33.9,42.0
2007-03-01,12.5,5.8,1.0
2007-03-02,0.5,0.9,0.0
2007-03-03,0.0,23.0,21.6
2007-03-04,24.5,0.7,0.0
2007-03-05,12.0,2.9,0.0
2007-03-06,3.4,0.9,0.0
2007-03-07,0.0,27.6,33.4
2007-03-08,18.0,0.7,0.0
2007-03-09,3.4,4.0,0.0
2007-03-10,24.6,1.0,0.0
2007-03-11,0.0,0.2,0.0
2007-03-12,0.0,6.1,1.0
2007-03-13,13.6,1.6,0.0
2007-03-14,0.0,44.7,51.7
2007-03-15,20.0,0.2,0.0
2007-03-18,2.0,35.0,37.1
2007-03-19,1.0,0.1,0.0
2007-03-20,0.0,0.2,0.0
2007-03-21,0.0,13.3,8.1
2007-03-22,27.5,6.6,1.0
2007-03-24,0.0,27.0,35.6
2007-03-25,8.4,13.1,7.8
2007-03-26,7.3,3.3,0.0
2007-03-27,1.2,0.7,0.0
2007-03-29,17.5,0.0,0.0
2007-03-30,0.0,29.6,40.8
2007-03-31,11.0,6.2,1.0
2007-04-01,15.0,23.3,25.9
2007-04-02,7.2,36.6,48.7
2007-04-03,26.8,10.0,6.3
2007-04-04,12.5,9.8,6.0
2007-04-05,0.0,4.3,1.0
2007-04-06,0.0,0.0,0.0
2007-04-07,1.0,8.7,4.8
2007-04-08,6.6,10.6,7.0
2007-04-09,10.5,24.3,29.6
2007-04-10,35.3,2.3,0.0
2007-04-11,6.2,62.7,97.7
2007-04-12,39.5,20.9,22.4
2007-04-13,1.0,2.0,0.0
2007-04-14,0.3,11.0,8.9
2007-04-15,26.0,4.4,1.0
2007-04-16,0.0,37.6,56.5
2007-04-17,83.6,0.9,0.0
2007-04-18,0.0,20.5,22.2
2007-04-19,3.8,1.2,0.0
2007-04-20,0.0,4.6,1.0
2007-04-21,0.0,23.3,24.2
2007-04-22,12.9,7.3,3.8
2007-04-23,0.0,11.2,7.6
2007-04-24,13.5,0.6,0.0
2007-04-25,14.0,15.2,11.7
2007-04-26,17.0,1.9,0.0
2007-04-27,0.0,16.5,13.5
2007-04-28,6.6,44.9,58.9
2007-04-29,36.7,9.6,6.0
2007-04-30,3.0,0.7,0.0
2007-05-01,0.5,8.2,4.4
2007-05-02,25.0,0.2,0.0
2007-05-03,0.0,0.0,0.0
2007-05-04,0.0,11.7,8.8
2007-05-05,6.7,1.4,0.0
2007-05-06,0.0,2.7,0.0
2007-05-07,0.3,2.0,0.0
2007-05-08,20.0,2.1,0.0
2007-05-09,3.8,16.6,24.0
2007-05-10,6.0,1.4,0.0
2007-05-11,0.0,0.1,0.0
2007-05-12,0.0,3.9,0.0
2007-05-13,0.0,26.3,58.8
2007-05-14,17.0,5.1,1.1
2007-05-16,3.8,0.0,0.0
2007-05-17,0.0,21.4,46.8
2007-05-18,50.0,0.1,0.0
2007-05-19,0.0,8.6,7.4
2007-05-20,1.5,2.1,0.0
2007-05-21,14.6,0.0,0.0
2007-05-22,0.0,0.0,0.0
2007-05-23,0.0,3.6,1.0
2007-05-24,0.0,9.4,11.0
2007-05-25,9.7,0.5,0.0
2007-05-27,5.8,0.4,0.0
2007-05-29,0.0,0.0,0.0
2007-05-30,0.0,0.3,0.0
2007-05-31,22.3,3.6,1.0
2007-06-02,0.0,3.6,0.0
2007-06-03,0.0,0.1,0.0
2007-06-04,0.0,20.7,46.8
2007-06-05,30.2,7.8,5.6
2007-06-06,5.8,6.1,1.0
2007-06-07,1.0,10.5,9.5
2007-06-08,4.4,1.8,0.0
2007-06-09,0.0,4.4,0.0
2007-06-10,2.2,41.4,74.2
2007-06-11,17.5,0.1,0.0
2007-06-12,0.0,0.0,0.0
2007-06-13,0.0,0.1,0.0
2007-06-14,0.0,12.6,13.2
2007-06-15,34.6,1.6,0.0
2007-06-16,14.6,4.1,0.0
2007-06-17,2.6,8.7,7.0
2007-06-18,1.0,12.1,12.6
2007-06-19,13.9,0.4,0.0
2007-06-20,0.0,0.2,0.0
2007-06-21,0.0,0.0,0.0
2007-06-22,0.0,0.0,0.0
2007-06-23,0.0,1.3,0.0
2007-06-24,1.7,0.0,0.0
2007-06-25,0.0,0.0,0.0
2007-06-26,0.0,0.0,0.0
2007-06-27,0.0,0.2,0.0
2007-06-28,0.0,0.6,0.0
2007-06-29,0.0,0.0,0.0
2007-06-30,0.0,0.5,0.0
2007-07-01,0.0,7.7,6.5
2007-07-02,5.4,0.0,0.0
2007-07-03,0.0,0.7,0.0
2007-07-04,13.5,0.0,0.0
2007-07-05,0.0,0.0,0.0
2007-07-06,0.0,0.0,0.0
2007-07-07,0.0,0.0,0.0
2007-07-08,0.0,1.2,0.0
2007-07-09,0.0,11.2,11.2
2007-07-12,0.0,0.0,0.0
2007-07-13,0.0,0.0,0.0
2007-07-14,0.0,0.0,0.0
2007-07-15,0.0,0.1,0.0
2007-07-16,0.0,0.1,0.0
2007-07-18,1.0,4.4,1.0
2007-07-19,1.7,0.4,0.0
2007-07-20,1.2,24.9,40.4
2007-07-21,37.6,33.0,96.9
2007-07-22,29.0,13.6,25.0
2007-07-24,1.0,2.2,0.0
2007-07-25,0.0,0.2,0.0
2007-07-26,0.0,0.3,0.0
2007-07-27,0.0,8.0,6.3
2007-07-28,0.0,0.0,0.0
2007-07-29,0.0,2.6,0.0
2007-07-30,7.8,0.0,0.0
2007-07-31,0.0,8.7,7.3
2007-08-02,0.0,0.0,0.0
2007-08-03,0.0,0.0,0.0
2007-08-04,0.0,0.0,0.0
2007-08-05,0.0,0.0,0.0
2007-08-06,0.0,0.0,0.0
2007-08-07,0.0,0.0,0.0
2007-08-08,0.0,0.0,0.0
2007-08-09,0.0,0.1,0.0
2007-08-10,0.0,0.0,0.0
2007-08-11,0.0,0.0,0.0
2007-08-12,0.0,41.0,63.5
2007-08-13,1.4,1.0,0.0
2007-08-14,0.0,10.9,10.4
2007-08-15,0.0,0.0,0.0
2007-08-16,0.0,0.0,0.0
2007-08-17,0.0,0.0,0.0
2007-08-18,0.0,0.0,0.0
2007-08-19,0.0,1.2,0.0
2007-08-22,0.0,3.2,1.0
2007-08-23,0.0,8.9,6.7
2007-08-24,0.4,2.0,0.0
2007-08-25,1.5,0.0,0.0
2007-08-27,0.0,0.0,0.0
2007-08-28,0.0,0.0,0.0
2007-08-29,0.0,0.0,0.0
2007-08-31,0.0,0.0,0.0
2007-09-02,0.0,0.2,0.0
2007-09-03,0.0,7.3,7.6
2007-09-04,1.7,15.2,33.8
2007-09-05,1.5,0.0,0.0
2007-09-06,0.0,0.0,0.0
2007-09-07,0.0,0.0,0.0
2007-09-08,0.0,14.9,32.8
2007-09-09,3.2,0.0,0.0
2007-09-10,0.0,7.0,5.9
2007-09-11,35.4,8.3,6.1
2007-09-12,16.0,0.3,0.0
2007-09-13,0.0,0.0,0.0
2007-09-14,0.0,0.0,0.0
2007-09-15,0.0,0.2,0.0
2007-09-16,0.0,0.5,0.0
2007-09-18,0.5,0.0,0.0
2007-09-19,0.0,0.6,0.0
2007-09-20,0.0,0.4,0.0
2007-09-21,0.0,0.0,0.0
2007-09-22,0.0,0.0,0.0
2007-09-23,0.0,0.0,0.0
2007-09-24,0.0,1.6,0.0
2007-09-25,0.0,0.0,0.0
2007-09-26,0.0,0.1,0.0
2007-09-27,0.0,0.0,0.0
2007-09-28,0.0,0.0,0.0
2007-09-29,0.0,0.2,0.0
2007-09-30,0.0,0.0,0.0
2007-10-01,0.0,0.0,0.0
2007-10-02,0.0,0.0,0.0
2007-10-03,0.0,0.3,0.0
2007-10-04,0.0,0.0,0.0
2007-10-05,0.0,0.0,0.0
2007-10-06,0.0,0.0,0.0
2007-10-07,0.3,4.3,0.0
2007-10-08,20.0,15.5,16.4
2007-10-09,18.4,15.4,16.7
2007-10-10,2.8,7.3,3.4
2007-10-11,0.8,0.0,0.0
2007-10-12,0.0,6.9,4.6
2007-10-13,2.0,11.6,9.9
2007-10-14,3.5,6.2,3.9
2007-10-15,2.0,7.2,4.9
2007-10-16,1.6,1.2,0.0
2007-10-17,4.7,6.0,3.6
2007-10-18,30.5,0.0,0.0
2007-10-19,5.4,0.7,0.0
2007-10-20,0.0,1.5,0.0
2007-10-21,8.5,3.5,0.0
2007-10-22,0.8,31.6,30.8
2007-10-23,4.3,2.8,0.0
2007-10-25,0.0,0.0,0.0
2007-10-26,0.0,0.0,0.0
2007-10-27,0.0,0.0,0.0
2007-10-28,0.0,11.6,6.1
2007-10-29,5.5,7.9,2.0
2007-10-30,2.5,2.3,0.0
2007-10-31,0.0,0.4,0.0
2007-11-01,0.0,1.4,0.0
2007-11-02,0.0,54.0,92.3
2007-11-03,20.3,4.0,0.0
2007-11-04,0.0,2.0,0.0
2007-11-06,0.0,8.0,2.2
2007-11-07,47.0,3.6,0.0
2007-11-08,0.0,23.3,25.0
2007-11-09,6.5,13.5,9.7
2007-11-10,6.5,8.9,3.3
2007-11-11,0.7,5.4,0.0
2007-11-12,0.5,13.0,8.0
2007-11-13,3.2,0.0,0.0
2007-11-14,1.1,3.6,0.0
2007-11-15,0.0,0.0,0.0
2007-11-16,0.0,0.3,0.0
2007-11-18,13.8,0.1,0.0
2007-11-19,16.5,2.5,0.0
2007-11-20,0.5,17.9,14.1
2007-11-22,0.0,1.6,0.0
2007-11-23,0.0,1.7,0.0
2007-11-24,0.0,0.3,0.0
2007-11-26,0.0,0.2,0.0
2007-11-27,0.0,6.1,1.0
2007-11-28,3.3,14.6,9.6
2007-11-29,2.6,4.9,0.0
2007-11-30,0.5,2.7,0.0
2007-12-01,79.5,8.0,2.6
2007-12-02,7.0,1.1,0.0
2007-12-03,0.0,0.0,0.0
2007-12-04,1.1,4.4,0.0
2007-12-05,0.6,0.0,0.0
2007-12-06,0.0,2.4,0.0
2007-12-07,17.3,2.9,0.0
2007-12-09,29.0,1.6,0.0
2007-12-10,6.1,0.1,0.0
2007-12-11,0.5,7.3,3.0
2007-12-12,20.0,13.4,9.7
2007-12-13,2.0,0.6,0.0
2007-12-14,0.0,6.3,2.0
2007-12-15,15.4,21.1,18.4
2007-12-16,6.4,5.2,1.0
2007-12-17,1.3,15.0,11.6
2007-12-18,32.5,0.6,0.0
2007-12-19,0.0,14.6,11.1
2007-12-20,33.7,14.7,11.2
2007-12-22,29.5,3.1,0.0
2007-12-24,22.4,4.5,0.0
2007-12-25,0.0,13.5,9.8
2007-12-26,10.3,23.9,27.6
2007-12-27,35.3,1.2,0.0
2007-12-28,0.0,12.3,8.3
2007-12-29,18.4,8.4,3.9
2007-12-30,13.6,1.9,0.0
2007-12-31,0.0,0.6,0.0
2008-01-01,0.0,0.6,0.0
2008-01-02,9.0,4.5,1.0
2008-01-04,0.0,0.1,0.0
2008-01-05,0.0,0.1,0.0
2008-01-06,1.0,2.5,0.0
2008-01-07,0.0,0.2,0.0
2008-01-08,0.0,0.7,0.0
2008-01-09,0.0,18.4,13.2
2008-01-10,0.0,0.0,0.0
2008-01-11,0.0,0.5,0.0
2008-01-12,0.5,1.2,0.0
2008-01-13,2.8,20.8,27.4
2008-01-14,30.0,2.3,0.0
2008-01-15,10.5,77.0,74.4
2008-01-16,57.6,2.3,0.0
2008-01-17,1.0,7.5,5.5
2008-01-18,8.0,0.5,0.0
2008-01-19,2.0,21.3,28.3
2008-01-20,15.2,2.6,0.0
2008-01-21,0.7,3.3,1.0
2008-01-22,1.9,2.9,1.0
2008-01-23,14.0,6.6,4.4
2008-01-24,3.6,24.5,28.0
2008-01-25,0.8,0.0,0.0
2008-01-26,3.0,4.4,2.0
2008-01-27,19.0,3.4,1.0
2008-01-28,1.7,2.5,1.0
2008-01-29,21.0,9.5,7.9
2008-01-31,0.3,18.9,21.3
2008-02-01,19.0,0.9,0.0
2008-02-02,4.5,8.1,4.8
2008-02-03,4.7,2.7,0.0
2008-02-04,0.4,0.0,0.0
2008-02-05,0.0,0.3,0.0
2008-02-07,0.0,2.4,0.0
2008-02-09,2.3,6.5,3.0
2008-02-10,6.5,1.9,0.0
2008-02-12,0.2,1.3,0.0
2008-02-13,0.0,0.4,0.0
2008-02-14,0.0,0.5,0.0
2008-02-16,0.0,0.9,0.0
2008-02-17,0.0,1.0,0.0
2008-02-18,0.0,0.4,0.0
2008-02-19,0.0,6.7,4.9
2008-02-20,0.2,0.1,0.0
2008-02-21,0.0,2.0,0.0
2008-02-22,0.2,1.8,0.0
2008-02-23,1.3,1.1,0.0
2008-02-24,6.0,50.6,65.7
2008-02-25,32.0,4.4,1.0
2008-02-27,10.8,25.4,30.5
2008-02-28,29.0,108.1,87.0
2008-02-29,26.0,0.1,0.0
2008-03-01,0.0,4.6,0.0
2008-03-02,5.0,3.5,0.0
2008-03-03,2.9,15.0,11.3
2008-03-04,3.2,1.2,0.0
2008-03-05,0.0,12.1,7.7
2008-03-06,0.3,0.0,0.0
2008-03-07,0.0,9.8,5.0
2008-03-08,1.6,0.0,0.0
2008-03-09,9.8,5.6,0.0
2008-03-10,0.4,11.7,7.2
2008-03-11,5.5,4.9,0.0
2008-03-12,58.0,12.6,7.4
2008-03-13,32.5,0.0,0.0
2008-03-14,0.0,17.1,12.4
2008-03-15,50.2,3.4,0.0
2008-03-16,10.8,0.2,0.0
2008-03-19,0.5,26.0,24.1
2008-03-20,19.1,1.2,0.0
2008-03-21,0.0,5.7,1.0
2008-03-22,8.4,42.9,64.3
2008-03-23,49.2,5.7,1.0
2008-03-25,0.0,20.1,15.5
2008-03-26,1.4,1.0,0.0
2008-03-27,0.6,39.5,59.3
2008-03-28,60.5,2.0,0.0
2008-03-29,0.0,0.3,0.0
2008-03-30,0.0,30.2,44.5
2008-03-31,52.0,3.4,0.0
2008-04-02,37.8,83.9,95.4
2008-04-03,68.5,12.3,9.0
2008-04-04,0.6,2.6,0.0
2008-04-05,5.5,5.1,1.0
2008-04-06,0.5,6.8,2.6
2008-04-07,0.3,19.2,17.3
2008-04-08,11.5,1.5,0.0
2008-04-09,0.0,6.5,2.4
2008-04-10,9.8,4.1,0.0
2008-04-11,1.3,37.9,56.4
2008-04-12,85.7,3.3,0.0
2008-04-13,2.0,0.2,0.0
2008-04-14,0.0,3.8,1.0
2008-04-15,5.8,42.2,63.2
2008-04-16,31.7,19.2,21.2
2008-04-17,9.5,1.2,0.0
2008-04-18,0.0,3.4,0.0
2008-04-19,1.6,17.1,17.1
2008-04-20,0.0,14.0,12.9
2008-04-21,18.0,43.4,57.1
2008-04-22,7.5,6.9,3.3
2008-04-23,1.0,26.2,29.1
2008-04-24,14.5,7.1,3.5
2008-04-25,0.8,46.7,61.6
2008-04-26,9.5,0.0,0.0
2008-04-27,0.0,0.0,0.0
2008-04-28,0.0,0.1,0.0
2008-04-29,0.0,0.0,0.0
2008-04-30,0.0,0.3,0.0
2008-05-01,25.0,1.1,0.0
2008-05-03,0.0,0.4,0.0
2008-05-04,0.0,4.2,1.0
2008-05-06,0.0,4.5,1.0
2008-05-07,0.0,0.1,0.0
2008-05-08,0.0,0.4,0.0
2008-05-09,0.0,0.0,0.0
2008-05-10,0.0,0.4,0.0
2008-05-11,0.0,0.3,0.0
2008-05-12,0.0,0.0,0.0
2008-05-13,0.0,0.0,0.0
2008-05-14,0.0,1.4,0.0
2008-05-15,0.0,0.0,0.0
2008-05-16,0.0,0.0,0.0
2008-05-17,0.0,0.0,0.0
2008-05-18,0.0,0.0,0.0
2008-05-19,0.0,0.0,0.0
2008-05-20,0.0,0.0,0.0
2008-05-21,0.0,0.0,0.0
2008-05-22,0.0,0.0,0.0
2008-05-23,0.0,0.0,0.0
2008-05-24,0.0,0.9,0.0
2008-05-25,0.3,1.8,0.0
2008-05-26,2.5,0.5,0.0
2008-05-28,0.0,7.8,7.6
2008-05-29,7.4,3.8,1.0
2008-05-30,4.9,1.7,0.0
2008-05-31,8.3,1.4,0.0
2008-06-01,0.0,16.6,35.9
2008-06-02,0.0,0.9,0.0
2008-06-06,0.7,0.5,0.0
2008-06-08,1.4,0.9,0.0
2008-06-09,0.0,0.0,0.0
2008-06-10,0.0,0.0,0.0
2008-06-11,0.0,0.1,0.0
2008-06-12,0.0,0.3,0.0
2008-06-13,15.3,0.8,0.0
2008-06-15,0.0,0.0,0.0
2008-06-16,0.0,0.0,0.0
2008-06-18,0.0,6.7,2.3
2008-06-19,6.5,0.0,0.0
2008-06-20,0.0,0.0,0.0
2008-06-21,0.0,0.0,0.0
2008-06-22,0.0,0.0,0.0
2008-06-23,0.0,0.0,0.0
2008-06-24,0.0,0.0,0.0
2008-06-25,0.0,0.4,0.0
2008-06-26,0.0,0.0,0.0
2008-06-27,0.0,0.6,0.0
2008-06-29,0.0,0.0,0.0
2008-06-30,0.0,0.0,0.0
2008-07-01,0.0,0.0,0.0
2008-07-02,0.0,0.0,0.0
2008-07-03,0.0,0.0,0.0
2008-07-04,0.0,0.0,0.0
2008-07-05,0.0,0.0,0.0
2008-07-06,0.0,0.0,0.0
2008-07-07,0.0,0.0,0.0
2008-07-08,0.0,3.4,1.0
2008-07-09,1.0,6.1,4.4
2008-07-10,4.5,6.0,4.5
2008-07-11,25.6,12.3,12.6
2008-07-12,20.6,0.9,0.0
2008-07-13,0.0,1.9,0.0
2008-07-14,0.8,12.7,17.4
2008-07-15,26.9,13.3,15.0
2008-07-16,54.6,0.0,0.0
2008-07-17,0.0,0.0,0.0
2008-07-18,0.0,0.5,0.0
2008-07-19,15.7,0.0,0.0
2008-07-20,0.0,0.7,0.0
2008-07-22,0.0,0.0,0.0
2008-07-23,0.0,0.0,0.0
2008-07-24,0.0,1.2,0.0
2008-07-25,0.0,7.8,6.5
2008-07-27,0.5,9.9,9.5
2008-07-28,0.2,3.5,0.0
2008-07-29,0.0,0.0,0.0
2008-07-30,0.0,0.0,0.0
2008-07-31,0.0,0.0,0.0
2008-08-01,0.0,0.0,0.0
2008-08-02,0.0,0.0,0.0
2008-08-03,0.0,0.0,0.0
2008-08-04,1.3,0.0,0.0
2008-08-05,0.3,1.3,0.0
2008-08-06,0.0,0.0,0.0
2008-08-07,0.0,0.0,0.0
2008-08-08,0.0,1.9,0.0
2008-08-09,0.0,3.5,1.2
2008-08-10,0.0,19.0,25.4
2008-08-11,3.5,0.6,0.0
2008-08-12,0.0,34.0,49.4
2008-08-13,48.5,11.8,11.3
2008-08-14,0.0,0.0,0.0
2008-08-15,0.0,0.0,0.0
2008-08-16,0.0,0.3,0.0
2008-08-17,0.0,0.0,0.0
2008-08-18,0.0,19.9,22.3
2008-08-19,6.9,17.7,19.3
2008-08-20,16.3,1.9,1.0
2008-08-21,20.5,1.5,0.0
2008-08-22,4.7,8.9,6.5
2008-08-23,1.0,37.0,52.2
2008-08-24,16.5,5.1,2.5
2008-08-25,1.7,0.6,0.0
2008-08-26,10.3,2.2,0.0
2008-08-27,0.0,11.7,9.7
2008-08-28,7.0,35.8,52.0
2008-08-29,20.8,2.0,0.0
2008-08-31,16.0,5.2,3.0
2008-09-01,4.0,3.2,0.0
2008-09-02,3.7,23.4,55.3
2008-09-03,16.9,3.7,1.0
2008-09-04,3.8,6.9,6.6
2008-09-05,3.5,0.6,0.0
2008-09-06,0.0,4.7,2.1
2008-09-07,2.7,0.1,0.0
2008-09-08,0.0,0.5,0.0
2008-09-09,1.5,1.5,0.0
2008-09-10,0.3,0.6,0.0
2008-09-11,1.8,11.1,8.6
2008-09-12,0.5,4.2,1.0
2008-09-13,2.0,6.0,3.2
2008-09-14,3.0,27.0,59.2
2008-09-15,12.8,4.6,1.3
2008-09-16,4.5,0.0,0.0
2008-09-17,0.0,0.0,0.0
2008-09-18,0.0,0.0,0.0
2008-09-19,0.0,0.0,0.0
2008-09-20,0.0,0.0,0.0
2008-09-21,0.0,0.0,0.0
2008-09-23,0.0,0.3,0.0
2008-09-24,0.0,0.0,0.0
2008-09-25,0.0,0.0,0.0
2008-09-26,0.0,1.4,0.0
2008-09-28,0.0,0.0,0.0
2008-09-30,0.0,44.4,67.0
2008-10-01,21.9,5.2,1.0
2008-10-02,1.0,2.9,0.0
2008-10-03,44.0,0.3,0.0
2008-10-04,0.0,0.2,0.0
2008-10-05,3.8,16.9,30.7
2008-10-06,0.0,5.7,1.5
2008-10-07,0.5,1.0,0.0
2008-10-08,0.5,0.7,0.0
2008-10-09,12.3,2.2,0.0
2008-10-10,0.0,0.0,0.0
2008-10-11,0.0,0.5,0.0
2008-10-12,0.0,1.3,0.0
2008-10-13,2.5,5.0,2.7
2008-10-14,2.4,0.5,0.0
2008-10-15,4.5,2.1,0.0
2008-10-16,1.2,11.4,10.3
2008-10-17,8.0,11.7,9.5
2008-10-18,7.0,11.6,10.4
2008-10-19,9.0,63.0,76.4
2008-10-20,5.0,5.1,2.7
2008-10-21,0.0,8.2,2.4
2008-10-22,7.3,71.7,65.4
2008-10-23,64.5,48.2,40.4
2008-10-24,44.9,2.1,0.0
2008-10-25,0.3,14.4,9.3
2008-10-26,1.1,3.9,0.0
2008-10-27,0.0,0.3,0.0
2008-10-28,1.9,0.4,0.0
2008-10-29,1.4,0.0,0.0
2008-10-30,0.0,1.1,0.0
2008-10-31,73.6,4.3,0.0
2008-11-01,11.6,0.6,0.0
2008-11-02,0.0,16.7,14.5
2008-11-03,1.4,14.1,10.6
2008-11-04,0.6,22.1,23.1
2008-11-05,14.2,25.6,32.4
2008-11-06,14.0,59.1,114.1
2008-11-07,55.5,58.4,111.7
2008-11-08,24.6,1.7,0.0
2008-11-09,0.0,0.3,0.0
2008-11-10,0.0,0.0,0.0
2008-11-11,0.0,4.7,0.0
2008-11-12,0.0,8.3,2.6
2008-11-13,11.7,3.0,0.0
2008-11-14,9.1,26.9,38.9
2008-11-15,42.7,15.8,11.5
2008-11-16,77.0,38.8,57.6
2008-11-17,10.0,25.7,35.1
2008-11-18,13.9,3.2,0.0
2008-11-19,0.0,5.9,1.0
2008-11-20,3.2,4.3,0.0
2008-11-21,0.3,6.1,1.0
2008-11-23,0.0,62.3,64.8
2008-11-24,49.8,18.7,13.9
2008-11-25,4.0,63.2,67.9
2008-11-26,92.0,5.9,1.0
2008-11-28,0.0,81.4,88.7
2008-11-29,114.3,26.5,23.9
2008-11-30,84.5,16.0,11.0
2008-12-01,65.8,4.9,0.0
2008-12-02,0.8,3.6,0.0
2008-12-03,0.0,8.2,2.8
2008-12-05,3.9,0.2,0.0
2008-12-06,0.6,38.3,54.2
2008-12-07,11.5,22.6,23.0
2008-12-08,22.0,9.3,4.1
2008-12-09,5.4,1.3,0.0
2008-12-10,0.0,0.2,0.0
2008-12-12,9.3,1.5,0.0
2008-12-13,0.5,20.9,19.1
2008-12-14,9.2,0.9,0.0
2008-12-15,0.2,6.7,2.4
2008-12-16,6.2,6.7,2.5
2008-12-17,5.5,0.0,0.0
2008-12-18,0.0,2.8,0.0
2008-12-20,13.8,0.3,0.0
2008-12-21,6.9,1.6,0.0
2008-12-22,0.2,4.0,0.0
2008-12-23,3.6,2.0,0.0
2008-12-24,1.7,3.1,0.0
2008-12-25,0.0,1.5,0.0
2008-12-26,10.5,5.8,1.2
2008-12-27,0.0,46.9,62.2
2008-12-28,39.4,2.4,0.0
2008-12-29,4.5,7.8,3.3
2008-12-30,5.7,18.0,15.5
2008-12-31,4.5,36.7,46.6
2009-01-01,37.0,6.0,1.7
2009-01-02,1.6,20.0,15.3
2009-01-04,24.5,4.6,1.0
2009-01-05,3.5,14.2,9.3
2009-01-06,88.8,8.8,4.3
2009-01-08,9.8,2.0,0.0
2009-01-09,3.0,9.0,4.4
2009-01-10,3.1,5.4,1.2
2009-01-11,20.4,0.1,0.0
2009-01-12,0.0,2.3,0.0
2009-01-13,3.3,3.8,1.0
2009-01-14,0.8,0.8,0.0
2009-01-15,6.0,0.0,0.0
2009-01-16,1.1,0.0,0.0
2009-01-17,2.7,0.0,0.0
2009-01-18,5.5,3.4,1.0
2009-01-19,3.7,0.0,0.0
2009-01-20,0.6,0.0,0.0
2009-01-21,0.0,0.0,0.0
2009-01-22,0.4,0.0,0.0
2009-01-23,0.0,0.0,0.0
2009-01-24,0.0,0.1,0.0
2009-01-25,6.3,7.7,5.8
2009-01-26,20.3,14.6,14.7
2009-01-27,3.7,13.0,12.1
2009-01-28,19.3,0.4,0.0
2009-01-29,7.6,0.1,0.0
2009-01-30,1.0,1.0,0.0
2009-01-31,0.5,0.1,0.0
2009-02-01,0.2,9.4,6.3
2009-02-02,16.7,1.4,0.0
2009-02-03,1.0,18.5,16.7
2009-02-04,26.5,1.9,0.0
2009-02-06,1.8,2.9,0.0
2009-02-07,0.0,6.6,3.1
2009-02-08,2.3,0.1,0.0
2009-02-09,1.2,0.0,0.0
2009-02-11,1.2,3.8,1.3
2009-02-13,9.3,10.4,9.6
2009-02-14,4.7,12.0,11.5
2009-02-15,0.4,2.1,0.0
2009-02-16,0.5,0.7,0.0
2009-02-18,31.5,0.7,0.0
2009-02-19,0.0,9.8,8.7
2009-02-20,3.8,16.8,17.7
2009-02-21,1.3,0.3,0.0
2009-02-22,16.5,0.4,0.0
2009-02-23,0.0,16.1,14.9
2009-02-24,3.5,22.6,26.2
2009-02-25,7.0,7.1,4.0
2009-02-26,0.8,9.4,6.7
2009-02-27,3.7,3.1,0.0
2009-03-01,0.0,5.0,0.0
2009-03-02,1.6,55.4,65.1
2009-03-03,29.5,0.1,0.0
2009-03-05,0.0,23.0,23.6
2009-03-06,5.2,31.5,41.8
2009-03-07,34.3,3.6,0.0
2009-03-09,56.3,69.3,75.7
2009-03-10,44.4,8.5,3.3
2009-03-11,0.4,47.7,56.2
2009-03-12,50.5,5.1,1.0
2009-03-13,32.0,63.8,79.7
2009-03-14,73.0,2.2,0.0
2009-03-16,14.3,44.2,50.7
2009-03-17,26.7,12.9,7.7
2009-03-18,2.4,0.1,0.0
2009-03-19,2.2,6.7,1.3
2009-03-20,0.8,3.7,0.0
2009-03-22,11.4,14.3,9.3
2009-03-23,34.6,33.1,52.7
2009-03-24,46.2,7.4,1.6
2009-03-25,0.0,0.1,0.0
2009-03-26,0.0,2.6,0.0
2009-03-27,96.3,0.1,0.0
2009-03-28,0.0,2.8,0.0
2009-03-29,0.0,0.1,0.0
2009-03-30,0.0,14.4,9.5
2009-03-31,2.1,67.3,92.8
2009-04-01,75.0,0.0,0.0
2009-04-02,0.0,0.0,0.0
2009-04-03,1.3,3.5,0.0
2009-04-05,2.4,7.2,3.1
2009-04-06,16.3,68.4,85.2
2009-04-07,98.0,14.9,12.0
2009-04-08,1.0,1.1,0.0
2009-04-10,2.2,0.9,0.0
2009-04-11,19.8,38.9,59.2
2009-04-12,12.2,29.2,45.0
2009-04-13,93.5,5.1,1.5
2009-04-14,0.0,0.7,0.0
2009-04-15,0.0,6.1,2.7
2009-04-18,0.0,0.7,0.0
2009-04-22,0.0,1.7,0.0
2009-04-24,0.0,0.0,0.0
2009-04-25,0.0,0.0,0.0
2009-04-26,0.0,0.0,0.0
2009-04-27,0.0,0.4,0.0
2009-04-28,8.5,0.0,0.0
2009-04-29,8.5,0.0,0.0
2009-04-30,0.0,0.0,0.0
2009-05-01,0.0,0.3,0.0
2009-05-02,0.0,5.4,1.2
2009-05-04,18.5,4.1,0.0
2009-05-05,8.0,0.9,0.0
2009-05-06,1.2,4.0,0.0
2009-05-07,0.0,0.0,0.0
2009-05-08,27.5,4.6,1.0
2009-05-09,0.0,10.5,7.2
2009-05-10,0.5,5.1,1.0
2009-05-11,2.4,15.8,27.6
2009-05-12,10.7,1.9,0.0
2009-05-14,10.3,0.1,0.0
2009-05-15,0.8,40.2,74.5
2009-05-16,1.0,0.1,0.0
2009-05-17,3.0,20.1,41.5
2009-05-18,9.0,2.0,0.0
2009-05-19,18.1,0.0,0.0
2009-05-20,0.0,1.8,0.0
2009-05-21,0.0,0.2,0.0
2009-05-22,0.0,0.0,0.0
2009-05-23,0.0,0.0,0.0
2009-05-24,0.0,0.0,0.0
2009-05-25,0.0,0.0,0.0
2009-05-26,0.0,8.3,8.7
2009-05-27,0.8,0.0,0.0
2009-05-28,0.0,0.0,0.0
2009-05-29,0.0,0.0,0.0
2009-05-30,0.0,0.0,0.0
2009-05-31,0.0,0.0,0.0
2009-06-01,0.0,0.9,0.0
2009-06-02,0.0,0.1,0.0
2009-06-03,0.0,0.0,0.0
2009-06-04,0.0,0.0,0.0
2009-06-05,0.0,0.0,0.0
2009-06-06,0.0,0.6,0.0
2009-06-07,0.0,0.0,0.0
2009-06-08,0.0,39.2,71.8
2009-06-09,14.2,0.7,0.0
2009-06-10,0.0,0.1,0.0
2009-06-11,0.0,0.0,0.0
2009-06-12,0.0,9.5,7.3
2009-06-13,2.0,0.0,0.0
2009-06-14,0.0,0.0,0.0
2009-06-15,8.0,46.9,73.7
2009-06-16,91.8,12.5,12.5
2009-06-18,8.5,0.0,0.0
2009-06-19,0.0,0.0,0.0
2009-06-20,0.0,0.0,0.0
2009-06-21,0.0,0.0,0.0
2009-06-22,0.0,0.0,0.0
2009-06-23,0.0,0.0,0.0
2009-06-24,0.0,10.1,9.8
2009-06-25,5.0,4.4,1.0
2009-06-26,0.0,0.0,0.0
2009-06-27,0.0,0.0,0.0
2009-06-28,1.5,2.3,0.0
2009-06-29,0.7,15.0,21.0
2009-06-30,8.5,7.8,5.5
2009-07-01,3.4,1.0,0.0
2009-07-02,10.4,26.8,48.3
2009-07-03,7.2,0.0,0.0
2009-07-04,0.0,0.0,0.0
2009-07-05,0.0,8.9,8.3
2009-07-06,0.6,0.0,0.0
2009-07-07,0.8,4.3,1.8
2009-07-08,0.0,7.4,6.2
2009-07-09,0.2,1.0,0.0
2009-07-10,0.0,0.0,0.0
2009-07-11,0.3,0.0,0.0
2009-07-12,0.0,0.0,0.0
2009-07-13,0.0,2.0,0.0
2009-07-14,0.0,0.7,0.0
2009-07-15,0.0,0.0,0.0
2009-07-16,0.0,0.0,0.0
2009-07-17,0.0,0.2,0.0
2009-07-18,0.0,0.3,0.0
2009-07-19,0.0,0.0,0.0
2009-07-20,0.0,0.0,0.0
2009-07-21,0.0,0.0,0.0
2009-07-22,0.0,0.0,0.0
2009-07-23,0.0,4.3,1.4
2009-07-24,0.2,0.2,0.0
2009-07-25,0.0,0.5,0.0
2009-07-26,0.0,31.9,91.1
2009-07-27,13.0,1.9,0.0
2009-07-29,0.0,0.0,0.0
2009-07-30,0.0,0.0,0.0
2009-07-31,0.0,0.0,0.0
2009-08-01,0.0,0.0,0.0
2009-08-02,0.0,0.0,0.0
2009-08-03,0.0,0.0,0.0
2009-08-04,0.0,0.0,0.0
2009-08-05,0.0,0.0,0.0
2009-08-06,0.0,0.0,0.0
2009-08-07,0.0,0.0,0.0
2009-08-08,0.0,0.0,0.0
2009-08-09,0.0,0.0,0.0
2009-08-10,0.0,0.0,0.0
2009-08-11,0.5,2.2,1.0
2009-08-13,0.0,0.0,0.0
2009-08-14,0.0,0.0,0.0
2009-08-15,0.0,0.0,0.0
2009-08-16,0.0,26.2,30.2
2009-08-17,28.0,2.9,1.1
2009-08-18,0.0,0.0,0.0
2009-08-19,0.0,5.6,5.1
2009-08-20,5.1,0.1,0.0
2009-08-21,0.0,0.0,0.0
2009-08-22,0.0,0.0,0.0
2009-08-23,0.0,0.0,0.0
2009-08-24,0.0,0.0,0.0
2009-08-25,0.0,0.0,0.0
2009-08-26,0.0,10.4,8.4
2009-08-27,11.0,29.3,36.4
2009-08-28,48.2,0.6,0.0
2009-08-29,0.0,0.0,0.0
2009-08-30,0.0,2.7,0.0
2009-08-31,3.9,0.0,0.0
2009-09-01,0.0,0.7,0.0
2009-09-02,0.0,0.0,0.0
2009-09-03,0.0,0.0,0.0
2009-09-04,0.0,0.0,0.0
2009-09-05,0.0,0.9,0.0
2009-09-06,0.0,0.6,0.0
2009-09-07,0.0,0.2,0.0
2009-09-08,0.0,0.0,0.0
2009-09-09,0.0,0.5,0.0
2009-09-10,0.0,0.0,0.0
2009-09-12,0.0,0.9,0.0
2009-09-13,0.0,0.0,0.0
2009-09-14,0.0,0.3,0.0
2009-09-15,0.0,16.0,18.9
2009-09-16,1.0,0.6,0.0
2009-09-17,7.6,19.0,34.2
2009-09-18,24.0,0.2,0.0
2009-09-19,0.5,0.0,0.0
2009-09-21,0.0,1.7,0.0
2009-09-22,0.0,0.0,0.0
2009-09-23,0.0,0.0,0.0
2009-09-24,0.0,0.1,0.0
2009-09-25,0.0,0.3,0.0
2009-09-26,0.0,0.0,0.0
2009-09-27,0.0,1.1,0.0
2009-09-28,0.0,0.9,0.0
2009-09-29,0.0,1.4,0.0
2009-09-30,0.0,0.8,0.0
2009-10-01,0.0,0.8,0.0
2009-10-02,0.3,1.8,0.0
2009-10-03,0.0,4.7,1.0
2009-10-04,26.0,12.7,11.1
2009-10-05,1.2,49.8,83.4
2009-10-06,102.2,1.0,0.0
2009-10-08,10.8,6.4,2.3
2009-10-09,0.0,6.8,2.8
2009-10-10,0.6,0.6,0.0
2009-10-12,9.4,5.4,3.0
2009-10-13,0.2,17.8,15.8
2009-10-14,15.2,6.5,4.2
2009-10-16,5.3,13.2,11.0
2009-10-17,5.0,0.0,0.0
2009-10-18,0.0,0.0,0.0
2009-10-19,0.0,0.0,0.0
2009-10-21,10.5,0.0,0.0
2009-10-22,0.0,0.0,0.0
2009-10-23,0.0,0.0,0.0
2009-10-25,0.0,34.2,31.1
2009-10-26,8.0,0.2,0.0
2009-10-28,12.5,21.3,16.2
2009-10-29,1.5,16.9,11.8
2009-10-30,2.9,0.9,0.0
2009-10-31,0.0,0.0,0.0
2009-11-01,0.0,0.3,0.0
2009-11-04,0.3,36.5,46.4
2009-11-05,6.5,0.0,0.0
2009-11-07,3.1,0.0,0.0
2009-11-08,0.0,11.3,6.6
2009-11-09,3.7,1.8,0.0
2009-11-10,2.2,3.0,0.0
2009-11-11,6.2,1.4,0.0
2009-11-13,9.2,5.1,0.0
2009-11-14,1.4,19.8,16.3
2009-11-15,0.5,0.2,0.0
2009-11-16,0.0,53.5,77.9
2009-11-17,47.0,0.0,0.0
2009-11-18,0.0,8.4,2.7
2009-11-19,1.6,0.2,0.0
2009-11-20,0.3,4.3,0.0
2009-11-21,25.6,22.5,17.9
2009-11-22,10.2,12.7,7.5
2009-11-23,17.6,9.3,3.9
2009-11-24,0.0,3.7,0.0
2009-11-26,0.0,1.9,0.0
2009-11-27,38.5,3.8,0.0
2009-11-29,9.8,0.3,0.0
2009-12-01,0.5,0.8,0.0
2009-12-02,0.0,20.3,18.3
2009-12-03,4.2,10.5,5.5
2009-12-06,0.0,13.4,9.2
2009-12-07,7.4,15.9,12.4
2009-12-08,0.5,2.3,0.0
2009-12-10,0.0,4.4,0.0
2009-12-11,0.0,0.0,0.0
2009-12-12,0.0,8.2,4.0
2009-12-13,0.0,0.0,0.0
2009-12-14,0.0,33.2,41.7
2009-12-15,29.7,0.3,0.0
2009-12-17,4.5,9.6,5.5
2009-12-18,12.2,41.4,54.7
2009-12-19,49.9,57.7,79.8
2009-12-20,38.5,0.8,0.0
2009-12-21,0.0,6.0,1.4
2009-12-22,12.6,5.3,1.0
2009-12-23,23.3,5.5,1.0
2009-12-25,15.3,8.9,4.5
2009-12-26,0.8,8.6,4.1
2009-12-27,0.5,12.9,9.0
2009-12-29,45.1,45.0,58.4
2009-12-30,39.3,11.7,7.6
2010-01-01,26.5,1.6,0.0
2010-01-02,0.0,44.2,48.9
2010-01-03,40.5,1.3,0.0
2010-01-05,3.7,13.7,8.8
2010-01-06,8.5,27.7,26.6
2010-01-07,10.9,22.3,17.2
2010-01-08,48.2,15.1,10.1
2010-01-09,3.0,1.3,0.0
2010-01-10,0.5,2.2,0.0
2010-01-11,0.0,6.9,4.7
2010-01-12,2.3,1.6,0.0
2010-01-13,15.2,1.3,0.0
2010-01-15,21.2,0.8,0.0
2010-01-16,0.0,0.0,0.0
2010-01-17,0.4,6.1,3.7
2010-01-18,3.8,13.8,13.6
2010-01-19,14.9,3.9,1.1
2010-01-20,0.3,24.2,32.6
2010-01-22,28.5,2.0,0.0
2010-01-23,0.6,13.5,12.7
2010-01-24,2.2,2.7,1.0
2010-01-25,0.0,2.2,0.0
2010-01-26,0.1,9.8,8.2
2010-01-27,1.5,1.0,0.0
2010-01-28,7.2,14.3,13.4
2010-01-29,8.5,0.8,0.0
2010-01-31,2.7,26.0,30.5
2010-02-01,21.8,53.3,71.1
2010-02-02,14.5,21.6,26.3
2010-02-03,5.0,4.7,1.0
2010-02-04,5.4,51.0,68.1
2010-02-05,10.9,27.5,37.4
2010-02-06,6.3,0.1,0.0
2010-02-07,0.0,38.2,49.9
2010-02-08,1.2,31.8,41.0
2010-02-09,7.1,5.4,1.8
2010-02-10,4.2,30.8,39.8
2010-02-11,14.2,2.2,0.0
2010-02-12,3.7,5.9,3.9
2010-02-13,30.6,8.8,7.5
2010-02-14,13.7,1.9,0.0
2010-02-15,1.8,17.3,18.0
2010-02-16,12.5,1.7,0.0
2010-02-17,23.9,15.8,17.2
2010-02-18,85.0,10.0,9.1
2010-02-19,5.8,17.1,18.5
2010-02-20,2.2,8.0,6.6
2010-02-21,2.9,0.2,0.0
2010-02-22,22.7,4.1,1.0
2010-02-23,5.0,4.2,1.0
2010-02-24,1.5,18.4,19.2
2010-02-25,8.7,1.3,0.0
2010-02-26,0.0,0.7,0.0
2010-02-27,4.3,39.4,49.3
2010-02-28,10.0,34.4,43.4
2010-03-01,38.3,1.6,0.0
2010-03-02,3.8,42.3,53.5
2010-03-03,44.7,9.4,4.5
2010-03-04,24.3,44.6,54.0
2010-03-05,77.6,6.9,1.4
2010-03-07,0.0,48.3,55.8
2010-03-08,9.5,10.3,5.6
2010-03-09,4.5,4.2,0.0
2010-03-10,1.0,16.6,13.3
2010-03-11,1.7,2.0,0.0
2010-03-12,0.0,0.0,0.0
2010-03-13,0.0,4.8,0.0
2010-03-14,2.0,1.8,0.0
2010-03-15,0.0,10.3,4.9
2010-03-16,9.2,22.0,18.3
2010-03-17,31.7,1.1,0.0
2010-03-19,0.0,10.3,4.8
2010-03-20,3.0,48.9,58.3
2010-03-21,36.2,10.7,5.1
2010-03-22,1.5,16.9,12.4
2010-03-23,36.5,3.4,0.0
2010-03-24,0.5,53.7,79.5
2010-03-25,74.6,9.1,3.4
2010-03-26,0.4,3.2,0.0
2010-03-27,5.5,19.9,18.2
2010-03-28,26.0,14.6,9.6
2010-03-29,1.7,76.0,102.6
2010-03-30,107.5,3.1,0.0
2010-04-01,32.5,9.1,5.3
2010-04-02,0.0,7.5,3.4
2010-04-03,12.3,33.6,44.7
2010-04-04,23.8,30.2,37.9
2010-04-05,14.6,12.0,8.6
2010-04-06,22.4,0.4,0.0
2010-04-08,30.5,0.5,0.0
2010-04-09,0.0,25.0,31.2
2010-04-10,9.0,5.2,1.0
2010-04-11,0.0,69.9,110.0
2010-04-12,22.0,0.1,0.0
2010-04-13,4.6,13.0,11.5
2010-04-14,0.5,122.3,119.4
2010-04-15,75.2,28.7,42.4
2010-04-16,22.5,3.8,1.0
2010-04-17,1.0,11.6,9.7
2010-04-18,21.9,2.8,0.0
2010-04-19,1.5,11.1,9.0
2010-04-20,5.0,1.2,0.0
2010-04-21,0.5,47.4,62.6
2010-04-22,18.7,2.9,1.0
2010-04-23,0.0,12.8,9.2
2010-04-24,61.5,0.1,0.0
2010-04-25,0.0,0.1,0.0
2010-04-26,2.0,0.0,0.0
2010-04-27,0.0,0.3,0.0
2010-04-28,0.0,0.4,0.0
2010-04-29,0.0,7.1,3.6
2010-04-30,38.3,0.2,0.0
2010-05-01,0.0,0.3,0.0
2010-05-02,5.5,0.0,0.0
2010-05-03,0.0,1.0,0.0
2010-05-04,7.5,15.0,14.4
2010-05-05,82.0,7.6,3.7
2010-05-06,4.5,0.8,0.0
2010-05-07,0.0,4.3,1.0
2010-05-08,5.7,0.0,0.0
2010-05-09,0.0,10.7,8.5
2010-05-10,1.0,0.6,0.0
2010-05-11,0.0,7.8,5.4
2010-05-12,0.5,35.5,69.5
2010-05-13,19.3,12.2,13.2
2010-05-14,21.1,2.1,0.0
2010-05-15,0.0,27.5,57.9
2010-05-16,21.7,4.8,1.0
2010-05-17,0.5,3.6,0.0
2010-05-19,0.0,8.9,9.0
2010-05-20,58.8,2.8,0.0
2010-05-22,0.7,5.2,2.8
2010-05-23,1.0,1.8,0.0
2010-05-24,9.3,0.0,0.0
2010-05-25,0.0,4.0,1.0
2010-05-26,3.5,4.6,1.8
2010-05-28,0.0,7.3,6.8
2010-05-30,0.3,4.1,1.0
2010-05-31,0.0,26.7,65.8
2010-06-01,0.0,4.1,0.0
2010-06-02,13.1,1.9,0.0
2010-06-03,15.3,22.2,49.6
2010-06-05,25.0,1.8,0.0
2010-06-06,4.0,0.4,0.0
2010-06-07,0.0,23.4,51.9
2010-06-08,0.0,0.6,0.0
2010-06-09,83.5,5.7,1.0
2010-06-11,0.5,0.0,0.0
2010-06-12,0.0,2.5,0.0
2010-06-13,0.0,0.0,0.0
2010-06-14,0.3,0.5,0.0
2010-06-15,0.0,10.4,9.4
2010-06-16,1.9,18.3,45.1
2010-06-17,5.5,0.3,0.0
2010-06-18,1.0,5.7,1.0
2010-06-19,0.0,0.0,0.0
2010-06-22,0.0,0.0,0.0
2010-06-23,0.0,11.9,11.1
2010-06-24,1.6,8.9,7.6
2010-06-25,8.0,3.1,0.0
2010-06-26,10.4,0.0,0.0
2010-06-27,0.8,2.8,0.0
2010-06-29,0.5,0.0,0.0
2010-07-02,1.8,6.0,4.6
2010-07-04,1.5,8.7,7.7
2010-07-07,0.0,0.4,0.0
2010-07-08,3.5,10.5,10.5
2010-07-09,0.8,0.0,0.0
2010-07-10,0.0,2.7,0.0
2010-07-11,0.0,3.8,0.0
2010-07-12,12.3,3.0,0.0
2010-07-13,0.3,7.1,7.6
2010-07-14,7.5,0.0,0.0
2010-07-15,0.0,2.5,0.0
2010-07-20,0.0,0.2,0.0
2010-07-21,0.0,5.4,3.0
2010-07-22,0.5,2.1,0.0
2010-07-23,0.6,0.0,0.0
2010-07-24,0.0,1.2,0.0
2010-07-25,0.0,4.3,2.1
2010-07-26,4.0,25.8,67.7
2010-07-27,51.0,4.4,1.3
2010-07-31,7.3,0.1,0.0
2010-08-03,27.2,10.6,12.7
2010-08-04,0.5,0.1,0.0
2010-08-05,0.0,1.1,0.0
2010-08-06,6.0,3.9,1.9
2010-08-07,0.0,0.7,0.0
2010-08-08,0.5,0.0,0.0
2010-08-11,0.0,11.4,11.2
2010-08-12,0.0,2.3,1.0
2010-08-13,4.0,23.5,24.4
2010-08-14,12.7,24.3,27.4
2010-08-15,18.9,31.3,42.2
2010-08-16,13.1,15.6,17.2
2010-08-17,3.3,21.8,21.2
2010-08-18,5.9,47.0,78.6
2010-08-19,70.5,0.7,0.0
2010-08-21,0.5,7.0,4.7
2010-08-22,0.0,0.0,0.0
2010-08-23,0.0,5.5,2.9
2010-08-24,0.0,0.0,0.0
2010-08-25,0.0,2.0,0.0
2010-08-26,0.3,9.6,7.4
2010-08-27,29.6,2.4,0.0
2010-08-28,0.5,0.0,0.0
2010-08-29,0.0,5.3,2.9
2010-08-30,0.0,0.1,0.0
2010-08-31,0.3,0.3,0.0
2010-09-01,0.0,0.0,0.0
2010-09-02,4.5,1.0,0.0
2010-09-03,0.0,0.7,0.0
2010-09-04,48.5,1.9,0.0
2010-09-05,31.0,16.0,38.0
2010-09-06,0.5,4.3,1.4
2010-09-07,21.0,29.9,64.9
2010-09-08,0.1,2.8,0.0
2010-09-11,22.0,32.7,68.1
2010-09-12,0.0,0.1,0.0
2010-09-13,0.0,1.7,0.0
2010-09-14,5.5,0.2,0.0
2010-09-15,0.0,32.0,68.3
2010-09-16,74.0,1.5,0.0
2010-09-17,0.0,9.5,7.4
2010-09-18,5.9,0.8,0.0
2010-09-19,0.0,3.2,1.0
2010-09-20,12.5,53.0,75.7
2010-09-21,14.0,12.9,13.1
2010-09-22,69.5,4.1,0.0
2010-09-23,6.8,7.3,3.3
2010-09-24,3.0,4.3,0.0
2010-09-25,18.5,29.3,60.5
2010-09-26,27.5,2.7,0.0
2010-09-28,0.5,8.0,4.2
2010-09-29,5.4,1.1,0.0
2010-09-30,0.0,6.3,1.0
2010-10-01,1.0,0.0,0.0
2010-10-03,0.0,3.6,0.0
2010-10-05,3.0,0.9,0.0
2010-10-07,1.5,26.9,63.4
2010-10-08,7.5,69.2,83.7
2010-10-09,45.5,15.0,16.3
2010-10-10,15.8,13.8,12.9
2010-10-11,12.6,2.9,1.0
2010-10-12,9.8,9.1,6.8
2010-10-13,24.0,1.7,0.0
2010-10-14,8.0,1.0,0.0
2010-10-15,7.3,0.0,0.0
2010-10-16,0.0,54.7,64.7
2010-10-17,3.0,0.0,0.0
2010-10-18,0.0,0.5,0.0
2010-10-19,0.0,37.0,41.0
2010-10-20,84.2,23.7,25.4
2010-10-21,2.5,1.4,0.0
2010-10-22,0.0,0.0,0.0
2010-10-23,0.0,2.3,0.0
2010-10-24,2.0,1.6,0.0
2010-10-25,12.5,8.3,2.4
2010-10-26,0.5,0.2,0.0
2010-10-27,0.0,30.1,28.9
2010-10-28,12.8,0.4,0.0
2010-10-29,0.0,12.4,6.9
2010-10-30,69.0,4.0,0.0
2010-10-31,13.8,29.5,29.7
2010-11-01,31.0,23.9,26.6
2010-11-02,21.2,3.6,0.0
2010-11-03,0.0,54.7,96.4
2010-11-04,133.0,26.5,32.1
2010-11-05,0.8,0.2,0.0
2010-11-06,1.7,40.3,53.6
2010-11-07,19.8,48.9,75.3
2010-11-08,27.5,24.0,26.5
2010-11-09,65.8,29.3,35.3
2010-11-10,22.5,1.7,0.0
2010-11-11,0.0,10.6,5.2
2010-11-12,13.8,18.0,14.3
2010-11-13,13.3,27.2,38.6
2010-11-14,18.5,0.0,0.0
2010-11-15,0.0,0.0,0.0
2010-11-16,0.0,6.5,1.0
2010-11-17,33.4,1.0,0.0
2010-11-18,37.0,1.5,0.0
2010-11-19,0.0,0.1,0.0
2010-11-20,0.4,0.4,0.0
2010-11-21,0.0,3.8,0.0
2010-11-22,15.5,0.0,0.0
2010-11-23,0.0,2.1,0.0
2010-11-25,3.3,14.5,9.4
2010-11-26,4.6,6.3,1.0
2010-11-27,1.5,8.1,2.6
2010-11-28,42.8,5.2,0.0
2010-11-29,2.8,85.3,92.9
2010-11-30,10.0,9.8,4.5
2010-12-01,0.0,14.9,11.1
2010-12-02,18.0,1.1,0.0
2010-12-03,5.5,98.2,115.6
2010-12-04,54.5,18.5,15.9
2010-12-05,15.0,3.4,0.0
2010-12-07,12.0,5.3,0.0
2010-12-08,25.0,7.4,2.0
2010-12-09,1.0,12.2,7.7
2010-12-10,3.8,3.7,0.0
2010-12-11,2.4,1.2,0.0
2010-12-12,0.0,0.0,0.0
2010-12-13,0.0,3.1,0.0
2010-12-15,9.5,9.7,5.6
2010-12-16,11.8,20.6,18.7
2010-12-17,38.7,28.1,30.7
2010-12-18,4.8,10.0,5.9
2010-12-19,2.5,0.3,0.0
2010-12-20,0.0,0.9,0.0
2010-12-21,0.0,1.7,0.0
2010-12-22,0.0,1.7,0.0
2010-12-23,29.6,35.6,45.3
2010-12-25,0.0,0.5,0.0
2010-12-26,0.0,74.5,103.0
2010-12-27,15.0,3.7,0.0
2010-12-28,0.0,4.6,0.0
2010-12-29,0.0,3.9,0.0
2010-12-30,0.0,4.3,0.0
2010-12-31,0.0,0.8,0.0
2011-01-01,0.0,2.3,0.0
2011-01-02,0.0,1.0,0.0
2011-01-03,0.5,4.0,0.0
2011-01-04,3.3,3.8,0.0
2011-01-05,26.2,22.0,16.5
2011-01-06,7.0,2.2,0.0
2011-01-07,4.0,6.2,1.9
2011-01-09,0.0,12.4,7.6
2011-01-10,8.5,5.0,1.0
2011-01-13,0.0,1.1,0.0
2011-01-14,0.0,4.3,1.5
2011-01-15,11.9,3.6,1.0
2011-01-16,0.0,4.3,1.6
2011-01-17,1.5,0.1,0.0
2011-01-19,2.5,0.3,0.0
2011-01-20,3.0,3.5,1.0
2011-01-21,0.0,8.3,6.4
2011-01-22,23.3,4.1,1.7
2011-01-23,0.1,18.2,19.4
2011-01-24,6.0,3.8,1.4
2011-01-25,7.1,3.1,1.0
2011-01-26,0.0,0.1,0.0
2011-01-27,0.0,3.6,1.2
2011-01-28,15.7,62.2,116.5
2011-01-29,85.0,10.6,9.2
2011-01-30,0.5,21.0,23.1
2011-01-31,4.1,0.0,0.0
2011-02-01,0.0,1.2,0.0
2011-02-02,0.0,2.3,0.0
2011-02-03,1.8,2.1,0.0
2011-02-04,8.2,6.5,3.0
2011-02-05,16.2,11.4,8.7
2011-02-06,14.1,0.1,0.0
2011-02-08,1.9,0.1,0.0
2011-02-09,0.0,5.7,2.2
2011-02-10,73.0,0.0,0.0
2011-02-11,0.0,0.1,0.0
2011-02-12,0.0,1.4,0.0
2011-02-14,6.5,0.9,0.0
2011-02-15,0.0,4.6,2.3
2011-02-16,26.4,8.5,7.1
2011-02-17,38.5,30.1,46.1
2011-02-18,27.0,12.8,12.6
2011-02-19,19.0,15.1,15.1
2011-02-20,0.4,0.0,0.0
2011-02-21,0.0,0.5,0.0
2011-02-22,0.0,0.6,0.0
2011-02-23,0.0,4.8,1.2
2011-02-24,0.6,7.0,3.9
2011-02-25,0.2,6.3,3.1
2011-02-26,6.7,23.9,27.8
2011-02-27,91.8,26.4,32.1
2011-02-28,6.5,51.1,64.9
2011-03-01,42.3,5.7,0.0
2011-03-02,2.3,2.1,0.0
2011-03-03,15.1,4.7,0.0
2011-03-04,8.9,46.5,54.1
2011-03-05,25.0,51.6,58.8
2011-03-06,16.0,4.5,0.0
2011-03-07,0.1,3.8,0.0
2011-03-08,0.5,14.3,10.4
2011-03-09,2.0,31.6,38.8
2011-03-10,27.0,0.0,0.0
2011-03-11,0.1,7.2,1.8
2011-03-13,0.0,9.2,3.7
2011-03-14,10.3,9.1,3.6
2011-03-15,0.5,10.2,4.8
2011-03-16,1.0,14.8,9.8
2011-03-17,8.5,11.5,6.1
2011-03-18,3.4,7.9,2.4
2011-03-19,3.4,68.1,86.7
2011-03-20,129.9,0.4,0.0
2011-03-21,12.8,3.6,0.0
2011-03-22,19.7,1.3,0.0
2011-03-23,0.4,1.0,0.0
2011-03-24,0.0,23.8,22.0
2011-03-25,19.5,3.3,0.0
2011-03-27,10.8,47.4,68.8
2011-03-28,24.5,7.4,1.7
2011-03-29,0.0,4.5,0.0
2011-03-30,8.0,7.9,2.1
2011-03-31,0.1,1.6,0.0
2011-04-02,0.0,0.1,0.0
2011-04-03,0.0,14.5,11.6
2011-04-04,6.4,12.6,9.4
2011-04-05,2.9,33.3,42.1
2011-04-06,28.5,2.0,0.0
2011-04-07,1.3,12.3,9.0
2011-04-08,23.6,9.8,6.0
2011-04-09,38.5,61.0,77.5
2011-04-10,16.5,45.0,59.6
2011-04-11,31.0,0.4,0.0
2011-04-13,29.3,0.1,0.0
2011-04-15,2.2,2.0,0.0
2011-04-16,3.0,3.5,0.0
2011-04-17,0.2,0.0,0.0
2011-04-18,0.0,4.2,1.0
2011-04-19,16.9,16.9,16.8
2011-04-20,33.5,5.3,1.8
2011-04-21,8.2,5.3,1.9
2011-04-23,110.2,0.0,0.0
2011-04-24,0.0,7.2,3.6
2011-04-26,0.0,14.6,11.2
2011-04-27,5.9,5.5,2.1
2011-04-28,9.2,13.3,9.7
2011-04-29,10.1,8.3,4.7
2011-04-30,1.0,10.8,7.2
2011-05-01,48.2,47.3,77.2
2011-05-02,16.9,1.7,0.0
2011-05-03,2.5,3.3,0.0
2011-05-04,36.2,2.3,0.0
2011-05-05,0.0,18.6,28.6
2011-05-06,40.3,0.3,0.0
2011-05-07,0.0,2.9,0.0
2011-05-08,0.2,0.0,0.0
2011-05-09,0.0,0.0,0.0
2011-05-10,0.0,0.8,0.0
2011-05-11,0.0,0.0,0.0
2011-05-12,0.0,0.2,0.0
2011-05-14,0.1,22.2,46.9
2011-05-15,40.0,0.0,0.0
2011-05-16,0.0,4.6,1.0
2011-05-17,0.0,4.1,0.0
2011-05-18,8.0,0.0,0.0
2011-05-19,0.0,0.0,0.0
2011-05-20,0.0,2.2,0.0
2011-05-21,0.2,2.0,0.0
2011-05-22,0.2,0.0,0.0
2011-05-23,0.0,2.5,0.0
2011-05-24,4.8,0.3,0.0
2011-05-26,0.0,8.7,9.1
2011-05-27,80.5,1.4,0.0
2011-05-28,14.3,6.0,4.4
2011-05-30,0.0,0.0,0.0
2011-05-31,0.0,0.1,0.0
2011-06-01,0.0,7.8,4.3
2011-06-02,0.2,3.2,0.0
2011-06-03,3.0,0.0,0.0
2011-06-04,0.0,7.8,5.4
2011-06-05,0.0,17.0,37.7
2011-06-06,4.9,0.7,0.0
2011-06-07,0.0,0.0,0.0
2011-06-08,0.0,0.0,0.0
2011-06-09,0.0,1.1,0.0
2011-06-10,0.0,0.0,0.0
2011-06-11,0.0,0.0,0.0
2011-06-12,0.0,1.3,0.0
2011-06-13,15.0,5.1,0.0
2011-06-14,1.0,1.8,0.0
2011-06-16,0.9,10.8,9.9
2011-06-17,0.2,0.0,0.0
2011-06-18,0.0,0.0,0.0
2011-06-19,0.0,0.1,0.0
2011-06-20,0.0,0.0,0.0
2011-06-21,0.0,0.0,0.0
2011-06-22,0.0,0.0,0.0
2011-06-23,0.0,0.0,0.0
2011-06-25,0.0,0.0,0.0
2011-06-28,19.2,1.9,0.0
2011-06-30,21.0,6.5,3.3
2011-07-03,0.0,0.0,0.0
2011-07-05,0.0,0.0,0.0
2011-07-06,0.0,0.0,0.0
2011-07-07,0.0,0.0,0.0
2011-07-09,0.0,0.0,0.0
2011-07-10,0.0,0.1,0.0
2011-07-11,3.2,0.7,0.0
2011-07-12,0.0,0.0,0.0
2011-07-13,0.0,0.0,0.0
2011-07-14,0.0,0.0,0.0
2011-07-15,0.0,0.0,0.0
2011-07-17,19.1,5.1,1.0
2011-07-18,0.0,0.1,0.0
2011-07-20,0.0,0.0,0.0
2011-07-21,4.5,4.8,1.2
2011-07-22,7.0,3.6,0.0
2011-07-23,0.0,0.0,0.0
2011-07-24,0.0,0.0,0.0
2011-07-25,0.0,0.0,0.0
2011-07-26,0.0,0.0,0.0
2011-07-27,0.0,0.0,0.0
2011-07-28,0.0,0.0,0.0
2011-07-29,0.0,0.1,0.0
2011-07-30,0.0,0.0,0.0
2011-07-31,0.0,0.0,0.0
2011-08-01,0.0,0.0,0.0
2011-08-02,0.0,0.0,0.0
2011-08-05,0.3,0.0,0.0
2011-08-06,0.0,0.0,0.0
2011-08-07,0.0,0.0,0.0
2011-08-08,0.0,0.0,0.0
2011-08-09,0.0,0.0,0.0
2011-08-10,0.0,0.0,0.0
2011-08-11,0.0,0.0,0.0
2011-08-12,0.0,0.0,0.0
2011-08-14,0.0,0.2,0.0
2011-08-15,0.0,0.1,0.0
2011-08-16,16.5,0.0,0.0
2011-08-17,0.0,4.1,2.2
2011-08-18,16.8,0.0,0.0
2011-08-19,0.0,0.0,0.0
2011-08-20,0.0,0.0,0.0
2011-08-21,0.0,0.0,0.0
2011-08-22,0.0,0.0,0.0
2011-08-23,0.0,0.0,0.0
2011-08-24,0.0,0.1,0.0
2011-08-25,0.0,0.0,0.0
2011-08-26,0.0,0.0,0.0
2011-08-27,0.0,0.0,0.0
2011-08-28,0.0,0.3,0.0
2011-08-29,0.0,0.3,0.0
2011-08-30,0.0,0.7,0.0
2011-08-31,0.0,0.0,0.0
2011-09-01,0.0,0.0,0.0
2011-09-02,0.0,0.2,0.0
2011-09-03,0.0,0.0,0.0
2011-09-04,0.0,0.0,0.0
2011-09-05,0.0,1.1,0.0
2011-09-06,0.0,0.0,0.0
2011-09-07,0.0,0.1,0.0
2011-09-08,0.0,0.0,0.0
2011-09-09,0.0,0.0,0.0
2011-09-10,0.0,0.1,0.0
2011-09-11,0.0,0.1,0.0
2011-09-12,0.0,0.1,0.0
2011-09-13,0.0,0.0,0.0
2011-09-14,0.0,0.4,0.0
2011-09-16,0.6,7.2,4.1
2011-09-17,0.1,3.1,0.0
2011-09-18,0.0,0.1,0.0
2011-09-21,0.0,0.8,0.0
2011-09-22,0.0,3.3,0.0
2011-09-23,13.9,0.0,0.0
2011-09-24,0.0,0.5,0.0
2011-09-25,0.0,0.4,0.0
2011-09-26,0.0,0.0,0.0
2011-09-27,0.0,0.0,0.0
2011-09-28,0.0,0.0,0.0
2011-09-29,0.0,2.7,0.0
2011-09-30,0.0,0.1,0.0
2011-10-01,0.0,2.9,0.0
2011-10-02,0.2,3.1,0.0
2011-10-03,1.0,0.0,0.0
2011-10-04,0.0,0.0,0.0
2011-10-05,2.7,19.9,43.2
2011-10-06,49.3,0.5,0.0
2011-10-08,9.8,2.9,0.0
2011-10-09,0.5,1.1,0.0
2011-10-10,0.0,11.0,8.4
2011-10-11,0.0,16.2,15.0
2011-10-12,23.2,1.0,0.0
2011-10-13,0.0,0.0,0.0
2011-10-14,0.0,0.0,0.0
2011-10-15,0.0,0.0,0.0
2011-10-16,0.0,7.5,5.1
2011-10-17,7.3,10.3,7.9
2011-10-18,9.0,4.3,1.9
2011-10-19,1.9,31.0,34.2
2011-10-20,7.5,11.0,8.7
2011-10-21,5.6,12.0,6.4
2011-10-22,4.8,7.1,1.1
2011-10-23,50.7,13.4,7.9
2011-10-24,2.3,1.4,0.0
2011-10-25,9.0,6.3,0.0
2011-10-26,0.5,19.4,14.7
2011-10-27,22.3,4.7,0.0
2011-10-28,17.4,115.3,77.6
2011-10-29,34.8,7.6,1.6
2011-10-30,2.2,31.3,30.4
2011-10-31,2.9,44.4,37.6
2011-11-01,15.0,34.6,43.8
2011-11-02,28.2,16.4,14.0
2011-11-03,14.5,31.1,38.7
2011-11-04,11.4,6.6,1.0
2011-11-05,0.5,9.2,3.7
2011-11-06,0.5,0.1,0.0
2011-11-08,0.0,0.0,0.0
2011-11-09,0.0,0.0,0.0
2011-11-10,0.0,0.0,0.0
2011-11-11,0.0,4.5,0.0
2011-11-13,35.6,0.4,0.0
2011-11-14,0.0,1.1,0.0
2011-11-15,0.0,25.5,35.1
2011-11-16,36.5,0.1,0.0
2011-11-17,0.0,1.5,0.0
2011-11-19,23.0,0.7,0.0
2011-11-20,0.2,10.4,4.9
2011-11-21,2.3,3.8,0.0
2011-11-22,9.5,7.3,1.8
2011-11-23,0.5,9.3,3.9
2011-11-24,0.4,1.9,0.0
2011-11-25,0.7,14.9,9.9
2011-11-26,34.4,2.2,0.0
2011-11-27,6.2,1.3,0.0
2011-11-30,0.0,7.5,2.1
2011-12-01,11.4,15.2,11.5
2011-12-02,10.7,14.4,10.5
2011-12-03,1.6,15.0,11.2
2011-12-04,1.5,5.4,0.0
2011-12-05,0.0,25.2,32.5
2011-12-06,15.5,0.9,0.0
2011-12-07,0.0,11.0,6.1
2011-12-08,17.8,4.5,0.0
2011-12-09,1.3,32.1,44.7
2011-12-10,27.4,20.2,18.1
2011-12-11,4.4,37.9,48.3
2011-12-12,78.6,12.0,8.2
2011-12-13,16.0,3.6,0.0
2011-12-14,7.1,19.8,17.3
2011-12-15,2.7,9.7,5.5
2011-12-16,19.3,8.1,3.9
2011-12-17,0.5,22.0,19.9
2011-12-18,3.1,49.4,67.9
2011-12-19,19.5,28.4,32.7
2011-12-20,49.5,4.0,0.0
2011-12-21,0.0,9.0,4.6
2011-12-22,42.6,3.3,0.0
2011-12-23,0.0,2.2,0.0
2011-12-24,1.1,7.0,2.4
2011-12-26,1.0,5.9,1.3
2011-12-27,2.5,7.4,2.9
2011-12-28,11.4,1.6,0.0
2011-12-29,2.4,1.1,0.0
2011-12-30,0.0,0.2,0.0
2011-12-31,0.0,3.0,0.0
2012-01-01,0.0,5.8,1.6
2012-01-02,11.4,2.1,0.0
2012-01-03,0.3,0.3,0.0
2012-01-04,2.7,3.2,0.0
2012-01-05,1.6,9.1,4.5
2012-01-06,3.4,8.0,3.5
2012-01-07,24.6,1.3,0.0
2012-01-08,6.2,0.4,0.0
2012-01-09,0.0,1.5,0.0
2012-01-10,0.2,2.3,0.0
2012-01-11,0.0,25.3,36.2
2012-01-12,16.6,40.8,55.9
2012-01-13,60.5,7.0,4.8
2012-01-14,8.4,5.4,2.8
2012-01-17,4.7,7.4,5.3
2012-01-18,39.0,9.2,7.6
2012-01-19,3.5,2.3,0.0
2012-01-20,0.0,2.8,0.0
2012-01-21,0.0,0.1,0.0
2012-01-22,0.0,1.6,0.0
2012-01-23,0.0,8.3,6.5
2012-01-24,4.0,3.0,1.0
2012-01-25,0.0,2.1,0.0
2012-01-26,0.0,0.1,0.0
2012-01-27,0.0,0.0,0.0
2012-01-28,0.0,0.0,0.0
2012-01-29,0.0,4.3,1.9
2012-01-30,5.8,29.3,35.6
2012-01-31,8.5,10.3,8.8
2012-02-01,2.6,3.7,1.0
2012-02-02,10.5,2.8,0.0
2012-02-03,19.2,7.1,3.7
2012-02-04,2.0,1.9,0.0
2012-02-05,1.5,10.9,8.1
2012-02-06,25.4,25.0,33.7
2012-02-07,34.4,6.0,2.5
2012-02-08,27.0,33.1,42.8
2012-02-09,28.6,30.4,40.0
2012-02-10,16.7,0.0,0.0
2012-02-12,4.4,5.9,3.9
2012-02-13,6.5,0.2,0.0
2012-02-14,0.0,172.3,92.9
2012-02-15,50.5,0.6,0.0
2012-02-16,1.4,0.0,0.0
2012-02-17,0.0,20.4,26.2
2012-02-18,23.6,4.0,1.6
2012-02-21,39.0,8.3,5.4
2012-02-22,5.0,0.5,0.0
2012-02-23,0.5,18.1,18.9
2012-02-24,0.2,0.7,0.0
2012-02-25,0.0,3.0,0.0
2012-02-26,3.6,38.0,50.8
2012-02-27,43.1,0.7,0.0
2012-02-28,0.0,19.9,19.7
2012-02-29,2.2,1.6,0.0
2012-03-01,7.0,7.4,2.0
2012-03-02,1.6,15.8,12.3
2012-03-03,15.8,6.0,1.0
2012-03-05,25.7,0.4,0.0
2012-03-07,0.0,6.7,1.2
2012-03-08,8.3,5.0,0.0
2012-03-09,0.0,0.9,0.0
2012-03-10,0.0,3.7,0.0
2012-03-11,0.0,9.1,3.6
2012-03-12,0.5,3.3,0.0
2012-03-13,19.0,66.7,82.8
2012-03-14,16.8,0.6,0.0
2012-03-15,1.5,0.1,0.0
2012-03-16,0.0,0.2,0.0
2012-03-17,0.0,0.1,0.0
2012-03-18,0.0,0.0,0.0
2012-03-19,0.0,5.9,1.0
2012-03-20,0.0,37.7,41.0
2012-03-21,13.5,1.2,0.0
2012-03-22,0.0,0.0,0.0
2012-03-23,0.0,2.0,0.0
2012-03-24,4.0,0.0,0.0
2012-03-25,0.0,2.3,0.0
2012-03-26,1.9,45.2,67.9
2012-03-27,6.0,5.1,0.0
2012-03-28,20.0,0.1,0.0
2012-03-29,2.0,43.7,63.1
2012-03-30,30.4,37.0,56.2
2012-03-31,71.8,0.5,0.0
2012-04-01,0.3,1.5,0.0
2012-04-02,25.5,6.0,1.8
2012-04-04,21.4,3.4,0.0
2012-04-05,3.1,4.4,1.0
2012-04-06,10.7,1.7,0.0
2012-04-07,26.6,1.3,0.0
2012-04-08,0.0,0.0,0.0
2012-04-09,0.0,2.0,0.0
2012-04-10,6.4,8.9,5.0
2012-04-11,84.0,7.7,4.6
2012-04-12,2.0,1.9,0.0
2012-04-13,1.3,15.9,15.5
2012-04-14,2.5,7.0,3.8
2012-04-15,31.7,49.4,75.2
2012-04-16,30.9,11.7,9.8
2012-04-17,8.0,29.3,43.8
2012-04-18,43.7,0.1,0.0
2012-04-20,0.1,1.7,0.0
2012-04-22,23.3,4.2,1.0
2012-04-23,0.1,8.4,4.8
2012-04-24,7.8,17.4,14.2
2012-04-25,3.8,0.0,0.0
2012-04-26,0.5,0.0,0.0
2012-04-27,0.0,0.2,0.0
2012-04-28,0.0,0.3,0.0
2012-04-29,0.0,38.3,49.5
2012-04-30,71.3,6.1,2.6
2012-05-01,0.4,0.1,0.0
2012-05-02,0.0,10.2,6.9
2012-05-03,0.8,7.3,3.3
2012-05-04,0.0,68.9,80.4
2012-05-05,12.2,0.6,0.0
2012-05-06,0.0,37.0,61.8
2012-05-07,6.5,0.0,0.0
2012-05-08,0.0,16.8,24.0
2012-05-09,2.5,1.5,0.0
2012-05-10,0.1,0.0,0.0
2012-05-11,0.0,0.0,0.0
2012-05-12,8.0,0.3,0.0
2012-05-13,0.0,0.8,0.0
2012-05-14,0.0,0.0,0.0
2012-05-16,0.8,18.5,38.5
2012-05-17,84.6,25.8,54.8
2012-05-19,0.0,31.8,64.7
2012-05-20,15.0,12.1,13.3
2012-05-21,3.0,16.9,38.2
2012-05-22,1.0,0.0,0.0
2012-05-23,0.0,2.9,0.0
2012-05-24,4.0,0.0,0.0
2012-05-25,0.0,3.6,1.0
2012-05-26,0.1,0.0,0.0
2012-05-27,0.0,17.9,41.1
2012-05-28,8.4,0.3,0.0
2012-05-29,0.0,93.8,102.2
2012-05-30,57.4,0.0,0.0
2012-05-31,0.0,15.9,35.8
2012-06-01,52.0,7.4,3.2
2012-06-02,22.3,0.0,0.0
2012-06-03,0.0,1.7,0.0
2012-06-04,0.0,20.4,45.4
2012-06-05,36.0,12.3,13.1
2012-06-06,0.0,1.0,0.0
2012-06-07,0.0,10.9,9.5
2012-06-08,19.8,13.7,15.7
2012-06-09,42.5,9.2,7.1
2012-06-10,4.7,4.9,0.0
2012-06-11,0.0,17.5,41.8
2012-06-12,5.5,2.1,0.0
2012-06-13,0.0,0.1,0.0
2012-06-14,0.0,0.0,0.0
2012-06-15,0.0,0.0,0.0
2012-06-16,0.0,0.0,0.0
2012-06-17,0.0,0.2,0.0
2012-06-18,0.0,3.7,0.0
2012-06-19,3.5,1.3,0.0
2012-06-20,0.0,1.9,0.0
2012-06-21,12.0,0.0,0.0
2012-06-22,0.0,0.0,0.0
2012-06-23,0.0,0.0,0.0
2012-06-24,1.0,0.0,0.0
2012-06-25,0.0,0.0,0.0
2012-06-26,0.0,0.0,0.0
2012-06-27,0.0,0.0,0.0
2012-06-28,0.0,0.0,0.0
2012-06-29,0.0,0.0,0.0
2012-06-30,0.0,0.0,0.0
2012-07-01,0.0,0.0,0.0
2012-07-03,0.0,18.1,27.2
2012-07-04,4.0,4.3,1.8
2012-07-05,1.2,9.3,8.8
2012-07-06,23.8,3.5,1.0
2012-07-07,0.0,0.1,0.0
2012-07-08,0.0,0.0,0.0
2012-07-09,0.0,0.6,0.0
2012-07-10,0.0,0.1,0.0
2012-07-11,0.0,30.6,51.8
2012-07-12,10.3,1.4,0.0
2012-07-13,0.0,0.5,0.0
2012-07-14,4.0,6.6,3.2
2012-07-15,34.8,2.8,0.0
2012-07-16,1.7,5.2,1.0
2012-07-17,4.3,0.2,0.0
2012-07-18,1.8,0.3,0.0
2012-07-19,0.0,0.1,0.0
2012-07-20,0.0,0.9,0.0
2012-07-21,0.0,0.0,0.0
2012-07-22,0.0,0.0,0.0
2012-07-23,0.0,0.0,0.0
2012-07-24,0.0,0.0,0.0
2012-07-25,0.0,0.4,0.0
2012-07-26,0.0,0.0,0.0
2012-07-27,0.0,0.0,0.0
2012-07-28,0.0,0.0,0.0
2012-07-29,0.0,0.0,0.0
2012-07-30,0.0,0.0,0.0
2012-07-31,0.0,2.7,0.0
2012-08-01,0.0,0.0,0.0
2012-08-02,0.0,0.0,0.0
2012-08-03,0.0,0.0,0.0
2012-08-04,0.0,0.0,0.0
2012-08-05,0.0,0.7,0.0
2012-08-06,0.0,0.0,0.0
2012-08-07,0.0,2.5,0.0
2012-08-08,0.0,0.0,0.0
2012-08-09,0.0,0.0,0.0
2012-08-10,0.0,0.0,0.0
2012-08-11,0.0,0.2,0.0
2012-08-12,9.9,9.4,9.0
2012-08-13,0.0,0.0,0.0
2012-08-15,0.0,0.0,0.0
2012-08-16,0.0,0.0,0.0
2012-08-17,0.0,0.0,0.0
2012-08-18,0.0,0.0,0.0
2012-08-19,0.0,0.0,0.0
2012-08-20,0.0,0.0,0.0
2012-08-21,0.0,0.0,0.0
2012-08-22,0.0,0.0,0.0
2012-08-23,0.0,0.0,0.0
2012-08-24,0.0,0.0,0.0
2012-08-25,2.0,0.0,0.0
2012-08-26,0.0,0.0,0.0
2012-08-27,0.0,10.1,7.9
2012-08-28,2.7,21.7,24.0
2012-08-29,31.3,11.0,9.0
2012-08-30,4.9,0.0,0.0
2012-08-31,0.1,0.0,0.0
2012-09-01,0.0,0.0,0.0
2012-09-02,0.0,0.0,0.0
2012-09-03,0.0,0.0,0.0
2012-09-04,0.0,0.0,0.0
2012-09-05,0.0,0.0,0.0
2012-09-06,0.0,0.7,0.0
2012-09-07,0.0,0.0,0.0
2012-09-08,0.0,0.0,0.0
2012-09-09,0.0,15.1,33.7
2012-09-11,0.0,0.2,0.0
2012-09-13,0.0,0.0,0.0
2012-09-14,0.0,0.0,0.0
2012-09-15,0.0,0.1,0.0
2012-09-16,0.0,0.8,0.0
2012-09-17,0.0,0.0,0.0
2012-09-18,0.0,0.0,0.0
2012-09-19,0.0,0.0,0.0
2012-09-20,0.0,0.4,0.0
2012-09-21,0.0,2.0,0.0
2012-09-22,0.0,0.0,0.0
2012-09-23,0.0,0.0,0.0
2012-09-24,0.0,0.0,0.0
2012-09-25,0.0,0.0,0.0
2012-09-26,0.0,0.0,0.0
2012-09-27,0.0,0.0,0.0
2012-09-28,0.0,0.6,0.0
2012-09-29,0.0,14.8,14.5
2012-09-30,1.0,0.0,0.0
2012-10-01,0.0,0.0,0.0
2012-10-02,0.0,0.0,0.0
2012-10-04,4.0,0.4,0.0
2012-10-05,0.0,32.1,68.9
2012-10-06,61.0,0.5,0.0
2012-10-07,1.0,0.6,0.0
2012-10-08,0.0,2.7,0.0
2012-10-09,0.0,0.0,0.0
2012-10-10,0.0,1.4,0.0
2012-10-11,0.0,0.1,0.0
2012-10-12,0.0,0.0,0.0
2012-10-13,0.0,6.8,4.4
2012-10-14,45.0,2.4,0.0
2012-10-15,2.0,0.0,0.0
2012-10-16,0.0,20.4,19.1
2012-10-17,16.0,5.4,3.1
2012-10-18,10.0,64.7,80.2
2012-10-19,3.0,31.0,35.1
2012-10-20,11.0,37.7,42.6
2012-10-21,28.0,7.5,1.5
2012-10-22,1.0,0.0,0.0
2012-10-23,0.0,0.0,0.0
2012-10-24,0.0,0.0,0.0
2012-10-25,0.0,0.0,0.0
2012-10-26,0.0,7.7,1.7
2012-10-27,16.0,4.1,0.0
2012-10-28,22.0,16.9,12.3
2012-10-29,6.0,0.2,0.0
2012-10-30,0.0,12.1,6.6
2012-11-01,10.0,0.1,0.0
2012-11-02,6.0,13.5,9.7
2012-11-04,4.0,22.8,25.5
2012-11-05,15.0,1.0,0.0
2012-11-06,0.0,3.7,0.0
2012-11-08,0.0,19.1,18.6
2012-11-09,111.0,2.3,0.0
2012-11-10,32.0,3.0,0.0
2012-11-11,33.0,7.1,1.4
2012-11-12,50.0,20.3,17.5
2012-11-13,16.0,18.9,15.5
2012-11-14,16.0,1.1,0.0
2012-11-15,0.0,15.9,11.6
2012-11-16,22.0,39.1,58.3
2012-11-17,14.0,14.9,10.4
2012-11-18,133.0,62.7,89.9
2012-11-19,31.0,6.1,1.0
2012-11-20,0.0,1.3,0.0
2012-11-21,0.0,16.5,11.5
2012-11-22,3.0,25.1,21.5
2012-11-23,6.0,8.8,3.4
2012-11-24,8.0,29.0,30.5
2012-11-25,14.0,53.5,54.6
2012-11-26,9.0,0.5,0.0
2012-11-27,0.0,31.6,36.3
2012-11-28,60.0,75.1,79.9
2012-11-29,56.0,11.2,6.0
2012-11-30,1.0,10.2,4.8
2012-12-02,36.0,85.5,114.0
2012-12-03,37.0,21.1,19.7
2012-12-05,2.0,105.3,113.5
2012-12-06,14.0,46.8,65.5
2012-12-07,37.0,5.1,0.0
2012-12-08,0.0,28.8,39.4
2012-12-09,72.0,0.8,0.0
2012-12-10,0.0,101.0,113.6
2012-12-11,56.0,71.4,101.2
2012-12-12,8.0,72.8,104.0
2012-12-13,23.0,13.6,10.0
2012-12-14,1.0,0.8,0.0
2012-12-16,29.0,9.8,5.7
2012-12-17,10.0,35.3,43.7
2012-12-18,50.0,4.1,1.0
2012-12-19,10.0,10.6,6.5
2012-12-20,14.0,12.3,8.5
2012-12-23,31.0,60.6,82.8
2012-12-24,15.0,37.1,47.9
2012-12-25,15.0,3.3,0.0
2012-12-28,0.0,4.9,1.0
2012-12-29,2.0,0.9,0.0
2012-12-30,0.0,8.5,4.1
2012-12-31,3.0,8.2,3.7
2013-01-02,81.1,30.1,30.2
2013-01-03,0.7,26.5,24.6
2013-01-04,24.6,20.9,15.2
2013-01-05,2.0,27.6,26.6
2013-01-06,11.6,13.2,8.4
2013-01-07,10.2,20.2,14.5
2013-01-08,17.6,13.2,8.3
2013-01-09,0.2,12.9,8.0
2013-01-10,0.2,36.2,39.5
2013-01-11,12.1,27.2,37.8
2013-01-12,15.7,1.9,0.0
2013-01-13,0.5,4.7,2.0
2013-01-14,2.4,8.4,6.6
2013-01-15,7.0,10.3,8.9
2013-01-16,7.7,0.0,0.0
2013-01-17,1.2,0.0,0.0
2013-01-18,1.4,0.2,0.0
2013-01-19,2.0,0.1,0.0
2013-01-20,0.0,0.5,0.0
2013-01-21,0.0,2.2,0.0
2013-01-22,6.0,17.8,18.5
2013-01-23,10.5,33.1,42.6
2013-01-24,4.9,6.3,4.1
2013-01-25,5.3,15.5,15.0
2013-01-26,17.5,6.4,4.3
2013-01-27,5.7,40.7,58.4
2013-01-28,29.6,6.2,4.0
2013-01-29,24.4,14.8,14.2
2013-01-30,6.9,1.0,0.0
2013-02-01,38.0,1.6,0.0
2013-02-02,1.2,2.6,0.0
2013-02-03,5.5,35.5,45.4
2013-02-04,1.3,19.4,20.0
2013-02-05,23.0,20.0,18.7
2013-02-06,22.0,7.5,4.2
2013-02-07,2.5,8.4,5.1
2013-02-08,42.0,0.1,0.0
2013-02-09,0.5,2.4,0.0
2013-02-10,7.7,11.5,8.7
2013-02-11,0.0,3.6,1.1
2013-02-12,7.7,14.9,17.7
2013-02-13,23.3,39.6,61.0
2013-02-14,30.5,34.8,52.9
2013-02-15,6.0,29.7,45.0
2013-02-16,29.5,20.6,25.9
2013-02-17,21.5,4.5,2.2
2013-02-18,0.0,26.5,38.5
2013-02-19,4.0,1.7,0.0
2013-02-20,0.0,32.6,50.2
2013-02-21,19.5,8.7,5.9
2013-02-22,0.0,3.0,0.0
2013-02-23,10.0,0.9,0.0
2013-02-24,0.0,3.7,0.0
2013-02-25,0.0,3.7,0.0
2013-02-26,0.0,0.2,0.0
2013-02-27,0.0,3.0,0.0
2013-03-01,0.0,1.3,0.0
2013-03-02,0.0,0.1,0.0
2013-03-03,0.0,71.3,74.2
2013-03-04,85.0,0.6,0.0
2013-03-06,1.0,0.3,0.0
2013-03-07,0.0,0.4,0.0
2013-03-08,0.0,45.1,54.8
2013-03-09,93.0,1.3,0.0
2013-03-10,4.0,1.2,0.0
2013-03-12,63.0,27.9,24.9
2013-03-13,1.0,0.0,0.0
2013-03-14,0.0,32.9,35.7
2013-03-15,9.0,35.4,37.9
2013-03-16,5.0,18.7,14.4
2013-03-17,25.0,7.8,2.3
2013-03-18,1.0,29.5,28.0
2013-03-19,98.0,1.9,0.0
2013-03-20,15.0,0.3,0.0
2013-03-21,0.0,4.8,0.0
2013-03-23,45.0,2.0,0.0
2013-03-24,0.0,12.3,6.9
2013-03-26,34.0,0.5,0.0
2013-03-28,19.0,0.0,0.0
2013-03-29,1.0,43.1,65.9
2013-03-30,81.0,16.2,11.6
2013-03-31,37.0,0.0,0.0
2013-04-01,0.0,16.0,13.4
2013-04-02,8.0,3.0,0.0
2013-04-04,5.0,16.9,14.5
2013-04-05,21.0,3.2,0.0
2013-04-07,10.0,9.5,5.7
2013-04-09,5.0,2.4,0.0
2013-04-10,10.0,2.3,0.0
2013-04-11,7.0,34.2,50.9
2013-04-12,24.0,3.6,0.0
2013-04-13,10.0,4.3,1.0
2013-04-15,26.0,14.9,14.2
2013-04-16,8.0,24.4,35.7
2013-04-17,23.0,27.9,40.2
2013-04-18,37.0,1.5,0.0
2013-04-19,0.0,3.2,0.0
2013-04-20,0.0,0.0,0.0
2013-04-21,0.0,13.6,10.1
2013-04-22,84.0,5.9,2.4
2013-04-24,44.0,7.8,4.2
2013-04-26,7.0,1.8,0.0
2013-04-28,31.0,3.3,1.0
2013-04-29,8.0,2.2,0.0
2013-04-30,0.0,0.4,0.0
2013-05-01,1.0,2.5,0.0
2013-05-02,1.0,0.6,0.0
2013-05-05,9.0,2.2,0.0
2013-05-06,6.0,4.4,1.0
2013-05-07,1.0,0.9,0.0
2013-05-09,22.0,0.1,0.0
2013-05-12,11.0,2.0,0.0
2013-05-16,2.0,0.5,0.0
2013-05-19,52.0,0.8,0.0
2013-05-23,6.0,1.2,0.0
2013-05-26,1.0,3.1,0.0
2013-05-27,5.0,0.1,0.0
2013-05-28,3.0,0.0,0.0
2013-05-31,1.0,0.0,0.0
2013-06-01,0.0,0.0,0.0
2013-06-02,0.0,0.6,0.0
2013-06-03,0.0,5.7,1.0
2013-06-04,4.0,0.0,0.0
2013-06-05,0.0,2.5,0.0
2013-06-07,3.0,5.6,1.0
2013-06-08,8.0,5.4,0.0
2013-06-10,0.0,2.5,0.0
2013-06-11,6.0,0.3,0.0
2013-06-12,0.0,0.1,0.0
2013-06-13,0.0,0.8,0.0
2013-06-14,2.0,0.1,0.0
2013-06-15,0.0,33.6,67.0
2013-06-16,13.0,18.7,48.9
2013-06-17,52.0,2.5,0.0
2013-06-19,0.0,1.1,0.0
2013-06-20,1.0,0.0,0.0
2013-06-21,0.0,0.0,0.0
2013-06-22,0.0,0.0,0.0
2013-06-23,0.0,0.0,0.0
2013-06-24,0.0,0.0,0.0
2013-06-25,0.0,14.6,17.2
2013-06-26,32.0,0.0,0.0
2013-06-27,0.0,6.4,2.5
2013-06-28,24.0,5.0,1.0
2013-06-29,8.0,0.0,0.0
2013-07-01,0.0,0.2,0.0
2013-07-03,0.0,4.3,1.8
2013-07-04,4.0,4.3,1.8
2013-07-05,1.2,3.4,1.0
2013-07-06,23.8,0.1,0.0
2013-07-07,0.0,2.1,0.0
2013-07-08,0.0,6.0,4.5
2013-07-09,0.0,18.7,28.6
2013-07-10,0.0,0.3,0.0
2013-07-11,0.0,0.6,0.0
2013-07-12,10.3,32.0,56.9
2013-07-13,0.0,2.7,0.0
2013-07-14,4.0,5.2,1.0
2013-07-15,34.8,0.8,0.0
2013-07-16,1.7,15.3,23.7
2013-07-17,4.3,10.5,9.1
2013-07-18,1.8,28.3,45.9
2013-07-19,0.0,4.2,0.0
2013-07-20,0.0,1.7,0.0
2013-07-21,0.0,2.0,0.0
2013-07-22,0.0,0.0,0.0
2013-07-23,0.0,0.5,0.0
2013-07-24,0.0,28.4,74.6
2013-07-25,0.0,10.6,11.9
2013-07-26,0.0,0.0,0.0
2013-07-27,0.0,5.5,4.3
2013-07-28,0.0,0.1,0.0
2013-07-29,0.0,0.4,0.0
2013-07-30,0.0,0.0,0.0
2013-07-31,0.0,0.3,0.0
2013-08-01,7.0,13.2,18.2
2013-08-02,28.0,0.0,0.0
2013-08-03,0.0,0.3,0.0
2013-08-04,2.0,4.2,2.0
2013-08-05,4.0,0.4,0.0
2013-08-06,0.0,2.8,1.6
2013-08-07,23.0,0.4,0.0
2013-08-08,13.0,16.0,22.0
2013-08-09,3.0,1.9,0.0
2013-08-10,0.0,1.3,0.0
2013-08-11,3.0,6.6,5.5
2013-08-12,27.0,8.4,7.3
2013-08-13,13.0,0.2,0.0
2013-08-14,0.0,0.0,0.0
2013-08-15,0.0,4.2,2.6
2013-08-16,0.0,0.0,0.0
2013-08-17,0.0,31.2,42.6
2013-08-18,23.0,0.0,0.0
2013-08-19,0.0,0.0,0.0
2013-08-20,0.0,0.3,0.0
2013-08-21,0.0,0.0,0.0
2013-08-22,0.0,0.1,0.0
2013-08-23,0.0,0.0,0.0
2013-08-24,0.0,0.0,0.0
2013-08-25,0.0,0.0,0.0
2013-08-26,0.0,0.0,0.0
2013-08-27,0.0,0.0,0.0
2013-08-28,0.0,0.0,0.0
2013-08-29,0.0,0.1,0.0
2013-08-31,8.0,5.8,3.2
2013-09-01,14.0,0.0,0.0
2013-09-03,17.0,2.3,0.0
2013-09-04,2.0,5.5,3.8
2013-09-05,1.0,39.6,74.3
2013-09-06,38.0,3.2,0.0
2013-09-07,3.0,1.6,0.0
2013-09-08,1.0,0.2,0.0
2013-09-10,1.0,33.1,68.4
2013-09-11,87.0,6.1,2.9
2013-09-12,1.0,0.0,0.0
2013-09-13,4.0,0.6,0.0
2013-09-17,0.0,15.8,18.5
2013-09-18,8.0,0.2,0.0
2013-09-19,0.0,27.0,58.7
2013-09-20,50.0,0.8,0.0
2013-09-21,0.0,0.9,0.0
2013-09-22,0.0,0.1,0.0
2013-09-23,0.0,0.1,0.0
2013-09-24,0.0,0.0,0.0
2013-09-25,0.0,0.1,0.0
2013-09-26,0.0,0.7,0.0
2013-09-27,0.0,0.0,0.0
2013-09-28,0.0,5.1,0.0
2013-09-29,48.0,24.2,51.8
2013-09-30,9.0,0.0,0.0
2013-10-01,0.0,0.7,0.0
2013-10-02,17.0,29.6,65.9
2013-10-03,4.0,0.2,0.0
2013-10-04,0.0,0.3,0.0
2013-10-05,0.0,0.1,0.0
2013-10-06,0.0,0.0,0.0
2013-10-07,0.0,0.1,0.0
2013-10-08,1.0,0.0,0.0
2013-10-09,0.0,0.0,0.0
2013-10-10,0.0,0.0,0.0
2013-10-11,0.0,0.7,0.0
2013-10-12,0.0,30.9,34.5
2013-10-13,100.0,7.0,4.7
2013-10-14,4.0,1.9,0.0
2013-10-16,0.0,1.1,0.0
2013-10-17,4.0,11.3,10.0
2013-10-19,7.0,7.0,4.6
2013-10-20,15.0,2.5,1.0
2013-10-22,0.0,3.4,0.0
2013-10-23,0.0,2.3,0.0
2013-10-25,1.0,14.0,8.5
2013-10-26,24.0,9.4,3.7
2013-10-27,7.0,14.5,9.5
2013-10-28,0.0,8.2,2.4
2013-10-29,2.0,14.4,9.5
2013-10-30,9.0,1.5,0.0
2013-10-31,3.0,39.6,34.2
2013-11-01,12.0,6.9,1.0
2013-11-02,1.0,4.4,0.0
2013-11-04,16.0,21.9,22.7
2013-11-05,16.0,30.3,36.8
2013-11-06,10.0,0.9,0.0
2013-11-08,0.0,34.9,43.8
2013-11-09,6.0,0.0,0.0
2013-11-10,0.0,11.1,6.3
2013-11-12,3.0,2.1,0.0
2013-11-14,62.0,18.6,15.1
2013-11-15,3.0,17.0,13.0
2013-11-16,8.0,7.8,2.0
2013-11-17,11.0,16.1,11.9
2013-11-19,51.0,0.6,0.0
2013-11-20,0.0,0.3,0.0
2013-11-21,0.0,0.0,0.0
2013-11-22,0.0,21.5,16.9
2013-11-23,58.0,42.4,45.1
2013-11-24,31.0,4.1,0.0
2013-11-28,21.0,7.9,2.5
2013-11-29,3.0,9.3,3.9
2013-12-01,12.0,62.8,88.1
2013-12-02,108.0,2.6,0.0
2013-12-03,4.0,11.7,7.0
2013-12-04,3.0,1.8,0.0
2013-12-05,0.0,14.2,10.3
2013-12-06,4.0,29.7,41.6
2013-12-07,34.0,25.4,34.8
2013-12-08,50.0,5.0,0.0
2013-12-09,0.0,0.4,0.0
2013-12-10,0.0,17.0,13.9
2013-12-11,20.0,16.3,13.2
2013-12-12,6.0,29.3,33.3
2013-12-13,17.0,37.0,46.8
2013-12-14,29.0,3.1,0.0
2013-12-15,0.0,28.8,32.2
2013-12-16,72.0,17.0,14.0
2013-12-17,4.0,1.3,0.0
2013-12-18,12.0,0.9,0.0
2013-12-19,4.0,18.2,15.4
2013-12-20,14.0,3.0,0.0
2013-12-22,0.0,4.6,1.0
2013-12-23,1.0,9.8,5.5
2013-12-25,2.0,8.4,4.0
2013-12-26,1.0,0.6,0.0
2013-12-27,0.0,44.2,60.2
2013-12-28,61.0,39.0,51.6
2013-12-29,27.0,8.4,4.0
2013-12-30,3.0,8.5,4.1
2013-12-31,8.0,9.9,5.6
2014-01-01,2.0,2.7,0.0
2014-01-02,3.0,0.1,0.0
2014-01-03,0.0,19.1,14.0
2014-01-04,2.0,17.8,12.6
2014-01-05,6.0,1.8,0.0
2014-01-06,3.0,16.2,11.2
2014-01-07,9.0,0.5,0.0
2014-01-08,0.0,1.5,0.0
2014-01-10,12.0,1.1,0.0
2014-01-11,10.0,25.4,37.1
2014-01-12,9.0,40.2,55.0
2014-01-13,41.0,12.7,11.9
2014-01-14,49.0,1.5,0.0
2014-01-15,6.0,9.3,7.6
2014-01-16,2.0,1.0,0.0
2014-01-17,1.0,1.1,0.0
2014-01-18,7.0,0.7,0.0
2014-01-20,1.0,0.2,0.0
2014-01-21,2.0,0.3,0.0
2014-01-22,5.0,0.0,0.0
2014-01-23,0.0,1.9,0.0
2014-01-24,10.0,0.6,0.0
2014-01-26,1.0,0.1,0.0
2014-01-27,1.0,0.0,0.0
2014-01-29,2.0,0.0,0.0
2014-01-30,0.0,0.0,0.0
2014-01-31,0.0,0.0,0.0
2014-02-01,0.0,0.0,0.0
2014-02-06,0.0,2.1,0.0
2014-02-07,0.0,0.7,0.0
2014-02-08,4.0,4.7,1.0
2014-02-10,3.0,1.5,0.0
2014-02-11,0.0,0.1,0.0
2014-02-12,0.0,0.3,0.0
2014-02-13,0.0,0.0,0.0
2014-02-14,0.0,0.0,0.0
2014-02-15,0.0,0.0,0.0
2014-02-16,0.0,0.0,0.0
2014-02-17,0.0,0.3,0.0
2014-02-18,0.0,0.3,0.0
2014-02-19,0.0,0.0,0.0
2014-02-20,0.0,0.7,0.0
2014-02-21,5.0,1.3,0.0
2014-02-22,1.0,5.9,2.5
2014-02-23,1.0,2.6,0.0
2014-02-24,1.0,0.0,0.0
2014-02-28,0.0,0.0,0.0
2014-03-01,0.0,0.0,0.0
2014-03-03,25.0,0.1,0.0
2014-03-04,0.0,3.3,0.0
2014-03-06,0.0,0.0,0.0
2014-03-07,0.0,0.0,0.0
2014-03-08,0.0,0.0,0.0
2014-03-09,0.0,15.5,11.8
2014-03-10,1.0,0.0,0.0
2014-03-11,0.0,0.0,0.0
2014-03-12,0.0,0.0,0.0
2014-03-13,0.0,1.7,0.0
2014-03-15,0.0,5.0,1.0
2014-03-16,0.0,0.1,0.0
2014-03-17,0.0,11.9,6.5
2014-03-18,0.0,0.0,0.0
2014-03-19,0.0,44.0,52.3
2014-03-20,43.0,35.6,37.9
2014-03-21,7.0,24.9,31.9
2014-03-22,8.0,0.6,0.0
2014-03-23,0.0,0.1,0.0
2014-03-24,0.0,0.0,0.0
2014-03-25,0.0,0.5,0.0
2014-03-27,1.0,64.5,90.5
2014-03-29,18.0,16.9,12.4
2014-03-30,13.0,1.3,0.0
2014-03-31,0.0,6.8,1.1
2014-04-01,0.4,15.1,12.2
2014-04-02,2.8,4.2,0.0
2014-04-04,4.0,26.2,31.4
2014-04-05,9.0,16.0,13.4
2014-04-06,49.0,3.2,0.0
2014-04-07,0.0,19.1,17.1
2014-04-08,6.0,1.2,0.0
2014-04-10,16.0,1.1,0.0
2014-04-12,4.0,0.0,0.0
2014-04-13,0.0,1.5,0.0
2014-04-14,0.0,0.5,0.0
2014-04-15,0.0,1.1,0.0
2014-04-18,96.0,64.0,100.4
2014-04-19,57.0,5.4,1.9
2014-04-20,1.0,24.1,34.0
2014-04-21,30.0,0.0,0.0
2014-04-23,20.0,0.3,0.0
2014-04-24,8.0,1.6,0.0
2014-04-25,0.0,0.3,0.0
2014-04-26,2.0,32.7,39.3
2014-04-27,43.0,7.7,4.1
2014-04-28,0.0,0.9,0.0
2014-04-30,3.0,7.3,3.7
2014-05-02,2.0,38.5,64.0
2014-05-03,7.0,7.3,3.3
2014-05-05,0.0,8.0,4.2
2014-05-06,25.0,0.7,0.0
2014-05-08,0.0,4.2,1.0
2014-05-10,0.0,4.4,1.0
2014-05-11,1.0,0.0,0.0
2014-05-12,0.0,1.5,0.0
2014-05-16,1.0,9.1,8.9
2014-05-17,2.0,3.3,0.0
2014-05-19,1.0,0.2,0.0
2014-05-21,0.0,0.0,0.0
2014-05-22,0.0,0.0,0.0
2014-05-23,0.0,0.0,0.0
2014-05-25,0.0,2.9,0.0
2014-05-28,6.0,2.7,0.0
2014-05-29,4.0,3.3,0.0
2014-05-30,40.0,10.3,12.3
2014-05-31,1.0,0.3,0.0
2014-06-01,1.0,5.8,1.0
2014-06-02,2.0,0.1,0.0
2014-06-03,0.0,0.0,0.0
2014-06-04,0.0,7.0,2.5
2014-06-05,19.0,0.4,0.0
2014-06-06,7.0,0.0,0.0
2014-06-07,0.0,0.0,0.0
2014-06-08,0.0,0.0,0.0
2014-06-10,0.0,0.0,0.0
2014-06-11,4.0,0.5,0.0
2014-06-12,1.0,8.7,8.2
2014-06-13,21.0,1.5,0.0
2014-06-14,0.0,8.3,5.1
2014-06-17,0.0,0.0,0.0
2014-06-18,0.0,6.0,1.1
2014-06-19,2.0,9.9,9.2
2014-06-20,24.0,0.0,0.0
2014-06-21,0.0,0.0,0.0
2014-06-22,0.0,0.6,0.0
2014-06-23,2.0,8.1,5.7
2014-06-25,0.0,3.4,0.0
2014-06-27,0.0,11.0,13.6
2014-06-28,10.0,0.0,0.0
2014-06-29,0.0,24.3,56.0
2014-06-30,17.0,0.1,0.0
2014-07-01,0.0,0.0,0.0
2014-07-02,0.0,0.0,0.0
2014-07-03,0.0,0.0,0.0
2014-07-04,0.0,0.0,0.0
2014-07-05,0.0,1.8,0.0
2014-07-06,0.0,3.9,1.3
2014-07-07,0.0,0.0,0.0
2014-07-08,0.0,2.8,0.0
2014-07-09,0.0,0.7,0.0
2014-07-10,0.0,4.2,1.7
2014-07-12,38.0,28.9,47.2
2014-07-13,34.0,10.2,9.1
2014-07-15,0.0,0.0,0.0
2014-07-16,0.0,0.0,0.0
2014-07-17,0.0,0.0,0.0
2014-07-18,0.0,1.4,0.0
2014-07-19,0.0,0.0,0.0
2014-07-20,0.0,4.1,0.0
2014-07-22,0.0,0.6,0.0
2014-07-23,0.0,0.7,0.0
2014-07-24,0.0,24.5,60.5
2014-07-25,21.0,0.0,0.0
2014-07-26,0.0,0.0,0.0
2014-07-27,0.0,0.6,0.0
2014-07-28,0.0,1.5,0.0
2014-07-29,19.0,0.0,0.0
2014-08-01,0.0,0.4,0.0
2014-08-02,0.0,0.0,0.0
2014-08-03,0.0,0.0,0.0
2014-08-04,0.0,0.0,0.0
2014-08-05,0.0,1.2,0.0
2014-08-06,7.2,0.1,0.0
2014-08-07,0.0,23.9,29.5
2014-08-08,1.6,0.6,0.0
2014-08-09,0.0,4.2,2.3
2014-08-10,0.0,33.4,34.1
2014-08-11,23.0,1.2,0.0
2014-08-12,1.0,0.3,0.0
2014-08-14,27.0,9.7,9.0
2014-08-15,3.0,0.0,0.0
2014-08-16,0.0,4.3,2.4
2014-08-18,0.0,0.0,0.0
2014-08-19,0.0,0.0,0.0
2014-08-20,0.0,0.0,0.0
2014-08-25,0.0,0.0,0.0
2014-08-26,0.0,0.0,0.0
2014-08-27,0.0,0.0,0.0
2014-08-28,0.0,0.0,0.0
2014-08-29,0.0,0.0,0.0
2014-08-30,0.0,0.0,0.0
2014-08-31,0.0,0.0,0.0
2014-09-01,0.0,0.0,0.0
2014-09-02,0.0,0.0,0.0
2014-09-03,0.0,0.0,0.0
2014-09-04,0.0,0.0,0.0
2014-09-05,0.0,1.1,0.0
2014-09-07,0.0,0.3,0.0
2014-09-08,0.0,5.7,3.6
2014-09-09,0.0,0.0,0.0
2014-09-10,0.0,1.8,0.0
2014-09-11,0.0,0.4,0.0
2014-09-12,0.0,1.3,0.0
2014-09-13,0.0,1.7,0.0
2014-09-14,0.0,0.0,0.0
2014-09-15,0.0,0.9,0.0
2014-09-16,16.0,0.0,0.0
2014-09-17,0.0,0.5,0.0
2014-09-18,0.0,0.2,0.0
2014-09-19,0.0,0.0,0.0
2014-09-20,0.0,3.7,1.0
2014-09-21,0.0,0.6,0.0
2014-09-22,0.0,0.0,0.0
2014-09-23,0.0,2.0,0.0
2014-09-24,0.0,2.7,0.0
2014-09-25,0.0,0.0,0.0
2014-09-26,0.0,0.0,0.0
2014-09-27,0.0,0.2,0.0
2014-09-28,0.0,0.0,0.0
2014-09-29,0.0,0.1,0.0
2014-09-30,0.0,0.0,0.0
2014-10-01,0.0,0.0,0.0
2014-10-02,0.0,0.0,0.0
2014-10-03,0.0,0.0,0.0
2014-10-04,0.0,2.5,0.0
2014-10-05,0.0,2.3,0.0
2014-10-06,0.0,5.2,1.0
2014-10-07,0.0,0.0,0.0
2014-10-08,0.0,1.7,0.0
2014-10-09,0.0,0.0,0.0
2014-10-10,0.0,0.0,0.0
2014-10-11,0.0,0.0,0.0
2014-10-12,0.0,0.0,0.0
2014-10-13,0.0,0.8,0.0
2014-10-14,0.0,1.0,0.0
2014-10-15,0.0,1.2,0.0
2014-10-16,0.0,1.6,0.0
2014-10-18,0.0,0.3,0.0
2014-10-19,0.0,1.8,0.0
2014-10-20,0.0,0.0,0.0
2014-10-22,0.0,22.0,16.7
2014-10-23,1.0,0.0,0.0
2014-10-24,1.0,0.0,0.0
2014-10-25,0.0,0.0,0.0
2014-10-26,0.0,1.7,0.0
2014-10-28,0.0,3.0,0.0
2014-10-29,0.0,0.5,0.0
2014-10-30,0.0,0.0,0.0
2014-10-31,0.0,0.0,0.0
2014-11-01,0.0,0.0,0.0
2014-11-02,0.0,0.0,0.0
2014-11-03,0.0,0.0,0.0
2014-11-04,0.0,0.0,0.0
2014-11-05,0.0,0.0,0.0
2014-11-06,0.4,4.9,0.0
2014-11-07,3.5,8.8,3.2
2014-11-08,33.0,6.2,1.0
2014-11-09,0.0,0.0,0.0
2014-11-11,0.0,21.4,19.0
2014-11-12,11.0,5.2,0.0
2014-11-13,0.0,5.6,0.0
2014-11-14,0.0,24.2,32.6
2014-11-15,0.2,16.4,12.3
2014-11-16,20.4,22.0,28.6
2014-11-17,32.0,27.2,38.3
2014-11-18,65.8,34.9,51.0
2014-11-19,29.6,7.0,1.2
2014-11-20,0.9,37.3,55.2
2014-11-21,16.3,4.4,0.0
2014-11-22,5.4,16.6,11.7
2014-11-23,7.0,12.7,7.5
2014-11-24,1.6,42.6,43.5
2014-11-25,11.6,0.0,0.0
2014-11-26,0.0,38.8,41.7
2014-11-27,5.4,23.1,18.6
2014-11-28,4.5,7.8,2.3
2014-11-29,0.6,0.2,0.0
2014-11-30,0.0,7.8,2.3
2014-12-01,0.0,14.3,10.3
2014-12-04,0.0,11.8,7.2
2014-12-05,3.2,14.6,10.7
2014-12-06,2.5,10.6,5.7
2014-12-07,12.6,24.8,23.9
2014-12-08,16.2,4.2,0.0
2014-12-09,1.5,52.4,73.8
2014-12-10,40.0,4.3,0.0
2014-12-11,1.0,0.0,0.0
2014-12-13,0.0,4.0,0.0
2014-12-14,0.1,0.6,0.0
2014-12-15,1.2,24.7,25.3
2014-12-16,111.0,11.6,7.7
2014-12-17,0.0,1.6,0.0
2014-12-18,0.0,17.6,14.7
2014-12-19,32.0,4.1,1.0
2014-12-20,0.0,1.6,0.0
2014-12-21,0.0,3.1,0.0
2014-12-22,14.6,16.6,13.8
2014-12-23,0.1,0.7,0.0
2014-12-24,7.4,19.2,16.7
2014-12-25,14.6,39.5,54.1
2014-12-26,48.4,1.7,0.0
2014-12-28,25.1,16.0,12.6
2014-12-29,1.1,8.2,3.8
2014-12-30,0.0,9.9,5.6
2014-12-31,10.6,7.7,3.2
2015-01-01,0.7,0.3,0.0
2015-01-02,0.9,0.1,0.0
2015-01-08,1.7,12.2,7.4
2015-01-09,1.4,14.1,9.2
2015-01-10,5.0,11.0,6.2
2015-01-11,11.0,2.6,0.0
2015-01-14,49.4,23.5,33.0
2015-01-15,40.0,3.6,1.0
2015-01-16,6.0,4.6,2.0
2015-01-17,10.8,0.4,0.0
2015-01-19,29.8,2.0,0.0
2015-01-21,24.0,10.3,8.8
2015-01-22,0.5,5.7,3.4
2015-01-23,17.4,4.5,2.1
2015-01-24,0.3,1.5,0.0
2015-01-25,10.9,8.4,6.5
2015-01-26,3.0,2.5,1.0
2015-01-27,1.2,0.0,0.0
2015-01-29,3.7,19.9,21.6
2015-01-30,2.0,0.2,0.0
2015-02-06,54.8,12.6,10.0
2015-02-07,25.0,0.2,0.0
2015-02-09,0.2,0.0,0.0
2015-02-10,0.1,2.2,0.0
2015-02-11,0.2,3.4,1.0
2015-02-13,1.0,0.0,0.0
2015-02-14,1.3,1.4,0.0
2015-02-15,4.3,3.6,1.1
2015-02-16,7.1,13.1,13.0
2015-02-17,1.1,7.8,6.2
2015-02-18,0.6,29.1,43.5
2015-02-19,29.2,5.9,3.9
2015-02-20,0.3,7.7,6.2
2015-02-28,6.5,0.0,0.0
2015-03-03,8.1,6.0,1.0
2015-03-04,0.7,12.1,7.8
2015-03-05,11.5,12.1,7.7
2015-03-06,17.1,2.0,0.0
2015-03-08,54.0,8.3,3.1
2015-03-09,14.7,9.9,5.1
2015-03-10,3.1,11.8,7.4
2015-03-11,12.3,30.7,30.4
2015-03-12,3.5,1.7,0.0
2015-03-15,28.4,40.5,46.0
2015-03-16,116.9,0.5,0.0
2015-03-18,32.0,1.3,0.0
2015-03-19,11.1,10.7,5.2
2015-03-20,26.0,7.8,2.3
2015-03-21,14.5,0.0,0.0
2015-03-23,6.4,21.4,17.7
2015-03-24,2.7,0.7,0.0
2015-03-26,4.2,9.4,3.7
2015-03-27,0.4,1.0,0.0
2015-03-28,0.9,0.3,0.0
2015-03-29,0.3,0.0,0.0
2015-03-31,2.0,5.0,0.0
2015-04-01,2.3,7.9,3.9
2015-04-02,4.9,19.5,17.6
2015-04-05,6.8,12.4,9.0
2015-04-06,0.6,6.5,2.4
2015-04-07,9.1,3.8,0.0
2015-04-08,15.5,0.6,0.0
2015-04-09,1.4,0.0,0.0
2015-04-11,0.7,2.2,0.0
2015-04-12,0.9,0.4,0.0
2015-04-14,0.1,42.1,63.6
2015-04-15,24.9,3.2,0.0
2015-04-16,1.0,48.6,74.9
2015-04-17,63.6,1.7,0.0
2015-04-22,37.0,8.5,4.9
2015-04-23,22.2,4.4,1.2
2015-04-24,1.2,67.4,92.9
2015-04-25,80.3,0.5,0.0
2015-04-27,28.0,0.1,0.0
2015-04-29,3.8,5.4,2.0
2015-04-30,4.8,0.3,0.0
2015-05-02,41.4,51.8,81.5
2015-05-04,0.2,0.0,0.0
2015-05-16,2.9,0.1,0.0
2015-05-18,0.5,1.9,0.0
2015-06-04,3.5,1.1,0.0
2015-06-06,21.7,47.9,77.6
2015-06-07,59.0,8.1,5.7
2015-06-08,25.0,4.9,0.0
2015-06-09,20.6,2.0,0.0
2015-06-11,4.6,7.4,3.4
2015-06-12,2.6,15.8,35.5
2015-06-13,1.4,0.0,0.0
2015-06-29,1.4,0.0,0.0
2015-07-09,1.1,1.6,0.0
2015-07-10,7.8,1.2,0.0
2015-07-11,11.5,0.0,0.0
2015-07-14,0.2,20.9,31.3
2015-07-15,0.6,1.4,0.0
2015-07-26,0.2,0.0,0.0
2015-08-02,0.1,0.0,0.0
2015-08-03,0.2,0.0,0.0
2015-08-04,0.1,0.0,0.0
2015-08-06,0.1,7.9,6.5
2015-08-07,17.8,10.4,9.3
2015-08-08,2.8,0.1,0.0
2015-08-10,0.1,0.3,0.0
2015-10-31,0.2,0.5,0.0
2015-11-01,0.2,0.0,0.0
2015-11-04,0.0,0.0,0.0
2015-11-11,6.4,0.7,0.0
2015-11-12,0.1,0.0,0.0
2015-11-13,0.0,13.1,8.1
2015-11-16,2.8,9.1,3.5
2015-11-17,1.8,1.5,0.0
2015-11-19,23.5,26.0,36.2
2015-11-20,13.4,3.3,0.0
2015-11-21,0.5,2.9,0.0
2015-11-22,13.5,0.0,0.0
2015-11-23,10.8,30.2,33.8
2015-11-24,64.0,16.5,11.5
2015-11-25,1.6,1.2,0.0
2015-11-27,41.8,0.0,0.0
2015-11-30,13.0,1.9,0.0
2015-12-01,0.2,2.0,0.0
2015-12-04,0.6,5.1,0.0
2015-12-08,26.3,11.7,7.0
2015-12-09,18.8,20.3,18.3
2015-12-10,0.6,44.3,63.5
2015-12-11,10.6,0.6,0.0
2015-12-13,90.7,11.1,7.1
2015-12-14,1.3,5.6,1.4
2015-12-15,1.2,2.5,0.0
2015-12-17,31.0,9.5,5.4
2015-12-18,4.4,0.3,0.0
2015-12-19,0.5,4.2,1.0
2015-12-29,6.5,7.2,2.6
2015-12-30,60.2,16.8,13.4
2015-12-31,2.6,0.7,0.0
2016-01-01,3.2,9.3,4.7
2016-01-05,41.6,0.9,0.0
2016-01-07,1.0,4.0,0.0
2016-01-08,30.4,12.2,7.4
2016-01-09,60.4,0.0,0.0
2016-01-11,27.8,9.3,7.6
2016-01-12,11.8,14.1,15.2
2016-01-13,1.8,8.0,6.1
2016-01-14,24.0,2.3,0.0
2016-01-15,0.1,9.6,8.0
2016-01-16,2.6,3.8,1.0
2016-01-18,3.4,8.4,6.5
2016-01-20,16.4,7.0,4.8
2016-01-23,0.1,8.2,6.3
2016-01-24,4.5,24.8,28.7
2016-01-25,20.0,3.5,1.0
2016-01-26,21.4,0.6,0.0
2016-01-28,5.2,0.1,0.0
2016-01-29,0.1,0.3,0.0
2016-01-31,0.2,3.4,1.0
2016-02-02,1.0,1.2,0.0
2016-02-06,6.0,34.4,45.1
2016-02-07,8.0,0.6,0.0
2016-02-08,2.0,36.4,48.7
2016-02-09,56.6,3.0,0.0
2016-02-11,12.4,5.3,3.1
2016-02-12,1.5,39.6,60.8
2016-02-13,25.7,0.0,0.0
2016-02-15,23.5,1.5,0.0
2016-02-16,3.2,19.1,20.5
2016-02-17,6.6,0.5,0.0
2016-02-18,3.3,2.4,0.0
2016-02-21,3.2,2.8,0.0
2016-02-23,6.4,9.5,6.9
2016-02-24,2.6,12.2,10.2
2016-02-25,0.6,21.3,25.5
2016-02-26,10.0,0.7,0.0
2016-02-27,9.3,2.1,0.0
2016-02-29,46.6,20.6,20.3
2016-03-01,37.5,0.1,0.0
2016-03-02,4.9,0.0,0.0
2016-03-04,8.9,2.6,0.0
2016-03-06,1.3,31.3,38.8
2016-03-07,15.0,0.9,0.0
2016-03-10,2.7,0.2,0.0
2016-03-11,0.8,16.6,11.8
2016-03-12,22.3,25.1,22.1
2016-03-13,26.1,7.8,2.3
2016-03-14,1.7,18.1,13.6
2016-03-15,6.0,32.7,34.1
2016-03-16,43.0,0.3,0.0
2016-03-20,2.3,1.1,0.0
2016-03-21,2.0,16.0,11.4
2016-03-22,0.5,15.0,10.1
2016-03-23,0.8,30.7,43.6
2016-03-24,35.5,8.6,2.8
2016-03-26,0.1,0.0,0.0
2016-03-28,27.8,14.3,9.3
2016-03-29,12.0,6.5,1.0
2016-03-30,0.3,1.8,0.0
2016-04-02,26.5,7.5,3.4
2016-04-03,28.7,8.4,4.4
2016-04-04,18.4,0.2,0.0
2016-04-06,32.0,58.2,74.0
2016-04-07,44.0,21.0,20.0
2016-04-08,4.0,5.2,1.0
2016-04-09,3.2,1.0,0.0
2016-04-11,9.6,5.8,2.3
2016-04-12,1.6,9.4,6.8
2016-04-13,13.5,10.0,7.6
2016-04-14,9.0,0.7,0.0
2016-04-16,14.5,14.0,13.0
2016-04-17,0.4,18.5,19.4
2016-04-18,36.2,27.5,38.2
2016-04-19,18.1,4.0,1.0
2016-04-20,12.7,21.0,23.3
2016-04-21,12.2,16.0,13.1
2016-04-22,15.6,0.0,0.0
2016-04-25,1.3,8.6,4.9
2016-04-26,13.8,16.3,12.9
2016-04-27,8.4,0.0,0.0
2016-05-01,41.0,0.0,0.0
2016-05-04,3.0,3.9,0.0
2016-05-06,9.0,8.6,4.8
2016-05-08,38.3,0.0,0.0
2016-05-09,5.3,0.8,0.0
2016-05-10,0.7,0.3,0.0
2016-05-12,50.5,0.8,0.0
2016-05-14,36.0,10.4,9.8
2016-05-15,9.0,1.1,0.0
2016-05-16,28.3,0.2,0.0
2016-05-17,1.0,2.1,0.0
2016-05-20,12.1,12.7,14.3
2016-05-21,28.8,4.0,1.0
2016-05-22,4.0,1.2,0.0
2016-05-27,28.6,2.2,0.0
2016-05-28,1.1,0.1,0.0
2016-05-30,33.0,7.4,6.9
2016-06-02,4.3,8.3,6.0
2016-06-03,6.5,0.9,0.0
2016-06-05,1.6,0.0,0.0
2016-06-11,0.3,0.6,0.0
2016-06-15,3.3,15.1,33.3
2016-06-16,0.8,13.4,27.0
2016-06-18,18.0,21.6,53.3
2016-06-19,0.1,0.4,0.0
2016-06-23,27.0,1.2,0.0
2016-06-26,6.9,29.2,63.4
2016-06-27,36.5,17.0,27.4
2016-07-05,1.8,0.0,0.0
2016-07-07,27.0,0.0,0.0
2016-07-12,6.8,0.0,0.0
2016-07-18,9.1,9.5,8.2
2016-07-19,11.8,5.5,1.4
2016-07-20,26.1,17.5,26.4
2016-07-21,0.1,9.0,8.7
2016-07-22,0.5,0.2,0.0
2016-07-24,0.1,16.3,34.7
2016-07-25,10.1,0.3,0.0
2016-07-28,0.1,0.0,0.0
2016-08-01,1.5,0.3,0.0
2016-08-09,5.2,0.3,0.0
2016-08-15,0.8,0.1,0.0
2016-08-17,0.1,0.0,0.0
2016-08-20,54.0,33.4,48.4
2016-08-21,84.0,22.3,24.8
2016-08-22,1.9,1.5,0.0
2016-08-25,4.4,0.6,0.0
2016-08-27,6.7,0.4,0.0
2016-08-29,25.0,10.4,8.3
2016-08-30,25.0,2.5,0.0
2016-08-31,2.8,3.8,1.1
2016-09-01,4.3,0.3,0.0
2016-09-06,20.0,5.9,4.2
2016-09-07,5.8,0.2,0.0
2016-09-12,2.3,23.4,49.3
2016-09-13,172.4,0.6,0.0
2016-09-17,2.7,8.1,5.5
2016-09-18,0.1,0.1,0.0
2016-09-19,27.2,10.1,8.3
2016-09-20,15.4,4.2,1.0
2016-09-22,1.1,5.7,0.0
2016-09-23,1.2,19.8,40.5
2016-09-24,42.0,16.0,16.9
2016-09-25,5.1,0.0,0.0
2016-09-27,1.0,14.9,15.2
2016-09-28,37.8,0.4,0.0
2016-09-30,2.7,35.9,64.5
2016-10-01,16.7,7.8,4.2
2016-10-02,22.5,8.0,5.5
2016-10-03,0.5,0.7,0.0
2016-10-06,103.2,27.5,61.7
2016-10-07,8.7,5.9,1.6
2016-10-09,0.1,0.1,0.0
2016-10-12,29.5,35.2,40.2
2016-10-13,19.2,21.2,19.7
2016-10-14,31.0,6.9,4.5
2016-10-16,9.3,21.5,18.4
2016-10-17,1.7,0.0,0.0
2016-10-20,0.3,1.4,0.0
2016-10-21,3.4,2.1,0.0
2016-10-23,60.7,34.2,31.7
2016-10-24,23.2,12.9,7.4
2016-10-25,2.5,16.7,11.5
2016-10-26,41.6,9.7,4.0
2016-10-27,3.0,9.9,4.3
2016-10-28,44.9,0.2,0.0
2016-10-30,33.6,9.0,3.3
2016-10-31,79.8,13.1,7.6
2016-11-01,1.4,3.5,0.0
2016-11-02,1.1,0.8,0.0
2016-11-03,3.0,18.9,18.3
2016-11-04,79.1,3.0,0.0
2016-11-05,0.1,2.4,0.0
2016-11-09,51.6,4.5,0.0
2016-11-10,1.9,30.8,38.0
2016-11-11,6.8,57.1,83.1
2016-11-12,55.5,35.4,51.7
2016-11-13,30.5,54.0,78.4
2016-11-14,42.2,17.5,13.6
2016-11-15,26.5,6.1,1.0
2016-11-17,4.4,2.5,0.0
2016-11-19,7.0,0.1,0.0
2016-11-22,0.4,0.3,0.0
2016-11-24,114.5,6.9,1.4
2016-11-25,5.5,17.8,12.9
2016-11-26,3.4,32.4,33.5
2016-11-27,2.4,2.1,0.0
2016-11-28,1.9,2.0,0.0
2016-11-29,26.5,8.5,3.1
2016-12-01,55.0,10.7,5.8
2016-12-02,0.3,16.3,12.9
2016-12-03,1.0,0.4,0.0
2016-12-05,8.3,0.0,0.0
2016-12-06,0.5,1.0,0.0
2016-12-08,35.8,15.4,11.8
2016-12-10,2.9,44.1,62.8
2016-12-11,21.1,17.2,14.2
2016-12-12,0.3,1.7,0.0
2016-12-14,16.9,5.9,1.6
2016-12-15,17.0,2.2,0.0
2016-12-16,0.0,11.4,7.5
2016-12-17,60.8,6.2,1.9
2016-12-18,0.5,9.8,5.6
2016-12-19,0.3,3.3,0.0
2016-12-20,0.3,0.8,0.0
2016-12-22,7.5,4.2,0.0
2016-12-23,4.4,27.9,34.1
2016-12-24,22.9,17.1,14.7
2016-12-25,74.4,4.7,1.0
2016-12-26,10.4,1.9,0.0
2016-12-27,0.6,5.4,1.0
2016-12-28,0.1,0.4,0.0
2016-12-31,0.1,0.0,0.0
2017-01-04,13.7,5.7,1.5
2017-01-05,0.5,1.7,0.0
2017-01-07,9.6,22.1,16.7
2017-01-08,26.6,0.1,0.0
2017-01-10,26.0,0.8,0.0
2017-01-11,0.8,12.8,11.9
2017-01-12,16.3,28.3,39.0
2017-01-14,23.0,7.8,5.8
2017-01-15,0.5,29.0,41.4
2017-01-16,26.3,8.1,6.2
2017-01-17,8.0,0.4,0.0
2017-01-23,24.4,13.9,13.7
2017-01-24,20.5,0.2,0.0
2017-01-27,1.7,11.1,9.8
2017-01-28,3.2,9.2,7.5
2017-01-29,0.3,2.3,0.0
2017-01-31,52.7,9.5,7.8
2017-02-01,4.6,51.5,68.8
2017-02-02,21.0,3.1,0.0
2017-02-04,4.4,37.1,48.8
2017-02-05,19.6,48.8,64.4
2017-02-06,13.4,7.0,3.6
2017-02-07,0.5,20.6,25.0
2017-02-08,14.7,15.2,13.4
2017-02-09,43.5,20.4,24.6
2017-02-10,1.9,2.6,0.0
2017-02-11,2.4,1.1,0.0
2017-02-12,12.5,1.4,0.0
2017-02-13,2.1,0.0,0.0
2017-02-14,0.4,4.5,2.1
2017-02-15,3.7,28.9,42.9
2017-02-16,18.7,0.5,0.0
2017-02-17,3.1,4.5,2.1
2017-02-18,6.0,0.0,0.0
2017-02-20,4.0,2.0,0.0
2017-02-21,0.2,16.2,15.1
2017-02-22,1.0,11.6,9.4
2017-02-23,2.4,13.6,11.9
2017-02-24,13.6,11.4,9.2
2017-02-28,20.2,15.3,14.0
2017-03-01,9.7,1.2,0.0
2017-03-03,6.9,16.3,12.8
2017-03-04,19.7,4.3,0.0
2017-03-05,1.8,8.6,3.5
2017-03-06,0.2,29.6,37.4
2017-03-07,17.1,10.6,6.0
2017-03-08,1.1,11.1,6.5
2017-03-10,4.2,2.4,0.0
2017-03-11,41.2,2.2,0.0
2017-03-12,13.9,2.2,0.0
2017-03-15,10.8,2.6,0.0
2017-03-16,7.0,4.6,0.0
2017-03-17,0.7,5.2,1.0
2017-03-18,51.9,1.9,0.0
2017-03-19,0.3,30.2,28.5
2017-03-20,5.4,13.8,8.7
2017-03-21,0.2,1.3,0.0
2017-03-23,13.5,1.2,0.0
2017-03-24,11.5,7.4,1.6
2017-03-25,0.9,0.8,0.0
2017-03-27,113.9,0.0,0.0
2017-03-29,11.4,45.1,67.2
2017-03-30,64.7,22.8,19.7
2017-03-31,3.5,14.6,9.6
2017-04-01,1.2,17.5,15.2
2017-04-02,3.8,4.9,1.0
2017-04-04,69.0,9.3,5.4
2017-04-05,7.4,0.1,0.0
2017-04-07,19.9,2.9,0.0
2017-04-10,10.8,7.4,3.3
2017-04-11,1.0,0.2,0.0
2017-04-13,11.5,17.2,17.0
2017-04-14,6.7,0.7,0.0
2017-04-15,0.3,30.6,45.2
2017-04-16,58.7,0.2,0.0
2017-04-17,12.4,3.2,0.0
2017-04-18,4.2,0.0,0.0
2017-04-21,0.5,1.0,0.0
2017-04-23,4.3,0.5,0.0
2017-04-26,80.4,7.9,4.3
2017-04-27,0.1,21.7,21.8
2017-04-28,2.4,5.7,2.3
2017-04-30,2.5,11.1,7.5
2017-05-01,0.8,9.3,5.7
2017-05-02,30.2,3.4,0.0
2017-05-04,13.5,0.5,0.0
2017-05-05,21.9,7.6,3.7
2017-05-06,7.0,5.9,1.8
2017-05-07,4.2,8.1,4.2
2017-05-08,5.6,1.2,0.0
2017-05-09,2.5,0.0,0.0
2017-05-10,0.2,1.6,0.0
2017-05-12,0.1,2.3,0.0
2017-05-13,0.3,1.4,0.0
2017-05-17,10.5,0.3,0.0
2017-05-19,2.4,0.6,0.0
2017-05-20,3.2,0.0,0.0
2017-05-22,5.1,0.0,0.0
2017-05-23,0.2,0.9,0.0
2017-05-24,25.3,0.2,0.0
2017-05-26,0.1,2.6,0.0
2017-05-27,1.9,11.9,15.6
2017-05-29,72.0,0.0,0.0
2017-05-31,0.1,14.6,29.9
2017-06-01,50.3,19.4,43.5
2017-06-02,1.3,24.5,53.1
2017-06-03,0.2,4.8,0.0
2017-06-04,0.6,1.7,0.0
2017-06-06,45.9,1.9,0.0
2017-06-08,24.3,0.0,0.0
2017-06-14,15.5,0.0,0.0
2017-06-19,0.1,0.3,0.0
2017-06-24,3.3,4.1,0.0
2017-06-28,0.3,4.1,0.0
2017-06-30,45.0,6.3,2.4
2017-07-03,3.1,10.0,9.8
2017-07-04,25.5,4.1,1.5
2017-07-05,4.9,13.2,18.4
2017-07-06,2.2,25.0,42.9
2017-07-07,2.5,3.6,1.0
2017-07-08,0.4,1.6,0.0
2017-07-09,2.5,0.6,0.0
2017-07-10,2.4,0.0,0.0
2017-07-14,1.0,20.3,31.4
2017-07-15,8.4,55.5,149.2
2017-07-16,15.0,28.1,45.0
2017-07-17,0.5,1.2,0.0
2017-07-24,2.5,0.0,0.0
2017-07-26,0.3,0.0,0.0
2017-07-29,1.0,0.0,0.0
2017-08-09,5.0,1.7,0.0
2017-08-10,12.4,6.9,5.5
2017-08-11,4.8,0.6,0.0
2017-08-13,8.4,1.0,0.0
2017-08-15,14.7,0.8,0.0
2017-08-16,1.8,0.0,0.0
2017-08-21,1.0,0.0,0.0
2017-08-26,1.8,0.0,0.0
2017-08-29,5.8,14.6,17.0
2017-08-30,0.3,0.5,0.0
2017-09-05,2.2,0.3,0.0
2017-09-06,2.0,0.1,0.0
2017-09-08,8.0,14.8,32.4
2017-09-09,31.0,0.7,0.0
2017-09-18,0.0,1.7,0.0
2017-09-19,11.5,0.1,0.0
2017-09-21,1.5,0.0,0.0
2017-09-24,0.0,0.1,0.0
2017-09-26,0.0,21.4,45.1
2017-09-27,1.2,25.4,54.7
2017-09-28,25.8,5.3,0.0
2017-09-30,6.0,9.0,5.7
2017-10-01,7.0,3.8,0.0
2017-10-05,2.0,1.0,0.0
2017-10-07,1.1,0.8,0.0
2017-10-08,0.0,4.9,1.0
2017-10-10,24.5,0.0,0.0
2017-10-12,62.0,7.9,5.6
2017-10-13,3.3,1.4,0.0
2017-10-14,12.0,0.1,0.0
2017-10-18,0.0,29.8,32.0
2017-10-19,33.0,1.5,0.0
2017-10-20,9.0,0.0,0.0
2017-10-22,2.8,13.7,8.2
2017-10-23,0.6,84.6,76.4
2017-10-24,26.0,0.1,0.0
2017-10-26,1.5,11.3,5.7
2017-10-27,13.5,1.9,0.0
2017-10-29,11.5,23.0,17.9
2017-10-30,65.0,15.5,10.5
2017-10-31,0.3,0.2,0.0
2017-11-01,0.0,0.1,0.0
2017-11-05,0.1,3.3,0.0
2017-11-07,22.5,33.5,42.3
2017-11-08,5.3,0.9,0.0
2017-11-10,72.5,4.2,0.0
2017-11-11,0.0,0.1,0.0
2017-11-13,6.5,2.0,0.0
2017-11-15,53.1,1.0,0.0
2017-11-17,15.5,0.7,0.0
2017-11-19,11.5,11.8,6.6
2017-11-20,2.2,12.1,6.9
2017-11-21,1.5,2.2,0.0
2017-11-23,3.8,22.3,17.7
2017-11-24,33.5,17.0,12.1
2017-11-25,7.0,0.4,0.0
2017-11-29,23.5,9.7,4.3
2017-11-30,9.7,0.5,0.0
2017-12-03,0.8,8.2,2.8
2017-12-06,25.2,13.9,9.8
2017-12-07,0.9,11.7,7.0
2017-12-08,20.0,18.6,16.0
2017-12-09,62.9,1.4,0.0
2017-12-10,1.0,0.3,0.0
2017-12-12,53.5,16.8,13.7
2017-12-13,16.2,10.0,6.0
2017-12-14,9.5,29.7,33.6
2017-12-15,11.8,45.2,60.4
2017-12-16,37.0,5.5,1.2
2017-12-17,1.6,1.6,0.0
2017-12-18,1.2,3.4,0.0
2017-12-19,9.3,1.8,0.0
2017-12-20,4.3,1.1,0.0
2017-12-22,0.4,13.5,9.7
2017-12-23,22.0,7.3,2.8
2017-12-24,1.0,0.8,0.0
2017-12-25,1.8,11.0,6.9
2017-12-26,20.6,4.5,0.0
2017-12-29,0.1,8.0,3.5
2017-12-31,14.6,10.9,6.8
2018-01-01,25.4,87.4,77.6
2018-01-02,24.3,0.2,0.0
2018-01-04,18.8,9.6,5.0
2018-01-05,1.5,48.4,52.8
2018-01-06,19.4,8.6,4.1
2018-01-08,0.1,4.4,1.0
2018-01-11,3.1,1.0,0.0
2018-01-19,2.0,0.6,0.0
2018-01-21,8.4,12.0,10.9
2018-01-22,19.5,3.4,1.0
2018-01-23,0.4,0.3,0.0
2018-01-24,7.4,19.6,21.6
2018-01-25,17.5,0.1,0.0
2018-01-29,30.2,0.5,0.0
2018-01-31,22.0,0.0,0.0
2018-02-02,14.5,1.7,0.0
2018-02-04,3.4,0.1,0.0
2018-02-05,0.3,2.6,0.0
2018-02-06,16.4,1.5,0.0
2018-02-07,1.0,1.9,0.0
2018-02-08,8.1,0.0,0.0
2018-02-09,0.5,7.8,4.4
2018-02-10,7.1,0.4,0.0
2018-02-11,0.0,0.0,0.0
2018-02-12,4.5,0.1,0.0
2018-02-13,3.0,0.0,0.0
2018-02-15,6.0,24.8,35.2
2018-02-16,28.0,22.6,30.0
2018-02-17,68.0,7.7,6.1
2018-02-18,4.5,0.0,0.0
2018-02-19,1.2,4.5,2.1
2018-02-20,32.2,3.3,1.0
2018-02-21,0.0,1.5,0.0
2018-02-22,0.0,11.9,9.7
2018-02-23,36.0,16.5,15.4
2018-02-24,10.6,15.7,14.4
2018-02-25,0.0,4.0,1.0
2018-02-26,0.3,11.5,9.3
2018-02-27,1.5,4.8,1.2
2018-02-28,14.9,14.1,12.5
2018-03-01,2.5,8.9,3.9
2018-03-02,8.2,0.0,0.0
2018-03-03,0.0,15.5,11.8
2018-03-04,14.0,25.3,24.7
2018-03-06,9.8,30.3,36.2
2018-03-07,10.5,10.3,5.6
2018-03-08,11.0,26.9,25.3
2018-03-09,2.0,9.8,5.0
2018-03-10,0.0,17.3,14.1
2018-03-11,26.8,8.7,3.2
2018-03-12,0.0,0.0,0.0
2018-03-14,9.3,43.9,50.6
2018-03-15,75.2,28.6,25.4
2018-03-16,2.0,31.0,32.2
2018-03-17,13.5,2.9,0.0
2018-03-18,54.0,20.4,16.3
2018-03-19,10.0,0.8,0.0
2018-03-20,0.9,37.8,42.1
2018-03-21,35.0,4.5,0.0
2018-03-22,52.0,1.9,0.0
2018-03-23,0.0,9.5,3.7
2018-03-24,0.0,23.3,20.9
2018-03-25,13.2,16.3,11.7
2018-03-26,20.7,6.4,1.0
2018-03-27,1.5,1.2,0.0
2018-03-29,8.5,49.8,74.2
2018-03-30,60.8,1.4,0.0
2018-03-31,11.0,0.1,0.0
2018-04-01,0.2,20.8,18.9
2018-04-02,6.2,34.2,44.7
2018-04-03,51.5,1.5,0.0
2018-04-04,0.0,12.1,8.7
2018-04-05,0.5,1.8,0.0
2018-04-06,0.5,0.5,0.0
2018-04-08,5.5,0.6,0.0
2018-04-10,9.0,6.3,2.1
2018-04-11,3.5,13.4,12.1
2018-04-12,19.8,24.4,33.5
2018-04-14,8.3,0.0,0.0
2018-04-16,0.0,9.5,6.9
2018-04-17,1.8,0.1,0.0
2018-04-18,0.0,0.1,0.0
2018-04-19,55.8,1.2,0.0
2018-04-21,31.5,0.5,0.0
2018-04-22,0.0,2.7,0.0
2018-04-23,0.8,1.2,0.0
2018-04-24,11.0,20.5,17.5
2018-04-25,70.0,2.4,0.0
2018-04-27,37.0,6.0,2.6
2018-04-28,11.8,0.1,0.0
2018-04-30,0.0,1.0,0.0
2018-05-01,0.0,0.6,0.0
2018-05-03,3.2,12.0,9.3
2018-05-04,2.0,2.2,0.0
2018-05-05,19.5,0.0,0.0
2018-05-06,0.0,0.0,0.0
2018-05-07,0.0,7.6,3.7
2018-05-09,11.0,0.0,0.0
2018-05-10,0.3,0.2,0.0
2018-05-11,0.0,0.0,0.0
2018-05-12,0.0,1.8,0.0
2018-05-13,1.2,12.6,13.3
2018-05-14,0.9,1.1,0.0
2018-05-15,5.0,0.3,0.0
2018-05-16,19.0,6.1,2.6
2018-05-17,0.5,8.3,6.2
2018-05-18,0.4,6.5,3.2
2018-05-19,2.3,11.0,10.4
2018-05-23,11.5,15.1,33.0
2018-05-24,0.1,0.0,0.0
2018-05-26,6.4,16.6,37.9
2018-05-27,26.0,31.8,77.9
2018-05-28,10.0,8.9,9.6
2018-05-30,10.5,12.2,17.1
2018-05-31,8.0,8.6,10.7
2018-06-01,9.6,13.2,13.9
2018-06-02,3.6,0.0,0.0
2018-06-07,0.0,0.0,0.0
2018-06-10,0.0,0.5,0.0
2018-06-12,3.0,3.3,0.0
2018-06-13,0.5,0.0,0.0
2018-06-14,0.4,12.2,14.0
2018-06-15,75.0,3.4,0.0
2018-06-16,0.2,0.0,0.0
2018-06-17,0.2,0.0,0.0
2018-06-19,0.0,0.0,0.0
2018-06-21,4.5,0.0,0.0
2018-06-24,2.5,33.0,67.4
2018-06-25,24.5,32.6,64.6
2018-06-26,0.8,13.3,13.9
2018-06-27,0.3,27.5,61.0
2018-06-28,18.0,10.6,9.2
2018-06-29,0.1,32.0,66.8
2018-06-30,30.1,2.7,0.0
2018-07-02,0.8,1.5,0.0
2018-07-03,1.5,1.6,0.0
2018-07-04,0.0,1.0,0.0
2018-07-05,0.0,2.9,1.0
2018-07-09,0.0,0.3,0.0
2018-07-10,5.0,1.0,0.0
2018-07-11,13.5,0.0,0.0
2018-07-13,0.0,0.0,0.0
2018-07-14,0.0,0.0,0.0
2018-07-16,0.0,0.0,0.0
2018-07-17,0.0,0.0,0.0
2018-07-19,0.0,0.0,0.0
2018-07-20,0.0,0.0,0.0
2018-07-22,22.5,0.0,0.0
2018-07-24,0.0,0.1,0.0
2018-07-25,0.0,0.0,0.0
2018-07-26,0.0,0.0,0.0
2018-07-27,0.0,0.0,0.0
2018-07-28,0.0,0.0,0.0
2018-07-29,0.0,0.3,0.0
2018-07-30,0.0,0.0,0.0
2018-07-31,0.0,1.4,0.0
2018-08-01,0.0,16.1,22.5
2018-08-02,11.5,0.2,0.0
2018-08-04,0.0,0.0,0.0
2018-08-05,6.2,0.0,0.0
2018-08-06,0.0,0.0,0.0
2018-08-08,0.0,0.0,0.0
2018-08-09,0.3,0.1,0.0
2018-08-13,11.5,0.0,0.0
2018-08-14,0.0,0.0,0.0
2018-08-16,0.0,0.0,0.0
2018-08-17,0.0,0.0,0.0
2018-08-21,0.0,0.0,0.0
2018-08-22,0.0,0.0,0.0
2018-08-23,0.0,0.0,0.0
2018-08-24,2.1,0.0,0.0
2018-08-26,30.0,18.0,19.7
2018-08-27,23.0,1.1,0.0
2018-08-28,6.2,2.9,1.0
2018-08-29,4.5,2.1,0.0
2018-08-30,0.0,0.7,0.0
2018-08-31,0.0,49.5,52.4
2018-09-01,24.5,0.0,0.0
2018-09-02,0.0,4.2,1.4
2018-09-03,2.6,1.4,0.0
2018-09-04,0.0,0.5,0.0
2018-09-05,0.0,2.6,0.0
2018-09-06,0.0,1.4,0.0
2018-09-07,0.0,22.4,52.8
2018-09-08,4.1,0.1,0.0
2018-09-10,0.0,1.2,0.0
2018-09-12,4.5,0.1,0.0
2018-09-13,0.0,0.0,0.0
2018-09-14,0.0,0.0,0.0
2018-09-15,0.0,0.0,0.0
2018-09-17,0.0,0.0,0.0
2018-09-18,0.0,4.0,1.0
2018-09-21,34.0,74.0,67.3
2018-09-22,8.2,0.9,0.0
2018-09-23,0.0,0.4,0.0
2018-09-26,0.0,0.0,0.0
2018-09-27,0.0,2.4,0.0
2018-09-28,0.0,0.1,0.0
2018-10-02,0.0,0.0,0.0
2018-10-03,0.0,2.6,0.0
2018-10-05,0.0,2.4,0.0
2018-10-07,0.0,4.7,1.0
2018-10-08,4.5,0.6,0.0
2018-10-09,4.9,5.0,1.0
2018-10-10,0.5,1.6,0.0
2018-10-13,24.7,39.2,45.9
2018-10-14,97.0,10.4,8.0
2018-10-15,0.2,7.8,5.5
2018-10-16,0.3,0.0,0.0
2018-10-17,0.0,0.0,0.0
2018-10-18,0.0,2.2,0.0
2018-10-20,22.0,0.8,0.0
2018-10-22,0.0,0.0,0.0
2018-10-23,0.0,0.1,0.0
2018-10-25,10.2,20.3,14.8
2018-10-26,44.0,0.0,0.0
2018-10-27,0.0,4.7,0.0
2018-10-28,2.5,3.0,0.0
2018-10-30,0.0,24.0,28.0
2018-10-31,4.5,6.3,0.0
2018-11-01,1.3,0.0,0.0
2018-11-02,4.3,3.1,0.0
2018-11-04,19.5,0.2,0.0
2018-11-05,0.0,0.0,0.0
2018-11-08,43.0,24.9,32.4
2018-11-09,7.0,10.6,5.6
2018-11-11,23.3,6.3,1.0
2018-11-12,63.5,52.5,76.9
2018-11-13,73.5,8.7,3.0
2018-11-14,1.1,0.7,0.0
2018-11-16,1.0,0.0,0.0
2018-11-18,2.4,14.4,9.7
2018-11-19,6.4,12.3,7.2
2018-11-21,0.2,0.0,0.0
2018-11-22,0.2,25.8,21.3
2018-11-23,27.1,19.7,14.9
2018-11-24,17.3,53.6,55.5
2018-11-25,23.5,2.8,0.0
2018-11-27,8.6,11.7,6.5
2018-11-29,13.5,10.5,5.2
2018-12-01,0.1,0.7,0.0
2018-12-02,0.5,10.3,5.3
2018-12-03,7.4,6.4,1.0
2018-12-04,0.9,0.5,0.0
2018-12-06,2.9,23.8,23.2
2018-12-07,51.5,2.3,0.0
2018-12-08,0.1,42.9,60.1
2018-12-09,10.0,2.5,0.0
2018-12-11,77.5,1.9,0.0
2018-12-12,17.4,8.9,4.8
2018-12-14,3.5,22.3,20.4
2018-12-15,17.5,3.1,0.0
2018-12-17,0.5,7.3,3.1
2018-12-18,0.5,1.5,0.0
2018-12-20,0.5,9.7,5.6
2018-12-21,10.3,2.0,0.0
2018-12-22,3.0,11.9,7.8
2018-12-23,1.5,4.2,0.0
2018-12-24,0.0,3.7,0.0
2018-12-28,0.0,10.4,6.2
2018-12-29,0.4,3.2,0.0
2018-12-31,5.5,1.2,0.0
2019-01-02,1.9,3.7,0.0
2019-01-06,8.8,8.5,3.9
2019-01-07,0.4,6.5,2.2
2019-01-09,12.6,9.7,5.0
2019-01-10,3.4,12.7,7.8
2019-01-11,1.5,1.0,0.0
2019-01-12,7.0,1.0,0.0
2019-01-14,0.5,1.7,0.0
2019-01-15,2.1,11.3,10.1
2019-01-16,16.5,1.6,0.0
2019-01-17,0.5,8.0,6.1
2019-01-18,0.0,2.1,0.0
2019-01-19,6.5,0.7,0.0
2019-01-21,2.0,3.4,1.0
2019-01-22,2.0,2.3,0.0
2019-01-24,5.1,0.2,0.0
2019-01-25,5.7,0.3,0.0
2019-01-26,0.6,0.4,0.0
2019-01-28,10.0,16.7,16.1
2019-01-29,1.5,10.0,8.5
2019-01-30,16.0,21.8,24.2
2019-01-31,4.6,0.0,0.0
2019-02-04,65.4,15.8,14.6
2019-02-06,14.5,11.7,8.9
2019-02-07,41.0,6.2,2.6
2019-02-08,24.5,14.5,12.9
2019-02-09,8.1,2.5,0.0
2019-02-11,11.5,35.9,55.4
2019-02-13,0.5,0.6,0.0
2019-02-14,5.5,0.0,0.0
2019-02-15,34.0,21.0,27.2
2019-02-16,14.9,11.9,11.5
2019-02-17,22.5,5.6,3.5
2019-02-18,1.5,0.8,0.0
2019-02-20,7.5,0.5,0.0
2019-02-21,0.0,0.4,0.0
2019-02-23,0.0,11.3,9.1
2019-02-24,38.5,9.4,6.7
2019-02-25,0.0,9.6,7.0
2019-02-26,0.0,0.1,0.0
2019-02-27,0.5,25.8,32.4
2019-02-28,7.5,2.4,0.0
2019-03-01,0.0,4.1,0.0
2019-03-02,4.8,0.7,0.0
2019-03-03,0.2,0.9,0.0
2019-03-06,3.2,13.0,8.8
2019-03-07,0.8,2.3,0.0
2019-03-08,0.0,17.1,13.8
2019-03-09,5.9,25.5,25.0
2019-03-10,66.6,14.2,10.3
2019-03-11,0.3,22.0,18.2
2019-03-12,30.5,5.7,1.0
2019-03-13,15.5,1.9,0.0
2019-03-14,53.4,0.6,0.0
2019-03-17,9.0,15.2,10.3
2019-03-18,0.2,40.0,44.6
2019-03-19,33.2,65.9,82.7
2019-03-20,34.5,7.4,1.9
2019-03-21,3.8,4.1,0.0
2019-03-23,0.1,19.7,16.6
2019-03-24,11.8,36.6,53.1
2019-03-25,17.0,4.8,0.0
2019-03-26,14.0,16.5,11.9
2019-03-27,80.5,16.6,12.0
2019-03-28,27.9,21.2,18.6
2019-03-29,3.5,34.1,49.1
2019-03-30,68.5,6.4,1.0
2019-03-31,0.0,10.1,4.5
2019-04-01,22.0,2.5,0.0
2019-04-02,0.0,0.6,0.0
2019-04-05,2.7,8.2,4.2
2019-04-07,2.0,23.8,25.7
2019-04-08,34.0,2.6,0.0
2019-04-09,3.3,11.7,8.2
2019-04-10,42.0,47.2,62.3
2019-04-11,53.5,2.6,0.0
2019-04-12,28.2,16.4,16.1
2019-04-14,0.7,0.6,0.0
2019-04-15,0.0,2.5,0.0
2019-04-16,0.0,15.3,14.7
2019-04-17,34.0,0.0,0.0
2019-04-18,0.0,40.5,60.2
2019-04-19,24.5,17.5,20.4
2019-04-20,21.3,0.2,0.0
2019-04-21,0.0,16.4,13.2
2019-04-22,24.8,2.9,1.0
2019-04-23,6.0,12.8,9.2
2019-04-24,3.7,15.7,13.2
2019-04-25,11.5,13.4,9.9
2019-04-26,16.5,7.7,4.1
2019-04-27,18.5,8.7,5.0
2019-04-30,0.0,0.1,0.0
2019-05-01,0.0,13.3,10.7
2019-05-02,33.5,0.6,0.0
2019-05-03,0.0,0.9,0.0
2019-05-05,20.7,20.9,33.0
2019-05-06,26.0,0.0,0.0
2019-05-07,0.0,0.0,0.0
2019-05-08,0.0,0.0,0.0
2019-05-10,0.0,0.7,0.0
2019-05-11,0.0,0.0,0.0
2019-05-12,0.0,0.2,0.0
2019-05-13,0.0,1.4,0.0
2019-05-14,7.0,0.1,0.0
2019-05-15,0.0,1.3,0.0
2019-05-17,20.5,15.5,25.8
2019-05-18,29.5,0.2,0.0
2019-05-20,0.0,11.9,12.3
2019-05-21,4.8,10.9,14.4
2019-05-22,13.9,6.3,4.9
2019-05-23,0.0,0.0,0.0
2019-05-25,5.0,2.4,0.0
2019-05-26,2.3,3.0,0.0
2019-05-28,1.0,8.5,9.0
2019-05-29,0.5,3.2,0.0
2019-05-30,0.5,0.6,0.0
2019-05-31,1.9,2.8,0.0
2019-06-01,0.3,11.5,12.4
2019-06-02,18.0,3.1,0.0
2019-06-04,0.0,0.0,0.0
2019-06-06,0.0,0.0,0.0
2019-06-07,8.7,0.1,0.0
2019-06-08,0.0,0.9,0.0
2019-06-09,0.0,0.8,0.0
2019-06-10,0.2,1.2,0.0
2019-06-11,1.4,34.4,69.4
2019-06-12,39.7,22.1,54.3
2019-06-13,18.0,5.8,1.0
2019-06-14,0.9,2.9,0.0
2019-06-15,1.5,2.7,0.0
2019-06-16,3.4,0.0,0.0
2019-06-17,0.0,3.4,0.0
2019-06-18,3.8,1.7,0.0
2019-06-19,0.0,3.7,0.0
2019-06-20,1.6,0.0,0.0
2019-06-21,0.0,0.0,0.0
2019-06-22,0.0,19.5,42.1
2019-06-23,22.3,0.0,0.0
2019-06-26,0.0,0.0,0.0
2019-06-27,0.0,0.6,0.0
2019-06-30,0.0,0.0,0.0
2019-07-01,0.0,0.0,0.0
2019-07-02,0.0,0.0,0.0
2019-07-04,0.0,0.0,0.0
2019-07-05,0.0,0.0,0.0
2019-07-06,13.0,0.0,0.0
2019-07-07,0.0,22.5,36.8
2019-07-08,0.9,4.7,2.4
2019-07-09,9.6,0.0,0.0
2019-07-10,0.0,0.0,0.0
2019-07-11,0.0,0.0,0.0
2019-07-12,0.0,0.0,0.0
2019-07-14,0.0,0.0,0.0
2019-07-15,0.0,0.0,0.0
2019-07-16,0.0,0.0,0.0
2019-07-17,0.0,0.1,0.0
2019-07-19,0.0,1.0,0.0
2019-07-20,5.5,13.9,15.3
2019-07-21,22.0,38.6,104.4
2019-07-22,45.0,1.0,0.0
2019-07-24,0.0,0.0,0.0
2019-07-25,0.0,0.0,0.0
2019-07-26,0.0,0.1,0.0
2019-07-27,0.0,0.0,0.0
2019-07-29,0.0,0.0,0.0
2019-07-30,0.0,0.0,0.0
2019-07-31,0.0,0.0,0.0
2019-08-01,0.0,0.0,0.0
2019-08-03,0.0,0.0,0.0
2019-08-04,0.0,0.0,0.0
2019-08-05,0.0,0.0,0.0
2019-08-06,0.0,0.0,0.0
2019-08-07,0.0,2.8,0.0
2019-08-08,0.0,3.0,1.0
2019-08-09,0.0,0.1,0.0
2019-08-11,0.0,0.0,0.0
2019-08-12,0.0,0.0,0.0
2019-08-13,0.0,0.0,0.0
2019-08-14,0.0,0.0,0.0
2019-08-15,0.0,0.0,0.0
2019-08-16,0.0,0.0,0.0
2019-08-18,0.0,0.0,0.0
2019-08-19,0.0,0.0,0.0
2019-08-20,0.0,0.5,0.0
2019-08-21,0.0,0.0,0.0
2019-08-23,0.0,0.0,0.0
2019-08-24,0.0,0.0,0.0
2019-08-25,0.0,0.0,0.0
2019-08-26,0.0,0.0,0.0
2019-08-29,0.5,0.0,0.0
2019-08-30,0.0,0.0,0.0
2019-08-31,0.0,0.0,0.0
2019-09-03,0.0,0.0,0.0
2019-09-04,0.0,0.0,0.0
2019-09-05,0.0,0.0,0.0
2019-09-07,0.0,0.0,0.0
2019-09-08,0.0,0.2,0.0
2019-09-09,0.0,0.5,0.0
2019-09-10,0.0,0.0,0.0
2019-09-12,0.0,1.3,0.0
2019-09-13,0.0,0.2,0.0
2019-09-14,0.0,3.6,1.0
2019-09-15,0.0,0.0,0.0
2019-09-16,0.0,0.0,0.0
2019-09-17,0.0,0.0,0.0
2019-09-18,0.0,0.0,0.0
2019-09-19,0.0,0.0,0.0
2019-09-20,0.0,0.0,0.0
2019-09-23,0.0,0.1,0.0
2019-09-24,0.0,3.2,0.0
2019-09-25,14.5,0.0,0.0
2019-09-26,0.0,0.8,0.0
2019-09-27,0.0,2.4,0.0
2019-09-29,0.0,0.0,0.0
2019-09-30,0.4,0.0,0.0
2019-10-02,0.0,1.8,0.0
2019-10-03,0.0,10.9,8.4
2019-10-05,0.0,0.2,0.0
2019-10-07,0.0,0.3,0.0
2019-10-08,0.0,1.2,0.0
2019-10-10,0.0,0.0,0.0
2019-10-13,0.0,0.0,0.0
2019-10-14,0.0,0.3,0.0
2019-10-15,0.0,0.0,0.0
2019-10-18,5.8,1.4,0.0
2019-10-19,0.0,1.0,0.0
2019-10-20,0.0,0.2,0.0
2019-10-22,0.0,0.4,0.0
2019-10-23,0.0,0.0,0.0
2019-10-24,0.0,1.8,0.0
2019-10-25,0.0,0.0,0.0
2019-10-26,1.0,0.1,0.0
2019-10-27,0.0,0.2,0.0
2019-10-28,0.0,22.6,16.7
2019-10-29,74.9,0.0,0.0
2019-10-30,0.0,0.0,0.0
2019-11-01,0.0,0.0,0.0
2019-11-02,0.0,15.3,12.3
2019-11-03,24.5,0.5,0.0
2019-11-05,0.0,4.6,0.0
2019-11-06,1.0,0.7,0.0
2019-11-07,0.0,0.0,0.0
2019-11-08,0.0,0.0,0.0
2019-11-09,0.0,0.0,0.0
2019-11-10,0.0,0.0,0.0
2019-11-11,0.0,0.2,0.0
2019-11-12,0.0,0.1,0.0
2019-11-13,0.0,24.0,31.6
2019-11-14,12.6,35.8,51.8
2019-11-15,20.5,0.0,0.0
2019-11-16,0.0,0.5,0.0
2019-11-17,0.0,0.1,0.0
2019-11-18,0.0,1.5,0.0
2019-11-19,0.2,7.3,1.5
2019-11-20,2.0,5.9,1.0
2019-11-21,0.0,1.0,0.0
2019-11-22,0.0,8.0,2.6
2019-11-23,6.5,19.3,14.5
2019-11-24,0.5,0.8,0.0
2019-11-26,0.0,0.5,0.0
2019-11-28,0.0,0.0,0.0
2019-11-29,0.0,1.0,0.0
2019-12-01,0.0,5.6,1.0
2019-12-04,4.2,5.2,0.0
2019-12-05,2.0,2.3,0.0
2019-12-07,7.5,16.9,13.7
2019-12-08,0.8,2.1,0.0
2019-12-10,1.5,9.8,4.7
2019-12-11,3.5,3.5,0.0
2019-12-12,0.0,9.8,5.7
2019-12-13,1.0,7.4,3.2
2019-12-14,76.2,0.0,0.0
2019-12-16,4.0,12.8,9.0
2019-12-17,1.5,14.8,11.3
2019-12-18,2.7,41.1,53.1
2019-12-19,60.5,2.1,0.0
2019-12-21,9.4,13.0,9.2
2019-12-22,0.6,6.0,1.4
2019-12-23,13.5,0.0,0.0
2019-12-25,6.5,11.1,7.0
2019-12-26,2.1,46.1,61.6
2019-12-27,30.5,6.9,2.4
2019-12-28,4.9,0.0,0.0
2019-12-29,0.0,0.9,0.0
2019-12-30,9.3,0.8,0.0
2019-12-31,0.0,1.5,0.0
2020-01-01,2.0,1.1,0.0
2020-01-02,0.5,1.0,0.0
2020-01-03,1.0,0.9,0.0
2020-01-04,0.8,0.0,0.0
2020-01-05,0.5,4.0,0.0
2020-01-06,5.5,0.0,0.0
2020-01-09,2.4,20.4,15.4
2020-01-10,6.4,15.2,10.2
2020-01-11,8.2,3.7,1.0
2020-01-13,8.8,1.2,0.0
2020-01-15,1.4,0.0,0.0
2020-01-17,7.3,6.7,4.5
2020-01-18,6.5,0.0,0.0
2020-01-22,23.4,31.6,40.6
2020-01-23,5.0,0.5,0.0
2020-01-24,1.5,3.4,1.0
2020-01-25,1.7,5.0,2.7
2020-01-26,4.8,0.5,0.0
2020-01-27,0.1,3.3,1.0
2020-01-28,2.0,4.3,1.9
2020-01-30,24.5,0.4,0.0
2020-01-31,0.0,3.7,1.2
2020-02-01,1.5,0.2,0.0
2020-02-02,0.2,40.2,53.1
2020-02-03,70.8,9.9,6.8
2020-02-04,3.3,0.0,0.0
2020-02-05,0.0,0.1,0.0
2020-02-07,0.0,1.8,0.0
2020-02-08,2.0,1.8,0.0
2020-02-11,0.0,34.9,52.9
2020-02-12,70.3,1.9,0.0
2020-02-13,0.0,7.8,6.3
2020-02-14,13.6,1.1,0.0
2020-02-15,8.8,21.5,28.0
2020-02-16,90.6,5.8,3.8
2020-02-17,0.4,14.7,15.0
2020-02-18,3.2,0.5,0.0
2020-02-19,0.2,29.5,43.8
2020-02-20,4.4,4.9,2.7
2020-02-21,3.4,0.0,0.0
2020-02-22,2.0,1.4,0.0
2020-02-23,3.9,1.0,0.0
2020-02-24,7.0,3.1,0.0
2020-02-25,5.5,25.0,29.8
2020-02-26,7.4,5.0,1.5
2020-03-01,63.4,0.0,0.0
2020-03-03,0.0,1.8,0.0
2020-03-04,0.0,41.5,50.8
2020-03-05,51.6,3.8,0.0
2020-03-07,34.0,0.9,0.0
2020-03-09,17.5,3.5,0.0
2020-03-11,27.5,20.3,16.2
2020-03-12,10.5,7.5,2.0
2020-03-13,14.6,0.0,0.0
2020-03-17,33.0,0.1,0.0
2020-03-19,14.5,18.3,13.9
2020-03-20,40.0,27.9,24.9
2020-03-21,3.9,1.3,0.0
2020-03-22,0.0,1.6,0.0
2020-03-23,3.5,3.2,0.0
2020-03-25,3.4,0.1,0.0
2020-03-27,28.5,2.9,0.0
2020-03-28,3.5,0.0,0.0
2020-03-30,0.0,10.1,4.4
2020-03-31,18.5,61.8,86.5
2020-04-01,75.5,1.0,0.0
2020-04-02,0.0,57.5,75.8
2020-04-03,20.0,0.0,0.0
2020-04-04,0.0,14.6,11.7
2020-04-06,24.8,6.6,2.5
2020-04-07,6.2,9.9,6.1
2020-04-08,47.7,17.9,15.7
2020-04-09,7.5,1.7,0.0
2020-04-10,3.4,19.6,17.7
2020-04-11,58.5,3.0,0.0
2020-04-12,3.7,17.9,18.3
2020-04-13,6.3,4.1,1.0
2020-04-14,6.0,6.9,3.6
2020-04-15,4.7,7.8,4.8
2020-04-16,42.6,2.8,0.0
2020-04-17,1.0,0.2,0.0
2020-04-19,40.5,2.0,0.0
2020-04-20,2.4,6.9,3.6
2020-04-22,3.5,0.0,0.0
2020-04-24,21.2,2.2,0.0
2020-04-27,0.8,25.7,28.9
2020-04-28,2.1,2.2,0.0
2020-04-29,18.1,0.8,0.0
2020-05-02,26.2,1.5,0.0
2020-05-03,4.1,1.9,0.0
2020-05-04,0.2,10.1,6.8
2020-05-05,4.4,30.2,51.1
2020-05-06,18.8,0.1,0.0
2020-05-07,0.5,2.8,0.0
2020-05-09,67.6,1.1,0.0
2020-05-10,2.0,32.6,55.1
2020-05-11,36.0,2.2,0.0
2020-05-12,0.0,0.0,0.0
2020-05-15,3.9,0.9,0.0
2020-05-16,0.5,0.7,0.0
2020-05-17,7.0,3.1,0.0
2020-05-18,5.0,1.6,0.0
2020-05-21,14.2,0.0,0.0
2020-05-22,0.0,45.3,100.4
2020-05-23,20.5,8.4,9.1
2020-05-27,32.0,8.1,8.1
2020-05-28,0.9,1.4,0.0
2020-05-30,0.0,0.0,0.0
2020-05-31,21.4,4.3,1.3
2020-06-01,0.1,27.3,58.3
2020-06-02,21.9,3.2,0.0
2020-06-03,0.3,14.0,29.1
2020-06-04,0.9,7.5,4.2
2020-06-05,20.9,1.5,0.0
2020-06-06,0.0,0.0,0.0
2020-06-08,40.8,5.4,0.0
2020-06-09,0.4,0.0,0.0
2020-06-11,0.0,2.4,0.0
2020-06-15,0.0,0.1,0.0
2020-06-17,8.0,8.5,5.6
2020-06-18,9.4,3.5,0.0
2020-06-19,0.5,2.2,0.0
2020-06-20,0.2,16.0,36.8
2020-06-21,5.5,4.8,1.0
2020-06-22,2.6,1.8,0.0
2020-06-23,4.9,20.3,47.3
2020-06-24,15.7,6.8,3.2
2020-06-29,0.9,0.0,0.0
2020-07-01,0.0,12.7,17.6
2020-07-02,3.0,5.4,3.4
2020-07-05,0.4,6.1,4.4
2020-07-08,2.0,20.6,32.8
2020-07-09,30.3,10.2,10.0
2020-07-10,0.2,0.1,0.0
2020-07-11,0.0,1.4,0.0
2020-07-12,0.2,1.2,0.0
2020-07-13,2.2,11.9,12.2
2020-07-14,2.6,19.7,29.1
2020-07-15,6.6,2.7,0.0
2020-07-16,0.2,0.1,0.0
2020-07-20,1.6,4.8,1.0
2020-07-21,7.0,3.6,0.0
2020-07-22,6.6,0.1,0.0
2020-07-23,1.0,1.8,0.0
2020-07-24,2.1,0.7,0.0
2020-07-25,7.5,0.0,0.0
2020-07-26,0.0,0.0,0.0
2020-07-29,0.4,0.0,0.0
2020-07-30,0.8,1.2,0.0
2020-07-31,0.0,0.0,0.0
2020-08-03,0.0,2.1,0.0
2020-08-05,0.2,3.0,1.1
2020-08-08,0.0,0.0,0.0
2020-08-10,0.0,1.3,0.0
2020-08-12,0.3,1.7,0.0
2020-08-13,1.9,20.5,17.6
2020-08-14,36.2,0.2,0.0
2020-08-15,0.0,0.6,0.0
2020-08-17,5.7,0.0,0.0
2020-08-18,0.0,7.1,5.8
2020-08-19,0.3,0.0,0.0
2020-08-20,4.0,0.0,0.0
2020-08-23,0.0,0.3,0.0
2020-08-24,0.0,0.0,0.0
2020-08-28,0.0,0.0,0.0
2020-08-30,0.0,0.0,0.0
2020-09-02,0.0,4.1,1.0
2020-09-05,11.0,5.1,3.2
2020-09-06,2.6,3.7,1.0
2020-09-07,0.0,0.4,0.0
2020-09-08,0.0,0.4,0.0
2020-09-09,0.4,17.3,40.9
2020-09-10,12.5,3.4,0.0
2020-09-11,0.0,0.0,0.0
2020-09-12,0.0,0.1,0.0
2020-09-14,3.0,1.1,0.0
2020-09-28,14.0,0.0,0.0
2020-09-29,0.0,0.4,0.0
2020-10-01,4.0,0.1,0.0
2020-10-02,0.0,12.3,10.8
2020-10-03,2.9,5.7,1.4
2020-10-04,0.7,0.0,0.0
2020-10-07,0.0,39.8,77.9
2020-10-08,46.5,9.4,7.5
2020-10-09,1.0,15.2,15.0
2020-10-10,13.5,10.6,8.0
2020-10-11,1.5,26.0,27.6
2020-10-12,5.5,2.9,1.0
2020-10-13,1.0,0.3,0.0
2020-10-14,0.0,0.0,0.0
2020-10-17,0.0,0.2,0.0
2020-10-19,11.0,7.0,4.6
2020-10-20,38.0,0.0,0.0
2020-10-22,6.5,8.5,2.7
2020-10-23,0.9,26.3,27.9
2020-10-24,75.5,13.5,8.0
2020-10-25,27.5,2.8,0.0
2020-10-26,6.4,0.6,0.0
2020-10-27,0.0,0.0,0.0
2020-10-29,0.0,0.7,0.0
2020-10-31,9.4,23.9,26.5
2020-11-01,18.0,12.0,7.6
2020-11-02,1.5,24.8,28.0
2020-11-03,16.8,2.6,0.0
2020-11-05,17.9,5.8,0.0
2020-11-06,5.4,3.2,0.0
2020-11-07,0.0,0.6,0.0
2020-11-09,3.0,0.4,0.0
2020-11-13,0.0,18.8,15.4
2020-11-15,8.0,3.1,0.0
2020-11-16,9.5,7.6,1.9
2020-11-17,0.2,0.0,0.0
2020-11-18,0.0,1.5,0.0
2020-11-19,2.6,7.7,2.0
2020-11-20,1.5,1.2,0.0
2020-11-22,34.4,54.1,56.9
2020-11-23,38.0,7.4,1.9
2020-11-25,58.5,24.3,19.9
2020-11-26,38.5,34.4,36.3
2020-11-27,28.6,51.6,54.6
2020-11-28,50.5,12.2,6.9
2020-11-29,0.7,1.8,0.0
2020-12-01,0.0,0.0,0.0
2020-12-02,0.0,9.4,4.2
2020-12-06,7.6,19.1,16.7
2020-12-07,15.9,2.6,0.0
2020-12-09,11.2,10.4,5.4
2020-12-10,1.7,24.0,23.4
2020-12-11,0.5,9.0,4.8
2020-12-12,11.8,7.9,3.6
2020-12-13,0.0,3.2,0.0
2020-12-14,0.0,10.0,5.9
2020-12-15,9.9,10.7,6.7
2020-12-16,21.0,3.3,0.0
2020-12-20,5.5,9.6,5.5
2020-12-21,9.8,0.1,0.0
2020-12-23,0.0,42.7,57.9
2020-12-24,45.2,9.3,5.0
2020-12-26,9.9,0.9,0.0
2020-12-27,0.6,54.9,75.0
2020-12-28,60.0,1.3,0.0
2020-12-31,17.6,24.9,28.3
2021-01-01,3.2,5.1,1.0
2021-01-03,0.8,12.1,7.3
2021-01-04,7.2,0.8,0.0
2021-01-06,0.6,6.2,1.9
2021-01-07,3.5,0.3,0.0
2021-01-10,2.4,1.2,0.0
2021-01-11,0.1,0.8,0.0
2021-01-12,2.6,23.9,33.4
2021-01-13,5.4,43.8,58.2
2021-01-14,2.1,4.3,1.5
2021-01-17,0.0,57.0,68.7
2021-01-18,80.2,3.5,1.0
2021-01-22,0.0,0.3,0.0
2021-01-26,82.0,14.5,13.6
2021-01-27,4.2,18.0,17.9
2021-01-28,12.2,24.1,27.9
2021-01-29,15.7,0.7,0.0
2021-01-30,0.9,5.7,3.5
2021-01-31,12.6,0.1,0.0
2021-02-01,2.7,13.6,11.2
2021-02-02,24.2,6.7,3.2
2021-02-03,10.1,5.7,2.1
2021-02-04,17.5,0.4,0.0
2021-02-05,1.4,0.1,0.0
2021-02-07,1.0,5.6,2.0
2021-02-08,1.0,0.2,0.0
2021-02-10,0.2,19.3,17.8
2021-02-11,15.3,3.5,1.0
2021-02-12,11.0,57.3,79.2
2021-02-13,34.1,3.1,1.0
2021-02-14,5.5,0.4,0.0
2021-02-15,0.1,0.0,0.0
2021-02-18,5.5,2.0,0.0
2021-02-19,4.7,0.0,0.0
2021-02-21,11.3,0.3,0.0
2021-02-22,10.0,0.0,0.0
2021-02-24,5.4,0.3,0.0
2021-02-25,0.0,15.9,14.6
2021-02-26,20.4,3.3,0.0
2021-03-01,0.3,0.1,0.0
2021-03-06,0.3,7.3,1.9
2021-03-07,35.3,0.3,0.0
2021-03-10,11.4,0.0,0.0
2021-03-12,6.0,3.8,0.0
2021-03-14,5.1,0.7,0.0
2021-03-15,0.2,8.7,3.2
2021-03-16,1.0,7.4,2.0
2021-03-17,0.0,0.1,0.0
2021-03-19,7.8,13.0,7.8
2021-03-20,10.2,34.9,36.8
2021-03-21,4.6,8.3,2.6
2021-03-22,8.6,28.2,38.2
2021-03-23,21.8,2.2,0.0
2021-03-24,1.5,28.0,39.4
2021-03-25,89.9,3.3,0.0
2021-03-26,39.5,2.5,0.0
2021-03-27,1.5,0.7,0.0
2021-03-29,6.5,5.9,1.0
2021-03-30,0.4,3.5,0.0
2021-04-01,6.3,3.6,0.0
2021-04-03,7.0,0.5,0.0
2021-04-04,0.9,0.3,0.0
2021-04-05,0.0,5.0,1.0
2021-04-07,1.2,6.1,1.9
2021-04-10,0.0,8.4,4.5
2021-04-11,5.9,21.1,23.1
2021-04-12,5.5,4.4,1.0
2021-04-16,1.0,0.4,0.0
2021-04-17,28.4,22.2,31.0
2021-04-18,39.6,0.0,0.0
2021-04-20,3.6,20.9,22.3
2021-04-21,14.8,0.0,0.0
2021-04-22,0.0,8.4,4.8
2021-04-23,13.1,0.2,0.0
2021-04-29,0.3,0.6,0.0
2021-05-01,15.1,7.7,3.8
2021-05-02,16.5,7.2,3.2
2021-05-07,0.0,0.4,0.0
2021-05-10,68.0,0.0,0.0
2021-05-11,0.0,0.0,0.0
2021-05-13,7.7,9.6,8.8
2021-05-14,2.4,2.1,0.0
2021-05-15,1.8,11.1,10.7
2021-05-16,5.3,1.8,0.0
2021-05-17,7.5,4.6,1.0
2021-05-19,0.2,0.2,0.0
2021-05-21,0.4,4.7,2.1
2021-05-23,3.5,0.0,0.0
2021-05-26,0.0,0.0,0.0
2021-05-27,2.4,1.1,0.0
2021-05-29,2.7,7.1,6.4
2021-05-30,10.8,9.2,10.7
2021-05-31,0.5,1.3,0.0
2021-06-02,0.0,0.0,0.0
2021-06-03,0.0,0.0,0.0
2021-06-04,0.4,0.0,0.0
2021-06-05,0.0,1.5,0.0
2021-06-08,0.1,0.0,0.0
2021-06-14,0.2,9.8,7.8
2021-06-15,0.2,0.0,0.0
2021-06-17,1.4,0.7,0.0
2021-06-18,0.0,2.8,0.0
2021-06-19,49.9,2.5,0.0
2021-06-20,0.0,0.9,0.0
2021-06-24,6.1,0.0,0.0
2021-06-25,0.0,0.0,0.0
2021-06-28,1.7,2.0,0.0
2021-06-29,0.0,0.9,0.0
2021-07-03,21.1,0.7,0.0
2021-07-05,0.0,0.0,0.0
2021-07-06,0.0,0.0,0.0
2021-07-07,0.0,0.6,0.0
2021-07-10,0.3,48.4,87.3
2021-07-11,69.5,2.4,0.0
2021-07-14,1.5,20.6,30.8
2021-07-17,0.0,0.0,0.0
2021-07-18,0.0,0.0,0.0
2021-07-19,0.0,0.0,0.0
2021-07-21,32.0,1.1,0.0
2021-07-23,0.0,0.8,0.0
2021-07-24,0.3,4.1,1.0
2021-08-04,0.0,1.0,0.0
2021-08-05,0.0,1.8,0.0
2021-08-06,0.0,3.4,1.2
2021-08-07,2.2,0.0,0.0
2021-08-10,13.0,0.0,0.0
2021-08-12,0.2,0.5,0.0
2021-08-14,0.1,3.0,1.2
2021-08-15,14.9,23.6,23.8
2021-08-16,15.6,0.1,0.0
2021-08-18,14.2,4.2,3.2
2021-08-21,7.5,6.1,3.8
2021-08-24,0.0,2.7,0.0
2021-08-25,0.5,6.8,4.4
2021-08-26,1.0,0.0,0.0
2021-08-29,9.0,19.3,21.1
2021-08-30,37.1,6.4,3.9
2021-08-31,0.8,14.4,12.8
2021-09-01,9.0,70.4,82.7
2021-09-02,73.4,17.9,41.9
2021-09-03,1.0,1.1,0.0
2021-09-04,0.0,0.4,0.0
2021-09-06,3.5,1.0,0.0
2021-09-08,0.5,0.8,0.0
2021-09-09,0.0,1.2,0.0
2021-09-11,0.0,1.0,0.0
2021-09-13,0.5,94.5,76.6
2021-09-14,86.4,8.4,5.5
2021-09-16,1.5,1.3,0.0
2021-09-17,0.0,0.4,0.0
2021-09-19,0.8,0.1,0.0
2021-09-25,0.1,8.0,3.5
2021-09-26,39.8,5.9,1.0
2021-09-30,12.5,16.4,25.1
2021-10-01,1.3,9.5,7.5
2021-10-02,1.5,0.0,0.0
2021-10-06,0.0,2.0,0.0
2021-10-07,17.0,0.6,0.0
2021-10-08,7.4,0.2,0.0
2021-10-13,11.5,1.1,0.0
2021-10-14,11.4,1.4,0.0
2021-10-15,27.1,0.0,0.0
2021-10-16,0.0,0.0,0.0
2021-10-18,4.5,1.4,0.0
2021-10-19,1.2,3.3,1.0
2021-10-21,0.0,0.8,0.0
2021-10-22,0.0,6.8,1.0
2021-10-23,0.0,5.2,0.0
2021-10-26,0.0,0.2,0.0
2021-10-28,26.2,5.9,0.0
2021-10-29,0.3,0.0,0.0
2021-10-30,0.0,10.1,4.5
2021-10-31,8.7,8.9,3.1
2021-11-01,0.2,17.7,16.6
2021-11-02,3.2,34.5,43.6
2021-11-03,115.8,2.2,0.0
2021-11-04,1.5,55.6,98.8
2021-11-05,79.5,8.2,2.5
2021-11-06,0.2,1.5,0.0
2021-11-07,1.5,16.2,13.7
2021-11-08,10.2,1.0,0.0
2021-11-09,0.2,31.0,38.5
2021-11-10,7.7,24.8,31.2
2021-11-11,37.9,9.3,3.7
2021-11-13,0.0,4.4,0.0
2021-11-15,18.0,3.2,0.0
2021-11-17,6.0,6.2,1.0
2021-11-18,0.7,22.9,30.3
2021-11-19,15.0,11.0,5.7
2021-11-21,4.3,3.5,0.0
2021-11-22,0.5,13.1,8.0
2021-11-23,27.2,15.2,10.1
2021-11-24,36.0,5.5,0.0
2021-11-25,0.2,13.2,8.0
2021-11-26,43.5,7.6,2.2
2021-11-27,0.1,26.4,21.9
2021-11-28,12.0,3.6,0.0
2021-12-02,1.2,0.5,0.0
2021-12-03,0.0,16.7,13.5
2021-12-04,5.5,30.6,42.4
2021-12-05,38.8,20.3,18.1
2021-12-06,1.5,2.3,0.0
2021-12-08,1.6,0.8,0.0
2021-12-09,5.4,12.6,8.1
2021-12-10,0.2,5.8,1.0
2021-12-11,3.0,5.1,1.0
2021-12-12,13.7,10.1,6.0
2021-12-13,11.3,1.8,0.0
2021-12-14,0.9,4.3,1.0
2021-12-15,25.2,32.2,37.6
2021-12-16,34.3,11.4,7.5
2021-12-17,16.0,13.7,10.0
2021-12-19,71.1,3.7,0.0
2021-12-21,138.0,1.3,0.0
2021-12-22,0.0,19.9,17.7
2021-12-23,14.8,6.2,1.6
2021-12-24,0.0,27.0,32.0
2021-12-25,150.0,29.6,35.4
2021-12-26,31.5,0.0,0.0
2021-12-27,1.7,13.4,9.6
2021-12-28,3.0,0.2,0.0
2021-12-29,2.4,0.7,0.0
2021-12-31,6.7,13.3,9.5
