date,gauge,imergl,lseqmdl
2001-01-01,0.0,6.1,3.1
2001-01-02,55.0,11.9,9.3
2001-01-03,1.5,12.7,10.1
2001-01-04,1.5,22.4,20.6
2001-01-05,0.0,9.3,6.5
2001-01-06,68.2,27.1,28.6
2001-01-07,0.0,0.9,0.0
2001-01-08,3.8,1.1,0.0
2001-01-09,0.6,2.2,0.0
2001-01-10,5.5,10.8,8.1
2001-01-11,1.6,5.1,1.5
2001-01-12,0.0,10.4,8.1
2001-01-13,0.0,4.2,1.0
2001-01-14,0.0,1.7,0.0
2001-01-15,9.0,7.1,3.9
2001-01-16,0.0,24.1,33.4
2001-01-17,0.7,3.7,0.0
2001-01-18,8.4,23.0,25.2
2001-01-19,0.9,18.7,19.7
2001-01-20,44.8,24.8,36.2
2001-01-21,2.1,5.3,1.4
2001-01-22,60.0,29.9,41.0
2001-01-23,0.0,12.6,11.2
2001-01-24,0.0,1.1,0.0
2001-01-25,1.5,10.4,8.1
2001-01-26,1.2,28.8,38.9
2001-01-27,5.7,19.6,20.9
2001-01-28,1.5,5.9,2.2
2001-01-29,55.6,12.0,10.3
2001-01-30,25.5,14.3,13.8
2001-01-31,0.0,21.4,25.3
2001-02-01,1.0,17.4,15.5
2001-02-02,2.3,2.5,0.0
2001-02-03,3.1,4.7,0.0
2001-02-04,24.9,38.2,44.8
2001-02-05,0.0,2.4,0.0
2001-02-06,0.7,1.9,0.0
2001-02-07,14.5,14.9,12.8
2001-02-08,2.5,6.1,1.0
2001-02-09,0.0,1.0,0.0
2001-02-10,0.0,0.3,0.0
2001-02-11,0.0,1.3,0.0
2001-02-12,0.0,1.8,0.0
2001-02-13,1.3,3.1,1.0
2001-02-14,0.0,0.1,0.0
2001-02-15,0.0,0.5,0.0
2001-02-16,1.4,3.2,1.0
2001-02-17,0.0,2.5,0.0
2001-02-18,0.0,0.4,0.0
2001-02-19,0.0,0.2,0.0
2001-02-20,0.0,0.1,0.0
2001-02-21,43.2,5.1,1.5
2001-02-22,17.7,49.6,108.2
2001-02-23,0.0,0.1,0.0
2001-02-24,1.0,2.8,0.0
2001-02-25,0.0,2.6,0.0
2001-02-26,0.0,0.4,0.0
2001-02-27,0.0,0.3,0.0
2001-02-28,0.0,0.6,0.0
2001-03-01,0.0,0.3,0.0
2001-03-02,0.0,0.3,0.0
2001-03-03,0.0,0.0,0.0
2001-03-04,0.0,1.5,0.0
2001-03-05,1.0,0.5,0.0
2001-03-06,1.2,15.6,14.9
2001-03-07,18.8,36.4,60.3
2001-03-08,1.1,15.4,15.3
2001-03-09,9.6,12.8,13.2
2001-03-10,0.4,0.9,0.0
2001-03-11,0.0,0.9,0.0
2001-03-12,0.0,3.7,1.0
2001-03-13,5.8,0.7,0.0
2001-03-14,0.3,4.6,1.5
2001-03-15,0.0,0.2,0.0
2001-03-16,9.6,7.2,5.0
2001-03-17,0.0,0.3,0.0
2001-03-18,7.6,8.1,6.3
2001-03-19,0.0,0.0,0.0
2001-03-20,0.0,0.0,0.0
2001-03-21,0.0,4.2,0.0
2001-03-22,35.0,18.4,18.4
2001-03-23,0.9,8.3,4.7
2001-03-24,55.5,39.7,61.0
2001-03-25,13.5,4.8,1.0
2001-03-26,17.2,4.0,0.0
2001-03-27,4.7,53.6,72.8
2001-03-28,22.8,18.3,17.5
2001-03-29,0.0,26.9,40.6
2001-03-30,0.0,0.2,0.0
2001-03-31,0.0,21.7,22.6
2001-04-01,0.0,0.3,0.0
2001-04-02,1.0,20.8,32.0
2001-04-03,2.4,5.0,1.2
2001-04-04,0.0,0.8,0.0
2001-04-05,1.3,50.6,73.4
2001-04-06,1.1,7.1,4.4
2001-04-07,7.0,8.6,6.9
2001-04-08,1.0,9.7,8.7
2001-04-09,1.5,19.9,29.3
2001-04-10,4.4,1.2,0.0
2001-04-11,25.2,27.2,41.7
2001-04-12,1.5,4.2,1.0
2001-04-13,36.5,9.2,8.6
2001-04-14,0.0,1.6,0.0
2001-04-15,0.0,4.6,1.4
2001-04-16,4.5,25.8,39.8
2001-04-17,7.4,6.6,4.6
2001-04-18,0.4,10.3,10.4
2001-04-19,13.0,2.2,0.0
2001-04-20,0.0,5.0,2.0
2001-04-21,6.2,2.8,0.0
2001-04-22,0.0,4.1,0.0
2001-04-23,19.4,63.9,78.4
2001-04-24,0.0,10.9,6.9
2001-04-25,15.9,3.2,0.0
2001-04-26,33.5,35.6,43.0
2001-04-27,1.5,1.4,0.0
2001-04-28,26.2,5.4,1.0
2001-04-29,0.6,9.6,5.5
2001-04-30,0.0,0.3,0.0
2001-05-01,0.3,7.6,6.3
2001-05-02,0.4,7.3,5.7
2001-05-03,12.8,0.1,0.0
2001-05-04,0.0,3.7,1.0
2001-05-05,0.0,1.4,0.0
2001-05-06,0.0,0.0,0.0
2001-05-07,1.3,0.0,0.0
2001-05-08,0.9,2.2,0.0
2001-05-09,0.0,0.1,0.0
2001-05-10,0.0,2.3,0.0
2001-05-11,0.0,0.3,0.0
2001-05-12,1.9,0.9,0.0
2001-05-13,0.0,2.1,0.0
2001-05-14,8.2,1.9,0.0
2001-05-15,0.0,0.0,0.0
2001-05-16,1.9,8.9,8.4
2001-05-17,7.0,36.0,57.9
2001-05-18,21.0,46.2,68.1
2001-05-19,0.0,2.8,0.0
2001-05-20,1.2,0.2,0.0
2001-05-21,41.5,0.0,0.0
2001-05-22,4.7,7.1,5.0
2001-05-23,0.0,4.9,1.2
2001-05-24,81.0,10.1,10.0
2001-05-25,0.0,0.1,0.0
2001-05-26,72.5,5.8,2.9
2001-05-27,15.1,4.9,1.3
2001-05-28,0.0,0.1,0.0
2001-05-29,8.6,21.5,34.2
2001-05-30,0.0,0.2,0.0
2001-05-31,0.0,0.0,0.0
2001-06-01,78.0,7.1,4.1
2001-06-02,38.8,8.0,5.3
2001-06-03,7.8,7.3,4.4
2001-06-04,1.0,10.8,9.1
2001-06-05,17.2,50.5,78.4
2001-06-06,25.5,1.7,0.0
2001-06-07,1.0,9.9,7.9
2001-06-08,3.8,9.0,6.6
2001-06-09,0.2,5.3,1.7
2001-06-10,0.0,0.3,0.0
2001-06-11,7.4,0.1,0.0
2001-06-12,0.8,5.8,1.5
2001-06-13,19.0,0.1,0.0
2001-06-14,1.2,0.1,0.0
2001-06-15,12.5,18.1,14.8
2001-06-16,13.0,18.8,16.6
2001-06-17,0.0,4.0,0.0
2001-06-18,0.0,0.1,0.0
2001-06-19,0.0,6.6,2.4
2001-06-20,0.0,3.9,0.0
2001-06-21,0.0,0.1,0.0
2001-06-22,0.0,0.0,0.0
2001-06-23,0.0,0.0,0.0
2001-06-24,0.0,0.0,0.0
2001-06-25,0.0,0.2,0.0
2001-06-26,18.0,7.8,7.1
2001-06-27,0.0,0.0,0.0
2001-06-28,0.0,0.0,0.0
2001-06-29,0.0,0.0,0.0
2001-06-30,0.0,0.0,0.0
2001-07-01,0.0,0.3,0.0
2001-07-02,0.0,0.0,0.0
2001-07-03,0.0,0.0,0.0
2001-07-04,0.0,0.1,0.0
2001-07-05,0.0,0.0,0.0
2001-07-06,0.0,0.0,0.0
2001-07-07,0.0,0.0,0.0
2001-07-08,0.0,0.1,0.0
2001-07-09,0.0,0.0,0.0
2001-07-10,0.1,6.7,3.8
2001-07-11,0.0,0.0,0.0
2001-07-12,0.0,0.0,0.0
2001-07-13,16.0,19.8,16.9
2001-07-14,43.5,3.5,0.0
2001-07-15,0.5,0.0,0.0
2001-07-16,26.1,26.7,30.6
2001-07-17,39.2,15.1,12.2
2001-07-18,1.5,5.2,1.1
2001-07-19,0.3,0.0,0.0
2001-07-20,17.5,2.8,0.0
2001-07-21,9.7,16.3,16.9
2001-07-22,6.8,1.1,0.0
2001-07-23,12.9,2.2,0.0
2001-07-24,0.0,15.5,14.6
2001-07-25,8.2,3.2,1.0
2001-07-26,0.0,0.8,0.0
2001-07-27,1.0,17.5,23.0
2001-07-28,0.5,16.2,15.4
2001-07-29,0.0,0.7,0.0
2001-07-30,0.0,0.3,0.0
2001-07-31,0.0,19.0,27.4
2001-08-01,11.7,8.5,9.2
2001-08-02,6.4,11.1,12.5
2001-08-03,5.5,8.1,8.6
2001-08-04,0.0,1.2,0.0
2001-08-05,5.5,0.1,0.0
2001-08-06,0.0,0.1,0.0
2001-08-07,0.0,0.1,0.0
2001-08-08,0.0,0.0,0.0
2001-08-09,0.3,0.1,0.0
2001-08-10,0.0,0.0,0.0
2001-08-11,0.0,0.2,0.0
2001-08-12,0.0,0.0,0.0
2001-08-13,0.2,0.0,0.0
2001-08-14,0.0,0.1,0.0
2001-08-15,0.0,0.1,0.0
2001-08-16,0.0,0.0,0.0
2001-08-17,0.0,0.9,0.0
2001-08-18,0.0,2.6,0.0
2001-08-19,0.0,4.4,1.3
2001-08-20,0.0,0.0,0.0
2001-08-21,1.2,0.4,0.0
2001-08-22,0.0,0.4,0.0
2001-08-23,0.0,0.0,0.0
2001-08-24,0.0,0.1,0.0
2001-08-25,0.0,0.0,0.0
2001-08-26,0.2,0.0,0.0
2001-08-27,0.4,1.2,0.0
2001-08-28,0.0,1.5,0.0
2001-08-29,0.0,0.0,0.0
2001-08-30,0.6,1.0,0.0
2001-08-31,1.5,3.7,1.2
2001-09-01,0.0,0.0,0.0
2001-09-02,0.0,0.3,0.0
2001-09-03,41.0,4.1,1.0
2001-09-04,0.3,2.3,0.0
2001-09-05,6.8,9.2,6.7
2001-09-06,15.2,6.2,3.1
2001-09-07,0.3,3.1,0.0
2001-09-08,2.4,0.1,0.0
2001-09-09,0.0,0.1,0.0
2001-09-10,0.0,0.9,0.0
2001-09-11,21.3,89.4,69.4
2001-09-12,36.3,12.2,8.7
2001-09-13,5.2,9.6,5.7
2001-09-14,0.0,0.0,0.0
2001-09-15,2.8,3.9,0.0
2001-09-16,2.0,13.8,11.4
2001-09-17,0.0,0.0,0.0
2001-09-18,0.0,4.2,0.0
2001-09-19,0.0,0.0,0.0
2001-09-20,0.0,0.2,0.0
2001-09-21,0.0,0.0,0.0
2001-09-22,0.0,0.4,0.0
2001-09-23,0.0,0.3,0.0
2001-09-24,5.1,5.0,1.9
2001-09-25,75.0,139.1,98.2
2001-09-26,0.0,7.8,5.7
2001-09-27,64.0,11.5,10.1
2001-09-28,0.3,1.2,0.0
2001-09-29,12.4,44.1,65.9
2001-09-30,2.5,11.0,9.5
2001-10-01,13.0,3.6,0.0
2001-10-02,11.0,16.5,17.2
2001-10-03,26.2,31.3,39.9
2001-10-04,8.6,25.3,33.5
2001-10-05,12.0,13.6,14.3
2001-10-06,10.0,17.3,19.7
2001-10-07,0.6,14.0,13.8
2001-10-08,15.3,11.3,10.3
2001-10-09,0.6,12.5,11.9
2001-10-10,0.0,3.4,0.0
2001-10-11,7.7,15.5,17.5
2001-10-12,0.5,0.0,0.0
2001-10-13,0.0,0.2,0.0
2001-10-14,0.0,0.5,0.0
2001-10-15,1.3,0.9,0.0
2001-10-16,0.0,6.8,5.0
2001-10-17,35.0,16.0,18.5
2001-10-18,11.0,8.4,7.3
2001-10-19,51.0,15.9,18.2
2001-10-20,61.6,43.5,64.2
2001-10-21,0.3,19.3,18.5
2001-10-22,0.5,14.1,11.5
2001-10-23,5.8,15.9,13.5
2001-10-24,0.0,3.3,0.0
2001-10-25,40.7,61.5,71.0
2001-10-26,0.0,6.7,2.9
2001-10-27,8.5,23.8,28.5
2001-10-28,2.4,8.3,4.7
2001-10-29,25.5,36.5,56.2
2001-10-30,7.2,1.0,0.0
2001-10-31,42.7,35.3,53.5
2001-11-01,20.0,29.0,35.4
2001-11-02,18.4,13.1,11.3
2001-11-03,12.3,5.0,1.0
2001-11-04,1.8,10.9,8.4
2001-11-05,18.0,11.4,9.0
2001-11-06,0.0,2.6,0.0
2001-11-07,0.0,3.1,0.0
2001-11-08,0.0,2.9,0.0
2001-11-09,15.8,4.8,1.0
2001-11-10,10.0,3.7,0.0
2001-11-11,0.2,9.0,4.5
2001-11-12,0.5,8.4,3.9
2001-11-13,15.8,21.5,16.3
2001-11-14,21.5,22.4,17.1
2001-11-15,4.4,5.1,1.0
2001-11-16,0.8,15.7,10.8
2001-11-17,5.6,4.5,0.0
2001-11-18,10.1,11.6,6.9
2001-11-19,10.8,16.2,11.3
2001-11-20,27.3,10.7,6.1
2001-11-21,33.0,19.5,18.5
2001-11-22,0.6,14.2,11.8
2001-11-23,49.4,18.7,17.5
2001-11-24,7.0,5.6,1.4
2001-11-25,46.5,38.6,45.6
2001-11-26,19.5,24.2,30.3
2001-11-27,17.5,28.0,33.7
2001-11-28,1.0,15.0,12.8
2001-11-29,0.2,5.8,1.6
2001-11-30,30.8,16.9,15.2
2001-12-01,4.0,9.2,5.0
2001-12-02,5.0,9.8,5.6
2001-12-03,1.4,0.2,0.0
2001-12-04,51.0,10.5,6.1
2001-12-05,0.0,10.9,6.5
2001-12-06,0.0,1.1,0.0
2001-12-07,6.1,2.2,0.0
2001-12-08,96.5,105.9,86.0
2001-12-09,4.3,6.7,2.8
2001-12-10,15.0,18.4,13.9
2001-12-11,26.0,46.2,53.7
2001-12-12,8.2,15.2,11.1
2001-12-13,0.0,1.6,0.0
2001-12-14,0.0,1.2,0.0
2001-12-15,8.5,3.0,0.0
2001-12-16,7.0,5.7,1.5
2001-12-17,0.0,11.9,7.6
2001-12-18,3.3,0.5,0.0
2001-12-19,27.3,2.5,0.0
2001-12-20,5.7,4.0,0.0
2001-12-21,10.0,10.6,5.9
2001-12-22,73.0,4.6,0.0
2001-12-23,0.0,0.2,0.0
2001-12-24,24.2,9.6,4.9
2001-12-25,28.5,13.6,8.9
2001-12-26,30.5,28.3,26.6
2001-12-27,0.0,0.4,0.0
2001-12-28,1.3,20.8,16.1
2001-12-29,0.5,1.4,0.0
2001-12-30,15.5,3.0,0.0
2001-12-31,2.0,8.9,4.2
2002-01-01,0.0,0.0,0.0
2002-01-02,0.0,0.2,0.0
2002-01-03,0.1,0.0,0.0
2002-01-04,0.5,0.0,0.0
2002-01-05,2.5,0.5,0.0
2002-01-06,4.2,3.0,0.0
2002-01-07,78.0,31.6,34.5
2002-01-08,10.0,4.1,1.0
2002-01-09,20.7,10.2,7.5
2002-01-10,11.0,21.0,19.1
2002-01-11,9.5,1.6,0.0
2002-01-12,1.0,3.9,1.0
2002-01-13,13.3,1.2,0.0
2002-01-14,0.0,1.0,0.0
2002-01-15,0.0,1.3,0.0
2002-01-16,3.8,34.8,45.3
2002-01-17,0.0,0.6,0.0
2002-01-18,0.0,6.7,3.4
2002-01-19,0.0,8.8,6.0
2002-01-20,5.0,10.3,8.0
2002-01-21,0.4,16.4,17.1
2002-01-22,4.1,23.0,28.6
2002-01-23,4.0,9.4,6.8
2002-01-24,5.2,31.7,44.9
2002-01-25,2.0,11.6,9.8
2002-01-26,1.0,10.8,8.6
2002-01-27,2.9,3.3,0.0
2002-01-28,17.5,3.1,0.0
2002-01-29,26.0,16.8,17.5
2002-01-30,26.0,72.5,146.4
2002-01-31,0.3,3.2,0.0
2002-02-01,3.6,2.7,0.0
2002-02-13,1.5,0.5,0.0
2002-02-14,4.2,3.0,1.0
2002-02-15,0.5,0.6,0.0
2002-02-19,0.5,0.0,0.0
2002-02-20,10.4,0.9,0.0
2002-02-21,0.7,8.6,7.2
2002-02-25,5.6,2.2,0.0
2002-02-27,0.2,1.2,0.0
2002-02-28,1.2,0.0,0.0
2002-03-01,0.0,2.4,0.0
2002-03-02,0.0,9.9,7.4
2002-03-03,0.0,0.2,0.0
2002-03-04,0.0,2.5,0.0
2002-03-05,7.0,26.9,46.0
2002-03-06,4.0,13.7,12.4
2002-03-07,4.3,14.3,14.1
2002-03-08,3.7,14.6,13.6
2002-03-09,0.0,0.4,0.0
2002-03-10,0.0,0.0,0.0
2002-03-11,0.0,2.9,0.0
2002-03-12,0.0,1.2,0.0
2002-03-13,6.3,12.8,12.6
2002-03-14,1.0,4.5,1.4
2002-03-15,1.0,14.0,14.2
2002-03-16,0.0,0.6,0.0
2002-03-17,20.4,17.9,25.0
2002-03-18,26.8,19.6,26.5
2002-03-19,0.8,1.8,0.0
2002-03-20,15.8,2.4,0.0
2002-03-21,1.0,5.6,1.4
2002-03-22,0.0,4.1,0.0
2002-03-23,0.0,0.9,0.0
2002-03-24,0.0,1.7,0.0
2002-03-25,0.0,0.0,0.0
2002-03-26,0.0,1.7,0.0
2002-03-27,0.0,11.6,9.2
2002-03-28,19.2,42.2,64.1
2002-03-29,3.5,10.9,8.2
2002-03-30,36.7,32.1,50.1
2002-03-31,5.5,56.5,75.2
2002-04-01,8.2,17.4,22.2
2002-04-02,15.1,4.8,1.0
2002-04-03,0.2,3.6,0.0
2002-04-04,2.4,21.0,32.3
2002-04-05,0.0,5.8,2.4
2002-04-06,0.6,13.7,15.5
2002-04-07,23.5,24.6,41.5
2002-04-08,0.0,0.8,0.0
2002-04-09,43.6,27.3,45.8
2002-04-10,15.0,13.2,14.8
2002-04-11,0.0,0.0,0.0
2002-04-12,0.0,0.6,0.0
2002-04-13,0.0,0.0,0.0
2002-04-14,1.1,13.5,15.5
2002-04-15,32.0,7.9,6.6
2002-04-16,13.4,40.0,61.4
2002-04-17,0.0,29.6,44.8
2002-04-18,10.6,1.1,0.0
2002-04-19,2.5,20.3,31.5
2002-04-20,5.5,8.7,7.8
2002-04-21,3.5,5.0,1.0
2002-04-22,8.0,38.1,45.4
2002-04-23,7.3,38.6,46.6
2002-04-24,21.4,16.7,13.8
2002-04-25,3.6,20.9,19.0
2002-04-26,1.3,3.3,0.0
2002-04-27,9.8,9.1,4.9
2002-04-28,0.4,2.9,0.0
2002-04-29,0.0,2.1,0.0
2002-04-30,24.5,6.9,2.5
2002-05-01,41.5,6.1,3.8
2002-05-02,23.8,1.8,0.0
2002-05-03,7.7,9.2,8.9
2002-05-04,0.0,6.5,4.5
2002-05-05,10.3,4.9,2.1
2002-05-06,27.4,16.6,23.5
2002-05-07,34.0,32.6,69.5
2002-05-08,4.5,20.3,33.5
2002-05-09,125.0,70.0,128.2
2002-05-10,0.4,17.8,23.8
2002-05-11,0.0,0.1,0.0
2002-05-12,1.2,1.4,0.0
2002-05-13,0.0,0.0,0.0
2002-05-14,0.6,2.7,0.0
2002-05-15,1.7,1.2,0.0
2002-05-16,4.2,1.5,0.0
2002-05-17,0.0,0.0,0.0
2002-05-18,0.0,0.3,0.0
2002-05-19,0.0,0.0,0.0
2002-05-20,0.0,0.0,0.0
2002-05-21,0.0,0.0,0.0
2002-05-22,0.0,0.0,0.0
2002-05-23,22.5,2.6,0.0
2002-05-24,0.0,0.2,0.0
2002-05-25,0.0,0.0,0.0
2002-05-26,0.0,0.6,0.0
2002-05-27,5.0,1.7,0.0
2002-05-28,0.0,0.4,0.0
2002-05-29,0.0,0.9,0.0
2002-05-30,0.0,0.0,0.0
2002-05-31,0.0,2.4,0.0
2002-06-01,24.7,2.6,0.0
2002-06-02,0.0,0.0,0.0
2002-06-03,0.0,0.0,0.0
2002-06-04,0.0,0.0,0.0
2002-06-05,0.0,1.5,0.0
2002-06-06,0.0,0.1,0.0
2002-06-07,3.0,38.4,59.0
2002-06-08,7.7,30.1,44.4
2002-06-09,0.0,0.1,0.0
2002-06-10,0.7,3.4,0.0
2002-06-11,123.0,153.5,142.3
2002-06-12,0.4,10.4,6.7
2002-06-13,46.3,56.6,69.1
2002-06-14,21.5,12.4,8.9
2002-06-15,1.6,13.2,9.8
2002-06-16,28.7,1.1,0.0
2002-06-17,135.0,77.6,101.9
2002-06-18,0.7,14.3,10.9
2002-06-19,0.0,6.8,2.7
2002-06-20,0.0,1.2,0.0
2002-06-21,0.5,1.1,0.0
2002-06-22,0.0,0.9,0.0
2002-06-23,0.0,0.5,0.0
2002-06-24,5.5,0.0,0.0
2002-06-25,0.0,0.0,0.0
2002-06-26,0.0,0.7,0.0
2002-06-27,0.0,0.0,0.0
2002-06-28,0.0,0.0,0.0
2002-06-29,0.0,0.0,0.0
2002-06-30,0.0,0.0,0.0
2002-07-01,0.0,0.0,0.0
2002-07-02,0.0,0.0,0.0
2002-07-03,0.0,0.0,0.0
2002-07-04,0.0,7.9,5.0
2002-07-05,0.0,0.0,0.0
2002-07-06,0.0,0.1,0.0
2002-07-07,0.0,0.2,0.0
2002-07-08,0.0,0.0,0.0
2002-07-09,0.0,0.0,0.0
2002-07-10,0.0,0.0,0.0
2002-07-11,0.0,0.0,0.0
2002-07-12,0.0,0.0,0.0
2002-07-13,0.0,0.0,0.0
2002-07-14,2.0,0.3,0.0
2002-07-15,0.0,0.0,0.0
2002-07-16,0.0,0.0,0.0
2002-07-17,0.0,0.2,0.0
2002-07-18,10.4,0.4,0.0
2002-07-19,0.0,0.0,0.0
2002-07-20,0.0,0.1,0.0
2002-07-21,0.0,0.4,0.0
2002-07-22,39.3,0.0,0.0
2002-07-23,0.0,0.0,0.0
2002-07-24,37.5,11.4,9.8
2002-07-25,0.0,0.0,0.0
2002-07-26,0.0,0.3,0.0
2002-07-27,0.0,0.1,0.0
2002-07-28,0.0,0.0,0.0
2002-07-29,0.0,0.0,0.0
2002-07-30,4.3,4.8,3.3
2002-07-31,0.0,0.0,0.0
2002-08-01,0.0,0.0,0.0
2002-08-02,0.0,0.0,0.0
2002-08-03,0.0,0.0,0.0
2002-08-04,0.0,0.0,0.0
2002-08-05,0.0,0.0,0.0
2002-08-06,0.0,0.2,0.0
2002-08-07,13.5,19.4,27.5
2002-08-08,0.0,0.7,0.0
2002-08-09,2.6,0.6,0.0
2002-08-10,3.9,0.2,0.0
2002-08-11,0.0,1.5,0.0
2002-08-12,0.0,2.0,0.0
2002-08-13,0.0,0.7,0.0
2002-08-14,0.0,0.0,0.0
2002-08-15,0.0,0.0,0.0
2002-08-16,0.0,0.5,0.0
2002-08-17,0.0,0.0,0.0
2002-08-18,0.0,0.0,0.0
2002-08-19,0.0,0.0,0.0
2002-08-20,0.0,0.0,0.0
2002-08-21,0.0,0.0,0.0
2002-08-22,0.0,0.0,0.0
2002-08-23,0.9,0.0,0.0
2002-08-24,0.0,0.0,0.0
2002-08-25,0.0,0.5,0.0
2002-08-26,19.2,0.0,0.0
2002-08-27,0.0,0.0,0.0
2002-08-28,0.0,0.0,0.0
2002-08-29,0.0,5.4,3.0
2002-08-30,0.0,0.0,0.0
2002-08-31,0.0,5.4,3.0
2002-09-01,0.0,0.0,0.0
2002-09-02,0.0,0.2,0.0
2002-09-03,0.0,0.4,0.0
2002-09-04,0.0,0.0,0.0
2002-09-05,31.2,1.2,0.0
2002-09-06,0.0,4.7,1.5
2002-09-07,0.0,0.0,0.0
2002-09-08,0.0,0.0,0.0
2002-09-09,0.0,0.0,0.0
2002-09-10,0.0,10.8,7.5
2002-09-11,2.0,0.3,0.0
2002-09-12,0.0,1.0,0.0
2002-09-13,0.0,0.0,0.0
2002-09-14,6.6,0.6,0.0
2002-09-15,0.0,0.0,0.0
2002-09-16,0.0,0.0,0.0
2002-09-17,0.0,0.0,0.0
2002-09-18,0.0,0.0,0.0
2002-09-19,0.0,0.0,0.0
2002-09-20,0.0,0.0,0.0
2002-09-21,0.0,0.0,0.0
2002-09-22,0.0,0.0,0.0
2002-09-23,0.0,4.2,1.0
2002-09-24,0.0,11.2,9.6
2002-09-25,0.0,1.9,0.0
2002-09-26,0.0,0.8,0.0
2002-09-27,0.0,5.0,1.9
2002-09-28,0.0,0.4,0.0
2002-09-29,0.0,0.8,0.0
2002-09-30,0.0,0.0,0.0
2002-10-01,0.0,0.0,0.0
2002-10-02,0.0,1.5,0.0
2002-10-03,23.0,3.2,0.0
2002-10-04,1.2,3.4,0.0
2002-10-05,0.0,2.7,0.0
2002-10-06,0.0,0.4,0.0
2002-10-07,0.0,0.3,0.0
2002-10-08,0.0,0.0,0.0
2002-10-09,0.0,0.0,0.0
2002-10-10,0.0,0.0,0.0
2002-10-11,0.0,0.0,0.0
2002-10-12,0.0,0.0,0.0
2002-10-13,0.0,0.1,0.0
2002-10-14,0.0,1.8,0.0
2002-10-15,2.3,1.8,0.0
2002-10-16,13.0,6.6,4.6
2002-10-17,2.0,33.8,49.8
2002-10-18,0.0,0.0,0.0
2002-10-19,0.0,0.0,0.0
2002-10-20,4.9,4.0,1.0
2002-10-21,0.0,2.3,0.0
2002-10-22,0.0,0.0,0.0
2002-10-23,0.0,0.1,0.0
2002-10-24,9.0,2.9,0.0
2002-10-25,0.0,0.3,0.0
2002-10-26,20.8,35.0,53.1
2002-10-27,0.0,3.3,0.0
2002-10-28,52.6,12.1,9.0
2002-10-29,13.0,11.6,8.5
2002-10-30,30.2,5.0,1.0
2002-10-31,0.5,1.6,0.0
2002-11-01,11.8,15.4,14.5
2002-11-02,0.0,6.3,2.5
2002-11-03,12.9,1.1,0.0
2002-11-04,24.1,31.2,39.7
2002-11-05,15.0,5.4,1.3
2002-11-06,78.0,5.7,1.7
2002-11-07,46.6,69.3,108.2
2002-11-08,20.0,12.5,10.5
2002-11-09,9.0,0.2,0.0
2002-11-10,40.6,10.1,7.3
2002-11-11,1.8,0.3,0.0
2002-11-12,2.8,21.7,16.4
2002-11-13,1.6,24.1,18.7
2002-11-14,26.1,0.5,0.0
2002-11-15,0.0,4.6,0.0
2002-11-16,5.5,73.4,73.8
2002-11-17,42.5,57.4,61.2
2002-11-18,0.0,8.7,4.2
2002-11-19,22.2,13.3,8.5
2002-11-20,38.3,34.2,34.9
2002-11-21,18.0,23.1,23.3
2002-11-22,12.0,19.7,18.8
2002-11-23,41.8,16.5,14.7
2002-11-24,0.0,1.0,0.0
2002-11-25,35.5,10.4,7.1
2002-11-26,3.2,28.8,36.1
2002-11-27,0.0,13.3,10.7
2002-11-28,18.0,21.9,21.6
2002-11-29,24.0,12.0,9.1
2002-11-30,18.0,16.2,14.3
2002-12-01,1.5,1.2,0.0
2002-12-02,2.0,2.4,0.0
2002-12-03,0.0,0.9,0.0
2002-12-04,0.0,4.1,1.0
2002-12-05,0.0,3.3,0.0
2002-12-06,5.8,19.3,14.7
2002-12-07,0.0,3.0,0.0
2002-12-08,0.0,1.0,0.0
2002-12-09,11.3,7.0,3.0
2002-12-10,9.8,10.6,6.3
2002-12-11,9.2,58.6,69.8
2002-12-12,25.0,25.4,22.3
2002-12-13,24.0,35.3,38.5
2002-12-14,0.0,9.4,5.0
2002-12-15,1.3,5.8,1.5
2002-12-16,10.5,0.8,0.0
2002-12-17,24.5,59.7,70.0
2002-12-18,9.5,17.6,13.6
2002-12-19,0.0,18.0,14.1
2002-12-20,10.5,49.3,57.0
2002-12-21,56.3,50.9,52.8
2002-12-22,2.4,11.8,7.0
2002-12-23,36.3,10.0,5.3
2002-12-24,30.0,10.9,6.2
2002-12-25,14.5,24.4,19.7
2002-12-26,30.5,96.1,121.3
2002-12-27,6.7,56.5,60.6
2002-12-28,0.0,8.1,3.5
2002-12-29,6.2,12.6,7.9
2002-12-30,0.0,16.0,11.2
2002-12-31,2.1,1.2,0.0
2003-01-01,1.4,12.4,9.8
2003-01-02,1.0,29.4,30.9
2003-01-03,0.7,0.6,0.0
2003-01-04,59.8,40.7,46.0
2003-01-05,3.0,11.0,8.3
2003-01-06,4.8,14.4,11.9
2003-01-07,9.5,25.3,26.6
2003-01-08,6.4,14.8,12.4
2003-01-09,31.8,22.3,20.0
2003-01-10,0.0,2.0,0.0
2003-01-11,4.7,5.7,2.2
2003-01-12,0.5,2.9,0.0
2003-01-13,16.8,8.6,5.7
2003-01-14,0.0,0.4,0.0
2003-01-15,30.0,15.2,14.4
2003-01-16,7.8,5.6,2.0
2003-01-17,0.0,1.0,0.0
2003-01-18,28.0,6.7,3.4
2003-01-19,10.5,5.1,1.5
2003-01-20,3.0,0.8,0.0
2003-01-21,2.4,0.6,0.0
2003-01-22,2.0,5.8,1.9
2003-01-23,0.0,2.5,0.0
2003-01-24,0.0,0.4,0.0
2003-01-25,2.5,5.5,1.6
2003-01-26,0.0,0.4,0.0
2003-01-27,0.0,3.6,0.0
2003-01-28,9.2,9.6,7.0
2003-01-29,2.0,4.9,1.0
2003-01-30,3.0,6.6,3.0
2003-01-31,31.4,20.1,22.0
2003-02-01,15.6,15.5,13.4
2003-02-02,0.0,9.5,5.2
2003-02-03,23.3,76.7,115.3
2003-02-04,27.5,38.4,44.6
2003-02-05,8.4,14.8,13.2
2003-02-06,20.2,3.3,0.0
2003-02-07,46.5,23.1,23.4
2003-02-08,18.5,10.3,6.2
2003-02-09,14.5,5.3,1.0
2003-02-10,0.0,1.5,0.0
2003-02-11,0.0,0.4,0.0
2003-02-12,0.0,0.1,0.0
2003-02-13,0.0,1.1,0.0
2003-02-14,94.0,12.3,11.4
2003-02-15,1.0,17.9,22.0
2003-02-16,0.5,6.9,5.3
2003-02-17,5.5,9.4,8.9
2003-02-18,26.6,48.4,59.0
2003-02-19,16.3,15.2,14.5
2003-02-20,1.5,1.9,0.0
2003-02-21,0.0,0.6,0.0
2003-02-22,0.0,0.4,0.0
2003-02-23,0.0,0.9,0.0
2003-02-24,0.0,6.2,3.4
2003-02-25,0.0,6.1,3.2
2003-02-26,0.0,3.9,0.0
2003-02-27,0.0,1.9,0.0
2003-02-28,0.0,10.3,9.9
2003-03-01,0.0,1.6,0.0
2003-03-02,0.0,3.5,0.0
2003-03-03,0.0,1.1,0.0
2003-03-04,0.0,2.8,0.0
2003-03-05,0.0,0.0,0.0
2003-03-06,0.0,0.1,0.0
2003-03-07,0.0,5.0,1.3
2003-03-08,1.0,15.0,14.8
2003-03-09,0.0,1.1,0.0
2003-03-10,0.0,5.6,2.0
2003-03-11,0.6,7.6,5.6
2003-03-12,1.2,8.8,7.2
2003-03-13,67.0,26.6,37.9
2003-03-14,4.6,6.7,4.3
2003-03-15,0.0,6.2,3.6
2003-03-16,0.0,1.3,0.0
2003-03-17,4.5,18.9,25.7
2003-03-18,0.0,4.1,1.0
2003-03-19,0.0,0.7,0.0
2003-03-20,0.3,14.6,14.7
2003-03-21,0.0,0.7,0.0
2003-03-22,22.4,4.0,0.0
2003-03-23,15.0,32.2,50.2
2003-03-24,23.8,2.4,0.0
2003-03-25,11.5,6.9,3.0
2003-03-26,6.0,28.2,42.9
2003-03-27,0.0,7.5,3.8
2003-03-28,0.0,0.1,0.0
2003-03-29,0.0,7.6,3.9
2003-03-30,0.0,2.1,0.0
2003-03-31,57.7,6.5,2.5
2003-04-01,36.5,20.4,32.4
2003-04-02,5.5,7.8,5.5
2003-04-03,0.0,5.5,1.9
2003-04-04,11.0,3.5,0.0
2003-04-05,12.5,28.7,48.5
2003-04-06,1.2,14.9,17.7
2003-04-07,1.2,6.6,3.7
2003-04-08,0.0,23.1,37.9
2003-04-09,27.0,11.4,11.6
2003-04-10,2.8,12.8,13.9
2003-04-11,5.0,22.5,34.9
2003-04-12,3.7,2.8,0.0
2003-04-13,2.2,30.3,46.5
2003-04-14,30.5,22.4,36.0
2003-04-15,26.0,16.1,19.6
2003-04-16,44.0,3.8,1.0
2003-04-17,10.8,11.3,12.0
2003-04-18,3.0,4.6,1.5
2003-04-19,12.0,4.4,1.1
2003-04-20,7.9,10.2,10.2
2003-04-21,3.4,5.2,1.0
2003-04-22,0.4,31.0,36.3
2003-04-23,13.2,56.8,70.1
2003-04-24,1.0,31.0,36.6
2003-04-25,12.0,73.4,88.6
2003-04-26,17.5,34.0,40.1
2003-04-27,13.5,16.6,13.7
2003-04-28,0.4,8.1,3.7
2003-04-29,19.5,19.0,16.7
2003-04-30,28.0,38.4,46.2
2003-05-01,23.5,67.3,128.0
2003-05-02,8.0,38.9,83.6
2003-05-03,0.0,7.5,6.1
2003-05-04,0.0,11.4,12.8
2003-05-05,18.0,32.3,67.4
2003-05-06,1.5,6.8,4.9
2003-05-07,9.3,6.4,4.4
2003-05-08,6.4,22.5,40.4
2003-05-09,0.0,4.0,1.0
2003-05-10,0.0,3.5,1.0
2003-05-11,0.0,6.0,4.2
2003-05-12,5.5,12.6,15.4
2003-05-13,0.0,0.5,0.0
2003-05-14,0.0,9.9,9.9
2003-05-15,0.0,0.0,0.0
2003-05-16,0.0,0.0,0.0
2003-05-17,4.0,9.2,8.8
2003-05-18,0.0,3.9,1.1
2003-05-19,6.5,10.5,10.7
2003-05-20,0.0,0.0,0.0
2003-05-21,0.0,0.1,0.0
2003-05-22,0.0,0.1,0.0
2003-05-23,0.0,0.0,0.0
2003-05-24,0.0,0.0,0.0
2003-05-25,0.0,0.0,0.0
2003-05-26,0.0,0.3,0.0
2003-05-27,0.0,0.0,0.0
2003-05-28,0.0,0.0,0.0
2003-05-29,0.0,0.0,0.0
2003-05-30,0.0,1.1,0.0
2003-05-31,0.0,4.4,1.0
2003-06-01,0.0,0.0,0.0
2003-06-02,0.0,0.0,0.0
2003-06-03,0.0,0.0,0.0
2003-06-04,1.4,3.3,0.0
2003-06-05,5.7,0.2,0.0
2003-06-06,0.0,0.0,0.0
2003-06-07,0.0,0.0,0.0
2003-06-08,0.0,0.0,0.0
2003-06-09,0.0,0.0,0.0
2003-06-10,0.0,0.0,0.0
2003-06-11,0.0,0.0,0.0
2003-06-12,0.0,0.0,0.0
2003-06-13,0.0,0.0,0.0
2003-06-14,0.0,0.0,0.0
2003-06-15,0.0,0.3,0.0
2003-06-16,0.0,0.0,0.0
2003-06-17,0.0,0.0,0.0
2003-06-18,0.0,0.0,0.0
2003-06-19,20.0,18.1,16.9
2003-06-20,2.0,1.4,0.0
2003-06-21,4.3,4.5,2.1
2003-06-22,10.0,0.0,0.0
2003-06-23,0.0,0.3,0.0
2003-06-24,0.0,4.5,2.1
2003-06-25,0.0,0.7,0.0
2003-06-26,15.2,4.8,2.5
2003-06-27,0.0,1.1,0.0
2003-06-28,0.0,0.0,0.0
2003-06-29,17.0,0.0,0.0
2003-06-30,0.0,0.0,0.0
2003-07-01,0.0,2.0,0.0
2003-07-02,6.0,20.5,16.9
2003-07-03,8.1,4.2,1.2
2003-07-04,0.0,5.9,3.0
2003-07-05,0.0,0.2,0.0
2003-07-06,0.0,0.0,0.0
2003-07-07,0.0,0.2,0.0
2003-07-08,0.0,0.9,0.0
2003-07-09,0.0,0.9,0.0
2003-07-10,41.5,21.1,18.1
2003-07-11,1.2,1.1,0.0
2003-07-12,0.0,0.5,0.0
2003-07-13,0.0,3.1,0.0
2003-07-14,0.0,0.0,0.0
2003-07-15,0.0,0.0,0.0
2003-07-16,0.0,0.1,0.0
2003-07-17,0.0,0.1,0.0
2003-07-18,0.0,0.8,0.0
2003-07-19,0.0,0.1,0.0
2003-07-20,0.0,1.9,0.0
2003-07-21,0.0,1.4,0.0
2003-07-22,0.0,0.0,0.0
2003-07-23,0.0,0.0,0.0
2003-07-24,0.0,0.3,0.0
2003-07-25,0.0,2.1,0.0
2003-07-26,0.0,0.2,0.0
2003-07-27,0.0,0.1,0.0
2003-07-28,0.0,0.5,0.0
2003-07-29,0.0,0.0,0.0
2003-07-30,0.0,0.1,0.0
2003-07-31,0.0,0.0,0.0
2003-08-01,0.0,0.0,0.0
2003-08-02,0.0,0.4,0.0
2003-08-03,0.0,0.4,0.0
2003-08-04,0.0,0.0,0.0
2003-08-05,0.0,0.0,0.0
2003-08-06,0.0,0.3,0.0
2003-08-07,0.0,0.0,0.0
2003-08-08,0.0,0.1,0.0
2003-08-09,0.0,0.0,0.0
2003-08-10,0.0,0.0,0.0
2003-08-11,0.0,0.0,0.0
2003-08-12,0.0,0.0,0.0
2003-08-13,0.0,0.0,0.0
2003-08-14,0.0,0.1,0.0
2003-08-15,0.0,0.0,0.0
2003-08-16,0.0,0.0,0.0
2003-08-17,1.7,1.0,0.0
2003-08-18,0.0,10.7,7.0
2003-08-19,0.0,1.3,0.0
2003-08-20,0.0,0.2,0.0
2003-08-21,11.4,1.3,0.0
2003-08-22,0.0,0.5,0.0
2003-08-23,12.0,0.3,0.0
2003-08-24,0.0,0.0,0.0
2003-08-25,0.0,0.0,0.0
2003-08-26,66.6,7.4,4.9
2003-08-27,4.5,1.3,0.0
2003-08-28,0.0,2.6,0.0
2003-08-29,0.0,0.0,0.0
2003-08-30,0.0,0.0,0.0
2003-08-31,0.0,0.0,0.0
2003-09-01,0.0,0.0,0.0
2003-09-02,0.0,0.0,0.0
2003-09-03,0.0,0.0,0.0
2003-09-04,0.0,1.5,0.0
2003-09-05,0.0,0.2,0.0
2003-09-06,0.0,0.1,0.0
2003-09-07,0.0,0.0,0.0
2003-09-08,0.0,0.1,0.0
2003-09-09,0.0,0.6,0.0
2003-09-10,0.0,0.0,0.0
2003-09-11,0.0,0.7,0.0
2003-09-12,0.0,0.2,0.0
2003-09-13,0.0,0.4,0.0
2003-09-14,0.0,2.5,0.0
2003-09-15,52.0,0.3,0.0
2003-09-16,6.5,13.0,10.4
2003-09-17,2.0,11.7,8.3
2003-09-18,30.2,3.7,0.0
2003-09-19,44.0,24.7,37.2
2003-09-20,6.0,3.1,0.0
2003-09-21,0.0,2.0,0.0
2003-09-22,0.0,5.5,2.6
2003-09-23,8.0,20.4,33.2
2003-09-24,0.0,6.2,3.5
2003-09-25,0.0,0.0,0.0
2003-09-26,0.0,0.0,0.0
2003-09-27,0.0,0.0,0.0
2003-09-28,0.5,4.3,1.0
2003-09-29,0.0,0.0,0.0
2003-09-30,0.0,0.0,0.0
2003-10-01,0.0,0.1,0.0
2003-10-02,0.0,2.5,0.0
2003-10-03,0.0,4.9,1.3
2003-10-04,0.0,2.6,0.0
2003-10-05,15.8,23.8,34.5
2003-10-06,15.0,5.3,2.0
2003-10-07,12.7,4.7,1.1
2003-10-08,12.0,7.2,4.6
2003-10-09,8.8,22.1,25.7
2003-10-10,38.8,64.9,92.5
2003-10-11,9.2,7.1,5.3
2003-10-12,2.5,1.7,0.0
2003-10-13,0.5,3.1,0.0
2003-10-14,10.5,7.9,6.6
2003-10-15,1.5,4.6,1.8
2003-10-16,4.7,5.7,3.3
2003-10-17,55.0,4.8,2.1
2003-10-18,35.5,10.1,9.7
2003-10-19,0.0,0.0,0.0
2003-10-20,0.0,3.0,0.0
2003-10-21,0.0,0.0,0.0
2003-10-22,0.0,5.1,1.1
2003-10-23,0.7,0.2,0.0
2003-10-24,0.0,2.7,0.0
2003-10-25,3.6,3.4,0.0
2003-10-26,13.0,28.5,41.4
2003-10-27,18.7,12.9,10.1
2003-10-28,0.0,1.0,0.0
2003-10-29,1.8,4.9,1.0
2003-10-30,31.0,18.0,16.1
2003-10-31,1.5,2.6,0.0
2003-11-01,0.0,0.1,0.0
2003-11-02,23.0,2.5,0.0
2003-11-03,13.8,22.6,24.4
2003-11-04,23.7,20.4,21.3
2003-11-05,55.0,13.9,12.4
2003-11-06,6.3,13.9,12.4
2003-11-07,17.0,22.3,23.9
2003-11-08,6.8,1.1,0.0
2003-11-09,2.0,4.8,1.0
2003-11-10,0.0,0.4,0.0
2003-11-11,5.0,1.5,0.0
2003-11-12,1.0,22.4,17.1
2003-11-13,68.0,1.9,0.0
2003-11-14,8.5,16.9,12.0
2003-11-15,0.0,6.5,2.1
2003-11-16,0.0,3.0,0.0
2003-11-17,23.5,1.4,0.0
2003-11-18,3.5,4.2,0.0
2003-11-19,23.0,19.7,14.5
2003-11-20,1.0,27.7,26.1
2003-11-21,1.4,14.0,11.6
2003-11-22,22.0,29.4,36.2
2003-11-23,0.0,3.5,0.0
2003-11-24,26.8,4.2,0.0
2003-11-25,59.0,17.8,16.3
2003-11-26,32.7,42.3,52.7
2003-11-27,21.5,17.0,15.3
2003-11-28,3.0,3.1,0.0
2003-11-29,28.5,20.0,19.2
2003-11-30,27.0,13.4,10.9
2003-12-01,72.6,19.8,15.2
2003-12-02,30.2,28.8,29.9
2003-12-03,12.3,20.1,15.6
2003-12-04,28.8,3.1,0.0
2003-12-05,18.0,11.3,6.9
2003-12-06,3.7,4.9,1.2
2003-12-07,4.4,41.3,45.7
2003-12-08,0.4,6.7,2.7
2003-12-09,15.0,27.4,23.1
2003-12-10,0.0,12.3,7.9
2003-12-11,75.5,19.9,16.2
2003-12-12,34.5,32.8,36.4
2003-12-13,9.4,3.6,0.0
2003-12-14,2.1,2.6,0.0
2003-12-15,2.0,2.6,0.0
2003-12-16,33.0,11.8,7.5
2003-12-17,7.0,25.8,22.7
2003-12-18,13.0,30.4,32.1
2003-12-19,16.7,31.5,33.2
2003-12-20,1.1,24.1,20.8
2003-12-21,2.5,7.3,2.6
2003-12-22,3.5,2.0,0.0
2003-12-23,11.0,28.7,23.7
2003-12-24,0.0,1.4,0.0
2003-12-25,0.0,0.8,0.0
2003-12-26,0.0,0.1,0.0
2003-12-27,0.0,0.4,0.0
2003-12-28,0.0,1.0,0.0
2003-12-29,0.0,0.0,0.0
2003-12-30,0.1,2.6,0.0
2003-12-31,1.0,0.1,0.0
2004-01-01,0.0,0.0,0.0
2004-01-02,0.0,1.3,0.0
2004-01-03,0.0,0.3,0.0
2004-01-04,3.0,0.3,0.0
2004-01-05,0.0,5.6,2.6
2004-01-06,6.0,2.4,0.0
2004-01-07,6.4,1.0,0.0
2004-01-08,6.8,8.9,6.1
2004-01-09,0.0,0.1,0.0
2004-01-10,0.0,1.1,0.0
2004-01-11,12.4,12.2,10.5
2004-01-12,0.0,5.5,2.0
2004-01-13,5.0,5.0,1.3
2004-01-14,2.3,2.7,0.0
2004-01-15,0.0,0.4,0.0
2004-01-16,0.0,1.5,0.0
2004-01-17,1.0,1.1,0.0
2004-01-18,0.0,17.6,17.6
2004-01-19,0.0,7.3,4.1
2004-01-20,0.0,14.7,13.7
2004-01-21,0.5,2.2,0.0
2004-01-22,6.1,1.9,0.0
2004-01-23,1.5,1.4,0.0
2004-01-24,26.5,41.4,65.0
2004-01-25,3.2,1.8,0.0
2004-01-26,35.5,31.9,45.1
2004-01-27,3.8,5.5,1.6
2004-01-28,0.3,27.6,36.5
2004-01-29,2.0,11.0,8.9
2004-01-30,0.5,14.8,14.5
2004-01-31,0.0,5.5,1.6
2004-02-01,6.6,13.6,12.8
2004-02-02,6.3,10.5,6.5
2004-02-03,28.2,44.8,52.1
2004-02-04,0.0,6.5,1.4
2004-02-05,0.0,2.8,0.0
2004-02-06,2.4,7.5,2.7
2004-02-07,6.3,16.9,14.8
2004-02-08,0.1,0.8,0.0
2004-02-09,0.0,1.2,0.0
2004-02-10,0.0,0.5,0.0
2004-02-11,0.0,0.5,0.0
2004-02-12,0.0,0.3,0.0
2004-02-13,1.5,0.2,0.0
2004-02-14,0.2,0.0,0.0
2004-02-15,0.0,4.6,2.5
2004-02-16,0.0,0.0,0.0
2004-02-17,0.0,5.6,3.7
2004-02-18,0.0,1.0,0.0
2004-02-19,0.0,0.0,0.0
2004-02-20,0.0,0.8,0.0
2004-02-21,0.0,5.8,2.7
2004-02-22,0.0,1.5,0.0
2004-02-23,0.0,3.6,0.0
2004-02-24,0.0,0.3,0.0
2004-02-25,0.0,18.9,31.7
2004-02-26,0.0,2.2,0.0
2004-02-27,0.0,1.7,0.0
2004-02-28,0.0,1.6,0.0
2004-02-29,0.0,0.3,0.0
2004-03-01,0.0,6.7,3.3
2004-03-02,0.0,7.3,4.2
2004-03-03,30.2,49.3,70.3
2004-03-04,0.0,18.2,24.7
2004-03-05,60.1,26.4,45.3
2004-03-06,6.5,4.2,1.0
2004-03-07,35.2,12.4,11.3
2004-03-08,0.0,6.2,2.8
2004-03-09,0.0,11.8,9.9
2004-03-10,4.8,13.2,12.6
2004-03-11,0.0,2.5,0.0
2004-03-12,8.2,8.2,6.4
2004-03-13,0.0,0.6,0.0
2004-03-14,0.0,2.7,0.0
2004-03-15,1.0,2.1,0.0
2004-03-16,0.3,0.7,0.0
2004-03-17,22.0,4.4,1.2
2004-03-18,0.7,12.6,12.3
2004-03-19,0.0,1.6,0.0
2004-03-20,1.0,5.1,2.2
2004-03-21,0.0,0.9,0.0
2004-03-22,0.0,2.2,0.0
2004-03-23,0.0,9.6,6.4
2004-03-24,0.0,3.0,0.0
2004-03-25,0.0,11.8,9.4
2004-03-26,7.5,5.3,1.0
2004-03-27,0.0,3.8,0.0
2004-03-28,0.0,23.7,34.2
2004-03-29,0.0,3.8,0.0
2004-03-30,21.5,21.9,27.8
2004-03-31,16.0,11.6,9.1
2004-04-01,18.6,13.9,16.0
2004-04-02,36.0,26.8,45.2
2004-04-03,4.0,2.8,0.0
2004-04-04,12.0,15.5,18.7
2004-04-05,9.5,6.7,3.9
2004-04-06,63.0,2.5,0.0
2004-04-07,13.8,9.4,8.3
2004-04-08,2.2,6.9,4.2
2004-04-09,0.3,0.2,0.0
2004-04-10,7.6,2.8,0.0
2004-04-11,0.0,0.1,0.0
2004-04-12,33.8,4.9,1.9
2004-04-13,0.0,0.0,0.0
2004-04-14,0.0,0.0,0.0
2004-04-15,0.0,0.2,0.0
2004-04-16,7.5,0.4,0.0
2004-04-17,27.8,1.9,0.0
2004-04-18,0.0,0.0,0.0
2004-04-19,29.0,0.1,0.0
2004-04-20,0.5,1.1,0.0
2004-04-21,47.7,4.3,1.0
2004-04-22,28.0,14.1,10.7
2004-04-23,18.0,5.2,1.0
2004-04-24,8.9,9.2,5.0
2004-04-25,1.7,0.3,0.0
2004-04-26,36.0,13.2,9.5
2004-04-27,0.5,16.7,13.8
2004-04-28,5.0,19.4,17.2
2004-04-29,0.0,0.7,0.0
2004-04-30,8.6,42.1,50.7
2004-05-01,22.4,17.9,24.1
2004-05-02,34.5,6.7,4.9
2004-05-03,21.4,13.4,16.3
2004-05-04,29.5,19.2,28.7
2004-05-05,17.0,13.6,16.6
2004-05-06,23.5,7.4,5.9
2004-05-07,9.8,18.8,28.1
2004-05-08,22.8,0.1,0.0
2004-05-09,24.5,1.0,0.0
2004-05-10,6.0,2.7,0.0
2004-05-11,23.5,2.6,0.0
2004-05-12,8.7,6.8,5.3
2004-05-13,0.0,4.6,2.1
2004-05-14,0.0,2.5,0.0
2004-05-15,0.2,0.0,0.0
2004-05-16,6.8,0.1,0.0
2004-05-17,0.0,0.2,0.0
2004-05-18,26.5,5.4,3.4
2004-05-19,2.6,1.2,0.0
2004-05-20,1.0,0.5,0.0
2004-05-21,9.9,1.3,0.0
2004-05-22,0.0,0.0,0.0
2004-05-23,0.0,1.9,0.0
2004-05-24,4.3,17.2,22.7
2004-05-25,13.0,12.9,14.4
2004-05-26,17.0,38.2,58.1
2004-05-27,14.2,9.0,8.2
2004-05-28,6.0,17.9,22.6
2004-05-29,6.4,16.6,20.9
2004-05-30,25.5,10.0,9.8
2004-05-31,5.0,9.6,9.1
2004-06-01,25.3,2.2,0.0
2004-06-02,0.0,0.5,0.0
2004-06-03,0.0,1.5,0.0
2004-06-04,0.0,0.0,0.0
2004-06-05,0.0,0.0,0.0
2004-06-06,0.0,0.0,0.0
2004-06-07,0.0,28.3,41.0
2004-06-08,2.2,19.1,21.4
2004-06-09,7.0,4.3,1.0
2004-06-10,0.0,1.0,0.0
2004-06-11,0.0,0.0,0.0
2004-06-12,16.6,23.7,31.6
2004-06-13,0.0,0.0,0.0
2004-06-14,3.5,12.7,9.2
2004-06-15,0.0,0.0,0.0
2004-06-16,0.0,0.1,0.0
2004-06-17,0.0,0.0,0.0
2004-06-18,4.0,0.0,0.0
2004-06-19,0.0,0.0,0.0
2004-06-20,0.0,0.4,0.0
2004-06-21,0.0,0.0,0.0
2004-06-22,0.0,0.0,0.0
2004-06-23,0.0,0.0,0.0
2004-06-24,0.0,0.8,0.0
2004-06-25,0.0,0.0,0.0
2004-06-26,18.5,0.0,0.0
2004-06-27,12.5,1.3,0.0
2004-06-28,1.6,0.0,0.0
2004-06-29,2.5,0.6,0.0
2004-06-30,0.5,0.0,0.0
2004-07-01,81.7,18.9,15.7
2004-07-02,0.3,0.0,0.0
2004-07-04,1.8,1.7,0.0
2004-07-05,14.0,26.8,27.7
2004-07-06,2.8,9.3,6.3
2004-07-07,2.0,9.4,6.4
2004-07-09,12.5,17.2,13.9
2004-07-10,32.5,7.2,4.3
2004-07-11,29.0,13.0,9.6
2004-07-12,3.4,18.5,15.7
2004-07-13,16.0,6.1,2.0
2004-07-17,52.0,61.1,79.7
2004-07-20,14.3,35.4,39.9
2004-07-21,13.5,76.1,90.2
2004-07-25,2.3,2.3,0.0
2004-07-29,36.8,12.3,11.3
2004-09-02,9.0,0.0,0.0
2004-09-04,14.5,3.0,0.0
2004-09-10,1.0,0.0,0.0
2004-09-11,4.0,1.7,0.0
2004-09-12,0.3,0.0,0.0
2004-09-20,9.0,50.0,62.8
2004-09-26,1.6,0.0,0.0
2004-09-28,3.0,0.0,0.0
2004-10-02,17.0,34.7,44.3
2004-10-03,19.6,12.9,12.5
2004-10-04,17.8,3.0,0.0
2004-10-09,5.0,0.3,0.0
2004-10-10,1.0,0.1,0.0
2004-10-11,3.0,0.0,0.0
2004-10-17,0.1,0.1,0.0
2004-10-19,0.2,4.2,1.2
2004-10-20,1.0,5.2,2.6
2004-10-21,13.2,10.2,6.9
2004-10-22,10.5,10.3,7.0
2004-10-23,21.7,26.3,35.4
2004-10-24,15.8,19.8,18.2
2004-10-25,25.4,5.9,1.9
2004-10-26,6.0,45.3,63.9
2004-10-27,7.2,12.1,9.1
2004-10-28,16.2,26.1,34.5
2004-10-29,25.5,11.1,7.9
2004-10-30,7.0,10.9,7.6
2004-10-31,44.3,12.5,9.6
2004-11-01,40.4,12.5,10.5
2004-11-02,32.9,11.2,8.9
2004-11-03,29.0,7.8,4.4
2004-11-04,1.9,2.8,0.0
2004-11-07,1.5,5.5,1.5
2004-11-08,10.6,9.9,7.1
2004-11-09,0.4,3.8,0.0
2004-11-10,14.1,8.7,5.5
2004-11-12,28.3,15.4,10.5
2004-11-13,17.0,1.6,0.0
2004-11-14,34.3,22.5,17.2
2004-11-15,10.8,8.3,3.8
2004-11-16,35.8,2.9,0.0
2004-11-17,0.6,3.9,0.0
2004-11-18,4.2,13.0,8.2
2004-11-19,11.8,42.1,43.1
2004-11-20,167.8,117.6,90.8
2004-11-21,10.0,18.3,16.9
2004-11-22,19.4,14.6,12.3
2004-11-23,10.0,11.9,8.9
2004-11-24,49.6,38.1,45.6
2004-11-25,22.0,25.1,31.6
2004-11-26,22.1,43.5,51.6
2004-11-28,27.4,7.6,3.8
2004-11-29,23.0,24.2,31.3
2004-11-30,61.8,49.0,59.8
2004-12-01,15.0,32.9,34.8
2004-12-02,11.9,15.4,10.9
2004-12-03,25.5,23.2,18.7
2004-12-04,0.4,10.8,6.4
2004-12-05,20.5,20.9,16.3
2004-12-06,73.4,28.8,25.1
2004-12-07,0.7,15.0,10.5
2004-12-11,8.0,19.0,15.2
2004-12-12,26.7,23.7,20.4
2004-12-13,0.2,3.6,0.0
2004-12-14,110.0,54.0,63.2
2004-12-15,6.0,19.9,16.2
2004-12-16,0.4,3.7,0.0
2004-12-17,16.5,1.8,0.0
2004-12-18,21.0,12.0,7.6
2004-12-19,33.5,8.0,3.6
2004-12-20,55.2,93.6,108.1
2004-12-22,1.7,164.0,135.5
2004-12-23,2.6,13.5,8.8
2004-12-24,1.0,2.0,0.0
2004-12-25,19.5,12.2,7.5
2004-12-27,22.1,49.7,51.3
2004-12-28,1.9,17.4,12.7
2004-12-29,19.5,10.4,5.6
2004-12-30,39.5,8.7,4.0
2004-12-31,40.0,59.2,63.1
2005-01-01,28.0,34.7,38.8
2005-01-02,3.3,1.3,0.0
2005-01-03,0.7,6.8,3.8
2005-01-04,111.6,94.3,117.9
2005-01-05,50.5,90.3,117.5
2005-01-06,6.3,16.1,13.7
2005-01-07,1.8,13.8,11.2
2005-01-08,4.8,5.6,2.5
2005-01-09,0.3,9.6,6.8
2005-01-10,10.5,2.2,0.0
2005-01-11,6.5,0.9,0.0
2005-01-12,11.0,14.3,13.2
2005-02-16,1.1,16.1,16.1
2005-02-17,3.0,8.5,8.4
2005-02-25,3.2,5.4,2.1
2005-03-03,10.0,39.9,64.1
2005-03-04,0.5,0.7,0.0
2005-03-05,14.0,0.2,0.0
2005-03-07,2.8,0.6,0.0
2005-03-19,3.0,20.5,28.2
2005-03-23,13.5,22.5,29.8
2005-03-24,1.0,9.4,6.2
2005-03-27,9.7,33.3,52.5
2005-03-28,0.2,19.2,19.5
2005-03-29,0.2,26.9,40.2
2005-03-30,1.7,14.1,12.6
2005-03-31,18.0,22.4,30.0
2005-04-03,3.0,6.3,3.1
2005-04-05,19.6,6.3,3.2
2005-04-09,4.4,7.4,4.9
2005-04-10,13.0,9.6,8.6
2005-04-13,23.8,19.9,30.7
2005-04-17,3.7,1.1,0.0
2005-04-18,2.4,1.4,0.0
2005-04-19,4.5,9.2,8.6
2005-04-20,29.6,1.2,0.0
2005-04-21,31.0,5.5,1.1
2005-04-22,7.0,7.6,3.3
2005-04-23,4.5,0.9,0.0
2005-04-26,24.6,12.0,8.2
2005-04-27,1.7,26.6,26.4
2005-04-28,14.0,38.1,46.3
2005-04-29,22.6,37.8,45.1
2005-04-30,24.4,27.4,26.7
2005-05-01,4.4,17.3,22.8
2005-05-02,9.0,9.6,9.6
2005-05-03,2.0,2.4,0.0
2005-05-04,35.0,29.7,61.0
2005-05-05,16.0,18.6,25.9
2005-05-06,3.0,19.8,31.6
2005-05-07,11.1,5.8,3.4
2005-05-09,12.0,0.0,0.0
2005-05-11,13.0,7.9,7.0
2005-05-12,13.7,20.9,34.1
2005-05-13,8.5,7.0,5.7
2005-05-14,0.5,0.2,0.0
2005-05-15,1.4,0.6,0.0
2005-05-21,15.6,2.0,0.0
2005-05-22,7.8,12.0,13.0
2005-05-23,12.4,0.8,0.0
2005-05-24,3.5,6.8,4.5
2005-05-25,16.0,9.3,8.7
2005-06-01,15.0,0.0,0.0
2005-06-05,16.0,0.1,0.0
2005-06-06,35.0,0.1,0.0
2005-06-11,16.0,47.5,59.0
2005-06-12,60.0,80.2,107.4
2005-06-13,9.0,60.7,75.2
2005-06-14,7.0,19.8,18.1
2005-06-15,5.0,6.7,2.5
2005-06-19,1.8,10.7,7.0
2005-06-21,18.5,25.1,43.1
2005-06-23,0.5,12.6,13.9
2005-06-24,4.8,6.6,5.3
2005-06-28,2.7,1.1,0.0
2005-07-06,29.2,2.2,0.0
2005-07-07,24.9,40.0,40.4
2005-07-08,28.0,12.0,9.0
2005-07-14,5.0,19.6,17.8
2005-07-15,42.5,32.6,36.0
2005-07-16,6.5,2.5,0.0
2005-07-17,7.5,5.3,1.2
2005-07-21,2.8,0.3,0.0
2005-07-31,64.5,46.6,59.7
2005-08-03,5.2,0.2,0.0
2005-08-17,0.2,12.3,8.8
2005-08-19,2.0,0.1,0.0
2005-08-20,16.0,25.5,20.0
2005-08-21,12.8,38.0,41.5
2005-08-23,10.5,4.1,1.6
2005-08-24,3.8,16.9,12.7
2005-08-25,8.0,1.6,0.0
2005-08-26,24.2,1.1,0.0
2005-08-30,2.0,1.9,0.0
2005-09-07,0.5,7.6,5.4
2005-09-10,21.4,3.6,1.0
2005-09-11,5.5,0.0,0.0
2005-09-13,6.5,7.3,2.9
2005-09-14,21.3,8.2,3.9
2005-09-15,31.6,0.8,0.0
2005-09-16,35.0,9.0,4.9
2005-09-19,8.5,21.7,20.2
2005-09-20,8.8,50.5,62.1
2005-09-24,18.4,11.4,10.3
2005-09-25,10.5,34.1,54.6
2005-09-26,8.6,48.4,70.1
2005-09-28,16.8,63.9,83.2
2005-10-01,14.0,1.0,0.0
2005-10-04,0.5,9.4,7.6
2005-10-05,23.0,4.8,1.2
2005-10-06,1.1,0.3,0.0
2005-10-11,13.5,21.3,30.5
2005-10-12,37.0,15.4,17.3
2005-10-13,0.1,5.4,3.0
2005-10-14,1.5,37.6,56.0
2005-10-15,35.0,28.9,42.5
2005-10-16,20.0,33.9,51.0
2005-10-17,19.1,13.8,15.6
2005-10-18,0.3,9.6,9.0
2005-10-19,13.5,9.5,8.8
2005-10-20,1.5,12.1,12.7
2005-10-21,7.8,35.2,53.6
2005-10-22,0.8,23.3,25.8
2005-10-23,7.0,46.1,65.1
2005-10-25,5.5,8.5,4.9
2005-10-26,10.0,21.2,20.2
2005-10-27,4.5,9.3,5.8
2005-10-28,26.8,10.6,7.3
2005-10-29,0.3,28.2,40.2
2005-10-30,0.8,4.3,1.0
2005-10-31,47.0,24.2,28.7
2005-11-01,32.5,12.9,11.1
2005-11-03,5.0,37.5,51.8
2005-11-04,18.1,27.1,31.4
2005-11-05,3.7,13.4,11.7
2005-11-07,2.5,0.5,0.0
2005-11-08,0.6,14.8,13.6
2005-11-09,0.5,11.6,9.3
2005-11-10,8.4,20.5,21.5
2005-11-11,0.4,0.0,0.0
2005-11-13,12.5,22.2,16.9
2005-11-14,39.5,86.1,84.3
2005-11-15,58.9,23.6,18.3
2005-11-16,1.8,12.3,7.6
2005-11-17,17.0,13.1,8.4
2005-11-18,15.0,17.1,12.1
2005-11-19,8.5,2.0,0.0
2005-11-21,59.8,55.3,68.3
2005-11-22,66.0,44.6,54.4
2005-11-24,0.3,2.8,0.0
2005-11-25,10.0,9.1,5.6
2005-11-26,7.8,5.8,1.7
2005-11-27,39.6,65.3,84.9
2005-11-28,25.6,15.1,12.9
2005-11-29,8.7,1.1,0.0
2005-11-30,26.0,8.6,5.0
2005-12-01,29.6,17.9,13.4
2005-12-08,0.4,9.3,5.1
2005-12-09,21.0,16.7,12.2
2005-12-10,0.7,10.1,5.8
2005-12-11,8.9,10.5,6.2
2005-12-12,11.0,25.9,22.9
2005-12-13,34.5,55.2,65.2
2005-12-14,20.0,21.0,17.4
2005-12-15,9.4,33.2,35.4
2005-12-16,32.0,50.9,59.8
2005-12-17,3.5,7.7,3.4
2005-12-18,2.0,28.0,28.3
2005-12-19,17.0,25.9,22.9
2005-12-20,48.5,34.5,37.2
2005-12-21,23.5,101.8,129.6
2005-12-22,0.7,8.5,3.8
2005-12-23,2.0,14.5,9.8
2005-12-25,4.4,12.6,7.9
2005-12-27,18.0,8.4,3.7
2005-12-28,6.0,14.6,9.9
2005-12-29,9.5,9.9,5.2
2005-12-30,1.5,1.6,0.0
2005-12-31,10.5,12.0,7.3
2006-01-01,3.1,6.8,3.8
2006-01-02,1.9,2.6,0.0
2006-01-03,1.0,4.2,1.1
2006-01-04,38.5,39.4,44.1
2006-01-06,0.3,16.0,13.7
2006-01-07,8.5,9.1,6.2
2006-01-08,0.4,11.3,8.6
2006-01-09,0.6,4.8,1.7
2006-01-11,17.5,23.1,24.4
2006-01-12,3.7,15.7,15.1
2006-01-13,50.0,35.1,46.8
2006-01-14,40.0,95.6,132.1
2006-01-15,3.3,5.2,1.6
2006-01-16,43.5,25.5,36.5
2006-01-18,10.0,17.2,17.1
2006-01-19,4.4,7.9,4.9
2006-01-25,4.4,4.5,1.0
2006-02-06,1.0,3.7,0.0
2006-02-07,25.0,5.7,1.0
2006-02-08,0.5,0.3,0.0
2006-02-09,0.7,0.2,0.0
2006-02-10,14.1,1.8,0.0
2006-02-12,0.3,19.5,24.0
2006-02-13,12.7,0.3,0.0
2006-02-15,11.5,4.1,1.9
2006-02-19,7.0,1.1,0.0
2006-02-21,0.2,0.8,0.0
2006-02-22,22.6,13.8,21.3
2006-02-23,8.0,3.5,0.0
2006-02-24,4.0,1.1,0.0
2006-02-25,11.0,20.5,35.7
2006-02-26,6.8,39.3,78.8
2006-02-27,1.3,3.5,0.0
2006-02-28,1.3,2.9,0.0
2006-03-06,0.1,1.3,0.0
2006-03-11,7.6,6.1,3.5
2006-03-12,0.2,9.4,8.0
2006-03-13,10.5,33.0,49.0
2006-03-14,0.3,5.4,2.6
2006-03-18,8.5,16.8,18.4
2006-03-21,28.0,2.8,0.0
2006-03-23,5.5,2.7,0.0
2006-03-26,18.5,3.0,0.0
2006-03-27,2.7,6.7,2.7
2006-03-29,5.0,5.5,1.3
2006-03-30,19.5,25.1,35.4
2006-03-31,4.0,0.5,0.0
2006-04-04,28.4,8.8,7.1
2006-04-05,1.0,6.6,3.6
2006-04-09,1.5,4.3,1.0
2006-04-10,4.2,11.8,12.2
2006-04-11,18.5,14.2,16.6
2006-04-12,5.6,53.6,83.0
2006-04-13,43.1,22.3,36.0
2006-04-15,4.0,0.4,0.0
2006-04-16,46.4,4.5,1.4
2006-04-17,0.5,1.1,0.0
2006-04-20,28.5,4.6,1.4
2006-04-22,3.8,6.9,2.5
2006-04-25,3.6,14.2,10.8
2006-04-27,25.8,31.4,37.0
2006-05-01,0.2,3.0,0.0
2006-05-02,9.2,10.3,10.8
2006-05-03,0.7,2.1,0.0
2006-05-05,3.6,3.9,1.0
2006-05-06,13.3,27.3,54.6
2006-05-11,29.2,35.3,54.5
2006-05-12,13.6,5.5,3.5
2006-05-13,1.8,50.8,71.5
2006-05-14,25.5,18.0,29.2
2006-05-15,5.8,0.5,0.0
2006-05-20,64.3,14.0,18.5
2006-05-21,5.7,10.8,11.2
2006-05-22,2.7,1.4,0.0
2006-05-23,25.8,11.1,11.7
2006-05-24,5.6,5.9,3.1
2006-05-25,5.3,6.4,3.9
2006-05-26,5.0,3.3,0.0
2006-05-27,38.0,11.2,11.8
2006-05-28,1.0,18.6,29.0
2006-05-29,7.4,24.6,38.5
2006-05-31,20.0,4.9,1.3
2006-06-01,4.4,11.8,10.5
2006-06-02,16.5,9.3,7.1
2006-06-03,0.2,4.2,1.0
2006-06-04,3.4,11.4,10.0
2006-06-05,13.3,17.7,18.7
2006-06-06,10.0,15.0,15.0
2006-06-07,7.0,21.4,27.8
2006-06-08,10.9,3.2,0.0
2006-06-09,7.8,5.8,2.4
2006-06-12,0.2,4.0,0.0
2006-06-13,36.0,2.0,0.0
2006-06-14,20.7,6.9,2.7
2006-06-15,49.6,100.9,141.8
2006-06-16,0.5,18.9,15.5
2006-06-19,0.3,1.9,0.0
2006-06-20,3.4,1.6,0.0
2006-06-21,2.0,17.5,22.7
2006-06-22,14.5,8.5,8.2
2006-06-23,3.5,4.2,1.6
2006-06-24,9.5,18.2,23.9
2006-07-16,9.0,0.6,0.0
2006-07-18,12.3,14.2,10.3
2006-07-19,57.5,6.6,2.5
2006-07-26,1.2,1.1,0.0
2006-07-27,0.6,2.2,0.0
2006-07-28,25.6,0.6,0.0
2006-07-29,2.4,0.8,0.0
2006-07-30,0.5,0.1,0.0
2006-08-27,20.5,0.0,0.0
2006-08-28,2.2,0.0,0.0
2006-09-14,22.8,16.0,15.4
2006-09-17,2.7,0.9,0.0
2006-10-23,4.0,3.7,0.0
2006-10-26,25.5,8.8,5.2
2006-10-27,6.0,19.9,18.4
2006-11-02,36.5,33.3,43.0
2006-11-03,7.5,1.0,0.0
2006-11-05,6.6,4.8,1.0
2006-11-07,15.0,20.0,20.8
2006-11-08,79.5,7.5,4.0
2006-11-10,36.5,37.1,51.7
2006-11-11,4.5,2.4,0.0
2006-11-12,45.0,14.7,9.8
2006-11-14,21.5,8.7,4.2
2006-11-15,2.0,17.4,12.4
2006-11-16,19.0,7.7,3.3
2006-11-17,12.0,3.2,0.0
2006-11-18,2.5,15.0,10.1
2006-11-19,25.5,61.5,63.2
2006-11-22,17.5,32.7,40.0
2006-11-24,24.5,38.1,45.7
2006-11-25,26.5,13.0,10.3
2006-11-26,6.0,1.1,0.0
2006-11-27,1.0,13.7,11.2
2006-11-28,1.0,4.0,0.0
2006-11-29,35.5,9.3,5.8
2006-12-01,0.4,1.0,0.0
2006-12-02,0.5,2.7,0.0
2006-12-03,48.6,13.0,8.5
2006-12-04,1.8,2.7,0.0
2006-12-05,1.5,8.0,3.9
2006-12-06,36.5,47.3,51.8
2006-12-07,36.8,11.5,7.1
2006-12-08,15.0,16.4,11.9
2006-12-09,2.5,6.4,2.4
2006-12-10,10.0,40.1,44.4
2006-12-12,79.0,16.3,12.3
2006-12-13,62.5,19.5,15.8
2006-12-14,2.0,1.6,0.0
2006-12-15,23.0,13.8,9.6
2006-12-16,3.5,3.3,0.0
2006-12-17,4.0,4.1,1.0
2006-12-19,19.0,24.6,21.4
2006-12-20,92.5,7.1,2.7
2006-12-22,4.0,17.7,12.9
2006-12-23,19.0,59.7,64.0
2006-12-24,14.0,40.2,43.2
2006-12-25,28.5,27.8,25.1
2006-12-26,7.5,58.8,65.0
2006-12-27,8.0,13.8,9.1
2006-12-28,10.8,15.9,11.2
2006-12-29,63.0,41.0,40.7
2006-12-30,1.2,7.3,2.6
2006-12-31,5.5,4.2,0.0
2007-01-01,4.5,3.0,0.0
2007-01-02,15.0,22.4,20.5
2007-01-03,0.7,7.9,5.0
2007-01-04,14.0,14.0,11.5
2007-01-05,29.0,14.6,12.1
2007-01-06,7.0,17.7,15.5
2007-01-07,5.6,9.4,6.5
2007-01-09,4.4,4.2,1.1
2007-01-10,6.5,54.6,67.2
2007-01-11,67.0,40.9,53.0
2007-01-12,7.5,9.6,7.1
2007-01-13,21.0,10.0,7.6
2007-01-14,6.5,6.1,2.7
2007-01-15,2.7,5.5,1.9
2007-01-21,0.8,0.2,0.0
2007-01-22,0.3,0.7,0.0
2007-01-24,2.0,11.4,9.5
2007-01-25,21.0,7.3,3.9
2007-01-26,9.0,2.0,0.0
2007-01-27,1.3,1.5,0.0
2007-01-28,80.0,50.2,85.0
2007-01-29,70.0,46.2,75.5
2007-01-30,11.5,0.7,0.0
2007-02-02,0.9,0.0,0.0
2007-02-03,1.4,0.4,0.0
2007-02-14,0.6,2.8,1.0
2007-02-18,3.7,26.8,35.5
2007-02-19,9.5,10.9,10.4
2007-02-20,26.0,15.1,15.9
2007-02-21,0.5,15.0,23.2
2007-02-25,6.0,7.3,5.2
2007-02-26,15.0,8.2,6.6
2007-02-28,1.2,1.2,0.0
2007-03-01,0.3,4.1,1.0
2007-03-02,0.2,0.6,0.0
2007-03-04,8.5,4.9,1.2
2007-03-06,16.0,33.6,56.0
2007-03-13,0.5,14.6,15.2
2007-03-16,37.5,27.3,39.8
2007-03-17,3.8,10.5,9.5
2007-03-19,0.3,0.2,0.0
2007-03-20,2.0,0.3,0.0
2007-03-21,10.5,12.1,9.9
2007-03-22,0.4,5.6,1.4
2007-03-23,5.5,28.9,44.1
2007-03-25,4.2,9.2,6.0
2007-03-26,23.5,8.7,5.3
2007-03-27,1.1,4.2,0.0
2007-03-29,9.0,17.3,16.5
2007-03-31,16.5,22.2,30.7
2007-04-02,3.5,3.4,0.0
2007-04-06,2.8,12.4,13.2
2007-04-07,0.5,10.6,10.2
2007-04-08,1.9,19.8,30.3
2007-04-09,10.0,0.9,0.0
2007-04-10,5.0,11.7,12.0
2007-04-17,15.5,9.7,9.5
2007-04-23,7.0,13.8,10.3
2007-04-24,1.3,5.2,1.0
2007-04-25,3.9,28.1,33.6
2007-04-26,1.2,7.2,2.9
2007-04-28,13.3,9.2,5.0
2007-04-29,3.4,15.7,12.6
2007-05-01,2.0,10.7,11.5
2007-05-02,1.1,12.8,15.1
2007-05-03,32.5,0.2,0.0
2007-05-04,19.0,4.5,1.5
2007-05-05,0.5,1.5,0.0
2007-05-06,0.2,0.3,0.0
2007-05-08,17.0,4.7,1.8
2007-05-09,3.5,0.1,0.0
2007-05-10,17.1,16.5,21.4
2007-05-11,60.5,22.7,37.6
2007-05-12,5.5,1.5,0.0
2007-05-13,0.3,3.4,1.0
2007-05-14,8.6,16.4,26.8
2007-05-15,4.0,10.5,10.7
2007-05-18,0.3,3.7,1.0
2007-05-19,0.2,7.5,6.3
2007-05-20,0.3,10.4,10.5
2007-05-24,24.0,9.0,8.1
2007-05-25,0.3,1.5,0.0
2007-05-28,1.3,0.0,0.0
2007-05-29,26.0,4.8,1.2
2007-05-30,20.5,14.7,17.2
2007-05-31,6.0,14.2,16.1
2007-06-01,31.0,35.7,55.0
2007-06-02,0.5,9.3,7.0
2007-06-03,1.9,1.9,0.0
2007-06-04,3.0,5.3,1.7
2007-06-05,8.0,5.2,1.6
2007-06-06,52.5,8.6,6.1
2007-06-07,13.8,23.3,31.9
2007-06-08,16.5,12.2,11.1
2007-06-09,2.5,14.9,15.1
2007-06-10,39.5,13.2,12.5
2007-06-13,5.0,100.3,139.7
2007-06-14,14.0,38.0,47.5
2007-06-15,2.3,13.5,10.1
2007-06-16,31.0,20.6,22.4
2007-06-17,57.5,37.0,46.6
2007-06-19,27.8,36.9,45.9
2007-06-20,26.0,72.2,93.3
2007-06-27,24.3,5.3,3.4
2007-06-28,3.4,9.0,8.9
2007-06-29,0.7,2.4,0.0
2007-07-07,13.5,10.4,7.4
2007-07-08,8.0,0.2,0.0
2007-07-09,16.5,4.7,1.7
2007-07-17,6.0,0.0,0.0
2007-07-18,3.5,0.0,0.0
2007-07-19,15.5,54.0,64.3
2007-07-20,8.0,18.0,15.8
2007-07-21,105.5,146.0,92.5
2007-07-22,18.0,41.2,53.7
2007-07-23,1.8,13.7,13.4
2007-07-24,18.5,31.7,41.5
2007-07-25,9.0,3.5,1.0
2007-08-12,10.0,18.2,14.5
2007-08-13,39.1,0.4,0.0
2007-08-14,4.5,0.3,0.0
2007-08-15,0.5,0.3,0.0
2007-08-20,41.8,47.6,39.0
2007-08-22,32.5,55.7,49.8
2007-08-23,71.6,9.1,7.0
2007-08-24,5.2,1.5,0.0
2007-08-25,8.4,0.0,0.0
2007-08-29,0.2,0.5,0.0
2007-09-01,95.0,0.6,0.0
2007-09-03,76.0,51.8,59.5
2007-09-04,12.5,41.1,51.7
2007-09-07,27.0,5.5,2.3
2007-09-08,10.3,9.1,6.1
2007-09-11,1.5,0.1,0.0
2007-09-13,0.4,0.0,0.0
2007-09-26,0.5,0.1,0.0
2007-10-07,7.7,15.3,16.2
2007-10-08,30.0,4.9,1.4
2007-10-09,2.7,6.6,3.7
2007-10-10,3.8,4.1,1.0
2007-10-12,4.5,29.5,43.4
2007-10-13,0.5,0.7,0.0
2007-10-14,1.0,0.4,0.0
2007-10-15,7.3,3.4,0.0
2007-10-17,48.0,18.2,21.3
2007-10-18,13.5,6.7,4.8
2007-10-19,1.0,3.8,1.0
2007-10-20,15.4,26.9,40.0
2007-10-21,27.5,14.4,11.8
2007-10-22,9.0,66.9,73.0
2007-10-23,22.0,62.5,72.1
2007-10-24,24.0,6.0,2.0
2007-10-25,8.7,3.4,0.0
2007-10-27,3.0,2.9,0.0
2007-10-28,19.0,19.6,18.2
2007-10-29,17.0,35.8,55.2
2007-10-30,1.0,15.3,12.8
2007-10-31,12.5,61.9,71.5
2007-11-01,4.0,9.8,7.0
2007-11-03,70.3,51.9,81.2
2007-11-04,0.4,9.4,6.4
2007-11-05,5.5,22.9,24.8
2007-11-06,0.4,9.7,6.8
2007-11-07,16.0,25.5,28.2
2007-11-08,7.3,11.0,8.5
2007-11-09,40.9,17.7,17.5
2007-11-10,10.5,15.0,13.8
2007-11-11,2.8,13.4,8.7
2007-11-12,3.0,10.5,5.9
2007-11-13,52.0,41.5,43.3
2007-11-14,8.5,1.2,0.0
2007-11-15,1.8,0.4,0.0
2007-11-16,0.4,27.7,26.4
2007-11-20,3.0,4.8,1.0
2007-11-21,42.0,30.0,37.0
2007-11-25,0.5,6.7,2.7
2007-12-01,2.0,4.9,1.2
2007-12-02,55.0,61.8,66.9
2007-12-03,50.0,79.7,80.1
2007-12-04,21.7,23.3,18.9
2007-12-09,2.5,10.9,6.6
2007-12-10,8.0,2.2,0.0
2007-12-11,27.5,6.8,2.5
2007-12-12,7.5,24.4,21.2
2007-12-15,9.0,17.0,13.0
2007-12-16,1.0,4.8,1.0
2007-12-17,79.0,51.7,61.5
2007-12-20,32.0,42.1,47.9
2007-12-21,2.0,2.9,0.0
2007-12-22,12.5,3.3,0.0
2007-12-23,15.5,5.4,1.0
2007-12-24,7.0,7.1,2.4
2007-12-26,1.0,12.4,7.7
2008-01-03,1.5,8.3,5.4
2008-01-04,2.5,5.1,2.0
2008-01-05,1.7,0.8,0.0
2008-01-09,1.8,3.2,1.0
2008-01-10,16.0,6.5,3.5
2008-01-12,17.5,1.8,0.0
2008-01-13,1.2,2.0,0.0
2008-01-14,21.0,8.6,5.7
2008-01-15,2.5,4.5,1.0
2008-01-17,13.0,6.3,2.9
2008-01-18,1.0,3.8,1.0
2008-01-19,7.5,15.7,15.0
2008-01-21,42.0,16.8,16.9
2008-01-24,20.0,3.7,0.0
2008-01-25,1.0,4.9,1.0
2008-01-27,5.2,18.9,20.1
2008-01-29,5.0,11.2,9.2
2008-01-30,0.5,9.1,6.4
2008-02-01,26.5,33.8,41.0
2008-02-02,1.0,0.6,0.0
2008-02-03,47.5,33.4,41.7
2008-02-04,0.5,0.0,0.0
2008-02-24,0.7,24.2,44.1
2008-02-25,25.0,6.1,3.3
2008-02-28,8.5,13.4,21.4
2008-03-01,2.5,1.5,0.0
2008-03-02,9.5,2.9,0.0
2008-03-03,14.0,9.2,6.6
2008-03-04,86.0,41.1,65.0
2008-03-05,2.5,22.3,35.8
2008-03-06,6.5,12.6,11.5
2008-03-07,0.5,0.7,0.0
2008-03-08,6.4,10.0,7.6
2008-03-09,0.5,2.7,0.0
2008-03-10,13.0,6.2,2.8
2008-03-11,0.3,23.9,33.8
2008-03-12,6.3,35.7,54.4
2008-03-13,11.5,1.8,0.0
2008-03-14,47.0,16.7,17.7
2008-03-15,12.2,21.8,30.8
2008-03-16,0.5,0.6,0.0
2008-03-17,39.0,12.4,12.1
2008-03-22,5.3,8.7,5.3
2008-03-26,11.0,0.1,0.0
2008-03-27,4.5,0.7,0.0
2008-03-30,0.2,6.9,3.0
2008-03-31,16.0,0.2,0.0
2008-04-03,0.6,5.5,1.9
2008-04-05,18.0,5.2,1.4
2008-04-06,14.7,5.1,1.3
2008-04-09,1.2,16.1,19.8
2008-04-10,50.0,43.6,67.4
2008-04-11,9.5,10.6,10.9
2008-04-12,3.6,10.2,10.3
2008-04-15,9.4,29.2,44.4
2008-04-16,37.0,8.6,7.7
2008-04-17,13.0,19.8,30.6
2008-04-18,1.3,9.3,8.8
2008-04-19,24.0,10.8,11.2
2008-04-20,13.0,6.9,5.0
2008-04-21,22.4,9.3,5.1
2008-04-23,12.5,0.8,0.0
2008-04-24,8.0,38.8,47.5
2008-04-25,8.2,0.5,0.0
2008-04-26,16.5,0.0,0.0
2008-04-28,0.3,0.0,0.0
2008-04-29,28.4,0.0,0.0
2008-04-30,2.0,3.2,0.0
2008-05-01,9.0,29.2,59.5
2008-05-02,4.0,5.4,2.7
2008-05-03,6.0,12.7,15.0
2008-05-04,28.9,9.6,9.6
2008-05-05,26.0,4.6,1.6
2008-05-06,7.0,10.2,10.7
2008-05-08,11.8,7.2,5.7
2008-05-24,2.9,0.0,0.0
2008-05-25,2.8,3.8,0.0
2008-05-26,37.0,10.8,11.1
2008-05-27,42.0,39.1,58.8
2008-05-28,0.4,2.5,0.0
2008-05-29,0.2,2.8,0.0
2008-05-30,35.8,37.5,58.0
2008-05-31,6.5,26.5,41.6
2008-06-02,0.2,0.6,0.0
2008-06-03,3.4,11.4,9.9
2008-06-04,78.0,25.3,35.5
2008-06-05,31.8,28.0,41.4
2008-06-07,16.3,4.8,1.0
2008-06-08,17.0,7.9,5.1
2008-06-09,17.4,6.5,3.3
2008-06-12,26.8,4.0,0.0
2008-06-13,4.3,19.1,16.1
2008-06-14,2.5,7.2,3.1
2008-06-15,1.8,1.2,0.0
2008-06-17,0.4,0.0,0.0
2008-06-27,7.0,8.5,8.2
2008-06-30,30.8,35.2,61.0
2008-07-01,0.4,0.2,0.0
2008-07-04,0.9,5.5,2.6
2008-07-07,4.8,0.2,0.0
2008-07-09,37.5,32.0,33.7
2008-07-10,0.3,5.7,2.8
2008-07-11,0.8,19.5,18.3
2008-07-12,0.5,3.2,0.0
2008-07-13,14.7,16.6,12.9
2008-07-15,1.0,0.1,0.0
2008-07-16,1.7,0.2,0.0
2008-07-25,0.2,20.6,26.6
2008-07-26,17.0,40.6,52.7
2008-07-27,17.7,1.3,0.0
2008-08-08,19.0,20.7,32.5
2008-08-09,0.7,5.2,5.0
2008-08-10,18.0,4.0,3.6
2008-08-13,25.5,14.0,10.5
2008-08-18,32.2,15.6,13.5
2008-08-19,37.2,98.7,62.4
2008-08-23,17.5,97.6,54.3
2008-08-24,27.5,75.3,54.1
2008-08-25,4.1,1.2,0.0
2008-08-26,116.3,14.7,11.2
2008-08-27,27.2,1.5,0.0
2008-08-28,2.0,1.8,0.0
2008-08-29,12.6,8.5,6.6
2008-08-30,43.5,15.9,13.5
2008-08-31,14.0,0.6,0.0
2008-09-02,64.6,115.1,65.0
2008-09-03,0.4,9.3,6.6
2008-09-04,2.2,11.5,8.7
2008-09-05,6.4,5.4,2.3
2008-09-08,30.2,8.6,5.4
2008-09-09,6.0,6.3,3.2
2008-09-11,2.6,12.0,8.4
2008-09-12,3.3,16.8,14.7
2008-09-13,3.5,37.9,54.4
2008-09-14,0.5,10.6,7.6
2008-09-15,0.8,0.1,0.0
2008-09-22,86.5,3.7,0.0
2008-09-27,46.5,0.3,0.0
2008-10-01,196.1,33.6,44.2
2008-10-03,35.0,0.7,0.0
2008-10-04,45.3,15.6,16.7
2008-10-05,8.9,21.0,23.6
2008-10-06,70.5,19.0,20.7
2008-10-07,6.5,10.8,9.5
2008-10-09,4.4,0.1,0.0
2008-10-10,0.5,0.6,0.0
2008-10-12,6.6,4.1,1.0
2008-10-13,45.7,3.6,1.0
2008-10-15,2.6,0.9,0.0
2008-10-16,0.5,0.9,0.0
2008-10-17,0.8,8.0,6.6
2008-10-18,17.8,5.1,2.5
2008-10-19,0.2,8.8,7.9
2008-10-20,0.6,8.6,7.6
2008-10-21,47.5,7.7,4.0
2008-10-22,1.0,11.5,8.4
2008-10-23,89.0,38.8,59.0
2008-10-24,0.5,14.5,11.9
2008-10-25,9.9,16.6,14.4
2008-10-26,3.0,18.6,16.9
2008-10-28,2.0,1.9,0.0
2008-10-29,0.5,2.3,0.0
2008-10-30,13.0,4.3,1.0
2008-11-01,0.2,3.1,0.0
2008-11-03,15.0,4.3,0.0
2008-11-05,0.3,6.5,2.7
2008-11-07,11.8,9.4,6.4
2008-11-08,7.4,14.7,13.5
2008-11-09,5.8,21.8,23.2
2008-11-10,4.2,13.9,12.4
2008-11-11,0.3,6.8,2.3
2008-11-12,1.5,13.7,8.9
2008-11-13,0.8,4.8,1.0
2008-11-14,8.5,13.6,8.8
2008-11-15,0.3,15.2,10.3
2008-11-16,4.8,6.5,2.0
2008-11-17,3.0,20.6,15.4
2008-11-18,10.8,22.2,16.9
2008-11-19,6.0,22.7,17.4
2008-11-20,2.8,13.6,8.8
2008-11-21,8.0,10.7,7.5
2008-11-23,18.5,23.0,23.4
2008-11-24,0.9,14.1,11.8
2008-11-25,6.2,14.8,12.6
2008-11-26,30.0,23.0,22.6
2008-11-27,0.2,2.8,0.0
2008-11-28,0.8,0.9,0.0
2008-11-29,1.8,7.7,3.9
2008-11-30,1.3,5.0,1.0
2008-12-01,127.2,36.1,38.7
2008-12-02,2.4,10.9,6.5
2008-12-03,0.3,0.3,0.0
2008-12-04,11.6,12.3,7.8
2008-12-05,22.0,4.2,1.0
2008-12-06,16.5,27.1,22.8
2008-12-08,1.3,32.1,34.2
2008-12-09,21.8,42.8,47.1
2008-12-10,14.4,42.2,45.8
2008-12-11,58.5,84.0,97.7
2008-12-12,18.5,5.9,1.7
2008-12-13,7.0,30.7,33.6
2008-12-14,9.2,12.2,7.9
2008-12-15,10.6,7.9,3.6
2008-12-16,1.2,11.1,6.7
2008-12-17,2.8,26.6,22.8
2008-12-18,12.8,0.5,0.0
2008-12-19,7.5,1.8,0.0
2008-12-21,3.5,2.6,0.0
2008-12-22,18.0,11.6,6.9
2008-12-23,33.8,48.1,50.9
2008-12-25,23.0,7.2,2.5
2008-12-27,20.0,21.6,16.9
2008-12-28,10.6,12.6,7.9
2008-12-29,11.2,20.4,15.6
2008-12-30,8.2,12.6,7.8
2009-01-02,1.0,2.9,0.0
2009-01-03,33.2,41.4,47.3
2009-01-04,0.8,1.3,0.0
2009-01-05,64.8,134.4,116.5
2009-01-06,4.8,17.8,15.5
2009-01-07,77.7,52.6,64.3
2009-01-08,56.2,62.7,81.2
2009-01-09,11.5,16.3,14.0
2009-01-10,0.3,1.2,0.0
2009-01-11,3.4,3.8,1.0
2009-01-12,0.5,0.9,0.0
2009-01-13,0.5,6.4,3.0
2009-01-14,2.8,9.8,7.3
2009-01-16,9.0,1.3,0.0
2009-01-17,1.9,0.6,0.0
2009-01-18,2.5,0.3,0.0
2009-01-25,1.0,0.7,0.0
2009-01-27,0.9,2.1,0.0
2009-01-28,3.8,17.8,18.7
2009-01-29,0.6,6.5,2.9
2009-02-11,1.5,1.8,0.0
2009-02-13,0.5,1.0,0.0
2009-02-14,2.6,0.2,0.0
2009-02-20,10.0,1.1,0.0
2009-02-22,13.5,12.1,12.9
2009-02-24,0.4,11.2,11.1
2009-02-25,20.5,7.8,5.9
2009-02-26,4.3,0.9,0.0
2009-03-02,0.4,31.1,53.9
2009-03-04,21.5,26.5,45.4
2009-03-05,9.2,11.9,10.8
2009-03-09,11.4,5.9,2.4
2009-03-10,4.3,7.7,4.6
2009-03-13,0.4,6.2,3.7
2009-03-15,0.2,9.2,7.8
2009-03-16,0.4,0.0,0.0
2009-03-19,1.5,2.2,0.0
2009-03-21,31.0,6.2,2.1
2009-03-23,2.0,18.7,21.0
2009-03-24,0.3,44.3,66.5
2009-03-25,11.1,2.6,0.0
2009-03-26,70.0,116.5,78.9
2009-03-28,2.2,3.0,0.0
2009-03-29,3.1,0.0,0.0
2009-03-31,52.0,30.8,48.4
2009-04-03,22.5,8.4,6.6
2009-04-04,0.3,2.2,0.0
2009-04-05,4.5,59.3,76.3
2009-04-06,24.9,34.2,58.1
2009-04-07,2.0,12.6,13.6
2009-04-08,22.5,16.3,20.1
2009-04-09,24.3,12.7,13.8
2009-04-11,1.5,14.1,16.4
2009-04-12,5.0,5.0,2.0
2009-04-13,0.7,12.0,13.0
2009-04-14,12.4,19.8,31.2
2009-04-15,9.0,5.0,2.1
2009-04-16,2.8,30.4,46.9
2009-04-17,1.7,19.1,29.8
2009-04-18,1.1,4.1,1.0
2009-04-19,0.5,8.7,7.9
2009-04-22,1.5,17.9,15.3
2009-04-23,5.0,40.6,49.0
2009-04-27,1.5,20.1,18.1
2009-04-28,1.8,10.7,6.7
2009-04-30,6.0,0.0,0.0
2009-05-01,57.0,13.5,16.5
2009-05-02,1.0,5.3,2.7
2009-05-04,16.6,0.1,0.0
2009-05-06,16.8,16.4,21.6
2009-05-09,1.0,5.0,2.3
2009-05-11,13.0,9.7,9.5
2009-05-13,26.0,1.9,0.0
2009-05-14,1.6,2.0,0.0
2009-05-15,1.0,1.9,0.0
2009-05-16,0.6,6.7,5.3
2009-05-17,29.0,42.3,65.2
2009-05-18,4.0,7.1,5.8
2009-05-22,0.3,6.1,3.4
2009-05-23,2.4,0.0,0.0
2009-05-26,2.3,0.0,0.0
2009-05-29,0.9,0.0,0.0
2009-05-31,15.5,9.7,9.3
2009-06-08,4.7,16.9,17.9
2009-06-10,12.0,0.3,0.0
2009-06-12,7.4,11.7,8.1
2009-06-28,2.8,15.8,20.4
2009-06-29,23.4,24.2,40.9
2009-06-30,0.7,1.3,0.0
2009-07-01,0.7,1.7,0.0
2009-07-04,8.0,6.3,3.4
2009-07-05,7.4,2.8,0.0
2009-07-06,3.9,12.8,10.1
2009-07-09,37.4,0.0,0.0
2009-07-23,37.5,1.2,0.0
2009-07-24,1.6,7.0,5.6
2009-07-26,2.8,17.2,17.8
2009-07-29,0.2,0.8,0.0
2009-08-11,13.5,3.6,1.0
2009-08-16,7.3,0.9,0.0
2009-08-26,2.8,1.9,0.0
2009-08-27,9.0,0.3,0.0
2009-08-28,7.5,0.2,0.0
2009-09-02,0.8,0.0,0.0
2009-09-11,17.0,0.0,0.0
2009-09-12,3.7,0.0,0.0
2009-09-20,0.5,2.3,0.0
2009-09-21,21.5,0.0,0.0
2009-09-30,9.5,0.0,0.0
2009-10-01,7.5,0.0,0.0
2009-10-02,24.4,11.8,10.9
2009-10-03,32.5,26.4,35.5
2009-10-04,13.3,42.0,54.6
2009-10-05,8.5,11.7,10.8
2009-10-07,5.2,5.8,2.6
2009-10-08,34.8,25.6,34.0
2009-10-11,0.7,13.6,14.8
2009-10-12,16.2,59.6,86.0
2009-10-13,18.5,19.5,27.6
2009-10-14,11.2,16.8,19.6
2009-10-15,16.0,19.2,27.1
2009-10-16,4.8,0.8,0.0
2009-10-17,32.2,2.1,0.0
2009-10-19,27.8,47.3,70.1
2009-10-21,0.7,1.4,0.0
2009-10-22,5.5,6.8,2.9
2009-10-23,13.2,17.3,15.2
2009-10-24,2.4,7.4,3.6
2009-10-25,2.6,14.2,11.6
2009-10-29,33.3,16.1,13.9
2009-10-30,21.5,22.1,21.4
2009-11-01,0.5,7.1,3.4
2009-11-02,1.0,25.8,29.1
2009-11-03,2.3,10.6,8.0
2009-11-04,38.8,9.6,6.7
2009-11-05,20.3,11.1,8.6
2009-11-06,10.2,4.6,1.0
2009-11-07,25.0,12.0,9.8
2009-11-08,40.1,13.7,12.1
2009-11-09,12.5,37.0,51.1
2009-11-10,11.7,5.7,1.6
2009-11-12,1.9,16.6,11.6
2009-11-13,10.0,16.4,11.4
2009-11-14,37.5,4.9,1.0
2009-11-15,23.5,1.6,0.0
2009-11-16,30.4,43.3,44.8
2009-11-17,19.5,9.9,5.3
2009-11-18,3.8,3.2,0.0
2009-11-19,1.3,14.3,9.5
2009-11-20,19.4,30.1,28.9
2009-11-22,40.0,34.0,41.4
2009-11-23,0.5,3.2,0.0
2009-11-25,26.2,6.2,2.2
2009-11-26,11.1,8.3,4.7
2009-11-27,15.8,8.1,4.4
2009-11-28,2.0,6.1,2.0
2009-11-29,7.3,1.4,0.0
2009-11-30,3.0,3.5,0.0
2009-12-02,10.0,32.3,34.7
2009-12-03,20.5,25.0,20.6
2009-12-04,27.3,7.0,3.0
2009-12-05,9.5,11.3,6.9
2009-12-06,5.6,2.9,0.0
2009-12-07,9.2,14.3,9.8
2009-12-08,2.2,13.4,9.0
2009-12-09,10.0,1.8,0.0
2009-12-10,0.4,1.1,0.0
2009-12-11,9.3,0.3,0.0
2009-12-12,3.5,3.1,0.0
2009-12-13,15.7,15.2,11.1
2009-12-16,22.0,19.4,15.6
2009-12-17,10.5,21.9,18.4
2009-12-19,5.7,13.9,9.6
2009-12-23,3.0,13.5,8.8
2009-12-24,0.3,35.5,33.8
2009-12-25,29.2,30.8,29.1
2009-12-26,8.7,38.9,38.5
2009-12-27,50.0,44.0,43.9
2009-12-29,14.2,96.7,120.5
2009-12-30,3.9,26.3,21.6
2009-12-31,17.0,26.9,22.2
2010-01-01,21.0,18.7,16.5
2010-01-02,0.2,12.4,9.8
2010-01-03,4.8,1.8,0.0
2010-01-04,11.8,48.1,58.5
2010-01-05,1.2,16.7,14.4
2010-01-07,4.0,1.6,0.0
2010-01-08,22.8,22.3,20.2
2010-01-09,1.5,3.9,1.0
2010-01-12,1.2,1.8,0.0
2010-01-13,24.9,15.2,14.5
2010-01-14,54.2,39.6,51.9
2010-01-17,0.4,0.4,0.0
2010-01-18,0.6,0.3,0.0
2010-01-23,0.3,3.8,0.0
2010-01-24,29.4,29.6,40.5
2010-01-25,3.0,1.6,0.0
2010-01-27,0.2,0.3,0.0
2010-01-28,0.4,2.3,0.0
2010-01-29,3.5,22.4,27.1
2010-01-30,9.5,10.7,8.6
2010-01-31,1.3,0.5,0.0
2010-02-01,3.0,5.0,0.0
2010-02-02,1.0,1.0,0.0
2010-02-09,6.5,27.4,33.9
2010-02-10,6.7,39.1,45.0
2010-02-11,0.6,4.3,2.2
2010-02-12,4.2,1.1,0.0
2010-02-14,6.6,6.0,4.2
2010-02-17,6.8,30.8,42.7
2010-02-18,15.9,19.8,25.3
2010-02-19,15.0,9.9,9.8
2010-02-20,6.2,17.4,17.8
2010-02-21,0.8,6.9,4.5
2010-02-23,0.2,10.1,9.6
2010-02-24,1.1,12.1,13.7
2010-02-25,4.6,2.4,0.0
2010-03-01,15.2,0.7,0.0
2010-03-02,5.0,7.6,4.5
2010-03-03,7.0,3.6,0.0
2010-03-04,4.9,27.0,45.8
2010-03-10,97.5,29.3,52.2
2010-03-11,0.8,28.8,42.0
2010-03-16,24.0,6.6,4.2
2010-03-19,2.2,13.9,14.0
2010-03-20,32.8,20.0,27.7
2010-03-21,6.4,12.7,10.7
2010-03-22,2.3,14.2,12.7
2010-03-24,22.7,58.1,76.3
2010-03-27,26.6,24.4,35.0
2010-03-28,1.2,8.4,5.0
2010-03-29,1.7,14.2,12.7
2010-04-02,1.8,12.3,13.1
2010-04-04,0.4,7.4,4.9
2010-04-05,20.8,28.2,47.6
2010-04-06,4.0,5.6,2.1
2010-04-07,28.0,3.0,0.0
2010-04-08,11.0,13.1,14.5
2010-04-09,66.5,6.3,3.1
2010-04-10,55.8,13.8,15.7
2010-04-13,2.0,0.1,0.0
2010-04-14,0.3,13.5,15.5
2010-04-16,7.1,3.2,0.0
2010-04-18,11.0,14.2,16.6
2010-04-19,0.5,1.1,0.0
2010-04-20,5.6,2.0,0.0
2010-04-21,5.0,15.7,12.6
2010-04-22,18.2,3.8,0.0
2010-04-23,7.0,2.5,0.0
2010-04-25,0.5,6.1,1.7
2010-04-26,27.8,0.5,0.0
2010-04-27,3.3,3.4,0.0
2010-04-29,4.4,9.1,4.8
2010-04-30,62.7,13.8,10.3
2010-05-01,3.0,15.2,19.5
2010-05-02,59.0,16.2,21.7
2010-05-03,65.2,31.3,66.5
2010-05-06,51.8,5.3,2.7
2010-05-07,0.2,14.3,18.0
2010-05-08,7.4,21.9,39.7
2010-05-09,7.0,3.3,0.0
2010-05-11,15.0,13.1,14.7
2010-05-12,1.1,1.1,0.0
2010-05-13,9.5,13.0,14.5
2010-05-15,3.7,12.4,13.4
2010-05-16,31.0,22.4,37.3
2010-05-17,0.5,2.9,0.0
2010-05-18,35.3,4.1,1.4
2010-05-19,8.6,7.1,5.7
2010-05-20,11.0,14.9,17.3
2010-05-21,27.2,38.1,57.9
2010-05-22,39.0,28.7,46.2
2010-05-23,10.3,13.4,15.9
2010-05-24,25.9,15.4,19.1
2010-05-25,47.8,9.7,9.3
2010-05-29,46.4,3.1,0.0
2010-05-30,1.0,15.3,18.6
2010-06-01,4.3,7.1,4.0
2010-06-02,3.4,10.0,8.0
2010-06-03,18.5,28.9,42.4
2010-06-04,1.0,4.0,1.0
2010-06-07,44.5,19.6,24.4
2010-06-08,9.7,6.8,3.7
2010-06-09,5.8,15.5,15.9
2010-06-10,10.4,0.0,0.0
2010-06-11,26.0,3.5,0.0
2010-06-12,0.5,3.5,0.0
2010-06-13,4.2,14.1,10.7
2010-06-14,51.2,3.7,0.0
2010-06-15,157.4,59.1,74.2
2010-06-16,54.0,31.9,40.7
2010-06-17,3.4,17.1,13.7
2010-06-18,8.0,20.0,17.3
2010-06-19,5.2,19.2,17.3
2010-06-20,1.2,0.7,0.0
2010-06-21,0.6,10.3,11.3
2010-06-22,0.6,0.8,0.0
2010-06-23,11.9,47.3,77.8
2010-06-24,2.5,7.9,7.3
2010-06-25,15.0,3.2,1.0
2010-06-27,13.3,10.9,12.5
2010-06-28,11.6,14.6,17.6
2010-06-30,14.4,9.6,9.8
2010-07-01,1.7,36.3,37.5
2010-07-02,5.1,21.7,18.3
2010-07-03,105.5,75.3,65.8
2010-07-04,82.4,39.8,41.0
2010-07-06,0.3,1.2,0.0
2010-07-07,4.4,9.2,6.2
2010-07-08,0.8,23.6,23.6
2010-07-09,8.9,14.4,11.4
2010-07-10,2.7,7.1,4.1
2010-07-11,3.7,6.8,2.7
2010-07-12,15.0,6.5,2.4
2010-07-13,16.6,11.1,7.3
2010-07-15,85.4,8.2,4.2
2010-07-16,5.0,22.8,20.5
2010-07-17,15.5,39.8,44.9
2010-07-18,46.3,55.2,69.2
2010-07-19,39.7,2.1,0.0
2010-07-20,24.3,16.3,13.5
2010-07-21,0.1,0.1,0.0
2010-07-23,1.8,3.5,1.0
2010-07-24,29.4,14.8,14.2
2010-07-25,0.2,4.1,3.3
2010-07-26,18.4,14.9,15.0
2010-07-27,0.7,7.0,5.5
2010-07-28,0.5,0.6,0.0
2010-07-29,1.0,23.3,31.8
2010-07-31,9.6,18.1,23.8
2010-08-01,16.9,6.8,7.8
2010-08-02,43.4,76.4,70.1
2010-08-03,16.0,13.6,16.2
2010-08-04,4.1,9.8,11.7
2010-08-05,31.5,36.1,62.7
2010-08-07,42.9,31.8,59.6
2010-08-08,16.0,0.3,0.0
2010-08-09,21.8,5.0,5.5
2010-08-12,0.7,1.7,0.0
2010-08-14,31.2,17.4,14.2
2010-08-15,87.3,49.9,40.1
2010-08-16,7.8,29.0,25.3
2010-08-17,0.3,7.2,4.9
2010-08-18,76.1,26.4,21.8
2010-08-19,1.4,26.1,20.5
2010-08-20,8.4,35.1,31.4
2010-08-21,13.7,69.2,51.5
2010-08-22,35.7,44.4,45.2
2010-08-25,13.1,5.7,3.3
2010-08-26,16.2,20.5,15.5
2010-08-27,9.4,19.5,15.2
2010-08-28,3.7,22.8,25.6
2010-08-29,0.8,0.5,0.0
2010-08-30,2.2,6.2,3.8
2010-08-31,2.0,0.1,0.0
2010-09-01,17.0,12.0,9.3
2010-09-05,14.0,30.8,42.6
2010-09-06,0.2,4.7,1.5
2010-09-08,17.2,5.9,2.8
2010-09-09,1.0,13.1,9.8
2010-09-10,6.2,5.7,2.6
2010-09-13,0.5,7.0,2.4
2010-09-14,19.2,51.5,61.8
2010-09-15,35.4,15.7,14.1
2010-09-16,0.1,1.6,0.0
2010-09-17,16.6,13.2,10.9
2010-09-18,48.0,2.2,0.0
2010-09-19,13.0,11.5,8.1
2010-09-20,0.1,18.4,16.4
2010-09-21,42.2,26.4,44.3
2010-09-22,0.2,1.7,0.0
2010-09-23,115.0,9.2,7.8
2010-09-24,9.8,16.5,16.8
2010-09-25,0.6,8.8,7.8
2010-09-26,29.6,22.9,37.9
2010-09-27,2.3,20.9,35.9
2010-09-28,24.0,12.6,12.2
2010-09-29,26.1,10.9,9.5
2010-09-30,20.4,19.4,31.2
2010-10-01,29.8,17.3,18.1
2010-10-02,0.6,20.4,22.1
2010-10-03,12.7,80.7,92.3
2010-10-05,0.4,4.9,1.4
2010-10-06,13.2,24.9,35.8
2010-10-07,1.4,10.6,9.2
2010-10-08,0.3,11.1,10.0
2010-10-09,17.5,5.7,2.5
2010-10-13,20.3,5.8,3.6
2010-10-14,37.0,10.0,9.5
2010-10-19,6.4,5.9,3.6
2010-10-20,3.3,3.9,1.0
2010-10-22,0.9,27.6,38.1
2010-10-23,49.3,19.8,18.1
2010-10-25,25.5,8.7,5.1
2010-10-26,1.0,4.2,0.0
2010-10-27,8.2,35.0,53.1
2010-10-28,5.8,13.1,10.2
2010-10-30,0.8,17.7,15.7
2010-10-31,1.3,9.1,5.6
2010-11-01,0.4,4.3,0.0
2010-11-02,0.1,0.9,0.0
2010-11-03,15.2,67.3,108.2
2010-11-04,4.8,3.0,0.0
2010-11-06,98.3,5.3,1.2
2010-11-07,42.4,2.3,0.0
2010-11-08,3.0,7.5,3.9
2010-11-10,2.5,10.5,7.8
2010-11-11,2.8,4.9,1.0
2010-11-12,5.8,3.2,0.0
2010-11-13,4.5,4.1,0.0
2010-11-14,4.2,14.5,9.6
2010-11-15,15.0,17.4,12.3
2010-11-16,32.0,9.8,5.2
2010-11-17,0.4,8.0,3.6
2010-11-18,20.4,4.4,0.0
2010-11-19,84.9,60.7,63.9
2010-11-21,6.0,54.4,67.6
2010-11-22,55.3,0.9,0.0
2010-11-25,27.3,4.4,0.0
2010-11-28,14.4,19.0,17.8
2010-11-29,47.0,15.8,13.8
2010-11-30,19.5,22.7,24.4
2010-12-01,4.3,57.0,62.8
2010-12-02,0.6,0.6,0.0
2010-12-03,15.4,29.2,31.0
2010-12-04,5.5,0.9,0.0
2010-12-05,1.3,28.8,24.3
2010-12-06,27.2,22.4,17.9
2010-12-07,22.0,10.0,5.7
2010-12-09,34.6,29.6,30.3
2010-12-10,4.3,4.3,1.0
2010-12-14,7.6,23.8,20.5
2010-12-15,8.9,9.9,5.5
2010-12-16,9.4,18.3,14.4
2010-12-17,28.2,31.7,33.9
2010-12-18,19.0,5.4,1.2
2010-12-20,12.0,8.9,4.5
2010-12-21,0.2,1.1,0.0
2010-12-22,13.7,15.1,10.3
2010-12-23,14.8,26.5,21.8
2010-12-25,3.7,1.0,0.0
2010-12-26,27.7,35.3,35.3
2010-12-27,4.2,18.8,14.1
2010-12-28,6.3,7.6,2.9
2010-12-30,5.0,18.2,13.4
2011-01-01,0.0,0.7,0.0
2011-01-02,0.0,6.4,3.4
2011-01-03,8.2,13.4,10.8
2011-01-04,6.0,6.6,3.6
2011-01-05,35.6,5.4,2.3
2011-01-06,24.6,2.5,0.0
2011-01-07,6.1,6.3,3.3
2011-01-08,4.5,0.8,0.0
2011-01-09,4.3,11.2,8.5
2011-01-10,2.0,31.7,34.7
2011-01-11,17.5,3.0,0.0
2011-01-12,0.0,0.3,0.0
2011-01-13,0.9,4.9,1.3
2011-01-14,0.2,8.6,5.8
2011-01-15,0.1,4.5,1.0
2011-01-16,2.1,2.8,0.0
2011-01-17,0.0,5.5,1.9
2011-01-18,0.0,0.7,0.0
2011-01-19,0.0,1.8,0.0
2011-01-20,0.0,0.5,0.0
2011-01-21,0.0,0.3,0.0
2011-01-22,0.0,1.4,0.0
2011-01-23,0.0,2.3,0.0
2011-01-24,4.7,1.7,0.0
2011-01-25,0.0,1.8,0.0
2011-01-26,1.4,1.8,0.0
2011-01-27,14.3,3.0,0.0
2011-01-28,53.1,24.9,32.5
2011-01-29,2.5,5.7,1.8
2011-01-30,5.3,3.1,0.0
2011-01-31,2.8,0.8,0.0
2011-02-01,7.2,4.6,0.0
2011-02-02,5.0,9.2,4.8
2011-02-03,29.8,65.0,93.5
2011-02-04,13.6,34.1,40.1
2011-02-05,7.3,8.2,3.6
2011-02-06,0.0,8.3,3.7
2011-02-07,0.0,0.4,0.0
2011-02-08,0.0,0.8,0.0
2011-02-09,0.0,0.4,0.0
2011-02-10,0.0,0.0,0.0
2011-02-11,0.0,0.0,0.0
2011-02-12,0.0,0.6,0.0
2011-02-13,0.0,3.0,1.0
2011-02-14,0.0,0.1,0.0
2011-02-15,0.0,0.2,0.0
2011-02-16,0.0,0.0,0.0
2011-02-17,0.0,0.0,0.0
2011-02-18,0.0,0.5,0.0
2011-02-19,15.0,25.3,33.9
2011-02-20,2.0,1.6,0.0
2011-02-21,0.0,0.3,0.0
2011-02-22,0.0,0.4,0.0
2011-02-23,16.8,7.4,5.4
2011-02-24,0.0,0.2,0.0
2011-02-25,0.0,0.0,0.0
2011-02-26,0.0,3.3,0.0
2011-02-27,0.0,2.2,0.0
2011-02-28,7.4,4.3,1.0
2011-03-01,12.0,17.5,18.1
2011-03-02,0.0,0.4,0.0
2011-03-03,0.0,2.7,0.0
2011-03-04,0.0,0.5,0.0
2011-03-05,0.0,0.1,0.0
2011-03-06,0.0,3.8,0.0
2011-03-07,0.0,13.1,11.4
2011-03-08,0.0,18.2,24.5
2011-03-09,1.0,9.7,7.2
2011-03-10,8.5,0.9,0.0
2011-03-11,0.3,2.1,0.0
2011-03-12,0.0,1.3,0.0
2011-03-13,0.0,4.6,1.5
2011-03-14,15.1,1.7,0.0
2011-03-15,11.0,15.5,15.9
2011-03-16,0.0,0.0,0.0
2011-03-17,0.0,0.5,0.0
2011-03-18,0.0,0.1,0.0
2011-03-19,0.0,2.6,0.0
2011-03-20,12.2,73.4,122.5
2011-03-21,5.0,2.4,0.0
2011-03-22,9.8,4.5,1.0
2011-03-23,0.0,4.4,1.0
2011-03-24,13.0,4.2,0.0
2011-03-25,0.0,1.1,0.0
2011-03-26,0.0,1.5,0.0
2011-03-27,42.5,8.2,4.6
2011-03-28,3.3,13.3,11.5
2011-03-29,32.4,49.1,69.8
2011-03-30,10.6,24.6,34.6
2011-03-31,41.8,41.7,63.8
2011-04-01,20.8,11.6,11.9
2011-04-02,0.9,23.6,39.3
2011-04-03,13.0,11.0,10.9
2011-04-04,0.4,0.6,0.0
2011-04-05,3.2,3.3,0.0
2011-04-06,5.8,1.9,0.0
2011-04-07,0.0,0.8,0.0
2011-04-08,1.0,7.9,5.7
2011-04-09,2.0,5.7,2.2
2011-04-10,8.6,5.2,1.5
2011-04-11,14.5,19.0,24.2
2011-04-12,0.0,0.3,0.0
2011-04-13,0.0,0.3,0.0
2011-04-14,0.0,0.0,0.0
2011-04-15,0.8,0.8,0.0
2011-04-16,11.0,9.4,9.0
2011-04-17,0.0,4.0,1.0
2011-04-18,7.0,12.6,14.0
2011-04-19,0.0,0.4,0.0
2011-04-20,0.0,1.5,0.0
2011-04-21,1.5,19.2,16.9
2011-04-22,4.9,6.6,2.2
2011-04-23,0.6,0.8,0.0
2011-04-24,57.6,17.4,14.7
2011-04-25,0.3,3.0,0.0
2011-04-26,1.4,30.0,36.1
2011-04-27,11.8,43.9,53.7
2011-04-28,0.4,0.7,0.0
2011-04-29,0.3,1.4,0.0
2011-04-30,0.0,2.3,0.0
2011-05-01,95.5,35.6,77.7
2011-05-02,0.0,2.4,0.0
2011-05-03,0.0,0.3,0.0
2011-05-04,0.0,0.1,0.0
2011-05-05,0.0,0.0,0.0
2011-05-06,77.0,34.8,73.6
2011-05-07,0.0,0.3,0.0
2011-05-08,0.0,0.2,0.0
2011-05-09,0.0,0.0,0.0
2011-05-10,0.0,0.0,0.0
2011-05-11,0.0,0.0,0.0
2011-05-12,0.0,5.1,2.9
2011-05-13,0.2,0.1,0.0
2011-05-14,5.5,22.1,37.0
2011-05-15,34.8,0.9,0.0
2011-05-16,59.2,15.2,17.6
2011-05-17,0.0,1.2,0.0
2011-05-18,7.0,12.3,13.2
2011-05-19,0.0,1.2,0.0
2011-05-20,3.5,1.0,0.0
2011-05-21,0.1,2.9,0.0
2011-05-22,0.4,8.2,6.9
2011-05-23,23.0,26.0,40.3
2011-05-24,0.0,5.4,2.1
2011-05-25,48.2,14.8,18.0
2011-05-26,3.5,8.5,7.4
2011-05-27,34.6,21.1,32.2
2011-05-28,0.2,2.7,0.0
2011-05-29,0.0,3.9,0.0
2011-05-30,0.0,0.2,0.0
2011-05-31,0.0,1.1,0.0
2011-06-01,21.3,7.3,4.3
2011-06-02,43.0,1.5,0.0
2011-06-03,5.6,0.8,0.0
2011-06-04,5.2,16.1,17.5
2011-06-05,21.0,49.0,76.3
2011-06-06,14.0,1.1,0.0
2011-06-07,21.7,0.4,0.0
2011-06-08,0.0,0.0,0.0
2011-06-09,0.0,0.0,0.0
2011-06-10,0.0,0.2,0.0
2011-06-11,0.0,0.2,0.0
2011-06-12,0.2,0.0,0.0
2011-06-13,0.0,0.0,0.0
2011-06-14,0.0,0.0,0.0
2011-06-15,0.0,0.2,0.0
2011-06-16,0.3,0.0,0.0
2011-06-17,0.0,0.2,0.0
2011-06-18,0.0,0.0,0.0
2011-06-19,0.0,0.0,0.0
2011-06-20,0.0,0.0,0.0
2011-06-21,0.0,0.0,0.0
2011-06-22,0.0,0.0,0.0
2011-06-23,0.0,0.0,0.0
2011-06-24,0.0,0.0,0.0
2011-06-25,0.0,0.0,0.0
2011-06-26,0.0,0.2,0.0
2011-06-27,39.6,42.5,72.3
2011-06-28,3.0,9.4,9.5
2011-06-29,2.8,0.9,0.0
2011-06-30,73.3,61.3,93.5
2011-07-01,0.0,0.5,0.0
2011-07-02,0.0,0.0,0.0
2011-07-03,1.1,0.4,0.0
2011-07-04,0.0,0.0,0.0
2011-07-05,0.0,0.0,0.0
2011-07-06,0.0,0.0,0.0
2011-07-07,0.0,0.0,0.0
2011-07-08,0.0,0.0,0.0
2011-07-09,0.0,0.0,0.0
2011-07-10,0.0,0.0,0.0
2011-07-11,0.0,4.3,1.0
2011-07-12,3.3,0.2,0.0
2011-07-13,38.0,2.3,0.0
2011-07-14,0.0,0.2,0.0
2011-07-15,3.7,13.0,11.1
2011-07-16,29.0,32.5,36.8
2011-07-17,4.0,42.6,46.8
2011-07-18,0.0,0.8,0.0
2011-07-19,36.0,13.2,10.0
2011-07-20,0.0,0.1,0.0
2011-07-21,6.2,1.8,0.0
2011-07-22,6.5,15.9,15.9
2011-07-23,6.0,5.1,2.9
2011-07-24,0.0,0.0,0.0
2011-07-25,0.0,0.0,0.0
2011-07-26,0.0,0.0,0.0
2011-07-27,0.0,0.0,0.0
2011-07-28,0.0,0.4,0.0
2011-07-29,0.0,0.0,0.0
2011-07-30,0.0,0.0,0.0
2011-07-31,0.5,0.0,0.0
2011-08-01,0.5,0.0,0.0
2011-08-02,0.0,0.0,0.0
2011-08-03,0.0,0.0,0.0
2011-08-04,0.0,0.3,0.0
2011-08-05,0.0,1.9,1.0
2011-08-06,0.0,0.0,0.0
2011-08-07,0.0,0.0,0.0
2011-08-08,0.0,0.0,0.0
2011-08-09,0.0,0.0,0.0
2011-08-10,0.0,0.0,0.0
2011-08-11,0.0,0.0,0.0
2011-08-12,0.0,0.0,0.0
2011-08-13,16.7,0.1,0.0
2011-08-14,0.0,0.0,0.0
2011-08-15,0.0,0.1,0.0
2011-08-16,0.0,0.0,0.0
2011-08-17,0.0,3.9,1.0
2011-08-18,0.0,0.1,0.0
2011-08-19,0.0,0.0,0.0
2011-08-20,0.0,0.0,0.0
2011-08-21,0.0,0.0,0.0
2011-08-22,0.0,0.0,0.0
2011-08-23,0.0,0.0,0.0
2011-08-24,0.0,0.0,0.0
2011-08-25,0.0,0.0,0.0
2011-08-26,0.0,0.0,0.0
2011-08-27,0.0,0.2,0.0
2011-08-28,0.0,0.3,0.0
2011-08-29,1.2,1.5,0.0
2011-08-30,0.0,3.2,1.0
2011-08-31,0.0,0.3,0.0
2011-09-01,0.0,0.0,0.0
2011-09-02,0.0,0.0,0.0
2011-09-03,0.0,0.5,0.0
2011-09-04,0.0,0.0,0.0
2011-09-05,0.0,0.1,0.0
2011-09-06,0.0,1.2,0.0
2011-09-07,0.0,0.0,0.0
2011-09-08,0.0,0.0,0.0
2011-09-09,0.0,0.0,0.0
2011-09-10,0.0,0.2,0.0
2011-09-11,0.0,1.5,0.0
2011-09-12,0.0,2.8,0.0
2011-09-13,0.0,0.7,0.0
2011-09-14,25.0,0.5,0.0
2011-09-15,1.0,10.7,7.7
2011-09-16,0.0,0.2,0.0
2011-09-17,61.0,20.0,17.9
2011-09-18,9.0,0.1,0.0
2011-09-19,0.0,0.1,0.0
2011-09-20,0.0,0.1,0.0
2011-09-21,0.0,0.0,0.0
2011-09-22,0.0,0.0,0.0
2011-09-23,0.0,0.4,0.0
2011-09-24,0.0,0.0,0.0
2011-09-25,8.2,4.1,1.0
2011-09-26,0.0,0.2,0.0
2011-09-27,0.0,2.5,0.0
2011-09-28,0.0,0.0,0.0
2011-09-29,0.0,0.0,0.0
2011-09-30,0.0,0.0,0.0
2011-10-01,0.0,0.5,0.0
2011-10-02,3.0,0.3,0.0
2011-10-03,18.5,9.2,7.3
2011-10-04,10.0,8.8,6.8
2011-10-05,0.9,2.7,0.0
2011-10-06,16.5,26.3,35.6
2011-10-07,1.6,0.9,0.0
2011-10-08,0.0,0.3,0.0
2011-10-09,0.3,29.2,38.0
2011-10-10,24.5,24.7,32.7
2011-10-11,0.0,0.3,0.0
2011-10-12,1.0,0.2,0.0
2011-10-13,3.6,11.2,11.3
2011-10-14,0.0,0.0,0.0
2011-10-15,22.0,9.9,9.5
2011-10-16,9.5,48.7,72.0
2011-10-17,20.0,8.5,7.4
2011-10-18,20.5,1.9,0.0
2011-10-19,8.5,0.6,0.0
2011-10-20,8.5,7.4,5.8
2011-10-21,72.5,22.2,21.8
2011-10-22,0.0,0.8,0.0
2011-10-23,32.2,13.6,10.8
2011-10-24,14.0,14.5,12.0
2011-10-25,7.1,17.3,15.3
2011-10-26,5.6,6.7,2.8
2011-10-27,0.0,4.0,0.0
2011-10-28,7.0,23.3,26.0
2011-10-29,0.8,1.2,0.0
2011-10-30,15.1,10.1,6.7
2011-10-31,47.6,148.8,74.5
2011-11-01,0.0,42.7,63.1
2011-11-02,15.5,27.9,33.1
2011-11-03,33.0,53.7,84.2
2011-11-04,6.2,35.1,47.9
2011-11-05,0.0,0.9,0.0
2011-11-06,0.0,1.5,0.0
2011-11-07,0.0,0.3,0.0
2011-11-08,0.0,0.0,0.0
2011-11-09,0.0,5.5,1.5
2011-11-10,0.0,2.1,0.0
2011-11-11,35.0,17.1,12.1
2011-11-12,7.0,0.2,0.0
2011-11-13,39.9,63.0,66.4
2011-11-14,0.0,14.1,9.3
2011-11-15,4.6,11.8,7.1
2011-11-16,0.0,1.4,0.0
2011-11-17,50.3,44.9,46.6
2011-11-18,7.6,23.1,17.8
2011-11-19,2.5,9.0,4.5
2011-11-20,13.7,10.0,5.4
2011-11-21,11.4,1.6,0.0
2011-11-22,2.0,1.1,0.0
2011-11-23,11.6,3.9,0.0
2011-11-24,0.0,3.3,0.0
2011-11-25,3.5,6.9,3.0
2011-11-26,54.9,5.5,1.3
2011-11-27,50.4,12.6,9.9
2011-11-28,4.0,36.2,43.8
2011-11-29,13.5,21.4,21.0
2011-11-30,0.0,4.4,0.0
2011-12-01,22.5,61.2,67.7
2011-12-02,75.0,55.8,62.4
2011-12-03,19.2,22.4,17.9
2011-12-04,19.5,22.1,17.5
2011-12-05,71.6,43.2,47.6
2011-12-06,4.9,20.9,16.4
2011-12-07,0.0,0.2,0.0
2011-12-08,0.0,0.7,0.0
2011-12-09,0.0,3.3,0.0
2011-12-10,37.5,13.6,9.1
2011-12-11,0.0,3.3,0.0
2011-12-12,2.0,2.5,0.0
2011-12-13,4.0,17.7,13.7
2011-12-14,15.8,28.7,30.3
2011-12-15,19.5,12.8,8.5
2011-12-16,1.2,3.0,0.0
2011-12-17,60.0,30.5,33.1
2011-12-18,48.4,35.1,39.6
2011-12-19,43.0,51.2,61.4
2011-12-20,3.8,7.4,3.0
2011-12-21,0.5,5.7,1.1
2011-12-22,6.0,7.5,2.8
2011-12-23,0.0,4.8,1.0
2011-12-24,0.6,35.1,35.3
2011-12-25,27.5,18.1,13.3
2011-12-26,9.0,31.5,30.1
2011-12-27,0.5,6.8,2.2
2011-12-28,32.5,29.7,24.9
2011-12-29,1.8,2.4,0.0
2011-12-30,0.0,0.7,0.0
2011-12-31,0.0,0.7,0.0
2012-01-01,0.0,0.1,0.0
2012-01-02,0.0,0.7,0.0
2012-01-03,0.0,0.1,0.0
2012-01-04,0.0,0.4,0.0
2012-01-05,1.5,9.0,6.1
2012-01-06,0.0,4.9,1.8
2012-01-07,0.1,0.1,0.0
2012-01-08,13.0,1.5,0.0
2012-01-09,11.0,18.8,16.6
2012-01-10,1.4,9.3,6.5
2012-01-11,29.8,59.2,78.8
2012-01-12,24.3,29.6,39.4
2012-01-13,22.0,23.7,33.0
2012-01-14,0.0,3.1,0.0
2012-01-15,9.0,15.5,14.8
2012-01-16,0.0,11.7,9.8
2012-01-17,0.0,8.8,6.0
2012-01-18,0.0,1.6,0.0
2012-01-19,2.4,23.3,25.2
2012-01-20,0.0,15.4,14.6
2012-01-21,1.9,1.8,0.0
2012-01-22,17.0,0.7,0.0
2012-01-23,0.0,13.3,12.2
2012-01-24,0.0,0.8,0.0
2012-01-25,0.0,0.5,0.0
2012-01-26,0.0,0.2,0.0
2012-01-27,0.0,0.6,0.0
2012-01-28,0.0,0.6,0.0
2012-01-29,5.6,0.8,0.0
2012-01-30,8.7,6.0,2.2
2012-01-31,0.0,2.6,0.0
2012-02-01,1.2,32.8,39.3
2012-02-02,45.5,37.7,44.5
2012-02-03,7.0,37.7,43.2
2012-02-04,0.0,5.4,1.0
2012-02-05,3.0,3.6,0.0
2012-02-06,0.0,0.2,0.0
2012-02-07,7.7,0.9,0.0
2012-02-08,0.7,0.5,0.0
2012-02-09,54.5,33.5,40.4
2012-02-10,0.0,1.0,0.0
2012-02-11,0.2,2.7,1.0
2012-02-12,0.0,2.7,1.0
2012-02-13,1.1,8.9,7.8
2012-02-14,3.5,14.4,14.3
2012-02-15,36.5,0.1,0.0
2012-02-16,0.0,0.1,0.0
2012-02-17,1.0,5.9,4.1
2012-02-18,10.0,1.3,0.0
2012-02-19,0.0,0.7,0.0
2012-02-20,4.0,9.9,9.5
2012-02-21,0.0,7.0,4.6
2012-02-22,0.3,18.0,30.8
2012-02-23,0.0,12.9,14.0
2012-02-24,0.0,0.1,0.0
2012-02-25,36.2,42.1,85.3
2012-02-26,9.3,33.8,66.7
2012-02-27,0.0,1.3,0.0
2012-02-28,0.0,1.4,0.0
2012-02-29,0.0,1.6,0.0
2012-03-01,2.0,1.5,0.0
2012-03-02,0.1,4.0,1.0
2012-03-03,0.0,3.1,0.0
2012-03-04,0.0,4.5,1.0
2012-03-05,0.5,2.1,0.0
2012-03-06,0.0,0.7,0.0
2012-03-07,27.0,69.5,73.9
2012-03-08,7.7,30.8,53.9
2012-03-09,0.0,0.5,0.0
2012-03-10,0.0,3.2,0.0
2012-03-11,3.7,4.7,1.7
2012-03-12,0.0,1.0,0.0
2012-03-13,1.5,12.1,11.6
2012-03-14,4.0,15.4,16.1
2012-03-15,2.0,0.4,0.0
2012-03-16,0.0,0.5,0.0
2012-03-17,0.0,9.7,8.3
2012-03-18,0.0,4.8,1.8
2012-03-19,13.8,16.8,17.3
2012-03-20,22.2,27.8,39.9
2012-03-21,6.0,0.5,0.0
2012-03-22,0.0,0.0,0.0
2012-03-23,1.0,2.9,0.0
2012-03-24,0.0,4.3,0.0
2012-03-25,0.0,1.1,0.0
2012-03-26,0.0,0.2,0.0
2012-03-27,0.0,6.3,2.3
2012-03-28,17.0,6.6,2.7
2012-03-29,0.0,6.6,2.7
2012-03-30,0.0,1.6,0.0
2012-03-31,0.0,3.7,0.0
2012-04-01,0.2,3.2,0.0
2012-04-02,31.1,46.4,70.6
2012-04-03,0.0,6.9,4.1
2012-04-04,4.0,0.6,0.0
2012-04-05,0.0,3.4,0.0
2012-04-06,0.0,0.5,0.0
2012-04-07,0.0,0.9,0.0
2012-04-08,15.0,27.3,46.5
2012-04-09,2.3,14.6,17.1
2012-04-10,29.0,17.3,22.0
2012-04-11,2.0,20.2,32.9
2012-04-12,88.0,30.9,47.2
2012-04-13,7.5,7.8,6.4
2012-04-14,2.9,8.2,7.0
2012-04-15,0.0,4.8,1.8
2012-04-16,0.3,4.1,1.0
2012-04-17,6.6,27.5,43.0
2012-04-18,67.2,24.7,39.0
2012-04-19,5.0,47.5,73.4
2012-04-20,0.2,21.3,33.8
2012-04-21,7.9,24.2,23.0
2012-04-22,2.7,29.5,34.7
2012-04-23,0.0,0.3,0.0
2012-04-24,0.0,33.8,40.1
2012-04-25,8.5,0.6,0.0
2012-04-26,2.1,8.1,3.8
2012-04-27,0.0,0.7,0.0
2012-04-28,32.6,68.0,81.4
2012-04-29,1.2,9.1,4.9
2012-04-30,2.2,45.6,55.5
2012-05-01,0.0,5.8,3.4
2012-05-02,9.1,0.9,0.0
2012-05-03,0.1,5.9,3.5
2012-05-04,4.3,4.6,1.7
2012-05-05,0.0,0.0,0.0
2012-05-06,10.0,0.9,0.0
2012-05-07,0.0,4.2,1.1
2012-05-08,8.3,0.2,0.0
2012-05-09,0.4,15.5,20.0
2012-05-10,0.0,0.1,0.0
2012-05-11,0.4,0.0,0.0
2012-05-12,4.9,1.3,0.0
2012-05-13,0.0,0.1,0.0
2012-05-14,0.0,0.0,0.0
2012-05-15,0.0,3.2,0.0
2012-05-16,2.2,0.1,0.0
2012-05-17,0.0,0.7,0.0
2012-05-18,1.0,2.7,0.0
2012-05-19,1.9,7.0,5.7
2012-05-20,0.6,2.2,0.0
2012-05-21,0.1,4.1,0.0
2012-05-22,10.2,5.9,3.1
2012-05-23,0.0,0.0,0.0
2012-05-24,0.0,0.0,0.0
2012-05-25,0.0,0.0,0.0
2012-05-26,0.0,1.6,0.0
2012-05-27,7.5,10.7,10.9
2012-05-28,1.6,7.7,6.0
2012-05-29,16.0,2.5,0.0
2012-05-30,4.5,6.2,3.5
2012-05-31,0.0,9.2,8.5
2012-06-01,27.6,47.6,73.7
2012-06-02,0.0,0.6,0.0
2012-06-03,43.0,17.4,18.4
2012-06-04,18.5,13.6,13.4
2012-06-05,2.7,15.8,16.5
2012-06-06,0.0,3.2,0.0
2012-06-07,7.5,32.2,48.0
2012-06-08,0.0,0.4,0.0
2012-06-09,7.3,14.5,15.2
2012-06-10,0.0,2.3,0.0
2012-06-11,16.0,9.6,5.8
2012-06-12,0.0,3.6,0.0
2012-06-13,0.0,0.1,0.0
2012-06-14,0.0,0.0,0.0
2012-06-15,0.0,0.0,0.0
2012-06-16,0.0,0.0,0.0
2012-06-17,1.1,2.4,0.0
2012-06-18,16.4,3.9,0.0
2012-06-19,0.0,0.0,0.0
2012-06-20,0.0,0.1,0.0
2012-06-21,0.0,0.1,0.0
2012-06-22,0.0,0.2,0.0
2012-06-23,28.9,4.3,1.8
2012-06-24,0.0,0.0,0.0
2012-06-25,0.0,0.0,0.0
2012-06-26,0.0,0.0,0.0
2012-06-27,0.0,0.0,0.0
2012-06-28,0.0,0.7,0.0
2012-06-29,0.0,0.0,0.0
2012-06-30,0.0,0.0,0.0
2012-07-01,0.0,0.0,0.0
2012-07-02,0.0,0.7,0.0
2012-07-03,1.0,9.7,6.7
2012-07-04,0.0,0.0,0.0
2012-07-05,0.0,2.2,0.0
2012-07-06,0.0,1.9,0.0
2012-07-07,0.0,0.0,0.0
2012-07-08,0.0,0.8,0.0
2012-07-09,0.0,21.7,18.4
2012-07-10,0.0,12.9,10.5
2012-07-11,0.4,26.5,30.7
2012-07-12,1.1,10.0,6.1
2012-07-13,11.5,18.5,16.2
2012-07-14,9.5,15.0,13.3
2012-07-15,2.0,29.0,32.4
2012-07-16,9.6,6.1,2.0
2012-07-17,37.5,0.6,0.0
2012-07-18,0.0,0.3,0.0
2012-07-19,0.0,0.6,0.0
2012-07-20,0.0,0.6,0.0
2012-07-21,0.0,0.0,0.0
2012-07-22,0.0,0.0,0.0
2012-07-23,0.0,0.0,0.0
2012-07-24,0.0,1.4,0.0
2012-07-25,0.8,4.3,1.6
2012-07-26,4.4,0.0,0.0
2012-07-27,0.0,0.3,0.0
2012-07-28,0.0,0.0,0.0
2012-07-29,0.0,0.0,0.0
2012-07-30,0.0,0.0,0.0
2012-07-31,0.0,0.0,0.0
2012-08-01,0.0,0.0,0.0
2012-08-02,0.0,0.0,0.0
2012-08-03,0.0,0.0,0.0
2012-08-04,0.0,0.0,0.0
2012-08-05,0.0,0.0,0.0
2012-08-06,0.0,0.0,0.0
2012-08-07,0.0,0.0,0.0
2012-08-08,0.0,0.0,0.0
2012-08-09,0.0,0.0,0.0
2012-08-10,0.0,0.2,0.0
2012-08-11,0.1,0.6,0.0
2012-08-12,8.3,0.0,0.0
2012-08-13,0.0,0.0,0.0
2012-08-14,0.0,0.0,0.0
2012-08-15,0.0,0.0,0.0
2012-08-16,0.0,0.0,0.0
2012-08-17,0.0,0.0,0.0
2012-08-18,0.0,0.0,0.0
2012-08-19,0.0,0.0,0.0
2012-08-20,0.0,0.0,0.0
2012-08-21,0.0,0.0,0.0
2012-08-22,0.0,0.0,0.0
2012-08-23,0.0,0.0,0.0
2012-08-24,0.0,0.1,0.0
2012-08-25,0.0,0.0,0.0
2012-08-26,0.2,4.4,2.0
2012-08-27,25.5,98.0,53.9
2012-08-28,1.0,42.5,43.9
2012-08-29,4.3,16.6,13.0
2012-08-30,0.0,0.1,0.0
2012-08-31,51.5,17.4,12.9
2012-09-01,0.0,0.0,0.0
2012-09-02,0.0,0.2,0.0
2012-09-03,0.0,0.0,0.0
2012-09-04,0.0,0.0,0.0
2012-09-05,0.0,0.0,0.0
2012-09-06,0.0,0.0,0.0
2012-09-07,0.0,0.0,0.0
2012-09-08,7.6,2.8,0.0
2012-09-09,10.5,27.4,36.7
2012-09-10,0.0,0.1,0.0
2012-09-11,0.0,0.0,0.0
2012-09-12,0.0,0.0,0.0
2012-09-13,0.0,0.0,0.0
2012-09-14,0.0,0.2,0.0
2012-09-15,0.0,0.1,0.0
2012-09-16,0.0,0.0,0.0
2012-09-17,0.0,0.0,0.0
2012-09-18,0.0,0.0,0.0
2012-09-19,0.0,0.1,0.0
2012-09-20,0.0,0.5,0.0
2012-09-21,0.0,0.9,0.0
2012-09-22,0.0,0.0,0.0
2012-09-23,0.0,0.0,0.0
2012-09-24,0.0,0.1,0.0
2012-09-25,0.0,0.0,0.0
2012-09-26,0.0,0.3,0.0
2012-09-27,0.0,0.0,0.0
2012-09-28,0.0,0.9,0.0
2012-09-29,1.0,0.0,0.0
2012-09-30,0.0,0.0,0.0
2012-10-01,0.0,0.0,0.0
2012-10-02,0.0,0.0,0.0
2012-10-03,0.0,0.0,0.0
2012-10-04,0.0,0.0,0.0
2012-10-05,0.0,0.8,0.0
2012-10-06,1.2,0.0,0.0
2012-10-07,39.0,3.9,0.0
2012-10-08,0.0,0.6,0.0
2012-10-09,22.1,3.6,0.0
2012-10-10,58.3,8.4,6.2
2012-10-11,15.0,0.0,0.0
2012-10-12,2.2,0.1,0.0
2012-10-13,9.3,5.8,3.5
2012-10-14,11.3,4.1,1.0
2012-10-15,17.4,19.1,27.2
2012-10-16,7.9,66.1,87.4
2012-10-17,52.4,17.3,21.1
2012-10-18,7.8,10.4,10.2
2012-10-19,27.0,27.7,42.1
2012-10-20,1.0,22.1,31.9
2012-10-21,23.0,1.1,0.0
2012-10-22,4.0,0.0,0.0
2012-10-23,0.6,1.3,0.0
2012-10-24,7.6,0.5,0.0
2012-10-25,0.2,0.1,0.0
2012-10-26,20.9,0.0,0.0
2012-10-27,0.0,4.3,1.0
2012-10-28,12.0,6.1,2.2
2012-10-29,73.0,28.7,41.0
2012-10-30,12.2,18.8,18.4
2012-10-31,0.0,9.9,6.5
2012-11-01,20.8,3.7,0.0
2012-11-02,35.4,66.2,107.8
2012-11-03,148.0,47.5,72.4
2012-11-04,3.3,24.0,26.8
2012-11-05,8.0,0.5,0.0
2012-11-06,17.5,41.7,60.9
2012-11-07,2.0,5.7,1.7
2012-11-08,37.9,7.3,3.8
2012-11-09,4.9,11.9,9.7
2012-11-10,67.3,6.9,3.2
2012-11-11,49.0,31.0,30.8
2012-11-12,45.8,71.1,72.4
2012-11-13,17.4,20.2,15.0
2012-11-14,1.4,10.0,5.4
2012-11-15,35.0,25.1,20.9
2012-11-16,1.8,31.8,33.2
2012-11-17,0.6,82.4,82.6
2012-11-18,25.6,45.1,47.6
2012-11-19,56.0,66.7,68.0
2012-11-20,2.5,18.6,13.6
2012-11-21,25.8,5.2,1.0
2012-11-22,0.0,2.3,0.0
2012-11-23,0.0,3.2,0.0
2012-11-24,2.8,25.1,31.2
2012-11-25,0.0,2.4,0.0
2012-11-26,49.3,19.7,18.7
2012-11-27,34.4,33.5,42.0
2012-11-28,0.0,10.9,7.8
2012-11-29,2.7,19.6,18.5
2012-11-30,26.3,58.8,74.7
2012-12-01,3.1,25.1,20.7
2012-12-02,47.0,23.7,19.2
2012-12-03,14.4,34.6,37.7
2012-12-04,8.4,19.1,14.6
2012-12-05,0.5,17.1,12.6
2012-12-06,19.8,11.2,6.8
2012-12-07,48.2,4.9,1.2
2012-12-08,2.5,17.3,12.7
2012-12-09,9.0,5.8,2.0
2012-12-10,0.0,19.7,15.1
2012-12-11,37.5,13.5,9.3
2012-12-12,7.6,20.1,16.4
2012-12-13,10.2,63.3,74.6
2012-12-14,0.5,1.9,0.0
2012-12-15,2.5,18.4,14.5
2012-12-16,6.0,32.4,35.0
2012-12-17,34.0,18.1,14.2
2012-12-18,3.0,11.5,7.2
2012-12-19,10.4,48.9,58.0
2012-12-20,3.3,7.1,2.8
2012-12-21,1.2,22.3,17.6
2012-12-22,10.0,30.8,29.6
2012-12-23,21.0,16.2,11.5
2012-12-24,51.0,18.0,13.2
2012-12-25,88.4,40.6,41.7
2012-12-26,6.4,35.0,33.3
2012-12-27,1.5,3.3,0.0
2012-12-28,10.2,32.1,29.9
2012-12-29,0.0,19.6,14.8
2012-12-30,112.4,73.0,84.7
2012-12-31,21.7,48.8,50.3
2013-01-01,30.0,7.9,5.0
2013-01-02,17.0,32.1,34.1
2013-01-03,11.5,26.3,27.1
2013-01-04,15.0,26.8,27.6
2013-01-05,5.5,39.3,43.9
2013-01-06,0.0,1.2,0.0
2013-01-07,3.1,27.2,28.1
2013-01-08,24.4,56.1,70.0
2013-01-09,30.0,22.7,20.5
2013-01-10,3.8,6.2,3.2
2013-01-11,18.2,5.2,1.6
2013-01-12,1.5,3.8,1.0
2013-01-13,1.6,4.6,1.0
2013-01-14,0.0,2.0,0.0
2013-01-15,0.0,2.0,0.0
2013-01-16,0.0,1.1,0.0
2013-01-17,0.0,0.1,0.0
2013-01-18,0.0,0.1,0.0
2013-01-19,2.0,0.1,0.0
2013-01-20,3.1,1.3,0.0
2013-01-21,0.1,0.6,0.0
2013-01-22,24.8,12.4,10.8
2013-01-23,30.3,20.1,21.7
2013-01-24,8.5,6.1,2.4
2013-01-25,0.0,0.5,0.0
2013-01-26,0.0,0.6,0.0
2013-01-27,17.1,8.1,4.9
2013-01-28,0.2,5.4,1.5
2013-01-29,0.0,0.4,0.0
2013-01-30,36.7,25.2,32.2
2013-01-31,0.0,0.9,0.0
2013-02-01,0.4,0.1,0.0
2013-02-02,0.0,0.0,0.0
2013-02-03,7.5,5.5,1.0
2013-02-04,7.2,20.0,20.0
2013-02-05,3.0,15.5,13.5
2013-02-06,68.3,42.9,50.3
2013-02-07,70.0,99.5,115.2
2013-02-08,0.9,1.8,0.0
2013-02-09,20.4,13.2,10.1
2013-02-10,10.0,2.1,0.0
2013-02-11,0.8,1.9,0.0
2013-02-12,31.8,7.4,5.8
2013-02-13,0.0,18.2,21.6
2013-02-14,0.0,7.3,5.8
2013-02-15,8.6,5.3,3.3
2013-02-16,1.2,7.6,6.0
2013-02-17,2.5,5.2,3.2
2013-02-18,6.5,6.2,4.5
2013-02-19,0.4,3.6,1.3
2013-02-20,25.9,3.4,1.1
2013-02-21,10.2,13.0,14.1
2013-02-22,0.0,2.1,0.0
2013-02-23,0.0,0.6,0.0
2013-02-24,0.0,0.9,0.0
2013-02-25,0.0,0.1,0.0
2013-02-26,0.0,0.5,0.0
2013-02-27,0.0,0.3,0.0
2013-02-28,0.0,0.2,0.0
2013-03-01,0.0,0.0,0.0
2013-03-02,0.0,0.1,0.0
2013-03-03,0.0,2.5,0.0
2013-03-04,0.0,0.4,0.0
2013-03-05,0.0,0.1,0.0
2013-03-06,2.0,0.1,0.0
2013-03-07,0.0,0.1,0.0
2013-03-08,0.0,0.5,0.0
2013-03-09,0.7,1.3,0.0
2013-03-10,4.7,2.5,0.0
2013-03-11,0.0,0.5,0.0
2013-03-12,0.0,0.5,0.0
2013-03-13,0.0,0.1,0.0
2013-03-14,0.0,0.8,0.0
2013-03-15,0.0,1.4,0.0
2013-03-16,0.0,0.4,0.0
2013-03-17,2.2,4.0,1.0
2013-03-18,0.0,0.4,0.0
2013-03-19,2.3,19.0,25.9
2013-03-20,1.3,26.0,37.7
2013-03-21,0.0,0.8,0.0
2013-03-22,0.0,0.0,0.0
2013-03-23,1.1,1.3,0.0
2013-03-24,0.0,1.1,0.0
2013-03-25,0.0,6.9,3.0
2013-03-26,1.7,0.3,0.0
2013-03-27,2.0,2.3,0.0
2013-03-28,0.3,14.1,12.5
2013-03-29,0.0,5.3,1.1
2013-03-30,24.6,7.0,3.1
2013-03-31,4.5,6.7,2.8
2013-04-01,16.1,43.4,67.2
2013-04-02,10.5,5.1,1.3
2013-04-03,0.4,29.2,50.2
2013-04-04,3.5,23.7,39.4
2013-04-05,4.8,22.2,35.3
2013-04-06,27.3,28.1,49.9
2013-04-07,0.0,22.5,37.3
2013-04-08,0.0,1.4,0.0
2013-04-09,23.5,26.7,44.6
2013-04-10,5.0,26.3,44.7
2013-04-11,4.9,2.5,0.0
2013-04-12,0.0,3.1,0.0
2013-04-13,0.3,1.2,0.0
2013-04-14,0.2,10.9,11.4
2013-04-15,20.5,43.5,66.8
2013-04-16,0.0,1.6,0.0
2013-04-17,12.4,108.8,97.4
2013-04-18,1.6,20.9,33.9
2013-04-19,0.0,0.9,0.0
2013-04-20,35.5,12.0,13.2
2013-04-21,8.4,2.1,0.0
2013-04-22,20.0,88.2,104.5
2013-04-23,0.0,2.0,0.0
2013-04-24,0.0,2.0,0.0
2013-04-25,9.5,12.4,8.7
2013-04-26,71.0,22.0,20.4
2013-04-27,5.2,2.2,0.0
2013-04-28,52.3,12.2,8.4
2013-04-29,1.0,16.5,13.5
2013-04-30,1.3,7.6,3.2
2013-05-01,8.2,0.4,0.0
2013-05-02,0.0,1.3,0.0
2013-05-03,23.7,11.2,12.3
2013-05-04,1.6,0.8,0.0
2013-05-05,2.5,19.8,30.9
2013-05-06,21.2,8.3,7.4
2013-05-07,2.3,36.6,79.1
2013-05-08,17.0,42.6,91.6
2013-05-09,4.6,1.8,0.0
2013-05-10,0.0,5.7,3.2
2013-05-11,25.2,22.6,38.0
2013-05-12,5.3,11.4,12.0
2013-05-13,32.8,78.9,90.4
2013-05-14,0.0,3.1,0.0
2013-05-15,5.0,20.6,35.0
2013-05-16,28.0,2.7,0.0
2013-05-17,6.4,34.9,55.9
2013-05-18,0.5,4.0,1.2
2013-05-19,1.7,10.2,10.2
2013-05-20,15.5,1.9,0.0
2013-05-21,21.8,5.4,2.1
2013-05-22,8.6,34.9,54.1
2013-05-23,3.5,19.9,30.8
2013-05-24,1.2,8.7,7.6
2013-05-25,1.0,2.8,0.0
2013-05-26,38.2,27.9,44.8
2013-05-27,17.8,40.5,60.6
2013-05-28,0.0,0.2,0.0
2013-05-29,4.0,20.7,31.6
2013-05-30,0.0,0.3,0.0
2013-05-31,0.6,0.9,0.0
2013-06-01,0.0,0.2,0.0
2013-06-02,0.0,1.1,0.0
2013-06-03,3.8,24.3,33.3
2013-06-04,0.0,2.5,0.0
2013-06-05,0.0,0.0,0.0
2013-06-06,0.0,0.9,0.0
2013-06-07,0.0,8.4,5.8
2013-06-08,6.6,23.8,33.6
2013-06-09,0.0,1.9,0.0
2013-06-10,15.2,9.4,7.2
2013-06-11,45.4,23.8,31.7
2013-06-12,1.5,10.3,6.5
2013-06-13,0.0,1.4,0.0
2013-06-14,0.0,1.3,0.0
2013-06-15,0.0,0.8,0.0
2013-06-16,0.5,12.3,8.8
2013-06-17,0.0,5.0,1.0
2013-06-18,1.8,0.0,0.0
2013-06-19,0.0,0.0,0.0
2013-06-20,0.0,0.0,0.0
2013-06-21,0.0,0.0,0.0
2013-06-22,0.0,0.0,0.0
2013-06-23,0.0,0.0,0.0
2013-06-24,0.0,0.8,0.0
2013-06-25,0.0,0.5,0.0
2013-06-26,0.0,1.8,0.0
2013-06-27,0.0,10.5,11.2
2013-06-28,0.0,7.4,6.5
2013-06-29,0.0,3.0,0.0
2013-06-30,0.0,11.5,14.6
2013-07-01,0.0,0.4,0.0
2013-07-02,83.1,26.1,27.3
2013-07-03,11.0,36.5,38.1
2013-07-04,0.0,0.8,0.0
2013-07-05,41.5,21.8,21.3
2013-07-06,0.0,2.1,0.0
2013-07-07,11.9,6.7,3.7
2013-07-08,3.8,8.2,5.3
2013-07-09,16.0,46.3,46.6
2013-07-10,16.6,12.4,9.3
2013-07-11,25.8,3.6,0.0
2013-07-12,0.0,3.1,0.0
2013-07-13,12.5,12.1,9.2
2013-07-14,0.0,6.1,2.0
2013-07-15,0.0,13.0,9.5
2013-07-16,0.0,0.2,0.0
2013-07-17,8.0,37.3,40.6
2013-07-18,0.0,8.4,4.4
2013-07-19,0.0,0.9,0.0
2013-07-20,6.2,0.0,0.0
2013-07-21,0.0,0.4,0.0
2013-07-22,35.4,1.2,0.0
2013-07-23,0.0,0.0,0.0
2013-07-24,0.0,6.7,5.1
2013-07-25,24.8,5.0,4.0
2013-07-26,10.0,0.4,0.0
2013-07-27,12.3,1.9,0.0
2013-07-28,0.0,0.6,0.0
2013-07-29,13.8,2.4,0.0
2013-07-30,0.0,0.0,0.0
2013-07-31,13.5,0.5,0.0
2013-08-01,6.2,1.5,0.0
2013-08-02,0.0,0.0,0.0
2013-08-03,0.0,0.0,0.0
2013-08-04,4.2,5.0,4.7
2013-08-05,5.7,4.9,4.9
2013-08-06,23.8,2.6,2.2
2013-08-07,0.0,0.5,0.0
2013-08-08,10.4,28.1,53.1
2013-08-09,0.1,1.7,1.0
2013-08-10,0.0,0.9,0.0
2013-08-11,0.0,0.9,0.0
2013-08-12,0.0,0.0,0.0
2013-08-13,0.0,0.0,0.0
2013-08-14,0.0,0.1,0.0
2013-08-15,42.0,62.5,48.1
2013-08-16,14.5,3.2,1.0
2013-08-17,0.0,0.3,0.0
2013-08-18,0.0,0.0,0.0
2013-08-19,0.0,0.0,0.0
2013-08-20,0.0,0.0,0.0
2013-08-21,0.0,0.0,0.0
2013-08-22,0.0,0.0,0.0
2013-08-23,0.0,0.0,0.0
2013-08-24,0.0,0.4,0.0
2013-08-25,0.0,0.0,0.0
2013-08-26,0.0,0.0,0.0
2013-08-27,0.0,0.0,0.0
2013-08-28,2.9,25.5,29.5
2013-08-29,0.2,2.4,0.0
2013-08-30,0.0,1.0,0.0
2013-08-31,3.2,5.6,3.2
2014-01-01,8.5,89.4,116.8
2014-01-02,87.9,0.9,0.0
2014-01-04,14.3,24.8,27.2
2014-01-05,14.4,20.1,18.9
2014-01-06,30.8,18.9,16.8
2014-01-07,19.8,4.7,1.6
2014-01-08,3.7,1.5,0.0
2014-01-11,16.3,20.4,23.1
2014-01-12,18.2,0.5,0.0
2014-01-13,1.0,9.0,6.2
2014-01-14,3.5,17.8,17.8
2014-01-15,8.5,6.9,3.7
2014-01-16,13.9,0.7,0.0
2014-01-19,1.0,0.4,0.0
2014-01-24,1.0,0.4,0.0
2014-07-01,0.0,0.0,0.0
2014-07-02,0.4,0.5,0.0
2014-07-03,41.4,9.1,6.1
2014-07-04,2.2,0.0,0.0
2014-07-05,0.0,0.0,0.0
2014-07-06,0.0,0.0,0.0
2014-07-07,0.0,0.8,0.0
2014-07-08,0.0,1.6,0.0
2014-07-09,0.0,0.9,0.0
2014-07-10,0.0,0.0,0.0
2014-07-11,24.7,8.2,4.2
2014-07-12,12.5,2.7,0.0
2014-07-13,0.0,2.1,0.0
2014-07-14,0.0,0.0,0.0
2014-07-15,0.0,0.0,0.0
2014-07-16,0.0,0.0,0.0
2014-07-17,0.0,0.2,0.0
2014-07-18,0.0,0.0,0.0
2014-07-19,0.0,0.0,0.0
2014-07-20,1.1,8.4,4.5
2014-07-21,0.0,3.1,1.0
2014-07-22,0.0,0.0,0.0
2014-07-23,0.0,0.0,0.0
2014-07-24,0.0,0.0,0.0
2014-07-25,0.0,0.0,0.0
2014-07-26,0.3,0.0,0.0
2014-07-27,0.8,0.3,0.0
2014-07-28,0.1,0.1,0.0
2014-07-29,0.4,0.0,0.0
2014-07-30,0.0,0.0,0.0
2014-07-31,0.0,0.3,0.0
2015-01-01,27.2,1.9,0.0
2015-01-02,3.5,2.1,0.0
2015-01-03,2.5,0.5,0.0
2015-01-04,1.4,0.6,0.0
2015-01-06,2.8,0.7,0.0
2015-01-07,2.0,6.1,3.0
2015-01-08,22.0,26.8,29.6
2015-01-09,27.9,1.5,0.0
2015-01-10,1.0,4.1,1.0
2015-01-11,1.0,34.5,43.6
2015-01-12,38.4,0.1,0.0
2015-01-15,2.0,37.8,48.5
2015-01-16,20.0,20.8,23.1
2015-01-17,9.0,3.2,0.0
2015-01-19,1.0,2.2,0.0
2015-01-20,1.0,34.1,44.0
2015-01-21,12.7,13.4,12.6
2015-01-22,1.0,1.4,0.0
2015-01-23,1.0,36.5,54.3
2015-01-24,15.8,1.6,0.0
2015-01-30,6.0,0.4,0.0
2015-02-01,1.0,0.8,0.0
2015-02-02,1.0,0.2,0.0
2015-02-03,6.2,0.4,0.0
2015-02-05,1.0,0.4,0.0
2015-02-07,1.6,27.3,34.9
2015-02-08,1.0,77.1,114.0
2015-02-09,92.2,8.0,3.3
2015-02-10,8.5,17.8,16.5
2015-02-11,17.6,0.1,0.0
2015-02-17,25.2,8.6,7.0
2015-02-19,9.2,35.8,47.7
2015-02-20,37.2,1.6,0.0
2015-03-03,8.9,0.0,0.0
2015-03-05,2.4,0.6,0.0
2015-03-08,5.5,0.6,0.0
2015-03-12,29.0,20.4,28.0
2015-03-13,3.3,1.4,0.0
2015-03-15,26.5,31.5,46.9
2015-03-16,37.0,0.3,0.0
2015-03-19,4.9,7.2,5.1
2015-03-22,1.4,8.9,5.6
2015-03-25,1.0,0.8,0.0
2015-03-26,1.3,12.3,10.1
2015-03-27,33.6,3.8,0.0
2015-03-28,8.2,2.5,0.0
2015-03-29,3.0,23.8,33.6
2015-03-30,58.8,12.6,10.5
2015-03-31,2.8,5.9,1.7
2015-04-01,18.8,7.7,5.4
2015-04-02,1.8,15.7,19.1
2015-04-03,10.8,16.6,20.7
2015-04-04,4.0,2.7,0.0
2015-04-05,9.9,19.7,26.7
2015-04-06,24.0,0.3,0.0
2015-04-07,4.6,1.2,0.0
2015-04-10,6.5,10.5,10.0
2015-04-11,42.0,15.2,18.3
2015-04-12,23.0,9.0,8.4
2015-04-14,12.0,2.1,0.0
2015-04-15,5.7,8.8,8.1
2015-04-16,22.1,2.5,0.0
2015-04-18,8.9,7.2,5.5
2015-04-20,1.0,9.8,9.6
2015-04-21,20.0,7.0,2.6
2015-04-24,1.0,31.0,36.3
2015-04-25,9.2,15.9,12.8
2015-04-27,4.7,13.9,10.5
2015-04-28,2.5,7.3,2.9
2015-04-29,1.0,0.8,0.0
2015-05-01,6.0,10.8,11.7
2015-05-02,34.0,2.9,0.0
2015-05-04,5.5,12.8,15.2
2015-05-06,8.7,20.0,31.5
2015-05-07,40.3,0.2,0.0
2015-05-09,8.0,0.0,0.0
2015-05-12,2.0,12.3,13.3
2015-05-13,2.0,7.1,5.7
2015-05-14,14.6,30.9,50.9
2015-05-15,15.5,28.4,46.2
2015-05-16,7.9,0.4,0.0
2015-05-19,54.0,0.0,0.0
2015-05-23,12.4,0.4,0.0
2015-05-26,16.5,0.0,0.0
2015-05-28,6.5,9.1,8.4
2015-06-02,3.2,12.9,12.0
2015-06-03,8.3,12.8,12.0
2015-06-04,4.7,6.1,2.8
2015-06-06,4.0,7.6,4.8
2015-06-07,16.6,44.7,70.4
2015-06-08,13.0,2.9,0.0
2015-06-10,32.5,8.1,5.4
2015-06-11,6.2,2.6,0.0
2015-06-12,9.5,9.0,5.1
2015-06-13,1.6,0.0,0.0
2015-07-02,17.0,0.0,0.0
2015-07-11,2.2,5.4,1.3
2015-07-15,27.0,0.1,0.0
2015-07-31,10.1,0.0,0.0
2015-08-15,9.1,0.0,0.0
2015-09-21,7.5,0.0,0.0
2016-01-01,14.2,16.5,14.1
2016-01-02,17.2,31.2,35.0
2016-01-03,22.0,4.5,1.4
2016-01-06,51.5,0.1,0.0
2016-01-07,1.0,11.0,8.3
2016-01-08,13.4,7.2,4.2
2016-01-10,4.7,2.8,0.0
2016-01-11,2.8,13.0,11.4
2016-01-12,25.5,8.8,6.1
2016-01-13,12.5,7.1,3.9
2016-01-14,2.6,21.5,22.2
2016-01-15,2.2,4.6,1.0
2016-01-16,1.0,20.6,21.5
2016-01-17,43.6,19.3,20.3
2016-01-18,19.0,4.0,1.0
2016-01-19,1.0,26.8,38.2
2016-01-20,29.5,15.0,14.2
2016-01-21,18.0,12.2,10.6
2016-01-24,2.2,39.7,61.3
2016-01-25,76.6,21.6,25.4
2016-01-26,4.0,6.3,2.7
2016-01-27,1.0,0.1,0.0
2016-01-28,4.0,4.6,1.0
2016-01-30,1.0,1.1,0.0
2016-02-01,7.2,0.9,0.0
2016-02-03,6.5,1.6,0.0
2016-02-04,14.5,3.2,0.0
2016-02-07,1.0,35.3,43.5
2016-02-08,3.4,36.8,44.1
2016-02-09,61.5,53.6,67.4
2016-02-10,17.7,70.5,110.7
2016-02-11,19.6,18.0,21.7
2016-02-12,1.0,6.2,4.5
2016-02-13,14.0,3.3,1.0
2016-02-16,2.5,29.3,40.1
2016-02-18,2.0,0.9,0.0
2016-02-19,22.7,1.3,0.0
2016-02-21,4.3,8.4,6.9
2016-02-24,7.8,45.1,93.8
2016-02-25,19.8,64.8,106.5
2016-02-26,78.0,22.4,39.5
2016-02-27,14.4,0.6,0.0
2016-02-28,1.0,3.8,0.0
2016-02-29,1.0,3.9,0.0
2016-03-01,1.6,54.4,72.9
2016-03-02,40.9,6.2,2.8
2016-03-03,9.5,16.5,16.4
2016-03-04,1.7,6.2,2.7
2016-03-06,1.2,2.2,0.0
2016-03-13,23.8,14.5,15.0
2016-03-16,8.2,1.9,0.0
2016-03-17,6.5,0.0,0.0
2016-03-23,54.0,14.5,13.1
2016-03-26,1.0,33.7,53.1
2016-03-27,49.0,8.9,5.5
2016-03-29,42.3,6.3,2.3
2016-03-30,1.0,19.6,19.6
2016-03-31,3.5,16.0,15.2
2016-04-10,1.8,3.7,0.0
2016-04-14,1.0,3.2,0.0
2016-04-17,1.0,2.4,0.0
2016-04-18,10.4,11.4,12.1
2016-04-19,56.0,18.5,24.3
2016-04-20,31.6,22.5,36.9
2016-04-21,6.2,37.1,45.0
2016-04-22,34.1,9.4,5.1
2016-04-24,59.5,11.2,7.2
2016-04-25,4.5,28.2,32.8
2016-04-26,2.3,61.1,73.9
2016-04-27,84.0,0.8,0.0
2016-04-30,3.3,17.8,15.2
2016-05-01,2.0,3.7,1.0
2016-05-02,1.0,12.5,14.6
2016-05-03,11.0,17.2,23.0
2016-05-04,25.0,2.2,0.0
2016-05-06,1.0,6.4,4.4
2016-05-07,3.0,1.1,0.0
2016-05-10,64.7,0.6,0.0
2016-05-11,5.3,17.6,29.0
2016-05-12,9.4,4.1,1.3
2016-05-13,12.4,39.0,61.1
2016-05-14,10.6,27.0,43.6
2016-05-15,4.0,3.4,1.0
2016-05-17,8.0,3.8,1.0
2016-05-19,4.0,0.8,0.0
2016-05-21,15.0,9.6,9.2
2016-05-22,1.5,2.6,0.0
2016-05-25,7.4,1.8,0.0
2016-05-27,1.0,7.2,5.2
2016-05-28,1.0,12.5,14.5
2016-05-29,5.0,12.2,13.4
2016-05-30,8.1,10.3,10.3
2016-05-31,1.0,1.8,0.0
2016-06-02,1.0,5.0,1.3
2016-06-03,12.5,0.0,0.0
2016-06-04,1.4,0.0,0.0
2016-06-08,3.0,0.5,0.0
2016-06-10,18.0,13.9,13.9
2016-06-11,10.0,16.8,13.4
2016-06-12,3.0,0.0,0.0
2016-06-14,7.5,21.2,30.1
2016-06-15,49.0,3.6,0.0
2016-06-16,1.0,2.1,0.0
2016-06-17,12.0,43.3,55.7
2016-06-18,49.0,30.9,40.0
2016-06-19,8.0,11.5,7.9
2016-06-21,0.0,1.2,0.0
2016-06-23,7.7,0.0,0.0
2016-06-26,2.7,15.5,19.3
2016-06-27,1.0,26.3,43.7
2016-06-28,8.6,3.7,1.0
2016-07-11,7.0,0.0,0.0
2016-07-12,23.6,0.0,0.0
2016-07-13,1.1,1.7,0.0
2016-07-15,1.0,3.0,0.0
2016-07-16,26.8,7.6,3.5
2016-07-20,22.5,0.2,0.0
2016-07-21,1.0,10.3,9.0
2016-07-22,2.0,10.3,9.0
2016-07-23,15.0,22.0,28.4
2016-07-24,21.5,0.0,0.0
2016-07-25,1.7,6.1,4.0
2016-07-26,5.0,0.9,0.0
2016-07-30,13.1,0.0,0.0
2016-09-01,22.6,0.9,0.0
2016-09-04,14.5,9.7,6.3
2016-09-05,13.0,3.4,0.0
2016-09-06,35.0,0.0,0.0
2016-09-08,1.0,0.1,0.0
2016-09-28,27.0,1.7,0.0
2016-09-29,1.0,4.3,1.0
2016-09-30,3.0,9.4,8.2
2016-10-02,62.0,38.1,49.1
2016-10-08,9.7,7.3,4.6
2016-10-09,0.0,17.1,17.9
2016-10-17,13.7,0.0,0.0
2016-10-22,9.0,8.2,4.5
2016-10-23,16.0,24.8,30.8
2016-10-24,10.6,0.1,0.0
2016-10-26,6.1,16.8,14.7
2016-10-27,3.5,52.9,69.2
2016-10-28,31.5,14.9,12.3
2016-10-29,5.6,18.6,16.8
2016-10-30,11.0,14.9,12.4
2016-10-31,2.0,6.0,2.0
2016-11-01,1.0,14.1,12.7
2016-11-02,7.0,7.5,4.0
2016-11-03,1.0,4.8,1.0
2016-11-04,30.5,3.6,0.0
2016-11-06,39.3,0.5,0.0
2016-11-08,8.3,5.0,1.0
2016-11-09,7.5,32.1,40.8
2016-11-10,2.0,11.1,8.6
2016-11-12,24.0,34.1,34.2
2016-11-13,56.2,36.3,36.9
2016-11-14,123.4,13.2,8.4
2016-11-15,1.1,83.2,83.5
2016-11-16,109.0,14.6,9.7
2016-11-17,1.0,2.3,0.0
2018-01-01,1.0,0.1,0.0
2018-01-02,0.0,0.4,0.0
2018-01-03,0.0,4.2,1.0
2018-01-04,11.0,5.5,2.4
2018-01-05,14.0,9.6,6.8
2018-01-06,0.0,1.7,0.0
2018-01-07,0.0,6.3,3.2
2018-01-08,20.4,0.2,0.0
2018-01-09,0.0,18.2,16.0
2018-01-10,21.0,4.0,1.0
2018-01-11,13.5,1.3,0.0
2018-01-12,0.0,1.0,0.0
2018-01-13,5.7,0.6,0.0
2018-01-14,0.0,1.1,0.0
2018-01-15,0.0,0.3,0.0
2018-01-16,0.0,0.7,0.0
2018-01-17,0.0,0.1,0.0
2018-01-18,0.0,0.5,0.0
2018-01-19,0.0,9.8,7.4
2018-01-20,23.0,6.1,2.7
2018-01-21,24.0,0.1,0.0
2018-01-22,0.0,3.1,0.0
2018-01-23,0.0,0.5,0.0
2018-01-24,0.0,3.2,0.0
2018-01-25,2.3,0.5,0.0
2018-01-26,0.0,0.9,0.0
2018-01-27,0.0,0.0,0.0
2018-01-28,0.0,7.2,3.8
2018-01-29,4.2,0.1,0.0
2018-01-30,0.0,0.1,0.0
2018-01-31,0.0,0.0,0.0
2018-02-01,0.0,0.0,0.0
2018-02-02,0.0,11.3,7.4
2018-02-03,6.5,1.1,0.0
2018-02-04,1.2,0.5,0.0
2018-02-05,5.8,1.3,0.0
2018-02-06,0.0,0.1,0.0
2018-02-07,0.0,0.1,0.0
2018-02-08,0.0,0.2,0.0
2018-02-09,0.0,0.7,0.0
2018-02-10,0.0,1.1,0.0
2018-02-11,0.0,0.0,0.0
2018-02-12,0.0,0.1,0.0
2018-02-13,0.0,0.1,0.0
2018-02-14,0.0,0.1,0.0
2018-02-15,0.0,2.0,0.0
2018-02-16,2.8,0.0,0.0
2018-02-17,0.0,0.2,0.0
2018-02-18,0.0,0.0,0.0
2018-02-19,0.0,0.1,0.0
2018-02-20,0.0,0.4,0.0
2018-02-21,0.0,0.8,0.0
2018-02-22,0.0,1.1,0.0
2018-02-23,0.0,11.0,11.2
2018-02-24,0.0,0.4,0.0
2018-02-25,0.0,10.4,10.1
2018-02-26,13.6,1.6,0.0
2018-02-27,1.3,1.1,0.0
2018-02-28,0.0,2.7,0.0
2018-03-01,0.0,0.3,0.0
2018-03-02,1.0,0.0,0.0
2018-03-03,0.0,0.0,0.0
2018-03-04,0.0,0.8,0.0
2018-03-05,0.0,8.7,5.9
2018-03-06,0.0,7.0,3.8
2018-03-07,0.0,18.9,26.3
2018-03-08,3.2,10.3,8.0
2018-03-09,0.0,0.5,0.0
2018-03-10,0.0,14.5,13.5
2018-03-11,0.0,74.8,122.4
2018-03-12,181.1,21.7,31.5
2018-03-13,31.8,56.8,93.9
2018-03-14,43.2,3.9,1.0
2018-03-15,3.3,2.8,0.0
2018-03-16,0.0,1.4,0.0
2018-03-17,0.0,3.1,0.0
2018-03-18,0.0,4.7,1.7
2018-03-19,0.0,0.0,0.0
2018-03-20,0.0,7.8,5.9
2018-03-21,18.5,4.3,0.0
2018-03-22,0.4,0.5,0.0
2018-03-23,0.0,9.5,6.4
2018-03-24,0.0,24.4,34.4
2018-03-25,14.3,47.6,70.7
2018-03-26,15.3,34.0,53.2
2018-03-27,2.6,2.6,0.0
2018-03-28,0.0,0.8,0.0
2018-03-29,0.0,1.0,0.0
2018-03-30,0.0,1.0,0.0
2018-03-31,0.0,0.0,0.0
2018-04-01,0.0,0.0,0.0
2018-04-02,0.0,0.1,0.0
2018-04-03,5.2,0.7,0.0
2018-04-04,0.0,5.8,2.4
2018-04-05,3.4,0.0,0.0
2018-04-06,7.8,24.2,41.6
2018-04-07,66.0,17.7,23.1
2018-04-08,27.0,1.1,0.0
2018-04-09,0.0,2.3,0.0
2018-04-10,0.0,7.4,5.0
2018-04-11,0.0,16.5,20.4
2018-04-12,5.8,16.4,20.2
2018-04-13,11.5,1.0,0.0
2018-04-14,1.0,0.4,0.0
2018-04-15,0.0,20.1,32.0
2018-04-16,25.5,0.2,0.0
2018-04-17,20.0,7.0,5.1
2018-04-18,1.4,5.3,2.6
2018-04-19,0.0,18.2,23.2
2018-04-20,26.3,1.6,0.0
2018-04-21,1.5,1.4,0.0
2018-04-22,0.0,11.1,7.1
2018-04-23,1.0,32.2,38.7
2018-04-24,12.4,2.6,0.0
2018-04-25,17.0,19.5,17.3
2018-04-26,1.0,0.8,0.0
2018-04-27,0.0,7.3,2.9
2018-04-28,12.4,0.5,0.0
2018-04-29,0.0,2.0,0.0
2018-04-30,0.0,0.0,0.0
2018-05-01,0.0,20.9,34.7
2018-05-02,8.0,11.4,12.8
2018-05-03,12.4,5.9,3.6
2018-05-04,0.0,9.5,9.4
2018-05-05,0.0,0.0,0.0
2018-05-06,0.0,0.0,0.0
2018-05-07,0.0,1.6,0.0
2018-05-08,18.0,0.0,0.0
2018-05-09,0.0,0.0,0.0
2018-05-10,0.0,0.4,0.0
2018-05-11,0.0,9.1,8.7
2018-05-12,24.0,1.5,0.0
2018-05-13,0.0,1.9,0.0
2018-05-14,0.0,26.4,45.1
2018-05-15,26.4,24.4,41.4
2018-05-16,5.4,60.1,79.8
2018-05-17,56.5,1.2,0.0
2018-05-18,0.3,36.1,56.3
2018-05-19,30.6,17.3,27.0
2018-05-20,0.0,14.0,16.7
2018-05-21,9.7,35.7,55.1
2018-05-22,27.5,22.3,35.3
2018-05-23,23.3,25.7,41.6
2018-05-24,3.0,1.5,0.0
2018-05-25,0.0,17.8,22.1
2018-05-26,16.3,23.9,37.9
2018-05-27,19.0,29.3,46.7
2018-05-28,34.6,45.0,65.9
2018-05-29,4.7,1.4,0.0
2018-05-30,0.8,3.2,0.0
2018-05-31,29.7,11.4,12.1
2018-06-01,2.2,4.1,1.0
2018-06-02,0.0,0.0,0.0
2018-06-03,0.0,0.0,0.0
2018-06-04,1.0,0.0,0.0
2018-06-05,0.0,0.0,0.0
2018-06-06,0.0,0.0,0.0
2018-06-07,0.0,0.0,0.0
2018-06-08,0.0,0.0,0.0
2018-06-09,0.0,0.0,0.0
2018-06-10,0.0,0.3,0.0
2018-06-11,0.0,0.0,0.0
2018-06-12,0.0,0.2,0.0
2018-06-13,0.0,0.2,0.0
2018-06-14,0.0,0.1,0.0
2018-06-15,2.4,17.5,14.4
2018-06-16,18.0,0.0,0.0
2018-06-17,0.0,0.0,0.0
2018-06-18,0.0,0.0,0.0
2018-06-19,0.0,0.0,0.0
2018-06-20,0.0,2.4,0.0
2018-06-21,0.0,0.1,0.0
2018-06-22,0.0,27.0,45.4
2018-06-23,45.0,13.3,16.4
2018-06-24,7.0,38.1,68.0
2018-06-25,22.4,50.4,82.2
2018-06-26,10.8,27.4,46.1
2018-06-27,11.4,44.0,74.3
2018-06-28,26.3,97.7,115.2
2018-06-29,39.5,4.0,1.4
2018-06-30,9.2,28.6,48.2
2018-07-01,3.0,22.6,22.6
2018-07-02,7.1,4.7,1.7
2018-07-03,4.7,21.1,17.7
2018-07-04,5.3,10.7,7.7
2018-07-05,5.2,26.2,26.1
2018-07-06,30.5,0.0,0.0
2018-07-07,0.0,0.0,0.0
2018-07-08,0.0,0.0,0.0
2018-07-09,0.0,0.0,0.0
2018-07-10,0.0,0.0,0.0
2018-07-11,0.0,0.0,0.0
2018-07-12,0.0,0.1,0.0
2018-07-13,0.0,0.0,0.0
2018-07-14,0.0,0.0,0.0
2018-07-15,0.0,0.0,0.0
2018-07-16,0.0,0.0,0.0
2018-07-17,0.0,0.0,0.0
2018-07-18,0.0,0.0,0.0
2018-07-19,0.0,0.0,0.0
2018-07-20,0.0,0.0,0.0
2018-07-21,0.0,0.3,0.0
2018-07-22,0.0,0.0,0.0
2018-07-23,0.0,0.0,0.0
2018-07-24,0.0,0.0,0.0
2018-07-25,0.0,0.0,0.0
2018-07-26,0.0,0.0,0.0
2018-07-27,0.0,0.0,0.0
2018-07-28,0.0,0.0,0.0
2018-07-29,0.0,0.3,0.0
2018-07-30,0.0,0.0,0.0
2018-07-31,0.0,23.2,31.0
2018-08-01,1.7,11.7,13.6
2018-08-02,4.3,0.0,0.0
2018-08-03,0.0,0.0,0.0
2018-08-04,0.0,0.0,0.0
2018-08-05,0.0,0.0,0.0
2018-08-06,0.0,0.0,0.0
2018-08-07,0.0,0.2,0.0
2018-08-08,0.0,0.0,0.0
2018-08-09,0.0,0.0,0.0
2018-08-10,0.0,0.0,0.0
2018-08-11,0.0,0.0,0.0
2018-08-12,0.0,0.0,0.0
2018-08-13,0.0,0.0,0.0
2018-08-14,0.0,0.0,0.0
2018-08-15,0.0,0.0,0.0
2018-08-16,0.0,0.0,0.0
2018-08-17,0.0,0.0,0.0
2018-08-18,0.0,0.0,0.0
2018-08-19,0.0,0.0,0.0
2018-08-20,0.0,0.0,0.0
2018-08-21,0.0,0.0,0.0
2018-08-22,0.0,0.0,0.0
2018-08-23,0.0,0.0,0.0
2018-08-24,0.0,0.0,0.0
2018-08-25,0.0,1.4,0.0
2018-08-26,8.2,0.0,0.0
2018-08-27,0.0,0.0,0.0
2018-08-28,0.0,13.8,10.4
2018-08-29,1.0,9.0,6.6
2018-08-30,0.0,0.1,0.0
2018-08-31,34.6,1.0,0.0
2018-09-01,34.7,2.2,0.0
2018-09-02,11.4,10.4,7.9
2018-09-03,45.2,0.0,0.0
2018-09-04,0.0,0.0,0.0
2018-09-05,0.0,9.3,5.9
2018-09-06,22.8,2.9,0.0
2018-09-07,0.0,0.0,0.0
2018-09-08,42.4,1.1,0.0
2018-09-09,0.0,2.2,0.0
2018-09-10,0.0,22.0,26.4
2018-09-11,5.8,17.0,14.3
2018-09-12,0.0,0.0,0.0
2018-09-13,0.0,0.0,0.0
2018-09-14,0.0,0.0,0.0
2018-09-15,0.0,0.0,0.0
2018-09-16,0.0,0.0,0.0
2018-09-17,0.0,0.0,0.0
2018-09-18,0.0,17.8,17.2
2018-09-19,4.6,13.0,9.7
2018-09-20,20.0,5.6,1.0
2018-09-21,1.5,12.8,11.5
2018-09-22,14.4,0.0,0.0
2018-09-23,0.0,0.0,0.0
2018-09-24,0.0,0.0,0.0
2018-09-25,0.0,0.0,0.0
2018-09-26,17.5,0.0,0.0
2018-09-27,0.0,0.0,0.0
2018-09-28,0.0,0.0,0.0
2018-09-29,0.0,0.0,0.0
2018-09-30,0.0,0.0,0.0
2018-10-01,0.0,0.0,0.0
2018-10-02,0.0,0.1,0.0
2018-10-03,0.0,0.0,0.0
2018-10-04,0.0,0.0,0.0
2018-10-05,0.0,1.7,0.0
2018-10-06,0.0,1.6,0.0
2018-10-07,7.2,2.9,0.0
2018-10-08,8.3,4.0,1.0
2018-10-09,4.9,1.0,0.0
2018-10-10,0.0,0.2,0.0
2018-10-11,0.0,22.2,33.5
2018-10-12,27.6,15.6,18.6
2018-10-13,6.2,9.6,9.0
2018-10-14,3.0,35.8,53.7
2018-10-15,16.0,1.1,0.0
2018-10-16,4.7,0.0,0.0
2018-10-17,0.0,24.3,35.6
2018-10-18,60.3,15.8,18.2
2018-10-19,7.3,0.6,0.0
2018-10-20,1.0,2.5,0.0
2018-10-21,0.0,1.4,0.0
2018-10-22,0.0,7.1,3.3
2018-10-23,5.8,16.0,13.7
2018-10-24,14.2,16.7,14.6
2018-10-25,58.4,2.8,0.0
2018-10-26,2.7,16.5,14.3
2018-10-27,0.0,24.9,31.6
2018-10-28,13.2,11.5,8.4
2018-10-29,41.2,0.5,0.0
2018-10-30,1.6,20.6,20.5
2018-10-31,30.3,0.5,0.0
2018-11-01,0.0,17.1,16.8
2018-11-02,4.3,19.1,19.6
2018-11-03,0.0,51.1,78.3
2018-11-04,36.5,8.7,5.5
2018-11-05,5.8,15.0,14.0
2018-11-06,13.0,14.5,13.2
2018-11-07,24.0,23.3,25.6
2018-11-08,6.0,15.2,14.2
2018-11-09,12.0,12.2,10.2
2018-11-10,13.0,52.5,82.2
2018-11-11,12.2,37.4,38.3
2018-11-12,4.3,2.4,0.0
2018-11-13,1.0,12.7,7.9
2018-11-14,4.8,22.7,17.4
2018-11-15,34.6,0.8,0.0
2018-11-16,1.0,1.1,0.0
2018-11-17,0.0,31.1,31.3
2018-11-18,25.5,29.0,29.5
2018-11-19,4.8,26.3,21.2
2018-11-20,10.0,1.3,0.0
2018-11-21,44.3,33.1,39.7
2018-11-22,4.5,2.8,0.0
2018-11-23,0.0,2.5,0.0
2018-11-24,1.0,7.1,3.2
2018-11-25,25.6,4.1,0.0
2018-11-26,2.4,3.5,0.0
2018-11-27,3.7,1.3,0.0
2018-11-28,0.0,7.3,3.4
2018-11-29,0.0,8.8,5.2
2018-11-30,48.3,13.4,10.8
2018-12-01,0.0,23.5,19.0
2018-12-02,19.3,24.2,19.7
2018-12-03,57.8,6.3,2.4
2018-12-04,1.4,11.3,6.9
2018-12-05,1.7,0.8,0.0
2018-12-06,0.0,5.3,1.5
2018-12-07,1.7,28.1,23.4
2018-12-08,3.8,41.3,45.3
2018-12-09,9.2,44.5,49.6
2018-12-10,25.7,2.6,0.0
2018-12-11,0.0,6.7,2.4
2018-12-12,0.0,63.3,74.8
2018-12-13,12.8,19.2,15.4
2018-12-14,6.4,78.2,92.0
2018-12-15,29.0,7.9,3.6
2018-12-16,0.0,12.3,8.0
2018-12-17,4.2,12.0,7.7
2018-12-18,1.0,2.6,0.0
2018-12-19,3.3,11.9,7.5
2018-12-20,3.8,5.0,1.0
2018-12-21,0.0,54.8,58.3
2018-12-22,44.0,2.5,0.0
2018-12-23,27.7,3.4,0.0
2018-12-24,0.0,5.8,1.2
2018-12-25,2.3,13.9,9.2
2018-12-26,0.0,6.0,1.4
2018-12-27,10.0,15.6,10.8
2018-12-28,0.0,12.6,7.9
2018-12-29,17.2,4.8,1.0
2018-12-30,0.0,12.9,8.2
2018-12-31,4.6,33.6,32.2
2019-01-01,68.0,1.2,0.0
2019-01-02,0.0,11.0,8.2
2019-01-03,9.8,17.5,15.3
2019-01-04,9.7,7.8,4.9
2019-01-05,0.0,0.0,0.0
2019-01-06,0.0,0.7,0.0
2019-01-07,1.5,3.9,1.0
2019-01-08,41.2,1.2,0.0
2019-01-09,2.0,2.0,0.0
2019-01-10,9.5,1.8,0.0
2019-01-11,1.8,1.8,0.0
2019-01-12,0.0,2.4,0.0
2019-01-13,0.0,1.2,0.0
2019-01-14,1.7,25.0,36.1
2019-01-15,21.0,11.8,9.9
2019-01-16,15.2,16.4,15.9
2019-01-17,10.0,0.5,0.0
2019-01-18,0.0,3.8,1.0
2019-01-19,3.2,47.0,63.2
2019-01-20,22.2,45.1,58.3
2019-01-21,25.8,10.8,8.7
2019-01-22,9.6,25.3,32.3
2019-01-23,25.4,2.6,0.0
2019-01-24,0.0,2.5,0.0
2019-01-25,0.0,3.5,0.0
2019-01-26,0.0,0.3,0.0
2019-01-27,0.0,3.7,0.0
2019-01-28,0.0,0.3,0.0
2019-01-29,0.0,2.8,0.0
2019-01-30,3.8,46.4,76.1
2019-01-31,80.2,2.7,0.0
2019-02-01,0.0,14.9,12.1
2019-02-02,12.2,9.2,4.8
2019-02-03,0.0,0.2,0.0
2019-02-04,0.0,4.0,0.0
2019-02-05,0.0,2.8,0.0
2019-02-06,1.0,2.6,0.0
2019-02-07,24.6,0.0,0.0
2019-02-08,0.0,1.4,0.0
2019-02-09,0.0,0.5,0.0
2019-02-10,0.0,5.4,1.0
2019-02-11,28.0,56.3,64.8
2019-02-12,101.2,0.8,0.0
2019-02-13,0.0,2.0,0.0
2019-02-14,2.2,1.8,0.0
2019-02-15,0.0,24.9,33.4
2019-02-16,7.2,130.1,76.9
2019-02-17,66.8,3.5,1.2
2019-02-18,0.0,0.6,0.0
2019-02-19,0.0,1.0,0.0
2019-02-20,3.5,2.2,0.0
2019-02-21,6.8,11.8,12.1
2019-02-22,1.5,20.4,35.5
2019-02-23,3.7,12.9,14.6
2019-02-24,37.0,6.7,4.2
2019-02-25,0.0,2.0,0.0
2019-02-26,12.7,2.3,0.0
2019-02-27,13.8,9.1,8.0
2019-02-28,13.0,16.8,28.2
2019-03-01,9.3,4.9,1.2
2019-03-02,0.0,0.1,0.0
2019-03-03,0.0,4.2,1.0
2019-03-04,0.0,0.0,0.0
2019-03-05,0.0,0.6,0.0
2019-03-06,0.0,6.3,2.9
2019-03-07,0.0,3.2,0.0
2019-03-08,0.0,1.4,0.0
2019-03-09,0.0,8.4,5.5
2019-03-10,4.1,0.8,0.0
2019-03-11,10.0,4.5,1.4
2019-03-12,1.0,15.0,15.0
2019-03-13,7.2,1.3,0.0
2019-03-14,0.0,3.3,0.0
2019-03-15,0.0,10.0,8.8
2019-03-16,7.0,7.5,5.4
2019-03-17,0.0,6.8,4.5
2019-03-18,0.0,24.1,33.6
2019-03-19,20.5,3.5,0.0
2019-03-20,0.0,0.0,0.0
2019-03-21,0.0,0.1,0.0
2019-03-22,0.0,2.8,0.0
2019-03-23,15.7,15.3,14.1
2019-03-24,38.6,0.8,0.0
2019-03-25,5.4,7.8,4.1
2019-03-26,0.0,5.5,1.3
2019-03-27,3.0,29.3,45.6
2019-03-28,18.8,14.2,12.7
2019-03-29,0.0,2.2,0.0
2019-03-30,0.0,0.4,0.0
2019-03-31,1.0,0.9,0.0
2019-04-01,0.0,22.7,35.9
2019-04-02,32.3,32.8,55.0
2019-04-03,12.9,3.5,0.0
2019-04-04,1.0,0.9,0.0
2019-04-05,1.0,24.9,42.3
2019-04-06,57.1,3.2,0.0
2019-04-07,0.0,10.5,10.1
2019-04-08,0.0,0.2,0.0
2019-04-09,0.0,0.1,0.0
2019-04-10,0.0,3.8,0.0
2019-04-11,0.0,2.2,0.0
2019-04-12,0.0,46.0,70.7
2019-04-13,33.3,22.4,34.7
2019-04-14,6.4,30.7,47.4
2019-04-15,14.8,26.1,40.0
2019-04-16,50.5,7.2,5.6
2019-04-17,0.0,1.6,0.0
2019-04-18,0.0,14.0,16.3
2019-04-19,16.8,21.2,35.1
2019-04-20,0.0,43.2,66.1
2019-04-21,23.2,0.5,0.0
2019-04-22,0.0,17.4,14.7
2019-04-23,32.5,46.9,57.3
2019-04-24,38.2,32.8,40.6
2019-04-25,15.8,14.8,11.5
2019-04-26,21.5,16.7,13.8
2019-04-27,31.8,69.0,83.1
2019-04-28,100.3,3.3,0.0
2019-04-29,0.0,1.3,0.0
2019-04-30,0.0,0.8,0.0
