date,gauge,imergl,lseqmdl
2001-01-01,7.0,1.1,0.0
2001-01-02,0.0,0.7,0.0
2001-01-03,0.0,1.1,0.0
2001-01-04,0.0,2.0,0.0
2001-01-05,0.0,23.2,22.8
2001-01-06,0.0,18.0,15.3
2001-01-07,1.5,3.7,1.0
2001-01-08,13.0,76.2,85.8
2001-01-09,0.0,68.8,76.9
2001-01-10,0.0,17.0,14.3
2001-01-11,21.3,5.0,3.8
2001-01-13,0.0,2.5,1.0
2001-01-14,45.0,1.3,0.0
2001-01-15,0.0,5.0,3.8
2001-01-16,77.0,7.1,6.4
2001-01-17,0.0,4.5,3.1
2001-01-18,33.2,14.3,15.0
2001-01-19,20.2,18.2,23.2
2001-01-20,1.3,51.7,58.5
2001-01-21,29.5,36.1,44.1
2001-01-22,30.2,19.6,18.4
2001-01-23,1.0,4.4,1.7
2001-01-24,41.0,4.7,2.0
2001-01-25,8.0,0.7,0.0
2001-01-26,41.3,4.1,1.3
2001-01-27,17.0,5.0,2.3
2001-01-28,0.0,3.0,1.0
2001-01-29,6.3,17.0,15.7
2001-01-30,18.7,14.1,12.4
2001-01-31,0.0,29.3,35.7
2001-02-01,2.0,7.3,4.9
2001-02-02,17.8,35.7,28.2
2001-02-03,0.0,3.2,1.8
2001-02-04,27.0,15.7,11.6
2001-02-05,0.0,11.0,7.9
2001-02-06,5.0,15.3,11.3
2001-02-07,7.6,17.9,13.4
2001-02-08,5.0,17.5,13.0
2001-02-09,0.0,4.9,3.1
2001-02-11,1.4,14.1,11.2
2001-02-12,0.0,7.5,4.9
2001-02-13,4.6,9.5,6.8
2001-02-14,0.0,1.0,0.0
2001-02-15,20.7,11.0,8.3
2001-02-16,4.5,21.7,22.4
2001-02-17,5.6,17.3,14.0
2001-02-18,1.0,18.4,15.8
2001-02-19,10.2,8.2,5.6
2001-02-20,34.0,23.0,27.5
2001-02-21,7.6,4.2,2.9
2001-02-22,0.0,5.6,4.8
2001-02-23,1.9,1.3,0.0
2001-02-24,0.0,0.1,0.0
2001-02-25,0.0,0.7,0.0
2001-02-26,0.0,0.0,0.0
2001-02-27,2.8,5.2,4.3
2001-02-28,0.0,4.0,2.6
2001-03-01,0.0,3.5,0.0
2001-03-02,0.0,4.2,0.0
2001-03-03,0.0,6.4,1.6
2001-03-04,0.0,4.0,0.0
2001-03-05,0.0,12.5,8.0
2001-03-06,0.0,24.8,25.8
2001-03-07,0.0,2.6,0.0
2001-03-08,0.0,11.0,6.4
2001-03-09,0.0,17.6,13.7
2001-03-10,0.0,16.3,12.3
2001-03-11,0.0,51.5,47.1
2001-03-12,0.0,0.4,0.0
2001-03-13,0.0,3.5,2.8
2001-03-14,0.0,0.2,0.0
2001-03-15,0.0,0.0,0.0
2001-03-16,0.0,30.0,37.0
2001-03-17,0.0,0.2,0.0
2001-03-18,0.0,25.4,31.4
2001-03-19,0.0,8.3,7.5
2001-03-20,0.0,11.7,10.8
2001-03-21,0.0,10.7,7.3
2001-03-22,0.0,2.9,0.0
2001-03-23,0.0,0.0,0.0
2001-03-24,0.0,0.2,0.0
2001-03-25,0.0,1.6,0.0
2001-03-26,0.0,0.0,0.0
2001-03-27,0.0,0.2,0.0
2001-03-28,0.0,0.7,0.0
2001-03-29,0.0,0.1,0.0
2001-03-30,0.0,1.2,0.0
2001-03-31,0.0,17.0,14.2
2001-04-01,22.0,10.7,11.3
2001-04-02,0.0,0.9,0.0
2001-04-03,5.7,6.1,5.9
2001-04-04,6.7,6.0,5.8
2001-04-06,5.3,1.8,1.0
2001-04-07,0.0,0.5,0.0
2001-04-08,0.0,3.1,1.9
2001-04-09,0.0,5.0,4.4
2001-04-10,10.0,6.5,6.5
2001-04-11,0.0,2.6,2.3
2001-04-12,6.5,4.0,4.1
2001-04-13,0.0,12.7,20.0
2001-04-14,0.0,7.6,10.0
2001-04-15,10.4,1.0,1.0
2001-04-16,0.0,15.0,23.3
2001-04-17,0.0,1.8,1.2
2001-04-18,0.0,0.6,0.0
2001-04-19,9.5,0.7,0.0
2001-04-20,0.0,0.0,0.0
2001-04-21,0.0,0.0,0.0
2001-04-22,0.0,0.3,0.0
2001-04-23,0.4,0.0,0.0
2001-04-24,0.4,1.1,0.0
2001-04-25,0.0,1.1,0.0
2001-04-26,2.9,16.1,15.3
2001-04-27,0.0,0.4,0.0
2001-04-28,0.0,0.0,0.0
2001-04-29,0.0,0.6,0.0
2001-04-30,0.0,1.3,0.0
2001-05-01,0.9,1.0,0.0
2001-05-02,20.0,11.1,11.4
2001-05-03,0.0,1.2,0.0
2001-05-05,13.5,0.0,0.0
2001-05-06,2.0,0.8,0.0
2001-05-07,0.0,0.1,0.0
2001-05-08,2.9,1.0,0.0
2001-05-09,12.3,8.0,7.8
2001-05-10,0.0,0.9,0.0
2001-05-11,0.0,1.6,0.0
2001-05-12,0.0,4.2,2.0
2001-05-13,0.0,2.3,0.0
2001-05-14,0.0,2.1,0.0
2001-05-15,1.8,3.9,1.7
2001-05-17,15.7,35.8,42.4
2001-05-18,9.2,31.4,36.6
2001-05-19,0.0,1.2,0.0
2001-05-20,0.0,0.0,0.0
2001-05-21,1.0,0.2,0.0
2001-05-22,13.4,11.1,9.9
2001-05-23,23.0,48.0,36.4
2001-05-24,0.7,10.9,8.4
2001-05-25,6.3,15.9,18.3
2001-05-26,0.0,4.6,2.6
2001-05-27,0.0,2.7,1.0
2001-05-28,0.5,5.5,3.5
2001-05-29,9.3,20.5,27.7
2001-05-30,9.2,15.2,16.3
2001-05-31,0.0,4.4,2.4
2001-06-01,0.0,0.0,0.0
2001-06-02,0.0,1.2,0.0
2001-06-03,0.0,3.4,1.4
2001-06-04,0.0,58.6,56.3
2001-06-05,0.0,3.5,1.6
2001-06-06,0.0,5.1,3.5
2001-06-07,0.0,2.3,1.0
2001-06-08,0.0,6.4,5.8
2001-06-09,0.0,24.3,34.8
2001-06-10,0.0,0.6,0.0
2001-06-11,0.0,0.0,0.0
2001-06-12,0.0,0.0,0.0
2001-06-13,0.0,1.2,0.0
2001-06-14,0.0,1.7,0.0
2001-06-15,0.0,8.5,5.1
2001-06-16,0.0,19.1,21.1
2001-06-17,0.0,0.5,0.0
2001-06-18,0.0,0.0,0.0
2001-06-19,0.0,0.1,0.0
2001-06-20,0.0,0.5,0.0
2001-06-21,0.0,0.0,0.0
2001-06-22,0.0,0.1,0.0
2001-06-23,0.0,0.7,0.0
2001-06-24,0.0,0.0,0.0
2001-06-25,0.0,0.0,0.0
2001-06-26,0.0,1.1,0.0
2001-06-27,0.0,0.4,0.0
2001-06-28,0.0,0.1,0.0
2001-06-29,0.0,0.8,0.0
2001-06-30,0.0,0.0,0.0
2001-07-01,3.0,0.0,0.0
2001-07-02,0.0,0.0,0.0
2001-07-03,0.0,0.2,0.0
2001-07-04,0.0,7.1,4.2
2001-07-05,0.0,0.2,0.0
2001-07-06,0.0,0.0,0.0
2001-07-07,0.0,0.0,0.0
2001-07-08,9.5,0.2,0.0
2001-07-09,2.9,0.1,0.0
2001-07-10,14.0,14.9,10.6
2001-07-11,0.0,0.1,0.0
2001-07-12,0.0,0.2,0.0
2001-07-13,0.0,0.0,0.0
2001-07-14,10.4,5.7,3.6
2001-07-15,3.6,0.0,0.0
2001-07-16,49.4,2.6,1.0
2001-07-17,26.0,14.6,16.6
2001-07-18,36.0,1.0,0.0
2001-07-19,9.7,15.2,17.0
2001-07-20,47.0,11.9,10.3
2001-07-21,47.0,7.8,7.0
2001-07-22,0.0,5.0,4.6
2001-07-23,0.0,9.5,8.2
2001-07-24,0.0,0.1,0.0
2001-07-25,29.5,9.5,7.9
2001-07-26,0.0,2.0,1.0
2001-07-27,0.0,1.2,0.0
2001-07-28,0.0,8.1,6.5
2001-07-29,0.0,0.2,0.0
2001-07-30,9.4,2.5,1.9
2001-07-31,0.0,0.0,0.0
2001-08-01,0.0,0.0,0.0
2001-08-02,13.0,4.9,5.7
2001-08-03,0.2,4.1,4.7
2001-08-04,0.0,1.1,1.4
2001-08-05,0.0,4.4,5.2
2001-08-06,0.0,0.0,0.0
2001-08-07,0.0,0.0,0.0
2001-08-08,10.0,1.3,1.6
2001-08-09,27.5,2.4,2.5
2001-08-10,0.0,0.0,0.0
2001-08-11,0.0,0.0,0.0
2001-08-12,0.0,0.0,0.0
2001-08-13,4.7,1.9,0.0
2001-08-14,10.0,0.0,0.0
2001-08-15,0.0,3.3,1.0
2001-08-16,0.0,0.0,0.0
2001-08-17,0.0,0.1,0.0
2001-08-18,0.0,0.0,0.0
2001-08-19,0.0,1.2,0.0
2001-08-20,0.0,0.0,0.0
2001-08-22,0.0,4.0,2.7
2001-08-23,0.0,0.3,0.0
2001-08-24,0.0,0.7,0.0
2001-08-25,0.0,1.2,0.0
2001-08-26,0.0,0.0,0.0
2001-08-27,7.0,0.0,0.0
2001-08-28,0.0,0.0,0.0
2001-08-29,0.0,3.0,1.9
2001-08-30,0.0,7.2,6.6
2001-08-31,0.2,18.5,27.9
2001-09-01,0.0,0.0,0.0
2001-09-02,10.5,11.4,24.7
2001-09-03,4.5,6.1,7.8
2001-09-04,0.0,0.2,0.0
2001-09-05,0.0,7.5,9.5
2001-09-06,0.0,2.4,1.9
2001-09-07,0.0,9.2,17.0
2001-09-08,0.0,0.0,0.0
2001-09-09,0.0,0.0,0.0
2001-09-10,1.8,1.2,0.0
2001-09-11,13.0,1.1,1.5
2001-09-12,0.3,4.9,5.3
2001-09-13,0.2,0.6,0.0
2001-09-15,0.0,0.0,0.0
2001-09-16,0.0,3.3,6.4
2001-09-17,0.0,0.0,0.0
2001-09-18,0.0,0.0,0.0
2001-09-19,0.0,0.0,0.0
2001-09-20,0.0,1.7,2.3
2001-09-21,15.0,2.7,2.5
2001-09-22,0.0,0.6,0.0
2001-09-23,0.0,0.0,0.0
2001-09-24,0.5,0.9,0.0
2001-09-25,1.8,12.7,10.5
2001-09-26,0.0,8.7,7.0
2001-09-27,8.2,1.3,0.0
2001-09-28,0.0,2.4,1.7
2001-09-29,24.8,29.7,26.5
2001-10-01,53.5,30.3,43.4
2001-10-02,0.0,7.7,7.6
2001-10-03,0.0,4.2,3.7
2001-10-04,0.0,8.8,8.9
2001-10-05,19.5,0.4,0.0
2001-10-06,14.3,5.0,5.2
2001-10-08,0.0,0.7,0.0
2001-10-09,0.0,1.1,0.0
2001-10-10,0.0,0.0,0.0
2001-10-11,0.0,3.5,1.9
2001-10-12,0.0,1.3,0.0
2001-10-13,3.4,0.3,0.0
2001-10-14,0.0,1.4,0.0
2001-10-15,0.0,0.1,0.0
2001-10-16,0.0,1.5,0.0
2001-10-17,0.0,2.7,1.0
2001-10-18,0.0,4.6,3.7
2001-10-19,0.0,2.0,0.0
2001-10-20,0.0,13.7,18.7
2001-10-21,0.0,6.5,3.5
2001-10-22,10.5,4.5,2.0
2001-10-23,3.9,11.9,8.5
2001-10-24,0.6,12.3,7.6
2001-10-25,26.0,29.5,20.1
2001-10-26,6.0,20.0,13.0
2001-10-27,0.0,1.6,0.0
2001-10-28,1.6,0.1,0.0
2001-10-29,0.0,3.7,1.3
2001-10-30,0.0,3.5,1.2
2001-10-31,0.0,3.5,1.2
2001-11-01,2.3,10.6,12.7
2001-11-02,0.0,5.2,3.3
2001-11-03,0.0,0.1,0.0
2001-11-04,1.7,0.3,0.0
2001-11-05,0.0,3.2,1.0
2001-11-06,0.0,0.1,0.0
2001-11-07,0.0,1.3,0.0
2001-11-08,0.8,3.6,1.0
2001-11-09,0.0,2.3,0.0
2001-11-10,0.0,1.6,0.0
2001-11-11,0.0,0.0,0.0
2001-11-12,0.0,0.1,0.0
2001-11-13,1.0,1.3,0.0
2001-11-14,0.0,4.4,2.8
2001-11-15,11.4,23.0,20.6
2001-11-16,91.5,86.0,43.0
2001-11-17,5.5,23.2,20.8
2001-11-18,3.0,0.4,0.0
2001-11-19,0.0,2.2,1.0
2001-11-20,0.0,2.1,1.0
2001-11-21,3.3,5.1,1.0
2001-11-22,1.5,4.4,1.0
2001-11-23,2.0,55.6,53.8
2001-11-24,7.0,21.6,15.2
2001-11-25,3.0,3.9,0.0
2001-11-26,0.0,6.3,1.7
2001-11-27,1.7,2.8,0.0
2001-11-28,97.7,13.7,7.4
2001-11-29,0.0,3.0,0.0
2001-11-30,0.0,3.3,0.0
2001-12-01,0.0,0.9,0.0
2001-12-02,0.0,1.1,0.0
2001-12-03,0.0,0.0,0.0
2001-12-04,0.0,1.6,0.0
2001-12-05,0.0,0.1,0.0
2001-12-06,0.0,3.1,1.0
2001-12-07,0.0,9.2,7.0
2001-12-08,0.0,5.8,2.9
2001-12-09,0.0,0.0,0.0
2001-12-10,0.0,1.7,0.0
2001-12-11,0.0,2.0,0.0
2001-12-12,0.0,2.6,0.0
2001-12-13,0.0,14.8,11.4
2001-12-14,0.0,11.9,8.1
2001-12-15,0.0,1.6,0.0
2001-12-16,0.0,0.8,0.0
2001-12-17,0.0,1.2,0.0
2001-12-18,0.0,9.9,5.8
2001-12-19,0.0,0.8,0.0
2001-12-20,0.0,14.4,11.0
2001-12-21,0.0,8.1,4.5
2001-12-22,0.0,0.1,0.0
2001-12-23,0.0,0.2,0.0
2001-12-24,0.0,0.5,0.0
2001-12-25,0.0,1.9,0.0
2001-12-26,0.0,0.0,0.0
2001-12-27,0.0,0.3,0.0
2001-12-28,0.0,0.5,0.0
2001-12-29,0.0,11.9,8.9
2001-12-30,0.0,40.7,50.7
2001-12-31,0.0,1.7,0.0
2002-01-01,7.0,11.8,9.3
2002-01-02,0.0,0.9,0.0
2002-01-03,0.0,0.0,0.0
2002-01-04,0.0,0.0,0.0
2002-01-05,0.0,0.0,0.0
2002-01-06,0.0,0.8,0.0
2002-01-07,1.5,8.4,5.9
2002-01-08,13.0,2.2,0.0
2002-01-09,0.0,1.7,0.0
2002-01-10,0.0,2.5,0.0
2002-01-11,21.3,1.6,0.0
2002-01-12,0.0,1.3,0.0
2002-01-13,0.0,5.0,3.8
2002-01-14,45.0,5.0,3.8
2002-01-15,0.0,0.0,0.0
2002-01-16,77.0,61.6,59.5
2002-01-17,0.0,15.0,16.0
2002-01-18,33.2,35.7,49.3
2002-01-19,20.2,5.3,4.2
2002-01-20,1.3,14.0,15.0
2002-01-21,29.5,85.0,80.0
2002-01-22,30.2,48.2,58.6
2002-01-23,1.0,6.9,4.5
2002-01-24,41.0,33.8,42.1
2002-01-25,8.0,10.7,8.7
2002-01-26,41.3,67.6,73.8
2002-01-27,17.0,55.0,63.5
2002-01-28,0.0,17.8,16.7
2002-01-29,6.3,20.6,19.9
2002-01-30,18.7,3.3,1.0
2002-01-31,0.0,0.5,0.0
2002-02-01,0.0,5.0,3.2
2002-02-02,0.0,0.6,0.0
2002-02-03,1.0,8.5,5.9
2002-02-05,1.0,14.1,10.3
2002-02-06,3.0,5.3,3.4
2002-02-07,18.1,17.8,13.3
2002-02-08,5.9,5.3,3.4
2002-02-09,17.5,24.1,18.1
2002-02-10,25.0,35.6,29.5
2002-02-11,0.0,0.8,0.0
2002-02-12,22.0,15.9,14.1
2002-02-13,6.2,44.4,57.2
2002-02-14,0.0,5.1,2.7
2002-02-15,13.3,3.5,1.2
2002-02-17,6.0,1.0,0.0
2002-02-18,0.0,0.9,0.0
2002-02-19,0.0,2.0,0.0
2002-02-21,6.5,18.0,22.5
2002-02-22,0.0,1.3,0.0
2002-02-23,23.6,10.8,11.9
2002-02-24,2.5,4.3,3.1
2002-02-25,19.5,0.2,0.0
2002-02-26,0.0,0.0,0.0
2002-02-27,0.0,0.3,0.0
2002-02-28,0.2,0.7,0.0
2002-03-01,0.0,0.3,0.0
2002-03-02,0.0,11.5,6.9
2002-03-03,15.0,10.6,6.0
2002-03-05,0.0,0.1,0.0
2002-03-06,0.0,0.0,0.0
2002-03-07,0.0,2.6,0.0
2002-03-08,68.5,26.3,27.3
2002-03-09,0.0,0.0,0.0
2002-03-10,1.0,14.6,10.3
2002-03-11,0.0,1.1,0.0
2002-03-12,54.7,53.3,47.5
2002-03-13,19.7,18.0,16.4
2002-03-14,0.0,0.0,0.0
2002-03-15,54.7,0.0,0.0
2002-03-16,19.7,0.0,0.0
2002-03-17,1.3,4.4,3.6
2002-03-18,1.0,25.9,32.1
2002-03-19,130.0,53.1,47.1
2002-03-20,4.3,3.3,2.6
2002-03-21,0.0,0.4,0.0
2002-03-22,0.0,0.8,0.0
2002-03-23,0.0,1.8,0.0
2002-03-24,10.8,0.0,0.0
2002-03-25,0.0,1.0,0.0
2002-03-26,0.0,16.4,14.4
2002-03-27,0.0,2.0,0.0
2002-03-28,0.0,2.8,0.0
2002-03-29,0.0,1.5,0.0
2002-03-30,0.0,4.3,1.0
2002-03-31,145.1,44.5,57.9
2002-04-01,0.8,5.5,5.1
2002-04-02,45.7,35.8,58.9
2002-04-03,7.7,2.2,1.0
2002-04-04,0.2,8.8,9.7
2002-04-05,12.5,6.6,6.7
2002-04-06,0.0,9.6,10.1
2002-04-07,0.0,2.8,1.5
2002-04-08,4.5,4.3,3.5
2002-04-09,0.0,0.1,0.0
2002-04-10,1.5,2.0,1.0
2002-04-12,0.0,2.5,2.2
2002-04-13,3.0,4.8,5.2
2002-04-14,0.0,1.1,1.0
2002-04-15,0.0,0.0,0.0
2002-04-16,7.5,7.2,8.7
2002-04-17,0.0,4.2,4.4
2002-04-18,2.5,30.9,44.1
2002-04-19,19.0,0.0,0.0
2002-04-20,0.0,1.0,1.0
2002-04-21,0.0,9.5,7.8
2002-04-22,16.2,16.2,15.0
2002-04-23,0.0,4.6,2.5
2002-04-24,2.3,4.1,2.0
2002-04-25,2.9,8.2,6.4
2002-04-26,5.2,2.5,1.0
2002-04-27,0.0,1.5,0.0
2002-04-28,2.2,7.7,5.8
2002-04-29,8.0,2.0,0.0
2002-04-30,2.5,3.6,1.5
2002-05-01,8.0,4.8,3.1
2002-05-02,1.4,0.0,0.0
2002-05-03,19.5,1.9,0.0
2002-05-04,37.5,8.7,8.9
2002-05-05,0.0,0.8,0.0
2002-05-06,13.3,2.2,1.0
2002-05-07,6.3,11.1,12.0
2002-05-09,46.0,31.7,53.7
2002-05-10,0.0,3.7,1.8
2002-05-11,7.5,8.7,5.8
2002-05-12,1.0,9.5,6.8
2002-05-13,0.0,1.6,0.0
2002-05-14,0.0,0.0,0.0
2002-05-15,1.3,0.9,0.0
2002-05-17,0.0,0.0,0.0
2002-05-18,0.0,0.0,0.0
2002-05-19,0.0,0.0,0.0
2002-05-20,0.0,0.0,0.0
2002-05-21,0.0,0.0,0.0
2002-05-22,0.0,0.0,0.0
2002-05-23,4.5,0.0,0.0
2002-05-24,0.0,0.0,0.0
2002-05-26,0.0,0.0,0.0
2002-05-27,2.4,26.0,30.5
2002-05-28,0.0,0.0,0.0
2002-05-29,3.8,0.0,0.0
2002-05-31,4.9,9.7,7.2
2002-06-01,0.0,2.2,0.0
2002-06-02,0.0,0.0,0.0
2002-06-03,4.0,0.1,0.0
2002-06-04,14.3,1.4,0.0
2002-06-05,1.8,3.9,2.0
2002-06-06,0.0,0.0,0.0
2002-06-08,0.0,1.1,0.0
2002-06-09,0.0,0.3,0.0
2002-06-10,0.0,0.0,0.0
2002-06-11,0.0,6.7,3.4
2002-06-12,0.0,5.7,2.3
2002-06-13,0.0,0.6,0.0
2002-06-14,3.6,15.6,12.3
2002-06-15,0.0,3.6,0.0
2002-06-16,23.4,0.1,0.0
2002-06-18,0.0,6.3,3.0
2002-06-19,0.0,0.0,0.0
2002-06-20,0.0,0.0,0.0
2002-06-21,0.0,0.0,0.0
2002-06-22,64.0,0.0,0.0
2002-06-23,0.0,0.0,0.0
2002-06-24,0.0,3.0,0.0
2002-06-25,0.0,0.2,0.0
2002-06-26,4.8,14.6,11.7
2002-06-27,0.0,0.0,0.0
2002-06-28,0.0,0.0,0.0
2002-06-29,0.0,0.0,0.0
2002-06-30,0.0,0.0,0.0
2002-07-01,65.0,0.0,0.0
2002-07-02,0.0,0.3,0.0
2002-07-03,0.0,0.1,0.0
2002-07-04,0.0,0.0,0.0
2002-07-05,45.4,18.3,16.4
2002-07-06,5.0,2.2,0.0
2002-07-08,1.0,0.2,0.0
2002-07-09,40.0,97.4,67.1
2002-07-10,1.4,14.7,10.3
2002-07-11,0.0,0.0,0.0
2002-07-12,0.0,0.0,0.0
2002-07-13,0.0,20.2,29.1
2002-07-15,0.0,1.0,0.0
2002-07-16,26.0,23.3,32.4
2002-07-17,3.0,4.4,2.4
2002-07-18,0.0,0.8,0.0
2002-07-19,0.0,2.3,0.0
2002-07-20,0.0,0.0,0.0
2002-07-21,0.0,3.7,3.4
2002-07-22,0.0,0.7,0.0
2002-07-23,5.5,0.0,0.0
2002-07-24,8.7,3.2,2.0
2002-07-26,15.1,0.8,0.0
2002-07-27,0.0,0.0,0.0
2002-07-28,0.0,0.9,0.0
2002-07-29,0.0,0.2,0.0
2002-07-31,0.0,1.2,0.0
2002-08-01,0.0,0.0,0.0
2002-08-02,2.6,0.0,0.0
2002-08-03,2.3,0.0,0.0
2002-08-05,0.0,0.0,0.0
2002-08-07,0.0,0.1,0.0
2002-08-08,8.5,0.0,0.0
2002-08-09,2.6,0.8,0.0
2002-08-10,0.0,0.5,0.0
2002-08-11,0.0,0.0,0.0
2002-08-12,0.0,1.2,0.0
2002-08-13,0.0,2.1,0.0
2002-08-14,0.0,0.0,0.0
2002-08-15,0.0,0.0,0.0
2002-08-16,0.0,0.0,0.0
2002-08-17,0.0,0.0,0.0
2002-08-18,0.0,0.0,0.0
2002-08-19,0.0,0.0,0.0
2002-08-20,0.0,0.0,0.0
2002-08-21,0.0,0.0,0.0
2002-08-22,0.0,0.0,0.0
2002-08-23,0.0,0.0,0.0
2002-08-25,0.0,0.0,0.0
2002-08-26,0.0,0.0,0.0
2002-08-27,0.0,0.0,0.0
2002-08-29,0.0,0.0,0.0
2002-08-30,0.0,1.8,1.2
2002-08-31,0.0,0.0,0.0
2002-09-01,0.0,0.0,0.0
2002-09-02,0.0,0.0,0.0
2002-09-03,0.0,0.0,0.0
2002-09-04,0.0,0.0,0.0
2002-09-05,0.0,0.0,0.0
2002-09-06,0.0,0.0,0.0
2002-09-07,0.0,0.0,0.0
2002-09-08,0.0,0.0,0.0
2002-09-09,0.0,0.0,0.0
2002-09-10,0.0,2.5,1.9
2002-09-11,0.0,0.0,0.0
2002-09-12,0.0,0.0,0.0
2002-09-13,0.0,0.9,0.0
2002-09-14,0.0,0.0,0.0
2002-09-15,0.0,0.0,0.0
2002-09-16,0.0,0.0,0.0
2002-09-17,0.0,0.0,0.0
2002-09-18,0.0,0.0,0.0
2002-09-19,0.0,0.0,0.0
2002-09-20,0.0,0.0,0.0
2002-09-21,0.0,0.0,0.0
2002-09-22,0.0,0.0,0.0
2002-09-23,2.3,0.8,0.0
2002-09-24,0.0,0.0,0.0
2002-09-25,0.0,0.1,0.0
2002-09-26,0.0,0.4,0.0
2002-09-27,0.0,5.0,5.7
2002-09-28,0.0,0.1,0.0
2002-09-29,0.0,0.1,0.0
2002-09-30,0.0,0.0,0.0
2002-10-01,0.0,0.0,0.0
2002-10-02,0.0,0.0,0.0
2002-10-03,0.0,0.0,0.0
2002-10-05,0.0,0.0,0.0
2002-10-06,6.4,0.4,0.0
2002-10-07,0.0,0.0,0.0
2002-10-08,0.0,0.0,0.0
2002-10-09,0.0,0.0,0.0
2002-10-10,0.0,0.0,0.0
2002-10-11,0.0,0.0,0.0
2002-10-12,0.0,0.0,0.0
2002-10-13,0.0,0.0,0.0
2002-10-14,0.0,0.0,0.0
2002-10-15,0.0,0.0,0.0
2002-10-16,0.0,0.0,0.0
2002-10-18,0.0,0.0,0.0
2002-10-19,0.0,0.4,0.0
2002-10-20,0.0,0.0,0.0
2002-10-21,0.0,0.0,0.0
2002-10-22,0.0,0.0,0.0
2002-10-23,0.0,0.0,0.0
2002-10-24,0.0,0.0,0.0
2002-10-25,0.0,0.0,0.0
2002-10-26,0.0,0.0,0.0
2002-10-27,0.0,0.0,0.0
2002-10-28,0.0,0.1,0.0
2002-10-29,0.0,0.0,0.0
2002-10-30,45.0,0.9,0.0
2002-10-31,0.0,0.0,0.0
2002-11-01,3.0,0.0,0.0
2002-11-02,0.0,3.5,1.0
2002-11-03,0.0,0.3,0.0
2002-11-04,0.0,4.3,2.0
2002-11-05,0.0,0.5,0.0
2002-11-06,0.8,2.7,0.0
2002-11-07,11.7,1.6,0.0
2002-11-08,0.0,0.1,0.0
2002-11-10,0.0,0.3,0.0
2002-11-13,0.8,14.0,11.7
2002-11-14,0.0,0.8,0.0
2002-11-15,0.0,0.4,0.0
2002-11-16,4.3,0.8,0.0
2002-11-17,1.5,8.8,6.4
2002-11-18,16.3,18.0,18.9
2002-11-20,0.0,3.8,2.2
2002-11-21,0.0,3.9,0.0
2002-11-22,0.5,13.5,7.9
2002-11-23,0.0,8.4,3.5
2002-11-24,0.0,0.0,0.0
2002-11-25,21.2,5.0,1.0
2002-11-27,0.0,2.1,0.0
2002-11-28,1.0,3.5,0.0
2002-11-29,3.5,11.0,5.8
2002-11-30,0.0,0.0,0.0
2002-12-01,0.0,0.3,0.0
2002-12-02,0.0,4.8,1.9
2002-12-03,0.0,0.4,0.0
2002-12-04,0.0,0.0,0.0
2002-12-05,0.0,2.4,0.0
2002-12-06,0.0,18.9,20.4
2002-12-07,1.0,13.5,12.6
2002-12-08,9.5,2.4,0.0
2002-12-10,0.2,0.2,0.0
2002-12-11,0.0,0.5,0.0
2002-12-12,0.0,3.6,0.0
2002-12-13,0.0,17.5,14.6
2002-12-14,2.2,16.5,13.4
2002-12-15,0.0,4.4,1.0
2002-12-16,9.3,3.1,0.0
2002-12-17,0.0,2.0,0.0
2002-12-18,18.0,9.5,5.3
2002-12-19,6.4,0.8,0.0
2002-12-20,0.0,2.6,0.0
2002-12-21,0.0,1.1,0.0
2002-12-22,0.0,2.8,0.0
2002-12-23,2.1,5.0,1.1
2002-12-24,6.8,13.5,10.7
2002-12-25,3.5,23.2,24.2
2002-12-26,26.5,23.6,24.9
2002-12-27,26.5,40.1,51.7
2002-12-28,0.0,4.2,1.0
2002-12-30,0.0,2.9,0.0
2002-12-31,0.0,2.6,0.0
2003-01-01,0.0,4.6,2.0
2003-01-03,0.0,0.4,0.0
2003-01-04,0.0,1.8,0.0
2003-01-05,0.0,0.3,0.0
2003-01-07,0.0,0.2,0.0
2003-01-08,0.0,0.8,0.0
2003-01-09,0.0,0.2,0.0
2003-01-10,0.0,0.5,0.0
2003-01-11,0.0,1.6,0.0
2003-01-12,0.0,0.0,0.0
2003-01-13,0.0,0.0,0.0
2003-01-14,0.0,0.0,0.0
2003-01-15,1.5,0.0,0.0
2003-01-16,13.8,14.5,15.5
2003-01-17,0.0,0.2,0.0
2003-01-18,9.0,3.0,1.2
2003-01-19,0.0,0.5,0.0
2003-01-21,0.0,3.8,1.0
2003-01-22,43.5,14.3,12.7
2003-01-23,15.0,3.9,1.1
2003-01-24,0.0,3.5,1.0
2003-01-25,0.5,14.3,12.7
2003-01-28,12.7,21.0,20.3
2003-01-29,0.0,10.0,7.9
2003-01-31,40.0,6.8,4.3
2003-02-01,1.5,8.8,6.1
2003-02-02,5.5,3.4,1.9
2003-02-03,11.5,3.0,1.6
2003-02-04,9.0,3.2,1.8
2003-02-05,0.0,7.7,5.2
2003-02-07,0.0,1.7,1.0
2003-02-08,0.0,8.2,5.6
2003-02-09,3.5,2.5,1.3
2003-02-10,0.0,0.2,0.0
2003-02-11,0.0,13.6,10.8
2003-02-12,5.0,7.9,5.2
2003-02-13,6.2,15.7,13.8
2003-02-14,23.9,1.7,0.0
2003-02-15,5.3,5.6,3.1
2003-02-16,3.0,22.9,25.2
2003-02-17,23.0,19.8,22.0
2003-02-18,3.2,8.0,5.3
2003-02-19,23.1,12.9,10.1
2003-02-20,50.2,5.2,2.7
2003-02-21,0.0,2.0,0.0
2003-02-22,9.0,4.9,3.8
2003-02-23,2.5,9.3,9.8
2003-02-24,0.0,2.3,1.0
2003-02-25,3.1,3.4,1.7
2003-02-26,0.0,27.8,42.1
2003-02-27,13.2,1.4,0.0
2003-02-28,0.0,4.0,2.5
2003-03-01,4.0,25.1,26.2
2003-03-02,3.0,17.4,13.5
2003-03-03,0.0,6.2,1.4
2003-03-04,4.0,0.2,0.0
2003-03-05,0.0,0.9,0.0
2003-03-06,53.5,21.2,18.5
2003-03-07,14.5,4.1,0.0
2003-03-08,0.0,0.7,0.0
2003-03-09,21.7,19.7,16.1
2003-03-10,44.5,9.3,4.5
2003-03-11,3.0,1.7,1.0
2003-03-12,16.8,0.5,0.0
2003-03-13,6.9,2.1,1.3
2003-03-14,15.8,3.8,3.0
2003-03-15,77.8,26.9,34.0
2003-03-16,7.3,15.8,13.8
2003-03-17,1.8,2.4,1.6
2003-03-18,0.0,3.5,2.8
2003-03-20,0.0,6.5,5.7
2003-03-22,6.7,0.1,0.0
2003-03-23,0.0,0.0,0.0
2003-03-24,2.2,6.0,2.4
2003-03-25,7.9,4.4,1.0
2003-03-26,3.0,1.5,0.0
2003-03-27,3.0,2.1,0.0
2003-03-28,0.0,0.7,0.0
2003-03-29,0.0,0.0,0.0
2003-03-30,0.0,1.8,0.0
2003-03-31,0.0,0.0,0.0
2003-04-01,0.0,0.1,0.0
2003-04-02,0.0,0.2,0.0
2003-04-03,0.0,0.0,0.0
2003-04-04,0.0,1.2,0.0
2003-04-05,9.2,0.9,0.0
2003-04-06,0.0,3.5,2.4
2003-04-07,2.8,24.9,42.1
2003-04-08,2.6,8.2,8.8
2003-04-09,1.0,1.1,0.0
2003-04-10,0.0,2.1,1.0
2003-04-11,49.0,13.4,20.9
2003-04-12,0.0,4.5,4.7
2003-04-13,0.0,0.2,0.0
2003-04-14,41.0,0.2,0.0
2003-04-15,0.0,1.7,1.0
2003-04-16,0.0,0.2,0.0
2003-04-17,0.0,2.0,1.5
2003-04-18,15.7,1.6,1.0
2003-04-19,0.0,1.8,1.2
2003-04-20,0.0,3.5,3.4
2003-04-21,12.0,4.4,2.3
2003-04-22,11.3,26.4,28.9
2003-04-23,4.0,31.5,37.5
2003-04-24,1.6,6.9,4.9
2003-04-26,2.5,8.7,6.9
2003-04-27,0.0,0.6,0.0
2003-04-28,1.8,11.6,10.3
2003-04-29,23.1,7.6,5.8
2003-04-30,11.8,10.3,8.6
2003-05-01,1.7,18.8,29.3
2003-05-02,41.6,38.2,62.7
2003-05-03,6.9,20.3,32.2
2003-05-04,0.0,0.0,0.0
2003-05-05,0.6,7.0,5.9
2003-05-06,23.5,32.9,56.6
2003-05-07,1.0,9.8,10.1
2003-05-08,10.0,11.4,11.9
2003-05-09,19.5,4.8,3.2
2003-05-10,27.3,6.9,6.0
2003-05-11,7.0,6.0,3.7
2003-05-12,14.6,4.3,2.1
2003-05-13,0.0,0.0,0.0
2003-05-14,13.5,1.6,0.0
2003-05-15,0.0,0.0,0.0
2003-05-16,0.0,0.2,0.0
2003-05-18,0.0,0.6,0.0
2003-05-19,0.0,0.0,0.0
2003-05-20,0.0,0.0,0.0
2003-05-21,0.0,0.0,0.0
2003-05-22,0.0,0.0,0.0
2003-05-23,0.0,0.0,0.0
2003-05-24,0.0,0.0,0.0
2003-05-25,0.0,0.0,0.0
2003-05-26,0.0,0.0,0.0
2003-05-27,0.0,0.0,0.0
2003-05-28,0.0,0.0,0.0
2003-05-29,0.2,0.0,0.0
2003-05-30,0.0,1.6,0.0
2003-05-31,0.0,9.9,7.4
2003-06-01,0.0,0.2,0.0
2003-06-02,0.0,0.0,0.0
2003-06-03,0.0,0.0,0.0
2003-06-05,0.0,0.1,0.0
2003-06-06,0.0,0.0,0.0
2003-06-07,0.0,0.0,0.0
2003-06-09,5.4,0.0,0.0
2003-06-10,0.0,0.0,0.0
2003-06-11,0.0,0.0,0.0
2003-06-12,0.0,0.0,0.0
2003-06-14,0.8,0.6,0.0
2003-06-15,0.0,0.0,0.0
2003-06-16,0.0,0.0,0.0
2003-06-17,0.0,0.1,0.0
2003-06-18,0.0,1.0,0.0
2003-06-19,0.0,0.0,0.0
2003-06-20,6.0,5.8,2.4
2003-06-21,0.0,4.7,1.6
2003-06-22,9.5,1.5,0.0
2003-06-23,10.2,6.0,3.6
2003-06-24,0.0,0.5,0.0
2003-06-25,0.0,0.8,0.0
2003-06-26,2.8,0.0,0.0
2003-06-27,0.0,0.5,0.0
2003-06-28,0.0,0.0,0.0
2003-06-29,0.0,0.0,0.0
2003-06-30,0.0,2.3,0.0
2003-07-01,0.0,0.0,0.0
2003-07-02,0.0,1.1,0.0
2003-07-03,3.4,0.9,0.0
2003-07-04,0.0,0.0,0.0
2003-07-05,0.0,0.1,0.0
2003-07-06,0.0,0.1,0.0
2003-07-07,0.0,0.0,0.0
2003-07-08,0.0,0.0,0.0
2003-07-09,0.0,1.3,0.0
2003-07-10,0.0,0.0,0.0
2003-07-11,0.0,0.9,0.0
2003-07-12,10.0,3.0,1.0
2003-07-13,0.6,1.2,0.0
2003-07-14,7.8,3.0,1.0
2003-07-15,0.0,0.6,0.0
2003-07-16,0.0,0.0,0.0
2003-07-17,0.0,0.0,0.0
2003-07-18,0.0,0.0,0.0
2003-07-19,0.0,0.0,0.0
2003-07-20,0.0,0.5,0.0
2003-07-21,0.0,0.0,0.0
2003-07-22,0.0,0.0,0.0
2003-07-23,0.0,0.0,0.0
2003-07-24,0.0,0.7,0.0
2003-07-25,0.0,0.1,0.0
2003-07-26,0.0,0.0,0.0
2003-07-27,0.0,0.0,0.0
2003-07-28,0.0,0.0,0.0
2003-07-29,0.0,0.0,0.0
2003-07-30,0.0,0.0,0.0
2003-07-31,0.0,0.0,0.0
2003-08-01,0.0,0.0,0.0
2003-08-02,0.0,0.0,0.0
2003-08-03,0.0,0.0,0.0
2003-08-04,0.0,0.0,0.0
2003-08-05,0.0,0.0,0.0
2003-08-06,0.0,0.1,0.0
2003-08-07,0.0,0.0,0.0
2003-08-08,0.0,0.0,0.0
2003-08-09,0.0,0.0,0.0
2003-08-10,0.0,0.0,0.0
2003-08-11,0.0,0.0,0.0
2003-08-12,0.0,0.0,0.0
2003-08-13,0.0,0.0,0.0
2003-08-14,0.0,0.0,0.0
2003-08-15,0.0,1.5,0.0
2003-08-16,0.0,1.3,0.0
2003-08-17,0.0,38.5,42.7
2003-08-18,0.0,15.0,18.3
2003-08-19,0.0,0.0,0.0
2003-08-20,0.0,0.0,0.0
2003-08-22,0.6,0.4,0.0
2003-08-23,0.0,0.0,0.0
2003-08-24,0.0,0.0,0.0
2003-08-25,0.0,0.0,0.0
2003-08-26,0.6,0.0,0.0
2003-08-27,0.0,0.2,0.0
2003-08-28,14.0,9.9,10.0
2003-08-29,0.0,0.1,0.0
2003-08-30,0.0,0.0,0.0
2003-08-31,0.0,0.0,0.0
2003-09-01,3.5,0.0,0.0
2003-09-02,0.0,1.7,1.0
2003-09-03,0.0,0.0,0.0
2003-09-04,3.0,0.0,0.0
2003-09-05,0.0,0.7,0.0
2003-09-06,12.3,0.4,0.0
2003-09-07,0.0,0.0,0.0
2003-09-08,0.0,0.0,0.0
2003-09-09,0.0,0.0,0.0
2003-09-10,0.0,0.0,0.0
2003-09-11,0.8,0.3,0.0
2003-09-12,29.7,43.2,48.6
2003-09-13,0.0,3.8,4.1
2003-09-14,17.9,0.7,0.0
2003-09-15,34.0,24.2,23.5
2003-09-16,0.0,0.2,0.0
2003-09-17,0.0,0.2,0.0
2003-09-18,10.0,21.6,19.0
2003-09-19,0.0,4.7,5.3
2003-09-20,4.0,1.2,1.6
2003-09-21,5.9,0.0,0.0
2003-09-22,0.2,0.0,0.0
2003-09-23,0.0,0.0,0.0
2003-09-24,1.0,0.0,0.0
2003-09-25,0.0,0.0,0.0
2003-09-26,0.0,0.0,0.0
2003-09-27,0.0,0.0,0.0
2003-09-28,0.0,0.0,0.0
2003-09-29,0.0,0.0,0.0
2003-09-30,0.0,0.7,0.0
2003-10-01,0.0,0.0,0.0
2003-10-02,0.0,0.0,0.0
2003-10-03,0.0,0.0,0.0
2003-10-04,0.0,0.2,0.0
2003-10-05,133.0,6.9,7.6
2003-10-06,1.9,11.4,16.0
2003-10-07,0.0,2.3,1.1
2003-10-08,3.5,10.0,11.3
2003-10-09,0.0,2.2,1.0
2003-10-10,0.5,1.9,1.0
2003-10-11,0.3,6.4,7.2
2003-10-12,0.0,1.9,0.0
2003-10-13,3.3,1.9,0.0
2003-10-14,0.0,2.1,0.0
2003-10-15,50.5,22.7,44.4
2003-10-16,0.0,10.1,12.7
2003-10-17,12.6,12.3,16.7
2003-10-18,26.0,3.3,1.6
2003-10-19,13.0,5.3,4.9
2003-10-20,0.0,0.0,0.0
2003-10-21,0.0,0.8,0.0
2003-10-22,0.0,0.7,0.0
2003-10-23,0.0,0.0,0.0
2003-10-24,0.0,0.0,0.0
2003-10-25,0.0,0.0,0.0
2003-10-26,0.0,0.0,0.0
2003-10-27,0.0,1.3,0.0
2003-10-28,17.0,2.7,1.0
2003-10-29,88.0,40.8,31.3
2003-10-30,3.0,3.7,1.3
2003-10-31,1.5,9.4,6.5
2003-11-01,0.0,3.7,1.1
2003-11-02,18.8,28.3,57.6
2003-11-03,1.0,1.6,0.0
2003-11-04,3.5,0.1,0.0
2003-11-05,5.8,2.5,0.0
2003-11-06,0.0,0.0,0.0
2003-11-07,4.0,3.5,1.0
2003-11-08,4.2,15.7,21.0
2003-11-09,0.0,5.6,3.9
2003-11-10,0.0,0.8,0.0
2003-11-11,0.0,0.0,0.0
2003-11-12,0.0,0.0,0.0
2003-11-13,0.0,0.0,0.0
2003-11-14,0.0,1.6,1.0
2003-11-15,4.5,14.8,11.6
2003-11-16,2.1,33.9,27.5
2003-11-17,0.0,2.7,1.2
2003-11-18,0.0,0.0,0.0
2003-11-19,14.8,40.5,30.9
2003-11-20,0.0,10.2,7.4
2003-11-21,0.0,9.3,4.4
2003-11-22,0.8,5.0,1.0
2003-11-23,7.0,0.7,0.0
2003-11-24,0.0,0.1,0.0
2003-11-25,21.8,14.9,9.4
2003-11-26,0.0,2.4,0.0
2003-11-27,0.0,3.0,0.0
2003-11-28,0.0,1.2,0.0
2003-11-29,19.0,12.2,6.7
2003-11-30,1.2,1.6,0.0
2003-12-01,25.6,6.6,3.9
2003-12-02,3.8,8.2,5.7
2003-12-03,1.6,6.0,3.2
2003-12-04,4.0,8.5,6.1
2003-12-05,41.2,26.6,36.7
2003-12-06,1.2,14.9,14.6
2003-12-07,5.4,8.8,6.5
2003-12-08,4.0,25.2,35.8
2003-12-09,6.2,51.9,55.5
2003-12-10,0.0,1.5,0.0
2003-12-11,1.4,20.7,17.9
2003-12-12,9.6,25.9,28.1
2003-12-13,0.0,3.1,0.0
2003-12-14,0.0,4.3,0.0
2003-12-15,0.0,2.4,0.0
2003-12-16,0.0,7.6,3.2
2003-12-17,0.0,10.8,6.8
2003-12-18,1.8,19.8,18.9
2003-12-19,10.8,17.2,14.2
2003-12-20,5.8,10.6,6.6
2003-12-21,5.4,10.2,6.9
2003-12-22,1.4,10.8,7.6
2003-12-23,2.6,9.8,6.5
2003-12-24,14.0,1.7,0.0
2003-12-25,15.2,8.8,5.4
2003-12-26,54.0,1.6,0.0
2003-12-27,8.0,2.8,0.0
2003-12-28,13.0,1.2,0.0
2003-12-29,3.0,2.6,0.0
2003-12-30,0.0,12.9,9.9
2003-12-31,5.6,3.3,0.0
2004-01-01,0.0,1.8,0.0
2004-01-02,0.6,1.2,0.0
2004-01-03,6.2,10.6,8.1
2004-01-04,0.6,15.0,12.4
2004-01-05,2.6,4.9,2.3
2004-01-06,10.0,4.6,2.0
2004-01-07,0.0,4.5,1.9
2004-01-08,38.0,9.4,7.0
2004-01-09,0.0,1.2,0.0
2004-01-10,0.0,7.2,4.8
2004-01-11,1.0,1.0,0.0
2004-01-12,0.0,0.0,0.0
2004-01-13,4.0,7.2,6.5
2004-01-14,9.0,5.5,4.4
2004-01-15,2.6,7.7,7.1
2004-01-16,70.6,17.0,20.4
2004-01-17,9.2,19.2,26.3
2004-01-18,52.0,22.1,34.1
2004-01-19,0.0,0.0,0.0
2004-01-20,1.0,1.8,0.0
2004-01-21,32.8,69.7,76.0
2004-01-22,2.0,0.5,0.0
2004-01-23,6.0,2.4,0.0
2004-01-24,22.6,35.2,43.2
2004-01-25,0.0,0.5,0.0
2004-01-26,20.0,14.5,13.0
2004-01-28,0.0,2.6,0.0
2004-01-29,0.0,7.2,4.7
2004-01-30,0.0,10.2,8.1
2004-01-31,0.0,0.7,0.0
2004-02-01,35.8,36.7,28.8
2004-02-03,36.0,64.5,64.4
2004-02-04,0.0,10.3,7.3
2004-02-05,15.0,7.4,5.0
2004-02-06,5.4,1.6,1.0
2004-02-07,0.0,1.2,0.0
2004-02-08,6.0,15.8,11.7
2004-02-09,37.6,36.3,28.6
2004-02-10,11.0,1.2,0.0
2004-02-12,0.0,5.2,2.7
2004-02-13,0.0,7.2,4.6
2004-02-14,0.0,2.0,0.0
2004-02-15,0.0,1.1,0.0
2004-02-16,1.0,11.0,8.2
2004-02-17,2.6,15.1,12.2
2004-02-18,14.0,4.8,2.4
2004-02-19,49.0,51.0,69.4
2004-02-20,40.0,73.1,78.9
2004-02-21,1.0,17.2,20.9
2004-02-23,4.0,21.7,31.1
2004-02-24,0.0,2.9,1.1
2004-02-25,0.0,14.0,16.2
2004-02-26,0.5,0.7,0.0
2004-02-27,12.0,4.2,2.9
2004-02-28,26.5,33.9,55.6
2004-02-29,1.0,5.7,5.0
2004-03-01,1.2,0.9,0.0
2004-03-02,30.0,4.7,1.0
2004-03-03,88.5,25.9,28.4
2004-03-04,28.4,27.4,34.9
2004-03-05,2.0,4.2,0.0
2004-03-06,0.0,6.0,1.2
2004-03-07,22.6,20.5,18.1
2004-03-08,1.0,9.3,4.6
2004-03-09,3.0,6.5,1.7
2004-03-11,0.0,0.9,0.0
2004-03-12,0.0,3.0,2.2
2004-03-13,18.0,38.1,44.2
2004-03-14,0.0,3.0,2.3
2004-03-15,2.4,8.6,7.8
2004-03-16,0.0,2.3,1.5
2004-03-17,21.0,11.5,10.6
2004-03-18,1.2,1.6,1.0
2004-03-19,0.0,0.7,0.0
2004-03-20,0.0,11.0,10.1
2004-03-21,20.0,8.4,4.8
2004-03-22,38.6,35.0,45.1
2004-03-23,0.0,0.6,0.0
2004-03-24,1.2,8.7,5.1
2004-03-25,0.0,0.8,0.0
2004-03-26,0.0,0.0,0.0
2004-03-27,0.0,0.0,0.0
2004-03-28,0.0,0.0,0.0
2004-03-29,0.0,0.0,0.0
2004-03-30,0.0,0.6,0.0
2004-03-31,1.7,0.1,0.0
2004-04-01,9.0,0.2,0.0
2004-04-02,2.0,0.4,0.0
2004-04-03,14.4,0.4,0.0
2004-04-04,0.0,0.3,0.0
2004-04-05,0.0,0.0,0.0
2004-04-06,0.5,1.4,0.0
2004-04-07,0.0,2.4,1.0
2004-04-08,31.2,17.6,29.7
2004-04-09,1.0,2.8,1.6
2004-04-10,0.5,9.1,10.1
2004-04-11,11.0,2.2,1.7
2004-04-12,0.0,0.0,0.0
2004-04-13,2.0,0.3,0.0
2004-04-14,8.5,0.7,0.0
2004-04-15,10.6,8.3,9.7
2004-04-16,7.4,0.1,0.0
2004-04-17,0.0,0.3,0.0
2004-04-18,0.0,0.3,0.0
2004-04-19,16.0,0.4,0.0
2004-04-20,15.0,7.9,9.7
2004-04-21,0.0,3.7,1.6
2004-04-22,1.2,0.1,0.0
2004-04-23,7.5,0.5,0.0
2004-04-24,0.0,5.7,3.7
2004-04-25,0.3,1.2,0.0
2004-04-26,17.8,11.1,10.2
2004-04-27,0.0,5.9,4.0
2004-04-28,0.0,1.1,0.0
2004-04-29,0.0,6.5,4.5
2004-04-30,1.0,1.2,0.0
2004-05-01,0.0,2.3,1.0
2004-05-02,0.0,16.5,22.8
2004-05-03,24.4,4.3,2.5
2004-05-05,24.0,2.4,1.0
2004-05-06,10.5,29.9,50.8
2004-05-07,0.0,3.9,2.1
2004-05-08,0.0,3.2,1.3
2004-05-09,0.0,0.2,0.0
2004-05-10,0.0,0.0,0.0
2004-05-11,0.0,5.6,3.3
2004-05-12,0.0,0.0,0.0
2004-05-13,0.0,0.0,0.0
2004-05-14,0.0,0.0,0.0
2004-05-15,0.0,0.0,0.0
2004-05-16,4.0,0.8,0.0
2004-05-17,18.0,0.5,0.0
2004-05-18,12.0,28.2,33.6
2004-05-19,0.0,0.6,0.0
2004-05-20,0.0,5.7,3.5
2004-05-21,4.0,0.0,0.0
2004-05-22,14.0,0.0,0.0
2004-05-23,2.0,3.1,1.0
2004-05-24,0.0,6.7,4.7
2004-05-25,2.0,2.4,1.0
2004-05-26,3.2,11.8,9.3
2004-05-27,0.0,0.2,0.0
2004-05-28,4.2,0.7,0.0
2004-05-29,3.0,2.1,0.0
2004-05-30,14.4,6.5,4.5
2004-05-31,0.0,0.0,0.0
2004-06-01,0.0,0.0,0.0
2004-06-02,0.0,0.0,0.0
2004-06-03,0.0,0.3,0.0
2004-06-04,0.0,0.0,0.0
2004-06-05,0.0,0.0,0.0
2004-06-06,0.0,0.0,0.0
2004-06-08,0.0,5.3,3.7
2004-06-09,0.0,5.4,4.7
2004-06-10,0.0,5.3,3.6
2004-06-11,32.0,20.2,23.3
2004-06-12,1.0,7.8,4.3
2004-06-13,0.0,2.8,0.0
2004-06-14,0.0,0.5,0.0
2004-06-15,0.0,0.0,0.0
2004-06-16,0.0,0.6,0.0
2004-06-17,0.0,0.0,0.0
2004-06-18,0.0,0.3,0.0
2004-06-19,0.0,0.6,0.0
2004-06-20,0.0,0.0,0.0
2004-06-21,0.0,0.3,0.0
2004-06-22,0.0,0.0,0.0
2004-06-23,0.0,0.0,0.0
2004-06-24,0.0,2.4,0.0
2004-06-25,22.0,3.9,1.0
2004-06-26,5.6,8.9,7.2
2004-06-27,1.0,4.7,1.5
2004-06-28,1.0,0.0,0.0
2004-06-29,0.0,1.1,0.0
2004-06-30,0.0,0.0,0.0
2004-07-01,0.0,0.0,0.0
2004-07-02,0.0,4.3,1.9
2004-07-03,6.0,20.2,19.2
2004-07-04,24.0,16.2,11.9
2004-07-05,2.0,3.2,1.0
2004-07-06,0.0,1.8,0.0
2004-07-07,2.0,1.1,0.0
2004-07-08,16.0,0.8,0.0
2004-07-09,0.0,0.0,0.0
2004-07-10,1.4,1.4,0.0
2004-07-11,2.4,4.6,2.7
2004-07-13,0.0,0.0,0.0
2004-07-14,4.7,1.2,0.0
2004-07-15,6.4,2.3,0.0
2004-07-16,9.0,12.2,12.5
2004-07-17,0.0,2.1,0.0
2004-07-18,0.0,1.2,0.0
2004-07-19,0.0,0.0,0.0
2004-07-20,0.0,0.0,0.0
2004-07-21,0.0,2.2,1.3
2004-07-22,0.0,0.1,0.0
2004-07-23,18.0,2.1,1.0
2004-07-24,2.2,4.4,3.6
2004-07-25,1.0,0.1,0.0
2004-07-26,0.0,0.0,0.0
2004-07-27,2.8,0.0,0.0
2004-07-28,0.0,0.0,0.0
2004-07-29,0.0,0.0,0.0
2004-07-30,0.0,0.0,0.0
2004-07-31,0.0,3.7,3.2
2004-08-01,0.0,0.0,0.0
2004-08-02,0.0,1.1,1.3
2004-08-03,0.0,0.0,0.0
2004-08-04,0.0,0.0,0.0
2004-08-05,0.0,0.0,0.0
2004-08-06,0.0,0.0,0.0
2004-08-07,0.0,0.0,0.0
2004-08-08,0.0,0.1,0.0
2004-08-09,0.0,0.0,0.0
2004-08-10,0.8,0.0,0.0
2004-08-11,0.0,0.0,0.0
2004-08-12,0.0,0.0,0.0
2004-08-13,0.0,0.0,0.0
2004-08-14,0.0,4.0,1.9
2004-08-15,0.0,0.0,0.0
2004-08-16,0.0,0.0,0.0
2004-08-17,0.0,0.0,0.0
2004-08-18,1.2,0.0,0.0
2004-08-19,12.3,0.0,0.0
2004-08-20,137.2,10.6,9.2
2004-08-21,0.0,2.9,1.5
2004-08-22,0.0,0.0,0.0
2004-08-23,0.0,0.0,0.0
2004-08-24,0.0,0.0,0.0
2004-08-25,0.0,0.0,0.0
2004-08-26,0.0,0.0,0.0
2004-08-27,0.0,0.0,0.0
2004-08-28,0.0,0.0,0.0
2004-08-29,0.0,0.0,0.0
2004-08-30,0.0,0.0,0.0
2004-08-31,0.0,0.0,0.0
2004-09-01,0.0,0.0,0.0
2004-09-02,0.0,0.0,0.0
2004-09-03,0.0,2.6,2.2
2004-09-04,0.0,0.0,0.0
2004-09-05,4.0,0.9,0.0
2004-09-06,0.3,1.8,1.0
2004-09-07,0.0,0.3,0.0
2004-09-08,0.0,0.0,0.0
2004-09-09,0.0,0.0,0.0
2004-09-10,23.0,2.9,2.3
2004-09-11,2.0,2.8,3.5
2004-09-12,0.0,3.7,4.3
2004-09-13,0.6,0.0,0.0
2004-09-15,0.0,0.4,0.0
2004-09-16,0.0,0.8,0.0
2004-09-17,0.0,1.2,1.5
2004-09-18,0.0,0.0,0.0
2004-09-19,0.0,0.0,0.0
2004-09-20,10.0,4.2,7.2
2004-09-21,0.0,0.8,0.0
2004-09-22,0.0,0.0,0.0
2004-09-23,0.0,0.0,0.0
2004-09-24,25.0,0.0,0.0
2004-09-25,32.0,0.0,0.0
2004-09-26,0.0,1.2,0.0
2004-09-27,0.0,1.4,1.0
2004-09-28,0.1,0.0,0.0
2004-09-29,1.0,0.0,0.0
2004-09-30,10.8,15.6,12.3
2004-10-01,0.0,0.5,0.0
2004-10-02,0.0,0.0,0.0
2004-10-03,2.0,0.0,0.0
2004-10-05,0.0,0.0,0.0
2004-10-06,0.0,0.3,0.0
2004-10-07,0.0,0.0,0.0
2004-10-08,0.0,0.0,0.0
2004-10-09,0.0,0.0,0.0
2004-10-10,0.0,0.0,0.0
2004-10-11,0.0,0.8,0.0
2004-10-12,0.0,0.0,0.0
2004-10-13,0.0,0.2,0.0
2004-10-14,0.0,0.0,0.0
2004-10-16,0.0,0.0,0.0
2004-10-17,0.0,0.0,0.0
2004-10-18,0.8,0.0,0.0
2004-10-19,0.0,0.0,0.0
2004-10-20,0.0,0.0,0.0
2004-10-21,13.0,6.3,3.4
2004-10-22,0.0,2.1,0.0
2004-10-23,21.0,0.4,0.0
2004-10-24,3.0,0.0,0.0
2004-10-25,0.0,3.6,1.3
2004-10-26,6.0,9.2,5.4
2004-10-27,9.6,7.1,4.4
2004-10-28,10.0,3.6,1.2
2004-10-29,0.0,5.9,3.1
2004-10-30,0.0,0.3,0.0
2004-10-31,0.0,1.1,0.0
2004-11-01,0.0,0.0,0.0
2004-11-02,0.0,0.9,0.0
2004-11-03,0.0,0.0,0.0
2004-11-04,19.4,0.1,0.0
2004-11-05,0.0,0.0,0.0
2004-11-06,6.8,0.9,0.0
2004-11-07,0.0,1.1,0.0
2004-11-08,0.0,1.6,0.0
2004-11-09,0.0,11.8,13.6
2004-11-10,0.0,5.9,4.4
2004-11-11,0.0,0.3,0.0
2004-11-12,0.0,0.0,0.0
2004-11-13,5.4,2.1,1.0
2004-11-14,0.0,0.3,0.0
2004-11-15,12.4,0.7,0.0
2004-11-16,0.0,0.0,0.0
2004-11-17,0.0,1.7,1.0
2004-11-18,4.0,4.1,2.5
2004-11-19,29.0,0.4,0.0
2004-11-20,4.4,9.5,6.9
2004-11-21,1.0,1.6,0.0
2004-11-22,0.0,7.5,2.8
2004-11-23,3.6,12.9,7.4
2004-11-24,66.3,49.8,54.7
2004-11-25,16.0,1.6,0.0
2004-11-26,0.0,0.5,0.0
2004-11-27,0.0,1.9,0.0
2004-11-28,0.0,0.0,0.0
2004-11-29,2.0,3.0,0.0
2004-11-30,0.0,24.8,19.0
2004-12-01,17.0,27.6,38.5
2004-12-02,0.0,6.8,4.2
2004-12-04,0.0,1.3,0.0
2004-12-05,25.0,6.7,4.0
2004-12-06,0.6,8.6,6.3
2004-12-07,0.5,23.4,30.9
2004-12-08,0.0,0.0,0.0
2004-12-09,0.0,0.1,0.0
2004-12-10,0.0,0.0,0.0
2004-12-11,0.0,1.3,0.0
2004-12-12,6.8,7.5,3.2
2004-12-13,36.2,45.9,58.3
2004-12-14,84.8,34.4,42.8
2004-12-15,72.0,68.0,77.3
2004-12-16,0.0,1.6,0.0
2004-12-17,10.0,13.9,10.4
2004-12-18,1.6,17.7,14.0
2004-12-19,29.0,4.1,0.0
2004-12-20,8.2,2.9,0.0
2004-12-21,0.0,4.5,1.0
2004-12-22,0.0,31.1,36.1
2004-12-24,105.6,24.7,27.1
2004-12-25,12.0,48.7,61.2
2004-12-27,11.0,68.3,81.6
2004-12-29,1.0,13.2,10.3
2004-12-30,12.0,36.2,44.1
2004-12-31,11.8,41.9,52.1
2005-01-01,45.0,3.8,1.1
2005-01-02,0.0,10.7,8.2
2005-01-03,3.0,28.6,26.2
2005-01-04,4.4,28.9,26.8
2005-01-05,11.0,1.5,0.0
2005-01-06,10.0,11.4,8.9
2005-01-07,14.7,3.2,1.0
2005-01-08,10.0,19.8,16.6
2005-01-09,88.4,31.4,28.9
2005-01-10,0.0,2.2,0.0
2005-01-11,0.0,0.1,0.0
2005-01-12,0.0,3.6,1.9
2005-01-13,0.0,4.4,3.0
2005-01-14,9.0,20.7,28.3
2005-01-15,6.4,0.4,0.0
2005-01-16,9.8,9.0,8.8
2005-01-17,0.0,0.7,0.0
2005-01-18,0.0,0.0,0.0
2005-01-19,0.0,0.1,0.0
2005-01-20,28.6,18.0,22.8
2005-01-21,0.0,1.2,0.0
2005-01-22,0.0,0.4,0.0
2005-01-23,36.0,21.4,23.2
2005-01-24,0.0,7.0,4.5
2005-01-25,14.0,5.6,3.0
2005-01-26,4.6,1.6,0.0
2005-01-27,0.0,1.7,0.0
2005-01-28,0.0,3.8,1.0
2005-01-29,5.0,55.3,64.0
2005-01-30,8.1,22.4,25.4
2005-01-31,0.0,3.4,1.0
2005-02-01,0.0,0.9,0.0
2005-02-02,0.0,4.1,2.5
2005-02-03,0.0,1.1,0.0
2005-02-04,34.0,57.0,52.3
2005-02-05,83.4,39.2,33.2
2005-02-06,0.0,5.4,3.5
2005-02-07,34.0,36.8,28.9
2005-02-08,1.0,7.7,5.2
2005-02-09,0.5,9.1,6.4
2005-02-10,8.6,11.0,7.9
2005-02-11,2.6,8.1,5.4
2005-02-12,4.0,3.8,1.4
2005-02-13,6.4,6.8,4.2
2005-02-14,0.0,3.9,1.6
2005-02-15,0.0,0.1,0.0
2005-02-16,18.2,2.0,0.0
2005-02-17,18.0,6.7,4.1
2005-02-18,40.0,10.3,7.5
2005-02-19,0.0,9.9,7.2
2005-02-20,11.0,42.2,55.2
2005-02-21,0.0,1.1,0.0
2005-02-22,0.0,9.7,10.5
2005-02-23,36.0,30.1,45.5
2005-02-24,0.0,0.0,0.0
2005-02-25,0.0,0.9,0.0
2005-02-26,0.0,4.6,3.5
2005-02-27,1.8,5.3,4.5
2005-02-28,66.6,49.9,72.1
2005-03-01,0.0,2.0,0.0
2005-03-02,0.6,6.1,1.2
2005-03-04,18.3,13.8,9.4
2005-03-05,6.0,5.7,1.0
2005-03-06,0.0,0.0,0.0
2005-03-07,0.0,5.9,1.1
2005-03-08,1.0,0.8,0.0
2005-03-09,12.0,4.1,0.0
2005-03-10,0.0,0.1,0.0
2005-03-11,0.0,0.2,0.0
2005-03-12,0.0,0.7,0.0
2005-03-14,3.0,97.1,49.4
2005-03-15,29.3,2.9,2.1
2005-03-16,0.0,2.7,2.0
2005-03-17,0.0,41.6,44.3
2005-03-18,0.0,0.8,0.0
2005-03-19,1.0,33.7,40.4
2005-03-20,0.0,1.1,0.0
2005-03-21,0.0,0.3,0.0
2005-03-22,50.8,55.9,69.0
2005-03-24,1.0,5.0,1.4
2005-03-25,0.0,13.4,11.3
2005-03-26,13.0,20.1,16.5
2005-03-28,0.0,4.4,1.0
2005-03-29,0.0,4.4,1.0
2005-03-30,0.0,2.7,0.0
2005-03-31,0.0,20.6,18.8
2005-04-01,0.0,49.2,73.7
2005-04-02,0.0,58.9,77.3
2005-04-03,36.2,4.6,3.9
2005-04-04,9.0,8.8,9.7
2005-04-05,3.0,2.0,1.0
2005-04-06,9.6,0.9,0.0
2005-04-07,9.0,1.9,1.0
2005-04-08,0.0,0.3,0.0
2005-04-09,0.0,0.6,0.0
2005-04-10,0.0,0.0,0.0
2005-04-11,0.0,0.0,0.0
2005-04-12,0.0,2.3,1.9
2005-04-13,0.0,0.0,0.0
2005-04-14,0.0,0.3,0.0
2005-04-16,0.0,0.0,0.0
2005-04-17,0.0,0.0,0.0
2005-04-18,0.0,0.1,0.0
2005-04-19,3.4,2.1,1.6
2005-04-20,29.2,5.0,5.4
2005-04-21,5.2,0.0,0.0
2005-04-22,0.0,0.6,0.0
2005-04-23,5.7,4.3,2.3
2005-04-24,0.0,0.0,0.0
2005-04-25,5.6,0.0,0.0
2005-04-26,0.0,0.0,0.0
2005-04-27,10.0,0.2,0.0
2005-04-28,0.0,0.9,0.0
2005-04-29,0.0,1.0,0.0
2005-04-30,0.0,0.7,0.0
2005-05-01,0.0,10.3,10.1
2005-05-02,9.6,0.6,0.0
2005-05-03,0.0,7.0,6.8
2005-05-04,4.0,4.6,2.9
2005-05-05,0.0,2.0,0.0
2005-05-06,7.8,5.7,4.3
2005-05-07,0.0,2.8,1.0
2005-05-08,0.0,0.5,0.0
2005-05-09,0.0,0.0,0.0
2005-05-10,0.0,0.2,0.0
2005-05-11,3.0,2.9,1.0
2005-05-12,0.0,0.5,0.0
2005-05-13,0.0,6.1,3.6
2005-05-14,0.0,61.9,49.4
2005-05-15,52.4,15.8,17.3
2005-05-16,3.0,1.7,0.0
2005-05-17,0.0,0.7,0.0
2005-05-18,0.0,0.0,0.0
2005-05-19,15.4,0.0,0.0
2005-05-20,0.0,0.0,0.0
2005-05-21,0.0,0.0,0.0
2005-05-22,0.0,0.0,0.0
2005-05-23,0.0,1.3,0.0
2005-05-24,0.0,8.9,7.0
2005-05-25,21.0,1.1,0.0
2005-05-26,0.0,1.5,0.0
2005-05-27,0.0,0.0,0.0
2005-05-28,0.0,0.0,0.0
2005-05-29,0.0,0.0,0.0
2005-05-30,0.0,0.2,0.0
2005-05-31,3.2,11.2,8.6
2005-06-01,0.0,0.0,0.0
2005-06-02,0.0,1.8,0.0
2005-06-03,0.0,8.5,7.9
2005-06-04,31.0,5.4,4.2
2005-06-05,6.2,18.4,27.1
2005-06-06,2.0,2.0,0.0
2005-06-07,0.0,4.7,3.0
2005-06-08,7.0,2.8,1.0
2005-06-09,9.0,0.0,0.0
2005-06-10,0.0,0.0,0.0
2005-06-11,0.0,3.0,0.0
2005-06-12,0.0,5.3,1.9
2005-06-13,0.0,6.1,2.8
2005-06-14,0.0,0.3,0.0
2005-06-15,0.0,31.2,30.9
2005-06-16,33.0,7.7,5.0
2005-06-17,5.2,36.9,31.6
2005-06-18,9.0,31.7,30.1
2005-06-19,0.0,20.5,22.6
2005-06-20,5.0,3.3,0.0
2005-06-21,0.0,31.0,36.3
2005-06-22,47.6,12.9,10.1
2005-06-23,0.0,10.4,7.3
2005-06-24,0.0,3.1,0.0
2005-06-25,0.0,1.7,0.0
2005-06-26,0.0,0.0,0.0
2005-06-27,2.4,3.4,1.0
2005-06-28,0.0,0.5,0.0
2005-06-29,0.0,0.5,0.0
2005-06-30,0.0,0.0,0.0
2005-07-01,0.0,0.1,0.0
2005-07-02,0.0,0.0,0.0
2005-07-03,0.0,0.0,0.0
2005-07-04,0.0,0.0,0.0
2005-07-05,10.2,0.0,0.0
2005-07-06,0.0,3.0,1.0
2005-07-07,0.0,10.4,7.3
2005-07-08,0.0,1.2,0.0
2005-07-09,3.6,17.7,12.8
2005-07-10,22.4,28.7,28.8
2005-07-11,5.4,17.3,22.8
2005-07-13,5.0,8.6,7.3
2005-07-14,20.0,18.7,25.1
2005-07-16,0.0,8.0,6.5
2005-07-17,0.6,1.8,0.0
2005-07-18,3.0,3.0,1.0
2005-07-19,0.0,0.0,0.0
2005-07-20,0.0,0.3,0.0
2005-07-21,0.0,0.0,0.0
2005-07-22,0.0,0.3,0.0
2005-07-23,0.0,0.0,0.0
2005-07-24,0.0,0.0,0.0
2005-07-25,0.0,0.0,0.0
2005-07-26,2.4,3.2,2.5
2005-07-28,0.0,0.0,0.0
2005-07-29,22.0,1.0,0.0
2005-07-30,17.0,0.0,0.0
2005-07-31,3.4,21.4,36.0
2005-08-01,0.0,2.9,3.2
2005-08-02,17.0,7.1,8.3
2005-08-03,0.0,3.8,4.3
2005-08-05,1.5,0.0,0.0
2005-08-06,0.0,0.0,0.0
2005-08-07,0.0,0.0,0.0
2005-08-08,0.0,0.0,0.0
2005-08-09,0.0,0.0,0.0
2005-08-10,0.0,0.0,0.0
2005-08-11,0.0,2.4,0.0
2005-08-12,0.0,0.4,0.0
2005-08-13,0.0,0.0,0.0
2005-08-14,0.0,0.0,0.0
2005-08-15,0.0,0.3,0.0
2005-08-16,0.0,0.0,0.0
2005-08-17,0.0,8.2,6.9
2005-08-18,23.0,2.0,0.0
2005-08-19,2.5,3.6,2.1
2005-08-20,7.0,1.4,0.0
2005-08-21,0.0,6.9,6.3
2005-08-22,4.0,25.0,35.9
2005-08-23,11.0,0.0,0.0
2005-08-24,1.0,22.8,33.2
2005-08-25,67.0,4.4,3.0
2005-08-26,1.0,0.0,0.0
2005-08-27,10.5,0.0,0.0
2005-08-29,0.0,2.6,1.3
2005-08-30,0.0,0.3,0.0
2005-08-31,0.0,0.0,0.0
2005-09-01,0.0,0.0,0.0
2005-09-02,0.0,0.6,0.0
2005-09-03,0.0,2.0,1.0
2005-09-04,5.5,6.7,8.4
2005-09-05,0.0,0.0,0.0
2005-09-06,0.0,0.0,0.0
2005-09-07,0.0,2.3,1.5
2005-09-08,0.0,0.0,0.0
2005-09-09,0.0,0.6,0.0
2005-09-10,17.6,1.7,1.0
2005-09-11,0.0,0.2,0.0
2005-09-12,0.0,0.0,0.0
2005-09-13,1.0,0.0,0.0
2005-09-14,0.0,0.0,0.0
2005-09-15,0.0,5.6,7.6
2005-09-16,8.0,15.8,16.8
2005-09-17,13.0,2.4,2.9
2005-09-18,0.0,4.0,4.6
2005-09-19,0.0,2.8,3.7
2005-09-20,0.0,0.0,0.0
2005-09-21,0.0,2.2,1.4
2005-09-22,21.7,0.1,0.0
2005-09-23,0.0,3.8,3.2
2005-09-24,0.0,1.5,1.0
2005-09-25,0.0,0.0,0.0
2005-09-26,0.0,1.6,1.0
2005-09-27,0.0,0.0,0.0
2005-09-28,0.0,1.9,1.1
2005-09-29,11.1,4.6,4.5
2005-09-30,1.0,0.4,0.0
2005-10-02,2.5,1.1,0.0
2005-10-03,2.0,0.0,0.0
2005-10-04,0.0,2.1,1.0
2005-10-05,0.0,1.1,0.0
2005-10-06,1.0,2.1,1.0
2005-10-07,0.0,1.4,1.0
2005-10-08,0.0,0.0,0.0
2005-10-09,0.0,0.0,0.0
2005-10-10,0.0,1.8,1.0
2005-10-12,26.5,7.9,9.1
2005-10-13,41.8,22.2,43.7
2005-10-14,14.0,0.0,0.0
2005-10-15,0.0,0.5,0.0
2005-10-16,0.0,2.7,1.0
2005-10-17,0.0,32.7,71.3
2005-10-18,20.0,19.8,36.6
2005-10-19,13.5,15.4,23.9
2005-10-20,1.6,19.6,35.4
2005-10-21,18.0,8.2,5.4
2005-10-22,11.0,4.2,1.7
2005-10-23,3.0,23.1,15.0
2005-10-24,1.0,6.7,3.7
2005-10-25,0.0,3.8,1.4
2005-10-26,0.0,0.6,0.0
2005-10-27,0.0,0.5,0.0
2005-10-29,25.0,5.9,3.1
2005-10-30,0.0,0.0,0.0
2005-10-31,24.0,26.6,17.7
2005-11-01,1.0,15.2,20.4
2005-11-02,23.5,1.7,0.0
2005-11-03,0.0,2.7,0.0
2005-11-04,0.0,1.9,0.0
2005-11-05,8.0,2.8,1.0
2005-11-07,0.0,0.0,0.0
2005-11-08,0.0,0.1,0.0
2005-11-09,0.0,0.7,0.0
2005-11-10,0.0,0.5,0.0
2005-11-11,0.0,25.3,22.3
2005-11-12,12.0,1.2,0.0
2005-11-13,0.0,0.5,0.0
2005-11-14,0.0,0.1,0.0
2005-11-15,0.0,0.0,0.0
2005-11-16,0.0,0.0,0.0
2005-11-17,0.0,0.5,0.0
2005-11-18,34.8,1.2,0.0
2005-11-19,0.0,1.4,0.0
2005-11-20,0.0,42.3,32.5
2005-11-21,15.6,29.1,25.3
2005-11-22,10.2,2.2,0.0
2005-11-23,15.5,2.6,0.0
2005-11-24,3.7,1.5,0.0
2005-11-25,0.0,22.1,14.6
2005-11-26,10.5,11.7,6.4
2005-11-27,15.0,1.5,0.0
2005-11-28,0.0,1.0,0.0
2005-11-29,0.0,5.5,1.1
2005-11-30,1.0,4.4,1.0
2005-12-01,0.6,7.6,5.0
2005-12-02,12.0,0.9,0.0
2005-12-03,0.0,1.7,0.0
2005-12-04,0.0,0.6,0.0
2005-12-05,0.0,0.0,0.0
2005-12-06,0.0,0.0,0.0
2005-12-07,0.0,1.6,0.0
2005-12-08,0.0,0.1,0.0
2005-12-09,0.0,0.1,0.0
2005-12-10,0.0,6.6,3.9
2005-12-11,0.0,3.0,0.0
2005-12-12,0.0,12.9,9.2
2005-12-13,1.0,1.6,0.0
2005-12-14,0.0,3.6,0.0
2005-12-15,19.4,1.1,0.0
2005-12-16,1.0,3.7,0.0
2005-12-17,8.0,8.9,4.7
2005-12-18,7.5,3.2,0.0
2005-12-19,0.0,9.5,5.4
2005-12-20,0.0,3.8,0.0
2005-12-21,1.5,1.6,0.0
2005-12-22,0.0,8.0,4.5
2005-12-23,0.0,16.8,14.4
2005-12-24,56.0,0.6,0.0
2005-12-25,2.0,1.3,0.0
2005-12-26,0.0,8.0,4.5
2005-12-27,0.0,4.3,1.0
2005-12-28,0.0,6.2,2.5
2005-12-29,0.0,26.3,30.4
2005-12-30,0.0,14.6,12.0
2005-12-31,0.0,3.3,0.0
2006-01-01,0.0,1.8,0.0
2006-01-02,1.4,2.4,0.0
2006-01-03,2.2,3.1,1.0
2006-01-04,1.6,2.7,0.0
2006-01-05,14.0,6.4,3.9
2006-01-06,0.0,0.5,0.0
2006-01-07,0.0,9.2,6.8
2006-01-08,19.7,10.8,8.4
2006-01-09,4.4,20.3,18.2
2006-01-10,9.0,11.6,9.1
2006-01-11,26.7,3.9,2.4
2006-01-12,0.0,2.0,0.0
2006-01-13,3.4,0.7,0.0
2006-01-14,0.0,6.6,5.9
2006-01-15,0.2,55.9,58.6
2006-01-16,55.5,31.4,46.7
2006-01-17,14.6,2.7,1.0
2006-01-18,0.0,6.7,5.9
2006-01-19,6.0,2.5,1.0
2006-01-20,0.0,2.1,0.0
2006-01-21,0.0,1.1,0.0
2006-01-22,3.0,3.2,1.0
2006-01-24,29.5,8.0,5.6
2006-01-25,6.0,2.7,0.0
2006-01-26,0.2,6.2,3.7
2006-01-27,1.5,6.1,3.6
2006-01-28,4.0,0.3,0.0
2006-01-29,3.0,6.3,3.8
2006-01-30,23.3,2.0,0.0
2006-01-31,0.0,2.8,0.0
2006-02-01,0.0,0.0,0.0
2006-02-02,0.0,0.0,0.0
2006-02-03,3.0,19.6,14.3
2006-02-04,50.0,19.4,16.5
2006-02-05,1.0,7.9,5.4
2006-02-06,6.3,10.6,7.5
2006-02-07,36.0,66.2,67.2
2006-02-08,0.0,0.8,0.0
2006-02-09,0.0,0.2,0.0
2006-02-10,3.0,8.9,6.2
2006-02-11,4.0,5.0,2.5
2006-02-12,0.0,0.7,0.0
2006-02-13,9.6,5.7,3.2
2006-02-14,7.5,0.3,0.0
2006-02-15,19.3,14.7,11.8
2006-02-16,0.0,0.2,0.0
2006-02-17,0.0,6.6,4.0
2006-02-18,0.5,6.2,3.7
2006-02-19,0.0,0.5,0.0
2006-02-20,1.0,2.3,1.0
2006-02-21,55.0,41.6,59.9
2006-02-22,50.0,21.7,31.2
2006-02-23,0.0,3.8,2.2
2006-02-24,7.0,4.4,3.2
2006-02-25,56.5,42.4,63.2
2006-02-26,0.0,1.0,0.0
2006-02-27,23.0,40.8,69.9
2006-02-28,0.0,8.3,8.5
2006-03-01,0.0,30.4,34.4
2006-03-02,14.5,2.3,0.0
2006-03-03,0.0,4.7,1.0
2006-03-04,12.0,28.8,31.1
2006-03-05,36.0,1.8,0.0
2006-03-06,0.0,2.2,0.0
2006-03-07,0.0,1.5,0.0
2006-03-08,0.0,0.9,0.0
2006-03-09,0.0,0.0,0.0
2006-03-10,0.0,4.1,0.0
2006-03-11,9.0,0.5,0.0
2006-03-12,0.0,2.5,1.7
2006-03-13,6.0,1.5,1.0
2006-03-14,0.0,0.0,0.0
2006-03-15,0.0,31.9,39.1
2006-03-16,4.6,1.0,0.0
2006-03-17,0.0,7.3,6.5
2006-03-18,2.0,1.2,1.0
2006-03-19,0.0,3.4,2.7
2006-03-20,0.0,8.2,7.4
2006-03-21,2.1,5.9,2.2
2006-03-22,4.6,11.2,7.9
2006-03-23,0.0,13.8,10.7
2006-03-24,1.0,21.0,17.6
2006-03-25,2.6,5.8,2.2
2006-03-26,0.0,12.6,11.1
2006-03-27,24.0,8.3,4.7
2006-03-28,24.4,45.3,60.4
2006-03-29,23.5,2.6,0.0
2006-03-30,1.0,2.3,0.0
2006-03-31,0.0,14.2,10.2
2006-04-01,0.0,1.8,1.0
2006-04-02,0.0,0.8,0.0
2006-04-03,0.0,0.9,0.0
2006-04-04,14.0,17.5,30.9
2006-04-05,20.0,5.2,4.8
2006-04-06,0.0,0.0,0.0
2006-04-07,9.0,9.7,10.8
2006-04-08,0.0,2.1,1.0
2006-04-09,0.0,0.5,0.0
2006-04-10,0.0,0.2,0.0
2006-04-11,27.0,10.5,12.6
2006-04-12,1.6,0.3,0.0
2006-04-13,0.0,0.4,0.0
2006-04-14,0.0,2.0,1.4
2006-04-15,0.0,4.4,4.6
2006-04-16,0.0,8.1,10.0
2006-04-17,0.0,0.0,0.0
2006-04-18,0.0,1.9,1.3
2006-04-19,0.0,2.1,1.6
2006-04-20,0.0,0.7,0.0
2006-04-21,4.0,2.4,1.0
2006-04-22,5.0,6.1,4.1
2006-04-23,0.1,2.8,1.0
2006-04-24,0.0,2.9,1.0
2006-04-25,1.0,2.5,1.0
2006-04-27,0.0,0.0,0.0
2006-04-28,0.0,0.6,0.0
2006-04-29,6.6,13.7,12.3
2006-04-30,3.6,11.4,9.5
2006-05-01,0.0,0.6,0.0
2006-05-02,0.0,0.4,0.0
2006-05-03,0.0,2.4,1.0
2006-05-04,0.7,5.1,3.6
2006-05-05,0.0,1.5,0.0
2006-05-06,0.0,1.5,0.0
2006-05-07,0.0,0.3,0.0
2006-05-08,0.4,0.0,0.0
2006-05-09,3.3,3.8,2.0
2006-05-10,0.0,1.5,0.0
2006-05-11,0.0,0.0,0.0
2006-05-12,8.0,0.0,0.0
2006-05-13,0.0,4.1,1.9
2006-05-14,0.0,0.0,0.0
2006-05-15,0.0,0.0,0.0
2006-05-16,0.0,0.0,0.0
2006-05-17,4.0,1.1,0.0
2006-05-18,0.0,0.4,0.0
2006-05-19,1.0,3.4,1.2
2006-05-20,5.5,17.2,18.8
2006-05-21,8.5,3.4,1.4
2006-05-22,0.0,2.2,1.0
2006-05-23,1.5,3.2,1.2
2006-05-24,0.0,0.7,0.0
2006-05-25,2.0,5.7,3.7
2006-05-26,0.0,0.2,0.0
2006-05-27,6.3,5.6,3.6
2006-05-28,1.0,3.1,1.1
2006-05-29,0.8,3.2,1.1
2006-05-30,0.0,4.8,2.8
2006-05-31,5.0,0.9,0.0
2006-06-01,1.0,0.7,0.0
2006-06-02,0.0,0.3,0.0
2006-06-03,0.0,2.7,1.0
2006-06-04,0.4,10.0,8.8
2006-06-05,2.0,12.3,17.7
2006-06-06,24.0,51.6,55.8
2006-06-07,12.3,12.7,18.7
2006-06-08,0.0,1.3,0.0
2006-06-09,0.0,0.5,0.0
2006-06-10,0.0,0.9,0.0
2006-06-11,0.0,0.0,0.0
2006-06-12,0.0,0.2,0.0
2006-06-13,0.0,4.2,1.0
2006-06-14,0.0,3.2,0.0
2006-06-15,0.0,4.9,1.5
2006-06-16,1.4,0.1,0.0
2006-06-17,0.0,0.9,0.0
2006-06-18,13.0,0.2,0.0
2006-06-19,0.0,0.0,0.0
2006-06-20,0.0,0.0,0.0
2006-06-21,0.0,0.0,0.0
2006-06-22,13.5,1.5,0.0
2006-06-23,0.0,8.7,6.9
2006-06-24,0.0,0.2,0.0
2006-06-25,0.0,0.1,0.0
2006-06-26,0.0,0.5,0.0
2006-06-27,0.0,0.0,0.0
2006-06-28,0.0,0.0,0.0
2006-06-29,0.0,0.0,0.0
2006-06-30,0.0,0.0,0.0
2006-07-01,0.0,0.0,0.0
2006-07-02,1.5,0.0,0.0
2006-07-03,0.0,0.0,0.0
2006-07-04,0.0,0.0,0.0
2006-07-05,0.0,0.0,0.0
2006-07-06,0.0,0.0,0.0
2006-07-07,0.0,0.0,0.0
2006-07-08,0.4,0.0,0.0
2006-07-09,0.0,0.0,0.0
2006-07-10,0.0,0.7,0.0
2006-07-11,0.0,0.4,0.0
2006-07-12,0.0,5.8,3.8
2006-07-13,0.0,1.5,0.0
2006-07-14,4.5,0.9,0.0
2006-07-15,6.0,0.5,0.0
2006-07-16,15.0,0.0,0.0
2006-07-17,21.7,6.8,5.5
2006-07-18,25.6,43.3,44.3
2006-07-19,0.0,1.7,0.0
2006-07-20,0.0,0.9,0.0
2006-07-21,0.0,2.3,1.7
2006-07-22,0.0,0.0,0.0
2006-07-23,0.0,1.3,0.0
2006-07-24,1.0,0.7,0.0
2006-07-25,0.0,0.0,0.0
2006-07-26,0.0,0.0,0.0
2006-07-27,0.0,4.7,4.1
2006-07-28,0.0,10.0,8.8
2006-07-29,66.0,2.1,1.0
2006-07-30,0.0,0.0,0.0
2006-07-31,0.0,1.3,0.0
2006-08-01,0.0,0.0,0.0
2006-08-02,0.0,0.0,0.0
2006-08-03,0.0,0.0,0.0
2006-08-04,0.0,0.0,0.0
2006-08-05,0.0,0.0,0.0
2006-08-06,0.0,0.0,0.0
2006-08-07,0.0,0.0,0.0
2006-08-08,0.0,0.0,0.0
2006-08-09,0.0,0.0,0.0
2006-08-10,0.0,0.0,0.0
2006-08-11,0.0,0.0,0.0
2006-08-12,0.0,0.0,0.0
2006-08-13,0.0,0.0,0.0
2006-08-14,0.0,0.0,0.0
2006-08-15,0.0,0.0,0.0
2006-08-16,0.0,0.5,0.0
2006-08-17,0.0,0.0,0.0
2006-08-18,0.0,0.0,0.0
2006-08-19,0.0,0.2,0.0
2006-08-20,0.0,0.0,0.0
2006-08-21,0.0,0.0,0.0
2006-08-22,0.0,0.0,0.0
2006-08-23,0.0,0.0,0.0
2006-08-24,0.0,0.0,0.0
2006-08-25,0.0,0.0,0.0
2006-08-26,0.0,0.0,0.0
2006-08-27,0.0,0.0,0.0
2006-08-28,0.0,0.0,0.0
2006-08-29,1.3,0.0,0.0
2006-08-30,0.0,6.5,5.7
2006-08-31,0.0,0.0,0.0
2006-09-01,0.0,0.0,0.0
2006-09-02,0.0,0.0,0.0
2006-09-03,0.0,0.0,0.0
2006-09-04,0.0,0.0,0.0
2006-09-05,0.0,0.0,0.0
2006-09-06,0.0,0.0,0.0
2006-09-07,0.0,0.0,0.0
2006-09-08,0.0,0.0,0.0
2006-09-09,0.0,0.0,0.0
2006-09-10,0.0,0.0,0.0
2006-09-11,0.0,0.0,0.0
2006-09-12,0.0,0.0,0.0
2006-09-13,0.0,0.0,0.0
2006-09-14,0.0,0.1,0.0
2006-09-15,0.0,0.0,0.0
2006-09-16,0.0,0.0,0.0
2006-09-17,0.0,0.0,0.0
2006-09-18,0.0,0.0,0.0
2006-09-19,0.0,0.0,0.0
2006-09-20,0.0,0.0,0.0
2006-09-21,0.0,0.0,0.0
2006-09-22,0.0,0.0,0.0
2006-09-23,0.0,0.0,0.0
2006-09-24,0.0,0.0,0.0
2006-09-25,0.0,0.1,0.0
2006-09-26,0.0,0.0,0.0
2006-09-27,0.0,0.0,0.0
2006-09-28,0.0,0.1,0.0
2006-09-29,0.0,0.0,0.0
2006-09-30,0.0,0.0,0.0
2006-10-01,0.0,0.0,0.0
2006-10-02,0.0,0.0,0.0
2006-10-03,0.0,0.0,0.0
2006-10-04,0.0,0.0,0.0
2006-10-05,0.0,0.0,0.0
2006-10-06,0.0,0.0,0.0
2006-10-07,0.0,0.0,0.0
2006-10-08,0.0,0.0,0.0
2006-10-09,0.0,0.0,0.0
2006-10-10,0.0,0.0,0.0
2006-10-11,0.0,0.0,0.0
2006-10-12,0.0,0.0,0.0
2006-10-13,0.0,0.0,0.0
2006-10-14,0.0,0.0,0.0
2006-10-15,0.0,0.0,0.0
2006-10-16,0.0,0.0,0.0
2006-10-17,0.0,0.0,0.0
2006-10-18,7.6,0.0,0.0
2006-10-19,0.0,0.1,0.0
2006-10-20,3.4,0.0,0.0
2006-10-21,0.0,0.0,0.0
2006-10-22,0.0,0.0,0.0
2006-10-23,0.0,0.0,0.0
2006-10-24,0.0,0.0,0.0
2006-10-25,0.0,0.1,0.0
2006-10-26,0.0,0.3,0.0
2006-10-27,0.0,0.0,0.0
2006-10-28,0.0,4.5,2.0
2006-10-29,0.8,0.0,0.0
2006-10-30,0.0,0.0,0.0
2006-10-31,0.0,0.0,0.0
2006-11-02,0.0,1.0,0.0
2006-11-03,8.0,0.0,0.0
2006-11-04,2.5,0.0,0.0
2006-11-05,0.0,0.0,0.0
2006-11-06,0.0,0.0,0.0
2006-11-07,0.0,0.0,0.0
2006-11-08,0.0,7.3,6.6
2006-11-09,0.0,6.5,5.3
2006-11-10,0.0,0.0,0.0
2006-11-11,0.0,1.7,1.0
2006-11-12,1.0,0.0,0.0
2006-11-13,0.0,9.4,6.8
2006-11-14,13.7,0.1,0.0
2006-11-15,0.0,0.0,0.0
2006-11-16,2.5,1.9,1.0
2006-11-17,1.0,0.0,0.0
2006-11-18,0.0,0.0,0.0
2006-11-19,0.0,0.3,0.0
2006-11-20,0.0,0.3,0.0
2006-11-21,0.0,0.6,0.0
2006-11-22,0.0,16.3,11.6
2006-11-23,7.7,0.1,0.0
2006-11-24,0.0,16.3,9.6
2006-11-25,1.0,39.2,38.4
2006-11-26,4.7,2.3,0.0
2006-11-27,0.0,0.7,0.0
2006-11-28,0.0,2.1,0.0
2006-11-29,0.0,4.7,1.0
2006-11-30,0.0,0.6,0.0
2006-12-01,0.0,4.2,1.1
2006-12-02,0.0,3.5,1.0
2006-12-03,11.5,7.6,5.1
2006-12-04,6.9,15.7,15.1
2006-12-05,0.0,6.6,3.8
2006-12-06,0.0,1.1,0.0
2006-12-07,0.0,3.5,1.0
2006-12-08,0.0,6.2,3.4
2006-12-09,29.5,5.3,2.4
2006-12-10,0.0,4.9,2.0
2006-12-11,0.0,0.4,0.0
2006-12-12,0.0,2.7,0.0
2006-12-13,0.0,6.9,2.5
2006-12-14,0.0,5.3,1.0
2006-12-15,0.0,0.0,0.0
2006-12-16,0.3,0.9,0.0
2006-12-17,73.0,13.0,9.3
2006-12-18,2.4,0.0,0.0
2006-12-19,1.6,4.2,0.0
2006-12-20,0.0,2.8,0.0
2006-12-21,0.0,18.0,15.3
2006-12-22,0.5,12.5,9.6
2006-12-23,0.0,7.9,4.4
2006-12-24,0.0,20.8,22.5
2006-12-25,0.0,19.0,18.6
2006-12-26,0.0,3.5,0.0
2006-12-27,7.3,8.3,4.8
2006-12-28,25.8,43.8,57.2
2006-12-29,21.6,21.2,19.2
2006-12-30,10.4,27.8,30.5
2006-12-31,5.6,17.3,15.0
2007-01-01,7.0,6.6,4.1
2007-01-02,5.5,5.4,2.9
2007-01-03,0.0,1.9,0.0
2007-01-04,0.0,3.8,1.1
2007-01-05,0.0,0.1,0.0
2007-01-06,0.0,1.4,0.0
2007-01-07,0.4,0.2,0.0
2007-01-08,0.0,0.0,0.0
2007-01-09,0.0,0.0,0.0
2007-01-10,0.0,0.8,0.0
2007-01-11,0.0,3.6,2.0
2007-01-12,6.5,1.5,0.0
2007-01-13,2.0,0.9,0.0
2007-01-14,0.0,1.1,0.0
2007-01-15,0.0,2.9,1.0
2007-01-16,12.9,6.6,5.7
2007-01-17,0.0,0.0,0.0
2007-01-18,0.0,0.2,0.0
2007-01-19,0.0,0.1,0.0
2007-01-20,0.3,0.5,0.0
2007-01-21,1.0,10.7,8.7
2007-01-22,6.8,12.4,10.6
2007-01-23,54.2,49.5,60.2
2007-01-24,6.4,33.7,43.1
2007-01-25,6.0,21.4,25.1
2007-01-26,0.0,1.9,0.0
2007-01-27,0.0,1.8,0.0
2007-01-28,0.0,5.9,3.3
2007-01-29,0.0,0.2,0.0
2007-01-30,0.0,0.0,0.0
2007-01-31,0.0,0.0,0.0
2007-02-05,15.2,0.1,0.0
2007-02-11,29.3,13.2,10.4
2007-02-12,50.0,32.8,41.1
2007-02-14,5.8,0.0,0.0
2007-02-16,34.5,22.8,28.8
2007-02-17,0.5,0.0,0.0
2007-02-18,0.6,2.6,1.0
2007-02-19,3.0,30.2,37.9
2007-02-20,16.9,17.4,16.5
2007-02-21,7.8,4.6,3.5
2007-02-23,0.0,4.9,3.9
2007-02-24,4.0,9.6,10.4
2007-02-25,1.2,6.6,6.2
2007-02-26,0.0,11.8,13.2
2007-02-27,0.0,2.8,1.0
2007-02-28,6.4,2.0,0.0
2007-03-01,0.0,0.5,0.0
2007-03-02,4.0,10.3,5.7
2007-03-03,1.4,5.8,1.1
2007-03-04,0.0,13.4,9.0
2007-03-05,9.4,1.1,0.0
2007-03-06,0.2,1.6,0.0
2007-03-07,0.0,4.0,0.0
2007-03-08,14.0,8.4,3.6
2007-03-09,4.0,14.2,9.9
2007-03-10,57.2,20.4,16.9
2007-03-11,0.0,0.4,0.0
2007-03-12,29.8,11.8,10.7
2007-03-13,1.5,8.5,7.7
2007-03-14,0.0,1.3,1.0
2007-03-15,0.0,3.1,2.4
2007-03-16,3.4,24.6,31.1
2007-03-17,0.0,1.8,1.0
2007-03-18,0.0,0.9,0.0
2007-03-19,0.0,7.3,6.5
2007-03-20,15.0,11.5,10.6
2007-03-21,54.7,11.5,8.1
2007-03-22,0.0,7.3,3.7
2007-03-23,0.0,9.7,6.2
2007-03-24,0.5,0.1,0.0
2007-03-25,0.0,0.2,0.0
2007-03-26,3.0,0.0,0.0
2007-03-27,0.0,8.0,4.4
2007-03-28,7.6,7.4,3.8
2007-03-29,15.9,16.7,13.3
2007-03-30,15.2,6.5,2.8
2007-03-31,0.8,1.7,0.0
2007-04-01,0.0,0.0,0.0
2007-04-02,0.0,0.1,0.0
2007-04-03,0.0,0.3,0.0
2007-04-04,0.0,0.0,0.0
2007-04-05,0.0,0.0,0.0
2007-04-06,0.0,19.1,32.0
2007-04-07,105.0,8.2,8.9
2007-04-08,0.0,5.9,5.7
2007-04-09,5.3,5.9,5.7
2007-04-10,0.0,2.4,1.1
2007-04-11,0.0,10.8,18.7
2007-04-12,33.0,16.2,25.9
2007-04-13,3.0,5.4,5.9
2007-04-14,0.0,0.3,0.0
2007-04-15,0.0,1.8,1.1
2007-04-16,2.2,0.0,0.0
2007-04-17,10.0,4.7,5.0
2007-04-18,0.0,0.2,0.0
2007-04-19,0.0,2.1,1.5
2007-04-20,0.0,9.4,11.4
2007-04-21,0.0,5.1,3.1
2007-04-22,0.0,0.5,0.0
2007-04-23,0.0,0.0,0.0
2007-04-24,3.0,1.3,0.0
2007-04-25,0.0,0.4,0.0
2007-04-26,0.0,10.6,9.0
2007-04-28,12.0,0.0,0.0
2007-04-29,0.0,5.3,3.3
2007-04-30,3.0,32.5,38.5
2007-05-01,10.0,7.5,6.9
2007-05-02,0.0,1.4,0.0
2007-05-03,0.0,0.2,0.0
2007-05-04,0.0,0.1,0.0
2007-05-05,0.0,0.6,0.0
2007-05-06,0.0,0.9,0.0
2007-05-07,0.0,0.0,0.0
2007-05-08,0.0,0.0,0.0
2007-05-09,1.0,0.0,0.0
2007-05-10,0.0,0.0,0.0
2007-05-11,6.0,7.0,5.3
2007-05-12,2.0,5.5,3.3
2007-05-13,1.0,12.4,11.5
2007-05-14,24.5,14.8,15.3
2007-05-15,39.2,26.7,32.4
2007-05-16,2.5,2.6,1.0
2007-05-17,8.5,3.5,1.3
2007-05-18,6.1,14.3,11.3
2007-05-19,0.0,0.0,0.0
2007-05-20,0.0,0.0,0.0
2007-05-21,0.0,0.0,0.0
2007-05-22,0.0,0.0,0.0
2007-05-23,0.0,0.1,0.0
2007-05-24,0.0,0.0,0.0
2007-05-25,2.0,0.1,0.0
2007-05-26,16.0,3.0,1.0
2007-05-27,0.0,0.0,0.0
2007-05-29,1.8,0.8,0.0
2007-05-30,1.5,7.7,5.4
2007-06-01,13.0,10.2,9.8
2007-06-02,0.0,2.4,1.0
2007-06-03,0.0,2.0,0.0
2007-06-04,12.1,14.3,21.9
2007-06-06,2.7,2.4,1.0
2007-06-07,2.0,8.6,8.1
2007-06-08,5.5,14.0,20.2
2007-06-09,7.0,0.2,0.0
2007-06-10,0.0,0.3,0.0
2007-06-11,0.0,0.4,0.0
2007-06-12,0.0,0.1,0.0
2007-06-13,0.0,0.0,0.0
2007-06-14,0.0,0.4,0.0
2007-06-15,18.1,0.7,0.0
2007-06-16,0.0,0.6,0.0
2007-06-17,0.0,3.7,0.0
2007-06-18,5.0,12.6,10.2
2007-06-19,0.0,5.3,1.9
2007-06-20,8.3,2.4,0.0
2007-06-21,0.0,0.5,0.0
2007-06-22,0.0,0.0,0.0
2007-06-23,0.0,0.0,0.0
2007-06-24,0.0,0.0,0.0
2007-06-25,0.0,0.2,0.0
2007-06-26,0.0,0.1,0.0
2007-06-27,4.0,5.4,2.3
2007-06-28,3.0,6.5,3.4
2007-06-29,0.0,3.7,1.0
2007-06-30,0.0,0.0,0.0
2007-07-01,0.0,0.9,0.0
2007-07-02,0.0,0.0,0.0
2007-07-03,0.0,0.0,0.0
2007-07-04,8.4,0.6,0.0
2007-07-05,0.0,0.3,0.0
2007-07-06,0.0,9.8,6.8
2007-07-07,3.0,0.1,0.0
2007-07-08,16.0,8.7,6.3
2007-07-09,0.0,3.2,1.0
2007-07-10,0.0,0.0,0.0
2007-07-11,0.0,0.1,0.0
2007-07-12,0.0,0.4,0.0
2007-07-13,0.0,0.0,0.0
2007-07-14,0.0,0.0,0.0
2007-07-15,0.0,0.0,0.0
2007-07-16,0.0,0.6,0.0
2007-07-17,1.0,4.9,3.1
2007-07-18,3.0,1.5,0.0
2007-07-19,0.2,0.2,0.0
2007-07-20,27.2,29.4,38.3
2007-07-21,12.3,12.5,17.7
2007-07-22,0.6,0.3,0.0
2007-07-23,0.0,0.3,0.0
2007-07-24,0.0,1.2,0.0
2007-07-25,0.0,1.1,0.0
2007-07-26,0.0,0.4,0.0
2007-07-27,0.0,0.2,0.0
2007-07-28,0.0,0.0,0.0
2007-07-29,0.0,0.1,0.0
2007-07-30,0.0,0.0,0.0
2007-07-31,0.0,0.3,0.0
2007-08-01,7.0,0.0,0.0
2007-08-02,0.0,0.0,0.0
2007-08-03,0.0,0.0,0.0
2007-08-04,0.0,0.0,0.0
2007-08-05,0.0,0.0,0.0
2007-08-06,0.0,0.0,0.0
2007-08-07,0.0,0.0,0.0
2007-08-08,0.0,0.0,0.0
2007-08-09,0.0,0.0,0.0
2007-08-10,0.0,0.0,0.0
2007-08-11,0.0,0.0,0.0
2007-08-12,0.0,6.2,5.0
2007-08-13,0.0,5.6,4.2
2007-08-14,0.0,0.0,0.0
2007-08-15,0.0,0.0,0.0
2007-08-16,0.0,0.0,0.0
2007-08-17,0.0,0.0,0.0
2007-08-18,0.0,0.0,0.0
2007-08-19,0.0,0.2,0.0
2007-08-20,0.5,5.7,4.9
2007-08-21,0.0,3.1,2.2
2007-08-22,0.0,3.4,2.9
2007-08-23,0.0,0.0,0.0
2007-08-24,14.0,2.6,1.1
2007-08-25,0.0,0.0,0.0
2007-08-26,0.0,0.0,0.0
2007-08-27,0.0,0.0,0.0
2007-08-28,0.0,0.4,0.0
2007-08-29,0.0,0.0,0.0
2007-08-30,0.0,0.0,0.0
2007-08-31,0.0,0.0,0.0
2007-09-01,0.0,0.0,0.0
2007-09-02,0.0,0.0,0.0
2007-09-03,0.0,0.0,0.0
2007-09-04,0.0,6.1,7.6
2007-09-05,0.0,0.4,0.0
2007-09-06,0.0,0.0,0.0
2007-09-07,0.0,0.8,0.0
2007-09-08,0.0,0.0,0.0
2007-09-09,0.0,0.3,0.0
2007-09-10,0.0,0.0,0.0
2007-09-11,0.0,0.0,0.0
2007-09-12,0.0,0.0,0.0
2007-09-13,0.0,0.0,0.0
2007-09-14,0.0,0.0,0.0
2007-09-15,0.0,0.6,0.0
2007-09-16,0.0,0.0,0.0
2007-09-17,0.0,11.0,10.4
2007-09-18,0.0,0.0,0.0
2007-09-19,0.0,0.0,0.0
2007-09-20,0.0,0.0,0.0
2007-09-21,0.0,0.0,0.0
2007-09-22,0.0,0.0,0.0
2007-09-23,0.0,0.0,0.0
2007-09-24,0.0,0.0,0.0
2007-09-25,0.0,0.3,0.0
2007-09-26,0.0,0.0,0.0
2007-09-27,0.0,0.0,0.0
2007-09-28,0.0,0.0,0.0
2007-09-29,0.0,0.1,0.0
2007-09-30,0.0,0.0,0.0
2007-10-01,0.0,0.0,0.0
2007-10-02,0.0,0.0,0.0
2007-10-03,0.0,0.0,0.0
2007-10-04,0.0,0.0,0.0
2007-10-05,0.0,0.0,0.0
2007-10-06,0.0,1.5,1.0
2007-10-07,1.4,1.0,0.0
2007-10-09,41.0,30.3,43.1
2007-10-10,0.0,2.6,1.5
2007-10-11,0.0,0.0,0.0
2007-10-12,14.6,7.7,9.1
2007-10-14,0.0,0.5,0.0
2007-10-15,0.0,0.0,0.0
2007-10-16,0.0,0.2,0.0
2007-10-17,0.0,0.0,0.0
2007-10-18,0.0,0.0,0.0
2007-10-19,0.0,0.0,0.0
2007-10-20,0.0,0.0,0.0
2007-10-21,0.0,0.7,0.0
2007-10-22,37.0,11.5,7.5
2007-10-23,0.0,8.7,5.0
2007-10-24,0.0,1.6,0.0
2007-10-25,0.0,0.5,0.0
2007-10-26,0.0,0.0,0.0
2007-10-27,0.0,0.0,0.0
2007-10-28,0.0,0.1,0.0
2007-10-29,0.8,9.9,6.2
2007-10-30,0.5,2.2,0.0
2007-10-31,6.0,0.0,0.0
2007-11-01,0.0,2.6,0.0
2007-11-02,0.0,1.8,0.0
2007-11-03,0.3,0.2,0.0
2007-11-04,0.2,4.3,1.9
2007-11-05,0.6,5.1,3.2
2007-11-06,0.0,0.6,0.0
2007-11-07,0.0,1.1,0.0
2007-11-08,0.0,2.0,0.0
2007-11-09,1.2,1.3,0.0
2007-11-10,5.4,25.4,49.0
2007-11-11,0.0,0.7,0.0
2007-11-12,0.0,0.4,0.0
2007-11-13,0.0,7.4,5.2
2007-11-14,0.1,0.4,0.0
2007-11-15,0.0,0.0,0.0
2007-11-16,0.0,1.3,0.0
2007-11-17,0.0,0.0,0.0
2007-11-18,0.0,0.0,0.0
2007-11-19,0.0,0.0,0.0
2007-11-20,0.0,0.1,0.0
2007-11-21,0.0,0.1,0.0
2007-11-22,0.0,0.1,0.0
2007-11-23,0.0,0.0,0.0
2007-11-24,0.0,0.0,0.0
2007-11-25,0.0,0.0,0.0
2007-11-26,0.0,0.0,0.0
2007-11-27,0.0,0.1,0.0
2007-11-28,6.6,5.7,1.2
2007-11-29,0.0,4.9,1.0
2007-11-30,5.4,4.9,1.0
2007-12-01,0.0,0.0,0.0
2007-12-02,30.0,1.9,0.0
2007-12-03,0.0,6.9,4.2
2007-12-04,0.0,0.0,0.0
2007-12-05,0.0,1.0,0.0
2007-12-06,0.0,1.6,0.0
2007-12-07,0.0,10.7,8.9
2007-12-08,0.0,1.1,0.0
2007-12-09,0.0,0.6,0.0
2007-12-10,13.4,0.4,0.0
2007-12-11,0.0,1.2,0.0
2007-12-12,4.6,1.3,0.0
2007-12-13,0.0,2.5,0.0
2007-12-14,2.9,24.3,24.6
2007-12-15,30.2,55.0,68.8
2007-12-16,0.5,9.0,4.8
2007-12-17,59.5,29.6,38.4
2007-12-18,0.0,5.0,1.0
2007-12-19,12.0,21.7,22.0
2007-12-20,8.0,8.5,4.2
2007-12-21,0.5,2.2,0.0
2007-12-22,6.0,12.0,8.9
2007-12-23,0.0,2.0,0.0
2007-12-24,0.5,55.3,71.8
2007-12-25,8.5,8.4,4.9
2007-12-26,0.0,5.6,1.7
2007-12-27,10.0,15.0,12.3
2007-12-28,0.5,5.0,1.2
2007-12-29,0.0,3.2,0.0
2007-12-30,1.6,7.2,3.6
2007-12-31,7.4,3.0,0.0
2008-01-01,32.5,4.9,2.3
2008-01-02,4.4,3.4,1.0
2008-01-03,32.5,33.5,31.9
2008-01-04,51.0,1.6,0.0
2008-01-05,0.0,1.5,0.0
2008-01-06,30.8,3.1,1.0
2008-01-07,0.0,0.0,0.0
2008-01-08,0.0,0.0,0.0
2008-01-09,0.0,0.0,0.0
2008-01-10,0.0,0.0,0.0
2008-01-11,0.0,0.9,0.0
2008-01-12,0.0,0.3,0.0
2008-01-13,0.0,0.0,0.0
2008-01-14,0.0,1.4,0.0
2008-01-15,0.0,3.0,1.2
2008-01-16,0.0,0.2,0.0
2008-01-17,0.0,0.1,0.0
2008-01-18,15.8,1.6,0.0
2008-01-19,0.8,0.0,0.0
2008-01-20,52.4,0.0,0.0
2008-01-22,7.0,4.6,1.9
2008-01-23,0.0,1.8,0.0
2008-01-24,0.0,0.0,0.0
2008-01-25,0.0,3.0,1.0
2008-01-26,0.0,0.4,0.0
2008-01-27,1.0,1.9,0.0
2008-01-28,0.0,2.4,0.0
2008-01-29,7.2,8.1,5.8
2008-01-30,0.0,0.4,0.0
2008-01-31,26.0,41.6,50.9
2008-02-01,0.0,35.1,29.0
2008-02-02,0.0,70.4,76.4
2008-02-03,0.0,31.4,23.9
2008-02-04,0.0,64.7,65.2
2008-02-05,0.0,4.3,2.7
2008-02-06,0.0,1.5,1.0
2008-02-07,0.0,9.3,6.5
2008-02-08,0.0,12.7,9.2
2008-02-09,0.0,11.7,8.4
2008-02-10,0.0,1.1,0.0
2008-02-11,0.0,0.8,0.0
2008-02-12,0.0,4.2,1.8
2008-02-13,0.0,3.0,1.0
2008-02-14,0.0,6.4,3.9
2008-02-15,0.0,4.1,1.7
2008-02-16,0.0,2.8,1.0
2008-02-17,0.0,10.4,7.6
2008-02-18,0.0,9.7,7.0
2008-02-19,0.0,2.8,1.0
2008-02-20,0.0,0.4,0.0
2008-02-21,0.0,13.5,15.6
2008-02-22,0.0,4.9,3.9
2008-02-23,0.0,4.7,3.6
2008-02-24,0.0,1.1,0.0
2008-02-25,0.0,27.2,43.0
2008-02-26,0.0,1.8,0.0
2008-02-27,0.0,9.5,10.1
2008-02-28,0.0,27.6,40.9
2008-02-29,0.0,29.8,43.9
2008-03-01,3.8,5.4,1.0
2008-03-02,0.6,3.4,0.0
2008-03-03,10.0,27.6,30.0
2008-03-04,0.0,3.1,0.0
2008-03-05,46.6,7.0,2.1
2008-03-06,0.2,0.5,0.0
2008-03-07,0.0,1.3,0.0
2008-03-08,0.0,0.3,0.0
2008-03-09,0.0,3.7,0.0
2008-03-10,115.5,5.4,1.0
2008-03-11,3.0,2.1,1.3
2008-03-12,0.0,0.2,0.0
2008-03-13,0.0,0.3,0.0
2008-03-14,78.8,24.2,29.4
2008-03-15,25.0,16.9,16.1
2008-03-16,1.0,0.0,0.0
2008-03-17,2.9,0.7,0.0
2008-03-18,0.8,15.2,13.7
2008-03-19,2.8,46.9,46.7
2008-03-20,0.0,0.1,0.0
2008-03-21,0.0,2.0,0.0
2008-03-22,0.0,5.5,1.9
2008-03-23,0.0,0.4,0.0
2008-03-24,5.8,1.7,0.0
2008-03-25,0.0,1.3,0.0
2008-03-26,0.0,0.8,0.0
2008-03-27,7.0,25.4,30.5
2008-03-28,0.0,8.9,5.3
2008-03-29,0.0,0.0,0.0
2008-03-30,0.0,0.1,0.0
2008-03-31,0.0,0.7,0.0
2008-04-01,0.0,2.5,1.2
2008-04-02,1.1,0.3,0.0
2008-04-03,0.0,0.7,0.0
2008-04-04,0.1,0.2,0.0
2008-04-05,0.0,0.3,0.0
2008-04-06,0.0,0.0,0.0
2008-04-07,0.0,0.0,0.0
2008-04-08,0.0,2.6,1.3
2008-04-09,3.0,0.0,0.0
2008-04-10,0.4,0.1,0.0
2008-04-11,0.0,8.3,10.3
2008-04-12,1.0,17.9,28.1
2008-04-13,0.5,0.0,0.0
2008-04-14,2.3,0.5,0.0
2008-04-15,27.0,2.6,2.2
2008-04-16,0.0,0.9,0.0
2008-04-17,3.5,0.0,0.0
2008-04-18,0.0,0.0,0.0
2008-04-19,0.8,49.9,57.3
2008-04-20,0.2,4.6,4.9
2008-04-21,0.0,54.1,79.9
2008-04-22,34.0,2.7,1.0
2008-04-23,18.0,7.7,5.8
2008-04-25,0.0,28.7,32.3
2008-04-26,4.0,0.0,0.0
2008-04-27,1.7,0.0,0.0
2008-04-28,0.0,0.0,0.0
2008-04-29,0.0,0.0,0.0
2008-04-30,0.0,0.0,0.0
2008-05-01,0.0,1.6,0.0
2008-05-02,0.0,2.4,1.0
2008-05-03,0.0,0.7,0.0
2008-05-04,0.0,5.6,4.2
2008-05-05,24.4,0.2,0.0
2008-05-06,76.6,0.6,0.0
2008-05-07,0.0,0.0,0.0
2008-05-08,0.0,0.0,0.0
2008-05-09,0.0,0.0,0.0
2008-05-10,0.0,0.0,0.0
2008-05-11,0.0,0.0,0.0
2008-05-12,0.0,0.0,0.0
2008-05-13,0.0,0.0,0.0
2008-05-14,0.0,0.2,0.0
2008-05-15,0.0,0.0,0.0
2008-05-16,0.0,0.0,0.0
2008-05-17,0.0,0.0,0.0
2008-05-18,0.0,0.0,0.0
2008-05-19,0.0,0.0,0.0
2008-05-20,0.0,0.0,0.0
2008-05-21,0.0,0.0,0.0
2008-05-22,0.0,1.3,0.0
2008-05-23,9.3,0.0,0.0
2008-05-24,1.0,2.6,1.0
2008-05-25,0.0,0.0,0.0
2008-05-26,0.0,0.0,0.0
2008-05-27,0.0,4.5,2.5
2008-05-28,0.0,0.6,0.0
2008-05-29,0.0,0.0,0.0
2008-05-30,0.0,0.5,0.0
2008-05-31,0.0,7.0,5.0
2008-06-01,0.0,0.4,0.0
2008-06-02,8.2,2.2,1.0
2008-06-03,0.0,0.4,0.0
2008-06-05,0.0,0.0,0.0
2008-06-06,1.0,0.0,0.0
2008-06-07,0.0,0.0,0.0
2008-06-08,0.0,2.0,0.0
2008-06-09,20.0,9.8,9.1
2008-06-10,0.0,6.0,4.7
2008-06-11,0.0,1.7,0.0
2008-06-12,0.0,1.3,0.0
2008-06-13,35.5,38.2,32.4
2008-06-14,7.4,44.5,32.3
2008-06-16,0.0,2.7,0.0
2008-06-17,0.0,4.0,1.0
2008-06-18,0.0,0.0,0.0
2008-06-19,0.4,0.0,0.0
2008-06-20,0.0,0.0,0.0
2008-06-21,7.0,0.0,0.0
2008-06-22,0.0,0.0,0.0
2008-06-23,0.0,0.0,0.0
2008-06-24,0.0,0.0,0.0
2008-06-25,0.0,0.0,0.0
2008-06-26,0.0,0.0,0.0
2008-06-27,0.0,0.0,0.0
2008-06-28,0.0,0.2,0.0
2008-06-29,7.3,10.6,8.1
2008-07-01,0.0,0.0,0.0
2008-07-02,0.0,0.0,0.0
2008-07-03,0.0,0.3,0.0
2008-07-04,0.0,0.0,0.0
2008-07-05,0.0,0.0,0.0
2008-07-06,0.0,0.0,0.0
2008-07-07,0.0,0.0,0.0
2008-07-08,0.0,1.2,0.0
2008-07-09,0.0,0.7,0.0
2008-07-10,0.0,3.7,1.4
2008-07-11,0.0,0.0,0.0
2008-07-12,0.0,1.7,0.0
2008-07-13,0.0,0.0,0.0
2008-07-14,0.0,0.0,0.0
2008-07-15,0.0,0.0,0.0
2008-07-16,0.0,0.0,0.0
2008-07-17,0.0,0.0,0.0
2008-07-18,0.0,0.0,0.0
2008-07-19,0.0,0.3,0.0
2008-07-20,0.0,0.0,0.0
2008-07-21,0.0,0.0,0.0
2008-07-22,0.0,0.3,0.0
2008-07-23,0.0,0.0,0.0
2008-07-24,0.0,0.0,0.0
2008-07-25,0.0,2.6,1.6
2008-07-26,0.0,5.1,4.1
2008-07-27,0.0,2.3,1.6
2008-07-28,0.0,3.3,2.5
2008-07-29,0.0,3.5,2.3
2008-07-30,0.0,0.0,0.0
2008-07-31,0.0,0.0,0.0
2008-08-01,0.0,0.0,0.0
2008-08-02,0.0,8.2,9.2
2008-08-03,0.0,0.0,0.0
2008-08-04,0.0,0.0,0.0
2008-08-05,0.0,0.0,0.0
2008-08-06,0.0,0.0,0.0
2008-08-07,0.0,1.4,1.6
2008-08-08,0.0,0.3,0.0
2008-08-09,0.0,0.5,0.0
2008-08-10,0.0,4.2,4.6
2008-08-11,0.0,8.2,6.8
2008-08-12,0.0,1.4,0.0
2008-08-13,0.0,4.6,2.8
2008-08-14,0.0,7.4,6.5
2008-08-15,7.0,15.8,20.4
2008-08-16,0.0,0.4,0.0
2008-08-17,0.0,0.0,0.0
2008-08-18,0.0,1.3,0.0
2008-08-19,0.0,34.8,42.4
2008-08-20,0.0,2.7,1.0
2008-08-21,0.0,0.1,0.0
2008-08-22,0.0,0.0,0.0
2008-08-23,0.0,0.2,0.0
2008-08-24,0.0,1.0,0.0
2008-08-25,1.0,0.0,0.0
2008-08-26,1.1,0.2,0.0
2008-08-27,0.0,3.7,2.5
2008-08-28,3.0,2.9,2.1
2008-08-29,0.0,0.9,0.0
2008-08-30,0.0,10.1,13.9
2008-08-31,14.0,1.9,1.7
2008-09-01,0.0,0.0,0.0
2008-09-02,10.5,2.8,2.7
2008-09-03,1.6,14.5,32.0
2008-09-04,0.0,0.0,0.0
2008-09-05,0.0,0.5,0.0
2008-09-06,0.0,0.3,0.0
2008-09-07,0.0,0.4,0.0
2008-09-08,1.1,5.7,6.6
2008-09-10,0.6,0.5,0.0
2008-09-11,0.0,3.2,3.7
2008-09-12,0.0,4.9,6.1
2008-09-13,0.2,1.4,3.3
2008-09-14,42.5,11.6,13.3
2008-09-15,0.0,0.1,0.0
2008-09-16,0.0,0.0,0.0
2008-09-17,0.0,0.0,0.0
2008-09-18,0.0,0.0,0.0
2008-09-19,0.0,0.0,0.0
2008-09-20,0.0,0.0,0.0
2008-09-21,0.0,0.9,0.0
2008-09-22,0.0,0.0,0.0
2008-09-23,0.0,0.0,0.0
2008-09-24,0.0,0.0,0.0
2008-09-25,0.0,0.0,0.0
2008-09-26,0.0,0.0,0.0
2008-09-27,0.0,0.2,0.0
2008-09-28,10.8,1.4,1.0
2008-09-29,12.5,1.1,0.0
2008-09-30,133.0,4.1,4.1
2008-10-01,0.0,10.4,10.8
2008-10-02,3.5,0.0,0.0
2008-10-03,3.6,0.2,0.0
2008-10-04,0.0,4.0,3.9
2008-10-05,0.8,1.4,1.0
2008-10-06,1.0,0.0,0.0
2008-10-07,0.0,0.0,0.0
2008-10-08,0.0,0.4,0.0
2008-10-09,0.5,0.6,0.0
2008-10-10,16.0,4.9,4.2
2008-10-11,4.0,4.3,3.1
2008-10-12,3.5,5.8,6.2
2008-10-13,1.0,9.2,11.9
2008-10-14,2.2,5.8,6.0
2008-10-15,0.0,0.0,0.0
2008-10-16,0.0,0.0,0.0
2008-10-17,0.0,2.2,0.0
2008-10-18,19.0,2.3,0.0
2008-10-19,8.0,6.1,6.0
2008-10-20,0.0,2.7,1.0
2008-10-21,0.0,12.5,7.7
2008-10-22,3.5,2.5,0.0
2008-10-23,3.5,60.9,58.2
2008-10-24,0.0,4.8,2.2
2008-10-25,0.0,0.4,0.0
2008-10-26,12.0,18.0,11.3
2008-10-27,0.0,0.2,0.0
2008-10-28,33.0,7.1,3.9
2008-10-29,0.0,1.3,0.0
2008-10-30,0.0,0.7,0.0
2008-10-31,5.5,4.3,1.8
2008-11-01,0.0,7.5,6.9
2008-11-02,23.0,8.8,9.1
2008-11-03,3.5,25.9,50.6
2008-11-04,5.0,9.2,10.1
2008-11-05,29.5,17.1,26.2
2008-11-06,7.0,0.4,0.0
2008-11-07,0.0,20.7,36.5
2008-11-08,3.0,19.4,31.7
2008-11-09,23.6,46.1,108.6
2008-11-10,0.0,3.2,1.0
2008-11-11,8.5,1.5,0.0
2008-11-12,10.5,0.4,0.0
2008-11-13,0.0,0.4,0.0
2008-11-14,0.0,1.8,1.0
2008-11-15,2.4,19.0,18.3
2008-11-16,0.0,0.8,0.0
2008-11-17,3.5,6.0,4.0
2008-11-18,0.0,7.3,5.2
2008-11-19,0.0,10.7,7.8
2008-11-20,1.0,9.1,6.6
2008-11-21,0.0,0.3,0.0
2008-11-22,0.0,4.8,1.0
2008-11-23,24.5,28.2,25.2
2008-11-24,7.0,20.9,13.3
2008-11-25,13.5,13.8,8.7
2008-11-26,14.0,11.7,6.3
2008-11-27,2.7,0.6,0.0
2008-11-28,4.5,0.5,0.0
2008-11-29,0.0,0.5,0.0
2008-11-30,0.0,0.3,0.0
2008-12-01,0.0,5.2,2.3
2008-12-02,30.0,9.2,7.0
2008-12-03,0.0,2.7,0.0
2008-12-04,0.0,5.7,2.8
2008-12-05,0.0,3.6,1.0
2008-12-06,0.0,2.3,0.0
2008-12-07,0.0,5.4,2.5
2008-12-08,0.0,2.0,0.0
2008-12-09,0.0,4.7,1.7
2008-12-10,13.4,41.6,50.9
2008-12-11,0.0,28.5,32.8
2008-12-12,4.6,15.7,12.5
2008-12-13,0.0,10.2,6.1
2008-12-14,2.9,16.0,12.8
2008-12-15,30.2,1.5,0.0
2008-12-16,0.5,9.2,5.0
2008-12-17,59.5,21.1,19.6
2008-12-18,0.0,23.4,24.1
2008-12-19,12.0,12.1,8.2
2008-12-20,8.0,0.4,0.0
2008-12-21,0.5,0.0,0.0
2008-12-22,6.0,22.8,24.3
2008-12-23,0.0,4.3,1.0
2008-12-24,0.3,3.2,0.0
2008-12-25,8.5,17.5,15.3
2008-12-26,0.0,11.2,8.1
2008-12-27,10.0,3.7,0.0
2008-12-28,0.5,5.2,1.3
2008-12-29,0.0,4.1,1.0
2008-12-30,1.6,5.9,2.1
2008-12-31,7.4,0.7,0.0
2009-01-01,16.0,20.7,19.0
2009-01-02,3.0,1.1,0.0
2009-01-03,0.0,0.5,0.0
2009-01-04,0.0,3.1,1.0
2009-01-05,0.0,2.3,0.0
2009-01-06,0.0,13.6,11.0
2009-01-07,5.5,22.1,21.6
2009-01-08,5.0,2.4,0.0
2009-01-09,6.4,20.0,16.8
2009-01-10,14.0,10.3,7.8
2009-01-11,23.5,15.0,17.0
2009-01-12,14.1,11.9,12.5
2009-01-13,1.5,6.3,5.4
2009-01-14,2.7,4.2,2.7
2009-01-15,1.5,4.1,2.6
2009-01-16,0.0,1.8,0.0
2009-01-17,0.0,0.2,0.0
2009-01-18,0.0,0.0,0.0
2009-01-19,23.0,0.4,0.0
2009-01-20,0.0,0.0,0.0
2009-01-21,0.0,1.9,0.0
2009-01-22,0.0,0.0,0.0
2009-01-23,0.0,0.0,0.0
2009-01-24,50.5,18.1,16.9
2009-01-25,1.6,7.9,5.5
2009-01-27,43.5,13.7,12.0
2009-01-28,10.0,14.6,13.0
2009-01-29,11.5,20.8,20.8
2009-01-30,21.0,35.4,45.2
2009-01-31,24.0,73.2,77.9
2009-02-01,29.0,31.0,26.7
2009-02-02,5.4,9.0,6.3
2009-02-03,8.6,24.0,21.0
2009-02-04,0.6,9.7,6.8
2009-02-05,2.0,7.4,5.1
2009-02-06,0.0,5.1,3.3
2009-02-07,0.0,2.7,1.4
2009-02-08,0.0,0.1,0.0
2009-02-09,5.3,21.3,16.8
2009-02-10,0.0,6.8,4.6
2009-02-11,0.0,4.8,2.4
2009-02-12,0.0,5.8,3.3
2009-02-13,0.0,0.6,0.0
2009-02-14,0.0,0.7,0.0
2009-02-15,0.0,3.5,1.2
2009-02-16,0.0,8.6,5.9
2009-02-17,53.0,46.7,62.1
2009-02-18,0.0,2.4,1.0
2009-02-19,0.0,11.5,8.7
2009-02-20,2.0,1.5,0.0
2009-02-21,0.0,0.0,0.0
2009-02-22,3.8,8.2,8.4
2009-02-23,0.3,6.9,6.7
2009-02-24,1.5,1.8,0.0
2009-02-25,0.0,1.5,0.0
2009-02-26,27.9,16.5,19.8
2009-02-27,29.0,29.8,50.5
2009-02-28,0.0,2.2,0.0
2009-03-01,0.0,1.5,0.0
2009-03-02,0.0,0.2,0.0
2009-03-03,0.0,4.0,0.0
2009-03-04,129.8,5.6,1.0
2009-03-05,64.1,34.7,42.6
2009-03-06,0.0,0.0,0.0
2009-03-07,4.5,4.8,1.0
2009-03-08,0.0,0.1,0.0
2009-03-09,18.1,65.1,74.0
2009-03-10,6.5,0.7,0.0
2009-03-11,0.0,0.2,0.0
2009-03-12,5.0,2.0,1.2
2009-03-13,0.0,0.7,0.0
2009-03-14,0.0,0.2,0.0
2009-03-15,0.0,1.0,0.0
2009-03-16,0.0,0.0,0.0
2009-03-17,0.0,0.0,0.0
2009-03-18,0.0,0.3,0.0
2009-03-19,51.0,1.6,1.0
2009-03-20,0.0,0.3,0.0
2009-03-21,1.0,0.6,0.0
2009-03-22,10.3,23.9,24.3
2009-03-23,0.0,0.8,0.0
2009-03-24,0.5,6.3,2.7
2009-03-25,0.5,1.3,0.0
2009-03-26,2.0,4.1,1.0
2009-03-27,6.4,0.4,0.0
2009-03-28,0.0,0.6,0.0
2009-03-29,0.0,0.6,0.0
2009-03-30,0.0,3.6,1.0
2009-03-31,3.0,3.7,1.0
2009-04-01,0.0,0.0,0.0
2009-04-02,4.0,2.2,1.0
2009-04-03,4.3,1.1,0.0
2009-04-04,8.5,8.7,9.6
2009-04-05,0.0,1.1,0.0
2009-04-06,3.0,9.5,11.8
2009-04-07,3.0,13.2,15.4
2009-04-08,36.2,5.3,4.8
2009-04-09,28.7,42.8,71.7
2009-04-10,5.0,22.6,38.6
2009-04-11,1.5,4.4,4.6
2009-04-12,2.0,6.9,9.3
2009-04-13,0.0,0.4,0.0
2009-04-14,20.6,0.0,0.0
2009-04-15,5.5,0.0,0.0
2009-04-16,0.0,0.9,0.0
2009-04-17,0.0,0.2,0.0
2009-04-18,0.0,0.0,0.0
2009-04-19,0.0,0.9,0.0
2009-04-20,0.0,0.0,0.0
2009-04-21,0.0,1.4,0.0
2009-04-22,0.0,0.0,0.0
2009-04-23,0.0,5.7,3.7
2009-04-24,0.0,0.1,0.0
2009-04-25,0.0,0.0,0.0
2009-04-26,0.0,0.0,0.0
2009-04-27,0.0,0.0,0.0
2009-04-28,0.0,0.0,0.0
2009-04-29,0.0,5.2,3.2
2009-04-30,0.0,0.0,0.0
2009-05-01,0.0,9.7,9.9
2009-05-02,0.0,0.0,0.0
2009-05-03,0.0,1.2,0.0
2009-05-04,0.0,4.2,2.4
2009-05-05,0.0,1.8,0.0
2009-05-06,0.0,0.3,0.0
2009-05-07,0.0,0.0,0.0
2009-05-08,2.0,0.5,0.0
2009-05-09,0.0,11.1,11.4
2009-05-10,30.3,23.9,40.4
2009-05-11,78.6,28.3,35.0
2009-05-12,0.0,0.9,0.0
2009-05-13,70.0,41.3,47.0
2009-05-14,0.0,10.5,8.8
2009-05-15,5.3,56.2,49.1
2009-05-16,48.2,1.6,0.0
2009-05-17,0.0,10.1,7.6
2009-05-18,0.0,12.1,9.5
2009-05-19,0.0,5.6,3.4
2009-05-20,0.0,0.3,0.0
2009-05-21,0.0,1.1,0.0
2009-05-22,0.0,1.1,0.0
2009-05-23,0.0,0.0,0.0
2009-05-24,0.0,0.0,0.0
2009-05-25,0.0,0.0,0.0
2009-05-26,0.0,0.0,0.0
2009-05-27,0.0,0.0,0.0
2009-05-28,0.0,0.0,0.0
2009-05-29,0.0,0.0,0.0
2009-05-30,0.0,0.0,0.0
2009-05-31,0.0,3.2,1.2
2009-06-01,0.0,3.0,1.0
2009-06-02,18.6,10.0,9.3
2009-06-03,0.0,0.1,0.0
2009-06-04,0.0,0.0,0.0
2009-06-05,2.9,3.0,1.0
2009-06-06,0.0,1.3,0.0
2009-06-07,40.4,18.5,27.4
2009-06-08,0.0,6.0,5.1
2009-06-09,0.0,2.0,0.0
2009-06-10,8.9,4.2,2.4
2009-06-11,1.1,4.9,1.4
2009-06-12,13.5,1.5,0.0
2009-06-13,2.2,1.5,0.0
2009-06-14,4.6,22.0,24.1
2009-06-15,40.1,23.7,26.2
2009-06-16,0.0,1.2,0.0
2009-06-17,7.6,4.7,1.2
2009-06-18,3.0,0.1,0.0
2009-06-19,0.0,0.0,0.0
2009-06-20,0.0,0.0,0.0
2009-06-21,0.0,0.0,0.0
2009-06-22,0.0,0.0,0.0
2009-06-23,13.4,2.5,0.0
2009-06-24,0.0,0.0,0.0
2009-06-25,1.0,0.9,0.0
2009-06-26,0.0,1.6,0.0
2009-06-27,1.0,0.4,0.0
2009-06-28,0.0,0.9,0.0
2009-06-29,4.7,6.7,5.7
2009-06-30,0.0,1.4,0.0
2009-07-01,0.0,0.5,0.0
2009-07-02,0.0,0.8,0.0
2009-07-03,0.0,0.3,0.0
2009-07-04,1.0,0.9,0.0
2009-07-05,0.0,7.6,4.9
2009-07-06,0.0,0.0,0.0
2009-07-07,0.0,0.3,0.0
2009-07-08,0.0,1.2,0.0
2009-07-09,0.0,1.5,0.0
2009-07-10,2.0,0.0,0.0
2009-07-11,0.0,1.0,0.0
2009-07-12,0.0,0.0,0.0
2009-07-13,0.0,0.6,0.0
2009-07-14,0.0,0.1,0.0
2009-07-15,0.0,0.0,0.0
2009-07-16,0.0,0.0,0.0
2009-07-17,0.0,1.8,0.0
2009-07-18,0.0,0.1,0.0
2009-07-19,0.0,0.0,0.0
2009-07-20,0.0,0.0,0.0
2009-07-21,0.0,0.0,0.0
2009-07-22,69.5,4.9,4.2
2009-07-23,0.0,0.0,0.0
2009-07-24,9.0,0.0,0.0
2009-07-25,0.5,12.8,15.6
2009-07-26,12.5,58.8,51.8
2009-07-27,0.0,13.7,17.5
2009-07-28,0.0,0.0,0.0
2009-07-29,0.0,0.2,0.0
2009-07-30,0.0,0.0,0.0
2009-07-31,0.0,0.0,0.0
2009-08-01,0.0,0.0,0.0
2009-08-02,0.0,0.0,0.0
2009-08-03,0.0,0.0,0.0
2009-08-04,0.0,0.0,0.0
2009-08-05,0.0,0.0,0.0
2009-08-06,0.0,0.0,0.0
2009-08-07,0.0,0.0,0.0
2009-08-08,0.0,0.0,0.0
2009-08-09,0.0,0.0,0.0
2009-08-10,0.0,0.2,0.0
2009-08-11,3.0,6.0,4.1
2009-08-12,0.0,0.0,0.0
2009-08-13,0.3,0.7,0.0
2009-08-14,5.0,0.0,0.0
2009-08-15,0.0,0.2,0.0
2009-08-16,0.0,3.5,1.3
2009-08-17,6.0,5.4,4.5
2009-08-18,33.7,0.1,0.0
2009-08-19,0.0,0.0,0.0
2009-08-20,0.0,0.0,0.0
2009-08-21,0.0,0.6,0.0
2009-08-22,0.0,0.0,0.0
2009-08-23,0.0,0.0,0.0
2009-08-24,0.0,0.0,0.0
2009-08-25,2.5,0.0,0.0
2009-08-26,9.5,12.5,17.3
2009-08-27,85.0,1.1,0.0
2009-08-28,5.9,0.2,0.0
2009-08-29,0.0,1.4,0.0
2009-08-30,0.0,0.0,0.0
2009-08-31,0.0,0.0,0.0
2009-09-01,0.0,0.0,0.0
2009-09-02,0.0,0.0,0.0
2009-09-03,0.0,0.0,0.0
2009-09-04,0.0,0.9,0.0
2009-09-05,1.4,0.0,0.0
2009-09-06,16.0,4.2,4.6
2009-09-07,0.0,0.0,0.0
2009-09-08,0.0,0.0,0.0
2009-09-09,0.0,0.0,0.0
2009-09-10,2.6,0.0,0.0
2009-09-11,0.0,0.2,0.0
2009-09-12,0.0,0.0,0.0
2009-09-13,0.0,0.0,0.0
2009-09-14,0.0,0.0,0.0
2009-09-15,2.5,0.0,0.0
2009-09-16,33.0,25.3,24.6
2009-09-17,1.5,0.0,0.0
2009-09-18,0.0,0.1,0.0
2009-09-19,0.0,0.0,0.0
2009-09-20,0.0,0.0,0.0
2009-09-21,0.0,0.0,0.0
2009-09-22,0.0,0.0,0.0
2009-09-23,0.0,0.0,0.0
2009-09-24,0.0,0.0,0.0
2009-09-25,5.7,0.0,0.0
2009-09-26,0.0,0.0,0.0
2009-09-27,0.0,0.0,0.0
2009-09-28,0.0,0.0,0.0
2009-09-29,0.0,0.0,0.0
2009-09-30,0.0,0.0,0.0
2009-10-01,8.0,0.0,0.0
2009-10-02,9.0,9.8,10.2
2009-10-03,0.0,7.3,6.8
2009-10-04,50.2,15.3,22.7
2009-10-05,16.5,46.9,56.6
2009-10-06,0.0,4.0,3.1
2009-10-07,0.0,0.0,0.0
2009-10-08,0.0,0.0,0.0
2009-10-09,0.0,0.0,0.0
2009-10-10,0.0,0.3,0.0
2009-10-11,4.0,6.2,6.2
2009-10-12,0.0,10.7,14.3
2009-10-13,1.0,12.3,16.9
2009-10-14,6.3,13.8,19.1
2009-10-15,25.0,8.5,10.2
2009-10-16,0.0,0.0,0.0
2009-10-17,0.0,0.0,0.0
2009-10-18,9.5,0.0,0.0
2009-10-19,0.0,0.5,0.0
2009-10-20,0.0,0.3,0.0
2009-10-21,0.0,0.4,0.0
2009-10-22,0.0,0.0,0.0
2009-10-23,0.0,0.1,0.0
2009-10-24,4.4,13.1,8.1
2009-10-25,1.0,12.4,7.5
2009-10-26,0.0,2.3,0.0
2009-10-27,3.8,0.8,0.0
2009-10-28,0.0,0.1,0.0
2009-10-29,0.0,0.4,0.0
2009-10-30,0.0,0.0,0.0
2009-10-31,0.0,0.0,0.0
2009-11-01,0.0,0.6,0.0
2009-11-02,0.0,0.0,0.0
2009-11-03,5.0,3.2,1.0
2009-11-04,15.4,15.7,21.6
2009-11-05,0.0,0.4,0.0
2009-11-06,0.0,7.5,6.9
2009-11-07,1.6,2.3,0.0
2009-11-08,0.0,2.2,0.0
2009-11-09,19.0,21.3,36.9
2009-11-10,0.8,12.2,14.3
2009-11-11,0.0,6.1,4.2
2009-11-12,7.5,37.2,29.0
2009-11-13,19.6,53.3,40.8
2009-11-14,0.0,0.7,0.0
2009-11-15,0.0,0.5,0.0
2009-11-16,0.5,1.0,0.0
2009-11-17,0.0,3.7,2.1
2009-11-18,1.0,9.8,7.1
2009-11-19,0.0,5.3,3.5
2009-11-20,10.0,5.3,3.5
2009-11-21,20.4,24.4,18.5
2009-11-22,0.0,2.6,0.0
2009-11-23,0.0,6.5,2.0
2009-11-24,6.0,5.4,1.0
2009-11-25,1.8,3.3,0.0
2009-11-26,0.0,0.2,0.0
2009-11-27,0.0,1.9,0.0
2009-11-28,0.0,1.9,0.0
2009-11-29,6.0,4.7,1.0
2009-11-30,0.0,6.3,1.8
2009-12-01,3.5,3.0,0.0
2009-12-02,0.0,0.5,0.0
2009-12-03,17.1,26.6,36.8
2009-12-04,0.0,7.8,5.3
2009-12-05,0.0,0.4,0.0
2009-12-06,1.0,61.2,56.2
2009-12-07,0.0,0.4,0.0
2009-12-08,0.0,0.0,0.0
2009-12-09,9.5,23.7,31.6
2009-12-10,1.8,14.3,12.7
2009-12-11,4.4,1.1,0.0
2009-12-12,0.0,0.2,0.0
2009-12-13,1.3,22.2,19.1
2009-12-14,0.0,5.3,1.0
2009-12-15,9.8,25.3,27.1
2009-12-16,1.0,23.9,25.1
2009-12-17,0.0,32.7,41.4
2009-12-18,0.0,0.5,0.0
2009-12-19,0.0,0.1,0.0
2009-12-20,1.6,9.2,5.0
2009-12-21,0.0,2.9,0.0
2009-12-22,1.0,2.0,0.0
2009-12-23,2.2,8.9,5.4
2009-12-24,0.8,11.7,8.7
2009-12-25,0.0,10.7,7.5
2009-12-26,0.0,6.2,2.5
2009-12-27,6.0,35.3,42.8
2009-12-28,14.0,6.6,2.9
2009-12-29,0.0,3.4,0.0
2009-12-30,1.0,44.1,55.7
2009-12-31,26.0,12.3,9.3
2010-01-02,9.0,0.6,0.0
2010-01-08,19.2,17.7,14.0
2010-01-09,10.0,10.4,7.9
2010-01-10,17.6,58.1,59.4
2010-01-11,1.0,10.4,10.6
2010-01-13,17.0,16.8,20.8
2010-01-14,16.5,10.5,10.6
2010-01-16,4.0,2.3,0.0
2010-01-17,18.5,0.5,0.0
2010-01-18,28.6,3.0,1.2
2010-01-20,4.0,15.1,15.9
2010-01-21,2.5,2.9,0.0
2010-01-22,4.0,36.4,43.6
2010-01-23,1.0,6.4,3.9
2010-01-24,7.4,10.0,7.9
2010-01-25,3.0,10.0,7.8
2010-01-26,16.5,3.9,1.1
2010-01-27,41.5,9.2,7.0
2010-01-29,5.0,35.3,43.6
2010-01-30,7.0,18.3,17.2
2010-02-01,13.3,0.2,0.0
2010-02-02,26.8,0.0,0.0
2010-02-03,0.0,0.6,0.0
2010-02-04,0.0,11.4,8.1
2010-02-05,4.5,24.7,22.0
2010-02-06,7.2,3.5,2.1
2010-02-07,0.0,23.1,18.2
2010-02-08,71.0,37.9,30.8
2010-02-09,0.0,2.2,1.1
2010-02-10,0.0,0.7,0.0
2010-02-11,0.0,4.6,2.2
2010-02-12,11.4,71.9,80.6
2010-02-13,60.5,68.1,80.3
2010-02-14,37.0,43.3,57.3
2010-02-15,25.5,9.8,7.1
2010-02-16,7.8,17.4,17.9
2010-02-17,0.0,0.8,0.0
2010-02-18,0.0,112.1,80.5
2010-02-19,41.8,3.1,1.0
2010-02-20,0.0,10.6,7.9
2010-02-21,0.0,5.9,5.2
2010-02-22,0.0,1.9,0.0
2010-02-23,0.0,11.9,13.4
2010-02-24,12.7,47.6,65.8
2010-02-25,13.0,1.2,0.0
2010-02-26,0.0,1.8,0.0
2010-02-27,0.0,0.0,0.0
2010-02-28,0.0,0.9,0.0
2010-03-01,0.0,0.2,0.0
2010-03-02,0.0,0.2,0.0
2010-03-03,0.0,0.2,0.0
2010-03-04,7.8,23.8,27.9
2010-03-05,0.0,12.4,7.9
2010-03-06,0.0,6.8,1.9
2010-03-07,0.0,9.5,4.8
2010-03-08,0.0,1.6,0.0
2010-03-09,26.0,29.8,40.0
2010-03-10,8.0,22.1,17.7
2010-03-11,0.0,0.0,0.0
2010-03-12,0.0,0.3,0.0
2010-03-13,3.0,23.7,28.4
2010-03-14,2.0,2.2,1.5
2010-03-15,38.5,7.9,7.1
2010-03-16,0.0,13.0,13.0
2010-03-17,28.0,14.4,13.4
2010-03-18,8.0,10.0,9.2
2010-03-19,0.0,2.1,1.3
2010-03-20,0.0,0.6,0.0
2010-03-21,0.0,1.4,0.0
2010-03-22,0.0,4.3,1.0
2010-03-23,0.0,0.3,0.0
2010-03-24,0.0,1.1,0.0
2010-03-25,9.8,6.2,2.5
2010-03-26,5.5,29.4,37.0
2010-03-27,32.0,26.2,30.3
2010-03-28,10.5,14.8,12.4
2010-03-29,52.5,23.6,26.4
2010-03-30,0.2,3.8,1.0
2010-03-31,12.3,31.6,41.1
2010-04-01,3.0,4.7,4.0
2010-04-03,11.1,4.7,4.0
2010-04-05,2.6,0.0,0.0
2010-04-08,5.0,5.0,4.4
2010-04-10,2.7,6.7,6.8
2010-04-13,84.2,44.1,57.1
2010-04-14,21.2,8.5,11.3
2010-04-16,9.8,4.8,5.2
2010-04-20,16.5,16.0,25.0
2010-04-21,2.0,0.9,0.0
2010-04-30,0.5,1.4,0.0
2010-05-02,1.5,15.2,20.1
2010-05-03,4.0,2.5,1.0
2010-05-04,10.0,13.7,16.7
2010-05-06,14.3,3.1,1.1
2010-05-07,1.6,0.6,0.0
2010-05-11,0.2,3.4,1.1
2010-05-13,1.1,3.4,1.1
2010-05-14,7.0,5.6,3.4
2010-05-16,4.4,14.2,11.4
2010-05-18,3.5,0.0,0.0
2010-05-20,1.0,0.5,0.0
2010-05-22,2.6,0.1,0.0
2010-05-24,6.4,1.7,0.0
2010-05-25,0.3,7.2,5.2
2010-05-26,114.5,0.9,0.0
2010-05-29,18.6,9.6,8.1
2010-05-30,0.8,8.1,6.2
2010-05-31,2.2,1.5,0.0
2010-06-04,12.0,11.2,16.5
2010-06-06,20.3,2.2,1.0
2010-06-07,1.5,1.5,0.0
2010-06-09,12.6,1.0,0.0
2010-06-11,13.2,0.5,0.0
2010-06-12,10.5,2.9,0.0
2010-06-15,22.0,6.1,2.8
2010-06-16,4.8,9.2,6.1
2010-06-17,1.5,7.6,4.4
2010-06-18,1.0,8.3,5.6
2010-06-19,74.0,39.5,36.7
2010-06-20,10.0,15.3,12.6
2010-06-21,11.3,12.2,9.6
2010-06-24,4.9,27.2,34.8
2010-06-27,2.3,2.0,0.0
2010-06-29,0.7,5.7,2.6
2010-07-01,14.6,38.9,38.7
2010-07-02,2.0,6.4,4.4
2010-07-03,6.2,7.9,5.1
2010-07-04,0.0,0.7,0.0
2010-07-05,0.0,5.9,3.7
2010-07-06,1.6,1.8,0.0
2010-07-07,17.0,2.7,1.0
2010-07-08,1.9,12.8,9.9
2010-07-09,0.0,0.0,0.0
2010-07-10,14.0,25.5,25.1
2010-07-11,0.0,7.9,6.1
2010-07-12,0.0,3.8,1.8
2010-07-13,0.4,17.3,23.9
2010-07-14,0.0,8.4,7.2
2010-07-15,13.0,34.3,41.2
2010-07-16,2.7,17.1,22.1
2010-07-17,5.8,60.5,42.9
2010-07-18,29.7,12.8,12.5
2010-07-19,12.3,26.5,34.7
2010-07-20,0.0,5.2,3.9
2010-07-21,89.3,0.0,0.0
2010-07-22,0.0,0.0,0.0
2010-07-23,0.0,0.0,0.0
2010-07-24,0.0,0.1,0.0
2010-07-25,1.0,2.1,1.0
2010-07-26,50.0,99.1,51.3
2010-07-27,8.0,30.0,50.1
2010-07-28,0.0,0.3,0.0
2010-07-29,0.8,0.5,0.0
2010-07-30,2.2,8.5,7.8
2010-07-31,0.0,2.7,1.7
2010-08-01,0.3,0.0,0.0
2010-08-02,17.4,1.8,1.8
2010-08-04,3.6,12.6,22.2
2010-08-06,46.0,18.1,28.9
2010-08-08,1.0,9.8,15.9
2010-08-11,38.8,16.9,22.8
2010-08-12,2.0,14.4,17.1
2010-08-13,8.7,2.3,0.0
2010-08-14,1.0,9.3,9.7
2010-08-15,6.0,14.6,18.0
2010-08-17,26.3,4.0,3.5
2010-08-22,2.6,9.6,9.9
2010-08-24,4.6,8.6,8.5
2010-08-25,1.0,8.5,8.4
2010-08-26,63.0,7.0,6.2
2010-08-27,1.6,8.0,7.8
2010-09-01,40.0,7.1,9.1
2010-09-02,11.5,0.3,0.0
2010-09-03,20.8,0.1,0.0
2010-09-04,12.4,0.9,0.0
2010-09-05,8.0,24.7,41.7
2010-09-07,26.4,11.4,25.0
2010-09-08,3.0,12.6,28.7
2010-09-10,22.8,5.3,6.6
2010-09-11,2.4,1.2,1.6
2010-09-14,4.0,16.4,12.8
2010-09-20,0.4,16.7,14.3
2010-09-21,8.8,26.3,24.3
2010-09-22,54.5,12.7,11.2
2010-09-23,1.0,8.9,8.3
2010-09-25,10.0,71.6,73.1
2010-09-26,36.8,5.7,4.8
2010-09-27,1.5,34.0,33.8
2010-10-03,43.8,102.5,68.0
2010-10-04,3.0,10.9,14.9
2010-10-05,11.6,3.7,3.1
2010-10-06,16.5,12.5,19.5
2010-10-08,6.6,4.1,3.9
2010-10-12,19.0,3.4,1.7
2010-10-13,3.2,30.5,67.3
2010-10-25,30.8,109.2,63.3
2010-10-26,1.7,7.7,4.6
2010-10-29,2.9,7.2,4.7
2010-10-30,6.0,5.5,2.7
2010-11-03,0.2,11.8,15.1
2010-11-07,28.0,26.1,51.6
2010-11-11,7.0,14.7,11.1
2010-11-12,0.5,7.9,5.6
2010-11-14,1.0,10.4,7.6
2010-11-15,0.2,159.9,42.9
2010-11-16,2.0,16.1,13.4
2010-11-23,1.0,1.9,0.0
2010-11-24,15.3,43.2,43.6
2010-12-02,8.0,39.7,50.2
2010-12-03,38.0,11.2,9.5
2010-12-04,82.9,21.2,27.1
2010-12-06,7.5,41.9,51.8
2010-12-07,1.0,16.0,16.0
2010-12-09,0.8,18.5,18.4
2010-12-11,1.8,5.3,1.0
2010-12-14,6.3,26.2,29.3
2010-12-15,8.7,28.1,33.7
2010-12-16,1.0,3.1,0.0
2010-12-18,3.8,8.7,4.5
2010-12-19,0.2,0.2,0.0
2010-12-21,0.6,26.0,27.3
2010-12-27,2.0,1.9,0.0
2010-12-29,5.0,1.0,0.0
2011-01-01,0.0,10.5,8.0
2011-01-02,0.0,3.8,1.1
2011-01-04,13.6,10.1,7.7
2011-01-05,15.5,12.5,10.0
2011-01-06,13.1,14.7,12.1
2011-01-07,15.5,88.8,84.6
2011-01-08,11.2,13.2,10.7
2011-01-09,30.0,109.7,86.6
2011-01-10,30.0,3.4,1.0
2011-01-11,0.0,2.7,1.0
2011-01-12,0.0,2.4,1.0
2011-01-14,0.0,3.6,2.0
2011-01-15,0.0,1.4,0.0
2011-01-16,0.2,5.9,4.9
2011-01-17,2.0,6.6,5.8
2011-01-18,1.5,1.1,0.0
2011-01-19,10.0,6.6,5.8
2011-01-20,0.0,2.0,0.0
2011-01-21,0.5,4.7,2.0
2011-01-22,7.0,7.0,4.5
2011-01-23,8.0,10.1,8.0
2011-01-24,0.2,26.1,31.4
2011-01-25,20.5,43.9,53.4
2011-01-26,56.8,7.7,5.3
2011-01-27,3.9,11.9,10.0
2011-01-28,29.5,22.2,27.2
2011-01-29,13.0,10.1,8.0
2011-01-30,0.2,3.1,1.0
2011-01-31,0.0,0.0,0.0
2011-02-01,0.0,6.2,4.1
2011-02-03,40.5,17.2,12.8
2011-02-04,14.5,4.8,3.1
2011-02-05,1.3,7.1,4.8
2011-02-06,14.3,0.2,0.0
2011-02-07,0.0,0.9,0.0
2011-02-08,27.0,0.6,0.0
2011-02-10,0.0,6.7,4.5
2011-02-11,13.7,0.0,0.0
2011-02-12,0.0,0.1,0.0
2011-02-13,0.0,3.0,1.0
2011-02-14,5.5,34.1,45.8
2011-02-15,6.0,0.6,0.0
2011-02-16,0.0,6.9,4.4
2011-02-17,6.8,4.6,2.2
2011-02-18,0.6,0.4,0.0
2011-02-19,3.0,1.7,0.0
2011-02-20,0.2,1.2,0.0
2011-02-21,0.0,4.1,2.7
2011-02-22,0.0,5.5,4.7
2011-02-23,4.9,4.0,2.6
2011-02-24,1.2,0.5,0.0
2011-02-25,0.0,12.6,14.3
2011-02-26,3.9,13.6,15.6
2011-02-27,7.0,18.4,24.7
2011-02-28,7.5,4.2,2.8
2011-03-02,0.0,0.1,0.0
2011-03-04,1.5,6.2,1.4
2011-03-05,0.0,0.1,0.0
2011-03-06,0.0,2.2,0.0
2011-03-07,0.0,6.0,1.2
2011-03-08,0.0,1.0,0.0
2011-03-09,0.0,3.6,0.0
2011-03-10,0.0,11.7,7.1
2011-03-11,0.0,1.5,1.0
2011-03-12,0.0,2.6,1.8
2011-03-13,0.0,6.4,5.7
2011-03-14,0.0,2.1,1.3
2011-03-15,0.0,2.5,1.7
2011-03-16,1.6,0.1,0.0
2011-03-17,1.5,0.0,0.0
2011-03-19,0.0,2.2,1.4
2011-03-20,22.5,1.1,0.0
2011-03-21,1.7,0.2,0.0
2011-03-22,2.3,6.4,2.8
2011-03-23,0.0,1.9,0.0
2011-03-24,0.0,7.5,3.9
2011-03-26,0.0,2.9,0.0
2011-03-27,0.0,6.2,2.6
2011-03-31,0.0,4.5,1.0
2011-04-01,0.0,0.1,0.0
2011-04-04,0.0,0.1,0.0
2011-04-05,0.0,0.5,0.0
2011-04-06,2.0,0.0,0.0
2011-04-07,13.5,4.0,3.1
2011-04-08,71.2,13.4,16.7
2011-04-09,0.0,26.1,45.1
2011-04-10,0.0,1.6,1.0
2011-04-11,0.0,5.2,5.7
2011-04-12,17.6,1.1,1.0
2011-04-13,0.0,1.4,1.0
2011-04-14,0.0,0.2,0.0
2011-04-15,0.0,0.0,0.0
2011-04-16,0.0,0.4,0.0
2011-04-17,0.0,0.2,0.0
2011-04-18,4.0,0.0,0.0
2011-04-20,0.0,0.7,0.0
2011-04-21,6.5,0.2,0.0
2011-04-22,32.8,6.1,4.2
2011-04-24,0.0,7.8,6.0
2011-04-25,20.5,1.7,0.0
2011-04-26,31.9,6.7,4.7
2011-04-28,0.0,10.3,9.2
2011-04-29,4.9,0.6,0.0
2011-04-30,20.8,6.7,4.7
2011-05-01,0.0,5.0,3.4
2011-05-02,6.2,6.5,5.2
2011-05-03,0.0,0.4,0.0
2011-05-04,0.0,3.8,1.9
2011-05-05,20.0,17.4,25.4
2011-05-06,0.2,5.0,3.4
2011-05-07,0.2,4.8,3.1
2011-05-08,0.0,0.0,0.0
2011-05-09,0.0,0.0,0.0
2011-05-10,0.0,0.0,0.0
2011-05-11,0.0,0.0,0.0
2011-05-12,0.0,0.0,0.0
2011-05-13,1.0,2.6,1.0
2011-05-14,0.0,0.6,0.0
2011-05-16,3.7,0.0,0.0
2011-05-17,0.0,0.0,0.0
2011-05-18,0.0,0.0,0.0
2011-05-19,0.0,2.3,0.0
2011-05-20,22.4,10.8,8.1
2011-05-21,5.5,8.0,5.9
2011-05-22,0.0,0.0,0.0
2011-05-23,0.0,0.2,0.0
2011-05-24,0.0,6.0,4.0
2011-05-26,0.0,0.8,0.0
2011-05-27,25.3,0.0,0.0
2011-05-28,0.0,0.1,0.0
2011-05-30,0.0,1.1,0.0
2011-05-31,0.0,0.2,0.0
2011-06-01,6.9,0.0,0.0
2011-06-02,0.0,0.2,0.0
2011-06-04,40.1,12.5,18.7
2011-06-06,0.0,3.1,1.1
2011-06-07,0.0,0.0,0.0
2011-06-10,0.0,0.0,0.0
2011-06-11,0.0,0.0,0.0
2011-06-13,0.0,2.9,0.0
2011-06-14,0.0,0.0,0.0
2011-06-15,0.0,0.0,0.0
2011-06-16,0.0,0.0,0.0
2011-06-17,0.0,0.0,0.0
2011-06-18,0.0,0.0,0.0
2011-06-19,0.0,0.0,0.0
2011-06-20,0.0,0.0,0.0
2011-06-21,0.0,0.0,0.0
2011-06-22,0.0,0.0,0.0
2011-06-23,0.0,0.0,0.0
2011-06-24,0.0,0.0,0.0
2011-06-26,18.7,4.5,1.4
2011-06-27,30.6,8.2,5.7
2011-06-28,0.0,0.8,0.0
2011-06-29,0.0,0.4,0.0
2011-06-30,0.0,0.1,0.0
2011-07-03,8.6,0.7,0.0
2011-07-05,0.8,6.8,4.8
2011-07-06,1.4,1.9,0.0
2011-07-07,0.2,4.0,1.6
2011-07-08,0.0,0.0,0.0
2011-07-09,0.0,0.0,0.0
2011-07-10,0.0,0.0,0.0
2011-07-11,0.0,0.0,0.0
2011-07-12,18.2,0.0,0.0
2011-07-14,47.0,8.2,6.2
2011-07-15,0.0,0.0,0.0
2011-07-17,0.0,0.0,0.0
2011-07-18,0.0,0.0,0.0
2011-07-19,0.0,2.7,1.0
2011-07-20,0.0,0.6,0.0
2011-07-21,0.0,1.5,1.0
2011-07-22,0.0,0.0,0.0
2011-07-23,0.0,0.0,0.0
2011-07-24,0.0,0.0,0.0
2011-07-25,0.0,0.0,0.0
2011-07-26,0.0,0.0,0.0
2011-07-27,0.0,0.0,0.0
2011-07-28,0.8,0.0,0.0
2011-07-29,0.0,0.0,0.0
2011-07-30,0.8,0.0,0.0
2011-07-31,0.0,0.0,0.0
2011-08-01,0.0,0.0,0.0
2011-08-02,0.0,0.0,0.0
2011-08-03,0.0,0.0,0.0
2011-08-04,0.0,0.0,0.0
2011-08-05,0.0,0.0,0.0
2011-08-06,0.0,0.0,0.0
2011-08-07,0.0,0.0,0.0
2011-08-08,0.0,0.0,0.0
2011-08-09,0.0,0.0,0.0
2011-08-10,0.0,0.0,0.0
2011-08-11,0.0,0.0,0.0
2011-08-12,0.0,0.0,0.0
2011-08-13,0.0,0.0,0.0
2011-08-14,0.0,0.0,0.0
2011-08-15,0.0,0.0,0.0
2011-08-16,0.0,0.0,0.0
2011-08-17,0.0,0.0,0.0
2011-08-20,0.0,0.0,0.0
2011-08-21,0.0,0.0,0.0
2011-08-22,0.0,0.0,0.0
2011-08-23,0.0,0.8,0.0
2011-08-24,0.0,0.0,0.0
2011-08-25,0.0,0.0,0.0
2011-08-26,0.0,0.0,0.0
2011-08-27,0.0,0.0,0.0
2011-08-28,0.0,0.0,0.0
2011-08-30,0.0,0.0,0.0
2011-08-31,0.0,0.8,0.0
2011-09-01,0.0,0.0,0.0
2011-09-02,0.0,0.0,0.0
2011-09-03,0.0,2.1,1.0
2011-09-04,0.0,0.0,0.0
2011-09-05,0.0,0.0,0.0
2011-09-06,0.0,0.0,0.0
2011-09-07,0.0,0.0,0.0
2011-09-08,0.0,0.0,0.0
2011-09-09,0.0,0.0,0.0
2011-09-10,0.0,0.8,0.0
2011-09-11,0.0,0.0,0.0
2011-09-12,0.0,0.0,0.0
2011-09-13,0.0,0.1,0.0
2011-09-14,0.0,0.0,0.0
2011-09-15,13.0,0.0,0.0
2011-09-16,0.0,0.0,0.0
2011-09-17,0.0,0.0,0.0
2011-09-18,0.0,0.0,0.0
2011-09-19,0.0,2.7,3.7
2011-09-20,4.0,0.1,0.0
2011-09-22,0.0,0.0,0.0
2011-09-23,0.0,0.0,0.0
2011-09-24,0.0,0.0,0.0
2011-09-25,0.0,0.0,0.0
2011-09-26,0.0,0.0,0.0
2011-09-27,0.0,0.0,0.0
2011-09-28,0.0,0.0,0.0
2011-09-29,0.0,0.0,0.0
2011-09-30,0.0,0.0,0.0
2011-10-01,0.0,0.0,0.0
2011-10-02,0.0,0.0,0.0
2011-10-03,0.0,0.0,0.0
2011-10-04,0.0,0.0,0.0
2011-10-05,0.0,0.3,0.0
2011-10-06,0.0,0.4,0.0
2011-10-07,9.5,28.7,41.2
2011-10-08,1.0,12.7,18.6
2011-10-09,0.0,0.4,0.0
2011-10-10,0.0,0.0,0.0
2011-10-11,0.0,0.0,0.0
2011-10-12,0.0,0.0,0.0
2011-10-13,0.0,0.0,0.0
2011-10-14,0.0,0.3,0.0
2011-10-15,13.0,0.0,0.0
2011-10-16,11.4,2.4,1.0
2011-10-17,1.0,0.0,0.0
2011-10-18,12.0,0.0,0.0
2011-10-19,0.0,0.3,0.0
2011-10-20,18.0,0.4,0.0
2011-10-21,0.0,0.0,0.0
2011-10-22,3.1,0.2,0.0
2011-10-23,0.0,5.9,3.1
2011-10-24,0.0,0.0,0.0
2011-10-25,0.0,7.0,3.9
2011-10-26,14.0,8.9,5.9
2011-10-27,6.4,19.0,12.4
2011-10-28,18.8,4.3,1.8
2011-10-29,0.0,0.0,0.0
2011-10-30,9.5,17.2,11.0
2011-10-31,13.3,0.7,0.0
2011-11-01,1.0,1.3,0.0
2011-11-02,0.0,2.4,0.0
2011-11-03,0.0,0.7,0.0
2011-11-04,0.0,8.0,7.7
2011-11-05,0.0,0.0,0.0
2011-11-06,0.0,1.4,0.0
2011-11-07,0.0,0.0,0.0
2011-11-08,0.0,1.3,0.0
2011-11-09,0.0,0.5,0.0
2011-11-10,2.0,6.1,4.7
2011-11-11,0.0,0.5,0.0
2011-11-12,0.0,0.0,0.0
2011-11-13,0.3,0.0,0.0
2011-11-14,42.0,0.9,0.0
2011-11-15,13.0,1.0,0.0
2011-11-17,11.5,6.9,4.9
2011-11-18,0.0,2.9,1.5
2011-11-20,0.0,3.2,1.7
2011-11-21,57.3,150.1,67.4
2011-11-23,37.0,18.5,11.9
2011-11-24,3.1,2.1,0.0
2011-11-25,0.5,2.4,0.0
2011-11-26,0.0,0.3,0.0
2011-11-27,0.3,0.0,0.0
2011-11-28,0.0,6.2,1.7
2011-11-30,34.3,23.5,16.6
2011-12-01,20.0,8.2,5.8
2011-12-02,0.0,2.8,0.0
2011-12-03,0.0,5.3,2.4
2011-12-04,8.5,5.1,2.2
2011-12-05,0.0,3.6,1.0
2011-12-06,0.0,6.6,3.9
2011-12-07,0.0,6.1,3.3
2011-12-08,0.0,1.2,0.0
2011-12-09,1.0,10.0,8.0
2011-12-10,9.5,3.5,1.0
2011-12-11,0.0,0.5,0.0
2011-12-12,0.0,0.4,0.0
2011-12-13,0.0,1.4,0.0
2011-12-14,0.0,10.8,6.8
2011-12-15,0.0,8.4,4.2
2011-12-16,0.0,12.3,8.5
2011-12-17,24.5,5.1,1.0
2011-12-18,0.0,1.5,0.0
2011-12-19,0.8,8.0,3.7
2011-12-20,26.8,43.0,55.4
2011-12-22,6.1,4.7,1.0
2011-12-23,0.0,0.3,0.0
2011-12-24,90.9,18.6,17.3
2011-12-25,0.0,6.7,3.0
2011-12-26,0.0,3.3,0.0
2011-12-27,0.0,1.8,0.0
2011-12-28,7.5,10.3,7.0
2011-12-29,0.0,3.4,0.0
2011-12-30,7.5,14.5,11.9
2011-12-31,2.0,14.1,11.4
2012-01-01,0.0,2.7,0.0
2012-01-02,49.9,26.7,24.8
2012-01-03,0.0,0.6,0.0
2012-01-05,58.7,19.6,18.4
2012-01-06,23.3,35.3,32.9
2012-01-07,0.9,2.4,0.0
2012-01-08,1.0,4.2,1.6
2012-01-09,7.0,19.4,16.2
2012-01-10,2.8,4.8,2.2
2012-01-11,8.6,19.8,28.7
2012-01-12,4.0,22.5,32.4
2012-01-13,2.5,5.7,4.7
2012-01-14,0.0,4.0,2.5
2012-01-15,13.0,0.8,0.0
2012-01-16,0.0,1.2,0.0
2012-01-17,29.6,83.4,61.5
2012-01-18,31.0,24.2,34.3
2012-01-19,0.0,1.5,0.0
2012-01-20,10.0,7.9,7.4
2012-01-21,0.0,8.4,6.1
2012-01-22,0.0,3.6,1.0
2012-01-23,0.0,4.4,1.7
2012-01-24,0.0,21.9,25.5
2012-01-25,0.0,9.7,7.6
2012-01-26,0.7,0.8,0.0
2012-01-27,0.0,4.1,1.4
2012-01-28,0.0,6.3,3.8
2012-01-29,16.5,21.6,24.1
2012-01-30,10.6,18.4,17.3
2012-01-31,9.3,7.4,5.0
2012-02-01,18.0,28.6,22.3
2012-02-02,18.5,57.4,53.1
2012-02-03,59.4,20.8,15.5
2012-02-04,0.0,0.8,0.0
2012-02-05,0.0,3.0,1.7
2012-02-06,4.2,5.6,3.6
2012-02-07,0.0,0.7,0.0
2012-02-08,2.0,5.0,3.1
2012-02-09,3.0,1.2,0.0
2012-02-10,0.0,0.1,0.0
2012-02-11,0.0,1.0,0.0
2012-02-12,70.0,91.8,78.4
2012-02-13,0.0,0.3,0.0
2012-02-14,0.0,9.0,6.3
2012-02-15,0.0,0.0,0.0
2012-02-16,1.2,2.3,1.0
2012-02-17,18.7,8.9,6.2
2012-02-18,0.0,1.2,0.0
2012-02-19,9.1,29.0,36.3
2012-02-20,53.5,52.6,68.7
2012-02-21,0.0,1.2,0.0
2012-02-22,0.0,4.4,3.2
2012-02-23,22.6,3.1,1.3
2012-02-24,0.2,3.7,2.2
2012-02-25,70.0,0.9,0.0
2012-02-26,0.0,2.9,1.0
2012-02-27,0.0,0.9,0.0
2012-02-28,35.3,4.2,2.8
2012-02-29,54.4,60.7,77.9
2012-03-01,0.2,15.3,11.1
2012-03-02,19.2,22.0,21.4
2012-03-03,0.0,6.3,1.5
2012-03-04,48.5,171.8,84.5
2012-03-05,11.1,37.4,49.1
2012-03-06,2.0,15.7,11.6
2012-03-07,0.0,4.2,0.0
2012-03-08,0.0,2.8,0.0
2012-03-09,28.0,22.4,19.6
2012-03-10,5.5,6.1,1.3
2012-03-11,0.0,6.1,5.3
2012-03-12,19.0,12.4,11.1
2012-03-13,0.0,0.7,0.0
2012-03-14,0.0,1.4,1.0
2012-03-15,4.9,5.3,4.5
2012-03-16,0.0,0.7,0.0
2012-03-17,0.0,2.4,1.6
2012-03-18,1.0,16.5,14.7
2012-03-19,0.0,3.5,2.7
2012-03-20,0.0,0.3,0.0
2012-03-21,0.0,1.2,0.0
2012-03-22,0.0,0.0,0.0
2012-03-23,0.0,0.0,0.0
2012-03-24,0.0,0.0,0.0
2012-03-25,0.0,0.0,0.0
2012-03-26,0.3,0.3,0.0
2012-03-27,0.0,0.0,0.0
2012-03-28,0.8,0.2,0.0
2012-03-29,5.5,1.8,0.0
2012-03-30,10.9,19.4,15.5
2012-03-31,0.0,0.0,0.0
2012-04-01,0.0,0.6,0.0
2012-04-02,0.0,0.6,0.0
2012-04-03,27.7,66.1,78.4
2012-04-04,0.0,0.1,0.0
2012-04-05,0.0,6.9,7.1
2012-04-06,27.0,41.9,68.2
2012-04-07,29.0,5.3,4.9
2012-04-08,3.0,24.3,41.3
2012-04-09,0.0,1.1,0.0
2012-04-10,1.0,0.0,0.0
2012-04-11,21.3,10.4,13.0
2012-04-12,0.0,1.9,1.3
2012-04-13,0.0,0.3,0.0
2012-04-14,0.0,0.3,0.0
2012-04-15,8.3,0.0,0.0
2012-04-16,1.8,3.4,3.3
2012-04-17,7.5,2.6,2.3
2012-04-18,0.2,0.1,0.0
2012-04-19,0.0,0.1,0.0
2012-04-20,2.4,2.6,2.2
2012-04-21,0.0,0.2,0.0
2012-04-22,0.2,1.0,0.0
2012-04-23,0.0,0.5,0.0
2012-04-24,20.6,0.0,0.0
2012-04-25,0.3,0.0,0.0
2012-04-26,0.0,0.0,0.0
2012-04-27,0.0,0.0,0.0
2012-04-28,0.0,0.1,0.0
2012-04-29,0.0,2.4,1.0
2012-04-30,0.0,5.1,3.1
2012-05-01,0.0,0.4,0.0
2012-05-02,0.0,0.3,0.0
2012-05-03,0.0,0.2,0.0
2012-05-04,1.0,0.7,0.0
2012-05-05,0.0,0.0,0.0
2012-05-06,0.0,26.2,44.1
2012-05-07,1.3,18.4,27.8
2012-05-08,0.0,0.0,0.0
2012-05-09,0.0,0.0,0.0
2012-05-10,0.0,0.0,0.0
2012-05-11,0.0,0.0,0.0
2012-05-12,1.0,0.0,0.0
2012-05-13,0.0,0.0,0.0
2012-05-14,0.0,0.0,0.0
2012-05-15,0.0,1.2,0.0
2012-05-16,0.0,2.4,1.0
2012-05-17,11.0,0.4,0.0
2012-05-18,0.2,0.2,0.0
2012-05-19,0.1,5.5,3.3
2012-05-20,24.1,37.5,43.9
2012-05-21,48.5,3.3,1.3
2012-05-22,0.0,0.8,0.0
2012-05-23,0.0,0.0,0.0
2012-05-24,0.2,0.0,0.0
2012-05-25,0.0,0.0,0.0
2012-05-26,0.0,0.0,0.0
2012-05-27,0.0,0.4,0.0
2012-05-28,3.0,18.9,22.9
2012-05-29,2.5,0.8,0.0
2012-05-30,5.0,12.0,10.1
2012-05-31,31.8,15.1,13.4
2012-06-01,0.6,6.0,4.4
2012-06-02,0.0,0.1,0.0
2012-06-03,1.4,0.0,0.0
2012-06-04,1.0,79.0,55.7
2012-06-05,1.6,3.6,1.7
2012-06-06,4.6,75.4,55.3
2012-06-07,23.0,6.7,5.3
2012-06-08,0.0,0.0,0.0
2012-06-09,0.0,4.3,2.5
2012-06-10,0.0,8.0,7.3
2012-06-11,0.0,10.3,7.9
2012-06-12,0.0,0.0,0.0
2012-06-13,6.6,1.2,0.0
2012-06-14,0.0,0.0,0.0
2012-06-15,0.0,0.0,0.0
2012-06-16,0.0,0.0,0.0
2012-06-17,9.5,0.0,0.0
2012-06-18,1.2,0.0,0.0
2012-06-19,4.2,2.8,0.0
2012-06-20,0.0,0.0,0.0
2012-06-21,0.0,0.0,0.0
2012-06-22,0.0,0.0,0.0
2012-06-23,0.0,4.8,1.7
2012-06-24,3.7,0.0,0.0
2012-06-25,0.0,0.0,0.0
2012-06-26,0.0,0.0,0.0
2012-06-27,0.0,0.0,0.0
2012-06-28,0.0,0.0,0.0
2012-06-29,0.0,0.0,0.0
2012-06-30,0.0,0.0,0.0
2012-07-01,0.0,0.7,0.0
2012-07-02,0.0,0.1,0.0
2012-07-03,0.0,1.1,0.0
2012-07-04,2.5,3.4,1.1
2012-07-05,0.0,0.5,0.0
2012-07-06,0.0,0.0,0.0
2012-07-07,0.0,2.2,1.0
2012-07-08,0.0,0.0,0.0
2012-07-09,0.0,0.3,0.0
2012-07-10,0.0,0.0,0.0
2012-07-11,1.0,0.3,0.0
2012-07-12,0.0,5.3,3.3
2012-07-13,0.0,1.5,0.0
2012-07-15,2.0,3.3,1.2
2012-07-16,4.1,1.5,0.0
2012-07-17,0.0,0.0,0.0
2012-07-18,0.0,1.0,0.0
2012-07-19,0.0,1.5,0.0
2012-07-20,0.0,0.0,0.0
2012-07-21,0.0,0.0,0.0
2012-07-22,0.0,0.0,0.0
2012-07-23,0.0,0.0,0.0
2012-07-24,0.0,0.0,0.0
2012-07-25,0.0,0.0,0.0
2012-07-26,0.0,0.0,0.0
2012-07-27,0.0,0.0,0.0
2012-07-28,0.0,0.0,0.0
2012-07-29,0.0,0.0,0.0
2012-07-30,1.5,0.0,0.0
2012-07-31,0.0,0.0,0.0
2012-08-01,0.0,0.0,0.0
2012-08-02,0.0,0.0,0.0
2012-08-03,0.0,0.0,0.0
2012-08-04,0.0,0.0,0.0
2012-08-05,0.0,0.0,0.0
2012-08-06,0.0,0.0,0.0
2012-08-07,0.0,0.0,0.0
2012-08-08,0.0,0.0,0.0
2012-08-09,0.0,0.0,0.0
2012-08-10,0.0,0.0,0.0
2012-08-11,0.0,0.0,0.0
2012-08-12,5.8,0.0,0.0
2012-08-13,0.0,0.0,0.0
2012-08-14,0.0,0.0,0.0
2012-08-15,0.0,0.0,0.0
2012-08-16,0.0,0.0,0.0
2012-08-17,0.0,0.0,0.0
2012-08-18,0.0,0.0,0.0
2012-08-19,0.0,0.0,0.0
2012-08-20,0.0,0.0,0.0
2012-08-21,0.0,0.0,0.0
2012-08-22,0.0,0.0,0.0
2012-08-23,0.0,0.0,0.0
2012-08-24,0.0,0.0,0.0
2012-08-25,0.0,0.0,0.0
2012-08-26,0.0,0.0,0.0
2012-08-27,0.0,5.7,5.0
2012-08-29,0.0,0.2,0.0
2012-08-30,0.0,0.0,0.0
2012-08-31,0.0,0.0,0.0
2012-09-01,0.0,0.0,0.0
2012-09-02,0.0,0.0,0.0
2012-09-03,0.0,0.0,0.0
2012-09-04,0.0,0.0,0.0
2012-09-05,0.0,0.0,0.0
2012-09-06,0.0,0.0,0.0
2012-09-07,0.0,0.0,0.0
2012-09-08,0.0,0.0,0.0
2012-09-09,0.0,0.0,0.0
2012-09-10,8.4,0.0,0.0
2012-09-11,0.0,0.0,0.0
2012-09-12,0.0,0.0,0.0
2012-09-13,0.0,0.0,0.0
2012-09-14,0.0,0.0,0.0
2012-09-15,0.0,0.6,0.0
2012-09-16,0.0,0.0,0.0
2012-09-17,0.0,0.0,0.0
2012-09-18,0.0,0.0,0.0
2012-09-19,0.0,0.0,0.0
2012-09-20,0.0,0.1,0.0
2012-09-21,0.0,0.2,0.0
2012-09-22,0.0,0.0,0.0
2012-09-23,0.0,0.0,0.0
2012-09-24,0.0,0.0,0.0
2012-09-25,0.0,0.0,0.0
2012-09-26,0.0,0.6,0.0
2012-09-27,0.0,0.0,0.0
2012-09-28,0.0,0.0,0.0
2012-09-29,0.0,0.0,0.0
2012-09-30,0.3,0.0,0.0
2012-10-01,0.0,0.0,0.0
2012-10-02,0.0,0.4,0.0
2012-10-03,0.0,0.0,0.0
2012-10-04,0.0,0.0,0.0
2012-10-05,5.0,0.3,0.0
2012-10-06,0.0,0.0,0.0
2012-10-07,0.0,2.2,1.0
2012-10-08,0.0,0.0,0.0
2012-10-10,0.0,0.1,0.0
2012-10-11,3.2,0.0,0.0
2012-10-13,0.0,0.1,0.0
2012-10-14,1.2,0.0,0.0
2012-10-15,1.0,1.2,0.0
2012-10-16,8.0,30.2,67.8
2012-10-17,12.9,6.5,8.1
2012-10-18,13.3,19.2,35.2
2012-10-19,15.0,6.4,7.6
2012-10-20,0.3,12.9,16.5
2012-10-21,0.0,1.0,0.0
2012-10-22,0.0,0.0,0.0
2012-10-23,0.0,0.0,0.0
2012-10-24,0.0,0.0,0.0
2012-10-25,0.0,0.0,0.0
2012-10-26,10.0,0.3,0.0
2012-10-27,0.6,14.4,9.0
2012-10-28,0.0,5.0,2.4
2012-10-29,17.5,16.3,10.2
2012-10-30,6.3,15.2,9.7
2012-10-31,0.0,0.4,0.0
2012-11-01,0.0,0.1,0.0
2012-11-02,0.0,1.9,0.0
2012-11-03,0.0,6.7,5.7
2012-11-04,6.6,14.0,18.9
2012-11-05,9.9,18.4,29.2
2012-11-06,0.0,0.0,0.0
2012-11-07,1.0,1.5,0.0
2012-11-08,8.3,0.5,0.0
2012-11-09,0.0,0.5,0.0
2012-11-10,0.0,0.3,0.0
2012-11-11,0.0,4.1,2.5
2012-11-12,0.0,12.4,9.6
2012-11-13,29.0,39.1,30.5
2012-11-14,6.2,18.0,13.5
2012-11-15,0.0,0.7,0.0
2012-11-16,0.0,1.3,0.0
2012-11-17,1.0,1.9,1.0
2012-11-18,1.6,8.7,6.3
2012-11-19,0.0,3.4,1.9
2012-11-20,2.4,0.2,0.0
2012-11-21,2.1,5.6,1.2
2012-11-22,34.7,29.7,27.2
2012-11-23,7.2,10.4,5.2
2012-11-24,10.3,28.9,25.2
2012-11-25,1.0,21.7,15.3
2012-11-28,1.3,3.9,0.0
2012-11-29,0.0,0.0,0.0
2012-11-30,40.5,2.0,0.0
2012-12-01,2.8,0.7,0.0
2012-12-02,8.2,3.8,1.0
2012-12-03,0.0,9.5,7.4
2012-12-04,3.2,13.2,12.0
2012-12-05,0.0,6.8,4.1
2012-12-06,0.0,0.5,0.0
2012-12-07,25.7,6.8,4.1
2012-12-08,48.0,30.6,42.7
2012-12-09,0.4,7.5,4.9
2012-12-10,0.2,1.6,0.0
2012-12-11,15.5,34.5,43.0
2012-12-12,10.2,30.7,39.3
2012-12-14,0.6,9.0,4.8
2012-12-16,67.5,74.4,81.3
2012-12-17,26.0,24.6,25.9
2012-12-18,6.3,16.8,13.7
2012-12-19,8.9,11.8,7.9
2012-12-20,2.6,8.2,3.9
2012-12-21,3.0,2.9,0.0
2012-12-22,14.0,30.5,36.4
2012-12-23,4.6,13.9,11.2
2012-12-25,5.2,14.9,12.2
2012-12-26,0.0,2.9,0.0
2012-12-27,0.0,2.2,0.0
2012-12-28,0.0,22.9,24.1
2012-12-29,18.0,18.4,15.5
2012-12-30,2.3,9.0,5.5
2012-12-31,51.2,36.3,44.9
2013-01-01,8.0,42.8,43.9
2013-01-02,0.0,4.1,1.4
2013-01-03,4.1,23.6,22.7
2013-01-04,2.2,14.5,11.9
2013-01-05,2.7,78.3,85.8
2013-01-08,0.5,5.6,3.1
2013-01-09,4.0,25.0,23.5
2013-01-10,13.2,21.6,21.2
2013-01-11,6.1,9.0,8.8
2013-01-12,9.7,6.6,5.7
2013-01-13,16.3,35.6,49.1
2013-01-14,2.0,15.2,17.4
2013-01-15,16.2,11.6,12.1
2013-01-16,2.6,13.5,14.5
2013-01-17,1.0,2.3,1.0
2013-01-18,0.0,1.3,0.0
2013-01-19,14.0,0.8,0.0
2013-01-20,30.6,7.0,6.3
2013-01-21,3.5,10.6,8.5
2013-01-22,65.8,32.0,40.1
2013-01-23,35.9,50.5,59.6
2013-01-24,80.2,37.2,45.9
2013-01-25,41.9,32.9,40.1
2013-01-26,14.4,35.5,42.9
2013-01-27,0.0,2.2,0.0
2013-01-28,16.5,21.7,24.7
2013-01-29,9.1,10.3,8.2
2013-01-30,0.0,0.7,0.0
2013-01-31,1.4,1.5,0.0
2013-02-01,96.9,100.4,105.8
2013-02-02,0.0,2.2,1.1
2013-02-03,0.0,0.6,0.0
2013-02-04,1.2,15.3,11.3
2013-02-05,0.0,1.3,0.0
2013-02-06,0.0,3.4,2.0
2013-02-07,0.0,1.4,1.0
2013-02-08,0.0,0.0,0.0
2013-02-09,0.0,0.2,0.0
2013-02-10,0.0,0.1,0.0
2013-02-11,0.0,0.8,0.0
2013-02-12,50.1,8.4,5.8
2013-02-13,22.3,83.0,79.6
2013-02-14,3.4,14.3,11.4
2013-02-15,0.0,0.6,0.0
2013-02-16,3.0,4.5,2.1
2013-02-17,9.6,20.4,19.9
2013-02-18,33.6,38.6,51.2
2013-02-19,5.4,1.4,0.0
2013-02-20,1.3,7.9,5.3
2013-02-21,0.0,1.2,0.0
2013-02-22,19.2,56.4,75.3
2013-02-23,14.4,2.6,1.0
2013-02-24,0.0,6.2,5.7
2013-02-25,0.0,0.1,0.0
2013-02-26,0.0,0.3,0.0
2013-02-27,0.0,7.7,7.7
2013-02-28,0.0,0.4,0.0
2013-03-01,0.0,1.1,0.0
2013-03-02,0.0,0.6,0.0
2013-03-03,29.2,30.3,34.9
2013-03-04,63.1,37.3,45.6
2013-03-06,0.0,0.0,0.0
2013-03-07,0.0,0.0,0.0
2013-03-08,1.0,2.5,0.0
2013-03-10,0.0,0.2,0.0
2013-03-11,0.1,0.0,0.0
2013-03-12,0.0,1.2,1.0
2013-03-13,0.0,0.7,0.0
2013-03-14,0.0,0.3,0.0
2013-03-15,0.0,0.3,0.0
2013-03-16,0.0,0.0,0.0
2013-03-17,0.0,1.5,1.0
2013-03-19,12.0,20.3,23.0
2013-03-20,8.6,4.8,4.0
2013-03-21,0.0,2.6,0.0
2013-03-22,0.0,0.9,0.0
2013-03-23,0.0,1.1,0.0
2013-03-24,19.6,0.7,0.0
2013-03-25,43.6,3.7,1.0
2013-03-26,0.0,0.1,0.0
2013-03-27,3.4,0.0,0.0
2013-03-28,0.0,0.5,0.0
2013-03-30,2.9,31.8,41.7
2013-03-31,0.0,0.4,0.0
2013-04-01,0.0,0.3,0.0
2013-04-02,0.0,0.5,0.0
2013-04-03,0.0,0.3,0.0
2013-04-04,0.0,0.5,0.0
2013-04-05,1.0,3.5,2.4
2013-04-06,43.2,58.1,83.7
2013-04-08,20.4,23.2,39.7
2013-04-09,8.8,13.1,15.8
2013-04-10,27.5,28.1,48.9
2013-04-11,2.5,3.3,3.2
2013-04-12,0.0,4.7,5.0
2013-04-13,0.0,0.3,0.0
2013-04-14,0.0,0.0,0.0
2013-04-15,0.0,6.1,6.8
2013-04-16,0.0,1.6,1.0
2013-04-17,0.0,2.6,2.3
2013-04-18,4.5,9.0,11.5
2013-04-19,0.0,0.1,0.0
2013-04-20,0.0,0.2,0.0
2013-04-21,5.0,16.5,15.8
2013-04-23,0.0,0.2,0.0
2013-04-24,0.2,6.3,4.4
2013-04-25,0.0,1.5,0.0
2013-04-27,0.3,0.0,0.0
2013-04-29,0.0,7.0,5.1
2013-04-30,0.9,0.6,0.0
2013-05-01,19.2,1.5,0.0
2013-05-03,2.0,0.0,0.0
2013-05-04,7.5,1.8,0.0
2013-05-05,3.3,4.2,2.4
2013-05-06,0.0,0.0,0.0
2013-05-07,9.4,0.6,0.0
2013-05-09,0.0,0.9,0.0
2013-05-12,0.1,9.4,6.8
2013-05-13,0.0,0.2,0.0
2013-05-14,0.0,0.9,0.0
2013-05-15,0.0,2.5,1.0
2013-05-17,0.0,1.2,0.0
2013-05-18,0.0,0.9,0.0
2013-05-19,0.4,0.8,0.0
2013-05-20,0.0,0.4,0.0
2013-05-22,0.0,5.5,3.5
2013-05-23,0.0,1.2,0.0
2013-05-24,0.0,0.7,0.0
2013-05-25,0.0,0.6,0.0
2013-05-26,0.0,0.1,0.0
2013-05-27,4.3,3.1,1.0
2013-05-28,3.4,24.5,29.9
2013-05-29,42.9,71.0,37.5
2013-05-30,1.9,21.0,25.6
2013-05-31,0.0,3.8,1.7
2013-06-01,0.2,1.1,0.0
2013-06-02,0.0,1.7,0.0
2013-06-03,0.0,7.7,6.9
2013-06-04,0.5,6.6,5.3
2013-06-05,0.0,2.1,0.0
2013-06-07,0.0,1.5,0.0
2013-06-08,0.0,0.2,0.0
2013-06-09,0.0,0.0,0.0
2013-06-10,0.0,1.5,0.0
2013-06-11,0.0,3.4,0.0
2013-06-12,0.0,2.0,0.0
2013-06-13,1.0,5.1,1.7
2013-06-14,3.5,8.2,5.1
2013-06-15,14.2,4.1,1.0
2013-06-16,0.5,13.1,10.1
2013-06-17,1.8,24.7,26.7
2013-06-18,0.0,0.9,0.0
2013-06-19,0.0,0.4,0.0
2013-06-20,0.0,0.0,0.0
2013-06-21,0.0,0.4,0.0
2013-06-22,0.0,0.4,0.0
2013-06-23,0.0,0.0,0.0
2013-06-25,0.0,0.0,0.0
2013-06-26,11.4,0.5,0.0
2013-06-27,0.0,0.0,0.0
2013-06-28,0.0,0.1,0.0
2013-06-29,1.0,8.4,5.6
2013-06-30,0.9,23.7,28.5
2013-07-01,3.2,7.7,5.3
2013-07-02,22.1,24.6,24.7
2013-07-03,1.2,13.0,9.9
2013-07-04,44.9,27.6,27.4
2013-07-05,58.9,74.8,66.8
2013-07-06,0.0,1.1,0.0
2013-07-07,1.3,1.3,0.0
2013-07-08,0.0,0.3,0.0
2013-07-09,7.0,9.8,7.6
2013-07-10,0.0,0.5,0.0
2013-07-11,2.3,0.5,0.0
2013-07-12,37.9,12.7,11.9
2013-07-13,6.3,35.0,40.4
2013-07-14,1.0,7.8,6.4
2013-07-15,0.0,0.3,0.0
2013-07-16,0.4,0.1,0.0
2013-07-17,0.0,4.4,2.5
2013-07-18,3.0,0.9,0.0
2013-07-19,0.0,0.0,0.0
2013-07-20,50.0,2.2,0.0
2013-07-21,2.5,0.0,0.0
2013-07-23,0.8,0.1,0.0
2013-07-24,1.2,5.2,4.5
2013-07-25,39.9,38.3,51.6
2013-07-26,2.2,8.1,6.6
2013-07-27,31.8,22.1,39.3
2013-07-28,3.3,10.6,10.8
2013-07-29,39.7,1.8,1.0
2013-07-30,3.0,3.5,3.1
2013-07-31,0.0,2.0,1.0
2013-08-01,3.1,0.2,0.0
2013-08-02,0.0,0.0,0.0
2013-08-03,1.3,0.2,0.0
2013-08-05,0.0,0.7,0.0
2013-08-06,0.1,1.4,1.7
2013-08-07,2.0,4.8,5.9
2013-08-08,2.1,1.9,2.4
2013-08-09,0.0,0.0,0.0
2013-08-10,0.0,0.0,0.0
2013-08-11,0.0,0.0,0.0
2013-08-12,0.0,0.0,0.0
2013-08-14,0.0,5.6,3.8
2013-08-15,4.4,3.0,1.0
2013-08-16,0.0,0.1,0.0
2013-08-17,0.0,0.2,0.0
2013-08-18,6.4,13.2,15.2
2013-08-19,2.0,0.0,0.0
2013-08-20,0.0,0.0,0.0
2013-08-21,0.0,0.0,0.0
2013-08-22,0.0,0.0,0.0
2013-08-23,0.0,0.0,0.0
2013-08-24,0.0,0.0,0.0
2013-08-25,0.0,0.0,0.0
2013-08-26,0.0,0.0,0.0
2013-08-27,0.0,0.0,0.0
2013-08-28,0.0,0.0,0.0
2013-08-30,0.0,0.0,0.0
2013-08-31,8.1,0.9,0.0
2013-09-01,0.0,0.0,0.0
2013-09-02,0.0,0.0,0.0
2013-09-03,0.1,0.0,0.0
2013-09-04,12.5,0.0,0.0
2013-09-06,0.0,0.7,0.0
2013-09-07,0.0,0.0,0.0
2013-09-08,204.9,0.4,0.0
2013-09-09,0.0,0.0,0.0
2013-09-10,0.0,0.2,0.0
2013-09-11,0.0,0.7,0.0
2013-09-12,0.0,1.3,2.2
2013-09-13,0.0,0.0,0.0
2013-09-14,0.0,0.2,0.0
2013-09-15,0.0,0.0,0.0
2013-09-16,6.0,6.2,6.5
2013-09-17,30.2,0.3,0.0
2013-09-18,0.0,0.0,0.0
2013-09-19,2.7,0.9,0.0
2013-09-20,21.5,0.7,0.0
2013-09-21,0.0,0.0,0.0
2013-09-22,0.0,0.0,0.0
2013-09-23,0.0,0.0,0.0
2013-09-25,0.0,0.0,0.0
2013-09-26,0.0,0.0,0.0
2013-09-27,0.0,0.0,0.0
2013-09-28,0.0,0.0,0.0
2013-09-29,7.0,5.4,4.4
2013-09-30,0.0,0.4,0.0
2013-10-01,0.0,1.3,0.0
2013-10-02,28.7,16.5,24.7
2013-10-03,0.9,0.0,0.0
2013-10-04,0.0,0.0,0.0
2013-10-05,0.0,0.0,0.0
2013-10-06,0.0,0.0,0.0
2013-10-07,0.0,0.0,0.0
2013-10-08,5.5,0.0,0.0
2013-10-09,0.0,0.0,0.0
2013-10-10,0.0,0.0,0.0
2013-10-11,65.5,16.4,26.5
2013-10-12,112.5,8.4,10.6
2013-10-13,14.4,1.7,0.0
2013-10-14,0.0,1.1,0.0
2013-10-15,0.0,0.0,0.0
2013-10-16,0.0,0.0,0.0
2013-10-17,10.2,10.0,13.0
2013-10-18,14.6,12.6,17.3
2013-10-19,0.0,7.4,8.2
2013-10-20,0.0,0.4,0.0
2013-10-21,0.0,0.0,0.0
2013-10-22,0.0,2.6,1.0
2013-10-23,0.0,0.0,0.0
2013-10-24,0.0,0.0,0.0
2013-10-25,0.0,0.0,0.0
2013-10-26,0.0,0.2,0.0
2013-10-27,1.5,1.3,0.0
2013-10-28,11.4,33.0,23.0
2013-10-29,0.0,4.1,1.6
2013-10-30,0.0,3.7,1.3
2013-10-31,0.0,0.0,0.0
2013-11-02,0.0,0.0,0.0
2013-11-03,1.0,7.0,6.1
2013-11-04,0.9,13.3,16.0
2013-11-05,14.0,1.2,0.0
2013-11-06,0.0,1.3,0.0
2013-11-07,12.2,2.4,0.0
2013-11-08,1.5,9.4,10.0
2013-11-09,0.2,14.0,18.0
2013-11-10,0.0,4.1,1.7
2013-11-11,0.0,0.7,0.0
2013-11-12,0.8,9.1,6.5
2013-11-13,18.9,20.9,19.6
2013-11-14,4.8,31.8,25.3
2013-11-15,6.9,22.7,20.7
2013-11-16,12.6,38.4,30.6
2013-11-17,0.0,11.6,9.5
2013-11-18,0.0,1.4,0.0
2013-11-19,0.0,1.7,1.0
2013-11-20,0.0,1.3,0.0
2013-11-21,0.0,1.9,0.0
2013-11-22,0.0,0.0,0.0
2013-11-23,0.0,0.0,0.0
2013-11-24,0.3,0.3,0.0
2013-11-25,5.7,7.9,3.2
2013-11-26,27.1,17.9,11.5
2013-11-27,0.0,0.7,0.0
2013-11-28,0.0,1.6,0.0
2013-11-29,1.0,6.7,2.1
2013-11-30,0.0,0.0,0.0
2013-12-01,0.0,0.0,0.0
2013-12-02,2.9,4.0,1.0
2013-12-03,10.7,10.2,8.2
2013-12-04,0.0,0.3,0.0
2013-12-05,4.6,17.1,17.1
2013-12-06,14.7,20.5,26.0
2013-12-07,0.0,0.3,0.0
2013-12-08,0.0,2.5,0.0
2013-12-09,0.0,10.1,8.1
2013-12-10,0.0,1.0,0.0
2013-12-11,13.4,26.8,30.1
2013-12-12,1.2,33.5,42.6
2013-12-13,74.1,83.8,85.3
2013-12-14,29.7,101.8,83.9
2013-12-15,6.9,54.3,67.9
2013-12-16,55.6,51.5,65.9
2013-12-17,33.5,11.4,7.5
2013-12-18,1.6,23.5,23.5
2013-12-19,1.2,22.9,24.7
2013-12-20,2.1,10.6,6.6
2013-12-21,6.5,25.3,26.7
2013-12-22,1.3,31.9,38.6
2013-12-23,0.1,5.8,2.0
2013-12-24,18.4,12.9,10.0
2013-12-25,1.1,10.1,6.9
2013-12-26,33.6,0.2,0.0
2013-12-27,3.6,0.7,0.0
2013-12-28,1.0,0.3,0.0
2013-12-29,26.7,43.0,54.2
2013-12-30,6.6,19.4,17.6
2013-12-31,6.7,24.4,26.0
2014-01-01,5.6,16.4,13.8
2014-01-02,0.0,3.9,1.3
2014-01-03,0.0,1.1,0.0
2014-01-04,5.5,6.7,4.3
2014-01-05,0.3,19.9,17.5
2014-01-06,5.2,6.5,4.0
2014-01-07,8.3,29.4,27.6
2014-01-08,15.0,80.8,85.0
2014-01-09,12.8,15.9,13.3
2014-01-10,0.0,0.0,0.0
2014-01-11,7.0,16.0,18.7
2014-01-12,25.7,13.3,14.2
2014-01-13,4.3,8.8,8.6
2014-01-14,4.8,11.8,12.3
2014-01-15,5.9,3.6,1.9
2014-01-16,11.3,13.9,14.9
2014-01-17,3.1,13.0,13.8
2014-01-18,11.5,4.3,2.9
2014-01-20,6.0,10.6,10.8
2014-01-21,5.1,8.8,6.5
2014-01-22,1.5,3.2,1.0
2014-01-23,1.3,1.0,0.0
2014-01-24,1.1,3.9,1.1
2014-01-25,38.3,7.4,5.0
2014-01-26,5.8,0.2,0.0
2014-01-27,0.5,0.5,0.0
2014-01-29,0.0,0.6,0.0
2014-01-30,0.0,0.3,0.0
2014-01-31,9.2,7.5,5.1
2014-02-01,17.8,3.1,1.7
2014-02-02,0.0,0.3,0.0
2014-02-03,12.2,4.5,2.8
2014-02-04,26.9,7.6,5.2
2014-02-05,2.3,4.6,2.9
2014-02-06,53.0,20.0,15.6
2014-02-07,20.3,11.9,8.6
2014-02-08,29.1,84.1,107.6
2014-02-09,0.0,4.9,3.1
2014-02-10,0.3,5.6,3.6
2014-02-11,0.0,14.4,11.6
2014-02-12,0.0,2.0,0.0
2014-02-13,0.1,33.7,43.9
2014-02-14,25.0,60.2,75.9
2014-02-15,1.3,22.6,24.1
2014-02-16,0.0,3.2,1.0
2014-02-17,0.0,7.9,5.2
2014-02-18,0.0,10.1,7.4
2014-02-19,0.0,0.1,0.0
2014-02-20,6.6,13.2,10.4
2014-02-21,0.1,12.2,13.8
2014-02-23,4.7,6.6,6.2
2014-02-24,0.0,0.3,0.0
2014-02-25,6.6,0.3,0.0
2014-02-26,0.0,0.3,0.0
2014-02-27,0.0,0.0,0.0
2014-02-28,0.0,0.0,0.0
2014-03-01,0.0,29.6,33.7
2014-03-02,27.4,0.1,0.0
2014-03-03,0.0,0.0,0.0
2014-03-04,0.0,0.7,0.0
2014-03-06,2.0,4.5,0.0
2014-03-07,6.3,14.9,10.6
2014-03-08,19.1,21.7,20.9
2014-03-09,10.5,32.0,40.0
2014-03-10,13.3,0.4,0.0
2014-03-11,0.0,0.0,0.0
2014-03-12,0.0,17.1,15.9
2014-03-13,37.5,6.6,5.8
2014-03-14,1.1,0.1,0.0
2014-03-15,0.0,0.2,0.0
2014-03-16,1.2,0.1,0.0
2014-03-17,0.0,10.1,9.2
2014-03-18,13.2,8.5,7.6
2014-03-19,64.7,3.6,2.9
2014-03-20,0.0,0.1,0.0
2014-03-21,0.0,3.5,1.0
2014-03-22,7.0,44.2,59.1
2014-03-23,32.9,25.5,27.8
2014-03-24,0.0,0.5,0.0
2014-03-25,0.0,15.7,12.8
2014-03-26,30.8,1.8,0.0
2014-03-27,0.0,52.9,67.3
2014-03-28,60.9,0.4,0.0
2014-03-29,0.0,0.0,0.0
2014-03-30,0.0,0.0,0.0
2014-03-31,0.0,0.0,0.0
2014-04-01,0.0,1.0,0.0
2014-04-02,6.2,2.7,1.4
2014-04-03,2.8,1.4,0.0
2014-04-04,1.6,0.2,0.0
2014-04-05,10.7,1.4,0.0
2014-04-07,7.0,3.3,2.2
2014-04-08,1.4,0.3,0.0
2014-04-09,0.0,0.3,0.0
2014-04-10,0.0,10.5,11.4
2014-04-11,20.4,7.0,7.7
2014-04-12,1.0,12.9,20.1
2014-04-13,0.0,26.1,38.4
2014-04-14,6.3,17.2,26.7
2014-04-15,1.5,5.3,5.8
2014-04-16,3.4,7.8,8.8
2014-04-17,2.1,0.2,0.0
2014-04-18,7.5,0.0,0.0
2014-04-19,0.0,0.0,0.0
2014-04-20,0.0,1.1,1.0
2014-04-21,0.0,0.4,0.0
2014-04-22,0.0,0.1,0.0
2014-04-23,0.0,0.0,0.0
2014-04-24,0.0,1.2,0.0
2014-04-25,0.0,1.5,0.0
2014-04-26,0.0,11.7,10.3
2014-04-27,0.0,3.6,1.5
2014-04-28,3.0,0.0,0.0
2014-04-29,0.0,0.0,0.0
2014-04-30,0.0,0.0,0.0
2014-05-01,0.0,0.5,0.0
2014-05-02,0.0,0.8,0.0
2014-05-04,0.0,4.4,2.7
2014-05-05,4.7,0.0,0.0
2014-05-06,0.0,5.2,3.7
2014-05-07,6.0,0.1,0.0
2014-05-08,3.5,0.2,0.0
2014-05-09,0.0,0.0,0.0
2014-05-10,0.0,16.7,23.9
2014-05-12,5.0,0.1,0.0
2014-05-13,3.0,4.8,2.6
2014-05-14,5.5,0.1,0.0
2014-05-15,0.0,2.7,1.0
2014-05-17,0.0,0.2,0.0
2014-05-18,1.0,0.7,0.0
2014-05-19,0.0,1.5,0.0
2014-05-20,0.0,0.0,0.0
2014-05-21,0.0,0.0,0.0
2014-05-22,0.0,0.2,0.0
2014-05-23,0.0,0.0,0.0
2014-05-25,0.1,1.0,0.0
2014-05-26,0.0,2.4,1.0
2014-05-27,1.5,2.5,1.0
2014-05-29,0.0,5.1,3.1
2014-05-30,7.0,2.8,1.0
2014-05-31,0.8,1.5,0.0
2014-06-01,0.0,0.0,0.0
2014-06-02,0.0,1.1,0.0
2014-06-03,0.0,0.0,0.0
2014-06-04,0.0,5.9,4.9
2014-06-05,0.0,22.7,33.5
2014-06-06,14.8,0.2,0.0
2014-06-07,0.0,0.0,0.0
2014-06-08,0.0,1.0,0.0
2014-06-09,0.0,0.0,0.0
2014-06-10,0.0,0.2,0.0
2014-06-11,1.8,0.0,0.0
2014-06-12,0.0,0.0,0.0
2014-06-13,0.0,2.8,0.0
2014-06-14,0.0,59.0,33.7
2014-06-15,29.2,33.6,30.5
2014-06-17,0.0,0.2,0.0
2014-06-18,0.0,0.0,0.0
2014-06-19,0.0,4.6,1.2
2014-06-20,0.0,0.9,0.0
2014-06-22,0.0,0.7,0.0
2014-06-23,0.1,8.8,6.4
2014-06-24,5.2,1.2,0.0
2014-06-25,0.0,22.4,27.1
2014-06-26,8.7,2.2,0.0
2014-06-27,1.7,9.9,8.7
2014-06-28,1.1,5.6,2.5
2014-06-29,0.0,0.1,0.0
2014-06-30,0.0,0.0,0.0
2014-07-01,0.0,0.0,0.0
2014-07-02,0.0,0.0,0.0
2014-07-03,0.0,0.0,0.0
2014-07-04,0.0,0.0,0.0
2014-07-05,3.0,4.1,1.8
2014-07-06,3.0,6.5,3.8
2014-07-07,0.0,0.3,0.0
2014-07-08,0.6,7.0,4.4
2014-07-09,3.0,0.3,0.0
2014-07-10,1.6,18.9,17.5
2014-07-11,5.1,1.6,0.0
2014-07-12,5.8,4.2,2.2
2014-07-13,0.6,14.3,13.2
2014-07-14,3.8,0.0,0.0
2014-07-15,0.0,0.0,0.0
2014-07-16,0.0,0.3,0.0
2014-07-17,0.0,0.0,0.0
2014-07-18,0.0,0.0,0.0
2014-07-19,0.5,4.0,2.1
2014-07-20,7.0,0.5,0.0
2014-07-21,0.0,0.0,0.0
2014-07-22,0.0,0.5,0.0
2014-07-23,0.0,0.0,0.0
2014-07-24,0.0,0.0,0.0
2014-07-25,0.0,0.1,0.0
2014-07-26,0.0,0.0,0.0
2014-07-27,0.0,0.2,0.0
2014-07-28,11.6,1.3,0.0
2014-07-29,8.0,0.5,0.0
2014-07-30,18.4,0.0,0.0
2014-07-31,7.5,0.0,0.0
2014-08-01,0.0,0.0,0.0
2014-08-02,0.0,0.0,0.0
2014-08-03,0.0,0.1,0.0
2014-08-04,0.0,0.1,0.0
2014-08-05,4.3,2.6,3.6
2014-08-06,5.9,0.0,0.0
2014-08-07,0.3,0.0,0.0
2014-08-08,0.0,0.3,0.0
2014-08-09,0.0,0.4,0.0
2014-08-10,1.0,0.1,0.0
2014-08-11,0.5,0.7,0.0
2014-08-12,11.7,9.6,9.0
2014-08-13,52.5,4.6,3.8
2014-08-14,4.7,1.9,0.0
2014-08-15,13.3,0.0,0.0
2014-08-16,82.2,0.0,0.0
2014-08-17,0.0,0.0,0.0
2014-08-18,0.0,0.0,0.0
2014-08-19,0.0,0.0,0.0
2014-08-20,1.5,0.0,0.0
2014-08-21,0.0,0.0,0.0
2014-08-22,0.0,0.0,0.0
2014-08-23,0.0,0.0,0.0
2014-08-24,0.0,0.0,0.0
2014-08-25,5.7,0.3,0.0
2014-08-26,18.6,0.0,0.0
2014-08-27,1.8,0.0,0.0
2014-08-28,0.0,0.0,0.0
2014-08-30,0.0,0.3,0.0
2014-08-31,0.0,0.0,0.0
2014-09-01,0.0,0.0,0.0
2014-09-02,0.0,0.0,0.0
2014-09-03,0.0,0.0,0.0
2014-09-04,0.0,0.0,0.0
2014-09-05,0.0,0.0,0.0
2014-09-06,0.0,0.0,0.0
2014-09-07,0.0,0.0,0.0
2014-09-08,0.0,0.7,0.0
2014-09-09,0.0,0.0,0.0
2014-09-10,0.0,0.0,0.0
2014-09-11,0.0,0.0,0.0
2014-09-12,0.0,0.0,0.0
2014-09-13,0.0,0.0,0.0
2014-09-14,0.0,0.0,0.0
2014-09-15,0.0,0.0,0.0
2014-09-16,0.0,0.0,0.0
2014-09-17,0.0,0.0,0.0
2014-09-18,0.0,0.0,0.0
2014-09-19,0.0,0.0,0.0
2014-09-20,0.0,0.1,0.0
2014-09-21,6.9,0.0,0.0
2014-09-23,0.0,0.0,0.0
2014-09-24,0.0,0.0,0.0
2014-09-25,0.0,0.0,0.0
2014-09-26,0.0,0.0,0.0
2014-09-27,0.0,0.0,0.0
2014-09-28,0.0,0.0,0.0
2014-09-29,0.0,0.0,0.0
2014-09-30,0.0,0.0,0.0
2014-10-01,0.0,0.0,0.0
2014-10-02,1.0,0.0,0.0
2014-10-03,0.0,0.0,0.0
2014-10-04,0.0,0.0,0.0
2014-10-05,0.0,0.0,0.0
2014-10-06,0.0,0.6,0.0
2014-10-07,0.1,0.0,0.0
2014-10-08,0.0,0.0,0.0
2014-10-09,0.0,0.0,0.0
2014-10-10,0.0,0.3,0.0
2014-10-11,0.0,0.0,0.0
2014-10-12,0.0,0.0,0.0
2014-10-13,0.0,0.0,0.0
2014-10-14,0.0,2.0,0.0
2014-10-15,21.0,0.0,0.0
2014-10-16,1.0,0.0,0.0
2014-10-17,21.0,1.8,0.0
2014-10-18,0.0,0.0,0.0
2014-10-19,0.0,1.3,0.0
2014-10-20,0.0,0.2,0.0
2014-10-21,0.0,6.1,3.2
2014-10-22,0.0,0.0,0.0
2014-10-23,0.0,0.0,0.0
2014-10-24,0.0,0.0,0.0
2014-10-25,1.0,0.0,0.0
2014-10-26,0.0,7.6,4.3
2014-10-27,110.0,0.0,0.0
2014-10-28,0.3,10.1,6.0
2014-10-29,0.9,0.0,0.0
2014-10-30,0.0,0.5,0.0
2014-10-31,0.0,0.0,0.0
2014-11-01,4.5,0.0,0.0
2014-11-02,0.0,0.0,0.0
2014-11-03,0.0,0.0,0.0
2014-11-04,0.0,1.2,0.0
2014-11-05,1.4,0.5,0.0
2014-11-06,6.7,12.6,16.1
2014-11-07,0.1,0.4,0.0
2014-11-08,17.7,0.7,0.0
2014-11-09,0.0,0.3,0.0
2014-11-10,0.0,4.7,2.6
2014-11-11,0.0,4.0,2.4
2014-11-13,0.0,20.1,20.0
2014-11-14,4.8,3.3,1.8
2014-11-15,0.0,5.8,3.9
2014-11-16,6.2,0.6,0.0
2014-11-17,2.0,3.4,1.9
2014-11-18,13.6,0.7,0.0
2014-11-19,0.0,0.3,0.0
2014-11-20,0.0,0.6,0.0
2014-11-21,0.0,0.0,0.0
2014-11-22,0.0,1.7,0.0
2014-11-23,0.0,12.0,6.6
2014-11-24,10.0,3.7,0.0
2014-11-25,0.0,8.2,3.4
2014-11-26,1.1,14.8,10.0
2014-11-27,2.6,18.8,12.8
2014-11-28,56.0,3.0,0.0
2014-11-29,44.3,12.1,6.7
2014-11-30,6.3,16.7,11.1
2014-12-01,2.2,20.8,25.3
2014-12-02,32.5,2.7,0.0
2014-12-03,0.0,7.4,4.8
2014-12-05,0.0,2.0,0.0
2014-12-06,0.0,10.1,8.1
2014-12-07,1.1,12.7,11.4
2014-12-08,2.0,45.7,52.8
2014-12-09,20.3,22.9,30.0
2014-12-10,2.5,0.7,0.0
2014-12-11,0.0,1.5,0.0
2014-12-12,0.0,13.6,10.0
2014-12-13,12.5,15.4,12.2
2014-12-14,24.9,12.0,8.2
2014-12-15,6.5,24.4,26.0
2014-12-16,5.0,2.8,0.0
2014-12-17,0.0,0.9,0.0
2014-12-18,0.0,7.0,2.7
2014-12-19,0.0,12.6,8.8
2014-12-20,3.5,3.7,0.0
2014-12-21,1.7,9.0,5.6
2014-12-22,4.7,11.9,8.8
2014-12-23,1.0,15.9,13.4
2014-12-24,2.3,9.6,6.2
2014-12-25,0.0,26.2,29.2
2014-12-26,54.0,28.3,33.5
2014-12-27,3.6,22.6,24.9
2014-12-28,8.2,3.9,0.0
2014-12-29,0.0,1.9,0.0
2014-12-30,0.0,10.1,6.8
2014-12-31,6.9,37.1,46.4
2015-01-01,6.8,25.4,24.4
2015-01-02,13.4,16.5,13.8
2015-01-03,14.5,47.0,45.0
2015-01-04,103.1,13.8,11.3
2015-01-05,1.0,11.3,8.8
2015-01-06,3.6,9.4,6.9
2015-01-07,16.7,2.6,0.0
2015-01-08,0.2,10.2,7.7
2015-01-09,0.0,0.1,0.0
2015-01-10,0.0,0.0,0.0
2015-01-11,0.0,0.3,0.0
2015-01-12,0.0,13.6,14.5
2015-01-13,33.3,29.9,44.1
2015-01-14,40.9,8.8,8.6
2015-01-15,11.9,0.7,0.0
2015-01-16,3.0,5.8,4.8
2015-01-17,25.8,12.2,12.7
2015-01-18,31.3,2.3,1.0
2015-01-19,0.0,18.8,24.2
2015-01-20,2.0,24.9,37.3
2015-01-21,63.6,1.7,0.0
2015-01-22,0.0,0.2,0.0
2015-01-23,0.0,12.1,10.2
2015-01-24,22.3,0.2,0.0
2015-01-25,0.0,13.1,11.3
2015-01-26,0.0,4.3,1.6
2015-01-27,1.0,3.3,1.0
2015-01-28,0.7,9.3,7.1
2015-01-29,12.4,1.1,0.0
2015-01-30,0.0,6.1,3.5
2015-01-31,11.0,43.0,52.3
2015-02-01,39.3,4.4,2.7
2015-02-02,0.2,0.0,0.0
2015-02-05,0.0,36.8,30.9
2015-02-06,21.3,33.9,28.1
2015-02-07,21.4,18.3,13.7
2015-02-08,83.3,61.4,60.0
2015-02-09,16.4,19.7,15.4
2015-02-10,46.5,8.8,6.1
2015-02-11,1.5,1.7,0.0
2015-02-12,3.8,7.3,4.7
2015-02-13,13.5,3.4,1.1
2015-02-14,0.4,0.6,0.0
2015-02-15,0.0,0.0,0.0
2015-02-17,0.8,28.5,35.7
2015-02-18,11.3,35.4,47.1
2015-02-19,14.1,7.7,5.1
2015-02-20,0.1,4.0,1.7
2015-02-24,4.9,0.1,0.0
2015-02-25,0.0,0.3,0.0
2015-02-26,0.5,0.0,0.0
2015-02-27,0.0,2.0,0.0
2015-03-01,51.4,1.3,0.0
2015-03-03,18.6,5.4,1.0
2015-03-04,6.2,1.1,0.0
2015-03-06,4.5,5.5,1.0
2015-03-10,20.4,5.2,1.0
2015-03-11,3.0,22.3,26.3
2015-03-12,64.6,13.1,12.1
2015-03-13,15.7,1.9,1.1
2015-03-16,0.4,0.1,0.0
2015-03-18,1.7,0.0,0.0
2015-03-23,6.9,4.1,1.0
2015-03-25,34.1,11.0,7.6
2015-03-26,3.5,11.4,8.0
2015-03-27,1.0,0.1,0.0
2015-03-28,7.3,3.2,0.0
2015-03-29,21.0,0.2,0.0
2015-05-29,11.5,0.0,0.0
2015-06-02,2.0,0.4,0.0
2015-06-03,3.5,0.6,0.0
2015-06-05,3.8,0.5,0.0
2015-06-09,5.2,15.2,22.3
2015-06-11,0.0,2.7,0.0
2015-06-12,0.0,8.6,4.9
2015-06-13,0.0,0.0,0.0
2015-06-14,0.0,0.0,0.0
2015-07-08,0.0,0.0,0.0
2015-07-13,5.4,7.5,8.0
2015-07-14,4.3,19.6,26.5
2015-07-16,3.6,0.0,0.0
2015-07-23,0.0,0.0,0.0
2015-07-28,9.5,0.0,0.0
2015-08-01,53.0,0.0,0.0
2015-08-02,0.0,0.0,0.0
2015-08-03,16.5,0.0,0.0
2015-08-04,17.6,0.0,0.0
2015-08-11,14.2,0.2,0.0
2015-08-13,7.6,0.0,0.0
2015-08-27,0.0,0.0,0.0
2015-09-01,0.0,0.0,0.0
2015-09-04,0.0,0.0,0.0
2015-09-06,0.0,0.0,0.0
2015-09-19,0.0,0.0,0.0
2015-10-08,6.0,0.0,0.0
2015-10-15,0.0,0.0,0.0
2015-10-25,0.0,5.8,3.0
2015-11-06,0.2,0.0,0.0
2015-11-07,0.0,12.6,15.0
2015-11-08,0.4,1.2,0.0
2015-11-09,2.0,5.4,3.6
2015-11-18,3.8,2.0,1.0
2015-11-20,18.8,0.2,0.0
2015-11-26,2.8,55.6,53.4
2015-11-27,11.4,6.8,2.2
2015-11-28,1.8,0.5,0.0
2015-11-29,0.0,29.2,25.4
2015-11-30,4.2,5.5,1.1
2015-12-01,2.2,0.4,0.0
2015-12-02,0.0,3.9,1.0
2015-12-05,0.5,0.9,0.0
2015-12-06,4.2,0.2,0.0
2015-12-07,0.0,72.1,57.1
2015-12-08,2.8,20.7,25.5
2015-12-09,0.4,18.0,18.5
2015-12-10,1.8,6.9,4.2
2015-12-11,19.8,11.0,7.0
2015-12-12,1.4,2.1,0.0
2015-12-13,6.9,8.6,4.3
2015-12-14,0.4,14.1,10.6
2015-12-16,22.5,16.8,13.7
2015-12-17,1.4,3.3,0.0
2015-12-18,3.8,12.3,8.5
2015-12-19,5.2,1.4,0.0
2015-12-20,0.4,17.7,14.9
2015-12-21,28.8,2.3,0.0
2015-12-22,0.0,1.0,0.0
2015-12-24,0.0,5.9,2.1
2015-12-25,0.0,13.1,10.2
2015-12-26,17.0,1.8,0.0
2015-12-27,1.4,1.0,0.0
2015-12-28,0.2,0.0,0.0
2015-12-29,5.5,8.2,4.7
2015-12-30,0.2,0.2,0.0
2015-12-31,5.3,0.0,0.0
2016-01-01,0.0,2.7,0.0
2016-01-03,9.6,11.2,8.7
2016-01-04,25.3,9.3,6.9
2016-01-06,15.5,0.4,0.0
2016-01-07,17.8,0.4,0.0
2016-01-08,0.0,0.0,0.0
2016-01-11,0.0,20.1,28.4
2016-01-12,22.2,5.1,3.9
2016-01-13,1.0,3.4,1.7
2016-01-15,12.6,6.8,6.1
2016-01-16,15.0,0.4,0.0
2016-01-17,0.0,0.6,0.0
2016-01-18,0.0,0.9,0.0
2016-01-20,1.8,13.5,14.4
2016-01-21,0.0,6.4,3.8
2016-01-22,24.0,41.3,50.0
2016-01-23,30.5,1.8,0.0
2016-01-24,0.3,16.3,14.9
2016-01-25,1.2,9.2,6.9
2016-01-26,1.4,4.0,1.2
2016-01-28,0.0,4.9,2.2
2016-01-29,31.2,0.6,0.0
2016-01-30,6.4,5.6,3.0
2016-02-01,0.8,16.6,12.3
2016-02-02,2.0,10.6,7.5
2016-02-05,29.8,10.3,7.3
2016-02-07,41.2,7.7,5.3
2016-02-08,10.2,13.3,9.7
2016-02-10,3.3,6.5,4.4
2016-02-11,2.1,15.2,12.3
2016-02-12,1.0,16.4,14.8
2016-02-13,11.0,2.7,1.0
2016-02-15,0.0,0.2,0.0
2016-02-17,7.2,0.3,0.0
2016-02-18,5.5,0.3,0.0
2016-02-20,0.0,11.3,8.5
2016-02-21,5.0,1.8,0.0
2016-02-24,1.6,4.0,2.6
2016-02-25,0.0,7.8,7.9
2016-02-29,1.4,22.4,32.2
2016-03-01,50.6,2.3,0.0
2016-03-02,0.0,0.6,0.0
2016-03-03,1.0,10.4,5.7
2016-03-04,1.0,43.6,53.4
2016-03-05,55.5,25.3,28.2
2016-03-06,19.6,8.9,4.1
2016-03-07,11.6,0.1,0.0
2016-03-08,0.4,12.5,7.9
2016-03-09,1.4,16.5,12.4
2016-03-10,29.0,10.7,6.0
2016-03-11,0.6,1.1,0.0
2016-03-12,0.0,6.6,5.8
2016-03-13,0.6,5.0,4.3
2016-03-14,2.8,0.9,0.0
2016-03-15,1.8,7.9,7.1
2016-03-16,1.8,6.5,5.7
2016-03-17,1.1,15.3,13.6
2016-03-18,4.5,4.9,4.2
2016-03-19,0.2,1.4,1.0
2016-03-20,0.0,10.0,9.2
2016-03-21,7.4,12.9,10.5
2016-03-22,0.2,22.9,23.0
2016-03-23,5.6,11.6,8.2
2016-03-24,16.4,1.9,0.0
2016-03-25,0.0,39.7,53.9
2016-03-26,22.0,5.3,1.7
2016-03-27,0.0,0.0,0.0
2016-03-28,0.0,9.9,6.4
2016-03-29,0.0,12.5,10.0
2016-03-30,22.4,4.9,1.3
2016-03-31,0.2,35.6,48.7
2016-04-01,43.3,64.2,80.0
2016-04-02,76.6,4.1,3.2
2016-04-03,0.0,13.9,16.3
2016-04-05,0.2,2.7,1.4
2016-04-06,0.4,1.3,0.0
2016-04-07,0.0,0.2,0.0
2016-04-08,9.2,11.5,12.6
2016-04-10,0.0,21.8,37.4
2016-04-11,0.0,8.0,9.6
2016-04-12,0.0,3.1,2.9
2016-04-14,6.2,0.3,0.0
2016-04-15,0.0,1.2,1.0
2016-04-16,0.0,6.8,7.8
2016-04-17,1.0,28.6,41.0
2016-04-18,5.2,0.1,0.0
2016-04-19,10.4,9.2,11.7
2016-04-21,112.4,8.6,6.8
2016-04-22,4.0,21.2,21.5
2016-04-23,6.2,11.4,9.9
2016-04-24,10.5,6.0,4.0
2016-04-25,15.2,31.4,36.8
2016-04-26,12.4,20.1,19.8
2016-04-27,1.0,0.2,0.0
2016-04-28,2.6,5.6,3.6
2016-04-29,6.0,6.3,4.3
2016-05-03,2.8,1.0,0.0
2016-05-04,1.4,0.3,0.0
2016-05-05,0.0,6.9,6.4
2016-05-06,0.0,42.7,68.3
2016-05-07,56.3,2.3,1.0
2016-05-08,0.2,1.2,0.0
2016-05-11,0.0,2.9,1.0
2016-05-13,0.6,0.8,0.0
2016-05-14,2.6,4.1,1.9
2016-05-15,5.0,0.0,0.0
2016-05-16,0.2,4.2,2.0
2016-05-19,0.0,0.1,0.0
2016-05-20,14.2,0.0,0.0
2016-05-23,2.0,0.2,0.0
2016-05-24,0.0,0.0,0.0
2016-05-27,3.2,19.4,24.5
2016-05-30,18.3,12.1,9.6
2016-06-02,6.4,0.9,0.0
2016-06-03,0.8,0.0,0.0
2016-06-07,10.2,0.0,0.0
2016-06-13,0.0,13.6,11.4
2016-06-14,10.1,2.2,0.0
2016-06-15,0.5,14.5,10.4
2016-06-16,25.4,3.6,0.0
2016-06-17,0.8,31.3,31.3
2016-06-18,15.2,22.4,25.1
2016-06-23,7.5,0.0,0.0
2016-06-28,0.0,3.9,1.0
2016-07-01,2.0,13.5,9.5
2016-07-03,0.0,0.0,0.0
2016-07-08,8.9,0.8,0.0
2016-07-11,27.5,7.1,5.5
2016-07-13,0.0,1.8,0.0
2016-07-15,0.8,0.6,0.0
2016-07-16,1.0,0.0,0.0
2016-07-18,0.0,0.0,0.0
2016-07-22,0.3,11.0,12.1
2016-07-23,1.0,1.8,1.0
2016-07-27,7.7,0.0,0.0
2016-07-29,1.0,2.0,1.0
2016-07-31,7.2,0.0,0.0
2016-08-01,2.2,0.0,0.0
2016-08-07,0.0,0.5,0.0
2016-08-09,13.5,0.1,0.0
2016-08-12,0.0,0.0,0.0
2016-08-14,7.6,1.2,0.0
2016-08-15,9.1,0.0,0.0
2016-08-17,0.0,4.0,2.2
2016-08-18,25.4,0.0,0.0
2016-08-20,0.6,0.0,0.0
2016-08-22,0.0,0.0,0.0
2016-08-23,1.0,0.0,0.0
2016-08-28,16.5,0.0,0.0
2016-08-30,3.0,1.4,0.0
2016-08-31,0.3,0.0,0.0
2016-09-01,0.0,0.6,0.0
2016-09-02,0.0,0.0,0.0
2016-09-03,6.0,0.0,0.0
2016-09-06,31.2,1.6,1.0
2016-09-07,0.0,4.1,4.3
2016-09-08,1.0,1.7,1.0
2016-09-12,4.0,1.8,2.9
2016-09-14,41.0,0.0,0.0
2016-09-15,0.4,0.0,0.0
2016-09-17,0.0,0.5,0.0
2016-09-19,1.8,1.5,3.8
2016-09-20,1.8,0.5,0.0
2016-09-22,8.8,3.0,4.2
2016-09-24,1.0,16.5,13.5
2016-09-25,13.0,17.1,14.1
2016-09-26,4.4,12.2,10.5
2016-09-27,3.0,23.4,19.0
2016-09-28,25.5,30.3,26.9
2016-09-29,12.6,19.7,15.1
2016-10-01,2.2,1.7,1.0
2016-10-02,0.4,3.5,2.8
2016-10-11,2.5,2.2,0.0
2016-10-12,1.2,15.0,22.9
2016-10-13,9.8,9.4,12.3
2016-10-14,31.2,6.0,5.8
2016-10-20,0.7,0.3,0.0
2016-10-23,4.7,18.0,11.9
2016-10-24,0.6,23.6,15.4
2016-10-25,1.9,4.8,2.2
2016-10-27,9.0,0.7,0.0
2016-10-28,8.9,3.7,1.3
2016-10-29,3.4,0.8,0.0
2016-10-30,1.0,0.6,0.0
2016-10-31,0.0,0.1,0.0
2016-11-03,1.2,8.2,8.1
2016-11-04,0.3,3.9,1.4
2016-11-05,0.1,0.2,0.0
2016-11-07,26.0,0.1,0.0
2016-11-09,1.5,1.4,0.0
2016-11-10,0.0,4.2,1.8
2016-11-11,0.5,5.2,3.4
2016-11-12,13.3,6.8,4.7
2016-11-15,0.0,11.5,9.4
2016-11-16,1.0,1.4,0.0
2016-11-18,1.2,0.9,0.0
2016-11-20,0.3,5.2,3.4
2016-11-22,39.4,1.8,0.0
2016-11-25,27.2,6.3,1.8
2016-11-26,0.5,42.7,42.9
2016-11-27,53.0,67.2,64.4
2016-11-28,80.7,51.0,54.3
2016-11-29,39.9,6.9,2.3
2016-12-01,21.8,1.3,0.0
2016-12-03,4.1,0.6,0.0
2016-12-05,2.8,2.4,0.0
2016-12-09,40.3,5.1,2.2
2016-12-10,0.0,9.5,7.4
2016-12-11,0.2,27.2,31.3
2016-12-12,11.4,2.1,0.0
2016-12-14,2.4,23.5,22.8
2016-12-15,6.2,0.0,0.0
2016-12-16,4.8,9.2,5.0
2016-12-18,5.5,0.5,0.0
2016-12-20,0.5,0.1,0.0
2016-12-22,0.4,0.8,0.0
2016-12-24,0.0,5.3,1.4
2016-12-25,0.3,4.6,1.0
2016-12-26,0.2,12.5,9.5
2016-12-27,6.1,3.4,0.0
2016-12-28,7.2,6.4,2.7
2016-12-30,17.0,9.3,5.9
2016-12-31,3.8,0.0,0.0
2017-01-01,0.7,1.4,0.0
2017-01-03,0.0,36.7,34.2
2017-01-04,2.1,24.2,22.5
2017-01-05,7.1,28.7,26.5
2017-01-06,21.9,7.7,5.3
2017-01-07,16.0,2.7,0.0
2017-01-08,13.7,0.4,0.0
2017-01-09,3.5,18.4,15.1
2017-01-10,0.0,31.0,28.2
2017-01-11,8.2,7.5,6.9
2017-01-12,2.4,3.8,2.2
2017-01-15,5.0,1.8,0.0
2017-01-17,6.8,2.6,1.0
2017-01-19,0.2,0.2,0.0
2017-01-20,2.0,8.6,8.3
2017-01-21,0.0,3.6,1.0
2017-01-22,2.0,10.4,8.3
2017-01-23,1.0,2.6,0.0
2017-01-24,0.0,28.7,34.1
2017-01-25,8.5,20.4,20.0
2017-01-26,13.8,10.4,8.3
2017-01-27,0.4,12.9,11.2
2017-01-28,1.4,0.8,0.0
2017-01-30,0.9,8.2,5.9
2017-02-01,3.2,28.7,24.5
2017-02-02,28.9,2.3,1.2
2017-02-05,0.0,3.8,2.2
2017-02-06,1.1,1.7,1.0
2017-02-07,0.0,0.8,0.0
2017-02-08,2.7,0.8,0.0
2017-02-10,4.5,16.7,12.4
2017-02-11,4.4,1.5,0.0
2017-02-12,3.5,10.8,8.0
2017-02-13,3.3,7.4,4.7
2017-02-15,61.2,14.3,11.4
2017-02-16,14.7,1.8,0.0
2017-02-17,2.0,24.5,27.9
2017-02-18,28.3,0.2,0.0
2017-02-20,0.8,83.6,80.7
2017-02-21,80.5,15.6,18.4
2017-02-22,4.6,0.5,0.0
2017-02-23,0.1,4.6,3.5
2017-02-25,0.4,21.8,29.8
2017-03-02,0.0,2.4,0.0
2017-03-03,2.3,4.1,0.0
2017-03-04,15.2,1.6,0.0
2017-03-07,2.2,9.1,4.4
2017-03-08,36.0,15.2,11.0
2017-03-09,3.1,21.5,18.7
2017-03-10,2.1,3.8,0.0
2017-03-12,0.0,0.9,0.0
2017-03-13,0.0,0.0,0.0
2017-03-15,0.0,0.9,0.0
2017-03-17,0.0,3.0,2.2
2017-03-19,11.0,1.6,1.0
2017-03-20,0.0,0.6,0.0
2017-03-22,7.7,9.3,5.7
2017-03-23,0.8,5.2,1.6
2017-03-25,4.3,1.7,0.0
2017-03-27,19.5,8.1,4.5
2017-03-28,1.0,8.4,4.8
2017-04-01,0.0,0.1,0.0
2017-04-03,3.1,3.0,1.8
2017-04-07,1.1,15.6,27.3
2017-04-08,9.7,7.7,8.2
2017-04-09,2.2,7.3,7.6
2017-04-10,31.0,0.4,0.0
2017-04-11,1.5,0.4,0.0
2017-04-12,0.8,0.1,0.0
2017-04-15,47.0,0.2,0.0
2017-04-16,3.3,3.1,2.9
2017-04-21,0.0,0.4,0.0
2017-04-26,9.1,10.9,9.7
2017-04-27,1.2,0.2,0.0
2017-04-30,48.6,1.5,0.0
2017-05-01,0.0,0.2,0.0
2017-05-02,1.8,9.4,9.3
2017-05-03,13.3,7.1,7.2
2017-05-04,1.0,9.1,9.5
2017-05-05,21.4,16.6,23.4
2017-05-06,14.8,0.0,0.0
2017-05-07,0.0,4.9,3.3
2017-05-08,1.8,4.7,3.0
2017-05-09,13.4,1.3,0.0
2017-05-10,3.8,9.3,9.9
2017-05-11,4.5,6.8,4.4
2017-05-12,12.8,0.0,0.0
2017-05-13,8.0,0.0,0.0
2017-05-14,38.1,0.2,0.0
2017-05-16,0.0,0.0,0.0
2017-05-19,1.7,0.0,0.0
2017-05-20,2.0,0.0,0.0
2017-05-21,0.0,0.0,0.0
2017-05-22,0.0,10.4,8.8
2017-05-23,47.0,0.5,0.0
2017-05-24,0.9,6.8,4.8
2017-05-26,0.0,0.0,0.0
2017-05-28,2.7,61.0,37.8
2017-05-29,9.2,8.3,6.0
2017-05-30,0.5,14.4,12.2
2017-05-31,8.1,8.5,6.5
2017-06-01,5.0,4.6,2.9
2017-06-05,0.0,2.9,1.0
2017-06-06,0.0,0.0,0.0
2017-06-10,0.0,0.0,0.0
2017-06-11,0.0,5.7,2.4
2017-06-12,2.5,1.9,0.0
2017-06-14,10.0,9.8,6.4
2017-06-16,0.0,7.4,4.0
2017-06-18,0.0,0.0,0.0
2017-06-19,1.0,0.3,0.0
2017-06-20,0.0,0.7,0.0
2017-06-21,0.0,7.6,4.7
2017-06-22,4.1,1.9,0.0
2017-06-24,1.0,9.9,6.8
2017-06-26,12.2,5.7,2.6
2017-06-27,4.0,5.6,2.5
2017-06-30,5.3,12.7,9.9
2017-07-01,5.0,3.4,1.1
2017-07-03,4.5,3.4,1.1
2017-07-26,0.0,0.0,0.0
2017-07-28,0.6,20.4,33.4
2017-07-31,0.0,0.0,0.0
2017-08-04,0.0,0.0,0.0
2017-08-05,0.0,0.0,0.0
2017-08-07,13.4,0.0,0.0
2017-08-10,0.0,0.3,0.0
2017-08-14,2.5,0.0,0.0
2017-08-15,0.0,0.0,0.0
2017-08-24,0.4,6.2,5.6
2017-08-25,13.6,4.2,3.4
2017-08-26,0.3,2.8,1.4
2017-08-27,2.0,0.0,0.0
2017-08-29,4.3,10.5,13.8
2017-08-30,2.1,0.1,0.0
2017-09-03,0.0,0.0,0.0
2017-09-04,0.0,0.0,0.0
2017-09-05,0.0,0.3,0.0
2017-09-06,0.8,0.1,0.0
2017-09-10,0.0,0.0,0.0
2017-09-14,0.0,0.0,0.0
2017-09-19,0.0,0.0,0.0
2017-09-24,0.0,5.4,4.4
2017-09-26,14.4,53.3,58.1
2017-09-27,58.8,46.0,47.6
2017-09-28,3.5,0.2,0.0
2017-09-29,0.0,5.1,4.4
2017-10-04,0.0,14.4,22.4
2017-10-05,4.2,0.5,0.0
2017-10-07,2.0,0.1,0.0
2017-10-09,13.2,9.1,9.1
2017-10-10,1.4,0.5,0.0
2017-10-14,0.0,0.4,0.0
2017-10-17,1.2,1.4,0.0
2017-10-18,0.0,1.3,0.0
2017-10-22,1.6,0.1,0.0
2017-10-23,1.8,0.0,0.0
2017-10-27,0.8,0.0,0.0
2017-10-30,1.0,6.2,3.3
2017-10-31,1.0,0.1,0.0
2017-11-03,0.0,0.2,0.0
2017-11-07,8.6,2.7,0.0
2017-11-09,27.6,24.7,48.7
2017-11-10,52.0,1.4,0.0
2017-11-11,0.0,0.1,0.0
2017-11-14,1.0,13.9,10.4
2017-11-15,4.0,3.7,2.2
2017-11-16,1.0,8.7,6.2
2017-11-17,19.5,13.2,10.2
2017-11-18,5.0,0.5,0.0
2017-11-27,1.0,9.6,4.6
2017-12-01,1.1,0.6,0.0
2017-12-12,0.0,48.0,62.5
2017-12-13,18.0,13.9,10.4
2017-12-16,10.0,32.5,39.8
2017-12-17,52.5,34.9,44.3
2017-12-18,19.0,9.2,5.0
2017-12-19,0.3,3.1,0.0
2017-12-20,33.6,5.1,1.0
2017-12-21,13.7,3.1,0.0
2017-12-23,16.3,3.7,0.0
2017-12-24,0.0,0.1,0.0
2017-12-30,2.3,5.3,1.5
2017-12-31,12.9,3.7,0.0
2018-01-01,1.5,0.1,0.0
2018-01-06,2.4,4.9,2.4
2018-01-09,24.4,12.3,9.8
2018-01-10,23.1,22.3,22.3
2018-01-11,17.0,11.9,12.5
2018-01-12,1.8,4.6,3.2
2018-01-13,0.0,2.5,1.0
2018-01-16,1.0,9.6,9.5
2018-01-17,3.2,2.3,1.0
2018-01-21,0.2,4.5,1.7
2018-01-22,2.6,2.5,0.0
2018-01-25,6.6,6.2,3.6
2018-01-26,1.0,1.8,0.0
2018-01-29,0.6,0.3,0.0
2018-02-02,15.3,0.4,0.0
2018-02-04,6.7,12.0,8.7
2018-02-05,11.0,0.0,0.0
2018-02-06,0.0,1.1,0.0
2018-02-07,2.6,7.5,5.1
2018-02-08,8.9,2.1,1.0
2018-02-09,18.0,3.0,1.7
2018-02-10,43.3,0.9,0.0
2018-02-12,22.2,0.4,0.0
2018-02-14,5.9,12.5,9.7
2018-02-15,2.4,24.5,30.4
2018-02-21,1.0,3.9,2.4
2018-02-22,1.1,15.3,17.9
2018-02-25,37.0,46.9,66.7
2018-02-26,4.4,6.7,6.3
2018-02-27,1.2,0.3,0.0
2018-03-01,1.0,6.2,1.4
2018-03-02,0.7,0.0,0.0
2018-03-04,0.0,45.1,56.7
2018-03-06,13.4,5.7,1.0
2018-03-08,5.6,27.4,30.3
2018-03-10,21.7,28.7,35.8
2018-03-11,35.1,8.1,7.3
2018-03-12,4.6,7.4,6.6
2018-03-13,2.3,6.7,5.9
2018-03-14,14.8,2.4,1.6
2018-03-15,7.0,1.6,1.0
2018-03-20,10.0,0.1,0.0
2018-03-24,38.3,52.9,65.5
2018-03-25,22.5,0.5,0.0
2018-03-27,1.0,1.5,0.0
2018-04-01,0.2,8.4,9.2
2018-04-04,81.4,3.8,2.8
2018-04-05,0.0,0.0,0.0
2018-04-09,23.8,7.1,7.3
2018-04-10,1.0,0.1,0.0
2018-04-13,46.4,0.0,0.0
2018-04-17,0.4,1.1,1.0
2018-04-21,0.0,23.8,25.4
2018-04-24,57.0,11.7,10.0
2018-04-25,4.5,5.8,3.8
2018-04-27,4.5,5.2,3.1
2018-04-28,7.0,1.0,0.0
2018-04-29,0.0,0.1,0.0
2018-05-07,6.0,0.0,0.0
2018-05-11,0.5,0.0,0.0
2018-05-12,5.0,0.0,0.0
2018-05-16,3.5,5.8,3.6
2018-05-19,3.5,10.0,7.6
2018-05-23,32.8,18.4,24.0
2018-05-24,10.6,0.1,0.0
2018-05-27,8.5,3.0,1.0
2018-05-28,1.5,1.7,0.0
2018-06-04,0.4,0.0,0.0
2018-06-05,1.2,0.0,0.0
2018-06-08,0.0,0.0,0.0
2018-06-13,2.5,0.1,0.0
2018-06-16,0.0,0.0,0.0
2018-06-20,0.0,41.6,33.5
2018-06-21,21.2,19.8,23.1
2018-06-22,1.4,27.2,32.3
2018-06-24,10.1,40.9,45.2
2018-06-25,3.7,40.8,42.3
2018-06-26,1.9,12.9,10.4
2018-06-28,0.2,5.9,3.0
2018-07-03,0.0,0.0,0.0
2018-07-05,1.8,0.0,0.0
2018-07-13,0.0,0.0,0.0
2018-07-14,0.0,0.0,0.0
2018-07-17,0.0,0.0,0.0
2018-07-18,0.0,0.0,0.0
2018-07-21,70.2,0.9,0.0
2018-07-22,15.9,0.0,0.0
2018-07-25,0.0,0.0,0.0
2018-07-30,0.0,0.0,0.0
2018-08-13,70.3,4.6,2.7
2018-08-14,34.6,1.4,0.0
2018-08-15,5.0,0.0,0.0
2018-08-21,8.4,0.0,0.0
2018-08-26,2.0,0.9,0.0
2018-08-31,24.0,32.0,42.9
2018-09-02,1.0,13.1,29.3
2018-09-09,10.7,0.0,0.0
2018-10-02,0.0,0.0,0.0
2018-10-04,6.3,0.0,0.0
2018-10-06,0.4,0.0,0.0
2018-10-10,0.0,0.0,0.0
2018-10-15,1.9,3.7,2.2
2018-10-16,0.6,0.0,0.0
2018-10-20,1.0,1.0,0.0
2018-10-21,0.0,1.7,0.0
2018-10-23,2.6,0.6,0.0
2018-10-24,5.5,0.9,0.0
2018-10-25,0.0,0.0,0.0
2018-10-28,2.8,0.1,0.0
2018-10-29,0.8,0.7,0.0
2018-11-02,1.5,9.0,10.4
2018-11-07,0.8,8.6,9.0
2018-11-09,0.7,16.3,23.5
2018-11-11,0.0,3.0,1.6
2018-11-13,3.5,23.4,21.9
2018-11-14,12.4,0.8,0.0
2018-11-15,0.0,0.7,0.0
2018-11-19,0.5,0.4,0.0
2018-11-20,0.0,2.0,1.0
2018-11-22,0.6,1.1,0.0
2018-11-23,0.6,0.1,0.0
2018-11-25,1.4,0.6,0.0
2018-11-26,0.2,0.1,0.0
2018-11-27,0.0,0.0,0.0
2018-11-28,1.5,0.1,0.0
2018-11-29,3.0,34.3,33.2
2018-12-01,28.3,1.5,0.0
2018-12-02,0.3,2.8,0.0
2018-12-05,3.6,8.9,6.6
2018-12-06,1.0,0.4,0.0
2018-12-08,26.0,0.4,0.0
2018-12-09,0.0,1.1,0.0
2018-12-12,7.0,24.7,26.0
2018-12-13,6.0,0.5,0.0
2018-12-14,52.0,7.7,3.4
2018-12-16,1.0,7.6,3.3
2018-12-17,40.5,0.1,0.0
2018-12-20,8.5,1.4,0.0
2018-12-22,5.5,7.0,3.4
2018-12-26,1.0,1.0,0.0
2019-01-02,1.7,11.7,9.2
2019-01-03,6.0,0.9,0.0
2019-01-10,6.0,1.1,0.0
2019-01-11,6.0,23.4,33.5
2019-01-14,15.5,6.6,5.8
2019-01-15,0.6,3.8,2.2
2019-01-19,37.0,2.6,1.0
2019-02-08,0.0,3.6,2.1
2019-02-12,0.0,0.5,0.0
2019-02-16,1.5,4.9,2.5
2019-02-20,66.0,4.4,2.0
2019-02-24,0.0,8.2,8.4
2019-02-28,1.8,0.3,0.0
2019-03-02,19.5,8.1,3.3
2019-03-03,8.4,28.5,33.4
2019-03-04,8.5,20.6,21.3
2019-03-05,10.0,4.9,1.0
2019-03-06,9.5,32.7,38.8
2019-03-08,23.0,5.8,1.0
2019-03-10,99.0,3.1,0.0
2019-03-12,6.4,16.4,14.8
2019-03-13,15.0,21.5,25.6
2019-03-16,4.5,13.9,12.3
2019-03-20,1.0,3.2,2.4
2019-03-21,1.0,6.6,3.0
2019-03-22,11.1,17.3,14.9
2019-03-24,0.0,11.4,8.1
2019-03-28,1.1,0.9,0.0
2019-04-02,0.8,0.3,0.0
2019-04-09,1.8,5.5,5.1
2019-04-13,7.0,5.5,6.0
2019-04-19,12.3,94.3,59.8
2019-04-20,35.1,4.6,4.9
2019-04-21,3.6,14.6,13.2
2019-04-23,9.0,53.5,79.4
2019-04-25,5.6,17.4,17.6
2019-04-27,88.0,4.5,2.4
2019-05-01,1.0,0.1,0.0
2019-05-12,2.9,9.0,6.5
2019-05-13,0.2,9.6,7.2
2019-05-15,3.0,32.8,40.2
2019-05-31,3.0,1.6,0.0
2019-06-08,3.5,9.7,8.5
2019-06-09,17.0,0.1,0.0
2019-06-16,20.7,10.3,7.4
2019-06-17,4.0,0.0,0.0
2019-06-23,0.8,0.7,0.0
2019-06-24,0.0,0.0,0.0
2019-06-29,0.0,0.0,0.0
2019-07-03,4.3,0.0,0.0
2019-07-04,0.0,0.2,0.0
2019-07-05,7.7,2.1,0.0
2019-07-06,16.5,16.7,12.0
2019-07-07,23.4,10.8,7.6
2019-07-08,11.0,3.9,1.6
2019-07-09,3.0,0.0,0.0
2019-07-10,1.0,0.0,0.0
2019-07-13,0.0,0.0,0.0
2019-07-20,4.3,0.0,0.0
2019-07-22,7.1,0.0,0.0
2019-08-04,1.0,0.0,0.0
2019-08-29,1.0,0.0,0.0
2019-08-30,4.8,0.0,0.0
2019-10-03,0.0,0.0,0.0
2019-10-08,1.0,0.0,0.0
2019-10-10,13.2,0.0,0.0
2019-10-20,8.5,0.0,0.0
2019-10-29,15.7,0.0,0.0
2019-11-05,0.0,0.0,0.0
2019-11-10,0.0,0.0,0.0
2019-11-12,0.0,0.0,0.0
2019-11-14,10.0,11.7,8.7
2019-11-15,31.4,0.1,0.0
2019-11-17,0.0,0.0,0.0
2019-11-18,0.0,0.4,0.0
2019-11-21,4.2,0.0,0.0
2019-11-22,0.0,1.5,0.0
2019-11-23,2.0,0.7,0.0
2019-11-24,0.0,0.0,0.0
2019-11-26,0.0,0.0,0.0
2019-11-30,0.0,0.1,0.0
2019-12-04,4.7,28.0,39.0
2019-12-05,31.0,6.8,4.0
2019-12-07,56.0,3.3,1.0
2019-12-10,0.0,0.4,0.0
2019-12-13,0.0,0.4,0.0
2019-12-15,11.4,1.8,0.0
2019-12-16,0.0,10.5,6.4
2019-12-17,1.2,6.8,2.4
2019-12-18,0.4,0.1,0.0
2019-12-26,13.6,8.0,4.5
2019-12-27,6.8,0.7,0.0
2019-12-29,109.8,1.2,0.0
2019-12-31,7.0,50.3,65.9
2020-01-01,42.4,5.0,2.4
2020-01-03,8.0,30.3,28.3
2020-01-04,33.0,36.4,33.8
2020-01-05,49.0,4.0,1.3
2020-01-06,3.8,9.3,6.8
2020-01-08,47.0,7.1,4.7
2020-01-09,15.1,13.4,10.9
2020-01-10,7.0,15.8,13.1
2020-01-11,20.5,1.3,0.0
2020-01-12,0.8,14.8,16.6
2020-01-13,20.1,7.0,6.3
2020-01-14,7.0,9.4,9.2
2020-01-15,39.7,3.5,1.8
2020-01-16,10.5,11.7,12.2
2020-01-17,0.3,16.3,18.0
2020-01-18,102.7,1.4,0.0
2020-01-19,14.5,0.7,0.0
2020-01-20,0.4,0.4,0.0
2020-01-21,59.6,0.1,0.0
2020-01-22,25.3,21.3,24.5
2020-01-23,61.1,28.7,34.3
2020-01-24,14.8,47.9,56.6
2020-01-25,87.0,5.8,3.3
2020-01-26,0.4,7.4,5.0
2020-01-28,22.7,3.1,1.0
2020-01-29,12.0,52.1,62.0
2020-01-30,35.0,10.2,8.1
2020-01-31,52.0,20.1,19.1
2020-02-01,2.4,9.5,6.7
2020-02-05,0.0,43.0,37.2
2020-02-06,37.0,15.8,11.7
2020-02-07,6.5,7.2,4.9
2020-02-08,0.6,4.3,2.7
2020-02-09,0.0,1.4,1.0
2020-02-10,0.0,1.8,1.0
2020-02-11,1.4,2.6,1.0
2020-02-13,24.7,9.2,6.5
2020-02-14,2.1,1.0,0.0
2020-02-15,0.0,2.7,1.0
2020-02-16,2.5,8.3,5.6
2020-02-17,1.0,17.2,15.9
2020-02-18,5.6,18.6,19.2
2020-02-19,2.5,21.5,23.5
2020-02-20,0.4,1.9,0.0
2020-02-23,0.0,0.0,0.0
2020-02-24,0.0,0.3,0.0
2020-02-25,0.0,23.5,32.6
2020-02-26,20.4,1.8,0.0
2020-02-28,14.3,27.5,41.5
2020-02-29,4.0,1.5,0.0
2020-03-01,0.7,7.4,2.5
2020-03-03,16.0,4.1,0.0
2020-03-04,32.1,13.7,9.3
2020-03-05,2.8,12.4,7.9
2020-03-09,30.7,3.6,0.0
2020-03-11,8.0,18.1,16.9
2020-03-12,9.5,19.3,20.2
2020-03-13,66.1,0.4,0.0
2020-03-16,35.0,1.0,0.0
2020-03-18,6.5,29.6,36.6
2020-03-19,30.8,21.2,25.2
2020-03-20,4.2,15.5,14.2
2020-03-21,6.4,0.8,0.0
2020-03-23,32.0,1.1,0.0
2020-03-24,1.0,33.4,43.5
2020-03-25,35.7,0.8,0.0
2020-03-26,0.0,37.8,49.9
2020-03-27,59.8,7.6,4.0
2020-03-28,6.5,0.6,0.0
2020-03-30,13.8,38.7,52.4
2020-03-31,12.5,10.7,7.3
2020-04-01,0.8,4.7,4.1
2020-04-02,3.6,8.9,9.8
2020-04-03,7.9,37.9,62.6
2020-04-04,21.0,14.9,23.5
2020-04-05,5.0,2.8,1.6
2020-04-06,0.4,2.7,1.4
2020-04-15,81.3,0.4,0.0
2020-04-20,0.0,0.2,0.0
2020-04-21,0.4,0.0,0.0
2020-04-23,0.0,2.8,1.0
2020-04-27,4.8,12.0,11.7
2020-04-28,7.0,2.9,1.0
2020-04-30,70.1,13.8,13.3
2020-05-01,67.3,3.8,2.0
2020-05-02,8.3,2.2,1.0
2020-05-04,2.0,21.1,33.9
2020-05-05,7.4,11.0,11.6
2020-05-06,0.2,0.6,0.0
2020-05-08,42.0,23.6,39.1
2020-05-09,1.6,18.5,28.0
2020-05-10,1.2,2.4,1.0
2020-05-11,6.0,4.8,2.5
2020-05-16,1.0,10.0,7.7
2020-05-17,14.6,8.4,6.2
2020-05-18,4.1,19.6,21.5
2020-05-23,65.0,0.6,0.0
2020-05-26,0.2,2.6,1.0
2020-05-28,47.0,10.0,7.6
2020-05-29,0.0,0.0,0.0
2020-05-31,6.5,1.9,0.0
2020-06-01,9.2,23.0,33.7
2020-06-02,46.6,6.5,5.4
2020-06-03,2.4,13.4,19.6
2020-06-05,4.8,6.6,5.6
2020-06-06,1.0,0.0,0.0
2020-06-07,63.8,0.0,0.0
2020-06-08,8.0,2.0,0.0
2020-06-09,1.7,0.0,0.0
2020-06-11,3.0,18.9,22.0
2020-06-12,39.8,0.0,0.0
2020-06-15,0.2,4.3,1.0
2020-06-17,15.3,2.1,0.0
2020-06-20,6.8,0.0,0.0
2020-06-21,0.2,17.1,19.5
2020-06-22,15.6,65.8,50.5
2020-06-23,36.2,5.4,2.4
2020-06-28,1.0,0.6,0.0
2020-06-29,0.0,0.4,0.0
2020-07-02,15.6,12.7,9.0
2020-07-03,1.0,8.6,5.4
2020-07-06,2.4,21.4,21.0
2020-07-07,7.0,2.1,0.0
2020-07-09,0.0,2.2,0.0
2020-07-11,45.5,0.8,0.0
2020-07-15,0.5,6.4,4.4
2020-07-17,2.0,0.2,0.0
2020-07-18,2.0,0.0,0.0
2020-07-19,0.0,2.0,0.0
2020-07-20,25.1,4.8,2.9
2020-07-21,1.0,21.8,37.4
2020-07-22,14.7,0.0,0.0
2020-07-23,37.5,0.3,0.0
2020-08-03,0.0,0.0,0.0
2020-08-05,115.3,35.9,32.5
2020-08-06,11.1,0.4,0.0
2020-08-07,0.8,0.0,0.0
2020-08-08,0.0,0.0,0.0
2020-08-09,0.0,0.0,0.0
2020-08-12,10.4,0.2,0.0
2020-08-14,67.5,0.0,0.0
2020-08-17,14.2,0.0,0.0
2020-08-18,0.0,10.5,9.1
2020-08-19,5.5,1.1,0.0
2020-08-23,0.0,0.0,0.0
2020-08-28,0.0,0.0,0.0
2020-09-02,0.0,1.8,1.0
2020-09-04,14.8,1.8,1.0
2020-09-07,0.0,0.0,0.0
2020-09-10,13.0,1.9,1.0
2020-09-12,0.0,0.0,0.0
2020-09-13,3.0,0.0,0.0
2020-09-14,0.0,0.0,0.0
2020-09-28,2.5,0.2,0.0
2020-09-29,0.0,0.1,0.0
2020-10-02,1.1,3.5,3.2
2020-10-03,2.2,9.2,9.4
2020-10-04,3.4,0.0,0.0
2020-10-05,46.7,0.0,0.0
2020-10-07,0.0,0.0,0.0
2020-10-10,1.5,8.5,8.7
2020-10-11,1.0,2.6,1.0
2020-10-15,0.5,5.6,5.9
2020-10-20,30.0,6.7,7.8
2020-10-26,4.0,10.9,6.7
2020-10-28,0.1,0.1,0.0
2020-10-31,12.0,0.9,0.0
2020-11-01,0.0,1.6,0.0
2020-11-03,6.4,1.5,0.0
2020-11-06,4.5,18.0,27.5
2020-11-07,1.6,13.0,15.5
2020-11-08,13.0,0.0,0.0
2020-11-09,1.4,8.3,8.3
2020-11-13,0.8,0.9,0.0
2020-11-16,2.4,13.5,10.4
2020-11-17,6.0,0.3,0.0
2020-11-18,1.5,0.0,0.0
2020-11-20,9.0,8.6,6.1
2020-11-21,8.0,23.2,17.0
2020-11-22,5.2,21.9,14.3
2020-11-23,2.2,31.1,28.2
2020-11-24,7.1,37.7,36.2
2020-11-25,19.0,20.3,13.3
2020-11-26,16.6,32.3,29.2
2020-11-27,4.8,6.0,1.5
2020-11-29,0.6,12.1,6.7
2020-11-30,0.5,1.0,0.0
2020-12-01,1.5,0.1,0.0
2020-12-03,43.4,15.2,14.1
2020-12-04,10.6,2.1,0.0
2020-12-06,0.0,5.7,2.9
2020-12-07,0.2,4.4,1.4
2020-12-08,1.5,4.2,1.2
2020-12-11,38.7,13.6,10.0
2020-12-12,8.5,14.3,10.8
2020-12-13,0.2,14.8,11.4
2020-12-14,1.8,2.5,0.0
2020-12-15,2.8,32.1,41.8
2020-12-16,12.3,29.0,35.5
2020-12-17,14.0,9.6,5.5
2020-12-18,9.8,2.8,0.0
2020-12-19,3.5,6.9,2.5
2020-12-20,13.9,8.0,3.7
2020-12-21,6.5,9.2,5.8
2020-12-24,0.0,11.9,8.8
2020-12-25,2.5,24.5,25.0
2020-12-26,55.8,18.9,16.3
2020-12-27,28.0,10.1,6.9
2020-12-28,9.0,3.4,0.0
2020-12-29,1.0,3.4,0.0
2020-12-30,0.6,3.4,0.0
2020-12-31,0.2,32.6,38.6
2021-01-01,42.9,35.4,33.4
2021-01-02,5.5,7.2,4.7
2021-01-03,5.7,7.3,4.8
2021-01-04,0.2,9.2,6.8
2021-01-06,7.4,58.2,59.7
2021-01-07,4.5,2.9,0.0
2021-01-09,0.0,8.6,6.1
2021-01-10,31.0,23.0,22.6
2021-01-11,1.8,36.8,50.0
2021-01-12,19.8,20.1,28.7
2021-01-13,7.2,5.8,4.8
2021-01-15,0.0,4.4,3.1
2021-01-19,2.0,0.7,0.0
2021-01-20,0.0,0.8,0.0
2021-01-21,2.0,25.2,29.3
2021-01-22,43.0,5.9,3.4
2021-01-24,13.5,22.4,25.5
2021-01-25,10.0,15.5,14.1
2021-01-26,14.3,5.0,2.3
2021-01-27,1.0,14.0,12.3
2021-01-28,6.3,7.4,5.0
2021-01-30,7.0,4.6,1.8
2021-01-31,3.0,5.0,2.3
2021-02-01,0.3,13.5,9.9
2021-02-02,7.9,30.0,24.6
2021-02-03,11.9,26.8,20.6
2021-02-04,15.3,15.5,11.4
2021-02-05,26.7,0.9,0.0
2021-02-08,22.3,27.4,21.1
2021-02-09,26.9,0.5,0.0
2021-02-10,9.7,7.0,4.7
2021-02-11,10.2,5.8,3.3
2021-02-13,29.8,1.6,0.0
2021-02-14,0.0,5.6,3.1
2021-02-15,9.5,24.7,28.6
2021-02-16,0.2,11.1,8.3
2021-02-17,0.8,6.2,3.7
2021-02-19,0.4,0.4,0.0
2021-02-20,0.2,5.2,2.7
2021-02-21,7.2,3.6,2.0
2021-02-25,21.0,32.0,46.9
2021-02-26,33.6,7.8,7.8
2021-02-27,44.6,0.1,0.0
2021-02-28,0.0,6.4,5.9
2021-03-01,0.2,32.8,37.6
2021-03-02,29.5,2.8,0.0
2021-03-03,15.6,40.3,47.8
2021-03-04,52.9,1.5,0.0
2021-03-07,2.5,14.8,10.5
2021-03-08,10.1,0.8,0.0
2021-03-10,6.5,13.5,9.0
2021-03-11,0.0,8.5,7.7
2021-03-12,4.0,2.3,1.5
2021-03-13,13.7,1.1,0.0
2021-03-14,6.6,9.3,8.5
2021-03-15,32.9,0.0,0.0
2021-03-16,0.0,7.1,6.4
2021-03-21,0.0,0.0,0.0
2021-03-23,4.1,0.9,0.0
2021-03-24,1.0,3.1,0.0
2021-03-26,2.0,0.0,0.0
2021-03-27,2.5,0.7,0.0
2021-03-28,0.4,0.0,0.0
2021-04-01,8.2,15.2,24.2
2021-04-03,39.5,5.3,4.8
2021-04-05,0.0,3.1,1.9
2021-04-07,0.0,1.3,0.0
2021-04-09,0.0,29.0,48.9
2021-04-10,12.6,9.0,9.9
2021-04-11,8.0,6.6,7.5
2021-04-12,0.7,0.9,0.0
2021-04-13,1.0,0.7,0.0
2021-04-14,0.0,3.7,3.7
2021-04-16,32.5,0.1,0.0
2021-04-18,1.2,0.0,0.0
2021-04-19,1.0,24.9,35.8
2021-04-20,2.5,0.0,0.0
2021-04-21,4.5,0.0,0.0
2021-04-22,0.0,0.0,0.0
2021-04-24,0.0,0.0,0.0
2021-04-25,0.0,0.0,0.0
2021-04-27,0.0,0.0,0.0
2021-04-29,2.8,0.4,0.0
2021-04-30,19.0,0.4,0.0
2021-05-01,20.2,2.2,1.0
2021-05-02,5.9,9.4,9.1
2021-05-05,50.2,0.0,0.0
2021-05-07,1.0,1.0,0.0
2021-05-09,11.0,2.2,1.0
2021-05-10,3.0,0.1,0.0
2021-05-11,1.5,0.0,0.0
2021-05-13,0.0,1.2,0.0
2021-05-15,5.1,3.4,1.2
2021-05-17,14.3,5.3,3.1
2021-05-18,0.5,0.0,0.0
2021-05-22,0.0,5.9,3.9
2021-05-23,1.0,4.7,2.7
2021-05-25,1.0,2.4,1.0
2021-05-27,0.0,0.1,0.0
2021-05-29,6.4,9.8,7.9
2021-05-30,21.7,0.0,0.0
2021-06-01,0.0,0.2,0.0
2021-06-04,14.2,2.6,1.0
2021-06-05,19.5,0.2,0.0
2021-06-07,0.3,0.3,0.0
2021-06-14,0.0,0.4,0.0
2021-06-16,4.0,26.4,28.0
2021-06-17,8.5,2.4,0.0
2021-06-19,3.5,6.9,3.6
2021-06-21,0.0,3.9,1.0
2021-06-24,3.7,8.4,5.3
2021-06-25,0.8,0.9,0.0
2021-06-26,0.0,2.0,0.0
2021-06-28,0.3,1.6,0.0
2021-06-29,8.1,6.9,4.1
2021-06-30,2.9,12.2,9.8
2021-07-01,15.7,10.9,7.6
2021-07-02,1.9,0.0,0.0
2021-07-03,0.0,0.0,0.0
2021-07-04,0.2,0.4,0.0
2021-07-07,0.0,0.0,0.0
2021-07-08,0.0,0.4,0.0
2021-07-09,0.0,0.5,0.0
2021-07-11,29.9,4.6,2.7
2021-07-14,3.3,5.1,3.6
2021-07-16,0.2,0.0,0.0
2021-07-21,1.2,1.1,0.0
2021-07-22,0.0,0.0,0.0
2021-07-23,0.0,0.9,0.0
2021-07-26,0.0,0.0,0.0
2021-07-31,0.0,0.0,0.0
2021-08-01,8.0,0.0,0.0
2021-08-02,19.2,6.3,7.1
2021-08-03,4.0,0.0,0.0
2021-08-06,3.0,0.7,0.0
2021-08-07,0.0,6.6,7.7
2021-08-08,0.3,0.0,0.0
2021-08-10,1.3,1.8,2.0
2021-08-11,0.0,0.0,0.0
2021-08-13,0.0,8.2,6.6
2021-08-14,4.5,0.1,0.0
2021-08-16,2.0,0.2,0.0
2021-08-17,0.0,0.0,0.0
2021-08-18,2.2,0.7,0.0
2021-08-20,3.6,11.7,11.5
2021-08-22,10.4,2.5,1.5
2021-08-23,0.0,0.0,0.0
2021-08-27,0.0,0.1,0.0
2021-08-28,0.0,8.9,8.6
2021-08-30,6.4,1.5,0.0
2021-08-31,5.8,8.4,8.2
2021-09-01,5.8,2.1,1.5
2021-09-02,1.3,0.0,0.0
2021-09-06,17.3,43.6,41.5
2021-09-07,66.0,8.0,10.2
2021-09-08,8.2,0.0,0.0
2021-09-10,0.8,0.0,0.0
2021-09-11,0.0,0.2,0.0
2021-09-12,0.0,7.1,7.7
2021-09-13,11.0,56.7,59.7
2021-09-14,16.6,10.5,10.4
2021-09-17,0.0,0.1,0.0
2021-09-20,9.6,0.0,0.0
2021-09-22,3.8,0.9,0.0
2021-09-24,9.0,5.9,4.9
2021-09-25,13.8,15.0,12.1
2021-09-26,12.0,3.6,3.6
2021-09-27,0.0,0.2,0.0
2021-09-28,1.0,1.1,0.0
2021-09-29,5.3,0.0,0.0
2021-09-30,0.6,1.6,1.0
2021-10-01,0.0,4.7,4.9
2021-10-02,0.0,0.3,0.0
2021-10-04,0.0,0.2,0.0
2021-10-09,0.7,0.0,0.0
2021-10-11,4.5,1.0,0.0
2021-10-12,1.5,0.3,0.0
2021-10-16,0.2,5.2,4.6
2021-10-17,0.0,21.0,40.0
2021-10-18,10.2,15.0,22.7
2021-10-19,50.2,1.2,0.0
2021-10-22,0.0,5.3,2.6
2021-10-23,0.0,10.2,6.0
2021-10-24,16.6,0.0,0.0
2021-10-25,12.2,0.0,0.0
2021-10-26,1.2,0.0,0.0
2021-10-27,0.0,14.4,8.8
2021-10-28,3.9,34.0,23.7
2021-10-29,12.1,1.7,0.0
2021-11-01,0.0,13.2,16.9
2021-11-02,25.9,1.0,0.0
2021-11-08,34.6,14.6,18.7
2021-11-09,15.6,14.2,18.7
2021-11-10,70.7,28.8,59.6
2021-11-11,14.8,24.5,21.3
2021-11-12,0.4,6.9,4.9
2021-11-14,0.0,8.6,6.2
2021-11-15,0.0,7.7,5.5
2021-11-16,5.2,3.1,1.7
2021-11-18,1.7,16.6,12.3
2021-11-19,0.4,8.1,5.8
2021-11-21,21.9,3.3,0.0
2021-11-24,0.8,4.1,0.0
2021-11-26,0.0,22.8,15.7
2021-11-27,14.3,10.1,5.0
2021-11-28,0.0,2.0,0.0
2021-11-30,4.9,0.9,0.0
2021-12-01,0.0,0.2,0.0
2021-12-03,0.0,7.8,5.3
2021-12-04,6.0,29.6,42.0
2021-12-05,27.2,16.9,16.2
2021-12-06,6.7,36.4,48.0
2021-12-07,36.8,7.9,5.5
2021-12-08,1.7,14.8,13.7
2021-12-09,2.4,6.3,3.6
2021-12-10,7.8,20.9,25.2
2021-12-11,19.0,2.4,0.0
2021-12-14,1.5,1.4,0.0
2021-12-15,5.2,1.0,0.0
2021-12-17,43.8,0.3,0.0
2021-12-20,1.9,1.9,0.0
2021-12-21,9.5,25.4,26.7
2021-12-22,2.9,0.4,0.0
2021-12-24,3.6,40.8,50.5
2021-12-25,11.0,49.0,60.9
2021-12-26,47.3,14.1,11.4
2021-12-27,10.0,0.5,0.0
2021-12-29,5.6,17.7,15.4
2021-12-30,9.5,9.5,6.2
