date,gauge,imergl,lseqmdl
2005-01-01,1.2,0.0,0.0
2005-01-02,0.2,4.9,4.0
2005-01-03,2.9,2.8,2.1
2005-01-04,6.9,9.9,8.5
2005-01-05,0.0,1.4,1.0
2005-01-06,0.2,0.9,0.0
2005-01-07,0.8,1.2,1.0
2005-01-08,22.0,13.0,11.2
2005-01-09,0.6,5.4,4.5
2005-01-10,10.8,22.7,19.7
2005-01-11,45.3,27.9,23.5
2005-01-12,4.8,4.4,3.0
2005-01-13,0.1,1.1,0.0
2005-01-14,0.0,0.0,0.0
2005-01-15,0.0,0.0,0.0
2005-01-16,0.0,0.0,0.0
2005-01-17,0.0,0.0,0.0
2005-01-18,0.0,0.0,0.0
2005-01-19,0.0,0.0,0.0
2005-01-20,0.0,0.2,0.0
2005-01-21,0.0,5.2,4.0
2005-01-22,0.0,0.4,0.0
2005-01-23,0.0,0.1,0.0
2005-01-24,7.4,5.8,4.4
2005-01-25,0.0,1.3,0.0
2005-01-26,18.4,0.0,0.0
2005-01-27,19.1,7.6,5.9
2005-01-28,0.0,0.0,0.0
2005-01-29,1.1,0.0,0.0
2005-01-31,6.2,40.5,41.1
2005-02-01,19.8,55.5,68.6
2005-02-02,4.0,0.4,0.0
2005-02-03,4.9,3.9,1.8
2005-02-04,0.0,0.0,0.0
2005-02-05,0.0,0.7,0.0
2005-02-06,11.8,0.0,0.0
2005-02-07,0.0,1.1,0.0
2005-02-08,0.0,0.0,0.0
2005-02-09,0.0,0.0,0.0
2005-02-10,6.9,14.1,11.7
2005-02-11,1.3,0.3,0.0
2005-02-12,0.0,0.0,0.0
2005-02-13,0.0,0.3,0.0
2005-02-14,0.0,0.0,0.0
2005-02-15,0.0,0.0,0.0
2005-02-16,0.0,0.0,0.0
2005-02-17,0.0,0.0,0.0
2005-02-18,0.0,0.0,0.0
2005-02-19,0.0,0.0,0.0
2005-02-21,0.0,0.0,0.0
2005-02-22,0.0,0.0,0.0
2005-02-23,0.0,0.0,0.0
2005-02-24,0.0,0.0,0.0
2005-02-25,0.0,0.1,0.0
2005-02-26,0.0,9.2,10.0
2005-02-27,3.7,5.7,5.5
2005-02-28,5.0,1.0,0.0
2005-03-01,0.0,0.0,0.0
2005-03-02,0.0,1.0,0.0
2005-03-04,0.0,0.0,0.0
2005-03-05,0.0,0.0,0.0
2005-03-06,0.0,0.8,0.0
2005-03-07,0.0,0.0,0.0
2005-03-08,0.0,0.5,0.0
2005-03-09,1.7,44.0,39.1
2005-03-10,23.5,0.0,0.0
2005-03-11,1.6,0.0,0.0
2005-03-12,13.5,9.4,9.4
2005-03-13,24.0,10.5,10.5
2005-03-14,0.0,0.0,0.0
2005-03-15,0.0,0.0,0.0
2005-03-16,0.0,0.0,0.0
2005-03-17,0.6,1.0,1.0
2005-03-18,3.2,2.2,1.5
2005-03-20,2.3,1.3,1.0
2005-03-21,3.1,5.3,1.9
2005-03-22,0.0,0.0,0.0
2005-03-23,66.3,12.3,7.0
2005-03-24,0.0,0.6,0.0
2005-03-25,13.5,39.1,32.2
2005-03-26,11.0,1.6,0.0
2005-03-27,0.2,0.7,0.0
2005-03-28,1.9,13.4,7.8
2005-03-30,0.0,0.0,0.0
2005-03-31,1.4,0.0,0.0
2005-04-01,3.3,2.0,2.3
2005-04-02,7.3,18.0,14.3
2005-04-03,2.1,0.8,0.0
2005-04-04,8.9,2.4,2.5
2005-04-05,19.9,9.8,8.2
2005-04-06,3.9,1.8,2.1
2005-04-07,0.2,3.4,3.3
2005-04-08,0.2,6.7,5.8
2005-04-09,0.2,27.9,23.1
2005-04-10,23.4,34.7,32.4
2005-04-11,22.6,26.2,24.5
2005-04-12,0.7,3.7,2.0
2005-04-13,10.0,49.2,54.1
2005-04-14,1.0,1.2,0.0
2005-04-16,0.0,0.0,0.0
2005-04-17,0.0,2.9,1.3
2005-04-18,0.2,0.0,0.0
2005-04-19,0.4,0.0,0.0
2005-04-20,5.2,17.2,15.2
2005-04-21,48.9,6.0,5.3
2005-04-22,0.7,11.1,10.7
2005-04-23,0.0,0.0,0.0
2005-04-24,0.0,2.2,1.3
2005-04-25,0.0,0.5,0.0
2005-04-26,15.8,0.2,0.0
2005-04-27,42.2,5.5,4.8
2005-04-28,0.2,2.6,1.7
2005-04-29,0.0,0.2,0.0
2005-04-30,0.0,0.0,0.0
2005-05-01,0.0,0.0,0.0
2005-05-02,4.0,1.6,0.0
2005-05-03,7.9,11.8,7.9
2005-05-04,4.0,10.6,6.7
2005-05-05,6.0,9.1,5.3
2005-05-06,26.5,33.8,36.9
2005-05-07,3.0,10.2,6.3
2005-05-08,40.5,7.0,3.4
2005-05-09,47.1,61.3,79.3
2005-05-10,15.2,48.6,58.9
2005-05-11,0.5,2.1,1.4
2005-05-12,12.1,0.3,0.0
2005-05-13,12.2,29.1,24.9
2005-05-14,1.5,13.2,11.5
2005-05-15,20.0,11.3,9.8
2005-05-16,11.0,47.3,47.9
2005-05-17,0.0,2.2,1.4
2005-05-19,0.0,0.0,0.0
2005-05-20,0.3,0.5,0.0
2005-05-21,0.4,0.6,0.0
2005-05-22,0.0,0.3,0.0
2005-05-23,0.0,0.0,0.0
2005-05-24,4.5,3.3,1.0
2005-05-25,7.5,5.4,3.0
2005-05-26,2.5,6.7,4.3
2005-05-27,2.8,19.1,18.7
2005-05-28,3.1,10.3,8.2
2005-05-29,16.5,35.7,48.4
2005-05-30,15.0,12.5,10.8
2005-05-31,0.0,6.8,4.4
2005-06-01,0.0,5.3,5.2
2005-06-02,1.5,11.3,10.8
2005-06-03,0.6,26.6,29.4
2005-06-04,6.3,2.9,3.1
2005-06-05,41.6,41.6,43.1
2005-06-06,10.2,5.9,5.8
2005-06-07,26.7,1.1,1.5
2005-06-08,2.5,3.7,3.8
2005-06-09,0.0,0.0,0.0
2005-06-10,2.0,0.0,0.0
2005-06-11,0.0,0.5,0.0
2005-06-12,0.0,0.0,0.0
2005-06-13,10.4,1.3,0.0
2005-06-14,4.8,3.9,1.9
2005-06-15,16.2,19.4,18.5
2005-06-16,14.5,0.7,0.0
2005-06-17,12.5,28.8,28.2
2005-06-18,0.2,5.5,3.4
2005-06-19,8.6,0.7,0.0
2005-06-20,0.0,0.0,0.0
2005-06-21,21.0,21.9,33.4
2005-06-22,24.0,2.3,0.0
2005-06-23,14.2,5.0,1.6
2005-06-24,8.3,3.0,0.0
2005-06-25,2.3,15.9,15.4
2005-06-26,1.4,17.5,25.0
2005-06-27,5.9,17.2,24.1
2005-06-28,2.7,14.1,13.2
2005-06-29,13.0,3.3,0.0
2005-06-30,16.1,6.5,3.3
2005-07-01,0.0,0.0,0.0
2005-07-02,0.0,0.2,0.0
2005-07-03,2.4,5.5,2.8
2005-07-04,0.3,3.2,1.0
2005-07-05,0.0,0.5,0.0
2005-07-06,2.9,7.6,4.8
2005-07-07,1.6,3.6,1.1
2005-07-08,2.6,9.9,7.2
2005-07-09,0.0,4.1,1.5
2005-07-10,4.2,14.1,12.1
2005-07-11,1.2,0.2,0.0
2005-07-12,3.7,4.7,3.3
2005-07-13,0.2,1.3,0.0
2005-07-14,0.0,0.0,0.0
2005-07-15,0.0,0.0,0.0
2005-07-16,0.0,0.6,0.0
2005-07-17,10.5,30.7,48.6
2005-07-18,0.1,0.3,0.0
2005-07-19,21.5,29.3,46.2
2005-07-20,2.9,2.7,1.0
2005-07-21,1.3,4.0,1.3
2005-07-22,2.6,7.6,5.8
2005-07-23,0.1,0.5,0.0
2005-07-24,0.0,0.5,0.0
2005-07-25,0.0,2.4,0.0
2005-07-26,0.0,0.1,0.0
2005-07-27,1.7,1.2,0.0
2005-07-28,0.0,0.9,0.0
2005-07-29,0.0,0.1,0.0
2005-07-30,0.0,0.0,0.0
2005-07-31,0.0,0.9,0.0
2005-08-01,0.0,0.0,0.0
2005-08-02,0.0,0.0,0.0
2005-08-03,0.0,2.6,1.0
2005-08-04,0.3,5.4,3.0
2005-08-05,0.0,0.0,0.0
2005-08-06,0.0,0.1,0.0
2005-08-07,2.3,0.4,0.0
2005-08-08,0.0,0.3,0.0
2005-08-09,0.0,0.0,0.0
2005-08-10,2.1,6.5,4.2
2005-08-11,0.0,0.1,0.0
2005-08-12,20.0,9.7,9.1
2005-08-13,0.2,4.5,3.1
2005-08-14,6.7,6.2,5.0
2005-08-15,1.4,1.9,1.0
2005-08-16,1.8,0.6,0.0
2005-08-17,8.6,0.0,0.0
2005-08-18,25.3,1.3,1.0
2005-08-19,16.0,7.3,6.2
2005-08-20,23.6,12.9,13.0
2005-08-21,1.0,0.2,0.0
2005-08-22,5.6,6.7,4.4
2005-08-23,0.4,1.9,1.0
2005-08-24,0.8,8.4,5.7
2005-08-25,27.8,26.0,19.5
2005-08-26,16.4,19.8,14.7
2005-08-27,28.2,26.4,19.9
2005-08-28,0.8,0.0,0.0
2005-08-29,1.4,0.4,0.0
2005-08-30,0.0,0.7,0.0
2005-08-31,10.3,24.4,18.4
2005-09-01,1.7,11.3,9.5
2005-09-02,0.7,0.0,0.0
2005-09-03,15.8,26.5,27.7
2005-09-04,8.6,9.2,7.5
2005-09-05,10.0,1.3,1.0
2005-09-06,0.8,1.3,1.0
2005-09-07,75.7,72.4,87.5
2005-09-08,0.0,1.7,1.0
2005-09-09,5.1,5.1,3.6
2005-09-10,0.0,2.1,1.0
2005-09-11,0.0,5.3,2.5
2005-09-12,0.0,0.0,0.0
2005-09-13,0.0,0.1,0.0
2005-09-14,0.0,2.2,0.0
2005-09-15,0.0,0.6,0.0
2005-09-16,0.0,0.8,0.0
2005-09-17,0.0,0.3,0.0
2005-09-18,11.6,31.8,39.6
2005-09-19,0.0,0.1,0.0
2005-09-20,0.8,7.7,5.1
2005-09-21,0.1,9.3,4.2
2005-09-22,2.3,9.7,4.6
2005-09-23,10.0,51.2,59.2
2005-09-24,0.0,0.0,0.0
2005-09-25,20.6,3.7,0.0
2005-09-26,10.0,11.9,6.4
2005-09-27,40.3,50.2,57.9
2005-09-28,0.0,8.1,3.2
2005-09-29,3.7,15.3,9.5
2005-09-30,3.3,7.7,2.8
2005-10-01,1.8,3.8,2.9
2005-10-02,1.9,9.8,11.3
2005-10-03,8.9,55.8,93.6
2005-10-04,2.8,3.1,2.1
2005-10-05,1.0,2.1,1.0
2005-10-06,2.3,4.3,3.5
2005-10-07,0.7,7.4,7.8
2005-10-08,0.8,14.3,18.1
2005-10-09,7.7,21.4,31.5
2005-10-10,0.3,0.1,0.0
2005-10-11,0.0,0.0,0.0
2005-10-12,0.0,0.1,0.0
2005-10-13,0.2,0.0,0.0
2005-10-14,0.8,3.3,1.5
2005-10-15,0.1,7.9,7.2
2005-10-16,7.9,16.4,18.8
2005-10-17,0.2,0.0,0.0
2005-10-18,15.1,24.1,40.6
2005-10-19,0.0,0.0,0.0
2005-10-20,17.2,27.8,50.4
2005-10-21,14.1,0.0,0.0
2005-10-22,1.0,5.1,3.0
2005-10-23,1.3,10.7,8.2
2005-10-24,25.7,13.0,10.6
2005-10-25,12.3,0.0,0.0
2005-10-26,9.3,23.8,21.3
2005-10-27,5.8,1.0,0.0
2005-10-28,0.2,5.8,3.6
2005-10-29,3.8,51.4,89.4
2005-10-30,3.9,27.6,26.6
2005-10-31,3.0,14.6,12.5
2005-11-01,0.6,8.9,6.7
2005-11-02,0.8,9.3,7.1
2005-11-03,1.9,3.4,1.6
2005-11-04,42.0,154.8,88.5
2005-11-05,17.5,29.1,26.0
2005-11-06,1.7,1.5,0.0
2005-11-07,0.4,2.5,1.0
2005-11-08,0.5,10.5,8.2
2005-11-09,0.0,14.8,12.2
2005-11-10,8.1,39.1,37.2
2005-11-11,0.0,7.7,7.9
2005-11-12,2.1,19.9,22.4
2005-11-13,0.1,2.6,2.6
2005-11-14,0.0,0.0,0.0
2005-11-15,1.0,20.6,23.5
2005-11-16,11.2,9.0,9.2
2005-11-17,0.3,2.7,2.7
2005-11-18,20.8,13.2,13.7
2005-11-19,30.0,13.3,13.9
2005-11-20,7.6,4.3,4.2
2005-11-21,4.4,0.4,0.0
2005-11-22,0.0,0.1,0.0
2005-11-23,15.4,4.3,4.8
2005-11-24,29.0,17.3,16.4
2005-11-25,2.0,9.8,9.7
2005-11-26,4.9,19.3,18.2
2005-11-27,9.8,11.7,11.5
2005-11-28,10.0,0.1,0.0
2005-11-29,16.3,20.1,19.2
2005-11-30,26.1,18.1,17.4
2005-12-01,5.5,20.6,18.3
2005-12-02,18.1,6.5,3.9
2005-12-03,0.9,3.3,1.1
2005-12-04,0.0,5.8,3.2
2005-12-05,0.0,0.0,0.0
2005-12-06,38.3,61.8,69.5
2005-12-07,0.0,0.0,0.0
2005-12-08,0.1,1.2,0.0
2005-12-09,3.8,8.1,5.4
2005-12-10,3.9,17.9,15.6
2005-12-11,0.2,0.5,0.0
2005-12-12,0.6,1.0,0.0
2005-12-13,3.3,14.6,15.8
2005-12-14,0.3,7.1,6.4
2005-12-15,0.4,4.9,3.8
2005-12-16,4.4,14.7,15.9
2005-12-17,2.2,12.6,13.2
2005-12-18,4.0,12.6,13.2
2005-12-19,0.0,0.1,0.0
2005-12-20,10.0,3.2,1.9
2005-12-21,4.7,15.6,14.1
2005-12-22,5.2,17.0,15.3
2005-12-23,18.8,4.4,3.1
2005-12-24,0.0,0.7,0.0
2005-12-25,0.1,2.0,1.0
2005-12-26,1.3,6.4,5.1
2005-12-27,0.5,2.1,1.0
2005-12-28,26.4,79.7,91.9
2005-12-29,1.9,3.6,2.4
2005-12-30,4.7,6.1,4.8
2005-12-31,1.2,0.0,0.0
2007-01-01,26.0,13.9,12.1
2007-01-02,36.8,27.3,23.4
2007-01-03,8.8,23.9,19.6
2007-01-04,30.0,59.3,69.8
2007-01-05,15.8,24.8,20.4
2007-01-06,15.0,96.8,82.9
2007-01-07,13.4,49.4,53.3
2007-01-08,0.4,0.9,0.0
2007-01-09,2.2,2.1,1.5
2007-01-10,36.8,8.0,6.7
2007-01-11,29.0,5.5,3.9
2007-01-12,38.0,13.1,10.0
2007-01-13,6.0,15.3,11.9
2007-01-14,20.8,37.5,33.2
2007-01-15,0.4,3.3,2.1
2007-01-16,13.1,17.1,13.0
2007-01-17,1.2,1.2,0.0
2007-01-19,4.8,4.2,2.9
2007-01-20,0.0,0.0,0.0
2007-01-21,1.0,3.0,2.2
2007-01-22,4.6,5.7,4.4
2007-01-23,1.5,2.3,1.6
2007-01-24,21.0,8.5,6.6
2007-01-26,0.4,5.8,4.5
2007-01-27,49.8,11.8,9.3
2007-01-28,7.0,2.3,1.6
2007-01-30,1.0,0.0,0.0
2007-01-31,2.4,0.0,0.0
2007-02-01,2.8,0.0,0.0
2007-02-02,9.6,4.7,2.6
2007-02-03,0.6,0.0,0.0
2007-02-04,1.6,0.2,0.0
2007-02-05,1.0,0.0,0.0
2007-02-06,6.8,0.5,0.0
2007-02-07,1.0,0.0,0.0
2007-02-08,0.0,1.7,0.0
2007-02-09,4.2,4.0,1.9
2007-02-10,4.4,11.0,8.9
2007-02-11,0.0,0.3,0.0
2007-02-12,10.0,3.9,2.7
2007-02-15,0.0,0.0,0.0
2007-02-17,0.0,0.8,0.0
2007-02-18,5.2,7.0,5.8
2007-02-19,12.2,7.4,6.2
2007-02-20,6.2,0.2,0.0
2007-02-21,0.0,0.1,0.0
2007-02-22,0.0,0.0,0.0
2007-02-23,3.2,2.0,1.0
2007-02-24,0.6,0.1,0.0
2007-02-25,1.2,6.2,6.2
2007-02-26,11.2,15.7,16.5
2007-02-27,7.2,1.5,1.0
2007-02-28,0.0,0.0,0.0
2007-03-01,0.0,0.3,0.0
2007-03-02,2.0,0.4,0.0
2007-03-03,0.0,0.0,0.0
2007-03-04,0.0,0.0,0.0
2007-03-05,0.4,2.5,1.2
2007-03-07,0.0,0.0,0.0
2007-03-08,0.2,1.0,0.0
2007-03-09,0.0,3.0,1.7
2007-03-11,0.0,0.0,0.0
2007-03-12,1.6,0.1,0.0
2007-03-13,0.0,0.0,0.0
2007-03-14,17.4,12.7,12.9
2007-03-15,0.2,8.3,8.2
2007-03-16,37.0,5.2,4.8
2007-03-17,46.6,22.4,26.0
2007-03-18,3.4,18.0,22.0
2007-03-19,5.2,24.6,28.5
2007-03-20,9.4,28.5,32.3
2007-03-21,3.6,21.0,13.7
2007-03-23,4.4,0.0,0.0
2007-03-24,3.4,20.6,13.5
2007-03-25,0.4,9.8,5.1
2007-03-26,1.6,2.2,0.0
2007-03-27,0.6,1.5,0.0
2007-03-28,0.0,0.0,0.0
2007-03-29,1.0,0.9,0.0
2007-03-31,0.0,0.6,0.0
2007-04-01,0.0,0.0,0.0
2007-04-02,0.0,0.0,0.0
2007-04-03,0.0,0.7,0.0
2007-04-04,5.0,0.0,0.0
2007-04-05,12.2,0.0,0.0
2007-04-06,0.0,0.1,0.0
2007-04-07,0.0,0.8,0.0
2007-04-09,61.4,0.9,0.0
2007-04-10,9.2,0.2,0.0
2007-04-11,0.0,0.0,0.0
2007-04-12,1.2,0.1,0.0
2007-04-13,0.0,0.0,0.0
2007-04-14,0.0,0.0,0.0
2007-04-15,0.0,3.4,1.7
2007-04-16,6.0,3.3,1.7
2007-04-17,0.0,33.9,34.7
2007-04-18,39.4,1.1,0.0
2007-04-20,44.0,16.4,14.4
2007-04-21,5.3,2.1,1.1
2007-04-22,6.2,1.3,1.0
2007-04-23,0.4,23.4,24.0
2007-04-24,20.0,3.3,2.5
2007-04-25,25.6,2.1,1.1
2007-04-26,24.0,1.4,1.0
2007-04-27,0.8,1.1,0.0
2007-04-28,1.0,0.3,0.0
2007-04-29,3.1,10.0,9.5
2007-04-30,4.8,0.3,0.0
2007-05-01,69.6,13.1,9.1
2007-05-02,46.0,15.2,11.2
2007-05-03,4.0,19.3,15.3
2007-05-04,27.0,42.1,48.5
2007-05-05,17.2,15.1,11.1
2007-05-06,28.2,24.6,24.7
2007-05-07,0.0,8.6,4.8
2007-05-08,1.0,9.9,6.0
2007-05-09,2.0,11.4,7.5
2007-05-10,0.4,3.6,1.0
2007-05-11,20.0,0.8,0.0
2007-05-12,6.8,23.0,20.4
2007-05-13,56.2,22.5,21.0
2007-05-14,1.8,0.8,0.0
2007-05-16,17.4,6.2,5.1
2007-05-17,0.2,0.3,0.0
2007-05-18,27.0,38.9,37.4
2007-05-19,4.0,28.0,23.8
2007-05-20,16.6,15.3,13.5
2007-05-21,16.0,1.4,0.0
2007-05-22,0.6,3.5,1.2
2007-05-23,10.2,13.4,11.7
2007-05-24,3.0,4.7,2.3
2007-05-25,83.8,37.5,51.7
2007-05-27,45.4,10.9,8.9
2007-05-28,32.2,17.3,16.8
2007-05-29,0.8,0.0,0.0
2007-05-30,5.4,0.0,0.0
2007-05-31,73.0,12.1,10.3
2007-06-01,16.1,6.4,6.2
2007-06-02,2.4,6.3,6.1
2007-06-03,0.8,1.9,2.2
2007-06-04,1.0,0.0,0.0
2007-06-05,0.0,1.4,1.8
2007-06-06,24.8,21.6,23.3
2007-06-07,1.0,1.0,0.0
2007-06-08,0.4,0.0,0.0
2007-06-09,1.0,0.0,0.0
2007-06-12,0.4,1.0,0.0
2007-06-14,5.3,2.4,1.0
2007-06-15,7.6,0.2,0.0
2007-06-16,4.8,0.0,0.0
2007-06-17,35.8,4.9,2.9
2007-06-18,91.0,43.0,54.5
2007-06-19,34.4,13.9,12.2
2007-06-20,0.6,1.5,0.0
2007-06-21,32.6,29.5,46.7
2007-06-22,0.0,1.3,0.0
2007-06-23,2.4,0.8,0.0
2007-06-24,31.5,13.1,12.3
2007-06-25,0.6,2.9,0.0
2007-06-26,28.0,80.9,86.5
2007-06-27,5.0,7.1,3.9
2007-06-28,6.0,3.8,1.0
2007-06-29,35.0,27.5,43.3
2007-06-30,0.4,2.4,0.0
2007-07-01,0.0,0.1,0.0
2007-07-02,0.0,0.2,0.0
2007-07-03,0.0,0.0,0.0
2007-07-04,0.0,0.1,0.0
2007-07-05,0.0,1.9,0.0
2007-07-06,0.0,2.4,1.0
2007-07-07,0.0,3.2,1.0
2007-07-08,6.0,0.3,0.0
2007-07-11,0.0,1.3,0.0
2007-07-12,3.6,0.8,0.0
2007-07-13,0.0,0.1,0.0
2007-07-14,0.0,0.0,0.0
2007-07-15,86.4,46.3,84.1
2007-07-16,0.0,0.8,0.0
2007-07-17,4.4,0.2,0.0
2007-07-18,1.4,1.2,0.0
2007-07-19,0.8,2.0,1.0
2007-07-20,1.5,8.8,8.4
2007-07-21,0.6,0.0,0.0
2007-07-22,4.2,1.0,0.0
2007-07-23,5.6,0.5,0.0
2007-07-24,4.0,1.9,0.0
2007-07-25,3.0,7.4,5.6
2007-07-26,3.8,2.6,0.0
2007-07-27,8.6,1.6,0.0
2007-07-28,9.6,1.2,0.0
2007-07-29,34.0,8.5,7.1
2007-07-30,2.8,5.3,2.8
2007-07-31,19.2,23.6,34.8
2007-08-01,0.0,3.0,1.0
2007-08-02,0.0,14.4,13.4
2007-08-03,0.8,1.5,0.0
2007-08-04,0.0,0.1,0.0
2007-08-05,0.0,0.0,0.0
2007-08-06,2.4,7.0,4.7
2007-08-07,0.0,2.0,0.0
2007-08-08,0.0,4.0,1.4
2007-08-09,0.0,4.6,2.1
2007-08-10,0.0,3.6,1.0
2007-08-12,0.0,3.2,1.7
2007-08-13,4.2,0.0,0.0
2007-08-14,7.4,8.9,8.2
2007-08-15,24.0,20.6,24.8
2007-08-16,10.0,25.1,33.2
2007-08-17,12.0,22.8,28.8
2007-08-18,2.0,3.9,2.5
2007-08-19,19.6,28.6,40.0
2007-08-20,14.0,9.7,9.1
2007-08-21,19.6,5.2,3.2
2007-08-22,2.6,3.8,2.1
2007-08-23,14.4,2.0,1.0
2007-08-24,17.0,15.4,11.3
2007-08-25,0.0,0.4,0.0
2007-08-26,6.8,8.4,5.7
2007-08-27,2.0,5.0,3.0
2007-08-28,0.8,2.6,1.1
2007-08-29,7.2,0.1,0.0
2007-08-30,1.4,1.3,0.0
2007-08-31,2.0,0.0,0.0
2007-09-01,0.4,0.0,0.0
2007-09-03,0.0,0.1,0.0
2007-09-04,0.0,0.0,0.0
2007-09-05,9.0,1.1,1.0
2007-09-06,10.8,13.4,11.5
2007-09-07,0.0,0.6,0.0
2007-09-08,67.0,271.0,95.7
2007-09-09,2.0,11.6,9.7
2007-09-10,0.8,13.8,11.8
2007-09-11,3.8,12.6,10.5
2007-09-12,0.4,0.3,0.0
2007-09-13,1.6,7.8,5.2
2007-09-14,0.0,3.5,1.0
2007-09-15,14.0,28.5,35.1
2007-09-16,35.2,19.6,21.7
2007-09-17,1.0,6.2,3.5
2007-09-18,1.0,1.3,0.0
2007-09-19,0.0,0.4,0.0
2007-09-20,2.6,1.5,0.0
2007-09-21,0.0,1.1,0.0
2007-09-22,0.0,2.8,0.0
2007-09-23,0.0,0.7,0.0
2007-09-24,1.0,7.9,3.0
2007-09-25,18.6,8.1,3.2
2007-09-26,58.6,119.9,92.6
2007-09-27,0.4,13.9,8.3
2007-09-28,2.8,3.3,0.0
2007-09-29,9.2,0.0,0.0
2007-09-30,2.0,0.0,0.0
2007-10-01,0.0,0.0,0.0
2007-10-02,0.0,3.4,2.4
2007-10-03,0.0,0.1,0.0
2007-10-04,0.2,1.4,1.0
2007-10-05,31.6,6.3,6.2
2007-10-06,11.7,18.5,26.2
2007-10-07,0.0,0.0,0.0
2007-10-08,7.8,0.0,0.0
2007-10-09,40.4,37.0,64.3
2007-10-10,48.0,32.1,54.2
2007-10-11,20.0,11.0,11.3
2007-10-12,7.2,0.0,0.0
2007-10-13,44.0,0.6,0.0
2007-10-15,26.4,0.9,0.0
2007-10-16,2.0,8.8,8.4
2007-10-17,11.4,20.8,31.9
2007-10-18,10.2,35.4,66.6
2007-10-19,4.8,9.1,8.8
2007-10-20,7.0,4.6,3.1
2007-10-21,19.8,42.1,62.0
2007-10-22,5.0,29.0,28.9
2007-10-23,19.6,40.9,57.7
2007-10-24,1.2,22.0,18.8
2007-10-25,3.6,16.9,14.8
2007-10-26,1.8,27.0,25.5
2007-10-27,0.2,12.0,9.6
2007-10-28,1.0,4.5,2.5
2007-10-29,1.4,2.3,1.0
2007-10-30,1.2,1.7,1.0
2007-10-31,16.0,15.6,13.5
2007-11-01,16.0,0.9,0.0
2007-11-02,4.0,31.3,27.9
2007-11-03,9.8,7.0,5.0
2007-11-04,0.0,16.6,13.9
2007-11-05,42.2,13.2,10.7
2007-11-06,9.0,5.2,3.3
2007-11-07,0.0,1.9,1.0
2007-11-08,2.6,0.9,0.0
2007-11-09,0.2,9.5,7.3
2007-11-10,7.6,58.7,66.5
2007-11-11,20.2,80.5,80.8
2007-11-12,30.2,12.4,12.9
2007-11-13,2.4,9.2,9.5
2007-11-14,1.4,16.2,17.0
2007-11-15,1.4,10.3,10.6
2007-11-16,0.0,5.9,6.0
2007-11-17,0.0,0.8,0.0
2007-11-18,8.0,2.0,2.0
2007-11-19,2.8,1.6,1.5
2007-11-20,0.1,1.3,1.3
2007-11-21,2.4,0.4,0.0
2007-11-22,0.4,1.0,2.0
2007-11-23,0.0,0.4,0.0
2007-11-24,0.0,1.6,2.5
2007-11-27,8.2,1.4,2.3
2007-11-28,4.8,0.4,0.0
2007-11-29,1.2,0.0,0.0
2007-11-30,0.6,0.1,0.0
2007-12-01,0.6,0.0,0.0
2007-12-02,0.0,0.0,0.0
2007-12-03,9.4,0.0,0.0
2007-12-04,0.0,0.1,0.0
2007-12-05,1.2,0.2,0.0
2007-12-06,11.6,4.8,2.3
2007-12-07,1.8,2.4,1.0
2007-12-08,2.8,7.1,4.5
2007-12-09,18.0,15.5,12.9
2007-12-10,3.2,0.0,0.0
2007-12-11,7.2,5.0,4.0
2007-12-14,0.4,4.7,3.5
2007-12-15,3.0,0.2,0.0
2007-12-16,0.0,0.1,0.0
2007-12-17,0.1,15.2,16.6
2007-12-18,2.0,9.5,9.3
2007-12-19,4.2,3.8,2.6
2007-12-20,1.4,0.4,0.0
2007-12-21,1.6,0.3,0.0
2007-12-23,22.2,36.9,39.6
2007-12-24,18.0,32.5,33.6
2007-12-25,6.4,4.5,3.2
2007-12-26,5.0,21.7,20.1
2007-12-28,29.2,62.7,73.9
2007-12-29,10.8,18.5,16.8
2007-12-30,0.0,0.0,0.0
2007-12-31,0.0,0.0,0.0
2008-01-01,0.5,0.1,0.0
2008-01-02,3.4,7.2,6.0
2008-01-03,8.6,23.8,19.3
2008-01-04,26.8,12.4,10.7
2008-01-05,11.2,8.2,6.9
2008-01-06,14.6,128.2,82.9
2008-01-08,8.0,3.5,2.8
2008-01-09,19.4,19.2,16.7
2008-01-10,13.4,9.5,8.1
2008-01-11,9.4,32.4,28.1
2008-01-12,0.0,0.3,0.0
2008-01-13,0.0,1.0,0.0
2008-01-14,0.0,0.0,0.0
2008-01-15,14.2,0.5,0.0
2008-01-16,11.8,7.9,5.8
2008-01-17,2.0,25.7,21.1
2008-01-19,0.0,8.1,6.0
2008-01-20,0.0,9.7,7.3
2008-01-21,0.2,14.7,11.3
2008-01-22,2.3,9.8,7.6
2008-01-23,1.8,8.6,6.7
2008-01-24,0.0,0.0,0.0
2008-01-25,0.2,0.5,0.0
2008-01-26,2.2,1.8,1.2
2008-01-27,0.0,0.0,0.0
2008-01-29,6.2,0.4,0.0
2008-01-30,1.2,5.8,4.5
2008-01-31,0.0,0.2,0.0
2008-02-01,0.0,0.0,0.0
2008-02-02,0.0,1.8,0.0
2008-02-03,0.0,1.2,0.0
2008-02-04,0.0,0.0,0.0
2008-02-05,0.0,0.0,0.0
2008-02-06,0.0,0.0,0.0
2008-02-07,0.0,0.3,0.0
2008-02-08,12.6,4.9,2.8
2008-02-09,9.0,32.8,40.3
2008-02-10,3.6,15.5,12.9
2008-02-11,3.4,25.3,25.8
2008-02-12,0.5,0.2,0.0
2008-02-13,0.0,2.9,1.6
2008-02-14,0.0,2.3,1.0
2008-02-15,13.8,30.0,32.1
2008-02-16,1.4,7.1,5.9
2008-02-17,13.4,36.3,41.0
2008-02-18,2.0,5.9,4.7
2008-02-19,16.8,41.7,49.7
2008-02-20,1.8,3.2,2.0
2008-02-21,1.0,9.6,10.4
2008-02-22,4.2,7.3,7.6
2008-02-23,8.0,3.3,2.5
2008-02-24,8.4,21.4,26.5
2008-02-25,3.6,0.3,0.0
2008-02-26,1.6,5.7,5.4
2008-02-27,18.0,27.8,40.4
2008-02-28,4.2,9.7,10.8
2008-02-29,21.2,23.0,30.3
2008-03-01,3.0,11.4,8.3
2008-03-02,2.6,1.8,1.0
2008-03-03,7.2,11.1,8.3
2008-03-04,21.6,14.6,11.1
2008-03-05,19.8,2.7,1.4
2008-03-06,12.8,4.2,2.7
2008-03-07,1.2,2.7,1.4
2008-03-08,15.2,8.5,6.0
2008-03-09,2.8,0.1,0.0
2008-03-10,2.2,0.3,0.0
2008-03-11,6.0,0.5,0.0
2008-03-12,3.2,1.1,1.0
2008-03-13,0.3,4.8,4.3
2008-03-14,1.8,0.5,0.0
2008-03-15,0.0,0.2,0.0
2008-03-16,2.0,0.9,0.0
2008-03-17,0.0,0.0,0.0
2008-03-18,0.3,0.5,0.0
2008-03-19,23.8,38.1,43.9
2008-03-20,35.6,5.8,5.4
2008-03-21,0.5,0.7,0.0
2008-03-22,6.0,0.5,0.0
2008-03-23,3.8,8.0,3.8
2008-03-24,16.0,36.2,29.0
2008-03-25,1.4,3.3,1.0
2008-03-26,7.4,9.4,4.8
2008-03-27,2.0,9.8,5.1
2008-03-28,13.7,14.8,8.9
2008-03-29,54.0,7.6,3.5
2008-03-30,33.2,8.1,3.8
2008-03-31,13.4,23.0,15.3
2008-04-01,21.0,17.4,13.8
2008-04-02,22.0,26.3,21.4
2008-04-03,31.6,57.0,53.4
2008-04-04,1.0,0.3,0.0
2008-04-05,3.6,0.5,0.0
2008-04-06,4.8,0.2,0.0
2008-04-07,5.8,0.7,0.0
2008-04-08,2.5,0.0,0.0
2008-04-09,20.6,8.3,7.0
2008-04-10,7.8,9.9,8.3
2008-04-11,1.8,0.2,0.0
2008-04-12,0.0,0.1,0.0
2008-04-13,0.0,0.1,0.0
2008-04-14,0.4,6.6,4.8
2008-04-15,33.0,29.7,29.0
2008-04-16,14.0,17.8,15.9
2008-04-17,23.5,60.2,67.9
2008-04-18,4.6,12.1,10.3
2008-04-19,0.0,1.4,0.0
2008-04-20,1.5,0.9,0.0
2008-04-21,20.4,29.8,31.4
2008-04-22,9.0,6.8,6.1
2008-04-23,40.4,24.3,25.5
2008-04-24,1.5,1.4,1.0
2008-04-25,10.5,15.4,15.2
2008-04-27,0.0,0.3,0.0
2008-04-28,0.0,1.9,1.0
2008-04-29,4.2,8.7,8.2
2008-04-30,16.7,27.1,28.8
2008-05-01,1.2,1.0,0.0
2008-05-02,6.6,19.8,16.2
2008-05-03,0.1,3.3,1.0
2008-05-04,0.0,0.7,0.0
2008-05-05,0.0,2.3,0.0
2008-05-06,0.5,1.5,0.0
2008-05-07,12.2,10.2,6.4
2008-05-08,4.5,3.5,1.0
2008-05-09,0.3,17.0,13.0
2008-05-10,2.3,1.6,0.0
2008-05-11,1.7,7.9,6.7
2008-05-12,0.0,1.8,1.1
2008-05-13,0.4,0.7,0.0
2008-05-14,3.0,1.0,0.0
2008-05-15,15.0,4.5,3.5
2008-05-17,0.0,0.8,0.0
2008-05-18,0.0,0.5,0.0
2008-05-19,0.2,2.6,1.8
2008-05-20,6.5,1.5,1.0
2008-05-21,30.0,12.3,10.4
2008-05-22,44.1,3.6,1.3
2008-05-23,35.5,0.9,0.0
2008-05-24,10.5,36.4,49.3
2008-05-25,4.0,8.0,5.7
2008-05-26,6.5,19.1,18.8
2008-05-27,1.7,3.7,1.3
2008-05-28,5.4,4.0,1.6
2008-05-29,8.0,0.5,0.0
2008-05-30,0.0,0.0,0.0
2008-05-31,16.0,3.2,1.0
2008-06-01,3.9,10.9,10.4
2008-06-02,0.0,0.5,0.0
2008-06-03,1.5,7.3,7.1
2008-06-04,0.0,0.5,0.0
2008-06-05,1.8,0.9,0.0
2008-06-06,0.0,0.6,0.0
2008-06-07,31.8,9.6,9.2
2008-06-08,1.5,0.2,0.0
2008-06-09,14.0,13.9,13.9
2008-06-11,4.2,13.8,12.1
2008-06-13,1.5,13.8,12.1
2008-06-14,4.5,10.7,8.8
2008-06-15,9.5,0.1,0.0
2008-06-16,49.0,3.9,1.9
2008-06-17,0.2,7.8,5.7
2008-06-18,0.0,1.8,1.0
2008-06-19,5.4,11.9,10.0
2008-06-20,8.6,5.7,3.7
2008-06-21,0.0,0.0,0.0
2008-06-22,0.0,0.3,0.0
2008-06-23,0.0,0.1,0.0
2008-06-24,0.2,2.3,0.0
2008-06-25,46.5,19.4,29.3
2008-06-26,3.0,3.6,1.0
2008-06-27,30.0,14.9,13.9
2008-06-28,53.5,5.1,1.7
2008-06-29,0.3,12.3,10.5
2008-06-30,72.0,15.7,15.4
2008-07-01,1.2,13.0,10.6
2008-07-02,6.6,8.4,5.7
2008-07-03,0.1,6.4,3.7
2008-07-04,0.0,6.7,4.0
2008-07-05,0.0,1.1,0.0
2008-07-06,0.5,0.7,0.0
2008-07-07,12.2,0.0,0.0
2008-07-08,1.5,1.7,0.0
2008-07-09,0.3,0.7,0.0
2008-07-10,2.3,0.5,0.0
2008-07-11,1.7,0.1,0.0
2008-07-12,0.0,0.0,0.0
2008-07-13,0.4,0.0,0.0
2008-07-14,3.0,0.0,0.0
2008-07-15,15.0,0.3,0.0
2008-07-17,0.0,2.6,1.0
2008-07-18,0.0,1.6,0.0
2008-07-19,0.2,0.2,0.0
2008-07-20,6.5,45.9,82.5
2008-07-21,30.0,19.6,28.7
2008-07-22,44.1,22.2,32.4
2008-07-23,33.5,19.2,26.7
2008-07-24,10.5,13.3,13.5
2008-07-25,4.0,3.7,1.0
2008-07-26,6.5,2.5,0.0
2008-07-27,1.7,7.4,5.6
2008-07-28,5.4,5.0,2.5
2008-07-29,8.0,5.0,2.5
2008-07-30,0.0,0.7,0.0
2008-07-31,16.0,0.9,0.0
2008-08-01,0.0,1.2,0.0
2008-08-02,2.0,7.3,5.1
2008-08-03,0.0,0.0,0.0
2008-08-04,4.3,20.8,22.8
2008-08-05,0.0,2.8,1.0
2008-08-06,20.5,5.3,2.9
2008-08-07,0.0,25.6,30.6
2008-08-08,8.5,18.3,18.7
2008-08-09,8.0,29.8,37.2
2008-08-10,4.8,9.3,7.4
2008-08-11,17.5,26.5,36.1
2008-08-12,4.0,11.0,10.7
2008-08-13,2.1,9.2,8.5
2008-08-14,2.0,11.1,10.8
2008-08-15,2.0,7.8,6.8
2008-08-16,23.6,32.8,48.5
2008-08-17,0.2,2.7,1.2
2008-08-18,16.3,0.8,0.0
2008-08-19,11.2,0.0,0.0
2008-08-20,0.0,0.0,0.0
2008-08-21,0.0,0.2,0.0
2008-08-22,1.4,3.9,2.2
2008-08-23,0.0,0.1,0.0
2008-08-24,0.0,0.0,0.0
2008-08-25,1.4,6.4,4.1
2008-08-26,7.5,14.9,10.9
2008-08-27,4.7,13.0,9.4
2008-08-28,2.7,0.2,0.0
2008-08-29,3.0,2.0,1.0
2008-08-30,15.5,5.3,3.3
2008-08-31,0.1,6.0,3.8
2008-09-01,0.8,4.1,2.8
2008-09-03,0.0,0.3,0.0
2008-09-04,1.0,1.7,1.0
2008-09-05,20.3,90.2,95.1
2008-09-06,31.0,31.5,33.4
2008-09-07,5.0,17.7,16.1
2008-09-08,3.5,17.5,15.2
2008-09-09,20.4,45.1,50.1
2008-09-10,10.0,10.5,8.7
2008-09-11,1.2,13.1,11.1
2008-09-12,1.6,15.6,13.9
2008-09-13,0.7,3.2,1.0
2008-09-14,4.0,2.0,0.0
2008-09-15,1.0,13.2,11.2
2008-09-16,5.2,4.7,1.9
2008-09-17,6.1,0.8,0.0
2008-09-18,0.9,4.2,1.4
2008-09-19,2.8,19.6,21.1
2008-09-20,0.0,5.8,3.0
2008-09-21,0.0,2.5,0.0
2008-09-23,0.0,8.4,3.4
2008-09-24,27.0,16.1,10.2
2008-09-25,1.0,5.8,1.3
2008-09-26,0.0,1.8,0.0
2008-09-27,8.9,9.4,4.3
2008-09-28,0.0,0.2,0.0
2008-09-29,1.2,5.6,1.1
2008-09-30,15.5,51.1,59.5
2008-10-01,5.0,12.3,15.0
2008-10-02,6.7,6.2,6.1
2008-10-03,5.0,0.4,0.0
2008-10-04,0.0,0.0,0.0
2008-10-05,53.2,18.4,25.4
2008-10-06,41.0,19.1,26.5
2008-10-07,13.5,0.7,0.0
2008-10-08,1.6,0.0,0.0
2008-10-10,19.6,25.8,40.9
2008-10-11,0.0,0.0,0.0
2008-10-14,12.5,14.3,16.0
2008-10-16,0.0,0.0,0.0
2008-10-17,0.0,0.0,0.0
2008-10-18,52.9,21.3,33.9
2008-10-19,0.2,0.7,0.0
2008-10-20,0.0,0.1,0.0
2008-10-21,4.6,3.1,1.5
2008-10-22,14.8,14.7,12.5
2008-10-23,18.1,4.3,2.4
2008-10-24,14.6,34.1,39.4
2008-10-25,7.2,10.1,7.7
2008-10-26,13.4,6.9,4.6
2008-10-27,5.2,10.6,8.2
2008-10-28,0.0,0.1,0.0
2008-10-29,0.0,0.7,0.0
2008-10-30,0.4,20.9,17.7
2008-10-31,1.1,3.7,1.9
2008-11-01,0.4,29.9,26.6
2008-11-02,3.3,8.3,6.2
2008-11-03,13.1,19.1,16.3
2008-11-04,79.8,42.1,41.4
2008-11-05,15.6,27.1,23.5
2008-11-06,24.0,37.6,35.2
2008-11-07,28.0,20.3,17.6
2008-11-08,22.8,10.6,8.3
2008-11-09,19.6,4.6,2.8
2008-11-10,6.5,13.1,10.6
2008-11-11,6.5,11.8,12.2
2008-11-12,0.7,8.7,8.8
2008-11-13,5.0,8.7,8.9
2008-11-14,41.7,7.5,7.6
2008-11-15,7.6,22.0,26.1
2008-11-16,8.7,6.3,6.4
2008-11-17,12.0,1.9,1.9
2008-11-18,2.0,5.2,5.2
2008-11-19,0.4,1.4,1.4
2008-11-20,0.0,0.5,0.0
2008-11-21,43.0,38.5,40.3
2008-11-22,2.0,7.2,7.4
2008-11-23,2.0,35.1,34.6
2008-11-24,0.7,3.5,4.1
2008-11-25,36.5,20.1,19.8
2008-11-26,0.0,2.6,3.3
2008-11-27,18.1,25.1,22.3
2008-11-28,0.0,0.1,0.0
2008-11-29,0.0,0.6,0.0
2008-11-30,11.2,11.0,10.8
2008-12-01,1.0,17.7,15.2
2008-12-02,8.5,34.0,42.3
2008-12-03,7.2,8.0,5.3
2008-12-04,3.0,5.9,3.3
2008-12-05,61.6,35.6,45.0
2008-12-06,0.0,0.0,0.0
2008-12-07,1.7,7.0,4.3
2008-12-08,0.0,0.3,0.0
2008-12-09,1.3,19.7,17.5
2008-12-10,8.0,5.3,2.8
2008-12-11,3.8,13.1,13.8
2008-12-12,3.4,7.4,6.7
2008-12-13,4.4,1.5,1.0
2008-12-14,0.6,2.0,1.0
2008-12-15,1.6,0.1,0.0
2008-12-16,0.8,0.0,0.0
2008-12-17,17.5,4.3,3.1
2008-12-18,8.5,0.8,0.0
2008-12-19,0.0,0.1,0.0
2008-12-20,2.2,0.0,0.0
2008-12-21,5.2,2.2,1.0
2008-12-22,2.0,14.1,12.6
2008-12-23,0.0,3.3,2.1
2008-12-24,0.4,0.2,0.0
2008-12-25,1.4,3.3,2.1
2008-12-26,4.3,21.3,19.7
2008-12-27,3.2,6.3,5.0
2008-12-28,0.2,2.7,1.5
2008-12-29,4.8,10.3,8.9
2008-12-30,0.1,2.2,1.0
2008-12-31,1.0,4.4,3.1
2009-01-01,0.0,0.9,0.0
2009-01-02,3.2,21.6,19.3
2009-01-03,0.8,1.3,1.0
2009-01-04,2.5,11.3,9.7
2009-01-05,1.6,0.4,0.0
2009-01-06,50.2,12.9,11.2
2009-01-07,0.8,1.7,1.1
2009-01-08,0.1,0.1,0.0
2009-01-09,22.0,25.6,21.2
2009-01-10,3.4,21.2,18.6
2009-01-11,51.0,58.4,53.2
2009-01-12,3.0,8.1,5.9
2009-01-13,17.0,12.7,9.7
2009-01-14,0.8,2.1,1.1
2009-01-15,2.8,15.2,11.5
2009-01-16,0.4,0.2,0.0
2009-01-17,0.0,9.2,6.9
2009-01-18,2.3,5.6,4.0
2009-01-19,1.5,1.4,1.0
2009-01-20,13.4,16.2,13.1
2009-01-21,5.8,4.4,3.4
2009-01-22,1.7,0.8,0.0
2009-01-23,1.2,0.3,0.0
2009-01-24,2.5,0.8,0.0
2009-01-25,0.0,0.0,0.0
2009-01-26,2.0,0.1,0.0
2009-01-28,3.5,0.4,0.0
2009-01-29,17.0,0.6,0.0
2009-01-30,9.0,5.3,4.0
2009-01-31,8.6,9.6,7.5
2009-02-02,0.0,17.5,18.7
2009-02-03,0.0,13.2,11.0
2009-02-04,0.0,5.4,3.2
2009-02-05,1.4,44.7,55.7
2009-02-06,0.0,8.8,6.6
2009-02-07,0.0,1.0,0.0
2009-02-08,0.0,4.5,2.4
2009-02-10,1.1,1.0,0.0
2009-02-11,0.0,7.8,6.6
2009-02-12,9.2,0.5,0.0
2009-02-13,1.3,0.6,0.0
2009-02-14,0.0,2.1,1.0
2009-02-15,0.0,0.1,0.0
2009-02-16,4.0,11.6,10.6
2009-02-17,0.0,0.3,0.0
2009-02-18,0.0,0.9,0.0
2009-02-19,12.5,0.0,0.0
2009-02-21,7.5,3.4,2.6
2009-02-22,28.5,1.0,0.0
2009-02-23,0.0,0.6,0.0
2009-02-24,27.5,0.1,0.0
2009-02-25,0.0,0.0,0.0
2009-02-26,0.0,0.0,0.0
2009-02-27,0.0,22.4,29.0
2009-02-28,0.0,7.4,7.6
2009-03-01,3.2,8.4,6.0
2009-03-02,3.6,8.2,5.8
2009-03-03,32.8,2.9,1.6
2009-03-04,8.3,2.4,1.2
2009-03-05,6.7,0.0,0.0
2009-03-06,2.0,0.0,0.0
2009-03-07,0.5,0.8,0.0
2009-03-08,14.0,19.6,16.5
2009-03-09,19.0,6.8,4.7
2009-03-10,8.7,13.1,10.3
2009-03-11,43.6,14.1,14.6
2009-03-12,88.0,62.2,80.6
2009-03-13,23.0,1.6,1.0
2009-03-14,30.6,32.3,37.1
2009-03-15,8.7,2.4,1.7
2009-03-16,1.7,14.2,14.7
2009-03-17,0.0,1.2,1.0
2009-03-18,57.5,6.4,6.1
2009-03-19,32.5,6.7,6.4
2009-03-20,7.1,0.3,0.0
2009-03-21,14.6,42.6,36.2
2009-03-23,3.0,18.9,12.4
2009-03-24,25.1,0.6,0.0
2009-03-25,59.0,0.2,0.0
2009-03-26,23.3,18.0,11.6
2009-03-27,0.2,1.1,0.0
2009-03-28,0.4,0.0,0.0
2009-03-29,0.0,0.4,0.0
2009-03-31,0.0,0.0,0.0
2009-04-01,0.0,0.0,0.0
2009-04-02,0.0,5.4,4.9
2009-04-03,0.4,0.2,0.0
2009-04-04,6.2,2.6,2.7
2009-04-06,5.2,1.8,2.1
2009-04-07,0.0,0.6,0.0
2009-04-08,1.7,0.3,0.0
2009-04-09,1.2,0.4,0.0
2009-04-10,0.2,0.0,0.0
2009-04-11,3.5,9.1,7.3
2009-04-12,1.0,2.5,1.0
2009-04-13,12.5,12.2,10.4
2009-04-14,24.0,25.8,23.9
2009-04-15,3.9,24.7,22.6
2009-04-16,2.7,11.4,9.6
2009-04-17,1.2,3.4,1.8
2009-04-18,0.0,11.9,10.1
2009-04-20,0.0,0.0,0.0
2009-04-21,0.6,13.6,13.2
2009-04-22,0.0,0.7,0.0
2009-04-23,0.0,0.2,0.0
2009-04-24,0.2,0.1,0.0
2009-04-25,1.0,18.8,18.3
2009-04-27,0.0,0.0,0.0
2009-04-28,0.0,0.0,0.0
2009-04-29,0.0,0.7,0.0
2009-04-30,0.0,0.0,0.0
2009-05-01,0.0,0.1,0.0
2009-05-02,0.0,0.0,0.0
2009-05-03,0.0,0.0,0.0
2009-05-04,0.5,5.6,2.2
2009-05-05,0.6,5.0,1.6
2009-05-06,0.0,14.8,10.8
2009-05-07,8.9,8.0,4.3
2009-05-08,0.0,1.9,0.0
2009-05-09,0.0,12.4,8.4
2009-05-10,0.0,1.0,0.0
2009-05-11,7.0,0.0,0.0
2009-05-12,0.0,31.6,28.1
2009-05-13,6.1,0.1,0.0
2009-05-14,0.0,0.1,0.0
2009-05-15,3.4,2.8,1.9
2009-05-16,1.8,0.0,0.0
2009-05-17,0.0,21.7,19.4
2009-05-18,0.0,44.5,44.5
2009-05-19,17.5,3.6,2.7
2009-05-20,3.5,0.6,0.0
2009-05-21,0.0,0.0,0.0
2009-05-22,0.0,0.1,0.0
2009-05-23,0.0,0.0,0.0
2009-05-24,0.0,0.4,0.0
2009-05-25,0.0,19.8,19.4
2009-05-26,12.0,15.4,14.2
2009-05-27,0.0,0.7,0.0
2009-05-28,1.4,0.9,0.0
2009-05-29,0.0,0.0,0.0
2009-05-30,0.0,0.5,0.0
2009-05-31,0.0,0.3,0.0
2009-06-01,0.0,4.7,4.7
2009-06-02,0.0,3.6,3.7
2009-06-03,5.5,23.4,25.1
2009-06-04,1.0,5.8,5.7
2009-06-05,0.0,0.0,0.0
2009-06-06,0.0,0.1,0.0
2009-06-07,0.0,0.7,0.0
2009-06-08,0.5,2.1,2.3
2009-06-09,0.0,0.4,0.0
2009-06-10,0.0,1.0,0.0
2009-06-13,0.0,0.0,0.0
2009-06-14,0.0,0.0,0.0
2009-06-15,0.0,0.2,0.0
2009-06-16,0.5,19.5,18.4
2009-06-17,2.5,0.7,0.0
2009-06-18,10.5,0.6,0.0
2009-06-19,0.0,0.5,0.0
2009-06-20,15.6,16.6,15.2
2009-06-21,8.0,21.1,32.2
2009-06-22,0.9,23.0,35.1
2009-06-23,5.5,52.4,82.0
2009-06-24,6.3,23.3,35.8
2009-06-25,7.5,21.7,33.3
2009-06-26,31.0,3.9,1.0
2009-06-27,39.0,10.8,8.6
2009-06-28,25.5,5.5,2.1
2009-06-29,26.5,12.9,12.1
2009-06-30,32.0,59.2,86.9
2009-07-01,32.0,0.2,0.0
2009-07-02,0.0,41.0,51.5
2009-07-03,27.7,2.1,0.0
2009-07-04,14.8,13.2,10.8
2009-07-05,1.5,0.0,0.0
2009-07-07,2.0,10.5,7.9
2009-07-08,0.0,28.3,30.9
2009-07-09,12.0,11.8,9.3
2009-07-10,1.5,5.6,2.9
2009-07-11,0.0,0.1,0.0
2009-07-12,0.0,0.0,0.0
2009-07-13,0.0,7.2,6.4
2009-07-14,0.0,4.5,3.1
2009-07-15,0.0,4.1,2.7
2009-07-16,7.5,11.3,11.6
2009-07-17,0.0,1.9,1.0
2009-07-18,0.0,4.0,2.6
2009-07-19,4.0,52.6,86.2
2009-07-20,23.1,20.6,30.4
2009-07-21,4.0,8.0,6.4
2009-07-22,6.0,4.7,2.1
2009-07-23,1.8,7.5,5.8
2009-07-24,1.0,3.2,1.0
2009-07-25,1.0,2.2,0.0
2009-07-26,2.0,9.6,8.6
2009-07-27,0.0,0.0,0.0
2009-07-28,0.0,1.2,0.0
2009-07-29,0.0,0.8,0.0
2009-07-30,0.0,0.0,0.0
2009-07-31,0.0,0.0,0.0
2009-08-01,0.0,0.0,0.0
2009-08-02,0.0,0.0,0.0
2009-08-03,0.0,0.0,0.0
2009-08-04,0.0,0.0,0.0
2009-08-05,0.0,0.2,0.0
2009-08-07,0.0,4.9,2.4
2009-08-08,0.0,0.4,0.0
2009-08-09,0.0,1.8,0.0
2009-08-10,1.6,9.1,7.2
2009-08-11,4.5,17.2,18.1
2009-08-12,4.7,1.2,0.0
2009-08-13,0.0,0.0,0.0
2009-08-14,0.0,0.0,0.0
2009-08-15,0.0,0.0,0.0
2009-08-16,0.0,0.0,0.0
2009-08-17,12.0,20.0,23.8
2009-08-18,0.0,0.0,0.0
2009-08-20,12.4,10.8,10.5
2009-08-21,0.0,27.8,21.9
2009-08-22,2.5,35.4,28.3
2009-08-23,12.5,7.4,4.9
2009-08-24,0.0,1.6,1.0
2009-08-25,5.0,38.9,31.6
2009-08-26,17.5,44.2,36.2
2009-08-27,0.8,3.4,1.8
2009-08-28,23.5,84.5,72.1
2009-08-29,11.6,46.4,38.4
2009-08-30,0.0,4.1,2.3
2009-08-31,1.0,7.1,4.7
2009-09-02,0.0,0.6,0.0
2009-09-03,0.0,0.0,0.0
2009-09-04,0.0,0.7,0.0
2009-09-05,0.0,7.2,5.6
2009-09-07,0.0,2.6,1.4
2009-09-08,0.0,9.0,7.3
2009-09-09,0.0,10.2,8.5
2009-09-10,5.0,12.3,10.4
2009-09-11,28.0,16.6,14.8
2009-09-12,28.2,0.7,0.0
2009-09-13,0.0,0.0,0.0
2009-09-14,0.0,0.0,0.0
2009-09-15,0.0,0.0,0.0
2009-09-16,0.0,0.0,0.0
2009-09-17,0.0,0.0,0.0
2009-09-18,4.5,9.1,6.7
2009-09-20,0.0,0.7,0.0
2009-09-22,0.0,0.0,0.0
2009-09-23,0.0,2.0,0.0
2009-09-24,0.0,2.8,0.0
2009-09-25,3.0,23.9,21.5
2009-09-26,0.0,14.0,8.3
2009-09-27,0.0,0.0,0.0
2009-09-28,0.0,0.0,0.0
2009-09-29,0.0,0.0,0.0
2009-09-30,0.0,0.7,0.0
2009-10-01,0.0,1.5,1.0
2009-10-02,0.0,0.3,0.0
2009-10-03,0.0,0.0,0.0
2009-10-04,1.5,5.0,4.5
2009-10-06,3.5,19.9,28.1
2009-10-07,0.0,3.2,2.2
2009-10-08,10.6,0.5,0.0
2009-10-09,7.0,48.7,84.2
2009-10-10,0.0,19.3,26.7
2009-10-11,3.5,8.8,8.5
2009-10-12,0.0,9.0,8.7
2009-10-13,3.2,3.9,2.1
2009-10-14,0.0,3.7,1.9
2009-10-15,2.0,0.2,0.0
2009-10-16,0.0,9.5,9.4
2009-10-17,6.5,2.1,1.0
2009-10-18,6.0,2.8,1.0
2009-10-19,31.0,24.0,41.0
2009-10-20,11.0,3.3,1.5
2009-10-21,2.0,9.6,7.2
2009-10-22,0.0,0.4,0.0
2009-10-23,0.0,0.1,0.0
2009-10-24,2.0,8.8,6.3
2009-10-25,7.5,14.2,11.9
2009-10-26,2.0,8.4,6.0
2009-10-27,35.0,39.7,53.8
2009-10-29,75.5,28.0,27.2
2009-10-30,125.0,38.7,50.8
2009-10-31,12.5,2.8,1.3
2009-11-01,3.0,1.9,1.0
2009-11-03,0.0,0.0,0.0
2009-11-04,0.0,0.0,0.0
2009-11-05,0.0,0.0,0.0
2009-11-06,0.0,0.0,0.0
2009-11-07,0.0,2.0,1.0
2009-11-08,20.0,62.3,73.4
2009-11-10,0.0,0.0,0.0
2009-11-11,3.6,3.3,3.2
2009-11-12,7.5,0.3,0.0
2009-11-13,3.8,2.6,2.5
2009-11-15,13.2,4.2,4.2
2009-11-16,12.9,70.2,80.5
2009-11-17,1.6,4.0,3.9
2009-11-18,11.2,11.2,11.6
2009-11-19,13.1,0.3,0.0
2009-11-20,2.0,16.2,17.0
2009-11-21,37.7,31.7,31.1
2009-11-22,2.3,1.4,2.3
2009-11-23,5.5,11.7,11.5
2009-11-24,0.0,0.0,0.0
2009-11-25,0.0,7.0,7.2
2009-11-26,0.0,1.4,2.3
2009-11-27,0.0,0.0,0.0
2009-11-28,0.0,9.7,9.7
2009-11-29,6.5,15.2,14.6
2009-11-30,0.0,0.4,0.0
2009-12-02,2.6,0.0,0.0
2009-12-04,0.0,26.4,27.1
2009-12-05,59.4,13.6,10.9
2009-12-06,42.5,5.9,3.3
2009-12-07,36.6,0.0,0.0
2009-12-08,26.8,0.1,0.0
2009-12-09,35.0,0.2,0.0
2009-12-10,33.6,42.3,53.9
2009-12-12,0.0,4.3,3.1
2009-12-13,0.0,0.0,0.0
2009-12-14,0.0,0.0,0.0
2009-12-15,3.5,1.7,1.0
2009-12-16,0.0,0.2,0.0
2009-12-17,0.0,0.6,0.0
2009-12-18,0.0,0.0,0.0
2009-12-19,0.0,0.2,0.0
2009-12-20,0.0,0.0,0.0
2009-12-21,0.0,3.1,1.9
2009-12-22,0.0,1.8,1.0
2009-12-24,0.0,0.1,0.0
2009-12-25,4.5,1.5,1.0
2009-12-26,1.0,0.0,0.0
2009-12-27,0.0,1.5,1.0
2009-12-28,0.0,0.3,0.0
2009-12-29,0.0,0.1,0.0
2009-12-30,8.2,0.8,0.0
2009-12-31,6.2,0.3,0.0
2010-01-01,0.0,2.8,2.1
2010-01-02,2.0,0.1,0.0
2010-01-04,0.0,0.0,0.0
2010-01-05,7.5,2.7,2.1
2010-01-06,0.0,1.1,0.0
2010-01-07,6.4,15.0,13.0
2010-01-08,0.0,23.5,18.6
2010-01-09,6.4,3.9,3.1
2010-01-10,0.0,0.7,0.0
2010-01-11,15.9,32.6,28.1
2010-01-12,0.9,5.3,3.7
2010-01-13,19.1,6.5,4.7
2010-01-14,14.0,30.5,26.2
2010-01-15,3.5,24.0,18.7
2010-01-16,0.9,1.5,1.0
2010-01-17,5.2,8.1,6.0
2010-01-18,12.0,78.2,70.1
2010-01-19,1.0,27.6,23.3
2010-01-20,29.5,0.0,0.0
2010-01-21,2.8,4.8,3.7
2010-01-22,0.0,0.0,0.0
2010-01-23,0.0,2.8,2.1
2010-01-24,0.0,0.0,0.0
2010-01-25,4.8,11.6,9.0
2010-01-26,0.9,0.6,0.0
2010-01-27,4.5,0.0,0.0
2010-01-28,0.0,0.0,0.0
2010-01-29,37.2,10.8,8.4
2010-01-30,1.7,2.0,1.4
2010-02-02,0.0,0.0,0.0
2010-02-03,0.0,0.0,0.0
2010-02-04,0.0,0.0,0.0
2010-02-05,1.4,0.1,0.0
2010-02-06,0.0,0.3,0.0
2010-02-07,0.0,0.0,0.0
2010-02-08,0.0,0.0,0.0
2010-02-10,1.1,0.0,0.0
2010-02-11,0.0,0.0,0.0
2010-02-12,9.2,4.1,2.9
2010-02-13,1.3,0.0,0.0
2010-02-14,0.0,0.0,0.0
2010-02-15,0.0,0.0,0.0
2010-02-16,4.0,0.1,0.0
2010-02-17,0.0,0.0,0.0
2010-02-18,0.0,0.1,0.0
2010-02-19,12.5,1.0,0.0
2010-02-21,7.5,0.0,0.0
2010-02-22,28.5,1.9,1.0
2010-02-23,0.0,0.0,0.0
2010-02-24,27.5,10.9,12.2
2010-02-25,0.0,3.5,2.7
2010-02-26,0.0,0.0,0.0
2010-02-27,0.0,0.0,0.0
2010-02-28,0.0,0.0,0.0
2010-03-02,0.0,0.0,0.0
2010-03-03,0.0,0.0,0.0
2010-03-04,0.0,0.0,0.0
2010-03-06,0.0,0.0,0.0
2010-03-07,0.0,0.0,0.0
2010-03-08,0.0,0.0,0.0
2010-03-09,18.2,0.5,0.0
2010-03-10,8.4,0.3,0.0
2010-03-11,47.0,1.1,1.0
2010-03-12,6.1,0.0,0.0
2010-03-13,0.0,0.0,0.0
2010-03-14,0.0,0.0,0.0
2010-03-15,0.0,0.0,0.0
2010-03-16,3.7,0.0,0.0
2010-03-17,1.8,0.0,0.0
2010-03-18,0.0,0.0,0.0
2010-03-19,0.0,0.0,0.0
2010-03-20,0.0,0.0,0.0
2010-03-21,1.0,0.0,0.0
2010-03-22,3.8,42.1,35.1
2010-03-23,97.4,17.8,12.1
2010-03-24,0.0,18.9,12.5
2010-03-25,0.0,4.0,1.0
2010-03-26,0.0,4.5,1.3
2010-03-27,15.5,16.7,11.0
2010-03-28,36.5,44.3,38.3
2010-03-29,9.8,14.5,8.6
2010-03-30,6.0,3.5,1.0
2010-03-31,20.3,59.4,54.4
2010-04-01,0.0,0.1,0.0
2010-04-02,6.2,0.2,0.0
2010-04-03,0.0,9.6,8.0
2010-04-04,3.3,11.2,9.2
2010-04-05,3.5,2.8,2.8
2010-04-06,0.0,0.0,0.0
2010-04-07,94.9,55.3,52.6
2010-04-08,29.9,11.8,9.7
2010-04-09,5.5,9.1,7.6
2010-04-10,66.4,31.1,28.2
2010-04-11,65.1,34.9,36.4
2010-04-12,43.0,56.3,64.1
2010-04-13,3.8,19.3,17.9
2010-04-15,1.8,4.2,2.5
2010-04-16,12.3,8.0,6.2
2010-04-17,41.9,59.9,68.2
2010-04-18,1.5,5.9,4.2
2010-04-19,0.0,14.2,12.4
2010-04-20,1.1,50.2,55.4
2010-04-21,15.0,0.8,0.0
2010-04-22,0.0,0.0,0.0
2010-04-23,0.0,0.0,0.0
2010-04-24,0.4,0.9,0.0
2010-04-25,0.0,1.9,1.0
2010-04-26,0.0,0.0,0.0
2010-04-27,6.5,7.3,6.7
2010-04-28,27.0,12.8,12.4
2010-04-29,8.0,2.6,1.7
2010-05-01,0.0,0.2,0.0
2010-05-02,0.0,10.5,6.6
2010-05-03,0.0,0.3,0.0
2010-05-05,18.5,4.3,1.0
2010-05-06,6.3,17.3,13.3
2010-05-07,0.0,0.3,0.0
2010-05-08,14.7,13.5,9.5
2010-05-09,8.5,14.6,10.6
2010-05-10,4.4,20.1,16.3
2010-05-11,16.0,29.0,24.6
2010-05-12,30.3,20.5,18.3
2010-05-13,7.0,1.4,1.0
2010-05-14,5.5,0.3,0.0
2010-05-15,4.0,3.6,2.7
2010-05-16,10.8,12.1,10.5
2010-05-18,1.1,1.7,1.0
2010-05-19,2.1,0.0,0.0
2010-05-21,5.0,10.5,8.4
2010-05-22,52.2,19.8,20.7
2010-05-24,11.7,13.7,12.1
2010-05-25,12.6,1.4,0.0
2010-05-26,46.6,30.3,38.8
2010-05-27,2.6,4.3,1.9
2010-05-28,0.0,0.3,0.0
2010-05-30,1.0,0.0,0.0
2010-06-01,0.0,0.0,0.0
2010-06-02,0.0,0.0,0.0
2010-06-03,0.0,0.0,0.0
2010-06-04,0.0,0.1,0.0
2010-06-05,0.0,0.0,0.0
2010-06-06,0.0,10.5,10.0
2010-06-08,0.0,0.0,0.0
2010-06-09,5.4,1.0,0.0
2010-06-10,10.2,7.9,7.6
2010-06-11,7.8,40.3,48.3
2010-06-12,0.0,0.1,0.0
2010-06-14,12.0,6.0,3.9
2010-06-15,1.6,14.7,13.1
2010-06-16,1.0,10.4,8.5
2010-06-17,0.9,0.9,0.0
2010-06-18,73.0,43.1,54.6
2010-06-19,12.7,19.4,19.6
2010-06-20,18.5,18.8,17.7
2010-06-22,0.0,0.0,0.0
2010-06-24,0.0,0.0,0.0
2010-06-25,3.8,1.9,0.0
2010-06-26,0.0,3.6,1.0
2010-06-27,0.0,0.0,0.0
2010-06-28,2.5,0.6,0.0
2010-07-02,0.6,0.5,0.0
2010-07-03,0.0,3.2,1.0
2010-07-05,2.4,25.2,26.3
2010-07-06,0.0,6.0,3.3
2010-07-07,11.0,12.8,10.4
2010-07-09,17.5,35.6,42.5
2010-07-11,0.0,0.3,0.0
2010-07-12,17.5,7.6,6.9
2010-07-13,1.0,0.0,0.0
2010-07-15,1.0,0.7,0.0
2010-07-16,6.5,1.5,0.0
2010-07-17,6.5,4.3,2.9
2010-07-19,14.0,0.3,0.0
2010-07-20,23.0,27.2,42.3
2010-07-21,9.0,24.8,37.2
2010-07-23,1.0,8.1,6.5
2010-07-24,0.0,4.2,1.5
2010-07-25,0.0,0.4,0.0
2010-07-26,1.0,2.9,0.0
2010-07-28,3.6,8.2,6.7
2010-07-29,20.6,42.7,80.3
2010-07-30,35.5,27.0,41.3
2010-07-31,10.6,22.4,32.5
2010-08-01,17.6,0.0,0.0
2010-08-02,26.0,36.6,49.6
2010-08-03,1.2,1.1,0.0
2010-08-04,0.0,2.3,0.0
2010-08-05,0.0,2.1,0.0
2010-08-06,0.0,0.7,0.0
2010-08-07,0.0,7.5,5.4
2010-08-08,2.6,10.1,8.4
2010-08-09,8.4,5.9,3.5
2010-08-10,13.0,53.6,83.7
2010-08-11,0.0,1.8,1.0
2010-08-12,36.0,6.6,5.4
2010-08-14,0.0,0.0,0.0
2010-08-15,2.0,5.3,4.0
2010-08-16,0.0,0.0,0.0
2010-08-17,0.0,1.6,1.0
2010-08-18,0.0,0.0,0.0
2010-08-19,3.6,4.3,2.9
2010-08-20,0.0,0.1,0.0
2010-08-21,18.4,2.7,1.2
2010-08-22,48.0,33.8,27.2
2010-08-23,20.3,6.0,3.9
2010-08-24,40.2,7.2,4.8
2010-08-25,21.0,23.1,17.4
2010-08-26,0.0,16.8,12.4
2010-08-27,14.2,19.1,14.3
2010-08-29,8.3,2.2,1.0
2010-08-30,30.0,4.6,2.8
2010-08-31,81.8,1.7,1.0
2010-09-01,1.0,4.4,3.0
2010-09-02,12.8,6.1,4.5
2010-09-04,11.3,11.6,9.7
2010-09-05,10.7,10.0,8.2
2010-09-06,1.2,1.7,1.0
2010-09-10,24.6,20.3,18.8
2010-09-11,3.5,4.9,2.1
2010-09-12,1.0,9.5,7.1
2010-09-13,17.4,3.6,1.0
2010-09-14,6.0,33.9,42.4
2010-09-16,1.6,0.4,0.0
2010-09-17,2.8,4.6,1.8
2010-09-18,3.8,5.5,2.8
2010-09-27,12.9,1.1,0.0
2010-09-28,11.5,2.5,0.0
2010-09-29,22.6,18.9,13.1
2010-09-30,4.6,16.3,10.5
2010-10-01,0.0,14.1,17.7
2010-10-02,0.0,3.1,2.1
2010-10-03,0.0,1.9,1.0
2010-10-04,1.5,0.5,0.0
2010-10-06,3.5,0.1,0.0
2010-10-07,0.0,15.5,20.3
2010-10-08,10.6,10.1,11.6
2010-10-09,7.0,0.0,0.0
2010-10-10,0.0,4.1,3.3
2010-10-11,3.5,2.9,1.0
2010-10-12,0.0,7.0,6.0
2010-10-13,3.2,0.3,0.0
2010-10-14,0.0,4.5,2.9
2010-10-15,2.0,1.3,0.0
2010-10-16,0.0,5.2,3.7
2010-10-17,6.5,10.8,11.2
2010-10-18,6.0,0.0,0.0
2010-10-19,31.0,2.0,1.0
2010-10-20,11.0,5.7,4.4
2010-10-21,2.0,9.6,7.1
2010-10-22,0.0,3.2,1.6
2010-10-23,0.0,4.7,2.7
2010-10-24,2.0,0.7,0.0
2010-10-25,7.5,0.9,0.0
2010-10-26,2.0,7.7,5.3
2010-10-27,35.0,18.7,16.8
2010-10-29,75.5,18.2,16.5
2010-10-30,125.0,9.9,7.5
2010-10-31,12.5,4.9,2.8
2010-11-02,0.6,1.1,0.0
2010-11-04,0.4,8.0,6.0
2010-11-05,0.0,6.8,4.8
2010-11-07,12.0,5.6,3.7
2010-11-08,10.2,7.0,5.0
2010-11-09,4.8,4.7,2.9
2010-11-10,72.8,43.8,43.5
2010-11-11,0.0,3.9,3.9
2010-11-12,1.5,1.8,1.7
2010-11-13,6.0,11.5,11.9
2010-11-14,6.2,6.1,6.2
2010-11-15,0.0,3.9,3.8
2010-11-16,0.0,0.3,0.0
2010-11-17,4.0,0.0,0.0
2010-11-18,2.6,0.9,0.0
2010-11-19,6.2,9.4,9.6
2010-11-20,7.2,5.3,5.3
2010-11-21,0.0,8.4,8.5
2010-11-22,7.2,3.2,3.8
2010-11-23,5.0,15.7,15.1
2010-11-24,2.0,0.0,0.0
2010-11-25,0.0,1.0,2.0
2010-11-26,7.4,4.2,4.8
2010-11-27,0.0,0.0,0.0
2010-11-28,0.0,0.0,0.0
2010-11-29,2.1,0.2,0.0
2010-11-30,2.5,5.9,6.2
2010-12-01,0.0,4.2,1.8
2010-12-02,2.8,2.2,1.0
2010-12-03,2.0,17.1,14.8
2010-12-05,0.0,2.1,1.0
2010-12-06,5.8,19.4,17.1
2010-12-07,24.0,4.4,2.0
2010-12-08,1.5,12.2,9.5
2010-12-09,1.0,0.1,0.0
2010-12-10,2.9,41.3,52.8
2010-12-11,0.0,0.1,0.0
2010-12-12,0.0,0.4,0.0
2010-12-13,2.1,0.1,0.0
2010-12-14,27.0,9.9,9.8
2010-12-15,0.0,0.0,0.0
2010-12-16,0.0,0.0,0.0
2010-12-17,0.0,0.0,0.0
2010-12-18,0.0,1.6,1.0
2010-12-19,0.0,5.1,4.1
2010-12-20,0.0,8.0,7.5
2010-12-21,32.5,31.8,32.9
2010-12-22,34.4,8.0,6.7
2010-12-23,6.0,14.4,12.9
2010-12-24,0.0,13.6,12.1
2010-12-25,1.4,2.9,1.7
2010-12-26,53.2,18.5,17.4
2010-12-27,7.5,6.4,5.1
2010-12-29,0.0,3.4,2.2
2010-12-30,7.2,19.1,17.5
2010-12-31,0.0,23.3,21.7
2011-01-01,17.0,18.1,15.8
2011-01-02,10.2,9.1,7.7
2011-01-03,1.0,13.2,11.4
2011-01-04,2.2,1.2,1.0
2011-01-05,5.5,3.8,3.0
2011-01-06,3.2,1.7,1.2
2011-01-07,0.0,0.0,0.0
2011-01-08,0.0,1.0,0.0
2011-01-09,1.2,0.0,0.0
2011-01-11,0.0,0.7,0.0
2011-01-12,3.0,2.6,1.5
2011-01-13,15.2,6.8,4.9
2011-01-14,2.8,12.2,9.3
2011-01-15,14.5,31.6,27.2
2011-01-16,4.6,30.6,26.2
2011-01-18,0.0,0.6,0.0
2011-01-19,25.0,70.9,63.6
2011-01-20,0.0,2.6,1.5
2011-01-21,1.0,2.8,2.0
2011-01-22,24.7,45.3,45.5
2011-01-23,18.0,36.8,36.9
2011-01-27,11.3,5.3,4.1
2011-01-28,0.0,0.5,0.0
2011-01-29,0.0,0.6,0.0
2011-01-30,32.2,47.6,47.4
2011-01-31,15.1,23.6,18.3
2011-02-02,1.0,5.7,3.6
2011-02-03,0.0,12.5,10.3
2011-02-04,0.0,4.1,2.0
2011-02-05,9.0,52.1,64.6
2011-02-06,17.5,84.4,78.1
2011-02-07,4.1,9.4,7.2
2011-02-08,5.5,21.5,24.6
2011-02-10,0.0,0.4,0.0
2011-02-11,8.9,8.8,7.8
2011-02-12,3.4,0.0,0.0
2011-02-13,1.3,9.6,8.9
2011-02-14,0.0,2.5,1.2
2011-02-15,4.1,2.4,1.1
2011-02-16,8.3,6.4,5.2
2011-02-17,16.0,34.0,37.8
2011-02-18,0.0,1.2,0.0
2011-02-19,5.0,10.4,9.1
2011-02-20,13.0,11.4,10.5
2011-02-21,1.0,8.6,9.3
2011-02-22,5.5,11.9,13.9
2011-02-23,0.0,11.7,13.9
2011-02-24,13.9,30.5,48.2
2011-02-25,3.0,12.7,14.9
2011-02-26,1.0,1.1,1.0
2011-02-28,10.0,8.3,9.0
2011-03-01,1.0,5.4,3.6
2011-03-02,7.6,20.5,16.7
2011-03-05,10.5,10.5,7.5
2011-03-07,1.5,9.0,6.5
2011-03-09,0.4,0.4,0.0
2011-03-10,7.6,0.7,0.0
2011-03-11,10.5,0.6,0.0
2011-03-12,15.0,12.7,12.8
2011-03-13,9.5,2.3,1.6
2011-03-14,0.0,1.5,1.0
2011-03-15,4.0,2.7,2.0
2011-03-16,18.0,19.7,23.4
2011-03-17,30.2,3.1,2.5
2011-03-18,6.6,0.6,0.0
2011-03-19,0.0,59.5,78.6
2011-03-20,17.6,51.2,63.7
2011-03-21,3.5,16.7,10.4
2011-03-22,4.5,3.4,1.0
2011-03-23,43.0,16.8,10.4
2011-03-24,10.6,3.4,1.0
2011-03-25,8.9,27.7,19.6
2011-03-26,2.5,7.6,3.5
2011-03-27,5.7,43.0,36.4
2011-03-28,27.8,38.1,31.4
2011-03-29,6.6,26.5,18.4
2011-03-30,3.4,30.2,22.6
2011-03-31,0.0,0.1,0.0
2011-04-01,1.0,4.7,4.3
2011-04-02,0.0,1.4,1.8
2011-04-03,0.0,12.6,10.3
2011-04-04,4.5,9.1,7.6
2011-04-05,2.9,24.4,18.2
2011-04-06,1.0,0.5,0.0
2011-04-07,0.0,0.2,0.0
2011-04-08,77.5,96.7,71.8
2011-04-09,13.1,16.4,13.2
2011-04-10,1.5,0.7,0.0
2011-04-11,9.0,10.8,9.0
2011-04-12,5.2,23.4,20.8
2011-04-13,1.0,1.5,1.0
2011-04-14,14.5,33.5,33.8
2011-04-15,6.8,2.6,1.0
2011-04-16,23.2,24.0,22.0
2011-04-17,9.5,22.2,20.3
2011-04-18,1.0,2.0,1.0
2011-04-19,0.0,2.4,1.0
2011-04-21,29.7,41.3,44.5
2011-04-22,7.3,31.6,33.4
2011-04-23,5.0,22.4,22.1
2011-04-24,37.4,39.5,42.5
2011-04-25,5.4,0.0,0.0
2011-04-26,12.5,8.6,8.0
2011-04-27,10.7,8.0,7.5
2011-04-28,1.3,0.1,0.0
2011-04-29,1.5,0.4,0.0
2011-05-01,23.9,1.1,0.0
2011-05-02,9.0,23.2,22.9
2011-05-03,4.2,18.5,14.5
2011-05-04,8.2,13.7,9.7
2011-05-05,0.0,7.7,4.0
2011-05-06,16.8,9.1,5.3
2011-05-07,0.0,0.0,0.0
2011-05-09,0.0,5.1,1.7
2011-05-10,0.0,1.1,0.0
2011-05-11,0.0,7.1,5.9
2011-05-12,2.8,1.0,0.0
2011-05-13,17.9,17.3,15.3
2011-05-14,2.2,3.7,2.8
2011-05-15,3.5,12.8,11.2
2011-05-16,1.2,3.5,2.6
2011-05-17,5.4,19.7,17.5
2011-05-18,2.4,10.1,8.7
2011-05-19,21.4,28.7,24.8
2011-05-20,17.8,2.8,2.0
2011-05-21,0.2,8.8,6.6
2011-05-22,2.0,13.9,13.0
2011-05-23,0.0,0.0,0.0
2011-05-24,0.0,0.0,0.0
2011-05-25,2.1,1.8,0.0
2011-05-26,0.0,1.3,0.0
2011-05-27,3.2,32.2,42.1
2011-05-28,0.5,12.4,10.6
2011-05-29,7.5,10.3,8.2
2011-05-30,1.7,14.6,13.1
2011-05-31,6.7,39.5,55.5
2011-06-01,1.5,14.1,13.4
2011-06-02,10.5,5.6,5.5
2011-06-03,0.6,0.0,0.0
2011-06-04,0.0,0.0,0.0
2011-06-05,0.9,0.0,0.0
2011-06-06,8.0,2.9,3.0
2011-06-07,7.0,29.2,32.2
2011-06-08,0.0,0.6,0.0
2011-06-09,0.5,8.1,7.8
2011-06-10,4.6,17.4,16.8
2011-06-11,6.0,7.5,5.4
2011-06-12,1.3,0.2,0.0
2011-06-14,4.8,0.0,0.0
2011-06-15,0.0,0.4,0.0
2011-06-17,0.0,2.6,1.0
2011-06-18,0.0,2.3,1.0
2011-06-19,0.0,0.0,0.0
2011-06-20,0.0,0.1,0.0
2011-06-21,0.0,2.0,0.0
2011-06-22,0.0,6.8,3.6
2011-06-23,0.0,0.6,0.0
2011-06-24,0.3,7.5,4.4
2011-06-26,1.5,0.2,0.0
2011-06-27,0.0,0.1,0.0
2011-06-29,18.7,7.4,4.3
2011-06-30,5.8,11.5,9.4
2011-07-01,11.1,22.2,22.3
2011-07-03,0.3,3.1,1.0
2011-07-05,2.0,4.8,2.1
2011-07-07,0.0,1.1,0.0
2011-07-08,0.0,3.2,1.0
2011-07-09,0.0,2.4,0.0
2011-07-10,0.0,1.0,0.0
2011-07-11,0.0,0.1,0.0
2011-07-12,0.0,0.0,0.0
2011-07-13,0.0,0.0,0.0
2011-07-14,0.0,0.0,0.0
2011-07-15,0.0,0.0,0.0
2011-07-16,0.0,7.8,7.1
2011-07-17,70.0,14.8,22.0
2011-07-19,1.0,8.4,7.9
2011-07-21,0.0,6.1,3.9
2011-07-22,0.0,3.4,1.0
2011-07-23,0.0,14.2,15.3
2011-07-24,0.0,2.8,0.0
2011-07-25,0.0,0.2,0.0
2011-07-26,0.0,0.0,0.0
2011-07-27,0.0,0.0,0.0
2011-07-28,0.0,0.6,0.0
2011-07-29,0.0,0.3,0.0
2011-07-30,1.5,2.7,0.0
2011-07-31,0.0,5.2,2.7
2011-08-01,1.8,14.1,12.9
2011-08-02,7.0,10.9,9.3
2011-08-03,0.0,5.3,2.9
2011-08-04,0.0,2.2,0.0
2011-08-05,0.0,0.5,0.0
2011-08-06,10.5,10.3,8.6
2011-08-07,0.4,1.3,0.0
2011-08-08,44.5,11.8,11.4
2011-08-10,3.0,22.7,25.6
2011-08-11,47.6,17.3,19.2
2011-08-12,0.0,0.1,0.0
2011-08-13,1.2,3.9,2.5
2011-08-14,2.0,4.0,2.6
2011-08-15,3.3,2.1,1.0
2011-08-16,2.9,0.3,0.0
2011-08-17,20.3,11.4,11.2
2011-08-18,3.2,4.4,3.0
2011-08-21,3.6,16.4,12.1
2011-08-22,0.0,9.4,6.6
2011-08-23,0.0,6.7,4.4
2011-08-24,1.6,2.0,1.0
2011-08-26,21.2,25.8,19.7
2011-08-27,0.0,1.0,0.0
2011-08-28,5.7,9.0,6.2
2011-08-29,3.9,1.9,1.0
2011-08-30,24.0,26.4,20.2
2011-08-31,32.0,23.5,18.4
2011-09-01,0.0,9.8,8.0
2011-09-02,1.0,10.4,8.6
2011-09-03,4.6,35.8,38.4
2011-09-04,11.0,34.2,36.6
2011-09-05,0.8,4.8,3.4
2011-09-06,2.2,11.3,9.5
2011-09-07,0.0,0.9,0.0
2011-09-08,2.8,22.1,22.6
2011-09-09,40.0,32.6,34.8
2011-09-10,30.8,14.9,12.9
2011-09-11,4.5,0.4,0.0
2011-09-12,0.0,0.1,0.0
2011-09-13,23.6,4.1,1.2
2011-09-15,4.0,22.3,25.7
2011-09-16,10.5,6.3,3.6
2011-09-17,1.0,5.7,3.0
2011-09-18,3.4,4.4,1.6
2011-09-19,17.6,34.2,43.2
2011-09-20,4.0,7.1,4.5
2011-09-21,69.5,40.7,45.4
2011-09-22,18.0,37.2,40.2
2011-09-23,0.0,1.1,0.0
2011-09-24,0.0,0.8,0.0
2011-09-25,0.0,15.4,9.5
2011-09-26,0.0,0.8,0.0
2011-09-27,0.0,1.2,0.0
2011-09-28,0.0,2.7,0.0
2011-09-29,0.0,0.2,0.0
2011-09-30,1.5,13.3,7.6
2011-10-01,18.5,22.5,34.7
2011-10-02,2.0,7.2,7.6
2011-10-03,0.0,2.0,1.0
2011-10-04,0.0,1.1,0.0
2011-10-05,19.6,28.0,45.9
2011-10-06,0.0,4.7,4.1
2011-10-07,1.0,6.7,6.8
2011-10-09,2.4,7.5,8.0
2011-10-11,1.5,20.9,32.4
2011-10-13,6.4,8.7,8.3
2011-10-15,5.5,3.7,1.9
2011-10-17,1.6,5.2,3.8
2011-10-18,8.5,12.3,13.1
2011-10-19,1.8,0.2,0.0
2011-10-21,1.4,0.5,0.0
2011-10-22,0.0,0.6,0.0
2011-10-23,0.0,0.1,0.0
2011-10-25,1.6,15.3,13.2
2011-10-27,0.0,0.3,0.0
2011-10-28,0.0,0.0,0.0
2011-10-29,0.0,0.0,0.0
2011-10-30,0.0,0.0,0.0
2011-10-31,0.0,2.1,1.0
2011-11-02,3.9,6.2,4.3
2011-11-03,14.3,41.9,40.9
2011-11-05,1.5,6.9,4.9
2011-11-06,0.4,9.2,7.0
2011-11-07,0.0,1.2,0.0
2011-11-08,0.0,0.0,0.0
2011-11-10,1.5,14.2,11.6
2011-11-11,0.0,0.8,0.0
2011-11-12,4.0,18.7,19.9
2011-11-13,34.7,12.9,13.4
2011-11-14,16.5,19.8,21.9
2011-11-15,0.0,4.9,4.9
2011-11-16,0.0,1.9,1.8
2011-11-17,0.0,5.1,5.1
2011-11-18,3.6,2.1,2.0
2011-11-19,8.7,5.1,5.2
2011-11-20,1.5,1.7,1.7
2011-11-21,1.0,0.0,0.0
2011-11-22,0.0,1.0,2.0
2011-11-23,2.0,0.1,0.0
2011-11-24,0.0,0.1,0.0
2011-11-25,1.0,0.6,0.0
2011-11-26,1.5,0.0,0.0
2011-11-27,0.0,0.0,0.0
2011-11-28,0.0,11.7,11.4
2011-11-29,36.6,7.5,7.7
2011-11-30,3.0,0.7,0.0
2011-12-01,0.0,0.0,0.0
2011-12-02,18.0,15.5,13.0
2011-12-03,21.0,41.5,53.2
2011-12-07,0.0,6.6,3.9
2011-12-08,3.5,17.8,15.3
2011-12-09,0.0,0.5,0.0
2011-12-10,0.0,2.4,1.0
2011-12-11,0.0,3.5,2.3
2011-12-12,1.2,9.6,9.4
2011-12-13,6.5,3.1,1.9
2011-12-14,50.0,9.0,8.7
2011-12-15,8.5,3.1,1.8
2011-12-16,11.4,10.8,10.9
2011-12-17,4.0,16.6,18.6
2011-12-18,29.0,29.4,38.4
2011-12-19,30.0,23.2,27.7
2011-12-20,30.0,0.0,0.0
2011-12-22,17.6,22.5,21.9
2011-12-23,0.0,4.6,3.3
2011-12-24,5.0,6.2,4.9
2011-12-25,0.0,2.3,1.1
2011-12-26,0.0,1.1,0.0
2011-12-27,39.0,51.1,58.5
2011-12-28,1.0,6.1,4.8
2011-12-30,2.8,29.5,29.6
2011-12-31,0.0,17.3,15.9
2012-01-01,0.6,4.5,3.6
2012-01-02,0.0,1.6,1.1
2012-01-03,0.7,0.1,0.0
2012-01-05,2.6,15.2,13.4
2012-01-06,28.2,9.7,8.3
2012-01-07,5.5,1.6,1.1
2012-01-08,2.1,0.2,0.0
2012-01-09,1.2,0.5,0.0
2012-01-10,0.0,0.6,0.0
2012-01-11,2.0,0.9,0.0
2012-01-13,3.2,0.0,0.0
2012-01-14,41.5,24.3,18.8
2012-01-15,0.0,38.1,33.5
2012-01-16,0.0,4.7,3.2
2012-01-17,0.6,8.6,6.4
2012-01-18,9.0,4.6,3.2
2012-01-19,26.6,79.7,71.3
2012-01-20,2.0,5.7,4.0
2012-01-21,0.0,2.3,1.6
2012-01-22,41.0,61.2,55.8
2012-01-23,27.0,32.3,30.9
2012-01-24,52.6,25.6,19.8
2012-01-25,0.6,0.6,0.0
2012-01-28,22.5,9.2,7.2
2012-01-30,1.0,0.3,0.0
2012-01-31,0.0,0.1,0.0
2012-02-01,0.0,1.0,0.0
2012-02-02,0.0,0.1,0.0
2012-02-03,0.0,0.5,0.0
2012-02-04,4.5,21.1,24.0
2012-02-05,0.0,0.0,0.0
2012-02-06,0.0,0.0,0.0
2012-02-07,4.6,0.1,0.0
2012-02-08,2.7,0.1,0.0
2012-02-09,41.0,40.6,50.9
2012-02-10,28.0,6.5,4.4
2012-02-11,0.0,2.7,1.4
2012-02-13,11.0,3.2,2.0
2012-02-14,4.5,33.6,36.8
2012-02-15,2.7,8.6,7.4
2012-02-16,1.5,8.6,7.4
2012-02-17,6.5,27.2,28.1
2012-02-18,0.0,3.0,1.7
2012-02-20,6.7,10.3,9.2
2012-02-22,0.0,0.2,0.0
2012-02-23,5.0,1.0,0.0
2012-02-26,1.5,0.0,0.0
2012-02-28,11.5,17.1,19.7
2012-02-29,14.5,20.1,23.6
2012-03-01,0.0,0.4,0.0
2012-03-02,0.0,1.4,1.0
2012-03-03,0.0,4.2,2.6
2012-03-04,0.0,4.3,2.7
2012-03-05,0.0,5.9,4.0
2012-03-06,0.0,1.3,0.0
2012-03-07,0.0,1.4,1.0
2012-03-08,0.0,35.4,30.6
2012-03-09,0.0,7.8,5.5
2012-03-10,0.0,0.2,0.0
2012-03-11,0.0,5.5,5.1
2012-03-12,0.0,7.4,7.2
2012-03-13,0.0,4.8,4.4
2012-03-14,0.0,0.5,0.0
2012-03-15,0.0,0.2,0.0
2012-03-16,0.0,0.9,0.0
2012-03-17,0.0,8.2,8.1
2012-03-18,0.0,3.7,3.2
2012-03-19,0.0,39.7,45.9
2012-03-20,0.0,24.8,28.3
2012-03-21,0.0,10.0,5.2
2012-03-22,0.0,4.6,1.4
2012-03-23,0.0,0.0,0.0
2012-03-24,0.0,0.0,0.0
2012-03-25,0.0,0.0,0.0
2012-03-26,0.0,0.0,0.0
2012-03-27,0.0,5.4,1.9
2012-03-28,0.0,7.4,3.3
2012-03-29,0.0,0.0,0.0
2012-03-30,0.0,0.1,0.0
2012-03-31,0.0,4.8,1.5
2012-04-01,5.0,16.1,12.8
2012-04-02,0.0,0.0,0.0
2012-04-03,14.0,7.9,6.7
2012-04-04,7.0,0.5,0.0
2012-04-05,43.5,0.5,0.0
2012-04-06,13.5,7.5,6.4
2012-04-07,0.0,0.8,0.0
2012-04-08,25.0,23.2,16.4
2012-04-09,1.0,2.7,2.8
2012-04-10,5.5,7.5,6.4
2012-04-11,60.5,25.8,24.3
2012-04-12,27.6,33.0,33.2
2012-04-13,2.6,0.0,0.0
2012-04-14,1.5,2.5,1.0
2012-04-15,2.0,0.1,0.0
2012-04-16,25.0,23.6,21.2
2012-04-17,17.5,4.7,3.0
2012-04-18,42.0,14.3,12.8
2012-04-19,25.0,7.3,5.6
2012-04-20,3.0,0.1,0.0
2012-04-21,24.5,3.1,2.2
2012-04-22,16.0,21.3,21.3
2012-04-23,16.0,42.3,45.6
2012-04-25,8.5,1.8,1.0
2012-04-26,1.0,18.1,18.4
2012-04-27,0.0,10.5,10.0
2012-04-28,0.0,1.3,1.0
2012-04-29,0.0,25.8,26.7
2012-04-30,19.0,14.4,14.2
2012-05-02,17.5,30.4,32.3
2012-05-03,3.2,24.0,23.8
2012-05-04,8.5,30.2,32.2
2012-05-05,15.4,16.7,12.7
2012-05-06,0.0,0.9,0.0
2012-05-07,27.0,38.0,42.9
2012-05-08,21.0,24.9,25.1
2012-05-09,2.4,10.8,6.9
2012-05-10,1.5,12.1,8.1
2012-05-11,0.0,3.1,2.3
2012-05-12,0.0,0.6,0.0
2012-05-13,1.0,4.5,3.6
2012-05-14,0.0,2.1,1.3
2012-05-15,0.0,3.6,2.7
2012-05-16,0.0,9.5,8.1
2012-05-17,0.0,4.9,3.9
2012-05-19,20.0,4.1,3.1
2012-05-20,1.0,3.1,2.3
2012-05-21,0.0,0.2,0.0
2012-05-22,0.0,3.1,1.0
2012-05-23,0.0,0.0,0.0
2012-05-24,0.0,7.6,5.3
2012-05-25,2.2,27.6,33.7
2012-05-26,0.0,6.2,3.8
2012-05-27,17.4,47.2,66.9
2012-05-28,2.0,10.7,8.7
2012-05-29,0.0,7.3,4.9
2012-05-30,0.0,1.9,0.0
2012-06-01,5.0,6.9,6.6
2012-06-02,1.9,3.9,3.9
2012-06-03,0.0,0.2,0.0
2012-06-04,0.0,1.8,2.1
2012-06-05,0.0,0.4,0.0
2012-06-06,4.6,17.0,16.0
2012-06-07,0.0,2.8,2.9
2012-06-08,0.0,2.1,2.3
2012-06-09,5.5,16.3,15.6
2012-06-10,3.2,8.0,7.7
2012-06-12,0.0,0.5,0.0
2012-06-13,0.0,0.0,0.0
2012-06-14,0.0,0.0,0.0
2012-06-15,0.0,0.0,0.0
2012-06-16,0.0,0.0,0.0
2012-06-17,0.0,0.0,0.0
2012-06-18,0.0,0.0,0.0
2012-06-19,0.0,0.0,0.0
2012-06-20,0.0,1.1,0.0
2012-06-21,1.0,7.3,4.2
2012-06-22,0.0,1.5,0.0
2012-06-23,0.0,0.1,0.0
2012-06-24,0.0,0.9,0.0
2012-06-25,0.0,2.3,0.0
2012-06-26,0.0,7.0,3.8
2012-06-27,0.0,5.6,2.2
2012-06-28,0.0,5.6,2.2
2012-06-30,2.2,13.1,12.0
2012-07-02,0.0,4.1,1.5
2012-07-03,1.5,6.6,3.9
2012-07-04,38.5,9.1,6.4
2012-07-05,0.0,0.0,0.0
2012-07-06,11.7,14.5,12.2
2012-07-07,6.7,16.0,13.9
2012-07-08,2.6,15.5,13.9
2012-07-09,2.0,4.5,1.8
2012-07-10,10.4,10.7,8.1
2012-07-12,5.0,2.1,1.0
2012-07-13,1.2,3.2,1.6
2012-07-14,42.5,6.6,5.7
2012-07-15,17.0,110.6,86.8
2012-07-16,22.7,29.0,44.8
2012-07-17,15.5,12.7,13.6
2012-07-18,5.5,3.7,2.1
2012-07-19,4.2,11.2,11.9
2012-07-20,0.0,2.6,1.0
2012-07-21,3.0,6.6,4.5
2012-07-22,2.0,0.4,0.0
2012-07-23,1.0,4.1,1.4
2012-07-24,1.0,10.7,10.1
2012-07-26,0.0,1.1,0.0
2012-07-27,0.0,0.4,0.0
2012-07-28,0.0,0.2,0.0
2012-07-29,0.0,2.4,0.0
2012-07-30,0.0,0.0,0.0
2012-07-31,0.0,0.1,0.0
2012-08-01,0.0,0.2,0.0
2012-08-02,0.0,0.1,0.0
2012-08-03,0.0,0.2,0.0
2012-08-04,0.0,5.8,3.4
2012-08-06,1.4,15.8,15.3
2012-08-07,2.0,12.0,10.6
2012-08-08,0.0,0.4,0.0
2012-08-09,39.5,5.2,2.7
2012-08-10,0.2,2.4,0.0
2012-08-11,52.0,17.7,19.4
2012-08-12,1.6,2.5,1.1
2012-08-13,0.0,2.0,1.0
2012-08-14,1.0,8.1,7.1
2012-08-15,3.8,11.9,11.9
2012-08-16,12.8,26.7,36.6
2012-08-17,1.5,5.5,4.2
2012-08-18,12.6,4.2,2.8
2012-08-20,4.2,16.4,18.2
2012-08-21,7.0,5.4,3.3
2012-08-22,32.5,43.8,36.0
2012-08-23,2.5,5.1,3.1
2012-08-24,9.0,3.7,2.0
2012-08-25,63.0,50.7,42.5
2012-08-27,16.0,10.4,7.3
2012-08-28,10.0,3.0,1.4
2012-08-29,12.9,5.1,3.1
2012-08-30,11.0,38.0,30.7
2012-08-31,5.7,5.0,3.0
2012-09-01,0.0,0.1,0.0
2012-09-02,0.0,0.0,0.0
2012-09-03,0.0,0.0,0.0
2012-09-04,4.0,22.1,22.8
2012-09-05,11.2,1.3,1.0
2012-09-06,15.0,0.1,0.0
2012-09-07,4.0,10.0,8.2
2012-09-08,1.5,17.1,15.3
2012-09-09,3.6,7.9,6.2
2012-09-10,0.0,1.7,1.0
2012-09-11,0.0,0.9,0.0
2012-09-12,0.0,0.4,0.0
2012-09-13,0.0,1.9,0.0
2012-09-14,1.6,6.3,3.6
2012-09-15,0.0,1.7,0.0
2012-09-16,0.0,0.9,0.0
2012-09-17,0.0,0.0,0.0
2012-09-18,0.0,11.0,8.8
2012-09-19,0.0,15.1,13.4
2012-09-20,0.0,2.7,0.0
2012-09-21,0.0,0.2,0.0
2012-09-22,22.0,17.8,11.7
2012-09-23,0.0,1.2,0.0
2012-09-24,0.0,0.6,0.0
2012-09-25,0.0,1.9,0.0
2012-09-26,0.0,0.0,0.0
2012-09-27,4.5,3.5,0.0
2012-09-28,0.0,0.0,0.0
2012-09-29,5.8,17.0,11.1
2012-09-30,0.0,0.2,0.0
2012-10-01,2.9,13.6,16.9
2012-10-02,0.0,2.2,1.0
2012-10-03,0.0,0.0,0.0
2012-10-04,0.0,0.7,0.0
2012-10-05,0.0,0.0,0.0
2012-10-06,0.0,1.8,1.0
2012-10-07,3.8,28.2,46.3
2012-10-08,4.0,21.2,30.8
2012-10-09,2.0,14.8,18.9
2012-10-10,0.0,3.3,2.4
2012-10-11,0.0,1.3,0.0
2012-10-12,14.5,8.6,8.1
2012-10-13,54.2,0.3,0.0
2012-10-14,4.8,4.0,2.3
2012-10-15,17.5,6.3,5.1
2012-10-16,1.0,13.6,14.7
2012-10-17,0.0,0.9,0.0
2012-10-18,1.5,0.6,0.0
2012-10-19,3.5,11.5,12.1
2012-10-20,0.0,2.5,1.0
2012-10-21,9.0,0.1,0.0
2012-10-22,4.0,9.3,6.8
2012-10-23,1.5,1.1,0.0
2012-10-24,2.2,9.2,6.7
2012-10-25,2.2,4.6,2.6
2012-10-26,40.5,42.3,62.3
2012-10-27,10.0,1.1,0.0
2012-10-28,0.0,5.0,2.9
2012-10-29,0.0,0.0,0.0
2012-10-30,0.0,0.0,0.0
2012-10-31,0.0,0.0,0.0
2012-11-01,0.0,1.5,0.0
2012-11-02,13.4,21.3,18.2
2012-11-03,3.0,7.6,5.5
2012-11-04,16.2,4.0,2.2
2012-11-05,34.0,61.2,70.7
2012-11-06,13.5,15.2,12.6
2012-11-07,2.5,27.0,23.5
2012-11-08,14.8,12.5,10.0
2012-11-09,25.0,4.0,2.2
2012-11-10,1.0,4.5,2.7
2012-11-11,3.5,31.7,41.9
2012-11-12,0.0,0.1,0.0
2012-11-13,3.0,12.5,13.0
2012-11-14,2.6,0.0,0.0
2012-11-15,29.8,41.2,54.7
2012-11-16,6.5,7.9,8.0
2012-11-17,35.5,0.9,0.0
2012-11-18,8.5,0.2,0.0
2012-11-19,10.5,10.6,11.0
2012-11-20,23.5,28.9,37.4
2012-11-21,7.9,37.3,37.7
2012-11-22,15.9,13.9,13.5
2012-11-23,0.0,0.3,0.0
2012-11-24,4.0,1.1,2.0
2012-11-25,0.0,0.3,0.0
2012-11-26,1.4,0.0,0.0
2012-11-27,2.5,0.5,0.0
2012-11-28,1.5,0.0,0.0
2012-11-29,0.0,3.0,3.7
2012-11-30,0.0,0.0,0.0
2012-12-01,0.0,0.0,0.0
2012-12-02,2.8,0.0,0.0
2012-12-03,2.0,0.0,0.0
2012-12-05,0.0,13.7,11.1
2012-12-06,5.8,12.8,10.1
2012-12-07,24.0,0.0,0.0
2012-12-08,1.5,9.2,6.4
2012-12-09,1.0,28.0,30.8
2012-12-10,2.9,7.2,4.5
2012-12-11,0.0,12.6,13.2
2012-12-12,0.0,0.0,0.0
2012-12-13,2.1,7.8,7.2
2012-12-14,27.0,11.2,11.4
2012-12-15,0.0,1.8,1.0
2012-12-16,0.0,0.0,0.0
2012-12-17,0.0,0.0,0.0
2012-12-18,0.0,0.0,0.0
2012-12-19,0.0,1.2,1.0
2012-12-20,0.0,1.2,1.0
2012-12-21,32.5,4.8,3.6
2012-12-22,34.4,0.2,0.0
2012-12-23,6.0,2.4,1.2
2012-12-24,0.0,0.0,0.0
2012-12-25,1.4,0.0,0.0
2012-12-26,53.2,43.2,48.0
2012-12-27,7.5,31.5,33.3
2012-12-29,0.0,3.0,1.8
2012-12-30,7.2,0.0,0.0
2012-12-31,0.0,1.4,1.0
2013-10-01,7.0,2.5,1.3
2013-10-04,0.3,14.7,18.8
2013-10-05,8.5,1.5,1.0
2013-10-07,0.0,4.5,3.8
2013-10-08,2.1,0.0,0.0
2013-10-09,0.4,0.2,0.0
2013-10-10,1.5,2.6,1.5
2013-10-13,0.5,16.7,19.1
2013-10-14,12.7,3.2,1.4
2013-10-15,4.2,0.1,0.0
2013-10-16,13.4,105.9,89.6
2013-10-17,12.7,0.0,0.0
2013-10-21,7.6,0.1,0.0
2013-10-22,29.5,10.2,7.8
2013-10-23,3.1,13.7,11.4
2013-10-24,4.2,0.0,0.0
2013-10-26,0.7,3.1,1.5
2013-10-29,2.4,3.5,1.8
2013-10-30,0.2,2.7,1.2
2013-11-01,10.0,0.5,0.0
2013-11-03,2.0,0.2,0.0
2013-11-04,23.5,6.6,4.6
2013-11-05,2.5,15.2,12.6
2013-11-07,0.2,14.3,11.7
2013-11-10,12.4,0.1,0.0
2013-11-11,0.5,4.1,4.1
2013-11-13,41.4,9.9,10.1
2013-11-14,3.2,1.1,1.2
2013-11-17,7.5,0.3,0.0
2013-11-19,22.1,8.2,8.4
2013-11-20,2.4,0.0,0.0
2013-11-22,39.1,40.8,42.9
2013-11-23,10.5,27.1,24.6
2013-11-24,10.5,15.6,15.0
2013-11-25,6.4,0.9,0.0
2013-11-26,11.4,1.6,2.5
2013-11-28,7.7,22.9,19.4
2013-11-29,5.0,0.0,0.0
2013-12-01,5.7,0.6,0.0
2014-06-27,0.0,0.5,0.0
2014-06-28,13.5,6.0,2.6
2014-06-29,1.2,5.5,2.1
2014-06-30,0.0,0.6,0.0
2014-07-02,12.6,0.6,0.0
2014-07-05,1.0,1.1,0.0
2014-07-08,29.1,2.6,1.0
2014-07-11,3.5,3.2,1.6
2014-07-12,1.4,0.1,0.0
2014-07-13,0.0,0.5,0.0
2014-07-16,2.7,3.5,1.9
2014-07-18,1.1,0.6,0.0
2014-07-20,1.7,0.4,0.0
2014-08-06,1.5,0.0,0.0
2014-09-01,1.3,14.4,12.5
2014-09-02,8.3,15.0,12.9
2014-09-03,10.0,10.2,8.4
2014-09-06,0.5,6.9,5.3
2014-09-07,1.2,21.6,19.6
2014-09-08,2.4,3.0,1.8
2014-09-10,2.4,17.3,15.3
2014-09-11,2.5,13.4,11.4
2014-09-13,33.0,19.0,20.5
2014-09-14,1.0,4.5,1.6
2014-09-15,0.8,22.4,25.7
2014-09-16,13.9,9.3,6.9
2014-09-21,1.2,1.3,0.0
2014-09-23,6.5,0.0,0.0
2014-09-26,13.0,1.8,0.0
2014-09-28,1.5,16.7,10.7
2014-09-29,4.9,8.6,3.6
2014-10-01,18.3,0.8,0.0
2014-10-03,0.0,0.7,0.0
2014-10-05,0.0,3.9,3.1
2014-10-08,0.0,0.0,0.0
2014-10-09,4.5,0.0,0.0
2014-10-10,1.5,0.4,0.0
2014-10-11,0.4,2.6,1.0
2014-10-14,51.3,2.8,1.0
2014-10-17,4.7,0.0,0.0
2014-10-29,10.4,16.0,13.8
2014-10-30,3.6,32.8,35.9
2014-11-02,10.3,5.2,3.3
2014-11-03,1.0,5.8,3.8
2014-11-05,36.0,21.6,18.3
2014-11-06,13.3,12.3,9.9
2014-11-07,10.4,5.0,3.1
2014-11-09,15.5,9.2,7.0
2014-11-10,3.1,7.1,5.1
2014-11-12,31.5,17.1,18.2
2014-11-13,40.6,17.6,19.1
2014-11-14,20.3,4.6,4.6
2014-11-16,3.9,1.0,1.0
2014-11-17,2.0,0.0,0.0
2014-11-20,0.2,0.5,0.0
2014-11-22,1.0,0.0,0.0
2014-11-23,1.5,8.9,8.9
2014-11-24,13.4,0.0,0.0
2014-11-27,1.5,2.7,3.4
2014-11-28,40.0,22.2,19.4
2014-11-29,34.3,10.4,10.3
2014-11-30,0.0,4.6,5.1
2014-12-01,2.5,7.2,4.6
2014-12-02,8.0,0.0,0.0
2014-12-03,0.0,19.4,17.0
2014-12-04,5.5,7.3,4.7
2014-12-06,14.9,8.1,5.4
2014-12-08,0.0,4.8,2.3
2014-12-09,0.0,2.4,1.0
2014-12-10,0.0,0.0,0.0
2014-12-13,0.0,0.0,0.0
2014-12-14,0.0,0.0,0.0
2014-12-16,0.0,0.6,0.0
2014-12-17,0.0,16.3,18.0
2014-12-18,19.1,7.8,7.3
2014-12-19,30.3,3.0,1.7
2014-12-21,36.5,57.1,66.6
2014-12-23,4.1,0.2,0.0
2014-12-27,3.0,5.3,4.1
2014-12-29,94.4,3.1,1.9
2014-12-30,4.2,0.0,0.0
2015-01-02,10.0,15.7,13.7
2015-01-04,8.0,1.7,1.1
2015-01-06,13.9,28.5,24.9
2015-01-07,13.0,15.0,13.3
2015-01-10,4.5,1.3,1.0
2015-01-12,0.8,23.1,18.0
2015-01-27,1.9,0.0,0.0
2015-02-01,9.4,4.4,2.3
2015-02-02,0.0,0.9,0.0
2015-02-03,0.0,18.0,20.1
2015-02-04,39.5,8.7,6.5
2015-02-05,4.5,1.2,0.0
2015-02-06,11.5,2.1,0.0
2015-02-07,2.6,1.3,0.0
2015-02-10,9.5,11.0,8.8
2015-02-11,17.4,11.4,10.3
2015-02-12,11.7,10.8,9.5
2015-02-14,0.6,2.1,1.0
2015-02-16,0.0,1.3,0.0
2015-02-17,0.5,0.6,0.0
2015-02-18,0.0,0.0,0.0
2015-02-20,0.0,0.0,0.0
2015-02-23,0.0,0.0,0.0
2015-02-24,0.0,0.4,0.0
2015-02-25,0.0,0.1,0.0
2015-02-26,0.0,0.1,0.0
2015-02-27,0.0,4.4,3.9
2015-03-01,0.0,4.2,2.6
2015-03-02,0.0,8.2,5.9
2015-03-03,0.0,3.3,1.9
2015-03-04,0.0,4.8,3.1
2015-03-05,5.0,2.7,1.4
2015-03-06,1.5,20.9,17.0
2015-03-07,13.2,32.2,26.8
2015-03-08,5.5,0.0,0.0
2015-03-10,0.0,0.0,0.0
2015-03-12,0.0,0.0,0.0
2015-03-13,0.0,0.0,0.0
2015-03-15,5.0,3.8,3.2
2015-03-16,0.0,0.8,0.0
2015-03-18,0.0,0.0,0.0
2015-03-19,0.0,0.0,0.0
2015-03-20,0.0,8.6,8.6
2015-03-22,3.9,3.4,1.0
2015-03-25,2.7,0.0,0.0
2015-03-26,0.0,0.0,0.0
2015-03-28,0.2,3.2,1.0
2015-03-29,2.5,0.7,0.0
2015-04-02,0.1,7.3,6.3
2015-04-04,38.8,0.5,0.0
2015-04-05,3.0,2.6,2.7
2015-04-06,5.2,0.0,0.0
2015-04-09,0.0,15.8,12.9
2015-04-10,48.0,6.7,5.8
2015-04-13,0.0,11.1,9.3
2015-04-15,1.0,0.3,0.0
2015-04-16,0.6,3.8,2.2
2015-04-20,0.2,9.9,8.1
2015-04-22,27.0,0.8,0.0
2015-04-27,9.5,3.1,2.2
2015-04-28,0.0,6.6,6.0
2015-04-30,0.0,47.0,50.5
2015-05-01,36.5,14.3,10.4
2015-05-02,9.1,4.3,1.0
2015-05-03,24.8,3.6,1.0
2015-05-04,19.5,2.7,0.0
2015-05-05,5.5,14.0,10.0
2015-05-08,7.6,6.6,3.0
2015-05-11,23.1,3.4,2.6
2015-05-12,0.8,0.0,0.0
2015-05-13,0.0,2.6,1.7
2015-05-14,0.0,2.5,1.7
2015-05-15,33.5,20.1,17.9
2015-05-16,27.1,0.8,0.0
2015-05-17,0.0,3.8,2.9
2015-05-18,0.0,38.6,37.1
2015-05-19,5.6,25.0,22.2
2015-05-20,4.3,2.9,2.1
2015-05-21,3.0,9.6,7.5
2015-05-22,18.0,0.0,0.0
2015-05-23,16.5,3.1,1.0
2015-05-24,14.0,26.2,30.9
2015-05-25,69.3,15.7,14.5
2015-05-26,1.6,7.1,4.7
2015-05-27,1.8,14.1,12.5
2015-05-28,2.4,8.7,6.4
2015-05-29,1.0,6.6,4.2
2015-05-30,1.6,0.0,0.0
2015-05-31,0.0,3.6,1.2
2015-06-01,2.0,4.7,4.7
2015-06-02,2.3,0.0,0.0
2015-06-04,0.3,0.0,0.0
2015-06-06,0.0,0.0,0.0
2015-06-07,0.6,0.0,0.0
2015-06-09,2.6,13.6,13.4
2015-06-10,5.0,0.0,0.0
2015-06-12,1.7,2.6,1.0
2015-06-13,6.6,4.1,2.1
2015-06-14,18.0,10.7,8.8
2015-06-15,4.7,21.6,18.5
2015-06-16,4.5,22.4,19.9
2015-06-17,32.0,10.6,8.6
2015-06-18,1.4,0.4,0.0
2015-06-19,0.0,3.4,1.5
2015-06-22,0.0,0.3,0.0
2015-06-24,0.0,10.6,8.3
2015-06-25,0.0,0.1,0.0
2015-06-26,0.0,2.2,0.0
2015-06-27,0.0,7.2,4.0
2015-06-28,0.0,11.4,9.3
2015-06-30,0.0,0.0,0.0
2015-07-01,0.0,2.6,1.0
2015-07-02,0.0,1.3,0.0
2015-07-03,0.0,0.1,0.0
2015-07-04,0.0,0.8,0.0
2015-07-05,1.3,0.0,0.0
2015-07-06,0.0,0.0,0.0
2015-07-07,0.0,0.0,0.0
2015-07-08,0.0,1.1,0.0
2015-07-09,1.5,0.8,0.0
2015-07-10,0.5,17.4,15.3
2015-07-11,1.1,0.3,0.0
2015-07-14,8.0,8.1,7.6
2015-07-15,48.6,0.0,0.0
2015-07-16,1.5,0.0,0.0
2015-07-17,0.0,0.0,0.0
2015-07-19,0.0,0.0,0.0
2015-07-21,0.0,0.0,0.0
2015-07-22,0.0,0.0,0.0
2015-07-24,0.0,0.0,0.0
2015-07-27,0.0,0.1,0.0
2015-07-28,9.5,17.5,23.8
2015-07-29,167.0,6.4,4.3
2015-07-30,5.0,0.4,0.0
2015-07-31,3.5,10.7,10.0
2015-08-01,34.1,0.4,0.0
2015-08-02,2.7,1.4,0.0
2015-08-06,1.6,1.8,0.0
2015-08-07,1.0,1.6,0.0
2015-08-09,0.2,1.1,0.0
2015-08-11,0.0,0.0,0.0
2015-08-12,0.0,0.9,0.0
2015-08-13,0.0,0.5,0.0
2015-08-14,3.2,0.9,0.0
2015-08-17,0.0,4.2,2.8
2015-08-19,5.0,2.0,1.0
2015-08-20,1.5,1.3,1.0
2015-08-21,0.0,0.0,0.0
2015-08-23,0.0,2.4,1.0
2015-08-24,0.0,10.1,7.1
2015-08-25,45.2,0.0,0.0
2015-08-28,0.2,3.6,1.9
2015-08-29,1.2,5.6,3.5
2015-08-30,1.7,4.0,2.2
2015-09-03,5.2,0.0,0.0
2015-09-05,0.0,9.9,8.1
2015-09-06,4.6,9.5,7.7
2015-09-11,5.0,14.7,12.9
2015-09-19,1.0,3.1,1.0
2015-09-21,0.0,0.6,0.0
2015-09-26,0.0,3.3,0.0
2015-10-01,0.0,0.0,0.0
2015-10-03,14.4,16.6,21.3
2015-10-06,0.0,0.2,0.0
2015-10-07,1.5,1.9,1.0
2015-10-09,11.3,8.6,9.6
2015-10-10,0.5,47.7,83.1
2015-10-12,29.3,11.4,11.9
2015-10-13,3.3,0.2,0.0
2015-10-14,6.6,1.4,0.0
2015-10-17,2.5,0.1,0.0
2015-10-18,0.0,0.1,0.0
2015-10-22,0.0,2.6,1.1
2015-10-24,70.8,0.0,0.0
2015-10-26,0.9,3.9,2.1
2015-10-30,9.4,0.8,0.0
2015-11-01,0.0,2.0,1.0
2015-11-02,2.5,16.0,13.3
2015-11-03,30.6,34.1,31.6
2015-11-04,98.6,7.9,5.9
2015-11-06,0.0,1.9,1.0
2015-11-07,13.8,17.5,15.0
2015-11-08,2.6,6.8,4.8
2015-11-09,4.5,23.7,20.3
2015-11-10,21.6,25.7,22.2
2015-11-11,11.5,4.0,4.0
2015-11-12,1.2,0.0,0.0
2015-11-13,1.2,7.1,7.2
2015-11-14,5.6,0.0,0.0
2015-11-15,2.0,7.6,7.8
2015-11-16,14.7,4.2,4.1
2015-11-17,0.3,1.5,1.5
2015-11-18,5.6,3.4,3.4
2015-11-20,8.6,1.1,1.1
2015-11-21,3.2,2.0,2.8
2015-11-22,25.0,0.0,0.0
2015-11-23,2.0,51.8,61.1
2015-11-24,78.6,83.8,109.6
2015-11-25,41.0,0.3,0.0
2015-11-26,3.6,5.3,5.7
2015-11-27,12.0,0.0,0.0
2015-11-28,0.0,2.6,3.3
2015-11-29,0.5,0.6,0.0
2015-11-30,0.9,0.0,0.0
2015-12-01,1.5,0.7,0.0
2015-12-02,13.4,5.1,2.6
2015-12-03,2.2,0.1,0.0
2015-12-06,10.4,1.1,0.0
2015-12-07,1.0,0.0,0.0
2015-12-10,0.5,50.5,62.1
2015-12-11,54.3,18.0,20.3
2015-12-13,0.9,7.4,6.7
2015-12-14,45.2,30.1,40.1
2015-12-15,27.2,2.9,1.6
2015-12-16,0.5,10.3,10.3
2015-12-17,9.5,29.9,39.3
2015-12-18,41.1,25.5,31.5
2015-12-19,13.4,11.4,11.7
2015-12-20,13.7,4.6,3.4
2015-12-21,17.0,2.0,1.0
2015-12-23,7.3,0.0,0.0
2015-12-24,0.0,0.1,0.0
2015-12-27,0.8,0.0,0.0
2015-12-28,0.0,0.0,0.0
2015-12-30,0.4,0.0,0.0
2016-01-03,0.0,8.7,7.4
2016-01-04,1.8,0.0,0.0
2016-01-05,3.2,0.0,0.0
2016-01-06,0.0,3.7,2.9
2016-01-07,1.0,0.2,0.0
2016-01-08,3.6,0.0,0.0
2016-01-09,1.0,0.2,0.0
2016-01-10,0.8,0.0,0.0
2016-01-12,0.0,0.0,0.0
2016-01-14,0.0,0.0,0.0
2016-01-15,1.0,0.0,0.0
2016-01-19,0.0,0.0,0.0
2016-01-20,1.0,15.0,11.4
2016-01-21,5.6,2.8,2.1
2016-01-22,0.5,0.0,0.0
2016-01-23,0.0,0.0,0.0
2016-01-24,0.0,0.5,0.0
2016-01-25,0.0,1.3,1.0
2016-01-26,1.5,4.6,3.5
2016-01-27,0.5,0.0,0.0
2016-01-29,0.0,0.0,0.0
2016-01-30,0.0,0.0,0.0
2016-02-01,0.0,0.0,0.0
2016-02-02,0.0,0.0,0.0
2016-02-04,0.0,0.0,0.0
2016-02-05,0.0,0.0,0.0
2016-02-07,4.0,2.7,1.0
2016-02-08,1.1,1.9,0.0
2016-02-09,3.1,0.3,0.0
2016-02-11,0.0,0.0,0.0
2016-02-12,0.8,12.6,11.3
2016-02-13,3.4,1.5,1.0
2016-02-14,0.0,0.6,0.0
2016-02-15,0.9,14.1,12.8
2016-02-16,0.8,0.8,0.0
2016-02-17,0.0,2.6,1.3
2016-02-18,1.3,0.0,0.0
2016-02-19,0.8,0.0,0.0
2016-02-20,1.6,0.0,0.0
2016-02-21,0.0,0.0,0.0
2016-02-22,1.0,0.0,0.0
2016-02-23,0.0,1.0,0.0
2016-02-25,4.0,0.9,0.0
2016-02-26,0.0,0.0,0.0
2016-02-27,0.0,0.0,0.0
2016-02-28,0.0,0.0,0.0
2016-02-29,4.5,0.1,0.0
2016-03-01,1.5,0.0,0.0
2016-03-02,0.0,6.7,4.6
2016-03-03,6.2,10.2,7.4
2016-03-05,3.5,0.0,0.0
2016-03-06,0.0,0.0,0.0
2016-03-07,2.6,0.0,0.0
2016-03-08,0.0,0.0,0.0
2016-03-11,0.0,0.0,0.0
2016-03-12,0.0,0.0,0.0
2016-03-13,0.0,0.0,0.0
2016-03-14,2.3,1.3,1.0
2016-03-15,16.0,3.6,3.1
2016-03-16,14.0,0.0,0.0
2016-03-17,8.0,1.0,1.0
2016-03-18,1.8,0.0,0.0
2016-03-19,0.0,0.0,0.0
2016-03-20,0.0,0.0,0.0
2016-03-21,0.0,0.0,0.0
2016-03-22,3.4,0.0,0.0
2016-03-23,0.0,0.6,0.0
2016-03-24,0.0,2.8,1.0
2016-03-25,4.0,19.5,12.4
2016-03-26,6.5,1.8,0.0
2016-03-27,0.0,7.2,3.2
2016-03-28,1.7,0.0,0.0
2016-03-29,0.0,0.0,0.0
2016-03-30,0.0,2.4,0.0
2016-03-31,1.7,1.4,0.0
2016-04-01,0.0,0.0,0.0
2016-04-02,1.0,0.0,0.0
2016-04-04,0.8,19.4,15.8
2016-04-05,24.4,4.4,4.1
2016-04-06,1.5,0.3,0.0
2016-04-07,2.3,0.0,0.0
2016-04-08,3.4,0.0,0.0
2016-04-09,0.0,0.0,0.0
2016-04-11,16.6,21.4,19.5
2016-04-12,97.5,7.9,6.1
2016-04-13,54.5,42.6,45.6
2016-04-14,7.5,7.8,6.0
2016-04-15,6.2,4.8,3.1
2016-04-16,0.2,13.7,11.9
2016-04-17,6.2,1.5,1.0
2016-04-19,0.0,0.0,0.0
2016-04-20,0.0,0.0,0.0
2016-04-21,0.0,0.0,0.0
2016-04-22,0.0,1.2,1.0
2016-04-23,0.0,0.0,0.0
2016-04-24,0.0,0.0,0.0
2016-04-25,0.0,8.1,7.5
2016-04-26,0.3,0.0,0.0
2016-04-27,3.5,27.3,28.3
2016-04-28,47.2,7.6,7.0
2016-04-29,33.5,1.5,1.0
2016-04-30,1.9,0.0,0.0
2016-05-01,6.3,0.0,0.0
2016-05-02,1.2,0.0,0.0
2016-05-03,0.0,0.3,0.0
2016-05-06,1.0,1.9,0.0
2016-05-07,3.6,0.3,0.0
2016-05-08,0.0,2.8,0.0
2016-05-09,10.5,1.8,0.0
2016-05-10,1.5,0.3,0.0
2016-05-11,0.5,1.0,0.0
2016-05-13,0.8,15.0,13.2
2016-05-15,5.0,0.4,0.0
2016-05-16,0.0,9.2,7.8
2016-05-17,62.6,38.7,37.6
2016-05-18,54.2,23.5,21.3
2016-05-19,5.4,0.0,0.0
2016-05-20,1.5,0.0,0.0
2016-05-21,0.0,27.1,32.2
2016-05-22,0.0,10.6,8.6
2016-05-23,4.1,3.8,1.4
2016-05-24,1.5,12.2,10.4
2016-05-25,2.2,5.7,3.3
2016-05-26,0.0,0.4,0.0
2016-05-27,0.0,39.2,54.3
2016-05-28,8.2,0.8,0.0
2016-05-29,4.3,0.3,0.0
2016-05-30,1.7,6.9,4.5
2016-05-31,0.0,0.0,0.0
2016-06-01,1.8,38.7,41.1
2016-06-02,5.2,0.5,0.0
2016-06-03,14.0,17.1,16.4
2016-06-04,2.1,8.2,7.9
2016-06-06,9.5,18.6,18.8
2016-06-07,8.5,2.8,2.9
2016-06-08,1.3,14.2,13.5
2016-06-09,1.2,23.0,24.6
2016-06-10,4.5,25.2,27.6
2016-06-11,4.7,0.0,0.0
2016-06-12,0.0,6.8,4.7
2016-06-13,9.9,30.8,31.9
2016-06-14,16.8,7.7,5.7
2016-06-15,4.9,0.0,0.0
2016-06-16,0.1,0.0,0.0
2016-06-17,0.0,4.7,2.6
2016-06-18,2.3,3.5,1.5
2016-06-19,1.8,26.6,24.8
2016-06-20,18.2,2.5,1.0
2016-06-22,5.9,2.2,0.0
2016-06-23,0.0,5.0,1.6
2016-06-24,1.5,10.0,7.4
2016-06-25,3.3,5.2,1.8
2016-06-26,29.3,0.0,0.0
2016-06-27,0.0,5.3,1.9
2016-06-29,0.0,0.1,0.0
2016-06-30,0.0,4.1,1.0
2016-07-01,0.0,13.3,10.9
2016-07-02,4.3,13.5,11.0
2016-07-03,2.3,8.9,6.2
2016-07-07,0.4,2.4,1.0
2016-07-08,0.0,2.0,0.0
2016-07-10,0.0,10.1,7.4
2016-07-11,19.0,29.7,46.1
2016-07-12,5.5,10.3,10.5
2016-07-13,9.5,0.9,0.0
2016-07-14,4.7,7.5,6.8
2016-07-15,22.7,1.3,0.0
2016-07-16,1.5,7.0,6.1
2016-07-17,16.9,10.9,11.0
2016-07-18,0.1,0.2,0.0
2016-07-19,0.0,0.0,0.0
2016-07-20,0.0,2.6,1.0
2016-07-21,31.0,0.0,0.0
2016-07-22,0.1,1.1,0.0
2016-07-24,0.0,42.4,79.0
2016-07-25,26.8,5.3,2.8
2016-07-26,17.4,10.3,9.6
2016-07-27,8.8,5.1,2.6
2016-07-28,1.5,11.1,10.7
2016-07-31,1.5,0.4,0.0
2016-08-01,2.0,2.3,0.0
2016-08-02,1.0,0.0,0.0
2016-08-04,0.0,0.1,0.0
2016-08-05,0.0,8.7,6.7
2016-08-06,3.5,1.2,0.0
2016-08-08,0.0,0.0,0.0
2016-08-09,0.0,2.5,0.0
2016-08-10,0.0,0.6,0.0
2016-08-11,0.0,0.0,0.0
2016-08-13,2.5,9.5,8.8
2016-08-14,3.0,0.0,0.0
2016-08-16,2.4,7.1,6.0
2016-08-17,2.3,0.7,0.0
2016-08-18,0.0,9.3,8.6
2016-08-19,2.5,5.1,3.8
2016-08-20,2.1,3.1,1.7
2016-08-21,1.0,0.0,0.0
2016-08-24,0.0,5.6,3.5
2016-08-27,0.5,37.5,30.2
2016-08-28,58.5,21.8,16.5
2016-08-29,8.9,0.1,0.0
2016-08-31,0.0,0.0,0.0
2016-09-02,0.0,46.6,51.5
2016-09-03,7.5,18.8,16.5
2016-09-04,0.4,36.8,40.0
2016-09-05,6.8,21.7,19.3
2016-09-06,4.8,10.4,8.6
2016-09-07,8.5,0.0,0.0
2016-09-08,0.0,3.0,1.8
2016-09-09,26.9,11.5,9.6
2016-09-10,1.5,0.8,0.0
2016-09-12,0.0,47.9,60.8
2016-09-13,8.9,1.8,0.0
2016-09-15,1.8,9.7,7.3
2016-09-16,2.9,5.1,2.3
2016-09-20,0.0,29.8,37.1
2016-09-21,5.0,6.1,1.6
2016-09-22,16.8,56.8,67.0
2016-09-23,62.0,11.3,6.0
2016-09-24,10.4,7.0,2.3
2016-09-25,1.0,5.2,1.0
2016-09-27,1.0,6.6,2.0
2016-09-28,1.2,3.3,0.0
2016-09-29,1.5,33.3,35.1
2016-09-30,5.0,28.8,28.4
2016-10-01,7.2,12.0,14.5
2016-10-02,7.6,8.4,9.2
2016-10-03,4.3,0.8,0.0
2016-10-05,7.5,0.5,0.0
2016-10-07,4.3,3.3,2.3
2016-10-09,0.0,0.9,0.0
2016-10-10,0.5,0.1,0.0
2016-10-11,0.0,16.8,19.6
2016-10-12,1.0,1.3,0.0
2016-10-13,0.0,0.0,0.0
2016-10-14,0.0,8.6,8.2
2016-10-15,0.5,0.3,0.0
2016-10-17,0.2,6.4,5.2
2016-10-18,6.0,1.7,0.0
2016-10-19,1.0,6.7,5.7
2016-10-20,0.0,35.0,65.7
2016-10-21,7.0,0.9,0.0
2016-10-24,20.0,11.7,9.3
2016-10-25,72.7,6.3,4.1
2016-10-26,12.9,24.4,22.1
2016-10-27,10.5,25.1,23.2
2016-10-28,8.2,8.4,6.0
2016-10-29,8.4,8.8,6.4
2016-10-30,2.5,10.8,8.3
2016-10-31,4.2,0.6,0.0
2016-11-01,0.9,2.1,1.0
2016-11-02,7.5,1.1,0.0
2016-11-03,1.6,8.2,6.1
2016-11-04,0.0,0.1,0.0
2016-11-05,1.0,0.0,0.0
2016-11-06,7.7,4.3,2.5
2016-11-07,3.5,7.8,5.8
2016-11-08,1.5,0.6,0.0
2016-11-09,0.0,0.2,0.0
2016-11-10,8.5,1.1,0.0
2016-11-11,49.7,26.1,33.5
2016-11-12,12.4,23.3,28.5
2016-11-13,14.5,2.2,2.2
2016-11-14,6.3,0.0,0.0
2016-11-15,4.6,57.1,71.2
2016-11-16,73.5,0.8,0.0
2016-11-17,0.1,33.6,44.5
2016-11-18,47.0,2.9,2.9
2016-11-19,5.3,9.8,10.1
2016-11-20,10.5,0.3,0.0
2016-11-21,28.5,20.3,19.3
2016-11-22,19.0,2.5,3.2
2016-11-23,9.0,0.5,0.0
2016-11-24,3.0,2.7,3.4
2016-11-25,3.3,1.1,2.0
2016-11-26,1.0,2.9,3.6
2016-11-27,0.1,0.8,0.0
2016-11-29,36.1,1.9,2.7
2016-11-30,8.8,8.4,8.4
2016-12-01,3.0,2.3,1.0
2016-12-02,10.4,11.1,8.3
2016-12-03,38.4,22.8,18.6
2016-12-04,56.0,3.7,1.4
2016-12-05,1.0,6.3,3.7
2016-12-06,0.1,6.3,3.7
2016-12-07,1.0,9.8,7.1
2016-12-08,1.5,2.0,1.0
2016-12-09,1.0,0.6,0.0
2016-12-11,0.0,0.8,0.0
2016-12-12,0.8,0.8,0.0
2016-12-13,1.5,2.4,1.2
2016-12-14,0.0,16.2,17.6
2016-12-15,4.0,0.9,0.0
2016-12-16,0.0,24.9,30.3
2016-12-17,0.5,8.1,7.5
2016-12-18,8.6,20.1,22.4
2016-12-19,81.3,3.4,2.2
2016-12-20,4.2,7.7,7.1
2016-12-21,11.4,8.4,7.1
2016-12-23,0.3,0.4,0.0
2016-12-24,1.4,8.1,6.7
2016-12-25,33.2,0.8,0.0
2016-12-26,0.9,3.7,2.5
2016-12-27,2.1,69.7,83.6
2016-12-29,0.0,39.8,44.0
2016-12-30,34.5,12.0,10.6
2016-12-31,4.2,0.8,0.0
2017-01-01,0.0,1.2,1.0
2017-01-02,13.5,0.0,0.0
2017-01-03,0.1,11.7,10.1
2017-01-04,80.5,50.3,55.0
2017-01-05,79.5,35.1,33.0
2017-01-06,13.6,6.6,5.5
2017-01-07,0.1,3.2,2.5
2017-01-08,0.0,2.7,2.1
2017-01-09,0.0,0.0,0.0
2017-01-10,0.0,11.6,10.0
2017-01-11,0.1,12.7,9.6
2017-01-14,0.0,0.3,0.0
2017-01-15,0.0,23.1,17.6
2017-01-16,2.6,7.2,5.3
2017-01-17,0.2,10.0,7.5
2017-01-18,12.5,6.8,5.0
2017-01-19,16.6,1.3,1.0
2017-01-20,6.9,6.3,4.5
2017-01-21,26.4,9.9,7.8
2017-01-22,5.5,8.2,6.4
2017-01-23,7.0,0.4,0.0
2017-01-24,5.4,0.0,0.0
2017-01-25,2.5,5.5,4.3
2017-01-26,2.5,2.9,2.1
2017-01-27,0.3,0.2,0.0
2017-01-28,0.0,1.0,0.0
2017-01-30,0.0,34.6,34.2
2017-01-31,20.3,12.7,10.1
2017-02-01,2.8,35.2,43.5
2017-02-02,19.6,34.0,42.1
2017-02-04,3.0,2.9,1.0
2017-02-06,2.4,1.3,0.0
2017-02-08,0.0,0.0,0.0
2017-02-11,0.2,0.0,0.0
2017-02-12,0.0,0.0,0.0
2017-02-13,0.0,0.5,0.0
2017-02-14,0.0,0.0,0.0
2017-02-15,0.0,0.0,0.0
2017-02-16,0.0,24.1,24.1
2017-02-17,19.7,3.4,2.2
2017-02-18,11.5,26.3,27.0
2017-02-19,36.9,1.7,1.0
2017-02-20,0.5,0.0,0.0
2017-02-22,2.5,2.8,1.8
2017-02-24,1.2,5.2,4.9
2017-02-25,16.8,19.7,24.2
2017-02-27,8.4,7.5,8.1
2017-02-28,3.0,5.5,5.2
2017-03-01,1.7,0.0,0.0
2017-03-03,1.1,3.9,2.4
2017-03-05,8.0,18.8,14.2
2017-03-06,13.4,27.2,22.4
2017-03-07,27.5,0.8,0.0
2017-03-09,7.4,33.9,28.4
2017-03-10,3.6,7.4,5.2
2017-03-11,4.0,6.8,6.5
2017-03-12,2.2,21.3,25.0
2017-03-13,7.6,14.2,14.6
2017-03-14,11.0,0.3,0.0
2017-03-17,4.1,17.4,17.8
2017-03-18,26.7,0.0,0.0
2017-03-19,0.0,0.0,0.0
2017-03-20,3.4,38.7,44.8
2017-03-21,29.0,19.2,12.6
2017-03-22,16.5,0.0,0.0
2017-03-23,0.0,6.8,2.9
2017-03-24,5.8,0.0,0.0
2017-03-25,3.1,55.3,50.2
2017-03-28,1.4,7.4,3.3
2017-03-29,2.7,1.5,0.0
2017-03-30,1.6,8.7,4.3
2017-03-31,1.0,6.0,2.3
2017-04-02,13.1,13.7,11.7
2017-04-03,0.6,64.8,59.3
2017-04-04,19.5,2.0,2.3
2017-04-05,6.3,19.6,15.9
2017-04-06,23.8,14.9,12.1
2017-04-07,26.7,9.8,8.1
2017-04-08,10.0,0.0,0.0
2017-04-09,4.5,1.3,1.7
2017-04-11,9.0,6.4,4.7
2017-04-12,4.5,0.0,0.0
2017-04-14,0.0,0.0,0.0
2017-04-15,0.0,1.8,1.0
2017-04-16,8.0,0.0,0.0
2017-04-17,3.5,32.2,32.1
2017-04-20,21.0,4.1,2.4
2017-04-21,0.8,9.2,8.7
2017-04-23,7.0,10.4,10.0
2017-04-24,4.5,10.8,10.4
2017-04-25,4.5,7.1,6.5
2017-04-27,42.0,0.6,0.0
2017-05-01,0.0,3.0,0.0
2017-05-02,9.5,1.5,0.0
2017-05-03,26.0,1.7,0.0
2017-05-04,0.0,0.3,0.0
2017-05-05,0.0,10.7,6.9
2017-05-06,5.0,11.5,7.6
2017-05-07,10.4,22.4,21.4
2017-05-08,43.7,4.0,1.0
2017-05-09,0.5,40.3,46.5
2017-05-10,14.6,2.4,0.0
2017-05-11,4.3,0.3,0.0
2017-05-12,3.2,3.0,2.2
2017-05-13,5.6,10.3,8.8
2017-05-14,15.8,15.0,13.1
2017-05-15,0.5,4.2,3.3
2017-05-16,32.0,24.8,22.6
2017-05-17,8.9,17.3,15.3
2017-05-18,10.9,31.9,28.7
2017-05-19,13.8,2.0,1.2
2017-05-20,12.5,13.2,11.5
2017-05-21,4.5,7.9,5.6
2017-05-22,17.0,10.3,8.2
2017-05-23,22.8,0.4,0.0
2017-05-24,1.2,3.1,1.0
2017-05-26,5.0,9.2,7.0
2017-05-27,15.5,7.2,4.8
2017-05-28,2.6,0.0,0.0
2017-05-29,2.1,7.0,4.6
2017-05-30,16.8,3.6,1.3
2017-05-31,0.2,28.2,34.2
2017-06-01,18.3,3.5,3.6
2017-06-02,20.0,42.3,44.0
2017-06-03,45.0,1.6,2.0
2017-06-04,0.0,2.7,2.8
2017-06-05,1.5,0.2,0.0
2017-06-06,0.0,0.3,0.0
2017-06-07,0.0,2.9,3.0
2017-06-08,0.0,17.8,16.9
2017-06-09,3.5,8.8,8.4
2017-06-10,38.3,23.7,25.6
2017-06-11,7.7,5.2,3.2
2017-06-12,6.4,21.6,17.7
2017-06-13,4.5,8.0,5.9
2017-06-14,0.2,0.7,0.0
2017-06-15,0.0,20.4,19.7
2017-06-16,0.5,6.2,4.1
2017-06-17,2.5,25.9,24.0
2017-06-18,8.9,15.2,13.7
2017-06-19,45.3,13.0,11.2
2017-06-20,28.1,6.1,4.0
2017-06-21,2.5,1.2,0.0
2017-06-23,2.6,2.1,0.0
2017-06-24,6.6,26.9,42.3
2017-06-25,43.0,20.0,29.8
2017-06-26,4.0,13.3,11.6
2017-06-27,5.0,12.3,10.4
2017-06-28,16.7,9.1,6.4
2017-06-29,2.6,41.3,65.5
2017-06-30,3.0,11.9,9.9
2017-07-01,1.0,28.7,31.8
2017-07-02,7.5,0.9,0.0
2017-07-03,0.0,58.6,82.8
2017-07-04,1.3,17.0,15.0
2017-07-05,2.0,0.6,0.0
2017-07-06,23.3,0.2,0.0
2017-07-07,17.8,0.7,0.0
2017-07-09,6.5,10.4,7.8
2017-07-10,0.0,14.2,12.2
2017-07-11,2.5,7.1,6.3
2017-07-12,1.5,12.0,12.6
2017-07-13,2.5,13.8,14.6
2017-07-14,8.8,0.0,0.0
2017-07-15,0.5,20.7,30.7
2017-07-16,4.8,2.1,1.0
2017-07-17,0.0,4.8,3.5
2017-07-18,3.5,2.6,1.0
2017-07-19,0.0,0.3,0.0
2017-07-20,0.0,8.2,7.7
2017-07-22,0.2,1.8,0.0
2017-07-23,0.0,0.8,0.0
2017-07-24,0.0,0.0,0.0
2017-07-25,0.0,1.6,0.0
2017-07-26,0.0,0.3,0.0
2017-07-27,0.0,0.0,0.0
2017-07-28,0.0,0.0,0.0
2017-07-29,0.0,0.0,0.0
2017-07-30,0.0,5.6,3.3
2017-07-31,0.0,0.0,0.0
2017-08-01,0.0,29.9,37.6
2017-08-02,2.7,17.7,17.6
2017-08-03,1.5,14.7,13.6
2017-08-04,1.8,1.8,0.0
2017-08-05,0.0,0.0,0.0
2017-08-06,21.0,20.0,22.7
2017-08-07,44.1,9.7,7.9
2017-08-08,3.5,1.7,0.0
2017-08-09,2.2,23.4,26.9
2017-08-10,21.5,1.1,0.0
2017-08-11,15.3,30.2,43.7
2017-08-12,12.6,2.2,1.0
2017-08-13,10.6,1.5,1.0
2017-08-14,0.5,11.4,11.2
2017-08-15,34.9,24.7,33.0
2017-08-16,9.5,23.2,29.9
2017-08-17,2.2,28.7,40.3
2017-08-18,2.3,3.2,1.8
2017-08-19,1.0,5.1,3.7
2017-08-20,3.9,14.0,14.3
2017-08-21,2.5,2.6,1.1
2017-08-22,2.5,23.8,18.0
2017-08-23,4.6,2.2,1.0
2017-08-24,0.1,5.9,3.8
2017-08-25,5.7,23.7,17.9
2017-09-01,0.0,4.5,3.1
2017-09-02,1.1,4.1,2.7
2017-09-03,1.5,0.5,0.0
2017-09-04,0.0,0.0,0.0
2017-09-05,0.0,0.0,0.0
2017-09-08,0.0,0.0,0.0
2017-09-09,0.0,0.0,0.0
2017-09-10,1.0,8.7,7.0
2017-09-11,28.5,30.4,37.7
2017-09-12,4.5,1.9,0.0
2017-09-13,0.0,9.9,7.5
2017-09-15,4.3,18.6,17.1
2017-09-16,13.4,14.4,12.6
2017-09-17,7.3,36.2,46.1
2017-09-18,12.6,6.6,3.9
2017-09-19,1.5,5.1,2.3
2017-09-20,1.5,18.5,17.2
2017-09-21,14.2,16.9,10.9
2017-09-22,5.0,1.4,0.0
2017-09-23,0.0,0.2,0.0
2017-09-24,0.0,30.2,30.3
2017-09-25,19.5,17.8,11.6
2017-09-26,1.0,5.9,1.4
2017-09-27,4.0,13.0,7.4
2017-09-28,9.5,1.2,0.0
2017-09-29,6.4,3.9,0.0
2017-09-30,0.0,8.1,3.2
2017-10-01,3.6,19.0,26.4
2017-10-02,30.7,7.1,7.4
2017-10-03,0.0,10.1,11.7
2017-10-04,8.7,7.7,8.2
2017-10-05,7.0,2.1,1.0
2017-10-07,2.5,22.5,33.7
2017-10-08,10.2,9.3,10.5
2017-10-09,1.2,0.1,0.0
2017-10-10,9.1,28.7,47.2
2017-10-11,43.0,2.9,1.0
2017-10-12,0.0,2.0,1.0
2017-10-13,0.0,11.5,12.1
2017-10-14,1.8,13.2,14.3
2017-10-15,1.5,6.8,5.8
2017-10-16,0.0,14.0,15.1
2017-10-17,4.5,4.0,2.3
2017-10-18,0.0,0.0,0.0
2017-10-19,0.0,0.0,0.0
2017-10-21,0.8,0.0,0.0
2017-10-22,1.0,17.4,15.2
2017-10-23,0.0,0.8,0.0
2017-10-24,0.0,0.0,0.0
2017-10-25,0.0,1.6,1.0
2017-10-26,0.0,0.0,0.0
2017-10-27,0.0,3.1,1.5
2017-10-28,0.0,11.8,9.4
2017-10-29,0.2,28.7,28.2
2017-10-30,0.7,13.6,11.3
2017-10-31,6.3,6.2,3.9
2017-11-01,11.5,0.9,0.0
2017-11-02,0.0,5.0,3.1
2017-11-03,14.2,0.5,0.0
2017-11-04,0.1,5.8,3.9
2017-11-05,19.0,5.6,3.7
2017-11-06,0.0,3.8,2.0
2017-11-07,2.0,2.7,1.0
2017-11-08,1.5,8.9,6.7
2017-11-09,11.0,19.1,16.4
2017-11-10,15.0,3.8,2.0
2017-11-11,16.2,58.0,71.4
2017-11-12,43.0,14.6,15.3
2017-11-13,1.5,5.7,5.7
2017-11-14,7.5,0.0,0.0
2017-11-15,19.0,0.6,0.0
2017-11-16,10.0,4.9,4.9
2017-11-17,0.5,12.3,12.8
2017-11-19,4.8,17.2,18.0
2017-11-20,11.0,14.0,14.6
2017-11-21,17.8,6.8,7.0
2017-11-22,4.3,1.3,2.2
2017-11-23,0.5,1.1,2.0
2017-11-24,4.5,0.4,0.0
2017-11-25,0.0,8.3,8.4
2017-11-26,4.0,0.0,0.0
2017-11-27,4.8,0.4,0.0
2017-11-29,32.7,0.0,0.0
2017-11-30,0.5,2.8,3.5
2017-12-01,5.0,1.9,1.0
2017-12-02,5.3,11.2,8.5
2017-12-05,0.0,24.4,22.5
2017-12-06,2.2,9.5,6.8
2017-12-07,0.5,25.8,25.7
2017-12-08,18.0,27.8,30.4
2017-12-09,1.8,15.3,12.7
2017-12-10,9.4,0.6,0.0
2017-12-13,15.2,7.7,7.1
2017-12-14,8.6,2.2,1.0
2017-12-15,0.0,0.0,0.0
2017-12-16,0.0,0.0,0.0
2017-12-17,5.5,7.2,6.5
2017-12-18,1.2,0.5,0.0
2017-12-20,23.3,20.3,23.0
2017-12-21,1.0,0.3,0.0
2017-12-23,0.0,0.0,0.0
2017-12-24,6.6,33.7,35.7
2017-12-25,4.0,4.5,3.3
2017-12-26,2.5,29.1,29.8
2017-12-27,13.4,3.6,2.4
2017-12-28,24.5,17.8,16.0
2017-12-29,33.5,1.6,1.0
2017-12-30,2.6,0.7,0.0
2017-12-31,11.0,1.7,1.0
2018-01-03,27.8,8.7,7.4
2018-01-04,1.6,0.0,0.0
2018-01-05,0.0,24.8,20.4
2018-01-06,3.5,15.5,13.6
2018-01-08,0.0,8.0,6.7
2018-01-09,2.5,14.8,12.9
2018-01-10,2.0,1.0,0.0
2018-01-11,8.0,1.3,0.0
2018-01-12,2.0,2.7,1.6
2018-01-13,1.5,2.9,1.8
2018-01-14,3.6,8.9,6.6
2018-01-15,3.3,9.4,7.0
2018-01-16,0.5,0.5,0.0
2018-01-17,0.0,9.8,7.3
2018-01-18,31.0,7.9,5.8
2018-01-20,33.0,13.7,10.4
2018-01-21,0.5,18.4,14.3
2018-01-22,7.5,31.6,30.0
2018-01-24,14.0,1.4,1.0
2018-01-25,0.8,59.2,54.7
2018-01-26,15.0,20.1,15.5
2018-01-27,5.8,24.5,19.0
2018-01-28,12.0,12.5,9.8
2018-01-29,7.5,9.6,7.5
2018-01-30,4.5,32.0,30.6
2018-01-31,25.5,0.3,0.0
2018-02-01,0.2,0.9,0.0
2018-02-02,0.0,0.0,0.0
2018-02-03,0.8,0.0,0.0
2018-02-04,9.0,4.8,2.6
2018-02-05,2.5,28.9,34.9
2018-02-06,1.5,34.8,43.2
2018-02-07,25.5,2.4,1.0
2018-02-09,0.0,1.7,0.0
2018-02-10,0.0,0.0,0.0
2018-02-11,0.0,0.8,0.0
2018-02-12,0.0,0.0,0.0
2018-02-14,0.0,13.0,11.6
2018-02-15,6.0,0.0,0.0
2018-02-16,0.0,0.3,0.0
2018-02-17,0.3,0.3,0.0
2018-02-18,0.0,18.6,17.0
2018-02-19,5.0,0.8,0.0
2018-02-20,0.0,0.4,0.0
2018-02-21,7.5,0.0,0.0
2018-02-22,0.0,0.7,0.0
2018-02-23,0.0,0.0,0.0
2018-02-24,0.0,7.4,7.7
2018-02-25,15.0,52.7,89.8
2018-02-26,26.4,33.4,57.8
2018-02-27,27.5,0.1,0.0
2018-02-28,0.0,25.9,36.1
2018-03-01,9.3,0.1,0.0
2018-03-02,1.0,36.8,32.1
2018-03-03,13.1,1.1,0.0
2018-03-04,1.8,0.2,0.0
2018-03-05,15.5,0.7,0.0
2018-03-07,0.0,0.0,0.0
2018-03-08,0.0,0.0,0.0
2018-03-09,5.5,0.0,0.0
2018-03-10,0.0,0.4,0.0
2018-03-11,1.0,0.0,0.0
2018-03-12,2.0,0.0,0.0
2018-03-13,0.0,12.2,12.3
2018-03-15,22.2,11.6,11.6
2018-03-16,0.0,14.5,14.9
2018-03-17,1.2,2.5,1.8
2018-03-18,8.0,0.0,0.0
2018-03-19,0.5,2.2,1.4
2018-03-20,0.0,10.3,10.5
2018-03-21,42.5,36.8,29.5
2018-03-22,23.0,0.0,0.0
2018-03-23,0.0,0.4,0.0
2018-03-24,0.0,6.7,2.9
2018-03-25,41.5,3.6,1.0
2018-03-26,14.0,6.0,2.4
2018-03-27,2.0,5.7,2.1
2018-03-28,59.0,0.0,0.0
2018-03-29,9.8,0.0,0.0
2018-03-30,1.0,0.0,0.0
2018-03-31,0.0,0.0,0.0
2018-04-01,0.0,0.0,0.0
2018-04-02,0.0,0.0,0.0
2018-04-04,15.3,0.0,0.0
2018-04-05,0.0,1.1,0.0
2018-04-06,1.5,0.2,0.0
2018-04-07,0.0,3.9,3.7
2018-04-08,0.0,0.4,0.0
2018-04-09,0.0,0.0,0.0
2018-04-10,0.0,0.0,0.0
2018-04-11,0.0,0.0,0.0
2018-04-12,0.0,0.3,0.0
2018-04-13,0.0,0.6,0.0
2018-04-14,0.0,0.0,0.0
2018-04-15,2.0,0.0,0.0
2018-04-16,0.0,11.8,10.0
2018-04-17,14.0,46.8,51.3
2018-04-18,17.5,23.0,21.3
2018-04-19,6.5,17.8,15.9
2018-04-20,2.5,11.5,9.7
2018-04-21,62.8,52.0,56.3
2018-04-22,49.4,0.0,0.0
2018-04-23,0.4,0.2,0.0
2018-04-24,18.4,13.2,12.8
2018-04-25,42.5,25.1,26.2
2018-04-26,35.2,9.4,8.9
2018-04-27,15.5,0.0,0.0
2018-04-28,0.0,3.3,2.5
2018-04-29,1.5,5.2,4.5
2018-04-30,2.3,3.5,2.7
2018-05-01,0.5,7.4,3.7
2018-05-02,1.0,0.1,0.0
2018-05-03,11.5,40.8,46.8
2018-05-04,58.8,0.1,0.0
2018-05-05,3.5,3.1,1.0
2018-05-06,14.5,21.0,16.9
2018-05-07,7.2,0.0,0.0
2018-05-08,0.0,7.7,4.0
2018-05-09,2.5,4.9,1.5
2018-05-10,49.0,9.5,5.7
2018-05-11,18.0,5.0,3.9
2018-05-12,7.5,5.7,4.6
2018-05-13,3.5,1.9,1.2
2018-05-14,3.5,0.0,0.0
2018-05-15,0.0,0.0,0.0
2018-05-16,0.0,0.2,0.0
2018-05-17,1.3,2.4,1.6
2018-05-18,6.5,11.0,9.4
2018-05-19,46.0,22.4,20.1
2018-05-20,19.2,12.5,10.9
2018-05-21,24.0,0.0,0.0
2018-05-22,0.5,0.5,0.0
2018-05-23,10.0,1.0,0.0
2018-05-24,1.0,1.0,0.0
2018-05-25,1.5,0.0,0.0
2018-05-26,7.6,0.1,0.0
2018-05-27,0.0,4.6,2.1
2018-05-28,10.5,9.7,7.5
2018-05-29,3.9,12.6,10.8
2018-05-30,23.4,8.4,6.2
2018-05-31,39.2,25.0,28.4
2018-06-01,11.5,2.7,2.8
2018-06-03,0.0,2.9,3.1
2018-06-05,25.4,17.8,16.7
2018-06-06,1.5,3.5,3.5
2018-06-07,0.0,4.9,4.8
2018-06-08,0.0,1.0,0.0
2018-06-09,3.5,4.6,4.6
2018-06-11,2.2,5.4,3.3
2018-06-13,2.1,3.8,1.8
2018-06-14,0.0,19.5,18.6
2018-06-15,1.8,5.6,3.6
2018-06-16,17.0,2.0,1.0
2018-06-17,0.0,2.5,1.0
2018-06-18,0.0,8.0,5.9
2018-06-19,25.0,0.1,0.0
2018-06-20,30.1,13.9,12.3
2018-06-21,9.0,3.2,0.0
2018-06-22,28.5,6.6,3.4
2018-06-23,4.5,0.0,0.0
2018-06-24,0.0,0.0,0.0
2018-06-25,0.0,0.0,0.0
2018-06-26,0.0,0.0,0.0
2018-06-27,2.6,0.0,0.0
2018-06-28,0.0,23.2,35.7
2018-06-29,18.0,0.2,0.0
2018-06-30,0.0,0.1,0.0
2018-07-01,3.0,9.8,7.2
2018-07-02,4.7,52.8,72.6
2018-07-03,13.3,10.2,7.6
2018-07-04,2.5,10.2,7.6
2018-07-05,7.5,0.3,0.0
2018-07-06,0.5,0.8,0.0
2018-07-07,3.2,0.2,0.0
2018-07-08,0.0,0.0,0.0
2018-07-09,0.0,3.8,1.2
2018-07-10,0.0,12.5,10.1
2018-07-11,4.1,8.4,8.0
2018-07-12,12.1,0.3,0.0
2018-07-13,0.0,0.0,0.0
2018-07-14,0.0,3.6,2.1
2018-07-15,0.0,0.3,0.0
2018-07-16,0.0,0.5,0.0
2018-07-17,0.0,0.0,0.0
2018-07-18,0.0,0.4,0.0
2018-07-19,0.0,5.7,4.6
2018-07-20,0.0,6.7,5.8
2018-07-21,5.5,0.3,0.0
2018-07-22,0.0,0.0,0.0
2018-07-23,0.0,11.7,11.7
2018-07-24,0.0,4.0,1.2
2018-07-25,0.0,1.4,0.0
2018-07-26,0.0,0.9,0.0
2018-07-27,0.0,0.5,0.0
2018-07-28,0.0,0.4,0.0
2018-07-29,0.0,4.7,2.1
2018-07-31,4.5,34.2,57.9
2018-08-01,16.0,5.0,2.5
2018-08-02,7.0,3.7,1.1
2018-08-03,2.1,1.4,0.0
2018-08-04,0.0,0.5,0.0
2018-08-05,0.0,0.2,0.0
2018-08-06,0.0,2.7,1.0
2018-08-07,0.0,5.6,3.2
2018-08-08,3.5,0.1,0.0
2018-08-09,2.0,0.0,0.0
2018-08-10,0.0,0.4,0.0
2018-08-11,0.0,0.0,0.0
2018-08-12,0.0,0.2,0.0
2018-08-13,0.0,0.1,0.0
2018-08-14,0.0,0.0,0.0
2018-08-15,0.0,0.0,0.0
2018-08-16,0.0,0.0,0.0
2018-08-17,0.5,0.1,0.0
2018-08-18,0.0,0.0,0.0
2018-08-19,0.0,4.9,3.6
2018-08-20,9.5,1.8,1.0
2018-08-21,2.5,12.4,8.9
2018-08-22,0.0,54.6,45.6
2018-08-23,38.0,13.9,10.1
2018-08-24,3.6,19.2,14.3
2018-08-25,9.2,8.2,5.6
2018-08-26,3.7,10.9,7.7
2018-08-27,6.0,0.0,0.0
2018-08-28,0.0,2.4,1.0
2018-08-29,4.5,1.2,0.0
2018-08-30,2.8,14.4,10.5
2018-08-31,0.0,4.8,2.9
2018-09-01,0.0,6.1,4.6
2018-09-02,0.5,0.9,0.0
2018-09-03,3.5,4.0,2.7
2018-09-04,0.0,5.2,3.8
2018-09-05,0.0,0.2,0.0
2018-09-06,0.0,2.0,1.0
2018-09-07,0.0,0.3,0.0
2018-09-08,0.0,28.9,30.3
2018-09-09,30.5,23.0,23.6
2018-09-10,28.4,2.3,1.2
2018-09-11,4.5,16.4,14.7
2018-09-12,45.5,6.2,3.5
2018-09-13,0.0,2.0,0.0
2018-09-14,16.7,0.2,0.0
2018-09-15,1.5,3.5,1.0
2018-09-16,0.0,0.0,0.0
2018-09-17,0.0,12.2,10.0
2018-09-18,50.0,24.3,28.9
2018-09-19,26.3,5.7,3.0
2018-10-01,3.0,0.0,0.0
2018-10-02,0.2,3.1,2.0
2018-10-03,28.5,0.0,0.0
2018-10-04,3.0,0.4,0.0
2018-10-05,1.2,0.0,0.0
2018-10-06,0.0,0.0,0.0
2018-10-07,0.0,0.0,0.0
2018-10-08,0.0,0.0,0.0
2018-10-09,0.0,0.0,0.0
2018-10-10,0.0,0.0,0.0
2018-10-11,0.0,1.4,0.0
2018-10-12,2.0,0.4,0.0
2018-10-13,0.0,0.3,0.0
2018-10-15,36.0,39.1,73.5
2018-10-16,41.4,0.9,0.0
2018-10-17,1.5,13.8,15.5
2018-10-18,0.5,24.2,41.3
2018-10-19,12.7,2.7,1.0
2018-10-20,4.6,28.1,50.9
2018-10-21,3.5,4.0,2.2
2018-10-22,0.0,1.8,1.0
2018-10-23,16.6,6.5,4.2
2018-10-24,26.0,18.9,16.8
2018-10-25,14.7,8.5,6.1
2018-10-26,0.0,4.1,2.2
2018-10-27,9.7,6.0,3.8
2018-10-28,36.0,28.9,28.5
2018-10-29,13.2,0.0,0.0
2018-10-30,0.0,0.0,0.0
2018-10-31,0.0,7.7,5.3
2018-11-01,0.9,2.6,1.0
2018-11-02,2.0,1.0,0.0
2018-11-03,1.0,0.1,0.0
2018-11-04,0.1,0.3,0.0
2018-11-05,0.0,2.4,1.0
2018-11-06,3.0,6.8,4.8
2018-11-07,9.0,0.7,0.0
2018-11-08,1.7,1.6,0.0
2018-11-09,0.0,0.1,0.0
2018-11-10,0.0,3.7,1.9
2018-11-11,7.0,0.0,0.0
2018-11-12,0.0,4.9,4.9
2018-11-13,19.3,15.0,15.7
2018-12-01,3.2,0.0,0.0
2018-12-06,1.7,10.0,7.3
2018-12-07,12.0,13.4,10.7
2018-12-08,1.8,5.9,3.3
2018-12-09,0.5,0.2,0.0
2018-12-10,0.5,2.2,1.0
2018-12-11,0.5,0.0,0.0
2018-12-12,0.0,0.0,0.0
2018-12-14,2.2,0.0,0.0
2018-12-15,0.0,0.4,0.0
2018-12-17,17.0,2.9,1.6
2018-12-18,3.1,6.9,6.1
2018-12-19,0.3,17.7,19.7
2018-12-20,5.5,2.4,1.1
2018-12-21,0.8,5.2,4.0
2018-12-23,2.5,16.7,15.0
2018-12-24,5.5,1.6,1.0
2018-12-25,0.0,0.8,0.0
2018-12-27,6.7,0.8,0.0
2018-12-29,1.0,6.0,4.8
2018-12-30,0.5,11.5,10.0
2018-12-31,1.5,7.0,5.7
2019-01-01,1.0,9.5,8.1
2019-01-02,22.5,7.4,6.2
2019-01-05,11.0,0.0,0.0
2019-01-08,4.7,0.0,0.0
2019-01-09,2.8,0.0,0.0
2019-01-10,4.0,0.0,0.0
2019-01-13,105.5,5.3,3.7
2019-01-14,68.5,5.0,3.5
2019-01-15,17.5,37.7,33.4
2019-01-16,26.0,3.9,2.6
2019-01-17,3.0,0.2,0.0
2019-01-18,1.0,0.6,0.0
2019-01-20,0.0,0.9,0.0
2019-01-23,0.0,5.4,4.1
2019-01-25,2.5,30.5,28.3
2019-01-26,0.2,53.1,51.2
2019-01-27,22.0,5.7,4.4
2019-01-30,1.0,2.8,2.1
2019-01-31,0.0,17.3,13.4
2019-02-01,0.0,0.0,0.0
2019-02-03,0.0,0.0,0.0
2019-02-04,0.0,2.4,1.0
2019-02-05,0.0,1.0,0.0
2019-02-06,0.0,2.1,0.0
2019-02-09,0.0,4.7,2.6
2019-02-10,15.0,0.0,0.0
2019-02-11,0.0,0.1,0.0
2019-02-14,0.0,0.0,0.0
2019-02-15,0.0,0.0,0.0
2019-02-16,0.0,0.0,0.0
2019-02-17,0.0,0.0,0.0
2019-02-18,0.0,50.1,63.9
2019-02-19,66.8,4.2,3.0
2019-02-21,0.0,0.0,0.0
2019-02-23,0.0,0.0,0.0
2019-02-24,0.0,0.0,0.0
2019-02-25,11.5,0.0,0.0
2019-02-26,1.3,0.0,0.0
2019-02-27,0.0,0.0,0.0
2019-02-28,0.0,0.0,0.0
2019-03-01,0.0,0.0,0.0
2019-03-02,0.0,0.0,0.0
2019-03-03,0.0,0.0,0.0
2019-03-05,0.0,0.0,0.0
2019-03-06,1.0,0.3,0.0
2019-03-07,5.0,0.0,0.0
2019-03-08,0.0,0.0,0.0
2019-03-09,1.5,1.0,0.0
2019-03-10,29.0,14.0,10.3
2019-03-11,20.2,1.5,1.0
2019-03-12,1.0,0.0,0.0
2019-03-13,13.8,0.0,0.0
2019-03-14,0.0,0.1,0.0
2019-03-15,0.0,1.5,1.0
2019-03-16,0.0,0.0,0.0
2019-03-17,0.0,3.0,2.4
2019-03-18,0.0,0.0,0.0
2019-03-19,1.5,0.7,0.0
2019-03-20,0.0,3.3,2.7
2019-03-21,0.5,43.2,36.4
2019-03-22,8.0,3.5,1.0
2019-03-23,30.0,0.6,0.0
2019-03-24,2.3,2.4,0.0
2019-03-25,36.3,0.0,0.0
2019-03-26,0.0,5.5,2.0
2019-03-27,17.0,5.0,1.7
2019-03-28,26.0,16.7,10.4
2019-03-29,0.4,6.5,2.7
2019-03-30,0.7,0.0,0.0
2019-03-31,0.0,0.5,0.0
2019-04-03,0.0,15.7,12.6
2019-04-06,46.5,3.1,3.1
2019-04-07,5.7,0.1,0.0
2019-04-08,31.5,0.9,0.0
2019-04-10,8.0,0.1,0.0
2019-04-11,3.4,1.1,0.0
2019-04-12,17.3,0.0,0.0
2019-04-14,1.2,0.0,0.0
2019-04-15,19.6,21.1,19.4
2019-04-16,33.4,0.0,0.0
2019-04-17,3.8,0.0,0.0
2019-04-18,20.6,0.0,0.0
2019-04-20,16.5,3.0,1.4
2019-04-21,41.3,0.0,0.0
2019-04-23,0.0,0.0,0.0
2019-04-26,4.0,6.3,5.7
2019-04-27,5.3,0.9,0.0
2019-04-29,1.0,29.8,31.5
2019-04-30,6.2,9.8,9.3
2019-05-04,7.4,19.9,15.8
2019-05-05,9.8,0.9,0.0
2019-05-06,0.0,12.2,8.2
2019-05-09,0.7,12.8,8.9
2019-05-10,1.8,0.5,0.0
2019-05-11,0.0,16.0,14.1
2019-05-12,0.3,26.8,22.1
2019-05-13,5.5,18.1,16.1
2019-05-14,4.8,0.0,0.0
2019-05-17,35.5,35.7,33.6
2019-05-18,41.5,7.7,6.4
2019-05-19,0.2,26.2,21.9
2019-05-20,49.0,0.0,0.0
2019-05-22,9.3,41.7,58.6
2019-05-23,16.5,51.1,74.1
2019-05-24,10.1,4.9,2.4
2019-05-27,18.0,0.2,0.0
2019-05-30,0.0,0.8,0.0
2019-06-01,0.0,0.7,0.0
2019-06-02,1.9,2.6,2.8
2019-06-03,15.0,10.9,10.4
2019-06-04,48.0,33.6,36.3
2019-06-05,36.7,4.3,4.3
2019-06-06,2.6,0.0,0.0
2019-06-08,1.0,16.5,16.0
2019-06-09,36.5,2.1,2.4
2019-06-10,6.7,6.0,5.8
2019-06-11,3.0,1.8,1.0
2019-06-12,2.2,4.3,2.3
2019-06-13,2.0,2.6,1.0
2019-06-14,37.5,29.5,29.4
2019-06-15,6.6,22.8,20.1
2019-06-16,16.2,22.2,19.1
2019-06-17,1.4,22.5,19.2
2019-06-18,16.7,0.8,0.0
2019-06-20,1.5,12.1,10.2
2019-06-21,33.7,61.0,87.0
2019-06-22,15.5,20.1,30.8
2019-06-23,61.5,46.2,73.0
2019-06-24,54.5,0.0,0.0
2019-06-26,22.0,7.9,4.9
2019-06-27,1.0,3.0,0.0
2019-06-29,0.0,3.5,1.0
2019-06-30,1.0,3.2,0.0
2019-07-02,11.5,0.9,0.0
2019-07-03,4.7,5.2,2.5
2019-07-05,7.3,2.3,0.0
2019-07-06,0.3,8.6,5.8
2019-07-07,2.5,2.1,0.0
2019-07-08,6.5,0.0,0.0
2019-07-09,3.5,0.1,0.0
2019-07-10,1.0,0.3,0.0
2019-07-11,2.5,1.5,0.0
2019-07-12,11.6,21.4,31.6
2019-07-13,30.3,5.0,3.7
2019-07-14,0.0,2.4,1.0
2019-07-15,0.3,0.2,0.0
2019-07-17,0.0,0.0,0.0
2019-07-23,5.6,26.6,41.1
2019-07-24,39.5,2.2,0.0
2019-07-25,41.0,31.9,52.3
2019-07-26,98.2,17.5,24.4
2019-07-27,4.5,38.9,69.1
2019-07-28,83.5,8.1,6.5
2019-07-29,0.0,42.1,78.2
2019-07-30,22.0,15.1,16.2
2019-07-31,8.5,0.0,0.0
2019-08-01,0.0,12.4,11.4
2019-08-02,1.5,0.5,0.0
2019-08-04,0.0,2.0,0.0
2019-08-07,1.1,1.9,0.0
2019-08-10,0.0,0.0,0.0
2019-08-13,1.0,0.0,0.0
2019-08-14,0.0,4.3,2.9
2019-08-15,2.8,55.5,91.9
2019-08-16,57.0,1.5,1.0
2019-08-18,2.5,6.1,4.9
2019-08-19,2.5,19.2,22.0
2019-08-20,3.0,22.0,27.7
2019-08-21,22.0,3.9,2.1
2019-08-22,0.3,11.0,7.8
2019-08-24,0.0,38.3,30.8
2019-08-25,5.0,29.2,22.5
2019-08-26,18.5,0.0,0.0
2019-08-27,0.0,12.6,9.1
2019-08-28,10.5,8.5,5.8
2019-08-29,1.5,0.0,0.0
2019-08-31,7.3,11.8,8.4
2019-09-01,11.0,10.5,8.7
2019-09-02,1.5,6.6,5.0
2019-09-03,1.8,0.6,0.0
2019-09-05,4.5,0.0,0.0
2019-09-06,0.5,3.6,2.3
2019-09-07,2.0,23.3,24.1
2019-09-08,8.0,0.4,0.0
2019-09-09,0.3,0.0,0.0
2019-09-11,0.0,11.7,9.5
2019-09-12,1.8,0.2,0.0
2019-09-14,0.0,0.0,0.0
2019-09-15,0.0,1.4,0.0
2019-09-17,0.0,0.0,0.0
2019-09-18,0.3,0.9,0.0
2019-09-20,6.0,7.2,4.6
2019-09-21,4.5,1.1,0.0
2019-09-23,0.0,0.0,0.0
2019-09-24,0.0,0.0,0.0
2019-09-26,0.0,0.0,0.0
2019-09-30,1.3,18.7,12.5
2019-10-02,12.5,0.0,0.0
2019-10-03,0.0,0.2,0.0
2019-10-05,45.0,0.0,0.0
2019-10-06,7.8,0.0,0.0
2019-10-09,2.3,7.1,7.4
2019-10-10,3.7,1.2,1.0
2019-10-11,2.3,4.2,2.6
2019-10-12,17.6,13.2,14.7
2019-10-13,5.2,18.9,26.3
2019-10-14,78.6,0.1,0.0
2019-10-15,23.5,14.1,15.5
2019-10-16,32.6,7.0,6.0
2019-10-18,0.0,1.4,0.0
2019-10-19,0.2,0.0,0.0
2019-10-21,0.5,0.0,0.0
2019-10-24,2.5,13.0,10.7
2019-10-25,4.1,5.5,3.4
2019-10-26,1.0,0.4,0.0
2019-10-27,2.0,0.0,0.0
2019-10-28,2.5,38.1,48.9
2019-10-29,15.0,0.0,0.0
2019-10-30,0.0,41.4,59.4
2019-10-31,57.5,14.9,12.8
2019-11-01,7.0,11.2,8.9
2019-11-02,0.5,9.0,6.9
2019-11-04,7.5,6.7,4.7
2019-11-05,1.0,15.6,12.9
2019-11-06,10.5,7.7,5.7
2019-11-07,0.0,3.0,1.2
2019-11-08,0.8,0.0,0.0
2019-11-11,0.0,7.0,7.1
2019-11-13,6.2,1.2,1.2
2019-11-14,0.0,15.9,16.7
2019-11-15,35.5,10.9,11.2
2019-11-16,18.7,7.4,7.5
2019-11-17,29.7,0.0,0.0
2019-11-18,6.8,0.0,0.0
2019-11-19,10.5,0.0,0.0
2019-11-20,45.7,6.5,6.5
2019-11-22,6.0,0.0,0.0
2019-11-23,0.0,0.0,0.0
2019-11-25,11.3,16.7,16.5
2019-11-26,31.9,13.2,12.8
2019-11-27,15.5,0.0,0.0
2019-11-29,0.0,0.0,0.0
2019-12-01,4.5,5.6,3.0
2019-12-02,9.9,7.6,4.9
2019-12-03,11.5,10.1,7.4
2019-12-04,13.0,23.2,19.4
2019-12-05,42.7,28.9,32.8
2019-12-06,4.5,9.7,6.9
2019-12-07,3.5,0.0,0.0
2019-12-08,16.5,5.4,2.9
2019-12-09,0.8,1.5,0.0
2019-12-10,52.0,31.7,38.3
2019-12-11,1.3,2.3,1.1
2019-12-12,11.4,30.6,40.5
2019-12-13,3.5,0.0,0.0
2019-12-14,1.1,0.2,0.0
2019-12-15,0.0,2.3,1.1
2019-12-16,15.3,2.8,1.5
2019-12-17,0.4,2.8,1.5
2019-12-18,4.7,22.5,26.3
2019-12-19,79.5,21.9,25.3
2019-12-20,7.5,9.7,9.5
2019-12-21,15.5,24.7,23.8
2019-12-22,29.5,10.4,9.0
2019-12-24,12.0,2.1,1.0
2019-12-27,0.0,10.7,9.3
2019-12-28,1.0,0.0,0.0
2019-12-29,9.7,0.0,0.0
2019-12-30,1.0,0.0,0.0
2019-12-31,3.8,0.2,0.0
2020-01-02,0.8,2.0,1.5
2020-01-03,1.6,3.5,2.7
2020-01-04,1.5,8.0,6.8
2020-01-07,0.0,7.6,6.4
2020-01-09,1.2,0.6,0.0
2020-01-10,0.2,4.7,3.8
2020-01-11,2.5,8.7,6.4
2020-01-12,7.2,21.3,16.5
2020-01-13,10.2,9.0,6.7
2020-01-14,13.5,17.4,13.5
2020-01-15,1.5,0.0,0.0
2020-01-16,0.5,6.5,4.7
2020-01-17,16.0,25.0,20.6
2020-01-18,25.0,6.9,5.0
2020-01-19,5.6,0.0,0.0
2020-01-21,0.5,0.0,0.0
2020-01-22,1.0,0.0,0.0
2020-01-25,0.0,1.6,1.1
2020-01-27,2.5,8.4,6.6
2020-01-28,0.0,0.0,0.0
2020-01-30,8.9,0.6,0.0
2020-01-31,0.0,5.3,4.1
2020-02-01,3.5,5.8,3.7
2020-02-02,1.4,0.0,0.0
2020-02-03,0.0,0.0,0.0
2020-02-04,0.8,0.3,0.0
2020-02-05,3.0,0.0,0.0
2020-02-06,3.0,0.0,0.0
2020-02-09,2.7,4.2,2.1
2020-02-10,6.0,3.4,1.3
2020-02-11,0.0,3.8,2.5
2020-02-12,4.5,0.0,0.0
2020-02-15,2.8,0.3,0.0
2020-02-16,1.5,1.8,1.0
2020-02-17,20.1,0.0,0.0
2020-02-18,0.0,11.0,9.8
2020-02-19,16.4,0.0,0.0
2020-02-21,0.0,0.0,0.0
2020-02-22,2.5,0.0,0.0
2020-02-24,0.0,0.0,0.0
2020-02-27,0.6,0.6,0.0
2020-02-28,13.3,0.0,0.0
2020-02-29,0.0,0.0,0.0
2020-03-01,0.0,1.0,0.0
2020-03-03,0.7,0.0,0.0
2020-03-05,31.0,27.8,23.3
2020-03-06,13.0,0.7,0.0
2020-03-07,0.4,16.0,11.9
2020-03-08,1.2,0.0,0.0
2020-03-09,0.0,8.2,5.8
2020-03-10,13.0,6.1,4.2
2020-03-11,1.7,0.6,0.0
2020-03-12,0.8,0.0,0.0
2020-03-13,0.0,0.0,0.0
2020-03-15,0.0,0.0,0.0
2020-03-21,26.5,1.3,0.0
2020-03-24,7.5,8.8,4.3
2020-03-25,13.2,0.4,0.0
2020-03-27,10.5,16.8,10.6
2020-03-28,19.6,7.1,3.1
2020-03-29,3.9,0.0,0.0
2020-03-30,1.4,25.0,17.3
2020-03-31,16.7,33.7,26.3
2020-04-01,17.7,13.8,11.3
2020-04-02,2.0,0.4,0.0
2020-04-03,0.0,0.2,0.0
2020-04-04,0.0,0.0,0.0
2020-04-07,2.8,7.9,6.7
2020-04-08,31.6,6.5,5.6
2020-04-10,13.0,2.0,2.3
2020-04-11,0.0,0.3,0.0
2020-04-12,0.0,3.3,1.7
2020-04-13,7.3,1.8,1.0
2020-04-14,8.2,0.0,0.0
2020-04-16,0.0,0.0,0.0
2020-04-19,8.0,0.3,0.0
2020-04-20,0.0,0.1,0.0
2020-04-23,0.0,3.2,2.4
2020-04-24,4.9,2.6,1.7
2020-04-25,9.0,7.2,6.6
2020-04-26,21.0,6.6,6.0
2020-04-27,5.0,0.0,0.0
2020-04-28,0.0,15.6,15.7
2020-04-29,30.1,2.8,2.0
2020-04-30,1.0,0.2,0.0
2020-05-02,0.0,9.1,5.3
2020-05-03,10.6,64.6,85.1
2020-05-04,9.5,9.1,5.4
2020-05-06,11.2,4.6,1.2
2020-05-08,0.0,0.0,0.0
2020-05-09,1.6,0.4,0.0
2020-05-10,1.9,0.0,0.0
2020-05-11,0.0,43.9,44.1
2020-05-12,51.3,20.2,18.0
2020-05-13,15.9,0.0,0.0
2020-05-14,3.5,16.7,14.7
2020-05-16,2.6,0.2,0.0
2020-05-17,3.1,0.4,0.0
2020-05-18,4.6,3.5,2.6
2020-05-20,5.9,1.7,1.0
2020-05-21,2.2,0.0,0.0
2020-05-23,6.9,2.9,1.0
2020-05-24,0.5,40.3,56.2
2020-05-25,24.5,10.7,8.7
2020-05-28,7.5,0.3,0.0
2020-05-29,0.3,0.8,0.0
2020-05-30,0.0,5.2,2.8
2020-05-31,4.5,8.2,5.9
2020-06-01,1.9,43.1,44.2
2020-06-02,35.9,9.4,9.0
2020-06-03,16.6,1.2,1.6
2020-06-08,2.4,5.1,5.0
2020-06-10,21.0,1.3,1.7
2020-06-11,1.0,20.8,20.0
2020-06-12,11.5,9.2,7.2
2020-06-13,7.0,3.6,1.7
2020-06-14,5.5,0.7,0.0
2020-06-15,0.3,2.4,1.0
2020-06-16,18.7,0.0,0.0
2020-06-23,6.5,0.5,0.0
2020-06-24,6.6,0.8,0.0
2020-06-25,1.2,4.3,1.0
2020-06-26,5.0,59.4,86.6
2020-06-27,17.5,31.5,50.3
2020-06-29,1.6,2.2,0.0
2020-06-30,2.0,1.2,0.0
2020-07-03,28.2,18.9,17.1
2020-07-04,5.7,38.7,47.4
2020-07-05,27.7,5.6,2.9
2020-07-07,2.0,2.6,1.0
2020-07-08,0.8,2.8,1.0
2020-07-10,2.5,36.5,43.6
2020-07-11,10.5,10.2,10.7
2020-07-12,16.5,4.0,2.5
2020-07-14,2.9,1.2,0.0
2020-07-19,0.0,0.0,0.0
2020-07-22,0.0,3.1,1.0
2020-07-25,3.5,28.9,45.4
2020-07-26,30.1,0.3,0.0
2020-07-27,12.0,19.8,27.5
2020-07-28,6.7,0.3,0.0
2020-07-29,0.3,11.8,11.6
2020-07-30,20.3,22.6,33.3
2020-07-31,31.0,6.7,4.7
2020-08-02,0.0,1.4,0.0
2020-08-05,20.5,1.5,0.0
2020-08-06,3.0,3.8,1.2
2020-08-07,1.0,2.6,1.0
2020-08-08,0.0,0.8,0.0
2020-08-10,25.8,1.2,0.0
2020-08-11,0.0,32.0,47.1
2020-08-12,23.6,3.9,2.4
2020-08-13,4.0,8.0,7.1
2020-08-14,10.0,5.9,4.6
2020-08-15,2.4,9.9,9.4
2020-08-16,13.0,7.9,7.0
2020-08-17,11.8,12.3,12.2
2020-08-18,22.3,7.4,6.3
2020-08-19,1.5,0.4,0.0
2020-08-20,6.9,10.5,10.0
2020-08-21,3.0,0.0,0.0
2020-08-24,0.0,0.0,0.0
2020-08-27,0.0,0.0,0.0
2020-08-29,0.5,0.0,0.0
2020-08-30,0.0,17.8,13.2
2020-08-31,14.0,0.4,0.0
2020-09-01,4.0,2.4,1.2
2020-09-03,0.0,2.5,1.3
2020-09-04,1.5,0.1,0.0
2020-09-05,0.0,1.6,1.0
2020-09-06,0.5,0.0,0.0
2020-09-07,0.0,8.0,6.4
2020-09-08,5.5,0.3,0.0
2020-09-10,0.6,0.0,0.0
2020-09-11,1.2,12.3,10.2
2020-09-12,9.5,4.5,1.7
2020-09-13,6.3,14.0,12.1
2020-09-14,6.7,17.1,15.8
2020-09-28,35.3,10.9,5.6
2020-09-29,0.4,1.5,0.0
2020-09-30,0.0,34.1,35.9
2020-10-02,80.2,3.5,2.6
2020-10-03,4.0,25.5,40.2
2020-10-04,16.3,2.8,1.7
2020-10-05,0.8,2.8,1.7
2020-10-06,0.3,0.3,0.0
2020-10-07,0.0,15.4,19.5
2020-10-08,26.5,50.8,88.1
2020-10-09,7.7,13.3,16.5
2020-10-10,18.5,15.3,19.3
2020-10-11,19.1,7.2,6.3
2020-10-12,2.2,3.4,1.5
2020-10-14,16.0,9.9,9.9
2020-10-15,0.0,4.4,2.8
2020-10-19,0.0,4.3,2.6
2020-10-22,1.6,15.1,12.9
2020-10-23,1.5,7.8,5.4
2020-10-24,1.1,10.4,8.0
2020-10-25,0.2,17.4,15.6
2020-10-26,0.9,1.8,1.0
2020-10-27,0.7,5.3,3.2
2020-10-31,0.0,7.6,5.2
2020-11-01,1.0,0.5,0.0
2020-11-02,0.2,0.7,0.0
2020-11-04,3.9,14.5,11.9
2020-11-05,12.6,24.2,21.0
2020-11-06,35.4,25.1,21.4
2020-11-07,0.8,7.1,5.1
2020-11-08,0.0,8.9,6.8
2020-11-09,6.9,4.8,2.9
2020-11-10,11.7,2.2,1.0
2020-11-11,4.0,5.9,5.9
2020-11-12,0.0,4.3,4.3
2020-11-13,1.4,0.5,0.0
2020-11-14,0.8,0.0,0.0
2020-11-15,0.0,1.7,1.7
2020-11-16,0.9,1.3,1.3
2020-11-17,1.5,2.9,2.8
2020-11-18,3.1,0.0,0.0
2020-11-21,1.0,0.5,0.0
2020-11-22,1.0,0.0,0.0
2020-11-23,3.0,2.2,2.9
2020-11-24,22.0,4.5,4.9
2020-11-25,4.1,4.5,5.0
2020-11-26,0.7,3.2,3.8
2020-11-27,8.9,26.2,23.5
2020-11-28,16.8,26.1,23.3
2020-11-29,10.6,7.3,7.5
2020-11-30,4.0,1.3,2.2
2020-12-01,7.3,13.2,10.5
2020-12-02,0.1,2.1,1.0
2020-12-03,7.3,4.8,2.3
2020-12-04,1.0,1.5,0.0
2020-12-05,1.5,8.2,5.5
2020-12-06,7.2,7.2,4.5
2020-12-07,13.1,10.2,7.5
2020-12-08,13.2,8.2,5.5
2020-12-09,3.2,0.6,0.0
2020-12-10,0.3,1.7,0.0
2020-12-11,2.1,0.4,0.0
2020-12-12,0.5,0.2,0.0
2020-12-13,0.0,0.4,0.0
2020-12-14,0.0,7.0,6.3
2020-12-15,24.8,15.3,16.8
2020-12-16,9.4,4.5,3.4
2020-12-17,5.0,0.2,0.0
2020-12-18,0.1,26.3,32.8
2020-12-19,10.0,1.3,1.0
2020-12-20,0.0,1.4,1.0
2020-12-22,0.8,29.6,30.1
2020-12-23,11.2,20.9,18.9
2020-12-24,0.2,7.1,5.8
2020-12-25,2.9,19.9,18.4
2020-12-26,14.5,2.4,1.2
2020-12-28,1.6,0.0,0.0
2020-12-29,0.0,25.4,24.4
2020-12-30,9.0,6.5,5.2
2020-12-31,0.1,14.0,12.5
2021-01-01,23.7,13.7,11.9
2021-01-02,36.1,1.7,1.1
2021-01-03,6.8,11.5,9.9
2021-01-04,2.4,27.8,23.7
2021-01-05,70.6,39.6,39.1
2021-01-06,12.5,2.1,1.5
2021-01-08,14.0,1.2,1.0
2021-01-09,0.0,3.7,3.0
2021-01-10,28.0,11.5,10.0
2021-01-11,0.1,4.5,3.1
2021-01-12,0.0,53.6,48.1
2021-01-13,27.0,57.2,51.6
2021-01-14,44.1,8.5,6.3
2021-01-15,3.3,0.6,0.0
2021-01-17,3.8,23.4,17.8
2021-01-18,1.5,2.8,1.6
2021-01-19,0.5,0.5,0.0
2021-01-20,0.1,96.9,85.0
2021-01-21,48.5,26.3,20.9
2021-01-22,4.1,60.6,55.1
2021-01-23,22.0,18.6,14.4
2021-01-24,5.0,15.4,12.0
2021-01-25,2.0,0.0,0.0
2021-01-26,0.1,0.6,0.0
2021-01-27,0.0,1.1,0.0
2021-01-28,0.0,2.0,1.4
2021-01-29,3.5,2.8,2.0
2021-01-30,2.4,14.9,11.6
2021-02-01,0.3,2.1,0.0
2021-02-02,5.4,0.4,0.0
2021-02-04,9.8,3.2,1.1
2021-02-05,0.1,2.3,1.0
2021-02-06,0.1,1.4,0.0
2021-02-07,0.5,0.0,0.0
2021-02-08,0.4,10.2,8.0
2021-02-09,2.8,10.1,7.8
2021-02-10,14.8,3.3,1.3
2021-02-11,0.9,0.9,0.0
2021-02-12,0.3,12.4,11.3
2021-02-13,11.7,60.5,84.0
2021-02-14,24.5,0.0,0.0
2021-02-17,0.0,18.7,17.2
2021-02-18,4.2,4.8,3.6
2021-02-20,0.0,0.0,0.0
2021-02-23,0.0,0.0,0.0
2021-02-26,3.6,0.7,0.0
2021-02-27,0.5,1.5,1.0
2021-02-28,12.4,7.5,8.0
2021-03-01,31.6,11.0,8.0
2021-03-02,2.7,0.5,0.0
2021-03-03,2.1,0.0,0.0
2021-03-04,0.2,3.2,1.8
2021-03-05,0.1,0.0,0.0
2021-03-07,0.0,2.1,1.0
2021-03-08,8.0,0.0,0.0
2021-03-10,0.0,0.0,0.0
2021-03-11,0.1,14.5,14.7
2021-03-12,0.8,47.7,57.7
2021-03-13,8.0,13.8,14.0
2021-03-14,7.0,0.4,0.0
2021-03-16,0.3,8.6,8.5
2021-03-17,8.8,0.4,0.0
2021-03-18,0.2,18.7,22.6
2021-03-19,4.9,0.0,0.0
2021-03-22,8.0,9.8,5.1
2021-03-24,6.8,0.0,0.0
2021-03-26,0.5,2.6,1.0
2021-03-27,2.0,0.3,0.0
2021-03-28,8.2,27.5,19.3
2021-03-29,34.3,13.8,8.1
2021-03-30,3.1,28.6,20.6
2021-03-31,9.1,11.3,6.2
2021-04-01,0.5,1.9,2.2
2021-04-02,0.0,0.0,0.0
2021-04-04,16.3,0.6,0.0
2021-04-05,8.9,5.6,5.0
2021-04-06,14.5,1.4,1.8
2021-04-08,45.0,13.3,10.6
2021-04-09,1.5,6.5,5.7
2021-04-10,1.5,1.3,1.7
2021-04-11,4.9,27.1,25.6
2021-04-12,18.2,15.6,13.7
2021-04-13,2.2,3.2,1.5
2021-04-16,1.8,9.3,7.5
2021-04-18,1.0,3.2,1.6
2021-04-19,2.5,0.4,0.0
2021-04-26,0.1,7.7,7.2
2021-04-28,8.8,11.2,10.8
2021-04-29,11.9,0.9,0.0
2021-04-30,1.5,0.0,0.0
2021-05-02,0.2,10.8,7.0
2021-05-03,3.5,3.4,1.0
2021-05-04,2.5,0.6,0.0
2021-05-05,0.1,8.8,5.0
2021-05-06,1.6,20.5,16.4
2021-05-07,1.0,10.0,6.2
2021-05-08,19.7,6.3,2.8
2021-05-09,9.5,2.7,0.0
2021-05-13,30.1,24.1,21.8
2021-05-14,34.0,22.4,19.8
2021-05-15,23.7,14.3,12.5
2021-05-16,56.1,1.0,0.0
2021-05-17,0.3,0.0,0.0
2021-05-19,50.6,48.3,49.2
2021-05-20,97.7,20.1,18.0
2021-05-21,6.6,31.6,41.2
2021-05-22,7.5,6.6,4.2
2021-05-23,11.2,2.2,0.0
2021-05-24,1.2,29.7,37.2
2021-05-25,36.0,0.6,0.0
2021-05-26,0.1,2.1,0.0
2021-05-27,3.8,0.2,0.0
2021-05-28,0.8,3.4,1.1
2021-05-29,12.0,0.6,0.0
2021-05-30,0.1,7.6,5.3
2021-06-01,0.2,18.6,18.7
2021-06-03,0.8,0.0,0.0
2021-06-04,0.1,0.0,0.0
2021-06-06,11.5,9.5,9.1
2021-06-07,3.9,1.0,0.0
2021-06-08,3.6,24.9,26.9
2021-06-09,22.6,0.0,0.0
2021-06-10,0.1,29.7,32.3
2021-06-11,9.7,12.9,11.1
2021-06-12,4.0,34.4,37.4
2021-06-13,9.4,2.0,1.0
2021-06-15,0.0,1.8,1.0
2021-06-16,0.0,1.9,1.0
2021-06-17,2.8,0.2,0.0
2021-06-18,0.5,28.5,27.6
2021-06-19,21.6,20.1,18.9
2021-06-20,26.5,17.0,15.4
2021-06-21,4.4,0.8,0.0
2021-06-23,0.5,9.8,7.2
2021-06-24,3.4,3.6,1.0
2021-06-25,13.0,0.0,0.0
2021-06-27,0.0,4.5,1.1
2021-06-30,2.9,9.4,6.7
2021-07-01,4.5,4.1,1.5
2021-07-02,12.0,25.8,27.3
2021-07-03,7.8,3.1,1.0
2021-07-04,0.6,12.4,9.9
2021-07-05,0.0,15.5,13.5
2021-07-06,12.5,0.2,0.0
2021-07-08,0.5,14.1,11.8
2021-07-09,36.2,16.3,14.2
2021-07-10,27.6,14.6,12.8
2021-07-11,7.6,0.0,0.0
2021-07-12,0.0,3.9,2.4
2021-07-14,8.6,16.6,24.4
2021-07-15,39.0,2.7,1.0
2021-07-16,0.1,0.0,0.0
2021-07-18,0.0,8.6,8.2
2021-07-19,0.8,0.1,0.0
2021-07-21,0.0,0.1,0.0
2021-07-24,0.0,5.3,2.8
2021-07-25,1.0,0.7,0.0
2021-07-27,0.0,0.0,0.0
2021-07-30,0.9,6.1,3.8
2021-07-31,0.5,13.9,14.3
2021-08-02,5.8,0.2,0.0
2021-08-05,0.3,14.7,13.7
2021-08-06,0.6,0.6,0.0
2021-08-07,5.3,60.4,97.2
2021-08-08,34.7,2.5,0.0
2021-08-10,10.5,20.1,21.5
2021-08-11,8.6,0.4,0.0
2021-08-13,4.0,7.2,6.1
2021-08-14,0.3,0.0,0.0
2021-08-16,1.5,0.0,0.0
2021-08-17,4.4,0.2,0.0
2021-08-20,4.3,0.9,0.0
2021-08-22,9.5,4.9,2.9
2021-08-23,7.1,1.9,1.0
2021-08-24,3.8,47.1,39.2
2021-08-25,41.0,7.4,4.9
2021-08-26,29.8,8.1,5.5
2021-08-27,0.9,26.0,20.1
2021-08-28,3.4,0.0,0.0
2021-08-29,36.3,1.7,1.0
2021-08-30,10.1,5.4,3.4
2021-08-31,2.9,0.0,0.0
2021-09-01,0.4,4.9,3.4
2021-09-02,20.0,0.1,0.0
2021-09-04,49.1,29.0,30.4
2021-09-05,23.5,15.0,13.0
2021-09-06,1.6,16.2,13.9
2021-09-07,7.8,40.8,44.3
2021-09-08,29.0,2.5,1.3
2021-09-09,0.2,2.0,1.0
2021-09-11,3.2,32.4,40.6
2021-09-12,28.0,8.2,5.6
2021-09-13,0.0,2.4,0.0
2021-09-15,5.0,22.2,25.5
2021-09-16,44.5,2.4,0.0
2021-09-19,13.2,17.9,16.4
2021-09-20,9.0,9.5,7.0
2021-09-21,2.5,0.8,0.0
2021-09-24,5.6,9.2,4.1
2021-09-25,2.0,27.4,26.4
2021-09-26,16.0,20.5,14.2
2021-09-27,8.5,0.0,0.0
2021-09-28,0.4,1.6,0.0
2021-09-29,2.3,0.0,0.0
2021-09-30,0.0,0.0,0.0
2021-10-01,0.0,8.2,8.9
2021-10-02,1.9,25.7,40.5
2021-10-03,28.0,6.8,6.9
2021-10-04,3.8,0.4,0.0
2021-10-05,0.3,0.4,0.0
2021-10-07,0.0,29.0,47.4
2021-10-08,5.0,6.2,6.1
2021-10-10,0.0,1.3,1.0
2021-10-13,0.0,0.2,0.0
2021-10-14,0.0,1.0,0.0
2021-10-16,0.0,14.8,16.5
2021-10-17,23.1,18.9,25.8
2021-10-18,16.5,0.5,0.0
2021-10-20,1.5,0.3,0.0
2021-10-21,6.5,12.4,10.0
2021-10-22,0.8,4.8,2.7
2021-10-23,0.7,1.9,1.0
2021-10-24,3.2,19.3,17.4
2021-10-25,2.6,17.5,15.6
2021-10-26,20.9,1.1,0.0
2021-10-27,3.0,4.2,2.3
2021-10-28,0.2,0.4,0.0
2021-10-29,0.1,0.2,0.0
2021-10-30,2.5,0.0,0.0
2021-10-31,0.0,0.0,0.0
2021-11-03,0.5,2.4,1.0
2021-11-04,6.5,1.0,0.0
2021-11-05,26.5,0.1,0.0
2021-11-07,6.5,7.6,5.6
2021-11-08,27.0,0.2,0.0
2021-11-10,9.0,0.0,0.0
2021-11-12,12.4,2.6,2.5
2021-11-13,17.9,4.1,4.1
2021-11-14,0.2,3.1,3.0
2021-11-15,0.0,11.7,12.2
2021-11-16,3.7,12.8,13.3
2021-11-17,4.0,13.5,14.1
2021-11-18,1.6,0.1,0.0
2021-11-21,60.4,0.0,0.0
2021-11-22,1.3,3.6,4.2
2021-11-23,3.5,2.8,3.5
2021-11-24,5.0,0.0,0.0
2021-11-26,12.5,19.0,18.0
2021-11-27,1.5,30.9,29.3
2021-11-28,5.6,58.0,70.9
2021-11-29,17.0,8.5,8.6
2021-11-30,3.2,0.0,0.0
2021-12-01,0.1,7.1,4.5
2021-12-03,2.0,7.7,5.0
2021-12-05,0.5,19.4,17.0
2021-12-06,44.8,11.7,9.0
2021-12-07,43.5,1.6,0.0
2021-12-08,0.7,8.0,5.3
2021-12-09,1.9,4.9,2.4
2021-12-10,0.2,2.0,1.0
2021-12-11,1.5,18.5,20.8
2021-12-12,5.4,3.0,1.7
2021-12-13,39.9,24.5,29.7
2021-12-14,6.0,9.6,9.4
2021-12-15,5.5,0.0,0.0
2021-12-16,6.0,0.0,0.0
2021-12-17,0.0,0.0,0.0
2021-12-19,0.8,19.0,21.2
2021-12-20,1.5,0.4,0.0
2021-12-22,0.9,3.7,2.4
2021-12-23,0.0,1.1,0.0
2021-12-25,0.1,2.2,1.1
2021-12-26,0.7,5.7,4.4
2021-12-27,0.2,18.1,16.3
2021-12-28,17.8,21.2,19.2
2021-12-29,27.4,2.2,1.0
2021-12-31,7.5,0.9,0.0
