date,gauge,imergl,lseqmdl
2001-11-01,5.6,18.4,21.6
2001-11-02,0.0,18.6,22.2
2001-11-03,4.6,12.8,12.2
2001-11-04,10.8,8.5,7.5
2001-11-05,0.0,2.2,1.0
2001-11-06,0.0,6.9,5.8
2001-11-07,0.6,0.6,0.0
2001-11-08,0.0,24.5,29.4
2001-11-09,0.0,5.2,4.1
2001-11-10,0.0,1.6,0.0
2001-11-11,0.0,13.1,11.3
2001-11-12,10.0,11.4,9.6
2001-11-13,0.3,1.6,0.0
2001-11-14,15.9,0.3,0.0
2001-11-15,0.0,1.3,0.0
2001-11-16,0.0,0.9,0.0
2001-11-17,0.0,2.2,1.0
2001-11-18,0.0,3.4,1.5
2001-11-19,11.6,1.1,0.0
2001-11-20,0.0,43.2,52.6
2001-11-21,27.0,3.2,1.0
2001-11-22,0.0,15.0,12.4
2001-11-23,0.0,1.1,0.0
2001-11-24,0.0,2.4,1.0
2001-11-25,1.3,27.8,32.8
2001-11-26,82.2,35.1,40.0
2001-11-27,6.6,7.1,4.8
2001-11-28,13.0,17.2,19.7
2001-11-29,4.0,21.1,24.4
2001-11-30,30.0,19.4,22.9
2002-01-01,0.0,8.4,6.6
2002-01-02,5.0,4.7,3.5
2002-01-03,7.7,0.0,0.0
2002-01-04,0.5,4.0,2.9
2002-01-05,0.0,3.5,2.4
2002-01-06,11.1,6.9,5.4
2002-01-07,37.6,22.7,21.4
2002-01-08,3.1,10.2,8.1
2002-01-09,5.6,9.9,7.8
2002-01-10,14.5,1.7,1.0
2002-01-11,1.1,0.5,0.0
2002-01-12,0.0,6.3,4.8
2002-01-13,2.2,0.2,0.0
2002-01-14,7.0,0.1,0.0
2002-01-15,0.5,2.0,1.5
2002-01-16,6.7,28.2,23.2
2002-01-17,6.0,13.3,10.1
2002-01-18,38.5,4.0,3.0
2002-01-19,1.6,2.0,1.6
2002-01-20,19.2,3.3,2.5
2002-01-21,0.0,0.0,0.0
2002-01-22,0.3,18.3,20.9
2002-01-23,2.2,34.1,40.0
2002-01-24,64.7,13.2,13.0
2002-01-25,1.0,0.2,0.0
2002-01-26,0.0,0.1,0.0
2002-01-27,0.0,0.0,0.0
2002-01-28,4.3,0.0,0.0
2002-01-29,3.2,2.9,2.8
2002-01-30,0.0,0.0,0.0
2002-01-31,0.0,5.9,5.7
2002-02-01,1.8,0.3,0.0
2002-02-02,0.3,0.9,0.0
2002-02-03,0.3,8.5,7.6
2002-02-04,0.0,0.0,0.0
2002-02-05,1.0,6.4,5.4
2002-02-06,18.7,0.0,0.0
2002-02-07,0.0,0.0,0.0
2002-02-08,0.0,0.0,0.0
2002-02-09,0.0,8.8,7.8
2002-02-10,0.0,0.2,0.0
2002-02-11,0.0,4.6,4.7
2002-02-12,16.6,20.7,21.0
2002-02-13,11.0,25.5,27.3
2002-02-14,5.9,9.5,10.0
2002-02-15,0.0,0.3,0.0
2002-02-16,39.4,0.0,0.0
2002-02-17,0.0,5.6,5.7
2002-02-18,36.2,0.0,0.0
2002-02-19,32.0,21.7,22.9
2002-02-20,43.6,5.9,6.1
2002-02-21,15.7,9.3,10.1
2002-02-22,15.3,11.2,12.6
2002-02-23,3.5,0.0,0.0
2002-02-24,0.0,0.4,0.0
2002-02-25,4.4,2.3,2.2
2002-02-26,0.0,7.9,8.6
2002-02-27,9.0,4.3,4.4
2002-02-28,3.1,7.2,7.7
2002-03-01,0.0,0.8,0.0
2002-03-02,3.7,40.5,43.0
2002-03-03,0.0,29.7,31.5
2002-03-04,0.0,10.3,9.8
2002-03-05,0.0,74.3,79.7
2002-03-06,0.0,11.4,10.9
2002-03-07,3.9,12.4,14.3
2002-03-08,26.8,2.6,2.8
2002-03-09,1.3,0.0,0.0
2002-03-10,22.0,0.0,0.0
2002-03-11,8.2,1.0,1.7
2002-03-12,5.6,0.0,0.0
2002-03-13,25.2,1.9,2.4
2002-03-14,38.7,0.2,0.0
2002-03-15,4.0,3.4,3.8
2002-03-16,0.0,2.3,2.8
2002-03-17,12.3,8.1,8.4
2002-03-18,9.8,0.3,0.0
2002-03-19,2.0,10.6,10.9
2002-03-20,3.2,14.1,14.4
2002-03-21,6.1,0.0,0.0
2002-03-22,0.0,53.5,49.1
2002-03-23,0.0,17.3,12.0
2002-03-24,5.5,0.0,0.0
2002-03-25,24.1,0.5,0.0
2002-03-26,0.0,0.7,0.0
2002-03-27,0.0,0.2,0.0
2002-03-28,70.0,0.1,0.0
2002-03-29,2.7,0.0,0.0
2002-03-30,10.0,5.8,3.7
2002-03-31,2.0,3.0,1.8
2002-04-01,0.0,0.6,0.0
2002-04-02,11.8,2.0,1.2
2002-04-03,3.6,0.7,0.0
2002-04-04,1.6,37.2,47.2
2002-04-05,0.0,18.6,17.4
2002-04-06,4.6,0.0,0.0
2002-04-07,9.3,1.4,1.0
2002-04-08,12.3,0.0,0.0
2002-04-09,7.9,0.0,0.0
2002-04-10,0.4,0.0,0.0
2002-04-11,0.0,2.2,2.3
2002-04-12,0.0,0.0,0.0
2002-04-13,13.0,12.8,11.2
2002-04-14,2.5,8.1,7.3
2002-04-15,22.4,0.0,0.0
2002-04-16,23.6,0.0,0.0
2002-04-17,7.1,5.1,4.7
2002-04-18,0.1,0.0,0.0
2002-04-19,0.0,0.0,0.0
2002-04-20,34.0,4.1,3.9
2002-04-21,13.1,11.6,9.5
2002-04-22,0.0,2.3,1.1
2002-04-23,26.6,0.0,0.0
2002-04-24,0.0,2.2,1.0
2002-04-25,10.0,7.6,5.7
2002-04-26,0.0,5.2,3.5
2002-04-27,7.2,8.9,7.0
2002-04-28,9.3,6.6,4.8
2002-04-29,24.9,2.4,1.1
2002-04-30,2.0,8.7,6.8
2002-05-01,0.9,48.9,41.9
2002-05-02,0.8,2.1,1.2
2002-05-03,0.3,7.6,5.1
2002-05-04,2.5,2.2,1.3
2002-05-05,0.0,4.8,3.1
2002-05-06,2.4,36.6,29.3
2002-05-07,0.5,9.5,6.4
2002-05-08,11.9,1.3,0.0
2002-05-09,20.5,26.4,18.4
2002-05-10,5.0,51.1,43.8
2002-05-11,0.0,29.1,28.2
2002-05-12,15.7,12.9,10.7
2002-05-13,0.0,0.1,0.0
2002-05-14,0.5,0.1,0.0
2002-05-15,0.0,2.8,2.1
2002-05-16,0.0,4.8,3.8
2002-05-17,0.0,0.1,0.0
2002-05-18,0.0,8.0,6.6
2002-05-19,0.0,0.0,0.0
2002-05-20,0.0,0.0,0.0
2002-05-21,1.1,16.2,18.1
2002-05-22,0.0,2.2,1.0
2002-05-23,1.0,1.6,0.0
2002-05-24,0.0,2.3,1.0
2002-05-25,0.0,0.0,0.0
2002-05-26,0.0,3.8,2.3
2002-05-27,0.0,3.5,2.0
2002-05-28,0.1,0.0,0.0
2002-05-29,0.0,0.0,0.0
2002-05-30,1.1,1.0,0.0
2002-05-31,0.0,4.3,2.8
2002-06-01,0.0,15.7,17.0
2002-06-02,0.0,3.4,2.5
2002-06-03,0.0,0.0,0.0
2002-06-04,0.0,0.0,0.0
2002-06-05,0.0,2.3,1.5
2002-06-06,47.5,0.0,0.0
2002-06-07,0.0,0.0,0.0
2002-06-08,0.0,0.7,0.0
2002-06-09,0.0,6.8,5.5
2002-06-10,0.3,30.6,38.7
2002-06-11,11.3,1.7,0.0
2002-06-12,9.0,27.9,38.8
2002-06-13,32.1,6.2,4.5
2002-06-14,0.0,36.2,50.8
2002-06-15,3.3,2.1,0.0
2002-06-16,9.2,18.2,20.0
2002-06-17,0.2,6.5,4.8
2002-06-18,46.5,11.9,11.9
2002-06-19,0.0,5.2,3.2
2002-06-20,2.1,0.9,0.0
2002-06-21,14.7,0.1,0.0
2002-06-22,0.0,8.6,6.7
2002-06-23,20.6,12.5,11.4
2002-06-24,0.0,9.4,7.3
2002-06-25,0.0,3.4,2.6
2002-06-26,0.0,7.5,5.8
2002-06-27,0.0,0.9,0.0
2002-06-28,0.0,43.5,36.7
2002-06-29,0.0,1.3,0.0
2002-06-30,0.0,0.0,0.0
2002-07-01,0.0,1.0,0.0
2002-07-02,0.0,6.3,4.1
2002-07-03,0.0,0.2,0.0
2002-07-04,0.0,0.9,0.0
2002-07-05,0.0,0.0,0.0
2002-07-06,0.0,0.0,0.0
2002-07-07,0.0,0.0,0.0
2002-07-08,0.0,0.0,0.0
2002-07-09,0.0,0.0,0.0
2002-07-10,0.0,0.0,0.0
2002-07-11,0.0,0.0,0.0
2002-07-12,0.0,0.9,0.0
2002-07-13,0.0,19.1,22.3
2002-07-14,0.0,21.1,25.4
2002-07-15,0.0,19.8,23.2
2002-07-16,0.0,0.0,0.0
2002-07-17,0.0,0.0,0.0
2002-07-18,0.0,2.1,0.0
2002-07-19,0.0,16.5,18.8
2002-07-20,0.0,0.0,0.0
2002-07-21,0.0,17.9,23.8
2002-07-22,0.0,2.8,3.3
2002-07-23,0.0,0.0,0.0
2002-07-24,0.5,12.5,15.0
2002-07-25,0.0,3.5,4.2
2002-07-26,0.0,0.0,0.0
2002-07-27,0.0,0.6,0.0
2002-07-28,0.0,1.2,1.3
2002-07-29,0.0,0.0,0.0
2002-07-30,3.2,0.3,0.0
2002-07-31,7.3,10.1,12.4
2002-08-01,5.8,0.0,0.0
2002-08-02,0.0,0.0,0.0
2002-08-03,0.0,95.9,81.8
2002-08-04,20.0,27.7,36.1
2002-08-05,15.6,4.1,2.3
2002-08-06,17.4,0.0,0.0
2002-08-07,0.0,0.0,0.0
2002-08-08,0.0,11.2,10.1
2002-08-09,0.2,3.1,1.3
2002-08-10,0.5,6.2,4.4
2002-08-11,7.1,5.4,3.8
2002-08-12,0.0,1.8,0.0
2002-08-13,0.0,0.9,0.0
2002-08-14,0.0,0.0,0.0
2002-08-15,0.0,2.2,0.0
2002-08-16,0.0,0.0,0.0
2002-08-17,0.0,0.0,0.0
2002-08-18,0.0,0.0,0.0
2002-08-19,0.0,0.0,0.0
2002-08-20,0.0,17.1,24.7
2002-08-21,0.0,0.1,0.0
2002-08-22,0.0,3.0,2.9
2002-08-23,0.3,2.9,2.9
2002-08-24,0.3,12.5,9.9
2002-08-25,19.9,0.0,0.0
2002-08-26,10.6,0.0,0.0
2002-08-27,0.5,0.0,0.0
2002-08-28,4.0,0.9,0.0
2002-08-29,0.0,13.9,11.1
2002-08-30,11.0,0.0,0.0
2002-08-31,0.0,0.0,0.0
2002-09-01,0.0,4.3,3.6
2002-09-02,22.4,0.2,0.0
2002-09-03,1.0,1.7,1.0
2002-09-04,28.0,5.9,5.8
2002-09-05,5.2,14.9,25.8
2002-09-06,0.0,14.6,24.6
2002-09-07,0.0,0.3,0.0
2002-09-08,0.0,92.3,79.2
2002-09-09,2.4,0.0,0.0
2002-09-10,0.0,0.2,0.0
2002-09-11,0.0,4.8,2.9
2002-09-12,37.4,0.0,0.0
2002-09-13,32.9,0.2,0.0
2002-09-14,0.5,16.4,12.8
2002-09-15,13.5,0.0,0.0
2002-09-16,39.8,0.2,0.0
2002-09-17,0.0,6.7,4.5
2002-09-18,55.2,11.5,8.8
2002-09-19,2.0,13.3,10.0
2002-09-20,0.0,36.0,41.0
2002-09-21,72.4,27.6,33.0
2002-09-22,25.7,0.2,0.0
2002-09-23,0.0,5.2,2.7
2002-09-24,13.0,5.5,3.0
2002-09-25,0.0,12.7,9.5
2002-09-26,0.0,3.4,1.1
2002-09-27,0.0,0.0,0.0
2002-09-28,0.0,3.5,1.2
2002-09-29,4.7,2.9,1.0
2002-09-30,30.7,3.7,1.4
2002-10-01,7.9,2.8,1.0
2002-10-02,0.8,1.1,0.0
2002-10-03,0.0,0.0,0.0
2002-10-04,0.9,0.0,0.0
2002-10-05,4.4,1.1,0.0
2002-10-06,0.5,0.0,0.0
2002-10-07,0.0,2.6,1.0
2002-10-08,3.5,0.0,0.0
2002-10-09,0.0,0.0,0.0
2002-10-10,0.0,2.0,1.0
2002-10-11,0.0,0.5,0.0
2002-10-12,0.0,0.0,0.0
2002-10-13,0.0,0.0,0.0
2002-10-14,0.0,14.9,11.0
2002-10-15,32.3,0.3,0.0
2002-10-16,0.0,0.4,0.0
2002-10-17,0.6,0.0,0.0
2002-10-18,0.0,0.6,0.0
2002-10-19,3.2,0.0,0.0
2002-10-20,0.7,43.9,46.8
2002-10-21,9.7,4.9,3.4
2002-10-22,10.0,34.5,40.3
2002-10-23,44.1,2.2,1.0
2002-10-24,0.0,0.0,0.0
2002-10-25,0.0,3.4,2.0
2002-10-26,10.2,0.0,0.0
2002-10-27,0.0,2.7,1.3
2002-10-28,0.3,10.9,9.0
2002-10-29,2.5,3.6,2.2
2002-10-30,0.0,0.0,0.0
2002-10-31,0.0,2.6,1.2
2002-11-01,0.0,3.8,2.5
2002-11-02,1.1,1.0,0.0
2002-11-03,0.0,0.0,0.0
2002-11-04,0.0,7.5,6.5
2002-11-05,16.6,0.0,0.0
2002-11-06,0.0,5.3,4.1
2002-11-07,0.6,0.1,0.0
2002-11-08,24.0,0.8,0.0
2002-11-09,0.3,0.4,0.0
2002-11-10,13.9,7.9,6.9
2002-11-11,3.4,19.8,18.1
2002-11-12,0.0,19.4,18.2
2002-11-13,0.0,19.8,19.0
2002-11-14,2.6,3.5,1.7
2002-11-15,0.0,4.5,2.6
2002-11-16,6.9,14.9,13.2
2002-11-17,1.0,6.0,4.0
2002-11-18,2.4,0.7,0.0
2002-11-19,3.0,15.1,13.3
2002-11-20,1.5,3.3,1.5
2002-11-21,32.0,13.1,10.9
2002-11-22,0.7,15.9,18.6
2002-11-23,7.7,2.4,1.0
2002-11-24,0.0,49.2,51.7
2002-11-25,4.2,11.5,9.3
2002-11-26,24.0,7.0,4.8
2002-11-27,6.3,58.2,58.4
2002-11-28,23.0,13.5,11.1
2002-11-29,0.5,0.3,0.0
2002-11-30,1.0,19.5,22.7
2002-12-01,30.0,9.0,8.1
2002-12-02,10.6,3.1,1.6
2002-12-03,0.0,0.0,0.0
2002-12-04,0.0,0.6,0.0
2002-12-05,0.0,0.0,0.0
2002-12-06,0.0,13.2,12.9
2002-12-07,0.8,13.1,12.9
2002-12-08,0.0,17.0,20.7
2002-12-09,0.0,0.0,0.0
2002-12-10,1.0,0.6,0.0
2002-12-11,0.8,2.6,1.9
2002-12-12,2.0,2.5,1.8
2002-12-13,12.0,0.0,0.0
2002-12-14,10.6,2.3,1.6
2002-12-15,1.6,10.1,8.1
2002-12-16,2.0,14.7,12.0
2002-12-17,2.2,1.4,1.0
2002-12-18,7.3,13.9,11.3
2002-12-19,8.0,0.3,0.0
2002-12-20,2.5,4.7,3.7
2002-12-21,1.7,4.8,3.6
2002-12-22,0.0,4.9,3.7
2002-12-23,12.9,0.9,0.0
2002-12-24,0.8,0.4,0.0
2002-12-25,1.3,3.6,2.4
2002-12-26,1.4,5.5,4.2
2002-12-27,4.2,1.4,1.0
2002-12-28,3.2,11.1,9.3
2002-12-29,7.0,28.0,36.6
2002-12-30,48.4,2.3,1.2
2002-12-31,0.0,0.8,0.0
2003-01-01,0.0,7.5,5.8
2003-01-02,27.8,0.3,0.0
2003-01-03,2.0,4.8,3.6
2003-01-04,12.6,2.2,1.3
2003-01-05,13.1,0.1,0.0
2003-01-06,0.0,3.4,2.4
2003-01-07,0.0,22.8,21.3
2003-01-08,6.8,1.0,0.0
2003-01-09,2.2,3.4,2.4
2003-01-10,0.0,17.5,14.4
2003-01-11,7.3,28.2,23.9
2003-01-12,12.4,36.2,32.6
2003-01-13,14.9,20.0,15.2
2003-01-14,3.4,33.6,30.9
2003-01-15,24.3,21.1,16.0
2003-01-16,11.7,6.6,5.1
2003-01-17,0.7,2.8,2.1
2003-01-18,4.6,2.4,1.9
2003-01-19,0.8,0.0,0.0
2003-01-20,0.0,0.0,0.0
2003-01-21,0.0,5.2,4.9
2003-01-22,18.7,7.5,7.3
2003-01-23,0.6,3.8,3.7
2003-01-24,6.1,0.1,0.0
2003-01-25,0.0,0.0,0.0
2003-01-26,0.0,0.0,0.0
2003-01-27,0.0,0.0,0.0
2003-01-28,0.8,2.5,2.4
2003-01-29,2.3,2.6,2.5
2003-01-30,50.0,10.2,10.0
2003-01-31,45.0,11.0,10.8
2003-02-01,15.8,0.0,0.0
2003-02-02,7.0,11.9,11.0
2003-02-03,10.0,18.5,17.8
2003-02-04,6.3,7.1,6.1
2003-02-05,22.7,2.1,1.0
2003-02-06,6.2,2.9,1.8
2003-02-07,7.6,0.7,0.0
2003-02-08,0.0,3.9,2.8
2003-02-09,2.0,0.4,0.0
2003-02-10,0.0,1.9,1.0
2003-02-11,1.5,8.7,9.1
2003-02-12,17.3,1.3,1.3
2003-02-13,0.0,6.3,6.5
2003-02-14,4.6,7.1,7.4
2003-02-15,2.0,1.3,1.4
2003-02-16,3.2,1.9,2.0
2003-02-17,0.8,3.3,3.3
2003-02-18,2.5,0.0,0.0
2003-02-19,0.0,1.7,1.7
2003-02-20,3.0,0.1,0.0
2003-02-21,0.0,0.5,0.0
2003-02-22,0.8,4.9,5.1
2003-02-23,21.6,12.4,14.0
2003-02-24,6.3,32.5,41.7
2003-02-25,0.0,4.9,5.1
2003-02-26,0.6,0.2,0.0
2003-02-27,0.8,3.2,3.3
2003-02-28,0.0,0.0,0.0
2003-03-01,2.4,6.8,6.6
2003-03-02,2.7,0.7,0.0
2003-03-03,15.0,1.4,1.8
2003-03-04,6.0,0.0,0.0
2003-03-05,0.0,11.5,10.9
2003-03-06,35.6,0.0,0.0
2003-03-07,0.0,2.0,2.2
2003-03-08,31.0,0.0,0.0
2003-03-09,4.1,0.1,0.0
2003-03-10,3.7,0.4,0.0
2003-03-11,9.1,8.3,8.6
2003-03-12,27.6,0.3,0.0
2003-03-13,0.0,0.0,0.0
2003-03-14,0.0,1.1,1.7
2003-03-15,13.6,6.2,6.5
2003-03-16,17.1,5.4,5.7
2003-03-17,7.9,16.2,17.3
2003-03-18,2.0,4.0,4.3
2003-03-19,0.0,0.6,0.0
2003-03-20,0.0,0.2,0.0
2003-03-21,0.0,7.1,4.6
2003-03-22,22.1,8.2,5.4
2003-03-23,9.2,2.0,1.1
2003-03-24,4.4,5.9,3.8
2003-03-25,0.0,0.0,0.0
2003-03-26,3.0,4.2,2.6
2003-03-27,0.0,3.0,1.8
2003-03-28,0.4,19.3,14.5
2003-03-29,12.7,3.9,2.4
2003-03-30,6.4,1.3,0.0
2003-03-31,1.6,25.2,19.1
2003-04-01,14.0,6.9,5.6
2003-04-02,1.1,5.3,4.2
2003-04-03,1.4,10.4,9.2
2003-04-04,15.4,0.2,0.0
2003-04-05,0.0,0.8,0.0
2003-04-06,3.3,0.1,0.0
2003-04-07,1.0,6.8,5.6
2003-04-08,0.0,0.9,0.0
2003-04-09,0.0,0.7,0.0
2003-04-10,0.0,0.9,0.0
2003-04-11,0.0,7.4,6.7
2003-04-12,1.7,14.8,12.7
2003-04-13,0.0,0.0,0.0
2003-04-14,0.0,4.3,4.1
2003-04-15,1.5,0.0,0.0
2003-04-16,0.0,3.5,3.4
2003-04-17,0.0,0.5,0.0
2003-04-18,0.0,60.0,74.6
2003-04-19,1.5,13.2,11.7
2003-04-20,1.2,0.0,0.0
2003-04-21,0.0,7.8,5.9
2003-04-22,0.0,0.0,0.0
2003-04-23,0.0,0.0,0.0
2003-04-24,0.0,0.0,0.0
2003-04-25,0.0,0.9,0.0
2003-04-26,0.0,0.2,0.0
2003-04-27,0.0,15.9,13.6
2003-04-28,0.0,4.8,3.2
2003-04-29,0.0,0.0,0.0
2003-04-30,0.0,8.0,6.1
2003-05-01,0.0,0.0,0.0
2003-05-02,1.1,0.0,0.0
2003-05-03,0.0,0.0,0.0
2003-05-04,0.0,6.7,4.4
2003-05-05,5.4,16.3,11.3
2003-05-06,0.4,0.0,0.0
2003-05-07,0.0,12.3,8.4
2003-05-08,0.8,33.2,25.7
2003-05-09,1.4,16.4,11.3
2003-05-10,0.6,8.0,5.3
2003-05-11,3.7,51.5,49.7
2003-05-12,101.7,17.9,15.1
2003-05-13,5.7,93.6,70.7
2003-05-14,2.1,49.4,47.5
2003-05-15,3.6,69.3,67.0
2003-05-16,32.3,1.5,1.0
2003-05-17,0.0,12.8,10.7
2003-05-18,20.6,0.0,0.0
2003-05-19,0.0,16.1,13.5
2003-05-20,31.6,0.0,0.0
2003-05-21,2.3,0.0,0.0
2003-05-22,0.0,0.7,0.0
2003-05-23,0.0,14.7,14.0
2003-05-24,33.3,4.6,3.2
2003-05-25,0.0,1.1,0.0
2003-05-26,0.5,0.3,0.0
2003-05-27,0.6,0.0,0.0
2003-05-28,0.0,2.5,1.0
2003-05-29,0.0,3.8,2.4
2003-05-30,0.0,2.6,1.0
2003-05-31,0.0,0.0,0.0
2003-06-01,0.0,1.7,1.0
2003-06-02,0.0,0.0,0.0
2003-06-03,0.0,0.0,0.0
2003-06-04,10.0,9.9,8.5
2003-06-05,9.3,0.2,0.0
2003-06-06,0.0,0.0,0.0
2003-06-07,0.0,0.0,0.0
2003-06-08,0.0,0.2,0.0
2003-06-09,0.0,0.0,0.0
2003-06-10,0.0,0.0,0.0
2003-06-11,0.6,0.7,0.0
2003-06-12,0.0,3.4,1.0
2003-06-13,5.0,1.8,0.0
2003-06-14,28.4,0.5,0.0
2003-06-15,2.4,2.4,0.0
2003-06-16,0.0,0.1,0.0
2003-06-17,0.0,0.0,0.0
2003-06-18,0.0,0.4,0.0
2003-06-19,0.0,0.0,0.0
2003-06-20,5.0,3.7,1.2
2003-06-21,0.0,2.4,1.8
2003-06-22,3.5,0.0,0.0
2003-06-23,1.1,8.5,6.6
2003-06-24,7.0,1.7,1.2
2003-06-25,4.2,59.7,47.0
2003-06-26,11.1,0.3,0.0
2003-06-27,0.0,0.2,0.0
2003-06-28,58.6,25.5,23.5
2003-06-29,4.9,12.3,10.7
2003-06-30,15.3,18.4,16.2
2003-07-01,0.1,0.9,0.0
2003-07-02,0.0,0.0,0.0
2003-07-03,0.0,6.3,4.1
2003-07-04,2.5,2.2,1.0
2003-07-05,10.3,1.2,0.0
2003-07-06,13.0,30.9,27.7
2003-07-07,1.2,21.5,16.4
2003-07-08,53.0,11.9,8.5
2003-07-09,11.0,19.9,15.5
2003-07-10,0.0,0.0,0.0
2003-07-11,0.0,5.7,3.0
2003-07-12,12.0,13.1,10.2
2003-07-13,0.3,7.6,4.9
2003-07-14,4.4,0.0,0.0
2003-07-15,9.0,0.0,0.0
2003-07-16,0.0,0.0,0.0
2003-07-17,0.0,11.1,8.3
2003-07-18,2.5,1.0,0.0
2003-07-19,0.0,3.2,1.0
2003-07-20,0.0,3.9,1.3
2003-07-21,0.0,3.9,4.6
2003-07-22,0.0,0.1,0.0
2003-07-23,0.0,0.0,0.0
2003-07-24,0.0,10.3,12.5
2003-07-25,11.0,7.1,8.6
2003-07-26,38.4,24.9,33.8
2003-07-27,1.2,0.0,0.0
2003-07-28,0.0,1.4,1.6
2003-07-29,40.0,11.9,15.1
2003-07-30,14.2,0.7,0.0
2003-07-31,0.0,0.0,0.0
2003-08-01,0.0,0.9,0.0
2003-08-02,0.0,0.4,0.0
2003-08-03,0.0,3.6,1.9
2003-08-04,0.0,6.1,4.3
2003-08-05,19.5,0.2,0.0
2003-08-06,0.0,0.5,0.0
2003-08-07,0.0,0.6,0.0
2003-08-08,11.0,3.7,2.0
2003-08-09,0.7,0.9,0.0
2003-08-10,0.0,0.0,0.0
2003-08-11,2.0,15.3,21.2
2003-08-12,26.5,2.3,1.0
2003-08-13,1.0,3.4,1.2
2003-08-14,0.0,0.0,0.0
2003-08-15,0.5,0.9,0.0
2003-08-16,4.8,5.7,4.2
2003-08-17,12.1,1.4,0.0
2003-08-18,29.6,11.0,12.0
2003-08-19,6.0,7.5,6.7
2003-08-20,10.5,0.0,0.0
2003-08-21,0.6,1.3,1.5
2003-08-22,0.0,3.8,3.5
2003-08-23,1.9,0.9,0.0
2003-08-24,5.5,61.9,51.5
2003-08-25,23.8,0.4,0.0
2003-08-26,0.0,17.7,13.7
2003-08-27,1.1,1.1,0.0
2003-08-28,0.0,1.7,1.8
2003-08-29,6.6,0.1,0.0
2003-08-30,0.0,2.8,2.7
2003-08-31,0.0,24.0,21.0
2003-09-01,18.5,2.2,1.0
2003-09-02,0.0,10.4,12.1
2003-09-03,78.5,4.9,4.4
2003-09-04,1.0,10.8,12.8
2003-09-05,0.0,0.3,0.0
2003-09-06,0.0,6.6,6.7
2003-09-07,49.0,0.1,0.0
2003-09-08,0.0,0.3,0.0
2003-09-09,0.0,20.8,38.2
2003-09-10,12.0,2.9,1.7
2003-09-11,1.3,1.7,1.0
2003-09-12,0.0,0.7,0.0
2003-09-13,0.0,2.5,1.0
2003-09-14,0.2,0.0,0.0
2003-09-15,1.0,7.5,5.3
2003-09-16,3.5,4.4,2.5
2003-09-17,10.2,6.1,4.0
2003-09-18,0.0,37.9,43.5
2003-09-19,28.0,122.6,106.0
2003-09-20,13.5,1.3,0.0
2003-09-21,0.2,12.1,9.1
2003-09-22,1.2,0.3,0.0
2003-09-23,0.4,11.0,8.0
2003-09-24,0.0,0.7,0.0
2003-09-25,0.0,0.0,0.0
2003-09-26,6.6,46.9,62.2
2003-09-27,31.8,0.0,0.0
2003-09-28,0.3,5.0,2.5
2003-09-29,0.0,58.5,78.9
2003-09-30,4.7,1.4,0.0
2003-10-01,16.4,3.5,1.7
2003-10-02,0.0,0.9,0.0
2003-10-03,0.0,2.7,1.0
2003-10-04,22.7,6.0,4.0
2003-10-05,21.1,0.7,0.0
2003-10-06,6.7,0.0,0.0
2003-10-07,0.0,6.2,4.2
2003-10-08,4.5,3.0,1.2
2003-10-09,14.5,8.9,6.7
2003-10-10,2.0,13.8,11.4
2003-10-11,2.8,51.0,54.7
2003-10-12,1.1,7.3,4.5
2003-10-13,2.8,0.2,0.0
2003-10-14,12.8,0.1,0.0
2003-10-15,7.8,3.9,1.6
2003-10-16,4.0,3.1,1.0
2003-10-17,11.0,4.3,1.9
2003-10-18,0.0,16.5,12.1
2003-10-19,51.6,0.0,0.0
2003-10-20,0.2,14.4,10.6
2003-10-21,7.7,2.2,1.0
2003-10-22,0.0,0.0,0.0
2003-10-23,0.0,0.0,0.0
2003-10-24,0.0,118.5,60.9
2003-10-25,56.5,31.0,37.4
2003-10-26,18.2,1.0,0.0
2003-10-27,16.9,0.0,0.0
2003-10-28,0.0,0.6,0.0
2003-10-29,0.0,0.0,0.0
2003-10-30,0.0,0.0,0.0
2003-10-31,0.0,7.4,5.7
2003-11-01,1.7,0.5,0.0
2003-11-02,4.8,0.3,0.0
2003-11-03,1.6,12.2,11.3
2003-11-04,1.2,3.1,1.7
2003-11-05,0.4,0.0,0.0
2003-11-06,0.0,2.0,1.0
2003-11-07,0.0,0.2,0.0
2003-11-08,0.0,2.0,1.0
2003-11-09,0.0,1.2,0.0
2003-11-10,0.0,1.9,1.0
2003-11-11,0.0,6.5,4.6
2003-11-12,1.5,4.6,2.7
2003-11-13,7.2,2.3,1.0
2003-11-14,19.2,0.5,0.0
2003-11-15,0.0,33.5,38.5
2003-11-16,9.6,17.3,15.9
2003-11-17,0.0,1.4,0.0
2003-11-18,0.0,21.1,19.9
2003-11-19,17.0,1.1,0.0
2003-11-20,5.7,12.1,10.3
2003-11-21,22.2,3.0,1.0
2003-11-22,0.0,4.0,1.8
2003-11-23,0.0,1.1,0.0
2003-11-24,9.8,0.7,0.0
2003-11-25,0.9,2.2,0.0
2003-11-26,0.0,1.4,0.0
2003-11-27,0.0,5.0,2.8
2003-11-28,0.0,25.5,31.7
2003-11-29,7.4,11.3,9.1
2003-11-30,42.3,0.4,0.0
2003-12-01,0.4,0.0,0.0
2003-12-02,0.0,4.6,3.2
2003-12-03,0.0,39.7,57.0
2003-12-04,0.0,57.8,73.6
2003-12-05,1.0,5.0,3.7
2003-12-06,0.0,5.1,3.8
2003-12-07,28.6,2.6,1.1
2003-12-08,6.3,28.2,41.3
2003-12-09,29.5,12.3,12.0
2003-12-10,8.2,12.7,12.4
2003-12-11,0.1,0.2,0.0
2003-12-12,0.0,1.4,1.0
2003-12-13,3.8,4.1,3.1
2003-12-14,16.6,59.0,58.3
2003-12-15,8.6,0.2,0.0
2003-12-16,1.0,26.7,25.4
2003-12-17,8.4,11.1,8.9
2003-12-18,0.3,34.8,35.4
2003-12-19,37.9,7.2,5.8
2003-12-20,7.4,2.3,1.6
2003-12-21,0.0,8.8,7.3
2003-12-22,0.2,12.3,10.5
2003-12-23,21.6,14.2,12.2
2003-12-24,0.5,4.2,3.0
2003-12-25,0.0,9.7,8.1
2003-12-26,0.5,2.0,1.0
2003-12-27,1.3,0.3,0.0
2003-12-28,0.1,7.2,5.8
2003-12-29,28.0,0.0,0.0
2003-12-30,32.0,6.4,5.1
2003-12-31,0.6,0.3,0.0
2004-01-01,0.3,0.1,0.0
2004-01-02,19.3,2.8,1.8
2004-01-03,12.4,0.4,0.0
2004-01-04,0.0,3.2,2.2
2004-01-05,20.9,6.3,4.8
2004-01-06,0.0,0.7,0.0
2004-01-07,4.0,3.3,2.2
2004-01-08,7.0,2.9,1.9
2004-01-09,12.4,2.3,1.4
2004-01-10,99.9,0.2,0.0
2004-01-11,0.0,0.0,0.0
2004-01-12,0.0,0.2,0.0
2004-01-13,0.0,0.0,0.0
2004-01-14,0.5,0.0,0.0
2004-01-15,10.4,4.1,3.2
2004-01-16,17.4,1.7,1.3
2004-01-17,0.0,0.0,0.0
2004-01-18,0.0,1.1,0.0
2004-01-19,0.0,6.5,5.0
2004-01-20,1.2,0.1,0.0
2004-01-21,0.5,8.3,8.1
2004-01-22,0.0,0.3,0.0
2004-01-23,7.2,4.2,4.0
2004-01-24,0.4,8.2,8.0
2004-01-25,8.9,6.7,6.5
2004-01-26,23.8,5.4,5.2
2004-01-27,27.3,4.5,4.3
2004-01-28,7.1,8.9,8.7
2004-01-29,25.8,19.1,21.8
2004-01-30,25.0,5.4,5.2
2004-01-31,3.4,2.0,1.9
2004-02-01,0.0,12.9,12.1
2004-02-02,10.4,1.0,0.0
2004-02-03,1.5,5.7,4.7
2004-02-04,8.6,0.1,0.0
2004-02-05,0.0,18.9,18.1
2004-02-06,5.8,33.8,36.9
2004-02-07,39.7,11.8,11.0
2004-02-08,3.3,23.4,22.2
2004-02-09,0.0,1.4,1.0
2004-02-10,13.5,0.3,0.0
2004-02-11,0.0,3.6,3.6
2004-02-12,0.0,0.0,0.0
2004-02-13,4.8,6.2,6.3
2004-02-14,0.0,0.0,0.0
2004-02-15,11.7,0.0,0.0
2004-02-16,10.4,12.1,12.9
2004-02-17,85.4,0.3,0.0
2004-02-18,0.0,0.2,0.0
2004-02-19,0.2,0.0,0.0
2004-02-20,0.0,0.0,0.0
2004-02-21,2.4,0.0,0.0
2004-02-22,0.0,9.7,10.9
2004-02-23,0.6,3.4,3.4
2004-02-24,2.0,4.1,4.3
2004-02-25,0.0,8.1,8.8
2004-02-26,1.4,0.0,0.0
2004-02-27,1.4,7.8,8.4
2004-02-28,0.0,0.0,0.0
2004-02-29,0.0,5.0,5.3
2004-03-01,86.9,0.4,0.0
2004-03-02,80.6,0.4,0.0
2004-03-03,100.0,17.9,16.5
2004-03-04,42.9,0.2,0.0
2004-03-05,3.5,10.6,10.1
2004-03-06,5.6,9.9,9.4
2004-03-07,18.5,2.6,2.8
2004-03-08,52.9,1.0,1.5
2004-03-09,0.0,27.2,27.5
2004-03-10,0.0,41.6,45.7
2004-03-11,0.0,11.0,11.6
2004-03-12,49.8,2.5,3.0
2004-03-13,45.0,24.9,29.9
2004-03-14,0.0,1.3,1.9
2004-03-15,42.7,0.0,0.0
2004-03-16,0.0,33.4,42.8
2004-03-17,16.7,0.6,0.0
2004-03-18,93.8,13.4,13.8
2004-03-19,20.8,0.0,0.0
2004-03-20,84.8,0.0,0.0
2004-03-21,88.8,0.0,0.0
2004-03-22,64.8,0.1,0.0
2004-03-23,53.3,0.3,0.0
2004-03-24,0.0,9.9,6.6
2004-03-25,43.8,13.9,9.6
2004-03-26,28.5,0.1,0.0
2004-03-27,88.3,3.7,2.3
2004-03-28,48.1,2.8,1.6
2004-03-29,84.6,0.0,0.0
2004-03-30,58.8,4.1,2.5
2004-03-31,24.8,5.6,3.6
2004-04-01,64.8,0.8,0.0
2004-04-02,0.0,0.1,0.0
2004-04-03,0.0,0.0,0.0
2004-04-04,0.0,0.4,0.0
2004-04-05,0.0,0.9,0.0
2004-04-06,1.5,0.0,0.0
2004-04-07,2.0,0.0,0.0
2004-04-08,0.0,6.9,5.7
2004-04-09,41.6,1.8,1.1
2004-04-10,0.4,0.0,0.0
2004-04-11,0.0,0.0,0.0
2004-04-12,0.0,2.8,2.9
2004-04-13,0.0,2.1,2.3
2004-04-14,7.5,2.1,2.3
2004-04-15,1.1,6.6,6.0
2004-04-16,5.0,0.3,0.0
2004-04-17,0.4,2.1,2.3
2004-04-18,0.0,5.6,5.2
2004-04-19,0.0,0.0,0.0
2004-04-20,0.0,0.0,0.0
2004-04-21,5.0,3.4,1.9
2004-04-22,0.0,3.0,1.6
2004-04-23,17.0,4.8,3.2
2004-04-24,1.0,3.7,2.2
2004-04-25,8.0,2.7,1.4
2004-04-26,2.0,0.0,0.0
2004-04-27,0.0,5.6,3.9
2004-04-28,0.5,0.2,0.0
2004-04-29,1.3,5.4,3.7
2004-04-30,0.0,3.0,1.6
2004-05-01,0.0,0.6,0.0
2004-05-02,0.0,12.8,8.8
2004-05-03,17.0,32.1,24.6
2004-05-04,0.4,2.9,1.7
2004-05-05,3.0,8.1,5.4
2004-05-06,0.2,5.5,3.6
2004-05-07,9.0,8.2,5.5
2004-05-08,0.0,10.8,7.3
2004-05-09,53.4,8.3,5.5
2004-05-10,0.3,0.0,0.0
2004-05-11,0.0,19.9,17.4
2004-05-12,1.1,9.3,7.7
2004-05-13,1.0,1.0,0.0
2004-05-14,0.5,74.6,68.2
2004-05-15,28.7,7.5,6.1
2004-05-16,0.7,0.0,0.0
2004-05-17,0.0,0.1,0.0
2004-05-18,0.3,1.8,1.2
2004-05-19,4.1,0.5,0.0
2004-05-20,0.8,33.0,34.0
2004-05-21,11.8,0.0,0.0
2004-05-22,0.0,0.0,0.0
2004-05-23,0.0,2.6,1.0
2004-05-24,0.0,0.0,0.0
2004-05-25,0.0,3.9,2.4
2004-05-26,0.0,0.6,0.0
2004-05-27,1.4,0.0,0.0
2004-05-28,0.3,1.7,0.0
2004-05-29,28.7,6.7,5.5
2004-05-30,0.0,0.1,0.0
2004-05-31,0.0,4.0,2.5
2004-06-01,33.0,1.5,1.0
2004-06-02,0.0,1.9,1.2
2004-06-03,33.8,0.0,0.0
2004-06-04,0.0,11.0,9.6
2004-06-05,81.5,1.9,1.2
2004-06-06,4.7,0.7,0.0
2004-06-07,5.8,6.5,5.2
2004-06-08,2.8,0.0,0.0
2004-06-09,0.2,8.2,6.8
2004-06-10,5.2,6.9,5.6
2004-06-11,40.6,1.0,0.0
2004-06-12,1.4,3.0,1.0
2004-06-13,26.0,23.7,31.5
2004-06-14,38.1,2.0,0.0
2004-06-15,0.0,7.3,5.9
2004-06-16,1.8,0.0,0.0
2004-06-17,0.0,6.1,4.3
2004-06-18,2.0,0.1,0.0
2004-06-19,0.0,4.4,2.1
2004-06-20,10.6,0.0,0.0
2004-06-21,0.0,0.0,0.0
2004-06-22,0.0,2.0,1.4
2004-06-23,3.5,0.6,0.0
2004-06-24,22.3,0.7,0.0
2004-06-25,0.0,0.0,0.0
2004-06-26,0.0,0.0,0.0
2004-06-27,0.0,6.7,5.2
2004-06-28,16.4,0.7,0.0
2004-06-29,2.1,0.0,0.0
2004-06-30,0.0,0.0,0.0
2004-07-01,0.0,0.0,0.0
2004-07-02,0.0,0.0,0.0
2004-07-03,0.0,0.0,0.0
2004-07-04,0.0,0.3,0.0
2004-07-05,0.0,0.0,0.0
2004-07-06,0.0,0.0,0.0
2004-07-07,0.0,5.2,3.2
2004-07-08,0.0,5.0,3.0
2004-07-09,0.0,1.0,0.0
2004-07-10,0.0,3.9,2.2
2004-07-11,0.0,3.4,1.0
2004-07-12,0.0,3.8,1.2
2004-07-13,0.0,6.3,3.6
2004-07-14,0.0,1.3,0.0
2004-07-15,0.0,7.9,5.2
2004-07-16,0.0,1.0,0.0
2004-07-17,0.0,4.7,2.1
2004-07-18,0.0,7.6,4.8
2004-07-19,0.0,1.7,0.0
2004-07-20,0.0,0.0,0.0
2004-07-21,0.0,0.0,0.0
2004-07-22,0.0,0.1,0.0
2004-07-23,0.0,0.4,0.0
2004-07-24,0.0,16.9,21.6
2004-07-25,0.0,0.6,0.0
2004-07-26,0.0,0.0,0.0
2004-07-27,0.0,21.8,28.7
2004-07-28,0.0,9.9,12.2
2004-07-29,0.0,14.8,18.0
2004-07-30,0.0,8.6,10.5
2004-07-31,0.0,2.6,3.1
2004-08-01,0.0,0.0,0.0
2004-08-02,0.0,12.5,10.9
2004-08-03,0.0,1.1,0.0
2004-08-04,0.0,0.0,0.0
2004-08-05,0.0,0.0,0.0
2004-08-06,0.0,1.0,0.0
2004-08-07,0.0,2.1,1.0
2004-08-08,0.0,2.0,1.0
2004-08-09,0.0,0.0,0.0
2004-08-10,0.0,0.0,0.0
2004-08-11,0.0,0.0,0.0
2004-08-12,0.0,0.0,0.0
2004-08-13,0.0,0.2,0.0
2004-08-14,0.0,0.0,0.0
2004-08-15,0.0,0.0,0.0
2004-08-16,0.0,0.0,0.0
2004-08-17,0.0,0.0,0.0
2004-08-18,0.0,0.0,0.0
2004-08-19,0.0,2.8,1.0
2004-08-20,0.0,0.1,0.0
2004-08-21,0.0,0.5,0.0
2004-08-22,0.0,0.0,0.0
2004-08-23,0.0,0.0,0.0
2004-08-24,0.0,1.0,0.0
2004-08-25,0.0,0.0,0.0
2004-08-26,0.0,0.0,0.0
2004-08-27,0.0,2.4,2.5
2004-08-28,0.0,0.0,0.0
2004-08-29,0.0,0.2,0.0
2004-08-30,0.0,0.0,0.0
2004-08-31,0.0,0.0,0.0
2004-09-01,0.0,0.0,0.0
2004-09-02,0.0,1.5,1.0
2004-09-03,0.0,6.1,5.9
2004-09-04,0.0,9.6,10.8
2004-09-05,0.0,0.3,0.0
2004-09-06,0.0,0.3,0.0
2004-09-07,0.0,13.9,24.1
2004-09-08,0.0,7.9,8.5
2004-09-09,0.0,1.8,1.0
2004-09-10,0.0,2.2,1.0
2004-09-11,0.0,0.6,0.0
2004-09-12,0.0,0.8,0.0
2004-09-13,0.0,3.9,2.1
2004-09-14,0.0,0.0,0.0
2004-09-15,0.0,1.8,1.0
2004-09-16,0.0,44.3,52.0
2004-09-17,0.0,0.3,0.0
2004-09-18,0.0,10.7,8.0
2004-09-19,0.0,2.1,1.0
2004-09-20,0.0,5.2,3.2
2004-09-21,0.0,3.1,1.0
2004-09-22,0.0,0.0,0.0
2004-09-23,0.0,3.8,1.4
2004-09-24,0.0,40.5,53.0
2004-09-25,0.0,35.4,46.0
2004-09-26,0.0,9.5,6.6
2004-09-27,0.0,0.0,0.0
2004-09-28,0.0,2.2,1.0
2004-09-29,0.0,4.0,1.6
2004-09-30,0.0,4.7,2.2
2004-10-01,0.0,0.1,0.0
2004-10-02,6.6,2.1,1.0
2004-10-03,0.0,0.9,0.0
2004-10-04,0.0,2.3,1.0
2004-10-05,0.0,2.2,1.0
2004-10-06,0.0,2.2,1.0
2004-10-07,0.0,7.4,5.3
2004-10-08,0.0,52.9,57.8
2004-10-09,14.6,36.0,36.9
2004-10-10,8.0,7.7,5.6
2004-10-11,5.8,2.5,1.0
2004-10-12,17.9,1.5,0.0
2004-10-13,3.0,14.2,10.4
2004-10-14,24.1,63.3,64.0
2004-10-15,53.5,15.0,11.0
2004-10-16,0.2,29.0,27.8
2004-10-17,0.2,0.0,0.0
2004-10-18,0.0,0.0,0.0
2004-10-19,11.8,0.0,0.0
2004-10-20,0.0,8.1,5.1
2004-10-21,0.4,2.6,1.2
2004-10-22,0.3,0.0,0.0
2004-10-23,0.0,1.4,1.0
2004-10-24,0.0,0.0,0.0
2004-10-25,1.2,0.5,0.0
2004-10-26,0.0,5.4,3.8
2004-10-27,1.4,10.4,8.5
2004-10-28,0.0,0.0,0.0
2004-10-29,0.0,0.0,0.0
2004-10-30,0.0,1.6,1.0
2004-10-31,0.0,15.3,13.0
2004-11-01,0.0,8.3,7.3
2004-11-02,0.0,1.9,1.0
2004-11-03,0.0,0.4,0.0
2004-11-04,0.0,3.0,1.7
2004-11-05,0.0,5.9,4.7
2004-11-06,0.0,4.2,3.0
2004-11-07,0.0,3.2,1.8
2004-11-08,0.0,11.6,10.7
2004-11-09,0.0,0.7,0.0
2004-11-10,0.0,0.0,0.0
2004-11-11,0.0,5.7,3.8
2004-11-12,0.0,0.1,0.0
2004-11-13,0.0,2.0,1.0
2004-11-14,0.0,16.2,14.6
2004-11-15,0.0,42.0,51.0
2004-11-16,0.0,2.0,1.0
2004-11-17,0.0,26.0,27.3
2004-11-18,0.0,20.4,19.3
2004-11-19,0.0,19.3,17.5
2004-11-20,0.0,5.3,3.4
2004-11-21,0.0,10.5,8.3
2004-11-22,0.0,16.5,19.1
2004-11-23,0.0,3.9,1.7
2004-11-24,0.0,0.0,0.0
2004-11-25,0.0,0.0,0.0
2004-11-26,0.0,2.6,1.0
2004-11-27,0.0,43.5,47.4
2004-11-28,0.0,3.0,1.0
2004-11-29,0.0,19.7,24.5
2004-11-30,0.0,5.4,3.2
2004-12-01,4.0,2.9,1.4
2004-12-02,0.0,9.2,8.4
2004-12-03,10.0,2.5,1.0
2004-12-04,0.6,5.1,3.8
2004-12-05,0.7,14.7,14.5
2004-12-06,1.1,0.0,0.0
2004-12-07,2.0,12.8,12.6
2004-12-08,0.0,7.3,6.2
2004-12-09,8.3,5.8,4.6
2004-12-10,0.0,3.6,2.2
2004-12-11,16.4,0.6,0.0
2004-12-12,0.0,0.9,0.0
2004-12-13,0.0,22.8,20.8
2004-12-14,2.5,8.0,6.4
2004-12-15,0.6,1.6,1.1
2004-12-16,5.0,2.7,2.0
2004-12-17,3.4,3.2,2.4
2004-12-18,0.0,0.1,0.0
2004-12-19,0.0,34.8,35.3
2004-12-20,81.0,19.6,16.1
2004-12-21,6.6,23.9,30.0
2004-12-22,57.0,1.0,0.0
2004-12-23,0.2,2.0,1.0
2004-12-24,17.2,7.5,6.0
2004-12-25,6.8,17.3,21.6
2004-12-26,1.0,0.4,0.0
2004-12-27,7.6,0.6,0.0
2004-12-28,0.0,13.9,11.9
2004-12-29,4.0,0.0,0.0
2004-12-30,0.0,0.2,0.0
2004-12-31,0.0,6.6,5.2
2005-01-01,17.9,0.0,0.0
2005-01-02,0.6,2.8,1.8
2005-01-03,0.2,4.9,3.6
2005-01-04,13.0,1.0,0.0
2005-01-05,0.3,10.9,8.6
2005-01-06,34.7,13.3,10.6
2005-01-07,3.8,0.0,0.0
2005-01-08,25.4,2.7,1.7
2005-01-09,0.8,9.1,7.2
2005-01-10,4.4,0.3,0.0
2005-01-11,15.0,3.3,2.5
2005-01-12,0.0,0.0,0.0
2005-01-13,0.0,20.2,15.4
2005-01-14,0.4,6.7,5.1
2005-01-15,8.0,4.0,3.1
2005-01-16,0.8,0.2,0.0
2005-01-17,16.0,0.0,0.0
2005-01-18,0.0,0.3,0.0
2005-01-19,2.8,0.1,0.0
2005-01-20,16.1,0.3,0.0
2005-01-21,14.0,0.4,0.0
2005-01-22,0.2,0.3,0.0
2005-01-23,1.0,0.4,0.0
2005-01-24,0.0,0.0,0.0
2005-01-25,0.0,2.8,2.7
2005-01-26,11.5,0.7,0.0
2005-01-27,10.7,3.1,3.0
2005-01-28,0.0,0.0,0.0
2005-01-29,5.3,0.7,0.0
2005-01-30,0.0,0.0,0.0
2005-01-31,0.6,7.9,7.7
2005-02-01,16.7,27.2,28.1
2005-02-02,28.4,12.4,11.7
2005-02-03,0.0,7.9,7.0
2005-02-04,1.8,0.5,0.0
2005-02-05,0.0,0.0,0.0
2005-02-06,0.0,0.0,0.0
2005-02-07,0.0,3.1,2.0
2005-02-08,0.7,0.0,0.0
2005-02-09,2.3,1.1,0.0
2005-02-10,20.0,16.3,15.7
2005-02-11,5.4,1.4,1.4
2005-02-12,0.0,0.7,0.0
2005-02-13,2.1,3.5,3.6
2005-02-14,3.1,27.7,30.9
2005-02-15,23.0,3.9,4.0
2005-02-16,0.0,0.0,0.0
2005-02-17,0.0,9.3,9.7
2005-02-18,0.0,0.0,0.0
2005-02-19,0.0,0.0,0.0
2005-02-20,0.0,0.0,0.0
2005-02-21,0.0,2.6,2.5
2005-02-22,5.8,9.6,10.5
2005-02-23,1.9,0.0,0.0
2005-02-24,0.0,0.0,0.0
2005-02-25,4.8,0.6,0.0
2005-02-26,4.4,0.0,0.0
2005-02-27,34.5,0.0,0.0
2005-02-28,38.2,0.0,0.0
2005-03-01,0.5,5.3,5.2
2005-03-02,15.7,0.8,0.0
2005-03-03,27.8,0.0,0.0
2005-03-04,3.3,0.8,0.0
2005-03-05,0.0,0.0,0.0
2005-03-06,0.0,0.0,0.0
2005-03-07,0.0,0.0,0.0
2005-03-08,0.0,0.0,0.0
2005-03-09,36.2,6.6,6.4
2005-03-10,20.8,2.2,2.5
2005-03-11,6.4,0.0,0.0
2005-03-12,0.0,0.0,0.0
2005-03-13,2.0,32.6,41.5
2005-03-14,27.0,0.2,0.0
2005-03-15,0.4,0.0,0.0
2005-03-16,0.0,0.0,0.0
2005-03-17,0.0,0.0,0.0
2005-03-18,0.0,0.0,0.0
2005-03-19,0.8,0.0,0.0
2005-03-20,0.0,0.0,0.0
2005-03-21,0.0,11.8,8.0
2005-03-22,12.9,0.9,0.0
2005-03-23,0.0,29.2,22.8
2005-03-24,0.0,26.9,20.4
2005-03-25,1.2,8.5,5.6
2005-03-26,7.2,8.4,5.6
2005-03-27,77.8,22.3,15.8
2005-03-28,0.5,35.0,28.5
2005-03-29,11.5,23.1,17.6
2005-03-30,0.0,2.8,1.6
2005-03-31,22.3,0.7,0.0
2005-04-01,3.8,4.2,3.2
2005-04-02,22.4,10.0,8.8
2005-04-03,23.4,14.8,13.4
2005-04-04,2.2,10.5,9.3
2005-04-05,127.8,6.6,5.4
2005-04-06,10.5,0.5,0.0
2005-04-07,0.8,5.8,4.6
2005-04-08,70.2,4.3,3.2
2005-04-09,14.4,12.3,11.2
2005-04-10,92.4,13.6,12.3
2005-04-11,0.0,0.0,0.0
2005-04-12,0.0,12.6,11.1
2005-04-13,0.2,26.8,25.7
2005-04-14,14.2,23.2,21.3
2005-04-15,15.5,3.0,3.0
2005-04-16,0.4,1.8,2.0
2005-04-17,0.0,0.1,0.0
2005-04-18,1.1,5.8,5.3
2005-04-19,0.0,0.0,0.0
2005-04-20,3.4,2.3,2.4
2005-04-21,0.0,1.0,0.0
2005-04-22,20.7,0.0,0.0
2005-04-23,14.5,4.7,3.1
2005-04-24,0.0,4.6,3.0
2005-04-25,3.0,0.0,0.0
2005-04-26,0.0,5.0,3.4
2005-04-27,0.6,10.6,8.5
2005-04-28,4.5,9.6,7.6
2005-04-29,0.6,5.5,3.8
2005-04-30,10.1,0.0,0.0
2005-05-01,0.0,0.0,0.0
2005-05-02,0.0,0.9,0.0
2005-05-03,0.0,2.7,1.6
2005-05-04,7.7,2.4,1.4
2005-05-05,0.0,3.3,2.0
2005-05-06,1.6,2.7,1.6
2005-05-07,5.6,32.4,25.2
2005-05-08,7.9,1.9,1.1
2005-05-09,1.1,16.0,11.1
2005-05-10,4.6,22.2,16.3
2005-05-11,39.9,28.4,27.9
2005-05-12,24.1,2.0,1.4
2005-05-13,0.0,11.9,9.9
2005-05-14,10.1,6.7,5.4
2005-05-15,1.9,0.6,0.0
2005-05-16,30.9,27.7,27.0
2005-05-17,4.0,33.2,32.2
2005-05-18,20.1,15.9,13.4
2005-05-19,0.0,4.7,3.7
2005-05-20,4.0,0.0,0.0
2005-05-21,0.0,0.0,0.0
2005-05-22,0.0,1.5,0.0
2005-05-23,4.0,1.8,1.0
2005-05-24,1.3,23.2,27.2
2005-05-25,0.9,4.9,3.6
2005-05-26,1.4,17.0,19.3
2005-05-27,51.0,3.0,1.4
2005-05-28,0.2,1.6,0.0
2005-05-29,3.2,5.1,3.7
2005-05-30,0.0,2.3,1.0
2005-05-31,2.8,2.7,1.2
2005-06-01,42.0,0.2,0.0
2005-06-02,12.1,0.0,0.0
2005-06-03,3.7,0.2,0.0
2005-06-04,0.2,0.0,0.0
2005-06-05,0.1,0.8,0.0
2005-06-06,0.6,5.5,4.3
2005-06-07,24.5,0.0,0.0
2005-06-08,0.0,0.0,0.0
2005-06-09,0.0,2.9,2.0
2005-06-10,4.0,0.0,0.0
2005-06-11,0.2,4.1,1.8
2005-06-12,0.0,0.0,0.0
2005-06-13,7.3,6.1,4.3
2005-06-14,42.0,45.4,62.1
2005-06-15,6.5,7.0,5.5
2005-06-16,0.4,1.4,0.0
2005-06-17,2.8,1.1,0.0
2005-06-18,15.0,41.2,57.7
2005-06-19,3.8,0.1,0.0
2005-06-20,0.0,13.8,15.1
2005-06-21,4.5,2.6,2.0
2005-06-22,13.3,3.7,2.8
2005-06-23,2.3,9.2,7.2
2005-06-24,0.0,11.4,9.0
2005-06-25,11.8,6.7,5.2
2005-06-26,0.2,0.0,0.0
2005-06-27,0.3,1.2,0.0
2005-06-28,33.3,0.1,0.0
2005-06-29,5.0,0.0,0.0
2005-06-30,4.8,3.2,2.4
2005-07-01,0.8,1.5,1.0
2005-07-02,0.0,8.8,6.1
2005-07-03,0.6,21.4,15.8
2005-07-04,5.1,53.2,45.2
2005-07-05,49.5,3.0,1.4
2005-07-06,0.0,7.8,5.3
2005-07-07,0.3,3.9,2.2
2005-07-08,0.0,7.4,5.0
2005-07-09,0.8,2.7,1.2
2005-07-10,0.0,0.0,0.0
2005-07-11,0.0,1.1,0.0
2005-07-12,0.0,0.0,0.0
2005-07-13,0.0,0.2,0.0
2005-07-14,15.9,0.0,0.0
2005-07-15,0.0,0.0,0.0
2005-07-16,7.2,0.0,0.0
2005-07-17,11.7,6.2,3.5
2005-07-18,40.7,2.6,1.0
2005-07-19,1.3,3.2,1.0
2005-07-20,1.2,1.8,0.0
2005-07-21,6.1,10.1,12.4
2005-07-22,0.0,10.0,12.1
2005-07-23,0.0,0.0,0.0
2005-07-24,5.3,1.4,1.6
2005-07-25,0.4,0.1,0.0
2005-07-26,0.0,5.3,6.4
2005-07-27,0.0,4.6,5.6
2005-07-28,26.1,0.0,0.0
2005-07-29,0.0,0.4,0.0
2005-07-30,0.0,18.2,23.4
2005-07-31,10.8,3.6,4.3
2005-08-01,2.4,14.8,17.4
2005-08-02,0.4,0.1,0.0
2005-08-03,18.0,4.2,2.5
2005-08-04,2.0,1.6,0.0
2005-08-05,1.0,0.0,0.0
2005-08-06,0.7,12.5,10.6
2005-08-07,1.6,3.9,2.2
2005-08-08,4.7,29.0,37.5
2005-08-09,0.2,0.0,0.0
2005-08-10,0.0,2.3,1.0
2005-08-11,1.6,0.4,0.0
2005-08-12,8.0,19.3,29.9
2005-08-13,10.4,3.8,1.7
2005-08-14,10.6,0.0,0.0
2005-08-15,0.0,0.4,0.0
2005-08-16,0.0,0.0,0.0
2005-08-17,0.0,13.7,15.6
2005-08-18,1.6,2.4,1.0
2005-08-19,6.0,10.8,11.8
2005-08-20,15.4,3.2,1.0
2005-08-21,16.8,3.5,3.3
2005-08-22,1.0,1.8,2.0
2005-08-23,15.1,81.6,53.5
2005-08-24,21.3,3.4,3.3
2005-08-25,0.6,2.1,2.2
2005-08-26,0.0,20.2,16.6
2005-08-27,0.0,1.2,0.0
2005-08-28,0.0,4.2,3.8
2005-08-29,0.0,2.0,2.1
2005-08-30,0.0,0.8,0.0
2005-08-31,0.0,0.0,0.0
2005-09-01,0.0,0.0,0.0
2005-09-02,0.0,0.9,0.0
2005-09-03,0.0,3.5,2.5
2005-09-04,0.0,0.5,0.0
2005-09-05,0.0,0.3,0.0
2005-09-06,0.0,0.0,0.0
2005-09-07,0.0,1.3,0.0
2005-09-08,0.0,0.4,0.0
2005-09-09,0.0,0.6,0.0
2005-09-10,0.0,7.8,8.3
2005-09-11,0.0,4.2,2.3
2005-09-12,0.0,0.0,0.0
2005-09-13,0.0,1.0,0.0
2005-09-14,0.0,2.8,1.1
2005-09-15,0.0,1.7,1.0
2005-09-16,0.0,1.5,1.0
2005-09-17,0.0,0.0,0.0
2005-09-18,0.0,1.9,1.0
2005-09-19,0.0,5.2,3.2
2005-09-20,0.0,0.0,0.0
2005-09-21,0.0,5.1,2.6
2005-09-22,0.0,0.0,0.0
2005-09-23,0.0,19.3,19.5
2005-09-24,0.0,9.2,6.3
2005-09-25,0.0,0.0,0.0
2005-09-26,0.0,0.4,0.0
2005-09-27,0.0,0.0,0.0
2005-09-28,0.0,0.0,0.0
2005-09-29,0.0,2.1,1.0
2005-09-30,0.0,2.3,1.0
2005-10-01,5.8,10.5,8.1
2005-10-02,1.7,40.2,42.4
2005-10-03,16.0,9.4,7.2
2005-10-04,8.4,2.9,1.1
2005-10-05,14.3,29.4,29.2
2005-10-06,0.0,5.4,3.4
2005-10-07,0.3,115.7,77.1
2005-10-08,16.2,4.5,2.6
2005-10-09,0.4,0.1,0.0
2005-10-10,0.0,0.0,0.0
2005-10-11,0.0,6.1,3.4
2005-10-12,0.0,17.9,13.7
2005-10-13,39.5,2.8,1.0
2005-10-14,1.6,30.2,30.4
2005-10-15,0.0,18.1,13.9
2005-10-16,3.6,8.2,5.2
2005-10-17,0.0,34.1,35.4
2005-10-18,5.7,3.2,1.0
2005-10-19,0.0,0.3,0.0
2005-10-20,0.0,9.0,6.0
2005-10-21,0.0,18.5,15.9
2005-10-22,0.0,7.1,5.4
2005-10-23,15.0,1.5,1.0
2005-10-24,3.8,6.3,4.7
2005-10-25,0.0,8.9,7.1
2005-10-26,7.7,1.1,0.0
2005-10-27,0.0,3.7,2.2
2005-10-28,6.1,27.5,32.9
2005-10-29,20.5,16.1,14.5
2005-10-30,16.0,3.2,1.8
2005-10-31,0.0,0.6,0.0
2005-11-01,0.8,37.8,46.8
2005-11-02,23.0,10.1,9.2
2005-11-03,8.3,0.2,0.0
2005-11-04,0.0,16.4,19.0
2005-11-05,1.4,17.1,20.7
2005-11-06,65.0,1.2,0.0
2005-11-07,0.0,126.5,61.1
2005-11-08,73.0,3.6,2.3
2005-11-09,3.0,3.1,1.7
2005-11-10,0.0,2.2,1.0
2005-11-11,11.4,15.3,13.6
2005-11-12,1.2,19.9,18.6
2005-11-13,1.3,32.3,36.3
2005-11-14,54.7,15.8,14.1
2005-11-15,101.0,21.3,20.4
2005-11-16,83.2,50.6,63.8
2005-11-17,8.7,26.7,28.6
2005-11-18,9.7,26.9,29.2
2005-11-19,1.2,8.9,7.1
2005-11-20,2.0,3.5,1.6
2005-11-21,0.0,0.0,0.0
2005-11-22,0.0,0.7,0.0
2005-11-23,36.3,17.5,19.7
2005-11-24,0.0,5.1,2.9
2005-11-25,13.7,5.0,2.8
2005-11-26,11.4,1.5,0.0
2005-11-27,0.0,1.0,0.0
2005-11-28,0.0,8.2,6.0
2005-11-29,23.0,4.8,2.5
2005-11-30,1.8,0.0,0.0
2005-12-01,0.0,0.2,0.0
2005-12-02,32.6,8.0,7.0
2005-12-03,0.0,5.6,4.4
2005-12-04,0.2,35.8,52.0
2005-12-05,73.0,4.3,2.9
2005-12-06,1.0,15.2,15.5
2005-12-07,30.3,3.7,2.2
2005-12-08,0.2,7.9,6.9
2005-12-09,0.5,2.0,1.0
2005-12-10,1.6,10.5,9.9
2005-12-11,2.5,5.1,4.0
2005-12-12,22.8,0.6,0.0
2005-12-13,0.0,29.7,29.5
2005-12-14,43.9,17.2,13.9
2005-12-15,10.1,2.2,1.5
2005-12-16,1.2,63.2,61.5
2005-12-17,23.6,7.4,5.8
2005-12-18,0.0,4.4,3.4
2005-12-19,24.7,0.3,0.0
2005-12-20,18.8,1.5,1.0
2005-12-21,0.0,7.0,5.6
2005-12-22,0.0,76.1,74.3
2005-12-23,0.6,21.3,26.9
2005-12-24,0.0,5.9,4.5
2005-12-25,0.0,10.8,9.0
2005-12-26,0.0,12.6,10.7
2005-12-27,53.0,0.7,0.0
2005-12-28,3.7,10.7,9.0
2005-12-29,0.0,5.0,3.8
2005-12-30,0.0,0.7,0.0
2005-12-31,9.3,4.9,3.6
2006-01-01,0.0,4.5,3.3
2006-01-02,8.3,1.8,1.0
2006-01-03,12.0,1.0,0.0
2006-01-04,0.0,6.2,4.7
2006-01-05,0.0,22.9,21.2
2006-01-06,3.3,6.6,5.1
2006-01-07,0.0,2.3,1.3
2006-01-08,10.4,22.8,21.6
2006-01-09,14.0,5.5,4.2
2006-01-10,1.6,25.1,24.0
2006-01-11,4.5,0.2,0.0
2006-01-12,0.0,13.8,10.5
2006-01-13,13.6,30.3,25.9
2006-01-14,1.1,0.2,0.0
2006-01-15,0.0,5.9,4.5
2006-01-16,3.5,1.9,1.5
2006-01-17,0.0,7.3,5.6
2006-01-18,0.0,14.7,11.2
2006-01-19,2.9,10.0,7.6
2006-01-20,0.4,28.0,23.8
2006-01-21,27.2,1.8,1.8
2006-01-22,0.0,0.2,0.0
2006-01-23,0.0,0.0,0.0
2006-01-24,2.2,0.0,0.0
2006-01-25,0.5,3.9,3.7
2006-01-26,39.6,4.5,4.3
2006-01-27,0.0,7.5,7.3
2006-01-28,1.6,0.0,0.0
2006-01-29,0.0,1.3,1.3
2006-01-30,1.4,14.7,14.6
2006-01-31,30.5,14.2,14.4
2006-02-01,54.9,2.9,1.8
2006-02-02,1.3,3.6,2.5
2006-02-03,2.7,23.1,21.3
2006-02-04,3.4,4.5,3.5
2006-02-05,5.6,13.1,12.3
2006-02-06,27.9,16.3,16.0
2006-02-07,21.2,4.4,3.4
2006-02-08,16.3,0.2,0.0
2006-02-09,35.5,21.0,19.3
2006-02-10,18.1,7.2,6.3
2006-02-11,0.0,1.4,1.5
2006-02-12,151.3,64.1,88.3
2006-02-13,0.5,5.6,5.8
2006-02-14,16.5,2.6,2.6
2006-02-15,3.0,10.4,11.0
2006-02-16,0.1,4.9,5.0
2006-02-17,1.6,20.3,21.6
2006-02-18,11.6,19.3,20.6
2006-02-19,5.0,0.7,0.0
2006-02-20,0.4,15.7,16.9
2006-02-21,3.0,5.1,5.4
2006-02-22,43.3,16.7,18.4
2006-02-23,0.0,0.9,0.0
2006-02-24,1.8,4.5,4.8
2006-02-25,0.0,2.2,2.0
2006-02-26,22.0,0.5,0.0
2006-02-27,12.1,0.0,0.0
2006-02-28,0.0,0.4,0.0
2006-03-01,0.0,12.0,11.4
2006-03-02,0.0,8.9,8.5
2006-03-03,0.0,0.1,0.0
2006-03-04,0.0,1.6,1.9
2006-03-05,0.7,0.0,0.0
2006-03-06,0.0,0.0,0.0
2006-03-07,0.0,4.0,4.0
2006-03-08,0.0,10.9,10.4
2006-03-09,11.9,9.3,8.9
2006-03-10,52.4,35.7,38.2
2006-03-11,23.9,0.2,0.0
2006-03-12,0.0,0.0,0.0
2006-03-13,0.0,1.1,1.7
2006-03-14,13.1,5.1,5.4
2006-03-15,0.0,0.8,0.0
2006-03-16,0.0,0.0,0.0
2006-03-17,0.0,8.4,8.7
2006-03-18,5.6,30.5,38.2
2006-03-19,10.3,6.2,6.5
2006-03-20,1.2,0.0,0.0
2006-03-21,5.5,0.0,0.0
2006-03-22,0.0,3.1,1.8
2006-03-23,1.6,8.5,5.6
2006-03-24,0.2,0.1,0.0
2006-03-25,5.4,50.5,44.8
2006-03-26,13.0,0.7,0.0
2006-03-27,0.0,0.9,0.0
2006-03-28,0.8,16.0,11.1
2006-03-29,32.4,7.8,5.1
2006-03-30,0.0,177.5,115.9
2006-03-31,6.0,2.8,1.6
2006-04-01,0.0,6.5,5.3
2006-04-02,1.4,9.1,7.9
2006-04-03,5.8,0.9,0.0
2006-04-04,0.0,0.0,0.0
2006-04-05,0.0,2.1,1.2
2006-04-06,0.0,0.5,0.0
2006-04-07,0.0,31.1,36.4
2006-04-08,8.8,13.2,12.8
2006-04-09,33.8,18.2,16.8
2006-04-10,0.0,7.2,6.0
2006-04-11,10.6,15.5,13.8
2006-04-12,0.2,18.5,15.8
2006-04-13,0.7,4.8,4.5
2006-04-14,4.4,0.9,0.0
2006-04-15,2.0,6.7,6.1
2006-04-16,0.0,10.5,9.3
2006-04-17,0.0,0.0,0.0
2006-04-18,0.0,2.0,2.2
2006-04-19,0.0,5.9,5.4
2006-04-20,0.0,0.7,0.0
2006-04-21,6.2,2.2,1.0
2006-04-22,0.0,4.9,3.2
2006-04-23,9.9,11.6,9.6
2006-04-24,0.0,0.0,0.0
2006-04-25,0.0,0.0,0.0
2006-04-26,0.0,14.3,11.9
2006-04-27,7.9,9.5,7.5
2006-04-28,2.6,6.1,4.3
2006-04-29,0.0,7.7,5.8
2006-04-30,0.0,3.3,1.9
2006-05-01,0.0,0.8,0.0
2006-05-02,0.0,1.3,0.0
2006-05-03,71.0,26.6,19.0
2006-05-04,0.0,0.0,0.0
2006-05-05,0.0,1.7,1.0
2006-05-06,3.4,1.1,0.0
2006-05-07,12.4,7.9,5.2
2006-05-08,3.5,1.1,0.0
2006-05-09,2.3,0.8,0.0
2006-05-10,0.0,103.2,83.3
2006-05-11,20.7,54.0,51.6
2006-05-12,4.0,10.0,8.3
2006-05-13,26.3,23.2,22.1
2006-05-14,1.5,22.9,21.9
2006-05-15,0.1,1.8,1.2
2006-05-16,9.2,24.9,24.3
2006-05-17,11.3,14.9,12.5
2006-05-18,7.3,2.9,2.1
2006-05-19,0.0,0.0,0.0
2006-05-20,0.0,0.0,0.0
2006-05-21,2.0,10.7,9.9
2006-05-22,11.6,2.0,1.0
2006-05-23,0.0,20.2,23.4
2006-05-24,0.8,4.5,3.1
2006-05-25,0.0,3.1,1.6
2006-05-26,0.0,0.1,0.0
2006-05-27,12.4,0.6,0.0
2006-05-28,3.5,12.2,12.2
2006-05-29,1.2,0.5,0.0
2006-05-30,0.0,2.0,1.0
2006-05-31,5.6,0.0,0.0
2006-06-01,0.9,5.9,4.7
2006-06-02,8.8,0.1,0.0
2006-06-03,12.6,3.0,2.1
2006-06-04,0.0,0.4,0.0
2006-06-05,1.0,0.0,0.0
2006-06-06,0.0,8.2,6.9
2006-06-07,3.0,0.0,0.0
2006-06-08,0.0,5.5,4.4
2006-06-09,0.1,1.1,1.0
2006-06-10,0.0,8.9,7.6
2006-06-11,2.3,8.4,7.3
2006-06-12,0.0,1.4,0.0
2006-06-13,0.0,1.2,0.0
2006-06-14,0.0,4.2,1.9
2006-06-15,0.0,9.1,8.2
2006-06-16,7.1,2.4,0.0
2006-06-17,0.0,1.0,0.0
2006-06-18,35.6,0.0,0.0
2006-06-19,0.2,0.9,0.0
2006-06-20,1.5,0.0,0.0
2006-06-21,46.7,0.0,0.0
2006-06-22,1.3,7.4,5.7
2006-06-23,23.5,2.9,2.2
2006-06-24,10.3,1.0,0.0
2006-06-25,0.0,0.1,0.0
2006-06-26,2.3,5.8,4.5
2006-06-27,5.6,8.7,6.7
2006-06-28,0.0,2.5,1.9
2006-06-29,0.0,4.1,3.2
2006-06-30,1.3,3.7,2.8
2006-07-01,0.6,7.3,4.9
2006-07-02,31.0,56.7,47.3
2006-07-03,40.0,62.9,50.9
2006-07-04,2.4,1.9,1.0
2006-07-05,0.0,0.6,0.0
2006-07-06,8.8,0.0,0.0
2006-07-07,2.0,0.4,0.0
2006-07-08,0.0,0.0,0.0
2006-07-09,18.6,0.2,0.0
2006-07-10,0.0,2.5,1.0
2006-07-11,4.6,0.1,0.0
2006-07-12,0.0,0.0,0.0
2006-07-13,0.0,2.6,1.0
2006-07-14,88.6,0.0,0.0
2006-07-15,0.0,0.1,0.0
2006-07-16,7.9,2.2,0.0
2006-07-17,0.0,5.7,3.0
2006-07-18,3.0,0.1,0.0
2006-07-19,0.0,1.2,0.0
2006-07-20,0.2,0.0,0.0
2006-07-21,0.3,0.0,0.0
2006-07-22,0.0,0.0,0.0
2006-07-23,0.0,0.0,0.0
2006-07-24,0.0,0.0,0.0
2006-07-25,4.4,0.0,0.0
2006-07-26,0.0,0.0,0.0
2006-07-27,0.0,0.2,0.0
2006-07-28,28.2,1.7,2.0
2006-07-29,0.0,2.4,2.8
2006-07-30,0.0,0.7,0.0
2006-07-31,1.8,0.0,0.0
2006-08-01,0.0,3.8,2.0
2006-08-02,0.0,0.4,0.0
2006-08-03,0.0,3.8,2.1
2006-08-04,0.0,7.8,6.1
2006-08-05,0.0,6.7,5.0
2006-08-06,0.0,0.0,0.0
2006-08-07,0.0,0.0,0.0
2006-08-08,0.0,2.3,1.0
2006-08-09,0.0,0.1,0.0
2006-08-10,0.0,0.6,0.0
2006-08-11,0.0,0.0,0.0
2006-08-12,0.0,0.9,0.0
2006-08-13,0.0,0.1,0.0
2006-08-14,0.0,0.3,0.0
2006-08-15,0.0,0.3,0.0
2006-08-16,0.0,0.0,0.0
2006-08-17,0.0,0.0,0.0
2006-08-18,0.0,0.0,0.0
2006-08-19,0.0,0.0,0.0
2006-08-20,0.0,8.6,8.3
2006-08-21,0.0,0.4,0.0
2006-08-22,0.0,0.0,0.0
2006-08-23,0.0,0.0,0.0
2006-08-24,0.0,3.3,3.1
2006-08-25,0.0,4.9,4.4
2006-08-26,0.0,2.7,2.7
2006-08-27,0.0,21.4,18.3
2006-08-28,0.0,4.6,4.2
2006-08-29,0.0,8.3,7.0
2006-08-30,0.0,2.2,2.2
2006-08-31,0.0,4.9,4.4
2006-09-01,17.8,12.7,16.4
2006-09-02,116.9,1.0,0.0
2006-09-03,0.6,20.5,36.8
2006-09-04,6.9,39.3,67.2
2006-09-05,0.5,2.8,1.6
2006-09-06,0.0,0.0,0.0
2006-09-07,0.0,4.0,3.2
2006-09-08,0.0,0.0,0.0
2006-09-09,1.6,0.2,0.0
2006-09-10,5.6,0.0,0.0
2006-09-11,0.0,3.2,1.4
2006-09-12,0.0,3.0,1.3
2006-09-13,20.1,0.2,0.0
2006-09-14,0.0,5.9,3.8
2006-09-15,11.3,3.1,1.3
2006-09-16,17.0,3.0,1.3
2006-09-17,7.2,0.6,0.0
2006-09-18,0.0,8.1,5.7
2006-09-19,43.0,12.3,9.8
2006-09-20,39.4,8.9,6.5
2006-09-21,23.4,15.8,13.1
2006-09-22,2.3,0.0,0.0
2006-09-23,0.0,15.2,12.1
2006-09-24,0.0,0.0,0.0
2006-09-25,0.0,6.2,3.6
2006-09-26,29.8,0.6,0.0
2006-09-27,0.0,16.4,14.0
2006-09-28,32.1,0.0,0.0
2006-09-29,1.7,0.0,0.0
2006-09-30,27.3,0.0,0.0
2006-10-01,0.5,7.3,5.2
2006-10-02,57.3,2.9,1.1
2006-10-03,0.1,1.2,0.0
2006-10-04,0.0,0.7,0.0
2006-10-05,0.0,0.0,0.0
2006-10-06,0.0,24.0,22.5
2006-10-07,47.2,10.0,7.7
2006-10-08,18.2,4.2,2.3
2006-10-09,3.4,4.6,2.6
2006-10-10,0.0,3.2,1.4
2006-10-11,37.0,11.9,8.4
2006-10-12,47.2,18.8,14.2
2006-10-13,2.3,13.9,10.1
2006-10-14,1.1,0.4,0.0
2006-10-15,0.0,0.0,0.0
2006-10-16,0.0,2.7,1.0
2006-10-17,0.0,0.4,0.0
2006-10-18,1.4,0.0,0.0
2006-10-19,18.4,0.0,0.0
2006-10-20,2.0,0.0,0.0
2006-10-21,0.1,0.0,0.0
2006-10-22,0.0,0.0,0.0
2006-10-23,0.0,1.6,1.0
2006-10-24,0.0,0.0,0.0
2006-10-25,0.0,10.1,8.2
2006-10-26,0.2,0.0,0.0
2006-10-27,1.7,1.5,1.0
2006-10-28,4.1,0.0,0.0
2006-10-29,0.0,0.3,0.0
2006-10-30,0.4,0.0,0.0
2006-10-31,0.9,1.0,0.0
2006-11-01,0.0,1.6,0.0
2006-11-02,0.0,0.0,0.0
2006-11-03,0.0,5.3,4.1
2006-11-04,0.0,0.0,0.0
2006-11-05,0.0,0.0,0.0
2006-11-06,0.0,9.8,8.9
2006-11-07,0.0,0.0,0.0
2006-11-08,0.0,2.9,1.5
2006-11-09,0.0,8.2,7.2
2006-11-10,0.0,0.1,0.0
2006-11-11,0.0,30.9,34.2
2006-11-12,0.0,2.7,1.0
2006-11-13,0.0,2.1,1.0
2006-11-14,0.0,6.4,4.5
2006-11-15,0.0,9.0,7.1
2006-11-16,0.0,1.8,1.0
2006-11-17,0.0,31.0,34.4
2006-11-18,0.0,1.5,0.0
2006-11-19,0.0,18.0,16.2
2006-11-20,0.0,17.8,16.2
2006-11-21,0.0,15.9,13.3
2006-11-22,0.0,6.5,4.2
2006-11-23,0.0,1.8,0.0
2006-11-24,0.0,4.6,2.4
2006-11-25,0.0,22.6,26.2
2006-11-26,0.0,2.4,1.0
2006-11-27,0.0,0.0,0.0
2006-11-28,0.0,5.1,2.9
2006-11-29,0.0,1.4,0.0
2006-11-30,0.0,6.4,4.1
2006-12-01,9.6,54.6,70.6
2006-12-02,82.0,9.8,9.1
2006-12-03,1.5,0.1,0.0
2006-12-04,4.2,17.5,21.7
2006-12-05,4.3,0.6,0.0
2006-12-06,0.0,4.0,2.6
2006-12-07,0.0,1.5,0.0
2006-12-08,0.0,0.7,0.0
2006-12-09,0.8,3.9,2.5
2006-12-10,0.0,5.3,4.0
2006-12-11,6.0,7.5,6.0
2006-12-12,0.0,0.3,0.0
2006-12-13,0.5,0.2,0.0
2006-12-14,1.6,2.9,2.2
2006-12-15,0.0,5.2,4.0
2006-12-16,1.0,0.0,0.0
2006-12-17,1.4,1.2,0.0
2006-12-18,1.2,0.2,0.0
2006-12-19,4.2,5.3,4.2
2006-12-20,1.8,0.0,0.0
2006-12-21,5.6,2.1,1.0
2006-12-22,1.8,6.7,5.3
2006-12-23,0.8,6.1,4.8
2006-12-24,2.1,8.9,7.3
2006-12-25,0.0,0.9,0.0
2006-12-26,14.0,6.5,5.1
2006-12-27,8.9,0.0,0.0
2006-12-28,0.0,5.4,4.1
2006-12-29,0.0,10.2,8.6
2006-12-30,11.3,40.2,45.9
2006-12-31,16.9,8.4,6.9
2007-01-01,0.0,20.5,19.2
2007-01-02,22.8,141.6,54.7
2007-01-03,13.2,24.5,23.1
2007-01-04,0.1,24.2,22.8
2007-01-05,41.4,5.3,4.0
2007-01-06,5.8,17.1,14.0
2007-01-07,3.7,5.7,4.3
2007-01-08,0.2,11.5,9.1
2007-01-09,8.8,4.6,3.4
2007-01-10,1.8,0.7,0.0
2007-01-11,20.5,10.7,8.2
2007-01-12,15.2,12.9,9.8
2007-01-13,16.2,38.6,37.1
2007-01-14,46.1,24.6,19.1
2007-01-15,34.2,92.7,79.3
2007-01-16,32.0,5.3,4.0
2007-01-17,3.0,7.5,5.7
2007-01-18,7.4,0.0,0.0
2007-01-19,0.0,0.0,0.0
2007-01-20,0.0,0.1,0.0
2007-01-21,0.6,3.8,3.6
2007-01-22,17.5,43.9,51.0
2007-01-23,3.0,41.4,48.9
2007-01-24,14.6,10.2,10.0
2007-01-25,47.5,27.3,32.1
2007-01-26,8.6,12.0,11.8
2007-01-27,13.1,0.8,0.0
2007-01-28,6.5,12.3,12.1
2007-01-29,32.6,10.8,10.6
2007-01-30,73.9,0.1,0.0
2007-01-31,1.7,13.9,13.8
2007-02-01,14.3,28.4,29.1
2007-02-02,52.0,0.7,0.0
2007-02-03,9.8,0.0,0.0
2007-02-04,0.0,0.1,0.0
2007-02-05,0.0,0.0,0.0
2007-02-06,0.0,0.7,0.0
2007-02-07,0.5,12.6,11.8
2007-02-08,32.4,4.3,3.2
2007-02-09,0.0,9.8,8.9
2007-02-10,1.1,1.9,1.0
2007-02-11,0.3,0.6,0.0
2007-02-12,2.8,4.5,4.5
2007-02-13,37.2,0.8,0.0
2007-02-14,0.4,5.6,5.8
2007-02-15,0.0,0.2,0.0
2007-02-16,0.8,0.0,0.0
2007-02-17,7.1,2.6,2.6
2007-02-18,0.6,3.8,3.8
2007-02-19,0.8,2.5,2.5
2007-02-20,0.5,0.7,0.0
2007-02-21,9.8,0.1,0.0
2007-02-22,1.4,3.3,3.3
2007-02-23,2.6,6.1,6.6
2007-02-24,0.0,3.8,4.0
2007-02-25,14.3,3.8,3.9
2007-02-26,0.3,12.6,13.3
2007-02-27,0.0,0.3,0.0
2007-02-28,3.0,0.0,0.0
2007-03-01,0.0,0.0,0.0
2007-03-02,15.0,0.0,0.0
2007-03-03,9.4,0.0,0.0
2007-03-04,0.0,0.0,0.0
2007-03-05,0.0,0.0,0.0
2007-03-06,0.4,0.0,0.0
2007-03-07,0.5,0.0,0.0
2007-03-08,0.3,0.0,0.0
2007-03-09,0.0,0.0,0.0
2007-03-10,0.9,7.8,7.5
2007-03-11,4.8,0.0,0.0
2007-03-12,0.0,7.9,8.2
2007-03-13,12.5,5.2,5.5
2007-03-14,0.0,6.5,6.8
2007-03-15,0.5,0.0,0.0
2007-03-16,0.0,2.9,3.4
2007-03-17,0.0,55.7,88.4
2007-03-18,30.0,9.3,9.6
2007-03-19,5.8,7.2,7.5
2007-03-20,19.2,30.5,38.5
2007-03-21,26.0,48.3,42.0
2007-03-22,26.0,18.0,12.2
2007-03-23,4.3,3.8,2.3
2007-03-24,4.1,54.0,48.8
2007-03-25,12.8,4.0,2.5
2007-03-26,0.0,0.0,0.0
2007-03-27,2.7,0.0,0.0
2007-03-28,0.0,1.7,1.0
2007-03-29,3.7,9.9,6.6
2007-03-30,0.0,5.0,3.1
2007-03-31,0.0,5.3,3.4
2007-04-01,15.0,2.6,1.7
2007-04-02,0.0,0.0,0.0
2007-04-03,0.5,21.5,21.2
2007-04-04,4.0,37.9,48.7
2007-04-05,3.2,1.7,1.0
2007-04-06,1.0,5.8,4.6
2007-04-07,0.5,1.8,1.0
2007-04-08,0.0,0.4,0.0
2007-04-09,0.0,2.2,1.4
2007-04-10,0.0,0.0,0.0
2007-04-11,0.0,0.0,0.0
2007-04-12,0.0,0.0,0.0
2007-04-13,0.0,0.0,0.0
2007-04-14,0.0,0.0,0.0
2007-04-15,0.0,0.2,0.0
2007-04-16,0.0,0.7,0.0
2007-04-17,0.0,3.3,3.3
2007-04-18,0.0,1.6,1.9
2007-04-19,6.0,3.6,3.5
2007-04-20,33.0,12.3,10.8
2007-04-21,5.0,2.5,1.2
2007-04-22,0.0,11.5,9.4
2007-04-23,6.6,8.5,6.6
2007-04-24,0.0,2.8,1.4
2007-04-25,8.8,1.4,1.0
2007-04-26,47.4,21.1,23.3
2007-04-27,7.0,20.6,22.3
2007-04-28,39.1,12.8,10.8
2007-04-29,0.9,2.5,1.2
2007-04-30,1.7,15.1,12.7
2007-05-01,6.0,7.8,5.2
2007-05-02,6.0,91.9,83.2
2007-05-03,2.3,0.9,0.0
2007-05-04,0.7,0.2,0.0
2007-05-05,10.3,24.5,17.3
2007-05-06,16.8,15.3,10.6
2007-05-07,0.3,0.7,0.0
2007-05-08,0.0,18.0,12.5
2007-05-09,42.5,0.0,0.0
2007-05-10,0.8,0.0,0.0
2007-05-11,0.0,4.0,3.1
2007-05-12,0.0,4.0,3.1
2007-05-13,1.0,6.7,5.4
2007-05-14,2.2,1.9,1.2
2007-05-15,1.0,6.4,5.2
2007-05-16,31.2,5.1,4.0
2007-05-17,0.0,0.0,0.0
2007-05-18,0.0,0.0,0.0
2007-05-19,0.0,4.1,3.2
2007-05-20,2.5,17.3,14.2
2007-05-21,0.2,0.2,0.0
2007-05-22,0.0,6.4,5.2
2007-05-23,11.6,0.0,0.0
2007-05-24,0.0,0.0,0.0
2007-05-25,0.0,0.0,0.0
2007-05-26,8.6,0.6,0.0
2007-05-27,19.8,27.2,32.4
2007-05-28,25.4,14.3,14.0
2007-05-29,1.2,1.1,0.0
2007-05-30,0.0,9.3,8.4
2007-05-31,15.8,0.0,0.0
2007-06-01,1.0,0.1,0.0
2007-06-02,0.3,6.4,5.2
2007-06-03,0.0,0.2,0.0
2007-06-04,0.0,2.2,1.4
2007-06-05,0.0,9.9,8.5
2007-06-06,2.0,29.0,36.3
2007-06-07,19.2,13.5,12.3
2007-06-08,2.2,7.0,5.7
2007-06-09,0.0,0.0,0.0
2007-06-10,0.7,0.0,0.0
2007-06-11,0.0,3.9,1.4
2007-06-12,16.1,21.8,28.0
2007-06-13,1.2,2.5,0.0
2007-06-14,7.3,30.0,42.6
2007-06-15,23.1,0.0,0.0
2007-06-16,15.4,2.3,0.0
2007-06-17,5.0,4.9,2.7
2007-06-18,7.7,6.1,4.3
2007-06-19,2.8,2.0,0.0
2007-06-20,0.0,13.2,14.7
2007-06-21,0.3,7.2,5.6
2007-06-22,37.0,0.4,0.0
2007-06-23,0.7,0.8,0.0
2007-06-24,16.6,0.0,0.0
2007-06-25,15.8,2.4,1.8
2007-06-26,3.0,4.6,3.6
2007-06-27,1.3,5.5,4.3
2007-06-28,1.8,9.7,7.5
2007-06-29,7.6,5.8,4.5
2007-06-30,2.0,0.9,0.0
2007-07-01,0.0,3.3,1.7
2007-07-02,0.0,4.2,2.4
2007-07-03,9.2,0.8,0.0
2007-07-04,0.0,0.0,0.0
2007-07-05,0.0,1.2,0.0
2007-07-06,6.7,0.0,0.0
2007-07-07,0.0,7.9,5.4
2007-07-08,9.0,2.7,1.2
2007-07-09,0.6,0.4,0.0
2007-07-10,46.4,0.2,0.0
2007-07-11,0.0,2.5,1.0
2007-07-12,0.2,14.0,11.6
2007-07-13,16.3,1.6,0.0
2007-07-14,0.7,0.3,0.0
2007-07-15,0.0,0.0,0.0
2007-07-16,0.0,4.1,1.5
2007-07-17,13.4,7.3,4.6
2007-07-18,16.7,4.0,1.4
2007-07-19,6.8,10.1,9.4
2007-07-20,20.6,13.4,11.7
2007-07-21,25.9,5.5,6.6
2007-07-22,2.8,7.3,8.9
2007-07-23,22.3,6.1,7.3
2007-07-24,8.1,6.5,7.8
2007-07-25,4.1,9.5,11.1
2007-07-26,2.6,10.2,12.1
2007-07-27,1.6,6.7,8.0
2007-07-28,0.0,1.4,1.6
2007-07-29,5.2,2.5,2.9
2007-07-30,0.1,2.3,2.8
2007-07-31,3.3,12.9,15.6
2007-08-01,10.0,2.4,1.0
2007-08-02,0.2,1.7,1.0
2007-08-03,6.7,3.0,1.3
2007-08-04,0.2,0.0,0.0
2007-08-05,0.0,0.0,0.0
2007-08-06,0.0,150.3,81.4
2007-08-07,54.2,4.7,3.0
2007-08-08,5.6,0.0,0.0
2007-08-09,0.0,0.0,0.0
2007-08-10,0.0,0.1,0.0
2007-08-11,0.0,0.9,0.0
2007-08-12,0.0,0.0,0.0
2007-08-13,69.2,0.0,0.0
2007-08-14,0.0,0.4,0.0
2007-08-15,25.4,0.0,0.0
2007-08-16,0.0,0.2,0.0
2007-08-17,0.0,0.0,0.0
2007-08-18,0.6,10.5,12.6
2007-08-19,48.6,2.5,1.0
2007-08-20,0.9,2.0,0.0
2007-08-21,0.0,0.1,0.0
2007-08-22,0.2,0.2,0.0
2007-08-23,24.1,1.7,1.9
2007-08-24,13.4,3.9,3.6
2007-08-25,0.0,1.6,1.8
2007-08-26,0.4,8.3,7.0
2007-08-27,3.0,0.0,0.0
2007-08-28,0.0,16.1,12.9
2007-08-29,9.0,10.9,9.4
2007-08-30,17.6,6.2,5.4
2007-08-31,0.6,0.0,0.0
2007-09-01,5.1,3.9,3.1
2007-09-02,3.2,3.6,2.6
2007-09-03,0.0,6.1,6.0
2007-09-04,0.0,2.3,1.0
2007-09-05,0.0,7.3,7.7
2007-09-06,0.7,6.0,5.8
2007-09-07,0.1,0.0,0.0
2007-09-08,0.0,10.4,13.2
2007-09-09,25.6,13.8,24.8
2007-09-10,65.0,5.2,4.7
2007-09-11,0.2,31.8,36.3
2007-09-12,39.7,0.7,0.0
2007-09-13,0.0,1.9,1.0
2007-09-14,0.0,0.3,0.0
2007-09-15,0.0,0.0,0.0
2007-09-16,0.0,0.1,0.0
2007-09-17,0.0,0.8,0.0
2007-09-18,2.7,2.3,1.0
2007-09-19,1.0,0.5,0.0
2007-09-20,0.0,8.7,6.3
2007-09-21,1.6,0.3,0.0
2007-09-22,0.0,10.7,7.8
2007-09-23,13.1,3.6,1.3
2007-09-24,0.0,1.4,0.0
2007-09-25,13.0,11.3,8.3
2007-09-26,4.9,0.2,0.0
2007-09-27,0.0,10.6,7.6
2007-09-28,10.7,2.7,1.0
2007-09-29,0.0,0.0,0.0
2007-09-30,0.0,0.0,0.0
2007-10-01,0.0,0.0,0.0
2007-10-02,0.0,1.5,0.0
2007-10-03,0.9,8.0,5.8
2007-10-04,0.0,0.1,0.0
2007-10-05,4.0,3.1,1.2
2007-10-06,0.1,0.0,0.0
2007-10-07,0.0,1.4,0.0
2007-10-08,0.0,7.8,5.7
2007-10-09,0.3,10.0,7.7
2007-10-10,4.6,35.0,36.1
2007-10-11,63.8,0.2,0.0
2007-10-12,0.2,0.2,0.0
2007-10-13,0.0,0.0,0.0
2007-10-14,0.0,3.6,1.3
2007-10-15,12.7,0.0,0.0
2007-10-16,0.6,0.2,0.0
2007-10-17,11.1,2.4,1.0
2007-10-18,0.7,51.3,54.5
2007-10-19,6.6,2.7,1.0
2007-10-20,1.4,0.6,0.0
2007-10-21,1.6,0.2,0.0
2007-10-22,5.6,9.1,7.3
2007-10-23,52.5,2.4,1.0
2007-10-24,18.5,2.1,1.0
2007-10-25,0.0,39.1,44.5
2007-10-26,17.8,1.5,1.0
2007-10-27,0.0,6.4,4.8
2007-10-28,7.0,24.6,28.7
2007-10-29,0.8,4.3,2.8
2007-10-30,11.8,0.0,0.0
2007-10-31,0.4,0.0,0.0
2007-11-01,0.0,1.4,0.0
2007-11-02,31.5,2.2,1.0
2007-11-03,0.0,9.6,8.7
2007-11-04,38.0,4.5,3.3
2007-11-05,0.0,0.8,0.0
2007-11-06,0.5,4.0,2.7
2007-11-07,19.5,0.0,0.0
2007-11-08,3.2,1.5,0.0
2007-11-09,17.8,1.1,0.0
2007-11-10,0.4,4.1,2.8
2007-11-11,0.0,23.0,23.0
2007-11-12,55.8,0.5,0.0
2007-11-13,11.0,1.2,0.0
2007-11-14,0.6,2.8,1.0
2007-11-15,0.0,51.8,65.3
2007-11-16,94.5,21.1,19.9
2007-11-17,0.0,2.1,1.0
2007-11-18,0.0,26.8,28.1
2007-11-19,33.2,1.4,0.0
2007-11-20,0.0,1.2,0.0
2007-11-21,0.0,7.7,5.5
2007-11-22,2.7,2.7,1.0
2007-11-23,0.0,0.9,0.0
2007-11-24,23.4,17.2,19.3
2007-11-25,4.1,0.0,0.0
2007-11-26,0.0,0.5,0.0
2007-11-27,0.0,9.2,6.9
2007-11-28,32.0,14.9,12.9
2007-11-29,5.3,5.1,2.9
2007-11-30,0.0,6.4,4.2
2007-12-01,1.4,0.0,0.0
2007-12-02,17.4,0.1,0.0
2007-12-03,26.0,10.9,10.4
2007-12-04,50.3,0.4,0.0
2007-12-05,0.0,1.0,0.0
2007-12-06,13.6,3.6,2.1
2007-12-07,4.0,4.2,2.8
2007-12-08,9.5,29.4,42.9
2007-12-09,14.1,5.9,4.7
2007-12-10,44.2,4.3,2.9
2007-12-11,16.4,7.8,6.2
2007-12-12,19.0,0.2,0.0
2007-12-13,0.0,15.1,12.3
2007-12-14,0.5,7.2,5.7
2007-12-15,6.8,0.8,0.0
2007-12-16,0.8,16.5,13.4
2007-12-17,25.4,22.3,20.5
2007-12-18,57.6,53.7,53.7
2007-12-19,27.1,31.0,30.6
2007-12-20,5.8,0.2,0.0
2007-12-21,7.5,16.3,14.3
2007-12-22,4.7,3.6,2.4
2007-12-23,0.0,13.0,11.1
2007-12-24,13.4,11.7,10.0
2007-12-25,0.5,1.0,0.0
2007-12-26,0.0,2.7,1.5
2007-12-27,16.5,0.0,0.0
2007-12-28,4.0,130.6,93.0
2007-12-29,37.7,21.3,26.4
2007-12-30,11.6,15.3,13.0
2007-12-31,17.0,9.0,7.5
2008-01-01,0.7,1.6,1.0
2008-01-02,0.0,1.3,0.0
2008-01-03,0.0,18.5,15.0
2008-01-04,0.8,0.0,0.0
2008-01-05,5.8,0.0,0.0
2008-01-06,33.8,4.7,3.5
2008-01-07,30.8,0.5,0.0
2008-01-08,0.0,4.0,2.8
2008-01-09,0.0,136.0,54.6
2008-01-10,28.1,27.6,26.2
2008-01-11,2.9,21.4,16.5
2008-01-12,21.8,2.4,1.9
2008-01-13,7.6,50.3,47.3
2008-01-14,12.3,2.5,1.9
2008-01-15,4.7,3.3,2.5
2008-01-16,14.1,1.1,0.0
2008-01-17,0.0,4.1,3.1
2008-01-18,4.5,0.0,0.0
2008-01-19,0.0,90.7,77.8
2008-01-20,26.4,7.6,5.8
2008-01-21,0.3,4.8,4.6
2008-01-22,0.2,0.3,0.0
2008-01-23,0.0,48.4,55.9
2008-01-24,30.6,7.1,6.9
2008-01-25,2.2,5.3,5.1
2008-01-26,5.1,36.5,43.1
2008-01-27,31.3,10.3,10.1
2008-01-28,11.1,4.8,4.6
2008-01-29,0.0,2.9,2.8
2008-01-30,8.2,0.3,0.0
2008-01-31,1.4,0.0,0.0
2008-02-01,0.0,2.7,1.6
2008-02-02,0.0,16.3,15.4
2008-02-03,1.6,5.3,4.3
2008-02-04,0.0,0.2,0.0
2008-02-05,20.3,8.6,7.7
2008-02-06,0.0,2.8,1.7
2008-02-07,0.3,1.9,1.0
2008-02-08,1.2,12.9,12.1
2008-02-09,3.0,17.4,16.8
2008-02-10,20.0,10.9,10.0
2008-02-11,1.2,18.1,19.4
2008-02-12,0.7,12.1,12.8
2008-02-13,3.0,6.8,7.0
2008-02-14,0.6,8.8,9.2
2008-02-15,0.4,26.8,30.0
2008-02-16,41.6,9.1,9.5
2008-02-17,12.7,12.3,13.0
2008-02-18,18.9,14.9,15.5
2008-02-19,0.0,8.9,9.3
2008-02-20,5.5,1.5,1.5
2008-02-21,24.1,2.0,1.9
2008-02-22,0.1,30.4,41.3
2008-02-23,72.2,0.0,0.0
2008-02-24,0.0,22.6,30.2
2008-02-25,3.6,3.7,3.8
2008-02-26,0.0,0.0,0.0
2008-02-27,1.0,0.4,0.0
2008-02-28,0.0,10.2,11.9
2008-02-29,12.2,38.5,52.9
2008-03-01,61.8,17.7,16.3
2008-03-02,0.5,3.3,3.4
2008-03-03,0.0,0.1,0.0
2008-03-04,0.0,10.6,10.1
2008-03-05,0.0,38.9,42.8
2008-03-06,18.8,0.6,0.0
2008-03-07,34.1,6.5,6.4
2008-03-08,2.9,5.0,4.9
2008-03-09,1.8,5.6,5.5
2008-03-10,2.3,14.0,13.3
2008-03-11,17.9,1.8,2.3
2008-03-12,0.0,3.6,4.0
2008-03-13,1.1,12.3,12.4
2008-03-14,1.2,0.2,0.0
2008-03-15,0.2,0.1,0.0
2008-03-16,0.3,7.3,7.6
2008-03-17,20.9,4.1,4.4
2008-03-18,0.8,0.4,0.0
2008-03-19,8.5,25.5,30.5
2008-03-20,57.2,36.1,48.2
2008-03-21,19.4,3.4,2.1
2008-03-22,1.9,4.5,2.8
2008-03-23,0.0,3.2,1.9
2008-03-24,0.3,28.0,21.9
2008-03-25,4.2,22.4,15.6
2008-03-26,3.0,0.2,0.0
2008-03-27,0.7,1.8,1.0
2008-03-28,0.9,8.3,5.5
2008-03-29,0.0,0.0,0.0
2008-03-30,0.0,65.2,63.7
2008-03-31,8.1,0.3,0.0
2008-04-01,3.6,30.6,35.1
2008-04-02,15.0,4.9,3.7
2008-04-03,0.0,0.0,0.0
2008-04-04,0.1,8.6,7.3
2008-04-05,13.9,6.9,5.7
2008-04-06,1.6,7.4,6.2
2008-04-07,9.2,3.0,2.1
2008-04-08,0.0,25.3,25.9
2008-04-09,0.0,2.8,1.9
2008-04-10,1.1,2.4,1.5
2008-04-11,8.9,0.0,0.0
2008-04-12,3.1,15.6,13.4
2008-04-13,0.0,0.0,0.0
2008-04-14,0.0,143.7,88.3
2008-04-15,7.0,5.6,5.2
2008-04-16,0.0,18.0,16.3
2008-04-17,23.6,1.3,1.6
2008-04-18,31.4,1.0,0.0
2008-04-19,0.7,1.5,1.8
2008-04-20,0.0,15.5,13.7
2008-04-21,11.9,87.9,73.8
2008-04-22,26.6,30.6,39.5
2008-04-23,9.1,14.0,12.1
2008-04-24,0.0,7.0,5.1
2008-04-25,0.0,31.7,41.4
2008-04-26,86.1,4.0,2.4
2008-04-27,0.4,38.1,51.6
2008-04-28,9.2,5.0,3.3
2008-04-29,0.0,1.5,1.0
2008-04-30,49.0,1.0,0.0
2008-05-01,49.7,17.3,12.0
2008-05-02,17.6,27.9,21.3
2008-05-03,41.3,1.0,0.0
2008-05-04,0.0,11.3,7.6
2008-05-05,0.0,10.7,7.2
2008-05-06,0.0,6.2,4.1
2008-05-07,6.5,13.1,8.9
2008-05-08,12.4,33.4,26.4
2008-05-09,4.1,24.0,17.1
2008-05-10,10.8,10.9,7.4
2008-05-11,0.9,13.3,11.2
2008-05-12,23.8,12.8,10.7
2008-05-13,1.8,17.2,14.3
2008-05-14,21.8,4.4,3.4
2008-05-15,1.0,1.6,1.0
2008-05-16,0.0,20.3,17.2
2008-05-17,19.1,1.4,1.0
2008-05-18,0.0,0.9,0.0
2008-05-19,0.0,0.5,0.0
2008-05-20,0.2,12.9,10.8
2008-05-21,18.8,0.1,0.0
2008-05-22,0.0,0.3,0.0
2008-05-23,0.0,0.1,0.0
2008-05-24,0.0,5.7,4.4
2008-05-25,44.0,0.5,0.0
2008-05-26,22.6,0.0,0.0
2008-05-27,0.0,13.5,12.9
2008-05-28,0.0,0.4,0.0
2008-05-29,0.1,0.0,0.0
2008-05-30,5.9,7.0,5.9
2008-05-31,0.1,18.3,21.1
2008-06-01,24.0,7.4,6.2
2008-06-02,4.0,1.2,1.0
2008-06-03,0.0,47.8,65.4
2008-06-04,11.4,14.0,12.5
2008-06-05,15.0,0.0,0.0
2008-06-06,0.0,5.9,4.7
2008-06-07,4.3,11.9,11.6
2008-06-08,3.1,5.6,4.4
2008-06-09,4.4,28.4,35.6
2008-06-10,0.8,14.4,12.8
2008-06-11,2.2,25.2,34.1
2008-06-12,21.6,11.5,11.3
2008-06-13,0.5,5.3,3.3
2008-06-14,27.9,0.2,0.0
2008-06-15,0.0,0.0,0.0
2008-06-16,10.3,3.4,1.0
2008-06-17,3.2,1.6,0.0
2008-06-18,23.0,2.0,0.0
2008-06-19,0.9,12.1,12.1
2008-06-20,16.5,0.6,0.0
2008-06-21,0.0,0.1,0.0
2008-06-22,0.0,2.3,1.7
2008-06-23,10.2,0.0,0.0
2008-06-24,0.0,0.0,0.0
2008-06-25,55.0,0.0,0.0
2008-06-26,23.4,2.1,1.5
2008-06-27,17.0,0.8,0.0
2008-06-28,0.0,12.6,10.5
2008-06-29,9.0,5.2,4.0
2008-06-30,1.0,5.1,4.0
2008-07-01,0.8,47.3,41.2
2008-07-02,47.4,16.2,12.9
2008-07-03,20.2,6.2,4.1
2008-07-04,0.1,1.7,1.0
2008-07-05,9.9,42.3,37.5
2008-07-06,0.0,2.0,1.0
2008-07-07,0.0,0.0,0.0
2008-07-08,4.0,7.5,5.0
2008-07-09,1.0,11.7,8.4
2008-07-10,18.3,1.7,1.0
2008-07-11,0.0,18.5,21.8
2008-07-12,0.0,1.1,0.0
2008-07-13,7.6,0.7,0.0
2008-07-14,0.0,0.0,0.0
2008-07-15,0.0,1.8,0.0
2008-07-16,0.3,2.4,1.0
2008-07-17,0.0,6.3,3.5
2008-07-18,0.0,10.6,9.0
2008-07-19,0.2,4.2,1.6
2008-07-20,13.3,3.7,1.2
2008-07-21,0.2,2.9,3.4
2008-07-22,3.1,0.3,0.0
2008-07-23,0.3,2.9,3.5
2008-07-24,2.4,1.5,1.7
2008-07-25,0.0,11.1,13.8
2008-07-26,2.2,7.2,8.7
2008-07-27,0.5,2.4,2.8
2008-07-28,33.6,2.5,3.0
2008-07-29,0.0,3.9,4.7
2008-07-30,0.0,0.0,0.0
2008-07-31,0.0,0.0,0.0
2008-08-01,0.0,0.5,0.0
2008-08-02,0.0,1.8,1.0
2008-08-03,1.3,0.1,0.0
2008-08-04,1.7,0.1,0.0
2008-08-05,6.5,1.7,1.0
2008-08-06,17.6,0.0,0.0
2008-08-07,0.0,0.0,0.0
2008-08-08,0.0,6.5,4.7
2008-08-09,0.8,17.1,20.6
2008-08-10,0.0,1.8,1.0
2008-08-11,0.0,4.5,2.5
2008-08-12,0.4,11.3,13.0
2008-08-13,54.5,8.9,8.7
2008-08-14,9.3,8.5,8.0
2008-08-15,0.0,1.3,0.0
2008-08-16,1.2,22.2,36.8
2008-08-17,10.5,2.2,0.0
2008-08-18,4.6,1.4,0.0
2008-08-19,1.3,0.9,0.0
2008-08-20,0.0,8.2,7.6
2008-08-21,2.3,2.8,2.8
2008-08-22,1.0,6.4,5.6
2008-08-23,0.0,9.7,8.0
2008-08-24,38.1,0.0,0.0
2008-08-25,0.0,5.3,4.8
2008-08-26,0.3,2.5,2.5
2008-08-27,0.0,12.5,9.9
2008-08-28,0.0,9.8,8.1
2008-08-29,9.4,4.1,3.8
2008-08-30,4.3,8.7,7.3
2008-08-31,14.5,12.1,10.2
2008-09-01,0.0,2.0,1.0
2008-09-02,4.5,11.2,13.2
2008-09-03,0.0,1.3,0.0
2008-09-04,0.3,7.1,7.4
2008-09-05,0.3,6.4,6.4
2008-09-06,10.0,1.4,0.0
2008-09-07,0.0,8.7,9.6
2008-09-08,43.6,5.1,4.6
2008-09-09,76.4,14.7,27.0
2008-09-10,11.8,26.7,48.4
2008-09-11,0.3,16.0,12.4
2008-09-12,0.0,9.0,6.6
2008-09-13,0.0,2.4,1.0
2008-09-14,3.3,3.7,1.9
2008-09-15,0.0,3.4,1.6
2008-09-16,55.6,69.5,85.2
2008-09-17,0.0,17.6,18.3
2008-09-18,0.0,4.9,3.0
2008-09-19,0.0,2.8,1.1
2008-09-20,0.0,0.5,0.0
2008-09-21,2.0,9.6,6.7
2008-09-22,0.0,0.0,0.0
2008-09-23,0.0,0.0,0.0
2008-09-24,0.0,10.5,7.5
2008-09-25,0.0,0.4,0.0
2008-09-26,0.0,6.0,3.4
2008-09-27,1.3,43.2,57.2
2008-09-28,0.0,0.6,0.0
2008-09-29,130.5,38.7,50.2
2008-09-30,0.0,0.3,0.0
2008-10-01,0.0,0.8,0.0
2008-10-02,0.0,15.2,12.5
2008-10-03,0.0,1.1,0.0
2008-10-04,0.0,0.0,0.0
2008-10-05,0.0,0.0,0.0
2008-10-06,0.0,7.1,5.0
2008-10-07,4.1,0.0,0.0
2008-10-08,3.4,15.8,13.5
2008-10-09,0.0,0.0,0.0
2008-10-10,0.2,1.4,0.0
2008-10-11,5.9,0.3,0.0
2008-10-12,0.0,19.5,15.3
2008-10-13,10.4,0.0,0.0
2008-10-14,3.8,16.5,12.5
2008-10-15,31.3,0.4,0.0
2008-10-16,2.1,0.0,0.0
2008-10-17,0.0,0.0,0.0
2008-10-18,0.0,3.5,1.3
2008-10-19,0.0,6.4,3.7
2008-10-20,0.0,0.0,0.0
2008-10-21,0.0,25.3,29.6
2008-10-22,7.0,14.7,12.7
2008-10-23,17.7,33.6,39.8
2008-10-24,38.4,1.8,1.0
2008-10-25,6.0,57.9,56.6
2008-10-26,59.9,29.7,35.2
2008-10-27,5.3,4.7,3.2
2008-10-28,0.0,8.0,6.3
2008-10-29,0.0,5.7,4.2
2008-10-30,0.0,6.7,5.1
2008-10-31,25.7,1.1,0.0
2008-11-01,0.1,0.0,0.0
2008-11-02,0.0,7.5,6.5
2008-11-03,4.1,3.2,1.8
2008-11-04,0.0,14.3,14.0
2008-11-05,2.0,0.4,0.0
2008-11-06,0.0,13.8,12.9
2008-11-07,0.3,0.0,0.0
2008-11-08,0.0,0.6,0.0
2008-11-09,0.0,19.1,22.6
2008-11-10,29.7,6.9,5.8
2008-11-11,0.0,4.0,2.1
2008-11-12,6.2,0.1,0.0
2008-11-13,0.0,0.8,0.0
2008-11-14,0.8,6.5,4.6
2008-11-15,8.4,11.5,9.7
2008-11-16,5.7,8.4,6.5
2008-11-17,5.4,21.5,20.5
2008-11-18,0.9,1.9,1.0
2008-11-19,3.0,7.6,5.7
2008-11-20,1.7,7.6,5.7
2008-11-21,0.0,20.2,24.6
2008-11-22,5.7,12.2,10.0
2008-11-23,2.2,2.6,1.0
2008-11-24,1.0,9.5,7.2
2008-11-25,0.0,0.5,0.0
2008-11-26,2.9,84.7,57.8
2008-11-27,52.8,0.0,0.0
2008-11-28,0.1,54.8,55.5
2008-11-29,12.0,6.2,3.9
2008-11-30,6.0,2.5,1.0
2008-12-01,0.0,26.9,38.9
2008-12-02,4.7,19.1,25.5
2008-12-03,85.6,0.2,0.0
2008-12-04,0.0,2.8,1.3
2008-12-05,31.5,56.0,71.6
2008-12-06,49.8,10.1,9.5
2008-12-07,2.2,6.9,5.8
2008-12-08,0.5,0.0,0.0
2008-12-09,3.4,5.9,4.6
2008-12-10,53.1,11.7,11.3
2008-12-11,25.7,3.4,2.6
2008-12-12,14.3,0.0,0.0
2008-12-13,0.0,4.6,3.5
2008-12-14,12.9,0.0,0.0
2008-12-15,2.0,0.1,0.0
2008-12-16,0.0,0.0,0.0
2008-12-17,0.0,1.7,1.2
2008-12-18,0.0,8.3,6.6
2008-12-19,5.6,4.7,3.7
2008-12-20,0.0,2.5,1.8
2008-12-21,0.0,6.9,5.5
2008-12-22,22.8,13.0,11.1
2008-12-23,4.7,1.9,1.0
2008-12-24,0.0,0.4,0.0
2008-12-25,0.0,2.3,1.2
2008-12-26,0.0,19.1,24.1
2008-12-27,5.7,8.0,6.5
2008-12-28,0.0,9.9,8.3
2008-12-29,5.8,59.9,63.5
2008-12-30,29.1,16.7,14.3
2008-12-31,5.0,10.1,8.5
2009-01-01,5.1,0.9,0.0
2009-01-02,0.8,12.5,10.0
2009-01-03,2.0,14.1,11.2
2009-01-04,3.9,6.9,5.3
2009-01-05,3.5,2.3,1.4
2009-01-06,0.0,0.3,0.0
2009-01-07,0.0,27.2,26.0
2009-01-08,10.7,18.8,15.3
2009-01-09,6.4,0.2,0.0
2009-01-10,0.2,3.7,2.6
2009-01-11,0.0,172.3,83.2
2009-01-12,48.3,66.7,62.2
2009-01-13,25.2,1.5,1.2
2009-01-14,0.0,9.3,7.1
2009-01-15,0.0,30.1,25.8
2009-01-16,4.4,3.4,2.6
2009-01-17,0.6,0.7,0.0
2009-01-18,0.0,1.4,1.1
2009-01-19,17.6,8.5,6.5
2009-01-20,0.0,2.7,2.1
2009-01-21,0.0,5.6,5.4
2009-01-22,0.0,4.1,3.9
2009-01-23,12.0,0.9,0.0
2009-01-24,2.4,19.9,22.4
2009-01-25,3.1,4.1,3.9
2009-01-26,4.7,2.8,2.7
2009-01-27,6.4,4.6,4.4
2009-01-28,9.4,0.0,0.0
2009-01-29,0.0,2.0,1.9
2009-01-30,4.2,0.3,0.0
2009-01-31,11.0,14.9,15.1
2009-02-01,20.5,11.4,10.6
2009-02-02,6.6,0.0,0.0
2009-02-03,0.0,8.0,7.1
2009-02-04,4.9,5.4,4.4
2009-02-05,0.0,12.7,11.9
2009-02-06,40.4,1.2,0.0
2009-02-07,0.3,0.0,0.0
2009-02-08,0.0,55.1,64.2
2009-02-09,8.8,0.7,0.0
2009-02-10,0.1,0.0,0.0
2009-02-11,3.3,53.0,70.6
2009-02-12,22.4,2.6,2.6
2009-02-13,0.0,0.0,0.0
2009-02-14,0.0,6.8,7.0
2009-02-15,0.0,3.4,3.4
2009-02-16,1.0,2.4,2.4
2009-02-17,15.2,1.9,1.9
2009-02-18,6.0,0.0,0.0
2009-02-19,0.0,1.6,1.6
2009-02-20,0.0,4.6,4.7
2009-02-21,10.6,17.8,21.7
2009-02-22,15.0,7.8,8.5
2009-02-23,96.1,11.2,14.6
2009-02-24,25.1,6.7,7.2
2009-02-25,1.4,0.0,0.0
2009-02-26,0.0,1.7,1.5
2009-02-27,11.1,1.1,1.0
2009-02-28,0.0,40.5,53.9
2009-03-01,2.8,16.3,15.5
2009-03-02,0.5,0.8,0.0
2009-03-03,0.0,6.5,6.3
2009-03-04,2.9,8.9,8.5
2009-03-05,2.0,0.0,0.0
2009-03-06,0.0,0.0,0.0
2009-03-07,0.1,8.6,8.3
2009-03-08,1.6,23.9,24.0
2009-03-09,19.5,15.4,14.6
2009-03-10,1.2,2.8,3.0
2009-03-11,1.8,5.6,5.9
2009-03-12,0.0,2.6,3.0
2009-03-13,16.5,5.6,5.9
2009-03-14,1.7,10.5,11.1
2009-03-15,8.5,10.5,11.0
2009-03-16,16.4,24.1,28.0
2009-03-17,43.0,7.2,7.4
2009-03-18,12.3,2.9,3.3
2009-03-19,0.0,4.5,4.9
2009-03-20,21.5,14.3,14.9
2009-03-21,0.1,0.0,0.0
2009-03-22,3.2,0.0,0.0
2009-03-23,0.9,0.0,0.0
2009-03-24,0.0,2.4,1.3
2009-03-25,15.5,2.8,1.7
2009-03-26,55.0,0.0,0.0
2009-03-27,0.0,7.2,4.7
2009-03-28,17.6,0.7,0.0
2009-03-29,1.2,0.0,0.0
2009-03-30,0.0,0.2,0.0
2009-03-31,0.0,0.0,0.0
2009-04-01,0.3,12.9,11.8
2009-04-02,0.2,4.7,3.6
2009-04-03,21.0,17.2,16.0
2009-04-04,1.4,5.4,4.3
2009-04-05,20.7,1.3,1.0
2009-04-06,1.0,10.0,8.8
2009-04-07,0.0,3.9,2.8
2009-04-08,2.7,0.5,0.0
2009-04-09,1.8,3.6,2.6
2009-04-10,0.4,10.5,9.3
2009-04-11,1.5,8.6,7.7
2009-04-12,1.8,18.5,17.7
2009-04-13,14.8,4.0,3.8
2009-04-14,1.2,12.5,11.0
2009-04-15,0.2,1.3,1.7
2009-04-16,0.0,32.3,33.0
2009-04-17,16.7,14.8,12.7
2009-04-18,3.8,23.5,21.2
2009-04-19,9.3,52.0,60.6
2009-04-20,8.7,0.0,0.0
2009-04-21,0.0,7.4,5.5
2009-04-22,0.6,0.0,0.0
2009-04-23,0.0,0.0,0.0
2009-04-24,9.0,2.5,1.2
2009-04-25,19.2,18.4,18.0
2009-04-26,1.5,7.9,6.0
2009-04-27,0.1,4.0,2.4
2009-04-28,1.3,1.0,0.0
2009-04-29,0.0,14.4,12.0
2009-04-30,21.0,17.0,15.6
2009-05-01,1.7,0.2,0.0
2009-05-02,0.0,15.7,10.9
2009-05-03,2.0,4.3,2.7
2009-05-04,45.0,6.4,4.2
2009-05-05,27.4,8.9,6.0
2009-05-06,6.6,12.9,8.9
2009-05-07,10.0,8.7,5.8
2009-05-08,0.0,0.4,0.0
2009-05-09,0.0,0.3,0.0
2009-05-10,0.0,0.0,0.0
2009-05-11,10.7,0.6,0.0
2009-05-12,0.0,5.9,4.8
2009-05-13,3.7,5.5,4.4
2009-05-14,0.5,0.0,0.0
2009-05-15,0.0,2.0,1.4
2009-05-16,10.1,0.6,0.0
2009-05-17,2.5,3.3,2.5
2009-05-18,0.0,6.4,5.2
2009-05-19,1.3,6.1,4.9
2009-05-20,19.6,2.5,1.8
2009-05-21,7.0,1.0,0.0
2009-05-22,0.7,1.1,0.0
2009-05-23,1.4,3.0,1.5
2009-05-24,9.1,0.0,0.0
2009-05-25,0.0,0.0,0.0
2009-05-26,0.0,3.3,1.8
2009-05-27,0.0,2.2,1.0
2009-05-28,0.0,10.3,9.5
2009-05-29,8.7,4.9,3.6
2009-05-30,7.8,0.2,0.0
2009-05-31,0.0,16.3,18.2
2009-06-01,19.3,3.9,2.9
2009-06-02,2.9,35.5,45.5
2009-06-03,10.4,4.7,3.6
2009-06-04,1.5,1.1,1.0
2009-06-05,6.9,1.3,1.0
2009-06-06,0.0,0.0,0.0
2009-06-07,0.0,35.0,45.0
2009-06-08,9.6,0.9,0.0
2009-06-09,35.6,10.3,8.9
2009-06-10,0.1,7.2,5.9
2009-06-11,1.0,0.0,0.0
2009-06-12,0.1,0.0,0.0
2009-06-13,0.0,1.8,0.0
2009-06-14,0.0,0.5,0.0
2009-06-15,0.0,5.1,3.0
2009-06-16,0.0,0.5,0.0
2009-06-17,153.0,0.0,0.0
2009-06-18,0.0,4.8,2.7
2009-06-19,34.5,11.3,11.1
2009-06-20,2.7,3.2,1.0
2009-06-21,8.0,2.1,1.5
2009-06-22,0.3,3.3,2.5
2009-06-23,0.0,31.9,29.8
2009-06-24,44.3,2.9,2.2
2009-06-25,0.0,0.1,0.0
2009-06-26,0.0,3.4,2.6
2009-06-27,0.0,0.0,0.0
2009-06-28,0.0,0.1,0.0
2009-06-29,0.0,0.0,0.0
2009-06-30,5.0,7.7,6.0
2009-07-01,1.8,0.0,0.0
2009-07-02,0.0,0.5,0.0
2009-07-03,0.1,0.2,0.0
2009-07-04,0.0,5.2,3.2
2009-07-05,30.2,1.4,0.0
2009-07-06,0.0,6.0,3.9
2009-07-07,2.2,6.4,4.2
2009-07-08,0.0,0.0,0.0
2009-07-09,4.5,0.0,0.0
2009-07-10,0.0,0.1,0.0
2009-07-11,0.0,0.0,0.0
2009-07-12,0.0,0.4,0.0
2009-07-13,0.0,5.4,2.7
2009-07-14,0.0,0.5,0.0
2009-07-15,0.0,0.0,0.0
2009-07-16,0.0,0.2,0.0
2009-07-17,0.5,1.9,0.0
2009-07-18,29.6,7.0,4.2
2009-07-19,6.9,17.2,19.6
2009-07-20,18.0,0.7,0.0
2009-07-21,0.4,13.6,17.1
2009-07-22,20.3,4.7,5.7
2009-07-23,6.4,18.6,23.6
2009-07-24,0.2,5.3,6.3
2009-07-26,14.5,9.7,12.4
2009-07-27,0.0,8.9,10.6
2009-07-28,0.0,0.0,0.0
2009-07-29,0.0,0.1,0.0
2009-07-30,0.0,2.5,3.0
2009-07-31,0.0,0.0,0.0
2009-08-01,0.0,0.0,0.0
2009-08-02,0.0,2.1,1.0
2009-08-03,0.0,0.0,0.0
2009-08-04,0.0,0.0,0.0
2009-08-05,0.0,0.5,0.0
2009-08-06,5.0,0.1,0.0
2009-08-07,23.2,15.7,18.6
2009-08-08,7.6,0.0,0.0
2009-08-09,0.0,0.0,0.0
2009-08-10,0.0,3.3,1.6
2009-08-11,11.3,0.5,0.0
2009-08-12,0.0,8.2,7.6
2009-08-13,0.7,0.3,0.0
2009-08-14,0.0,0.0,0.0
2009-08-15,0.0,15.6,20.5
2009-08-16,18.8,6.2,4.7
2009-08-17,15.0,11.5,13.4
2009-08-18,1.2,7.5,6.7
2009-08-19,3.3,0.7,0.0
2009-08-20,0.0,1.4,0.0
2009-08-21,0.0,45.6,40.7
2009-08-22,5.3,51.1,44.2
2009-08-23,0.8,22.2,19.1
2009-08-24,11.7,34.3,31.1
2009-08-25,85.4,0.0,0.0
2009-08-26,0.0,0.8,0.0
2009-08-27,0.3,5.6,5.0
2009-08-28,9.4,17.7,13.9
2009-08-29,0.3,0.8,0.0
2009-08-30,0.0,0.4,0.0
2009-08-31,0.0,0.1,0.0
2009-09-01,1.3,2.1,1.0
2009-09-02,0.0,1.4,0.0
2009-09-03,0.0,1.2,0.0
2009-09-04,0.0,0.0,0.0
2009-09-05,12.0,0.0,0.0
2009-09-06,0.0,0.0,0.0
2009-09-07,0.0,0.0,0.0
2009-09-08,0.0,0.0,0.0
2009-09-09,0.0,2.5,1.2
2009-09-10,7.0,3.5,2.5
2009-09-11,0.0,1.1,0.0
2009-09-12,0.0,0.0,0.0
2009-09-13,0.0,1.0,0.0
2009-09-14,4.9,0.0,0.0
2009-09-15,0.0,0.0,0.0
2009-09-16,0.0,0.0,0.0
2009-09-17,35.0,0.9,0.0
2009-09-18,0.0,0.0,0.0
2009-09-19,0.0,15.0,11.8
2009-09-20,0.0,54.6,66.0
2009-09-21,77.9,5.8,3.2
2009-09-22,0.1,0.0,0.0
2009-09-23,0.0,7.5,4.8
2009-09-24,8.1,35.4,45.3
2009-09-25,32.7,53.0,70.9
2009-09-26,6.0,5.6,3.0
2009-09-27,0.0,0.0,0.0
2009-09-28,0.0,0.0,0.0
2009-09-29,0.0,0.8,0.0
2009-09-30,0.0,36.3,47.4
2009-10-01,4.5,7.0,4.9
2009-10-02,0.0,0.2,0.0
2009-10-03,0.0,0.3,0.0
2009-10-04,0.0,0.0,0.0
2009-10-05,10.3,0.0,0.0
2009-10-06,6.0,0.6,0.0
2009-10-07,0.0,34.6,36.9
2009-10-08,47.6,5.6,3.6
2009-10-09,0.0,44.4,48.4
2009-10-10,21.0,31.3,31.7
2009-10-11,1.3,0.5,0.0
2009-10-12,0.0,0.0,0.0
2009-10-13,1.0,20.7,15.9
2009-10-14,19.3,4.6,2.2
2009-10-15,0.0,0.9,0.0
2009-10-16,0.0,0.0,0.0
2009-10-17,0.0,0.0,0.0
2009-10-18,0.0,0.1,0.0
2009-10-19,13.3,2.9,1.0
2009-10-20,0.0,7.0,4.2
2009-10-21,1.3,0.0,0.0
2009-10-22,0.0,1.2,0.0
2009-10-23,0.0,0.0,0.0
2009-10-24,0.0,19.8,21.3
2009-10-25,55.5,0.0,0.0
2009-10-26,0.0,5.7,4.1
2009-10-27,12.5,10.4,8.5
2009-10-28,0.0,0.2,0.0
2009-10-29,2.0,2.9,1.5
2009-10-30,9.7,0.0,0.0
2009-10-31,12.9,0.7,0.0
2009-11-01,0.0,8.8,7.8
2009-11-02,13.8,4.8,3.6
2009-11-03,0.0,6.5,5.4
2009-11-04,0.0,0.0,0.0
2009-11-05,0.0,1.9,1.0
2009-11-06,1.0,4.2,2.9
2009-11-07,0.5,5.3,4.2
2009-11-08,1.3,3.1,1.7
2009-11-09,67.3,7.5,6.5
2009-11-10,0.0,24.6,29.0
2009-11-11,1.1,11.7,9.9
2009-11-12,8.5,8.2,6.3
2009-11-13,0.0,0.3,0.0
2009-11-14,0.7,7.4,5.5
2009-11-15,14.3,15.1,13.4
2009-11-16,15.2,20.4,19.0
2009-11-17,18.0,13.5,11.7
2009-11-18,0.0,2.6,1.0
2009-11-19,2.8,0.0,0.0
2009-11-20,0.0,10.5,8.7
2009-11-21,0.1,85.4,59.4
2009-11-22,88.9,9.7,7.5
2009-11-23,0.4,24.7,30.1
2009-11-24,49.4,3.1,1.0
2009-11-25,0.0,48.0,51.9
2009-11-26,61.6,4.1,1.8
2009-11-27,0.4,30.4,35.3
2009-11-28,1.9,14.9,13.1
2009-11-29,2.5,13.3,11.1
2009-11-30,0.0,12.5,10.3
2009-12-01,50.6,23.0,32.3
2009-12-02,55.6,0.0,0.0
2009-12-03,0.2,0.9,0.0
2009-12-04,0.7,1.6,1.0
2009-12-05,0.3,5.3,4.0
2009-12-06,17.4,1.3,0.0
2009-12-07,0.0,0.0,0.0
2009-12-08,0.0,0.0,0.0
2009-12-09,54.9,0.0,0.0
2009-12-10,0.0,1.1,0.0
2009-12-11,1.5,4.4,3.4
2009-12-12,6.6,0.0,0.0
2009-12-13,2.4,0.0,0.0
2009-12-14,0.0,3.1,2.3
2009-12-15,0.0,1.4,1.0
2009-12-16,0.2,0.7,0.0
2009-12-17,0.0,0.0,0.0
2009-12-18,0.0,22.4,19.9
2009-12-19,0.0,26.4,25.0
2009-12-20,1.0,2.3,1.7
2009-12-21,0.4,6.0,4.6
2009-12-22,0.7,0.0,0.0
2009-12-23,2.2,8.1,6.7
2009-12-24,15.0,3.1,1.9
2009-12-25,16.3,7.0,5.6
2009-12-26,1.0,3.9,2.7
2009-12-27,1.4,7.0,5.6
2009-12-28,3.1,0.9,0.0
2009-12-29,7.5,0.0,0.0
2009-12-30,0.0,3.4,2.2
2009-12-31,0.0,4.8,3.5
2010-01-01,20.9,0.0,0.0
2010-01-02,22.8,2.6,1.6
2010-01-03,4.8,0.0,0.0
2010-01-04,0.1,0.0,0.0
2010-01-05,0.0,0.9,0.0
2010-01-06,0.0,3.7,2.6
2010-01-07,0.0,0.2,0.0
2010-01-08,0.0,2.2,1.3
2010-01-09,14.7,1.8,1.0
2010-01-10,0.0,0.2,0.0
2010-01-11,0.0,16.7,12.7
2010-01-12,0.2,6.2,4.8
2010-01-13,0.5,3.8,2.9
2010-01-14,2.0,40.3,38.1
2010-01-15,71.0,8.7,6.6
2010-01-16,12.0,13.6,10.3
2010-01-17,12.4,7.0,5.3
2010-01-18,3.5,178.0,82.7
2010-01-19,67.1,16.2,12.3
2010-01-20,5.6,0.2,0.0
2010-01-21,0.0,0.1,0.0
2010-01-22,0.0,0.0,0.0
2010-01-23,0.0,0.0,0.0
2010-01-24,5.0,0.0,0.0
2010-01-25,12.1,1.8,1.7
2010-01-26,29.2,11.1,10.9
2010-01-27,10.8,8.7,8.5
2010-01-28,19.8,1.2,1.2
2010-01-29,11.9,1.3,1.3
2010-01-30,68.1,0.2,0.0
2010-01-31,0.5,0.0,0.0
2010-02-01,2.7,34.9,37.6
2010-02-02,0.0,4.2,3.2
2010-02-03,0.0,0.0,0.0
2010-02-04,0.0,0.0,0.0
2010-02-05,0.0,6.9,5.9
2010-02-06,10.4,2.8,1.7
2010-02-07,0.0,0.1,0.0
2010-02-08,0.0,0.0,0.0
2010-02-09,0.0,0.1,0.0
2010-02-10,18.0,0.0,0.0
2010-02-11,0.0,0.4,0.0
2010-02-12,0.0,26.5,29.1
2010-02-13,13.3,0.3,0.0
2010-02-14,7.3,0.0,0.0
2010-02-15,14.4,28.5,31.8
2010-02-16,2.4,2.6,2.6
2010-02-17,27.3,0.5,0.0
2010-02-18,0.5,0.8,0.0
2010-02-19,26.0,0.3,0.0
2010-02-20,2.7,0.0,0.0
2010-02-21,25.5,0.0,0.0
2010-02-22,17.6,1.3,1.0
2010-02-23,2.5,0.0,0.0
2010-02-24,0.0,8.5,9.2
2010-02-25,0.0,2.3,2.2
2010-02-26,0.0,1.4,1.1
2010-02-27,0.8,0.0,0.0
2010-02-28,0.0,0.0,0.0
2010-03-01,0.0,0.0,0.0
2010-03-02,0.0,0.0,0.0
2010-03-03,0.0,0.0,0.0
2010-03-04,0.0,0.0,0.0
2010-03-05,0.0,0.0,0.0
2010-03-06,0.0,0.3,0.0
2010-03-07,0.7,0.0,0.0
2010-03-08,0.0,2.8,3.0
2010-03-09,0.0,2.4,2.6
2010-03-10,0.5,0.5,0.0
2010-03-11,17.3,0.7,0.0
2010-03-12,8.7,5.7,6.0
2010-03-13,1.3,7.6,7.9
2010-03-14,0.0,0.3,0.0
2010-03-15,3.8,0.9,0.0
2010-03-16,0.0,0.1,0.0
2010-03-17,9.8,7.5,7.8
2010-03-18,21.4,2.2,2.7
2010-03-19,1.2,0.0,0.0
2010-03-20,26.7,5.0,5.3
2010-03-21,27.8,1.3,0.0
2010-03-22,0.0,11.2,7.5
2010-03-23,5.6,14.5,10.0
2010-03-24,1.5,16.5,11.4
2010-03-25,0.4,47.5,41.0
2010-03-26,3.8,20.1,13.9
2010-03-27,0.0,37.3,30.9
2010-03-28,0.1,0.3,0.0
2010-03-29,0.0,4.7,3.0
2010-03-30,6.5,6.7,4.3
2010-03-31,6.8,0.0,0.0
2010-04-01,3.6,0.0,0.0
2010-04-02,0.0,0.0,0.0
2010-04-03,0.0,4.1,3.0
2010-04-04,1.5,19.0,16.3
2010-04-05,5.7,3.3,2.3
2010-04-06,6.4,12.5,11.1
2010-04-07,0.4,5.0,3.9
2010-04-08,0.0,7.2,6.0
2010-04-09,0.0,2.9,1.9
2010-04-10,0.0,20.5,18.6
2010-04-11,0.0,4.9,4.6
2010-04-12,7.3,0.0,0.0
2010-04-13,0.0,0.0,0.0
2010-04-14,11.6,6.5,5.9
2010-04-15,0.8,17.7,15.8
2010-04-16,3.0,0.4,0.0
2010-04-17,0.0,6.3,5.8
2010-04-18,1.6,0.2,0.0
2010-04-19,0.5,13.7,13.1
2010-04-20,0.1,1.4,1.7
2010-04-21,0.0,1.6,1.0
2010-04-22,4.8,3.1,1.7
2010-04-23,8.4,4.7,3.1
2010-04-24,0.0,6.6,4.8
2010-04-25,1.7,5.9,4.2
2010-04-26,9.0,0.0,0.0
2010-04-27,0.0,2.9,1.5
2010-04-28,0.5,1.1,0.0
2010-04-29,2.0,9.6,7.6
2010-04-30,0.0,0.3,0.0
2010-05-01,0.4,4.2,2.6
2010-05-02,7.1,1.1,0.0
2010-05-03,0.8,0.2,0.0
2010-05-04,0.0,0.0,0.0
2010-05-05,0.0,1.4,0.0
2010-05-06,0.0,7.9,5.2
2010-05-07,0.8,20.5,14.0
2010-05-08,0.7,0.8,0.0
2010-05-09,1.0,0.4,0.0
2010-05-10,0.0,3.1,1.9
2010-05-11,14.9,27.6,26.5
2010-05-12,0.4,20.1,16.9
2010-05-13,34.1,23.4,23.1
2010-05-14,13.4,38.7,38.0
2010-05-15,39.9,54.9,52.7
2010-05-16,66.0,43.8,43.2
2010-05-17,45.8,0.1,0.0
2010-05-18,0.0,13.7,11.5
2010-05-19,48.0,0.2,0.0
2010-05-20,11.8,4.8,3.8
2010-05-21,40.0,1.2,0.0
2010-05-22,0.0,0.8,0.0
2010-05-23,0.0,1.5,0.0
2010-05-24,0.0,4.5,3.1
2010-05-25,6.7,0.0,0.0
2010-05-26,0.0,0.0,0.0
2010-05-27,0.0,5.2,3.8
2010-05-28,0.0,0.0,0.0
2010-05-29,0.0,4.1,2.6
2010-05-30,2.0,0.2,0.0
2010-05-31,1.7,0.0,0.0
2010-06-01,0.0,0.1,0.0
2010-06-02,0.0,0.1,0.0
2010-06-03,0.0,0.0,0.0
2010-06-04,0.4,6.6,5.4
2010-06-05,0.0,0.0,0.0
2010-06-06,0.0,19.6,22.5
2010-06-07,8.0,10.1,8.7
2010-06-08,0.3,0.4,0.0
2010-06-09,1.3,0.0,0.0
2010-06-10,9.9,1.9,1.2
2010-06-11,0.0,5.7,3.8
2010-06-12,0.0,2.3,0.0
2010-06-13,0.0,29.3,41.8
2010-06-14,20.7,27.0,37.6
2010-06-15,5.5,2.0,0.0
2010-06-16,0.3,1.7,0.0
2010-06-17,0.0,5.9,4.1
2010-06-18,0.6,10.1,9.5
2010-06-19,2.3,8.3,7.1
2010-06-20,2.4,18.2,20.2
2010-06-21,4.1,0.6,0.0
2010-06-22,0.0,0.6,0.0
2010-06-23,0.9,2.3,1.7
2010-06-24,9.5,1.9,1.4
2010-06-25,0.0,0.4,0.0
2010-06-26,0.0,8.9,6.9
2010-06-27,0.5,11.3,8.9
2010-06-28,1.1,5.1,3.9
2010-06-29,0.0,0.0,0.0
2010-06-30,0.0,5.2,4.1
2010-07-01,1.0,15.5,11.0
2010-07-02,8.2,0.3,0.0
2010-07-03,10.7,10.2,7.2
2010-07-04,9.2,21.2,17.0
2010-07-05,3.8,45.0,39.4
2010-07-06,54.5,0.2,0.0
2010-07-07,0.0,0.5,0.0
2010-07-08,0.0,3.8,2.0
2010-07-09,14.3,5.3,3.3
2010-07-10,22.1,0.0,0.0
2010-07-11,0.0,8.2,5.4
2010-07-12,0.0,1.9,0.0
2010-07-13,0.5,3.7,1.1
2010-07-14,3.3,1.2,0.0
2010-07-15,5.2,9.3,6.6
2010-07-16,1.5,30.1,41.5
2010-07-17,0.7,10.4,7.9
2010-07-18,2.5,18.2,21.3
2010-07-19,0.0,1.5,0.0
2010-07-20,80.6,4.7,2.0
2010-07-21,0.5,11.9,14.7
2010-07-22,1.0,3.3,4.0
2010-07-23,0.7,12.6,15.3
2010-07-24,27.3,1.5,1.7
2010-07-25,1.3,3.7,4.4
2010-07-26,1.0,15.8,20.0
2010-07-27,0.0,2.8,3.3
2010-07-28,33.1,7.7,9.3
2010-07-29,0.3,26.2,36.0
2010-07-30,18.8,2.8,3.3
2010-07-31,0.0,3.3,4.0
2010-08-01,49.4,0.0,0.0
2010-08-02,0.0,2.3,1.0
2010-08-03,0.0,21.5,27.6
2010-08-04,17.8,5.5,3.8
2010-08-05,0.0,6.7,5.0
2010-08-06,22.5,9.9,7.8
2010-08-07,0.0,2.6,1.0
2010-08-08,10.3,7.2,5.4
2010-08-09,26.4,6.7,5.0
2010-08-10,1.6,4.6,2.9
2010-08-11,89.6,3.7,1.5
2010-08-12,0.9,0.0,0.0
2010-08-13,0.0,0.5,0.0
2010-08-14,0.4,2.8,1.0
2010-08-15,0.0,7.7,6.9
2010-08-16,0.8,8.8,8.6
2010-08-17,2.6,7.8,7.0
2010-08-18,1.5,1.2,0.0
2010-08-19,1.3,0.2,0.0
2010-08-20,2.8,3.7,1.6
2010-08-21,0.0,4.7,4.3
2010-08-22,0.0,32.5,29.7
2010-08-23,41.0,0.0,0.0
2010-08-24,0.0,4.2,3.9
2010-08-25,2.0,5.0,4.5
2010-08-26,0.1,0.0,0.0
2010-08-27,0.0,10.0,8.3
2010-08-28,5.4,9.9,8.2
2010-08-29,30.0,0.4,0.0
2010-08-30,7.4,0.0,0.0
2010-08-31,0.0,0.0,0.0
2010-09-01,4.6,0.0,0.0
2010-09-02,0.0,0.0,0.0
2010-09-03,36.0,6.4,6.5
2010-09-04,5.1,18.0,32.5
2010-09-05,4.2,23.4,43.8
2010-09-06,16.7,1.2,0.0
2010-09-07,0.0,5.2,4.7
2010-09-08,2.1,3.9,3.1
2010-09-09,5.2,7.9,8.4
2010-09-10,0.6,12.9,24.3
2010-09-11,8.8,3.8,2.0
2010-09-12,4.7,4.5,2.6
2010-09-13,0.0,1.9,1.0
2010-09-14,0.0,4.6,2.7
2010-09-15,18.0,2.1,1.0
2010-09-16,0.0,3.1,1.3
2010-09-17,4.2,0.0,0.0
2010-09-18,16.1,0.1,0.0
2010-09-19,0.0,7.7,5.4
2010-09-20,0.0,12.2,9.4
2010-09-21,1.8,9.2,6.3
2010-09-22,26.1,8.2,5.4
2010-09-23,13.2,6.5,3.9
2010-09-24,10.5,33.0,41.1
2010-09-25,1.0,13.5,10.3
2010-09-26,0.0,1.5,0.0
2010-09-27,2.6,10.9,7.9
2010-09-28,0.0,13.6,10.4
2010-09-29,38.0,7.4,4.7
2010-09-30,1.7,73.4,98.8
2010-10-01,42.1,10.7,8.3
2010-10-02,1.2,12.2,10.4
2010-10-03,1.6,3.9,2.0
2010-10-04,21.0,0.2,0.0
2010-10-05,0.0,0.0,0.0
2010-10-06,0.0,5.5,3.5
2010-10-07,0.0,2.8,1.0
2010-10-08,0.0,26.9,27.0
2010-10-09,38.9,1.4,0.0
2010-10-10,0.0,2.3,1.0
2010-10-11,16.5,0.0,0.0
2010-10-12,0.0,10.0,6.8
2010-10-13,3.2,2.5,1.0
2010-10-14,0.0,9.0,5.9
2010-10-15,24.7,12.5,8.9
2010-10-16,14.1,5.5,3.0
2010-10-17,0.2,34.1,35.6
2010-10-18,28.5,1.3,0.0
2010-10-19,0.0,19.5,15.1
2010-10-20,0.0,4.2,1.9
2010-10-21,29.6,27.7,32.9
2010-10-22,18.6,1.2,0.0
2010-10-23,3.2,0.0,0.0
2010-10-24,0.0,5.9,4.4
2010-10-25,0.0,0.0,0.0
2010-10-26,5.5,5.4,3.9
2010-10-27,0.0,0.1,0.0
2010-10-28,0.0,7.4,5.7
2010-10-29,4.2,13.9,11.7
2010-10-30,3.3,3.0,1.7
2010-10-31,0.0,35.0,41.2
2010-11-01,7.1,4.0,2.7
2010-11-02,6.2,18.3,21.8
2010-11-03,50.3,16.3,18.7
2010-11-04,1.0,19.7,23.0
2010-11-05,32.4,6.0,4.8
2010-11-06,55.2,6.8,5.7
2010-11-07,0.3,6.7,5.6
2010-11-08,6.3,5.1,3.9
2010-11-09,3.7,27.5,32.9
2010-11-10,3.3,3.4,2.0
2010-11-11,0.0,3.5,1.6
2010-11-12,0.0,1.7,0.0
2010-11-13,0.3,0.9,0.0
2010-11-14,0.0,5.0,3.1
2010-11-15,9.4,0.0,0.0
2010-11-16,0.0,4.9,3.0
2010-11-17,4.7,13.2,11.4
2010-11-18,33.6,24.2,24.7
2010-11-19,4.3,7.7,5.8
2010-11-20,0.0,16.9,15.3
2010-11-21,0.5,11.2,9.0
2010-11-22,0.0,15.2,12.9
2010-11-23,0.0,0.9,0.0
2010-11-24,11.1,6.6,4.4
2010-11-25,4.1,9.7,7.5
2010-11-26,0.0,0.0,0.0
2010-11-27,0.0,11.1,8.9
2010-11-28,1.4,6.4,4.2
2010-11-29,0.0,5.4,3.2
2010-11-30,5.1,12.3,10.1
2010-12-01,11.0,7.0,5.9
2010-12-02,0.0,0.0,0.0
2010-12-03,0.0,35.8,51.7
2010-12-04,10.9,2.5,1.0
2010-12-05,0.5,5.4,4.1
2010-12-06,11.0,2.9,1.4
2010-12-07,1.3,4.4,3.1
2010-12-08,0.0,4.1,2.7
2010-12-09,19.5,4.4,3.1
2010-12-10,1.3,4.6,3.2
2010-12-11,31.9,1.8,1.2
2010-12-12,0.0,1.1,0.0
2010-12-13,0.7,19.7,16.3
2010-12-14,7.4,3.0,2.2
2010-12-15,0.5,0.8,0.0
2010-12-16,0.0,0.0,0.0
2010-12-17,0.7,0.3,0.0
2010-12-18,0.6,11.2,9.0
2010-12-19,2.3,20.7,17.8
2010-12-20,38.3,1.0,0.0
2010-12-21,0.0,2.6,1.4
2010-12-22,2.4,10.0,8.4
2010-12-23,0.0,26.3,32.8
2010-12-24,30.9,14.3,12.3
2010-12-25,39.0,97.9,86.5
2010-12-26,1.4,10.9,9.2
2010-12-27,0.0,0.0,0.0
2010-12-28,0.0,0.0,0.0
2010-12-29,0.0,9.4,7.8
2010-12-30,0.0,18.4,23.1
2010-12-31,1.5,7.3,5.9
2011-01-01,0.3,0.2,0.0
2011-01-02,0.8,18.0,14.4
2011-01-03,2.4,16.4,13.1
2011-01-04,28.2,10.6,8.4
2011-01-05,0.0,26.8,25.4
2011-01-06,0.8,0.0,0.0
2011-01-07,0.0,0.0,0.0
2011-01-08,0.0,2.2,1.2
2011-01-09,9.1,0.3,0.0
2011-01-10,7.0,1.8,1.0
2011-01-11,4.8,1.5,1.2
2011-01-12,0.0,2.2,1.7
2011-01-13,7.9,22.1,16.3
2011-01-14,0.5,4.0,3.1
2011-01-15,17.8,22.4,17.3
2011-01-16,1.9,16.5,12.5
2011-01-17,45.2,40.1,36.4
2011-01-18,22.5,16.3,12.4
2011-01-19,2.4,0.2,0.0
2011-01-20,12.7,2.8,2.1
2011-01-21,1.0,0.0,0.0
2011-01-22,12.7,15.0,14.9
2011-01-23,10.8,9.4,9.2
2011-01-24,1.2,17.1,17.4
2011-01-25,59.2,20.0,23.1
2011-01-26,2.5,6.2,6.0
2011-01-27,19.9,4.7,4.5
2011-01-28,2.7,23.8,27.8
2011-01-29,13.1,0.2,0.0
2011-01-30,0.0,0.1,0.0
2011-01-31,0.0,3.9,3.8
2011-02-01,13.8,2.1,1.0
2011-02-02,0.0,0.8,0.0
2011-02-03,1.7,0.1,0.0
2011-02-04,0.0,0.9,0.0
2011-02-05,0.4,23.7,23.9
2011-02-06,2.7,2.6,1.5
2011-02-07,6.9,9.2,8.3
2011-02-08,3.7,1.1,0.0
2011-02-09,0.9,10.3,9.5
2011-02-10,5.1,8.2,7.2
2011-02-11,6.1,6.8,7.0
2011-02-12,9.5,17.9,19.5
2011-02-13,11.7,0.4,0.0
2011-02-14,0.0,0.3,0.0
2011-02-15,13.8,1.0,1.1
2011-02-16,6.1,29.1,33.0
2011-02-17,12.5,22.5,23.6
2011-02-18,1.5,1.4,1.4
2011-02-19,0.0,0.6,0.0
2011-02-20,1.8,19.9,20.3
2011-02-21,48.3,3.0,3.0
2011-02-22,0.0,1.5,1.2
2011-02-23,0.4,0.9,0.0
2011-02-24,0.0,9.1,9.9
2011-02-25,24.0,2.5,2.5
2011-02-26,0.0,0.5,0.0
2011-02-27,7.8,8.7,9.4
2011-02-28,9.5,52.4,71.4
2011-03-01,20.5,1.2,1.6
2011-03-02,17.4,7.0,6.8
2011-03-03,20.8,1.2,1.5
2011-03-04,0.0,11.4,10.9
2011-03-05,2.0,9.4,9.0
2011-03-06,23.4,9.2,8.8
2011-03-07,4.7,3.3,3.4
2011-03-08,0.0,3.8,3.9
2011-03-09,9.5,1.8,2.1
2011-03-10,12.9,3.7,3.8
2011-03-11,1.1,5.0,5.3
2011-03-12,6.1,3.7,4.1
2011-03-13,10.5,3.2,3.6
2011-03-14,41.5,11.9,12.2
2011-03-15,0.0,8.2,8.5
2011-03-16,1.8,7.1,7.4
2011-03-17,53.9,5.1,5.4
2011-03-18,0.4,5.3,5.6
2011-03-19,0.0,2.9,3.3
2011-03-20,2.8,0.3,0.0
2011-03-21,6.5,26.5,21.1
2011-03-22,125.5,44.4,37.9
2011-03-23,19.1,7.7,5.0
2011-03-24,4.7,7.9,5.2
2011-03-25,0.0,9.6,6.4
2011-03-26,11.5,66.4,66.6
2011-03-27,15.7,23.5,18.1
2011-03-28,23.1,78.9,85.8
2011-03-29,76.8,111.7,116.9
2011-03-30,82.2,91.9,109.5
2011-03-31,17.0,4.5,2.8
2011-04-01,21.6,50.4,75.1
2011-04-02,34.9,3.6,2.6
2011-04-03,0.0,4.6,3.4
2011-04-04,18.0,1.9,1.1
2011-04-05,0.1,42.6,58.0
2011-04-06,40.8,23.2,22.5
2011-04-07,15.1,0.5,0.0
2011-04-08,0.0,6.1,4.9
2011-04-09,0.0,27.2,29.0
2011-04-10,18.7,19.0,18.2
2011-04-11,12.8,6.8,6.1
2011-04-12,1.5,2.1,2.3
2011-04-13,2.2,0.1,0.0
2011-04-14,1.3,1.8,2.0
2011-04-15,0.0,2.8,2.9
2011-04-16,0.0,0.0,0.0
2011-04-17,0.0,2.1,2.3
2011-04-18,4.3,0.7,0.0
2011-04-19,0.0,3.5,3.4
2011-04-20,18.4,2.3,2.5
2011-04-21,6.6,3.1,1.7
2011-04-22,46.4,4.0,2.5
2011-04-23,2.5,0.5,0.0
2011-04-24,30.8,6.7,4.9
2011-04-25,1.5,4.7,3.1
2011-04-26,2.2,5.1,3.5
2011-04-27,0.0,6.3,4.5
2011-04-28,3.6,0.0,0.0
2011-04-29,0.5,5.4,3.7
2011-04-30,6.4,5.5,3.8
2011-05-01,3.0,1.9,1.0
2011-05-02,0.0,5.2,3.3
2011-05-03,14.1,11.5,7.8
2011-05-04,1.1,43.6,36.5
2011-05-05,17.1,3.6,2.3
2011-05-06,11.0,48.2,41.2
2011-05-07,1.8,2.2,1.3
2011-05-08,0.3,22.1,15.4
2011-05-09,29.1,49.2,42.7
2011-05-10,12.0,1.9,1.1
2011-05-11,0.0,3.8,2.9
2011-05-12,30.3,0.5,0.0
2011-05-13,0.0,2.7,1.9
2011-05-14,33.0,0.6,0.0
2011-05-15,0.0,1.1,0.0
2011-05-16,2.2,0.4,0.0
2011-05-17,0.6,4.1,3.2
2011-05-18,0.0,36.3,37.2
2011-05-19,2.9,2.6,1.9
2011-05-20,5.8,21.5,20.1
2011-05-21,0.0,2.8,1.2
2011-05-22,6.8,19.2,22.8
2011-05-23,16.8,1.8,1.0
2011-05-24,0.0,6.9,5.7
2011-05-25,22.0,5.1,3.8
2011-05-26,2.0,1.4,0.0
2011-05-27,0.0,41.7,45.0
2011-05-28,48.0,4.1,2.7
2011-05-29,2.0,23.7,28.2
2011-05-30,16.8,0.0,0.0
2011-05-31,0.0,0.7,0.0
2011-06-01,19.3,0.2,0.0
2011-06-02,0.0,0.0,0.0
2011-06-03,53.3,0.0,0.0
2011-06-04,0.0,2.4,1.6
2011-06-05,10.4,0.0,0.0
2011-06-06,1.4,5.2,4.0
2011-06-07,0.0,32.6,41.3
2011-06-08,44.8,0.6,0.0
2011-06-09,0.1,0.3,0.0
2011-06-10,0.0,32.6,41.5
2011-06-11,79.9,9.9,9.3
2011-06-12,18.7,3.1,1.0
2011-06-13,0.9,8.4,7.3
2011-06-14,0.1,2.2,0.0
2011-06-15,34.1,5.3,3.3
2011-06-16,13.7,6.7,5.1
2011-06-17,22.4,0.0,0.0
2011-06-18,0.0,0.2,0.0
2011-06-19,66.6,2.0,0.0
2011-06-20,1.6,6.8,5.2
2011-06-21,67.4,0.1,0.0
2011-06-22,2.0,1.6,1.1
2011-06-23,19.6,1.7,1.2
2011-06-24,0.0,0.0,0.0
2011-06-25,0.0,0.0,0.0
2011-06-26,0.0,3.2,2.4
2011-06-27,0.0,0.0,0.0
2011-06-28,0.0,2.1,1.5
2011-06-29,0.0,3.7,2.9
2011-06-30,0.0,6.2,4.8
2011-07-01,1.0,44.4,39.1
2011-07-02,20.0,7.4,5.0
2011-07-03,6.4,42.7,38.7
2011-07-04,18.8,2.1,1.0
2011-07-05,0.7,0.8,0.0
2011-07-06,1.0,0.0,0.0
2011-07-07,0.0,0.0,0.0
2011-07-08,0.0,30.3,26.8
2011-07-09,0.1,30.2,26.6
2011-07-10,22.2,0.0,0.0
2011-07-11,0.0,13.9,11.9
2011-07-12,4.6,0.0,0.0
2011-07-13,0.0,6.1,3.3
2011-07-14,7.4,0.7,0.0
2011-07-15,1.0,0.0,0.0
2011-07-16,0.0,0.1,0.0
2011-07-17,0.0,0.0,0.0
2011-07-18,0.0,0.3,0.0
2011-07-19,0.0,6.2,3.5
2011-07-20,0.0,12.3,9.7
2011-07-21,0.0,1.4,1.6
2011-07-22,29.9,26.3,35.7
2011-07-23,20.2,1.0,1.1
2011-07-24,0.0,0.4,0.0
2011-07-25,0.0,14.2,17.7
2011-07-26,25.9,2.2,2.5
2011-07-27,0.0,0.0,0.0
2011-07-28,0.0,0.0,0.0
2011-07-29,0.0,0.0,0.0
2011-07-30,0.0,19.5,25.3
2011-07-31,65.7,0.0,0.0
2011-08-01,0.0,0.0,0.0
2011-08-02,0.0,0.0,0.0
2011-08-03,0.0,90.3,83.5
2011-08-04,39.8,14.7,12.8
2011-08-05,52.9,0.4,0.0
2011-08-06,0.0,1.4,0.0
2011-08-07,0.0,0.0,0.0
2011-08-08,0.0,0.9,0.0
2011-08-09,6.6,6.3,4.6
2011-08-10,88.0,0.2,0.0
2011-08-11,0.0,23.2,40.6
2011-08-12,61.1,1.4,0.0
2011-08-13,1.4,0.2,0.0
2011-08-14,0.0,4.3,2.4
2011-08-15,6.5,0.0,0.0
2011-08-16,0.0,13.0,14.9
2011-08-17,12.5,2.1,0.0
2011-08-18,0.0,0.0,0.0
2011-08-19,0.0,4.5,2.6
2011-08-20,0.0,8.5,8.1
2011-08-21,0.3,0.2,0.0
2011-08-22,0.0,0.1,0.0
2011-08-23,0.0,0.0,0.0
2011-08-24,25.2,1.0,0.0
2011-08-25,0.0,0.0,0.0
2011-08-26,0.0,0.0,0.0
2011-08-27,0.0,4.7,4.3
2011-08-28,36.0,2.4,2.5
2011-08-29,54.0,5.3,4.7
2011-08-30,9.1,13.3,10.8
2011-08-31,17.4,16.6,13.7
2011-09-01,6.4,5.5,5.2
2011-09-02,0.0,0.7,0.0
2011-09-03,0.0,11.2,14.1
2011-09-04,0.0,8.5,9.3
2011-09-05,2.7,12.1,14.0
2011-09-06,2.0,21.1,37.8
2011-09-07,0.0,0.8,0.0
2011-09-08,0.0,1.5,1.0
2011-09-09,0.0,12.0,15.2
2011-09-10,23.9,9.1,10.2
2011-09-11,0.3,0.0,0.0
2011-09-12,0.0,2.0,1.0
2011-09-13,0.0,11.8,9.7
2011-09-14,0.0,0.1,0.0
2011-09-15,0.0,0.0,0.0
2011-09-16,0.0,40.0,46.4
2011-09-17,0.8,10.0,7.4
2011-09-18,1.9,7.5,5.2
2011-09-19,1.0,2.1,1.0
2011-09-20,0.0,0.0,0.0
2011-09-21,0.0,28.1,34.4
2011-09-22,37.3,16.9,13.9
2011-09-23,9.3,10.1,7.1
2011-09-24,30.0,18.8,15.6
2011-09-25,1.3,5.1,2.6
2011-09-26,0.0,1.1,0.0
2011-09-27,0.0,0.3,0.0
2011-09-28,0.0,0.0,0.0
2011-09-29,0.0,0.0,0.0
2011-09-30,0.0,143.5,109.6
2011-10-01,14.7,11.6,10.9
2011-10-02,36.8,0.0,0.0
2011-10-03,0.0,8.9,6.7
2011-10-04,17.1,1.9,1.0
2011-10-05,0.0,24.9,24.3
2011-10-06,26.7,1.8,1.0
2011-10-07,5.2,1.9,1.0
2011-10-08,0.0,18.0,15.7
2011-10-09,4.1,0.4,0.0
2011-10-10,0.1,0.2,0.0
2011-10-11,0.0,8.4,5.4
2011-10-12,0.8,6.3,3.7
2011-10-13,0.0,6.9,4.1
2011-10-14,2.0,5.4,2.9
2011-10-15,0.0,0.0,0.0
2011-10-16,0.0,0.9,0.0
2011-10-17,2.3,7.1,4.3
2011-10-18,4.5,7.2,4.4
2011-10-19,0.0,3.9,1.6
2011-10-20,5.2,19.5,14.5
2011-10-21,16.2,8.0,6.2
2011-10-22,4.0,3.2,1.8
2011-10-23,0.0,3.3,1.9
2011-10-24,24.0,2.6,1.3
2011-10-25,1.0,11.7,9.7
2011-10-26,18.0,1.6,1.0
2011-10-27,6.7,0.0,0.0
2011-10-28,0.0,0.0,0.0
2011-10-29,0.0,2.6,1.3
2011-10-30,0.0,3.2,1.8
2011-10-31,0.0,0.0,0.0
2011-11-01,0.0,18.8,22.2
2011-11-02,61.8,1.8,1.0
2011-11-03,0.0,66.8,61.0
2011-11-04,44.5,13.3,12.6
2011-11-05,0.2,21.4,26.4
2011-11-06,36.0,30.7,37.9
2011-11-07,0.5,8.6,7.6
2011-11-08,0.0,0.0,0.0
2011-11-09,0.0,22.7,26.9
2011-11-10,4.6,34.1,42.1
2011-11-11,7.6,13.4,11.6
2011-11-12,0.3,0.0,0.0
2011-11-13,4.8,0.3,0.0
2011-11-14,1.0,0.5,0.0
2011-11-15,0.0,1.7,0.0
2011-11-16,0.0,27.9,30.2
2011-11-17,18.6,12.5,10.7
2011-11-18,3.8,4.9,3.0
2011-11-19,0.0,15.0,13.3
2011-11-20,2.8,0.1,0.0
2011-11-21,0.0,5.0,2.8
2011-11-22,0.0,8.9,6.6
2011-11-23,43.8,16.5,19.4
2011-11-24,1.1,0.5,0.0
2011-11-25,5.3,12.3,10.1
2011-11-26,4.9,1.8,0.0
2011-11-27,0.0,0.0,0.0
2011-11-28,0.0,5.2,3.0
2011-11-29,4.2,7.3,5.1
2011-11-30,3.9,42.7,46.9
2011-12-01,9.4,0.3,0.0
2011-12-02,0.0,1.9,1.0
2011-12-03,8.7,27.6,40.3
2011-12-04,12.4,3.6,2.2
2011-12-05,0.7,11.4,11.0
2011-12-06,3.6,10.2,9.5
2011-12-07,1.3,2.3,1.0
2011-12-08,1.0,8.0,7.0
2011-12-09,7.6,9.2,8.4
2011-12-10,0.0,0.1,0.0
2011-12-11,0.0,0.0,0.0
2011-12-12,0.0,10.4,8.4
2011-12-13,102.8,2.5,1.8
2011-12-14,3.0,0.5,0.0
2011-12-15,0.0,1.0,0.0
2011-12-16,0.0,28.9,28.9
2011-12-17,0.0,5.4,4.2
2011-12-18,0.0,3.8,2.9
2011-12-19,0.0,4.6,3.6
2011-12-20,13.7,20.6,17.7
2011-12-21,10.7,2.0,1.0
2011-12-22,3.2,5.9,4.6
2011-12-23,17.5,1.5,1.0
2011-12-24,1.3,0.2,0.0
2011-12-25,0.5,3.9,2.7
2011-12-26,8.4,3.3,2.1
2011-12-27,0.0,59.1,63.1
2011-12-28,15.6,28.9,35.1
2011-12-29,20.7,19.7,24.5
2011-12-30,0.0,3.9,2.7
2011-12-31,0.4,5.2,3.9
2012-01-01,0.6,1.1,0.0
2012-01-02,0.6,4.4,3.2
2012-01-03,2.9,0.5,0.0
2012-01-04,0.0,12.4,9.9
2012-01-05,1.0,1.1,0.0
2012-01-06,35.0,6.7,5.2
2012-01-07,7.4,9.1,7.2
2012-01-08,10.9,0.2,0.0
2012-01-09,0.0,8.8,6.9
2012-01-10,0.0,3.3,2.2
2012-01-11,0.2,0.6,0.0
2012-01-12,0.0,1.4,1.1
2012-01-13,0.0,0.3,0.0
2012-01-14,2.3,0.0,0.0
2012-01-15,4.0,0.0,0.0
2012-01-16,1.6,1.0,0.0
2012-01-17,0.0,0.6,0.0
2012-01-18,0.0,0.0,0.0
2012-01-19,10.8,3.9,3.0
2012-01-20,1.7,24.8,20.3
2012-01-21,52.4,8.6,8.4
2012-01-22,0.0,24.1,28.5
2012-01-23,19.6,6.1,5.9
2012-01-24,0.8,7.2,7.0
2012-01-25,36.1,33.0,38.5
2012-01-26,50.6,55.5,63.5
2012-01-27,34.3,17.8,20.5
2012-01-28,8.2,11.6,11.5
2012-01-29,17.3,7.9,7.6
2012-01-30,0.1,2.7,2.6
2012-01-31,0.1,0.2,0.0
2012-02-01,2.9,5.5,4.5
2012-02-02,9.3,0.5,0.0
2012-02-03,0.0,1.5,1.0
2012-02-04,4.3,3.2,2.1
2012-02-05,1.9,0.0,0.0
2012-02-06,0.0,0.1,0.0
2012-02-07,0.0,2.0,1.0
2012-02-08,0.0,1.1,0.0
2012-02-09,8.8,4.8,3.8
2012-02-10,22.0,6.7,5.7
2012-02-11,0.2,7.5,7.7
2012-02-12,0.0,2.1,2.1
2012-02-13,0.0,0.7,0.0
2012-02-14,6.0,22.8,24.2
2012-02-15,13.8,7.7,8.0
2012-02-16,2.5,10.7,11.2
2012-02-17,1.4,13.9,15.0
2012-02-18,11.6,72.7,99.0
2012-02-19,50.0,26.6,29.7
2012-02-20,9.0,19.0,20.4
2012-02-22,1.7,0.1,0.0
2012-02-23,0.0,0.6,0.0
2012-02-25,8.9,8.9,9.6
2012-02-26,0.7,3.7,3.8
2012-02-27,36.8,4.0,4.1
2012-02-28,9.7,8.5,9.2
2012-02-29,0.0,6.7,7.2
2012-03-01,5.7,19.1,17.6
2012-03-02,15.4,41.3,44.4
2012-03-03,34.9,6.0,5.8
2012-03-04,0.9,6.5,6.3
2012-03-05,27.9,11.9,11.3
2012-03-06,2.0,1.7,2.0
2012-03-07,8.3,7.1,6.9
2012-03-08,78.6,6.3,6.1
2012-03-09,11.2,26.5,27.2
2012-03-10,0.0,0.4,0.0
2012-03-11,0.0,5.4,5.7
2012-03-12,4.9,9.6,9.9
2012-03-13,0.6,1.3,1.9
2012-03-14,8.0,14.8,15.4
2012-03-15,0.0,4.6,4.9
2012-03-16,3.6,0.0,0.0
2012-03-17,1.1,15.5,16.5
2012-03-18,9.3,6.3,6.6
2012-03-19,3.4,53.9,84.7
2012-03-20,45.0,61.2,88.4
2012-03-21,0.0,0.7,0.0
2012-03-22,2.0,1.1,0.0
2012-03-23,10.9,12.0,8.1
2012-03-24,0.0,2.7,1.6
2012-03-25,22.0,30.9,24.5
2012-03-26,0.3,9.6,6.4
2012-03-27,27.5,12.4,8.4
2012-03-28,1.1,9.6,6.4
2012-03-29,23.4,49.5,43.5
2012-03-30,0.0,1.3,0.0
2012-03-31,0.0,58.4,55.1
2012-04-01,38.3,5.6,4.4
2012-04-02,0.8,0.0,0.0
2012-04-03,0.0,2.6,1.7
2012-04-04,0.0,1.7,1.0
2012-04-05,12.6,11.1,9.9
2012-04-06,0.9,2.1,1.2
2012-04-07,0.0,0.6,0.0
2012-04-08,7.6,0.0,0.0
2012-04-09,0.0,0.0,0.0
2012-04-10,0.0,0.2,0.0
2012-04-11,6.1,1.6,1.9
2012-04-12,2.6,16.3,14.0
2012-04-13,11.8,2.4,2.5
2012-04-14,0.0,9.9,8.8
2012-04-15,0.0,4.7,4.4
2012-04-16,0.0,0.3,0.0
2012-04-17,7.0,0.0,0.0
2012-04-18,0.0,0.8,0.0
2012-04-19,0.0,12.5,11.0
2012-04-20,0.0,0.3,0.0
2012-04-21,6.9,0.6,0.0
2012-04-22,4.8,5.9,4.1
2012-04-23,3.9,7.5,5.6
2012-04-24,0.0,0.5,0.0
2012-04-25,0.0,9.5,7.5
2012-04-26,3.6,11.4,9.3
2012-04-27,9.8,78.2,74.0
2012-04-28,2.6,0.0,0.0
2012-04-29,0.0,9.9,7.9
2012-04-30,0.0,5.4,3.7
2012-05-01,0.0,14.8,10.2
2012-05-02,10.3,4.0,2.5
2012-05-03,3.4,48.5,42.3
2012-05-04,59.6,5.4,3.5
2012-05-05,12.6,0.0,0.0
2012-05-06,24.0,0.5,0.0
2012-05-07,0.0,3.7,2.3
2012-05-08,0.0,56.3,50.1
2012-05-09,7.2,14.7,10.1
2012-05-10,0.5,53.7,47.5
2012-05-11,23.4,0.8,0.0
2012-05-12,0.0,2.5,1.8
2012-05-13,0.0,93.9,71.9
2012-05-14,21.8,11.1,9.2
2012-05-15,0.1,8.2,6.7
2012-05-16,31.0,0.0,0.0
2012-05-17,0.0,0.1,0.0
2012-05-18,0.0,8.2,6.7
2012-05-19,0.0,0.0,0.0
2012-05-20,0.0,0.6,0.0
2012-05-21,0.0,1.1,0.0
2012-05-22,3.0,0.2,0.0
2012-05-23,1.1,33.1,37.9
2012-05-24,1.4,0.7,0.0
2012-05-25,0.0,0.0,0.0
2012-05-26,9.0,0.0,0.0
2012-05-27,0.0,0.3,0.0
2012-05-28,0.4,7.6,6.5
2012-05-29,41.4,7.8,6.7
2012-05-30,4.4,0.1,0.0
2012-05-31,4.2,0.6,0.0
2012-06-01,1.4,4.3,3.2
2012-06-02,0.0,0.0,0.0
2012-06-03,0.0,3.2,2.3
2012-06-04,0.0,2.7,1.9
2012-06-05,0.0,7.8,6.5
2012-06-06,34.4,0.0,0.0
2012-06-07,0.0,5.8,4.7
2012-06-08,0.8,3.2,2.3
2012-06-09,0.7,0.6,0.0
2012-06-10,4.0,56.4,79.9
2012-06-11,2.9,12.1,12.1
2012-06-12,0.0,2.5,0.0
2012-06-13,0.0,36.6,52.5
2012-06-14,35.5,10.9,10.6
2012-06-15,17.9,0.0,0.0
2012-06-16,0.0,0.0,0.0
2012-06-17,0.0,0.0,0.0
2012-06-18,0.0,0.0,0.0
2012-06-19,0.0,0.0,0.0
2012-06-20,0.0,0.0,0.0
2012-06-21,0.0,8.1,6.3
2012-06-22,0.2,5.1,4.0
2012-06-23,0.0,0.0,0.0
2012-06-24,0.0,5.3,4.2
2012-06-25,1.3,0.0,0.0
2012-06-26,16.7,6.6,5.2
2012-06-27,24.5,5.5,4.3
2012-06-28,55.6,1.1,0.0
2012-06-29,1.8,0.1,0.0
2012-06-30,0.0,4.6,3.6
2012-07-01,5.3,0.0,0.0
2012-07-02,0.0,0.0,0.0
2012-07-03,0.0,23.7,20.5
2012-07-04,12.7,0.0,0.0
2012-07-05,0.0,0.4,0.0
2012-07-06,4.9,9.1,6.4
2012-07-07,0.7,19.2,14.4
2012-07-08,9.5,1.3,0.0
2012-07-09,1.8,4.1,2.4
2012-07-10,2.0,4.3,2.5
2012-07-12,8.8,8.3,5.6
2012-07-13,4.2,2.9,1.0
2012-07-14,0.0,7.7,4.9
2012-07-15,1.5,1.1,0.0
2012-07-16,24.7,0.0,0.0
2012-07-17,0.0,2.1,0.0
2012-07-18,0.0,2.9,1.0
2012-07-19,0.0,6.3,3.6
2012-07-20,12.3,0.6,0.0
2012-07-21,8.1,0.0,0.0
2012-07-22,0.0,0.0,0.0
2012-07-23,0.0,6.6,7.9
2012-07-24,28.8,2.1,2.5
2012-07-26,20.9,2.1,2.4
2012-07-27,0.0,0.3,0.0
2012-07-28,0.0,1.6,1.8
2012-07-29,0.4,2.8,3.3
2012-07-30,17.0,0.0,0.0
2012-07-31,0.0,15.1,18.9
2012-08-01,14.1,0.0,0.0
2012-08-02,0.0,0.0,0.0
2012-08-03,0.0,0.2,0.0
2012-08-04,0.0,0.0,0.0
2012-08-05,0.0,0.2,0.0
2012-08-06,0.0,0.0,0.0
2012-08-07,0.0,69.5,81.7
2012-08-08,21.9,0.8,0.0
2012-08-09,0.0,0.0,0.0
2012-08-10,0.5,1.4,0.0
2012-08-11,0.0,0.0,0.0
2012-08-12,0.3,9.2,9.1
2012-08-13,4.0,0.0,0.0
2012-08-14,5.4,8.6,8.3
2012-08-15,39.4,0.1,0.0
2012-08-16,0.5,0.0,0.0
2012-08-17,0.0,0.0,0.0
2012-08-18,0.0,11.7,14.9
2012-08-19,0.0,6.4,5.1
2012-08-20,0.0,7.6,6.7
2012-08-21,71.7,0.7,0.0
2012-08-22,0.0,6.9,5.9
2012-08-23,0.0,11.7,9.6
2012-08-24,5.6,10.3,8.6
2012-08-25,4.7,1.9,2.0
2012-08-26,0.0,0.5,0.0
2012-08-27,0.0,0.5,0.0
2012-08-28,0.0,0.4,0.0
2012-08-29,0.0,4.9,4.4
2012-08-30,3.2,7.0,6.0
2012-08-31,1.7,3.8,3.6
2012-09-01,0.0,0.6,0.0
2012-09-02,1.0,5.5,5.2
2012-09-03,1.7,0.0,0.0
2012-09-04,0.0,0.0,0.0
2012-09-05,41.5,60.6,79.9
2012-09-06,23.6,1.2,0.0
2012-09-07,3.0,4.9,4.3
2012-09-08,3.5,41.0,68.4
2012-09-09,9.2,3.5,2.5
2012-09-10,0.0,0.0,0.0
2012-09-11,2.1,0.0,0.0
2012-09-12,0.0,0.7,0.0
2012-09-13,7.5,0.0,0.0
2012-09-14,0.0,1.5,0.0
2012-09-15,14.7,3.7,1.9
2012-09-16,0.0,89.6,105.5
2012-09-17,0.4,0.1,0.0
2012-09-18,1.0,6.6,4.4
2012-09-19,22.6,2.6,1.0
2012-09-20,9.0,85.5,105.8
2012-09-21,82.6,6.4,3.8
2012-09-22,0.8,5.6,3.1
2012-09-23,15.8,28.0,33.2
2012-09-24,9.1,44.8,58.6
2012-09-25,17.6,81.3,108.9
2012-09-26,36.0,14.0,11.1
2012-09-27,5.4,34.4,43.3
2012-09-28,3.4,0.0,0.0
2012-09-29,0.0,14.6,12.0
2012-09-30,3.3,0.4,0.0
2012-10-01,0.0,18.8,15.8
2012-10-02,0.0,0.0,0.0
2012-10-03,0.0,8.6,6.4
2012-10-04,0.0,4.0,2.1
2012-10-05,0.0,12.6,10.1
2012-10-06,0.0,1.8,1.0
2012-10-07,0.0,5.8,3.8
2012-10-08,0.0,8.8,6.5
2012-10-09,0.0,64.7,71.6
2012-10-10,0.0,2.6,1.0
2012-10-11,0.0,8.1,5.1
2012-10-12,0.0,0.0,0.0
2012-10-13,0.0,4.0,1.7
2012-10-14,0.0,1.7,0.0
2012-10-15,0.0,0.1,0.0
2012-10-16,0.0,0.3,0.0
2012-10-17,0.0,0.0,0.0
2012-10-18,0.0,10.4,7.1
2012-10-19,0.0,9.2,6.1
2012-10-20,0.0,24.5,21.6
2012-10-21,0.0,0.0,0.0
2012-10-22,0.0,77.3,60.8
2012-10-23,0.0,14.3,12.5
2012-10-24,0.0,0.2,0.0
2012-10-25,0.0,25.8,30.1
2012-10-26,0.0,0.0,0.0
2012-10-27,0.0,29.6,35.4
2012-10-28,0.0,4.4,3.0
2012-10-29,0.0,2.8,1.4
2012-10-30,0.0,22.4,25.2
2012-10-31,0.0,12.0,10.0
2012-11-01,0.0,4.5,3.2
2012-11-02,0.0,33.1,40.7
2012-11-03,0.0,6.8,5.7
2012-11-04,0.0,1.5,0.0
2012-11-05,0.0,5.1,3.8
2012-11-06,0.0,2.1,1.0
2012-11-07,0.0,1.2,0.0
2012-11-08,0.0,5.7,4.5
2012-11-09,0.0,0.1,0.0
2012-11-10,0.0,4.9,3.6
2012-11-11,0.0,0.0,0.0
2012-11-12,0.0,0.2,0.0
2012-11-13,0.0,13.4,11.6
2012-11-14,0.0,6.0,4.1
2012-11-15,0.0,10.9,9.0
2012-11-16,0.0,16.8,15.9
2012-11-17,0.0,0.0,0.0
2012-11-18,0.0,2.5,1.0
2012-11-19,0.0,4.4,2.5
2012-11-20,0.0,13.4,11.6
2012-11-21,0.0,10.7,8.5
2012-11-22,0.0,0.0,0.0
2012-11-23,0.0,1.9,0.0
2012-11-24,0.0,0.8,0.0
2012-11-25,0.0,5.5,3.2
2012-11-26,0.0,3.5,1.3
2012-11-27,0.0,11.5,9.3
2012-11-28,0.0,12.0,9.7
2012-11-29,0.0,8.5,6.3
2012-11-30,0.0,0.4,0.0
2012-12-01,0.0,3.7,2.2
2012-12-02,0.0,7.5,6.5
2012-12-03,0.0,2.0,1.0
2012-12-04,0.0,0.1,0.0
2012-12-05,0.0,20.9,28.9
2012-12-06,0.0,11.0,10.5
2012-12-07,0.0,2.7,1.2
2012-12-08,0.0,0.0,0.0
2012-12-09,0.0,14.0,13.8
2012-12-10,0.0,7.9,6.9
2012-12-11,0.0,25.6,24.1
2012-12-12,0.0,0.8,0.0
2012-12-13,0.0,0.6,0.0
2012-12-14,0.0,1.7,1.2
2012-12-15,0.0,48.6,49.5
2012-12-16,0.0,1.2,1.0
2012-12-17,0.0,0.1,0.0
2012-12-18,0.0,7.4,5.9
2012-12-19,0.0,0.0,0.0
2012-12-20,0.0,7.7,6.1
2012-12-21,0.0,23.0,29.5
2012-12-22,0.0,11.5,9.7
2012-12-23,0.0,6.1,4.7
2012-12-24,0.0,0.7,0.0
2012-12-25,0.0,0.0,0.0
2012-12-26,0.0,0.0,0.0
2012-12-27,0.0,0.7,0.0
2012-12-28,0.0,4.7,3.5
2012-12-29,0.0,91.8,84.0
2012-12-30,0.0,34.0,40.5
2012-12-31,0.0,0.4,0.0
2013-08-31,35.5,0.7,0.0
2013-09-03,9.5,9.3,10.4
2013-09-04,3.6,2.8,1.6
2013-09-05,0.8,13.6,23.2
2013-09-07,2.7,1.0,0.0
2013-09-09,27.6,2.1,1.0
2013-09-11,12.8,1.1,0.0
2013-09-13,5.9,6.6,4.4
2013-09-16,1.0,1.6,1.0
2013-09-17,41.5,0.0,0.0
2013-09-18,23.0,30.9,34.9
2013-09-19,3.8,0.1,0.0
2013-09-21,1.0,1.7,0.0
2013-09-22,12.7,0.0,0.0
2013-09-26,15.9,4.8,2.3
2013-09-27,30.9,29.4,36.3
2013-09-28,29.9,6.2,3.6
2013-09-29,8.4,2.0,1.0
2013-09-30,1.5,14.8,11.9
2013-10-01,6.1,21.5,21.1
2013-10-04,0.0,1.2,0.0
2013-10-05,3.3,15.7,13.2
2013-10-07,23.8,59.3,65.7
2013-10-08,13.2,1.9,1.0
2013-10-10,19.0,13.3,11.3
2013-10-11,16.3,0.8,0.0
2013-10-12,7.2,0.0,0.0
2013-10-16,0.2,1.1,0.0
2013-10-18,0.2,1.9,0.0
2013-10-20,5.8,1.0,0.0
2013-10-21,12.6,0.6,0.0
2013-10-23,12.7,0.1,0.0
2013-10-25,11.7,0.1,0.0
2013-10-27,1.9,2.8,1.4
2013-10-28,15.9,1.8,1.0
2013-10-30,14.4,3.1,1.7
2013-10-31,1.5,61.0,57.0
2013-11-01,8.0,0.9,0.0
2013-11-02,45.7,19.3,22.3
2013-11-03,2.5,0.0,0.0
2013-11-04,1.0,1.1,0.0
2013-11-06,2.2,3.7,2.3
2013-11-07,1.3,0.6,0.0
2013-11-11,12.6,3.2,1.4
2013-11-13,10.3,0.8,0.0
2013-11-14,64.0,10.2,8.3
2013-11-15,15.2,3.1,1.3
2013-11-16,20.0,13.0,11.2
2013-11-17,28.0,3.6,1.7
2013-11-19,2.2,0.0,0.0
2013-11-20,1.5,1.0,0.0
2013-11-22,5.1,5.2,2.9
2013-11-24,0.5,0.0,0.0
2013-11-26,14.0,0.0,0.0
2013-11-28,48.4,8.1,5.9
2013-11-29,79.7,5.9,3.6
2013-11-30,0.7,5.2,3.0
2013-12-01,3.2,5.5,4.3
2013-12-02,10.5,6.8,5.7
2013-12-04,3.1,0.8,0.0
2013-12-06,26.4,0.5,0.0
2013-12-11,3.6,0.0,0.0
2013-12-14,14.0,18.3,16.0
2013-12-15,36.5,2.8,2.0
2013-12-16,4.4,6.7,5.3
2013-12-20,1.8,9.9,7.9
2013-12-21,2.7,43.6,51.4
2013-12-22,21.7,3.3,2.1
2013-12-23,0.0,4.0,2.8
2013-12-25,13.3,3.1,1.9
2013-12-26,47.1,12.5,10.6
2013-12-27,41.0,7.7,6.3
2013-12-28,2.4,6.1,4.7
2013-12-29,0.3,0.0,0.0
2013-12-30,0.0,3.2,2.0
2013-12-31,0.0,4.9,3.7
2014-01-01,1.1,0.0,0.0
2014-01-03,10.8,37.2,34.8
2014-01-05,1.7,0.9,0.0
2014-01-08,5.4,126.8,55.0
2014-01-09,38.0,4.2,3.0
2014-01-10,20.2,11.8,9.4
2014-01-11,26.0,10.2,7.8
2014-01-14,0.8,8.8,6.7
2014-01-15,0.4,8.3,6.3
2014-01-16,13.5,0.2,0.0
2014-01-17,0.0,0.0,0.0
2014-01-18,1.6,0.0,0.0
2014-01-21,22.9,0.0,0.0
2014-01-23,26.8,28.1,33.0
2014-01-24,24.0,18.6,21.1
2014-01-25,22.0,4.0,3.8
2014-01-26,0.1,0.0,0.0
2014-01-27,1.0,1.0,1.1
2014-02-02,0.2,0.0,0.0
2014-02-05,0.3,0.0,0.0
2014-02-06,1.3,0.8,0.0
2014-02-09,27.0,0.0,0.0
2014-02-10,0.0,16.8,17.3
2014-02-11,10.9,18.6,20.1
2014-02-13,1.5,0.3,0.0
2014-02-15,28.4,3.0,3.0
2014-02-16,12.0,7.6,7.9
2014-02-17,77.1,4.5,4.5
2014-02-18,13.6,0.2,0.0
2014-02-20,1.5,4.9,5.0
2014-02-26,6.4,0.1,0.0
2014-02-27,3.6,0.0,0.0
2014-03-01,1.1,0.0,0.0
2014-03-02,1.6,0.0,0.0
2014-03-03,2.0,0.0,0.0
2014-03-04,0.0,0.0,0.0
2014-03-08,0.2,0.0,0.0
2014-03-09,0.0,0.0,0.0
2014-03-12,0.3,1.2,1.8
2014-03-13,5.0,2.2,2.7
2014-03-16,6.0,4.2,4.5
2014-03-17,38.3,0.6,0.0
2014-03-18,0.4,0.0,0.0
2014-03-19,0.8,37.5,50.6
2014-03-21,4.8,14.1,9.7
2014-03-22,24.4,2.3,1.3
2014-03-23,2.0,12.9,8.8
2014-03-24,8.0,15.4,10.6
2014-03-25,38.3,2.9,1.7
2014-03-27,3.8,12.1,8.2
2014-03-28,56.8,21.6,15.1
2014-03-29,9.9,0.2,0.0
2014-03-30,0.0,14.6,10.0
2014-04-02,2.5,8.5,7.3
2014-04-04,0.0,1.1,1.0
2014-04-08,4.3,32.7,38.3
2014-04-09,5.6,4.5,3.4
2014-04-11,8.5,1.4,1.8
2014-04-12,1.5,5.0,4.7
2014-04-13,23.3,7.8,7.0
2014-04-14,4.0,14.1,13.0
2014-04-15,65.7,0.6,0.0
2014-04-16,5.1,37.0,38.2
2014-04-17,6.9,6.4,5.8
2014-04-19,0.8,0.1,0.0
2014-04-20,25.1,0.0,0.0
2014-04-22,1.9,2.8,1.4
2014-04-23,0.2,0.2,0.0
2014-04-24,0.0,1.6,1.0
2014-04-28,0.4,1.1,0.0
2014-04-29,0.0,4.5,2.9
2014-05-01,2.0,2.3,1.3
2014-05-03,0.0,0.0,0.0
2014-05-04,0.0,0.0,0.0
2014-05-07,2.1,12.9,8.8
2014-05-08,3.1,96.6,83.0
2014-05-09,1.1,0.5,0.0
2014-05-11,22.0,26.5,26.0
2014-05-12,23.9,17.5,14.5
2014-05-13,13.5,6.5,5.3
2014-05-14,0.0,4.7,3.7
2014-05-15,1.0,22.8,22.0
2014-05-16,1.5,0.2,0.0
2014-05-17,29.3,0.5,0.0
2014-05-18,7.2,0.4,0.0
2014-05-19,0.0,18.6,15.3
2014-05-22,15.5,0.8,0.0
2014-05-24,15.3,10.5,9.8
2014-05-28,31.2,1.6,0.0
2014-05-29,11.2,0.0,0.0
2014-05-31,1.6,3.5,2.0
2014-06-01,19.4,3.4,2.5
2014-06-02,0.5,1.3,1.0
2014-06-06,1.6,0.2,0.0
2014-06-08,0.0,0.0,0.0
2014-06-10,55.5,6.4,5.2
2014-06-11,6.1,15.5,16.4
2014-06-12,17.3,0.5,0.0
2014-06-14,54.3,25.3,34.3
2014-06-15,26.9,20.9,26.1
2014-06-16,15.4,18.3,20.4
2014-06-17,11.2,14.4,15.0
2014-06-18,1.0,24.3,34.1
2014-06-19,6.6,6.1,4.4
2014-06-20,0.1,0.0,0.0
2014-06-21,0.0,4.0,3.1
2014-06-22,2.7,39.5,34.0
2014-06-23,1.5,0.0,0.0
2014-06-24,3.1,4.1,3.2
2014-06-27,2.4,0.5,0.0
2014-06-30,0.7,2.3,1.7
2014-07-01,0.2,0.4,0.0
2014-07-02,6.3,2.3,1.0
2014-07-03,6.7,6.3,4.1
2014-07-06,2.5,8.7,6.0
2014-07-07,5.6,14.4,10.5
2014-07-08,24.9,9.4,6.5
2014-07-10,19.9,11.4,8.2
2014-07-11,5.1,7.7,5.0
2014-07-12,6.8,0.0,0.0
2014-07-15,1.2,1.7,0.0
2014-07-17,69.8,0.0,0.0
2014-07-18,0.0,8.6,5.9
2014-07-19,29.5,9.4,6.7
2014-07-23,0.0,23.4,30.3
2014-07-24,28.5,0.0,0.0
2014-07-25,0.8,0.5,0.0
2014-07-27,15.2,0.0,0.0
2014-07-28,0.0,9.2,11.1
2014-07-29,11.3,0.8,1.0
2014-07-30,0.0,0.1,0.0
2014-08-01,13.2,5.3,3.6
2014-08-02,2.4,1.1,0.0
2014-08-03,5.8,0.1,0.0
2014-08-04,1.9,3.2,1.5
2014-08-07,0.8,4.1,2.4
2014-08-14,2.8,1.1,0.0
2014-08-15,6.3,2.2,0.0
2014-08-19,3.0,5.4,3.7
2014-08-22,1.1,2.5,2.6
2014-08-27,0.3,54.5,47.2
2014-08-28,73.5,9.6,7.9
2014-08-30,15.3,0.3,0.0
2014-08-31,10.7,16.1,12.5
2014-09-01,8.4,0.0,0.0
2014-09-04,1.4,17.6,31.4
2014-09-05,3.4,0.6,0.0
2014-09-06,4.6,8.5,9.3
2014-09-07,31.9,15.2,28.0
2014-09-08,50.3,3.5,2.6
2014-09-11,83.8,1.9,1.0
2014-09-12,1.3,0.2,0.0
2014-09-13,0.1,11.0,8.3
2014-09-15,0.8,13.2,10.2
2014-09-16,0.8,0.2,0.0
2014-09-17,4.4,0.0,0.0
2014-09-27,0.5,2.8,1.0
2014-09-28,12.5,0.1,0.0
2014-09-30,4.8,0.3,0.0
2014-10-01,29.0,36.1,37.0
2014-10-02,42.9,0.0,0.0
2014-10-05,5.4,0.1,0.0
2014-10-06,0.0,0.0,0.0
2014-10-11,0.0,2.3,1.0
2014-10-13,0.9,1.6,0.0
2014-10-15,0.0,6.8,4.0
2014-10-16,0.0,0.5,0.0
2014-10-21,0.0,5.4,3.9
2014-10-23,17.2,0.0,0.0
2014-10-25,8.2,0.1,0.0
2014-10-27,11.4,14.1,12.0
2014-10-29,7.8,14.5,12.3
2014-10-31,3.3,7.7,6.0
2014-11-03,27.2,65.0,60.8
2014-11-04,0.3,1.9,1.0
2014-11-06,1.1,3.0,1.6
2014-11-08,20.0,8.3,7.3
2014-11-09,0.0,22.2,25.9
2014-11-10,70.6,4.8,3.5
2014-11-11,6.9,5.8,3.9
2014-11-12,0.1,76.6,82.2
2014-11-13,2.3,0.0,0.0
2014-11-14,1.8,0.0,0.0
2014-11-18,33.7,10.1,8.2
2014-11-19,4.7,8.2,6.3
2014-11-21,4.2,40.1,46.3
2014-11-22,102.4,7.1,4.9
2014-11-23,0.0,3.3,1.1
2014-11-24,0.0,2.8,1.0
2014-11-25,21.8,1.9,0.0
2014-11-26,1.1,0.0,0.0
2014-11-27,0.0,0.0,0.0
2014-11-28,0.0,4.1,1.9
2014-11-29,21.2,42.7,47.5
2014-11-30,4.3,43.9,47.2
2014-12-01,9.9,20.5,28.0
2014-12-02,14.1,20.4,27.8
2014-12-03,0.0,11.2,10.7
2014-12-04,26.8,10.9,10.4
2014-12-05,11.9,26.2,38.2
2014-12-06,73.6,1.5,0.0
2014-12-08,0.0,9.3,8.5
2014-12-09,20.3,12.1,11.8
2014-12-10,3.6,4.5,3.1
2014-12-14,0.0,1.6,1.1
2014-12-15,0.0,6.5,5.1
2014-12-16,10.8,12.4,10.0
2014-12-17,6.4,0.0,0.0
2014-12-19,3.3,0.2,0.0
2014-12-20,5.3,11.3,9.1
2014-12-21,55.3,9.7,8.0
2014-12-22,85.2,3.3,2.1
2014-12-24,1.0,8.0,6.5
2014-12-25,4.6,1.7,1.0
2014-12-26,0.3,0.0,0.0
2014-12-27,0.3,11.1,9.4
2014-12-28,41.9,47.9,54.1
2014-12-29,69.1,5.9,4.6
2014-12-30,0.7,4.0,2.7
2014-12-31,11.9,15.2,13.1
2015-01-01,21.0,0.2,0.0
2015-01-02,0.0,24.6,23.2
2015-01-03,15.6,7.8,6.1
2015-01-05,0.0,0.0,0.0
2015-01-07,50.9,8.4,6.6
2015-01-08,0.4,20.1,16.5
2015-01-09,9.0,29.8,28.6
2015-01-10,38.3,0.4,0.0
2015-01-11,0.7,33.0,28.9
2015-01-12,12.6,31.2,28.9
2015-01-13,69.2,14.0,10.6
2015-01-14,0.2,17.9,13.6
2015-01-15,14.8,33.6,30.9
2015-01-16,125.3,5.5,4.2
2015-01-18,2.3,12.8,9.7
2015-01-19,22.7,3.0,2.3
2015-01-20,12.5,0.3,0.0
2015-01-21,2.4,2.1,2.1
2015-01-22,44.0,0.5,0.0
2015-01-24,0.8,11.2,11.0
2015-01-25,1.2,0.0,0.0
2015-01-26,0.5,7.0,6.7
2015-01-27,0.0,15.1,14.9
2015-01-28,0.0,13.3,13.3
2015-01-29,2.1,8.6,8.4
2015-01-31,5.5,12.4,12.2
2015-02-01,15.8,14.0,13.3
2015-02-02,38.1,0.0,0.0
2015-02-03,0.5,4.3,3.2
2015-02-04,2.3,9.2,8.3
2015-02-05,22.5,14.3,13.6
2015-02-06,19.7,0.0,0.0
2015-02-07,31.6,9.5,8.6
2015-02-08,1.5,0.0,0.0
2015-02-09,21.3,3.7,2.6
2015-02-10,6.9,0.0,0.0
2015-02-14,18.0,0.8,0.0
2015-02-15,0.0,0.6,0.0
2015-02-20,22.7,7.1,7.3
2015-02-21,16.8,1.1,1.0
2015-02-22,0.7,7.5,8.1
2015-02-23,0.0,16.2,17.4
2015-02-24,0.0,15.3,16.6
2015-02-26,5.2,0.6,0.0
2015-02-27,0.8,0.2,0.0
2015-02-28,0.3,2.4,2.3
2015-03-01,8.7,17.7,16.8
2015-03-02,2.0,12.5,11.9
2015-03-04,0.5,2.8,2.9
2015-03-05,3.1,18.8,17.8
2015-03-06,2.5,1.3,1.6
2015-03-08,1.1,6.1,6.0
2015-03-09,6.0,1.6,1.9
2015-03-10,5.3,0.0,0.0
2015-03-11,1.7,0.0,0.0
2015-03-14,0.8,9.7,10.0
2015-03-15,1.3,0.0,0.0
2015-03-18,0.1,0.0,0.0
2015-03-20,0.9,0.0,0.0
2015-03-21,0.7,0.5,0.0
2015-03-22,5.7,1.6,1.0
2015-03-24,0.3,8.3,5.5
2015-03-25,0.5,0.2,0.0
2015-03-27,30.1,1.1,0.0
2015-03-30,4.0,2.6,1.5
2015-03-31,1.3,20.4,14.2
2015-04-03,0.2,4.8,3.7
2015-04-04,23.6,0.0,0.0
2015-04-05,46.0,0.3,0.0
2015-04-10,2.5,0.0,0.0
2015-04-11,1.0,16.4,14.9
2015-04-12,42.2,12.9,11.3
2015-04-13,4.2,0.0,0.0
2015-04-16,2.8,3.4,3.4
2015-04-20,19.4,0.0,0.0
2015-04-21,3.8,1.6,1.0
2015-04-25,11.2,0.5,0.0
2015-04-29,4.8,15.9,13.7
2015-04-30,1.0,1.9,1.0
2015-05-02,3.5,8.9,5.9
2015-05-05,2.2,9.7,6.5
2015-05-07,1.4,12.2,8.3
2015-05-08,0.9,3.9,2.5
2015-05-10,2.0,2.6,1.6
2015-05-11,0.0,6.0,4.9
2015-05-14,7.6,9.4,7.8
2015-05-15,6.5,0.3,0.0
2015-05-19,33.3,1.6,1.0
2015-05-20,25.2,0.0,0.0
2015-05-22,1.5,1.1,0.0
2015-05-23,13.9,0.0,0.0
2015-05-25,0.5,0.0,0.0
2015-05-26,74.1,10.9,10.2
2015-05-27,12.7,16.4,18.5
2015-05-28,9.3,1.1,0.0
2015-05-30,0.1,0.0,0.0
2015-05-31,6.4,0.0,0.0
2015-06-02,0.0,10.8,9.6
2015-06-03,5.8,0.0,0.0
2015-06-04,0.0,0.0,0.0
2015-06-09,1.2,9.3,7.9
2015-06-10,6.2,6.3,5.1
2015-06-12,3.0,1.6,0.0
2015-06-13,9.5,6.7,5.0
2015-06-15,0.3,32.4,47.3
2015-06-16,29.7,6.6,5.0
2015-06-17,2.4,2.4,0.0
2015-06-18,3.4,14.6,14.8
2015-06-19,9.9,5.3,3.3
2015-06-23,12.1,0.6,0.0
2015-06-25,9.5,3.8,2.9
2015-06-28,1.0,0.3,0.0
2015-06-29,0.8,22.3,20.2
2015-06-30,1.0,0.2,0.0
2015-07-09,6.4,6.2,4.0
2015-07-10,0.2,19.6,14.5
2015-07-11,9.2,4.3,1.7
2015-07-18,0.0,3.4,1.0
2015-07-20,9.4,0.0,0.0
2015-07-23,5.8,1.4,1.6
2015-07-27,15.5,0.0,0.0
2015-07-28,6.4,13.3,15.8
2015-07-29,15.0,0.0,0.0
2015-07-31,32.9,30.6,43.1
2015-08-01,72.4,1.9,1.0
2015-08-02,0.6,0.0,0.0
2015-08-03,4.3,1.5,0.0
2015-08-04,0.5,9.4,8.0
2015-08-05,14.3,1.0,0.0
2015-08-08,19.2,2.1,1.0
2015-08-09,33.2,1.7,0.0
2015-08-10,47.7,1.1,0.0
2015-08-12,0.3,0.0,0.0
2015-08-14,0.0,3.8,1.7
2015-08-27,0.5,0.0,0.0
2015-09-01,8.0,2.6,1.4
2015-09-02,57.2,5.4,5.1
2015-09-03,1.7,0.0,0.0
2015-09-11,67.6,0.6,0.0
2015-09-14,2.1,1.0,0.0
2015-09-21,0.1,28.0,33.7
2015-09-22,5.0,1.5,0.0
2015-09-23,0.6,0.0,0.0
2015-09-25,6.5,17.8,14.3
2015-09-28,2.1,1.2,0.0
2015-09-30,2.4,0.4,0.0
2015-10-02,62.0,1.8,1.0
2015-10-04,0.7,0.0,0.0
2015-10-12,0.6,6.2,3.5
2015-10-13,0.8,37.0,38.7
2015-10-14,7.7,13.9,10.1
2015-10-15,7.6,5.4,2.9
2015-10-26,28.9,1.8,1.0
2015-10-27,16.6,9.0,7.2
2015-10-28,35.5,11.3,9.3
2015-10-29,6.0,15.4,13.6
2015-10-30,45.3,6.1,4.5
2015-10-31,8.6,0.0,0.0
2015-11-01,0.4,0.0,0.0
2015-11-02,0.9,3.0,1.6
2015-11-03,3.8,12.2,11.4
2015-11-04,77.4,0.0,0.0
2015-11-06,1.5,10.2,9.3
2015-11-07,6.2,8.6,7.6
2015-11-10,5.5,20.3,24.0
2015-11-11,5.3,11.0,9.2
2015-11-12,22.7,12.2,10.4
2015-11-13,5.4,13.3,11.5
2015-11-14,0.5,11.2,9.3
2015-11-15,0.8,1.3,0.0
2015-11-16,29.1,3.3,1.5
2015-11-17,12.8,6.2,4.2
2015-11-18,5.6,21.8,20.9
2015-11-19,20.7,1.0,0.0
2015-11-21,0.3,1.6,0.0
2015-11-22,14.8,0.0,0.0
2015-11-24,1.1,7.1,4.9
2015-11-25,9.6,0.4,0.0
2015-11-26,0.5,0.3,0.0
2015-11-28,0.2,2.5,1.0
2015-11-30,3.4,2.3,1.0
2015-12-01,2.0,0.2,0.0
2015-12-02,13.6,13.0,12.8
2015-12-04,5.8,0.0,0.0
2015-12-05,0.6,2.5,1.0
2015-12-08,5.0,1.0,0.0
2015-12-10,4.4,1.2,0.0
2015-12-11,0.3,9.5,7.6
2015-12-12,3.8,10.4,8.4
2015-12-13,45.4,1.7,1.2
2015-12-14,0.3,4.8,3.7
2015-12-15,21.7,16.6,13.5
2015-12-16,0.3,21.9,21.4
2015-12-17,18.3,4.2,3.2
2015-12-19,5.0,29.3,28.6
2015-12-20,1.8,27.5,26.9
2015-12-21,15.2,0.1,0.0
2015-12-22,0.4,16.2,13.8
2015-12-27,1.0,0.0,0.0
2015-12-28,0.3,0.0,0.0
2015-12-29,10.6,0.5,0.0
2015-12-30,32.5,5.7,4.3
2015-12-31,14.4,2.3,1.1
2016-01-01,4.4,0.0,0.0
2016-01-03,1.2,0.0,0.0
2016-01-04,8.2,7.3,5.7
2016-01-06,0.8,9.6,7.6
2016-01-08,0.8,0.9,0.0
2016-01-09,0.2,0.0,0.0
2016-01-13,3.3,5.9,4.5
2016-01-15,8.8,2.5,2.0
2016-01-16,0.6,0.5,0.0
2016-01-17,17.0,3.3,2.5
2016-01-18,3.8,13.8,10.5
2016-01-19,2.0,4.2,3.2
2016-01-20,7.2,18.9,14.4
2016-01-21,1.5,24.1,28.2
2016-01-22,42.4,5.6,5.4
2016-01-24,7.8,4.3,4.1
2016-01-25,9.4,15.1,15.1
2016-01-26,58.0,14.1,14.2
2016-01-27,5.8,0.4,0.0
2016-01-28,4.8,2.1,2.0
2016-01-29,11.0,0.6,0.0
2016-01-31,4.2,0.0,0.0
2016-02-02,44.4,0.9,0.0
2016-02-03,11.2,0.7,0.0
2016-02-04,7.3,1.5,1.0
2016-02-06,0.8,1.3,0.0
2016-02-07,31.6,7.8,6.9
2016-02-08,92.1,2.4,1.2
2016-02-09,4.8,0.0,0.0
2016-02-11,1.5,0.3,0.0
2016-02-12,2.1,6.4,6.6
2016-02-13,6.4,0.3,0.0
2016-02-14,0.3,3.2,3.3
2016-02-15,5.5,0.0,0.0
2016-02-17,27.3,3.6,3.7
2016-02-19,54.5,0.0,0.0
2016-02-20,26.0,0.0,0.0
2016-02-21,1.5,4.0,4.1
2016-02-22,1.3,11.3,12.1
2016-02-23,12.0,6.2,6.6
2016-02-24,24.5,4.3,4.5
2016-02-25,11.8,8.8,9.5
2016-02-26,58.0,1.0,1.0
2016-02-27,15.1,0.6,0.0
2016-02-29,8.8,0.0,0.0
2016-03-01,0.3,2.5,2.7
2016-03-02,15.0,0.2,0.0
2016-03-03,1.3,0.0,0.0
2016-03-04,0.5,1.1,1.5
2016-03-06,5.9,0.0,0.0
2016-03-09,0.8,0.3,0.0
2016-03-10,4.5,0.6,0.0
2016-03-12,1.6,0.0,0.0
2016-03-14,5.4,0.0,0.0
2016-03-15,6.0,2.1,2.5
2016-03-16,17.8,0.0,0.0
2016-03-17,2.9,0.0,0.0
2016-03-21,3.5,0.4,0.0
2016-03-22,1.5,0.8,0.0
2016-03-23,16.0,1.8,1.0
2016-03-25,14.3,41.1,34.3
2016-03-27,0.8,0.6,0.0
2016-03-28,3.0,0.0,0.0
2016-03-29,0.6,0.0,0.0
2016-03-31,24.3,19.1,13.3
2016-04-02,8.3,0.0,0.0
2016-04-07,0.5,0.0,0.0
2016-04-11,3.3,0.0,0.0
2016-04-13,1.3,15.7,14.2
2016-04-14,79.1,0.9,0.0
2016-04-15,4.8,0.6,0.0
2016-04-18,1.2,0.0,0.0
2016-05-05,8.8,0.6,0.0
2016-05-06,17.3,0.0,0.0
2016-05-08,4.0,14.7,10.1
2016-05-09,14.4,19.9,13.7
2016-05-10,1.8,4.1,2.6
2016-05-11,6.6,7.2,5.9
2016-05-13,3.3,12.4,10.4
2016-05-14,5.7,0.0,0.0
2016-05-15,2.0,0.0,0.0
2016-05-18,28.7,51.6,49.9
2016-05-19,24.4,14.8,12.4
2016-05-20,0.4,5.4,4.4
2016-05-23,45.8,37.2,41.5
2016-05-24,2.7,50.6,49.5
2016-05-25,61.4,5.6,4.3
2016-05-30,8.6,3.7,2.3
2016-06-01,0.3,5.8,4.6
2016-06-02,0.6,1.8,1.1
2016-06-03,0.1,5.8,4.6
2016-06-04,101.8,0.0,0.0
2016-06-06,5.0,4.6,3.5
2016-06-07,0.5,1.2,1.0
2016-06-08,2.5,2.9,2.0
2016-06-10,2.4,0.0,0.0
2016-06-11,7.2,0.3,0.0
2016-06-12,16.4,2.5,0.0
2016-06-15,41.6,17.1,18.6
2016-06-16,3.7,0.0,0.0
2016-06-18,0.2,5.8,3.9
2016-06-19,10.3,4.2,1.9
2016-06-20,28.5,4.1,1.7
2016-06-22,18.4,3.9,3.0
2016-06-23,0.3,41.4,35.8
2016-06-24,40.8,45.0,39.1
2016-06-25,3.6,33.4,29.3
2016-06-26,3.6,7.3,5.7
2016-06-27,10.1,1.6,1.1
2016-06-28,1.0,50.2,41.3
2016-06-29,4.9,10.9,8.9
2016-06-30,0.1,1.5,1.0
2016-07-01,3.5,1.7,1.0
2016-07-02,25.5,0.4,0.0
2016-07-03,0.3,38.2,34.7
2016-07-04,31.1,8.2,5.6
2016-07-06,12.5,0.0,0.0
2016-07-08,3.6,10.5,7.5
2016-07-09,6.5,0.0,0.0
2016-07-12,14.0,0.0,0.0
2016-07-16,0.6,0.0,0.0
2016-07-17,1.6,3.5,1.0
2016-07-18,0.4,0.0,0.0
2016-07-20,2.7,1.4,0.0
2016-07-22,16.0,0.1,0.0
2016-07-25,36.1,4.6,5.5
2016-07-26,0.3,12.8,15.9
2016-07-27,8.9,6.3,7.7
2016-07-28,0.1,1.4,1.5
2016-07-29,0.7,39.6,54.6
2016-07-30,5.3,25.5,34.2
2016-07-31,38.2,1.4,1.7
2016-08-03,20.9,2.9,1.2
2016-08-04,37.2,11.1,9.8
2016-08-05,2.7,2.2,1.0
2016-08-06,17.8,5.6,3.8
2016-08-09,0.8,0.0,0.0
2016-08-10,0.1,0.0,0.0
2016-08-12,66.1,11.6,13.2
2016-08-13,49.6,6.3,5.0
2016-08-14,2.5,7.3,6.4
2016-08-15,4.6,2.0,0.0
2016-08-18,21.3,19.7,31.2
2016-08-19,0.7,0.0,0.0
2016-08-20,25.2,14.2,17.3
2016-08-21,59.4,4.2,3.9
2016-08-26,37.8,18.9,15.3
2016-08-29,0.6,0.0,0.0
2016-08-30,2.1,1.4,1.7
2016-09-01,1.5,0.0,0.0
2016-09-03,124.0,0.6,0.0
2016-09-04,52.1,37.2,64.4
2016-09-05,21.0,0.4,0.0
2016-09-07,41.1,1.2,0.0
2016-09-08,0.2,0.9,0.0
2016-09-10,5.8,40.9,66.7
2016-09-11,7.2,4.1,2.3
2016-09-13,90.2,16.9,13.3
2016-09-15,1.5,0.0,0.0
2016-09-17,4.4,12.9,10.2
2016-09-18,2.4,31.0,35.3
2016-09-19,8.8,0.8,0.0
2016-09-20,0.2,11.1,8.4
2016-09-21,28.2,0.2,0.0
2016-09-22,38.6,0.8,0.0
2016-09-23,0.2,4.2,1.8
2016-09-24,64.6,3.1,1.0
2016-09-26,0.3,8.8,5.9
2016-09-27,51.8,2.6,1.0
2016-09-29,0.3,53.2,72.2
2016-09-30,19.1,5.4,2.9
2016-10-01,0.8,8.8,6.6
2016-10-02,3.5,0.0,0.0
2016-10-03,31.4,56.5,61.8
2016-10-04,24.2,9.4,7.1
2016-10-06,24.9,34.8,35.9
2016-10-07,21.3,1.3,0.0
2016-10-08,10.5,1.1,0.0
2016-10-09,10.2,23.0,21.5
2016-10-10,8.6,0.0,0.0
2016-10-12,19.1,3.6,1.3
2016-10-13,1.0,26.7,24.7
2016-10-14,61.5,10.9,7.6
2016-10-15,14.1,4.1,1.8
2016-10-17,80.0,139.4,72.6
2016-10-18,40.8,32.9,34.0
2016-10-19,1.0,25.3,23.7
2016-10-21,16.7,0.1,0.0
2016-10-22,0.8,2.6,1.2
2016-10-24,25.6,2.7,1.4
2016-10-27,0.6,5.3,3.7
2016-10-30,27.2,19.2,16.7
2016-10-31,29.0,39.3,45.7
2016-11-01,17.3,12.7,12.3
2016-11-02,1.1,1.8,1.0
2016-11-06,0.6,6.8,5.7
2016-11-07,29.8,1.7,0.0
2016-11-08,31.1,0.0,0.0
2016-11-09,24.2,1.3,0.0
2016-11-11,0.7,3.0,1.1
2016-11-12,22.9,0.0,0.0
2016-11-13,0.2,2.0,1.0
2016-11-14,4.3,2.9,1.0
2016-11-16,58.5,0.6,0.0
2016-11-17,4.0,1.2,0.0
2016-11-18,15.3,0.1,0.0
2016-11-20,23.1,1.7,0.0
2016-11-25,1.8,0.4,0.0
2016-11-26,0.4,5.9,3.6
2016-11-27,23.4,0.3,0.0
2016-11-29,0.8,0.8,0.0
2016-12-01,3.0,2.3,1.0
2016-12-04,22.9,6.5,5.4
2016-12-08,12.7,1.1,0.0
2016-12-11,16.8,11.6,9.4
2016-12-15,46.5,6.5,5.1
2016-12-17,44.6,1.1,0.0
2016-12-21,0.5,4.9,3.6
2016-12-22,0.5,10.6,8.9
2016-12-23,19.5,4.5,3.2
2016-12-25,1.1,3.3,2.1
2016-12-27,9.7,1.4,1.0
2016-12-28,35.9,6.9,5.5
2016-12-30,4.3,11.1,9.3
2016-12-31,18.0,33.8,40.5
2017-01-01,18.7,2.8,1.8
2017-01-02,1.7,0.0,0.0
2017-01-04,27.7,19.0,15.5
2017-01-05,2.3,18.6,14.9
2017-01-08,0.7,1.3,0.0
2017-01-11,0.3,2.4,1.8
2017-01-12,26.9,3.0,2.3
2017-01-13,1.8,0.0,0.0
2017-01-14,5.3,4.4,3.4
2017-01-17,1.3,1.0,0.0
2017-01-18,1.1,4.3,3.3
2017-01-19,20.2,0.1,0.0
2017-01-21,5.9,11.7,11.5
2017-01-22,18.7,8.1,7.9
2017-01-26,27.0,4.0,3.9
2017-01-27,6.1,4.2,4.0
2017-01-29,0.2,7.9,7.7
2017-02-01,40.1,27.5,28.2
2017-02-02,0.8,10.9,10.0
2017-02-03,0.6,9.3,8.4
2017-02-06,76.3,23.1,21.9
2017-02-07,1.7,0.1,0.0
2017-02-08,0.4,0.0,0.0
2017-02-13,0.5,1.4,1.4
2017-02-15,1.4,0.5,0.0
2017-02-18,3.2,1.2,1.2
2017-02-21,1.6,30.4,40.3
2017-02-22,25.5,32.1,41.7
2017-02-23,10.0,27.3,35.1
2017-02-25,3.5,3.2,3.2
2017-02-26,10.4,1.2,1.0
2017-02-28,32.7,5.0,5.3
2017-03-01,26.9,23.9,23.6
2017-03-02,7.7,0.2,0.0
2017-03-04,6.5,33.6,36.3
2017-03-05,12.5,6.0,5.9
2017-03-09,16.0,4.0,4.0
2017-03-10,6.1,12.2,11.5
2017-03-12,155.7,3.5,3.9
2017-03-13,7.8,3.8,4.1
2017-03-17,12.2,0.0,0.0
2017-03-18,18.1,7.0,7.3
2017-03-19,8.5,2.2,2.7
2017-03-20,2.7,0.8,0.0
2017-03-21,27.3,17.9,12.5
2017-03-22,4.1,0.5,0.0
2017-03-24,15.6,1.5,1.0
2017-03-25,6.4,39.1,31.7
2017-03-27,4.4,16.4,11.3
2017-03-28,4.4,27.0,21.1
2017-03-30,7.9,2.3,1.3
2017-04-01,0.5,26.0,27.2
2017-04-02,15.9,7.8,6.6
2017-04-03,49.9,36.3,45.9
2017-04-04,38.4,7.4,6.2
2017-04-05,2.3,11.2,10.0
2017-04-06,8.4,1.8,1.0
2017-04-07,4.4,0.8,0.0
2017-04-08,0.5,0.5,0.0
2017-04-09,0.6,0.7,0.0
2017-04-11,1.4,0.0,0.0
2017-04-12,2.0,0.0,0.0
2017-04-13,0.0,0.0,0.0
2017-04-16,2.2,5.2,4.8
2017-04-21,5.0,0.0,0.0
2017-04-23,8.4,0.2,0.0
2017-04-26,0.9,0.0,0.0
2017-04-27,5.4,9.8,7.8
2017-04-28,1.6,0.0,0.0
2017-04-29,0.3,8.1,6.2
2017-05-01,4.2,0.0,0.0
2017-05-03,0.0,0.4,0.0
2017-05-08,0.0,1.6,1.0
2017-05-12,2.1,2.0,1.4
2017-05-13,0.0,18.3,15.4
2017-05-14,50.7,13.8,11.5
2017-05-15,4.0,1.7,1.0
2017-05-16,7.3,15.5,13.0
2017-05-17,3.1,0.8,0.0
2017-05-18,0.0,0.1,0.0
2017-05-20,5.4,18.3,15.9
2017-05-21,20.2,3.4,1.9
2017-05-22,0.5,18.1,21.3
2017-05-23,33.7,5.0,3.7
2017-05-25,0.1,8.1,7.1
2017-05-26,79.7,3.5,2.1
2017-05-27,3.2,0.0,0.0
2017-05-28,18.5,0.0,0.0
2017-05-30,19.9,1.7,0.0
2017-06-02,4.5,10.9,9.9
2017-06-03,29.6,14.1,12.6
2017-06-04,0.3,5.1,4.0
2017-06-05,0.8,20.0,22.8
2017-06-06,3.7,0.0,0.0
2017-06-07,14.7,0.0,0.0
2017-06-10,38.7,1.9,1.2
2017-06-11,6.2,3.0,1.0
2017-06-12,0.4,39.5,55.9
2017-06-13,81.6,15.5,16.2
2017-06-16,20.6,0.8,0.0
2017-06-17,0.0,0.4,0.0
2017-06-18,0.6,4.5,2.3
2017-06-19,41.9,7.9,6.6
2017-06-20,0.4,9.8,9.1
2017-06-21,4.5,7.0,5.5
2017-06-22,0.0,1.5,1.0
2017-06-23,0.3,0.0,0.0
2017-06-25,1.6,15.4,12.5
2017-06-26,4.7,6.3,4.9
2017-07-01,16.3,65.3,53.1
2017-07-02,45.7,17.4,12.8
2017-07-04,1.3,0.2,0.0
2017-07-06,0.8,12.4,8.9
2017-07-07,0.5,19.0,13.8
2017-07-08,1.4,0.1,0.0
2017-07-09,0.0,27.4,24.5
2017-07-11,67.5,8.9,6.2
2017-07-13,0.1,4.6,1.9
2017-07-14,3.8,0.0,0.0
2017-07-15,0.8,0.7,0.0
2017-07-16,10.0,14.3,12.6
2017-07-17,21.0,27.9,36.5
2017-07-18,7.7,9.5,6.8
2017-07-21,0.1,43.8,61.0
2017-07-22,20.1,8.0,9.7
2017-07-27,1.7,0.0,0.0
2017-07-28,5.5,0.0,0.0
2017-07-30,7.0,0.0,0.0
2017-08-01,34.5,4.6,2.8
2017-08-05,0.5,0.5,0.0
2017-08-06,0.1,8.2,6.4
2017-08-07,17.7,2.5,1.0
2017-08-08,10.5,1.6,0.0
2017-08-09,0.8,5.6,3.8
2017-08-10,1.4,3.6,1.9
2017-08-11,10.0,3.4,1.2
2017-08-14,1.0,7.3,6.3
2017-08-15,1.2,43.6,75.7
2017-08-16,12.0,28.4,51.1
2017-08-17,8.5,15.4,22.4
2017-08-18,11.0,9.6,9.7
2017-08-20,0.0,26.7,47.1
2017-08-21,0.0,0.5,0.0
2017-08-22,22.2,7.2,6.2
2017-08-23,0.0,2.6,2.6
2017-08-24,3.4,5.5,4.8
2017-08-25,0.0,0.2,0.0
2017-08-28,5.2,0.9,0.0
2017-08-30,9.1,0.2,0.0
2017-08-31,17.0,0.0,0.0
2017-09-01,9.7,2.6,1.4
2017-09-03,0.9,0.4,0.0
2017-09-04,44.0,2.9,1.8
2017-09-06,1.2,7.7,8.2
2017-09-09,1.2,0.0,0.0
2017-09-11,0.0,0.2,0.0
2017-09-12,65.6,22.6,24.6
2017-09-13,2.4,16.8,13.9
2017-09-14,12.0,10.6,7.9
2017-09-15,1.0,9.2,6.7
2017-09-16,17.1,0.8,0.0
2017-09-17,0.0,6.1,4.0
2017-09-19,13.5,1.1,0.0
2017-09-21,23.3,10.9,7.9
2017-09-22,11.9,14.5,11.2
2017-09-23,0.3,5.1,2.6
2017-09-24,2.4,15.7,12.6
2017-09-25,3.0,1.5,0.0
2017-09-26,0.0,0.0,0.0
2017-09-28,2.5,3.6,1.3
2017-09-29,1.9,6.3,3.6
2017-10-01,21.0,3.6,1.8
2017-10-02,0.0,3.1,1.3
2017-10-03,1.1,30.2,31.8
2017-10-04,22.4,0.0,0.0
2017-10-05,0.4,9.5,7.2
2017-10-06,0.0,0.6,0.0
2017-10-07,10.0,0.4,0.0
2017-10-10,16.9,2.7,1.0
2017-10-11,31.7,2.5,1.0
2017-10-12,0.3,3.1,1.0
2017-10-14,0.0,9.1,6.0
2017-10-16,62.7,10.1,6.9
2017-10-18,0.0,0.4,0.0
2017-10-19,0.0,0.0,0.0
2017-10-22,0.0,17.9,15.0
2017-10-23,19.4,1.2,0.0
2017-10-25,0.0,9.1,7.3
2017-10-26,15.8,41.0,45.9
2017-10-27,77.0,2.7,1.3
2017-10-29,58.9,2.1,1.0
2017-10-30,15.1,0.4,0.0
2017-10-31,0.0,0.0,0.0
2017-11-01,49.3,9.8,8.9
2017-11-02,26.4,7.5,6.4
2017-11-03,5.5,17.9,20.6
2017-11-04,6.7,5.9,4.8
2017-11-05,29.6,9.0,8.0
2017-11-06,25.0,6.9,5.8
2017-11-07,15.7,14.3,13.7
2017-11-08,7.8,3.4,2.1
2017-11-09,28.3,1.4,0.0
2017-11-10,6.9,1.3,0.0
2017-11-11,2.3,2.0,1.0
2017-11-12,7.1,21.3,20.9
2017-11-13,18.5,14.9,13.2
2017-11-14,11.5,6.4,4.5
2017-11-15,0.3,0.0,0.0
2017-11-18,0.0,7.6,5.7
2017-11-19,102.4,0.0,0.0
2017-11-20,0.0,28.4,31.5
2017-11-21,15.9,8.6,6.3
2017-11-22,1.8,11.1,8.9
2017-11-23,5.1,19.8,23.3
2017-11-24,1.4,1.6,0.0
2017-11-28,25.0,0.4,0.0
2017-11-29,4.8,5.9,3.7
2017-11-30,0.0,13.9,12.0
2017-12-03,14.6,7.5,6.5
2017-12-04,11.8,14.7,15.3
2017-12-05,34.2,27.2,39.3
2017-12-06,25.3,0.6,0.0
2017-12-10,16.4,0.0,0.0
2017-12-11,0.6,4.4,3.4
2017-12-12,2.6,26.7,26.0
2017-12-13,22.1,16.4,13.4
2017-12-14,15.5,1.0,0.0
2017-12-16,8.3,0.0,0.0
2017-12-19,1.5,20.5,18.1
2017-12-20,28.6,0.8,0.0
2017-12-21,10.5,0.2,0.0
2017-12-23,63.4,3.1,1.9
2017-12-24,1.0,18.7,24.0
2017-12-25,61.7,6.9,5.5
2017-12-26,9.9,13.9,11.9
2017-12-27,39.6,5.0,3.7
2017-12-28,33.0,10.1,8.5
2017-12-29,0.6,3.8,2.6
2017-12-30,4.5,2.3,1.2
2017-12-31,0.2,4.0,2.8
2018-01-01,3.8,5.0,3.8
2018-01-02,8.2,53.2,45.2
2018-01-03,51.4,15.4,12.3
2018-01-04,2.5,0.9,0.0
2018-01-06,28.2,39.3,36.5
2018-01-07,37.8,40.6,36.9
2018-01-08,26.5,12.1,9.6
2018-01-10,0.8,14.1,11.2
2018-01-13,4.6,4.0,3.1
2018-01-14,0.0,1.6,1.3
2018-01-15,3.6,56.7,53.7
2018-01-16,20.4,26.2,21.2
2018-01-17,7.2,69.1,62.7
2018-01-18,25.1,22.8,17.0
2018-01-19,0.5,51.5,48.7
2018-01-20,15.2,5.3,4.1
2018-01-22,54.7,11.5,11.3
2018-01-23,14.2,0.2,0.0
2018-01-24,28.2,1.2,1.2
2018-01-25,21.4,7.0,6.8
2018-01-28,29.6,0.0,0.0
2018-01-29,6.2,0.0,0.0
2018-01-31,4.3,0.0,0.0
2018-02-06,36.6,24.5,24.6
2018-02-07,32.0,9.4,8.6
2018-02-08,10.6,0.3,0.0
2018-02-11,13.1,3.5,3.5
2018-02-14,8.9,40.2,49.3
2018-02-15,88.5,1.8,1.9
2018-02-17,49.8,2.6,2.6
2018-02-18,7.5,1.0,1.0
2018-02-19,9.7,10.1,10.6
2018-02-20,44.5,0.4,0.0
2018-02-21,4.5,6.7,7.2
2018-02-22,4.1,3.1,3.1
2018-02-23,3.6,2.3,2.2
2018-03-01,22.8,13.1,13.4
2018-03-02,6.5,1.5,1.8
2018-03-04,48.5,1.3,1.7
2018-03-05,3.2,7.4,7.1
2018-03-07,13.7,0.0,0.0
2018-03-08,11.8,4.5,4.5
2018-03-09,32.8,2.0,2.3
2018-03-10,2.0,0.0,0.0
2018-03-12,0.3,5.6,5.9
2018-03-14,2.0,0.0,0.0
2018-03-18,30.2,0.0,0.0
2018-03-21,26.4,0.2,0.0
2018-03-22,5.5,2.7,1.6
2018-03-24,25.6,12.6,8.6
2018-03-25,9.9,4.0,2.4
2018-03-26,6.0,1.4,0.0
2018-03-27,9.6,2.5,1.5
2018-03-29,0.0,15.9,11.0
2018-03-30,11.7,0.9,0.0
2018-04-01,4.3,8.0,6.8
2018-04-02,22.0,15.1,14.7
2018-04-03,3.4,10.3,9.1
2018-04-04,66.9,24.9,25.4
2018-04-05,17.9,7.8,6.6
2018-04-06,57.6,0.7,0.0
2018-04-07,20.2,0.0,0.0
2018-04-08,2.6,2.4,1.5
2018-04-10,0.0,0.3,0.0
2018-04-11,13.3,25.9,24.5
2018-04-12,0.6,0.9,0.0
2018-04-13,0.0,20.7,18.8
2018-04-14,0.7,0.6,0.0
2018-04-15,1.5,2.5,2.6
2018-04-19,24.4,26.9,25.4
2018-04-20,8.5,4.2,4.0
2018-04-21,2.0,0.5,0.0
2018-04-22,1.0,0.8,0.0
2018-04-23,0.0,0.0,0.0
2018-04-24,12.6,0.1,0.0
2018-04-25,12.7,37.8,52.1
2018-04-26,35.4,9.2,7.2
2018-04-28,0.4,18.3,18.2
2018-04-29,30.8,47.9,67.6
2018-04-30,61.5,7.2,5.4
2018-05-03,0.0,27.4,19.8
2018-05-04,13.4,0.7,0.0
2018-05-06,25.0,0.2,0.0
2018-05-07,23.1,0.7,0.0
2018-05-08,9.3,4.8,3.1
2018-05-10,11.6,15.5,10.7
2018-05-15,11.3,0.0,0.0
2018-05-20,16.2,0.2,0.0
2018-05-21,2.5,0.7,0.0
2018-05-22,2.2,0.1,0.0
2018-05-23,1.6,12.0,11.8
2018-05-24,0.0,7.7,6.6
2018-05-25,3.5,4.0,2.6
2018-05-26,3.8,4.6,3.2
2018-05-27,0.0,28.5,34.2
2018-05-28,0.8,10.1,9.3
2018-05-29,9.6,13.1,12.3
2018-05-30,4.0,3.0,1.4
2018-06-01,0.2,1.0,0.0
2018-06-02,0.0,37.5,48.5
2018-06-03,18.5,26.7,32.6
2018-06-10,8.9,0.1,0.0
2018-06-11,0.0,0.0,0.0
2018-06-14,31.0,18.1,20.8
2018-06-15,31.2,8.1,6.9
2018-06-18,86.6,0.0,0.0
2018-06-20,0.0,0.0,0.0
2018-06-22,0.8,4.9,3.8
2018-06-24,1.6,6.6,5.2
2018-06-25,19.5,12.9,10.4
2018-06-26,3.0,10.8,8.5
2018-06-27,0.4,1.2,0.0
2018-06-28,9.2,6.4,5.0
2018-06-30,0.8,7.1,5.5
2018-07-01,30.0,24.6,22.1
2018-07-02,7.0,5.4,3.4
2018-07-03,28.5,2.3,1.0
2018-07-04,0.6,19.8,15.3
2018-07-05,1.8,3.7,2.0
2018-07-11,11.8,11.2,8.5
2018-07-12,2.3,4.9,2.3
2018-07-16,3.8,3.5,1.0
2018-07-18,0.3,0.0,0.0
2018-07-20,14.4,12.2,9.9
2018-07-21,2.1,7.6,9.2
2018-07-22,2.2,0.0,0.0
2018-07-24,1.0,7.3,8.9
2018-07-25,11.4,0.0,0.0
2018-07-30,0.2,0.0,0.0
2018-08-02,6.4,1.2,0.0
2018-08-10,32.9,9.2,7.3
2018-08-12,34.1,2.1,0.0
2018-08-13,0.8,15.5,20.9
2018-08-14,4.0,0.0,0.0
2018-08-15,0.0,3.2,1.0
2018-08-16,9.0,1.3,0.0
2018-08-17,31.7,0.0,0.0
2018-08-18,1.0,1.1,0.0
2018-08-23,4.3,15.4,12.3
2018-08-24,37.0,1.3,1.6
2018-08-25,2.7,1.1,0.0
2018-08-27,27.5,0.3,0.0
2018-08-29,15.5,15.7,12.5
2018-08-30,87.5,1.9,2.1
2018-09-02,86.2,2.6,1.4
2018-09-05,30.1,0.0,0.0
2018-09-06,3.3,0.2,0.0
2018-09-12,1.4,9.8,7.3
2018-09-13,6.0,0.3,0.0
2018-09-15,1.6,0.0,0.0
2018-09-17,7.6,9.2,6.7
2018-09-18,56.2,5.5,3.5
2018-09-19,13.5,4.7,2.8
2018-09-22,1.6,0.0,0.0
2018-09-25,16.9,10.7,7.7
2018-09-26,0.7,6.8,4.1
2018-09-28,1.4,8.9,6.0
2018-09-29,0.2,7.1,4.4
2018-10-02,5.0,3.7,1.8
2018-10-03,2.0,0.0,0.0
2018-10-04,3.5,0.0,0.0
2018-10-08,2.0,0.0,0.0
2018-10-09,0.8,1.7,0.0
2018-10-12,4.2,13.3,9.6
2018-10-13,30.0,35.0,37.3
2018-10-14,8.4,5.0,2.5
2018-10-15,3.8,19.8,15.1
2018-10-16,1.8,0.0,0.0
2018-10-18,8.6,16.4,12.3
2018-10-19,87.1,29.3,28.6
2018-10-20,8.0,9.7,6.5
2018-10-21,63.8,2.9,1.6
2018-10-22,0.4,8.0,6.3
2018-10-25,12.5,10.0,8.1
2018-10-26,16.9,1.7,1.0
2018-10-28,5.4,3.1,1.7
2018-10-29,1.5,1.0,0.0
2018-10-31,12.2,14.1,11.9
2018-11-01,3.6,13.8,13.1
2018-11-02,7.6,0.6,0.0
2018-11-03,0.2,0.0,0.0
2018-11-04,4.8,5.1,3.9
2018-11-06,0.3,4.7,3.5
2018-11-07,10.3,1.8,1.0
2018-11-08,1.8,14.9,14.3
2018-11-09,6.5,3.7,2.4
2018-11-11,7.3,0.0,0.0
2018-11-14,0.0,5.0,3.1
2018-11-15,0.6,15.8,14.1
2018-11-16,2.9,3.0,1.2
2018-11-17,29.7,23.5,24.1
2018-11-18,37.0,0.0,0.0
2018-11-24,6.6,6.0,3.8
2018-11-27,2.0,1.1,0.0
2018-12-04,6.2,1.6,1.0
2018-12-05,29.5,19.6,26.5
2018-12-06,5.3,11.4,11.0
2018-12-07,1.5,17.7,22.0
2018-12-08,24.4,32.4,47.2
2018-12-10,1.0,11.6,11.2
2018-12-11,7.7,1.3,1.0
2018-12-12,4.8,2.3,1.7
2018-12-13,65.6,0.0,0.0
2018-12-14,16.6,2.3,1.6
2018-12-15,14.6,11.2,9.1
2018-12-16,4.7,0.1,0.0
2018-12-18,9.0,7.2,5.7
2018-12-19,5.0,18.1,15.3
2018-12-20,26.5,12.9,10.5
2018-12-22,16.6,0.8,0.0
2018-12-23,1.0,11.9,10.1
2018-12-24,11.5,39.8,45.8
2018-12-25,28.6,0.8,0.0
2018-12-27,99.6,8.9,7.4
2018-12-30,0.0,28.4,34.4
2018-12-31,5.9,1.7,1.0
2019-01-01,0.6,17.7,14.4
2019-01-02,74.4,21.7,20.3
2019-01-03,23.2,2.2,1.3
2019-01-04,0.6,8.6,6.8
2019-01-05,4.6,19.2,15.0
2019-01-08,27.0,10.5,8.3
2019-01-09,8.8,1.6,1.0
2019-01-10,0.0,0.0,0.0
2019-01-12,0.8,0.0,0.0
2019-01-14,43.0,0.4,0.0
2019-01-15,7.8,35.4,31.4
2019-01-16,14.5,9.3,7.1
2019-01-17,13.0,0.3,0.0
2019-01-18,0.9,4.3,3.3
2019-01-19,0.2,0.3,0.0
2019-01-21,2.4,7.0,6.8
2019-01-22,5.0,1.4,1.4
2019-01-23,3.5,2.5,2.4
2019-01-24,1.0,1.8,1.7
2019-01-25,3.2,4.2,4.1
2019-01-26,5.6,29.3,34.1
2019-01-27,11.1,7.1,6.9
2019-01-28,9.0,12.5,12.4
2019-01-29,4.0,27.3,32.0
2019-01-30,2.5,11.6,11.4
2019-02-01,0.2,11.4,10.6
2019-02-02,8.4,0.1,0.0
2019-02-05,2.0,3.6,2.5
2019-02-06,15.4,0.0,0.0
2019-02-07,1.4,6.7,5.7
2019-02-08,7.1,5.7,4.7
2019-02-12,2.6,0.2,0.0
2019-02-16,2.1,1.5,1.5
2019-02-19,40.7,0.0,0.0
2019-02-20,0.2,0.7,0.0
2019-02-21,0.4,4.0,4.1
2019-02-25,20.8,0.0,0.0
2019-02-26,2.7,0.0,0.0
2019-02-27,0.5,0.0,0.0
2019-02-28,0.0,0.5,0.0
2019-03-01,0.0,0.0,0.0
2019-03-05,3.8,0.2,0.0
2019-03-07,12.7,0.0,0.0
2019-03-09,0.2,5.7,5.6
2019-03-10,7.4,22.5,22.3
2019-03-11,117.0,3.5,3.8
2019-03-12,0.1,34.8,45.4
2019-03-20,18.5,15.8,16.8
2019-03-21,29.2,9.6,6.4
2019-03-22,3.3,7.8,5.1
2019-03-23,11.5,20.8,14.0
2019-03-24,3.9,9.0,6.0
2019-03-26,0.2,4.5,2.8
2019-03-27,8.0,0.0,0.0
2019-03-29,5.8,3.1,1.9
2019-03-31,0.5,27.2,21.5
2019-04-01,16.8,12.3,11.2
2019-04-02,5.7,0.0,0.0
2019-04-03,2.2,0.5,0.0
2019-04-04,0.2,2.1,1.3
2019-04-05,5.5,5.5,4.4
2019-04-06,13.0,0.0,0.0
2019-04-08,0.8,0.6,0.0
2019-04-09,6.0,6.7,5.5
2019-04-10,0.0,0.0,0.0
2019-04-12,0.0,6.6,6.0
2019-04-13,5.4,6.2,5.7
2019-04-14,0.0,0.5,0.0
2019-04-15,1.7,1.4,1.7
2019-04-16,0.4,0.0,0.0
2019-04-18,4.1,0.4,0.0
2019-04-19,0.5,0.0,0.0
2019-04-22,0.0,0.0,0.0
2019-04-24,6.3,0.0,0.0
2019-04-25,14.5,0.7,0.0
2019-04-26,1.6,12.6,10.5
2019-04-27,12.5,23.1,26.5
2019-04-28,41.0,16.2,15.1
2019-04-29,45.5,22.8,26.5
2019-04-30,4.8,8.7,6.7
2019-05-01,0.4,27.2,19.6
2019-05-02,20.8,12.7,8.7
2019-05-03,8.8,23.3,16.6
2019-05-04,0.2,0.0,0.0
2019-05-06,1.4,5.1,3.2
2019-05-07,19.0,20.3,14.2
2019-05-08,32.2,49.6,42.6
2019-05-09,5.9,21.5,15.1
2019-05-10,15.6,19.5,13.5
2019-05-11,0.4,2.3,1.6
2019-05-14,1.3,0.0,0.0
2019-05-15,2.8,0.0,0.0
2019-05-17,3.0,21.2,17.6
2019-05-18,54.4,0.2,0.0
2019-05-21,31.0,13.0,12.3
2019-05-22,0.4,0.0,0.0
2019-05-24,1.3,0.0,0.0
2019-05-26,1.4,0.0,0.0
2019-05-27,33.2,0.0,0.0
2019-05-28,0.2,2.8,1.2
2019-05-29,12.8,5.8,4.5
2019-05-30,31.1,5.3,4.0
2019-06-01,0.3,3.1,2.2
2019-06-02,0.4,8.2,6.8
2019-06-03,9.6,1.5,1.0
2019-06-04,1.1,32.8,41.6
2019-06-05,36.3,0.2,0.0
2019-06-07,21.5,5.4,4.3
2019-06-10,7.4,0.2,0.0
2019-06-16,26.0,0.0,0.0
2019-06-18,9.5,5.1,3.0
2019-06-19,25.5,0.0,0.0
2019-06-20,6.5,7.3,5.9
2019-06-21,18.5,0.0,0.0
2019-06-23,0.8,0.9,0.0
2019-06-25,7.7,0.9,0.0
2019-06-27,9.2,27.3,25.4
2019-06-28,11.2,0.9,0.0
2019-07-02,30.0,46.6,40.3
2019-07-03,34.3,41.3,36.7
2019-07-04,6.9,7.5,5.1
2019-07-05,13.7,0.0,0.0
2019-07-09,0.8,0.0,0.0
2019-07-11,7.5,2.9,1.0
2019-07-12,0.4,7.4,4.6
2019-07-13,8.1,5.1,2.4
2019-07-14,1.8,0.0,0.0
2019-07-21,0.0,0.0,0.0
2019-07-24,2.9,3.1,3.7
2019-07-28,6.6,0.9,1.0
2019-07-30,11.4,8.1,9.8
2019-07-31,12.0,2.8,3.3
2019-08-02,24.1,1.9,1.0
2019-08-13,32.9,9.8,10.0
2019-08-14,0.3,0.1,0.0
2019-08-15,5.8,3.6,1.5
2019-08-16,0.6,0.0,0.0
2019-08-18,1.6,0.0,0.0
2019-08-23,87.3,0.0,0.0
2019-08-26,3.6,99.0,52.8
2019-08-27,8.2,3.0,2.9
2019-08-28,16.3,0.0,0.0
2019-08-29,1.8,0.0,0.0
2019-09-02,7.6,6.8,6.9
2019-09-03,5.4,0.2,0.0
2019-09-06,38.0,0.0,0.0
2019-09-08,4.4,0.1,0.0
2019-09-12,12.0,0.2,0.0
2019-09-30,3.4,0.0,0.0
2019-10-01,10.2,7.7,5.5
2019-10-02,1.4,7.0,4.9
2019-10-03,3.4,21.3,19.6
2019-10-04,1.4,5.2,3.3
2019-10-05,17.0,0.0,0.0
2019-10-07,0.3,10.7,8.3
2019-10-08,4.4,1.4,0.0
2019-10-10,34.0,0.3,0.0
2019-10-11,1.7,0.3,0.0
2019-10-12,13.6,1.5,0.0
2019-10-13,0.1,0.6,0.0
2019-10-14,12.1,4.7,2.3
2019-10-15,6.1,4.9,2.4
2019-10-16,0.3,3.8,1.5
2019-10-17,16.6,0.0,0.0
2019-10-19,45.9,5.1,2.6
2019-10-21,0.7,5.9,4.3
2019-10-24,1.0,4.6,3.1
2019-10-25,0.7,6.1,4.5
2019-10-26,0.4,4.6,3.1
2019-10-29,2.3,0.5,0.0
2019-10-31,63.0,17.5,15.3
2019-11-01,5.0,10.2,9.3
2019-11-02,1.5,15.6,17.7
2019-11-03,32.2,12.5,11.8
2019-11-04,0.3,4.1,2.8
2019-11-07,1.1,69.2,61.1
2019-11-08,14.6,29.5,35.6
2019-11-09,4.9,19.4,22.8
2019-11-10,0.3,0.0,0.0
2019-11-12,27.2,60.7,78.3
2019-11-13,37.7,0.1,0.0
2019-11-15,30.8,0.0,0.0
2019-11-22,1.0,0.0,0.0
2019-11-25,2.0,18.5,22.6
2019-11-26,10.0,1.9,0.0
2019-11-27,3.4,1.3,0.0
2019-11-28,4.7,0.0,0.0
2019-12-01,16.8,10.7,10.1
2019-12-02,8.1,0.2,0.0
2019-12-04,19.0,26.7,38.4
2019-12-05,1.6,0.8,0.0
2019-12-09,27.1,4.9,3.5
2019-12-10,10.2,2.5,1.1
2019-12-11,1.4,1.0,0.0
2019-12-12,56.5,2.1,1.5
2019-12-13,16.7,3.6,2.8
2019-12-15,6.8,15.7,12.8
2019-12-16,8.2,1.5,1.0
2019-12-18,0.2,7.9,6.3
2019-12-19,9.7,0.7,0.0
2019-12-20,2.3,21.8,19.2
2019-12-21,8.1,6.0,4.6
2019-12-22,36.2,67.8,68.9
2019-12-23,25.7,27.3,34.7
2019-12-24,15.8,2.8,1.6
2019-12-28,6.1,0.5,0.0
2019-12-29,6.6,4.0,2.8
2019-12-30,3.2,8.4,6.9
2019-12-31,2.9,5.8,4.5
2020-01-01,8.8,24.1,22.6
2020-01-02,4.0,27.3,25.7
2020-01-03,0.9,14.1,11.2
2020-01-04,9.4,18.5,14.8
2020-01-05,25.6,27.0,26.3
2020-01-06,2.7,1.0,0.0
2020-01-10,4.5,9.0,7.1
2020-01-11,1.2,46.0,42.7
2020-01-12,11.8,51.9,49.9
2020-01-13,83.9,0.0,0.0
2020-01-15,1.4,25.4,21.1
2020-01-17,4.9,0.0,0.0
2020-01-19,10.9,0.0,0.0
2020-01-20,0.2,0.0,0.0
2020-01-22,2.6,0.0,0.0
2020-01-23,2.8,0.0,0.0
2020-01-27,74.8,10.3,10.1
2020-01-28,1.4,0.8,0.0
2020-01-30,2.3,15.7,15.7
2020-01-31,3.2,5.5,5.3
2020-02-01,24.6,27.0,27.3
2020-02-02,4.8,0.4,0.0
2020-02-03,3.0,1.1,0.0
2020-02-04,6.5,0.0,0.0
2020-02-05,2.0,0.0,0.0
2020-02-06,1.8,0.0,0.0
2020-02-08,0.0,11.7,10.9
2020-02-09,14.7,21.6,21.0
2020-02-10,12.0,8.6,7.6
2020-02-12,4.7,4.6,4.7
2020-02-13,9.1,1.7,1.7
2020-02-14,8.2,16.8,19.1
2020-02-15,33.5,25.7,27.9
2020-02-16,6.1,10.2,10.7
2020-02-17,6.4,0.2,0.0
2020-02-18,5.0,0.0,0.0
2020-02-20,41.5,0.8,0.0
2020-02-22,0.5,0.0,0.0
2020-02-25,1.3,0.6,0.0
2020-02-26,2.3,19.4,23.8
2020-02-27,34.6,1.9,1.7
2020-02-28,0.5,0.0,0.0
2020-02-29,6.6,0.0,0.0
2020-03-03,11.0,25.3,25.4
2020-03-04,31.1,17.1,16.7
2020-03-05,3.4,20.4,22.8
2020-03-06,27.7,1.2,1.6
2020-03-07,18.5,23.9,24.0
2020-03-08,28.5,0.0,0.0
2020-03-10,2.6,12.3,11.7
2020-03-11,5.6,0.0,0.0
2020-03-12,0.5,0.0,0.0
2020-03-13,18.0,0.1,0.0
2020-03-20,23.0,5.0,5.3
2020-03-21,0.2,21.9,15.2
2020-03-24,11.7,15.4,10.6
2020-03-25,5.4,5.4,3.4
2020-03-26,27.0,7.4,4.8
2020-03-29,24.5,23.4,18.5
2020-03-30,7.5,2.8,1.6
2020-03-31,0.5,9.0,6.0
2020-04-01,1.4,1.3,1.0
2020-04-02,0.1,4.7,3.6
2020-04-03,25.3,0.9,0.0
2020-04-05,5.0,0.0,0.0
2020-04-08,14.0,3.5,2.5
2020-04-09,1.0,1.1,1.0
2020-04-11,0.8,0.0,0.0
2020-04-18,20.0,14.9,13.4
2020-04-19,1.2,20.3,18.3
2020-04-20,2.5,0.0,0.0
2020-04-23,0.2,24.8,29.2
2020-04-24,30.3,1.6,1.0
2020-04-25,11.7,7.4,5.5
2020-04-26,7.2,10.8,8.7
2020-04-28,0.0,17.5,17.0
2020-04-30,35.5,8.6,6.6
2020-05-03,0.3,1.5,1.0
2020-05-04,1.1,0.3,0.0
2020-05-05,1.4,81.7,75.4
2020-05-06,26.7,3.3,2.0
2020-05-07,3.7,0.0,0.0
2020-05-08,0.0,0.0,0.0
2020-05-12,9.0,11.4,9.5
2020-05-13,13.5,0.0,0.0
2020-05-17,5.9,0.8,0.0
2020-05-18,5.3,1.9,1.3
2020-05-19,0.3,12.8,10.7
2020-05-20,2.2,4.8,3.8
2020-05-21,15.1,0.9,0.0
2020-05-22,5.2,14.2,14.3
2020-05-23,9.5,2.8,1.2
2020-05-25,3.5,12.0,11.0
2020-05-26,1.4,0.8,0.0
2020-05-28,35.3,8.9,7.9
2020-05-29,31.7,4.3,2.9
2020-06-02,2.5,2.7,1.8
2020-06-03,7.6,0.0,0.0
2020-06-04,0.3,1.1,1.0
2020-06-05,3.8,0.4,0.0
2020-06-06,8.9,6.8,5.5
2020-06-08,8.2,6.2,5.0
2020-06-12,30.0,3.8,1.3
2020-06-13,0.9,4.4,2.1
2020-06-14,17.6,1.0,0.0
2020-06-17,0.5,0.0,0.0
2020-06-22,12.1,1.4,1.0
2020-06-25,17.6,4.3,3.3
2020-06-27,15.2,18.2,14.5
2020-06-28,2.9,9.8,7.6
2020-06-29,2.6,9.7,7.5
2020-06-30,0.4,0.0,0.0
2020-07-04,13.6,0.1,0.0
2020-07-06,21.8,3.9,2.1
2020-07-07,3.1,0.0,0.0
2020-07-08,36.5,18.4,13.6
2020-07-09,4.2,2.7,1.2
2020-07-11,18.2,12.3,10.2
2020-07-12,25.0,3.8,1.3
2020-07-13,0.8,3.7,1.1
2020-07-14,2.8,9.8,7.1
2020-07-15,4.2,6.9,4.1
2020-07-16,2.4,21.7,26.4
2020-07-17,10.1,0.0,0.0
2020-07-20,0.6,0.0,0.0
2020-07-21,7.9,2.1,2.4
2020-07-24,46.7,7.1,8.5
2020-07-25,25.5,7.7,9.3
2020-07-26,1.8,0.6,0.0
2020-07-27,8.9,5.6,6.8
2020-07-28,0.1,0.0,0.0
2020-07-29,1.0,0.1,0.0
2020-08-01,0.2,10.7,8.6
2020-08-04,8.0,77.2,83.6
2020-08-05,2.9,6.7,4.9
2020-08-06,17.8,1.5,0.0
2020-08-09,87.8,4.6,2.8
2020-08-10,0.7,0.0,0.0
2020-08-12,6.2,16.4,22.3
2020-08-13,1.2,0.0,0.0
2020-08-14,0.4,0.5,0.0
2020-08-16,9.0,0.0,0.0
2020-08-17,0.8,3.4,1.2
2020-08-18,14.5,9.1,9.0
2020-08-19,0.0,0.0,0.0
2020-08-20,0.0,5.0,3.2
2020-08-21,0.4,0.1,0.0
2020-08-23,8.5,0.0,0.0
2020-08-24,3.7,3.5,3.3
2020-08-27,0.7,0.0,0.0
2020-08-29,0.0,1.6,1.8
2020-08-30,17.2,0.0,0.0
2020-08-31,0.0,9.2,7.7
2020-09-01,1.6,18.2,32.4
2020-09-02,2.0,4.5,3.9
2020-09-03,0.0,15.2,26.1
2020-09-04,11.8,8.5,9.3
2020-09-05,1.8,0.1,0.0
2020-09-06,0.4,9.1,10.1
2020-09-08,3.4,0.0,0.0
2020-09-10,2.1,1.7,1.0
2020-09-11,1.5,15.8,12.3
2020-09-12,18.7,11.6,9.0
2020-09-13,8.1,2.2,1.0
2020-09-28,11.6,22.8,24.8
2020-09-29,14.9,1.1,0.0
2020-10-01,6.0,5.3,3.3
2020-10-02,0.8,0.0,0.0
2020-10-03,0.0,2.8,1.0
2020-10-04,1.6,15.5,12.5
2020-10-05,23.5,5.5,3.5
2020-10-06,9.8,4.1,2.2
2020-10-08,0.4,12.3,10.5
2020-10-09,8.7,5.1,3.1
2020-10-10,0.0,23.2,21.6
2020-10-12,10.2,2.0,1.0
2020-10-13,1.5,0.5,0.0
2020-10-15,73.7,17.1,13.3
2020-10-16,5.2,24.2,21.0
2020-10-17,0.4,39.7,42.5
2020-10-18,28.6,1.1,0.0
2020-10-19,0.0,79.4,72.5
2020-10-20,32.2,22.5,17.8
2020-10-21,33.2,0.4,0.0
2020-10-24,21.3,16.3,14.1
2020-10-25,1.6,60.7,57.8
2020-10-26,69.9,51.1,53.5
2020-10-27,14.4,2.0,1.0
2020-10-29,26.6,55.6,55.3
2020-10-30,12.0,0.8,0.0
2020-11-03,4.6,0.0,0.0
2020-11-05,1.8,5.2,4.0
2020-11-06,2.0,0.0,0.0
2020-11-08,10.5,6.7,5.6
2020-11-09,10.0,0.3,0.0
2020-11-10,1.4,2.7,1.3
2020-11-12,2.1,0.0,0.0
2020-11-17,1.0,3.9,2.0
2020-11-18,2.3,1.5,0.0
2020-11-19,18.1,11.7,9.9
2020-11-20,5.5,1.5,0.0
2020-11-22,6.5,5.9,3.7
2020-11-23,11.3,5.3,3.1
2020-11-24,47.5,2.2,0.0
2020-11-26,2.2,0.9,0.0
2020-11-27,0.3,0.6,0.0
2020-11-28,0.6,16.1,18.3
2020-11-29,35.6,21.8,25.6
2020-12-01,11.8,29.7,43.4
2020-12-02,143.9,1.0,0.0
2020-12-03,4.4,0.8,0.0
2020-12-05,27.9,95.4,76.7
2020-12-06,35.2,17.0,20.7
2020-12-07,0.2,0.0,0.0
2020-12-08,0.0,2.1,1.0
2020-12-09,4.2,19.7,25.9
2020-12-10,0.2,0.4,0.0
2020-12-13,17.4,23.6,21.4
2020-12-14,14.9,20.0,17.0
2020-12-15,8.7,4.4,3.4
2020-12-20,18.6,2.2,1.5
2020-12-22,6.3,46.3,52.4
2020-12-23,52.0,13.5,11.5
2020-12-24,0.4,27.9,34.7
2020-12-25,64.5,1.7,1.0
2020-12-26,1.8,1.5,1.0
2020-12-28,70.1,2.3,1.2
2020-12-30,8.4,8.8,7.3
2020-12-31,1.2,7.4,5.9
2021-01-01,52.0,15.2,12.1
2021-01-02,0.8,11.6,9.2
2021-01-04,2.1,21.0,19.4
2021-01-05,7.8,14.8,11.8
2021-01-07,0.0,53.1,44.2
2021-01-08,13.7,6.8,5.3
2021-01-09,5.6,2.1,1.2
2021-01-10,1.8,0.0,0.0
2021-01-12,28.4,5.3,4.0
2021-01-15,25.2,16.8,12.8
2021-01-16,0.5,57.6,53.2
2021-01-17,43.1,23.5,17.1
2021-01-19,0.0,3.3,2.5
2021-01-20,5.0,1.6,1.2
2021-01-21,1.4,39.8,46.4
2021-01-22,17.9,5.9,5.7
2021-01-23,6.0,32.2,37.4
2021-01-24,6.2,1.1,1.1
2021-01-25,1.3,4.4,4.2
2021-01-26,2.8,11.6,11.5
2021-01-27,3.4,4.4,4.2
2021-01-28,6.0,2.3,2.3
2021-01-30,3.5,28.8,33.6
2021-01-31,8.9,2.8,2.7
2021-02-01,0.8,37.3,40.2
2021-02-02,6.2,5.2,4.2
2021-02-03,2.8,1.5,1.0
2021-02-04,0.1,1.2,0.0
2021-02-05,0.3,7.2,6.2
2021-02-08,0.8,6.9,5.9
2021-02-09,1.3,34.1,36.1
2021-02-10,99.0,23.2,21.5
2021-02-11,36.5,5.2,5.3
2021-02-12,1.0,5.5,5.7
2021-02-14,22.1,8.8,9.2
2021-02-16,0.2,0.1,0.0
2021-02-18,42.8,13.7,14.6
2021-02-20,0.0,0.0,0.0
2021-02-22,0.6,37.9,49.9
2021-02-23,57.8,1.8,1.6
2021-02-25,0.5,2.6,2.6
2021-02-27,35.5,18.9,21.9
2021-02-28,1.2,16.6,18.9
2021-03-01,55.4,0.8,0.0
2021-03-02,21.7,0.7,0.0
2021-03-03,2.3,0.0,0.0
2021-03-05,29.5,15.8,15.1
2021-03-06,5.0,0.0,0.0
2021-03-07,0.7,3.5,3.6
2021-03-13,73.4,7.5,7.8
2021-03-15,3.0,22.2,25.2
2021-03-16,47.2,1.4,2.0
2021-03-18,12.5,9.6,9.9
2021-03-19,4.8,4.8,5.2
2021-03-20,4.5,11.7,11.9
2021-03-21,0.3,0.8,0.0
2021-03-22,42.0,78.7,85.0
2021-03-23,106.2,26.5,20.3
2021-03-24,41.2,2.4,1.4
2021-03-25,0.4,30.9,24.6
2021-03-26,18.4,4.3,2.7
2021-03-27,1.7,10.9,7.4
2021-03-31,1.8,51.6,46.0
2021-04-01,21.3,5.4,4.2
2021-04-02,7.8,0.4,0.0
2021-04-03,0.0,0.4,0.0
2021-04-06,20.6,0.0,0.0
2021-04-08,1.4,2.7,1.7
2021-04-12,1.0,2.4,2.5
2021-04-13,0.3,25.2,23.6
2021-04-14,24.2,48.1,54.5
2021-04-15,10.2,1.5,1.8
2021-04-18,21.3,35.8,37.0
2021-04-19,14.0,0.0,0.0
2021-04-25,10.8,8.8,6.8
2021-04-26,0.0,6.9,5.1
2021-04-27,3.0,6.9,5.1
2021-04-29,3.2,0.1,0.0
2021-04-30,0.0,1.3,1.0
2021-05-01,1.8,9.5,6.4
2021-05-03,2.4,5.3,3.4
2021-05-04,5.0,8.2,5.5
2021-05-05,5.8,20.4,14.4
2021-05-06,29.7,52.6,45.3
2021-05-07,19.4,3.6,2.2
2021-05-09,7.7,12.4,8.5
2021-05-12,0.0,0.0,0.0
2021-05-13,16.3,3.1,2.3
2021-05-14,1.1,0.0,0.0
2021-05-15,14.0,1.3,1.0
2021-05-16,11.1,2.8,2.1
2021-05-17,6.6,4.4,3.5
2021-05-18,3.5,0.2,0.0
2021-05-20,3.1,1.6,1.0
2021-05-21,0.0,16.6,19.1
2021-05-23,20.2,2.1,1.0
2021-05-25,6.4,20.3,23.7
2021-05-27,0.2,0.0,0.0
2021-05-30,0.0,1.5,0.0
2021-05-31,1.0,5.1,3.8
2021-06-01,2.9,17.8,19.6
2021-06-02,19.5,0.4,0.0
2021-06-03,6.7,0.0,0.0
2021-06-07,2.0,6.5,5.3
2021-06-08,0.0,10.6,9.1
2021-06-12,9.0,10.3,9.7
2021-06-13,42.8,13.1,13.1
2021-06-14,1.2,7.7,6.4
2021-06-16,11.7,3.9,1.5
2021-06-17,34.5,0.2,0.0
2021-06-18,2.4,10.5,10.0
2021-06-19,0.6,0.9,0.0
2021-06-20,0.2,13.4,13.7
2021-06-21,1.6,0.8,0.0
2021-06-24,9.5,8.3,6.5
2021-06-25,0.0,0.8,0.0
2021-06-26,0.6,0.0,0.0
2021-06-28,12.4,8.7,6.7
2021-06-29,10.7,0.0,0.0
2021-07-02,4.7,16.9,13.0
2021-07-03,0.9,4.4,2.6
2021-07-08,12.0,1.8,1.0
2021-07-12,0.4,4.5,1.9
2021-07-15,2.6,14.2,12.0
2021-07-16,5.1,6.9,4.1
2021-07-21,1.8,2.1,2.5
2021-07-22,0.0,0.0,0.0
2021-07-26,138.0,8.2,9.9
2021-07-27,25.5,0.0,0.0
2021-07-29,0.8,0.2,0.0
2021-07-30,2.4,0.2,0.0
2021-07-31,0.0,0.2,0.0
2021-08-02,4.1,9.5,8.2
2021-08-03,13.8,4.7,3.0
2021-08-05,20.0,6.0,4.3
2021-08-06,7.4,8.3,6.5
2021-08-08,1.2,2.6,1.0
2021-08-09,0.1,8.5,7.1
2021-08-10,0.6,0.2,0.0
2021-08-11,0.6,0.6,0.0
2021-08-13,13.0,16.9,24.4
2021-08-14,3.4,33.7,64.3
2021-08-15,0.1,12.3,13.9
2021-08-16,0.7,5.2,3.5
2021-08-17,10.7,14.6,18.2
2021-08-18,13.2,0.4,0.0
2021-08-20,10.3,3.7,1.6
2021-08-22,7.5,0.2,0.0
2021-08-23,23.6,13.8,10.9
2021-08-24,1.0,24.0,21.1
2021-08-25,20.9,9.7,8.0
2021-08-26,28.7,21.8,18.5
2021-08-27,0.5,12.2,10.4
2021-08-29,0.2,2.2,2.3
2021-08-31,34.0,15.0,11.9
2021-09-01,7.5,6.6,6.7
2021-09-02,18.0,20.0,36.2
2021-09-03,0.5,8.1,8.8
2021-09-04,2.4,6.9,7.1
2021-09-07,0.2,11.3,13.4
2021-09-08,22.5,12.5,14.8
2021-09-09,12.5,14.9,26.0
2021-09-12,11.6,20.6,22.2
2021-09-14,2.2,10.5,7.9
2021-09-15,0.4,48.8,58.0
2021-09-16,22.6,30.7,34.7
2021-09-17,0.2,0.5,0.0
2021-09-21,7.8,14.5,11.5
2021-09-22,1.4,5.7,3.2
2021-09-23,0.8,6.9,4.2
2021-09-24,12.8,1.7,0.0
2021-09-27,2.8,0.6,0.0
2021-09-29,0.0,3.4,1.1
2021-09-30,43.8,2.8,1.0
2021-10-02,7.2,3.7,1.9
2021-10-04,2.4,4.0,2.1
2021-10-07,24.8,2.3,1.0
2021-10-08,9.4,17.0,14.2
2021-10-09,12.0,0.0,0.0
2021-10-12,6.0,1.6,0.0
2021-10-14,15.1,0.1,0.0
2021-10-18,0.8,3.0,1.0
2021-10-19,6.5,12.2,8.6
2021-10-20,0.3,6.0,3.4
2021-10-21,40.6,18.4,16.0
2021-10-22,10.2,4.4,2.9
2021-10-23,23.7,1.4,1.0
2021-10-25,14.6,0.5,0.0
2021-10-26,1.6,0.0,0.0
2021-10-27,17.4,0.2,0.0
2021-10-28,57.8,0.2,0.0
2021-10-30,6.1,7.2,5.5
2021-11-02,30.4,1.4,0.0
2021-11-04,6.0,0.7,0.0
2021-11-05,2.9,2.2,1.0
2021-11-06,8.5,1.9,1.0
2021-11-07,10.1,11.0,10.1
2021-11-08,5.5,7.4,6.3
2021-11-09,0.0,6.8,5.7
2021-11-10,3.8,2.4,1.0
2021-11-13,10.3,11.5,9.6
2021-11-14,2.4,42.8,52.4
2021-11-15,50.4,22.4,22.0
2021-11-16,6.6,12.3,10.5
2021-11-18,0.4,36.1,42.2
2021-11-19,19.3,0.9,0.0
2021-11-20,0.1,11.5,9.6
2021-11-21,15.4,0.0,0.0
2021-11-23,11.5,8.9,6.7
2021-11-24,0.0,2.5,1.0
2021-11-27,43.5,2.9,1.0
2021-11-28,4.5,33.6,38.7
2021-11-29,12.7,12.2,9.9
2021-12-01,5.6,3.1,1.7
2021-12-02,16.7,2.7,1.2
2021-12-03,10.6,3.7,2.3
2021-12-04,3.2,2.2,1.0
2021-12-05,0.2,6.6,5.4
2021-12-06,10.2,32.1,46.6
2021-12-07,14.2,4.6,3.2
2021-12-08,0.4,0.1,0.0
2021-12-12,10.3,4.5,3.5
2021-12-13,1.4,103.3,74.2
2021-12-14,35.1,20.1,17.1
2021-12-15,21.0,7.5,6.0
2021-12-18,2.6,9.7,7.8
2021-12-19,0.2,18.6,15.0
2021-12-20,19.6,17.3,14.3
2021-12-21,0.2,8.5,6.9
2021-12-23,1.4,4.9,3.6
2021-12-25,3.6,17.0,14.5
2021-12-26,5.3,3.3,2.1
2021-12-28,70.4,0.0,0.0
2021-12-30,1.4,0.1,0.0
2021-12-31,4.8,15.4,14.4
