date,gauge,imergl,lseqmdl
2001-01-01,3.6,8.1,6.2
2001-01-03,7.6,28.7,22.5
2001-01-04,0.8,2.9,2.1
2001-01-05,8.6,24.1,18.2
2001-01-06,1.3,17.7,13.4
2001-01-07,10.6,25.4,19.1
2001-01-10,1.5,16.3,12.4
2001-01-11,1.4,16.0,12.2
2001-01-12,1.2,5.6,3.7
2001-01-13,17.1,15.1,11.5
2001-01-14,0.2,0.2,0.0
2001-01-16,29.5,14.7,11.1
2001-01-17,8.2,2.3,1.0
2001-01-18,3.4,44.2,39.5
2001-01-19,30.6,5.6,3.7
2001-01-20,12.1,2.8,1.3
2001-01-21,7.7,3.8,1.1
2001-01-22,0.4,3.0,1.0
2001-01-24,12.8,7.1,4.2
2001-01-25,10.2,1.7,0.0
2001-01-27,0.5,19.7,15.5
2001-01-29,10.8,1.9,0.0
2001-01-30,0.3,6.9,4.0
2001-02-01,2.1,8.5,7.0
2001-02-02,64.8,14.9,13.6
2001-02-03,6.6,7.7,6.1
2001-02-04,13.7,15.3,14.0
2001-02-05,10.3,21.5,20.4
2001-02-06,4.6,1.4,0.0
2001-02-07,7.4,23.1,21.5
2001-02-08,0.5,7.2,5.6
2001-02-09,22.2,31.4,39.7
2001-02-10,8.0,3.6,1.7
2001-02-11,7.1,4.0,3.0
2001-02-12,10.5,57.2,64.5
2001-02-13,27.7,5.1,4.2
2001-02-14,0.8,4.0,3.1
2001-02-16,75.5,3.9,3.0
2001-02-17,1.0,4.0,3.0
2001-02-18,6.9,1.5,1.0
2001-02-19,14.8,2.6,1.4
2001-02-20,2.8,0.1,0.0
2001-02-23,26.4,0.2,0.0
2001-02-25,41.8,0.0,0.0
2001-02-26,0.3,4.4,2.6
2001-02-27,1.7,61.2,74.7
2001-02-28,22.2,18.2,17.1
2001-03-01,9.9,1.9,1.0
2001-03-03,29.1,13.3,9.6
2001-03-04,2.1,0.5,0.0
2001-03-06,9.0,388.4,82.8
2001-03-07,4.0,8.2,5.6
2001-03-08,17.9,43.7,43.8
2001-03-09,72.3,12.8,9.2
2001-03-10,7.2,79.7,69.1
2001-03-11,8.9,0.4,0.0
2001-03-12,1.1,24.0,24.0
2001-03-13,6.0,5.4,5.1
2001-03-15,6.0,5.5,5.1
2001-03-17,6.6,0.2,0.0
2001-03-19,2.9,22.4,21.6
2001-03-21,6.5,7.9,5.3
2001-03-24,57.0,19.8,14.4
2001-03-25,24.1,74.9,62.2
2001-03-26,0.3,66.5,55.0
2001-03-27,46.5,4.7,2.8
2001-03-29,17.1,3.3,1.6
2001-03-30,1.8,67.5,56.1
2001-03-31,42.3,21.7,15.8
2001-04-01,4.4,3.7,2.9
2001-04-02,0.8,0.3,0.0
2001-04-03,3.2,42.6,30.5
2001-04-04,41.4,1.8,1.7
2001-04-05,1.3,3.5,2.7
2001-04-07,4.0,3.0,2.4
2001-04-08,0.5,6.0,4.3
2001-04-09,30.5,14.7,10.0
2001-04-11,2.0,25.1,18.6
2001-04-12,14.8,0.6,0.0
2001-04-13,72.6,2.1,1.6
2001-04-14,0.6,0.1,0.0
2001-04-15,0.6,0.6,0.0
2001-04-17,57.0,16.1,12.3
2001-04-18,13.1,0.3,0.0
2001-04-19,5.3,1.0,0.0
2001-04-24,2.4,84.4,64.9
2001-04-25,87.8,4.2,2.4
2001-04-26,0.3,1.7,1.0
2001-04-28,12.6,16.8,10.9
2001-04-29,1.9,18.0,11.7
2001-04-30,9.1,10.2,6.5
2001-05-01,49.1,3.2,1.0
2001-05-02,0.5,0.2,0.0
2001-05-03,11.7,0.1,0.0
2001-05-05,4.0,34.7,30.0
2001-05-06,15.9,0.9,0.0
2001-05-08,0.7,22.2,14.5
2001-05-09,0.5,1.9,0.0
2001-05-10,5.0,0.8,0.0
2001-05-12,0.5,5.5,2.8
2001-05-13,21.6,15.4,11.7
2001-05-14,38.2,4.6,2.0
2001-05-18,0.1,27.6,22.4
2001-05-19,15.7,2.5,1.0
2001-05-20,0.5,0.0,0.0
2001-05-23,2.0,1.0,0.0
2001-05-25,3.5,0.0,0.0
2001-05-26,0.5,0.5,0.0
2001-05-28,2.0,0.7,0.0
2001-05-30,61.6,6.3,4.0
2001-05-31,5.8,6.6,4.2
2001-06-01,7.8,2.5,1.0
2001-06-04,4.8,0.0,0.0
2001-06-08,2.0,5.7,4.3
2001-06-10,33.3,0.3,0.0
2001-06-14,1.7,7.5,5.6
2001-06-15,21.9,15.9,12.2
2001-06-16,0.8,2.1,1.0
2001-06-18,18.1,2.8,1.4
2001-06-19,0.9,1.8,1.0
2001-06-26,2.6,22.6,12.1
2001-06-27,11.2,0.0,0.0
2001-06-29,0.8,0.5,0.0
2001-07-01,0.2,0.2,0.0
2001-07-11,2.5,0.0,0.0
2001-07-14,10.7,0.0,0.0
2001-07-18,4.4,6.6,2.7
2001-07-19,2.2,6.8,2.9
2001-07-20,3.0,17.9,10.1
2001-07-21,1.4,0.8,0.0
2001-07-27,1.0,26.7,26.2
2001-07-28,1.0,12.8,10.5
2001-07-29,3.6,0.0,0.0
2001-07-31,4.9,41.6,53.9
2001-08-03,2.3,6.3,1.1
2001-08-09,8.0,49.1,36.9
2001-08-10,8.4,0.6,0.0
2001-08-11,9.0,14.3,7.9
2001-09-01,4.0,0.0,0.0
2001-09-04,16.2,1.8,0.0
2001-09-05,25.7,0.8,0.0
2001-09-07,6.0,0.4,0.0
2001-09-10,20.0,12.8,8.6
2001-09-11,4.0,50.4,62.6
2001-09-16,32.7,2.8,0.0
2001-09-17,0.4,7.3,1.8
2001-09-18,17.0,3.0,0.0
2001-09-20,18.8,77.0,69.3
2001-09-21,9.5,0.4,0.0
2001-09-23,2.2,13.1,6.5
2001-09-24,0.9,0.0,0.0
2001-09-26,0.8,10.6,4.3
2001-09-27,13.3,0.6,0.0
2001-09-28,64.0,89.3,74.6
2001-09-29,76.6,3.3,0.0
2001-10-01,0.2,12.0,7.8
2001-10-02,2.3,30.4,26.5
2001-10-03,18.9,65.1,76.5
2001-10-04,1.8,4.2,1.0
2001-10-06,0.4,23.3,18.1
2001-10-07,15.3,22.5,17.4
2001-10-08,14.6,1.7,0.0
2001-10-12,2.4,2.2,1.4
2001-10-18,32.7,21.5,14.8
2001-10-19,0.7,1.1,0.0
2001-10-21,25.0,1.3,0.0
2001-10-23,3.1,9.9,7.5
2001-10-24,2.4,21.5,17.4
2001-10-25,100.5,6.2,4.3
2001-10-26,0.8,18.7,15.0
2001-10-29,18.7,26.2,21.2
2001-10-30,3.3,4.7,3.0
2001-10-31,15.1,10.4,8.0
2001-11-01,20.4,6.5,3.7
2001-11-02,2.0,5.0,2.6
2001-11-03,2.0,3.8,1.6
2001-11-05,74.5,21.3,15.1
2001-11-06,6.3,38.0,32.4
2001-11-07,0.9,2.9,1.0
2001-11-08,63.0,10.2,6.5
2001-11-09,32.0,13.9,9.4
2001-11-10,55.0,5.7,3.1
2001-11-13,28.0,41.1,40.9
2001-11-14,27.3,8.4,4.9
2001-11-15,75.5,29.7,25.0
2001-11-16,19.9,1.4,0.0
2001-11-18,3.1,15.0,11.1
2001-11-19,12.4,14.8,10.9
2001-11-20,2.3,19.2,15.2
2001-11-21,5.0,0.7,0.0
2001-11-22,0.1,2.8,1.0
2001-11-23,0.2,0.4,0.0
2001-11-24,1.5,6.5,4.2
2001-11-25,4.3,11.3,8.8
2001-11-26,12.5,9.1,6.6
2001-11-27,8.9,11.4,8.9
2001-11-28,13.6,0.4,0.0
2001-11-29,0.2,57.3,65.3
2001-11-30,2.8,13.1,10.4
2001-12-01,18.6,23.9,18.4
2001-12-02,3.0,5.3,2.7
2001-12-03,6.4,0.8,0.0
2001-12-04,4.5,4.2,1.8
2001-12-07,0.3,1.4,0.0
2001-12-12,4.0,0.1,0.0
2001-12-17,91.4,36.6,36.8
2001-12-18,11.3,17.6,15.9
2001-12-19,0.4,46.3,48.5
2001-12-20,81.0,13.4,12.2
2001-12-21,7.4,116.5,92.0
2001-12-23,1.2,42.4,33.6
2001-12-24,38.1,6.1,4.3
2001-12-25,18.3,31.4,24.2
2001-12-26,39.0,1.4,1.0
2001-12-27,3.0,23.8,17.8
2001-12-28,15.2,14.2,10.5
2001-12-29,0.2,22.3,16.6
2001-12-30,90.2,0.0,0.0
2002-01-01,6.1,7.7,5.9
2002-01-06,20.4,4.7,3.6
2002-01-07,0.4,70.5,54.4
2002-01-08,28.0,15.7,11.9
2002-01-09,17.1,28.1,21.1
2002-01-10,1.1,1.0,0.0
2002-01-14,5.8,1.7,1.0
2002-01-16,0.2,3.8,2.2
2002-01-19,117.5,1.7,1.0
2002-01-21,2.6,4.1,1.4
2002-01-22,34.5,67.3,60.2
2002-01-23,23.5,34.0,31.4
2002-01-24,63.4,7.9,5.0
2002-01-25,7.7,10.2,7.0
2002-02-03,2.3,8.3,6.7
2002-02-13,5.0,5.9,5.1
2002-02-14,2.0,66.9,71.0
2002-02-15,16.0,1.4,0.0
2002-02-17,0.2,34.0,41.2
2002-02-18,25.8,11.6,10.9
2002-02-20,42.5,110.7,77.7
2002-02-21,21.4,11.7,10.2
2002-02-26,47.1,17.2,16.0
2002-02-27,46.0,22.0,21.1
2002-02-28,7.6,32.9,39.1
2002-03-01,1.6,8.0,5.5
2002-03-02,0.2,14.6,10.6
2002-03-03,12.7,6.0,3.9
2002-03-05,0.4,75.6,65.6
2002-03-06,28.8,23.9,17.3
2002-03-07,20.1,7.9,5.5
2002-03-08,20.4,19.1,14.0
2002-03-09,12.2,5.5,3.5
2002-03-10,33.0,68.5,61.0
2002-03-11,2.2,38.1,39.9
2002-03-12,31.1,29.7,30.0
2002-03-13,11.0,45.8,49.7
2002-03-14,55.8,3.9,3.6
2002-03-15,3.4,28.7,29.5
2002-03-16,3.2,27.2,27.0
2002-03-18,2.3,16.4,16.0
2002-03-19,44.6,6.8,6.4
2002-03-20,27.1,15.5,15.0
2002-03-21,9.0,8.7,6.0
2002-03-22,19.0,4.9,3.0
2002-03-23,2.7,1.0,0.0
2002-03-24,1.2,8.1,5.4
2002-03-26,105.1,42.3,35.0
2002-03-27,30.2,15.9,11.4
2002-03-28,4.4,11.9,8.4
2002-03-30,64.4,83.0,70.2
2002-03-31,47.6,15.8,11.3
2002-04-01,2.3,3.8,2.9
2002-04-02,2.3,0.4,0.0
2002-04-03,24.0,3.0,2.4
2002-04-04,5.3,8.0,5.6
2002-04-05,1.2,0.7,0.0
2002-04-08,1.3,44.3,30.9
2002-04-12,56.1,2.4,1.8
2002-04-15,0.1,0.0,0.0
2002-04-16,3.0,33.1,25.3
2002-04-17,0.3,13.3,10.3
2002-04-22,19.6,5.3,3.1
2002-04-23,0.2,79.2,61.8
2002-04-24,48.0,1.2,0.0
2002-04-26,0.1,66.4,53.4
2002-04-27,18.6,19.5,12.7
2002-04-29,15.8,4.9,2.9
2002-04-30,1.0,52.1,40.5
2002-05-01,7.0,19.2,12.3
2002-05-02,29.8,9.2,4.6
2002-05-03,0.9,2.1,0.0
2002-05-05,0.2,1.8,0.0
2002-05-06,0.3,8.9,4.4
2002-05-07,19.0,35.6,31.7
2002-05-08,47.5,23.7,15.7
2002-05-09,3.2,1.4,0.0
2002-05-10,0.8,5.1,1.4
2002-05-13,32.0,1.6,0.0
2002-05-22,3.5,3.5,1.5
2002-05-24,11.8,4.8,2.7
2002-05-26,0.3,5.6,3.3
2002-05-27,17.5,8.1,5.5
2002-06-04,74.8,0.0,0.0
2002-06-11,9.8,13.5,11.6
2002-06-12,2.4,4.6,3.0
2002-06-13,7.6,17.8,14.9
2002-06-14,50.0,2.3,1.0
2002-06-16,33.6,10.6,8.2
2002-06-17,18.3,8.2,6.1
2002-06-18,3.6,5.9,4.2
2002-06-19,5.1,1.1,0.0
2002-06-22,30.4,0.4,0.0
2002-06-24,11.8,1.8,0.0
2002-06-25,3.0,1.4,0.0
2002-06-28,2.0,0.0,0.0
2002-07-15,4.0,2.2,0.0
2002-07-17,2.1,0.0,0.0
2002-07-20,0.1,0.1,0.0
2002-07-25,22.3,0.1,0.0
2002-07-31,0.2,4.0,1.0
2002-08-01,11.0,0.0,0.0
2002-08-05,2.0,0.2,0.0
2002-08-10,0.0,0.0,0.0
2002-08-22,1.1,6.8,2.6
2002-08-23,24.1,4.6,1.0
2002-08-24,34.0,4.3,1.0
2002-08-25,7.1,0.0,0.0
2002-09-03,8.7,40.3,48.9
2002-09-07,0.3,0.0,0.0
2002-09-11,0.2,3.8,0.0
2002-09-23,3.5,0.8,0.0
2002-09-25,0.2,0.0,0.0
2002-09-28,7.0,0.0,0.0
2002-10-01,2.7,0.0,0.0
2002-10-03,18.3,1.6,0.0
2002-10-05,1.2,18.2,14.0
2002-10-06,10.5,0.4,0.0
2002-10-15,0.4,2.9,2.0
2002-10-16,4.0,0.0,0.0
2002-10-18,2.2,26.0,17.1
2002-10-19,7.5,0.1,0.0
2002-10-26,0.5,2.2,1.0
2002-10-27,19.4,0.7,0.0
2002-10-29,11.0,0.9,0.0
2002-11-05,0.3,14.6,9.9
2002-11-06,10.0,0.0,0.0
2002-11-09,16.5,24.9,17.8
2002-11-11,0.4,2.0,0.0
2002-11-13,4.6,2.3,0.0
2002-11-14,0.6,0.0,0.0
2002-11-16,12.3,5.6,2.3
2002-11-17,0.4,2.6,0.0
2002-11-18,0.3,6.4,3.0
2002-11-19,7.3,2.9,0.0
2002-11-20,15.3,5.4,2.2
2002-11-21,58.5,2.9,1.0
2002-11-22,4.4,15.7,13.0
2002-11-23,10.1,11.2,8.6
2002-11-24,119.3,7.2,4.8
2002-11-25,5.6,14.8,12.1
2002-11-26,4.1,8.5,6.0
2002-11-27,57.0,11.2,8.6
2002-11-28,7.3,0.6,0.0
2002-11-29,4.3,34.0,32.6
2002-11-30,11.0,5.7,3.5
2002-12-01,0.8,0.0,0.0
2002-12-02,0.6,0.3,0.0
2002-12-03,2.3,53.0,49.9
2002-12-04,3.0,9.8,6.3
2002-12-05,1.1,36.3,31.0
2002-12-06,100.8,14.4,10.2
2002-12-07,5.5,17.5,12.9
2002-12-08,6.5,4.0,1.7
2002-12-09,21.2,22.1,16.8
2002-12-10,11.0,25.8,20.0
2002-12-11,0.2,16.5,14.9
2002-12-12,4.1,7.9,7.3
2002-12-13,8.0,0.2,0.0
2002-12-19,0.6,1.1,0.0
2002-12-25,49.4,80.8,66.4
2002-12-26,1.7,5.4,3.7
2002-12-28,69.5,6.2,4.3
2002-12-29,7.8,46.0,36.7
2002-12-30,1.8,33.7,24.7
2002-12-31,1.3,10.4,7.6
2003-01-01,100.3,31.7,24.0
2003-01-02,0.3,2.6,1.9
2003-01-03,12.4,51.6,36.2
2003-01-04,3.0,0.9,0.0
2003-01-05,9.0,11.1,8.5
2003-01-06,63.4,19.8,15.0
2003-01-07,1.9,10.1,7.8
2003-01-09,1.5,30.6,22.6
2003-01-11,0.5,0.8,0.0
2003-01-12,1.6,0.4,0.0
2003-01-13,38.1,0.4,0.0
2003-01-14,14.1,1.1,0.0
2003-01-15,3.6,10.8,8.0
2003-01-16,7.5,0.9,0.0
2003-01-17,11.6,22.3,17.3
2003-01-18,6.5,1.0,0.0
2003-01-22,35.3,0.6,0.0
2003-01-24,30.7,13.1,9.6
2003-01-25,9.4,0.5,0.0
2003-01-29,0.3,2.3,0.0
2003-02-04,9.0,3.8,1.9
2003-02-06,17.0,40.5,50.9
2003-02-07,1.6,2.1,0.0
2003-02-09,18.3,10.9,9.4
2003-02-10,3.3,10.3,8.8
2003-02-11,40.2,25.7,28.6
2003-02-12,4.8,15.3,14.5
2003-02-17,50.6,13.8,13.1
2003-02-18,44.2,29.6,34.7
2003-02-19,39.3,7.7,7.0
2003-02-21,3.3,2.8,1.0
2003-02-28,10.3,16.0,14.8
2003-03-01,15.8,1.3,0.0
2003-03-05,44.5,8.8,6.1
2003-03-06,24.3,0.9,0.0
2003-03-09,31.1,15.2,11.0
2003-03-10,16.4,22.8,16.8
2003-03-12,43.3,0.0,0.0
2003-03-14,14.2,0.0,0.0
2003-03-16,3.4,34.8,35.6
2003-03-17,32.9,72.1,91.5
2003-03-18,15.2,20.8,20.5
2003-03-19,2.4,30.9,31.0
2003-03-20,19.5,6.5,6.1
2003-03-21,1.4,1.5,1.0
2003-03-23,32.2,0.2,0.0
2003-03-28,26.0,3.2,1.6
2003-03-29,31.0,10.6,7.4
2003-03-31,0.5,1.8,1.0
2003-04-02,27.6,12.8,8.7
2003-04-03,2.6,10.4,7.1
2003-04-04,35.3,1.4,0.0
2003-04-06,11.7,0.3,0.0
2003-04-10,1.0,0.2,0.0
2003-04-11,0.8,1.1,0.0
2003-04-12,1.0,192.7,119.4
2003-04-13,52.2,6.7,5.3
2003-04-14,4.4,32.7,24.3
2003-04-15,13.3,3.7,2.9
2003-04-17,19.0,6.1,4.8
2003-04-18,1.5,111.3,89.9
2003-04-19,1.0,9.8,7.6
2003-04-24,2.2,9.0,5.7
2003-04-25,7.9,1.1,0.0
2003-04-26,1.0,1.4,0.0
2003-04-28,4.7,0.9,0.0
2003-04-29,5.2,60.5,48.5
2003-05-02,48.4,1.2,0.0
2003-05-03,2.9,0.3,0.0
2003-05-05,10.6,2.2,0.0
2003-05-06,0.4,1.4,0.0
2003-05-08,3.8,50.1,48.1
2003-05-09,92.0,0.3,0.0
2003-05-10,0.5,0.8,0.0
2003-05-13,30.2,16.5,12.6
2003-05-14,13.1,1.1,0.0
2003-05-15,2.5,8.6,5.7
2003-05-16,7.4,8.9,5.9
2003-05-18,10.6,3.0,1.0
2003-05-26,1.8,0.4,0.0
2003-06-21,8.2,9.4,4.5
2003-06-22,1.5,0.0,0.0
2003-06-25,34.0,0.0,0.0
2003-06-27,4.0,0.0,0.0
2003-06-29,2.2,0.7,0.0
2003-07-01,27.0,2.4,0.0
2003-07-03,4.3,8.3,3.3
2003-07-04,19.4,0.3,0.0
2003-07-08,23.1,5.0,1.1
2003-07-11,0.5,6.3,2.5
2003-07-12,0.8,92.0,52.9
2003-07-13,54.4,82.6,51.7
2003-07-14,44.0,12.1,6.4
2003-07-15,3.0,1.1,0.0
2003-07-18,0.3,0.0,0.0
2003-07-25,1.2,0.0,0.0
2003-07-27,19.6,0.6,0.0
2003-07-31,1.8,4.4,1.3
2003-08-01,19.7,2.4,0.0
2003-08-07,3.9,0.0,0.0
2003-08-09,1.1,9.0,2.8
2003-08-10,0.8,0.3,0.0
2003-08-14,18.7,4.8,1.4
2003-08-19,16.0,1.3,0.0
2003-08-21,0.4,42.6,43.3
2003-08-22,6.6,4.9,1.0
2003-08-25,2.0,0.1,0.0
2003-08-27,49.6,0.6,0.0
2003-09-03,6.8,2.2,0.0
2003-09-07,32.0,2.4,0.0
2003-09-08,6.0,0.4,0.0
2003-09-12,16.0,1.9,0.0
2003-09-14,6.0,16.7,11.4
2003-09-15,9.0,19.2,14.3
2003-09-16,41.2,24.8,29.8
2003-09-17,8.2,3.3,0.0
2003-09-20,32.1,0.9,0.0
2003-09-21,0.6,26.9,26.2
2003-09-22,10.0,21.9,13.6
2003-09-24,18.4,4.2,0.0
2003-09-25,6.0,0.1,0.0
2003-09-29,12.3,0.0,0.0
2003-10-01,2.7,3.1,1.0
2003-10-02,11.6,70.7,82.0
2003-10-03,8.0,55.0,64.8
2003-10-04,9.2,2.2,0.0
2003-10-08,10.0,2.1,0.0
2003-10-10,28.2,28.6,23.2
2003-10-11,1.4,3.1,2.2
2003-10-14,2.4,36.5,21.6
2003-10-15,31.5,0.6,0.0
2003-10-17,26.0,20.7,14.0
2003-10-18,2.0,0.0,0.0
2003-10-22,1.3,0.0,0.0
2003-10-26,27.3,23.4,19.4
2003-10-27,0.3,5.8,4.0
2003-10-29,0.6,23.5,19.4
2003-10-30,107.0,1.7,1.0
2003-10-31,9.4,0.0,0.0
2003-11-02,0.3,0.0,0.0
2003-11-09,4.0,30.7,26.6
2003-11-10,6.2,15.1,10.3
2003-11-11,23.5,1.1,0.0
2003-11-12,2.0,20.8,16.7
2003-11-13,6.0,0.7,0.0
2003-11-14,5.0,17.7,13.7
2003-11-15,13.3,3.0,1.0
2003-11-16,3.6,2.1,0.0
2003-11-17,0.4,37.9,36.3
2003-11-18,29.0,4.4,1.3
2003-11-23,26.7,21.4,18.5
2003-11-24,13.8,32.8,31.8
2003-11-25,55.4,17.5,14.7
2003-11-26,33.4,7.1,4.7
2003-11-27,11.3,9.4,6.9
2003-11-28,14.5,8.0,5.6
2003-11-29,0.9,0.7,0.0
2003-11-30,2.0,20.7,17.8
2003-12-01,100.3,3.6,1.4
2003-12-02,0.3,29.2,23.0
2003-12-03,12.4,60.9,58.8
2003-12-04,3.0,20.0,15.0
2003-12-05,9.0,73.3,71.4
2003-12-06,63.4,9.3,5.9
2003-12-07,1.9,2.3,1.0
2003-12-09,1.5,12.2,8.4
2003-12-11,0.5,2.0,1.7
2003-12-12,1.6,25.5,24.3
2003-12-13,38.1,4.4,4.0
2003-12-14,14.1,22.5,20.1
2003-12-15,3.6,4.0,3.6
2003-12-16,7.5,0.4,0.0
2003-12-17,11.6,0.7,0.0
2003-12-18,6.5,2.3,2.0
2003-12-22,35.3,31.6,22.9
2003-12-24,30.7,27.9,20.4
2003-12-25,9.4,2.0,1.0
2003-12-29,0.3,1.0,0.0
2004-01-02,4.0,17.8,13.5
2004-01-03,1.0,16.3,12.4
2004-01-05,5.5,0.0,0.0
2004-01-07,24.8,37.2,25.1
2004-01-08,11.0,3.1,2.2
2004-01-10,22.0,0.0,0.0
2004-01-14,3.4,0.9,0.0
2004-01-15,5.8,3.4,1.9
2004-01-16,1.5,16.6,12.7
2004-01-18,19.9,15.8,12.0
2004-01-19,0.3,60.9,56.1
2004-01-20,11.9,10.3,7.6
2004-01-21,2.5,2.7,0.0
2004-01-22,2.0,8.1,5.1
2004-01-23,47.4,4.8,2.1
2004-01-24,10.4,72.6,64.5
2004-01-25,27.5,87.9,73.7
2004-01-26,30.5,4.8,2.1
2004-01-27,11.0,0.5,0.0
2004-01-29,6.1,12.3,8.9
2004-01-30,3.2,1.1,0.0
2004-01-31,3.3,6.1,3.3
2004-02-02,0.3,28.1,34.5
2004-02-03,29.0,31.6,39.2
2004-02-04,54.0,51.6,61.3
2004-02-05,25.2,3.3,1.3
2004-02-07,60.5,23.2,22.1
2004-02-08,2.9,3.8,1.9
2004-02-09,10.4,6.2,4.5
2004-02-10,9.5,2.5,1.0
2004-02-11,6.6,13.0,12.3
2004-02-12,11.8,4.4,3.5
2004-02-13,27.0,3.2,2.2
2004-02-14,0.1,0.3,0.0
2004-02-15,0.3,1.6,1.0
2004-02-16,21.0,5.2,4.3
2004-02-17,4.8,0.1,0.0
2004-02-18,2.0,0.0,0.0
2004-02-21,1.8,1.2,0.0
2004-02-23,1.6,11.7,10.2
2004-02-25,164.0,2.5,1.0
2004-02-28,1.5,1.9,1.0
2004-02-29,0.3,69.5,83.9
2004-03-01,8.2,9.2,6.5
2004-03-02,6.0,81.6,69.5
2004-03-03,36.9,9.2,6.4
2004-03-04,55.3,21.4,15.7
2004-03-05,4.0,45.0,44.0
2004-03-06,46.5,18.7,13.6
2004-03-07,1.0,3.1,1.5
2004-03-09,44.3,85.7,71.4
2004-03-10,46.8,21.7,15.9
2004-03-11,6.9,4.5,4.1
2004-03-12,0.5,22.9,22.6
2004-03-13,3.7,24.2,24.5
2004-03-14,22.0,23.7,24.1
2004-03-15,32.8,14.6,14.2
2004-03-16,7.3,6.6,6.2
2004-03-17,33.2,0.1,0.0
2004-03-19,32.1,0.0,0.0
2004-03-20,0.5,5.5,5.1
2004-03-21,1.8,0.5,0.0
2004-03-22,1.0,0.1,0.0
2004-03-27,29.3,0.4,0.0
2004-03-28,1.8,15.5,11.2
2004-03-29,14.8,4.1,2.3
2004-03-30,3.0,0.0,0.0
2004-04-01,10.6,6.5,4.6
2004-04-02,12.7,0.2,0.0
2004-04-06,7.1,0.0,0.0
2004-04-08,12.0,12.8,8.7
2004-04-10,1.4,4.3,3.2
2004-04-11,65.0,5.0,3.9
2004-04-12,38.0,8.7,6.8
2004-04-13,5.6,0.0,0.0
2004-04-14,1.1,47.9,40.0
2004-04-17,1.8,0.9,0.0
2004-04-20,27.1,1.6,1.1
2004-04-24,2.0,50.8,39.0
2004-04-26,2.0,1.1,0.0
2004-04-28,3.6,2.2,1.0
2004-04-29,23.1,137.6,82.0
2004-04-30,25.9,21.2,13.8
2004-05-01,9.0,0.0,0.0
2004-05-03,57.3,2.5,0.0
2004-05-04,2.6,14.5,8.7
2004-05-05,18.4,6.5,2.5
2004-05-06,10.1,13.9,8.2
2004-05-07,17.2,35.8,31.9
2004-05-08,27.8,17.3,10.8
2004-05-09,49.9,11.5,6.4
2004-05-10,1.0,0.0,0.0
2004-05-12,1.0,2.5,1.0
2004-05-14,39.2,0.4,0.0
2004-05-16,44.6,9.7,6.6
2004-05-22,27.6,2.0,1.0
2004-05-23,0.8,2.1,1.0
2004-05-24,9.3,1.7,0.0
2004-05-25,0.2,0.0,0.0
2004-05-27,5.0,22.5,17.5
2004-05-28,2.6,0.4,0.0
2004-05-30,6.6,16.4,13.0
2004-05-31,21.7,10.2,7.3
2004-06-01,25.5,3.3,1.4
2004-06-02,11.4,4.7,3.0
2004-06-09,50.2,14.3,17.2
2004-06-10,31.8,5.0,3.4
2004-06-11,0.5,0.1,0.0
2004-06-16,17.7,0.2,0.0
2004-06-24,3.2,0.0,0.0
2004-07-03,3.3,0.2,0.0
2004-07-05,4.9,0.0,0.0
2004-07-07,4.1,1.4,0.0
2004-07-08,4.2,4.0,1.0
2004-07-10,20.0,0.0,0.0
2004-07-13,8.4,8.3,3.9
2004-07-14,7.5,42.3,38.2
2004-07-15,39.0,0.1,0.0
2004-07-16,0.5,3.6,1.0
2004-07-18,11.7,5.4,1.9
2004-07-19,28.2,13.1,7.5
2004-07-20,5.4,0.7,0.0
2004-07-22,2.0,1.4,0.0
2004-07-23,0.3,0.3,0.0
2004-07-24,0.4,28.2,29.1
2004-07-25,15.0,22.1,19.6
2004-07-26,39.0,0.8,0.0
2004-07-28,13.0,27.6,27.9
2004-07-29,4.3,9.9,7.2
2004-07-31,18.3,15.8,14.5
2004-08-01,18.0,2.5,0.0
2004-08-02,0.2,1.6,0.0
2004-09-01,33.0,5.5,1.3
2004-09-04,1.0,0.0,0.0
2004-09-06,3.0,0.0,0.0
2004-09-08,0.8,51.1,60.9
2004-09-09,2.0,0.0,0.0
2004-09-10,0.5,11.1,6.6
2004-09-11,15.0,5.6,1.0
2004-09-12,17.5,0.5,0.0
2004-09-13,0.2,1.0,0.0
2004-09-14,0.4,0.0,0.0
2004-09-16,61.2,2.5,0.0
2004-09-17,3.4,18.4,12.7
2004-09-18,22.2,0.0,0.0
2004-09-20,3.0,1.3,0.0
2004-09-25,1.0,4.1,0.0
2004-09-28,0.3,24.5,21.9
2004-10-22,3.4,2.0,1.0
2004-10-25,0.4,2.9,1.4
2004-10-27,0.2,0.4,0.0
2004-10-28,0.6,0.0,0.0
2004-10-30,12.3,0.5,0.0
2004-11-01,38.2,18.3,12.7
2004-11-05,5.0,5.2,2.7
2004-11-06,22.4,15.3,10.5
2004-11-07,14.0,9.8,6.2
2004-11-08,0.9,81.0,70.3
2004-11-09,28.6,4.5,2.2
2004-11-11,15.3,0.0,0.0
2004-11-13,2.7,1.3,0.0
2004-11-14,16.0,0.9,0.0
2004-11-15,1.3,2.6,0.0
2004-11-18,11.8,11.5,7.8
2004-11-19,31.2,6.5,3.2
2004-11-20,0.5,27.6,23.7
2004-11-21,15.8,45.8,49.2
2004-11-22,9.8,15.5,12.8
2004-11-23,23.2,52.6,58.1
2004-11-24,8.8,73.0,87.0
2004-11-25,40.2,0.7,0.0
2004-11-27,39.8,0.2,0.0
2004-11-28,0.1,46.0,49.3
2004-11-29,1.0,25.1,22.4
2004-11-30,6.4,32.4,30.6
2004-12-01,9.6,55.5,52.9
2004-12-02,21.5,0.5,0.0
2004-12-05,34.8,2.1,1.0
2004-12-08,0.4,7.0,4.0
2004-12-09,0.3,11.6,7.8
2004-12-10,117.4,8.3,5.1
2004-12-11,12.0,138.4,85.3
2004-12-12,40.0,6.1,5.6
2004-12-13,6.0,4.2,3.8
2004-12-14,4.8,5.0,4.5
2004-12-15,36.2,2.5,2.2
2004-12-16,24.9,10.4,9.5
2004-12-17,4.8,11.9,10.8
2004-12-18,103.1,5.1,4.7
2004-12-19,8.3,0.1,0.0
2004-12-21,7.3,12.4,9.1
2004-12-22,1.1,23.6,17.6
2004-12-23,18.0,10.2,7.5
2004-12-25,8.0,6.7,4.8
2004-12-26,51.4,38.8,29.5
2004-12-27,1.8,35.0,26.2
2004-12-28,2.1,24.7,18.3
2004-12-29,21.6,68.3,56.2
2004-12-30,35.2,12.4,9.1
2004-12-31,5.0,16.3,12.1
2005-01-01,3.5,8.6,6.6
2005-01-02,23.2,0.7,0.0
2005-01-03,0.6,1.6,1.0
2005-01-05,86.4,34.4,23.5
2005-01-06,1.3,35.5,24.4
2005-01-07,13.1,8.9,6.9
2005-01-08,54.1,40.5,27.4
2005-01-09,6.1,4.2,3.1
2005-01-10,9.9,2.5,1.8
2005-01-11,1.4,28.4,24.6
2005-01-12,7.4,5.0,3.2
2005-01-13,1.0,0.8,0.0
2005-01-14,5.4,33.1,29.0
2005-01-15,14.0,6.5,4.4
2005-01-16,19.2,14.3,10.8
2005-01-17,5.3,17.5,13.4
2005-01-18,2.6,9.4,6.9
2005-01-20,0.7,1.1,0.0
2005-01-26,29.0,1.2,0.0
2005-01-28,51.6,24.8,19.6
2005-01-29,46.2,0.6,0.0
2005-01-31,17.2,72.5,64.1
2005-02-01,12.6,5.9,4.2
2005-02-03,10.4,18.1,16.9
2005-02-04,29.9,0.0,0.0
2005-02-06,49.2,4.9,3.1
2005-02-07,5.0,1.3,0.0
2005-02-10,14.0,7.6,5.9
2005-02-11,50.0,22.6,23.7
2005-02-12,5.4,14.4,13.6
2005-02-13,52.0,4.8,3.9
2005-02-15,15.4,0.0,0.0
2005-02-18,39.9,11.8,11.1
2005-02-21,4.9,2.7,1.0
2005-02-22,76.4,7.0,5.3
2005-02-23,6.8,1.5,0.0
2005-02-24,4.5,24.5,23.5
2005-02-27,1.5,58.6,72.2
2005-02-28,22.6,11.4,9.9
2005-03-03,0.2,74.2,65.4
2005-03-04,0.2,13.3,9.6
2005-03-05,1.6,29.4,27.9
2005-03-06,7.3,5.6,3.6
2005-03-07,19.6,0.0,0.0
2005-03-09,18.3,7.0,4.7
2005-03-10,1.4,2.7,1.2
2005-03-12,15.3,14.3,13.9
2005-03-13,10.0,26.4,26.5
2005-03-14,15.0,0.0,0.0
2005-03-19,24.0,5.6,5.3
2005-03-21,42.3,6.7,4.4
2005-03-22,4.8,30.6,24.9
2005-03-23,44.3,53.2,44.3
2005-03-24,6.3,5.4,3.4
2005-03-27,31.5,38.1,31.4
2005-03-28,22.7,21.2,15.4
2005-03-29,15.6,1.4,0.0
2005-03-30,30.9,43.7,36.0
2005-03-31,8.3,11.3,7.9
2005-04-01,0.4,39.2,27.3
2005-04-02,11.2,20.8,13.9
2005-04-03,55.3,8.3,5.8
2005-04-04,6.8,30.4,21.5
2005-04-05,121.9,45.1,32.2
2005-04-06,46.5,15.7,10.6
2005-04-07,30.8,27.5,18.4
2005-04-08,12.3,16.0,10.7
2005-04-09,30.0,4.0,3.0
2005-04-11,20.0,8.6,6.7
2005-04-12,2.6,10.3,8.1
2005-04-13,0.2,1.4,1.0
2005-04-14,5.0,2.8,2.1
2005-04-15,11.0,1.1,0.0
2005-04-16,22.0,5.7,4.5
2005-04-17,12.0,3.8,2.9
2005-04-18,0.2,25.4,19.1
2005-04-19,4.4,0.3,0.0
2005-04-20,0.6,0.7,0.0
2005-04-23,2.5,55.7,44.0
2005-04-24,50.7,8.1,5.1
2005-04-27,0.2,15.9,10.3
2005-04-29,0.2,1.2,0.0
2005-05-01,0.2,0.0,0.0
2005-05-06,3.8,2.2,0.0
2005-05-07,1.2,44.6,41.5
2005-05-08,3.2,24.5,16.8
2005-05-09,16.4,102.9,86.0
2005-05-10,97.4,29.4,20.1
2005-05-11,0.8,3.6,1.1
2005-05-12,1.3,19.1,14.9
2005-05-13,17.3,8.2,5.3
2005-05-16,1.8,0.8,0.0
2005-05-17,11.3,2.1,0.0
2005-05-19,0.2,9.1,6.1
2005-05-20,59.9,7.0,4.1
2005-05-23,1.6,0.0,0.0
2005-05-26,2.5,4.3,2.2
2005-05-27,25.5,2.7,1.0
2005-05-30,29.4,3.9,1.8
2005-06-02,5.2,7.0,6.1
2005-06-04,27.4,17.6,20.2
2005-06-05,2.0,0.0,0.0
2005-06-07,0.2,0.0,0.0
2005-06-13,23.2,0.0,0.0
2005-06-15,9.4,7.7,5.7
2005-06-16,16.0,0.3,0.0
2005-06-19,9.9,0.6,0.0
2005-06-21,24.5,29.0,22.2
2005-06-22,9.4,0.6,0.0
2005-06-23,13.7,3.7,1.0
2005-06-24,14.1,0.0,0.0
2005-06-28,0.1,0.2,0.0
2005-06-30,41.0,5.4,1.9
2005-07-01,0.5,0.5,0.0
2005-07-02,7.2,4.8,1.0
2005-07-04,2.4,25.6,17.9
2005-07-05,0.8,0.0,0.0
2005-07-08,4.3,1.1,0.0
2005-07-13,2.5,0.0,0.0
2005-07-18,5.8,16.7,9.4
2005-07-20,0.8,4.8,1.5
2005-07-22,1.3,11.3,8.5
2005-07-23,1.6,5.6,2.5
2005-07-24,5.2,10.3,7.6
2005-08-01,18.8,2.3,0.0
2005-08-04,2.8,0.0,0.0
2005-08-06,1.2,0.0,0.0
2005-08-13,3.8,0.5,0.0
2005-08-16,13.7,7.5,3.4
2005-08-18,7.1,22.8,19.2
2005-08-21,0.4,1.7,0.0
2005-08-22,6.3,3.8,0.0
2005-08-24,7.9,1.7,0.0
2005-08-25,23.7,7.2,2.9
2005-08-26,39.9,2.9,0.0
2005-08-28,0.3,2.3,0.0
2005-08-29,0.1,17.1,11.6
2005-08-30,15.7,1.6,0.0
2005-09-02,9.2,0.9,0.0
2005-09-08,18.8,0.0,0.0
2005-09-15,58.6,0.8,0.0
2005-09-16,20.1,7.5,2.0
2005-09-26,7.0,0.2,0.0
2005-09-29,22.6,0.0,0.0
2005-10-04,2.1,13.8,9.5
2005-10-05,0.6,1.9,0.0
2005-10-07,1.1,0.0,0.0
2005-10-10,1.6,11.7,7.6
2005-10-11,10.2,0.2,0.0
2005-10-12,3.2,79.4,52.9
2005-10-13,18.0,14.8,10.3
2005-10-14,26.3,18.4,13.0
2005-10-15,5.4,26.6,17.8
2005-10-17,44.5,20.8,14.0
2005-10-18,2.1,38.0,22.8
2005-10-19,7.6,15.2,10.6
2005-10-20,80.3,4.3,3.1
2005-10-21,7.6,1.5,1.0
2005-10-22,0.2,24.2,19.5
2005-10-23,24.6,4.3,2.6
2005-10-25,7.8,0.0,0.0
2005-10-28,18.2,32.2,29.9
2005-10-30,28.3,11.8,9.1
2005-10-31,0.8,96.2,79.1
2005-11-01,61.6,19.8,13.9
2005-11-02,9.2,7.2,4.3
2005-11-03,16.0,25.4,17.8
2005-11-04,39.7,17.0,11.7
2005-11-05,10.0,8.7,5.4
2005-11-06,19.6,2.2,1.0
2005-11-08,17.8,7.3,4.3
2005-11-10,17.0,7.0,4.1
2005-11-12,18.5,61.5,69.4
2005-11-13,9.4,2.7,0.0
2005-11-14,0.2,39.0,37.4
2005-11-15,5.3,0.0,0.0
2005-11-18,1.7,34.5,32.2
2005-11-19,26.2,72.5,86.5
2005-11-20,84.8,14.8,10.9
2005-11-21,1.8,52.9,58.0
2005-11-22,1.4,4.5,2.3
2005-11-23,12.0,9.6,7.1
2005-11-26,20.4,4.5,2.3
2005-11-28,4.7,0.7,0.0
2005-11-29,1.5,0.2,0.0
2005-12-01,72.7,10.0,6.6
2005-12-03,1.0,33.1,26.8
2005-12-04,31.2,9.6,6.2
2005-12-05,17.2,5.0,2.4
2005-12-06,21.4,12.8,8.9
2005-12-07,14.3,18.3,13.5
2005-12-08,53.4,7.4,4.4
2005-12-10,8.4,0.4,0.0
2005-12-11,19.4,42.6,43.9
2005-12-12,10.0,27.3,25.9
2005-12-13,0.5,5.2,4.8
2005-12-14,3.0,22.4,20.2
2005-12-15,72.0,9.6,8.8
2005-12-16,3.0,8.0,7.3
2005-12-18,1.0,7.5,6.9
2005-12-19,6.4,4.9,4.4
2005-12-21,10.0,3.7,2.4
2005-12-22,3.6,3.1,1.9
2005-12-23,5.3,0.0,0.0
2005-12-25,67.4,1.3,0.0
2005-12-26,0.5,0.9,0.0
2005-12-28,20.4,0.6,0.0
2005-12-29,1.3,7.5,5.4
2005-12-30,3.7,24.3,18.1
2005-12-31,6.7,0.6,0.0
2006-01-01,0.4,8.7,6.7
2006-01-02,8.5,0.3,0.0
2006-01-04,37.5,2.4,1.7
2006-01-05,0.5,16.8,12.8
2006-01-06,0.6,0.0,0.0
2006-01-08,61.3,3.0,2.2
2006-01-09,12.2,0.3,0.0
2006-01-10,0.7,1.2,0.0
2006-01-12,4.8,96.0,93.6
2006-01-13,56.6,1.1,0.0
2006-01-14,10.5,18.7,14.4
2006-01-15,24.0,7.6,5.3
2006-01-16,1.6,19.1,15.4
2006-01-17,16.8,10.2,7.5
2006-01-18,3.6,6.4,4.4
2006-01-19,0.2,0.1,0.0
2006-01-24,31.7,8.8,5.8
2006-01-25,0.2,31.8,29.2
2006-01-26,16.9,0.1,0.0
2006-01-31,25.0,5.5,2.8
2006-02-01,4.5,0.9,0.0
2006-02-02,0.7,4.3,2.5
2006-02-05,4.4,2.5,1.0
2006-02-07,11.6,4.2,2.3
2006-02-08,0.2,0.7,0.0
2006-02-09,8.0,37.8,47.9
2006-02-11,16.3,29.6,34.6
2006-02-12,13.0,17.8,16.6
2006-02-13,13.6,0.0,0.0
2006-02-15,67.7,17.3,17.0
2006-02-16,4.5,18.9,18.6
2006-02-17,29.3,0.7,0.0
2006-02-18,16.6,13.4,12.7
2006-02-19,0.2,7.6,6.9
2006-02-20,5.0,93.1,78.0
2006-02-21,19.7,8.4,6.8
2006-02-22,1.2,14.4,13.1
2006-02-23,31.6,83.4,99.2
2006-02-24,13.2,9.4,7.8
2006-02-27,35.0,25.9,28.8
2006-02-28,0.3,50.6,61.1
2006-03-01,0.3,10.5,7.5
2006-03-02,8.4,4.1,2.4
2006-03-05,17.6,5.7,3.7
2006-03-06,6.7,1.8,1.0
2006-03-09,4.3,12.8,9.2
2006-03-12,18.0,5.7,5.3
2006-03-14,52.0,5.5,5.2
2006-03-15,29.3,0.2,0.0
2006-03-18,1.8,26.0,26.4
2006-03-19,27.0,7.1,6.6
2006-03-20,0.3,51.5,58.0
2006-03-21,38.4,14.5,10.4
2006-03-22,2.0,99.4,85.0
2006-03-23,2.0,27.0,20.3
2006-03-24,22.0,9.3,6.4
2006-03-25,7.2,5.8,3.7
2006-03-26,1.4,0.4,0.0
2006-03-27,5.8,69.9,57.7
2006-03-28,7.3,12.8,9.1
2006-03-29,2.7,3.9,2.1
2006-03-30,16.2,7.4,4.9
2006-03-31,6.0,12.0,8.5
2006-04-01,7.4,59.7,42.7
2006-04-02,5.2,1.3,0.0
2006-04-03,6.6,1.4,0.0
2006-04-05,4.4,1.5,0.0
2006-04-06,4.7,0.0,0.0
2006-04-07,15.4,9.7,6.7
2006-04-08,55.8,5.4,3.9
2006-04-09,28.7,0.4,0.0
2006-04-11,113.0,21.3,16.1
2006-04-12,61.6,15.0,11.5
2006-04-13,13.3,8.2,6.4
2006-04-14,6.4,19.7,15.0
2006-04-15,20.0,0.2,0.0
2006-04-17,18.9,48.0,41.2
2006-04-18,39.8,1.2,0.0
2006-04-21,1.4,28.1,18.3
2006-04-22,1.2,9.9,6.3
2006-04-23,43.4,0.2,0.0
2006-04-24,0.2,12.2,7.8
2006-04-25,11.0,18.9,12.3
2006-04-26,41.6,3.9,2.2
2006-04-27,0.7,27.9,18.1
2006-04-28,86.8,6.5,4.0
2006-05-01,10.4,4.5,1.0
2006-05-02,4.3,12.8,7.3
2006-05-03,8.5,12.2,6.9
2006-05-04,1.4,0.8,0.0
2006-05-07,42.5,17.9,11.2
2006-05-08,34.5,1.3,0.0
2006-05-10,41.0,20.6,13.3
2006-05-13,5.0,1.1,0.0
2006-05-15,65.4,0.6,0.0
2006-05-17,8.2,8.6,5.6
2006-05-18,46.3,5.8,3.0
2006-05-20,2.4,0.0,0.0
2006-05-21,0.5,4.0,1.9
2006-05-22,32.4,4.9,2.7
2006-05-23,6.1,3.4,1.5
2006-05-24,22.4,32.8,27.8
2006-05-25,27.2,0.0,0.0
2006-05-27,2.0,23.9,18.9
2006-05-29,33.2,8.2,5.5
2006-05-30,5.0,0.4,0.0
2006-05-31,0.0,33.3,29.2
2006-06-01,68.3,0.0,0.0
2006-06-03,0.4,5.3,3.8
2006-06-05,1.0,30.0,40.7
2006-06-06,14.6,1.4,0.0
2006-06-08,1.4,0.6,0.0
2006-06-09,3.0,0.0,0.0
2006-06-10,2.3,47.9,88.4
2006-06-11,13.0,0.0,0.0
2006-06-13,8.4,3.3,1.9
2006-06-16,0.3,0.0,0.0
2006-06-18,0.3,0.4,0.0
2006-06-19,0.2,20.8,17.4
2006-06-21,26.5,0.0,0.0
2006-06-23,0.2,29.7,22.3
2006-06-24,47.8,1.1,0.0
2006-06-26,38.0,28.5,21.1
2006-06-27,26.2,1.8,0.0
2006-07-03,1.8,0.0,0.0
2006-07-19,23.8,0.0,0.0
2006-07-27,0.2,1.6,0.0
2006-07-28,0.9,2.8,0.0
2006-07-29,0.9,0.0,0.0
2006-08-03,0.3,0.0,0.0
2006-08-05,0.6,0.1,0.0
2006-08-07,1.0,1.0,0.0
2006-08-21,40.4,1.1,0.0
2006-08-22,2.4,0.0,0.0
2006-08-23,0.3,2.3,0.0
2006-08-25,0.1,0.0,0.0
2006-08-28,65.0,22.3,16.1
2006-08-29,14.3,0.0,0.0
2006-08-30,1.7,0.1,0.0
2006-09-10,31.1,1.3,0.0
2006-09-15,7.5,11.5,6.3
2006-09-16,71.0,12.3,6.4
2006-09-22,0.6,0.0,0.0
2006-10-11,3.2,0.0,0.0
2006-10-18,7.3,0.7,0.0
2006-10-21,8.4,4.4,2.8
2006-10-22,2.4,12.2,9.5
2006-10-23,12.2,6.8,4.8
2006-10-24,8.2,3.1,1.6
2006-10-25,8.7,0.0,0.0
2006-10-27,33.3,6.2,4.3
2006-10-29,3.0,0.0,0.0
2006-11-06,2.4,4.5,2.2
2006-11-07,49.3,2.9,1.0
2006-11-10,5.5,0.0,0.0
2006-11-11,4.0,0.0,0.0
2006-11-16,0.6,0.5,0.0
2006-11-17,1.6,2.8,0.0
2006-11-20,5.5,2.6,0.0
2006-11-21,0.9,4.2,2.0
2006-11-22,1.2,2.2,1.0
2006-11-23,16.6,1.2,0.0
2006-11-24,14.1,2.9,1.0
2006-11-25,0.4,0.0,0.0
2006-11-27,81.1,19.6,16.8
2006-11-28,38.8,6.0,3.7
2006-12-01,0.3,0.4,0.0
2006-12-02,0.6,33.0,25.9
2006-12-04,89.8,36.9,31.2
2006-12-05,3.5,31.0,25.2
2006-12-06,17.6,43.9,39.4
2006-12-07,4.2,12.7,8.8
2006-12-08,0.8,1.8,0.0
2006-12-10,46.0,2.5,1.0
2006-12-12,0.4,33.3,33.2
2006-12-13,9.6,8.3,7.6
2006-12-14,1.7,0.1,0.0
2006-12-17,31.8,6.3,5.8
2006-12-19,2.3,10.5,9.6
2006-12-20,54.2,2.5,2.1
2006-12-21,0.2,16.4,12.2
2006-12-22,23.8,9.1,6.6
2006-12-23,30.7,54.7,43.8
2006-12-24,24.4,32.0,24.4
2006-12-25,8.1,11.7,8.6
2006-12-28,11.5,7.6,5.4
2006-12-29,9.3,81.7,66.9
2006-12-30,13.7,6.5,4.6
2007-01-01,34.7,0.7,0.0
2007-01-03,11.5,2.9,2.1
2007-01-04,9.5,33.1,24.6
2007-01-05,24.8,2.9,2.1
2007-01-07,22.5,5.3,4.0
2007-01-10,0.3,9.9,7.6
2007-01-11,9.8,42.4,37.9
2007-01-12,64.0,3.2,1.6
2007-01-13,1.5,2.4,1.0
2007-01-16,0.7,1.7,1.0
2007-01-17,37.6,29.9,27.6
2007-01-18,40.5,13.3,10.0
2007-01-19,1.0,28.5,24.9
2007-01-23,30.7,0.4,0.0
2007-01-24,8.9,55.8,51.5
2007-01-25,15.5,11.8,8.4
2007-01-27,10.5,43.0,39.9
2007-01-28,7.9,26.2,23.6
2007-01-29,21.0,11.0,7.7
2007-01-30,0.1,8.1,5.1
2007-01-31,9.6,9.4,6.3
2007-02-02,26.4,0.0,0.0
2007-02-04,10.5,53.2,62.4
2007-02-05,19.5,4.9,3.0
2007-02-06,2.8,2.3,1.0
2007-02-07,0.4,21.3,20.2
2007-02-08,80.7,8.8,7.2
2007-02-10,0.5,1.1,0.0
2007-02-11,0.7,9.2,8.5
2007-02-13,0.4,10.4,9.7
2007-02-14,16.5,1.5,0.0
2007-02-15,5.3,0.2,0.0
2007-02-17,38.4,1.2,0.0
2007-02-18,0.3,2.6,1.5
2007-02-20,32.2,2.0,1.0
2007-02-21,0.6,2.8,1.0
2007-02-22,5.3,7.8,6.1
2007-02-24,78.0,6.2,4.5
2007-02-25,1.5,22.1,22.3
2007-02-26,40.5,1.1,0.0
2007-02-27,1.0,16.0,14.8
2007-02-28,58.5,0.2,0.0
2007-03-01,2.3,6.2,4.1
2007-03-02,13.4,7.2,4.9
2007-03-03,0.1,3.4,1.8
2007-03-05,3.8,4.3,2.5
2007-03-09,0.6,1.7,1.0
2007-03-12,10.5,0.4,0.0
2007-03-14,90.0,2.7,2.5
2007-03-16,1.3,7.0,6.6
2007-03-17,50.0,23.1,23.0
2007-03-18,25.4,42.0,45.0
2007-03-19,77.5,2.6,2.4
2007-03-21,26.0,18.0,13.0
2007-03-22,14.0,1.1,0.0
2007-03-23,0.4,20.5,14.9
2007-03-24,4.6,5.9,3.7
2007-03-26,0.3,22.0,16.1
2007-03-27,9.0,10.5,7.3
2007-03-28,1.7,6.5,4.2
2007-04-01,11.8,16.5,11.1
2007-04-02,4.3,0.2,0.0
2007-04-04,5.0,20.9,14.0
2007-04-05,41.6,1.4,0.0
2007-04-09,1.9,15.6,10.5
2007-04-10,3.3,2.7,2.2
2007-04-11,2.8,19.0,14.5
2007-04-12,19.0,1.8,1.3
2007-04-14,3.4,0.5,0.0
2007-04-15,1.6,10.7,8.3
2007-04-16,1.0,6.2,4.9
2007-04-17,13.9,8.1,6.3
2007-04-18,1.2,0.7,0.0
2007-04-19,0.1,3.8,3.0
2007-04-20,3.3,17.2,13.1
2007-04-21,6.2,9.0,5.7
2007-04-23,4.5,20.3,13.2
2007-04-26,50.0,1.0,0.0
2007-04-28,5.7,6.3,3.8
2007-04-29,1.8,8.5,5.4
2007-04-30,52.5,47.8,35.7
2007-05-01,10.7,18.2,11.5
2007-05-02,12.2,59.4,56.0
2007-05-03,22.6,3.4,1.0
2007-05-04,6.0,0.0,0.0
2007-05-06,20.6,7.7,3.4
2007-05-07,0.6,0.1,0.0
2007-05-09,40.4,10.2,5.4
2007-05-10,1.8,26.4,17.8
2007-05-11,40.2,10.3,7.1
2007-05-12,14.6,23.8,18.7
2007-05-14,9.0,69.7,70.7
2007-05-15,83.0,4.2,1.6
2007-05-17,13.2,0.7,0.0
2007-05-19,10.1,40.1,39.7
2007-05-20,27.4,1.6,0.0
2007-05-21,13.5,0.0,0.0
2007-05-26,19.0,3.8,1.8
2007-05-27,9.5,1.2,0.0
2007-05-30,16.2,0.0,0.0
2007-06-02,1.2,16.3,18.8
2007-06-04,11.4,0.0,0.0
2007-06-06,7.0,0.7,0.0
2007-06-10,0.2,0.0,0.0
2007-06-14,12.5,6.3,4.6
2007-06-15,0.7,1.8,1.0
2007-06-17,86.1,5.8,4.1
2007-06-19,10.5,0.0,0.0
2007-06-20,6.4,11.6,9.4
2007-06-21,10.0,1.2,0.0
2007-06-25,7.2,3.5,1.0
2007-06-27,10.0,2.2,0.0
2007-06-28,8.7,18.4,10.0
2007-06-29,11.6,2.3,0.0
2007-06-30,0.5,0.0,0.0
2007-07-04,1.3,4.0,1.0
2007-07-08,3.6,0.0,0.0
2007-07-15,27.5,3.5,1.0
2007-07-19,7.5,0.8,0.0
2007-07-21,0.4,6.8,3.8
2007-07-22,0.6,5.3,2.2
2007-07-23,0.2,26.9,27.0
2007-07-24,19.3,8.2,5.3
2007-07-25,32.8,8.9,6.2
2007-07-26,77.6,51.3,76.7
2007-07-27,12.7,14.3,12.1
2007-07-28,8.7,4.5,1.3
2007-07-29,6.6,3.7,1.0
2007-07-31,6.6,0.3,0.0
2007-08-08,6.2,2.6,0.0
2007-08-13,2.3,6.2,2.4
2007-08-14,30.9,11.6,6.9
2007-08-15,28.5,1.2,0.0
2007-08-17,1.0,1.1,0.0
2007-08-18,8.8,0.9,0.0
2007-08-19,7.9,1.9,0.0
2007-08-20,1.5,0.1,0.0
2007-08-21,0.1,18.6,13.4
2007-08-22,15.4,0.4,0.0
2007-08-23,0.8,37.6,37.5
2007-08-24,8.4,0.7,0.0
2007-08-25,10.6,15.5,10.2
2007-08-26,2.0,7.3,3.0
2007-08-27,6.5,11.6,6.7
2007-08-28,11.8,0.1,0.0
2007-08-29,0.2,9.8,5.1
2007-08-30,0.8,2.3,0.0
2007-08-31,3.0,0.0,0.0
2007-09-04,0.3,25.2,26.1
2007-09-05,7.6,3.3,0.0
2007-09-06,2.3,3.6,0.0
2007-09-08,65.6,0.7,0.0
2007-09-09,1.5,19.5,15.3
2007-09-10,37.1,0.7,0.0
2007-09-12,1.1,3.0,0.0
2007-09-13,3.1,0.5,0.0
2007-09-15,1.9,0.3,0.0
2007-09-18,4.0,0.0,0.0
2007-09-25,3.7,1.3,0.0
2007-10-05,3.5,16.7,12.2
2007-10-10,15.1,0.6,0.0
2007-10-12,0.3,0.0,0.0
2007-10-17,47.0,8.4,6.1
2007-10-18,2.0,8.3,5.9
2007-10-19,8.3,35.5,20.7
2007-10-22,0.6,37.6,36.0
2007-10-23,19.0,40.7,39.9
2007-10-27,0.1,66.5,63.2
2007-10-28,71.0,3.5,1.9
2007-10-29,28.6,3.6,2.0
2007-10-30,3.5,48.0,47.5
2007-10-31,35.0,18.5,14.8
2007-11-01,11.4,0.4,0.0
2007-11-02,30.6,1.7,1.0
2007-11-03,4.0,22.7,16.1
2007-11-04,9.1,11.8,7.8
2007-11-05,31.8,9.5,6.0
2007-11-10,14.2,12.9,8.6
2007-11-12,8.1,0.5,0.0
2007-11-14,20.2,2.6,0.0
2007-11-15,13.8,1.1,0.0
2007-11-17,2.0,2.0,0.0
2007-11-20,1.3,6.3,3.0
2007-11-21,1.3,29.2,26.0
2007-11-22,3.2,0.1,0.0
2007-11-26,0.7,4.6,2.4
2007-11-27,15.2,7.9,5.5
2007-11-28,34.4,7.2,4.9
2007-11-29,16.4,12.0,9.4
2007-11-30,1.8,1.9,0.0
2007-12-01,0.5,1.0,0.0
2007-12-02,8.7,52.6,51.3
2007-12-03,56.2,6.1,3.3
2007-12-04,5.6,2.8,1.0
2007-12-05,2.0,116.0,103.8
2007-12-06,147.8,47.9,45.0
2007-12-07,51.2,6.1,3.3
2007-12-08,5.7,82.2,78.2
2007-12-10,0.7,30.3,23.9
2007-12-11,0.5,104.5,86.2
2007-12-12,68.7,0.8,0.0
2007-12-13,14.0,23.7,21.5
2007-12-14,1.0,2.5,2.2
2007-12-15,12.3,1.4,1.0
2007-12-17,5.2,6.1,5.6
2007-12-18,21.4,5.2,4.8
2007-12-19,0.6,4.8,4.4
2007-12-20,26.1,35.2,35.6
2007-12-21,6.2,37.3,28.6
2007-12-22,40.2,4.5,3.1
2007-12-25,0.4,0.0,0.0
2007-12-27,9.8,1.2,0.0
2008-01-01,1.5,16.4,12.5
2008-01-02,2.0,45.3,31.8
2008-01-03,25.6,31.7,23.6
2008-01-04,9.0,4.3,3.2
2008-01-05,8.6,10.8,8.3
2008-01-06,6.0,8.0,6.1
2008-01-08,10.5,2.1,1.4
2008-01-09,36.5,1.1,0.0
2008-01-10,5.3,0.2,0.0
2008-01-13,2.4,3.4,1.8
2008-01-20,2.5,6.5,4.4
2008-01-21,1.5,14.7,11.0
2008-01-24,9.8,0.5,0.0
2008-01-26,2.1,0.2,0.0
2008-01-28,1.6,0.3,0.0
2008-02-01,2.0,1.2,0.0
2008-02-03,11.4,0.5,0.0
2008-02-04,0.2,2.8,1.0
2008-02-05,20.8,2.8,1.0
2008-02-06,0.8,12.5,11.1
2008-02-07,0.2,37.8,47.7
2008-02-08,27.6,22.6,21.1
2008-02-09,11.7,0.0,0.0
2008-02-10,2.0,2.5,1.0
2008-02-13,0.3,1.1,0.0
2008-02-20,27.7,2.1,1.0
2008-02-22,20.4,0.0,0.0
2008-02-25,12.0,16.3,15.0
2008-02-26,44.4,2.5,1.0
2008-02-27,6.6,2.3,1.0
2008-02-29,11.4,41.3,51.7
2008-03-01,54.4,0.9,0.0
2008-03-02,2.3,8.4,5.8
2008-03-03,69.6,53.1,50.0
2008-03-04,14.8,4.1,2.4
2008-03-05,32.3,10.6,7.5
2008-03-06,1.8,0.0,0.0
2008-03-07,16.4,4.9,3.1
2008-03-08,15.2,4.0,2.3
2008-03-09,26.2,1.4,1.0
2008-03-11,9.7,2.5,2.3
2008-03-12,1.0,0.1,0.0
2008-03-14,5.6,13.3,12.8
2008-03-15,11.6,0.0,0.0
2008-03-17,0.6,0.1,0.0
2008-03-18,0.4,0.1,0.0
2008-03-20,1.4,11.6,11.1
2008-03-21,3.7,7.8,5.2
2008-03-22,24.9,0.3,0.0
2008-03-24,23.4,12.7,9.0
2008-03-25,3.0,0.5,0.0
2008-03-27,57.6,6.3,4.0
2008-03-28,2.2,0.0,0.0
2008-03-30,9.7,9.0,6.1
2008-03-31,1.3,7.9,5.3
2008-04-01,7.6,21.4,14.3
2008-04-02,26.0,7.0,5.0
2008-04-03,2.5,40.7,28.1
2008-04-04,4.5,3.3,2.6
2008-04-07,13.3,0.1,0.0
2008-04-11,10.2,1.3,0.0
2008-04-13,3.5,14.2,10.9
2008-04-14,0.6,2.1,1.5
2008-04-15,36.0,3.6,2.8
2008-04-16,0.3,76.4,64.7
2008-04-18,2.4,29.9,24.2
2008-04-19,58.0,1.4,1.0
2008-04-20,0.5,26.6,20.4
2008-04-21,4.8,4.0,2.2
2008-04-22,17.3,12.1,7.8
2008-04-23,16.6,40.1,26.4
2008-04-24,98.0,6.7,4.1
2008-04-25,2.2,10.9,7.0
2008-04-26,2.1,5.7,3.4
2008-04-30,6.6,6.7,4.1
2008-05-01,0.2,0.6,0.0
2008-05-03,4.8,0.0,0.0
2008-05-05,17.6,18.1,11.4
2008-05-06,6.5,7.3,3.2
2008-05-07,37.0,14.8,8.9
2008-05-08,3.8,0.8,0.0
2008-05-10,0.6,66.3,61.9
2008-05-11,1.6,2.2,0.0
2008-05-26,62.9,14.9,11.1
2008-05-28,4.1,1.7,0.0
2008-05-30,18.5,0.1,0.0
2008-05-31,1.3,36.3,31.3
2008-06-01,1.3,4.3,2.5
2008-06-02,7.9,0.0,0.0
2008-06-03,9.8,1.5,0.0
2008-06-05,3.7,10.5,11.3
2008-06-06,7.9,1.9,0.0
2008-06-07,1.6,9.3,9.1
2008-06-08,26.8,13.0,15.9
2008-06-09,14.9,41.5,69.1
2008-06-10,30.4,3.8,2.0
2008-06-12,3.0,0.0,0.0
2008-06-14,26.0,27.8,27.1
2008-06-15,0.8,4.3,2.8
2008-06-18,0.8,0.2,0.0
2008-06-20,10.5,4.4,2.9
2008-06-21,11.6,0.3,0.0
2008-06-29,19.0,0.0,0.0
2008-07-01,8.8,4.3,1.0
2008-07-02,28.0,3.3,1.0
2008-07-04,11.5,73.1,75.7
2008-07-05,24.1,18.5,10.5
2008-07-10,0.4,27.6,19.3
2008-07-11,1.8,0.9,0.0
2008-07-12,4.1,10.9,5.8
2008-07-13,5.6,4.0,1.0
2008-07-14,1.3,4.6,1.4
2008-07-15,1.8,3.9,1.0
2008-07-16,0.8,0.0,0.0
2008-07-19,1.3,0.1,0.0
2008-07-20,1.8,1.0,0.0
2008-07-22,23.6,0.8,0.0
2008-07-23,10.4,13.1,10.5
2008-07-24,3.3,0.2,0.0
2008-07-26,1.2,2.4,0.0
2008-07-27,4.3,1.1,0.0
2008-07-28,23.9,3.0,0.0
2008-07-30,5.8,1.7,0.0
2008-08-01,38.2,0.0,0.0
2008-08-06,10.6,3.2,0.0
2008-08-08,3.8,17.0,7.9
2008-08-09,20.8,5.7,1.0
2008-08-14,5.1,0.6,0.0
2008-08-16,0.3,3.7,1.0
2008-08-17,10.0,1.8,0.0
2008-08-18,1.2,1.8,0.0
2008-08-19,3.6,0.7,0.0
2008-08-20,10.7,10.4,5.5
2008-08-21,3.9,1.0,0.0
2008-08-24,28.4,8.9,4.4
2008-08-25,38.5,19.5,14.2
2008-08-26,72.4,3.4,0.0
2008-08-27,0.1,2.7,0.0
2008-09-01,17.6,2.9,0.0
2008-09-02,19.2,5.5,1.3
2008-09-05,31.6,39.3,47.8
2008-09-06,4.5,31.7,36.9
2008-09-07,1.3,9.9,5.5
2008-09-08,45.7,0.4,0.0
2008-09-11,3.0,8.1,2.5
2008-09-15,43.3,0.1,0.0
2008-09-21,0.3,13.3,6.6
2008-09-22,6.1,8.0,2.2
2008-09-26,2.2,4.1,0.0
2008-10-01,31.4,5.6,2.1
2008-10-02,0.2,1.2,0.0
2008-10-03,0.3,4.6,1.3
2008-10-08,32.2,2.3,0.0
2008-10-09,0.6,0.0,0.0
2008-10-14,26.5,0.0,0.0
2008-10-17,33.5,1.4,0.0
2008-10-19,0.1,4.8,3.5
2008-10-22,99.0,17.6,14.1
2008-10-23,4.0,13.9,10.9
2008-10-24,10.0,84.9,74.9
2008-10-25,15.3,31.1,28.6
2008-10-26,19.7,1.4,1.0
2008-10-27,1.0,18.2,14.6
2008-10-28,5.5,30.5,27.2
2008-10-29,22.6,3.1,1.5
2008-10-30,0.5,4.8,3.1
2008-11-01,8.6,11.8,7.7
2008-11-02,2.3,3.3,1.3
2008-11-03,17.8,26.1,18.9
2008-11-04,16.4,20.5,14.4
2008-11-05,2.3,0.0,0.0
2008-11-07,10.4,0.2,0.0
2008-11-09,0.3,2.7,1.0
2008-11-10,0.5,0.1,0.0
2008-11-12,167.4,22.1,17.9
2008-11-13,33.8,0.5,0.0
2008-11-14,2.7,36.8,35.3
2008-11-15,2.4,3.3,1.0
2008-11-17,12.5,0.9,0.0
2008-11-18,1.6,9.1,5.6
2008-11-19,6.0,3.3,1.0
2008-11-20,0.2,7.2,3.8
2008-11-21,0.3,2.0,0.0
2008-11-22,0.8,2.3,1.0
2008-11-23,22.1,2.3,1.0
2008-11-25,41.5,18.1,15.3
2008-11-26,2.2,71.6,83.3
2008-11-27,40.7,0.8,0.0
2008-11-29,1.1,2.8,1.0
2008-11-30,4.4,0.2,0.0
2008-12-01,7.7,2.8,1.0
2008-12-02,47.0,7.2,4.2
2008-12-03,2.5,0.9,0.0
2008-12-08,38.2,76.6,73.2
2008-12-12,5.3,1.8,1.4
2008-12-13,16.4,4.5,4.0
2008-12-14,0.5,8.0,7.3
2008-12-15,16.9,54.7,58.8
2008-12-16,32.7,2.8,2.5
2008-12-17,1.4,32.7,32.3
2008-12-18,6.6,55.3,59.0
2008-12-19,51.7,8.0,7.3
2008-12-20,2.4,0.9,0.0
2008-12-21,40.8,1.7,1.0
2008-12-22,2.0,57.4,46.2
2008-12-23,34.0,0.0,0.0
2008-12-25,11.1,14.0,10.3
2008-12-26,13.0,6.9,5.0
2008-12-27,7.6,2.9,1.7
2008-12-29,11.3,3.8,2.4
2008-12-30,9.2,0.5,0.0
2009-01-01,15.9,6.1,4.7
2009-01-02,2.2,27.4,20.6
2009-01-03,12.4,15.0,11.4
2009-01-04,0.7,0.7,0.0
2009-01-06,14.9,0.2,0.0
2009-01-07,65.2,0.3,0.0
2009-01-08,1.0,0.0,0.0
2009-01-09,9.9,0.9,0.0
2009-01-11,30.0,0.4,0.0
2009-01-16,1.0,6.9,4.7
2009-01-17,0.1,7.4,5.2
2009-01-18,2.4,29.6,26.3
2009-01-19,11.4,8.4,6.0
2009-01-20,1.8,3.8,2.2
2009-01-21,32.3,9.1,6.0
2009-01-22,21.1,2.9,1.0
2009-01-23,2.0,2.9,1.0
2009-01-25,18.4,0.6,0.0
2009-01-28,0.8,64.1,57.8
2009-01-29,9.8,23.1,18.4
2009-01-30,27.4,13.2,9.7
2009-01-31,1.7,18.3,14.2
2009-02-01,0.3,2.9,1.0
2009-02-02,0.2,11.7,10.3
2009-02-03,27.4,22.6,21.5
2009-02-04,12.0,6.1,4.4
2009-02-05,7.3,8.8,7.2
2009-02-11,9.9,6.0,5.2
2009-02-12,1.0,3.7,2.7
2009-02-13,20.3,0.6,0.0
2009-02-14,16.4,0.7,0.0
2009-02-17,2.4,0.1,0.0
2009-02-21,1.7,5.0,3.2
2009-02-22,12.8,2.7,1.0
2009-02-23,43.4,6.0,4.2
2009-02-24,34.8,4.2,2.4
2009-02-25,17.5,3.4,1.6
2009-02-26,3.0,3.0,1.2
2009-02-27,31.2,13.2,11.8
2009-02-28,22.0,12.2,10.7
2009-03-01,25.2,13.6,9.8
2009-03-04,10.3,9.4,6.6
2009-03-05,6.3,4.3,2.5
2009-03-07,4.7,3.5,1.9
2009-03-09,2.0,47.5,47.4
2009-03-10,53.4,3.0,1.4
2009-03-12,4.2,1.3,1.2
2009-03-13,0.9,1.8,1.6
2009-03-14,40.9,40.6,42.5
2009-03-15,19.6,4.6,4.3
2009-03-16,5.7,10.7,10.2
2009-03-17,0.4,4.4,4.1
2009-03-18,0.9,6.2,5.8
2009-03-21,18.7,0.0,0.0
2009-03-22,0.2,1.8,1.0
2009-03-24,8.4,10.4,7.2
2009-03-25,8.2,33.0,27.3
2009-03-27,0.2,80.4,67.9
2009-03-28,103.2,29.3,21.9
2009-03-29,0.9,4.6,2.7
2009-03-30,3.0,1.6,1.0
2009-04-01,7.2,0.0,0.0
2009-04-06,26.8,5.8,4.2
2009-04-07,7.3,54.1,38.5
2009-04-08,32.4,29.6,19.8
2009-04-09,22.2,0.9,0.0
2009-04-12,40.0,4.0,3.1
2009-04-13,53.9,3.5,2.7
2009-04-14,1.3,0.4,0.0
2009-04-16,25.4,21.6,16.3
2009-04-17,4.2,4.9,3.8
2009-04-18,0.5,26.9,19.6
2009-04-19,1.0,1.4,1.0
2009-04-21,45.2,55.5,44.4
2009-04-22,35.1,2.7,1.3
2009-04-24,14.0,0.3,0.0
2009-04-26,0.2,26.7,17.4
2009-04-27,49.4,13.9,9.0
2009-04-28,3.9,10.7,6.8
2009-04-29,4.3,1.6,1.0
2009-04-30,3.0,13.0,8.4
2009-05-01,19.4,0.5,0.0
2009-05-07,18.2,33.3,23.5
2009-05-08,12.9,2.9,0.0
2009-05-11,14.4,4.9,2.3
2009-05-13,83.0,0.0,0.0
2009-05-17,7.9,0.5,0.0
2009-05-18,1.5,4.3,1.7
2009-05-19,9.7,1.0,0.0
2009-05-21,29.0,25.9,20.4
2009-05-22,0.7,10.9,7.9
2009-05-23,60.6,4.9,2.8
2009-05-24,6.3,0.0,0.0
2009-05-28,8.0,52.3,46.7
2009-05-30,17.6,0.0,0.0
2009-06-02,14.6,0.0,0.0
2009-06-05,52.9,1.9,0.0
2009-06-06,0.5,8.7,8.3
2009-06-08,12.8,4.2,2.4
2009-06-13,12.5,9.2,7.0
2009-06-14,4.8,15.8,12.3
2009-06-15,7.2,0.0,0.0
2009-06-22,2.7,1.1,0.0
2009-06-23,1.3,109.1,59.1
2009-06-24,20.1,0.6,0.0
2009-06-27,8.0,0.0,0.0
2009-06-30,17.6,0.1,0.0
2009-07-06,4.4,71.0,72.1
2009-07-07,49.6,5.3,1.3
2009-07-19,1.0,14.2,7.7
2009-07-20,3.6,0.0,0.0
2009-07-23,10.0,24.6,22.7
2009-07-25,0.8,3.7,1.0
2009-07-27,3.4,0.0,0.0
2009-08-01,0.0,0.0,0.0
2009-08-12,20.4,10.7,5.4
2009-08-15,5.4,0.0,0.0
2009-08-16,5.4,0.0,0.0
2009-08-18,4.9,0.0,0.0
2009-08-20,11.4,0.0,0.0
2009-08-24,2.0,0.9,0.0
2009-08-26,1.1,6.2,2.0
2009-08-27,0.3,31.8,30.0
2009-09-16,2.1,49.8,61.6
2009-09-19,11.0,0.0,0.0
2009-10-01,0.5,14.0,9.7
2009-10-04,0.2,2.7,0.0
2009-10-05,1.4,0.2,0.0
2009-10-07,74.0,24.8,19.8
2009-10-08,16.6,3.6,1.0
2009-10-10,3.5,13.1,8.9
2009-10-13,44.8,2.4,1.6
2009-10-14,16.0,3.4,2.4
2009-10-15,13.2,0.0,0.0
2009-10-19,0.2,0.0,0.0
2009-10-20,22.8,0.0,0.0
2009-10-22,43.2,34.1,33.0
2009-10-26,82.2,120.6,86.5
2009-10-27,7.8,63.3,60.3
2009-11-02,16.0,7.9,4.8
2009-11-06,4.8,0.6,0.0
2009-11-08,4.0,41.5,36.8
2009-11-09,25.6,0.0,0.0
2009-11-12,12.4,2.6,0.0
2009-11-13,2.0,12.3,8.6
2009-11-14,17.0,12.8,9.0
2009-11-15,11.0,10.3,6.7
2009-11-16,0.2,4.5,1.4
2009-11-17,3.6,67.0,77.8
2009-11-18,57.7,40.8,39.8
2009-11-19,9.6,4.5,1.3
2009-11-20,10.5,25.5,21.1
2009-11-21,20.0,18.8,15.9
2009-11-22,8.7,3.9,1.7
2009-11-23,4.3,9.5,7.0
2009-11-24,4.5,0.0,0.0
2009-11-25,0.3,3.0,1.0
2009-11-26,0.1,8.0,5.6
2009-11-27,18.2,1.0,0.0
2009-11-28,17.8,5.0,2.8
2009-11-29,2.5,0.0,0.0
2009-12-01,135.0,31.9,25.6
2009-12-02,4.4,21.4,16.2
2009-12-04,3.7,16.3,11.8
2009-12-05,23.4,13.3,9.3
2009-12-06,5.4,28.3,22.2
2009-12-07,103.1,5.9,3.2
2009-12-08,0.4,34.3,28.9
2009-12-09,20.3,17.6,13.0
2009-12-10,1.3,0.8,0.0
2009-12-11,1.3,0.0,0.0
2009-12-12,0.4,0.0,0.0
2009-12-13,13.2,4.6,4.2
2009-12-14,4.5,21.6,21.0
2009-12-15,70.4,17.5,15.8
2009-12-16,2.8,4.5,4.1
2009-12-19,12.9,47.6,49.5
2009-12-20,1.8,33.1,32.7
2009-12-21,11.7,5.3,3.6
2009-12-26,122.4,43.0,34.3
2009-12-27,44.7,3.0,1.8
2009-12-28,23.2,16.0,11.9
2009-12-29,6.5,31.5,23.3
2009-12-30,1.0,10.0,7.3
2009-12-31,24.6,7.6,5.5
2010-01-01,5.9,1.3,0.0
2010-01-02,17.1,7.4,5.7
2010-01-03,1.9,40.5,27.7
2010-01-04,4.3,64.3,49.1
2010-01-05,26.0,6.6,5.1
2010-01-06,3.4,13.2,10.1
2010-01-07,3.0,2.6,1.9
2010-01-09,30.2,5.4,4.1
2010-01-10,3.0,12.1,9.3
2010-01-11,36.0,0.9,0.0
2010-01-14,8.4,35.6,32.2
2010-01-15,43.2,2.8,1.3
2010-01-19,53.2,1.4,1.0
2010-01-21,18.8,0.0,0.0
2010-01-22,0.3,25.5,22.8
2010-01-23,4.3,15.3,11.5
2010-01-26,4.0,49.2,45.2
2010-01-27,56.0,9.3,6.2
2010-01-28,29.6,1.3,0.0
2010-01-30,38.9,2.4,0.0
2010-01-31,25.0,11.8,8.5
2010-02-01,1.5,1.1,0.0
2010-02-02,1.7,2.8,1.0
2010-02-04,0.8,0.0,0.0
2010-02-06,4.1,43.5,54.7
2010-02-07,17.0,0.2,0.0
2010-02-14,1.0,0.0,0.0
2010-02-16,0.8,0.2,0.0
2010-02-20,97.3,51.6,60.4
2010-02-21,11.4,1.0,0.0
2010-02-22,22.0,13.4,11.9
2010-02-23,4.6,5.0,3.2
2010-02-26,19.3,0.3,0.0
2010-02-28,2.0,8.1,6.4
2010-03-03,5.6,0.0,0.0
2010-03-05,1.3,2.2,1.0
2010-03-07,2.6,0.0,0.0
2010-03-08,23.0,2.2,1.0
2010-03-10,29.5,10.7,7.6
2010-03-11,3.2,21.1,20.8
2010-03-12,12.6,14.9,14.5
2010-03-13,0.4,4.9,4.6
2010-03-14,6.2,0.0,0.0
2010-03-16,19.8,4.7,4.3
2010-03-17,39.0,1.0,0.0
2010-03-19,7.4,0.9,0.0
2010-03-21,132.4,34.6,28.7
2010-03-22,24.3,6.4,4.1
2010-03-23,46.3,15.8,11.4
2010-03-24,3.4,32.7,27.0
2010-03-25,3.8,2.9,1.3
2010-03-27,1.4,48.6,40.4
2010-03-28,5.4,1.3,0.0
2010-03-29,1.1,25.5,19.3
2010-03-30,16.6,18.8,13.6
2010-03-31,1.9,30.4,25.2
2010-04-03,61.4,9.1,6.3
2010-04-05,23.5,19.5,13.1
2010-04-06,0.2,2.5,2.1
2010-04-08,0.3,79.1,58.3
2010-04-09,30.6,3.5,2.7
2010-04-10,0.7,31.2,20.6
2010-04-11,8.4,20.2,15.3
2010-04-12,3.4,0.9,0.0
2010-04-14,58.4,43.4,36.6
2010-04-15,15.0,0.0,0.0
2010-04-17,43.7,17.9,13.6
2010-04-18,0.7,61.8,53.2
2010-04-19,26.6,16.0,12.3
2010-04-20,8.8,9.7,7.6
2010-04-21,25.7,47.6,35.5
2010-04-22,1.3,9.4,6.0
2010-04-23,1.0,34.5,22.9
2010-04-24,45.6,7.2,4.5
2010-04-25,1.0,5.9,3.5
2010-04-26,76.7,2.4,1.1
2010-04-27,27.4,4.5,2.6
2010-04-28,11.0,9.0,5.7
2010-04-30,2.0,1.2,0.0
2010-05-03,4.0,1.0,0.0
2010-05-05,5.6,34.9,30.6
2010-05-06,57.7,0.5,0.0
2010-05-09,52.8,7.5,3.3
2010-05-10,10.3,0.2,0.0
2010-05-12,4.8,127.4,117.9
2010-05-13,92.0,19.2,15.0
2010-05-14,2.1,21.2,16.8
2010-05-15,5.8,19.3,15.1
2010-05-16,3.9,1.4,0.0
2010-05-18,6.6,0.5,0.0
2010-05-21,11.4,0.2,0.0
2010-05-22,0.7,0.1,0.0
2010-05-24,5.5,23.9,19.4
2010-05-25,70.4,0.0,0.0
2010-05-28,36.0,0.0,0.0
2010-05-30,16.3,2.0,1.0
2010-05-31,5.7,10.6,7.6
2010-06-06,7.2,8.1,7.5
2010-06-08,13.1,6.3,5.1
2010-06-10,2.0,3.0,1.0
2010-06-14,18.5,1.0,0.0
2010-06-16,0.2,2.3,1.0
2010-06-17,14.9,20.1,16.0
2010-06-18,25.2,0.9,0.0
2010-06-20,7.2,2.5,1.2
2010-06-25,0.4,0.0,0.0
2010-06-28,1.0,11.8,6.2
2010-06-30,5.7,1.7,0.0
2010-07-03,1.2,16.3,9.4
2010-07-04,9.0,12.1,6.9
2010-07-05,73.5,17.9,10.3
2010-07-06,16.2,8.0,3.1
2010-07-10,20.4,0.2,0.0
2010-07-15,2.9,11.0,5.6
2010-07-16,5.1,2.4,0.0
2010-07-20,15.0,7.7,3.5
2010-07-21,0.9,10.3,7.5
2010-07-22,0.6,105.3,101.7
2010-07-23,152.6,33.0,37.6
2010-07-24,32.8,10.4,8.3
2010-07-25,7.3,0.4,0.0
2010-07-27,15.2,0.1,0.0
2010-07-29,0.6,5.8,2.7
2010-07-30,15.4,2.7,0.0
2010-08-01,19.3,35.3,22.1
2010-08-02,6.7,35.4,22.2
2010-08-03,38.6,9.3,3.2
2010-08-04,14.0,2.7,0.0
2010-08-06,1.8,1.1,0.0
2010-08-11,15.7,0.6,0.0
2010-08-15,3.2,19.9,12.9
2010-08-16,14.4,6.9,2.9
2010-08-17,67.7,1.3,0.0
2010-08-18,1.0,9.3,4.6
2010-08-22,1.3,3.3,0.0
2010-08-24,20.5,19.9,14.1
2010-08-25,2.7,4.5,1.0
2010-08-27,81.7,0.1,0.0
2010-08-28,1.0,0.2,0.0
2010-08-29,1.1,6.9,2.7
2010-08-31,0.7,6.5,2.3
2010-09-04,17.5,1.6,0.0
2010-09-05,0.3,6.7,2.5
2010-09-06,4.3,0.7,0.0
2010-09-07,2.7,1.5,0.0
2010-09-09,0.3,9.9,5.5
2010-09-10,25.1,3.8,0.0
2010-09-12,1.3,13.8,8.4
2010-09-13,38.0,28.2,36.9
2010-09-14,33.8,8.4,2.8
2010-09-15,2.5,0.0,0.0
2010-09-16,4.0,58.9,67.5
2010-09-17,75.4,2.8,0.0
2010-09-19,14.1,0.0,0.0
2010-09-25,0.4,1.2,0.0
2010-09-27,8.2,17.8,11.4
2010-09-28,35.8,86.7,74.4
2010-09-29,37.9,1.2,0.0
2010-09-30,0.5,3.9,0.0
2010-10-01,0.3,15.9,11.4
2010-10-02,6.9,0.9,0.0
2010-10-05,7.9,0.4,0.0
2010-10-07,66.3,48.4,58.5
2010-10-08,92.6,2.3,0.0
2010-10-09,13.8,15.0,11.0
2010-10-10,2.6,0.7,0.0
2010-10-11,5.8,1.2,0.0
2010-10-13,2.4,0.3,0.0
2010-10-14,0.6,10.4,7.4
2010-10-18,7.5,72.3,47.4
2010-10-19,44.9,4.2,3.0
2010-10-20,9.2,12.6,8.9
2010-10-22,0.3,3.7,2.1
2010-10-24,0.7,120.5,86.5
2010-10-25,20.7,1.5,1.0
2010-10-29,48.0,8.7,6.5
2010-10-30,26.0,13.5,10.6
2010-10-31,9.3,14.1,11.1
2010-11-01,2.8,1.0,0.0
2010-11-03,41.0,14.1,9.5
2010-11-04,8.0,63.2,55.2
2010-11-05,11.4,7.6,4.5
2010-11-06,6.7,8.7,5.4
2010-11-07,6.4,11.0,7.2
2010-11-08,53.2,19.8,13.9
2010-11-09,97.0,35.7,30.2
2010-11-10,17.6,8.9,5.5
2010-11-11,11.6,2.5,0.0
2010-11-13,1.1,18.1,14.0
2010-11-14,19.7,19.8,15.7
2010-11-15,7.1,0.1,0.0
2010-11-17,0.4,20.6,16.5
2010-11-18,6.0,15.8,11.9
2010-11-19,55.6,1.0,0.0
2010-11-21,1.2,6.9,4.5
2010-11-22,11.3,1.4,0.0
2010-11-23,3.3,0.1,0.0
2010-11-26,0.5,7.4,5.1
2010-11-27,92.0,0.0,0.0
2010-12-01,3.1,2.5,1.0
2010-12-02,44.6,13.3,9.3
2010-12-03,18.2,15.5,11.2
2010-12-04,26.0,0.5,0.0
2010-12-05,38.0,18.6,13.8
2010-12-06,91.8,0.4,0.0
2010-12-07,1.0,2.0,1.0
2010-12-08,0.3,8.5,5.3
2010-12-09,1.5,1.9,1.0
2010-12-10,6.0,13.9,9.8
2010-12-11,2.0,1.9,1.5
2010-12-12,2.6,1.3,1.0
2010-12-13,6.3,2.8,2.5
2010-12-14,31.4,20.2,18.2
2010-12-15,5.3,5.0,4.6
2010-12-16,5.2,21.1,19.9
2010-12-17,3.2,7.5,6.9
2010-12-18,8.7,0.0,0.0
2010-12-20,0.7,12.3,11.3
2010-12-21,9.5,4.2,2.8
2010-12-22,5.2,5.4,3.7
2010-12-26,3.9,7.6,5.4
2010-12-29,21.0,18.1,13.4
2010-12-30,0.7,0.4,0.0
2011-01-02,59.6,111.3,111.0
2011-01-04,2.4,39.2,26.4
2011-01-10,13.3,5.0,3.8
2011-01-11,79.6,14.7,11.1
2011-01-13,23.2,41.9,37.4
2011-01-15,8.7,1.2,0.0
2011-01-18,17.3,4.1,2.4
2011-01-19,0.7,6.3,4.3
2011-01-21,9.0,10.5,7.3
2011-01-22,3.9,34.0,31.3
2011-01-23,15.7,89.8,73.6
2011-01-24,0.2,19.0,14.9
2011-01-25,0.6,11.2,7.9
2011-01-28,6.0,0.0,0.0
2011-01-29,2.7,9.3,6.2
2011-01-30,0.2,0.3,0.0
2011-01-31,14.5,46.0,42.8
2011-02-02,28.3,34.7,44.4
2011-02-03,2.1,11.7,10.2
2011-02-04,4.8,5.1,3.3
2011-02-06,24.6,9.9,8.3
2011-02-07,2.9,23.2,22.1
2011-02-11,1.3,22.8,24.8
2011-02-15,3.4,20.4,20.1
2011-02-16,2.2,2.1,1.0
2011-02-19,0.3,3.7,2.7
2011-02-20,20.9,26.2,29.7
2011-02-22,7.0,8.6,7.0
2011-02-23,36.0,9.2,7.5
2011-02-24,0.8,4.6,2.8
2011-02-26,26.3,3.8,1.9
2011-02-28,3.2,2.1,1.0
2011-03-04,27.0,12.3,8.8
2011-03-06,0.6,3.0,1.5
2011-03-08,0.7,5.8,3.7
2011-03-09,1.6,1.9,1.0
2011-03-10,15.0,14.8,10.7
2011-03-13,13.0,36.7,37.6
2011-03-14,19.2,45.1,48.4
2011-03-15,0.3,1.9,1.7
2011-03-16,3.4,1.2,1.2
2011-03-17,10.8,25.0,25.0
2011-03-18,3.1,1.2,1.1
2011-03-19,3.2,0.9,0.0
2011-03-20,19.3,9.2,8.8
2011-03-21,20.3,28.6,21.6
2011-03-23,36.5,9.7,6.7
2011-03-24,2.2,9.3,6.4
2011-03-26,10.2,3.4,1.8
2011-03-29,8.2,0.1,0.0
2011-03-30,2.0,0.6,0.0
2011-03-31,1.3,0.4,0.0
2011-04-02,3.4,1.8,1.7
2011-04-03,16.9,14.4,9.8
2011-04-04,0.6,0.0,0.0
2011-04-05,1.7,1.9,1.7
2011-04-08,3.2,0.4,0.0
2011-04-09,4.7,3.2,2.5
2011-04-10,1.2,11.8,8.0
2011-04-11,13.0,1.4,1.0
2011-04-12,0.3,0.2,0.0
2011-04-13,2.6,6.9,5.5
2011-04-14,46.2,80.0,68.0
2011-04-16,0.6,0.1,0.0
2011-04-17,8.9,218.9,119.0
2011-04-18,1.2,3.3,2.6
2011-04-19,1.8,3.0,2.3
2011-04-20,79.0,77.0,67.6
2011-04-21,3.9,8.4,5.3
2011-04-23,60.0,195.9,82.0
2011-04-25,3.0,14.6,9.5
2011-04-26,22.8,66.1,53.5
2011-04-27,2.4,76.9,60.6
2011-04-29,5.6,5.2,3.0
2011-04-30,91.3,19.3,12.5
2011-05-01,45.4,111.5,91.7
2011-05-02,2.2,3.3,1.0
2011-05-08,0.1,2.5,0.0
2011-05-12,32.3,16.3,12.4
2011-05-13,5.3,3.3,1.0
2011-05-14,15.2,12.0,8.6
2011-05-16,2.6,19.5,15.3
2011-05-20,1.1,19.1,15.0
2011-05-22,7.0,18.8,15.2
2011-05-25,6.5,11.9,8.7
2011-05-26,37.7,22.5,17.6
2011-05-27,0.9,4.3,2.2
2011-05-28,14.6,5.7,3.4
2011-05-30,6.0,18.7,14.9
2011-05-31,45.4,11.7,8.6
2011-06-02,60.1,7.8,7.0
2011-06-04,6.4,0.0,0.0
2011-06-05,5.0,9.4,9.2
2011-06-06,3.0,1.1,0.0
2011-06-07,73.0,4.9,3.3
2011-06-08,13.2,0.0,0.0
2011-06-13,10.2,1.7,1.0
2011-06-16,49.1,6.4,4.7
2011-06-22,1.2,0.0,0.0
2011-06-29,1.8,0.0,0.0
2011-07-03,43.5,55.7,49.7
2011-07-12,0.3,0.0,0.0
2011-07-13,2.2,22.0,19.9
2011-07-15,0.1,5.6,2.1
2011-07-16,5.3,1.6,0.0
2011-07-17,27.4,12.8,7.2
2011-07-21,0.7,23.6,21.4
2011-07-23,0.8,4.5,1.4
2011-08-03,4.7,32.5,19.2
2011-08-14,4.8,3.7,1.0
2011-08-16,4.5,19.3,11.5
2011-08-17,3.8,16.3,9.8
2011-08-21,12.0,26.8,24.0
2011-08-27,0.1,0.0,0.0
2011-08-28,14.1,44.3,44.8
2011-08-30,2.9,78.0,81.7
2011-08-31,0.2,10.5,5.8
2011-09-02,1.2,29.2,33.0
2011-09-03,31.5,60.6,69.5
2011-09-09,47.0,35.8,43.2
2011-09-12,9.6,0.3,0.0
2011-09-13,22.0,13.8,9.7
2011-09-17,4.4,21.9,16.0
2011-09-18,0.6,6.9,1.5
2011-09-19,0.4,0.2,0.0
2011-10-01,20.2,17.2,13.6
2011-10-02,0.1,10.6,6.6
2011-10-03,38.0,27.8,22.7
2011-10-05,49.6,0.0,0.0
2011-10-06,0.8,2.9,0.0
2011-10-08,9.6,33.7,33.5
2011-10-10,46.4,12.1,8.0
2011-10-11,6.0,20.1,14.6
2011-10-13,3.7,0.3,0.0
2011-10-17,5.6,3.5,2.5
2011-10-21,2.6,0.1,0.0
2011-10-22,0.8,0.2,0.0
2011-10-23,27.4,28.4,23.0
2011-10-25,2.4,1.2,0.0
2011-10-31,4.8,9.3,7.0
2011-11-05,40.3,54.2,48.9
2011-11-06,0.3,6.6,3.8
2011-11-09,2.7,6.3,3.6
2011-11-13,29.1,24.3,21.2
2011-11-15,22.0,14.5,10.7
2011-11-16,7.1,0.3,0.0
2011-11-17,10.8,0.6,0.0
2011-11-18,21.7,11.8,8.1
2011-11-19,94.5,29.4,24.9
2011-11-22,0.7,9.1,6.6
2011-11-24,18.2,0.8,0.0
2011-11-27,83.4,12.6,10.0
2011-11-28,0.6,3.7,1.6
2011-11-29,14.0,1.4,0.0
2011-11-30,5.7,32.2,30.1
2011-12-02,14.2,31.0,26.1
2011-12-03,14.8,4.6,2.1
2011-12-04,2.8,4.2,1.8
2011-12-05,16.8,49.8,47.1
2011-12-06,5.1,1.0,0.0
2011-12-08,0.2,0.0,0.0
2011-12-09,6.8,10.3,6.8
2011-12-11,1.9,9.5,8.7
2011-12-12,6.9,2.6,2.3
2011-12-13,0.5,1.2,1.0
2011-12-14,33.4,22.2,20.2
2011-12-15,0.2,9.4,8.6
2011-12-16,95.4,6.7,6.1
2011-12-17,2.7,2.9,2.6
2011-12-18,14.0,9.9,9.1
2011-12-19,14.0,5.2,4.7
2011-12-20,8.9,0.3,0.0
2011-12-21,2.3,0.3,0.0
2011-12-23,0.5,3.8,2.4
2011-12-24,19.5,73.0,59.8
2011-12-25,9.0,12.1,8.9
2011-12-26,1.9,1.8,1.0
2011-12-27,1.3,2.0,1.0
2011-12-28,19.4,29.6,22.1
2011-12-29,39.8,12.6,9.3
2011-12-30,1.0,0.3,0.0
2011-12-31,2.9,0.9,0.0
2012-01-01,6.5,5.0,3.8
2012-01-02,24.0,69.1,52.9
2012-01-04,4.7,31.0,23.0
2012-01-05,1.1,3.6,2.7
2012-01-07,0.5,0.1,0.0
2012-01-08,59.0,14.3,10.9
2012-01-09,26.0,19.5,14.8
2012-01-10,13.4,42.2,28.8
2012-01-11,6.3,23.0,17.9
2012-01-12,15.9,4.8,3.0
2012-01-13,11.7,4.6,2.8
2012-01-14,3.2,0.8,0.0
2012-01-15,0.1,2.3,1.0
2012-01-16,14.3,16.9,13.0
2012-01-18,0.1,33.6,29.3
2012-01-20,0.6,9.4,6.9
2012-01-21,22.3,26.7,24.3
2012-01-22,20.4,2.2,0.0
2012-01-23,0.3,27.9,25.1
2012-01-24,2.3,10.9,7.6
2012-01-27,3.2,11.4,8.1
2012-01-28,1.2,1.8,0.0
2012-01-31,2.3,5.5,2.7
2012-02-02,4.0,5.8,4.1
2012-02-03,56.7,27.9,33.1
2012-02-05,0.8,15.5,14.2
2012-02-06,3.0,0.2,0.0
2012-02-08,12.4,42.1,52.8
2012-02-11,40.3,3.3,2.3
2012-02-12,70.9,5.0,4.1
2012-02-13,12.0,1.3,0.0
2012-02-14,4.0,16.8,16.3
2012-02-15,46.8,40.6,49.6
2012-02-16,22.2,14.5,13.7
2012-02-17,26.3,6.9,6.1
2012-02-18,25.0,31.6,38.0
2012-02-19,2.3,0.7,0.0
2012-02-20,0.2,8.8,8.1
2012-02-26,10.7,0.3,0.0
2012-02-27,18.5,17.1,15.9
2012-02-29,4.4,2.3,1.0
2012-03-01,2.1,24.8,19.2
2012-03-03,43.3,12.9,9.3
2012-03-04,2.1,18.6,13.6
2012-03-05,43.6,22.5,19.8
2012-03-06,0.2,5.0,3.1
2012-03-07,36.5,18.0,13.2
2012-03-08,97.3,14.2,10.3
2012-03-09,0.9,11.6,8.3
2012-03-11,0.1,23.9,23.4
2012-03-13,4.8,19.6,19.2
2012-03-14,21.4,30.1,30.5
2012-03-16,1.0,8.6,8.2
2012-03-17,40.0,5.5,5.1
2012-03-19,12.0,2.3,2.1
2012-03-22,3.1,0.2,0.0
2012-03-24,7.0,1.5,1.0
2012-03-25,2.0,3.2,1.6
2012-03-26,12.0,1.8,1.0
2012-03-27,8.4,0.6,0.0
2012-03-28,6.5,19.3,14.0
2012-03-29,53.5,23.0,16.8
2012-03-30,15.4,2.8,1.2
2012-03-31,13.8,9.4,6.5
2012-04-01,13.8,12.7,8.6
2012-04-02,1.5,3.3,2.6
2012-04-03,4.1,64.3,46.5
2012-04-04,34.7,30.5,19.9
2012-04-05,0.0,16.1,10.9
2012-04-06,6.9,1.6,1.5
2012-04-07,0.0,7.3,5.1
2012-04-08,2.9,2.2,1.9
2012-04-09,0.0,16.5,11.1
2012-04-10,0.0,9.6,6.6
2012-04-11,14.4,22.5,17.0
2012-04-12,6.9,11.6,9.0
2012-04-13,2.5,0.2,0.0
2012-04-14,0.0,4.6,3.6
2012-04-15,0.2,0.0,0.0
2012-04-16,0.8,0.0,0.0
2012-04-17,0.0,34.2,26.2
2012-04-18,0.0,11.8,9.2
2012-04-19,1.0,37.0,30.8
2012-04-20,89.6,30.3,22.9
2012-04-21,8.2,7.8,4.9
2012-04-22,12.0,8.2,5.1
2012-04-23,19.5,0.0,0.0
2012-04-24,0.0,56.9,45.2
2012-04-25,0.0,0.3,0.0
2012-04-26,0.0,12.3,7.9
2012-04-27,14.6,33.4,21.9
2012-04-28,50.1,8.2,5.1
2012-04-29,0.0,0.7,0.0
2012-04-30,0.0,74.5,59.3
2012-05-01,5.7,0.0,0.0
2012-05-04,4.3,0.0,0.0
2012-05-06,22.0,7.5,3.3
2012-05-07,1.0,128.0,95.0
2012-05-08,5.0,3.1,0.0
2012-05-09,0.2,1.9,0.0
2012-05-10,0.8,0.2,0.0
2012-05-13,23.0,0.6,0.0
2012-05-18,30.0,1.5,0.0
2012-05-21,1.0,0.0,0.0
2012-05-22,14.6,0.9,0.0
2012-05-23,5.6,0.0,0.0
2012-05-25,18.7,0.1,0.0
2012-05-28,1.0,0.3,0.0
2012-05-30,126.0,13.1,9.8
2012-05-31,1.0,2.6,1.0
2012-06-01,15.4,18.4,20.7
2012-06-02,29.1,1.1,0.0
2012-06-03,5.1,0.7,0.0
2012-06-04,3.2,7.5,6.7
2012-06-05,6.5,2.0,0.0
2012-06-06,6.5,26.1,32.7
2012-06-07,3.6,2.1,1.0
2012-06-10,1.3,43.7,76.3
2012-06-11,66.3,2.6,1.3
2012-06-12,1.5,0.4,0.0
2012-06-23,0.8,0.0,0.0
2012-06-28,0.3,1.5,0.0
2012-07-01,23.0,0.7,0.0
2012-07-02,1.0,0.0,0.0
2012-07-03,0.1,4.0,1.0
2012-07-04,31.4,13.6,6.9
2012-07-06,32.0,34.7,25.7
2012-07-07,2.2,8.1,3.2
2012-07-08,1.3,0.0,0.0
2012-07-10,2.6,22.0,13.2
2012-07-11,21.7,20.1,11.7
2012-07-12,0.4,4.5,1.3
2012-07-14,50.2,4.7,1.4
2012-07-15,5.4,4.8,1.5
2012-07-16,0.6,0.0,0.0
2012-07-24,0.4,4.7,1.6
2012-07-25,0.2,29.6,31.7
2012-07-26,156.7,5.0,1.9
2012-07-27,3.7,0.0,0.0
2012-08-09,0.2,0.0,0.0
2012-08-10,2.0,3.7,0.0
2012-08-13,10.5,0.0,0.0
2012-08-21,4.0,2.8,0.0
2012-08-23,0.1,56.8,59.1
2012-08-24,38.6,12.6,7.7
2012-08-25,4.2,15.4,10.3
2012-08-27,1.0,0.9,0.0
2012-08-28,38.0,14.3,9.0
2012-09-01,42.6,0.3,0.0
2012-09-06,10.9,0.2,0.0
2012-09-07,0.6,4.4,1.0
2012-09-08,15.2,0.9,0.0
2012-09-15,29.3,2.7,0.0
2012-09-20,70.0,15.9,10.2
2012-10-01,0.0,0.0,0.0
2012-10-02,0.0,1.5,0.0
2012-10-03,0.0,0.0,0.0
2012-10-04,0.0,0.7,0.0
2012-10-05,4.0,12.7,8.5
2012-10-06,0.0,1.9,0.0
2012-10-07,0.0,45.6,53.0
2012-10-08,32.0,0.7,0.0
2012-10-09,0.3,0.4,0.0
2012-10-10,0.0,9.7,5.8
2012-10-11,0.4,4.3,3.1
2012-10-12,0.0,4.2,3.0
2012-10-13,0.0,3.5,2.5
2012-10-14,0.4,0.0,0.0
2012-10-15,0.0,0.2,0.0
2012-10-16,0.0,6.1,4.4
2012-10-17,1.5,6.1,4.4
2012-10-18,45.7,0.3,0.0
2012-10-19,0.0,4.2,3.1
2012-10-21,0.8,1.8,1.0
2012-10-22,0.0,0.0,0.0
2012-10-23,0.0,6.2,4.3
2012-10-24,9.8,2.2,1.0
2012-10-25,15.8,12.2,9.4
2012-10-26,4.5,0.1,0.0
2012-10-27,0.0,0.0,0.0
2012-10-28,0.0,0.9,0.0
2012-10-29,0.7,20.5,16.3
2012-10-30,3.8,1.1,0.0
2012-10-31,1.8,10.7,8.2
2012-11-01,0.0,0.0,0.0
2012-11-02,0.0,1.0,0.0
2012-11-03,5.5,2.5,1.0
2012-11-04,7.2,105.0,88.6
2012-11-05,127.5,1.0,0.0
2012-11-06,0.8,32.7,27.9
2012-11-07,21.0,3.1,1.1
2012-11-08,7.1,0.0,0.0
2012-11-09,8.0,17.4,12.0
2012-11-10,36.6,1.9,1.0
2012-11-11,0.0,16.8,12.8
2012-11-12,0.0,17.8,13.8
2012-11-13,0.0,3.3,1.0
2012-11-14,0.3,10.4,6.7
2012-11-15,50.0,28.5,24.5
2012-11-16,11.0,22.5,18.4
2012-11-17,21.5,12.6,8.9
2012-11-18,0.0,37.9,36.5
2012-11-19,25.5,11.7,8.0
2012-11-20,6.7,0.4,0.0
2012-11-21,7.1,6.6,4.3
2012-11-22,3.0,54.5,61.0
2012-11-23,8.5,1.8,0.0
2012-11-24,4.5,3.0,1.0
2012-11-25,0.8,50.8,56.1
2012-11-26,21.4,0.0,0.0
2012-11-27,1.2,34.8,34.7
2012-11-28,12.1,0.0,0.0
2012-11-29,0.0,15.7,13.0
2012-11-30,50.0,1.8,0.0
2012-12-01,4.5,6.5,3.7
2012-12-03,37.2,84.5,80.8
2012-12-04,5.5,43.8,40.4
2012-12-05,21.0,13.0,9.1
2012-12-08,46.8,0.5,0.0
2012-12-09,0.3,0.0,0.0
2012-12-11,15.3,0.2,0.0
2012-12-12,0.4,11.3,10.4
2012-12-13,4.5,0.8,0.0
2012-12-14,4.2,7.7,7.0
2012-12-15,4.9,1.0,0.0
2012-12-18,0.4,0.0,0.0
2012-12-19,1.0,0.0,0.0
2012-12-22,21.5,20.4,15.2
2012-12-23,8.9,6.6,4.7
2012-12-25,41.3,4.5,3.0
2012-12-26,3.0,54.3,43.5
2012-12-27,0.3,25.5,18.9
2012-12-30,50.0,46.7,38.4
2012-12-31,52.5,85.3,71.4
2013-10-31,0.0,2.7,1.2
2013-11-06,6.5,8.2,5.0
2013-11-07,2.0,47.1,41.6
2013-11-13,0.0,3.4,1.0
2013-11-14,0.3,10.2,6.6
2013-11-15,28.6,21.0,16.9
2013-11-16,14.3,145.3,141.2
2013-11-17,6.6,13.7,9.9
2013-11-18,13.7,21.7,17.6
2013-11-19,2.2,10.3,6.7
2013-11-20,19.0,92.0,115.5
2013-11-21,27.9,3.8,1.7
2013-11-22,0.0,15.7,13.0
2013-11-23,0.3,11.1,8.5
2013-11-25,23.8,20.7,17.8
2013-11-26,12.3,5.7,3.4
2013-11-27,39.5,0.0,0.0
2013-11-28,0.0,22.3,19.4
2013-11-29,8.5,3.1,1.0
2013-11-30,0.0,2.0,0.0
2013-12-01,11.5,34.9,28.9
2013-12-03,0.0,18.4,13.7
2013-12-04,17.0,30.4,24.0
2013-12-05,9.5,13.0,9.0
2013-12-06,20.0,1.3,0.0
2013-12-08,0.5,1.0,0.0
2013-12-09,7.0,3.1,1.0
2013-12-10,0.0,2.7,1.0
2013-12-11,0.0,4.3,3.9
2013-12-12,39.5,4.3,3.9
2013-12-13,12.0,1.8,1.5
2013-12-14,0.0,57.6,61.8
2013-12-15,20.0,1.8,1.5
2013-12-16,0.3,16.5,14.9
2013-12-17,0.2,0.8,0.0
2013-12-18,0.0,7.4,6.8
2013-12-19,1.0,15.3,13.9
2013-12-20,23.6,5.7,5.2
2013-12-21,0.3,3.0,1.8
2013-12-22,4.5,33.3,24.6
2013-12-23,11.3,18.7,13.9
2013-12-24,21.1,2.4,1.3
2013-12-25,7.2,1.7,1.0
2013-12-26,0.0,9.9,7.3
2013-12-27,2.0,6.6,4.6
2013-12-28,4.8,9.1,6.7
2013-12-29,30.3,7.6,5.5
2013-12-30,0.0,70.9,58.0
2013-12-31,14.6,6.4,4.5
2014-01-02,0.0,39.2,26.3
2014-01-03,1.9,75.2,59.1
2014-01-04,6.9,20.4,15.4
2014-01-05,9.7,90.4,79.1
2014-01-06,6.9,11.5,8.8
2014-01-07,4.8,40.4,28.1
2014-01-08,23.0,5.7,4.4
2014-01-09,10.7,26.9,20.2
2014-01-10,27.9,59.4,43.0
2014-01-11,3.3,34.9,30.7
2014-01-12,0.0,0.5,0.0
2014-01-13,0.1,3.0,1.5
2014-01-14,0.6,6.8,4.7
2014-01-15,5.7,5.3,3.4
2014-01-16,0.0,1.1,0.0
2014-01-17,0.0,8.5,6.1
2014-01-19,0.0,0.2,0.0
2014-01-20,0.0,0.1,0.0
2014-01-21,0.0,2.9,1.0
2014-01-22,0.0,1.2,0.0
2014-01-23,0.0,0.2,0.0
2014-01-26,0.0,0.0,0.0
2014-01-27,0.0,0.1,0.0
2014-01-28,0.0,8.5,5.5
2014-01-29,43.8,4.4,1.7
2014-01-30,47.4,0.2,0.0
2014-01-31,23.8,0.1,0.0
2014-02-01,17.3,0.9,0.0
2014-02-02,0.0,0.2,0.0
2014-02-03,0.0,0.0,0.0
2014-02-04,0.0,0.1,0.0
2014-02-05,0.0,0.0,0.0
2014-02-06,0.0,0.0,0.0
2014-02-07,0.0,1.8,0.0
2014-02-08,0.3,11.1,9.6
2014-02-09,14.2,24.7,28.3
2014-02-10,105.4,3.0,1.0
2014-02-11,0.0,12.6,11.9
2014-02-12,0.6,1.8,1.0
2014-02-13,0.0,2.2,1.0
2014-02-14,0.0,4.9,4.1
2014-02-15,0.0,17.3,16.7
2014-02-16,7.6,22.2,21.1
2014-02-17,0.0,4.5,3.6
2014-02-18,0.0,0.0,0.0
2014-02-20,0.0,5.3,4.5
2014-02-21,3.0,15.4,14.1
2014-02-22,0.0,97.0,112.9
2014-02-23,101.0,0.0,0.0
2014-02-24,0.0,6.2,4.4
2014-02-25,26.6,8.2,6.5
2014-02-26,0.2,0.0,0.0
2014-02-27,0.0,57.4,71.1
2014-02-28,4.0,4.4,2.6
2014-03-01,23.6,0.3,0.0
2014-03-02,0.0,15.5,11.3
2014-03-03,0.2,28.5,30.3
2014-03-04,45.4,0.5,0.0
2014-03-05,0.0,0.0,0.0
2014-03-06,0.5,0.0,0.0
2014-03-08,3.5,0.0,0.0
2014-03-09,0.3,9.0,6.3
2014-03-10,16.5,1.8,1.0
2014-03-11,0.0,0.0,0.0
2014-03-12,0.0,0.0,0.0
2014-03-13,0.0,3.1,2.9
2014-03-15,0.8,0.9,0.0
2014-03-16,0.8,0.0,0.0
2014-03-17,0.0,0.0,0.0
2014-03-18,0.0,0.2,0.0
2014-03-19,0.0,25.6,26.3
2014-03-20,35.0,5.3,5.0
2014-03-21,1.7,8.0,5.4
2014-03-22,0.0,0.0,0.0
2014-03-23,0.0,6.3,4.1
2014-03-24,0.0,42.2,34.5
2014-03-25,1.0,29.2,21.8
2014-03-26,10.5,6.5,4.2
2014-03-27,10.6,44.7,36.7
2014-03-28,9.1,23.5,17.2
2014-03-29,17.5,0.0,0.0
2014-03-30,0.0,8.1,5.4
2014-03-31,4.5,5.6,3.5
2014-04-01,0.0,5.2,3.8
2014-04-02,3.3,9.9,6.8
2014-04-03,30.5,4.8,3.5
2014-04-04,48.6,20.8,13.9
2014-04-05,27.3,25.2,16.8
2014-04-06,6.9,4.7,3.5
2014-04-08,35.8,6.4,4.6
2014-04-09,4.8,0.0,0.0
2014-04-10,0.0,0.3,0.0
2014-04-11,0.0,48.4,40.7
2014-04-12,0.4,2.3,1.7
2014-04-13,17.4,37.2,29.6
2014-04-14,2.0,6.5,5.1
2014-04-15,0.0,3.1,2.4
2014-04-16,31.1,6.1,4.8
2014-04-17,0.0,0.1,0.0
2014-04-18,0.0,15.8,12.1
2014-04-19,24.2,7.3,5.8
2014-04-20,3.4,37.5,29.7
2014-04-21,4.5,40.7,26.4
2014-04-22,7.3,31.4,20.3
2014-04-23,1.1,2.1,1.0
2014-04-24,0.0,99.8,71.4
2014-04-26,5.2,0.1,0.0
2014-04-27,0.0,33.7,22.0
2014-04-28,50.3,24.4,15.9
2014-04-30,0.0,2.9,1.5
2014-05-03,12.4,1.4,0.0
2014-05-04,0.2,0.3,0.0
2014-05-05,0.0,0.0,0.0
2014-05-06,0.0,0.0,0.0
2014-05-07,0.0,0.0,0.0
2014-05-08,0.2,13.1,7.6
2014-05-11,0.0,176.3,123.2
2014-05-12,160.9,15.4,11.7
2014-05-14,0.0,26.6,21.5
2014-05-15,36.5,24.9,19.8
2014-05-16,5.5,0.0,0.0
2014-05-17,0.0,0.1,0.0
2014-05-18,0.0,2.6,1.0
2014-05-19,1.8,3.3,1.0
2014-05-20,31.6,1.2,0.0
2014-05-21,3.0,0.0,0.0
2014-05-22,0.0,10.1,7.2
2014-05-23,0.0,32.7,27.7
2014-05-24,0.5,1.8,0.0
2014-05-25,0.4,0.1,0.0
2014-05-26,0.0,0.0,0.0
2014-05-27,0.5,0.1,0.0
2014-05-28,1.2,28.7,24.6
2014-05-29,2.0,0.2,0.0
2014-05-30,0.0,5.5,3.2
2014-05-31,0.0,55.0,49.9
2014-06-01,4.7,0.4,0.0
2014-06-02,1.0,12.0,13.6
2014-06-04,1.5,1.7,0.0
2014-06-05,0.9,41.3,67.9
2014-06-06,19.2,2.0,1.0
2014-06-07,0.0,0.1,0.0
2014-06-08,0.0,0.5,0.0
2014-06-09,0.0,0.0,0.0
2014-06-10,0.2,6.4,5.2
2014-06-11,100.5,4.8,3.2
2014-06-12,2.2,0.6,0.0
2014-06-14,0.0,0.4,0.0
2014-06-15,0.3,6.3,4.5
2014-06-16,1.0,0.9,0.0
2014-06-17,0.0,0.2,0.0
2014-06-18,0.0,18.0,15.2
2014-06-19,14.2,14.2,11.6
2014-06-21,1.0,0.4,0.0
2014-06-22,0.0,1.1,0.0
2014-06-23,4.9,0.0,0.0
2014-06-25,52.3,1.1,0.0
2014-06-26,0.0,34.4,27.4
2014-06-27,73.8,3.9,1.0
2014-06-28,0.0,36.0,27.1
2014-06-29,1.6,6.3,2.5
2014-06-30,0.7,8.6,3.9
2014-07-02,0.9,1.3,0.0
2014-07-03,0.0,1.1,0.0
2014-07-04,0.0,1.3,0.0
2014-07-05,0.1,0.9,0.0
2014-07-07,0.0,3.7,1.0
2014-07-08,0.0,5.3,1.3
2014-07-09,1.0,49.9,42.1
2014-07-10,22.5,0.6,0.0
2014-07-11,1.8,78.2,49.9
2014-07-12,54.5,7.5,3.4
2014-07-13,6.9,1.0,0.0
2014-07-14,0.4,4.9,1.6
2014-07-15,1.8,0.0,0.0
2014-07-16,0.0,0.4,0.0
2014-07-17,0.0,0.0,0.0
2014-07-19,0.0,0.0,0.0
2014-07-20,0.0,1.0,0.0
2014-07-21,0.0,14.0,11.7
2014-07-22,2.2,0.0,0.0
2014-07-23,0.0,0.0,0.0
2014-07-24,0.0,0.0,0.0
2014-07-25,0.0,0.0,0.0
2014-07-26,0.0,0.0,0.0
2014-07-27,0.0,0.0,0.0
2014-07-28,0.0,0.0,0.0
2014-07-29,0.0,0.0,0.0
2014-07-30,0.0,0.0,0.0
2014-07-31,0.0,0.0,0.0
2014-08-01,0.0,54.0,43.5
2014-08-02,3.5,0.9,0.0
2014-08-04,13.4,1.0,0.0
2014-08-05,0.0,0.0,0.0
2014-08-06,13.2,0.0,0.0
2014-08-07,0.0,0.0,0.0
2014-08-09,7.0,5.4,1.0
2014-08-10,7.2,4.8,0.0
2014-08-11,0.0,2.9,0.0
2014-08-12,0.8,21.5,13.0
2014-08-13,20.0,0.9,0.0
2014-08-15,0.0,3.9,1.0
2014-08-16,0.0,2.3,0.0
2014-08-17,16.9,1.0,0.0
2014-08-18,3.4,2.4,0.0
2014-08-19,0.0,79.1,77.7
2014-08-20,4.7,23.3,20.9
2014-08-21,30.3,0.1,0.0
2014-08-22,0.0,0.0,0.0
2014-08-23,0.0,0.0,0.0
2014-08-24,0.0,0.5,0.0
2014-08-25,0.0,0.0,0.0
2014-08-27,5.0,12.1,7.2
2014-08-28,0.2,8.9,4.4
2014-08-30,0.9,0.9,0.0
2014-08-31,0.0,1.4,0.0
2014-09-02,0.0,0.0,0.0
2014-09-03,0.0,19.7,15.3
2014-09-05,0.0,2.7,0.0
2014-09-06,0.0,0.2,0.0
2014-09-08,0.0,44.5,54.2
2014-09-09,11.2,0.3,0.0
2014-09-10,0.0,0.0,0.0
2014-09-11,0.0,12.5,6.7
2014-09-12,0.0,1.1,0.0
2014-09-13,1.8,0.0,0.0
2014-09-15,0.0,0.0,0.0
2014-09-16,0.0,0.0,0.0
2014-09-17,0.0,20.5,14.6
2014-09-18,0.0,7.8,2.3
2014-09-19,4.8,0.1,0.0
2014-09-21,8.5,0.0,0.0
2014-09-22,0.0,0.8,0.0
2014-09-23,7.5,0.0,0.0
2014-09-24,0.0,0.0,0.0
2014-09-25,0.0,0.0,0.0
2014-09-26,0.0,3.6,0.0
2014-09-27,0.0,2.6,0.0
2014-09-28,0.0,0.4,0.0
2014-09-29,0.0,0.0,0.0
2014-09-30,0.0,0.0,0.0
2014-10-01,0.0,0.0,0.0
2014-10-02,0.0,0.0,0.0
2014-10-05,0.0,0.0,0.0
2014-10-06,0.0,0.0,0.0
2014-10-07,0.0,1.1,0.0
2014-10-08,0.0,0.6,0.0
2014-10-09,0.0,0.0,0.0
2014-10-10,0.0,2.9,0.0
2014-10-11,0.0,0.6,0.0
2014-10-13,4.8,68.3,44.1
2014-10-14,1.0,0.1,0.0
2014-10-16,0.0,0.0,0.0
2014-10-17,0.0,0.6,0.0
2014-10-18,0.0,0.5,0.0
2014-10-20,4.0,0.0,0.0
2014-10-21,3.4,0.3,0.0
2014-10-22,0.0,0.1,0.0
2014-10-23,33.3,9.8,7.4
2014-10-25,0.5,3.2,1.7
2014-10-26,14.0,0.0,0.0
2014-10-28,3.4,3.2,1.6
2014-10-29,18.5,1.6,1.0
2014-10-30,0.0,14.7,11.6
2014-10-31,1.0,5.0,3.3
2014-11-01,5.6,5.7,3.1
2014-11-02,0.0,0.0,0.0
2014-11-03,0.0,0.0,0.0
2014-11-04,0.0,8.8,5.5
2014-11-05,0.0,3.8,1.7
2014-11-06,2.5,3.9,1.7
2014-11-07,0.4,53.8,47.4
2014-11-08,28.8,0.8,0.0
2014-11-09,0.4,14.5,9.8
2014-11-11,2.4,3.1,1.0
2014-11-12,2.6,2.6,0.0
2014-11-13,0.0,10.8,7.2
2014-11-14,3.7,16.5,12.6
2014-11-16,0.3,85.8,105.7
2014-11-17,109.0,3.4,1.0
2014-11-18,22.9,44.9,45.9
2014-11-19,2.3,0.2,0.0
2014-11-20,1.5,1.0,0.0
2014-11-22,11.0,0.9,0.0
2014-11-23,0.0,0.7,0.0
2014-11-24,0.3,0.0,0.0
2014-11-25,0.0,32.5,30.9
2014-11-26,1.8,0.0,0.0
2014-11-27,0.0,8.1,5.7
2014-11-28,56.0,6.6,4.3
2014-11-30,5.6,10.7,8.2
2014-12-01,0.0,48.3,45.7
2014-12-02,66.4,16.6,12.1
2014-12-03,2.7,43.8,39.2
2014-12-05,75.0,17.6,13.0
2014-12-06,6.8,30.6,23.8
2014-12-07,6.4,17.1,12.5
2014-12-08,31.2,18.2,13.5
2014-12-09,1.9,2.0,1.0
2014-12-10,0.6,27.7,21.7
2014-12-11,27.9,4.3,3.9
2014-12-12,0.0,16.3,14.8
2014-12-13,12.4,7.9,7.2
2014-12-14,1.1,18.1,16.4
2014-12-15,3.8,16.5,15.0
2014-12-16,1.2,0.2,0.0
2014-12-17,1.0,23.2,21.0
2014-12-18,27.6,2.5,2.1
2014-12-19,27.2,3.8,3.4
2014-12-20,1.5,9.3,8.5
2014-12-21,0.0,0.0,0.0
2014-12-22,16.9,12.8,9.4
2014-12-23,24.0,68.9,57.1
2014-12-24,20.6,7.5,5.4
2014-12-25,6.0,11.7,8.6
2014-12-26,30.2,13.2,9.8
2014-12-27,0.8,25.5,19.7
2014-12-28,40.7,8.0,5.8
2014-12-29,1.0,2.5,1.4
2014-12-30,3.5,2.9,1.8
2014-12-31,0.0,22.9,17.1
2015-01-01,7.6,4.9,3.7
2015-01-02,3.0,1.7,1.1
2015-01-04,0.0,7.4,5.6
2015-01-05,20.5,22.7,17.1
2015-01-06,10.8,20.6,15.6
2015-01-07,32.5,18.3,13.9
2015-01-08,19.7,53.7,38.0
2015-01-09,6.3,17.6,13.4
2015-01-11,67.4,10.7,7.9
2015-01-12,17.8,1.5,1.0
2015-01-13,10.2,4.6,2.8
2015-01-14,36.3,0.7,0.0
2015-01-15,13.5,45.9,41.1
2015-01-17,0.4,103.6,99.1
2015-01-19,59.5,0.5,0.0
2015-01-20,2.8,0.2,0.0
2015-01-21,5.3,4.0,1.3
2015-01-22,4.5,0.8,0.0
2015-01-24,2.0,16.3,12.5
2015-01-25,0.2,32.8,30.1
2015-01-26,3.1,3.7,1.0
2015-01-27,0.0,42.8,39.3
2015-01-28,35.2,4.1,1.4
2015-01-30,2.7,21.2,16.6
2015-01-31,17.0,0.1,0.0
2015-02-02,8.0,0.3,0.0
2015-02-03,1.7,32.1,40.6
2015-02-04,14.6,24.7,27.6
2015-02-05,12.2,3.7,1.8
2015-02-07,65.0,13.7,12.3
2015-02-08,71.4,31.5,39.4
2015-02-09,13.5,7.9,6.3
2015-02-10,22.8,11.1,9.7
2015-02-11,3.8,38.6,46.3
2015-02-12,3.4,10.9,10.2
2015-02-13,67.5,1.2,0.0
2015-02-14,0.0,19.6,18.9
2015-02-15,3.5,0.3,0.0
2015-02-17,35.0,10.4,9.7
2015-02-18,1.5,117.7,78.1
2015-02-19,6.2,2.3,1.1
2015-02-20,0.0,3.7,2.7
2015-02-21,0.0,7.1,5.4
2015-02-22,0.3,1.8,0.0
2015-02-23,0.0,15.3,14.0
2015-02-24,6.4,0.5,0.0
2015-02-27,0.0,0.0,0.0
2015-03-01,0.2,21.5,15.8
2015-03-02,56.5,2.9,1.4
2015-03-03,0.0,11.3,8.1
2015-03-05,0.0,15.4,11.2
2015-03-06,0.0,4.1,2.4
2015-03-07,0.0,8.0,5.5
2015-03-08,2.0,21.5,15.7
2015-03-09,0.0,0.0,0.0
2015-03-10,0.0,12.8,9.2
2015-03-11,0.0,17.4,17.0
2015-03-12,10.4,4.1,3.7
2015-03-13,9.3,10.3,9.9
2015-03-14,0.2,5.0,4.7
2015-03-16,0.0,1.1,1.1
2015-03-17,1.3,0.9,0.0
2015-03-18,8.2,0.8,0.0
2015-03-20,83.0,3.7,3.4
2015-03-21,0.3,16.1,11.6
2015-03-22,3.6,11.2,7.8
2015-03-23,15.1,4.8,2.8
2015-03-24,0.0,22.9,16.8
2015-03-25,4.0,0.1,0.0
2015-03-26,0.0,0.0,0.0
2015-03-27,0.0,0.0,0.0
2015-03-28,0.0,0.0,0.0
2015-03-29,0.0,13.1,9.3
2015-03-30,47.8,0.3,0.0
2015-03-31,0.0,0.0,0.0
2015-04-01,0.0,21.8,14.6
2015-04-02,23.5,16.5,11.1
2015-04-03,0.2,27.2,18.3
2015-04-04,11.2,0.0,0.0
2015-04-05,0.0,13.3,9.0
2015-04-06,17.4,0.4,0.0
2015-04-07,1.1,0.6,0.0
2015-04-08,0.8,0.0,0.0
2015-04-12,0.0,37.9,30.7
2015-04-13,3.9,10.3,8.1
2015-04-14,0.0,0.5,0.0
2015-04-15,0.0,0.0,0.0
2015-04-16,0.0,11.2,8.7
2015-04-17,1.8,1.5,1.0
2015-04-18,0.7,0.1,0.0
2015-04-19,0.0,48.1,40.5
2015-04-20,164.6,1.5,1.0
2015-04-21,0.0,0.1,0.0
2015-04-22,0.0,24.0,15.7
2015-04-23,20.5,0.0,0.0
2015-04-24,0.1,3.7,2.0
2015-04-25,1.8,21.5,14.0
2015-04-26,17.3,0.0,0.0
2015-04-27,0.1,34.9,22.4
2015-04-28,4.3,63.9,51.5
2015-04-29,26.9,0.6,0.0
2015-04-30,0.0,3.1,1.6
2015-05-02,58.8,0.0,0.0
2015-05-03,36.1,0.0,0.0
2015-05-04,0.9,1.7,0.0
2015-05-05,0.0,2.4,0.0
2015-05-06,0.0,23.2,15.3
2015-05-07,0.0,0.9,0.0
2015-05-08,3.0,2.3,0.0
2015-05-09,0.2,26.9,18.3
2015-05-10,0.0,3.5,1.0
2015-05-11,0.0,1.4,0.0
2015-05-12,0.0,33.8,31.4
2015-05-13,3.9,0.4,0.0
2015-05-14,1.1,23.5,18.8
2015-05-15,5.3,60.9,61.0
2015-05-16,10.0,0.0,0.0
2015-05-18,0.0,1.4,0.0
2015-05-19,4.8,0.0,0.0
2015-05-20,0.0,8.4,5.5
2015-05-21,19.1,0.3,0.0
2015-05-22,0.0,2.3,1.0
2015-05-23,4.6,0.3,0.0
2015-05-24,0.0,17.5,13.6
2015-05-25,18.8,0.3,0.0
2015-05-26,0.0,6.2,3.9
2015-05-27,0.7,0.0,0.0
2015-05-28,0.0,0.0,0.0
2015-05-30,0.0,0.0,0.0
2015-05-31,0.0,2.1,1.0
2015-06-01,0.1,21.3,26.5
2015-06-02,13.1,4.7,3.0
2015-06-03,0.0,0.0,0.0
2015-06-04,0.0,3.4,1.4
2015-06-06,0.0,5.2,3.7
2015-06-07,43.0,0.9,0.0
2015-06-08,0.0,1.1,0.0
2015-06-09,0.0,89.0,219.5
2015-06-10,0.5,5.6,4.2
2015-06-11,1.6,0.0,0.0
2015-06-12,0.0,3.6,2.2
2015-06-13,10.0,7.5,5.6
2015-06-14,79.2,11.2,9.1
2015-06-15,7.5,2.5,1.2
2015-06-16,2.3,20.3,16.0
2015-06-17,0.9,3.9,2.5
2015-06-18,12.0,9.2,7.0
2015-06-20,0.0,0.0,0.0
2015-06-21,0.0,0.0,0.0
2015-06-22,0.0,12.4,6.3
2015-06-23,0.8,6.7,2.7
2015-06-24,18.8,0.1,0.0
2015-06-26,0.0,20.1,10.6
2015-06-27,2.5,2.6,0.0
2015-06-28,0.0,0.0,0.0
2015-06-29,7.6,4.1,1.0
2015-06-30,0.0,0.0,0.0
2015-07-01,0.0,0.0,0.0
2015-07-03,0.0,2.3,0.0
2015-07-04,0.0,3.6,1.0
2015-07-06,0.0,0.0,0.0
2015-07-07,0.0,0.0,0.0
2015-07-08,0.0,0.0,0.0
2015-07-09,0.0,0.1,0.0
2015-07-11,0.0,2.7,0.0
2015-07-12,0.0,0.0,0.0
2015-07-13,0.0,0.0,0.0
2015-07-15,0.0,0.0,0.0
2015-07-16,0.0,0.0,0.0
2015-07-17,0.0,0.0,0.0
2015-07-18,0.0,0.0,0.0
2015-07-19,0.0,0.0,0.0
2015-07-20,0.0,0.0,0.0
2015-07-21,0.0,0.0,0.0
2015-07-22,0.0,0.0,0.0
2015-07-23,36.0,0.0,0.0
2015-07-24,0.2,0.0,0.0
2015-07-25,0.0,0.0,0.0
2015-07-26,0.7,0.0,0.0
2015-07-27,0.2,0.0,0.0
2015-07-28,0.0,8.1,5.3
2015-07-29,12.3,0.0,0.0
2015-07-30,0.0,10.9,8.5
2015-07-31,2.5,9.1,6.4
2015-08-01,50.0,0.0,0.0
2015-08-03,0.0,0.0,0.0
2015-08-04,0.0,0.0,0.0
2015-08-05,0.0,0.0,0.0
2015-08-06,0.0,0.0,0.0
2015-08-08,0.0,0.7,0.0
2015-08-09,0.0,0.0,0.0
2015-08-10,0.0,0.0,0.0
2015-08-11,0.0,0.0,0.0
2015-08-13,72.5,0.0,0.0
2015-08-14,24.9,0.0,0.0
2015-08-15,0.0,0.0,0.0
2015-08-17,0.0,0.0,0.0
2015-08-18,0.0,0.0,0.0
2015-08-19,0.0,0.0,0.0
2015-08-20,0.0,0.0,0.0
2015-08-21,0.0,0.0,0.0
2015-08-22,0.0,0.0,0.0
2015-08-23,0.0,0.0,0.0
2015-08-24,0.0,0.0,0.0
2015-08-25,0.0,1.4,0.0
2015-08-26,10.4,0.0,0.0
2015-08-27,0.0,0.3,0.0
2015-08-29,0.1,0.0,0.0
2015-08-31,0.0,0.0,0.0
2015-09-01,0.0,0.0,0.0
2015-09-02,0.0,0.0,0.0
2015-09-03,2.8,0.0,0.0
2015-09-05,0.0,0.0,0.0
2015-09-06,0.0,0.0,0.0
2015-09-07,0.0,0.1,0.0
2015-09-08,0.0,0.0,0.0
2015-09-10,0.0,0.0,0.0
2015-09-11,0.0,0.0,0.0
2015-09-12,0.0,10.9,5.1
2015-09-14,0.0,1.7,0.0
2015-09-15,0.0,0.0,0.0
2015-09-16,0.0,1.5,0.0
2015-09-17,0.0,0.0,0.0
2015-09-18,0.0,0.0,0.0
2015-09-19,0.0,0.0,0.0
2015-09-20,0.0,0.0,0.0
2015-09-22,0.0,0.0,0.0
2015-09-23,0.0,0.0,0.0
2015-09-24,0.0,43.5,51.1
2015-09-25,0.0,2.3,0.0
2015-09-26,3.2,0.8,0.0
2015-09-28,0.0,0.2,0.0
2015-09-29,0.0,2.2,0.0
2015-09-30,0.0,0.0,0.0
2015-10-02,22.4,2.1,0.0
2015-10-03,0.0,0.3,0.0
2015-10-04,0.0,0.0,0.0
2015-10-05,0.0,10.1,6.1
2015-10-06,2.5,0.0,0.0
2015-10-08,0.0,0.0,0.0
2015-10-09,0.0,0.0,0.0
2015-10-11,12.5,0.3,0.0
2015-10-13,0.0,0.0,0.0
2015-10-14,0.0,0.0,0.0
2015-10-15,0.0,0.0,0.0
2015-10-16,0.0,14.1,9.8
2015-10-17,0.0,0.0,0.0
2015-10-18,0.0,2.7,1.9
2015-10-19,0.0,0.0,0.0
2015-10-20,0.0,0.0,0.0
2015-10-21,0.0,0.0,0.0
2015-10-22,0.0,1.2,0.0
2015-10-24,0.0,0.0,0.0
2015-10-26,0.0,0.9,0.0
2015-10-27,5.0,0.3,0.0
2015-10-28,0.0,0.1,0.0
2015-10-29,0.0,3.4,1.9
2015-10-30,1.5,1.2,0.0
2015-10-31,0.0,0.0,0.0
2015-11-02,40.6,1.0,0.0
2015-11-03,22.5,31.6,26.5
2015-11-05,0.0,75.8,65.1
2015-11-06,1.2,15.3,10.5
2015-11-07,61.6,13.6,9.1
2015-11-08,1.5,2.5,1.0
2015-11-09,0.1,92.2,78.5
2015-11-10,1.5,66.6,57.8
2015-11-11,77.8,9.4,5.8
2015-11-12,1.2,4.3,1.2
2015-11-13,1.0,55.9,61.3
2015-11-14,0.0,2.9,1.0
2015-11-16,82.4,2.3,0.0
2015-11-17,0.5,67.7,78.5
2015-11-18,134.0,1.6,0.0
2015-11-19,0.3,0.1,0.0
2015-11-20,4.3,10.2,6.5
2015-11-21,40.3,4.4,2.2
2015-11-22,0.1,9.9,7.4
2015-11-23,1.5,49.8,56.4
2015-11-24,87.3,13.7,11.0
2015-11-26,2.0,1.9,0.0
2015-11-27,0.0,5.3,3.0
2015-11-28,1.3,18.1,15.3
2015-11-30,0.5,12.2,9.6
2015-12-01,4.0,32.0,25.2
2015-12-02,41.5,22.8,17.4
2015-12-03,63.8,0.0,0.0
2015-12-04,0.2,18.8,14.0
2015-12-05,0.0,33.9,28.2
2015-12-06,75.0,17.5,12.9
2015-12-07,2.6,2.4,1.0
2015-12-08,0.0,12.0,8.2
2015-12-09,51.1,3.7,1.4
2015-12-10,0.7,0.0,0.0
2015-12-11,8.4,41.1,42.4
2015-12-12,83.0,53.1,55.8
2015-12-13,9.0,37.3,38.1
2015-12-14,2.2,9.0,8.2
2015-12-15,0.6,9.3,8.5
2015-12-16,23.4,16.3,14.8
2015-12-17,34.5,10.1,9.3
2015-12-18,17.3,2.3,1.9
2015-12-19,0.0,0.0,0.0
2015-12-21,0.0,0.6,0.0
2015-12-22,0.0,0.8,0.0
2015-12-23,0.0,5.8,4.0
2015-12-24,0.2,47.8,38.4
2015-12-25,74.0,7.0,5.0
2015-12-26,6.4,0.0,0.0
2015-12-27,0.0,3.6,2.3
2015-12-28,3.2,15.9,11.8
2015-12-29,4.0,8.7,6.3
2015-12-30,24.8,1.1,0.0
2015-12-31,7.8,1.2,0.0
2016-01-01,1.5,11.1,8.5
2016-01-02,10.5,13.0,9.9
2016-01-03,12.0,11.6,8.9
2016-01-04,32.1,0.4,0.0
2016-01-05,1.0,1.7,1.1
2016-01-06,0.0,22.5,17.0
2016-01-07,44.5,9.8,7.5
2016-01-08,18.0,1.7,1.1
2016-01-09,0.0,7.7,5.9
2016-01-10,10.2,0.3,0.0
2016-01-11,0.0,17.4,13.3
2016-01-12,9.5,10.2,7.5
2016-01-14,0.0,0.3,0.0
2016-01-15,0.0,0.3,0.0
2016-01-16,1.0,4.1,2.4
2016-01-17,11.5,18.3,14.0
2016-01-18,2.6,25.8,20.2
2016-01-19,18.2,24.3,19.4
2016-01-20,39.2,17.7,13.6
2016-01-21,2.4,35.3,32.7
2016-01-22,1.4,16.4,12.6
2016-01-23,1.0,5.8,3.0
2016-01-24,0.0,47.4,43.6
2016-01-25,24.0,0.9,0.0
2016-01-26,0.0,0.9,0.0
2016-01-27,0.0,0.0,0.0
2016-01-28,0.0,0.1,0.0
2016-01-29,0.0,8.2,5.2
2016-01-30,0.0,6.6,3.8
2016-01-31,0.0,3.5,1.0
2016-02-01,0.3,5.0,3.2
2016-02-02,1.4,0.1,0.0
2016-02-04,16.7,0.0,0.0
2016-02-05,0.0,30.6,37.4
2016-02-07,0.7,5.5,3.8
2016-02-08,17.4,16.0,14.8
2016-02-09,23.0,9.1,7.5
2016-02-10,42.2,4.6,2.8
2016-02-11,4.8,3.7,2.7
2016-02-12,0.4,0.5,0.0
2016-02-13,0.8,4.7,3.8
2016-02-14,0.7,16.4,15.6
2016-02-15,81.4,32.3,38.5
2016-02-16,21.8,4.3,3.3
2016-02-17,1.6,27.9,31.9
2016-02-18,22.5,11.0,10.3
2016-02-19,1.0,0.5,0.0
2016-02-20,11.4,0.0,0.0
2016-02-21,49.5,11.5,10.0
2016-02-22,12.0,15.3,14.0
2016-02-23,9.8,13.5,12.1
2016-02-24,4.4,65.4,82.3
2016-02-25,48.0,11.5,10.0
2016-02-26,8.1,1.0,0.0
2016-02-27,1.0,0.7,0.0
2016-02-28,0.9,7.0,5.3
2016-02-29,104.9,4.3,2.4
2016-03-01,9.2,40.9,39.7
2016-03-02,8.1,22.3,16.5
2016-03-03,35.4,0.0,0.0
2016-03-05,14.0,17.2,12.6
2016-03-06,4.1,33.2,32.2
2016-03-07,19.4,0.1,0.0
2016-03-08,2.5,0.0,0.0
2016-03-10,0.0,0.6,0.0
2016-03-11,0.2,16.1,15.6
2016-03-12,4.2,11.2,10.8
2016-03-13,12.8,2.2,2.0
2016-03-14,0.0,2.6,2.4
2016-03-15,9.8,21.4,21.1
2016-03-16,42.8,6.7,6.3
2016-03-17,18.0,17.6,17.2
2016-03-18,2.0,0.0,0.0
2016-03-20,0.0,52.2,58.3
2016-03-21,31.0,19.8,14.4
2016-03-22,0.0,63.7,52.8
2016-03-23,14.9,29.9,25.5
2016-03-24,12.8,1.4,0.0
2016-03-25,0.0,26.5,19.1
2016-03-26,10.4,42.3,34.5
2016-03-27,3.9,5.8,3.7
2016-03-28,1.0,2.8,1.3
2016-03-29,15.5,14.9,10.7
2016-03-30,6.7,0.6,0.0
2016-03-31,44.4,24.2,17.9
2016-04-01,0.0,32.8,22.5
2016-04-02,23.3,18.5,12.4
2016-04-04,3.2,38.2,26.4
2016-04-05,1.8,14.7,9.9
2016-04-06,0.0,14.5,9.8
2016-04-07,1.6,0.0,0.0
2016-04-08,0.0,0.1,0.0
2016-04-09,28.0,7.1,5.0
2016-04-10,9.8,23.0,15.4
2016-04-11,0.0,9.8,7.6
2016-04-12,67.5,9.7,7.6
2016-04-13,0.5,3.3,2.6
2016-04-14,99.8,9.1,7.1
2016-04-15,105.5,42.6,34.8
2016-04-16,26.6,1.2,0.0
2016-04-17,0.5,7.9,6.2
2016-04-18,5.4,21.9,16.6
2016-04-19,0.0,0.0,0.0
2016-04-21,0.0,17.2,11.1
2016-04-22,22.0,21.9,14.3
2016-04-23,0.2,26.6,17.3
2016-04-24,0.0,5.0,2.9
2016-04-25,0.0,1.3,0.0
2016-04-27,0.0,0.2,0.0
2016-04-29,0.0,5.7,3.4
2016-04-30,59.8,25.0,16.3
2016-05-01,104.2,12.7,7.3
2016-05-02,9.5,15.7,9.6
2016-05-03,18.6,2.9,0.0
2016-05-05,0.0,140.3,94.9
2016-05-06,4.0,0.0,0.0
2016-05-08,0.0,8.3,3.9
2016-05-09,0.0,12.0,6.8
2016-05-10,1.9,0.0,0.0
2016-05-11,0.5,5.3,2.6
2016-05-12,0.0,32.6,30.5
2016-05-13,10.2,0.8,0.0
2016-05-14,0.0,1.7,0.0
2016-05-15,1.2,1.3,0.0
2016-05-16,0.0,54.2,54.2
2016-05-17,32.9,9.2,6.2
2016-05-18,21.2,8.6,5.6
2016-05-19,47.8,28.0,23.6
2016-05-20,55.9,40.8,40.0
2016-05-21,20.0,14.7,11.2
2016-05-22,4.4,2.1,1.0
2016-05-23,0.8,0.2,0.0
2016-05-24,0.0,0.0,0.0
2016-05-26,44.5,2.9,1.0
2016-05-28,13.6,1.6,0.0
2016-05-29,0.0,0.7,0.0
2016-06-01,0.7,42.3,69.7
2016-06-02,0.5,0.0,0.0
2016-06-03,0.0,26.4,34.3
2016-06-04,22.0,0.3,0.0
2016-06-05,3.6,0.0,0.0
2016-06-06,0.0,2.8,1.0
2016-06-07,4.5,0.0,0.0
2016-06-08,0.2,5.5,4.0
2016-06-09,0.0,4.1,2.2
2016-06-10,0.7,23.3,28.8
2016-06-11,22.0,2.1,1.0
2016-06-13,0.2,10.2,7.8
2016-06-14,0.0,61.8,61.6
2016-06-15,37.4,0.2,0.0
2016-06-16,0.0,9.8,7.5
2016-06-18,0.0,28.1,28.4
2016-06-19,11.8,4.2,2.7
2016-06-20,0.5,10.0,7.7
2016-06-21,4.8,6.3,2.5
2016-06-22,0.0,0.3,0.0
2016-06-23,0.0,1.2,0.0
2016-06-24,0.2,10.3,5.0
2016-06-25,0.0,7.1,3.0
2016-06-26,0.0,3.7,1.0
2016-06-27,0.0,3.0,1.0
2016-06-28,3.7,5.5,2.0
2016-06-30,0.0,0.0,0.0
2016-07-01,0.0,0.9,0.0
2016-07-02,0.0,0.0,0.0
2016-07-04,0.0,0.0,0.0
2016-07-05,0.0,2.1,0.0
2016-07-06,0.2,0.0,0.0
2016-07-07,0.0,2.5,0.0
2016-07-10,0.0,2.4,0.0
2016-07-11,2.6,0.0,0.0
2016-07-13,0.4,31.9,29.3
2016-07-14,7.0,1.4,0.0
2016-07-15,0.0,0.2,0.0
2016-07-17,17.5,5.3,1.8
2016-07-18,5.3,0.7,0.0
2016-07-19,2.1,13.4,7.3
2016-07-20,0.2,9.2,4.5
2016-07-21,0.0,6.1,3.1
2016-07-22,0.0,26.9,26.3
2016-07-23,2.8,1.8,0.0
2016-07-24,0.0,4.3,1.2
2016-07-25,34.4,7.9,5.1
2016-07-26,25.2,1.7,0.0
2016-07-27,2.5,4.6,1.5
2016-07-28,0.0,2.5,0.0
2016-07-30,11.3,1.2,0.0
2016-07-31,8.6,1.2,0.0
2016-08-01,0.0,4.3,0.0
2016-08-03,0.0,0.0,0.0
2016-08-04,0.0,37.7,24.5
2016-08-05,3.6,7.0,1.5
2016-08-06,0.4,4.4,0.0
2016-08-08,0.0,0.0,0.0
2016-08-09,0.0,0.0,0.0
2016-08-10,0.0,0.0,0.0
2016-08-11,0.0,0.0,0.0
2016-08-12,0.0,0.0,0.0
2016-08-13,0.0,5.3,1.8
2016-08-14,0.0,3.8,1.0
2016-08-15,0.8,22.2,18.7
2016-08-16,34.6,4.3,1.0
2016-08-17,9.3,0.2,0.0
2016-08-18,0.0,0.0,0.0
2016-08-19,0.0,7.7,3.5
2016-08-21,49.8,0.0,0.0
2016-08-22,0.0,1.5,0.0
2016-08-23,0.0,0.6,0.0
2016-08-24,0.0,0.0,0.0
2016-08-25,0.0,4.6,1.0
2016-08-26,0.3,0.0,0.0
2016-08-27,0.0,0.3,0.0
2016-08-28,0.0,15.6,10.7
2016-08-29,54.2,0.0,0.0
2016-08-30,0.0,0.4,0.0
2016-09-02,3.6,28.7,32.0
2016-09-04,0.0,3.0,0.0
2016-09-05,0.0,40.9,49.8
2016-09-06,9.0,20.8,16.6
2016-09-07,13.4,10.4,6.0
2016-09-09,0.0,3.2,0.0
2016-09-10,0.0,21.4,17.1
2016-09-11,14.2,0.3,0.0
2016-09-12,0.0,0.4,0.0
2016-09-14,0.0,0.7,0.0
2016-09-15,0.0,17.2,11.6
2016-09-16,8.3,9.9,4.2
2016-09-17,1.8,11.4,6.4
2016-09-18,44.2,1.5,0.0
2016-09-19,0.2,0.5,0.0
2016-09-20,0.0,71.9,70.0
2016-09-21,65.0,1.2,0.0
2016-09-22,0.9,9.0,3.0
2016-09-23,0.0,28.0,28.8
2016-09-24,52.6,0.0,0.0
2016-09-27,22.9,2.5,0.0
2016-09-28,0.0,6.0,1.0
2016-09-29,1.1,1.9,0.0
2016-10-01,0.0,3.5,1.0
2016-10-03,3.1,3.2,1.0
2016-10-04,0.0,6.8,3.2
2016-10-05,2.9,4.2,1.0
2016-10-07,2.2,2.2,0.0
2016-10-08,10.0,88.3,97.2
2016-10-09,37.4,5.4,2.0
2016-10-10,1.8,0.4,0.0
2016-10-12,27.0,43.3,26.4
2016-10-13,44.0,5.2,3.7
2016-10-14,0.5,15.5,10.8
2016-10-15,7.5,1.8,1.0
2016-10-16,0.7,0.1,0.0
2016-10-17,0.0,0.1,0.0
2016-10-18,0.0,0.0,0.0
2016-10-19,9.0,26.7,17.9
2016-10-20,33.0,7.2,5.2
2016-10-21,7.2,1.5,1.0
2016-10-23,24.5,15.8,12.5
2016-10-24,49.0,0.4,0.0
2016-10-25,42.0,0.8,0.0
2016-10-26,1.8,36.7,35.5
2016-10-27,0.9,0.6,0.0
2016-10-28,18.2,0.0,0.0
2016-10-29,0.0,1.3,0.0
2016-10-30,14.3,37.5,36.3
2016-10-31,17.3,11.1,8.5
2016-11-01,1.6,0.0,0.0
2016-11-02,33.6,20.7,14.6
2016-11-03,0.2,0.4,0.0
2016-11-04,0.0,0.5,0.0
2016-11-05,9.6,0.2,0.0
2016-11-06,0.1,0.9,0.0
2016-11-07,25.0,1.2,0.0
2016-11-08,0.0,138.8,90.4
2016-11-09,19.4,25.4,18.1
2016-11-10,0.9,8.2,5.0
2016-11-11,2.4,4.8,1.7
2016-11-12,5.8,0.0,0.0
2016-11-13,0.0,54.9,59.8
2016-11-14,16.0,0.0,0.0
2016-11-15,0.0,66.7,77.4
2016-11-16,3.0,0.0,0.0
2016-11-17,0.0,69.4,80.7
2016-11-18,29.0,0.5,0.0
2016-11-19,1.0,17.1,13.1
2016-11-21,0.0,82.8,94.9
2016-11-22,137.4,7.1,4.7
2016-11-23,0.1,2.6,1.0
2016-11-24,0.0,18.5,15.7
2016-11-25,18.8,29.3,26.5
2016-11-26,14.1,0.5,0.0
2016-11-28,35.0,32.9,30.9
2016-11-29,0.0,1.4,0.0
2016-11-30,0.1,1.2,0.0
2016-12-01,5.0,0.6,0.0
2016-12-02,0.0,2.8,1.0
2016-12-03,0.2,19.8,14.8
2016-12-04,7.9,0.1,0.0
2016-12-05,0.0,4.9,2.3
2016-12-06,17.9,6.8,3.9
2016-12-07,0.0,18.6,13.8
2016-12-08,2.6,21.0,15.9
2016-12-09,14.0,26.9,21.0
2016-12-10,10.0,0.1,0.0
2016-12-11,7.4,19.3,17.4
2016-12-12,3.0,1.3,1.0
2016-12-13,3.8,0.3,0.0
2016-12-14,0.0,3.5,3.1
2016-12-15,4.3,0.6,0.0
2016-12-16,3.2,45.8,47.6
2016-12-17,30.0,13.6,12.4
2016-12-18,2.6,8.3,7.6
2016-12-19,12.1,6.1,5.6
2016-12-20,4.0,0.7,0.0
2016-12-21,8.3,6.1,4.3
2016-12-22,20.2,33.3,24.7
2016-12-23,1.9,0.7,0.0
2016-12-25,1.5,5.9,4.1
2016-12-26,4.6,42.5,33.0
2016-12-27,0.0,0.3,0.0
2016-12-28,15.8,8.4,6.1
2016-12-29,18.5,0.4,0.0
2016-12-30,0.0,33.9,25.1
2016-12-31,7.2,19.6,14.6
2017-01-01,49.0,0.3,0.0
2017-01-02,0.0,2.4,1.7
2017-01-03,15.7,33.4,24.7
2017-01-05,49.0,7.5,5.7
2017-01-06,13.8,37.7,25.8
2017-01-07,14.8,3.0,2.2
2017-01-08,0.3,18.6,14.1
2017-01-09,15.0,0.1,0.0
2017-01-10,0.0,4.0,3.0
2017-01-11,0.0,0.0,0.0
2017-01-12,0.0,10.9,8.1
2017-01-13,0.0,0.5,0.0
2017-01-14,0.0,51.4,46.8
2017-01-15,21.0,5.5,3.6
2017-01-16,0.0,5.4,3.5
2017-01-17,1.0,3.4,1.8
2017-01-18,12.6,1.0,0.0
2017-01-19,0.0,2.7,1.2
2017-01-20,3.2,2.1,1.0
2017-01-21,0.1,8.3,5.3
2017-01-22,9.1,14.7,11.0
2017-01-23,13.0,8.9,5.9
2017-01-24,0.0,0.0,0.0
2017-01-25,0.3,1.1,0.0
2017-01-26,7.0,6.2,3.4
2017-01-27,1.0,0.0,0.0
2017-01-28,0.0,11.5,8.2
2017-01-29,39.2,9.1,6.1
2017-01-30,0.0,29.4,26.6
2017-01-31,3.6,24.9,22.3
2017-02-01,0.1,8.5,6.9
2017-02-02,4.1,10.1,8.6
2017-02-03,3.3,0.3,0.0
2017-02-04,0.0,3.5,1.6
2017-02-05,10.0,0.2,0.0
2017-02-06,0.0,0.1,0.0
2017-02-07,0.0,1.6,0.0
2017-02-08,0.0,1.1,0.0
2017-02-09,0.0,0.6,0.0
2017-02-10,0.0,0.5,0.0
2017-02-12,0.0,0.2,0.0
2017-02-13,0.0,33.7,40.4
2017-02-14,14.4,0.3,0.0
2017-02-16,5.7,2.8,1.7
2017-02-17,0.0,2.0,1.0
2017-02-18,2.3,0.1,0.0
2017-02-19,2.4,0.5,0.0
2017-02-20,3.0,0.4,0.0
2017-02-22,0.9,19.4,18.3
2017-02-23,4.0,12.2,10.7
2017-02-24,0.2,87.8,105.0
2017-02-25,28.8,25.0,27.3
2017-02-26,1.1,4.8,3.0
2017-02-27,0.2,0.3,0.0
2017-03-01,7.0,73.5,65.5
2017-03-02,1.5,2.8,1.2
2017-03-03,2.7,15.2,11.0
2017-03-04,22.0,48.4,49.6
2017-03-05,30.0,20.6,15.1
2017-03-07,6.7,23.9,17.5
2017-03-08,9.0,15.8,11.5
2017-03-09,0.2,37.1,36.2
2017-03-10,16.7,86.0,70.7
2017-03-11,3.8,2.9,2.6
2017-03-12,3.6,2.5,2.3
2017-03-13,1.4,31.1,31.6
2017-03-14,10.1,9.2,8.8
2017-03-15,3.0,3.4,3.2
2017-03-16,0.0,0.2,0.0
2017-03-18,9.3,17.2,16.8
2017-03-19,0.6,16.8,16.4
2017-03-20,14.6,40.0,41.9
2017-03-22,0.0,0.4,0.0
2017-03-23,0.0,1.4,0.0
2017-03-25,0.0,0.0,0.0
2017-03-27,1.2,0.2,0.0
2017-03-28,0.0,12.8,9.1
2017-03-29,0.3,26.0,19.1
2017-03-30,28.0,13.5,9.6
2017-03-31,17.0,0.1,0.0
2017-04-01,23.0,0.5,0.0
2017-04-02,0.0,21.7,14.5
2017-04-03,5.4,3.6,2.8
2017-04-04,0.0,10.1,6.9
2017-04-05,16.7,75.4,55.6
2017-04-06,25.8,37.3,25.7
2017-04-07,38.2,0.0,0.0
2017-04-08,0.0,12.9,8.8
2017-04-09,0.0,12.7,8.7
2017-04-10,1.3,11.8,8.1
2017-04-11,4.6,15.8,12.1
2017-04-13,14.1,14.7,11.3
2017-04-14,12.2,5.1,4.0
2017-04-15,0.0,0.0,0.0
2017-04-16,12.0,9.9,7.8
2017-04-17,14.9,32.3,24.1
2017-04-18,38.0,2.8,2.1
2017-04-19,0.0,1.5,1.0
2017-04-20,0.0,3.9,3.1
2017-04-22,4.9,6.3,3.8
2017-04-23,0.8,33.1,21.8
2017-04-26,4.7,8.7,5.5
2017-04-27,16.0,6.1,3.7
2017-04-29,7.0,1.8,1.0
2017-04-30,0.0,0.2,0.0
2017-05-01,9.2,16.1,9.9
2017-05-02,2.2,27.7,19.5
2017-05-03,13.8,5.5,1.7
2017-05-04,11.2,23.8,16.5
2017-05-05,5.0,6.3,2.4
2017-05-06,6.8,2.5,0.0
2017-05-07,0.0,9.7,5.0
2017-05-08,2.7,5.4,1.7
2017-05-09,0.0,0.1,0.0
2017-05-10,0.0,0.1,0.0
2017-05-11,58.6,1.1,0.0
2017-05-12,56.6,0.7,0.0
2017-05-14,0.0,15.3,11.6
2017-05-15,4.5,0.4,0.0
2017-05-16,0.2,0.1,0.0
2017-05-17,0.0,4.6,2.0
2017-05-18,0.7,22.5,17.6
2017-05-19,3.4,0.0,0.0
2017-05-20,1.3,55.9,56.2
2017-05-21,81.0,0.0,0.0
2017-05-22,1.0,0.4,0.0
2017-05-23,0.0,2.1,1.0
2017-05-24,4.8,14.1,10.8
2017-05-26,8.3,30.5,26.0
2017-05-27,7.8,17.6,13.9
2017-05-28,15.9,33.2,28.8
2017-05-29,79.7,12.9,9.6
2017-05-30,1.2,0.2,0.0
2017-05-31,0.0,0.0,0.0
2017-06-01,0.3,2.1,1.0
2017-06-02,6.8,24.0,30.1
2017-06-03,8.6,12.8,14.0
2017-06-04,2.9,1.6,0.0
2017-06-05,0.0,2.2,1.0
2017-06-06,0.0,0.0,0.0
2017-06-07,0.0,0.3,0.0
2017-06-08,0.0,0.0,0.0
2017-06-10,12.3,1.6,0.0
2017-06-11,0.1,5.2,3.6
2017-06-12,22.1,20.3,16.7
2017-06-13,19.5,8.9,6.7
2017-06-14,1.3,0.2,0.0
2017-06-15,0.0,25.6,24.5
2017-06-16,8.0,0.0,0.0
2017-06-17,0.0,0.0,0.0
2017-06-18,3.7,66.4,64.6
2017-06-19,0.8,7.1,5.3
2017-06-20,35.5,13.6,10.5
2017-06-21,2.8,24.9,17.9
2017-06-22,0.9,7.3,3.1
2017-06-24,0.0,17.7,9.9
2017-06-25,2.0,17.3,9.3
2017-06-27,0.0,2.2,0.0
2017-06-28,0.8,0.0,0.0
2017-06-30,0.1,69.2,47.1
2017-07-01,142.8,6.2,1.9
2017-07-02,1.8,0.0,0.0
2017-07-03,0.0,3.6,1.0
2017-07-04,0.1,2.8,0.0
2017-07-05,1.5,5.2,1.2
2017-07-06,0.0,75.3,79.1
2017-07-07,24.5,6.7,2.3
2017-07-08,0.1,1.5,0.0
2017-07-09,1.0,6.5,2.1
2017-07-10,16.0,6.8,2.3
2017-07-11,46.4,21.5,12.4
2017-07-12,0.0,0.8,0.0
2017-07-13,0.0,112.9,51.9
2017-07-14,53.6,43.2,38.2
2017-07-15,24.4,6.8,2.9
2017-07-16,19.7,3.7,1.0
2017-07-17,2.7,0.3,0.0
2017-07-19,19.1,1.9,0.0
2017-07-20,0.0,0.0,0.0
2017-07-21,0.0,0.0,0.0
2017-07-22,16.2,0.5,0.0
2017-07-23,6.6,1.0,0.0
2017-07-24,11.0,0.4,0.0
2017-07-25,0.0,0.0,0.0
2017-07-26,0.0,0.0,0.0
2017-07-28,105.6,2.2,0.0
2017-07-29,1.3,0.0,0.0
2017-07-31,0.0,11.9,9.5
2017-08-01,31.2,17.2,7.7
2017-08-02,5.7,0.8,0.0
2017-08-03,16.4,0.5,0.0
2017-08-04,0.1,2.7,0.0
2017-08-05,2.8,0.8,0.0
2017-08-06,2.0,9.8,3.4
2017-08-07,3.8,6.7,1.3
2017-08-08,4.2,13.7,5.9
2017-08-09,66.4,0.0,0.0
2017-08-10,0.0,3.2,0.0
2017-08-11,0.2,21.2,15.6
2017-08-12,9.5,0.5,0.0
2017-08-13,0.8,0.9,0.0
2017-08-14,1.0,0.5,0.0
2017-08-15,10.5,23.5,20.4
2017-08-16,30.4,84.1,84.6
2017-08-17,81.6,20.8,13.1
2017-08-18,2.1,6.3,2.5
2017-08-19,3.0,0.0,0.0
2017-08-20,0.0,3.6,1.0
2017-08-21,0.0,54.6,56.4
2017-08-22,31.0,9.1,4.6
2017-08-23,3.2,2.7,0.0
2017-08-25,0.0,1.5,0.0
2017-08-27,0.0,0.0,0.0
2017-08-28,0.0,0.0,0.0
2017-08-30,1.2,0.0,0.0
2017-09-01,4.2,0.1,0.0
2017-09-03,0.2,0.0,0.0
2017-09-04,0.0,0.0,0.0
2017-09-05,0.0,0.0,0.0
2017-09-07,0.0,0.0,0.0
2017-09-08,0.0,0.9,0.0
2017-09-09,0.0,2.7,0.0
2017-09-10,0.0,56.1,65.8
2017-09-11,0.8,2.0,0.0
2017-09-12,12.0,3.5,0.0
2017-09-13,11.0,31.4,42.8
2017-09-14,0.9,2.9,0.0
2017-09-15,0.0,0.7,0.0
2017-09-16,0.0,2.8,0.0
2017-09-18,1.1,0.0,0.0
2017-09-19,0.0,1.6,0.0
2017-09-21,0.0,0.0,0.0
2017-09-22,0.0,6.6,1.1
2017-09-23,0.2,18.2,11.1
2017-09-24,15.0,3.9,0.0
2017-09-25,9.0,2.4,0.0
2017-09-27,0.0,1.1,0.0
2017-09-28,0.6,0.0,0.0
2017-09-29,0.0,0.8,0.0
2017-09-30,0.0,11.4,5.3
2017-10-01,17.5,19.7,15.3
2017-10-02,7.0,0.0,0.0
2017-10-03,0.0,9.0,5.2
2017-10-04,7.9,4.5,1.2
2017-10-05,8.4,25.1,19.9
2017-10-06,1.0,0.0,0.0
2017-10-08,11.1,0.1,0.0
2017-10-09,41.3,0.4,0.0
2017-10-10,8.0,8.1,4.3
2017-10-11,5.2,54.6,34.4
2017-10-12,0.0,17.9,12.7
2017-10-13,5.1,0.0,0.0
2017-10-14,5.0,0.0,0.0
2017-10-15,0.0,4.4,3.2
2017-10-16,0.0,34.7,20.2
2017-10-17,13.0,4.6,3.3
2017-10-18,0.0,3.1,2.2
2017-10-19,3.4,0.0,0.0
2017-10-21,0.0,0.0,0.0
2017-10-22,0.0,0.0,0.0
2017-10-23,0.0,24.4,19.5
2017-10-24,0.0,2.0,1.0
2017-10-25,0.0,0.2,0.0
2017-10-26,0.0,29.3,25.4
2017-10-27,1.9,0.0,0.0
2017-10-28,1.0,26.2,21.7
2017-10-29,39.8,0.2,0.0
2017-10-30,0.0,10.5,8.0
2017-10-31,2.2,119.3,86.7
2017-11-01,70.0,4.4,2.1
2017-11-02,13.5,0.5,0.0
2017-11-03,34.0,29.5,24.6
2017-11-04,63.4,36.2,31.7
2017-11-05,21.0,36.9,31.4
2017-11-06,4.1,5.0,2.6
2017-11-07,5.0,5.3,2.8
2017-11-08,23.2,24.9,18.6
2017-11-09,37.9,34.3,29.1
2017-11-10,8.4,1.6,0.0
2017-11-11,1.1,33.8,30.1
2017-11-12,67.6,32.2,28.8
2017-11-13,21.2,96.3,122.7
2017-11-14,6.0,4.1,1.0
2017-11-15,1.0,17.4,13.4
2017-11-16,4.2,4.8,1.6
2017-11-17,4.6,18.8,14.7
2017-11-18,72.8,1.1,0.0
2017-11-19,0.0,6.2,2.9
2017-11-20,1.9,38.6,37.2
2017-11-21,60.1,4.1,2.0
2017-11-22,0.5,3.3,1.2
2017-11-23,0.0,25.2,22.4
2017-11-24,32.2,25.0,21.8
2017-11-25,6.4,32.2,30.0
2017-11-26,29.5,49.8,55.7
2017-11-27,21.5,4.5,2.3
2017-11-28,7.7,5.7,3.5
2017-11-29,9.3,52.2,57.6
2017-11-30,2.5,25.9,23.3
2017-12-01,17.5,1.3,0.0
2017-12-02,0.0,14.9,10.7
2017-12-04,27.6,5.4,2.7
2017-12-05,39.6,4.4,1.9
2017-12-06,0.2,15.4,11.1
2017-12-07,67.5,4.2,1.8
2017-12-08,0.9,0.3,0.0
2017-12-09,27.3,69.8,68.2
2017-12-10,50.9,1.9,1.0
2017-12-11,0.0,1.0,0.0
2017-12-12,0.0,6.9,6.3
2017-12-13,12.3,0.2,0.0
2017-12-14,0.0,25.5,24.1
2017-12-15,28.9,0.2,0.0
2017-12-16,1.2,0.0,0.0
2017-12-17,0.0,23.0,20.6
2017-12-18,10.2,3.6,3.2
2017-12-19,0.5,0.4,0.0
2017-12-20,0.0,0.1,0.0
2017-12-21,0.4,1.5,1.0
2017-12-22,0.0,0.3,0.0
2017-12-23,0.0,2.5,1.4
2017-12-25,18.8,0.0,0.0
2017-12-26,0.0,8.6,6.2
2017-12-27,10.4,1.1,0.0
2017-12-28,0.0,0.4,0.0
2017-12-29,0.0,0.2,0.0
2017-12-30,1.0,12.6,9.3
2017-12-31,37.5,0.1,0.0
2018-01-01,0.0,45.1,30.9
2018-01-02,27.5,9.7,7.5
2018-01-03,1.3,3.0,2.2
2018-01-04,0.0,38.3,26.2
2018-01-05,12.9,11.1,8.5
2018-01-06,6.0,7.7,5.9
2018-01-07,6.1,2.8,2.0
2018-01-08,3.2,1.4,1.0
2018-01-10,0.0,15.5,11.8
2018-01-11,0.0,17.1,13.1
2018-01-12,13.7,2.3,1.0
2018-01-14,18.5,0.6,0.0
2018-01-15,1.2,1.0,0.0
2018-01-16,0.0,1.6,1.0
2018-01-18,10.0,0.8,0.0
2018-01-20,8.4,7.6,5.3
2018-01-21,14.7,1.4,0.0
2018-01-22,0.0,0.4,0.0
2018-01-23,0.0,33.5,30.5
2018-01-24,5.2,13.9,10.3
2018-01-26,1.1,8.8,5.7
2018-01-27,0.0,1.2,0.0
2018-01-29,0.0,4.9,2.2
2018-01-30,17.2,2.6,0.0
2018-01-31,0.0,0.0,0.0
2018-02-01,0.0,23.6,25.0
2018-02-02,34.9,4.8,3.0
2018-02-03,0.3,0.0,0.0
2018-02-04,0.0,6.9,5.3
2018-02-05,28.0,52.4,62.1
2018-02-06,20.0,14.6,13.3
2018-02-07,91.0,4.2,2.4
2018-02-08,0.3,3.8,1.8
2018-02-09,8.7,2.3,1.0
2018-02-10,3.3,10.9,9.5
2018-02-11,7.6,9.9,9.2
2018-02-12,15.3,2.2,1.0
2018-02-13,26.0,0.0,0.0
2018-02-14,17.2,3.4,2.4
2018-02-15,1.0,11.7,11.0
2018-02-16,21.2,0.1,0.0
2018-02-18,0.5,14.8,14.1
2018-02-19,0.9,14.7,13.9
2018-02-20,21.4,0.2,0.0
2018-02-22,2.0,0.1,0.0
2018-02-23,0.0,0.0,0.0
2018-02-24,2.6,12.1,10.6
2018-02-25,9.0,0.1,0.0
2018-02-26,34.1,0.3,0.0
2018-02-27,0.5,33.1,38.8
2018-02-28,46.3,46.3,56.6
2018-03-01,23.4,37.7,38.8
2018-03-02,32.9,23.7,18.4
2018-03-03,39.5,0.3,0.0
2018-03-04,0.0,7.4,5.1
2018-03-05,17.7,0.3,0.0
2018-03-06,25.3,44.9,43.8
2018-03-07,20.4,4.7,2.9
2018-03-08,9.2,2.5,1.0
2018-03-09,0.0,0.7,0.0
2018-03-10,5.4,0.0,0.0
2018-03-11,0.0,0.0,0.0
2018-03-12,0.8,11.3,10.9
2018-03-13,95.6,1.1,1.1
2018-03-14,0.0,0.5,0.0
2018-03-15,0.0,22.0,21.4
2018-03-16,23.0,0.3,0.0
2018-03-17,0.0,24.2,24.7
2018-03-18,20.1,7.1,6.6
2018-03-19,0.0,8.0,7.5
2018-03-20,2.0,3.6,3.3
2018-03-21,6.1,23.1,16.9
2018-03-23,0.0,16.9,12.2
2018-03-24,1.6,9.7,6.7
2018-03-25,11.8,27.9,21.9
2018-03-26,33.7,1.9,1.0
2018-03-28,13.0,0.7,0.0
2018-03-29,0.0,2.9,1.4
2018-03-30,1.9,0.1,0.0
2018-03-31,14.5,0.0,0.0
2018-04-01,0.0,0.0,0.0
2018-04-03,14.5,7.3,5.1
2018-04-04,6.1,0.2,0.0
2018-04-05,0.3,10.5,7.2
2018-04-06,0.0,14.9,10.1
2018-04-07,1.0,3.7,2.8
2018-04-08,0.0,2.6,2.1
2018-04-09,9.5,3.9,3.0
2018-04-10,1.5,0.0,0.0
2018-04-11,2.8,0.8,0.0
2018-04-13,0.0,4.3,3.3
2018-04-14,0.8,0.0,0.0
2018-04-15,0.0,42.2,34.9
2018-04-16,52.0,7.2,5.7
2018-04-17,0.7,16.4,12.6
2018-04-18,16.0,13.2,10.2
2018-04-19,11.4,10.6,8.2
2018-04-20,15.1,11.0,8.6
2018-04-21,11.8,15.3,9.9
2018-04-22,1.0,0.5,0.0
2018-04-23,28.0,48.7,37.0
2018-04-24,184.1,8.7,5.5
2018-04-25,1.3,58.2,46.9
2018-04-26,78.7,4.5,2.6
2018-04-27,0.0,4.5,2.6
2018-04-28,0.0,3.4,1.8
2018-04-29,10.8,0.0,0.0
2018-05-01,1.4,94.1,81.4
2018-05-02,131.5,6.8,2.7
2018-05-03,0.3,8.3,3.9
2018-05-04,3.4,0.0,0.0
2018-05-05,0.0,0.0,0.0
2018-05-06,0.0,0.0,0.0
2018-05-07,0.0,27.1,18.5
2018-05-08,12.2,17.5,11.0
2018-05-09,2.3,0.0,0.0
2018-05-10,0.0,3.6,1.0
2018-05-11,19.0,53.7,53.0
2018-05-12,1.0,1.1,0.0
2018-05-13,0.1,33.7,32.3
2018-05-14,48.1,7.9,5.0
2018-05-15,16.8,0.0,0.0
2018-05-17,0.0,86.0,85.2
2018-05-18,38.8,0.6,0.0
2018-05-20,120.2,0.6,0.0
2018-05-21,1.0,0.7,0.0
2018-05-22,0.0,2.7,1.0
2018-05-23,1.0,11.4,8.3
2018-05-24,2.3,0.6,0.0
2018-05-25,22.1,9.0,6.2
2018-05-26,10.6,1.3,0.0
2018-05-27,0.0,50.2,45.4
2018-05-28,49.9,6.2,3.8
2018-05-29,10.0,0.1,0.0
2018-05-30,0.0,54.0,48.7
2018-05-31,25.0,26.5,23.0
2018-06-01,40.7,0.9,0.0
2018-06-02,0.0,0.0,0.0
2018-06-03,0.0,0.3,0.0
2018-06-04,0.0,0.0,0.0
2018-06-05,0.0,0.4,0.0
2018-06-07,1.8,0.0,0.0
2018-06-08,0.0,0.0,0.0
2018-06-09,27.0,0.0,0.0
2018-06-10,5.9,2.2,1.0
2018-06-11,0.0,0.0,0.0
2018-06-12,0.0,0.2,0.0
2018-06-13,0.0,2.3,1.0
2018-06-14,0.0,11.0,8.5
2018-06-15,5.0,0.0,0.0
2018-06-16,0.4,5.7,4.1
2018-06-17,0.0,1.0,0.0
2018-06-18,0.0,0.0,0.0
2018-06-19,0.0,49.2,50.6
2018-06-20,39.5,0.6,0.0
2018-06-21,2.0,6.3,2.5
2018-06-22,0.0,2.2,0.0
2018-06-23,0.0,30.3,22.4
2018-06-24,1.4,12.0,7.0
2018-06-25,1.0,5.9,2.2
2018-06-26,0.5,33.0,24.5
2018-06-28,0.2,0.0,0.0
2018-06-29,0.0,0.0,0.0
2018-06-30,2.5,9.1,4.2
2018-07-01,0.0,1.6,0.0
2018-07-03,0.0,9.9,4.4
2018-07-04,14.9,119.4,90.6
2018-07-05,16.1,8.8,3.7
2018-07-06,2.4,0.4,0.0
2018-07-07,0.0,0.0,0.0
2018-07-08,0.8,6.1,1.8
2018-07-09,6.5,4.8,1.0
2018-07-10,9.8,1.0,0.0
2018-07-11,0.0,0.0,0.0
2018-07-12,0.0,0.0,0.0
2018-07-13,0.0,0.8,0.0
2018-07-14,0.0,0.0,0.0
2018-07-15,0.0,0.0,0.0
2018-07-16,0.0,0.0,0.0
2018-07-18,0.0,0.0,0.0
2018-07-19,0.0,0.0,0.0
2018-07-20,0.0,0.1,0.0
2018-07-21,0.0,12.7,10.7
2018-07-22,5.4,0.0,0.0
2018-07-23,7.3,0.3,0.0
2018-07-24,0.0,9.2,6.3
2018-07-25,1.0,6.6,3.6
2018-07-26,9.2,0.0,0.0
2018-07-27,0.0,11.3,8.7
2018-07-29,8.9,22.6,19.8
2018-07-30,14.4,9.8,8.1
2018-07-31,32.2,66.7,101.4
2018-08-01,13.0,19.9,9.9
2018-08-02,2.7,0.8,0.0
2018-08-04,0.0,0.0,0.0
2018-08-05,0.0,0.0,0.0
2018-08-07,0.0,0.0,0.0
2018-08-08,0.0,0.0,0.0
2018-08-09,0.0,0.0,0.0
2018-08-10,0.0,0.1,0.0
2018-08-11,0.0,0.6,0.0
2018-08-12,0.0,0.0,0.0
2018-08-13,0.0,0.1,0.0
2018-08-14,0.1,0.0,0.0
2018-08-15,0.0,0.0,0.0
2018-08-16,0.0,0.0,0.0
2018-08-17,0.0,0.0,0.0
2018-08-19,0.0,0.0,0.0
2018-08-20,0.0,0.0,0.0
2018-08-22,1.7,0.0,0.0
2018-08-23,0.0,0.0,0.0
2018-08-24,0.0,0.3,0.0
2018-08-25,0.0,14.1,8.9
2018-08-27,0.5,0.4,0.0
2018-08-28,0.0,0.2,0.0
2018-08-29,0.0,38.5,38.2
2018-08-30,29.5,0.0,0.0
2018-08-31,0.0,0.0,0.0
2018-09-01,3.4,6.1,1.9
2018-09-02,2.6,1.2,0.0
2018-09-03,1.5,0.0,0.0
2018-09-04,0.0,0.0,0.0
2018-09-05,0.0,19.8,15.5
2018-09-06,2.0,16.3,11.8
2018-09-07,0.0,0.1,0.0
2018-09-08,0.0,0.0,0.0
2018-09-09,0.0,0.4,0.0
2018-09-11,3.4,0.0,0.0
2018-09-12,0.0,0.0,0.0
2018-09-13,0.0,0.0,0.0
2018-09-15,0.0,0.0,0.0
2018-09-16,0.0,0.0,0.0
2018-09-17,0.0,8.2,2.6
2018-09-18,22.7,7.9,2.4
2018-09-19,0.6,1.9,0.0
2018-09-20,0.0,0.3,0.0
2018-09-21,0.0,8.3,2.5
2018-09-22,0.0,1.3,0.0
2018-09-23,0.0,0.0,0.0
2018-09-24,0.0,6.3,1.0
2018-09-25,0.0,22.2,13.8
2018-09-26,0.2,1.4,0.0
2018-09-27,0.0,0.0,0.0
2018-09-28,0.0,0.0,0.0
2018-09-29,0.0,0.6,0.0
2018-09-30,23.8,4.3,0.0
2018-10-01,13.0,41.1,45.8
2018-10-03,0.0,0.0,0.0
2018-10-04,0.0,3.1,1.0
2018-10-05,0.0,0.0,0.0
2018-10-06,0.3,0.0,0.0
2018-10-08,13.6,2.1,0.0
2018-10-09,0.0,0.5,0.0
2018-10-10,0.0,13.3,9.1
2018-10-11,6.0,2.4,1.6
2018-10-12,0.4,0.0,0.0
2018-10-13,24.7,20.2,14.9
2018-10-14,7.9,2.3,1.5
2018-10-16,0.0,0.0,0.0
2018-10-17,0.0,0.3,0.0
2018-10-18,0.0,0.5,0.0
2018-10-19,15.7,4.8,3.5
2018-10-20,0.0,37.8,22.8
2018-10-21,51.3,5.8,3.9
2018-10-22,1.2,0.4,0.0
2018-10-23,1.3,3.8,2.2
2018-10-25,0.0,29.2,25.7
2018-10-26,21.3,0.0,0.0
2018-10-30,13.5,0.2,0.0
2018-11-01,0.3,24.1,17.6
2018-11-02,4.1,3.7,1.6
2018-11-03,0.0,0.0,0.0
2018-11-04,7.1,0.2,0.0
2018-11-05,1.0,5.1,2.7
2018-11-06,13.4,28.2,20.6
2018-11-07,36.6,23.5,16.8
2018-11-08,1.3,29.4,24.5
2018-11-09,11.9,185.6,89.8
2018-11-10,6.4,5.3,2.8
2018-11-11,0.0,119.3,140.7
2018-11-12,69.4,10.2,6.6
2018-11-13,0.8,52.7,57.4
2018-11-14,58.9,36.0,33.4
2018-11-15,2.8,8.9,5.3
2018-11-16,6.9,14.9,11.0
2018-11-17,1.0,42.8,43.0
2018-11-18,22.2,32.5,29.1
2018-11-20,0.2,15.7,11.8
2018-11-21,41.1,66.9,77.9
2018-11-22,70.7,1.1,0.0
2018-11-23,22.6,13.0,10.4
2018-11-24,0.0,0.0,0.0
2018-11-25,0.8,25.1,22.5
2018-11-26,33.3,4.4,2.2
2018-11-27,0.0,1.5,0.0
2018-11-28,0.0,2.5,1.0
2018-11-29,0.0,20.9,18.0
2018-11-30,0.0,3.8,1.7
2018-12-01,29.0,12.4,8.5
2018-12-02,0.7,0.4,0.0
2018-12-04,30.2,2.0,1.0
2018-12-05,0.0,42.5,39.2
2018-12-06,44.4,0.2,0.0
2018-12-07,9.2,5.3,2.7
2018-12-09,44.1,0.7,0.0
2018-12-10,0.0,1.7,0.0
2018-12-11,7.9,4.2,3.8
2018-12-12,4.3,18.3,16.5
2018-12-13,0.5,61.4,66.2
2018-12-14,9.8,6.8,6.2
2018-12-15,0.0,1.5,1.1
2018-12-16,0.0,12.1,11.1
2018-12-17,19.4,16.6,15.1
2018-12-18,5.8,6.4,5.9
2018-12-19,0.0,26.9,25.9
2018-12-20,15.6,3.7,3.4
2018-12-21,16.1,6.4,4.5
2018-12-22,0.3,2.4,1.3
2018-12-23,0.0,2.7,1.5
2018-12-24,8.1,1.8,1.0
2018-12-25,4.2,2.4,1.3
2018-12-26,17.7,8.1,5.9
2018-12-27,32.5,0.5,0.0
2018-12-28,0.0,0.1,0.0
2018-12-29,0.0,2.4,1.3
2018-12-30,0.0,2.7,1.6
2018-12-31,5.6,1.0,0.0
2019-01-02,27.0,3.8,2.8
2019-01-04,0.0,17.4,13.2
2019-01-05,45.5,3.5,2.6
2019-01-06,0.0,0.3,0.0
2019-01-07,0.0,0.4,0.0
2019-01-09,146.0,0.5,0.0
2019-01-10,32.2,2.6,1.8
2019-01-11,25.7,1.2,0.0
2019-01-12,23.0,37.8,33.4
2019-01-13,10.1,18.1,13.9
2019-01-14,1.4,10.2,7.5
2019-01-15,3.3,27.5,24.0
2019-01-16,31.4,28.6,24.8
2019-01-17,4.5,1.5,1.0
2019-01-18,0.0,0.0,0.0
2019-01-19,0.0,103.4,99.8
2019-01-20,39.1,7.9,5.6
2019-01-21,0.3,43.6,40.5
2019-01-22,13.4,9.2,6.1
2019-01-24,0.0,1.9,0.0
2019-01-26,0.4,1.0,0.0
2019-01-27,0.0,19.7,15.3
2019-01-28,2.5,60.5,54.9
2019-01-29,20.2,6.1,3.3
2019-01-30,0.0,0.5,0.0
2019-01-31,6.3,6.4,3.5
2019-02-01,10.1,1.3,0.0
2019-02-02,75.0,5.2,3.4
2019-02-03,63.5,5.9,4.1
2019-02-04,8.9,5.5,3.7
2019-02-05,5.2,28.8,35.1
2019-02-06,17.7,0.4,0.0
2019-02-07,52.1,2.9,1.0
2019-02-08,1.1,25.6,29.9
2019-02-09,25.9,42.5,54.2
2019-02-10,49.1,13.0,11.7
2019-02-11,6.9,7.1,6.4
2019-02-12,29.6,2.9,1.7
2019-02-13,4.8,4.4,3.4
2019-02-14,0.2,0.5,0.0
2019-02-15,0.0,2.5,1.3
2019-02-16,0.0,8.6,7.9
2019-02-17,0.4,7.5,6.7
2019-02-18,2.0,0.2,0.0
2019-02-19,0.0,0.7,0.0
2019-02-21,0.0,0.0,0.0
2019-02-22,0.0,3.5,1.7
2019-02-23,1.7,28.5,32.6
2019-02-24,4.2,1.8,0.0
2019-02-26,0.0,0.0,0.0
2019-02-27,1.0,0.0,0.0
2019-03-01,0.0,0.0,0.0
2019-03-02,0.0,0.0,0.0
2019-03-03,0.0,0.0,0.0
2019-03-04,18.0,1.8,1.0
2019-03-05,32.7,3.0,1.4
2019-03-06,61.6,1.6,1.0
2019-03-07,8.4,4.6,2.8
2019-03-08,5.8,0.2,0.0
2019-03-09,0.0,2.8,1.2
2019-03-10,4.6,3.5,1.9
2019-03-11,0.0,40.9,43.3
2019-03-12,3.7,3.0,2.8
2019-03-13,10.1,6.9,6.4
2019-03-14,77.2,2.1,1.9
2019-03-15,0.0,11.8,11.3
2019-03-16,8.5,15.9,15.4
2019-03-17,0.8,4.1,3.8
2019-03-18,3.9,0.0,0.0
2019-03-19,14.0,3.3,3.0
2019-03-20,0.0,19.7,19.4
2019-03-21,37.8,0.2,0.0
2019-03-22,2.2,3.8,2.0
2019-03-23,17.1,3.7,2.0
2019-03-24,0.0,0.1,0.0
2019-03-25,0.0,0.0,0.0
2019-03-26,0.0,5.2,3.2
2019-03-27,24.0,0.0,0.0
2019-03-29,44.9,9.9,6.9
2019-03-30,0.2,34.6,28.6
2019-03-31,9.7,40.0,33.2
2019-04-01,17.8,23.8,15.9
2019-04-02,2.4,24.9,16.6
2019-04-03,40.4,0.0,0.0
2019-04-04,0.0,50.5,35.6
2019-04-05,21.8,55.5,39.4
2019-04-06,12.3,17.8,11.9
2019-04-08,0.0,1.2,0.0
2019-04-09,7.8,14.5,9.8
2019-04-10,0.4,31.5,21.2
2019-04-11,51.9,1.1,0.0
2019-04-12,1.0,0.7,0.0
2019-04-13,0.0,58.5,50.1
2019-04-14,77.6,2.2,1.6
2019-04-15,0.0,27.0,19.8
2019-04-16,0.0,17.8,13.6
2019-04-17,11.0,9.0,7.1
2019-04-18,6.4,0.1,0.0
2019-04-20,14.0,16.4,12.5
2019-04-21,3.2,0.0,0.0
2019-04-22,0.0,0.0,0.0
2019-04-23,0.0,0.0,0.0
2019-04-24,0.0,1.9,1.0
2019-04-25,1.6,0.2,0.0
2019-04-26,0.8,1.7,1.0
2019-04-27,1.8,6.7,4.1
2019-04-28,8.1,10.5,6.7
2019-04-29,5.9,0.2,0.0
2019-04-30,0.0,2.8,1.4
2019-05-01,1.5,4.0,1.0
2019-05-02,0.0,23.9,15.7
2019-05-03,45.0,1.2,0.0
2019-05-04,0.0,0.0,0.0
2019-05-05,0.0,1.7,0.0
2019-05-06,0.2,0.0,0.0
2019-05-07,15.3,0.0,0.0
2019-05-09,0.0,0.9,0.0
2019-05-10,42.5,4.2,1.0
2019-05-11,24.0,52.6,52.3
2019-05-12,19.8,10.1,7.0
2019-05-13,0.0,24.9,20.1
2019-05-14,6.4,0.1,0.0
2019-05-15,3.0,0.2,0.0
2019-05-16,0.0,15.6,11.9
2019-05-17,11.4,4.8,2.2
2019-05-18,1.2,6.1,3.3
2019-05-19,0.0,1.1,0.0
2019-05-21,9.2,0.0,0.0
2019-05-23,0.0,4.3,2.2
2019-05-24,11.3,11.1,8.1
2019-05-25,0.0,0.0,0.0
2019-05-26,0.0,0.6,0.0
2019-05-28,0.0,0.3,0.0
2019-05-29,3.0,0.0,0.0
2019-05-30,4.4,0.2,0.0
2019-05-31,0.0,1.5,0.0
2019-06-01,2.0,0.0,0.0
2019-06-02,0.2,13.5,15.0
2019-06-04,20.5,18.9,21.2
2019-06-05,1.9,4.1,2.3
2019-06-06,19.7,25.2,31.3
2019-06-07,24.2,68.8,186.2
2019-06-08,22.4,29.4,40.0
2019-06-09,25.6,0.0,0.0
2019-06-10,0.5,5.3,3.8
2019-06-12,0.8,2.9,1.6
2019-06-13,3.5,0.0,0.0
2019-06-15,6.4,2.2,1.0
2019-06-16,0.0,48.3,50.3
2019-06-17,12.3,0.1,0.0
2019-06-19,28.2,60.8,60.9
2019-06-20,23.6,9.1,7.0
2019-06-21,5.5,0.8,0.0
2019-06-22,0.0,11.5,6.0
2019-06-23,25.6,0.0,0.0
2019-06-25,0.0,0.0,0.0
2019-06-26,0.0,0.0,0.0
2019-06-27,0.0,31.4,23.9
2019-06-28,20.6,6.0,2.3
2019-06-29,2.4,0.0,0.0
2019-07-01,0.0,2.0,0.0
2019-07-02,0.0,0.4,0.0
2019-07-03,0.0,3.5,1.0
2019-07-04,0.2,1.9,0.0
2019-07-06,0.0,2.0,0.0
2019-07-07,0.0,0.0,0.0
2019-07-08,0.0,0.0,0.0
2019-07-09,0.0,0.0,0.0
2019-07-10,0.0,0.5,0.0
2019-07-11,0.0,0.8,0.0
2019-07-12,0.0,7.2,3.2
2019-07-13,33.8,1.5,0.0
2019-07-14,17.3,0.0,0.0
2019-07-15,0.0,0.0,0.0
2019-07-16,0.0,0.0,0.0
2019-07-17,0.0,2.0,0.0
2019-07-18,0.0,0.0,0.0
2019-07-19,0.0,0.0,0.0
2019-07-20,0.0,0.0,0.0
2019-07-21,0.0,0.0,0.0
2019-07-22,0.0,0.0,0.0
2019-07-23,0.0,1.4,0.0
2019-07-24,0.0,0.1,0.0
2019-07-25,0.0,0.0,0.0
2019-07-26,26.8,96.4,101.8
2019-07-27,80.3,11.2,8.8
2019-07-28,2.0,0.0,0.0
2019-07-29,0.0,0.1,0.0
2019-07-30,0.0,1.0,0.0
2019-08-01,0.0,0.0,0.0
2019-08-02,0.0,8.3,2.3
2019-08-03,0.8,0.0,0.0
2019-08-05,0.0,0.0,0.0
2019-08-06,0.0,0.0,0.0
2019-08-07,0.0,6.5,1.2
2019-08-08,0.0,0.0,0.0
2019-08-09,0.0,0.0,0.0
2019-08-10,0.0,0.0,0.0
2019-08-11,0.0,0.0,0.0
2019-08-12,0.0,0.0,0.0
2019-08-13,0.0,0.0,0.0
2019-08-14,0.0,10.9,5.9
2019-08-16,16.0,0.0,0.0
2019-08-17,0.0,0.2,0.0
2019-08-18,0.0,0.7,0.0
2019-08-19,0.8,17.2,10.5
2019-08-21,4.0,0.0,0.0
2019-08-22,0.0,0.0,0.0
2019-08-23,0.0,0.0,0.0
2019-08-25,141.3,9.2,4.6
2019-08-26,0.2,0.4,0.0
2019-08-27,5.6,3.6,0.0
2019-08-28,1.2,1.4,0.0
2019-08-29,0.0,0.0,0.0
2019-08-30,0.0,0.0,0.0
2019-08-31,0.0,0.0,0.0
2019-09-01,0.0,0.0,0.0
2019-09-02,0.0,0.0,0.0
2019-09-03,4.8,0.2,0.0
2019-09-04,0.0,0.0,0.0
2019-09-05,0.0,0.0,0.0
2019-09-06,0.0,0.1,0.0
2019-09-08,0.0,0.0,0.0
2019-09-09,0.0,0.0,0.0
2019-09-10,0.0,0.0,0.0
2019-09-11,0.0,0.0,0.0
2019-09-12,0.8,0.0,0.0
2019-09-14,0.0,0.0,0.0
2019-09-15,0.0,0.0,0.0
2019-09-16,0.0,0.0,0.0
2019-09-17,0.0,0.0,0.0
2019-09-18,0.0,0.0,0.0
2019-09-20,0.0,0.0,0.0
2019-09-21,0.0,0.2,0.0
2019-09-22,0.0,0.0,0.0
2019-09-23,0.0,0.0,0.0
2019-09-24,0.0,0.0,0.0
2019-09-25,0.0,0.0,0.0
2019-09-26,0.0,0.0,0.0
2019-09-27,0.0,5.5,1.0
2019-09-28,0.0,0.2,0.0
2019-09-29,0.0,16.5,9.5
2019-09-30,12.6,11.4,5.1
2019-10-01,2.5,0.0,0.0
2019-10-02,0.0,4.4,1.1
2019-10-03,97.8,0.1,0.0
2019-10-04,0.0,0.8,0.0
2019-10-05,0.0,0.0,0.0
2019-10-06,0.0,0.6,0.0
2019-10-07,58.0,0.0,0.0
2019-10-08,0.0,0.0,0.0
2019-10-09,0.0,0.0,0.0
2019-10-10,0.0,16.0,11.3
2019-10-11,11.5,2.0,1.2
2019-10-12,0.0,0.3,0.0
2019-10-14,3.2,3.1,2.2
2019-10-15,36.7,34.7,20.2
2019-10-16,0.0,2.1,1.4
2019-10-17,2.7,0.9,0.0
2019-10-18,2.8,14.1,9.8
2019-10-20,14.3,0.0,0.0
2019-10-21,0.0,15.6,12.3
2019-10-22,0.0,0.0,0.0
2019-10-23,0.0,0.0,0.0
2019-10-24,0.0,0.0,0.0
2019-10-25,0.0,2.0,1.0
2019-10-26,26.4,5.2,3.4
2019-10-27,1.7,11.7,9.0
2019-10-28,12.5,0.1,0.0
2019-10-29,0.0,0.0,0.0
2019-10-30,0.0,35.3,33.1
2019-11-01,11.5,48.8,42.0
2019-11-02,3.7,18.4,12.8
2019-11-03,0.0,1.7,1.0
2019-11-04,0.0,0.6,0.0
2019-11-05,0.0,0.1,0.0
2019-11-08,0.0,8.2,5.0
2019-11-09,0.0,15.8,10.9
2019-11-10,0.4,0.0,0.0
2019-11-11,0.0,20.4,16.3
2019-11-13,0.0,10.9,7.3
2019-11-14,17.6,4.6,1.5
2019-11-15,0.7,0.0,0.0
2019-11-16,0.0,0.0,0.0
2019-11-17,0.0,0.0,0.0
2019-11-19,0.0,0.0,0.0
2019-11-20,0.0,8.3,4.9
2019-11-21,17.0,9.7,7.2
2019-11-22,0.1,1.3,0.0
2019-11-23,16.5,15.0,12.3
2019-11-24,11.3,11.3,8.7
2019-11-26,0.0,0.2,0.0
2019-11-27,0.0,2.6,1.0
2019-11-28,2.4,0.0,0.0
2019-11-29,12.8,5.7,3.4
2019-11-30,0.7,1.2,0.0
2019-12-01,99.8,22.5,17.2
2019-12-02,6.4,6.9,4.0
2019-12-03,0.0,0.0,0.0
2019-12-04,0.0,3.9,1.6
2019-12-05,0.0,11.5,7.8
2019-12-06,10.9,0.1,0.0
2019-12-07,3.7,6.5,3.7
2019-12-08,12.0,0.9,0.0
2019-12-09,0.2,1.9,1.0
2019-12-10,0.0,6.3,3.5
2019-12-11,0.1,37.1,38.0
2019-12-12,8.3,1.7,1.3
2019-12-13,50.2,5.2,4.8
2019-12-14,0.0,1.4,1.1
2019-12-15,0.0,31.7,31.8
2019-12-16,26.6,8.9,8.1
2019-12-17,9.8,18.3,16.5
2019-12-18,8.4,1.0,0.0
2019-12-19,32.0,54.5,57.9
2019-12-20,24.0,1.8,1.5
2019-12-21,0.0,3.6,2.3
2019-12-23,28.8,31.3,24.4
2019-12-24,62.8,1.3,0.0
2019-12-25,12.8,4.2,2.8
2019-12-26,4.3,0.0,0.0
2019-12-27,2.8,0.0,0.0
2019-12-28,0.0,1.1,0.0
2019-12-29,0.0,0.3,0.0
2019-12-30,0.0,0.0,0.0
2019-12-31,0.0,9.2,6.7
2020-01-01,34.7,39.1,26.5
2020-01-02,67.2,38.0,25.6
2020-01-03,20.0,36.4,24.7
2020-01-04,5.1,17.8,13.5
2020-01-05,41.9,12.8,9.8
2020-01-06,2.0,1.0,0.0
2020-01-07,0.0,26.1,19.6
2020-01-08,0.5,0.8,0.0
2020-01-09,0.0,1.7,1.1
2020-01-10,19.0,38.3,27.0
2020-01-11,6.6,37.0,32.8
2020-01-12,0.8,0.1,0.0
2020-01-13,0.0,1.6,1.0
2020-01-14,0.9,1.0,0.0
2020-01-15,1.0,4.0,2.4
2020-01-16,1.3,3.3,1.7
2020-01-17,5.0,0.7,0.0
2020-01-19,2.3,4.4,2.7
2020-01-20,20.0,0.0,0.0
2020-01-21,0.0,0.0,0.0
2020-01-23,0.0,0.0,0.0
2020-01-24,0.0,1.0,0.0
2020-01-25,30.2,11.5,8.2
2020-01-28,3.2,3.9,1.2
2020-01-29,0.0,53.6,49.6
2020-01-30,0.0,29.1,26.9
2020-01-31,22.1,23.2,18.4
2020-02-01,0.2,0.0,0.0
2020-02-02,0.0,4.0,2.1
2020-02-03,0.0,4.1,2.2
2020-02-04,14.2,16.9,15.7
2020-02-05,12.6,15.7,14.5
2020-02-07,41.1,2.8,1.0
2020-02-08,0.5,7.5,5.8
2020-02-09,1.0,21.9,20.6
2020-02-10,2.7,0.7,0.0
2020-02-12,0.0,3.7,2.7
2020-02-15,0.0,0.2,0.0
2020-02-16,0.0,18.4,18.0
2020-02-17,47.9,71.7,74.4
2020-02-18,18.9,1.0,0.0
2020-02-19,0.1,16.0,15.2
2020-02-20,7.4,3.9,2.9
2020-02-22,0.0,1.3,0.0
2020-02-26,5.1,19.9,18.9
2020-02-27,9.0,22.4,22.2
2020-02-28,7.3,11.6,10.1
2020-02-29,5.0,27.4,31.1
2020-03-01,47.9,10.1,7.1
2020-03-02,0.5,2.6,1.1
2020-03-03,6.4,55.2,51.7
2020-03-04,25.0,28.5,27.6
2020-03-05,34.1,32.7,32.4
2020-03-06,4.5,9.1,6.4
2020-03-08,8.1,13.2,9.5
2020-03-09,35.2,2.2,1.0
2020-03-10,1.0,0.0,0.0
2020-03-11,0.0,0.3,0.0
2020-03-12,0.0,3.3,3.0
2020-03-13,19.7,0.2,0.0
2020-03-15,0.0,0.0,0.0
2020-03-19,0.0,9.0,8.6
2020-03-20,0.8,1.2,1.1
2020-03-21,1.5,11.4,8.0
2020-03-22,38.6,9.2,6.3
2020-03-23,0.0,9.0,6.2
2020-03-25,0.0,21.2,15.5
2020-03-27,6.4,38.8,32.2
2020-03-28,8.6,3.7,2.0
2020-03-29,0.3,15.0,10.7
2020-03-30,12.0,6.7,4.4
2020-03-31,1.2,29.0,21.8
2020-04-01,11.7,6.0,4.3
2020-04-02,0.0,30.5,21.1
2020-04-03,52.0,85.5,62.6
2020-04-05,1.0,1.0,0.0
2020-04-07,8.2,42.3,29.3
2020-04-08,20.3,19.9,13.3
2020-04-09,31.6,0.4,0.0
2020-04-10,1.0,61.5,45.2
2020-04-11,26.9,12.3,9.5
2020-04-12,24.6,0.9,0.0
2020-04-13,5.3,24.8,18.3
2020-04-14,5.1,0.1,0.0
2020-04-15,0.0,0.0,0.0
2020-04-17,0.0,9.6,7.5
2020-04-18,32.1,0.0,0.0
2020-04-19,4.7,4.5,3.5
2020-04-20,2.7,0.0,0.0
2020-04-21,53.2,0.0,0.0
2020-04-25,19.1,10.0,6.4
2020-04-26,1.5,32.1,20.6
2020-04-27,30.7,20.4,13.3
2020-04-28,69.0,4.8,2.8
2020-04-29,75.3,59.7,47.8
2020-04-30,2.1,5.7,3.4
2020-05-01,2.0,29.3,21.3
2020-05-02,97.0,62.4,59.9
2020-05-03,50.5,20.3,13.1
2020-05-07,11.1,0.0,0.0
2020-05-08,0.0,0.4,0.0
2020-05-09,0.0,29.8,20.7
2020-05-10,5.9,0.8,0.0
2020-05-11,0.0,81.9,80.3
2020-05-12,5.8,11.2,8.0
2020-05-13,0.0,26.3,21.0
2020-05-14,2.7,31.9,25.8
2020-05-15,7.0,0.3,0.0
2020-05-16,0.0,4.9,2.3
2020-05-17,0.0,17.2,13.2
2020-05-18,0.4,5.9,3.2
2020-05-19,9.7,18.0,14.0
2020-05-20,5.1,8.3,5.3
2020-05-21,0.0,12.1,8.9
2020-05-22,13.2,13.5,10.1
2020-05-23,0.4,0.0,0.0
2020-05-24,0.0,58.8,53.9
2020-05-25,33.5,11.9,8.7
2020-05-26,0.3,0.8,0.0
2020-05-27,2.7,40.1,35.7
2020-05-28,56.9,9.0,6.3
2020-05-29,0.2,0.5,0.0
2020-05-30,0.0,1.1,0.0
2020-05-31,1.7,33.3,28.6
2020-06-01,32.1,1.2,0.0
2020-06-04,2.8,0.1,0.0
2020-06-07,18.7,0.6,0.0
2020-06-08,84.2,4.1,2.3
2020-06-09,14.7,7.2,6.3
2020-06-10,0.7,0.7,0.0
2020-06-11,0.0,0.0,0.0
2020-06-13,0.0,1.9,1.0
2020-06-14,0.0,2.6,1.2
2020-06-15,4.5,4.1,2.6
2020-06-17,10.5,1.1,0.0
2020-06-18,3.3,0.0,0.0
2020-06-19,0.5,2.0,1.0
2020-06-20,11.5,0.0,0.0
2020-06-21,0.0,9.6,4.6
2020-06-22,40.3,4.3,1.2
2020-06-23,23.2,5.3,1.8
2020-06-24,1.3,22.2,11.9
2020-06-25,0.3,19.1,10.2
2020-06-26,0.1,5.9,2.3
2020-06-27,25.3,2.0,0.0
2020-06-28,5.0,3.9,1.0
2020-06-29,0.0,1.0,0.0
2020-07-01,0.0,1.1,0.0
2020-07-02,0.0,21.5,13.1
2020-07-03,14.3,3.1,0.0
2020-07-04,0.0,0.0,0.0
2020-07-05,4.5,15.4,8.6
2020-07-06,4.8,0.7,0.0
2020-07-08,4.3,28.7,20.2
2020-07-09,18.6,10.3,4.7
2020-07-10,13.8,9.5,4.2
2020-07-11,1.0,9.7,5.5
2020-07-12,28.8,0.7,0.0
2020-07-13,0.0,0.2,0.0
2020-07-14,0.0,0.7,0.0
2020-07-15,0.0,1.0,0.0
2020-07-16,4.2,0.0,0.0
2020-07-18,0.0,0.0,0.0
2020-07-19,0.1,10.9,5.7
2020-07-20,7.2,11.3,6.0
2020-07-21,9.1,3.7,1.0
2020-07-24,23.9,0.0,0.0
2020-07-26,7.5,3.1,0.0
2020-07-27,20.5,0.2,0.0
2020-07-30,0.0,0.0,0.0
2020-07-31,0.0,5.9,2.9
2020-08-01,4.0,1.9,0.0
2020-08-02,0.8,17.9,8.2
2020-08-03,10.6,9.0,3.1
2020-08-04,0.2,3.6,0.0
2020-08-06,10.6,0.0,0.0
2020-08-07,0.0,0.0,0.0
2020-08-09,3.4,7.3,1.8
2020-08-10,32.0,0.6,0.0
2020-08-11,0.0,37.3,34.7
2020-08-12,24.5,0.8,0.0
2020-08-13,2.3,0.0,0.0
2020-08-14,0.0,70.1,67.9
2020-08-15,13.4,5.2,1.7
2020-08-16,0.0,2.5,0.0
2020-08-19,1.2,0.0,0.0
2020-08-20,0.0,7.1,3.0
2020-08-21,0.0,2.2,0.0
2020-08-22,0.0,6.1,1.9
2020-08-25,0.0,0.4,0.0
2020-08-26,19.4,16.2,10.9
2020-08-27,0.0,0.0,0.0
2020-08-28,1.0,7.4,3.1
2020-08-29,0.0,5.4,1.4
2020-08-30,1.5,0.0,0.0
2020-08-31,0.0,7.2,2.9
2020-09-01,1.8,5.0,1.0
2020-09-02,0.0,14.7,11.0
2020-09-03,77.4,6.5,2.2
2020-09-04,0.0,0.8,0.0
2020-09-05,1.3,4.0,0.0
2020-09-06,1.6,18.8,14.5
2020-09-07,0.0,26.5,28.1
2020-09-08,1.5,10.8,6.5
2020-09-09,16.7,10.9,6.4
2020-09-10,2.0,19.6,15.2
2020-09-11,8.2,4.5,0.0
2020-09-12,0.0,25.7,31.8
2020-09-13,0.0,6.8,1.4
2020-09-14,1.5,8.0,2.4
2020-09-29,1.3,0.8,0.0
2020-09-30,0.0,20.4,12.3
2020-10-01,0.0,1.7,0.0
2020-10-02,27.5,0.5,0.0
2020-10-03,0.0,5.2,1.8
2020-10-04,0.0,1.2,0.0
2020-10-05,0.0,19.7,14.6
2020-10-07,6.4,11.7,7.6
2020-10-08,0.0,46.1,53.5
2020-10-09,18.0,2.3,0.0
2020-10-10,1.5,3.1,1.0
2020-10-11,0.0,22.4,15.2
2020-10-12,9.4,4.4,3.2
2020-10-13,8.5,0.5,0.0
2020-10-15,29.6,4.6,3.3
2020-10-16,2.7,42.3,25.4
2020-10-17,15.9,117.0,84.3
2020-10-18,22.9,111.3,79.4
2020-10-19,48.7,4.1,2.9
2020-10-20,10.7,1.1,0.0
2020-10-22,1.9,30.1,26.8
2020-10-23,11.7,0.8,0.0
2020-10-24,1.3,1.4,1.0
2020-10-25,132.2,0.6,0.0
2020-10-26,19.0,32.8,31.3
2020-10-27,80.5,6.6,4.7
2020-10-29,2.0,8.9,6.6
2020-10-31,16.1,31.8,28.8
2020-11-01,18.6,11.0,7.1
2020-11-02,3.5,13.0,8.7
2020-11-03,16.5,39.7,33.8
2020-11-06,20.9,1.9,1.0
2020-11-07,0.0,2.9,1.0
2020-11-08,5.5,17.8,12.3
2020-11-09,31.8,2.8,1.0
2020-11-13,0.0,0.0,0.0
2020-11-14,0.0,0.0,0.0
2020-11-17,14.8,4.3,1.2
2020-11-18,6.9,1.6,0.0
2020-11-20,0.0,12.9,9.1
2020-11-21,43.1,0.4,0.0
2020-11-22,16.7,28.4,25.3
2020-11-23,1.4,0.5,0.0
2020-11-24,53.7,18.9,16.0
2020-11-25,8.7,12.8,10.2
2020-11-26,3.6,54.3,60.1
2020-11-27,8.8,0.4,0.0
2020-11-28,0.0,1.2,0.0
2020-11-30,2.0,4.0,1.9
2020-12-01,0.0,38.2,33.0
2020-12-02,48.0,1.4,0.0
2020-12-03,0.0,0.0,0.0
2020-12-04,0.0,0.3,0.0
2020-12-06,1.5,7.2,4.2
2020-12-07,0.0,0.3,0.0
2020-12-08,0.0,1.1,0.0
2020-12-10,1.5,21.5,16.3
2020-12-11,25.0,4.2,3.8
2020-12-12,44.1,4.5,4.1
2020-12-13,43.2,1.8,1.5
2020-12-14,0.2,0.1,0.0
2020-12-15,0.0,0.0,0.0
2020-12-16,0.2,1.9,1.6
2020-12-17,26.5,27.7,26.5
2020-12-18,0.0,21.9,19.8
2020-12-20,3.7,1.4,1.0
2020-12-21,11.5,5.0,3.4
2020-12-22,5.6,0.9,0.0
2020-12-23,9.6,21.2,15.8
2020-12-24,23.3,4.7,3.2
2020-12-25,14.5,2.3,1.2
2020-12-26,4.2,0.7,0.0
2020-12-28,9.6,20.4,15.2
2020-12-29,17.2,19.1,14.2
2020-12-30,39.0,17.3,12.9
2020-12-31,1.8,87.2,72.0
2021-01-01,9.2,0.3,0.0
2021-01-02,5.6,0.9,0.0
2021-01-03,5.6,26.1,19.6
2021-01-04,0.2,71.4,55.2
2021-01-05,51.9,8.1,6.2
2021-01-06,1.4,20.4,15.4
2021-01-07,0.8,1.8,1.1
2021-01-08,33.2,3.3,2.4
2021-01-09,7.8,0.0,0.0
2021-01-10,0.5,0.0,0.0
2021-01-11,1.4,1.5,1.0
2021-01-12,0.0,3.3,1.8
2021-01-13,2.6,25.8,20.9
2021-01-14,17.6,12.1,9.0
2021-01-15,17.7,21.0,16.3
2021-01-16,11.2,5.7,3.7
2021-01-17,6.1,3.8,2.2
2021-01-19,0.9,1.0,0.0
2021-01-20,2.0,13.9,10.5
2021-01-21,26.0,2.9,1.0
2021-01-22,33.7,5.1,2.3
2021-01-23,0.2,15.6,11.8
2021-01-24,0.0,11.7,8.4
2021-01-25,0.0,14.2,10.6
2021-01-26,4.4,24.4,19.3
2021-01-27,24.6,96.5,73.5
2021-01-28,22.1,14.9,11.2
2021-01-29,2.8,3.4,1.0
2021-01-31,0.8,14.5,10.8
2021-02-01,18.7,2.7,1.0
2021-02-02,3.0,57.3,64.8
2021-02-03,31.8,10.2,8.7
2021-02-04,0.6,1.1,0.0
2021-02-05,15.8,5.6,3.9
2021-02-06,2.5,94.1,75.5
2021-02-07,0.8,2.2,1.0
2021-02-08,0.0,2.0,0.0
2021-02-09,25.2,5.5,3.8
2021-02-10,1.5,1.0,0.0
2021-02-11,0.0,1.7,1.0
2021-02-13,0.0,42.0,50.0
2021-02-14,8.5,5.7,4.9
2021-02-15,0.6,1.7,1.0
2021-02-16,0.0,2.2,1.0
2021-02-17,0.0,9.7,9.0
2021-02-18,10.3,2.6,1.5
2021-02-19,0.0,26.1,29.4
2021-02-20,6.9,4.5,3.6
2021-02-21,0.0,3.8,1.9
2021-02-22,18.6,8.0,6.3
2021-02-23,2.0,1.8,0.0
2021-02-25,0.0,0.0,0.0
2021-02-26,0.0,0.4,0.0
2021-02-27,0.0,9.7,8.1
2021-02-28,0.0,0.2,0.0
2021-03-01,0.0,0.0,0.0
2021-03-02,1.0,0.1,0.0
2021-03-03,1.6,34.0,32.7
2021-03-04,2.0,14.5,10.5
2021-03-05,18.8,0.0,0.0
2021-03-06,0.0,2.3,1.0
2021-03-07,0.4,0.0,0.0
2021-03-08,0.0,0.0,0.0
2021-03-10,30.0,0.0,0.0
2021-03-11,0.0,9.7,9.3
2021-03-12,13.3,0.1,0.0
2021-03-14,15.2,2.8,2.6
2021-03-15,3.0,33.9,34.4
2021-03-16,18.2,2.1,1.9
2021-03-17,0.2,41.7,43.9
2021-03-18,0.5,9.3,8.8
2021-03-19,12.2,13.1,12.7
2021-03-20,69.7,2.4,2.2
2021-03-21,0.0,21.9,16.0
2021-03-22,11.4,2.1,1.0
2021-03-23,138.5,2.5,1.0
2021-03-24,35.5,0.0,0.0
2021-03-25,0.0,28.7,21.0
2021-03-26,3.0,21.2,15.4
2021-03-27,45.3,3.2,1.6
2021-03-28,0.0,17.7,12.8
2021-03-29,14.9,25.8,18.9
2021-03-30,2.6,51.1,41.5
2021-03-31,20.8,16.7,12.0
2021-04-01,18.2,6.3,4.5
2021-04-02,0.8,7.0,4.9
2021-04-03,8.0,2.5,2.1
2021-04-04,13.1,1.0,0.0
2021-04-05,0.0,10.8,7.4
2021-04-06,9.2,0.0,0.0
2021-04-07,3.7,2.0,1.8
2021-04-08,7.8,15.7,10.5
2021-04-09,55.2,53.4,37.9
2021-04-10,38.5,0.5,0.0
2021-04-11,9.9,13.0,10.0
2021-04-12,10.7,1.7,1.2
2021-04-14,47.9,12.9,9.9
2021-04-15,20.2,1.6,1.1
2021-04-16,3.0,18.9,14.4
2021-04-17,22.1,0.8,0.0
2021-04-18,0.0,3.7,2.9
2021-04-19,5.4,0.4,0.0
2021-04-21,0.0,0.0,0.0
2021-04-22,0.0,1.3,0.0
2021-04-23,0.0,0.1,0.0
2021-04-24,0.0,0.0,0.0
2021-04-25,0.0,18.7,12.2
2021-04-27,1.7,44.0,31.3
2021-04-28,49.5,0.4,0.0
2021-04-29,0.8,0.9,0.0
2021-04-30,0.0,14.6,9.4
2021-05-01,0.3,3.4,1.0
2021-05-03,0.0,0.3,0.0
2021-05-04,0.0,0.1,0.0
2021-05-05,0.0,2.9,0.0
2021-05-06,6.3,18.0,11.4
2021-05-07,47.1,9.7,5.0
2021-05-08,9.7,5.1,1.4
2021-05-09,0.4,2.5,0.0
2021-05-10,2.8,0.1,0.0
2021-05-11,0.0,1.9,0.0
2021-05-12,0.0,1.9,0.0
2021-05-13,0.0,1.3,0.0
2021-05-14,28.2,45.6,44.5
2021-05-15,0.5,4.0,1.4
2021-05-16,1.0,72.6,72.1
2021-05-17,8.6,18.8,14.7
2021-05-18,3.1,46.5,46.0
2021-05-19,78.0,32.6,29.8
2021-05-20,47.2,0.5,0.0
2021-05-21,0.0,2.9,1.0
2021-05-23,64.4,1.0,0.0
2021-05-24,7.0,7.2,4.7
2021-05-25,2.8,0.2,0.0
2021-05-26,0.0,0.5,0.0
2021-05-27,0.0,0.0,0.0
2021-05-28,0.0,1.2,0.0
2021-05-30,0.0,2.3,1.0
2021-05-31,0.0,3.8,1.8
2021-06-01,3.0,0.8,0.0
2021-06-02,4.2,0.0,0.0
2021-06-03,0.0,0.0,0.0
2021-06-04,0.0,0.0,0.0
2021-06-05,0.3,2.7,1.0
2021-06-06,0.0,26.8,34.9
2021-06-07,59.5,0.0,0.0
2021-06-08,0.0,0.0,0.0
2021-06-09,0.0,6.3,5.1
2021-06-10,0.4,8.0,7.4
2021-06-11,0.0,0.0,0.0
2021-06-12,62.7,0.3,0.0
2021-06-13,2.4,0.2,0.0
2021-06-14,0.0,0.3,0.0
2021-06-15,0.0,0.7,0.0
2021-06-16,0.0,2.5,1.2
2021-06-17,0.0,0.1,0.0
2021-06-19,0.2,7.6,5.6
2021-06-20,9.7,0.6,0.0
2021-06-21,0.0,29.2,21.6
2021-06-22,2.4,2.4,0.0
2021-06-23,0.0,1.1,0.0
2021-06-24,2.5,17.4,9.3
2021-06-25,5.6,3.3,1.0
2021-06-26,0.8,0.8,0.0
2021-06-27,0.6,10.0,4.8
2021-06-28,0.0,77.7,50.8
2021-06-29,25.3,3.5,1.0
2021-06-30,0.6,0.3,0.0
2021-07-01,0.7,3.0,0.0
2021-07-02,5.9,4.2,1.0
2021-07-04,6.1,1.3,0.0
2021-07-05,28.6,0.0,0.0
2021-07-07,0.0,36.8,27.9
2021-07-08,2.4,65.8,63.4
2021-07-09,24.4,0.1,0.0
2021-07-10,0.0,0.0,0.0
2021-07-11,13.7,3.5,1.0
2021-07-12,0.0,3.2,1.0
2021-07-14,2.4,32.7,30.4
2021-07-15,60.5,10.4,5.8
2021-07-16,0.2,5.4,1.9
2021-07-17,0.2,2.3,0.0
2021-07-18,0.0,0.0,0.0
2021-07-20,0.0,23.4,21.0
2021-07-21,0.4,6.5,3.4
2021-07-22,0.4,0.0,0.0
2021-07-23,0.0,0.1,0.0
2021-07-24,0.0,4.9,1.8
2021-07-25,15.3,0.0,0.0
2021-07-26,0.0,4.5,1.4
2021-07-27,0.0,0.1,0.0
2021-07-28,0.0,0.0,0.0
2021-07-29,0.2,15.1,12.8
2021-07-30,6.6,3.2,1.0
2021-07-31,0.5,0.0,0.0
2021-08-01,9.0,7.1,1.6
2021-08-02,0.0,2.6,0.0
2021-08-03,8.6,0.4,0.0
2021-08-04,0.0,0.6,0.0
2021-08-05,0.0,4.8,0.0
2021-08-06,0.0,0.3,0.0
2021-08-07,0.0,0.6,0.0
2021-08-08,0.0,58.6,51.1
2021-08-09,19.1,0.3,0.0
2021-08-10,0.0,0.0,0.0
2021-08-11,0.0,2.7,0.0
2021-08-12,4.1,16.7,10.1
2021-08-14,11.4,10.1,5.2
2021-08-15,0.0,0.0,0.0
2021-08-16,6.7,5.9,2.2
2021-08-17,1.9,0.0,0.0
2021-08-18,12.0,7.7,3.5
2021-08-19,0.0,1.0,0.0
2021-08-20,17.3,10.2,5.9
2021-08-21,41.8,11.5,6.7
2021-08-22,19.5,9.8,5.2
2021-08-23,4.2,1.1,0.0
2021-08-25,1.4,3.4,0.0
2021-08-26,5.7,13.0,8.2
2021-08-27,6.4,67.1,70.3
2021-08-28,60.8,14.2,9.2
2021-08-29,4.0,13.3,8.5
2021-08-30,0.0,6.2,2.0
2021-08-31,5.6,3.6,0.0
2021-09-01,5.5,6.9,2.6
2021-09-03,52.9,50.1,60.3
2021-09-04,46.1,22.0,18.1
2021-09-05,63.6,6.2,2.0
2021-09-06,0.0,6.7,2.5
2021-09-07,2.1,0.2,0.0
2021-09-09,1.5,4.9,1.0
2021-09-10,0.0,6.9,2.7
2021-09-11,15.6,4.7,0.0
2021-09-12,12.3,8.6,3.0
2021-09-13,1.5,0.4,0.0
2021-09-14,0.0,41.7,56.0
2021-09-15,1.9,18.1,12.4
2021-09-16,22.8,2.1,0.0
2021-09-17,0.2,0.5,0.0
2021-09-18,0.0,0.0,0.0
2021-09-19,0.0,32.4,44.0
2021-09-20,11.3,10.8,5.4
2021-09-21,0.0,29.2,30.6
2021-09-22,6.8,0.0,0.0
2021-09-23,1.0,24.9,22.8
2021-09-24,89.2,11.5,5.2
2021-09-25,6.1,0.4,0.0
2021-09-26,1.7,8.4,2.6
2021-09-27,0.0,0.1,0.0
2021-09-28,0.0,2.0,0.0
2021-09-29,0.0,4.5,0.0
2021-09-30,0.7,0.3,0.0
2021-10-01,27.0,145.4,120.9
2021-10-02,13.2,1.6,0.0
2021-10-04,33.4,2.3,0.0
2021-10-05,0.4,29.3,24.5
2021-10-06,39.6,25.8,20.2
2021-10-07,5.1,11.1,7.1
2021-10-08,2.5,0.2,0.0
2021-10-09,0.0,28.8,23.6
2021-10-10,0.0,9.0,5.1
2021-10-11,2.7,3.8,2.7
2021-10-12,3.8,0.7,0.0
2021-10-13,0.0,0.6,0.0
2021-10-14,0.0,2.0,1.3
2021-10-15,35.5,0.5,0.0
2021-10-16,0.0,0.7,0.0
2021-10-17,0.0,3.4,2.4
2021-10-18,2.8,0.3,0.0
2021-10-19,0.0,5.3,3.9
2021-10-20,3.6,1.7,1.0
2021-10-21,0.0,2.9,1.4
2021-10-22,33.5,0.7,0.0
2021-10-23,0.5,0.7,0.0
2021-10-24,0.0,11.6,9.0
2021-10-25,66.0,3.0,1.4
2021-10-26,7.6,10.6,8.1
2021-10-27,1.3,4.4,2.7
2021-10-28,0.0,3.0,1.5
2021-10-29,0.0,90.0,76.7
2021-10-30,14.2,2.9,1.4
2021-10-31,65.2,17.7,14.1
2021-11-01,0.1,124.8,90.4
2021-11-02,70.7,18.5,12.9
2021-11-03,16.0,0.5,0.0
2021-11-04,22.5,15.1,10.2
2021-11-05,20.0,5.2,2.8
2021-11-06,0.0,24.5,17.4
2021-11-08,80.4,0.8,0.0
2021-11-09,7.5,23.5,16.7
2021-11-10,36.6,3.8,1.6
2021-11-11,6.0,6.6,3.2
2021-11-12,2.2,2.7,0.0
2021-11-13,119.7,38.7,36.9
2021-11-14,2.8,9.8,6.2
2021-11-15,46.5,3.2,1.0
2021-11-16,0.0,22.6,18.6
2021-11-17,1.6,2.9,1.0
2021-11-18,0.5,15.2,11.3
2021-11-19,8.9,6.9,3.5
2021-11-20,2.5,1.2,0.0
2021-11-22,5.3,19.2,16.3
2021-11-23,0.4,35.3,34.8
2021-11-24,73.2,1.0,0.0
2021-11-25,0.2,1.7,0.0
2021-11-26,0.0,7.7,5.3
2021-11-27,5.4,27.0,23.8
2021-11-28,86.3,21.9,19.0
2021-11-29,7.4,3.5,1.3
2021-11-30,13.7,19.6,16.8
2021-12-01,13.5,0.7,0.0
2021-12-02,0.0,0.8,0.0
2021-12-03,0.0,3.7,1.4
2021-12-04,3.6,3.9,1.6
2021-12-05,0.0,92.6,86.2
2021-12-06,33.3,2.5,1.0
2021-12-07,0.0,23.5,18.0
2021-12-08,17.1,2.9,1.0
2021-12-09,4.3,2.5,1.0
2021-12-10,0.0,17.3,12.7
2021-12-11,24.3,14.6,13.3
2021-12-12,28.9,9.6,8.7
2021-12-13,7.4,32.4,32.2
2021-12-14,26.0,33.7,33.5
2021-12-15,18.4,17.6,15.9
2021-12-17,7.6,4.5,4.1
2021-12-18,0.2,1.9,1.6
2021-12-20,2.6,10.7,9.8
2021-12-21,9.9,0.5,0.0
2021-12-22,0.0,49.7,39.6
2021-12-23,21.0,6.0,4.2
2021-12-24,0.0,2.9,1.7
2021-12-25,0.5,13.7,10.2
2021-12-26,1.4,17.3,12.9
2021-12-27,16.3,4.7,3.2
2021-12-28,20.1,16.2,12.0
2021-12-29,0.0,10.2,7.4
2021-12-30,2.6,0.8,0.0
2021-12-31,0.0,28.6,21.4
