date,gauge,imergl,lseqmdl
2001-01-01,1.2,5.9,4.9
2001-01-02,4.0,8.5,7.2
2001-01-03,1.2,6.4,5.3
2001-01-04,3.7,39.2,38.3
2001-01-05,7.0,7.1,5.9
2001-01-06,14.0,18.6,16.2
2001-01-07,19.0,19.3,16.6
2001-01-08,8.4,43.4,42.9
2001-01-09,11.7,15.1,13.0
2001-01-10,3.0,5.1,4.1
2001-01-12,0.3,9.3,9.2
2001-01-13,0.0,2.6,2.4
2001-01-14,0.0,6.2,6.1
2001-01-15,0.0,2.9,2.7
2001-01-16,0.0,11.5,11.3
2001-01-17,2.0,6.8,6.7
2001-01-18,1.5,3.0,2.8
2001-01-19,1.3,61.5,78.9
2001-01-20,1.3,31.4,39.1
2001-01-21,1.2,13.3,12.0
2001-01-22,11.9,44.8,37.2
2001-01-23,2.0,6.6,6.4
2001-01-24,2.0,42.9,36.0
2001-01-25,1.6,5.5,5.4
2001-01-26,14.0,0.0,0.0
2001-01-27,5.0,1.2,1.4
2001-01-28,22.0,81.0,72.6
2001-01-29,23.3,50.7,43.4
2001-01-30,5.0,19.5,16.8
2001-01-31,51.4,67.8,59.0
2001-02-01,51.4,11.6,13.1
2001-02-02,3.2,17.8,20.3
2001-02-03,6.5,8.9,10.1
2001-02-04,0.5,28.5,32.7
2001-02-05,0.8,5.3,6.1
2001-02-06,5.5,11.2,12.6
2001-02-07,3.8,48.8,59.8
2001-02-08,36.3,28.9,35.3
2001-02-09,34.3,2.5,2.8
2001-02-10,0.7,5.5,6.4
2001-02-11,11.0,2.6,3.3
2001-02-12,8.6,9.3,10.2
2001-02-13,3.2,2.5,3.3
2001-02-14,4.0,3.8,4.7
2001-02-15,4.9,0.8,0.0
2001-02-16,8.4,0.7,0.0
2001-02-17,1.2,0.4,0.0
2001-02-18,5.7,4.7,5.6
2001-02-20,2.0,0.0,0.0
2001-02-21,0.0,1.8,1.9
2001-02-22,0.5,0.0,0.0
2001-02-23,0.0,0.9,0.0
2001-02-24,0.0,0.5,0.0
2001-02-25,0.0,1.8,1.9
2001-02-26,0.0,0.1,0.0
2001-02-27,49.0,14.5,12.9
2001-02-28,7.4,25.6,21.4
2001-03-01,8.0,5.9,4.9
2001-03-02,0.0,1.4,1.0
2001-03-03,1.4,0.6,0.0
2001-03-04,0.0,0.1,0.0
2001-03-05,5.5,20.9,16.6
2001-03-06,1.6,3.8,3.1
2001-03-07,9.5,1.0,0.0
2001-03-08,5.5,41.7,34.4
2001-03-09,0.0,7.7,6.4
2001-03-10,5.0,4.3,3.5
2001-03-11,2.0,8.0,7.4
2001-03-12,0.8,1.9,1.2
2001-03-15,0.0,5.0,4.5
2001-03-16,0.0,3.2,2.7
2001-03-17,0.0,32.7,31.4
2001-03-18,7.5,42.7,39.8
2001-03-19,23.5,3.2,2.7
2001-03-20,6.5,3.1,2.6
2001-03-21,5.0,6.1,4.0
2001-03-22,1.2,13.0,8.7
2001-03-23,0.2,33.4,22.8
2001-03-24,18.0,10.9,7.2
2001-03-25,12.4,9.8,6.5
2001-03-26,3.2,32.6,22.9
2001-03-27,22.3,39.8,27.4
2001-03-28,54.0,24.0,16.2
2001-03-29,14.0,7.2,4.8
2001-03-30,0.9,2.1,1.4
2001-03-31,0.0,24.7,17.5
2001-04-01,9.0,5.9,4.9
2001-04-02,0.0,13.2,12.2
2001-04-03,8.3,15.1,13.9
2001-04-04,15.9,31.3,33.8
2001-04-05,40.0,26.8,28.9
2001-04-06,16.0,10.2,9.2
2001-04-07,0.5,9.4,8.5
2001-04-08,0.9,3.7,2.5
2001-04-10,5.0,2.8,1.5
2001-04-11,13.0,4.7,5.1
2001-04-12,0.1,3.9,4.5
2001-04-13,3.9,39.7,35.1
2001-04-14,8.5,21.6,20.4
2001-04-15,23.0,8.1,8.1
2001-04-16,6.8,26.8,23.2
2001-04-17,5.5,6.6,6.7
2001-04-18,27.5,1.9,2.8
2001-04-19,44.0,0.0,0.0
2001-04-20,0.0,0.0,0.0
2001-04-21,0.0,0.0,0.0
2001-04-22,0.0,0.0,0.0
2001-04-23,0.0,0.5,0.0
2001-04-24,1.4,31.3,30.6
2001-04-25,4.7,31.3,31.1
2001-04-26,9.7,0.1,0.0
2001-04-27,0.0,1.0,1.1
2001-04-28,0.0,0.0,0.0
2001-04-29,0.6,0.0,0.0
2001-04-30,0.0,0.0,0.0
2001-05-01,0.0,4.2,3.8
2001-05-02,0.0,14.8,14.4
2001-05-03,14.0,0.5,0.0
2001-05-04,1.4,2.0,1.7
2001-05-05,1.4,18.6,20.3
2001-05-06,2.5,0.0,0.0
2001-05-07,0.0,0.0,0.0
2001-05-08,0.0,0.2,0.0
2001-05-09,0.0,12.4,12.1
2001-05-11,0.0,0.0,0.0
2001-05-12,0.0,0.0,0.0
2001-05-13,0.0,0.9,0.0
2001-05-14,0.0,3.5,3.5
2001-05-15,0.0,5.6,5.0
2001-05-16,1.7,0.6,0.0
2001-05-17,0.0,0.0,0.0
2001-05-18,0.0,5.6,5.0
2001-05-19,9.4,2.4,2.7
2001-05-20,0.0,0.1,0.0
2001-05-21,1.0,19.4,22.7
2001-05-22,30.0,1.3,1.3
2001-05-23,5.3,56.5,55.4
2001-05-24,7.7,4.7,5.1
2001-05-26,1.2,1.0,1.0
2001-05-27,5.0,9.1,9.8
2001-05-28,2.3,0.0,0.0
2001-05-29,0.0,12.6,13.7
2001-05-30,0.0,0.5,0.0
2001-05-31,0.0,1.0,1.0
2001-06-01,0.0,3.6,3.2
2001-06-02,30.7,4.5,3.8
2001-06-03,2.2,6.1,4.8
2001-06-04,2.2,2.7,2.7
2001-06-05,2.7,3.1,2.9
2001-06-06,0.0,21.1,13.2
2001-06-07,1.4,0.2,0.0
2001-06-08,1.5,56.7,52.5
2001-06-09,0.3,16.8,11.7
2001-06-10,0.0,49.5,43.1
2001-06-11,11.5,0.0,0.0
2001-06-12,0.0,0.2,0.0
2001-06-13,1.8,2.2,2.4
2001-06-14,2.2,5.4,5.6
2001-06-15,0.0,20.2,22.0
2001-06-16,11.5,1.5,1.7
2001-06-17,0.0,0.0,0.0
2001-06-18,0.0,0.7,0.0
2001-06-19,0.0,0.4,0.0
2001-06-20,0.0,0.3,0.0
2001-06-21,2.5,0.0,0.0
2001-06-22,0.0,0.0,0.0
2001-06-23,0.0,0.0,0.0
2001-06-24,0.0,1.6,1.6
2001-06-25,2.6,0.0,0.0
2001-06-26,1.0,0.0,0.0
2001-06-27,13.4,0.0,0.0
2001-06-28,0.0,0.0,0.0
2001-06-29,0.0,0.0,0.0
2001-06-30,0.0,0.3,0.0
2001-07-01,0.0,0.0,0.0
2001-07-02,0.0,0.0,0.0
2001-07-03,0.0,0.2,0.0
2001-07-04,0.0,0.0,0.0
2001-07-05,0.0,0.0,0.0
2001-07-06,0.0,0.0,0.0
2001-07-07,0.0,0.0,0.0
2001-07-08,0.0,0.1,0.0
2001-07-09,0.5,0.0,0.0
2001-07-11,34.0,1.7,1.7
2001-07-12,3.0,0.0,0.0
2001-07-13,0.0,0.0,0.0
2001-07-14,0.0,0.0,0.0
2001-07-15,0.0,1.0,0.0
2001-07-16,6.0,5.9,5.9
2001-07-17,0.3,9.2,8.4
2001-07-18,54.0,2.1,2.1
2001-07-19,0.0,0.6,0.0
2001-07-20,12.5,12.2,10.3
2001-07-21,52.5,3.5,4.2
2001-07-22,18.0,1.2,0.0
2001-07-23,0.6,0.0,0.0
2001-07-24,0.0,0.8,0.0
2001-07-25,0.0,7.2,5.9
2001-07-26,5.8,0.3,0.0
2001-07-27,0.0,0.0,0.0
2001-07-28,0.0,0.0,0.0
2001-07-29,0.0,0.0,0.0
2001-07-30,0.0,0.0,0.0
2001-07-31,0.0,0.0,0.0
2001-08-01,0.0,0.0,0.0
2001-08-02,0.0,1.7,3.0
2001-08-03,0.0,6.7,7.6
2001-08-04,20.9,16.0,13.8
2001-08-05,1.0,0.0,0.0
2001-08-06,0.0,0.0,0.0
2001-08-07,0.0,0.0,0.0
2001-08-08,0.0,0.0,0.0
2001-08-09,0.0,3.1,4.3
2001-08-10,29.5,0.0,0.0
2001-08-11,0.4,0.0,0.0
2001-08-12,0.5,4.3,3.7
2001-08-13,0.0,0.2,0.0
2001-08-14,0.0,2.7,2.5
2001-08-15,0.0,0.0,0.0
2001-08-16,0.0,1.8,1.9
2001-08-17,0.0,2.9,2.7
2001-08-18,0.0,0.5,0.0
2001-08-19,0.0,2.7,2.7
2001-08-20,0.0,0.0,0.0
2001-08-21,0.0,0.0,0.0
2001-08-22,0.0,0.0,0.0
2001-08-23,0.0,0.0,0.0
2001-08-24,0.0,0.0,0.0
2001-08-25,0.0,0.0,0.0
2001-08-26,0.0,0.0,0.0
2001-08-27,0.0,0.0,0.0
2001-08-28,0.0,0.0,0.0
2001-08-29,0.0,0.0,0.0
2001-08-30,0.0,2.6,2.8
2001-08-31,0.0,8.4,9.5
2001-09-01,1.6,18.4,24.3
2001-09-02,13.3,10.9,12.5
2001-09-03,0.0,33.2,36.4
2001-09-04,34.5,3.3,5.3
2001-09-05,22.0,0.7,0.0
2001-09-06,0.0,0.8,0.0
2001-09-07,0.0,0.3,0.0
2001-09-08,5.6,0.8,0.0
2001-09-09,0.0,0.1,0.0
2001-09-10,0.0,0.0,0.0
2001-09-11,0.0,3.5,6.3
2001-09-12,0.0,8.4,9.3
2001-09-13,0.0,3.0,5.1
2001-09-14,0.0,0.0,0.0
2001-09-15,0.0,0.0,0.0
2001-09-16,0.0,0.0,0.0
2001-09-17,0.0,0.0,0.0
2001-09-18,0.2,1.6,3.8
2001-09-19,0.0,0.0,0.0
2001-09-20,0.0,0.9,0.0
2001-09-21,0.8,0.0,0.0
2001-09-22,5.8,1.8,3.1
2001-09-23,2.8,22.2,14.6
2001-09-24,17.2,0.7,0.0
2001-09-25,0.0,0.0,0.0
2001-09-26,0.0,5.2,5.2
2001-09-28,0.0,3.9,4.4
2001-09-29,3.2,0.0,0.0
2001-10-01,2.1,9.1,10.1
2001-10-02,33.5,41.8,48.3
2001-10-03,46.7,11.5,11.9
2001-10-04,4.4,24.7,25.7
2001-10-05,32.8,8.2,9.5
2001-10-06,4.3,4.2,5.4
2001-10-07,12.3,11.4,12.0
2001-10-08,7.2,11.8,11.9
2001-10-09,4.2,20.8,21.4
2001-10-16,2.1,13.9,12.3
2001-10-17,52.9,3.3,3.4
2001-10-18,15.9,21.1,18.0
2001-10-19,4.5,9.9,9.3
2001-10-20,25.0,23.0,19.1
2001-10-21,2.5,66.2,42.7
2001-10-22,41.3,30.5,20.2
2001-10-23,5.4,41.1,27.7
2001-10-24,19.4,18.0,12.7
2001-10-25,6.3,20.6,14.1
2001-10-26,13.2,50.5,33.3
2001-10-27,49.4,5.0,4.7
2001-10-28,0.5,0.7,0.0
2001-10-29,0.8,8.9,7.1
2001-10-30,11.5,3.4,3.7
2001-10-31,11.5,1.1,0.0
2001-11-01,0.0,30.8,24.8
2001-11-02,44.0,4.8,4.7
2001-11-03,14.8,4.7,4.6
2001-11-04,21.0,11.9,9.8
2001-11-05,10.5,4.5,4.5
2001-11-06,28.5,19.7,15.2
2001-11-07,40.0,15.6,12.3
2001-11-08,16.5,11.1,9.2
2001-11-09,0.3,29.7,23.7
2001-11-10,12.9,6.2,5.7
2001-11-11,3.0,0.5,0.0
2001-11-12,0.0,0.4,0.0
2001-11-13,10.0,0.2,0.0
2001-11-14,0.0,31.7,21.4
2001-11-15,22.8,52.4,33.4
2001-11-16,13.2,34.3,23.0
2001-11-17,51.6,34.4,23.1
2001-11-18,5.0,84.8,52.3
2001-11-19,38.8,39.8,24.8
2001-11-20,20.3,47.9,30.5
2001-11-21,30.2,36.9,24.2
2001-11-22,26.3,9.0,5.2
2001-11-23,1.4,6.4,3.2
2001-11-24,5.5,47.2,31.1
2001-11-25,39.0,25.2,16.7
2001-11-26,16.0,14.8,9.3
2001-11-27,1.5,14.4,9.0
2001-11-28,33.9,36.7,23.4
2001-11-29,18.0,17.5,11.2
2001-11-30,1.4,11.2,6.7
2001-12-01,29.5,14.5,8.9
2001-12-02,0.0,5.2,1.4
2001-12-03,0.0,6.3,2.3
2001-12-04,0.0,5.7,1.8
2001-12-05,0.0,0.7,0.0
2001-12-06,0.0,4.3,1.0
2001-12-07,0.0,5.5,1.6
2001-12-08,0.0,0.4,0.0
2001-12-09,0.0,0.1,0.0
2001-12-10,0.0,1.1,0.0
2001-12-11,0.0,2.5,0.0
2001-12-12,0.0,2.3,0.0
2001-12-13,4.0,0.2,0.0
2001-12-14,0.0,13.6,8.6
2001-12-15,0.0,4.5,1.5
2001-12-16,0.7,8.1,4.3
2001-12-17,0.0,4.8,1.8
2001-12-18,0.0,0.5,0.0
2001-12-19,0.5,0.0,0.0
2001-12-20,0.9,0.7,0.0
2001-12-21,0.0,0.0,0.0
2001-12-22,0.0,0.0,0.0
2001-12-23,0.0,0.0,0.0
2001-12-24,0.0,0.0,0.0
2001-12-25,0.0,17.0,12.2
2001-12-26,23.5,2.8,1.2
2001-12-27,15.4,1.6,0.0
2001-12-28,0.0,3.4,1.8
2001-12-29,0.0,2.9,1.4
2001-12-30,0.0,5.6,3.5
2001-12-31,1.0,1.0,0.0
2002-01-01,0.4,39.4,38.6
2002-01-02,7.2,1.3,1.0
2002-01-03,0.0,0.0,0.0
2002-01-04,0.0,0.0,0.0
2002-01-05,0.0,0.0,0.0
2002-01-06,0.0,1.9,1.3
2002-01-07,0.0,11.2,9.6
2002-01-08,0.0,3.2,2.4
2002-01-09,40.0,1.1,0.0
2002-01-10,0.6,39.4,37.6
2002-01-11,20.4,10.0,9.9
2002-01-13,0.0,6.1,6.1
2002-01-14,3.6,1.9,1.5
2002-01-15,25.6,0.6,0.0
2002-01-16,0.0,210.2,88.5
2002-01-17,25.0,204.0,87.5
2002-01-18,11.0,83.7,88.6
2002-01-19,12.2,60.5,76.9
2002-01-20,54.7,12.1,11.9
2002-01-21,1.4,16.6,14.6
2002-01-22,18.3,59.5,50.9
2002-01-23,14.2,30.8,26.5
2002-01-24,35.5,79.2,71.7
2002-01-25,10.0,61.7,53.0
2002-01-26,12.0,26.0,22.8
2002-01-27,29.5,22.5,20.1
2002-01-28,0.5,12.3,11.1
2002-01-29,2.2,11.4,10.4
2002-01-30,7.5,16.0,14.1
2002-01-31,33.0,6.7,6.5
2002-02-01,5.0,2.6,3.0
2002-02-03,0.0,9.6,10.9
2002-02-04,1.5,6.6,7.6
2002-02-05,1.6,2.6,3.0
2002-02-06,2.5,7.5,8.6
2002-02-07,1.8,8.8,10.0
2002-02-08,0.8,0.4,0.0
2002-02-09,0.4,2.4,2.7
2002-02-10,4.2,5.6,6.4
2002-02-11,4.0,1.1,1.7
2002-02-12,1.5,3.5,4.3
2002-02-13,18.7,8.4,9.3
2002-02-14,10.7,10.5,11.3
2002-02-15,2.4,4.3,5.1
2002-02-16,0.0,0.5,0.0
2002-02-17,0.0,0.1,0.0
2002-02-18,1.2,1.0,1.5
2002-02-20,1.0,13.3,14.0
2002-02-21,15.0,10.6,9.7
2002-02-22,5.1,4.2,4.1
2002-02-24,3.0,1.7,1.9
2002-02-25,1.0,0.7,0.0
2002-02-26,0.0,0.0,0.0
2002-02-27,0.0,0.0,0.0
2002-02-28,0.0,0.1,0.0
2002-03-01,2.5,39.4,32.5
2002-03-02,9.0,0.8,0.0
2002-03-03,0.0,0.1,0.0
2002-03-04,0.0,19.2,15.4
2002-03-05,46.0,2.8,2.2
2002-03-06,35.4,5.0,4.1
2002-03-07,0.2,5.8,4.8
2002-03-08,0.0,27.6,22.5
2002-03-09,6.0,0.3,0.0
2002-03-10,8.0,0.3,0.0
2002-03-11,0.0,18.2,16.7
2002-03-12,21.5,35.9,34.9
2002-03-13,16.1,0.0,0.0
2002-03-14,1.3,5.3,4.8
2002-03-15,33.2,2.2,1.5
2002-03-16,28.0,6.1,5.6
2002-03-17,1.5,12.9,11.9
2002-03-18,6.2,3.2,2.7
2002-03-19,0.0,5.7,5.2
2002-03-20,21.7,6.8,6.3
2002-03-21,0.8,0.1,0.0
2002-03-22,0.0,0.4,0.0
2002-03-23,5.8,0.4,0.0
2002-03-24,5.0,4.2,2.7
2002-03-25,11.2,25.6,18.6
2002-03-26,30.8,3.6,2.4
2002-03-27,13.6,36.8,25.1
2002-03-28,13.8,16.5,11.0
2002-03-29,5.5,18.0,12.0
2002-03-30,11.2,28.6,19.7
2002-03-31,9.8,46.8,33.7
2002-04-01,6.0,0.9,0.0
2002-04-02,0.0,43.4,44.3
2002-04-03,14.0,6.1,5.1
2002-04-04,0.2,5.2,4.2
2002-04-05,0.3,17.0,19.1
2002-04-06,6.8,13.4,12.4
2002-04-07,1.0,6.4,5.4
2002-04-08,0.0,0.0,0.0
2002-04-09,0.0,3.2,2.0
2002-04-10,7.4,2.9,1.6
2002-04-11,3.4,2.7,3.4
2002-04-12,1.0,0.0,0.0
2002-04-13,0.0,3.0,3.7
2002-04-14,0.0,0.2,0.0
2002-04-15,0.0,3.0,3.7
2002-04-16,0.5,39.2,35.0
2002-04-17,17.0,16.4,15.2
2002-04-18,19.7,30.2,26.7
2002-04-19,16.4,5.5,5.7
2002-04-20,11.0,28.1,25.1
2002-04-21,23.2,2.3,2.6
2002-04-22,28.2,4.9,5.3
2002-04-23,0.3,12.1,12.6
2002-04-24,3.1,4.4,4.8
2002-04-25,22.0,5.0,5.5
2002-04-26,0.0,0.0,0.0
2002-04-27,2.0,0.0,0.0
2002-04-28,0.0,0.1,0.0
2002-04-29,0.0,0.0,0.0
2002-04-30,0.0,0.0,0.0
2002-05-01,0.0,0.1,0.0
2002-05-02,10.0,0.0,0.0
2002-05-03,0.0,0.1,0.0
2002-05-04,1.5,0.6,0.0
2002-05-05,0.0,0.7,0.0
2002-05-06,14.0,0.3,0.0
2002-05-07,0.0,9.3,8.6
2002-05-08,0.1,12.6,12.2
2002-05-09,0.0,33.0,33.3
2002-05-10,3.0,17.7,18.6
2002-05-11,1.4,6.6,5.7
2002-05-12,0.0,2.2,2.5
2002-05-13,0.0,0.0,0.0
2002-05-14,0.0,0.0,0.0
2002-05-15,0.0,0.4,0.0
2002-05-16,0.0,4.3,4.1
2002-05-17,13.5,0.0,0.0
2002-05-18,0.0,0.0,0.0
2002-05-19,0.0,0.0,0.0
2002-05-20,0.0,0.0,0.0
2002-05-21,0.0,0.0,0.0
2002-05-22,0.0,0.0,0.0
2002-05-23,0.0,0.0,0.0
2002-05-24,0.0,0.0,0.0
2002-05-25,0.0,0.0,0.0
2002-05-26,0.0,0.0,0.0
2002-05-27,0.0,0.0,0.0
2002-05-28,9.0,0.0,0.0
2002-05-29,0.0,0.0,0.0
2002-05-30,2.5,0.0,0.0
2002-05-31,0.0,0.9,0.0
2002-06-01,0.0,0.5,0.0
2002-06-02,0.9,0.0,0.0
2002-06-03,0.0,12.8,9.0
2002-06-04,25.8,3.1,2.9
2002-06-05,0.0,4.1,3.6
2002-06-06,0.0,0.0,0.0
2002-06-07,0.0,5.0,4.1
2002-06-08,2.4,3.4,3.1
2002-06-09,0.0,1.9,2.1
2002-06-10,0.0,0.0,0.0
2002-06-11,0.0,1.9,2.1
2002-06-12,0.0,0.2,0.0
2002-06-13,0.0,4.8,5.0
2002-06-14,1.4,0.2,0.0
2002-06-15,0.0,0.0,0.0
2002-06-16,0.0,0.0,0.0
2002-06-17,0.0,0.0,0.0
2002-06-18,0.0,0.9,0.0
2002-06-19,0.0,0.8,0.0
2002-06-20,0.0,0.0,0.0
2002-06-21,0.0,0.1,0.0
2002-06-22,4.4,0.0,0.0
2002-06-23,4.7,0.0,0.0
2002-06-24,0.0,0.0,0.0
2002-06-25,0.0,2.5,2.4
2002-06-26,3.0,2.3,2.2
2002-06-27,0.0,2.2,2.2
2002-06-28,9.0,2.1,2.0
2002-06-29,0.0,0.3,0.0
2002-06-30,2.5,0.0,0.0
2002-07-01,0.0,0.0,0.0
2002-07-02,0.0,0.0,0.0
2002-07-03,0.0,0.1,0.0
2002-07-04,0.0,2.9,3.4
2002-07-05,0.0,0.0,0.0
2002-07-06,0.0,9.2,8.3
2002-07-07,6.5,8.0,7.6
2002-07-08,32.0,19.1,15.4
2002-07-12,0.0,0.0,0.0
2002-07-13,0.0,1.3,1.3
2002-07-15,9.5,2.1,2.1
2002-07-16,0.8,4.2,4.1
2002-07-17,4.2,17.1,14.0
2002-07-18,14.5,35.7,26.9
2002-07-19,13.0,10.4,9.3
2002-07-20,31.9,0.1,0.0
2002-07-21,9.5,0.0,0.0
2002-07-22,0.0,0.0,0.0
2002-07-23,0.0,0.8,0.0
2002-07-24,0.0,0.0,0.0
2002-07-25,0.0,1.0,0.0
2002-07-26,0.0,1.0,0.0
2002-07-27,0.0,0.1,0.0
2002-07-28,0.0,0.0,0.0
2002-07-29,0.0,0.0,0.0
2002-07-30,0.0,0.0,0.0
2002-07-31,0.0,0.0,0.0
2002-08-01,0.0,0.3,0.0
2002-08-02,0.0,0.0,0.0
2002-08-03,0.0,0.0,0.0
2002-08-04,0.0,0.0,0.0
2002-08-05,0.0,0.0,0.0
2002-08-06,0.0,0.0,0.0
2002-08-07,0.0,0.0,0.0
2002-08-08,0.0,7.8,8.7
2002-08-09,0.0,27.7,30.4
2002-08-10,0.0,0.0,0.0
2002-08-11,15.0,0.0,0.0
2002-08-12,0.0,0.0,0.0
2002-08-13,0.0,2.0,2.1
2002-08-14,0.0,0.0,0.0
2002-08-15,0.0,0.0,0.0
2002-08-16,0.0,1.0,0.0
2002-08-17,0.0,0.3,0.0
2002-08-18,0.0,0.0,0.0
2002-08-19,0.6,0.0,0.0
2002-08-20,0.0,0.0,0.0
2002-08-21,0.0,0.0,0.0
2002-08-22,0.0,0.0,0.0
2002-08-23,0.0,0.0,0.0
2002-08-24,22.2,0.0,0.0
2002-08-25,0.0,0.0,0.0
2002-08-26,0.0,0.0,0.0
2002-08-27,0.0,0.0,0.0
2002-08-28,0.0,0.0,0.0
2002-08-29,0.0,0.0,0.0
2002-08-30,0.0,0.0,0.0
2002-08-31,0.0,0.0,0.0
2002-09-01,0.0,0.0,0.0
2002-09-02,0.0,0.0,0.0
2002-09-03,0.0,0.0,0.0
2002-09-04,0.0,0.0,0.0
2002-09-05,0.0,0.0,0.0
2002-09-06,0.0,0.0,0.0
2002-09-07,0.0,0.1,0.0
2002-09-08,0.0,0.0,0.0
2002-09-09,0.0,1.9,3.5
2002-09-10,0.0,0.0,0.0
2002-09-11,0.0,0.0,0.0
2002-09-12,0.0,0.0,0.0
2002-09-13,0.0,0.0,0.0
2002-09-14,0.0,1.3,3.6
2002-09-15,0.0,4.7,6.3
2002-09-16,0.0,1.0,3.2
2002-09-17,0.0,0.0,0.0
2002-09-18,0.0,0.0,0.0
2002-09-19,0.0,0.1,0.0
2002-09-20,0.0,0.0,0.0
2002-09-21,0.0,0.0,0.0
2002-09-22,0.0,0.0,0.0
2002-09-23,0.0,0.0,0.0
2002-09-24,0.0,0.1,0.0
2002-09-25,0.0,0.1,0.0
2002-09-26,0.0,0.0,0.0
2002-09-27,0.0,8.4,7.5
2002-09-28,10.3,45.0,28.6
2002-09-29,0.0,1.6,3.0
2002-09-30,0.0,0.0,0.0
2002-10-01,0.0,0.0,0.0
2002-10-02,0.0,0.0,0.0
2002-10-03,0.0,0.0,0.0
2002-10-04,0.0,0.0,0.0
2002-10-05,0.0,0.1,0.0
2002-10-06,17.8,0.1,0.0
2002-10-07,0.0,1.4,2.7
2002-10-08,0.2,0.0,0.0
2002-10-09,0.3,0.0,0.0
2002-10-10,0.0,0.0,0.0
2002-10-11,0.0,0.0,0.0
2002-10-12,0.0,0.0,0.0
2002-10-13,0.0,0.0,0.0
2002-10-14,0.0,0.0,0.0
2002-10-15,0.0,0.0,0.0
2002-10-16,0.0,0.0,0.0
2002-10-17,0.0,0.0,0.0
2002-10-18,0.0,3.1,3.1
2002-10-19,0.0,0.0,0.0
2002-10-20,0.0,0.5,0.0
2002-10-21,0.0,1.1,0.0
2002-10-22,0.0,1.0,0.0
2002-10-23,0.0,0.0,0.0
2002-10-24,0.0,0.0,0.0
2002-10-25,0.0,0.0,0.0
2002-10-26,0.0,0.0,0.0
2002-10-27,0.0,0.4,0.0
2002-10-28,0.0,8.9,7.1
2002-10-29,2.5,0.2,0.0
2002-10-30,0.0,0.1,0.0
2002-10-31,0.0,0.3,0.0
2002-11-01,0.0,1.4,2.0
2002-11-02,0.0,0.0,0.0
2002-11-03,0.0,0.0,0.0
2002-11-04,0.0,14.4,11.5
2002-11-05,6.5,2.1,2.5
2002-11-06,0.2,0.3,0.0
2002-11-07,0.0,0.1,0.0
2002-11-08,0.0,0.5,0.0
2002-11-09,0.0,1.4,2.0
2002-11-10,0.0,4.4,4.4
2002-11-11,0.0,0.1,0.0
2002-11-12,0.0,0.5,0.0
2002-11-13,0.4,12.9,9.0
2002-11-14,0.8,0.9,0.0
2002-11-15,0.0,1.3,0.0
2002-11-16,0.0,0.1,0.0
2002-11-17,0.0,0.9,0.0
2002-11-18,0.0,30.7,20.3
2002-11-19,24.8,35.1,23.7
2002-11-20,24.5,11.7,8.1
2002-11-21,26.0,35.9,23.4
2002-11-22,0.8,20.2,13.1
2002-11-24,3.0,9.2,5.3
2002-11-25,6.0,35.9,23.9
2002-11-26,64.0,10.5,6.3
2002-11-27,0.0,28.0,18.8
2002-11-28,11.0,46.4,31.1
2002-11-29,27.0,2.1,0.0
2002-11-30,0.5,4.9,2.1
2002-12-01,2.7,3.1,0.0
2002-12-02,0.0,26.5,20.7
2002-12-03,0.5,0.2,0.0
2002-12-04,0.0,0.4,0.0
2002-12-05,0.0,32.4,26.7
2002-12-06,61.0,12.0,6.9
2002-12-07,13.5,16.2,10.2
2002-12-08,27.0,21.6,14.6
2002-12-09,19.2,9.5,4.9
2002-12-10,23.7,10.3,5.5
2002-12-12,23.0,15.2,9.7
2002-12-13,1.3,45.1,34.8
2002-12-14,82.4,61.2,48.8
2002-12-15,23.0,4.8,1.8
2002-12-16,19.7,5.2,2.1
2002-12-17,15.0,0.0,0.0
2002-12-18,0.0,0.9,0.0
2002-12-19,0.0,1.0,0.0
2002-12-20,0.0,3.7,1.0
2002-12-21,0.0,11.4,8.0
2002-12-23,1.7,24.2,20.6
2002-12-24,18.1,48.5,39.6
2002-12-25,8.5,128.1,54.1
2002-12-26,79.5,25.3,20.9
2002-12-27,17.5,64.3,47.7
2002-12-28,15.5,22.5,16.1
2002-12-29,0.3,9.5,6.6
2002-12-30,0.3,35.4,30.0
2002-12-31,3.8,5.1,3.2
2003-01-01,0.5,2.1,1.4
2003-01-03,0.2,22.4,17.7
2003-01-04,4.0,1.9,1.3
2003-01-05,0.0,5.8,4.7
2003-01-06,19.7,2.2,1.6
2003-01-07,0.0,0.0,0.0
2003-01-08,0.0,0.9,0.0
2003-01-09,4.2,0.0,0.0
2003-01-10,0.0,0.1,0.0
2003-01-11,0.0,0.0,0.0
2003-01-12,0.0,0.5,0.0
2003-01-13,0.0,0.0,0.0
2003-01-14,0.0,0.0,0.0
2003-01-15,0.0,0.0,0.0
2003-01-16,0.0,7.8,7.7
2003-01-17,0.5,0.9,0.0
2003-01-18,0.0,0.6,0.0
2003-01-19,0.0,0.1,0.0
2003-01-20,0.0,2.6,2.4
2003-01-21,0.0,5.5,5.4
2003-01-22,0.7,10.1,9.3
2003-01-23,4.5,4.0,4.1
2003-01-24,0.0,13.4,12.0
2003-01-25,2.2,32.4,27.7
2003-01-26,6.5,6.6,6.4
2003-01-27,0.2,0.9,0.0
2003-01-28,0.0,84.7,72.7
2003-01-29,22.0,8.9,8.3
2003-01-30,2.4,26.3,23.9
2003-01-31,1.5,21.4,18.8
2003-02-01,22.7,92.7,86.1
2003-02-02,17.5,45.5,56.3
2003-02-03,28.5,8.9,10.2
2003-02-04,15.5,27.4,33.5
2003-02-05,10.5,6.3,7.3
2003-02-07,0.1,15.1,16.8
2003-02-08,15.0,0.3,0.0
2003-02-09,0.0,7.7,8.8
2003-02-10,1.5,0.7,0.0
2003-02-11,30.0,35.8,33.8
2003-02-12,25.3,2.2,2.9
2003-02-13,6.1,0.1,0.0
2003-02-14,0.0,4.5,5.3
2003-02-15,7.2,27.0,27.1
2003-02-16,10.7,35.5,34.9
2003-02-17,33.8,30.1,30.0
2003-02-18,11.8,20.0,20.3
2003-02-19,1.4,5.1,5.9
2003-02-20,0.5,1.0,1.6
2003-02-21,3.7,1.1,0.0
2003-02-22,1.2,5.1,4.9
2003-02-23,0.3,2.7,2.8
2003-02-24,9.6,0.4,0.0
2003-02-25,0.0,2.5,2.6
2003-02-26,7.8,4.0,4.0
2003-02-27,4.7,5.1,4.9
2003-02-28,0.2,6.0,5.7
2003-03-01,0.0,1.8,1.1
2003-03-02,7.1,0.9,0.0
2003-03-03,9.5,4.3,3.5
2003-03-04,0.4,5.6,4.6
2003-03-05,1.0,29.3,24.3
2003-03-06,15.5,44.0,36.2
2003-03-07,4.5,23.5,19.8
2003-03-08,6.5,5.9,5.0
2003-03-09,0.0,30.5,27.4
2003-03-10,3.7,1.0,0.0
2003-03-11,2.1,33.4,32.5
2003-03-12,19.3,0.0,0.0
2003-03-13,17.0,2.2,1.6
2003-03-14,67.2,0.0,0.0
2003-03-15,0.0,0.1,0.0
2003-03-16,0.0,3.8,3.3
2003-03-17,20.5,10.5,9.8
2003-03-18,12.0,2.4,1.8
2003-03-19,6.7,1.3,1.0
2003-03-20,0.0,4.5,4.0
2003-03-21,64.0,2.4,1.5
2003-03-22,55.0,7.7,5.1
2003-03-23,16.0,0.5,0.0
2003-03-24,0.3,0.0,0.0
2003-03-25,10.5,7.3,4.9
2003-03-26,0.5,0.0,0.0
2003-03-27,0.0,11.9,7.9
2003-03-28,17.5,0.3,0.0
2003-03-30,0.0,0.2,0.0
2003-03-31,2.2,14.5,9.7
2003-04-02,0.0,38.5,38.6
2003-04-03,1.3,0.0,0.0
2003-04-04,13.0,1.5,0.0
2003-04-05,0.0,3.5,2.3
2003-04-06,0.0,0.0,0.0
2003-04-07,0.0,0.5,0.0
2003-04-08,0.0,0.2,0.0
2003-04-09,0.0,8.1,7.1
2003-04-10,1.5,4.2,3.1
2003-04-11,76.0,3.1,3.8
2003-04-12,0.5,0.0,0.0
2003-04-13,0.0,2.2,3.0
2003-04-14,1.5,3.3,3.9
2003-04-15,3.5,0.3,0.0
2003-04-16,0.0,0.3,0.0
2003-04-17,0.0,0.8,0.0
2003-04-18,0.0,0.0,0.0
2003-04-19,3.4,0.9,0.0
2003-04-20,0.0,7.1,7.2
2003-04-21,2.7,1.7,1.9
2003-04-22,3.0,10.8,11.3
2003-04-23,1.2,5.3,5.8
2003-04-24,0.0,0.1,0.0
2003-04-25,0.0,0.4,0.0
2003-04-26,0.0,1.0,1.1
2003-04-27,10.7,2.2,2.5
2003-04-28,11.0,7.4,7.9
2003-04-29,6.7,9.5,10.1
2003-04-30,0.0,6.8,7.3
2003-05-01,1.4,9.0,8.3
2003-05-02,0.0,7.4,6.9
2003-05-03,0.0,1.5,1.2
2003-05-04,0.0,0.0,0.0
2003-05-05,0.0,3.8,3.5
2003-05-06,0.0,7.5,7.0
2003-05-07,0.8,6.6,6.1
2003-05-08,31.5,5.9,5.4
2003-05-09,2.5,1.1,1.0
2003-05-10,0.0,2.3,2.0
2003-05-11,3.3,1.7,2.1
2003-05-12,24.6,5.7,5.1
2003-05-13,11.0,2.3,2.6
2003-05-14,1.7,0.0,0.0
2003-05-15,0.0,3.9,3.8
2003-05-16,11.0,0.4,0.0
2003-05-18,0.0,0.0,0.0
2003-05-19,0.0,3.1,3.1
2003-05-20,20.6,1.2,0.0
2003-05-21,1.5,0.0,0.0
2003-05-22,0.0,0.0,0.0
2003-05-23,0.0,0.0,0.0
2003-05-24,0.7,0.3,0.0
2003-05-25,0.1,0.0,0.0
2003-05-26,0.0,0.0,0.0
2003-05-27,0.0,0.0,0.0
2003-05-28,0.0,0.0,0.0
2003-05-29,1.0,0.0,0.0
2003-05-30,0.0,3.6,3.9
2003-05-31,0.0,3.4,3.6
2003-06-01,0.0,0.0,0.0
2003-06-02,0.0,0.0,0.0
2003-06-03,0.0,0.0,0.0
2003-06-04,0.0,0.1,0.0
2003-06-05,0.0,0.1,0.0
2003-06-06,0.0,0.7,0.0
2003-06-07,34.0,0.0,0.0
2003-06-08,0.0,0.0,0.0
2003-06-09,0.0,0.0,0.0
2003-06-10,0.0,0.0,0.0
2003-06-11,0.0,0.0,0.0
2003-06-12,0.0,0.0,0.0
2003-06-13,0.0,1.2,1.4
2003-06-14,0.4,0.0,0.0
2003-06-15,0.0,0.0,0.0
2003-06-16,0.0,0.1,0.0
2003-06-17,0.0,0.0,0.0
2003-06-18,0.0,0.0,0.0
2003-06-19,3.0,0.1,0.0
2003-06-20,0.0,0.9,0.0
2003-06-21,0.0,3.2,3.0
2003-06-23,0.0,0.0,0.0
2003-06-24,0.0,8.9,7.4
2003-06-25,0.0,0.0,0.0
2003-06-26,0.0,0.0,0.0
2003-06-27,0.0,0.0,0.0
2003-06-28,0.0,0.0,0.0
2003-06-29,0.0,0.0,0.0
2003-06-30,0.0,0.0,0.0
2003-07-01,0.0,0.0,0.0
2003-07-02,0.0,1.7,2.3
2003-07-03,0.0,0.0,0.0
2003-07-04,0.0,0.0,0.0
2003-07-05,0.0,0.2,0.0
2003-07-06,0.0,0.0,0.0
2003-07-07,0.0,0.7,0.0
2003-07-08,0.0,0.8,0.0
2003-07-09,0.0,1.4,1.9
2003-07-10,0.0,0.0,0.0
2003-07-11,0.0,0.9,0.0
2003-07-12,0.0,5.1,5.4
2003-07-13,0.0,0.0,0.0
2003-07-15,0.0,1.9,1.9
2003-07-16,0.0,13.0,10.6
2003-07-17,0.0,0.0,0.0
2003-07-18,0.0,0.2,0.0
2003-07-19,0.0,3.4,3.3
2003-07-20,0.0,0.0,0.0
2003-07-21,0.0,0.8,0.0
2003-07-22,0.0,0.0,0.0
2003-07-23,0.0,0.0,0.0
2003-07-24,0.0,0.0,0.0
2003-07-25,0.0,2.6,3.3
2003-07-26,0.0,4.6,4.4
2003-07-27,20.5,0.0,0.0
2003-07-28,20.0,0.0,0.0
2003-07-29,0.0,0.0,0.0
2003-07-30,0.0,2.7,3.6
2003-07-31,0.0,0.0,0.0
2003-08-01,0.0,0.0,0.0
2003-08-02,0.0,0.0,0.0
2003-08-03,0.0,0.0,0.0
2003-08-04,0.0,0.0,0.0
2003-08-05,0.0,0.0,0.0
2003-08-06,0.0,0.0,0.0
2003-08-07,0.0,0.0,0.0
2003-08-08,0.0,0.0,0.0
2003-08-09,0.0,0.0,0.0
2003-08-10,0.0,0.0,0.0
2003-08-11,0.0,0.0,0.0
2003-08-12,0.0,0.0,0.0
2003-08-13,0.0,0.0,0.0
2003-08-14,0.0,0.0,0.0
2003-08-15,0.0,0.0,0.0
2003-08-16,0.0,0.0,0.0
2003-08-18,0.3,0.0,0.0
2003-08-19,0.0,15.3,12.7
2003-08-20,0.0,0.0,0.0
2003-08-21,0.0,0.0,0.0
2003-08-22,19.6,0.1,0.0
2003-08-23,0.0,0.0,0.0
2003-08-24,0.0,0.0,0.0
2003-08-25,0.0,0.0,0.0
2003-08-26,0.0,0.0,0.0
2003-08-27,0.0,0.0,0.0
2003-08-28,0.0,1.8,2.0
2003-08-29,0.0,1.1,1.0
2003-08-30,54.0,0.0,0.0
2003-08-31,0.8,0.0,0.0
2003-09-01,0.0,0.0,0.0
2003-09-02,2.2,0.0,0.0
2003-09-03,0.0,0.0,0.0
2003-09-04,0.0,0.1,0.0
2003-09-05,0.0,1.1,2.5
2003-09-06,2.2,3.1,4.8
2003-09-07,7.5,6.0,7.4
2003-09-08,0.0,1.1,2.6
2003-09-09,0.0,2.0,3.6
2003-09-10,0.0,0.0,0.0
2003-09-11,0.0,0.0,0.0
2003-09-12,0.0,0.1,0.0
2003-09-13,4.0,10.4,10.6
2003-09-14,22.5,2.2,4.4
2003-09-15,1.0,5.5,8.0
2003-09-16,6.3,8.1,9.3
2003-09-17,8.7,18.0,16.5
2003-09-18,9.4,37.6,38.5
2003-09-19,4.4,5.0,6.8
2003-09-21,0.0,8.7,7.2
2003-09-22,8.1,0.0,0.0
2003-09-23,0.0,0.0,0.0
2003-09-24,0.0,0.1,0.0
2003-09-25,0.0,0.0,0.0
2003-09-26,0.0,0.0,0.0
2003-09-27,0.0,0.0,0.0
2003-09-28,0.0,0.0,0.0
2003-09-29,0.0,0.0,0.0
2003-09-30,0.0,0.2,0.0
2003-10-01,0.0,0.0,0.0
2003-10-02,0.0,1.8,3.1
2003-10-03,1.0,10.4,10.9
2003-10-04,14.0,10.6,11.3
2003-10-05,26.0,11.0,12.8
2003-10-06,1.6,5.4,6.4
2003-10-07,28.0,3.6,4.8
2003-10-08,22.5,41.8,48.9
2003-10-09,8.3,3.4,4.6
2003-10-10,1.5,12.6,14.1
2003-10-11,2.0,34.0,28.2
2003-10-12,33.5,1.5,1.4
2003-10-13,1.9,0.4,0.0
2003-10-14,13.5,1.4,1.3
2003-10-15,9.8,1.8,1.7
2003-10-16,0.0,13.7,12.1
2003-10-17,3.5,73.2,42.2
2003-10-18,49.1,27.5,22.5
2003-10-19,36.2,0.8,0.0
2003-10-20,0.0,0.2,0.0
2003-10-21,0.0,0.0,0.0
2003-10-22,0.0,0.3,0.0
2003-10-23,0.0,0.0,0.0
2003-10-24,0.0,0.0,0.0
2003-10-25,0.0,1.3,0.0
2003-10-26,0.5,3.9,4.0
2003-10-27,37.0,0.4,0.0
2003-10-28,0.1,6.6,5.7
2003-10-29,0.0,37.9,25.6
2003-10-30,24.2,39.0,26.2
2003-10-31,6.0,62.6,41.6
2003-11-01,54.0,6.2,5.7
2003-11-02,2.0,1.2,0.0
2003-11-03,0.5,1.5,2.1
2003-11-04,0.0,10.3,8.7
2003-11-05,8.0,4.8,4.7
2003-11-06,0.0,0.3,0.0
2003-11-07,0.0,0.7,0.0
2003-11-08,0.0,0.5,0.0
2003-11-09,0.0,3.2,3.4
2003-11-10,0.0,0.7,0.0
2003-11-11,0.0,2.1,1.4
2003-11-12,0.0,1.5,0.0
2003-11-13,0.0,0.0,0.0
2003-11-14,4.2,10.5,7.4
2003-11-15,7.0,22.6,15.2
2003-11-16,0.7,20.2,13.7
2003-11-17,3.0,5.8,4.1
2003-11-18,3.5,22.3,15.0
2003-11-19,18.9,38.1,23.6
2003-11-20,2.5,20.8,14.1
2003-11-21,2.9,39.0,25.4
2003-11-22,4.8,14.5,9.1
2003-11-23,3.9,6.4,3.3
2003-11-24,1.9,50.0,33.1
2003-11-25,20.5,73.5,44.3
2003-11-26,16.5,16.1,10.2
2003-11-27,4.0,16.9,10.8
2003-11-28,5.0,1.3,0.0
2003-11-29,21.5,2.6,0.0
2003-11-30,0.3,0.2,0.0
2003-12-01,0.0,61.3,49.9
2003-12-02,1.4,12.5,7.3
2003-12-03,2.1,19.5,12.8
2003-12-04,1.6,12.9,7.6
2003-12-05,22.6,3.5,0.0
2003-12-06,0.0,11.1,6.2
2003-12-07,3.9,17.7,11.4
2003-12-08,22.8,26.5,21.6
2003-12-09,26.8,16.8,10.7
2003-12-10,6.5,1.1,0.0
2003-12-11,6.6,68.0,55.1
2003-12-12,26.9,27.5,19.4
2003-12-13,18.0,3.4,1.0
2003-12-14,18.1,3.8,1.0
2003-12-15,2.0,0.1,0.0
2003-12-16,0.0,20.3,13.5
2003-12-17,11.5,38.8,29.3
2003-12-18,5.7,15.1,9.6
2003-12-19,4.3,13.9,8.8
2003-12-20,1.6,6.8,3.4
2003-12-22,1.1,3.0,1.4
2003-12-23,6.8,9.0,6.2
2003-12-24,12.9,2.3,1.0
2003-12-25,0.0,0.8,0.0
2003-12-26,0.0,0.4,0.0
2003-12-27,0.0,1.3,0.0
2003-12-28,0.0,0.3,0.0
2003-12-29,0.0,0.7,0.0
2003-12-30,0.0,0.4,0.0
2003-12-31,0.0,6.3,4.1
2004-01-01,2.4,7.1,5.9
2004-01-02,8.4,0.8,0.0
2004-01-03,0.0,0.9,0.0
2004-01-04,0.0,1.9,1.3
2004-01-05,3.0,3.4,2.7
2004-01-06,10.2,1.4,1.0
2004-01-07,0.0,2.4,1.7
2004-01-08,0.0,0.3,0.0
2004-01-09,0.0,2.4,1.7
2004-01-10,4.8,2.0,1.4
2004-01-11,38.2,1.5,1.0
2004-01-12,8.3,1.3,1.0
2004-01-13,4.5,2.4,2.1
2004-01-14,1.0,7.3,7.3
2004-01-15,0.0,10.2,10.1
2004-01-16,0.2,3.0,2.8
2004-01-17,0.0,4.4,4.3
2004-01-18,0.0,14.1,22.2
2004-01-19,6.2,1.9,1.5
2004-01-20,7.4,7.0,7.0
2004-01-21,0.2,13.2,11.9
2004-01-22,19.4,5.5,5.5
2004-01-23,7.2,7.5,7.2
2004-01-24,21.0,15.3,13.5
2004-01-25,5.0,44.9,37.4
2004-01-26,35.5,7.9,7.5
2004-01-28,3.3,44.4,36.9
2004-01-29,5.2,22.4,20.3
2004-01-30,2.0,8.9,8.3
2004-01-31,2.2,47.1,39.9
2004-02-01,15.0,20.5,24.0
2004-02-02,0.3,44.7,55.3
2004-02-03,2.5,89.7,85.2
2004-02-04,18.7,13.8,15.4
2004-02-05,0.5,28.1,33.6
2004-02-06,7.5,9.1,10.4
2004-02-08,6.5,7.0,8.1
2004-02-09,5.2,9.5,10.8
2004-02-10,11.0,3.7,4.3
2004-02-11,0.0,2.1,2.8
2004-02-12,0.0,2.0,2.7
2004-02-13,1.5,4.2,5.1
2004-02-14,2.0,0.2,0.0
2004-02-15,0.5,7.5,8.4
2004-02-16,0.5,12.9,13.6
2004-02-17,15.7,11.5,12.3
2004-02-18,0.7,22.5,22.9
2004-02-19,15.3,47.5,47.7
2004-02-20,30.8,0.9,0.0
2004-02-22,14.6,16.5,14.6
2004-02-24,26.0,20.1,17.6
2004-02-25,2.1,26.9,22.6
2004-02-26,1.8,9.8,9.0
2004-02-27,5.9,20.8,17.6
2004-02-28,6.6,3.5,3.5
2004-02-29,0.0,12.6,11.3
2004-03-01,0.0,64.8,48.5
2004-03-02,0.0,54.9,44.0
2004-03-04,29.7,38.4,33.5
2004-03-05,12.2,6.7,5.6
2004-03-07,0.0,1.9,1.2
2004-03-08,0.2,9.4,7.8
2004-03-09,0.0,19.9,15.9
2004-03-10,0.6,8.1,6.8
2004-03-11,1.4,55.3,50.0
2004-03-12,8.2,40.5,38.3
2004-03-13,29.4,60.9,55.1
2004-03-14,18.0,15.9,14.7
2004-03-15,18.8,4.8,4.4
2004-03-16,13.3,10.7,10.0
2004-03-17,55.7,4.6,4.1
2004-03-18,0.3,12.3,11.4
2004-03-19,5.9,0.5,0.0
2004-03-20,0.0,0.0,0.0
2004-03-21,0.3,2.0,1.3
2004-03-22,1.5,6.7,4.5
2004-03-23,7.5,10.4,6.9
2004-03-24,2.5,18.2,12.2
2004-03-25,0.0,16.6,11.1
2004-03-26,0.0,0.4,0.0
2004-03-27,0.0,5.8,3.8
2004-03-28,4.3,0.3,0.0
2004-03-29,0.0,2.5,1.6
2004-03-30,22.5,5.8,3.8
2004-03-31,8.5,1.3,0.0
2004-04-01,2.0,11.4,10.4
2004-04-02,0.0,2.8,1.5
2004-04-03,0.0,1.4,0.0
2004-04-04,9.8,0.3,0.0
2004-04-05,0.0,0.0,0.0
2004-04-06,0.0,0.2,0.0
2004-04-07,28.4,7.1,6.2
2004-04-08,39.0,5.8,4.8
2004-04-09,1.8,4.1,3.0
2004-04-10,11.4,0.3,0.0
2004-04-11,0.0,7.7,7.7
2004-04-12,70.2,0.0,0.0
2004-04-13,1.0,0.0,0.0
2004-04-14,5.0,0.0,0.0
2004-04-15,19.6,0.0,0.0
2004-04-16,11.9,0.0,0.0
2004-04-17,0.3,5.8,6.1
2004-04-19,0.0,0.6,0.0
2004-04-20,3.6,12.0,11.4
2004-04-21,9.2,6.8,7.3
2004-04-22,39.0,0.0,0.0
2004-04-23,8.2,3.0,3.3
2004-04-24,1.5,18.1,18.6
2004-04-25,1.0,0.4,0.0
2004-04-26,0.0,0.0,0.0
2004-04-27,0.0,2.1,2.3
2004-04-28,15.9,4.9,5.3
2004-04-29,0.0,0.9,0.0
2004-04-30,23.0,8.2,8.7
2004-05-01,0.0,4.8,4.4
2004-05-02,5.3,5.3,4.8
2004-05-03,8.7,2.8,2.5
2004-05-04,1.5,0.8,0.0
2004-05-05,62.4,7.8,7.2
2004-05-06,1.8,3.6,3.2
2004-05-07,39.7,7.7,7.2
2004-05-08,1.0,12.1,11.2
2004-05-09,17.1,11.3,10.5
2004-05-10,27.0,5.7,5.2
2004-05-11,8.3,5.2,4.7
2004-05-12,3.4,6.9,5.9
2004-05-13,0.0,0.0,0.0
2004-05-14,0.0,0.2,0.0
2004-05-15,0.0,0.0,0.0
2004-05-16,0.0,8.1,6.8
2004-05-17,0.0,0.1,0.0
2004-05-18,0.4,18.1,15.1
2004-05-19,13.0,9.1,7.5
2004-05-20,37.5,1.2,0.0
2004-05-21,0.0,0.2,0.0
2004-05-22,4.4,0.0,0.0
2004-05-23,0.0,3.4,3.6
2004-05-24,0.0,3.3,3.5
2004-05-25,23.3,4.7,5.0
2004-05-26,0.5,6.8,7.4
2004-05-27,11.8,13.0,15.2
2004-05-28,18.4,5.1,5.5
2004-05-30,1.0,0.7,0.0
2004-05-31,0.0,0.0,0.0
2004-06-01,0.0,0.0,0.0
2004-06-02,0.0,0.0,0.0
2004-06-03,0.0,0.2,0.0
2004-06-04,0.0,0.0,0.0
2004-06-05,0.0,0.0,0.0
2004-06-06,0.0,0.8,0.0
2004-06-07,0.0,0.0,0.0
2004-06-08,0.0,4.8,4.0
2004-06-09,0.0,6.9,5.3
2004-06-10,8.3,7.8,6.2
2004-06-12,32.5,3.4,3.6
2004-06-13,2.2,0.0,0.0
2004-06-14,23.5,1.6,1.8
2004-06-15,4.5,0.0,0.0
2004-06-16,0.0,0.0,0.0
2004-06-17,0.0,0.0,0.0
2004-06-18,0.0,0.0,0.0
2004-06-19,0.0,0.0,0.0
2004-06-20,0.0,0.0,0.0
2004-06-21,0.0,0.2,0.0
2004-06-22,1.0,0.0,0.0
2004-06-23,0.0,1.6,1.6
2004-06-24,0.0,0.0,0.0
2004-06-25,0.0,0.0,0.0
2004-06-26,0.0,0.0,0.0
2004-06-27,4.2,2.2,2.2
2004-06-28,0.0,0.0,0.0
2004-06-29,0.0,0.0,0.0
2004-06-30,0.0,0.0,0.0
2004-07-01,0.0,1.0,0.0
2004-07-02,0.0,0.0,0.0
2004-07-03,0.0,0.1,0.0
2004-07-04,3.0,0.0,0.0
2004-07-05,0.0,0.7,0.0
2004-07-06,0.0,0.0,0.0
2004-07-07,0.0,0.4,0.0
2004-07-08,0.0,0.0,0.0
2004-07-09,0.0,8.0,7.8
2004-07-10,0.6,0.0,0.0
2004-07-11,2.4,0.0,0.0
2004-07-12,0.6,1.0,0.0
2004-07-13,0.7,3.2,3.1
2004-07-14,9.5,35.1,27.4
2004-07-15,15.8,14.7,12.8
2004-07-16,1.6,5.8,5.5
2004-07-18,0.0,0.0,0.0
2004-07-20,0.0,0.0,0.0
2004-07-21,0.0,0.0,0.0
2004-07-22,0.0,0.0,0.0
2004-07-23,0.0,1.1,0.0
2004-07-24,0.0,0.2,0.0
2004-07-25,0.2,0.0,0.0
2004-07-26,0.0,0.0,0.0
2004-07-27,0.0,0.0,0.0
2004-07-28,0.0,0.4,0.0
2004-07-29,0.0,0.0,0.0
2004-07-30,0.0,6.8,5.8
2004-07-31,0.0,0.0,0.0
2004-08-01,0.0,0.0,0.0
2004-08-02,0.0,0.0,0.0
2004-08-03,0.0,0.5,0.0
2004-08-04,0.0,0.0,0.0
2004-08-05,0.0,0.0,0.0
2004-08-06,0.0,0.3,0.0
2004-08-07,0.0,4.0,5.2
2004-08-08,0.0,0.0,0.0
2004-08-09,0.0,0.0,0.0
2004-08-10,0.0,0.0,0.0
2004-08-11,0.0,0.0,0.0
2004-08-12,0.0,0.0,0.0
2004-08-13,0.0,0.0,0.0
2004-08-14,0.0,0.0,0.0
2004-08-15,0.0,0.9,0.0
2004-08-16,0.0,0.2,0.0
2004-08-17,0.0,0.0,0.0
2004-08-18,0.0,0.0,0.0
2004-08-19,11.4,0.0,0.0
2004-08-20,0.0,0.0,0.0
2004-08-21,0.0,0.0,0.0
2004-08-22,0.0,5.1,5.5
2004-08-23,0.0,0.0,0.0
2004-08-24,0.0,2.2,2.3
2004-08-25,0.0,0.0,0.0
2004-08-26,0.0,0.0,0.0
2004-08-27,0.0,0.0,0.0
2004-08-28,0.0,0.0,0.0
2004-08-29,0.0,0.0,0.0
2004-08-30,0.0,0.0,0.0
2004-08-31,0.0,0.0,0.0
2004-09-01,0.0,0.1,0.0
2004-09-02,14.0,0.0,0.0
2004-09-03,31.5,0.0,0.0
2004-09-04,5.5,0.0,0.0
2004-09-05,0.0,0.0,0.0
2004-09-06,0.0,0.0,0.0
2004-09-07,0.0,0.0,0.0
2004-09-08,0.0,0.0,0.0
2004-09-09,0.0,0.0,0.0
2004-09-10,0.0,2.7,4.3
2004-09-12,0.0,0.0,0.0
2004-09-13,0.0,0.0,0.0
2004-09-14,0.0,0.0,0.0
2004-09-15,0.3,0.2,0.0
2004-09-16,0.0,0.0,0.0
2004-09-17,0.3,0.1,0.0
2004-09-18,0.8,0.3,0.0
2004-09-19,11.5,0.0,0.0
2004-09-20,0.0,0.1,0.0
2004-09-21,0.0,0.0,0.0
2004-09-22,0.0,0.0,0.0
2004-09-23,0.0,0.0,0.0
2004-09-24,0.0,0.0,0.0
2004-09-25,0.0,4.5,4.7
2004-09-26,9.0,26.8,15.6
2004-09-27,10.1,29.0,16.8
2004-09-28,0.5,0.0,0.0
2004-09-29,1.2,0.0,0.0
2004-09-30,0.0,32.7,19.8
2004-10-01,51.5,0.0,0.0
2004-10-02,0.0,3.9,5.1
2004-10-03,0.0,0.0,0.0
2004-10-04,15.0,0.7,0.0
2004-10-05,3.0,0.3,0.0
2004-10-06,14.0,0.0,0.0
2004-10-07,0.0,0.0,0.0
2004-10-08,0.0,0.0,0.0
2004-10-09,0.0,2.7,3.9
2004-10-11,0.0,0.0,0.0
2004-10-12,0.0,0.0,0.0
2004-10-13,0.0,0.0,0.0
2004-10-14,0.0,0.0,0.0
2004-10-15,0.0,0.0,0.0
2004-10-16,0.0,0.0,0.0
2004-10-17,0.0,0.0,0.0
2004-10-18,0.0,5.0,4.9
2004-10-19,0.0,0.0,0.0
2004-10-20,0.0,0.0,0.0
2004-10-21,0.0,0.0,0.0
2004-10-22,0.0,13.1,9.7
2004-10-23,0.0,1.0,0.0
2004-10-25,0.0,0.1,0.0
2004-10-26,0.0,0.0,0.0
2004-10-27,0.0,5.4,5.0
2004-10-28,0.0,0.0,0.0
2004-10-29,0.0,0.0,0.0
2004-10-31,0.0,0.0,0.0
2004-11-01,0.0,0.0,0.0
2004-11-02,0.0,0.1,0.0
2004-11-03,0.0,1.6,2.2
2004-11-04,0.0,0.1,0.0
2004-11-05,0.5,2.6,3.0
2004-11-06,2.5,9.8,8.3
2004-11-07,10.6,7.9,6.9
2004-11-08,14.8,9.9,8.4
2004-11-09,22.9,1.1,0.0
2004-11-11,13.3,0.2,0.0
2004-11-12,0.0,0.0,0.0
2004-11-13,0.0,0.0,0.0
2004-11-14,0.0,1.5,0.0
2004-11-15,0.0,0.3,0.0
2004-11-16,0.0,0.0,0.0
2004-11-17,0.0,31.4,20.8
2004-11-18,0.0,5.0,3.6
2004-11-19,7.9,4.5,3.2
2004-11-20,0.0,7.3,5.2
2004-11-21,1.0,2.8,0.0
2004-11-22,8.9,10.6,6.3
2004-11-23,4.9,44.6,29.7
2004-11-24,10.3,17.7,11.4
2004-11-25,34.0,45.4,31.1
2004-11-26,18.7,8.5,4.8
2004-11-27,0.0,6.8,3.5
2004-11-28,0.0,35.1,24.4
2004-11-29,10.8,18.2,11.7
2004-11-30,23.3,33.0,21.8
2004-12-01,14.5,35.1,29.7
2004-12-02,3.0,12.3,7.2
2004-12-03,0.6,5.6,1.7
2004-12-04,0.0,1.7,0.0
2004-12-05,0.0,0.6,0.0
2004-12-06,0.0,11.3,6.4
2004-12-07,3.5,7.3,3.1
2004-12-08,0.0,7.6,3.4
2004-12-09,2.5,4.6,1.0
2004-12-10,0.0,1.8,0.0
2004-12-11,11.8,6.1,2.8
2004-12-13,12.8,20.5,13.7
2004-12-14,3.2,18.3,12.0
2004-12-15,26.5,2.5,0.0
2004-12-16,4.1,1.3,0.0
2004-12-17,0.0,5.6,2.4
2004-12-18,20.6,10.1,5.9
2004-12-19,10.6,7.1,3.6
2004-12-20,13.5,7.6,4.0
2004-12-21,27.2,35.7,30.3
2004-12-22,38.1,5.7,3.7
2004-12-24,8.5,60.3,46.6
2004-12-25,11.0,19.7,14.2
2004-12-26,6.0,3.2,1.6
2004-12-27,4.8,40.9,35.2
2004-12-28,4.7,8.1,5.5
2004-12-29,10.0,10.0,7.0
2004-12-30,0.8,4.6,2.8
2004-12-31,0.6,6.3,4.1
2005-01-01,6.0,2.2,1.6
2005-01-02,0.0,0.8,0.0
2005-01-03,0.0,3.0,2.3
2005-01-04,0.0,10.4,8.9
2005-01-05,1.4,7.4,6.2
2005-01-06,0.0,17.2,15.0
2005-01-07,1.6,13.4,11.6
2005-01-08,2.0,3.4,2.7
2005-01-09,2.2,11.3,9.7
2005-01-10,5.7,2.1,1.5
2005-01-11,0.0,11.0,10.9
2005-01-12,0.8,0.0,0.0
2005-01-13,20.3,0.4,0.0
2005-01-14,0.0,24.3,30.8
2005-01-15,4.1,0.9,0.0
2005-01-16,4.6,8.0,7.9
2005-01-17,7.3,0.3,0.0
2005-01-18,0.4,30.5,38.8
2005-01-19,21.5,14.6,21.0
2005-01-20,1.5,23.5,29.7
2005-01-21,6.0,22.5,20.2
2005-01-22,11.5,1.2,1.5
2005-01-23,0.0,0.0,0.0
2005-01-24,0.3,1.5,1.8
2005-01-26,0.0,1.1,0.0
2005-01-27,24.3,16.2,14.2
2005-01-28,1.7,13.2,11.9
2005-01-29,0.5,10.7,9.8
2005-01-30,43.7,6.9,6.6
2005-01-31,0.8,12.5,11.3
2005-02-01,6.6,17.5,20.2
2005-02-02,40.8,6.8,7.8
2005-02-03,10.2,4.8,5.6
2005-02-04,1.5,17.0,18.8
2005-02-05,36.6,6.4,7.4
2005-02-06,0.0,1.3,1.3
2005-02-07,0.0,8.1,9.2
2005-02-08,0.1,0.2,0.0
2005-02-09,1.1,15.1,16.8
2005-02-10,0.6,7.9,9.0
2005-02-11,1.4,7.3,8.2
2005-02-12,1.0,2.7,3.5
2005-02-13,0.8,3.8,4.6
2005-02-14,1.0,22.5,22.8
2005-02-15,3.5,9.9,10.8
2005-02-16,0.5,24.5,24.7
2005-02-17,37.0,3.3,4.1
2005-02-18,18.5,19.2,19.8
2005-02-19,11.5,46.2,44.7
2005-02-20,45.9,117.2,84.7
2005-02-21,81.0,1.7,1.9
2005-02-22,0.9,19.6,17.2
2005-02-23,21.6,37.8,35.0
2005-02-24,24.6,10.5,9.5
2005-02-25,36.0,65.1,56.3
2005-02-26,27.7,7.8,7.2
2005-02-28,6.3,25.0,21.5
2005-03-01,8.0,18.7,15.0
2005-03-02,1.4,14.0,11.4
2005-03-03,19.5,5.8,4.8
2005-03-04,1.3,57.8,47.6
2005-03-05,36.2,16.7,13.4
2005-03-06,8.5,4.4,3.6
2005-03-07,1.5,16.3,13.1
2005-03-08,14.5,0.1,0.0
2005-03-09,0.5,1.7,1.0
2005-03-10,0.0,1.6,1.0
2005-03-11,0.0,2.1,1.5
2005-03-12,0.0,2.3,1.7
2005-03-13,0.0,4.8,4.3
2005-03-14,13.0,3.2,2.7
2005-03-15,0.0,1.9,1.2
2005-03-16,0.0,1.3,1.0
2005-03-17,15.0,16.2,14.9
2005-03-18,3.0,6.1,5.6
2005-03-19,4.4,6.6,6.1
2005-03-20,10.6,7.4,6.9
2005-03-21,0.5,1.0,0.0
2005-03-22,0.5,13.6,9.1
2005-03-23,22.5,52.8,38.3
2005-03-24,5.0,44.2,31.8
2005-03-25,48.0,18.1,12.1
2005-03-26,22.0,3.8,2.5
2005-03-27,36.0,22.5,15.9
2005-03-28,2.0,64.4,48.7
2005-03-29,23.0,26.8,18.8
2005-03-30,7.3,32.1,24.2
2005-03-31,3.5,27.5,20.0
2005-04-01,85.0,22.4,23.2
2005-04-02,15.2,5.4,4.4
2005-04-03,0.5,14.2,13.1
2005-04-04,6.5,22.9,25.4
2005-04-05,27.4,2.3,1.0
2005-04-06,1.0,3.6,2.4
2005-04-07,0.5,11.4,10.4
2005-04-08,2.0,3.7,2.5
2005-04-09,8.4,5.1,4.1
2005-04-10,3.6,3.4,2.2
2005-04-11,1.0,4.2,4.7
2005-04-12,0.3,2.4,3.1
2005-04-14,2.0,3.2,3.8
2005-04-17,0.0,6.5,6.6
2005-04-18,0.5,3.5,4.1
2005-04-19,2.6,11.0,10.5
2005-04-20,19.5,5.7,5.9
2005-04-21,3.6,10.8,11.3
2005-04-22,20.5,2.4,2.7
2005-04-23,0.0,0.1,0.0
2005-04-24,0.0,0.0,0.0
2005-04-25,0.0,0.0,0.0
2005-04-26,1.1,0.1,0.0
2005-04-28,0.0,0.2,0.0
2005-04-29,12.3,0.0,0.0
2005-04-30,0.0,0.0,0.0
2005-05-02,0.0,0.0,0.0
2005-05-03,8.1,0.0,0.0
2005-05-04,0.0,1.0,0.0
2005-05-05,1.2,12.6,12.1
2005-05-06,53.3,17.0,18.3
2005-05-07,12.5,0.7,0.0
2005-05-08,0.0,0.5,0.0
2005-05-09,2.0,1.6,1.3
2005-05-10,0.0,0.1,0.0
2005-05-11,7.5,0.0,0.0
2005-05-12,0.0,17.6,13.1
2005-05-13,6.0,0.0,0.0
2005-05-14,5.0,0.8,0.0
2005-05-15,5.0,3.0,3.1
2005-05-16,8.5,0.0,0.0
2005-05-17,0.0,0.0,0.0
2005-05-18,0.0,0.1,0.0
2005-05-19,0.0,0.0,0.0
2005-05-20,0.0,0.0,0.0
2005-05-21,0.0,0.0,0.0
2005-05-22,0.0,0.0,0.0
2005-05-25,0.0,9.9,11.1
2005-05-26,0.0,0.3,0.0
2005-05-27,0.0,0.0,0.0
2005-05-28,0.0,2.4,2.6
2005-05-29,80.0,0.0,0.0
2005-05-30,1.5,0.0,0.0
2005-05-31,0.0,0.0,0.0
2005-06-01,19.5,0.0,0.0
2005-06-02,0.0,0.0,0.0
2005-06-03,2.0,2.7,2.7
2005-06-04,3.4,2.8,2.7
2005-06-05,5.5,0.1,0.0
2005-06-06,0.0,0.5,0.0
2005-06-07,3.0,2.5,2.6
2005-06-08,19.0,0.1,0.0
2005-06-09,10.5,0.7,0.0
2005-06-10,0.0,0.0,0.0
2005-06-11,0.0,0.0,0.0
2005-06-12,0.0,8.6,9.0
2005-06-13,8.8,14.8,14.4
2005-06-14,5.0,4.1,4.3
2005-06-15,56.0,10.5,12.1
2005-06-16,42.0,0.0,0.0
2005-06-17,0.0,10.5,10.4
2005-06-19,0.0,8.0,9.0
2005-06-20,0.0,8.5,10.6
2005-06-21,0.7,26.2,24.0
2005-06-22,1.0,35.7,30.2
2005-06-23,4.3,16.9,14.3
2005-06-24,5.0,4.7,4.3
2005-06-25,11.5,1.6,1.7
2005-06-26,0.5,0.3,0.0
2005-06-27,2.0,3.8,3.4
2005-06-28,0.0,4.7,4.1
2005-06-29,1.3,0.0,0.0
2005-06-30,0.0,4.0,3.6
2005-07-01,0.0,0.5,0.0
2005-07-02,0.0,1.0,0.0
2005-07-03,0.0,1.5,2.1
2005-07-04,0.0,1.8,2.4
2005-07-05,0.0,1.3,1.8
2005-07-06,12.0,24.0,20.1
2005-07-07,0.5,9.3,8.6
2005-07-08,3.5,6.9,6.9
2005-07-09,10.5,3.0,3.7
2005-07-10,19.5,2.4,3.0
2005-07-11,13.5,17.3,13.6
2005-07-13,1.7,0.3,0.0
2005-07-14,2.0,0.0,0.0
2005-07-15,0.0,49.5,31.8
2005-07-16,4.7,0.7,0.0
2005-07-17,0.0,0.7,0.0
2005-07-18,2.2,0.4,0.0
2005-07-19,0.0,0.0,0.0
2005-07-20,4.8,0.0,0.0
2005-07-21,0.0,0.0,0.0
2005-07-22,0.0,0.0,0.0
2005-07-23,0.0,0.0,0.0
2005-07-24,0.0,1.1,0.0
2005-07-25,0.0,1.2,0.0
2005-07-26,0.0,0.6,0.0
2005-07-27,0.0,0.0,0.0
2005-07-28,0.0,0.3,0.0
2005-07-30,1.4,0.0,0.0
2005-07-31,0.0,1.3,0.0
2005-08-01,1.3,4.1,5.3
2005-08-02,6.9,1.9,3.2
2005-08-03,44.5,0.1,0.0
2005-08-04,0.0,1.8,3.2
2005-08-05,0.0,0.0,0.0
2005-08-06,0.0,0.0,0.0
2005-08-07,0.0,1.0,2.4
2005-08-08,0.0,3.2,4.5
2005-08-09,0.0,1.8,3.1
2005-08-10,0.0,0.0,0.0
2005-08-11,0.0,0.0,0.0
2005-08-12,4.3,4.0,3.5
2005-08-13,0.0,0.1,0.0
2005-08-14,0.0,0.1,0.0
2005-08-15,0.0,1.8,1.9
2005-08-16,0.0,1.1,0.0
2005-08-17,0.0,0.3,0.0
2005-08-18,4.8,10.8,8.1
2005-08-19,0.0,0.0,0.0
2005-08-20,0.0,0.2,0.0
2005-08-21,0.0,9.2,10.8
2005-08-23,1.1,0.0,0.0
2005-08-24,0.0,0.0,0.0
2005-08-25,1.3,0.0,0.0
2005-08-27,0.0,0.0,0.0
2005-08-28,0.0,0.0,0.0
2005-08-30,0.0,0.0,0.0
2005-08-31,0.0,0.0,0.0
2005-09-01,0.0,0.0,0.0
2005-09-02,0.0,0.0,0.0
2005-09-03,0.0,4.8,6.4
2005-09-04,0.0,1.2,2.7
2005-09-05,0.0,0.0,0.0
2005-09-06,0.0,0.0,0.0
2005-09-07,0.0,0.2,0.0
2005-09-08,0.0,0.0,0.0
2005-09-09,0.3,0.5,0.0
2005-09-11,1.5,0.0,0.0
2005-09-12,53.1,1.9,4.1
2005-09-14,6.3,0.5,0.0
2005-09-16,43.5,0.0,0.0
2005-09-17,1.3,1.1,3.3
2005-09-18,0.0,4.2,6.0
2005-09-19,18.8,5.1,7.0
2005-09-20,1.5,3.7,6.2
2005-09-21,1.3,11.9,8.8
2005-09-22,0.0,25.9,14.7
2005-09-23,6.5,0.0,0.0
2005-09-24,0.0,0.0,0.0
2005-09-25,0.0,5.9,5.8
2005-09-26,8.1,1.5,3.0
2005-09-27,0.0,0.1,0.0
2005-09-29,0.9,14.5,10.8
2005-09-30,2.2,2.0,3.3
2005-10-01,15.2,0.0,0.0
2005-10-02,0.0,0.0,0.0
2005-10-03,0.0,0.8,0.0
2005-10-04,0.0,0.0,0.0
2005-10-05,0.4,4.0,5.2
2005-10-07,2.1,2.2,3.5
2005-10-08,0.0,0.0,0.0
2005-10-09,0.0,16.2,16.4
2005-10-10,0.0,0.1,0.0
2005-10-11,0.0,3.4,3.4
2005-10-12,0.0,26.1,21.2
2005-10-13,17.0,5.0,4.9
2005-10-14,0.8,2.9,2.9
2005-10-16,8.5,9.6,9.5
2005-10-17,0.5,6.1,5.9
2005-10-20,1.0,16.7,14.5
2005-10-21,0.0,35.0,23.2
2005-10-22,0.7,4.3,4.3
2005-10-23,2.1,55.5,36.3
2005-10-24,29.5,4.7,4.5
2005-10-25,0.0,0.0,0.0
2005-10-26,0.0,14.0,10.2
2005-10-27,16.0,47.9,31.6
2005-10-28,21.1,0.9,0.0
2005-10-29,0.0,0.5,0.0
2005-10-30,0.0,0.4,0.0
2005-11-01,7.4,0.9,0.0
2005-11-02,0.0,1.5,2.1
2005-11-03,16.0,0.8,0.0
2005-11-04,2.5,1.6,2.1
2005-11-05,3.2,1.5,2.1
2005-11-07,0.0,3.4,3.6
2005-11-08,16.0,0.1,0.0
2005-11-09,0.0,0.2,0.0
2005-11-10,2.2,1.0,0.0
2005-11-11,16.8,0.3,0.0
2005-11-12,9.5,0.2,0.0
2005-11-13,0.0,12.5,8.7
2005-11-14,5.8,0.3,0.0
2005-11-15,0.0,1.2,0.0
2005-11-16,0.0,0.0,0.0
2005-11-17,0.0,0.0,0.0
2005-11-18,0.0,2.9,2.0
2005-11-19,0.0,44.9,29.9
2005-11-20,7.5,19.0,12.9
2005-11-21,45.6,7.3,3.9
2005-11-22,12.0,2.0,0.0
2005-11-24,0.0,3.8,1.1
2005-11-25,0.6,22.6,14.8
2005-11-26,2.5,24.8,16.4
2005-11-27,3.7,6.1,3.0
2005-11-29,22.0,24.7,16.3
2005-11-30,52.5,6.4,3.2
2005-12-01,1.6,8.6,4.2
2005-12-02,2.0,7.5,3.3
2005-12-03,0.0,3.1,0.0
2005-12-04,1.0,4.9,1.1
2005-12-05,0.0,13.0,7.7
2005-12-06,3.4,2.6,0.0
2005-12-07,10.0,6.9,2.8
2005-12-08,4.0,14.4,8.8
2005-12-09,13.1,3.3,0.0
2005-12-10,9.0,5.2,1.4
2005-12-11,15.0,29.2,20.6
2005-12-12,1.8,19.3,12.8
2005-12-13,9.0,35.2,26.6
2005-12-14,12.5,73.5,59.3
2005-12-15,38.7,29.4,20.4
2005-12-16,0.6,22.3,15.0
2005-12-17,0.9,17.6,11.5
2005-12-18,7.5,3.6,1.0
2005-12-19,0.5,7.0,3.5
2005-12-20,8.3,6.1,2.8
2005-12-21,0.3,10.6,7.4
2005-12-22,1.4,4.2,2.4
2005-12-23,16.7,45.1,37.9
2005-12-24,17.5,3.9,2.2
2005-12-25,0.9,9.7,6.7
2005-12-26,7.6,5.7,3.7
2005-12-27,16.7,3.9,2.2
2005-12-29,1.8,11.6,8.2
2005-12-30,2.9,8.4,5.7
2005-12-31,0.0,14.7,10.5
2006-01-01,3.3,13.6,11.7
2006-01-02,9.8,7.5,6.3
2006-01-03,1.2,8.3,7.0
2006-01-04,14.1,21.8,17.3
2006-01-05,5.5,29.2,25.5
2006-01-06,4.7,19.0,16.9
2006-01-07,1.5,43.6,42.8
2006-01-08,16.3,7.4,6.2
2006-01-09,34.5,47.6,48.1
2006-01-10,14.5,12.7,10.9
2006-01-11,6.2,12.4,11.9
2006-01-12,31.1,7.5,7.4
2006-01-13,14.9,10.7,10.6
2006-01-14,52.5,5.4,5.4
2006-01-15,23.4,38.8,47.8
2006-01-16,0.3,6.0,6.0
2006-01-17,0.0,4.9,4.8
2006-01-18,10.0,2.6,2.4
2006-01-20,0.0,5.9,5.9
2006-01-23,0.3,14.5,12.9
2006-01-24,22.3,13.5,12.1
2006-01-25,5.6,3.0,3.2
2006-01-26,2.7,0.8,0.0
2006-01-27,0.6,22.3,19.9
2006-01-28,1.5,24.2,21.1
2006-01-29,5.6,0.0,0.0
2006-01-30,2.3,5.6,5.6
2006-01-31,15.2,1.5,1.8
2006-02-01,0.0,1.6,1.8
2006-02-02,0.0,4.5,5.2
2006-02-03,0.0,1.4,1.5
2006-02-04,0.0,0.8,0.0
2006-02-05,0.0,4.8,5.5
2006-02-06,3.9,2.6,3.0
2006-02-07,3.0,3.7,4.3
2006-02-08,2.6,5.4,6.3
2006-02-09,17.5,1.5,1.6
2006-02-10,5.5,15.1,16.8
2006-02-11,4.2,24.1,23.3
2006-02-12,7.8,42.2,39.9
2006-02-13,11.5,1.8,2.5
2006-02-14,7.0,0.3,0.0
2006-02-15,0.4,0.6,0.0
2006-02-16,56.8,35.7,33.6
2006-02-17,9.8,13.4,14.1
2006-02-18,5.3,2.9,3.6
2006-02-19,57.7,11.1,12.0
2006-02-20,28.0,15.3,15.9
2006-02-21,4.0,23.1,21.5
2006-02-22,17.0,7.4,6.9
2006-02-23,3.6,17.9,15.7
2006-02-24,0.7,3.2,3.2
2006-02-25,0.0,46.1,42.5
2006-02-26,29.0,23.0,22.3
2006-02-27,6.5,2.3,2.4
2006-02-28,0.5,5.7,5.4
2006-03-01,1.4,7.4,6.2
2006-03-02,6.0,0.3,0.0
2006-03-03,1.3,4.6,3.8
2006-03-04,0.0,3.0,2.3
2006-03-05,0.0,0.8,0.0
2006-03-06,0.0,5.6,4.6
2006-03-07,0.4,2.6,1.9
2006-03-08,3.5,1.9,1.2
2006-03-09,0.0,0.3,0.0
2006-03-10,3.2,3.5,2.8
2006-03-11,1.7,1.4,1.0
2006-03-12,0.0,0.2,0.0
2006-03-13,0.5,17.4,16.0
2006-03-14,0.7,5.8,5.4
2006-03-15,0.0,1.6,1.0
2006-03-16,0.0,1.8,1.1
2006-03-18,0.0,12.8,11.9
2006-03-19,0.0,4.8,4.4
2006-03-20,0.5,11.7,10.9
2006-03-21,1.7,1.7,1.1
2006-03-23,0.0,8.9,5.9
2006-03-24,3.7,2.5,1.6
2006-03-25,8.0,15.2,10.1
2006-03-26,1.6,0.9,0.0
2006-03-27,0.0,0.3,0.0
2006-03-28,0.0,5.4,3.6
2006-03-29,17.0,3.7,2.5
2006-03-31,2.2,9.2,6.1
2006-04-03,0.0,3.8,2.7
2006-04-05,3.8,13.8,12.7
2006-04-06,10.3,1.4,0.0
2006-04-07,0.0,8.6,7.6
2006-04-08,0.0,9.7,8.8
2006-04-09,0.4,4.6,3.5
2006-04-10,0.5,31.1,32.5
2006-04-11,7.3,3.3,3.9
2006-04-12,3.1,4.5,5.0
2006-04-13,1.9,20.7,20.2
2006-04-14,3.6,6.8,6.9
2006-04-15,5.7,5.3,5.6
2006-04-16,4.9,0.0,0.0
2006-04-17,0.0,2.0,2.8
2006-04-19,0.5,20.3,18.9
2006-04-20,38.3,13.2,12.5
2006-04-21,14.5,0.4,0.0
2006-04-22,1.0,30.4,30.0
2006-04-23,94.3,2.7,3.0
2006-04-24,1.5,29.8,29.3
2006-04-25,6.1,19.9,18.8
2006-04-26,0.0,1.3,1.4
2006-04-27,0.0,1.2,1.2
2006-04-28,28.7,0.0,0.0
2006-04-29,0.0,2.1,2.3
2006-04-30,6.2,1.2,1.3
2006-05-01,0.0,7.2,6.6
2006-05-02,2.5,5.8,5.3
2006-05-03,0.0,0.0,0.0
2006-05-04,0.0,3.6,3.2
2006-05-05,3.3,9.1,8.4
2006-05-06,1.6,13.7,13.0
2006-05-07,1.5,0.0,0.0
2006-05-08,1.5,0.0,0.0
2006-05-09,1.0,2.0,1.7
2006-05-10,3.1,6.1,5.7
2006-05-11,1.2,21.9,18.8
2006-05-12,32.6,3.9,3.8
2006-05-13,0.0,0.4,0.0
2006-05-14,0.0,0.1,0.0
2006-05-15,0.0,0.0,0.0
2006-05-16,0.0,0.0,0.0
2006-05-17,0.0,0.0,0.0
2006-05-18,0.0,0.0,0.0
2006-05-19,0.0,16.9,12.6
2006-05-20,2.0,7.1,6.1
2006-05-21,0.5,46.0,56.1
2006-05-22,10.6,16.2,18.3
2006-05-23,0.0,5.0,5.4
2006-05-24,0.0,3.5,3.8
2006-05-25,1.0,2.3,2.4
2006-05-26,0.0,6.0,6.5
2006-05-28,2.3,18.7,22.1
2006-05-29,8.7,5.9,6.4
2006-05-30,16.3,1.6,1.6
2006-06-01,0.7,1.0,0.0
2006-06-02,2.0,13.3,9.7
2006-06-03,1.9,10.4,7.6
2006-06-04,2.8,2.6,2.6
2006-06-05,0.0,3.4,3.1
2006-06-06,0.0,2.9,2.8
2006-06-08,3.2,1.1,0.0
2006-06-09,0.0,0.0,0.0
2006-06-10,0.0,0.0,0.0
2006-06-11,0.0,0.0,0.0
2006-06-12,0.0,0.0,0.0
2006-06-13,0.0,0.1,0.0
2006-06-14,0.5,2.7,2.8
2006-06-15,0.0,0.3,0.0
2006-06-16,0.0,0.4,0.0
2006-06-17,0.0,2.2,2.4
2006-06-18,0.0,0.1,0.0
2006-06-19,0.0,0.0,0.0
2006-06-20,0.0,0.1,0.0
2006-06-21,0.0,0.2,0.0
2006-06-22,0.0,0.0,0.0
2006-06-23,21.1,0.0,0.0
2006-06-24,0.0,0.6,0.0
2006-06-25,0.0,0.3,0.0
2006-06-26,0.0,0.0,0.0
2006-06-27,0.0,0.0,0.0
2006-06-28,0.0,0.0,0.0
2006-06-29,0.0,0.0,0.0
2006-06-30,0.0,0.0,0.0
2006-07-01,0.0,0.0,0.0
2006-07-02,0.0,0.0,0.0
2006-07-03,0.0,0.0,0.0
2006-07-04,0.0,0.8,0.0
2006-07-05,0.0,0.0,0.0
2006-07-06,0.0,0.0,0.0
2006-07-07,0.0,0.0,0.0
2006-07-08,0.0,0.0,0.0
2006-07-09,0.0,0.0,0.0
2006-07-10,0.0,0.0,0.0
2006-07-11,0.0,1.5,1.5
2006-07-13,0.0,0.0,0.0
2006-07-14,0.0,0.0,0.0
2006-07-15,0.0,0.0,0.0
2006-07-16,0.0,0.0,0.0
2006-07-17,0.0,0.0,0.0
2006-07-18,0.0,0.0,0.0
2006-07-19,8.0,0.6,0.0
2006-07-20,11.8,3.1,3.1
2006-07-21,20.3,0.0,0.0
2006-07-23,0.0,1.5,2.7
2006-07-24,0.0,0.0,0.0
2006-07-25,1.0,0.0,0.0
2006-07-26,0.0,0.0,0.0
2006-07-27,0.0,0.0,0.0
2006-07-28,0.0,0.1,0.0
2006-07-29,2.9,0.0,0.0
2006-07-31,1.0,0.0,0.0
2006-08-01,0.0,0.0,0.0
2006-08-02,0.0,0.0,0.0
2006-08-03,0.0,0.0,0.0
2006-08-04,0.0,0.0,0.0
2006-08-05,0.0,2.2,3.5
2006-08-06,0.0,0.0,0.0
2006-08-07,0.0,0.0,0.0
2006-08-08,0.0,0.0,0.0
2006-08-09,0.0,0.0,0.0
2006-08-10,0.0,1.0,2.4
2006-08-11,0.0,0.0,0.0
2006-08-12,0.0,0.0,0.0
2006-08-13,0.0,0.0,0.0
2006-08-14,0.0,0.0,0.0
2006-08-15,0.0,0.0,0.0
2006-08-16,0.0,0.0,0.0
2006-08-17,0.0,0.3,0.0
2006-08-18,0.0,0.0,0.0
2006-08-19,0.0,0.0,0.0
2006-08-20,0.0,0.0,0.0
2006-08-21,0.0,0.0,0.0
2006-08-22,0.0,0.0,0.0
2006-08-23,0.0,0.0,0.0
2006-08-24,0.0,0.0,0.0
2006-08-25,0.0,0.0,0.0
2006-08-26,0.0,0.0,0.0
2006-08-27,0.0,0.0,0.0
2006-08-28,0.0,0.0,0.0
2006-08-29,0.0,0.0,0.0
2006-08-30,0.0,0.1,0.0
2006-08-31,0.0,0.0,0.0
2006-09-01,0.0,1.2,2.7
2006-09-02,0.0,0.0,0.0
2006-09-03,0.0,0.0,0.0
2006-09-04,0.0,0.0,0.0
2006-09-05,0.0,0.0,0.0
2006-09-06,0.0,0.0,0.0
2006-09-07,0.0,0.0,0.0
2006-09-08,0.0,0.0,0.0
2006-09-09,0.0,0.0,0.0
2006-09-10,0.0,0.0,0.0
2006-09-11,0.3,0.0,0.0
2006-09-12,0.0,0.0,0.0
2006-09-13,0.0,0.0,0.0
2006-09-14,0.0,0.2,0.0
2006-09-16,0.0,0.0,0.0
2006-09-17,0.0,0.0,0.0
2006-09-18,0.0,0.0,0.0
2006-09-19,0.0,0.0,0.0
2006-09-20,0.0,0.0,0.0
2006-09-21,0.0,0.0,0.0
2006-09-22,0.0,4.0,4.5
2006-09-23,0.0,0.0,0.0
2006-09-25,0.0,0.0,0.0
2006-09-26,0.0,0.0,0.0
2006-09-27,0.0,0.0,0.0
2006-09-28,0.0,1.8,3.2
2006-09-29,0.0,0.0,0.0
2006-09-30,0.0,0.0,0.0
2006-10-01,0.0,0.1,0.0
2006-10-02,0.0,0.0,0.0
2006-10-03,0.0,0.0,0.0
2006-10-04,0.0,0.0,0.0
2006-10-05,0.0,0.0,0.0
2006-10-06,0.0,0.0,0.0
2006-10-07,0.0,0.0,0.0
2006-10-08,0.0,0.0,0.0
2006-10-09,0.0,0.0,0.0
2006-10-10,0.0,0.0,0.0
2006-10-12,0.0,0.0,0.0
2006-10-13,1.9,0.0,0.0
2006-10-14,0.0,0.0,0.0
2006-10-15,0.0,0.0,0.0
2006-10-16,1.7,0.0,0.0
2006-10-17,2.5,0.0,0.0
2006-10-18,0.0,0.0,0.0
2006-10-19,0.0,0.0,0.0
2006-10-20,0.0,0.0,0.0
2006-10-21,0.0,0.0,0.0
2006-10-22,0.0,0.0,0.0
2006-10-23,0.3,0.2,0.0
2006-10-24,0.0,1.7,2.7
2006-10-25,0.0,0.0,0.0
2006-10-26,6.4,15.1,10.9
2006-10-27,33.2,0.0,0.0
2006-10-28,0.3,0.1,0.0
2006-10-29,2.9,0.0,0.0
2006-10-30,7.9,0.0,0.0
2006-11-01,2.0,0.0,0.0
2006-11-02,0.0,12.8,10.4
2006-11-03,9.7,0.2,0.0
2006-11-04,0.0,0.0,0.0
2006-11-05,0.0,0.0,0.0
2006-11-06,0.0,0.0,0.0
2006-11-07,0.0,18.7,14.4
2006-11-08,1.4,1.8,2.3
2006-11-10,0.0,1.7,2.2
2006-11-12,0.0,0.0,0.0
2006-11-14,0.0,0.0,0.0
2006-11-15,0.0,0.0,0.0
2006-11-16,0.0,0.2,0.0
2006-11-17,0.0,0.0,0.0
2006-11-18,0.0,0.0,0.0
2006-11-19,0.0,0.9,0.0
2006-11-20,0.0,0.6,0.0
2006-11-21,0.0,0.2,0.0
2006-11-22,0.0,1.1,0.0
2006-11-23,0.2,33.6,21.1
2006-11-24,6.8,4.7,1.9
2006-11-26,0.0,35.2,23.2
2006-11-27,19.4,2.8,0.0
2006-11-28,7.0,10.9,6.5
2006-11-29,3.6,5.9,2.9
2006-11-30,59.2,1.6,0.0
2006-12-02,5.4,1.5,0.0
2006-12-03,5.1,1.4,0.0
2006-12-04,28.0,21.2,14.2
2006-12-05,3.7,20.5,13.6
2006-12-06,13.7,34.3,28.7
2006-12-07,38.5,60.0,49.4
2006-12-08,59.0,18.1,11.7
2006-12-09,3.0,15.0,9.3
2006-12-10,36.0,17.9,11.6
2006-12-11,2.1,1.0,0.0
2006-12-12,0.0,14.2,9.0
2006-12-13,28.2,24.6,17.9
2006-12-14,4.9,2.3,0.0
2006-12-15,2.5,7.3,3.7
2006-12-16,17.3,18.6,12.3
2006-12-17,40.7,2.6,0.0
2006-12-18,9.6,6.4,3.1
2006-12-19,1.3,49.5,39.8
2006-12-20,2.9,43.9,33.7
2006-12-21,38.5,119.5,53.2
2006-12-22,36.7,56.7,45.0
2006-12-23,32.1,41.2,34.9
2006-12-24,28.5,21.7,19.0
2006-12-25,12.2,31.9,29.0
2006-12-26,25.5,43.1,38.0
2006-12-27,3.5,12.8,9.1
2006-12-28,6.0,14.9,10.6
2006-12-30,5.5,10.0,7.0
2006-12-31,9.4,10.1,7.1
2007-01-01,0.4,8.3,7.0
2007-01-02,2.0,7.0,5.8
2007-01-03,0.0,2.6,1.9
2007-01-04,0.0,0.1,0.0
2007-01-05,0.0,0.0,0.0
2007-01-06,0.0,0.0,0.0
2007-01-07,0.0,0.2,0.0
2007-01-08,0.0,0.0,0.0
2007-01-09,0.0,1.6,1.0
2007-01-11,0.0,0.1,0.0
2007-01-12,0.0,1.2,1.0
2007-01-13,0.0,0.5,0.0
2007-01-14,0.0,1.3,1.0
2007-01-16,0.0,2.0,1.7
2007-01-17,0.0,2.2,1.9
2007-01-18,0.0,2.7,2.5
2007-01-19,0.5,9.0,8.9
2007-01-20,16.5,2.0,1.6
2007-01-21,0.0,0.1,0.0
2007-01-23,12.5,14.2,12.6
2007-01-24,13.0,10.1,9.3
2007-01-25,1.8,10.9,10.0
2007-01-26,22.3,27.7,23.9
2007-01-27,5.1,7.3,7.0
2007-01-28,6.3,11.5,10.4
2007-01-29,22.6,16.3,14.3
2007-01-30,22.0,4.8,4.8
2007-01-31,2.5,2.0,2.3
2007-02-01,28.4,1.9,2.1
2007-02-02,22.5,1.5,1.6
2007-02-03,2.4,7.5,8.7
2007-02-04,25.0,6.8,7.8
2007-02-05,25.4,6.2,7.2
2007-02-06,1.2,7.9,9.1
2007-02-08,0.0,1.5,1.6
2007-02-09,0.0,0.4,0.0
2007-02-10,0.0,0.0,0.0
2007-02-11,0.0,4.3,5.2
2007-02-12,12.3,29.4,28.1
2007-02-13,52.8,0.5,0.0
2007-02-14,24.7,1.5,2.2
2007-02-15,0.5,64.2,66.6
2007-02-16,7.1,46.3,45.5
2007-02-17,21.0,8.8,9.7
2007-02-18,19.0,12.0,12.8
2007-02-19,27.2,32.9,31.6
2007-02-20,38.9,39.3,38.1
2007-02-21,32.8,11.4,10.3
2007-02-22,5.0,20.0,17.5
2007-02-23,5.0,49.2,45.2
2007-02-24,6.1,4.9,4.8
2007-02-25,18.2,18.3,16.1
2007-02-26,9.7,11.0,10.0
2007-02-27,15.0,15.8,14.0
2007-02-28,5.5,3.9,3.9
2007-03-02,1.0,18.9,15.1
2007-03-03,6.7,3.2,2.5
2007-03-04,0.7,2.3,1.7
2007-03-05,0.5,11.8,9.7
2007-03-06,2.3,5.6,4.7
2007-03-07,2.3,12.9,10.6
2007-03-08,7.1,18.4,14.7
2007-03-09,5.0,13.1,10.7
2007-03-10,6.0,0.7,0.0
2007-03-12,0.0,2.7,2.1
2007-03-13,17.0,13.8,12.7
2007-03-14,14.4,26.2,25.3
2007-03-15,4.0,34.7,35.8
2007-03-16,2.0,18.0,16.5
2007-03-17,5.0,14.0,13.0
2007-03-18,5.0,23.5,23.0
2007-03-19,4.7,24.7,24.7
2007-03-20,3.5,16.4,15.1
2007-03-21,1.4,17.6,11.8
2007-03-23,2.3,14.4,9.6
2007-03-24,0.0,0.7,0.0
2007-03-25,0.0,2.5,1.6
2007-03-26,0.0,3.7,2.5
2007-03-27,0.2,9.0,6.0
2007-03-28,9.6,7.4,4.9
2007-03-29,0.0,14.2,9.5
2007-03-30,0.2,21.9,14.9
2007-03-31,4.5,19.0,12.7
2007-04-01,7.0,11.4,10.4
2007-04-02,25.0,3.1,1.8
2007-04-03,18.8,9.2,8.2
2007-04-04,30.4,10.4,9.4
2007-04-05,4.3,1.5,0.0
2007-04-06,0.0,1.2,0.0
2007-04-07,29.3,1.1,0.0
2007-04-08,12.7,11.8,10.8
2007-04-09,7.0,3.9,2.7
2007-04-11,40.7,30.4,27.1
2007-04-12,8.8,6.3,6.5
2007-04-13,1.3,2.0,2.8
2007-04-14,2.0,20.7,19.7
2007-04-15,24.3,2.0,2.8
2007-04-16,4.9,12.3,11.7
2007-04-17,3.0,7.0,7.0
2007-04-18,22.9,24.1,19.8
2007-04-19,4.0,34.1,29.9
2007-04-20,25.2,27.8,24.5
2007-04-21,8.4,4.7,5.2
2007-04-23,51.2,12.8,13.3
2007-04-24,6.3,19.0,19.2
2007-04-25,69.5,7.1,7.6
2007-04-26,10.2,21.8,20.7
2007-04-27,3.3,43.2,40.3
2007-04-28,20.0,4.4,4.8
2007-04-29,31.3,1.5,1.6
2007-04-30,0.2,8.8,9.4
2007-05-01,4.8,1.8,1.5
2007-05-02,0.4,9.9,9.2
2007-05-03,22.7,0.0,0.0
2007-05-04,0.0,0.2,0.0
2007-05-05,0.0,2.8,2.5
2007-05-07,0.0,0.2,0.0
2007-05-08,0.0,1.0,0.0
2007-05-09,0.0,0.2,0.0
2007-05-10,0.0,4.2,3.8
2007-05-11,4.7,2.1,2.4
2007-05-12,0.0,1.5,2.0
2007-05-13,0.0,4.9,4.5
2007-05-14,43.4,2.2,2.5
2007-05-15,4.0,2.0,2.3
2007-05-17,0.8,24.1,21.1
2007-05-18,1.4,0.9,0.0
2007-05-19,2.7,4.2,4.0
2007-05-21,2.3,0.2,0.0
2007-05-22,0.0,23.5,28.7
2007-05-23,0.4,0.8,0.0
2007-05-24,0.0,0.0,0.0
2007-05-25,0.0,0.6,0.0
2007-05-26,0.0,0.2,0.0
2007-05-27,0.0,0.1,0.0
2007-05-28,0.0,0.0,0.0
2007-05-29,0.0,4.1,4.3
2007-05-30,1.0,7.2,7.8
2007-05-31,0.0,8.7,9.2
2007-06-01,2.0,24.8,16.9
2007-06-02,49.4,1.4,1.9
2007-06-03,10.1,1.1,0.0
2007-06-04,0.0,3.7,3.3
2007-06-05,21.0,2.1,2.3
2007-06-06,2.4,0.3,0.0
2007-06-07,0.0,2.3,2.4
2007-06-08,0.0,7.0,5.4
2007-06-09,5.0,0.2,0.0
2007-06-10,0.0,0.0,0.0
2007-06-11,0.0,0.4,0.0
2007-06-12,0.0,0.0,0.0
2007-06-13,0.0,0.0,0.0
2007-06-14,0.0,0.6,0.0
2007-06-16,0.0,0.4,0.0
2007-06-17,0.0,0.4,0.0
2007-06-18,0.0,7.6,8.2
2007-06-19,10.6,4.9,5.1
2007-06-20,0.6,8.9,10.5
2007-06-21,53.5,0.6,0.0
2007-06-22,1.6,0.0,0.0
2007-06-23,0.5,0.1,0.0
2007-06-24,0.0,0.0,0.0
2007-06-25,0.0,0.0,0.0
2007-06-26,0.0,0.0,0.0
2007-06-27,0.0,1.3,1.4
2007-06-29,7.4,0.4,0.0
2007-06-30,0.0,0.6,0.0
2007-07-01,4.4,4.4,4.9
2007-07-02,1.0,0.0,0.0
2007-07-03,0.0,0.1,0.0
2007-07-04,0.0,0.0,0.0
2007-07-05,0.0,0.1,0.0
2007-07-06,0.0,0.0,0.0
2007-07-07,3.4,0.1,0.0
2007-07-08,0.0,0.1,0.0
2007-07-09,0.0,2.7,3.2
2007-07-10,0.0,0.5,0.0
2007-07-11,0.0,0.0,0.0
2007-07-12,0.0,1.3,1.2
2007-07-13,0.0,0.1,0.0
2007-07-14,0.0,0.0,0.0
2007-07-15,0.0,1.1,0.0
2007-07-16,1.8,0.0,0.0
2007-07-17,0.0,0.7,0.0
2007-07-18,0.0,0.8,0.0
2007-07-19,0.0,0.1,0.0
2007-07-20,0.4,0.0,0.0
2007-07-21,0.0,0.2,0.0
2007-07-22,0.0,6.5,5.3
2007-07-23,0.0,0.0,0.0
2007-07-24,0.0,1.3,0.0
2007-07-25,0.0,12.8,11.6
2007-07-26,0.0,0.0,0.0
2007-07-27,0.0,0.7,0.0
2007-07-28,0.0,0.4,0.0
2007-07-29,0.0,0.5,0.0
2007-07-30,0.0,0.1,0.0
2007-07-31,0.0,0.0,0.0
2007-09-08,3.7,0.6,0.0
2007-09-18,13.7,0.8,0.0
2007-09-23,11.0,0.0,0.0
2007-09-25,15.7,14.2,10.2
2007-10-08,0.5,1.8,3.1
2007-10-12,0.8,0.4,0.0
2007-10-14,7.5,1.4,1.3
2007-10-20,1.0,1.2,1.0
2007-10-21,0.2,0.0,0.0
2007-10-23,2.3,95.0,56.5
2007-10-24,27.0,14.4,10.5
2007-10-25,10.5,1.5,2.6
2007-10-27,11.2,3.2,3.6
2007-10-28,6.2,3.6,3.9
2007-10-29,1.8,26.3,18.4
2007-10-30,22.7,19.6,13.7
2007-10-31,6.7,8.2,6.7
2007-11-01,22.8,36.0,27.8
2007-11-02,13.0,7.3,6.5
2007-11-03,33.7,5.4,5.1
2007-11-04,29.8,1.3,2.0
2007-11-06,13.0,9.5,8.1
2007-11-07,26.6,2.4,2.8
2007-11-09,0.3,18.1,14.0
2007-11-10,43.0,75.3,50.4
2007-11-11,39.3,31.2,21.1
2007-11-12,4.8,36.5,23.2
2007-11-13,3.5,16.1,11.0
2007-11-14,0.5,11.2,7.8
2007-11-15,4.0,3.8,2.7
2007-11-16,26.5,6.1,4.4
2007-11-17,19.4,1.9,1.2
2007-11-18,2.2,0.0,0.0
2007-11-20,3.0,5.1,3.6
2007-11-21,4.7,0.1,0.0
2007-11-22,3.6,4.3,1.6
2007-11-27,4.8,3.0,1.0
2007-11-29,3.0,1.5,0.0
2007-11-30,0.2,13.1,8.1
2007-12-01,21.5,0.5,0.0
2007-12-02,0.3,5.6,1.7
2007-12-03,29.3,46.9,40.3
2007-12-04,26.7,8.7,4.3
2007-12-06,3.8,11.4,6.4
2007-12-07,19.5,6.8,2.8
2007-12-08,1.3,0.2,0.0
2007-12-10,13.7,37.6,32.3
2007-12-11,21.5,33.0,25.0
2007-12-12,19.5,22.4,15.1
2007-12-13,0.6,74.2,59.3
2007-12-14,52.1,28.8,20.3
2007-12-16,2.2,17.8,11.6
2007-12-17,3.8,15.3,9.8
2007-12-18,23.0,14.7,9.3
2007-12-19,2.2,29.4,21.6
2007-12-20,45.0,15.7,10.1
2007-12-21,37.0,37.1,30.7
2007-12-22,10.0,13.9,9.9
2007-12-23,5.0,3.3,1.7
2007-12-25,0.9,37.3,31.6
2007-12-26,10.5,8.9,6.1
2007-12-27,2.9,4.5,2.7
2007-12-28,1.0,13.2,9.4
2007-12-29,0.8,4.0,2.3
2007-12-30,3.0,0.9,0.0
2007-12-31,2.6,26.1,21.4
2008-01-01,18.1,9.7,8.3
2008-01-02,13.0,18.7,16.2
2008-01-03,10.7,2.1,1.5
2008-01-04,7.7,5.2,4.2
2008-01-05,7.8,0.2,0.0
2008-01-07,0.0,1.3,1.0
2008-01-08,0.2,0.0,0.0
2008-01-09,0.0,0.7,0.0
2008-01-10,0.0,2.8,2.1
2008-01-11,5.7,6.2,6.2
2008-01-12,2.4,1.5,1.0
2008-01-13,0.0,3.7,3.6
2008-01-14,0.2,31.7,38.9
2008-01-15,2.1,5.3,5.3
2008-01-16,0.5,0.1,0.0
2008-01-17,0.0,0.2,0.0
2008-01-18,0.0,3.6,3.4
2008-01-19,0.0,4.5,4.5
2008-01-20,0.0,1.2,1.0
2008-01-21,0.0,2.1,2.4
2008-01-22,0.0,21.6,18.8
2008-01-23,46.5,2.7,2.9
2008-01-24,4.8,0.2,0.0
2008-01-25,0.0,4.5,4.6
2008-01-26,18.2,1.2,1.4
2008-01-27,34.0,9.0,8.4
2008-01-28,11.5,14.2,12.7
2008-01-29,1.1,5.2,5.2
2008-01-30,44.8,36.6,30.9
2008-01-31,11.6,8.8,8.3
2008-02-01,2.7,6.2,7.2
2008-02-02,11.2,4.2,4.9
2008-02-04,0.0,10.6,11.9
2008-02-05,2.6,3.1,3.6
2008-02-06,0.0,0.3,0.0
2008-02-07,0.0,3.4,3.9
2008-02-08,0.0,5.4,6.3
2008-02-09,0.8,1.8,2.0
2008-02-10,4.7,7.3,8.4
2008-02-11,20.1,2.0,2.7
2008-02-12,17.7,5.9,6.8
2008-02-13,1.6,4.1,4.9
2008-02-14,4.6,13.5,14.2
2008-02-16,8.3,2.6,3.4
2008-02-17,8.0,2.3,3.0
2008-02-18,4.3,3.5,4.4
2008-02-19,0.4,3.5,4.3
2008-02-20,0.2,2.6,3.4
2008-02-21,1.2,3.4,3.4
2008-02-22,2.5,4.6,4.4
2008-02-23,1.1,7.5,7.0
2008-02-25,6.4,1.6,1.8
2008-02-26,7.6,3.4,3.4
2008-02-27,5.5,14.2,12.6
2008-02-28,4.5,3.2,3.3
2008-02-29,0.5,12.3,11.1
2008-03-01,1.6,5.9,4.9
2008-03-02,0.5,16.4,13.2
2008-03-03,15.0,7.0,5.8
2008-03-04,0.3,9.2,7.7
2008-03-05,8.7,13.6,11.1
2008-03-06,6.5,8.0,6.6
2008-03-07,3.3,13.7,11.2
2008-03-08,3.8,8.5,7.1
2008-03-09,7.5,20.2,16.1
2008-03-10,21.6,30.3,27.4
2008-03-11,47.4,9.8,9.1
2008-03-12,10.0,17.4,16.0
2008-03-13,33.5,34.6,34.1
2008-03-14,11.0,9.1,8.5
2008-03-15,1.0,23.9,24.5
2008-03-16,9.5,5.7,5.2
2008-03-17,8.2,26.4,26.0
2008-03-18,7.6,6.2,5.8
2008-03-19,11.5,70.2,62.0
2008-03-20,14.5,24.0,24.0
2008-03-21,1.0,2.4,1.5
2008-03-22,0.0,34.4,23.9
2008-03-23,11.6,6.6,4.3
2008-03-24,2.7,9.2,6.1
2008-03-25,1.6,0.9,0.0
2008-03-26,0.0,0.0,0.0
2008-03-27,0.0,1.1,0.0
2008-03-28,0.0,0.5,0.0
2008-03-29,0.0,0.3,0.0
2008-03-30,0.0,7.9,5.2
2008-03-31,2.5,11.3,7.5
2008-04-01,38.0,5.7,4.7
2008-04-02,10.8,0.4,0.0
2008-04-03,0.0,0.2,0.0
2008-04-04,0.0,1.3,0.0
2008-04-05,0.4,3.1,1.8
2008-04-06,6.3,28.6,30.6
2008-04-07,28.4,78.1,56.3
2008-04-08,30.1,1.9,0.0
2008-04-09,5.5,21.9,23.8
2008-04-10,33.2,1.3,0.0
2008-04-11,0.0,16.4,15.2
2008-04-12,11.4,13.9,13.1
2008-04-13,12.0,0.1,0.0
2008-04-14,1.7,6.7,6.8
2008-04-15,0.0,0.0,0.0
2008-04-16,15.6,0.0,0.0
2008-04-17,0.0,1.4,2.3
2008-04-19,5.6,17.8,16.4
2008-04-20,50.3,17.4,16.0
2008-04-21,15.6,10.9,11.4
2008-04-22,2.5,15.5,15.9
2008-04-23,21.2,2.6,2.9
2008-04-24,3.0,5.8,6.2
2008-04-25,3.5,0.8,0.0
2008-04-26,1.7,0.0,0.0
2008-04-27,0.3,0.0,0.0
2008-04-28,0.0,0.0,0.0
2008-04-29,0.0,1.3,1.4
2008-05-01,2.8,4.1,3.8
2008-05-02,0.5,0.9,0.0
2008-05-03,0.0,6.5,6.0
2008-05-04,4.5,6.4,5.9
2008-05-05,26.6,3.9,3.6
2008-05-07,15.4,1.6,1.3
2008-05-08,61.9,0.2,0.0
2008-05-09,2.3,0.8,0.0
2008-05-10,0.0,0.1,0.0
2008-05-11,0.0,1.0,0.0
2008-05-12,0.0,0.1,0.0
2008-05-13,0.0,1.8,2.2
2008-05-14,0.0,0.0,0.0
2008-05-15,0.0,1.5,1.9
2008-05-16,0.0,0.0,0.0
2008-05-17,0.0,0.0,0.0
2008-05-18,0.0,0.0,0.0
2008-05-19,0.0,0.0,0.0
2008-05-20,3.4,8.5,7.1
2008-05-21,16.9,0.0,0.0
2008-05-22,25.2,10.6,11.7
2008-05-23,0.0,0.0,0.0
2008-05-24,0.0,0.4,0.0
2008-05-25,4.5,0.0,0.0
2008-05-27,1.0,1.3,1.3
2008-05-28,0.4,0.0,0.0
2008-05-29,0.0,0.0,0.0
2008-05-30,0.0,0.0,0.0
2008-06-02,20.4,0.2,0.0
2008-06-03,0.0,0.0,0.0
2008-06-04,0.0,0.9,0.0
2008-06-05,0.0,0.2,0.0
2008-06-06,1.6,0.0,0.0
2008-06-07,0.0,0.3,0.0
2008-06-08,0.0,0.0,0.0
2008-06-09,0.0,4.2,3.6
2008-06-10,3.8,21.0,12.9
2008-06-11,8.1,4.6,4.7
2008-06-12,0.0,8.1,8.3
2008-06-13,0.0,6.7,6.9
2008-06-14,0.0,6.9,7.0
2008-06-15,1.0,0.1,0.0
2008-06-16,0.0,0.2,0.0
2008-06-17,14.8,0.0,0.0
2008-06-18,0.0,0.5,0.0
2008-06-19,0.0,1.4,1.6
2008-06-20,0.0,0.0,0.0
2008-06-21,0.0,0.0,0.0
2008-06-22,0.0,3.3,3.1
2008-06-23,0.0,0.1,0.0
2008-06-24,0.0,0.0,0.0
2008-06-25,0.0,0.0,0.0
2008-06-26,0.0,0.0,0.0
2008-06-27,0.0,0.2,0.0
2008-06-28,0.0,1.4,1.5
2008-06-29,1.1,0.0,0.0
2008-06-30,14.5,0.1,0.0
2008-07-01,0.0,0.0,0.0
2008-07-02,0.0,0.6,0.0
2008-07-03,0.0,0.0,0.0
2008-07-04,0.0,0.1,0.0
2008-07-05,0.0,0.9,0.0
2008-07-06,0.0,0.0,0.0
2008-07-07,0.0,0.0,0.0
2008-07-08,0.0,0.0,0.0
2008-07-09,0.0,0.6,0.0
2008-07-10,0.0,0.1,0.0
2008-07-11,0.0,0.0,0.0
2008-07-12,3.6,0.0,0.0
2008-07-13,0.0,0.0,0.0
2008-07-14,0.0,0.0,0.0
2008-07-15,0.0,0.0,0.0
2008-07-16,0.0,0.0,0.0
2008-07-17,0.0,0.0,0.0
2008-07-18,0.0,4.0,3.9
2008-07-19,0.0,0.0,0.0
2008-07-20,0.0,0.0,0.0
2008-07-21,0.0,0.0,0.0
2008-07-22,0.0,0.6,0.0
2008-07-23,0.0,0.0,0.0
2008-07-24,0.0,1.3,0.0
2008-07-25,0.0,6.5,5.4
2008-07-26,0.0,0.2,0.0
2008-07-27,0.0,0.0,0.0
2008-07-28,0.0,0.4,0.0
2008-07-29,0.0,0.0,0.0
2008-07-30,0.0,0.0,0.0
2008-07-31,0.0,1.5,2.7
2008-08-01,7.2,0.0,0.0
2008-08-02,0.5,1.2,2.6
2008-08-03,7.2,0.4,0.0
2008-08-04,0.0,0.5,0.0
2008-08-05,0.0,0.6,0.0
2008-08-06,0.0,0.1,0.0
2008-08-07,0.0,0.6,0.0
2008-08-08,0.0,0.3,0.0
2008-08-09,0.0,1.4,2.8
2008-08-10,0.0,5.2,6.7
2008-08-11,0.0,8.2,6.5
2008-08-13,0.0,1.6,1.7
2008-08-14,0.0,0.0,0.0
2008-08-15,15.9,1.1,0.0
2008-08-16,3.5,0.0,0.0
2008-08-17,0.0,0.9,0.0
2008-08-18,0.0,0.5,0.0
2008-08-19,0.0,0.6,0.0
2008-08-20,0.0,4.9,4.2
2008-08-21,1.4,0.0,0.0
2008-08-22,0.0,0.0,0.0
2008-08-23,0.0,0.4,0.0
2008-08-24,0.0,2.2,2.8
2008-08-25,0.0,0.0,0.0
2008-08-26,0.0,3.1,3.4
2008-08-27,0.0,0.1,0.0
2008-08-28,0.0,3.1,3.5
2008-08-30,1.2,9.5,11.6
2008-08-31,21.7,11.3,14.3
2008-09-01,0.8,0.5,0.0
2008-09-02,0.0,0.0,0.0
2008-09-03,0.0,0.0,0.0
2008-09-04,0.0,1.1,2.6
2008-09-05,0.0,0.0,0.0
2008-09-06,0.0,0.0,0.0
2008-09-07,0.0,2.8,4.7
2008-09-08,0.0,0.0,0.0
2008-09-10,0.5,5.4,7.0
2008-09-11,5.0,0.2,0.0
2008-09-12,0.0,0.7,0.0
2008-09-13,0.0,2.3,4.5
2008-09-14,0.0,0.0,0.0
2008-09-15,0.0,0.0,0.0
2008-09-16,0.0,0.0,0.0
2008-09-17,0.4,0.0,0.0
2008-09-18,0.0,0.0,0.0
2008-09-19,0.0,0.0,0.0
2008-09-20,0.0,0.9,0.0
2008-09-21,0.0,0.0,0.0
2008-09-22,0.0,0.0,0.0
2008-09-23,0.0,0.0,0.0
2008-09-25,0.0,0.0,0.0
2008-09-26,0.0,0.0,0.0
2008-09-28,34.8,0.0,0.0
2008-09-29,0.0,0.0,0.0
2008-10-01,2.7,0.5,0.0
2008-10-02,5.7,1.4,2.8
2008-10-03,0.0,0.0,0.0
2008-10-04,0.0,1.0,2.3
2008-10-05,7.5,1.9,3.2
2008-10-06,0.0,0.0,0.0
2008-10-07,0.0,8.4,9.9
2008-10-08,2.9,36.4,40.5
2008-10-09,27.5,0.3,0.0
2008-10-10,0.0,0.0,0.0
2008-10-11,0.0,0.0,0.0
2008-10-12,2.0,0.0,0.0
2008-10-13,0.0,0.5,0.0
2008-10-14,0.0,3.2,3.2
2008-10-15,0.0,0.0,0.0
2008-10-16,0.0,1.1,0.0
2008-10-17,0.0,9.7,8.9
2008-10-18,13.3,0.7,0.0
2008-10-19,0.0,12.1,10.5
2008-10-20,0.5,0.1,0.0
2008-10-21,0.0,0.6,0.0
2008-10-22,0.0,0.7,0.0
2008-10-23,0.8,42.0,28.1
2008-10-24,10.3,20.9,15.8
2008-10-25,0.0,1.6,2.7
2008-10-26,0.0,19.7,13.7
2008-10-27,10.8,2.4,3.1
2008-10-28,1.8,109.1,55.9
2008-10-29,51.0,8.2,6.6
2008-10-31,0.2,42.7,28.0
2008-11-01,4.3,20.7,15.6
2008-11-02,6.6,43.7,33.1
2008-11-03,34.2,10.9,9.1
2008-11-04,5.1,25.1,20.3
2008-11-05,23.7,4.1,4.1
2008-11-06,21.8,34.3,26.6
2008-11-07,34.0,2.3,2.7
2008-11-08,0.0,22.1,16.9
2008-11-09,6.6,42.3,33.3
2008-11-10,9.6,12.9,10.5
2008-11-11,21.2,0.6,0.0
2008-11-12,0.0,0.5,0.0
2008-11-14,2.6,8.6,6.1
2008-11-15,11.5,21.5,14.5
2008-11-16,8.6,36.1,24.7
2008-11-17,10.2,1.4,0.0
2008-11-18,7.0,23.8,16.0
2008-11-19,15.0,55.8,36.8
2008-11-20,19.5,10.6,7.4
2008-11-21,1.2,5.0,2.2
2008-11-23,0.0,73.6,44.5
2008-11-24,8.7,7.8,4.3
2008-11-26,9.8,19.0,12.3
2008-11-27,5.4,1.3,0.0
2008-11-28,0.0,0.5,0.0
2008-11-29,0.0,2.9,1.0
2008-11-30,10.7,4.2,1.5
2008-12-01,0.3,25.3,19.4
2008-12-02,55.7,37.4,31.9
2008-12-03,9.0,56.7,47.3
2008-12-04,30.8,13.4,8.0
2008-12-05,33.5,0.3,0.0
2008-12-06,0.0,5.7,1.7
2008-12-07,67.8,22.0,14.9
2008-12-08,33.5,7.0,2.9
2008-12-09,4.0,15.8,9.9
2008-12-10,0.0,21.7,14.6
2008-12-11,1.7,10.0,5.9
2008-12-13,0.0,8.0,4.3
2008-12-14,0.5,33.7,24.9
2008-12-15,38.5,22.3,15.0
2008-12-16,16.3,3.2,1.0
2008-12-18,0.0,10.5,6.2
2008-12-19,0.3,5.4,2.3
2008-12-20,0.0,0.4,0.0
2008-12-21,0.0,0.1,0.0
2008-12-22,2.4,3.7,2.0
2008-12-23,31.5,4.1,2.4
2008-12-24,3.8,4.1,2.4
2008-12-25,0.0,7.7,5.2
2008-12-26,0.2,8.3,5.7
2008-12-27,3.0,1.5,0.0
2008-12-28,0.0,0.3,0.0
2008-12-29,0.0,7.1,4.7
2009-01-01,0.0,4.4,3.5
2009-01-03,0.0,0.0,0.0
2009-01-04,0.0,0.8,0.0
2009-01-05,0.0,0.5,0.0
2009-01-06,0.0,0.4,0.0
2009-01-07,0.0,7.9,6.6
2009-01-08,0.0,33.6,31.2
2009-01-09,5.0,3.8,3.0
2009-01-10,0.3,6.1,5.1
2009-01-11,8.0,5.0,5.0
2009-01-12,14.8,9.6,9.6
2009-01-13,17.8,30.9,39.4
2009-01-14,21.5,7.8,7.7
2009-01-15,14.0,0.5,0.0
2009-01-16,2.1,1.3,1.0
2009-01-17,3.0,3.3,3.1
2009-01-18,15.3,0.2,0.0
2009-01-19,0.0,4.3,4.2
2009-01-20,0.7,2.7,2.5
2009-01-21,14.3,0.4,0.0
2009-01-22,0.0,0.0,0.0
2009-01-23,0.0,0.0,0.0
2009-01-24,4.0,118.5,71.9
2009-01-25,53.4,28.1,24.9
2009-01-26,3.5,0.2,0.0
2009-01-27,0.0,2.7,2.9
2009-01-28,0.5,1.3,1.6
2009-01-29,0.0,28.6,25.2
2009-01-30,18.2,29.2,26.8
2009-01-31,12.1,2.7,2.9
2009-02-01,0.4,13.5,15.1
2009-02-02,12.0,10.4,11.7
2009-02-03,3.7,8.5,9.7
2009-02-04,25.0,2.7,3.1
2009-02-05,0.3,1.7,1.9
2009-02-06,5.0,7.2,8.3
2009-02-07,4.9,2.2,2.5
2009-02-08,0.5,1.4,1.5
2009-02-09,1.6,3.4,3.9
2009-02-10,0.8,6.5,7.5
2009-02-12,0.5,6.8,7.7
2009-02-13,0.0,15.6,16.2
2009-02-14,6.2,3.9,4.8
2009-02-15,0.6,0.6,0.0
2009-02-16,3.6,10.4,11.3
2009-02-20,0.5,40.1,38.7
2009-02-21,40.5,43.2,40.7
2009-02-22,15.6,45.8,43.9
2009-02-23,58.0,27.2,23.1
2009-02-24,12.0,24.7,20.0
2009-02-25,4.0,4.4,4.3
2009-02-26,0.8,5.4,5.1
2009-02-27,0.0,2.6,2.6
2009-02-28,4.0,9.2,8.5
2009-03-01,0.8,1.6,1.0
2009-03-02,0.0,1.3,1.0
2009-03-03,0.0,7.5,6.2
2009-03-04,1.6,23.5,20.4
2009-03-05,38.0,31.0,28.3
2009-03-06,30.5,2.7,2.0
2009-03-07,0.0,6.7,5.6
2009-03-08,9.8,22.4,19.3
2009-03-09,34.5,12.8,10.5
2009-03-10,19.0,1.5,1.0
2009-03-11,10.5,2.7,2.1
2009-03-12,17.7,3.1,2.5
2009-03-13,19.3,0.2,0.0
2009-03-14,0.0,11.4,10.6
2009-03-15,23.3,0.9,0.0
2009-03-17,0.0,0.0,0.0
2009-03-18,0.0,2.3,1.7
2009-03-20,0.0,0.3,0.0
2009-03-21,0.0,41.6,29.9
2009-03-22,26.7,12.6,8.4
2009-03-23,74.0,7.7,5.1
2009-03-24,9.8,1.0,0.0
2009-03-25,0.8,5.7,3.8
2009-03-26,5.4,10.9,7.3
2009-03-27,2.3,2.1,1.3
2009-03-28,0.0,1.8,1.2
2009-03-29,7.0,9.5,6.3
2009-03-30,34.7,0.8,0.0
2009-04-01,5.1,6.8,5.9
2009-04-02,3.2,0.1,0.0
2009-04-03,10.4,2.6,1.1
2009-04-04,3.2,3.0,1.6
2009-04-05,1.0,10.8,9.8
2009-04-06,2.1,6.8,5.9
2009-04-07,11.2,5.7,4.7
2009-04-08,3.0,4.8,3.7
2009-04-09,0.0,0.6,0.0
2009-04-10,0.0,0.5,0.0
2009-04-11,0.0,2.1,2.9
2009-04-12,1.0,2.8,3.5
2009-04-13,1.8,15.2,14.1
2009-04-14,43.8,1.4,2.4
2009-04-15,1.0,0.8,0.0
2009-04-16,6.9,6.7,6.8
2009-04-18,11.2,0.2,0.0
2009-04-20,9.0,2.0,2.8
2009-04-21,0.0,8.2,8.7
2009-04-22,2.9,5.4,5.9
2009-04-23,1.8,3.4,3.7
2009-04-24,4.3,0.5,0.0
2009-04-25,0.0,0.6,0.0
2009-04-26,0.0,37.9,36.1
2009-04-27,20.7,0.8,0.0
2009-04-28,3.0,5.9,6.4
2009-04-29,19.0,0.2,0.0
2009-04-30,0.0,8.2,8.7
2009-05-01,2.0,1.6,1.3
2009-05-03,0.0,0.0,0.0
2009-05-04,0.0,3.4,3.1
2009-05-06,12.7,10.2,9.9
2009-05-07,1.4,2.1,1.8
2009-05-08,13.0,7.9,7.4
2009-05-09,5.0,6.0,5.5
2009-05-10,19.0,13.2,12.8
2009-05-11,19.5,24.2,21.7
2009-05-12,37.7,1.8,2.2
2009-05-13,1.0,1.2,0.0
2009-05-14,0.0,13.4,10.6
2009-05-15,2.5,2.9,3.1
2009-05-16,0.8,3.0,3.1
2009-05-17,0.0,28.5,24.5
2009-05-18,8.0,45.3,33.6
2009-05-19,23.4,0.6,0.0
2009-05-20,1.6,4.7,4.4
2009-05-21,3.0,12.0,12.8
2009-05-22,3.0,8.2,8.6
2009-05-24,0.2,1.4,1.5
2009-05-25,2.0,4.5,4.9
2009-05-26,0.0,3.2,3.4
2009-05-27,0.0,0.6,0.0
2009-05-28,0.0,6.4,6.9
2009-05-29,19.5,1.6,1.7
2009-05-30,0.0,1.5,1.5
2009-05-31,8.5,4.9,5.3
2009-06-01,2.2,1.2,0.0
2009-06-02,4.8,23.7,15.8
2009-06-03,11.5,8.7,6.7
2009-06-04,0.6,19.7,12.2
2009-06-05,0.8,12.1,8.5
2009-06-06,3.0,2.7,2.6
2009-06-07,1.0,4.6,3.8
2009-06-08,14.5,58.6,54.9
2009-06-09,6.8,11.9,8.3
2009-06-11,8.7,0.6,0.0
2009-06-12,0.0,0.2,0.0
2009-06-13,0.0,4.4,4.6
2009-06-14,0.6,0.0,0.0
2009-06-15,0.0,0.9,0.0
2009-06-16,29.5,0.0,0.0
2009-06-17,0.0,0.5,0.0
2009-06-18,13.0,0.0,0.0
2009-06-19,0.0,0.0,0.0
2009-06-20,0.0,0.0,0.0
2009-06-21,0.0,0.0,0.0
2009-06-22,0.0,0.0,0.0
2009-06-23,0.0,0.4,0.0
2009-06-24,0.0,3.8,3.4
2009-06-25,0.0,0.0,0.0
2009-06-26,0.0,0.0,0.0
2009-06-27,0.0,0.4,0.0
2009-06-28,0.0,0.9,0.0
2009-06-29,4.0,2.1,2.0
2009-06-30,0.0,0.0,0.0
2009-07-01,0.0,0.0,0.0
2009-07-02,0.0,0.0,0.0
2009-07-03,0.0,1.5,2.0
2009-07-04,3.6,5.1,5.4
2009-07-05,14.5,0.0,0.0
2009-07-06,0.0,0.0,0.0
2009-07-07,0.0,0.0,0.0
2009-07-08,0.0,0.0,0.0
2009-07-09,0.0,0.0,0.0
2009-07-10,1.5,0.4,0.0
2009-07-11,0.0,0.0,0.0
2009-07-12,0.0,0.0,0.0
2009-07-13,0.0,0.0,0.0
2009-07-14,0.0,0.9,0.0
2009-07-15,0.0,0.0,0.0
2009-07-16,0.0,0.4,0.0
2009-07-17,0.0,0.0,0.0
2009-07-18,0.0,0.0,0.0
2009-07-19,0.0,0.0,0.0
2009-07-20,0.0,0.0,0.0
2009-07-21,3.0,0.0,0.0
2009-07-22,0.0,0.0,0.0
2009-07-23,0.0,3.2,3.8
2009-07-25,1.6,24.3,19.5
2009-07-27,0.0,0.1,0.0
2009-07-28,0.0,3.9,4.2
2009-07-29,0.0,0.3,0.0
2009-07-30,0.0,0.1,0.0
2009-07-31,0.0,0.0,0.0
2009-08-01,0.0,0.0,0.0
2009-08-02,0.0,0.5,0.0
2009-08-03,0.0,0.0,0.0
2009-08-04,0.0,0.0,0.0
2009-08-05,0.0,1.1,2.5
2009-08-06,0.0,0.0,0.0
2009-08-07,0.0,0.0,0.0
2009-08-08,0.0,0.0,0.0
2009-08-09,0.0,0.0,0.0
2009-08-10,0.0,0.0,0.0
2009-08-11,0.0,0.3,0.0
2009-08-12,0.0,0.0,0.0
2009-08-13,0.0,0.0,0.0
2009-08-14,0.0,0.0,0.0
2009-08-16,0.5,0.0,0.0
2009-08-17,0.0,0.0,0.0
2009-08-19,0.0,0.2,0.0
2009-08-20,0.0,0.1,0.0
2009-08-21,0.0,0.0,0.0
2009-08-22,0.0,0.0,0.0
2009-08-23,0.0,0.0,0.0
2009-08-24,0.0,0.0,0.0
2009-08-25,0.0,0.0,0.0
2009-08-26,0.0,0.0,0.0
2009-08-27,0.0,0.5,0.0
2009-08-28,0.0,0.0,0.0
2009-08-29,0.0,0.1,0.0
2009-08-30,0.0,0.0,0.0
2009-08-31,0.0,0.0,0.0
2009-09-01,0.0,0.0,0.0
2009-09-02,0.0,0.0,0.0
2009-09-03,0.0,0.0,0.0
2009-09-04,0.0,0.0,0.0
2009-09-05,1.5,0.0,0.0
2009-09-06,0.0,0.0,0.0
2009-09-07,0.0,3.9,5.6
2009-09-08,0.0,0.0,0.0
2009-09-09,0.0,4.0,5.6
2009-09-10,0.0,0.0,0.0
2009-09-11,0.0,0.0,0.0
2009-09-12,0.0,0.0,0.0
2009-09-13,0.0,0.0,0.0
2009-09-14,0.0,0.0,0.0
2009-09-15,0.0,7.8,8.7
2009-09-16,0.0,21.8,20.5
2009-09-17,8.5,0.0,0.0
2009-09-19,0.0,0.0,0.0
2009-09-20,1.0,0.8,0.0
2009-09-21,0.0,0.0,0.0
2009-09-22,0.0,0.0,0.0
2009-09-23,1.5,0.0,0.0
2009-09-24,0.0,0.2,0.0
2009-09-25,3.5,3.3,4.0
2009-09-26,8.0,0.0,0.0
2009-09-27,0.0,0.0,0.0
2009-09-28,0.0,0.0,0.0
2009-09-29,0.0,0.0,0.0
2009-09-30,0.0,0.3,0.0
2009-10-02,10.4,0.4,0.0
2009-10-04,2.2,10.0,10.8
2009-10-05,3.3,15.1,16.0
2009-10-06,33.5,6.2,7.2
2009-10-07,1.8,10.5,11.4
2009-10-08,31.3,8.3,9.3
2009-10-09,4.3,1.4,2.7
2009-10-10,0.0,0.2,0.0
2009-10-11,4.7,0.1,0.0
2009-10-12,0.0,23.0,18.9
2009-10-13,22.2,53.8,40.6
2009-10-14,9.0,26.2,21.6
2009-10-15,37.1,2.6,2.6
2009-10-16,1.0,1.7,1.6
2009-10-17,0.0,0.0,0.0
2009-10-18,0.0,1.2,1.0
2009-10-19,0.0,0.0,0.0
2009-10-20,0.0,0.0,0.0
2009-10-21,0.0,0.5,0.0
2009-10-22,0.0,9.6,7.5
2009-10-23,23.6,3.8,4.0
2009-10-24,3.0,16.3,11.7
2009-10-25,3.0,0.6,0.0
2009-10-26,0.3,0.9,0.0
2009-10-28,0.3,7.7,6.4
2009-10-29,43.5,0.0,0.0
2009-10-30,0.0,0.0,0.0
2009-10-31,0.0,10.7,8.2
2009-11-01,0.0,0.1,0.0
2009-11-02,0.0,0.0,0.0
2009-11-03,0.0,0.1,0.0
2009-11-04,15.7,0.0,0.0
2009-11-05,0.0,0.1,0.0
2009-11-06,0.0,3.6,3.8
2009-11-07,0.0,0.6,0.0
2009-11-08,0.0,4.7,4.6
2009-11-09,0.0,9.6,8.2
2009-11-11,7.6,32.6,23.7
2009-11-12,30.6,3.1,2.2
2009-11-13,7.0,120.6,68.0
2009-11-14,12.5,5.7,4.1
2009-11-15,0.0,13.9,9.6
2009-11-16,0.3,7.5,5.3
2009-11-18,31.7,41.0,25.3
2009-11-19,8.5,49.6,32.5
2009-11-20,11.5,47.2,29.4
2009-11-21,88.9,36.3,24.4
2009-11-22,25.0,20.9,13.6
2009-11-23,11.5,1.0,0.0
2009-11-24,0.0,3.3,1.0
2009-11-25,25.0,0.0,0.0
2009-11-26,0.4,6.5,3.3
2009-11-27,33.5,0.4,0.0
2009-11-28,0.0,9.9,5.8
2009-11-30,8.5,34.3,23.4
2009-12-01,42.6,2.5,0.0
2009-12-02,1.5,3.2,0.0
2009-12-03,1.0,0.6,0.0
2009-12-04,0.0,10.8,6.0
2009-12-05,0.0,15.2,9.5
2009-12-07,3.3,2.6,0.0
2009-12-08,1.4,3.0,0.0
2009-12-09,0.0,9.1,4.6
2009-12-10,12.8,11.3,6.3
2009-12-11,18.3,0.4,0.0
2009-12-12,0.0,2.7,0.0
2009-12-13,0.0,24.4,16.5
2009-12-14,22.5,53.9,44.0
2009-12-16,0.0,4.4,1.5
2009-12-17,0.0,1.5,0.0
2009-12-18,0.0,1.2,0.0
2009-12-19,0.0,0.8,0.0
2009-12-20,2.0,31.2,21.8
2009-12-21,0.0,0.0,0.0
2009-12-22,0.0,0.0,0.0
2009-12-23,0.0,1.0,0.0
2009-12-24,0.0,5.7,3.6
2009-12-25,1.0,30.4,26.3
2009-12-26,59.6,29.3,25.3
2009-12-27,12.0,25.3,20.4
2009-12-28,49.0,24.9,19.9
2009-12-29,7.0,38.6,32.4
2009-12-30,20.0,10.5,7.4
2009-12-31,17.1,21.3,15.4
2010-01-01,2.3,16.4,14.3
2010-01-02,21.0,21.7,17.3
2010-01-03,72.4,15.7,13.6
2010-01-04,1.7,17.0,14.8
2010-01-05,2.4,70.1,74.9
2010-01-06,15.9,48.2,48.3
2010-01-07,19.0,28.3,24.9
2010-01-08,86.0,2.1,1.5
2010-01-09,0.0,8.1,6.8
2010-01-10,4.2,10.3,8.8
2010-01-11,8.0,5.1,5.0
2010-01-12,0.0,3.9,3.8
2010-01-13,0.0,2.3,2.0
2010-01-14,2.5,9.2,9.1
2010-01-15,7.2,4.0,3.9
2010-01-17,1.5,2.2,1.9
2010-01-18,9.0,0.3,0.0
2010-01-19,0.0,5.0,4.9
2010-01-20,11.7,10.7,10.5
2010-01-21,7.5,6.7,6.5
2010-01-22,5.4,34.7,28.7
2010-01-23,4.3,18.6,16.2
2010-01-24,1.0,12.0,10.9
2010-01-25,1.0,7.0,6.7
2010-01-27,0.5,34.2,29.2
2010-01-28,50.5,5.5,5.5
2010-01-29,4.5,40.0,33.9
2010-01-30,13.8,5.8,5.7
2010-02-01,1.8,25.9,31.0
2010-02-02,19.5,31.1,37.1
2010-02-03,19.5,13.6,15.2
2010-02-04,82.4,10.1,11.4
2010-02-05,59.0,13.3,14.9
2010-02-06,11.7,9.1,10.3
2010-02-07,20.5,6.1,7.1
2010-02-08,0.0,30.8,37.3
2010-02-09,23.8,8.0,9.2
2010-02-10,15.5,5.0,5.8
2010-02-11,2.0,2.4,3.1
2010-02-12,47.5,94.7,85.9
2010-02-13,64.1,16.9,17.4
2010-02-14,25.4,11.6,12.4
2010-02-15,18.2,35.3,34.5
2010-02-16,18.0,42.1,42.9
2010-02-17,30.5,12.0,12.8
2010-02-18,8.5,61.5,64.3
2010-02-19,17.2,11.0,11.9
2010-02-20,2.8,8.1,9.0
2010-02-21,5.5,10.4,9.5
2010-02-22,20.5,0.8,0.0
2010-02-23,0.0,4.0,3.9
2010-02-24,0.6,43.2,40.6
2010-02-25,29.4,4.1,4.0
2010-02-26,12.2,0.8,0.0
2010-02-27,0.0,41.8,37.8
2010-02-28,1.0,29.9,26.4
2010-03-02,47.5,26.5,24.6
2010-03-03,3.5,11.9,9.8
2010-03-05,1.0,16.6,13.4
2010-03-06,2.4,30.2,24.9
2010-03-07,10.5,18.9,15.1
2010-03-08,4.2,24.5,20.7
2010-03-09,33.0,67.6,51.4
2010-03-10,32.0,2.4,1.8
2010-03-11,6.7,1.4,1.0
2010-03-12,44.5,0.0,0.0
2010-03-13,8.5,1.2,1.0
2010-03-14,0.3,3.1,2.5
2010-03-15,10.0,16.4,15.1
2010-03-16,5.0,6.5,6.0
2010-03-17,0.3,44.3,41.8
2010-03-18,47.7,6.1,5.6
2010-03-19,6.6,65.6,58.0
2010-03-20,94.0,17.8,16.4
2010-03-21,21.1,4.9,3.2
2010-03-22,18.0,2.0,1.3
2010-03-23,3.5,28.6,21.2
2010-03-24,20.0,0.2,0.0
2010-03-25,2.0,7.4,4.9
2010-03-27,0.4,60.4,45.8
2010-03-28,26.2,34.9,24.9
2010-03-29,9.5,59.5,44.5
2010-03-30,62.5,12.5,8.3
2010-03-31,10.1,9.6,6.4
2010-04-01,2.0,4.0,2.8
2010-04-02,0.0,0.9,0.0
2010-04-03,1.5,2.2,1.0
2010-04-05,20.0,6.5,5.5
2010-04-06,27.0,3.1,1.8
2010-04-07,2.0,16.0,14.7
2010-04-08,1.3,2.1,1.0
2010-04-09,3.0,1.2,0.0
2010-04-10,0.0,2.9,1.6
2010-04-11,0.0,40.6,37.2
2010-04-12,21.0,1.2,2.2
2010-04-13,0.0,1.5,2.4
2010-04-14,0.0,18.1,17.4
2010-04-15,6.2,21.3,19.7
2010-04-16,3.5,12.5,11.9
2010-04-17,0.5,0.6,0.0
2010-04-18,0.0,3.1,3.7
2010-04-19,0.0,2.0,2.9
2010-04-20,0.0,3.5,4.1
2010-04-21,0.0,2.2,2.4
2010-04-23,0.0,4.7,5.2
2010-04-24,0.0,5.3,5.8
2010-04-25,0.8,1.2,1.3
2010-04-26,0.0,0.1,0.0
2010-04-27,0.5,3.5,3.8
2010-04-28,0.0,8.5,9.0
2010-04-29,1.6,0.9,0.0
2010-04-30,2.1,4.7,5.2
2010-05-01,3.0,0.1,0.0
2010-05-02,0.0,2.1,1.9
2010-05-03,0.0,2.6,2.3
2010-05-04,3.7,0.1,0.0
2010-05-05,0.0,26.3,27.7
2010-05-06,3.4,1.4,1.1
2010-05-07,0.0,0.2,0.0
2010-05-08,18.0,27.2,29.3
2010-05-09,15.5,3.2,2.8
2010-05-11,11.7,2.9,3.0
2010-05-13,3.5,44.8,33.8
2010-05-14,92.0,24.1,20.9
2010-05-15,40.9,9.8,8.1
2010-05-16,4.5,95.2,37.4
2010-05-17,18.0,0.9,0.0
2010-05-18,0.0,0.0,0.0
2010-05-19,0.0,26.7,23.2
2010-05-20,6.1,96.4,37.0
2010-05-21,50.3,6.0,6.5
2010-05-22,1.5,35.6,52.4
2010-05-23,34.5,12.2,13.7
2010-05-24,2.5,2.7,2.9
2010-05-25,0.0,5.1,5.5
2010-05-26,0.2,1.9,2.0
2010-05-27,0.0,14.5,16.5
2010-05-28,5.0,1.9,2.0
2010-05-29,0.0,3.3,3.5
2010-05-30,0.0,2.6,2.7
2010-05-31,30.7,10.3,10.9
2010-06-01,0.0,1.5,1.9
2010-06-02,1.0,0.2,0.0
2010-06-03,0.0,1.4,1.9
2010-06-04,1.0,36.9,28.8
2010-06-05,1.5,6.0,4.7
2010-06-06,3.0,7.2,5.5
2010-06-07,14.6,2.2,2.4
2010-06-08,0.0,64.1,56.3
2010-06-09,27.4,2.4,2.5
2010-06-10,0.0,0.3,0.0
2010-06-11,1.0,15.2,14.6
2010-06-12,22.5,2.0,2.2
2010-06-13,6.0,5.8,5.9
2010-06-14,2.0,2.7,2.9
2010-06-15,0.0,12.2,12.5
2010-06-16,24.0,23.2,26.3
2010-06-17,1.4,8.2,8.4
2010-06-19,14.6,0.1,0.0
2010-06-20,0.0,0.7,0.0
2010-06-21,0.0,0.0,0.0
2010-06-22,0.0,0.0,0.0
2010-06-23,0.0,1.6,1.6
2010-06-24,0.0,5.0,4.8
2010-06-26,3.0,7.1,6.3
2010-06-28,0.0,2.9,2.7
2010-06-29,0.0,8.4,7.7
2010-06-30,8.9,0.9,0.0
2010-07-01,61.0,39.2,33.5
2010-07-02,1.0,4.8,5.4
2010-07-03,1.6,9.1,8.6
2010-07-04,3.6,16.5,13.3
2010-07-05,4.2,8.1,7.9
2010-07-06,2.3,2.8,3.3
2010-07-07,0.0,0.0,0.0
2010-07-08,9.0,5.3,5.9
2010-07-09,29.5,50.7,42.9
2010-07-10,1.5,1.5,2.0
2010-07-12,0.0,17.7,14.2
2010-07-13,0.0,3.5,3.5
2010-07-14,10.5,9.3,8.5
2010-07-15,5.0,10.1,8.7
2010-07-16,0.0,7.0,6.7
2010-07-17,0.0,24.8,20.7
2010-07-18,2.0,46.5,32.1
2010-07-19,46.6,4.4,4.4
2010-07-20,22.0,0.0,0.0
2010-07-22,0.0,1.3,0.0
2010-07-23,0.0,0.3,0.0
2010-07-24,0.0,0.9,0.0
2010-07-25,0.0,6.9,6.2
2010-07-27,0.2,45.3,23.3
2010-07-28,17.8,1.9,3.1
2010-07-29,3.0,0.8,0.0
2010-07-30,0.0,0.0,0.0
2010-07-31,0.0,0.0,0.0
2010-08-01,0.0,0.0,0.0
2010-08-02,0.0,0.2,0.0
2010-08-03,0.0,6.7,8.6
2010-08-04,5.2,30.0,35.3
2010-08-05,4.2,28.8,32.1
2010-08-06,22.0,0.7,0.0
2010-08-07,0.8,0.6,0.0
2010-08-10,10.5,0.8,0.0
2010-08-11,0.3,15.1,12.3
2010-08-12,1.2,2.2,2.1
2010-08-13,0.5,1.3,0.0
2010-08-14,0.0,0.0,0.0
2010-08-15,0.0,16.8,14.1
2010-08-16,3.0,10.3,8.2
2010-08-17,2.5,0.3,0.0
2010-08-18,9.5,9.1,7.7
2010-08-19,4.0,10.9,8.3
2010-08-20,3.5,5.6,4.9
2010-08-21,1.1,35.1,61.8
2010-08-22,6.0,11.2,13.5
2010-08-23,1.9,3.9,4.1
2010-08-24,0.0,19.6,28.7
2010-08-25,20.5,0.1,0.0
2010-08-26,0.0,0.4,0.0
2010-08-27,6.5,9.0,10.6
2010-08-28,2.9,5.2,5.8
2010-08-29,0.0,0.0,0.0
2010-08-30,0.0,0.7,0.0
2010-08-31,0.0,0.0,0.0
2010-09-02,1.2,2.0,3.7
2010-09-03,10.5,0.0,0.0
2010-09-04,0.0,0.2,0.0
2010-09-05,0.0,14.6,18.1
2010-09-06,24.7,21.4,27.9
2010-09-07,11.4,49.4,41.6
2010-09-08,29.8,46.5,41.9
2010-09-09,44.0,73.2,41.7
2010-09-10,34.0,6.0,7.6
2010-09-11,1.2,50.5,54.1
2010-09-12,5.4,12.1,11.9
2010-09-13,37.5,13.7,13.6
2010-09-14,11.0,10.1,10.7
2010-09-16,55.5,19.7,18.8
2010-09-17,23.6,66.9,54.3
2010-09-18,38.5,1.8,4.0
2010-09-19,1.0,16.1,15.1
2010-09-20,1.6,0.7,0.0
2010-09-21,2.0,22.0,15.3
2010-09-22,1.2,3.4,4.1
2010-09-23,13.5,13.3,10.0
2010-09-24,2.5,24.4,15.0
2010-09-25,38.5,39.0,25.0
2010-09-26,20.0,56.2,36.7
2010-09-27,14.3,23.7,14.4
2010-09-28,1.5,8.4,8.0
2010-09-29,0.0,0.4,0.0
2010-09-30,0.0,11.6,9.2
2010-10-02,3.8,4.2,5.3
2010-10-03,1.0,3.2,4.4
2010-10-04,1.4,7.0,8.0
2010-10-05,0.0,2.7,3.9
2010-10-06,0.0,22.9,24.7
2010-10-07,0.0,9.5,11.2
2010-10-08,10.0,4.7,5.8
2010-10-10,0.0,1.1,2.4
2010-10-11,0.0,0.1,0.0
2010-10-12,0.0,3.4,3.5
2010-10-13,13.3,1.4,1.3
2010-10-14,2.8,7.7,7.4
2010-10-16,1.2,27.1,23.0
2010-10-17,16.9,2.9,3.0
2010-10-18,0.5,26.0,21.9
2010-10-19,8.0,30.8,25.2
2010-10-20,122.9,1.8,1.8
2010-10-21,25.5,17.9,12.6
2010-10-22,9.7,19.8,13.8
2010-10-23,10.9,15.4,11.1
2010-10-24,9.7,34.9,23.3
2010-10-25,29.0,10.9,8.3
2010-10-26,1.0,14.2,10.4
2010-10-27,0.7,10.7,8.2
2010-10-28,15.8,1.8,2.8
2010-10-30,4.5,17.0,12.1
2010-10-31,3.6,2.7,3.3
2010-11-01,0.0,4.3,4.3
2010-11-03,9.8,2.3,2.7
2010-11-04,15.0,16.8,13.2
2010-11-05,8.8,20.3,16.3
2010-11-06,3.3,12.3,10.1
2010-11-07,1.6,5.2,4.9
2010-11-08,19.8,35.4,28.1
2010-11-09,9.3,50.1,36.8
2010-11-10,87.5,0.0,0.0
2010-11-11,0.0,0.2,0.0
2010-11-13,1.8,1.2,0.0
2010-11-14,2.0,9.9,6.9
2010-11-16,1.8,6.2,4.4
2010-11-17,32.3,4.2,3.0
2010-11-18,19.2,2.0,1.3
2010-11-19,9.6,4.1,2.9
2010-11-20,4.2,2.6,1.8
2010-11-21,0.4,12.4,7.6
2010-11-22,53.2,7.9,4.4
2010-11-23,3.3,7.5,4.0
2010-11-24,13.3,42.7,28.8
2010-11-25,40.7,21.1,13.7
2010-11-26,12.6,22.1,14.5
2010-11-27,4.3,20.4,13.3
2010-11-28,0.3,3.5,1.0
2010-11-29,15.0,7.2,3.9
2010-11-30,32.3,17.1,10.9
2010-12-01,1.8,43.6,37.9
2010-12-02,16.0,1.5,0.0
2010-12-03,0.0,37.6,32.7
2010-12-04,8.2,37.3,32.3
2010-12-05,78.0,10.4,5.6
2010-12-06,8.0,7.3,3.1
2010-12-07,6.7,56.8,47.6
2010-12-08,12.2,23.9,17.9
2010-12-09,19.5,26.0,20.6
2010-12-10,6.2,30.2,24.8
2010-12-11,27.9,10.2,6.0
2010-12-14,0.0,10.7,6.3
2010-12-17,0.5,7.8,4.1
2010-12-18,17.7,3.2,1.0
2010-12-19,0.0,11.9,7.3
2010-12-20,5.0,14.4,9.1
2010-12-21,1.8,8.6,5.9
2010-12-22,1.3,15.3,10.9
2010-12-23,6.6,30.9,25.5
2010-12-24,9.5,15.6,11.2
2010-12-25,0.2,8.5,5.8
2010-12-26,0.0,17.8,12.8
2010-12-27,4.0,3.8,2.1
2010-12-28,1.5,8.3,5.6
2010-12-29,3.5,1.5,0.0
2010-12-30,0.0,3.4,1.8
2010-12-31,1.4,2.3,1.0
2011-01-01,0.0,10.8,9.2
2011-01-02,1.4,1.4,1.0
2011-01-03,0.0,1.1,0.0
2011-01-05,0.0,9.2,7.8
2011-01-07,3.0,1.6,1.0
2011-01-08,0.0,2.8,2.1
2011-01-09,0.7,3.4,2.6
2011-01-10,17.5,2.2,1.6
2011-01-12,13.3,0.4,0.0
2011-01-13,0.0,12.4,12.6
2011-01-14,11.7,6.1,6.0
2011-01-16,5.4,0.9,0.0
2011-01-17,0.5,1.4,1.0
2011-01-18,0.2,0.9,0.0
2011-01-20,0.0,4.1,4.0
2011-01-21,3.3,3.5,3.6
2011-01-23,0.0,3.5,3.7
2011-01-25,0.0,9.2,8.6
2011-01-26,0.5,3.0,3.2
2011-01-27,0.0,4.5,4.6
2011-01-28,0.0,1.7,2.0
2011-01-29,1.5,1.5,1.8
2011-01-30,0.5,4.5,4.6
2011-01-31,3.5,1.5,1.8
2011-02-01,0.1,60.7,76.2
2011-02-02,19.8,31.7,38.4
2011-02-03,3.4,9.6,10.9
2011-02-04,0.0,19.5,22.7
2011-02-05,12.7,1.9,2.1
2011-02-06,1.7,0.8,0.0
2011-02-07,0.0,2.8,3.3
2011-02-08,26.5,1.3,1.4
2011-02-10,0.0,0.2,0.0
2011-02-11,0.0,0.7,0.0
2011-02-12,0.0,3.7,4.6
2011-02-13,0.4,1.8,2.4
2011-02-14,0.0,14.3,15.0
2011-02-15,7.1,3.3,4.1
2011-02-16,0.0,1.7,2.3
2011-02-18,4.0,0.5,0.0
2011-02-19,0.0,0.0,0.0
2011-02-20,0.0,0.8,0.0
2011-02-21,0.0,1.5,1.7
2011-02-23,0.5,3.8,3.8
2011-02-25,0.0,0.6,0.0
2011-02-27,0.0,3.0,3.0
2011-02-28,0.5,4.4,4.3
2011-03-01,3.5,1.1,0.0
2011-03-02,0.0,0.5,0.0
2011-03-03,0.0,5.1,4.2
2011-03-05,0.0,2.6,1.9
2011-03-07,20.5,8.9,7.4
2011-03-08,0.5,10.6,8.8
2011-03-09,4.1,1.1,0.0
2011-03-10,0.0,7.6,6.4
2011-03-11,0.0,36.4,35.4
2011-03-12,9.0,13.8,12.8
2011-03-13,1.0,6.3,5.9
2011-03-14,0.0,10.7,9.9
2011-03-16,0.0,1.2,1.0
2011-03-17,1.3,0.1,0.0
2011-03-18,0.0,0.0,0.0
2011-03-19,3.5,1.6,1.0
2011-03-20,9.5,8.4,7.8
2011-03-21,0.2,11.4,7.6
2011-03-22,12.4,1.1,0.0
2011-03-24,0.6,55.4,39.7
2011-03-25,16.0,9.9,6.6
2011-03-26,3.6,40.2,28.0
2011-03-27,1.5,18.3,12.2
2011-03-28,1.2,4.7,3.1
2011-03-29,0.0,4.8,3.1
2011-03-31,1.0,3.1,2.0
2011-04-01,5.8,4.0,2.9
2011-04-02,0.0,5.6,4.5
2011-04-03,0.0,2.4,1.0
2011-04-04,0.2,4.8,3.8
2011-04-05,10.5,12.3,11.2
2011-04-06,1.2,6.2,5.2
2011-04-08,2.2,29.5,32.7
2011-04-09,0.5,4.7,3.6
2011-04-10,0.0,8.9,7.9
2011-04-11,0.8,18.4,17.0
2011-04-12,26.6,2.8,3.5
2011-04-13,0.5,21.4,19.3
2011-04-14,1.5,11.8,11.2
2011-04-15,23.2,6.0,6.2
2011-04-16,1.5,16.1,14.9
2011-04-17,42.9,0.2,0.0
2011-04-18,2.1,2.9,3.6
2011-04-19,4.2,0.0,0.0
2011-04-20,0.0,9.2,9.0
2011-04-21,11.5,12.3,12.8
2011-04-22,8.5,25.7,25.4
2011-04-23,46.0,8.8,9.3
2011-04-24,7.3,2.5,2.8
2011-04-25,10.0,4.6,5.1
2011-04-26,21.4,27.0,27.2
2011-04-27,18.6,25.7,25.6
2011-04-28,58.0,0.4,0.0
2011-04-29,73.5,10.8,11.4
2011-04-30,3.0,13.3,13.9
2011-05-01,8.2,38.2,39.0
2011-05-02,11.9,39.6,39.0
2011-05-03,7.5,0.2,0.0
2011-05-04,0.0,1.2,1.0
2011-05-05,2.4,9.5,8.8
2011-05-06,8.2,17.1,18.1
2011-05-07,1.0,9.3,8.7
2011-05-08,0.5,2.6,2.3
2011-05-09,2.1,0.0,0.0
2011-05-10,0.0,1.9,1.7
2011-05-11,0.0,0.0,0.0
2011-05-12,0.0,3.5,3.5
2011-05-13,0.5,10.4,8.5
2011-05-14,1.2,4.0,3.9
2011-05-15,22.6,21.4,18.5
2011-05-16,4.5,0.7,0.0
2011-05-17,4.2,0.3,0.0
2011-05-18,3.5,4.3,4.1
2011-05-20,0.0,38.6,30.1
2011-05-21,17.6,0.6,0.0
2011-05-22,1.3,12.0,13.2
2011-05-23,0.5,3.4,3.6
2011-05-24,56.0,2.3,2.4
2011-05-25,8.5,0.0,0.0
2011-05-26,0.5,0.5,0.0
2011-05-27,29.0,1.7,1.7
2011-05-28,0.9,2.4,2.5
2011-05-29,0.0,0.1,0.0
2011-05-30,0.0,1.4,1.4
2011-05-31,0.8,4.5,4.8
2011-06-02,44.4,5.9,4.7
2011-06-03,0.0,0.7,0.0
2011-06-04,0.0,1.4,0.0
2011-06-05,0.0,6.0,4.8
2011-06-06,15.4,0.0,0.0
2011-06-07,0.0,0.0,0.0
2011-06-08,0.0,0.2,0.0
2011-06-09,0.0,0.0,0.0
2011-06-10,0.0,0.0,0.0
2011-06-12,0.0,0.0,0.0
2011-06-13,0.0,0.0,0.0
2011-06-14,0.0,0.0,0.0
2011-06-15,34.5,0.0,0.0
2011-06-16,0.0,0.3,0.0
2011-06-17,0.0,0.3,0.0
2011-06-18,0.0,0.0,0.0
2011-06-20,0.0,0.0,0.0
2011-06-21,0.0,0.0,0.0
2011-06-22,0.0,0.0,0.0
2011-06-23,0.0,0.0,0.0
2011-06-24,0.0,0.0,0.0
2011-06-25,0.0,0.9,0.0
2011-06-26,0.0,0.0,0.0
2011-06-27,0.0,5.0,4.6
2011-06-28,1.9,34.9,29.6
2011-06-29,5.6,12.6,10.7
2011-06-30,15.8,17.7,15.3
2011-07-01,13.8,4.4,4.8
2011-07-03,0.0,0.0,0.0
2011-07-04,0.0,0.0,0.0
2011-07-05,0.0,0.0,0.0
2011-07-06,1.4,0.2,0.0
2011-07-07,0.0,0.1,0.0
2011-07-08,0.0,0.0,0.0
2011-07-09,0.0,0.0,0.0
2011-07-10,0.0,0.0,0.0
2011-07-11,0.0,0.0,0.0
2011-07-12,0.0,2.1,2.1
2011-07-13,3.0,0.0,0.0
2011-07-14,3.6,0.0,0.0
2011-07-15,2.5,0.0,0.0
2011-07-16,0.0,2.1,2.1
2011-07-17,36.9,0.1,0.0
2011-07-18,0.0,0.0,0.0
2011-07-19,0.7,0.5,0.0
2011-07-21,14.1,0.0,0.0
2011-07-23,1.2,0.0,0.0
2011-07-24,0.0,0.3,0.0
2011-07-25,0.0,5.4,4.9
2011-07-26,0.0,0.0,0.0
2011-07-27,0.0,0.0,0.0
2011-07-28,0.0,0.0,0.0
2011-07-29,0.0,0.0,0.0
2011-07-30,0.0,0.9,0.0
2011-07-31,0.0,0.0,0.0
2011-08-01,0.0,0.0,0.0
2011-08-02,0.0,0.0,0.0
2011-08-03,0.0,0.6,0.0
2011-08-04,0.0,0.0,0.0
2011-08-06,0.0,0.9,2.3
2011-08-07,0.0,0.3,0.0
2011-08-08,0.0,0.3,0.0
2011-08-09,0.0,0.0,0.0
2011-08-10,0.0,0.0,0.0
2011-08-11,0.0,0.0,0.0
2011-08-12,0.3,0.0,0.0
2011-08-13,0.0,0.0,0.0
2011-08-14,0.0,2.9,2.7
2011-08-16,0.0,0.0,0.0
2011-08-17,0.0,0.4,0.0
2011-08-18,0.0,0.0,0.0
2011-08-19,0.0,0.3,0.0
2011-08-20,0.0,0.0,0.0
2011-08-21,1.6,0.0,0.0
2011-08-22,0.0,0.1,0.0
2011-08-23,1.2,0.0,0.0
2011-08-24,0.0,0.0,0.0
2011-08-25,0.0,0.4,0.0
2011-08-26,0.0,2.3,2.3
2011-08-27,0.0,0.0,0.0
2011-08-28,0.0,0.5,0.0
2011-08-29,0.0,0.1,0.0
2011-08-30,0.0,1.9,2.3
2011-08-31,0.0,6.1,6.9
2011-09-02,0.0,0.1,0.0
2011-09-03,0.0,0.0,0.0
2011-09-04,6.0,1.9,3.5
2011-09-05,0.0,0.3,0.0
2011-09-06,0.0,0.0,0.0
2011-09-07,0.0,5.2,7.2
2011-09-08,0.0,3.1,5.2
2011-09-09,0.0,1.4,2.9
2011-09-10,0.0,0.0,0.0
2011-09-11,0.0,5.3,6.9
2011-09-12,0.0,0.0,0.0
2011-09-13,0.0,0.0,0.0
2011-09-14,0.0,0.6,0.0
2011-09-16,2.0,0.0,0.0
2011-09-17,0.0,1.1,3.3
2011-09-18,14.1,0.5,0.0
2011-09-19,29.5,0.0,0.0
2011-09-20,2.6,0.0,0.0
2011-09-21,0.0,4.2,4.6
2011-09-22,9.3,1.4,2.9
2011-09-24,0.0,0.0,0.0
2011-09-25,0.0,0.0,0.0
2011-09-26,0.0,0.0,0.0
2011-09-27,0.8,0.3,0.0
2011-09-28,38.5,0.0,0.0
2011-09-29,0.0,0.0,0.0
2011-09-30,0.0,0.0,0.0
2011-10-01,0.0,0.0,0.0
2011-10-02,0.0,0.0,0.0
2011-10-04,0.0,0.0,0.0
2011-10-05,0.0,0.6,0.0
2011-10-06,0.0,10.7,11.0
2011-10-07,0.7,0.0,0.0
2011-10-08,9.4,8.6,9.6
2011-10-09,3.8,0.1,0.0
2011-10-10,0.0,0.5,0.0
2011-10-11,14.2,1.5,1.4
2011-10-12,6.5,0.0,0.0
2011-10-13,0.0,0.0,0.0
2011-10-14,0.0,0.0,0.0
2011-10-15,0.0,0.0,0.0
2011-10-16,0.0,0.0,0.0
2011-10-17,0.0,1.2,1.0
2011-10-18,1.6,0.0,0.0
2011-10-19,0.0,0.0,0.0
2011-10-20,0.0,0.0,0.0
2011-10-22,0.0,13.5,10.0
2011-10-23,3.7,2.3,3.1
2011-10-24,19.6,0.8,0.0
2011-10-25,0.0,3.2,3.6
2011-10-26,10.0,4.1,4.1
2011-10-27,1.7,3.0,3.5
2011-10-28,3.1,19.0,13.3
2011-10-29,2.8,12.4,9.3
2011-10-30,10.5,27.3,18.5
2011-10-31,16.0,8.1,6.6
2011-11-01,5.0,38.3,29.8
2011-11-02,10.9,17.6,13.7
2011-11-03,8.9,19.6,15.5
2011-11-04,8.4,14.6,11.6
2011-11-05,3.8,58.1,42.5
2011-11-06,12.3,35.7,28.6
2011-11-07,12.4,2.4,2.8
2011-11-08,0.0,15.9,12.5
2011-11-09,20.8,9.2,7.9
2011-11-10,1.0,1.5,2.1
2011-11-11,44.0,0.4,0.0
2011-11-12,0.0,5.7,4.1
2011-11-13,0.0,12.8,8.9
2011-11-14,2.7,84.7,51.5
2011-11-15,3.3,9.4,6.6
2011-11-16,10.0,5.0,3.6
2011-11-17,18.5,1.8,1.1
2011-11-18,1.1,1.9,1.2
2011-11-19,18.2,12.9,9.0
2011-11-20,2.7,3.5,2.5
2011-11-22,29.4,5.5,2.5
2011-11-23,20.8,19.6,12.7
2011-11-24,10.8,12.0,7.3
2011-11-25,19.5,0.0,0.0
2011-11-26,5.1,0.0,0.0
2011-11-27,0.0,0.9,0.0
2011-11-28,17.5,42.4,28.1
2011-11-29,26.8,26.8,17.3
2011-11-30,7.5,32.0,20.1
2011-12-01,10.5,0.7,0.0
2011-12-02,12.4,7.1,3.0
2011-12-03,3.5,3.7,0.0
2011-12-04,0.0,12.0,6.9
2011-12-05,15.3,9.4,4.9
2011-12-06,12.0,10.7,5.9
2011-12-07,1.9,13.5,8.1
2011-12-09,11.7,3.5,0.0
2011-12-10,0.5,15.5,9.7
2011-12-11,22.0,14.5,9.2
2011-12-12,2.0,15.1,9.6
2011-12-13,4.0,15.0,9.6
2011-12-15,62.7,11.7,7.1
2011-12-16,2.0,14.3,9.1
2011-12-17,0.0,30.2,21.9
2011-12-18,2.0,3.4,1.0
2011-12-20,1.4,7.5,3.9
2011-12-22,30.2,21.0,14.3
2011-12-23,17.9,19.7,14.2
2011-12-24,1.9,30.8,27.5
2011-12-25,2.7,28.0,23.7
2011-12-26,23.6,1.5,0.0
2011-12-27,0.0,15.8,11.3
2011-12-28,17.3,8.7,6.0
2011-12-29,1.0,11.1,7.8
2011-12-30,0.0,11.6,8.2
2011-12-31,0.5,4.1,2.4
2012-01-01,2.8,8.5,7.1
2012-01-02,1.6,4.2,3.4
2012-01-03,0.9,4.9,4.0
2012-01-04,1.0,6.6,5.5
2012-01-06,10.9,9.7,8.3
2012-01-08,6.9,1.9,1.3
2012-01-10,1.2,4.2,3.3
2012-01-11,9.6,3.3,3.1
2012-01-12,0.5,8.4,8.4
2012-01-13,12.1,8.7,8.7
2012-01-14,4.2,10.0,9.9
2012-01-15,0.0,2.0,1.7
2012-01-17,4.9,4.6,4.5
2012-01-18,1.0,2.4,2.1
2012-01-19,0.0,9.1,9.1
2012-01-20,2.5,7.3,7.3
2012-01-23,0.0,6.3,6.1
2012-01-24,1.0,1.2,1.4
2012-01-25,0.0,1.1,0.0
2012-01-26,4.0,9.0,8.4
2012-01-27,1.8,0.2,0.0
2012-01-29,3.4,10.5,9.7
2012-01-30,3.5,11.2,10.2
2012-01-31,9.1,11.8,10.7
2012-02-02,1.2,7.6,8.7
2012-02-03,4.2,28.2,33.6
2012-02-04,3.0,1.6,1.7
2012-02-06,0.0,0.7,0.0
2012-02-07,0.0,10.1,11.4
2012-02-08,0.0,7.1,8.1
2012-02-09,1.3,10.3,11.7
2012-02-10,5.2,19.6,22.8
2012-02-11,34.5,18.2,18.6
2012-02-12,7.2,32.3,30.4
2012-02-13,20.0,18.1,18.5
2012-02-14,47.0,3.1,3.9
2012-02-15,12.5,0.4,0.0
2012-02-16,0.8,2.4,3.2
2012-02-17,17.5,22.4,23.4
2012-02-18,36.5,4.6,5.5
2012-02-19,0.0,6.0,6.9
2012-02-20,2.9,16.5,17.0
2012-02-21,18.1,8.2,7.6
2012-02-22,0.1,0.3,0.0
2012-02-23,4.8,0.2,0.0
2012-02-24,0.5,0.0,0.0
2012-02-25,1.2,20.4,17.9
2012-02-26,33.3,23.3,21.9
2012-02-27,35.9,4.9,4.8
2012-02-28,4.5,65.4,57.7
2012-02-29,11.5,3.0,3.0
2012-03-01,3.0,4.0,3.3
2012-03-02,0.4,68.7,51.3
2012-03-03,5.1,3.6,2.9
2012-03-04,0.0,15.4,12.5
2012-03-05,12.9,18.9,15.2
2012-03-06,4.1,1.9,1.2
2012-03-07,0.9,50.7,40.3
2012-03-08,36.8,14.1,11.5
2012-03-09,2.0,5.6,4.7
2012-03-10,3.5,4.8,4.0
2012-03-12,0.0,0.3,0.0
2012-03-13,0.0,3.2,2.7
2012-03-14,0.0,1.2,1.0
2012-03-15,0.0,0.9,0.0
2012-03-16,0.0,1.9,1.2
2012-03-17,0.0,13.6,12.6
2012-03-18,3.2,2.6,2.1
2012-03-19,0.7,4.0,3.5
2012-03-20,1.8,1.2,1.0
2012-03-22,0.0,0.0,0.0
2012-03-23,0.0,0.0,0.0
2012-03-24,0.0,0.9,0.0
2012-03-25,0.0,13.5,9.0
2012-03-26,3.2,16.8,11.2
2012-03-27,2.4,30.0,21.7
2012-03-28,35.5,23.7,17.2
2012-03-29,15.5,15.1,10.1
2012-03-30,24.5,0.6,0.0
2012-04-01,1.4,12.1,11.1
2012-04-02,4.2,10.8,9.8
2012-04-03,15.5,38.4,39.2
2012-04-04,12.2,1.5,0.0
2012-04-05,2.0,16.5,15.5
2012-04-06,25.1,1.1,0.0
2012-04-07,0.3,1.5,0.0
2012-04-08,0.7,29.2,30.7
2012-04-09,3.8,1.6,0.0
2012-04-10,65.4,1.8,0.0
2012-04-12,0.0,4.9,5.3
2012-04-13,7.5,0.0,0.0
2012-04-14,18.0,15.4,14.3
2012-04-15,28.6,1.0,0.0
2012-04-16,2.3,0.7,0.0
2012-04-17,0.0,0.3,0.0
2012-04-18,27.2,3.2,3.8
2012-04-19,5.5,0.0,0.0
2012-04-20,0.5,8.8,8.6
2012-04-21,42.0,0.0,0.0
2012-04-22,0.8,0.5,0.0
2012-04-23,0.0,0.1,0.0
2012-04-24,0.0,0.0,0.0
2012-04-25,0.0,0.0,0.0
2012-04-26,0.0,1.9,2.1
2012-04-27,6.0,1.3,1.4
2012-04-28,1.9,4.3,4.7
2012-04-29,1.7,1.6,1.8
2012-04-30,18.2,42.1,39.5
2012-05-01,46.2,0.3,0.0
2012-05-03,6.3,6.4,5.9
2012-05-04,36.0,3.3,3.0
2012-05-05,13.0,2.8,2.5
2012-05-06,0.0,7.3,6.7
2012-05-07,1.0,18.2,19.8
2012-05-08,0.8,0.0,0.0
2012-05-09,1.0,0.0,0.0
2012-05-10,0.0,0.0,0.0
2012-05-11,66.4,0.3,0.0
2012-05-12,0.0,0.0,0.0
2012-05-13,0.0,3.8,3.7
2012-05-14,0.4,51.8,34.7
2012-05-15,19.8,5.7,5.1
2012-05-16,13.2,14.9,11.6
2012-05-17,16.6,0.0,0.0
2012-05-18,1.5,8.7,7.2
2012-05-19,7.5,0.0,0.0
2012-05-20,0.0,9.1,7.6
2012-05-21,7.4,0.8,0.0
2012-05-22,0.0,0.0,0.0
2012-05-23,0.0,0.0,0.0
2012-05-25,0.0,0.0,0.0
2012-05-26,0.0,0.0,0.0
2012-05-27,0.0,0.0,0.0
2012-05-28,0.0,3.0,3.1
2012-05-29,5.5,8.9,11.0
2012-05-30,14.5,0.8,0.0
2012-06-01,7.0,0.0,0.0
2012-06-02,0.0,0.0,0.0
2012-06-03,0.0,0.1,0.0
2012-06-04,0.0,6.1,4.8
2012-06-05,0.4,4.1,3.5
2012-06-06,0.0,22.1,13.8
2012-06-07,50.4,4.6,3.9
2012-06-09,2.4,1.0,0.0
2012-06-12,0.0,9.1,9.2
2012-06-15,0.0,0.1,0.0
2012-06-16,0.0,0.0,0.0
2012-06-17,0.0,0.0,0.0
2012-06-18,0.0,0.0,0.0
2012-06-19,0.0,0.0,0.0
2012-06-20,0.0,0.0,0.0
2012-06-21,0.0,0.4,0.0
2012-06-22,0.0,4.0,3.6
2012-06-23,0.0,0.2,0.0
2012-06-24,0.3,1.0,0.0
2012-06-25,0.0,0.0,0.0
2012-06-26,0.0,0.0,0.0
2012-06-27,0.0,0.0,0.0
2012-06-28,0.0,0.0,0.0
2012-06-29,0.0,0.0,0.0
2012-06-30,0.0,0.2,0.0
2012-07-01,0.0,0.0,0.0
2012-07-02,0.0,0.8,0.0
2012-07-03,0.0,0.1,0.0
2012-07-04,0.8,0.0,0.0
2012-07-05,0.0,0.0,0.0
2012-07-06,0.0,0.0,0.0
2012-07-07,0.0,0.0,0.0
2012-07-08,0.0,0.0,0.0
2012-07-09,0.0,0.0,0.0
2012-07-10,0.0,1.3,1.8
2012-07-11,0.0,0.0,0.0
2012-07-12,0.0,3.7,3.6
2012-07-13,7.2,0.7,0.0
2012-07-14,0.0,0.0,0.0
2012-07-15,0.0,1.9,1.8
2012-07-18,0.0,1.6,1.6
2012-07-19,0.0,3.6,3.5
2012-07-20,4.0,1.0,0.0
2012-07-21,22.2,0.0,0.0
2012-07-22,0.0,0.0,0.0
2012-07-23,0.0,2.2,3.4
2012-07-24,0.0,0.0,0.0
2012-07-25,0.0,0.7,0.0
2012-07-26,0.0,0.6,0.0
2012-07-27,0.0,0.0,0.0
2012-07-28,0.0,0.0,0.0
2012-07-29,0.0,0.0,0.0
2012-07-30,0.0,0.8,0.0
2012-07-31,0.0,0.9,0.0
2012-08-01,0.0,1.8,4.2
2012-08-02,0.0,0.0,0.0
2012-08-03,0.0,0.0,0.0
2012-08-04,0.0,0.0,0.0
2012-08-05,0.0,0.0,0.0
2012-08-06,0.0,0.0,0.0
2012-08-07,0.0,3.4,4.6
2012-08-08,0.0,0.0,0.0
2012-08-09,0.0,0.0,0.0
2012-08-10,0.0,0.0,0.0
2012-08-11,0.0,0.0,0.0
2012-08-13,0.0,0.0,0.0
2012-08-14,0.0,0.0,0.0
2012-08-15,0.0,0.0,0.0
2012-08-16,0.0,0.0,0.0
2012-08-17,0.0,0.0,0.0
2012-08-18,0.0,0.0,0.0
2012-08-19,0.0,0.0,0.0
2012-08-20,0.0,2.2,2.1
2012-08-21,0.0,0.1,0.0
2012-08-22,0.0,0.0,0.0
2012-08-23,0.0,0.0,0.0
2012-08-24,0.0,0.2,0.0
2012-08-25,0.0,0.0,0.0
2012-08-26,0.0,1.1,1.0
2012-08-27,0.0,5.4,6.2
2012-08-28,0.0,0.0,0.0
2012-08-29,0.0,0.0,0.0
2012-08-30,0.0,0.0,0.0
2012-08-31,0.0,0.0,0.0
2012-09-01,1.0,0.0,0.0
2012-09-02,0.0,0.0,0.0
2012-09-03,0.0,0.0,0.0
2012-09-04,0.0,0.0,0.0
2012-09-05,0.0,0.0,0.0
2012-09-06,0.0,0.0,0.0
2012-09-07,0.0,0.0,0.0
2012-09-08,0.0,0.0,0.0
2012-09-10,2.0,49.2,41.5
2012-09-11,5.0,0.1,0.0
2012-09-12,0.0,0.0,0.0
2012-09-13,0.0,1.8,4.0
2012-09-14,0.0,0.0,0.0
2012-09-15,0.0,0.6,0.0
2012-09-17,0.0,0.1,0.0
2012-09-18,0.0,0.0,0.0
2012-09-20,0.0,0.0,0.0
2012-09-21,7.0,0.0,0.0
2012-09-22,0.0,0.0,0.0
2012-09-25,0.0,0.9,0.0
2012-09-27,0.0,0.4,0.0
2012-09-28,11.0,1.0,0.0
2012-09-29,0.0,0.0,0.0
2012-09-30,1.0,0.0,0.0
2012-10-01,17.0,0.0,0.0
2012-10-02,0.0,0.1,0.0
2012-10-04,2.0,0.7,0.0
2012-10-05,9.0,2.4,3.6
2012-10-06,13.0,0.9,0.0
2012-10-07,9.0,6.5,7.5
2012-10-08,13.0,10.5,11.0
2012-10-09,13.0,0.0,0.0
2012-10-10,0.0,2.4,3.7
2012-10-11,0.0,0.0,0.0
2012-10-12,0.0,0.0,0.0
2012-10-14,0.0,0.1,0.0
2012-10-15,0.0,3.4,3.4
2012-10-16,1.0,0.2,0.0
2012-10-17,0.0,9.2,9.3
2012-10-18,3.0,7.6,8.1
2012-10-19,8.0,4.0,4.0
2012-10-21,0.0,0.2,0.0
2012-10-22,0.0,0.3,0.0
2012-10-23,0.0,0.0,0.0
2012-10-24,0.0,0.0,0.0
2012-10-25,0.0,0.0,0.0
2012-10-27,18.0,1.0,0.0
2012-10-28,0.0,1.5,2.6
2012-10-29,1.0,21.4,14.7
2012-10-30,6.0,23.5,16.6
2012-10-31,12.0,11.4,8.6
2012-11-02,0.0,16.2,12.7
2012-11-03,1.0,4.7,4.6
2012-11-05,1.0,6.0,5.5
2012-11-06,2.0,1.3,1.9
2012-11-07,0.0,0.0,0.0
2012-11-08,0.0,0.0,0.0
2012-11-09,13.0,0.1,0.0
2012-11-10,1.0,14.8,11.8
2012-11-11,70.0,1.9,1.2
2012-11-12,3.0,18.4,12.6
2012-11-13,8.0,27.7,18.5
2012-11-14,1.0,23.9,16.0
2012-11-15,3.0,1.2,0.0
2012-11-16,5.0,18.6,12.7
2012-11-17,57.0,17.9,12.2
2012-11-18,13.0,37.9,24.5
2012-11-19,58.0,43.1,26.8
2012-11-20,10.0,60.2,37.5
2012-11-21,12.0,25.6,16.9
2012-11-22,40.0,40.5,27.1
2012-11-23,59.0,16.8,10.7
2012-11-24,3.0,22.0,14.4
2012-11-25,68.0,18.7,12.1
2012-11-26,4.0,7.6,4.2
2012-11-27,8.0,3.2,1.0
2012-11-29,83.0,57.6,37.4
2012-11-30,14.0,9.7,5.6
2012-12-01,4.6,5.9,1.9
2012-12-02,6.8,17.7,11.4
2012-12-03,29.8,28.6,23.6
2012-12-04,6.8,59.6,49.1
2012-12-05,27.1,16.6,10.6
2012-12-06,17.9,20.6,13.8
2012-12-07,52.5,6.9,2.8
2012-12-08,51.5,11.0,6.1
2012-12-09,23.3,2.7,0.0
2012-12-10,0.0,8.7,4.3
2012-12-11,1.8,20.7,13.8
2012-12-12,12.3,19.0,12.6
2012-12-13,0.4,12.7,7.8
2012-12-14,2.3,19.6,13.0
2012-12-15,8.9,37.2,27.6
2012-12-16,4.0,27.8,19.2
2012-12-17,2.7,44.2,34.0
2012-12-18,28.1,43.0,32.8
2012-12-19,53.3,27.6,19.8
2012-12-20,1.9,20.4,13.6
2012-12-21,37.1,19.6,14.1
2012-12-22,50.9,63.3,48.1
2012-12-23,78.5,46.5,38.9
2012-12-24,27.2,10.8,7.6
2012-12-25,1.4,39.5,34.5
2012-12-26,57.5,65.6,48.0
2012-12-27,43.5,37.1,31.7
2012-12-28,3.0,4.5,2.7
2012-12-29,1.1,31.5,26.7
2012-12-30,0.7,8.2,5.6
2012-12-31,0.0,42.5,36.3
2013-01-01,7.7,44.0,45.1
2013-01-02,8.4,4.9,3.9
2013-01-03,0.0,21.9,17.0
2013-01-04,4.5,17.5,15.3
2013-01-05,3.1,11.7,10.1
2013-01-06,8.8,14.2,12.3
2013-01-07,1.6,34.4,31.6
2013-01-08,20.8,5.9,4.8
2013-01-09,11.3,6.8,5.7
2013-01-10,3.0,0.2,0.0
2013-01-11,0.0,2.7,2.5
2013-01-12,2.0,1.7,1.3
2013-01-13,0.5,5.2,5.2
2013-01-14,4.0,8.8,8.7
2013-01-15,5.1,22.2,31.1
2013-01-16,27.3,1.2,1.0
2013-01-17,2.1,73.5,90.5
2013-01-18,32.3,3.5,3.4
2013-01-19,7.5,5.8,5.8
2013-01-20,15.5,0.4,0.0
2013-01-21,0.0,0.2,0.0
2013-01-22,0.0,22.9,21.4
2013-01-23,12.3,9.3,8.7
2013-01-24,1.0,1.2,1.5
2013-01-25,0.0,20.0,17.4
2013-01-26,5.3,23.1,20.9
2013-01-27,10.1,4.3,4.4
2013-01-28,0.5,1.7,2.0
2013-01-29,2.3,10.8,9.9
2013-01-30,1.1,8.0,7.6
2013-01-31,18.8,24.5,22.2
2013-02-01,1.2,0.3,0.0
2013-02-02,0.2,0.4,0.0
2013-02-03,0.0,13.5,15.1
2013-02-04,5.6,12.5,14.0
2013-02-05,36.7,67.4,86.6
2013-02-06,28.7,22.0,27.4
2013-02-07,13.3,11.4,12.9
2013-02-08,1.5,0.2,0.0
2013-02-10,22.2,8.4,9.6
2013-02-11,55.8,13.5,14.2
2013-02-12,4.5,41.6,42.3
2013-02-13,17.3,31.5,30.5
2013-02-14,12.0,31.8,30.3
2013-02-15,20.5,36.5,34.4
2013-02-16,8.8,21.0,21.3
2013-02-17,0.2,2.2,2.9
2013-02-18,0.0,1.0,1.5
2013-02-19,6.2,7.5,8.4
2013-02-20,7.0,3.5,4.3
2013-02-21,0.3,0.9,0.0
2013-02-22,0.0,5.4,5.1
2013-02-23,5.6,1.0,0.0
2013-02-25,0.1,0.0,0.0
2013-02-26,0.0,0.3,0.0
2013-02-27,1.9,3.9,3.8
2013-02-28,0.0,0.1,0.0
2013-03-01,0.0,3.1,2.4
2013-03-02,2.9,0.6,0.0
2013-03-03,0.0,3.3,2.6
2013-03-04,3.4,8.9,7.4
2013-03-05,19.1,0.8,0.0
2013-03-06,0.0,4.0,3.2
2013-03-07,0.0,2.7,2.1
2013-03-08,2.5,5.3,4.4
2013-03-09,0.0,5.7,4.7
2013-03-10,5.0,2.4,1.7
2013-03-11,0.0,6.6,6.1
2013-03-12,5.0,9.0,8.4
2013-03-13,2.8,12.0,11.1
2013-03-14,1.3,22.0,23.3
2013-03-15,2.2,15.7,14.5
2013-03-16,2.0,22.3,21.9
2013-03-17,59.8,24.8,25.1
2013-03-18,3.4,9.6,8.9
2013-03-19,1.5,4.6,4.1
2013-03-20,17.5,5.7,5.3
2013-03-21,13.2,0.3,0.0
2013-03-23,13.3,46.2,34.2
2013-03-24,53.0,4.9,3.2
2013-03-25,3.1,8.6,5.7
2013-03-26,11.8,1.8,1.1
2013-03-27,37.9,3.9,2.5
2013-03-28,30.1,3.5,2.3
2013-03-29,0.0,11.6,7.8
2013-03-30,10.4,58.9,43.8
2013-03-31,3.6,21.3,14.1
2013-04-01,19.1,15.4,14.9
2013-04-02,26.0,12.4,11.4
2013-04-03,3.4,5.7,4.7
2013-04-04,6.1,9.0,8.1
2013-04-05,0.8,22.7,24.8
2013-04-06,12.8,59.4,57.7
2013-04-07,46.2,31.8,33.2
2013-04-08,7.5,4.3,3.2
2013-04-09,5.8,0.4,0.0
2013-04-10,2.0,2.1,1.0
2013-04-12,5.0,40.1,36.3
2013-04-13,13.7,1.0,0.0
2013-04-14,0.0,3.7,4.3
2013-04-15,2.3,55.7,49.9
2013-04-16,30.6,13.3,12.6
2013-04-17,1.2,8.0,7.9
2013-04-18,22.7,36.4,34.0
2013-04-19,24.0,24.0,20.2
2013-04-20,4.7,0.6,0.0
2013-04-21,0.0,35.2,34.3
2013-04-22,32.8,3.9,4.3
2013-04-23,7.4,2.9,3.2
2013-04-24,3.5,10.0,10.5
2013-04-25,3.4,3.4,3.7
2013-04-26,4.8,0.1,0.0
2013-04-27,0.0,0.0,0.0
2013-04-28,0.0,0.0,0.0
2013-05-01,0.0,1.6,1.4
2013-05-02,1.2,2.8,2.5
2013-05-03,0.0,0.0,0.0
2013-05-04,0.6,3.0,2.7
2013-05-05,0.0,0.0,0.0
2013-05-06,0.0,2.1,1.8
2013-05-07,0.0,28.0,29.0
2013-05-08,1.8,20.6,22.4
2013-05-09,7.0,10.2,10.0
2013-05-10,24.8,39.6,38.9
2013-05-11,13.3,2.7,2.9
2013-05-12,4.7,4.0,3.8
2013-05-13,1.0,3.9,3.8
2013-05-14,0.0,10.1,7.9
2013-05-15,0.1,8.7,7.2
2013-05-17,0.6,33.5,27.8
2013-05-18,7.7,5.5,5.0
2013-05-19,3.7,11.9,10.0
2013-05-20,29.3,12.3,9.7
2013-05-21,0.3,14.5,16.9
2013-05-22,10.5,0.5,0.0
2013-05-23,11.3,13.4,15.3
2013-05-24,14.9,18.8,22.6
2013-05-25,3.9,6.6,7.1
2013-05-27,18.8,15.8,18.0
2013-05-28,0.0,6.4,7.0
2013-05-29,1.9,1.7,1.8
2013-05-30,0.0,4.7,5.1
2013-05-31,13.5,5.2,5.6
2013-06-01,0.0,1.1,0.0
2013-06-02,0.0,1.7,2.0
2013-06-04,0.0,6.3,5.0
2013-06-05,0.0,12.4,8.8
2013-06-08,2.0,39.7,32.3
2013-06-09,68.4,5.1,4.2
2013-06-10,0.0,7.2,6.2
2013-06-11,10.4,29.6,33.7
2013-06-12,62.8,36.0,42.1
2013-06-13,37.6,19.3,20.9
2013-06-14,13.2,9.6,9.6
2013-06-16,3.6,13.6,15.3
2013-06-17,6.8,1.6,1.8
2013-06-18,0.0,0.2,0.0
2013-06-19,0.0,0.4,0.0
2013-06-20,0.0,0.0,0.0
2013-06-21,0.0,0.5,0.0
2013-06-22,0.0,0.0,0.0
2013-06-23,0.0,0.0,0.0
2013-06-24,5.5,0.1,0.0
2013-06-25,0.0,0.0,0.0
2013-06-26,0.0,6.1,5.8
2013-06-27,0.0,13.3,10.6
2013-06-28,2.0,0.5,0.0
2013-06-29,17.6,0.5,0.0
2013-06-30,1.6,4.3,3.8
2013-07-01,1.0,3.8,4.7
2013-07-02,0.0,6.4,7.0
2013-07-03,5.6,101.7,44.6
2013-07-04,27.0,15.6,13.6
2013-07-05,12.7,4.6,5.0
2013-07-06,0.0,3.5,4.5
2013-07-07,0.0,0.0,0.0
2013-07-08,0.0,0.0,0.0
2013-07-09,0.0,9.9,9.5
2013-07-10,0.0,4.8,5.4
2013-07-11,0.0,21.9,18.2
2013-07-12,1.5,6.1,6.0
2013-07-13,22.3,33.4,26.4
2013-07-14,60.2,12.7,10.6
2013-07-15,0.0,27.8,22.4
2013-07-16,7.3,0.0,0.0
2013-07-17,0.0,0.0,0.0
2013-07-18,0.0,4.6,4.7
2013-07-19,0.0,2.1,2.1
2013-07-20,0.0,0.6,0.0
2013-07-21,0.0,9.9,8.7
2013-07-22,6.9,2.1,3.6
2013-07-23,7.3,2.7,3.4
2013-07-24,1.3,0.7,0.0
2013-07-28,1.5,0.3,0.0
2013-07-29,4.5,0.0,0.0
2013-07-30,0.0,0.0,0.0
2013-07-31,0.0,0.0,0.0
2013-08-01,0.0,0.9,2.3
2013-08-02,30.8,0.0,0.0
2013-08-03,6.0,2.1,3.5
2013-08-05,0.0,0.0,0.0
2013-08-06,0.0,0.0,0.0
2013-08-07,6.4,0.0,0.0
2013-08-08,6.7,1.3,2.7
2013-08-09,0.0,0.0,0.0
2013-08-10,0.0,0.0,0.0
2013-08-12,0.0,1.5,1.6
2013-08-13,0.0,0.0,0.0
2013-08-14,0.0,0.0,0.0
2013-08-15,0.0,0.5,0.0
2013-08-16,0.0,0.6,0.0
2013-08-17,0.4,0.0,0.0
2013-08-18,0.0,3.3,3.7
2013-08-19,0.0,3.7,3.8
2013-08-20,0.0,0.0,0.0
2013-08-21,0.0,0.0,0.0
2013-08-22,0.0,0.0,0.0
2013-08-23,0.0,0.7,0.0
2013-08-24,0.0,0.0,0.0
2013-08-25,0.0,0.0,0.0
2013-08-26,0.0,0.0,0.0
2013-08-27,0.0,0.0,0.0
2013-08-28,0.0,0.0,0.0
2013-08-29,0.0,4.3,4.9
2013-08-30,1.0,0.1,0.0
2013-08-31,23.0,0.8,0.0
2013-09-01,0.0,0.0,0.0
2013-09-02,0.0,0.0,0.0
2013-09-03,0.0,0.1,0.0
2013-09-04,0.0,0.0,0.0
2013-09-05,0.0,0.0,0.0
2013-09-06,1.0,0.0,0.0
2013-09-07,0.0,0.0,0.0
2013-09-08,0.0,0.0,0.0
2013-09-09,0.0,0.0,0.0
2013-09-10,0.0,0.0,0.0
2013-09-11,0.0,0.0,0.0
2013-09-12,0.0,0.0,0.0
2013-09-13,0.0,0.9,0.0
2013-09-14,34.4,6.7,8.3
2013-09-16,0.0,1.2,3.4
2013-09-18,62.0,0.0,0.0
2013-09-19,11.0,6.8,8.3
2013-09-20,55.3,0.0,0.0
2013-09-21,7.0,0.0,0.0
2013-09-22,1.0,0.0,0.0
2013-09-23,0.0,0.0,0.0
2013-09-24,0.0,0.0,0.0
2013-09-25,0.0,0.0,0.0
2013-09-26,0.0,0.0,0.0
2013-09-27,0.0,0.0,0.0
2013-09-29,0.0,2.5,3.5
2013-10-09,10.0,0.8,0.0
2013-10-13,5.0,4.0,4.0
2013-10-14,7.6,1.3,1.2
2013-10-17,0.0,0.0,0.0
2013-10-22,11.7,17.0,12.1
2013-10-27,1.5,12.8,9.5
2013-11-05,0.5,1.0,0.0
2013-11-09,2.9,0.0,0.0
2013-11-12,22.3,33.3,22.2
2013-11-13,14.8,47.8,31.0
2013-11-14,19.7,48.1,30.1
2013-11-17,1.1,43.4,28.1
2013-11-21,0.0,2.6,0.0
2013-11-24,0.0,6.4,3.2
2013-11-26,0.0,1.2,0.0
2013-11-28,0.0,30.8,19.1
2013-11-29,2.8,17.7,11.3
2013-12-03,3.8,41.3,36.0
2013-12-07,64.8,42.6,37.1
2013-12-08,21.7,14.9,9.2
2013-12-09,10.3,90.8,57.1
2013-12-10,27.1,20.6,13.7
2013-12-12,2.6,11.3,6.8
2013-12-13,4.2,28.5,20.2
2013-12-14,9.0,35.0,26.2
2013-12-15,24.1,41.9,32.2
2013-12-16,50.9,22.3,15.0
2013-12-17,5.9,5.1,2.1
2013-12-19,36.6,22.6,15.3
2013-12-20,41.9,17.6,11.5
2013-12-21,1.0,13.3,9.4
2013-12-22,10.5,10.4,7.3
2013-12-23,1.0,1.4,0.0
2013-12-25,1.0,4.8,2.9
2013-12-28,0.0,0.2,0.0
2013-12-29,0.0,3.1,1.5
2013-12-31,9.2,14.9,10.6
2014-01-05,1.0,21.5,18.9
2014-01-07,1.0,62.6,66.4
2014-01-08,10.3,9.8,8.4
2014-01-09,54.8,15.3,13.3
2014-01-11,19.4,11.6,11.4
2014-01-12,23.3,28.0,36.5
2014-01-13,31.0,4.5,4.4
2014-01-14,2.0,17.3,23.9
2014-01-15,15.5,16.4,22.4
2014-01-16,1.7,9.1,9.1
2014-01-18,32.2,5.0,5.0
2014-01-19,12.7,2.1,1.8
2014-01-20,0.2,8.5,8.4
2014-01-21,10.4,14.1,12.5
2014-01-22,17.4,2.3,2.6
2014-01-23,4.0,3.8,3.9
2014-01-24,6.6,0.0,0.0
2014-01-26,0.0,0.4,0.0
2014-01-29,9.0,0.2,0.0
2014-01-30,1.2,0.2,0.0
2014-01-31,0.2,0.2,0.0
2014-02-03,5.3,2.6,2.9
2014-02-04,13.7,2.8,3.2
2014-02-05,1.5,5.1,5.9
2014-02-07,12.8,8.7,9.9
2014-02-09,8.7,5.1,5.9
2014-02-10,2.9,0.7,0.0
2014-02-15,0.0,2.4,3.1
2014-02-17,15.5,6.8,7.7
2014-02-18,0.0,7.4,8.3
2014-02-20,2.8,10.9,11.7
2014-02-24,2.2,1.7,1.9
2014-02-26,5.7,2.0,2.2
2014-02-27,1.1,0.5,0.0
2014-02-28,9.3,5.0,4.8
2014-03-01,1.0,11.5,9.4
2014-03-02,1.9,10.8,8.9
2014-03-03,25.2,4.5,3.7
2014-03-04,8.6,3.6,2.9
2014-03-05,1.0,4.2,3.4
2014-03-06,3.2,41.3,35.3
2014-03-07,27.5,18.0,14.4
2014-03-12,0.3,21.8,21.7
2014-03-13,19.1,60.3,54.7
2014-03-14,58.4,1.8,1.1
2014-03-16,0.3,6.9,6.4
2014-03-17,8.6,10.7,10.0
2014-03-18,15.8,35.9,35.1
2014-03-20,9.5,0.9,0.0
2014-03-25,1.5,12.9,8.6
2014-03-26,8.7,0.0,0.0
2014-03-28,0.5,32.6,23.1
2014-03-29,17.0,15.7,10.5
2014-03-30,11.0,0.1,0.0
2014-03-31,27.5,0.7,0.0
2014-04-03,0.7,2.4,1.0
2014-04-05,10.2,1.1,0.0
2014-04-06,8.9,22.1,24.6
2014-04-07,27.8,5.0,3.9
2014-04-11,0.0,18.1,16.3
2014-04-14,17.6,25.4,22.0
2014-04-15,17.6,13.9,13.1
2014-04-18,2.5,13.7,12.9
2014-04-19,12.0,0.5,0.0
2014-04-20,27.7,5.2,5.6
2014-04-21,0.6,21.1,19.9
2014-04-22,8.6,5.0,5.4
2014-04-23,6.8,21.8,20.7
2014-04-24,14.3,3.9,4.3
2014-04-25,12.0,23.5,23.3
2014-04-27,27.8,5.7,6.2
2014-05-01,10.4,5.7,5.3
2014-05-02,4.5,2.1,1.8
2014-05-03,8.2,1.6,1.4
2014-05-05,7.6,6.6,6.0
2014-05-06,3.0,0.4,0.0
2014-05-07,0.2,2.0,1.8
2014-05-08,3.9,0.1,0.0
2014-05-09,18.0,0.6,0.0
2014-05-12,0.5,0.5,0.0
2014-05-13,0.0,3.6,3.6
2014-05-14,0.2,16.0,11.8
2014-05-15,5.6,20.1,17.0
2014-05-16,4.7,11.4,9.8
2014-05-17,0.5,6.9,5.9
2014-05-18,9.9,1.7,2.1
2014-05-19,3.6,15.1,11.8
2014-05-20,10.0,1.0,0.0
2014-05-21,10.9,9.2,10.0
2014-05-22,0.0,5.5,5.9
2014-05-23,2.0,19.8,23.2
2014-05-24,62.0,1.1,1.1
2014-05-25,8.2,0.9,0.0
2014-05-26,2.8,2.7,2.8
2014-05-29,0.0,0.4,0.0
2014-05-30,0.0,1.3,1.3
2014-06-01,1.6,0.0,0.0
2014-06-02,0.0,0.0,0.0
2014-06-03,0.0,0.0,0.0
2014-06-05,1.9,28.7,20.7
2014-06-06,0.2,0.0,0.0
2014-06-07,0.0,0.0,0.0
2014-06-09,4.3,0.0,0.0
2014-06-10,5.3,4.1,3.5
2014-06-11,3.8,1.9,2.1
2014-06-12,25.0,33.5,39.8
2014-06-13,36.8,26.0,30.3
2014-06-14,29.7,0.6,0.0
2014-06-17,7.4,2.5,2.7
2014-06-18,1.4,5.2,5.4
2014-06-19,1.0,16.7,16.9
2014-06-22,14.5,0.7,0.0
2014-06-23,0.0,2.9,2.7
2014-06-24,16.3,1.9,1.9
2014-06-25,1.8,16.4,13.6
2014-06-26,20.8,9.3,8.3
2014-06-27,1.2,5.5,5.5
2014-06-30,0.0,0.9,0.0
2014-07-01,0.0,0.0,0.0
2014-07-04,0.0,1.3,1.9
2014-07-05,12.2,5.4,5.8
2014-07-06,32.5,1.3,1.8
2014-07-07,28.9,0.0,0.0
2014-07-08,0.0,0.0,0.0
2014-07-09,0.3,0.0,0.0
2014-07-11,0.2,1.0,0.0
2014-07-12,18.2,20.3,16.7
2014-07-13,6.8,25.0,20.9
2014-07-16,0.0,0.0,0.0
2014-07-17,0.0,0.0,0.0
2014-07-19,1.3,0.0,0.0
2014-07-20,0.0,0.1,0.0
2014-07-21,12.2,3.1,3.7
2014-07-23,2.7,27.5,20.4
2014-07-24,12.1,2.2,3.2
2014-07-27,37.3,1.0,0.0
2014-07-28,0.1,0.0,0.0
2014-07-30,0.0,0.4,0.0
2014-08-01,0.2,0.0,0.0
2014-08-04,10.9,19.1,17.6
2014-08-06,0.0,1.1,2.5
2014-08-09,0.0,5.4,6.4
2014-08-12,41.7,0.5,0.0
2014-08-13,0.0,0.0,0.0
2014-08-15,8.0,0.0,0.0
2014-08-16,6.6,0.0,0.0
2014-08-17,0.0,0.0,0.0
2014-08-21,0.0,0.0,0.0
2014-08-22,0.0,7.9,8.5
2014-08-25,0.6,0.0,0.0
2014-08-29,25.2,6.6,7.5
2014-08-30,26.6,0.0,0.0
2014-09-01,0.0,0.1,0.0
2014-09-02,0.0,0.6,0.0
2014-09-06,0.0,0.0,0.0
2014-09-07,0.6,0.9,0.0
2014-09-10,0.0,0.2,0.0
2014-09-11,0.0,0.0,0.0
2014-09-14,0.0,0.0,0.0
2014-09-22,0.0,0.0,0.0
2014-09-26,0.0,0.0,0.0
2014-10-04,0.0,0.0,0.0
2014-10-07,4.8,0.2,0.0
2014-10-12,0.0,0.5,0.0
2014-10-24,0.0,1.2,0.0
2014-10-26,0.3,7.4,6.1
2014-10-27,5.5,0.0,0.0
2014-10-28,0.0,21.3,14.9
2014-10-29,50.2,11.1,8.4
2014-11-05,0.0,1.4,2.0
2014-11-06,8.0,8.8,7.6
2014-11-08,2.5,1.3,1.9
2014-11-09,2.3,7.5,6.7
2014-11-10,1.0,33.5,26.7
2014-11-11,7.2,15.2,10.5
2014-11-12,8.8,23.4,15.8
2014-11-13,14.8,37.4,24.4
2014-11-14,44.1,14.4,9.9
2014-11-15,1.1,16.8,11.5
2014-11-16,16.3,7.5,5.3
2014-11-17,19.1,6.3,4.4
2014-11-18,28.0,68.6,43.7
2014-11-19,26.9,41.7,26.2
2014-11-20,23.1,0.6,0.0
2014-11-22,4.3,4.6,1.8
2014-11-23,25.6,4.0,1.3
2014-11-24,3.3,90.2,48.9
2014-11-25,3.5,11.2,6.7
2014-11-29,3.7,15.9,10.1
2014-11-30,3.2,4.9,2.0
2014-12-04,19.7,22.6,15.1
2014-12-06,9.4,21.9,14.8
2014-12-07,16.7,2.1,0.0
2014-12-09,0.7,3.2,0.0
2014-12-10,0.4,5.3,1.4
2014-12-11,0.3,1.6,0.0
2014-12-14,0.0,3.5,1.0
2014-12-17,1.3,17.2,11.2
2014-12-18,17.5,43.5,33.6
2014-12-19,40.8,45.3,34.9
2014-12-21,17.0,26.9,21.8
2014-12-22,19.1,23.6,18.5
2014-12-23,36.1,40.8,34.3
2014-12-24,8.8,49.0,39.7
2014-12-26,9.8,12.6,8.9
2014-12-27,11.0,29.3,25.6
2014-12-28,24.0,15.2,10.8
2014-12-29,2.7,7.5,5.0
2014-12-30,0.2,7.9,5.4
2015-01-01,8.0,8.6,7.3
2015-01-04,11.6,3.6,2.8
2015-01-05,4.0,2.9,2.2
2015-01-07,1.5,1.2,1.0
2015-01-08,0.0,3.7,2.9
2015-01-12,0.0,2.3,2.0
2015-01-13,1.4,3.2,3.0
2015-01-17,0.0,1.1,0.0
2015-01-19,0.4,20.2,26.1
2015-01-20,1.3,53.7,68.5
2015-01-21,50.5,14.1,12.5
2015-01-23,0.6,1.8,2.1
2015-01-25,5.9,51.6,43.1
2015-01-26,29.3,0.8,0.0
2015-01-27,0.1,11.1,10.2
2015-01-28,13.0,33.3,28.3
2015-01-29,15.6,30.9,26.2
2015-01-30,24.1,5.4,5.3
2015-02-01,11.5,38.8,47.7
2015-02-02,11.4,4.8,5.5
2015-02-04,3.3,6.4,7.4
2015-02-05,2.7,9.7,11.0
2015-02-07,27.3,47.0,59.0
2015-02-08,46.1,22.0,26.7
2015-02-09,6.5,6.2,7.2
2015-02-10,8.4,2.7,3.1
2015-02-11,1.3,18.0,18.5
2015-02-12,10.2,8.6,9.5
2015-02-13,3.8,4.3,5.2
2015-02-14,0.4,0.0,0.0
2015-02-16,1.8,1.5,2.1
2015-02-18,6.5,25.7,26.5
2015-02-19,37.0,15.3,15.9
2015-02-20,1.5,4.5,5.4
2015-02-24,0.0,1.2,1.4
2015-02-25,0.0,2.5,2.6
2015-02-26,0.0,6.9,6.4
2015-03-03,3.7,3.5,2.9
2015-03-05,1.6,7.3,6.1
2015-03-06,3.8,2.4,1.7
2015-03-09,2.6,0.1,0.0
2015-03-11,0.1,14.2,13.2
2015-03-12,22.9,21.0,19.3
2015-03-15,0.5,25.1,25.3
2015-03-16,12.6,1.5,1.0
2015-03-18,1.3,17.9,16.5
2015-03-19,10.0,4.8,4.3
2015-03-20,37.0,2.6,2.0
2015-03-21,11.2,10.3,6.9
2015-03-22,12.0,17.8,11.9
2015-03-25,52.5,14.6,9.7
2015-03-26,4.0,2.4,1.6
2015-03-27,0.5,9.2,6.1
2015-03-28,40.2,14.0,9.4
2015-03-29,30.0,2.6,1.7
2015-03-30,1.5,2.1,1.3
2015-03-31,16.5,13.1,8.7
2015-04-02,26.0,6.7,5.8
2015-04-03,8.2,13.7,12.6
2015-04-04,9.8,88.8,56.2
2015-04-05,39.4,3.0,1.6
2015-04-07,13.0,13.8,12.7
2015-04-08,0.7,13.7,12.6
2015-04-09,10.7,0.1,0.0
2015-04-10,22.3,0.2,0.0
2015-04-13,12.9,0.9,0.0
2015-04-15,3.5,10.6,10.2
2015-04-16,5.8,6.7,6.8
2015-04-17,20.5,1.1,2.1
2015-04-18,46.5,8.8,8.6
2015-04-19,0.3,12.7,12.0
2015-04-20,0.5,8.6,8.4
2015-04-21,2.6,16.7,17.3
2015-04-22,0.2,1.2,1.3
2015-04-25,7.5,4.3,4.7
2015-04-26,0.5,3.0,3.3
2015-04-28,0.1,7.2,7.7
2015-04-30,0.0,5.8,6.2
2015-05-02,1.2,22.2,24.3
2015-05-03,1.8,29.8,30.8
2015-05-04,14.7,25.8,26.5
2015-05-05,8.7,1.5,1.2
2015-05-06,9.5,9.4,8.8
2015-05-07,54.9,0.0,0.0
2015-05-09,6.9,0.0,0.0
2015-05-12,0.0,0.0,0.0
2015-05-13,0.0,0.6,0.0
2015-05-14,12.6,0.2,0.0
2015-05-16,77.7,0.0,0.0
2015-05-17,0.0,0.0,0.0
2015-05-18,0.4,0.0,0.0
2015-05-19,0.0,0.0,0.0
2015-05-22,0.0,0.4,0.0
2015-05-23,0.0,0.0,0.0
2015-05-27,0.6,2.4,2.5
2015-05-28,4.8,0.0,0.0
2015-05-29,8.3,1.1,1.1
2015-05-30,6.0,0.0,0.0
2015-06-02,26.0,7.5,6.0
2015-06-03,10.3,0.0,0.0
2015-06-04,0.9,0.0,0.0
2015-06-06,0.0,0.4,0.0
2015-06-07,0.0,2.2,2.4
2015-06-09,0.0,11.5,8.4
2015-06-10,13.2,10.5,7.5
2015-06-13,0.0,0.0,0.0
2015-06-14,0.0,0.0,0.0
2015-06-18,0.0,0.0,0.0
2015-06-19,0.0,0.1,0.0
2015-06-21,0.0,0.1,0.0
2015-06-23,0.0,0.0,0.0
2015-06-26,0.0,0.0,0.0
2015-06-27,0.0,0.0,0.0
2015-06-29,0.0,0.0,0.0
2015-07-01,0.0,0.0,0.0
2015-07-02,0.0,0.0,0.0
2015-07-04,0.0,0.0,0.0
2015-07-06,0.0,0.0,0.0
2015-07-08,0.0,0.0,0.0
2015-07-09,0.0,0.0,0.0
2015-07-11,0.0,0.0,0.0
2015-07-12,0.0,0.0,0.0
2015-07-13,0.0,0.0,0.0
2015-07-18,0.0,0.0,0.0
2015-07-19,0.0,0.0,0.0
2015-07-21,0.3,0.0,0.0
2015-07-24,0.0,0.0,0.0
2015-07-29,0.0,0.0,0.0
2015-08-01,1.0,0.0,0.0
2015-08-02,0.0,0.0,0.0
2015-08-03,0.0,0.0,0.0
2015-08-05,0.2,0.0,0.0
2015-08-06,0.0,0.0,0.0
2015-08-07,0.0,0.0,0.0
2015-08-08,0.0,0.0,0.0
2015-08-11,5.7,0.0,0.0
2015-08-12,0.0,0.0,0.0
2015-08-15,0.0,0.0,0.0
2015-08-16,0.0,0.0,0.0
2015-08-18,0.0,0.0,0.0
2015-08-20,0.0,0.8,0.0
2015-08-21,0.0,0.0,0.0
2015-08-23,0.0,0.0,0.0
2015-08-25,0.0,0.0,0.0
2015-08-27,0.0,0.0,0.0
2015-08-28,0.0,0.0,0.0
2015-08-29,0.0,0.0,0.0
2015-08-30,0.0,0.0,0.0
2015-09-02,0.0,0.0,0.0
2015-09-04,0.0,0.0,0.0
2015-09-06,0.0,0.0,0.0
2015-09-07,0.0,0.0,0.0
2015-09-08,0.0,0.0,0.0
2015-09-11,0.0,0.0,0.0
2015-09-12,0.0,0.0,0.0
2015-09-13,0.0,0.0,0.0
2015-09-14,0.0,0.9,0.0
2015-09-16,0.0,0.0,0.0
2015-09-17,0.0,0.0,0.0
2015-09-22,43.2,0.1,0.0
2015-09-27,0.0,0.0,0.0
2015-10-01,0.0,0.0,0.0
2015-10-05,0.0,0.0,0.0
2015-10-08,32.9,0.0,0.0
2015-10-10,0.7,0.0,0.0
2015-10-12,0.0,0.0,0.0
2015-10-14,0.9,0.0,0.0
2015-10-15,0.0,0.0,0.0
2015-10-17,0.0,0.2,0.0
2015-10-20,0.0,0.0,0.0
2015-10-22,0.0,0.0,0.0
2015-10-25,0.0,0.0,0.0
2015-10-26,0.0,0.0,0.0
2015-10-27,0.0,0.0,0.0
2015-10-31,0.0,0.0,0.0
2015-11-01,0.0,0.5,0.0
2015-11-04,5.5,6.0,5.6
2015-11-05,3.5,13.5,10.9
2015-11-06,58.4,6.4,5.9
2015-11-08,16.9,25.6,20.0
2015-11-09,62.3,16.1,12.7
2015-11-10,1.5,15.2,12.1
2015-11-11,22.4,9.4,6.6
2015-11-12,19.7,28.1,18.7
2015-11-13,60.4,13.5,9.3
2015-11-14,15.3,5.5,3.9
2015-11-18,45.8,1.8,1.1
2015-11-21,0.0,9.7,5.7
2015-11-23,2.8,0.8,0.0
2015-11-24,0.0,11.8,7.1
2015-11-25,32.7,37.4,24.3
2015-11-26,47.0,14.3,8.9
2015-11-27,24.7,3.6,1.0
2015-11-29,0.5,2.0,0.0
2015-12-01,0.0,15.5,9.7
2015-12-03,44.4,6.4,2.4
2015-12-04,17.8,10.0,5.4
2015-12-05,18.9,5.8,1.9
2015-12-06,4.7,29.0,23.8
2015-12-07,12.4,36.6,31.4
2015-12-08,46.9,24.7,19.3
2015-12-09,44.4,12.7,7.4
2015-12-10,14.0,41.4,35.7
2015-12-11,7.4,39.2,29.6
2015-12-12,5.5,24.0,16.3
2015-12-13,15.2,50.1,39.7
2015-12-14,37.1,9.2,5.2
2015-12-16,9.9,26.6,21.2
2015-12-17,10.5,3.9,1.1
2015-12-18,1.2,3.3,1.0
2015-12-19,0.0,0.3,0.0
2015-12-21,4.2,8.1,5.5
2015-12-22,1.1,2.3,1.0
2015-12-23,0.0,5.9,3.8
2015-12-24,0.0,0.0,0.0
2015-12-25,0.0,2.5,1.0
2015-12-26,0.0,1.8,1.0
2015-12-27,0.0,6.4,4.2
2015-12-28,2.3,13.8,9.8
2015-12-29,1.1,6.8,4.5
2015-12-30,2.8,0.3,0.0
2015-12-31,5.6,0.6,0.0
2016-01-01,24.8,20.3,17.4
2016-01-02,13.2,29.0,26.2
2016-01-03,7.7,34.6,32.9
2016-01-04,37.4,8.1,6.8
2016-01-05,0.2,20.5,17.8
2016-01-06,26.3,2.6,2.0
2016-01-07,10.8,0.7,0.0
2016-01-08,0.0,0.4,0.0
2016-01-10,20.2,11.6,9.9
2016-01-11,10.8,4.9,4.8
2016-01-12,32.8,39.2,49.1
2016-01-13,48.0,24.0,30.4
2016-01-14,44.5,4.6,4.5
2016-01-15,15.5,1.8,1.4
2016-01-18,23.8,5.9,5.9
2016-01-19,12.4,8.7,8.7
2016-01-20,39.5,72.2,88.2
2016-01-21,19.0,5.1,5.1
2016-01-25,0.2,3.6,3.7
2016-01-26,0.4,4.0,4.1
2016-01-30,0.0,7.0,6.8
2016-01-31,4.0,9.8,9.1
2016-02-01,5.6,3.4,3.9
2016-02-02,2.5,17.6,19.4
2016-02-03,12.5,8.2,9.4
2016-02-05,13.8,7.2,8.3
2016-02-07,7.1,21.1,26.2
2016-02-08,32.6,36.6,44.1
2016-02-09,2.5,36.3,43.7
2016-02-10,17.8,18.8,22.4
2016-02-11,6.3,10.5,11.4
2016-02-12,1.5,15.3,15.9
2016-02-13,12.0,6.8,7.7
2016-02-14,0.2,11.9,12.7
2016-02-17,0.7,0.6,0.0
2016-02-18,11.8,0.0,0.0
2016-02-19,0.0,0.4,0.0
2016-02-21,11.8,10.6,9.6
2016-02-22,6.3,39.1,36.9
2016-02-23,22.5,7.8,7.2
2016-02-24,0.3,7.2,6.7
2016-02-25,0.6,5.8,5.5
2016-02-27,5.5,17.5,15.4
2016-02-28,19.6,0.3,0.0
2016-02-29,0.8,7.4,6.9
2016-03-01,0.6,1.8,1.1
2016-03-02,0.7,3.1,2.4
2016-03-03,1.5,0.4,0.0
2016-03-07,60.5,29.0,25.0
2016-03-08,11.8,13.0,10.6
2016-03-09,11.4,24.5,20.1
2016-03-10,18.4,15.2,12.3
2016-03-11,6.1,12.3,11.4
2016-03-12,34.4,52.1,47.7
2016-03-13,26.5,16.6,15.3
2016-03-14,2.0,6.8,6.3
2016-03-15,27.3,23.4,23.8
2016-03-16,86.3,6.2,5.8
2016-03-17,1.4,39.3,37.1
2016-03-18,2.0,20.3,17.9
2016-03-22,11.0,10.1,6.7
2016-03-23,7.8,21.2,14.6
2016-03-24,7.3,15.1,10.1
2016-03-25,2.4,49.6,36.2
2016-03-26,27.3,5.1,3.4
2016-03-27,2.0,4.2,2.8
2016-03-28,1.5,16.7,11.2
2016-03-29,6.7,35.3,24.8
2016-03-30,19.3,1.7,1.1
2016-04-01,1.8,29.9,31.1
2016-04-02,5.8,8.7,7.8
2016-04-03,17.3,6.9,6.0
2016-04-04,2.4,6.9,5.9
2016-04-05,36.5,18.3,20.6
2016-04-06,47.4,11.5,10.5
2016-04-08,1.3,4.3,3.2
2016-04-09,42.8,31.6,32.3
2016-04-10,36.5,1.4,0.0
2016-04-11,0.0,15.9,14.8
2016-04-12,112.6,11.3,10.8
2016-04-13,20.6,23.4,19.9
2016-04-14,5.9,15.0,14.0
2016-04-15,26.4,0.7,0.0
2016-04-17,2.2,2.0,2.8
2016-04-18,0.1,5.0,5.3
2016-04-19,1.0,10.1,9.7
2016-04-21,11.8,0.6,0.0
2016-04-23,2.5,4.4,4.8
2016-04-24,0.4,4.4,4.8
2016-04-25,18.5,2.2,2.4
2016-04-26,58.5,11.1,11.6
2016-04-27,4.5,28.7,27.9
2016-04-28,26.3,17.2,17.6
2016-04-29,14.8,5.6,6.1
2016-04-30,25.1,3.5,3.9
2016-05-01,2.5,1.5,1.3
2016-05-03,12.5,7.6,7.0
2016-05-04,0.0,4.6,4.2
2016-05-05,6.1,10.8,10.4
2016-05-06,0.2,1.4,1.1
2016-05-09,1.6,20.4,21.5
2016-05-10,10.2,0.0,0.0
2016-05-11,3.5,26.5,23.0
2016-05-12,17.5,30.0,25.5
2016-05-13,43.5,2.1,2.4
2016-05-14,4.5,2.5,2.7
2016-05-16,31.5,9.0,7.5
2016-05-17,1.0,6.5,5.7
2016-05-18,27.5,0.0,0.0
2016-05-19,0.0,0.0,0.0
2016-05-21,14.8,7.9,10.5
2016-05-22,74.7,25.8,32.5
2016-05-23,1.8,5.3,5.7
2016-05-24,0.8,3.1,3.3
2016-05-25,23.1,2.1,2.2
2016-05-27,4.0,4.6,5.0
2016-05-29,25.8,9.2,11.0
2016-05-30,9.2,8.4,9.3
2016-05-31,1.5,4.5,4.8
2016-06-01,0.0,11.3,8.4
2016-06-03,1.0,27.1,18.8
2016-06-04,4.8,0.1,0.0
2016-06-06,4.0,10.1,7.5
2016-06-07,23.5,41.2,33.4
2016-06-08,38.2,4.0,3.5
2016-06-09,2.7,12.5,8.8
2016-06-10,5.3,0.8,0.0
2016-06-12,9.2,0.0,0.0
2016-06-13,0.0,0.3,0.0
2016-06-15,5.2,1.8,2.0
2016-06-16,0.7,1.0,1.2
2016-06-17,0.0,25.1,29.8
2016-06-18,2.0,38.4,44.0
2016-06-19,7.6,6.9,7.1
2016-06-20,3.2,3.8,4.0
2016-06-21,0.3,1.5,1.6
2016-06-22,23.3,5.3,4.5
2016-06-23,3.8,2.5,2.3
2016-06-24,3.4,0.0,0.0
2016-06-28,0.5,5.4,4.6
2016-06-30,0.6,3.4,3.1
2016-07-01,1.3,17.4,13.8
2016-07-02,16.8,9.8,9.1
2016-07-03,5.0,0.8,0.0
2016-07-04,2.5,0.0,0.0
2016-07-05,1.7,1.5,2.1
2016-07-08,0.0,0.0,0.0
2016-07-11,0.0,5.7,5.4
2016-07-12,3.9,19.0,14.9
2016-07-13,1.1,13.2,10.4
2016-07-14,13.1,2.1,2.1
2016-07-15,1.5,1.2,0.0
2016-07-16,3.3,2.4,2.4
2016-07-17,15.2,39.8,29.0
2016-07-18,1.3,2.5,2.5
2016-07-19,18.2,20.4,16.6
2016-07-20,1.4,3.6,3.5
2016-07-21,44.6,22.2,18.4
2016-07-22,16.8,9.1,6.9
2016-07-23,18.8,21.1,17.7
2016-07-24,13.6,0.3,0.0
2016-07-28,0.0,1.7,2.9
2016-07-29,1.6,2.0,3.3
2016-07-31,0.6,0.0,0.0
2016-08-01,0.0,0.0,0.0
2016-08-05,0.0,1.0,2.4
2016-08-07,0.0,2.2,3.6
2016-08-08,0.8,0.1,0.0
2016-08-10,7.7,0.3,0.0
2016-08-11,15.1,0.0,0.0
2016-08-12,0.0,0.0,0.0
2016-08-13,1.0,1.1,0.0
2016-08-14,1.9,0.0,0.0
2016-08-16,0.2,5.3,4.7
2016-08-17,14.2,6.5,5.7
2016-08-18,30.0,6.2,5.0
2016-08-19,0.2,0.0,0.0
2016-08-22,0.5,1.1,1.0
2016-08-25,0.2,1.3,1.2
2016-08-26,0.2,1.8,1.7
2016-08-27,0.0,49.9,61.9
2016-08-29,0.3,6.2,6.8
2016-08-30,6.7,14.5,18.9
2016-08-31,49.7,0.0,0.0
2016-09-01,0.2,0.0,0.0
2016-09-03,9.5,0.0,0.0
2016-09-04,15.0,0.2,0.0
2016-09-05,0.9,0.0,0.0
2016-09-07,17.4,13.6,15.6
2016-09-08,13.8,0.0,0.0
2016-09-09,14.6,0.7,0.0
2016-09-10,0.2,0.0,0.0
2016-09-11,0.0,0.6,0.0
2016-09-12,3.1,0.0,0.0
2016-09-13,17.8,0.0,0.0
2016-09-15,46.8,3.6,6.1
2016-09-16,0.3,46.9,53.3
2016-09-17,15.8,1.9,4.1
2016-09-18,2.2,3.0,5.1
2016-09-19,30.8,3.3,5.4
2016-09-20,15.3,77.9,54.1
2016-09-21,16.0,0.6,0.0
2016-09-23,1.8,47.3,31.9
2016-09-24,27.2,10.6,9.0
2016-09-25,10.4,11.3,9.4
2016-09-26,2.0,16.8,12.0
2016-09-27,0.0,43.3,28.1
2016-09-28,20.4,13.9,10.5
2016-09-29,4.5,1.7,3.1
2016-09-30,0.2,31.0,18.9
2016-10-01,5.0,5.4,6.5
2016-10-03,40.0,15.0,14.7
2016-10-04,2.3,30.3,31.9
2016-10-05,21.7,3.8,5.0
2016-10-06,6.4,6.5,7.5
2016-10-08,1.3,44.7,52.5
2016-10-10,68.4,17.8,17.9
2016-10-11,13.8,2.2,2.2
2016-10-12,0.5,9.9,9.7
2016-10-13,0.2,0.0,0.0
2016-10-15,2.2,19.0,15.3
2016-10-16,8.4,1.3,1.2
2016-10-20,7.1,12.4,11.3
2016-10-21,14.5,12.4,9.2
2016-10-22,16.0,13.3,9.8
2016-10-23,8.9,33.0,22.5
2016-10-24,5.0,21.8,15.5
2016-10-25,83.5,38.2,25.1
2016-10-27,7.1,22.0,16.6
2016-10-28,16.5,56.0,36.3
2016-10-29,22.4,24.1,17.0
2016-10-30,11.1,10.4,8.0
2016-11-01,56.4,7.8,6.9
2016-11-03,3.0,9.7,8.2
2016-11-04,23.2,0.2,0.0
2016-11-05,20.7,7.4,6.6
2016-11-06,29.2,1.1,0.0
2016-11-08,3.3,51.2,38.1
2016-11-09,7.7,42.2,32.2
2016-11-10,57.8,9.9,8.4
2016-11-11,1.3,42.3,27.4
2016-11-12,22.0,1.5,1.0
2016-11-13,1.1,97.7,58.2
2016-11-14,87.1,6.0,4.3
2016-11-15,2.8,53.9,35.3
2016-11-16,50.9,7.5,5.3
2016-11-17,1.3,2.2,1.5
2016-11-18,3.8,9.2,6.4
2016-11-19,26.9,11.0,7.7
2016-11-20,0.6,9.8,6.9
2016-11-21,5.0,10.0,5.9
2016-11-22,25.2,18.0,11.6
2016-11-23,3.3,9.5,5.5
2016-11-24,0.1,19.3,12.5
2016-11-25,5.0,8.6,4.8
2016-11-26,1.1,3.1,1.0
2016-11-27,1.6,7.6,4.1
2016-11-28,1.1,4.1,1.4
2016-11-29,1.0,8.8,5.0
2016-12-01,7.3,1.5,0.0
2016-12-02,1.7,8.4,4.0
2016-12-03,3.9,8.7,4.3
2016-12-04,0.0,5.9,1.9
2016-12-08,1.8,10.8,5.9
2016-12-09,2.9,17.7,11.5
2016-12-10,2.0,34.2,29.3
2016-12-11,3.2,32.4,23.4
2016-12-12,12.0,46.9,37.1
2016-12-13,8.5,11.9,7.2
2016-12-14,0.4,24.0,16.2
2016-12-15,15.2,4.0,1.1
2016-12-16,0.0,5.9,2.7
2016-12-17,1.2,0.8,0.0
2016-12-20,1.5,0.0,0.0
2016-12-23,0.5,0.0,0.0
2016-12-24,0.0,1.6,0.0
2016-12-26,0.0,8.5,5.8
2016-12-28,0.0,8.8,6.1
2016-12-30,0.0,4.0,2.3
2017-01-01,3.0,5.5,4.5
2017-01-02,0.0,10.1,8.6
2017-01-03,0.3,8.7,7.4
2017-01-05,1.5,10.8,9.2
2017-01-06,3.0,7.5,6.3
2017-01-07,2.3,0.0,0.0
2017-01-08,0.0,0.4,0.0
2017-01-09,0.0,5.7,4.7
2017-01-11,0.3,2.9,2.6
2017-01-12,0.0,7.8,7.8
2017-01-13,0.2,10.6,10.5
2017-01-14,1.0,6.1,6.0
2017-01-15,0.2,3.3,3.1
2017-01-17,1.7,14.4,20.5
2017-01-18,9.1,0.6,0.0
2017-01-19,0.0,5.5,5.5
2017-01-20,0.0,25.4,31.9
2017-01-21,1.6,38.3,32.5
2017-01-22,13.2,38.7,32.9
2017-01-23,8.7,6.5,6.3
2017-01-25,1.0,11.9,10.8
2017-01-26,1.1,1.2,1.5
2017-01-27,0.0,1.3,1.6
2017-01-28,3.8,4.3,4.4
2017-01-29,9.2,9.2,8.6
2017-01-30,7.1,1.2,1.5
2017-02-01,1.6,4.9,5.7
2017-02-02,6.0,2.7,3.1
2017-02-04,1.7,6.4,7.4
2017-02-05,2.1,3.4,3.9
2017-02-06,1.3,5.0,5.8
2017-02-07,6.5,4.5,5.3
2017-02-08,0.0,17.4,19.3
2017-02-09,14.3,9.2,10.4
2017-02-10,4.6,3.0,3.4
2017-02-11,5.2,3.8,4.6
2017-02-12,5.0,6.1,7.0
2017-02-13,2.3,6.0,6.9
2017-02-14,2.3,7.0,7.9
2017-02-15,0.8,11.0,11.9
2017-02-16,4.3,2.6,3.3
2017-02-17,1.6,0.0,0.0
2017-02-18,0.0,1.5,2.1
2017-02-19,0.0,0.0,0.0
2017-02-20,0.0,5.2,6.1
2017-02-21,30.0,8.0,7.5
2017-02-22,0.2,13.4,12.0
2017-02-23,25.7,10.6,9.6
2017-02-24,1.8,4.5,4.4
2017-02-25,8.7,13.8,12.3
2017-02-26,4.5,12.0,10.8
2017-02-28,65.8,15.2,13.5
2017-03-01,7.0,29.5,25.5
2017-03-02,70.0,27.1,22.6
2017-03-03,2.3,10.1,8.4
2017-03-04,48.0,2.1,1.4
2017-03-05,3.0,18.4,14.7
2017-03-06,7.5,12.7,10.4
2017-03-07,18.7,18.4,14.8
2017-03-08,22.8,3.4,2.7
2017-03-09,9.6,2.4,1.7
2017-03-10,73.5,4.8,4.0
2017-03-11,20.6,11.5,10.6
2017-03-12,5.7,19.6,17.9
2017-03-13,0.6,2.9,2.4
2017-03-14,0.0,3.9,3.4
2017-03-15,0.0,2.0,1.3
2017-03-17,2.5,15.5,14.3
2017-03-18,22.2,41.2,39.1
2017-03-19,27.7,10.8,10.1
2017-03-20,0.5,6.3,5.8
2017-03-21,2.2,13.7,9.1
2017-03-22,3.4,7.8,5.2
2017-03-23,8.1,7.4,4.9
2017-03-24,1.4,7.1,4.7
2017-03-25,0.0,4.5,3.0
2017-03-26,0.0,17.1,11.4
2017-03-27,1.6,7.6,5.0
2017-03-28,4.8,14.3,9.6
2017-03-29,1.4,11.5,7.7
2017-03-30,4.3,14.6,9.8
2017-03-31,27.1,0.5,0.0
2017-04-02,1.8,12.3,11.2
2017-04-03,30.4,7.4,6.4
2017-04-04,3.5,11.7,10.7
2017-04-05,10.6,16.5,15.5
2017-04-06,6.5,16.0,14.7
2017-04-07,1.5,2.7,1.3
2017-04-08,9.4,5.4,4.4
2017-04-09,0.0,45.4,45.2
2017-04-10,3.2,6.8,5.8
2017-04-11,0.6,23.9,20.1
2017-04-12,11.3,0.9,0.0
2017-04-13,4.0,1.0,0.0
2017-04-14,3.3,0.0,0.0
2017-04-15,18.4,0.7,0.0
2017-04-16,14.0,12.7,12.0
2017-04-17,0.0,0.2,0.0
2017-04-19,9.6,18.9,17.4
2017-04-20,26.5,0.2,0.0
2017-04-21,0.0,9.7,10.3
2017-04-22,19.6,23.6,22.8
2017-04-23,2.2,8.7,9.3
2017-04-25,0.0,0.3,0.0
2017-04-26,2.4,10.6,11.1
2017-04-27,14.2,10.8,11.3
2017-04-28,8.6,16.9,16.9
2017-04-29,8.0,19.0,19.2
2017-04-30,1.2,1.7,1.9
2017-05-01,9.5,0.8,0.0
2017-05-02,43.6,7.9,7.4
2017-05-04,4.0,37.5,37.5
2017-05-05,71.5,6.5,6.0
2017-05-07,8.7,2.9,2.6
2017-05-08,7.3,15.1,14.4
2017-05-09,37.6,2.7,2.4
2017-05-10,4.4,1.3,1.0
2017-05-11,0.6,0.1,0.0
2017-05-13,1.0,0.0,0.0
2017-05-14,0.0,0.0,0.0
2017-05-15,0.4,0.0,0.0
2017-05-16,0.0,0.0,0.0
2017-05-17,0.0,0.0,0.0
2017-05-18,0.0,0.0,0.0
2017-05-19,0.0,0.0,0.0
2017-05-20,0.0,0.0,0.0
2017-05-21,0.0,0.0,0.0
2017-05-22,0.0,0.0,0.0
2017-05-23,0.0,0.0,0.0
2017-05-24,0.0,0.0,0.0
2017-05-25,0.0,0.0,0.0
2017-05-26,0.0,0.0,0.0
2017-05-27,0.0,0.1,0.0
2017-05-29,23.4,3.8,4.1
2017-05-30,10.3,4.1,4.4
2017-05-31,0.0,7.3,7.9
2017-06-01,6.8,28.7,20.5
2017-06-02,7.8,5.3,4.3
2017-06-03,2.3,5.4,4.4
2017-06-04,16.4,0.4,0.0
2017-06-06,1.6,0.0,0.0
2017-06-07,0.6,0.0,0.0
2017-06-08,0.0,0.0,0.0
2017-06-09,0.0,0.0,0.0
2017-06-10,7.2,0.0,0.0
2017-06-11,0.6,0.0,0.0
2017-06-12,0.0,3.6,3.8
2017-06-13,3.5,5.9,6.1
2017-06-14,0.0,1.8,2.0
2017-06-15,20.8,3.4,3.6
2017-06-17,0.0,1.0,0.0
2017-06-18,0.0,0.2,0.0
2017-06-19,0.0,1.2,1.4
2017-06-20,0.0,0.7,0.0
2017-06-21,0.0,4.9,4.4
2017-06-22,0.3,1.9,1.9
2017-06-23,0.0,7.6,6.4
2017-06-30,0.5,8.1,6.8
2017-07-01,7.9,0.4,0.0
2017-08-01,0.0,0.0,0.0
2017-08-02,0.0,0.0,0.0
2017-08-03,0.0,0.0,0.0
2017-08-04,0.0,0.0,0.0
2017-08-05,0.0,0.0,0.0
2017-08-06,0.0,0.0,0.0
2017-08-08,0.0,2.0,3.4
2017-08-09,15.2,0.0,0.0
2017-08-11,1.0,0.0,0.0
2017-08-12,0.2,0.2,0.0
2017-08-13,0.0,0.0,0.0
2017-08-14,0.0,8.2,6.5
2017-08-15,0.0,2.1,2.1
2017-08-16,0.0,3.2,3.0
2017-08-17,0.0,1.4,1.5
2017-08-18,0.0,0.2,0.0
2017-08-19,0.0,4.7,4.1
2017-08-20,0.0,0.0,0.0
2017-08-21,0.0,0.0,0.0
2017-08-22,0.0,0.6,0.0
2017-08-23,0.0,0.0,0.0
2017-08-24,0.0,0.0,0.0
2017-08-25,0.0,1.4,1.6
2017-08-26,0.0,0.0,0.0
2017-08-27,0.0,0.0,0.0
2017-08-29,0.0,2.1,2.4
2017-08-30,29.3,0.0,0.0
2017-08-31,0.0,0.0,0.0
2017-09-01,0.0,0.9,0.0
2017-09-02,0.0,0.1,0.0
2017-09-03,0.0,0.0,0.0
2017-09-04,0.0,0.0,0.0
2017-09-05,0.0,0.0,0.0
2017-09-06,1.9,0.0,0.0
2017-09-08,0.0,0.0,0.0
2017-09-09,0.8,0.0,0.0
2017-09-10,0.0,0.0,0.0
2017-09-11,0.0,0.0,0.0
2017-09-12,0.0,0.0,0.0
2017-09-13,0.0,0.0,0.0
2017-09-14,0.0,0.0,0.0
2017-09-15,0.0,0.0,0.0
2017-09-16,0.0,0.0,0.0
2017-09-17,0.0,0.0,0.0
2017-09-18,0.0,0.4,0.0
2017-09-19,0.0,0.0,0.0
2017-09-20,0.3,0.0,0.0
2017-09-21,0.9,0.1,0.0
2017-09-22,0.0,0.1,0.0
2017-09-23,0.0,1.7,3.1
2017-09-25,12.9,0.2,0.0
2017-09-26,1.3,7.8,7.1
2017-09-27,4.2,12.5,9.8
2017-09-28,10.7,0.0,0.0
2017-09-29,1.8,36.3,22.3
2017-09-30,56.0,4.9,5.0
2017-10-01,13.3,1.9,3.1
2017-10-03,7.8,16.1,17.1
2017-10-04,39.1,0.0,0.0
2017-10-05,0.0,0.0,0.0
2017-10-06,0.0,0.0,0.0
2017-10-07,0.0,8.3,9.6
2017-10-08,25.9,0.4,0.0
2017-10-09,0.1,11.0,11.7
2017-10-10,20.5,2.0,3.3
2017-10-11,2.0,29.8,25.3
2017-10-12,20.0,2.5,2.5
2017-10-13,0.0,0.7,0.0
2017-10-14,5.8,0.0,0.0
2017-10-15,0.0,2.8,2.8
2017-10-16,0.0,19.0,15.5
2017-10-17,7.5,4.0,4.0
2017-10-18,19.8,7.5,7.1
2017-10-19,34.0,1.4,1.3
2017-10-20,9.7,0.2,0.0
2017-10-21,0.3,4.7,4.5
2017-10-22,0.5,25.4,16.5
2017-10-23,26.0,20.4,14.1
2017-10-24,36.0,5.5,5.0
2017-10-25,12.8,19.0,13.3
2017-10-26,7.4,10.3,8.0
2017-10-27,13.0,18.1,12.8
2017-10-28,34.7,11.0,8.4
2017-10-29,8.8,0.4,0.0
2017-10-30,0.3,0.6,0.0
2017-10-31,0.0,3.9,4.0
2017-11-01,0.0,0.0,0.0
2017-11-02,0.0,0.0,0.0
2017-11-03,0.0,12.6,10.3
2017-11-04,0.4,1.0,0.0
2017-11-05,13.7,0.0,0.0
2017-11-06,26.5,27.6,23.4
2017-11-07,38.5,16.4,12.9
2017-11-08,15.8,4.3,4.3
2017-11-09,2.3,42.6,33.5
2017-11-10,65.0,20.9,16.0
2017-11-11,50.6,18.3,12.5
2017-11-12,32.7,12.8,8.9
2017-11-13,16.2,67.0,43.0
2017-11-14,17.3,51.4,32.6
2017-11-15,23.6,13.9,9.6
2017-11-16,1.6,57.3,36.6
2017-11-17,42.0,29.0,19.3
2017-11-18,8.5,9.6,6.8
2017-11-19,5.7,14.1,9.7
2017-11-20,10.9,7.5,5.3
2017-11-22,13.2,29.7,19.1
2017-11-23,5.8,5.0,2.2
2017-11-24,0.0,4.8,2.0
2017-11-26,0.0,10.7,6.4
2017-11-27,7.2,44.2,29.5
2017-11-28,34.8,8.8,5.0
2017-11-29,0.5,3.6,1.0
2017-11-30,9.2,9.7,5.7
2017-12-01,4.8,4.2,1.0
2017-12-02,1.0,0.3,0.0
2017-12-03,0.0,0.0,0.0
2017-12-04,0.0,6.0,2.1
2017-12-05,0.0,2.9,0.0
2017-12-06,0.0,3.5,0.0
2017-12-07,0.8,14.9,9.2
2017-12-08,2.4,33.2,28.1
2017-12-09,5.6,10.0,5.3
2017-12-10,2.6,9.8,5.2
2017-12-11,0.7,15.8,10.2
2017-12-13,37.5,24.6,17.5
2017-12-14,15.3,2.8,0.0
2017-12-16,27.7,8.0,4.3
2017-12-17,2.4,4.7,1.7
2017-12-18,2.0,17.0,11.0
2017-12-19,7.0,1.9,0.0
2017-12-20,11.1,5.3,2.2
2017-12-21,6.0,1.1,0.0
2017-12-24,0.0,0.3,0.0
2017-12-25,0.0,0.0,0.0
2017-12-26,0.0,2.3,1.0
2017-12-27,0.0,1.7,1.0
2017-12-28,0.0,1.1,0.0
2017-12-29,0.0,0.1,0.0
2017-12-30,0.0,9.6,6.6
2017-12-31,3.0,7.4,5.0
2018-01-01,31.2,5.9,4.9
2018-01-02,25.8,24.7,21.2
2018-01-03,1.7,16.4,14.2
2018-01-04,29.2,25.7,21.6
2018-01-05,45.6,15.0,13.0
2018-01-06,3.7,5.9,4.8
2018-01-07,0.7,4.2,3.4
2018-01-08,0.0,0.3,0.0
2018-01-09,0.3,7.6,6.4
2018-01-10,1.9,27.3,23.7
2018-01-11,9.5,5.0,5.0
2018-01-12,0.0,6.9,6.9
2018-01-13,0.0,8.6,8.5
2018-01-14,3.2,11.4,11.3
2018-01-15,6.8,3.8,3.7
2018-01-17,0.5,3.1,2.9
2018-01-19,2.3,2.8,2.6
2018-01-21,0.2,4.6,4.6
2018-01-22,1.3,4.0,4.1
2018-01-23,1.3,1.2,1.4
2018-01-24,0.3,5.5,5.5
2018-01-25,3.6,4.8,4.8
2018-01-27,14.6,1.1,0.0
2018-01-29,2.2,0.7,0.0
2018-01-30,0.9,9.6,8.9
2018-01-31,4.0,0.9,0.0
2018-02-01,4.2,1.1,1.0
2018-02-02,0.0,2.9,3.4
2018-02-03,11.2,2.4,2.7
2018-02-04,5.6,0.0,0.0
2018-02-05,0.3,4.4,5.1
2018-02-06,10.2,11.1,12.5
2018-02-07,15.5,1.2,1.2
2018-02-08,25.4,0.8,0.0
2018-02-09,0.0,1.5,1.6
2018-02-11,0.0,1.2,1.7
2018-02-12,2.6,2.2,2.9
2018-02-13,8.7,6.9,7.8
2018-02-14,4.8,2.1,2.8
2018-02-15,0.6,24.2,25.0
2018-02-16,12.3,1.3,1.9
2018-02-17,0.0,0.1,0.0
2018-02-18,0.0,12.1,12.8
2018-02-19,0.0,20.0,21.1
2018-02-20,11.3,18.1,18.5
2018-02-21,2.0,26.6,22.4
2018-02-22,4.3,42.1,41.6
2018-02-23,71.0,9.3,8.5
2018-02-24,1.6,17.8,15.7
2018-02-25,3.1,54.8,52.2
2018-02-26,29.5,48.0,44.8
2018-02-27,0.5,20.4,17.8
2018-02-28,14.6,32.9,30.1
2018-03-01,7.0,30.7,27.2
2018-03-02,26.4,7.9,6.6
2018-03-03,0.7,42.7,35.7
2018-03-04,22.5,7.9,6.6
2018-03-05,8.8,7.1,5.9
2018-03-06,7.9,6.3,5.2
2018-03-07,8.7,46.7,37.1
2018-03-08,7.9,48.0,39.2
2018-03-09,42.0,7.5,6.3
2018-03-10,2.0,6.9,5.7
2018-03-11,1.3,11.8,11.0
2018-03-12,10.5,8.6,8.0
2018-03-13,6.3,1.1,1.0
2018-03-14,0.0,1.0,0.0
2018-03-15,0.0,0.6,0.0
2018-03-16,0.0,20.2,20.2
2018-03-17,54.5,7.7,7.2
2018-03-18,3.6,1.9,1.2
2018-03-19,0.5,60.0,53.4
2018-03-20,24.2,21.3,19.8
2018-03-21,9.5,1.3,0.0
2018-03-22,0.0,15.9,10.6
2018-03-23,4.6,3.5,2.3
2018-03-24,6.7,13.7,9.2
2018-03-25,9.9,6.0,4.0
2018-03-26,0.9,1.7,1.1
2018-03-27,5.0,17.5,11.7
2018-03-28,20.6,2.7,1.8
2018-03-30,0.0,2.8,1.8
2018-03-31,0.0,2.4,1.6
2018-04-01,0.0,1.6,0.0
2018-04-02,0.0,20.2,23.8
2018-04-03,3.4,3.6,2.4
2018-04-04,11.3,3.5,2.3
2018-04-05,0.0,7.4,6.5
2018-04-06,12.2,3.4,2.1
2018-04-07,0.2,21.3,23.2
2018-04-08,35.7,3.2,1.9
2018-04-09,2.1,4.2,3.1
2018-04-10,7.8,0.1,0.0
2018-04-11,5.7,1.4,2.4
2018-04-12,8.0,0.4,0.0
2018-04-13,0.0,1.6,2.4
2018-04-16,1.6,0.0,0.0
2018-04-17,0.0,1.8,2.6
2018-04-18,4.0,3.8,4.3
2018-04-19,17.0,27.7,23.8
2018-04-20,48.2,8.7,8.5
2018-04-21,19.5,25.2,24.8
2018-04-22,85.2,17.7,17.9
2018-04-23,7.5,15.0,15.5
2018-04-24,0.4,5.0,5.4
2018-04-25,0.7,33.4,33.1
2018-04-26,26.7,2.7,3.0
2018-04-27,0.3,0.0,0.0
2018-04-29,0.0,0.2,0.0
2018-04-30,0.0,0.0,0.0
2018-05-01,0.0,0.0,0.0
2018-05-02,0.0,0.0,0.0
2018-05-03,0.0,0.0,0.0
2018-05-04,0.0,0.2,0.0
2018-05-05,5.6,0.0,0.0
2018-05-06,0.0,0.0,0.0
2018-05-07,0.0,0.0,0.0
2018-05-08,0.0,1.0,0.0
2018-05-09,35.2,0.0,0.0
2018-05-10,0.0,0.0,0.0
2018-05-11,0.0,0.2,0.0
2018-05-12,0.1,1.5,2.0
2018-05-13,3.6,0.0,0.0
2018-05-14,0.0,0.0,0.0
2018-05-16,0.0,0.2,0.0
2018-05-17,0.0,1.4,1.9
2018-05-18,6.9,1.7,2.1
2018-05-19,3.2,9.0,7.4
2018-05-20,2.8,2.8,3.0
2018-05-21,1.2,17.9,21.0
2018-05-22,55.1,4.0,4.2
2018-05-23,2.2,8.0,9.1
2018-05-24,2.0,1.2,1.2
2018-05-25,0.0,7.8,8.2
2018-05-26,6.0,1.8,1.8
2018-05-28,0.0,0.3,0.0
2018-05-29,0.0,0.0,0.0
2018-05-30,0.0,0.0,0.0
2018-05-31,0.0,0.1,0.0
2018-06-01,0.0,0.0,0.0
2018-06-02,0.0,0.0,0.0
2018-06-03,0.0,0.0,0.0
2018-06-04,0.0,0.0,0.0
2018-06-05,0.0,0.0,0.0
2018-06-06,0.0,0.0,0.0
2018-06-07,0.0,0.0,0.0
2018-06-08,0.0,0.0,0.0
2018-06-09,0.0,0.0,0.0
2018-06-10,0.0,0.0,0.0
2018-06-11,0.0,0.3,0.0
2018-06-12,0.0,0.0,0.0
2018-06-13,0.0,0.0,0.0
2018-06-14,0.0,0.0,0.0
2018-06-15,0.0,0.0,0.0
2018-06-16,0.9,0.0,0.0
2018-06-17,0.0,0.0,0.0
2018-06-18,0.0,0.0,0.0
2018-06-19,0.0,0.1,0.0
2018-06-20,0.0,1.7,1.9
2018-06-21,0.0,5.6,4.9
2018-06-22,0.0,11.7,9.3
2018-06-23,0.0,19.6,17.9
2018-06-24,3.5,11.8,10.8
2018-06-25,0.8,11.0,9.2
2018-06-26,0.0,49.8,32.2
2018-06-27,28.2,0.7,0.0
2018-06-28,0.0,0.0,0.0
2018-06-29,0.0,0.3,0.0
2018-06-30,0.0,0.0,0.0
2018-07-01,0.0,0.0,0.0
2018-07-02,0.0,0.0,0.0
2018-07-03,0.0,0.5,0.0
2018-07-04,0.0,2.8,3.4
2018-07-05,0.0,0.3,0.0
2018-07-06,0.0,0.0,0.0
2018-07-07,0.0,0.0,0.0
2018-07-08,0.0,0.9,0.0
2018-07-10,0.0,3.5,4.2
2018-07-11,0.0,1.2,0.0
2018-07-12,0.0,0.0,0.0
2018-07-13,0.0,1.1,0.0
2018-07-14,0.0,0.0,0.0
2018-07-15,0.0,0.0,0.0
2018-07-17,0.0,0.0,0.0
2018-07-18,0.0,0.0,0.0
2018-07-19,0.0,0.0,0.0
2018-07-20,0.0,0.0,0.0
2018-07-21,0.0,1.0,0.0
2018-07-22,0.0,1.9,3.1
2018-07-23,0.3,0.2,0.0
2018-07-24,0.0,0.0,0.0
2018-07-25,0.0,0.0,0.0
2018-07-26,0.0,5.2,5.2
2018-07-27,0.0,1.4,3.0
2018-07-28,0.0,0.0,0.0
2018-07-29,0.0,0.0,0.0
2018-07-30,0.0,0.0,0.0
2018-07-31,0.0,0.0,0.0
2018-08-01,0.0,1.7,3.0
2018-08-02,8.4,0.3,0.0
2018-08-03,0.0,0.0,0.0
2018-08-04,0.0,0.0,0.0
2018-08-05,0.0,0.0,0.0
2018-08-06,0.0,0.0,0.0
2018-08-07,0.0,0.0,0.0
2018-08-08,0.0,0.0,0.0
2018-08-09,0.0,0.0,0.0
2018-08-10,1.4,0.0,0.0
2018-08-11,27.3,0.0,0.0
2018-08-12,0.0,0.0,0.0
2018-08-13,0.4,2.6,2.5
2018-08-15,0.0,1.0,0.0
2018-08-16,0.0,0.0,0.0
2018-08-17,0.0,0.0,0.0
2018-08-18,0.0,0.0,0.0
2018-08-19,0.0,0.0,0.0
2018-08-20,0.0,0.0,0.0
2018-08-21,0.0,0.0,0.0
2018-08-22,0.0,0.0,0.0
2018-08-23,0.0,0.0,0.0
2018-08-24,0.0,0.0,0.0
2018-08-25,0.0,0.0,0.0
2018-08-26,0.0,0.0,0.0
2018-08-27,0.0,0.5,0.0
2018-08-29,0.0,33.3,61.9
2018-08-30,0.0,11.7,14.5
2018-08-31,1.4,0.1,0.0
2018-09-01,0.0,12.1,12.6
2018-09-02,7.7,16.4,20.8
2018-09-03,11.9,1.9,3.5
2018-09-04,0.0,0.9,2.4
2018-09-05,0.0,3.7,5.5
2018-09-06,0.0,0.1,0.0
2018-09-07,0.0,2.2,4.0
2018-09-08,0.3,0.0,0.0
2018-09-09,0.0,0.0,0.0
2018-09-10,0.0,0.0,0.0
2018-09-11,0.0,0.0,0.0
2018-09-12,0.0,1.2,3.5
2018-09-13,0.0,0.0,0.0
2018-09-14,0.0,0.0,0.0
2018-09-15,0.0,0.9,0.0
2018-09-16,0.0,0.0,0.0
2018-09-17,0.0,0.0,0.0
2018-09-18,0.0,1.1,3.3
2018-09-19,0.0,5.5,7.1
2018-09-20,0.0,0.9,0.0
2018-09-21,0.4,0.5,0.0
2018-09-23,18.6,1.4,2.9
2018-09-24,0.0,0.0,0.0
2018-09-25,0.0,0.0,0.0
2018-09-26,0.0,0.2,0.0
2018-09-27,1.8,0.9,0.0
2018-09-28,0.1,0.0,0.0
2018-09-29,0.0,0.0,0.0
2018-09-30,0.0,0.0,0.0
2018-10-01,0.0,0.0,0.0
2018-10-02,0.0,0.0,0.0
2018-10-03,0.0,0.0,0.0
2018-10-04,8.0,1.1,2.4
2018-10-05,0.0,0.3,0.0
2018-10-06,0.0,0.0,0.0
2018-10-07,0.0,0.0,0.0
2018-10-08,0.0,0.2,0.0
2018-10-09,0.0,0.2,0.0
2018-10-10,0.0,0.0,0.0
2018-10-11,0.0,0.0,0.0
2018-10-12,0.0,1.1,0.0
2018-10-13,0.0,4.4,4.4
2018-10-14,6.3,0.0,0.0
2018-10-16,13.3,1.3,1.2
2018-10-17,1.5,0.7,0.0
2018-10-18,0.0,2.5,2.5
2018-10-19,4.4,0.0,0.0
2018-10-20,0.3,1.0,0.0
2018-10-23,1.5,8.5,6.8
2018-10-24,4.4,2.2,3.0
2018-10-25,2.4,4.3,4.3
2018-10-26,0.4,0.0,0.0
2018-10-27,5.6,3.1,3.6
2018-10-28,16.5,3.4,3.7
2018-10-29,14.2,10.5,8.1
2018-10-30,20.0,5.6,5.1
2018-10-31,26.0,8.9,7.1
2018-11-01,25.0,3.3,3.5
2018-11-02,18.2,0.9,0.0
2018-11-03,1.4,10.5,8.8
2018-11-04,36.9,0.2,0.0
2018-11-05,0.0,2.4,2.8
2018-11-06,6.2,7.9,7.0
2018-11-08,67.6,19.8,16.3
2018-11-09,8.1,29.8,23.1
2018-11-10,14.7,94.4,57.2
2018-11-11,24.5,29.7,19.7
2018-11-12,53.7,23.0,15.5
2018-11-13,11.2,2.8,1.9
2018-11-14,8.3,1.8,1.1
2018-11-15,0.0,5.8,4.1
2018-11-16,7.0,0.7,0.0
2018-11-17,0.0,3.4,2.4
2018-11-18,0.0,0.0,0.0
2018-11-19,0.0,27.7,18.5
2018-11-20,0.0,35.9,24.0
2018-11-21,44.6,11.0,6.6
2018-11-22,11.5,9.1,5.2
2018-11-23,40.0,1.7,0.0
2018-11-24,0.3,7.9,4.4
2018-11-25,0.0,10.0,5.9
2018-11-26,9.8,32.9,22.0
2018-11-27,62.8,12.5,7.7
2018-11-28,4.8,18.1,11.6
2018-11-29,5.8,25.1,16.6
2018-11-30,20.8,0.4,0.0
2018-12-01,0.2,6.7,2.6
2018-12-02,21.4,12.9,7.6
2018-12-03,0.7,11.3,6.3
2018-12-04,23.1,20.3,13.5
2018-12-05,14.4,3.9,0.0
2018-12-06,11.6,17.6,11.4
2018-12-07,8.1,5.8,1.9
2018-12-08,10.6,22.0,14.9
2018-12-09,0.8,4.7,1.0
2018-12-10,0.0,14.2,8.7
2018-12-11,23.8,4.9,1.9
2018-12-12,19.7,14.0,8.8
2018-12-13,18.2,28.6,20.4
2018-12-14,21.4,25.3,17.4
2018-12-15,58.7,9.4,5.4
2018-12-16,27.2,9.5,5.4
2018-12-17,2.0,8.6,4.8
2018-12-18,49.8,0.7,0.0
2018-12-19,2.3,0.9,0.0
2018-12-20,0.0,2.1,0.0
2018-12-21,0.0,0.0,0.0
2018-12-22,0.0,2.1,1.0
2018-12-23,0.0,22.7,16.1
2018-12-25,0.0,6.8,4.5
2018-12-26,0.7,1.6,0.0
2018-12-27,0.0,5.5,3.5
2018-12-28,7.2,10.0,6.9
2018-12-29,1.0,1.1,0.0
2018-12-30,0.0,1.6,0.0
2018-12-31,0.0,3.5,1.8
2019-01-01,0.0,9.2,7.8
2019-01-02,13.5,10.4,8.9
2019-01-03,0.8,0.6,0.0
2019-01-04,0.0,0.0,0.0
2019-01-05,0.0,0.7,0.0
2019-01-06,0.0,0.0,0.0
2019-01-07,0.0,24.9,20.8
2019-01-08,32.2,19.8,17.0
2019-01-09,18.9,2.0,1.4
2019-01-10,5.1,5.0,4.1
2019-01-11,4.7,8.8,8.8
2019-01-12,2.5,12.7,13.0
2019-01-13,21.0,50.4,63.9
2019-01-14,83.3,5.4,5.3
2019-01-15,4.4,13.8,13.8
2019-01-16,3.3,3.8,3.7
2019-01-17,0.0,16.9,23.1
2019-01-18,4.5,12.9,12.5
2019-01-19,4.8,1.0,0.0
2019-01-20,0.2,11.0,10.9
2019-01-21,6.7,17.6,15.3
2019-01-22,4.4,27.5,24.3
2019-01-23,5.3,0.8,0.0
2019-01-24,0.4,2.6,2.8
2019-01-25,5.4,2.9,3.2
2019-01-26,0.4,6.7,6.5
2019-01-27,8.6,4.5,4.6
2019-01-28,0.2,2.5,2.7
2019-01-29,0.0,13.0,11.7
2019-01-30,0.6,5.2,5.2
2019-01-31,0.2,3.3,3.5
2019-02-01,1.0,20.6,24.3
2019-02-02,2.3,19.7,23.6
2019-02-03,2.2,3.9,4.5
2019-02-04,0.2,3.5,4.1
2019-02-05,0.5,6.3,7.3
2019-02-06,0.0,18.4,22.8
2019-02-07,6.0,13.8,15.5
2019-02-09,1.3,25.8,31.7
2019-02-10,30.5,29.6,35.1
2019-02-11,33.4,2.3,3.0
2019-02-12,1.3,4.5,5.4
2019-02-13,10.4,0.2,0.0
2019-02-14,0.0,20.1,21.5
2019-02-15,40.0,3.8,4.7
2019-02-16,6.6,2.5,3.3
2019-02-17,17.4,10.1,10.9
2019-02-18,5.2,7.1,8.0
2019-02-19,9.2,5.9,6.9
2019-02-20,11.5,13.8,14.5
2019-02-21,26.5,22.1,19.7
2019-02-22,11.5,11.4,10.3
2019-02-23,25.3,25.1,21.7
2019-02-24,13.6,1.5,1.7
2019-02-25,10.5,3.4,3.4
2019-02-26,2.9,0.0,0.0
2019-02-27,0.0,1.2,1.4
2019-02-28,0.0,8.8,8.1
2019-03-01,0.4,62.1,48.9
2019-03-02,51.1,19.7,15.7
2019-03-03,9.0,3.2,2.5
2019-03-04,1.5,0.5,0.0
2019-03-05,0.0,21.7,18.4
2019-03-06,14.9,63.3,48.1
2019-03-07,18.0,14.1,11.5
2019-03-08,0.0,6.6,5.5
2019-03-09,0.4,26.6,22.7
2019-03-10,6.6,4.3,3.6
2019-03-12,1.7,5.8,5.4
2019-03-13,0.2,0.5,0.0
2019-03-14,0.0,2.3,1.6
2019-03-16,8.0,16.7,15.4
2019-03-17,13.2,21.6,19.2
2019-03-18,1.2,2.1,1.5
2019-03-19,0.0,20.0,18.7
2019-03-20,27.7,10.5,9.7
2019-03-21,2.6,22.4,15.1
2019-03-22,2.0,4.5,3.0
2019-03-23,0.0,1.9,1.2
2019-03-24,2.6,2.0,1.3
2019-03-25,0.0,5.8,3.8
2019-03-26,0.2,55.0,40.4
2019-03-27,28.4,33.1,24.0
2019-03-28,2.3,18.3,12.2
2019-03-29,6.2,33.2,23.1
2019-03-30,20.5,2.9,1.9
2019-03-31,4.6,13.9,9.3
2019-04-01,0.9,3.1,1.8
2019-04-02,0.0,8.2,7.2
2019-04-03,11.0,4.9,3.8
2019-04-04,16.6,11.7,10.7
2019-04-05,36.1,30.0,30.7
2019-04-06,7.0,6.7,5.7
2019-04-08,49.7,22.2,24.9
2019-04-09,28.4,7.2,6.3
2019-04-11,0.0,0.5,0.0
2019-04-12,0.0,17.7,16.4
2019-04-13,0.1,24.8,20.8
2019-04-14,29.0,8.0,8.0
2019-04-15,23.0,32.5,28.7
2019-04-16,2.8,47.3,42.1
2019-04-17,9.6,1.0,0.0
2019-04-18,5.5,10.0,9.7
2019-04-19,13.0,25.3,22.7
2019-04-20,22.2,2.2,3.0
2019-04-22,0.0,0.0,0.0
2019-04-23,0.0,5.3,5.8
2019-04-24,7.3,2.7,3.0
2019-04-25,0.2,7.3,7.8
2019-04-26,19.5,24.6,24.2
2019-04-27,1.0,0.4,0.0
2019-04-28,8.8,3.5,3.9
2019-04-29,2.4,0.9,0.0
2019-04-30,4.8,6.6,7.1
2019-05-01,6.1,0.8,0.0
2019-05-02,0.0,8.4,7.8
2019-05-03,0.6,7.4,6.9
2019-05-04,0.4,0.0,0.0
2019-05-05,32.2,16.0,17.0
2019-05-06,1.2,5.5,5.1
2019-05-07,12.5,0.7,0.0
2019-05-09,9.0,4.2,3.9
2019-05-10,59.0,0.2,0.0
2019-05-11,3.0,0.2,0.0
2019-05-12,14.7,0.0,0.0
2019-05-13,10.5,0.0,0.0
2019-05-14,5.8,11.5,8.8
2019-05-15,0.2,32.2,27.6
2019-05-16,17.5,1.9,2.3
2019-05-17,34.0,0.3,0.0
2019-05-18,0.0,0.0,0.0
2019-05-19,0.0,0.2,0.0
2019-05-20,0.0,6.6,5.8
2019-05-21,2.3,0.0,0.0
2019-05-22,0.0,0.0,0.0
2019-05-24,0.0,0.0,0.0
2019-05-25,0.0,0.5,0.0
2019-05-26,0.0,0.2,0.0
2019-05-27,1.3,0.0,0.0
2019-05-28,0.0,0.8,0.0
2019-05-29,19.8,0.0,0.0
2019-05-30,2.5,1.4,1.5
2019-05-31,10.4,0.0,0.0
2019-06-01,0.0,2.0,2.2
2019-06-02,5.1,2.7,2.7
2019-06-03,0.2,1.7,2.0
2019-06-04,0.0,0.0,0.0
2019-06-05,0.0,0.0,0.0
2019-06-06,0.0,0.0,0.0
2019-06-07,0.0,0.0,0.0
2019-06-08,0.0,5.7,4.6
2019-06-09,11.0,0.3,0.0
2019-06-10,0.0,0.8,0.0
2019-06-11,0.0,0.4,0.0
2019-06-12,0.0,0.1,0.0
2019-06-13,0.0,1.6,1.8
2019-06-14,0.0,0.4,0.0
2019-06-15,0.0,0.0,0.0
2019-06-16,0.0,0.0,0.0
2019-06-17,10.2,5.4,5.6
2019-06-18,0.0,0.3,0.0
2019-06-19,0.0,3.1,3.3
2019-06-20,0.0,0.1,0.0
2019-06-21,0.0,0.0,0.0
2019-06-22,0.0,0.0,0.0
2019-06-23,0.0,0.0,0.0
2019-06-24,0.0,0.3,0.0
2019-06-25,0.0,0.0,0.0
2019-06-26,0.0,0.0,0.0
2019-06-27,0.0,0.0,0.0
2019-06-28,0.0,0.0,0.0
2019-06-29,0.0,0.0,0.0
2019-06-30,0.0,0.8,0.0
2019-07-01,0.0,0.2,0.0
2019-07-02,0.0,0.2,0.0
2019-07-03,0.0,0.0,0.0
2019-07-04,0.0,0.0,0.0
2019-07-05,8.8,1.7,2.2
2019-07-06,0.0,0.0,0.0
2019-07-07,0.0,0.0,0.0
2019-07-08,3.8,0.0,0.0
2019-07-09,0.8,0.0,0.0
2019-07-10,0.0,0.8,0.0
2019-07-11,0.0,0.4,0.0
2019-07-12,0.0,0.0,0.0
2019-07-13,0.0,0.0,0.0
2019-07-14,0.0,0.0,0.0
2019-07-15,0.0,0.0,0.0
2019-07-16,0.0,1.2,0.0
2019-07-17,0.0,0.1,0.0
2019-07-18,0.0,0.0,0.0
2019-07-19,0.0,0.0,0.0
2019-07-20,0.0,0.0,0.0
2019-07-22,0.0,0.1,0.0
2019-07-23,0.0,2.0,3.2
2019-07-24,0.0,2.7,3.4
2019-07-25,0.0,0.2,0.0
2019-07-26,0.0,0.0,0.0
2019-07-27,0.0,0.0,0.0
2019-07-28,0.0,0.0,0.0
2019-07-29,0.0,0.0,0.0
2019-07-30,0.0,0.0,0.0
2019-07-31,0.0,0.2,0.0
2019-08-01,0.0,0.0,0.0
2019-08-02,0.0,0.0,0.0
2019-08-03,0.0,1.1,2.5
2019-08-04,0.0,0.0,0.0
2019-08-05,0.0,0.0,0.0
2019-08-06,0.0,0.0,0.0
2019-08-07,0.0,0.0,0.0
2019-08-08,0.0,0.0,0.0
2019-08-09,0.0,0.0,0.0
2019-08-10,0.0,0.0,0.0
2019-08-11,0.0,0.0,0.0
2019-08-12,0.0,0.0,0.0
2019-08-13,0.0,0.0,0.0
2019-08-14,0.0,0.0,0.0
2019-08-15,0.0,0.0,0.0
2019-08-18,0.0,0.0,0.0
2019-08-19,0.0,0.0,0.0
2019-08-20,0.0,0.0,0.0
2019-08-21,0.0,0.0,0.0
2019-08-22,0.0,0.0,0.0
2019-08-23,0.0,0.7,0.0
2019-08-24,0.0,0.8,0.0
2019-08-25,0.0,0.5,0.0
2019-08-26,0.0,0.0,0.0
2019-08-27,0.0,1.5,1.6
2019-08-28,0.2,0.0,0.0
2019-08-29,0.0,0.0,0.0
2019-08-31,0.0,0.0,0.0
2019-09-01,0.0,0.0,0.0
2019-09-02,0.0,0.0,0.0
2019-09-03,0.0,0.0,0.0
2019-09-04,0.0,0.0,0.0
2019-09-05,22.7,0.0,0.0
2019-09-06,0.0,0.0,0.0
2019-09-07,0.0,0.6,0.0
2019-09-08,0.0,0.4,0.0
2019-09-09,0.0,0.1,0.0
2019-09-10,0.0,0.4,0.0
2019-09-11,0.0,0.8,0.0
2019-09-12,0.0,0.7,0.0
2019-09-13,0.0,0.0,0.0
2019-09-14,0.0,0.0,0.0
2019-09-15,0.0,0.0,0.0
2019-09-16,0.0,0.0,0.0
2019-09-17,0.0,0.0,0.0
2019-09-18,0.0,4.1,5.8
2019-09-19,32.3,0.0,0.0
2019-09-20,0.0,0.0,0.0
2019-09-21,0.0,0.0,0.0
2019-09-22,0.0,0.0,0.0
2019-09-23,0.0,0.0,0.0
2019-09-24,0.0,0.0,0.0
2019-09-25,0.0,0.0,0.0
2019-09-26,0.0,1.1,0.0
2019-09-27,0.0,0.2,0.0
2019-09-28,0.0,0.0,0.0
2019-09-29,0.0,0.0,0.0
2019-10-01,0.0,0.0,0.0
2019-10-02,0.0,0.0,0.0
2019-10-03,0.0,0.0,0.0
2019-10-04,0.0,1.1,2.4
2019-10-05,0.0,0.0,0.0
2019-10-06,0.0,2.3,3.6
2019-10-07,0.0,0.5,0.0
2019-10-08,0.0,6.4,7.4
2019-10-09,4.2,0.0,0.0
2019-10-11,8.4,0.0,0.0
2019-10-12,0.0,0.5,0.0
2019-10-13,1.0,1.9,1.9
2019-10-14,0.0,1.3,1.1
2019-10-15,0.0,5.6,5.5
2019-10-16,1.0,0.0,0.0
2019-10-17,0.0,0.0,0.0
2019-10-19,0.0,0.0,0.0
2019-10-20,0.0,0.0,0.0
2019-10-21,0.0,0.0,0.0
2019-10-22,0.0,0.0,0.0
2019-10-23,0.0,0.0,0.0
2019-10-24,0.0,3.3,3.7
2019-10-25,0.0,0.0,0.0
2019-10-26,0.0,9.0,7.1
2019-10-27,21.0,2.5,3.2
2019-10-28,26.0,0.0,0.0
2019-10-29,0.4,3.0,3.5
2019-10-30,18.0,0.0,0.0
2019-10-31,4.2,1.6,2.6
2019-11-01,2.5,6.5,5.9
2019-11-02,61.0,18.4,14.4
2019-11-03,15.5,3.1,3.4
2019-11-04,31.2,0.9,0.0
2019-11-05,3.2,15.6,12.4
2019-11-06,10.8,1.6,2.2
2019-11-07,19.2,0.0,0.0
2019-11-08,2.2,16.3,12.8
2019-11-09,5.6,1.9,2.4
2019-11-10,0.2,16.8,13.1
2019-11-11,14.7,3.9,2.8
2019-11-12,6.3,0.0,0.0
2019-11-13,0.0,5.1,3.6
2019-11-14,3.5,5.1,3.6
2019-11-15,0.0,19.1,13.0
2019-11-16,0.0,4.4,3.1
2019-11-17,0.0,2.9,2.0
2019-11-18,0.0,0.4,0.0
2019-11-19,0.0,0.1,0.0
2019-11-20,0.2,6.7,4.7
2019-11-21,31.0,0.7,0.0
2019-11-22,5.7,11.0,6.6
2019-11-23,6.6,15.9,10.1
2019-11-24,0.6,3.7,1.0
2019-11-25,13.8,14.3,9.0
2019-11-26,20.3,4.4,1.6
2019-11-27,16.6,0.3,0.0
2019-11-29,0.2,5.3,2.4
2019-11-30,0.0,39.1,25.7
2019-12-01,0.8,3.7,0.0
2019-12-02,0.2,2.5,0.0
2019-12-04,13.0,5.7,1.8
2019-12-05,14.6,7.6,3.4
2019-12-06,0.2,19.0,12.5
2019-12-07,12.2,11.1,6.2
2019-12-08,9.2,23.3,16.1
2019-12-09,0.2,2.8,0.0
2019-12-10,0.0,0.8,0.0
2019-12-12,0.0,2.3,0.0
2019-12-13,0.0,27.5,19.4
2019-12-14,57.0,30.6,22.6
2019-12-15,8.0,15.2,9.7
2019-12-16,0.6,51.1,39.7
2019-12-17,12.0,36.9,27.1
2019-12-18,28.2,6.8,3.4
2019-12-19,23.0,17.2,11.2
2019-12-20,14.6,8.2,4.5
2019-12-21,5.0,7.8,5.3
2019-12-22,1.0,19.4,13.9
2019-12-23,54.8,6.2,4.1
2019-12-24,0.0,11.3,8.0
2019-12-25,5.6,13.3,9.5
2019-12-26,1.4,7.7,5.2
2019-12-27,2.2,19.9,14.3
2019-12-28,40.4,11.8,8.3
2019-12-29,10.5,0.0,0.0
2019-12-30,0.0,9.8,6.8
2019-12-31,0.8,55.9,45.1
2020-01-01,13.4,17.7,15.4
2020-01-02,2.2,0.7,0.0
2020-01-04,0.0,2.2,1.6
2020-01-05,0.0,4.3,3.4
2020-01-06,0.0,1.1,0.0
2020-01-07,3.0,1.8,1.2
2020-01-08,0.3,11.8,10.2
2020-01-09,6.0,10.6,9.0
2020-01-10,10.0,6.5,5.4
2020-01-13,0.0,2.7,2.5
2020-01-14,0.0,0.0,0.0
2020-01-15,0.0,2.3,2.0
2020-01-17,0.4,7.3,7.3
2020-01-18,5.2,0.0,0.0
2020-01-19,0.0,1.1,1.0
2020-01-21,0.8,10.2,9.4
2020-01-22,8.0,4.5,4.5
2020-01-23,25.7,32.9,27.7
2020-01-24,16.0,20.0,16.9
2020-01-25,41.7,19.6,16.9
2020-01-26,50.9,0.5,0.0
2020-01-27,0.2,27.5,23.9
2020-01-28,10.2,10.8,9.9
2020-01-29,10.2,4.9,5.0
2020-01-30,3.4,0.9,0.0
2020-01-31,0.0,2.2,2.4
2020-02-02,5.0,0.2,0.0
2020-02-03,0.0,58.8,73.6
2020-02-04,26.4,14.3,15.9
2020-02-05,32.3,82.8,87.2
2020-02-06,84.5,26.1,31.7
2020-02-07,1.1,43.6,54.0
2020-02-08,13.2,3.0,3.4
2020-02-09,0.2,13.4,15.0
2020-02-13,8.0,1.8,2.4
2020-02-14,6.2,12.8,13.5
2020-02-15,46.0,25.3,25.7
2020-02-16,24.0,18.2,19.8
2020-02-17,17.0,29.7,28.7
2020-02-18,13.9,19.6,20.4
2020-02-19,4.2,14.8,15.4
2020-02-20,0.5,8.9,9.8
2020-02-21,7.1,0.4,0.0
2020-02-22,0.0,0.6,0.0
2020-02-24,5.0,13.5,12.1
2020-02-25,11.6,4.6,4.5
2020-02-27,5.6,12.2,11.0
2020-02-28,0.5,31.0,28.8
2020-02-29,24.3,10.0,9.2
2020-03-02,2.0,0.8,0.0
2020-03-03,0.5,3.9,3.1
2020-03-05,9.9,2.2,1.5
2020-03-06,6.0,3.6,2.9
2020-03-07,0.4,1.4,1.0
2020-03-09,3.4,7.3,6.1
2020-03-11,0.4,1.2,1.0
2020-03-13,5.2,1.5,1.0
2020-03-14,0.0,6.3,5.9
2020-03-15,6.4,32.7,31.5
2020-03-16,38.5,10.0,9.3
2020-03-17,6.4,3.6,3.1
2020-03-18,0.5,5.1,4.7
2020-03-19,20.6,24.4,25.5
2020-03-20,19.4,13.5,12.5
2020-03-21,28.2,7.6,5.0
2020-03-22,0.8,1.9,1.2
2020-03-24,2.2,12.6,8.4
2020-03-25,2.4,22.4,15.3
2020-03-26,21.8,19.4,12.9
2020-03-27,26.5,5.3,3.5
2020-03-28,0.8,11.6,7.7
2020-03-29,12.6,42.0,32.1
2020-03-30,16.2,62.7,47.2
2020-03-31,59.7,33.1,23.6
2020-04-01,48.0,0.9,0.0
2020-04-02,0.0,0.7,0.0
2020-04-04,0.0,44.2,44.3
2020-04-05,42.1,11.4,10.4
2020-04-06,4.0,11.8,10.8
2020-04-07,6.2,17.4,19.6
2020-04-08,5.1,12.1,11.1
2020-04-09,5.2,5.1,4.1
2020-04-11,41.5,0.3,0.0
2020-04-12,1.0,0.4,0.0
2020-04-15,0.0,1.3,2.2
2020-04-16,6.6,3.4,4.0
2020-04-17,37.2,35.1,31.2
2020-04-18,7.4,3.2,3.8
2020-04-19,0.4,6.5,6.6
2020-04-20,3.0,11.4,10.9
2020-04-21,23.4,21.8,20.9
2020-04-22,3.6,0.5,0.0
2020-04-23,6.8,1.8,2.0
2020-04-24,0.0,1.1,1.2
2020-04-25,5.5,0.9,0.0
2020-04-27,0.0,3.9,4.3
2020-04-28,3.6,10.5,11.0
2020-04-29,13.2,23.7,23.5
2020-04-30,7.6,15.4,16.0
2020-05-01,15.3,38.5,38.4
2020-05-02,160.0,2.8,2.5
2020-05-04,15.2,4.3,3.9
2020-05-05,0.8,0.3,0.0
2020-05-06,7.2,5.1,4.6
2020-05-07,2.6,0.0,0.0
2020-05-09,0.1,6.7,6.2
2020-05-10,0.0,10.5,10.0
2020-05-11,40.0,9.8,8.5
2020-05-12,1.8,2.6,2.8
2020-05-13,3.7,0.4,0.0
2020-05-14,0.0,0.2,0.0
2020-05-16,0.0,0.3,0.0
2020-05-18,4.0,19.0,16.1
2020-05-19,14.2,0.0,0.0
2020-05-21,12.2,2.7,2.8
2020-05-22,0.0,5.7,6.1
2020-05-26,1.6,23.0,28.6
2020-05-28,6.0,0.4,0.0
2020-05-30,3.2,2.8,2.9
2020-05-31,4.4,0.6,0.0
2020-06-01,1.8,15.1,10.5
2020-06-03,0.0,0.1,0.0
2020-06-06,5.4,4.4,3.7
2020-06-07,0.6,0.0,0.0
2020-06-08,0.2,1.8,2.1
2020-06-09,0.6,3.1,2.9
2020-06-10,0.6,0.0,0.0
2020-06-11,9.1,0.0,0.0
2020-06-15,0.0,3.5,3.7
2020-06-19,6.0,1.0,0.0
2020-06-23,6.0,0.9,0.0
2020-07-01,0.0,0.0,0.0
2020-07-02,0.0,36.8,31.5
2020-07-03,10.6,4.9,5.6
2020-07-04,10.9,0.0,0.0
2020-07-05,4.0,0.0,0.0
2020-07-07,1.0,0.0,0.0
2020-07-08,0.0,0.2,0.0
2020-07-09,0.0,2.1,2.7
2020-07-10,0.0,1.1,0.0
2020-07-11,0.0,0.0,0.0
2020-07-12,0.0,0.3,0.0
2020-07-13,0.0,0.1,0.0
2020-07-15,3.2,8.2,7.2
2020-07-16,0.0,0.6,0.0
2020-07-20,17.6,0.0,0.0
2020-07-21,0.0,0.0,0.0
2020-07-22,16.4,0.0,0.0
2020-07-24,0.0,1.0,0.0
2020-07-27,0.0,0.0,0.0
2020-07-28,0.0,0.2,0.0
2020-07-29,0.0,0.0,0.0
2020-08-02,0.0,0.0,0.0
2020-08-04,0.0,0.0,0.0
2020-08-05,14.6,19.4,18.0
2020-08-09,0.0,0.0,0.0
2020-08-10,0.0,0.0,0.0
2020-08-12,20.0,0.0,0.0
2020-08-14,2.2,1.9,2.0
2020-08-15,3.6,2.5,2.4
2020-08-16,0.8,10.1,7.9
2020-08-17,0.4,3.5,3.3
2020-08-18,0.0,0.4,0.0
2020-08-20,0.0,0.0,0.0
2020-08-21,0.0,1.8,1.7
2020-08-22,0.0,0.2,0.0
2020-08-24,0.0,0.0,0.0
2020-08-25,0.0,0.0,0.0
2020-08-26,0.0,0.0,0.0
2020-08-28,0.0,0.0,0.0
2020-08-29,0.0,0.0,0.0
2020-08-30,0.0,0.2,0.0
2020-09-01,0.0,0.2,0.0
2020-09-02,0.0,4.0,5.6
2020-09-05,0.0,0.0,0.0
2020-09-06,0.0,0.0,0.0
2020-09-07,0.0,0.0,0.0
2020-09-09,0.0,0.0,0.0
2020-09-10,0.0,0.0,0.0
2020-09-11,0.0,0.9,0.0
2020-09-13,0.0,0.0,0.0
2020-09-14,12.5,0.0,0.0
2020-09-28,23.4,2.0,3.2
2020-09-30,0.0,0.0,0.0
2020-10-01,0.0,0.4,0.0
2020-10-03,0.2,0.6,0.0
2020-10-04,1.0,0.0,0.0
2020-10-05,0.0,0.0,0.0
2020-10-06,2.6,0.0,0.0
2020-10-07,0.0,0.0,0.0
2020-10-08,0.0,7.8,9.0
2020-10-09,0.0,8.6,9.2
2020-10-10,2.4,0.9,0.0
2020-10-11,0.0,0.0,0.0
2020-10-12,0.0,0.0,0.0
2020-10-13,0.0,0.2,0.0
2020-10-15,0.0,7.6,7.6
2020-10-17,32.0,5.0,4.9
2020-10-19,27.0,11.5,10.6
2020-10-20,3.1,25.2,21.5
2020-10-21,53.4,31.4,20.2
2020-10-22,11.0,12.1,9.1
2020-10-23,25.0,26.8,18.5
2020-10-24,6.8,25.7,17.3
2020-10-25,40.6,12.8,9.5
2020-10-26,68.2,27.5,19.1
2020-10-27,9.5,23.1,16.3
2020-10-28,25.7,8.5,6.9
2020-10-29,10.4,3.3,3.7
2020-10-30,4.0,12.9,9.6
2020-10-31,4.4,15.7,11.3
2020-11-01,19.0,1.9,2.4
2020-11-04,0.0,6.5,6.0
2020-11-05,0.2,19.1,15.6
2020-11-06,0.8,0.8,0.0
2020-11-10,21.5,0.0,0.0
2020-11-11,9.0,13.7,9.5
2020-11-12,7.6,2.3,1.5
2020-11-13,0.0,0.4,0.0
2020-11-14,8.5,19.0,12.9
2020-11-15,1.2,2.6,1.8
2020-11-16,0.0,4.4,3.1
2020-11-18,0.0,0.4,0.0
2020-11-20,3.2,17.1,11.7
2020-11-21,15.4,5.8,2.8
2020-11-22,45.8,17.2,11.0
2020-11-23,5.6,7.4,4.0
2020-11-24,2.9,15.8,10.0
2020-11-25,7.0,6.5,3.3
2020-11-26,46.8,10.3,6.1
2020-11-27,1.0,3.8,1.2
2020-11-28,1.0,33.6,22.0
2020-11-29,10.2,15.1,9.6
2020-11-30,0.6,14.4,9.1
2020-12-01,18.2,2.7,0.0
2020-12-02,3.1,22.6,15.5
2020-12-03,4.0,1.7,0.0
2020-12-04,0.6,9.8,5.2
2020-12-05,0.3,2.8,0.0
2020-12-06,0.7,31.4,27.0
2020-12-07,11.2,4.2,1.0
2020-12-09,2.5,3.9,0.0
2020-12-10,0.4,4.3,1.0
2020-12-11,0.4,0.8,0.0
2020-12-12,14.8,3.7,1.0
2020-12-13,2.6,9.0,5.1
2020-12-14,0.5,23.5,15.9
2020-12-15,0.6,17.9,11.8
2020-12-16,1.2,11.2,6.7
2020-12-17,0.6,1.6,0.0
2020-12-18,10.8,3.1,1.0
2020-12-19,3.8,0.8,0.0
2020-12-20,0.0,1.1,0.0
2020-12-21,0.0,0.7,0.0
2020-12-22,1.4,5.9,3.8
2020-12-23,2.0,4.8,2.9
2020-12-24,40.0,31.5,26.8
2020-12-25,126.6,10.4,7.3
2020-12-26,5.4,10.1,7.0
2020-12-27,0.8,11.1,7.8
2020-12-28,0.8,6.3,4.1
2020-12-30,0.9,17.1,12.3
2020-12-31,7.6,1.5,0.0
2021-01-02,0.8,12.5,10.8
2021-01-03,1.8,22.5,17.9
2021-01-04,6.8,21.5,18.4
2021-01-05,7.2,2.5,1.8
2021-01-06,0.0,16.9,14.7
2021-01-08,3.2,5.8,4.7
2021-01-09,0.2,55.3,57.2
2021-01-10,19.3,25.2,21.2
2021-01-11,4.2,21.7,28.3
2021-01-12,2.2,23.6,30.9
2021-01-13,9.8,13.3,14.0
2021-01-14,3.5,13.9,21.4
2021-01-15,6.5,3.2,3.1
2021-01-17,36.4,20.0,26.5
2021-01-19,3.6,0.3,0.0
2021-01-20,2.3,1.0,0.0
2021-01-21,0.4,12.9,11.6
2021-01-22,2.4,22.2,18.3
2021-01-23,1.0,10.2,9.4
2021-01-24,0.3,7.0,6.8
2021-01-25,0.6,18.7,16.2
2021-01-26,9.2,14.0,12.5
2021-01-27,10.6,12.7,11.5
2021-01-29,3.6,6.8,6.6
2021-01-30,12.4,7.0,6.7
2021-01-31,0.3,1.9,2.1
2021-02-01,0.2,8.0,9.1
2021-02-02,18.8,15.0,16.7
2021-02-03,8.2,12.2,13.7
2021-02-04,2.0,11.2,12.6
2021-02-05,20.0,4.9,5.7
2021-02-06,2.8,9.2,10.5
2021-02-07,12.2,27.2,31.9
2021-02-08,30.3,5.3,6.1
2021-02-09,0.8,0.8,0.0
2021-02-10,2.6,2.0,2.2
2021-02-12,0.0,1.9,2.6
2021-02-13,0.0,0.2,0.0
2021-02-14,0.0,1.3,1.9
2021-02-16,0.0,2.8,3.6
2021-02-17,0.0,7.4,8.3
2021-02-18,0.4,24.0,23.6
2021-02-19,8.4,5.0,5.9
2021-02-20,3.2,3.3,4.2
2021-02-21,17.0,0.0,0.0
2021-02-24,1.4,10.9,9.9
2021-02-25,1.6,31.5,28.6
2021-02-26,18.4,0.6,0.0
2021-02-27,5.6,0.6,0.0
2021-02-28,0.0,3.8,3.8
2021-03-01,0.0,16.3,13.2
2021-03-02,0.5,3.5,2.8
2021-03-03,0.2,25.1,20.6
2021-03-04,30.2,19.5,15.6
2021-03-05,2.8,9.2,7.6
2021-03-06,29.6,18.2,14.6
2021-03-07,12.8,13.8,11.2
2021-03-08,4.5,16.3,13.2
2021-03-09,19.1,0.6,0.0
2021-03-12,13.2,9.9,9.2
2021-03-13,3.5,13.6,12.6
2021-03-14,0.0,1.5,1.0
2021-03-17,0.6,8.9,8.3
2021-03-18,20.0,20.4,19.1
2021-03-19,56.2,12.4,11.5
2021-03-20,2.2,0.9,0.0
2021-03-22,4.0,24.2,16.5
2021-03-23,7.8,19.1,12.8
2021-03-24,1.4,35.8,26.1
2021-03-25,18.3,74.9,57.9
2021-03-26,10.7,0.0,0.0
2021-03-27,5.3,51.6,37.4
2021-03-28,18.7,24.0,17.0
2021-03-29,32.4,16.0,10.7
2021-03-30,6.8,28.0,19.6
2021-03-31,8.2,27.7,18.8
2021-04-01,29.8,2.3,1.0
2021-04-02,0.0,10.3,9.3
2021-04-03,1.8,8.4,7.4
2021-04-04,1.2,6.5,5.6
2021-04-06,0.2,2.7,1.3
2021-04-09,0.0,3.5,2.3
2021-04-10,3.8,0.3,0.0
2021-04-11,0.0,30.5,27.0
2021-04-12,3.4,4.2,4.7
2021-04-13,1.2,4.7,5.1
2021-04-14,5.8,53.2,47.4
2021-04-15,23.6,76.3,58.7
2021-04-16,35.1,9.8,9.5
2021-04-17,17.2,0.0,0.0
2021-04-19,17.5,0.6,0.0
2021-04-20,25.6,0.0,0.0
2021-04-21,0.0,0.4,0.0
2021-04-22,0.0,0.0,0.0
2021-04-23,0.0,1.2,1.3
2021-04-25,0.8,0.0,0.0
2021-04-26,0.0,0.0,0.0
2021-04-27,1.0,0.7,0.0
2021-04-28,5.0,7.1,7.6
2021-04-29,4.2,0.0,0.0
2021-05-01,7.5,7.1,6.6
2021-05-03,0.0,4.7,4.2
2021-05-05,0.0,8.0,7.4
2021-05-06,10.8,7.4,6.9
2021-05-07,5.2,0.5,0.0
2021-05-08,0.7,13.9,12.8
2021-05-09,0.0,0.6,0.0
2021-05-10,0.0,0.4,0.0
2021-05-11,0.0,0.0,0.0
2021-05-12,0.6,0.0,0.0
2021-05-13,0.2,1.7,2.1
2021-05-14,0.0,1.3,1.8
2021-05-15,26.0,0.0,0.0
2021-05-16,2.4,3.4,3.4
2021-05-17,1.9,15.2,11.6
2021-05-18,28.0,1.4,1.9
2021-05-19,0.0,2.2,2.5
2021-05-21,0.0,20.7,24.8
2021-05-22,30.7,12.2,13.2
2021-05-23,12.4,3.1,3.3
2021-05-25,76.8,2.2,2.3
2021-05-26,0.5,0.0,0.0
2021-05-27,0.0,0.2,0.0
2021-05-30,35.2,0.0,0.0
2021-06-01,2.0,0.2,0.0
2021-06-02,1.6,0.9,0.0
2021-06-05,0.3,0.0,0.0
2021-06-07,0.4,0.0,0.0
2021-06-08,0.0,0.0,0.0
2021-06-09,0.0,0.0,0.0
2021-06-10,0.0,0.0,0.0
2021-06-11,2.5,8.9,9.3
2021-06-12,31.6,4.8,5.0
2021-06-13,0.0,0.0,0.0
2021-06-14,0.0,7.2,7.5
2021-06-15,0.0,1.1,1.3
2021-06-17,0.2,7.4,7.8
2021-06-18,0.0,30.1,34.6
2021-06-19,1.2,31.3,35.7
2021-06-20,11.2,25.2,28.3
2021-06-21,19.7,16.7,13.9
2021-06-22,14.6,14.7,11.6
2021-06-23,1.0,10.5,8.6
2021-06-24,2.2,2.5,2.3
2021-06-26,2.9,0.3,0.0
2021-06-27,0.7,0.5,0.0
2021-06-28,0.0,2.3,2.2
2021-06-29,0.2,1.3,1.4
2021-06-30,0.1,20.8,18.6
2021-07-01,2.0,2.0,2.6
2021-07-02,20.4,0.4,0.0
2021-07-03,0.0,0.0,0.0
2021-07-04,0.0,0.0,0.0
2021-07-05,0.0,0.0,0.0
2021-07-07,0.0,0.0,0.0
2021-07-08,0.0,1.4,1.9
2021-07-11,2.2,0.8,0.0
2021-07-13,0.0,6.5,7.0
2021-07-14,0.0,7.8,7.1
2021-07-18,0.0,0.0,0.0
2021-07-20,7.4,0.0,0.0
2021-07-22,1.2,1.4,2.8
2021-07-23,0.0,0.4,0.0
2021-07-25,0.0,0.0,0.0
2021-07-28,0.0,0.3,0.0
2021-07-29,0.0,0.1,0.0
2021-07-30,0.0,0.0,0.0
2021-08-02,0.0,0.0,0.0
2021-08-03,1.5,0.0,0.0
2021-08-04,0.0,0.0,0.0
2021-08-07,0.0,0.0,0.0
2021-08-08,1.0,5.7,6.8
2021-08-09,41.4,16.2,14.3
2021-08-10,4.8,0.0,0.0
2021-08-12,0.0,0.5,0.0
2021-08-13,0.0,1.5,1.7
2021-08-17,0.0,0.4,0.0
2021-08-18,0.0,28.8,28.5
2021-08-19,1.9,18.3,15.7
2021-08-20,40.4,0.9,0.0
2021-08-21,0.8,5.2,6.0
2021-08-22,0.0,0.4,0.0
2021-08-23,0.0,1.8,1.9
2021-08-24,0.0,0.1,0.0
2021-08-27,0.0,0.0,0.0
2021-08-29,0.0,1.3,1.5
2021-08-30,0.0,0.0,0.0
2021-09-01,0.0,0.1,0.0
2021-09-02,0.0,0.2,0.0
2021-09-03,0.0,0.1,0.0
2021-09-06,0.0,1.1,2.6
2021-09-07,0.0,0.7,0.0
2021-09-08,2.2,0.0,0.0
2021-09-12,20.0,14.1,13.5
2021-09-13,0.4,1.5,3.8
2021-09-14,0.2,25.6,24.1
2021-09-15,18.3,8.1,9.2
2021-09-16,0.6,1.5,3.7
2021-09-17,1.6,0.5,0.0
2021-09-18,0.0,0.8,0.0
2021-09-19,0.0,0.1,0.0
2021-09-21,0.0,6.3,6.3
2021-09-22,2.7,2.2,3.4
2021-09-23,0.0,0.6,0.0
2021-09-24,0.0,0.1,0.0
2021-09-26,0.4,14.5,10.6
2021-09-27,26.6,5.4,5.3
2021-10-01,6.0,2.4,3.6
2021-10-02,0.0,0.3,0.0
2021-10-04,2.7,8.6,9.5
2021-10-05,0.4,10.9,11.3
2021-10-06,0.3,0.2,0.0
2021-10-07,0.0,2.1,3.4
2021-10-09,1.2,0.0,0.0
2021-10-11,0.0,3.1,3.1
2021-10-15,3.4,2.4,2.4
2021-10-16,0.0,2.6,2.7
2021-10-17,38.5,7.9,8.0
2021-10-18,0.8,17.8,14.7
2021-10-19,10.2,5.4,5.3
2021-10-20,48.8,2.7,2.7
2021-10-21,0.6,52.1,33.9
2021-10-22,24.0,2.4,3.1
2021-10-23,1.0,6.4,5.6
2021-10-24,0.0,0.0,0.0
2021-10-25,2.9,9.6,7.5
2021-10-26,0.0,2.2,3.0
2021-10-27,5.3,37.8,24.6
2021-10-28,22.4,4.4,4.3
2021-10-29,7.4,15.6,11.2
2021-10-30,33.8,14.0,10.2
2021-10-31,8.7,74.6,47.1
2021-11-01,20.9,45.2,34.5
2021-11-02,10.6,76.7,50.1
2021-11-03,65.6,4.2,4.2
2021-11-04,27.7,22.8,17.5
2021-11-05,18.2,6.5,6.0
2021-11-06,5.0,1.1,0.0
2021-11-07,0.0,30.1,23.4
2021-11-08,11.0,1.4,2.0
2021-11-09,12.8,37.0,29.1
2021-11-10,34.4,33.4,27.0
2021-11-11,38.5,22.6,15.2
2021-11-12,0.3,39.6,24.8
2021-11-13,16.4,47.8,30.2
2021-11-14,44.2,41.8,26.8
2021-11-15,8.8,44.4,27.7
2021-11-16,16.1,8.8,6.2
2021-11-17,3.7,25.3,17.0
2021-11-18,1.8,19.2,13.1
2021-11-19,4.7,42.9,27.0
2021-11-20,30.3,2.2,1.5
2021-11-25,0.0,38.3,25.1
2021-11-26,20.0,43.2,28.3
2021-11-27,3.6,38.5,25.2
2021-11-28,33.8,4.9,2.1
2021-11-29,9.0,4.9,2.1
2021-11-30,16.9,4.0,1.3
2021-12-01,1.2,7.8,3.5
2021-12-02,0.3,23.4,15.5
2021-12-03,2.0,25.5,19.5
2021-12-04,3.8,12.6,7.4
2021-12-05,0.6,2.1,0.0
2021-12-07,9.6,6.6,2.6
2021-12-08,3.6,0.3,0.0
2021-12-09,0.2,17.8,11.5
2021-12-10,8.6,22.0,14.9
2021-12-11,12.0,16.9,11.0
2021-12-12,8.9,19.9,13.2
2021-12-13,2.2,14.8,9.4
2021-12-14,23.0,8.6,4.7
2021-12-15,0.0,14.7,9.3
2021-12-16,25.4,15.1,9.6
2021-12-17,6.4,8.7,4.8
2021-12-18,12.6,24.8,17.2
2021-12-19,3.0,0.1,0.0
2021-12-20,1.0,9.4,5.3
2021-12-21,4.8,18.7,13.4
2021-12-22,17.0,9.6,6.6
2021-12-23,31.3,19.3,13.9
2021-12-24,3.1,8.3,5.7
2021-12-26,0.9,1.9,1.0
2021-12-27,0.3,8.8,6.1
2021-12-28,13.8,4.7,2.9
2021-12-30,2.9,4.0,2.3
2021-12-31,0.0,5.1,3.1
