date,gauge,imergl,lseqmdl
2001-01-01,0.0,1.5,1.0
2001-01-02,0.0,14.4,10.1
2001-01-03,15.4,13.1,9.2
2001-01-04,1.0,43.3,33.2
2001-01-05,21.8,27.7,19.6
2001-01-06,4.8,60.3,46.1
2001-01-07,33.6,10.3,7.2
2001-01-08,1.5,41.4,31.3
2001-01-09,20.7,45.1,34.2
2001-01-10,65.6,11.6,8.1
2001-01-11,0.0,2.6,1.0
2001-01-12,2.6,63.3,52.8
2001-01-13,19.7,2.8,1.0
2001-01-16,9.0,31.9,21.9
2001-01-17,6.0,20.5,14.2
2001-01-18,26.0,20.1,13.8
2001-01-20,36.1,4.7,2.1
2001-01-21,4.4,15.9,9.5
2001-01-22,0.0,38.6,27.4
2001-01-23,11.5,20.5,12.7
2001-01-24,12.1,4.0,1.4
2001-01-25,0.0,1.1,0.0
2001-01-27,0.0,7.0,3.3
2001-01-29,14.0,20.6,12.8
2001-01-30,14.0,8.8,4.5
2001-01-31,2.4,26.6,17.2
2001-02-01,4.2,30.3,22.4
2001-02-02,27.9,18.6,12.5
2001-02-03,0.0,9.9,5.8
2001-02-04,44.4,12.9,8.1
2001-02-05,96.7,2.7,1.0
2001-02-07,2.4,5.4,2.4
2001-02-08,1.0,25.2,17.8
2001-02-09,1.6,2.4,1.0
2001-02-10,0.0,3.6,1.2
2001-02-12,9.3,0.5,0.0
2001-02-13,0.0,0.2,0.0
2001-02-14,0.0,2.0,0.0
2001-02-15,1.8,2.2,1.0
2001-02-16,5.4,2.9,1.0
2001-02-17,1.2,0.4,0.0
2001-02-19,0.0,36.4,32.6
2001-02-20,57.4,1.9,0.0
2001-02-21,13.8,1.0,0.0
2001-02-22,0.0,3.6,1.6
2001-02-23,7.0,2.1,1.0
2001-02-24,4.5,11.8,7.9
2001-02-25,114.4,1.7,1.0
2001-02-26,0.0,0.0,0.0
2001-02-27,0.0,0.4,0.0
2001-02-28,9.7,183.7,85.1
2001-03-01,7.9,10.3,5.6
2001-03-02,0.7,85.5,78.7
2001-03-03,30.8,8.1,3.8
2001-03-04,25.2,57.7,47.1
2001-03-05,21.0,21.2,14.8
2001-03-06,1.2,14.1,8.7
2001-03-07,0.2,5.0,1.6
2001-03-08,6.3,5.4,1.8
2001-03-09,1.9,22.0,15.5
2001-03-10,48.7,18.4,12.4
2001-03-11,12.5,5.9,4.9
2001-03-12,3.2,12.2,9.9
2001-03-13,0.4,0.0,0.0
2001-03-14,0.0,3.6,3.2
2001-03-15,1.8,19.2,15.1
2001-03-16,18.2,1.9,1.9
2001-03-17,12.0,88.0,72.9
2001-03-18,7.7,31.6,25.7
2001-03-19,43.4,0.3,0.0
2001-03-20,0.7,5.7,4.8
2001-03-21,2.0,7.1,4.3
2001-03-22,1.9,27.8,21.0
2001-03-23,25.5,1.5,1.0
2001-03-25,3.8,6.3,3.6
2001-03-27,0.0,12.2,8.3
2001-03-28,0.5,2.5,1.0
2001-03-29,0.0,10.1,6.6
2001-03-30,42.1,46.5,41.9
2001-03-31,39.1,8.6,5.4
2001-04-01,0.3,14.3,11.8
2001-04-02,0.9,11.0,8.9
2001-04-03,17.6,20.6,21.0
2001-04-04,65.3,6.1,4.5
2001-04-05,1.0,1.9,1.0
2001-04-06,0.0,0.1,0.0
2001-04-07,0.0,4.0,2.6
2001-04-08,7.0,2.8,1.7
2001-04-09,0.0,3.7,2.4
2001-04-10,4.9,2.2,1.2
2001-04-11,47.9,0.0,0.0
2001-04-12,0.0,8.6,5.8
2001-04-13,0.0,13.9,8.8
2001-04-14,29.3,72.0,54.6
2001-04-15,62.3,7.6,5.2
2001-04-17,25.6,58.9,43.9
2001-04-18,15.6,0.4,0.0
2001-04-19,0.0,0.0,0.0
2001-04-20,0.0,0.1,0.0
2001-04-21,0.0,0.0,0.0
2001-04-22,0.0,0.0,0.0
2001-04-23,0.0,0.0,0.0
2001-04-24,0.0,33.1,34.1
2001-04-25,3.6,29.9,31.1
2001-04-26,4.4,0.8,0.0
2001-04-27,0.0,0.5,0.0
2001-04-28,1.0,0.0,0.0
2001-04-29,0.0,0.0,0.0
2001-04-30,0.0,0.3,0.0
2001-05-01,0.0,0.6,0.0
2001-05-02,0.0,9.2,6.7
2001-05-03,1.2,15.3,10.8
2001-05-04,0.5,9.2,6.3
2001-05-05,0.0,0.0,0.0
2001-05-07,0.0,5.3,3.5
2001-05-08,0.0,0.0,0.0
2001-05-09,0.0,0.0,0.0
2001-05-10,0.0,0.1,0.0
2001-05-11,0.0,0.0,0.0
2001-05-12,0.0,0.0,0.0
2001-05-13,0.0,0.1,0.0
2001-05-14,0.0,0.6,0.0
2001-05-15,0.0,1.1,0.0
2001-05-16,0.0,0.1,0.0
2001-05-17,0.0,2.3,1.6
2001-05-18,10.0,14.1,10.5
2001-05-19,15.8,0.2,0.0
2001-05-20,0.0,0.0,0.0
2001-05-21,0.0,0.6,0.0
2001-05-22,0.0,1.4,1.0
2001-05-23,0.0,0.0,0.0
2001-05-24,0.0,0.0,0.0
2001-05-25,0.0,4.2,3.9
2001-05-26,0.0,2.1,1.8
2001-05-27,0.0,7.0,6.7
2001-05-28,0.0,0.0,0.0
2001-05-29,0.0,17.9,16.8
2001-05-30,0.0,1.1,1.0
2001-06-01,0.0,115.8,66.2
2001-06-03,6.4,25.8,23.5
2001-06-04,14.5,10.3,6.8
2001-06-06,0.0,4.6,1.9
2001-06-07,0.0,30.8,31.2
2001-06-08,1.8,10.6,7.1
2001-06-09,7.4,4.3,1.7
2001-06-11,1.6,1.9,1.7
2001-06-12,0.0,0.0,0.0
2001-06-13,0.0,0.0,0.0
2001-06-14,0.0,5.6,4.2
2001-06-16,1.2,1.1,0.0
2001-06-17,0.0,0.3,0.0
2001-06-18,0.0,0.0,0.0
2001-06-19,0.0,0.0,0.0
2001-06-20,0.0,0.0,0.0
2001-06-21,0.0,0.0,0.0
2001-06-22,0.0,0.1,0.0
2001-06-23,0.0,0.1,0.0
2001-06-24,1.3,3.8,2.5
2001-06-25,0.0,0.1,0.0
2001-06-26,0.0,0.0,0.0
2001-06-27,0.0,0.0,0.0
2001-06-28,0.0,0.0,0.0
2001-06-29,0.0,0.0,0.0
2001-06-30,0.0,0.3,0.0
2001-07-01,0.0,0.0,0.0
2001-07-02,0.0,0.0,0.0
2001-07-03,0.0,0.0,0.0
2001-07-04,0.0,0.0,0.0
2001-07-05,0.0,0.0,0.0
2001-07-06,0.0,0.0,0.0
2001-07-07,0.0,1.4,1.2
2001-07-08,0.0,1.5,1.4
2001-07-09,0.0,0.0,0.0
2001-07-10,0.0,0.0,0.0
2001-07-12,0.0,0.4,0.0
2001-07-13,0.0,1.3,0.0
2001-07-14,0.0,9.3,6.7
2001-07-15,0.0,3.4,2.1
2001-07-16,0.0,0.0,0.0
2001-07-17,0.0,0.0,0.0
2001-07-18,0.0,0.0,0.0
2001-07-19,2.0,0.9,0.0
2001-07-20,0.0,0.8,0.0
2001-07-21,14.2,0.5,0.0
2001-07-22,7.6,0.1,0.0
2001-07-23,0.0,0.0,0.0
2001-07-24,0.0,0.0,0.0
2001-07-25,0.0,0.0,0.0
2001-07-26,0.0,0.0,0.0
2001-07-27,0.0,0.0,0.0
2001-07-28,0.0,0.0,0.0
2001-07-29,0.0,4.4,6.8
2001-07-30,0.0,0.0,0.0
2001-07-31,0.0,0.5,0.0
2001-08-01,0.0,0.0,0.0
2001-08-02,0.0,0.0,0.0
2001-08-03,0.0,0.3,0.0
2001-08-04,0.0,0.0,0.0
2001-08-05,0.0,0.0,0.0
2001-08-06,0.0,0.0,0.0
2001-08-07,0.0,1.9,2.4
2001-08-08,0.0,0.0,0.0
2001-08-09,0.0,0.2,0.0
2001-08-10,0.0,3.3,2.9
2001-08-11,0.0,0.2,0.0
2001-08-12,0.0,0.0,0.0
2001-08-13,0.0,0.0,0.0
2001-08-14,0.0,0.0,0.0
2001-08-15,0.0,0.0,0.0
2001-08-16,0.0,0.2,0.0
2001-08-17,0.0,1.4,0.0
2001-08-18,0.0,0.0,0.0
2001-08-19,0.0,0.0,0.0
2001-08-20,0.0,1.1,0.0
2001-08-21,0.0,0.0,0.0
2001-08-22,0.0,0.0,0.0
2001-08-23,0.0,1.3,1.0
2001-08-24,0.0,0.0,0.0
2001-08-25,0.0,0.0,0.0
2001-08-26,0.0,0.0,0.0
2001-08-27,0.0,0.0,0.0
2001-08-28,0.0,4.5,3.0
2001-08-29,0.5,0.0,0.0
2001-08-30,0.0,2.3,1.5
2001-09-01,0.0,0.2,0.0
2001-09-02,0.0,1.5,2.4
2001-09-04,0.0,0.0,0.0
2001-09-05,0.0,0.0,0.0
2001-09-06,0.0,0.0,0.0
2001-09-07,0.0,0.0,0.0
2001-09-08,0.0,0.0,0.0
2001-09-09,0.0,0.0,0.0
2001-09-10,0.0,0.0,0.0
2001-09-11,4.4,12.7,11.7
2001-09-12,0.0,2.5,3.1
2001-09-13,3.8,0.0,0.0
2001-09-14,0.0,0.0,0.0
2001-09-15,0.0,0.0,0.0
2001-09-16,0.0,0.0,0.0
2001-09-17,0.0,0.0,0.0
2001-09-18,3.6,7.1,6.7
2001-09-19,0.0,1.8,2.8
2001-09-20,0.0,0.0,0.0
2001-09-21,0.0,0.3,0.0
2001-09-22,0.0,0.0,0.0
2001-09-23,0.0,0.0,0.0
2001-09-24,0.0,0.0,0.0
2001-09-25,0.0,0.0,0.0
2001-09-26,0.0,10.5,6.8
2001-09-27,0.0,2.0,1.0
2001-09-28,0.0,5.8,3.6
2001-09-29,0.0,1.2,0.0
2001-09-30,0.0,4.0,2.2
2001-10-01,0.0,2.6,3.6
2001-10-02,0.0,8.2,7.1
2001-10-03,0.0,8.7,7.1
2001-10-04,0.0,4.7,4.8
2001-10-05,0.0,0.4,0.0
2001-10-06,0.0,0.1,0.0
2001-10-07,29.2,33.9,28.1
2001-10-08,2.1,1.8,2.9
2001-10-09,0.2,0.9,0.0
2001-10-10,0.0,2.2,3.3
2001-10-11,0.0,0.9,0.0
2001-10-12,0.0,2.5,1.7
2001-10-13,0.0,1.3,0.0
2001-10-14,0.0,25.1,16.5
2001-10-15,0.4,27.6,19.0
2001-10-17,0.0,1.1,0.0
2001-10-18,0.0,4.5,3.0
2001-10-19,0.0,0.0,0.0
2001-10-20,0.0,16.6,11.9
2001-10-21,6.4,11.9,9.5
2001-10-22,0.0,6.3,5.2
2001-10-24,0.1,20.0,15.0
2001-10-25,0.0,1.3,1.6
2001-10-26,0.0,3.0,2.9
2001-10-27,0.0,3.5,3.2
2001-10-28,0.0,5.0,4.3
2001-10-29,0.0,1.6,1.8
2001-10-30,0.0,2.8,2.7
2001-11-01,3.6,22.3,24.3
2001-11-03,0.0,1.4,1.2
2001-11-04,0.0,2.1,1.9
2001-11-05,0.0,0.7,0.0
2001-11-06,0.0,1.2,1.0
2001-11-07,0.0,1.0,0.0
2001-11-08,0.3,2.9,2.8
2001-11-09,5.1,0.0,0.0
2001-11-10,0.0,1.0,1.0
2001-11-11,0.0,2.9,3.0
2001-11-13,0.0,2.2,2.5
2001-11-14,1.1,28.7,19.9
2001-11-15,70.5,15.2,11.4
2001-11-16,6.6,38.7,29.8
2001-11-17,3.2,7.7,6.3
2001-11-19,74.5,136.2,64.4
2001-11-20,59.9,60.3,47.9
2001-11-21,32.1,40.2,37.3
2001-11-23,3.6,2.7,1.1
2001-11-25,36.0,8.5,5.0
2001-11-26,37.4,29.0,25.9
2001-11-27,22.8,47.4,45.3
2001-11-29,0.0,0.9,0.0
2001-11-30,0.0,0.1,0.0
2001-12-02,0.0,0.0,0.0
2001-12-03,0.0,1.5,1.0
2001-12-04,0.0,1.1,0.0
2001-12-05,0.0,0.1,0.0
2001-12-06,0.0,0.0,0.0
2001-12-07,0.0,4.7,2.5
2001-12-08,0.0,0.1,0.0
2001-12-09,0.0,0.9,0.0
2001-12-10,0.0,3.1,1.2
2001-12-11,0.0,5.6,2.3
2001-12-12,0.0,1.4,0.0
2001-12-13,41.2,16.4,8.8
2001-12-14,4.7,2.2,1.0
2001-12-15,34.5,4.1,1.4
2001-12-16,0.0,4.0,1.3
2001-12-17,17.0,2.8,1.0
2001-12-18,0.0,2.0,1.0
2001-12-19,2.7,5.2,2.0
2001-12-20,64.5,43.3,28.2
2001-12-21,0.5,4.2,1.7
2001-12-22,0.0,0.0,0.0
2001-12-23,0.0,0.0,0.0
2001-12-24,0.0,0.0,0.0
2001-12-25,0.0,0.7,0.0
2001-12-26,34.2,36.4,28.8
2001-12-27,0.0,1.1,0.0
2001-12-28,72.6,0.8,0.0
2001-12-29,0.7,14.4,8.5
2001-12-30,8.4,21.1,13.2
2001-12-31,0.0,1.7,1.0
2002-01-01,45.0,158.3,88.7
2002-01-02,13.6,27.6,19.3
2002-01-03,1.0,13.8,9.7
2002-01-04,0.0,1.0,0.0
2002-01-05,0.0,0.4,0.0
2002-01-06,4.8,3.0,2.0
2002-01-07,0.0,2.3,1.5
2002-01-08,42.2,0.6,0.0
2002-01-09,28.2,4.7,3.2
2002-01-10,30.5,49.5,36.7
2002-01-11,0.0,0.5,0.0
2002-01-12,0.0,0.0,0.0
2002-01-13,0.5,1.2,0.0
2002-01-14,5.5,10.5,6.4
2002-01-15,0.0,0.8,0.0
2002-01-16,33.3,8.6,5.0
2002-01-17,24.5,48.7,37.5
2002-01-18,6.5,34.4,25.0
2002-01-19,0.0,2.9,1.0
2002-01-20,0.0,5.2,2.4
2002-01-21,64.4,32.5,21.4
2002-01-22,64.3,37.0,26.5
2002-01-23,8.1,5.3,2.2
2002-01-24,52.0,69.9,60.3
2002-01-25,19.0,37.0,25.7
2002-01-26,22.5,39.8,28.6
2002-01-27,13.5,11.2,6.1
2002-01-28,10.5,22.6,14.3
2002-01-29,0.2,24.0,15.3
2002-01-30,41.2,21.2,13.3
2002-01-31,0.0,1.2,0.0
2002-02-01,0.3,15.5,10.0
2002-02-02,2.1,21.1,14.4
2002-02-03,2.2,40.0,33.0
2002-02-04,0.2,18.8,12.6
2002-02-05,10.4,24.4,17.1
2002-02-06,1.5,20.0,13.6
2002-02-07,0.8,9.6,5.5
2002-02-08,9.3,50.4,42.9
2002-02-09,0.0,13.0,8.1
2002-02-10,7.2,39.1,32.7
2002-02-11,0.6,6.7,3.7
2002-02-12,4.5,4.8,2.2
2002-02-13,24.2,29.8,24.6
2002-02-14,4.5,13.8,9.7
2002-02-15,11.8,22.7,17.4
2002-02-16,0.0,7.3,4.2
2002-02-18,0.0,8.0,4.8
2002-02-19,1.9,0.2,0.0
2002-02-20,21.6,16.4,12.0
2002-02-21,6.5,13.6,9.3
2002-02-22,0.2,15.0,10.4
2002-02-23,16.6,23.9,17.8
2002-02-24,12.6,26.9,20.9
2002-02-25,6.7,4.6,2.4
2002-02-26,5.5,0.1,0.0
2002-02-27,0.0,0.2,0.0
2002-02-28,7.8,0.1,0.0
2002-03-01,12.0,11.4,6.5
2002-03-02,5.0,22.6,16.0
2002-03-03,38.0,2.5,0.0
2002-03-04,0.0,13.4,8.2
2002-03-05,0.0,0.9,0.0
2002-03-06,0.0,1.6,0.0
2002-03-07,4.7,15.9,10.2
2002-03-08,2.2,34.2,25.9
2002-03-10,0.0,2.9,1.0
2002-03-11,3.6,71.6,69.9
2002-03-12,4.0,6.7,5.5
2002-03-13,0.0,0.0,0.0
2002-03-15,0.3,7.0,5.8
2002-03-16,0.0,0.4,0.0
2002-03-17,70.0,3.4,3.0
2002-03-18,1.0,1.8,1.8
2002-03-19,3.2,3.5,3.0
2002-03-20,0.0,2.6,2.4
2002-03-21,0.0,0.8,0.0
2002-03-22,0.0,0.7,0.0
2002-03-23,18.8,1.3,0.0
2002-03-24,0.0,0.0,0.0
2002-03-25,0.0,0.4,0.0
2002-03-26,0.0,11.6,7.8
2002-03-27,4.0,10.1,6.6
2002-03-29,0.0,3.9,1.9
2002-03-30,23.1,26.1,18.6
2002-03-31,13.1,19.7,14.8
2002-04-01,3.0,7.0,5.3
2002-04-02,50.0,41.6,53.4
2002-04-03,39.0,17.7,15.9
2002-04-04,6.1,30.0,36.2
2002-04-05,3.1,18.4,14.5
2002-04-06,2.3,10.9,8.8
2002-04-07,0.0,0.3,0.0
2002-04-08,0.0,0.9,0.0
2002-04-09,37.8,0.9,0.0
2002-04-10,6.0,1.4,1.0
2002-04-11,0.0,0.2,0.0
2002-04-12,0.0,0.0,0.0
2002-04-13,0.0,0.2,0.0
2002-04-14,0.0,1.0,0.0
2002-04-15,0.0,2.7,2.2
2002-04-16,0.0,3.0,2.4
2002-04-17,2.5,17.6,11.0
2002-04-18,0.0,0.2,0.0
2002-04-19,0.0,3.2,2.5
2002-04-20,15.1,123.8,60.5
2002-04-21,0.0,2.0,1.0
2002-04-22,0.4,3.6,1.5
2002-04-23,0.0,2.0,1.0
2002-04-24,0.0,0.7,0.0
2002-04-25,2.4,2.8,1.0
2002-04-26,0.0,1.7,1.0
2002-04-28,0.0,0.0,0.0
2002-04-29,0.0,0.0,0.0
2002-04-30,0.0,0.0,0.0
2002-05-01,0.0,6.4,4.2
2002-05-02,0.0,0.0,0.0
2002-05-03,15.1,4.7,3.0
2002-05-04,8.6,12.9,8.8
2002-05-05,1.0,20.3,14.7
2002-05-06,30.0,4.3,2.8
2002-05-07,0.0,1.6,1.0
2002-05-08,0.0,3.5,2.2
2002-05-09,0.0,35.8,32.6
2002-05-10,5.3,63.1,54.0
2002-05-11,0.0,1.5,1.0
2002-05-12,0.2,0.3,0.0
2002-05-13,0.0,0.0,0.0
2002-05-14,0.0,0.0,0.0
2002-05-15,19.2,0.3,0.0
2002-05-16,0.0,0.0,0.0
2002-05-17,0.0,0.0,0.0
2002-05-18,0.0,0.0,0.0
2002-05-19,0.0,0.0,0.0
2002-05-20,0.0,0.0,0.0
2002-05-21,0.0,0.0,0.0
2002-05-22,0.0,0.0,0.0
2002-05-23,0.0,0.0,0.0
2002-05-24,0.0,0.0,0.0
2002-05-25,32.8,0.0,0.0
2002-05-27,0.0,1.1,1.0
2002-05-28,0.0,0.0,0.0
2002-05-29,0.0,0.0,0.0
2002-05-30,0.0,3.6,3.3
2002-05-31,0.0,0.5,0.0
2002-06-01,0.0,0.1,0.0
2002-06-02,2.3,3.4,1.1
2002-06-03,0.0,0.3,0.0
2002-06-04,0.0,3.6,1.3
2002-06-05,13.7,2.4,1.0
2002-06-06,0.0,0.0,0.0
2002-06-07,0.0,0.0,0.0
2002-06-08,0.0,0.0,0.0
2002-06-09,0.0,0.0,0.0
2002-06-10,0.0,0.0,0.0
2002-06-11,0.0,0.9,0.0
2002-06-12,0.0,0.0,0.0
2002-06-13,4.0,5.5,4.1
2002-06-14,0.0,0.1,0.0
2002-06-15,0.0,0.0,0.0
2002-06-16,0.0,0.0,0.0
2002-06-17,0.0,0.0,0.0
2002-06-18,0.0,0.0,0.0
2002-06-19,0.0,0.0,0.0
2002-06-20,0.0,0.0,0.0
2002-06-21,0.0,0.0,0.0
2002-06-22,0.0,0.0,0.0
2002-06-23,0.0,0.0,0.0
2002-06-24,0.0,0.0,0.0
2002-06-25,0.0,0.2,0.0
2002-06-26,0.0,1.2,0.0
2002-06-27,0.0,0.6,0.0
2002-06-28,0.0,0.0,0.0
2002-06-29,0.0,0.0,0.0
2002-06-30,0.0,0.0,0.0
2002-07-01,0.0,0.0,0.0
2002-07-02,0.0,0.5,0.0
2002-07-03,0.0,0.5,0.0
2002-07-04,0.0,0.0,0.0
2002-07-05,0.0,0.0,0.0
2002-07-06,0.0,0.0,0.0
2002-07-07,0.0,2.8,2.5
2002-07-08,0.3,0.2,0.0
2002-07-09,0.0,0.1,0.0
2002-07-10,0.1,0.1,0.0
2002-07-11,0.0,0.0,0.0
2002-07-12,0.0,0.0,0.0
2002-07-13,0.0,0.4,0.0
2002-07-14,0.0,0.8,0.0
2002-07-15,0.0,10.1,7.2
2002-07-16,58.0,25.8,20.3
2002-07-17,0.0,0.0,0.0
2002-07-19,0.0,0.0,0.0
2002-07-20,0.0,0.0,0.0
2002-07-21,0.0,0.8,3.6
2002-07-22,0.0,0.0,0.0
2002-07-23,0.0,0.0,0.0
2002-07-24,0.0,0.0,0.0
2002-07-25,0.0,0.0,0.0
2002-07-26,0.0,0.0,0.0
2002-07-27,0.0,0.0,0.0
2002-07-28,0.0,0.0,0.0
2002-07-29,0.0,0.0,0.0
2002-07-30,0.0,0.0,0.0
2002-07-31,0.0,0.0,0.0
2002-08-01,0.0,0.0,0.0
2002-08-02,0.0,0.0,0.0
2002-08-03,0.0,0.0,0.0
2002-08-04,0.0,0.0,0.0
2002-08-05,0.0,0.0,0.0
2002-08-06,0.0,0.0,0.0
2002-08-07,0.0,0.0,0.0
2002-08-08,0.0,0.0,0.0
2002-08-09,0.0,0.0,0.0
2002-08-10,0.0,0.1,0.0
2002-08-11,0.0,0.0,0.0
2002-08-12,0.0,0.0,0.0
2002-08-13,0.0,0.0,0.0
2002-08-14,0.0,0.0,0.0
2002-08-15,0.0,0.0,0.0
2002-08-16,0.0,0.0,0.0
2002-08-17,0.0,0.0,0.0
2002-08-18,0.0,0.0,0.0
2002-08-19,0.0,0.2,0.0
2002-08-20,0.0,0.4,0.0
2002-08-21,0.0,0.0,0.0
2002-08-22,0.0,0.0,0.0
2002-08-23,0.0,0.0,0.0
2002-08-24,0.0,0.0,0.0
2002-08-25,0.0,0.0,0.0
2002-08-26,0.0,0.0,0.0
2002-08-27,0.0,0.0,0.0
2002-08-28,0.0,0.0,0.0
2002-08-29,0.0,0.0,0.0
2002-08-30,0.0,0.0,0.0
2002-08-31,0.0,0.0,0.0
2002-09-01,0.0,0.0,0.0
2002-09-02,0.0,0.0,0.0
2002-09-03,0.0,0.8,0.0
2002-09-04,0.0,0.0,0.0
2002-09-05,0.0,0.0,0.0
2002-09-06,0.0,0.0,0.0
2002-09-07,0.0,0.0,0.0
2002-09-08,0.0,0.0,0.0
2002-09-09,0.0,0.0,0.0
2002-09-10,0.0,0.0,0.0
2002-09-11,0.0,0.0,0.0
2002-09-12,0.0,0.0,0.0
2002-09-13,0.0,0.0,0.0
2002-09-14,0.0,0.0,0.0
2002-09-15,0.0,0.0,0.0
2002-09-16,0.0,5.6,5.5
2002-09-17,0.0,0.0,0.0
2002-09-18,0.0,0.0,0.0
2002-09-19,0.0,0.0,0.0
2002-09-20,0.0,0.0,0.0
2002-09-21,0.0,0.0,0.0
2002-09-22,0.0,3.3,1.6
2002-09-23,0.0,1.4,0.0
2002-09-24,0.0,0.0,0.0
2002-09-25,0.0,0.0,0.0
2002-09-26,0.0,0.0,0.0
2002-09-27,0.0,14.2,10.0
2002-09-28,0.0,6.7,4.1
2002-09-29,0.0,0.3,0.0
2002-09-30,0.0,0.0,0.0
2002-10-01,0.0,2.1,3.3
2002-10-02,0.0,0.0,0.0
2002-10-03,0.0,0.0,0.0
2002-10-04,0.0,0.0,0.0
2002-10-05,0.0,4.3,4.5
2002-10-06,0.0,0.4,0.0
2002-10-07,0.0,0.0,0.0
2002-10-08,0.0,0.0,0.0
2002-10-09,0.0,0.0,0.0
2002-10-10,0.0,0.0,0.0
2002-10-11,0.0,0.0,0.0
2002-10-12,0.0,0.0,0.0
2002-10-13,0.0,0.0,0.0
2002-10-14,0.0,0.0,0.0
2002-10-15,0.0,0.0,0.0
2002-10-16,0.0,0.0,0.0
2002-10-17,0.0,0.0,0.0
2002-10-18,0.0,0.0,0.0
2002-10-19,0.0,0.0,0.0
2002-10-20,0.0,0.0,0.0
2002-10-21,0.0,0.1,0.0
2002-10-22,0.0,0.0,0.0
2002-10-23,0.0,0.1,0.0
2002-10-24,0.0,0.5,0.0
2002-10-25,0.0,0.0,0.0
2002-10-26,0.0,0.0,0.0
2002-10-27,0.0,0.0,0.0
2002-10-28,0.0,0.4,0.0
2002-10-29,0.5,0.0,0.0
2002-10-30,0.0,0.3,0.0
2002-10-31,0.0,0.0,0.0
2002-11-01,1.2,2.0,1.8
2002-11-03,0.0,1.6,1.4
2002-11-04,0.7,0.0,0.0
2002-11-05,0.0,0.0,0.0
2002-11-06,0.0,0.0,0.0
2002-11-07,0.0,0.1,0.0
2002-11-08,0.0,0.2,0.0
2002-11-09,12.5,12.4,12.7
2002-11-10,0.0,0.1,0.0
2002-11-11,0.0,3.0,3.1
2002-11-12,0.0,0.1,0.0
2002-11-13,0.2,3.8,3.6
2002-11-14,0.0,0.1,0.0
2002-11-15,0.0,0.0,0.0
2002-11-16,22.0,5.5,4.8
2002-11-17,2.3,27.6,18.8
2002-11-18,0.9,9.2,7.3
2002-11-19,0.0,3.1,3.1
2002-11-20,0.0,13.1,10.0
2002-11-22,0.0,1.4,0.0
2002-11-23,0.0,7.5,4.3
2002-11-24,8.8,1.9,1.0
2002-11-25,0.3,1.4,0.0
2002-11-26,45.6,80.9,87.4
2002-11-27,1.1,20.6,16.4
2002-11-28,0.2,11.7,7.2
2002-11-30,0.0,1.5,0.0
2002-12-01,7.8,1.9,1.0
2002-12-02,1.7,0.3,0.0
2002-12-03,18.5,1.1,0.0
2002-12-04,0.1,1.6,1.0
2002-12-05,9.0,8.7,6.0
2002-12-06,1.8,8.4,5.8
2002-12-07,0.0,0.1,0.0
2002-12-08,0.0,2.0,1.0
2002-12-09,3.6,4.0,1.9
2002-12-10,0.3,6.7,4.3
2002-12-11,1.2,11.8,6.0
2002-12-12,12.4,25.0,14.1
2002-12-13,5.2,19.3,10.5
2002-12-14,0.1,11.0,5.5
2002-12-15,0.0,1.5,0.0
2002-12-16,0.0,1.0,0.0
2002-12-17,0.0,1.0,0.0
2002-12-18,0.0,3.4,1.0
2002-12-19,0.0,0.2,0.0
2002-12-20,0.0,0.5,0.0
2002-12-21,0.0,19.6,12.1
2002-12-22,0.0,2.7,1.0
2002-12-23,0.0,2.2,1.0
2002-12-24,60.3,29.7,19.2
2002-12-25,12.4,114.1,106.7
2002-12-27,1.0,12.1,7.0
2002-12-29,0.0,2.7,1.0
2002-12-30,0.0,4.4,1.8
2002-12-31,1.4,11.4,6.4
2003-01-01,13.5,11.9,8.4
2003-01-02,8.2,33.9,26.3
2003-01-03,1.8,2.5,1.7
2003-01-04,0.0,0.3,0.0
2003-01-05,0.0,2.8,1.8
2003-01-06,0.0,0.0,0.0
2003-01-07,0.0,0.0,0.0
2003-01-08,0.0,0.2,0.0
2003-01-11,2.2,5.3,2.5
2003-01-12,0.0,0.7,0.0
2003-01-13,41.2,3.3,1.0
2003-01-14,3.0,0.5,0.0
2003-01-15,10.9,4.8,2.2
2003-01-16,0.0,0.2,0.0
2003-01-17,0.0,0.8,0.0
2003-01-18,0.0,0.0,0.0
2003-01-19,0.0,0.0,0.0
2003-01-20,6.8,32.5,22.1
2003-01-21,2.5,3.9,1.3
2003-01-22,19.3,47.9,37.5
2003-01-23,10.8,32.2,20.0
2003-01-24,7.7,18.8,11.5
2003-01-25,0.0,2.5,1.0
2003-01-26,6.7,7.5,3.6
2003-01-27,0.0,2.7,1.0
2003-01-28,74.8,56.9,47.8
2003-01-29,8.1,5.1,2.1
2003-01-30,71.9,29.6,20.7
2003-01-31,1.0,0.5,0.0
2003-02-01,8.3,25.5,18.0
2003-02-02,0.0,1.3,0.0
2003-02-03,29.0,72.9,61.5
2003-02-04,85.8,104.5,76.6
2003-02-05,0.6,9.2,5.2
2003-02-06,0.8,11.2,6.7
2003-02-07,0.3,4.2,1.5
2003-02-08,16.6,14.9,9.6
2003-02-10,0.0,2.8,1.0
2003-02-11,0.0,1.1,0.0
2003-02-12,0.0,0.0,0.0
2003-02-13,7.6,20.0,15.1
2003-02-14,62.1,43.4,40.6
2003-02-15,71.1,89.0,82.2
2003-02-16,14.3,48.3,46.5
2003-02-17,88.0,73.3,70.6
2003-02-18,38.6,50.6,49.1
2003-02-19,11.0,51.1,49.2
2003-02-20,0.0,9.3,5.9
2003-02-21,34.1,19.8,14.1
2003-02-22,0.8,14.1,9.7
2003-02-23,67.5,84.2,80.1
2003-02-24,0.1,5.5,3.1
2003-02-25,0.0,1.0,0.0
2003-02-26,0.8,13.4,9.1
2003-02-27,0.0,4.5,2.3
2003-02-28,0.0,4.6,2.4
2003-03-01,28.5,23.0,16.3
2003-03-03,82.7,38.1,29.9
2003-03-04,51.7,97.0,81.8
2003-03-05,0.0,6.2,2.4
2003-03-06,1.2,4.6,1.3
2003-03-07,0.1,4.4,1.1
2003-03-08,31.8,25.7,18.7
2003-03-09,1.0,14.2,8.9
2003-03-10,0.0,2.6,0.0
2003-03-11,33.2,9.5,7.8
2003-03-12,0.6,0.4,0.0
2003-03-13,0.0,0.1,0.0
2003-03-14,0.0,0.5,0.0
2003-03-15,5.2,1.3,1.5
2003-03-16,0.0,0.0,0.0
2003-03-18,1.2,8.2,6.8
2003-03-19,0.0,1.8,1.8
2003-03-20,9.0,20.7,15.8
2003-03-21,0.0,4.3,2.2
2003-03-22,4.0,32.8,26.6
2003-03-23,0.0,0.1,0.0
2003-03-24,37.2,10.5,6.9
2003-03-25,16.1,14.9,10.4
2003-03-26,0.0,0.1,0.0
2003-03-28,0.0,3.0,1.3
2003-03-30,0.0,0.1,0.0
2003-03-31,0.0,0.8,0.0
2003-04-01,0.0,0.1,0.0
2003-04-02,0.0,0.3,0.0
2003-04-03,0.9,1.9,1.0
2003-04-04,0.0,0.1,0.0
2003-04-05,0.0,3.3,2.1
2003-04-06,0.0,7.8,6.0
2003-04-08,0.0,0.1,0.0
2003-04-09,0.0,0.0,0.0
2003-04-10,16.0,10.5,8.4
2003-04-11,0.0,1.1,0.0
2003-04-12,0.3,0.2,0.0
2003-04-14,6.8,9.3,6.2
2003-04-16,0.0,0.0,0.0
2003-04-17,0.0,0.8,0.0
2003-04-18,0.0,0.0,0.0
2003-04-19,0.9,3.4,2.6
2003-04-20,1.4,1.7,1.6
2003-04-21,0.5,0.5,0.0
2003-04-22,30.5,42.6,44.9
2003-04-23,0.6,25.3,25.6
2003-04-24,0.0,1.3,0.0
2003-04-25,0.0,0.1,0.0
2003-04-26,0.0,1.8,1.0
2003-04-27,0.0,0.3,0.0
2003-04-28,0.0,2.7,1.0
2003-04-29,0.0,10.0,6.9
2003-04-30,0.0,2.6,1.0
2003-05-01,0.2,10.6,7.5
2003-05-02,0.3,10.2,6.9
2003-05-03,0.0,0.1,0.0
2003-05-04,0.0,0.9,0.0
2003-05-05,13.5,22.2,16.5
2003-05-06,0.0,5.2,3.3
2003-05-07,1.5,15.2,10.4
2003-05-08,7.2,6.9,4.6
2003-05-10,0.0,1.1,0.0
2003-05-11,0.0,3.4,2.5
2003-05-12,0.0,5.4,4.0
2003-05-13,0.0,0.7,0.0
2003-05-14,2.2,0.0,0.0
2003-05-15,11.6,0.5,0.0
2003-05-16,0.0,0.0,0.0
2003-05-17,0.0,1.4,1.0
2003-05-18,0.0,0.0,0.0
2003-05-19,1.3,0.0,0.0
2003-05-20,0.0,0.4,0.0
2003-05-21,0.0,0.0,0.0
2003-05-22,0.0,0.0,0.0
2003-05-23,0.0,0.0,0.0
2003-05-24,0.0,0.5,0.0
2003-05-25,0.0,0.0,0.0
2003-05-26,0.0,0.0,0.0
2003-05-27,0.0,0.0,0.0
2003-05-28,0.0,0.0,0.0
2003-05-29,0.0,0.0,0.0
2003-05-30,0.0,3.3,3.0
2003-05-31,0.0,3.9,3.5
2003-06-01,0.0,0.0,0.0
2003-06-02,0.0,0.0,0.0
2003-06-03,0.0,0.0,0.0
2003-06-04,0.0,0.0,0.0
2003-06-05,0.0,0.0,0.0
2003-06-06,0.0,0.0,0.0
2003-06-09,0.0,0.0,0.0
2003-06-10,0.0,0.0,0.0
2003-06-11,0.0,0.0,0.0
2003-06-12,15.9,11.9,8.4
2003-06-13,0.0,0.0,0.0
2003-06-14,0.0,0.0,0.0
2003-06-15,0.0,0.0,0.0
2003-06-16,0.0,0.0,0.0
2003-06-17,0.0,0.1,0.0
2003-06-18,0.0,0.0,0.0
2003-06-19,0.0,0.0,0.0
2003-06-20,4.4,1.9,1.7
2003-06-21,1.3,17.6,12.6
2003-06-23,0.0,0.0,0.0
2003-06-24,0.0,2.8,1.9
2003-06-25,0.0,0.0,0.0
2003-06-26,0.0,0.0,0.0
2003-06-27,0.0,0.0,0.0
2003-06-28,0.0,0.0,0.0
2003-06-29,0.0,0.0,0.0
2003-06-30,0.0,0.7,0.0
2003-07-01,0.0,0.0,0.0
2003-07-02,0.0,0.0,0.0
2003-07-03,0.0,0.0,0.0
2003-07-04,0.0,0.0,0.0
2003-07-05,0.0,0.0,0.0
2003-07-06,0.0,0.0,0.0
2003-07-07,0.0,0.0,0.0
2003-07-08,0.0,0.8,0.0
2003-07-09,0.0,0.2,0.0
2003-07-10,0.0,0.4,0.0
2003-07-11,0.0,5.0,3.3
2003-07-12,0.0,0.0,0.0
2003-07-13,0.0,0.0,0.0
2003-07-14,0.0,0.0,0.0
2003-07-15,0.0,0.0,0.0
2003-07-16,0.0,0.0,0.0
2003-07-17,0.0,0.0,0.0
2003-07-18,0.0,0.0,0.0
2003-07-19,0.0,0.0,0.0
2003-07-20,0.0,0.0,0.0
2003-07-21,0.0,0.0,0.0
2003-07-22,0.0,0.2,0.0
2003-07-23,0.0,0.3,0.0
2003-07-24,0.0,0.0,0.0
2003-07-25,0.0,0.2,0.0
2003-07-26,0.0,0.0,0.0
2003-07-27,0.0,0.0,0.0
2003-07-28,0.0,0.0,0.0
2003-07-29,0.0,0.1,0.0
2003-07-30,0.0,0.0,0.0
2003-07-31,0.0,0.0,0.0
2003-08-01,0.0,0.0,0.0
2003-08-02,0.0,0.0,0.0
2003-08-03,0.0,0.0,0.0
2003-08-04,0.0,0.0,0.0
2003-08-05,0.0,0.0,0.0
2003-08-06,0.0,0.0,0.0
2003-08-07,0.0,0.0,0.0
2003-08-08,0.0,0.0,0.0
2003-08-09,0.0,0.0,0.0
2003-08-10,0.0,0.0,0.0
2003-08-11,0.0,0.0,0.0
2003-08-12,0.0,0.0,0.0
2003-08-13,0.0,0.1,0.0
2003-08-14,0.0,0.0,0.0
2003-08-15,0.0,0.0,0.0
2003-08-16,0.0,0.0,0.0
2003-08-17,0.0,0.0,0.0
2003-08-18,0.0,0.0,0.0
2003-08-19,0.0,0.0,0.0
2003-08-20,0.0,0.0,0.0
2003-08-21,0.0,0.0,0.0
2003-08-22,0.0,0.0,0.0
2003-08-23,0.0,0.0,0.0
2003-08-24,0.0,0.5,0.0
2003-08-25,0.0,0.0,0.0
2003-08-26,0.0,0.0,0.0
2003-08-27,0.0,0.0,0.0
2003-08-28,14.6,0.0,0.0
2003-08-29,0.0,0.0,0.0
2003-08-30,0.0,0.0,0.0
2003-08-31,0.0,0.0,0.0
2003-09-01,0.0,0.0,0.0
2003-09-02,0.0,0.0,0.0
2003-09-03,0.0,0.0,0.0
2003-09-04,0.0,0.0,0.0
2003-09-05,0.0,6.1,5.2
2003-09-06,0.0,0.0,0.0
2003-09-07,0.0,0.0,0.0
2003-09-08,0.0,0.0,0.0
2003-09-09,0.0,0.0,0.0
2003-09-10,0.0,0.0,0.0
2003-09-11,0.0,0.0,0.0
2003-09-12,0.0,1.1,2.1
2003-09-13,0.0,10.7,9.6
2003-09-14,0.0,12.4,11.1
2003-09-15,0.0,3.8,4.9
2003-09-16,0.0,0.0,0.0
2003-09-17,4.6,1.4,2.3
2003-09-18,2.1,9.9,9.0
2003-09-19,1.4,0.3,0.0
2003-09-20,0.0,0.0,0.0
2003-09-21,0.9,2.3,1.0
2003-09-22,0.0,0.0,0.0
2003-09-23,0.0,0.0,0.0
2003-09-24,0.0,0.0,0.0
2003-09-25,0.0,0.0,0.0
2003-09-26,0.0,0.0,0.0
2003-09-27,0.0,0.0,0.0
2003-09-28,0.0,0.0,0.0
2003-09-29,0.0,0.0,0.0
2003-09-30,0.0,0.0,0.0
2003-10-01,0.0,0.0,0.0
2003-10-02,0.0,0.0,0.0
2003-10-03,0.0,0.7,0.0
2003-10-04,2.3,9.5,7.7
2003-10-06,0.0,1.9,3.0
2003-10-07,0.0,3.5,4.3
2003-10-08,0.0,0.9,0.0
2003-10-09,0.0,0.6,0.0
2003-10-10,0.0,0.0,0.0
2003-10-11,16.3,16.2,11.4
2003-10-12,43.6,0.0,0.0
2003-10-14,0.0,3.5,2.3
2003-10-15,0.0,1.1,0.0
2003-10-16,7.6,9.3,6.6
2003-10-17,6.9,6.4,4.4
2003-10-18,0.0,0.5,0.0
2003-10-19,0.0,0.0,0.0
2003-10-20,0.0,0.0,0.0
2003-10-21,0.0,0.0,0.0
2003-10-22,0.0,0.0,0.0
2003-10-23,0.0,0.0,0.0
2003-10-24,0.0,0.0,0.0
2003-10-25,0.0,0.2,0.0
2003-10-26,0.0,6.8,5.6
2003-10-27,6.0,0.3,0.0
2003-10-28,0.0,4.4,3.8
2003-10-29,0.0,0.6,0.0
2003-10-30,0.0,4.6,4.0
2003-10-31,12.2,35.2,28.6
2003-11-01,0.0,1.4,1.2
2003-11-02,1.2,0.0,0.0
2003-11-03,0.0,0.0,0.0
2003-11-04,0.0,1.4,1.2
2003-11-05,0.0,0.0,0.0
2003-11-06,0.0,0.2,0.0
2003-11-07,6.5,0.8,0.0
2003-11-08,0.1,2.8,2.6
2003-11-09,0.0,0.0,0.0
2003-11-10,0.0,2.1,2.0
2003-11-11,0.0,0.0,0.0
2003-11-12,0.0,2.0,2.4
2003-11-13,0.0,0.0,0.0
2003-11-14,0.0,1.1,0.0
2003-11-15,1.0,5.0,4.5
2003-11-16,15.4,38.6,29.5
2003-11-17,0.0,8.1,6.6
2003-11-18,2.6,25.5,15.5
2003-11-19,3.2,19.4,14.5
2003-11-20,4.5,9.3,7.4
2003-11-21,0.1,7.6,4.4
2003-11-22,0.0,1.2,0.0
2003-11-23,0.0,5.6,3.0
2003-11-25,0.5,21.7,17.2
2003-11-26,0.0,9.0,5.3
2003-11-28,0.2,0.0,0.0
2003-11-29,3.8,15.1,9.3
2003-11-30,0.0,3.6,1.7
2003-12-01,1.0,8.8,6.2
2003-12-02,0.0,8.2,5.6
2003-12-03,1.3,4.1,2.1
2003-12-04,2.5,9.3,6.6
2003-12-05,6.1,24.1,21.9
2003-12-06,0.0,2.5,1.0
2003-12-07,5.8,1.4,0.0
2003-12-08,8.6,13.1,10.1
2003-12-09,1.0,9.4,6.7
2003-12-10,0.0,3.2,1.3
2003-12-11,1.7,2.8,1.0
2003-12-12,3.5,28.2,16.6
2003-12-13,0.0,2.2,1.0
2003-12-14,0.0,0.2,0.0
2003-12-15,0.0,1.6,0.0
2003-12-16,1.0,27.0,15.4
2003-12-17,18.9,54.7,37.8
2003-12-18,0.7,8.1,3.8
2003-12-19,10.7,41.5,26.6
2003-12-20,11.7,18.0,9.7
2003-12-21,28.1,2.2,1.0
2003-12-22,5.3,7.4,3.7
2003-12-23,0.0,6.5,3.2
2003-12-24,20.3,42.3,28.2
2003-12-25,0.0,6.2,3.0
2003-12-26,94.9,56.1,40.2
2003-12-27,45.0,62.1,44.9
2003-12-28,0.0,8.1,4.2
2003-12-29,0.0,1.0,0.0
2003-12-30,0.0,0.5,0.0
2003-12-31,14.8,0.2,0.0
2004-01-01,0.1,13.4,9.4
2004-01-02,72.8,64.2,50.0
2004-01-03,10.5,15.0,10.5
2004-01-04,16.4,5.8,4.0
2004-01-05,2.3,6.4,4.4
2004-01-06,49.6,57.7,45.2
2004-01-07,41.5,13.4,9.4
2004-01-08,16.8,3.4,2.3
2004-01-09,0.0,11.4,8.0
2004-01-10,0.2,6.2,4.3
2004-01-11,2.8,6.3,3.2
2004-01-12,6.0,18.4,12.5
2004-01-13,52.2,6.4,3.3
2004-01-14,11.6,2.4,1.0
2004-01-15,0.0,0.5,0.0
2004-01-16,0.0,3.1,1.0
2004-01-17,52.7,10.5,6.4
2004-01-18,4.4,11.6,7.3
2004-01-19,2.5,4.1,1.6
2004-01-20,33.1,9.2,5.4
2004-01-21,0.1,6.2,2.8
2004-01-22,0.8,0.8,0.0
2004-01-23,66.0,43.1,32.9
2004-01-24,67.0,15.4,9.1
2004-01-25,2.3,21.5,13.5
2004-01-26,0.4,12.3,6.9
2004-01-28,4.0,5.0,2.0
2004-01-29,2.3,17.0,10.2
2004-01-30,12.7,55.6,46.5
2004-01-31,53.2,70.3,60.1
2004-02-02,0.0,39.8,34.4
2004-02-03,26.6,178.1,75.4
2004-02-04,0.8,18.0,12.0
2004-02-05,4.7,21.8,15.1
2004-02-06,1.4,6.5,3.2
2004-02-07,6.4,11.5,7.0
2004-02-08,20.6,21.0,14.4
2004-02-09,48.6,36.9,30.0
2004-02-10,1.2,8.9,5.0
2004-02-11,1.5,66.1,63.4
2004-02-13,0.3,4.5,1.9
2004-02-14,0.0,4.1,1.6
2004-02-15,0.3,16.3,11.8
2004-02-16,37.8,63.1,60.8
2004-02-17,20.1,28.0,21.7
2004-02-18,4.7,21.8,16.6
2004-02-19,17.2,5.9,3.1
2004-02-21,44.4,29.9,24.0
2004-02-22,0.0,1.8,1.0
2004-02-23,8.3,38.2,32.0
2004-02-24,7.0,8.5,5.3
2004-02-25,0.2,2.8,1.1
2004-02-26,14.2,9.5,6.2
2004-02-27,4.0,8.2,5.1
2004-02-28,2.3,9.5,6.1
2004-02-29,1.0,23.0,18.9
2004-03-01,0.0,2.9,1.0
2004-03-02,6.8,25.4,18.4
2004-03-03,17.0,17.6,11.7
2004-03-04,16.5,32.1,27.4
2004-03-05,0.0,1.5,0.0
2004-03-06,0.2,37.5,28.3
2004-03-07,23.4,25.8,20.3
2004-03-08,19.3,33.2,27.0
2004-03-09,1.0,2.9,1.0
2004-03-10,0.0,4.0,1.0
2004-03-11,0.0,0.3,0.0
2004-03-12,40.7,33.2,27.4
2004-03-13,88.8,33.0,28.6
2004-03-14,2.1,15.0,12.2
2004-03-15,0.0,0.0,0.0
2004-03-16,0.8,3.8,3.3
2004-03-17,34.0,3.2,2.9
2004-03-18,7.7,9.2,7.5
2004-03-19,0.0,0.0,0.0
2004-03-20,0.0,9.8,8.0
2004-03-21,3.2,2.2,1.0
2004-03-22,0.0,0.9,0.0
2004-03-23,26.9,31.8,25.7
2004-03-24,5.5,17.0,12.2
2004-03-25,0.2,7.5,4.6
2004-03-26,33.0,15.1,10.6
2004-03-27,4.8,2.0,1.0
2004-03-28,6.6,1.3,0.0
2004-03-29,5.1,0.2,0.0
2004-03-30,0.0,0.9,0.0
2004-03-31,0.0,0.6,0.0
2004-04-01,0.0,0.1,0.0
2004-04-02,0.0,0.0,0.0
2004-04-03,0.0,0.3,0.0
2004-04-04,1.2,4.6,3.2
2004-04-05,1.4,3.5,2.2
2004-04-06,0.0,0.0,0.0
2004-04-07,0.0,0.0,0.0
2004-04-08,1.8,2.0,1.0
2004-04-09,1.1,4.7,3.2
2004-04-10,0.2,0.5,0.0
2004-04-11,0.0,0.0,0.0
2004-04-12,0.0,0.0,0.0
2004-04-13,53.6,1.6,0.0
2004-04-14,0.0,0.3,0.0
2004-04-15,0.0,0.0,0.0
2004-04-16,1.1,0.1,0.0
2004-04-17,0.0,0.0,0.0
2004-04-18,0.0,0.0,0.0
2004-04-19,0.0,0.0,0.0
2004-04-20,0.0,0.3,0.0
2004-04-21,0.0,2.1,1.0
2004-04-22,11.6,1.7,1.0
2004-04-23,76.8,44.9,47.7
2004-04-24,3.0,1.2,0.0
2004-04-25,0.0,0.3,0.0
2004-04-26,1.0,7.3,4.6
2004-04-27,0.0,0.3,0.0
2004-04-28,57.4,30.7,31.5
2004-04-29,3.8,5.4,3.0
2004-04-30,0.0,4.9,2.6
2004-05-01,0.0,2.5,1.5
2004-05-02,0.0,1.5,1.0
2004-05-03,0.0,4.2,2.7
2004-05-04,0.5,4.5,2.8
2004-05-05,0.0,1.6,1.0
2004-05-06,0.0,0.4,0.0
2004-05-07,1.2,18.4,13.4
2004-05-09,0.0,10.5,7.0
2004-05-10,0.2,0.1,0.0
2004-05-11,0.0,0.0,0.0
2004-05-12,0.0,0.0,0.0
2004-05-13,0.0,0.0,0.0
2004-05-14,1.7,0.0,0.0
2004-05-15,0.0,0.4,0.0
2004-05-17,5.0,5.7,4.2
2004-05-18,10.2,14.6,10.9
2004-05-19,0.0,0.4,0.0
2004-05-20,0.0,0.0,0.0
2004-05-21,0.0,0.4,0.0
2004-05-22,0.0,0.0,0.0
2004-05-23,3.3,3.5,3.2
2004-05-24,3.2,31.7,38.7
2004-05-25,0.0,11.2,11.1
2004-05-26,22.2,4.7,4.4
2004-05-27,0.0,4.4,4.1
2004-05-28,0.0,4.2,3.8
2004-05-29,0.2,0.2,0.0
2004-05-30,0.0,0.0,0.0
2004-05-31,0.0,0.0,0.0
2004-06-01,0.0,0.0,0.0
2004-06-02,0.0,0.0,0.0
2004-06-03,0.0,0.0,0.0
2004-06-04,0.0,0.2,0.0
2004-06-05,0.0,0.6,0.0
2004-06-06,0.0,0.0,0.0
2004-06-07,0.0,0.0,0.0
2004-06-08,0.0,17.2,11.5
2004-06-09,1.7,14.1,9.3
2004-06-10,13.9,58.2,59.1
2004-06-11,12.4,45.6,43.3
2004-06-12,0.4,3.8,3.0
2004-06-13,2.5,3.2,2.6
2004-06-14,0.0,0.0,0.0
2004-06-15,0.0,0.0,0.0
2004-06-16,0.0,0.0,0.0
2004-06-17,0.0,0.0,0.0
2004-06-18,0.0,0.0,0.0
2004-06-19,0.0,0.0,0.0
2004-06-20,0.0,0.0,0.0
2004-06-22,0.0,0.0,0.0
2004-06-23,0.0,0.0,0.0
2004-06-24,7.2,0.0,0.0
2004-06-25,0.0,0.0,0.0
2004-06-26,0.0,0.8,0.0
2004-06-27,0.0,0.9,0.0
2004-06-28,0.0,0.0,0.0
2004-06-29,0.0,0.0,0.0
2004-06-30,0.0,0.0,0.0
2004-07-01,0.2,0.1,0.0
2004-07-02,16.7,3.6,3.4
2004-07-03,6.4,0.0,0.0
2004-07-04,0.2,0.7,0.0
2004-07-05,2.1,2.4,2.0
2004-07-06,26.8,0.3,0.0
2004-07-07,0.0,0.0,0.0
2004-07-08,0.0,0.9,0.0
2004-07-09,0.0,0.0,0.0
2004-07-10,0.0,0.0,0.0
2004-07-11,0.0,0.7,0.0
2004-07-12,0.0,4.4,3.1
2004-07-14,0.0,0.9,0.0
2004-07-15,0.6,1.9,1.0
2004-07-16,3.0,8.6,6.8
2004-07-17,0.0,0.0,0.0
2004-07-18,0.0,0.0,0.0
2004-07-19,0.0,0.0,0.0
2004-07-20,0.0,0.0,0.0
2004-07-21,0.0,0.0,0.0
2004-07-22,0.0,0.0,0.0
2004-07-23,0.0,0.0,0.0
2004-07-24,0.0,0.0,0.0
2004-07-25,0.0,0.0,0.0
2004-07-26,0.0,0.0,0.0
2004-07-27,0.0,0.0,0.0
2004-07-28,0.0,5.7,7.9
2004-07-29,0.0,0.0,0.0
2004-07-30,0.0,0.0,0.0
2004-07-31,0.0,0.0,0.0
2004-08-01,0.0,0.0,0.0
2004-08-02,0.0,0.0,0.0
2004-08-03,0.0,0.0,0.0
2004-08-04,0.0,4.1,3.1
2004-08-05,0.0,0.0,0.0
2004-08-06,0.0,0.0,0.0
2004-08-07,0.0,0.0,0.0
2004-08-08,0.0,0.0,0.0
2004-08-09,0.0,1.0,0.0
2004-08-10,0.0,0.0,0.0
2004-08-11,0.0,0.0,0.0
2004-08-12,0.0,0.0,0.0
2004-08-13,0.0,0.9,0.0
2004-08-14,0.0,0.0,0.0
2004-08-15,0.0,0.0,0.0
2004-08-16,0.0,5.3,3.1
2004-08-17,0.0,0.0,0.0
2004-08-18,0.0,0.0,0.0
2004-08-19,0.0,0.0,0.0
2004-08-20,0.0,0.0,0.0
2004-08-21,0.0,0.0,0.0
2004-08-22,0.0,0.0,0.0
2004-08-23,0.0,0.0,0.0
2004-08-24,0.0,0.0,0.0
2004-08-25,0.0,0.0,0.0
2004-08-26,0.0,0.0,0.0
2004-08-27,0.0,0.0,0.0
2004-08-28,0.0,0.0,0.0
2004-08-29,0.0,0.0,0.0
2004-08-30,0.0,0.0,0.0
2004-08-31,0.0,0.0,0.0
2004-09-01,0.0,0.0,0.0
2004-09-02,0.0,0.0,0.0
2004-09-03,18.1,0.0,0.0
2004-09-04,0.0,0.0,0.0
2004-09-05,0.0,0.0,0.0
2004-09-06,0.0,0.0,0.0
2004-09-07,0.0,0.0,0.0
2004-09-08,0.0,0.0,0.0
2004-09-09,0.0,0.0,0.0
2004-09-10,0.0,0.0,0.0
2004-09-11,0.0,0.3,0.0
2004-09-12,0.0,0.0,0.0
2004-09-13,0.0,7.0,6.7
2004-09-14,0.6,0.0,0.0
2004-09-15,0.0,0.1,0.0
2004-09-16,0.0,0.0,0.0
2004-09-17,0.0,0.2,0.0
2004-09-18,0.0,0.0,0.0
2004-09-19,0.1,22.0,18.4
2004-09-20,0.0,0.0,0.0
2004-09-21,0.8,27.9,27.0
2004-09-22,0.0,0.2,0.0
2004-09-23,0.0,0.0,0.0
2004-09-24,0.0,0.7,0.0
2004-09-25,0.0,0.0,0.0
2004-09-26,0.0,0.0,0.0
2004-09-27,0.0,0.0,0.0
2004-09-28,0.0,0.0,0.0
2004-09-29,0.0,0.0,0.0
2004-09-30,0.0,27.7,26.8
2004-10-01,0.0,1.2,0.0
2004-10-02,0.0,0.0,0.0
2004-10-03,0.0,5.6,5.2
2004-10-04,0.0,0.0,0.0
2004-10-05,0.0,0.0,0.0
2004-10-06,0.0,0.0,0.0
2004-10-07,0.0,0.0,0.0
2004-10-08,0.0,0.0,0.0
2004-10-09,0.0,0.0,0.0
2004-10-10,0.0,0.0,0.0
2004-10-11,0.0,0.0,0.0
2004-10-12,0.0,0.9,0.0
2004-10-13,0.0,0.0,0.0
2004-10-14,0.0,0.0,0.0
2004-10-15,0.0,0.0,0.0
2004-10-16,0.0,0.0,0.0
2004-10-17,0.0,0.0,0.0
2004-10-18,0.0,0.0,0.0
2004-10-19,0.0,0.0,0.0
2004-10-20,0.0,0.0,0.0
2004-10-21,0.0,0.0,0.0
2004-10-22,0.0,2.2,2.2
2004-10-23,0.0,11.9,9.0
2004-10-24,0.0,0.0,0.0
2004-10-25,0.0,0.0,0.0
2004-10-26,0.0,0.0,0.0
2004-10-28,0.0,0.0,0.0
2004-10-29,2.7,15.5,11.5
2004-10-30,0.0,3.7,3.3
2004-10-31,0.0,0.0,0.0
2004-11-01,0.0,0.0,0.0
2004-11-02,0.0,0.0,0.0
2004-11-03,0.0,0.0,0.0
2004-11-04,0.0,0.5,0.0
2004-11-05,0.0,0.0,0.0
2004-11-06,0.0,6.4,6.4
2004-11-07,2.8,1.0,1.0
2004-11-08,0.0,0.0,0.0
2004-11-09,0.0,5.9,5.9
2004-11-10,7.5,11.4,11.7
2004-11-11,0.0,0.5,0.0
2004-11-12,0.0,0.7,0.0
2004-11-13,0.0,0.4,0.0
2004-11-14,0.0,0.1,0.0
2004-11-15,0.0,0.0,0.0
2004-11-16,0.0,0.1,0.0
2004-11-17,0.0,1.1,0.0
2004-11-18,0.0,0.5,0.0
2004-11-19,0.0,1.0,0.0
2004-11-20,0.0,9.0,7.2
2004-11-21,0.0,18.7,12.3
2004-11-22,0.0,6.4,3.6
2004-11-23,1.8,26.1,21.1
2004-11-25,27.6,42.7,41.2
2004-11-26,4.6,6.0,3.3
2004-11-28,1.0,12.2,7.6
2004-11-29,56.2,42.6,43.8
2004-11-30,89.5,41.9,40.2
2004-12-01,10.1,19.1,16.6
2004-12-02,1.5,16.4,13.3
2004-12-03,0.2,11.7,8.8
2004-12-04,0.0,0.0,0.0
2004-12-07,0.0,6.6,4.2
2004-12-08,0.0,7.1,4.6
2004-12-09,0.0,0.7,0.0
2004-12-10,0.0,0.9,0.0
2004-12-11,57.0,77.9,52.1
2004-12-12,3.7,3.6,1.1
2004-12-13,45.6,67.1,45.9
2004-12-14,5.5,9.5,4.6
2004-12-15,0.9,10.1,4.9
2004-12-16,0.0,4.1,1.4
2004-12-17,1.0,3.1,1.0
2004-12-18,0.5,2.0,1.0
2004-12-19,0.0,1.5,0.0
2004-12-20,0.0,5.6,2.3
2004-12-21,2.2,16.8,10.2
2004-12-23,4.3,34.1,21.9
2004-12-24,7.3,38.6,25.8
2004-12-25,43.6,57.7,41.8
2004-12-26,0.0,3.5,1.2
2004-12-27,59.3,30.5,19.8
2004-12-28,16.3,49.1,35.5
2004-12-29,17.3,57.1,41.1
2004-12-30,3.4,4.4,1.8
2004-12-31,0.0,1.3,0.0
2005-01-01,4.0,0.7,0.0
2005-01-02,0.0,0.2,0.0
2005-01-03,0.0,5.0,3.4
2005-01-04,11.4,14.8,10.4
2005-01-05,28.9,37.4,28.5
2005-01-06,0.0,5.1,3.5
2005-01-07,1.8,14.2,9.9
2005-01-08,0.0,1.0,0.0
2005-01-09,8.5,0.5,0.0
2005-01-11,15.9,3.2,1.0
2005-01-12,12.6,2.3,1.0
2005-01-13,0.2,0.7,0.0
2005-01-14,4.9,18.8,12.8
2005-01-15,0.0,0.1,0.0
2005-01-16,78.9,80.1,74.8
2005-01-17,0.2,8.6,5.0
2005-01-18,0.3,29.5,21.6
2005-01-19,1.5,8.1,4.6
2005-01-20,2.3,8.4,4.8
2005-01-21,29.4,11.6,6.4
2005-01-22,0.0,0.2,0.0
2005-01-23,9.5,0.0,0.0
2005-01-24,1.5,0.1,0.0
2005-01-25,0.0,0.0,0.0
2005-01-26,9.7,23.0,14.6
2005-01-27,34.5,20.2,12.5
2005-01-29,9.5,3.4,1.1
2005-01-30,13.4,2.8,1.0
2005-02-01,0.0,0.2,0.0
2005-02-02,2.8,0.4,0.0
2005-02-03,19.0,30.6,24.4
2005-02-04,0.8,0.0,0.0
2005-02-05,1.4,5.6,2.6
2005-02-06,16.1,11.0,6.6
2005-02-07,44.5,67.1,55.2
2005-02-08,0.0,6.8,3.5
2005-02-09,2.3,16.1,10.5
2005-02-10,4.3,22.0,15.2
2005-02-11,3.4,16.1,11.7
2005-02-12,2.0,2.4,1.0
2005-02-13,0.0,2.2,1.0
2005-02-14,2.4,0.4,0.0
2005-02-15,0.0,1.9,0.0
2005-02-16,0.0,7.0,4.0
2005-02-17,0.0,0.1,0.0
2005-02-18,0.0,1.1,0.0
2005-02-19,1.3,15.7,11.3
2005-02-20,69.5,85.6,79.9
2005-02-21,7.0,22.6,16.9
2005-02-22,2.6,3.7,1.7
2005-02-23,0.1,3.6,1.6
2005-02-24,0.0,46.7,38.7
2005-02-25,0.0,1.5,1.0
2005-02-26,0.4,2.0,1.0
2005-02-27,0.0,9.9,6.5
2005-02-28,0.0,1.0,0.0
2005-03-01,0.0,0.9,0.0
2005-03-02,8.1,17.4,11.5
2005-03-03,18.7,43.0,35.3
2005-03-04,42.7,53.3,46.1
2005-03-05,38.1,14.1,8.8
2005-03-06,0.0,3.0,1.0
2005-03-07,37.0,12.6,7.5
2005-03-08,5.8,25.5,18.5
2005-03-09,1.5,8.8,4.4
2005-03-10,0.0,4.7,1.3
2005-03-11,17.1,1.2,0.0
2005-03-12,59.5,8.0,6.5
2005-03-13,15.5,1.1,0.0
2005-03-14,0.0,0.2,0.0
2005-03-15,0.0,23.0,16.2
2005-03-16,0.0,1.9,1.9
2005-03-18,0.0,0.3,0.0
2005-03-19,1.0,5.5,4.6
2005-03-20,0.0,0.2,0.0
2005-03-21,19.0,20.4,16.3
2005-03-22,2.5,1.8,1.0
2005-03-23,21.8,3.8,1.8
2005-03-24,0.0,0.9,0.0
2005-03-25,1.2,13.7,9.5
2005-03-26,6.6,14.2,9.9
2005-03-27,0.0,2.5,1.0
2005-03-28,23.5,6.5,3.8
2005-03-29,3.5,7.0,4.2
2005-03-30,0.0,4.5,2.3
2005-03-31,8.6,53.0,48.8
2005-04-01,0.0,10.2,8.2
2005-04-02,0.0,10.7,8.6
2005-04-03,5.3,20.0,18.2
2005-04-04,22.6,28.5,35.0
2005-04-05,0.0,1.8,1.0
2005-04-06,0.0,0.9,0.0
2005-04-07,0.0,5.9,4.3
2005-04-08,0.0,0.2,0.0
2005-04-09,0.0,2.3,1.3
2005-04-11,5.5,1.0,0.0
2005-04-12,0.0,2.1,1.8
2005-04-13,12.1,60.8,45.6
2005-04-14,0.0,0.8,0.0
2005-04-15,1.9,0.6,0.0
2005-04-16,0.0,0.8,0.0
2005-04-17,0.0,0.0,0.0
2005-04-18,0.0,0.8,0.0
2005-04-19,34.0,31.5,20.7
2005-04-20,0.0,0.1,0.0
2005-04-21,39.1,24.2,23.6
2005-04-22,0.0,2.1,1.0
2005-04-23,1.8,8.0,5.2
2005-04-25,47.3,0.0,0.0
2005-04-26,0.0,4.6,2.3
2005-04-27,0.0,0.0,0.0
2005-04-28,1.0,8.3,5.5
2005-04-29,9.0,4.2,2.0
2005-04-30,33.6,3.6,1.5
2005-05-01,35.8,3.7,2.3
2005-05-02,18.0,4.3,2.8
2005-05-03,0.0,0.0,0.0
2005-05-04,0.0,0.1,0.0
2005-05-05,1.2,3.2,2.0
2005-05-06,0.0,2.9,1.7
2005-05-07,0.0,1.9,1.0
2005-05-08,0.0,0.0,0.0
2005-05-09,0.0,0.0,0.0
2005-05-10,0.0,0.0,0.0
2005-05-11,0.0,1.3,0.0
2005-05-12,0.8,17.1,13.2
2005-05-13,0.0,0.4,0.0
2005-05-14,0.0,0.0,0.0
2005-05-15,0.0,0.0,0.0
2005-05-16,0.0,0.0,0.0
2005-05-17,0.0,0.0,0.0
2005-05-18,0.0,0.0,0.0
2005-05-19,0.0,0.0,0.0
2005-05-20,0.0,0.0,0.0
2005-05-21,2.9,0.0,0.0
2005-05-22,25.7,3.9,3.5
2005-05-24,0.0,0.0,0.0
2005-05-25,1.2,8.0,7.7
2005-05-26,0.0,1.0,1.0
2005-05-27,0.0,0.0,0.0
2005-05-28,0.0,0.0,0.0
2005-05-29,0.0,0.0,0.0
2005-05-30,6.6,4.2,3.9
2005-05-31,0.0,0.0,0.0
2005-06-01,0.0,0.0,0.0
2005-06-02,61.0,0.3,0.0
2005-06-03,0.0,0.1,0.0
2005-06-04,0.0,0.0,0.0
2005-06-05,0.0,0.5,0.0
2005-06-06,11.7,22.2,16.7
2005-06-07,0.0,0.4,0.0
2005-06-09,0.0,0.0,0.0
2005-06-10,0.0,0.0,0.0
2005-06-11,0.0,0.0,0.0
2005-06-12,0.0,3.1,2.5
2005-06-13,0.0,9.3,6.8
2005-06-14,16.8,48.2,47.7
2005-06-15,17.6,34.5,29.4
2005-06-16,0.0,8.6,6.6
2005-06-17,0.0,1.5,1.5
2005-06-18,0.0,2.3,2.0
2005-06-19,0.0,2.9,2.4
2005-06-20,0.0,2.3,2.0
2005-06-21,0.6,2.8,2.0
2005-06-22,35.0,21.5,15.8
2005-06-23,0.0,12.0,8.6
2005-06-24,0.0,11.5,7.9
2005-06-25,0.0,0.0,0.0
2005-06-26,0.0,0.0,0.0
2005-06-27,0.0,0.0,0.0
2005-06-28,0.0,1.1,0.0
2005-06-29,0.0,8.4,6.3
2005-06-30,13.5,3.3,2.3
2005-07-01,0.1,0.0,0.0
2005-07-02,0.0,0.0,0.0
2005-07-03,0.0,0.0,0.0
2005-07-04,0.0,0.1,0.0
2005-07-05,0.0,0.5,0.0
2005-07-06,1.3,7.1,6.7
2005-07-07,0.2,8.6,7.7
2005-07-08,6.5,0.3,0.0
2005-07-09,0.0,2.2,2.2
2005-07-10,4.6,7.6,7.1
2005-07-11,0.0,10.4,7.6
2005-07-12,0.7,8.2,6.2
2005-07-13,13.0,4.9,3.4
2005-07-14,0.0,0.8,0.0
2005-07-15,0.0,14.1,11.2
2005-07-16,0.0,4.2,3.5
2005-07-17,25.6,20.5,15.8
2005-07-18,0.0,0.1,0.0
2005-07-19,0.0,0.0,0.0
2005-07-20,0.0,0.0,0.0
2005-07-21,0.0,0.0,0.0
2005-07-22,0.0,0.1,0.0
2005-07-23,0.0,0.0,0.0
2005-07-24,0.0,0.0,0.0
2005-07-25,0.0,0.0,0.0
2005-07-26,0.0,0.1,0.0
2005-07-27,0.0,0.3,0.0
2005-07-28,0.0,1.1,3.6
2005-07-29,0.0,0.0,0.0
2005-07-30,0.0,0.0,0.0
2005-07-31,0.0,0.0,0.0
2005-08-01,3.2,4.0,3.1
2005-08-03,0.0,0.5,0.0
2005-08-04,0.0,0.0,0.0
2005-08-05,0.0,0.0,0.0
2005-08-06,0.0,0.0,0.0
2005-08-07,0.0,0.0,0.0
2005-08-08,0.0,0.0,0.0
2005-08-09,0.0,0.0,0.0
2005-08-10,0.1,0.0,0.0
2005-08-11,0.0,5.0,5.3
2005-08-12,69.5,0.8,0.0
2005-08-13,0.0,0.0,0.0
2005-08-14,0.0,0.0,0.0
2005-08-15,0.0,0.7,0.0
2005-08-16,0.0,0.0,0.0
2005-08-17,0.0,0.0,0.0
2005-08-18,0.0,0.2,0.0
2005-08-19,0.0,0.6,0.0
2005-08-20,0.0,0.6,0.0
2005-08-21,1.5,0.0,0.0
2005-08-22,0.5,0.0,0.0
2005-08-23,0.0,0.4,0.0
2005-08-24,0.0,0.1,0.0
2005-08-25,0.0,0.1,0.0
2005-08-26,0.0,0.0,0.0
2005-08-27,0.0,0.4,0.0
2005-08-28,0.0,0.0,0.0
2005-08-29,0.0,0.0,0.0
2005-08-30,0.0,0.0,0.0
2005-08-31,0.0,0.0,0.0
2005-09-01,0.0,0.0,0.0
2005-09-02,0.0,0.0,0.0
2005-09-03,0.0,0.0,0.0
2005-09-04,0.0,0.0,0.0
2005-09-05,0.0,0.0,0.0
2005-09-06,0.0,0.0,0.0
2005-09-07,0.0,0.0,0.0
2005-09-08,0.0,0.2,0.0
2005-09-09,0.0,3.8,3.7
2005-09-10,0.0,0.0,0.0
2005-09-11,0.0,1.8,2.6
2005-09-12,0.0,0.0,0.0
2005-09-13,9.0,0.0,0.0
2005-09-14,0.0,0.0,0.0
2005-09-15,0.0,0.0,0.0
2005-09-16,0.0,0.0,0.0
2005-09-17,0.0,1.1,2.0
2005-09-18,52.1,73.9,100.1
2005-09-19,7.0,24.3,20.9
2005-09-20,0.0,0.1,0.0
2005-09-21,0.0,0.0,0.0
2005-09-22,0.0,0.0,0.0
2005-09-23,1.8,0.0,0.0
2005-09-24,2.0,0.0,0.0
2005-09-25,0.0,0.0,0.0
2005-09-26,0.1,16.8,11.6
2005-09-27,0.4,0.0,0.0
2005-09-28,0.0,0.0,0.0
2005-09-29,0.0,6.7,4.3
2005-09-30,0.0,1.7,1.0
2005-10-01,0.0,0.1,0.0
2005-10-02,0.0,0.0,0.0
2005-10-03,0.0,0.0,0.0
2005-10-04,0.0,0.0,0.0
2005-10-05,0.0,0.0,0.0
2005-10-06,0.0,0.0,0.0
2005-10-07,0.0,0.0,0.0
2005-10-08,0.0,0.0,0.0
2005-10-09,0.0,0.0,0.0
2005-10-10,0.0,0.0,0.0
2005-10-11,0.0,5.6,3.5
2005-10-12,0.0,4.8,3.2
2005-10-13,0.0,0.0,0.0
2005-10-14,0.2,17.9,12.9
2005-10-15,0.0,2.6,1.8
2005-10-16,0.0,16.8,12.2
2005-10-17,0.0,27.0,19.0
2005-10-18,0.2,6.8,5.1
2005-10-19,0.0,39.5,37.3
2005-10-20,0.0,5.8,4.1
2005-10-21,1.3,39.2,32.4
2005-10-22,1.6,26.3,18.1
2005-10-23,13.4,18.3,14.0
2005-10-24,14.3,13.3,10.6
2005-10-25,0.0,0.3,0.0
2005-10-26,0.0,0.0,0.0
2005-10-27,0.0,13.0,10.2
2005-10-28,1.7,1.7,1.9
2005-10-29,0.0,1.4,1.7
2005-10-30,0.0,3.9,3.5
2005-10-31,31.1,18.6,14.1
2005-11-01,2.2,0.6,0.0
2005-11-02,0.0,1.6,1.4
2005-11-03,0.0,0.1,0.0
2005-11-04,0.0,0.0,0.0
2005-11-05,0.0,0.0,0.0
2005-11-06,0.0,2.0,1.8
2005-11-07,0.0,1.0,0.0
2005-11-08,0.0,0.0,0.0
2005-11-09,0.0,0.0,0.0
2005-11-10,0.0,1.5,1.3
2005-11-11,0.0,0.0,0.0
2005-11-12,0.0,0.0,0.0
2005-11-13,0.0,0.0,0.0
2005-11-14,0.0,0.0,0.0
2005-11-15,0.0,0.0,0.0
2005-11-16,0.0,0.0,0.0
2005-11-17,0.0,0.0,0.0
2005-11-18,0.0,0.8,0.0
2005-11-19,12.8,15.2,11.4
2005-11-20,15.2,11.9,9.2
2005-11-21,0.0,2.2,1.0
2005-11-22,0.0,0.1,0.0
2005-11-23,0.7,1.2,0.0
2005-11-24,8.2,47.4,45.1
2005-11-25,2.1,25.6,20.7
2005-11-26,0.9,2.2,1.0
2005-11-27,0.0,3.3,1.5
2005-11-28,0.0,0.0,0.0
2005-11-29,0.5,1.3,0.0
2005-11-30,6.9,6.7,3.7
2005-12-01,0.0,0.8,0.0
2005-12-02,0.6,17.7,14.8
2005-12-03,0.0,2.6,1.0
2005-12-04,0.0,1.4,0.0
2005-12-05,0.0,0.6,0.0
2005-12-06,0.0,2.7,1.0
2005-12-07,0.3,19.6,17.1
2005-12-08,0.2,3.7,1.7
2005-12-09,2.0,6.7,4.2
2005-12-10,0.0,1.9,1.0
2005-12-11,0.0,19.4,10.6
2005-12-12,0.2,13.4,6.9
2005-12-13,0.0,6.0,2.5
2005-12-14,1.5,19.6,10.7
2005-12-15,2.5,43.1,28.1
2005-12-16,0.7,35.0,20.8
2005-12-17,42.0,35.4,21.2
2005-12-18,7.5,24.7,13.9
2005-12-19,12.5,28.5,17.3
2005-12-20,8.6,53.8,36.6
2005-12-21,18.4,38.9,26.2
2005-12-22,34.6,35.3,23.5
2005-12-23,35.6,47.8,34.2
2005-12-24,0.0,0.2,0.0
2005-12-25,3.8,22.2,13.9
2005-12-26,0.5,16.5,10.0
2005-12-27,0.4,32.9,21.6
2005-12-28,25.6,34.6,24.0
2005-12-29,43.6,20.9,13.0
2005-12-30,25.5,73.7,56.4
2005-12-31,72.6,23.3,14.7
2006-01-01,7.2,6.7,4.6
2006-01-02,78.6,37.0,27.5
2006-01-03,5.8,11.9,8.3
2006-01-04,21.3,19.1,13.5
2006-01-05,0.0,19.5,13.8
2006-01-06,11.5,23.5,16.6
2006-01-07,17.1,14.6,10.2
2006-01-08,0.5,7.7,5.4
2006-01-09,0.0,3.5,2.4
2006-01-10,0.0,5.6,3.8
2006-01-11,11.2,6.5,3.4
2006-01-12,1.1,1.2,0.0
2006-01-13,9.4,37.2,27.7
2006-01-14,23.3,104.4,101.1
2006-01-15,24.7,77.4,70.2
2006-01-16,10.5,26.3,18.7
2006-01-17,0.0,7.5,4.1
2006-01-18,40.5,27.2,19.4
2006-01-19,7.8,26.4,18.8
2006-01-20,0.0,1.2,0.0
2006-01-21,0.0,8.1,4.1
2006-01-22,0.0,2.2,1.0
2006-01-23,3.6,13.0,7.4
2006-01-24,7.8,23.2,14.8
2006-01-25,0.0,6.5,3.0
2006-01-26,2.0,11.2,6.1
2006-01-27,41.1,97.7,82.1
2006-01-28,76.1,77.9,66.2
2006-01-29,1.1,3.5,1.1
2006-01-30,1.9,1.3,0.0
2006-01-31,43.5,15.1,8.9
2006-02-01,4.0,16.9,11.1
2006-02-02,3.6,14.7,9.4
2006-02-03,35.8,34.0,27.0
2006-02-04,27.0,20.4,13.9
2006-02-05,7.4,23.6,16.5
2006-02-06,32.2,8.3,4.6
2006-02-07,2.1,12.1,7.4
2006-02-08,6.7,1.0,0.0
2006-02-09,15.7,0.2,0.0
2006-02-10,13.4,12.1,7.4
2006-02-11,0.8,0.5,0.0
2006-02-12,0.0,0.3,0.0
2006-02-13,16.3,2.4,1.0
2006-02-14,0.0,0.1,0.0
2006-02-15,0.0,1.0,0.0
2006-02-16,0.0,4.9,2.3
2006-02-17,5.2,21.0,16.0
2006-02-18,0.0,19.8,14.9
2006-02-19,1.9,1.1,0.0
2006-02-20,0.5,9.3,5.9
2006-02-21,1.6,12.6,8.5
2006-02-22,18.5,38.7,32.1
2006-02-23,1.0,9.1,5.9
2006-02-24,0.0,21.9,15.8
2006-02-25,34.5,139.2,86.9
2006-02-26,4.8,16.5,11.6
2006-02-27,21.0,6.5,3.9
2006-02-28,0.0,6.1,3.5
2006-03-01,0.0,4.1,1.0
2006-03-02,0.0,0.1,0.0
2006-03-03,0.7,36.0,29.2
2006-03-04,89.6,7.0,3.1
2006-03-05,0.0,0.9,0.0
2006-03-06,5.2,7.9,3.8
2006-03-07,14.6,15.7,10.1
2006-03-08,0.0,5.1,1.6
2006-03-09,0.0,0.2,0.0
2006-03-10,0.0,1.0,0.0
2006-03-11,17.6,14.3,11.5
2006-03-12,0.0,0.0,0.0
2006-03-13,17.7,17.1,13.8
2006-03-14,2.4,56.9,53.1
2006-03-15,0.5,19.3,14.9
2006-03-16,0.0,0.5,0.0
2006-03-17,13.8,12.1,9.8
2006-03-18,1.6,11.0,9.0
2006-03-19,4.0,25.5,19.3
2006-03-20,58.5,42.1,37.9
2006-03-21,0.0,4.1,2.0
2006-03-22,11.6,24.3,18.9
2006-03-23,25.0,12.3,8.4
2006-03-24,12.1,44.6,39.1
2006-03-25,9.2,3.0,1.3
2006-03-26,2.5,0.1,0.0
2006-03-27,0.0,0.3,0.0
2006-03-28,10.6,33.1,27.5
2006-03-29,0.7,4.9,2.6
2006-03-30,9.0,25.3,19.2
2006-03-31,11.1,23.8,18.4
2006-04-01,0.0,12.6,10.4
2006-04-02,5.0,23.1,24.6
2006-04-03,13.4,40.7,50.1
2006-04-04,73.7,6.3,4.6
2006-04-05,0.0,2.7,1.6
2006-04-06,0.0,0.5,0.0
2006-04-07,73.5,24.8,29.3
2006-04-08,23.2,15.6,14.0
2006-04-09,0.0,0.3,0.0
2006-04-10,0.0,5.8,4.2
2006-04-11,0.0,2.5,2.1
2006-04-12,0.0,0.6,0.0
2006-04-13,0.0,1.0,0.0
2006-04-14,2.5,9.7,6.5
2006-04-15,0.5,8.1,5.5
2006-04-16,0.5,0.5,0.0
2006-04-17,0.0,1.1,0.0
2006-04-18,0.0,1.3,0.0
2006-04-19,14.5,20.0,12.8
2006-04-20,0.0,2.9,2.3
2006-04-21,0.0,10.1,7.1
2006-04-22,0.0,0.6,0.0
2006-04-23,0.0,0.3,0.0
2006-04-24,2.7,9.1,6.1
2006-04-25,1.0,0.4,0.0
2006-04-26,0.0,0.0,0.0
2006-04-27,0.0,0.1,0.0
2006-04-28,0.0,0.0,0.0
2006-04-29,1.7,9.9,6.9
2006-04-30,23.5,17.9,13.8
2006-05-01,0.0,2.6,1.5
2006-05-02,0.0,3.8,2.4
2006-05-03,0.0,1.8,1.0
2006-05-04,0.0,0.1,0.0
2006-05-05,0.0,2.2,1.3
2006-05-06,4.1,4.4,2.8
2006-05-07,20.8,3.1,1.9
2006-05-08,6.2,0.2,0.0
2006-05-09,0.0,0.0,0.0
2006-05-10,0.0,0.0,0.0
2006-05-11,6.8,0.9,0.0
2006-05-12,0.0,0.3,0.0
2006-05-13,0.0,0.0,0.0
2006-05-14,0.0,0.0,0.0
2006-05-15,0.0,0.0,0.0
2006-05-16,0.0,10.0,7.1
2006-05-17,0.0,0.0,0.0
2006-05-18,0.0,2.1,1.5
2006-05-19,11.3,19.3,15.7
2006-05-20,0.3,2.2,1.6
2006-05-21,16.9,40.2,48.5
2006-05-22,10.7,41.0,49.7
2006-05-23,0.1,12.5,12.1
2006-05-24,0.0,0.3,0.0
2006-05-25,0.0,0.0,0.0
2006-05-26,0.0,1.1,1.0
2006-05-27,89.8,24.7,28.2
2006-05-28,0.6,5.6,5.3
2006-05-29,0.0,4.9,4.6
2006-05-30,0.0,0.0,0.0
2006-05-31,0.0,2.3,2.0
2006-06-01,0.0,0.6,0.0
2006-06-02,0.0,4.3,1.7
2006-06-03,0.0,5.0,2.2
2006-06-04,0.0,1.0,0.0
2006-06-05,0.0,2.1,1.0
2006-06-06,0.0,1.8,1.0
2006-06-07,12.6,12.2,7.5
2006-06-08,0.0,0.3,0.0
2006-06-09,0.0,0.5,0.0
2006-06-10,0.0,0.0,0.0
2006-06-11,0.0,0.0,0.0
2006-06-12,0.0,0.5,0.0
2006-06-13,0.0,1.2,0.0
2006-06-14,0.0,0.0,0.0
2006-06-15,0.0,0.0,0.0
2006-06-16,0.0,0.1,0.0
2006-06-17,0.0,0.0,0.0
2006-06-18,0.0,0.0,0.0
2006-06-19,0.0,0.0,0.0
2006-06-20,0.0,0.1,0.0
2006-06-21,0.1,0.5,0.0
2006-06-22,0.0,0.2,0.0
2006-06-23,0.0,0.0,0.0
2006-06-24,0.0,0.0,0.0
2006-06-25,0.0,0.0,0.0
2006-06-26,0.0,0.0,0.0
2006-06-27,0.0,0.0,0.0
2006-06-28,0.0,0.0,0.0
2006-06-29,0.0,0.0,0.0
2006-06-30,0.0,0.0,0.0
2006-07-01,0.0,0.0,0.0
2006-07-02,0.0,0.0,0.0
2006-07-03,0.0,0.0,0.0
2006-07-04,0.0,0.0,0.0
2006-07-05,0.0,0.0,0.0
2006-07-06,0.0,0.0,0.0
2006-07-07,0.0,0.0,0.0
2006-07-08,0.0,0.0,0.0
2006-07-09,0.0,0.0,0.0
2006-07-10,0.0,0.0,0.0
2006-07-11,0.0,0.0,0.0
2006-07-12,0.0,0.0,0.0
2006-07-13,0.0,0.0,0.0
2006-07-14,0.0,0.6,0.0
2006-07-15,0.0,0.0,0.0
2006-07-16,0.0,0.0,0.0
2006-07-17,0.0,0.2,0.0
2006-07-18,0.0,0.0,0.0
2006-07-19,0.0,0.0,0.0
2006-07-20,0.0,0.2,0.0
2006-07-21,0.0,3.1,5.5
2006-07-22,0.0,1.0,3.8
2006-07-23,0.0,0.0,0.0
2006-07-24,0.0,0.0,0.0
2006-07-25,0.0,0.0,0.0
2006-07-26,0.0,0.0,0.0
2006-07-27,0.0,0.0,0.0
2006-07-28,0.0,0.0,0.0
2006-07-29,0.0,0.0,0.0
2006-07-30,0.0,0.0,0.0
2006-07-31,0.0,0.0,0.0
2006-08-01,0.0,0.0,0.0
2006-08-02,0.0,0.0,0.0
2006-08-03,0.0,0.0,0.0
2006-08-04,0.0,0.0,0.0
2006-08-05,0.0,0.0,0.0
2006-08-06,0.0,0.0,0.0
2006-08-07,0.0,0.0,0.0
2006-08-08,0.0,0.2,0.0
2006-08-09,0.0,0.0,0.0
2006-08-10,0.0,0.0,0.0
2006-08-11,0.0,0.0,0.0
2006-08-12,0.0,0.0,0.0
2006-08-13,0.0,0.0,0.0
2006-08-14,0.0,0.0,0.0
2006-08-15,0.0,0.9,0.0
2006-08-16,0.0,0.0,0.0
2006-08-17,0.0,0.0,0.0
2006-08-18,0.0,0.0,0.0
2006-08-19,0.0,0.0,0.0
2006-08-20,0.0,0.0,0.0
2006-08-21,0.0,0.0,0.0
2006-08-22,0.0,0.0,0.0
2006-08-23,0.0,0.0,0.0
2006-08-24,4.5,0.1,0.0
2006-08-25,0.0,0.0,0.0
2006-08-26,0.0,0.0,0.0
2006-08-27,0.0,0.0,0.0
2006-08-28,0.0,0.0,0.0
2006-08-29,0.0,0.0,0.0
2006-08-30,0.0,0.1,0.0
2006-08-31,0.0,0.0,0.0
2006-09-01,0.0,0.0,0.0
2006-09-02,0.0,0.0,0.0
2006-09-03,0.0,0.0,0.0
2006-09-04,0.0,0.0,0.0
2006-09-05,0.0,0.0,0.0
2006-09-06,0.0,0.3,0.0
2006-09-07,0.0,0.0,0.0
2006-09-08,0.0,0.0,0.0
2006-09-09,0.0,0.0,0.0
2006-09-10,0.0,0.0,0.0
2006-09-11,0.0,0.0,0.0
2006-09-12,0.0,0.0,0.0
2006-09-13,0.0,0.6,0.0
2006-09-14,0.0,0.0,0.0
2006-09-15,0.0,1.1,2.0
2006-09-16,0.0,0.0,0.0
2006-09-17,0.0,0.0,0.0
2006-09-18,0.0,0.0,0.0
2006-09-19,0.0,0.0,0.0
2006-09-20,0.0,0.0,0.0
2006-09-21,0.0,0.0,0.0
2006-09-22,0.0,0.0,0.0
2006-09-23,0.0,0.0,0.0
2006-09-24,0.0,0.0,0.0
2006-09-25,0.0,0.0,0.0
2006-09-26,0.0,0.0,0.0
2006-09-27,0.0,0.0,0.0
2006-09-28,0.0,0.0,0.0
2006-09-29,0.0,0.0,0.0
2006-09-30,0.0,0.0,0.0
2006-10-01,0.0,0.0,0.0
2006-10-02,0.0,0.0,0.0
2006-10-03,0.0,0.0,0.0
2006-10-04,0.0,0.0,0.0
2006-10-05,0.0,0.3,0.0
2006-10-06,0.0,0.0,0.0
2006-10-07,0.0,0.5,0.0
2006-10-08,0.0,0.0,0.0
2006-10-09,0.0,0.0,0.0
2006-10-10,0.0,0.0,0.0
2006-10-11,0.0,0.0,0.0
2006-10-12,0.0,0.0,0.0
2006-10-13,0.0,0.0,0.0
2006-10-14,0.0,0.0,0.0
2006-10-15,0.0,0.0,0.0
2006-10-16,0.0,0.8,0.0
2006-10-17,0.0,0.0,0.0
2006-10-18,0.0,0.0,0.0
2006-10-19,0.0,0.0,0.0
2006-10-20,0.0,0.0,0.0
2006-10-21,0.0,0.0,0.0
2006-10-22,0.0,0.0,0.0
2006-10-23,0.0,0.0,0.0
2006-10-24,0.0,0.0,0.0
2006-10-25,0.0,0.0,0.0
2006-10-26,0.0,0.0,0.0
2006-10-27,0.0,0.0,0.0
2006-10-28,0.0,0.0,0.0
2006-10-29,0.0,0.0,0.0
2006-10-30,0.0,0.0,0.0
2006-10-31,0.0,0.0,0.0
2006-11-01,0.0,0.0,0.0
2006-11-02,0.0,0.0,0.0
2006-11-03,0.0,2.7,2.5
2006-11-04,0.0,1.1,1.0
2006-11-05,0.0,0.0,0.0
2006-11-06,0.0,7.3,7.3
2006-11-07,0.0,14.6,14.5
2006-11-08,21.2,2.2,2.0
2006-11-09,0.0,0.1,0.0
2006-11-10,0.0,0.5,0.0
2006-11-11,0.0,0.5,0.0
2006-11-12,0.0,0.0,0.0
2006-11-13,0.0,0.0,0.0
2006-11-14,0.0,0.8,0.0
2006-11-15,0.0,0.0,0.0
2006-11-16,0.0,0.5,0.0
2006-11-17,0.0,0.0,0.0
2006-11-18,0.0,0.0,0.0
2006-11-19,0.0,0.0,0.0
2006-11-20,0.0,2.2,2.5
2006-11-21,0.0,1.9,1.0
2006-11-22,0.0,0.8,0.0
2006-11-23,65.5,43.1,42.4
2006-11-24,20.3,33.2,29.9
2006-11-25,0.5,0.0,0.0
2006-11-26,0.0,7.0,4.0
2006-11-27,0.0,0.5,0.0
2006-11-28,0.0,0.0,0.0
2006-11-29,0.0,3.1,1.3
2006-11-30,0.7,0.1,0.0
2006-12-01,0.0,3.0,1.1
2006-12-02,20.1,3.0,1.2
2006-12-03,9.2,0.2,0.0
2006-12-04,18.8,33.3,33.3
2006-12-05,19.8,0.7,0.0
2006-12-06,0.0,0.5,0.0
2006-12-07,1.4,11.1,8.3
2006-12-08,0.0,2.0,1.0
2006-12-09,0.0,1.3,0.0
2006-12-10,0.0,0.0,0.0
2006-12-11,16.1,4.1,1.4
2006-12-12,0.2,4.8,1.8
2006-12-13,1.5,52.0,36.7
2006-12-14,0.0,0.5,0.0
2006-12-15,0.0,0.9,0.0
2006-12-16,0.0,9.5,4.6
2006-12-17,0.0,6.3,2.7
2006-12-18,1.0,15.9,8.5
2006-12-19,0.0,3.4,1.0
2006-12-20,0.0,7.8,3.6
2006-12-21,2.8,7.6,3.9
2006-12-22,1.0,12.2,7.0
2006-12-23,1.0,8.7,4.6
2006-12-24,67.7,95.9,87.0
2006-12-25,34.0,93.6,81.3
2006-12-26,39.5,34.9,26.0
2006-12-27,0.0,3.8,1.5
2006-12-28,18.7,71.5,57.4
2006-12-29,0.2,15.0,8.9
2006-12-30,1.0,6.1,2.9
2006-12-31,0.0,10.2,5.6
2007-01-01,0.0,2.5,1.7
2007-01-02,0.0,2.0,1.3
2007-01-03,0.0,1.3,0.0
2007-01-04,0.0,0.3,0.0
2007-01-05,0.0,5.1,3.5
2007-01-06,1.0,1.1,0.0
2007-01-07,0.0,0.0,0.0
2007-01-08,0.0,0.0,0.0
2007-01-09,19.1,4.4,3.0
2007-01-10,0.0,2.2,1.5
2007-01-11,0.0,0.1,0.0
2007-01-12,0.0,0.0,0.0
2007-01-13,0.0,0.1,0.0
2007-01-14,0.0,0.0,0.0
2007-01-15,0.4,0.9,0.0
2007-01-16,0.6,1.5,0.0
2007-01-17,2.1,0.1,0.0
2007-01-18,2.0,3.3,1.0
2007-01-19,0.0,0.5,0.0
2007-01-20,0.0,0.3,0.0
2007-01-21,0.0,0.2,0.0
2007-01-22,0.0,7.7,3.8
2007-01-23,5.0,24.5,15.7
2007-01-24,2.5,4.5,1.7
2007-01-25,0.0,28.0,18.6
2007-01-26,3.5,3.1,1.0
2007-01-27,0.0,6.7,3.1
2007-01-28,33.4,38.7,27.5
2007-01-29,29.4,31.1,18.7
2007-01-30,32.9,34.9,23.1
2007-01-31,2.9,17.6,10.6
2007-02-01,30.0,7.8,4.2
2007-02-02,0.0,3.4,1.0
2007-02-03,1.0,12.6,7.8
2007-02-04,0.0,5.5,2.5
2007-02-05,9.8,4.9,2.1
2007-02-06,4.0,15.1,9.7
2007-02-07,92.7,23.8,16.6
2007-02-08,11.2,11.9,7.3
2007-02-09,3.8,9.4,5.4
2007-02-10,0.8,35.0,28.5
2007-02-11,15.4,30.3,25.0
2007-02-12,3.4,11.0,7.3
2007-02-13,2.1,0.1,0.0
2007-02-14,0.0,0.0,0.0
2007-02-15,0.0,12.2,8.3
2007-02-16,31.3,18.9,14.1
2007-02-17,0.3,5.5,2.8
2007-02-18,2.2,6.8,3.8
2007-02-19,29.6,6.4,3.5
2007-02-20,7.5,29.8,26.0
2007-02-21,0.0,6.3,3.7
2007-02-22,10.9,5.2,2.8
2007-02-23,1.0,9.8,6.3
2007-02-24,5.5,36.6,30.3
2007-02-25,5.2,14.0,9.6
2007-02-26,2.3,6.1,3.5
2007-02-27,1.2,8.8,5.6
2007-02-28,0.0,3.2,1.4
2007-03-01,7.2,14.3,8.9
2007-03-02,0.8,20.5,14.1
2007-03-03,0.3,5.7,2.1
2007-03-04,0.0,47.8,36.6
2007-03-05,2.0,34.5,26.5
2007-03-06,0.0,9.2,4.8
2007-03-07,7.6,25.0,18.1
2007-03-08,40.6,29.6,22.1
2007-03-09,11.8,22.2,15.7
2007-03-10,0.0,0.4,0.0
2007-03-11,0.0,0.4,0.0
2007-03-12,2.0,0.0,0.0
2007-03-13,8.2,24.3,18.2
2007-03-14,0.0,3.0,2.7
2007-03-15,0.0,12.0,9.7
2007-03-16,0.5,4.0,3.4
2007-03-17,1.9,31.7,26.1
2007-03-18,15.1,31.0,25.4
2007-03-19,4.4,0.9,0.0
2007-03-20,3.6,9.2,7.5
2007-03-21,18.7,13.3,9.1
2007-03-22,0.0,2.9,1.2
2007-03-23,0.0,6.3,3.7
2007-03-24,0.0,3.2,1.4
2007-03-25,2.3,7.6,4.7
2007-03-26,0.0,3.0,1.3
2007-03-27,0.0,4.2,2.1
2007-03-28,0.0,2.9,1.2
2007-03-29,0.5,6.6,3.9
2007-03-30,10.7,4.3,2.2
2007-03-31,0.0,2.6,1.0
2007-04-01,0.0,5.2,3.7
2007-04-02,0.0,5.1,3.6
2007-04-03,0.0,8.5,6.7
2007-04-04,0.0,3.6,2.3
2007-04-05,13.0,27.0,30.6
2007-04-06,48.0,2.1,1.1
2007-04-07,0.6,11.9,9.8
2007-04-08,0.0,2.6,1.5
2007-04-09,0.0,8.8,6.9
2007-04-10,3.6,22.0,22.1
2007-04-11,5.5,43.8,32.4
2007-04-12,0.0,1.8,1.7
2007-04-13,0.0,3.4,2.6
2007-04-14,37.6,5.1,3.7
2007-04-15,0.3,9.2,6.2
2007-04-16,0.2,2.2,1.9
2007-04-17,0.0,4.3,3.2
2007-04-18,0.0,2.1,1.8
2007-04-19,0.0,7.7,5.3
2007-04-20,0.0,1.9,1.7
2007-04-21,0.0,24.1,23.7
2007-04-22,10.3,4.4,2.1
2007-04-23,16.0,2.8,1.0
2007-04-24,2.1,8.1,5.3
2007-04-25,0.0,3.8,1.7
2007-04-26,0.0,3.7,1.6
2007-04-27,15.7,13.3,10.1
2007-04-28,0.0,0.9,0.0
2007-04-29,0.0,1.7,1.0
2007-04-30,25.0,20.9,19.8
2007-05-01,14.3,7.2,4.8
2007-05-02,26.5,8.9,6.0
2007-05-03,0.0,0.0,0.0
2007-05-04,0.0,0.1,0.0
2007-05-05,0.0,0.9,0.0
2007-05-06,0.0,0.5,0.0
2007-05-07,0.5,1.8,1.0
2007-05-08,0.0,2.4,1.4
2007-05-09,7.5,1.3,0.0
2007-05-10,3.1,12.3,8.3
2007-05-11,0.4,0.1,0.0
2007-05-12,0.0,0.8,0.0
2007-05-13,0.0,1.0,0.0
2007-05-14,11.9,30.7,26.6
2007-05-15,0.0,17.8,13.7
2007-05-16,9.2,6.9,5.1
2007-05-17,6.8,12.8,9.8
2007-05-18,0.0,1.3,0.0
2007-05-19,0.0,0.7,0.0
2007-05-20,0.0,0.2,0.0
2007-05-21,1.5,5.9,5.6
2007-05-22,2.0,15.4,14.9
2007-05-23,0.0,0.0,0.0
2007-05-24,0.0,0.0,0.0
2007-05-25,0.0,0.0,0.0
2007-05-26,0.0,0.0,0.0
2007-05-27,0.0,0.0,0.0
2007-05-28,16.6,0.7,0.0
2007-05-29,3.5,2.5,2.2
2007-05-30,0.0,3.2,2.9
2007-05-31,0.0,1.2,1.0
2007-06-01,44.0,39.4,43.3
2007-06-02,0.0,0.8,0.0
2007-06-03,31.0,12.0,7.5
2007-06-04,17.5,47.8,51.2
2007-06-05,0.5,6.4,3.1
2007-06-06,0.0,0.1,0.0
2007-06-07,7.4,28.8,29.0
2007-06-08,2.7,1.8,1.0
2007-06-09,0.0,0.1,0.0
2007-06-10,0.0,0.0,0.0
2007-06-11,0.0,0.0,0.0
2007-06-12,0.0,0.0,0.0
2007-06-13,0.0,0.0,0.0
2007-06-14,10.5,0.1,0.0
2007-06-15,0.0,0.0,0.0
2007-06-16,0.0,0.2,0.0
2007-06-17,0.8,0.3,0.0
2007-06-18,0.6,3.6,2.9
2007-06-19,2.7,6.3,4.6
2007-06-20,6.9,5.3,4.0
2007-06-21,0.0,1.0,0.0
2007-06-22,0.0,0.0,0.0
2007-06-23,0.0,0.0,0.0
2007-06-24,0.0,0.5,0.0
2007-06-25,0.0,0.0,0.0
2007-06-26,0.0,2.4,1.7
2007-06-27,0.3,18.3,12.8
2007-06-28,11.1,23.6,16.7
2007-06-29,0.0,0.0,0.0
2007-06-30,0.0,0.0,0.0
2007-07-01,0.0,0.0,0.0
2007-07-02,0.0,0.2,0.0
2007-07-03,0.0,0.0,0.0
2007-07-04,0.0,0.0,0.0
2007-07-05,0.0,0.2,0.0
2007-07-06,0.0,1.9,1.7
2007-07-07,0.0,0.2,0.0
2007-07-08,0.0,0.0,0.0
2007-07-09,0.0,0.0,0.0
2007-07-10,0.0,0.0,0.0
2007-07-11,0.0,0.0,0.0
2007-07-12,0.0,0.0,0.0
2007-07-13,8.0,0.0,0.0
2007-07-14,0.0,0.1,0.0
2007-07-15,0.0,2.7,1.8
2007-07-16,17.5,0.0,0.0
2007-07-17,5.0,38.3,37.9
2007-07-18,0.0,0.6,0.0
2007-07-19,0.0,0.0,0.0
2007-07-20,0.0,0.0,0.0
2007-07-21,0.0,0.6,0.0
2007-07-22,0.0,0.0,0.0
2007-07-23,0.0,0.0,0.0
2007-07-24,0.0,0.4,0.0
2007-07-25,0.0,0.4,0.0
2007-07-26,0.0,0.0,0.0
2007-07-27,0.0,0.0,0.0
2007-07-28,0.0,1.8,4.5
2007-07-29,0.0,0.0,0.0
2007-07-30,0.0,0.0,0.0
2007-07-31,0.0,0.0,0.0
2007-08-01,0.0,0.0,0.0
2007-08-02,0.0,0.0,0.0
2007-08-03,0.0,0.0,0.0
2007-08-04,0.0,0.0,0.0
2007-08-05,0.0,0.1,0.0
2007-08-06,0.0,0.0,0.0
2007-08-07,0.0,0.1,0.0
2007-08-08,0.0,0.0,0.0
2007-08-09,0.0,0.0,0.0
2007-08-10,0.0,0.0,0.0
2007-08-11,0.0,0.0,0.0
2007-08-12,0.0,0.0,0.0
2007-08-13,0.0,0.0,0.0
2007-08-14,0.0,0.0,0.0
2007-08-15,0.0,0.0,0.0
2007-08-16,0.0,0.0,0.0
2007-08-17,0.0,0.0,0.0
2007-08-18,0.0,0.0,0.0
2007-08-19,0.5,3.8,2.3
2007-08-20,2.0,30.7,12.9
2007-08-21,1.0,8.0,5.9
2007-08-22,0.0,0.6,0.0
2007-08-23,0.1,0.3,0.0
2007-08-24,0.0,0.0,0.0
2007-08-25,0.0,0.0,0.0
2007-08-26,0.0,0.0,0.0
2007-08-27,0.0,0.0,0.0
2007-08-28,0.0,0.3,0.0
2007-08-29,0.0,0.0,0.0
2007-08-30,0.0,0.0,0.0
2007-08-31,0.0,0.0,0.0
2007-09-01,0.0,0.0,0.0
2007-09-02,0.0,0.0,0.0
2007-09-03,0.0,0.0,0.0
2007-09-04,0.0,0.0,0.0
2007-09-05,0.0,0.0,0.0
2007-09-06,0.0,0.0,0.0
2007-09-07,0.0,0.4,0.0
2007-09-08,0.0,0.0,0.0
2007-09-09,0.0,0.0,0.0
2007-09-10,0.0,0.0,0.0
2007-09-11,0.0,0.0,0.0
2007-09-12,0.0,0.8,0.0
2007-09-13,0.0,0.0,0.0
2007-09-14,0.0,0.0,0.0
2007-09-15,0.0,0.1,0.0
2007-09-16,0.0,0.0,0.0
2007-09-17,0.0,0.0,0.0
2007-09-18,0.0,0.0,0.0
2007-09-19,0.0,0.0,0.0
2007-09-20,0.0,0.0,0.0
2007-09-21,0.0,0.0,0.0
2007-09-22,0.0,0.0,0.0
2007-09-23,0.0,0.4,0.0
2007-09-24,0.0,0.0,0.0
2007-09-25,0.0,0.0,0.0
2007-09-26,0.0,0.0,0.0
2007-09-27,0.0,0.0,0.0
2007-09-28,0.0,0.0,0.0
2007-09-29,0.0,0.0,0.0
2007-09-30,0.0,0.0,0.0
2007-10-01,0.0,0.0,0.0
2007-10-02,0.0,0.0,0.0
2007-10-03,0.0,0.0,0.0
2007-10-04,0.0,0.0,0.0
2007-10-05,0.0,0.0,0.0
2007-10-06,0.0,0.0,0.0
2007-10-07,8.5,0.0,0.0
2007-10-08,0.0,3.0,4.0
2007-10-09,0.4,0.7,0.0
2007-10-10,0.0,0.0,0.0
2007-10-11,0.0,0.0,0.0
2007-10-12,0.0,0.0,0.0
2007-10-13,0.0,0.0,0.0
2007-10-14,0.0,18.5,10.1
2007-10-15,6.7,1.0,0.0
2007-10-16,0.2,0.0,0.0
2007-10-17,0.0,0.2,0.0
2007-10-18,0.0,0.0,0.0
2007-10-19,0.0,0.0,0.0
2007-10-20,0.0,0.0,0.0
2007-10-21,0.0,0.5,0.0
2007-10-22,0.0,11.2,8.7
2007-10-23,0.0,0.4,0.0
2007-10-24,0.0,6.4,5.3
2007-10-25,0.0,1.6,1.9
2007-10-26,0.0,0.0,0.0
2007-10-27,0.0,0.1,0.0
2007-10-28,0.0,27.6,19.5
2007-10-29,0.0,9.6,8.1
2007-10-30,0.0,2.5,2.5
2007-10-31,0.0,2.1,2.2
2007-11-01,3.0,3.1,3.0
2007-11-02,0.5,4.5,4.4
2007-11-03,1.5,14.1,14.6
2007-11-04,0.0,6.6,6.6
2007-11-05,51.7,8.5,8.6
2007-11-06,11.6,6.6,6.6
2007-11-07,0.0,0.4,0.0
2007-11-08,5.0,7.1,7.1
2007-11-09,0.0,0.3,0.0
2007-11-10,47.2,16.1,17.2
2007-11-11,24.5,13.3,10.1
2007-11-12,0.0,4.3,4.0
2007-11-13,0.0,0.5,0.0
2007-11-14,0.1,9.9,7.8
2007-11-15,0.0,0.2,0.0
2007-11-16,0.0,0.5,0.0
2007-11-17,5.6,0.9,0.0
2007-11-18,0.0,0.0,0.0
2007-11-19,0.0,0.0,0.0
2007-11-20,0.0,0.0,0.0
2007-11-21,0.0,0.0,0.0
2007-11-22,0.0,0.0,0.0
2007-11-23,0.0,0.0,0.0
2007-11-24,0.0,0.0,0.0
2007-11-25,0.0,0.0,0.0
2007-11-26,0.0,0.2,0.0
2007-11-27,5.0,0.3,0.0
2007-11-28,0.0,0.4,0.0
2007-11-29,0.0,24.4,19.2
2007-11-30,0.0,0.6,0.0
2007-12-01,0.0,3.2,1.3
2007-12-02,0.2,0.1,0.0
2007-12-03,210.2,103.0,136.8
2007-12-04,2.4,28.2,26.0
2007-12-05,2.6,6.7,4.3
2007-12-06,0.0,1.9,1.0
2007-12-07,0.0,0.3,0.0
2007-12-08,0.0,0.6,0.0
2007-12-09,0.0,1.4,0.0
2007-12-10,0.0,0.5,0.0
2007-12-11,1.4,18.0,9.7
2007-12-12,0.0,9.7,4.7
2007-12-13,0.7,34.7,19.8
2007-12-14,0.0,8.0,3.7
2007-12-15,32.8,7.1,3.2
2007-12-16,0.2,6.0,2.5
2007-12-17,0.0,31.8,17.2
2007-12-18,14.0,25.0,14.0
2007-12-19,69.4,49.1,34.5
2007-12-20,19.7,14.6,7.7
2007-12-21,3.2,19.5,12.0
2007-12-22,10.5,8.5,4.5
2007-12-23,0.0,9.2,5.0
2007-12-24,7.6,66.1,49.3
2007-12-25,60.2,260.4,128.3
2007-12-26,0.9,6.1,2.9
2007-12-27,0.0,10.8,6.1
2007-12-28,0.0,10.0,5.5
2007-12-29,11.8,11.3,6.4
2007-12-30,0.0,4.8,2.1
2007-12-31,26.6,68.2,51.2
2008-01-01,45.1,54.5,41.5
2008-01-02,13.7,12.0,8.4
2008-01-03,6.2,15.2,10.7
2008-01-04,2.0,2.6,1.7
2008-01-05,1.5,3.3,2.2
2008-01-06,52.4,12.8,9.0
2008-01-07,1.0,2.0,1.3
2008-01-08,0.0,0.0,0.0
2008-01-09,0.0,0.0,0.0
2008-01-10,0.0,0.0,0.0
2008-01-11,10.7,6.5,3.4
2008-01-12,0.0,1.3,0.0
2008-01-13,0.3,0.0,0.0
2008-01-14,2.0,4.8,2.1
2008-01-15,5.3,22.5,15.7
2008-01-16,0.0,18.7,12.8
2008-01-17,1.8,15.4,10.2
2008-01-18,8.2,37.1,26.3
2008-01-19,24.2,25.7,18.2
2008-01-20,13.1,13.2,8.5
2008-01-21,0.0,0.9,0.0
2008-01-22,0.0,0.1,0.0
2008-01-23,0.0,0.2,0.0
2008-01-24,0.0,0.1,0.0
2008-01-25,0.0,2.8,1.0
2008-01-26,0.0,0.3,0.0
2008-01-27,0.0,5.6,2.4
2008-01-28,3.2,13.4,7.7
2008-01-29,10.2,46.6,36.0
2008-01-30,48.6,75.9,65.2
2008-01-31,2.0,2.2,1.0
2008-02-01,0.0,2.4,1.0
2008-02-02,12.8,36.6,30.3
2008-02-03,0.8,0.2,0.0
2008-02-04,10.6,8.1,4.4
2008-02-05,26.0,38.1,31.6
2008-02-06,4.5,27.8,19.8
2008-02-07,1.0,18.4,12.3
2008-02-08,2.0,19.6,13.3
2008-02-09,5.1,3.1,1.0
2008-02-10,9.7,6.9,3.5
2008-02-11,0.0,3.1,1.0
2008-02-12,0.0,12.8,8.8
2008-02-13,0.0,3.6,1.2
2008-02-14,6.9,23.5,18.1
2008-02-15,0.0,12.4,8.5
2008-02-16,0.0,5.9,3.1
2008-02-17,5.7,19.7,14.8
2008-02-18,18.3,55.1,52.8
2008-02-19,0.0,12.4,8.5
2008-02-20,10.4,13.1,9.1
2008-02-21,7.5,17.6,12.4
2008-02-22,17.9,17.5,12.4
2008-02-23,24.6,50.0,45.7
2008-02-24,6.4,21.0,15.1
2008-02-25,15.6,82.5,79.0
2008-02-26,2.5,22.3,16.1
2008-02-27,5.8,37.9,31.2
2008-02-28,43.0,44.5,38.3
2008-02-29,0.0,1.1,0.0
2008-03-01,0.0,0.0,0.0
2008-03-02,0.0,3.3,1.0
2008-03-03,0.0,10.6,5.9
2008-03-04,42.0,23.0,16.4
2008-03-05,40.2,32.6,27.5
2008-03-06,0.0,5.4,1.9
2008-03-07,0.0,33.7,26.2
2008-03-08,2.5,3.4,1.0
2008-03-09,0.4,0.0,0.0
2008-03-10,0.0,1.3,0.0
2008-03-11,0.0,1.3,1.4
2008-03-12,0.0,1.2,0.0
2008-03-13,7.1,7.7,6.3
2008-03-14,0.0,0.0,0.0
2008-03-15,0.0,0.0,0.0
2008-03-16,0.0,1.3,1.5
2008-03-17,0.0,0.5,0.0
2008-03-18,0.0,0.8,0.0
2008-03-19,10.1,5.2,4.4
2008-03-20,0.0,15.1,12.2
2008-03-21,1.9,8.3,5.2
2008-03-22,4.5,2.6,1.0
2008-03-23,10.4,12.4,8.5
2008-03-24,42.5,9.1,5.8
2008-03-25,0.0,3.1,1.3
2008-03-26,51.7,3.6,1.7
2008-03-27,9.0,23.9,18.3
2008-03-28,0.5,5.1,2.8
2008-03-29,0.0,0.4,0.0
2008-03-30,0.0,2.0,1.0
2008-03-31,38.5,5.0,2.7
2008-04-01,6.0,1.7,1.0
2008-04-02,0.0,0.1,0.0
2008-04-03,5.8,0.1,0.0
2008-04-04,77.4,4.5,3.0
2008-04-05,0.0,0.5,0.0
2008-04-06,0.0,0.4,0.0
2008-04-07,13.1,8.4,6.5
2008-04-08,0.0,0.1,0.0
2008-04-09,0.0,4.2,2.9
2008-04-10,2.7,95.7,71.9
2008-04-12,24.4,38.0,26.9
2008-04-13,76.8,66.8,50.6
2008-04-16,0.0,0.0,0.0
2008-04-17,0.0,0.0,0.0
2008-04-18,0.0,1.9,1.7
2008-04-19,0.0,2.9,2.4
2008-04-20,8.6,54.0,40.6
2008-04-21,0.2,11.6,8.3
2008-04-22,10.8,40.0,41.9
2008-04-23,1.9,2.3,1.0
2008-04-24,10.3,43.7,46.4
2008-04-25,0.0,0.4,0.0
2008-04-26,0.0,1.5,0.0
2008-04-27,0.0,0.0,0.0
2008-04-28,0.0,1.5,0.0
2008-04-29,0.0,3.4,1.3
2008-04-30,1.7,0.1,0.0
2008-05-01,0.0,0.0,0.0
2008-05-02,0.0,0.2,0.0
2008-05-03,0.5,0.1,0.0
2008-05-04,0.0,2.4,1.4
2008-05-05,0.0,0.2,0.0
2008-05-06,0.0,3.9,2.4
2008-05-07,0.0,0.8,0.0
2008-05-08,0.0,0.0,0.0
2008-05-09,0.0,0.0,0.0
2008-05-10,0.0,0.0,0.0
2008-05-11,0.0,0.1,0.0
2008-05-12,0.0,0.7,0.0
2008-05-13,0.0,0.1,0.0
2008-05-14,0.0,0.0,0.0
2008-05-15,0.0,1.6,1.1
2008-05-16,0.0,0.0,0.0
2008-05-17,0.0,0.3,0.0
2008-05-18,1.0,0.2,0.0
2008-05-19,15.0,4.0,2.9
2008-05-20,0.0,1.9,1.3
2008-05-21,0.0,2.8,2.5
2008-05-22,0.0,0.0,0.0
2008-05-23,0.0,0.0,0.0
2008-05-24,0.0,0.0,0.0
2008-05-25,0.0,0.0,0.0
2008-05-26,0.0,0.0,0.0
2008-05-27,0.0,0.0,0.0
2008-05-28,0.0,0.0,0.0
2008-05-29,0.0,0.0,0.0
2008-05-30,0.0,0.0,0.0
2008-05-31,8.6,0.0,0.0
2008-06-01,0.0,0.3,0.0
2008-06-02,0.0,0.2,0.0
2008-06-03,0.0,0.0,0.0
2008-06-04,0.0,0.0,0.0
2008-06-05,0.0,0.0,0.0
2008-06-06,0.0,0.0,0.0
2008-06-07,0.0,0.0,0.0
2008-06-08,0.0,0.0,0.0
2008-06-09,0.0,2.3,1.0
2008-06-10,0.0,1.5,0.0
2008-06-11,0.0,0.3,0.0
2008-06-12,4.7,11.9,8.2
2008-06-13,16.8,2.0,1.9
2008-06-14,0.0,1.0,0.0
2008-06-15,16.7,20.0,12.0
2008-06-16,0.0,0.1,0.0
2008-06-17,0.0,0.0,0.0
2008-06-18,0.0,0.0,0.0
2008-06-19,0.0,0.0,0.0
2008-06-20,0.0,0.0,0.0
2008-06-21,0.0,0.0,0.0
2008-06-22,0.0,0.0,0.0
2008-06-23,0.0,0.0,0.0
2008-06-24,0.0,0.0,0.0
2008-06-25,0.0,0.0,0.0
2008-06-26,37.3,3.4,2.4
2008-06-27,0.0,0.0,0.0
2008-06-28,0.0,0.0,0.0
2008-06-29,0.0,0.0,0.0
2008-06-30,0.0,0.0,0.0
2008-07-01,0.0,0.8,0.0
2008-07-02,0.0,0.0,0.0
2008-07-03,0.0,1.8,1.6
2008-07-04,0.0,0.1,0.0
2008-07-05,0.0,0.0,0.0
2008-07-06,0.0,0.0,0.0
2008-07-07,2.1,0.0,0.0
2008-07-08,0.0,0.0,0.0
2008-07-09,0.0,0.0,0.0
2008-07-10,0.0,0.7,0.0
2008-07-11,0.0,0.0,0.0
2008-07-12,0.0,0.0,0.0
2008-07-13,0.0,0.0,0.0
2008-07-14,20.5,0.3,0.0
2008-07-15,0.0,0.0,0.0
2008-07-16,0.0,0.0,0.0
2008-07-17,0.0,0.0,0.0
2008-07-18,0.0,0.0,0.0
2008-07-19,0.0,0.0,0.0
2008-07-20,0.0,0.0,0.0
2008-07-21,0.0,0.0,0.0
2008-07-22,0.0,0.0,0.0
2008-07-23,0.0,0.5,0.0
2008-07-24,0.0,0.0,0.0
2008-07-25,0.0,0.2,0.0
2008-07-26,0.0,0.0,0.0
2008-07-27,0.0,0.0,0.0
2008-07-28,0.0,0.0,0.0
2008-07-29,0.0,0.4,0.0
2008-07-30,0.0,0.0,0.0
2008-07-31,0.0,0.0,0.0
2008-08-01,0.0,0.0,0.0
2008-08-02,0.0,1.1,0.0
2008-08-03,0.0,0.0,0.0
2008-08-04,0.0,0.0,0.0
2008-08-05,0.0,0.0,0.0
2008-08-06,0.0,0.0,0.0
2008-08-07,0.0,0.7,0.0
2008-08-08,0.0,0.0,0.0
2008-08-09,29.3,22.5,10.6
2008-08-10,1.5,22.3,10.5
2008-08-11,0.5,11.7,6.3
2008-08-12,0.0,1.9,1.5
2008-08-13,0.0,0.0,0.0
2008-08-14,1.0,12.1,6.5
2008-08-15,0.0,3.7,2.2
2008-08-16,0.0,0.1,0.0
2008-08-17,0.0,0.2,0.0
2008-08-18,0.0,1.1,0.0
2008-08-19,0.0,1.6,0.0
2008-08-20,0.0,0.0,0.0
2008-08-21,0.0,0.0,0.0
2008-08-22,0.0,0.0,0.0
2008-08-23,0.0,1.0,0.0
2008-08-24,0.0,0.0,0.0
2008-08-25,1.5,19.2,15.4
2008-08-26,14.5,2.5,1.7
2008-08-27,4.9,7.3,5.2
2008-08-28,0.0,0.9,0.0
2008-08-29,0.0,3.1,2.2
2008-08-30,0.0,0.0,0.0
2008-08-31,0.5,0.0,0.0
2008-09-01,0.7,2.5,2.8
2008-09-02,0.0,0.0,0.0
2008-09-03,0.0,0.6,0.0
2008-09-04,0.0,0.0,0.0
2008-09-05,0.0,0.0,0.0
2008-09-06,0.0,1.8,2.5
2008-09-07,0.0,0.0,0.0
2008-09-08,0.0,0.3,0.0
2008-09-09,0.0,0.9,0.0
2008-09-10,0.0,2.8,3.3
2008-09-11,0.0,0.6,0.0
2008-09-12,0.2,0.1,0.0
2008-09-13,0.0,0.0,0.0
2008-09-14,0.0,0.0,0.0
2008-09-15,0.0,0.0,0.0
2008-09-16,0.0,0.0,0.0
2008-09-17,0.0,0.0,0.0
2008-09-18,0.0,0.6,0.0
2008-09-19,0.0,0.0,0.0
2008-09-20,0.0,0.0,0.0
2008-09-21,0.0,0.0,0.0
2008-09-22,0.0,0.0,0.0
2008-09-23,0.0,0.0,0.0
2008-09-24,0.0,0.0,0.0
2008-09-25,0.0,0.0,0.0
2008-09-26,0.0,0.0,0.0
2008-09-27,0.0,0.4,0.0
2008-09-28,0.0,0.0,0.0
2008-09-29,0.0,0.0,0.0
2008-09-30,0.0,0.0,0.0
2008-10-01,0.0,0.0,0.0
2008-10-02,0.0,3.1,3.8
2008-10-03,0.0,5.3,5.1
2008-10-04,3.5,18.9,10.6
2008-10-05,0.0,1.1,0.0
2008-10-06,0.0,0.0,0.0
2008-10-07,0.0,1.2,0.0
2008-10-08,0.0,10.9,8.8
2008-10-09,0.0,12.4,9.3
2008-10-10,11.7,44.7,44.7
2008-10-11,0.0,0.6,0.0
2008-10-12,18.5,31.3,24.3
2008-10-13,4.8,1.8,1.3
2008-10-14,0.0,7.2,5.0
2008-10-15,0.0,0.0,0.0
2008-10-16,0.0,0.4,0.0
2008-10-17,0.0,0.0,0.0
2008-10-18,0.0,0.0,0.0
2008-10-19,0.0,2.1,1.5
2008-10-20,0.5,4.7,3.1
2008-10-21,19.3,57.3,53.9
2008-10-22,7.0,3.7,3.3
2008-10-23,1.5,13.7,10.8
2008-10-24,0.0,1.7,1.9
2008-10-25,0.0,1.9,2.1
2008-10-26,7.0,47.4,41.6
2008-10-27,2.0,50.7,45.6
2008-10-28,7.7,65.7,64.3
2008-10-29,0.0,2.2,2.3
2008-10-30,0.0,1.7,1.9
2008-10-31,7.2,8.3,6.9
2008-11-01,1.5,1.7,1.5
2008-11-02,5.8,24.9,26.8
2008-11-03,2.6,8.7,8.8
2008-11-04,5.0,15.4,16.0
2008-11-05,0.0,27.4,30.5
2008-11-06,0.0,1.5,1.3
2008-11-07,0.0,1.1,1.0
2008-11-08,0.0,6.9,6.9
2008-11-09,0.0,1.1,1.0
2008-11-10,0.0,11.0,11.1
2008-11-11,0.0,0.4,0.0
2008-11-12,0.0,0.2,0.0
2008-11-13,0.0,0.8,0.0
2008-11-14,11.0,3.8,3.6
2008-11-15,0.0,7.4,6.1
2008-11-16,0.0,18.0,13.7
2008-11-17,1.2,41.5,32.0
2008-11-18,1.5,12.4,9.5
2008-11-19,6.2,31.2,23.2
2008-11-20,0.6,5.4,4.7
2008-11-21,46.2,321.9,95.7
2008-11-22,0.0,18.6,11.6
2008-11-23,0.7,20.4,15.5
2008-11-24,0.0,11.9,7.4
2008-11-25,0.0,2.1,1.0
2008-11-26,0.0,6.3,3.5
2008-11-27,0.0,0.0,0.0
2008-11-28,0.0,0.0,0.0
2008-11-29,0.0,0.0,0.0
2008-11-30,0.6,0.0,0.0
2008-12-01,0.0,0.1,0.0
2008-12-02,4.0,2.7,1.0
2008-12-03,0.0,1.5,1.0
2008-12-04,10.0,2.9,1.1
2008-12-05,0.0,3.5,1.5
2008-12-06,0.0,0.1,0.0
2008-12-07,0.0,1.4,0.0
2008-12-08,0.0,14.4,11.3
2008-12-09,1.4,30.4,29.7
2008-12-10,17.3,28.5,26.8
2008-12-11,1.8,26.0,14.7
2008-12-12,22.6,25.8,14.6
2008-12-13,1.6,8.7,4.1
2008-12-14,5.5,9.4,4.5
2008-12-15,56.8,23.1,12.9
2008-12-16,1.8,2.9,1.0
2008-12-17,8.4,8.1,3.7
2008-12-18,28.6,11.2,5.6
2008-12-19,25.3,47.9,32.8
2008-12-20,12.9,9.5,4.6
2008-12-21,0.0,1.0,0.0
2008-12-22,10.6,2.0,1.0
2008-12-23,5.6,8.4,4.5
2008-12-24,0.0,0.7,0.0
2008-12-25,0.0,0.6,0.0
2008-12-26,62.8,33.4,22.8
2008-12-27,33.0,32.0,21.1
2008-12-28,10.9,41.2,28.2
2008-12-29,20.0,27.3,17.5
2008-12-30,3.3,6.6,3.2
2008-12-31,1.2,8.8,4.7
2009-01-01,15.6,16.2,11.4
2009-01-02,4.0,7.9,5.4
2009-01-03,0.0,0.0,0.0
2009-01-04,0.0,10.0,7.0
2009-01-05,0.0,5.6,3.9
2009-01-06,0.8,0.5,0.0
2009-01-07,1.6,25.5,17.8
2009-01-08,6.0,33.6,25.0
2009-01-09,1.3,21.8,15.4
2009-01-10,38.0,26.2,18.6
2009-01-11,30.2,31.2,21.3
2009-01-12,0.1,18.9,12.9
2009-01-13,5.0,18.0,12.2
2009-01-14,2.8,9.7,5.8
2009-01-15,6.0,6.9,3.7
2009-01-16,3.3,4.7,2.1
2009-01-17,10.7,21.5,14.9
2009-01-18,1.2,14.5,9.5
2009-01-19,0.0,4.5,1.9
2009-01-20,6.0,1.1,0.0
2009-01-21,0.0,0.4,0.0
2009-01-22,0.0,0.0,0.0
2009-01-23,0.0,0.3,0.0
2009-01-24,5.7,23.8,15.2
2009-01-25,0.0,26.4,17.1
2009-01-26,9.1,16.0,9.5
2009-01-27,17.8,47.9,38.2
2009-01-28,3.7,3.1,1.0
2009-01-29,47.3,16.7,10.0
2009-01-30,8.9,22.2,14.0
2009-01-31,5.1,54.0,44.3
2009-02-01,2.2,58.9,49.6
2009-02-02,4.6,6.3,3.1
2009-02-03,7.3,11.5,6.9
2009-02-04,1.1,7.1,3.7
2009-02-05,0.3,0.9,0.0
2009-02-06,0.0,7.7,4.1
2009-02-07,0.0,4.7,1.9
2009-02-08,8.6,29.0,20.6
2009-02-09,25.6,18.2,12.2
2009-02-10,1.9,9.6,5.6
2009-02-11,6.3,25.2,19.7
2009-02-12,8.0,17.2,12.6
2009-02-13,3.9,6.4,3.5
2009-02-14,0.0,2.5,1.0
2009-02-15,0.0,2.9,1.0
2009-02-16,3.1,8.1,4.8
2009-02-17,1.0,2.9,1.0
2009-02-18,1.0,2.1,1.0
2009-02-19,50.5,11.7,7.9
2009-02-20,51.8,18.9,14.2
2009-02-21,1.5,7.1,4.3
2009-02-22,3.9,16.2,11.3
2009-02-23,3.1,4.0,2.0
2009-02-24,1.0,6.0,3.5
2009-02-25,25.7,34.5,28.5
2009-02-26,48.9,79.5,76.4
2009-02-27,96.2,32.9,33.2
2009-02-28,3.3,18.9,13.5
2009-03-01,2.8,5.1,1.6
2009-03-02,14.4,15.7,10.1
2009-03-03,4.8,14.1,8.7
2009-03-04,2.9,3.1,1.0
2009-03-05,17.4,35.9,30.5
2009-03-06,0.0,0.7,0.0
2009-03-07,0.0,0.0,0.0
2009-03-08,3.5,3.4,1.0
2009-03-09,1.4,1.8,0.0
2009-03-11,3.6,0.1,0.0
2009-03-12,0.0,0.0,0.0
2009-03-13,7.0,0.1,0.0
2009-03-14,0.0,0.0,0.0
2009-03-15,0.0,0.0,0.0
2009-03-16,0.0,0.0,0.0
2009-03-17,47.7,3.6,3.2
2009-03-18,0.0,0.0,0.0
2009-03-19,0.0,0.5,0.0
2009-03-20,0.0,0.0,0.0
2009-03-21,0.0,0.0,0.0
2009-03-22,0.0,2.3,1.0
2009-03-23,0.0,0.0,0.0
2009-03-24,0.0,0.0,0.0
2009-03-25,1.5,4.9,2.6
2009-03-26,0.0,0.0,0.0
2009-03-27,0.2,9.4,6.1
2009-03-28,0.0,3.7,1.7
2009-03-29,27.1,0.0,0.0
2009-03-30,0.0,0.0,0.0
2009-03-31,0.0,0.0,0.0
2009-04-01,0.7,1.2,1.0
2009-04-02,0.0,0.0,0.0
2009-04-03,0.0,0.8,0.0
2009-04-04,45.2,41.2,50.8
2009-04-05,0.0,0.2,0.0
2009-04-06,2.0,18.3,15.4
2009-04-07,0.0,5.6,4.0
2009-04-08,0.0,6.8,5.1
2009-04-09,0.0,0.1,0.0
2009-04-10,0.0,0.6,0.0
2009-04-11,0.0,0.0,0.0
2009-04-12,0.1,4.5,3.3
2009-04-13,0.0,6.3,4.4
2009-04-14,0.0,2.1,1.9
2009-04-15,0.0,0.3,0.0
2009-04-16,5.8,16.4,11.2
2009-04-17,0.0,0.0,0.0
2009-04-18,0.0,2.2,1.9
2009-04-19,5.1,6.8,4.7
2009-04-20,0.6,2.4,2.0
2009-04-21,0.8,38.9,40.9
2009-04-22,0.0,2.2,1.0
2009-04-23,0.0,3.8,1.7
2009-04-24,0.0,0.2,0.0
2009-04-25,0.0,0.5,0.0
2009-04-26,0.0,0.0,0.0
2009-04-27,0.0,0.0,0.0
2009-04-28,0.0,0.6,0.0
2009-04-29,0.0,0.3,0.0
2009-04-30,24.1,15.3,11.5
2009-05-01,0.0,0.4,0.0
2009-05-02,0.0,0.0,0.0
2009-05-03,0.0,0.1,0.0
2009-05-04,0.0,0.2,0.0
2009-05-05,4.0,14.7,9.9
2009-05-06,1.0,1.6,1.0
2009-05-07,0.0,0.1,0.0
2009-05-08,0.0,1.6,1.0
2009-05-09,10.7,36.5,33.7
2009-05-10,37.4,47.2,52.8
2009-05-11,23.1,35.2,31.5
2009-05-12,1.0,15.9,11.6
2009-05-13,0.5,0.7,0.0
2009-05-14,0.0,8.7,6.3
2009-05-15,0.0,3.9,2.8
2009-05-16,0.0,9.5,6.9
2009-05-17,0.0,2.5,1.8
2009-05-18,22.6,41.1,37.5
2009-05-19,0.0,0.5,0.0
2009-05-20,0.0,0.0,0.0
2009-05-21,0.0,4.0,3.7
2009-05-22,11.6,1.9,1.6
2009-05-23,0.0,1.5,1.2
2009-05-24,0.0,2.6,2.2
2009-05-25,16.5,28.8,33.6
2009-05-26,1.0,8.5,8.6
2009-05-27,0.0,0.0,0.0
2009-05-28,0.0,0.0,0.0
2009-05-29,0.4,0.0,0.0
2009-05-30,0.0,0.0,0.0
2009-05-31,37.2,24.3,27.2
2009-06-02,30.0,27.0,26.0
2009-06-07,5.2,0.4,0.0
2009-06-08,79.8,39.1,43.1
2009-06-28,1.0,0.4,0.0
2009-07-01,0.0,0.0,0.0
2009-07-02,0.0,0.1,0.0
2009-07-03,0.0,3.0,2.5
2009-07-04,0.0,15.9,14.0
2009-07-05,0.0,0.0,0.0
2009-07-06,0.0,0.0,0.0
2009-07-07,0.0,0.0,0.0
2009-07-08,0.0,0.0,0.0
2009-07-09,0.0,0.0,0.0
2009-07-10,0.0,0.0,0.0
2009-07-11,0.0,0.0,0.0
2009-07-12,0.0,0.0,0.0
2009-07-13,0.0,0.0,0.0
2009-07-14,0.0,0.0,0.0
2009-07-15,0.0,0.0,0.0
2009-07-16,0.0,0.0,0.0
2009-07-17,0.0,0.1,0.0
2009-07-18,0.0,1.0,0.0
2009-07-19,0.0,0.0,0.0
2009-07-20,0.0,0.0,0.0
2009-07-21,0.0,0.0,0.0
2009-07-22,0.0,0.0,0.0
2009-07-23,0.0,0.1,0.0
2009-07-24,0.0,3.6,6.2
2009-07-25,0.0,5.7,8.3
2009-07-26,0.0,0.0,0.0
2009-07-27,0.0,0.0,0.0
2009-07-28,0.0,0.0,0.0
2009-07-29,0.0,0.0,0.0
2009-07-30,0.0,0.0,0.0
2009-07-31,0.0,0.0,0.0
2009-08-01,0.0,0.0,0.0
2009-08-02,0.0,0.0,0.0
2009-08-03,0.0,0.0,0.0
2009-08-04,0.0,0.0,0.0
2009-08-05,0.0,0.0,0.0
2009-08-06,0.0,0.0,0.0
2009-08-07,0.0,0.0,0.0
2009-08-08,0.0,0.0,0.0
2009-08-09,0.0,0.0,0.0
2009-08-10,0.0,0.0,0.0
2009-08-11,0.0,0.0,0.0
2009-08-12,0.0,0.0,0.0
2009-08-13,0.0,0.0,0.0
2009-08-14,0.0,0.0,0.0
2009-08-15,0.0,0.0,0.0
2009-08-16,0.0,0.0,0.0
2009-08-17,0.0,0.0,0.0
2009-08-18,0.6,0.0,0.0
2009-08-19,0.0,0.0,0.0
2009-08-20,0.0,0.0,0.0
2009-08-21,0.0,0.0,0.0
2009-08-22,0.0,0.0,0.0
2009-08-23,0.0,0.0,0.0
2009-08-24,0.0,0.0,0.0
2009-08-25,0.0,0.0,0.0
2009-08-26,0.0,0.0,0.0
2009-08-27,0.0,0.0,0.0
2009-08-28,0.0,0.0,0.0
2009-08-29,0.0,0.0,0.0
2009-08-30,0.0,0.0,0.0
2009-08-31,0.0,0.0,0.0
2009-09-01,0.0,0.0,0.0
2009-09-02,0.0,0.0,0.0
2009-09-03,0.0,0.0,0.0
2009-09-04,0.0,7.7,6.5
2009-09-05,0.0,0.0,0.0
2009-09-06,0.0,0.0,0.0
2009-09-07,0.0,0.0,0.0
2009-09-08,0.0,0.0,0.0
2009-09-09,0.0,0.0,0.0
2009-09-10,0.0,0.0,0.0
2009-09-11,0.0,0.0,0.0
2009-09-12,0.0,0.0,0.0
2009-09-13,0.0,0.0,0.0
2009-09-14,17.2,0.1,0.0
2009-09-15,0.2,9.7,8.8
2009-09-16,0.0,0.0,0.0
2009-09-17,2.5,3.9,4.3
2009-09-18,0.0,0.0,0.0
2009-09-19,0.0,0.0,0.0
2009-09-20,0.0,0.0,0.0
2009-09-21,0.0,0.0,0.0
2009-09-22,0.0,1.0,0.0
2009-09-23,0.0,0.0,0.0
2009-09-24,0.0,0.0,0.0
2009-09-25,0.0,0.0,0.0
2009-09-26,0.0,0.0,0.0
2009-09-27,0.0,0.0,0.0
2009-09-28,0.0,0.0,0.0
2009-09-29,0.0,0.0,0.0
2009-09-30,0.0,0.0,0.0
2009-10-01,0.0,0.0,0.0
2009-10-02,0.0,0.8,0.0
2009-10-03,0.0,2.5,3.8
2009-10-04,0.0,0.3,0.0
2009-10-05,0.0,0.3,0.0
2009-10-06,0.0,0.0,0.0
2009-10-07,0.0,0.0,0.0
2009-10-08,0.0,0.0,0.0
2009-10-09,0.0,0.0,0.0
2009-10-10,0.0,0.1,0.0
2009-10-11,0.0,0.0,0.0
2009-10-12,0.0,5.9,4.0
2009-10-13,0.0,0.6,0.0
2009-10-14,0.0,1.1,0.0
2009-10-15,0.0,0.0,0.0
2009-10-16,0.0,0.0,0.0
2009-10-17,1.3,0.0,0.0
2009-10-18,0.0,0.0,0.0
2009-10-19,0.0,0.0,0.0
2009-10-20,0.0,0.0,0.0
2009-10-21,0.0,0.0,0.0
2009-10-22,0.0,0.0,0.0
2009-10-23,6.9,10.2,8.1
2009-10-24,0.0,4.6,4.0
2009-10-25,0.0,0.0,0.0
2009-10-26,0.0,0.7,0.0
2009-10-27,0.0,0.0,0.0
2009-10-28,0.0,0.0,0.0
2009-10-29,0.0,0.0,0.0
2009-10-30,0.0,0.0,0.0
2009-10-31,0.0,0.1,0.0
2009-11-01,0.0,0.0,0.0
2009-11-02,0.0,0.0,0.0
2009-11-03,0.0,0.0,0.0
2009-11-04,0.0,1.3,1.1
2009-11-05,0.0,0.0,0.0
2009-11-06,0.0,0.0,0.0
2009-11-07,0.0,0.0,0.0
2009-11-08,0.0,0.0,0.0
2009-11-09,0.0,11.6,11.6
2009-11-10,0.0,2.4,2.2
2009-11-11,2.7,2.6,2.8
2009-11-12,0.0,1.6,2.1
2009-11-13,12.5,51.4,42.0
2009-11-14,0.0,2.9,3.0
2009-11-15,0.0,2.0,2.4
2009-11-16,0.0,11.1,8.7
2009-11-17,6.4,11.5,8.9
2009-11-18,48.0,39.2,30.0
2009-11-19,13.0,4.9,4.4
2009-11-20,4.0,4.2,3.9
2009-11-21,5.8,25.6,22.1
2009-11-22,4.9,12.7,7.9
2009-11-23,0.0,0.2,0.0
2009-11-24,0.0,0.0,0.0
2009-11-25,0.0,0.4,0.0
2009-11-26,0.0,10.1,6.1
2009-11-27,8.0,16.3,10.3
2009-11-28,2.8,0.6,0.0
2009-11-29,0.0,16.2,10.9
2009-11-30,1.3,0.1,0.0
2009-12-01,0.0,0.4,0.0
2009-12-02,0.0,13.3,10.3
2009-12-03,0.0,0.0,0.0
2009-12-04,2.0,6.4,4.0
2009-12-05,0.0,1.3,0.0
2009-12-06,0.0,5.6,3.3
2009-12-07,1.6,0.0,0.0
2009-12-08,9.1,16.0,12.8
2009-12-09,0.0,0.5,0.0
2009-12-10,0.0,0.0,0.0
2009-12-11,0.0,4.4,1.6
2009-12-12,1.2,10.5,5.2
2009-12-13,18.1,11.0,5.5
2009-12-14,0.0,7.0,3.1
2009-12-15,0.0,2.5,1.0
2009-12-16,14.0,10.4,5.1
2009-12-17,0.0,14.0,7.3
2009-12-18,0.0,0.1,0.0
2009-12-19,0.0,0.0,0.0
2009-12-20,0.1,36.3,21.1
2009-12-21,1.5,5.7,2.6
2009-12-22,0.0,4.0,1.6
2009-12-23,2.5,3.6,1.3
2009-12-24,0.0,7.8,4.1
2009-12-25,18.1,29.0,18.7
2009-12-26,0.0,2.1,1.0
2009-12-27,0.6,22.4,14.1
2009-12-28,0.6,22.3,14.0
2009-12-29,2.7,54.3,38.2
2009-12-30,0.0,5.6,2.6
2009-12-31,2.0,3.2,1.1
2010-01-01,0.0,4.1,2.8
2010-01-02,0.3,14.8,10.4
2010-01-03,0.0,0.9,0.0
2010-01-04,2.6,43.0,32.5
2010-01-05,4.0,7.7,5.3
2010-01-06,45.7,17.1,12.0
2010-01-07,2.8,7.7,5.4
2010-01-08,6.3,19.0,13.4
2010-01-09,2.1,9.8,6.9
2010-01-10,0.0,5.6,3.8
2010-01-11,1.7,17.1,11.5
2010-01-12,33.7,24.1,17.0
2010-01-13,0.0,18.2,12.3
2010-01-14,0.0,5.4,2.6
2010-01-15,0.0,2.2,1.0
2010-01-16,0.4,7.7,4.3
2010-01-17,0.2,2.5,1.0
2010-01-18,0.0,0.2,0.0
2010-01-19,0.0,5.1,2.4
2010-01-20,8.3,3.6,1.3
2010-01-21,0.0,8.3,4.2
2010-01-22,0.5,37.6,25.8
2010-01-23,5.5,3.4,1.1
2010-01-24,4.2,5.5,2.4
2010-01-25,1.0,3.8,1.3
2010-01-26,23.8,10.3,5.5
2010-01-27,61.8,45.9,36.1
2010-01-28,1.0,7.8,3.8
2010-01-29,8.1,28.5,19.2
2010-01-30,38.8,11.2,6.1
2010-01-31,2.6,3.0,1.0
2010-02-01,21.6,4.1,1.5
2010-02-03,2.6,7.8,4.2
2010-02-04,0.1,2.7,1.0
2010-02-05,11.2,8.9,5.0
2010-02-06,31.7,43.5,37.0
2010-02-11,1.8,0.0,0.0
2010-02-12,10.9,6.3,3.4
2010-02-13,0.2,2.5,1.0
2010-02-14,2.2,29.4,23.4
2010-02-18,9.5,39.7,38.1
2010-02-19,52.6,80.0,76.1
2010-02-20,61.0,20.6,15.6
2010-02-21,1.5,14.7,10.2
2010-02-22,30.4,14.5,10.0
2010-02-24,13.0,10.0,6.5
2010-02-27,0.3,2.0,1.0
2010-03-01,1.0,28.7,22.4
2010-03-02,0.0,1.3,0.0
2010-03-03,0.0,1.8,0.0
2010-03-04,0.0,4.4,1.1
2010-03-05,1.4,9.9,5.3
2010-03-06,0.0,0.1,0.0
2010-03-07,7.7,32.9,25.6
2010-03-08,0.8,0.6,0.0
2010-03-09,2.9,5.9,2.2
2010-03-10,5.7,3.3,1.0
2010-03-11,79.1,22.0,18.0
2010-03-12,0.0,0.5,0.0
2010-03-13,0.0,0.1,0.0
2010-03-14,0.0,0.3,0.0
2010-03-15,0.0,2.1,2.0
2010-03-16,0.0,1.3,1.5
2010-03-17,39.8,29.3,23.6
2010-03-18,10.6,25.6,19.6
2010-03-19,0.0,0.9,0.0
2010-03-20,0.0,2.5,2.3
2010-03-21,0.0,1.1,0.0
2010-03-22,0.0,5.8,3.3
2010-03-23,1.0,16.8,12.0
2010-03-24,1.0,5.5,3.1
2010-03-25,10.3,3.4,1.6
2010-03-26,0.0,18.3,13.2
2010-03-27,0.0,22.5,18.1
2010-03-28,65.9,58.3,53.6
2010-03-29,33.1,39.1,34.5
2010-03-30,26.8,13.3,9.1
2010-03-31,0.0,2.1,1.0
2010-04-01,0.0,0.2,0.0
2010-04-02,0.0,0.2,0.0
2010-04-03,0.0,1.2,1.0
2010-04-04,0.0,0.0,0.0
2010-04-05,3.3,0.1,0.0
2010-04-06,0.0,1.1,0.0
2010-04-07,0.0,2.2,1.2
2010-04-08,0.0,8.2,6.3
2010-04-09,0.0,4.5,3.1
2010-04-10,0.0,7.7,5.9
2010-04-11,3.0,7.3,5.0
2010-04-12,56.5,0.1,0.0
2010-04-13,0.0,0.3,0.0
2010-04-14,27.1,23.9,15.1
2010-04-15,28.6,96.8,61.9
2010-04-16,0.4,7.0,4.8
2010-04-17,0.0,2.6,2.2
2010-04-18,0.0,11.9,7.8
2010-04-19,0.0,0.0,0.0
2010-04-20,5.5,23.0,14.6
2010-04-21,114.8,82.6,73.1
2010-04-22,14.9,86.9,72.9
2010-04-23,7.3,53.4,56.9
2010-04-24,0.0,1.9,1.0
2010-04-25,0.0,8.8,5.9
2010-04-26,0.0,0.0,0.0
2010-04-27,1.2,9.5,6.5
2010-04-28,0.0,5.9,3.4
2010-04-29,0.0,4.5,2.2
2010-04-30,46.0,20.2,19.5
2010-05-01,0.0,0.0,0.0
2010-05-02,4.4,0.9,0.0
2010-05-03,6.3,6.9,4.6
2010-05-04,29.3,51.6,54.9
2010-05-05,2.0,2.7,1.6
2010-05-06,0.0,1.2,0.0
2010-05-07,18.1,38.3,36.3
2010-05-08,0.0,5.4,3.5
2010-05-09,0.4,9.1,6.4
2010-05-10,1.0,37.2,34.8
2010-05-11,40.4,41.6,39.0
2010-05-12,10.1,14.0,10.3
2010-05-13,1.0,13.3,10.5
2010-05-14,0.0,3.7,2.7
2010-05-15,5.3,3.1,2.2
2010-05-16,16.0,123.0,60.8
2010-05-17,0.0,2.6,1.8
2010-05-18,0.0,0.7,0.0
2010-05-19,4.1,40.8,36.7
2010-05-20,3.8,7.2,6.3
2010-05-21,0.0,0.2,0.0
2010-05-22,5.9,18.5,20.5
2010-05-23,33.2,16.9,17.2
2010-05-24,0.0,3.9,3.5
2010-05-25,0.0,1.7,1.3
2010-05-26,0.0,1.0,0.0
2010-05-27,1.9,15.3,15.4
2010-05-28,2.1,14.3,14.8
2010-05-29,0.0,0.7,0.0
2010-05-30,0.0,1.3,1.0
2010-05-31,0.3,18.5,19.1
2010-06-01,0.2,11.8,6.7
2010-06-02,0.2,0.0,0.0
2010-06-03,0.0,0.0,0.0
2010-06-04,58.0,17.6,10.5
2010-06-05,0.8,13.8,8.2
2010-06-06,0.0,10.2,6.3
2010-06-07,0.9,23.3,19.0
2010-06-08,60.8,143.6,66.5
2010-06-09,0.0,4.0,1.5
2010-06-10,0.0,2.4,1.0
2010-06-11,5.4,3.7,2.9
2010-06-12,0.0,3.1,2.5
2010-06-13,0.6,22.6,15.0
2010-06-14,9.5,8.9,6.7
2010-06-15,2.5,3.3,2.7
2010-06-16,63.6,136.4,65.3
2010-06-17,0.0,21.1,13.6
2010-06-18,8.0,8.8,6.7
2010-06-19,0.0,0.7,0.0
2010-06-20,7.0,1.1,0.0
2010-06-21,0.0,0.0,0.0
2010-06-22,0.0,0.0,0.0
2010-06-23,0.0,16.6,11.9
2010-06-24,32.9,45.5,48.5
2010-06-25,0.0,0.9,0.0
2010-06-26,0.0,1.0,0.0
2010-06-27,13.4,40.4,38.6
2010-06-28,0.8,14.4,10.0
2010-06-29,0.0,7.8,6.6
2010-06-30,12.1,41.0,39.7
2010-07-01,1.2,3.0,2.8
2010-07-02,0.0,4.1,3.6
2010-07-03,15.2,0.9,0.0
2010-07-04,0.0,13.3,12.2
2010-07-05,1.0,1.0,0.0
2010-07-06,0.0,0.2,0.0
2010-07-07,0.0,2.0,2.0
2010-07-08,2.3,0.0,0.0
2010-07-09,0.0,1.8,1.6
2010-07-10,0.0,0.8,0.0
2010-07-11,0.0,12.1,9.2
2010-07-12,1.5,5.6,3.8
2010-07-13,1.4,14.5,13.3
2010-07-14,0.0,1.5,1.0
2010-07-15,0.2,13.3,10.0
2010-07-16,0.0,4.5,3.3
2010-07-17,28.1,9.4,8.0
2010-07-18,9.5,6.8,6.6
2010-07-19,0.0,0.0,0.0
2010-07-20,0.0,0.0,0.0
2010-07-21,0.0,0.2,0.0
2010-07-22,0.0,0.1,0.0
2010-07-23,0.0,0.0,0.0
2010-07-24,0.0,0.0,0.0
2010-07-25,2.0,5.6,8.4
2010-07-26,1.0,5.1,7.4
2010-07-27,6.0,28.9,28.8
2010-07-28,5.3,1.0,3.9
2010-07-29,13.2,0.9,4.6
2010-07-30,0.0,4.0,6.6
2010-07-31,4.0,0.3,0.0
2010-08-01,0.0,0.0,0.0
2010-08-02,0.0,0.0,0.0
2010-08-03,0.0,24.2,10.4
2010-08-04,3.6,19.6,9.5
2010-08-05,0.0,19.2,9.2
2010-08-06,0.0,0.3,0.0
2010-08-07,0.0,0.0,0.0
2010-08-08,0.0,0.0,0.0
2010-08-09,0.0,0.0,0.0
2010-08-10,0.0,23.4,8.8
2010-08-11,0.0,0.2,0.0
2010-08-12,0.0,39.5,22.9
2010-08-13,0.0,0.0,0.0
2010-08-14,0.0,5.2,3.3
2010-08-15,0.0,11.5,6.4
2010-08-16,0.0,0.4,0.0
2010-08-17,0.0,4.2,3.0
2010-08-18,0.0,0.0,0.0
2010-08-19,0.0,3.5,2.2
2010-08-20,0.0,1.9,1.6
2010-08-21,12.5,13.7,10.3
2010-08-22,67.3,65.8,56.3
2010-08-23,2.4,16.0,13.1
2010-08-24,29.3,24.1,25.5
2010-08-25,1.7,0.0,0.0
2010-08-26,0.0,4.1,2.8
2010-08-27,0.0,0.0,0.0
2010-08-28,0.0,2.7,1.9
2010-08-29,2.8,17.0,11.3
2010-08-30,0.0,9.4,7.0
2010-08-31,0.0,0.0,0.0
2010-09-01,0.0,1.5,2.5
2010-09-02,0.0,12.3,9.2
2010-09-03,0.0,0.3,0.0
2010-09-04,0.0,0.0,0.0
2010-09-05,4.3,24.1,17.2
2010-09-06,24.3,66.1,56.6
2010-09-07,0.0,2.8,3.3
2010-09-08,1.5,10.6,8.9
2010-09-09,2.6,30.0,19.2
2010-09-10,3.2,13.5,10.2
2010-09-11,0.8,9.3,9.0
2010-09-12,0.0,10.8,10.2
2010-09-13,0.2,15.9,14.2
2010-09-14,21.7,18.2,14.8
2010-09-15,9.1,52.5,60.6
2010-09-16,5.5,45.9,50.2
2010-09-17,0.0,0.4,0.0
2010-09-18,1.7,9.4,9.1
2010-09-19,20.2,20.2,16.9
2010-09-20,1.2,20.2,16.9
2010-09-21,44.0,23.2,21.6
2010-09-22,0.0,4.0,2.7
2010-09-23,0.0,14.3,10.2
2010-09-24,2.6,24.2,23.0
2010-09-25,0.0,4.1,3.4
2010-09-26,0.0,3.4,2.0
2010-09-27,0.0,1.0,0.0
2010-09-28,0.0,3.8,2.8
2010-09-29,0.0,0.2,0.0
2010-09-30,0.0,0.0,0.0
2010-10-01,0.2,0.5,0.0
2010-10-02,0.2,0.8,0.0
2010-10-03,0.0,13.4,10.6
2010-10-04,1.9,2.3,3.3
2010-10-05,0.0,0.6,0.0
2010-10-06,1.6,32.0,26.1
2010-10-07,0.0,4.7,5.7
2010-10-08,16.4,28.4,21.2
2010-10-09,0.0,1.8,3.0
2010-10-10,0.0,0.0,0.0
2010-10-11,0.0,0.0,0.0
2010-10-12,0.0,1.1,0.0
2010-10-13,34.0,23.7,15.5
2010-10-14,0.0,0.7,0.0
2010-10-15,0.0,2.7,1.8
2010-10-16,3.8,14.3,10.4
2010-10-17,1.8,1.8,1.3
2010-10-18,0.0,17.0,12.6
2010-10-19,0.7,16.8,12.0
2010-10-20,0.0,0.0,0.0
2010-10-21,0.0,3.1,2.9
2010-10-22,0.0,2.5,2.5
2010-10-23,2.5,36.3,29.0
2010-10-24,0.2,8.0,7.0
2010-10-25,30.2,13.0,10.5
2010-10-26,0.4,10.9,8.6
2010-10-27,23.5,21.9,13.2
2010-10-28,0.0,23.7,15.7
2010-10-29,0.0,3.1,2.9
2010-10-30,0.0,12.5,10.1
2010-10-31,0.0,2.6,2.6
2010-11-01,0.2,9.1,9.1
2010-11-02,0.0,0.4,0.0
2010-11-03,0.2,4.2,4.1
2010-11-04,19.6,16.5,15.6
2010-11-05,0.0,6.3,6.3
2010-11-06,19.3,21.6,22.5
2010-11-07,2.5,19.3,20.0
2010-11-08,1.5,9.1,9.2
2010-11-09,4.8,20.1,20.3
2010-11-10,0.0,1.1,1.0
2010-11-11,4.9,0.0,0.0
2010-11-12,37.1,2.8,3.0
2010-11-13,4.5,22.9,17.3
2010-11-14,0.0,2.1,2.4
2010-11-15,0.0,0.1,0.0
2010-11-16,52.1,8.8,7.0
2010-11-17,0.0,0.0,0.0
2010-11-18,0.0,0.0,0.0
2010-11-19,0.0,0.2,0.0
2010-11-20,0.0,1.4,2.0
2010-11-21,0.3,1.5,1.0
2010-11-22,1.8,10.8,6.6
2010-11-23,11.7,8.3,4.8
2010-11-24,31.5,94.1,94.6
2010-11-25,0.0,0.5,0.0
2010-11-26,0.0,3.0,1.3
2010-11-27,0.0,3.8,1.8
2010-11-28,0.0,0.0,0.0
2010-11-29,0.0,0.0,0.0
2010-11-30,5.2,12.6,7.9
2010-12-01,36.2,15.0,11.9
2010-12-02,0.0,3.1,1.2
2010-12-03,2.0,12.3,9.4
2010-12-04,8.0,38.1,40.7
2010-12-05,1.7,11.8,8.9
2010-12-06,15.7,11.0,8.1
2010-12-07,2.7,11.3,8.4
2010-12-08,1.5,12.6,9.6
2010-12-09,0.0,3.6,1.6
2010-12-10,23.8,30.0,28.5
2010-12-11,1.6,4.3,1.5
2010-12-12,0.0,1.0,0.0
2010-12-13,0.0,0.1,0.0
2010-12-14,18.6,43.9,28.9
2010-12-15,0.8,6.6,2.9
2010-12-16,0.0,1.6,0.0
2010-12-17,2.5,5.3,2.1
2010-12-18,49.0,22.1,12.3
2010-12-19,4.2,38.6,23.4
2010-12-20,7.5,3.6,1.1
2010-12-21,1.5,0.4,0.0
2010-12-22,8.9,14.4,8.5
2010-12-23,0.0,1.9,1.0
2010-12-24,0.0,1.7,1.0
2010-12-25,1.7,9.2,5.0
2010-12-26,21.0,8.5,4.5
2010-12-27,2.6,20.2,12.5
2010-12-28,33.6,31.4,21.1
2010-12-29,0.0,1.1,0.0
2010-12-30,1.6,7.2,3.6
2010-12-31,0.0,21.7,13.6
2011-01-01,2.4,19.2,13.5
2011-01-02,0.0,1.1,0.0
2011-01-03,0.0,2.2,1.5
2011-01-04,0.0,2.7,1.8
2011-01-05,11.6,17.7,12.4
2011-01-06,39.2,1.6,1.0
2011-01-07,0.0,9.6,6.7
2011-01-08,0.0,6.9,4.8
2011-01-09,9.3,11.0,7.7
2011-01-10,0.3,4.2,2.8
2011-01-11,1.8,14.6,9.6
2011-01-12,0.0,2.6,1.0
2011-01-13,0.2,0.6,0.0
2011-01-14,0.0,19.0,13.0
2011-01-15,0.0,4.8,2.1
2011-01-16,0.2,1.9,1.0
2011-01-17,1.7,31.6,21.2
2011-01-18,2.3,9.7,5.8
2011-01-19,4.5,56.4,45.6
2011-01-20,7.0,19.7,13.5
2011-01-21,0.8,10.5,5.6
2011-01-22,0.0,5.3,2.2
2011-01-23,0.0,4.3,1.6
2011-01-24,7.5,25.5,16.4
2011-01-25,1.1,20.3,12.6
2011-01-26,0.0,13.7,7.9
2011-01-27,2.5,1.9,1.0
2011-01-28,2.0,0.8,0.0
2011-01-29,10.9,23.8,15.2
2011-01-30,0.0,5.7,2.5
2011-01-31,2.0,9.0,4.6
2011-02-01,45.5,94.0,72.4
2011-02-02,97.6,47.9,41.2
2011-02-03,17.6,17.2,11.4
2011-02-04,22.0,21.8,15.0
2011-02-05,0.0,11.3,6.8
2011-02-06,0.0,1.7,0.0
2011-02-07,0.0,0.4,0.0
2011-02-08,53.0,111.5,75.8
2011-02-09,0.0,5.1,2.2
2011-02-10,0.0,0.0,0.0
2011-02-11,0.0,0.1,0.0
2011-02-12,33.8,15.3,11.0
2011-02-13,47.4,12.7,8.8
2011-02-14,3.7,2.2,1.0
2011-02-15,0.0,13.0,9.0
2011-02-16,17.4,22.1,16.9
2011-02-17,10.8,1.3,0.0
2011-02-18,0.0,3.1,1.0
2011-02-19,0.0,0.4,0.0
2011-02-20,20.6,20.9,15.9
2011-02-21,13.7,87.6,81.3
2011-02-22,26.6,35.8,29.8
2011-02-23,0.0,3.4,1.5
2011-02-24,8.1,21.7,15.7
2011-02-25,2.5,8.3,5.2
2011-02-26,13.7,2.1,1.0
2011-02-27,5.5,1.8,1.0
2011-02-28,10.7,10.8,7.1
2011-03-01,0.3,11.9,6.9
2011-03-02,0.0,0.2,0.0
2011-03-03,0.0,10.0,5.4
2011-03-04,27.5,11.8,6.8
2011-03-05,1.5,5.1,1.6
2011-03-06,16.2,17.4,11.5
2011-03-07,7.2,57.6,48.6
2011-03-08,3.0,22.0,15.5
2011-03-09,0.3,3.4,1.0
2011-03-10,6.2,3.7,1.0
2011-03-11,24.1,25.4,19.9
2011-03-12,16.0,55.0,50.9
2011-03-13,0.0,1.6,1.6
2011-03-14,0.0,6.8,5.6
2011-03-15,0.0,0.5,0.0
2011-03-16,0.3,1.3,1.4
2011-03-17,0.0,0.7,0.0
2011-03-18,0.0,0.0,0.0
2011-03-19,0.0,0.1,0.0
2011-03-20,0.0,2.4,2.3
2011-03-21,36.1,0.5,0.0
2011-03-22,0.0,16.3,11.6
2011-03-23,1.1,3.3,1.5
2011-03-24,0.0,4.2,2.1
2011-03-25,2.7,8.2,5.2
2011-03-26,0.0,2.3,1.0
2011-03-27,22.8,35.7,29.9
2011-03-28,20.8,33.6,27.4
2011-03-29,12.1,75.0,67.7
2011-03-30,6.5,35.2,29.5
2011-03-31,0.0,2.4,1.0
2011-04-01,0.0,6.5,4.8
2011-04-02,5.3,13.2,11.0
2011-04-03,5.4,17.6,15.1
2011-04-04,0.0,2.1,1.1
2011-04-05,0.0,0.0,0.0
2011-04-06,0.0,5.5,4.0
2011-04-07,37.3,93.8,72.7
2011-04-08,0.0,7.6,5.8
2011-04-09,3.7,27.3,32.1
2011-04-10,4.3,10.5,8.4
2011-04-11,1.8,17.4,11.4
2011-04-12,1.4,2.2,1.9
2011-04-13,15.6,2.9,2.3
2011-04-14,0.4,3.3,2.6
2011-04-15,0.0,0.9,0.0
2011-04-16,0.2,8.4,5.7
2011-04-17,0.0,0.9,0.0
2011-04-18,0.0,0.0,0.0
2011-04-19,0.0,0.4,0.0
2011-04-20,0.0,0.0,0.0
2011-04-21,0.0,0.0,0.0
2011-04-22,0.0,7.8,5.0
2011-04-23,25.7,14.3,10.8
2011-04-24,1.0,11.7,8.5
2011-04-25,0.0,4.8,2.5
2011-04-26,0.2,8.7,5.8
2011-04-27,0.0,0.9,0.0
2011-04-28,1.0,0.3,0.0
2011-04-29,2.0,16.4,12.5
2011-04-30,0.2,5.2,2.8
2011-05-01,9.2,18.2,14.0
2011-05-02,0.8,8.5,6.1
2011-05-04,14.0,18.2,13.2
2011-05-05,7.3,22.9,17.4
2011-05-06,5.7,25.2,19.5
2011-05-07,11.2,19.5,14.2
2011-05-08,0.0,6.3,4.2
2011-05-09,0.0,0.7,0.0
2011-05-10,0.0,0.2,0.0
2011-05-11,0.0,0.1,0.0
2011-05-12,0.0,0.1,0.0
2011-05-13,39.0,22.1,18.5
2011-05-14,0.0,0.0,0.0
2011-05-15,9.5,11.8,9.4
2011-05-16,0.0,0.0,0.0
2011-05-17,0.0,0.0,0.0
2011-05-18,6.5,0.0,0.0
2011-05-19,19.0,0.4,0.0
2011-05-20,0.0,0.1,0.0
2011-05-21,0.0,0.9,0.0
2011-05-22,2.5,0.0,0.0
2011-05-23,0.0,0.0,0.0
2011-05-24,0.0,0.0,0.0
2011-05-25,0.0,0.0,0.0
2011-05-26,0.0,0.2,0.0
2011-05-27,0.0,0.4,0.0
2011-05-28,0.0,0.0,0.0
2011-05-29,12.4,0.0,0.0
2011-05-30,0.0,0.0,0.0
2011-05-31,0.0,4.5,4.2
2011-06-01,2.6,8.8,4.9
2011-06-02,6.1,19.9,12.4
2011-06-03,0.8,8.2,4.4
2011-06-04,0.0,2.2,1.0
2011-06-05,0.0,4.2,1.7
2011-06-06,0.0,0.0,0.0
2011-06-07,0.0,0.0,0.0
2011-06-08,0.0,0.0,0.0
2011-06-09,0.0,0.2,0.0
2011-06-10,0.0,0.0,0.0
2011-06-11,0.0,0.0,0.0
2011-06-12,0.0,0.0,0.0
2011-06-13,0.0,0.0,0.0
2011-06-14,0.0,0.0,0.0
2011-06-15,0.0,0.0,0.0
2011-06-16,0.0,0.0,0.0
2011-06-17,0.0,0.0,0.0
2011-06-18,0.0,0.0,0.0
2011-06-19,0.0,0.0,0.0
2011-06-20,0.0,0.0,0.0
2011-06-21,0.0,0.0,0.0
2011-06-22,0.0,0.0,0.0
2011-06-23,0.0,0.0,0.0
2011-06-24,0.0,0.0,0.0
2011-06-25,0.0,0.0,0.0
2011-06-26,0.0,0.2,0.0
2011-06-27,0.0,0.0,0.0
2011-06-28,5.8,15.2,10.9
2011-06-29,0.0,25.9,19.3
2011-06-30,0.1,27.5,21.1
2011-07-01,0.0,3.1,2.9
2011-07-02,0.0,0.2,0.0
2011-07-03,0.0,0.0,0.0
2011-07-04,0.0,0.4,0.0
2011-07-05,0.0,0.2,0.0
2011-07-06,0.0,0.0,0.0
2011-07-07,0.0,0.0,0.0
2011-07-08,0.0,0.0,0.0
2011-07-09,0.4,21.4,18.7
2011-07-10,0.0,0.0,0.0
2011-07-11,1.5,17.8,13.8
2011-07-12,0.0,0.0,0.0
2011-07-13,0.0,0.0,0.0
2011-07-14,0.0,0.0,0.0
2011-07-15,0.0,0.0,0.0
2011-07-16,0.0,0.3,0.0
2011-07-17,0.0,0.0,0.0
2011-07-18,0.4,0.0,0.0
2011-07-19,1.0,0.0,0.0
2011-07-20,28.7,1.5,1.0
2011-07-21,34.0,1.2,4.0
2011-07-22,0.7,0.0,0.0
2011-07-23,0.0,0.1,0.0
2011-07-24,0.0,0.0,0.0
2011-07-25,0.0,0.0,0.0
2011-07-26,0.0,0.0,0.0
2011-07-27,0.0,0.0,0.0
2011-07-28,0.0,0.0,0.0
2011-07-29,0.0,0.0,0.0
2011-07-30,0.0,0.0,0.0
2011-07-31,0.0,0.0,0.0
2011-08-01,0.0,0.0,0.0
2011-08-02,0.0,0.0,0.0
2011-08-03,0.0,0.0,0.0
2011-08-04,0.0,0.0,0.0
2011-08-05,0.0,0.0,0.0
2011-08-06,0.0,0.0,0.0
2011-08-07,0.0,0.1,0.0
2011-08-08,0.0,0.0,0.0
2011-08-09,0.0,0.0,0.0
2011-08-10,0.0,0.0,0.0
2011-08-11,0.0,0.0,0.0
2011-08-12,0.0,0.0,0.0
2011-08-13,0.0,2.0,1.6
2011-08-14,0.0,0.0,0.0
2011-08-15,0.0,0.2,0.0
2011-08-16,0.0,0.0,0.0
2011-08-17,0.0,0.1,0.0
2011-08-18,0.0,0.0,0.0
2011-08-19,0.0,0.0,0.0
2011-08-20,0.0,0.0,0.0
2011-08-21,0.0,0.0,0.0
2011-08-22,0.0,0.0,0.0
2011-08-23,0.0,0.0,0.0
2011-08-24,0.0,0.0,0.0
2011-08-25,0.0,0.0,0.0
2011-08-26,0.0,0.0,0.0
2011-08-27,0.0,0.0,0.0
2011-08-28,0.0,0.0,0.0
2011-08-29,0.0,1.0,0.0
2011-08-30,0.0,0.0,0.0
2011-08-31,0.0,0.0,0.0
2011-09-01,0.0,0.0,0.0
2011-09-02,0.0,0.0,0.0
2011-09-03,0.0,0.0,0.0
2011-09-04,0.0,0.0,0.0
2011-09-05,0.0,0.0,0.0
2011-09-06,0.0,0.0,0.0
2011-09-07,0.0,0.0,0.0
2011-09-08,0.0,0.0,0.0
2011-09-09,0.0,0.0,0.0
2011-09-10,0.0,0.0,0.0
2011-09-11,0.0,0.0,0.0
2011-09-12,0.0,0.0,0.0
2011-09-13,2.5,12.9,11.9
2011-09-14,0.5,0.1,0.0
2011-09-15,0.0,7.5,7.2
2011-09-16,0.0,5.2,5.4
2011-09-17,0.0,3.0,3.7
2011-09-18,0.0,2.7,3.5
2011-09-19,0.0,0.0,0.0
2011-09-20,0.0,0.0,0.0
2011-09-21,0.0,0.0,0.0
2011-09-22,0.0,0.0,0.0
2011-09-23,0.0,0.0,0.0
2011-09-24,0.0,0.0,0.0
2011-09-25,0.0,0.0,0.0
2011-09-26,0.0,0.0,0.0
2011-09-27,0.0,0.5,0.0
2011-09-28,0.0,0.2,0.0
2011-09-29,0.0,0.0,0.0
2011-09-30,0.0,0.0,0.0
2011-10-01,0.0,0.0,0.0
2011-10-02,0.0,0.1,0.0
2011-10-03,0.0,0.4,0.0
2011-10-04,0.0,0.0,0.0
2011-10-05,0.0,0.0,0.0
2011-10-06,0.0,0.0,0.0
2011-10-07,0.0,0.0,0.0
2011-10-08,0.0,0.0,0.0
2011-10-09,0.0,0.0,0.0
2011-10-10,0.0,0.0,0.0
2011-10-11,0.0,0.0,0.0
2011-10-12,0.0,0.0,0.0
2011-10-13,0.0,0.0,0.0
2011-10-14,0.0,0.0,0.0
2011-10-15,0.0,0.0,0.0
2011-10-16,22.7,17.0,12.2
2011-10-17,2.4,13.2,9.1
2011-10-18,0.0,0.0,0.0
2011-10-19,4.6,1.7,1.2
2011-10-21,0.0,0.0,0.0
2011-10-22,0.0,0.1,0.0
2011-10-23,7.2,1.7,1.9
2011-10-24,0.0,0.0,0.0
2011-10-25,0.0,2.2,2.3
2011-10-26,0.0,4.1,3.6
2011-10-27,2.9,5.7,4.8
2011-10-28,0.0,1.1,0.0
2011-10-29,0.0,0.8,0.0
2011-10-30,1.0,0.5,0.0
2011-10-31,0.0,0.1,0.0
2011-11-04,40.0,48.6,61.6
2011-11-07,3.0,26.6,29.4
2011-11-08,0.2,10.0,10.1
2011-11-09,28.2,23.0,24.3
2011-11-13,1.4,8.9,7.1
2011-11-14,1.0,0.0,0.0
2011-11-20,45.0,5.5,4.8
2011-11-23,1.0,9.7,5.8
2011-11-24,2.9,31.1,26.7
2011-11-28,5.6,16.5,12.0
2011-11-29,0.2,16.9,10.9
2011-11-30,8.0,16.7,11.2
2011-12-03,5.5,22.7,20.3
2011-12-06,1.5,2.2,1.0
2011-12-07,7.0,0.2,0.0
2011-12-10,12.9,11.4,8.5
2011-12-11,13.3,3.3,1.0
2011-12-13,1.0,5.5,2.2
2011-12-15,0.5,10.1,4.9
2011-12-16,49.5,61.4,43.0
2011-12-17,48.3,119.9,61.4
2011-12-18,2.3,20.7,11.4
2011-12-19,3.5,16.4,8.8
2011-12-20,8.4,14.4,7.5
2011-12-23,53.2,23.3,14.7
2011-12-24,20.8,24.0,15.2
2011-12-25,4.5,14.2,8.4
2011-12-26,6.7,12.6,7.3
2011-12-27,33.8,15.5,9.3
2011-12-28,4.8,12.4,7.2
2011-12-29,61.5,46.3,31.2
2011-12-30,12.6,12.3,7.1
2011-12-31,0.4,0.8,0.0
2012-01-01,38.3,83.2,65.6
2012-01-02,1.0,19.5,13.7
2012-01-04,2.3,9.3,6.5
2012-01-05,19.0,16.5,11.6
2012-01-06,3.7,13.2,9.3
2012-01-07,4.8,17.4,12.2
2012-01-08,0.2,9.3,6.4
2012-01-10,3.8,8.4,5.8
2012-01-11,1.3,5.1,2.3
2012-01-12,4.8,11.5,7.2
2012-01-13,71.0,61.2,51.1
2012-01-14,16.0,2.1,1.0
2012-01-15,0.7,2.9,1.0
2012-01-16,53.3,8.3,4.8
2012-01-19,51.0,24.0,17.0
2012-01-20,0.7,3.5,1.2
2012-01-21,25.2,58.2,48.9
2012-01-22,0.8,8.6,4.4
2012-01-23,9.6,10.2,5.4
2012-01-24,2.7,9.4,4.9
2012-01-25,1.0,22.4,14.1
2012-01-26,11.0,3.5,1.1
2012-01-28,1.8,1.6,1.0
2012-01-29,2.4,4.4,1.6
2012-01-30,8.1,68.7,58.6
2012-01-31,1.0,7.4,3.6
2012-02-01,58.8,69.6,56.8
2012-02-02,8.9,4.8,2.0
2012-02-03,25.3,36.2,29.5
2012-02-04,10.6,5.8,2.7
2012-02-05,37.0,17.4,11.5
2012-02-06,20.1,48.1,41.5
2012-02-08,34.6,6.8,3.4
2012-02-09,35.1,24.9,17.5
2012-02-10,14.6,4.3,1.6
2012-02-11,6.0,9.9,6.3
2012-02-12,7.7,0.7,0.0
2012-02-13,0.3,17.7,13.1
2012-02-15,1.7,15.0,10.7
2012-02-17,0.6,15.0,10.7
2012-02-18,1.5,9.5,6.1
2012-02-19,2.0,15.4,11.1
2012-02-20,0.3,4.7,2.1
2012-02-25,22.0,14.4,9.9
2012-02-28,4.2,3.1,1.3
2012-02-29,12.2,15.9,11.1
2012-03-01,6.0,0.0,0.0
2012-03-02,31.0,16.3,10.6
2012-03-04,80.5,63.7,56.1
2012-03-05,31.4,15.2,9.6
2012-03-06,0.4,9.1,4.7
2012-03-07,48.8,33.4,26.2
2012-03-08,8.6,7.9,3.8
2012-03-09,34.3,43.3,34.4
2012-03-13,1.0,8.5,6.9
2012-03-19,40.5,22.5,18.1
2012-03-21,3.8,10.6,7.0
2012-03-24,18.0,2.9,1.2
2012-03-26,16.7,42.9,37.7
2012-03-27,7.0,5.1,2.8
2012-03-28,0.3,0.0,0.0
2012-03-31,2.7,18.6,13.5
2012-04-02,6.0,40.2,49.2
2012-04-03,10.3,11.7,9.6
2012-04-04,4.6,4.3,2.9
2012-04-05,2.0,1.3,1.0
2012-04-06,1.0,0.0,0.0
2012-04-08,1.5,4.1,2.8
2012-04-09,22.5,22.4,23.0
2012-04-10,3.5,2.8,1.7
2012-04-12,1.0,2.0,1.8
2012-04-13,28.1,76.1,55.9
2012-04-14,1.7,6.0,4.2
2012-04-16,14.5,21.7,13.4
2012-04-20,10.0,0.0,0.0
2012-04-30,1.0,6.9,4.3
2012-05-05,55.0,34.3,30.6
2012-05-06,6.5,8.0,5.4
2012-05-07,0.3,6.4,4.2
2012-05-15,10.0,9.1,7.1
2012-05-17,1.4,4.6,3.3
2012-05-28,12.6,0.3,0.0
2012-05-31,11.4,1.5,1.2
2012-06-01,0.0,1.9,1.0
2012-06-02,0.0,0.1,0.0
2012-06-03,0.0,0.0,0.0
2012-06-04,0.0,6.1,3.0
2012-06-05,0.0,5.8,2.7
2012-06-06,0.0,34.0,35.7
2012-06-07,0.0,6.7,3.3
2012-06-08,0.0,0.4,0.0
2012-06-09,0.0,0.2,0.0
2012-06-10,0.0,35.7,39.0
2012-06-11,0.0,14.9,10.1
2012-06-12,0.0,0.0,0.0
2012-06-13,0.0,0.0,0.0
2012-06-14,0.0,0.0,0.0
2012-06-15,0.0,0.0,0.0
2012-06-16,0.0,0.0,0.0
2012-06-17,0.0,0.0,0.0
2012-06-18,0.0,0.0,0.0
2012-06-19,0.0,0.0,0.0
2012-06-20,0.0,0.0,0.0
2012-06-21,0.0,0.7,0.0
2012-06-22,0.0,4.5,3.5
2012-06-23,0.0,0.1,0.0
2012-06-24,0.0,0.0,0.0
2012-06-25,0.0,0.0,0.0
2012-06-26,0.0,0.0,0.0
2012-06-27,0.0,0.0,0.0
2012-06-28,0.0,0.0,0.0
2012-06-29,0.0,0.0,0.0
2012-06-30,0.0,0.0,0.0
2012-07-01,0.0,0.0,0.0
2012-07-02,0.0,0.0,0.0
2012-07-03,0.0,0.0,0.0
2012-07-04,0.0,0.3,0.0
2012-07-05,0.0,0.0,0.0
2012-07-06,0.0,0.0,0.0
2012-07-07,0.0,0.0,0.0
2012-07-08,0.0,0.0,0.0
2012-07-09,0.0,0.0,0.0
2012-07-10,0.0,0.0,0.0
2012-07-11,0.0,0.0,0.0
2012-07-12,0.0,0.0,0.0
2012-07-13,0.0,0.4,0.0
2012-07-14,0.0,0.4,0.0
2012-07-15,0.0,1.8,1.0
2012-07-16,0.0,0.0,0.0
2012-07-17,0.0,0.0,0.0
2012-07-18,0.0,4.4,3.6
2012-07-19,1.1,24.8,20.1
2012-07-20,0.0,0.5,0.0
2012-07-21,0.0,0.0,0.0
2012-07-22,0.0,0.0,0.0
2012-07-23,0.0,0.0,0.0
2012-07-24,0.0,0.0,0.0
2012-07-25,0.0,0.0,0.0
2012-07-26,0.0,0.0,0.0
2012-07-27,0.0,0.0,0.0
2012-07-28,0.0,0.0,0.0
2012-07-29,0.0,0.0,0.0
2012-07-30,0.0,0.0,0.0
2012-07-31,0.0,0.0,0.0
2012-08-01,0.0,0.0,0.0
2012-08-02,0.0,0.0,0.0
2012-08-03,0.0,0.0,0.0
2012-08-04,0.0,0.0,0.0
2012-08-05,0.0,2.1,2.6
2012-08-06,0.0,0.0,0.0
2012-08-07,0.0,0.0,0.0
2012-08-08,0.0,0.0,0.0
2012-08-09,0.0,0.0,0.0
2012-08-10,0.0,0.0,0.0
2012-08-11,0.0,0.0,0.0
2012-08-12,0.0,0.0,0.0
2012-08-13,0.0,0.0,0.0
2012-08-14,0.0,0.0,0.0
2012-08-15,0.0,0.0,0.0
2012-08-16,0.0,0.0,0.0
2012-08-17,0.0,0.0,0.0
2012-08-18,0.0,0.0,0.0
2012-08-19,0.0,0.0,0.0
2012-08-20,0.0,0.0,0.0
2012-08-21,0.0,0.0,0.0
2012-08-22,0.0,0.0,0.0
2012-08-23,0.0,0.0,0.0
2012-08-24,0.0,0.0,0.0
2012-08-25,0.0,0.6,0.0
2012-08-26,0.0,0.1,0.0
2012-08-27,0.0,0.9,0.0
2012-08-28,0.0,0.0,0.0
2012-08-29,0.0,0.0,0.0
2012-08-30,0.0,0.0,0.0
2012-08-31,0.0,0.0,0.0
2012-09-01,0.0,0.0,0.0
2012-09-02,0.0,0.0,0.0
2012-09-03,0.0,0.0,0.0
2012-09-04,0.0,0.0,0.0
2012-09-05,0.0,0.0,0.0
2012-09-06,0.0,0.0,0.0
2012-09-07,0.0,0.0,0.0
2012-09-08,0.0,0.0,0.0
2012-09-09,0.0,0.0,0.0
2012-09-10,0.0,0.0,0.0
2012-09-11,0.0,0.0,0.0
2012-09-12,0.0,0.0,0.0
2012-09-13,0.0,0.0,0.0
2012-09-14,0.0,0.0,0.0
2012-09-15,0.0,0.0,0.0
2012-09-16,0.0,0.0,0.0
2012-09-17,0.0,0.0,0.0
2012-09-18,0.0,0.0,0.0
2012-09-19,0.0,0.1,0.0
2012-09-20,0.0,0.0,0.0
2012-09-21,0.0,0.0,0.0
2012-09-22,0.0,0.4,0.0
2012-09-23,0.0,0.0,0.0
2012-09-24,0.0,0.0,0.0
2012-09-25,0.0,0.0,0.0
2012-09-26,0.0,0.0,0.0
2012-09-27,0.0,0.0,0.0
2012-09-28,0.0,0.2,0.0
2012-09-29,0.0,0.0,0.0
2012-09-30,0.0,0.0,0.0
2012-10-01,0.0,0.0,0.0
2012-10-02,0.0,0.0,0.0
2012-10-03,0.0,0.0,0.0
2012-10-04,0.0,0.0,0.0
2012-10-05,0.0,0.0,0.0
2012-10-06,0.0,0.0,0.0
2012-10-07,0.0,0.7,0.0
2012-10-08,0.0,0.3,0.0
2012-10-09,1.0,0.0,0.0
2012-10-10,0.0,0.0,0.0
2012-10-11,0.0,2.5,1.7
2012-10-12,0.0,2.3,1.6
2012-10-14,1.0,4.3,2.9
2012-10-16,0.0,8.0,6.1
2012-10-17,0.0,3.7,2.5
2012-10-18,10.0,0.6,0.0
2012-10-19,5.0,5.3,4.0
2012-10-20,0.0,28.5,20.2
2012-10-21,0.0,4.0,3.6
2012-10-22,0.0,0.2,0.0
2012-10-23,0.0,0.0,0.0
2012-10-24,0.0,0.0,0.0
2012-10-25,0.0,0.0,0.0
2012-10-26,0.0,5.8,4.9
2012-10-27,0.0,4.8,4.1
2012-10-28,0.0,0.0,0.0
2012-10-29,0.0,20.1,14.7
2012-10-30,1.0,0.2,0.0
2012-10-31,0.0,0.0,0.0
2012-11-01,0.0,2.0,1.8
2012-11-02,0.0,46.8,57.9
2012-11-03,13.0,14.0,14.4
2012-11-04,0.0,10.6,10.7
2012-11-05,0.0,1.0,1.0
2012-11-06,0.0,13.2,13.5
2012-11-07,0.0,14.7,14.6
2012-11-09,0.0,0.0,0.0
2012-11-10,0.0,13.2,13.3
2012-11-11,9.0,0.5,0.0
2012-11-12,2.0,5.5,4.8
2012-11-13,4.0,3.0,3.1
2012-11-14,5.0,2.6,2.8
2012-11-16,2.0,1.9,2.3
2012-11-17,0.0,7.3,6.1
2012-11-18,5.0,29.6,21.3
2012-11-19,8.0,1.9,2.3
2012-11-20,5.0,9.0,7.2
2012-11-21,45.0,11.3,6.9
2012-11-22,0.0,9.7,5.8
2012-11-23,1.0,12.7,7.9
2012-11-24,1.0,13.5,8.5
2012-11-25,2.0,5.7,3.1
2012-11-26,0.0,2.5,1.0
2012-11-27,0.0,5.4,2.9
2012-11-28,0.0,0.7,0.0
2012-11-29,0.0,2.7,1.1
2012-11-30,0.0,3.2,1.4
2012-12-01,0.0,8.0,5.4
2012-12-02,0.0,0.8,0.0
2012-12-03,0.0,3.6,1.6
2012-12-04,0.0,28.2,26.9
2012-12-05,24.0,7.9,5.3
2012-12-06,24.0,19.2,16.4
2012-12-07,11.0,25.9,23.2
2012-12-08,0.0,3.0,1.1
2012-12-09,0.0,3.5,1.6
2012-12-10,40.0,13.4,10.4
2012-12-11,0.0,0.5,0.0
2012-12-12,18.0,10.1,5.0
2012-12-13,2.0,8.6,4.1
2012-12-14,0.0,0.8,0.0
2012-12-15,0.0,12.1,6.2
2012-12-16,3.0,7.4,3.3
2012-12-17,1.0,11.0,5.5
2012-12-18,1.0,10.1,4.9
2012-12-19,0.0,0.5,0.0
2012-12-20,0.0,3.0,1.0
2012-12-21,1.0,8.9,4.8
2012-12-22,8.0,24.4,15.5
2012-12-23,0.0,6.2,3.0
2012-12-24,0.0,8.2,4.3
2012-12-25,4.0,60.6,44.5
2012-12-26,13.0,43.9,31.3
2012-12-27,8.0,22.5,14.2
2012-12-28,75.0,113.8,107.7
2012-12-29,0.0,23.6,14.9
2012-12-30,8.0,12.2,7.0
2012-12-31,40.0,33.8,23.1
2013-01-01,40.0,15.8,11.1
2013-01-02,23.0,45.3,34.4
2013-01-03,19.0,90.5,70.6
2013-01-04,50.0,82.8,65.1
2013-01-05,43.0,33.0,25.3
2013-01-06,67.0,8.2,5.7
2013-01-07,0.0,58.4,44.2
2013-01-08,12.0,17.7,12.4
2013-01-09,16.0,6.7,4.6
2013-01-11,0.0,0.6,0.0
2013-01-12,0.0,9.6,5.7
2013-01-13,1.0,34.0,23.7
2013-01-14,3.0,17.4,11.7
2013-01-15,5.0,42.0,32.2
2013-01-16,17.0,4.1,1.6
2013-01-17,1.0,10.2,6.2
2013-01-18,14.0,5.9,3.0
2013-01-19,1.0,56.6,45.0
2013-01-20,14.0,18.8,12.8
2013-01-21,24.0,36.3,25.2
2013-01-22,17.0,9.5,4.9
2013-01-23,0.0,15.3,9.0
2013-01-24,4.0,20.4,12.7
2013-01-25,9.0,9.9,5.3
2013-01-26,1.0,5.1,2.1
2013-01-27,3.0,38.0,27.1
2013-01-28,30.0,3.3,1.0
2013-01-30,6.0,1.0,0.0
2013-01-31,39.0,7.4,3.6
2013-02-01,11.0,12.3,7.6
2013-02-02,2.0,0.3,0.0
2013-02-03,16.0,1.0,0.0
2013-02-04,0.0,0.2,0.0
2013-02-05,0.0,1.6,0.0
2013-02-07,10.0,2.9,1.0
2013-02-08,0.0,0.0,0.0
2013-02-09,0.0,6.7,3.4
2013-02-10,0.0,0.3,0.0
2013-02-11,0.0,1.1,0.0
2013-02-12,0.0,5.0,2.4
2013-02-13,0.0,0.3,0.0
2013-02-14,0.0,4.2,1.8
2013-02-15,0.0,5.2,2.5
2013-02-16,0.0,44.8,41.8
2013-02-17,58.0,2.9,1.0
2013-02-18,0.0,19.0,14.2
2013-02-19,2.0,11.2,7.4
2013-02-20,1.0,14.7,10.4
2013-02-23,1.0,11.8,7.9
2013-02-26,0.0,30.3,26.7
2013-02-27,2.0,13.4,9.2
2013-03-01,108.0,65.7,55.1
2013-03-02,32.0,0.2,0.0
2013-03-03,0.0,23.7,16.9
2013-03-04,3.0,2.4,0.0
2013-03-05,0.0,1.2,0.0
2013-03-06,0.0,0.3,0.0
2013-03-07,0.0,3.1,1.0
2013-03-08,4.0,15.8,10.1
2013-03-09,0.0,12.3,7.3
2013-03-10,30.0,21.8,15.3
2013-03-11,6.0,1.9,1.8
2013-03-12,0.0,20.2,16.4
2013-03-13,5.0,10.7,8.7
2013-03-14,12.0,2.5,2.3
2013-03-15,4.0,1.4,1.5
2013-03-16,0.0,2.7,2.5
2013-03-17,0.0,5.1,4.3
2013-03-18,1.0,1.4,1.5
2013-03-20,0.0,0.0,0.0
2013-03-21,0.0,0.1,0.0
2013-03-22,0.0,1.3,0.0
2013-03-23,2.0,0.6,0.0
2013-03-24,0.0,0.3,0.0
2013-03-25,0.0,0.0,0.0
2013-03-26,0.0,0.0,0.0
2013-03-27,0.0,15.4,10.8
2013-03-28,5.0,43.7,39.0
2013-03-30,20.0,9.8,6.4
2013-03-31,7.0,3.3,1.5
2013-04-01,0.0,7.4,5.6
2013-04-03,0.0,9.5,7.5
2013-04-04,0.0,9.7,7.7
2013-04-06,1.0,32.0,40.9
2013-04-07,2.0,60.9,67.0
2013-04-08,20.0,0.3,0.0
2013-04-09,0.0,0.9,0.0
2013-04-10,0.0,8.1,6.2
2013-04-11,1.0,45.0,33.6
2013-04-12,8.0,9.5,6.3
2013-04-13,2.0,2.8,2.3
2013-04-14,0.0,3.3,2.6
2013-04-15,0.0,23.6,14.8
2013-04-17,1.0,7.1,4.9
2013-04-18,0.0,35.5,25.3
2013-04-19,6.0,4.2,3.2
2013-04-20,0.0,1.8,1.7
2013-04-22,10.0,5.8,3.3
2013-04-24,0.0,1.7,1.0
2013-04-25,0.0,0.0,0.0
2013-04-26,4.0,2.9,1.0
2013-04-27,1.0,0.9,0.0
2013-04-29,0.0,14.5,10.9
2013-04-30,26.0,0.0,0.0
2013-05-01,0.0,0.0,0.0
2013-05-02,0.0,0.0,0.0
2013-05-03,0.0,0.0,0.0
2013-05-04,0.0,0.0,0.0
2013-05-05,0.0,0.0,0.0
2013-05-06,0.0,0.3,0.0
2013-05-07,3.0,3.0,1.8
2013-05-08,0.0,8.9,6.2
2013-05-09,0.0,0.2,0.0
2013-05-10,0.0,2.4,1.4
2013-05-11,0.0,5.7,4.2
2013-05-13,0.0,8.0,6.3
2013-05-14,0.0,1.2,0.0
2013-05-15,0.0,0.4,0.0
2013-05-16,0.0,10.9,9.1
2013-05-17,20.0,1.1,0.0
2013-05-20,17.0,6.6,4.8
2013-05-21,26.0,1.0,0.0
2013-05-22,0.0,1.0,0.0
2013-05-23,0.0,2.5,2.1
2013-05-24,0.0,9.7,9.9
2013-05-25,0.0,8.5,9.0
2013-05-26,1.0,27.9,32.6
2013-05-27,9.0,48.0,58.3
2013-05-28,139.0,2.9,2.6
2013-05-29,9.0,6.1,5.7
2013-05-30,14.0,14.0,13.5
2013-05-31,25.0,17.3,17.3
2013-06-01,0.0,9.3,5.5
2013-06-03,51.0,13.6,8.5
2013-06-04,1.0,20.8,13.9
2013-06-05,0.0,3.8,1.4
2013-06-06,0.0,2.9,1.0
2013-06-08,0.0,16.3,11.0
2013-06-09,0.0,3.1,1.0
2013-06-13,6.0,26.3,19.1
2013-06-14,27.0,4.2,3.2
2013-06-17,97.0,3.0,2.4
2013-06-19,15.0,20.3,12.8
2013-06-20,87.0,12.5,8.7
2013-06-21,1.0,0.7,0.0
2013-06-22,1.0,0.0,0.0
2013-06-28,14.0,3.2,2.2
2013-07-01,0.0,2.2,2.4
2013-07-02,1.0,2.2,2.5
2013-07-03,0.0,23.3,21.8
2013-07-04,19.0,2.0,2.2
2013-07-06,0.0,0.0,0.0
2013-07-07,0.0,0.1,0.0
2013-07-08,0.0,0.3,0.0
2013-07-09,0.0,3.5,3.7
2013-07-10,2.0,18.4,14.5
2013-07-11,4.0,4.2,3.2
2013-07-12,4.0,28.3,23.3
2013-07-13,6.0,57.2,80.2
2013-07-14,16.0,1.6,1.0
2013-07-15,45.0,1.3,0.0
2013-07-17,0.0,0.0,0.0
2013-07-18,0.0,0.0,0.0
2013-07-19,0.0,0.0,0.0
2013-07-20,0.0,0.0,0.0
2013-07-21,0.0,1.2,4.0
2013-07-22,3.0,11.5,13.5
2013-07-23,8.0,5.4,7.7
2013-07-24,32.0,4.6,7.1
2013-07-25,13.0,0.0,0.0
2013-07-26,1.0,3.2,5.9
2013-07-27,1.0,0.0,0.0
2013-07-28,0.0,0.0,0.0
2013-07-29,0.0,0.0,0.0
2013-07-30,0.0,0.1,0.0
2013-07-31,0.0,0.0,0.0
2013-08-01,0.0,0.0,0.0
2013-08-02,0.0,0.0,0.0
2013-08-03,0.0,0.0,0.0
2013-08-04,0.0,0.0,0.0
2013-08-05,0.0,0.4,0.0
2013-08-06,0.0,0.9,0.0
2013-08-07,0.0,0.0,0.0
2013-08-08,0.0,0.4,0.0
2013-08-09,0.0,0.0,0.0
2013-08-10,0.0,0.0,0.0
2013-08-11,0.0,0.0,0.0
2013-08-12,0.0,0.0,0.0
2013-08-13,0.0,0.4,0.0
2013-08-14,0.0,0.0,0.0
2013-08-15,3.0,7.3,4.0
2013-08-16,0.0,34.6,16.0
2013-08-17,1.0,1.0,0.0
2013-08-18,0.0,0.0,0.0
2013-08-19,0.0,0.0,0.0
2013-08-20,0.0,0.0,0.0
2013-08-21,0.0,0.0,0.0
2013-08-22,0.0,0.0,0.0
2013-08-23,0.0,0.4,0.0
2013-08-24,0.0,0.0,0.0
2013-08-25,0.0,0.0,0.0
2013-08-26,0.0,0.0,0.0
2013-08-27,0.0,0.3,0.0
2013-08-28,0.0,9.3,6.6
2013-08-29,1.0,0.0,0.0
2013-12-11,0.0,4.2,1.5
2013-12-12,0.6,30.8,18.0
2013-12-13,33.1,39.9,25.3
2013-12-14,66.0,49.2,33.9
2013-12-15,6.2,35.8,21.7
2013-12-16,33.5,4.9,1.9
2013-12-18,7.8,12.7,6.5
2013-12-19,43.5,19.1,10.4
2013-12-20,9.5,27.4,16.3
2013-12-21,1.8,19.1,11.8
2013-12-23,1.0,6.8,3.4
2013-12-24,11.0,8.5,4.5
2013-12-25,3.7,13.0,7.5
2013-12-26,27.4,1.1,0.0
2013-12-27,0.0,0.7,0.0
2013-12-28,2.0,4.9,2.1
2013-12-29,4.2,8.8,4.7
2013-12-30,0.0,42.2,29.1
2013-12-31,6.0,25.0,15.9
2014-01-01,0.4,11.3,7.9
2014-01-03,3.6,31.0,23.5
2014-01-04,109.0,17.3,12.1
2014-01-05,14.0,2.5,1.6
2014-01-06,0.0,18.3,12.9
2014-01-07,2.0,0.5,0.0
2014-01-08,0.0,11.2,7.8
2014-01-09,4.2,0.1,0.0
2014-01-10,0.0,5.6,3.8
2014-01-11,0.0,6.5,3.4
2014-01-12,29.0,25.8,18.3
2014-01-13,27.1,4.2,1.7
2014-01-14,16.0,63.7,53.3
2014-01-15,42.0,41.8,30.5
2014-01-16,29.6,30.5,21.9
2014-01-17,5.4,27.1,19.4
2014-01-18,33.7,31.0,21.0
2014-01-19,64.4,15.5,10.2
2014-01-20,9.4,10.5,6.4
2014-01-21,3.2,11.6,6.4
2014-01-22,16.8,10.5,5.6
2014-01-23,14.4,13.4,7.7
2014-01-24,1.2,3.2,1.0
2014-01-25,0.7,1.2,0.0
2014-01-27,4.5,34.1,22.0
2014-01-28,6.4,3.3,1.0
2014-01-29,2.1,1.1,0.0
2014-01-30,0.3,1.8,1.0
2014-01-31,1.0,0.8,0.0
2014-02-02,0.5,14.3,9.1
2014-02-03,18.7,15.9,10.4
2014-02-04,6.0,5.5,2.5
2014-02-05,30.5,1.1,0.0
2014-02-06,0.2,3.5,1.1
2014-02-08,9.8,18.9,12.7
2014-02-09,3.0,42.2,36.1
2014-02-10,24.6,1.4,0.0
2014-02-11,0.0,2.5,1.0
2014-02-12,0.3,0.1,0.0
2014-02-13,0.0,3.3,1.0
2014-02-14,1.7,32.6,28.8
2014-02-15,13.0,20.4,15.5
2014-02-16,2.0,14.6,10.4
2014-02-17,0.0,44.0,41.3
2014-02-18,1.7,64.6,61.8
2014-02-19,39.5,6.8,3.8
2014-02-21,1.8,3.2,1.4
2014-02-22,0.0,21.4,15.4
2014-02-23,50.1,2.6,1.0
2014-02-24,2.3,4.2,2.1
2014-02-25,0.0,0.5,0.0
2014-02-26,0.0,0.0,0.0
2014-02-27,0.0,0.0,0.0
2014-03-01,1.4,5.9,2.2
2014-03-02,1.5,0.0,0.0
2014-03-03,0.0,0.1,0.0
2014-03-04,0.0,0.5,0.0
2014-03-06,5.0,1.0,0.0
2014-03-07,0.3,27.8,20.7
2014-03-08,32.5,4.4,1.1
2014-03-09,5.1,64.1,53.1
2014-03-10,43.1,9.0,4.6
2014-03-11,2.6,13.2,10.7
2014-03-12,24.2,8.4,6.9
2014-03-13,0.3,26.3,20.5
2014-03-14,14.9,0.2,0.0
2014-03-16,0.0,0.0,0.0
2014-03-17,0.0,8.6,7.1
2014-03-18,17.0,0.1,0.0
2014-03-19,0.0,36.6,31.9
2014-03-20,31.5,4.1,3.5
2014-03-21,1.5,18.8,14.8
2014-03-22,9.7,16.5,11.7
2014-03-23,5.0,1.1,0.0
2014-03-24,0.0,31.5,25.0
2014-03-25,1.0,39.2,34.0
2014-03-26,36.8,0.5,0.0
2014-03-27,0.0,0.0,0.0
2014-03-28,0.0,0.4,0.0
2014-03-29,0.0,0.3,0.0
2014-03-30,0.0,1.1,0.0
2014-03-31,0.0,0.7,0.0
2014-04-01,0.0,0.7,0.0
2014-04-02,0.0,4.8,3.4
2014-04-03,0.0,0.4,0.0
2014-04-04,0.0,5.9,4.3
2014-04-05,0.0,1.7,1.0
2014-04-06,0.0,6.5,4.8
2014-04-07,42.2,2.7,1.6
2014-04-08,0.0,9.5,7.6
2014-04-09,3.5,8.0,6.1
2014-04-10,11.5,8.7,6.8
2014-04-12,4.6,25.0,14.4
2014-04-13,12.0,46.3,34.3
2014-04-14,14.0,28.6,18.0
2014-04-15,33.5,0.3,0.0
2014-04-16,1.0,7.3,5.0
2014-04-18,0.0,0.2,0.0
2014-04-19,0.0,1.3,0.0
2014-04-20,0.0,1.7,1.6
2014-04-22,3.2,0.3,0.0
2014-04-23,0.0,25.4,25.5
2014-04-25,0.0,4.6,2.3
2014-04-26,0.0,1.9,1.0
2014-04-27,0.0,7.1,4.4
2014-04-28,0.0,14.3,10.8
2014-04-29,2.0,0.0,0.0
2014-04-30,0.0,0.0,0.0
2014-05-02,0.0,1.2,0.0
2014-05-03,16.2,1.8,1.0
2014-05-04,5.0,0.6,0.0
2014-05-05,7.6,2.2,1.3
2014-05-06,0.0,0.1,0.0
2014-05-07,0.0,1.6,1.0
2014-05-08,0.0,0.1,0.0
2014-05-11,0.0,0.0,0.0
2014-05-12,0.0,2.5,1.8
2014-05-13,0.0,17.6,13.8
2014-05-14,2.5,22.4,18.1
2014-05-15,1.0,4.1,3.0
2014-05-16,0.0,14.3,11.3
2014-05-17,37.0,0.3,0.0
2014-05-18,0.2,0.0,0.0
2014-05-19,0.0,0.0,0.0
2014-05-20,0.0,0.0,0.0
2014-05-21,0.0,5.2,4.9
2014-05-22,0.0,0.1,0.0
2014-05-24,0.0,0.1,0.0
2014-05-25,0.0,77.8,93.8
2014-05-26,76.5,24.7,27.8
2014-05-27,4.7,1.4,1.1
2014-05-28,0.0,0.8,0.0
2014-05-29,0.0,0.0,0.0
2014-05-30,0.0,0.0,0.0
2014-05-31,0.0,0.0,0.0
2014-06-01,0.0,0.0,0.0
2014-06-02,0.0,0.0,0.0
2014-06-03,0.0,0.0,0.0
2014-06-04,0.0,10.0,5.4
2014-06-05,0.7,0.0,0.0
2014-06-06,0.0,0.2,0.0
2014-06-07,0.0,0.0,0.0
2014-06-08,0.0,0.0,0.0
2014-06-09,0.0,0.0,0.0
2014-06-10,0.0,0.7,0.0
2014-06-11,0.0,0.1,0.0
2014-06-12,0.0,2.3,2.0
2014-06-13,0.0,6.4,5.2
2014-06-14,1.0,0.5,0.0
2014-06-15,0.0,5.3,3.9
2014-06-16,0.0,71.2,65.0
2014-06-17,33.6,12.2,8.3
2014-06-18,0.2,26.3,19.2
2014-06-19,4.1,19.5,13.5
2014-06-20,5.0,1.0,0.0
2014-06-23,0.0,0.7,0.0
2014-06-24,0.0,0.5,0.0
2014-06-25,0.0,15.7,10.9
2014-06-26,0.0,47.1,50.8
2014-06-27,12.6,2.9,2.0
2014-06-28,0.0,0.0,0.0
2014-06-29,0.0,0.3,0.0
2014-06-30,0.0,0.0,0.0
2014-07-01,0.0,0.0,0.0
2014-07-02,0.0,0.0,0.0
2014-07-03,0.0,10.0,8.6
2014-07-04,0.0,26.0,25.2
2014-07-05,0.3,34.8,38.6
2014-07-06,8.4,21.5,18.5
2014-07-07,6.6,0.0,0.0
2014-07-08,0.0,0.0,0.0
2014-07-10,0.0,1.0,0.0
2014-07-11,1.3,0.0,0.0
2014-07-12,0.0,0.0,0.0
2014-07-13,0.0,10.3,8.2
2014-07-14,5.7,1.0,0.0
2014-07-15,0.0,0.0,0.0
2014-07-16,0.0,0.0,0.0
2014-07-17,0.0,0.0,0.0
2014-07-18,0.0,0.0,0.0
2014-07-19,0.0,0.0,0.0
2014-07-21,4.5,6.6,8.5
2014-07-22,0.0,0.9,3.5
2014-07-23,0.0,0.0,0.0
2014-07-24,0.0,8.8,11.1
2014-07-25,14.7,7.3,9.2
2014-07-26,9.6,0.6,0.0
2014-07-27,0.0,0.0,0.0
2014-07-29,0.0,0.0,0.0
2014-07-30,0.0,0.6,0.0
2014-07-31,0.0,0.0,0.0
2014-08-01,0.0,0.0,0.0
2014-08-02,0.0,0.0,0.0
2014-08-03,0.0,5.9,3.9
2014-08-05,0.7,1.0,0.0
2014-10-08,0.0,1.2,0.0
2014-10-09,0.0,0.0,0.0
2014-10-11,0.0,0.0,0.0
2014-10-17,0.0,0.1,0.0
2014-11-18,0.2,6.6,5.6
2014-11-19,18.7,0.2,0.0
2014-11-20,13.0,0.0,0.0
2014-11-21,0.0,4.3,2.1
2014-11-23,30.0,2.3,1.0
2014-11-24,2.6,7.2,4.1
2014-11-25,3.8,2.5,1.0
2014-11-26,0.0,0.2,0.0
2014-11-27,0.0,16.3,10.8
2014-11-28,28.0,1.9,1.0
2014-11-29,0.0,14.4,9.1
2014-11-30,3.0,6.0,3.2
2014-12-01,0.0,1.7,1.0
2014-12-02,0.0,12.2,9.3
2014-12-04,9.5,32.9,32.3
2014-12-05,9.6,17.5,14.7
2014-12-06,1.8,20.8,17.9
2014-12-08,0.0,7.7,5.2
2014-12-09,4.5,12.3,9.4
2014-12-10,4.0,10.2,7.4
2014-12-11,15.0,28.8,16.1
2014-12-12,1.0,37.6,22.3
2014-12-13,2.5,20.4,11.2
2014-12-14,11.0,4.3,1.5
2014-12-15,0.0,0.7,0.0
2014-12-16,0.0,13.4,6.9
2014-12-17,12.0,66.1,45.6
2014-12-18,15.4,38.5,24.4
2014-12-19,63.7,5.4,2.2
2014-12-20,0.0,11.3,5.6
2014-12-22,0.8,2.5,1.0
2014-12-23,0.0,1.6,0.0
2014-12-24,2.0,10.6,5.9
2014-12-27,7.7,28.6,18.4
2014-12-28,3.0,14.0,8.3
2015-01-01,80.0,36.0,26.6
2015-01-02,16.0,83.9,65.9
2015-01-03,21.0,37.7,28.4
2015-01-05,25.7,0.9,0.0
2015-01-07,7.0,9.8,6.8
2015-01-09,0.0,3.0,2.0
2015-01-10,0.6,15.7,11.0
2015-01-11,14.5,0.0,0.0
2015-01-13,3.2,29.0,21.4
2015-01-14,31.5,6.0,3.0
2015-01-15,6.2,21.1,14.7
2015-01-16,4.1,10.0,6.0
2015-01-19,3.2,69.9,60.3
2015-01-20,25.0,31.0,21.4
2015-01-21,17.9,4.7,1.8
2015-01-22,0.3,3.7,1.3
2015-01-24,25.5,25.1,16.1
2015-01-25,19.5,26.9,17.5
2015-01-26,20.5,9.3,4.8
2015-01-27,0.7,0.5,0.0
2015-01-29,39.3,27.3,17.8
2015-01-30,12.0,33.3,21.5
2015-01-31,23.3,70.9,61.4
2015-02-01,8.3,20.8,14.3
2015-02-02,0.9,7.1,3.7
2015-02-03,0.8,5.0,2.2
2015-02-04,12.4,32.5,26.7
2015-02-05,1.4,36.0,31.8
2015-02-06,33.5,64.6,56.4
2015-02-07,76.5,2.5,1.0
2015-02-08,10.6,18.0,12.0
2015-02-09,10.0,20.2,13.7
2015-02-10,17.6,0.6,0.0
2015-02-11,0.0,4.6,2.0
2015-02-12,0.0,27.1,22.4
2015-02-13,49.8,14.5,10.3
2015-02-14,10.9,4.9,2.3
2015-02-15,6.8,0.0,0.0
2015-02-16,0.0,3.5,1.1
2015-02-17,0.0,5.1,2.4
2015-02-18,66.0,12.6,8.6
2015-02-19,34.1,51.0,49.3
2015-02-20,11.2,4.2,1.7
2015-02-21,0.0,0.2,0.0
2015-02-22,0.0,13.9,9.5
2015-02-23,34.5,5.2,2.9
2015-02-24,0.0,5.2,2.9
2015-02-27,5.2,0.7,0.0
2015-02-28,1.0,11.0,7.3
2015-03-01,1.5,3.9,1.0
2015-03-03,35.7,32.5,25.6
2015-03-04,12.7,34.7,27.0
2015-03-05,1.0,8.9,4.5
2015-03-07,5.3,15.3,9.7
2015-03-08,53.0,14.3,8.9
2015-03-09,13.0,13.3,8.1
2015-03-11,0.0,7.1,5.9
2015-03-13,0.0,37.0,31.4
2015-03-14,11.7,29.2,23.0
2015-03-15,6.0,22.9,16.6
2015-03-16,5.3,0.3,0.0
2015-03-17,0.6,0.2,0.0
2015-03-18,0.0,1.3,1.5
2015-03-19,0.9,0.7,0.0
2015-03-20,0.0,3.4,3.0
2015-03-21,3.8,4.5,2.3
2015-03-22,0.0,0.8,0.0
2015-03-23,0.0,0.9,0.0
2015-03-24,0.0,1.8,1.0
2015-03-25,9.0,31.0,25.2
2015-03-26,61.0,0.0,0.0
2015-03-27,0.0,8.9,5.7
2015-03-29,0.0,0.0,0.0
2015-03-30,3.0,0.0,0.0
2015-03-31,0.0,19.6,14.8
2015-04-01,8.0,35.0,43.4
2015-04-02,6.1,2.7,1.6
2015-04-03,2.4,51.3,60.1
2015-04-04,6.4,2.5,1.5
2015-04-05,0.2,0.1,0.0
2015-04-06,0.0,10.6,8.6
2015-04-08,9.1,4.1,2.8
2015-04-09,0.0,0.0,0.0
2015-04-10,0.0,3.4,2.2
2015-04-11,0.0,1.3,0.0
2015-04-12,1.8,37.5,26.6
2015-04-13,3.5,1.4,0.0
2015-04-14,0.0,13.9,9.4
2015-04-15,0.2,4.0,3.0
2015-04-18,1.6,0.9,0.0
2015-04-19,1.2,13.0,8.5
2015-04-20,0.5,3.5,2.7
2015-04-21,0.2,8.3,5.5
2015-04-22,2.3,17.2,13.3
2015-04-23,1.2,56.0,59.3
2015-04-24,3.4,42.3,44.5
2015-04-25,29.0,17.2,13.2
2015-04-26,5.6,31.6,32.7
2015-04-27,34.0,18.4,17.0
2015-04-28,4.6,8.8,5.9
2015-04-30,0.0,1.0,0.0
2015-05-01,0.0,9.5,6.7
2015-05-02,3.6,12.4,9.0
2015-05-04,8.3,1.2,0.0
2015-05-06,0.0,10.9,7.4
2015-05-08,0.0,0.0,0.0
2015-05-09,2.0,0.0,0.0
2015-05-10,1.4,0.0,0.0
2015-05-11,0.0,0.0,0.0
2015-05-12,0.0,2.7,1.9
2015-05-14,0.0,11.1,8.2
2015-05-16,46.0,1.5,1.0
2015-05-17,0.0,0.0,0.0
2015-05-18,0.0,0.0,0.0
2015-05-19,0.0,0.0,0.0
2015-05-21,0.0,0.0,0.0
2015-05-22,0.0,0.0,0.0
2015-05-23,0.0,2.4,2.1
2015-05-24,2.0,0.0,0.0
2015-05-25,0.0,0.0,0.0
2015-05-27,1.0,1.2,1.0
2015-05-28,0.0,0.0,0.0
2015-05-29,0.0,0.0,0.0
2015-05-30,0.0,0.0,0.0
2015-05-31,0.0,0.0,0.0
2015-06-02,0.0,0.2,0.0
2015-06-05,0.0,0.0,0.0
2015-06-06,0.0,0.0,0.0
2015-06-09,0.0,0.7,0.0
2015-06-10,0.0,0.0,0.0
2015-06-11,0.0,0.0,0.0
2015-06-12,0.0,0.0,0.0
2015-06-14,0.0,0.0,0.0
2015-06-15,0.0,0.0,0.0
2015-06-16,0.0,0.0,0.0
2015-06-17,0.0,0.0,0.0
2015-06-18,0.0,0.0,0.0
2015-06-19,0.0,0.0,0.0
2015-06-20,0.0,0.0,0.0
2015-06-22,0.0,0.0,0.0
2015-06-23,0.0,0.0,0.0
2015-06-24,0.0,0.0,0.0
2015-06-26,0.0,4.2,2.9
2015-06-28,0.0,0.0,0.0
2015-06-29,0.0,0.0,0.0
2015-07-01,0.0,0.0,0.0
2015-07-02,0.0,0.0,0.0
2015-07-03,0.0,0.0,0.0
2015-07-04,0.0,0.0,0.0
2015-07-05,0.0,0.0,0.0
2015-07-06,0.0,0.0,0.0
2015-07-07,0.0,0.0,0.0
2015-07-08,0.0,0.0,0.0
2015-07-11,0.0,2.2,1.1
2015-07-12,1.6,0.0,0.0
2015-07-14,4.8,0.0,0.0
2015-07-16,3.0,0.0,0.0
2015-07-17,0.0,0.0,0.0
2015-07-18,0.0,0.0,0.0
2015-07-19,0.0,0.0,0.0
2015-07-21,0.0,0.0,0.0
2015-07-22,0.0,0.0,0.0
2015-07-23,0.0,0.0,0.0
2015-07-24,0.0,0.0,0.0
2015-07-26,0.0,0.0,0.0
2015-07-27,0.0,0.0,0.0
2015-07-28,0.0,0.0,0.0
2015-07-29,0.2,0.0,0.0
2015-07-30,1.0,0.0,0.0
2015-08-01,0.0,0.0,0.0
2015-08-02,0.0,0.0,0.0
2015-08-05,0.0,0.0,0.0
2015-08-06,9.0,0.0,0.0
2015-08-07,29.0,0.0,0.0
2015-08-09,0.0,1.0,0.0
2015-08-12,9.5,0.0,0.0
2015-08-13,0.0,0.1,0.0
2015-08-14,0.0,0.0,0.0
2015-08-18,0.0,0.0,0.0
2015-08-19,0.0,0.0,0.0
2015-08-21,0.0,0.0,0.0
2015-08-24,0.0,0.0,0.0
2015-08-25,0.0,0.0,0.0
2015-08-26,0.0,0.0,0.0
2015-08-27,0.0,0.0,0.0
2015-08-28,0.0,0.0,0.0
2015-08-29,0.0,0.0,0.0
2015-08-31,0.0,0.0,0.0
2015-09-01,0.0,0.0,0.0
2015-09-02,0.0,0.0,0.0
2015-09-03,0.0,0.0,0.0
2015-09-04,0.0,0.0,0.0
2015-09-06,0.0,0.0,0.0
2015-09-08,0.0,0.0,0.0
2015-09-09,0.0,0.0,0.0
2015-09-11,0.0,0.0,0.0
2015-09-13,0.0,0.0,0.0
2015-09-14,0.0,0.0,0.0
2015-09-15,0.0,0.0,0.0
2015-09-16,0.0,0.0,0.0
2015-09-17,0.0,0.0,0.0
2015-09-18,0.0,0.0,0.0
2015-09-19,0.0,0.0,0.0
2015-09-22,0.0,0.0,0.0
2015-09-23,0.0,0.0,0.0
2015-09-24,0.0,0.0,0.0
2015-09-25,0.0,0.0,0.0
2015-09-26,0.0,0.0,0.0
2015-09-27,0.0,0.0,0.0
2015-09-28,0.0,6.1,3.6
2015-09-30,0.0,0.0,0.0
2015-10-01,0.0,0.0,0.0
2015-10-02,0.0,0.0,0.0
2015-10-04,0.0,0.0,0.0
2015-10-06,0.0,0.0,0.0
2015-10-07,0.0,0.0,0.0
2015-10-08,0.0,0.0,0.0
2015-10-09,0.0,0.0,0.0
2015-10-11,0.0,0.0,0.0
2015-10-12,0.0,0.0,0.0
2015-10-13,0.0,0.0,0.0
2015-10-14,0.0,0.0,0.0
2015-10-16,0.0,0.0,0.0
2015-10-17,0.0,0.0,0.0
2015-10-18,0.0,0.0,0.0
2015-10-21,0.0,0.0,0.0
2015-10-22,1.5,0.0,0.0
2015-10-23,0.0,0.0,0.0
2015-10-24,0.0,0.0,0.0
2015-10-26,0.0,0.0,0.0
2015-10-27,0.0,0.0,0.0
2015-10-28,0.0,0.0,0.0
2015-10-29,0.0,0.0,0.0
2015-10-30,0.0,0.0,0.0
2015-11-01,0.0,0.0,0.0
2015-11-03,0.0,0.0,0.0
2015-11-06,0.0,9.4,9.5
2015-11-07,12.8,3.0,2.8
2015-11-08,0.0,1.8,1.6
2015-11-10,0.0,0.0,0.0
2015-11-11,0.0,0.0,0.0
2015-11-12,0.0,1.8,2.2
2015-11-13,0.0,5.0,4.5
2015-11-16,0.0,0.0,0.0
2015-11-17,0.0,14.3,10.8
2015-11-18,0.8,0.2,0.0
2015-11-20,0.0,8.1,6.5
2015-11-21,0.3,0.2,0.0
2015-11-22,0.0,3.2,1.4
2015-11-23,0.3,0.1,0.0
2015-11-24,0.0,0.0,0.0
2015-11-26,0.0,0.0,0.0
2015-11-27,0.0,0.0,0.0
2015-11-28,0.0,5.4,2.9
2015-11-29,0.0,6.1,3.3
2015-12-04,0.0,0.0,0.0
2015-12-05,1.0,2.9,1.1
2015-12-06,0.5,47.6,57.7
2015-12-07,1.3,21.7,18.5
2015-12-08,1.7,1.3,0.0
2015-12-10,0.0,0.0,0.0
2015-12-11,0.0,37.8,23.4
2015-12-13,6.0,3.9,1.3
2015-12-14,8.4,107.9,61.7
2015-12-15,70.0,6.9,3.0
2015-12-16,3.4,71.9,50.8
2015-12-17,8.2,38.5,24.2
2015-12-18,2.8,43.8,28.7
2015-12-20,4.0,13.0,6.7
2015-12-21,17.0,12.9,7.5
2015-12-22,8.4,0.4,0.0
2015-12-24,7.6,4.3,1.8
2015-12-25,0.3,2.9,1.0
2015-12-26,8.5,0.6,0.0
2015-12-27,3.5,11.3,6.4
2015-12-28,0.0,14.9,8.9
2015-12-29,21.0,20.1,12.5
2015-12-30,54.0,0.1,0.0
2015-12-31,0.0,0.5,0.0
2016-01-02,0.0,2.7,1.8
2016-01-03,21.0,4.1,2.8
2016-01-04,18.6,1.3,0.0
2016-01-05,0.0,11.7,8.2
2016-01-06,3.5,0.1,0.0
2016-01-07,0.0,0.0,0.0
2016-01-08,0.0,0.0,0.0
2016-01-10,0.0,1.2,0.0
2016-01-11,0.0,17.8,12.0
2016-01-14,0.0,4.0,1.5
2016-01-15,8.0,0.0,0.0
2016-01-16,0.0,2.1,1.0
2016-01-17,0.0,16.3,10.9
2016-01-19,3.8,1.5,0.0
2016-01-20,24.0,32.2,22.9
2016-01-22,1.4,30.5,20.2
2016-01-23,44.0,11.2,6.2
2016-01-24,0.8,16.0,9.5
2016-01-25,2.0,3.0,1.0
2016-01-26,8.6,1.5,0.0
2016-01-28,2.0,11.4,6.3
2016-01-29,12.5,42.0,30.8
2016-01-30,44.2,35.8,24.3
2016-01-31,0.3,38.6,27.2
2016-02-02,32.6,7.7,4.1
2016-02-03,3.0,13.4,8.5
2016-02-05,8.8,36.6,30.9
2016-02-06,16.8,47.5,41.9
2016-02-07,33.0,33.7,28.2
2016-02-08,37.0,12.2,7.5
2016-02-10,0.6,32.1,26.4
2016-02-11,1.9,24.2,18.8
2016-02-12,1.8,45.9,44.0
2016-02-13,13.0,17.0,12.5
2016-02-14,60.5,22.0,16.8
2016-02-16,6.8,39.8,36.9
2016-02-17,14.4,3.6,1.2
2016-02-18,0.2,6.8,3.8
2016-02-19,25.7,0.0,0.0
2016-02-20,0.0,1.0,0.0
2016-02-21,9.0,42.7,35.4
2016-02-22,5.8,38.6,33.0
2016-02-23,5.5,9.9,6.5
2016-02-24,14.0,14.1,9.7
2016-02-25,0.0,11.3,7.6
2016-02-26,11.9,28.9,21.9
2016-02-27,8.0,7.8,4.9
2016-02-28,28.5,6.5,3.9
2016-03-01,13.4,16.5,10.8
2016-03-02,10.5,7.5,3.5
2016-03-04,5.6,61.7,50.9
2016-03-05,30.0,4.5,1.2
2016-03-06,10.2,1.3,0.0
2016-03-09,0.4,1.9,0.0
2016-03-10,0.0,3.7,1.0
2016-03-11,0.0,3.7,3.3
2016-03-12,0.8,2.2,2.1
2016-03-13,0.0,0.6,0.0
2016-03-14,0.0,5.4,4.5
2016-03-15,6.5,0.0,0.0
2016-03-16,0.0,10.6,8.6
2016-03-17,3.6,2.6,2.4
2016-03-18,0.0,7.1,5.8
2016-03-20,0.9,1.0,0.0
2016-03-22,0.0,8.7,5.5
2016-03-23,1.7,1.0,0.0
2016-03-24,0.0,13.0,8.9
2016-03-25,0.5,12.8,8.8
2016-03-26,4.4,0.3,0.0
2016-03-27,0.3,7.4,4.5
2016-03-28,0.0,0.5,0.0
2016-03-29,0.0,4.8,2.5
2016-03-30,0.0,8.5,5.4
2016-04-01,7.0,6.7,5.0
2016-04-02,0.2,1.6,1.0
2016-04-03,0.0,23.5,25.2
2016-04-04,6.0,3.4,2.2
2016-04-05,0.0,1.3,1.0
2016-04-06,0.0,1.3,1.0
2016-04-08,0.0,0.7,0.0
2016-04-09,0.0,3.5,2.3
2016-04-10,0.0,11.6,9.4
2016-04-11,1.9,3.3,2.6
2016-04-13,0.0,47.3,34.9
2016-04-14,6.4,4.8,3.5
2016-04-15,1.6,16.9,11.1
2016-04-16,1.6,1.3,0.0
2016-04-17,4.7,2.1,1.9
2016-04-20,0.0,1.5,0.0
2016-04-21,0.0,2.9,1.0
2016-04-25,0.5,12.9,9.6
2016-04-26,0.0,18.4,16.5
2016-04-27,0.3,22.9,22.1
2016-04-28,1.3,8.5,5.7
2016-04-29,12.0,0.1,0.0
2016-05-01,0.0,3.2,2.0
2016-05-02,0.0,36.2,33.2
2016-05-03,2.7,2.2,1.2
2016-05-04,0.0,1.2,0.0
2016-05-05,9.6,0.2,0.0
2016-05-06,0.0,0.1,0.0
2016-05-07,0.0,0.0,0.0
2016-05-08,0.0,0.4,0.0
2016-05-11,0.0,7.4,5.5
2016-05-12,0.3,3.7,2.7
2016-05-15,2.2,4.3,3.1
2016-05-16,1.3,15.3,11.3
2016-05-17,1.4,1.9,1.4
2016-05-19,0.0,0.0,0.0
2016-05-20,0.0,7.4,6.1
2016-05-21,0.0,5.4,5.1
2016-05-22,0.0,36.6,43.6
2016-05-23,55.0,0.5,0.0
2016-05-26,7.0,0.0,0.0
2016-05-27,7.0,3.0,2.7
2016-05-28,17.4,2.4,2.1
2016-05-29,0.7,5.0,4.7
2016-05-30,6.5,1.7,1.4
2016-05-31,1.5,0.7,0.0
2016-06-01,0.0,1.2,0.0
2016-06-03,1.0,0.0,0.0
2016-06-04,0.0,9.6,5.5
2016-06-06,0.0,0.0,0.0
2016-06-07,0.0,8.7,5.0
2016-06-08,9.5,4.4,1.8
2016-06-09,0.0,8.1,4.3
2016-06-10,0.0,1.9,1.0
2016-06-11,11.2,0.0,0.0
2016-06-12,0.0,0.0,0.0
2016-06-13,0.0,0.1,0.0
2016-06-17,14.0,18.8,13.6
2016-06-18,8.7,36.8,32.1
2016-06-19,17.2,5.7,4.2
2016-06-21,2.0,0.5,0.0
2016-06-23,0.0,0.7,0.0
2016-06-24,0.0,12.0,8.1
2016-06-27,0.0,7.5,5.5
2016-06-28,1.0,4.8,3.7
2016-06-29,0.0,3.0,2.1
2016-06-30,4.7,5.4,3.9
2016-07-01,2.0,1.0,0.0
2016-07-02,45.1,37.7,43.2
2016-07-03,4.0,14.1,12.4
2016-07-04,1.0,0.0,0.0
2016-07-05,22.5,0.0,0.0
2016-07-07,0.0,7.5,6.8
2016-07-08,1.3,0.0,0.0
2016-07-09,0.0,0.0,0.0
2016-07-10,0.0,1.9,1.6
2016-07-12,3.4,1.5,1.0
2016-07-13,0.0,0.3,0.0
2016-07-14,4.0,2.5,1.9
2016-07-15,10.0,0.0,0.0
2016-07-18,4.4,4.8,3.4
2016-07-19,0.0,15.3,11.8
2016-07-21,2.5,45.0,28.5
2016-07-22,3.4,8.9,11.2
2016-07-24,0.0,6.1,8.1
2016-07-26,0.0,0.0,0.0
2016-07-27,0.0,0.1,0.0
2016-07-28,9.5,23.5,25.5
2016-07-29,10.7,0.4,0.0
2016-07-31,0.0,0.4,0.0
2016-08-01,0.0,0.0,0.0
2016-08-02,0.0,0.0,0.0
2016-08-06,0.0,6.3,3.9
2016-08-07,0.0,31.3,18.0
2016-08-08,8.4,2.5,2.6
2016-08-12,0.0,5.2,3.4
2016-08-13,0.0,1.2,0.0
2016-08-15,0.0,0.0,0.0
2016-08-16,0.6,0.0,0.0
2016-08-18,0.0,0.0,0.0
2016-08-19,0.0,0.0,0.0
2016-08-20,0.0,0.0,0.0
2016-08-21,0.0,0.0,0.0
2016-08-23,0.0,0.0,0.0
2016-08-24,0.0,0.0,0.0
2016-08-25,0.0,0.0,0.0
2016-08-26,0.0,28.4,35.3
2016-08-27,1.1,28.2,35.2
2016-08-28,2.1,3.1,2.2
2016-08-29,0.0,19.9,16.3
2016-08-30,8.0,2.8,1.9
2016-08-31,1.0,0.0,0.0
2016-09-01,0.4,0.0,0.0
2016-09-02,0.0,1.7,2.3
2016-09-04,0.0,0.0,0.0
2016-09-05,0.0,0.0,0.0
2016-09-06,0.0,0.0,0.0
2016-09-07,0.0,25.5,14.5
2016-09-09,3.5,5.8,5.0
2016-09-10,0.8,0.0,0.0
2016-09-11,56.9,0.0,0.0
2016-09-12,0.0,0.0,0.0
2016-09-13,0.0,0.0,0.0
2016-09-14,26.5,0.0,0.0
2016-09-15,0.0,0.0,0.0
2016-09-17,134.5,16.8,14.8
2016-09-18,10.0,0.0,0.0
2016-09-19,0.0,4.2,4.8
2016-09-20,35.1,0.1,0.0
2016-09-21,0.0,21.6,18.6
2016-09-22,2.4,20.5,16.8
2016-09-23,8.0,12.7,9.0
2016-09-24,0.3,17.6,12.6
2016-09-25,8.5,3.9,2.5
2016-09-26,0.0,13.2,9.2
2016-09-27,5.2,20.3,16.4
2016-09-28,12.0,12.4,8.5
2016-10-01,0.4,9.1,8.0
2016-10-03,44.6,1.0,0.0
2016-10-04,0.0,14.7,10.7
2016-10-05,0.0,6.3,5.5
2016-10-07,0.0,12.8,10.2
2016-10-09,36.0,29.9,22.8
2016-10-10,29.3,11.8,9.1
2016-10-11,0.0,0.8,0.0
2016-10-12,0.0,10.9,8.0
2016-10-13,2.3,19.4,11.3
2016-10-14,0.0,19.8,11.3
2016-10-15,0.5,0.4,0.0
2016-10-16,0.0,0.0,0.0
2016-10-17,0.0,2.7,1.8
2016-10-19,0.0,4.7,3.1
2016-10-20,7.4,3.5,2.3
2016-10-22,8.2,20.2,15.7
2016-10-23,4.0,66.6,66.3
2016-10-24,18.0,15.5,11.9
2016-10-25,1.8,23.8,15.1
2016-10-26,0.0,6.4,5.3
2016-10-27,0.0,7.7,6.2
2016-10-29,27.3,4.8,4.2
2016-10-30,0.6,5.0,4.3
2016-10-31,0.0,5.1,4.4
2016-11-01,0.0,0.5,0.0
2016-11-02,0.0,8.0,8.0
2016-11-03,23.2,0.4,0.0
2016-11-04,0.0,0.1,0.0
2016-11-05,0.0,10.8,10.9
2016-11-06,2.0,1.0,0.0
2016-11-07,0.0,1.1,1.0
2016-11-08,0.0,4.6,4.4
2016-11-09,7.3,27.3,30.4
2016-11-10,0.8,6.6,6.6
2016-11-11,1.5,80.6,60.8
2016-11-12,17.8,16.8,12.3
2016-11-13,2.0,26.6,17.6
2016-11-14,13.2,1.2,0.0
2016-11-15,0.0,17.4,13.6
2016-11-17,0.0,7.4,6.1
2016-11-19,0.0,6.3,5.4
2016-11-20,0.0,7.2,6.0
2016-11-22,6.7,29.1,24.8
2016-11-23,5.0,13.3,8.4
2016-11-25,1.0,14.9,9.5
2016-11-26,0.8,0.1,0.0
2016-11-27,15.8,4.1,2.0
2016-11-28,0.0,23.2,19.2
2016-11-29,34.2,16.6,11.0
2016-11-30,0.0,11.5,7.1
2016-12-01,0.8,22.2,19.4
2016-12-02,21.0,4.3,2.2
2016-12-03,10.6,2.3,1.0
2016-12-04,1.0,41.0,45.0
2016-12-05,113.5,12.3,9.4
2016-12-07,23.6,16.7,13.5
2016-12-08,1.0,2.9,1.1
2016-12-09,0.0,19.0,15.6
2016-12-10,13.2,0.3,0.0
2016-12-14,1.2,26.8,15.2
2016-12-15,12.0,4.0,1.3
2016-12-16,0.0,39.4,24.2
2016-12-20,10.0,1.8,0.0
2016-12-22,0.0,0.4,0.0
2016-12-24,2.3,11.2,6.3
2016-12-25,5.5,0.2,0.0
2016-12-26,0.0,47.9,34.6
2016-12-27,91.2,10.8,6.0
2016-12-28,0.0,4.0,1.5
2016-12-30,95.4,10.9,6.1
2016-12-31,1.0,44.7,31.2
2017-01-01,31.4,7.1,4.9
2017-01-02,23.3,1.8,1.2
2017-01-03,1.0,51.1,39.2
2017-01-04,24.8,16.8,11.8
2017-01-05,5.6,21.1,14.9
2017-01-06,13.0,53.4,40.7
2017-01-07,48.5,18.2,12.8
2017-01-08,14.6,23.8,16.8
2017-01-09,21.4,7.4,5.1
2017-01-10,4.6,17.3,12.1
2017-01-11,28.0,2.5,1.0
2017-01-12,23.2,7.7,4.3
2017-01-13,3.5,2.8,1.0
2017-01-14,10.6,39.2,29.3
2017-01-15,38.0,1.3,0.0
2017-01-16,0.0,15.4,10.2
2017-01-17,7.6,6.0,3.1
2017-01-20,0.0,19.9,13.7
2017-01-21,19.3,12.7,7.2
2017-01-23,11.4,10.1,5.4
2017-01-24,0.7,17.8,10.8
2017-01-25,1.0,29.6,19.6
2017-01-26,19.1,12.3,6.9
2017-01-27,0.0,5.4,2.3
2017-01-28,0.0,8.3,4.1
2017-01-29,2.5,8.2,4.1
2017-01-30,0.4,3.5,1.1
2017-01-31,0.0,2.1,1.0
2017-02-02,8.5,7.2,3.8
2017-02-03,0.0,7.3,3.9
2017-02-04,0.0,21.0,14.4
2017-02-05,0.9,2.1,1.0
2017-02-06,0.0,8.5,4.7
2017-02-09,1.0,10.7,6.3
2017-02-10,1.0,1.7,0.0
2017-02-12,2.0,2.5,1.0
2017-02-13,2.2,33.3,30.2
2017-02-14,78.5,61.3,60.4
2017-02-15,41.1,64.1,62.6
2017-02-16,83.3,17.0,12.5
2017-02-17,6.5,16.6,12.1
2017-02-18,8.0,0.7,0.0
2017-02-19,0.0,3.7,1.4
2017-02-23,0.0,11.1,7.4
2017-02-24,6.0,1.6,1.0
2017-02-25,0.0,45.1,43.4
2017-02-26,115.6,4.4,2.3
2017-02-28,16.6,10.1,6.6
2017-03-01,0.5,12.5,7.4
2017-03-02,2.0,9.7,5.2
2017-03-03,0.4,13.8,8.5
2017-03-04,12.3,0.0,0.0
2017-03-05,0.0,23.5,16.8
2017-03-07,7.0,48.5,37.8
2017-03-08,17.5,2.9,1.0
2017-03-09,0.4,1.0,0.0
2017-03-10,4.0,13.7,8.4
2017-03-11,0.5,0.1,0.0
2017-03-13,0.0,0.4,0.0
2017-03-16,0.0,0.6,0.0
2017-03-17,0.0,0.6,0.0
2017-03-19,42.8,9.0,7.4
2017-03-21,0.0,35.0,29.6
2017-03-22,20.4,4.9,2.7
2017-03-23,0.5,10.3,6.8
2017-03-24,9.6,25.2,18.6
2017-03-25,5.9,40.3,34.3
2017-03-26,2.0,38.9,35.2
2017-03-27,5.5,16.2,11.5
2017-03-28,3.3,0.9,0.0
2017-03-29,14.4,0.4,0.0
2017-03-30,0.0,3.0,1.3
2017-03-31,1.0,3.9,1.9
2017-04-02,0.0,0.8,0.0
2017-04-04,1.4,0.7,0.0
2017-04-05,0.0,0.2,0.0
2017-04-06,0.0,14.4,12.1
2017-04-07,16.1,54.4,63.8
2017-04-08,77.4,5.6,4.0
2017-04-11,0.3,5.0,3.6
2017-04-12,0.0,0.0,0.0
2017-04-13,0.0,0.1,0.0
2017-04-14,3.0,0.0,0.0
2017-04-15,0.0,0.0,0.0
2017-04-16,0.0,0.0,0.0
2017-04-17,0.0,0.0,0.0
2017-04-18,0.0,1.1,0.0
2017-04-20,4.0,21.0,13.0
2017-04-23,2.7,15.4,11.6
2017-04-24,0.0,0.4,0.0
2017-04-25,0.0,0.0,0.0
2017-04-26,0.0,0.1,0.0
2017-04-28,0.6,4.0,1.9
2017-04-30,0.0,0.2,0.0
2017-05-04,0.0,5.3,3.4
2017-05-08,0.0,4.1,2.6
2017-05-10,0.0,6.3,4.1
2017-05-11,0.0,0.0,0.0
2017-05-12,0.0,0.0,0.0
2017-05-13,0.0,0.0,0.0
2017-05-15,0.0,0.4,0.0
2017-05-17,0.0,0.0,0.0
2017-05-18,0.0,0.0,0.0
2017-05-19,0.0,0.0,0.0
2017-05-20,0.0,0.0,0.0
2017-05-21,0.0,0.0,0.0
2017-05-23,0.0,0.0,0.0
2017-05-24,0.0,0.0,0.0
2017-05-25,0.0,0.0,0.0
2017-05-26,0.0,2.3,2.0
2017-05-28,0.8,85.1,96.1
2017-05-29,38.0,12.5,12.3
2017-06-01,0.0,10.9,6.7
2017-06-02,27.0,23.7,19.9
2017-06-03,5.8,0.0,0.0
2017-06-04,3.0,0.0,0.0
2017-06-05,0.0,0.0,0.0
2017-06-06,4.5,0.0,0.0
2017-06-07,0.0,0.0,0.0
2017-06-10,0.0,0.0,0.0
2017-06-11,0.0,0.0,0.0
2017-06-12,0.0,2.6,2.2
2017-06-13,0.0,16.4,11.1
2017-06-15,0.0,0.9,0.0
2017-06-17,0.0,0.0,0.0
2017-06-20,0.0,5.3,3.9
2017-06-21,0.0,33.8,28.7
2017-06-22,0.0,11.5,8.2
2017-06-23,0.0,3.7,2.7
2017-06-26,2.0,0.1,0.0
2017-06-27,0.0,0.0,0.0
2017-06-28,0.0,6.6,4.6
2017-06-29,0.7,0.0,0.0
2017-06-30,1.6,0.0,0.0
2017-07-01,0.0,4.4,4.2
2017-07-02,39.0,12.4,11.2
2017-07-03,9.1,0.4,0.0
2017-07-04,0.0,0.0,0.0
2017-07-06,0.0,1.3,1.2
2017-07-07,0.0,0.1,0.0
2017-07-08,0.0,0.0,0.0
2017-07-09,0.0,0.0,0.0
2017-07-10,0.0,0.0,0.0
2017-07-11,0.0,0.0,0.0
2017-07-12,0.0,0.0,0.0
2017-07-13,0.0,1.8,1.0
2017-07-15,0.0,0.0,0.0
2017-07-17,0.0,0.0,0.0
2017-07-19,5.4,5.0,3.4
2017-07-21,0.0,0.1,0.0
2017-07-22,0.0,0.0,0.0
2017-07-24,0.7,0.0,0.0
2017-07-25,0.0,0.0,0.0
2017-07-26,0.0,0.0,0.0
2017-07-28,3.2,0.0,0.0
2017-07-30,16.0,0.0,0.0
2017-07-31,0.0,0.0,0.0
2017-08-01,0.0,0.0,0.0
2017-08-03,0.0,0.0,0.0
2017-08-04,0.0,0.0,0.0
2017-08-06,0.0,0.0,0.0
2017-08-09,0.0,0.0,0.0
2017-08-10,0.0,0.0,0.0
2017-08-11,0.0,0.0,0.0
2017-08-13,0.0,0.0,0.0
2017-08-15,0.0,0.0,0.0
2017-08-16,0.0,0.0,0.0
2017-08-17,0.0,0.2,0.0
2017-08-18,0.0,0.2,0.0
2017-08-21,0.0,0.0,0.0
2017-08-22,0.0,0.0,0.0
2017-08-23,0.0,0.0,0.0
2017-08-24,0.0,0.0,0.0
2017-08-25,0.0,0.0,0.0
2017-08-27,0.0,0.0,0.0
2017-08-29,4.0,0.0,0.0
2017-08-30,0.0,0.0,0.0
2017-08-31,0.0,0.0,0.0
2017-09-01,0.0,0.0,0.0
2017-09-02,0.0,0.0,0.0
2017-09-05,0.0,0.0,0.0
2017-09-06,0.0,0.0,0.0
2017-09-08,11.0,0.0,0.0
2017-09-10,0.0,0.0,0.0
2017-09-11,0.0,0.0,0.0
2017-09-14,0.0,0.0,0.0
2017-09-15,0.0,0.0,0.0
2017-09-16,0.0,0.0,0.0
2017-09-17,0.0,1.2,2.2
2017-09-18,5.0,0.0,0.0
2017-09-20,0.0,0.0,0.0
2017-09-21,0.0,0.0,0.0
2017-09-22,0.0,0.0,0.0
2017-09-23,0.0,2.1,1.0
2017-09-25,1.0,4.5,2.9
2017-09-26,8.0,3.5,2.4
2017-09-27,7.0,7.0,4.8
2017-09-28,17.8,0.0,0.0
2017-09-29,0.0,0.0,0.0
2017-09-30,0.0,0.0,0.0
2017-10-02,1.5,12.6,9.4
2017-10-08,0.0,0.0,0.0
2017-10-09,0.0,0.2,0.0
2017-10-10,0.0,0.1,0.0
2017-10-11,0.0,17.7,13.2
2017-10-13,0.3,2.7,1.8
2017-10-14,0.0,0.0,0.0
2017-10-15,1.3,0.3,0.0
2017-10-16,0.0,21.3,12.7
2017-10-17,3.0,4.3,2.9
2017-10-18,0.0,0.2,0.0
2017-10-20,0.0,0.1,0.0
2017-10-21,0.0,0.0,0.0
2017-10-22,0.0,0.0,0.0
2017-10-23,0.0,0.0,0.0
2017-10-24,0.0,0.0,0.0
2017-10-25,5.0,0.4,0.0
2017-10-26,0.0,8.3,6.4
2017-10-27,2.5,35.1,27.6
2017-10-28,6.6,2.8,2.7
2017-10-29,0.0,0.0,0.0
2017-10-30,0.0,0.0,0.0
2017-10-31,1.3,0.0,0.0
2017-11-01,0.0,0.0,0.0
2017-11-02,0.0,0.6,0.0
2017-11-03,0.0,3.6,3.4
2017-11-04,0.0,7.5,7.5
2017-11-05,0.0,1.4,1.2
2017-11-07,1.5,20.6,20.9
2017-11-08,7.3,0.3,0.0
2017-11-09,0.0,13.1,13.4
2017-11-11,0.0,1.2,0.0
2017-11-12,2.6,5.6,4.9
2017-11-13,9.5,51.1,41.3
2017-11-14,8.8,16.7,12.7
2017-11-15,58.6,12.7,9.7
2017-11-16,0.0,18.7,13.8
2017-11-17,0.5,1.4,1.9
2017-11-19,2.0,13.5,10.2
2017-11-21,0.0,13.1,8.2
2017-11-23,0.0,7.5,4.3
2017-11-26,0.0,47.9,47.9
2017-11-27,29.4,19.2,13.3
2017-11-28,18.0,3.5,1.6
2017-11-29,0.5,27.8,23.0
2017-11-30,14.3,52.8,52.6
2017-12-01,16.6,2.6,1.0
2017-12-03,0.0,10.0,7.2
2017-12-04,19.7,0.8,0.0
2017-12-06,0.0,0.0,0.0
2017-12-07,0.0,2.6,1.0
2017-12-09,5.5,11.0,8.1
2017-12-10,14.0,20.8,18.5
2017-12-11,1.6,21.3,11.8
2017-12-12,2.8,10.6,5.2
2017-12-14,1.0,4.8,1.8
2017-12-16,7.4,5.7,2.3
2017-12-18,1.2,37.9,23.9
2017-12-19,10.4,7.4,3.3
2017-12-20,0.7,13.6,7.1
2017-12-22,1.0,2.9,1.0
2017-12-23,14.0,0.0,0.0
2017-12-24,0.0,0.0,0.0
2017-12-25,0.0,0.0,0.0
2017-12-26,0.0,3.8,1.4
2017-12-27,9.7,4.0,1.5
2017-12-29,67.5,2.3,1.0
2017-12-31,1.6,2.0,1.0
2018-01-01,0.0,4.8,3.3
2018-01-03,0.0,1.1,0.0
2018-01-04,0.0,6.2,4.3
2018-01-05,1.1,1.4,0.0
2018-01-07,0.4,25.7,18.4
2018-01-08,2.6,3.4,2.3
2018-01-09,3.5,0.5,0.0
2018-01-13,0.0,5.3,2.5
2018-01-15,10.7,29.1,20.9
2018-01-16,4.0,0.6,0.0
2018-01-20,3.6,3.6,1.2
2018-01-22,30.0,1.9,1.0
2018-01-25,15.8,0.9,0.0
2018-01-26,0.0,0.9,0.0
2018-01-27,0.0,1.2,0.0
2018-01-28,0.0,1.1,0.0
2018-01-29,0.0,8.2,4.1
2018-01-30,2.0,17.4,10.5
2018-02-01,0.0,2.3,1.0
2018-02-03,37.9,9.7,5.6
2018-02-04,0.6,3.2,1.0
2018-02-05,1.0,15.6,10.1
2018-02-06,10.3,14.9,9.6
2018-02-07,26.6,14.5,9.2
2018-02-09,3.0,26.7,18.9
2018-02-10,75.2,19.4,13.1
2018-02-11,16.0,86.5,79.6
2018-02-13,15.8,46.9,43.9
2018-02-14,31.5,26.1,20.0
2018-02-15,23.5,37.3,35.7
2018-02-16,16.4,25.9,20.2
2018-02-17,7.0,0.1,0.0
2018-02-18,0.0,21.4,16.4
2018-02-19,33.7,65.7,62.7
2018-02-20,21.5,23.9,18.5
2018-02-21,14.0,27.0,21.4
2018-02-22,28.8,28.2,23.2
2018-02-23,12.2,24.5,18.0
2018-02-24,66.0,18.1,12.8
2018-02-25,25.2,34.9,29.2
2018-02-26,10.5,0.4,0.0
2018-03-01,0.3,4.3,1.1
2018-03-02,0.0,8.3,4.1
2018-03-04,0.0,5.4,1.8
2018-03-05,5.0,5.8,2.1
2018-03-06,0.5,1.9,0.0
2018-03-07,9.0,2.8,1.0
2018-03-09,0.5,54.7,45.7
2018-03-10,88.5,10.5,5.8
2018-03-11,37.8,22.9,18.3
2018-03-12,87.5,14.0,11.3
2018-03-14,3.3,0.0,0.0
2018-03-15,0.0,1.5,1.6
2018-03-16,5.8,10.3,8.4
2018-03-17,1.3,23.6,17.4
2018-03-18,1.9,0.0,0.0
2018-03-19,0.0,0.6,0.0
2018-03-21,0.0,0.5,0.0
2018-03-22,0.0,23.4,17.6
2018-03-23,4.2,2.5,1.0
2018-03-24,2.4,14.1,9.8
2018-03-25,2.9,0.7,0.0
2018-03-28,4.2,0.0,0.0
2018-03-29,0.0,0.0,0.0
2018-03-31,0.0,0.0,0.0
2018-04-01,0.2,15.2,13.0
2018-04-02,36.5,15.0,15.0
2018-04-03,42.5,0.0,0.0
2018-04-04,4.6,0.0,0.0
2018-04-05,0.0,13.8,11.2
2018-04-06,0.4,0.0,0.0
2018-04-07,0.0,15.3,12.6
2018-04-08,10.2,2.6,1.5
2018-04-11,0.0,0.3,0.0
2018-04-13,2.3,8.4,5.7
2018-04-14,0.0,0.4,0.0
2018-04-15,0.0,0.9,0.0
2018-04-16,0.0,0.0,0.0
2018-04-18,0.3,0.2,0.0
2018-04-19,0.0,15.7,9.9
2018-04-20,24.4,6.2,4.4
2018-04-23,1.0,14.6,11.2
2018-04-24,0.4,0.1,0.0
2018-04-25,1.5,3.4,1.3
2018-04-26,2.9,0.6,0.0
2018-04-27,5.7,5.7,3.3
2018-04-28,21.6,0.0,0.0
2018-04-29,0.0,0.0,0.0
2018-04-30,0.0,0.0,0.0
2018-05-01,0.0,0.0,0.0
2018-05-02,0.0,0.0,0.0
2018-05-05,0.0,0.1,0.0
2018-05-06,0.0,0.0,0.0
2018-05-08,0.0,2.0,1.1
2018-05-10,1.6,0.0,0.0
2018-05-11,0.0,0.0,0.0
2018-05-12,0.0,0.0,0.0
2018-05-13,0.0,0.0,0.0
2018-05-14,0.0,0.0,0.0
2018-05-18,0.0,7.7,5.8
2018-05-19,0.0,1.2,0.0
2018-05-20,8.3,0.0,0.0
2018-05-21,5.5,49.3,59.8
2018-05-22,33.0,2.1,1.8
2018-05-24,2.2,9.0,8.6
2018-05-25,0.0,1.7,1.4
2018-05-26,0.0,5.3,5.0
2018-05-27,0.7,0.1,0.0
2018-05-28,0.0,0.3,0.0
2018-05-29,0.0,0.0,0.0
2018-05-30,0.0,0.0,0.0
2018-06-01,0.0,0.0,0.0
2018-06-02,0.0,0.0,0.0
2018-06-03,0.0,0.0,0.0
2018-06-04,0.0,0.0,0.0
2018-06-06,0.0,0.0,0.0
2018-06-07,0.0,0.3,0.0
2018-06-09,0.0,0.0,0.0
2018-06-10,0.0,0.0,0.0
2018-06-11,0.0,0.0,0.0
2018-06-12,0.0,0.0,0.0
2018-06-13,3.4,0.0,0.0
2018-06-14,0.0,0.0,0.0
2018-06-15,0.0,0.0,0.0
2018-06-16,0.0,0.0,0.0
2018-06-17,0.0,0.0,0.0
2018-06-18,14.0,0.0,0.0
2018-06-19,0.0,3.9,3.0
2018-06-21,9.0,1.8,1.3
2018-06-22,0.0,9.0,6.1
2018-06-24,0.0,10.5,8.5
2018-06-25,2.0,22.3,15.5
2018-06-26,2.0,0.3,0.0
2018-06-27,0.0,0.3,0.0
2018-06-28,0.0,0.1,0.0
2018-06-29,0.0,0.0,0.0
2018-06-30,0.0,0.0,0.0
2018-07-01,0.0,0.0,0.0
2018-07-02,0.0,0.3,0.0
2018-07-03,0.0,0.0,0.0
2018-07-04,0.0,0.0,0.0
2018-07-05,0.0,0.0,0.0
2018-07-06,0.0,0.0,0.0
2018-07-08,0.0,0.0,0.0
2018-07-10,0.0,0.0,0.0
2018-07-11,0.0,0.0,0.0
2018-07-12,0.0,0.0,0.0
2018-07-13,0.0,0.0,0.0
2018-07-15,0.0,0.0,0.0
2018-07-17,0.0,0.0,0.0
2018-07-18,0.0,0.0,0.0
2018-07-19,0.0,0.0,0.0
2018-07-20,0.0,0.0,0.0
2018-07-22,0.0,0.0,0.0
2018-07-25,0.0,0.0,0.0
2018-07-26,0.0,0.0,0.0
2018-07-27,0.0,0.0,0.0
2018-08-01,0.0,0.3,0.0
2018-08-02,0.0,0.3,0.0
2018-08-03,0.0,0.0,0.0
2018-08-05,0.0,0.0,0.0
2018-08-07,0.0,0.0,0.0
2018-08-08,0.0,0.0,0.0
2018-08-09,0.0,0.0,0.0
2018-08-10,0.0,0.0,0.0
2018-08-11,0.0,0.1,0.0
2018-08-13,0.0,0.0,0.0
2018-08-14,0.0,0.0,0.0
2018-08-15,0.0,0.0,0.0
2018-08-16,0.0,0.0,0.0
2018-08-17,0.0,0.0,0.0
2018-08-18,0.0,0.0,0.0
2018-08-19,0.0,0.0,0.0
2018-08-21,0.0,0.0,0.0
2018-08-22,0.0,0.9,0.0
2018-08-23,0.0,0.0,0.0
2018-08-24,0.0,0.0,0.0
2018-08-25,0.0,0.0,0.0
2018-08-26,0.0,0.0,0.0
2018-08-28,0.0,0.0,0.0
2018-08-29,0.0,0.0,0.0
2018-08-30,0.0,1.9,1.5
2018-08-31,0.0,0.0,0.0
2018-09-01,0.0,17.6,12.3
2018-09-02,0.2,0.6,0.0
2018-09-03,0.0,0.0,0.0
2018-09-05,0.0,0.8,0.0
2018-09-06,0.0,3.1,3.4
2018-09-07,0.0,0.0,0.0
2018-09-08,0.0,0.0,0.0
2018-09-11,0.0,0.0,0.0
2018-09-12,0.0,0.0,0.0
2018-09-13,0.0,1.0,0.0
2018-09-14,0.0,0.0,0.0
2018-09-15,0.0,0.0,0.0
2018-09-16,0.0,0.0,0.0
2018-09-19,0.0,3.7,4.2
2018-09-21,0.0,0.0,0.0
2018-09-23,0.0,0.0,0.0
2018-09-25,0.0,0.0,0.0
2018-09-26,0.0,0.0,0.0
2018-09-27,7.0,0.0,0.0
2018-09-28,0.0,0.0,0.0
2018-09-29,0.0,0.0,0.0
2018-09-30,0.0,0.0,0.0
2018-10-03,0.0,0.9,0.0
2018-10-04,0.0,0.0,0.0
2018-10-05,0.0,0.0,0.0
2018-10-06,0.0,0.0,0.0
2018-10-10,0.0,0.0,0.0
2018-10-11,0.0,0.0,0.0
2018-10-12,0.0,0.0,0.0
2018-10-14,0.0,0.1,0.0
2018-10-17,0.0,0.0,0.0
2018-10-18,0.0,0.0,0.0
2018-10-20,0.0,0.2,0.0
2018-10-21,12.5,0.0,0.0
2018-10-22,0.0,0.0,0.0
2018-10-24,0.0,0.0,0.0
2018-10-25,0.0,0.0,0.0
2018-10-26,0.0,0.0,0.0
2018-10-28,0.0,0.0,0.0
2018-11-01,2.3,0.8,0.0
2018-11-02,6.4,0.9,0.0
2018-11-03,1.3,0.4,0.0
2018-11-04,0.0,3.0,2.8
2018-11-07,0.0,24.9,27.4
2018-11-08,0.7,37.8,45.8
2018-11-11,0.0,0.2,0.0
2018-11-14,0.0,0.0,0.0
2018-11-15,0.0,0.0,0.0
2018-11-18,2.1,3.7,3.6
2018-11-21,0.0,0.0,0.0
2018-11-22,0.0,0.0,0.0
2018-11-23,0.0,0.0,0.0
2018-11-24,0.0,0.0,0.0
2018-11-25,1.0,8.4,4.9
2018-11-28,0.0,7.2,4.1
2018-11-29,0.0,21.5,16.6
2018-11-30,0.0,0.8,0.0
2018-12-02,0.0,9.7,6.9
2018-12-03,0.0,17.5,14.0
2018-12-04,1.3,2.8,1.0
2018-12-05,0.0,10.2,7.4
2018-12-06,42.0,0.3,0.0
2018-12-07,0.0,2.2,1.0
2018-12-09,3.2,13.7,10.7
2018-12-10,0.4,1.7,1.0
2018-12-12,0.5,9.7,4.7
2018-12-13,0.5,2.1,1.0
2018-12-14,1.0,17.5,9.5
2018-12-15,3.6,3.9,1.3
2018-12-18,0.0,0.0,0.0
2018-12-20,3.3,1.0,0.0
2018-12-21,0.0,0.8,0.0
2018-12-23,0.0,100.5,87.0
2018-12-24,27.8,3.2,1.1
2018-12-26,27.0,11.1,6.2
2018-12-27,2.4,21.1,13.2
2018-12-28,12.2,0.0,0.0
2018-12-30,0.0,0.7,0.0
2018-12-31,1.0,24.2,15.4
2019-01-02,0.0,14.1,9.9
2019-01-03,39.0,27.6,19.0
2019-01-04,14.8,0.0,0.0
2019-01-06,0.0,0.0,0.0
2019-01-09,30.0,0.7,0.0
2019-01-10,0.0,0.7,0.0
2019-01-11,34.7,10.5,6.4
2019-01-13,10.0,14.1,9.2
2019-01-14,1.3,2.5,1.0
2019-01-16,7.0,37.9,27.6
2019-01-18,23.0,47.6,36.6
2019-01-19,25.0,3.1,1.0
2019-01-21,8.1,51.7,42.7
2019-01-23,0.5,6.3,2.9
2019-01-24,0.5,69.0,58.6
2019-01-25,84.4,1.4,0.0
2019-01-27,0.2,4.7,1.8
2019-01-30,0.0,7.1,3.4
2019-01-31,86.0,28.3,18.3
2019-02-02,59.7,6.4,3.2
2019-02-03,6.6,2.3,1.0
2019-02-04,2.5,1.2,0.0
2019-02-06,46.6,38.3,32.5
2019-02-07,7.9,1.1,0.0
2019-02-09,68.2,1.5,0.0
2019-02-10,0.0,14.7,9.4
2019-02-11,11.6,16.5,12.1
2019-02-14,1.8,14.4,10.2
2019-02-15,1.7,8.4,5.2
2019-02-16,11.5,0.2,0.0
2019-02-17,0.0,2.8,1.0
2019-02-20,0.0,3.0,1.0
2019-02-22,0.0,17.3,12.2
2019-02-23,44.5,7.5,4.6
2019-02-25,3.5,0.0,0.0
2019-02-28,0.0,21.5,15.5
2019-03-01,0.0,14.8,9.3
2019-03-02,6.6,53.8,42.8
2019-03-03,8.9,20.5,14.2
2019-03-07,111.5,13.6,8.3
2019-03-10,19.4,2.4,0.0
2019-03-14,0.7,0.6,0.0
2019-03-15,0.0,11.0,8.9
2019-03-17,0.8,2.7,2.5
2019-03-18,0.2,1.8,1.8
2019-03-19,0.3,19.1,15.4
2019-03-20,6.7,5.0,4.2
2019-03-21,4.3,3.7,1.7
2019-03-22,0.0,102.0,75.4
2019-03-23,114.8,30.5,24.0
2019-03-25,5.0,1.2,0.0
2019-03-26,0.0,2.0,1.0
2019-03-27,0.0,4.6,2.4
2019-03-29,21.0,3.2,1.4
2019-03-30,0.0,0.0,0.0
2019-03-31,0.0,0.3,0.0
2019-04-01,0.0,7.0,5.2
2019-04-03,0.0,1.8,1.0
2019-04-05,0.8,0.1,0.0
2019-04-06,0.0,5.9,4.3
2019-04-07,2.0,21.6,21.7
2019-04-08,103.5,21.2,21.9
2019-04-09,26.1,7.6,5.8
2019-04-11,0.0,0.1,0.0
2019-04-12,0.0,2.0,1.8
2019-04-14,2.0,45.0,34.1
2019-04-15,46.0,12.1,7.9
2019-04-16,3.1,1.5,0.0
2019-04-17,0.0,0.1,0.0
2019-04-18,0.0,14.9,9.9
2019-04-19,10.4,2.8,2.3
2019-04-24,0.7,7.4,4.7
2019-04-25,7.4,2.6,1.0
2019-04-26,0.4,1.0,0.0
2019-04-29,0.0,3.7,1.6
2019-04-30,5.0,2.5,1.0
2019-05-01,17.1,0.0,0.0
2019-05-02,0.5,6.6,4.4
2019-05-03,0.3,0.0,0.0
2019-05-05,0.0,0.0,0.0
2019-05-07,0.0,0.0,0.0
2019-05-08,0.0,7.7,5.1
2019-05-09,0.8,0.9,0.0
2019-05-10,0.0,1.9,1.0
2019-05-14,0.0,4.0,2.9
2019-05-16,0.0,0.5,0.0
2019-05-17,0.0,0.0,0.0
2019-05-19,0.0,0.0,0.0
2019-05-21,0.0,0.0,0.0
2019-05-23,0.0,0.0,0.0
2019-05-24,0.0,0.0,0.0
2019-05-26,0.0,0.0,0.0
2019-05-28,5.0,0.0,0.0
2019-05-31,0.0,0.0,0.0
2019-06-03,0.0,14.1,8.2
2019-06-04,0.0,0.0,0.0
2019-06-09,0.0,0.0,0.0
2019-06-10,0.0,0.0,0.0
2019-06-11,0.0,0.0,0.0
2019-06-15,0.0,5.9,4.1
2019-06-17,0.0,0.0,0.0
2019-06-18,0.0,0.0,0.0
2019-06-19,0.0,0.0,0.0
2019-06-22,0.0,0.0,0.0
2019-06-24,0.0,0.0,0.0
2019-06-26,0.0,0.0,0.0
2019-06-29,0.0,0.0,0.0
2019-06-30,0.0,0.0,0.0
2019-07-05,0.6,14.6,12.9
2019-07-06,3.5,0.0,0.0
2019-07-07,2.9,0.0,0.0
2019-07-08,0.0,1.0,0.0
2019-07-09,0.0,0.0,0.0
2019-07-13,0.0,0.0,0.0
2019-07-14,0.0,0.0,0.0
2019-07-15,0.0,0.0,0.0
2019-07-18,0.0,0.0,0.0
2019-07-21,0.0,0.0,0.0
2019-07-22,0.0,0.0,0.0
2019-07-25,0.0,0.0,0.0
2019-07-27,0.0,0.0,0.0
2019-07-28,0.0,0.0,0.0
2019-07-31,0.0,0.0,0.0
2019-08-01,0.0,0.0,0.0
2019-08-03,0.0,0.0,0.0
2019-08-04,0.0,0.0,0.0
2019-08-05,0.0,0.0,0.0
2019-08-07,0.0,0.0,0.0
2019-08-08,0.0,0.0,0.0
2019-08-10,0.0,0.0,0.0
2019-08-11,0.0,0.0,0.0
2019-08-12,0.0,0.0,0.0
2019-08-14,0.0,0.0,0.0
2019-08-15,0.0,0.0,0.0
2019-08-17,0.0,0.0,0.0
2019-08-18,0.0,0.0,0.0
2019-08-19,0.0,0.0,0.0
2019-08-22,0.0,0.0,0.0
2019-08-24,0.0,0.0,0.0
2019-08-25,0.0,0.0,0.0
2019-08-26,0.0,0.2,0.0
2019-08-28,0.0,0.0,0.0
2019-08-29,0.0,0.0,0.0
2019-08-31,0.0,0.0,0.0
2019-09-01,0.0,0.0,0.0
2019-09-04,0.0,0.0,0.0
2019-09-05,0.0,0.0,0.0
2019-09-07,0.0,0.0,0.0
2019-09-08,0.0,0.0,0.0
2019-09-09,0.0,0.0,0.0
2019-09-11,0.0,0.0,0.0
2019-09-12,0.0,0.0,0.0
2019-09-15,0.0,0.0,0.0
2019-09-19,0.0,0.0,0.0
2019-09-21,0.0,0.0,0.0
2019-09-22,0.0,0.0,0.0
2019-09-23,0.0,0.0,0.0
2019-09-25,0.0,0.0,0.0
2019-09-27,0.0,0.0,0.0
2019-09-28,0.0,3.0,1.8
2019-09-29,0.0,0.0,0.0
2019-10-01,0.0,0.0,0.0
2019-10-03,0.0,0.0,0.0
2019-10-05,0.0,0.0,0.0
2019-10-06,0.0,0.0,0.0
2019-10-08,0.0,0.0,0.0
2019-10-10,0.0,9.9,7.7
2019-10-11,89.1,0.0,0.0
2019-10-12,0.0,0.0,0.0
2019-10-13,0.0,0.0,0.0
2019-10-15,0.0,0.0,0.0
2019-10-17,0.0,0.0,0.0
2019-10-18,0.0,0.0,0.0
2019-10-19,0.0,0.6,0.0
2019-10-20,0.0,0.0,0.0
2019-10-21,0.0,0.0,0.0
2019-10-22,0.0,0.0,0.0
2019-10-25,0.0,0.0,0.0
2019-10-26,0.0,0.0,0.0
2019-10-27,0.0,0.0,0.0
2019-10-29,0.0,0.0,0.0
2019-10-31,0.0,0.0,0.0
2019-11-01,0.0,5.2,5.1
2019-11-02,15.0,4.1,4.0
2019-11-03,0.0,3.8,3.6
2019-11-04,0.0,0.8,0.0
2019-11-05,0.0,0.0,0.0
2019-11-07,0.0,0.0,0.0
2019-11-09,0.0,0.0,0.0
2019-11-10,0.0,0.0,0.0
2019-11-11,0.0,0.0,0.0
2019-11-12,0.0,1.9,2.3
2019-11-14,8.8,8.1,6.6
2019-11-15,0.0,0.8,0.0
2019-11-16,0.0,0.0,0.0
2019-11-17,0.0,0.0,0.0
2019-11-19,0.0,0.0,0.0
2019-11-21,6.5,0.0,0.0
2019-11-22,0.0,0.2,0.0
2019-11-23,0.0,0.0,0.0
2019-11-24,0.0,0.0,0.0
2019-11-26,0.0,6.8,3.8
2019-11-27,0.0,8.3,4.8
2019-11-28,0.0,0.0,0.0
2019-11-29,0.0,5.8,3.1
2019-11-30,0.0,3.9,1.9
2019-12-01,0.0,0.0,0.0
2019-12-03,0.0,0.1,0.0
2019-12-04,6.0,13.5,10.5
2019-12-05,57.0,20.0,17.2
2019-12-07,7.7,10.4,7.6
2019-12-08,11.5,34.5,34.3
2019-12-10,0.0,2.5,1.0
2019-12-12,0.0,9.3,4.5
2019-12-13,0.0,0.6,0.0
2019-12-14,0.0,3.4,1.0
2019-12-15,0.0,20.4,11.2
2019-12-16,27.8,7.9,3.7
2019-12-18,14.1,0.2,0.0
2019-12-19,0.0,0.7,0.0
2019-12-20,0.0,1.2,0.0
2019-12-21,0.0,6.6,3.2
2019-12-22,5.5,5.1,2.3
2019-12-23,21.6,18.7,11.5
2019-12-26,4.0,56.5,40.0
2019-12-27,22.4,55.6,40.9
2019-12-28,6.5,2.6,1.0
2019-12-29,0.4,0.7,0.0
2019-12-31,0.0,123.6,122.9
2020-01-01,189.1,24.8,17.7
2020-01-02,1.5,3.8,2.5
2020-01-04,4.0,21.5,15.1
2020-01-05,0.0,15.7,11.0
2020-01-06,1.3,5.0,3.4
2020-01-07,2.0,55.2,41.8
2020-01-08,36.5,22.9,16.2
2020-01-09,14.0,8.9,6.2
2020-01-10,6.8,12.1,8.4
2020-01-11,0.0,35.6,25.1
2020-01-12,37.8,11.4,7.1
2020-01-13,3.8,34.1,23.4
2020-01-14,18.7,0.3,0.0
2020-01-15,1.5,2.7,1.0
2020-01-16,0.2,0.4,0.0
2020-01-17,0.0,14.5,9.5
2020-01-18,58.0,0.7,0.0
2020-01-22,0.0,0.0,0.0
2020-01-24,2.8,43.2,32.3
2020-01-25,14.0,49.9,39.5
2020-01-26,107.3,0.8,0.0
2020-01-27,1.4,1.8,1.0
2020-01-28,4.5,3.1,1.0
2020-01-30,6.6,17.7,10.7
2020-01-31,12.4,20.3,12.6
2020-02-01,6.6,14.3,9.1
2020-02-02,3.6,6.2,3.0
2020-02-04,82.2,17.9,11.9
2020-02-05,76.5,89.8,72.7
2020-02-06,70.5,14.3,9.1
2020-02-08,56.5,0.8,0.0
2020-02-09,0.2,12.9,8.0
2020-02-10,8.9,13.7,8.7
2020-02-11,4.0,29.8,24.5
2020-02-12,63.0,5.2,2.5
2020-02-13,26.5,1.7,0.0
2020-02-14,1.8,1.9,0.0
2020-02-16,47.3,29.0,24.1
2020-02-17,76.8,3.9,1.4
2020-02-18,0.0,19.0,14.2
2020-02-19,51.5,94.6,86.1
2020-02-20,46.6,10.6,6.9
2020-02-21,3.6,0.9,0.0
2020-02-22,0.0,21.1,15.2
2020-02-23,14.0,3.9,1.9
2020-02-24,19.0,7.3,4.4
2020-02-25,1.1,3.9,1.9
2020-02-27,7.0,30.9,24.9
2020-02-28,2.2,18.9,13.5
2020-02-29,19.2,32.1,25.6
2020-03-01,12.0,26.6,18.6
2020-03-02,31.8,3.2,1.0
2020-03-04,17.1,58.6,50.0
2020-03-05,75.8,8.5,4.2
2020-03-06,0.8,23.0,16.4
2020-03-07,37.5,39.3,31.2
2020-03-08,1.7,33.2,26.7
2020-03-09,41.0,4.6,1.3
2020-03-10,0.0,5.7,2.1
2020-03-12,40.5,10.0,8.2
2020-03-13,19.7,1.5,1.6
2020-03-14,0.0,1.2,0.0
2020-03-16,0.4,7.4,6.1
2020-03-18,2.0,17.2,13.4
2020-03-19,2.2,17.7,14.4
2020-03-20,6.2,0.2,0.0
2020-03-21,1.5,36.9,31.6
2020-03-22,77.5,0.4,0.0
2020-03-23,1.2,4.9,2.7
2020-03-24,0.0,20.6,14.9
2020-03-25,14.0,18.3,13.2
2020-03-26,1.9,62.8,58.1
2020-03-27,80.4,0.9,0.0
2020-03-30,0.0,20.1,15.5
2020-03-31,0.0,14.8,10.4
2020-04-02,5.0,1.8,1.0
2020-04-03,1.3,5.2,3.7
2020-04-07,3.5,12.7,10.5
2020-04-09,4.8,8.1,6.3
2020-04-10,0.0,6.4,4.7
2020-04-11,4.0,0.0,0.0
2020-04-13,0.2,46.2,34.3
2020-04-14,82.0,0.3,0.0
2020-04-15,5.0,3.0,2.4
2020-04-16,0.0,0.2,0.0
2020-04-17,0.0,0.0,0.0
2020-04-21,44.2,36.7,38.3
2020-04-22,5.2,0.1,0.0
2020-04-23,0.0,8.2,5.4
2020-04-24,13.3,0.0,0.0
2020-04-25,3.4,2.2,1.0
2020-04-26,1.2,8.5,5.6
2020-04-28,0.0,16.4,12.7
2020-04-29,13.0,8.3,5.5
2020-04-30,8.0,1.3,0.0
2020-05-01,0.0,15.0,10.5
2020-05-02,6.0,2.1,1.2
2020-05-06,0.0,0.8,0.0
2020-05-08,0.0,51.5,54.0
2020-05-09,16.0,23.7,18.1
2020-05-13,0.0,0.0,0.0
2020-05-14,0.0,0.0,0.0
2020-05-15,0.0,0.0,0.0
2020-05-19,7.3,0.8,0.0
2020-05-25,18.4,51.4,62.7
2020-05-26,27.0,1.5,1.1
2020-05-28,9.5,11.5,11.8
2020-05-31,8.9,1.5,1.1
2020-06-06,0.0,0.0,0.0
2020-06-11,0.0,0.0,0.0
2020-06-12,0.0,0.0,0.0
2020-06-16,4.0,0.0,0.0
2020-06-18,0.0,1.6,1.6
2020-06-19,0.4,0.4,0.0
2020-06-25,0.0,0.0,0.0
2020-06-26,0.0,0.0,0.0
2020-06-30,0.0,0.0,0.0
2020-07-02,0.0,27.3,27.5
2020-07-03,46.5,0.0,0.0
2020-07-06,2.3,26.2,25.9
2020-07-07,6.0,0.0,0.0
2020-07-09,0.0,1.4,1.2
2020-07-10,0.0,0.6,0.0
2020-07-11,0.0,0.0,0.0
2020-07-14,0.0,9.3,7.4
2020-07-15,26.2,8.4,5.9
2020-07-17,0.0,0.0,0.0
2020-07-18,0.0,0.0,0.0
2020-07-19,0.0,0.0,0.0
2020-07-21,0.0,0.0,0.0
2020-07-23,0.0,0.1,0.0
2020-07-24,0.0,0.0,0.0
2020-07-26,0.0,0.0,0.0
2020-07-28,0.0,0.0,0.0
2020-07-30,0.0,0.0,0.0
2020-07-31,0.0,0.0,0.0
2020-08-02,0.0,0.0,0.0
2020-08-06,0.0,0.0,0.0
2020-08-07,0.0,0.0,0.0
2020-08-08,0.0,0.0,0.0
2020-08-09,0.0,0.0,0.0
2020-08-12,0.3,0.0,0.0
2020-08-13,0.0,15.5,8.5
2020-08-14,6.1,7.7,4.2
2020-08-15,0.0,0.0,0.0
2020-08-16,0.0,1.9,1.4
2020-08-19,9.7,0.0,0.0
2020-08-20,0.0,0.0,0.0
2020-08-21,4.7,0.0,0.0
2020-08-23,0.0,0.9,0.0
2020-08-27,0.0,0.0,0.0
2020-08-28,0.0,0.0,0.0
2020-08-30,0.0,0.0,0.0
2020-09-04,13.1,35.6,25.2
2020-09-10,0.0,0.0,0.0
2020-10-01,0.7,0.0,0.0
2020-10-02,0.0,8.1,6.7
2020-10-03,1.7,0.6,0.0
2020-10-04,1.0,0.1,0.0
2020-10-08,0.0,0.0,0.0
2020-10-09,0.0,4.0,4.2
2020-10-11,2.6,0.1,0.0
2020-10-12,0.0,2.4,1.6
2020-10-13,0.0,0.0,0.0
2020-10-15,0.0,5.2,3.8
2020-10-21,1.8,21.9,13.0
2020-10-22,1.7,3.9,3.5
2020-10-23,2.4,1.4,1.7
2020-10-24,0.8,2.4,2.4
2020-10-29,0.0,17.6,13.3
2020-10-30,12.0,21.8,15.9
2020-10-31,0.8,29.1,20.9
2020-11-01,19.0,21.8,22.9
2020-11-03,0.0,1.4,1.2
2020-11-05,5.2,24.0,26.4
2020-11-06,22.0,0.2,0.0
2020-11-08,0.0,0.0,0.0
2020-11-10,0.0,17.1,15.7
2020-11-12,39.5,0.0,0.0
2020-11-15,1.6,0.0,0.0
2020-11-17,6.6,31.2,22.0
2020-11-18,30.4,0.0,0.0
2020-11-20,15.3,2.8,2.9
2020-11-22,0.0,20.4,13.3
2020-11-25,3.6,0.7,0.0
2020-11-26,0.0,4.2,2.1
2020-11-27,0.0,5.2,2.7
2020-11-28,31.6,2.8,1.2
2020-11-30,0.0,11.5,7.0
2020-12-01,3.1,21.9,18.8
2020-12-02,5.6,32.6,32.6
2020-12-03,28.8,0.6,0.0
2020-12-04,0.0,35.0,35.2
2020-12-05,52.6,15.9,12.8
2020-12-06,2.3,111.0,137.7
2020-12-07,32.7,22.8,20.5
2020-12-10,0.0,8.4,5.8
2020-12-13,19.6,16.1,8.6
2020-12-14,0.0,14.7,7.7
2020-12-15,1.0,4.8,1.8
2020-12-17,4.2,31.1,18.5
2020-12-18,35.2,15.9,8.5
2020-12-19,34.2,0.2,0.0
2020-12-20,5.2,1.5,0.0
2020-12-22,14.0,14.5,8.6
2020-12-23,5.4,0.0,0.0
2020-12-24,0.4,7.2,3.7
2020-12-25,25.0,1.2,0.0
2020-12-27,4.2,3.5,1.2
2020-12-28,3.6,34.3,21.8
2020-12-29,28.0,63.0,45.9
2020-12-30,46.9,60.6,44.3
2020-12-31,40.3,20.7,12.9
2021-01-01,0.3,28.7,20.5
2021-01-02,11.0,3.1,2.1
2021-01-03,9.2,0.4,0.0
2021-01-05,0.0,22.7,16.0
2021-01-06,0.8,23.3,16.5
2021-01-07,15.3,2.9,1.9
2021-01-08,5.7,36.2,27.2
2021-01-09,3.2,41.0,30.9
2021-01-10,23.3,6.6,4.5
2021-01-11,0.0,5.9,3.0
2021-01-13,1.3,47.9,38.0
2021-01-14,22.8,7.0,3.8
2021-01-15,18.0,6.1,3.1
2021-01-18,35.4,28.7,20.2
2021-01-19,11.5,3.6,1.3
2021-01-20,0.2,4.0,1.6
2021-01-21,2.0,26.4,17.1
2021-01-23,8.9,14.3,8.3
2021-01-24,8.4,28.4,18.5
2021-01-25,30.7,3.4,1.1
2021-01-26,0.0,22.8,14.4
2021-01-27,0.5,35.4,23.9
2021-01-29,1.4,11.7,6.4
2021-01-30,3.3,23.0,14.6
2021-01-31,22.5,2.3,1.0
2021-02-02,29.3,7.6,4.0
2021-02-03,3.1,20.1,13.7
2021-02-04,0.4,16.1,10.5
2021-02-05,2.8,17.3,11.5
2021-02-07,17.6,31.7,24.7
2021-02-08,35.4,25.3,17.9
2021-02-09,21.0,2.7,1.0
2021-02-11,17.2,7.4,4.3
2021-02-12,43.7,7.0,4.0
2021-02-13,68.1,27.9,21.5
2021-02-14,0.8,13.6,9.6
2021-02-15,6.9,43.7,40.9
2021-02-16,11.4,60.2,57.6
2021-02-17,47.8,7.4,4.3
2021-02-18,1.1,79.1,74.0
2021-02-19,74.0,19.0,14.2
2021-02-20,7.4,13.5,9.4
2021-02-21,1.5,1.4,0.0
2021-02-24,21.3,17.0,12.0
2021-02-25,35.5,38.6,33.7
2021-02-26,22.4,1.0,0.0
2021-02-27,3.0,11.2,7.5
2021-02-28,1.6,7.7,4.8
2021-03-02,0.7,5.9,2.2
2021-03-04,10.2,12.8,7.6
2021-03-05,0.9,1.0,0.0
2021-03-07,7.3,22.4,15.8
2021-03-08,9.9,21.8,15.3
2021-03-09,45.0,44.6,34.5
2021-03-10,112.3,8.5,4.2
2021-03-11,11.0,0.7,0.0
2021-03-14,0.0,16.4,13.3
2021-03-15,26.0,16.4,13.0
2021-03-16,1.6,1.3,1.4
2021-03-17,0.2,0.0,0.0
2021-03-18,0.0,11.3,9.2
2021-03-20,0.0,14.8,12.0
2021-03-21,0.4,47.3,42.2
2021-03-22,29.4,14.1,9.8
2021-03-23,42.6,3.3,1.5
2021-03-24,37.5,4.4,2.3
2021-03-25,0.0,16.1,11.4
2021-03-26,1.5,6.0,3.5
2021-03-27,0.0,6.8,4.0
2021-03-28,0.3,12.8,8.8
2021-03-29,0.3,47.0,42.1
2021-03-30,14.0,43.5,38.3
2021-03-31,7.2,25.2,18.7
2021-04-01,57.5,2.2,1.2
2021-04-04,4.0,25.1,27.6
2021-04-05,8.4,18.0,14.0
2021-04-06,1.5,19.2,16.5
2021-04-07,5.5,10.2,8.2
2021-04-09,0.0,0.0,0.0
2021-04-11,0.0,24.9,14.4
2021-04-12,70.5,0.0,0.0
2021-04-15,0.3,0.9,0.0
2021-04-16,0.0,0.0,0.0
2021-04-17,0.0,0.8,0.0
2021-04-19,0.0,0.0,0.0
2021-04-20,1.4,0.0,0.0
2021-04-22,0.0,0.0,0.0
2021-04-23,0.0,7.2,4.5
2021-04-24,19.2,0.0,0.0
2021-04-25,0.0,0.0,0.0
2021-04-26,0.0,0.3,0.0
2021-04-28,1.0,1.8,1.0
2021-04-29,0.0,0.3,0.0
2021-05-01,0.0,0.0,0.0
2021-05-02,2.5,0.0,0.0
2021-05-03,0.0,0.1,0.0
2021-05-04,0.4,0.2,0.0
2021-05-06,0.0,0.5,0.0
2021-05-07,0.0,3.2,2.0
2021-05-09,0.0,0.0,0.0
2021-05-10,0.0,0.0,0.0
2021-05-13,0.0,0.6,0.0
2021-05-14,0.0,0.0,0.0
2021-05-16,0.0,0.0,0.0
2021-05-18,0.0,0.0,0.0
2021-05-19,0.0,4.9,3.6
2021-05-20,0.0,1.1,0.0
2021-05-21,0.0,0.0,0.0
2021-05-22,0.0,0.5,0.0
2021-05-25,8.1,2.8,2.4
2021-05-27,0.0,0.0,0.0
2021-05-28,0.0,6.1,5.7
2021-05-29,8.2,21.0,22.5
2021-05-30,16.8,0.3,0.0
2021-06-02,0.0,1.1,0.0
2021-06-03,0.0,0.0,0.0
2021-06-04,0.0,3.8,1.4
2021-06-07,1.0,0.3,0.0
2021-06-08,0.0,0.0,0.0
2021-06-09,0.0,0.0,0.0
2021-06-10,0.0,2.4,1.0
2021-06-11,0.0,0.0,0.0
2021-06-12,0.0,0.6,0.0
2021-06-13,6.5,0.0,0.0
2021-06-14,0.3,0.6,0.0
2021-06-15,0.0,7.2,5.6
2021-06-16,5.5,3.0,2.5
2021-06-17,0.3,14.5,10.3
2021-06-19,0.3,28.7,21.4
2021-06-20,7.9,41.4,37.1
2021-06-21,3.0,10.3,7.2
2021-06-22,0.0,7.8,5.4
2021-06-23,3.8,9.3,6.7
2021-06-24,3.4,13.8,10.1
2021-06-25,3.4,0.3,0.0
2021-06-27,0.0,14.4,10.2
2021-06-28,13.8,9.0,6.2
2021-06-29,4.2,2.7,1.9
2021-06-30,0.0,19.4,12.4
2021-07-01,2.3,0.0,0.0
2021-07-02,0.0,0.0,0.0
2021-07-07,0.0,0.3,0.0
2021-07-08,0.0,0.4,0.0
2021-07-09,0.0,8.6,7.5
2021-07-10,8.5,1.2,1.1
2021-07-11,1.0,0.0,0.0
2021-07-12,0.0,0.0,0.0
2021-07-13,0.0,0.6,0.0
2021-07-14,0.0,0.4,0.0
2021-07-15,0.0,0.0,0.0
2021-07-16,0.0,0.2,0.0
2021-07-17,0.0,0.3,0.0
2021-07-18,0.0,1.2,0.0
2021-07-19,23.9,0.0,0.0
2021-07-20,0.5,0.0,0.0
2021-07-21,0.0,0.0,0.0
2021-07-22,0.0,0.0,0.0
2021-07-23,0.0,0.0,0.0
2021-07-25,0.0,0.0,0.0
2021-07-26,0.0,0.0,0.0
2021-07-27,0.0,0.0,0.0
2021-07-31,0.0,0.0,0.0
2021-08-02,0.8,0.0,0.0
2021-08-04,3.6,0.0,0.0
2021-08-05,2.9,0.0,0.0
2021-08-06,0.0,0.0,0.0
2021-08-10,32.2,0.0,0.0
2021-08-11,0.0,0.0,0.0
2021-08-15,0.0,0.0,0.0
2021-08-16,0.0,0.0,0.0
2021-08-19,0.0,3.7,2.3
2021-08-20,6.9,0.0,0.0
2021-08-21,0.0,0.0,0.0
2021-08-23,0.0,1.5,1.1
2021-08-24,0.0,0.0,0.0
2021-08-25,0.0,0.0,0.0
2021-08-26,0.0,0.0,0.0
2021-08-29,0.0,0.1,0.0
2021-08-31,0.0,0.1,0.0
2021-09-03,0.0,0.2,0.0
2021-09-04,0.0,0.7,0.0
2021-09-05,0.0,2.9,3.5
2021-09-07,0.0,0.0,0.0
2021-09-08,0.0,0.0,0.0
2021-09-09,0.0,0.0,0.0
2021-09-10,0.0,0.1,0.0
2021-09-13,2.4,2.0,3.2
2021-09-15,18.2,0.0,0.0
2021-09-16,0.0,0.1,0.0
2021-09-17,0.0,0.0,0.0
2021-09-20,0.5,2.9,4.0
2021-09-21,0.0,12.5,8.5
2021-09-22,13.6,1.7,1.0
2021-09-23,2.3,21.9,18.7
2021-09-24,43.0,1.8,1.0
2021-09-25,1.0,0.0,0.0
2021-09-28,0.0,0.0,0.0
2021-09-29,0.0,0.0,0.0
2021-09-30,0.0,1.8,1.0
2021-10-03,0.0,4.1,4.5
2021-10-04,0.0,1.0,0.0
2021-10-05,0.0,1.0,0.0
2021-10-08,0.0,0.0,0.0
2021-10-09,0.0,0.0,0.0
2021-10-10,0.0,0.0,0.0
2021-10-11,0.0,0.0,0.0
2021-10-13,0.0,0.0,0.0
2021-10-14,0.0,0.7,0.0
2021-10-15,0.0,1.5,1.1
2021-10-17,0.8,8.1,5.8
2021-10-18,4.0,25.0,16.4
2021-10-19,27.1,1.0,0.0
2021-10-24,0.0,0.0,0.0
2021-10-25,0.0,1.9,2.1
2021-10-28,16.4,6.5,5.4
2021-10-29,0.0,2.7,2.6
2021-10-30,2.5,3.0,2.9
2021-10-31,3.3,1.6,1.8
2021-11-02,5.7,2.0,1.8
2021-11-03,0.0,0.3,0.0
2021-11-04,0.0,24.4,26.5
2021-11-05,0.4,17.0,16.0
2021-11-06,2.7,4.9,4.8
2021-11-07,0.0,31.9,36.9
2021-11-08,34.0,4.4,4.3
2021-11-09,0.0,7.9,7.9
2021-11-10,4.0,9.0,9.0
2021-11-11,0.0,8.1,6.6
2021-11-14,2.6,28.2,19.7
2021-11-15,14.2,35.2,26.4
2021-11-16,3.0,7.8,6.4
2021-11-17,0.0,8.9,7.2
2021-11-18,1.0,3.3,3.3
2021-11-19,35.2,1.6,2.1
2021-11-20,1.0,1.6,2.1
2021-11-21,3.2,40.8,37.7
2021-11-22,7.0,116.4,94.1
2021-11-23,144.2,4.6,2.4
2021-11-25,1.0,0.9,0.0
2021-11-26,2.4,10.6,6.5
2021-11-28,0.5,2.2,1.0
2021-11-29,0.0,0.0,0.0
2021-11-30,0.0,1.9,1.0
2021-12-01,0.2,1.4,0.0
2021-12-04,3.7,14.2,11.2
2021-12-06,0.2,14.3,11.3
2021-12-07,5.4,14.0,10.9
2021-12-10,31.9,14.0,11.0
2021-12-11,8.8,4.5,1.6
2021-12-12,0.5,0.2,0.0
2021-12-13,0.0,0.0,0.0
2021-12-14,0.0,19.9,10.9
2021-12-16,0.0,1.7,0.0
2021-12-17,61.3,2.2,1.0
2021-12-18,0.0,2.1,1.0
2021-12-19,0.8,1.5,0.0
2021-12-21,7.6,13.2,7.7
2021-12-22,14.7,0.1,0.0
2021-12-24,0.0,1.5,0.0
2021-12-25,0.0,42.7,29.0
2021-12-26,44.4,17.7,10.8
2021-12-27,4.8,53.3,37.9
2021-12-28,88.9,37.2,25.2
2021-12-29,10.0,0.6,0.0
2021-12-30,0.0,2.2,1.0
