date,gauge,imergl,lseqmdl
2001-01-01,0.0,0.0,0.0
2001-01-02,0.0,8.4,7.7
2001-01-03,14.0,0.6,0.0
2001-01-04,20.0,0.8,0.0
2001-01-05,16.0,2.7,2.4
2001-01-06,4.0,11.8,11.0
2001-01-07,25.0,4.8,4.3
2001-01-08,38.0,11.2,10.5
2001-01-09,57.0,12.1,11.4
2001-01-10,74.0,9.4,8.7
2001-01-11,178.0,12.7,13.7
2001-01-12,3.0,8.2,8.5
2001-01-13,0.0,1.0,1.0
2001-01-14,0.0,0.2,0.0
2001-01-15,0.0,1.8,1.5
2001-01-16,0.0,7.1,7.3
2001-01-17,0.0,1.2,1.0
2001-01-18,0.0,15.4,16.8
2001-01-19,22.0,9.3,9.9
2001-01-20,69.0,25.3,31.7
2001-01-21,102.0,47.0,49.8
2001-01-22,93.0,5.4,4.7
2001-01-23,31.0,13.1,12.6
2001-01-24,20.0,5.5,4.8
2001-01-25,0.0,12.3,11.8
2001-01-26,0.0,73.0,55.5
2001-01-27,183.0,10.5,10.0
2001-01-28,6.0,12.3,11.8
2001-01-29,5.0,23.1,26.1
2001-01-30,20.0,25.9,29.5
2001-01-31,12.0,7.6,6.9
2001-02-01,10.0,8.6,7.4
2001-02-02,4.0,32.9,36.6
2001-02-03,0.0,36.3,40.5
2001-02-04,107.0,10.1,9.0
2001-02-05,0.0,17.2,16.6
2001-02-06,0.0,10.7,9.7
2001-02-07,13.0,7.7,6.4
2001-02-08,3.0,14.1,13.3
2001-02-09,23.0,4.3,2.7
2001-02-10,30.0,4.6,3.0
2001-02-11,42.0,2.2,1.0
2001-02-12,3.0,1.2,0.0
2001-02-13,5.0,5.3,3.5
2001-02-14,12.0,1.6,0.0
2001-02-15,10.0,11.0,8.5
2001-02-16,0.0,3.8,2.1
2001-02-17,0.0,4.0,2.3
2001-02-18,10.0,2.8,1.1
2001-02-19,1.0,0.5,0.0
2001-02-20,28.0,2.3,1.0
2001-02-21,3.0,0.1,0.0
2001-02-22,0.0,0.0,0.0
2001-02-23,0.0,0.4,0.0
2001-02-24,0.0,0.1,0.0
2001-02-25,7.0,1.6,0.0
2001-02-26,6.0,0.0,0.0
2001-02-27,22.0,2.4,1.0
2001-02-28,25.0,18.5,21.2
2001-03-01,111.0,3.5,2.1
2001-03-02,1.0,8.0,6.4
2001-03-03,32.0,2.5,1.0
2001-03-04,0.0,0.3,0.0
2001-03-05,0.0,4.7,3.4
2001-03-06,23.0,12.0,9.9
2001-03-07,18.0,0.6,0.0
2001-03-08,75.0,2.4,1.0
2001-03-09,120.0,2.7,1.2
2001-03-10,0.0,1.3,0.0
2001-03-11,0.0,69.8,50.6
2001-03-12,53.0,0.1,0.0
2001-03-13,0.0,0.0,0.0
2001-03-14,0.0,5.3,5.4
2001-03-15,0.0,20.2,22.4
2001-03-16,125.0,11.8,11.7
2001-03-17,0.0,2.2,2.0
2001-03-18,22.0,2.0,1.8
2001-03-19,0.0,9.5,9.5
2001-03-20,38.0,0.3,0.0
2001-03-21,0.0,5.7,2.7
2001-03-22,0.0,0.7,0.0
2001-03-23,2.0,29.2,22.2
2001-03-24,60.0,23.1,16.9
2001-03-25,42.0,24.8,18.9
2001-03-26,60.0,15.1,10.2
2001-03-27,20.0,17.4,12.0
2001-03-28,27.0,18.8,13.2
2001-03-29,3.0,0.5,0.0
2001-03-30,5.0,30.2,24.1
2001-03-31,40.0,5.5,2.6
2001-04-01,28.0,19.8,21.8
2001-04-02,21.0,27.5,36.9
2001-04-03,200.0,19.3,20.6
2001-04-04,32.0,36.9,49.9
2001-04-05,25.0,6.8,5.4
2001-04-06,0.0,3.5,1.8
2001-04-07,44.0,1.1,0.0
2001-04-08,45.0,11.7,11.0
2001-04-09,16.0,3.0,1.2
2001-04-10,40.0,0.3,0.0
2001-04-11,10.0,0.1,0.0
2001-04-12,25.0,0.4,0.0
2001-04-13,90.0,4.4,3.3
2001-04-14,72.0,4.9,3.8
2001-04-15,98.0,2.7,1.8
2001-04-16,0.0,1.8,1.1
2001-04-17,43.0,8.6,7.3
2001-04-18,22.0,0.0,0.0
2001-04-19,0.0,0.0,0.0
2001-04-20,0.0,0.0,0.0
2001-04-21,0.0,0.0,0.0
2001-04-22,0.0,0.0,0.0
2001-04-23,0.0,1.3,2.9
2001-04-24,40.0,19.0,18.6
2001-04-25,3.0,1.0,0.0
2001-04-26,0.0,0.0,0.0
2001-04-27,0.0,0.1,0.0
2001-04-28,0.0,0.0,0.0
2001-04-29,0.0,0.0,0.0
2001-04-30,0.0,2.1,3.5
2001-05-01,0.0,37.0,27.6
2001-05-02,30.0,24.4,19.2
2001-05-03,60.0,1.6,3.6
2001-05-04,0.0,0.1,0.0
2001-05-05,0.0,0.0,0.0
2001-05-06,0.0,0.0,0.0
2001-05-07,0.0,0.0,0.0
2001-05-08,0.0,0.0,0.0
2001-05-09,0.0,0.0,0.0
2001-05-10,0.0,0.0,0.0
2001-05-11,0.0,0.0,0.0
2001-05-12,0.0,0.0,0.0
2001-05-13,0.0,0.0,0.0
2001-05-14,0.0,0.0,0.0
2001-05-15,0.0,0.0,0.0
2001-05-16,0.0,0.0,0.0
2001-05-17,0.0,0.0,0.0
2001-05-18,0.0,2.5,3.2
2001-05-19,0.0,5.9,5.4
2001-05-20,0.0,1.2,0.0
2001-05-21,6.0,0.0,0.0
2001-05-22,0.0,0.0,0.0
2001-05-23,4.0,0.1,0.0
2001-05-24,0.0,0.0,0.0
2001-05-25,0.0,0.0,0.0
2001-05-26,0.0,0.0,0.0
2001-05-27,0.0,0.2,0.0
2001-05-28,0.0,0.0,0.0
2001-05-29,0.0,2.3,4.9
2001-05-30,0.0,0.0,0.0
2001-05-31,0.0,1.3,3.9
2001-06-01,0.0,5.7,5.5
2001-06-02,0.0,0.0,0.0
2001-06-03,0.0,4.2,4.3
2001-06-04,0.0,37.9,36.3
2001-06-05,18.0,10.6,12.4
2001-06-06,30.0,7.1,6.4
2001-06-07,12.0,0.0,0.0
2001-06-08,0.0,15.7,19.3
2001-06-09,34.0,1.4,1.6
2001-06-10,41.0,2.1,2.4
2001-06-11,8.0,70.9,42.6
2001-06-12,25.0,3.9,4.3
2001-06-13,4.0,3.5,4.0
2001-06-14,3.0,11.4,9.4
2001-06-15,0.0,12.2,10.1
2001-06-16,25.0,0.0,0.0
2001-06-17,0.0,0.0,0.0
2001-06-18,0.0,0.0,0.0
2001-06-19,0.0,0.1,0.0
2001-06-20,0.0,0.0,0.0
2001-06-21,0.0,0.0,0.0
2001-06-22,0.0,0.0,0.0
2001-06-23,0.0,0.0,0.0
2001-06-24,0.0,0.0,0.0
2001-06-25,0.0,0.5,0.0
2001-06-26,0.0,0.0,0.0
2001-06-27,0.0,0.0,0.0
2001-06-28,0.0,0.0,0.0
2001-06-29,0.0,0.5,0.0
2001-06-30,0.0,0.0,0.0
2001-07-01,0.0,0.0,0.0
2001-07-02,0.0,3.7,3.9
2001-07-03,0.0,0.0,0.0
2001-07-04,0.0,0.0,0.0
2001-07-05,0.0,0.0,0.0
2001-07-06,0.0,0.0,0.0
2001-07-07,0.0,0.0,0.0
2001-07-08,0.0,0.0,0.0
2001-07-09,0.0,0.0,0.0
2001-07-10,0.0,0.0,0.0
2001-07-11,13.0,0.0,0.0
2001-07-12,0.0,0.0,0.0
2001-07-13,2.0,0.0,0.0
2001-07-14,12.0,0.0,0.0
2001-07-15,0.0,0.0,0.0
2001-07-16,1.0,0.0,0.0
2001-07-17,0.0,0.0,0.0
2001-07-18,0.0,1.7,2.7
2001-07-19,20.0,3.3,5.5
2001-07-20,35.0,0.0,0.0
2001-07-21,26.0,0.0,0.0
2001-07-22,0.0,1.8,5.3
2001-07-23,17.0,0.0,0.0
2001-07-24,0.0,0.0,0.0
2001-07-25,0.0,0.0,0.0
2001-07-26,0.0,2.3,5.7
2001-07-27,0.0,0.0,0.0
2001-07-28,0.0,0.0,0.0
2001-07-29,0.0,0.0,0.0
2001-07-30,0.0,0.0,0.0
2001-07-31,0.0,0.0,0.0
2001-08-01,0.0,3.4,3.4
2001-08-02,0.0,0.0,0.0
2001-08-03,0.0,0.0,0.0
2001-08-04,0.0,0.0,0.0
2001-08-05,0.0,0.0,0.0
2001-08-06,0.0,0.0,0.0
2001-08-07,0.0,1.0,0.0
2001-08-08,0.0,1.6,1.2
2001-08-09,0.0,0.8,0.0
2001-08-10,0.0,0.0,0.0
2001-08-11,0.0,0.0,0.0
2001-08-12,0.0,0.0,0.0
2001-08-13,0.0,0.0,0.0
2001-08-14,0.0,0.0,0.0
2001-08-15,0.0,0.0,0.0
2001-08-16,0.0,0.0,0.0
2001-08-17,0.0,0.0,0.0
2001-08-18,0.0,4.2,3.5
2001-08-19,0.0,0.0,0.0
2001-08-20,0.0,0.0,0.0
2001-08-21,0.0,0.0,0.0
2001-08-22,0.0,0.0,0.0
2001-08-23,0.0,0.0,0.0
2001-08-24,0.0,0.0,0.0
2001-08-25,0.0,0.0,0.0
2001-08-26,0.0,0.0,0.0
2001-08-27,0.0,3.1,2.9
2001-08-28,0.0,0.0,0.0
2001-08-29,0.0,0.0,0.0
2001-08-30,0.0,0.0,0.0
2001-08-31,0.0,0.1,0.0
2001-09-01,0.0,0.0,0.0
2001-09-02,0.0,0.0,0.0
2001-09-03,0.0,0.0,0.0
2001-09-04,4.0,0.0,0.0
2001-09-05,0.0,0.5,0.0
2001-09-06,0.0,0.0,0.0
2001-09-07,0.0,0.0,0.0
2001-09-08,0.0,0.0,0.0
2001-09-09,0.0,0.0,0.0
2001-09-10,0.0,0.0,0.0
2001-09-11,0.0,0.0,0.0
2001-09-12,0.0,0.0,0.0
2001-09-13,0.0,0.0,0.0
2001-09-14,0.0,0.0,0.0
2001-09-15,0.0,0.1,0.0
2001-09-16,0.0,0.0,0.0
2001-09-17,0.0,1.7,0.0
2001-09-18,0.0,0.4,0.0
2001-09-19,0.0,0.0,0.0
2001-09-20,0.0,0.0,0.0
2001-09-21,0.0,0.0,0.0
2001-09-22,0.0,0.0,0.0
2001-09-23,0.0,0.0,0.0
2001-09-24,0.0,0.0,0.0
2001-09-25,0.0,0.0,0.0
2001-09-26,0.0,0.0,0.0
2001-09-27,0.0,6.5,5.8
2001-09-28,0.0,0.0,0.0
2001-09-29,0.0,2.8,4.2
2001-09-30,0.0,0.1,0.0
2001-10-01,0.0,7.5,7.3
2001-10-02,0.0,30.8,20.8
2001-10-03,14.0,17.5,11.2
2001-10-04,0.0,1.0,0.0
2001-10-05,1.0,5.4,6.3
2001-10-06,0.0,0.4,0.0
2001-10-07,0.0,2.2,4.9
2001-10-08,7.0,0.0,0.0
2001-10-09,77.0,2.6,5.1
2001-10-10,12.0,1.7,4.6
2001-10-11,12.0,0.0,0.0
2001-10-12,0.0,2.6,2.7
2001-10-13,0.0,0.1,0.0
2001-10-14,1.0,0.0,0.0
2001-10-15,3.0,6.9,6.1
2001-10-16,20.0,0.0,0.0
2001-10-17,0.0,0.6,0.0
2001-10-18,0.0,9.4,8.3
2001-10-19,0.0,6.8,6.1
2001-10-20,0.0,12.3,10.1
2001-10-21,80.0,19.3,10.8
2001-10-22,26.0,75.9,38.3
2001-10-23,14.0,119.3,38.7
2001-10-24,41.0,17.1,9.8
2001-10-25,22.0,12.6,7.2
2001-10-26,6.0,10.8,6.5
2001-10-27,0.0,0.2,0.0
2001-10-28,0.0,4.0,2.5
2001-10-29,0.0,0.6,0.0
2001-10-30,0.0,3.9,2.4
2001-10-31,0.0,4.4,2.7
2001-11-01,0.0,16.7,13.6
2001-11-02,3.0,2.5,1.8
2001-11-03,0.0,9.7,7.5
2001-11-04,0.0,0.0,0.0
2001-11-05,0.0,0.1,0.0
2001-11-06,0.0,0.3,0.0
2001-11-07,0.0,6.4,4.8
2001-11-08,0.0,0.1,0.0
2001-11-09,6.0,0.0,0.0
2001-11-10,0.0,0.0,0.0
2001-11-11,0.0,0.0,0.0
2001-11-12,0.0,0.0,0.0
2001-11-13,0.0,0.0,0.0
2001-11-14,0.0,80.0,49.4
2001-11-15,0.0,11.1,5.1
2001-11-16,196.0,20.3,9.1
2001-11-17,22.0,38.1,15.4
2001-11-18,173.0,14.0,6.3
2001-11-19,73.0,11.8,5.4
2001-11-20,8.0,5.8,3.0
2001-11-21,8.0,1.0,0.0
2001-11-22,0.0,0.8,0.0
2001-11-23,10.0,0.0,0.0
2001-11-24,0.0,4.9,2.1
2001-11-25,0.0,3.9,1.5
2001-11-26,26.0,1.1,0.0
2001-11-27,75.0,0.8,0.0
2001-11-28,10.0,19.5,11.0
2001-11-29,18.0,0.5,0.0
2001-11-30,3.0,12.9,6.8
2001-12-01,59.0,28.1,19.9
2001-12-02,55.0,0.9,0.0
2001-12-03,3.0,2.2,1.0
2001-12-04,6.0,0.1,0.0
2001-12-05,4.0,0.0,0.0
2001-12-06,0.0,3.7,1.3
2001-12-07,0.0,0.2,0.0
2001-12-08,0.0,0.6,0.0
2001-12-09,0.0,3.5,1.2
2001-12-10,0.0,0.7,0.0
2001-12-11,0.0,0.4,0.0
2001-12-12,0.0,5.9,3.3
2001-12-13,7.0,0.0,0.0
2001-12-14,12.0,0.8,0.0
2001-12-15,4.0,13.8,10.2
2001-12-16,2.0,2.3,0.0
2001-12-17,12.0,6.1,3.4
2001-12-18,29.0,9.1,6.1
2001-12-19,8.0,0.0,0.0
2001-12-20,15.0,0.0,0.0
2001-12-21,5.0,1.0,0.0
2001-12-22,0.0,0.0,0.0
2001-12-23,0.0,0.9,0.0
2001-12-24,13.0,4.2,3.5
2001-12-25,20.0,0.2,0.0
2001-12-26,0.0,2.3,1.7
2001-12-27,0.0,1.7,1.0
2001-12-28,1.0,4.5,3.7
2001-12-29,152.0,17.3,14.3
2001-12-30,65.0,2.2,1.5
2001-12-31,3.0,15.1,12.6
2002-01-01,88.0,10.3,9.6
2002-01-02,5.0,7.6,7.0
2002-01-03,23.0,4.1,3.7
2002-01-04,0.0,2.8,2.5
2002-01-05,18.0,3.9,3.4
2002-01-06,32.0,3.2,2.8
2002-01-07,11.0,0.5,0.0
2002-01-08,37.0,0.0,0.0
2002-01-09,3.0,8.1,7.4
2002-01-10,30.0,0.0,0.0
2002-01-11,1.0,0.0,0.0
2002-01-12,0.0,0.0,0.0
2002-01-13,4.0,12.6,13.6
2002-01-14,3.0,36.8,45.0
2002-01-15,0.0,3.7,3.5
2002-01-16,38.0,149.8,69.2
2002-01-17,4.0,36.7,45.0
2002-01-18,4.0,11.8,12.7
2002-01-19,1.0,2.9,2.7
2002-01-20,29.0,32.2,39.2
2002-01-21,1.0,59.9,55.6
2002-01-22,59.0,20.0,20.0
2002-01-23,87.0,19.2,19.1
2002-01-24,35.0,49.5,50.2
2002-01-25,32.0,32.6,36.7
2002-01-26,35.0,14.8,14.5
2002-01-27,193.0,20.2,19.7
2002-01-28,12.0,15.5,15.2
2002-01-29,25.0,44.0,47.5
2002-01-30,65.0,12.7,12.3
2002-01-31,23.0,1.0,1.0
2002-02-01,0.0,4.4,2.7
2002-02-02,15.0,4.2,2.5
2002-02-03,0.0,44.4,48.2
2002-02-04,206.0,11.9,11.0
2002-02-05,40.0,19.6,19.0
2002-02-06,29.0,9.0,7.9
2002-02-07,120.0,0.2,0.0
2002-02-08,0.0,15.8,15.1
2002-02-09,7.0,10.0,8.9
2002-02-10,12.0,8.7,7.5
2002-02-11,44.0,0.6,0.0
2002-02-12,57.0,3.5,1.8
2002-02-13,2.0,42.2,36.6
2002-02-14,3.0,25.1,22.7
2002-02-15,106.0,4.4,2.7
2002-02-16,3.0,5.2,3.4
2002-02-17,2.0,84.7,76.2
2002-02-18,45.0,44.6,39.2
2002-02-19,26.0,15.4,12.3
2002-02-20,30.0,29.1,25.5
2002-02-21,2.0,2.6,1.2
2002-02-22,0.0,4.4,3.4
2002-02-23,0.0,12.6,13.6
2002-02-24,15.0,1.5,0.0
2002-02-25,32.0,1.3,0.0
2002-02-26,0.0,0.0,0.0
2002-02-27,1.0,0.4,0.0
2002-02-28,0.0,2.6,1.3
2002-03-01,30.0,7.4,5.9
2002-03-02,2.0,0.0,0.0
2002-03-03,0.0,0.0,0.0
2002-03-04,0.0,0.0,0.0
2002-03-05,0.0,2.0,0.0
2002-03-06,53.0,6.7,5.3
2002-03-07,17.0,4.6,3.3
2002-03-08,25.0,15.0,12.4
2002-03-09,68.0,24.4,20.6
2002-03-10,24.0,15.6,12.9
2002-03-11,15.0,4.0,3.9
2002-03-12,70.0,0.0,0.0
2002-03-13,0.0,0.1,0.0
2002-03-14,0.0,2.9,2.8
2002-03-15,1.0,12.2,12.2
2002-03-16,42.0,0.0,0.0
2002-03-17,0.0,17.7,17.4
2002-03-18,33.0,10.6,10.6
2002-03-19,30.0,5.1,5.2
2002-03-20,5.0,6.2,6.3
2002-03-21,8.0,0.0,0.0
2002-03-22,0.0,0.8,0.0
2002-03-23,0.0,17.0,11.7
2002-03-24,5.0,12.9,8.4
2002-03-25,4.0,30.6,24.2
2002-03-26,35.0,3.7,1.2
2002-03-27,41.0,51.0,50.8
2002-03-28,110.0,15.4,10.4
2002-03-29,3.0,4.8,2.1
2002-03-30,25.0,14.9,10.0
2002-03-31,5.0,27.2,20.3
2002-04-01,23.2,4.2,2.5
2002-04-02,7.0,5.3,3.8
2002-04-03,3.0,2.0,1.0
2002-04-04,6.0,35.9,48.9
2002-04-05,76.0,5.7,4.3
2002-04-06,83.0,2.4,1.0
2002-04-07,4.0,0.0,0.0
2002-04-08,0.0,0.2,0.0
2002-04-09,0.0,9.3,8.3
2002-04-10,3.0,2.0,0.0
2002-04-11,0.0,0.7,0.0
2002-04-12,1.0,13.7,11.9
2002-04-13,0.0,0.5,0.0
2002-04-14,0.0,3.2,2.3
2002-04-15,13.0,5.2,4.1
2002-04-16,80.0,14.0,12.8
2002-04-17,1.0,16.9,15.2
2002-04-18,35.0,3.4,2.4
2002-04-19,3.0,45.5,52.9
2002-04-20,15.0,2.0,1.2
2002-04-21,0.0,9.6,9.4
2002-04-22,0.0,0.0,0.0
2002-04-23,10.0,0.0,0.0
2002-04-24,0.0,0.0,0.0
2002-04-25,0.0,0.3,0.0
2002-04-26,0.0,0.0,0.0
2002-04-27,0.0,0.4,0.0
2002-04-28,0.0,0.0,0.0
2002-04-29,0.0,0.2,0.0
2002-04-30,0.0,0.0,0.0
2002-05-01,88.0,0.0,0.0
2002-05-02,5.0,0.0,0.0
2002-05-03,23.0,0.0,0.0
2002-05-04,0.0,2.0,3.9
2002-05-05,18.0,0.0,0.0
2002-05-06,32.0,0.0,0.0
2002-05-07,11.0,4.6,5.8
2002-05-08,37.0,1.0,0.0
2002-05-09,3.0,0.9,0.0
2002-05-10,30.0,14.8,12.2
2002-05-11,1.0,3.5,3.8
2002-05-12,0.0,39.0,29.0
2002-05-13,0.0,0.0,0.0
2002-05-14,4.0,0.0,0.0
2002-05-15,3.0,0.0,0.0
2002-05-16,0.0,0.0,0.0
2002-05-17,38.0,0.0,0.0
2002-05-18,4.0,0.0,0.0
2002-05-19,41.0,0.0,0.0
2002-05-20,1.0,0.0,0.0
2002-05-21,29.0,0.0,0.0
2002-05-22,59.0,0.0,0.0
2002-05-23,87.0,0.0,0.0
2002-05-24,35.0,0.0,0.0
2002-05-25,32.0,0.0,0.0
2002-05-26,35.0,0.1,0.0
2002-05-27,193.0,0.0,0.0
2002-05-28,12.0,0.0,0.0
2002-05-29,25.0,0.0,0.0
2002-05-30,65.0,0.0,0.0
2002-05-31,23.0,0.0,0.0
2002-06-01,0.0,0.0,0.0
2002-06-02,0.0,0.0,0.0
2002-06-03,0.0,0.0,0.0
2002-06-04,0.0,0.0,0.0
2002-06-05,0.0,0.0,0.0
2002-06-06,0.0,0.1,0.0
2002-06-07,0.0,0.0,0.0
2002-06-08,0.0,0.2,0.0
2002-06-09,0.0,0.0,0.0
2002-06-10,0.0,0.0,0.0
2002-06-11,0.0,0.0,0.0
2002-06-12,0.0,0.0,0.0
2002-06-13,0.0,5.5,5.6
2002-06-14,0.0,0.0,0.0
2002-06-15,0.0,1.7,2.8
2002-06-16,0.0,0.4,0.0
2002-06-17,0.0,0.1,0.0
2002-06-18,0.0,0.6,0.0
2002-06-19,0.0,0.0,0.0
2002-06-20,0.0,0.0,0.0
2002-06-21,0.0,0.0,0.0
2002-06-22,0.0,0.0,0.0
2002-06-23,0.0,0.0,0.0
2002-06-24,0.0,0.0,0.0
2002-06-25,0.0,0.0,0.0
2002-06-26,0.0,0.0,0.0
2002-06-27,0.0,0.0,0.0
2002-06-28,0.0,0.0,0.0
2002-06-29,0.0,0.0,0.0
2002-06-30,0.0,0.0,0.0
2002-07-01,0.0,0.1,0.0
2002-07-02,0.0,0.0,0.0
2002-07-03,0.0,0.0,0.0
2002-07-04,0.0,0.0,0.0
2002-07-05,0.0,0.0,0.0
2002-07-06,0.0,0.0,0.0
2002-07-07,0.0,0.0,0.0
2002-07-08,0.0,0.0,0.0
2002-07-09,0.0,0.0,0.0
2002-07-10,0.0,0.0,0.0
2002-07-11,0.0,0.0,0.0
2002-07-12,0.0,0.0,0.0
2002-07-13,0.0,0.0,0.0
2002-07-14,0.0,0.0,0.0
2002-07-15,0.0,0.0,0.0
2002-07-16,0.0,0.0,0.0
2002-07-17,0.0,0.2,0.0
2002-07-18,0.0,0.0,0.0
2002-07-19,0.0,0.0,0.0
2002-07-20,0.0,0.0,0.0
2002-07-21,0.0,0.0,0.0
2002-07-22,0.0,0.0,0.0
2002-07-23,0.0,0.0,0.0
2002-07-24,0.0,0.0,0.0
2002-07-25,0.0,0.0,0.0
2002-07-26,0.0,0.0,0.0
2002-07-27,0.0,0.0,0.0
2002-07-28,0.0,0.0,0.0
2002-07-29,0.0,0.0,0.0
2002-07-30,0.0,0.0,0.0
2002-07-31,0.0,0.0,0.0
2002-09-01,0.0,6.1,4.3
2002-09-02,0.0,0.0,0.0
2002-09-03,0.0,0.0,0.0
2002-09-04,0.0,0.0,0.0
2002-09-05,0.0,0.0,0.0
2002-09-06,0.0,0.0,0.0
2002-09-07,0.0,0.0,0.0
2002-09-08,0.0,0.3,0.0
2002-09-09,0.0,0.0,0.0
2002-09-10,0.0,0.0,0.0
2002-09-11,0.0,0.0,0.0
2002-09-12,0.0,0.0,0.0
2002-09-13,0.0,0.0,0.0
2002-09-14,0.0,0.0,0.0
2002-09-15,0.0,0.0,0.0
2002-09-16,0.0,0.0,0.0
2002-09-17,0.0,0.0,0.0
2002-09-18,0.0,0.0,0.0
2002-09-19,0.0,0.0,0.0
2002-09-20,0.0,0.0,0.0
2002-09-21,0.0,0.0,0.0
2002-09-22,0.0,0.0,0.0
2002-09-23,0.0,0.0,0.0
2002-09-24,0.0,2.9,3.9
2002-09-25,0.0,0.0,0.0
2002-09-26,0.0,0.0,0.0
2002-09-27,0.0,0.0,0.0
2002-09-28,0.0,0.9,0.0
2002-09-29,0.0,2.1,3.4
2002-09-30,0.0,0.0,0.0
2002-10-01,0.0,0.0,0.0
2002-10-02,0.0,0.0,0.0
2002-10-03,0.0,0.6,0.0
2002-10-04,0.0,0.0,0.0
2002-10-05,0.0,0.2,0.0
2002-10-06,0.0,0.0,0.0
2002-10-07,0.0,1.1,0.0
2002-10-08,0.0,0.0,0.0
2002-10-09,0.0,0.0,0.0
2002-10-10,0.0,0.0,0.0
2002-10-11,0.0,0.0,0.0
2002-10-12,0.0,0.0,0.0
2002-10-13,0.0,0.0,0.0
2002-10-14,0.0,0.0,0.0
2002-10-15,0.0,0.0,0.0
2002-10-16,0.0,0.0,0.0
2002-10-17,0.0,0.5,0.0
2002-10-18,0.0,0.0,0.0
2002-10-19,0.0,0.0,0.0
2002-10-20,0.0,0.0,0.0
2002-10-21,0.0,0.0,0.0
2002-10-22,0.0,6.4,4.0
2002-10-23,0.0,11.5,6.5
2002-10-24,0.0,0.0,0.0
2002-10-25,0.0,0.0,0.0
2002-10-26,0.0,0.0,0.0
2002-10-27,0.0,0.0,0.0
2002-10-28,0.0,0.0,0.0
2002-10-29,0.0,0.0,0.0
2002-10-30,0.0,0.0,0.0
2002-10-31,0.0,0.8,0.0
2002-11-01,0.0,3.1,2.2
2002-11-02,0.0,0.0,0.0
2002-11-03,9.0,0.0,0.0
2002-11-04,0.0,5.0,3.7
2002-11-05,0.0,0.1,0.0
2002-11-06,0.0,7.0,5.3
2002-11-07,0.0,0.0,0.0
2002-11-08,0.0,0.0,0.0
2002-11-09,0.0,0.6,0.0
2002-11-10,0.0,0.0,0.0
2002-11-11,0.0,0.4,0.0
2002-11-12,0.0,0.0,0.0
2002-11-13,0.0,9.2,4.3
2002-11-14,0.0,0.0,0.0
2002-11-15,0.0,1.2,0.0
2002-11-16,0.0,38.1,14.9
2002-11-17,0.0,3.4,2.2
2002-11-18,4.0,8.6,4.1
2002-11-19,0.0,23.7,10.8
2002-11-20,0.0,22.9,10.1
2002-11-21,2.0,6.0,2.7
2002-11-22,0.0,24.4,13.6
2002-11-23,0.0,33.1,20.0
2002-11-24,13.0,0.0,0.0
2002-11-25,0.0,0.0,0.0
2002-11-26,0.0,0.0,0.0
2002-11-27,0.0,1.5,0.0
2002-11-28,0.0,1.4,0.0
2002-11-29,0.0,20.1,11.1
2002-11-30,60.0,7.0,3.2
2002-12-01,0.0,0.0,0.0
2002-12-02,0.0,5.5,2.6
2002-12-03,3.0,6.9,3.7
2002-12-04,0.0,14.3,9.8
2002-12-05,23.0,2.5,1.0
2002-12-06,9.0,12.7,8.5
2002-12-07,14.0,1.5,0.0
2002-12-08,0.0,5.5,2.6
2002-12-09,0.0,0.3,0.0
2002-12-10,40.0,12.8,8.6
2002-12-11,0.0,9.7,6.6
2002-12-12,1.0,27.0,23.9
2002-12-13,6.0,4.8,2.3
2002-12-14,44.0,7.6,4.8
2002-12-15,12.0,29.9,26.1
2002-12-16,15.0,0.1,0.0
2002-12-17,0.0,0.0,0.0
2002-12-18,0.0,0.4,0.0
2002-12-19,0.0,1.0,0.0
2002-12-20,0.0,2.6,1.0
2002-12-21,0.0,7.1,6.1
2002-12-22,0.0,32.9,32.0
2002-12-23,23.0,11.5,9.6
2002-12-24,65.0,14.6,12.1
2002-12-25,7.0,17.3,15.3
2002-12-26,83.0,21.3,20.7
2002-12-27,7.0,95.8,56.3
2002-12-28,39.0,24.8,24.7
2002-12-29,40.0,25.4,25.0
2002-12-30,0.0,20.2,16.7
2002-12-31,113.0,12.7,10.7
2003-01-01,2.0,13.7,13.0
2003-01-02,104.0,19.7,20.6
2003-01-03,31.5,9.6,8.9
2003-01-04,4.0,1.2,1.2
2003-01-05,5.0,1.6,1.5
2003-01-06,1.0,0.1,0.0
2003-01-07,2.0,0.5,0.0
2003-01-08,0.0,0.1,0.0
2003-01-09,1.0,0.1,0.0
2003-01-10,1.0,0.0,0.0
2003-01-11,0.0,0.6,0.0
2003-01-12,0.0,1.5,1.2
2003-01-13,1.0,0.2,0.0
2003-01-14,0.0,0.4,0.0
2003-01-15,0.0,0.3,0.0
2003-01-16,0.0,0.1,0.0
2003-01-17,0.0,1.6,1.3
2003-01-18,3.0,0.0,0.0
2003-01-19,0.0,0.0,0.0
2003-01-20,0.0,58.3,68.2
2003-01-21,17.0,17.0,16.8
2003-01-22,16.0,25.2,28.8
2003-01-23,14.0,14.9,14.5
2003-01-24,2.0,16.0,15.7
2003-01-25,4.0,22.8,25.5
2003-01-26,10.0,5.6,4.9
2003-01-27,4.0,14.4,14.1
2003-01-28,54.0,24.9,29.1
2003-01-29,34.0,13.8,13.4
2003-01-30,1.0,14.3,13.9
2003-01-31,3.0,28.1,32.0
2003-02-01,69.0,19.4,18.9
2003-02-02,13.0,6.5,5.1
2003-02-03,6.0,9.3,8.2
2003-02-04,59.0,9.0,7.9
2003-02-05,107.0,4.7,3.1
2003-02-06,3.0,13.3,12.4
2003-02-07,38.5,3.3,1.4
2003-02-08,5.0,15.0,14.3
2003-02-09,22.0,5.4,3.9
2003-02-10,0.0,1.7,0.0
2003-02-11,0.0,9.5,7.2
2003-02-12,30.5,3.4,1.7
2003-02-13,11.4,13.1,10.3
2003-02-14,25.0,7.5,5.5
2003-02-15,30.0,32.9,28.6
2003-02-16,81.0,28.0,24.6
2003-02-17,73.0,67.8,69.7
2003-02-18,35.0,25.7,23.8
2003-02-19,33.0,6.0,4.1
2003-02-20,35.0,18.4,14.8
2003-02-21,12.0,19.4,22.3
2003-02-22,47.0,4.4,3.4
2003-02-23,1.0,33.2,43.3
2003-02-24,45.0,5.6,4.8
2003-02-25,2.0,0.8,0.0
2003-02-26,13.0,42.8,54.2
2003-02-27,47.0,10.6,11.0
2003-02-28,10.0,11.7,12.4
2003-03-01,0.1,5.9,4.5
2003-03-02,10.0,23.2,19.2
2003-03-03,21.0,35.3,28.5
2003-03-04,67.0,13.2,10.9
2003-03-05,17.0,23.6,19.2
2003-03-06,42.0,4.1,2.8
2003-03-07,1.0,8.5,6.8
2003-03-08,2.0,9.9,8.1
2003-03-09,7.0,8.7,7.0
2003-03-10,0.0,2.2,1.0
2003-03-11,55.0,1.6,1.3
2003-03-12,3.0,0.2,0.0
2003-03-13,15.0,0.2,0.0
2003-03-14,31.0,1.9,1.6
2003-03-15,8.0,25.9,29.2
2003-03-16,39.0,1.2,1.0
2003-03-17,2.0,17.4,17.0
2003-03-18,27.0,2.2,2.0
2003-03-19,0.0,0.0,0.0
2003-03-20,0.0,0.0,0.0
2003-03-21,0.0,2.3,1.0
2003-03-22,83.0,8.2,4.7
2003-03-23,38.0,2.5,1.0
2003-03-24,1.0,0.1,0.0
2003-03-25,0.0,0.1,0.0
2003-03-26,0.0,0.1,0.0
2003-03-27,0.0,0.0,0.0
2003-03-28,0.0,0.2,0.0
2003-03-29,0.0,0.0,0.0
2003-03-30,0.0,0.0,0.0
2003-03-31,47.6,2.4,1.0
2003-04-01,0.0,1.0,0.0
2003-04-02,0.0,0.2,0.0
2003-04-03,2.0,0.1,0.0
2003-04-04,0.0,0.1,0.0
2003-04-05,0.0,1.0,0.0
2003-04-06,0.0,5.9,4.5
2003-04-07,1.0,29.1,39.6
2003-04-08,48.0,7.1,5.8
2003-04-09,23.0,0.0,0.0
2003-04-10,8.0,0.1,0.0
2003-04-11,0.0,0.0,0.0
2003-04-12,0.0,0.0,0.0
2003-04-13,0.0,0.0,0.0
2003-04-14,0.0,0.1,0.0
2003-04-15,0.0,0.0,0.0
2003-04-16,0.0,0.0,0.0
2003-04-17,0.0,0.0,0.0
2003-04-18,2.0,0.2,0.0
2003-04-19,0.0,0.2,0.0
2003-04-20,0.0,0.6,0.0
2003-04-21,0.0,0.0,0.0
2003-04-22,0.0,1.8,3.2
2003-04-23,1.0,0.0,0.0
2003-04-24,0.0,0.0,0.0
2003-04-25,0.0,1.1,2.7
2003-04-26,0.0,0.0,0.0
2003-04-27,1.0,0.1,0.0
2003-04-28,2.0,0.0,0.0
2003-04-29,0.0,0.0,0.0
2003-04-30,0.0,7.4,7.7
2003-05-01,0.0,35.4,27.4
2003-05-02,122.0,1.9,3.8
2003-05-03,0.0,0.0,0.0
2003-05-04,0.0,0.1,0.0
2003-05-05,0.0,5.0,6.2
2003-05-06,21.0,2.0,3.9
2003-05-07,0.0,1.1,0.0
2003-05-08,1.0,15.1,13.0
2003-05-09,10.0,11.1,10.0
2003-05-10,1.0,0.6,0.0
2003-05-11,0.0,23.9,15.7
2003-05-12,22.0,0.0,0.0
2003-05-13,0.0,0.0,0.0
2003-05-14,0.0,2.8,3.4
2003-05-15,98.0,0.0,0.0
2003-05-16,0.0,0.0,0.0
2003-05-17,0.0,0.0,0.0
2003-05-18,0.0,0.0,0.0
2003-05-19,0.0,0.0,0.0
2003-05-20,0.0,0.0,0.0
2003-05-21,0.0,0.0,0.0
2003-05-22,0.0,0.0,0.0
2003-05-23,0.0,6.1,8.1
2003-05-24,7.0,0.0,0.0
2003-05-25,0.0,0.0,0.0
2003-05-26,0.0,0.0,0.0
2003-05-27,0.0,0.0,0.0
2003-05-28,0.0,0.0,0.0
2003-05-29,0.0,2.3,4.9
2003-05-30,0.0,0.1,0.0
2003-05-31,0.0,0.0,0.0
2003-06-01,0.0,0.0,0.0
2003-06-02,0.0,0.0,0.0
2003-06-03,0.0,0.0,0.0
2003-06-04,0.0,0.0,0.0
2003-06-05,0.0,1.0,0.0
2003-06-06,0.0,0.0,0.0
2003-06-07,0.0,0.0,0.0
2003-06-08,0.0,0.0,0.0
2003-06-09,0.0,0.0,0.0
2003-06-10,0.0,0.0,0.0
2003-06-11,0.0,0.0,0.0
2003-06-12,0.0,0.4,0.0
2003-06-13,0.0,0.0,0.0
2003-06-14,0.0,0.0,0.0
2003-06-15,0.0,0.0,0.0
2003-06-16,0.0,0.0,0.0
2003-06-17,0.0,0.0,0.0
2003-06-18,0.0,0.0,0.0
2003-06-19,3.0,0.0,0.0
2003-06-20,6.0,2.7,3.5
2003-06-21,0.0,1.1,2.2
2003-06-22,0.0,1.9,3.3
2003-06-23,0.0,0.0,0.0
2003-06-24,0.0,0.0,0.0
2003-06-25,0.0,0.0,0.0
2003-06-26,0.0,0.0,0.0
2003-06-27,0.0,0.0,0.0
2003-06-28,0.0,0.0,0.0
2003-06-29,0.0,0.0,0.0
2003-06-30,0.0,0.0,0.0
2003-07-01,0.0,0.0,0.0
2003-07-02,0.0,0.0,0.0
2003-07-03,0.0,0.0,0.0
2003-07-04,0.0,0.0,0.0
2003-07-05,0.0,0.0,0.0
2003-07-06,0.0,0.0,0.0
2003-07-07,0.0,0.0,0.0
2003-07-08,0.0,0.0,0.0
2003-07-09,0.0,1.1,0.0
2003-07-10,0.0,0.0,0.0
2003-07-11,0.0,0.0,0.0
2003-07-12,0.0,0.0,0.0
2003-07-13,0.0,0.0,0.0
2003-07-14,0.0,0.0,0.0
2003-07-15,0.0,0.0,0.0
2003-07-16,0.0,0.0,0.0
2003-07-17,0.0,0.0,0.0
2003-07-18,0.0,0.0,0.0
2003-07-19,0.0,0.0,0.0
2003-07-20,0.0,0.0,0.0
2003-07-21,0.0,0.0,0.0
2003-07-22,0.0,0.0,0.0
2003-07-23,0.0,0.0,0.0
2003-07-24,0.0,0.0,0.0
2003-07-25,0.0,0.0,0.0
2003-07-26,0.0,1.0,4.3
2003-07-27,1.0,0.0,0.0
2003-07-28,0.0,0.0,0.0
2003-07-29,0.0,0.0,0.0
2003-07-30,0.0,0.0,0.0
2003-07-31,0.2,0.0,0.0
2003-08-01,0.0,0.0,0.0
2003-08-02,0.0,0.0,0.0
2003-08-03,0.0,0.0,0.0
2003-08-04,0.0,0.0,0.0
2003-08-05,0.0,0.0,0.0
2003-08-06,0.0,0.0,0.0
2003-08-07,0.0,0.0,0.0
2003-08-08,0.0,0.0,0.0
2003-08-09,0.0,0.0,0.0
2003-08-10,0.0,0.0,0.0
2003-08-11,0.0,0.0,0.0
2003-08-12,0.0,5.2,4.1
2003-08-13,0.0,0.0,0.0
2003-08-14,0.0,0.0,0.0
2003-08-15,0.0,0.0,0.0
2003-08-16,0.0,0.0,0.0
2003-08-17,0.0,3.5,3.2
2003-08-18,0.0,0.0,0.0
2003-08-19,0.0,0.0,0.0
2003-08-20,0.0,0.0,0.0
2003-08-21,0.0,0.0,0.0
2003-08-22,0.0,0.0,0.0
2003-08-23,0.0,0.0,0.0
2003-08-24,0.0,0.0,0.0
2003-08-25,0.0,0.0,0.0
2003-08-26,0.0,0.0,0.0
2003-08-27,0.0,0.0,0.0
2003-08-28,0.0,0.0,0.0
2003-08-29,0.0,0.0,0.0
2003-08-30,0.0,0.0,0.0
2003-08-31,0.0,0.0,0.0
2003-09-01,0.0,0.0,0.0
2003-09-02,0.0,0.7,0.0
2003-09-03,0.0,0.1,0.0
2003-09-04,0.0,0.0,0.0
2003-09-05,0.0,0.0,0.0
2003-09-06,0.0,0.0,0.0
2003-09-07,0.0,0.0,0.0
2003-09-08,0.0,0.0,0.0
2003-09-09,0.0,0.1,0.0
2003-09-10,0.0,0.0,0.0
2003-09-11,0.0,0.0,0.0
2003-09-12,0.0,0.0,0.0
2003-09-13,0.0,0.0,0.0
2003-09-14,0.0,0.0,0.0
2003-09-15,0.0,0.0,0.0
2003-09-16,0.0,0.0,0.0
2003-09-17,4.0,0.0,0.0
2003-09-18,0.0,1.1,0.0
2003-09-19,0.0,0.9,0.0
2003-09-20,0.0,0.0,0.0
2003-09-21,0.0,0.0,0.0
2003-09-22,0.0,0.0,0.0
2003-09-23,0.0,0.0,0.0
2003-09-24,0.0,0.0,0.0
2003-09-25,0.0,0.0,0.0
2003-09-26,0.0,0.0,0.0
2003-09-27,0.0,0.0,0.0
2003-09-28,0.0,0.0,0.0
2003-09-29,0.0,0.0,0.0
2003-09-30,0.0,0.0,0.0
2003-10-01,0.0,0.7,0.0
2003-10-02,0.0,0.7,0.0
2003-10-03,0.0,0.0,0.0
2003-10-04,0.0,2.2,4.6
2003-10-05,0.0,0.3,0.0
2003-10-06,0.0,0.0,0.0
2003-10-07,0.0,0.0,0.0
2003-10-08,0.0,0.0,0.0
2003-10-09,0.0,0.6,0.0
2003-10-10,0.0,4.0,5.8
2003-10-11,7.0,10.9,9.3
2003-10-12,0.0,0.0,0.0
2003-10-13,0.0,0.0,0.0
2003-10-14,0.0,0.0,0.0
2003-10-15,0.0,1.5,1.8
2003-10-16,0.0,0.0,0.0
2003-10-17,0.0,1.3,1.6
2003-10-18,0.0,0.0,0.0
2003-10-19,0.0,10.3,8.7
2003-10-20,0.0,4.7,4.2
2003-10-21,0.0,1.3,0.0
2003-10-22,0.0,0.0,0.0
2003-10-23,0.0,0.0,0.0
2003-10-24,0.0,0.0,0.0
2003-10-25,0.0,0.0,0.0
2003-10-26,0.0,5.5,3.4
2003-10-27,0.0,0.4,0.0
2003-10-28,0.0,0.3,0.0
2003-10-29,0.2,23.1,12.9
2003-10-30,13.2,22.8,12.7
2003-10-31,4.5,13.7,8.4
2003-11-01,2.0,14.6,11.2
2003-11-02,6.0,2.7,1.9
2003-11-03,0.0,0.2,0.0
2003-11-04,0.0,0.9,0.0
2003-11-05,0.0,0.0,0.0
2003-11-06,0.0,3.1,2.2
2003-11-07,0.0,0.0,0.0
2003-11-08,0.0,0.6,0.0
2003-11-09,0.0,0.7,0.0
2003-11-10,0.0,0.0,0.0
2003-11-11,0.0,0.0,0.0
2003-11-12,0.0,10.5,4.8
2003-11-13,0.0,1.0,0.0
2003-11-14,0.0,19.3,8.6
2003-11-15,6.0,20.2,9.0
2003-11-16,10.0,13.2,6.0
2003-11-17,5.0,40.0,16.4
2003-11-18,74.0,22.8,10.1
2003-11-19,12.0,37.9,15.1
2003-11-20,14.0,60.3,30.0
2003-11-21,26.0,13.1,6.9
2003-11-22,9.0,30.5,17.8
2003-11-23,5.0,4.9,2.0
2003-11-24,9.0,18.3,10.2
2003-11-25,2.0,40.3,25.6
2003-11-26,7.0,5.6,2.4
2003-11-27,24.0,33.7,20.8
2003-11-28,40.0,0.3,0.0
2003-11-29,2.0,0.0,0.0
2003-11-30,0.0,0.0,0.0
2003-12-01,0.0,16.9,12.1
2003-12-02,6.0,0.0,0.0
2003-12-03,0.0,71.2,73.4
2003-12-04,42.0,37.3,35.1
2003-12-05,4.0,26.8,18.5
2003-12-06,31.0,4.1,1.6
2003-12-07,9.0,36.9,33.3
2003-12-08,2.0,31.7,25.8
2003-12-09,50.0,44.9,44.8
2003-12-10,39.0,4.6,1.9
2003-12-11,17.0,0.7,0.0
2003-12-12,5.0,8.4,5.5
2003-12-13,6.0,0.0,0.0
2003-12-14,2.0,1.2,0.0
2003-12-15,0.0,0.2,0.0
2003-12-16,0.0,2.0,0.0
2003-12-17,0.0,28.9,25.4
2003-12-18,7.0,4.4,1.9
2003-12-19,5.0,21.7,17.1
2003-12-20,26.0,9.8,6.6
2003-12-21,9.0,0.6,0.0
2003-12-22,4.0,0.4,0.0
2003-12-23,4.0,0.9,0.0
2003-12-24,3.0,0.3,0.0
2003-12-25,0.0,3.0,2.4
2003-12-26,3.0,0.0,0.0
2003-12-27,0.0,0.8,0.0
2003-12-28,0.0,6.1,5.2
2003-12-29,1.0,9.9,8.3
2003-12-30,21.0,2.4,1.7
2003-12-31,21.0,3.3,2.7
2004-01-01,0.0,0.1,0.0
2004-01-02,0.0,0.0,0.0
2004-01-03,6.0,0.8,0.0
2004-01-04,0.0,5.1,4.5
2004-01-05,22.0,12.0,11.3
2004-01-06,1.0,13.2,12.5
2004-01-07,24.0,8.4,7.7
2004-01-08,1.0,2.2,1.9
2004-01-09,40.0,4.2,3.7
2004-01-10,1.0,4.3,3.9
2004-01-11,10.0,14.5,15.8
2004-01-12,2.0,0.6,0.0
2004-01-13,0.0,7.7,7.9
2004-01-14,50.0,1.6,1.2
2004-01-15,2.0,5.5,5.6
2004-01-16,8.0,25.8,30.6
2004-01-17,11.0,11.4,12.3
2004-01-18,15.0,0.1,0.0
2004-01-19,0.0,2.5,2.3
2004-01-20,17.0,33.2,41.1
2004-01-21,96.0,8.3,7.7
2004-01-22,18.0,15.4,15.1
2004-01-23,0.0,1.7,1.1
2004-01-24,0.2,13.3,12.8
2004-01-25,6.0,31.5,35.8
2004-01-26,68.0,17.2,17.0
2004-01-27,84.0,5.2,4.5
2004-01-28,15.0,2.1,1.4
2004-01-29,27.0,14.0,13.6
2004-01-30,11.0,26.8,31.9
2004-01-31,21.0,21.0,21.6
2004-02-01,27.0,1.6,0.0
2004-02-02,1.0,23.2,28.1
2004-02-03,1.0,223.7,77.9
2004-02-04,102.0,27.6,31.5
2004-02-05,2.0,5.5,4.0
2004-02-06,10.0,3.2,1.3
2004-02-07,5.0,4.4,2.8
2004-02-08,2.0,10.4,9.4
2004-02-09,19.0,3.2,1.3
2004-02-10,0.0,3.1,1.1
2004-02-11,1.0,2.2,1.0
2004-02-12,0.0,1.4,0.0
2004-02-13,18.0,0.5,0.0
2004-02-14,4.0,3.2,1.5
2004-02-15,15.0,7.1,5.1
2004-02-16,19.0,7.0,5.0
2004-02-17,7.0,4.1,2.4
2004-02-18,20.0,5.0,3.3
2004-02-19,1.0,36.6,32.1
2004-02-20,26.0,58.8,56.2
2004-02-21,76.0,5.0,4.1
2004-02-22,4.0,1.2,0.0
2004-02-23,32.0,32.8,43.1
2004-02-24,84.0,7.5,7.1
2004-02-25,1.0,18.7,21.5
2004-02-26,8.0,28.9,37.3
2004-02-27,46.0,16.4,18.5
2004-02-28,9.0,1.5,0.0
2004-02-29,97.0,26.9,36.3
2004-03-01,97.0,6.2,4.8
2004-03-02,2.0,27.5,23.5
2004-03-03,9.0,22.3,19.2
2004-03-04,38.0,6.8,5.3
2004-03-05,0.0,7.4,5.9
2004-03-06,9.0,12.7,10.5
2004-03-07,1.0,13.5,11.1
2004-03-08,21.0,14.9,12.3
2004-03-09,13.0,27.4,23.9
2004-03-10,8.0,6.3,4.9
2004-03-11,0.0,8.4,8.4
2004-03-12,31.0,6.1,6.1
2004-03-13,12.0,9.5,9.5
2004-03-14,20.0,10.5,10.4
2004-03-15,41.0,9.3,9.3
2004-03-16,3.0,0.0,0.0
2004-03-17,16.0,1.3,1.0
2004-03-18,23.0,13.2,13.1
2004-03-19,19.0,1.6,1.3
2004-03-20,0.0,1.3,1.0
2004-03-21,10.0,33.5,26.5
2004-03-22,17.0,20.6,14.4
2004-03-23,16.0,0.3,0.0
2004-03-24,2.0,0.0,0.0
2004-03-25,0.0,0.3,0.0
2004-03-26,7.0,1.0,0.0
2004-03-27,0.0,0.9,0.0
2004-03-28,11.0,5.5,2.6
2004-03-29,3.0,0.0,0.0
2004-03-30,1.0,10.8,6.7
2004-03-31,0.0,0.0,0.0
2004-04-01,0.0,1.0,0.0
2004-04-02,5.0,1.8,0.0
2004-04-03,4.0,0.4,0.0
2004-04-04,3.0,0.0,0.0
2004-04-05,0.0,0.3,0.0
2004-04-06,0.0,0.3,0.0
2004-04-07,0.0,0.0,0.0
2004-04-08,0.0,15.2,15.0
2004-04-09,13.0,0.0,0.0
2004-04-10,6.0,0.5,0.0
2004-04-11,15.0,0.0,0.0
2004-04-12,0.0,0.0,0.0
2004-04-13,2.0,4.6,3.5
2004-04-14,0.0,0.0,0.0
2004-04-15,0.0,0.0,0.0
2004-04-16,0.0,0.0,0.0
2004-04-17,0.0,0.0,0.0
2004-04-18,0.0,4.0,2.9
2004-04-19,0.0,2.5,1.7
2004-04-20,0.0,0.0,0.0
2004-04-21,0.0,0.0,0.0
2004-04-22,0.0,0.0,0.0
2004-04-23,0.0,0.6,0.0
2004-04-24,0.0,4.7,5.5
2004-04-25,0.0,3.5,4.6
2004-04-26,1.0,0.0,0.0
2004-04-27,0.0,4.7,5.6
2004-04-28,0.0,0.0,0.0
2004-04-29,0.0,0.0,0.0
2004-04-30,0.0,0.6,0.0
2004-05-01,0.0,0.0,0.0
2004-05-02,0.0,0.0,0.0
2004-05-03,0.0,4.2,5.5
2004-05-04,2.0,0.0,0.0
2004-05-05,0.0,0.0,0.0
2004-05-06,2.0,0.9,0.0
2004-05-07,0.0,0.0,0.0
2004-05-08,27.0,0.0,0.0
2004-05-09,0.0,2.9,4.6
2004-05-10,0.0,3.2,4.8
2004-05-11,0.0,0.0,0.0
2004-05-12,0.0,0.0,0.0
2004-05-13,0.0,0.0,0.0
2004-05-14,1.0,0.0,0.0
2004-05-15,0.0,1.1,0.0
2004-05-16,9.0,6.7,5.8
2004-05-17,9.0,0.0,0.0
2004-05-18,47.0,0.9,0.0
2004-05-19,4.0,0.0,0.0
2004-05-20,0.0,4.4,4.4
2004-05-21,0.0,0.0,0.0
2004-05-22,2.0,0.9,3.6
2004-05-23,0.0,0.0,0.0
2004-05-24,0.0,0.0,0.0
2004-05-25,0.0,0.0,0.0
2004-05-26,0.0,1.5,4.1
2004-05-27,35.0,5.1,7.7
2004-05-28,26.0,1.2,3.8
2004-05-29,60.0,35.2,30.6
2004-05-30,18.0,0.0,0.0
2004-05-31,0.0,0.0,0.0
2004-06-01,0.0,0.0,0.0
2004-06-02,0.0,0.0,0.0
2004-06-03,0.0,0.1,0.0
2004-06-04,0.0,0.0,0.0
2004-06-05,0.0,0.0,0.0
2004-06-06,0.0,0.0,0.0
2004-06-07,0.0,0.0,0.0
2004-06-08,0.0,16.1,19.8
2004-06-09,0.0,4.3,4.8
2004-06-10,0.0,26.7,29.6
2004-06-11,49.0,0.0,0.0
2004-06-12,0.0,0.0,0.0
2004-06-13,0.0,0.0,0.0
2004-06-14,0.0,0.1,0.0
2004-06-15,0.0,0.0,0.0
2004-06-16,0.0,0.1,0.0
2004-06-17,0.0,0.0,0.0
2004-06-18,0.0,0.3,0.0
2004-06-19,0.0,0.0,0.0
2004-06-20,0.0,0.0,0.0
2004-06-21,0.0,0.0,0.0
2004-06-22,0.0,0.0,0.0
2004-06-23,0.0,0.0,0.0
2004-06-24,0.0,0.0,0.0
2004-06-25,0.0,1.2,2.0
2004-06-26,0.0,0.0,0.0
2004-06-27,0.0,0.0,0.0
2004-06-28,0.0,0.0,0.0
2004-06-29,0.0,0.0,0.0
2004-06-30,0.0,0.0,0.0
2004-07-01,0.0,0.0,0.0
2004-07-02,0.0,0.0,0.0
2004-07-03,0.0,0.0,0.0
2004-07-04,0.0,0.0,0.0
2004-07-05,0.0,1.3,0.0
2004-07-06,0.0,0.0,0.0
2004-07-07,0.0,0.0,0.0
2004-07-08,0.0,0.0,0.0
2004-07-09,0.0,1.6,1.2
2004-07-10,0.0,0.0,0.0
2004-07-11,0.0,0.3,0.0
2004-07-12,0.0,10.1,21.6
2004-07-13,5.0,0.0,0.0
2004-07-14,0.0,0.0,0.0
2004-07-15,0.0,0.0,0.0
2004-07-16,1.0,2.3,3.8
2004-07-17,0.0,0.0,0.0
2004-07-18,0.0,0.0,0.0
2004-07-19,0.0,0.0,0.0
2004-07-20,0.0,0.0,0.0
2004-07-21,0.0,0.0,0.0
2004-07-22,0.0,0.0,0.0
2004-07-23,0.0,0.0,0.0
2004-07-24,0.0,0.4,0.0
2004-07-25,0.0,0.0,0.0
2004-07-26,0.0,0.0,0.0
2004-07-27,0.0,0.0,0.0
2004-07-28,0.0,0.0,0.0
2004-07-29,0.0,0.0,0.0
2004-07-30,0.0,0.0,0.0
2004-07-31,0.0,0.2,0.0
2004-08-01,0.0,0.2,0.0
2004-08-02,0.0,1.9,1.6
2004-08-03,0.0,0.2,0.0
2004-08-04,0.0,0.9,0.0
2004-08-05,0.0,1.2,1.0
2004-08-06,0.0,0.0,0.0
2004-08-07,0.0,0.5,0.0
2004-08-08,0.0,0.0,0.0
2004-08-09,0.0,0.0,0.0
2004-08-10,0.0,1.3,1.0
2004-08-11,0.0,0.0,0.0
2004-08-12,0.0,0.0,0.0
2004-08-13,0.0,0.0,0.0
2004-08-14,0.0,0.0,0.0
2004-08-15,0.0,0.0,0.0
2004-08-16,0.0,0.0,0.0
2004-08-17,0.0,2.3,2.6
2004-08-18,0.0,0.0,0.0
2004-08-19,0.0,0.0,0.0
2004-08-20,0.0,0.0,0.0
2004-08-21,0.0,0.0,0.0
2004-08-22,0.0,0.0,0.0
2004-08-23,0.0,0.3,0.0
2004-08-24,0.0,0.2,0.0
2004-08-25,0.0,0.0,0.0
2004-08-26,0.0,0.0,0.0
2004-08-27,0.0,0.0,0.0
2004-08-28,0.0,3.2,3.0
2004-08-29,0.0,0.0,0.0
2004-08-30,0.0,0.0,0.0
2004-08-31,0.0,0.0,0.0
2004-09-01,0.0,0.0,0.0
2004-09-02,0.0,0.0,0.0
2004-09-03,0.0,0.0,0.0
2004-09-04,0.0,0.0,0.0
2004-09-05,0.0,0.0,0.0
2004-09-06,0.0,0.0,0.0
2004-09-07,0.0,0.0,0.0
2004-09-08,0.0,0.0,0.0
2004-09-09,0.0,0.0,0.0
2004-09-10,0.0,0.0,0.0
2004-09-11,0.0,0.0,0.0
2004-09-12,0.0,0.0,0.0
2004-09-13,0.0,0.0,0.0
2004-09-14,0.0,0.0,0.0
2004-09-15,3.0,0.1,0.0
2004-09-16,0.0,0.0,0.0
2004-09-17,0.0,0.0,0.0
2004-09-18,0.0,0.0,0.0
2004-09-19,0.0,0.0,0.0
2004-09-20,0.0,0.1,0.0
2004-09-21,0.0,0.0,0.0
2004-09-22,0.0,0.2,0.0
2004-09-23,0.0,0.0,0.0
2004-09-24,0.0,0.0,0.0
2004-09-25,0.0,2.1,3.3
2004-09-26,0.0,0.0,0.0
2004-09-27,0.0,6.8,5.7
2004-09-28,0.0,0.0,0.0
2004-09-29,0.0,0.0,0.0
2004-09-30,0.0,4.9,5.0
2004-10-01,0.0,0.0,0.0
2004-10-02,0.0,0.0,0.0
2004-10-03,0.0,0.0,0.0
2004-10-04,0.0,0.0,0.0
2004-10-05,0.0,1.2,0.0
2004-10-06,0.0,0.0,0.0
2004-10-07,0.0,10.4,8.3
2004-10-08,0.0,0.0,0.0
2004-10-09,0.0,0.0,0.0
2004-10-10,0.0,0.0,0.0
2004-10-11,0.0,0.0,0.0
2004-10-12,0.0,0.0,0.0
2004-10-13,0.0,0.0,0.0
2004-10-14,0.0,0.0,0.0
2004-10-15,0.0,0.0,0.0
2004-10-16,0.0,0.0,0.0
2004-10-17,0.0,0.0,0.0
2004-10-18,0.0,0.0,0.0
2004-10-19,0.0,0.0,0.0
2004-10-20,2.0,0.1,0.0
2004-10-21,0.0,0.0,0.0
2004-10-22,0.0,0.0,0.0
2004-10-23,0.0,0.0,0.0
2004-10-24,0.0,0.0,0.0
2004-10-25,0.0,0.0,0.0
2004-10-26,0.0,1.0,0.0
2004-10-27,0.0,0.0,0.0
2004-10-28,0.0,0.0,0.0
2004-10-29,0.0,0.8,0.0
2004-10-30,0.0,0.3,0.0
2004-10-31,0.0,0.1,0.0
2004-11-01,0.0,0.0,0.0
2004-11-02,0.0,0.0,0.0
2004-11-03,0.0,0.0,0.0
2004-11-04,0.0,0.0,0.0
2004-11-05,0.0,0.0,0.0
2004-11-06,0.0,3.7,2.7
2004-11-07,0.0,4.4,3.2
2004-11-08,0.0,0.9,0.0
2004-11-09,0.0,16.4,12.8
2004-11-10,18.0,1.1,0.0
2004-11-11,0.0,0.9,0.0
2004-11-12,0.0,0.3,0.0
2004-11-13,0.0,2.2,0.0
2004-11-14,0.0,1.5,0.0
2004-11-15,0.0,0.1,0.0
2004-11-16,0.0,0.0,0.0
2004-11-17,0.0,0.1,0.0
2004-11-18,0.0,0.0,0.0
2004-11-19,0.0,19.4,8.7
2004-11-20,0.0,1.0,0.0
2004-11-21,0.0,19.3,10.9
2004-11-22,25.0,63.3,41.4
2004-11-23,43.0,31.4,18.2
2004-11-24,38.0,9.1,4.4
2004-11-25,2.0,35.4,22.3
2004-11-26,57.0,13.2,7.0
2004-11-27,10.0,17.9,9.9
2004-11-28,4.0,15.2,8.2
2004-11-29,2.0,70.5,47.1
2004-11-30,37.0,86.3,51.6
2004-12-01,42.0,43.5,42.5
2004-12-02,35.0,31.0,24.6
2004-12-03,20.0,14.5,10.0
2004-12-04,10.0,8.0,4.6
2004-12-05,2.0,1.5,0.0
2004-12-06,0.0,0.2,0.0
2004-12-07,56.0,5.6,2.7
2004-12-08,0.0,0.4,0.0
2004-12-09,0.0,0.2,0.0
2004-12-10,0.0,0.4,0.0
2004-12-11,0.0,22.9,17.9
2004-12-12,0.0,0.0,0.0
2004-12-13,0.0,0.6,0.0
2004-12-14,80.0,2.7,1.0
2004-12-15,0.0,11.4,8.1
2004-12-16,18.0,0.2,0.0
2004-12-17,0.0,12.0,8.6
2004-12-18,49.0,18.8,14.5
2004-12-19,9.0,2.2,0.0
2004-12-20,0.0,67.7,54.4
2004-12-21,0.0,27.7,27.4
2004-12-22,6.0,11.0,9.3
2004-12-23,3.0,26.4,26.1
2004-12-24,5.0,4.7,3.9
2004-12-25,0.0,58.1,47.9
2004-12-26,66.0,1.5,1.0
2004-12-27,8.0,50.8,45.3
2004-12-28,26.0,2.3,1.7
2004-12-29,0.0,8.0,6.8
2004-12-30,0.0,0.8,0.0
2004-12-31,0.0,4.6,3.9
2005-01-01,1.0,0.1,0.0
2005-01-02,0.0,0.0,0.0
2005-01-03,2.0,0.9,0.0
2005-01-04,0.0,34.5,41.2
2005-01-05,5.0,49.2,53.8
2005-01-06,76.0,56.7,56.8
2005-01-07,7.0,3.2,2.9
2005-01-08,9.0,0.0,0.0
2005-01-09,0.0,0.9,0.0
2005-01-10,0.0,0.1,0.0
2005-01-11,1.0,1.3,1.0
2005-01-12,0.0,0.8,0.0
2005-01-13,3.0,15.4,16.8
2005-01-14,15.0,0.0,0.0
2005-01-15,0.0,0.1,0.0
2005-01-16,0.0,1.4,1.0
2005-01-17,9.0,3.9,3.8
2005-01-18,2.0,29.0,35.5
2005-01-19,80.0,8.7,9.2
2005-01-20,3.0,3.6,3.4
2005-01-21,0.0,5.2,4.5
2005-01-22,21.0,0.0,0.0
2005-01-23,5.0,3.7,3.0
2005-01-24,0.0,2.7,2.1
2005-01-25,0.0,7.8,7.2
2005-01-26,74.0,0.4,0.0
2005-01-27,10.0,3.0,2.3
2005-01-28,3.0,2.6,1.9
2005-01-29,26.0,1.8,1.1
2005-01-30,28.0,29.7,33.7
2005-01-31,5.0,2.5,1.9
2005-02-01,5.0,10.5,9.5
2005-02-02,0.0,6.0,4.6
2005-02-03,2.0,5.9,4.5
2005-02-04,10.0,4.3,2.7
2005-02-05,5.0,3.7,2.0
2005-02-06,0.0,1.1,0.0
2005-02-07,0.0,1.7,0.0
2005-02-08,0.0,10.4,9.4
2005-02-09,8.0,5.2,3.6
2005-02-10,1.0,82.1,78.6
2005-02-11,7.0,13.3,10.5
2005-02-12,165.0,30.5,26.3
2005-02-13,4.0,28.4,25.1
2005-02-14,9.0,17.5,14.1
2005-02-15,3.0,5.9,4.0
2005-02-16,39.0,0.0,0.0
2005-02-17,1.0,9.7,7.4
2005-02-18,1.0,8.4,6.3
2005-02-19,31.0,9.3,7.0
2005-02-20,4.0,44.8,39.6
2005-02-21,40.0,23.9,30.9
2005-02-22,33.0,1.1,0.0
2005-02-23,15.0,52.2,64.0
2005-02-24,0.0,1.6,1.0
2005-02-25,11.0,3.8,2.7
2005-02-26,42.0,15.5,17.3
2005-02-27,0.0,14.9,16.5
2005-02-28,0.0,0.8,0.0
2006-01-01,12.0,3.8,3.3
2006-01-02,10.0,31.5,37.4
2006-01-03,36.0,18.2,18.5
2006-01-04,11.0,28.8,33.7
2006-01-05,70.0,9.6,8.9
2006-01-06,4.0,19.6,19.3
2006-01-07,11.0,2.2,1.9
2006-01-08,3.0,5.5,4.9
2006-01-09,12.0,13.1,12.4
2006-01-10,37.0,7.5,6.9
2006-01-11,2.0,11.2,12.0
2006-01-12,9.0,3.7,3.6
2006-01-13,15.0,4.4,4.4
2006-01-14,5.0,14.8,16.1
2006-01-15,0.0,2.8,2.6
2006-01-16,8.0,3.4,3.3
2006-01-17,11.0,16.6,18.4
2006-01-18,38.0,1.2,1.0
2006-01-19,0.0,3.5,3.4
2006-01-20,5.0,1.6,1.3
2006-01-21,0.0,0.4,0.0
2006-01-22,2.0,3.8,3.1
2006-01-23,11.0,8.2,7.5
2006-01-24,37.0,21.5,24.1
2006-01-25,75.0,3.1,2.4
2006-01-26,27.0,6.8,6.2
2006-01-27,31.0,6.6,5.9
2006-01-28,13.0,6.5,5.8
2006-01-29,6.0,1.9,1.2
2006-01-30,22.0,20.0,20.0
2006-01-31,17.0,9.6,9.0
2006-02-01,24.0,3.2,1.3
2006-02-02,1.0,1.4,0.0
2006-02-03,0.0,0.9,0.0
2006-02-04,0.0,14.7,13.9
2006-02-05,10.0,28.5,34.8
2006-02-06,30.0,0.2,0.0
2006-02-07,0.0,0.2,0.0
2006-02-08,0.0,5.3,3.8
2006-02-09,14.0,8.6,7.4
2006-02-10,65.0,1.3,0.0
2006-02-11,70.0,6.7,4.8
2006-02-12,14.0,3.2,1.5
2006-02-13,1.0,0.0,0.0
2006-02-14,0.0,7.2,5.2
2006-02-15,18.0,1.7,0.0
2006-02-16,28.0,52.5,48.3
2006-02-17,31.0,11.8,9.2
2006-02-18,5.0,3.4,1.7
2006-02-19,5.0,72.2,76.5
2006-02-20,65.0,47.2,42.2
2006-02-21,7.0,8.0,7.8
2006-02-22,16.0,3.3,2.1
2006-02-23,6.0,8.9,8.8
2006-02-24,0.0,6.8,6.3
2006-02-25,1.0,14.1,15.5
2006-02-26,3.0,20.6,26.4
2006-02-27,26.0,1.4,0.0
2006-02-28,0.0,4.5,3.5
2006-03-01,2.0,17.8,14.7
2006-03-02,31.0,13.1,10.8
2006-03-03,3.0,7.8,6.2
2006-03-04,0.0,2.7,1.3
2006-03-05,2.0,11.5,9.5
2006-03-06,1.0,1.0,0.0
2006-03-07,0.0,1.6,0.0
2006-03-08,0.0,0.1,0.0
2006-03-09,0.0,3.8,2.4
2006-03-10,0.0,1.9,0.0
2006-03-11,0.0,2.7,2.5
2006-03-12,1.0,0.1,0.0
2006-03-13,0.0,15.0,14.8
2006-03-14,70.0,9.5,9.5
2006-03-15,1.0,10.5,10.5
2006-03-16,50.0,7.6,7.6
2006-03-17,7.0,17.3,16.4
2006-03-18,2.0,1.4,1.0
2006-03-19,1.0,37.6,39.5
2006-03-20,19.0,26.2,30.7
2006-03-21,0.0,19.6,13.5
2006-03-22,0.0,16.4,11.2
2006-03-23,34.0,4.9,2.1
2006-03-24,7.0,2.0,0.0
2006-03-25,53.0,0.0,0.0
2006-03-26,0.0,1.2,0.0
2006-03-27,0.0,9.0,5.3
2006-03-28,2.0,27.1,20.7
2006-03-29,13.0,17.3,12.0
2006-03-30,2.0,6.7,3.5
2006-03-31,0.0,42.0,38.0
2006-04-01,44.0,3.1,1.3
2006-04-02,0.0,1.2,0.0
2006-04-03,1.0,0.4,0.0
2006-04-04,0.0,35.8,47.7
2006-04-05,48.0,7.5,6.3
2006-04-06,1.0,5.0,3.5
2006-04-07,3.0,1.3,0.0
2006-04-08,0.0,32.5,45.9
2006-04-09,28.0,11.5,10.8
2006-04-10,12.0,4.1,2.4
2006-04-11,5.0,24.4,25.8
2006-04-12,19.0,44.8,52.4
2006-04-13,4.0,15.7,14.1
2006-04-14,5.0,10.9,9.6
2006-04-15,6.0,0.2,0.0
2006-04-16,0.0,3.0,2.1
2006-04-17,0.0,18.3,17.9
2006-04-18,22.0,9.9,8.6
2006-04-19,26.0,17.1,15.9
2006-04-20,14.0,3.2,2.3
2006-04-21,0.0,14.5,13.2
2006-04-22,27.0,16.4,14.6
2006-04-23,0.0,4.2,5.1
2006-04-24,0.0,0.7,0.0
2006-04-25,1.0,0.0,0.0
2006-04-26,0.0,0.0,0.0
2006-04-27,0.0,0.0,0.0
2006-04-28,1.0,0.4,0.0
2006-04-29,4.0,0.1,0.0
2006-04-30,1.0,5.0,5.8
2006-05-01,5.0,6.2,7.0
2006-05-02,19.0,54.0,35.0
2006-05-03,49.0,1.1,3.2
2006-05-04,0.0,28.0,22.4
2006-05-05,6.0,2.3,4.1
2006-05-06,42.0,9.4,9.4
2006-05-07,37.0,1.0,0.0
2006-05-08,12.0,0.0,0.0
2006-05-09,2.0,1.3,3.3
2006-05-10,1.0,0.1,0.0
2006-05-11,12.0,0.0,0.0
2006-05-12,0.0,0.5,0.0
2006-05-13,0.0,0.0,0.0
2006-05-14,0.0,0.0,0.0
2006-05-15,0.0,0.0,0.0
2006-05-16,0.0,0.0,0.0
2006-05-17,0.0,0.0,0.0
2006-05-18,0.0,0.0,0.0
2006-05-19,0.0,3.6,3.9
2006-05-20,3.0,2.6,3.2
2006-05-21,0.0,21.8,17.2
2006-05-22,16.0,6.7,8.8
2006-05-23,0.0,11.4,12.4
2006-05-24,2.0,22.2,17.6
2006-05-25,0.0,23.5,19.4
2006-05-26,5.0,0.6,0.0
2006-05-27,1.0,4.5,6.8
2006-05-28,9.0,4.7,7.1
2006-05-29,14.0,4.5,7.1
2006-05-30,0.0,0.0,0.0
2006-05-31,0.0,0.0,0.0
2006-06-01,0.0,1.7,1.9
2006-06-02,0.0,1.9,2.1
2006-06-03,0.0,1.1,1.4
2006-06-04,0.0,0.8,0.0
2006-06-05,0.0,0.2,0.0
2006-06-06,0.0,0.7,0.0
2006-06-07,0.0,0.0,0.0
2006-06-08,0.0,0.0,0.0
2006-06-09,0.0,0.0,0.0
2006-06-10,0.0,0.0,0.0
2006-06-11,0.0,0.0,0.0
2006-06-12,0.0,0.2,0.0
2006-06-13,0.0,2.0,2.9
2006-06-14,0.0,0.0,0.0
2006-06-15,0.0,0.0,0.0
2006-06-16,0.0,0.0,0.0
2006-06-17,0.0,0.0,0.0
2006-06-18,0.0,0.0,0.0
2006-06-19,0.0,0.0,0.0
2006-06-20,0.0,0.3,0.0
2006-06-21,0.0,0.0,0.0
2006-06-22,4.0,1.7,2.9
2006-06-23,0.0,0.0,0.0
2006-06-24,0.0,0.2,0.0
2006-06-25,0.0,0.0,0.0
2006-06-26,0.0,0.0,0.0
2006-06-27,0.0,0.0,0.0
2006-06-28,0.0,0.0,0.0
2006-06-29,0.0,0.0,0.0
2006-06-30,0.0,0.0,0.0
2006-07-01,0.0,0.0,0.0
2006-07-02,0.0,0.0,0.0
2006-07-03,0.0,0.0,0.0
2006-07-04,0.0,0.0,0.0
2006-07-05,0.0,0.0,0.0
2006-07-06,0.0,0.0,0.0
2006-07-07,0.0,0.0,0.0
2006-07-08,0.0,0.0,0.0
2006-07-09,0.0,0.0,0.0
2006-07-10,0.0,0.0,0.0
2006-07-11,0.0,0.0,0.0
2006-07-12,0.0,0.0,0.0
2006-07-13,0.0,0.8,1.0
2006-07-14,0.0,0.0,0.0
2006-07-15,0.0,0.0,0.0
2006-07-16,0.0,0.0,0.0
2006-07-17,0.0,0.0,0.0
2006-07-18,0.0,0.0,0.0
2006-07-19,0.0,0.0,0.0
2006-07-20,0.0,0.0,0.0
2006-07-21,0.0,0.0,0.0
2006-07-22,0.0,0.6,0.0
2006-07-23,0.0,0.0,0.0
2006-07-24,0.0,0.0,0.0
2006-07-25,0.0,0.0,0.0
2006-07-26,0.0,0.0,0.0
2006-07-27,0.0,0.0,0.0
2006-07-28,0.0,0.0,0.0
2006-07-29,0.0,0.0,0.0
2006-07-30,0.0,0.0,0.0
2006-07-31,0.0,0.0,0.0
2006-08-01,0.0,0.3,0.0
2006-08-02,0.0,0.0,0.0
2006-08-03,0.0,0.0,0.0
2006-08-04,0.0,0.0,0.0
2006-08-05,0.0,0.1,0.0
2006-08-06,0.0,0.0,0.0
2006-08-07,0.0,0.0,0.0
2006-08-08,0.0,0.0,0.0
2006-08-09,0.0,1.4,1.0
2006-08-10,0.0,0.0,0.0
2006-08-11,0.0,0.0,0.0
2006-08-12,0.0,0.0,0.0
2006-08-13,0.0,0.0,0.0
2006-08-14,0.0,0.0,0.0
2006-08-15,0.0,0.0,0.0
2006-08-16,0.0,0.7,0.0
2006-08-17,0.0,0.0,0.0
2006-08-18,0.0,1.9,0.0
2006-08-19,0.0,0.1,0.0
2006-08-20,0.0,0.0,0.0
2006-08-21,0.0,0.0,0.0
2006-08-22,0.0,0.0,0.0
2006-08-23,0.0,0.0,0.0
2006-08-24,0.0,0.0,0.0
2006-08-25,0.0,0.1,0.0
2006-08-26,0.0,0.4,0.0
2006-08-27,0.0,0.8,0.0
2006-08-28,0.0,0.0,0.0
2006-08-29,0.0,0.0,0.0
2006-08-30,0.0,0.2,0.0
2006-08-31,0.0,0.0,0.0
2006-09-01,0.0,0.0,0.0
2006-09-02,0.0,0.0,0.0
2006-09-03,0.0,0.0,0.0
2006-09-04,0.0,0.0,0.0
2006-09-05,0.0,0.0,0.0
2006-09-06,0.0,0.0,0.0
2006-09-07,0.0,0.0,0.0
2006-09-08,0.0,0.4,0.0
2006-09-09,0.0,0.0,0.0
2006-09-10,0.0,0.0,0.0
2006-09-11,0.0,0.0,0.0
2006-09-12,0.0,0.0,0.0
2006-09-13,0.0,0.0,0.0
2006-09-14,0.0,0.1,0.0
2006-09-15,0.0,0.0,0.0
2006-09-16,0.0,0.0,0.0
2006-09-17,0.0,0.0,0.0
2006-09-18,0.0,0.0,0.0
2006-09-19,0.0,0.0,0.0
2006-09-20,0.0,0.0,0.0
2006-09-21,0.0,0.0,0.0
2006-09-22,0.0,0.0,0.0
2006-09-23,0.0,0.0,0.0
2006-09-24,0.0,0.0,0.0
2006-09-25,0.0,0.0,0.0
2006-09-26,0.0,4.9,4.8
2006-09-27,0.0,0.0,0.0
2006-09-28,0.0,0.0,0.0
2006-09-29,0.0,0.0,0.0
2006-09-30,0.0,0.0,0.0
2006-10-01,0.0,0.0,0.0
2006-10-02,0.0,0.0,0.0
2006-10-03,0.0,0.1,0.0
2006-10-04,0.0,0.0,0.0
2006-10-05,0.0,0.6,0.0
2006-10-06,0.0,0.0,0.0
2006-10-07,0.0,0.8,0.0
2006-10-08,0.0,0.0,0.0
2006-10-09,0.0,0.0,0.0
2006-10-10,0.0,0.1,0.0
2006-10-11,0.0,0.0,0.0
2006-10-12,0.0,0.0,0.0
2006-10-13,0.0,0.0,0.0
2006-10-14,0.0,0.0,0.0
2006-10-15,0.0,0.0,0.0
2006-10-16,0.0,0.0,0.0
2006-10-17,0.0,0.0,0.0
2006-10-18,0.0,0.0,0.0
2006-10-19,0.0,2.5,2.6
2006-10-20,0.0,0.0,0.0
2006-10-21,0.0,0.0,0.0
2006-10-22,0.0,0.0,0.0
2006-10-23,0.0,0.0,0.0
2006-10-24,0.0,0.0,0.0
2006-10-25,0.0,0.0,0.0
2006-10-26,0.0,0.0,0.0
2006-10-27,0.0,0.0,0.0
2006-10-28,0.0,0.0,0.0
2006-10-29,0.0,0.0,0.0
2006-10-30,0.0,6.8,4.2
2006-10-31,0.0,0.0,0.0
2006-11-01,0.0,0.0,0.0
2006-11-02,0.0,0.0,0.0
2006-11-03,0.0,0.0,0.0
2006-11-04,0.0,2.0,1.3
2006-11-05,0.0,0.0,0.0
2006-11-06,0.0,0.9,0.0
2006-11-07,0.0,6.3,4.7
2006-11-08,0.0,6.1,4.6
2006-11-09,0.0,0.0,0.0
2006-11-10,0.0,0.0,0.0
2006-11-11,0.0,3.7,2.3
2006-11-12,0.0,0.0,0.0
2006-11-13,0.0,0.0,0.0
2006-11-14,0.0,0.0,0.0
2006-11-15,0.0,0.0,0.0
2006-11-16,0.0,0.0,0.0
2006-11-17,0.0,0.0,0.0
2006-11-18,0.0,0.1,0.0
2006-11-19,0.0,0.0,0.0
2006-11-20,0.0,0.8,0.0
2006-11-21,0.0,0.0,0.0
2006-11-22,0.0,1.3,0.0
2006-11-23,0.0,0.0,0.0
2006-11-24,0.0,10.3,5.1
2006-11-25,0.0,0.0,0.0
2006-11-26,0.0,0.0,0.0
2006-11-27,0.0,0.0,0.0
2006-11-28,0.0,4.9,2.0
2006-11-29,0.0,3.8,1.5
2006-11-30,0.0,0.0,0.0
2006-12-01,0.0,0.2,0.0
2006-12-02,0.0,0.0,0.0
2006-12-03,0.0,0.1,0.0
2006-12-04,0.0,6.7,3.5
2006-12-05,27.0,2.4,1.0
2006-12-06,0.3,3.1,1.0
2006-12-07,2.0,0.8,0.0
2006-12-08,4.0,3.7,1.3
2006-12-09,0.0,2.3,1.0
2006-12-10,0.0,0.0,0.0
2006-12-11,4.0,0.2,0.0
2006-12-12,0.2,14.1,10.4
2006-12-13,1.0,29.9,27.3
2006-12-14,5.0,8.5,5.6
2006-12-15,0.0,6.1,3.5
2006-12-16,0.0,0.4,0.0
2006-12-17,77.0,6.5,3.8
2006-12-18,5.0,20.1,15.7
2006-12-19,0.0,3.1,1.0
2006-12-20,14.8,30.6,27.3
2006-12-21,4.8,84.4,55.5
2006-12-22,47.8,21.4,21.1
2006-12-23,0.0,5.3,4.5
2006-12-24,2.1,20.2,20.4
2006-12-25,8.5,8.8,7.5
2006-12-26,36.0,41.8,39.0
2006-12-27,21.0,2.9,2.2
2006-12-28,41.0,67.7,52.5
2006-12-29,41.0,71.4,55.1
2006-12-30,0.5,20.8,20.0
2006-12-31,1.0,8.8,7.5
2007-01-01,0.0,0.2,0.0
2007-01-02,2.0,12.7,12.0
2007-01-03,0.0,0.0,0.0
2007-01-04,0.0,0.0,0.0
2007-01-05,0.0,0.0,0.0
2007-01-06,0.0,0.0,0.0
2007-01-07,0.0,0.0,0.0
2007-01-08,0.0,0.0,0.0
2007-01-09,0.0,0.0,0.0
2007-01-10,0.0,0.0,0.0
2007-01-11,0.0,0.0,0.0
2007-01-12,0.0,0.0,0.0
2007-01-13,2.0,0.0,0.0
2007-01-14,0.2,0.1,0.0
2007-01-15,0.0,0.3,0.0
2007-01-16,0.0,0.0,0.0
2007-01-17,1.5,2.2,1.9
2007-01-18,15.0,4.4,4.3
2007-01-19,20.0,1.6,1.3
2007-01-20,1.0,25.2,30.0
2007-01-21,6.0,7.8,7.1
2007-01-22,7.0,20.2,19.7
2007-01-23,50.0,26.5,32.0
2007-01-24,7.3,2.1,1.5
2007-01-25,0.0,1.4,1.0
2007-01-26,0.0,0.6,0.0
2007-01-27,4.2,0.1,0.0
2007-01-28,0.8,1.0,0.0
2007-01-29,18.0,4.3,3.6
2007-01-30,7.0,7.0,6.3
2007-01-31,48.0,0.4,0.0
2007-02-01,16.0,0.3,0.0
2007-02-02,22.0,1.3,0.0
2007-02-03,133.0,13.7,12.9
2007-02-04,9.0,14.1,13.3
2007-02-05,29.0,11.9,11.0
2007-02-06,31.0,77.3,74.6
2007-02-07,0.0,5.6,4.2
2007-02-08,33.0,4.9,3.3
2007-02-09,8.0,3.0,1.0
2007-02-10,1.0,3.6,1.8
2007-02-11,1.0,4.1,2.4
2007-02-12,1.0,1.8,0.0
2007-02-13,3.0,1.6,0.0
2007-02-14,0.0,0.5,0.0
2007-02-15,7.0,1.7,0.0
2007-02-16,0.0,11.9,9.3
2007-02-17,1.0,63.7,62.7
2007-02-18,93.0,4.1,2.4
2007-02-19,0.0,0.5,0.0
2007-02-20,32.0,35.7,31.8
2007-02-21,46.0,1.8,1.0
2007-02-22,23.0,7.4,7.0
2007-02-23,35.0,10.4,10.7
2007-02-24,24.0,28.6,38.0
2007-02-25,82.0,36.1,50.7
2007-02-26,26.5,43.6,53.8
2007-02-27,47.0,5.9,5.1
2007-02-28,0.0,0.2,0.0
2007-03-01,0.0,25.3,20.7
2007-03-02,28.0,7.8,6.2
2007-03-03,1.0,3.2,1.8
2007-03-04,2.0,2.1,1.0
2007-03-05,11.0,7.1,5.6
2007-03-06,43.0,28.5,24.2
2007-03-07,28.0,21.5,17.7
2007-03-08,44.0,6.3,4.8
2007-03-09,12.0,0.0,0.0
2007-03-10,0.0,0.1,0.0
2007-03-11,0.0,0.7,0.0
2007-03-12,0.0,5.6,5.7
2007-03-13,75.0,13.5,13.4
2007-03-14,0.0,7.9,8.0
2007-03-15,6.0,25.6,29.4
2007-03-16,11.0,8.7,8.8
2007-03-17,1.0,3.7,3.6
2007-03-18,37.0,11.3,11.2
2007-03-19,4.0,32.6,35.1
2007-03-20,51.0,20.5,22.9
2007-03-21,7.0,20.6,14.3
2007-03-22,27.0,46.8,44.4
2007-03-23,2.0,8.5,4.9
2007-03-24,0.0,1.2,0.0
2007-03-25,2.0,11.6,7.3
2007-03-26,64.0,36.0,30.1
2007-03-27,0.0,2.4,1.0
2007-03-28,0.0,3.3,1.0
2007-03-29,150.0,73.0,98.8
2007-03-30,26.0,9.1,5.4
2007-03-31,20.0,8.0,4.5
2007-04-01,1.0,0.4,0.0
2007-04-02,31.0,0.0,0.0
2007-04-03,3.0,0.0,0.0
2007-04-04,17.0,0.0,0.0
2007-04-05,19.0,3.1,1.4
2007-04-06,1.0,1.2,0.0
2007-04-07,0.0,1.0,0.0
2007-04-08,5.0,0.6,0.0
2007-04-09,46.0,18.3,18.3
2007-04-10,26.0,2.4,1.0
2007-04-11,15.0,22.0,22.6
2007-04-12,23.0,14.7,13.0
2007-04-13,0.0,16.5,15.2
2007-04-14,26.0,35.9,40.5
2007-04-15,11.5,10.6,9.3
2007-04-16,0.5,5.3,4.2
2007-04-17,41.7,5.1,4.0
2007-04-18,0.0,14.4,13.1
2007-04-19,12.0,22.2,22.5
2007-04-20,5.5,13.1,11.9
2007-04-21,9.0,10.2,10.1
2007-04-22,28.0,2.9,4.1
2007-04-23,7.0,0.2,0.0
2007-04-24,58.0,12.8,11.9
2007-04-25,0.0,3.1,4.3
2007-04-26,25.0,9.1,9.3
2007-04-27,0.0,1.9,3.3
2007-04-28,0.0,0.0,0.0
2007-04-29,0.0,1.9,3.3
2007-04-30,7.0,0.7,0.0
2007-05-01,0.0,1.3,3.3
2007-05-02,0.0,0.0,0.0
2007-05-03,0.0,0.1,0.0
2007-05-04,0.0,0.0,0.0
2007-05-05,1.0,8.2,8.2
2007-05-06,0.0,0.8,0.0
2007-05-07,0.0,0.0,0.0
2007-05-08,0.0,0.0,0.0
2007-05-09,0.0,0.0,0.0
2007-05-10,0.0,0.0,0.0
2007-05-11,0.0,0.0,0.0
2007-05-12,0.0,0.1,0.0
2007-05-13,0.5,0.7,0.0
2007-05-14,1.0,8.9,7.1
2007-05-15,3.0,14.8,10.3
2007-05-16,0.0,1.0,0.0
2007-05-17,18.0,9.1,7.6
2007-05-18,62.0,48.9,33.6
2007-05-19,0.0,0.0,0.0
2007-05-20,7.0,5.2,4.9
2007-05-21,1.0,0.0,0.0
2007-05-22,0.0,2.1,4.7
2007-05-23,0.0,0.5,0.0
2007-05-24,0.0,0.0,0.0
2007-05-25,0.0,0.0,0.0
2007-05-26,0.0,0.0,0.0
2007-05-27,0.0,0.0,0.0
2007-05-28,0.0,0.0,0.0
2007-05-29,0.0,6.0,8.0
2007-05-30,39.0,8.1,9.9
2007-05-31,1.2,4.1,6.8
2007-06-01,0.0,0.3,0.0
2007-06-02,0.0,0.0,0.0
2007-06-03,0.6,1.2,1.4
2007-06-04,6.0,3.5,3.9
2007-06-05,1.0,0.4,0.0
2007-06-06,1.5,0.7,0.0
2007-06-07,0.6,0.3,0.0
2007-06-08,3.0,0.0,0.0
2007-06-09,0.0,0.0,0.0
2007-06-10,0.0,0.0,0.0
2007-06-11,0.0,0.0,0.0
2007-06-12,0.0,0.0,0.0
2007-06-13,0.0,0.0,0.0
2007-06-14,0.0,0.0,0.0
2007-06-15,0.0,0.0,0.0
2007-06-16,0.0,0.0,0.0
2007-06-17,0.0,0.0,0.0
2007-06-18,0.0,1.3,2.4
2007-06-19,0.0,2.9,3.6
2007-06-20,15.0,0.5,0.0
2007-06-21,0.0,0.1,0.0
2007-06-22,0.0,0.0,0.0
2007-06-23,0.0,0.0,0.0
2007-06-24,0.0,0.0,0.0
2007-06-25,0.0,0.0,0.0
2007-06-26,0.0,0.0,0.0
2007-06-27,7.8,0.4,0.0
2007-06-28,31.0,42.8,37.4
2007-06-29,0.0,0.0,0.0
2007-06-30,1.5,0.7,1.2
2007-07-01,0.0,0.0,0.0
2007-07-02,0.0,0.0,0.0
2007-07-03,0.0,0.0,0.0
2007-07-04,0.0,0.0,0.0
2007-07-05,0.0,0.0,0.0
2007-07-06,0.0,3.8,4.3
2007-07-07,0.0,0.0,0.0
2007-07-08,0.0,0.2,0.0
2007-07-09,0.0,0.0,0.0
2007-07-10,0.0,0.0,0.0
2007-07-11,0.0,0.0,0.0
2007-07-12,0.0,0.0,0.0
2007-07-13,0.0,0.0,0.0
2007-07-14,0.0,0.6,0.0
2007-07-15,0.0,0.0,0.0
2007-07-16,0.0,0.1,0.0
2007-07-17,0.0,7.7,17.4
2007-07-18,0.0,1.7,2.5
2007-07-19,0.0,0.1,0.0
2007-07-20,0.0,0.0,0.0
2007-07-21,0.0,0.0,0.0
2007-07-22,0.0,0.0,0.0
2007-07-23,0.0,0.0,0.0
2007-07-24,0.0,0.2,0.0
2007-07-25,0.0,0.1,0.0
2007-07-26,0.0,0.0,0.0
2007-07-27,0.0,0.0,0.0
2007-07-28,0.0,1.0,4.2
2007-07-29,0.0,1.4,4.7
2007-07-30,0.0,0.0,0.0
2007-07-31,0.0,0.0,0.0
2007-08-01,0.0,0.0,0.0
2007-08-02,0.0,0.0,0.0
2007-08-03,0.0,0.2,0.0
2007-08-04,0.0,0.0,0.0
2007-08-05,0.0,1.0,0.0
2007-08-06,0.0,0.0,0.0
2007-08-07,0.0,0.1,0.0
2007-08-08,0.0,0.0,0.0
2007-08-09,0.0,0.2,0.0
2007-08-10,0.0,1.2,1.0
2007-08-11,0.0,0.0,0.0
2007-08-12,0.0,1.5,0.0
2007-08-13,0.0,0.0,0.0
2007-08-14,0.0,0.0,0.0
2007-08-15,0.0,0.0,0.0
2007-08-16,0.0,0.0,0.0
2007-08-17,0.0,0.0,0.0
2007-08-18,0.0,1.1,0.0
2007-08-19,0.0,1.8,0.0
2007-08-20,0.0,0.2,0.0
2007-08-21,0.0,0.0,0.0
2007-08-22,0.0,0.0,0.0
2007-08-23,0.0,0.2,0.0
2007-08-24,0.0,1.5,2.0
2007-08-25,0.0,0.0,0.0
2007-08-26,0.0,0.0,0.0
2007-08-27,0.0,0.0,0.0
2007-08-28,0.0,0.2,0.0
2007-08-29,0.0,0.0,0.0
2007-08-30,0.0,0.0,0.0
2007-08-31,0.0,0.7,0.0
2007-09-01,0.0,1.4,0.0
2007-09-02,0.0,0.0,0.0
2007-09-03,0.0,0.4,0.0
2007-09-04,0.0,0.0,0.0
2007-09-05,0.0,0.0,0.0
2007-09-06,0.0,0.0,0.0
2007-09-07,0.0,2.0,1.8
2007-09-08,0.0,0.0,0.0
2007-09-09,0.0,0.0,0.0
2007-09-10,0.0,0.0,0.0
2007-09-11,0.0,0.0,0.0
2007-09-12,0.0,0.0,0.0
2007-09-13,0.0,0.0,0.0
2007-09-14,0.0,0.0,0.0
2007-09-15,0.0,0.0,0.0
2007-09-16,0.0,0.0,0.0
2007-09-17,0.0,0.0,0.0
2007-09-18,0.0,0.0,0.0
2007-09-19,0.0,0.5,0.0
2007-09-20,0.0,0.8,0.0
2007-09-21,0.0,0.0,0.0
2007-09-22,0.0,0.7,0.0
2007-09-23,0.0,0.0,0.0
2007-09-24,0.0,0.0,0.0
2007-09-25,0.0,0.0,0.0
2007-09-26,0.0,0.3,0.0
2007-09-27,0.0,0.0,0.0
2007-09-28,0.0,0.0,0.0
2007-09-29,0.0,0.8,0.0
2007-09-30,0.0,0.0,0.0
2007-10-01,0.0,0.0,0.0
2007-10-02,0.0,0.0,0.0
2007-10-03,0.0,0.0,0.0
2007-10-04,0.0,0.0,0.0
2007-10-05,0.0,0.0,0.0
2007-10-06,0.0,0.6,0.0
2007-10-07,0.0,0.0,0.0
2007-10-08,0.0,1.1,0.0
2007-10-09,0.4,0.0,0.0
2007-10-10,0.1,0.0,0.0
2007-10-11,0.0,0.0,0.0
2007-10-12,0.0,1.5,1.8
2007-10-13,0.0,0.0,0.0
2007-10-14,0.0,0.0,0.0
2007-10-15,0.0,0.0,0.0
2007-10-16,0.0,0.0,0.0
2007-10-17,0.0,0.4,0.0
2007-10-18,0.0,0.0,0.0
2007-10-19,0.0,0.0,0.0
2007-10-20,0.0,0.1,0.0
2007-10-21,0.0,3.6,2.3
2007-10-22,0.0,0.2,0.0
2007-10-23,0.0,4.2,2.6
2007-10-24,0.0,7.9,4.6
2007-10-25,0.0,0.0,0.0
2007-10-26,0.0,4.0,2.5
2007-10-27,0.0,0.0,0.0
2007-10-28,1.0,14.7,8.7
2007-10-29,0.1,17.3,10.0
2007-10-30,0.0,7.1,4.7
2007-10-31,0.0,2.1,1.2
2007-11-01,20.0,47.4,41.9
2007-11-02,19.0,11.4,8.8
2007-11-03,5.0,9.2,7.1
2007-11-04,14.0,1.9,1.2
2007-11-05,0.0,3.3,2.4
2007-11-06,34.0,24.7,22.4
2007-11-07,3.0,6.3,4.7
2007-11-08,2.6,7.6,5.8
2007-11-09,0.0,2.1,1.4
2007-11-10,0.0,4.3,3.1
2007-11-11,7.0,31.0,14.1
2007-11-12,0.0,1.6,0.0
2007-11-13,0.0,4.9,2.7
2007-11-14,12.0,1.8,0.0
2007-11-15,0.0,0.4,0.0
2007-11-16,0.0,10.3,4.8
2007-11-17,0.5,0.0,0.0
2007-11-18,0.0,0.3,0.0
2007-11-19,0.0,0.0,0.0
2007-11-20,0.0,1.0,0.0
2007-11-21,0.0,0.0,0.0
2007-11-22,0.0,2.9,1.0
2007-11-23,0.0,0.7,0.0
2007-11-24,0.0,0.0,0.0
2007-11-25,0.0,0.0,0.0
2007-11-26,0.0,0.0,0.0
2007-11-27,0.0,0.0,0.0
2007-11-28,0.0,0.9,0.0
2007-11-29,0.0,0.0,0.0
2007-11-30,0.0,0.0,0.0
2007-12-01,33.6,9.6,5.8
2007-12-02,117.0,91.0,79.0
2007-12-03,5.0,12.3,8.2
2007-12-04,1.0,9.9,6.1
2007-12-05,6.0,14.1,9.6
2007-12-06,0.0,1.7,1.0
2007-12-07,1.0,14.7,10.2
2007-12-08,27.0,5.9,2.9
2007-12-09,40.0,22.0,16.5
2007-12-10,0.1,1.2,0.0
2007-12-11,104.0,38.4,36.0
2007-12-12,0.2,1.1,0.0
2007-12-13,8.0,30.5,27.0
2007-12-14,0.8,3.4,1.0
2007-12-15,16.0,7.9,5.0
2007-12-16,1.5,14.2,10.5
2007-12-17,15.5,15.9,12.0
2007-12-18,1.0,4.4,1.9
2007-12-19,46.0,5.5,2.9
2007-12-20,22.4,12.7,9.2
2007-12-21,40.0,10.2,8.6
2007-12-22,0.0,6.1,5.2
2007-12-23,1.2,1.5,1.0
2007-12-24,8.0,16.3,13.5
2007-12-25,108.0,49.9,44.0
2007-12-26,9.0,30.1,29.1
2007-12-27,29.0,9.7,8.2
2007-12-28,13.2,10.5,8.8
2007-12-29,0.0,1.4,1.0
2007-12-30,5.5,15.0,12.4
2007-12-31,9.0,13.2,11.1
2008-01-01,39.0,2.7,2.4
2008-01-02,2.0,1.8,1.7
2008-01-03,4.0,5.3,4.8
2008-01-04,44.5,7.8,7.1
2008-01-05,9.0,0.1,0.0
2008-01-06,0.0,0.0,0.0
2008-01-07,8.0,16.8,16.1
2008-01-08,1.0,0.1,0.0
2008-01-09,0.0,1.1,1.1
2008-01-10,0.0,0.7,0.0
2008-01-11,0.0,0.4,0.0
2008-01-12,0.0,0.0,0.0
2008-01-13,0.0,0.2,0.0
2008-01-14,11.0,1.1,1.0
2008-01-15,3.0,0.7,0.0
2008-01-16,0.0,3.2,3.0
2008-01-17,0.0,5.9,6.0
2008-01-18,0.0,5.7,5.7
2008-01-19,28.0,0.6,0.0
2008-01-20,0.6,0.1,0.0
2008-01-21,0.0,0.3,0.0
2008-01-22,26.0,0.0,0.0
2008-01-23,6.0,1.1,1.0
2008-01-24,2.0,0.0,0.0
2008-01-25,0.0,3.6,3.0
2008-01-26,7.0,4.0,3.3
2008-01-27,1.0,0.1,0.0
2008-01-28,34.0,5.7,5.0
2008-01-29,10.0,12.0,11.5
2008-01-30,215.5,32.7,37.5
2008-01-31,3.0,19.3,19.2
2008-02-01,15.0,52.7,55.4
2008-02-02,114.0,18.1,17.5
2008-02-03,12.0,17.9,17.3
2008-02-04,20.0,17.7,17.1
2008-02-05,55.0,3.0,1.0
2008-02-06,62.0,3.6,1.8
2008-02-07,8.0,0.5,0.0
2008-02-08,20.0,21.1,25.8
2008-02-09,11.0,4.3,2.6
2008-02-10,66.0,6.5,5.1
2008-02-11,1.0,4.0,2.3
2008-02-12,0.2,3.7,2.0
2008-02-13,19.0,4.8,3.1
2008-02-14,14.0,3.3,1.7
2008-02-15,0.0,3.8,2.1
2008-02-16,0.0,1.1,0.0
2008-02-17,36.0,1.9,1.0
2008-02-18,4.0,2.6,1.0
2008-02-19,3.0,0.4,0.0
2008-02-20,5.0,6.7,4.8
2008-02-21,3.0,2.8,1.4
2008-02-22,51.0,25.9,34.7
2008-02-23,0.0,0.9,0.0
2008-02-24,1.0,4.8,3.8
2008-02-25,110.0,15.4,17.1
2008-02-26,4.0,9.8,9.9
2008-02-27,109.0,14.1,15.5
2008-02-28,22.0,31.2,41.2
2008-02-29,37.0,8.7,8.6
2008-03-01,8.0,21.5,17.8
2008-03-02,32.0,3.5,2.1
2008-03-03,42.0,1.9,0.0
2008-03-04,49.5,9.3,7.5
2008-03-05,107.0,18.0,14.8
2008-03-06,9.0,1.4,0.0
2008-03-07,52.0,10.6,8.7
2008-03-08,170.0,32.8,28.1
2008-03-09,36.0,25.8,21.6
2008-03-10,28.0,0.1,0.0
2008-03-11,0.0,6.1,6.1
2008-03-12,6.0,3.9,3.9
2008-03-13,80.5,0.6,0.0
2008-03-14,11.5,3.7,3.7
2008-03-15,0.0,1.8,1.5
2008-03-16,0.0,0.8,0.0
2008-03-17,1.0,1.2,1.0
2008-03-18,19.0,85.2,49.7
2008-03-19,19.5,53.1,47.4
2008-03-20,13.0,3.5,3.4
2008-03-21,70.0,20.8,15.0
2008-03-22,2.0,6.1,3.1
2008-03-23,5.0,8.2,4.7
2008-03-24,0.0,3.7,1.3
2008-03-25,0.0,1.7,0.0
2008-03-26,5.7,6.4,3.3
2008-03-27,0.0,2.2,1.0
2008-03-28,0.0,0.4,0.0
2008-03-29,45.0,87.5,105.6
2008-03-30,0.0,0.4,0.0
2008-03-31,33.0,8.3,4.7
2008-04-01,0.0,5.8,4.3
2008-04-02,0.0,0.5,0.0
2008-04-03,4.0,0.3,0.0
2008-04-04,81.0,2.0,0.0
2008-04-05,60.0,0.9,0.0
2008-04-06,20.0,16.6,16.4
2008-04-07,25.0,6.6,5.3
2008-04-08,72.0,12.6,12.0
2008-04-09,1.0,4.8,3.2
2008-04-10,0.0,0.1,0.0
2008-04-11,0.7,0.3,0.0
2008-04-12,23.0,2.4,1.6
2008-04-13,0.0,9.0,7.7
2008-04-14,0.0,0.0,0.0
2008-04-15,5.0,3.4,2.4
2008-04-16,0.0,0.1,0.0
2008-04-17,0.0,0.0,0.0
2008-04-18,0.0,0.0,0.0
2008-04-19,0.0,0.1,0.0
2008-04-20,0.0,0.0,0.0
2008-04-21,0.0,1.6,3.1
2008-04-22,17.0,9.1,9.3
2008-04-23,11.0,5.0,5.8
2008-04-24,4.0,3.8,4.9
2008-04-25,23.0,1.6,3.1
2008-04-26,0.0,1.0,0.0
2008-04-27,0.0,0.0,0.0
2008-04-28,0.0,0.1,0.0
2008-04-29,0.0,0.1,0.0
2008-04-30,28.0,0.5,0.0
2008-05-01,0.0,7.2,7.7
2008-05-02,26.0,7.5,8.1
2008-05-03,3.0,0.5,0.0
2008-05-04,24.0,0.3,0.0
2008-05-05,23.5,22.4,17.2
2008-05-06,1.7,1.9,3.8
2008-05-07,0.0,0.2,0.0
2008-05-08,0.0,0.0,0.0
2008-05-09,0.0,0.0,0.0
2008-05-10,0.0,0.0,0.0
2008-05-11,0.0,0.0,0.0
2008-05-12,0.0,0.0,0.0
2008-05-13,0.0,0.0,0.0
2008-05-14,0.0,0.0,0.0
2008-05-15,0.0,0.0,0.0
2008-05-16,0.0,0.3,0.0
2008-05-17,0.0,0.0,0.0
2008-05-18,0.0,0.0,0.0
2008-05-19,4.5,2.5,3.2
2008-05-20,0.0,0.2,0.0
2008-05-21,3.0,1.3,3.9
2008-05-22,42.0,0.0,0.0
2008-05-23,0.0,1.1,3.7
2008-05-24,0.0,0.2,0.0
2008-05-25,0.0,0.0,0.0
2008-05-26,0.0,0.0,0.0
2008-05-27,0.0,0.0,0.0
2008-05-28,0.0,0.0,0.0
2008-05-29,0.0,0.0,0.0
2008-05-30,0.0,0.0,0.0
2008-05-31,0.0,0.6,0.0
2008-06-01,0.0,0.0,0.0
2008-06-02,0.0,0.0,0.0
2008-06-03,0.0,0.0,0.0
2008-06-04,0.0,0.0,0.0
2008-06-05,0.0,0.0,0.0
2008-06-06,0.0,0.0,0.0
2008-06-07,0.0,0.0,0.0
2008-06-08,0.0,0.0,0.0
2008-06-09,0.0,4.0,4.7
2008-06-10,0.0,2.4,2.6
2008-06-11,0.0,0.2,0.0
2008-06-12,0.0,0.0,0.0
2008-06-13,0.0,0.0,0.0
2008-06-14,0.6,7.2,6.7
2008-06-15,0.0,1.8,2.8
2008-06-16,0.0,0.4,0.0
2008-06-17,0.0,0.0,0.0
2008-06-18,0.0,2.2,3.1
2008-06-19,0.0,0.0,0.0
2008-06-20,0.0,0.0,0.0
2008-06-21,0.0,0.0,0.0
2008-06-22,0.0,0.0,0.0
2008-06-23,0.0,0.0,0.0
2008-06-24,0.0,0.0,0.0
2008-06-25,0.0,0.0,0.0
2008-06-26,0.0,0.0,0.0
2008-06-27,0.0,0.0,0.0
2008-06-28,0.0,0.0,0.0
2008-06-29,0.0,0.0,0.0
2008-06-30,0.0,0.0,0.0
2008-07-01,0.0,0.0,0.0
2008-07-02,0.0,0.0,0.0
2008-07-03,0.0,0.3,0.0
2008-07-04,0.0,0.0,0.0
2008-07-05,0.0,0.0,0.0
2008-07-06,0.0,0.3,0.0
2008-07-07,0.0,0.0,0.0
2008-07-08,0.0,0.0,0.0
2008-07-09,0.0,0.0,0.0
2008-07-10,0.0,0.3,0.0
2008-07-11,0.0,0.0,0.0
2008-07-12,0.0,0.0,0.0
2008-07-13,0.0,0.3,0.0
2008-07-14,0.0,0.0,0.0
2008-07-15,0.0,0.0,0.0
2008-07-16,0.0,0.0,0.0
2008-07-17,0.0,0.0,0.0
2008-07-18,0.0,0.0,0.0
2008-07-19,0.0,0.0,0.0
2008-07-20,0.0,0.0,0.0
2008-07-21,0.0,0.0,0.0
2008-07-22,0.0,0.0,0.0
2008-07-23,0.0,0.0,0.0
2008-07-24,0.0,0.0,0.0
2008-07-25,0.0,0.0,0.0
2008-07-26,0.0,0.0,0.0
2008-07-27,0.0,0.0,0.0
2008-07-28,0.0,4.1,7.5
2008-07-29,0.0,0.0,0.0
2008-07-30,0.0,0.0,0.0
2008-07-31,0.0,2.2,5.6
2008-08-01,0.0,1.3,1.0
2008-08-02,0.0,0.8,0.0
2008-08-03,0.0,0.0,0.0
2008-08-04,0.0,0.0,0.0
2008-08-05,0.0,0.1,0.0
2008-08-06,0.0,0.0,0.0
2008-08-07,0.0,0.8,0.0
2008-08-08,0.0,0.3,0.0
2008-08-09,0.0,0.1,0.0
2008-08-10,0.2,1.1,0.0
2008-08-11,0.0,0.6,0.0
2008-08-12,0.0,1.4,0.0
2008-08-13,0.0,0.0,0.0
2008-08-14,0.0,0.0,0.0
2008-08-15,0.0,0.5,0.0
2008-08-16,0.0,0.0,0.0
2008-08-17,0.0,0.0,0.0
2008-08-18,0.0,0.0,0.0
2008-08-19,0.0,0.0,0.0
2008-08-20,0.0,0.0,0.0
2008-08-21,0.0,0.5,0.0
2008-08-22,0.0,0.0,0.0
2008-08-23,0.0,0.1,0.0
2008-08-24,0.0,1.5,2.0
2008-08-25,0.0,0.1,0.0
2008-08-26,0.0,0.0,0.0
2008-08-27,0.0,0.0,0.0
2008-08-28,0.0,0.1,0.0
2008-08-29,0.0,0.0,0.0
2008-08-30,0.0,0.1,0.0
2008-08-31,0.0,0.5,0.0
2008-09-01,0.0,0.0,0.0
2008-09-02,0.0,0.0,0.0
2008-09-03,0.0,0.0,0.0
2008-09-04,0.0,0.0,0.0
2008-09-05,0.0,0.0,0.0
2008-09-06,0.0,0.3,0.0
2008-09-07,0.0,0.0,0.0
2008-09-08,0.0,0.4,0.0
2008-09-09,0.0,0.0,0.0
2008-09-10,0.0,0.0,0.0
2008-09-11,0.0,1.2,0.0
2008-09-12,0.0,0.3,0.0
2008-09-13,0.0,0.0,0.0
2008-09-14,0.0,1.3,0.0
2008-09-15,0.0,0.0,0.0
2008-09-16,0.0,0.0,0.0
2008-09-17,0.0,0.0,0.0
2008-09-18,0.0,0.2,0.0
2008-09-19,0.0,0.0,0.0
2008-09-20,0.0,0.2,0.0
2008-09-21,0.0,0.0,0.0
2008-09-22,0.0,0.0,0.0
2008-09-23,0.0,0.0,0.0
2008-09-24,0.0,0.0,0.0
2008-09-25,0.0,0.0,0.0
2008-09-26,0.0,0.0,0.0
2008-09-27,0.0,0.7,0.0
2008-09-28,0.0,0.0,0.0
2008-09-29,0.0,0.0,0.0
2008-09-30,0.0,0.0,0.0
2008-10-01,0.0,0.0,0.0
2008-10-02,0.0,0.0,0.0
2008-10-03,0.0,0.8,0.0
2008-10-04,0.0,0.0,0.0
2008-10-05,0.0,0.0,0.0
2008-10-06,0.0,0.1,0.0
2008-10-07,0.0,3.6,5.2
2008-10-08,31.0,45.3,28.0
2008-10-09,0.2,6.2,6.5
2008-10-10,0.0,1.4,4.2
2008-10-11,0.0,1.2,1.6
2008-10-12,0.0,0.7,0.0
2008-10-13,0.0,4.8,4.6
2008-10-14,0.0,0.5,0.0
2008-10-15,0.0,0.6,0.0
2008-10-16,0.0,0.0,0.0
2008-10-17,0.0,7.5,6.5
2008-10-18,0.0,3.6,3.9
2008-10-19,4.0,3.0,3.1
2008-10-20,0.0,0.0,0.0
2008-10-21,1.0,2.1,1.3
2008-10-22,0.0,1.8,1.0
2008-10-23,0.0,0.5,0.0
2008-10-24,0.0,23.8,14.0
2008-10-25,0.0,2.6,1.6
2008-10-26,36.0,46.2,30.3
2008-10-27,23.0,34.8,23.6
2008-10-28,1.0,1.0,0.0
2008-10-29,0.0,0.0,0.0
2008-10-30,0.0,1.5,0.0
2008-10-31,0.0,9.9,6.1
2008-11-01,1.0,0.2,0.0
2008-11-02,31.0,12.3,9.8
2008-11-03,51.0,39.2,35.6
2008-11-04,12.0,6.7,5.1
2008-11-05,8.0,17.5,13.9
2008-11-06,9.0,8.9,6.8
2008-11-07,3.0,6.7,5.1
2008-11-08,0.0,9.4,7.2
2008-11-09,40.0,41.3,37.9
2008-11-10,11.0,11.4,8.9
2008-11-11,0.0,14.3,6.4
2008-11-12,9.0,2.0,0.0
2008-11-13,0.0,0.1,0.0
2008-11-14,43.0,47.6,21.3
2008-11-15,0.0,3.7,2.3
2008-11-16,17.7,9.7,4.5
2008-11-17,79.0,22.5,10.0
2008-11-18,38.0,19.7,8.8
2008-11-19,15.0,8.9,4.2
2008-11-20,158.0,43.6,18.2
2008-11-21,60.0,12.0,6.2
2008-11-22,18.0,18.4,10.3
2008-11-23,20.0,26.3,15.3
2008-11-24,5.0,28.9,16.1
2008-11-25,30.0,13.1,6.9
2008-11-26,25.0,2.1,1.0
2008-11-27,50.0,0.4,0.0
2008-11-28,55.0,0.0,0.0
2008-11-29,35.0,2.1,1.0
2008-11-30,77.0,0.0,0.0
2008-12-01,2.6,1.2,0.0
2008-12-02,7.0,0.0,0.0
2008-12-03,0.0,0.1,0.0
2008-12-04,0.0,0.0,0.0
2008-12-05,2.0,0.1,0.0
2008-12-06,38.0,2.1,1.0
2008-12-07,1.0,23.2,18.2
2008-12-08,8.0,3.0,1.0
2008-12-09,48.0,17.8,13.0
2008-12-10,118.0,15.4,10.8
2008-12-11,16.0,15.1,11.3
2008-12-12,76.0,39.2,36.7
2008-12-13,13.0,17.2,13.1
2008-12-14,7.0,6.0,3.3
2008-12-15,10.3,3.4,1.0
2008-12-16,16.0,5.3,2.8
2008-12-17,1.5,12.6,9.1
2008-12-18,5.0,3.1,1.0
2008-12-19,4.0,4.2,1.8
2008-12-20,36.0,0.6,0.0
2008-12-21,0.0,0.6,0.0
2008-12-22,23.0,0.0,0.0
2008-12-23,0.0,0.5,0.0
2008-12-24,0.0,1.0,0.0
2008-12-25,0.0,0.0,0.0
2008-12-26,0.0,1.4,1.0
2008-12-27,1.3,3.8,3.1
2008-12-28,2.0,1.0,0.0
2008-12-29,2.6,3.4,2.8
2008-12-30,5.0,3.7,3.0
2008-12-31,14.0,18.0,14.3
2009-01-01,14.0,2.7,2.4
2009-01-02,12.0,1.2,1.1
2009-01-03,0.0,0.0,0.0
2009-01-04,7.0,4.0,3.5
2009-01-05,0.0,5.5,4.9
2009-01-06,167.0,13.6,12.8
2009-01-07,0.0,1.7,1.6
2009-01-08,14.0,27.6,32.2
2009-01-09,3.0,12.6,11.8
2009-01-10,3.0,1.0,0.0
2009-01-11,7.0,3.2,3.0
2009-01-12,7.0,8.8,9.3
2009-01-13,25.0,4.7,4.7
2009-01-14,16.0,1.4,1.1
2009-01-15,23.0,3.2,3.0
2009-01-16,3.0,7.2,7.4
2009-01-17,4.0,0.9,0.0
2009-01-18,16.0,5.3,5.3
2009-01-19,3.0,5.1,5.1
2009-01-20,5.0,1.0,1.0
2009-01-21,10.0,0.9,0.0
2009-01-22,0.0,5.8,5.2
2009-01-23,4.0,10.2,9.6
2009-01-24,17.0,10.1,9.5
2009-01-25,67.0,34.0,39.2
2009-01-26,31.0,42.3,45.1
2009-01-27,14.0,9.4,8.8
2009-01-28,0.5,10.5,9.9
2009-01-29,26.0,15.0,14.6
2009-01-30,180.0,66.4,57.9
2009-01-31,5.0,8.2,7.6
2009-02-01,45.0,20.4,27.7
2009-02-02,25.0,38.8,42.7
2009-02-03,11.0,6.1,4.7
2009-02-04,11.0,16.6,15.9
2009-02-05,40.0,3.8,2.0
2009-02-06,20.2,15.6,14.9
2009-02-07,34.0,5.2,3.7
2009-02-08,4.0,2.9,1.0
2009-02-09,4.0,14.4,13.6
2009-02-10,13.0,4.7,3.1
2009-02-11,9.0,19.0,15.3
2009-02-12,1.0,2.5,1.0
2009-02-13,2.0,1.0,0.0
2009-02-14,0.0,0.6,0.0
2009-02-15,1.5,7.4,5.4
2009-02-16,23.0,14.5,11.5
2009-02-17,1.5,2.4,1.0
2009-02-18,0.0,1.2,0.0
2009-02-19,6.0,0.9,0.0
2009-02-20,28.0,6.7,4.7
2009-02-21,60.0,12.6,13.5
2009-02-22,70.0,6.3,5.7
2009-02-23,7.0,6.7,6.1
2009-02-24,26.0,15.9,17.8
2009-02-25,14.0,39.3,50.7
2009-02-26,35.0,40.4,52.6
2009-02-27,40.0,14.5,16.0
2009-02-28,9.0,12.2,13.1
2009-03-01,0.0,0.3,0.0
2009-03-02,2.0,16.3,13.5
2009-03-03,33.0,60.9,43.8
2009-03-04,55.0,26.0,22.7
2009-03-05,17.0,27.4,25.8
2009-03-06,2.0,0.4,0.0
2009-03-07,13.4,27.0,22.4
2009-03-08,25.0,1.2,0.0
2009-03-09,0.0,0.0,0.0
2009-03-10,0.0,3.0,1.6
2009-03-11,34.0,0.0,0.0
2009-03-12,0.0,0.1,0.0
2009-03-13,5.0,0.0,0.0
2009-03-14,0.0,0.0,0.0
2009-03-15,0.0,0.0,0.0
2009-03-16,0.0,0.0,0.0
2009-03-17,68.0,39.6,39.9
2009-03-18,0.0,0.1,0.0
2009-03-19,0.0,3.6,3.6
2009-03-20,0.0,0.2,0.0
2009-03-21,27.0,24.6,18.9
2009-03-22,6.0,1.2,0.0
2009-03-23,0.0,0.8,0.0
2009-03-24,2.0,0.0,0.0
2009-03-25,0.0,4.8,2.0
2009-03-26,0.0,1.5,0.0
2009-03-27,0.0,0.0,0.0
2009-03-28,25.0,6.9,3.7
2009-03-29,13.0,15.9,10.9
2009-03-30,0.0,0.0,0.0
2009-03-31,3.0,0.0,0.0
2009-04-01,66.0,10.5,9.7
2009-04-02,0.0,0.3,0.0
2009-04-03,0.0,2.4,1.0
2009-04-04,3.0,16.1,16.1
2009-04-05,17.0,6.3,4.9
2009-04-06,10.0,0.3,0.0
2009-04-07,0.0,0.9,0.0
2009-04-08,0.0,1.9,0.0
2009-04-09,0.0,0.9,0.0
2009-04-10,0.0,0.0,0.0
2009-04-11,0.0,1.4,1.0
2009-04-12,12.0,0.1,0.0
2009-04-13,16.5,7.2,5.9
2009-04-14,0.0,6.3,5.1
2009-04-15,0.0,0.5,0.0
2009-04-16,8.0,1.9,1.2
2009-04-17,1.0,6.7,5.5
2009-04-18,1.4,4.9,3.8
2009-04-19,21.0,12.4,11.0
2009-04-20,39.0,24.4,25.4
2009-04-21,0.0,3.7,4.8
2009-04-22,0.0,0.8,0.0
2009-04-23,0.0,0.6,0.0
2009-04-24,19.0,6.9,7.3
2009-04-25,0.0,0.3,0.0
2009-04-26,0.0,0.0,0.0
2009-04-27,0.0,0.0,0.0
2009-04-28,0.0,0.0,0.0
2009-04-29,0.0,1.1,2.7
2009-04-30,0.0,0.1,0.0
2009-05-01,0.0,0.0,0.0
2009-05-02,0.0,0.0,0.0
2009-05-03,0.0,0.5,0.0
2009-05-04,0.0,2.3,4.1
2009-05-05,5.0,0.1,0.0
2009-05-06,0.0,0.0,0.0
2009-05-07,0.0,0.1,0.0
2009-05-08,10.0,0.9,0.0
2009-05-09,12.0,16.3,13.5
2009-05-10,0.0,3.8,5.3
2009-05-11,4.0,3.9,4.1
2009-05-12,10.0,12.9,9.5
2009-05-13,0.0,0.3,0.0
2009-05-14,7.0,7.4,6.1
2009-05-15,3.0,3.1,3.6
2009-05-16,0.0,1.5,2.4
2009-05-17,0.0,3.0,3.5
2009-05-18,95.0,45.4,33.2
2009-05-19,2.0,14.1,10.3
2009-05-20,1.0,3.9,4.1
2009-05-21,23.0,9.2,10.5
2009-05-22,0.0,3.9,6.4
2009-05-23,0.0,0.1,0.0
2009-05-24,0.0,1.1,3.7
2009-05-25,0.0,2.4,5.0
2009-05-26,47.0,23.8,19.0
2009-05-27,0.0,0.3,0.0
2009-05-28,0.7,0.2,0.0
2009-05-29,12.0,2.8,5.5
2009-05-30,0.0,0.0,0.0
2009-05-31,0.0,2.2,4.8
2009-06-01,0.0,0.8,0.0
2009-06-02,0.0,2.7,2.8
2009-06-03,0.0,0.0,0.0
2009-06-04,0.0,0.7,0.0
2009-06-05,0.0,0.5,0.0
2009-06-06,0.0,0.0,0.0
2009-06-07,0.0,0.0,0.0
2009-06-08,0.4,4.0,4.5
2009-06-09,0.0,5.9,5.7
2009-06-10,0.0,0.0,0.0
2009-06-11,10.0,21.5,18.0
2009-06-12,0.0,0.2,0.0
2009-06-13,0.0,0.0,0.0
2009-06-14,0.0,0.0,0.0
2009-06-15,0.0,0.0,0.0
2009-06-16,0.0,0.0,0.0
2009-06-17,0.0,0.1,0.0
2009-06-18,0.0,0.0,0.0
2009-06-19,0.0,0.0,0.0
2009-06-20,0.0,0.2,0.0
2009-06-21,0.0,0.3,0.0
2009-06-22,0.0,0.0,0.0
2009-06-23,0.0,0.7,0.0
2009-06-24,0.0,0.0,0.0
2009-06-25,0.0,0.4,0.0
2009-06-26,0.0,0.1,0.0
2009-06-27,0.0,0.6,0.0
2009-06-28,0.0,0.0,0.0
2009-06-29,0.0,0.0,0.0
2009-06-30,0.0,0.4,0.0
2009-07-01,0.0,0.0,0.0
2009-07-02,0.0,0.0,0.0
2009-07-03,0.0,2.5,1.6
2009-07-04,0.0,0.0,0.0
2009-07-05,0.0,0.0,0.0
2009-07-06,0.0,0.0,0.0
2009-07-07,0.0,0.1,0.0
2009-07-08,0.0,0.0,0.0
2009-07-09,0.0,0.0,0.0
2009-07-10,0.0,0.0,0.0
2009-07-11,0.0,0.0,0.0
2009-07-12,0.0,0.2,0.0
2009-07-13,0.0,0.0,0.0
2009-07-14,0.0,0.5,0.0
2009-07-15,0.0,0.0,0.0
2009-07-16,0.0,0.3,0.0
2009-07-17,0.0,0.0,0.0
2009-07-18,0.0,0.0,0.0
2009-07-19,0.0,0.0,0.0
2009-07-20,0.0,0.0,0.0
2009-07-21,0.0,0.0,0.0
2009-07-22,0.0,0.0,0.0
2009-07-23,0.0,0.0,0.0
2009-07-24,0.0,0.2,0.0
2009-07-25,0.0,0.0,0.0
2009-07-26,0.0,0.0,0.0
2009-07-27,0.0,0.0,0.0
2009-07-28,0.0,0.0,0.0
2009-07-29,0.0,2.6,6.1
2009-07-30,0.0,0.0,0.0
2009-07-31,0.0,0.0,0.0
2009-08-01,0.0,0.0,0.0
2009-08-02,0.0,0.0,0.0
2009-08-03,0.0,0.4,0.0
2009-08-04,0.0,0.0,0.0
2009-08-05,0.0,0.0,0.0
2009-08-06,0.0,0.0,0.0
2009-08-07,0.0,1.2,1.0
2009-08-08,0.0,2.2,2.1
2009-08-09,0.0,0.0,0.0
2009-08-10,0.0,0.0,0.0
2009-08-11,0.0,0.0,0.0
2009-08-12,0.0,0.0,0.0
2009-08-13,0.0,0.0,0.0
2009-08-14,0.0,1.0,0.0
2009-08-15,0.0,0.2,0.0
2009-08-16,0.0,0.0,0.0
2009-08-17,0.0,0.0,0.0
2009-08-18,0.0,0.5,0.0
2009-08-19,0.0,0.0,0.0
2009-08-20,0.0,0.0,0.0
2009-08-21,0.0,1.1,0.0
2009-08-22,0.0,0.0,0.0
2009-08-23,0.0,0.0,0.0
2009-08-24,0.0,0.0,0.0
2009-08-25,0.0,0.0,0.0
2009-08-26,0.0,0.1,0.0
2009-08-27,0.0,0.0,0.0
2009-08-28,0.0,0.0,0.0
2009-08-29,0.0,2.5,2.6
2009-08-30,0.0,3.3,3.1
2009-08-31,0.0,0.0,0.0
2009-09-01,0.0,0.0,0.0
2009-09-02,0.0,0.0,0.0
2009-09-03,0.0,0.0,0.0
2009-09-04,0.0,7.1,4.9
2009-09-05,0.0,0.0,0.0
2009-09-06,0.0,0.3,0.0
2009-09-07,0.0,0.0,0.0
2009-09-08,0.0,0.0,0.0
2009-09-09,0.0,0.0,0.0
2009-09-10,0.0,0.0,0.0
2009-09-11,0.0,0.0,0.0
2009-09-12,0.0,0.0,0.0
2009-09-13,0.0,0.3,0.0
2009-09-14,0.0,0.0,0.0
2009-09-15,0.0,0.0,0.0
2009-09-16,4.0,0.0,0.0
2009-09-17,0.0,0.0,0.0
2009-09-18,0.0,0.3,0.0
2009-09-19,0.0,0.0,0.0
2009-09-20,0.0,0.0,0.0
2009-09-21,0.0,0.0,0.0
2009-09-22,0.0,0.0,0.0
2009-09-23,0.0,0.0,0.0
2009-09-24,0.0,0.0,0.0
2009-09-25,0.0,4.1,4.5
2009-09-26,0.0,0.0,0.0
2009-09-27,0.0,0.0,0.0
2009-09-28,0.0,0.0,0.0
2009-09-29,0.0,0.0,0.0
2009-09-30,0.0,0.0,0.0
2009-10-01,0.0,0.2,0.0
2009-10-02,0.0,0.0,0.0
2009-10-03,0.0,1.4,4.5
2009-10-04,0.0,0.0,0.0
2009-10-05,0.0,0.0,0.0
2009-10-06,0.0,0.0,0.0
2009-10-07,0.0,0.0,0.0
2009-10-08,0.0,0.2,0.0
2009-10-09,0.0,0.0,0.0
2009-10-10,0.0,0.0,0.0
2009-10-11,0.0,0.2,0.0
2009-10-12,0.0,0.1,0.0
2009-10-13,0.0,2.2,2.3
2009-10-14,0.0,1.1,0.0
2009-10-15,0.0,0.0,0.0
2009-10-16,0.0,0.0,0.0
2009-10-17,0.0,0.1,0.0
2009-10-18,0.0,1.3,1.6
2009-10-19,0.0,0.0,0.0
2009-10-20,0.0,0.0,0.0
2009-10-21,0.0,0.0,0.0
2009-10-22,0.0,16.1,9.7
2009-10-23,0.0,33.3,22.6
2009-10-24,5.0,8.5,5.5
2009-10-25,0.0,8.7,5.2
2009-10-26,0.0,0.0,0.0
2009-10-27,0.0,3.3,2.1
2009-10-28,0.0,0.0,0.0
2009-10-29,0.0,2.0,1.2
2009-10-30,0.0,0.0,0.0
2009-10-31,0.0,0.0,0.0
2009-11-01,0.0,0.0,0.0
2009-11-02,0.0,0.0,0.0
2009-11-03,0.0,0.0,0.0
2009-11-04,0.0,0.0,0.0
2009-11-05,0.0,0.0,0.0
2009-11-06,0.0,0.0,0.0
2009-11-07,0.0,0.1,0.0
2009-11-08,0.0,0.0,0.0
2009-11-09,0.2,0.0,0.0
2009-11-10,5.0,13.7,10.7
2009-11-11,0.0,0.1,0.0
2009-11-12,0.0,4.8,2.7
2009-11-13,0.0,16.6,7.4
2009-11-14,0.0,23.4,10.3
2009-11-15,9.0,41.8,17.6
2009-11-16,63.0,30.3,13.5
2009-11-17,5.0,47.2,20.7
2009-11-18,3.0,18.3,8.2
2009-11-19,44.0,7.5,3.6
2009-11-20,1.0,15.7,7.1
2009-11-21,19.7,29.1,16.8
2009-11-22,8.0,4.4,1.8
2009-11-23,0.0,0.0,0.0
2009-11-24,0.0,0.0,0.0
2009-11-25,25.0,1.6,0.0
2009-11-26,63.0,36.3,21.9
2009-11-27,0.0,0.7,0.0
2009-11-28,0.0,6.8,3.1
2009-11-29,15.0,6.6,3.0
2009-11-30,0.0,0.0,0.0
2009-12-01,0.0,0.2,0.0
2009-12-02,0.0,0.0,0.0
2009-12-03,0.0,0.0,0.0
2009-12-04,1.0,0.5,0.0
2009-12-05,0.0,0.2,0.0
2009-12-06,0.0,0.0,0.0
2009-12-07,0.0,4.5,1.9
2009-12-08,0.0,18.0,13.2
2009-12-09,26.0,7.8,4.4
2009-12-10,0.0,0.0,0.0
2009-12-11,0.0,0.0,0.0
2009-12-12,0.0,0.9,0.0
2009-12-13,1.0,0.2,0.0
2009-12-14,0.0,0.8,0.0
2009-12-15,0.0,6.5,3.8
2009-12-16,0.0,4.1,1.6
2009-12-17,0.0,0.7,0.0
2009-12-18,0.0,0.3,0.0
2009-12-19,6.0,2.1,0.0
2009-12-20,0.0,1.0,0.0
2009-12-21,0.0,0.6,0.0
2009-12-22,1.0,1.5,1.0
2009-12-23,0.0,1.5,1.0
2009-12-24,0.0,10.1,8.6
2009-12-25,17.0,19.5,16.4
2009-12-26,7.0,10.9,9.2
2009-12-27,9.0,21.6,21.4
2009-12-28,3.0,1.6,1.0
2009-12-29,58.0,18.5,15.4
2009-12-30,50.5,89.0,56.1
2009-12-31,0.0,0.4,0.0
2010-01-01,12.0,17.8,17.1
2010-01-02,0.0,4.1,3.6
2010-01-03,4.0,13.0,12.3
2010-01-04,40.0,10.7,10.0
2010-01-05,7.0,39.7,46.6
2010-01-06,11.0,22.8,22.4
2010-01-07,1.0,17.6,16.8
2010-01-08,10.0,11.2,10.5
2010-01-09,39.0,21.7,20.9
2010-01-10,1.0,8.9,8.3
2010-01-11,1.3,13.5,14.7
2010-01-12,1.0,7.7,8.0
2010-01-13,59.0,1.1,1.0
2010-01-14,59.0,6.6,6.7
2010-01-15,37.0,3.6,3.5
2010-01-16,55.0,6.5,6.6
2010-01-17,14.0,7.9,8.2
2010-01-18,116.0,22.8,26.4
2010-01-19,156.0,11.7,12.6
2010-01-20,62.0,17.3,19.3
2010-01-21,18.0,28.9,33.3
2010-01-22,2.0,1.5,1.0
2010-01-23,14.0,8.8,8.2
2010-01-24,6.0,11.0,10.4
2010-01-25,13.0,12.8,12.4
2010-01-26,31.0,13.1,12.6
2010-01-27,2.0,7.6,7.0
2010-01-28,48.0,0.9,0.0
2010-01-29,74.0,44.2,46.9
2010-01-30,34.0,5.0,4.3
2010-01-31,14.0,12.1,11.6
2010-02-01,17.0,4.7,3.1
2010-02-02,0.0,6.8,5.5
2010-02-03,6.0,18.5,17.9
2010-02-04,11.0,6.6,5.2
2010-02-05,19.0,8.1,6.9
2010-02-06,46.0,26.5,31.8
2010-02-07,3.0,16.2,15.5
2010-02-08,2.0,4.0,2.3
2010-02-09,0.0,14.4,13.6
2010-02-10,4.0,2.6,1.0
2010-02-11,4.0,0.3,0.0
2010-02-12,57.0,131.8,76.9
2010-02-13,0.0,10.1,7.7
2010-02-14,16.0,36.0,31.0
2010-02-15,4.0,7.3,5.3
2010-02-16,9.0,15.4,12.3
2010-02-17,14.0,7.5,5.5
2010-02-18,24.0,4.5,2.8
2010-02-19,58.0,47.3,43.2
2010-02-20,5.0,6.7,4.7
2010-02-21,14.0,18.4,21.1
2010-02-22,116.0,0.9,0.0
2010-02-23,50.0,46.2,58.2
2010-02-24,13.0,8.8,8.8
2010-02-25,40.0,26.1,33.3
2010-02-26,68.0,19.0,21.9
2010-02-27,49.0,34.2,43.2
2010-02-28,22.0,10.8,11.2
2010-03-01,32.0,14.5,12.0
2010-03-02,19.0,7.6,6.0
2010-03-03,4.0,4.6,3.2
2010-03-04,23.0,52.0,39.3
2010-03-05,3.0,6.7,5.2
2010-03-06,2.0,4.2,2.9
2010-03-07,40.0,40.4,32.2
2010-03-08,1.0,2.5,1.0
2010-03-09,50.0,31.5,27.8
2010-03-10,9.0,9.3,7.6
2010-03-11,0.0,0.2,0.0
2010-03-12,0.0,0.1,0.0
2010-03-13,3.0,4.0,4.0
2010-03-14,38.0,3.3,3.2
2010-03-15,28.0,5.7,5.8
2010-03-16,101.0,27.8,31.3
2010-03-17,14.0,37.2,38.6
2010-03-18,25.0,9.3,9.3
2010-03-19,0.0,0.1,0.0
2010-03-20,6.0,23.4,26.6
2010-03-21,17.0,1.7,0.0
2010-03-22,38.0,12.5,8.0
2010-03-23,0.0,5.6,2.6
2010-03-24,0.2,0.2,0.0
2010-03-25,37.0,5.4,2.5
2010-03-26,37.0,31.4,24.7
2010-03-27,36.0,9.4,5.6
2010-03-28,5.0,21.5,15.4
2010-03-29,10.5,19.5,14.2
2010-03-30,112.0,112.5,107.0
2010-03-31,5.0,5.9,2.9
2010-04-01,80.0,2.0,0.0
2010-04-02,11.0,0.6,0.0
2010-04-03,7.0,1.0,0.0
2010-04-04,9.0,8.6,7.5
2010-04-05,33.0,11.5,10.8
2010-04-06,27.0,15.3,15.1
2010-04-07,15.0,8.0,6.8
2010-04-08,12.0,14.8,14.6
2010-04-09,0.0,5.6,4.2
2010-04-10,19.0,8.8,7.7
2010-04-11,39.0,25.6,27.8
2010-04-12,10.0,9.3,8.0
2010-04-13,1.0,0.3,0.0
2010-04-14,12.0,4.0,3.0
2010-04-15,25.0,2.5,1.7
2010-04-16,2.0,41.8,48.0
2010-04-17,18.0,3.3,2.4
2010-04-18,3.0,22.2,22.4
2010-04-19,58.0,7.5,6.2
2010-04-20,33.0,6.0,4.8
2010-04-21,27.0,23.2,22.0
2010-04-22,7.0,5.0,5.8
2010-04-23,0.0,4.2,5.2
2010-04-24,0.0,2.2,3.6
2010-04-25,5.0,20.6,19.6
2010-04-26,3.0,0.0,0.0
2010-04-27,101.0,50.8,39.2
2010-04-28,31.0,16.2,15.1
2010-04-29,0.0,0.0,0.0
2010-04-30,0.0,0.0,0.0
2010-05-01,0.0,0.0,0.0
2010-05-02,7.0,31.4,24.8
2010-05-03,45.0,7.9,9.0
2010-05-04,0.0,2.0,3.9
2010-05-05,9.0,4.3,5.7
2010-05-06,0.0,0.0,0.0
2010-05-07,0.6,31.1,24.4
2010-05-08,2.5,12.0,11.6
2010-05-09,116.2,24.9,20.1
2010-05-10,0.0,6.1,6.9
2010-05-11,34.0,14.6,10.7
2010-05-12,1.0,8.8,7.3
2010-05-13,1.5,11.8,9.8
2010-05-14,68.0,30.2,20.8
2010-05-15,52.0,20.2,13.5
2010-05-16,15.0,29.7,20.5
2010-05-17,0.0,0.2,0.0
2010-05-18,0.0,0.0,0.0
2010-05-19,2.0,1.6,2.5
2010-05-20,40.0,5.1,4.9
2010-05-21,0.0,1.2,3.9
2010-05-22,1.0,2.5,5.8
2010-05-23,11.4,5.9,8.4
2010-05-24,2.0,5.8,7.9
2010-05-25,0.0,6.7,8.6
2010-05-26,15.0,15.3,15.0
2010-05-27,0.0,1.2,3.8
2010-05-28,0.0,1.3,4.0
2010-05-29,0.0,0.2,0.0
2010-05-30,0.0,0.9,0.0
2010-05-31,0.0,0.0,0.0
2010-06-01,0.0,0.2,0.0
2010-06-02,0.0,0.0,0.0
2010-06-03,0.0,8.0,7.5
2010-06-04,0.0,3.4,3.3
2010-06-05,38.0,1.1,1.4
2010-06-06,3.0,3.2,3.7
2010-06-07,0.0,0.3,0.0
2010-06-08,64.5,26.0,28.8
2010-06-09,0.0,5.2,5.3
2010-06-10,27.0,10.6,12.3
2010-06-11,0.0,1.6,2.7
2010-06-12,9.0,13.9,11.2
2010-06-13,26.0,5.5,5.9
2010-06-14,3.0,11.7,9.6
2010-06-15,3.0,5.0,4.9
2010-06-16,1.0,14.9,14.1
2010-06-17,0.0,2.9,3.6
2010-06-18,0.0,0.0,0.0
2010-06-19,0.0,0.0,0.0
2010-06-20,0.0,0.0,0.0
2010-06-21,0.0,0.4,0.0
2010-06-22,0.0,0.1,0.0
2010-06-23,0.0,0.0,0.0
2010-06-24,0.0,0.0,0.0
2010-06-25,0.0,0.0,0.0
2010-06-26,0.0,0.3,0.0
2010-06-27,8.0,0.2,0.0
2010-06-28,0.0,0.6,0.0
2010-06-29,3.0,3.3,6.0
2010-06-30,0.0,0.9,1.4
2010-07-01,0.0,1.2,0.0
2010-07-02,0.0,1.8,1.5
2010-07-03,0.2,3.0,2.8
2010-07-04,15.0,5.6,8.2
2010-07-05,5.0,7.9,16.9
2010-07-06,9.5,0.0,0.0
2010-07-07,8.0,15.1,33.1
2010-07-08,54.0,2.7,2.2
2010-07-09,0.0,0.0,0.0
2010-07-10,0.0,2.6,2.3
2010-07-11,0.3,1.4,2.2
2010-07-12,0.4,23.3,31.8
2010-07-13,0.5,2.6,4.5
2010-07-14,0.0,1.0,1.6
2010-07-15,0.0,0.0,0.0
2010-07-16,0.0,0.0,0.0
2010-07-17,0.5,3.6,5.9
2010-07-18,0.0,0.1,0.0
2010-07-19,0.0,0.0,0.0
2010-07-20,0.0,0.0,0.0
2010-07-21,0.0,0.0,0.0
2010-07-22,0.0,0.0,0.0
2010-07-23,0.0,0.0,0.0
2010-07-24,0.0,0.0,0.0
2010-07-25,8.0,11.4,26.5
2010-07-26,0.0,1.7,4.9
2010-07-27,134.0,55.7,29.5
2010-07-28,7.0,0.2,0.0
2010-07-29,1.0,2.0,5.8
2010-07-30,0.0,0.2,0.0
2010-07-31,0.0,0.0,0.0
2010-08-01,0.0,0.0,0.0
2010-08-02,0.0,0.0,0.0
2010-08-03,0.0,3.6,3.7
2010-08-04,20.0,0.2,0.0
2010-08-05,1.0,3.0,3.0
2010-08-06,0.0,0.0,0.0
2010-08-07,0.0,0.0,0.0
2010-08-08,0.0,0.3,0.0
2010-08-09,0.0,0.0,0.0
2010-08-10,1.0,0.7,0.0
2010-08-11,0.0,1.2,0.0
2010-08-12,1.0,3.1,3.0
2010-08-13,0.0,1.4,0.0
2010-08-14,0.0,0.4,0.0
2010-08-15,0.0,0.7,0.0
2010-08-16,0.0,0.1,0.0
2010-08-17,0.0,5.7,4.7
2010-08-18,0.0,0.0,0.0
2010-08-19,0.0,0.0,0.0
2010-08-20,0.0,0.5,0.0
2010-08-21,23.0,30.5,14.4
2010-08-22,4.0,1.2,0.0
2010-08-23,4.0,16.0,14.1
2010-08-24,68.0,4.3,3.8
2010-08-25,7.0,0.2,0.0
2010-08-26,0.0,2.0,2.3
2010-08-27,0.0,0.5,0.0
2010-08-28,0.0,1.4,0.0
2010-08-29,0.0,0.0,0.0
2010-08-30,0.0,5.2,4.2
2010-08-31,0.0,10.0,12.0
2010-09-01,0.0,0.5,0.0
2010-09-02,0.0,0.0,0.0
2010-09-03,0.0,0.2,0.0
2010-09-04,0.0,1.9,1.8
2010-09-05,20.0,26.3,17.4
2010-09-06,4.0,22.0,14.9
2010-09-07,1.0,9.3,6.2
2010-09-08,19.0,29.3,17.7
2010-09-09,0.0,6.2,4.5
2010-09-10,10.0,35.5,18.4
2010-09-11,57.0,112.8,24.9
2010-09-12,71.0,82.1,25.0
2010-09-13,1.0,0.8,0.0
2010-09-14,0.0,0.0,0.0
2010-09-15,1.0,19.0,9.0
2010-09-16,44.0,59.1,24.0
2010-09-17,0.0,0.6,0.0
2010-09-18,22.0,22.2,9.5
2010-09-19,0.0,27.8,10.6
2010-09-20,22.0,0.2,0.0
2010-09-21,0.0,7.7,6.7
2010-09-22,5.0,4.8,4.9
2010-09-23,7.0,77.7,53.8
2010-09-24,0.0,3.8,5.3
2010-09-25,14.0,51.5,23.4
2010-09-26,1.0,8.8,6.8
2010-09-27,0.0,3.1,4.7
2010-09-28,0.0,6.4,6.3
2010-09-29,0.0,0.6,0.0
2010-09-30,3.0,1.8,3.5
2010-10-01,0.0,0.1,0.0
2010-10-02,0.0,1.1,0.0
2010-10-03,0.0,1.2,0.0
2010-10-04,0.0,1.3,0.0
2010-10-05,11.0,33.4,22.3
2010-10-06,0.0,1.2,0.0
2010-10-07,10.0,7.4,8.4
2010-10-08,5.0,18.3,12.5
2010-10-09,40.0,13.1,10.5
2010-10-10,0.0,0.0,0.0
2010-10-11,0.0,0.6,0.0
2010-10-12,0.0,0.0,0.0
2010-10-13,1.0,0.0,0.0
2010-10-14,53.0,68.4,46.6
2010-10-15,1.0,12.6,11.0
2010-10-16,0.0,12.0,10.2
2010-10-17,0.0,3.1,3.4
2010-10-18,52.0,15.2,13.2
2010-10-19,3.0,5.7,5.2
2010-10-20,0.0,3.3,3.5
2010-10-21,0.0,12.7,7.7
2010-10-22,0.0,0.3,0.0
2010-10-23,8.0,28.6,18.5
2010-10-24,1.0,2.9,1.8
2010-10-25,0.0,0.0,0.0
2010-10-26,11.0,6.5,4.0
2010-10-27,10.0,4.9,3.1
2010-10-28,3.0,1.3,0.0
2010-10-29,0.0,7.8,5.4
2010-10-30,1.0,21.5,12.2
2010-10-31,19.0,50.2,32.4
2010-11-01,13.0,3.3,2.4
2010-11-02,1.8,13.5,10.8
2010-11-03,11.0,13.4,10.8
2010-11-04,21.0,62.7,51.4
2010-11-05,68.0,64.6,51.4
2010-11-06,1.0,9.3,7.2
2010-11-07,84.0,34.4,31.9
2010-11-08,12.0,19.5,17.3
2010-11-09,58.0,11.4,8.8
2010-11-10,0.0,0.0,0.0
2010-11-11,0.0,0.0,0.0
2010-11-12,0.0,0.3,0.0
2010-11-13,0.0,0.0,0.0
2010-11-14,0.0,0.1,0.0
2010-11-15,0.0,3.4,2.2
2010-11-16,64.0,5.9,3.0
2010-11-17,0.0,0.0,0.0
2010-11-18,0.0,0.4,0.0
2010-11-19,0.0,2.2,1.8
2010-11-20,0.0,0.7,0.0
2010-11-21,5.0,1.4,0.0
2010-11-22,6.0,4.7,1.9
2010-11-23,0.0,5.7,2.5
2010-11-24,4.0,7.1,3.3
2010-11-25,3.0,25.2,14.6
2010-11-26,0.0,22.1,12.3
2010-11-27,13.0,33.4,19.8
2010-11-28,0.0,12.6,6.6
2010-11-29,2.0,12.6,6.6
2010-11-30,14.0,29.0,17.7
2010-12-01,9.0,36.9,33.6
2010-12-02,14.0,43.9,43.1
2010-12-03,17.0,39.9,37.8
2010-12-04,7.0,31.9,26.8
2010-12-05,4.0,19.8,14.7
2010-12-06,58.0,43.3,42.2
2010-12-07,89.0,10.4,6.5
2010-12-08,12.0,8.4,4.9
2010-12-09,54.0,14.5,10.0
2010-12-10,40.6,8.9,5.3
2010-12-11,16.0,11.7,8.3
2010-12-12,21.0,18.9,14.7
2010-12-13,1.0,0.3,0.0
2010-12-14,26.0,13.4,9.8
2010-12-15,0.0,4.5,2.0
2010-12-16,1.0,1.4,0.0
2010-12-17,122.0,8.4,5.5
2010-12-18,17.0,18.0,13.8
2010-12-19,1.4,21.0,16.5
2010-12-20,25.0,24.3,19.1
2010-12-21,0.0,7.1,6.1
2010-12-22,58.0,8.7,7.4
2010-12-23,27.0,14.7,12.2
2010-12-24,0.0,0.2,0.0
2010-12-25,0.0,0.1,0.0
2010-12-26,0.0,0.3,0.0
2010-12-27,0.0,0.4,0.0
2010-12-28,11.0,9.1,7.8
2010-12-29,0.0,2.8,2.2
2010-12-30,1.0,0.4,0.0
2010-12-31,24.0,13.9,11.6
2011-01-01,47.0,25.3,28.6
2011-01-02,18.0,7.8,7.2
2011-01-03,43.0,10.3,9.5
2011-01-04,0.0,1.0,0.0
2011-01-05,1.0,2.6,2.3
2011-01-06,6.0,11.7,11.0
2011-01-07,2.0,7.6,6.9
2011-01-08,17.5,19.8,19.3
2011-01-09,0.0,3.6,3.1
2011-01-10,2.0,1.1,1.1
2011-01-11,0.0,0.3,0.0
2011-01-12,0.0,0.0,0.0
2011-01-13,0.0,0.7,0.0
2011-01-14,2.0,3.3,3.1
2011-01-15,12.0,4.5,4.4
2011-01-16,82.0,2.0,1.7
2011-01-17,30.0,6.1,6.2
2011-01-18,19.0,10.3,11.0
2011-01-19,1.0,16.3,17.8
2011-01-20,141.0,25.5,30.2
2011-01-21,28.0,2.5,1.8
2011-01-22,21.0,18.2,18.0
2011-01-23,87.0,25.2,29.2
2011-01-24,28.0,25.9,30.4
2011-01-25,11.0,13.0,12.6
2011-01-26,0.0,27.1,31.0
2011-01-27,49.5,19.8,19.8
2011-01-28,4.0,2.5,1.9
2011-01-29,14.5,18.9,18.8
2011-01-30,10.0,0.6,0.0
2011-01-31,4.0,14.8,14.4
2011-02-01,39.0,45.7,49.6
2011-02-02,9.0,30.6,35.5
2011-02-03,0.0,6.5,5.1
2011-02-04,1.0,16.0,15.3
2011-02-05,0.0,6.4,5.0
2011-02-06,4.0,0.9,0.0
2011-02-07,18.0,3.9,2.2
2011-02-08,0.0,2.4,0.0
2011-02-09,6.0,15.6,14.9
2011-02-10,0.0,3.0,1.0
2011-02-11,0.0,4.8,3.1
2011-02-12,75.0,25.2,22.8
2011-02-13,1.0,0.5,0.0
2011-02-14,14.5,25.7,22.9
2011-02-15,0.0,1.6,0.0
2011-02-16,2.0,7.2,5.2
2011-02-17,12.0,1.2,0.0
2011-02-18,4.0,4.1,2.4
2011-02-19,3.0,9.3,7.0
2011-02-20,0.0,3.7,2.0
2011-02-21,182.0,9.3,9.4
2011-02-22,2.5,7.6,7.2
2011-02-23,9.0,11.0,11.6
2011-02-24,7.0,10.5,10.9
2011-02-25,14.0,8.1,7.9
2011-02-26,16.0,13.1,14.2
2011-02-27,2.0,3.3,2.0
2011-02-28,40.0,14.8,16.4
2011-03-01,5.0,3.1,1.7
2011-03-02,0.0,1.0,0.0
2011-03-03,0.0,2.3,1.0
2011-03-04,28.0,14.9,12.3
2011-03-05,43.0,36.9,29.5
2011-03-06,2.0,8.4,6.7
2011-03-07,3.0,7.6,6.1
2011-03-08,74.0,9.8,8.0
2011-03-09,3.0,16.5,13.6
2011-03-10,2.0,1.3,0.0
2011-03-11,1.0,3.0,2.8
2011-03-12,0.5,5.6,5.6
2011-03-13,0.0,2.8,2.7
2011-03-14,0.0,0.1,0.0
2011-03-15,0.0,18.4,17.5
2011-03-16,1.0,1.2,1.0
2011-03-17,15.0,2.9,2.7
2011-03-18,0.0,0.0,0.0
2011-03-19,9.0,15.4,15.8
2011-03-20,4.0,0.6,0.0
2011-03-21,34.0,3.3,1.0
2011-03-22,13.0,22.4,16.2
2011-03-23,5.0,9.4,5.6
2011-03-24,2.0,18.5,12.9
2011-03-25,58.0,53.3,55.3
2011-03-26,33.0,4.4,1.7
2011-03-27,26.0,18.5,13.0
2011-03-28,0.5,7.6,4.2
2011-03-29,1.0,4.4,1.8
2011-03-30,1.0,2.9,1.0
2011-03-31,0.0,4.8,2.1
2011-04-01,15.0,54.9,61.7
2011-04-02,4.0,7.6,6.3
2011-04-03,4.0,7.7,6.5
2011-04-04,0.0,3.9,2.3
2011-04-05,0.0,1.3,0.0
2011-04-06,0.0,1.5,0.0
2011-04-07,6.0,21.2,25.5
2011-04-08,0.0,4.8,3.3
2011-04-09,2.5,13.4,13.0
2011-04-10,12.0,22.0,28.4
2011-04-11,11.0,23.3,24.1
2011-04-12,3.0,4.9,3.8
2011-04-13,6.3,8.2,6.9
2011-04-14,24.0,20.7,20.5
2011-04-15,72.0,22.2,23.3
2011-04-16,0.0,5.2,4.1
2011-04-17,3.0,0.0,0.0
2011-04-18,0.0,0.0,0.0
2011-04-19,4.0,0.2,0.0
2011-04-20,0.0,10.2,8.8
2011-04-21,17.0,5.8,6.4
2011-04-22,15.0,5.9,6.5
2011-04-23,45.0,25.1,23.9
2011-04-24,45.0,5.8,6.4
2011-04-25,23.0,4.1,5.1
2011-04-26,0.0,2.1,3.5
2011-04-27,0.0,2.3,3.6
2011-04-28,0.0,0.0,0.0
2011-04-29,0.0,4.8,5.6
2011-04-30,63.0,25.8,24.4
2011-05-01,37.0,53.4,35.9
2011-05-02,29.0,32.9,26.0
2011-05-03,56.0,2.2,4.0
2011-05-04,19.0,9.0,9.0
2011-05-05,6.0,32.2,25.3
2011-05-06,42.0,7.6,7.9
2011-05-07,0.0,1.7,3.6
2011-05-08,94.0,32.4,24.9
2011-05-09,2.0,1.0,0.0
2011-05-10,0.0,0.2,0.0
2011-05-11,0.0,2.3,3.0
2011-05-12,0.0,0.0,0.0
2011-05-13,22.0,2.8,3.3
2011-05-14,2.0,26.8,14.6
2011-05-15,23.0,33.3,24.4
2011-05-16,1.0,0.0,0.0
2011-05-17,0.0,0.0,0.0
2011-05-18,0.0,0.0,0.0
2011-05-19,0.0,0.1,0.0
2011-05-20,1.0,0.0,0.0
2011-05-21,0.0,0.0,0.0
2011-05-22,0.0,0.0,0.0
2011-05-23,0.0,0.1,0.0
2011-05-24,0.0,0.0,0.0
2011-05-25,0.0,0.0,0.0
2011-05-26,0.0,0.1,0.0
2011-05-27,0.0,0.0,0.0
2011-05-28,0.0,0.5,0.0
2011-05-29,0.0,0.1,0.0
2011-05-30,0.0,0.2,0.0
2011-05-31,0.0,2.9,5.9
2011-06-01,0.0,1.3,1.6
2011-06-02,63.0,2.2,2.4
2011-06-03,0.0,0.0,0.0
2011-06-04,0.0,0.0,0.0
2011-06-05,0.0,0.6,0.0
2011-06-06,0.0,0.2,0.0
2011-06-07,0.0,0.0,0.0
2011-06-08,0.0,0.0,0.0
2011-06-09,0.0,0.0,0.0
2011-06-10,0.0,0.0,0.0
2011-06-11,0.0,0.3,0.0
2011-06-12,0.0,0.6,0.0
2011-06-13,0.0,0.0,0.0
2011-06-14,0.0,0.0,0.0
2011-06-15,0.0,0.0,0.0
2011-06-16,0.0,0.0,0.0
2011-06-17,0.0,0.1,0.0
2011-06-18,0.0,0.0,0.0
2011-06-19,0.0,0.0,0.0
2011-06-20,0.0,0.0,0.0
2011-06-21,0.0,0.0,0.0
2011-06-22,0.0,0.0,0.0
2011-06-23,0.0,0.1,0.0
2011-06-24,0.0,0.2,0.0
2011-06-25,0.0,0.0,0.0
2011-06-26,0.0,0.0,0.0
2011-06-27,0.0,0.0,0.0
2011-06-28,0.0,3.8,6.3
2011-06-29,5.0,4.6,7.6
2011-06-30,0.0,0.0,0.0
2011-07-01,0.0,0.0,0.0
2011-07-02,0.0,0.0,0.0
2011-07-03,0.0,0.0,0.0
2011-07-04,0.0,0.0,0.0
2011-07-05,0.0,0.0,0.0
2011-07-06,0.0,0.0,0.0
2011-07-07,0.0,0.0,0.0
2011-07-08,0.0,0.1,0.0
2011-07-09,0.0,0.0,0.0
2011-07-10,0.0,0.0,0.0
2011-07-11,0.0,0.0,0.0
2011-07-12,0.0,0.0,0.0
2011-07-13,0.0,0.0,0.0
2011-07-14,0.0,0.0,0.0
2011-07-15,0.0,0.1,0.0
2011-07-16,0.0,0.0,0.0
2011-07-17,0.0,0.0,0.0
2011-07-18,0.0,0.0,0.0
2011-07-19,0.0,1.2,1.6
2011-07-20,0.0,2.0,3.1
2011-07-21,0.0,0.0,0.0
2011-07-22,0.5,0.0,0.0
2011-07-23,0.0,0.0,0.0
2011-07-24,0.0,0.0,0.0
2011-07-25,0.0,0.0,0.0
2011-07-26,0.0,0.0,0.0
2011-07-27,0.0,0.0,0.0
2011-07-28,0.0,0.0,0.0
2011-07-29,0.0,0.5,0.0
2011-07-30,0.0,0.0,0.0
2011-07-31,0.0,0.0,0.0
2011-08-01,0.0,0.8,0.0
2011-08-02,0.0,0.0,0.0
2011-08-03,0.0,0.2,0.0
2011-08-04,0.0,0.0,0.0
2011-08-05,0.0,0.0,0.0
2011-08-06,0.0,0.0,0.0
2011-08-07,0.0,1.3,1.0
2011-08-08,0.0,0.0,0.0
2011-08-09,0.0,0.1,0.0
2011-08-10,0.0,0.0,0.0
2011-08-11,0.0,0.0,0.0
2011-08-12,0.0,0.0,0.0
2011-08-13,0.0,0.0,0.0
2011-08-14,0.0,7.0,4.6
2011-08-15,0.0,0.0,0.0
2011-08-16,0.0,2.1,2.7
2011-08-17,0.0,0.0,0.0
2011-08-18,0.0,3.7,3.3
2011-08-19,0.0,0.0,0.0
2011-08-20,0.0,0.4,0.0
2011-08-21,0.0,0.0,0.0
2011-08-22,0.0,0.0,0.0
2011-08-23,0.0,0.1,0.0
2011-08-24,0.0,0.0,0.0
2011-08-25,0.0,0.0,0.0
2011-08-26,0.0,0.0,0.0
2011-08-27,0.0,0.0,0.0
2011-08-28,0.0,0.0,0.0
2011-08-29,0.0,0.0,0.0
2011-08-30,0.0,0.1,0.0
2011-08-31,0.0,0.1,0.0
2011-09-01,0.0,0.0,0.0
2011-09-02,0.0,0.0,0.0
2011-09-03,0.0,0.0,0.0
2011-09-04,0.0,0.0,0.0
2011-09-05,0.0,0.8,0.0
2011-09-06,0.0,0.0,0.0
2011-09-07,0.0,0.0,0.0
2011-09-08,0.0,0.0,0.0
2011-09-09,0.0,0.0,0.0
2011-09-10,0.0,0.5,0.0
2011-09-11,0.0,0.0,0.0
2011-09-12,0.0,0.0,0.0
2011-09-13,1.0,0.0,0.0
2011-09-14,0.0,0.0,0.0
2011-09-15,0.0,0.1,0.0
2011-09-16,0.0,0.0,0.0
2011-09-17,0.0,0.6,0.0
2011-09-18,0.0,0.0,0.0
2011-09-19,0.0,0.0,0.0
2011-09-20,0.0,0.0,0.0
2011-09-21,0.0,0.3,0.0
2011-09-22,0.0,0.0,0.0
2011-09-23,0.0,0.0,0.0
2011-09-24,0.0,0.0,0.0
2011-09-25,0.0,0.0,0.0
2011-09-26,0.0,0.0,0.0
2011-09-27,0.0,0.0,0.0
2011-09-28,0.0,0.1,0.0
2011-09-29,0.0,0.0,0.0
2011-09-30,0.0,0.0,0.0
2011-10-01,0.0,0.0,0.0
2011-10-02,0.0,0.0,0.0
2011-10-03,0.0,0.0,0.0
2011-10-04,0.0,0.0,0.0
2011-10-05,0.0,0.0,0.0
2011-10-06,0.0,0.0,0.0
2011-10-07,0.0,0.0,0.0
2011-10-08,0.0,0.1,0.0
2011-10-09,0.0,0.3,0.0
2011-10-10,0.0,0.9,0.0
2011-10-11,0.0,0.0,0.0
2011-10-12,0.0,0.1,0.0
2011-10-13,0.0,0.0,0.0
2011-10-14,0.0,0.0,0.0
2011-10-15,0.0,0.0,0.0
2011-10-16,0.0,0.0,0.0
2011-10-17,0.0,0.5,0.0
2011-10-18,0.0,0.0,0.0
2011-10-19,0.0,0.3,0.0
2011-10-20,0.0,0.2,0.0
2011-10-21,0.0,0.4,0.0
2011-10-22,0.0,0.0,0.0
2011-10-23,0.0,0.7,0.0
2011-10-24,0.0,1.3,0.0
2011-10-25,0.0,0.0,0.0
2011-10-26,0.0,0.1,0.0
2011-10-27,0.7,5.9,3.6
2011-10-28,0.0,0.0,0.0
2011-10-29,28.0,40.1,27.3
2011-10-30,4.0,0.6,0.0
2011-10-31,9.0,0.0,0.0
2011-11-01,14.0,14.9,12.2
2011-11-02,0.0,2.7,1.9
2011-11-03,9.0,7.7,5.8
2011-11-04,14.0,17.0,14.0
2011-11-05,16.5,20.7,18.8
2011-11-06,13.0,28.2,26.3
2011-11-07,2.0,10.1,7.8
2011-11-08,12.0,21.3,19.6
2011-11-09,1.0,12.0,9.3
2011-11-10,0.5,3.4,2.4
2011-11-11,0.0,0.6,0.0
2011-11-12,2.0,0.7,0.0
2011-11-13,30.0,1.8,0.0
2011-11-14,0.0,0.0,0.0
2011-11-15,20.0,1.8,0.0
2011-11-16,1.0,2.7,2.0
2011-11-17,0.0,1.8,0.0
2011-11-18,0.0,8.5,4.0
2011-11-19,16.0,33.6,12.8
2011-11-20,65.0,54.5,26.0
2011-11-21,14.0,12.7,6.6
2011-11-22,36.0,14.8,8.0
2011-11-23,15.0,4.6,1.8
2011-11-24,0.0,1.9,1.0
2011-11-25,0.0,0.0,0.0
2011-11-26,0.0,0.0,0.0
2011-11-27,2.0,2.8,1.0
2011-11-28,18.0,26.4,16.0
2011-11-29,13.0,10.2,5.1
2011-11-30,0.0,6.7,3.0
2011-12-01,0.0,0.0,0.0
2011-12-02,42.0,43.2,41.9
2011-12-03,28.0,13.0,8.7
2011-12-04,4.0,0.7,0.0
2011-12-05,6.0,10.9,6.9
2011-12-06,32.0,6.5,3.3
2011-12-07,0.0,5.0,2.2
2011-12-08,0.0,2.8,1.0
2011-12-09,0.0,1.5,0.0
2011-12-10,0.0,5.3,2.4
2011-12-11,1.0,1.0,0.0
2011-12-12,8.0,17.3,13.2
2011-12-13,4.0,10.3,7.1
2011-12-14,44.0,27.8,24.9
2011-12-15,62.0,36.4,33.3
2011-12-16,16.0,31.1,28.8
2011-12-17,69.0,22.8,19.2
2011-12-18,6.0,5.5,2.9
2011-12-19,57.0,37.7,35.3
2011-12-20,51.0,54.6,47.6
2011-12-21,0.0,2.6,2.0
2011-12-22,0.0,1.8,1.1
2011-12-23,16.0,1.3,1.0
2011-12-24,49.0,54.1,46.3
2011-12-25,3.4,18.1,15.1
2011-12-26,0.5,4.8,4.1
2011-12-27,1.5,1.4,1.0
2011-12-28,3.2,2.7,2.1
2011-12-29,1.0,3.6,3.0
2011-12-30,0.0,0.6,0.0
2011-12-31,50.0,301.9,56.2
2012-01-01,50.0,46.8,52.1
2012-01-02,105.0,1.0,0.0
2012-01-03,1.0,4.2,3.8
2012-01-04,0.0,16.1,15.5
2012-01-05,38.0,13.7,12.9
2012-01-06,40.0,7.4,6.7
2012-01-07,7.0,14.9,14.2
2012-01-08,20.0,8.0,7.3
2012-01-09,0.0,17.2,16.5
2012-01-10,7.0,12.6,11.9
2012-01-11,1.0,3.3,3.1
2012-01-12,0.0,9.7,10.2
2012-01-13,0.0,36.4,44.3
2012-01-14,74.0,35.6,43.5
2012-01-15,35.0,14.8,16.1
2012-01-16,4.0,19.8,23.2
2012-01-17,9.0,7.3,7.5
2012-01-18,30.0,6.3,6.5
2012-01-19,2.0,25.9,32.3
2012-01-20,26.0,1.7,1.4
2012-01-21,2.0,9.0,8.4
2012-01-22,7.0,9.5,8.9
2012-01-23,4.0,14.7,14.3
2012-01-24,6.0,8.4,7.8
2012-01-25,22.0,0.6,0.0
2012-01-26,0.0,0.2,0.0
2012-01-27,1.0,0.2,0.0
2012-01-28,4.0,2.6,2.0
2012-01-29,14.0,17.3,17.1
2012-01-30,8.0,3.6,2.9
2012-01-31,13.0,27.8,31.7
2012-02-01,5.0,13.3,12.5
2012-02-02,6.0,11.3,10.3
2012-02-03,0.5,8.0,6.7
2012-02-04,5.0,14.6,13.8
2012-02-05,43.0,16.3,15.6
2012-02-06,2.0,1.5,0.0
2012-02-07,0.0,0.1,0.0
2012-02-08,0.0,0.0,0.0
2012-02-09,0.0,2.0,0.0
2012-02-10,2.0,0.5,0.0
2012-02-11,15.0,16.5,13.2
2012-02-12,5.0,2.4,1.0
2012-02-13,1.0,0.0,0.0
2012-02-14,0.4,1.3,0.0
2012-02-15,1.0,0.2,0.0
2012-02-16,2.0,12.3,9.6
2012-02-17,12.0,2.8,1.1
2012-02-18,1.0,1.1,0.0
2012-02-19,1.0,42.9,38.0
2012-02-20,52.0,20.7,16.7
2012-02-21,13.0,2.1,1.0
2012-02-22,7.0,0.3,0.0
2012-02-23,0.0,5.4,4.5
2012-02-24,0.0,2.1,1.0
2012-02-25,0.0,5.2,4.3
2012-02-26,24.0,1.0,0.0
2012-02-27,18.0,6.6,6.1
2012-02-28,6.0,2.6,1.2
2012-02-29,4.0,1.1,0.0
2012-03-01,3.0,6.9,5.4
2012-03-02,0.0,20.8,17.2
2012-03-03,94.0,1.2,0.0
2012-03-04,0.0,38.8,34.0
2012-03-05,77.0,40.1,33.3
2012-03-06,15.0,55.1,42.0
2012-03-07,35.0,10.4,8.5
2012-03-08,4.0,1.8,0.0
2012-03-09,0.5,10.8,8.9
2012-03-10,12.5,18.1,15.0
2012-03-11,16.0,3.8,3.8
2012-03-12,16.0,3.8,3.8
2012-03-13,7.0,8.9,8.9
2012-03-14,8.0,10.0,10.0
2012-03-15,8.0,2.1,1.8
2012-03-16,0.0,0.1,0.0
2012-03-17,0.0,11.9,11.8
2012-03-18,28.0,2.2,2.0
2012-03-19,0.0,6.3,6.4
2012-03-20,1.0,5.5,5.5
2012-03-21,2.0,1.4,0.0
2012-03-22,0.0,2.1,0.0
2012-03-23,1.0,0.1,0.0
2012-03-24,0.0,0.4,0.0
2012-03-25,1.0,0.0,0.0
2012-03-26,19.0,1.2,0.0
2012-03-27,16.0,0.0,0.0
2012-03-28,0.0,0.0,0.0
2012-03-29,0.0,0.0,0.0
2012-03-30,0.0,0.5,0.0
2012-03-31,26.0,19.5,13.8
2012-04-01,15.0,9.5,8.5
2012-04-02,39.0,4.9,3.3
2012-04-03,7.0,7.2,5.9
2012-04-04,17.0,47.7,57.5
2012-04-05,116.0,4.2,2.5
2012-04-06,54.0,0.0,0.0
2012-04-07,0.0,7.6,6.4
2012-04-08,0.0,0.6,0.0
2012-04-09,20.0,0.1,0.0
2012-04-10,0.0,3.3,1.6
2012-04-11,0.0,0.6,0.0
2012-04-12,0.0,3.4,2.4
2012-04-13,16.0,0.0,0.0
2012-04-14,1.0,0.1,0.0
2012-04-15,0.0,3.5,2.5
2012-04-16,2.4,1.7,1.0
2012-04-17,0.0,11.0,9.7
2012-04-18,21.0,0.0,0.0
2012-04-19,0.0,0.8,0.0
2012-04-20,1.0,0.0,0.0
2012-04-21,0.0,0.0,0.0
2012-04-22,1.8,0.0,0.0
2012-04-23,0.0,0.3,0.0
2012-04-24,0.0,0.0,0.0
2012-04-25,0.0,0.0,0.0
2012-04-26,23.0,0.0,0.0
2012-04-27,0.0,0.0,0.0
2012-04-28,0.0,3.8,4.9
2012-04-29,1.0,14.3,13.0
2012-04-30,0.0,7.2,7.5
2012-05-01,15.0,0.7,0.0
2012-05-02,17.0,0.0,0.0
2012-05-03,0.0,16.1,13.2
2012-05-04,0.0,5.5,6.4
2012-05-05,12.0,14.4,12.4
2012-05-06,42.0,7.1,7.6
2012-05-07,3.0,13.1,11.7
2012-05-08,11.0,0.6,0.0
2012-05-09,2.0,0.0,0.0
2012-05-10,0.0,0.1,0.0
2012-05-11,0.0,0.1,0.0
2012-05-12,0.0,0.0,0.0
2012-05-13,1.0,1.5,2.5
2012-05-14,0.0,0.2,0.0
2012-05-15,0.5,0.6,0.0
2012-05-16,19.0,0.0,0.0
2012-05-17,4.0,1.7,2.6
2012-05-18,0.0,5.2,4.9
2012-05-19,10.0,0.0,0.0
2012-05-20,0.0,0.2,0.0
2012-05-21,0.0,0.0,0.0
2012-05-22,0.0,0.0,0.0
2012-05-23,0.0,0.0,0.0
2012-05-24,0.0,0.0,0.0
2012-05-25,0.0,0.0,0.0
2012-05-26,0.0,0.0,0.0
2012-05-27,0.0,0.0,0.0
2012-05-28,0.0,0.0,0.0
2012-05-29,0.0,0.0,0.0
2012-05-30,0.0,0.0,0.0
2012-05-31,0.0,0.0,0.0
2012-06-01,1.0,0.0,0.0
2012-06-02,0.0,0.0,0.0
2012-06-03,0.0,0.0,0.0
2012-06-04,0.0,0.0,0.0
2012-06-05,0.0,0.0,0.0
2012-06-06,0.0,10.2,9.1
2012-06-07,123.0,0.0,0.0
2012-06-08,7.0,0.9,0.0
2012-06-09,0.0,0.7,0.0
2012-06-10,0.0,6.8,7.4
2012-06-11,0.0,9.4,8.1
2012-06-12,40.0,0.0,0.0
2012-06-13,0.0,0.0,0.0
2012-06-14,0.0,0.0,0.0
2012-06-15,0.0,0.0,0.0
2012-06-16,0.0,0.0,0.0
2012-06-17,0.0,0.0,0.0
2012-06-18,0.0,0.0,0.0
2012-06-19,0.0,0.1,0.0
2012-06-20,0.0,0.9,0.0
2012-06-21,0.0,0.1,0.0
2012-06-22,2.0,0.0,0.0
2012-06-23,0.0,0.0,0.0
2012-06-24,0.0,0.0,0.0
2012-06-25,0.0,0.0,0.0
2012-06-26,0.0,0.0,0.0
2012-06-27,0.0,0.0,0.0
2012-06-28,0.0,0.0,0.0
2012-06-29,0.0,0.0,0.0
2012-06-30,0.0,0.0,0.0
2012-07-01,0.0,0.0,0.0
2012-07-02,0.0,0.0,0.0
2012-07-03,0.0,0.0,0.0
2012-07-04,0.0,0.0,0.0
2012-07-05,0.0,0.0,0.0
2012-07-06,0.0,1.2,0.0
2012-07-07,0.0,1.9,1.1
2012-07-08,0.0,0.0,0.0
2012-07-09,0.0,0.0,0.0
2012-07-10,0.0,0.0,0.0
2012-07-11,0.0,2.0,3.4
2012-07-12,0.0,0.0,0.0
2012-07-13,0.0,0.7,1.1
2012-07-14,0.0,0.0,0.0
2012-07-15,0.0,0.0,0.0
2012-07-16,0.0,0.0,0.0
2012-07-17,0.0,0.0,0.0
2012-07-18,0.0,2.9,4.5
2012-07-19,0.0,1.4,2.5
2012-07-20,0.0,0.3,0.0
2012-07-21,0.0,0.0,0.0
2012-07-22,0.0,0.0,0.0
2012-07-23,0.0,0.0,0.0
2012-07-24,0.0,0.0,0.0
2012-07-25,0.0,0.2,0.0
2012-07-26,0.0,0.0,0.0
2012-07-27,0.0,0.0,0.0
2012-07-28,0.0,0.0,0.0
2012-07-29,0.0,0.0,0.0
2012-07-30,0.0,0.0,0.0
2012-07-31,0.0,0.0,0.0
2012-08-01,0.0,0.0,0.0
2012-08-02,0.0,1.2,1.0
2012-08-03,0.0,0.0,0.0
2012-08-04,0.0,0.0,0.0
2012-08-05,0.0,0.0,0.0
2012-08-06,0.0,0.5,0.0
2012-08-07,0.0,0.0,0.0
2012-08-08,0.0,0.0,0.0
2012-08-09,0.0,0.2,0.0
2012-08-10,0.0,0.1,0.0
2012-08-11,0.0,0.0,0.0
2012-08-12,0.0,0.0,0.0
2012-08-13,0.0,0.0,0.0
2012-08-14,0.0,0.0,0.0
2012-08-15,0.0,0.0,0.0
2012-08-16,0.0,0.0,0.0
2012-08-17,0.0,0.0,0.0
2012-08-18,0.0,0.1,0.0
2012-08-19,0.0,0.0,0.0
2012-08-20,0.0,0.0,0.0
2012-08-21,0.0,0.5,0.0
2012-08-22,0.0,0.0,0.0
2012-08-23,0.0,0.0,0.0
2012-08-24,0.0,0.0,0.0
2012-08-25,0.0,0.0,0.0
2012-08-26,0.0,0.0,0.0
2012-08-27,0.0,0.0,0.0
2012-08-28,0.0,0.0,0.0
2012-08-29,0.0,0.0,0.0
2012-08-30,0.0,0.0,0.0
2012-08-31,0.0,0.4,0.0
2012-09-01,0.0,0.0,0.0
2012-09-02,0.0,0.0,0.0
2012-09-03,0.0,0.0,0.0
2012-09-04,0.0,0.0,0.0
2012-09-05,0.0,0.0,0.0
2012-09-06,0.0,0.0,0.0
2012-09-07,0.0,0.0,0.0
2012-09-08,0.0,0.0,0.0
2012-09-09,0.0,0.0,0.0
2012-09-10,0.0,0.0,0.0
2012-09-11,0.0,0.0,0.0
2012-09-12,0.0,0.0,0.0
2012-09-13,0.0,0.3,0.0
2012-09-14,0.0,0.0,0.0
2012-09-15,0.0,0.0,0.0
2012-09-16,0.0,0.0,0.0
2012-09-17,0.0,0.0,0.0
2012-09-18,0.0,0.0,0.0
2012-09-19,0.0,0.0,0.0
2012-09-20,0.0,0.0,0.0
2012-09-21,0.0,0.0,0.0
2012-09-22,0.0,0.0,0.0
2012-09-23,0.0,0.0,0.0
2012-09-24,0.0,0.0,0.0
2012-09-25,0.0,0.1,0.0
2012-09-26,0.0,0.0,0.0
2012-09-27,0.0,0.1,0.0
2012-09-28,0.0,0.0,0.0
2012-09-29,0.0,0.6,0.0
2012-09-30,0.0,0.0,0.0
2012-10-01,0.0,0.0,0.0
2012-10-02,0.0,0.0,0.0
2012-10-03,0.0,0.0,0.0
2012-10-04,0.0,0.0,0.0
2012-10-05,0.0,0.0,0.0
2012-10-06,0.0,0.0,0.0
2012-10-07,0.0,0.0,0.0
2012-10-08,0.0,0.0,0.0
2012-10-09,0.0,0.0,0.0
2012-10-10,0.0,0.0,0.0
2012-10-11,0.0,0.0,0.0
2012-10-12,0.0,0.0,0.0
2012-10-13,0.0,0.0,0.0
2012-10-14,0.0,0.0,0.0
2012-10-15,0.0,2.3,2.5
2012-10-16,0.0,0.0,0.0
2012-10-17,36.0,20.6,18.0
2012-10-18,0.0,0.0,0.0
2012-10-19,0.0,0.2,0.0
2012-10-20,0.0,0.9,0.0
2012-10-21,0.0,0.0,0.0
2012-10-22,0.0,0.0,0.0
2012-10-23,0.0,0.0,0.0
2012-10-24,0.0,0.0,0.0
2012-10-25,0.0,0.0,0.0
2012-10-26,0.0,3.3,2.1
2012-10-27,0.0,0.0,0.0
2012-10-28,0.0,0.1,0.0
2012-10-29,0.0,6.9,4.2
2012-10-30,0.0,0.4,0.0
2012-10-31,0.0,0.0,0.0
2012-11-01,0.0,6.0,4.5
2012-11-02,0.0,0.0,0.0
2012-11-03,0.0,7.2,5.4
2012-11-04,0.0,28.5,26.2
2012-11-05,0.0,4.3,3.1
2012-11-06,0.0,0.0,0.0
2012-11-07,0.0,0.0,0.0
2012-11-08,0.0,0.2,0.0
2012-11-09,0.0,0.0,0.0
2012-11-10,0.0,0.4,0.0
2012-11-11,0.0,0.9,0.0
2012-11-12,0.0,0.0,0.0
2012-11-13,0.0,0.0,0.0
2012-11-14,0.0,0.9,0.0
2012-11-15,0.0,0.5,0.0
2012-11-16,0.0,27.9,12.9
2012-11-17,19.0,33.7,13.0
2012-11-18,77.0,34.9,14.0
2012-11-19,16.0,5.3,2.8
2012-11-20,4.0,4.6,2.6
2012-11-21,0.0,6.1,2.7
2012-11-22,0.0,15.9,8.7
2012-11-23,3.0,22.4,13.4
2012-11-24,40.0,54.6,35.7
2012-11-25,4.0,0.9,0.0
2012-11-26,13.0,1.3,0.0
2012-11-27,0.0,11.7,6.0
2012-11-28,0.0,14.5,7.8
2012-11-29,37.0,7.2,3.3
2012-11-30,4.0,5.2,2.2
2012-12-01,0.0,0.9,0.0
2012-12-02,0.0,37.0,33.4
2012-12-03,25.0,16.6,11.9
2012-12-04,71.0,55.3,56.9
2012-12-05,31.0,26.7,17.8
2012-12-06,41.0,12.6,8.3
2012-12-07,19.0,9.9,6.1
2012-12-08,1.0,27.5,19.6
2012-12-09,0.0,1.6,0.0
2012-12-10,0.0,15.7,11.0
2012-12-11,1.0,13.9,10.2
2012-12-12,42.0,27.6,24.5
2012-12-13,68.0,2.8,1.0
2012-12-14,0.0,11.4,8.1
2012-12-15,1.0,25.8,20.2
2012-12-16,26.0,36.0,33.1
2012-12-17,31.0,10.9,7.6
2012-12-18,5.0,78.3,58.0
2012-12-19,39.0,1.9,0.0
2012-12-20,0.0,7.3,4.5
2012-12-21,1.0,18.7,16.4
2012-12-22,12.0,2.7,2.1
2012-12-23,11.0,0.9,0.0
2012-12-24,12.0,9.9,8.4
2012-12-25,0.0,5.8,4.9
2012-12-26,25.0,15.2,12.6
2012-12-27,37.0,29.8,29.8
2012-12-28,20.0,12.4,10.4
2012-12-29,34.0,4.4,3.7
2012-12-30,34.0,15.8,13.1
2012-12-31,7.0,30.5,30.6
2013-06-21,4.0,12.1,19.6
2013-06-25,0.0,0.0,0.0
2013-06-27,0.0,4.7,9.2
2013-06-28,10.0,0.0,0.0
2013-06-29,2.0,0.0,0.0
2013-06-30,10.0,1.1,1.8
2013-07-03,1.0,10.4,22.0
2013-07-04,7.5,10.8,22.5
2013-07-05,7.5,0.0,0.0
2013-07-06,0.0,0.0,0.0
2013-07-11,11.0,21.2,31.0
2013-07-12,9.0,5.2,8.1
2013-07-13,6.5,2.2,3.5
2013-07-14,1.0,8.6,19.5
2013-07-15,6.0,2.9,4.6
2013-07-26,1.5,0.0,0.0
2013-10-20,1.0,0.0,0.0
2013-11-04,22.0,0.5,0.0
2013-11-12,77.0,61.9,31.5
2013-11-13,9.0,21.2,9.5
2013-11-14,8.0,16.5,7.4
2013-11-16,11.0,3.5,2.2
2013-11-17,51.0,29.0,13.2
2013-11-20,0.9,8.4,4.0
2013-11-21,2.5,0.6,0.0
2013-11-24,5.0,0.0,0.0
2013-11-26,38.0,30.4,17.6
2013-11-27,29.0,12.8,6.7
2013-11-28,14.0,9.1,4.5
2013-11-30,10.0,0.0,0.0
2013-12-03,4.0,0.9,0.0
2013-12-05,1.4,13.6,9.2
2013-12-07,1.0,9.5,5.8
2013-12-08,128.0,9.8,6.0
2013-12-10,14.0,14.9,10.3
2013-12-11,24.5,30.4,27.0
2013-12-13,15.0,6.8,4.1
2013-12-14,5.0,35.4,32.9
2013-12-17,7.0,17.2,13.1
2013-12-18,72.0,10.8,7.5
2013-12-20,16.0,13.1,9.5
2013-12-21,6.0,9.1,7.7
2013-12-22,8.0,28.1,28.7
2013-12-24,1.0,6.7,5.7
2013-12-25,0.4,14.7,12.3
2013-12-26,4.0,0.0,0.0
2013-12-31,5.0,26.9,26.2
2014-01-01,21.0,17.0,16.3
2014-01-02,2.0,0.1,0.0
2014-01-03,0.2,6.7,6.1
2014-01-04,33.4,35.8,44.0
2014-01-05,21.5,21.0,21.1
2014-01-06,73.2,9.4,8.7
2014-01-07,58.7,4.4,3.9
2014-01-08,8.0,4.4,3.9
2014-01-09,1.9,0.0,0.0
2014-01-10,1.0,8.3,7.6
2014-01-11,1.0,8.8,9.2
2014-01-12,2.0,3.9,3.8
2014-01-13,4.4,15.2,16.6
2014-01-14,15.0,1.6,1.3
2014-01-15,0.5,14.9,16.3
2014-01-16,2.5,2.9,2.7
2014-01-18,3.0,7.3,7.5
2014-01-19,4.4,3.5,3.3
2014-01-20,7.6,0.4,0.0
2014-01-21,27.1,2.3,1.7
2014-01-22,14.6,4.9,4.2
2014-01-23,53.6,0.8,0.0
2014-01-24,18.7,1.0,0.0
2014-01-25,32.0,1.3,1.0
2014-01-26,41.7,3.1,2.4
2014-01-28,0.0,4.6,3.9
2014-01-29,1.4,2.0,1.4
2014-01-30,32.0,4.5,3.8
2014-01-31,56.1,9.9,9.3
2014-02-02,25.0,2.8,1.0
2014-02-03,27.3,14.0,13.2
2014-02-05,11.7,1.4,0.0
2014-02-07,8.2,8.0,6.8
2014-02-08,10.8,7.5,6.2
2014-02-09,23.5,5.6,4.1
2014-02-10,19.5,2.2,0.0
2014-02-12,12.0,1.0,0.0
2014-02-16,2.2,7.2,5.2
2014-02-18,9.0,26.2,23.1
2014-02-19,1.0,3.3,1.6
2014-02-21,1.0,15.4,17.1
2014-02-22,5.4,7.0,6.5
2014-02-23,68.5,3.7,2.6
2014-02-24,14.5,9.5,9.7
2014-02-25,1.0,2.4,1.0
2014-02-27,2.0,4.3,3.3
2014-02-28,34.0,1.4,0.0
2014-03-01,31.0,6.8,5.3
2014-03-02,33.0,12.4,10.2
2014-03-03,55.0,0.1,0.0
2014-03-05,33.0,2.8,1.3
2014-03-06,39.4,0.2,0.0
2014-03-08,63.0,3.7,2.3
2014-03-09,9.7,12.3,10.2
2014-03-10,3.0,3.2,1.8
2014-03-11,2.4,15.0,14.7
2014-03-12,57.0,8.2,8.2
2014-03-13,1.0,51.3,46.7
2014-03-14,18.0,0.0,0.0
2014-03-16,35.5,4.3,4.3
2014-03-17,0.2,18.9,20.7
2014-03-18,24.0,1.9,1.7
2014-03-19,33.5,0.6,0.0
2014-03-21,0.3,17.4,12.1
2014-03-22,2.0,18.0,12.6
2014-03-23,8.0,3.3,1.0
2014-03-24,0.4,0.3,0.0
2014-03-25,58.6,0.0,0.0
2014-03-27,0.2,8.9,5.2
2014-03-28,147.5,17.4,12.1
2014-03-29,16.0,3.8,1.3
2014-03-30,4.2,0.5,0.0
2014-04-02,34.0,1.4,0.0
2014-04-04,1.0,2.3,1.0
2014-04-05,1.5,5.7,4.2
2014-04-06,5.0,2.1,1.0
2014-04-07,1.2,0.5,0.0
2014-04-09,6.0,1.9,0.0
2014-04-10,22.0,7.2,6.0
2014-04-12,1.4,11.6,10.2
2014-04-13,93.5,8.4,7.1
2014-04-15,55.0,2.7,1.8
2014-04-17,15.0,3.2,2.3
2014-04-22,5.5,1.1,2.7
2014-04-23,38.0,61.5,42.2
2014-04-24,27.0,3.0,4.2
2014-04-25,3.0,39.9,34.0
2014-04-27,42.0,32.6,29.2
2014-04-28,82.0,0.0,0.0
2014-05-04,0.4,0.0,0.0
2014-05-06,2.0,0.0,0.0
2014-05-15,21.0,11.8,8.7
2014-05-16,21.0,4.2,4.2
2014-05-17,13.0,1.8,2.7
2014-05-21,5.0,0.7,0.0
2014-06-13,5.0,5.8,5.8
2014-06-18,27.5,0.0,0.0
2014-06-19,0.1,0.3,0.0
2014-06-25,10.5,1.4,2.4
2014-06-26,12.0,2.3,3.9
2014-07-14,21.7,0.0,0.0
2014-08-12,8.5,0.0,0.0
2014-11-08,1.6,2.1,1.4
2014-11-10,0.7,11.6,9.0
2014-11-11,11.4,12.1,5.5
2014-11-12,5.0,0.0,0.0
2014-11-14,1.5,15.3,6.9
2014-11-15,6.0,10.4,4.8
2014-11-16,18.0,5.1,2.7
2014-11-17,1.0,12.1,5.5
2014-12-05,14.0,17.4,12.5
2014-12-06,41.0,27.9,19.6
2014-12-09,0.3,0.8,0.0
2014-12-11,4.5,29.6,25.7
2014-12-12,20.0,1.1,0.0
2014-12-13,0.6,9.2,6.2
2014-12-14,1.0,2.0,0.0
2014-12-15,5.0,12.8,9.3
2014-12-17,3.0,20.4,15.9
2014-12-18,20.7,23.9,19.0
2014-12-19,46.5,20.1,15.7
2014-12-20,36.0,17.3,13.3
2014-12-22,4.0,8.5,7.3
2014-12-24,17.0,0.7,0.0
2014-12-25,18.8,1.0,0.0
2014-12-26,7.0,0.9,0.0
2014-12-27,36.0,13.9,11.6
2014-12-28,4.0,6.3,5.4
2015-01-01,0.4,4.9,4.4
2015-01-02,0.3,1.0,0.0
2015-01-03,2.6,0.9,0.0
2015-01-05,2.0,0.8,0.0
2015-01-12,1.5,22.2,26.0
2015-01-13,49.0,16.3,17.9
2015-01-14,31.0,1.0,1.0
2015-01-15,0.3,0.0,0.0
2015-01-17,1.0,2.9,2.7
2015-01-18,5.6,3.3,3.2
2015-01-19,13.5,27.2,33.3
2015-01-20,16.8,2.9,2.7
2015-01-22,5.0,11.2,10.7
2015-01-23,2.0,16.5,16.3
2015-01-24,2.0,4.1,3.4
2015-01-25,24.0,21.1,21.1
2015-01-26,4.5,0.4,0.0
2015-01-28,36.3,0.4,0.0
2015-01-29,15.6,17.2,17.0
2015-01-30,11.0,22.2,24.5
2015-01-31,7.0,31.5,36.8
2015-02-01,7.0,33.2,38.0
2015-02-02,47.5,2.5,1.0
2015-02-03,3.0,10.7,9.7
2015-02-04,40.0,22.6,27.6
2015-02-05,53.0,12.3,11.4
2015-02-06,7.0,6.3,4.9
2015-02-07,22.8,7.8,6.6
2015-02-08,38.0,17.1,16.4
2015-02-09,2.0,10.9,10.0
2015-02-10,19.0,6.5,5.1
2015-02-11,1.0,23.0,19.1
2015-02-12,2.7,17.9,14.4
2015-02-13,30.0,8.1,6.0
2015-02-14,4.0,24.1,21.4
2015-02-15,28.0,0.2,0.0
2015-02-16,60.0,0.0,0.0
2015-02-18,23.0,1.7,0.0
2015-02-19,0.6,5.3,3.5
2015-02-20,70.0,3.4,1.7
2015-02-21,16.5,1.5,0.0
2015-02-23,2.0,22.6,28.8
2015-02-24,1.2,13.8,15.0
2015-02-25,0.6,7.5,7.1
2015-02-26,2.0,14.0,15.4
2015-02-27,3.0,5.0,4.1
2015-02-28,3.6,16.5,18.6
2015-03-01,11.5,29.1,25.0
2015-03-02,9.5,14.9,12.3
2015-03-03,60.0,27.0,23.1
2015-03-04,108.0,1.0,0.0
2015-03-06,8.0,13.0,10.7
2015-03-07,10.0,10.9,9.0
2015-03-09,2.0,0.8,0.0
2015-03-10,1.0,4.6,3.2
2015-03-11,1.0,10.5,10.5
2015-03-12,2.5,12.0,11.9
2015-03-13,4.0,2.1,1.9
2015-03-15,33.0,1.1,1.0
2015-03-16,48.0,1.4,1.1
2015-03-17,10.0,7.4,7.5
2015-03-18,14.0,14.9,14.6
2015-03-19,75.2,0.4,0.0
2015-03-21,44.0,11.9,7.6
2015-03-22,45.0,23.5,17.1
2015-03-23,113.0,42.7,38.1
2015-03-24,66.0,11.1,6.9
2015-03-25,75.0,0.5,0.0
2015-03-26,12.6,6.8,3.6
2015-03-27,20.0,10.3,6.3
2015-03-28,9.9,31.6,24.9
2015-03-29,14.1,0.2,0.0
2015-04-02,2.0,15.8,16.0
2015-04-03,4.2,19.5,21.2
2015-04-07,16.0,23.0,29.0
2015-04-08,130.0,0.0,0.0
2015-04-10,2.5,0.2,0.0
2015-04-13,43.5,8.0,6.7
2015-04-15,8.0,2.6,1.8
2015-04-16,6.0,28.4,30.4
2015-04-17,15.0,1.6,1.0
2015-04-18,1.0,17.5,16.5
2015-04-19,22.0,19.3,18.6
2015-04-20,21.0,26.4,28.3
2015-04-21,4.4,10.4,9.8
2015-04-24,20.6,39.8,34.1
2015-04-25,45.0,3.6,4.6
2015-04-26,0.2,5.1,5.9
2015-04-28,12.0,1.0,0.0
2015-04-29,12.0,0.5,0.0
2015-04-30,3.0,12.2,11.6
2015-05-01,10.0,21.6,17.0
2015-05-02,1.7,51.0,35.1
2015-05-03,41.0,2.9,4.6
2015-05-04,77.0,7.5,7.7
2015-05-14,7.0,0.0,0.0
2015-05-15,2.0,0.0,0.0
2015-06-07,0.4,3.0,3.2
2015-06-09,0.4,2.1,2.3
2015-08-05,2.0,0.0,0.0
2015-08-06,2.0,0.0,0.0
2015-11-09,0.0,2.0,1.3
2015-11-11,34.0,2.3,1.9
2015-11-12,1.0,0.5,0.0
2015-11-30,0.2,4.5,1.8
2015-12-02,2.0,8.7,5.1
2015-12-04,11.0,0.0,0.0
2015-12-05,2.0,2.0,1.0
2015-12-07,60.0,4.1,1.6
2015-12-08,8.0,31.3,25.4
2015-12-09,23.0,1.5,0.0
2015-12-11,4.0,25.1,19.9
2015-12-12,41.0,17.7,13.6
2015-12-13,21.0,2.9,1.0
2015-12-15,68.0,34.0,31.1
2015-12-16,38.0,69.6,56.6
2015-12-17,10.0,19.5,15.2
2015-12-18,33.0,5.6,3.0
2015-12-19,1.0,10.8,7.5
2015-12-21,4.0,0.6,0.0
2015-12-25,2.0,4.5,3.8
2015-12-26,1.0,0.8,0.0
2015-12-27,3.0,0.6,0.0
2015-12-28,1.6,0.0,0.0
2015-12-29,16.0,6.2,5.3
2015-12-31,57.5,4.7,3.9
2016-01-01,1.4,2.9,2.6
2016-01-02,16.0,20.3,20.1
2016-01-03,135.0,0.0,0.0
2016-01-04,15.0,5.0,4.5
2016-01-06,1.6,1.1,1.1
2016-01-09,1.0,0.0,0.0
2016-01-10,0.2,31.2,36.5
2016-01-11,18.0,9.2,9.7
2016-01-12,6.0,0.3,0.0
2016-01-15,1.0,1.6,1.3
2016-01-19,8.0,12.3,13.2
2016-01-20,9.0,4.4,4.4
2016-01-21,0.5,76.1,57.0
2016-01-22,20.0,18.1,17.9
2016-01-23,56.0,7.4,6.7
2016-01-24,31.0,2.6,2.0
2016-01-25,0.0,18.7,18.6
2016-01-26,57.0,1.8,1.2
2016-01-27,16.0,9.5,8.9
2016-01-28,8.0,0.1,0.0
2016-01-29,34.0,0.1,0.0
2016-01-31,16.0,9.0,8.4
2016-02-01,38.0,10.6,9.6
2016-02-02,7.5,38.6,41.9
2016-02-03,24.5,18.3,17.8
2016-02-04,3.0,21.3,26.5
2016-02-05,5.5,55.2,57.5
2016-02-06,86.0,12.7,11.8
2016-02-07,7.0,19.7,25.5
2016-02-08,31.0,4.1,2.3
2016-02-09,31.0,41.4,45.3
2016-02-10,35.0,51.9,54.8
2016-02-11,53.5,96.3,77.4
2016-02-12,28.0,23.4,21.5
2016-02-13,2.0,9.6,7.3
2016-02-14,1.0,0.9,0.0
2016-02-16,49.0,16.4,13.2
2016-02-17,4.0,3.7,2.0
2016-02-18,3.0,1.0,0.0
2016-02-19,28.0,6.8,4.9
2016-02-20,4.0,20.4,16.5
2016-02-21,8.5,5.8,5.0
2016-02-22,46.0,7.0,6.5
2016-02-23,69.9,13.0,14.1
2016-02-24,21.0,19.1,21.9
2016-02-25,63.5,13.0,14.1
2016-02-26,6.5,91.2,90.8
2016-02-27,11.5,11.4,12.0
2016-02-28,16.0,45.1,55.5
2016-02-29,54.5,19.5,22.8
2016-03-01,11.0,1.5,0.0
2016-03-03,27.0,2.0,0.0
2016-03-04,17.0,0.2,0.0
2016-03-06,33.0,46.2,35.1
2016-03-07,15.0,14.6,12.0
2016-03-08,9.5,9.8,8.0
2016-03-09,21.0,14.3,11.8
2016-03-10,3.0,34.5,28.1
2016-03-11,8.0,33.1,35.3
2016-03-12,45.5,8.3,8.4
2016-03-13,43.5,18.3,17.3
2016-03-15,2.0,7.6,7.6
2016-03-16,17.0,0.5,0.0
2016-03-19,12.0,0.7,0.0
2016-03-20,24.0,20.0,22.0
2016-03-23,2.0,41.4,37.2
2016-03-24,140.0,16.4,11.2
2016-03-25,2.0,30.0,23.1
2016-03-26,25.0,11.9,7.6
2016-03-27,33.0,4.8,2.1
2016-03-28,0.2,29.5,23.0
2016-03-29,6.5,10.1,6.1
2016-03-30,41.0,23.1,17.0
2016-03-31,46.5,4.1,1.5
2016-04-01,1.4,0.1,0.0
2016-04-03,18.0,6.8,5.5
2016-04-04,3.0,0.0,0.0
2016-04-05,5.0,19.6,21.0
2016-04-06,1.0,17.4,17.3
2016-04-07,2.0,8.7,7.5
2016-04-08,8.0,29.3,39.9
2016-04-09,12.0,27.8,37.5
2016-04-10,8.2,5.5,4.0
2016-04-11,7.0,24.4,25.3
2016-04-12,23.0,4.6,3.5
2016-04-13,1.0,26.4,28.2
2016-04-14,42.0,18.8,18.7
2016-04-15,32.0,0.1,0.0
2016-04-18,4.0,0.5,0.0
2016-04-19,2.0,0.0,0.0
2016-04-20,162.0,0.0,0.0
2016-04-21,17.0,2.0,3.4
2016-04-24,33.0,0.9,0.0
2016-04-25,3.8,0.1,0.0
2016-04-26,1.0,3.2,4.3
2016-04-27,25.0,0.0,0.0
2016-04-29,3.0,0.0,0.0
2016-05-02,3.0,0.1,0.0
2016-05-04,9.0,0.0,0.0
2016-05-07,0.6,19.3,15.3
2016-05-08,1.0,1.4,3.4
2016-05-09,18.0,0.1,0.0
2016-05-12,0.5,10.5,8.3
2016-05-13,29.0,5.6,5.1
2016-05-14,1.0,7.5,6.2
2016-05-15,1.0,0.3,0.0
2016-05-17,20.0,0.0,0.0
2016-05-22,12.0,0.0,0.0
2016-05-24,0.5,2.2,4.8
2016-05-28,67.0,0.3,0.0
2016-05-30,5.5,38.8,34.4
2016-05-31,44.5,12.7,13.0
2016-06-01,73.0,7.0,6.7
2016-06-02,28.0,0.0,0.0
2016-06-05,0.2,0.4,0.0
2016-06-07,1.0,16.6,19.9
2016-06-08,21.0,0.1,0.0
2016-06-16,1.7,0.0,0.0
2016-06-19,39.0,15.9,14.1
2016-06-20,4.0,0.0,0.0
2016-06-23,2.0,2.1,3.7
2016-06-24,0.5,0.0,0.0
2016-06-28,9.5,38.2,37.0
2016-06-30,27.0,2.6,4.3
2016-07-01,6.0,7.4,11.2
2016-07-02,15.0,2.9,2.5
2016-07-04,28.0,0.0,0.0
2016-07-11,1.0,1.5,2.1
2016-07-12,4.0,1.4,2.0
2016-07-14,5.0,1.5,2.8
2016-07-18,0.5,0.0,0.0
2016-07-20,2.0,27.7,33.1
2016-07-21,13.0,2.5,6.3
2016-08-05,2.0,0.2,0.0
2016-08-07,18.5,9.0,18.2
2016-08-09,22.0,0.8,0.0
2016-08-13,22.0,6.9,4.9
2016-08-14,28.0,0.0,0.0
2016-08-16,1.0,0.0,0.0
2016-08-27,8.0,0.1,0.0
2016-09-05,137.0,0.0,0.0
2016-09-08,1.0,6.3,4.4
2016-09-14,1.0,0.0,0.0
2016-09-17,1.0,1.5,0.0
2016-09-23,17.0,21.2,12.8
2016-09-24,13.4,32.2,12.4
2016-09-25,35.0,4.5,5.1
2016-09-27,2.5,99.5,53.9
2016-09-28,119.0,2.1,3.6
2016-09-30,1.0,22.3,10.3
2016-10-01,4.5,38.1,25.2
2016-10-02,4.5,46.0,27.7
2016-10-03,15.0,2.0,4.8
2016-10-04,1.0,11.5,8.8
2016-10-05,4.0,0.1,0.0
2016-10-08,6.5,36.4,24.5
2016-10-09,19.5,116.6,30.0
2016-10-10,45.0,3.7,5.7
2016-10-11,2.0,1.8,2.1
2016-10-13,11.0,2.1,2.3
2016-10-14,16.0,2.5,2.7
2016-10-15,3.0,0.8,0.0
2016-10-22,1.0,2.3,1.4
2016-10-24,22.2,7.2,4.7
2016-10-26,4.0,30.5,20.2
2016-10-28,29.5,4.6,2.9
2016-10-29,4.5,4.0,2.5
2016-10-30,20.0,5.6,3.5
2016-11-02,54.0,21.1,18.6
2016-11-03,1.0,10.9,8.5
2016-11-08,2.2,20.3,18.0
2016-11-09,10.0,26.9,24.6
2016-11-10,58.0,11.6,9.0
2016-11-11,1.0,1.4,0.0
2016-11-12,9.8,3.7,2.3
2016-11-14,7.5,15.6,7.0
2016-11-15,8.5,21.5,9.6
2016-11-16,8.0,51.3,23.1
2016-11-17,11.0,22.5,10.1
2016-11-19,20.5,4.4,2.5
2016-11-20,3.0,13.4,6.1
2016-11-21,5.0,2.9,1.0
2016-11-22,27.0,16.8,9.2
2016-11-23,2.0,14.9,8.0
2016-11-24,19.0,36.9,23.5
2016-11-25,45.0,61.2,40.5
2016-11-26,55.0,23.5,13.1
2016-11-28,2.0,17.5,9.7
2016-11-29,23.0,26.3,15.3
2016-11-30,4.0,66.2,43.1
2016-12-01,22.0,46.5,45.8
2016-12-02,8.3,12.1,7.9
2016-12-04,20.5,10.9,6.9
2016-12-06,23.0,5.9,3.0
2016-12-08,0.4,52.0,52.3
2016-12-09,6.0,4.8,2.1
2016-12-11,2.0,2.0,0.0
2016-12-14,12.0,2.7,1.0
2016-12-17,1.0,1.3,0.0
2016-12-19,10.5,22.7,18.0
2016-12-20,43.0,3.0,1.0
2016-12-27,14.0,1.4,1.0
2016-12-30,5.0,25.9,25.5
2016-12-31,1.0,0.6,0.0
2017-01-01,1.2,1.8,1.6
2017-01-05,3.0,32.0,37.8
2017-01-07,9.2,15.5,14.8
2017-01-08,2.0,0.2,0.0
2017-01-09,38.0,2.7,2.4
2017-01-10,12.0,10.1,9.4
2017-01-11,11.7,17.0,18.3
2017-01-13,13.0,18.3,21.7
2017-01-14,6.0,11.9,12.7
2017-01-15,12.0,11.5,12.3
2017-01-16,3.0,14.8,16.1
2017-01-17,52.2,28.2,33.7
2017-01-18,121.0,0.6,0.0
2017-01-20,2.0,1.5,1.2
2017-01-21,12.0,10.4,9.8
2017-01-22,5.8,25.9,29.5
2017-01-23,110.3,3.9,3.2
2017-01-24,3.0,17.7,17.5
2017-01-25,38.0,19.0,18.9
2017-01-26,18.5,1.3,1.0
2017-01-28,15.0,9.3,8.7
2017-01-29,4.0,33.1,37.8
2017-01-30,11.6,18.8,18.7
2017-01-31,44.0,7.3,6.6
2017-02-02,25.5,10.8,9.8
2017-02-03,3.0,11.8,10.9
2017-02-04,6.0,8.1,6.8
2017-02-08,26.0,10.2,9.2
2017-02-09,13.0,11.8,10.8
2017-02-10,31.0,2.2,0.0
2017-02-11,13.0,1.7,0.0
2017-02-12,2.0,43.8,38.3
2017-02-13,56.0,1.1,0.0
2017-02-15,35.0,8.9,6.7
2017-02-16,3.0,4.3,2.6
2017-02-20,60.0,40.1,34.6
2017-02-21,10.0,6.5,5.9
2017-02-22,52.0,24.0,30.5
2017-02-23,16.0,0.9,0.0
2017-02-25,54.0,12.8,13.8
2017-02-26,54.0,3.6,2.5
2017-02-28,29.0,14.0,15.3
2017-03-01,14.0,34.2,28.5
2017-03-02,52.0,5.2,3.8
2017-03-03,2.0,3.4,2.0
2017-03-06,7.5,5.5,4.1
2017-03-07,34.0,1.8,0.0
2017-03-09,16.0,4.4,3.0
2017-03-11,3.5,3.7,3.7
2017-03-12,1.0,11.7,11.6
2017-03-13,34.0,12.2,12.1
2017-03-14,4.0,2.0,1.8
2017-03-15,0.7,24.0,27.3
2017-03-16,1.0,5.2,5.2
2017-03-18,5.2,7.6,7.7
2017-03-19,62.0,6.7,6.8
2017-03-25,2.0,33.3,27.6
2017-03-26,15.0,21.6,16.3
2017-03-28,7.0,1.0,0.0
2017-03-29,17.0,0.5,0.0
2017-03-31,26.0,26.5,20.2
2017-04-01,12.0,14.2,13.8
2017-04-02,45.0,14.5,14.2
2017-04-03,4.0,34.9,48.2
2017-04-04,41.0,7.8,6.6
2017-04-05,6.0,3.7,2.0
2017-04-06,24.5,14.0,13.6
2017-04-07,6.0,11.9,11.2
2017-04-08,6.0,11.0,10.2
2017-04-09,44.0,3.2,1.4
2017-04-10,1.0,8.7,7.5
2017-04-11,0.0,0.0,0.0
2017-04-13,4.0,3.0,2.1
2017-04-19,10.0,19.8,19.3
2017-04-20,8.0,0.0,0.0
2017-04-22,11.0,2.3,3.6
2017-04-23,10.0,28.8,26.9
2017-04-24,12.0,14.0,12.8
2017-04-25,6.5,1.2,2.8
2017-04-26,1.0,11.7,10.8
2017-04-27,3.5,7.7,8.0
2017-04-28,6.0,22.6,21.4
2017-04-29,50.0,11.2,10.7
2017-05-03,2.0,21.1,17.0
2017-05-05,35.0,7.2,7.7
2017-05-06,40.0,0.2,0.0
2017-05-09,2.0,0.0,0.0
2017-05-27,0.9,0.0,0.0
2017-05-29,2.0,9.8,11.1
2017-05-30,0.5,7.3,9.6
2017-05-31,19.0,0.0,0.0
2017-06-07,6.0,3.7,3.7
2017-06-08,9.0,0.0,0.0
2017-06-13,0.0,10.8,9.0
2017-06-14,3.0,2.9,3.6
2017-06-27,0.5,3.3,5.6
2017-06-28,65.5,0.0,0.0
2017-07-19,0.5,0.3,0.0
2017-07-28,9.0,0.2,0.0
2017-09-25,5.0,3.5,4.3
2017-09-28,28.0,0.0,0.0
2017-10-09,10.5,1.1,0.0
2017-10-18,2.0,0.4,0.0
2017-10-24,24.0,0.0,0.0
2017-10-27,1.0,1.5,0.0
2017-11-05,1.0,30.9,28.2
2017-11-06,8.0,5.2,3.8
2017-11-08,0.2,6.6,5.0
2017-11-13,0.2,31.4,14.4
2017-11-15,1.0,26.0,11.6
2017-11-16,3.0,51.8,23.6
2017-11-17,23.0,9.2,4.3
2017-11-18,10.3,4.8,2.6
2017-11-19,9.6,23.5,10.5
2017-11-20,29.0,18.2,8.2
2017-11-22,1.5,4.9,2.0
2017-11-23,12.0,21.5,12.6
2017-11-24,2.0,48.4,32.7
2017-11-25,39.0,14.2,7.6
2017-11-26,6.5,8.8,4.3
2017-11-28,12.0,35.5,22.4
2017-11-29,4.8,0.8,0.0
2017-12-01,19.0,7.9,4.4
2017-12-04,0.3,3.1,1.0
2017-12-07,40.0,11.5,7.4
2017-12-08,4.0,6.5,3.4
2017-12-09,29.0,1.7,1.0
2017-12-11,4.0,22.6,17.9
2017-12-12,58.0,8.7,5.7
2017-12-13,10.0,31.8,28.7
2017-12-14,20.0,14.0,10.3
2017-12-15,17.5,28.4,24.8
2017-12-16,33.0,14.1,10.4
2017-12-18,0.4,17.2,13.1
2017-12-19,15.0,20.7,16.2
2017-12-20,59.5,40.2,37.5
2017-12-21,98.0,0.6,0.0
2017-12-26,1.0,8.6,7.3
2017-12-27,14.0,1.8,1.1
2017-12-28,1.0,3.7,3.0
2018-01-02,2.3,6.8,6.2
2018-01-03,2.0,11.3,10.6
2018-01-04,45.0,5.5,4.9
2018-01-05,48.0,22.5,22.1
2018-01-06,27.0,19.0,18.9
2018-01-07,1.0,34.4,41.4
2018-01-08,44.0,26.2,29.0
2018-01-09,0.3,10.8,10.1
2018-01-10,7.0,12.7,11.9
2018-01-11,6.0,18.0,19.0
2018-01-12,8.0,2.7,2.5
2018-01-13,7.5,10.1,10.7
2018-01-14,4.1,2.2,2.0
2018-01-17,85.0,10.2,10.9
2018-01-18,3.0,25.9,33.0
2018-01-19,40.0,18.1,23.2
2018-01-20,16.0,3.4,3.2
2018-01-23,4.0,1.2,1.0
2018-01-24,4.0,24.1,27.4
2018-01-25,1.0,15.6,15.3
2018-01-26,2.0,9.4,8.8
2018-01-27,38.0,6.2,5.5
2018-01-28,9.0,0.9,0.0
2018-01-29,3.0,3.7,3.0
2018-01-30,1.0,7.3,6.7
2018-01-31,1.0,5.5,4.8
2018-02-01,8.0,45.3,49.1
2018-02-02,18.0,9.7,8.6
2018-02-03,13.0,4.1,2.4
2018-02-04,16.0,5.0,3.4
2018-02-05,63.0,1.6,0.0
2018-02-07,16.0,9.2,8.1
2018-02-08,27.6,19.3,18.7
2018-02-09,17.0,1.8,0.0
2018-02-11,4.0,7.4,5.4
2018-02-12,47.0,13.2,10.4
2018-02-13,5.0,9.2,7.0
2018-02-14,1.0,1.3,0.0
2018-02-15,0.8,7.5,5.5
2018-02-16,9.5,23.2,21.3
2018-02-17,11.3,4.3,2.6
2018-02-18,30.0,4.7,3.0
2018-02-19,4.0,17.8,14.3
2018-02-20,60.0,7.7,5.6
2018-02-21,1.0,47.3,60.1
2018-02-22,58.0,42.9,54.9
2018-02-23,2.0,23.1,29.4
2018-02-24,5.0,30.7,40.0
2018-02-25,10.0,5.0,4.0
2018-02-26,5.0,15.5,17.3
2018-02-27,0.6,3.5,2.3
2018-02-28,8.0,11.1,11.6
2018-03-01,1.0,11.4,9.4
2018-03-02,45.5,3.5,2.2
2018-03-03,6.5,25.7,21.7
2018-03-04,22.5,1.9,0.0
2018-03-05,9.0,7.5,6.0
2018-03-06,16.0,0.0,0.0
2018-03-08,23.0,7.4,5.8
2018-03-10,4.2,5.9,4.5
2018-03-11,30.0,0.0,0.0
2018-03-12,29.1,1.3,1.0
2018-03-13,37.5,13.6,13.4
2018-03-14,1.0,0.0,0.0
2018-03-17,3.0,9.0,9.0
2018-03-18,76.0,1.4,1.1
2018-03-20,28.0,0.0,0.0
2018-03-22,30.0,12.3,7.9
2018-03-23,15.5,7.1,3.8
2018-03-24,62.5,0.0,0.0
2018-03-26,3.0,7.3,4.0
2018-03-28,31.0,0.5,0.0
2018-03-29,1.5,0.2,0.0
2018-03-31,23.0,14.3,9.5
2018-04-01,1.5,30.1,41.7
2018-04-02,1.0,25.4,34.8
2018-04-03,45.0,4.8,3.3
2018-04-04,4.2,0.2,0.0
2018-04-06,2.5,10.0,9.1
2018-04-07,2.0,11.6,10.9
2018-04-08,21.0,0.0,0.0
2018-04-09,13.5,1.1,0.0
2018-04-18,11.0,10.2,8.9
2018-04-19,5.0,0.6,0.0
2018-04-20,0.5,0.0,0.0
2018-04-22,50.0,6.3,6.8
2018-04-23,2.0,0.1,0.0
2018-04-25,36.0,0.0,0.0
2018-04-29,0.5,0.0,0.0
2018-05-18,1.0,0.0,0.0
2018-05-26,1.0,0.0,0.0
2018-06-21,7.0,1.8,2.9
2018-06-26,11.0,0.8,1.7
2018-09-20,0.4,1.3,0.0
2018-11-07,6.0,16.4,13.1
2018-11-08,1.0,27.1,25.4
2018-11-09,2.0,16.5,13.2
2018-11-19,12.5,0.0,0.0
2018-11-26,8.5,12.5,6.5
2018-11-27,0.1,13.9,7.4
2018-11-28,45.9,3.5,1.3
2018-11-30,97.0,19.5,11.0
2018-12-01,10.5,0.7,0.0
2018-12-03,75.5,4.9,2.1
2018-12-04,42.0,3.9,1.4
2018-12-06,27.0,9.2,5.5
2018-12-07,1.0,5.4,2.5
2018-12-08,54.5,2.7,1.0
2018-12-11,11.0,0.0,0.0
2018-12-12,4.0,12.6,9.1
2018-12-13,0.3,4.1,1.6
2018-12-14,5.0,14.2,10.5
2018-12-15,18.0,21.9,17.3
2018-12-16,30.0,1.0,0.0
2018-12-18,1.5,0.0,0.0
2018-12-21,28.0,14.3,11.9
2018-12-22,25.3,3.8,3.1
2018-12-23,19.5,10.3,8.7
2018-12-24,58.0,8.6,7.3
2018-12-25,0.4,19.8,16.2
2018-12-26,46.4,3.8,3.1
2018-12-27,8.8,1.0,0.0
2018-12-31,4.5,0.0,0.0
2019-01-02,4.0,5.5,5.0
2019-01-03,0.2,3.3,2.9
2019-01-04,0.8,1.7,1.6
2019-01-05,33.3,0.3,0.0
2019-01-08,0.2,0.0,0.0
2019-01-10,36.0,23.8,24.2
2019-01-11,1.0,34.4,41.2
2019-01-12,7.5,11.6,12.5
2019-01-13,25.0,9.4,10.0
2019-01-14,17.0,15.8,17.3
2019-01-15,1.0,6.3,6.4
2019-01-16,4.6,10.8,11.5
2019-01-17,3.0,37.8,46.6
2019-01-18,24.0,12.6,13.6
2019-01-19,9.0,18.9,25.3
2019-01-20,1.0,13.3,14.3
2019-01-21,12.0,10.9,10.3
2019-01-22,1.0,13.8,13.4
2019-01-23,11.0,18.5,18.4
2019-01-24,5.0,14.0,13.6
2019-01-25,37.0,11.7,11.2
2019-01-26,10.6,3.1,2.4
2019-01-27,26.0,2.7,2.0
2019-01-28,20.0,0.1,0.0
2019-01-29,1.0,0.6,0.0
2019-01-31,16.0,4.6,3.9
2019-02-01,3.0,29.1,34.2
2019-02-02,12.0,33.3,38.2
2019-02-03,21.0,9.8,8.7
2019-02-04,39.0,10.0,8.9
2019-02-05,2.3,1.5,0.0
2019-02-07,3.0,7.1,5.8
2019-02-08,57.5,4.0,2.3
2019-02-09,58.5,14.0,13.2
2019-02-10,4.5,18.8,18.2
2019-02-11,51.5,2.8,1.1
2019-02-12,5.0,1.5,0.0
2019-02-14,1.2,2.6,1.0
2019-02-15,3.0,0.6,0.0
2019-02-16,26.0,3.4,1.8
2019-02-17,8.0,4.6,2.9
2019-02-18,4.0,43.8,37.8
2019-02-19,8.7,21.8,17.7
2019-02-20,69.0,23.9,21.6
2019-02-21,49.0,4.5,3.4
2019-02-23,22.0,3.2,2.0
2019-02-24,29.0,11.0,11.5
2019-02-25,4.0,9.2,9.3
2019-02-26,1.0,0.0,0.0
2019-03-02,29.0,8.7,7.0
2019-03-03,60.0,20.6,17.0
2019-03-04,52.0,51.5,39.2
2019-03-05,50.0,76.0,48.7
2019-03-06,95.5,32.5,26.9
2019-03-07,40.0,22.1,17.7
2019-03-08,5.0,1.3,0.0
2019-03-11,0.5,1.7,1.4
2019-03-12,1.0,5.8,5.8
2019-03-13,10.5,4.1,4.1
2019-03-14,9.0,5.4,5.4
2019-03-15,7.0,4.8,4.8
2019-03-16,6.0,1.7,1.4
2019-03-17,6.0,20.3,22.8
2019-03-18,20.0,16.9,16.7
2019-03-19,25.0,57.7,48.8
2019-03-20,24.0,13.2,13.1
2019-03-21,2.0,11.2,7.0
2019-03-22,3.0,16.6,11.4
2019-03-23,33.0,28.2,21.6
2019-03-24,18.0,1.5,0.0
2019-03-25,0.7,22.0,15.8
2019-03-26,56.0,1.6,0.0
2019-03-27,7.0,0.3,0.0
2019-03-28,4.0,7.3,4.0
2019-03-29,23.0,0.0,0.0
2019-03-31,6.5,5.9,2.9
2019-04-01,40.0,0.1,0.0
2019-04-02,1.0,9.6,8.7
2019-04-03,9.9,4.2,2.6
2019-04-05,92.0,16.9,16.2
2019-04-06,3.0,14.8,14.5
2019-04-07,0.3,0.4,0.0
2019-04-08,6.0,13.1,12.6
2019-04-09,58.0,20.8,24.0
2019-04-10,12.0,1.1,0.0
2019-04-11,18.1,12.0,10.6
2019-04-14,9.0,0.8,0.0
2019-04-15,5.0,8.9,7.6
2019-04-16,1.0,11.9,10.5
2019-04-17,11.0,0.9,0.0
2019-04-18,5.0,0.1,0.0
2019-04-19,0.2,0.1,0.0
2019-04-20,4.0,3.8,2.8
2019-04-24,2.0,1.2,2.8
2019-04-30,2.0,3.1,4.2
2019-05-01,3.0,0.0,0.0
2019-05-02,6.0,4.5,5.8
2019-05-03,2.0,0.0,0.0
2019-07-05,0.2,0.0,0.0
2019-11-02,3.7,26.6,24.3
2019-11-03,6.0,0.0,0.0
2019-11-15,23.0,0.0,0.0
2019-11-28,1.0,1.2,0.0
2019-12-01,2.5,0.0,0.0
2019-12-04,0.5,0.0,0.0
2019-12-07,42.0,0.0,0.0
2019-12-08,0.2,4.1,1.6
2019-12-13,29.0,35.7,32.9
2019-12-14,59.0,14.2,10.5
2019-12-15,0.2,33.4,30.9
2019-12-16,18.0,17.7,13.6
2019-12-17,23.0,6.9,4.1
2019-12-18,1.0,0.0,0.0
2019-12-19,17.0,15.8,11.9
2019-12-20,7.0,2.9,1.0
2019-12-23,1.0,1.8,1.0
2019-12-24,5.0,11.6,9.8
2019-12-25,35.5,31.1,31.0
2019-12-26,7.5,3.5,2.8
2019-12-28,28.0,0.2,0.0
2019-12-30,3.5,14.8,12.3
2019-12-31,6.0,60.0,49.6
2020-01-01,34.0,17.3,16.6
2020-01-02,26.5,26.7,29.7
2020-01-03,20.0,14.2,13.5
2020-01-04,2.0,9.5,8.8
2020-01-05,1.0,28.8,34.7
2020-01-06,8.0,25.5,28.8
2020-01-07,33.0,3.9,3.5
2020-01-08,1.0,2.7,2.4
2020-01-09,9.0,17.9,17.6
2020-01-10,18.8,19.7,19.5
2020-01-11,8.0,13.9,15.1
2020-01-12,1.0,1.3,1.0
2020-01-15,8.5,16.6,18.5
2020-01-16,2.0,0.0,0.0
2020-01-17,1.0,0.0,0.0
2020-01-19,4.5,8.2,8.5
2020-01-21,77.0,28.6,32.8
2020-01-22,63.0,5.4,4.7
2020-01-24,20.0,1.9,1.3
2020-01-25,3.5,7.2,6.6
2020-01-26,22.0,1.6,1.0
2020-01-27,13.0,0.5,0.0
2020-02-01,20.0,16.9,16.2
2020-02-02,9.0,23.9,28.1
2020-02-03,16.2,19.0,18.5
2020-02-04,46.0,3.7,1.9
2020-02-05,6.0,5.1,3.6
2020-02-07,33.0,38.9,44.3
2020-02-08,71.0,8.9,7.8
2020-02-10,2.0,11.6,10.7
2020-02-11,4.0,12.1,9.4
2020-02-12,9.0,17.5,14.1
2020-02-13,4.0,21.5,17.3
2020-02-14,1.0,31.4,26.8
2020-02-15,29.0,14.7,11.7
2020-02-16,14.0,20.4,16.5
2020-02-17,4.1,35.9,31.7
2020-02-18,20.5,21.5,17.8
2020-02-19,30.0,18.0,14.4
2020-02-20,8.0,6.9,5.0
2020-02-22,11.0,15.0,16.7
2020-02-23,0.0,4.9,3.9
2020-02-24,7.5,6.0,5.2
2020-02-25,14.0,29.1,40.9
2020-02-26,29.0,22.4,31.7
2020-02-27,125.0,32.5,44.6
2020-02-28,42.0,15.0,16.7
2020-02-29,4.0,26.5,34.6
2020-03-01,8.0,23.9,19.7
2020-03-02,55.0,13.1,10.8
2020-03-03,5.5,9.3,7.6
2020-03-04,56.5,19.5,16.1
2020-03-05,3.0,3.8,2.5
2020-03-06,0.2,16.6,13.7
2020-03-07,9.5,8.1,6.5
2020-03-08,2.8,5.5,4.1
2020-03-11,12.0,9.4,9.4
2020-03-12,17.5,3.3,3.3
2020-03-14,71.0,10.0,10.0
2020-03-17,30.0,21.7,24.2
2020-03-18,17.0,16.3,15.5
2020-03-19,7.0,16.0,15.3
2020-03-20,31.0,1.0,0.0
2020-03-22,6.0,29.0,22.5
2020-03-23,50.0,17.8,12.4
2020-03-24,11.2,23.3,16.5
2020-03-25,13.5,16.0,10.9
2020-03-26,2.5,0.5,0.0
2020-03-28,7.0,3.8,1.3
2020-03-29,3.0,13.0,8.5
2020-03-30,9.0,6.5,3.4
2020-03-31,23.0,2.6,1.0
2020-04-01,5.2,4.8,3.3
2020-04-03,7.0,22.0,26.8
2020-04-04,42.0,19.9,24.4
2020-04-05,3.5,25.3,32.6
2020-04-06,34.0,20.8,23.9
2020-04-07,25.0,9.6,8.6
2020-04-08,3.5,0.9,0.0
2020-04-09,26.4,0.0,0.0
2020-04-12,2.0,0.0,0.0
2020-04-13,0.5,1.6,1.0
2020-04-14,13.0,0.0,0.0
2020-04-15,1.0,1.5,1.0
2020-04-16,19.0,1.4,1.0
2020-04-17,0.4,5.0,3.9
2020-04-18,26.5,12.2,10.9
2020-04-22,0.5,0.0,0.0
2020-04-24,12.0,0.2,0.0
2020-04-26,1.0,2.0,3.4
2020-04-27,6.0,1.7,3.2
2020-04-30,2.5,2.0,3.4
2020-05-01,4.0,0.0,0.0
2020-05-10,78.0,0.7,0.0
2020-05-11,7.5,75.3,37.2
2020-05-12,56.0,0.1,0.0
2020-05-19,51.0,6.6,5.9
2020-05-20,83.0,15.6,12.1
2020-05-21,11.0,0.8,0.0
2020-05-26,28.0,17.2,16.9
2020-05-27,3.2,9.1,10.5
2020-05-29,86.0,1.1,3.7
2020-05-31,9.0,1.0,3.7
2020-06-01,1.5,2.3,2.5
2020-06-03,1.0,1.4,1.6
2020-06-07,2.0,0.0,0.0
2020-06-16,29.0,0.0,0.0
2020-07-07,13.0,0.1,0.0
2020-07-16,2.0,0.2,0.0
2020-08-12,40.5,0.6,0.0
2020-09-04,1.0,0.0,0.0
2020-09-30,0.0,0.2,0.0
2020-10-04,0.0,0.3,0.0
2020-10-05,0.3,0.0,0.0
2020-10-11,3.0,0.4,0.0
2020-10-12,0.2,0.0,0.0
2020-10-22,17.0,0.0,0.0
2020-10-23,2.5,0.2,0.0
2020-10-24,8.5,0.0,0.0
2020-10-28,13.3,0.4,0.0
2020-10-31,0.2,102.1,38.4
2020-11-01,64.0,16.9,13.5
2020-11-02,57.0,7.9,6.0
2020-11-03,43.0,0.7,0.0
2020-11-04,2.0,0.1,0.0
2020-11-13,0.0,2.8,2.0
2020-11-16,1.0,0.0,0.0
2020-11-18,1.0,0.0,0.0
2020-11-20,2.5,2.4,1.9
2020-11-22,46.0,4.3,1.7
2020-11-23,0.0,6.4,2.9
2020-11-24,33.0,7.0,3.2
2020-11-25,41.0,12.1,6.3
2020-11-26,1.0,1.1,0.0
2020-11-27,1.0,7.1,3.3
2020-11-28,13.5,15.9,8.7
2020-11-29,58.0,14.2,7.6
2020-11-30,8.0,3.0,1.0
2020-12-01,11.0,19.1,14.1
2020-12-02,8.0,10.1,6.3
2020-12-03,28.0,4.0,1.5
2020-12-04,1.0,5.3,2.4
2020-12-05,39.0,30.0,22.6
2020-12-06,130.0,9.6,5.9
2020-12-07,4.0,26.2,17.5
2020-12-08,12.5,3.1,1.0
2020-12-09,35.0,7.8,4.4
2020-12-10,11.1,0.6,0.0
2020-12-11,10.0,26.0,22.1
2020-12-12,14.0,35.6,33.9
2020-12-13,24.0,71.4,55.4
2020-12-14,34.0,8.1,5.2
2020-12-15,75.0,2.4,0.0
2020-12-16,0.5,4.8,2.3
2020-12-17,3.0,5.2,2.7
2020-12-18,1.0,15.4,11.6
2020-12-19,3.0,5.1,2.5
2020-12-20,4.0,0.2,0.0
2020-12-23,1.0,0.0,0.0
2020-12-25,17.0,10.4,8.8
2020-12-26,48.0,4.2,3.5
2020-12-27,12.0,24.7,25.4
2020-12-28,4.0,7.4,6.3
2020-12-29,1.0,17.4,14.3
2020-12-30,15.0,14.9,12.4
2020-12-31,14.0,3.7,3.0
2021-01-01,0.4,31.6,37.9
2021-01-02,17.0,20.0,19.2
2021-01-03,1.0,8.0,7.3
2021-01-04,3.7,23.2,23.5
2021-01-05,0.5,37.7,44.8
2021-01-06,103.0,34.7,41.3
2021-01-07,113.5,36.7,44.0
2021-01-08,21.5,6.2,5.6
2021-01-09,46.0,6.9,6.3
2021-01-10,33.0,25.1,27.5
2021-01-11,5.5,11.7,12.5
2021-01-12,5.5,20.8,25.3
2021-01-13,14.0,6.3,6.4
2021-01-14,1.0,4.6,4.5
2021-01-15,22.2,12.6,13.6
2021-01-17,0.2,14.2,15.4
2021-01-18,4.0,21.4,25.1
2021-01-19,18.0,7.9,8.2
2021-01-20,6.0,10.7,11.4
2021-01-21,4.7,5.9,5.3
2021-01-22,9.0,7.1,6.5
2021-01-23,0.2,8.2,7.5
2021-01-25,85.0,12.8,12.4
2021-01-26,7.0,12.5,12.0
2021-01-27,59.5,34.0,38.4
2021-01-28,11.5,7.3,6.6
2021-01-29,40.0,6.7,6.1
2021-01-30,15.0,4.3,3.6
2021-01-31,2.5,10.5,9.9
2021-02-01,20.5,21.1,25.7
2021-02-02,53.0,25.4,30.7
2021-02-03,16.0,42.3,45.7
2021-02-04,36.0,40.3,44.2
2021-02-05,29.0,2.0,0.0
2021-02-06,9.0,4.0,2.2
2021-02-07,3.0,10.8,9.8
2021-02-08,21.0,2.8,1.0
2021-02-09,7.0,17.7,17.1
2021-02-10,35.2,3.3,1.4
2021-02-11,30.0,7.3,5.3
2021-02-12,21.5,14.4,11.4
2021-02-13,19.0,5.1,3.3
2021-02-15,160.0,13.0,10.3
2021-02-16,58.0,11.9,9.3
2021-02-17,64.0,16.3,13.1
2021-02-18,12.0,3.5,1.9
2021-02-19,6.0,0.6,0.0
2021-02-20,7.0,9.6,7.3
2021-02-22,1.6,4.3,3.3
2021-02-23,0.7,17.2,19.5
2021-02-24,5.0,8.6,8.5
2021-02-25,23.0,1.3,0.0
2021-02-26,9.0,5.1,4.2
2021-02-27,22.0,14.5,15.9
2021-02-28,7.0,4.0,2.9
2021-03-03,15.0,12.8,10.6
2021-03-04,15.0,3.5,2.1
2021-03-05,9.0,8.2,6.6
2021-03-07,15.0,41.9,33.8
2021-03-08,17.0,34.1,27.6
2021-03-09,22.0,2.5,1.0
2021-03-11,1.0,33.4,35.2
2021-03-12,21.3,3.1,3.0
2021-03-13,32.8,2.0,1.7
2021-03-15,34.0,0.0,0.0
2021-03-16,10.3,12.3,12.2
2021-03-17,57.5,6.7,6.7
2021-03-18,3.5,19.6,21.7
2021-03-19,82.0,2.1,1.9
2021-03-22,1.0,1.2,0.0
2021-03-23,0.3,20.8,14.8
2021-03-24,17.3,25.9,19.9
2021-03-25,0.3,21.9,15.8
2021-03-26,28.5,5.8,2.8
2021-03-27,9.0,5.2,2.4
2021-03-28,25.0,1.7,0.0
2021-03-29,40.0,19.0,13.5
2021-03-30,5.5,23.3,17.0
2021-03-31,61.0,0.3,0.0
2021-04-01,14.0,101.8,60.1
2021-04-02,140.0,0.0,0.0
2021-04-04,0.0,21.0,24.1
2021-04-05,13.5,2.4,1.0
2021-04-07,13.0,8.7,7.6
2021-04-08,18.0,14.7,14.4
2021-04-09,13.0,4.7,3.1
2021-04-11,20.0,0.0,0.0
2021-04-13,3.0,11.6,10.2
2021-04-14,22.0,16.2,14.6
2021-04-15,50.0,11.0,9.7
2021-04-16,3.0,0.0,0.0
2021-04-19,2.5,0.0,0.0
2021-04-21,0.0,0.0,0.0
2021-04-29,0.0,0.8,0.0
2021-05-01,1.0,0.4,0.0
2021-05-03,0.0,0.0,0.0
2021-05-05,1.0,11.8,11.2
2021-05-06,21.5,0.3,0.0
2021-05-07,0.0,2.6,4.4
2021-05-11,0.0,0.0,0.0
2021-05-19,0.0,0.1,0.0
2021-05-21,2.0,0.9,0.0
2021-05-23,0.0,24.1,19.4
2021-05-24,112.0,3.3,5.8
2021-05-25,2.0,1.8,4.5
2021-05-29,12.5,1.0,3.7
2021-05-30,3.0,0.0,0.0
2021-06-02,7.0,0.8,0.0
2021-06-04,0.0,0.0,0.0
2021-06-10,0.0,0.0,0.0
2021-06-11,4.0,0.0,0.0
2021-06-13,6.0,0.0,0.0
2021-06-15,1.0,5.4,5.4
2021-06-16,10.5,20.3,17.3
2021-06-17,1.5,1.3,2.5
2021-06-20,66.0,0.0,0.0
2021-06-23,0.0,18.4,29.5
2021-06-25,16.0,0.4,0.0
2021-06-28,0.0,3.1,5.0
2021-06-29,1.0,1.3,2.2
2021-06-30,0.0,0.0,0.0
2021-07-11,0.3,0.0,0.0
2021-07-19,0.0,0.0,0.0
2021-07-22,0.0,0.0,0.0
2021-07-26,0.0,0.0,0.0
2021-07-30,0.0,0.0,0.0
2021-08-03,0.0,0.0,0.0
2021-08-04,3.0,0.0,0.0
2021-08-08,0.2,0.0,0.0
2021-08-09,0.0,0.7,0.0
2021-08-10,0.0,0.0,0.0
2021-08-15,0.0,0.0,0.0
2021-08-18,0.0,4.8,3.9
2021-08-19,1.0,5.0,3.9
2021-08-23,0.0,0.0,0.0
2021-08-27,0.0,0.0,0.0
2021-08-31,0.0,0.0,0.0
2021-09-08,0.0,0.0,0.0
2021-09-12,3.0,12.6,7.6
2021-09-13,2.0,4.5,5.6
2021-09-14,2.0,44.0,18.7
2021-09-15,28.5,0.0,0.0
2021-09-18,0.0,0.0,0.0
2021-09-22,0.2,1.5,0.0
2021-09-23,0.0,0.2,0.0
2021-09-25,3.5,1.3,0.0
2021-09-27,0.3,0.0,0.0
2021-10-06,0.0,0.8,0.0
2021-10-15,0.0,0.0,0.0
2021-10-19,10.2,0.5,0.0
2021-10-20,18.0,1.6,1.9
2021-10-21,1.1,0.2,0.0
2021-10-22,0.0,0.0,0.0
2021-10-25,1.0,0.0,0.0
2021-10-26,0.0,1.0,0.0
2021-10-28,6.0,7.6,4.6
2021-10-29,1.5,4.6,2.9
2021-10-30,7.0,0.4,0.0
2021-11-01,2.0,15.9,12.5
2021-11-02,10.5,7.6,5.7
2021-11-03,6.5,3.3,2.4
2021-11-05,35.0,9.2,7.1
2021-11-06,0.6,0.3,0.0
2021-11-07,1.0,15.7,12.4
2021-11-08,8.0,7.5,5.7
2021-11-09,2.0,9.2,7.1
2021-11-10,12.0,7.3,5.5
2021-11-11,42.0,17.0,7.6
2021-11-12,21.7,2.7,2.0
2021-11-14,70.0,27.7,12.7
2021-11-15,70.0,30.3,13.4
2021-11-16,35.5,22.7,10.2
2021-11-17,68.0,12.6,5.7
2021-11-18,3.0,48.3,21.3
2021-11-19,1.0,23.7,10.7
2021-11-20,11.0,5.0,2.7
2021-11-22,2.0,16.3,8.9
2021-11-24,129.0,12.7,6.6
2021-11-25,8.5,19.9,10.8
2021-11-26,11.0,2.0,1.0
2021-11-27,11.0,22.4,12.6
2021-11-28,16.0,12.3,6.4
2021-11-30,19.0,16.6,9.1
2021-12-01,1.5,4.5,1.9
2021-12-02,1.0,8.9,5.2
2021-12-03,1.0,6.9,3.7
2021-12-04,0.1,24.5,19.9
2021-12-05,9.0,2.0,1.0
2021-12-07,3.0,7.3,4.0
2021-12-08,25.0,24.0,18.5
2021-12-09,6.0,4.0,1.6
2021-12-10,4.0,8.4,4.8
2021-12-11,18.0,13.7,10.1
2021-12-12,1.0,12.5,9.0
2021-12-13,1.5,4.1,1.6
2021-12-15,1.5,5.8,3.1
2021-12-16,4.0,19.1,14.8
2021-12-17,11.5,4.8,2.3
2021-12-18,6.0,3.9,1.4
2021-12-19,21.0,27.3,23.0
2021-12-20,5.0,23.7,19.1
2021-12-21,33.0,28.7,28.4
2021-12-22,23.0,4.1,3.4
2021-12-24,22.0,1.3,1.0
2021-12-26,6.0,3.4,2.7
2021-12-28,6.0,4.8,4.0
2021-12-29,25.0,2.5,1.9
2021-12-30,0.0,3.4,2.7
2021-12-31,1.5,5.1,4.3
