date,gauge,imergl,lseqmdl
2001-01-01,16.0,21.1,27.1
2001-01-02,0.0,1.1,0.0
2001-01-03,0.0,0.5,0.0
2001-01-04,0.0,1.0,0.0
2001-01-05,2.0,25.2,34.7
2001-01-07,0.0,4.0,0.0
2001-01-08,0.0,7.5,3.8
2001-01-09,21.0,15.8,17.9
2001-01-11,65.0,4.2,2.4
2001-01-12,25.0,28.1,40.8
2001-01-13,28.0,40.2,55.7
2001-01-14,0.0,8.9,8.0
2001-01-15,8.0,11.9,11.7
2001-01-16,9.0,6.9,5.6
2001-01-17,0.0,0.6,0.0
2001-01-18,35.0,54.8,61.4
2001-01-19,17.0,13.0,17.3
2001-01-20,3.0,3.9,2.1
2001-01-21,0.0,5.0,2.0
2001-01-22,28.0,29.1,36.9
2001-01-24,53.0,17.0,16.1
2001-01-25,45.0,8.6,5.9
2001-01-26,0.0,3.0,0.0
2001-01-27,0.0,2.7,0.0
2001-01-28,0.0,0.1,0.0
2001-01-29,0.0,0.0,0.0
2001-01-30,1.0,0.0,0.0
2001-01-31,29.0,3.4,1.0
2001-02-01,38.0,33.4,46.4
2001-02-02,12.0,18.7,20.9
2001-02-03,48.0,42.8,63.8
2001-02-06,41.0,10.0,6.8
2001-02-07,0.0,1.1,0.0
2001-02-08,0.0,4.0,1.0
2001-02-09,0.0,4.2,1.1
2001-02-11,0.0,0.1,0.0
2001-02-12,0.0,0.4,0.0
2001-02-13,27.0,48.5,49.5
2001-02-14,0.0,1.6,0.0
2001-02-15,0.0,0.8,0.0
2001-02-17,6.0,1.7,0.0
2001-02-18,3.0,2.9,1.0
2001-02-19,0.0,2.5,1.0
2001-02-20,10.0,0.9,0.0
2001-02-22,0.0,0.5,0.0
2001-02-23,3.0,2.4,1.0
2001-02-24,17.0,16.3,25.3
2001-02-25,0.0,0.0,0.0
2001-02-26,0.0,0.0,0.0
2001-02-27,0.0,0.0,0.0
2001-02-28,0.0,0.0,0.0
2001-03-02,1.0,5.4,1.6
2001-03-03,0.0,5.6,1.8
2001-03-06,0.0,0.8,0.0
2001-03-08,0.0,1.4,0.0
2001-03-10,0.0,0.1,0.0
2001-03-11,0.0,2.7,1.0
2001-03-14,19.0,6.4,4.9
2001-03-15,4.0,24.7,42.7
2001-03-17,0.0,0.7,0.0
2001-03-19,0.0,0.0,0.0
2001-03-21,0.0,0.0,0.0
2001-03-22,19.0,0.6,0.0
2001-03-23,0.0,6.4,5.2
2001-03-24,31.0,3.0,1.5
2001-03-25,0.0,0.3,0.0
2001-03-26,22.0,0.0,0.0
2001-03-27,10.0,7.1,6.0
2001-03-29,0.0,1.3,0.0
2001-03-30,1.0,1.0,0.0
2001-03-31,40.0,7.5,6.4
2001-04-03,31.0,5.2,3.1
2001-04-05,2.0,2.3,0.0
2001-04-06,0.0,10.9,8.9
2001-04-07,1.0,5.8,3.7
2001-04-08,0.0,3.8,1.7
2001-04-09,31.0,1.4,0.0
2001-04-10,0.0,10.5,8.4
2001-04-11,6.0,6.3,4.7
2001-04-12,26.0,10.0,10.3
2001-04-13,0.0,3.7,1.0
2001-04-14,0.0,0.0,0.0
2001-04-15,1.0,8.2,7.9
2001-04-16,4.0,0.4,0.0
2001-04-17,6.0,5.2,3.1
2001-04-18,2.0,0.0,0.0
2001-04-19,5.0,16.4,23.5
2001-04-20,0.0,1.7,0.0
2001-04-21,0.0,8.0,6.5
2001-04-22,1.0,0.3,0.0
2001-04-23,0.0,0.6,0.0
2001-04-24,15.0,12.3,11.8
2001-04-26,5.0,17.2,17.5
2001-04-27,5.0,1.7,0.0
2001-04-28,0.0,4.2,2.0
2001-04-29,0.0,0.0,0.0
2001-04-30,0.0,1.5,0.0
2001-05-01,21.0,10.7,12.6
2001-05-02,0.0,3.2,1.0
2001-05-03,0.0,0.5,0.0
2001-05-04,0.0,1.5,0.0
2001-05-05,21.0,1.4,0.0
2001-05-06,3.0,1.1,0.0
2001-05-07,0.0,0.8,0.0
2001-05-08,2.0,1.9,0.0
2001-05-10,2.0,10.9,12.4
2001-05-11,2.0,0.5,0.0
2001-05-12,13.0,4.5,5.0
2001-05-13,7.0,1.8,1.0
2001-05-14,0.0,0.1,0.0
2001-05-15,0.0,0.1,0.0
2001-05-16,0.0,0.0,0.0
2001-05-17,0.0,0.0,0.0
2001-05-18,0.0,0.0,0.0
2001-05-20,0.0,1.9,1.0
2001-05-21,0.0,0.6,0.0
2001-05-22,0.0,0.4,0.0
2001-05-23,0.0,0.6,0.0
2001-05-24,0.0,0.2,0.0
2001-05-25,16.0,7.2,6.7
2001-05-26,0.0,0.0,0.0
2001-05-27,0.0,0.0,0.0
2001-05-28,6.0,2.1,0.0
2001-05-30,47.0,0.1,0.0
2001-05-31,1.0,0.6,0.0
2001-06-01,29.0,2.7,0.0
2001-06-02,9.0,9.3,7.7
2001-06-03,0.0,2.8,0.0
2001-06-04,7.0,33.5,51.0
2001-06-05,0.0,0.0,0.0
2001-06-06,9.0,1.7,0.0
2001-06-07,6.0,0.0,0.0
2001-06-08,22.0,15.8,16.6
2001-06-09,0.0,1.7,0.0
2001-06-10,4.0,18.7,21.9
2001-06-11,0.0,0.2,0.0
2001-06-12,4.0,14.2,14.8
2001-06-13,3.0,7.2,5.1
2001-06-14,0.0,6.5,4.2
2001-06-15,59.0,14.0,15.5
2001-06-16,4.0,3.3,1.0
2001-06-17,36.0,19.9,34.6
2001-06-18,0.0,2.4,0.0
2001-06-19,44.0,10.8,11.1
2001-06-21,0.0,0.1,0.0
2001-06-22,0.0,0.0,0.0
2001-06-23,0.0,0.4,0.0
2001-06-24,0.0,0.0,0.0
2001-06-25,13.0,0.3,0.0
2001-06-26,0.0,0.0,0.0
2001-06-27,7.0,6.8,4.9
2001-06-28,0.0,1.1,0.0
2001-06-29,1.0,1.7,0.0
2001-06-30,5.0,12.8,11.3
2001-07-02,0.0,0.1,0.0
2001-07-03,2.0,0.0,0.0
2001-07-04,0.0,0.2,0.0
2001-07-05,0.0,0.0,0.0
2001-07-06,0.0,0.0,0.0
2001-07-07,0.0,0.2,0.0
2001-07-08,0.0,3.3,1.0
2001-07-09,0.0,0.0,0.0
2001-07-10,0.0,0.5,0.0
2001-07-11,0.0,0.0,0.0
2001-07-12,0.0,0.0,0.0
2001-07-13,0.0,0.6,0.0
2001-07-14,0.0,0.0,0.0
2001-07-15,0.0,1.4,0.0
2001-07-16,0.0,0.3,0.0
2001-07-17,0.0,0.0,0.0
2001-07-18,0.0,0.0,0.0
2001-07-19,0.0,0.0,0.0
2001-07-21,0.0,0.2,0.0
2001-07-23,0.0,0.0,0.0
2001-07-25,5.0,1.3,0.0
2001-07-27,1.0,3.5,1.1
2001-07-28,16.0,14.8,18.4
2001-07-30,3.0,3.9,1.6
2001-08-01,28.0,0.7,0.0
2001-08-02,2.0,2.4,0.0
2001-08-03,0.0,0.1,0.0
2001-08-04,0.0,0.9,0.0
2001-08-05,0.0,0.0,0.0
2001-08-08,0.0,0.4,0.0
2001-08-09,0.0,0.0,0.0
2001-08-10,0.0,4.4,1.2
2001-08-12,0.0,4.0,1.0
2001-08-13,0.0,19.4,33.0
2001-08-14,0.0,0.4,0.0
2001-08-15,0.0,14.0,17.7
2001-08-16,0.0,4.4,1.0
2001-08-17,0.0,0.2,0.0
2001-08-18,0.0,0.0,0.0
2001-08-19,0.0,0.0,0.0
2001-08-20,0.0,0.0,0.0
2001-08-21,0.0,0.0,0.0
2001-08-22,0.0,0.2,0.0
2001-08-23,0.0,0.0,0.0
2001-08-24,0.0,0.0,0.0
2001-08-25,0.0,0.0,0.0
2001-08-26,0.0,0.0,0.0
2001-08-27,0.0,0.0,0.0
2001-08-28,0.0,0.0,0.0
2001-08-29,0.0,4.6,1.9
2001-08-30,0.0,0.0,0.0
2001-08-31,0.0,0.0,0.0
2001-09-01,0.0,0.0,0.0
2001-09-02,0.0,0.0,0.0
2001-09-03,0.0,0.0,0.0
2001-09-04,2.0,4.2,0.0
2001-09-07,0.0,0.9,0.0
2001-09-08,0.0,0.1,0.0
2001-09-10,0.0,0.6,0.0
2001-09-12,0.0,1.8,0.0
2001-09-13,0.0,1.5,0.0
2001-09-15,0.0,0.0,0.0
2001-09-16,0.0,0.0,0.0
2001-09-17,0.0,0.7,0.0
2001-09-18,0.0,0.8,0.0
2001-09-19,4.0,10.9,8.0
2001-09-20,2.0,0.5,0.0
2001-09-21,0.0,4.7,1.3
2001-09-22,0.0,0.0,0.0
2001-09-23,0.0,0.1,0.0
2001-09-25,0.0,5.6,1.7
2001-09-26,0.0,0.5,0.0
2001-09-27,0.0,0.0,0.0
2001-09-28,18.0,11.6,10.0
2001-09-29,6.0,6.0,2.5
2001-09-30,16.0,36.6,54.9
2001-10-01,10.0,38.0,70.3
2001-10-02,24.0,5.6,2.9
2001-10-03,0.0,0.7,0.0
2001-10-04,0.0,0.1,0.0
2001-10-05,0.0,2.5,0.0
2001-10-06,0.0,3.6,1.0
2001-10-07,7.0,1.0,0.0
2001-10-08,0.0,3.6,1.0
2001-10-09,0.0,14.7,21.5
2001-10-10,0.0,18.5,37.7
2001-10-11,0.0,0.3,0.0
2001-10-13,0.0,0.0,0.0
2001-10-14,0.0,8.4,4.1
2001-10-15,0.0,0.0,0.0
2001-10-16,0.0,4.7,0.0
2001-10-17,0.0,0.0,0.0
2001-10-20,0.0,0.5,0.0
2001-10-21,0.0,0.4,0.0
2001-10-22,0.0,0.0,0.0
2001-10-23,0.0,6.8,6.3
2001-10-24,0.0,0.0,0.0
2001-10-25,0.0,0.1,0.0
2001-10-26,0.0,0.5,0.0
2001-10-27,0.0,0.0,0.0
2001-10-28,0.0,0.0,0.0
2001-10-29,0.0,0.0,0.0
2001-10-30,2.0,13.4,24.0
2001-10-31,17.0,9.2,10.4
2001-11-01,19.0,6.5,2.7
2001-11-02,5.0,25.9,65.1
2001-11-03,3.0,11.5,11.6
2001-11-04,23.0,8.4,5.8
2001-11-05,16.0,2.3,0.0
2001-11-06,6.0,6.6,2.8
2001-11-07,0.0,0.6,0.0
2001-11-08,0.0,0.7,0.0
2001-11-09,0.0,0.0,0.0
2001-11-10,14.0,50.1,179.7
2001-11-12,0.0,0.2,0.0
2001-11-13,0.0,0.0,0.0
2001-11-14,3.0,0.0,0.0
2001-11-15,0.0,0.0,0.0
2001-11-17,15.0,7.5,8.0
2001-11-18,0.0,2.6,0.0
2001-11-19,12.0,7.3,7.6
2001-11-20,7.0,0.7,0.0
2001-11-21,47.0,16.7,20.0
2001-11-23,0.0,0.0,0.0
2001-11-24,0.0,1.3,0.0
2001-11-25,24.0,19.2,25.0
2001-11-27,31.0,9.2,7.2
2001-11-28,1.0,12.8,12.2
2001-11-29,8.0,1.2,0.0
2001-11-30,18.0,13.7,13.7
2001-12-01,0.0,3.5,0.0
2001-12-02,0.0,4.1,1.0
2001-12-03,40.0,23.5,38.8
2001-12-04,1.0,4.6,1.2
2001-12-05,31.0,26.5,43.7
2001-12-06,22.0,15.1,20.7
2001-12-07,0.0,1.2,0.0
2001-12-09,2.0,21.1,34.3
2001-12-10,11.0,15.7,22.6
2001-12-11,0.0,9.5,12.5
2001-12-12,2.0,3.9,1.7
2001-12-13,0.0,0.1,0.0
2001-12-15,3.0,0.0,0.0
2001-12-16,5.0,2.1,0.0
2001-12-17,0.0,0.1,0.0
2001-12-18,0.0,2.5,0.0
2001-12-19,0.0,0.1,0.0
2001-12-20,0.0,0.0,0.0
2001-12-21,0.0,1.4,0.0
2001-12-22,18.0,3.9,1.0
2001-12-23,0.0,0.0,0.0
2001-12-24,2.0,2.8,0.0
2001-12-25,2.0,13.0,10.3
2001-12-26,3.0,3.9,1.0
2001-12-27,1.0,1.8,0.0
2001-12-28,0.0,0.3,0.0
2001-12-29,0.0,1.2,0.0
2001-12-30,0.0,4.1,1.0
2001-12-31,2.0,0.1,0.0
2002-01-01,6.0,1.8,0.0
2002-01-02,3.0,0.9,0.0
2002-01-03,19.0,7.0,3.2
2002-01-04,0.0,1.2,0.0
2002-01-05,1.0,0.4,0.0
2002-01-07,7.0,3.0,0.0
2002-01-08,18.0,16.6,19.5
2002-01-09,57.0,36.8,63.2
2002-01-10,1.0,11.5,8.5
2002-01-11,0.0,0.1,0.0
2002-01-12,1.0,1.1,0.0
2002-01-15,6.0,0.0,0.0
2002-01-16,10.0,5.2,3.6
2002-01-17,0.0,0.1,0.0
2002-01-18,21.0,11.7,11.6
2002-01-20,1.0,0.2,0.0
2002-01-21,1.0,0.2,0.0
2002-01-22,11.0,25.5,31.1
2002-01-23,3.0,17.0,15.3
2002-01-24,8.0,6.6,3.7
2002-01-26,0.0,3.4,1.0
2002-01-29,3.0,0.7,0.0
2002-01-30,0.0,1.9,0.0
2002-02-03,2.0,1.1,0.0
2002-02-04,0.0,0.4,0.0
2002-02-06,0.0,0.1,0.0
2002-02-07,0.0,0.0,0.0
2002-02-08,0.0,0.6,0.0
2002-02-09,0.0,0.0,0.0
2002-02-10,0.0,3.1,1.0
2002-02-11,0.0,3.9,1.8
2002-02-12,0.0,1.2,0.0
2002-02-13,0.0,0.4,0.0
2002-02-14,0.0,0.0,0.0
2002-02-15,0.0,0.0,0.0
2002-02-16,0.0,0.0,0.0
2002-02-17,0.0,0.0,0.0
2002-02-18,0.0,0.3,0.0
2002-02-20,0.0,4.9,2.9
2002-02-21,2.0,0.5,0.0
2002-02-22,0.0,0.0,0.0
2002-02-23,0.0,0.0,0.0
2002-02-24,0.0,0.0,0.0
2002-02-25,0.0,2.3,0.0
2002-02-26,0.0,2.2,0.0
2002-02-27,0.0,1.2,0.0
2002-02-28,0.0,0.0,0.0
2002-03-01,0.0,0.0,0.0
2002-03-02,0.0,0.0,0.0
2002-03-04,0.0,0.0,0.0
2002-03-05,8.0,2.9,0.0
2002-03-06,0.0,8.0,4.0
2002-03-07,0.0,0.2,0.0
2002-03-08,0.0,4.1,1.0
2002-03-09,0.0,0.2,0.0
2002-03-10,0.0,0.6,0.0
2002-03-11,0.0,3.9,1.5
2002-03-12,0.0,2.6,1.0
2002-03-13,1.0,0.7,0.0
2002-03-14,13.0,13.5,15.3
2002-03-15,7.0,13.0,14.8
2002-03-16,1.0,6.7,5.4
2002-03-17,0.0,0.3,0.0
2002-03-18,0.0,0.0,0.0
2002-03-19,0.0,0.1,0.0
2002-03-20,10.0,0.0,0.0
2002-03-21,1.0,4.5,3.1
2002-03-22,1.0,5.2,3.8
2002-03-23,3.0,15.7,16.2
2002-03-24,40.0,1.2,0.0
2002-03-25,0.0,0.0,0.0
2002-03-26,0.0,0.0,0.0
2002-03-27,0.0,0.1,0.0
2002-03-28,41.0,33.9,46.2
2002-03-29,0.0,0.0,0.0
2002-03-30,0.0,0.0,0.0
2002-03-31,0.0,0.4,0.0
2002-04-01,0.0,2.9,1.0
2002-04-02,0.0,0.2,0.0
2002-04-03,0.0,5.9,3.8
2002-04-04,0.0,0.0,0.0
2002-04-05,1.0,26.1,28.4
2002-04-06,0.0,0.0,0.0
2002-04-07,53.0,19.3,21.9
2002-04-08,0.0,0.0,0.0
2002-04-09,0.0,0.0,0.0
2002-04-10,0.0,0.0,0.0
2002-04-11,0.0,0.0,0.0
2002-04-12,0.0,0.0,0.0
2002-04-13,0.0,0.1,0.0
2002-04-15,0.0,2.1,0.0
2002-04-16,0.0,0.0,0.0
2002-04-17,0.0,0.0,0.0
2002-04-18,0.0,0.0,0.0
2002-04-19,5.0,0.0,0.0
2002-04-20,0.0,1.7,0.0
2002-04-21,1.0,2.6,1.0
2002-04-22,0.0,0.0,0.0
2002-04-23,0.0,2.9,1.0
2002-04-24,0.0,0.0,0.0
2002-04-25,7.0,6.6,4.8
2002-04-26,36.0,24.4,32.1
2002-04-28,14.0,2.2,0.0
2002-04-30,0.0,0.0,0.0
2002-05-01,0.0,4.8,2.5
2002-05-03,0.0,1.4,0.0
2002-05-05,1.0,6.3,4.9
2002-05-07,18.0,24.0,50.5
2002-05-08,41.0,9.0,9.5
2002-05-09,4.0,9.3,9.9
2002-05-10,6.0,3.5,1.0
2002-05-11,23.0,33.3,60.5
2002-05-13,11.0,0.0,0.0
2002-05-14,4.0,0.0,0.0
2002-05-15,0.0,0.1,0.0
2002-05-16,0.0,0.4,0.0
2002-05-18,0.0,0.0,0.0
2002-05-19,0.0,0.0,0.0
2002-05-20,0.0,0.0,0.0
2002-05-21,0.0,0.0,0.0
2002-05-23,0.0,0.0,0.0
2002-05-24,0.0,4.9,2.8
2002-05-25,0.0,0.0,0.0
2002-05-26,0.0,0.0,0.0
2002-05-27,0.0,0.0,0.0
2002-05-28,0.0,0.0,0.0
2002-05-29,0.0,0.5,0.0
2002-05-30,0.0,0.0,0.0
2002-05-31,0.0,0.0,0.0
2002-06-01,0.0,0.0,0.0
2002-06-02,0.0,0.0,0.0
2002-06-03,0.0,0.0,0.0
2002-06-04,0.0,0.4,0.0
2002-06-05,0.0,0.7,0.0
2002-06-06,1.0,8.6,6.5
2002-06-09,0.0,3.2,1.0
2002-06-10,11.0,7.3,4.9
2002-06-11,5.0,11.1,10.3
2002-06-12,2.0,0.7,0.0
2002-06-13,2.0,15.2,21.4
2002-06-14,1.0,38.9,70.1
2002-06-17,5.0,23.3,42.5
2002-06-18,5.0,5.0,2.3
2002-06-19,16.0,3.7,1.0
2002-06-20,2.0,13.2,13.7
2002-06-21,0.0,0.7,0.0
2002-06-22,0.0,0.0,0.0
2002-06-23,22.0,5.4,3.5
2002-06-24,1.0,35.0,41.2
2002-06-25,0.0,0.1,0.0
2002-06-26,6.0,0.4,0.0
2002-06-27,0.0,2.5,1.0
2002-06-28,0.0,0.0,0.0
2002-06-29,3.0,1.6,0.0
2002-06-30,0.0,0.2,0.0
2002-07-01,0.0,0.3,0.0
2002-07-02,0.0,0.0,0.0
2002-07-03,0.0,14.5,12.4
2002-07-04,1.0,0.0,0.0
2002-07-05,0.0,0.4,0.0
2002-07-06,0.0,0.4,0.0
2002-07-07,0.0,0.0,0.0
2002-07-08,0.0,0.0,0.0
2002-07-09,0.0,0.0,0.0
2002-07-10,0.0,0.0,0.0
2002-07-11,0.0,0.0,0.0
2002-07-12,0.0,0.0,0.0
2002-07-13,0.0,0.0,0.0
2002-07-14,0.0,0.1,0.0
2002-07-15,0.0,0.0,0.0
2002-07-16,0.0,0.0,0.0
2002-07-17,0.0,0.0,0.0
2002-07-18,0.0,0.0,0.0
2002-07-19,0.0,0.0,0.0
2002-07-20,0.0,0.0,0.0
2002-07-21,0.0,0.0,0.0
2002-07-22,0.0,0.0,0.0
2002-07-23,0.0,0.2,0.0
2002-07-24,0.0,0.0,0.0
2002-07-25,0.0,0.0,0.0
2002-07-26,0.0,0.0,0.0
2002-07-27,0.0,0.0,0.0
2002-07-28,0.0,0.0,0.0
2002-07-29,0.0,0.0,0.0
2002-07-30,0.0,0.0,0.0
2002-07-31,0.0,0.0,0.0
2002-08-01,0.0,0.0,0.0
2002-08-02,0.0,0.0,0.0
2002-08-03,0.0,0.0,0.0
2002-08-04,0.0,0.8,0.0
2002-08-05,0.0,0.0,0.0
2002-08-06,0.0,0.0,0.0
2002-08-07,0.0,0.0,0.0
2002-08-08,0.0,0.0,0.0
2002-08-09,0.0,0.0,0.0
2002-08-10,0.0,0.0,0.0
2002-08-11,0.0,0.0,0.0
2002-08-12,0.0,0.2,0.0
2002-08-13,0.0,0.0,0.0
2002-08-14,0.0,0.0,0.0
2002-08-15,0.0,0.0,0.0
2002-08-16,0.0,0.0,0.0
2002-08-17,0.0,0.5,0.0
2002-08-18,0.0,2.3,0.0
2002-08-19,0.0,0.0,0.0
2002-08-20,0.0,0.0,0.0
2002-08-21,0.0,0.0,0.0
2002-08-22,0.0,0.2,0.0
2002-08-23,0.0,0.0,0.0
2002-08-24,0.0,0.0,0.0
2002-08-25,0.0,0.0,0.0
2002-08-26,0.0,0.0,0.0
2002-08-27,0.0,0.0,0.0
2002-08-28,0.0,0.0,0.0
2002-08-29,0.0,0.0,0.0
2002-08-30,0.0,0.1,0.0
2002-08-31,0.0,0.1,0.0
2002-09-01,0.0,0.0,0.0
2002-09-02,0.0,0.0,0.0
2002-09-03,0.0,0.0,0.0
2002-09-04,0.0,0.0,0.0
2002-09-05,0.0,0.0,0.0
2002-09-06,0.0,0.0,0.0
2002-09-07,0.0,0.0,0.0
2002-09-08,0.0,0.0,0.0
2002-09-09,0.0,0.0,0.0
2002-09-10,0.0,0.0,0.0
2002-09-11,0.0,0.0,0.0
2002-09-12,0.0,0.0,0.0
2002-09-14,0.0,0.0,0.0
2002-09-15,0.0,0.0,0.0
2002-09-16,0.0,0.0,0.0
2002-09-17,0.0,0.0,0.0
2002-09-18,0.0,0.0,0.0
2002-09-19,0.0,0.0,0.0
2002-09-20,0.0,0.0,0.0
2002-09-21,0.0,0.0,0.0
2002-09-22,0.0,0.0,0.0
2002-09-26,0.0,0.0,0.0
2002-09-27,0.0,0.0,0.0
2002-09-28,0.0,0.0,0.0
2002-09-29,0.0,0.0,0.0
2002-09-30,0.0,0.0,0.0
2002-10-01,0.0,0.0,0.0
2002-10-02,0.0,0.0,0.0
2002-10-03,0.0,0.0,0.0
2002-10-05,0.0,0.2,0.0
2002-10-06,0.0,0.0,0.0
2002-10-07,0.0,0.0,0.0
2002-10-08,0.0,0.0,0.0
2002-10-09,0.0,0.0,0.0
2002-10-10,0.0,0.0,0.0
2002-10-11,0.0,0.0,0.0
2002-10-12,0.0,0.0,0.0
2002-10-13,0.0,0.0,0.0
2002-10-14,0.0,0.0,0.0
2002-10-15,0.0,0.0,0.0
2002-10-16,0.0,0.0,0.0
2002-10-17,0.0,0.0,0.0
2002-10-18,4.0,0.0,0.0
2002-10-19,0.0,0.2,0.0
2002-10-20,0.0,0.0,0.0
2002-10-21,0.0,0.0,0.0
2002-10-23,1.0,18.5,36.7
2002-10-24,0.0,0.0,0.0
2002-10-25,0.0,0.0,0.0
2002-10-26,0.0,0.0,0.0
2002-10-27,0.0,3.3,1.0
2002-10-28,0.0,0.0,0.0
2002-10-29,0.0,0.0,0.0
2002-10-30,20.0,6.3,5.5
2002-10-31,9.0,3.8,1.6
2002-11-01,1.0,7.8,4.7
2002-11-02,0.0,0.0,0.0
2002-11-03,0.0,3.3,0.0
2002-11-04,0.0,9.9,8.6
2002-11-05,7.0,9.9,8.4
2002-11-06,0.0,0.0,0.0
2002-11-07,0.0,0.2,0.0
2002-11-08,14.0,8.1,5.3
2002-11-09,0.0,2.3,0.0
2002-11-10,0.0,1.7,0.0
2002-11-11,20.0,23.7,53.8
2002-11-12,7.0,5.7,4.6
2002-11-14,0.0,0.0,0.0
2002-11-15,4.0,3.4,1.0
2002-11-16,10.0,4.3,2.2
2002-11-17,6.0,0.9,0.0
2002-11-18,2.0,3.7,1.2
2002-11-22,0.0,1.5,0.0
2002-11-23,0.0,0.0,0.0
2002-11-24,0.0,7.8,5.2
2002-11-25,4.0,30.8,58.0
2002-11-26,0.0,7.6,4.9
2002-11-27,0.0,0.0,0.0
2002-11-28,0.0,8.6,6.3
2002-11-29,0.0,0.0,0.0
2002-11-30,7.0,6.2,3.1
2002-12-01,28.0,7.0,4.7
2002-12-02,0.0,0.2,0.0
2002-12-03,0.0,0.0,0.0
2002-12-04,0.0,0.0,0.0
2002-12-05,0.0,0.4,0.0
2002-12-06,0.0,0.0,0.0
2002-12-07,0.0,0.0,0.0
2002-12-08,0.0,0.0,0.0
2002-12-09,0.0,0.0,0.0
2002-12-10,0.0,0.0,0.0
2002-12-11,0.0,0.0,0.0
2002-12-12,0.0,0.0,0.0
2002-12-13,0.0,0.0,0.0
2002-12-14,1.0,0.8,0.0
2002-12-15,0.0,0.7,0.0
2002-12-16,10.0,5.2,4.2
2002-12-17,0.0,0.0,0.0
2002-12-18,28.0,0.2,0.0
2002-12-19,0.0,0.0,0.0
2002-12-21,0.0,0.5,0.0
2002-12-22,0.0,0.0,0.0
2002-12-23,0.0,0.2,0.0
2002-12-24,0.0,0.7,0.0
2002-12-25,0.0,0.0,0.0
2002-12-26,2.0,0.8,0.0
2002-12-27,0.0,14.3,15.6
2002-12-28,4.0,7.2,4.0
2002-12-29,54.0,56.8,49.1
2002-12-31,0.0,0.8,0.0
2003-01-01,0.0,0.6,0.0
2003-01-02,0.0,13.5,11.5
2003-01-03,0.0,5.8,1.7
2003-01-04,0.0,0.1,0.0
2003-01-05,0.0,0.8,0.0
2003-01-06,0.0,1.9,0.0
2003-01-07,0.0,11.8,9.0
2003-01-09,0.0,1.9,0.0
2003-01-10,0.0,0.1,0.0
2003-01-11,4.0,0.2,0.0
2003-01-12,6.0,2.5,1.0
2003-01-13,15.0,3.8,1.9
2003-01-14,11.0,1.3,0.0
2003-01-15,5.0,0.1,0.0
2003-01-16,0.0,0.2,0.0
2003-01-17,0.0,0.1,0.0
2003-01-18,0.0,0.0,0.0
2003-01-19,0.0,0.0,0.0
2003-01-21,27.0,0.0,0.0
2003-01-23,15.0,6.3,3.3
2003-01-24,0.0,10.5,7.9
2003-01-25,0.0,0.7,0.0
2003-01-26,0.0,0.0,0.0
2003-01-27,0.0,0.3,0.0
2003-01-29,6.0,4.1,1.0
2003-01-30,0.0,0.7,0.0
2003-01-31,0.0,0.0,0.0
2003-02-01,9.0,4.4,1.2
2003-02-02,0.0,1.4,0.0
2003-02-05,1.0,4.1,1.0
2003-02-06,0.0,5.1,1.9
2003-02-07,0.0,2.8,0.0
2003-02-08,0.0,0.6,0.0
2003-02-09,0.0,1.0,0.0
2003-02-10,12.0,3.3,1.0
2003-02-11,11.0,15.4,22.1
2003-02-13,5.0,0.5,0.0
2003-02-14,17.0,9.9,8.0
2003-02-16,0.0,0.0,0.0
2003-02-18,0.0,0.3,0.0
2003-02-19,0.0,5.6,3.6
2003-02-20,0.0,0.0,0.0
2003-02-21,0.0,1.1,0.0
2003-02-22,0.0,5.9,4.1
2003-02-23,0.0,0.9,0.0
2003-02-24,0.0,0.4,0.0
2003-02-25,0.0,0.0,0.0
2003-02-26,0.0,2.7,1.0
2003-02-27,1.0,6.5,4.9
2003-02-28,0.0,0.0,0.0
2003-03-01,0.0,2.4,0.0
2003-03-02,0.0,0.1,0.0
2003-03-03,0.0,0.0,0.0
2003-03-05,0.0,0.3,0.0
2003-03-07,0.0,0.0,0.0
2003-03-08,0.0,2.2,0.0
2003-03-09,0.0,0.0,0.0
2003-03-10,0.0,0.5,0.0
2003-03-11,0.0,3.7,1.2
2003-03-12,3.0,16.0,20.7
2003-03-13,3.0,3.0,1.0
2003-03-14,10.0,0.0,0.0
2003-03-15,2.0,0.7,0.0
2003-03-16,1.0,0.1,0.0
2003-03-18,84.0,11.7,12.8
2003-03-19,7.0,42.3,82.6
2003-03-21,2.0,1.6,0.0
2003-03-22,14.0,24.0,30.7
2003-03-23,13.0,6.7,5.6
2003-03-24,1.0,0.0,0.0
2003-03-25,1.0,0.1,0.0
2003-03-27,33.0,18.6,21.2
2003-03-28,19.0,2.0,1.0
2003-03-29,9.0,2.1,1.0
2003-03-30,13.0,17.7,19.3
2003-04-02,0.0,5.3,3.2
2003-04-03,23.0,2.3,0.0
2003-04-04,0.0,3.8,1.6
2003-04-05,22.0,4.7,2.6
2003-04-06,0.0,0.1,0.0
2003-04-07,0.0,0.3,0.0
2003-04-09,1.0,2.9,1.0
2003-04-10,3.0,3.7,1.5
2003-04-11,20.0,25.2,42.5
2003-04-12,14.0,4.1,1.4
2003-04-13,68.0,6.8,5.3
2003-04-14,0.0,1.2,0.0
2003-04-15,1.0,10.2,10.7
2003-04-16,9.0,0.1,0.0
2003-04-17,0.0,0.0,0.0
2003-04-18,17.0,0.0,0.0
2003-04-19,0.0,0.0,0.0
2003-04-20,50.0,0.0,0.0
2003-04-21,4.0,2.9,1.0
2003-04-22,0.0,0.0,0.0
2003-04-23,0.0,0.7,0.0
2003-04-24,0.0,0.8,0.0
2003-04-25,0.0,19.2,24.9
2003-04-26,0.0,1.1,0.0
2003-04-27,0.0,3.8,1.6
2003-04-28,1.0,4.2,2.0
2003-04-29,33.0,18.6,23.8
2003-05-04,3.0,11.6,14.2
2003-05-05,1.0,1.5,0.0
2003-05-06,5.0,0.9,0.0
2003-05-07,0.0,0.4,0.0
2003-05-09,52.0,18.9,37.1
2003-05-10,2.0,0.4,0.0
2003-05-11,14.0,19.9,37.8
2003-05-12,56.0,41.8,67.1
2003-05-13,10.0,18.4,34.2
2003-05-14,19.0,18.8,34.9
2003-05-15,10.0,39.9,65.4
2003-05-16,3.0,10.9,15.8
2003-05-17,12.0,0.0,0.0
2003-05-18,0.0,0.0,0.0
2003-05-19,0.0,0.0,0.0
2003-05-20,0.0,0.0,0.0
2003-05-21,0.0,0.0,0.0
2003-05-22,0.0,0.0,0.0
2003-05-23,0.0,0.0,0.0
2003-05-24,0.0,0.0,0.0
2003-05-25,0.0,0.0,0.0
2003-05-26,3.0,0.0,0.0
2003-05-27,2.0,0.0,0.0
2003-05-28,0.0,0.0,0.0
2003-05-29,0.0,0.0,0.0
2003-05-30,0.0,0.0,0.0
2003-05-31,0.0,0.0,0.0
2003-06-01,0.0,0.0,0.0
2003-06-02,0.0,0.0,0.0
2003-06-03,0.0,0.0,0.0
2003-06-04,0.0,0.0,0.0
2003-06-05,0.0,0.0,0.0
2003-06-06,0.0,0.0,0.0
2003-06-07,0.0,0.0,0.0
2003-06-08,0.0,0.0,0.0
2003-06-09,0.0,0.0,0.0
2003-06-10,0.0,0.0,0.0
2003-06-11,0.0,0.0,0.0
2003-06-12,0.0,0.0,0.0
2003-06-13,0.0,0.1,0.0
2003-06-14,0.0,0.7,0.0
2003-06-15,0.0,0.1,0.0
2003-06-16,0.0,0.0,0.0
2003-06-17,0.0,6.9,4.7
2003-06-18,0.0,5.9,3.4
2003-06-19,0.0,0.1,0.0
2003-06-20,0.0,0.3,0.0
2003-06-21,0.0,0.0,0.0
2003-06-22,2.0,0.1,0.0
2003-06-23,4.0,1.7,0.0
2003-06-24,0.0,4.0,2.1
2003-06-25,0.0,2.6,1.0
2003-06-26,1.0,0.1,0.0
2003-06-27,1.0,0.2,0.0
2003-06-28,3.0,11.1,9.6
2003-06-29,0.0,0.1,0.0
2003-07-02,0.0,0.2,0.0
2003-07-03,0.0,2.0,0.0
2003-07-04,0.0,0.1,0.0
2003-07-05,0.0,0.1,0.0
2003-07-06,23.0,12.2,10.1
2003-07-07,11.0,18.5,24.8
2003-07-08,8.0,18.9,25.7
2003-07-09,3.0,13.1,11.0
2003-07-10,7.0,29.9,45.7
2003-07-11,4.0,0.2,0.0
2003-07-12,0.0,0.6,0.0
2003-07-13,0.0,4.9,1.6
2003-07-14,1.0,1.3,0.0
2003-07-16,0.0,0.0,0.0
2003-07-17,0.0,0.0,0.0
2003-07-18,0.0,0.0,0.0
2003-07-19,1.0,5.2,1.9
2003-07-20,0.0,2.0,0.0
2003-07-21,0.0,0.0,0.0
2003-07-22,0.0,0.2,0.0
2003-07-23,0.0,0.0,0.0
2003-07-24,0.0,0.4,0.0
2003-07-25,2.0,17.4,24.2
2003-07-26,4.0,0.2,0.0
2003-07-27,0.0,0.0,0.0
2003-07-28,0.0,0.1,0.0
2003-07-29,0.0,0.0,0.0
2003-07-30,0.0,0.0,0.0
2003-07-31,0.0,0.0,0.0
2003-08-01,0.0,0.0,0.0
2003-08-02,0.0,0.0,0.0
2003-08-03,0.0,0.0,0.0
2003-08-04,0.0,0.0,0.0
2003-08-05,0.0,0.0,0.0
2003-08-06,0.0,0.0,0.0
2003-08-07,0.0,0.1,0.0
2003-08-08,0.0,1.1,0.0
2003-08-09,0.0,0.1,0.0
2003-08-10,0.0,0.0,0.0
2003-08-11,0.0,0.4,0.0
2003-08-12,0.0,10.8,7.5
2003-08-13,0.0,2.4,0.0
2003-08-15,0.0,0.0,0.0
2003-08-16,1.0,0.3,0.0
2003-08-17,2.0,18.2,31.3
2003-08-18,5.0,8.9,5.1
2003-08-21,4.0,0.0,0.0
2003-08-22,31.0,10.5,7.7
2003-08-24,0.0,1.4,0.0
2003-08-25,0.0,0.2,0.0
2003-08-26,3.0,0.0,0.0
2003-08-29,0.0,0.0,0.0
2003-08-30,0.0,0.0,0.0
2003-08-31,0.0,0.0,0.0
2003-09-01,0.0,0.6,0.0
2003-09-02,0.0,2.2,0.0
2003-09-03,0.0,4.4,0.0
2003-09-04,0.0,1.2,0.0
2003-09-05,0.0,0.0,0.0
2003-09-06,0.0,0.0,0.0
2003-09-07,0.0,0.5,0.0
2003-09-08,0.0,0.1,0.0
2003-09-09,0.0,0.0,0.0
2003-09-10,0.0,0.4,0.0
2003-09-11,0.0,0.0,0.0
2003-09-12,0.0,0.0,0.0
2003-09-13,0.0,0.0,0.0
2003-09-14,16.0,3.8,0.0
2003-09-15,0.0,0.0,0.0
2003-09-16,8.0,5.8,1.2
2003-09-17,2.0,4.5,0.0
2003-09-18,0.0,0.0,0.0
2003-09-20,37.0,48.5,73.3
2003-09-22,2.0,0.4,0.0
2003-09-23,0.0,0.4,0.0
2003-09-24,0.0,0.0,0.0
2003-09-25,0.0,0.0,0.0
2003-09-26,0.0,0.0,0.0
2003-09-27,0.0,0.0,0.0
2003-09-28,0.0,0.0,0.0
2003-09-29,0.0,0.0,0.0
2003-09-30,0.0,1.3,0.0
2003-10-02,0.0,0.0,0.0
2003-10-03,0.0,0.0,0.0
2003-10-04,0.0,0.0,0.0
2003-10-05,13.0,13.5,15.8
2003-10-06,1.0,7.3,5.6
2003-10-08,4.0,10.7,11.9
2003-10-09,1.0,8.1,7.1
2003-10-10,1.0,44.0,69.8
2003-10-11,0.0,0.0,0.0
2003-10-12,0.0,3.8,0.0
2003-10-14,15.0,14.3,12.1
2003-10-15,0.0,0.4,0.0
2003-10-16,0.0,0.4,0.0
2003-10-17,0.0,0.1,0.0
2003-10-18,0.0,1.9,0.0
2003-10-19,0.0,2.6,0.0
2003-10-20,0.0,0.0,0.0
2003-10-21,0.0,0.0,0.0
2003-10-22,0.0,0.0,0.0
2003-10-23,0.0,0.0,0.0
2003-10-24,0.0,0.0,0.0
2003-10-25,0.0,8.8,9.2
2003-10-26,0.0,1.3,0.0
2003-10-27,0.0,0.7,0.0
2003-10-28,0.0,0.0,0.0
2003-10-29,0.0,0.3,0.0
2003-10-30,0.0,0.3,0.0
2003-11-01,3.0,26.7,67.7
2003-11-02,10.0,0.4,0.0
2003-11-03,0.0,0.0,0.0
2003-11-04,0.0,0.0,0.0
2003-11-05,0.0,0.0,0.0
2003-11-06,0.0,0.4,0.0
2003-11-07,0.0,0.5,0.0
2003-11-08,0.0,0.0,0.0
2003-11-09,0.0,0.0,0.0
2003-11-10,0.0,0.0,0.0
2003-11-11,0.0,0.0,0.0
2003-11-12,0.0,0.9,0.0
2003-11-13,2.0,0.8,0.0
2003-11-14,6.0,0.3,0.0
2003-11-15,0.0,4.6,2.6
2003-11-16,10.0,0.0,0.0
2003-11-17,0.0,1.1,0.0
2003-11-18,0.0,2.2,0.0
2003-11-19,0.0,0.0,0.0
2003-11-20,3.0,7.7,8.4
2003-11-21,24.0,3.9,1.0
2003-11-24,0.0,0.0,0.0
2003-11-25,10.0,11.0,9.6
2003-11-26,0.0,0.0,0.0
2003-11-27,9.0,18.7,25.5
2003-11-28,3.0,0.0,0.0
2003-11-29,0.0,0.5,0.0
2003-11-30,2.0,0.6,0.0
2003-12-01,3.0,1.9,0.0
2003-12-02,0.0,1.7,0.0
2003-12-03,1.0,2.5,0.0
2003-12-04,9.0,12.3,13.4
2003-12-05,2.0,9.1,8.2
2003-12-07,8.0,27.9,46.0
2003-12-08,0.0,0.7,0.0
2003-12-09,15.0,7.8,5.9
2003-12-10,10.0,26.3,43.4
2003-12-12,13.0,9.5,12.6
2003-12-13,47.0,2.8,0.0
2003-12-14,18.0,36.0,77.0
2003-12-15,55.0,26.7,57.7
2003-12-16,5.0,12.1,17.1
2003-12-17,8.0,2.2,0.0
2003-12-18,24.0,11.3,16.2
2003-12-19,1.0,2.7,0.0
2003-12-20,0.0,1.2,0.0
2003-12-22,3.0,16.2,18.3
2003-12-23,0.0,2.5,0.0
2003-12-24,2.0,3.9,1.0
2003-12-25,6.0,3.4,0.0
2003-12-26,3.0,0.1,0.0
2003-12-28,0.0,0.0,0.0
2003-12-29,1.0,0.1,0.0
2004-01-03,0.0,0.1,0.0
2004-01-05,0.0,1.9,0.0
2004-01-06,0.0,0.7,0.0
2004-01-07,0.0,0.0,0.0
2004-01-08,3.0,4.1,0.0
2004-01-09,0.0,0.1,0.0
2004-01-10,1.0,0.0,0.0
2004-01-11,0.0,0.0,0.0
2004-01-12,6.0,0.7,0.0
2004-01-13,0.0,0.0,0.0
2004-01-14,0.0,0.0,0.0
2004-01-15,0.0,0.0,0.0
2004-01-16,0.0,0.5,0.0
2004-01-17,0.0,0.1,0.0
2004-01-21,0.0,0.9,0.0
2004-01-22,0.0,1.1,0.0
2004-01-23,5.0,3.0,1.0
2004-01-24,0.0,0.1,0.0
2004-01-25,2.0,2.1,0.0
2004-01-26,9.0,6.3,3.4
2004-01-27,33.0,7.6,4.7
2004-01-28,30.0,5.3,2.3
2004-01-29,16.0,21.4,24.1
2004-01-30,0.0,2.0,0.0
2004-01-31,23.0,46.5,62.2
2004-02-01,1.0,32.3,42.9
2004-02-04,1.0,12.0,9.3
2004-02-05,0.0,6.9,3.7
2004-02-06,14.0,15.8,14.0
2004-02-07,39.0,9.1,7.1
2004-02-08,4.0,6.2,3.0
2004-02-09,0.0,1.5,0.0
2004-02-10,15.0,2.1,0.0
2004-02-11,1.0,0.2,0.0
2004-02-13,1.0,1.3,0.0
2004-02-14,0.0,0.2,0.0
2004-02-15,0.0,0.0,0.0
2004-02-16,19.0,7.0,5.0
2004-02-17,1.0,6.4,4.4
2004-02-18,0.0,0.0,0.0
2004-02-19,0.0,0.2,0.0
2004-02-20,0.0,3.5,1.5
2004-02-21,0.0,0.0,0.0
2004-02-23,0.0,4.8,2.8
2004-02-26,4.0,0.0,0.0
2004-02-27,0.0,0.0,0.0
2004-02-28,0.0,0.3,0.0
2004-02-29,0.0,0.0,0.0
2004-03-01,0.0,0.9,0.0
2004-03-02,0.0,0.0,0.0
2004-03-03,0.0,3.5,1.0
2004-03-04,0.0,0.1,0.0
2004-03-05,14.0,16.6,18.4
2004-03-06,23.0,0.3,0.0
2004-03-08,3.0,5.5,1.7
2004-03-09,1.0,0.1,0.0
2004-03-10,4.0,3.2,0.0
2004-03-11,4.0,9.2,9.4
2004-03-12,0.0,0.0,0.0
2004-03-14,3.0,3.7,1.3
2004-03-15,3.0,0.3,0.0
2004-03-16,0.0,0.0,0.0
2004-03-17,0.0,0.0,0.0
2004-03-18,0.0,0.0,0.0
2004-03-19,8.0,1.4,0.0
2004-03-20,0.0,0.0,0.0
2004-03-21,0.0,0.0,0.0
2004-03-22,0.0,0.1,0.0
2004-03-23,3.0,0.1,0.0
2004-03-24,0.0,0.0,0.0
2004-03-25,0.0,0.0,0.0
2004-03-26,0.0,0.1,0.0
2004-03-27,0.0,0.2,0.0
2004-03-28,4.0,7.8,6.7
2004-03-29,4.0,4.7,3.3
2004-03-30,4.0,2.4,1.0
2004-03-31,1.0,6.4,5.2
2004-04-01,0.0,0.0,0.0
2004-04-02,0.0,0.0,0.0
2004-04-03,0.0,0.0,0.0
2004-04-04,0.0,0.0,0.0
2004-04-05,0.0,0.2,0.0
2004-04-06,29.0,10.5,8.5
2004-04-07,0.0,0.0,0.0
2004-04-08,4.0,0.3,0.0
2004-04-09,92.0,18.6,20.4
2004-04-10,0.0,0.0,0.0
2004-04-11,3.0,0.0,0.0
2004-04-12,0.0,0.1,0.0
2004-04-13,10.0,0.0,0.0
2004-04-14,0.0,1.7,0.0
2004-04-15,5.0,20.0,31.3
2004-04-17,1.0,5.4,3.4
2004-04-18,3.0,0.1,0.0
2004-04-19,0.0,0.0,0.0
2004-04-20,11.0,0.0,0.0
2004-04-21,0.0,0.6,0.0
2004-04-22,13.0,2.1,0.0
2004-04-23,0.0,1.4,0.0
2004-04-24,1.0,2.6,1.0
2004-04-25,2.0,2.3,0.0
2004-04-26,1.0,5.4,3.4
2004-04-27,0.0,0.0,0.0
2004-04-28,1.0,0.0,0.0
2004-04-29,0.0,0.1,0.0
2004-05-01,1.0,1.6,0.0
2004-05-02,10.0,7.4,6.7
2004-05-03,2.0,21.7,44.8
2004-05-04,4.0,0.8,0.0
2004-05-05,1.0,6.4,5.1
2004-05-06,19.0,19.8,38.9
2004-05-07,12.0,39.0,81.6
2004-05-08,2.0,17.2,32.1
2004-05-09,6.0,16.0,28.8
2004-05-10,0.0,10.2,11.3
2004-05-12,15.0,6.7,8.8
2004-05-13,0.0,1.0,0.0
2004-05-14,0.0,1.1,0.0
2004-05-16,10.0,0.8,0.0
2004-05-17,0.0,0.0,0.0
2004-05-18,0.0,0.0,0.0
2004-05-19,0.0,0.0,0.0
2004-05-20,0.0,0.0,0.0
2004-05-21,0.0,0.0,0.0
2004-05-22,0.0,0.0,0.0
2004-05-23,0.0,0.0,0.0
2004-05-24,0.0,0.0,0.0
2004-05-25,0.0,0.2,0.0
2004-05-28,31.0,23.9,45.5
2004-05-29,8.0,30.3,52.5
2004-05-30,0.0,0.5,0.0
2004-05-31,18.0,12.2,16.2
2004-06-02,29.0,7.7,5.4
2004-06-03,2.0,0.6,0.0
2004-06-05,0.0,0.2,0.0
2004-06-06,0.0,0.1,0.0
2004-06-07,0.0,0.1,0.0
2004-06-08,0.0,0.5,0.0
2004-06-10,10.0,20.0,24.6
2004-06-11,0.0,0.9,0.0
2004-06-12,0.0,0.3,0.0
2004-06-14,0.0,1.2,0.0
2004-06-15,5.0,4.0,1.2
2004-06-16,0.0,0.1,0.0
2004-06-17,0.0,0.3,0.0
2004-06-18,0.0,0.0,0.0
2004-06-19,0.0,0.0,0.0
2004-06-20,0.0,0.0,0.0
2004-06-22,3.0,0.0,0.0
2004-06-24,0.0,0.0,0.0
2004-06-25,0.0,0.1,0.0
2004-06-26,0.0,0.1,0.0
2004-06-27,1.0,0.4,0.0
2004-06-30,0.0,0.0,0.0
2004-07-01,0.0,0.0,0.0
2004-07-02,0.0,0.5,0.0
2004-07-03,0.0,0.0,0.0
2004-07-04,0.0,0.0,0.0
2004-07-05,0.0,0.0,0.0
2004-07-07,1.0,0.7,0.0
2004-07-08,3.0,1.4,0.0
2004-07-10,0.0,0.8,0.0
2004-07-11,15.0,2.0,0.0
2004-07-12,0.0,7.1,4.4
2004-07-13,2.0,1.1,0.0
2004-07-14,0.0,0.1,0.0
2004-07-15,0.0,0.0,0.0
2004-07-16,0.0,0.0,0.0
2004-07-17,29.0,2.6,0.0
2004-07-18,1.0,2.4,0.0
2004-07-20,0.0,0.4,0.0
2004-07-21,0.0,0.0,0.0
2004-07-22,0.0,0.5,0.0
2004-07-23,0.0,2.3,0.0
2004-07-25,0.0,0.0,0.0
2004-07-26,0.0,0.0,0.0
2004-07-27,0.0,0.0,0.0
2004-07-28,5.0,28.3,37.0
2004-07-29,8.0,13.9,15.2
2004-07-30,2.0,6.0,4.2
2004-07-31,0.0,4.8,2.5
2004-08-01,0.0,3.3,0.0
2004-08-02,0.0,2.7,0.0
2004-08-03,0.0,15.7,28.2
2004-08-04,0.0,8.5,7.3
2004-08-05,0.0,0.0,0.0
2004-08-06,0.0,3.9,0.0
2004-08-07,0.0,0.7,0.0
2004-08-08,0.0,0.0,0.0
2004-08-09,0.0,0.0,0.0
2004-08-10,0.0,0.0,0.0
2004-08-11,0.0,0.0,0.0
2004-08-12,0.0,0.0,0.0
2004-08-13,0.0,2.6,0.0
2004-08-14,0.0,1.4,0.0
2004-08-15,0.0,0.0,0.0
2004-08-16,0.0,7.4,3.4
2004-08-17,0.0,0.0,0.0
2004-08-18,0.0,0.0,0.0
2004-08-19,0.0,0.5,0.0
2004-08-20,0.0,0.0,0.0
2004-08-21,0.0,0.0,0.0
2004-08-22,0.0,0.0,0.0
2004-08-23,0.0,0.0,0.0
2004-08-24,0.0,0.0,0.0
2004-08-25,0.0,0.0,0.0
2004-08-26,0.0,0.0,0.0
2004-08-27,0.0,0.3,0.0
2004-08-28,0.0,0.0,0.0
2004-08-29,0.0,0.0,0.0
2004-08-30,0.0,0.0,0.0
2004-08-31,0.0,0.0,0.0
2004-09-01,0.0,0.0,0.0
2004-09-02,0.0,0.1,0.0
2004-09-04,0.0,0.0,0.0
2004-09-05,0.0,0.0,0.0
2004-09-06,0.0,0.4,0.0
2004-09-08,17.0,0.0,0.0
2004-09-09,0.0,0.8,0.0
2004-09-10,8.0,0.0,0.0
2004-09-11,0.0,0.0,0.0
2004-09-13,0.0,0.0,0.0
2004-09-14,0.0,0.0,0.0
2004-09-15,0.0,0.0,0.0
2004-09-16,0.0,0.3,0.0
2004-09-17,0.0,0.0,0.0
2004-09-18,11.0,0.3,0.0
2004-09-19,0.0,0.0,0.0
2004-09-20,0.0,0.0,0.0
2004-09-21,0.0,0.0,0.0
2004-09-22,0.0,0.0,0.0
2004-09-23,0.0,0.0,0.0
2004-09-24,0.0,0.0,0.0
2004-09-25,0.0,0.1,0.0
2004-09-26,0.0,0.0,0.0
2004-09-27,0.0,0.0,0.0
2004-09-28,0.0,0.0,0.0
2004-09-29,0.0,0.2,0.0
2004-09-30,0.0,0.3,0.0
2004-10-01,0.0,0.0,0.0
2004-10-02,0.0,0.0,0.0
2004-10-03,0.0,0.0,0.0
2004-10-04,0.0,0.4,0.0
2004-10-05,0.0,0.2,0.0
2004-10-06,0.0,0.0,0.0
2004-10-07,0.0,0.3,0.0
2004-10-08,0.0,0.0,0.0
2004-10-09,0.0,0.0,0.0
2004-10-10,0.0,8.3,6.9
2004-10-11,0.0,5.8,1.0
2004-10-12,0.0,0.0,0.0
2004-10-13,0.0,0.0,0.0
2004-10-14,0.0,0.1,0.0
2004-10-15,0.0,0.0,0.0
2004-10-16,0.0,0.0,0.0
2004-10-17,0.0,0.0,0.0
2004-10-18,0.0,0.1,0.0
2004-10-19,0.0,0.0,0.0
2004-10-20,45.0,0.2,0.0
2004-10-21,0.0,1.4,0.0
2004-10-22,7.0,0.1,0.0
2004-10-24,38.0,7.1,6.8
2004-10-25,0.0,0.0,0.0
2004-10-26,16.0,1.3,0.0
2004-10-27,0.0,0.0,0.0
2004-10-28,7.0,5.3,3.9
2004-10-29,0.0,0.0,0.0
2004-10-30,4.0,2.4,0.0
2004-10-31,5.0,0.0,0.0
2004-11-02,8.0,0.0,0.0
2004-11-03,1.0,0.0,0.0
2004-11-04,1.0,1.0,0.0
2004-11-06,0.0,0.2,0.0
2004-11-08,0.0,1.7,0.0
2004-11-09,10.0,5.0,1.0
2004-11-12,0.0,2.7,0.0
2004-11-13,0.0,2.2,0.0
2004-11-14,0.0,0.0,0.0
2004-11-15,0.0,0.1,0.0
2004-11-16,0.0,2.5,0.0
2004-11-17,0.0,1.7,0.0
2004-11-18,0.0,2.4,0.0
2004-11-19,17.0,13.4,24.6
2004-11-20,1.0,0.0,0.0
2004-11-23,0.0,0.0,0.0
2004-11-24,0.0,0.7,0.0
2004-11-25,1.0,1.6,0.0
2004-11-26,0.0,0.0,0.0
2004-11-27,10.0,1.8,0.0
2004-11-28,12.0,23.8,36.3
2004-11-30,0.0,4.6,1.1
2004-12-01,5.0,1.4,0.0
2004-12-02,4.0,17.1,25.8
2004-12-03,10.0,3.9,1.0
2004-12-04,0.0,0.0,0.0
2004-12-05,8.0,4.3,1.0
2004-12-06,0.0,1.4,0.0
2004-12-07,0.0,0.1,0.0
2004-12-08,0.0,1.1,0.0
2004-12-09,1.0,11.8,11.7
2004-12-10,0.0,2.7,0.0
2004-12-11,0.0,2.5,0.0
2004-12-13,8.0,0.0,0.0
2004-12-14,17.0,9.8,13.0
2004-12-15,14.0,3.7,1.4
2004-12-16,0.0,4.5,2.8
2004-12-17,0.0,2.6,0.0
2004-12-19,0.0,0.0,0.0
2004-12-21,3.0,6.7,3.4
2004-12-22,0.0,0.3,0.0
2004-12-23,3.0,10.9,7.8
2004-12-24,0.0,0.4,0.0
2004-12-26,0.0,0.7,0.0
2004-12-27,2.0,3.5,1.0
2004-12-28,2.0,4.8,1.4
2004-12-29,0.0,3.5,0.0
2004-12-30,0.0,1.3,0.0
2004-12-31,0.0,0.4,0.0
2005-01-01,0.0,0.0,0.0
2005-01-05,0.0,2.5,0.0
2005-01-07,0.0,1.0,0.0
2005-01-08,12.0,11.9,9.6
2005-01-09,0.0,2.3,0.0
2005-01-10,0.0,0.8,0.0
2005-01-12,1.0,10.3,10.0
2005-01-13,0.0,0.1,0.0
2005-01-14,5.0,0.3,0.0
2005-01-15,1.0,2.1,0.0
2005-01-16,0.0,0.4,0.0
2005-01-17,0.0,0.2,0.0
2005-01-18,0.0,1.2,0.0
2005-01-19,0.0,0.1,0.0
2005-01-20,0.0,4.1,2.3
2005-01-21,2.0,3.1,1.0
2005-01-22,0.0,0.1,0.0
2005-01-23,0.0,4.3,1.3
2005-01-24,0.0,0.3,0.0
2005-01-25,0.0,0.0,0.0
2005-01-26,0.0,0.0,0.0
2005-01-27,0.0,0.5,0.0
2005-01-28,0.0,0.0,0.0
2005-01-29,0.0,0.0,0.0
2005-01-30,0.0,0.6,0.0
2005-01-31,9.0,14.1,12.1
2005-02-01,8.0,5.6,2.4
2005-02-02,0.0,0.0,0.0
2005-02-03,33.0,100.7,91.1
2005-02-06,3.0,13.4,10.5
2005-02-07,37.0,30.7,40.6
2005-02-08,4.0,5.6,2.4
2005-02-09,1.0,2.7,0.0
2005-02-10,0.0,0.1,0.0
2005-02-11,0.0,0.1,0.0
2005-02-12,2.0,0.0,0.0
2005-02-13,15.0,5.4,3.3
2005-02-15,0.0,0.0,0.0
2005-02-16,0.0,0.0,0.0
2005-02-17,0.0,0.4,0.0
2005-02-18,0.0,0.0,0.0
2005-02-19,0.0,0.0,0.0
2005-02-20,0.0,0.0,0.0
2005-02-21,0.0,0.0,0.0
2005-02-22,0.0,0.0,0.0
2005-02-23,0.0,0.4,0.0
2005-02-24,0.0,0.2,0.0
2005-02-25,0.0,0.0,0.0
2005-02-26,0.0,0.3,0.0
2005-02-27,0.0,0.0,0.0
2005-02-28,0.0,0.0,0.0
2005-03-01,0.0,0.0,0.0
2005-03-02,0.0,0.0,0.0
2005-03-03,0.0,0.0,0.0
2005-03-04,0.0,0.0,0.0
2005-03-05,0.0,0.0,0.0
2005-03-06,0.0,0.0,0.0
2005-03-07,0.0,0.0,0.0
2005-03-08,0.0,1.0,0.0
2005-03-09,0.0,0.0,0.0
2005-03-10,0.0,0.0,0.0
2005-03-11,0.0,0.0,0.0
2005-03-12,4.0,0.1,0.0
2005-03-14,7.0,16.8,22.6
2005-03-15,0.0,0.0,0.0
2005-03-16,0.0,0.2,0.0
2005-03-17,0.0,0.0,0.0
2005-03-18,0.0,0.1,0.0
2005-03-19,0.0,0.6,0.0
2005-03-20,0.0,0.0,0.0
2005-03-22,0.0,4.0,2.6
2005-03-24,7.0,10.1,9.5
2005-03-25,20.0,71.4,75.8
2005-03-26,0.0,5.2,3.9
2005-03-27,0.0,9.0,8.2
2005-03-28,47.0,18.4,21.1
2005-03-29,26.0,17.4,19.2
2005-03-30,0.0,9.3,8.8
2005-03-31,6.0,7.5,6.4
2005-04-01,16.0,35.2,39.2
2005-04-02,5.0,19.9,21.8
2005-04-04,3.0,3.8,1.6
2005-04-06,1.0,0.9,0.0
2005-04-07,1.0,11.6,9.7
2005-04-10,1.0,12.5,10.2
2005-04-11,3.0,2.7,0.0
2005-04-12,3.0,7.6,6.6
2005-04-14,27.0,6.6,5.1
2005-04-18,7.0,0.9,0.0
2005-04-19,4.0,0.0,0.0
2005-04-20,1.0,1.0,0.0
2005-04-21,0.0,0.0,0.0
2005-04-22,0.0,2.9,1.0
2005-04-24,0.0,0.1,0.0
2005-04-25,0.0,0.0,0.0
2005-04-26,0.0,0.0,0.0
2005-04-27,0.0,0.0,0.0
2005-04-28,2.0,0.1,0.0
2005-04-29,31.0,27.8,35.9
2005-04-30,0.0,0.0,0.0
2005-05-01,0.0,1.8,0.0
2005-05-02,0.0,6.0,4.4
2005-05-03,0.0,0.1,0.0
2005-05-04,3.0,2.6,0.0
2005-05-05,1.0,6.7,5.6
2005-05-06,69.0,25.3,54.0
2005-05-07,1.0,0.1,0.0
2005-05-08,25.0,15.4,27.7
2005-05-09,11.0,6.6,5.4
2005-05-11,20.0,0.5,0.0
2005-05-12,9.0,20.1,37.7
2005-05-13,70.0,19.3,36.5
2005-05-14,0.0,16.1,25.9
2005-05-15,0.0,0.0,0.0
2005-05-16,0.0,0.0,0.0
2005-05-17,0.0,0.0,0.0
2005-05-18,2.0,0.0,0.0
2005-05-19,0.0,0.0,0.0
2005-05-21,0.0,0.0,0.0
2005-05-22,0.0,1.4,0.0
2005-05-23,11.0,19.1,36.4
2005-05-24,0.0,0.0,0.0
2005-05-27,7.0,10.7,11.8
2005-05-28,0.0,0.1,0.0
2005-05-29,0.0,0.3,0.0
2005-05-30,2.0,0.1,0.0
2005-06-01,0.0,0.0,0.0
2005-06-02,0.0,0.0,0.0
2005-06-03,0.0,0.0,0.0
2005-06-04,0.0,0.0,0.0
2005-06-05,0.0,0.0,0.0
2005-06-06,0.0,0.0,0.0
2005-06-07,0.0,0.0,0.0
2005-06-08,0.0,0.1,0.0
2005-06-09,4.0,7.1,4.6
2005-06-10,14.0,7.0,4.5
2005-06-11,0.0,0.1,0.0
2005-06-12,0.0,0.0,0.0
2005-06-15,12.0,12.1,11.7
2005-06-16,0.0,0.0,0.0
2005-06-17,13.0,27.7,51.7
2005-06-18,4.0,0.7,0.0
2005-06-20,3.0,9.3,7.9
2005-06-21,2.0,6.2,4.3
2005-06-23,3.0,3.9,2.0
2005-06-25,27.0,42.7,51.9
2005-06-26,0.0,1.5,0.0
2005-06-27,0.0,0.3,0.0
2005-06-28,1.0,0.0,0.0
2005-06-29,1.0,17.4,15.9
2005-06-30,0.0,1.9,1.0
2005-07-02,0.0,0.1,0.0
2005-07-03,0.0,0.9,0.0
2005-07-04,0.0,0.4,0.0
2005-07-05,1.0,5.4,2.4
2005-07-06,0.0,0.2,0.0
2005-07-07,1.0,0.7,0.0
2005-07-08,134.0,0.3,0.0
2005-07-09,3.0,2.7,0.0
2005-07-12,35.0,20.8,34.7
2005-07-13,3.0,6.7,3.7
2005-07-14,0.0,0.7,0.0
2005-07-16,24.0,28.7,41.8
2005-07-17,0.0,5.3,2.1
2005-07-18,6.0,4.8,1.5
2005-07-20,0.0,1.3,0.0
2005-07-21,0.0,0.8,0.0
2005-07-23,1.0,9.7,7.6
2005-07-24,0.0,1.5,0.0
2005-07-25,0.0,2.5,1.0
2005-07-26,0.0,0.3,0.0
2005-07-27,0.0,0.3,0.0
2005-07-28,1.0,2.2,0.0
2005-07-29,0.0,1.1,0.0
2005-07-30,0.0,0.0,0.0
2005-07-31,1.0,0.9,0.0
2005-08-01,0.0,0.0,0.0
2005-08-02,0.0,0.5,0.0
2005-08-03,0.0,0.1,0.0
2005-08-04,0.0,0.6,0.0
2005-08-05,0.0,0.0,0.0
2005-08-06,0.0,0.0,0.0
2005-08-07,0.0,0.0,0.0
2005-08-08,0.0,1.2,0.0
2005-08-09,0.0,0.0,0.0
2005-08-10,0.0,0.1,0.0
2005-08-11,0.0,0.0,0.0
2005-08-12,0.0,0.2,0.0
2005-08-13,0.0,0.8,0.0
2005-08-14,0.0,0.1,0.0
2005-08-15,0.0,0.0,0.0
2005-08-16,0.0,0.2,0.0
2005-08-18,1.0,8.4,4.8
2005-08-20,0.0,0.4,0.0
2005-08-21,0.0,0.2,0.0
2005-08-22,0.0,0.4,0.0
2005-08-24,16.0,0.2,0.0
2005-08-25,0.0,0.4,0.0
2005-08-26,0.0,0.0,0.0
2005-08-27,0.0,1.3,0.0
2005-08-28,0.0,0.2,0.0
2005-08-29,0.0,3.7,1.0
2005-08-30,0.0,0.0,0.0
2005-08-31,0.0,0.1,0.0
2005-09-02,0.0,0.0,0.0
2005-09-03,0.0,0.0,0.0
2005-09-04,0.0,0.0,0.0
2005-09-06,0.0,0.1,0.0
2005-09-07,0.0,0.0,0.0
2005-09-08,0.0,0.4,0.0
2005-09-09,0.0,2.7,0.0
2005-09-10,0.0,2.7,0.0
2005-09-11,0.0,0.6,0.0
2005-09-12,0.0,0.0,0.0
2005-09-13,0.0,2.7,0.0
2005-09-14,0.0,0.0,0.0
2005-09-15,0.0,0.6,0.0
2005-09-16,0.0,0.0,0.0
2005-09-17,0.0,0.0,0.0
2005-09-18,0.0,0.0,0.0
2005-09-20,0.0,0.0,0.0
2005-09-21,0.0,0.0,0.0
2005-09-22,0.0,0.0,0.0
2005-09-23,0.0,3.1,0.0
2005-09-25,0.0,0.0,0.0
2005-09-26,0.0,0.0,0.0
2005-09-27,16.0,15.5,24.8
2005-09-28,4.0,1.7,0.0
2005-09-29,0.0,0.0,0.0
2005-09-30,0.0,0.0,0.0
2005-10-01,0.0,0.0,0.0
2005-10-02,0.0,0.0,0.0
2005-10-03,0.0,4.0,1.0
2005-10-04,0.0,0.0,0.0
2005-10-05,0.0,0.0,0.0
2005-10-06,1.0,14.3,19.9
2005-10-07,0.0,5.1,2.1
2005-10-09,3.0,0.0,0.0
2005-10-10,5.0,3.1,0.0
2005-10-12,57.0,12.4,9.4
2005-10-13,14.0,3.9,0.0
2005-10-14,16.0,16.5,17.3
2005-10-15,11.0,8.2,4.1
2005-10-16,6.0,18.1,25.4
2005-10-20,0.0,8.3,4.2
2005-10-21,43.0,1.6,0.0
2005-10-22,0.0,0.0,0.0
2005-10-23,0.0,2.7,1.0
2005-10-24,36.0,9.1,10.3
2005-10-25,8.0,7.7,8.3
2005-10-28,9.0,42.1,98.1
2005-10-30,9.0,0.5,0.0
2005-10-31,5.0,7.1,6.8
2005-11-01,7.0,21.0,46.7
2005-11-02,3.0,20.9,46.7
2005-11-05,2.0,9.8,8.3
2005-11-06,0.0,0.9,0.0
2005-11-07,0.0,4.8,1.0
2005-11-08,2.0,8.0,5.1
2005-11-09,0.0,3.1,0.0
2005-11-10,23.0,10.1,9.0
2005-11-11,0.0,4.0,1.6
2005-11-12,2.0,17.8,34.8
2005-11-13,1.0,4.5,2.5
2005-11-14,17.0,14.7,27.3
2005-11-15,0.0,1.0,0.0
2005-11-16,0.0,0.6,0.0
2005-11-17,0.0,5.3,3.8
2005-11-18,5.0,4.4,2.3
2005-11-19,2.0,0.5,0.0
2005-11-20,0.0,4.4,2.3
2005-11-21,0.0,0.1,0.0
2005-11-23,2.0,9.2,7.6
2005-11-24,1.0,9.2,7.2
2005-11-25,5.0,1.8,0.0
2005-11-26,1.0,0.9,0.0
2005-11-27,12.0,14.0,15.0
2005-11-30,0.0,0.6,0.0
2005-12-03,10.0,2.3,0.0
2005-12-10,31.0,1.8,0.0
2005-12-11,1.0,14.7,30.0
2005-12-14,1.0,3.9,1.8
2005-12-15,18.0,4.5,2.8
2005-12-16,3.0,1.1,0.0
2005-12-20,6.0,4.6,3.0
2005-12-23,18.0,3.4,0.0
2005-12-24,26.0,27.6,33.5
2005-12-25,3.0,3.6,1.0
2005-12-27,15.0,6.3,3.1
2006-01-01,1.0,2.2,0.0
2006-01-02,1.0,3.6,0.0
2006-01-03,0.0,0.1,0.0
2006-01-05,4.0,7.9,4.2
2006-01-06,3.0,14.4,16.1
2006-01-07,0.0,0.1,0.0
2006-01-08,0.0,0.1,0.0
2006-01-09,3.0,7.4,3.7
2006-01-10,4.0,0.8,0.0
2006-01-11,6.0,0.4,0.0
2006-01-12,17.0,11.1,10.5
2006-01-13,19.0,42.3,58.4
2006-01-14,10.0,2.3,1.0
2006-01-15,3.0,9.6,8.6
2006-01-16,1.0,4.8,3.1
2006-01-17,0.0,0.8,0.0
2006-01-18,7.0,2.2,0.0
2006-01-19,0.0,1.8,0.0
2006-01-20,0.0,3.3,1.3
2006-01-21,7.0,1.9,0.0
2006-01-22,8.0,1.6,0.0
2006-01-23,0.0,0.2,0.0
2006-01-24,0.0,0.6,0.0
2006-01-25,0.0,0.0,0.0
2006-01-26,17.0,6.1,3.1
2006-01-27,0.0,0.8,0.0
2006-01-28,0.0,0.1,0.0
2006-01-29,0.0,0.0,0.0
2006-01-30,1.0,2.9,0.0
2006-02-01,0.0,0.2,0.0
2006-02-02,10.0,5.9,2.7
2006-02-03,29.0,16.3,16.9
2006-02-04,1.0,1.1,0.0
2006-02-05,0.0,0.6,0.0
2006-02-06,5.0,0.3,0.0
2006-02-07,6.0,25.0,30.5
2006-02-08,4.0,2.2,0.0
2006-02-09,0.0,0.4,0.0
2006-02-10,0.0,1.0,0.0
2006-02-11,34.0,1.5,0.0
2006-02-12,17.0,2.6,1.0
2006-02-13,12.0,0.6,0.0
2006-02-14,0.0,0.0,0.0
2006-02-15,0.0,0.0,0.0
2006-02-16,0.0,8.5,6.5
2006-02-17,9.0,11.8,10.4
2006-02-18,7.0,18.9,30.3
2006-02-19,0.0,0.6,0.0
2006-02-20,0.0,8.5,6.6
2006-02-21,0.0,1.4,0.0
2006-02-22,0.0,0.2,0.0
2006-02-23,0.0,0.0,0.0
2006-02-24,4.0,4.2,2.1
2006-02-25,0.0,0.0,0.0
2006-02-26,0.0,0.0,0.0
2006-02-27,1.0,1.6,0.0
2006-02-28,4.0,3.3,1.1
2006-03-01,25.0,13.4,9.4
2006-03-02,0.0,4.0,1.0
2006-03-03,8.0,0.8,0.0
2006-03-04,0.0,0.5,0.0
2006-03-05,0.0,0.0,0.0
2006-03-06,0.0,0.0,0.0
2006-03-07,1.0,28.8,37.2
2006-03-08,1.0,7.4,3.4
2006-03-09,0.0,0.0,0.0
2006-03-10,0.0,0.1,0.0
2006-03-11,0.0,0.2,0.0
2006-03-12,0.0,0.3,0.0
2006-03-13,0.0,0.6,0.0
2006-03-14,0.0,2.8,1.0
2006-03-15,0.0,0.4,0.0
2006-03-16,0.0,0.8,0.0
2006-03-17,0.0,0.5,0.0
2006-03-18,5.0,15.5,19.7
2006-03-19,0.0,1.2,0.0
2006-03-20,2.0,0.0,0.0
2006-03-23,0.0,1.3,0.0
2006-03-24,6.0,5.3,4.0
2006-03-25,6.0,2.0,1.0
2006-03-26,0.0,7.7,6.7
2006-03-27,0.0,0.0,0.0
2006-03-29,3.0,10.2,9.4
2006-03-31,11.0,32.2,43.5
2006-04-01,0.0,2.1,0.0
2006-04-02,0.0,0.3,0.0
2006-04-03,0.0,1.5,0.0
2006-04-04,0.0,0.2,0.0
2006-04-05,7.0,0.7,0.0
2006-04-06,0.0,0.3,0.0
2006-04-07,0.0,0.4,0.0
2006-04-08,0.0,1.4,0.0
2006-04-09,18.0,1.4,0.0
2006-04-11,0.0,1.3,0.0
2006-04-12,1.0,0.8,0.0
2006-04-13,0.0,3.9,1.2
2006-04-15,0.0,0.4,0.0
2006-04-17,0.0,0.0,0.0
2006-04-18,5.0,4.0,1.3
2006-04-22,25.0,21.7,27.6
2006-04-23,12.0,7.2,5.6
2006-04-24,0.0,10.5,9.5
2006-04-25,0.0,1.3,0.0
2006-04-26,18.0,5.2,3.1
2006-04-27,61.0,18.9,23.9
2006-04-28,15.0,41.8,54.3
2006-04-30,0.0,0.0,0.0
2006-05-01,1.0,1.1,0.0
2006-05-02,0.0,1.0,0.0
2006-05-03,0.0,1.6,0.0
2006-05-05,11.0,22.9,47.5
2006-05-06,0.0,0.4,0.0
2006-05-08,1.0,5.7,3.9
2006-05-12,0.0,0.2,0.0
2006-05-13,0.0,1.0,0.0
2006-05-14,0.0,0.0,0.0
2006-05-15,0.0,0.0,0.0
2006-05-16,0.0,0.5,0.0
2006-05-17,0.0,0.0,0.0
2006-05-18,0.0,0.0,0.0
2006-05-19,15.0,5.4,6.5
2006-05-20,12.0,3.8,3.7
2006-05-21,11.0,4.4,2.1
2006-05-22,7.0,0.3,0.0
2006-05-23,2.0,2.3,0.0
2006-05-26,0.0,1.1,0.0
2006-05-27,0.0,0.3,0.0
2006-05-28,0.0,3.8,1.2
2006-05-29,4.0,7.8,7.4
2006-05-30,1.0,8.1,7.6
2006-06-01,15.0,3.9,1.0
2006-06-02,1.0,3.1,1.0
2006-06-03,0.0,0.1,0.0
2006-06-04,3.0,6.0,3.2
2006-06-05,1.0,6.1,3.3
2006-06-06,2.0,4.2,1.1
2006-06-07,0.0,0.2,0.0
2006-06-08,2.0,18.4,21.7
2006-06-09,0.0,4.4,1.3
2006-06-10,110.0,16.4,18.4
2006-06-11,16.0,7.0,4.8
2006-06-12,6.0,5.8,3.2
2006-06-13,7.0,14.0,14.7
2006-06-14,0.0,1.2,0.0
2006-06-15,0.0,0.6,0.0
2006-06-16,7.0,11.3,11.1
2006-06-17,2.0,6.7,4.3
2006-06-18,3.0,0.0,0.0
2006-06-19,1.0,6.4,4.0
2006-06-20,0.0,0.1,0.0
2006-06-21,12.0,8.3,6.9
2006-06-22,14.0,3.9,2.0
2006-06-23,0.0,4.0,2.1
2006-06-24,0.0,0.1,0.0
2006-06-25,19.0,4.9,3.0
2006-06-26,35.0,30.6,35.9
2006-06-27,1.0,29.9,34.6
2006-06-28,0.0,0.3,0.0
2006-06-29,0.0,0.0,0.0
2006-06-30,0.0,0.0,0.0
2006-07-01,0.0,1.0,0.0
2006-07-02,0.0,0.3,0.0
2006-07-03,0.0,0.0,0.0
2006-07-04,0.0,0.0,0.0
2006-07-05,0.0,0.0,0.0
2006-07-06,0.0,0.0,0.0
2006-07-07,0.0,0.0,0.0
2006-07-08,0.0,0.0,0.0
2006-07-09,0.0,0.0,0.0
2006-07-10,0.0,0.0,0.0
2006-07-11,0.0,0.3,0.0
2006-07-12,0.0,0.0,0.0
2006-07-13,0.0,0.0,0.0
2006-07-14,0.0,0.2,0.0
2006-07-15,0.0,0.3,0.0
2006-07-16,31.0,5.5,2.3
2006-07-17,0.0,0.0,0.0
2006-07-18,0.0,0.0,0.0
2006-07-19,0.0,0.0,0.0
2006-07-20,0.0,0.0,0.0
2006-07-21,0.0,3.9,1.6
2006-07-22,0.0,8.1,5.8
2006-07-25,0.0,0.0,0.0
2006-07-26,1.0,0.0,0.0
2006-07-27,0.0,0.1,0.0
2006-07-28,0.0,0.0,0.0
2006-07-29,0.0,0.0,0.0
2006-07-30,0.0,0.0,0.0
2006-07-31,0.0,0.0,0.0
2006-08-01,0.0,0.1,0.0
2006-08-03,0.0,0.0,0.0
2006-08-04,0.0,0.3,0.0
2006-08-05,0.0,0.0,0.0
2006-08-06,0.0,0.3,0.0
2006-08-07,0.0,0.9,0.0
2006-08-08,0.0,0.5,0.0
2006-08-09,0.0,6.6,3.8
2006-08-12,0.0,0.2,0.0
2006-08-13,0.0,0.0,0.0
2006-08-14,0.0,0.0,0.0
2006-08-15,0.0,0.0,0.0
2006-08-16,0.0,0.0,0.0
2006-08-17,0.0,0.0,0.0
2006-08-18,0.0,0.0,0.0
2006-08-19,0.0,0.0,0.0
2006-08-20,0.0,0.0,0.0
2006-08-21,0.0,0.0,0.0
2006-08-22,0.0,0.4,0.0
2006-08-23,0.0,0.0,0.0
2006-08-24,0.0,0.0,0.0
2006-08-25,0.0,0.1,0.0
2006-08-26,0.0,0.0,0.0
2006-08-27,0.0,0.0,0.0
2006-08-28,0.0,1.1,0.0
2006-08-29,0.0,0.0,0.0
2006-08-30,3.0,0.0,0.0
2006-08-31,0.0,0.0,0.0
2006-09-01,0.0,0.0,0.0
2006-09-02,0.0,1.4,0.0
2006-09-03,0.0,0.0,0.0
2006-09-04,0.0,0.0,0.0
2006-09-05,0.0,0.0,0.0
2006-09-06,0.0,0.0,0.0
2006-09-07,0.0,0.0,0.0
2006-09-08,0.0,0.0,0.0
2006-09-09,0.0,0.0,0.0
2006-09-10,0.0,0.0,0.0
2006-09-11,0.0,0.2,0.0
2006-09-12,0.0,5.2,1.3
2006-09-13,1.0,5.9,1.2
2006-09-14,0.0,0.3,0.0
2006-09-16,0.0,0.0,0.0
2006-09-17,0.0,0.1,0.0
2006-09-18,0.0,0.3,0.0
2006-09-19,5.0,1.5,0.0
2006-09-20,49.0,31.2,66.7
2006-09-22,0.0,1.5,0.0
2006-09-23,0.0,0.3,0.0
2006-09-24,0.0,0.0,0.0
2006-09-25,0.0,0.0,0.0
2006-09-26,0.0,0.0,0.0
2006-09-27,0.0,0.1,0.0
2006-09-28,0.0,0.0,0.0
2006-09-29,0.0,0.0,0.0
2006-09-30,0.0,0.0,0.0
2006-10-01,0.0,0.0,0.0
2006-10-02,0.0,0.9,0.0
2006-10-03,0.0,0.0,0.0
2006-10-04,0.0,0.0,0.0
2006-10-05,0.0,0.0,0.0
2006-10-06,0.0,0.0,0.0
2006-10-07,0.0,0.1,0.0
2006-10-09,3.0,1.5,0.0
2006-10-10,0.0,0.1,0.0
2006-10-11,0.0,0.2,0.0
2006-10-12,0.0,0.2,0.0
2006-10-13,0.0,0.0,0.0
2006-10-14,0.0,1.1,0.0
2006-10-15,0.0,0.0,0.0
2006-10-16,0.0,0.0,0.0
2006-10-17,0.0,0.0,0.0
2006-10-18,0.0,0.0,0.0
2006-10-19,0.0,3.0,0.0
2006-10-20,0.0,0.0,0.0
2006-10-21,0.0,0.0,0.0
2006-10-22,0.0,0.0,0.0
2006-10-23,0.0,0.0,0.0
2006-10-24,0.0,0.0,0.0
2006-10-25,0.0,0.0,0.0
2006-10-26,0.0,0.0,0.0
2006-10-27,0.0,0.7,0.0
2006-10-28,0.0,0.1,0.0
2006-10-29,0.0,0.0,0.0
2006-10-30,0.0,3.5,1.2
2006-11-01,8.0,13.2,21.3
2006-11-03,0.0,0.0,0.0
2006-11-04,0.0,0.0,0.0
2006-11-05,0.0,0.0,0.0
2006-11-06,0.0,0.2,0.0
2006-11-07,0.0,0.0,0.0
2006-11-09,64.0,2.7,0.0
2006-11-10,0.0,0.0,0.0
2006-11-11,5.0,0.0,0.0
2006-11-12,17.0,6.4,5.8
2006-11-13,28.0,0.3,0.0
2006-11-14,0.0,1.2,0.0
2006-11-15,6.0,0.0,0.0
2006-11-16,0.0,0.0,0.0
2006-11-17,6.0,6.2,5.5
2006-11-18,16.0,8.5,10.1
2006-11-19,0.0,0.0,0.0
2006-11-20,13.0,18.2,35.8
2006-11-21,9.0,9.3,7.3
2006-11-25,2.0,7.1,4.2
2006-11-26,15.0,4.0,1.0
2006-11-27,0.0,1.5,0.0
2006-11-28,15.0,1.3,0.0
2006-11-29,0.0,1.0,0.0
2006-11-30,0.0,0.7,0.0
2006-12-01,7.0,1.0,0.0
2006-12-03,2.0,0.5,0.0
2006-12-05,0.0,0.0,0.0
2006-12-06,0.0,10.5,9.9
2006-12-07,2.0,1.8,0.0
2006-12-08,0.0,0.5,0.0
2006-12-10,0.0,0.2,0.0
2006-12-11,47.0,3.3,1.0
2006-12-12,0.0,6.7,7.1
2006-12-14,0.0,4.2,2.3
2006-12-15,0.0,4.3,2.4
2006-12-16,0.0,0.1,0.0
2006-12-17,0.0,0.2,0.0
2006-12-18,0.0,0.0,0.0
2006-12-20,0.0,1.8,0.0
2006-12-21,0.0,0.0,0.0
2006-12-23,1.0,16.4,18.6
2006-12-24,0.0,2.0,0.0
2006-12-25,0.0,1.2,0.0
2006-12-26,22.0,13.8,15.2
2006-12-27,1.0,2.8,0.0
2006-12-28,7.0,32.8,39.0
2006-12-29,1.0,15.8,17.7
2006-12-30,32.0,16.3,19.1
2006-12-31,0.0,12.1,9.3
2007-01-01,51.0,48.1,65.0
2007-01-02,0.0,1.0,0.0
2007-01-03,9.0,20.5,25.9
2007-01-04,0.0,0.7,0.0
2007-01-05,0.0,0.1,0.0
2007-01-06,4.0,10.8,8.4
2007-01-07,17.0,27.8,40.8
2007-01-08,4.0,6.3,2.3
2007-01-09,4.0,7.6,3.9
2007-01-12,0.0,0.2,0.0
2007-01-13,0.0,1.7,0.0
2007-01-14,5.0,21.0,30.4
2007-01-15,33.0,30.6,44.4
2007-01-17,0.0,0.1,0.0
2007-01-18,1.0,0.8,0.0
2007-01-19,45.0,18.5,27.2
2007-01-20,2.0,3.4,1.5
2007-01-23,23.0,4.2,1.2
2007-01-24,0.0,9.4,6.7
2007-01-25,1.0,0.6,0.0
2007-01-26,19.0,21.9,24.7
2007-01-27,3.0,0.4,0.0
2007-01-29,0.0,0.8,0.0
2007-01-30,7.0,8.1,5.2
2007-01-31,1.0,3.7,1.0
2007-02-01,0.0,0.2,0.0
2007-02-02,0.0,0.0,0.0
2007-02-03,0.0,0.0,0.0
2007-02-04,0.0,3.2,1.0
2007-02-05,1.0,13.4,10.3
2007-02-06,11.0,17.1,18.1
2007-02-07,5.0,19.9,22.8
2007-02-08,1.0,16.5,17.2
2007-02-10,0.0,1.0,0.0
2007-02-12,4.0,1.9,0.0
2007-02-13,1.0,1.6,0.0
2007-02-14,11.0,23.7,38.2
2007-02-15,0.0,8.0,6.1
2007-02-16,5.0,11.3,9.3
2007-02-17,1.0,2.6,1.0
2007-02-18,29.0,22.5,36.6
2007-02-19,3.0,6.0,3.9
2007-02-20,0.0,0.1,0.0
2007-02-21,0.0,0.0,0.0
2007-02-23,0.0,3.5,1.2
2007-02-25,1.0,1.1,0.0
2007-02-26,0.0,1.2,0.0
2007-02-27,0.0,0.1,0.0
2007-02-28,0.0,0.6,0.0
2007-03-01,0.0,0.4,0.0
2007-03-02,0.0,0.0,0.0
2007-03-03,0.0,0.0,0.0
2007-03-04,0.0,0.0,0.0
2007-03-05,0.0,0.0,0.0
2007-03-06,0.0,0.1,0.0
2007-03-07,0.0,0.0,0.0
2007-03-08,0.0,0.0,0.0
2007-03-13,0.0,2.5,0.0
2007-03-14,0.0,0.2,0.0
2007-03-15,0.0,1.0,0.0
2007-03-17,0.0,8.1,7.2
2007-03-18,3.0,13.4,15.1
2007-03-19,21.0,1.0,0.0
2007-03-21,0.0,14.4,14.0
2007-03-22,1.0,3.2,1.6
2007-03-24,41.0,80.5,78.0
2007-03-26,0.0,0.2,0.0
2007-03-27,3.0,13.4,12.8
2007-03-28,1.0,8.5,7.6
2007-03-29,0.0,0.3,0.0
2007-03-30,6.0,2.3,1.0
2007-03-31,0.0,2.9,1.3
2007-04-01,0.0,0.0,0.0
2007-04-02,0.0,0.0,0.0
2007-04-03,0.0,0.0,0.0
2007-04-04,2.0,0.5,0.0
2007-04-05,0.0,0.2,0.0
2007-04-06,0.0,0.0,0.0
2007-04-07,0.0,0.0,0.0
2007-04-08,0.0,0.0,0.0
2007-04-09,0.0,0.0,0.0
2007-04-10,0.0,0.1,0.0
2007-04-11,0.0,0.0,0.0
2007-04-12,0.0,0.0,0.0
2007-04-13,0.0,0.0,0.0
2007-04-14,0.0,0.0,0.0
2007-04-15,6.0,0.5,0.0
2007-04-16,0.0,0.8,0.0
2007-04-17,0.0,0.0,0.0
2007-04-18,0.0,0.2,0.0
2007-04-19,0.0,0.0,0.0
2007-04-20,0.0,0.0,0.0
2007-04-21,9.0,19.2,24.5
2007-04-23,4.0,4.4,2.3
2007-04-24,4.0,1.7,0.0
2007-04-25,1.0,0.3,0.0
2007-04-26,3.0,13.9,13.9
2007-04-27,0.0,0.9,0.0
2007-04-28,15.0,41.2,53.6
2007-04-29,85.0,16.1,16.3
2007-04-30,0.0,1.3,0.0
2007-05-01,0.0,0.0,0.0
2007-05-02,111.0,6.3,4.8
2007-05-03,8.0,5.7,3.9
2007-05-04,0.0,0.2,0.0
2007-05-05,46.0,3.6,1.0
2007-05-06,24.0,17.2,33.4
2007-05-08,0.0,0.7,0.0
2007-05-09,0.0,1.1,0.0
2007-05-10,10.0,12.6,15.4
2007-05-11,2.0,3.5,3.3
2007-05-12,21.0,7.4,9.9
2007-05-13,0.0,0.0,0.0
2007-05-14,0.0,0.8,0.0
2007-05-15,0.0,0.0,0.0
2007-05-16,0.0,0.1,0.0
2007-05-17,0.0,0.0,0.0
2007-05-18,0.0,4.5,5.0
2007-05-19,0.0,0.0,0.0
2007-05-20,0.0,0.0,0.0
2007-05-21,0.0,0.0,0.0
2007-05-22,0.0,0.2,0.0
2007-05-23,0.0,0.2,0.0
2007-05-24,0.0,0.0,0.0
2007-05-25,0.0,0.0,0.0
2007-05-26,0.0,0.0,0.0
2007-05-27,4.0,0.0,0.0
2007-05-28,12.0,4.7,2.5
2007-05-29,7.0,0.9,0.0
2007-05-30,4.0,5.4,3.4
2007-05-31,0.0,0.0,0.0
2007-06-01,0.0,0.8,0.0
2007-06-02,0.0,2.0,0.0
2007-06-03,26.0,9.7,8.2
2007-06-04,0.0,1.5,0.0
2007-06-05,1.0,3.5,1.0
2007-06-06,25.0,34.0,52.1
2007-06-07,2.0,15.1,15.5
2007-06-09,2.0,1.4,0.0
2007-06-10,7.0,11.1,10.1
2007-06-11,0.0,1.9,0.0
2007-06-13,2.0,4.6,1.8
2007-06-14,19.0,8.1,6.3
2007-06-15,1.0,3.7,1.0
2007-06-16,1.0,2.6,0.0
2007-06-17,2.0,4.3,1.5
2007-06-18,21.0,26.3,49.6
2007-06-19,1.0,0.9,0.0
2007-06-22,1.0,3.1,1.3
2007-06-24,39.0,1.1,0.0
2007-06-26,0.0,1.3,0.0
2007-06-27,10.0,47.6,57.1
2007-06-28,44.0,39.1,47.3
2007-06-29,9.0,22.2,24.6
2007-06-30,1.0,4.4,2.5
2007-07-01,16.0,7.6,4.7
2007-07-03,0.0,0.1,0.0
2007-07-04,0.0,0.0,0.0
2007-07-05,0.0,0.1,0.0
2007-07-06,0.0,0.0,0.0
2007-07-07,0.0,0.0,0.0
2007-07-08,0.0,0.0,0.0
2007-07-09,0.0,0.0,0.0
2007-07-10,0.0,1.8,0.0
2007-07-11,0.0,3.8,1.0
2007-07-12,0.0,0.0,0.0
2007-07-13,0.0,3.0,0.0
2007-07-14,0.0,2.2,0.0
2007-07-15,0.0,2.9,0.0
2007-07-16,0.0,7.0,4.3
2007-07-17,1.0,7.3,4.4
2007-07-18,1.0,11.3,9.3
2007-07-19,7.0,5.4,2.2
2007-07-21,5.0,15.1,19.1
2007-07-22,3.0,11.2,9.9
2007-07-23,7.0,13.2,12.7
2007-07-24,7.0,18.0,25.6
2007-07-26,33.0,10.9,9.5
2007-07-27,0.0,10.3,8.2
2007-07-28,0.0,0.5,0.0
2007-07-29,0.0,6.3,4.0
2007-07-30,0.0,0.1,0.0
2007-07-31,0.0,0.0,0.0
2007-08-02,3.0,10.4,11.0
2007-08-03,2.0,3.4,0.0
2007-08-04,0.0,1.7,0.0
2007-08-06,0.0,0.6,0.0
2007-08-07,0.0,0.0,0.0
2007-08-09,9.0,3.7,0.0
2007-08-11,3.0,12.5,9.7
2007-08-13,0.0,0.6,0.0
2007-08-15,0.0,0.1,0.0
2007-08-16,0.0,0.1,0.0
2007-08-19,4.0,11.1,7.9
2007-08-20,0.0,0.0,0.0
2007-08-21,0.0,1.0,0.0
2007-08-23,1.0,0.5,0.0
2007-08-24,1.0,0.8,0.0
2007-08-25,0.0,0.6,0.0
2007-08-26,0.0,0.0,0.0
2007-08-29,4.0,1.2,0.0
2007-08-30,11.0,6.8,4.1
2007-09-01,2.0,2.5,0.0
2007-09-02,0.0,0.0,0.0
2007-09-03,0.0,3.1,0.0
2007-09-04,72.0,36.4,59.2
2007-09-05,11.0,19.2,42.5
2007-09-06,44.0,1.5,0.0
2007-09-07,0.0,0.0,0.0
2007-09-08,0.0,1.3,0.0
2007-09-09,0.0,0.0,0.0
2007-09-11,0.0,0.0,0.0
2007-09-12,0.0,1.2,0.0
2007-09-13,0.0,0.2,0.0
2007-09-14,0.0,1.7,0.0
2007-09-15,0.0,0.0,0.0
2007-09-16,0.0,0.1,0.0
2007-09-17,0.0,0.0,0.0
2007-09-18,0.0,0.2,0.0
2007-09-19,0.0,0.0,0.0
2007-09-20,0.0,0.0,0.0
2007-09-21,0.0,0.2,0.0
2007-09-23,0.0,0.1,0.0
2007-09-24,0.0,0.0,0.0
2007-09-25,0.0,0.1,0.0
2007-09-26,0.0,0.0,0.0
2007-09-27,0.0,0.4,0.0
2007-09-28,0.0,0.0,0.0
2007-09-29,0.0,0.0,0.0
2007-09-30,0.0,0.0,0.0
2007-10-01,0.0,0.0,0.0
2007-10-02,0.0,0.0,0.0
2007-10-03,0.0,0.0,0.0
2007-10-04,0.0,0.3,0.0
2007-10-05,0.0,0.0,0.0
2007-10-06,0.0,0.0,0.0
2007-10-07,12.0,9.1,8.2
2007-10-08,3.0,0.7,0.0
2007-10-09,0.0,10.1,10.3
2007-10-10,0.0,0.0,0.0
2007-10-12,0.0,0.0,0.0
2007-10-13,0.0,0.0,0.0
2007-10-14,0.0,0.0,0.0
2007-10-15,1.0,9.1,5.1
2007-10-16,0.0,0.0,0.0
2007-10-18,0.0,5.6,1.0
2007-10-19,3.0,15.4,13.5
2007-10-20,0.0,0.3,0.0
2007-10-21,0.0,0.4,0.0
2007-10-22,0.0,0.2,0.0
2007-10-23,0.0,0.8,0.0
2007-10-24,0.0,1.3,0.0
2007-10-25,0.0,0.0,0.0
2007-10-26,2.0,0.2,0.0
2007-10-27,1.0,0.4,0.0
2007-10-28,6.0,6.8,6.3
2007-10-29,9.0,5.1,3.6
2007-10-30,7.0,0.6,0.0
2007-10-31,2.0,0.2,0.0
2007-11-01,0.0,0.3,0.0
2007-11-02,1.0,9.2,7.2
2007-11-03,6.0,24.9,61.2
2007-11-04,0.0,0.2,0.0
2007-11-05,2.0,6.2,2.2
2007-11-06,0.0,4.2,0.0
2007-11-07,1.0,2.5,0.0
2007-11-08,0.0,1.0,0.0
2007-11-09,6.0,31.6,88.9
2007-11-10,6.0,31.0,86.0
2007-11-11,0.0,0.6,0.0
2007-11-13,3.0,13.2,24.6
2007-11-14,0.0,0.4,0.0
2007-11-15,0.0,3.2,1.0
2007-11-16,51.0,6.4,5.8
2007-11-17,0.0,10.5,14.0
2007-11-18,0.0,0.3,0.0
2007-11-19,0.0,0.0,0.0
2007-11-20,0.0,2.9,1.0
2007-11-21,0.0,0.0,0.0
2007-11-22,0.0,2.7,0.0
2007-11-23,0.0,0.0,0.0
2007-11-24,0.0,0.2,0.0
2007-11-25,0.0,0.0,0.0
2007-11-27,0.0,5.6,2.3
2007-11-28,34.0,6.3,3.2
2007-11-29,6.0,6.8,3.8
2007-11-30,2.0,9.9,8.2
2007-12-02,0.0,0.0,0.0
2007-12-03,0.0,0.7,0.0
2007-12-04,0.0,0.2,0.0
2007-12-05,4.0,0.1,0.0
2007-12-08,1.0,16.4,23.9
2007-12-09,28.0,2.5,0.0
2007-12-10,4.0,8.8,7.4
2007-12-11,29.0,10.7,14.8
2007-12-12,10.0,3.2,1.0
2007-12-13,53.0,1.6,0.0
2007-12-14,35.0,0.1,0.0
2007-12-15,23.0,1.4,0.0
2007-12-16,46.0,33.7,73.6
2007-12-17,60.0,4.5,2.9
2007-12-18,10.0,18.4,38.5
2007-12-19,42.0,28.2,61.1
2007-12-20,1.0,0.8,0.0
2007-12-22,16.0,6.1,2.8
2007-12-23,16.0,4.2,1.0
2007-12-24,0.0,0.2,0.0
2007-12-25,4.0,0.8,0.0
2007-12-26,0.0,0.0,0.0
2007-12-28,0.0,0.8,0.0
2007-12-29,5.0,5.3,2.0
2007-12-30,0.0,2.5,0.0
2007-12-31,13.0,14.4,15.7
2008-01-01,0.0,5.3,1.1
2008-01-02,0.0,0.5,0.0
2008-01-03,1.0,5.2,1.0
2008-01-04,0.0,0.0,0.0
2008-01-05,0.0,3.2,0.0
2008-01-07,7.0,10.0,7.1
2008-01-09,10.0,1.0,0.0
2008-01-10,1.0,7.6,3.8
2008-01-11,0.0,0.2,0.0
2008-01-12,2.0,0.0,0.0
2008-01-14,9.0,6.6,5.3
2008-01-15,0.0,0.0,0.0
2008-01-16,0.0,0.0,0.0
2008-01-17,2.0,0.0,0.0
2008-01-18,1.0,0.0,0.0
2008-01-19,0.0,0.0,0.0
2008-01-20,13.0,10.9,10.4
2008-01-22,0.0,12.2,9.9
2008-01-23,1.0,1.2,0.0
2008-01-24,19.0,17.6,17.0
2008-01-25,15.0,3.6,1.0
2008-01-26,50.0,40.9,54.9
2008-01-27,3.0,7.1,4.2
2008-01-29,5.0,5.2,2.2
2008-01-30,30.0,52.2,68.7
2008-01-31,45.0,11.7,9.3
2008-02-03,7.0,3.5,1.0
2008-02-04,0.0,2.6,0.0
2008-02-05,0.0,0.3,0.0
2008-02-06,0.0,0.9,0.0
2008-02-07,0.0,0.0,0.0
2008-02-08,1.0,12.3,9.3
2008-02-09,6.0,24.2,29.7
2008-02-10,9.0,6.8,3.6
2008-02-12,37.0,1.7,0.0
2008-02-13,14.0,1.0,0.0
2008-02-16,0.0,0.2,0.0
2008-02-17,0.0,0.0,0.0
2008-02-18,8.0,26.4,41.2
2008-02-20,6.0,3.0,1.0
2008-02-21,0.0,2.2,0.0
2008-02-22,0.0,0.1,0.0
2008-02-23,0.0,3.8,1.6
2008-02-24,0.0,3.4,1.2
2008-02-25,0.0,0.0,0.0
2008-02-26,6.0,4.3,2.2
2008-02-28,0.0,14.2,19.0
2008-02-29,0.0,1.2,0.0
2008-03-01,1.0,4.8,1.1
2008-03-02,39.0,11.2,7.9
2008-03-03,15.0,5.5,1.7
2008-03-04,1.0,3.2,0.0
2008-03-05,2.0,0.1,0.0
2008-03-06,15.0,8.1,4.8
2008-03-07,0.0,2.9,0.0
2008-03-08,2.0,45.3,45.3
2008-03-10,40.0,2.5,0.0
2008-03-11,12.0,6.2,4.6
2008-03-12,43.0,0.4,0.0
2008-03-13,3.0,0.1,0.0
2008-03-14,93.0,6.1,4.5
2008-03-15,10.0,15.4,19.4
2008-03-16,10.0,2.2,0.0
2008-03-17,12.0,7.4,6.5
2008-03-18,33.0,28.5,53.2
2008-03-19,1.0,3.0,1.0
2008-03-20,3.0,2.0,0.0
2008-03-21,11.0,30.3,41.0
2008-03-24,10.0,18.4,20.1
2008-03-25,16.0,14.4,14.2
2008-03-27,8.0,3.3,1.8
2008-03-29,6.0,7.2,6.1
2008-03-30,2.0,18.8,21.1
2008-03-31,1.0,0.3,0.0
2008-04-01,11.0,51.7,61.7
2008-04-03,3.0,3.2,1.0
2008-04-04,30.0,16.7,18.6
2008-04-05,0.0,7.4,5.4
2008-04-06,1.0,3.4,1.2
2008-04-07,0.0,1.4,0.0
2008-04-08,0.0,9.9,8.3
2008-04-09,9.0,29.3,32.3
2008-04-10,0.0,0.9,0.0
2008-04-11,0.0,0.0,0.0
2008-04-12,0.0,3.6,1.0
2008-04-13,21.0,5.2,3.0
2008-04-14,1.0,2.0,0.0
2008-04-15,1.0,3.9,1.2
2008-04-16,0.0,1.2,0.0
2008-04-17,0.0,0.0,0.0
2008-04-18,0.0,0.8,0.0
2008-04-19,0.0,5.1,3.0
2008-04-20,26.0,9.1,9.5
2008-04-21,22.0,11.0,10.1
2008-04-22,29.0,13.8,13.9
2008-04-23,3.0,25.5,33.3
2008-04-25,0.0,0.3,0.0
2008-04-26,49.0,31.4,41.1
2008-04-27,0.0,0.0,0.0
2008-04-28,0.0,0.0,0.0
2008-04-29,0.0,0.7,0.0
2008-04-30,22.0,12.2,11.6
2008-05-01,57.0,9.3,9.9
2008-05-03,8.0,21.4,44.1
2008-05-07,3.0,5.3,3.3
2008-05-08,6.0,3.6,1.0
2008-05-09,1.0,8.0,7.7
2008-05-10,1.0,2.0,0.0
2008-05-11,0.0,2.1,1.0
2008-05-12,7.0,5.1,6.0
2008-05-14,0.0,0.0,0.0
2008-05-15,41.0,0.0,0.0
2008-05-16,0.0,0.0,0.0
2008-05-17,0.0,0.0,0.0
2008-05-18,0.0,0.0,0.0
2008-05-20,0.0,0.4,0.0
2008-05-21,0.0,0.0,0.0
2008-05-22,1.0,9.4,9.6
2008-05-23,5.0,10.9,13.7
2008-05-24,0.0,0.0,0.0
2008-05-25,0.0,2.6,0.0
2008-05-26,0.0,1.0,0.0
2008-05-27,0.0,1.8,0.0
2008-05-28,0.0,0.0,0.0
2008-05-29,0.0,0.0,0.0
2008-05-30,0.0,0.0,0.0
2008-06-01,2.0,11.2,10.3
2008-06-03,3.0,25.2,33.9
2008-06-04,1.0,1.2,0.0
2008-06-07,41.0,9.3,8.6
2008-06-08,18.0,21.3,27.2
2008-06-09,4.0,6.9,4.3
2008-06-10,12.0,18.2,21.5
2008-06-11,6.0,30.2,56.5
2008-06-12,0.0,0.3,0.0
2008-06-13,0.0,0.1,0.0
2008-06-16,13.0,0.0,0.0
2008-06-17,2.0,0.0,0.0
2008-06-18,0.0,3.9,1.0
2008-06-19,0.0,0.0,0.0
2008-06-20,4.0,7.2,5.0
2008-06-21,1.0,0.0,0.0
2008-06-22,16.0,0.0,0.0
2008-06-23,0.0,0.1,0.0
2008-06-24,0.0,0.3,0.0
2008-06-25,0.0,0.3,0.0
2008-06-26,0.0,3.9,2.0
2008-06-27,0.0,0.0,0.0
2008-06-28,0.0,0.2,0.0
2008-06-30,0.0,0.0,0.0
2008-07-02,2.0,1.3,0.0
2008-07-03,1.0,1.7,0.0
2008-07-04,23.0,4.8,1.7
2008-07-05,57.0,57.5,58.7
2008-07-08,3.0,0.9,0.0
2008-07-09,3.0,7.4,4.5
2008-07-10,23.0,6.4,3.5
2008-07-11,5.0,8.5,6.2
2008-07-13,7.0,6.6,3.6
2008-07-14,2.0,5.9,2.8
2008-07-15,3.0,8.9,6.6
2008-07-16,8.0,2.7,0.0
2008-07-19,3.0,11.2,10.6
2008-07-21,12.0,7.5,6.7
2008-07-22,41.0,2.2,0.0
2008-07-23,2.0,3.2,1.0
2008-07-24,24.0,9.3,8.1
2008-07-25,0.0,0.8,0.0
2008-07-27,1.0,3.1,1.0
2008-07-28,1.0,2.2,0.0
2008-07-29,32.0,53.6,39.8
2008-07-31,0.0,0.5,0.0
2008-08-01,0.0,0.0,0.0
2008-08-02,0.0,0.0,0.0
2008-08-03,0.0,1.9,0.0
2008-08-04,0.0,0.6,0.0
2008-08-06,1.0,0.0,0.0
2008-08-08,0.0,0.1,0.0
2008-08-09,10.0,3.9,0.0
2008-08-10,29.0,14.7,26.5
2008-08-11,1.0,3.6,1.0
2008-08-12,2.0,25.2,39.6
2008-08-15,37.0,18.2,31.9
2008-08-16,13.0,48.8,43.6
2008-08-17,0.0,0.3,0.0
2008-08-18,0.0,0.0,0.0
2008-08-21,4.0,15.4,12.9
2008-08-23,2.0,2.8,1.0
2008-08-24,0.0,5.9,3.4
2008-08-25,1.0,7.5,4.8
2008-08-26,8.0,1.3,0.0
2008-08-27,0.0,0.6,0.0
2008-08-28,2.0,2.1,0.0
2008-08-29,2.0,13.5,10.9
2008-08-30,3.0,22.7,29.6
2008-08-31,32.0,20.9,25.9
2008-09-03,0.0,9.6,6.9
2008-09-04,14.0,53.1,62.5
2008-09-05,0.0,2.3,0.0
2008-09-06,1.0,6.0,1.7
2008-09-07,0.0,6.5,3.1
2008-09-08,5.0,1.4,0.0
2008-09-09,0.0,6.3,2.1
2008-09-10,4.0,6.5,2.9
2008-09-11,1.0,7.7,3.2
2008-09-12,12.0,1.4,0.0
2008-09-13,0.0,0.2,0.0
2008-09-14,0.0,2.6,0.0
2008-09-15,0.0,1.1,0.0
2008-09-17,24.0,27.0,62.5
2008-09-18,1.0,19.2,48.8
2008-09-21,0.0,0.0,0.0
2008-09-22,0.0,0.6,0.0
2008-09-23,0.0,0.0,0.0
2008-09-24,0.0,1.2,0.0
2008-09-25,0.0,0.5,0.0
2008-09-26,3.0,0.0,0.0
2008-09-27,0.0,0.0,0.0
2008-09-28,0.0,0.0,0.0
2008-09-29,0.0,0.5,0.0
2008-09-30,1.0,0.0,0.0
2008-10-01,0.0,0.0,0.0
2008-10-02,0.0,0.0,0.0
2008-10-03,5.0,0.1,0.0
2008-10-04,0.0,1.9,0.0
2008-10-05,9.0,8.7,7.6
2008-10-06,14.0,20.8,45.6
2008-10-07,0.0,0.0,0.0
2008-10-09,0.0,0.6,0.0
2008-10-10,0.0,0.0,0.0
2008-10-11,4.0,1.0,0.0
2008-10-12,0.0,0.9,0.0
2008-10-13,0.0,2.8,0.0
2008-10-14,5.0,16.1,14.5
2008-10-15,2.0,2.1,0.0
2008-10-18,0.0,0.7,0.0
2008-10-19,0.0,1.0,0.0
2008-10-20,8.0,5.2,1.0
2008-10-21,20.0,10.5,12.2
2008-10-23,9.0,17.3,34.0
2008-10-24,5.0,12.5,22.6
2008-10-25,1.0,12.3,15.3
2008-10-26,61.0,25.6,55.2
2008-10-27,29.0,30.6,68.0
2008-10-30,16.0,0.6,0.0
2008-11-01,0.0,0.0,0.0
2008-11-03,2.0,22.0,50.4
2008-11-04,9.0,10.1,9.0
2008-11-06,0.0,1.1,0.0
2008-11-07,21.0,11.1,10.8
2008-11-08,22.0,0.9,0.0
2008-11-10,0.0,5.7,1.4
2008-11-11,47.0,9.9,12.9
2008-11-13,2.0,2.6,0.0
2008-11-16,0.0,13.4,25.0
2008-11-17,39.0,34.5,115.4
2008-11-18,1.0,3.7,1.2
2008-11-19,2.0,51.1,148.0
2008-11-20,0.0,0.3,0.0
2008-11-21,4.0,16.8,20.4
2008-11-23,5.0,6.1,3.0
2008-11-24,0.0,0.4,0.0
2008-11-25,9.0,1.6,0.0
2008-11-26,2.0,38.5,83.5
2008-11-27,40.0,31.2,59.4
2008-11-28,0.0,1.5,0.0
2008-11-30,0.0,1.3,0.0
2008-12-01,44.0,13.8,15.0
2008-12-02,7.0,5.4,2.4
2008-12-03,34.0,18.2,28.3
2008-12-04,0.0,2.7,0.0
2008-12-05,8.0,3.3,0.0
2008-12-07,2.0,0.1,0.0
2008-12-08,34.0,0.0,0.0
2008-12-09,0.0,1.3,0.0
2008-12-10,19.0,13.3,14.3
2008-12-11,0.0,17.8,37.1
2008-12-12,0.0,2.2,0.0
2008-12-13,0.0,0.0,0.0
2008-12-14,5.0,0.4,0.0
2008-12-15,2.0,0.0,0.0
2008-12-16,0.0,0.0,0.0
2008-12-17,1.0,2.5,0.0
2008-12-18,15.0,7.6,8.8
2008-12-19,28.0,4.0,2.0
2008-12-20,0.0,0.2,0.0
2008-12-21,0.0,0.5,0.0
2008-12-23,0.0,5.0,1.7
2008-12-25,8.0,12.0,9.2
2008-12-26,26.0,61.9,48.5
2008-12-27,1.0,15.5,17.6
2008-12-28,0.0,1.7,0.0
2008-12-29,0.0,0.3,0.0
2008-12-30,17.0,1.6,0.0
2008-12-31,0.0,0.0,0.0
2009-01-02,0.0,1.1,0.0
2009-01-03,0.0,0.0,0.0
2009-01-04,7.0,15.5,17.5
2009-01-05,1.0,9.2,5.7
2009-01-06,3.0,1.0,0.0
2009-01-07,1.0,0.2,0.0
2009-01-08,0.0,0.1,0.0
2009-01-09,20.0,1.6,0.0
2009-01-10,0.0,4.7,1.0
2009-01-11,0.0,3.0,1.0
2009-01-12,0.0,3.0,1.0
2009-01-13,4.0,14.9,20.2
2009-01-15,2.0,2.4,1.0
2009-01-16,1.0,1.4,0.0
2009-01-17,1.0,1.3,0.0
2009-01-19,0.0,1.5,0.0
2009-01-20,19.0,43.0,58.9
2009-01-21,0.0,1.8,0.0
2009-01-22,1.0,4.4,1.3
2009-01-23,79.0,42.8,56.9
2009-01-24,3.0,2.2,0.0
2009-01-27,4.0,21.7,24.5
2009-01-28,2.0,10.7,8.2
2009-01-29,0.0,0.0,0.0
2009-01-30,0.0,0.0,0.0
2009-01-31,0.0,4.1,1.1
2009-02-01,35.0,0.2,0.0
2009-02-02,0.0,0.0,0.0
2009-02-04,4.0,8.7,6.2
2009-02-05,20.0,27.0,34.3
2009-02-06,0.0,0.0,0.0
2009-02-07,0.0,0.0,0.0
2009-02-08,0.0,0.4,0.0
2009-02-09,1.0,0.0,0.0
2009-02-10,2.0,0.3,0.0
2009-02-11,2.0,2.0,1.0
2009-02-12,41.0,6.2,4.2
2009-02-13,0.0,3.5,1.5
2009-02-14,2.0,0.6,0.0
2009-02-15,7.0,7.5,5.5
2009-02-16,0.0,0.7,0.0
2009-02-17,0.0,0.1,0.0
2009-02-18,0.0,0.0,0.0
2009-02-19,0.0,0.2,0.0
2009-02-20,3.0,16.7,25.1
2009-02-21,6.0,12.0,12.5
2009-02-23,8.0,10.1,11.0
2009-02-24,11.0,11.9,13.1
2009-02-25,0.0,0.0,0.0
2009-02-26,0.0,5.4,4.2
2009-02-27,2.0,1.5,0.0
2009-02-28,3.0,4.8,2.9
2009-03-01,43.0,23.2,30.7
2009-03-02,1.0,1.6,0.0
2009-03-03,0.0,0.8,0.0
2009-03-04,0.0,0.0,0.0
2009-03-05,0.0,0.2,0.0
2009-03-06,0.0,0.2,0.0
2009-03-09,1.0,3.3,0.0
2009-03-10,0.0,2.4,0.0
2009-03-11,15.0,35.7,74.6
2009-03-13,15.0,6.4,4.9
2009-03-14,20.0,7.5,6.9
2009-03-15,2.0,21.9,35.6
2009-03-16,1.0,3.3,1.0
2009-03-17,0.0,4.0,1.6
2009-03-18,0.0,2.7,1.0
2009-03-19,1.0,1.8,0.0
2009-03-20,0.0,0.0,0.0
2009-03-21,14.0,1.8,1.0
2009-03-22,0.0,0.3,0.0
2009-03-23,12.0,7.2,6.1
2009-03-24,29.0,4.4,3.0
2009-03-25,13.0,7.6,6.6
2009-03-26,2.0,1.9,1.0
2009-03-28,0.0,0.0,0.0
2009-03-29,0.0,0.0,0.0
2009-03-30,0.0,0.0,0.0
2009-03-31,0.0,0.6,0.0
2009-04-01,1.0,0.1,0.0
2009-04-02,0.0,0.2,0.0
2009-04-04,3.0,2.6,1.0
2009-04-05,21.0,4.4,2.2
2009-04-06,9.0,19.6,21.4
2009-04-07,4.0,2.8,1.0
2009-04-08,8.0,1.1,0.0
2009-04-09,1.0,15.1,12.8
2009-04-10,0.0,0.4,0.0
2009-04-11,8.0,18.7,29.2
2009-04-12,7.0,28.0,49.8
2009-04-13,0.0,7.9,7.0
2009-04-14,8.0,41.1,58.1
2009-04-16,3.0,2.2,0.0
2009-04-17,9.0,27.1,46.2
2009-04-19,5.0,23.6,38.6
2009-04-20,3.0,1.6,0.0
2009-04-21,21.0,1.4,0.0
2009-04-22,16.0,31.1,40.2
2009-04-23,0.0,0.0,0.0
2009-04-24,4.0,6.8,5.1
2009-04-26,4.0,2.7,1.0
2009-04-28,0.0,0.0,0.0
2009-04-29,0.0,0.0,0.0
2009-04-30,2.0,7.7,6.1
2009-05-01,0.0,0.5,0.0
2009-05-02,0.0,0.0,0.0
2009-05-03,0.0,0.0,0.0
2009-05-04,9.0,0.0,0.0
2009-05-05,0.0,0.0,0.0
2009-05-07,8.0,0.0,0.0
2009-05-08,0.0,0.0,0.0
2009-05-09,0.0,0.1,0.0
2009-05-10,6.0,7.6,7.1
2009-05-11,59.0,12.0,18.1
2009-05-12,20.0,2.6,1.7
2009-05-13,31.0,2.8,1.9
2009-05-14,1.0,0.2,0.0
2009-05-16,5.0,0.3,0.0
2009-05-17,39.0,10.9,16.8
2009-05-18,6.0,2.6,1.5
2009-05-19,4.0,14.4,21.5
2009-05-20,12.0,35.1,62.1
2009-05-21,0.0,0.2,0.0
2009-05-22,0.0,0.0,0.0
2009-05-23,0.0,0.0,0.0
2009-05-24,0.0,0.1,0.0
2009-05-25,0.0,1.1,0.0
2009-05-26,0.0,0.0,0.0
2009-05-28,1.0,0.2,0.0
2009-05-29,28.0,0.1,0.0
2009-05-31,0.0,0.0,0.0
2009-06-01,1.0,15.7,16.8
2009-06-02,18.0,7.4,5.0
2009-06-03,0.0,1.9,0.0
2009-06-04,0.0,1.1,0.0
2009-06-06,0.0,0.1,0.0
2009-06-07,0.0,0.0,0.0
2009-06-08,0.0,0.0,0.0
2009-06-09,65.0,3.0,0.0
2009-06-10,2.0,15.5,16.4
2009-06-11,0.0,2.5,0.0
2009-06-13,0.0,4.0,1.1
2009-06-14,4.0,0.1,0.0
2009-06-15,3.0,0.8,0.0
2009-06-16,0.0,4.9,2.2
2009-06-17,0.0,0.0,0.0
2009-06-18,0.0,0.2,0.0
2009-06-19,0.0,0.1,0.0
2009-06-20,1.0,1.5,0.0
2009-06-21,0.0,0.1,0.0
2009-06-23,1.0,0.2,0.0
2009-06-24,0.0,0.1,0.0
2009-06-26,3.0,10.1,8.8
2009-06-27,5.0,0.0,0.0
2009-06-28,0.0,1.4,0.0
2009-06-29,0.0,0.5,0.0
2009-06-30,3.0,0.6,0.0
2009-07-01,3.0,9.1,6.4
2009-07-02,0.0,0.0,0.0
2009-07-03,0.0,0.0,0.0
2009-07-04,0.0,0.0,0.0
2009-07-05,14.0,1.1,0.0
2009-07-06,0.0,3.9,1.0
2009-07-09,14.0,3.1,1.0
2009-07-10,1.0,1.7,0.0
2009-07-11,0.0,0.0,0.0
2009-07-12,0.0,4.8,1.5
2009-07-14,0.0,0.0,0.0
2009-07-15,0.0,0.3,0.0
2009-07-16,0.0,0.9,0.0
2009-07-17,0.0,1.0,0.0
2009-07-18,14.0,8.2,6.4
2009-07-19,0.0,0.0,0.0
2009-07-21,0.0,1.4,0.0
2009-07-22,0.0,0.9,0.0
2009-07-23,3.0,5.0,2.7
2009-07-24,0.0,0.0,0.0
2009-07-25,0.0,5.5,3.3
2009-07-26,0.0,1.8,0.0
2009-07-27,0.0,0.0,0.0
2009-07-28,0.0,0.0,0.0
2009-07-29,0.0,0.0,0.0
2009-07-30,0.0,0.0,0.0
2009-07-31,0.0,0.2,0.0
2009-08-01,0.0,6.3,3.2
2009-08-02,0.0,0.4,0.0
2009-08-03,0.0,0.0,0.0
2009-08-04,0.0,0.0,0.0
2009-08-05,0.0,0.0,0.0
2009-08-06,0.0,0.0,0.0
2009-08-07,0.0,0.0,0.0
2009-08-08,0.0,0.3,0.0
2009-08-09,0.0,0.6,0.0
2009-08-10,0.0,0.1,0.0
2009-08-11,0.0,0.2,0.0
2009-08-12,0.0,1.0,0.0
2009-08-13,0.0,0.0,0.0
2009-08-14,0.0,0.0,0.0
2009-08-15,0.0,0.0,0.0
2009-08-16,0.0,0.1,0.0
2009-08-17,0.0,0.0,0.0
2009-08-18,0.0,0.7,0.0
2009-08-19,0.0,1.6,0.0
2009-08-20,0.0,0.0,0.0
2009-08-21,2.0,3.3,1.0
2009-08-22,7.0,0.0,0.0
2009-08-23,0.0,0.0,0.0
2009-08-24,0.0,0.7,0.0
2009-08-25,0.0,1.1,0.0
2009-08-26,0.0,1.0,0.0
2009-08-27,14.0,0.3,0.0
2009-08-28,0.0,0.6,0.0
2009-08-29,0.0,0.0,0.0
2009-08-30,0.0,0.0,0.0
2009-08-31,0.0,0.0,0.0
2009-09-01,0.0,0.0,0.0
2009-09-02,0.0,0.0,0.0
2009-09-03,0.0,0.0,0.0
2009-09-04,0.0,0.0,0.0
2009-09-05,0.0,0.0,0.0
2009-09-06,0.0,0.0,0.0
2009-09-07,0.0,0.0,0.0
2009-09-08,0.0,0.0,0.0
2009-09-09,0.0,0.0,0.0
2009-09-10,0.0,0.0,0.0
2009-09-11,0.0,0.0,0.0
2009-09-12,0.0,0.0,0.0
2009-09-13,0.0,0.0,0.0
2009-09-14,0.0,0.1,0.0
2009-09-15,0.0,0.0,0.0
2009-09-16,0.0,0.1,0.0
2009-09-17,0.0,0.0,0.0
2009-09-18,0.0,0.0,0.0
2009-09-19,0.0,0.0,0.0
2009-09-20,0.0,0.2,0.0
2009-09-21,0.0,1.1,0.0
2009-09-22,0.0,5.4,1.2
2009-09-23,0.0,0.0,0.0
2009-09-24,0.0,0.2,0.0
2009-09-25,0.0,0.0,0.0
2009-09-26,0.0,3.4,0.0
2009-09-27,0.0,0.0,0.0
2009-09-28,0.0,0.0,0.0
2009-09-29,0.0,0.0,0.0
2009-09-30,0.0,3.5,0.0
2009-10-01,12.0,8.3,7.1
2009-10-02,0.0,0.1,0.0
2009-10-03,0.0,1.7,0.0
2009-10-05,0.0,0.1,0.0
2009-10-06,0.0,0.0,0.0
2009-10-07,1.0,5.4,2.6
2009-10-09,0.0,0.2,0.0
2009-10-10,15.0,14.0,16.2
2009-10-12,1.0,0.6,0.0
2009-10-13,2.0,1.9,0.0
2009-10-14,0.0,0.7,0.0
2009-10-15,0.0,0.0,0.0
2009-10-16,0.0,0.0,0.0
2009-10-17,0.0,0.0,0.0
2009-10-18,0.0,0.0,0.0
2009-10-19,0.0,1.8,0.0
2009-10-20,0.0,1.0,0.0
2009-10-21,4.0,1.7,0.0
2009-10-22,0.0,0.3,0.0
2009-10-23,0.0,0.1,0.0
2009-10-25,0.0,0.0,0.0
2009-10-26,0.0,0.0,0.0
2009-10-27,0.0,4.7,3.0
2009-10-28,2.0,1.3,0.0
2009-10-29,0.0,0.0,0.0
2009-10-30,0.0,0.0,0.0
2009-10-31,0.0,0.0,0.0
2009-11-01,0.0,0.0,0.0
2009-11-03,2.0,0.0,0.0
2009-11-04,0.0,0.0,0.0
2009-11-05,0.0,0.1,0.0
2009-11-06,7.0,1.4,0.0
2009-11-08,0.0,2.7,0.0
2009-11-09,0.0,0.7,0.0
2009-11-10,14.0,11.4,11.2
2009-11-11,8.0,16.0,31.2
2009-11-12,31.0,6.2,5.4
2009-11-14,5.0,10.4,13.9
2009-11-15,4.0,12.0,22.7
2009-11-16,0.0,0.5,0.0
2009-11-17,17.0,18.5,37.1
2009-11-18,0.0,0.7,0.0
2009-11-19,0.0,0.0,0.0
2009-11-20,1.0,2.5,0.0
2009-11-21,3.0,0.7,0.0
2009-11-22,0.0,4.4,1.0
2009-11-24,24.0,18.8,23.9
2009-11-25,0.0,7.2,4.4
2009-11-26,12.0,11.5,10.9
2009-11-27,1.0,1.6,0.0
2009-11-28,14.0,0.0,0.0
2009-11-29,1.0,0.8,0.0
2009-11-30,0.0,0.0,0.0
2009-12-01,4.0,2.3,0.0
2009-12-02,17.0,4.5,1.2
2009-12-03,0.0,0.0,0.0
2009-12-04,23.0,5.6,2.7
2009-12-05,2.0,1.8,0.0
2009-12-06,0.0,0.0,0.0
2009-12-07,0.0,0.0,0.0
2009-12-08,0.0,0.0,0.0
2009-12-09,0.0,0.0,0.0
2009-12-10,0.0,0.0,0.0
2009-12-11,0.0,0.0,0.0
2009-12-12,0.0,0.0,0.0
2009-12-13,0.0,0.0,0.0
2009-12-14,0.0,0.0,0.0
2009-12-15,0.0,0.0,0.0
2009-12-16,0.0,0.0,0.0
2009-12-17,0.0,0.4,0.0
2009-12-18,0.0,0.0,0.0
2009-12-19,10.0,13.9,28.0
2009-12-20,1.0,12.7,18.2
2009-12-21,3.0,11.2,8.2
2009-12-22,0.0,4.2,1.0
2009-12-23,0.0,0.0,0.0
2009-12-24,0.0,0.5,0.0
2009-12-26,0.0,0.0,0.0
2009-12-27,0.0,0.4,0.0
2009-12-28,1.0,11.2,8.3
2009-12-30,0.0,0.2,0.0
2009-12-31,0.0,0.0,0.0
2010-01-01,0.0,0.7,0.0
2010-01-02,0.0,1.7,0.0
2010-01-03,0.0,0.0,0.0
2010-01-04,0.0,0.0,0.0
2010-01-05,0.0,0.0,0.0
2010-01-06,9.0,37.7,64.7
2010-01-07,0.0,11.5,8.9
2010-01-09,0.0,3.2,0.0
2010-01-11,25.0,28.8,42.2
2010-01-12,1.0,7.4,6.3
2010-01-13,9.0,5.2,3.6
2010-01-14,1.0,3.8,1.9
2010-01-15,5.0,20.4,29.7
2010-01-16,2.0,6.7,5.4
2010-01-17,0.0,2.2,0.0
2010-01-18,0.0,1.7,0.0
2010-01-19,46.0,29.0,42.6
2010-01-20,0.0,0.7,0.0
2010-01-21,0.0,0.1,0.0
2010-01-22,0.0,0.4,0.0
2010-01-23,0.0,0.4,0.0
2010-01-24,0.0,2.2,0.0
2010-01-27,0.0,0.0,0.0
2010-01-29,1.0,6.9,4.0
2010-01-30,0.0,2.1,0.0
2010-01-31,1.0,3.7,1.0
2010-02-01,1.0,0.0,0.0
2010-02-02,0.0,0.0,0.0
2010-02-03,0.0,0.5,0.0
2010-02-04,0.0,0.0,0.0
2010-02-05,3.0,1.7,0.0
2010-02-06,0.0,0.0,0.0
2010-02-07,15.0,7.2,4.1
2010-02-08,0.0,0.0,0.0
2010-02-09,0.0,0.0,0.0
2010-02-11,0.0,0.0,0.0
2010-02-12,6.0,0.3,0.0
2010-02-13,3.0,1.0,0.0
2010-02-14,0.0,0.0,0.0
2010-02-15,16.0,8.3,6.4
2010-02-16,2.0,2.3,1.0
2010-02-17,0.0,0.5,0.0
2010-02-18,1.0,25.6,40.6
2010-02-20,0.0,0.0,0.0
2010-02-21,0.0,0.0,0.0
2010-02-22,0.0,0.0,0.0
2010-02-23,0.0,0.0,0.0
2010-02-24,0.0,0.2,0.0
2010-02-25,0.0,0.0,0.0
2010-02-26,0.0,0.0,0.0
2010-02-27,0.0,0.0,0.0
2010-02-28,0.0,0.0,0.0
2010-03-01,0.0,0.0,0.0
2010-03-02,0.0,0.0,0.0
2010-03-03,0.0,0.0,0.0
2010-03-04,0.0,0.0,0.0
2010-03-05,0.0,0.0,0.0
2010-03-06,0.0,0.0,0.0
2010-03-07,0.0,0.0,0.0
2010-03-08,0.0,12.3,7.9
2010-03-09,0.0,0.0,0.0
2010-03-10,0.0,0.0,0.0
2010-03-11,0.0,0.0,0.0
2010-03-12,0.0,0.0,0.0
2010-03-13,0.0,0.0,0.0
2010-03-14,0.0,0.0,0.0
2010-03-15,0.0,0.0,0.0
2010-03-16,0.0,0.0,0.0
2010-03-17,0.0,0.1,0.0
2010-03-18,0.0,0.1,0.0
2010-03-19,0.0,0.0,0.0
2010-03-20,0.0,0.0,0.0
2010-03-21,0.0,0.1,0.0
2010-03-22,0.0,8.3,7.3
2010-03-23,9.0,5.8,4.6
2010-03-24,2.0,3.3,1.8
2010-03-25,3.0,14.8,14.5
2010-03-26,11.0,0.8,0.0
2010-03-27,12.0,21.3,26.4
2010-03-28,0.0,0.1,0.0
2010-03-29,0.0,1.2,0.0
2010-03-30,0.0,1.8,1.0
2010-04-01,0.0,2.9,1.0
2010-04-02,0.0,0.0,0.0
2010-04-03,0.0,0.0,0.0
2010-04-05,0.0,3.9,1.8
2010-04-06,0.0,4.7,2.6
2010-04-07,4.0,59.3,64.6
2010-04-09,8.0,0.5,0.0
2010-04-10,6.0,35.4,39.2
2010-04-11,0.0,19.1,29.6
2010-04-12,2.0,14.2,19.6
2010-04-13,0.0,6.7,5.2
2010-04-14,11.0,23.5,39.2
2010-04-15,15.0,5.3,3.3
2010-04-16,1.0,1.6,0.0
2010-04-17,0.0,0.4,0.0
2010-04-18,0.0,0.4,0.0
2010-04-19,0.0,0.0,0.0
2010-04-20,2.0,2.1,0.0
2010-04-21,0.0,0.0,0.0
2010-04-22,0.0,0.7,0.0
2010-04-23,0.0,0.9,0.0
2010-04-24,0.0,18.8,23.5
2010-04-25,3.0,2.9,1.0
2010-04-26,35.0,15.7,15.8
2010-04-27,19.0,0.2,0.0
2010-04-28,17.0,10.6,9.6
2010-04-29,28.0,48.8,63.4
2010-04-30,0.0,0.1,0.0
2010-05-01,0.0,0.5,0.0
2010-05-03,0.0,0.0,0.0
2010-05-05,16.0,7.3,6.6
2010-05-06,5.0,5.1,3.0
2010-05-07,0.0,0.7,0.0
2010-05-09,56.0,3.3,1.0
2010-05-10,1.0,3.4,1.0
2010-05-11,6.0,11.1,15.7
2010-05-12,0.0,3.7,3.6
2010-05-13,66.0,114.1,72.7
2010-05-14,4.0,17.9,32.0
2010-05-15,1.0,9.7,13.7
2010-05-16,7.0,0.5,0.0
2010-05-17,67.0,18.9,35.5
2010-05-18,0.0,0.0,0.0
2010-05-19,2.0,4.1,4.2
2010-05-21,2.0,24.0,46.2
2010-05-22,63.0,58.6,60.4
2010-05-23,0.0,0.0,0.0
2010-05-24,0.0,0.2,0.0
2010-05-25,0.0,0.0,0.0
2010-05-26,2.0,22.3,42.8
2010-05-27,11.0,5.2,3.2
2010-05-29,4.0,10.9,12.3
2010-05-31,23.0,2.7,0.0
2010-06-01,32.0,3.4,1.0
2010-06-02,1.0,3.3,1.0
2010-06-03,6.0,26.7,36.4
2010-06-04,6.0,31.8,47.3
2010-06-05,0.0,0.2,0.0
2010-06-07,0.0,0.0,0.0
2010-06-08,0.0,0.0,0.0
2010-06-09,0.0,0.0,0.0
2010-06-11,2.0,0.7,0.0
2010-06-12,44.0,1.7,0.0
2010-06-14,2.0,18.6,31.2
2010-06-15,31.0,39.4,70.7
2010-06-16,3.0,3.1,1.0
2010-06-17,1.0,6.7,4.4
2010-06-19,9.0,22.0,42.4
2010-06-20,87.0,19.6,34.6
2010-06-21,0.0,0.7,0.0
2010-06-23,0.0,3.2,1.4
2010-06-24,0.0,0.0,0.0
2010-06-26,37.0,3.5,1.7
2010-06-27,0.0,0.2,0.0
2010-06-28,0.0,0.0,0.0
2010-06-29,0.0,1.6,0.0
2010-06-30,1.0,5.2,3.3
2010-07-01,8.0,0.2,0.0
2010-07-02,0.0,0.0,0.0
2010-07-03,8.0,22.6,34.1
2010-07-04,39.0,53.3,58.8
2010-07-05,0.0,13.0,11.0
2010-07-06,1.0,2.1,0.0
2010-07-08,0.0,1.0,0.0
2010-07-09,0.0,1.8,0.0
2010-07-10,2.0,9.9,7.3
2010-07-11,1.0,2.1,0.0
2010-07-13,0.0,0.1,0.0
2010-07-14,0.0,5.5,2.3
2010-07-15,8.0,14.3,20.0
2010-07-17,0.0,0.0,0.0
2010-07-18,3.0,12.5,12.2
2010-07-20,10.0,24.0,38.8
2010-07-21,5.0,13.3,13.4
2010-07-22,1.0,12.2,10.3
2010-07-23,11.0,4.0,1.7
2010-07-24,6.0,32.9,38.8
2010-07-25,23.0,3.2,1.0
2010-07-26,31.0,1.3,0.0
2010-07-27,0.0,2.0,0.0
2010-07-28,4.0,19.9,28.7
2010-07-29,8.0,47.6,39.9
2010-07-30,5.0,13.8,14.8
2010-07-31,0.0,0.0,0.0
2010-08-01,19.0,13.6,24.4
2010-08-02,0.0,0.9,0.0
2010-08-03,31.0,10.7,12.7
2010-08-04,75.0,45.6,69.9
2010-08-05,2.0,15.2,27.3
2010-08-06,36.0,9.8,10.2
2010-08-07,12.0,27.6,56.1
2010-08-08,0.0,9.2,9.6
2010-08-09,1.0,4.6,1.9
2010-08-10,36.0,2.4,0.0
2010-08-11,1.0,6.7,3.4
2010-08-12,0.0,0.5,0.0
2010-08-14,0.0,0.5,0.0
2010-08-15,0.0,0.0,0.0
2010-08-16,0.0,6.3,2.5
2010-08-17,8.0,1.1,0.0
2010-08-18,0.0,2.1,0.0
2010-08-19,8.0,7.5,3.6
2010-08-20,16.0,18.8,33.0
2010-08-21,2.0,4.9,2.0
2010-08-22,3.0,4.8,2.0
2010-08-23,2.0,18.8,20.5
2010-08-24,9.0,13.3,10.8
2010-08-26,0.0,0.3,0.0
2010-08-27,0.0,0.6,0.0
2010-08-28,13.0,2.5,0.0
2010-08-29,0.0,0.1,0.0
2010-08-30,0.0,0.1,0.0
2010-08-31,4.0,9.3,6.5
2010-09-01,0.0,2.4,0.0
2010-09-02,20.0,0.2,0.0
2010-09-03,1.0,8.6,5.3
2010-09-04,35.0,15.1,30.6
2010-09-06,5.0,7.7,4.2
2010-09-07,7.0,5.1,1.0
2010-09-08,0.0,0.6,0.0
2010-09-09,0.0,1.1,0.0
2010-09-10,51.0,22.7,48.8
2010-09-11,1.0,0.0,0.0
2010-09-12,1.0,6.7,2.2
2010-09-13,21.0,19.1,48.8
2010-09-14,0.0,1.9,0.0
2010-09-15,50.0,68.6,73.8
2010-09-16,0.0,1.6,0.0
2010-09-17,0.0,9.2,5.6
2010-09-18,0.0,2.0,0.0
2010-09-19,8.0,30.8,66.4
2010-09-20,0.0,5.1,1.3
2010-09-21,0.0,9.0,6.2
2010-09-22,13.0,1.1,0.0
2010-09-23,0.0,3.3,0.0
2010-09-24,4.0,1.8,0.0
2010-09-25,1.0,1.5,0.0
2010-09-26,26.0,31.2,44.7
2010-09-27,16.0,24.9,35.3
2010-09-29,4.0,3.9,0.0
2010-09-30,41.0,11.6,9.4
2010-10-01,1.0,5.3,2.5
2010-10-02,0.0,0.1,0.0
2010-10-03,0.0,0.0,0.0
2010-10-04,3.0,0.7,0.0
2010-10-05,13.0,22.5,50.0
2010-10-06,3.0,9.5,9.2
2010-10-07,7.0,0.2,0.0
2010-10-08,43.0,19.0,40.7
2010-10-09,2.0,3.9,1.0
2010-10-10,0.0,4.0,1.0
2010-10-11,0.0,0.8,0.0
2010-10-12,1.0,4.5,0.0
2010-10-13,0.0,0.0,0.0
2010-10-15,0.0,5.7,1.0
2010-10-16,29.0,1.2,0.0
2010-10-17,0.0,0.0,0.0
2010-10-18,0.0,1.0,0.0
2010-10-19,0.0,2.7,0.0
2010-10-20,0.0,0.6,0.0
2010-10-21,14.0,3.7,1.5
2010-10-22,9.0,4.6,2.8
2010-10-23,85.0,12.6,22.0
2010-10-24,12.0,1.9,0.0
2010-10-25,18.0,5.4,4.1
2010-10-26,1.0,5.3,4.0
2010-10-28,1.0,10.8,13.0
2010-10-29,10.0,7.1,6.8
2010-11-01,5.0,64.8,180.0
2010-11-02,1.0,1.8,0.0
2010-11-03,1.0,0.0,0.0
2010-11-04,0.0,0.9,0.0
2010-11-06,0.0,0.0,0.0
2010-11-08,0.0,4.2,0.0
2010-11-09,25.0,10.7,9.8
2010-11-10,0.0,0.5,0.0
2010-11-12,0.0,1.2,0.0
2010-11-13,0.0,0.0,0.0
2010-11-14,2.0,3.6,1.0
2010-11-15,11.0,8.3,9.5
2010-11-16,0.0,0.2,0.0
2010-11-17,7.0,29.4,81.2
2010-11-18,8.0,2.0,0.0
2010-11-19,12.0,0.9,0.0
2010-11-21,4.0,6.5,3.4
2010-11-22,0.0,1.7,0.0
2010-11-24,0.0,0.0,0.0
2010-11-25,1.0,2.8,0.0
2010-11-26,1.0,0.7,0.0
2010-11-27,0.0,0.0,0.0
2010-12-01,9.0,14.9,20.2
2010-12-03,0.0,0.4,0.0
2010-12-04,10.0,26.2,43.5
2010-12-05,1.0,2.9,0.0
2010-12-06,5.0,2.3,0.0
2010-12-07,18.0,23.8,40.0
2010-12-08,2.0,13.2,14.2
2010-12-09,66.0,64.5,62.2
2010-12-10,1.0,8.2,6.6
2010-12-11,22.0,23.9,50.8
2010-12-13,0.0,0.2,0.0
2010-12-14,9.0,0.9,0.0
2010-12-15,0.0,0.1,0.0
2010-12-16,11.0,0.1,0.0
2010-12-17,0.0,0.0,0.0
2010-12-18,11.0,4.8,3.5
2010-12-19,8.0,3.2,1.0
2010-12-21,2.0,13.5,14.8
2010-12-22,0.0,1.6,0.0
2010-12-23,34.0,3.1,0.0
2010-12-24,17.0,8.8,6.3
2010-12-26,26.0,8.0,5.1
2010-12-27,0.0,3.1,0.0
2010-12-28,0.0,0.4,0.0
2010-12-30,1.0,10.0,6.9
2010-12-31,0.0,4.3,1.0
2011-01-01,10.0,13.7,11.8
2011-01-03,2.0,3.9,0.0
2011-01-04,1.0,14.4,12.3
2011-01-05,0.0,0.8,0.0
2011-01-06,0.0,0.0,0.0
2011-01-07,0.0,0.0,0.0
2011-01-08,0.0,0.4,0.0
2011-01-09,0.0,0.1,0.0
2011-01-10,0.0,0.1,0.0
2011-01-11,0.0,2.2,0.0
2011-01-13,1.0,20.1,28.9
2011-01-14,21.0,35.9,50.9
2011-01-18,7.0,2.3,0.0
2011-01-20,0.0,0.0,0.0
2011-01-21,0.0,0.0,0.0
2011-01-23,1.0,4.1,1.0
2011-01-26,11.0,21.3,23.8
2011-01-29,5.0,47.3,63.3
2011-01-30,0.0,0.0,0.0
2011-02-01,29.0,5.5,2.3
2011-02-02,2.0,1.7,0.0
2011-02-05,0.0,0.2,0.0
2011-02-06,43.0,13.6,11.1
2011-02-07,30.0,0.9,0.0
2011-02-08,5.0,1.6,0.0
2011-02-09,84.0,51.6,79.6
2011-02-10,4.0,9.4,6.4
2011-02-12,7.0,21.0,34.3
2011-02-13,3.0,10.7,8.9
2011-02-14,0.0,0.1,0.0
2011-02-15,1.0,9.6,7.5
2011-02-16,54.0,136.4,49.8
2011-02-17,3.0,7.6,5.7
2011-02-19,1.0,3.6,1.6
2011-02-20,10.0,2.2,1.0
2011-02-21,20.0,30.9,53.9
2011-02-23,16.0,1.3,0.0
2011-02-24,9.0,6.9,6.7
2011-02-26,1.0,0.3,0.0
2011-02-28,1.0,0.0,0.0
2011-03-01,4.0,10.7,6.8
2011-03-02,5.0,26.4,34.8
2011-03-04,0.0,0.0,0.0
2011-03-06,0.0,0.8,0.0
2011-03-07,0.0,0.7,0.0
2011-03-09,16.0,3.1,0.0
2011-03-10,0.0,4.1,1.0
2011-03-12,10.0,7.8,6.7
2011-03-14,4.0,4.9,2.8
2011-03-15,9.0,7.8,7.4
2011-03-16,2.0,8.7,8.2
2011-03-17,1.0,4.5,2.3
2011-03-18,26.0,11.1,11.9
2011-03-20,55.0,22.1,36.2
2011-03-22,13.0,13.0,13.0
2011-03-23,58.0,9.5,9.2
2011-03-24,47.0,22.9,29.7
2011-03-25,3.0,12.5,11.9
2011-03-26,1.0,1.2,0.0
2011-03-27,14.0,26.2,34.4
2011-03-28,17.0,0.8,0.0
2011-03-29,1.0,8.5,7.6
2011-03-30,2.0,8.7,7.8
2011-03-31,15.0,9.5,9.7
2011-04-01,2.0,0.2,0.0
2011-04-02,1.0,3.0,1.0
2011-04-03,3.0,0.0,0.0
2011-04-04,30.0,8.4,6.6
2011-04-05,0.0,1.2,0.0
2011-04-06,7.0,7.5,5.4
2011-04-07,11.0,17.6,19.1
2011-04-08,0.0,1.1,0.0
2011-04-09,1.0,3.5,1.3
2011-04-10,12.0,1.0,0.0
2011-04-11,5.0,3.9,1.2
2011-04-12,3.0,7.1,6.0
2011-04-13,1.0,2.3,0.0
2011-04-16,1.0,13.7,18.0
2011-04-17,0.0,0.4,0.0
2011-04-18,2.0,2.4,0.0
2011-04-19,3.0,0.8,0.0
2011-04-21,0.0,1.2,0.0
2011-04-22,15.0,8.6,7.2
2011-04-25,3.0,5.0,2.9
2011-04-27,2.0,5.3,3.3
2011-04-28,9.0,41.5,54.2
2011-04-30,2.0,16.1,16.3
2011-05-01,1.0,6.2,4.7
2011-05-02,13.0,10.6,13.1
2011-05-03,4.0,18.9,37.5
2011-05-04,1.0,7.9,7.5
2011-05-05,4.0,9.7,10.4
2011-05-06,0.0,0.0,0.0
2011-05-07,0.0,0.0,0.0
2011-05-08,1.0,0.0,0.0
2011-05-09,1.0,4.3,1.8
2011-05-11,0.0,0.3,0.0
2011-05-12,0.0,0.0,0.0
2011-05-13,0.0,0.0,0.0
2011-05-14,42.0,13.4,20.7
2011-05-15,1.0,10.5,15.0
2011-05-16,16.0,1.2,0.0
2011-05-17,2.0,10.2,14.4
2011-05-18,0.0,1.6,0.0
2011-05-20,0.0,2.6,1.7
2011-05-21,12.0,0.5,0.0
2011-05-22,3.0,4.8,2.6
2011-05-23,2.0,1.7,0.0
2011-05-24,9.0,3.3,1.0
2011-05-26,0.0,0.0,0.0
2011-05-28,3.0,22.6,43.8
2011-05-30,1.0,4.5,2.1
2011-05-31,1.0,14.3,23.7
2011-06-02,0.0,0.2,0.0
2011-06-03,0.0,0.2,0.0
2011-06-04,0.0,0.3,0.0
2011-06-06,7.0,15.0,15.4
2011-06-07,0.0,3.5,1.0
2011-06-09,39.0,33.1,49.9
2011-06-10,2.0,2.0,0.0
2011-06-11,42.0,30.0,56.6
2011-06-13,24.0,36.6,66.6
2011-06-15,10.0,20.1,35.3
2011-06-16,0.0,0.0,0.0
2011-06-17,12.0,4.2,1.4
2011-06-18,7.0,0.6,0.0
2011-06-20,2.0,5.5,2.8
2011-06-21,0.0,0.3,0.0
2011-06-23,0.0,0.0,0.0
2011-06-24,0.0,0.1,0.0
2011-06-25,1.0,0.0,0.0
2011-06-26,0.0,0.9,0.0
2011-06-27,1.0,10.8,8.9
2011-06-28,58.0,18.4,18.4
2011-06-29,0.0,0.0,0.0
2011-06-30,0.0,0.0,0.0
2011-07-01,0.0,0.0,0.0
2011-07-03,0.0,0.7,0.0
2011-07-06,0.0,0.8,0.0
2011-07-07,0.0,0.3,0.0
2011-07-08,0.0,0.8,0.0
2011-07-09,0.0,0.8,0.0
2011-07-10,0.0,0.0,0.0
2011-07-11,0.0,2.7,0.0
2011-07-12,0.0,0.1,0.0
2011-07-13,0.0,0.0,0.0
2011-07-14,0.0,3.8,1.0
2011-07-15,0.0,0.0,0.0
2011-07-17,0.0,0.0,0.0
2011-07-18,8.0,9.9,7.9
2011-07-20,0.0,0.6,0.0
2011-07-21,13.0,6.8,4.8
2011-07-24,6.0,0.0,0.0
2011-07-25,0.0,0.0,0.0
2011-07-26,0.0,0.0,0.0
2011-07-27,0.0,0.0,0.0
2011-07-28,0.0,0.0,0.0
2011-07-29,0.0,0.2,0.0
2011-07-30,0.0,0.2,0.0
2011-07-31,0.0,0.0,0.0
2011-08-02,1.0,5.3,1.6
2011-08-03,0.0,0.1,0.0
2011-08-04,0.0,1.0,0.0
2011-08-07,0.0,0.0,0.0
2011-08-08,0.0,0.1,0.0
2011-08-09,0.0,2.0,0.0
2011-08-11,4.0,0.0,0.0
2011-08-13,0.0,2.0,0.0
2011-08-14,0.0,0.0,0.0
2011-08-15,0.0,0.0,0.0
2011-08-18,0.0,0.1,0.0
2011-08-19,0.0,0.0,0.0
2011-08-20,0.0,0.0,0.0
2011-08-21,0.0,0.0,0.0
2011-08-22,0.0,0.2,0.0
2011-08-23,0.0,0.0,0.0
2011-08-24,0.0,0.0,0.0
2011-08-25,0.0,0.7,0.0
2011-08-26,0.0,0.0,0.0
2011-08-28,0.0,1.7,0.0
2011-08-31,2.0,13.2,10.8
2011-09-01,0.0,5.4,1.0
2011-09-02,0.0,0.1,0.0
2011-09-03,0.0,0.0,0.0
2011-09-05,5.0,0.9,0.0
2011-09-06,0.0,0.0,0.0
2011-09-07,0.0,0.0,0.0
2011-09-08,0.0,6.7,2.8
2011-09-09,0.0,8.7,5.9
2011-09-11,0.0,3.9,0.0
2011-09-13,17.0,8.6,4.7
2011-09-14,1.0,0.7,0.0
2011-09-15,2.0,9.0,5.1
2011-09-17,1.0,4.8,0.0
2011-09-19,0.0,0.0,0.0
2011-09-20,0.0,0.0,0.0
2011-09-21,8.0,1.5,0.0
2011-09-22,0.0,3.1,0.0
2011-09-23,0.0,1.2,0.0
2011-09-24,0.0,0.0,0.0
2011-09-25,0.0,0.0,0.0
2011-09-26,0.0,0.0,0.0
2011-09-27,0.0,0.0,0.0
2011-09-28,0.0,0.2,0.0
2011-09-29,6.0,7.0,3.2
2011-09-30,4.0,5.1,1.2
2011-10-01,1.0,2.6,0.0
2011-10-02,2.0,0.0,0.0
2011-10-03,0.0,0.3,0.0
2011-10-04,4.0,1.5,0.0
2011-10-05,1.0,0.0,0.0
2011-10-07,77.0,45.2,70.0
2011-10-08,0.0,0.0,0.0
2011-10-09,0.0,0.0,0.0
2011-10-10,0.0,0.3,0.0
2011-10-11,0.0,1.8,0.0
2011-10-12,0.0,4.6,0.0
2011-10-13,0.0,0.0,0.0
2011-10-14,6.0,0.2,0.0
2011-10-15,0.0,0.0,0.0
2011-10-17,0.0,15.0,12.9
2011-10-19,2.0,0.8,0.0
2011-10-21,10.0,43.0,100.3
2011-10-22,12.0,26.4,57.4
2011-10-23,2.0,4.3,2.4
2011-10-24,23.0,16.0,31.0
2011-10-25,0.0,5.6,4.4
2011-10-26,1.0,5.5,4.3
2011-10-27,30.0,3.9,1.8
2011-10-28,2.0,0.3,0.0
2011-10-29,6.0,0.0,0.0
2011-10-30,0.0,0.0,0.0
2011-10-31,3.0,0.0,0.0
2011-11-01,0.0,0.0,0.0
2011-11-03,0.0,6.9,3.2
2011-11-05,1.0,2.8,0.0
2011-11-06,32.0,9.4,7.5
2011-11-07,1.0,9.7,8.1
2011-11-09,0.0,0.1,0.0
2011-11-11,1.0,7.6,8.3
2011-11-12,0.0,2.9,1.0
2011-11-14,1.0,0.6,0.0
2011-11-15,0.0,0.5,0.0
2011-11-16,3.0,8.6,10.2
2011-11-17,1.0,3.0,1.0
2011-11-18,0.0,0.0,0.0
2011-11-19,0.0,0.1,0.0
2011-11-21,3.0,2.3,0.0
2011-11-22,18.0,6.3,3.1
2011-11-23,3.0,1.1,0.0
2011-11-25,0.0,4.0,1.0
2011-11-26,0.0,3.4,0.0
2011-11-28,5.0,11.9,10.8
2011-11-29,8.0,7.1,4.2
2011-11-30,14.0,21.1,29.1
2011-12-01,0.0,0.4,0.0
2011-12-02,55.0,3.5,0.0
2011-12-03,0.0,3.8,1.0
2011-12-04,51.0,46.6,62.1
2011-12-05,0.0,8.8,7.4
2011-12-06,18.0,16.7,24.8
2011-12-07,0.0,1.5,0.0
2011-12-08,0.0,0.0,0.0
2011-12-09,9.0,14.8,20.2
2011-12-11,0.0,0.0,0.0
2011-12-12,0.0,0.0,0.0
2011-12-13,2.0,0.4,0.0
2011-12-14,0.0,0.6,0.0
2011-12-15,1.0,5.8,5.2
2011-12-16,0.0,0.4,0.0
2011-12-18,0.0,0.3,0.0
2011-12-19,0.0,0.0,0.0
2011-12-20,0.0,0.2,0.0
2011-12-22,3.0,3.1,0.0
2011-12-23,0.0,0.7,0.0
2011-12-25,0.0,0.0,0.0
2011-12-27,3.0,21.5,25.9
2011-12-28,6.0,18.3,21.4
2011-12-29,2.0,4.6,1.3
2011-12-30,23.0,42.1,48.2
2011-12-31,13.0,14.8,16.9
2012-01-03,3.0,3.0,0.0
2012-01-04,0.0,0.1,0.0
2012-01-05,0.0,0.0,0.0
2012-01-06,13.0,28.9,42.9
2012-01-08,0.0,0.2,0.0
2012-01-11,0.0,4.5,2.7
2012-01-12,0.0,2.9,1.0
2012-01-13,0.0,0.0,0.0
2012-01-14,0.0,0.2,0.0
2012-01-15,12.0,15.4,21.9
2012-01-16,0.0,3.9,2.1
2012-01-17,0.0,2.1,0.0
2012-01-18,0.0,0.5,0.0
2012-01-19,8.0,8.8,8.0
2012-01-20,10.0,2.2,0.0
2012-01-21,8.0,18.4,18.6
2012-01-23,4.0,6.1,3.1
2012-01-24,0.0,2.3,0.0
2012-01-25,0.0,1.4,0.0
2012-01-26,2.0,12.4,10.3
2012-01-27,16.0,5.6,2.6
2012-01-28,16.0,14.8,13.2
2012-01-29,17.0,6.1,3.2
2012-01-30,0.0,0.1,0.0
2012-01-31,0.0,0.0,0.0
2012-02-03,2.0,0.5,0.0
2012-02-04,0.0,0.0,0.0
2012-02-05,0.0,0.4,0.0
2012-02-06,0.0,1.2,0.0
2012-02-07,2.0,2.6,0.0
2012-02-08,0.0,0.1,0.0
2012-02-11,1.0,0.5,0.0
2012-02-12,1.0,0.3,0.0
2012-02-15,2.0,1.8,0.0
2012-02-16,2.0,0.6,0.0
2012-02-17,4.0,13.6,16.9
2012-02-18,0.0,0.8,0.0
2012-02-19,5.0,9.5,7.8
2012-02-20,3.0,8.1,6.0
2012-02-21,22.0,17.2,28.1
2012-02-23,3.0,2.6,1.0
2012-02-24,13.0,0.7,0.0
2012-02-25,15.0,0.1,0.0
2012-02-26,54.0,13.6,17.4
2012-02-27,1.0,8.7,8.2
2012-02-29,2.0,0.9,0.0
2012-03-01,1.0,15.1,11.0
2012-03-02,10.0,40.7,44.2
2012-03-03,4.0,10.2,6.6
2012-03-04,1.0,15.6,17.3
2012-03-05,2.0,11.3,8.3
2012-03-06,6.0,14.5,10.8
2012-03-07,2.0,5.6,2.1
2012-03-08,2.0,0.4,0.0
2012-03-09,0.0,0.4,0.0
2012-03-11,5.0,22.9,38.1
2012-03-13,0.0,1.3,0.0
2012-03-14,7.0,1.9,0.0
2012-03-15,1.0,4.8,2.6
2012-03-17,0.0,1.6,0.0
2012-03-18,0.0,1.3,0.0
2012-03-19,0.0,0.1,0.0
2012-03-20,0.0,0.0,0.0
2012-03-21,0.0,0.9,0.0
2012-03-22,0.0,3.1,1.5
2012-03-23,0.0,0.4,0.0
2012-03-24,7.0,4.1,2.6
2012-03-25,5.0,0.0,0.0
2012-03-26,1.0,2.5,1.0
2012-03-27,0.0,0.0,0.0
2012-03-28,4.0,4.9,3.6
2012-03-29,0.0,0.2,0.0
2012-03-30,9.0,0.6,0.0
2012-03-31,0.0,0.0,0.0
2012-04-01,2.0,0.0,0.0
2012-04-02,1.0,0.0,0.0
2012-04-03,3.0,2.5,1.0
2012-04-04,30.0,1.0,0.0
2012-04-05,0.0,0.4,0.0
2012-04-06,7.0,4.5,2.4
2012-04-07,11.0,7.9,5.9
2012-04-08,0.0,0.3,0.0
2012-04-09,0.0,0.0,0.0
2012-04-10,12.0,8.0,7.6
2012-04-11,5.0,35.8,58.1
2012-04-12,3.0,2.9,0.0
2012-04-13,1.0,2.9,0.0
2012-04-14,27.0,0.9,0.0
2012-04-15,20.0,0.5,0.0
2012-04-16,1.0,0.0,0.0
2012-04-17,0.0,2.0,0.0
2012-04-18,2.0,5.3,3.3
2012-04-19,3.0,0.0,0.0
2012-04-20,2.0,6.4,4.8
2012-04-21,0.0,5.4,3.4
2012-04-22,15.0,1.6,0.0
2012-04-23,3.0,3.1,1.0
2012-04-25,4.0,21.7,27.7
2012-04-27,6.0,1.3,0.0
2012-04-28,2.0,4.6,2.5
2012-04-29,0.0,1.5,0.0
2012-04-30,0.0,0.5,0.0
2012-05-01,1.0,23.1,48.9
2012-05-02,13.0,3.2,1.0
2012-05-03,4.0,2.6,0.0
2012-05-04,1.0,14.8,25.9
2012-05-05,4.0,0.9,0.0
2012-05-06,0.0,1.7,0.0
2012-05-07,0.0,0.6,0.0
2012-05-08,1.0,8.4,8.3
2012-05-09,1.0,9.6,10.3
2012-05-11,0.0,0.4,0.0
2012-05-12,0.0,0.8,0.0
2012-05-13,0.0,0.5,0.0
2012-05-14,42.0,16.0,24.4
2012-05-15,1.0,0.9,0.0
2012-05-16,16.0,8.9,12.4
2012-05-17,2.0,0.2,0.0
2012-05-18,0.0,19.9,37.6
2012-05-20,0.0,0.0,0.0
2012-05-21,12.0,0.0,0.0
2012-05-22,3.0,0.5,0.0
2012-05-23,2.0,0.0,0.0
2012-05-24,9.0,0.8,0.0
2012-05-26,0.0,1.4,0.0
2012-05-28,3.0,0.6,0.0
2012-05-30,1.0,0.6,0.0
2012-05-31,1.0,5.6,3.7
2012-06-02,0.0,0.0,0.0
2012-06-03,0.0,0.4,0.0
2012-06-04,0.0,0.2,0.0
2012-06-06,7.0,5.4,2.4
2012-06-07,0.0,0.0,0.0
2012-06-09,39.0,0.0,0.0
2012-06-10,2.0,10.7,10.2
2012-06-11,42.0,54.7,81.4
2012-06-13,24.0,2.2,0.0
2012-06-15,10.0,0.0,0.0
2012-06-16,0.0,0.0,0.0
2012-06-17,12.0,0.0,0.0
2012-06-18,7.0,0.0,0.0
2012-06-20,2.0,1.7,0.0
2012-06-21,0.0,0.2,0.0
2012-06-23,0.0,1.9,1.0
2012-06-24,0.0,0.6,0.0
2012-06-25,1.0,0.1,0.0
2012-06-26,0.0,0.0,0.0
2012-06-27,1.0,4.5,2.6
2012-06-28,58.0,3.3,1.4
2012-06-29,0.0,2.0,1.0
2012-06-30,0.0,0.0,0.0
2012-07-02,5.0,8.2,5.4
2012-07-03,0.0,0.0,0.0
2012-07-05,1.0,8.9,6.2
2012-07-06,10.0,26.3,41.1
2012-07-07,0.0,5.4,2.4
2012-07-08,3.0,11.7,9.5
2012-07-09,1.0,22.9,34.4
2012-07-10,3.0,3.3,1.0
2012-07-11,46.0,23.5,39.0
2012-07-12,11.0,7.7,5.0
2012-07-13,17.0,5.1,1.9
2012-07-14,0.0,0.8,0.0
2012-07-15,2.0,1.6,0.0
2012-07-16,1.0,4.0,1.0
2012-07-17,0.0,2.9,0.0
2012-07-18,21.0,6.7,3.7
2012-07-19,39.0,16.2,26.3
2012-07-20,10.0,10.8,9.6
2012-07-21,8.0,15.6,20.1
2012-07-22,0.0,1.0,0.0
2012-07-23,0.0,4.9,2.6
2012-07-25,43.0,7.2,5.2
2012-07-26,23.0,7.0,4.9
2012-07-27,0.0,6.6,4.3
2012-07-30,0.0,0.3,0.0
2012-07-31,0.0,7.0,4.8
2012-08-01,0.0,0.5,0.0
2012-08-02,0.0,0.1,0.0
2012-08-03,0.0,2.3,0.0
2012-08-04,0.0,0.8,0.0
2012-08-06,0.0,1.4,0.0
2012-08-07,0.0,0.3,0.0
2012-08-08,0.0,0.0,0.0
2012-08-09,0.0,0.3,0.0
2012-08-10,0.0,0.3,0.0
2012-08-11,0.0,0.0,0.0
2012-08-12,0.0,0.0,0.0
2012-08-13,0.0,0.0,0.0
2012-08-14,0.0,0.0,0.0
2012-08-15,0.0,0.0,0.0
2012-08-16,0.0,0.3,0.0
2012-08-17,0.0,0.0,0.0
2012-08-18,35.0,7.6,5.7
2012-08-19,0.0,0.0,0.0
2012-08-20,0.0,0.5,0.0
2012-08-21,5.0,0.0,0.0
2012-08-23,0.0,0.0,0.0
2012-08-24,0.0,7.9,5.2
2012-08-26,7.0,0.9,0.0
2012-08-27,0.0,0.8,0.0
2012-08-28,1.0,7.8,4.9
2012-08-29,61.0,16.9,16.1
2012-08-30,0.0,0.3,0.0
2012-08-31,3.0,3.5,1.0
2012-09-01,0.0,2.1,0.0
2012-09-02,0.0,0.0,0.0
2012-09-03,0.0,0.0,0.0
2012-09-04,0.0,0.1,0.0
2012-09-05,0.0,0.0,0.0
2012-09-06,0.0,0.0,0.0
2012-09-07,9.0,0.4,0.0
2012-09-08,9.0,1.9,0.0
2012-09-09,0.0,0.0,0.0
2012-09-10,0.0,0.0,0.0
2012-09-11,0.0,0.0,0.0
2012-09-12,0.0,1.2,0.0
2012-09-13,0.0,0.0,0.0
2012-09-14,5.0,0.0,0.0
2012-09-15,0.0,7.2,2.6
2012-09-16,1.0,0.0,0.0
2012-09-17,0.0,0.0,0.0
2012-09-18,0.0,0.0,0.0
2012-09-19,0.0,14.6,34.6
2012-09-20,0.0,0.0,0.0
2012-09-21,0.0,0.0,0.0
2012-09-22,0.0,0.0,0.0
2012-09-23,0.0,1.1,0.0
2012-09-24,0.0,0.7,0.0
2012-09-25,0.0,0.1,0.0
2012-09-26,0.0,0.4,0.0
2012-09-27,0.0,0.0,0.0
2012-09-28,31.0,5.7,1.7
2012-09-29,0.0,0.0,0.0
2012-09-30,0.0,1.5,0.0
2012-10-01,0.0,0.0,0.0
2012-10-02,0.0,0.0,0.0
2012-10-03,0.0,0.0,0.0
2012-10-04,0.0,0.2,0.0
2012-10-05,0.0,0.0,0.0
2012-10-06,0.0,0.0,0.0
2012-10-07,0.0,0.1,0.0
2012-10-08,0.0,0.0,0.0
2012-10-10,0.0,0.2,0.0
2012-10-11,0.0,0.0,0.0
2012-10-12,0.0,0.1,0.0
2012-10-13,0.0,0.0,0.0
2012-10-17,8.0,7.7,3.6
2012-10-18,34.0,22.9,40.3
2012-10-19,1.0,0.7,0.0
2012-10-20,0.0,0.1,0.0
2012-10-21,0.0,0.0,0.0
2012-10-22,2.0,0.0,0.0
2012-10-23,28.0,13.2,23.8
2012-10-24,2.0,2.3,0.0
2012-10-27,51.0,3.9,1.9
2012-10-28,12.0,1.3,0.0
2012-10-29,17.0,2.2,0.0
2012-10-30,1.0,0.0,0.0
2012-11-01,65.0,25.0,61.6
2012-11-02,72.0,30.8,85.6
2012-11-03,81.0,47.9,174.0
2012-11-04,3.0,6.1,2.0
2012-11-05,1.0,1.7,0.0
2012-11-06,29.0,19.3,41.2
2012-11-07,9.0,10.8,10.3
2012-11-09,9.0,0.0,0.0
2012-11-15,36.0,15.5,29.4
2012-11-16,1.0,5.1,3.5
2012-11-18,42.0,15.5,29.5
2012-11-19,27.0,10.8,14.7
2012-11-20,14.0,11.4,15.8
2012-11-26,12.0,5.0,1.5
2012-11-27,1.0,16.0,18.8
2012-11-28,3.0,0.5,0.0
2012-11-29,3.0,0.6,0.0
2012-11-30,4.0,5.9,2.7
2012-12-01,0.0,3.3,0.0
2012-12-03,0.0,0.0,0.0
2012-12-06,0.0,17.3,25.9
2012-12-07,0.0,4.8,1.6
2012-12-08,0.0,1.4,0.0
2012-12-09,0.0,17.3,25.9
2012-12-10,0.0,8.2,6.5
2012-12-11,0.0,0.3,0.0
2012-12-12,0.0,10.4,14.3
2012-12-13,0.0,13.5,26.9
2012-12-14,0.0,21.4,45.2
2012-12-15,0.0,5.0,3.8
2012-12-17,0.0,0.0,0.0
2012-12-18,8.0,0.0,0.0
2012-12-20,0.0,0.7,0.0
2012-12-21,13.0,8.7,5.5
2012-12-24,6.0,0.4,0.0
2012-12-25,0.0,0.0,0.0
2012-12-26,0.0,7.1,4.0
2012-12-27,0.0,0.5,0.0
2012-12-28,0.0,7.0,3.8
2012-12-29,0.0,6.1,2.9
2012-12-30,0.0,23.6,28.6
2012-12-31,0.0,22.2,26.3
2013-10-01,0.0,0.7,0.0
2013-10-03,0.0,0.1,0.0
2013-10-04,0.0,0.3,0.0
2013-10-05,13.0,0.8,0.0
2013-10-06,10.4,0.0,0.0
2013-10-09,0.0,0.2,0.0
2013-10-10,0.0,0.0,0.0
2013-10-11,0.0,0.2,0.0
2013-10-16,57.5,0.0,0.0
2013-10-18,0.0,0.0,0.0
2013-10-30,24.0,72.7,116.2
2013-10-31,33.2,4.1,2.1
2013-11-06,0.8,0.3,0.0
2013-11-09,0.0,0.0,0.0
2013-11-21,0.0,5.6,2.3
2013-11-25,0.0,3.8,1.0
2013-11-26,1.0,1.9,0.0
2013-11-28,0.7,0.3,0.0
2013-11-30,0.0,2.3,0.0
2013-12-01,18.1,5.9,3.2
2013-12-02,0.6,6.9,4.6
2013-12-03,8.6,9.3,8.5
2013-12-04,2.3,0.0,0.0
2013-12-05,1.0,3.1,0.0
2013-12-10,12.2,4.1,1.0
2013-12-12,0.0,0.0,0.0
2013-12-13,0.1,29.9,64.5
2013-12-14,18.5,0.6,0.0
2013-12-17,9.9,0.0,0.0
2013-12-19,12.5,1.1,0.0
2013-12-20,0.0,8.7,10.9
2013-12-23,0.0,0.9,0.0
2013-12-25,0.0,0.8,0.0
2013-12-28,0.0,0.4,0.0
2013-12-30,0.0,4.7,1.4
2013-12-31,19.2,0.5,0.0
2014-01-01,0.0,1.2,0.0
2014-01-03,2.5,36.5,62.2
2014-01-04,0.0,5.3,1.0
2014-01-05,0.0,0.2,0.0
2014-01-06,0.0,1.4,0.0
2014-01-07,0.0,29.8,45.4
2014-01-08,27.5,8.7,5.3
2014-01-09,3.1,35.4,59.6
2014-01-10,25.7,4.3,0.0
2014-01-11,1.5,2.9,1.0
2014-01-12,3.5,4.0,2.2
2014-01-13,13.3,1.9,0.0
2014-01-14,0.0,1.6,0.0
2014-01-15,0.0,11.9,11.8
2014-01-16,10.5,0.0,0.0
2014-01-17,0.5,0.9,0.0
2014-01-18,7.5,0.0,0.0
2014-01-19,21.4,4.6,2.8
2014-01-20,5.0,0.1,0.0
2014-01-21,0.0,5.3,2.2
2014-01-22,12.2,2.1,0.0
2014-01-23,0.0,0.6,0.0
2014-01-24,3.0,0.4,0.0
2014-01-25,1.0,8.3,5.5
2014-01-26,2.0,0.0,0.0
2014-01-27,0.0,1.4,0.0
2014-01-28,4.5,0.0,0.0
2014-01-29,0.0,0.0,0.0
2014-01-30,0.0,0.0,0.0
2014-01-31,0.0,0.0,0.0
2014-02-01,0.0,0.0,0.0
2014-02-02,0.0,0.0,0.0
2014-02-03,0.0,0.0,0.0
2014-02-04,0.0,0.0,0.0
2014-02-05,0.0,0.0,0.0
2014-02-06,0.0,0.0,0.0
2014-02-07,0.0,0.0,0.0
2014-02-08,0.0,0.9,0.0
2014-02-09,0.0,13.4,10.8
2014-02-10,0.0,9.2,6.4
2014-02-11,3.2,3.9,1.8
2014-02-12,1.6,6.3,4.2
2014-02-13,0.2,4.8,2.7
2014-02-14,0.0,0.1,0.0
2014-02-15,9.0,13.6,16.8
2014-02-16,1.4,0.5,0.0
2014-02-17,0.0,0.5,0.0
2014-02-18,0.0,1.7,0.0
2014-02-19,0.0,0.0,0.0
2014-02-20,0.0,4.9,2.8
2014-02-21,0.0,0.2,0.0
2014-02-22,0.0,1.5,0.0
2014-02-23,0.0,0.0,0.0
2014-02-24,0.0,0.0,0.0
2014-02-25,0.0,0.0,0.0
2014-02-26,0.0,0.1,0.0
2014-02-27,0.0,0.0,0.0
2014-02-28,0.0,0.0,0.0
2014-03-01,0.0,0.1,0.0
2014-03-02,0.0,0.0,0.0
2014-03-03,0.0,0.0,0.0
2014-03-04,0.0,0.0,0.0
2014-03-05,0.0,0.0,0.0
2014-03-06,0.0,0.0,0.0
2014-03-07,0.0,0.0,0.0
2014-03-08,0.0,0.0,0.0
2014-03-09,0.0,0.1,0.0
2014-03-10,0.0,0.0,0.0
2014-03-11,0.0,0.0,0.0
2014-03-12,0.0,0.0,0.0
2014-03-13,0.0,0.1,0.0
2014-03-14,0.0,2.1,0.0
2014-03-15,8.0,17.8,24.8
2014-03-16,7.6,6.1,4.5
2014-03-17,26.7,0.0,0.0
2014-03-18,0.0,0.0,0.0
2014-03-19,0.0,0.0,0.0
2014-03-20,0.0,0.0,0.0
2014-03-21,0.0,0.1,0.0
2014-03-22,7.5,5.2,3.9
2014-03-23,2.5,3.8,2.3
2014-03-25,27.8,0.0,0.0
2014-03-26,0.0,7.2,6.1
2014-03-27,0.0,31.7,42.6
2014-03-28,11.7,11.1,11.0
2014-03-29,13.0,17.5,18.9
2014-03-30,0.4,3.3,1.8
2014-03-31,0.1,0.9,0.0
2014-04-03,0.5,0.0,0.0
2014-04-04,0.0,0.0,0.0
2014-04-05,0.0,0.0,0.0
2014-04-06,0.0,0.6,0.0
2014-04-07,0.0,0.0,0.0
2014-04-08,0.0,2.9,1.0
2014-04-09,0.2,15.1,12.9
2014-04-10,19.8,0.7,0.0
2014-04-11,0.0,6.1,4.4
2014-04-12,6.2,4.6,2.2
2014-04-13,0.0,14.7,20.4
2014-04-14,28.2,2.7,0.0
2014-04-16,17.3,0.6,0.0
2014-04-17,0.5,8.3,7.9
2014-04-18,8.2,3.3,1.0
2014-04-19,0.0,3.9,1.3
2014-04-20,8.2,0.3,0.0
2014-04-21,0.0,1.9,0.0
2014-04-22,0.0,11.1,10.2
2014-04-23,12.6,12.6,12.2
2014-04-24,17.5,0.0,0.0
2014-04-25,0.0,0.0,0.0
2014-04-26,0.0,0.0,0.0
2014-04-27,0.0,0.0,0.0
2014-04-28,0.0,2.7,1.0
2014-04-29,5.7,0.0,0.0
2014-04-30,0.0,0.0,0.0
2014-05-01,0.0,1.2,0.0
2014-05-02,0.0,0.0,0.0
2014-05-03,5.5,0.0,0.0
2014-05-04,0.0,0.0,0.0
2014-05-05,0.0,0.0,0.0
2014-05-06,0.0,0.0,0.0
2014-05-07,0.0,8.0,7.8
2014-05-08,8.2,3.9,1.0
2014-05-09,7.0,0.3,0.0
2014-05-10,0.0,10.9,12.8
2014-05-11,2.2,15.6,22.7
2014-05-12,9.5,26.7,52.2
2014-05-13,8.7,3.4,3.0
2014-05-14,0.5,13.4,19.9
2014-05-15,15.2,2.8,1.9
2014-05-16,0.0,20.1,38.0
2014-05-18,0.0,0.8,0.0
2014-05-19,0.0,1.3,0.0
2014-05-21,13.9,4.0,1.5
2014-05-23,16.0,0.6,0.0
2014-05-24,0.4,3.5,1.0
2014-05-25,26.0,0.0,0.0
2014-05-26,0.0,0.0,0.0
2014-05-27,0.0,2.3,0.0
2014-05-28,1.5,0.4,0.0
2014-05-29,4.6,0.4,0.0
2014-05-30,0.0,10.3,10.7
2014-05-31,0.9,5.3,3.3
2014-06-01,0.0,1.3,0.0
2014-06-03,7.8,5.7,2.8
2014-06-06,0.3,2.2,0.0
2014-06-07,0.0,1.8,0.0
2014-06-08,12.0,0.6,0.0
2014-06-09,0.0,0.0,0.0
2014-06-10,0.0,0.0,0.0
2014-06-11,0.0,9.8,8.8
2014-06-12,5.3,0.1,0.0
2014-06-14,0.0,12.7,13.2
2014-06-15,7.4,11.8,11.3
2014-06-16,5.7,4.5,1.7
2014-06-17,0.6,0.5,0.0
2014-06-18,0.0,0.5,0.0
2014-06-19,0.0,1.3,0.0
2014-06-20,0.0,0.9,0.0
2014-06-21,2.0,0.0,0.0
2014-06-23,14.0,6.3,4.4
2014-06-24,37.9,0.0,0.0
2014-06-25,0.0,0.0,0.0
2014-06-27,0.0,3.1,1.2
2014-06-28,12.1,2.9,1.1
2014-06-29,6.3,0.2,0.0
2014-06-30,0.0,0.0,0.0
2014-07-01,0.0,2.4,0.0
2014-07-02,0.0,0.0,0.0
2014-07-03,25.2,0.0,0.0
2014-07-04,0.0,0.0,0.0
2014-07-06,0.0,0.0,0.0
2014-07-07,0.0,0.3,0.0
2014-07-08,0.0,0.0,0.0
2014-07-09,0.0,0.3,0.0
2014-07-10,0.0,0.9,0.0
2014-07-13,0.0,1.6,0.0
2014-07-14,0.0,16.8,27.1
2014-07-15,8.6,0.0,0.0
2014-07-16,0.0,0.0,0.0
2014-07-17,0.2,0.0,0.0
2014-07-18,0.2,0.0,0.0
2014-07-19,0.0,3.3,0.0
2014-07-20,2.5,3.3,0.0
2014-07-21,8.0,0.0,0.0
2014-07-22,0.1,0.0,0.0
2014-07-23,0.0,0.0,0.0
2014-07-24,0.0,0.0,0.0
2014-07-25,0.0,0.0,0.0
2014-07-26,0.0,0.0,0.0
2014-07-27,0.0,0.0,0.0
2014-07-28,0.0,0.0,0.0
2014-07-29,0.0,0.0,0.0
2014-07-30,0.0,0.0,0.0
2014-07-31,0.0,0.0,0.0
2014-08-01,0.0,0.0,0.0
2014-08-02,0.0,0.0,0.0
2014-08-04,0.0,0.0,0.0
2014-08-05,0.0,0.0,0.0
2014-08-06,0.0,0.5,0.0
2014-08-07,1.3,1.6,0.0
2014-08-08,1.3,1.1,0.0
2014-08-09,0.3,7.5,5.5
2014-08-10,4.4,1.3,0.0
2014-08-11,1.5,0.9,0.0
2014-08-12,0.0,0.0,0.0
2014-08-15,7.5,25.5,40.4
2014-08-16,20.5,5.9,2.2
2014-08-17,2.1,0.7,0.0
2014-08-19,3.8,0.0,0.0
2014-08-20,0.0,0.0,0.0
2014-08-21,0.0,0.0,0.0
2014-08-22,0.0,0.0,0.0
2014-08-23,0.0,0.0,0.0
2014-08-24,0.0,0.0,0.0
2014-08-25,0.0,0.0,0.0
2014-08-26,0.0,4.6,2.0
2014-08-27,7.8,1.7,0.0
2014-08-29,0.0,0.0,0.0
2014-08-31,0.0,0.0,0.0
2014-09-01,0.0,0.0,0.0
2014-09-02,0.0,0.4,0.0
2014-09-03,0.0,0.0,0.0
2014-09-04,0.0,0.0,0.0
2014-09-05,0.0,0.0,0.0
2014-09-06,0.0,0.0,0.0
2014-09-07,0.0,0.0,0.0
2014-09-08,0.0,10.7,8.5
2014-09-09,5.5,1.8,0.0
2014-09-10,0.0,0.3,0.0
2014-09-11,0.0,0.1,0.0
2014-09-12,0.0,0.2,0.0
2014-09-13,0.0,0.0,0.0
2014-09-14,0.0,0.0,0.0
2014-09-15,0.0,0.0,0.0
2014-09-16,0.0,0.0,0.0
2014-09-17,0.0,0.0,0.0
2014-09-18,0.0,0.0,0.0
2014-09-19,0.0,0.0,0.0
2014-09-20,0.0,0.0,0.0
2014-09-21,0.0,0.0,0.0
2014-09-22,0.0,0.0,0.0
2014-09-23,0.0,0.0,0.0
2014-09-24,0.0,0.0,0.0
2014-09-25,0.0,0.0,0.0
2014-09-26,0.0,0.0,0.0
2014-09-27,0.0,0.6,0.0
2014-09-28,0.0,0.0,0.0
2014-09-29,0.0,0.0,0.0
2014-09-30,0.0,0.0,0.0
2014-10-01,0.0,0.0,0.0
2014-10-02,0.0,0.0,0.0
2014-10-03,0.0,0.0,0.0
2014-10-04,0.0,1.0,0.0
2014-10-05,0.0,0.0,0.0
2014-10-06,0.0,0.0,0.0
2014-10-07,0.0,0.0,0.0
2014-10-08,0.0,1.2,0.0
2014-10-09,0.0,0.0,0.0
2014-10-10,0.0,0.4,0.0
2014-10-11,0.0,0.0,0.0
2014-10-12,0.0,0.0,0.0
2014-10-13,0.0,0.0,0.0
2014-10-14,0.0,0.0,0.0
2014-10-15,0.0,0.0,0.0
2014-10-16,0.0,0.0,0.0
2014-10-17,0.0,0.0,0.0
2014-10-18,0.0,0.0,0.0
2014-10-19,0.0,0.0,0.0
2014-10-20,2.5,0.0,0.0
2014-10-21,0.5,3.5,1.3
2014-10-22,0.0,0.0,0.0
2014-10-23,0.0,0.0,0.0
2014-10-24,0.0,0.0,0.0
2014-10-25,0.0,0.0,0.0
2014-10-26,0.0,0.0,0.0
2014-10-27,0.0,3.7,1.5
2014-10-28,4.7,7.4,7.4
2014-10-29,5.6,7.6,7.7
2014-10-30,58.0,2.0,0.0
2014-11-02,1.5,10.4,9.4
2014-11-03,70.3,2.2,0.0
2014-11-05,0.0,5.9,1.7
2014-11-06,15.5,12.5,19.3
2014-11-08,12.5,2.4,0.0
2014-11-09,0.0,23.2,54.5
2014-11-10,7.5,0.0,0.0
2014-11-11,0.0,1.5,0.0
2014-11-12,11.2,2.4,0.0
2014-11-19,62.4,0.2,0.0
2014-11-20,0.8,7.1,7.3
2014-11-21,2.3,4.1,1.0
2014-11-22,56.5,19.0,24.7
2014-11-23,5.0,3.7,1.0
2014-11-24,16.9,1.9,0.0
2014-11-27,0.8,0.6,0.0
2014-11-28,0.0,2.0,0.0
2014-11-29,0.0,0.2,0.0
2014-11-30,0.0,0.8,0.0
2014-12-01,0.0,3.4,0.0
2014-12-02,0.0,27.3,45.3
2014-12-03,12.9,3.8,1.0
2014-12-05,0.0,0.1,0.0
2014-12-06,1.0,17.0,25.5
2014-12-07,33.8,0.8,0.0
2014-12-08,0.0,0.0,0.0
2014-12-10,14.0,2.6,0.0
2014-12-11,7.2,0.0,0.0
2014-12-12,0.0,10.8,14.8
2014-12-14,0.0,2.7,0.0
2014-12-15,0.0,1.5,0.0
2014-12-16,0.0,43.0,91.1
2014-12-17,53.6,1.0,0.0
2014-12-18,0.0,0.1,0.0
2014-12-19,0.0,0.0,0.0
2014-12-20,0.0,7.8,9.1
2014-12-21,0.0,24.9,29.8
2014-12-22,15.1,0.5,0.0
2014-12-23,0.0,4.2,1.0
2014-12-24,3.2,62.2,48.3
2014-12-25,33.5,0.1,0.0
2014-12-26,1.0,0.0,0.0
2014-12-27,0.0,0.0,0.0
2014-12-28,0.0,0.8,0.0
2014-12-30,53.0,28.6,34.6
2015-01-01,22.5,0.5,0.0
2015-01-02,0.0,12.0,9.3
2015-01-03,17.5,0.7,0.0
2015-01-04,0.0,0.6,0.0
2015-01-05,0.0,0.1,0.0
2015-01-06,0.0,1.6,0.0
2015-01-07,0.0,2.0,0.0
2015-01-08,3.3,6.1,2.1
2015-01-09,10.5,17.6,20.9
2015-01-10,8.5,28.9,43.2
2015-01-11,16.5,12.1,11.9
2015-01-12,2.5,0.4,0.0
2015-01-13,0.0,11.8,11.4
2015-01-14,1.0,3.9,2.0
2015-01-15,0.0,4.7,3.0
2015-01-16,6.0,0.0,0.0
2015-01-17,0.0,2.6,1.0
2015-01-18,1.0,11.0,10.8
2015-01-19,1.4,20.7,30.4
2015-01-20,5.6,10.4,10.0
2015-01-21,28.5,5.2,2.1
2015-01-22,0.3,0.7,0.0
2015-01-23,0.0,0.7,0.0
2015-01-24,0.0,0.1,0.0
2015-01-25,0.0,0.1,0.0
2015-01-26,0.0,0.0,0.0
2015-01-27,0.0,2.0,0.0
2015-01-28,0.0,1.4,0.0
2015-01-29,6.5,0.0,0.0
2015-01-30,0.0,0.0,0.0
2015-01-31,0.0,0.0,0.0
2015-02-01,0.0,5.1,1.9
2015-02-02,4.0,2.2,0.0
2015-02-03,0.0,1.0,0.0
2015-02-04,0.0,14.7,12.3
2015-02-05,5.1,7.7,4.5
2015-02-06,3.5,1.4,0.0
2015-02-09,0.0,7.6,4.5
2015-02-11,7.0,0.0,0.0
2015-02-12,0.0,0.0,0.0
2015-02-13,0.0,1.2,0.0
2015-02-14,0.0,12.4,10.3
2015-02-15,0.0,13.3,15.6
2015-02-16,0.0,0.3,0.0
2015-02-17,1.5,0.0,0.0
2015-02-18,0.0,0.9,0.0
2015-02-19,0.3,8.4,6.4
2015-02-20,1.4,0.0,0.0
2015-02-21,0.4,1.4,0.0
2015-02-22,0.0,0.5,0.0
2015-02-23,0.0,0.2,0.0
2015-02-24,0.0,0.2,0.0
2015-02-25,0.0,4.3,2.3
2015-02-26,0.0,19.4,34.4
2015-02-27,45.1,0.0,0.0
2015-02-28,0.0,0.0,0.0
2015-03-01,0.0,0.3,0.0
2015-03-02,0.0,0.2,0.0
2015-03-03,0.0,1.1,0.0
2015-03-04,0.0,1.7,0.0
2015-03-05,0.2,6.8,3.0
2015-03-06,0.0,0.4,0.0
2015-03-07,0.0,0.2,0.0
2015-03-09,0.0,0.0,0.0
2015-03-10,0.0,0.3,0.0
2015-03-11,0.0,0.0,0.0
2015-03-12,0.0,0.1,0.0
2015-03-13,0.0,0.0,0.0
2015-03-14,0.0,0.3,0.0
2015-03-15,0.0,0.0,0.0
2015-03-16,0.0,0.0,0.0
2015-03-17,0.0,4.7,2.6
2015-03-18,4.0,0.0,0.0
2015-03-19,0.0,1.5,0.0
2015-03-21,1.0,0.7,0.0
2015-03-22,0.8,0.0,0.0
2015-03-23,0.0,0.0,0.0
2015-03-24,0.0,0.0,0.0
2015-03-25,0.0,0.0,0.0
2015-03-26,0.0,0.5,0.0
2015-03-27,0.6,0.0,0.0
2015-03-28,0.0,0.0,0.0
2015-03-29,0.0,0.9,0.0
2015-03-31,9.8,4.1,2.6
2015-04-01,0.0,0.0,0.0
2015-04-02,0.0,0.0,0.0
2015-04-03,0.0,0.0,0.0
2015-04-04,2.9,15.0,13.0
2015-04-05,7.8,0.0,0.0
2015-04-06,0.0,0.0,0.0
2015-04-07,0.0,0.0,0.0
2015-04-08,0.0,0.0,0.0
2015-04-09,0.0,0.0,0.0
2015-04-10,0.0,0.0,0.0
2015-04-11,0.0,0.2,0.0
2015-04-12,0.0,0.1,0.0
2015-04-13,0.0,0.4,0.0
2015-04-14,0.0,22.8,37.3
2015-04-15,7.5,2.7,0.0
2015-04-17,0.0,0.0,0.0
2015-04-18,0.0,1.5,0.0
2015-04-19,0.0,0.3,0.0
2015-04-21,0.2,0.0,0.0
2015-04-22,0.0,0.0,0.0
2015-04-23,0.0,0.0,0.0
2015-04-24,0.0,1.1,0.0
2015-04-29,1.4,0.6,0.0
2015-05-01,31.5,1.4,0.0
2015-05-04,6.0,8.4,8.5
2015-05-05,13.0,29.8,63.6
2015-05-06,53.5,1.4,0.0
2015-05-07,0.0,12.3,15.9
2015-05-08,11.2,0.3,0.0
2015-05-09,0.0,0.9,0.0
2015-05-10,0.0,0.0,0.0
2015-05-12,0.0,0.0,0.0
2015-05-14,51.4,3.3,2.9
2015-05-15,11.2,0.3,0.0
2015-05-16,3.5,0.7,0.0
2015-05-17,9.0,0.0,0.0
2015-05-19,0.0,0.0,0.0
2015-05-22,0.0,4.5,2.2
2015-05-24,29.4,3.1,1.0
2015-05-25,0.0,0.0,0.0
2015-05-26,0.0,0.0,0.0
2015-05-28,0.0,0.0,0.0
2015-05-29,0.0,0.0,0.0
2015-05-30,0.0,0.0,0.0
2015-05-31,0.5,0.0,0.0
2015-06-03,0.0,0.0,0.0
2015-06-04,0.0,1.8,0.0
2015-06-05,0.0,0.0,0.0
2015-06-06,0.0,0.0,0.0
2015-06-07,0.3,21.1,26.9
2015-06-08,43.7,7.6,5.3
2015-06-09,3.4,8.2,6.0
2015-06-10,0.5,16.9,19.8
2015-06-11,20.8,1.3,0.0
2015-06-12,11.0,2.0,0.0
2015-06-14,3.6,0.0,0.0
2015-06-15,0.4,0.5,0.0
2015-10-02,0.0,0.0,0.0
2015-10-03,0.0,0.0,0.0
2015-10-04,0.0,0.0,0.0
2015-10-06,0.0,0.0,0.0
2015-10-07,0.0,0.0,0.0
2015-10-08,0.0,0.2,0.0
2015-10-10,0.0,0.0,0.0
2015-10-14,0.0,0.0,0.0
2015-10-15,0.0,0.0,0.0
2015-10-16,0.0,0.0,0.0
2015-10-19,0.0,0.0,0.0
2015-10-20,0.0,0.0,0.0
2015-10-21,0.0,0.0,0.0
2015-10-22,0.0,0.0,0.0
2015-10-23,0.0,0.0,0.0
2015-10-24,0.0,0.0,0.0
2015-10-25,0.0,3.7,1.5
2015-10-26,5.2,1.0,0.0
2015-10-27,7.0,0.0,0.0
2015-10-28,6.6,1.5,0.0
2015-10-29,14.1,9.1,9.9
2015-10-30,7.1,2.3,0.0
2015-10-31,5.4,2.6,0.0
2015-11-01,0.0,1.0,0.0
2015-11-02,0.0,0.0,0.0
2015-11-04,0.0,3.4,0.0
2015-11-05,2.0,3.7,0.0
2015-11-06,0.0,3.6,0.0
2015-11-08,0.0,12.6,19.7
2015-11-09,48.0,20.5,45.0
2015-11-10,8.0,7.6,4.4
2015-11-11,12.7,10.5,14.2
2015-11-12,12.6,13.6,25.1
2015-11-13,7.3,6.3,5.6
2015-11-15,0.0,0.0,0.0
2015-11-16,0.0,11.5,16.1
2015-11-18,28.7,1.1,0.0
2015-11-19,1.5,5.7,4.5
2015-11-21,0.0,0.5,0.0
2015-11-22,8.0,0.0,0.0
2015-11-23,0.0,0.3,0.0
2015-11-24,0.0,2.4,0.0
2015-11-25,9.0,15.5,17.5
2015-11-26,0.5,16.5,19.5
2015-11-27,11.0,19.7,25.9
2015-11-28,2.9,0.8,0.0
2015-11-29,1.0,6.1,2.9
2015-12-01,0.0,0.0,0.0
2015-12-02,0.0,2.3,0.0
2015-12-03,0.0,1.4,0.0
2015-12-05,0.0,0.0,0.0
2015-12-06,0.0,2.1,0.0
2015-12-07,0.0,0.1,0.0
2015-12-08,5.5,2.0,0.0
2015-12-09,1.1,0.0,0.0
2015-12-10,0.0,0.2,0.0
2015-12-11,0.0,0.0,0.0
2015-12-16,22.3,2.8,0.0
2015-12-17,0.0,3.0,1.0
2015-12-18,15.2,0.0,0.0
2015-12-19,0.0,0.0,0.0
2015-12-21,0.0,0.2,0.0
2015-12-22,0.0,0.0,0.0
2015-12-23,0.0,0.0,0.0
2015-12-24,0.0,0.0,0.0
2015-12-29,0.0,0.0,0.0
2015-12-30,0.0,0.0,0.0
2015-12-31,0.0,0.0,0.0
2016-01-02,0.0,1.2,0.0
2016-01-03,1.2,9.5,6.4
2016-01-06,1.0,0.0,0.0
2016-01-07,0.0,0.0,0.0
2016-01-09,0.0,0.0,0.0
2016-01-10,0.0,0.0,0.0
2016-01-11,0.0,0.0,0.0
2016-01-14,0.4,0.0,0.0
2016-01-15,0.0,4.9,3.2
2016-01-16,0.3,2.5,1.0
2016-01-18,0.0,0.0,0.0
2016-01-19,0.0,0.0,0.0
2016-01-20,0.0,31.8,46.6
2016-01-21,68.4,18.2,18.3
2016-01-22,30.0,9.1,6.3
2016-01-23,0.8,6.5,3.5
2016-01-26,0.0,0.1,0.0
2016-01-27,0.0,0.0,0.0
2016-01-28,0.0,0.0,0.0
2016-01-30,0.0,2.7,0.0
2016-01-31,0.0,0.0,0.0
2016-02-01,0.0,0.0,0.0
2016-02-02,0.0,0.0,0.0
2016-02-03,0.0,0.1,0.0
2016-02-08,0.0,0.8,0.0
2016-02-09,0.0,0.6,0.0
2016-02-10,0.1,0.0,0.0
2016-02-11,1.3,0.0,0.0
2016-02-12,0.0,0.0,0.0
2016-02-13,0.0,0.0,0.0
2016-02-15,0.0,0.0,0.0
2016-02-16,0.0,0.0,0.0
2016-02-17,0.0,0.0,0.0
2016-02-18,0.0,0.0,0.0
2016-02-19,0.0,0.0,0.0
2016-02-20,0.0,0.0,0.0
2016-02-21,0.0,0.0,0.0
2016-02-23,3.5,0.6,0.0
2016-02-24,1.4,0.2,0.0
2016-02-26,1.0,0.0,0.0
2016-02-27,0.0,0.0,0.0
2016-02-29,0.0,0.1,0.0
2016-03-02,0.0,0.2,0.0
2016-03-04,0.0,0.0,0.0
2016-03-05,0.0,0.0,0.0
2016-03-06,0.0,0.0,0.0
2016-03-07,0.0,0.0,0.0
2016-03-08,0.0,0.0,0.0
2016-03-10,0.0,0.0,0.0
2016-03-11,0.0,0.0,0.0
2016-03-12,0.0,0.0,0.0
2016-03-14,7.0,0.4,0.0
2016-03-15,0.0,0.0,0.0
2016-03-16,0.0,0.0,0.0
2016-03-18,0.0,0.0,0.0
2016-03-19,0.0,0.0,0.0
2016-03-20,0.0,0.0,0.0
2016-03-22,0.0,0.0,0.0
2016-03-23,0.0,0.0,0.0
2016-03-24,0.0,0.0,0.0
2016-03-26,0.0,0.0,0.0
2016-03-27,0.0,0.0,0.0
2016-03-28,0.0,0.0,0.0
2016-03-29,0.0,0.0,0.0
2016-03-30,0.0,0.0,0.0
2016-03-31,0.0,1.5,0.0
2016-04-01,0.0,0.0,0.0
2016-04-02,0.0,0.1,0.0
2016-04-03,0.0,0.0,0.0
2016-04-04,0.0,1.2,0.0
2016-04-05,0.0,0.0,0.0
2016-04-06,0.0,0.0,0.0
2016-04-08,0.0,0.0,0.0
2016-04-09,0.0,4.9,2.8
2016-04-10,0.0,7.5,5.5
2016-04-11,2.6,2.4,0.0
2016-04-12,0.0,3.6,1.0
2016-04-14,2.5,13.6,18.0
2016-04-18,9.3,0.3,0.0
2016-04-19,0.0,0.0,0.0
2016-04-20,0.0,0.0,0.0
2016-04-22,5.6,0.0,0.0
2016-04-23,0.0,0.4,0.0
2016-04-24,0.0,1.0,0.0
2016-04-25,0.8,1.2,0.0
2016-04-26,0.5,0.8,0.0
2016-04-27,4.8,2.6,1.0
2016-04-29,2.2,4.6,2.5
2016-04-30,18.5,19.0,23.8
2016-05-01,24.0,2.3,0.0
2016-05-02,20.9,5.0,2.8
2016-05-03,11.2,16.2,28.8
2016-05-04,2.7,0.0,0.0
2016-05-05,3.2,0.4,0.0
2016-05-07,22.9,4.7,2.3
2016-05-08,9.8,8.0,7.7
2016-05-09,11.3,43.3,88.1
2016-05-10,16.3,0.0,0.0
2016-05-11,2.1,0.9,0.0
2016-05-12,0.0,10.8,15.1
2016-05-13,7.2,8.0,10.8
2016-05-14,0.0,1.5,0.0
2016-05-15,19.5,1.3,0.0
2016-05-16,0.0,19.4,36.6
2016-05-17,0.8,2.9,2.2
2016-05-18,0.5,9.7,13.7
2016-05-19,3.1,4.9,5.6
2016-05-22,56.2,1.2,0.0
2016-05-24,0.0,6.1,4.5
2016-05-26,0.8,14.5,24.6
2016-05-27,27.9,0.6,0.0
2016-05-28,0.0,3.8,1.3
2016-05-29,0.5,0.0,0.0
2016-05-30,0.0,2.2,0.0
2016-05-31,0.0,3.1,1.0
2016-06-01,0.0,22.7,29.5
2016-06-02,5.9,3.0,0.0
2016-06-04,8.0,13.6,13.4
2016-06-05,3.5,0.3,0.0
2016-06-07,0.8,0.1,0.0
2016-06-10,0.0,0.4,0.0
2016-06-11,0.0,0.4,0.0
2016-06-12,0.0,2.8,0.0
2016-06-15,5.3,1.2,0.0
2016-06-16,2.5,5.1,2.4
2016-06-17,12.5,1.2,0.0
2016-06-20,3.5,37.0,67.5
2016-06-21,62.9,34.6,40.7
2016-06-22,18.9,1.8,1.0
2016-06-23,6.3,0.2,0.0
2016-06-24,0.0,30.6,36.5
2016-06-25,12.0,0.0,0.0
2016-06-26,4.3,5.1,3.2
2016-06-27,28.6,7.2,5.3
2016-06-28,10.8,0.7,0.0
2016-06-30,12.2,1.9,1.0
2016-07-01,1.5,0.5,0.0
2016-07-02,14.5,7.1,4.2
2016-07-04,0.0,8.8,6.1
2016-07-05,33.0,0.0,0.0
2016-07-06,0.0,0.0,0.0
2016-07-07,0.0,0.0,0.0
2016-07-09,0.0,0.4,0.0
2016-07-10,0.0,0.0,0.0
2016-07-11,0.0,0.8,0.0
2016-07-12,0.3,0.6,0.0
2016-07-13,8.5,1.8,0.0
2016-07-14,43.0,0.0,0.0
2016-07-15,0.0,0.6,0.0
2016-07-16,0.0,0.0,0.0
2016-07-17,0.0,3.8,1.0
2016-07-18,0.3,6.0,2.9
2016-07-19,4.8,8.6,6.4
2016-07-20,3.4,0.0,0.0
2016-07-21,0.0,13.2,12.8
2016-07-22,2.2,3.7,1.3
2016-07-23,1.8,1.4,0.0
2016-07-25,0.0,0.2,0.0
2016-07-26,0.0,0.3,0.0
2016-07-27,0.0,0.8,0.0
2016-07-29,3.5,0.0,0.0
2016-07-31,2.6,2.6,1.0
2016-08-01,0.3,13.1,23.6
2016-08-02,25.2,0.5,0.0
2016-08-04,0.0,1.2,0.0
2016-08-05,0.0,1.7,0.0
2016-08-06,0.0,0.2,0.0
2016-08-08,0.0,0.0,0.0
2016-08-09,0.0,0.0,0.0
2016-08-10,0.0,0.0,0.0
2016-08-11,0.0,0.0,0.0
2016-08-12,0.0,0.0,0.0
2016-08-13,0.0,0.0,0.0
2016-08-14,0.0,2.1,0.0
2016-08-15,0.0,0.0,0.0
2016-08-16,0.0,1.0,0.0
2016-08-18,0.0,0.0,0.0
2016-08-20,0.0,0.0,0.0
2016-08-21,0.0,0.7,0.0
2016-08-23,0.0,0.0,0.0
2016-08-24,0.0,0.0,0.0
2016-08-25,0.0,1.6,0.0
2016-08-26,0.0,0.1,0.0
2016-08-27,0.0,0.5,0.0
2016-08-28,0.0,0.5,0.0
2016-08-30,0.0,7.8,5.1
2016-08-31,3.0,0.0,0.0
2016-10-01,0.0,0.4,0.0
2016-10-02,1.0,0.3,0.0
2016-10-03,0.0,0.3,0.0
2016-10-04,23.0,4.5,1.4
2016-10-05,9.0,21.1,46.2
2016-10-06,0.0,0.7,0.0
2016-10-07,30.0,6.8,5.6
2016-10-08,0.0,0.7,0.0
2016-10-09,11.0,11.8,12.7
2016-10-10,1.0,4.7,1.6
2016-10-11,0.0,0.0,0.0
2016-10-12,12.0,13.4,11.1
2016-10-13,0.0,0.0,0.0
2016-10-14,0.0,0.0,0.0
2016-10-15,0.0,8.6,4.4
2016-10-16,0.0,0.0,0.0
2016-10-17,0.0,0.0,0.0
2016-10-18,2.0,6.6,2.0
2016-10-19,1.0,0.1,0.0
2016-10-20,2.0,5.4,1.0
2016-10-21,22.0,11.6,14.1
2016-10-22,2.0,1.0,0.0
2016-10-23,1.0,0.7,0.0
2016-10-24,0.0,1.8,0.0
2016-10-25,131.0,121.5,115.9
2016-10-26,0.0,3.0,1.0
2016-10-27,64.0,30.8,69.5
2016-10-28,6.0,2.5,0.0
2016-10-29,0.0,2.7,1.0
2016-10-30,4.0,9.7,10.8
2016-10-31,1.0,15.0,28.3
2016-11-01,0.0,4.5,1.0
2016-11-02,0.0,4.5,0.0
2016-11-03,0.0,0.1,0.0
2016-11-04,0.0,0.0,0.0
2016-11-05,0.0,0.2,0.0
2016-11-06,0.0,6.0,1.9
2016-11-07,2.0,0.0,0.0
2016-11-08,0.0,0.5,0.0
2016-11-09,2.0,5.3,1.0
2016-11-10,0.0,0.0,0.0
2016-11-11,29.0,8.5,10.1
2016-11-12,0.0,0.1,0.0
2016-11-13,0.0,0.4,0.0
2016-11-14,1.0,3.8,1.3
2016-11-15,42.0,0.3,0.0
2016-11-16,4.0,10.6,14.2
2016-11-17,0.0,0.2,0.0
2016-11-18,0.0,4.3,2.1
2016-11-19,10.0,11.5,16.3
2016-11-20,0.0,0.0,0.0
2016-11-21,0.0,0.2,0.0
2016-11-22,0.0,5.9,2.6
2016-11-23,32.0,3.5,0.0
2016-11-24,4.0,1.3,0.0
2016-11-25,6.0,3.4,0.0
2016-11-26,2.0,17.2,20.5
2016-11-27,0.0,0.0,0.0
2016-11-28,0.0,0.0,0.0
2016-11-29,0.0,0.0,0.0
2016-11-30,0.0,7.7,5.1
2016-12-01,0.0,6.9,4.5
2016-12-02,0.0,0.3,0.0
2016-12-03,0.0,6.5,4.0
2016-12-04,9.5,22.6,37.4
2016-12-05,34.6,0.5,0.0
2016-12-06,0.0,0.0,0.0
2016-12-07,0.0,0.1,0.0
2016-12-08,0.0,6.1,3.4
2016-12-10,4.4,4.3,1.0
2016-12-11,35.2,33.2,71.2
2016-12-12,35.7,4.7,3.2
2016-12-14,10.4,1.3,0.0
2016-12-16,22.8,0.1,0.0
2016-12-17,0.0,3.1,1.0
2016-12-18,31.1,0.5,0.0
2016-12-19,0.0,0.5,0.0
2016-12-20,0.0,31.7,68.0
2016-12-21,60.5,3.0,0.0
2016-12-22,0.0,0.4,0.0
2016-12-23,18.7,4.8,1.4
2016-12-24,0.1,0.0,0.0
2016-12-25,0.0,0.0,0.0
2016-12-26,28.0,3.8,1.0
2016-12-27,0.3,2.8,0.0
2016-12-28,0.0,17.4,20.1
2016-12-29,2.3,6.6,3.3
2016-12-30,0.8,11.6,8.6
2017-01-01,2.3,3.9,0.0
2017-01-03,0.0,0.9,0.0
2017-01-04,0.0,1.4,0.0
2017-01-06,50.5,3.6,0.0
2017-01-07,20.3,3.3,0.0
2017-01-08,1.0,4.3,0.0
2017-01-09,12.0,5.1,1.0
2017-01-10,3.5,0.0,0.0
2017-01-11,0.0,2.7,1.0
2017-01-12,0.0,21.7,32.0
2017-01-13,19.5,0.0,0.0
2017-01-14,0.0,9.5,9.4
2017-01-15,17.2,2.1,0.0
2017-01-16,12.5,5.3,3.7
2017-01-17,0.0,0.0,0.0
2017-01-18,10.0,0.0,0.0
2017-01-19,0.2,4.9,3.2
2017-01-20,0.1,0.0,0.0
2017-01-22,5.3,0.8,0.0
2017-01-23,0.0,6.8,3.9
2017-01-25,0.1,35.1,46.4
2017-01-26,25.8,15.4,13.7
2017-01-27,10.5,11.7,9.5
2017-01-28,1.1,2.6,0.0
2017-01-30,38.8,13.6,11.6
2017-03-02,0.0,0.0,0.0
2017-03-04,3.5,0.3,0.0
2017-03-05,0.2,8.7,4.8
2017-03-06,32.0,1.3,0.0
2017-03-07,9.5,0.5,0.0
2017-03-08,43.0,19.1,24.4
2017-03-09,19.5,13.8,10.1
2017-03-10,0.3,0.3,0.0
2017-03-11,0.0,0.5,0.0
2017-03-12,20.5,3.4,1.0
2017-03-13,31.6,33.3,67.0
2017-03-14,12.8,4.7,2.6
2017-03-15,1.1,0.0,0.0
2017-03-16,0.0,0.0,0.0
2017-03-17,0.0,1.7,0.0
2017-03-18,0.0,0.0,0.0
2017-03-19,0.0,1.0,0.0
2017-03-20,1.6,4.9,2.8
2017-03-21,1.0,20.9,25.2
2017-03-22,8.0,0.6,0.0
2017-03-23,0.0,1.8,1.0
2017-03-24,0.0,0.1,0.0
2017-03-26,0.7,0.7,0.0
2017-03-27,0.0,6.7,5.6
2017-03-28,0.1,15.5,15.7
2017-03-29,5.6,6.3,5.1
2017-04-01,7.2,5.6,3.5
2017-04-02,5.0,2.4,1.0
2017-04-03,0.0,0.4,0.0
2017-04-04,0.0,33.1,36.9
2017-04-05,23.5,1.3,0.0
2017-04-06,0.0,1.9,0.0
2017-04-07,7.0,0.1,0.0
2017-04-08,2.4,0.0,0.0
2017-04-09,0.0,8.8,7.1
2017-04-10,28.5,2.3,0.0
2017-04-11,0.5,0.0,0.0
2017-04-12,0.0,0.0,0.0
2017-04-13,0.0,0.0,0.0
2017-04-14,0.0,0.0,0.0
2017-04-16,0.0,0.0,0.0
2017-04-17,0.0,33.4,58.0
2017-04-18,3.5,8.7,8.2
2017-04-20,0.0,3.0,0.0
2017-04-21,12.0,0.1,0.0
2017-04-22,0.0,4.4,2.2
2017-04-23,11.0,7.8,6.2
2017-04-24,0.0,8.0,6.5
2017-04-25,2.0,0.3,0.0
2017-04-26,12.0,0.3,0.0
2017-04-28,11.5,4.2,2.0
2017-04-29,12.9,4.7,2.6
2017-04-30,25.8,12.8,12.1
2017-05-01,44.0,0.0,0.0
2017-05-02,0.0,1.2,0.0
2017-05-04,15.5,2.6,0.0
2017-05-05,10.7,0.3,0.0
2017-05-06,0.0,7.8,7.5
2017-05-07,6.7,5.2,3.1
2017-05-08,2.3,12.5,16.0
2017-05-09,30.9,0.5,0.0
2017-05-10,0.7,5.2,3.1
2017-05-12,0.0,8.3,11.3
2017-05-13,48.7,9.8,13.8
2017-05-14,0.2,10.3,14.9
2017-05-15,4.7,21.8,41.7
2017-05-16,0.5,0.7,0.0
2017-05-17,0.0,1.2,0.0
2017-05-18,0.0,1.5,0.0
2017-05-19,9.6,10.2,14.6
2017-05-20,32.6,0.2,0.0
2017-05-21,0.2,3.7,1.1
2017-05-22,3.5,1.9,0.0
2017-05-24,0.0,10.1,10.7
2017-05-25,0.0,1.2,0.0
2017-05-26,2.0,6.5,5.1
2017-05-28,0.4,11.4,13.5
2017-05-29,45.5,1.0,0.0
2017-05-30,1.0,8.2,7.5
2017-05-31,3.0,0.6,0.0
2017-06-01,0.0,1.9,0.0
2017-06-03,60.5,27.4,38.1
2017-06-04,48.0,16.9,19.3
2017-06-06,2.5,0.0,0.0
2017-06-07,0.0,0.4,0.0
2017-06-08,0.0,0.7,0.0
2017-06-10,3.0,6.2,3.5
2017-06-11,0.9,4.5,1.7
2017-06-12,0.0,45.0,76.6
2017-06-13,24.3,19.5,34.3
2017-06-14,3.4,6.1,3.6
2017-06-15,1.9,5.2,2.5
2017-06-16,0.0,6.7,4.4
2017-06-17,33.5,3.7,1.0
2017-06-19,0.0,0.0,0.0
2017-06-21,36.8,40.0,48.1
2017-06-22,34.9,8.9,7.4
2017-06-26,0.7,4.7,2.8
2017-06-30,1.0,12.0,10.7
2017-07-01,1.6,21.0,31.2
2017-07-02,47.8,21.2,31.5
2017-07-03,1.7,9.5,6.8
2017-07-05,3.3,10.1,7.3
2017-07-06,0.5,7.6,4.8
2017-07-08,2.5,8.5,5.8
2017-07-09,0.0,0.0,0.0
2017-07-10,0.0,0.0,0.0
2017-07-11,0.0,8.8,6.9
2017-07-12,5.0,3.4,0.0
2017-07-13,2.5,12.9,15.7
2017-07-14,1.2,3.2,0.0
2017-07-15,6.4,0.6,0.0
2017-07-16,0.5,2.4,0.0
2017-07-17,0.0,4.3,1.0
2017-07-18,25.1,18.0,29.8
2017-07-19,8.4,27.4,41.6
2017-07-20,16.4,3.3,0.0
2017-07-21,0.0,6.6,4.2
2017-07-22,0.0,6.4,4.0
2017-07-26,0.0,0.0,0.0
2017-07-27,0.0,0.0,0.0
2017-07-28,0.0,0.0,0.0
2017-07-29,0.0,0.0,0.0
2017-07-31,0.0,0.1,0.0
2017-08-01,0.0,0.0,0.0
2017-08-02,0.0,0.0,0.0
2017-08-03,0.0,0.1,0.0
2017-08-05,0.0,0.0,0.0
2017-08-06,0.0,0.1,0.0
2017-08-07,0.0,0.2,0.0
2017-08-08,0.0,0.0,0.0
2017-08-09,1.6,10.6,11.9
2017-08-10,4.9,0.0,0.0
2017-08-11,0.0,0.9,0.0
2017-08-12,7.5,22.1,38.3
2017-08-13,14.7,9.9,6.1
2017-08-14,2.5,5.9,2.2
2017-08-15,1.2,5.1,2.1
2017-08-16,2.5,30.6,42.7
2017-08-17,47.5,4.5,1.0
2017-08-18,2.1,3.6,1.0
2017-08-19,0.4,7.4,4.0
2017-08-20,3.2,0.2,0.0
2017-08-21,0.0,0.1,0.0
2017-08-24,4.2,15.4,12.5
2017-08-25,0.5,0.0,0.0
2017-08-26,1.7,0.1,0.0
2017-08-28,0.0,0.2,0.0
2017-08-29,0.0,0.0,0.0
2017-08-30,0.0,0.0,0.0
2017-08-31,0.0,0.1,0.0
2017-09-01,0.0,0.9,0.0
2017-09-02,0.0,3.4,0.0
2017-09-03,0.0,7.8,4.2
2017-09-05,0.0,0.0,0.0
2017-09-07,0.0,0.0,0.0
2017-09-08,0.2,0.1,0.0
2017-09-09,0.3,8.4,4.9
2017-09-10,2.2,7.7,4.5
2017-09-11,0.5,1.4,0.0
2017-09-12,0.0,18.1,45.8
2017-09-13,3.2,1.7,0.0
2017-09-14,2.5,11.3,8.5
2017-09-17,2.0,0.0,0.0
2017-09-19,0.0,1.5,0.0
2017-09-20,0.0,0.5,0.0
2017-09-23,25.2,8.4,5.4
2017-09-24,1.8,9.8,6.9
2017-09-26,32.6,0.0,0.0
2017-09-28,0.6,1.2,0.0
2017-09-29,0.0,25.9,36.4
2017-09-30,3.3,0.2,0.0
2017-10-02,10.0,6.8,4.6
2017-10-03,1.5,2.8,0.0
2017-10-05,18.2,0.0,0.0
2017-10-06,0.0,0.3,0.0
2017-10-07,0.0,0.0,0.0
2017-10-08,0.0,2.7,0.0
2017-10-09,0.0,0.0,0.0
2017-10-10,0.0,1.8,0.0
2017-10-11,1.0,2.0,0.0
2017-10-12,0.0,1.0,0.0
2017-10-13,0.0,0.0,0.0
2017-10-15,0.0,19.6,31.2
2017-10-16,1.3,28.1,47.8
2017-10-17,12.0,2.7,0.0
2017-10-19,0.0,3.6,0.0
2017-10-21,0.0,0.0,0.0
2017-10-24,34.0,7.4,7.5
2017-10-25,0.2,3.2,1.0
2017-10-26,17.5,0.0,0.0
2017-10-27,15.0,10.8,12.7
2017-10-28,0.8,0.0,0.0
2017-10-29,1.0,2.2,0.0
2017-10-30,6.0,0.9,0.0
2017-10-31,2.9,0.8,0.0
2017-11-01,0.0,5.5,1.1
2017-11-02,18.0,0.0,0.0
2017-11-03,1.5,0.2,0.0
2017-11-05,0.0,1.3,0.0
2017-11-06,0.0,3.0,0.0
2017-11-07,0.0,12.2,12.9
2017-11-08,0.0,0.7,0.0
2017-11-09,2.0,12.6,19.8
2017-11-10,0.0,11.0,10.8
2017-11-11,16.0,2.4,0.0
2017-11-12,1.0,0.4,0.0
2017-11-13,0.0,1.8,0.0
2017-11-14,0.7,5.2,3.6
2017-11-15,0.5,11.3,15.8
2017-11-16,0.0,3.1,1.0
2017-11-17,8.8,0.0,0.0
2017-11-18,0.0,7.8,8.6
2017-11-19,0.1,2.5,0.0
2017-11-20,0.0,19.9,41.0
2017-11-21,1.9,1.5,0.0
2017-11-22,1.3,20.9,28.4
2017-11-23,4.0,2.2,0.0
2017-11-24,0.0,0.7,0.0
2017-11-25,0.0,32.8,65.2
2017-11-26,32.5,0.8,0.0
2017-11-27,0.0,0.5,0.0
2017-11-28,0.0,7.0,4.2
2017-11-29,1.4,4.1,1.0
2017-11-30,4.1,1.1,0.0
2017-12-01,0.0,5.2,2.1
2017-12-02,0.0,2.0,0.0
2017-12-03,1.3,12.6,13.0
2017-12-04,0.8,10.1,9.3
2017-12-05,29.8,7.3,5.1
2017-12-06,19.4,0.0,0.0
2017-12-07,0.0,7.2,5.0
2017-12-08,10.3,0.3,0.0
2017-12-09,0.0,0.0,0.0
2017-12-10,1.1,0.6,0.0
2017-12-11,1.9,0.2,0.0
2017-12-12,0.0,3.1,1.0
2017-12-13,6.1,1.0,0.0
2017-12-14,7.1,0.1,0.0
2017-12-15,0.0,0.0,0.0
2017-12-16,0.7,0.0,0.0
2017-12-17,0.0,0.9,0.0
2017-12-18,0.0,0.0,0.0
2017-12-19,0.0,0.4,0.0
2017-12-20,0.0,0.0,0.0
2017-12-21,0.0,0.2,0.0
2017-12-22,0.0,4.1,1.0
2017-12-24,0.0,7.5,4.4
2017-12-25,0.3,1.8,0.0
2017-12-26,0.1,0.0,0.0
2017-12-31,0.0,0.7,0.0
2018-01-01,7.5,0.3,0.0
2018-01-02,0.0,0.1,0.0
2018-01-03,24.5,10.9,8.4
2018-01-04,30.2,0.0,0.0
2018-01-05,0.0,6.4,2.5
2018-01-06,0.3,6.7,2.7
2018-01-07,74.1,5.0,1.0
2018-01-08,39.0,21.5,28.0
2018-01-09,20.1,3.7,0.0
2018-01-10,3.0,2.8,0.0
2018-01-11,0.0,0.3,0.0
2018-01-12,0.0,2.5,1.0
2018-01-13,0.3,9.6,8.8
2018-01-16,25.4,2.0,0.0
2018-01-17,0.0,2.7,1.0
2018-01-18,0.0,35.8,52.1
2018-01-19,41.5,0.0,0.0
2018-01-20,0.0,19.3,27.9
2018-01-21,54.8,5.2,2.2
2018-01-22,0.5,7.5,4.7
2018-01-23,1.7,1.0,0.0
2018-01-24,0.0,2.1,0.0
2018-01-25,16.0,1.9,0.0
2018-01-26,0.0,12.8,10.4
2018-01-27,11.9,0.0,0.0
2018-01-29,0.0,0.0,0.0
2018-01-30,0.0,6.2,3.2
2018-01-31,5.3,0.0,0.0
2018-02-01,0.0,2.8,0.0
2018-02-02,0.0,0.7,0.0
2018-02-04,0.0,0.0,0.0
2018-02-05,0.0,1.2,0.0
2018-02-06,2.5,1.1,0.0
2018-02-07,0.9,1.2,0.0
2018-02-08,1.5,3.8,1.0
2018-02-09,2.8,1.4,0.0
2018-02-10,0.0,26.1,32.6
2018-02-11,26.8,10.2,8.2
2018-02-12,0.5,3.7,1.6
2018-02-13,26.0,0.0,0.0
2018-02-14,0.0,0.2,0.0
2018-02-15,0.0,6.5,4.5
2018-02-16,3.5,0.5,0.0
2018-02-17,1.0,3.8,1.7
2018-02-18,0.0,0.0,0.0
2018-02-20,5.0,6.3,4.3
2018-02-21,48.3,6.4,4.9
2018-02-22,4.1,0.1,0.0
2018-02-23,0.0,0.0,0.0
2018-02-24,0.0,0.0,0.0
2018-02-25,0.0,1.1,0.0
2018-02-26,4.2,4.0,1.8
2018-02-27,8.9,0.6,0.0
2018-02-28,0.0,0.1,0.0
2018-03-01,0.0,14.0,10.3
2018-03-02,7.2,7.7,4.4
2018-03-03,0.2,15.2,11.0
2018-03-04,3.5,13.8,10.0
2018-03-05,14.0,2.6,0.0
2018-03-06,0.5,12.1,7.6
2018-03-07,0.0,0.0,0.0
2018-03-08,0.0,0.0,0.0
2018-03-09,0.0,0.0,0.0
2018-03-10,0.0,0.0,0.0
2018-03-11,0.0,0.0,0.0
2018-03-12,0.0,0.0,0.0
2018-03-13,0.0,0.0,0.0
2018-03-14,0.0,0.0,0.0
2018-03-15,0.0,2.9,1.0
2018-03-16,0.0,0.0,0.0
2018-03-17,0.0,0.0,0.0
2018-03-18,0.0,0.2,0.0
2018-03-20,5.2,0.2,0.0
2018-03-21,0.0,0.0,0.0
2018-03-22,0.0,20.3,24.1
2018-03-23,43.0,4.7,3.3
2018-03-25,0.0,0.6,0.0
2018-03-27,14.7,6.4,5.3
2018-03-28,18.4,9.6,10.2
2018-03-29,39.0,13.2,13.1
2018-03-30,2.5,46.6,60.9
2018-03-31,46.7,0.4,0.0
2018-04-01,1.0,5.6,3.5
2018-04-02,0.5,1.5,0.0
2018-04-03,0.0,17.0,18.9
2018-04-04,28.0,8.6,6.5
2018-04-05,8.7,0.0,0.0
2018-04-06,0.0,0.0,0.0
2018-04-07,0.0,0.0,0.0
2018-04-08,0.5,0.0,0.0
2018-04-09,0.8,2.5,1.0
2018-04-10,0.0,3.1,1.0
2018-04-11,4.9,6.6,5.0
2018-04-13,6.0,2.3,0.0
2018-04-14,0.0,5.1,3.0
2018-04-15,0.0,7.3,6.5
2018-04-16,0.2,17.2,25.9
2018-04-17,64.9,11.1,12.2
2018-04-18,11.5,11.5,12.5
2018-04-19,6.4,3.9,1.2
2018-04-20,16.9,4.5,2.1
2018-04-21,0.0,0.0,0.0
2018-04-22,0.0,3.5,1.2
2018-04-25,4.8,17.3,18.5
2018-04-26,33.0,11.1,10.2
2018-04-27,41.8,11.9,11.2
2018-04-28,0.0,12.9,12.8
2018-04-29,4.0,39.9,52.2
2018-04-30,50.7,17.1,17.4
2018-05-01,33.6,0.0,0.0
2018-05-02,5.5,4.1,1.4
2018-05-03,17.4,0.0,0.0
2018-05-04,0.0,0.0,0.0
2018-05-05,0.0,0.0,0.0
2018-05-06,0.0,0.0,0.0
2018-05-07,0.0,0.0,0.0
2018-05-08,0.0,0.0,0.0
2018-05-09,0.0,0.0,0.0
2018-05-10,0.0,0.1,0.0
2018-05-11,0.0,0.0,0.0
2018-05-12,5.1,7.4,9.8
2018-05-13,14.4,0.0,0.0
2018-05-14,0.0,0.0,0.0
2018-05-15,0.0,0.1,0.0
2018-05-16,0.0,4.8,5.4
2018-05-17,1.2,5.0,5.7
2018-05-18,0.0,4.5,4.9
2018-05-20,0.0,0.8,0.0
2018-05-21,0.0,11.8,13.3
2018-05-22,2.5,0.7,0.0
2018-05-23,0.0,13.8,22.2
2018-05-24,34.4,5.5,3.6
2018-05-25,1.2,4.1,1.6
2018-05-26,0.6,7.9,6.9
2018-05-27,1.0,7.1,6.2
2018-05-28,2.0,6.9,5.5
2018-05-29,0.0,21.6,42.2
2018-05-30,8.8,12.7,18.9
2018-05-31,1.0,2.3,0.0
2018-06-01,1.0,18.8,22.2
2018-06-02,23.9,5.8,2.9
2018-06-03,3.5,19.2,23.3
2018-06-04,1.4,3.4,1.0
2018-06-05,0.0,0.0,0.0
2018-06-06,0.0,0.0,0.0
2018-06-08,0.0,0.0,0.0
2018-06-09,0.0,0.0,0.0
2018-06-10,0.0,0.0,0.0
2018-06-11,0.0,0.0,0.0
2018-06-12,0.0,1.6,0.0
2018-06-13,0.8,0.4,0.0
2018-06-15,0.0,0.0,0.0
2018-06-16,9.5,0.1,0.0
2018-06-17,0.0,0.0,0.0
2018-06-18,0.0,0.1,0.0
2018-06-20,0.0,3.0,1.0
2018-06-21,0.6,18.0,17.7
2018-06-22,3.0,12.5,10.6
2018-06-23,2.9,0.2,0.0
2018-06-24,1.5,7.9,6.0
2018-06-25,0.0,0.5,0.0
2018-06-26,2.2,0.9,0.0
2018-06-27,0.0,7.0,5.1
2018-06-28,4.8,18.3,18.7
2018-06-29,15.0,5.2,3.3
2018-06-30,0.0,7.4,5.5
2018-07-02,0.0,10.9,8.8
2018-07-03,13.2,21.5,32.0
2018-07-04,8.5,16.5,19.2
2018-07-05,9.4,8.3,5.5
2018-07-06,0.0,0.2,0.0
2018-07-07,0.0,0.2,0.0
2018-07-08,0.0,1.1,0.0
2018-07-09,0.0,0.0,0.0
2018-07-10,0.0,1.6,0.0
2018-07-11,0.0,0.0,0.0
2018-07-14,0.0,0.0,0.0
2018-07-15,0.0,0.4,0.0
2018-07-16,0.0,0.0,0.0
2018-07-17,0.0,0.0,0.0
2018-07-18,0.0,0.1,0.0
2018-07-19,0.0,0.0,0.0
2018-07-20,0.0,0.0,0.0
2018-07-21,0.0,0.0,0.0
2018-07-22,0.0,0.0,0.0
2018-07-23,3.0,6.8,4.7
2018-07-24,0.0,0.6,0.0
2018-07-25,0.0,0.0,0.0
2018-07-26,0.0,0.1,0.0
2018-07-27,0.0,0.0,0.0
2018-07-28,0.0,0.0,0.0
2018-07-29,0.0,3.2,1.0
2018-07-30,0.0,2.7,1.0
2018-07-31,7.8,0.3,0.0
2018-08-01,0.3,0.0,0.0
2018-08-02,0.0,1.2,0.0
2018-08-03,0.0,1.9,0.0
2018-08-04,0.1,1.2,0.0
2018-08-05,0.0,0.0,0.0
2018-08-06,0.0,0.0,0.0
2018-08-07,0.0,0.0,0.0
2018-08-08,0.0,0.0,0.0
2018-08-09,0.0,0.1,0.0
2018-08-10,0.3,8.9,8.2
2018-08-11,0.8,0.0,0.0
2018-08-12,4.0,27.9,41.5
2018-08-13,42.1,1.0,0.0
2018-08-14,0.0,0.0,0.0
2018-08-15,0.0,0.0,0.0
2018-08-16,0.0,0.0,0.0
2018-08-17,0.0,0.0,0.0
2018-08-18,0.0,0.0,0.0
2018-08-19,0.0,0.0,0.0
2018-08-20,0.0,0.0,0.0
2018-08-21,0.0,0.0,0.0
2018-08-22,0.0,0.0,0.0
2018-08-23,0.0,0.0,0.0
2018-08-24,0.0,1.5,0.0
2018-08-25,0.0,0.0,0.0
2018-08-26,0.0,0.0,0.0
2018-08-27,0.0,0.4,0.0
2018-08-28,8.7,0.0,0.0
2018-08-29,0.0,0.0,0.0
2018-08-31,0.0,0.0,0.0
2018-09-01,0.0,0.0,0.0
2018-09-02,0.0,0.0,0.0
2018-09-05,0.0,8.5,5.4
2018-09-06,0.1,3.4,0.0
2018-09-07,0.1,0.0,0.0
2018-09-08,0.0,0.0,0.0
2018-09-09,0.0,0.3,0.0
2018-09-10,0.0,0.0,0.0
2018-09-11,0.0,0.0,0.0
2018-09-12,0.0,0.0,0.0
2018-09-13,0.0,0.0,0.0
2018-09-14,0.0,0.0,0.0
2018-09-15,0.0,0.5,0.0
2018-09-16,0.0,0.0,0.0
2018-09-18,0.0,0.9,0.0
2018-09-19,0.1,0.5,0.0
2018-09-20,0.0,0.0,0.0
2018-09-21,0.0,0.0,0.0
2018-09-22,0.0,0.0,0.0
2018-09-24,0.0,0.0,0.0
2018-09-25,0.0,0.0,0.0
2018-09-26,0.0,0.0,0.0
2018-09-27,0.0,0.0,0.0
2018-09-28,0.0,0.0,0.0
2018-09-29,0.0,0.0,0.0
2018-09-30,0.0,0.0,0.0
2018-10-01,0.0,0.0,0.0
2018-10-02,0.0,0.0,0.0
2018-10-03,0.0,0.0,0.0
2018-10-04,0.0,0.0,0.0
2018-10-05,0.0,3.0,0.0
2018-10-06,0.0,4.5,1.5
2018-10-07,15.0,1.6,0.0
2018-10-09,0.0,0.0,0.0
2018-10-10,19.7,5.9,3.2
2018-10-11,19.7,9.8,6.3
2018-10-12,16.6,1.1,0.0
2018-10-13,0.8,10.9,7.8
2018-10-15,4.2,2.5,0.0
2018-10-17,0.0,1.0,0.0
2018-10-18,0.0,0.0,0.0
2018-10-19,0.0,3.0,0.0
2018-10-20,5.0,7.8,3.5
2018-10-21,0.2,0.0,0.0
2018-10-22,5.7,0.0,0.0
2018-10-23,0.0,0.0,0.0
2018-10-24,0.0,0.0,0.0
2018-10-25,0.0,0.0,0.0
2018-10-26,0.0,0.3,0.0
2018-10-27,0.0,3.2,1.0
2018-10-29,7.0,0.5,0.0
2018-10-30,0.0,0.0,0.0
2018-10-31,0.0,0.3,0.0
2018-11-01,0.0,7.0,3.4
2018-11-02,8.5,0.5,0.0
2018-11-03,0.5,0.0,0.0
2018-11-04,0.6,0.5,0.0
2018-11-06,9.9,0.5,0.0
2018-11-08,2.5,6.1,2.0
2018-11-10,0.5,0.4,0.0
2018-11-11,0.0,3.5,1.0
2018-11-12,40.8,0.2,0.0
2018-11-14,17.0,1.2,0.0
2018-11-15,0.0,1.6,0.0
2018-11-16,0.5,38.5,147.6
2018-11-17,7.1,0.6,0.0
2018-11-18,0.0,0.5,0.0
2018-11-20,2.7,1.0,0.0
2018-11-22,0.0,4.1,1.0
2018-11-24,2.5,0.0,0.0
2018-11-25,0.0,0.0,0.0
2018-11-26,0.0,0.0,0.0
2018-11-27,0.0,0.6,0.0
2018-11-28,0.0,3.5,0.0
2018-11-29,0.0,6.0,2.9
2018-11-30,1.0,1.3,0.0
2018-12-01,0.0,14.5,19.5
2018-12-02,0.0,3.4,0.0
2018-12-04,6.6,16.6,24.4
2018-12-05,17.8,2.4,0.0
2018-12-06,10.9,7.6,5.7
2018-12-07,0.8,31.1,50.2
2018-12-08,10.5,23.8,39.4
2018-12-09,2.7,4.6,1.2
2018-12-10,0.4,2.7,0.0
2018-12-11,0.0,3.0,1.0
2018-12-12,0.0,2.3,0.0
2018-12-13,0.0,0.3,0.0
2018-12-14,0.0,1.0,0.0
2018-12-15,0.0,6.9,7.4
2018-12-16,0.0,0.9,0.0
2018-12-17,0.0,8.9,11.2
2018-12-18,0.8,0.0,0.0
2018-12-20,2.0,16.9,35.4
2018-12-21,8.1,6.0,2.8
2018-12-22,3.5,3.3,0.0
2018-12-23,0.0,5.1,1.8
2018-12-24,2.9,16.5,18.9
2018-12-25,7.1,4.3,1.0
2018-12-26,0.2,2.4,0.0
2018-12-27,3.3,8.4,5.3
2018-12-28,0.0,2.1,0.0
2018-12-29,0.0,0.3,0.0
2018-12-30,0.0,2.1,0.0
2018-12-31,4.6,1.1,0.0
2019-01-01,0.4,2.2,0.0
2019-01-02,0.0,9.7,6.4
2019-01-03,11.9,0.7,0.0
2019-01-04,0.0,0.7,0.0
2019-01-05,0.0,1.2,0.0
2019-01-06,0.0,0.0,0.0
2019-01-07,0.0,8.2,4.7
2019-01-08,1.7,19.2,23.2
2019-01-09,21.7,0.1,0.0
2019-01-10,3.8,0.3,0.0
2019-01-11,0.0,0.0,0.0
2019-01-12,0.0,0.7,0.0
2019-01-13,0.0,0.3,0.0
2019-01-14,0.0,13.9,18.9
2019-01-15,7.4,33.5,48.4
2019-01-16,14.1,0.7,0.0
2019-01-17,0.0,2.3,0.0
2019-01-18,0.0,0.0,0.0
2019-01-19,0.0,0.1,0.0
2019-01-20,0.0,8.8,8.0
2019-01-21,16.1,9.9,7.3
2019-01-22,19.0,0.0,0.0
2019-01-23,1.9,1.8,0.0
2019-01-24,0.4,18.4,18.4
2019-01-25,1.0,22.9,26.7
2019-01-26,8.1,13.8,11.6
2019-01-27,0.8,19.9,21.3
2019-01-28,45.6,14.1,12.2
2019-01-29,2.3,2.5,0.0
2019-01-30,0.0,2.9,0.0
2019-01-31,0.0,7.4,4.5
2019-02-01,2.5,34.4,47.4
2019-02-02,12.5,0.0,0.0
2019-02-03,0.0,0.1,0.0
2019-02-04,0.0,0.1,0.0
2019-02-06,7.7,3.0,0.0
2019-02-07,1.8,0.0,0.0
2019-02-08,0.0,0.5,0.0
2019-02-09,0.0,0.0,0.0
2019-02-10,0.0,0.4,0.0
2019-02-11,0.0,0.1,0.0
2019-02-12,0.0,0.0,0.0
2019-02-13,0.0,0.0,0.0
2019-02-14,0.0,0.0,0.0
2019-02-15,0.0,0.0,0.0
2019-02-16,0.0,0.0,0.0
2019-02-17,0.0,0.0,0.0
2019-02-18,0.0,0.0,0.0
2019-02-19,0.0,0.0,0.0
2019-02-20,0.2,0.0,0.0
2019-02-21,0.0,0.0,0.0
2019-02-22,0.0,0.0,0.0
2019-02-23,0.0,0.0,0.0
2019-02-24,0.0,0.0,0.0
2019-02-25,0.0,0.0,0.0
2019-02-26,0.0,0.0,0.0
2019-02-27,0.0,0.0,0.0
2019-02-28,0.0,0.0,0.0
2019-03-01,0.0,0.0,0.0
2019-03-02,0.0,0.0,0.0
2019-03-03,0.0,0.0,0.0
2019-03-04,0.0,0.0,0.0
2019-03-05,0.0,0.0,0.0
2019-03-06,0.0,0.0,0.0
2019-03-07,0.0,2.0,0.0
2019-03-08,4.5,30.2,38.2
2019-03-09,5.3,1.7,0.0
2019-03-10,0.1,0.4,0.0
2019-03-11,0.6,12.7,13.9
2019-03-12,2.5,0.0,0.0
2019-03-13,0.0,0.5,0.0
2019-03-14,0.0,9.1,8.6
2019-03-15,1.1,0.5,0.0
2019-03-16,0.0,0.0,0.0
2019-03-17,0.0,0.0,0.0
2019-03-18,0.0,0.0,0.0
2019-03-19,0.0,0.2,0.0
2019-03-20,0.0,2.3,0.0
2019-03-21,0.0,0.9,0.0
2019-03-22,0.0,1.3,0.0
2019-03-23,0.1,0.4,0.0
2019-03-24,0.0,0.0,0.0
2019-03-25,0.0,1.4,0.0
2019-03-28,0.0,0.2,0.0
2019-03-29,0.0,0.8,0.0
2019-03-30,0.0,0.1,0.0
2019-03-31,0.0,11.3,11.0
2019-04-01,11.0,0.7,0.0
2019-04-02,0.0,0.3,0.0
2019-04-03,0.0,0.0,0.0
2019-04-04,0.9,0.0,0.0
2019-04-05,0.9,0.0,0.0
2019-04-06,0.0,0.5,0.0
2019-04-07,0.0,0.0,0.0
2019-04-08,0.0,0.0,0.0
2019-04-09,0.0,0.1,0.0
2019-04-10,0.0,1.6,0.0
2019-04-11,0.0,3.6,1.0
2019-04-12,19.4,0.1,0.0
2019-04-13,0.0,1.5,0.0
2019-04-14,0.0,0.0,0.0
2019-04-15,0.0,0.0,0.0
2019-04-16,0.0,0.0,0.0
2019-04-17,0.0,1.4,0.0
2019-04-20,36.7,0.0,0.0
2019-04-21,0.0,7.0,5.2
2019-04-22,2.5,4.7,2.6
2019-04-23,56.3,6.5,4.6
2019-04-24,0.0,15.7,16.5
2019-04-25,4.7,3.9,1.7
2019-04-26,1.2,22.6,28.6
2019-04-27,25.1,28.3,36.5
2019-04-28,3.4,3.4,1.1
2019-04-30,64.2,33.9,44.5
2019-05-01,3.5,17.3,31.8
2019-05-02,3.1,20.3,40.3
2019-05-03,5.2,0.0,0.0
2019-05-04,0.0,0.0,0.0
2019-05-05,0.0,0.0,0.0
2019-05-06,0.0,0.0,0.0
2019-05-07,14.2,0.0,0.0
2019-05-08,0.0,0.0,0.0
2019-05-09,0.0,22.4,46.2
2019-05-10,45.7,11.6,13.8
2019-05-11,28.3,0.0,0.0
2019-05-12,0.0,0.0,0.0
2019-05-13,6.6,0.0,0.0
2019-05-14,0.0,0.0,0.0
2019-05-15,0.0,0.0,0.0
2019-05-16,0.0,1.0,0.0
2019-05-17,0.0,0.0,0.0
2019-05-18,0.0,5.8,7.2
2019-05-19,6.8,0.0,0.0
2019-05-20,0.0,0.0,0.0
2019-05-21,0.0,4.0,1.4
2019-05-22,22.9,5.9,4.1
2019-05-23,0.7,0.3,0.0
2019-05-24,0.0,0.0,0.0
2019-05-25,0.0,0.0,0.0
2019-05-26,0.0,0.0,0.0
2019-05-27,0.0,0.0,0.0
2019-05-28,0.0,0.0,0.0
2019-05-29,7.5,0.0,0.0
2019-05-30,0.0,0.9,0.0
2019-05-31,0.0,1.4,0.0
2019-06-04,0.0,0.6,0.0
2019-06-05,0.0,2.0,0.0
2019-06-06,0.0,2.9,0.0
2019-06-07,0.0,16.9,18.5
2019-06-09,5.6,29.6,42.7
2019-06-10,3.3,16.0,17.3
2019-06-11,0.0,9.4,8.1
2019-06-13,0.4,4.4,1.6
2019-06-14,1.0,8.1,6.3
2019-06-15,4.4,21.8,40.0
2019-06-16,2.6,7.5,5.4
2019-06-17,14.2,2.8,0.0
2019-06-18,0.0,0.1,0.0
2019-06-19,0.2,0.0,0.0
2019-06-20,0.2,0.0,0.0
2019-06-21,0.7,0.0,0.0
2019-06-22,0.0,0.0,0.0
2019-06-23,0.0,0.0,0.0
2019-06-24,0.0,2.5,1.0
2019-06-25,4.5,0.0,0.0
2019-06-26,4.5,0.0,0.0
2019-06-27,0.0,0.2,0.0
2019-06-28,0.0,0.0,0.0
2019-06-29,0.0,0.0,0.0
2019-06-30,0.0,0.1,0.0
2019-07-01,0.0,0.6,0.0
2019-07-04,2.8,4.1,1.1
2019-07-05,17.8,0.1,0.0
2019-07-06,0.0,0.2,0.0
2019-07-07,0.0,0.0,0.0
2019-07-08,0.0,2.4,0.0
2019-07-09,0.0,0.8,0.0
2019-07-10,0.0,6.2,3.2
2019-07-11,1.0,0.0,0.0
2019-07-12,0.0,0.1,0.0
2019-07-14,0.5,0.6,0.0
2019-07-15,0.0,0.0,0.0
2019-07-16,0.0,0.0,0.0
2019-07-17,0.0,2.4,0.0
2019-07-18,0.2,6.3,3.3
2019-07-19,12.5,0.0,0.0
2019-07-22,0.0,0.0,0.0
2019-07-23,0.0,1.4,0.0
2019-07-24,0.0,2.7,1.0
2019-07-25,0.2,0.3,0.0
2019-07-26,0.0,0.5,0.0
2019-07-27,1.2,0.1,0.0
2019-07-28,0.7,0.4,0.0
2019-07-29,0.0,0.0,0.0
2019-07-30,0.0,0.2,0.0
2019-07-31,0.0,0.0,0.0
2019-08-01,0.0,0.0,0.0
2019-08-02,0.0,0.0,0.0
2019-08-03,0.0,0.0,0.0
2019-08-04,0.0,0.0,0.0
2019-08-05,0.0,0.0,0.0
2019-08-06,0.0,0.2,0.0
2019-08-07,0.0,0.4,0.0
2019-08-08,0.0,0.0,0.0
2019-08-09,0.0,0.0,0.0
2019-08-10,0.0,0.0,0.0
2019-08-11,0.0,0.0,0.0
2019-08-12,0.0,0.0,0.0
2019-08-13,0.0,0.0,0.0
2019-08-14,0.0,0.0,0.0
2019-08-15,0.0,0.0,0.0
2019-08-16,0.0,0.0,0.0
2019-08-17,0.0,0.0,0.0
2019-08-18,0.0,2.2,0.0
2019-08-19,0.0,0.0,0.0
2019-08-20,0.0,0.0,0.0
2019-08-21,0.0,0.0,0.0
2019-08-22,0.0,0.0,0.0
2019-08-23,0.0,0.0,0.0
2019-08-24,0.0,0.0,0.0
2019-08-25,0.0,0.0,0.0
2019-08-26,0.0,0.0,0.0
2019-08-27,0.0,0.0,0.0
2019-08-28,0.0,0.0,0.0
2019-08-29,0.0,0.0,0.0
2019-08-30,0.0,0.0,0.0
2019-08-31,0.0,0.0,0.0
2019-09-01,0.0,0.0,0.0
2019-09-02,0.0,0.0,0.0
2019-09-03,0.0,0.0,0.0
2019-09-04,0.0,1.4,0.0
2019-09-05,0.0,0.0,0.0
2019-09-06,0.0,0.0,0.0
2019-09-07,0.0,0.0,0.0
2019-09-08,0.0,0.0,0.0
2019-09-09,0.0,0.0,0.0
2019-09-10,0.0,0.0,0.0
2019-09-11,0.0,0.0,0.0
2019-09-12,0.0,0.0,0.0
2019-09-13,0.0,0.0,0.0
2019-09-14,0.0,0.0,0.0
2019-09-15,0.0,0.0,0.0
2019-09-16,0.0,0.0,0.0
2019-09-17,0.0,0.0,0.0
2019-09-18,0.0,0.0,0.0
2019-09-19,0.0,0.0,0.0
2019-09-20,0.0,0.0,0.0
2019-09-21,0.0,0.0,0.0
2019-09-22,0.0,0.0,0.0
2019-09-23,0.0,0.0,0.0
2019-09-24,0.0,0.0,0.0
2019-09-25,0.0,0.0,0.0
2019-09-26,0.0,0.0,0.0
2019-09-27,0.0,0.0,0.0
2019-09-28,0.1,11.3,8.8
2019-09-29,0.0,1.9,0.0
2019-09-30,0.2,2.3,0.0
2019-10-01,0.2,0.1,0.0
2019-10-02,0.6,6.5,4.8
2019-10-03,1.0,2.1,0.0
2019-10-04,1.3,0.0,0.0
2019-10-05,0.0,0.0,0.0
2019-10-06,0.0,0.0,0.0
2019-10-07,0.0,0.0,0.0
2019-10-08,0.0,0.0,0.0
2019-10-09,0.0,0.0,0.0
2019-10-10,0.0,0.0,0.0
2019-10-11,0.0,5.4,1.0
2019-10-12,0.0,6.8,2.2
2019-10-13,6.5,4.0,0.0
2019-10-14,1.1,18.3,25.8
2019-10-15,1.1,14.5,12.3
2019-10-16,46.5,0.0,0.0
2019-10-17,0.0,0.0,0.0
2019-10-18,0.0,0.2,0.0
2019-10-19,0.0,1.6,0.0
2019-10-20,0.0,3.3,0.0
2019-10-22,0.0,0.0,0.0
2019-10-23,0.0,0.3,0.0
2019-10-24,0.0,9.6,10.7
2019-10-25,1.0,31.8,71.2
2019-10-26,7.9,1.0,0.0
2019-10-27,0.1,1.0,0.0
2019-10-28,0.0,0.0,0.0
2019-10-29,0.0,0.2,0.0
2019-10-30,0.0,1.5,0.0
2019-10-31,0.0,0.0,0.0
2019-11-01,6.4,10.3,9.1
2019-11-02,6.0,1.9,0.0
2019-11-03,2.8,0.0,0.0
2019-11-04,0.0,0.0,0.0
2019-11-05,0.0,0.0,0.0
2019-11-06,0.0,0.0,0.0
2019-11-07,0.0,0.0,0.0
2019-11-08,0.0,0.0,0.0
2019-11-09,0.0,12.4,13.1
2019-11-10,0.0,0.2,0.0
2019-11-11,0.0,0.0,0.0
2019-11-12,0.0,0.0,0.0
2019-11-13,0.0,2.4,0.0
2019-11-14,73.5,0.0,0.0
2019-11-15,0.0,0.0,0.0
2019-11-16,0.0,0.0,0.0
2019-11-17,0.0,0.0,0.0
2019-11-18,0.0,0.0,0.0
2019-11-19,0.0,0.4,0.0
2019-11-20,0.9,0.2,0.0
2019-11-21,0.0,0.4,0.0
2019-11-22,0.0,9.5,7.5
2019-11-23,0.6,0.0,0.0
2019-11-24,0.0,0.0,0.0
2019-11-25,0.0,0.2,0.0
2019-11-26,0.2,1.8,0.0
2019-11-27,0.1,3.5,0.0
2019-11-28,0.0,0.9,0.0
2019-11-29,0.0,0.7,0.0
2019-11-30,1.1,0.0,0.0
2019-12-01,0.0,3.4,0.0
2019-12-03,3.6,1.8,0.0
2019-12-04,0.0,0.0,0.0
2019-12-05,0.0,0.1,0.0
2019-12-06,0.0,8.9,7.7
2019-12-07,2.0,0.2,0.0
2019-12-09,22.3,1.0,0.0
2019-12-10,7.0,15.9,22.7
2019-12-11,2.8,6.4,6.5
2019-12-13,10.4,0.0,0.0
2019-12-14,0.0,3.5,1.0
2019-12-15,1.1,3.9,1.7
2019-12-16,2.0,0.1,0.0
2019-12-17,0.0,14.9,30.3
2019-12-18,17.6,14.6,29.8
2019-12-19,28.0,9.3,12.6
2019-12-20,1.1,0.2,0.0
2019-12-21,1.4,0.1,0.0
2019-12-22,0.1,1.6,0.0
2019-12-23,0.0,4.1,1.0
2019-12-25,2.0,0.0,0.0
2019-12-26,0.0,7.0,3.8
2019-12-27,0.0,5.6,2.3
2019-12-29,0.0,0.0,0.0
2019-12-30,6.0,0.0,0.0
2020-01-01,0.0,1.2,0.0
2020-01-03,3.5,0.3,0.0
2020-01-05,8.0,4.3,0.0
2020-01-06,0.0,0.5,0.0
2020-01-07,0.0,4.2,0.0
2020-01-08,0.5,2.2,0.0
2020-01-09,0.5,3.3,0.0
2020-01-12,36.3,21.2,30.7
2020-01-13,0.2,0.6,0.0
2020-01-15,0.0,1.4,0.0
2020-01-16,0.0,5.4,3.9
2020-01-17,0.0,0.4,0.0
2020-01-18,0.0,0.0,0.0
2020-01-19,0.0,0.0,0.0
2020-01-20,0.0,0.0,0.0
2020-01-21,0.0,0.0,0.0
2020-01-22,0.0,0.0,0.0
2020-01-23,0.0,0.0,0.0
2020-01-24,0.0,0.0,0.0
2020-01-25,0.0,0.0,0.0
2020-01-26,0.0,0.0,0.0
2020-01-27,0.0,0.0,0.0
2020-01-28,0.0,0.0,0.0
2020-01-29,0.0,0.0,0.0
2020-01-30,0.0,0.0,0.0
2020-01-31,0.0,1.7,0.0
2020-02-01,0.0,0.1,0.0
2020-02-02,0.0,50.2,77.1
2020-02-03,13.6,67.3,91.4
2020-02-04,12.0,0.3,0.0
2020-02-05,0.0,0.0,0.0
2020-02-06,0.0,0.0,0.0
2020-02-07,0.0,0.0,0.0
2020-02-08,0.0,0.0,0.0
2020-02-09,4.0,0.0,0.0
2020-02-12,0.0,0.0,0.0
2020-02-13,0.0,0.7,0.0
2020-02-14,0.0,3.9,1.9
2020-02-16,0.0,0.0,0.0
2020-02-17,0.0,0.0,0.0
2020-02-18,0.0,0.0,0.0
2020-02-20,48.8,0.8,0.0
2020-02-21,6.0,0.3,0.0
2020-02-22,0.0,0.0,0.0
2020-02-23,0.5,0.0,0.0
2020-02-24,0.0,0.0,0.0
2020-02-26,3.1,0.0,0.0
2020-02-27,0.6,0.0,0.0
2020-02-28,0.0,0.0,0.0
2020-03-02,56.3,19.9,25.2
2020-03-03,4.5,65.8,48.1
2020-03-04,19.2,13.0,8.5
2020-03-06,0.0,40.0,44.1
2020-03-07,34.6,5.5,1.7
2020-03-08,0.8,0.0,0.0
2020-03-09,0.0,3.9,1.0
2020-03-10,0.0,0.0,0.0
2020-03-12,0.0,1.1,0.0
2020-03-13,0.0,0.0,0.0
2020-03-14,0.0,0.0,0.0
2020-03-15,0.0,0.0,0.0
2020-03-16,0.0,0.0,0.0
2020-03-17,0.0,0.0,0.0
2020-03-18,0.0,0.0,0.0
2020-03-19,0.0,8.8,8.8
2020-03-20,1.7,17.2,23.5
2020-03-21,20.5,0.1,0.0
2020-03-22,17.4,7.9,6.9
2020-03-25,0.0,0.0,0.0
2020-03-26,0.0,0.1,0.0
2020-03-27,0.0,0.7,0.0
2020-03-28,0.0,0.2,0.0
2020-03-29,0.1,1.3,0.0
2020-03-30,0.0,20.0,23.8
2020-03-31,4.5,0.8,0.0
2020-04-01,0.5,23.2,25.3
2020-04-02,13.0,0.4,0.0
2020-04-03,0.0,0.0,0.0
2020-04-04,0.0,0.0,0.0
2020-04-05,0.0,0.0,0.0
2020-04-06,0.0,2.4,1.0
2020-04-07,0.0,0.3,0.0
2020-04-08,0.0,0.0,0.0
2020-04-09,0.0,0.0,0.0
2020-04-10,0.0,0.0,0.0
2020-04-11,0.0,0.0,0.0
2020-04-12,0.0,0.0,0.0
2020-04-13,0.0,0.0,0.0
2020-04-14,0.0,0.0,0.0
2020-04-15,0.0,3.6,1.0
2020-04-16,0.0,0.0,0.0
2020-04-18,0.0,8.5,8.4
2020-04-20,0.9,2.9,0.0
2020-04-21,25.3,0.0,0.0
2020-04-22,0.0,0.2,0.0
2020-04-23,47.8,4.2,2.0
2020-04-24,0.6,6.1,4.3
2020-04-25,17.5,10.0,8.8
2020-04-26,12.0,22.4,28.9
2020-04-27,18.3,4.6,2.5
2020-04-28,4.0,8.5,7.1
2020-04-29,0.0,2.2,0.0
2020-04-30,3.4,4.6,2.4
2020-05-03,0.0,2.4,0.0
2020-05-04,0.0,0.8,0.0
2020-05-05,0.0,0.5,0.0
2020-05-06,0.0,0.0,0.0
2020-05-07,2.5,0.0,0.0
2020-05-08,0.0,0.5,0.0
2020-05-10,0.0,1.1,0.0
2020-05-11,23.8,0.0,0.0
2020-05-12,0.0,0.0,0.0
2020-05-13,0.0,0.0,0.0
2020-05-14,0.0,1.2,0.0
2020-05-15,0.0,0.8,0.0
2020-05-16,0.0,13.3,19.1
2020-05-17,0.0,5.4,6.4
2020-05-18,2.5,29.7,55.9
2020-05-19,18.3,16.8,29.0
2020-05-20,51.0,15.4,23.8
2020-05-21,3.1,19.7,38.0
2020-05-22,19.0,11.9,15.9
2020-05-23,3.5,2.8,0.0
2020-05-24,0.0,2.4,0.0
2020-05-25,8.3,3.7,1.1
2020-05-26,0.0,4.6,2.3
2020-05-28,0.0,1.8,0.0
2020-05-29,0.0,5.1,3.0
2020-05-30,8.5,1.9,0.0
2020-05-31,0.0,13.2,20.2
2020-06-01,3.8,0.2,0.0
2020-06-02,0.0,12.6,12.7
2020-06-03,3.0,1.6,0.0
2020-06-04,1.5,0.6,0.0
2020-06-05,0.0,0.9,0.0
2020-06-06,0.0,1.7,0.0
2020-06-07,5.7,17.3,20.1
2020-06-08,25.3,0.0,0.0
2020-06-09,0.0,0.0,0.0
2020-06-10,0.2,20.1,24.9
2020-06-11,15.1,41.4,72.6
2020-06-12,17.2,9.0,7.5
2020-06-13,5.1,0.1,0.0
2020-06-14,2.5,2.2,0.0
2020-06-15,0.0,7.4,5.3
2020-06-18,0.2,0.7,0.0
2020-06-19,0.0,6.4,4.0
2020-06-20,2.0,2.7,0.0
2020-06-21,0.4,5.9,4.0
2020-06-22,0.6,4.2,2.3
2020-06-23,0.0,23.6,26.1
2020-06-24,8.5,24.9,27.4
2020-06-25,1.1,3.2,1.3
2020-06-26,0.7,28.7,33.2
2020-06-27,7.5,44.4,54.0
2020-06-28,26.5,7.0,5.1
2020-06-29,4.0,9.5,7.8
2020-07-01,0.0,14.9,12.9
2020-07-03,1.5,50.4,59.0
2020-07-07,1.4,3.7,1.0
2020-07-09,1.7,4.3,1.3
2020-07-11,3.0,6.2,3.2
2020-07-12,1.2,3.6,1.0
2020-07-14,1.7,12.2,10.8
2020-07-16,4.0,4.4,1.0
2020-07-17,10.6,0.0,0.0
2020-07-18,0.4,1.0,0.0
2020-07-19,1.3,0.0,0.0
2020-07-20,0.0,0.0,0.0
2020-07-21,0.0,1.6,0.0
2020-07-23,3.2,0.1,0.0
2020-07-26,5.0,5.9,3.5
2020-07-27,4.8,0.0,0.0
2020-07-29,15.5,21.3,30.9
2020-07-30,12.6,4.6,2.5
2020-08-01,20.1,4.0,0.0
2020-08-02,2.3,19.6,37.2
2020-08-03,12.4,3.1,0.0
2020-08-04,0.0,23.0,45.8
2020-08-05,31.7,1.1,0.0
2020-08-06,0.0,0.8,0.0
2020-08-07,0.0,0.0,0.0
2020-08-08,0.0,0.0,0.0
2020-08-09,0.0,21.1,40.3
2020-08-10,5.8,0.4,0.0
2020-08-11,0.0,9.8,6.8
2020-08-12,3.5,0.5,0.0
2020-08-14,0.0,0.0,0.0
2020-08-15,0.0,11.6,8.2
2020-08-16,1.0,7.7,3.9
2020-08-17,0.7,1.3,0.0
2020-08-18,0.5,0.0,0.0
2020-08-19,0.0,0.0,0.0
2020-08-20,0.0,0.0,0.0
2020-08-21,0.0,0.0,0.0
2020-08-22,0.0,0.8,0.0
2020-08-23,0.0,0.1,0.0
2020-08-27,1.0,1.6,0.0
2020-08-28,6.6,0.0,0.0
2020-08-30,0.0,1.2,0.0
2020-09-01,6.0,1.5,0.0
2020-09-03,45.2,2.0,0.0
2020-09-04,0.0,1.5,0.0
2020-09-05,0.0,0.0,0.0
2020-09-06,0.0,12.3,11.6
2020-09-07,2.0,37.8,59.6
2020-09-08,53.0,12.2,11.3
2020-09-09,11.7,1.1,0.0
2020-09-10,0.5,12.8,21.8
2020-09-12,1.0,3.2,0.0
2020-09-14,1.7,0.1,0.0
2020-09-28,1.2,0.2,0.0
2020-09-30,16.3,2.7,0.0
2020-10-01,0.0,0.0,0.0
2020-10-02,0.0,6.4,4.3
2020-10-03,0.0,0.6,0.0
2020-10-04,0.0,3.5,1.0
2020-10-05,5.4,5.6,2.9
2020-10-08,0.2,9.2,9.6
2020-10-09,48.0,0.5,0.0
2020-10-10,1.0,16.0,27.7
2020-10-11,2.9,1.1,0.0
2020-10-12,0.0,1.4,0.0
2020-10-13,0.0,0.9,0.0
2020-10-14,0.0,16.3,15.8
2020-10-15,2.5,49.8,52.8
2020-10-16,32.8,15.2,13.2
2020-10-17,2.5,20.2,33.0
2020-10-18,3.9,12.2,9.1
2020-10-19,2.7,0.3,0.0
2020-10-20,1.0,0.2,0.0
2020-10-21,0.0,0.0,0.0
2020-10-22,0.0,0.0,0.0
2020-10-23,0.0,0.0,0.0
2020-10-24,0.0,0.7,0.0
2020-10-25,0.0,0.0,0.0
2020-10-26,0.0,0.2,0.0
2020-10-27,0.0,15.7,30.5
2020-10-28,2.5,5.0,3.4
2020-10-29,0.0,2.2,0.0
2020-10-30,19.8,0.9,0.0
2020-10-31,4.8,0.4,0.0
2020-11-01,0.0,0.0,0.0
2020-11-02,0.0,1.6,0.0
2020-11-03,0.0,11.3,11.0
2020-11-05,0.0,0.1,0.0
2020-11-06,0.1,0.2,0.0
2020-11-10,0.0,0.0,0.0
2020-11-11,0.0,0.0,0.0
2020-11-12,0.0,0.6,0.0
2020-11-13,0.0,9.8,12.8
2020-11-14,14.5,9.8,12.8
2020-11-15,2.3,8.6,10.2
2020-11-16,0.0,1.9,0.0
2020-11-18,5.1,0.2,0.0
2020-11-19,0.1,0.0,0.0
2020-11-20,0.0,2.0,0.0
2020-11-21,0.0,0.0,0.0
2020-11-22,0.0,0.2,0.0
2020-11-23,0.4,1.5,0.0
2020-11-24,0.2,0.3,0.0
2020-11-25,10.9,1.0,0.0
2020-11-26,1.0,3.3,0.0
2020-11-27,0.0,10.4,9.0
2020-11-30,0.0,6.3,3.2
2020-12-01,4.0,0.6,0.0
2020-12-02,0.1,0.0,0.0
2020-12-03,0.0,0.2,0.0
2020-12-04,0.0,0.0,0.0
2020-12-05,0.0,1.3,0.0
2020-12-06,0.0,0.0,0.0
2020-12-07,0.0,0.2,0.0
2020-12-08,0.0,0.0,0.0
2020-12-09,0.0,0.2,0.0
2020-12-10,0.0,0.7,0.0
2020-12-11,0.0,0.0,0.0
2020-12-12,0.0,5.6,4.9
2020-12-13,0.5,1.0,0.0
2020-12-14,19.6,16.7,35.2
2020-12-15,17.7,11.0,15.7
2020-12-16,33.8,4.0,1.9
2020-12-17,5.5,0.5,0.0
2020-12-18,5.5,6.0,5.7
2020-12-19,5.5,0.4,0.0
2020-12-20,0.0,5.6,4.9
2020-12-22,1.8,6.5,3.3
2020-12-23,1.0,13.4,10.8
2020-12-24,3.1,0.2,0.0
2020-12-25,3.4,20.1,24.1
2020-12-26,1.6,9.1,6.3
2020-12-27,2.0,0.1,0.0
2020-12-28,0.0,32.1,38.0
2020-12-29,13.5,0.7,0.0
2020-12-30,0.0,1.5,0.0
2020-12-31,0.2,1.5,0.0
2021-01-02,12.7,16.9,19.7
2021-01-03,4.5,8.2,4.6
2021-01-04,8.3,2.8,0.0
2021-01-05,1.5,7.7,4.0
2021-01-06,6.2,19.2,23.4
2021-01-07,10.6,0.5,0.0
2021-01-08,0.0,0.6,0.0
2021-01-10,0.0,0.0,0.0
2021-01-11,0.0,2.5,1.0
2021-01-12,2.7,4.7,3.0
2021-01-13,6.5,1.1,0.0
2021-01-15,36.4,3.1,1.1
2021-01-16,8.5,26.1,38.1
2021-01-17,15.5,2.1,0.0
2021-01-18,1.6,3.4,1.4
2021-01-19,0.0,0.4,0.0
2021-01-20,0.0,0.8,0.0
2021-01-21,0.0,0.5,0.0
2021-01-23,6.3,0.6,0.0
2021-01-24,1.0,11.3,8.9
2021-01-25,16.5,2.7,0.0
2021-01-26,5.2,4.1,1.1
2021-01-27,0.0,0.1,0.0
2021-01-28,21.5,0.0,0.0
2021-01-30,0.0,21.8,24.4
2021-01-31,36.1,1.1,0.0
2021-02-01,0.4,5.2,2.0
2021-02-02,0.0,3.5,1.0
2021-02-03,13.4,1.3,0.0
2021-02-04,0.0,8.2,5.0
2021-02-05,0.0,2.3,0.0
2021-02-06,0.2,0.7,0.0
2021-02-07,0.2,0.7,0.0
2021-02-08,0.0,6.8,3.6
2021-02-09,14.8,0.0,0.0
2021-02-10,0.0,0.0,0.0
2021-02-11,0.0,1.1,0.0
2021-02-12,0.3,9.4,7.5
2021-02-13,34.3,24.9,39.7
2021-02-15,0.2,5.9,3.8
2021-02-16,6.5,0.8,0.0
2021-02-17,0.0,4.2,2.2
2021-02-18,14.3,2.1,1.0
2021-02-19,4.1,0.1,0.0
2021-02-20,0.0,0.1,0.0
2021-02-21,0.0,0.3,0.0
2021-02-22,0.0,13.4,15.8
2021-02-23,1.9,0.3,0.0
2021-02-24,0.0,0.5,0.0
2021-02-26,0.0,0.1,0.0
2021-02-27,0.0,0.0,0.0
2021-02-28,0.0,7.8,6.7
2021-03-01,0.8,2.4,0.0
2021-03-02,0.0,0.0,0.0
2021-03-03,0.0,0.3,0.0
2021-03-04,0.0,0.5,0.0
2021-03-05,0.0,1.3,0.0
2021-03-06,0.2,0.0,0.0
2021-03-07,0.0,0.0,0.0
2021-03-09,0.0,0.5,0.0
2021-03-10,0.0,0.0,0.0
2021-03-11,0.0,0.6,0.0
2021-03-12,1.0,0.6,0.0
2021-03-13,0.0,3.0,1.0
2021-03-14,0.0,5.8,4.0
2021-03-15,41.5,0.0,0.0
2021-03-16,0.0,0.9,0.0
2021-03-17,0.0,3.2,1.0
2021-03-18,0.0,1.4,0.0
2021-03-19,0.1,2.1,0.0
2021-03-20,0.0,0.0,0.0
2021-03-21,0.0,4.1,2.7
2021-03-22,1.0,3.7,2.3
2021-03-23,13.5,3.3,1.8
2021-03-24,1.0,2.8,1.2
2021-03-25,4.9,13.5,13.6
2021-03-26,9.0,8.3,7.3
2021-03-27,49.9,0.2,0.0
2021-03-28,2.2,2.4,1.0
2021-03-29,0.0,0.7,0.0
2021-03-30,0.0,4.7,3.4
2021-03-31,13.5,9.4,8.6
2021-04-01,46.9,4.3,2.1
2021-04-02,8.7,2.1,0.0
2021-04-03,1.0,0.0,0.0
2021-04-04,0.0,0.1,0.0
2021-04-05,0.0,0.3,0.0
2021-04-06,0.0,0.8,0.0
2021-04-07,1.2,7.4,5.3
2021-04-08,34.0,10.4,8.3
2021-04-09,1.8,0.2,0.0
2021-04-10,1.8,12.7,10.6
2021-04-11,13.1,1.4,0.0
2021-04-12,0.0,0.0,0.0
2021-04-13,0.0,8.6,8.3
2021-04-14,17.2,0.5,0.0
2021-04-15,58.0,4.5,2.1
2021-04-16,26.0,0.0,0.0
2021-04-17,0.0,0.6,0.0
2021-04-18,3.9,4.9,2.6
2021-04-19,4.1,1.0,0.0
2021-04-20,0.0,0.0,0.0
2021-04-21,0.0,0.0,0.0
2021-04-23,0.0,0.0,0.0
2021-04-24,0.0,0.3,0.0
2021-04-25,0.0,0.0,0.0
2021-04-26,0.0,1.7,0.0
2021-04-27,0.0,0.3,0.0
2021-04-29,0.0,0.1,0.0
2021-04-30,25.8,2.9,1.0
2021-05-01,1.0,11.9,14.4
2021-05-02,11.0,0.9,0.0
2021-05-03,30.4,0.0,0.0
2021-05-04,0.0,2.3,0.0
2021-05-05,49.0,24.7,52.4
2021-05-06,63.5,3.2,1.0
2021-05-07,3.5,8.7,8.9
2021-05-08,3.2,0.6,0.0
2021-05-10,0.5,0.2,0.0
2021-05-11,0.0,0.0,0.0
2021-05-12,0.0,0.0,0.0
2021-05-13,0.0,0.0,0.0
2021-05-15,0.0,0.3,0.0
2021-05-16,28.6,14.0,20.6
2021-05-17,47.9,4.2,4.5
2021-05-18,4.0,1.9,1.0
2021-05-19,2.2,6.9,9.0
2021-05-20,60.9,22.1,42.9
2021-05-21,27.8,7.7,7.2
2021-05-23,2.3,2.6,0.0
2021-05-24,48.2,1.0,0.0
2021-05-25,1.0,0.3,0.0
2021-05-26,12.2,0.0,0.0
2021-05-27,0.0,0.0,0.0
2021-05-28,0.0,0.0,0.0
2021-05-29,0.0,0.0,0.0
2021-05-31,0.0,0.0,0.0
2021-06-01,0.1,0.3,0.0
2021-06-02,0.0,0.0,0.0
2021-06-04,0.0,0.0,0.0
2021-06-05,0.0,0.2,0.0
2021-06-06,0.0,0.3,0.0
2021-06-07,1.0,0.2,0.0
2021-06-08,0.0,0.0,0.0
2021-06-09,0.0,0.0,0.0
2021-06-10,0.4,0.3,0.0
2021-06-11,0.0,0.0,0.0
2021-06-12,0.0,2.4,0.0
2021-06-13,0.8,21.4,38.1
2021-06-14,2.8,34.6,64.5
2021-06-15,6.5,3.7,1.0
2021-06-16,0.2,0.2,0.0
2021-06-18,2.9,0.2,0.0
2021-06-20,0.8,0.1,0.0
2021-06-21,0.0,1.0,0.0
2021-06-22,0.0,11.7,9.9
2021-06-23,7.8,2.3,1.0
2021-06-24,1.3,0.3,0.0
2021-06-25,0.0,0.4,0.0
2021-06-26,1.0,13.9,12.5
2021-06-27,4.8,6.6,4.7
2021-06-28,0.0,0.7,0.0
2021-06-29,1.0,10.1,8.6
2021-06-30,17.7,1.4,0.0
2021-07-01,2.2,0.6,0.0
2021-07-02,0.0,15.6,16.3
2021-07-03,13.7,35.9,52.6
2021-07-04,24.0,1.0,0.0
2021-07-05,0.0,0.2,0.0
2021-07-06,0.0,2.5,0.0
2021-07-07,0.0,10.5,8.0
2021-07-09,23.0,5.6,2.6
2021-07-10,0.8,2.3,0.0
2021-07-11,0.0,47.8,46.0
2021-07-12,9.1,0.5,0.0
2021-07-13,2.0,4.7,1.4
2021-07-16,5.3,32.0,43.8
2021-07-17,20.0,27.8,41.6
2021-07-19,0.0,0.4,0.0
2021-07-20,0.0,0.0,0.0
2021-07-24,0.0,0.6,0.0
2021-07-26,0.0,0.0,0.0
2021-07-27,0.0,0.0,0.0
2021-07-28,0.0,0.0,0.0
2021-07-30,0.0,2.9,1.0
2021-07-31,0.7,1.9,0.0
2021-08-01,0.0,0.3,0.0
2021-08-02,0.0,0.0,0.0
2021-08-03,0.0,0.2,0.0
2021-08-04,18.5,0.0,0.0
2021-08-05,0.0,1.0,0.0
2021-08-06,0.0,2.2,0.0
2021-08-07,2.8,1.7,0.0
2021-08-08,0.0,18.1,33.6
2021-08-09,0.0,2.7,0.0
2021-08-10,0.0,2.2,0.0
2021-08-11,0.0,0.3,0.0
2021-08-12,0.0,4.4,1.0
2021-08-13,1.7,7.4,4.0
2021-08-15,0.0,4.5,1.0
2021-08-16,1.0,7.1,3.3
2021-08-17,2.6,0.0,0.0
2021-08-18,0.0,0.3,0.0
2021-08-19,0.0,12.2,9.1
2021-08-20,4.9,7.1,3.7
2021-08-21,2.0,5.8,3.1
2021-08-22,0.2,21.0,25.5
2021-08-23,0.1,14.4,10.3
2021-08-24,3.5,3.2,1.0
2021-08-25,47.0,2.2,0.0
2021-08-26,0.0,14.0,9.5
2021-08-27,0.0,15.1,11.9
2021-08-28,0.8,0.8,0.0
2021-08-29,4.3,15.8,13.6
2021-08-30,14.4,11.7,8.9
2021-08-31,4.1,1.9,0.0
2021-09-01,0.5,19.2,41.4
2021-09-02,2.1,0.3,0.0
2021-09-03,0.2,7.4,4.1
2021-09-04,0.1,30.2,56.3
2021-09-05,44.5,22.6,48.4
2021-09-06,6.0,12.3,11.2
2021-09-07,3.5,1.1,0.0
2021-09-08,0.8,18.6,40.4
2021-09-09,7.0,16.7,35.7
2021-09-10,1.5,3.3,0.0
2021-09-11,1.8,18.0,45.8
2021-09-12,65.1,20.6,52.3
2021-09-13,5.2,11.3,8.7
2021-09-14,4.1,9.5,6.0
2021-09-15,0.0,22.2,55.5
2021-09-16,13.0,31.0,66.6
2021-09-17,66.0,4.1,0.0
2021-09-20,0.0,18.6,47.7
2021-09-21,0.9,8.0,5.1
2021-09-22,0.9,57.1,83.1
2021-09-23,18.5,2.5,0.0
2021-09-24,3.0,1.5,0.0
2021-09-25,4.6,2.9,0.0
2021-09-26,0.0,0.1,0.0
2021-09-27,0.0,0.0,0.0
2021-09-28,0.0,4.5,1.3
2021-09-30,0.0,15.6,24.9
2021-10-02,46.3,1.7,0.0
2021-10-03,0.0,19.9,42.8
2021-10-04,1.6,0.6,0.0
2021-10-05,0.0,0.1,0.0
2021-10-06,0.0,0.0,0.0
2021-10-07,0.0,0.0,0.0
2021-10-08,0.0,0.1,0.0
2021-10-09,0.0,9.5,8.9
2021-10-10,0.0,2.7,0.0
2021-10-11,0.0,0.1,0.0
2021-10-14,0.0,0.0,0.0
2021-10-15,0.0,0.0,0.0
2021-10-16,0.0,0.0,0.0
2021-10-17,0.0,0.0,0.0
2021-10-18,10.6,6.3,1.4
2021-10-19,25.4,10.2,6.4
2021-10-20,0.6,6.7,2.2
2021-10-21,0.0,8.3,8.8
2021-10-22,15.0,10.3,11.9
2021-10-23,23.8,12.6,21.9
2021-10-24,1.0,0.6,0.0
2021-10-25,0.0,0.6,0.0
2021-10-26,0.0,0.0,0.0
2021-10-27,6.5,3.1,1.0
2021-10-28,0.5,1.5,0.0
2021-10-29,0.0,12.1,15.2
2021-10-30,10.0,12.0,14.9
2021-10-31,52.5,2.7,1.0
2021-11-02,0.0,0.8,0.0
2021-11-03,0.5,8.0,5.0
2021-11-04,3.5,25.8,64.5
2021-11-05,211.1,10.9,10.3
2021-11-06,0.2,13.0,20.8
2021-11-07,37.6,2.2,0.0
2021-11-09,48.9,2.3,0.0
2021-11-10,0.2,5.0,1.0
2021-11-11,0.0,1.3,0.0
2021-11-13,0.2,14.8,27.7
2021-11-14,24.0,1.4,0.0
2021-11-15,0.0,1.2,0.0
2021-11-16,1.5,0.6,0.0
2021-11-17,8.0,2.9,1.0
2021-11-18,0.0,13.6,25.0
2021-11-19,1.6,10.4,14.1
2021-11-20,0.0,11.4,15.9
2021-11-21,38.3,5.7,2.4
2021-11-22,3.1,2.6,0.0
2021-11-23,0.0,8.7,6.3
2021-11-25,16.6,2.0,0.0
2021-11-27,0.0,15.2,16.9
2021-11-28,0.0,51.1,83.6
2021-11-29,8.6,10.8,9.4
2021-11-30,1.2,3.2,0.0
2021-12-01,9.5,3.5,0.0
2021-12-02,1.5,0.6,0.0
2021-12-03,0.0,9.7,8.9
2021-12-04,0.1,13.2,14.7
2021-12-05,3.9,0.5,0.0
2021-12-06,0.0,0.0,0.0
2021-12-07,0.0,4.0,1.0
2021-12-08,0.0,1.7,0.0
2021-12-10,0.0,0.0,0.0
2021-12-11,0.0,0.3,0.0
2021-12-12,18.8,0.3,0.0
2021-12-13,2.5,0.0,0.0
2021-12-15,6.3,0.6,0.0
2021-12-16,11.0,0.1,0.0
2021-12-17,0.0,0.9,0.0
2021-12-18,1.0,18.3,38.3
2021-12-20,8.5,14.7,29.8
2021-12-21,1.5,2.0,0.0
2021-12-22,0.0,1.8,0.0
2021-12-24,27.0,4.8,1.5
2021-12-25,8.0,10.1,7.0
2021-12-26,1.7,0.2,0.0
2021-12-27,0.0,8.0,5.0
2021-12-28,0.3,4.4,1.1
2021-12-29,0.4,0.1,0.0
2021-12-30,0.0,19.3,22.8
2021-12-31,6.0,1.0,0.0
