date,gauge,imergl,lseqmdl
2001-01-01,0.0,5.4,4.6
2001-01-02,0.0,0.1,0.0
2001-01-03,0.0,1.4,0.0
2001-01-04,0.0,1.7,0.0
2001-01-05,0.0,20.0,29.2
2001-01-06,4.0,2.3,1.0
2001-01-07,0.0,0.4,0.0
2001-01-08,0.0,5.9,5.4
2001-01-09,0.0,18.1,26.0
2001-01-10,11.0,1.6,0.0
2001-01-11,1.0,5.0,3.8
2001-01-12,1.0,14.8,24.1
2001-01-13,1.0,46.9,114.8
2001-01-14,36.0,18.7,34.7
2001-01-15,4.0,2.7,1.0
2001-01-17,8.0,4.9,3.7
2001-01-18,0.0,13.9,22.0
2001-01-19,60.0,0.5,0.0
2001-01-20,0.0,5.4,4.4
2001-01-21,0.0,4.5,4.2
2001-01-22,0.0,10.2,12.9
2001-01-23,12.0,1.1,0.0
2001-01-24,1.0,3.1,2.3
2001-01-25,5.0,2.0,1.0
2001-01-27,2.0,0.0,0.0
2001-01-28,0.0,1.8,1.0
2001-01-29,0.0,0.7,0.0
2001-01-30,0.0,0.1,0.0
2001-02-01,3.0,9.0,11.3
2001-02-02,4.0,31.9,54.4
2001-02-03,128.0,5.8,6.1
2001-02-04,0.0,8.5,10.2
2001-02-05,48.0,7.2,8.2
2001-02-06,0.0,1.7,0.0
2001-02-07,0.0,11.8,15.4
2001-02-09,2.0,13.3,21.7
2001-02-10,6.0,3.0,1.8
2001-02-11,1.0,8.2,9.8
2001-02-12,1.0,26.1,40.9
2001-02-13,7.0,1.6,1.0
2001-02-14,10.0,6.2,6.8
2001-02-15,1.0,0.3,0.0
2001-02-16,8.0,1.1,0.0
2001-02-17,0.0,3.7,3.4
2001-02-18,0.0,0.3,0.0
2001-02-19,0.0,1.8,1.0
2001-02-20,0.0,0.3,0.0
2001-02-21,5.0,1.4,1.0
2001-02-23,0.0,41.6,94.1
2001-02-24,21.0,1.0,0.0
2001-02-25,1.0,0.2,0.0
2001-02-26,0.0,0.0,0.0
2001-02-27,0.0,0.2,0.0
2001-02-28,1.0,0.2,0.0
2001-03-01,25.0,0.0,0.0
2001-03-02,1.0,0.2,0.0
2001-03-03,16.0,4.2,4.2
2001-03-04,5.0,1.7,1.0
2001-03-05,8.0,0.4,0.0
2001-03-06,0.0,7.3,8.7
2001-03-07,2.0,19.1,30.8
2001-03-08,21.0,13.2,17.8
2001-03-09,12.0,5.6,6.3
2001-03-10,18.0,2.7,2.3
2001-03-11,1.0,22.2,37.1
2001-03-12,21.0,3.3,2.9
2001-03-13,0.0,2.3,1.3
2001-03-14,0.0,4.1,4.0
2001-03-15,5.0,7.8,9.6
2001-03-16,0.0,2.0,1.0
2001-03-17,0.0,11.2,14.9
2001-03-18,13.0,0.5,0.0
2001-03-19,0.0,0.6,0.0
2001-03-21,4.0,9.0,8.0
2001-03-22,6.0,0.0,0.0
2001-03-23,0.0,2.8,1.0
2001-03-24,0.0,0.3,0.0
2001-03-25,0.0,4.3,2.7
2001-03-26,47.0,2.2,1.0
2001-03-27,0.0,4.3,2.8
2001-03-28,18.0,2.4,1.0
2001-03-29,0.0,2.6,1.0
2001-03-30,2.0,3.4,1.6
2001-04-01,2.0,1.9,1.0
2001-04-02,0.0,0.2,0.0
2001-04-03,0.0,2.6,1.0
2001-04-04,0.0,4.4,2.7
2001-04-05,0.0,1.5,0.0
2001-04-06,0.0,2.9,1.2
2001-04-07,0.0,5.5,4.0
2001-04-08,1.0,0.3,0.0
2001-04-09,0.0,2.9,1.2
2001-04-10,1.0,4.3,2.7
2001-04-11,3.0,9.5,9.3
2001-04-12,0.0,29.8,43.3
2001-04-13,24.0,1.4,0.0
2001-04-14,1.0,68.6,71.7
2001-04-15,212.0,4.6,3.2
2001-04-16,0.0,0.8,0.0
2001-04-17,0.0,1.7,0.0
2001-04-18,9.0,0.0,0.0
2001-04-19,0.0,0.7,0.0
2001-04-20,52.0,44.1,61.6
2001-04-21,0.0,1.3,0.0
2001-04-22,0.0,37.4,46.3
2001-04-23,0.0,2.5,1.0
2001-04-24,0.0,4.1,2.0
2001-04-25,24.0,31.0,40.1
2001-04-26,0.0,5.9,3.8
2001-04-27,0.0,0.3,0.0
2001-04-28,0.0,1.6,0.0
2001-04-29,0.0,17.3,16.6
2001-04-30,47.0,10.0,8.2
2001-05-01,15.0,24.6,29.4
2001-05-02,17.0,0.0,0.0
2001-05-03,0.0,0.0,0.0
2001-05-04,4.0,0.0,0.0
2001-05-05,0.0,7.0,4.3
2001-05-06,10.0,2.7,1.0
2001-05-08,4.0,11.0,8.7
2001-05-09,26.0,3.3,1.0
2001-05-10,1.0,13.0,11.1
2001-05-11,2.0,1.2,0.0
2001-05-12,0.0,0.0,0.0
2001-05-13,0.0,12.8,14.5
2001-05-15,24.0,0.0,0.0
2001-05-17,1.0,2.0,0.0
2001-05-18,21.0,0.0,0.0
2001-05-19,0.0,15.5,18.7
2001-05-20,5.0,6.7,4.8
2001-05-21,6.0,4.2,3.3
2001-05-22,3.0,1.7,1.0
2001-05-24,7.0,0.7,0.0
2001-05-25,0.0,2.5,1.4
2001-05-26,0.0,22.5,32.1
2001-05-27,28.0,0.0,0.0
2001-05-28,0.0,0.0,0.0
2001-05-29,0.0,4.4,3.5
2001-05-30,1.0,38.2,59.7
2001-05-31,1.0,0.7,0.0
2001-06-02,0.0,2.8,1.0
2001-06-04,0.0,16.8,27.3
2001-06-05,53.0,10.0,11.6
2001-06-06,1.0,3.5,1.8
2001-06-07,4.0,0.5,0.0
2001-06-09,0.0,5.9,5.3
2001-06-10,30.0,5.7,5.0
2001-06-11,32.0,1.0,0.0
2001-06-13,1.0,9.5,9.0
2001-06-14,52.0,1.9,0.0
2001-06-16,10.0,4.8,3.1
2001-06-17,1.0,18.8,24.1
2001-06-18,7.0,21.8,30.4
2001-06-19,13.0,15.5,17.0
2001-06-20,10.0,1.0,0.0
2001-06-22,0.0,0.6,0.0
2001-06-23,0.0,0.0,0.0
2001-06-24,0.0,0.0,0.0
2001-06-25,11.0,5.8,6.8
2001-06-26,1.0,0.1,0.0
2001-06-27,0.0,6.7,8.0
2001-06-28,3.0,1.1,1.0
2001-06-29,0.0,9.0,11.0
2001-06-30,32.0,2.6,2.8
2001-08-08,0.0,6.8,7.5
2001-08-09,2.0,0.7,0.0
2001-08-10,0.0,0.1,0.0
2001-08-11,0.0,5.1,4.0
2001-08-12,0.0,5.1,4.0
2001-08-13,0.0,6.1,5.1
2001-08-14,0.0,0.0,0.0
2001-08-15,5.0,0.4,0.0
2001-08-16,0.0,6.1,5.1
2001-08-17,0.0,0.5,0.0
2001-08-18,2.0,1.5,0.0
2001-08-19,0.0,0.0,0.0
2001-08-20,0.0,0.0,0.0
2001-08-21,0.0,0.0,0.0
2001-08-22,0.0,0.0,0.0
2001-08-23,0.0,0.0,0.0
2001-08-24,0.0,0.0,0.0
2001-08-25,0.0,0.0,0.0
2001-08-26,0.0,0.0,0.0
2001-08-27,10.0,2.9,3.1
2001-08-28,16.0,0.3,0.0
2001-08-29,6.0,0.0,0.0
2001-08-30,0.0,0.0,0.0
2001-08-31,0.0,0.0,0.0
2001-09-01,0.0,0.0,0.0
2001-09-02,8.0,0.0,0.0
2001-09-04,0.0,0.9,1.4
2001-09-05,0.0,0.0,0.0
2001-09-06,0.0,0.0,0.0
2001-09-08,0.0,2.3,3.4
2001-09-09,4.0,25.7,36.3
2001-09-10,27.0,3.0,4.2
2001-09-11,0.0,8.0,8.4
2001-09-12,1.0,15.6,21.4
2001-09-13,41.0,3.4,2.8
2001-09-14,1.0,0.0,0.0
2001-09-19,2.0,0.1,0.0
2001-09-20,27.0,11.8,12.9
2001-09-21,40.0,0.0,0.0
2001-09-22,1.0,1.8,1.1
2001-09-23,1.0,2.4,1.9
2001-09-24,2.0,9.0,11.1
2001-09-25,5.0,0.3,0.0
2001-09-27,10.0,4.8,5.1
2001-09-28,2.0,3.5,3.4
2001-09-29,1.0,11.0,14.2
2001-09-30,10.0,12.8,16.6
2002-02-01,0.0,0.1,0.0
2002-02-02,1.0,1.2,0.0
2002-02-03,0.0,13.5,22.5
2002-02-04,10.0,3.4,2.4
2002-02-05,20.0,16.3,30.6
2002-02-06,1.0,4.0,3.4
2002-02-07,10.0,5.3,5.3
2002-02-08,1.0,3.4,2.5
2002-02-09,5.0,2.1,1.0
2002-02-10,0.0,0.0,0.0
2002-02-11,0.0,7.9,9.4
2002-02-12,0.0,8.2,9.8
2002-02-13,0.0,3.4,2.9
2002-02-14,0.0,8.6,10.4
2002-02-15,1.0,3.4,2.9
2002-02-16,5.0,4.5,4.4
2002-02-17,6.0,0.0,0.0
2002-02-18,0.0,17.1,23.8
2002-02-19,2.0,0.4,0.0
2002-02-20,6.0,5.7,6.1
2002-02-21,14.0,2.4,2.0
2002-02-23,6.0,0.3,0.0
2002-02-24,5.0,1.0,0.0
2002-02-25,0.0,0.0,0.0
2002-02-26,0.0,2.4,2.0
2002-02-27,1.0,3.7,4.6
2002-02-28,0.0,8.6,14.3
2002-03-01,6.0,58.4,77.9
2002-03-02,68.0,0.1,0.0
2002-03-04,0.0,1.1,1.0
2002-03-05,0.0,4.8,5.2
2002-03-06,65.0,8.2,10.1
2002-03-07,10.0,0.1,0.0
2002-03-10,98.0,1.3,1.0
2002-03-11,0.0,46.2,108.2
2002-03-12,10.0,0.2,0.0
2002-03-13,0.0,6.2,7.2
2002-03-15,6.0,0.0,0.0
2002-03-16,0.0,6.3,7.3
2002-03-17,0.0,0.2,0.0
2002-03-18,2.0,0.9,0.0
2002-03-19,2.0,0.2,0.0
2002-03-20,0.0,0.0,0.0
2002-03-21,0.0,7.0,5.8
2002-03-23,2.0,11.4,10.6
2002-03-24,0.0,4.1,2.6
2002-03-25,0.0,6.7,5.4
2002-03-26,5.0,2.7,1.0
2002-03-28,0.0,13.3,12.6
2002-03-29,1.0,0.0,0.0
2002-03-30,0.0,18.0,18.0
2002-03-31,30.0,0.0,0.0
2002-04-01,0.0,18.9,20.3
2002-04-02,17.0,21.1,21.7
2002-04-03,0.0,10.6,9.9
2002-04-04,1.0,5.2,3.6
2002-04-05,12.0,72.9,105.7
2002-04-06,60.0,1.3,0.0
2002-04-07,0.0,8.3,7.2
2002-04-08,4.0,1.0,0.0
2002-04-09,0.0,14.6,14.8
2002-04-10,7.0,0.3,0.0
2002-04-11,0.0,1.2,0.0
2002-04-12,0.0,1.3,0.0
2002-04-13,0.0,0.0,0.0
2002-04-14,0.0,1.3,0.0
2002-04-15,26.0,0.0,0.0
2002-04-16,17.0,0.0,0.0
2002-04-17,0.0,0.0,0.0
2002-04-18,0.0,28.8,41.7
2002-04-19,50.0,24.3,34.6
2002-04-20,9.0,15.1,16.4
2002-04-21,4.0,0.4,0.0
2002-04-22,0.0,1.3,0.0
2002-04-23,2.0,5.5,3.5
2002-04-24,2.0,4.4,2.3
2002-04-25,0.0,1.0,0.0
2002-04-26,0.0,38.7,48.2
2002-04-27,125.0,9.8,8.0
2002-04-28,7.0,36.1,45.0
2002-04-29,2.0,1.0,0.0
2002-04-30,0.0,13.8,12.3
2002-05-01,1.0,5.7,2.9
2002-05-02,3.0,5.3,2.5
2002-05-03,0.0,5.2,2.4
2002-05-04,10.0,1.2,0.0
2002-05-05,0.0,3.6,1.0
2002-05-06,50.0,44.8,64.9
2002-05-07,65.0,23.5,27.5
2002-05-08,10.0,9.6,7.1
2002-05-09,4.0,18.2,17.3
2002-05-10,10.0,9.4,6.9
2002-05-11,0.0,2.9,1.0
2002-05-12,0.0,0.0,0.0
2002-05-13,0.0,0.0,0.0
2002-05-14,0.0,0.0,0.0
2002-05-15,0.0,0.0,0.0
2002-05-16,0.0,0.0,0.0
2002-05-17,0.0,0.0,0.0
2002-05-18,0.0,0.0,0.0
2002-05-19,4.0,7.1,5.3
2002-05-20,0.0,0.0,0.0
2002-05-21,0.0,8.7,8.8
2002-05-22,0.0,4.8,3.9
2002-05-23,0.0,2.3,1.2
2002-05-24,23.0,19.4,26.5
2002-05-25,0.0,9.2,9.4
2002-05-26,0.0,0.0,0.0
2002-05-27,0.0,0.0,0.0
2002-05-28,0.0,0.0,0.0
2002-05-29,0.0,0.0,0.0
2002-06-01,0.0,2.1,0.0
2002-06-02,0.0,0.0,0.0
2002-06-03,0.0,16.5,26.2
2002-06-04,0.0,3.5,1.8
2002-06-05,3.0,8.0,8.4
2002-06-06,6.0,0.0,0.0
2002-06-07,0.0,5.8,5.2
2002-06-08,26.0,2.1,0.0
2002-06-09,0.0,1.9,0.0
2002-06-10,0.0,4.9,3.8
2002-06-11,16.0,0.4,0.0
2002-06-12,6.0,23.7,34.5
2002-06-13,30.0,22.6,33.1
2002-06-14,29.0,16.5,18.2
2002-06-15,8.0,11.4,11.6
2002-06-16,1.0,20.0,26.8
2002-06-17,1.0,17.9,19.8
2002-06-18,6.0,10.5,10.3
2002-06-19,20.0,47.8,71.8
2002-06-20,41.0,21.9,31.1
2002-06-21,1.0,0.0,0.0
2002-06-22,5.0,0.3,0.0
2002-06-23,0.0,0.8,0.0
2002-06-24,0.0,5.1,5.9
2002-06-25,0.0,5.6,6.5
2002-06-26,0.0,0.9,1.0
2002-06-27,0.0,0.0,0.0
2002-06-28,0.0,0.1,0.0
2002-06-29,0.0,1.0,1.0
2002-06-30,0.0,0.0,0.0
2002-07-01,0.0,0.0,0.0
2002-07-02,0.0,0.0,0.0
2002-07-03,11.0,9.3,10.1
2002-07-04,3.0,0.0,0.0
2002-07-05,0.0,0.1,0.0
2002-07-06,0.0,0.0,0.0
2002-07-07,0.0,0.0,0.0
2002-07-08,0.0,0.0,0.0
2002-07-09,0.0,0.0,0.0
2002-07-10,0.0,1.5,0.0
2002-07-11,7.0,0.8,0.0
2002-07-12,0.0,11.8,11.8
2002-07-13,1.0,32.5,51.8
2002-07-14,3.0,0.0,0.0
2002-07-15,0.0,0.0,0.0
2002-07-16,0.0,0.0,0.0
2002-07-17,0.0,0.0,0.0
2002-07-18,0.0,1.4,0.0
2002-07-19,1.0,0.0,0.0
2002-07-20,6.0,9.5,9.0
2002-07-21,0.0,0.0,0.0
2002-07-22,10.0,0.0,0.0
2002-07-23,0.0,0.0,0.0
2002-07-24,0.0,0.0,0.0
2002-07-25,0.0,0.3,0.0
2002-07-26,0.0,6.9,6.4
2002-07-27,2.0,4.6,4.1
2002-07-28,4.0,0.0,0.0
2002-07-29,0.0,0.0,0.0
2002-07-30,0.0,0.0,0.0
2002-07-31,0.0,0.0,0.0
2002-09-01,0.0,1.0,1.5
2002-09-02,0.0,0.0,0.0
2002-09-03,0.0,7.9,10.3
2002-09-04,1.0,8.5,11.0
2002-09-06,4.0,2.2,3.2
2002-09-07,48.0,0.0,0.0
2002-09-08,0.0,0.0,0.0
2002-09-09,0.0,0.0,0.0
2002-09-10,0.0,0.0,0.0
2002-09-11,0.0,0.0,0.0
2002-09-12,0.0,0.0,0.0
2002-09-13,0.0,1.3,1.0
2002-09-14,27.0,0.7,0.0
2002-09-15,0.0,0.0,0.0
2002-09-16,0.0,0.0,0.0
2002-09-17,0.0,0.0,0.0
2002-09-18,0.0,0.0,0.0
2002-09-19,0.0,0.0,0.0
2002-09-20,0.0,0.0,0.0
2002-09-21,0.0,0.0,0.0
2002-09-22,0.0,0.9,0.0
2002-09-23,0.0,0.0,0.0
2002-09-24,0.0,0.0,0.0
2002-09-25,0.0,7.7,9.2
2002-09-26,0.0,0.0,0.0
2002-09-28,0.0,0.0,0.0
2002-09-29,0.0,0.0,0.0
2002-09-30,0.0,14.9,23.0
2002-10-01,47.0,0.0,0.0
2002-10-02,0.0,0.0,0.0
2002-10-03,0.0,0.0,0.0
2002-10-04,0.0,0.0,0.0
2002-10-05,0.0,0.0,0.0
2002-10-06,0.0,0.0,0.0
2002-10-07,0.0,0.0,0.0
2002-10-08,0.0,0.0,0.0
2002-10-09,0.0,0.0,0.0
2002-10-10,0.0,0.0,0.0
2002-10-11,0.0,0.0,0.0
2002-10-12,0.0,0.0,0.0
2002-10-13,0.0,0.0,0.0
2002-10-14,0.0,0.0,0.0
2002-10-15,0.0,0.0,0.0
2002-10-16,0.0,1.4,0.0
2002-10-17,1.0,0.0,0.0
2002-10-18,0.0,0.0,0.0
2002-10-19,0.0,0.0,0.0
2002-10-20,0.0,0.0,0.0
2002-10-21,0.0,18.9,21.3
2002-10-22,75.0,2.7,0.0
2002-10-23,0.0,0.0,0.0
2002-10-24,0.0,0.0,0.0
2002-10-25,0.0,0.0,0.0
2002-10-26,3.0,0.0,0.0
2002-10-27,0.0,0.0,0.0
2002-10-28,0.0,1.0,0.0
2002-10-29,6.0,2.6,0.0
2002-10-30,0.0,0.0,0.0
2002-10-31,0.0,1.0,0.0
2002-11-01,0.0,12.5,9.9
2002-11-02,8.0,0.0,0.0
2002-11-03,0.0,0.0,0.0
2002-11-04,0.0,22.1,26.6
2002-11-05,5.0,6.6,2.7
2002-11-06,6.0,0.0,0.0
2002-11-07,0.0,0.3,0.0
2002-11-08,14.0,11.8,9.0
2002-11-09,32.0,20.2,22.1
2002-11-10,8.0,0.0,0.0
2002-11-11,0.0,0.0,0.0
2002-11-12,0.0,7.5,4.9
2002-11-13,52.0,22.5,26.7
2002-11-14,2.0,0.0,0.0
2002-11-15,6.0,2.9,0.0
2002-11-16,0.0,6.7,4.0
2002-11-17,0.0,7.5,5.0
2002-11-18,9.0,0.9,0.0
2002-11-19,0.0,3.2,0.0
2002-11-20,1.0,0.0,0.0
2002-11-21,0.0,9.5,8.3
2002-11-22,7.0,0.8,0.0
2002-11-23,0.0,0.0,0.0
2002-11-24,0.0,10.8,10.0
2002-11-25,12.0,32.9,51.4
2002-11-26,8.0,0.2,0.0
2002-11-27,0.0,21.6,36.9
2002-11-28,3.0,0.0,0.0
2002-11-29,0.0,0.0,0.0
2002-11-30,24.0,0.8,0.0
2002-12-01,0.0,1.5,0.0
2002-12-02,5.0,2.1,0.0
2002-12-03,0.0,50.8,82.3
2002-12-04,12.0,2.9,0.0
2002-12-05,0.0,0.5,0.0
2002-12-06,11.0,1.4,0.0
2002-12-07,0.0,0.0,0.0
2002-12-08,0.0,0.0,0.0
2002-12-09,0.0,2.0,0.0
2002-12-10,0.0,7.6,5.0
2002-12-11,6.0,10.3,16.2
2002-12-12,8.0,0.0,0.0
2002-12-13,0.0,2.0,0.0
2002-12-14,0.0,0.5,0.0
2002-12-15,0.0,1.7,0.0
2002-12-16,0.0,5.7,7.0
2002-12-17,0.0,2.7,1.0
2002-12-18,0.0,0.6,0.0
2002-12-19,0.0,0.0,0.0
2002-12-20,0.0,0.1,0.0
2002-12-21,0.0,0.1,0.0
2002-12-22,0.0,0.0,0.0
2002-12-23,0.0,0.2,0.0
2002-12-24,0.0,0.0,0.0
2002-12-25,0.0,0.0,0.0
2002-12-26,0.0,6.7,4.0
2002-12-28,10.0,12.6,20.0
2002-12-29,5.0,72.4,76.1
2002-12-30,58.0,11.0,10.4
2002-12-31,4.0,15.4,26.0
2003-01-01,13.0,3.7,2.5
2003-01-02,0.0,6.8,6.6
2003-01-03,5.0,1.8,0.0
2003-01-04,0.0,0.1,0.0
2003-01-05,0.0,4.6,3.6
2003-01-06,4.0,7.9,8.0
2003-01-07,9.0,3.3,1.9
2003-01-08,6.0,3.2,1.7
2003-01-09,0.0,1.0,0.0
2003-01-10,15.0,2.9,1.3
2003-01-11,3.0,0.8,0.0
2003-01-12,0.0,1.7,0.0
2003-01-13,0.0,2.5,1.0
2003-01-14,0.0,8.3,9.4
2003-01-16,13.0,13.8,21.4
2003-01-17,13.0,0.5,0.0
2003-01-18,0.0,6.2,5.8
2003-01-19,0.0,1.5,0.0
2003-01-20,0.0,0.4,0.0
2003-01-21,0.0,3.5,2.8
2003-01-22,3.0,2.7,1.7
2003-01-23,0.0,8.2,10.0
2003-01-24,4.0,3.8,3.2
2003-01-25,0.0,0.9,0.0
2003-01-26,0.0,0.0,0.0
2003-01-27,0.0,0.2,0.0
2003-01-28,0.0,3.0,2.0
2003-01-29,0.0,0.9,0.0
2003-01-30,0.0,11.6,15.5
2003-01-31,23.0,0.2,0.0
2003-02-01,19.0,0.0,0.0
2003-02-02,0.0,10.8,14.5
2003-02-03,15.0,3.7,2.8
2003-02-04,12.0,13.7,23.5
2003-02-05,40.0,18.3,35.8
2003-02-06,1.0,19.4,38.1
2003-02-07,68.0,32.4,54.7
2003-02-08,21.0,1.5,0.0
2003-02-09,9.0,1.0,0.0
2003-02-10,0.0,22.4,44.7
2003-02-11,22.0,18.9,27.1
2003-02-12,0.0,4.3,4.2
2003-02-13,9.0,16.6,22.6
2003-02-14,8.0,3.6,3.2
2003-02-15,3.0,4.3,4.2
2003-02-16,0.0,0.3,0.0
2003-02-17,0.0,3.3,2.8
2003-02-18,4.0,1.8,1.0
2003-02-19,19.0,2.1,1.0
2003-02-20,50.0,3.1,2.5
2003-02-22,0.0,0.0,0.0
2003-02-23,0.0,1.2,0.0
2003-02-24,0.0,0.1,0.0
2003-02-25,20.0,2.0,1.3
2003-02-26,12.0,0.3,0.0
2003-02-27,88.0,11.9,30.2
2003-03-01,7.0,5.5,6.2
2003-03-02,0.0,0.0,0.0
2003-03-03,0.0,5.4,5.9
2003-03-04,9.0,0.9,0.0
2003-03-05,0.0,15.3,21.1
2003-03-06,50.0,7.6,9.2
2003-03-07,0.0,13.9,18.3
2003-03-08,50.0,2.3,1.7
2003-03-09,9.0,4.0,4.0
2003-03-10,0.0,0.6,0.0
2003-03-11,0.0,0.2,0.0
2003-03-12,2.0,21.5,35.5
2003-03-13,5.0,1.6,1.0
2003-03-14,2.0,0.0,0.0
2003-03-15,0.0,0.0,0.0
2003-03-16,16.0,0.0,0.0
2003-03-17,0.0,1.3,0.0
2003-03-18,0.0,29.1,55.6
2003-03-19,21.0,8.4,10.5
2003-03-20,9.0,3.5,3.1
2003-03-21,4.0,3.4,1.7
2003-03-22,33.0,78.3,83.2
2003-03-23,23.0,8.7,7.6
2003-03-24,21.0,1.0,0.0
2003-03-25,0.0,1.1,0.0
2003-03-26,0.0,0.0,0.0
2003-03-27,0.0,49.6,60.4
2003-03-28,5.0,11.0,10.1
2003-03-29,1.0,2.9,1.1
2003-03-30,0.0,46.5,56.2
2003-03-31,10.0,7.7,6.5
2003-04-01,5.0,1.3,0.0
2003-04-02,15.0,1.8,1.0
2003-04-03,3.0,1.9,1.0
2003-04-04,1.0,119.1,110.1
2003-04-06,3.0,5.8,4.3
2003-04-07,4.0,0.6,0.0
2003-04-08,42.0,23.7,29.1
2003-04-09,9.0,2.2,1.0
2003-04-10,0.0,1.9,1.0
2003-04-11,2.0,3.3,1.6
2003-04-12,34.0,11.9,12.3
2003-04-13,12.0,4.7,3.3
2003-04-14,25.0,11.7,12.0
2003-04-15,4.0,4.6,3.2
2003-04-16,3.0,0.2,0.0
2003-04-17,4.0,4.2,2.7
2003-04-18,3.0,19.5,26.1
2003-04-19,1.0,0.0,0.0
2003-04-20,0.0,2.3,1.0
2003-04-21,8.0,0.6,0.0
2003-04-22,0.0,2.5,1.0
2003-04-23,99.0,8.0,6.0
2003-04-24,0.0,11.4,9.7
2003-04-25,0.0,103.6,67.5
2003-04-26,8.0,14.8,13.4
2003-04-27,21.0,21.9,26.5
2003-04-28,34.0,4.1,2.0
2003-04-29,1.0,1.5,0.0
2003-04-30,0.0,21.0,20.1
2003-05-01,1.0,2.4,0.0
2003-05-02,3.0,1.7,0.0
2003-05-03,0.0,0.0,0.0
2003-05-04,0.0,8.9,6.3
2003-05-05,28.0,6.2,3.4
2003-05-06,0.0,0.2,0.0
2003-05-07,0.0,4.0,1.3
2003-05-08,7.0,5.5,2.6
2003-05-09,3.0,4.6,1.8
2003-05-10,4.0,13.9,12.2
2003-05-11,6.0,6.6,4.6
2003-05-12,105.0,13.2,15.2
2003-05-13,14.0,1.0,0.0
2003-05-14,0.0,8.7,7.8
2003-05-15,1.0,14.0,16.9
2003-05-16,12.0,8.6,7.6
2003-05-17,27.0,0.7,0.0
2003-05-18,1.0,0.0,0.0
2003-05-19,0.0,0.0,0.0
2003-05-20,0.0,0.0,0.0
2003-05-21,0.0,2.3,1.3
2003-05-23,0.0,0.0,0.0
2003-05-25,2.0,0.7,0.0
2003-05-26,13.0,0.0,0.0
2003-05-27,0.0,0.6,0.0
2003-05-28,0.0,0.0,0.0
2003-05-29,0.0,0.0,0.0
2003-05-30,0.0,0.0,0.0
2003-05-31,0.0,0.0,0.0
2003-06-01,0.0,0.0,0.0
2003-06-02,0.0,0.0,0.0
2003-06-03,0.0,7.9,8.4
2003-06-04,0.0,0.0,0.0
2003-06-05,0.0,0.0,0.0
2003-06-07,0.0,0.0,0.0
2003-06-08,0.0,0.0,0.0
2003-06-09,0.0,0.0,0.0
2003-06-10,0.0,0.0,0.0
2003-06-11,0.0,0.2,0.0
2003-06-12,0.0,0.0,0.0
2003-06-13,0.0,0.2,0.0
2003-06-15,0.0,0.7,0.0
2003-06-16,0.0,17.1,18.8
2003-06-17,56.0,0.3,0.0
2003-06-18,0.0,4.2,2.4
2003-06-19,0.0,0.0,0.0
2003-06-20,0.0,0.3,0.0
2003-06-21,0.0,0.7,0.0
2003-06-22,3.0,1.1,1.0
2003-06-23,2.0,1.0,1.0
2003-06-24,8.0,0.0,0.0
2003-06-25,0.0,11.3,14.1
2003-06-26,1.0,4.6,5.4
2003-06-27,5.0,0.1,0.0
2003-06-28,0.0,1.6,1.5
2003-06-29,4.0,4.9,5.7
2003-06-30,14.0,9.5,11.6
2003-07-01,4.0,0.4,0.0
2003-07-02,2.0,0.2,0.0
2003-07-03,0.0,0.0,0.0
2003-07-04,0.0,0.0,0.0
2003-07-05,0.0,0.3,0.0
2003-07-06,0.0,15.3,18.0
2003-07-07,6.0,4.2,3.4
2003-07-08,0.0,4.5,3.8
2003-07-09,0.0,15.8,20.5
2003-07-10,5.0,16.1,20.9
2003-07-11,14.0,11.4,11.9
2003-07-12,5.0,4.3,2.5
2003-07-13,0.0,9.7,9.2
2003-07-14,3.0,8.7,7.9
2003-07-15,31.0,8.4,7.6
2003-07-16,33.0,0.4,0.0
2003-07-17,0.0,0.1,0.0
2003-07-18,0.0,2.6,1.0
2003-07-19,4.0,0.7,0.0
2003-07-20,0.0,0.6,0.0
2003-07-21,0.0,0.0,0.0
2003-07-22,1.0,0.0,0.0
2003-07-23,0.0,0.0,0.0
2003-07-24,0.0,0.4,0.0
2003-07-25,0.0,5.4,4.9
2003-07-26,0.0,1.7,1.3
2003-07-27,0.0,2.3,1.8
2003-07-28,3.0,0.6,0.0
2003-07-29,0.0,1.4,1.0
2003-07-30,10.0,0.0,0.0
2003-07-31,0.0,0.0,0.0
2003-08-01,0.0,0.0,0.0
2003-08-02,0.0,0.0,0.0
2003-08-03,0.0,0.0,0.0
2003-08-04,0.0,2.2,2.6
2003-08-05,45.0,0.0,0.0
2003-08-06,0.0,0.0,0.0
2003-08-07,0.0,0.0,0.0
2003-08-08,0.0,0.0,0.0
2003-08-09,5.0,0.8,0.0
2003-08-10,0.0,0.3,0.0
2003-08-11,0.0,2.7,1.4
2003-08-12,4.0,6.6,6.5
2003-08-13,7.0,0.6,0.0
2003-08-14,5.0,0.0,0.0
2003-08-15,0.0,0.0,0.0
2003-08-16,0.0,0.3,0.0
2003-08-17,0.0,2.0,1.0
2003-08-18,0.0,1.2,0.0
2003-08-19,0.0,6.3,5.6
2003-08-20,10.0,1.3,0.0
2003-08-22,8.0,5.8,6.9
2003-08-23,65.0,0.1,0.0
2003-08-24,0.0,34.5,51.5
2003-08-25,22.0,0.0,0.0
2003-08-26,0.0,4.4,5.1
2003-08-27,5.0,0.1,0.0
2003-08-28,0.0,0.3,0.0
2003-08-29,0.0,0.0,0.0
2003-08-30,0.0,0.0,0.0
2003-08-31,0.0,0.5,0.0
2003-09-01,0.0,10.5,13.6
2003-09-03,0.0,0.1,0.0
2003-09-04,0.0,0.5,0.0
2003-09-05,0.0,0.0,0.0
2003-09-06,0.0,8.7,11.8
2003-09-07,0.0,3.8,5.3
2003-09-08,0.0,0.0,0.0
2003-09-09,0.0,0.0,0.0
2003-09-10,0.0,0.0,0.0
2003-09-11,0.0,0.0,0.0
2003-09-12,0.0,3.3,2.8
2003-09-13,0.0,7.0,7.0
2003-09-14,1.0,0.3,0.0
2003-09-15,0.0,0.0,0.0
2003-09-16,0.0,5.6,5.4
2003-09-17,2.0,9.1,9.7
2003-09-18,16.0,9.1,9.6
2003-09-19,6.0,29.6,50.9
2003-09-20,66.0,1.3,1.0
2003-09-21,0.0,23.0,37.4
2003-09-22,0.0,2.9,2.5
2003-09-23,0.0,0.0,0.0
2003-09-24,0.0,0.0,0.0
2003-09-25,0.0,0.0,0.0
2003-09-26,0.0,0.0,0.0
2003-09-27,0.0,0.0,0.0
2003-09-28,0.0,0.0,0.0
2003-09-29,0.0,0.4,0.0
2003-09-30,0.0,2.0,1.2
2003-10-01,0.0,3.6,2.3
2003-10-02,0.0,2.0,1.0
2003-10-03,6.0,11.7,11.2
2003-10-04,58.0,0.6,0.0
2003-10-06,0.0,7.8,7.0
2003-10-07,18.0,39.5,51.0
2003-10-08,8.0,52.1,62.5
2003-10-09,78.0,15.0,15.2
2003-10-10,41.0,12.3,12.1
2003-10-11,32.0,1.6,0.0
2003-10-12,0.0,0.9,0.0
2003-10-13,2.0,6.0,4.8
2003-10-14,26.0,26.0,41.6
2003-10-15,16.0,1.6,0.0
2003-10-16,0.0,0.2,0.0
2003-10-17,0.0,14.0,15.7
2003-10-18,1.0,4.9,3.4
2003-10-19,0.0,0.0,0.0
2003-10-20,0.0,0.0,0.0
2003-10-21,0.0,0.0,0.0
2003-10-22,0.0,0.0,0.0
2003-10-23,0.0,0.0,0.0
2003-10-24,0.0,0.0,0.0
2003-10-25,0.0,1.3,0.0
2003-10-26,0.0,0.0,0.0
2003-10-27,0.0,2.1,0.0
2003-10-28,0.0,0.0,0.0
2003-10-29,0.0,0.1,0.0
2003-10-30,0.0,0.0,0.0
2003-11-01,0.0,49.6,81.6
2003-11-02,0.0,9.2,5.7
2003-11-03,0.0,5.6,1.5
2003-11-04,8.0,0.4,0.0
2003-11-05,0.0,0.0,0.0
2003-11-06,0.0,0.0,0.0
2003-11-07,0.0,0.1,0.0
2003-11-08,0.0,0.0,0.0
2003-11-09,0.0,0.0,0.0
2003-11-11,3.0,0.3,0.0
2003-11-12,0.0,3.1,0.0
2003-11-13,0.0,11.7,9.9
2003-11-14,0.0,2.7,0.0
2003-11-15,0.0,52.2,64.2
2003-11-16,3.0,17.7,17.1
2003-11-17,0.0,18.0,17.5
2003-11-18,0.0,1.7,0.0
2003-11-19,0.0,5.9,3.0
2003-11-20,71.0,0.2,0.0
2003-11-21,0.0,9.0,7.6
2003-11-22,32.0,0.7,0.0
2003-11-23,0.0,2.3,0.0
2003-11-24,0.0,0.0,0.0
2003-11-25,0.0,10.5,9.7
2003-11-26,6.0,5.4,3.0
2003-11-27,4.0,16.0,16.7
2003-11-28,0.0,0.1,0.0
2003-11-29,1.0,0.0,0.0
2003-11-30,0.0,0.3,0.0
2003-12-01,0.0,2.9,0.0
2003-12-02,55.0,0.3,0.0
2003-12-03,12.0,11.6,11.9
2003-12-04,41.0,30.5,58.9
2003-12-05,117.0,3.0,0.0
2003-12-06,0.0,0.9,0.0
2003-12-07,9.0,3.0,0.0
2003-12-08,0.0,0.5,0.0
2003-12-09,0.0,11.0,10.4
2003-12-10,32.0,4.9,1.2
2003-12-11,16.0,1.0,0.0
2003-12-12,0.0,11.0,17.8
2003-12-13,3.0,3.4,2.5
2003-12-14,0.0,31.0,79.4
2003-12-15,12.0,2.0,0.0
2003-12-16,0.0,2.0,0.0
2003-12-17,0.0,15.9,37.0
2003-12-18,5.0,1.9,0.0
2003-12-19,0.0,6.2,8.0
2003-12-20,15.0,2.9,1.5
2003-12-21,0.0,1.7,0.0
2003-12-22,25.0,2.8,0.0
2003-12-24,0.0,7.8,5.5
2003-12-25,0.0,10.2,9.3
2003-12-26,5.0,4.4,1.0
2003-12-27,0.0,13.6,21.4
2003-12-28,1.0,0.6,0.0
2003-12-29,0.0,5.0,1.5
2003-12-30,0.0,0.7,0.0
2004-01-01,0.0,6.1,5.6
2004-01-02,0.0,31.8,57.1
2004-01-03,84.0,2.4,1.0
2004-01-04,0.0,0.8,0.0
2004-01-05,0.0,19.7,28.9
2004-01-06,5.0,4.7,3.7
2004-01-07,0.0,1.8,0.0
2004-01-08,16.0,0.6,0.0
2004-01-09,1.0,0.0,0.0
2004-01-10,0.0,0.0,0.0
2004-01-11,0.0,5.0,3.9
2004-01-12,0.0,2.9,1.0
2004-01-13,0.0,0.1,0.0
2004-01-14,0.0,0.6,0.0
2004-01-15,0.0,0.1,0.0
2004-01-16,0.0,1.0,0.0
2004-01-17,0.0,0.0,0.0
2004-01-18,22.0,6.5,6.2
2004-01-19,2.0,33.7,77.0
2004-01-20,8.0,24.0,50.3
2004-01-21,7.0,1.8,1.0
2004-01-22,0.0,0.7,0.0
2004-01-23,0.0,0.0,0.0
2004-01-24,0.0,0.0,0.0
2004-01-25,0.0,1.4,1.0
2004-01-26,3.0,4.2,3.8
2004-01-27,3.0,3.7,3.1
2004-01-28,0.0,0.5,0.0
2004-01-29,24.0,12.2,18.1
2004-01-30,6.0,2.8,1.7
2004-01-31,0.0,31.6,68.6
2004-02-01,34.0,8.3,9.9
2004-02-02,0.0,0.0,0.0
2004-02-03,12.0,0.9,0.0
2004-02-04,0.0,3.3,2.4
2004-02-05,0.0,45.7,60.9
2004-02-06,49.0,0.4,0.0
2004-02-07,0.0,0.1,0.0
2004-02-08,3.0,4.9,4.8
2004-02-10,4.0,0.5,0.0
2004-02-11,5.0,0.2,0.0
2004-02-12,5.0,0.4,0.0
2004-02-13,0.0,8.4,10.0
2004-02-14,0.0,5.2,5.4
2004-02-15,0.0,2.2,1.2
2004-02-16,0.0,17.4,24.3
2004-02-17,22.0,5.8,6.3
2004-02-18,0.0,28.4,45.0
2004-02-19,25.0,1.4,1.0
2004-02-20,0.0,0.4,0.0
2004-02-21,0.0,1.7,1.0
2004-02-22,0.0,0.3,0.0
2004-02-23,0.0,4.2,5.7
2004-02-24,0.0,15.5,40.6
2004-02-25,0.0,0.3,0.0
2004-02-26,9.0,0.0,0.0
2004-02-27,0.0,0.4,0.0
2004-02-28,0.0,0.6,0.0
2004-02-29,0.0,0.5,0.0
2004-03-01,0.0,1.9,1.2
2004-03-02,0.0,0.4,0.0
2004-03-03,0.0,0.0,0.0
2004-03-05,0.0,41.7,63.1
2004-03-06,45.0,1.0,1.0
2004-03-07,0.0,13.6,18.3
2004-03-08,25.0,1.8,1.1
2004-03-09,0.0,7.7,9.3
2004-03-11,36.0,1.4,1.0
2004-03-12,0.0,6.4,7.5
2004-03-13,26.0,3.8,3.6
2004-03-14,9.0,2.4,1.5
2004-03-15,0.0,2.0,1.0
2004-03-16,0.0,3.0,2.3
2004-03-17,6.0,0.1,0.0
2004-03-18,0.0,0.8,0.0
2004-03-19,0.0,0.4,0.0
2004-03-20,0.0,0.0,0.0
2004-03-21,0.0,0.0,0.0
2004-03-22,0.0,0.0,0.0
2004-03-23,0.0,0.0,0.0
2004-03-24,0.0,0.0,0.0
2004-03-25,0.0,0.0,0.0
2004-03-26,0.0,47.1,57.3
2004-03-27,48.0,1.4,0.0
2004-03-29,0.0,0.2,0.0
2004-03-30,3.0,31.9,39.1
2004-03-31,53.0,12.7,11.9
2004-04-01,0.0,0.0,0.0
2004-04-02,0.0,2.0,1.0
2004-04-03,0.0,0.0,0.0
2004-04-04,0.0,0.3,0.0
2004-04-05,7.0,1.2,0.0
2004-04-06,0.0,0.2,0.0
2004-04-07,0.0,0.4,0.0
2004-04-08,0.0,12.2,11.9
2004-04-09,0.0,4.2,2.5
2004-04-10,3.0,0.2,0.0
2004-04-11,0.0,4.3,2.8
2004-04-12,3.0,7.7,7.0
2004-04-13,1.0,10.9,11.0
2004-04-14,0.0,0.7,0.0
2004-04-15,1.0,31.6,46.1
2004-04-16,24.0,12.2,12.9
2004-04-18,0.0,17.3,22.3
2004-04-19,6.0,0.9,0.0
2004-04-20,0.0,0.0,0.0
2004-04-21,0.0,2.7,1.0
2004-04-22,2.0,7.4,5.4
2004-04-23,49.0,6.7,4.6
2004-04-24,1.0,5.6,3.5
2004-04-25,1.0,0.2,0.0
2004-04-26,0.0,5.9,3.9
2004-04-27,4.0,0.4,0.0
2004-04-28,0.0,2.0,0.0
2004-04-29,1.0,2.2,1.0
2004-05-01,0.0,3.5,1.0
2004-05-02,15.0,7.5,4.7
2004-05-03,1.0,0.0,0.0
2004-05-04,1.0,1.3,0.0
2004-05-05,0.0,14.8,13.3
2004-05-06,129.0,23.2,26.2
2004-05-07,49.0,23.2,26.9
2004-05-08,130.0,2.2,0.0
2004-05-09,0.0,55.0,78.5
2004-05-10,22.0,5.6,2.8
2004-05-11,0.0,0.5,0.0
2004-05-12,0.0,0.0,0.0
2004-05-13,0.0,0.9,0.0
2004-05-14,0.0,0.0,0.0
2004-05-15,0.0,0.1,0.0
2004-05-16,0.0,20.6,28.9
2004-05-17,8.0,0.4,0.0
2004-05-18,26.0,0.0,0.0
2004-05-19,0.0,0.0,0.0
2004-05-20,5.0,0.0,0.0
2004-05-21,0.0,0.0,0.0
2004-05-22,0.0,0.0,0.0
2004-05-23,0.0,0.0,0.0
2004-05-24,0.0,1.0,1.0
2004-05-25,0.0,0.1,0.0
2004-05-26,0.0,0.0,0.0
2004-05-27,9.0,0.1,0.0
2004-05-28,0.0,15.7,18.8
2004-05-29,4.0,16.7,19.8
2004-05-30,0.0,5.9,5.3
2004-05-31,0.0,9.5,9.8
2004-06-02,0.0,40.6,62.4
2004-06-03,13.0,10.6,12.5
2004-06-04,4.0,7.0,7.0
2004-06-05,0.0,0.0,0.0
2004-06-06,0.0,0.3,0.0
2004-06-07,0.0,2.1,0.0
2004-06-08,16.0,8.5,9.2
2004-06-09,3.0,4.3,2.9
2004-06-10,0.0,9.7,11.0
2004-06-11,72.0,11.4,11.5
2004-06-12,4.0,0.0,0.0
2004-06-13,12.0,0.6,0.0
2004-06-14,0.0,0.8,0.0
2004-06-15,0.0,7.1,6.0
2004-06-16,80.0,0.8,0.0
2004-06-17,25.0,0.2,0.0
2004-06-18,0.0,0.0,0.0
2004-06-19,0.0,0.0,0.0
2004-06-20,0.0,2.3,1.0
2004-06-21,0.0,0.3,0.0
2004-06-22,0.0,0.6,0.0
2004-06-23,0.0,1.7,1.7
2004-06-24,0.0,0.0,0.0
2004-06-25,0.0,0.0,0.0
2004-06-26,0.0,0.0,0.0
2004-06-27,2.0,0.0,0.0
2004-06-28,0.0,0.0,0.0
2004-06-29,0.0,0.0,0.0
2004-06-30,0.0,0.0,0.0
2004-07-01,0.0,0.0,0.0
2004-07-02,0.0,0.0,0.0
2004-07-03,0.0,0.1,0.0
2004-07-04,0.0,4.5,3.7
2004-07-05,3.0,0.0,0.0
2004-07-06,0.0,2.6,1.3
2004-07-07,3.0,2.5,1.2
2004-07-08,43.0,3.3,2.3
2004-07-09,5.0,9.9,10.9
2004-07-11,27.0,4.5,2.7
2004-07-12,39.0,3.2,1.3
2004-07-13,5.0,16.2,25.0
2004-07-14,45.0,7.5,6.4
2004-07-15,21.0,0.0,0.0
2004-07-16,0.0,0.0,0.0
2004-07-17,0.0,1.9,0.0
2004-07-18,0.0,4.6,2.8
2004-07-19,0.0,0.6,0.0
2004-07-20,0.0,0.0,0.0
2004-07-21,0.0,0.6,0.0
2004-07-22,8.0,6.5,6.0
2004-07-23,1.0,2.3,1.9
2004-07-24,1.0,0.1,0.0
2004-07-25,0.0,0.0,0.0
2004-07-26,0.0,0.1,0.0
2004-07-27,0.0,0.0,0.0
2004-07-28,0.0,6.2,5.7
2004-07-29,3.0,7.4,6.9
2004-07-30,20.0,3.3,2.8
2004-07-31,0.0,5.7,5.2
2004-08-01,0.0,1.1,1.4
2004-08-02,0.0,0.4,0.0
2004-08-03,0.0,1.0,1.3
2004-08-04,0.0,19.6,18.2
2004-08-05,0.0,0.0,0.0
2004-08-06,0.0,0.0,0.0
2004-08-07,0.0,2.7,3.1
2004-08-08,0.0,1.4,1.7
2004-08-09,0.0,2.7,3.1
2004-08-10,0.0,0.0,0.0
2004-08-11,0.0,0.0,0.0
2004-08-12,0.0,0.0,0.0
2004-08-13,0.0,8.7,7.8
2004-08-14,0.0,1.9,1.0
2004-08-15,0.0,0.6,0.0
2004-08-16,0.0,5.0,4.0
2004-08-17,0.0,1.5,0.0
2004-08-18,0.0,0.0,0.0
2004-08-19,0.0,0.0,0.0
2004-08-20,2.0,0.0,0.0
2004-08-21,0.0,0.0,0.0
2004-08-22,0.0,0.0,0.0
2004-08-23,0.0,0.0,0.0
2004-08-24,0.0,0.0,0.0
2004-08-25,0.0,0.0,0.0
2004-08-26,0.0,0.0,0.0
2004-08-27,0.0,0.8,0.0
2004-08-28,28.0,0.0,0.0
2004-08-29,0.0,0.0,0.0
2004-08-31,8.0,1.1,1.0
2004-09-01,18.0,0.0,0.0
2004-09-02,0.0,0.0,0.0
2004-09-03,0.0,1.6,2.4
2004-09-04,0.0,3.0,4.2
2004-09-05,0.0,0.0,0.0
2004-09-06,0.0,0.0,0.0
2004-09-07,0.0,0.0,0.0
2004-09-08,0.0,7.7,10.3
2004-09-09,39.0,0.2,0.0
2004-09-11,0.0,9.7,10.5
2004-09-12,6.0,3.4,2.9
2004-09-13,0.0,0.0,0.0
2004-09-14,0.0,0.0,0.0
2004-09-15,0.0,0.0,0.0
2004-09-16,3.0,1.3,1.0
2004-09-17,0.0,0.1,0.0
2004-09-18,0.0,4.2,3.8
2004-09-19,0.0,0.0,0.0
2004-09-20,0.0,0.0,0.0
2004-09-21,0.0,0.0,0.0
2004-09-22,0.0,0.0,0.0
2004-09-23,0.0,0.0,0.0
2004-09-24,0.0,3.1,2.8
2004-09-25,0.0,0.0,0.0
2004-09-26,10.0,0.0,0.0
2004-09-27,3.0,0.0,0.0
2004-09-28,0.0,0.0,0.0
2004-09-29,0.0,0.3,0.0
2004-09-30,0.0,0.0,0.0
2004-10-01,0.0,0.0,0.0
2004-10-02,0.0,0.0,0.0
2004-10-04,0.0,14.8,14.7
2004-10-05,49.0,3.6,2.3
2004-10-06,1.0,0.3,0.0
2004-10-07,0.0,0.4,0.0
2004-10-08,3.0,0.2,0.0
2004-10-09,0.0,0.2,0.0
2004-10-10,0.0,0.6,0.0
2004-10-11,1.0,0.8,0.0
2004-10-12,0.0,0.0,0.0
2004-10-13,0.0,0.0,0.0
2004-10-14,0.0,0.0,0.0
2004-10-15,12.0,0.6,0.0
2004-10-16,0.0,0.0,0.0
2004-10-17,0.0,0.0,0.0
2004-10-18,1.0,0.2,0.0
2004-10-20,0.0,0.0,0.0
2004-10-21,0.0,0.0,0.0
2004-10-22,0.0,0.0,0.0
2004-10-23,2.0,0.0,0.0
2004-10-24,0.0,0.3,0.0
2004-10-25,0.0,0.0,0.0
2004-10-26,0.0,0.0,0.0
2004-10-27,0.0,0.1,0.0
2004-10-28,0.0,0.0,0.0
2004-10-29,2.0,0.0,0.0
2004-10-30,0.0,0.0,0.0
2004-10-31,0.0,1.3,0.0
2004-11-02,0.0,0.0,0.0
2004-11-03,0.0,0.0,0.0
2004-11-04,0.0,0.0,0.0
2004-11-05,16.0,3.3,0.0
2004-11-06,1.0,5.7,1.5
2004-11-07,0.0,0.4,0.0
2004-11-08,0.0,1.9,0.0
2004-11-09,1.0,64.3,102.8
2004-11-10,20.0,0.0,0.0
2004-11-11,0.0,8.6,6.3
2004-11-12,2.0,2.4,0.0
2004-11-13,0.0,0.0,0.0
2004-11-14,10.0,0.1,0.0
2004-11-15,27.0,0.0,0.0
2004-11-16,0.0,0.0,0.0
2004-11-17,0.0,13.4,12.0
2004-11-18,13.0,4.2,1.0
2004-11-20,0.0,11.8,10.1
2004-11-22,0.0,6.2,4.0
2004-11-23,0.0,2.5,0.0
2004-11-24,0.0,0.0,0.0
2004-11-25,0.0,1.9,0.0
2004-11-26,0.0,0.1,0.0
2004-11-27,0.0,0.7,0.0
2004-11-28,0.0,24.5,41.1
2004-11-30,1.0,6.4,4.2
2004-12-01,0.0,0.1,0.0
2004-12-02,0.0,25.7,48.5
2004-12-03,7.0,16.5,23.9
2004-12-04,3.0,34.1,64.2
2004-12-05,12.0,10.6,9.8
2004-12-06,0.0,18.2,29.4
2004-12-07,0.0,0.9,0.0
2004-12-08,0.0,15.7,18.4
2004-12-09,10.0,7.5,4.9
2004-12-10,96.0,0.3,0.0
2004-12-11,2.0,17.4,40.9
2004-12-12,24.0,21.8,53.2
2004-12-13,4.0,7.0,9.7
2004-12-14,3.0,0.9,0.0
2004-12-15,0.0,0.2,0.0
2004-12-16,0.0,6.3,8.2
2004-12-17,5.0,1.8,0.0
2004-12-18,0.0,3.4,2.4
2004-12-19,0.0,0.0,0.0
2004-12-20,6.0,1.3,0.0
2004-12-22,1.0,0.2,0.0
2004-12-23,0.0,9.5,8.2
2004-12-24,5.0,7.2,4.7
2004-12-25,0.0,0.0,0.0
2004-12-26,0.0,0.9,0.0
2004-12-27,0.0,1.8,0.0
2004-12-28,2.0,0.6,0.0
2004-12-29,0.0,0.4,0.0
2004-12-30,0.0,0.2,0.0
2004-12-31,0.0,0.0,0.0
2005-01-01,0.0,2.5,1.0
2005-01-02,2.0,10.9,12.0
2005-01-03,7.0,0.8,0.0
2005-01-04,0.0,1.3,0.0
2005-01-05,0.0,3.5,2.2
2005-01-06,0.0,84.0,88.7
2005-01-07,50.0,3.9,2.7
2005-01-08,3.0,17.4,24.6
2005-01-09,8.0,15.4,21.2
2005-01-10,8.0,0.4,0.0
2005-01-11,2.0,2.2,0.0
2005-01-12,0.0,12.3,16.2
2005-01-13,126.0,0.2,0.0
2005-01-14,2.0,0.0,0.0
2005-01-15,0.0,1.3,0.0
2005-01-16,5.0,6.7,6.7
2005-01-17,3.0,9.7,12.5
2005-01-18,49.0,3.2,1.1
2005-01-19,2.0,1.3,0.0
2005-01-20,4.0,3.0,1.0
2005-01-21,0.0,88.5,121.8
2005-01-22,86.0,0.1,0.0
2005-01-23,0.0,0.5,0.0
2005-01-24,0.0,11.4,14.9
2005-01-25,2.0,0.0,0.0
2005-01-26,0.0,0.0,0.0
2005-01-27,0.0,0.0,0.0
2005-01-28,31.0,2.1,1.0
2005-01-29,7.0,0.5,0.0
2005-01-31,18.0,7.8,9.2
2005-02-01,9.0,1.5,0.0
2005-02-03,4.0,3.3,2.2
2005-02-04,14.0,8.2,9.8
2005-02-05,0.0,0.9,0.0
2005-02-06,0.0,3.8,3.1
2005-02-07,11.0,1.0,0.0
2005-02-08,0.0,2.0,1.0
2005-02-09,0.0,3.7,3.0
2005-02-10,0.0,4.2,3.6
2005-02-11,1.0,18.3,26.0
2005-02-12,24.0,1.5,1.0
2005-02-13,0.0,0.3,0.0
2005-02-14,0.0,2.8,2.0
2005-02-15,0.0,0.0,0.0
2005-02-16,0.0,0.6,0.0
2005-02-17,0.0,2.0,1.0
2005-02-18,10.0,0.3,0.0
2005-02-19,1.0,0.0,0.0
2005-02-20,0.0,0.6,0.0
2005-02-21,0.0,0.0,0.0
2005-02-22,0.0,0.0,0.0
2005-02-23,0.0,1.1,0.0
2005-02-24,0.0,5.5,8.4
2005-02-25,6.0,0.2,0.0
2005-02-26,2.0,0.5,0.0
2005-02-28,0.0,4.3,5.8
2005-03-01,0.0,16.9,27.0
2005-03-02,30.0,0.2,0.0
2005-03-03,0.0,0.0,0.0
2005-03-04,25.0,0.0,0.0
2005-03-05,0.0,0.5,0.0
2005-03-06,1.0,0.0,0.0
2005-03-07,0.0,0.0,0.0
2005-03-08,0.0,0.0,0.0
2005-03-09,0.0,0.0,0.0
2005-03-11,9.0,0.2,0.0
2005-03-12,0.0,0.0,0.0
2005-03-13,0.0,32.6,66.0
2005-03-14,78.0,6.8,8.0
2005-03-15,7.0,0.2,0.0
2005-03-16,0.0,0.0,0.0
2005-03-17,0.0,0.0,0.0
2005-03-18,0.0,0.0,0.0
2005-03-19,0.0,1.3,1.0
2005-03-20,0.0,2.3,1.4
2005-03-21,55.0,22.1,26.3
2005-03-22,7.0,0.1,0.0
2005-03-23,0.0,23.5,28.6
2005-03-24,7.0,12.1,11.4
2005-03-25,18.0,20.6,24.4
2005-03-26,2.0,7.8,6.7
2005-03-27,28.0,6.5,5.3
2005-03-28,1.0,13.8,13.1
2005-03-29,71.0,5.9,4.5
2005-03-30,11.0,15.2,15.3
2005-03-31,0.0,17.8,18.5
2005-04-01,1.0,23.5,28.9
2005-04-02,3.0,27.1,39.4
2005-04-03,53.0,40.5,69.0
2005-04-04,125.0,10.3,9.6
2005-04-05,22.0,31.8,51.1
2005-04-06,55.0,16.0,16.9
2005-04-07,4.0,1.0,0.0
2005-04-08,0.0,10.0,9.2
2005-04-09,7.0,11.5,11.0
2005-04-11,25.0,7.7,7.0
2005-04-12,0.0,2.9,1.1
2005-04-13,0.0,4.9,3.5
2005-04-14,0.0,2.9,1.1
2005-04-15,0.0,0.4,0.0
2005-04-16,0.0,1.7,0.0
2005-04-17,5.0,0.0,0.0
2005-04-18,2.0,5.8,4.7
2005-04-19,4.0,2.3,1.0
2005-04-20,6.0,0.0,0.0
2005-04-22,1.0,21.0,25.1
2005-04-23,62.0,5.0,2.9
2005-04-25,27.0,2.8,1.0
2005-04-26,0.0,8.6,6.7
2005-04-27,2.0,0.4,0.0
2005-04-28,0.0,8.3,6.3
2005-04-30,3.0,2.2,1.0
2005-05-01,0.0,0.0,0.0
2005-05-02,0.0,0.0,0.0
2005-05-03,0.0,0.9,0.0
2005-05-05,57.0,28.6,37.0
2005-05-06,22.0,63.0,88.3
2005-05-07,69.0,1.5,0.0
2005-05-08,0.0,8.8,6.2
2005-05-09,0.0,40.8,58.6
2005-05-10,5.0,8.9,6.4
2005-05-11,42.0,6.0,3.8
2005-05-13,17.0,21.3,30.6
2005-05-14,22.0,0.1,0.0
2005-05-15,0.0,0.6,0.0
2005-05-16,0.0,0.0,0.0
2005-05-17,4.0,0.0,0.0
2005-05-18,0.0,0.2,0.0
2005-05-19,1.0,0.0,0.0
2005-05-20,2.0,0.0,0.0
2005-05-22,0.0,0.4,0.0
2005-05-23,0.0,0.6,0.0
2005-05-24,0.0,10.0,10.5
2005-05-25,0.0,17.7,23.1
2005-05-27,55.0,40.6,63.8
2005-05-29,0.0,7.6,7.4
2005-05-30,0.0,0.6,0.0
2005-05-31,0.0,0.0,0.0
2005-06-01,0.0,0.0,0.0
2005-06-02,0.0,0.1,0.0
2005-06-03,0.0,1.8,0.0
2005-06-04,1.0,0.4,0.0
2005-06-06,0.0,0.3,0.0
2005-06-07,0.0,0.2,0.0
2005-06-08,0.0,1.8,0.0
2005-06-09,0.0,2.5,1.0
2005-06-10,1.0,1.7,0.0
2005-06-11,0.0,0.0,0.0
2005-06-12,0.0,0.1,0.0
2005-06-13,0.0,1.9,1.0
2005-06-15,3.0,0.2,0.0
2005-06-16,0.0,0.2,0.0
2005-06-17,10.0,5.6,4.0
2005-06-18,4.0,0.0,0.0
2005-06-19,0.0,0.0,0.0
2005-06-20,0.0,0.9,0.0
2005-06-21,4.0,7.0,8.4
2005-06-22,22.0,0.9,1.0
2005-06-24,0.0,1.9,2.0
2005-06-26,0.0,0.1,0.0
2005-06-27,0.0,0.0,0.0
2005-06-28,0.0,0.2,0.0
2005-06-29,0.0,0.5,0.0
2005-06-30,0.0,0.0,0.0
2005-07-02,1.0,16.0,20.5
2005-07-03,20.0,8.0,8.3
2005-07-04,1.0,8.0,8.3
2005-07-06,26.0,3.7,2.8
2005-07-07,0.0,0.4,0.0
2005-07-08,0.0,19.6,25.0
2005-07-09,0.0,1.6,0.0
2005-07-10,0.0,11.8,13.4
2005-07-11,27.0,0.0,0.0
2005-07-12,0.0,16.5,25.9
2005-07-13,9.0,3.7,1.8
2005-07-14,0.0,12.1,12.2
2005-07-15,14.0,1.8,0.0
2005-07-17,1.0,0.5,0.0
2005-07-18,0.0,3.6,1.6
2005-07-19,0.0,0.5,0.0
2005-07-20,0.0,5.6,4.0
2005-07-21,0.0,0.1,0.0
2005-07-22,0.0,3.9,3.4
2005-07-23,20.0,8.6,8.2
2005-07-24,13.0,11.1,10.5
2005-07-25,5.0,4.2,3.7
2005-07-26,3.0,1.6,1.2
2005-07-27,1.0,7.8,7.3
2005-07-28,4.0,5.5,4.9
2005-07-29,1.0,0.3,0.0
2005-08-01,1.0,1.5,1.8
2005-08-02,1.0,3.0,3.4
2005-08-03,6.0,9.6,10.8
2005-08-04,3.0,0.8,0.0
2005-08-05,1.0,1.1,1.4
2005-08-06,0.0,8.9,10.0
2005-08-07,10.0,20.0,18.9
2005-08-08,74.0,0.6,0.0
2005-08-10,4.0,16.8,18.6
2005-08-11,15.0,0.0,0.0
2005-08-12,0.0,0.0,0.0
2005-08-13,0.0,0.0,0.0
2005-08-14,0.0,0.8,0.0
2005-08-15,0.0,7.5,6.6
2005-08-16,3.0,1.0,0.0
2005-08-17,38.0,0.5,0.0
2005-08-18,0.0,0.1,0.0
2005-08-19,0.0,11.9,11.2
2005-08-20,0.0,0.2,0.0
2005-08-21,0.0,7.3,9.1
2005-08-22,0.0,0.1,0.0
2005-08-23,1.0,4.0,4.6
2005-08-24,47.0,2.4,2.4
2005-08-26,40.0,0.3,0.0
2005-08-27,0.0,5.6,6.6
2005-08-28,0.0,4.5,5.2
2005-08-29,48.0,2.7,2.8
2005-08-30,6.0,0.9,1.0
2005-08-31,0.0,0.0,0.0
2005-09-01,0.0,0.1,0.0
2005-09-03,0.0,3.9,5.4
2005-09-04,37.0,0.0,0.0
2005-09-05,2.0,0.3,0.0
2005-09-06,0.0,0.0,0.0
2005-09-07,0.0,0.0,0.0
2005-09-08,0.0,0.0,0.0
2005-09-09,0.0,0.0,0.0
2005-09-10,0.0,0.0,0.0
2005-09-11,25.0,16.6,23.6
2005-09-12,92.0,2.6,2.0
2005-09-13,17.0,0.0,0.0
2005-09-14,7.0,3.2,2.6
2005-09-15,8.0,2.8,2.2
2005-09-16,0.0,0.0,0.0
2005-09-17,0.0,0.0,0.0
2005-09-18,0.0,0.0,0.0
2005-09-19,1.0,0.9,0.0
2005-09-20,7.0,0.0,0.0
2005-09-21,0.0,1.4,1.0
2005-09-22,0.0,0.0,0.0
2005-09-23,0.0,14.2,18.4
2005-09-24,1.0,10.5,13.4
2005-09-25,0.0,0.3,0.0
2005-09-26,1.0,0.0,0.0
2005-09-27,0.0,0.0,0.0
2005-09-28,0.0,0.0,0.0
2005-09-29,0.0,0.4,0.0
2005-09-30,0.0,0.2,0.0
2005-10-02,0.0,1.9,1.0
2005-10-03,27.0,0.3,0.0
2005-10-04,0.0,10.0,9.6
2005-10-05,1.0,0.0,0.0
2005-10-06,0.0,5.6,4.6
2005-10-07,0.0,0.0,0.0
2005-10-08,0.0,0.3,0.0
2005-10-09,0.0,0.0,0.0
2005-10-10,0.0,0.9,0.0
2005-10-12,0.0,25.8,41.2
2005-10-13,7.0,2.5,1.0
2005-10-14,3.0,26.5,42.3
2005-10-15,66.0,26.7,42.4
2005-10-16,9.0,21.4,35.7
2005-10-17,11.0,2.2,0.0
2005-10-18,0.0,6.4,5.4
2005-10-19,0.0,18.0,29.1
2005-10-20,4.0,10.2,10.5
2005-10-21,5.0,4.7,2.0
2005-10-22,0.0,1.5,0.0
2005-10-23,1.0,7.7,5.8
2005-10-24,0.0,4.9,2.2
2005-10-25,1.0,20.7,28.4
2005-10-26,8.0,5.0,2.4
2005-10-27,0.0,0.3,0.0
2005-10-29,2.0,34.4,52.7
2005-10-30,10.0,7.6,5.7
2005-10-31,7.0,2.4,0.0
2005-11-01,0.0,9.8,6.5
2005-11-02,1.0,27.7,39.8
2005-11-03,2.0,0.3,0.0
2005-11-04,0.0,3.6,0.0
2005-11-05,3.0,14.8,13.2
2005-11-06,12.0,3.5,0.0
2005-11-07,0.0,5.9,1.8
2005-11-08,0.0,0.5,0.0
2005-11-09,0.0,0.7,0.0
2005-11-10,0.0,28.9,42.5
2005-11-11,3.0,32.3,40.7
2005-11-12,1.0,20.2,22.7
2005-11-13,15.0,3.9,1.0
2005-11-14,1.0,2.6,0.0
2005-11-15,2.0,0.1,0.0
2005-11-16,0.0,7.5,5.0
2005-11-17,6.0,3.1,0.0
2005-11-18,34.0,1.6,0.0
2005-11-19,0.0,0.0,0.0
2005-11-20,0.0,0.6,0.0
2005-11-21,15.0,1.8,0.0
2005-11-22,0.0,0.0,0.0
2005-11-23,0.0,2.8,0.0
2005-11-24,2.0,24.8,41.4
2005-11-25,5.0,30.3,49.0
2005-11-26,0.0,50.7,60.6
2005-11-27,11.0,4.9,2.3
2005-11-28,8.0,0.8,0.0
2005-11-29,0.0,4.6,2.0
2005-12-01,30.0,4.8,1.1
2005-12-02,0.0,10.8,10.1
2005-12-03,15.0,6.4,3.3
2005-12-04,23.0,10.8,10.1
2005-12-06,0.0,7.2,4.4
2005-12-08,19.0,0.5,0.0
2005-12-09,0.0,1.3,0.0
2005-12-10,11.0,0.9,0.0
2005-12-11,1.0,6.2,8.0
2005-12-12,8.0,2.2,1.0
2005-12-13,28.0,5.4,6.4
2005-12-14,7.0,3.5,2.5
2005-12-15,13.0,22.5,56.3
2005-12-16,110.0,5.4,6.4
2005-12-19,0.0,5.4,6.4
2005-12-20,0.0,1.9,0.0
2005-12-21,0.0,3.2,0.0
2005-12-22,0.0,11.4,11.1
2005-12-23,2.0,5.5,2.2
2005-12-24,2.0,0.4,0.0
2005-12-25,0.0,0.4,0.0
2005-12-26,0.0,12.1,12.5
2005-12-27,36.0,8.3,6.4
2005-12-30,1.0,3.5,0.0
2005-12-31,0.0,2.6,0.0
2006-01-01,1.0,0.2,0.0
2006-01-02,0.0,4.7,3.8
2006-01-03,1.0,0.3,0.0
2006-01-04,0.0,10.2,11.1
2006-01-05,5.0,7.3,7.2
2006-01-06,11.0,6.1,5.6
2006-01-07,8.0,1.8,0.0
2006-01-08,0.0,4.7,3.7
2006-01-09,1.0,1.1,0.0
2006-01-10,0.0,4.2,3.1
2006-01-11,3.0,0.0,0.0
2006-01-12,0.0,3.7,1.7
2006-01-13,0.0,4.7,3.3
2006-01-14,10.0,0.9,0.0
2006-01-15,2.0,21.7,42.8
2006-01-16,28.0,1.3,0.0
2006-01-17,1.0,6.1,5.6
2006-01-18,29.0,3.2,1.0
2006-01-19,0.0,0.5,0.0
2006-01-20,0.0,2.6,1.0
2006-01-21,0.0,7.0,8.1
2006-01-22,0.0,0.4,0.0
2006-01-23,0.0,2.9,1.9
2006-01-24,0.0,4.8,4.6
2006-01-25,0.0,3.5,2.8
2006-01-26,1.0,0.9,0.0
2006-01-27,1.0,0.6,0.0
2006-01-28,0.0,0.1,0.0
2006-01-29,0.0,0.1,0.0
2006-01-30,0.0,0.9,0.0
2006-01-31,11.0,6.6,7.5
2006-02-01,7.0,1.4,0.0
2006-02-02,54.0,2.3,1.0
2006-02-03,1.0,3.2,2.2
2006-02-05,13.0,0.2,0.0
2006-02-06,0.0,8.1,9.6
2006-02-07,4.0,61.4,63.5
2006-02-08,60.0,1.1,0.0
2006-02-09,0.0,3.7,2.9
2006-02-10,1.0,39.6,58.9
2006-02-11,31.0,1.4,1.0
2006-02-12,0.0,2.4,1.5
2006-02-13,0.0,1.2,0.0
2006-02-14,0.0,0.0,0.0
2006-02-15,6.0,9.2,11.2
2006-02-16,9.0,24.3,37.8
2006-02-17,16.0,21.4,32.8
2006-02-18,54.0,1.9,1.0
2006-02-19,0.0,0.6,0.0
2006-02-20,0.0,0.3,0.0
2006-02-21,3.0,0.0,0.0
2006-02-22,0.0,0.5,0.0
2006-02-23,0.0,2.4,2.1
2006-02-24,0.0,0.3,0.0
2006-02-25,0.0,0.0,0.0
2006-02-26,0.0,2.2,1.6
2006-02-27,4.0,26.2,69.2
2006-02-28,26.0,18.8,53.4
2006-03-01,61.0,25.9,42.2
2006-03-02,8.0,4.1,4.1
2006-03-04,0.0,0.1,0.0
2006-03-05,0.0,0.0,0.0
2006-03-06,0.0,0.0,0.0
2006-03-07,2.0,0.1,0.0
2006-03-09,22.0,0.8,0.0
2006-03-10,1.0,0.0,0.0
2006-03-11,0.0,1.3,1.0
2006-03-12,0.0,0.3,0.0
2006-03-13,0.0,2.1,1.1
2006-03-14,0.0,11.0,14.7
2006-03-15,20.0,3.6,3.2
2006-03-17,0.0,19.9,31.4
2006-03-18,60.0,26.6,48.4
2006-03-19,2.0,0.1,0.0
2006-03-20,0.0,0.4,0.0
2006-03-21,0.0,2.9,1.1
2006-03-22,0.0,2.2,1.0
2006-03-23,0.0,0.0,0.0
2006-03-24,0.0,2.0,0.0
2006-03-25,7.0,9.1,8.1
2006-03-27,2.0,30.0,37.0
2006-03-28,17.0,14.9,14.4
2006-03-29,25.0,40.0,49.0
2006-03-30,4.0,1.5,0.0
2006-03-31,0.0,8.8,7.7
2006-04-01,6.0,14.6,14.8
2006-04-02,0.0,1.6,1.0
2006-04-03,1.0,16.3,16.7
2006-04-04,1.0,0.0,0.0
2006-04-05,0.0,25.5,34.4
2006-04-06,6.0,0.2,0.0
2006-04-07,0.0,12.3,12.1
2006-04-09,0.0,1.6,1.0
2006-04-10,2.0,2.5,1.0
2006-04-11,0.0,0.3,0.0
2006-04-12,0.0,28.3,41.2
2006-04-13,65.0,6.7,5.8
2006-04-14,29.0,6.3,5.2
2006-04-15,51.0,17.5,22.6
2006-04-16,40.0,6.4,5.4
2006-04-17,12.0,0.0,0.0
2006-04-18,0.0,0.0,0.0
2006-04-19,0.0,0.3,0.0
2006-04-20,20.0,2.3,1.0
2006-04-21,4.0,4.4,2.3
2006-04-22,10.0,19.3,18.7
2006-04-23,9.0,7.5,5.5
2006-04-24,0.0,6.3,4.3
2006-04-25,0.0,9.0,7.1
2006-04-26,6.0,20.1,19.1
2006-04-27,6.0,1.4,0.0
2006-04-28,0.0,14.5,13.1
2006-04-29,2.0,1.5,0.0
2006-04-30,0.0,0.3,0.0
2006-05-01,0.0,0.0,0.0
2006-05-02,0.0,0.1,0.0
2006-05-03,0.0,5.5,2.7
2006-05-04,3.0,1.0,0.0
2006-05-05,0.0,5.2,2.4
2006-05-06,0.0,42.8,61.5
2006-05-07,5.0,10.3,7.9
2006-05-08,0.0,0.3,0.0
2006-05-09,0.0,0.2,0.0
2006-05-10,0.0,38.6,54.7
2006-05-12,0.0,16.1,19.8
2006-05-13,16.0,6.4,4.4
2006-05-14,0.0,3.3,1.0
2006-05-15,0.0,8.1,6.9
2006-05-16,5.0,0.0,0.0
2006-05-17,28.0,5.7,3.4
2006-05-18,0.0,1.1,0.0
2006-05-19,0.0,10.2,10.2
2006-05-20,2.0,0.4,0.0
2006-05-21,0.0,19.5,26.6
2006-05-22,82.0,0.4,0.0
2006-05-23,0.0,11.2,12.1
2006-05-24,0.0,5.9,5.3
2006-05-25,0.0,19.0,26.0
2006-05-26,6.0,0.3,0.0
2006-05-27,0.0,3.3,2.3
2006-05-28,0.0,1.4,1.0
2006-05-29,30.0,1.1,1.0
2006-05-30,0.0,6.0,5.5
2006-05-31,1.0,18.2,24.1
2006-06-01,2.0,0.0,0.0
2006-06-02,0.0,14.3,21.3
2006-06-03,29.0,0.1,0.0
2006-06-04,0.0,24.5,41.9
2006-06-05,12.0,7.8,8.2
2006-06-06,1.0,0.3,0.0
2006-06-07,4.0,7.6,7.8
2006-06-08,5.0,5.6,4.8
2006-06-09,0.0,9.9,11.3
2006-06-12,4.0,5.0,3.4
2006-06-13,0.0,5.8,4.3
2006-06-15,0.0,22.5,33.0
2006-06-16,100.0,36.3,56.7
2006-06-17,3.0,11.1,11.1
2006-06-19,0.0,3.2,1.3
2006-06-20,0.0,9.9,9.4
2006-06-22,3.0,0.7,0.0
2006-06-23,0.0,3.2,3.6
2006-06-24,0.0,4.9,5.7
2006-06-26,0.0,26.1,32.5
2006-06-27,2.0,0.1,0.0
2006-06-28,0.0,4.6,5.4
2006-06-29,6.0,0.0,0.0
2006-06-30,1.0,1.8,1.8
2006-07-01,0.0,0.0,0.0
2006-07-02,0.0,0.0,0.0
2006-07-04,0.0,0.0,0.0
2006-07-05,0.0,0.0,0.0
2006-07-06,37.0,0.0,0.0
2006-07-07,6.0,7.0,7.0
2006-07-08,2.0,0.0,0.0
2006-07-09,0.0,0.0,0.0
2006-07-10,0.0,0.0,0.0
2006-07-11,2.0,0.0,0.0
2006-07-12,0.0,1.2,0.0
2006-07-13,0.0,1.0,0.0
2006-07-15,5.0,17.1,27.1
2006-07-16,2.0,30.6,49.4
2006-07-17,3.0,0.0,0.0
2006-07-18,0.0,0.7,0.0
2006-07-21,5.0,0.0,0.0
2006-07-23,0.0,1.1,1.0
2006-07-24,0.0,0.7,0.0
2006-07-25,0.0,3.5,3.0
2006-07-26,0.0,2.0,1.6
2006-07-27,0.0,0.0,0.0
2006-07-28,0.0,4.9,4.3
2006-07-29,4.0,0.1,0.0
2006-07-30,0.0,0.0,0.0
2006-07-31,0.0,0.0,0.0
2006-08-01,0.0,0.0,0.0
2006-08-02,0.0,0.9,0.0
2006-08-03,0.0,0.1,0.0
2006-08-04,0.0,0.1,0.0
2006-08-05,0.0,0.0,0.0
2006-08-06,0.0,0.1,0.0
2006-08-07,0.0,0.0,0.0
2006-08-08,0.0,5.2,5.8
2006-08-09,1.0,1.9,2.2
2006-08-11,20.0,0.0,0.0
2006-08-12,0.0,0.0,0.0
2006-08-13,0.0,0.0,0.0
2006-08-14,0.0,0.0,0.0
2006-08-15,0.0,0.0,0.0
2006-08-16,0.0,0.0,0.0
2006-08-17,2.0,0.0,0.0
2006-08-18,0.0,0.0,0.0
2006-08-19,0.0,0.0,0.0
2006-08-20,0.0,0.0,0.0
2006-08-21,0.0,0.0,0.0
2006-08-22,0.0,0.0,0.0
2006-08-23,0.0,0.0,0.0
2006-08-25,0.0,0.8,0.0
2006-08-27,13.0,0.0,0.0
2006-08-28,3.0,5.6,6.7
2006-08-29,30.0,0.0,0.0
2006-08-30,0.0,0.0,0.0
2006-08-31,0.0,0.0,0.0
2006-09-01,0.0,0.0,0.0
2006-09-02,0.0,0.0,0.0
2006-09-03,0.0,0.0,0.0
2006-09-04,0.0,0.1,0.0
2006-09-05,0.0,0.0,0.0
2006-09-06,0.0,0.0,0.0
2006-09-07,0.0,0.0,0.0
2006-09-08,0.0,0.0,0.0
2006-09-09,0.0,0.0,0.0
2006-09-10,0.0,0.0,0.0
2006-09-11,0.0,0.1,0.0
2006-09-12,0.0,1.4,1.0
2006-09-13,0.0,9.3,10.1
2006-09-14,1.0,2.2,1.4
2006-09-15,6.0,0.0,0.0
2006-09-17,0.0,0.0,0.0
2006-09-18,0.0,0.0,0.0
2006-09-19,0.0,0.8,0.0
2006-09-20,0.0,21.2,33.7
2006-09-21,58.0,23.4,38.9
2006-09-22,40.0,1.2,1.0
2006-09-23,0.0,1.3,1.0
2006-09-24,12.0,0.0,0.0
2006-09-25,0.0,0.1,0.0
2006-09-26,7.0,0.0,0.0
2006-09-27,0.0,4.4,4.6
2006-09-28,26.0,0.0,0.0
2006-09-29,1.0,0.0,0.0
2006-09-30,0.0,0.0,0.0
2006-10-01,21.0,0.0,0.0
2006-10-02,1.0,0.0,0.0
2006-10-03,0.0,0.0,0.0
2006-10-04,0.0,0.0,0.0
2006-10-05,0.0,0.0,0.0
2006-10-06,0.0,0.0,0.0
2006-10-07,0.0,0.0,0.0
2006-10-08,0.0,3.0,1.6
2006-10-09,0.0,1.7,1.0
2006-10-10,0.0,0.0,0.0
2006-10-11,0.0,0.0,0.0
2006-10-12,0.0,0.6,0.0
2006-10-13,0.0,1.1,0.0
2006-10-14,0.0,0.8,0.0
2006-10-15,1.0,0.0,0.0
2006-10-16,0.0,0.4,0.0
2006-10-17,9.0,0.0,0.0
2006-10-18,29.0,0.0,0.0
2006-10-19,1.0,0.0,0.0
2006-10-20,32.0,0.0,0.0
2006-10-21,0.0,0.0,0.0
2006-10-22,0.0,0.0,0.0
2006-10-23,0.0,0.0,0.0
2006-10-24,0.0,0.0,0.0
2006-10-25,2.0,0.0,0.0
2006-10-26,0.0,2.9,1.0
2006-10-27,0.0,0.4,0.0
2006-10-28,1.0,0.2,0.0
2006-10-29,47.0,0.0,0.0
2006-10-30,1.0,20.5,27.4
2006-10-31,1.0,0.6,0.0
2006-11-01,2.0,0.2,0.0
2006-11-02,0.0,0.5,0.0
2006-11-03,0.0,0.0,0.0
2006-11-04,0.0,0.0,0.0
2006-11-05,0.0,0.0,0.0
2006-11-06,0.0,3.3,0.0
2006-11-07,2.0,0.0,0.0
2006-11-08,0.0,0.3,0.0
2006-11-09,0.0,0.0,0.0
2006-11-10,0.0,0.0,0.0
2006-11-11,0.0,0.0,0.0
2006-11-12,0.0,3.2,0.0
2006-11-13,1.0,0.0,0.0
2006-11-14,0.0,0.0,0.0
2006-11-15,0.0,0.0,0.0
2006-11-16,0.0,2.2,0.0
2006-11-17,1.0,8.0,5.5
2006-11-18,5.0,4.2,1.0
2006-11-19,0.0,0.1,0.0
2006-11-20,10.0,1.4,0.0
2006-11-21,5.0,8.2,6.6
2006-11-22,3.0,21.3,35.4
2006-11-23,1.0,23.5,40.4
2006-11-24,52.0,1.8,0.0
2006-11-25,0.0,0.1,0.0
2006-11-26,0.0,3.8,1.1
2006-11-27,0.0,22.7,38.2
2006-11-28,46.0,0.2,0.0
2006-11-29,16.0,10.4,9.4
2006-11-30,4.0,0.3,0.0
2006-12-01,0.0,13.1,14.0
2006-12-02,0.0,12.8,13.4
2006-12-03,0.0,13.3,14.3
2006-12-04,2.0,4.8,1.1
2006-12-05,1.0,3.2,0.0
2006-12-06,0.0,0.0,0.0
2006-12-07,0.0,0.0,0.0
2006-12-08,0.0,5.5,2.0
2006-12-09,0.0,2.3,0.0
2006-12-10,1.0,16.5,24.2
2006-12-11,22.0,1.5,0.0
2006-12-13,0.0,0.9,0.0
2006-12-15,0.0,6.5,8.5
2006-12-16,26.0,0.3,0.0
2006-12-17,0.0,5.4,6.5
2006-12-18,0.0,1.0,0.0
2006-12-19,0.0,6.9,9.4
2006-12-20,14.0,0.0,0.0
2006-12-21,0.0,2.1,0.0
2006-12-22,0.0,45.1,74.2
2006-12-23,7.0,5.3,1.9
2006-12-25,2.0,0.8,0.0
2006-12-26,0.0,7.7,5.4
2006-12-27,1.0,8.8,7.1
2006-12-28,3.0,4.8,1.2
2006-12-29,0.0,3.5,0.0
2006-12-30,1.0,25.6,48.0
2006-12-31,22.0,32.9,63.4
2007-01-01,1.0,8.7,9.4
2007-01-04,1.0,4.2,3.1
2007-01-05,1.0,3.0,1.5
2007-01-06,1.0,11.0,12.5
2007-01-08,0.0,0.2,0.0
2007-01-09,0.0,1.3,0.0
2007-01-10,0.0,1.5,0.0
2007-01-11,0.0,2.4,0.0
2007-01-12,0.0,8.4,9.6
2007-01-13,0.0,0.0,0.0
2007-01-14,0.0,2.1,0.0
2007-01-15,0.0,7.4,7.9
2007-01-16,0.0,0.3,0.0
2007-01-17,1.0,0.1,0.0
2007-01-18,0.0,2.5,1.0
2007-01-19,2.0,4.3,2.8
2007-01-20,0.0,0.2,0.0
2007-01-21,0.0,6.6,7.4
2007-01-22,0.0,0.1,0.0
2007-01-23,7.0,15.6,25.6
2007-01-24,62.0,3.3,2.5
2007-01-25,1.0,0.0,0.0
2007-01-26,0.0,8.0,9.6
2007-01-27,1.0,7.5,8.8
2007-01-28,7.0,1.7,1.0
2007-01-29,5.0,4.5,4.2
2007-01-30,1.0,3.4,2.6
2007-01-31,1.0,3.3,2.6
2007-02-01,28.0,2.7,1.5
2007-02-02,2.0,2.9,1.7
2007-02-03,3.0,3.4,2.4
2007-02-04,0.0,0.4,0.0
2007-02-05,35.0,0.0,0.0
2007-02-06,0.0,3.1,2.0
2007-02-07,30.0,32.6,55.3
2007-02-08,75.0,10.1,13.1
2007-02-09,4.0,0.0,0.0
2007-02-10,9.0,16.5,31.5
2007-02-11,5.0,10.6,13.1
2007-02-12,3.0,0.1,0.0
2007-02-13,1.0,5.9,6.5
2007-02-14,2.0,0.1,0.0
2007-02-15,0.0,1.0,0.0
2007-02-16,0.0,2.8,2.1
2007-02-17,14.0,1.2,0.0
2007-02-18,11.0,15.0,19.3
2007-02-19,5.0,3.3,2.7
2007-02-20,0.0,1.0,0.0
2007-02-21,0.0,0.4,0.0
2007-02-22,0.0,0.0,0.0
2007-02-23,0.0,6.3,10.2
2007-02-24,23.0,1.6,1.0
2007-02-25,30.0,10.4,25.2
2007-02-26,11.0,0.5,0.0
2007-02-27,4.0,0.0,0.0
2007-03-01,0.0,0.0,0.0
2007-03-02,0.0,0.6,0.0
2007-03-03,0.0,0.0,0.0
2007-03-04,0.0,0.4,0.0
2007-03-05,0.0,0.0,0.0
2007-03-06,6.0,2.4,1.9
2007-03-07,5.0,0.0,0.0
2007-03-08,0.0,0.0,0.0
2007-03-09,0.0,1.6,1.0
2007-03-10,29.0,13.9,18.1
2007-03-11,1.0,33.1,67.5
2007-03-12,6.0,0.0,0.0
2007-03-13,9.0,6.5,7.7
2007-03-15,0.0,4.0,3.8
2007-03-16,1.0,1.0,0.0
2007-03-17,11.0,13.4,18.4
2007-03-19,20.0,9.3,12.0
2007-03-20,0.0,2.2,1.3
2007-03-21,0.0,5.2,3.8
2007-03-22,25.0,0.0,0.0
2007-03-24,14.0,164.9,83.0
2007-03-25,130.0,2.6,1.0
2007-03-27,0.0,6.3,5.0
2007-03-28,1.0,0.8,0.0
2007-03-29,3.0,2.1,1.0
2007-03-30,0.0,14.8,14.2
2007-03-31,1.0,7.5,6.3
2007-04-02,33.0,20.0,22.2
2007-04-03,14.0,37.4,62.0
2007-04-04,65.0,53.1,87.5
2007-04-05,22.0,7.9,6.8
2007-04-07,0.0,5.0,3.4
2007-04-08,1.0,4.9,3.3
2007-04-09,1.0,0.7,0.0
2007-04-10,8.0,2.1,1.0
2007-04-11,0.0,4.7,3.3
2007-04-12,39.0,2.0,1.0
2007-04-13,0.0,0.0,0.0
2007-04-14,0.0,2.6,1.0
2007-04-15,0.0,21.8,30.3
2007-04-16,4.0,3.8,2.2
2007-04-17,1.0,6.3,5.3
2007-04-18,0.0,2.9,1.1
2007-04-19,1.0,1.1,0.0
2007-04-20,46.0,1.0,0.0
2007-04-21,1.0,6.6,4.5
2007-04-22,0.0,7.8,5.8
2007-04-23,1.0,9.4,7.5
2007-04-24,17.0,13.1,11.6
2007-04-25,2.0,16.7,15.5
2007-04-26,60.0,8.8,6.9
2007-04-27,2.0,1.3,0.0
2007-04-28,8.0,13.3,11.8
2007-04-29,22.0,1.9,0.0
2007-04-30,5.0,6.8,4.7
2007-05-01,5.0,4.1,1.3
2007-05-02,5.0,0.7,0.0
2007-05-03,0.0,11.1,8.9
2007-05-04,31.0,4.8,2.0
2007-05-05,25.0,18.1,17.3
2007-05-06,3.0,64.3,90.2
2007-05-07,12.0,1.9,0.0
2007-05-08,0.0,8.6,6.0
2007-05-09,40.0,0.2,0.0
2007-05-10,0.0,18.4,17.5
2007-05-11,42.0,6.6,4.7
2007-05-12,14.0,5.9,3.7
2007-05-13,0.0,5.6,3.3
2007-05-14,1.0,3.7,1.0
2007-05-15,5.0,19.5,26.4
2007-05-16,30.0,0.7,0.0
2007-05-17,0.0,7.1,5.4
2007-05-18,60.0,7.3,5.6
2007-05-19,5.0,0.0,0.0
2007-05-20,4.0,2.2,0.0
2007-05-21,0.0,0.0,0.0
2007-05-23,0.0,0.0,0.0
2007-05-24,0.0,0.0,0.0
2007-05-25,0.0,0.1,0.0
2007-05-26,0.0,8.6,8.7
2007-05-27,0.0,0.7,0.0
2007-05-28,0.0,1.6,1.0
2007-05-29,0.0,4.7,3.8
2007-05-30,12.0,13.8,15.8
2007-05-31,1.0,9.8,10.3
2007-06-03,0.0,8.3,8.9
2007-06-04,0.0,13.4,17.1
2007-06-05,1.0,18.5,30.8
2007-06-06,27.0,10.6,12.5
2007-06-07,8.0,15.7,24.7
2007-06-08,13.0,1.0,0.0
2007-06-09,2.0,2.0,0.0
2007-06-10,0.0,9.5,10.9
2007-06-11,48.0,115.7,85.2
2007-06-12,30.0,6.2,4.8
2007-06-13,1.0,6.8,5.5
2007-06-14,40.0,16.2,18.5
2007-06-15,13.0,21.0,29.4
2007-06-16,27.0,10.0,9.6
2007-06-17,13.0,8.5,7.6
2007-06-18,3.0,19.8,26.8
2007-06-19,22.0,6.8,5.5
2007-06-20,1.0,8.1,7.1
2007-06-21,2.0,37.9,49.3
2007-06-22,14.0,0.0,0.0
2007-06-23,0.0,0.8,0.0
2007-06-24,46.0,3.3,3.7
2007-06-25,35.0,1.2,1.0
2007-06-26,1.0,5.4,6.3
2007-06-27,4.0,30.9,39.7
2007-06-28,46.0,13.9,17.4
2007-06-29,1.0,25.1,31.4
2007-06-30,35.0,0.0,0.0
2007-07-01,0.0,1.3,0.0
2007-07-02,0.0,18.1,22.9
2007-07-03,14.0,10.2,11.2
2007-07-04,40.0,6.0,5.8
2007-07-05,2.0,0.3,0.0
2007-07-06,1.0,8.9,9.6
2007-07-07,0.0,1.0,0.0
2007-07-08,12.0,0.0,0.0
2007-07-09,1.0,0.0,0.0
2007-07-10,0.0,1.3,0.0
2007-07-11,9.0,0.2,0.0
2007-07-12,1.0,1.6,0.0
2007-07-13,4.0,3.4,1.5
2007-07-14,3.0,0.1,0.0
2007-07-15,0.0,28.5,46.6
2007-07-16,4.0,0.6,0.0
2007-07-17,0.0,12.3,12.8
2007-07-18,7.0,0.3,0.0
2007-07-19,1.0,1.2,0.0
2007-07-21,28.0,6.2,5.7
2007-07-22,6.0,50.2,50.3
2007-07-23,8.0,12.7,12.2
2007-07-24,3.0,7.1,6.7
2007-07-25,2.0,7.8,7.4
2007-07-26,1.0,29.0,37.3
2007-07-27,0.0,0.7,0.0
2007-07-28,0.0,2.6,2.1
2007-07-29,0.0,0.2,0.0
2007-07-30,0.0,0.0,0.0
2007-07-31,0.0,0.0,0.0
2007-08-01,0.0,1.2,1.4
2007-08-02,6.0,25.7,28.5
2007-08-03,12.0,9.8,10.8
2007-08-04,16.0,10.7,11.8
2007-08-05,73.0,0.1,0.0
2007-08-06,0.0,0.0,0.0
2007-08-07,0.0,0.0,0.0
2007-08-08,31.0,0.2,0.0
2007-08-10,3.0,0.0,0.0
2007-08-11,0.0,7.2,6.8
2007-08-12,14.0,7.5,6.6
2007-08-14,0.0,5.9,4.9
2007-08-15,13.0,0.0,0.0
2007-08-16,0.0,0.3,0.0
2007-08-17,0.0,0.0,0.0
2007-08-18,0.0,50.3,59.8
2007-08-19,15.0,18.7,20.5
2007-08-20,4.0,4.5,3.4
2007-08-21,7.0,0.1,0.0
2007-08-22,0.0,13.4,20.7
2007-08-23,4.0,0.8,0.0
2007-08-24,0.0,2.8,2.9
2007-08-25,3.0,2.7,2.9
2007-08-26,1.0,1.4,1.1
2007-08-27,3.0,0.0,0.0
2007-08-28,0.0,1.7,1.5
2007-08-29,2.0,0.3,0.0
2007-08-30,0.0,0.3,0.0
2007-08-31,0.0,0.2,0.0
2007-09-01,0.0,2.8,3.9
2007-09-02,0.0,0.7,0.0
2007-09-03,0.0,3.5,4.9
2007-09-04,9.0,25.9,37.0
2007-09-05,30.0,5.3,7.6
2007-09-06,3.0,0.4,0.0
2007-09-07,0.0,0.4,0.0
2007-09-08,0.0,0.0,0.0
2007-09-09,0.0,0.2,0.0
2007-09-10,8.0,9.6,12.5
2007-09-11,1.0,4.4,4.0
2007-09-12,8.0,1.3,1.0
2007-09-13,7.0,0.0,0.0
2007-09-14,0.0,0.4,0.0
2007-09-15,0.0,0.0,0.0
2007-09-16,0.0,0.2,0.0
2007-09-17,0.0,0.0,0.0
2007-09-18,0.0,0.0,0.0
2007-09-19,0.0,0.0,0.0
2007-09-20,0.0,0.2,0.0
2007-09-21,0.0,0.3,0.0
2007-09-22,0.0,11.3,14.2
2007-09-23,90.0,0.0,0.0
2007-09-24,0.0,2.0,1.4
2007-09-25,27.0,0.0,0.0
2007-09-26,0.0,0.0,0.0
2007-09-27,0.0,0.3,0.0
2007-09-28,0.0,0.0,0.0
2007-09-29,0.0,0.0,0.0
2007-09-30,0.0,0.0,0.0
2007-10-01,0.0,0.0,0.0
2007-10-02,0.0,0.0,0.0
2007-10-03,0.0,0.0,0.0
2007-10-04,0.0,0.1,0.0
2007-10-05,0.0,3.3,2.0
2007-10-06,5.0,2.4,1.0
2007-10-07,2.0,1.0,0.0
2007-10-08,1.0,0.4,0.0
2007-10-09,0.0,22.3,29.1
2007-10-10,30.0,0.0,0.0
2007-10-11,0.0,0.0,0.0
2007-10-12,0.0,0.0,0.0
2007-10-13,0.0,6.6,5.6
2007-10-14,2.0,0.0,0.0
2007-10-15,0.0,5.0,3.5
2007-10-16,1.0,89.5,56.6
2007-10-17,2.0,10.5,10.9
2007-10-18,1.0,11.9,13.0
2007-10-19,25.0,0.0,0.0
2007-10-20,0.0,11.3,11.7
2007-10-21,2.0,6.8,4.6
2007-10-22,25.0,13.7,14.0
2007-10-23,20.0,15.5,16.5
2007-10-24,44.0,0.9,0.0
2007-10-25,0.0,0.0,0.0
2007-10-26,0.0,0.5,0.0
2007-10-27,0.0,0.4,0.0
2007-10-28,0.0,17.9,20.2
2007-10-29,8.0,16.8,18.5
2007-10-30,29.0,3.0,1.0
2007-10-31,0.0,0.0,0.0
2007-11-01,0.0,0.9,0.0
2007-11-02,0.0,5.9,1.8
2007-11-03,6.0,5.6,1.5
2007-11-04,0.0,5.9,1.8
2007-11-05,1.0,6.2,2.2
2007-11-06,0.0,0.0,0.0
2007-11-07,0.0,20.6,23.0
2007-11-08,1.0,0.1,0.0
2007-11-09,1.0,47.2,78.2
2007-11-10,44.0,10.2,7.0
2007-11-11,3.0,0.2,0.0
2007-11-12,0.0,6.7,4.0
2007-11-13,1.0,17.6,16.9
2007-11-15,1.0,7.2,4.6
2007-11-18,5.0,0.0,0.0
2007-11-20,0.0,0.8,0.0
2007-11-22,0.0,0.0,0.0
2007-11-23,0.0,1.7,0.0
2007-11-24,0.0,11.4,10.9
2007-11-25,0.0,5.7,3.4
2007-11-26,18.0,21.8,35.9
2007-11-27,5.0,45.8,59.2
2007-11-28,5.0,6.8,4.8
2007-11-29,3.0,2.6,0.0
2007-12-01,10.0,0.9,0.0
2007-12-02,0.0,0.0,0.0
2007-12-03,0.0,0.0,0.0
2007-12-04,0.0,0.0,0.0
2007-12-05,0.0,2.3,0.0
2007-12-06,4.0,1.0,0.0
2007-12-08,0.0,1.0,0.0
2007-12-09,0.0,11.6,11.5
2007-12-10,43.0,1.0,0.0
2007-12-11,9.0,1.2,0.0
2007-12-12,2.0,0.1,0.0
2007-12-13,0.0,0.0,0.0
2007-12-14,12.0,7.3,10.2
2007-12-15,22.0,13.6,29.7
2007-12-16,2.0,16.0,37.6
2007-12-17,50.0,24.5,61.3
2007-12-18,46.0,5.3,6.2
2007-12-19,1.0,11.6,25.0
2007-12-20,59.0,15.6,36.4
2007-12-21,38.0,16.0,26.6
2007-12-22,3.0,8.4,6.6
2007-12-23,32.0,2.5,0.0
2007-12-24,0.0,2.4,0.0
2007-12-25,0.0,0.5,0.0
2007-12-26,0.0,2.2,0.0
2007-12-27,0.0,0.3,0.0
2007-12-28,0.0,1.0,0.0
2007-12-29,0.0,0.2,0.0
2008-01-03,0.0,5.3,4.5
2008-01-04,3.0,5.6,5.0
2008-01-05,0.0,17.7,25.1
2008-01-06,1.0,0.0,0.0
2008-01-07,0.0,2.5,1.0
2008-01-08,0.0,18.1,25.8
2008-01-09,0.0,1.7,0.0
2008-01-10,0.0,5.0,4.1
2008-01-11,0.0,0.0,0.0
2008-01-12,0.0,0.0,0.0
2008-01-13,0.0,15.3,25.3
2008-01-14,0.0,0.5,0.0
2008-01-15,0.0,0.0,0.0
2008-01-16,0.0,0.4,0.0
2008-01-17,0.0,0.2,0.0
2008-01-18,0.0,1.3,0.0
2008-01-19,0.0,0.4,0.0
2008-01-20,0.0,0.7,0.0
2008-01-21,1.0,6.5,7.2
2008-01-22,1.0,0.9,0.0
2008-01-23,4.0,0.4,0.0
2008-01-24,1.0,0.0,0.0
2008-01-25,0.0,0.0,0.0
2008-01-26,0.0,98.3,122.1
2008-01-27,11.0,21.2,38.5
2008-01-28,1.0,0.0,0.0
2008-01-29,0.0,0.6,0.0
2008-01-30,0.0,8.8,10.9
2008-01-31,3.0,9.3,11.9
2008-02-02,4.0,5.4,5.5
2008-02-03,6.0,16.3,31.1
2008-02-04,7.0,17.7,34.5
2008-02-05,6.0,21.6,42.8
2008-02-06,33.0,0.0,0.0
2008-02-07,0.0,0.9,0.0
2008-02-08,0.0,5.0,4.9
2008-02-09,1.0,1.0,0.0
2008-02-10,0.0,0.2,0.0
2008-02-12,6.0,0.7,0.0
2008-02-13,0.0,0.0,0.0
2008-02-14,1.0,0.0,0.0
2008-02-15,0.0,1.0,0.0
2008-02-16,0.0,0.2,0.0
2008-02-17,0.0,2.1,1.0
2008-02-18,0.0,1.4,1.0
2008-02-19,0.0,2.3,1.4
2008-02-20,0.0,18.4,25.9
2008-02-21,1.0,9.1,15.3
2008-02-22,1.0,9.5,20.1
2008-02-23,0.0,1.4,1.0
2008-02-24,0.0,2.7,2.6
2008-02-25,3.0,3.1,3.5
2008-02-26,0.0,1.6,1.0
2008-02-27,0.0,10.8,26.0
2008-02-28,121.0,5.8,8.8
2008-02-29,2.0,0.2,0.0
2008-03-01,17.0,21.0,34.0
2008-03-02,16.0,2.6,2.2
2008-03-03,0.0,1.6,1.0
2008-03-04,0.0,2.1,1.5
2008-03-05,0.0,0.2,0.0
2008-03-06,1.0,4.6,4.9
2008-03-08,0.0,5.2,5.8
2008-03-09,0.0,0.2,0.0
2008-03-10,0.0,8.9,11.0
2008-03-11,17.0,17.2,25.3
2008-03-12,4.0,1.2,0.0
2008-03-13,27.0,5.2,5.6
2008-03-14,0.0,0.9,0.0
2008-03-15,4.0,2.0,1.0
2008-03-16,11.0,0.0,0.0
2008-03-17,0.0,0.0,0.0
2008-03-18,0.0,0.0,0.0
2008-03-19,0.0,4.1,4.0
2008-03-20,5.0,0.4,0.0
2008-03-21,1.0,0.0,0.0
2008-03-22,0.0,2.7,1.0
2008-03-23,0.0,4.2,2.6
2008-03-24,0.0,84.9,83.2
2008-03-25,34.0,4.6,3.1
2008-03-27,1.0,4.1,2.5
2008-03-28,1.0,16.9,16.0
2008-03-29,0.0,6.1,4.8
2008-03-30,1.0,40.1,50.5
2008-03-31,93.0,1.1,0.0
2008-04-01,0.0,12.8,12.6
2008-04-02,9.0,0.7,0.0
2008-04-04,3.0,6.0,4.6
2008-04-05,7.0,0.2,0.0
2008-04-06,0.0,0.7,0.0
2008-04-07,58.0,9.3,8.4
2008-04-08,8.0,48.0,80.1
2008-04-09,92.0,66.5,102.3
2008-04-10,61.0,34.8,57.2
2008-04-11,11.0,6.8,5.9
2008-04-12,0.0,14.4,15.8
2008-04-13,0.0,16.0,17.7
2008-04-14,43.0,8.1,7.6
2008-04-15,0.0,5.1,3.8
2008-04-16,0.0,7.9,7.3
2008-04-17,0.0,1.2,0.0
2008-04-18,0.0,4.5,3.0
2008-04-19,0.0,2.2,1.0
2008-04-20,0.0,6.0,4.8
2008-04-21,31.0,38.5,47.8
2008-04-22,31.0,15.9,14.7
2008-04-23,41.0,28.5,37.3
2008-04-24,48.0,1.6,0.0
2008-04-25,0.0,14.5,13.1
2008-04-26,14.0,16.2,15.0
2008-04-27,10.0,1.8,0.0
2008-04-28,1.0,0.0,0.0
2008-04-29,0.0,9.1,7.2
2008-04-30,0.0,24.3,31.9
2008-05-01,2.0,8.8,6.2
2008-05-02,5.0,20.1,19.9
2008-05-03,2.0,35.3,49.2
2008-05-04,40.0,0.7,0.0
2008-05-05,0.0,12.8,10.9
2008-05-06,2.0,0.0,0.0
2008-05-07,0.0,11.8,9.7
2008-05-08,0.0,14.3,12.8
2008-05-10,1.0,21.2,21.2
2008-05-11,14.0,4.9,2.4
2008-05-13,0.0,13.7,15.9
2008-05-14,2.0,3.8,1.1
2008-05-15,17.0,0.3,0.0
2008-05-16,0.0,0.0,0.0
2008-05-17,0.0,0.3,0.0
2008-05-18,0.0,0.9,0.0
2008-05-19,0.0,0.9,0.0
2008-05-21,30.0,4.6,3.7
2008-05-23,1.0,0.7,0.0
2008-05-24,0.0,22.8,33.3
2008-05-25,3.0,0.5,0.0
2008-05-26,2.0,0.0,0.0
2008-05-27,0.0,0.2,0.0
2008-05-28,0.0,0.3,0.0
2008-05-29,0.0,0.3,0.0
2008-06-01,42.0,9.0,10.1
2008-06-04,2.0,25.1,43.4
2008-06-05,21.0,12.7,16.2
2008-06-06,4.0,2.9,1.0
2008-06-08,0.0,9.6,10.9
2008-06-09,7.0,3.2,1.4
2008-06-10,32.0,16.5,26.3
2008-06-11,19.0,10.2,9.9
2008-06-13,0.0,4.1,2.2
2008-06-14,1.0,29.5,47.8
2008-06-15,85.0,2.4,1.0
2008-06-16,0.0,4.4,2.6
2008-06-17,0.0,8.9,8.2
2008-06-18,6.0,5.8,4.3
2008-06-19,0.0,1.3,0.0
2008-06-20,0.0,0.2,0.0
2008-06-21,0.0,0.1,0.0
2008-06-22,0.0,0.8,0.0
2008-06-23,0.0,1.2,1.0
2008-06-24,0.0,22.4,26.7
2008-06-25,2.0,17.2,21.4
2008-06-26,6.0,6.7,8.0
2008-06-27,1.0,4.4,5.1
2008-06-28,4.0,9.2,11.2
2008-06-29,9.0,0.0,0.0
2008-06-30,0.0,1.4,1.3
2008-07-01,0.0,0.2,0.0
2008-07-02,2.0,0.0,0.0
2008-07-03,0.0,1.4,0.0
2008-07-04,0.0,7.9,8.2
2008-07-06,2.0,12.0,13.6
2008-07-07,5.0,1.9,1.0
2008-07-08,17.0,17.2,21.7
2008-07-09,1.0,65.9,78.7
2008-07-10,10.0,10.2,11.3
2008-07-11,1.0,23.9,39.6
2008-07-12,9.0,10.2,9.9
2008-07-14,0.0,1.9,0.0
2008-07-15,0.0,0.0,0.0
2008-07-16,0.0,0.0,0.0
2008-07-17,0.0,0.2,0.0
2008-07-18,0.0,0.9,0.0
2008-07-20,2.0,3.8,1.9
2008-07-21,0.0,18.5,25.6
2008-07-22,20.0,2.4,1.9
2008-07-24,2.0,19.5,25.8
2008-07-26,0.0,0.0,0.0
2008-07-27,0.0,4.9,4.3
2008-07-29,5.0,24.6,32.8
2008-07-30,2.0,1.2,1.0
2008-07-31,0.0,19.6,25.7
2008-08-01,5.0,0.4,0.0
2008-08-02,0.0,0.4,0.0
2008-08-03,0.0,2.3,2.7
2008-08-04,0.0,0.8,0.0
2008-08-05,0.0,0.2,0.0
2008-08-06,0.0,0.2,0.0
2008-08-07,0.0,0.0,0.0
2008-08-08,0.0,0.2,0.0
2008-08-09,0.0,11.3,12.7
2008-08-10,7.0,11.6,12.6
2008-08-11,1.0,1.9,1.0
2008-08-13,1.0,5.5,4.4
2008-08-14,2.0,16.2,16.5
2008-08-15,11.0,10.3,9.9
2008-08-16,1.0,6.0,5.0
2008-08-18,26.0,0.2,0.0
2008-08-21,1.0,7.7,10.3
2008-08-23,0.0,0.3,0.0
2008-08-24,0.0,19.8,31.8
2008-08-25,30.0,7.8,9.9
2008-08-26,2.0,3.7,4.2
2008-08-28,0.0,8.3,10.5
2008-08-29,21.0,6.2,7.5
2008-08-30,5.0,14.2,22.6
2008-08-31,80.0,16.4,25.9
2008-09-02,10.0,0.1,0.0
2008-09-03,6.0,15.2,21.7
2008-09-04,5.0,12.3,17.0
2008-09-05,6.0,6.0,8.3
2008-09-06,3.0,1.7,2.5
2008-09-07,1.0,11.5,15.6
2008-09-08,30.0,1.1,1.7
2008-09-09,3.0,1.2,1.9
2008-09-10,0.0,6.6,9.1
2008-09-11,20.0,80.8,87.6
2008-09-12,2.0,0.3,0.0
2008-09-13,0.0,0.0,0.0
2008-09-14,0.0,0.8,0.0
2008-09-15,0.0,0.6,0.0
2008-09-16,2.0,0.0,0.0
2008-09-18,3.0,17.9,26.5
2008-09-19,4.0,6.3,6.3
2008-09-22,0.0,0.0,0.0
2008-09-23,0.0,0.0,0.0
2008-09-24,0.0,0.0,0.0
2008-09-25,0.0,0.1,0.0
2008-09-26,2.0,27.9,46.5
2008-09-27,1.0,3.5,3.4
2008-09-29,0.0,0.3,0.0
2008-09-30,0.0,0.2,0.0
2008-10-01,0.0,0.0,0.0
2008-10-02,11.0,4.7,3.5
2008-10-03,0.0,0.1,0.0
2008-10-04,5.0,3.4,2.2
2008-10-05,0.0,0.1,0.0
2008-10-07,0.0,0.4,0.0
2008-10-08,0.0,1.0,0.0
2008-10-11,0.0,0.2,0.0
2008-10-12,0.0,2.1,0.0
2008-10-13,0.0,0.9,0.0
2008-10-14,2.0,17.1,27.2
2008-10-15,0.0,2.3,0.0
2008-10-16,0.0,0.9,0.0
2008-10-17,34.0,9.8,10.1
2008-10-18,0.0,1.0,0.0
2008-10-20,29.0,12.4,14.1
2008-10-21,0.0,0.4,0.0
2008-10-22,55.0,38.2,56.3
2008-10-23,1.0,9.5,8.2
2008-10-24,2.0,19.8,26.7
2008-10-25,77.0,11.7,11.7
2008-10-26,4.0,17.8,20.1
2008-10-27,2.0,22.3,31.8
2008-10-28,0.0,2.8,0.0
2008-10-29,0.0,0.1,0.0
2008-10-30,0.0,0.6,0.0
2008-10-31,2.0,17.5,19.5
2008-11-01,0.0,0.8,0.0
2008-11-02,22.0,0.9,0.0
2008-11-03,3.0,0.0,0.0
2008-11-04,86.0,24.9,33.8
2008-11-05,1.0,1.6,0.0
2008-11-06,43.0,0.2,0.0
2008-11-08,0.0,7.3,3.5
2008-11-09,34.0,7.8,4.0
2008-11-10,15.0,7.4,3.6
2008-11-11,4.0,6.3,3.6
2008-11-12,0.0,2.5,0.0
2008-11-13,0.0,0.0,0.0
2008-11-14,0.0,0.0,0.0
2008-11-15,0.0,0.4,0.0
2008-11-16,0.0,16.6,15.9
2008-11-18,3.0,1.4,0.0
2008-11-19,3.0,15.3,14.3
2008-11-21,44.0,14.0,14.7
2008-11-22,1.0,7.7,6.0
2008-11-23,4.0,11.7,11.3
2008-11-25,36.0,16.4,23.0
2008-11-26,5.0,25.0,41.9
2008-11-27,34.0,19.1,29.8
2008-11-28,2.0,19.3,30.0
2008-11-29,1.0,2.6,0.0
2008-11-30,0.0,2.1,0.0
2008-12-01,0.0,1.8,0.0
2008-12-02,0.0,4.7,1.0
2008-12-03,5.0,24.3,45.7
2008-12-04,0.0,0.3,0.0
2008-12-05,50.0,37.8,69.5
2008-12-06,0.0,1.5,0.0
2008-12-08,0.0,0.3,0.0
2008-12-09,49.0,16.5,23.9
2008-12-10,0.0,0.6,0.0
2008-12-13,0.0,0.8,0.0
2008-12-14,11.0,1.0,0.0
2008-12-15,1.0,0.0,0.0
2008-12-16,24.0,4.3,4.2
2008-12-17,4.0,6.7,9.0
2008-12-18,1.0,11.2,18.1
2008-12-19,8.0,1.3,0.0
2008-12-20,0.0,7.0,9.7
2008-12-21,6.0,8.2,6.1
2008-12-22,35.0,40.6,75.0
2008-12-23,39.0,1.4,0.0
2008-12-24,0.0,0.6,0.0
2008-12-25,58.0,1.1,0.0
2008-12-26,20.0,2.9,0.0
2008-12-27,1.0,9.4,8.1
2008-12-28,0.0,0.0,0.0
2008-12-29,12.0,14.2,22.6
2008-12-30,0.0,0.5,0.0
2008-12-31,0.0,0.1,0.0
2009-01-01,0.0,3.1,1.7
2009-01-02,0.0,6.3,5.8
2009-01-03,0.0,1.4,0.0
2009-01-04,0.0,1.0,0.0
2009-01-05,0.0,0.3,0.0
2009-01-06,0.0,0.1,0.0
2009-01-07,0.0,0.0,0.0
2009-01-08,0.0,7.4,7.2
2009-01-09,0.0,1.5,0.0
2009-01-10,0.0,2.0,1.0
2009-01-11,0.0,0.9,0.0
2009-01-12,0.0,0.6,0.0
2009-01-13,0.0,5.1,4.0
2009-01-17,24.0,0.1,0.0
2009-01-18,45.0,19.7,37.3
2009-01-19,1.0,3.4,1.3
2009-01-20,0.0,3.7,1.8
2009-01-21,0.0,0.5,0.0
2009-01-22,0.0,4.3,3.9
2009-01-23,0.0,0.0,0.0
2009-01-25,0.0,0.2,0.0
2009-01-26,0.0,0.0,0.0
2009-01-29,5.0,9.3,11.8
2009-01-30,6.0,5.1,5.2
2009-01-31,0.0,0.2,0.0
2009-02-01,0.0,0.3,0.0
2009-02-02,0.0,0.9,0.0
2009-02-03,4.0,2.7,1.4
2009-02-05,5.0,1.8,1.0
2009-02-07,0.0,0.0,0.0
2009-02-08,1.0,2.1,1.0
2009-02-12,23.0,3.8,3.5
2009-02-13,0.0,1.8,1.0
2009-02-14,0.0,0.0,0.0
2009-02-15,8.0,10.0,12.5
2009-02-16,0.0,0.0,0.0
2009-02-17,0.0,0.7,0.0
2009-02-18,0.0,1.2,0.0
2009-02-19,0.0,0.3,0.0
2009-02-20,9.0,10.8,13.2
2009-02-21,0.0,1.4,1.0
2009-02-22,17.0,6.3,10.9
2009-02-23,3.0,1.5,1.0
2009-02-24,7.0,18.5,49.4
2009-02-25,1.0,0.7,0.0
2009-02-26,0.0,0.2,0.0
2009-02-27,0.0,0.0,0.0
2009-03-01,3.0,4.1,4.2
2009-03-02,1.0,5.8,6.6
2009-03-03,0.0,0.1,0.0
2009-03-04,53.0,46.0,68.9
2009-03-05,0.0,0.0,0.0
2009-03-06,0.0,0.0,0.0
2009-03-07,8.0,17.8,27.9
2009-03-08,10.0,3.5,3.3
2009-03-09,13.0,16.1,25.3
2009-03-10,1.0,0.8,0.0
2009-03-11,97.0,18.2,28.0
2009-03-12,2.0,4.6,4.7
2009-03-13,18.0,16.4,23.9
2009-03-14,4.0,2.5,1.6
2009-03-15,5.0,7.0,8.4
2009-03-16,0.0,0.4,0.0
2009-03-17,8.0,8.4,10.5
2009-03-18,1.0,0.8,0.0
2009-03-19,15.0,28.4,53.6
2009-03-20,37.0,38.8,87.2
2009-03-21,0.0,0.4,0.0
2009-03-22,41.0,8.3,7.2
2009-03-23,0.0,0.3,0.0
2009-03-24,5.0,0.8,0.0
2009-03-25,23.0,49.9,60.4
2009-03-26,28.0,84.1,83.3
2009-03-27,0.0,0.3,0.0
2009-03-28,0.0,0.0,0.0
2009-03-29,0.0,0.2,0.0
2009-03-30,1.0,0.0,0.0
2009-03-31,8.0,3.3,1.6
2009-04-02,0.0,0.7,0.0
2009-04-03,1.0,0.5,0.0
2009-04-04,0.0,0.6,0.0
2009-04-05,6.0,15.9,16.9
2009-04-06,6.0,23.2,28.4
2009-04-07,0.0,0.0,0.0
2009-04-08,0.0,1.3,0.0
2009-04-10,9.0,6.4,5.0
2009-04-11,30.0,4.5,3.1
2009-04-12,9.0,1.2,0.0
2009-04-14,0.0,9.6,9.4
2009-04-15,0.0,12.2,12.6
2009-04-16,4.0,7.7,7.0
2009-04-17,0.0,25.1,35.9
2009-04-19,0.0,4.2,2.7
2009-04-20,0.0,7.0,6.1
2009-04-21,0.0,0.0,0.0
2009-04-23,0.0,0.3,0.0
2009-04-24,0.0,0.0,0.0
2009-04-25,11.0,0.0,0.0
2009-04-27,4.0,1.8,0.0
2009-04-28,0.0,0.5,0.0
2009-05-01,1.0,0.5,0.0
2009-05-02,0.0,0.2,0.0
2009-05-03,0.0,0.3,0.0
2009-05-04,30.0,6.3,3.4
2009-05-05,0.0,0.0,0.0
2009-05-06,0.0,0.0,0.0
2009-05-07,0.0,0.0,0.0
2009-05-08,2.0,0.7,0.0
2009-05-09,0.0,1.4,0.0
2009-05-10,0.0,0.0,0.0
2009-05-11,0.0,4.4,1.8
2009-05-12,8.0,16.3,21.0
2009-05-14,9.0,0.7,0.0
2009-05-15,42.0,2.8,1.0
2009-05-16,0.0,0.3,0.0
2009-05-18,0.0,3.1,1.0
2009-05-19,4.0,18.7,25.2
2009-05-20,5.0,18.8,25.0
2009-05-21,0.0,0.9,1.0
2009-05-22,8.0,0.6,0.0
2009-05-23,0.0,0.0,0.0
2009-05-24,0.0,0.1,0.0
2009-05-25,0.0,0.0,0.0
2009-05-26,0.0,10.4,11.0
2009-05-27,0.0,9.8,10.2
2009-05-28,0.0,0.7,0.0
2009-05-31,3.0,4.8,4.0
2009-06-01,1.0,1.0,0.0
2009-06-02,0.0,0.0,0.0
2009-06-03,0.0,1.0,0.0
2009-06-04,1.0,10.6,12.6
2009-06-05,22.0,7.1,7.1
2009-06-06,0.0,0.8,0.0
2009-06-07,12.0,25.8,44.3
2009-06-08,15.0,16.1,25.5
2009-06-09,6.0,1.2,0.0
2009-06-11,0.0,0.0,0.0
2009-06-12,2.0,45.7,69.2
2009-06-13,34.0,0.5,0.0
2009-06-14,0.0,0.6,0.0
2009-06-15,0.0,0.2,0.0
2009-06-16,7.0,1.9,0.0
2009-06-17,6.0,0.0,0.0
2009-06-18,0.0,0.0,0.0
2009-06-19,0.0,8.6,7.9
2009-06-21,8.0,5.4,6.4
2009-06-22,14.0,0.8,0.0
2009-06-23,0.0,30.9,40.4
2009-06-25,13.0,5.7,6.7
2009-06-27,0.0,1.0,1.0
2009-06-28,0.0,0.8,0.0
2009-06-29,0.0,0.0,0.0
2009-07-01,5.0,8.8,9.4
2009-07-02,0.0,0.2,0.0
2009-07-03,0.0,0.0,0.0
2009-07-04,9.0,0.6,0.0
2009-07-05,0.0,0.3,0.0
2009-07-06,10.0,12.3,14.2
2009-07-07,30.0,1.3,0.0
2009-07-08,11.0,1.3,0.0
2009-07-09,0.0,0.7,0.0
2009-07-10,0.0,3.5,2.5
2009-07-11,28.0,5.9,4.5
2009-07-12,5.0,2.6,1.0
2009-07-13,17.0,8.0,7.1
2009-07-14,0.0,31.0,50.4
2009-07-15,0.0,0.0,0.0
2009-07-16,0.0,0.0,0.0
2009-07-17,24.0,0.7,0.0
2009-07-18,9.0,4.7,3.0
2009-07-19,0.0,3.8,1.9
2009-07-20,0.0,22.9,37.6
2009-07-21,2.0,16.6,20.8
2009-07-22,10.0,9.2,8.9
2009-07-23,9.0,4.1,3.6
2009-07-24,0.0,0.2,0.0
2009-07-25,20.0,18.1,23.6
2009-07-26,0.0,2.0,1.6
2009-07-27,0.0,0.0,0.0
2009-07-28,0.0,0.0,0.0
2009-07-29,0.0,0.0,0.0
2009-07-30,0.0,0.0,0.0
2009-07-31,0.0,0.0,0.0
2009-08-01,0.0,1.5,1.8
2009-08-02,4.0,1.9,2.2
2009-08-03,0.0,2.7,3.0
2009-08-04,0.0,0.0,0.0
2009-08-05,0.0,0.0,0.0
2009-08-06,16.0,0.6,0.0
2009-08-07,5.0,2.2,2.6
2009-08-08,7.0,31.1,36.0
2009-08-09,35.0,0.0,0.0
2009-08-10,6.0,0.0,0.0
2009-08-11,0.0,0.0,0.0
2009-08-12,97.0,5.7,4.7
2009-08-13,0.0,2.1,1.0
2009-08-14,11.0,2.1,1.0
2009-08-15,0.0,0.0,0.0
2009-08-16,0.0,0.0,0.0
2009-08-17,0.0,0.0,0.0
2009-08-18,0.0,1.6,1.0
2009-08-19,0.0,0.0,0.0
2009-08-20,40.0,76.4,72.2
2009-08-21,6.0,21.9,34.4
2009-08-22,0.0,5.3,6.3
2009-08-23,44.0,60.6,66.7
2009-08-24,5.0,35.1,52.4
2009-08-25,21.0,8.5,10.7
2009-08-26,0.0,0.7,0.0
2009-08-27,12.0,2.0,1.8
2009-08-28,0.0,0.6,0.0
2009-08-29,0.0,2.7,2.9
2009-08-30,0.0,0.6,0.0
2009-08-31,0.0,0.0,0.0
2009-09-01,0.0,0.0,0.0
2009-09-02,0.0,0.4,0.0
2009-09-03,0.0,0.1,0.0
2009-09-04,0.0,0.0,0.0
2009-09-05,0.0,0.0,0.0
2009-09-06,0.0,0.0,0.0
2009-09-07,0.0,0.0,0.0
2009-09-08,0.0,0.0,0.0
2009-09-09,0.0,0.1,0.0
2009-09-10,0.0,0.5,0.0
2009-09-11,0.0,0.0,0.0
2009-09-12,0.0,0.0,0.0
2009-09-13,0.0,0.0,0.0
2009-09-14,0.0,0.1,0.0
2009-09-15,0.0,0.1,0.0
2009-09-16,0.0,0.0,0.0
2009-09-17,0.0,0.0,0.0
2009-09-18,9.0,0.0,0.0
2009-09-20,0.0,0.0,0.0
2009-09-21,0.0,18.2,29.1
2009-09-22,39.0,16.9,26.5
2009-09-23,0.0,10.9,13.7
2009-09-24,0.0,0.7,0.0
2009-09-25,0.0,0.0,0.0
2009-09-26,30.0,16.3,25.6
2009-09-27,0.0,0.0,0.0
2009-09-28,0.0,0.0,0.0
2009-09-29,0.0,0.0,0.0
2009-09-30,0.0,0.2,0.0
2009-10-02,0.0,3.7,2.4
2009-10-03,1.0,3.7,2.5
2009-10-04,0.0,0.0,0.0
2009-10-05,0.0,0.0,0.0
2009-10-06,0.0,1.6,0.0
2009-10-07,5.0,97.0,62.3
2009-10-08,0.0,2.7,1.3
2009-10-09,0.0,0.2,0.0
2009-10-10,25.0,28.3,36.8
2009-10-11,0.0,4.3,2.6
2009-10-12,0.0,2.3,0.0
2009-10-13,15.0,27.5,43.3
2009-10-14,0.0,1.0,0.0
2009-10-15,0.0,0.0,0.0
2009-10-16,0.0,0.0,0.0
2009-10-17,0.0,0.0,0.0
2009-10-18,0.0,0.7,0.0
2009-10-19,0.0,0.4,0.0
2009-10-20,0.0,60.3,55.4
2009-10-21,2.0,0.2,0.0
2009-10-24,0.0,0.0,0.0
2009-10-25,0.0,0.0,0.0
2009-10-26,2.0,0.5,0.0
2009-10-27,0.0,1.0,0.0
2009-10-28,0.0,0.0,0.0
2009-10-29,0.0,0.0,0.0
2009-10-30,0.0,0.0,0.0
2009-10-31,0.0,0.0,0.0
2009-11-01,0.0,0.0,0.0
2009-11-02,0.0,0.1,0.0
2009-11-03,0.0,0.0,0.0
2009-11-04,0.0,0.0,0.0
2009-11-05,0.0,0.0,0.0
2009-11-06,0.0,0.0,0.0
2009-11-07,3.0,13.8,11.6
2009-11-08,33.0,17.3,16.6
2009-11-09,2.0,1.7,0.0
2009-11-10,0.0,5.1,1.0
2009-11-11,1.0,12.6,10.9
2009-11-12,37.0,42.7,53.6
2009-11-13,33.0,12.6,11.0
2009-11-14,24.0,17.1,16.1
2009-11-15,56.0,19.9,22.8
2009-11-16,1.0,12.5,10.8
2009-11-17,1.0,26.7,32.8
2009-11-18,0.0,0.8,0.0
2009-11-19,0.0,0.0,0.0
2009-11-20,0.0,0.0,0.0
2009-11-21,7.0,0.1,0.0
2009-11-22,0.0,6.9,4.9
2009-11-24,0.0,8.2,6.6
2009-11-25,50.0,16.4,22.5
2009-11-26,2.0,20.3,33.0
2009-11-27,0.0,0.2,0.0
2009-11-28,1.0,10.9,10.2
2009-11-29,0.0,0.0,0.0
2009-11-30,1.0,0.8,0.0
2009-12-01,59.0,21.2,37.9
2009-12-02,1.0,23.5,43.7
2009-12-03,0.0,0.4,0.0
2009-12-04,4.0,24.5,46.0
2009-12-05,0.0,0.0,0.0
2009-12-06,0.0,0.1,0.0
2009-12-07,0.0,0.0,0.0
2009-12-08,0.0,1.3,0.0
2009-12-10,0.0,0.0,0.0
2009-12-11,0.0,0.0,0.0
2009-12-12,0.0,0.0,0.0
2009-12-13,0.0,0.0,0.0
2009-12-14,0.0,0.1,0.0
2009-12-15,0.0,1.0,0.0
2009-12-17,0.0,0.6,0.0
2009-12-18,0.0,0.1,0.0
2009-12-19,41.0,17.3,40.8
2009-12-20,1.0,15.0,34.2
2009-12-22,0.0,6.6,3.8
2009-12-23,0.0,0.0,0.0
2009-12-24,0.0,18.9,33.2
2009-12-25,7.0,10.2,9.2
2009-12-26,0.0,2.7,0.0
2009-12-27,0.0,7.4,4.9
2009-12-28,2.0,2.3,0.0
2009-12-29,5.0,13.8,21.6
2009-12-30,0.0,0.0,0.0
2009-12-31,0.0,2.6,0.0
2010-01-01,0.0,0.2,0.0
2010-01-02,0.0,2.1,1.0
2010-01-03,7.0,9.1,9.7
2010-01-04,9.0,11.4,12.8
2010-01-05,0.0,0.3,0.0
2010-01-06,29.0,12.5,17.1
2010-01-07,0.0,6.5,6.1
2010-01-08,0.0,29.3,50.0
2010-01-09,0.0,11.2,12.5
2010-01-10,2.0,31.0,54.7
2010-01-11,0.0,3.3,1.2
2010-01-12,1.0,15.0,24.8
2010-01-13,0.0,0.0,0.0
2010-01-14,25.0,11.5,15.1
2010-01-15,0.0,16.1,27.7
2010-01-16,0.0,3.7,1.8
2010-01-19,0.0,1.9,0.0
2010-01-20,9.0,5.8,5.2
2010-01-21,11.0,7.8,9.3
2010-01-22,0.0,1.5,1.0
2010-01-24,0.0,0.0,0.0
2010-01-25,0.0,8.2,10.1
2010-01-26,17.0,12.1,17.7
2010-01-28,1.0,0.1,0.0
2010-01-29,0.0,0.7,0.0
2010-01-30,0.0,16.8,27.9
2010-01-31,12.0,6.9,7.8
2010-02-01,53.0,16.5,32.1
2010-02-02,0.0,0.1,0.0
2010-02-03,0.0,0.2,0.0
2010-02-04,0.0,0.0,0.0
2010-02-05,1.0,0.9,0.0
2010-02-06,3.0,19.5,38.2
2010-02-07,2.0,8.6,10.6
2010-02-08,7.0,0.1,0.0
2010-02-09,1.0,0.0,0.0
2010-02-10,3.0,0.0,0.0
2010-02-11,0.0,0.0,0.0
2010-02-12,0.0,0.0,0.0
2010-02-13,10.0,5.2,5.5
2010-02-14,1.0,0.0,0.0
2010-02-15,35.0,0.5,0.0
2010-02-16,0.0,0.0,0.0
2010-02-17,0.0,0.0,0.0
2010-02-18,0.0,0.3,0.0
2010-02-19,31.0,15.0,19.9
2010-02-20,73.0,24.0,37.0
2010-02-21,8.0,0.2,0.0
2010-02-22,0.0,1.4,1.0
2010-02-23,0.0,2.6,2.4
2010-02-24,10.0,1.8,1.0
2010-02-25,0.0,0.1,0.0
2010-02-26,0.0,0.1,0.0
2010-02-27,0.0,2.7,2.7
2010-02-28,0.0,1.0,0.0
2010-03-02,6.0,0.0,0.0
2010-03-03,39.0,4.7,5.1
2010-03-04,1.0,0.0,0.0
2010-03-05,0.0,0.6,0.0
2010-03-06,0.0,0.0,0.0
2010-03-07,34.0,11.6,14.9
2010-03-08,0.0,0.7,0.0
2010-03-10,4.0,3.4,3.2
2010-03-11,0.0,3.9,3.6
2010-03-12,1.0,0.0,0.0
2010-03-13,1.0,2.4,1.5
2010-03-14,35.0,1.3,1.0
2010-03-15,0.0,3.0,2.3
2010-03-16,15.0,21.7,36.1
2010-03-17,0.0,0.0,0.0
2010-03-18,0.0,1.5,1.0
2010-03-19,0.0,0.0,0.0
2010-03-20,0.0,0.0,0.0
2010-03-21,0.0,0.0,0.0
2010-03-22,14.0,18.9,18.7
2010-03-24,16.0,12.0,11.2
2010-03-25,7.0,49.5,59.2
2010-03-26,10.0,13.4,12.7
2010-03-27,0.0,43.8,54.5
2010-03-28,0.0,0.1,0.0
2010-03-29,0.0,3.3,1.6
2010-03-30,0.0,7.3,6.1
2010-03-31,0.0,3.9,2.3
2010-04-01,0.0,9.7,8.9
2010-04-02,0.0,1.8,1.0
2010-04-03,0.0,7.4,6.2
2010-04-04,8.0,5.0,3.5
2010-04-05,12.0,24.8,32.3
2010-04-06,2.0,16.2,16.4
2010-04-07,23.0,20.2,22.6
2010-04-08,0.0,3.9,2.2
2010-04-09,0.0,0.8,0.0
2010-04-10,0.0,2.7,1.1
2010-04-11,10.0,12.8,13.6
2010-04-12,8.0,9.2,8.9
2010-04-13,12.0,8.1,7.5
2010-04-14,0.0,3.5,1.8
2010-04-15,0.0,17.3,22.4
2010-04-16,0.0,2.9,1.1
2010-04-17,30.0,81.7,71.6
2010-04-18,0.0,5.6,4.5
2010-04-19,0.0,2.7,1.0
2010-04-20,0.0,0.4,0.0
2010-04-21,0.0,0.0,0.0
2010-04-22,0.0,3.9,1.8
2010-04-23,36.0,10.7,8.9
2010-04-24,11.0,15.7,14.5
2010-04-25,0.0,0.4,0.0
2010-04-26,4.0,3.6,1.5
2010-04-27,21.0,12.5,10.9
2010-04-28,0.0,0.0,0.0
2010-04-29,0.0,6.9,4.9
2010-04-30,0.0,0.0,0.0
2010-05-01,37.0,25.0,30.3
2010-05-02,42.0,9.4,6.9
2010-05-03,0.0,0.0,0.0
2010-05-04,0.0,4.6,1.8
2010-05-05,5.0,12.2,10.2
2010-05-06,0.0,0.5,0.0
2010-05-07,0.0,0.0,0.0
2010-05-08,0.0,0.6,0.0
2010-05-09,21.0,49.0,70.7
2010-05-10,0.0,0.4,0.0
2010-05-11,4.0,19.8,27.3
2010-05-13,73.0,37.3,78.1
2010-05-14,53.0,1.9,0.0
2010-05-15,0.0,4.2,1.5
2010-05-16,29.0,12.8,14.5
2010-05-17,75.0,8.6,7.7
2010-05-18,5.0,0.6,0.0
2010-05-19,2.0,0.1,0.0
2010-05-20,118.0,15.3,19.8
2010-05-21,0.0,14.4,16.7
2010-05-22,33.0,12.5,13.8
2010-05-23,10.0,0.0,0.0
2010-05-24,5.0,1.2,1.0
2010-05-25,0.0,11.2,12.1
2010-05-26,74.0,29.9,45.8
2010-05-27,13.0,5.2,4.5
2010-05-28,0.0,0.0,0.0
2010-05-29,57.0,8.1,8.0
2010-05-30,2.0,0.4,0.0
2010-05-31,6.0,7.8,7.7
2010-06-01,5.0,2.5,1.0
2010-06-02,0.0,3.3,1.5
2010-06-03,27.0,11.2,13.8
2010-06-04,0.0,5.9,5.4
2010-06-05,0.0,9.3,10.4
2010-06-06,0.0,14.1,18.2
2010-06-07,11.0,18.8,31.3
2010-06-08,0.0,2.3,0.0
2010-06-09,25.0,0.1,0.0
2010-06-10,2.0,11.7,14.1
2010-06-11,0.0,0.2,0.0
2010-06-12,0.0,1.6,0.0
2010-06-13,43.0,20.0,27.6
2010-06-14,14.0,3.9,2.0
2010-06-15,10.0,9.6,9.1
2010-06-16,0.0,8.0,7.0
2010-06-17,41.0,16.6,18.9
2010-06-18,0.0,5.9,4.4
2010-06-19,1.0,5.6,4.1
2010-06-20,0.0,2.2,1.0
2010-06-21,0.0,0.0,0.0
2010-06-22,0.0,0.1,0.0
2010-06-23,1.0,6.8,8.1
2010-06-24,1.0,0.0,0.0
2010-06-25,17.0,0.1,0.0
2010-06-26,25.0,3.6,4.1
2010-06-27,25.0,4.3,5.0
2010-06-28,0.0,0.0,0.0
2010-06-29,3.0,8.7,10.5
2010-06-30,5.0,1.9,1.9
2010-07-01,0.0,1.2,0.0
2010-07-02,0.0,0.1,0.0
2010-07-03,15.0,34.2,48.5
2010-07-04,13.0,37.2,55.6
2010-07-05,0.0,2.2,1.0
2010-07-06,28.0,6.3,6.2
2010-07-07,0.0,10.4,11.5
2010-07-08,0.0,2.3,1.0
2010-07-10,0.0,2.0,1.0
2010-07-11,0.0,8.2,7.3
2010-07-13,0.0,0.0,0.0
2010-07-14,2.0,7.8,6.8
2010-07-15,0.0,0.4,0.0
2010-07-16,52.0,3.1,1.1
2010-07-17,1.0,3.7,1.8
2010-07-18,1.0,11.4,12.2
2010-07-19,0.0,0.2,0.0
2010-07-21,42.0,37.9,45.2
2010-07-22,4.0,2.3,1.8
2010-07-23,19.0,29.7,38.0
2010-07-24,15.0,28.6,37.2
2010-07-25,2.0,5.9,5.4
2010-07-26,7.0,9.5,8.9
2010-07-27,7.0,0.5,0.0
2010-07-29,0.0,27.6,35.7
2010-07-30,10.0,28.5,36.7
2010-07-31,0.0,13.1,13.0
2010-08-01,12.0,25.3,28.8
2010-08-02,0.0,4.2,4.8
2010-08-03,1.0,21.3,21.7
2010-08-04,9.0,34.2,40.3
2010-08-05,0.0,15.7,17.3
2010-08-06,2.0,44.6,50.6
2010-08-07,0.0,29.3,33.9
2010-08-08,8.0,12.7,14.5
2010-08-09,8.0,19.1,21.4
2010-08-10,2.0,7.1,7.9
2010-08-11,1.0,9.3,8.8
2010-08-12,0.0,0.8,0.0
2010-08-13,0.0,4.9,3.9
2010-08-14,4.0,1.0,0.0
2010-08-15,0.0,0.9,0.0
2010-08-16,0.0,0.0,0.0
2010-08-17,22.0,5.4,4.4
2010-08-18,8.0,17.8,18.7
2010-08-19,0.0,5.5,4.4
2010-08-20,8.0,2.3,1.1
2010-08-21,0.0,0.0,0.0
2010-08-23,7.0,2.4,2.4
2010-08-24,12.0,106.1,67.2
2010-08-25,0.0,3.8,4.2
2010-08-26,0.0,0.3,0.0
2010-08-27,52.0,9.8,12.7
2010-08-28,14.0,5.1,6.0
2010-08-29,2.0,9.2,11.7
2010-09-01,0.0,0.0,0.0
2010-09-02,0.0,0.0,0.0
2010-09-03,0.0,0.8,1.3
2010-09-04,0.0,4.6,6.3
2010-09-05,1.0,9.7,13.6
2010-09-06,29.0,0.9,1.4
2010-09-07,1.0,12.1,15.8
2010-09-08,3.0,23.0,33.3
2010-09-09,0.0,0.4,0.0
2010-09-10,0.0,2.5,3.6
2010-09-11,0.0,4.4,4.0
2010-09-12,0.0,9.1,9.8
2010-09-13,0.0,7.6,7.8
2010-09-14,0.0,2.8,2.2
2010-09-15,0.0,0.3,0.0
2010-09-16,0.0,0.2,0.0
2010-09-17,0.0,0.0,0.0
2010-09-18,0.0,56.4,87.6
2010-09-19,4.0,8.5,8.9
2010-09-20,17.0,121.8,87.7
2010-09-21,0.0,1.8,1.0
2010-09-22,11.0,12.1,15.5
2010-09-23,0.0,0.0,0.0
2010-09-24,0.0,13.8,18.3
2010-09-25,1.0,0.0,0.0
2010-09-26,14.0,6.8,8.6
2010-09-27,3.0,12.7,16.9
2010-09-28,0.0,6.9,8.8
2010-09-29,65.0,32.8,55.1
2010-09-30,46.0,18.2,29.3
2010-10-01,4.0,9.5,9.2
2010-10-02,0.0,0.0,0.0
2010-10-03,0.0,0.4,0.0
2010-10-04,1.0,0.0,0.0
2010-10-05,0.0,1.4,0.0
2010-10-06,12.0,6.4,5.5
2010-10-07,30.0,70.1,63.4
2010-10-08,27.0,4.9,3.9
2010-10-09,2.0,11.5,11.6
2010-10-10,0.0,7.4,6.6
2010-10-11,3.0,9.4,9.5
2010-10-12,0.0,6.1,5.0
2010-10-13,0.0,0.1,0.0
2010-10-14,0.0,8.9,8.8
2010-10-15,0.0,0.0,0.0
2010-10-17,0.0,2.5,1.0
2010-10-19,13.0,3.3,1.3
2010-10-20,0.0,3.5,1.5
2010-10-21,15.0,2.3,0.0
2010-10-22,0.0,1.1,0.0
2010-10-23,0.0,0.0,0.0
2010-10-24,0.0,4.9,2.3
2010-10-25,6.0,8.9,7.4
2010-10-26,0.0,4.6,1.8
2010-10-28,2.0,2.5,0.0
2010-10-29,31.0,34.3,52.4
2010-10-30,16.0,42.6,60.1
2010-11-01,0.0,1.2,0.0
2010-11-02,7.0,5.3,1.2
2010-11-03,18.0,27.1,38.5
2010-11-04,0.0,0.4,0.0
2010-11-05,2.0,19.3,20.0
2010-11-06,1.0,4.4,1.0
2010-11-07,0.0,1.2,0.0
2010-11-08,0.0,6.9,2.9
2010-11-09,5.0,14.4,12.5
2010-11-10,0.0,0.0,0.0
2010-11-11,0.0,0.0,0.0
2010-11-12,0.0,1.8,0.0
2010-11-13,9.0,10.8,8.8
2010-11-14,5.0,6.2,3.3
2010-11-15,0.0,0.5,0.0
2010-11-16,0.0,4.1,1.0
2010-11-17,0.0,1.0,0.0
2010-11-18,0.0,1.9,0.0
2010-11-19,0.0,6.7,4.0
2010-11-20,3.0,2.1,0.0
2010-11-21,0.0,2.8,0.0
2010-11-22,0.0,9.5,8.3
2010-11-23,0.0,1.3,0.0
2010-11-24,8.0,1.2,0.0
2010-11-25,0.0,7.6,5.8
2010-11-26,0.0,0.3,0.0
2010-11-27,0.0,0.0,0.0
2010-11-28,0.0,0.0,0.0
2010-11-29,0.0,0.0,0.0
2010-11-30,0.0,2.5,0.0
2010-12-01,0.0,0.7,0.0
2010-12-02,0.0,4.2,1.0
2010-12-03,0.0,14.7,16.9
2010-12-04,0.0,3.2,0.0
2010-12-05,0.0,5.1,1.5
2010-12-06,0.0,0.4,0.0
2010-12-07,0.0,6.8,3.9
2010-12-10,2.0,8.5,6.5
2010-12-11,0.0,27.3,69.3
2010-12-12,0.0,3.2,2.1
2010-12-13,11.0,2.4,1.0
2010-12-14,95.0,10.4,16.9
2010-12-17,1.0,1.4,0.0
2010-12-18,0.0,0.0,0.0
2010-12-21,0.0,25.9,48.7
2010-12-22,0.0,5.5,2.2
2010-12-23,0.0,3.2,0.0
2010-12-24,0.0,6.6,3.8
2010-12-25,1.0,10.0,9.1
2010-12-26,1.0,3.6,0.0
2010-12-27,0.0,3.0,0.0
2010-12-29,91.0,1.4,0.0
2010-12-30,0.0,22.7,42.6
2010-12-31,0.0,8.3,6.3
2011-01-01,3.0,18.5,26.8
2011-01-02,0.0,1.2,0.0
2011-01-03,33.0,12.0,13.6
2011-01-04,0.0,0.0,0.0
2011-01-05,0.0,0.2,0.0
2011-01-06,0.0,1.9,1.0
2011-01-07,0.0,0.1,0.0
2011-01-08,0.0,0.0,0.0
2011-01-09,0.0,0.0,0.0
2011-01-10,0.0,0.9,0.0
2011-01-11,0.0,3.1,1.0
2011-01-12,1.0,38.8,91.9
2011-01-14,3.0,10.4,12.9
2011-01-15,0.0,1.0,0.0
2011-01-16,0.0,1.7,0.0
2011-01-17,0.0,2.4,0.0
2011-01-18,0.0,6.0,5.6
2011-01-19,3.0,3.6,1.7
2011-01-20,0.0,0.0,0.0
2011-01-21,0.0,0.3,0.0
2011-01-22,0.0,14.5,22.8
2011-01-23,6.0,11.9,17.9
2011-01-24,8.0,29.3,61.3
2011-01-25,0.0,3.2,2.4
2011-01-26,0.0,3.7,3.1
2011-01-30,3.0,8.7,10.6
2011-01-31,28.0,4.0,3.5
2011-02-01,13.0,9.7,12.3
2011-02-03,0.0,3.5,2.5
2011-02-04,0.0,10.0,12.3
2011-02-05,26.0,5.7,5.9
2011-02-07,50.0,8.2,9.7
2011-02-08,10.0,24.8,47.3
2011-02-09,4.0,18.7,36.5
2011-02-11,2.0,48.2,82.0
2011-02-12,2.0,0.1,0.0
2011-02-13,58.0,46.4,78.9
2011-02-14,50.0,3.7,3.4
2011-02-15,0.0,0.1,0.0
2011-02-16,51.0,7.3,8.4
2011-02-18,0.0,2.2,1.2
2011-02-19,33.0,1.2,0.0
2011-02-20,3.0,10.4,13.3
2011-02-21,0.0,5.4,8.1
2011-02-22,0.0,3.2,3.7
2011-02-23,0.0,0.8,0.0
2011-02-25,1.0,3.3,3.8
2011-02-26,0.0,0.7,0.0
2011-02-27,1.0,2.2,1.6
2011-02-28,0.0,20.9,55.8
2011-03-01,0.0,6.0,6.8
2011-03-04,0.0,1.8,1.0
2011-03-05,7.0,16.1,24.5
2011-03-06,0.0,0.0,0.0
2011-03-07,13.0,12.4,17.2
2011-03-09,2.0,0.7,0.0
2011-03-10,0.0,2.8,2.3
2011-03-11,0.0,1.1,0.0
2011-03-12,0.0,1.2,0.0
2011-03-13,1.0,0.0,0.0
2011-03-15,17.0,0.5,0.0
2011-03-17,10.0,1.2,0.0
2011-03-18,0.0,0.0,0.0
2011-03-19,21.0,9.8,12.7
2011-03-20,1.0,12.0,16.2
2011-03-21,1.0,5.1,3.7
2011-03-24,0.0,1.9,0.0
2011-03-25,0.0,5.4,4.0
2011-03-26,0.0,3.2,1.5
2011-03-27,0.0,0.5,0.0
2011-03-28,0.0,1.9,0.0
2011-03-30,0.0,0.4,0.0
2011-03-31,0.0,1.9,0.0
2011-04-01,0.0,0.2,0.0
2011-04-02,0.0,0.0,0.0
2011-04-03,0.0,0.9,0.0
2011-04-05,0.0,5.7,4.2
2011-04-06,90.0,6.1,4.7
2011-04-07,0.0,0.8,0.0
2011-04-08,7.0,11.1,10.6
2011-04-09,38.0,46.1,76.5
2011-04-10,50.0,6.5,5.2
2011-04-11,28.0,20.5,28.2
2011-04-12,0.0,4.7,3.3
2011-04-13,0.0,0.7,0.0
2011-04-14,9.0,0.4,0.0
2011-04-15,35.0,15.4,17.6
2011-04-16,0.0,4.4,3.0
2011-04-18,0.0,0.2,0.0
2011-04-20,33.0,14.6,16.5
2011-04-21,21.0,18.4,17.5
2011-04-22,3.0,7.3,5.3
2011-04-23,0.0,0.1,0.0
2011-04-24,5.0,35.4,44.9
2011-04-25,40.0,7.9,6.0
2011-04-26,1.0,3.1,1.0
2011-04-27,0.0,0.8,0.0
2011-04-28,30.0,4.1,2.0
2011-04-29,5.0,28.8,36.9
2011-04-30,0.0,1.0,0.0
2011-05-01,1.0,9.8,7.3
2011-05-02,5.0,33.3,46.1
2011-05-03,2.0,8.8,6.2
2011-05-04,26.0,61.6,86.5
2011-05-06,0.0,0.4,0.0
2011-05-07,0.0,0.0,0.0
2011-05-08,0.0,2.0,0.0
2011-05-09,0.0,0.6,0.0
2011-05-10,0.0,2.1,0.0
2011-05-11,22.0,2.5,0.0
2011-05-12,22.0,25.2,40.0
2011-05-13,0.0,7.2,5.5
2011-05-14,39.0,43.6,104.5
2011-05-15,0.0,0.3,0.0
2011-05-16,16.0,2.3,0.0
2011-05-18,0.0,4.5,1.9
2011-05-19,2.0,13.3,15.2
2011-05-20,0.0,3.0,1.0
2011-05-21,0.0,1.4,1.0
2011-05-22,5.0,41.8,64.9
2011-05-23,0.0,0.2,0.0
2011-05-24,11.0,27.8,42.2
2011-05-25,0.0,1.2,1.0
2011-05-28,0.0,17.8,23.5
2011-05-30,0.0,19.6,26.6
2011-05-31,0.0,0.9,0.0
2011-06-01,0.0,2.9,1.0
2011-06-02,0.0,0.0,0.0
2011-06-03,0.0,0.0,0.0
2011-06-04,0.0,0.7,0.0
2011-06-05,0.0,0.7,0.0
2011-06-06,0.0,4.6,3.4
2011-06-07,17.0,0.0,0.0
2011-06-08,4.0,5.5,4.8
2011-06-09,5.0,7.0,7.0
2011-06-10,8.0,6.1,5.6
2011-06-11,13.0,23.8,35.4
2011-06-12,0.0,8.3,7.4
2011-06-13,0.0,1.1,0.0
2011-06-14,0.0,1.3,0.0
2011-06-15,0.0,7.0,5.8
2011-06-16,28.0,3.8,1.9
2011-06-17,0.0,0.6,0.0
2011-06-18,3.0,8.9,8.3
2011-06-19,2.0,7.0,5.7
2011-06-20,35.0,0.0,0.0
2011-06-21,14.0,0.3,0.0
2011-06-22,0.0,3.7,4.3
2011-06-23,35.0,2.8,3.0
2011-06-24,3.0,33.9,43.6
2011-06-25,0.0,7.5,9.0
2011-06-26,35.0,0.4,0.0
2011-06-27,0.0,47.5,60.5
2011-06-28,0.0,0.9,1.0
2011-06-29,0.0,0.2,0.0
2011-06-30,0.0,0.0,0.0
2011-07-03,0.0,2.6,1.3
2011-07-04,0.0,21.1,26.6
2011-07-07,0.0,2.2,1.0
2011-07-08,0.0,3.3,2.3
2011-07-10,1.0,0.0,0.0
2011-07-11,1.0,158.3,76.5
2011-07-12,0.0,1.2,0.0
2011-07-13,0.0,1.8,0.0
2011-07-14,0.0,0.9,0.0
2011-07-15,0.0,7.2,6.1
2011-07-18,9.0,0.1,0.0
2011-07-19,4.0,0.2,0.0
2011-07-20,0.0,0.2,0.0
2011-07-22,3.0,0.8,0.0
2011-07-24,1.0,1.9,1.5
2011-07-25,2.0,0.0,0.0
2011-07-26,1.0,0.0,0.0
2011-07-28,55.0,0.1,0.0
2011-07-30,0.0,8.1,7.7
2011-07-31,0.0,0.0,0.0
2011-08-01,0.0,2.4,2.7
2011-08-02,0.0,1.5,1.9
2011-08-03,0.0,0.0,0.0
2011-08-04,4.0,11.4,12.9
2011-08-05,1.0,4.8,5.4
2011-08-06,0.0,0.1,0.0
2011-08-07,0.0,0.0,0.0
2011-08-08,0.0,0.6,0.0
2011-08-09,0.0,4.1,4.6
2011-08-10,1.0,7.9,8.9
2011-08-11,8.0,7.7,7.2
2011-08-12,0.0,3.4,2.2
2011-08-13,2.0,0.0,0.0
2011-08-15,0.0,0.0,0.0
2011-08-16,4.0,2.7,1.4
2011-08-17,3.0,0.0,0.0
2011-08-18,0.0,0.0,0.0
2011-08-19,0.0,0.0,0.0
2011-08-20,0.0,0.0,0.0
2011-08-21,0.0,0.0,0.0
2011-08-22,0.0,0.0,0.0
2011-08-23,0.0,0.8,0.0
2011-08-24,0.0,0.0,0.0
2011-08-25,0.0,0.0,0.0
2011-08-26,0.0,0.0,0.0
2011-08-27,0.0,2.3,2.3
2011-08-28,0.0,0.6,0.0
2011-08-29,0.0,9.8,12.1
2011-08-30,15.0,33.3,50.2
2011-08-31,57.0,25.6,40.5
2011-09-01,0.0,7.5,10.1
2011-09-02,0.0,0.1,0.0
2011-09-03,0.0,0.4,0.0
2011-09-04,27.0,36.5,47.0
2011-09-05,0.0,0.0,0.0
2011-09-06,0.0,0.8,1.4
2011-09-07,0.0,0.0,0.0
2011-09-08,68.0,11.6,15.1
2011-09-09,0.0,0.2,0.0
2011-09-10,4.0,14.6,20.3
2011-09-12,0.0,0.0,0.0
2011-09-14,0.0,0.4,0.0
2011-09-15,12.0,2.3,1.6
2011-09-16,1.0,8.2,8.9
2011-09-17,2.0,15.1,20.3
2011-09-18,89.0,13.7,15.4
2011-09-19,0.0,0.3,0.0
2011-09-20,0.0,1.1,1.0
2011-09-21,1.0,0.0,0.0
2011-09-22,3.0,2.2,1.6
2011-09-23,0.0,0.1,0.0
2011-09-24,0.0,0.5,0.0
2011-09-25,0.0,0.0,0.0
2011-09-26,0.0,0.6,0.0
2011-09-27,0.0,0.0,0.0
2011-09-28,0.0,0.0,0.0
2011-09-29,0.0,0.4,0.0
2011-09-30,0.0,0.0,0.0
2011-10-01,0.0,9.5,9.3
2011-10-02,1.0,0.0,0.0
2011-10-03,1.0,4.6,3.5
2011-10-04,13.0,7.6,6.8
2011-10-05,0.0,0.0,0.0
2011-10-06,23.0,7.5,6.8
2011-10-07,11.0,20.8,26.2
2011-10-08,0.0,0.2,0.0
2011-10-09,0.0,0.4,0.0
2011-10-10,13.0,0.0,0.0
2011-10-11,0.0,0.8,0.0
2011-10-15,0.0,0.1,0.0
2011-10-16,24.0,0.7,0.0
2011-10-18,34.0,31.8,47.3
2011-10-19,2.0,4.0,2.1
2011-10-20,17.0,4.8,3.2
2011-10-21,35.0,9.4,8.1
2011-10-22,12.0,46.8,62.8
2011-10-23,7.0,16.7,18.4
2011-10-24,58.0,3.7,1.0
2011-10-25,1.0,0.9,0.0
2011-10-26,5.0,4.2,1.4
2011-10-27,5.0,4.6,1.9
2011-10-28,11.0,0.0,0.0
2011-10-29,0.0,0.0,0.0
2011-10-30,0.0,0.0,0.0
2011-10-31,2.0,0.0,0.0
2011-11-01,66.0,10.7,7.6
2011-11-02,0.0,29.0,42.6
2011-11-03,41.0,13.1,10.8
2011-11-04,4.0,18.0,17.5
2011-11-05,4.0,7.2,3.3
2011-11-06,2.0,17.7,17.1
2011-11-07,7.0,9.4,6.0
2011-11-08,0.0,1.3,0.0
2011-11-09,0.0,0.1,0.0
2011-11-10,0.0,0.7,0.0
2011-11-11,19.0,46.4,57.8
2011-11-13,2.0,16.9,16.4
2011-11-14,0.0,5.3,2.3
2011-11-15,2.0,2.7,0.0
2011-11-16,0.0,0.1,0.0
2011-11-17,0.0,0.2,0.0
2011-11-19,3.0,3.3,0.0
2011-11-20,0.0,0.7,0.0
2011-11-21,0.0,0.0,0.0
2011-11-23,1.0,0.5,0.0
2011-11-24,0.0,0.0,0.0
2011-11-25,0.0,3.7,1.0
2011-11-26,0.0,0.3,0.0
2011-11-27,44.0,13.7,14.1
2011-11-28,17.0,18.3,27.5
2011-11-29,77.0,14.6,16.1
2011-11-30,15.0,7.3,5.4
2011-12-01,0.0,0.0,0.0
2011-12-02,47.0,3.4,0.0
2011-12-03,0.0,10.7,9.9
2011-12-04,70.0,9.3,7.7
2011-12-07,0.0,0.1,0.0
2011-12-08,33.0,11.8,11.6
2011-12-09,10.0,23.5,43.9
2011-12-10,87.0,25.9,48.9
2011-12-11,0.0,0.0,0.0
2011-12-12,0.0,0.4,0.0
2011-12-13,34.0,8.6,13.7
2011-12-15,0.0,0.7,0.0
2011-12-16,0.0,0.3,0.0
2011-12-17,0.0,5.4,6.3
2011-12-18,0.0,1.2,0.0
2011-12-19,8.0,0.2,0.0
2011-12-20,0.0,0.0,0.0
2011-12-21,0.0,9.7,8.5
2011-12-22,69.0,31.0,61.5
2011-12-23,7.0,7.0,4.4
2011-12-24,6.0,2.0,0.0
2011-12-25,39.0,2.7,0.0
2011-12-26,3.0,6.2,3.2
2011-12-27,4.0,8.2,6.1
2011-12-28,6.0,4.0,1.0
2011-12-29,16.0,23.1,42.5
2011-12-31,104.0,15.7,26.4
2012-01-01,0.0,1.2,0.0
2012-01-02,18.0,6.3,5.8
2012-01-03,12.0,28.4,47.4
2012-01-04,0.0,3.1,1.7
2012-01-05,0.0,0.9,0.0
2012-01-06,1.0,0.8,0.0
2012-01-07,0.0,0.9,0.0
2012-01-08,5.0,4.0,2.8
2012-01-10,0.0,0.7,0.0
2012-01-11,50.0,3.7,1.7
2012-01-12,6.0,3.2,1.0
2012-01-13,19.0,16.9,30.0
2012-01-14,57.0,9.6,12.0
2012-01-15,0.0,0.2,0.0
2012-01-17,2.0,4.9,3.7
2012-01-18,157.0,93.7,115.1
2012-01-20,7.0,13.7,21.4
2012-01-22,0.0,3.7,3.1
2012-01-23,0.0,4.1,3.7
2012-01-24,0.0,13.8,21.5
2012-01-25,0.0,1.8,1.0
2012-01-26,12.0,0.3,0.0
2012-01-28,34.0,11.7,17.2
2012-01-30,0.0,3.2,2.3
2012-01-31,0.0,4.4,4.2
2012-02-01,0.0,2.3,1.0
2012-02-02,1.0,0.5,0.0
2012-02-03,0.0,0.0,0.0
2012-02-04,0.0,0.0,0.0
2012-02-05,0.0,2.7,1.5
2012-02-06,1.0,61.9,63.8
2012-02-07,41.0,1.8,1.0
2012-02-08,0.0,0.6,0.0
2012-02-11,1.0,0.4,0.0
2012-02-12,0.0,43.5,73.5
2012-02-13,9.0,58.0,87.9
2012-02-14,5.0,3.0,2.3
2012-02-15,2.0,1.4,1.0
2012-02-16,0.0,11.0,13.9
2012-02-18,11.0,10.5,12.9
2012-02-19,1.0,0.2,0.0
2012-02-20,5.0,0.6,0.0
2012-02-22,0.0,0.0,0.0
2012-02-23,0.0,0.2,0.0
2012-02-24,0.0,1.4,1.0
2012-02-25,0.0,1.7,1.0
2012-02-26,0.0,4.1,5.4
2012-02-27,0.0,0.7,0.0
2012-02-28,6.0,0.1,0.0
2012-02-29,0.0,2.2,1.7
2012-03-01,0.0,0.0,0.0
2012-03-02,5.0,0.4,0.0
2012-03-03,0.0,0.1,0.0
2012-03-04,1.0,7.9,9.6
2012-03-05,65.0,14.9,21.7
2012-03-06,0.0,8.5,10.5
2012-03-07,0.0,10.6,13.5
2012-03-08,40.0,19.0,31.4
2012-03-09,28.0,30.5,49.4
2012-03-11,76.0,49.1,108.1
2012-03-12,6.0,6.7,7.9
2012-03-13,0.0,2.1,1.1
2012-03-16,0.0,1.4,1.0
2012-03-17,0.0,1.5,1.0
2012-03-18,0.0,0.1,0.0
2012-03-20,0.0,0.8,0.0
2012-03-22,0.0,7.0,5.8
2012-03-23,0.0,3.5,1.8
2012-03-24,0.0,4.1,2.6
2012-03-26,20.0,8.7,7.6
2012-03-27,1.0,0.0,0.0
2012-03-28,40.0,37.0,46.2
2012-03-29,0.0,2.3,1.0
2012-03-30,12.0,13.5,12.9
2012-03-31,0.0,0.0,0.0
2012-04-01,6.0,2.7,1.0
2012-04-02,0.0,0.0,0.0
2012-04-03,0.0,0.0,0.0
2012-04-04,14.0,15.1,16.5
2012-04-05,27.0,10.0,9.3
2012-04-06,5.0,12.3,12.0
2012-04-07,4.0,0.5,0.0
2012-04-08,0.0,0.0,0.0
2012-04-09,4.0,1.0,0.0
2012-04-10,6.0,2.6,1.0
2012-04-11,62.0,12.8,14.1
2012-04-12,0.0,1.5,0.0
2012-04-13,94.0,19.0,25.3
2012-04-14,0.0,0.1,0.0
2012-04-17,0.0,0.6,0.0
2012-04-18,0.0,1.3,0.0
2012-04-19,0.0,0.8,0.0
2012-04-20,0.0,4.7,3.2
2012-04-21,0.0,59.0,59.8
2012-04-22,51.0,11.8,10.2
2012-04-23,0.0,20.2,19.6
2012-04-24,3.0,0.0,0.0
2012-04-25,0.0,2.8,1.0
2012-04-26,9.0,34.8,44.9
2012-04-27,50.0,0.2,0.0
2012-04-29,1.0,3.7,1.6
2012-04-30,3.0,7.2,5.2
2012-05-01,14.0,27.1,34.4
2012-05-02,0.0,7.2,4.5
2012-05-03,4.0,1.1,0.0
2012-05-04,8.0,33.9,47.0
2012-05-05,3.0,4.4,1.6
2012-05-06,0.0,2.6,1.0
2012-05-07,0.0,8.0,5.3
2012-05-08,6.0,24.2,28.9
2012-05-09,2.0,5.8,2.9
2012-05-10,0.0,2.1,0.0
2012-05-11,0.0,0.0,0.0
2012-05-12,0.0,0.0,0.0
2012-05-13,0.0,0.1,0.0
2012-05-14,0.0,0.0,0.0
2012-05-15,52.0,29.1,50.5
2012-05-16,0.0,4.4,1.8
2012-05-17,12.0,6.9,5.1
2012-05-18,64.0,55.7,110.2
2012-05-19,0.0,8.5,7.5
2012-05-20,26.0,30.0,53.1
2012-05-22,0.0,1.1,1.0
2012-05-23,0.0,0.0,0.0
2012-05-24,23.0,56.9,84.9
2012-05-25,0.0,0.1,0.0
2012-05-26,0.0,1.6,1.0
2012-05-27,0.0,0.6,0.0
2012-05-29,128.0,17.5,23.6
2012-05-30,68.0,25.5,38.9
2012-05-31,15.0,13.2,15.2
2012-06-01,0.0,0.4,0.0
2012-06-02,12.0,6.1,5.7
2012-06-03,20.0,24.9,42.6
2012-06-04,56.0,3.0,1.0
2012-06-05,3.0,8.0,8.5
2012-06-06,6.0,20.1,33.6
2012-06-07,28.0,1.7,0.0
2012-06-08,4.0,12.5,15.6
2012-06-09,0.0,0.0,0.0
2012-06-10,48.0,16.4,27.2
2012-06-11,23.0,35.1,54.9
2012-06-12,7.0,8.7,8.0
2012-06-13,0.0,2.5,1.0
2012-06-14,0.0,0.0,0.0
2012-06-15,7.0,1.0,0.0
2012-06-16,0.0,0.0,0.0
2012-06-17,0.0,0.0,0.0
2012-06-18,0.0,0.4,0.0
2012-06-19,0.0,2.0,1.0
2012-06-20,0.0,1.7,0.0
2012-06-21,0.0,1.0,1.0
2012-06-22,5.0,26.8,33.9
2012-06-23,0.0,5.0,5.8
2012-06-24,52.0,25.9,32.3
2012-06-25,0.0,0.3,0.0
2012-06-26,10.0,6.5,7.8
2012-06-27,4.0,8.3,10.0
2012-06-28,2.0,3.8,4.4
2012-06-29,50.0,46.7,59.1
2012-06-30,1.0,5.3,6.2
2012-07-01,0.0,0.0,0.0
2012-07-02,63.0,1.3,0.0
2012-07-03,5.0,0.0,0.0
2012-07-04,2.0,0.0,0.0
2012-07-05,31.0,4.3,3.5
2012-07-06,1.0,13.8,16.1
2012-07-07,28.0,3.0,1.9
2012-07-08,1.0,1.1,0.0
2012-07-09,0.0,2.0,1.0
2012-07-10,9.0,1.0,0.0
2012-07-11,0.0,13.9,15.5
2012-07-12,0.0,11.0,11.1
2012-07-13,0.0,12.9,13.6
2012-07-14,0.0,7.5,6.5
2012-07-15,39.0,2.5,1.0
2012-07-16,2.0,22.0,36.3
2012-07-18,11.0,48.7,69.0
2012-07-19,1.0,6.5,5.2
2012-07-20,0.0,1.3,0.0
2012-07-21,14.0,1.5,1.1
2012-07-22,0.0,0.7,0.0
2012-07-23,9.0,4.1,3.5
2012-07-24,0.0,7.9,7.5
2012-07-25,0.0,7.8,7.3
2012-07-26,0.0,3.9,3.4
2012-07-27,0.0,1.1,1.0
2012-07-28,0.0,0.0,0.0
2012-07-29,0.0,0.0,0.0
2012-07-30,1.0,1.7,1.3
2012-07-31,0.0,13.4,13.4
2012-08-01,0.0,5.0,5.6
2012-08-02,4.0,4.7,5.2
2012-08-03,7.0,2.8,3.1
2012-08-04,17.0,0.0,0.0
2012-08-05,0.0,0.0,0.0
2012-08-06,4.0,0.5,0.0
2012-08-07,0.0,0.0,0.0
2012-08-08,14.0,0.3,0.0
2012-08-09,0.0,3.4,3.8
2012-08-10,0.0,13.5,15.0
2012-08-11,0.0,0.4,0.0
2012-08-12,0.0,0.0,0.0
2012-08-13,11.0,0.0,0.0
2012-08-14,1.0,0.0,0.0
2012-08-15,1.0,0.0,0.0
2012-08-16,0.0,0.0,0.0
2012-08-17,16.0,5.3,4.3
2012-08-18,31.0,4.6,3.5
2012-08-19,1.0,3.9,2.8
2012-08-20,0.0,3.4,2.2
2012-08-21,6.0,0.0,0.0
2012-08-22,44.0,0.1,0.0
2012-08-24,0.0,0.0,0.0
2012-08-25,0.0,7.8,9.8
2012-08-26,1.0,2.7,2.9
2012-08-27,15.0,6.3,7.6
2012-08-28,0.0,0.0,0.0
2012-08-29,0.0,0.4,0.0
2012-08-30,0.0,0.1,0.0
2012-08-31,7.0,13.4,20.3
2012-09-01,3.0,0.4,0.0
2012-09-02,0.0,0.0,0.0
2012-09-03,0.0,1.6,2.4
2012-09-04,0.0,0.0,0.0
2012-09-05,0.0,0.0,0.0
2012-09-06,24.0,0.7,0.0
2012-09-07,0.0,7.0,9.8
2012-09-08,5.0,2.0,2.9
2012-09-09,0.0,0.1,0.0
2012-09-10,0.0,1.1,1.7
2012-09-11,3.0,0.1,0.0
2012-09-12,0.0,0.0,0.0
2012-09-13,0.0,14.5,18.8
2012-09-14,15.0,0.4,0.0
2012-09-15,0.0,4.5,4.1
2012-09-16,0.0,1.1,1.0
2012-09-17,34.0,0.0,0.0
2012-09-18,2.0,4.6,4.3
2012-09-19,50.0,14.1,15.8
2012-09-20,70.0,0.0,0.0
2012-09-21,0.0,0.0,0.0
2012-09-22,60.0,0.0,0.0
2012-09-23,1.0,0.0,0.0
2012-09-24,7.0,2.3,1.7
2012-09-25,6.0,5.0,5.5
2012-09-26,3.0,0.0,0.0
2012-09-27,0.0,0.0,0.0
2012-09-28,35.0,0.0,0.0
2012-09-29,11.0,8.2,10.0
2012-09-30,0.0,2.8,2.5
2012-10-01,0.0,0.0,0.0
2012-10-02,5.0,0.1,0.0
2012-10-03,0.0,0.0,0.0
2012-10-04,21.0,0.1,0.0
2012-10-05,0.0,0.8,0.0
2012-10-06,0.0,6.3,5.4
2012-10-07,0.0,0.0,0.0
2012-10-08,0.0,0.0,0.0
2012-10-09,8.0,0.2,0.0
2012-10-10,0.0,2.4,1.0
2012-10-11,0.0,0.2,0.0
2012-10-12,9.0,24.7,39.9
2012-10-13,0.0,0.1,0.0
2012-10-14,0.0,0.0,0.0
2012-10-15,0.0,10.0,10.5
2012-10-16,3.0,25.1,41.4
2012-10-17,2.0,5.5,4.2
2012-10-18,51.0,10.9,12.0
2012-10-19,72.0,12.3,14.2
2012-10-20,0.0,0.0,0.0
2012-10-21,0.0,0.6,0.0
2012-10-22,70.0,0.5,0.0
2012-10-23,1.0,8.7,7.1
2012-10-24,8.0,23.8,35.4
2012-10-25,6.0,20.4,27.2
2012-10-26,0.0,4.1,1.3
2012-10-27,1.0,12.6,12.6
2012-10-28,40.0,0.0,0.0
2012-10-29,0.0,0.1,0.0
2012-10-30,12.0,0.4,0.0
2012-10-31,0.0,2.4,0.0
2012-11-01,14.0,26.7,37.6
2012-11-02,5.0,11.4,8.6
2012-11-03,64.0,12.1,9.4
2012-11-04,10.0,4.6,1.0
2012-11-05,8.0,5.2,1.1
2012-11-06,2.0,0.7,0.0
2012-11-07,0.0,0.1,0.0
2012-11-08,5.0,3.5,0.0
2012-11-09,0.0,0.0,0.0
2012-11-10,0.0,16.0,14.6
2012-11-11,6.0,16.0,14.9
2012-11-12,0.0,0.0,0.0
2012-11-13,0.0,0.0,0.0
2012-11-14,0.0,0.0,0.0
2012-11-15,0.0,4.7,1.6
2012-11-16,2.0,19.2,19.0
2012-11-17,0.0,3.2,0.0
2012-11-18,0.0,1.4,0.0
2012-11-19,10.0,23.9,28.3
2012-11-20,7.0,0.2,0.0
2012-11-21,4.0,1.9,0.0
2012-11-22,4.0,6.9,5.0
2012-11-23,45.0,14.4,15.8
2012-11-24,7.0,4.6,2.0
2012-11-25,9.0,8.3,6.8
2012-11-26,0.0,0.0,0.0
2012-11-27,0.0,0.0,0.0
2012-11-28,0.0,1.4,0.0
2012-11-29,0.0,0.1,0.0
2012-11-30,0.0,0.9,0.0
2012-12-01,5.0,12.3,12.6
2012-12-02,115.0,53.8,84.5
2012-12-03,14.0,3.1,0.0
2012-12-04,46.0,14.5,16.6
2012-12-05,0.0,1.8,0.0
2012-12-06,6.0,5.3,1.8
2012-12-07,0.0,2.8,0.0
2012-12-08,0.0,1.3,0.0
2012-12-09,9.0,25.4,47.8
2012-12-10,0.0,0.0,0.0
2012-12-11,0.0,3.3,2.1
2012-12-12,0.0,0.5,0.0
2012-12-13,1.0,13.2,28.9
2012-12-14,3.0,0.3,0.0
2012-12-15,2.0,0.2,0.0
2012-12-16,0.0,0.2,0.0
2012-12-17,0.0,0.0,0.0
2012-12-18,0.0,0.0,0.0
2012-12-19,0.0,1.2,0.0
2012-12-20,0.0,5.7,7.0
2012-12-21,0.0,0.4,0.0
2012-12-22,60.0,6.8,4.0
2012-12-23,82.0,8.6,6.8
2012-12-24,7.0,0.5,0.0
2012-12-25,0.0,0.2,0.0
2012-12-26,53.0,13.9,22.6
2012-12-27,0.0,4.5,1.0
2012-12-28,2.0,4.1,1.0
2012-12-29,3.0,3.2,0.0
2012-12-30,5.0,31.6,60.4
2012-12-31,0.0,2.9,0.0
2013-01-01,8.0,30.4,53.5
2013-01-02,0.0,0.7,0.0
2013-01-03,0.0,2.1,1.0
2013-01-04,0.0,1.2,0.0
2013-01-05,0.0,13.9,19.1
2013-01-06,14.5,10.5,11.5
2013-01-07,2.0,8.9,9.3
2013-01-08,25.5,0.4,0.0
2013-01-09,1.0,0.2,0.0
2013-01-10,0.0,0.4,0.0
2013-01-11,0.0,1.3,0.0
2013-01-12,0.0,3.3,1.1
2013-01-13,0.0,0.9,0.0
2013-01-14,0.0,9.5,11.4
2013-01-15,1.0,0.4,0.0
2013-01-16,0.0,6.3,6.0
2013-01-17,5.0,0.0,0.0
2013-01-18,0.0,5.2,4.1
2013-01-19,3.0,0.0,0.0
2013-01-20,0.0,0.0,0.0
2013-01-21,0.0,0.0,0.0
2013-01-22,0.0,0.0,0.0
2013-01-23,85.0,7.1,8.1
2013-01-24,0.0,7.6,8.9
2013-01-25,164.5,33.6,74.9
2013-01-26,0.0,0.6,0.0
2013-01-27,6.0,11.3,14.9
2013-01-28,1.0,7.1,8.1
2013-01-29,1.0,0.4,0.0
2013-01-30,0.0,0.4,0.0
2013-01-31,6.0,24.6,47.8
2013-02-01,3.5,1.0,0.0
2013-02-02,2.0,5.5,5.5
2013-02-03,0.0,0.7,0.0
2013-02-04,0.0,0.0,0.0
2013-02-05,0.0,0.0,0.0
2013-02-06,5.4,8.5,10.3
2013-02-07,0.0,0.0,0.0
2013-02-08,1.0,2.1,1.0
2013-02-09,7.5,8.5,10.2
2013-02-10,0.0,0.1,0.0
2013-02-11,2.0,0.4,0.0
2013-02-12,8.0,17.4,24.6
2013-02-13,2.0,0.8,0.0
2013-02-14,0.0,5.8,6.3
2013-02-15,29.5,51.2,87.3
2013-02-16,0.0,0.3,0.0
2013-02-17,3.0,6.9,7.9
2013-02-18,3.5,13.5,16.9
2013-02-19,3.0,1.9,1.0
2013-02-20,2.4,17.0,23.2
2013-02-21,1.0,2.3,1.9
2013-02-22,0.0,3.3,3.8
2013-02-23,0.0,0.3,0.0
2013-02-24,0.0,3.6,4.4
2013-02-25,1.0,4.5,6.2
2013-02-26,0.0,0.2,0.0
2013-02-27,0.0,0.0,0.0
2013-02-28,9.0,10.7,24.5
2013-03-01,0.0,0.0,0.0
2013-03-02,0.0,6.5,7.5
2013-03-03,1.5,0.2,0.0
2013-03-04,0.0,2.4,1.9
2013-03-05,2.5,27.9,45.5
2013-03-06,7.5,1.4,1.0
2013-03-07,0.0,0.0,0.0
2013-03-08,37.0,4.7,5.0
2013-03-09,7.5,1.6,1.0
2013-03-10,6.5,11.4,14.8
2013-03-11,4.5,6.2,7.1
2013-03-12,0.0,3.6,3.3
2013-03-13,0.0,3.4,2.9
2013-03-14,0.0,0.1,0.0
2013-03-15,0.5,1.2,0.0
2013-03-16,2.5,0.1,0.0
2013-03-17,1.5,13.5,18.5
2013-03-18,0.0,1.8,1.0
2013-03-19,3.0,13.3,18.3
2013-03-20,0.0,0.0,0.0
2013-03-21,10.0,1.7,0.0
2013-03-22,49.0,46.7,57.1
2013-03-23,0.0,3.0,1.2
2013-03-24,0.0,4.7,3.2
2013-03-25,0.0,0.0,0.0
2013-03-26,51.5,8.4,7.3
2013-03-27,23.5,25.9,31.9
2013-03-28,35.0,8.1,7.0
2013-03-29,0.0,0.1,0.0
2013-03-30,0.0,9.8,8.8
2013-03-31,0.0,4.9,3.4
2013-04-01,0.5,12.9,12.8
2013-04-02,0.3,2.6,1.0
2013-04-03,11.5,6.0,4.5
2013-04-04,20.0,98.7,110.7
2013-04-05,0.8,13.4,13.4
2013-04-06,39.8,18.2,20.0
2013-04-07,98.0,19.5,21.6
2013-04-08,26.7,21.7,24.0
2013-04-09,13.9,10.3,9.6
2013-04-10,8.5,39.7,66.1
2013-04-11,10.5,5.8,4.7
2013-04-12,9.5,16.2,17.9
2013-04-13,0.0,0.0,0.0
2013-04-14,8.5,11.1,11.2
2013-04-15,0.0,0.1,0.0
2013-04-16,0.0,1.6,0.0
2013-04-17,1.0,18.0,23.5
2013-04-18,58.0,2.8,1.0
2013-04-19,1.0,34.7,50.5
2013-04-20,4.5,41.8,59.4
2013-04-21,0.0,0.1,0.0
2013-04-22,0.0,6.8,4.8
2013-04-23,54.0,6.5,4.4
2013-04-24,15.5,0.3,0.0
2013-04-25,44.0,32.4,42.1
2013-04-26,9.5,21.7,26.5
2013-04-27,0.0,6.0,3.9
2013-04-28,1.8,23.3,29.1
2013-04-29,2.5,19.7,18.7
2013-04-30,38.5,8.3,6.4
2013-05-01,1.0,1.6,0.0
2013-05-02,12.5,1.0,0.0
2013-05-03,0.6,0.9,0.0
2013-05-04,0.0,0.1,0.0
2013-05-05,0.0,0.2,0.0
2013-05-06,14.5,58.9,83.5
2013-05-07,7.5,9.4,6.9
2013-05-08,2.0,7.7,5.0
2013-05-09,1.0,14.1,12.5
2013-05-10,10.0,4.1,1.3
2013-05-11,25.0,2.6,0.0
2013-05-12,5.7,16.9,22.2
2013-05-13,0.0,6.6,4.7
2013-05-14,16.0,42.2,97.9
2013-05-15,1.5,0.1,0.0
2013-05-16,2.6,1.7,0.0
2013-05-18,0.5,0.0,0.0
2013-05-19,0.0,0.0,0.0
2013-05-20,0.0,0.0,0.0
2013-05-21,61.5,54.6,82.7
2013-05-22,0.0,0.1,0.0
2013-05-23,22.5,5.8,5.1
2013-05-24,3.0,1.8,1.0
2013-05-25,0.0,6.9,6.6
2013-05-26,5.5,4.6,3.8
2013-05-27,0.0,1.7,1.0
2013-05-28,5.0,26.1,39.2
2013-05-29,39.5,6.6,6.1
2013-05-30,2.5,12.0,13.1
2013-05-31,29.5,12.6,14.0
2013-06-01,0.0,0.0,0.0
2013-06-02,0.0,0.5,0.0
2013-06-03,0.0,2.6,1.0
2013-06-04,20.0,21.1,35.9
2013-06-05,0.0,2.5,1.0
2013-06-06,1.0,2.8,1.0
2013-06-07,51.0,5.4,4.6
2013-06-08,16.0,5.0,4.0
2013-06-09,3.0,0.6,0.0
2013-06-10,12.0,33.9,55.7
2013-06-11,6.0,28.1,43.3
2013-06-12,11.5,5.1,3.5
2013-06-13,11.5,11.8,12.1
2013-06-14,0.0,2.0,1.0
2013-06-15,0.0,0.4,0.0
2013-06-16,0.0,0.0,0.0
2013-06-17,0.0,0.0,0.0
2013-06-18,1.5,2.9,1.0
2013-06-19,1.5,0.3,0.0
2013-06-20,0.0,0.0,0.0
2013-06-21,0.0,0.0,0.0
2013-06-22,0.0,0.4,0.0
2013-06-23,6.0,0.4,0.0
2013-06-24,0.0,0.0,0.0
2013-06-25,11.9,11.1,13.8
2013-06-26,0.0,0.7,0.0
2013-06-27,26.0,3.0,3.3
2013-06-28,8.5,33.3,43.2
2013-06-29,0.0,0.8,0.0
2013-06-30,17.5,5.4,6.4
2013-07-01,12.0,18.1,23.1
2013-07-02,0.0,1.3,0.0
2013-07-03,4.0,5.8,5.5
2013-07-04,3.5,21.2,26.7
2013-07-05,24.5,14.1,16.1
2013-07-06,2.5,6.8,6.7
2013-07-07,11.2,23.9,30.5
2013-07-09,0.0,1.0,0.0
2013-07-10,65.5,17.0,22.2
2013-07-11,3.9,3.9,2.1
2013-07-12,6.5,1.9,0.0
2013-07-13,2.0,2.8,1.0
2013-07-14,23.0,17.1,27.7
2013-07-15,14.0,52.2,71.9
2013-07-16,15.0,9.7,9.3
2013-07-17,36.0,28.8,47.3
2013-07-18,9.0,5.1,3.4
2013-07-20,42.0,17.9,29.4
2013-07-21,0.0,0.0,0.0
2013-07-23,13.6,23.9,31.5
2013-07-24,8.2,18.5,24.2
2013-07-25,0.5,2.8,2.3
2013-07-26,42.0,11.6,11.3
2013-07-27,0.0,1.3,1.0
2013-07-28,0.0,0.1,0.0
2013-07-29,5.6,7.1,6.6
2013-07-30,6.0,4.6,4.0
2013-07-31,0.0,4.1,3.6
2013-08-01,6.5,9.6,10.9
2013-08-02,38.5,39.0,45.6
2013-08-03,0.0,1.5,1.8
2013-08-04,6.0,6.2,6.9
2013-08-05,0.0,0.3,0.0
2013-08-06,4.0,6.1,6.8
2013-08-07,2.0,1.3,1.6
2013-08-08,53.5,4.0,4.5
2013-08-09,59.0,15.8,18.0
2013-08-10,0.0,0.9,1.2
2013-08-12,8.2,15.5,14.5
2013-08-14,5.5,11.3,10.3
2013-08-15,6.5,6.2,5.2
2013-08-16,19.5,1.6,1.0
2013-08-17,14.0,1.5,0.0
2013-08-18,0.0,1.1,0.0
2013-08-19,0.0,0.1,0.0
2013-08-20,0.0,10.6,9.7
2013-08-21,5.0,10.9,13.6
2013-08-22,1.5,3.6,4.0
2013-08-23,0.0,1.2,1.0
2013-08-24,0.0,0.5,0.0
2013-08-25,0.0,0.0,0.0
2013-08-26,0.0,1.2,1.0
2013-08-27,15.0,8.1,10.0
2013-08-29,7.5,2.0,1.9
2013-08-31,3.5,2.1,2.0
2013-09-01,10.0,7.0,9.5
2013-09-02,0.0,1.2,1.8
2013-09-03,0.0,0.0,0.0
2013-09-04,16.5,0.0,0.0
2013-09-05,0.0,0.2,0.0
2013-09-06,0.0,2.0,3.0
2013-09-07,0.0,1.1,1.7
2013-09-08,0.5,0.6,0.0
2013-09-09,31.0,2.9,4.0
2013-09-10,0.0,1.1,1.7
2013-09-11,6.0,1.5,1.0
2013-09-12,7.0,12.5,13.8
2013-09-14,26.5,9.1,9.7
2013-09-15,14.0,3.9,3.4
2013-09-17,2.0,8.5,9.0
2013-09-18,13.0,16.4,23.2
2013-09-19,0.0,0.0,0.0
2013-09-20,0.0,0.6,0.0
2013-09-21,0.0,0.0,0.0
2013-09-22,0.0,0.4,0.0
2013-09-23,0.0,1.0,0.0
2013-09-24,0.0,0.0,0.0
2013-09-25,0.0,0.0,0.0
2013-09-26,0.0,0.0,0.0
2013-09-27,3.0,1.4,1.0
2013-09-28,0.0,0.2,0.0
2013-09-29,2.0,7.8,9.5
2013-09-30,5.5,11.8,15.0
2013-10-01,51.0,22.2,28.8
2013-10-02,9.4,1.5,0.0
2013-10-03,0.0,0.0,0.0
2013-10-04,0.0,5.8,4.8
2013-10-06,7.0,1.6,0.0
2013-10-07,5.0,3.4,2.1
2013-10-09,10.5,7.6,6.9
2013-10-10,1.5,4.1,2.9
2013-10-11,0.0,0.2,0.0
2013-10-12,0.0,0.1,0.0
2013-10-13,3.0,0.0,0.0
2013-10-15,0.0,0.8,0.0
2013-10-16,0.0,1.1,0.0
2013-10-17,0.0,0.0,0.0
2013-10-18,0.0,0.0,0.0
2013-10-19,0.0,0.0,0.0
2013-10-20,0.0,0.0,0.0
2013-10-21,0.0,0.0,0.0
2013-10-22,8.0,0.0,0.0
2013-10-23,0.0,0.2,0.0
2013-10-24,0.0,0.0,0.0
2013-10-25,0.0,0.0,0.0
2013-10-26,13.5,24.1,35.7
2013-10-27,12.5,22.1,31.4
2013-10-28,37.0,25.6,39.0
2013-10-29,36.0,22.8,33.3
2013-10-30,5.0,6.5,4.2
2013-10-31,1.5,12.0,11.7
2013-11-02,0.0,3.1,0.0
2013-11-03,24.0,5.7,1.6
2013-11-04,13.5,5.3,1.1
2013-11-05,12.0,38.3,61.8
2013-11-06,0.0,0.0,0.0
2013-11-07,41.0,31.2,47.6
2013-11-08,0.0,0.1,0.0
2013-11-09,0.0,0.8,0.0
2013-11-10,0.0,0.1,0.0
2013-11-11,0.0,0.0,0.0
2013-11-12,0.0,4.2,1.0
2013-11-14,0.0,0.0,0.0
2013-11-15,0.0,0.8,0.0
2013-11-16,2.0,15.6,14.8
2013-11-17,3.0,2.0,0.0
2013-11-18,32.2,51.3,63.3
2013-11-19,0.5,6.5,3.8
2013-11-20,0.0,1.3,0.0
2013-11-23,0.0,0.6,0.0
2013-11-24,2.0,8.8,7.4
2013-11-25,0.0,0.4,0.0
2013-11-26,13.0,7.6,5.8
2013-11-27,0.5,2.4,0.0
2013-11-28,31.0,2.6,0.0
2013-11-29,8.0,7.4,5.6
2013-11-30,6.0,18.0,26.6
2013-12-01,13.0,0.8,0.0
2013-12-02,10.0,3.9,1.0
2013-12-03,5.5,3.5,0.0
2013-12-05,10.5,2.7,0.0
2013-12-06,0.0,0.5,0.0
2013-12-07,4.0,6.4,3.2
2013-12-08,0.0,1.4,0.0
2013-12-10,0.0,1.3,0.0
2013-12-11,0.0,0.2,0.0
2013-12-12,6.0,6.3,8.3
2013-12-13,3.0,7.8,11.4
2013-12-14,5.0,5.4,6.4
2013-12-15,5.5,3.7,3.0
2013-12-16,4.0,10.7,17.1
2013-12-18,4.0,21.8,53.9
2013-12-19,0.0,0.5,0.0
2013-12-20,0.0,0.6,0.0
2013-12-21,4.0,11.9,12.4
2013-12-22,6.0,29.9,57.5
2013-12-23,0.0,0.4,0.0
2013-12-24,0.0,0.0,0.0
2013-12-26,0.0,1.7,0.0
2013-12-27,0.0,0.5,0.0
2013-12-29,0.0,4.8,1.2
2013-12-30,4.0,16.9,28.6
2013-12-31,18.0,13.8,22.6
2014-01-01,8.0,50.9,88.7
2014-01-02,0.0,1.3,0.0
2014-01-03,0.0,3.3,1.9
2014-01-04,25.0,3.1,1.6
2014-01-05,0.0,2.5,1.0
2014-01-06,26.0,95.1,88.6
2014-01-07,19.0,30.6,53.7
2014-01-08,0.0,1.9,0.0
2014-01-09,0.0,10.4,11.6
2014-01-10,44.0,3.1,1.6
2014-01-11,6.0,7.6,8.3
2014-01-12,7.0,8.8,10.2
2014-01-13,0.0,2.1,0.0
2014-01-14,0.0,3.7,1.7
2014-01-15,0.0,14.7,23.8
2014-01-16,7.0,11.7,15.3
2014-01-17,0.0,1.4,0.0
2014-01-18,0.0,0.0,0.0
2014-01-19,1.0,0.4,0.0
2014-01-20,0.0,1.0,0.0
2014-01-21,0.0,14.9,23.7
2014-01-22,0.0,1.1,0.0
2014-01-23,0.0,0.6,0.0
2014-01-24,0.0,7.5,8.8
2014-01-25,0.0,3.4,2.6
2014-01-26,2.0,4.2,3.9
2014-01-27,4.0,0.0,0.0
2014-01-28,0.0,0.4,0.0
2014-01-29,0.0,2.3,1.1
2014-01-30,0.0,0.0,0.0
2014-01-31,0.0,0.1,0.0
2014-02-01,0.0,0.0,0.0
2014-02-02,0.0,0.0,0.0
2014-02-03,0.0,1.0,0.0
2014-02-04,0.0,1.4,0.0
2014-02-05,0.0,0.0,0.0
2014-02-06,0.0,0.0,0.0
2014-02-07,0.0,0.0,0.0
2014-02-08,0.0,0.2,0.0
2014-02-09,0.0,0.0,0.0
2014-02-10,5.0,2.7,1.4
2014-02-11,0.0,9.7,11.9
2014-02-12,0.0,6.6,7.4
2014-02-13,0.0,1.4,1.0
2014-02-14,0.0,1.5,1.0
2014-02-15,2.0,12.1,15.5
2014-02-16,0.0,0.3,0.0
2014-02-17,0.0,0.2,0.0
2014-02-18,0.0,0.4,0.0
2014-02-19,0.0,0.0,0.0
2014-02-20,0.0,2.7,1.9
2014-02-21,24.0,8.1,13.9
2014-02-22,0.0,0.6,0.0
2014-02-23,0.0,3.3,3.9
2014-02-24,0.0,1.1,0.0
2014-02-25,0.0,0.0,0.0
2014-02-26,1.0,0.3,0.0
2014-02-27,0.0,0.0,0.0
2014-02-28,20.0,23.6,63.2
2014-03-01,4.0,0.0,0.0
2014-03-02,0.0,0.0,0.0
2014-03-03,51.0,0.1,0.0
2014-03-04,0.0,0.0,0.0
2014-03-05,0.0,0.0,0.0
2014-03-06,0.0,1.2,1.0
2014-03-07,0.0,0.1,0.0
2014-03-08,0.0,0.0,0.0
2014-03-09,0.0,0.0,0.0
2014-03-10,0.0,0.0,0.0
2014-03-11,0.0,0.0,0.0
2014-03-12,1.0,0.0,0.0
2014-03-13,0.0,1.1,0.0
2014-03-14,1.0,3.6,3.2
2014-03-15,3.0,14.7,19.9
2014-03-16,0.0,0.2,0.0
2014-03-17,0.0,1.1,0.0
2014-03-18,8.0,5.9,6.6
2014-03-19,0.0,0.0,0.0
2014-03-20,9.0,0.0,0.0
2014-03-21,10.0,10.6,9.7
2014-03-22,0.0,1.7,0.0
2014-03-23,0.0,28.4,34.9
2014-03-24,0.0,0.0,0.0
2014-03-25,34.0,2.6,1.0
2014-03-26,3.0,1.2,0.0
2014-03-27,37.0,55.8,66.0
2014-03-28,58.0,34.4,43.5
2014-03-29,0.0,2.0,0.0
2014-03-30,0.0,0.2,0.0
2014-03-31,0.0,6.3,5.0
2014-04-01,131.0,0.4,0.0
2014-04-02,95.0,10.8,10.2
2014-04-03,0.0,0.8,0.0
2014-04-04,0.0,1.0,0.0
2014-04-05,0.0,0.0,0.0
2014-04-06,54.0,56.7,91.5
2014-04-07,29.0,15.2,15.6
2014-04-08,1.0,3.5,1.8
2014-04-09,4.0,10.0,9.2
2014-04-10,0.0,2.7,1.0
2014-04-11,0.0,0.7,0.0
2014-04-12,0.0,0.1,0.0
2014-04-13,0.0,6.3,5.3
2014-04-14,0.0,0.4,0.0
2014-04-15,0.0,1.2,0.0
2014-04-16,33.0,7.1,6.3
2014-04-17,2.0,5.1,3.8
2014-04-18,0.0,6.0,4.9
2014-04-19,0.0,0.6,0.0
2014-04-20,0.0,1.4,0.0
2014-04-21,0.0,5.7,3.7
2014-04-22,1.0,5.8,3.7
2014-04-23,54.0,50.4,55.8
2014-04-24,11.0,0.0,0.0
2014-04-25,0.0,0.0,0.0
2014-04-26,19.0,14.1,12.7
2014-04-27,1.0,0.2,0.0
2014-04-28,52.0,37.0,46.3
2014-04-29,5.0,3.6,1.5
2014-04-30,0.0,0.6,0.0
2014-05-01,31.0,25.9,32.0
2014-05-02,0.0,1.9,0.0
2014-05-03,0.0,0.0,0.0
2014-05-04,0.0,0.0,0.0
2014-05-05,0.0,0.0,0.0
2014-05-06,0.0,0.0,0.0
2014-05-07,0.0,8.3,5.6
2014-05-08,22.0,3.3,1.0
2014-05-09,0.0,0.1,0.0
2014-05-10,0.0,0.0,0.0
2014-05-11,23.0,12.0,13.0
2014-05-12,39.0,23.0,35.6
2014-05-13,1.0,7.6,6.0
2014-05-14,74.0,8.6,7.7
2014-05-15,2.0,2.7,0.0
2014-05-16,0.0,8.2,7.0
2014-05-17,12.0,26.6,43.9
2014-05-18,0.0,0.0,0.0
2014-05-29,51.2,19.8,27.7
2014-05-30,5.0,16.4,19.3
2014-06-02,2.4,10.1,11.8
2014-06-08,0.0,1.2,0.0
2014-06-27,5.0,7.8,9.5
2014-07-02,2.0,3.8,2.8
2014-08-01,2.2,7.6,8.5
2014-08-03,12.0,9.1,10.2
2014-08-04,24.0,0.0,0.0
2014-08-05,0.0,0.0,0.0
2014-08-06,0.0,0.0,0.0
2014-08-07,0.0,10.5,11.7
2014-08-10,13.0,20.8,20.4
2014-08-11,6.5,0.0,0.0
2014-08-12,0.0,0.0,0.0
2014-08-13,0.0,0.0,0.0
2014-08-14,0.0,0.7,0.0
2014-08-15,0.0,2.8,1.6
2014-08-16,0.0,0.0,0.0
2014-08-17,0.0,0.0,0.0
2014-08-18,0.0,3.7,2.6
2014-09-01,1.5,0.3,0.0
2014-09-13,0.0,0.0,0.0
2014-11-01,0.0,3.5,0.0
2014-11-02,77.0,8.8,5.3
2014-11-04,4.0,3.8,0.0
2014-12-01,2.5,0.2,0.0
2015-01-01,1.0,1.7,0.0
2015-01-02,1.5,0.3,0.0
2015-01-03,11.5,7.6,7.6
2015-02-01,0.0,0.1,0.0
2015-02-03,9.0,5.0,4.8
2015-02-04,4.5,12.8,20.3
2015-02-10,10.6,33.9,55.8
2015-02-11,45.5,15.1,19.7
2015-02-20,51.5,42.0,70.6
2015-02-24,0.0,4.0,5.2
2015-02-28,0.0,0.3,0.0
2015-03-02,0.0,21.8,35.4
2015-03-03,13.0,6.0,6.8
2015-03-04,6.0,10.9,13.8
2015-03-05,2.0,32.0,51.7
2015-03-06,57.3,0.9,0.0
2015-03-07,57.3,28.9,47.3
2015-03-08,6.0,0.3,0.0
2015-03-09,31.0,0.0,0.0
2015-03-10,3.0,1.9,1.2
2015-03-11,0.0,22.9,38.7
2015-03-12,24.0,0.9,0.0
2015-03-14,0.5,0.1,0.0
2015-03-15,0.0,5.9,6.8
2015-03-17,1.5,0.5,0.0
2015-03-18,1.8,1.8,1.0
2015-03-19,15.5,4.6,4.7
2015-03-20,5.0,46.0,108.1
2015-03-21,138.5,1.2,0.0
2015-03-22,0.0,11.5,10.7
2015-03-23,6.5,9.8,8.9
2015-03-25,7.0,0.7,0.0
2015-03-26,1.5,0.0,0.0
2015-03-27,0.0,0.0,0.0
2015-03-28,0.0,0.0,0.0
2015-03-29,0.0,8.3,7.2
2015-03-31,0.0,10.5,9.5
2015-04-01,2.8,0.1,0.0
2015-05-13,1.0,7.6,6.1
2015-05-15,28.0,6.4,4.4
2015-05-17,1.5,7.6,6.1
2015-05-19,20.0,0.0,0.0
2015-05-20,0.0,0.0,0.0
2015-05-21,0.0,0.7,0.0
2015-05-23,0.0,0.0,0.0
2015-05-24,7.1,0.0,0.0
2015-05-25,0.0,0.0,0.0
2015-05-27,0.0,0.0,0.0
2015-05-28,0.0,0.0,0.0
2015-05-29,0.0,0.1,0.0
2015-06-01,0.0,0.1,0.0
2015-06-02,0.0,6.2,5.8
2015-06-03,1.0,6.0,5.5
2015-06-06,1.8,0.2,0.0
2015-06-07,6.0,4.2,2.7
2015-06-08,3.5,10.1,11.7
2015-06-09,2.5,0.3,0.0
2015-06-10,6.6,2.5,1.0
2015-06-11,3.6,17.8,21.2
2015-06-12,9.0,9.0,8.3
2015-06-13,16.5,12.7,13.2
2015-06-15,19.5,11.4,11.5
2015-06-16,12.0,1.7,0.0
2015-06-17,2.0,0.4,0.0
2015-06-18,2.0,1.7,0.0
2015-06-19,2.0,18.4,23.5
2015-06-20,1.0,2.1,1.0
2015-06-21,0.0,7.3,8.8
2015-06-22,6.0,0.0,0.0
2015-06-23,0.0,0.5,0.0
2015-06-24,0.0,0.0,0.0
2015-06-25,1.6,1.8,1.8
2015-06-26,1.5,0.0,0.0
2015-06-27,0.0,4.0,4.6
2015-06-28,43.5,4.4,5.1
2015-06-29,3.8,4.9,5.7
2015-06-30,19.0,0.1,0.0
2015-07-01,0.0,7.5,7.7
2015-07-02,28.0,0.0,0.0
2015-07-03,7.5,0.0,0.0
2015-07-06,0.0,0.0,0.0
2015-07-07,0.0,0.0,0.0
2015-07-08,0.0,0.0,0.0
2015-07-09,0.0,0.3,0.0
2015-07-11,0.0,0.5,0.0
2015-07-12,0.0,0.0,0.0
2015-07-13,0.0,0.0,0.0
2015-07-14,0.0,0.0,0.0
2015-07-15,0.0,0.0,0.0
2015-07-16,0.0,8.9,8.2
2015-07-17,21.0,0.1,0.0
2015-07-18,0.0,0.0,0.0
2015-07-19,0.0,0.0,0.0
2015-07-20,0.0,0.0,0.0
2015-07-21,0.0,0.0,0.0
2015-07-22,0.0,0.0,0.0
2015-07-24,0.0,0.0,0.0
2015-07-25,0.0,0.0,0.0
2015-07-26,1.5,0.8,0.0
2015-07-28,0.0,0.0,0.0
2015-07-29,0.0,0.0,0.0
2015-07-30,3.0,0.0,0.0
2015-07-31,0.0,0.0,0.0
2015-08-02,0.0,0.5,0.0
2015-08-03,1.5,0.1,0.0
2015-08-04,9.0,0.0,0.0
2015-08-05,0.0,0.0,0.0
2015-08-06,0.0,0.3,0.0
2015-08-07,0.0,1.2,1.5
2015-08-09,4.0,0.9,0.0
2015-08-10,1.0,0.0,0.0
2015-08-11,1.0,0.0,0.0
2015-08-13,2.5,0.5,0.0
2015-08-14,0.5,0.0,0.0
2015-08-15,0.0,0.0,0.0
2015-08-16,0.0,0.0,0.0
2015-08-19,0.0,4.8,3.7
2015-08-20,0.0,0.0,0.0
2015-08-21,0.0,0.0,0.0
2015-08-23,0.0,0.0,0.0
2015-08-25,0.0,0.0,0.0
2015-08-26,0.0,2.1,2.0
2015-08-29,2.5,0.0,0.0
2015-09-01,0.0,0.0,0.0
2015-09-02,0.0,0.0,0.0
2015-09-04,0.0,0.0,0.0
2015-09-05,0.0,0.0,0.0
2015-09-06,0.0,0.0,0.0
2015-09-08,0.0,0.0,0.0
2015-09-09,0.0,0.0,0.0
2015-09-11,0.0,0.0,0.0
2015-09-12,0.0,0.0,0.0
2015-09-14,42.0,1.7,1.0
2015-09-18,0.0,0.0,0.0
2015-09-19,0.0,2.1,1.4
2015-09-20,19.0,16.7,23.7
2015-10-08,0.0,0.0,0.0
2015-10-12,0.0,0.0,0.0
2015-10-16,0.0,0.0,0.0
2015-11-01,0.0,0.6,0.0
2015-11-02,0.0,6.3,2.2
2015-11-03,0.0,9.3,5.8
2015-11-04,12.6,1.5,0.0
2015-11-05,0.0,0.0,0.0
2015-11-06,0.0,5.5,1.4
2015-11-08,15.8,11.3,8.4
2015-11-09,1.0,0.5,0.0
2015-11-10,0.0,47.7,78.7
2015-11-11,21.0,26.9,32.9
2015-11-12,7.0,57.7,69.4
2015-11-13,28.2,0.0,0.0
2015-11-14,0.0,6.3,3.4
2015-11-15,0.0,0.7,0.0
2015-11-16,0.0,0.7,0.0
2015-11-18,25.0,9.4,7.2
2015-11-19,57.3,0.0,0.0
2015-11-20,0.0,1.4,0.0
2015-11-21,0.0,0.4,0.0
2015-11-22,0.0,0.0,0.0
2015-11-23,0.0,0.8,0.0
2015-11-24,6.0,24.7,41.2
2015-11-25,59.6,9.1,7.7
2015-11-27,0.5,5.0,2.5
2015-11-29,3.5,0.0,0.0
2015-11-30,2.5,3.6,1.0
2015-12-01,11.0,0.6,0.0
2015-12-02,0.0,1.9,0.0
2015-12-05,0.0,0.8,0.0
2015-12-06,0.0,0.0,0.0
2015-12-10,0.0,0.7,0.0
2015-12-14,21.0,1.5,0.0
2015-12-16,22.5,8.3,12.6
2015-12-19,0.0,0.0,0.0
2015-12-20,0.0,2.4,1.0
2015-12-28,18.0,0.0,0.0
2015-12-29,3.5,0.1,0.0
2015-12-30,2.5,0.0,0.0
2016-01-01,0.0,0.0,0.0
2016-01-04,5.0,7.8,7.8
2016-01-05,13.0,3.3,1.9
2016-01-06,3.0,0.2,0.0
2016-01-09,0.0,0.0,0.0
2016-01-10,1.0,0.0,0.0
2016-01-12,0.0,0.0,0.0
2016-01-13,0.0,0.0,0.0
2016-01-19,0.0,8.6,10.0
2016-01-21,2.0,4.6,4.4
2016-01-24,0.0,0.1,0.0
2016-01-27,0.0,0.0,0.0
2016-02-01,0.0,7.6,8.8
2016-02-02,0.0,5.9,6.2
2016-02-03,7.0,3.4,2.5
2016-02-05,42.0,0.2,0.0
2016-02-06,0.0,4.8,4.6
2016-02-07,42.5,1.6,0.0
2016-02-08,1.0,1.1,0.0
2016-02-10,0.0,3.9,3.1
2016-02-13,0.0,0.0,0.0
2016-02-18,5.0,1.5,1.0
2016-02-21,0.0,21.1,56.5
2016-02-23,25.0,0.9,0.0
2016-02-24,0.0,2.0,1.3
2016-03-01,50.0,1.1,1.0
2016-03-02,0.0,0.9,0.0
2016-03-03,0.5,1.8,1.1
2016-03-04,2.5,0.0,0.0
2016-03-05,0.0,0.0,0.0
2016-03-06,0.0,0.0,0.0
2016-03-07,0.0,0.0,0.0
2016-03-08,2.5,0.0,0.0
2016-03-09,0.0,0.0,0.0
2016-03-10,0.0,13.5,17.4
2016-03-11,8.5,2.4,1.5
2016-03-13,0.0,0.1,0.0
2016-03-14,0.0,11.4,15.1
2016-03-16,1.0,3.5,3.0
2016-03-18,28.0,4.5,4.6
2016-03-21,8.0,9.0,8.0
2016-03-22,17.5,0.4,0.0
2016-03-24,54.5,21.0,24.6
2016-03-25,14.5,1.0,0.0
2016-03-27,23.4,0.0,0.0
2016-03-28,22.5,2.1,1.0
2016-03-30,34.8,16.6,16.5
2016-03-31,17.0,0.5,0.0
2016-04-03,3.0,15.1,15.1
2016-04-04,5.0,10.3,9.6
2016-04-05,66.0,0.2,0.0
2016-04-07,0.0,0.0,0.0
2016-04-08,0.0,0.0,0.0
2016-04-10,12.5,39.6,66.2
2016-04-11,16.0,3.4,1.7
2016-04-12,0.0,14.8,15.9
2016-04-13,3.0,2.2,1.0
2016-04-15,5.5,0.2,0.0
2016-04-16,0.0,12.3,13.4
2016-04-19,81.0,4.8,3.5
2016-04-20,2.5,5.5,4.3
2016-04-23,3.5,5.9,3.8
2016-04-24,0.0,9.0,7.1
2016-04-26,35.0,10.2,8.4
2016-04-27,21.0,19.2,18.2
2016-04-28,23.0,3.1,1.0
2016-05-03,0.0,0.0,0.0
2016-05-05,0.0,31.6,42.7
2016-05-06,8.5,29.2,38.2
2016-05-07,3.0,11.8,9.6
2016-05-08,1.0,4.6,1.8
2016-05-10,12.5,0.0,0.0
2016-05-11,0.0,5.9,3.6
2016-05-12,15.0,6.0,3.8
2016-05-13,1.0,4.9,2.4
2016-05-14,0.0,0.0,0.0
2016-05-16,7.5,36.8,75.8
2016-05-17,21.5,19.9,27.7
2016-05-18,14.5,6.2,4.1
2016-05-21,4.6,20.8,29.4
2016-05-22,17.0,9.5,9.9
2016-05-24,58.0,11.3,12.2
2016-05-26,61.5,0.9,0.0
2016-05-28,45.7,0.0,0.0
2016-05-29,0.0,10.3,10.9
2016-06-05,1.0,8.8,9.7
2016-06-07,0.0,0.9,0.0
2016-06-09,18.5,0.0,0.0
2016-06-10,0.0,0.6,0.0
2016-06-14,21.0,1.5,0.0
2016-06-15,3.2,1.3,0.0
2016-06-18,0.0,4.9,3.3
2016-06-19,1.5,43.2,66.1
2016-06-21,6.0,39.6,51.1
2016-06-22,28.7,0.5,0.0
2016-06-23,0.0,0.1,0.0
2016-06-24,15.0,26.4,34.6
2016-06-25,15.0,0.0,0.0
2016-06-26,0.0,0.5,0.0
2016-06-27,0.0,33.8,43.7
2016-06-29,7.0,30.0,38.6
2016-06-30,2.5,1.5,1.4
2016-07-02,19.5,2.2,1.0
2016-07-06,16.0,0.0,0.0
2016-07-08,0.0,0.6,0.0
2016-07-10,0.0,0.0,0.0
2016-07-11,0.0,1.2,0.0
2016-07-12,60.0,0.3,0.0
2016-07-14,2.0,1.2,0.0
2016-07-15,5.5,5.3,3.8
2016-07-17,37.0,3.9,2.0
2016-07-19,33.5,5.9,4.5
2016-07-20,9.5,17.6,28.3
2016-07-22,35.5,13.5,13.3
2016-07-23,3.5,0.1,0.0
2016-07-24,0.0,0.0,0.0
2016-07-26,34.5,0.1,0.0
2016-07-28,23.0,1.0,1.0
2016-07-29,12.0,3.9,3.4
2016-07-30,2.0,3.2,2.7
2016-08-01,0.0,7.8,8.7
2016-08-02,2.6,1.2,1.5
2016-08-03,0.0,14.6,16.4
2016-08-05,36.0,5.5,6.2
2016-08-06,1.1,8.1,9.0
2016-08-07,35.5,0.0,0.0
2016-08-08,0.0,0.6,0.0
2016-08-09,0.0,0.0,0.0
2016-08-11,0.0,12.2,11.4
2016-08-12,9.5,0.0,0.0
2016-08-15,37.0,18.1,19.1
2016-08-16,0.0,0.0,0.0
2016-08-19,6.0,6.4,5.4
2016-08-20,5.0,0.6,0.0
2016-08-21,2.0,10.6,12.9
2016-08-22,4.5,1.7,1.5
2016-08-23,0.0,0.9,1.0
2016-08-25,23.5,6.4,7.7
2016-08-27,0.5,0.1,0.0
2016-08-28,0.0,0.4,0.0
2016-08-30,0.5,0.0,0.0
2016-08-31,0.0,0.0,0.0
2016-09-01,0.0,0.0,0.0
2016-09-02,7.0,7.4,9.9
2016-09-03,1.0,1.7,2.5
2016-09-04,34.5,3.1,4.3
2016-09-05,40.5,0.0,0.0
2016-09-06,0.0,0.0,0.0
2016-09-08,0.0,0.0,0.0
2016-09-10,0.0,2.4,3.5
2016-09-11,0.2,0.0,0.0
2016-09-12,0.0,3.4,2.9
2016-09-13,1.2,27.3,46.3
2016-09-14,43.0,0.1,0.0
2016-09-17,7.5,4.2,3.8
2016-09-20,33.6,1.3,1.0
2016-09-21,5.0,12.3,16.1
2016-09-22,30.5,12.6,16.7
2016-09-23,8.0,13.9,18.6
2016-09-24,8.0,5.5,6.2
2016-09-25,16.0,2.4,1.9
2016-09-26,0.6,2.3,1.6
2016-09-27,2.0,2.4,1.9
2016-09-29,0.0,1.9,1.2
2016-09-30,7.0,1.1,1.0
2016-10-01,0.0,4.0,2.8
2016-10-02,14.0,7.1,6.3
2016-10-04,7.0,9.0,8.4
2016-10-06,5.0,0.0,0.0
2016-10-08,15.6,0.7,0.0
2016-10-10,23.0,1.6,0.0
2016-10-12,16.5,0.7,0.0
2016-10-13,0.4,3.6,1.7
2016-10-17,0.0,0.2,0.0
2016-10-18,0.0,5.1,3.6
2016-10-20,0.0,5.2,3.7
2016-10-24,55.6,0.0,0.0
2016-10-25,14.0,37.9,55.9
2016-10-27,2.0,21.4,30.4
2016-10-28,20.5,0.3,0.0
2016-10-29,0.0,27.6,42.5
2016-10-31,0.0,0.0,0.0
2016-11-02,3.0,6.2,2.1
2016-11-03,2.8,0.3,0.0
2016-11-04,0.0,0.0,0.0
2016-11-05,0.0,0.5,0.0
2016-11-07,0.0,0.5,0.0
2016-11-08,0.0,1.0,0.0
2016-11-09,2.6,18.3,17.7
2016-11-10,8.5,0.1,0.0
2016-11-11,4.2,2.6,0.0
2016-11-12,44.0,0.0,0.0
2016-11-13,0.0,0.0,0.0
2016-11-14,0.0,1.5,0.0
2016-11-15,0.0,0.9,0.0
2016-11-16,2.5,0.9,0.0
2016-11-17,2.5,1.0,0.0
2016-11-18,0.0,0.2,0.0
2016-11-19,0.0,10.4,8.4
2016-11-20,0.0,7.7,5.2
2016-11-21,1.0,0.0,0.0
2016-11-22,0.0,11.5,11.0
2016-11-23,0.0,9.2,7.9
2016-11-24,36.0,11.0,10.3
2016-11-25,1.0,4.4,1.8
2016-11-26,3.0,10.4,9.5
2016-11-27,30.0,1.5,0.0
2016-11-29,0.0,0.0,0.0
2016-11-30,5.5,5.7,3.4
2016-12-01,21.0,16.0,22.4
2016-12-02,1.0,6.5,3.4
2016-12-03,12.5,1.5,0.0
2016-12-04,46.5,0.9,0.0
2016-12-06,0.0,6.6,3.6
2016-12-07,1.0,0.3,0.0
2016-12-08,0.0,0.3,0.0
2016-12-09,1.2,3.3,0.0
2016-12-11,4.0,2.1,0.0
2016-12-12,6.0,1.7,0.0
2016-12-13,28.5,0.9,0.0
2016-12-16,65.9,4.2,3.9
2016-12-17,0.0,1.6,0.0
2016-12-18,0.0,0.3,0.0
2016-12-19,0.0,1.3,0.0
2016-12-20,0.0,0.8,0.0
2016-12-21,0.0,0.6,0.0
2016-12-22,10.5,0.6,0.0
2016-12-23,0.8,0.1,0.0
2016-12-24,0.0,2.7,0.0
2016-12-25,0.0,1.2,0.0
2016-12-26,0.0,0.6,0.0
2016-12-27,0.0,2.4,0.0
2016-12-28,0.0,1.3,0.0
2016-12-29,20.0,12.3,19.3
2016-12-30,29.1,8.5,6.7
2017-01-01,0.0,0.0,0.0
2017-01-02,0.0,0.1,0.0
2017-01-05,12.5,3.1,1.7
2017-01-06,2.0,4.6,3.6
2017-01-07,4.0,0.0,0.0
2017-01-09,0.0,1.0,0.0
2017-01-11,0.0,5.7,5.0
2017-01-12,0.0,2.1,0.0
2017-01-14,0.0,1.9,0.0
2017-01-17,0.0,0.0,0.0
2017-01-18,0.0,0.1,0.0
2017-01-21,0.0,0.0,0.0
2017-01-22,0.0,0.0,0.0
2017-01-23,0.0,0.0,0.0
2017-01-24,23.0,0.0,0.0
2017-01-25,0.0,0.0,0.0
2017-01-26,0.0,1.7,1.0
2017-01-27,5.0,1.3,0.0
2017-01-29,7.0,10.4,13.3
2017-02-01,0.0,4.4,3.9
2017-02-02,17.0,2.6,1.3
2017-02-03,0.0,0.5,0.0
2017-02-05,0.0,0.3,0.0
2017-02-06,1.5,3.9,3.2
2017-02-08,0.0,0.9,0.0
2017-02-09,5.2,4.0,3.3
2017-02-11,11.9,7.1,8.2
2017-02-13,32.5,5.1,5.4
2017-02-14,30.5,9.7,12.2
2017-02-15,5.0,0.9,0.0
2017-02-16,0.0,23.9,36.8
2017-02-17,24.0,19.3,27.9
2017-02-19,9.5,1.3,1.0
2017-02-20,0.0,7.6,8.9
2017-02-21,0.0,0.2,0.0
2017-02-22,0.0,90.0,93.9
2017-02-23,29.0,2.9,3.1
2017-02-25,23.0,1.6,1.0
2017-02-26,4.5,0.2,0.0
2017-03-02,28.0,11.7,14.9
2017-03-05,10.0,12.6,16.4
2017-03-06,13.0,10.8,14.0
2017-03-13,6.0,5.9,6.7
2017-03-25,0.0,7.9,6.7
2017-04-01,6.4,5.4,3.8
2017-04-02,1.0,3.6,1.9
2017-04-05,8.1,41.9,70.3
2017-04-06,16.6,0.9,0.0
2017-04-09,0.5,5.5,4.0
2017-04-10,5.2,2.3,1.0
2017-04-11,0.0,0.0,0.0
2017-04-13,0.0,0.0,0.0
2017-04-18,22.4,3.0,1.2
2017-04-22,0.0,9.9,8.0
2017-04-23,10.2,7.4,5.4
2017-04-30,9.2,0.8,0.0
2017-05-01,0.0,3.2,1.0
2017-05-02,0.0,10.9,8.6
2017-05-04,1.3,1.3,0.0
2017-05-05,0.0,12.5,10.5
2017-05-09,5.5,11.1,8.8
2017-05-11,4.4,19.8,27.5
2017-05-12,21.4,12.5,13.9
2017-05-13,5.0,0.9,0.0
2017-05-15,14.0,2.7,0.0
2017-05-16,0.5,2.3,0.0
2017-05-20,1.0,3.6,1.0
2017-05-21,3.2,12.1,13.2
2017-05-24,53.0,1.3,1.0
2017-05-25,0.0,0.2,0.0
2017-05-29,0.0,3.2,2.2
2017-05-31,5.5,3.3,2.2
2017-06-02,21.5,37.1,59.8
2017-06-03,5.5,46.1,66.9
2017-06-04,32.8,1.0,0.0
2017-06-07,1.5,0.0,0.0
2017-06-09,0.5,0.0,0.0
2017-06-10,0.0,17.9,29.5
2017-06-12,3.5,15.8,17.5
2017-06-14,2.0,14.0,14.5
2017-06-17,1.0,0.6,0.0
2017-06-20,1.0,1.9,0.0
2017-06-21,1.5,5.3,6.2
2017-06-24,12.0,19.8,22.5
2017-06-28,44.5,1.8,1.7
2017-07-01,0.0,20.9,26.9
2017-07-02,5.4,2.1,1.0
2017-07-03,0.0,2.5,1.2
2017-07-04,0.0,3.1,2.0
2017-07-05,0.0,1.1,0.0
2017-07-06,0.0,2.3,1.0
2017-07-08,40.7,12.3,13.6
2017-07-09,1.0,1.4,0.0
2017-07-12,15.7,1.8,0.0
2017-07-13,0.0,20.3,32.8
2017-07-14,15.0,11.9,12.5
2017-07-15,11.0,0.7,0.0
2017-07-16,0.0,0.2,0.0
2017-07-17,0.0,41.3,62.2
2017-07-18,52.2,12.7,13.2
2017-07-19,1.0,9.4,8.9
2017-07-20,3.5,0.9,0.0
2017-07-25,0.0,0.0,0.0
2017-07-26,0.0,3.0,2.5
2017-07-27,0.5,0.9,0.0
2017-07-28,0.5,0.5,0.0
2017-07-29,0.0,11.1,10.7
2017-07-30,0.0,2.5,2.0
2017-07-31,0.0,4.8,4.3
2017-08-01,1.0,19.6,18.6
2017-08-02,9.0,4.7,5.3
2017-08-03,0.0,0.3,0.0
2017-08-06,0.0,8.2,9.2
2017-08-07,0.0,0.0,0.0
2017-08-09,0.0,0.2,0.0
2017-08-13,0.5,0.4,0.0
2017-08-14,0.0,0.0,0.0
2017-08-15,0.0,27.3,34.2
2017-08-18,31.0,26.5,33.4
2017-08-19,4.7,10.7,10.1
2017-08-24,0.0,2.1,2.1
2017-08-25,22.9,0.1,0.0
2017-08-26,3.5,0.1,0.0
2017-08-27,0.0,0.0,0.0
2017-09-02,0.0,0.7,0.0
2017-09-03,0.0,3.0,4.3
2017-09-04,0.0,0.1,0.0
2017-09-05,0.0,0.0,0.0
2017-09-06,0.0,0.0,0.0
2017-09-07,0.0,0.0,0.0
2017-09-08,0.0,0.0,0.0
2017-09-09,0.0,0.0,0.0
2017-09-10,0.0,0.0,0.0
2017-09-11,1.0,0.1,0.0
2017-09-12,0.0,0.0,0.0
2017-09-13,0.0,8.0,8.7
2017-09-15,0.0,2.3,1.7
2017-09-16,33.5,0.0,0.0
2017-09-18,0.0,0.1,0.0
2017-09-19,0.0,0.0,0.0
2017-09-20,0.0,0.2,0.0
2017-09-21,0.0,19.1,30.9
2017-09-22,0.8,37.0,62.0
2017-09-23,22.0,2.7,2.3
2017-09-25,5.5,1.0,0.0
2017-09-26,0.6,0.1,0.0
2017-09-27,0.0,1.2,1.0
2017-09-28,0.0,7.0,8.4
2017-09-30,82.6,0.7,0.0
2017-10-03,0.5,5.5,4.5
2017-10-04,4.5,7.9,7.8
2017-10-05,2.0,19.1,23.8
2017-10-06,21.5,0.0,0.0
2017-10-07,0.0,0.0,0.0
2017-10-08,0.0,3.2,1.8
2017-10-10,0.0,4.9,3.8
2017-10-11,4.0,0.3,0.0
2017-10-12,37.9,8.6,8.4
2017-10-13,0.0,4.9,3.3
2017-10-14,32.2,13.4,14.7
2017-10-15,1.0,8.4,8.1
2017-10-16,0.0,34.5,48.6
2017-10-17,0.0,5.4,4.0
2017-10-18,0.0,55.5,54.9
2017-10-19,60.5,0.0,0.0
2017-10-20,0.0,2.3,0.0
2017-10-21,26.0,2.0,0.0
2017-10-22,0.0,7.2,5.1
2017-10-23,19.5,0.0,0.0
2017-10-24,0.0,1.3,0.0
2017-10-25,0.0,0.8,0.0
2017-10-26,0.0,7.4,5.3
2017-10-27,10.5,5.7,3.2
2017-10-28,0.0,6.1,3.7
2017-10-29,91.0,0.0,0.0
2017-10-30,0.0,0.4,0.0
2017-10-31,0.0,0.0,0.0
2017-11-01,0.0,15.3,13.7
2017-11-02,0.0,20.6,23.0
2017-11-03,2.0,2.7,0.0
2017-11-04,0.0,0.1,0.0
2017-11-05,0.0,8.1,4.4
2017-11-06,1.0,0.2,0.0
2017-11-08,1.0,0.1,0.0
2017-11-09,4.5,0.0,0.0
2017-11-10,0.0,15.4,13.8
2017-11-12,0.0,0.0,0.0
2017-11-14,5.0,0.7,0.0
2017-11-16,0.0,13.2,11.7
2017-11-17,17.5,0.1,0.0
2017-11-19,67.5,2.5,0.0
2017-11-21,212.0,3.0,1.0
2017-11-23,0.0,1.8,0.0
2017-11-24,0.5,15.5,16.3
2017-11-26,16.0,10.2,9.3
2017-11-28,36.2,6.2,4.0
2017-11-29,20.0,11.3,10.8
2017-11-30,1.2,31.6,50.6
2017-12-02,0.0,4.5,1.0
2017-12-04,0.0,0.5,0.0
2017-12-05,0.0,4.8,1.1
2017-12-06,1.1,0.0,0.0
2017-12-07,0.0,2.5,0.0
2017-12-08,0.0,13.4,14.4
2017-12-09,6.0,37.4,69.4
2017-12-10,5.6,14.1,15.6
2017-12-11,5.2,0.7,0.0
2017-12-12,0.0,35.8,92.5
2017-12-13,13.0,54.9,101.4
2017-12-14,16.3,1.2,0.0
2017-12-15,0.0,0.1,0.0
2017-12-16,0.0,0.8,0.0
2017-12-17,0.0,2.7,1.1
2017-12-18,0.0,1.0,0.0
2017-12-19,0.0,0.5,0.0
2017-12-22,0.3,0.2,0.0
2017-12-24,0.0,0.2,0.0
2018-01-01,21.0,0.2,0.0
2018-01-02,0.0,4.6,3.6
2018-01-03,0.0,1.2,0.0
2018-01-06,0.0,21.5,32.3
2018-01-07,5.1,7.1,6.9
2018-01-08,3.5,6.3,5.8
2018-01-09,0.8,0.4,0.0
2018-01-10,0.0,0.1,0.0
2018-01-11,0.0,1.1,0.0
2018-01-12,0.0,1.5,0.0
2018-01-13,0.0,7.4,7.8
2018-01-14,0.0,7.8,8.5
2018-01-16,0.0,1.7,0.0
2018-01-18,0.0,0.4,0.0
2018-01-20,5.3,12.6,18.4
2018-01-22,1.0,1.8,1.0
2018-01-23,2.3,0.6,0.0
2018-01-25,2.0,2.1,1.0
2018-01-26,10.0,0.8,0.0
2018-01-28,0.0,2.9,1.9
2018-01-30,0.0,13.9,21.5
2018-01-31,0.6,0.8,0.0
2018-02-01,0.0,0.2,0.0
2018-02-02,0.0,6.2,6.6
2018-02-03,15.5,0.2,0.0
2018-02-04,0.0,0.2,0.0
2018-02-05,0.0,1.4,0.0
2018-02-07,7.5,16.1,30.5
2018-02-08,0.8,5.2,5.1
2018-02-15,3.0,7.2,8.3
2018-02-19,27.0,0.7,0.0
2018-02-20,2.5,0.3,0.0
2018-03-02,30.5,0.1,0.0
2018-03-04,3.0,1.7,1.0
2018-03-05,0.0,2.0,1.3
2018-03-07,23.5,1.0,1.0
2018-03-10,10.5,0.0,0.0
2018-03-12,0.0,8.1,10.0
2018-03-13,2.0,18.4,27.9
2018-03-14,6.0,2.0,1.0
2018-03-15,0.0,14.8,20.1
2018-03-17,3.0,0.3,0.0
2018-03-19,0.0,23.6,40.4
2018-03-20,47.2,1.8,1.0
2018-03-22,0.0,11.4,10.6
2018-03-23,2.5,2.3,1.0
2018-03-25,30.6,3.4,1.7
2018-03-29,3.4,0.8,0.0
2018-03-30,0.0,14.9,14.3
2018-04-01,0.5,0.0,0.0
2018-04-02,6.5,11.8,11.4
2018-04-03,14.0,25.7,35.4
2018-04-06,0.0,0.0,0.0
2018-04-11,0.0,5.3,4.0
2018-04-16,10.8,21.4,29.6
2018-04-17,3.5,53.8,71.5
2018-04-21,15.0,8.8,6.9
2018-04-22,0.5,8.7,6.7
2018-04-26,65.6,3.2,1.1
2018-04-27,2.5,1.1,0.0
2018-05-01,0.0,0.0,0.0
2018-05-03,2.3,2.3,0.0
2018-05-04,0.0,0.5,0.0
2018-05-05,0.0,9.9,7.5
2018-05-06,3.0,2.1,0.0
2018-05-08,2.5,15.8,14.5
2018-05-09,30.5,0.5,0.0
2018-05-10,0.0,0.0,0.0
2018-05-11,0.0,10.5,10.7
2018-05-12,5.5,16.5,20.8
2018-05-13,1.0,3.0,1.0
2018-05-14,1.0,4.6,2.0
2018-05-15,0.0,0.0,0.0
2018-05-17,10.3,14.1,17.1
2018-05-18,26.3,0.6,0.0
2018-05-19,0.0,0.9,0.0
2018-05-20,0.0,5.6,3.3
2018-05-24,12.5,10.9,11.7
2018-05-26,2.0,0.5,0.0
2018-05-27,5.0,7.0,6.6
2018-05-28,2.0,9.3,9.6
2018-05-31,9.5,12.8,15.3
2018-06-01,24.0,35.8,57.5
2018-06-02,17.5,10.2,11.9
2018-06-03,3.0,17.3,28.3
2018-06-05,0.0,0.0,0.0
2018-06-07,0.0,8.3,8.9
2018-06-08,0.0,0.5,0.0
2018-06-13,1.0,7.3,6.1
2018-06-15,0.0,12.4,12.8
2018-06-16,12.0,11.8,12.0
2018-06-17,44.6,0.0,0.0
2018-06-18,0.0,0.3,0.0
2018-06-20,46.0,11.3,11.3
2018-06-21,4.0,7.3,8.8
2018-06-22,1.0,4.2,4.8
2018-06-23,6.0,6.4,7.6
2018-06-25,20.0,18.3,22.7
2018-06-26,7.5,10.3,12.5
2018-06-28,1.0,22.6,27.1
2018-06-30,6.0,4.6,5.3
2018-07-01,22.0,10.9,12.5
2018-07-02,1.0,11.3,12.9
2018-07-03,19.0,15.4,18.4
2018-07-04,2.0,13.9,16.1
2018-07-05,7.0,1.1,0.0
2018-07-07,0.0,0.0,0.0
2018-07-08,8.5,0.3,0.0
2018-07-09,0.0,0.0,0.0
2018-07-12,0.0,1.7,0.0
2018-07-14,6.0,0.0,0.0
2018-07-16,35.0,11.5,11.6
2018-07-17,1.5,0.2,0.0
2018-07-18,0.0,0.9,0.0
2018-07-19,12.5,0.0,0.0
2018-07-20,0.0,0.1,0.0
2018-07-22,10.0,11.1,11.1
2018-07-23,31.0,8.0,7.5
2018-07-24,0.5,0.0,0.0
2018-07-25,0.0,26.3,34.4
2018-07-26,1.5,10.8,10.5
2018-07-27,18.0,0.0,0.0
2018-07-28,0.0,10.5,10.2
2018-07-29,2.5,12.2,12.0
2018-07-30,5.0,0.1,0.0
2018-07-31,2.0,0.0,0.0
2018-08-01,0.0,0.0,0.0
2018-08-02,0.0,0.1,0.0
2018-08-04,0.0,0.3,0.0
2018-08-05,0.0,0.0,0.0
2018-08-06,0.0,0.3,0.0
2018-08-09,1.5,11.9,13.3
2018-08-10,2.0,3.7,4.2
2018-08-12,95.0,19.4,21.8
2018-08-14,0.0,1.8,1.0
2018-08-17,0.0,2.1,1.0
2018-08-21,0.0,0.0,0.0
2018-08-22,0.0,0.0,0.0
2018-08-24,3.0,4.8,5.6
2018-08-25,27.0,0.2,0.0
2018-08-27,16.0,8.2,10.2
2018-08-29,0.0,0.1,0.0
2018-08-30,0.0,5.1,6.0
2018-09-01,0.0,0.4,0.0
2018-09-03,0.0,0.1,0.0
2018-09-04,0.5,0.3,0.0
2018-09-05,0.0,1.7,2.6
2018-09-06,1.5,1.4,2.2
2018-09-08,0.0,0.1,0.0
2018-09-09,0.0,0.9,1.5
2018-09-10,0.0,0.0,0.0
2018-09-11,0.0,0.0,0.0
2018-09-13,0.0,0.4,0.0
2018-09-14,0.0,0.6,0.0
2018-09-15,3.0,0.0,0.0
2018-09-16,0.0,0.0,0.0
2018-09-19,1.0,0.2,0.0
2018-09-20,29.0,0.0,0.0
2018-09-21,0.0,0.0,0.0
2018-09-23,0.0,1.2,1.0
2018-09-28,0.0,0.0,0.0
2018-09-29,0.0,0.0,0.0
2018-10-01,0.0,0.1,0.0
2018-10-02,0.0,0.0,0.0
2018-10-03,0.0,0.0,0.0
2018-10-06,0.0,0.0,0.0
2018-10-08,0.0,0.0,0.0
2018-10-11,2.0,2.6,1.0
2018-10-13,6.0,25.7,42.3
2018-10-14,23.5,0.0,0.0
2018-10-16,0.0,0.1,0.0
2018-10-18,0.0,4.7,3.1
2018-10-19,36.0,8.7,8.6
2018-10-21,10.0,0.4,0.0
2018-10-23,0.0,0.0,0.0
2018-10-24,0.0,0.0,0.0
2018-10-28,2.0,1.5,0.0
2018-11-01,0.0,0.0,0.0
2018-11-02,0.0,0.0,0.0
2018-11-03,0.0,0.0,0.0
2018-11-05,12.5,4.2,1.0
2018-11-06,12.0,2.0,0.0
2018-11-07,0.0,2.6,0.0
2018-11-08,0.0,18.2,17.9
2018-11-09,0.0,17.5,16.6
2018-11-10,54.5,4.0,0.0
2018-11-11,0.0,5.0,1.9
2018-11-12,0.0,2.8,0.0
2018-11-14,2.0,27.9,34.4
2018-11-15,8.5,14.5,13.3
2018-11-16,1.0,27.1,33.1
2018-11-17,8.5,16.6,15.8
2018-11-18,1.0,24.1,29.1
2018-11-19,5.0,1.1,0.0
2018-11-20,0.0,0.0,0.0
2018-11-21,0.0,3.6,1.0
2018-11-22,2.0,2.0,0.0
2018-11-27,48.0,1.8,0.0
2018-12-01,0.0,1.9,0.0
2018-12-02,0.0,16.1,22.6
2018-12-03,15.5,3.7,0.0
2018-12-04,0.0,28.7,55.0
2018-12-07,3.0,0.0,0.0
2018-12-08,0.0,9.2,7.5
2018-12-11,0.0,7.7,11.0
2018-12-12,9.0,8.5,12.4
2018-12-14,0.0,0.4,0.0
2018-12-15,0.0,6.1,7.8
2018-12-17,40.4,8.4,13.0
2018-12-18,0.0,1.1,0.0
2018-12-19,0.0,11.2,18.7
2018-12-20,0.0,0.7,0.0
2018-12-21,0.0,10.6,10.0
2018-12-22,0.0,5.0,1.4
2018-12-23,0.0,1.2,0.0
2018-12-25,26.5,2.0,0.0
2018-12-26,0.0,4.0,1.0
2018-12-27,0.0,2.9,0.0
2018-12-28,0.0,0.4,0.0
2018-12-30,0.0,2.9,0.0
2018-12-31,0.0,1.1,0.0
2019-01-01,0.0,36.5,72.0
2019-01-02,9.5,6.1,5.6
2019-01-03,29.0,2.4,1.0
2019-01-04,0.0,0.0,0.0
2019-01-05,0.0,1.7,0.0
2019-01-07,0.0,0.1,0.0
2019-01-08,0.0,4.5,3.5
2019-01-09,13.1,0.2,0.0
2019-01-10,0.0,7.9,8.0
2019-01-11,10.0,11.5,14.8
2019-01-12,5.7,0.0,0.0
2019-01-13,9.0,1.0,0.0
2019-01-14,1.6,16.9,30.5
2019-01-15,54.7,16.1,27.9
2019-01-16,40.3,7.7,8.3
2019-01-17,21.3,3.4,1.3
2019-01-18,1.5,1.1,0.0
2019-01-19,0.0,2.1,0.0
2019-01-20,1.0,3.2,1.0
2019-01-22,7.0,3.0,2.1
2019-01-25,0.0,4.6,4.4
2019-01-26,0.0,0.4,0.0
2019-01-28,1.0,3.0,2.1
2019-01-29,0.5,7.7,9.1
2019-01-31,26.0,12.9,19.3
2019-02-01,4.1,0.6,0.0
2019-02-02,0.0,0.1,0.0
2019-02-03,1.5,0.0,0.0
2019-02-04,0.0,2.1,1.0
2019-02-05,0.0,1.2,0.0
2019-02-09,64.7,3.1,2.0
2019-02-10,36.5,3.2,2.2
2019-02-12,3.0,0.1,0.0
2019-02-13,3.5,0.8,0.0
2019-02-16,6.6,0.4,0.0
2019-02-18,10.0,0.1,0.0
2019-02-19,0.0,0.5,0.0
2019-02-21,0.0,5.5,8.2
2019-02-23,0.0,0.6,0.0
2019-02-24,11.0,1.0,0.0
2019-02-25,6.0,0.7,0.0
2019-02-28,0.0,36.2,88.7
2019-03-01,82.4,0.1,0.0
2019-03-02,0.0,0.0,0.0
2019-03-03,0.0,0.0,0.0
2019-03-04,0.0,0.0,0.0
2019-03-05,7.5,0.1,0.0
2019-03-06,0.0,0.0,0.0
2019-03-07,0.0,1.0,1.0
2019-03-08,6.0,4.9,5.2
2019-03-09,10.5,6.5,7.6
2019-03-10,0.2,2.5,2.0
2019-04-01,0.5,0.7,0.0
2019-04-02,0.0,0.9,0.0
2019-04-03,1.0,3.7,2.0
2019-04-04,0.0,0.0,0.0
2019-04-05,0.0,2.3,1.0
2019-04-06,0.0,1.6,1.0
2019-04-07,0.0,0.1,0.0
2019-04-08,0.0,0.0,0.0
2019-04-09,4.0,4.3,2.6
2019-04-10,10.5,6.0,4.5
2019-04-11,3.5,46.5,64.5
2019-04-12,1.0,0.5,0.0
2019-04-13,1.0,0.9,0.0
2019-04-14,3.0,9.3,9.0
2019-04-15,12.0,1.7,0.0
2019-04-16,0.0,0.6,0.0
2019-04-17,4.0,34.5,50.0
2019-04-18,14.5,28.3,41.0
2019-04-19,20.5,8.5,8.0
2019-04-20,3.0,3.0,1.3
2019-04-21,0.0,10.3,8.5
2019-04-22,0.5,8.7,6.8
2019-04-23,6.0,6.9,4.8
2019-04-24,15.5,21.6,26.9
2019-04-25,50.0,11.7,10.0
2019-04-26,1.0,8.5,6.6
2019-04-28,5.5,22.4,28.1
2019-04-29,21.0,41.7,50.6
2019-04-30,20.5,23.4,29.2
2019-05-02,0.0,8.9,6.3
2019-05-04,1.0,1.0,0.0
2019-05-05,0.0,0.9,0.0
2019-05-06,0.0,0.1,0.0
2019-05-07,0.0,0.1,0.0
2019-05-08,1.0,0.0,0.0
2019-05-09,0.0,8.6,6.0
2019-05-10,0.0,9.3,6.8
2019-05-11,4.0,0.0,0.0
2019-05-12,0.0,0.4,0.0
2019-05-13,0.0,0.1,0.0
2019-05-14,0.0,6.8,4.9
2019-05-15,0.0,0.7,0.0
2019-05-16,0.0,10.3,10.4
2019-05-17,1.0,2.8,1.0
2019-05-18,0.0,21.6,31.7
2019-05-19,22.0,0.0,0.0
2019-05-20,0.0,0.0,0.0
2019-05-21,0.0,12.0,13.2
2019-05-23,15.0,0.3,0.0
2019-05-24,0.0,0.0,0.0
2019-05-25,0.0,0.8,0.0
2019-05-26,0.0,28.1,43.1
2019-05-27,25.7,4.0,3.0
2019-05-29,0.0,2.5,1.4
2019-05-30,0.0,2.8,1.8
2019-05-31,0.5,15.0,17.8
2019-06-01,11.1,1.0,0.0
2019-06-02,0.0,2.7,1.0
2019-06-03,38.5,13.1,16.5
2019-06-05,0.0,3.3,1.5
2019-06-06,9.4,17.9,29.0
2019-06-08,0.3,12.5,16.1
2019-06-09,0.0,9.3,10.5
2019-06-10,0.5,3.1,1.3
2019-06-13,0.0,0.0,0.0
2019-06-14,0.0,22.1,32.9
2019-06-15,62.0,32.8,52.1
2019-06-16,49.5,0.5,0.0
2019-06-18,11.5,1.1,0.0
2019-06-19,0.0,3.4,1.5
2019-06-20,2.0,20.7,28.2
2019-06-21,4.5,5.4,6.3
2019-06-22,9.5,7.5,9.1
2019-06-23,5.5,0.0,0.0
2019-06-25,0.0,0.0,0.0
2019-06-26,0.5,0.2,0.0
2019-06-27,0.0,9.4,11.4
2019-06-28,11.1,0.4,0.0
2019-06-29,1.0,0.0,0.0
2019-06-30,0.0,0.7,0.0
2019-07-04,1.0,0.8,0.0
2019-07-06,28.0,0.0,0.0
2019-07-07,0.0,0.0,0.0
2019-07-08,0.0,0.0,0.0
2019-07-09,0.0,0.0,0.0
2019-07-10,0.0,0.3,0.0
2019-07-12,0.0,2.0,0.0
2019-07-13,1.0,24.9,41.7
2019-07-14,22.5,0.2,0.0
2019-07-15,0.0,0.0,0.0
2019-07-17,0.0,0.4,0.0
2019-07-18,0.0,1.4,0.0
2019-07-19,0.0,0.0,0.0
2019-07-21,0.0,0.0,0.0
2019-07-22,0.0,0.0,0.0
2019-07-23,0.0,0.0,0.0
2019-07-24,0.0,0.1,0.0
2019-07-25,0.0,0.1,0.0
2019-07-26,0.0,0.0,0.0
2019-07-28,38.0,0.0,0.0
2019-07-29,0.0,0.9,0.0
2019-07-30,69.0,6.0,5.5
2019-07-31,3.0,8.2,7.8
2019-08-01,8.0,0.0,0.0
2019-08-02,0.0,0.3,0.0
2019-08-03,0.0,0.0,0.0
2019-08-04,0.0,0.0,0.0
2019-08-05,0.8,0.0,0.0
2019-08-06,0.0,0.4,0.0
2019-08-07,0.0,0.8,0.0
2019-08-08,0.0,0.0,0.0
2019-08-09,0.0,0.0,0.0
2019-08-10,0.0,0.0,0.0
2019-08-11,0.0,0.0,0.0
2019-08-12,0.0,0.0,0.0
2019-08-13,0.0,0.2,0.0
2019-08-14,0.0,0.0,0.0
2019-08-15,0.0,0.0,0.0
2019-08-16,0.0,0.0,0.0
2019-08-17,0.0,2.8,1.5
2019-08-18,34.0,0.0,0.0
2019-08-19,0.0,38.2,47.8
2019-08-20,18.8,0.2,0.0
2019-08-21,0.0,0.0,0.0
2019-08-22,0.0,0.0,0.0
2019-08-23,0.0,0.5,0.0
2019-08-24,0.0,0.0,0.0
2019-08-25,0.0,2.4,2.4
2019-08-26,1.0,0.0,0.0
2019-08-27,29.0,3.3,3.6
2019-08-29,0.0,0.0,0.0
2019-08-30,3.0,0.0,0.0
2019-08-31,0.0,0.0,0.0
2019-09-01,0.0,0.0,0.0
2019-09-02,0.0,0.0,0.0
2019-09-03,0.0,0.0,0.0
2019-09-04,0.0,0.0,0.0
2019-09-05,0.0,0.0,0.0
2019-09-06,2.0,18.9,27.3
2019-09-07,1.0,0.0,0.0
2019-09-08,1.0,0.0,0.0
2019-09-09,0.0,0.0,0.0
2019-09-10,0.0,0.0,0.0
2019-09-11,0.0,0.0,0.0
2019-09-12,0.0,0.0,0.0
2019-09-13,0.0,0.1,0.0
2019-09-14,0.0,0.0,0.0
2019-09-15,0.0,0.0,0.0
2019-09-16,0.0,0.0,0.0
2019-09-17,0.0,0.0,0.0
2019-09-18,0.0,0.0,0.0
2019-09-19,0.0,0.0,0.0
2019-09-20,0.0,0.0,0.0
2019-09-21,0.0,0.0,0.0
2019-09-22,0.0,0.0,0.0
2019-09-23,0.0,0.4,0.0
2019-09-24,0.0,0.0,0.0
2019-09-25,0.0,0.0,0.0
2019-09-26,0.0,10.0,12.4
2019-09-27,1.0,3.1,2.8
2019-09-29,4.5,2.6,2.1
2019-09-30,4.5,16.2,25.6
2019-10-01,36.0,0.0,0.0
2019-10-03,6.0,13.4,13.5
2019-10-04,37.5,43.1,55.0
2019-10-05,0.0,0.3,0.0
2019-10-06,0.0,0.0,0.0
2019-10-07,4.0,0.0,0.0
2019-10-09,6.5,0.0,0.0
2019-10-10,0.0,0.0,0.0
2019-10-11,0.0,7.9,7.5
2019-10-12,0.0,2.5,1.0
2019-10-13,3.0,7.9,7.4
2019-10-15,0.0,6.3,5.3
2019-10-17,0.0,36.4,49.6
2019-10-19,0.0,0.0,0.0
2019-10-20,0.0,8.8,8.6
2019-10-21,29.0,0.0,0.0
2019-10-22,0.0,0.0,0.0
2019-10-23,0.0,0.0,0.0
2019-10-24,0.0,0.0,0.0
2019-10-25,0.0,35.7,54.1
2019-10-26,66.2,4.6,1.8
2019-10-27,36.5,7.8,5.9
2019-10-28,2.5,0.0,0.0
2019-10-29,31.0,9.0,7.5
2019-10-31,0.0,0.2,0.0
2019-11-01,1.5,4.4,1.0
2019-11-02,0.0,0.0,0.0
2019-11-04,0.0,0.0,0.0
2019-11-05,0.0,0.0,0.0
2019-11-06,0.0,0.0,0.0
2019-11-07,0.0,0.0,0.0
2019-11-08,0.0,10.5,7.4
2019-11-09,22.0,18.5,17.9
2019-11-10,2.5,0.8,0.0
2019-11-12,0.0,0.1,0.0
2019-11-13,0.0,2.0,0.0
2019-11-14,0.0,0.0,0.0
2019-11-15,0.0,0.0,0.0
2019-11-16,0.0,0.0,0.0
2019-11-17,0.0,0.0,0.0
2019-11-18,0.0,0.0,0.0
2019-11-19,0.0,2.4,0.0
2019-11-20,8.5,0.0,0.0
2019-11-21,0.0,2.6,0.0
2019-11-24,0.0,0.0,0.0
2019-11-25,0.0,4.0,1.3
2019-11-26,0.0,13.7,13.8
2019-11-28,0.0,3.6,1.0
2019-11-29,0.0,0.0,0.0
2019-11-30,0.0,0.0,0.0
2019-12-01,0.0,0.0,0.0
2019-12-02,4.0,0.0,0.0
2019-12-03,0.0,0.1,0.0
2019-12-04,11.5,0.5,0.0
2019-12-05,0.0,0.9,0.0
2019-12-06,0.0,0.2,0.0
2019-12-07,0.0,0.4,0.0
2019-12-08,2.0,18.2,29.1
2019-12-09,5.0,11.5,11.4
2019-12-10,8.5,4.3,1.0
2019-12-11,0.0,0.6,0.0
2019-12-12,0.0,5.6,6.9
2019-12-13,0.0,10.0,15.9
2019-12-14,15.5,0.8,0.0
2019-12-15,0.0,0.3,0.0
2019-12-16,0.0,0.6,0.0
2019-12-17,2.0,0.0,0.0
2019-12-18,2.5,1.7,0.0
2019-12-19,0.0,21.8,53.6
2019-12-20,5.5,0.9,0.0
2019-12-21,0.0,8.8,7.2
2019-12-22,1.0,2.0,0.0
2019-12-23,0.0,2.1,0.0
2019-12-24,1.0,5.8,2.5
2019-12-25,0.0,14.1,22.4
2019-12-26,0.0,0.9,0.0
2019-12-27,0.0,0.0,0.0
2019-12-28,0.0,1.3,0.0
2019-12-29,0.0,23.7,43.3
2019-12-30,0.0,2.5,0.0
2019-12-31,0.0,0.2,0.0
2020-01-01,0.0,2.7,1.1
2020-01-03,4.1,15.2,21.0
2020-01-04,56.5,19.5,28.4
2020-01-05,102.0,9.4,10.4
2020-01-06,7.4,12.2,13.6
2020-01-07,9.5,6.2,5.7
2020-01-08,49.5,3.5,2.1
2020-01-09,4.0,2.7,1.1
2020-01-10,0.0,7.3,7.2
2020-01-11,4.0,10.5,13.3
2020-01-12,1.5,26.9,57.4
2020-01-13,40.5,2.4,0.0
2020-01-14,0.0,18.0,32.7
2020-01-15,5.0,0.0,0.0
2020-01-16,0.0,2.7,1.0
2020-01-18,0.0,0.0,0.0
2020-01-19,0.0,0.3,0.0
2020-01-20,0.0,0.0,0.0
2020-01-21,0.0,0.0,0.0
2020-01-22,0.0,0.0,0.0
2020-01-23,1.5,0.0,0.0
2020-01-24,0.0,0.0,0.0
2020-01-25,0.0,0.0,0.0
2020-01-26,0.0,0.0,0.0
2020-01-27,0.0,0.0,0.0
2020-01-28,0.0,0.0,0.0
2020-01-29,0.0,0.0,0.0
2020-01-31,5.0,14.9,23.9
2020-02-01,11.0,0.0,0.0
2020-02-02,0.0,0.0,0.0
2020-02-03,0.0,13.1,21.2
2020-02-04,4.0,1.2,0.0
2020-02-05,0.0,9.1,11.6
2020-02-06,10.5,0.0,0.0
2020-02-07,0.0,0.1,0.0
2020-02-08,0.0,0.1,0.0
2020-02-09,0.0,2.0,1.0
2020-02-10,27.3,0.0,0.0
2020-02-11,0.0,0.0,0.0
2020-02-12,0.0,0.3,0.0
2020-02-13,0.0,0.0,0.0
2020-02-14,0.0,0.4,0.0
2020-02-15,24.0,20.5,30.2
2020-02-16,2.0,0.1,0.0
2020-02-17,0.0,2.6,1.8
2020-02-18,4.6,9.2,11.2
2020-02-19,35.5,15.9,21.3
2020-02-20,40.5,4.0,3.8
2020-02-22,0.0,8.7,14.5
2020-02-27,1.0,0.8,0.0
2020-02-28,8.0,9.0,15.5
2020-02-29,6.0,0.0,0.0
2020-03-01,0.0,0.1,0.0
2020-03-03,0.0,2.1,1.5
2020-03-05,5.6,37.1,59.0
2020-03-06,10.5,5.5,6.1
2020-03-12,8.0,9.7,12.7
2020-03-13,3.0,13.6,18.5
2020-03-15,15.5,0.1,0.0
2020-03-16,0.0,0.0,0.0
2020-03-19,0.0,7.3,8.8
2020-03-20,4.5,10.3,13.6
2020-03-21,65.0,4.1,2.5
2020-03-23,0.0,37.5,46.3
2020-03-24,44.0,1.1,0.0
2020-03-25,0.0,1.1,0.0
2020-03-29,27.0,15.8,16.3
2020-03-30,14.5,53.7,64.0
2020-03-31,64.3,9.6,8.6
2020-04-02,47.5,2.2,1.0
2020-04-04,1.5,9.5,8.7
2020-04-10,8.0,1.0,0.0
2020-04-11,4.0,7.4,6.6
2020-04-21,2.5,8.7,6.8
2020-04-24,1.0,32.3,41.3
2020-04-25,58.0,25.3,32.6
2020-04-28,19.0,25.2,32.3
2020-04-29,3.0,80.8,65.1
2020-04-30,41.5,24.7,31.3
2020-05-15,0.0,6.1,4.0
2020-05-19,2.0,12.9,14.6
2020-05-26,1.0,2.9,1.8
2020-05-29,1.0,9.2,9.5
2020-05-31,18.0,18.5,25.0
2020-06-05,0.0,4.0,2.6
2020-06-09,19.2,33.3,54.8
2020-06-16,1.5,3.7,1.8
2020-06-21,8.0,0.0,0.0
2020-06-28,7.0,3.7,4.2
2020-07-06,42.9,7.9,8.3
2020-07-09,25.0,10.7,11.6
2020-07-10,2.0,15.3,17.7
2020-07-11,0.2,9.3,8.7
2020-07-16,0.0,6.6,5.3
2020-07-19,5.0,0.0,0.0
2020-07-21,0.0,8.4,8.0
2020-07-22,2.0,8.8,8.7
2020-07-28,0.0,0.0,0.0
2020-08-02,5.0,8.0,9.0
2020-08-03,14.0,0.6,0.0
2020-08-05,28.0,1.6,1.9
2020-08-06,2.0,0.3,0.0
2020-08-07,0.0,0.9,0.0
2020-08-09,1.0,22.8,24.2
2020-08-10,65.5,3.4,3.8
2020-08-12,0.0,9.1,8.1
2020-08-14,0.0,0.0,0.0
2020-08-16,7.0,15.5,14.8
2020-08-17,2.5,1.0,0.0
2020-08-18,0.0,0.1,0.0
2020-08-19,0.0,0.0,0.0
2020-08-21,0.0,0.0,0.0
2020-08-24,0.0,0.2,0.0
2020-08-25,0.0,0.0,0.0
2020-08-31,0.0,18.1,28.3
2020-09-01,7.0,12.5,16.5
2020-09-03,7.6,3.4,4.8
2020-09-05,0.0,0.3,0.0
2020-09-09,3.0,6.8,9.1
2020-09-10,15.5,14.6,20.5
2020-09-11,10.0,7.5,7.8
2020-09-28,24.0,4.8,5.2
2020-09-29,4.0,6.8,8.1
2020-09-30,45.0,1.8,1.0
2020-10-01,0.0,0.0,0.0
2020-10-04,0.0,16.7,19.9
2020-10-05,80.0,9.0,8.3
2020-10-06,20.5,12.5,12.2
2020-10-07,8.0,22.5,28.7
2020-10-08,8.0,2.4,1.0
2020-10-10,22.0,16.0,18.9
2020-10-11,9.5,0.2,0.0
2020-10-12,0.0,0.0,0.0
2020-10-13,0.0,7.1,6.4
2020-10-14,15.0,10.1,10.8
2020-10-15,44.0,43.5,52.8
2020-10-16,44.0,0.2,0.0
2020-10-17,0.0,15.8,18.2
2020-10-18,2.0,7.4,6.8
2020-10-23,0.0,0.1,0.0
2020-10-25,10.0,0.0,0.0
2020-10-31,0.0,9.1,7.6
2020-11-01,29.0,2.3,0.0
2020-11-02,7.0,2.6,0.0
2020-11-06,12.0,6.7,2.7
2020-11-08,5.5,0.0,0.0
2020-11-10,0.0,0.0,0.0
2020-11-11,1.2,0.0,0.0
2020-11-12,0.0,0.0,0.0
2020-11-14,95.1,0.0,0.0
2020-11-16,0.0,0.0,0.0
2020-11-18,6.0,2.0,0.0
2020-11-19,21.0,1.1,0.0
2020-11-20,0.0,0.0,0.0
2020-11-22,0.0,0.1,0.0
2020-11-23,0.0,1.8,0.0
2020-11-24,22.5,0.8,0.0
2020-11-27,52.0,23.9,40.8
2020-11-29,0.0,0.0,0.0
2020-12-01,0.0,2.7,0.0
2020-12-02,0.5,0.8,0.0
2020-12-04,6.0,0.2,0.0
2020-12-05,0.0,0.0,0.0
2020-12-06,0.0,0.0,0.0
2020-12-07,0.0,0.8,0.0
2020-12-09,0.0,22.7,41.5
2020-12-10,1.0,7.3,4.6
2020-12-11,1.5,0.0,0.0
2020-12-12,0.6,0.2,0.0
2020-12-14,0.0,1.3,0.0
2020-12-15,44.5,0.0,0.0
2020-12-16,0.0,0.7,0.0
2020-12-20,0.0,1.3,0.0
2020-12-22,4.5,0.2,0.0
2020-12-23,1.5,1.0,0.0
2020-12-28,1.5,10.1,9.0
2020-12-31,1.5,0.3,0.0
2021-01-02,92.0,0.0,0.0
2021-01-03,0.0,0.1,0.0
2021-01-04,0.0,12.2,13.6
2021-01-05,8.0,19.0,27.6
2021-01-06,8.5,4.0,2.8
2021-01-08,2.0,0.8,0.0
2021-01-10,0.0,0.0,0.0
2021-01-11,0.0,1.6,0.0
2021-01-12,2.0,0.0,0.0
2021-01-13,0.0,0.5,0.0
2021-01-14,0.0,1.9,0.0
2021-01-15,0.0,0.4,0.0
2021-01-16,10.0,4.1,2.4
2021-01-17,3.7,22.9,46.4
2021-01-18,9.5,2.1,0.0
2021-01-19,0.0,1.4,0.0
2021-01-20,0.0,0.6,0.0
2021-01-22,8.0,5.0,5.0
2021-01-23,4.0,3.4,2.7
2021-01-24,2.5,8.8,10.8
2021-01-25,26.0,4.8,4.7
2021-01-26,0.2,0.1,0.0
2021-01-27,0.0,0.2,0.0
2021-01-28,0.0,3.9,3.4
2021-01-31,0.0,6.1,6.7
2021-02-01,0.0,23.0,44.5
2021-02-02,11.2,6.1,6.5
2021-02-03,29.0,3.2,2.1
2021-02-04,1.0,1.1,0.0
2021-02-05,0.0,0.8,0.0
2021-02-06,21.0,1.6,0.0
2021-02-08,51.5,4.0,3.3
2021-02-09,11.5,0.0,0.0
2021-02-10,0.0,0.0,0.0
2021-02-14,15.0,2.9,2.2
2021-02-16,1.5,0.0,0.0
2021-02-17,0.0,1.1,0.0
2021-02-18,1.5,2.6,1.8
2021-02-19,12.0,0.1,0.0
2021-02-20,5.5,0.0,0.0
2021-02-21,0.0,0.1,0.0
2021-02-22,0.0,0.1,0.0
2021-02-25,9.0,0.8,0.0
2021-02-26,0.0,0.7,0.0
2021-02-28,0.0,1.2,0.0
2021-03-03,8.0,39.4,60.5
2021-03-04,48.0,1.1,1.0
2021-03-05,0.0,14.0,18.6
2021-03-07,0.0,0.9,0.0
2021-03-09,4.0,17.9,28.3
2021-03-10,34.5,5.2,5.7
2021-03-11,0.5,0.3,0.0
2021-03-13,24.0,0.0,0.0
2021-03-14,0.0,0.0,0.0
2021-03-15,5.0,5.2,5.6
2021-03-16,0.0,0.0,0.0
2021-03-17,0.0,0.0,0.0
2021-03-18,0.0,0.0,0.0
2021-03-21,0.0,0.0,0.0
2021-03-23,1.5,0.2,0.0
2021-03-25,0.0,11.2,10.4
2021-03-27,37.0,4.2,2.7
2021-03-28,1.0,0.3,0.0
2021-03-29,0.0,22.0,26.1
2021-03-31,5.0,2.1,1.0
2021-04-01,0.0,0.1,0.0
2021-04-02,1.0,0.2,0.0
2021-04-03,1.5,0.1,0.0
2021-04-04,0.0,1.1,0.0
2021-04-05,0.0,3.6,2.0
2021-04-06,0.0,0.0,0.0
2021-04-07,0.0,2.8,1.1
2021-04-08,0.0,0.7,0.0
2021-04-09,1.0,0.0,0.0
2021-04-10,1.0,0.1,0.0
2021-04-11,6.0,0.1,0.0
2021-04-12,1.0,16.3,17.7
2021-04-13,0.0,9.7,9.5
2021-04-15,37.0,2.7,1.0
2021-04-17,11.0,6.8,5.9
2021-04-18,5.0,4.4,3.0
2021-04-19,0.2,0.7,0.0
2021-04-20,0.0,0.0,0.0
2021-04-22,0.0,0.8,0.0
2021-04-24,4.5,0.3,0.0
2021-04-26,3.5,9.0,7.1
2021-04-27,8.0,9.7,7.9
2021-04-29,1.5,0.0,0.0
2021-05-02,53.0,20.0,19.5
2021-05-03,52.0,6.9,4.2
2021-05-04,1.0,8.9,6.4
2021-05-05,1.5,1.7,0.0
2021-05-06,2.0,6.5,3.7
2021-05-07,1.0,14.3,12.7
2021-05-08,82.5,0.9,0.0
2021-05-09,1.0,4.0,1.2
2021-05-10,1.0,13.2,11.4
2021-05-11,54.5,0.1,0.0
2021-05-13,0.0,0.0,0.0
2021-05-16,2.0,0.0,0.0
2021-05-17,0.0,24.9,39.1
2021-05-18,7.0,9.2,8.5
2021-05-21,27.5,1.1,1.0
2021-05-23,25.0,11.8,12.9
2021-05-24,6.5,27.7,42.0
2021-05-25,28.0,0.2,0.0
2021-05-26,0.0,0.6,0.0
2021-05-27,0.0,0.0,0.0
2021-05-28,2.0,0.0,0.0
2021-05-29,0.0,0.0,0.0
2021-05-30,0.0,0.0,0.0
2021-05-31,0.0,8.0,7.9
2021-06-01,29.0,5.6,4.8
2021-06-06,0.0,0.0,0.0
2021-06-07,0.0,4.5,3.2
2021-06-08,0.0,0.0,0.0
2021-06-10,0.0,2.6,1.0
2021-06-12,5.0,4.4,2.6
2021-06-13,0.0,5.4,3.8
2021-06-14,1.0,24.1,35.5
2021-06-15,25.0,26.6,40.2
2021-06-17,59.5,7.9,6.9
2021-06-19,28.0,12.6,13.1
2021-06-23,0.0,0.2,0.0
2021-06-25,3.0,0.5,0.0
2021-06-26,2.0,6.4,7.6
2021-06-27,17.5,32.5,42.3
2021-06-29,9.0,6.8,8.1
2021-06-30,17.0,4.6,5.4
2021-07-01,0.5,0.4,0.0
2021-07-02,0.0,8.3,8.8
2021-07-03,13.0,10.6,11.7
2021-07-05,0.0,0.4,0.0
2021-07-06,1.0,5.3,4.9
2021-07-07,12.0,0.0,0.0
2021-07-09,2.5,12.7,14.5
2021-07-10,21.0,27.3,35.3
2021-07-11,9.0,14.3,15.5
2021-07-12,2.5,1.3,0.0
2021-07-14,28.5,4.5,2.7
2021-07-15,0.5,7.5,6.5
2021-07-16,1.5,40.9,62.1
2021-07-17,45.0,30.4,49.6
2021-07-18,1.5,2.3,1.0
2021-07-19,0.0,0.0,0.0
2021-07-20,0.0,0.4,0.0
2021-07-22,34.5,9.5,8.9
2021-07-23,1.0,0.0,0.0
2021-07-24,0.0,0.0,0.0
2021-07-25,0.0,0.0,0.0
2021-07-26,0.0,0.0,0.0
2021-07-27,0.0,0.2,0.0
2021-07-28,0.0,0.0,0.0
2021-07-30,8.5,2.0,1.5
2021-07-31,0.0,6.7,6.3
2021-08-01,0.0,3.1,3.5
2021-08-02,1.0,0.2,0.0
2021-08-03,1.0,2.0,2.3
2021-08-05,0.0,0.0,0.0
2021-08-06,0.0,0.8,0.0
2021-08-07,0.0,11.2,12.5
2021-08-09,0.0,9.7,10.9
2021-08-10,9.0,11.5,13.0
2021-08-11,8.0,0.3,0.0
2021-08-13,6.0,22.2,26.5
2021-08-14,8.0,4.4,3.3
2021-08-15,20.0,0.3,0.0
2021-08-16,6.5,0.5,0.0
2021-08-17,0.0,10.6,9.6
2021-08-20,7.0,13.1,12.4
2021-08-22,5.0,0.1,0.0
2021-08-23,0.0,1.8,1.6
2021-08-24,0.0,10.3,13.0
2021-08-25,2.0,4.5,5.2
2021-08-26,12.0,16.6,25.8
2021-08-27,13.5,11.9,15.3
2021-08-28,17.0,23.6,36.7
2021-08-29,19.0,3.3,3.6
2021-08-30,9.0,14.3,22.0
2021-08-31,3.0,6.4,7.7
2021-09-01,2.0,0.6,0.0
2021-09-02,0.0,5.7,7.8
2021-09-03,14.0,17.9,26.2
2021-09-04,6.0,2.3,3.3
2021-09-05,2.5,20.5,30.0
2021-09-06,0.0,5.2,7.0
2021-09-07,28.0,3.9,5.3
2021-09-08,5.0,0.2,0.0
2021-09-09,0.0,4.1,5.7
2021-09-10,0.0,1.1,1.7
2021-09-11,0.0,14.6,19.3
2021-09-12,32.0,26.2,44.1
2021-09-13,27.5,3.3,2.7
2021-09-14,2.5,6.4,6.4
2021-09-15,0.0,8.6,9.3
2021-09-16,4.0,15.6,21.4
2021-09-17,20.0,9.0,9.6
2021-09-20,0.0,17.1,25.0
2021-09-21,1.5,60.6,79.0
2021-09-22,29.5,15.5,24.5
2021-09-23,2.0,0.0,0.0
2021-09-24,2.0,1.1,1.0
2021-09-26,3.0,0.0,0.0
2021-09-27,0.0,0.5,0.0
2021-09-28,0.0,1.7,1.0
2021-09-29,0.0,0.3,0.0
2021-09-30,0.0,11.1,14.2
2021-10-01,5.0,4.8,3.7
2021-10-02,1.5,5.5,4.5
2021-10-03,0.0,13.4,13.4
2021-10-04,33.0,16.5,19.6
2021-10-05,41.5,0.1,0.0
2021-10-06,0.0,2.0,1.0
2021-10-07,0.0,2.9,1.6
2021-10-08,0.0,1.7,1.0
2021-10-09,0.0,1.1,0.0
2021-10-10,0.0,12.9,12.7
2021-10-11,4.5,8.6,8.4
2021-10-12,29.5,4.0,2.2
2021-10-13,0.0,16.5,18.9
2021-10-14,35.5,1.2,0.0
2021-10-15,0.0,1.5,0.0
2021-10-16,0.0,5.7,4.4
2021-10-17,0.0,2.7,1.0
2021-10-20,0.0,0.2,0.0
2021-10-22,7.0,19.2,21.9
2021-10-23,4.0,0.3,0.0
2021-10-24,0.0,8.6,7.0
2021-10-25,0.0,0.9,0.0
2021-10-26,0.0,0.5,0.0
2021-10-27,0.0,3.8,1.0
2021-10-29,0.0,8.1,6.3
2021-10-30,34.5,2.0,0.0
2021-10-31,0.5,2.2,0.0
2021-11-01,2.5,5.2,1.0
2021-11-02,4.5,2.6,0.0
2021-11-03,24.0,4.6,1.0
2021-11-06,19.0,3.1,0.0
2021-11-07,18.0,0.1,0.0
2021-11-08,0.0,32.8,50.7
2021-11-09,6.0,21.2,24.6
2021-11-10,41.0,0.0,0.0
2021-11-11,5.0,1.2,0.0
2021-11-13,0.0,13.1,11.6
2021-11-14,73.0,1.5,0.0
2021-11-15,0.0,26.6,32.4
2021-11-16,75.0,29.7,36.9
2021-11-17,5.0,21.4,24.4
2021-11-18,18.0,6.2,3.4
2021-11-19,2.5,20.9,23.8
2021-11-20,9.0,0.3,0.0
2021-11-21,0.0,5.1,2.6
2021-11-23,0.0,6.4,4.2
2021-11-24,0.0,44.7,58.2
2021-11-25,56.5,1.6,0.0
2021-11-27,0.0,10.1,9.1
2021-11-28,0.0,26.2,44.4
2021-11-29,2.0,11.2,10.5
2021-12-01,60.0,9.1,7.3
2021-12-03,0.0,3.4,0.0
2021-12-04,0.5,2.8,0.0
2021-12-05,0.0,3.0,0.0
2021-12-06,0.0,6.9,4.1
2021-12-07,0.5,6.2,3.0
2021-12-08,0.0,11.3,10.9
2021-12-09,3.0,0.0,0.0
2021-12-10,0.0,0.0,0.0
2021-12-11,0.0,0.0,0.0
2021-12-12,0.0,0.5,0.0
2021-12-13,5.5,0.4,0.0
2021-12-16,0.0,0.1,0.0
2021-12-17,0.0,2.2,1.0
2021-12-18,2.5,2.2,1.0
2021-12-19,2.5,16.0,36.6
2021-12-20,11.0,3.1,1.8
2021-12-21,15.0,5.0,1.4
2021-12-23,0.0,17.2,29.5
2021-12-24,20.5,1.3,0.0
2021-12-25,0.0,1.1,0.0
2021-12-26,0.0,10.0,9.0
2021-12-27,2.5,13.9,22.0
2021-12-28,2.5,5.5,2.2
2021-12-29,3.0,8.9,7.3
2021-12-30,35.0,1.6,0.0
