date,gauge,imergl,lseqmdl
2001-01-02,14.0,1.3,2.0
2001-01-03,0.0,13.6,21.6
2001-01-04,23.0,31.8,55.2
2001-01-05,18.0,40.6,72.5
2001-01-06,39.0,0.6,0.0
2001-01-07,4.0,1.4,2.1
2001-01-08,32.0,16.4,26.9
2001-01-09,6.0,3.9,6.3
2001-01-11,1.0,2.8,4.6
2001-01-12,0.0,11.2,15.0
2001-01-13,4.0,1.0,2.2
2001-01-15,8.0,3.8,5.8
2001-01-16,2.0,5.4,7.9
2001-01-17,9.0,15.5,20.1
2001-01-18,9.0,11.8,15.7
2001-01-19,90.0,22.1,27.1
2001-01-20,20.0,21.0,25.1
2001-01-21,11.0,11.9,13.9
2001-01-22,10.0,3.4,3.2
2001-01-23,10.0,15.5,17.9
2001-01-24,17.0,10.7,12.4
2001-01-25,20.0,13.6,15.8
2001-01-26,3.0,4.1,4.0
2001-01-28,14.0,15.3,18.5
2001-01-29,31.0,10.6,12.2
2001-01-30,19.0,6.7,7.4
2001-01-31,5.0,35.8,46.2
2001-02-01,15.0,2.7,3.2
2001-02-02,1.0,20.0,24.7
2001-02-03,7.0,7.6,9.8
2001-02-04,1.0,0.0,0.0
2001-02-05,0.0,8.0,10.3
2001-02-06,0.0,0.4,0.0
2001-02-07,0.0,1.1,1.0
2001-02-08,0.0,2.9,3.4
2001-02-09,0.0,1.1,1.0
2001-02-10,0.0,1.0,1.0
2001-02-11,0.0,8.7,9.3
2001-02-12,0.0,9.1,9.8
2001-02-13,0.0,9.2,9.9
2001-02-14,0.0,9.4,10.1
2001-02-15,0.0,2.0,1.4
2001-02-16,0.0,4.3,4.2
2001-02-17,0.0,2.7,2.2
2001-02-18,0.0,2.7,2.2
2001-02-19,0.0,1.0,1.0
2001-02-20,0.0,2.0,1.4
2001-02-21,0.0,2.0,1.0
2001-02-22,0.0,0.5,0.0
2001-02-23,0.0,1.4,1.0
2001-02-25,0.0,1.5,1.0
2001-02-26,32.0,0.1,0.0
2001-02-27,1.0,8.5,6.7
2001-02-28,7.0,1.8,1.0
2001-03-01,0.0,0.0,0.0
2001-03-02,0.0,1.1,0.0
2001-03-03,0.0,4.0,2.4
2001-03-04,1.0,13.5,12.5
2001-03-05,3.0,0.5,0.0
2001-03-07,6.0,4.0,2.3
2001-03-08,5.0,12.4,11.5
2001-03-09,1.0,21.9,26.0
2001-03-10,26.0,8.2,7.0
2001-03-11,3.0,16.5,16.3
2001-03-12,5.0,4.3,2.9
2001-03-14,1.0,1.5,0.0
2001-03-15,0.0,7.9,6.9
2001-03-16,2.0,6.8,5.6
2001-03-17,0.0,2.1,1.0
2001-03-18,0.0,0.1,0.0
2001-03-19,0.0,3.2,1.6
2001-03-20,0.0,11.0,10.3
2001-03-21,14.0,4.4,2.5
2001-03-22,3.0,4.2,2.3
2001-03-23,1.0,17.0,16.2
2001-03-24,17.0,27.7,30.9
2001-03-25,14.0,3.4,1.3
2001-03-26,33.0,15.2,14.3
2001-03-27,4.0,47.1,51.6
2001-03-28,16.0,2.4,0.0
2001-03-29,4.0,14.1,13.1
2001-03-30,8.0,5.3,3.5
2001-03-31,8.0,9.0,7.6
2001-04-01,5.0,5.9,4.2
2001-04-02,10.0,1.8,1.0
2001-04-03,0.0,38.5,29.9
2001-04-04,5.0,4.7,3.2
2001-04-05,18.0,13.3,10.1
2001-04-06,56.0,10.1,7.5
2001-04-07,31.0,20.9,16.4
2001-04-08,10.0,39.5,30.9
2001-04-09,59.0,28.0,21.9
2001-04-10,7.0,17.5,13.5
2001-04-11,7.0,5.9,1.9
2001-04-12,12.0,23.0,24.2
2001-04-13,17.0,10.0,6.2
2001-04-14,19.0,51.3,59.7
2001-04-15,53.0,12.0,8.3
2001-04-16,8.0,10.3,6.5
2001-04-17,0.0,0.0,0.0
2001-04-18,3.0,2.7,0.0
2001-04-19,0.0,1.6,0.0
2001-04-20,4.0,0.5,0.0
2001-04-21,0.0,2.1,1.6
2001-04-22,0.0,8.1,7.3
2001-04-23,0.0,0.2,0.0
2001-04-24,6.0,54.4,70.5
2001-04-25,6.0,0.8,0.0
2001-04-26,11.0,0.1,0.0
2001-04-27,1.0,33.5,40.0
2001-04-28,12.0,40.3,50.9
2001-04-29,58.0,28.2,31.8
2001-04-30,22.0,26.2,27.8
2001-05-01,4.0,34.4,33.9
2001-05-02,23.0,0.2,0.0
2001-05-03,0.0,0.0,0.0
2001-05-04,0.0,0.0,0.0
2001-05-05,0.0,0.0,0.0
2001-05-07,0.0,3.8,4.2
2001-05-08,1.0,9.8,10.3
2001-05-09,43.0,1.7,2.0
2001-05-10,4.0,0.1,0.0
2001-05-11,0.0,0.0,0.0
2001-05-12,1.0,0.0,0.0
2001-05-13,0.0,0.1,0.0
2001-05-14,0.0,6.8,11.1
2001-05-15,5.0,0.0,0.0
2001-05-16,0.0,3.3,6.0
2001-05-17,14.0,0.5,0.0
2001-05-18,2.0,1.3,3.0
2001-05-19,0.0,0.0,0.0
2001-05-20,0.0,0.0,0.0
2001-05-21,24.0,0.0,0.0
2001-05-22,0.0,0.3,0.0
2001-05-23,2.0,1.5,2.9
2001-05-24,5.0,18.2,19.6
2001-05-25,2.0,13.4,18.0
2001-05-26,83.0,11.0,15.0
2001-05-27,12.0,0.3,0.0
2001-05-28,0.0,0.1,0.0
2001-05-29,0.0,5.8,8.6
2001-05-30,2.0,24.0,30.6
2001-05-31,5.0,17.9,23.7
2001-06-01,43.0,0.9,1.6
2001-06-02,0.0,4.4,6.0
2001-06-03,1.0,1.8,2.7
2001-06-04,0.0,23.3,34.1
2001-06-05,19.0,0.4,0.0
2001-06-06,2.0,1.6,2.6
2001-06-09,15.0,15.5,19.6
2001-06-10,33.0,12.0,15.0
2001-06-11,4.0,1.5,3.4
2001-06-12,1.0,18.7,25.5
2001-06-13,3.0,17.4,24.3
2001-06-14,40.0,2.6,4.8
2001-06-15,9.0,8.2,12.9
2001-06-16,2.0,0.0,0.0
2001-06-17,5.0,3.8,6.6
2001-06-18,0.0,0.0,0.0
2001-06-19,5.0,0.0,0.0
2001-06-20,3.0,19.5,28.4
2001-06-21,24.0,1.3,4.3
2001-06-22,0.0,0.0,0.0
2001-06-23,0.0,0.0,0.0
2001-06-24,0.0,0.5,0.0
2001-06-25,0.0,4.8,8.4
2001-06-26,14.0,1.1,4.0
2001-06-27,2.0,8.6,12.7
2001-06-28,12.0,5.2,8.9
2001-06-29,15.0,0.1,0.0
2001-06-30,0.0,0.0,0.0
2001-07-01,1.0,0.0,0.0
2001-07-02,0.0,0.0,0.0
2001-07-03,0.0,0.0,0.0
2001-07-04,0.0,0.3,0.0
2001-07-05,0.0,0.0,0.0
2001-07-06,0.0,0.0,0.0
2001-07-07,0.0,0.0,0.0
2001-07-08,0.0,0.0,0.0
2001-07-09,0.0,0.0,0.0
2001-07-10,0.0,0.0,0.0
2001-07-11,0.0,0.0,0.0
2001-07-12,2.0,6.2,7.1
2001-07-13,21.0,6.0,6.9
2001-07-14,8.0,0.0,0.0
2001-07-15,0.0,0.2,0.0
2001-07-16,0.0,0.0,0.0
2001-07-17,1.0,0.0,0.0
2001-07-18,1.0,1.2,2.9
2001-07-19,27.0,0.0,0.0
2001-07-20,0.0,7.4,8.1
2001-07-21,2.0,1.7,5.0
2001-07-23,7.0,1.6,4.9
2001-07-26,5.0,7.1,14.4
2001-07-27,4.0,14.6,30.6
2001-07-28,10.0,0.0,0.0
2001-07-29,43.0,8.1,15.7
2001-07-30,0.0,0.7,3.4
2001-07-31,2.0,2.4,6.2
2001-08-01,1.0,0.1,0.0
2001-08-02,11.0,0.0,0.0
2001-08-03,0.0,0.0,0.0
2001-08-04,0.0,0.1,0.0
2001-08-05,0.0,0.0,0.0
2001-08-06,0.0,0.0,0.0
2001-08-07,2.0,13.5,19.1
2001-08-08,4.0,0.0,0.0
2001-08-09,5.0,0.0,0.0
2001-08-10,0.0,0.0,0.0
2001-08-11,0.0,3.0,6.0
2001-08-12,0.0,0.6,0.0
2001-08-13,0.0,0.6,0.0
2001-08-14,0.0,0.0,0.0
2001-08-15,0.0,0.0,0.0
2001-08-16,0.0,0.0,0.0
2001-08-17,0.0,0.0,0.0
2001-08-18,0.0,0.0,0.0
2001-08-19,0.0,0.0,0.0
2001-08-20,0.0,0.0,0.0
2001-08-21,0.0,0.0,0.0
2001-08-22,0.0,0.0,0.0
2001-08-23,0.0,0.4,0.0
2001-08-24,0.0,2.0,4.3
2001-08-25,0.0,0.4,0.0
2001-08-26,0.0,0.0,0.0
2001-08-27,0.0,0.0,0.0
2001-08-28,0.0,6.1,9.1
2001-08-29,4.0,0.0,0.0
2001-08-30,0.0,0.0,0.0
2001-08-31,0.0,0.0,0.0
2001-09-01,0.0,0.0,0.0
2001-09-02,0.0,0.0,0.0
2001-09-03,0.0,0.0,0.0
2001-09-04,0.0,0.1,0.0
2001-09-05,0.0,1.1,3.2
2001-09-06,0.0,0.3,0.0
2001-09-07,0.0,0.4,0.0
2001-09-08,0.0,0.0,0.0
2001-09-09,6.0,0.3,0.0
2001-09-10,3.0,1.2,3.5
2001-09-11,2.0,9.7,15.7
2001-09-12,0.0,8.7,13.5
2001-09-13,0.0,0.2,0.0
2001-09-14,1.0,0.1,0.0
2001-09-16,0.0,0.0,0.0
2001-09-17,0.0,0.0,0.0
2001-09-18,0.0,0.0,0.0
2001-09-19,0.0,0.0,0.0
2001-09-20,0.0,0.6,0.0
2001-09-21,0.0,0.0,0.0
2001-09-22,2.0,29.7,25.6
2001-09-23,3.0,3.3,5.3
2001-09-24,3.0,3.8,5.7
2001-09-25,0.0,0.0,0.0
2001-09-26,3.0,0.0,0.0
2001-09-27,5.0,1.0,3.2
2001-09-28,50.0,16.5,17.1
2001-09-29,3.0,0.9,0.0
2001-09-30,0.0,51.9,49.0
2001-10-01,60.0,5.9,9.2
2001-10-02,6.0,1.5,3.4
2001-10-03,0.0,0.0,0.0
2001-10-04,0.0,0.0,0.0
2001-10-05,6.0,0.1,0.0
2001-10-06,0.0,0.6,0.0
2001-10-07,0.0,2.2,4.4
2001-10-08,0.0,7.1,10.2
2001-10-09,4.0,0.9,2.6
2001-10-10,0.0,2.6,4.8
2001-10-11,16.0,5.4,5.7
2001-10-12,32.0,0.1,0.0
2001-10-13,0.0,6.8,7.0
2001-10-14,62.0,3.9,4.4
2001-10-15,15.0,12.5,12.2
2001-10-16,0.0,1.7,2.5
2001-10-17,0.0,28.8,25.3
2001-10-18,3.0,15.3,15.1
2001-10-19,38.0,9.6,9.6
2001-10-20,3.0,0.1,0.0
2001-10-21,0.0,0.0,0.0
2001-10-22,0.0,8.0,8.4
2001-10-24,6.0,3.6,4.3
2001-10-26,0.0,2.3,3.1
2001-10-27,0.0,0.0,0.0
2001-10-28,0.0,0.0,0.0
2001-10-30,1.0,2.8,3.5
2001-10-31,9.0,16.1,16.7
2001-11-01,9.0,2.5,2.0
2001-11-02,2.0,21.5,16.6
2001-11-03,45.0,1.1,0.0
2001-11-04,0.0,1.1,0.0
2001-11-05,1.0,9.8,7.0
2001-11-06,16.0,3.8,2.7
2001-11-07,0.0,12.6,9.1
2001-11-08,15.0,6.8,4.7
2001-11-09,1.0,25.6,19.0
2001-11-10,7.0,32.4,25.6
2001-11-11,17.0,2.8,2.1
2001-11-12,1.0,45.4,41.8
2001-11-13,68.0,2.7,2.0
2001-11-14,11.0,5.5,4.0
2001-11-15,2.0,1.1,0.0
2001-11-16,20.0,3.7,2.7
2001-11-17,1.0,29.4,26.5
2001-11-18,31.0,14.6,11.2
2001-11-19,2.0,13.4,10.2
2001-11-20,1.0,0.1,0.0
2001-11-21,0.0,3.2,1.0
2001-11-22,1.0,0.8,0.0
2001-11-23,2.0,6.8,3.4
2001-11-24,0.0,0.3,0.0
2001-11-25,0.0,7.2,3.7
2001-11-26,1.0,56.2,61.8
2001-11-27,27.0,19.9,16.1
2001-11-28,6.0,7.4,3.9
2001-11-29,11.0,15.5,11.5
2001-11-30,44.0,11.3,7.5
2001-12-01,6.0,4.9,3.6
2001-12-02,11.0,4.0,2.9
2001-12-03,0.0,15.0,11.7
2001-12-04,0.0,0.3,0.0
2001-12-05,0.0,0.0,0.0
2001-12-06,0.0,13.8,10.7
2001-12-07,0.0,5.7,4.2
2001-12-08,0.0,0.9,0.0
2001-12-09,0.0,3.2,2.4
2001-12-10,0.0,0.2,0.0
2001-12-11,0.0,1.0,0.0
2001-12-12,0.0,8.9,10.0
2001-12-13,0.0,0.0,0.0
2001-12-14,0.0,5.4,5.5
2001-12-15,40.0,19.2,23.4
2001-12-16,14.0,4.7,4.6
2001-12-17,1.0,16.2,19.6
2001-12-18,12.0,1.8,1.0
2001-12-19,7.0,1.2,1.0
2001-12-20,18.0,0.8,0.0
2001-12-21,1.0,0.5,0.0
2001-12-22,9.0,2.2,1.0
2001-12-23,7.0,0.1,0.0
2001-12-25,2.0,35.0,42.0
2001-12-26,5.0,22.8,28.4
2001-12-27,61.0,20.6,25.6
2001-12-28,49.0,40.4,50.5
2001-12-29,54.0,8.8,8.7
2001-12-30,9.0,17.8,19.7
2001-12-31,36.0,2.0,1.0
2002-01-01,0.0,3.1,5.0
2002-01-02,4.0,0.2,0.0
2002-01-04,0.0,0.0,0.0
2002-01-05,0.0,0.0,0.0
2002-01-06,3.0,0.2,0.0
2002-01-07,0.0,2.0,3.0
2002-01-08,0.0,5.2,8.4
2002-01-09,14.0,10.9,17.3
2002-01-11,6.0,0.0,0.0
2002-01-12,0.0,2.1,3.7
2002-01-13,2.0,17.4,22.5
2002-01-14,7.0,28.0,35.9
2002-01-15,13.0,27.2,35.8
2002-01-16,17.0,0.5,0.0
2002-01-17,2.0,7.3,10.3
2002-01-18,100.0,1.6,3.0
2002-01-19,2.0,17.4,23.0
2002-01-20,9.0,6.2,9.0
2002-01-21,9.0,3.6,3.4
2002-01-22,1.0,4.2,4.3
2002-01-23,0.0,31.0,41.5
2002-01-24,38.0,23.1,31.7
2002-01-25,14.0,14.3,16.7
2002-01-26,5.0,1.4,1.0
2002-01-27,4.0,0.4,0.0
2002-01-28,0.0,19.2,25.0
2002-01-29,0.0,18.5,23.9
2002-01-30,17.0,4.7,4.8
2002-01-31,4.0,23.5,31.7
2002-02-01,33.0,14.1,18.3
2002-02-02,10.0,35.2,46.7
2002-02-03,37.0,9.0,11.7
2002-02-04,11.0,5.9,7.6
2002-02-05,11.0,0.4,0.0
2002-02-06,0.0,0.7,0.0
2002-02-07,0.0,2.3,2.6
2002-02-08,0.0,12.6,16.4
2002-02-09,12.0,0.1,0.0
2002-02-10,2.0,2.0,2.2
2002-02-11,0.0,0.6,0.0
2002-02-12,21.0,2.3,1.8
2002-02-13,10.0,8.0,8.5
2002-02-14,1.0,2.1,1.5
2002-02-15,12.0,2.0,1.4
2002-02-16,6.0,1.7,1.1
2002-02-17,2.0,5.3,5.3
2002-02-18,3.0,12.1,13.4
2002-02-19,6.0,0.0,0.0
2002-02-20,9.0,14.6,16.2
2002-02-21,48.0,11.4,9.5
2002-02-22,41.0,14.0,12.0
2002-02-23,7.0,0.9,0.0
2002-02-24,0.0,11.7,9.8
2002-02-25,1.0,3.6,2.1
2002-02-26,5.0,23.4,23.5
2002-02-27,17.0,7.7,5.9
2002-02-28,43.0,17.7,15.5
2002-03-01,70.0,17.8,17.0
2002-03-02,29.0,0.6,0.0
2002-03-03,0.0,0.4,0.0
2002-03-04,0.0,0.0,0.0
2002-03-05,0.0,0.9,0.0
2002-03-06,0.0,9.1,7.9
2002-03-07,13.0,3.8,2.2
2002-03-08,7.0,10.4,9.2
2002-03-09,22.0,6.9,5.5
2002-03-10,8.0,3.9,2.2
2002-03-11,19.0,12.3,11.7
2002-03-12,23.0,6.1,4.8
2002-03-13,10.0,5.0,3.6
2002-03-14,44.0,12.6,12.0
2002-03-15,19.0,10.8,10.0
2002-03-16,6.0,9.8,9.0
2002-03-17,4.0,0.1,0.0
2002-03-19,4.0,4.1,2.6
2002-03-20,10.0,0.2,0.0
2002-03-21,2.0,1.8,0.0
2002-03-22,2.0,26.0,28.9
2002-03-23,57.0,15.2,14.2
2002-03-24,32.0,1.2,0.0
2002-03-26,27.0,30.8,35.2
2002-03-27,11.0,45.0,49.5
2002-03-28,22.0,1.6,0.0
2002-03-29,10.0,6.8,5.2
2002-03-30,14.0,22.0,24.5
2002-03-31,10.0,11.3,10.0
2002-04-01,3.0,22.8,17.9
2002-04-02,21.0,4.8,3.3
2002-04-03,7.0,11.2,8.4
2002-04-04,3.0,22.9,18.2
2002-04-05,5.0,8.8,6.5
2002-04-06,21.0,0.1,0.0
2002-04-07,0.0,2.2,1.2
2002-04-08,0.0,6.3,4.5
2002-04-10,2.0,0.4,0.0
2002-04-11,1.0,13.9,10.3
2002-04-12,24.0,9.1,5.2
2002-04-13,32.0,0.5,0.0
2002-04-15,0.0,2.1,0.0
2002-04-16,29.0,23.4,25.2
2002-04-17,33.0,16.5,13.0
2002-04-18,26.0,0.0,0.0
2002-04-19,0.0,1.9,0.0
2002-04-20,0.0,0.0,0.0
2002-04-21,0.0,6.1,5.3
2002-04-22,26.0,1.5,1.2
2002-04-23,1.0,2.5,1.9
2002-04-24,7.0,9.2,8.5
2002-04-25,2.0,0.3,0.0
2002-04-26,0.0,25.7,27.5
2002-04-27,16.0,1.7,1.3
2002-04-28,1.0,3.0,2.4
2002-04-29,0.0,0.0,0.0
2002-04-30,0.0,6.5,5.7
2002-05-01,7.0,10.9,11.5
2002-05-02,6.0,8.4,8.9
2002-05-03,41.0,3.9,4.3
2002-05-04,4.0,1.2,1.6
2002-05-05,1.0,3.7,4.1
2002-05-06,7.0,6.6,7.0
2002-05-07,1.0,12.6,13.2
2002-05-08,5.0,6.7,7.1
2002-05-09,14.0,12.1,12.7
2002-05-10,14.0,23.0,23.9
2002-05-11,35.0,1.5,3.3
2002-05-12,0.0,0.0,0.0
2002-05-13,0.0,0.0,0.0
2002-05-14,0.0,0.0,0.0
2002-05-15,0.0,0.0,0.0
2002-05-16,6.0,0.0,0.0
2002-05-17,0.0,0.0,0.0
2002-05-18,6.0,0.0,0.0
2002-05-19,0.0,0.0,0.0
2002-05-20,0.0,0.0,0.0
2002-05-21,0.0,0.0,0.0
2002-05-23,2.0,0.0,0.0
2002-05-24,0.0,1.5,2.9
2002-05-25,0.0,4.4,6.8
2002-05-26,0.0,0.0,0.0
2002-05-27,0.0,0.4,0.0
2002-05-28,0.0,0.0,0.0
2002-05-29,0.0,2.1,3.7
2002-05-30,0.0,0.0,0.0
2002-05-31,0.0,1.0,2.3
2002-06-03,0.0,0.4,0.0
2002-06-04,0.0,10.5,13.2
2002-06-05,0.0,2.1,3.1
2002-06-06,1.0,2.9,4.1
2002-06-07,1.0,17.4,21.0
2002-06-08,7.0,0.3,0.0
2002-06-09,3.0,4.3,5.9
2002-06-10,1.0,6.0,7.9
2002-06-11,8.0,4.5,7.6
2002-06-12,9.0,0.5,0.0
2002-06-13,3.0,5.6,9.2
2002-06-14,2.0,0.0,0.0
2002-06-15,0.0,0.0,0.0
2002-06-16,4.0,0.0,0.0
2002-06-17,3.0,0.0,0.0
2002-06-18,2.0,5.9,9.7
2002-06-19,5.0,13.2,20.3
2002-06-20,11.0,11.5,17.5
2002-06-21,2.0,0.0,0.0
2002-06-22,3.0,1.1,4.1
2002-06-23,0.0,3.3,6.7
2002-06-24,3.0,0.8,3.7
2002-06-26,0.0,2.6,5.8
2002-06-27,0.0,3.4,6.8
2002-06-28,0.0,0.0,0.0
2002-06-29,0.0,0.4,0.0
2002-06-30,0.0,0.0,0.0
2002-07-01,0.0,0.3,0.0
2002-07-02,0.0,0.0,0.0
2002-07-03,0.0,1.7,1.8
2002-07-04,0.0,0.0,0.0
2002-07-05,0.0,0.0,0.0
2002-07-06,0.0,0.0,0.0
2002-07-07,0.0,0.0,0.0
2002-07-08,0.0,0.0,0.0
2002-07-09,0.0,0.0,0.0
2002-07-10,0.0,0.2,0.0
2002-07-11,0.0,0.0,0.0
2002-07-12,0.0,0.0,0.0
2002-07-13,0.0,0.0,0.0
2002-07-14,0.0,0.0,0.0
2002-07-15,0.0,0.0,0.0
2002-07-16,0.0,0.0,0.0
2002-07-17,0.0,0.0,0.0
2002-07-18,0.0,0.0,0.0
2002-07-19,0.0,0.0,0.0
2002-07-20,0.0,0.0,0.0
2002-07-21,0.0,0.0,0.0
2002-07-22,0.0,7.8,15.4
2002-07-23,0.0,0.0,0.0
2002-07-24,0.0,0.0,0.0
2002-07-25,0.0,0.0,0.0
2002-07-26,0.0,0.0,0.0
2002-07-27,0.0,0.0,0.0
2002-07-28,0.0,0.0,0.0
2002-07-29,0.0,2.7,6.8
2002-07-30,0.0,0.0,0.0
2002-07-31,0.0,0.0,0.0
2002-08-01,0.0,3.3,5.1
2002-08-02,0.0,0.0,0.0
2002-08-03,0.0,0.0,0.0
2002-08-04,0.0,7.2,10.7
2002-08-05,5.0,0.0,0.0
2002-08-08,0.0,0.0,0.0
2002-08-09,0.0,0.0,0.0
2002-08-10,0.0,0.9,2.0
2002-08-11,0.0,0.2,0.0
2002-08-12,0.0,44.2,66.2
2002-08-13,0.0,0.0,0.0
2002-08-14,0.0,5.2,8.4
2002-08-15,0.0,0.0,0.0
2002-08-16,0.0,0.0,0.0
2002-08-17,0.0,0.6,0.0
2002-08-18,0.0,0.3,0.0
2002-08-19,0.0,0.6,0.0
2002-08-20,0.0,0.0,0.0
2002-08-21,0.0,0.0,0.0
2002-08-22,0.0,0.0,0.0
2002-08-23,0.0,0.0,0.0
2002-08-24,0.0,0.0,0.0
2002-08-25,0.0,0.0,0.0
2002-08-26,0.0,0.0,0.0
2002-08-27,0.0,0.0,0.0
2002-08-28,0.0,0.0,0.0
2002-08-29,0.0,0.0,0.0
2002-08-30,0.0,0.0,0.0
2002-08-31,0.0,19.6,27.1
2002-09-01,0.0,0.0,0.0
2002-09-03,0.0,4.1,8.1
2002-09-06,0.0,0.0,0.0
2002-09-07,0.0,0.0,0.0
2002-09-08,0.0,0.0,0.0
2002-09-09,0.0,0.0,0.0
2002-09-10,0.0,0.8,2.6
2002-09-11,0.0,0.0,0.0
2002-09-12,0.0,0.7,1.0
2002-09-13,0.0,0.0,0.0
2002-09-14,4.0,0.0,0.0
2002-09-15,0.0,0.0,0.0
2002-09-16,0.0,1.8,2.8
2002-09-17,0.0,0.0,0.0
2002-09-18,0.0,0.0,0.0
2002-09-19,0.0,0.0,0.0
2002-09-20,0.0,0.0,0.0
2002-09-21,0.0,0.0,0.0
2002-09-22,0.0,0.0,0.0
2002-09-23,0.0,0.0,0.0
2002-09-24,0.0,49.1,46.0
2002-09-25,9.0,15.5,15.1
2002-09-26,0.0,0.0,0.0
2002-09-27,0.0,0.0,0.0
2002-09-28,0.0,0.0,0.0
2002-09-29,0.0,0.0,0.0
2002-09-30,0.0,8.0,9.2
2002-11-01,41.0,0.0,0.0
2002-11-02,0.0,0.0,0.0
2002-11-03,0.0,0.0,0.0
2002-11-04,0.0,0.0,0.0
2002-11-05,0.0,18.8,14.1
2002-11-06,25.0,0.0,0.0
2002-11-07,0.0,0.7,0.0
2002-11-08,0.0,15.5,11.5
2002-11-09,18.0,15.2,11.3
2002-11-10,6.0,0.0,0.0
2002-11-11,0.0,0.0,0.0
2002-11-12,0.0,12.2,9.2
2002-11-13,1.0,0.3,0.0
2002-11-14,7.0,0.0,0.0
2002-11-15,0.0,5.6,4.1
2002-11-16,1.0,2.3,1.8
2002-11-18,0.0,0.0,0.0
2002-11-19,0.0,1.8,1.4
2002-11-20,6.0,26.4,23.4
2002-11-21,60.0,0.1,0.0
2002-11-22,0.0,0.0,0.0
2002-11-23,4.0,0.5,0.0
2002-11-24,0.0,0.2,0.0
2002-11-25,0.0,11.6,7.8
2002-11-26,7.0,19.5,15.5
2002-11-27,23.0,68.2,76.4
2002-11-28,82.0,10.2,6.5
2002-11-29,21.0,0.8,0.0
2002-11-30,17.0,6.1,2.7
2002-12-01,0.0,2.4,1.8
2002-12-02,0.0,1.1,0.0
2002-12-03,0.0,14.8,11.5
2002-12-04,2.0,15.1,11.7
2002-12-05,3.0,1.6,1.3
2002-12-06,5.0,2.1,1.6
2002-12-07,0.0,0.0,0.0
2002-12-08,2.0,0.0,0.0
2002-12-09,0.0,3.0,2.3
2002-12-10,0.0,34.6,30.5
2002-12-11,40.0,5.5,5.6
2002-12-12,6.0,41.0,54.4
2002-12-13,40.0,5.1,5.1
2002-12-14,42.0,0.8,0.0
2002-12-15,0.0,11.1,12.8
2002-12-16,17.0,14.5,17.3
2002-12-17,8.0,0.0,0.0
2002-12-18,0.0,0.0,0.0
2002-12-19,0.0,0.0,0.0
2002-12-20,6.0,13.3,15.7
2002-12-21,24.0,14.3,15.6
2002-12-22,24.0,13.2,14.2
2002-12-23,0.0,1.3,0.0
2002-12-24,1.0,12.0,12.6
2002-12-25,3.0,2.5,1.2
2002-12-26,7.0,11.1,11.5
2002-12-27,25.0,27.3,31.5
2002-12-28,20.0,17.5,20.7
2002-12-29,40.0,24.8,31.3
2002-12-30,10.0,4.4,3.4
2002-12-31,0.0,15.6,17.3
2003-01-01,2.0,8.9,14.2
2003-01-02,1.0,2.7,4.2
2003-01-03,0.0,2.3,3.7
2003-01-04,0.0,1.0,1.4
2003-01-05,0.0,1.0,1.4
2003-01-06,0.0,0.9,1.2
2003-01-07,12.0,11.7,18.5
2003-01-08,9.0,18.0,28.8
2003-01-09,2.0,4.5,7.1
2003-01-10,0.0,12.3,19.1
2003-01-11,14.0,3.3,5.3
2003-01-12,0.0,0.1,0.0
2003-01-13,0.0,0.0,0.0
2003-01-14,0.0,0.0,0.0
2003-01-15,0.0,1.7,3.2
2003-01-16,0.0,6.1,8.8
2003-01-17,0.0,0.1,0.0
2003-01-18,12.0,13.8,17.9
2003-01-19,10.0,22.9,27.5
2003-01-20,9.0,0.0,0.0
2003-01-22,15.0,17.0,19.8
2003-01-23,4.0,11.2,12.9
2003-01-24,15.0,1.8,1.0
2003-01-26,33.0,3.1,2.8
2003-01-28,14.0,6.0,6.4
2003-01-29,3.0,28.4,38.4
2003-01-30,7.0,38.1,48.5
2003-01-31,10.0,0.1,0.0
2003-02-01,10.0,0.4,0.0
2003-02-02,5.0,11.7,15.2
2003-02-03,14.0,3.1,3.7
2003-02-04,24.0,37.3,51.2
2003-02-05,11.0,3.5,4.2
2003-02-07,7.0,2.4,2.7
2003-02-08,4.0,1.6,1.6
2003-02-09,40.0,13.8,18.1
2003-02-10,23.0,22.6,29.4
2003-02-11,60.0,48.2,63.7
2003-02-12,1.0,0.4,0.0
2003-02-13,6.0,11.3,12.4
2003-02-14,20.0,4.5,4.4
2003-02-15,29.0,35.3,44.9
2003-02-16,78.0,17.1,19.5
2003-02-17,50.0,7.6,8.0
2003-02-18,24.0,12.0,13.3
2003-02-19,2.0,5.0,4.9
2003-02-20,0.0,17.1,19.0
2003-02-21,0.0,0.4,0.0
2003-02-22,0.0,1.2,0.0
2003-02-23,0.0,1.2,1.0
2003-02-24,0.0,1.4,1.0
2003-02-26,0.0,6.8,5.1
2003-02-27,10.0,2.5,1.1
2003-02-28,9.0,8.9,7.0
2003-03-01,0.0,0.0,0.0
2003-03-02,0.0,0.0,0.0
2003-03-03,0.0,1.9,0.0
2003-03-04,17.0,19.3,19.1
2003-03-05,2.0,9.5,8.3
2003-03-06,2.0,6.9,5.5
2003-03-07,5.0,4.1,2.5
2003-03-08,19.0,5.3,3.8
2003-03-09,10.0,13.2,12.2
2003-03-10,0.0,0.3,0.0
2003-03-11,0.0,8.4,7.4
2003-03-12,9.0,7.0,5.9
2003-03-13,9.0,36.9,43.3
2003-03-14,10.0,11.8,11.1
2003-03-15,5.0,8.5,7.5
2003-03-16,10.0,0.5,0.0
2003-03-17,1.0,3.7,2.1
2003-03-18,10.0,7.8,6.8
2003-03-19,10.0,3.5,2.0
2003-03-20,13.0,11.5,10.8
2003-03-21,30.0,0.0,0.0
2003-03-22,0.0,0.1,0.0
2003-03-23,3.0,13.0,11.9
2003-03-24,39.0,1.9,0.0
2003-03-25,2.0,4.1,2.2
2003-03-26,4.0,0.0,0.0
2003-03-27,4.0,21.1,23.8
2003-03-28,14.0,2.0,0.0
2003-03-29,1.0,10.9,9.7
2003-03-30,0.0,0.7,0.0
2003-03-31,0.0,6.0,4.3
2003-04-01,7.0,38.0,30.6
2003-04-02,26.0,16.5,12.7
2003-04-03,0.0,28.0,22.5
2003-04-04,3.0,24.8,19.3
2003-04-05,24.0,20.8,16.2
2003-04-06,8.0,6.3,4.5
2003-04-07,59.0,2.8,1.7
2003-04-08,1.0,1.2,0.0
2003-04-09,3.0,6.9,5.0
2003-04-10,20.0,0.7,0.0
2003-04-11,10.0,0.0,0.0
2003-04-12,10.0,6.7,2.7
2003-04-13,11.0,4.3,1.0
2003-04-14,11.0,0.0,0.0
2003-04-15,10.0,0.5,0.0
2003-04-16,11.0,0.0,0.0
2003-04-17,0.0,12.6,8.9
2003-04-18,4.0,0.0,0.0
2003-04-20,2.0,2.4,0.0
2003-04-21,0.0,24.1,24.5
2003-04-22,6.0,33.1,39.3
2003-04-23,8.0,22.1,23.2
2003-04-24,11.0,11.6,11.0
2003-04-25,6.0,12.1,11.6
2003-04-26,15.0,12.1,11.5
2003-04-27,10.0,15.4,15.2
2003-04-28,10.0,1.0,1.0
2003-04-29,10.0,0.0,0.0
2003-04-30,3.0,9.4,8.7
2003-05-01,10.0,0.1,0.0
2003-05-02,3.0,10.9,11.5
2003-05-03,7.0,0.2,0.0
2003-05-04,0.0,5.5,5.9
2003-05-05,9.0,12.0,12.7
2003-05-06,10.0,0.9,0.0
2003-05-07,0.0,1.0,1.4
2003-05-08,8.0,19.1,20.3
2003-05-09,4.0,10.4,11.0
2003-05-10,3.0,7.2,7.7
2003-05-11,10.0,1.4,3.1
2003-05-12,2.0,5.0,8.5
2003-05-13,2.0,0.0,0.0
2003-05-14,0.0,1.0,2.7
2003-05-15,0.0,0.6,0.0
2003-05-16,0.0,0.1,0.0
2003-05-17,0.0,0.0,0.0
2003-05-18,0.0,0.3,0.0
2003-05-19,1.0,0.0,0.0
2003-05-20,0.0,0.0,0.0
2003-05-21,2.0,4.7,7.1
2003-05-22,5.0,4.6,7.0
2003-05-23,1.0,1.3,2.7
2003-05-24,0.0,0.0,0.0
2003-05-25,0.0,0.5,0.0
2003-05-26,0.0,0.0,0.0
2003-05-28,0.0,0.0,0.0
2003-05-29,0.0,0.0,0.0
2003-05-30,0.0,0.0,0.0
2003-05-31,0.0,1.2,2.5
2003-06-01,0.0,0.0,0.0
2003-06-02,0.0,0.9,1.6
2003-06-03,0.0,3.1,4.4
2003-06-04,0.0,0.0,0.0
2003-06-05,1.0,0.0,0.0
2003-06-06,0.0,0.0,0.0
2003-06-07,0.0,0.0,0.0
2003-06-08,0.0,0.0,0.0
2003-06-09,0.0,0.0,0.0
2003-06-10,0.0,0.0,0.0
2003-06-11,0.0,0.0,0.0
2003-06-12,0.0,0.0,0.0
2003-06-13,0.0,0.0,0.0
2003-06-14,0.0,0.0,0.0
2003-06-15,0.0,0.0,0.0
2003-06-16,2.0,0.0,0.0
2003-06-17,0.0,0.0,0.0
2003-06-18,0.0,0.0,0.0
2003-06-19,0.0,7.3,11.7
2003-06-20,0.0,3.0,5.4
2003-06-21,1.0,3.5,6.9
2003-06-22,1.0,0.0,0.0
2003-06-23,0.0,5.3,8.9
2003-06-24,2.0,0.2,0.0
2003-06-26,0.0,0.0,0.0
2003-06-27,0.0,0.0,0.0
2003-06-28,0.0,0.2,0.0
2003-06-29,0.0,4.8,8.4
2003-06-30,0.0,0.9,3.8
2003-07-01,0.0,4.4,4.4
2003-07-02,28.0,2.7,2.7
2003-07-03,4.0,0.0,0.0
2003-07-04,8.0,0.0,0.0
2003-07-05,0.0,3.4,3.4
2003-07-06,0.0,0.3,0.0
2003-07-07,1.0,10.9,11.3
2003-07-08,6.0,0.0,0.0
2003-07-09,3.0,17.4,18.3
2003-07-10,0.0,13.0,13.6
2003-07-11,20.0,2.3,3.9
2003-07-13,0.0,0.1,0.0
2003-07-14,0.0,0.0,0.0
2003-07-15,0.0,0.0,0.0
2003-07-16,0.0,0.0,0.0
2003-07-17,0.0,0.0,0.0
2003-07-18,0.0,0.0,0.0
2003-07-19,0.0,0.0,0.0
2003-07-20,0.0,0.0,0.0
2003-07-21,0.0,0.0,0.0
2003-07-22,0.0,0.0,0.0
2003-07-23,0.0,2.4,6.3
2003-07-24,1.0,5.9,12.1
2003-07-25,20.0,10.7,19.1
2003-07-27,3.0,0.0,0.0
2003-07-28,1.0,1.8,5.2
2003-07-29,0.0,0.5,3.1
2003-07-30,0.0,0.0,0.0
2003-08-01,1.0,0.0,0.0
2003-08-02,1.0,0.6,0.0
2003-08-03,0.0,0.1,0.0
2003-08-04,0.0,0.0,0.0
2003-08-05,1.0,0.1,0.0
2003-08-06,0.0,5.1,7.6
2003-08-08,0.0,1.0,2.1
2003-08-09,0.0,0.2,0.0
2003-08-10,0.0,0.0,0.0
2003-08-11,0.0,4.7,8.4
2003-08-12,0.0,70.4,74.1
2003-08-13,10.0,8.2,11.9
2003-08-16,0.0,0.0,0.0
2003-08-17,0.0,3.8,7.5
2003-08-18,16.0,2.5,5.4
2003-08-19,0.0,1.1,3.6
2003-08-20,0.0,1.8,4.5
2003-08-21,0.0,10.5,14.9
2003-08-22,2.0,8.5,12.3
2003-08-23,1.0,0.0,0.0
2003-08-24,0.0,1.7,4.0
2003-08-25,20.0,6.8,9.9
2003-08-26,0.0,7.1,10.5
2003-08-27,7.0,6.9,10.2
2003-08-28,7.0,0.0,0.0
2003-08-29,0.0,8.4,12.1
2003-08-30,2.0,1.8,4.1
2003-08-31,9.0,2.9,5.4
2003-09-01,0.0,22.9,36.9
2003-09-02,0.0,0.9,2.8
2003-09-03,0.0,0.0,0.0
2003-09-04,0.0,0.0,0.0
2003-09-05,0.0,0.0,0.0
2003-09-06,15.0,4.0,8.0
2003-09-07,0.0,0.0,0.0
2003-09-08,3.0,1.5,3.9
2003-09-09,0.0,1.1,3.3
2003-09-10,1.0,0.1,0.0
2003-09-11,10.0,0.0,0.0
2003-09-12,0.0,0.0,0.0
2003-09-14,1.0,0.0,0.0
2003-09-15,29.0,11.3,17.9
2003-09-16,9.0,7.8,12.5
2003-09-17,0.0,0.2,0.0
2003-09-18,0.0,4.6,7.1
2003-09-19,10.0,27.6,48.3
2003-09-20,2.0,0.6,0.0
2003-09-21,0.0,0.1,0.0
2003-09-22,0.0,0.5,0.0
2003-09-23,0.0,0.2,0.0
2003-09-24,0.0,0.0,0.0
2003-09-25,0.0,0.0,0.0
2003-09-26,0.0,0.0,0.0
2003-09-27,0.0,0.0,0.0
2003-09-28,0.0,0.0,0.0
2003-09-29,0.0,0.0,0.0
2003-09-30,0.0,0.0,0.0
2003-10-01,19.0,5.7,9.8
2003-10-02,0.0,1.9,3.9
2003-10-03,2.0,2.1,4.2
2003-10-04,0.0,0.0,0.0
2003-10-05,1.0,0.4,0.0
2003-10-06,10.0,10.6,14.4
2003-10-07,30.0,23.3,30.5
2003-10-08,0.0,31.7,42.2
2003-10-09,1.0,0.9,2.6
2003-10-10,0.0,1.6,3.5
2003-10-11,0.0,0.5,0.0
2003-10-12,60.0,1.1,2.1
2003-10-13,1.0,28.8,25.2
2003-10-14,0.0,4.1,4.6
2003-10-15,0.0,2.4,3.1
2003-10-16,0.0,1.7,2.5
2003-10-17,0.0,0.0,0.0
2003-10-18,0.0,0.1,0.0
2003-10-19,0.0,0.0,0.0
2003-10-20,0.0,0.0,0.0
2003-10-21,0.0,0.0,0.0
2003-10-22,0.0,0.0,0.0
2003-10-23,0.0,0.0,0.0
2003-10-24,0.0,0.0,0.0
2003-10-25,0.0,0.0,0.0
2003-10-26,0.0,0.0,0.0
2003-10-27,0.0,5.2,5.7
2003-10-28,6.0,13.8,14.0
2003-10-29,0.0,0.0,0.0
2003-10-30,0.0,16.7,17.2
2003-10-31,0.0,9.0,9.5
2003-11-01,29.0,5.2,3.6
2003-11-02,0.0,0.3,0.0
2003-11-03,0.0,14.6,10.8
2003-11-04,0.0,0.7,0.0
2003-11-05,0.0,0.0,0.0
2003-11-06,0.0,0.0,0.0
2003-11-07,0.0,0.0,0.0
2003-11-08,0.0,0.0,0.0
2003-11-09,0.0,1.3,0.0
2003-11-10,0.0,0.0,0.0
2003-11-11,0.0,0.2,0.0
2003-11-12,9.0,17.0,13.4
2003-11-13,66.0,2.3,1.8
2003-11-14,2.0,16.3,12.8
2003-11-15,17.0,10.2,7.7
2003-11-16,10.0,5.8,4.3
2003-11-17,0.0,10.7,8.1
2003-11-18,10.0,7.5,5.5
2003-11-19,40.0,18.0,13.9
2003-11-20,10.0,3.9,2.8
2003-11-21,1.0,22.0,18.2
2003-11-22,3.0,30.0,27.7
2003-11-23,2.0,36.3,36.3
2003-11-24,25.0,16.4,12.4
2003-11-25,11.0,1.2,0.0
2003-11-26,10.0,0.3,0.0
2003-11-27,0.0,8.9,5.2
2003-11-28,1.0,6.0,2.7
2003-11-29,1.0,1.2,0.0
2003-11-30,0.0,2.1,0.0
2003-12-01,2.0,2.6,2.0
2003-12-02,1.0,30.2,26.2
2003-12-03,20.0,44.0,41.1
2003-12-04,24.0,37.5,34.6
2003-12-05,5.0,1.2,0.0
2003-12-06,13.0,20.5,16.9
2003-12-07,10.0,4.3,3.1
2003-12-08,12.0,144.9,70.9
2003-12-09,3.0,12.9,9.9
2003-12-10,1.0,8.7,6.5
2003-12-11,0.0,25.7,32.7
2003-12-12,2.0,1.4,1.0
2003-12-13,10.0,11.6,13.5
2003-12-14,6.0,33.4,43.2
2003-12-15,18.0,9.9,11.3
2003-12-16,10.0,15.1,18.1
2003-12-17,0.0,20.8,25.8
2003-12-18,0.0,0.1,0.0
2003-12-19,0.0,4.6,4.5
2003-12-20,0.0,5.7,5.9
2003-12-22,0.0,1.8,1.0
2003-12-23,0.0,1.5,1.0
2003-12-24,0.0,1.4,0.0
2003-12-25,0.0,0.0,0.0
2003-12-26,1.0,4.6,3.6
2003-12-27,0.0,2.3,1.0
2003-12-28,0.0,1.8,1.0
2003-12-29,0.0,1.4,0.0
2003-12-30,0.0,3.8,2.6
2003-12-31,0.0,0.1,0.0
2004-01-01,0.0,6.0,9.5
2004-01-02,1.0,6.7,10.6
2004-01-03,0.0,4.3,6.9
2004-01-04,8.0,5.8,9.3
2004-01-05,4.0,24.1,40.5
2004-01-06,1.0,5.2,8.2
2004-01-07,25.0,10.9,17.3
2004-01-08,10.0,9.4,14.9
2004-01-10,21.0,13.8,21.9
2004-01-11,20.0,4.6,6.9
2004-01-12,31.0,3.5,5.5
2004-01-13,28.0,2.8,4.6
2004-01-14,0.0,23.4,28.4
2004-01-15,6.0,1.3,2.6
2004-01-16,0.0,13.4,17.4
2004-01-17,0.0,3.7,5.8
2004-01-18,1.0,5.9,8.5
2004-01-19,6.0,40.9,54.2
2004-01-20,34.0,6.4,9.1
2004-01-21,10.0,12.1,14.1
2004-01-22,2.0,1.8,1.0
2004-01-23,0.0,0.0,0.0
2004-01-24,0.0,0.6,0.0
2004-01-26,1.0,18.1,22.8
2004-01-27,6.0,51.8,55.2
2004-01-28,21.0,24.4,33.3
2004-01-29,6.0,4.6,4.7
2004-01-30,1.0,3.0,2.7
2004-01-31,10.0,11.3,13.1
2004-02-01,30.0,7.4,9.5
2004-02-02,4.0,20.2,25.1
2004-02-03,10.0,14.7,19.1
2004-02-04,9.0,5.8,7.4
2004-02-05,10.0,48.5,71.6
2004-02-06,10.0,11.8,15.4
2004-02-07,0.0,1.1,1.0
2004-02-08,0.0,2.5,2.9
2004-02-09,0.0,0.0,0.0
2004-02-10,0.0,1.9,2.1
2004-02-11,0.0,0.0,0.0
2004-02-12,0.0,1.8,1.2
2004-02-13,0.0,3.4,3.0
2004-02-14,2.0,1.4,1.0
2004-02-15,0.0,0.8,0.0
2004-02-16,0.0,14.4,16.2
2004-02-17,5.0,0.0,0.0
2004-02-18,0.0,0.5,0.0
2004-02-19,1.0,2.8,2.3
2004-02-20,0.0,6.2,6.3
2004-02-21,3.0,7.5,5.8
2004-02-22,20.0,2.7,1.4
2004-02-23,3.0,5.0,3.4
2004-02-24,7.0,42.5,42.7
2004-02-25,15.0,12.8,10.9
2004-02-26,40.0,28.8,29.8
2004-02-28,4.0,26.6,27.9
2004-02-29,15.0,1.5,1.0
2004-03-01,3.0,12.0,11.0
2004-03-02,11.0,11.2,10.1
2004-03-03,8.0,6.1,4.7
2004-03-04,12.0,11.0,9.9
2004-03-05,11.0,8.6,7.4
2004-03-06,12.0,2.4,1.0
2004-03-07,11.0,6.1,4.7
2004-03-08,12.0,14.7,13.9
2004-03-09,9.0,7.2,5.9
2004-03-10,8.0,4.6,3.1
2004-03-11,9.0,12.5,11.9
2004-03-12,14.0,25.8,29.9
2004-03-13,1.0,1.0,0.0
2004-03-14,0.0,1.2,0.0
2004-03-15,0.0,0.0,0.0
2004-03-16,0.0,1.2,0.0
2004-03-17,0.0,3.3,1.7
2004-03-18,0.0,0.4,0.0
2004-03-19,0.0,10.5,9.7
2004-03-20,0.0,0.0,0.0
2004-03-21,0.0,0.1,0.0
2004-03-22,0.0,0.0,0.0
2004-03-23,0.0,0.0,0.0
2004-03-24,0.0,0.0,0.0
2004-03-25,0.0,0.0,0.0
2004-03-26,0.0,12.8,11.7
2004-03-27,32.0,9.3,7.9
2004-03-28,14.0,4.1,2.2
2004-03-29,14.0,2.7,1.0
2004-03-30,3.0,2.8,1.0
2004-03-31,8.0,0.0,0.0
2004-04-01,0.0,0.0,0.0
2004-04-02,0.0,2.3,1.3
2004-04-03,0.0,0.0,0.0
2004-04-04,0.0,3.4,2.1
2004-04-05,14.0,0.6,0.0
2004-04-06,7.0,6.0,4.3
2004-04-07,16.0,1.9,1.0
2004-04-08,1.0,6.6,4.7
2004-04-09,14.0,3.4,2.1
2004-04-10,22.0,6.9,5.0
2004-04-11,10.0,1.1,0.0
2004-04-14,0.0,2.0,0.0
2004-04-15,0.0,22.1,19.0
2004-04-16,20.0,0.2,0.0
2004-04-17,0.0,0.6,0.0
2004-04-18,0.0,2.7,0.0
2004-04-19,7.0,3.0,0.0
2004-04-20,40.0,1.4,0.0
2004-04-21,14.0,4.3,3.5
2004-04-22,9.0,2.4,1.8
2004-04-23,9.0,17.2,17.3
2004-04-24,8.0,3.8,3.1
2004-04-25,8.0,0.9,0.0
2004-04-26,1.0,1.5,1.1
2004-04-27,3.0,1.8,1.4
2004-04-28,3.0,0.0,0.0
2004-04-29,0.0,0.9,0.0
2004-04-30,15.0,12.3,11.8
2004-05-01,3.0,0.1,0.0
2004-05-02,0.0,43.2,43.4
2004-05-03,15.0,0.0,0.0
2004-05-05,13.0,6.4,6.9
2004-05-06,1.0,0.1,0.0
2004-05-07,0.0,25.3,26.1
2004-05-08,1.0,45.5,46.3
2004-05-09,36.0,76.0,99.8
2004-05-10,44.0,2.7,3.1
2004-05-11,0.0,0.0,0.0
2004-05-12,9.0,0.5,0.0
2004-05-13,2.0,0.0,0.0
2004-05-14,0.0,0.0,0.0
2004-05-15,0.0,0.0,0.0
2004-05-16,0.0,0.0,0.0
2004-05-17,0.0,0.0,0.0
2004-05-18,0.0,0.0,0.0
2004-05-19,0.0,0.0,0.0
2004-05-21,0.0,1.0,2.2
2004-05-22,0.0,0.0,0.0
2004-05-23,0.0,0.1,0.0
2004-05-24,0.0,2.8,4.7
2004-05-25,0.0,0.0,0.0
2004-05-26,0.0,0.0,0.0
2004-05-27,0.0,1.0,2.2
2004-05-28,12.0,3.0,4.9
2004-05-29,3.0,2.7,4.5
2004-05-31,0.0,7.5,10.7
2004-06-01,0.0,15.7,19.2
2004-06-02,2.0,62.2,74.8
2004-06-03,9.0,6.5,8.4
2004-06-04,10.0,11.1,14.0
2004-06-05,15.0,0.5,0.0
2004-06-06,0.0,0.0,0.0
2004-06-07,1.0,10.5,13.2
2004-06-08,1.0,1.2,2.0
2004-06-09,1.0,8.0,10.3
2004-06-10,4.0,1.0,1.8
2004-06-11,10.0,0.0,0.0
2004-06-12,0.0,0.2,0.0
2004-06-14,0.0,0.1,0.0
2004-06-15,0.0,0.0,0.0
2004-06-16,3.0,0.0,0.0
2004-06-17,0.0,0.0,0.0
2004-06-18,0.0,0.0,0.0
2004-06-19,0.0,0.0,0.0
2004-06-20,0.0,0.0,0.0
2004-06-21,0.0,0.0,0.0
2004-06-22,0.0,0.0,0.0
2004-06-23,0.0,0.0,0.0
2004-06-24,0.0,0.0,0.0
2004-06-25,0.0,0.0,0.0
2004-06-26,0.0,0.0,0.0
2004-06-27,0.0,0.0,0.0
2004-06-28,0.0,0.0,0.0
2004-06-29,0.0,0.0,0.0
2004-06-30,0.0,0.0,0.0
2004-07-01,0.0,0.0,0.0
2004-07-02,0.0,0.0,0.0
2004-07-03,0.0,0.6,0.0
2004-07-04,10.0,0.3,0.0
2004-07-05,1.0,21.3,23.7
2004-07-06,3.0,1.4,1.4
2004-07-08,1.0,2.3,2.3
2004-07-09,8.0,1.0,1.1
2004-07-10,1.0,0.5,0.0
2004-07-11,12.0,14.1,13.5
2004-07-12,54.0,23.4,20.7
2004-07-13,2.0,3.8,5.1
2004-07-14,2.0,0.0,0.0
2004-07-15,0.0,0.0,0.0
2004-07-17,2.0,0.0,0.0
2004-07-18,1.0,0.2,0.0
2004-07-19,2.0,0.0,0.0
2004-07-20,6.0,0.0,0.0
2004-07-21,0.0,0.0,0.0
2004-07-22,3.0,4.3,9.4
2004-07-23,9.0,0.0,0.0
2004-07-24,10.0,0.0,0.0
2004-07-25,0.0,1.0,3.9
2004-07-26,0.0,0.0,0.0
2004-07-27,0.0,0.0,0.0
2004-07-28,0.0,2.4,6.3
2004-07-29,0.0,2.1,5.8
2004-07-30,11.0,3.5,8.0
2004-07-31,0.0,1.4,4.6
2004-08-01,0.0,4.8,7.3
2004-08-02,0.0,2.5,4.1
2004-08-03,0.0,10.0,14.5
2004-08-04,0.0,6.4,9.4
2004-08-05,0.0,5.6,8.4
2004-08-06,0.0,6.7,9.9
2004-08-07,0.0,2.5,4.0
2004-08-08,0.0,0.0,0.0
2004-08-09,0.0,0.0,0.0
2004-08-10,0.0,0.0,0.0
2004-08-11,0.0,0.0,0.0
2004-08-12,0.0,0.0,0.0
2004-08-13,0.0,0.3,0.0
2004-08-14,0.0,0.1,0.0
2004-08-15,0.0,6.4,9.8
2004-08-16,0.0,0.0,0.0
2004-08-17,0.0,0.0,0.0
2004-08-18,0.0,0.0,0.0
2004-08-19,0.0,0.0,0.0
2004-08-20,0.0,0.0,0.0
2004-08-21,0.0,0.0,0.0
2004-08-22,0.0,0.0,0.0
2004-08-23,0.0,0.0,0.0
2004-08-24,0.0,0.0,0.0
2004-08-25,0.0,0.0,0.0
2004-08-26,0.0,0.0,0.0
2004-08-27,0.0,0.8,3.1
2004-08-28,0.0,0.0,0.0
2004-08-29,0.0,0.0,0.0
2004-08-30,0.0,0.0,0.0
2004-08-31,0.0,0.0,0.0
2004-09-01,0.0,0.2,0.0
2004-09-02,0.0,0.4,0.0
2004-09-03,0.0,0.0,0.0
2004-09-04,0.0,0.0,0.0
2004-09-05,0.0,0.0,0.0
2004-09-06,0.0,0.0,0.0
2004-09-07,0.0,0.0,0.0
2004-09-08,0.0,2.2,5.1
2004-09-09,0.0,4.8,9.2
2004-09-10,7.0,1.3,3.5
2004-09-11,3.0,6.5,10.4
2004-09-12,3.0,0.5,0.0
2004-09-13,3.0,0.0,0.0
2004-09-14,0.0,0.0,0.0
2004-09-15,0.0,0.0,0.0
2004-09-16,0.0,0.0,0.0
2004-09-17,0.0,7.2,11.6
2004-09-18,0.0,12.6,19.5
2004-09-19,0.0,0.0,0.0
2004-09-20,0.0,0.0,0.0
2004-09-21,0.0,0.0,0.0
2004-09-22,0.0,0.0,0.0
2004-09-23,0.0,0.0,0.0
2004-09-24,0.0,0.0,0.0
2004-09-25,0.0,0.0,0.0
2004-09-26,0.0,0.0,0.0
2004-09-27,0.0,0.0,0.0
2004-09-28,0.0,0.0,0.0
2004-09-29,0.0,2.5,4.5
2004-09-30,0.0,0.0,0.0
2004-10-01,0.0,0.0,0.0
2004-10-02,0.0,0.0,0.0
2004-10-03,0.0,0.0,0.0
2004-10-04,0.0,0.0,0.0
2004-10-05,0.0,0.0,0.0
2004-10-06,0.0,0.5,0.0
2004-10-07,0.0,0.0,0.0
2004-10-08,0.0,0.0,0.0
2004-10-09,0.0,0.0,0.0
2004-10-10,0.0,0.0,0.0
2004-10-11,0.0,0.4,0.0
2004-10-12,0.0,0.9,0.0
2004-10-13,0.0,0.0,0.0
2004-10-14,0.0,0.0,0.0
2004-10-15,0.0,0.0,0.0
2004-10-16,0.0,0.0,0.0
2004-10-17,0.0,0.0,0.0
2004-10-18,0.0,0.0,0.0
2004-10-19,0.0,1.5,2.4
2004-10-20,0.0,1.4,2.3
2004-10-21,0.0,0.0,0.0
2004-10-22,0.0,0.0,0.0
2004-10-23,0.0,0.1,0.0
2004-10-24,0.0,0.0,0.0
2004-10-25,0.0,0.0,0.0
2004-10-27,0.0,0.2,0.0
2004-10-28,0.0,0.0,0.0
2004-10-29,0.0,0.0,0.0
2004-10-30,0.0,0.0,0.0
2004-10-31,0.0,0.0,0.0
2004-11-01,0.0,0.0,0.0
2004-11-02,0.0,0.0,0.0
2004-11-03,0.0,0.0,0.0
2004-11-04,0.0,0.7,0.0
2004-11-05,31.0,0.1,0.0
2004-11-06,1.0,0.0,0.0
2004-11-07,0.0,2.0,1.7
2004-11-08,1.0,0.0,0.0
2004-11-09,8.0,0.1,0.0
2004-11-10,3.0,0.0,0.0
2004-11-12,0.0,0.0,0.0
2004-11-13,0.0,0.0,0.0
2004-11-14,0.0,0.0,0.0
2004-11-15,0.0,0.0,0.0
2004-11-16,0.0,0.3,0.0
2004-11-17,0.0,0.0,0.0
2004-11-18,0.0,1.0,0.0
2004-11-19,0.0,8.1,6.0
2004-11-20,3.0,18.4,14.5
2004-11-21,6.0,11.5,7.7
2004-11-22,46.0,39.6,41.4
2004-11-23,44.0,37.0,36.8
2004-11-24,15.0,41.3,43.1
2004-11-25,4.0,22.4,18.4
2004-11-26,22.0,7.2,3.8
2004-11-27,1.0,12.2,8.4
2004-11-28,0.0,25.8,22.0
2004-11-29,2.0,17.7,13.7
2004-11-30,5.0,6.1,2.7
2004-12-01,0.0,2.7,2.0
2004-12-02,0.0,3.3,2.4
2004-12-03,0.0,15.5,12.0
2004-12-04,17.0,7.0,5.2
2004-12-05,20.0,32.7,28.6
2004-12-06,85.0,0.2,0.0
2004-12-07,0.0,10.0,7.5
2004-12-08,42.0,14.6,11.4
2004-12-09,10.0,21.0,16.5
2004-12-10,30.0,23.6,18.6
2004-12-11,24.0,18.5,22.6
2004-12-12,30.0,8.5,9.4
2004-12-13,36.0,12.7,14.9
2004-12-14,2.0,0.0,0.0
2004-12-15,0.0,2.3,1.6
2004-12-17,12.0,30.3,38.6
2004-12-18,27.0,1.3,1.0
2004-12-19,10.0,0.1,0.0
2004-12-20,0.0,3.0,2.4
2004-12-21,14.0,22.3,27.1
2004-12-22,37.0,10.8,11.2
2004-12-23,28.0,35.1,42.0
2004-12-24,11.0,54.1,75.9
2004-12-27,11.0,8.9,8.9
2004-12-28,28.0,5.7,4.9
2004-12-29,3.0,5.8,5.0
2004-12-30,8.0,11.0,11.5
2004-12-31,9.0,0.5,0.0
2005-01-01,12.0,14.4,23.1
2005-01-02,11.0,14.7,23.5
2005-01-03,18.0,6.1,9.8
2005-01-04,0.0,28.2,47.7
2005-01-05,8.0,16.7,27.3
2005-01-06,27.0,2.3,3.7
2005-01-07,0.0,12.9,20.7
2005-01-08,12.0,7.4,11.7
2005-01-09,15.0,14.0,22.2
2005-01-10,12.0,9.8,15.5
2005-01-11,14.0,4.8,7.2
2005-01-12,8.0,7.4,10.4
2005-01-13,8.0,1.7,3.1
2005-01-14,3.0,0.0,0.0
2005-01-15,0.0,5.6,8.2
2005-01-16,0.0,13.4,18.6
2005-01-17,35.0,7.9,10.9
2005-01-18,18.0,3.6,5.6
2005-01-19,1.0,7.1,10.0
2005-01-20,9.0,0.1,0.0
2005-01-21,4.0,2.2,1.6
2005-01-22,14.0,2.3,1.8
2005-01-23,43.0,0.9,0.0
2005-01-24,0.0,0.2,0.0
2005-01-25,0.0,0.1,0.0
2005-01-26,0.0,0.1,0.0
2005-01-27,0.0,2.2,1.6
2005-01-28,16.0,8.2,9.2
2005-01-30,21.0,0.2,0.0
2005-01-31,0.0,3.9,3.8
2005-02-02,3.0,9.4,12.2
2005-02-03,0.0,3.3,3.9
2005-02-05,2.0,7.4,9.6
2005-02-06,4.0,8.0,10.3
2005-02-07,12.0,16.2,20.8
2005-02-09,36.0,50.6,75.9
2005-02-10,57.0,4.1,5.1
2005-02-11,15.0,0.3,0.0
2005-02-13,10.0,0.2,0.0
2005-02-14,36.0,31.5,39.7
2005-02-15,18.0,8.5,9.0
2005-02-16,1.0,0.5,0.0
2005-02-17,2.0,2.6,2.1
2005-02-18,6.0,0.4,0.0
2005-02-20,8.0,17.3,19.4
2005-02-21,8.0,2.8,1.5
2005-02-22,1.0,2.0,1.0
2005-02-23,27.0,7.4,5.7
2005-02-24,12.0,1.8,1.0
2005-02-25,4.0,1.1,0.0
2005-02-26,7.0,10.8,8.9
2005-02-27,9.0,39.2,40.5
2005-02-28,30.0,36.5,38.0
2005-03-01,19.0,35.7,38.2
2005-03-02,13.0,28.1,29.4
2005-03-03,16.0,15.4,14.6
2005-03-04,0.0,0.0,0.0
2005-03-05,1.0,8.7,7.5
2005-03-06,19.0,8.1,6.8
2005-03-07,5.0,0.6,0.0
2005-03-08,0.0,2.7,1.0
2005-03-09,3.0,4.4,2.8
2005-03-10,10.0,13.1,12.1
2005-03-11,52.0,3.5,1.9
2005-03-12,6.0,0.8,0.0
2005-03-13,0.0,0.0,0.0
2005-03-14,0.0,1.4,0.0
2005-03-15,0.0,3.6,2.0
2005-03-16,5.0,2.1,1.0
2005-03-17,23.0,2.0,1.0
2005-03-18,2.0,3.6,2.1
2005-03-19,21.0,8.8,7.9
2005-03-20,1.0,28.1,32.5
2005-03-21,22.0,6.4,4.7
2005-03-22,3.0,18.6,18.3
2005-03-23,7.0,17.6,16.8
2005-03-24,7.0,68.7,72.0
2005-03-25,36.0,2.3,0.0
2005-03-26,16.0,48.7,53.5
2005-03-27,10.0,17.5,16.7
2005-03-28,34.0,31.5,36.2
2005-03-29,24.0,6.0,4.3
2005-03-31,17.0,35.9,42.0
2005-04-01,24.0,11.7,8.9
2005-04-02,75.0,31.1,22.6
2005-04-03,35.0,3.0,1.9
2005-04-05,11.0,29.5,20.3
2005-04-06,16.0,31.2,22.2
2005-04-07,13.0,0.5,0.0
2005-04-08,7.0,2.2,1.2
2005-04-09,0.0,6.1,4.3
2005-04-10,2.0,13.2,10.1
2005-04-12,0.0,3.6,0.0
2005-04-13,0.0,29.0,31.5
2005-04-14,57.0,1.7,0.0
2005-04-15,0.0,1.8,0.0
2005-04-16,0.0,2.1,0.0
2005-04-17,10.0,0.0,0.0
2005-04-18,5.0,1.2,0.0
2005-04-19,23.0,0.0,0.0
2005-04-20,4.0,1.0,0.0
2005-04-21,18.0,0.0,0.0
2005-04-25,0.0,1.3,1.0
2005-04-26,104.0,0.0,0.0
2005-04-27,3.0,0.0,0.0
2005-04-29,4.0,2.0,1.5
2005-04-30,3.0,0.6,0.0
2005-05-01,1.0,0.0,0.0
2005-05-04,17.0,0.4,0.0
2005-05-05,5.0,0.0,0.0
2005-05-06,0.0,18.8,20.1
2005-05-07,13.0,10.3,10.9
2005-05-08,16.0,7.0,7.5
2005-05-09,10.0,0.3,0.0
2005-05-10,8.0,16.9,17.7
2005-05-11,27.0,4.0,6.9
2005-05-13,6.0,1.2,3.0
2005-05-15,26.0,1.8,3.8
2005-05-16,0.0,1.0,2.6
2005-05-17,0.0,0.0,0.0
2005-05-19,2.0,0.0,0.0
2005-05-20,0.0,0.0,0.0
2005-05-21,2.0,1.0,2.3
2005-05-23,1.0,0.6,0.0
2005-05-24,3.0,0.0,0.0
2005-05-26,1.0,12.0,16.5
2005-05-27,3.0,14.1,19.2
2005-05-28,7.0,9.5,13.1
2005-05-31,0.0,0.0,0.0
2005-06-01,0.0,0.0,0.0
2005-06-04,1.0,1.3,2.1
2005-06-06,0.0,0.3,0.0
2005-06-07,0.0,0.6,0.0
2005-06-08,1.0,13.5,16.5
2005-06-09,11.0,0.0,0.0
2005-06-11,2.0,1.2,2.8
2005-06-12,0.0,1.6,3.5
2005-06-13,4.0,0.0,0.0
2005-06-14,0.0,0.0,0.0
2005-06-15,0.0,0.0,0.0
2005-06-16,0.0,3.0,5.5
2005-06-17,1.0,0.0,0.0
2005-06-20,7.0,0.0,0.0
2005-06-21,0.0,13.3,19.6
2005-06-22,17.0,3.9,7.3
2005-06-23,1.0,1.1,4.0
2005-06-24,5.0,1.5,4.6
2005-06-26,0.0,0.0,0.0
2005-06-27,0.0,0.0,0.0
2005-06-28,0.0,0.0,0.0
2005-06-29,0.0,0.0,0.0
2005-06-30,0.0,0.2,0.0
2005-07-01,0.0,0.0,0.0
2005-07-02,2.0,38.0,45.5
2005-07-03,26.0,26.5,32.0
2005-07-04,35.0,24.7,29.2
2005-07-05,1.0,0.3,0.0
2005-07-06,0.0,0.0,0.0
2005-07-07,4.0,44.9,52.3
2005-07-08,77.0,13.1,14.1
2005-07-09,3.0,0.1,0.0
2005-07-10,0.0,10.0,10.3
2005-07-11,8.0,17.8,16.4
2005-07-12,0.0,91.7,68.7
2005-07-13,20.0,0.0,0.0
2005-07-15,14.0,0.0,0.0
2005-07-16,1.0,0.0,0.0
2005-07-17,0.0,0.0,0.0
2005-07-18,0.0,2.6,4.1
2005-07-19,3.0,1.6,3.3
2005-07-20,0.0,0.5,0.0
2005-07-21,0.0,1.8,5.2
2005-07-22,0.0,0.0,0.0
2005-07-23,1.0,0.0,0.0
2005-07-24,0.0,1.3,4.5
2005-07-26,13.0,0.0,0.0
2005-07-27,0.0,2.1,5.7
2005-07-28,10.0,0.0,0.0
2005-07-29,0.0,0.0,0.0
2005-07-30,0.0,2.6,6.7
2005-07-31,6.0,1.8,5.3
2005-08-01,10.0,0.0,0.0
2005-08-02,19.0,0.0,0.0
2005-08-03,26.0,1.6,2.9
2005-08-04,2.0,0.1,0.0
2005-08-05,0.0,0.6,0.0
2005-08-06,0.0,2.3,3.8
2005-08-07,0.0,0.0,0.0
2005-08-08,5.0,0.0,0.0
2005-08-10,1.0,5.1,7.7
2005-08-11,80.0,0.0,0.0
2005-08-12,0.0,0.0,0.0
2005-08-13,0.0,0.8,3.2
2005-08-14,0.0,0.0,0.0
2005-08-15,0.0,21.2,30.6
2005-08-16,4.0,0.0,0.0
2005-08-17,0.0,0.0,0.0
2005-08-18,0.0,3.0,6.1
2005-08-19,1.0,1.9,4.6
2005-08-20,0.0,0.1,0.0
2005-08-23,0.0,0.0,0.0
2005-08-24,0.0,3.6,6.2
2005-08-25,0.0,12.5,15.2
2005-08-26,0.0,0.0,0.0
2005-08-27,0.0,0.1,0.0
2005-08-28,0.0,0.8,3.1
2005-08-29,5.0,0.0,0.0
2005-09-01,0.0,1.5,4.0
2005-09-03,0.0,0.0,0.0
2005-09-04,0.0,0.0,0.0
2005-09-05,0.0,1.7,4.3
2005-09-07,0.0,0.0,0.0
2005-09-08,0.0,0.0,0.0
2005-09-09,0.0,0.0,0.0
2005-09-10,0.0,0.0,0.0
2005-09-11,2.0,0.5,0.0
2005-09-12,2.0,0.0,0.0
2005-09-13,0.0,2.2,3.4
2005-09-14,0.0,0.0,0.0
2005-09-15,0.0,0.5,0.0
2005-09-16,0.0,0.1,0.0
2005-09-17,0.0,0.0,0.0
2005-09-18,0.0,0.0,0.0
2005-09-19,0.0,0.1,0.0
2005-09-20,3.0,0.0,0.0
2005-09-22,0.0,0.5,0.0
2005-09-24,0.0,20.9,19.6
2005-09-25,40.0,21.8,16.7
2005-09-26,3.0,1.8,3.9
2005-09-28,0.0,0.1,0.0
2005-10-01,1.0,0.0,0.0
2005-10-02,0.0,0.0,0.0
2005-10-03,0.0,3.1,5.4
2005-10-04,0.0,0.0,0.0
2005-10-05,0.0,0.0,0.0
2005-10-06,0.0,0.0,0.0
2005-10-07,0.0,0.0,0.0
2005-10-08,0.0,0.0,0.0
2005-10-09,0.0,0.0,0.0
2005-10-10,0.0,0.0,0.0
2005-10-11,0.0,0.2,0.0
2005-10-12,0.0,0.0,0.0
2005-10-13,0.0,3.7,4.2
2005-10-14,1.0,6.4,6.6
2005-10-15,0.0,27.6,24.0
2005-10-16,36.0,28.6,25.6
2005-10-17,66.0,2.5,3.2
2005-10-18,8.0,50.6,58.4
2005-10-19,26.0,1.3,2.2
2005-10-20,15.0,22.9,18.8
2005-10-21,7.0,21.3,21.9
2005-10-22,29.0,36.7,44.4
2005-10-23,47.0,1.0,2.0
2005-10-24,0.0,2.3,3.1
2005-10-25,0.0,12.9,13.5
2005-10-26,2.0,3.6,4.3
2005-10-27,63.0,0.4,0.0
2005-10-28,2.0,1.9,2.7
2005-10-29,3.0,35.2,43.2
2005-10-30,18.0,0.5,0.0
2005-10-31,38.0,0.0,0.0
2005-11-01,0.0,51.3,51.1
2005-11-02,82.0,0.1,0.0
2005-11-03,1.0,0.1,0.0
2005-11-04,0.0,0.0,0.0
2005-11-06,1.0,2.9,2.2
2005-11-07,0.0,0.9,0.0
2005-11-08,0.0,11.1,8.0
2005-11-09,47.0,16.2,12.2
2005-11-10,5.0,0.3,0.0
2005-11-11,0.0,2.3,1.8
2005-11-12,0.0,57.8,52.8
2005-11-13,38.0,3.6,2.6
2005-11-14,0.0,3.1,2.3
2005-11-15,4.0,0.3,0.0
2005-11-17,0.0,15.3,12.2
2005-11-18,5.0,3.5,2.5
2005-11-19,1.0,6.4,4.7
2005-11-21,9.0,11.7,7.9
2005-11-22,5.0,12.1,8.2
2005-11-23,32.0,5.7,2.4
2005-11-24,3.0,7.9,4.3
2005-11-25,2.0,29.7,27.1
2005-11-26,22.0,21.0,17.9
2005-11-27,22.0,2.5,0.0
2005-11-28,0.0,5.1,1.8
2005-11-29,0.0,13.1,9.2
2005-11-30,3.0,43.9,45.8
2005-12-01,13.0,9.7,7.3
2005-12-02,16.0,14.9,11.6
2005-12-03,28.0,3.8,2.8
2005-12-04,41.0,28.6,24.4
2005-12-05,35.0,2.1,1.6
2005-12-06,3.0,9.6,7.2
2005-12-07,11.0,26.6,22.4
2005-12-08,22.0,2.1,1.6
2005-12-09,15.0,4.5,3.3
2005-12-11,2.0,11.4,13.2
2005-12-12,7.0,12.0,14.0
2005-12-13,42.0,4.9,4.9
2005-12-14,5.0,3.4,3.0
2005-12-15,1.0,25.8,33.2
2005-12-16,32.0,2.3,1.6
2005-12-17,0.0,1.8,1.0
2005-12-18,0.0,0.0,0.0
2005-12-19,1.0,3.0,2.5
2005-12-20,6.0,1.2,1.0
2005-12-21,0.0,9.8,9.9
2005-12-22,2.0,3.8,2.7
2005-12-23,0.0,21.6,26.0
2005-12-24,26.0,33.3,40.4
2005-12-25,36.0,14.6,16.0
2005-12-26,19.0,2.8,1.6
2005-12-27,0.0,1.8,1.0
2005-12-28,0.0,7.5,7.1
2005-12-30,0.0,16.2,17.7
2005-12-31,2.0,9.2,9.1
2006-01-01,2.0,34.5,60.4
2006-01-02,23.0,3.5,5.6
2006-01-03,2.0,17.7,29.3
2006-01-04,27.0,1.8,2.8
2006-01-07,22.0,14.9,24.1
2006-01-08,17.0,4.9,7.8
2006-01-09,4.0,1.1,1.5
2006-01-10,2.0,15.9,25.7
2006-01-11,7.0,0.4,0.0
2006-01-13,17.0,5.0,7.4
2006-01-14,9.0,11.2,15.0
2006-01-15,12.0,13.0,17.2
2006-01-16,7.0,14.0,18.8
2006-01-17,1.0,1.2,2.4
2006-01-25,2.0,0.1,0.0
2006-01-30,8.0,0.7,0.0
2006-02-01,2.0,7.7,9.9
2006-02-02,0.0,0.6,0.0
2006-02-04,1.0,0.6,0.0
2006-02-05,11.0,4.4,5.5
2006-02-06,10.0,3.5,4.2
2006-02-07,63.0,0.0,0.0
2006-02-08,0.0,7.1,9.1
2006-02-09,9.0,4.7,5.9
2006-02-10,39.0,0.9,1.0
2006-02-11,1.0,0.0,0.0
2006-02-12,1.0,2.6,2.1
2006-02-13,16.0,0.0,0.0
2006-02-14,3.0,3.4,3.1
2006-02-15,0.0,3.9,3.7
2006-02-16,0.0,0.2,0.0
2006-02-17,0.0,0.2,0.0
2006-02-18,0.0,2.5,2.0
2006-02-19,2.0,1.3,1.0
2006-02-20,0.0,0.8,0.0
2006-02-21,0.0,14.3,12.3
2006-02-22,3.0,11.3,9.4
2006-02-23,15.0,6.7,5.0
2006-02-24,2.0,14.4,12.4
2006-02-25,16.0,12.7,10.7
2006-02-26,14.0,48.2,47.9
2006-02-27,69.0,8.5,6.7
2006-02-28,2.0,0.4,0.0
2006-03-01,0.0,5.4,3.8
2006-03-02,0.0,0.6,0.0
2006-03-03,0.0,0.1,0.0
2006-03-04,0.0,0.0,0.0
2006-03-05,0.0,0.0,0.0
2006-03-06,0.0,0.0,0.0
2006-03-07,0.0,0.9,0.0
2006-03-08,0.0,0.9,0.0
2006-03-09,0.0,0.0,0.0
2006-03-10,0.0,0.4,0.0
2006-03-11,0.0,0.7,0.0
2006-03-14,27.0,10.9,10.1
2006-03-15,5.0,0.0,0.0
2006-03-16,0.0,6.0,4.8
2006-03-17,5.0,0.0,0.0
2006-03-18,1.0,5.7,4.4
2006-03-20,31.0,23.7,28.1
2006-03-21,5.0,7.1,5.5
2006-03-22,0.0,11.4,10.1
2006-03-23,28.0,1.0,0.0
2006-03-24,1.0,1.9,0.0
2006-03-25,0.0,0.3,0.0
2006-03-26,0.0,0.0,0.0
2006-03-27,0.0,1.0,0.0
2006-03-28,0.0,7.6,6.0
2006-03-29,1.0,10.1,8.8
2006-03-31,0.0,0.0,0.0
2006-04-01,0.0,4.1,2.7
2006-04-02,0.0,1.2,0.0
2006-04-03,0.0,0.9,0.0
2006-04-04,0.0,1.7,1.0
2006-04-05,2.0,8.0,5.9
2006-04-06,0.0,0.7,0.0
2006-04-07,0.0,0.0,0.0
2006-04-08,0.0,1.1,0.0
2006-04-09,0.0,22.1,17.3
2006-04-10,0.0,19.0,14.8
2006-04-11,7.0,17.0,13.6
2006-04-12,9.0,11.4,7.7
2006-04-13,7.0,1.4,0.0
2006-04-15,20.0,7.8,3.9
2006-04-16,17.0,11.7,8.0
2006-04-17,4.0,17.4,14.1
2006-04-18,32.0,5.4,1.3
2006-04-19,2.0,2.6,0.0
2006-04-20,4.0,16.5,13.1
2006-04-21,10.0,12.4,11.9
2006-04-22,3.0,10.5,9.8
2006-04-23,1.0,14.6,14.3
2006-04-24,25.0,2.6,2.0
2006-04-25,0.0,6.1,5.3
2006-04-26,0.0,5.2,4.4
2006-04-27,7.0,1.7,1.3
2006-04-28,7.0,0.9,0.0
2006-04-29,0.0,73.2,91.6
2006-04-30,35.0,18.3,18.5
2006-05-01,12.0,3.0,3.3
2006-05-02,1.0,4.6,5.0
2006-05-03,2.0,9.0,9.5
2006-05-04,6.0,0.7,0.0
2006-05-05,13.0,5.0,5.5
2006-05-06,1.0,19.9,21.0
2006-05-07,9.0,2.2,2.6
2006-05-09,29.0,0.0,0.0
2006-05-10,0.0,0.0,0.0
2006-05-11,0.0,0.0,0.0
2006-05-12,0.0,0.0,0.0
2006-05-13,0.0,0.0,0.0
2006-05-14,0.0,0.0,0.0
2006-05-15,0.0,0.2,0.0
2006-05-16,38.0,0.9,2.4
2006-05-17,12.0,3.1,5.7
2006-05-18,2.0,7.2,11.7
2006-05-19,3.0,33.0,53.7
2006-05-20,22.0,0.8,2.4
2006-05-22,3.0,20.3,24.4
2006-05-23,19.0,26.7,35.7
2006-05-24,35.0,3.8,5.9
2006-05-25,11.0,5.1,7.6
2006-05-26,23.0,0.2,0.0
2006-05-27,1.0,0.8,1.9
2006-05-28,1.0,22.8,28.7
2006-05-29,3.0,2.0,3.6
2006-05-30,0.0,15.1,20.1
2006-05-31,11.0,2.4,4.1
2006-06-02,34.0,2.7,3.9
2006-06-03,4.0,26.2,37.0
2006-06-04,6.0,27.2,37.9
2006-06-05,25.0,4.6,6.2
2006-06-06,6.0,11.2,14.1
2006-06-07,11.0,0.0,0.0
2006-06-08,0.0,0.2,0.0
2006-06-09,0.0,1.9,2.9
2006-06-10,0.0,3.8,5.3
2006-06-11,1.0,11.5,20.5
2006-06-12,10.0,14.1,20.8
2006-06-13,5.0,0.1,0.0
2006-06-14,0.0,1.2,2.9
2006-06-15,0.0,27.2,42.9
2006-06-16,4.0,7.8,12.3
2006-06-17,5.0,5.2,8.6
2006-06-18,42.0,0.8,2.2
2006-06-19,37.0,13.7,24.0
2006-06-20,48.0,2.8,5.2
2006-06-21,2.0,0.0,0.0
2006-06-22,0.0,0.0,0.0
2006-06-23,1.0,0.0,0.0
2006-06-24,0.0,1.6,4.7
2006-06-25,0.0,1.7,4.8
2006-06-26,2.0,0.0,0.0
2006-06-27,0.0,0.0,0.0
2006-06-28,0.0,5.5,9.2
2006-06-29,8.0,0.0,0.0
2006-06-30,0.0,0.1,0.0
2006-07-01,0.0,0.0,0.0
2006-07-02,0.0,0.0,0.0
2006-07-03,0.0,0.0,0.0
2006-07-04,0.0,0.3,0.0
2006-07-05,0.0,0.0,0.0
2006-07-06,0.0,0.0,0.0
2006-07-07,0.0,0.0,0.0
2006-07-08,0.0,0.0,0.0
2006-07-09,0.0,0.0,0.0
2006-07-10,0.0,0.0,0.0
2006-07-11,0.0,0.0,0.0
2006-07-12,0.0,0.0,0.0
2006-07-13,0.0,0.6,0.0
2006-07-14,5.0,0.2,0.0
2006-07-15,2.0,0.0,0.0
2006-07-16,0.0,0.0,0.0
2006-07-17,0.0,0.0,0.0
2006-07-18,0.0,0.0,0.0
2006-07-19,0.0,0.0,0.0
2006-07-20,0.0,0.0,0.0
2006-07-21,0.0,7.5,14.1
2006-07-22,0.0,13.6,27.3
2006-07-23,0.0,6.6,12.9
2006-07-25,0.0,1.7,5.2
2006-07-26,7.0,0.0,0.0
2006-07-29,0.0,0.0,0.0
2006-07-30,0.0,0.0,0.0
2006-07-31,0.0,0.0,0.0
2006-08-01,0.0,0.0,0.0
2006-08-02,6.0,0.0,0.0
2006-08-03,0.0,0.0,0.0
2006-08-04,3.0,0.0,0.0
2006-08-05,1.0,0.0,0.0
2006-08-06,0.0,0.0,0.0
2006-08-07,2.0,0.0,0.0
2006-08-08,0.0,0.4,0.0
2006-08-09,0.0,0.7,1.7
2006-08-10,0.0,0.5,0.0
2006-08-11,2.0,0.0,0.0
2006-08-12,0.0,0.0,0.0
2006-08-13,0.0,0.3,0.0
2006-08-14,0.0,0.0,0.0
2006-08-15,0.0,0.0,0.0
2006-08-16,0.0,0.0,0.0
2006-08-17,0.0,0.7,0.0
2006-08-18,0.0,0.0,0.0
2006-08-19,0.0,0.0,0.0
2006-08-20,0.0,0.0,0.0
2006-08-21,1.0,0.0,0.0
2006-08-23,0.0,0.0,0.0
2006-08-24,0.0,0.0,0.0
2006-08-25,0.0,0.0,0.0
2006-08-26,0.0,0.0,0.0
2006-08-27,1.0,14.9,19.0
2006-08-28,30.0,8.9,12.7
2006-08-29,0.0,0.0,0.0
2006-08-30,0.0,0.0,0.0
2006-08-31,5.0,0.0,0.0
2006-09-03,0.0,0.0,0.0
2006-09-05,0.0,0.0,0.0
2006-09-06,0.0,0.0,0.0
2006-09-07,0.0,0.0,0.0
2006-09-08,0.0,0.0,0.0
2006-09-09,0.0,0.0,0.0
2006-09-10,0.0,0.0,0.0
2006-09-11,0.0,0.0,0.0
2006-09-13,24.0,12.6,19.9
2006-09-14,4.0,13.4,21.5
2006-09-17,0.0,0.0,0.0
2006-09-18,0.0,0.0,0.0
2006-09-23,0.0,0.0,0.0
2006-09-24,0.0,0.0,0.0
2006-09-25,0.0,0.0,0.0
2006-09-26,0.0,0.3,0.0
2006-09-27,0.0,0.0,0.0
2006-09-28,0.0,0.0,0.0
2006-09-29,0.0,0.0,0.0
2006-09-30,0.0,0.0,0.0
2006-10-01,0.0,0.0,0.0
2006-10-02,0.0,0.0,0.0
2006-10-03,0.0,0.0,0.0
2006-10-04,0.0,0.0,0.0
2006-10-05,0.0,0.0,0.0
2006-10-06,0.0,0.0,0.0
2006-10-07,0.0,0.0,0.0
2006-10-08,0.0,1.1,2.8
2006-10-09,0.0,0.0,0.0
2006-10-10,0.0,0.0,0.0
2006-10-11,0.0,0.0,0.0
2006-10-12,0.0,0.0,0.0
2006-10-13,0.0,0.0,0.0
2006-10-14,0.0,0.0,0.0
2006-10-15,0.0,0.0,0.0
2006-10-16,0.0,0.0,0.0
2006-10-17,0.0,0.0,0.0
2006-10-18,0.0,0.0,0.0
2006-10-19,0.0,0.0,0.0
2006-10-20,0.0,0.0,0.0
2006-10-21,0.0,0.0,0.0
2006-10-22,0.0,0.0,0.0
2006-10-23,0.0,1.2,2.2
2006-10-24,0.0,0.0,0.0
2006-10-25,0.0,0.0,0.0
2006-10-26,0.0,0.9,0.0
2006-10-27,40.0,0.0,0.0
2006-10-28,0.0,0.0,0.0
2006-10-29,0.0,0.0,0.0
2006-10-30,0.0,0.0,0.0
2006-10-31,0.0,0.0,0.0
2006-11-01,33.0,5.0,3.5
2006-11-02,13.0,12.6,9.1
2006-11-03,4.0,0.0,0.0
2006-11-04,0.0,0.1,0.0
2006-11-05,0.0,0.0,0.0
2006-11-06,0.0,0.0,0.0
2006-11-07,0.0,0.0,0.0
2006-11-08,0.0,0.0,0.0
2006-11-09,0.0,0.0,0.0
2006-11-10,0.0,0.0,0.0
2006-11-11,0.0,0.0,0.0
2006-11-12,0.0,2.1,1.6
2006-11-13,0.0,0.1,0.0
2006-11-14,0.0,0.1,0.0
2006-11-15,0.0,0.2,0.0
2006-11-16,0.0,0.0,0.0
2006-11-17,0.0,0.1,0.0
2006-11-18,0.0,3.5,2.6
2006-11-20,0.0,0.0,0.0
2006-11-21,0.0,59.0,63.3
2006-11-22,46.0,8.4,4.8
2006-11-23,9.0,0.8,0.0
2006-11-25,17.0,6.1,2.7
2006-11-26,1.0,4.3,1.1
2006-11-27,0.0,28.8,25.8
2006-11-28,47.0,6.9,3.4
2006-11-29,7.0,0.0,0.0
2006-11-30,58.0,0.1,0.0
2006-12-01,0.0,2.6,2.0
2006-12-02,0.0,18.1,14.3
2006-12-03,19.0,15.6,12.2
2006-12-04,10.0,8.8,6.6
2006-12-05,11.0,12.9,9.9
2006-12-06,10.0,0.0,0.0
2006-12-07,0.0,0.0,0.0
2006-12-08,0.0,0.0,0.0
2006-12-09,2.0,0.0,0.0
2006-12-10,0.0,0.6,0.0
2006-12-11,1.0,0.0,0.0
2006-12-12,2.0,0.0,0.0
2006-12-13,0.0,23.6,30.8
2006-12-14,6.0,3.6,3.2
2006-12-15,0.0,2.1,1.3
2006-12-16,0.0,7.6,8.3
2006-12-17,2.0,18.8,23.0
2006-12-18,1.0,22.2,29.0
2006-12-19,4.0,5.5,5.5
2006-12-20,1.0,33.7,43.3
2006-12-21,6.0,2.2,1.0
2006-12-22,2.0,0.6,0.0
2006-12-23,4.0,7.3,6.9
2006-12-24,2.0,36.2,45.6
2006-12-25,50.0,21.7,26.6
2006-12-26,9.0,12.1,12.8
2006-12-27,10.0,27.1,32.9
2006-12-28,10.0,0.7,0.0
2006-12-29,4.0,11.0,11.5
2006-12-30,40.0,22.9,27.7
2006-12-31,43.0,32.6,38.9
2007-01-01,0.0,3.2,5.1
2007-01-02,0.0,0.6,0.0
2007-01-03,0.0,6.8,10.8
2007-01-04,0.0,0.4,0.0
2007-01-06,0.0,5.9,9.4
2007-01-07,0.0,0.7,1.0
2007-01-08,0.0,0.3,0.0
2007-01-09,0.0,0.3,0.0
2007-01-10,0.0,0.0,0.0
2007-01-11,0.0,0.0,0.0
2007-01-12,0.0,0.0,0.0
2007-01-13,0.0,5.9,8.5
2007-01-14,14.0,6.1,8.8
2007-01-15,0.0,1.7,3.2
2007-01-16,0.0,20.4,23.7
2007-01-17,11.0,20.0,23.4
2007-01-18,5.0,9.9,13.5
2007-01-19,2.0,16.9,22.1
2007-01-20,21.0,13.1,17.3
2007-01-21,24.0,12.8,14.9
2007-01-22,5.0,5.8,6.2
2007-01-23,22.0,11.8,13.6
2007-01-24,12.0,26.8,37.5
2007-01-25,11.0,2.5,2.0
2007-01-26,10.0,7.3,8.1
2007-01-27,22.0,14.7,17.7
2007-01-28,5.0,6.3,6.8
2007-01-29,3.0,1.1,1.0
2007-01-30,0.0,3.6,3.4
2007-01-31,0.0,1.4,1.0
2007-02-01,0.0,3.2,3.8
2007-02-02,0.0,10.6,13.8
2007-02-03,2.0,9.1,11.8
2007-02-04,2.0,5.4,6.8
2007-02-05,20.0,2.1,2.3
2007-02-06,0.0,6.2,7.9
2007-02-07,0.0,26.8,34.6
2007-02-08,17.0,27.3,35.1
2007-02-09,13.0,0.0,0.0
2007-02-10,1.0,3.5,4.2
2007-02-11,4.0,3.2,2.8
2007-02-12,0.0,18.8,21.0
2007-02-13,51.0,6.8,7.1
2007-02-14,4.0,4.2,4.0
2007-02-15,0.0,9.2,9.9
2007-02-16,8.0,29.2,36.7
2007-02-17,66.0,23.3,27.6
2007-02-18,17.0,10.6,11.6
2007-02-19,13.0,0.2,0.0
2007-02-20,0.0,7.9,8.3
2007-02-21,3.0,25.0,25.4
2007-02-22,5.0,9.2,7.4
2007-02-23,7.0,3.7,2.3
2007-02-24,5.0,0.7,0.0
2007-02-25,0.0,13.6,11.6
2007-02-26,8.0,6.2,4.5
2007-02-27,3.0,4.5,3.0
2007-02-28,10.0,5.4,3.8
2007-03-01,3.0,7.5,6.2
2007-03-02,25.0,2.8,1.0
2007-03-03,0.0,0.1,0.0
2007-03-04,0.0,1.4,0.0
2007-03-05,0.0,5.8,4.3
2007-03-06,0.0,0.4,0.0
2007-03-07,0.0,0.3,0.0
2007-03-08,0.0,0.6,0.0
2007-03-09,7.0,3.2,1.4
2007-03-10,2.0,13.3,12.4
2007-03-11,4.0,6.1,4.8
2007-03-12,0.0,18.8,22.6
2007-03-13,23.0,5.5,4.2
2007-03-14,6.0,140.4,91.3
2007-03-15,13.0,12.2,11.6
2007-03-16,6.0,20.6,25.0
2007-03-17,11.0,9.3,8.4
2007-03-18,4.0,21.7,26.4
2007-03-19,8.0,4.0,2.5
2007-03-20,2.0,6.9,5.8
2007-03-21,7.0,28.1,31.9
2007-03-22,30.0,4.0,2.1
2007-03-23,7.0,26.9,30.1
2007-03-24,40.0,34.7,39.2
2007-03-25,14.0,0.0,0.0
2007-03-26,0.0,18.5,17.9
2007-03-27,8.0,10.8,9.5
2007-03-28,20.0,37.5,42.7
2007-03-29,18.0,5.7,4.0
2007-03-30,5.0,15.4,14.5
2007-03-31,2.0,2.2,0.0
2007-04-01,13.0,2.8,1.7
2007-04-03,23.0,2.5,1.5
2007-04-04,5.0,15.5,11.9
2007-04-05,107.0,0.0,0.0
2007-04-06,1.0,24.2,19.1
2007-04-07,26.0,13.5,10.3
2007-04-08,10.0,25.4,22.3
2007-04-09,13.0,24.9,19.2
2007-04-10,23.0,58.9,54.7
2007-04-11,78.0,5.8,1.7
2007-04-12,11.0,12.1,8.4
2007-04-13,17.0,12.5,8.8
2007-04-14,25.0,2.1,0.0
2007-04-15,2.0,16.4,13.0
2007-04-16,18.0,0.8,0.0
2007-04-18,20.0,21.9,18.8
2007-04-19,16.0,10.3,6.5
2007-04-21,42.0,35.8,44.1
2007-04-22,51.0,4.0,3.2
2007-04-24,41.0,7.6,6.8
2007-04-25,7.0,1.0,1.0
2007-04-26,28.0,11.8,11.2
2007-04-27,11.0,1.6,1.2
2007-04-28,17.0,4.2,3.4
2007-04-29,29.0,4.3,3.5
2007-04-30,3.0,2.3,1.7
2007-05-01,2.0,0.7,0.0
2007-05-04,9.0,0.0,0.0
2007-05-06,15.0,38.2,38.9
2007-05-07,17.0,3.6,4.0
2007-05-10,24.0,0.0,0.0
2007-05-12,41.0,0.2,0.0
2007-05-13,2.0,0.0,0.0
2007-05-15,30.0,27.1,42.2
2007-05-16,18.0,1.4,3.2
2007-05-18,5.0,0.5,0.0
2007-05-19,0.0,0.1,0.0
2007-05-20,0.0,0.5,0.0
2007-05-21,0.0,0.0,0.0
2007-05-22,0.0,5.7,8.4
2007-05-23,3.0,0.0,0.0
2007-05-24,0.0,0.0,0.0
2007-05-25,0.0,0.1,0.0
2007-05-26,4.0,5.5,8.1
2007-05-27,4.0,2.7,4.6
2007-05-28,1.0,6.9,9.9
2007-05-29,3.0,23.0,28.5
2007-05-30,6.0,10.4,14.3
2007-05-31,2.0,2.3,4.0
2007-06-01,0.0,0.4,0.0
2007-06-02,1.0,6.4,8.4
2007-06-03,3.0,2.2,3.3
2007-06-05,3.0,2.0,3.0
2007-06-06,1.0,14.3,18.6
2007-06-07,2.0,3.1,4.4
2007-06-08,1.0,7.2,9.4
2007-06-09,14.0,0.2,0.0
2007-06-10,4.0,0.0,0.0
2007-06-12,8.0,0.9,2.4
2007-06-13,5.0,45.9,80.0
2007-06-14,29.0,2.0,4.0
2007-06-15,52.0,0.0,0.0
2007-06-16,3.0,0.0,0.0
2007-06-17,6.0,3.2,5.8
2007-06-18,8.0,5.7,9.4
2007-06-19,6.0,6.6,10.6
2007-06-20,19.0,0.0,0.0
2007-06-21,0.0,0.0,0.0
2007-06-23,0.0,15.0,19.4
2007-06-24,5.0,20.6,22.9
2007-06-25,16.0,0.1,0.0
2007-06-26,1.0,8.6,12.6
2007-06-27,2.0,5.2,8.8
2007-06-28,0.0,0.7,3.6
2007-06-29,1.0,4.0,7.5
2007-06-30,2.0,1.1,4.0
2007-07-01,0.0,1.1,1.2
2007-07-03,11.0,9.4,9.7
2007-07-05,0.0,0.4,0.0
2007-07-06,35.0,5.2,5.2
2007-07-08,0.0,0.1,0.0
2007-07-09,0.0,0.0,0.0
2007-07-10,0.0,0.2,0.0
2007-07-11,0.0,1.6,3.3
2007-07-13,0.0,0.0,0.0
2007-07-14,1.0,17.4,16.3
2007-07-15,6.0,2.6,4.1
2007-07-16,0.0,0.7,0.0
2007-07-17,0.0,31.5,27.6
2007-07-18,4.0,0.0,0.0
2007-07-19,16.0,0.8,0.0
2007-07-20,4.0,0.8,0.0
2007-07-21,6.0,2.5,6.4
2007-07-22,8.0,5.1,10.9
2007-07-23,2.0,1.5,4.8
2007-07-27,0.0,0.0,0.0
2007-07-28,0.0,6.9,13.1
2007-07-29,0.0,1.9,5.4
2007-07-30,0.0,0.0,0.0
2007-07-31,0.0,0.0,0.0
2007-08-01,0.0,3.6,5.6
2007-08-02,0.0,1.5,2.7
2007-08-03,0.0,0.0,0.0
2007-08-04,8.0,2.3,3.7
2007-08-10,2.0,2.0,3.4
2007-08-11,1.0,0.0,0.0
2007-08-12,2.0,1.6,4.3
2007-08-13,0.0,0.6,0.0
2007-08-16,0.0,0.8,3.2
2007-08-17,0.0,1.6,4.2
2007-08-18,3.0,8.5,12.9
2007-08-19,9.0,8.9,12.6
2007-08-20,4.0,1.0,3.4
2007-08-23,1.0,0.1,0.0
2007-08-24,8.0,0.3,0.0
2007-08-25,0.0,0.0,0.0
2007-08-28,1.0,0.3,0.0
2007-08-29,4.0,0.0,0.0
2007-08-30,0.0,0.0,0.0
2007-08-31,0.0,0.1,0.0
2007-09-02,1.0,0.4,0.0
2007-09-03,15.0,3.0,6.4
2007-09-04,12.0,1.4,3.8
2007-09-05,43.0,15.1,27.0
2007-09-06,10.0,0.0,0.0
2007-09-08,0.0,0.0,0.0
2007-09-09,0.0,3.1,6.6
2007-09-10,15.0,0.0,0.0
2007-09-11,2.0,0.0,0.0
2007-09-12,10.0,0.0,0.0
2007-09-14,0.0,0.0,0.0
2007-09-16,0.0,0.0,0.0
2007-09-17,0.0,0.0,0.0
2007-09-18,0.0,0.0,0.0
2007-09-19,0.0,6.0,9.4
2007-09-20,0.0,1.8,2.7
2007-09-21,0.0,0.4,0.0
2007-09-22,0.0,5.5,7.2
2007-09-23,0.0,2.3,4.4
2007-09-24,35.0,0.0,0.0
2007-09-25,29.0,0.0,0.0
2007-09-26,1.0,0.0,0.0
2007-09-27,0.0,0.0,0.0
2007-09-28,0.0,0.0,0.0
2007-09-29,0.0,0.0,0.0
2007-09-30,0.0,0.0,0.0
2007-10-01,0.0,0.0,0.0
2007-10-02,0.0,0.0,0.0
2007-10-03,0.0,11.5,15.2
2007-10-04,1.0,0.2,0.0
2007-10-05,0.0,0.1,0.0
2007-10-06,8.0,0.1,0.0
2007-10-07,2.0,0.8,2.4
2007-10-08,0.0,3.2,5.7
2007-10-09,32.0,3.9,6.5
2007-10-10,1.0,0.0,0.0
2007-10-11,26.0,0.0,0.0
2007-10-13,1.0,0.0,0.0
2007-10-14,2.0,0.0,0.0
2007-10-15,0.0,0.1,0.0
2007-10-16,13.0,2.9,3.6
2007-10-17,1.0,32.5,29.0
2007-10-18,10.0,13.9,13.6
2007-10-19,8.0,1.1,2.0
2007-10-20,0.0,0.0,0.0
2007-10-21,1.0,2.9,3.7
2007-10-22,1.0,0.8,0.0
2007-10-23,1.0,0.2,0.0
2007-10-24,0.0,0.0,0.0
2007-10-25,0.0,0.9,0.0
2007-10-29,8.0,0.1,0.0
2007-10-30,0.0,57.0,63.7
2007-10-31,19.0,38.3,46.6
2007-11-01,27.0,0.4,0.0
2007-11-02,0.0,10.5,7.5
2007-11-04,62.0,22.2,17.0
2007-11-05,6.0,18.2,13.7
2007-11-06,33.0,1.3,1.4
2007-11-07,0.0,0.4,0.0
2007-11-08,0.0,10.3,7.4
2007-11-09,15.0,54.0,56.1
2007-11-10,25.0,16.8,12.7
2007-11-11,19.0,0.3,0.0
2007-11-12,0.0,9.1,6.8
2007-11-13,2.0,5.2,3.8
2007-11-14,6.0,5.0,3.6
2007-11-16,0.0,42.7,39.2
2007-11-17,3.0,9.7,7.2
2007-11-18,31.0,0.0,0.0
2007-11-19,1.0,0.8,0.0
2007-11-21,6.0,0.0,0.0
2007-11-22,0.0,0.4,0.0
2007-11-24,0.0,7.0,3.5
2007-11-25,4.0,19.8,15.8
2007-11-26,10.0,16.2,12.2
2007-11-27,1.0,3.4,1.0
2007-11-28,4.0,13.6,9.7
2007-11-29,18.0,4.4,1.3
2007-11-30,37.0,1.9,0.0
2007-12-01,1.0,2.6,2.0
2007-12-02,4.0,10.0,7.5
2007-12-04,37.0,4.2,3.0
2007-12-05,12.0,0.0,0.0
2007-12-07,0.0,2.2,1.7
2007-12-09,15.0,4.7,3.4
2007-12-10,2.0,3.0,2.2
2007-12-11,9.0,23.8,30.7
2007-12-12,14.0,13.3,15.8
2007-12-13,2.0,1.8,1.0
2007-12-14,0.0,0.5,0.0
2007-12-15,3.0,0.5,0.0
2007-12-16,1.0,1.5,1.0
2007-12-17,4.0,10.5,12.1
2007-12-18,1.0,5.6,5.7
2007-12-19,13.0,36.3,47.7
2007-12-20,19.0,17.7,21.5
2007-12-21,15.0,27.6,32.5
2007-12-22,2.0,13.2,14.2
2007-12-23,12.0,1.8,1.0
2007-12-25,0.0,0.0,0.0
2007-12-26,0.0,7.8,7.5
2007-12-27,0.0,0.0,0.0
2007-12-29,0.0,0.0,0.0
2007-12-30,0.0,13.1,14.1
2007-12-31,0.0,0.1,0.0
2008-01-01,0.0,7.7,12.2
2008-01-02,0.0,0.3,0.0
2008-01-03,0.0,1.0,1.5
2008-01-05,0.0,0.9,1.3
2008-01-08,2.0,9.4,14.8
2008-01-09,0.0,0.0,0.0
2008-01-11,0.0,0.0,0.0
2008-01-12,0.0,0.0,0.0
2008-01-13,0.0,0.3,0.0
2008-01-14,0.0,0.3,0.0
2008-01-15,0.0,1.5,2.9
2008-01-16,6.0,0.3,0.0
2008-01-17,0.0,1.3,2.6
2008-01-19,0.0,0.1,0.0
2008-01-21,1.0,8.0,8.9
2008-01-22,1.0,21.6,29.4
2008-01-23,33.0,2.1,1.5
2008-01-24,1.0,12.0,14.0
2008-01-25,1.0,2.9,2.6
2008-01-26,6.0,29.4,40.0
2008-01-27,23.0,12.9,15.0
2008-01-28,62.0,4.7,4.8
2008-01-29,10.0,8.0,8.9
2008-01-30,11.0,24.5,33.5
2008-01-31,63.0,0.4,0.0
2008-02-01,1.0,0.2,0.0
2008-02-02,1.0,8.3,10.8
2008-02-03,5.0,5.9,7.6
2008-02-05,12.0,1.1,1.0
2008-02-07,0.0,2.2,2.4
2008-02-08,1.0,11.1,14.5
2008-02-09,1.0,0.4,0.0
2008-02-10,0.0,0.1,0.0
2008-02-11,0.0,0.1,0.0
2008-02-12,0.0,0.5,0.0
2008-02-13,0.0,5.4,5.4
2008-02-14,0.0,0.5,0.0
2008-02-15,0.0,2.0,1.4
2008-02-16,0.0,0.4,0.0
2008-02-18,0.0,0.8,0.0
2008-02-19,0.0,1.6,1.0
2008-02-20,0.0,1.1,1.0
2008-02-22,0.0,0.3,0.0
2008-02-25,0.0,7.0,5.3
2008-02-27,1.0,9.6,7.8
2008-02-28,1.0,4.0,2.5
2008-02-29,25.0,28.5,30.2
2008-03-01,78.0,12.9,11.9
2008-03-02,11.0,21.4,24.0
2008-03-03,7.0,37.0,39.0
2008-03-04,12.0,17.0,16.3
2008-03-05,9.0,8.1,6.8
2008-03-06,9.0,23.3,25.5
2008-03-07,42.0,10.4,9.3
2008-03-08,30.0,26.1,28.4
2008-03-09,21.0,34.4,36.6
2008-03-10,12.0,12.3,11.4
2008-03-11,4.0,21.0,24.9
2008-03-12,43.0,0.0,0.0
2008-03-13,0.0,1.7,0.0
2008-03-14,10.0,10.5,9.8
2008-03-15,11.0,1.2,0.0
2008-03-16,6.0,3.4,1.8
2008-03-17,7.0,0.0,0.0
2008-03-18,0.0,1.9,0.0
2008-03-19,0.0,5.7,4.4
2008-03-20,6.0,54.3,73.9
2008-03-21,30.0,8.4,7.0
2008-03-22,1.0,23.4,26.0
2008-03-23,3.0,16.2,15.4
2008-03-24,31.0,36.3,41.1
2008-03-25,32.0,2.9,1.0
2008-03-26,0.0,3.6,1.6
2008-03-27,17.0,2.1,0.0
2008-03-28,3.0,8.6,7.2
2008-03-30,0.0,13.4,12.3
2008-03-31,8.0,1.6,0.0
2008-04-02,2.0,5.6,3.9
2008-04-04,8.0,28.9,18.9
2008-04-05,6.0,39.3,30.6
2008-04-06,16.0,6.2,4.4
2008-04-07,3.0,9.1,6.7
2008-04-08,4.0,12.7,9.7
2008-04-09,3.0,4.7,3.2
2008-04-10,27.0,63.1,60.1
2008-04-11,2.0,58.2,67.7
2008-04-12,55.0,12.3,8.6
2008-04-13,26.0,5.1,1.0
2008-04-15,9.0,11.9,8.1
2008-04-17,2.0,38.6,44.0
2008-04-18,7.0,34.0,40.1
2008-04-19,15.0,6.9,3.0
2008-04-20,25.0,11.8,8.1
2008-04-21,19.0,0.2,0.0
2008-04-23,6.0,0.0,0.0
2008-04-24,0.0,0.5,0.0
2008-04-25,1.0,2.1,1.6
2008-04-26,1.0,10.1,9.4
2008-04-27,27.0,0.9,0.0
2008-04-28,0.0,2.1,1.6
2008-04-29,4.0,26.2,27.9
2008-04-30,26.0,3.7,3.0
2008-05-01,21.0,71.3,89.1
2008-05-02,39.0,0.0,0.0
2008-05-03,0.0,32.4,32.0
2008-05-04,25.0,0.0,0.0
2008-05-06,4.0,1.0,1.4
2008-05-07,1.0,0.0,0.0
2008-05-08,1.0,3.5,3.9
2008-05-09,7.0,0.0,0.0
2008-05-10,3.0,1.8,2.1
2008-05-11,0.0,0.0,0.0
2008-05-12,0.0,3.9,6.9
2008-05-13,0.0,1.5,3.4
2008-05-14,0.0,5.2,8.8
2008-05-15,2.0,0.0,0.0
2008-05-16,0.0,0.0,0.0
2008-05-17,0.0,0.0,0.0
2008-05-18,0.0,0.0,0.0
2008-05-19,0.0,0.2,0.0
2008-05-20,0.0,0.0,0.0
2008-05-21,0.0,0.2,0.0
2008-05-22,0.0,0.0,0.0
2008-05-24,1.0,0.0,0.0
2008-05-25,1.0,0.5,0.0
2008-05-26,6.0,0.0,0.0
2008-05-27,0.0,1.5,2.9
2008-05-28,16.0,0.0,0.0
2008-05-29,1.0,0.5,0.0
2008-05-30,2.0,1.0,2.2
2008-05-31,1.0,2.0,3.6
2008-06-01,11.0,0.0,0.0
2008-06-02,1.0,2.5,3.6
2008-06-04,5.0,0.3,0.0
2008-06-05,1.0,5.7,7.5
2008-06-06,8.0,0.0,0.0
2008-06-07,1.0,8.7,11.1
2008-06-08,3.0,0.5,0.0
2008-06-10,12.0,25.1,35.6
2008-06-11,26.0,16.7,24.3
2008-06-12,16.0,2.2,4.3
2008-06-13,0.0,0.5,0.0
2008-06-15,38.0,17.7,23.4
2008-06-16,4.0,0.0,0.0
2008-06-17,0.0,0.4,0.0
2008-06-18,3.0,0.0,0.0
2008-06-19,0.0,0.0,0.0
2008-06-20,12.0,2.3,4.4
2008-06-21,0.0,0.0,0.0
2008-06-22,0.0,0.0,0.0
2008-06-23,0.0,1.8,4.9
2008-06-24,0.0,0.0,0.0
2008-06-25,0.0,12.2,16.6
2008-06-26,1.0,0.4,0.0
2008-06-27,3.0,0.0,0.0
2008-06-29,4.0,0.0,0.0
2008-06-30,0.0,0.3,0.0
2008-07-02,2.0,0.0,0.0
2008-07-04,0.0,0.5,0.0
2008-07-06,5.0,3.4,3.4
2008-07-07,2.0,0.0,0.0
2008-07-08,1.0,5.7,5.7
2008-07-09,7.0,0.0,0.0
2008-07-10,1.0,3.4,3.4
2008-07-11,4.0,49.4,45.7
2008-07-12,11.0,24.3,21.9
2008-07-13,4.0,1.5,3.2
2008-07-14,6.0,1.1,2.8
2008-07-15,5.0,0.0,0.0
2008-07-17,0.0,4.4,5.6
2008-07-18,0.0,1.6,3.3
2008-07-19,0.0,7.7,8.3
2008-07-20,2.0,0.0,0.0
2008-07-22,5.0,30.9,50.0
2008-07-23,24.0,0.9,3.8
2008-07-24,1.0,0.3,0.0
2008-07-26,0.0,6.3,14.5
2008-07-27,0.0,4.5,9.8
2008-07-29,5.0,20.0,40.1
2008-07-30,2.0,2.2,5.9
2008-07-31,4.0,0.0,0.0
2008-08-01,0.0,0.1,0.0
2008-08-02,0.0,0.1,0.0
2008-08-03,0.0,16.6,25.5
2008-08-06,2.0,0.5,0.0
2008-08-07,1.0,0.0,0.0
2008-08-08,0.0,0.0,0.0
2008-08-09,0.0,3.6,5.6
2008-08-11,14.0,8.4,12.5
2008-08-12,2.0,7.1,10.5
2008-08-13,0.0,2.3,5.1
2008-08-14,1.0,18.9,28.2
2008-08-15,5.0,4.0,8.0
2008-08-17,6.0,1.4,4.0
2008-08-18,12.0,0.0,0.0
2008-08-19,7.0,5.1,8.5
2008-08-20,1.0,17.8,26.7
2008-08-21,7.0,5.9,9.6
2008-08-22,4.0,0.0,0.0
2008-08-23,8.0,0.1,0.0
2008-08-24,1.0,14.2,18.3
2008-08-25,2.0,30.2,56.7
2008-08-26,38.0,6.4,9.7
2008-08-27,3.0,0.0,0.0
2008-08-29,1.0,3.5,6.1
2008-08-31,1.0,7.1,11.0
2008-09-02,2.0,0.3,0.0
2008-09-03,5.0,8.6,14.8
2008-09-04,12.0,38.9,53.6
2008-09-05,34.0,0.3,0.0
2008-09-06,1.0,0.1,0.0
2008-09-07,1.0,3.4,7.1
2008-09-08,17.0,2.1,5.1
2008-09-11,1.0,1.8,2.8
2008-09-12,0.0,1.5,2.2
2008-09-13,0.0,0.7,1.0
2008-09-14,0.0,0.9,1.2
2008-09-15,0.0,0.1,0.0
2008-09-16,0.0,0.2,0.0
2008-09-18,10.0,0.4,0.0
2008-09-19,0.0,6.8,10.5
2008-09-20,0.0,1.4,2.1
2008-09-21,0.0,0.0,0.0
2008-09-22,0.0,0.0,0.0
2008-09-23,0.0,0.0,0.0
2008-09-24,0.0,0.0,0.0
2008-09-25,0.0,0.5,0.0
2008-09-27,18.0,1.5,3.7
2008-10-01,35.0,6.8,10.2
2008-10-02,21.0,1.7,3.6
2008-10-03,6.0,0.6,0.0
2008-10-04,0.0,6.6,9.9
2008-10-05,4.0,0.7,0.0
2008-10-07,2.0,0.0,0.0
2008-10-09,8.0,0.0,0.0
2008-10-10,0.0,0.0,0.0
2008-10-11,0.0,1.8,2.6
2008-10-12,1.0,4.7,5.1
2008-10-13,1.0,11.0,10.9
2008-10-14,3.0,13.0,12.6
2008-10-15,5.0,7.7,7.9
2008-10-16,5.0,0.9,0.0
2008-10-17,1.0,0.0,0.0
2008-10-18,0.0,0.4,0.0
2008-10-19,0.0,18.2,17.3
2008-10-20,20.0,0.2,0.0
2008-10-21,4.0,1.4,2.3
2008-10-23,11.0,7.8,8.2
2008-10-24,3.0,4.1,4.7
2008-10-25,8.0,27.7,31.3
2008-10-26,73.0,9.2,9.6
2008-10-27,45.0,11.3,11.8
2008-10-28,5.0,0.4,0.0
2008-10-29,0.0,0.7,0.0
2008-10-30,0.0,11.8,12.1
2008-10-31,53.0,80.3,73.4
2008-11-01,29.0,9.7,6.9
2008-11-02,0.0,23.5,16.8
2008-11-03,19.0,9.7,6.9
2008-11-04,50.0,41.5,36.9
2008-11-05,73.0,0.6,0.0
2008-11-06,8.0,11.7,8.4
2008-11-07,15.0,0.9,0.0
2008-11-08,1.0,20.8,15.8
2008-11-09,33.0,25.5,19.1
2008-11-10,4.0,2.2,1.8
2008-11-12,1.0,24.7,22.1
2008-11-13,46.0,0.0,0.0
2008-11-14,12.0,25.4,22.9
2008-11-15,3.0,1.0,0.0
2008-11-17,9.0,6.8,5.0
2008-11-18,25.0,26.5,23.6
2008-11-19,31.0,11.7,8.9
2008-11-20,38.0,1.0,0.0
2008-11-21,2.0,0.8,0.0
2008-11-22,1.0,4.2,1.1
2008-11-23,36.0,32.6,30.7
2008-11-24,11.0,10.5,6.8
2008-11-25,12.0,43.8,48.3
2008-11-26,46.0,27.9,24.7
2008-11-27,23.0,8.8,5.2
2008-11-28,11.0,12.0,8.2
2008-11-29,12.0,7.9,4.3
2008-11-30,0.0,6.1,2.8
2008-12-01,3.0,5.0,3.6
2008-12-02,0.0,11.4,8.7
2008-12-03,5.0,31.0,27.3
2008-12-04,19.0,32.2,28.3
2008-12-05,17.0,46.3,42.6
2008-12-06,18.0,6.7,5.0
2008-12-07,2.0,9.4,7.1
2008-12-08,8.0,33.7,30.0
2008-12-09,22.0,59.6,54.9
2008-12-10,61.0,13.8,10.7
2008-12-11,45.0,2.3,1.6
2008-12-12,0.0,0.3,0.0
2008-12-13,1.0,11.7,13.6
2008-12-14,13.0,0.3,0.0
2008-12-15,0.0,1.6,1.0
2008-12-18,1.0,1.3,1.0
2008-12-19,0.0,0.0,0.0
2008-12-20,0.0,0.4,0.0
2008-12-21,0.0,1.7,1.0
2008-12-23,0.0,5.2,4.3
2008-12-24,2.0,7.6,7.3
2008-12-25,1.0,13.0,13.9
2008-12-26,10.0,42.1,53.0
2008-12-27,18.0,2.2,1.0
2008-12-29,0.0,11.9,12.5
2008-12-30,1.0,0.1,0.0
2008-12-31,0.0,0.8,0.0
2009-01-01,0.0,0.0,0.0
2009-01-02,0.0,9.5,15.1
2009-01-03,0.0,0.0,0.0
2009-01-04,0.0,0.3,0.0
2009-01-05,0.0,1.0,1.4
2009-01-06,1.0,10.1,16.0
2009-01-09,0.0,9.4,14.9
2009-01-10,0.0,9.2,14.6
2009-01-11,2.0,0.1,0.0
2009-01-12,0.0,0.0,0.0
2009-01-13,0.0,1.8,3.3
2009-01-14,0.0,1.4,2.7
2009-01-15,2.0,1.3,2.7
2009-01-16,0.0,0.4,0.0
2009-01-17,0.0,2.3,4.0
2009-01-18,0.0,1.1,2.4
2009-01-19,12.0,4.0,6.1
2009-01-20,1.0,7.6,10.6
2009-01-21,24.0,8.6,9.7
2009-01-22,36.0,0.5,0.0
2009-01-23,1.0,2.3,1.7
2009-01-24,6.0,12.4,14.4
2009-01-25,1.0,1.1,1.0
2009-01-26,5.0,17.4,21.8
2009-01-27,13.0,0.3,0.0
2009-01-28,2.0,7.5,8.3
2009-01-29,6.0,31.9,42.8
2009-01-30,25.0,7.6,8.5
2009-01-31,4.0,0.9,0.0
2009-02-01,0.0,1.2,1.0
2009-02-02,0.0,10.7,13.9
2009-02-03,0.0,9.7,12.6
2009-02-04,1.0,0.4,0.0
2009-02-06,0.0,0.9,1.0
2009-02-07,0.0,0.0,0.0
2009-02-08,0.0,0.6,0.0
2009-02-09,0.0,3.6,4.4
2009-02-11,0.0,0.0,0.0
2009-02-12,0.0,3.1,2.7
2009-02-13,3.0,0.1,0.0
2009-02-14,0.0,2.5,2.0
2009-02-18,4.0,5.5,5.5
2009-02-19,5.0,4.4,4.2
2009-02-20,4.0,5.2,5.2
2009-02-21,7.0,0.2,0.0
2009-02-22,2.0,15.3,13.3
2009-02-23,4.0,4.2,2.7
2009-02-24,3.0,25.8,26.2
2009-02-25,17.0,22.5,21.9
2009-02-26,10.0,1.7,1.0
2009-02-27,1.0,1.9,1.0
2009-02-28,0.0,19.0,17.1
2009-03-01,3.0,1.5,0.0
2009-03-03,0.0,0.0,0.0
2009-03-04,0.0,9.2,8.0
2009-03-05,4.0,17.5,16.8
2009-03-06,57.0,3.4,1.7
2009-03-07,31.0,0.4,0.0
2009-03-08,0.0,9.7,8.6
2009-03-09,6.0,0.2,0.0
2009-03-10,12.0,2.2,1.0
2009-03-11,3.0,28.4,33.2
2009-03-12,16.0,14.9,14.7
2009-03-13,4.0,13.9,13.8
2009-03-14,24.0,0.0,0.0
2009-03-16,18.0,2.8,1.1
2009-03-17,2.0,3.1,1.5
2009-03-18,3.0,19.6,24.0
2009-03-19,40.0,1.0,0.0
2009-03-20,2.0,0.0,0.0
2009-03-21,0.0,0.0,0.0
2009-03-25,0.0,0.0,0.0
2009-03-27,10.0,21.9,24.2
2009-03-28,43.0,15.2,14.2
2009-03-29,2.0,5.0,3.2
2009-03-30,17.0,1.0,0.0
2009-03-31,1.0,7.0,5.5
2009-04-01,51.0,3.7,2.4
2009-04-02,54.0,0.5,0.0
2009-04-03,15.0,1.6,1.0
2009-04-05,1.0,7.5,5.4
2009-04-06,40.0,2.4,1.4
2009-04-07,0.0,4.8,3.2
2009-04-08,1.0,0.1,0.0
2009-04-09,7.0,0.4,0.0
2009-04-10,1.0,0.6,0.0
2009-04-11,10.0,6.4,2.4
2009-04-12,3.0,0.9,0.0
2009-04-13,1.0,2.8,0.0
2009-04-14,2.0,8.7,4.8
2009-04-15,0.0,7.5,3.5
2009-04-16,29.0,13.4,9.8
2009-04-17,13.0,2.8,0.0
2009-04-18,6.0,5.9,1.8
2009-04-20,30.0,8.0,4.1
2009-04-23,12.0,0.7,0.0
2009-04-24,2.0,2.1,1.6
2009-04-26,6.0,4.4,3.6
2009-04-28,2.0,7.4,6.5
2009-04-29,48.0,0.1,0.0
2009-04-30,50.0,1.0,0.0
2009-05-01,5.0,3.3,3.7
2009-05-02,11.0,2.9,3.3
2009-05-03,24.0,0.0,0.0
2009-05-04,0.0,9.1,9.7
2009-05-05,28.0,1.9,2.3
2009-05-06,7.0,0.7,0.0
2009-05-07,12.0,18.5,19.6
2009-05-08,13.0,0.3,0.0
2009-05-09,2.0,5.3,5.7
2009-05-10,13.0,24.7,25.3
2009-05-11,9.0,0.0,0.0
2009-05-12,0.0,59.9,84.3
2009-05-13,48.0,7.2,11.6
2009-05-14,3.0,0.6,0.0
2009-05-15,0.0,9.3,15.2
2009-05-16,2.0,0.8,2.4
2009-05-17,6.0,14.2,21.6
2009-05-18,9.0,1.4,3.1
2009-05-20,4.0,7.6,12.2
2009-05-22,17.0,26.6,35.2
2009-05-23,18.0,1.8,3.3
2009-05-24,5.0,9.7,13.4
2009-05-25,16.0,1.2,2.5
2009-05-27,3.0,11.7,16.2
2009-05-28,46.0,6.9,10.0
2009-05-29,5.0,30.5,41.1
2009-05-30,44.0,11.8,15.6
2009-05-31,16.0,0.1,0.0
2009-06-01,7.0,3.7,5.1
2009-06-02,0.0,0.8,0.0
2009-06-03,0.0,7.2,9.3
2009-06-04,2.0,15.3,20.1
2009-06-05,3.0,30.0,40.9
2009-06-06,5.0,33.0,44.8
2009-06-07,1.0,6.3,8.3
2009-06-08,28.0,0.0,0.0
2009-06-10,6.0,0.0,0.0
2009-06-11,0.0,0.0,0.0
2009-06-12,0.0,0.0,0.0
2009-06-13,0.0,6.8,11.0
2009-06-14,30.0,0.0,0.0
2009-06-15,0.0,0.0,0.0
2009-06-16,0.0,0.0,0.0
2009-06-17,0.0,0.0,0.0
2009-06-18,0.0,0.8,2.2
2009-06-19,4.0,0.0,0.0
2009-06-20,0.0,1.7,3.5
2009-06-22,2.0,0.0,0.0
2009-06-23,3.0,0.0,0.0
2009-06-24,0.0,3.5,6.9
2009-06-25,0.0,0.1,0.0
2009-06-28,0.0,0.0,0.0
2009-06-29,0.0,0.1,0.0
2009-07-01,1.0,0.0,0.0
2009-07-03,2.0,0.0,0.0
2009-07-05,0.0,0.0,0.0
2009-07-06,0.0,0.0,0.0
2009-07-07,0.0,0.3,0.0
2009-07-08,4.0,0.0,0.0
2009-07-10,0.0,0.0,0.0
2009-07-11,2.0,0.0,0.0
2009-07-12,0.0,0.7,0.0
2009-07-13,1.0,13.6,13.6
2009-07-14,20.0,14.6,14.2
2009-07-15,6.0,1.8,3.4
2009-07-17,0.0,0.0,0.0
2009-07-18,0.0,2.5,4.1
2009-07-19,0.0,104.0,72.8
2009-07-20,53.0,0.0,0.0
2009-07-21,0.0,0.0,0.0
2009-07-22,0.0,27.3,47.6
2009-07-23,5.0,8.1,15.8
2009-07-24,1.0,40.9,52.2
2009-07-25,30.0,0.0,0.0
2009-07-26,0.0,5.7,11.5
2009-07-27,0.0,0.0,0.0
2009-07-28,0.0,0.0,0.0
2009-07-29,0.0,0.0,0.0
2009-07-30,0.0,0.5,0.0
2009-07-31,0.0,0.5,0.0
2009-08-01,0.0,0.0,0.0
2009-08-02,0.0,0.0,0.0
2009-08-04,0.0,0.0,0.0
2009-08-05,0.0,0.0,0.0
2009-08-06,0.0,0.0,0.0
2009-08-09,0.0,3.4,5.2
2009-08-10,9.0,0.0,0.0
2009-08-11,0.0,0.4,0.0
2009-08-13,0.0,0.0,0.0
2009-08-14,0.0,0.0,0.0
2009-08-15,1.0,0.0,0.0
2009-08-16,0.0,0.0,0.0
2009-08-17,0.0,0.0,0.0
2009-08-19,0.0,0.0,0.0
2009-08-20,0.0,9.0,13.4
2009-08-21,0.0,8.6,12.7
2009-08-22,25.0,0.0,0.0
2009-08-24,2.0,0.0,0.0
2009-08-25,0.0,0.0,0.0
2009-08-26,0.0,12.0,16.7
2009-08-28,14.0,0.2,0.0
2009-08-30,0.0,0.4,0.0
2009-08-31,0.0,0.0,0.0
2009-09-01,0.0,0.0,0.0
2009-09-02,0.0,5.7,10.2
2009-09-04,0.0,0.0,0.0
2009-09-05,0.0,0.0,0.0
2009-09-06,0.0,0.0,0.0
2009-09-07,0.0,5.5,10.0
2009-09-09,20.0,1.6,4.1
2009-09-10,0.0,0.0,0.0
2009-09-11,0.0,0.0,0.0
2009-09-12,0.0,0.0,0.0
2009-09-13,0.0,0.9,1.4
2009-09-14,0.0,9.8,14.9
2009-09-15,0.0,0.0,0.0
2009-09-16,0.0,0.0,0.0
2009-09-17,0.0,0.0,0.0
2009-09-18,0.0,0.2,0.0
2009-09-19,0.0,0.0,0.0
2009-09-20,0.0,0.0,0.0
2009-09-22,9.0,9.5,10.3
2009-09-23,16.0,0.0,0.0
2009-09-24,0.0,0.0,0.0
2009-09-25,0.0,0.0,0.0
2009-09-26,0.0,0.0,0.0
2009-09-27,0.0,0.3,0.0
2009-09-28,0.0,0.0,0.0
2009-09-29,0.0,0.0,0.0
2009-09-30,0.0,15.7,15.7
2009-10-01,2.0,3.5,6.0
2009-10-02,7.0,7.5,10.9
2009-10-03,2.0,1.6,3.5
2009-10-04,0.0,0.0,0.0
2009-10-05,0.0,0.5,0.0
2009-10-06,10.0,8.9,12.6
2009-10-08,16.0,0.7,0.0
2009-10-09,0.0,2.2,4.3
2009-10-10,0.0,2.9,5.3
2009-10-11,0.0,13.6,13.2
2009-10-12,0.0,0.3,0.0
2009-10-15,0.0,0.0,0.0
2009-10-16,0.0,0.6,0.0
2009-10-17,0.0,0.4,0.0
2009-10-18,0.0,0.1,0.0
2009-10-19,0.0,0.0,0.0
2009-10-20,0.0,0.4,0.0
2009-10-21,0.0,0.2,0.0
2009-10-23,91.0,0.0,0.0
2009-10-24,2.0,0.0,0.0
2009-10-25,0.0,0.0,0.0
2009-10-26,0.0,0.0,0.0
2009-10-27,2.0,0.0,0.0
2009-10-28,36.0,0.0,0.0
2009-10-29,0.0,0.0,0.0
2009-10-30,0.0,0.0,0.0
2009-10-31,0.0,0.0,0.0
2009-11-01,0.0,0.0,0.0
2009-11-02,5.0,0.0,0.0
2009-11-03,0.0,1.0,0.0
2009-11-04,0.0,0.0,0.0
2009-11-05,0.0,0.0,0.0
2009-11-06,0.0,0.0,0.0
2009-11-07,4.0,0.2,0.0
2009-11-08,4.0,15.0,11.1
2009-11-09,18.0,0.0,0.0
2009-11-10,0.0,0.0,0.0
2009-11-11,3.0,0.0,0.0
2009-11-13,2.0,16.8,13.5
2009-11-14,30.0,0.3,0.0
2009-11-15,0.0,0.8,0.0
2009-11-17,6.0,8.3,6.2
2009-11-18,2.0,0.6,0.0
2009-11-19,0.0,4.7,3.5
2009-11-21,19.0,0.1,0.0
2009-11-22,0.0,0.0,0.0
2009-11-23,0.0,4.5,1.3
2009-11-24,2.0,15.9,11.9
2009-11-25,1.0,11.4,7.6
2009-11-26,35.0,10.3,6.6
2009-11-27,16.0,6.4,3.0
2009-11-28,0.0,7.5,4.0
2009-11-29,0.0,0.0,0.0
2009-11-30,0.0,11.9,8.1
2009-12-02,4.0,44.2,40.5
2009-12-03,9.0,0.2,0.0
2009-12-04,2.0,1.7,1.4
2009-12-05,2.0,0.5,0.0
2009-12-06,0.0,0.2,0.0
2009-12-07,0.0,0.2,0.0
2009-12-09,0.0,7.0,5.2
2009-12-11,22.0,2.9,2.4
2009-12-12,8.0,0.9,0.0
2009-12-13,3.0,1.7,1.0
2009-12-14,2.0,19.2,24.5
2009-12-15,13.0,11.5,13.3
2009-12-16,28.0,34.7,45.1
2009-12-17,2.0,12.4,14.6
2009-12-18,17.0,23.9,30.5
2009-12-19,38.0,6.5,6.9
2009-12-20,19.0,19.4,23.7
2009-12-21,25.0,16.5,17.7
2009-12-22,11.0,3.8,2.7
2009-12-23,10.0,1.4,0.0
2009-12-24,0.0,10.5,10.8
2009-12-25,1.0,3.0,1.8
2009-12-26,3.0,17.7,19.5
2009-12-27,4.0,36.5,44.4
2009-12-28,11.0,8.8,8.6
2009-12-29,3.0,12.1,12.8
2009-12-30,41.0,25.7,29.7
2009-12-31,18.0,6.8,6.2
2010-01-01,2.0,5.2,8.3
2010-01-02,3.0,13.1,20.6
2010-01-03,4.0,12.8,20.1
2010-01-04,5.0,11.7,18.5
2010-01-05,32.0,22.9,38.1
2010-01-06,26.0,4.0,6.4
2010-01-08,0.0,10.2,16.2
2010-01-09,1.0,5.3,8.4
2010-01-10,10.0,4.3,6.9
2010-01-12,0.0,2.0,3.6
2010-01-13,0.0,0.6,0.0
2010-01-14,0.0,0.6,0.0
2010-01-15,0.0,1.5,3.0
2010-01-16,0.0,4.4,6.6
2010-01-18,0.0,1.7,3.2
2010-01-20,9.0,0.3,0.0
2010-01-21,3.0,8.2,9.2
2010-01-24,8.0,2.5,2.0
2010-01-25,0.0,21.2,28.7
2010-01-26,2.0,15.2,17.7
2010-01-27,16.0,2.1,1.5
2010-01-28,59.0,2.1,1.5
2010-01-30,1.0,13.7,16.1
2010-01-31,21.0,8.3,9.3
2010-02-01,9.0,29.6,39.2
2010-02-02,16.0,7.1,9.2
2010-02-03,2.0,17.9,21.6
2010-02-04,31.0,2.0,2.1
2010-02-05,66.0,13.4,17.5
2010-02-06,10.0,1.5,1.4
2010-02-08,2.0,1.4,1.2
2010-02-09,12.0,7.7,9.9
2010-02-10,5.0,0.1,0.0
2010-02-11,63.0,0.9,0.0
2010-02-12,4.0,0.1,0.0
2010-02-13,0.0,0.0,0.0
2010-02-14,0.0,0.1,0.0
2010-02-15,0.0,0.0,0.0
2010-02-16,0.0,2.2,1.6
2010-02-17,24.0,27.8,34.1
2010-02-18,5.0,0.2,0.0
2010-02-19,0.0,4.8,4.7
2010-02-20,5.0,4.0,3.7
2010-02-21,8.0,0.7,0.0
2010-02-22,1.0,6.0,4.3
2010-02-23,71.0,5.5,3.9
2010-02-24,13.0,21.8,20.3
2010-02-25,23.0,8.5,6.7
2010-02-26,8.0,9.8,8.0
2010-02-28,2.0,21.3,19.2
2010-03-01,27.0,0.7,0.0
2010-03-02,4.0,1.1,0.0
2010-03-03,2.0,19.0,18.1
2010-03-04,9.0,51.4,60.8
2010-03-05,24.0,9.9,8.7
2010-03-06,47.0,2.6,1.0
2010-03-07,4.0,4.6,3.0
2010-03-09,26.0,8.2,7.0
2010-03-10,2.0,1.4,0.0
2010-03-11,2.0,24.0,28.2
2010-03-12,32.0,6.4,5.1
2010-03-13,5.0,4.6,3.2
2010-03-14,2.0,2.4,1.0
2010-03-15,51.0,4.7,3.3
2010-03-16,20.0,2.1,1.0
2010-03-17,13.0,10.7,9.9
2010-03-18,35.0,0.2,0.0
2010-03-19,4.0,2.1,1.0
2010-03-20,0.0,36.6,43.2
2010-03-21,29.0,0.3,0.0
2010-03-23,3.0,4.7,2.9
2010-03-24,9.0,8.7,7.2
2010-03-25,77.0,12.9,11.8
2010-03-26,19.0,12.4,11.2
2010-03-27,6.0,2.2,0.0
2010-03-28,1.0,31.6,35.6
2010-03-29,5.0,58.1,63.3
2010-03-30,34.0,29.0,34.7
2010-03-31,28.0,59.1,64.5
2010-04-01,19.0,0.3,0.0
2010-04-02,0.0,18.7,14.6
2010-04-03,0.0,26.0,20.4
2010-04-04,27.0,6.9,5.0
2010-04-05,19.0,16.8,13.0
2010-04-06,15.0,12.5,9.5
2010-04-07,3.0,10.4,7.8
2010-04-08,27.0,20.7,16.2
2010-04-09,41.0,5.7,4.0
2010-04-10,15.0,4.3,2.9
2010-04-11,19.0,13.0,9.3
2010-04-12,10.0,18.6,15.4
2010-04-13,30.0,50.7,59.5
2010-04-14,37.0,6.3,2.3
2010-04-15,1.0,5.3,1.3
2010-04-16,15.0,16.0,12.5
2010-04-17,23.0,18.4,15.1
2010-04-18,10.0,0.0,0.0
2010-04-19,21.0,6.5,2.5
2010-04-23,23.0,2.1,1.6
2010-04-24,33.0,15.7,15.6
2010-04-25,41.0,12.4,11.9
2010-04-26,13.0,0.0,0.0
2010-04-28,23.0,0.0,0.0
2010-04-29,3.0,28.8,32.4
2010-04-30,30.0,15.5,15.3
2010-05-01,8.0,8.6,9.1
2010-05-02,26.0,0.1,0.0
2010-05-03,1.0,19.7,21.2
2010-05-04,45.0,10.5,11.1
2010-05-06,7.0,33.9,33.5
2010-05-07,25.0,2.0,2.4
2010-05-08,2.0,15.4,16.2
2010-05-09,40.0,12.8,13.4
2010-05-10,18.0,0.1,0.0
2010-05-11,29.0,25.6,40.2
2010-05-12,26.0,0.9,2.5
2010-05-13,0.0,35.8,58.5
2010-05-14,47.0,3.6,6.5
2010-05-16,46.0,0.9,2.5
2010-05-17,1.0,0.5,0.0
2010-05-18,5.0,4.0,7.0
2010-05-19,0.0,3.4,6.1
2010-05-20,10.0,4.2,7.2
2010-05-21,3.0,26.9,36.1
2010-05-22,10.0,22.6,28.6
2010-05-23,5.0,1.1,2.4
2010-05-24,0.0,4.5,6.9
2010-05-25,15.0,1.9,3.5
2010-05-26,49.0,0.0,0.0
2010-05-27,3.0,29.9,40.4
2010-05-28,45.0,6.7,9.7
2010-05-30,3.0,0.1,0.0
2010-05-31,0.0,9.9,13.7
2010-06-01,0.0,7.0,9.0
2010-06-02,5.0,10.2,12.9
2010-06-03,2.0,28.2,39.4
2010-06-04,45.0,0.0,0.0
2010-06-05,0.0,0.0,0.0
2010-06-06,0.0,10.6,13.3
2010-06-07,45.0,17.8,21.7
2010-06-08,2.0,4.8,6.4
2010-06-09,4.0,17.4,21.7
2010-06-10,22.0,6.4,8.4
2010-06-13,4.0,7.7,12.2
2010-06-14,3.0,13.2,19.6
2010-06-15,4.0,12.7,20.1
2010-06-16,2.0,9.3,14.5
2010-06-17,3.0,7.6,12.0
2010-06-18,9.0,0.9,2.4
2010-06-19,3.0,9.8,15.1
2010-06-20,0.0,0.3,0.0
2010-06-22,0.0,4.3,7.8
2010-06-23,2.0,2.6,5.8
2010-06-26,7.0,0.1,0.0
2010-06-28,18.0,13.1,18.5
2010-06-29,22.0,0.0,0.0
2010-06-30,0.0,18.3,19.7
2010-07-01,30.0,0.0,0.0
2010-07-02,0.0,0.5,0.0
2010-07-04,4.0,41.9,49.7
2010-07-05,29.0,14.0,14.5
2010-07-06,0.0,3.0,3.0
2010-07-07,0.0,11.2,11.7
2010-07-08,7.0,33.9,41.2
2010-07-09,0.0,20.2,22.7
2010-07-10,8.0,17.8,18.5
2010-07-11,0.0,9.6,9.8
2010-07-13,3.0,31.7,30.2
2010-07-14,7.0,1.1,2.8
2010-07-15,0.0,4.4,5.6
2010-07-16,1.0,0.7,0.0
2010-07-17,4.0,2.5,4.1
2010-07-18,9.0,3.9,5.2
2010-07-19,7.0,0.3,0.0
2010-07-20,18.0,1.2,2.9
2010-07-21,2.0,1.2,4.2
2010-07-23,3.0,2.5,6.4
2010-07-24,3.0,19.3,39.7
2010-07-25,3.0,4.9,12.1
2010-07-26,1.0,0.0,0.0
2010-07-27,1.0,2.0,5.6
2010-07-28,5.0,0.9,3.7
2010-07-29,4.0,6.8,13.9
2010-07-30,1.0,5.8,11.6
2010-07-31,4.0,6.6,12.9
2010-08-01,20.0,4.1,6.2
2010-08-02,13.0,10.8,16.5
2010-08-03,6.0,64.6,67.8
2010-08-04,43.0,22.6,39.4
2010-08-05,51.0,0.1,0.0
2010-08-07,2.0,18.6,30.0
2010-08-09,2.0,20.2,33.9
2010-08-10,37.0,8.6,13.4
2010-08-11,14.0,0.5,0.0
2010-08-12,0.0,7.9,14.4
2010-08-13,13.0,13.8,19.7
2010-08-14,3.0,4.6,8.5
2010-08-15,6.0,0.0,0.0
2010-08-16,0.0,0.1,0.0
2010-08-18,3.0,72.5,73.8
2010-08-19,1.0,10.8,15.0
2010-08-20,17.0,16.7,24.2
2010-08-21,10.0,5.3,8.3
2010-08-22,11.0,5.8,9.2
2010-08-23,2.0,0.0,0.0
2010-08-24,4.0,9.4,13.5
2010-08-25,13.0,19.8,27.8
2010-08-26,7.0,0.0,0.0
2010-08-27,2.0,6.2,9.5
2010-08-28,14.0,0.2,0.0
2010-08-30,0.0,3.4,6.0
2010-09-02,0.0,1.1,3.3
2010-09-03,0.0,9.1,15.3
2010-09-05,2.0,11.9,20.7
2010-09-06,48.0,1.9,4.7
2010-09-08,5.0,53.5,54.5
2010-09-09,20.0,11.2,18.1
2010-09-10,5.0,40.8,53.7
2010-09-11,61.0,23.5,39.2
2010-09-12,11.0,14.6,22.6
2010-09-13,45.0,25.8,44.1
2010-09-14,12.0,19.9,30.1
2010-09-15,22.0,25.4,43.4
2010-09-16,3.0,78.5,89.7
2010-09-17,10.0,7.9,12.8
2010-09-18,2.0,0.1,0.0
2010-09-19,4.0,8.4,13.1
2010-09-20,11.0,25.3,43.0
2010-09-21,5.0,7.9,10.0
2010-09-22,3.0,16.5,16.4
2010-09-23,1.0,0.3,0.0
2010-09-24,0.0,10.0,12.2
2010-09-25,9.0,12.2,12.8
2010-09-28,9.0,13.3,14.7
2010-09-29,57.0,2.2,4.3
2010-09-30,3.0,16.2,16.2
2010-10-01,1.0,11.1,15.2
2010-10-02,2.0,2.5,4.7
2010-10-03,2.0,1.7,3.7
2010-10-04,1.0,0.4,0.0
2010-10-05,0.0,3.0,5.4
2010-10-06,11.0,4.0,6.6
2010-10-07,30.0,34.5,47.4
2010-10-08,43.0,9.4,14.3
2010-10-09,34.0,3.7,6.3
2010-10-12,1.0,16.4,15.6
2010-10-13,32.0,12.2,12.1
2010-10-14,3.0,5.0,5.3
2010-10-16,0.0,15.4,15.2
2010-10-17,14.0,19.2,18.6
2010-10-18,4.0,14.3,14.2
2010-10-19,1.0,8.9,9.0
2010-10-20,1.0,23.5,19.7
2010-10-21,52.0,25.1,26.1
2010-10-22,28.0,4.0,4.6
2010-10-23,20.0,12.1,12.3
2010-10-24,9.0,3.9,4.6
2010-10-25,8.0,2.3,3.1
2010-10-26,12.0,5.6,6.1
2010-10-27,6.0,7.0,7.5
2010-10-28,7.0,23.0,23.9
2010-10-29,6.0,36.6,45.1
2010-10-30,81.0,5.9,6.4
2010-10-31,11.0,19.4,20.2
2010-11-01,26.0,8.2,5.8
2010-11-02,10.0,13.2,9.7
2010-11-03,20.0,47.2,45.0
2010-11-04,31.0,13.2,9.6
2010-11-05,17.0,21.8,17.0
2010-11-06,60.0,5.2,3.6
2010-11-08,27.0,16.5,12.6
2010-11-09,5.0,11.5,8.3
2010-11-10,10.0,0.0,0.0
2010-11-11,0.0,0.7,0.0
2010-11-12,6.0,14.6,11.2
2010-11-13,19.0,0.0,0.0
2010-11-14,2.0,18.7,14.7
2010-11-15,7.0,6.3,4.7
2010-11-16,2.0,10.6,8.0
2010-11-17,0.0,0.2,0.0
2010-11-18,0.0,0.9,0.0
2010-11-19,0.0,25.1,22.4
2010-11-20,50.0,7.1,5.3
2010-11-21,8.0,16.0,12.0
2010-11-22,39.0,17.7,13.7
2010-11-23,5.0,0.0,0.0
2010-11-24,4.0,2.6,0.0
2010-11-26,35.0,0.7,0.0
2010-11-27,2.0,5.7,2.4
2010-11-28,1.0,0.0,0.0
2010-12-01,7.0,33.3,29.8
2010-12-02,11.0,41.4,37.9
2010-12-03,101.0,1.4,1.2
2010-12-05,24.0,7.3,5.4
2010-12-06,2.0,0.6,0.0
2010-12-07,1.0,7.0,5.2
2010-12-08,2.0,12.5,9.6
2010-12-09,10.0,15.2,11.9
2010-12-10,6.0,84.3,70.6
2010-12-11,53.0,1.6,1.0
2010-12-12,0.0,1.1,1.0
2010-12-13,0.0,5.3,5.3
2010-12-15,30.0,0.1,0.0
2010-12-17,0.0,0.7,0.0
2010-12-19,20.0,0.0,0.0
2010-12-20,0.0,0.2,0.0
2010-12-21,0.0,52.8,73.8
2010-12-22,8.0,3.5,2.4
2010-12-24,13.0,6.8,6.3
2010-12-25,8.0,3.3,2.1
2010-12-26,0.0,4.6,3.6
2010-12-27,0.0,0.1,0.0
2010-12-28,0.0,29.7,35.2
2010-12-29,8.0,3.0,1.8
2010-12-31,0.0,1.5,1.0
2011-01-01,0.0,33.6,58.6
2011-01-02,21.0,0.8,1.1
2011-01-03,0.0,3.3,5.3
2011-01-04,0.0,0.7,1.0
2011-01-05,2.0,5.2,8.3
2011-01-06,46.0,12.2,19.4
2011-01-07,3.0,3.4,5.5
2011-01-08,5.0,5.7,9.2
2011-01-09,43.0,7.4,11.8
2011-01-10,0.0,8.0,12.8
2011-01-11,3.0,11.4,15.2
2011-01-12,13.0,12.7,16.8
2011-01-16,0.0,1.0,2.2
2011-01-18,0.0,1.2,2.6
2011-01-19,0.0,0.7,0.0
2011-01-21,24.0,1.4,1.0
2011-01-22,5.0,57.9,56.8
2011-01-23,37.0,26.5,36.8
2011-01-24,10.0,5.8,6.2
2011-01-25,2.0,10.2,11.7
2011-01-26,52.0,16.0,19.0
2011-01-27,19.0,25.7,35.5
2011-01-28,104.0,0.0,0.0
2011-01-29,6.0,6.8,7.5
2011-01-30,0.0,38.3,47.7
2011-01-31,6.0,29.5,40.1
2011-02-01,6.0,10.8,14.1
2011-02-02,4.0,0.0,0.0
2011-02-03,0.0,16.8,22.6
2011-02-04,4.0,4.1,5.1
2011-02-06,1.0,6.4,8.2
2011-02-08,1.0,8.3,10.7
2011-02-09,7.0,9.4,12.2
2011-02-10,2.0,3.2,3.8
2011-02-11,12.0,0.4,0.0
2011-02-13,6.0,15.9,17.9
2011-02-14,3.0,2.7,2.2
2011-02-15,0.0,14.5,16.3
2011-02-16,26.0,10.4,11.3
2011-02-17,5.0,0.0,0.0
2011-02-18,0.0,7.5,7.8
2011-02-19,3.0,0.6,0.0
2011-02-20,0.0,7.3,7.6
2011-02-21,4.0,1.2,0.0
2011-02-23,2.0,2.6,1.3
2011-02-24,0.0,12.7,10.7
2011-02-25,3.0,0.0,0.0
2011-02-26,0.0,0.8,0.0
2011-02-27,0.0,1.0,0.0
2011-02-28,0.0,2.7,1.3
2011-03-01,1.0,1.8,0.0
2011-03-04,0.0,2.1,0.0
2011-03-05,3.0,0.6,0.0
2011-03-06,0.0,7.7,6.4
2011-03-07,9.0,7.2,5.9
2011-03-08,5.0,1.0,0.0
2011-03-09,3.0,16.6,15.8
2011-03-10,79.0,6.1,4.7
2011-03-11,8.0,10.2,9.4
2011-03-12,27.0,2.9,1.2
2011-03-13,6.0,1.3,0.0
2011-03-14,22.0,4.0,2.5
2011-03-15,5.0,1.4,0.0
2011-03-17,8.0,8.8,7.8
2011-03-18,4.0,47.4,60.3
2011-03-19,22.0,6.9,5.7
2011-03-20,14.0,17.2,17.1
2011-03-21,33.0,31.5,36.5
2011-03-22,36.0,9.9,8.6
2011-03-23,48.0,8.0,6.5
2011-03-24,1.0,20.7,22.1
2011-03-25,10.0,17.2,16.4
2011-03-26,4.0,5.2,3.4
2011-03-27,0.0,0.8,0.0
2011-03-28,0.0,0.3,0.0
2011-03-29,0.0,0.4,0.0
2011-03-30,0.0,1.3,0.0
2011-03-31,0.0,0.6,0.0
2011-04-02,0.0,0.0,0.0
2011-04-03,0.0,3.7,2.4
2011-04-04,0.0,0.1,0.0
2011-04-05,0.0,0.4,0.0
2011-04-08,0.0,12.3,9.4
2011-04-09,27.0,2.3,1.3
2011-04-10,0.0,45.8,39.3
2011-04-11,63.0,13.4,9.8
2011-04-12,2.0,11.2,7.5
2011-04-13,5.0,1.4,0.0
2011-04-14,2.0,30.5,33.8
2011-04-15,16.0,44.4,52.7
2011-04-16,11.0,7.0,3.1
2011-04-18,14.0,4.3,1.0
2011-04-19,9.0,19.7,16.5
2011-04-20,28.0,27.2,31.7
2011-04-21,4.0,35.8,44.2
2011-04-22,19.0,32.3,38.7
2011-04-23,28.0,18.6,18.9
2011-04-24,6.0,4.1,3.4
2011-04-25,8.0,2.4,1.9
2011-04-26,3.0,21.8,23.0
2011-04-27,20.0,31.0,37.2
2011-04-28,26.0,43.1,54.9
2011-04-29,93.0,0.0,0.0
2011-04-30,0.0,27.9,31.3
2011-05-01,46.0,21.9,24.4
2011-05-02,10.0,25.8,26.9
2011-05-03,52.0,38.4,38.5
2011-05-04,19.0,1.8,2.2
2011-05-05,9.0,0.0,0.0
2011-05-06,0.0,0.1,0.0
2011-05-07,0.0,0.0,0.0
2011-05-08,0.0,0.0,0.0
2011-05-09,0.0,0.0,0.0
2011-05-10,0.0,0.0,0.0
2011-05-11,0.0,0.2,0.0
2011-05-12,3.0,0.0,0.0
2011-05-14,61.0,4.0,7.0
2011-05-15,23.0,1.8,3.8
2011-05-16,6.0,8.8,14.0
2011-05-19,5.0,0.1,0.0
2011-05-22,37.0,1.7,3.2
2011-05-24,0.0,44.1,59.2
2011-05-25,75.0,0.1,0.0
2011-05-26,0.0,0.2,0.0
2011-05-27,1.0,6.3,9.1
2011-05-28,21.0,38.6,52.7
2011-05-29,15.0,21.3,26.0
2011-05-30,4.0,69.5,80.6
2011-05-31,68.0,13.6,19.1
2011-06-01,18.0,0.0,0.0
2011-06-03,0.0,0.0,0.0
2011-06-04,0.0,0.2,0.0
2011-06-05,0.0,0.3,0.0
2011-06-08,0.0,0.0,0.0
2011-06-09,0.0,0.0,0.0
2011-06-10,0.0,2.6,3.8
2011-06-11,4.0,3.4,6.1
2011-06-12,13.0,0.0,0.0
2011-06-13,10.0,0.8,2.2
2011-06-14,0.0,0.0,0.0
2011-06-15,0.0,0.0,0.0
2011-06-16,0.0,0.0,0.0
2011-06-17,0.0,1.2,2.9
2011-06-18,35.0,0.0,0.0
2011-06-19,0.0,0.0,0.0
2011-06-20,0.0,0.5,0.0
2011-06-23,0.0,0.0,0.0
2011-06-24,0.0,3.4,6.7
2011-06-25,1.0,4.2,7.7
2011-06-26,5.0,0.0,0.0
2011-06-27,0.0,14.9,20.5
2011-06-28,9.0,0.1,0.0
2011-06-29,0.0,0.0,0.0
2011-06-30,0.0,0.0,0.0
2011-07-01,0.0,0.0,0.0
2011-07-02,0.0,0.0,0.0
2011-07-03,0.0,0.0,0.0
2011-07-04,26.0,1.6,1.7
2011-07-05,20.0,0.0,0.0
2011-07-06,0.0,0.0,0.0
2011-07-07,0.0,3.3,3.3
2011-07-10,0.0,1.2,1.3
2011-07-12,42.0,29.0,24.3
2011-07-13,7.0,1.0,0.0
2011-07-15,5.0,0.5,0.0
2011-07-16,0.0,1.7,3.4
2011-07-18,1.0,0.1,0.0
2011-07-19,0.0,0.1,0.0
2011-07-20,0.0,7.7,8.3
2011-07-21,0.0,9.9,18.6
2011-07-22,6.0,0.3,0.0
2011-07-23,0.0,1.5,4.7
2011-07-24,0.0,0.0,0.0
2011-07-25,0.0,0.0,0.0
2011-07-26,0.0,0.0,0.0
2011-07-27,0.0,0.0,0.0
2011-07-28,0.0,0.0,0.0
2011-07-29,0.0,0.0,0.0
2011-07-30,4.0,0.2,0.0
2011-07-31,1.0,5.3,11.0
2011-08-01,4.0,0.5,0.0
2011-08-03,0.0,0.0,0.0
2011-08-04,0.0,0.0,0.0
2011-08-05,0.0,0.0,0.0
2011-08-07,0.0,0.0,0.0
2011-08-08,0.0,1.7,3.0
2011-08-09,0.0,0.4,0.0
2011-08-11,0.0,0.1,0.0
2011-08-13,0.0,2.1,5.0
2011-08-14,0.0,0.0,0.0
2011-08-15,0.0,5.7,9.4
2011-08-16,2.0,14.9,20.9
2011-08-18,0.0,0.0,0.0
2011-08-19,0.0,0.0,0.0
2011-08-20,0.0,0.0,0.0
2011-08-21,0.0,0.2,0.0
2011-08-22,0.0,0.0,0.0
2011-08-26,1.0,0.0,0.0
2011-08-27,1.0,0.6,0.0
2011-08-28,2.0,0.0,0.0
2011-08-30,0.0,16.8,22.2
2011-08-31,5.0,0.6,0.0
2011-09-02,0.0,5.6,10.6
2011-09-03,0.0,18.4,32.1
2011-09-04,20.0,0.1,0.0
2011-09-05,27.0,0.0,0.0
2011-09-06,0.0,0.0,0.0
2011-09-07,0.0,0.0,0.0
2011-09-08,0.0,7.8,13.6
2011-09-09,17.0,7.9,13.8
2011-09-10,1.0,2.2,5.2
2011-09-11,2.0,0.0,0.0
2011-09-12,0.0,0.0,0.0
2011-09-13,3.0,8.2,13.9
2011-09-14,13.0,3.9,6.1
2011-09-15,5.0,4.1,6.5
2011-09-17,1.0,1.7,2.6
2011-09-18,1.0,6.4,10.2
2011-09-19,23.0,0.9,1.3
2011-09-20,0.0,2.8,4.4
2011-09-21,0.0,0.0,0.0
2011-09-23,0.0,0.0,0.0
2011-09-24,0.0,0.0,0.0
2011-09-25,0.0,0.0,0.0
2011-09-27,0.0,0.6,0.0
2011-09-28,0.0,0.0,0.0
2011-09-29,5.0,0.0,0.0
2011-09-30,0.0,4.7,6.5
2011-10-01,10.0,2.5,4.7
2011-10-03,0.0,0.0,0.0
2011-10-04,0.0,0.0,0.0
2011-10-05,0.0,3.2,5.6
2011-10-06,42.0,26.0,34.1
2011-10-07,47.0,46.6,65.4
2011-10-08,21.0,1.6,3.5
2011-10-09,0.0,0.2,0.0
2011-10-10,0.0,0.0,0.0
2011-10-11,0.0,1.6,2.4
2011-10-12,0.0,0.0,0.0
2011-10-13,0.0,0.0,0.0
2011-10-14,0.0,0.5,0.0
2011-10-15,1.0,0.0,0.0
2011-10-18,0.0,0.6,0.0
2011-10-19,1.0,0.9,0.0
2011-10-20,0.0,0.8,0.0
2011-10-21,0.0,11.1,11.8
2011-10-22,19.0,0.0,0.0
2011-10-23,1.0,0.1,0.0
2011-10-24,8.0,3.6,4.2
2011-10-25,10.0,0.5,0.0
2011-10-26,5.0,1.0,2.0
2011-10-27,1.0,0.0,0.0
2011-10-28,0.0,0.9,0.0
2011-10-29,1.0,13.1,13.5
2011-10-30,3.0,0.0,0.0
2011-10-31,0.0,0.0,0.0
2011-11-01,2.0,33.9,27.5
2011-11-02,15.0,4.8,3.3
2011-11-03,0.0,0.4,0.0
2011-11-04,0.0,4.1,2.9
2011-11-05,27.0,38.8,33.4
2011-11-06,33.0,25.9,19.5
2011-11-07,86.0,41.5,36.9
2011-11-08,36.0,0.8,0.0
2011-11-10,10.0,22.5,17.2
2011-11-11,4.0,0.0,0.0
2011-11-12,35.0,42.2,38.9
2011-11-13,3.0,23.4,20.9
2011-11-14,22.0,0.0,0.0
2011-11-15,0.0,0.3,0.0
2011-11-16,2.0,14.5,11.1
2011-11-17,1.0,2.2,1.7
2011-11-19,0.0,6.2,4.6
2011-11-20,21.0,25.0,22.4
2011-11-21,1.0,39.5,40.0
2011-11-22,41.0,9.8,6.1
2011-11-23,4.0,3.5,1.0
2011-11-24,3.0,0.0,0.0
2011-11-25,1.0,2.0,0.0
2011-11-26,0.0,1.6,0.0
2011-11-28,19.0,32.6,31.0
2011-11-29,12.0,23.7,20.6
2011-11-30,5.0,26.8,23.0
2011-12-01,28.0,0.7,0.0
2011-12-02,0.0,0.5,0.0
2011-12-03,9.0,45.8,42.1
2011-12-04,80.0,31.5,27.6
2011-12-05,38.0,25.0,20.0
2011-12-06,14.0,19.5,15.5
2011-12-07,4.0,0.2,0.0
2011-12-08,0.0,24.0,19.1
2011-12-10,17.0,7.3,5.4
2011-12-11,23.0,27.9,35.8
2011-12-12,2.0,13.4,15.9
2011-12-13,40.0,3.4,2.9
2011-12-14,1.0,2.4,1.7
2011-12-15,37.0,12.0,14.0
2011-12-16,10.0,17.6,21.4
2011-12-18,0.0,21.0,26.7
2011-12-19,46.0,19.3,24.1
2011-12-20,22.0,4.4,4.2
2011-12-21,23.0,24.6,28.6
2011-12-22,0.0,23.9,30.0
2011-12-23,3.0,13.2,14.3
2011-12-24,5.0,12.4,13.1
2011-12-25,8.0,15.9,17.8
2011-12-26,6.0,14.4,15.8
2011-12-28,5.0,0.7,0.0
2011-12-30,19.0,0.5,0.0
2012-01-02,0.0,24.8,41.8
2012-01-03,16.0,9.2,14.5
2012-01-04,26.0,3.1,4.9
2012-01-05,0.0,0.3,0.0
2012-01-06,0.0,0.2,0.0
2012-01-08,0.0,2.1,3.3
2012-01-09,0.0,1.7,2.6
2012-01-10,0.0,2.5,3.9
2012-01-11,0.0,19.5,22.8
2012-01-12,14.0,0.4,0.0
2012-01-13,78.0,8.2,11.4
2012-01-14,22.0,20.2,23.6
2012-01-15,11.0,2.6,4.4
2012-01-16,16.0,21.7,26.0
2012-01-17,29.0,36.3,48.6
2012-01-18,39.0,6.6,9.4
2012-01-19,10.0,0.1,0.0
2012-01-21,3.0,0.3,0.0
2012-01-23,0.0,0.0,0.0
2012-01-24,0.0,0.8,0.0
2012-01-26,0.0,0.0,0.0
2012-01-28,38.0,1.0,0.0
2012-01-29,0.0,0.6,0.0
2012-01-30,0.0,3.4,3.2
2012-02-01,3.0,6.4,8.2
2012-02-04,3.0,11.5,15.0
2012-02-05,34.0,2.0,2.2
2012-02-06,62.0,1.0,1.0
2012-02-07,8.0,4.3,5.4
2012-02-08,17.0,3.7,4.5
2012-02-09,1.0,7.6,9.9
2012-02-10,1.0,21.8,27.6
2012-02-11,63.0,28.4,34.9
2012-02-12,36.0,19.6,22.6
2012-02-13,42.0,0.5,0.0
2012-02-14,9.0,0.9,0.0
2012-02-15,4.0,27.6,34.4
2012-02-16,10.0,4.3,4.0
2012-02-17,10.0,2.3,1.7
2012-02-18,1.0,7.9,8.3
2012-02-19,65.0,26.9,33.4
2012-02-20,54.0,31.0,39.0
2012-02-21,19.0,7.2,5.5
2012-02-22,28.0,27.2,27.6
2012-02-23,14.0,0.0,0.0
2012-02-24,4.0,0.0,0.0
2012-02-25,0.0,5.4,3.8
2012-02-26,2.0,66.9,54.9
2012-02-27,0.0,27.1,28.9
2012-02-28,27.0,23.7,23.2
2012-02-29,6.0,66.3,54.2
2012-03-01,24.0,1.8,0.0
2012-03-02,27.0,0.8,0.0
2012-03-04,39.0,40.7,45.0
2012-03-05,37.0,34.4,38.5
2012-03-06,35.0,10.5,9.4
2012-03-07,3.0,8.7,7.5
2012-03-08,13.0,161.9,78.6
2012-03-09,38.0,36.1,38.3
2012-03-10,25.0,2.6,1.0
2012-03-11,18.0,4.2,2.7
2012-03-12,2.0,3.8,2.3
2012-03-13,1.0,2.6,1.0
2012-03-14,9.0,7.9,6.8
2012-03-15,58.0,10.7,9.9
2012-03-16,3.0,0.0,0.0
2012-03-18,0.0,0.3,0.0
2012-03-19,0.0,1.5,0.0
2012-03-20,5.0,0.3,0.0
2012-03-22,0.0,0.9,0.0
2012-03-23,0.0,0.0,0.0
2012-03-24,0.0,3.9,1.9
2012-03-25,0.0,0.1,0.0
2012-03-27,0.0,0.8,0.0
2012-03-28,0.0,1.1,0.0
2012-03-29,8.0,4.9,3.1
2012-03-30,5.0,5.7,4.0
2012-03-31,1.0,5.9,4.2
2012-04-01,6.0,80.8,84.7
2012-04-02,36.0,90.9,100.1
2012-04-03,69.0,41.6,33.2
2012-04-04,61.0,0.0,0.0
2012-04-05,0.0,0.0,0.0
2012-04-06,1.0,0.0,0.0
2012-04-07,0.0,0.0,0.0
2012-04-08,0.0,0.0,0.0
2012-04-09,0.0,45.3,38.6
2012-04-10,53.0,4.4,3.0
2012-04-11,1.0,20.6,18.0
2012-04-12,24.0,4.3,1.0
2012-04-13,8.0,0.6,0.0
2012-04-14,13.0,13.6,10.0
2012-04-15,7.0,1.2,0.0
2012-04-16,1.0,15.6,12.1
2012-04-17,8.0,3.2,0.0
2012-04-18,2.0,34.5,39.3
2012-04-19,8.0,28.9,32.6
2012-04-20,16.0,1.1,0.0
2012-04-21,8.0,22.1,23.2
2012-04-22,2.0,11.9,11.3
2012-04-23,29.0,13.6,13.2
2012-04-24,32.0,33.7,40.6
2012-04-25,13.0,1.7,1.3
2012-04-26,16.0,13.0,12.6
2012-04-27,2.0,11.5,10.9
2012-04-28,35.0,3.0,2.3
2012-04-29,2.0,2.6,2.1
2012-04-30,12.0,18.0,18.1
2012-05-01,4.0,33.6,33.8
2012-05-02,94.0,12.3,13.0
2012-05-03,11.0,7.8,8.3
2012-05-04,19.0,11.4,12.0
2012-05-05,60.0,24.5,24.8
2012-05-06,29.0,1.8,2.2
2012-05-07,3.0,13.3,14.0
2012-05-10,2.0,5.2,5.6
2012-05-11,0.0,0.0,0.0
2012-05-12,0.0,5.4,9.1
2012-05-13,0.0,0.0,0.0
2012-05-14,0.0,38.8,62.9
2012-05-15,10.0,0.5,0.0
2012-05-16,1.0,10.8,16.7
2012-05-18,24.0,22.6,35.8
2012-05-19,11.0,1.6,3.4
2012-05-21,0.0,0.0,0.0
2012-05-22,0.0,0.0,0.0
2012-05-23,0.0,18.1,24.4
2012-05-24,91.0,4.7,7.1
2012-05-25,38.0,0.0,0.0
2012-05-27,1.0,3.7,5.8
2012-05-29,6.0,1.1,2.5
2012-05-30,12.0,0.0,0.0
2012-05-31,21.0,0.0,0.0
2012-06-01,6.0,0.0,0.0
2012-06-02,0.0,1.2,2.0
2012-06-04,45.0,1.5,2.4
2012-06-05,0.0,10.5,13.2
2012-06-06,21.0,7.1,9.3
2012-06-07,30.0,13.1,16.2
2012-06-08,1.0,12.2,15.4
2012-06-09,3.0,0.2,0.0
2012-06-10,3.0,75.6,81.6
2012-06-11,39.0,40.9,69.7
2012-06-12,18.0,1.7,3.5
2012-06-13,0.0,0.5,0.0
2012-06-15,47.0,0.3,0.0
2012-06-18,0.0,3.1,5.6
2012-06-19,8.0,26.6,43.7
2012-06-20,6.0,3.5,6.2
2012-06-22,7.0,4.3,7.8
2012-06-23,5.0,0.7,0.0
2012-06-24,0.0,0.1,0.0
2012-06-25,2.0,0.9,3.8
2012-06-26,0.0,0.0,0.0
2012-06-27,0.0,2.0,5.2
2012-06-28,5.0,0.0,0.0
2012-06-29,0.0,0.5,0.0
2012-07-01,2.0,19.4,21.1
2012-07-02,9.0,3.2,3.2
2012-07-03,4.0,0.0,0.0
2012-07-05,0.0,11.8,12.7
2012-07-06,19.0,40.5,48.5
2012-07-07,30.0,1.1,1.2
2012-07-08,8.0,0.0,0.0
2012-07-09,0.0,0.9,0.0
2012-07-10,0.0,11.0,11.4
2012-07-11,1.0,35.6,34.1
2012-07-12,9.0,14.4,13.9
2012-07-13,22.0,26.0,21.6
2012-07-14,3.0,1.2,2.9
2012-07-16,0.0,6.4,7.3
2012-07-17,0.0,1.6,3.3
2012-07-18,0.0,8.5,9.0
2012-07-19,3.0,3.7,5.0
2012-07-20,0.0,3.2,4.7
2012-07-21,0.0,0.0,0.0
2012-07-23,0.0,0.0,0.0
2012-07-24,1.0,1.5,4.9
2012-07-25,2.0,0.2,0.0
2012-07-28,0.0,0.0,0.0
2012-07-29,0.0,0.0,0.0
2012-07-30,0.0,0.0,0.0
2012-08-01,53.0,18.1,29.8
2012-08-03,0.0,0.1,0.0
2012-08-04,0.0,6.8,10.1
2012-08-05,3.0,0.0,0.0
2012-08-06,2.0,0.0,0.0
2012-08-07,0.0,0.0,0.0
2012-08-08,0.0,0.0,0.0
2012-08-09,0.0,9.5,14.4
2012-08-10,1.0,5.7,8.5
2012-08-11,19.0,0.0,0.0
2012-08-12,4.0,0.0,0.0
2012-08-13,0.0,0.0,0.0
2012-08-14,0.0,0.0,0.0
2012-08-15,0.0,0.0,0.0
2012-08-16,0.0,0.2,0.0
2012-08-18,3.0,0.0,0.0
2012-08-21,0.0,0.0,0.0
2012-08-22,0.0,0.0,0.0
2012-08-23,0.0,24.4,38.4
2012-08-24,11.0,11.5,16.2
2012-08-25,5.0,4.7,7.5
2012-08-26,1.0,0.3,0.0
2012-08-27,11.0,3.3,5.8
2012-08-28,22.0,0.0,0.0
2012-08-29,0.0,0.0,0.0
2012-08-31,0.0,0.0,0.0
2012-09-01,0.0,0.0,0.0
2012-09-02,0.0,0.2,0.0
2012-09-03,0.0,0.6,2.4
2012-09-04,0.0,0.0,0.0
2012-09-05,0.0,0.0,0.0
2012-09-06,0.0,0.7,2.4
2012-09-07,1.0,4.4,9.3
2012-09-08,13.0,0.0,0.0
2012-09-09,0.0,0.0,0.0
2012-09-10,0.0,0.0,0.0
2012-09-11,0.0,0.0,0.0
2012-09-12,0.0,0.7,1.0
2012-09-13,0.0,0.5,0.0
2012-09-15,1.0,3.2,5.0
2012-09-16,8.0,0.7,1.0
2012-09-18,6.0,1.8,2.7
2012-09-19,32.0,0.4,0.0
2012-09-20,1.0,0.0,0.0
2012-09-22,0.0,0.0,0.0
2012-09-23,0.0,0.0,0.0
2012-09-24,0.0,0.0,0.0
2012-09-25,0.0,0.0,0.0
2012-09-26,0.0,0.4,0.0
2012-09-28,65.0,12.6,12.8
2012-09-29,60.0,21.7,20.0
2012-09-30,6.0,0.3,0.0
2012-10-01,9.0,5.7,8.5
2012-10-02,23.0,0.0,0.0
2012-10-03,0.0,0.0,0.0
2012-10-04,0.0,0.0,0.0
2012-10-05,0.0,0.0,0.0
2012-10-06,0.0,1.7,3.7
2012-10-07,8.0,0.0,0.0
2012-10-08,0.0,1.0,2.8
2012-10-10,2.0,0.1,0.0
2012-10-11,0.0,0.0,0.0
2012-10-12,0.0,0.3,0.0
2012-10-13,0.0,0.0,0.0
2012-10-14,2.0,0.3,0.0
2012-10-15,2.0,15.5,15.1
2012-10-16,2.0,16.2,16.7
2012-10-17,11.0,7.0,7.2
2012-10-18,34.0,6.4,6.6
2012-10-19,2.0,0.0,0.0
2012-10-20,4.0,0.2,0.0
2012-10-22,0.0,0.0,0.0
2012-10-23,3.0,0.0,0.0
2012-10-25,43.0,5.6,6.1
2012-10-26,12.0,0.1,0.0
2012-10-27,0.0,16.3,16.9
2012-10-28,4.0,1.7,2.6
2012-10-30,5.0,3.0,3.7
2012-10-31,7.0,0.0,0.0
2012-11-01,0.0,8.9,6.3
2012-11-02,20.0,5.6,3.9
2012-11-03,14.0,5.7,4.0
2012-11-04,1.0,5.8,4.1
2012-11-05,1.0,0.0,0.0
2012-11-07,71.0,10.1,7.2
2012-11-08,100.0,0.0,0.0
2012-11-10,0.0,0.2,0.0
2012-11-11,0.0,3.3,2.4
2012-11-12,0.0,0.0,0.0
2012-11-13,0.0,0.0,0.0
2012-11-14,0.0,2.0,1.6
2012-11-15,0.0,39.5,36.6
2012-11-16,19.0,4.3,3.1
2012-11-17,8.0,0.1,0.0
2012-11-18,0.0,0.2,0.0
2012-11-19,1.0,10.7,8.1
2012-11-20,39.0,2.9,2.1
2012-11-21,3.0,2.8,0.0
2012-11-22,10.0,13.9,9.9
2012-11-23,9.0,12.9,9.0
2012-11-24,2.0,13.3,9.4
2012-11-25,3.0,0.0,0.0
2012-11-26,4.0,4.1,1.0
2012-11-27,11.0,0.1,0.0
2012-11-28,0.0,10.9,7.2
2012-11-29,30.0,0.9,0.0
2012-11-30,0.0,0.0,0.0
2012-12-02,0.0,3.2,2.3
2012-12-03,7.0,0.1,0.0
2012-12-04,2.0,0.2,0.0
2012-12-05,0.0,5.5,4.0
2012-12-06,5.0,10.2,7.7
2012-12-07,1.0,14.3,11.1
2012-12-08,31.0,0.0,0.0
2012-12-09,0.0,34.5,30.5
2012-12-10,30.0,5.1,3.7
2012-12-12,12.0,8.9,10.0
2012-12-13,11.0,2.2,1.5
2012-12-14,2.0,43.9,58.6
2012-12-15,30.0,1.9,1.0
2012-12-17,7.0,3.2,2.7
2012-12-18,0.0,1.9,1.1
2012-12-20,3.0,7.1,7.6
2012-12-21,1.0,2.4,1.1
2012-12-23,5.0,34.5,42.1
2012-12-24,7.0,11.5,12.1
2012-12-25,9.0,4.3,3.3
2012-12-26,14.0,15.2,16.7
2012-12-27,10.0,30.2,35.6
2012-12-28,37.0,11.8,12.4
2012-12-29,3.0,14.9,16.3
2012-12-30,5.0,20.1,24.5
2012-12-31,12.0,8.8,8.7
2013-08-29,2.9,1.5,3.8
2013-10-01,23.6,0.3,0.0
2013-10-05,15.3,0.0,0.0
2013-11-01,5.6,18.6,14.0
2013-11-02,69.3,4.0,2.9
2013-11-03,2.7,8.7,6.1
2013-11-04,7.3,18.9,14.3
2013-11-06,10.7,1.0,0.0
2013-11-09,0.0,0.0,0.0
2013-11-11,0.0,17.3,13.7
2013-11-25,60.9,9.5,5.8
2013-11-26,24.6,7.6,4.1
2013-12-01,11.9,13.1,10.1
2013-12-03,13.2,15.8,12.3
2013-12-04,2.7,19.4,15.4
2013-12-05,5.3,27.0,23.0
2014-04-01,0.0,0.2,0.0
2014-04-02,4.6,0.0,0.0
2014-04-04,9.4,3.6,2.3
2014-04-06,56.4,65.2,63.4
2014-04-07,53.8,65.2,63.4
2014-04-08,55.3,1.8,1.0
2014-04-09,0.0,24.1,18.4
2014-04-12,0.0,2.0,0.0
2014-04-13,31.1,17.3,13.9
2014-04-14,2.0,7.2,3.2
2014-04-15,1.7,2.0,0.0
2014-04-16,0.0,22.2,19.0
2014-04-17,5.2,37.9,43.7
2014-04-18,19.8,41.5,48.2
2014-04-19,18.1,11.0,7.2
2014-04-20,1.8,0.5,0.0
2014-04-24,18.9,23.8,23.4
2014-04-25,22.1,21.0,21.7
2014-04-26,0.7,9.4,8.6
2014-04-27,5.6,0.8,0.0
2014-04-28,5.1,2.4,1.8
2014-04-29,4.5,44.8,57.2
2014-04-30,5.5,36.4,44.9
2014-05-01,31.4,9.1,9.6
2014-05-03,14.8,0.2,0.0
2014-05-04,3.2,0.0,0.0
2014-05-06,0.0,1.5,1.9
2014-05-08,1.3,0.0,0.0
2014-05-10,5.2,5.0,5.4
2014-05-11,0.0,19.8,30.3
2014-05-12,10.8,18.7,29.5
2014-05-13,9.9,6.9,11.3
2014-05-15,1.7,4.4,7.6
2014-05-16,14.9,4.4,7.6
2014-05-17,1.1,1.0,2.6
2014-05-19,4.6,7.7,12.3
2014-05-20,2.9,4.9,8.4
2014-05-21,3.8,1.2,2.6
2014-05-22,1.3,0.0,0.0
2014-05-23,1.2,26.0,33.9
2014-05-25,9.1,0.5,0.0
2014-05-27,1.4,0.0,0.0
2014-10-30,7.4,0.0,0.0
2014-10-31,0.0,0.0,0.0
2014-11-01,0.0,0.0,0.0
2014-11-03,0.0,0.2,0.0
2014-11-04,1.0,0.5,0.0
2014-11-05,0.0,0.4,0.0
2014-11-06,0.0,5.9,4.1
2014-11-08,17.7,0.7,0.0
2014-11-12,0.0,0.0,0.0
2014-11-13,0.0,7.0,5.2
2014-11-14,3.3,3.8,2.8
2014-11-15,16.5,21.9,18.7
2014-11-16,36.8,0.5,0.0
2014-11-23,12.4,0.1,0.0
2014-11-29,7.7,0.1,0.0
2014-12-01,2.1,2.4,1.8
2014-12-02,4.2,8.0,5.9
2014-12-07,6.7,0.0,0.0
2014-12-11,8.4,31.6,40.3
2014-12-14,6.0,28.4,35.8
2014-12-17,39.0,11.0,12.7
2014-12-20,1.0,27.4,34.5
2014-12-22,7.4,7.6,7.2
2014-12-23,35.2,41.2,51.2
2014-12-24,60.8,11.2,11.7
2014-12-25,13.6,11.9,12.5
2014-12-26,8.0,0.6,0.0
2014-12-27,4.4,1.4,0.0
2014-12-28,0.0,5.7,5.0
2014-12-29,15.0,12.2,13.0
2014-12-30,6.4,39.7,49.9
2014-12-31,18.0,0.1,0.0
2015-01-01,2.2,2.5,4.0
2015-01-09,0.0,1.9,2.9
2015-01-13,0.0,0.3,0.0
2015-01-16,0.0,0.0,0.0
2015-01-19,3.0,5.1,7.5
2015-01-21,12.2,32.0,42.7
2015-01-22,7.2,2.1,1.4
2015-01-26,21.6,22.7,31.0
2015-01-29,21.4,20.3,26.6
2015-01-30,21.8,24.4,33.3
2015-02-07,6.7,9.8,12.8
2015-02-11,26.2,27.0,33.0
2015-02-19,6.6,24.2,29.5
2015-02-23,44.4,12.0,10.1
2015-02-27,0.3,18.6,16.3
2015-03-02,3.1,1.5,0.0
2015-03-09,6.4,7.5,6.2
2015-03-10,26.2,20.7,23.1
2015-03-11,6.3,7.1,6.0
2015-03-15,2.2,12.6,12.1
2015-03-16,33.6,4.2,2.7
2015-03-17,7.2,0.2,0.0
2015-03-19,63.8,7.7,6.7
2015-03-20,7.8,4.3,2.8
2015-03-21,8.8,39.2,43.8
2015-03-22,52.6,39.9,45.1
2015-03-23,28.4,24.3,26.4
2015-03-24,11.4,2.0,0.0
2015-03-25,7.0,2.1,0.0
2015-03-26,4.0,6.4,4.8
2015-03-27,21.0,25.0,27.1
2015-03-28,9.7,4.7,2.9
2015-03-29,3.8,0.0,0.0
2015-03-30,0.0,0.0,0.0
2015-03-31,0.0,34.2,38.2
2015-04-01,4.2,5.6,3.9
2015-04-02,29.2,29.5,19.8
2015-04-03,5.8,28.9,19.5
2015-04-04,12.4,1.7,1.0
2015-04-05,1.2,6.4,4.5
2015-04-06,28.0,38.3,29.4
2015-04-07,52.8,0.0,0.0
2015-04-09,0.0,0.0,0.0
2015-04-10,0.0,0.0,0.0
2015-04-11,1.9,15.0,11.4
2015-04-12,51.6,31.6,36.3
2015-04-13,26.2,6.9,2.9
2015-04-14,2.8,5.6,1.6
2015-04-15,8.6,1.4,0.0
2015-04-17,48.4,30.2,33.3
2015-04-18,14.8,15.5,12.0
2015-04-19,10.6,5.1,1.0
2015-04-20,28.1,24.8,26.9
2015-04-21,56.6,32.9,39.1
2015-04-22,13.4,10.1,9.4
2015-04-23,32.6,12.4,11.9
2015-04-24,28.2,38.5,48.6
2015-04-25,6.8,15.7,15.6
2015-04-26,52.0,8.6,7.9
2015-04-27,1.4,0.3,0.0
2015-04-28,0.0,27.9,31.2
2015-04-29,27.2,7.0,6.2
2015-04-30,53.7,22.9,23.7
2015-05-01,1.4,11.5,12.1
2015-05-02,1.4,25.9,26.7
2015-05-03,33.6,34.1,33.4
2015-05-04,41.0,24.0,24.5
2015-05-06,11.4,3.7,4.1
2015-05-07,4.0,4.8,5.2
2015-05-08,61.4,0.0,0.0
2015-05-10,4.2,0.0,0.0
2015-05-11,0.0,0.0,0.0
2015-05-12,0.0,5.4,9.1
2015-05-13,3.6,14.1,21.9
2015-05-14,4.8,0.4,0.0
2015-05-15,0.2,0.0,0.0
2015-05-17,10.6,0.0,0.0
2015-05-18,0.0,0.0,0.0
2015-05-19,0.0,0.0,0.0
2015-05-20,0.0,0.0,0.0
2015-05-21,0.0,1.1,2.4
2015-05-22,0.8,1.5,3.0
2015-05-23,0.0,0.0,0.0
2015-05-24,0.0,0.0,0.0
2015-05-25,0.0,0.0,0.0
2015-05-27,0.0,0.0,0.0
2015-05-29,4.8,8.5,11.9
2015-05-30,3.8,7.4,10.6
2015-05-31,0.0,0.0,0.0
2015-06-01,2.0,25.6,36.8
2015-06-02,13.0,9.2,11.8
2015-06-03,10.2,11.4,14.3
2015-06-04,9.4,7.0,9.1
2015-06-05,1.0,1.2,2.0
2015-06-06,6.0,1.2,2.0
2015-06-07,6.0,0.0,0.0
2015-06-08,4.2,7.6,9.8
2015-06-09,4.0,2.0,3.1
2015-06-10,3.5,2.2,3.3
2015-06-11,6.7,1.3,3.0
2015-06-12,10.4,0.0,0.0
2015-06-14,5.8,0.0,0.0
2015-06-17,27.2,0.2,0.0
2015-06-19,1.0,22.6,33.0
2015-06-20,3.0,0.0,0.0
2015-06-21,0.0,0.0,0.0
2015-06-23,2.5,30.0,34.2
2015-06-24,19.9,0.5,0.0
2015-06-26,0.0,0.0,0.0
2015-06-28,12.2,0.0,0.0
2015-07-01,0.0,0.0,0.0
2015-07-02,0.0,0.0,0.0
2015-07-03,0.0,0.0,0.0
2015-07-04,0.0,0.0,0.0
2015-07-06,0.0,0.0,0.0
2015-07-07,0.0,0.0,0.0
2015-07-08,0.0,0.0,0.0
2015-07-11,0.0,0.0,0.0
2015-07-12,0.0,0.0,0.0
2015-07-14,0.0,0.0,0.0
2015-07-16,0.0,0.0,0.0
2015-07-17,1.8,0.0,0.0
2015-07-19,1.6,0.0,0.0
2015-07-20,0.0,0.0,0.0
2015-07-21,0.0,0.0,0.0
2015-07-23,0.0,0.0,0.0
2015-07-24,0.6,0.0,0.0
2015-07-26,4.4,0.8,3.7
2015-07-27,6.8,2.6,6.6
2015-07-28,2.2,0.0,0.0
2015-07-29,0.8,0.3,0.0
2015-07-30,0.4,0.0,0.0
2015-07-31,3.4,0.0,0.0
2015-08-01,0.4,0.0,0.0
2015-08-05,0.0,0.0,0.0
2015-08-06,0.0,0.2,0.0
2015-08-07,0.0,1.1,2.2
2015-08-08,0.0,0.0,0.0
2015-08-09,0.0,0.0,0.0
2015-08-10,0.0,0.0,0.0
2015-08-11,0.0,0.0,0.0
2015-08-12,0.0,0.0,0.0
2015-08-15,0.0,0.0,0.0
2015-08-16,0.2,0.0,0.0
2015-08-17,0.0,0.0,0.0
2015-08-19,0.0,0.0,0.0
2015-08-21,0.0,0.0,0.0
2015-08-22,0.0,0.0,0.0
2015-08-23,0.0,0.7,0.0
2015-08-25,20.0,0.0,0.0
2015-08-26,0.0,0.0,0.0
2015-08-27,0.0,0.0,0.0
2015-08-28,0.0,0.0,0.0
2015-08-29,0.0,0.0,0.0
2015-08-30,0.0,0.0,0.0
2015-08-31,0.0,0.0,0.0
2015-09-01,0.0,0.0,0.0
2015-09-02,0.0,0.0,0.0
2015-09-03,0.0,0.0,0.0
2015-09-04,0.0,0.0,0.0
2015-09-05,0.0,0.0,0.0
2015-09-06,0.0,0.0,0.0
2015-09-07,0.4,0.0,0.0
2015-09-08,0.0,0.0,0.0
2015-09-09,0.0,0.0,0.0
2015-09-10,0.0,0.0,0.0
2015-09-11,0.0,0.0,0.0
2015-09-12,0.0,0.0,0.0
2015-09-13,0.0,0.0,0.0
2015-09-14,0.0,0.0,0.0
2015-09-15,0.0,0.0,0.0
2015-09-16,0.0,0.0,0.0
2015-09-17,0.0,0.0,0.0
2015-09-18,0.0,0.0,0.0
2015-09-19,0.0,0.0,0.0
2015-09-20,0.0,1.6,2.5
2015-09-21,0.4,0.0,0.0
2015-09-22,0.0,0.0,0.0
2015-09-23,0.0,0.0,0.0
2015-09-24,0.0,0.0,0.0
2015-09-25,0.0,0.0,0.0
2015-09-26,0.0,0.0,0.0
2015-09-27,0.0,0.0,0.0
2015-09-28,0.0,0.0,0.0
2015-09-29,0.0,0.0,0.0
2015-09-30,0.0,0.0,0.0
2015-10-01,0.0,0.0,0.0
2015-10-02,0.0,0.0,0.0
2015-10-03,0.0,0.0,0.0
2015-10-04,0.0,0.0,0.0
2015-10-05,0.0,2.5,4.8
2015-10-06,18.8,0.0,0.0
2015-10-07,0.0,0.0,0.0
2015-10-08,0.0,0.0,0.0
2015-10-09,0.0,0.0,0.0
2015-10-12,0.0,0.0,0.0
2015-10-13,0.0,0.0,0.0
2015-10-14,0.0,0.0,0.0
2015-10-15,0.0,0.0,0.0
2015-10-16,0.0,0.0,0.0
2015-10-17,0.0,0.0,0.0
2015-10-18,0.0,0.0,0.0
2015-10-19,0.0,0.0,0.0
2015-10-20,0.0,0.0,0.0
2015-10-21,0.0,0.0,0.0
2015-10-22,0.0,0.0,0.0
2015-10-23,0.0,0.0,0.0
2015-10-24,0.0,0.0,0.0
2015-10-25,0.0,0.0,0.0
2015-10-27,0.0,0.0,0.0
2015-10-28,0.0,16.4,16.8
2015-10-29,2.2,6.1,6.6
2015-10-31,0.0,10.3,10.7
2015-11-01,10.6,0.3,0.0
2015-11-02,20.2,3.3,2.5
2015-11-03,0.0,0.0,0.0
2015-11-04,0.0,32.2,25.2
2015-11-05,4.2,6.3,4.4
2015-11-06,53.8,6.7,4.7
2015-11-07,18.8,0.0,0.0
2015-11-09,2.4,21.9,16.7
2015-11-10,19.2,19.7,14.8
2015-11-11,10.8,0.5,0.0
2015-11-12,0.0,2.7,2.0
2015-11-13,0.0,0.0,0.0
2015-11-15,37.1,6.1,4.5
2015-11-16,5.4,1.5,1.2
2015-11-17,0.0,0.2,0.0
2015-11-19,2.4,0.0,0.0
2015-11-22,0.0,0.0,0.0
2015-11-23,0.0,0.0,0.0
2015-11-25,0.0,0.0,0.0
2015-11-26,0.4,0.0,0.0
2015-11-27,0.8,0.0,0.0
2015-11-28,1.4,1.6,0.0
2015-11-29,0.0,1.3,0.0
2015-12-01,0.0,0.0,0.0
2015-12-02,0.0,0.7,0.0
2015-12-04,24.4,20.4,16.3
2015-12-05,34.0,31.5,27.5
2015-12-06,33.0,10.9,8.3
2015-12-07,2.0,5.4,3.9
2015-12-08,0.8,18.1,14.3
2015-12-09,9.4,0.2,0.0
2015-12-15,6.0,29.8,38.6
2015-12-16,15.6,32.0,43.1
2015-12-17,12.2,6.0,6.3
2015-12-19,0.0,0.0,0.0
2015-12-20,0.0,0.1,0.0
2015-12-22,0.0,28.2,33.2
2015-12-23,17.8,46.0,59.5
2015-12-24,50.0,14.9,16.4
2015-12-26,34.2,8.8,8.6
2015-12-27,6.4,29.3,34.0
2015-12-28,30.8,14.6,16.0
2015-12-29,14.6,1.0,0.0
2015-12-30,4.1,5.0,4.1
2015-12-31,0.8,41.4,52.0
2016-01-01,15.6,9.1,14.4
2016-01-02,54.4,0.7,1.0
2016-01-03,2.6,0.1,0.0
2016-01-05,10.8,0.0,0.0
2016-01-06,0.0,0.0,0.0
2016-01-07,0.0,0.0,0.0
2016-01-09,0.8,0.0,0.0
2016-01-10,7.6,0.0,0.0
2016-01-12,0.0,0.0,0.0
2016-01-16,1.0,7.9,11.0
2016-01-17,18.8,1.8,3.3
2016-01-18,5.6,31.1,40.2
2016-01-19,8.1,4.2,6.3
2016-01-20,8.4,1.6,3.0
2016-01-22,36.6,11.0,12.7
2016-01-23,3.4,27.7,37.7
2016-01-25,21.6,0.1,0.0
2016-01-26,0.4,17.6,21.8
2016-01-27,25.0,3.2,3.0
2016-01-28,2.4,3.0,2.7
2016-02-14,6.2,0.0,0.0
2016-02-17,2.8,10.2,11.1
2016-02-18,5.8,12.5,13.8
2016-02-19,24.4,2.6,2.1
2016-02-20,14.0,3.5,3.2
2016-02-21,1.9,1.3,1.0
2016-02-22,4.0,0.4,0.0
2016-02-23,32.6,1.2,0.0
2016-02-24,1.4,21.5,21.5
2016-02-25,47.8,9.0,7.2
2016-02-26,5.0,16.6,14.5
2016-02-27,24.4,11.5,9.6
2016-02-28,20.2,28.5,30.2
2016-02-29,36.1,0.6,0.0
2016-03-02,4.6,1.2,0.0
2016-03-03,2.8,19.5,18.4
2016-03-04,3.8,10.6,9.5
2016-03-05,7.0,18.7,18.3
2016-03-06,63.8,19.5,18.4
2016-03-07,15.6,3.7,2.0
2016-03-09,30.2,7.2,5.8
2016-03-10,15.4,29.9,31.0
2016-03-11,8.0,1.1,0.0
2016-03-12,1.4,23.4,27.3
2016-03-13,15.6,8.2,7.2
2016-03-14,5.6,17.0,16.7
2016-03-15,5.2,89.6,91.2
2016-03-16,18.4,54.1,73.3
2016-03-17,28.4,1.1,0.0
2016-03-18,9.0,2.8,1.1
2016-03-19,13.6,1.5,0.0
2016-03-20,14.8,4.4,2.9
2016-03-21,39.8,4.8,3.0
2016-03-22,18.4,4.2,2.3
2016-03-23,24.2,20.0,20.4
2016-03-26,0.4,21.6,23.7
2016-03-28,2.0,19.9,19.9
2016-03-29,38.2,17.9,17.2
2016-03-30,13.6,35.6,40.6
2016-03-31,27.2,7.6,6.0
2016-04-01,17.4,29.8,19.9
2016-04-02,67.2,1.0,0.0
2016-04-03,2.4,5.4,3.8
2016-04-04,8.2,9.4,7.0
2016-04-05,66.0,1.4,1.0
2016-04-06,11.2,0.0,0.0
2016-04-08,7.6,31.6,22.4
2016-04-09,15.6,35.4,26.1
2016-04-10,19.0,23.3,18.2
2016-04-11,21.4,2.9,0.0
2016-04-12,0.0,49.8,57.3
2016-04-13,19.2,9.5,5.6
2016-04-14,0.4,43.9,51.2
2016-04-15,62.8,12.2,8.5
2016-04-17,33.2,4.9,1.0
2016-04-18,0.4,3.3,0.0
2016-04-19,5.0,5.9,1.9
2016-04-20,2.8,10.0,6.2
2016-04-21,17.0,3.0,2.4
2016-04-22,2.6,4.3,3.5
2016-04-23,0.0,0.3,0.0
2016-04-24,16.0,0.0,0.0
2016-04-25,0.0,18.6,19.1
2016-04-26,12.2,26.4,28.5
2016-04-27,33.0,14.7,14.4
2016-04-28,38.8,18.5,18.8
2016-04-29,9.4,20.5,21.1
2016-04-30,4.8,6.8,6.0
2016-05-01,20.4,14.4,15.1
2016-05-02,0.0,9.6,10.1
2016-05-03,2.2,0.1,0.0
2016-05-04,2.0,3.1,3.5
2016-05-06,2.0,19.8,20.7
2016-05-07,32.4,17.5,18.3
2016-05-08,18.2,0.0,0.0
2016-05-10,14.2,0.0,0.0
2016-05-11,7.0,0.0,0.0
2016-05-12,0.0,0.0,0.0
2016-05-13,0.0,0.0,0.0
2016-05-15,0.0,3.6,6.4
2016-05-16,0.0,3.4,6.1
2016-05-17,4.6,17.7,26.1
2016-05-18,14.6,0.5,0.0
2016-05-19,1.2,20.5,32.3
2016-05-20,33.8,8.2,13.1
2016-05-21,58.4,0.0,0.0
2016-05-22,2.4,0.0,0.0
2016-05-23,1.0,17.9,23.9
2016-05-24,48.2,0.0,0.0
2016-05-25,5.2,19.8,23.1
2016-05-26,9.8,19.5,22.3
2016-05-27,42.8,0.3,0.0
2016-05-28,0.0,0.1,0.0
2016-05-29,34.4,13.0,17.9
2016-05-30,7.4,0.0,0.0
2016-05-31,0.0,0.0,0.0
2016-06-01,0.0,6.1,8.1
2016-06-02,0.6,0.0,0.0
2016-06-03,0.0,18.5,26.9
2016-06-04,3.6,15.1,18.7
2016-06-05,5.0,0.0,0.0
2016-06-06,0.2,0.0,0.0
2016-06-08,0.2,0.0,0.0
2016-06-10,0.0,16.0,20.0
2016-06-11,11.0,0.0,0.0
2016-06-12,0.0,3.4,6.0
2016-06-13,1.4,0.0,0.0
2016-06-14,1.0,9.6,14.8
2016-06-15,3.4,0.0,0.0
2016-06-16,0.0,0.0,0.0
2016-06-17,0.4,20.0,30.1
2016-06-18,6.0,23.3,35.4
2016-06-19,31.2,14.2,21.3
2016-06-20,0.2,6.5,10.6
2016-06-21,3.5,20.1,21.8
2016-06-22,3.9,4.0,7.5
2016-06-23,11.8,15.6,20.4
2016-06-24,9.1,30.0,35.8
2016-06-25,25.5,0.0,0.0
2016-06-26,29.7,30.5,35.2
2016-06-27,19.3,1.8,4.9
2016-06-28,2.8,41.1,47.0
2016-06-29,28.8,7.9,11.8
2016-06-30,0.4,0.0,0.0
2016-07-01,0.0,3.7,3.7
2016-07-02,0.5,4.9,4.9
2016-07-03,0.9,0.0,0.0
2016-07-04,0.0,0.0,0.0
2016-07-06,0.0,0.0,0.0
2016-07-07,0.0,0.0,0.0
2016-07-08,0.0,0.8,0.0
2016-07-09,0.0,9.4,9.7
2016-07-10,23.1,0.9,0.0
2016-07-11,0.0,8.1,8.6
2016-07-12,26.8,0.3,0.0
2016-07-13,14.6,3.6,4.9
2016-07-14,1.3,0.0,0.0
2016-07-15,1.3,12.5,12.5
2016-07-16,0.1,4.6,5.8
2016-07-18,3.7,50.1,45.3
2016-07-19,18.5,0.7,0.0
2016-07-20,10.5,0.6,0.0
2016-07-22,23.0,0.0,0.0
2016-07-25,0.0,0.0,0.0
2016-07-27,0.0,0.0,0.0
2016-07-28,0.0,0.0,0.0
2016-07-29,0.0,0.0,0.0
2016-07-30,0.0,0.0,0.0
2016-07-31,0.0,0.0,0.0
2016-08-01,0.0,8.5,12.4
2016-08-02,6.9,15.1,22.2
2016-08-03,5.7,18.1,29.0
2016-08-04,28.8,1.1,2.2
2016-08-05,0.1,6.5,9.6
2016-08-06,29.2,0.4,0.0
2016-08-08,0.0,0.0,0.0
2016-08-09,0.0,0.2,0.0
2016-08-10,0.0,0.0,0.0
2016-08-11,0.0,7.9,11.7
2016-08-12,0.4,0.0,0.0
2016-08-14,0.0,4.6,8.1
2016-08-15,12.6,8.1,11.5
2016-08-16,1.5,0.0,0.0
2016-08-18,0.0,0.0,0.0
2016-08-19,0.0,0.0,0.0
2016-08-20,9.8,0.0,0.0
2016-08-22,5.8,0.0,0.0
2016-08-24,5.4,9.1,13.0
2016-08-25,0.0,10.7,15.0
2016-08-26,24.1,7.2,10.5
2016-08-27,4.5,0.0,0.0
2016-08-28,0.0,0.0,0.0
2016-08-29,0.0,0.0,0.0
2016-08-30,0.0,0.0,0.0
2016-08-31,0.0,6.7,10.0
2016-09-01,0.0,0.0,0.0
2016-09-02,0.0,0.0,0.0
2016-09-04,0.0,7.2,12.8
2016-09-05,0.5,0.0,0.0
2016-09-06,0.0,3.1,6.6
2016-09-07,0.0,0.1,0.0
2016-09-08,0.0,0.0,0.0
2016-09-10,0.0,1.3,3.6
2016-09-11,0.0,0.2,0.0
2016-09-12,0.0,0.2,0.0
2016-09-13,2.3,25.1,42.7
2016-09-14,33.6,16.9,22.3
2016-09-15,9.0,19.8,30.3
2016-09-16,10.2,1.6,2.5
2016-09-18,1.0,16.7,22.0
2016-09-19,31.3,1.9,2.9
2016-09-20,2.5,19.2,29.2
2016-09-21,5.3,9.6,11.1
2016-09-22,2.5,40.6,37.8
2016-09-23,18.0,8.0,10.3
2016-09-24,15.2,44.3,41.0
2016-09-25,30.7,0.9,0.0
2016-09-26,0.0,0.0,0.0
2016-09-28,2.4,11.2,12.0
2016-09-29,7.0,18.3,17.8
2016-09-30,22.1,0.4,0.0
2016-10-01,27.2,52.2,74.8
2016-10-02,8.9,2.2,4.3
2016-10-04,6.0,3.7,6.3
2016-10-05,0.0,1.8,3.9
2016-10-07,0.2,10.6,15.3
2016-10-08,3.3,27.2,35.8
2016-10-10,51.7,0.5,0.0
2016-10-11,0.4,1.9,2.7
2016-10-12,11.2,19.5,18.9
2016-10-13,43.7,4.2,4.6
2016-10-14,20.3,2.3,3.1
2016-10-15,16.7,0.0,0.0
2016-10-16,0.0,0.0,0.0
2016-10-17,0.0,0.0,0.0
2016-10-18,0.7,9.4,9.4
2016-10-19,0.2,15.5,15.5
2016-10-20,6.5,18.4,18.1
2016-10-21,3.9,39.5,47.9
2016-10-22,24.5,39.5,48.5
2016-10-23,34.8,5.3,5.9
2016-10-24,0.4,13.4,14.2
2016-10-25,36.6,26.2,28.3
2016-10-26,2.7,9.6,10.0
2016-10-27,28.6,27.5,31.4
2016-10-28,37.4,38.9,47.2
2016-10-30,2.2,0.0,0.0
2016-10-31,0.0,1.3,2.3
2016-11-01,28.2,10.3,7.3
2016-11-02,5.3,0.0,0.0
2016-11-03,0.1,0.0,0.0
2016-11-04,0.0,1.2,0.0
2016-11-05,0.0,0.4,0.0
2016-11-07,1.1,34.9,28.4
2016-11-08,16.7,6.3,4.4
2016-11-10,3.4,2.1,1.7
2016-11-11,0.0,20.0,17.0
2016-11-14,12.1,2.8,2.1
2016-11-15,0.2,1.5,1.2
2016-11-16,8.6,2.1,1.6
2016-11-17,7.8,14.8,11.3
2016-11-18,14.7,19.4,14.9
2016-11-19,5.9,7.9,5.9
2016-11-20,0.3,0.0,0.0
2016-11-21,0.0,29.4,27.2
2016-11-22,37.2,4.9,1.7
2016-11-23,0.6,8.6,5.0
2016-11-24,0.7,2.7,0.0
2016-11-28,11.0,7.1,3.6
2016-11-29,34.3,18.8,14.8
2016-12-01,0.0,6.1,4.5
2016-12-02,0.3,22.0,18.1
2016-12-03,11.9,2.5,1.9
2016-12-05,0.4,2.2,1.7
2016-12-06,0.5,9.9,7.5
2016-12-07,8.2,0.1,0.0
2016-12-08,0.0,0.0,0.0
2016-12-09,0.0,0.0,0.0
2016-12-11,19.2,1.1,1.0
2016-12-12,0.8,37.6,49.9
2016-12-13,29.7,15.9,19.1
2016-12-14,5.3,1.1,1.0
2016-12-15,0.0,0.4,0.0
2016-12-16,0.0,7.4,8.1
2016-12-17,0.0,6.0,6.3
2016-12-18,1.9,0.3,0.0
2016-12-19,0.0,7.0,7.5
2016-12-20,7.9,1.1,1.0
2016-12-21,0.0,3.1,1.9
2016-12-22,0.0,0.1,0.0
2016-12-23,0.4,4.0,2.9
2016-12-24,0.0,0.1,0.0
2016-12-25,0.0,0.7,0.0
2016-12-26,0.0,0.8,0.0
2016-12-29,2.2,45.5,59.6
2016-12-30,46.2,5.8,5.1
2016-12-31,3.8,4.1,3.0
2017-01-01,0.0,0.6,0.0
2017-01-02,0.0,1.2,1.8
2017-01-03,0.0,1.9,3.0
2017-01-04,0.1,4.0,6.4
2017-01-06,0.0,0.3,0.0
2017-01-07,0.0,0.9,1.2
2017-01-08,0.0,0.5,0.0
2017-01-09,0.0,0.0,0.0
2017-01-11,0.0,0.0,0.0
2017-01-12,0.0,6.2,8.9
2017-01-13,0.6,0.1,0.0
2017-01-15,0.0,52.2,69.6
2017-01-16,13.7,19.6,22.1
2017-01-17,15.6,21.7,26.1
2017-01-18,13.4,1.7,3.2
2017-01-19,8.8,6.6,9.4
2017-01-20,2.1,27.9,35.2
2017-01-21,20.5,2.2,1.7
2017-01-22,1.0,25.1,34.5
2017-01-23,14.5,0.4,0.0
2017-01-24,9.8,8.2,9.2
2017-01-25,4.3,3.5,3.4
2017-01-26,14.2,9.2,10.4
2017-01-27,11.6,3.0,2.7
2017-01-28,6.2,6.0,6.5
2017-01-29,3.8,2.6,2.1
2017-02-01,0.0,0.0,0.0
2017-02-02,0.0,0.0,0.0
2017-02-03,0.0,0.2,0.0
2017-02-04,0.0,0.2,0.0
2017-02-05,0.0,0.0,0.0
2017-02-06,0.0,0.7,0.0
2017-02-07,0.0,0.0,0.0
2017-02-09,0.0,0.0,0.0
2017-02-10,0.0,3.5,4.3
2017-02-11,0.0,4.0,3.8
2017-02-12,3.3,7.0,7.3
2017-02-13,2.5,16.7,18.7
2017-02-14,26.6,10.7,11.7
2017-02-15,11.7,11.7,12.9
2017-02-16,5.5,3.5,3.2
2017-02-17,12.6,15.9,17.6
2017-02-18,14.6,13.0,14.5
2017-02-19,18.0,22.4,26.4
2017-02-20,32.3,11.7,12.9
2017-02-21,5.2,1.6,1.0
2017-02-22,20.6,39.5,40.2
2017-02-23,9.6,0.1,0.0
2017-02-24,0.5,6.2,4.6
2017-02-25,15.5,39.7,41.8
2017-02-26,54.9,0.8,0.0
2017-02-27,0.5,10.2,8.3
2017-03-01,5.1,14.0,13.1
2017-03-02,7.3,0.2,0.0
2017-03-03,0.0,3.8,2.1
2017-03-04,8.5,6.7,5.4
2017-03-05,4.0,22.5,25.0
2017-03-06,11.3,10.0,8.9
2017-03-07,13.8,10.0,8.9
2017-03-08,0.2,5.4,3.9
2017-03-09,1.0,0.2,0.0
2017-03-12,21.7,5.4,4.1
2017-03-13,11.3,8.9,7.9
2017-03-14,25.7,7.5,6.4
2017-03-15,1.8,10.1,9.3
2017-03-16,10.6,10.3,9.5
2017-03-17,2.2,19.3,23.3
2017-03-18,40.0,5.8,4.6
2017-03-19,1.5,26.7,31.3
2017-03-20,5.9,9.5,8.6
2017-03-21,13.6,30.2,34.7
2017-03-22,41.4,0.5,0.0
2017-03-23,0.0,0.0,0.0
2017-03-25,0.0,19.2,18.4
2017-03-26,5.7,3.3,1.2
2017-03-27,5.5,30.1,33.7
2017-03-28,39.8,19.4,18.9
2017-03-29,3.3,8.1,6.7
2017-03-30,4.1,31.2,35.0
2017-03-31,47.4,17.5,16.7
2017-04-01,6.3,1.6,1.0
2017-04-02,0.2,1.2,0.0
2017-04-04,4.2,13.5,10.3
2017-04-05,1.3,3.2,2.0
2017-04-06,0.0,0.5,0.0
2017-04-08,0.6,11.2,8.4
2017-04-10,9.5,2.9,1.8
2017-04-11,6.4,4.8,1.0
2017-04-12,1.8,4.9,1.0
2017-04-13,0.8,20.1,17.0
2017-04-14,43.7,14.8,11.3
2017-04-15,28.9,0.4,0.0
2017-04-16,0.1,0.2,0.0
2017-04-18,7.2,5.1,1.1
2017-04-20,33.4,3.6,0.0
2017-04-21,21.7,15.6,15.4
2017-04-22,6.8,20.4,20.8
2017-04-23,18.6,17.0,17.1
2017-04-24,10.0,3.2,2.6
2017-04-26,2.7,0.0,0.0
2017-04-27,8.7,3.5,2.8
2017-04-28,2.7,3.8,3.0
2017-04-29,0.4,15.5,15.4
2017-04-30,25.1,0.0,0.0
2017-05-02,5.0,15.7,16.4
2017-05-03,1.3,10.2,10.8
2017-05-04,0.6,2.2,2.6
2017-05-05,25.4,0.0,0.0
2017-05-06,0.0,18.2,19.1
2017-05-07,12.3,37.0,36.3
2017-05-08,41.8,2.5,2.8
2017-05-09,8.9,0.0,0.0
2017-05-11,0.4,9.7,15.8
2017-05-12,1.0,6.4,10.6
2017-05-13,0.3,0.2,0.0
2017-05-14,2.7,1.8,3.7
2017-05-15,0.8,1.7,3.6
2017-05-16,0.0,0.0,0.0
2017-05-18,2.4,14.4,21.4
2017-05-19,3.0,1.0,2.6
2017-05-20,0.5,0.2,0.0
2017-05-21,1.8,1.3,2.6
2017-05-22,14.6,3.2,5.2
2017-05-24,0.8,7.4,10.5
2017-05-25,2.3,1.7,3.2
2017-05-26,0.5,12.4,17.6
2017-05-27,1.0,11.4,15.5
2017-05-28,14.0,7.9,11.1
2017-05-29,3.8,27.9,37.6
2017-05-30,36.2,23.6,30.5
2017-05-31,8.0,3.6,5.7
2017-06-01,6.7,11.5,14.5
2017-06-02,3.0,27.6,40.0
2017-06-03,20.1,10.9,13.7
2017-06-04,2.6,4.8,6.5
2017-06-05,5.0,48.0,61.4
2017-06-06,83.7,11.0,13.8
2017-06-07,24.1,3.6,5.0
2017-06-08,10.3,3.2,4.5
2017-06-10,2.1,8.9,11.4
2017-06-11,0.8,7.8,12.3
2017-06-12,1.8,1.0,2.5
2017-06-13,3.0,5.7,9.4
2017-06-14,3.0,11.5,17.1
2017-06-15,0.0,0.5,0.0
2017-06-16,0.2,4.0,6.9
2017-06-18,0.4,0.0,0.0
2017-06-19,3.8,2.5,4.7
2017-06-20,0.2,31.7,51.6
2017-06-21,46.9,3.0,6.3
2017-06-22,2.8,23.1,25.8
2017-06-23,5.9,0.0,0.0
2017-06-25,2.2,4.5,8.1
2017-06-26,0.9,9.7,13.4
2017-06-27,1.0,5.1,8.7
2017-06-28,7.1,0.1,0.0
2017-06-29,2.9,12.1,17.5
2017-06-30,0.0,3.4,6.8
2017-07-01,20.8,5.1,5.2
2017-07-02,6.5,1.9,2.0
2017-07-03,0.0,31.3,37.8
2017-07-04,4.1,0.5,0.0
2017-07-05,3.1,21.0,23.1
2017-07-07,13.2,0.0,0.0
2017-07-08,0.3,2.3,2.3
2017-07-09,0.9,0.1,0.0
2017-07-10,0.6,10.6,10.9
2017-07-11,11.6,4.1,5.4
2017-07-12,3.2,0.7,0.0
2017-07-13,1.5,28.3,24.0
2017-07-14,8.1,12.4,12.7
2017-07-15,24.6,0.2,0.0
2017-07-17,0.0,5.6,6.6
2017-07-18,6.2,10.6,10.6
2017-07-20,0.2,0.7,0.0
2017-07-21,0.0,0.4,0.0
2017-07-23,0.0,0.0,0.0
2017-07-24,0.0,4.4,9.5
2017-07-25,0.1,0.0,0.0
2017-07-26,0.0,0.2,0.0
2017-07-27,11.2,5.3,11.7
2017-07-28,32.7,1.4,4.6
2017-07-29,0.0,0.1,0.0
2017-07-30,0.0,0.1,0.0
2017-08-01,0.7,0.0,0.0
2017-08-02,14.8,0.2,0.0
2017-08-03,0.9,0.5,0.0
2017-08-05,0.0,0.0,0.0
2017-08-07,0.8,3.4,5.3
2017-08-08,14.3,0.0,0.0
2017-08-10,0.0,2.3,3.8
2017-08-12,2.7,10.6,14.9
2017-08-13,10.4,0.0,0.0
2017-08-14,0.0,0.0,0.0
2017-08-16,0.9,0.0,0.0
2017-08-17,0.2,20.8,30.3
2017-08-18,10.0,7.9,13.3
2017-08-19,50.8,3.2,7.1
2017-08-20,0.0,0.0,0.0
2017-08-21,1.2,0.0,0.0
2017-08-22,0.0,10.6,14.9
2017-08-23,25.8,3.1,5.6
2017-08-24,4.1,11.8,16.5
2017-08-25,0.0,0.0,0.0
2017-08-26,0.0,0.0,0.0
2017-08-28,0.0,3.8,6.4
2017-08-29,0.0,0.0,0.0
2017-08-31,0.0,1.5,3.8
2017-09-01,0.0,1.5,4.0
2017-09-02,0.4,0.4,0.0
2017-09-04,1.6,0.3,0.0
2017-09-05,0.0,0.0,0.0
2017-09-06,0.0,0.0,0.0
2017-09-07,0.0,2.3,5.2
2017-09-09,11.8,0.0,0.0
2017-09-10,1.9,0.7,2.5
2017-09-11,2.8,0.2,0.0
2017-09-12,0.4,0.0,0.0
2017-09-13,0.0,25.8,44.7
2017-09-14,12.8,1.0,1.4
2017-09-15,0.0,0.1,0.0
2017-09-17,3.0,0.0,0.0
2017-09-18,0.0,0.0,0.0
2017-09-19,0.0,0.0,0.0
2017-09-21,1.0,1.3,3.5
2017-09-22,0.4,1.2,3.4
2017-09-23,0.8,13.6,15.1
2017-09-24,6.0,77.2,67.8
2017-09-25,62.4,37.1,33.4
2017-09-26,15.8,0.0,0.0
2017-09-27,0.0,0.0,0.0
2017-09-30,0.0,27.4,23.2
2017-10-02,3.1,2.0,4.1
2017-10-03,4.9,2.0,4.0
2017-10-04,1.4,7.0,11.7
2017-10-05,44.6,0.0,0.0
2017-10-06,2.4,0.0,0.0
2017-10-07,0.0,0.3,0.0
2017-10-08,8.2,2.8,5.1
2017-10-09,5.8,12.2,16.0
2017-10-10,0.0,0.8,2.5
2017-10-11,0.0,0.2,0.0
2017-10-13,0.0,0.0,0.0
2017-10-14,0.0,1.0,2.0
2017-10-15,0.0,41.8,43.0
2017-10-16,10.9,4.0,4.5
2017-10-17,24.1,12.5,12.1
2017-10-18,7.6,2.0,2.8
2017-10-19,18.5,0.4,0.0
2017-10-22,0.0,2.3,3.1
2017-10-24,34.1,11.4,11.9
2017-10-25,20.3,32.8,38.8
2017-10-26,0.5,18.1,18.1
2017-10-27,31.8,6.7,7.2
2017-10-28,1.0,0.2,0.0
2017-10-30,23.2,14.6,14.9
2017-10-31,33.2,8.2,8.6
2017-11-02,0.0,2.8,2.1
2017-11-03,22.2,0.0,0.0
2017-11-05,73.1,2.4,1.9
2017-11-06,8.6,0.7,0.0
2017-11-08,0.8,0.5,0.0
2017-11-09,6.2,0.0,0.0
2017-11-12,41.8,16.8,13.4
2017-11-13,15.6,5.4,3.9
2017-11-14,5.6,46.3,42.5
2017-11-15,68.5,26.0,23.1
2017-11-16,20.4,4.7,3.5
2017-11-18,0.0,36.5,33.3
2017-11-19,8.0,17.7,13.7
2017-11-20,42.1,20.8,17.9
2017-11-21,13.7,11.5,7.7
2017-11-22,10.6,16.4,12.4
2017-11-23,4.2,24.3,20.5
2017-11-24,91.0,4.2,1.1
2017-11-25,6.5,0.3,0.0
2017-11-27,38.3,5.8,2.5
2017-11-29,3.4,0.6,0.0
2017-11-30,0.0,0.6,0.0
2017-12-04,0.6,14.2,11.0
2017-12-05,13.8,12.6,9.7
2017-12-06,4.1,7.5,5.6
2017-12-07,9.1,5.0,3.7
2017-12-08,0.0,0.4,0.0
2017-12-09,0.0,0.5,0.0
2017-12-10,0.0,11.4,8.7
2017-12-11,2.1,3.1,2.5
2017-12-12,3.8,22.9,29.8
2017-12-13,13.3,0.8,0.0
2017-12-14,0.0,0.1,0.0
2017-12-15,0.0,2.5,1.9
2017-12-16,0.0,0.3,0.0
2017-12-17,0.0,2.2,1.4
2017-12-20,1.2,7.9,8.7
2017-12-21,5.2,2.2,1.0
2017-12-25,0.0,1.9,1.0
2017-12-26,0.4,7.0,6.5
2017-12-27,6.0,15.5,17.1
2017-12-28,38.9,26.7,30.8
2017-12-30,15.9,0.9,0.0
2018-01-01,1.7,43.5,78.6
2018-01-02,63.9,9.3,14.7
2018-01-03,7.1,7.1,11.3
2018-01-04,1.9,15.8,25.6
2018-01-05,3.5,10.1,16.0
2018-01-06,64.2,1.2,1.9
2018-01-07,24.3,1.1,1.6
2018-01-08,3.8,24.0,39.7
2018-01-09,4.3,0.1,0.0
2018-01-10,0.0,2.9,4.6
2018-01-11,2.1,15.6,21.0
2018-01-12,5.1,21.6,26.0
2018-01-13,5.1,1.8,3.3
2018-01-15,1.4,4.1,6.3
2018-01-18,0.0,0.2,0.0
2018-01-20,0.0,2.4,4.1
2018-01-21,0.0,0.0,0.0
2018-01-22,0.0,0.3,0.0
2018-01-24,0.0,0.0,0.0
2018-01-25,0.0,1.5,1.0
2018-01-26,0.0,0.0,0.0
2018-01-27,0.0,0.4,0.0
2018-01-28,0.0,2.9,2.5
2018-01-29,0.0,0.5,0.0
2018-01-30,0.0,1.8,1.1
2018-01-31,1.1,0.1,0.0
2018-02-02,0.0,2.4,2.7
2018-02-03,0.6,0.0,0.0
2018-02-04,0.3,0.0,0.0
2018-02-05,0.0,0.2,0.0
2018-02-06,0.5,1.5,1.4
2018-02-07,9.1,0.1,0.0
2018-02-09,0.0,0.0,0.0
2018-02-10,0.0,0.2,0.0
2018-02-11,0.0,26.8,32.6
2018-02-12,13.4,1.8,1.2
2018-02-13,0.0,0.3,0.0
2018-02-14,0.0,1.0,1.0
2018-02-16,0.0,0.1,0.0
2018-02-17,0.0,0.0,0.0
2018-02-18,0.0,17.5,19.5
2018-02-19,3.8,0.1,0.0
2018-02-20,5.8,19.5,22.7
2018-02-21,49.7,28.4,29.1
2018-02-22,35.4,10.1,8.2
2018-02-23,16.7,3.6,2.2
2018-02-24,38.2,13.4,11.4
2018-02-25,5.7,0.8,0.0
2018-02-27,19.8,7.9,6.2
2018-02-28,42.2,46.0,46.1
2018-03-01,31.9,12.0,11.0
2018-03-02,6.0,7.5,6.2
2018-03-03,14.8,19.6,18.8
2018-03-04,23.9,21.5,24.6
2018-03-05,37.9,20.2,23.1
2018-03-06,10.4,14.1,13.3
2018-03-07,7.2,9.1,7.9
2018-03-08,3.0,8.0,6.7
2018-03-09,4.5,2.6,1.0
2018-03-10,4.8,2.8,1.0
2018-03-11,10.5,6.3,5.1
2018-03-12,15.4,8.5,7.5
2018-03-13,11.5,25.8,29.9
2018-03-14,21.0,1.6,0.0
2018-03-15,0.0,0.7,0.0
2018-03-16,0.0,47.0,59.8
2018-03-17,16.4,2.7,1.0
2018-03-19,0.0,0.0,0.0
2018-03-21,0.0,15.0,14.0
2018-03-22,7.5,3.3,1.2
2018-03-25,43.4,8.8,7.4
2018-03-26,45.6,2.9,1.0
2018-03-27,0.0,6.0,4.3
2018-03-28,1.2,0.0,0.0
2018-03-30,0.0,1.6,0.0
2018-03-31,0.0,7.9,6.4
2018-04-02,0.0,0.1,0.0
2018-04-03,0.0,14.6,11.2
2018-04-04,16.5,15.8,12.2
2018-04-05,4.1,23.6,18.2
2018-04-06,0.8,19.2,15.0
2018-04-07,1.5,1.3,0.0
2018-04-08,3.4,0.0,0.0
2018-04-09,2.5,0.0,0.0
2018-04-10,0.0,0.0,0.0
2018-04-14,0.0,0.0,0.0
2018-04-15,0.0,0.6,0.0
2018-04-16,12.8,5.7,1.7
2018-04-17,0.2,7.3,3.4
2018-04-19,53.0,24.6,26.2
2018-04-20,26.5,18.8,15.6
2018-04-21,25.7,20.9,21.6
2018-04-22,9.4,35.9,43.9
2018-04-23,8.5,15.4,15.2
2018-04-24,6.3,15.1,14.9
2018-04-25,1.1,0.0,0.0
2018-04-27,3.0,7.6,6.8
2018-04-28,78.1,0.0,0.0
2018-05-01,0.0,0.0,0.0
2018-05-02,2.4,12.6,13.3
2018-05-03,28.8,0.0,0.0
2018-05-04,0.0,0.1,0.0
2018-05-05,0.0,0.0,0.0
2018-05-06,0.0,0.1,0.0
2018-05-09,43.8,0.0,0.0
2018-05-10,1.1,4.1,4.5
2018-05-11,0.3,6.6,10.9
2018-05-12,0.7,15.6,23.0
2018-05-13,4.1,12.9,20.3
2018-05-14,5.7,2.4,4.7
2018-05-15,4.5,1.3,3.0
2018-05-16,3.8,1.5,3.4
2018-05-20,0.0,16.7,24.4
2018-05-21,21.2,4.0,6.2
2018-05-22,6.6,0.0,0.0
2018-05-23,3.1,0.0,0.0
2018-05-24,0.0,1.5,2.9
2018-05-26,5.8,2.5,4.3
2018-05-27,4.3,20.2,24.2
2018-05-28,30.8,0.0,0.0
2018-05-30,0.0,0.3,0.0
2018-05-31,0.6,1.1,2.4
2018-06-01,15.2,3.3,4.7
2018-06-04,7.0,0.5,0.0
2018-06-06,1.8,0.3,0.0
2018-06-07,0.0,0.5,0.0
2018-06-09,0.0,0.0,0.0
2018-06-11,0.0,6.8,11.0
2018-06-12,4.7,1.4,3.1
2018-06-13,3.6,52.4,92.2
2018-06-14,111.8,4.5,7.6
2018-06-15,39.4,0.0,0.0
2018-06-16,0.0,0.2,0.0
2018-06-18,0.0,0.6,0.0
2018-06-19,0.0,13.1,19.8
2018-06-20,0.6,5.5,9.1
2018-06-21,5.8,21.5,23.8
2018-06-22,11.0,2.6,5.8
2018-06-23,1.2,3.4,6.7
2018-06-24,2.2,29.8,34.8
2018-06-25,16.4,30.3,34.6
2018-06-26,24.2,2.6,5.9
2018-06-27,37.1,7.9,11.9
2018-06-28,24.0,4.9,8.5
2018-06-29,1.4,3.2,6.5
2018-06-30,5.0,1.1,4.0
2018-07-02,10.0,29.9,36.3
2018-07-03,18.8,25.0,30.0
2018-07-04,13.6,2.1,2.1
2018-07-05,4.4,0.0,0.0
2018-07-06,0.0,0.1,0.0
2018-07-07,0.0,20.4,22.5
2018-07-09,0.0,0.0,0.0
2018-07-11,0.0,0.0,0.0
2018-07-12,1.5,0.0,0.0
2018-07-13,0.0,0.0,0.0
2018-07-14,0.0,0.0,0.0
2018-07-15,0.0,1.3,3.0
2018-07-16,9.4,0.0,0.0
2018-07-17,0.0,0.0,0.0
2018-07-18,0.0,0.0,0.0
2018-07-19,0.0,0.0,0.0
2018-07-21,0.0,22.6,43.0
2018-07-22,2.0,16.2,33.9
2018-07-23,2.3,5.5,11.7
2018-07-24,0.8,0.0,0.0
2018-07-25,3.1,7.7,14.6
2018-07-26,5.8,3.8,8.6
2018-07-27,14.8,0.0,0.0
2018-07-28,0.0,0.0,0.0
2018-07-29,0.0,0.0,0.0
2018-07-30,0.0,18.7,38.5
2018-08-02,0.0,0.0,0.0
2018-08-03,0.0,0.0,0.0
2018-08-04,0.0,0.0,0.0
2018-08-06,0.0,0.0,0.0
2018-08-07,0.0,1.7,2.9
2018-08-08,0.3,0.0,0.0
2018-08-10,2.4,5.3,8.0
2018-08-11,0.0,0.5,0.0
2018-08-12,0.0,2.8,5.7
2018-08-14,0.0,0.0,0.0
2018-08-15,0.0,1.0,3.5
2018-08-16,0.0,0.0,0.0
2018-08-18,6.1,0.0,0.0
2018-08-20,0.3,0.4,0.0
2018-08-21,0.0,0.0,0.0
2018-08-22,0.0,0.0,0.0
2018-08-23,0.0,0.6,0.0
2018-08-24,0.0,23.0,35.0
2018-08-25,53.5,2.1,4.4
2018-08-26,0.0,3.1,5.6
2018-08-27,16.4,0.0,0.0
2018-08-28,0.0,12.4,15.0
2018-08-29,36.0,50.0,108.0
2018-08-30,22.7,19.2,26.7
2018-08-31,5.9,0.3,0.0
2018-09-01,0.0,2.0,4.8
2018-09-03,1.9,0.2,0.0
2018-09-04,0.0,5.3,10.0
2018-09-05,2.9,9.5,15.8
2018-09-06,4.0,0.0,0.0
2018-09-07,3.6,0.0,0.0
2018-09-08,0.0,0.0,0.0
2018-09-09,0.0,0.0,0.0
2018-09-11,0.0,0.0,0.0
2018-09-12,0.0,0.0,0.0
2018-09-13,0.0,0.0,0.0
2018-09-15,0.0,0.0,0.0
2018-09-17,0.0,4.1,6.4
2018-09-18,1.7,1.4,2.2
2018-09-19,1.9,1.1,1.6
2018-09-20,1.2,0.2,0.0
2018-09-21,0.0,0.0,0.0
2018-09-23,0.0,2.5,4.6
2018-09-24,4.4,0.0,0.0
2018-09-25,0.0,0.6,0.0
2018-09-27,0.0,0.0,0.0
2018-09-28,0.0,0.6,0.0
2018-09-29,0.0,0.4,0.0
2018-09-30,1.2,0.0,0.0
2018-10-01,0.0,0.0,0.0
2018-10-02,0.0,0.0,0.0
2018-10-03,0.0,0.2,0.0
2018-10-05,0.0,0.5,0.0
2018-10-06,0.0,0.0,0.0
2018-10-09,0.0,0.0,0.0
2018-10-10,0.0,0.0,0.0
2018-10-11,0.2,1.1,2.1
2018-10-12,1.6,30.7,27.8
2018-10-13,17.5,10.2,10.1
2018-10-14,4.8,0.0,0.0
2018-10-15,0.0,0.0,0.0
2018-10-16,0.0,0.0,0.0
2018-10-17,0.0,3.6,4.1
2018-10-18,0.0,0.2,0.0
2018-10-20,5.4,29.5,26.1
2018-10-21,10.9,0.0,0.0
2018-10-22,0.0,0.0,0.0
2018-10-23,0.0,0.0,0.0
2018-10-24,0.0,0.0,0.0
2018-10-25,0.0,0.0,0.0
2018-10-26,0.0,0.0,0.0
2018-10-27,0.0,0.0,0.0
2018-10-29,0.0,0.0,0.0
2018-10-30,0.0,0.0,0.0
2018-10-31,0.0,16.8,17.1
2018-11-01,30.4,0.0,0.0
2018-11-02,0.2,0.4,0.0
2018-11-03,0.8,0.0,0.0
2018-11-04,0.0,18.3,13.7
2018-11-05,2.6,4.9,3.5
2018-11-06,0.3,24.4,17.7
2018-11-07,22.8,15.9,12.0
2018-11-08,12.1,46.2,43.7
2018-11-09,12.2,0.0,0.0
2018-11-10,0.3,0.0,0.0
2018-11-11,0.0,0.5,0.0
2018-11-12,9.8,0.0,0.0
2018-11-14,8.0,0.0,0.0
2018-11-15,0.0,0.4,0.0
2018-11-16,0.0,6.8,5.0
2018-11-17,8.3,4.7,3.4
2018-11-18,22.2,0.2,0.0
2018-11-19,1.2,0.0,0.0
2018-11-20,0.0,0.1,0.0
2018-11-22,0.0,0.4,0.0
2018-11-24,4.8,3.6,1.0
2018-11-25,0.5,22.7,19.0
2018-11-26,28.5,24.4,21.0
2018-11-27,7.9,29.2,26.5
2018-11-28,16.1,44.1,45.8
2018-11-29,34.8,25.6,21.2
2018-11-30,7.1,33.7,34.5
2018-12-01,30.6,36.9,33.5
2018-12-02,17.2,11.1,8.4
2018-12-03,19.4,30.4,26.1
2018-12-04,15.8,5.9,4.3
2018-12-05,17.4,6.7,4.9
2018-12-06,3.7,0.0,0.0
2018-12-07,0.0,0.0,0.0
2018-12-08,0.0,13.0,10.0
2018-12-09,12.7,0.2,0.0
2018-12-10,0.0,0.1,0.0
2018-12-12,75.0,28.3,36.7
2018-12-13,32.6,20.9,25.7
2018-12-14,46.6,4.0,3.7
2018-12-15,0.1,6.2,6.4
2018-12-16,5.1,20.4,26.7
2018-12-17,17.4,23.8,30.4
2018-12-18,13.9,14.2,16.9
2018-12-19,4.0,3.7,3.4
2018-12-20,22.4,1.7,1.0
2018-12-22,0.8,0.2,0.0
2018-12-23,0.0,0.1,0.0
2018-12-24,0.0,11.7,12.3
2018-12-25,8.0,3.9,2.8
2018-12-26,0.0,7.7,7.3
2018-12-27,3.5,4.2,3.1
2018-12-30,0.0,0.3,0.0
2018-12-31,0.0,4.8,3.8
2019-01-02,0.2,2.5,4.0
2019-01-03,0.2,5.6,8.9
2019-01-04,14.8,25.0,41.8
2019-01-05,4.5,0.3,0.0
2019-01-06,70.7,0.1,0.0
2019-01-08,0.0,13.3,20.7
2019-01-09,5.6,5.7,9.0
2019-01-10,1.2,12.5,19.3
2019-01-11,24.2,2.1,3.7
2019-01-13,8.7,8.9,12.2
2019-01-14,1.2,20.1,23.8
2019-01-15,14.2,3.6,5.7
2019-01-16,10.5,5.9,8.5
2019-01-17,3.4,1.2,2.5
2019-01-18,4.1,10.0,13.5
2019-01-20,0.5,0.5,0.0
2019-01-21,0.0,1.1,1.0
2019-01-22,16.5,3.6,3.5
2019-01-23,0.0,3.8,3.8
2019-01-24,0.0,0.0,0.0
2019-01-25,0.0,0.2,0.0
2019-01-27,0.0,4.2,4.1
2019-01-31,0.0,0.4,0.0
2019-02-01,0.0,5.7,7.3
2019-02-02,12.8,13.7,17.8
2019-02-04,34.1,16.7,22.5
2019-02-05,5.2,9.3,12.1
2019-02-06,11.0,7.5,9.7
2019-02-07,2.9,26.7,33.5
2019-02-08,45.0,17.5,23.7
2019-02-09,7.5,22.2,28.1
2019-02-10,35.3,9.5,12.4
2019-02-11,6.8,12.0,13.3
2019-02-12,23.4,30.7,38.5
2019-02-13,17.6,20.5,23.7
2019-02-14,20.4,0.2,0.0
2019-02-15,0.7,0.2,0.0
2019-02-16,13.3,9.8,10.7
2019-02-17,6.0,7.1,7.4
2019-02-18,16.6,4.7,4.5
2019-02-19,4.4,0.6,0.0
2019-02-20,2.4,2.4,1.9
2019-02-21,12.9,6.2,4.5
2019-02-22,10.8,8.7,6.9
2019-02-23,13.1,0.2,0.0
2019-02-24,2.7,5.7,4.1
2019-02-25,2.0,5.1,3.5
2019-02-26,0.9,0.0,0.0
2019-02-27,2.5,0.0,0.0
2019-02-28,0.0,9.6,7.7
2019-03-01,30.8,1.8,0.0
2019-03-02,5.5,0.2,0.0
2019-03-03,1.8,30.1,32.6
2019-03-04,11.0,0.7,0.0
2019-03-05,8.4,2.8,1.0
2019-03-06,6.1,9.7,8.6
2019-03-07,67.6,6.0,4.6
2019-03-08,19.6,9.4,8.2
2019-03-09,14.5,0.8,0.0
2019-03-10,0.0,3.0,1.2
2019-03-11,1.6,9.5,8.7
2019-03-12,2.9,11.0,10.3
2019-03-13,0.3,8.2,7.2
2019-03-15,0.8,0.3,0.0
2019-03-16,0.0,0.0,0.0
2019-03-18,0.0,0.0,0.0
2019-03-19,0.0,0.6,0.0
2019-03-20,2.2,0.3,0.0
2019-03-21,15.0,10.3,9.0
2019-03-22,9.6,3.9,2.0
2019-03-23,4.4,22.5,24.3
2019-03-24,7.2,4.3,2.4
2019-03-25,20.3,14.2,13.2
2019-03-26,54.6,24.2,27.2
2019-03-27,3.2,8.8,7.3
2019-03-28,2.5,13.0,11.9
2019-03-29,1.6,13.8,12.8
2019-03-30,18.6,16.2,15.3
2019-03-31,0.0,8.9,7.5
2019-04-01,3.3,4.8,3.3
2019-04-02,0.0,1.3,0.0
2019-04-04,26.1,3.6,2.3
2019-04-05,29.4,12.8,9.7
2019-04-06,2.2,5.1,3.5
2019-04-08,0.0,12.1,9.1
2019-04-09,46.8,0.2,0.0
2019-04-10,1.8,36.4,27.2
2019-04-11,30.8,2.1,0.0
2019-04-12,1.3,15.9,12.4
2019-04-13,17.0,24.9,26.4
2019-04-14,17.0,28.9,32.9
2019-04-15,13.8,2.0,0.0
2019-04-17,43.3,18.0,14.7
2019-04-18,19.7,0.0,0.0
2019-04-21,23.4,0.7,0.0
2019-04-22,0.0,0.0,0.0
2019-04-23,1.3,0.7,0.0
2019-04-25,24.5,1.0,0.0
2019-04-26,16.1,1.4,1.1
2019-04-27,1.1,0.3,0.0
2019-04-28,2.0,33.5,41.6
2019-04-29,45.2,46.7,60.4
2019-04-30,32.1,3.7,3.0
2019-05-02,0.0,0.0,0.0
2019-05-03,0.0,0.6,0.0
2019-05-04,0.0,5.0,5.4
2019-05-05,7.3,0.5,0.0
2019-05-06,0.0,0.0,0.0
2019-05-07,0.0,0.0,0.0
2019-05-08,0.0,0.1,0.0
2019-05-09,0.0,2.4,2.8
2019-05-10,5.5,7.2,7.7
2019-05-11,4.0,10.9,17.1
2019-05-12,2.9,0.0,0.0
2019-05-13,1.5,4.6,7.9
2019-05-14,19.7,6.0,10.0
2019-05-16,0.9,0.5,0.0
2019-05-17,1.6,0.2,0.0
2019-05-18,22.2,3.1,5.7
2019-05-19,3.6,0.0,0.0
2019-05-20,0.0,0.0,0.0
2019-05-24,0.8,3.8,5.9
2019-05-25,48.3,14.3,18.8
2019-05-26,1.6,28.0,37.6
2019-05-27,1.0,3.1,5.0
2019-05-29,7.7,1.1,2.3
2019-05-30,1.1,0.2,0.0
2019-05-31,2.4,1.0,2.2
2019-06-01,12.0,5.2,7.0
2019-06-02,8.9,4.3,5.8
2019-06-03,11.9,2.7,3.9
2019-06-06,1.4,1.6,2.5
2019-06-07,1.6,29.6,41.3
2019-06-08,29.9,23.0,33.7
2019-06-09,7.7,16.2,20.1
2019-06-10,3.2,7.1,9.3
2019-06-11,4.2,18.5,25.6
2019-06-12,12.9,43.3,75.3
2019-06-13,29.0,0.2,0.0
2019-06-14,5.0,2.6,4.9
2019-06-17,0.0,3.2,5.7
2019-06-18,13.9,0.0,0.0
2019-06-19,14.3,1.0,2.5
2019-06-20,57.3,0.8,2.3
2019-06-21,14.1,0.0,0.0
2019-06-22,0.0,0.0,0.0
2019-06-23,0.0,0.0,0.0
2019-06-24,1.0,0.0,0.0
2019-06-25,0.6,0.0,0.0
2019-06-26,0.0,0.0,0.0
2019-06-27,0.0,0.0,0.0
2019-06-28,1.7,0.0,0.0
2019-06-30,0.0,0.0,0.0
2019-07-01,0.0,4.3,4.3
2019-07-02,0.6,1.0,1.1
2019-07-03,0.0,0.8,0.0
2019-07-05,1.0,0.0,0.0
2019-07-06,0.0,0.0,0.0
2019-07-07,0.0,0.0,0.0
2019-07-10,0.2,0.9,0.0
2019-07-11,7.3,0.7,0.0
2019-07-12,0.0,0.0,0.0
2019-07-13,1.7,0.0,0.0
2019-07-14,0.6,0.0,0.0
2019-07-15,0.0,0.0,0.0
2019-07-18,3.2,0.0,0.0
2019-07-19,1.0,0.0,0.0
2019-07-20,0.0,0.0,0.0
2019-07-21,0.0,0.0,0.0
2019-07-22,0.0,0.0,0.0
2019-07-23,0.0,0.0,0.0
2019-07-24,0.0,0.0,0.0
2019-07-25,0.0,0.0,0.0
2019-07-26,0.0,0.0,0.0
2019-07-27,0.2,0.0,0.0
2019-07-29,0.0,3.2,7.6
2019-07-30,0.0,0.0,0.0
2019-08-01,0.0,0.0,0.0
2019-08-02,0.0,0.0,0.0
2019-08-03,0.0,0.0,0.0
2019-08-04,0.0,0.2,0.0
2019-08-05,0.0,0.0,0.0
2019-08-06,0.0,1.3,2.5
2019-08-07,0.0,0.0,0.0
2019-08-09,0.0,0.0,0.0
2019-08-10,0.0,0.0,0.0
2019-08-11,0.0,0.0,0.0
2019-08-12,0.0,0.0,0.0
2019-08-13,0.0,0.0,0.0
2019-08-15,0.0,0.0,0.0
2019-08-16,0.0,0.1,0.0
2019-08-17,0.0,0.9,3.3
2019-08-18,0.4,3.6,7.7
2019-08-19,2.0,29.7,44.1
2019-08-20,14.6,0.0,0.0
2019-08-23,0.0,0.0,0.0
2019-08-25,0.0,0.0,0.0
2019-08-26,0.1,3.5,6.1
2019-08-28,0.1,0.0,0.0
2019-08-29,0.0,0.0,0.0
2019-08-31,0.0,0.0,0.0
2019-09-01,0.0,0.0,0.0
2019-09-02,0.0,0.0,0.0
2019-09-03,0.0,0.0,0.0
2019-09-04,0.0,0.0,0.0
2019-09-05,0.0,1.4,3.8
2019-09-06,0.0,2.7,5.9
2019-09-07,7.0,0.0,0.0
2019-09-10,0.0,0.0,0.0
2019-09-11,0.0,0.0,0.0
2019-09-14,0.0,0.0,0.0
2019-09-15,0.0,0.0,0.0
2019-09-18,0.0,0.0,0.0
2019-09-19,0.0,0.0,0.0
2019-09-22,0.2,0.0,0.0
2019-09-23,0.0,0.0,0.0
2019-09-26,0.6,1.9,4.0
2019-09-27,1.5,0.0,0.0
2019-09-30,0.0,1.3,3.5
2019-10-04,3.6,0.0,0.0
2019-10-06,0.3,15.9,20.8
2019-10-07,2.3,0.0,0.0
2019-10-12,9.6,20.2,19.5
2019-10-13,2.5,18.0,17.1
2019-10-14,5.1,0.6,0.0
2019-10-15,2.9,21.9,17.9
2019-10-16,5.8,0.5,0.0
2019-10-17,6.3,0.0,0.0
2019-10-20,0.0,0.0,0.0
2019-10-21,0.0,0.0,0.0
2019-10-24,0.0,0.0,0.0
2019-10-25,0.0,2.2,3.0
2019-10-26,1.3,0.0,0.0
2019-10-27,14.9,0.0,0.0
2019-10-29,0.0,0.2,0.0
2019-11-01,55.4,0.0,0.0
2019-11-02,3.1,2.2,1.8
2019-11-03,0.3,0.0,0.0
2019-11-05,0.0,0.0,0.0
2019-11-06,0.0,0.0,0.0
2019-11-09,0.0,0.5,0.0
2019-11-10,0.0,1.1,0.0
2019-11-12,9.1,0.7,0.0
2019-11-13,0.0,0.0,0.0
2019-11-14,0.0,0.0,0.0
2019-11-15,0.2,0.0,0.0
2019-11-17,0.0,0.0,0.0
2019-11-18,0.0,0.0,0.0
2019-11-20,4.8,0.0,0.0
2019-11-21,12.5,0.0,0.0
2019-11-22,0.0,0.0,0.0
2019-11-24,0.4,0.0,0.0
2019-11-25,7.2,1.3,0.0
2019-11-26,6.2,0.0,0.0
2019-11-28,0.5,14.0,10.1
2019-11-29,28.8,4.0,1.0
2019-11-30,0.0,0.0,0.0
2019-12-03,0.0,0.0,0.0
2019-12-04,0.0,5.3,3.9
2019-12-06,0.0,0.0,0.0
2019-12-07,0.0,0.8,0.0
2019-12-08,0.8,0.0,0.0
2019-12-11,10.0,2.2,1.5
2019-12-13,19.0,21.7,28.1
2019-12-14,26.3,6.2,6.5
2019-12-15,11.8,11.2,13.0
2019-12-16,2.9,6.1,6.4
2019-12-17,2.7,1.1,1.0
2019-12-20,0.0,0.0,0.0
2019-12-21,0.0,7.2,6.7
2019-12-22,47.0,11.2,11.7
2019-12-23,0.8,4.5,3.5
2019-12-24,6.5,0.4,0.0
2019-12-25,1.4,23.7,27.6
2019-12-26,14.8,21.3,24.8
2019-12-27,41.8,4.0,3.0
2019-12-28,13.2,0.6,0.0
2019-12-29,0.6,9.6,9.6
2019-12-30,0.0,9.6,9.7
2019-12-31,6.8,10.6,10.9
2020-01-01,7.1,20.2,33.2
2020-01-02,23.1,1.0,1.5
2020-01-03,0.3,5.2,8.2
2020-01-04,16.7,12.3,19.4
2020-01-05,13.7,2.4,3.8
2020-01-07,2.7,11.5,18.1
2020-01-08,2.4,5.8,9.3
2020-01-09,7.5,3.4,5.4
2020-01-10,9.7,3.4,5.4
2020-01-11,4.4,7.1,10.1
2020-01-12,1.8,13.5,18.0
2020-01-13,2.1,0.0,0.0
2020-01-14,0.0,0.0,0.0
2020-01-17,5.5,26.5,32.8
2020-01-18,24.3,4.5,6.8
2020-01-19,22.2,9.8,13.4
2020-01-20,26.2,0.9,2.1
2020-01-23,77.2,0.3,0.0
2020-01-24,19.4,2.1,1.5
2020-01-25,4.6,2.0,1.4
2020-01-26,0.0,12.2,14.2
2020-01-27,17.0,0.3,0.0
2020-01-28,5.6,10.8,12.4
2020-01-30,0.0,12.0,13.9
2020-01-31,26.3,4.3,4.3
2020-02-01,1.2,0.7,0.0
2020-02-02,0.0,3.8,4.6
2020-02-03,8.1,11.3,14.8
2020-02-04,5.6,3.3,4.0
2020-02-06,10.1,16.2,22.1
2020-02-07,36.7,14.5,19.5
2020-02-08,13.0,18.3,22.4
2020-02-09,3.1,19.1,24.0
2020-02-10,21.4,1.2,1.0
2020-02-12,47.6,7.8,8.2
2020-02-13,32.1,1.3,1.0
2020-02-14,25.8,4.2,4.0
2020-02-15,42.5,4.0,3.7
2020-02-16,21.3,11.3,12.4
2020-02-17,26.9,33.3,43.1
2020-02-18,21.0,20.8,24.5
2020-02-19,12.1,4.1,3.8
2020-02-20,5.5,11.7,12.9
2020-02-21,1.0,24.5,24.6
2020-02-22,49.3,0.3,0.0
2020-02-23,0.0,3.7,2.3
2020-02-24,5.0,28.0,28.4
2020-02-25,18.5,19.4,18.2
2020-02-26,35.4,43.5,44.9
2020-02-27,13.0,13.3,11.4
2020-02-28,9.3,12.3,10.4
2020-02-29,20.2,17.4,15.3
2020-03-01,19.5,9.2,8.0
2020-03-02,9.6,40.3,43.2
2020-03-03,36.0,19.6,18.9
2020-03-05,1.3,27.6,30.6
2020-03-06,8.1,2.5,1.0
2020-03-07,0.0,6.2,4.8
2020-03-09,0.0,12.3,11.3
2020-03-10,0.4,2.5,1.0
2020-03-11,0.0,6.6,5.4
2020-03-12,1.4,3.8,2.3
2020-03-13,1.5,0.0,0.0
2020-03-15,11.7,0.3,0.0
2020-03-16,7.4,11.0,10.3
2020-03-17,29.8,3.0,1.4
2020-03-18,50.0,2.1,1.0
2020-03-19,3.5,13.0,12.4
2020-03-21,38.6,31.7,35.9
2020-03-22,22.9,14.9,14.0
2020-03-23,5.8,10.7,9.4
2020-03-24,10.0,5.9,4.2
2020-03-25,37.1,22.1,23.4
2020-03-26,38.2,2.9,1.0
2020-03-27,57.5,14.7,13.7
2020-03-28,1.8,24.1,27.0
2020-03-29,10.5,48.7,55.1
2020-03-30,33.1,16.9,16.1
2020-03-31,11.4,19.6,20.2
2020-04-01,88.2,30.3,22.0
2020-04-02,21.7,10.2,7.6
2020-04-03,67.2,15.4,11.9
2020-04-04,13.2,39.2,30.4
2020-04-05,95.3,7.6,5.6
2020-04-06,37.1,20.7,16.2
2020-04-07,21.6,6.1,4.3
2020-04-08,26.6,12.4,9.4
2020-04-09,5.8,8.5,6.3
2020-04-10,17.6,11.5,8.7
2020-04-11,9.3,15.8,12.4
2020-04-12,0.4,6.9,2.9
2020-04-13,0.5,7.8,3.9
2020-04-14,4.0,29.5,32.4
2020-04-15,9.9,10.0,6.2
2020-04-16,2.1,1.6,0.0
2020-04-17,0.0,14.1,10.5
2020-04-18,9.0,22.3,23.5
2020-04-19,2.6,13.3,9.6
2020-04-20,1.2,0.4,0.0
2020-04-21,3.6,3.8,3.1
2020-04-23,22.7,3.2,2.6
2020-04-25,16.4,41.2,52.6
2020-04-26,19.3,2.0,1.5
2020-04-27,7.8,11.0,10.4
2020-04-28,93.7,11.1,10.4
2020-04-29,21.5,8.2,7.4
2020-04-30,51.6,11.5,10.9
2020-05-01,6.6,15.8,16.6
2020-05-02,36.8,38.5,38.4
2020-05-03,70.4,10.2,10.8
2020-05-04,3.1,5.9,6.4
2020-05-05,4.2,11.4,12.0
2020-05-08,30.8,3.3,3.7
2020-05-10,4.3,9.5,10.0
2020-05-11,21.0,0.0,0.0
2020-05-12,0.0,0.0,0.0
2020-05-13,0.0,0.7,2.2
2020-05-14,1.0,5.9,9.8
2020-05-15,0.3,2.1,4.3
2020-05-17,8.6,0.0,0.0
2020-05-18,0.8,12.1,19.3
2020-05-19,3.0,3.1,5.7
2020-05-21,0.8,42.9,58.4
2020-05-22,156.8,3.4,5.4
2020-05-23,0.2,0.9,2.1
2020-05-24,0.0,28.7,38.0
2020-05-25,11.6,13.1,18.0
2020-05-26,5.1,5.5,8.1
2020-05-27,0.9,11.3,15.5
2020-05-28,0.4,2.4,4.1
2020-05-30,1.9,4.9,7.4
2020-05-31,1.8,4.2,6.4
2020-06-01,1.0,2.2,3.2
2020-06-02,0.0,4.0,5.4
2020-06-03,17.9,3.4,4.8
2020-06-04,7.7,0.0,0.0
2020-06-06,1.8,5.6,7.3
2020-06-07,4.2,4.1,5.6
2020-06-08,36.4,7.5,9.7
2020-06-09,5.8,0.0,0.0
2020-06-13,4.6,4.7,8.0
2020-06-14,18.9,0.1,0.0
2020-06-15,2.2,1.6,3.4
2020-06-16,2.1,1.5,3.4
2020-06-17,2.4,49.8,89.3
2020-06-18,49.2,4.6,7.7
2020-06-19,4.4,11.7,18.1
2020-06-20,19.4,1.9,4.0
2020-06-21,9.1,0.2,0.0
2020-06-22,4.6,0.0,0.0
2020-06-24,0.0,0.4,0.0
2020-06-26,22.8,2.6,5.8
2020-06-27,3.9,0.0,0.0
2020-06-29,1.9,0.8,3.7
2020-07-01,11.3,3.3,3.3
2020-07-02,0.6,8.8,9.0
2020-07-03,0.8,1.4,1.5
2020-07-04,8.7,1.0,1.1
2020-07-05,5.8,12.7,13.4
2020-07-06,18.4,20.3,22.2
2020-07-07,19.1,0.6,0.0
2020-07-08,2.9,1.7,1.8
2020-07-09,7.0,17.9,18.5
2020-07-10,15.1,10.5,10.8
2020-07-11,2.4,9.7,9.9
2020-07-12,2.1,23.7,22.7
2020-07-13,4.2,2.2,3.8
2020-07-14,7.1,1.6,3.3
2020-07-15,9.0,4.1,5.4
2020-07-16,5.8,56.5,49.2
2020-07-17,18.9,1.1,2.8
2020-07-18,0.0,6.6,7.4
2020-07-19,20.4,0.0,0.0
2020-07-22,1.0,0.0,0.0
2020-07-24,0.0,0.0,0.0
2020-07-25,0.0,3.2,7.6
2020-07-26,0.9,0.0,0.0
2020-07-27,0.0,0.0,0.0
2020-07-28,0.0,0.0,0.0
2020-07-30,0.0,0.4,0.0
2020-08-01,1.8,2.7,4.3
2020-08-04,7.8,11.1,16.8
2020-08-05,54.1,0.3,0.0
2020-08-08,11.1,2.6,4.2
2020-08-09,1.7,1.2,2.4
2020-08-10,4.7,17.7,27.9
2020-08-11,2.2,10.2,14.5
2020-08-12,5.0,1.6,4.2
2020-08-13,2.5,0.0,0.0
2020-08-14,0.0,0.0,0.0
2020-08-15,0.0,6.1,9.5
2020-08-16,0.9,10.5,14.9
2020-08-17,6.1,2.1,4.9
2020-08-19,0.0,0.0,0.0
2020-08-21,0.0,0.0,0.0
2020-08-22,0.0,3.0,5.5
2020-08-24,0.0,0.0,0.0
2020-08-25,1.4,0.3,0.0
2020-08-26,1.0,0.0,0.0
2020-08-27,1.4,0.0,0.0
2020-08-29,0.6,0.0,0.0
2020-08-30,4.0,0.0,0.0
2020-09-02,1.0,13.1,24.0
2020-09-03,15.6,1.2,3.5
2020-09-05,4.0,1.1,3.2
2020-09-06,0.0,0.9,2.9
2020-09-07,5.8,17.2,29.9
2020-09-08,4.4,2.9,6.3
2020-09-09,1.3,0.2,0.0
2020-09-10,4.4,8.3,14.2
2020-09-11,6.6,0.3,0.0
2020-09-14,0.5,0.0,0.0
2020-09-28,0.2,5.9,7.5
2020-09-29,0.0,0.0,0.0
2020-10-01,43.8,4.1,6.8
2020-10-02,2.3,0.0,0.0
2020-10-03,0.0,0.0,0.0
2020-10-04,0.0,0.0,0.0
2020-10-05,6.8,16.0,19.9
2020-10-06,77.5,22.6,29.0
2020-10-07,42.6,12.9,16.8
2020-10-08,15.4,15.9,21.9
2020-10-10,17.7,0.0,0.0
2020-10-12,0.0,0.0,0.0
2020-10-14,0.0,0.6,0.0
2020-10-15,9.6,12.3,12.4
2020-10-16,27.0,23.1,19.2
2020-10-17,93.7,30.0,26.7
2020-10-18,35.9,9.2,9.2
2020-10-20,22.2,0.1,0.0
2020-10-22,0.0,0.0,0.0
2020-10-23,0.0,0.9,0.0
2020-10-25,0.0,0.2,0.0
2020-10-26,25.5,0.0,0.0
2020-10-27,0.0,0.2,0.0
2020-10-29,0.0,5.3,5.8
2020-10-30,10.2,9.9,10.3
2020-10-31,21.7,0.0,0.0
2020-11-01,0.0,0.5,0.0
2020-11-02,0.0,1.5,1.4
2020-11-03,0.0,0.6,0.0
2020-11-04,3.2,21.5,16.4
2020-11-05,4.6,19.8,15.2
2020-11-06,19.0,1.0,0.0
2020-11-07,20.9,4.0,2.8
2020-11-08,2.3,0.0,0.0
2020-11-09,0.0,0.0,0.0
2020-11-10,0.0,0.0,0.0
2020-11-12,1.5,0.3,0.0
2020-11-14,1.0,5.9,4.3
2020-11-15,29.3,3.5,2.5
2020-11-16,25.6,0.0,0.0
2020-11-17,0.0,0.0,0.0
2020-11-18,0.0,1.2,0.0
2020-11-20,0.0,0.7,0.0
2020-11-21,0.0,0.3,0.0
2020-11-22,0.0,15.7,11.8
2020-11-23,22.9,3.4,1.0
2020-11-24,25.8,16.9,13.0
2020-11-25,19.9,10.4,6.6
2020-11-26,22.6,9.7,6.0
2020-11-27,2.5,24.9,22.1
2020-11-28,43.6,0.2,0.0
2020-11-29,0.0,4.2,1.1
2020-12-01,0.3,0.9,0.0
2020-12-02,0.0,0.0,0.0
2020-12-03,0.0,10.7,8.1
2020-12-04,0.6,0.1,0.0
2020-12-05,0.0,2.0,1.5
2020-12-06,1.8,0.0,0.0
2020-12-07,0.0,0.5,0.0
2020-12-08,0.0,0.0,0.0
2020-12-09,0.0,3.2,2.4
2020-12-10,0.3,14.8,11.5
2020-12-11,33.0,17.9,21.7
2020-12-12,23.5,12.0,14.0
2020-12-13,58.8,0.6,0.0
2020-12-14,0.0,2.6,1.9
2020-12-15,0.0,1.0,0.0
2020-12-16,0.0,0.7,0.0
2020-12-17,0.0,21.2,27.8
2020-12-18,0.1,1.5,1.0
2020-12-19,0.0,0.1,0.0
2020-12-20,0.0,0.6,0.0
2020-12-21,0.0,0.7,0.0
2020-12-22,0.0,4.0,2.9
2020-12-24,2.4,2.9,1.6
2020-12-25,0.8,11.9,12.5
2020-12-26,0.0,2.4,1.1
2020-12-27,0.0,0.5,0.0
2020-12-30,6.8,14.8,16.2
2020-12-31,5.9,6.7,6.2
2021-01-01,8.1,5.7,9.1
2021-01-02,28.5,6.9,11.0
2021-01-03,34.8,18.5,30.2
2021-01-04,5.2,63.9,126.3
2021-01-05,18.8,27.3,46.2
2021-01-06,17.4,1.3,1.9
2021-01-07,0.0,2.7,4.3
2021-01-10,7.9,5.0,7.9
2021-01-11,4.1,7.3,10.3
2021-01-12,10.8,5.4,7.9
2021-01-13,6.8,22.5,27.7
2021-01-14,22.6,21.5,26.4
2021-01-15,47.7,49.0,65.5
2021-01-16,34.3,18.8,20.6
2021-01-17,8.9,11.4,15.2
2021-01-18,2.4,0.6,0.0
2021-01-19,0.0,0.4,0.0
2021-01-20,0.0,0.5,0.0
2021-01-21,0.0,0.1,0.0
2021-01-22,2.0,15.2,17.6
2021-01-23,7.3,8.8,9.9
2021-01-24,0.6,15.3,17.8
2021-01-25,40.9,0.6,0.0
2021-01-26,1.9,1.2,1.0
2021-01-27,0.0,11.5,13.4
2021-01-28,27.0,12.7,14.8
2021-01-29,7.1,9.6,11.0
2021-01-30,30.1,8.4,9.4
2021-01-31,28.9,1.9,1.3
2021-02-01,0.0,5.0,6.3
2021-02-02,7.2,3.9,4.8
2021-02-03,7.6,2.9,3.4
2021-02-04,0.3,9.0,11.7
2021-02-05,8.7,25.0,31.1
2021-02-06,31.8,8.1,10.5
2021-02-07,33.1,0.0,0.0
2021-02-08,32.5,2.3,2.5
2021-02-09,0.0,0.5,0.0
2021-02-10,0.0,0.4,0.0
2021-02-11,0.0,6.1,6.2
2021-02-12,1.1,6.3,6.4
2021-02-13,8.0,1.5,1.0
2021-02-14,2.5,1.3,1.0
2021-02-15,4.0,1.6,1.0
2021-02-17,12.0,3.1,2.6
2021-02-18,12.8,12.0,13.3
2021-02-19,30.6,5.3,5.3
2021-02-20,9.0,2.2,1.6
2021-02-21,7.5,0.2,0.0
2021-02-22,0.0,1.1,0.0
2021-02-23,0.0,14.5,12.5
2021-02-24,23.1,1.0,0.0
2021-02-26,3.5,0.0,0.0
2021-02-27,0.0,0.0,0.0
2021-02-28,0.0,0.3,0.0
2021-03-01,0.0,6.1,4.7
2021-03-02,6.2,14.0,13.1
2021-03-03,61.0,23.3,25.1
2021-03-04,36.8,3.9,2.2
2021-03-05,5.2,26.2,28.0
2021-03-06,26.8,17.8,17.2
2021-03-07,8.4,1.2,0.0
2021-03-08,7.8,7.5,6.2
2021-03-09,11.9,1.2,0.0
2021-03-10,15.3,0.0,0.0
2021-03-11,0.0,0.0,0.0
2021-03-12,0.0,6.4,5.2
2021-03-14,23.5,0.0,0.0
2021-03-15,22.1,13.6,13.1
2021-03-16,7.2,2.5,1.0
2021-03-17,9.9,17.9,17.6
2021-03-18,28.8,7.0,5.8
2021-03-19,40.5,23.3,27.2
2021-03-20,30.2,9.0,8.1
2021-03-21,18.5,9.8,8.4
2021-03-22,48.2,11.0,9.7
2021-03-23,1.5,4.6,2.8
2021-03-24,6.7,5.1,3.3
2021-03-27,16.7,2.3,0.0
2021-03-28,7.0,38.9,43.7
2021-03-29,28.6,11.7,10.4
2021-03-30,34.0,14.7,13.7
2021-03-31,0.0,1.7,0.0
2021-04-02,0.0,5.9,4.2
2021-04-04,0.0,0.0,0.0
2021-04-05,0.0,0.4,0.0
2021-04-07,0.0,2.0,1.0
2021-04-09,1.0,0.2,0.0
2021-04-10,0.0,0.0,0.0
2021-04-11,0.0,0.0,0.0
2021-04-12,0.0,0.2,0.0
2021-04-14,0.9,4.5,1.0
2021-04-15,10.5,7.7,3.8
2021-04-16,55.5,22.2,19.4
2021-04-17,16.7,10.9,7.1
2021-04-18,4.4,5.7,1.6
2021-04-19,54.6,0.0,0.0
2021-04-20,0.0,4.2,0.0
2021-04-21,10.0,0.3,0.0
2021-04-22,0.0,0.7,0.0
2021-04-23,7.6,10.8,10.2
2021-04-24,45.7,0.0,0.0
2021-04-25,0.0,0.4,0.0
2021-04-26,22.9,13.7,13.3
2021-04-27,31.1,0.5,0.0
2021-04-29,1.1,0.3,0.0
2021-04-30,0.3,0.0,0.0
2021-05-03,0.0,1.8,2.2
2021-05-04,5.2,0.0,0.0
2021-05-05,0.0,17.6,18.4
2021-05-06,10.4,20.6,21.6
2021-05-07,54.9,47.0,48.6
2021-05-08,38.5,0.9,0.0
2021-05-09,0.0,2.1,2.5
2021-05-10,24.3,0.5,0.0
2021-05-11,5.7,0.0,0.0
2021-05-13,3.5,0.0,0.0
2021-05-15,0.0,2.1,4.2
2021-05-16,17.8,12.1,18.7
2021-05-17,36.9,16.3,23.7
2021-05-18,37.4,0.2,0.0
2021-05-19,0.8,0.1,0.0
2021-05-20,0.0,1.3,3.0
2021-05-23,0.0,6.2,9.0
2021-05-24,3.1,5.6,8.3
2021-05-25,4.0,5.2,7.7
2021-05-26,4.1,0.0,0.0
2021-05-27,0.0,0.0,0.0
2021-05-28,0.6,0.0,0.0
2021-05-29,0.0,0.0,0.0
2021-05-31,0.0,0.9,2.1
2021-06-01,0.0,0.8,0.0
2021-06-02,0.0,0.0,0.0
2021-06-03,0.0,0.3,0.0
2021-06-04,0.0,0.2,0.0
2021-06-05,0.0,1.4,2.2
2021-06-06,4.7,1.8,2.7
2021-06-07,1.7,0.0,0.0
2021-06-08,0.0,0.0,0.0
2021-06-09,0.0,0.0,0.0
2021-06-10,0.0,0.0,0.0
2021-06-12,6.5,4.8,8.0
2021-06-13,2.7,9.0,14.0
2021-06-14,5.3,22.4,33.1
2021-06-15,5.2,5.2,8.7
2021-06-16,0.0,0.0,0.0
2021-06-18,1.0,4.8,8.1
2021-06-19,4.2,0.2,0.0
2021-06-20,0.0,36.5,60.6
2021-06-21,3.5,0.5,0.0
2021-06-22,17.0,16.1,20.3
2021-06-23,0.5,0.1,0.0
2021-06-25,8.0,7.5,11.4
2021-06-26,1.4,14.4,18.8
2021-06-27,2.0,17.9,22.7
2021-06-28,7.5,4.7,8.2
2021-06-29,0.4,4.5,8.0
2021-06-30,1.7,17.8,22.2
2021-07-01,14.6,7.2,7.3
2021-07-02,1.3,6.0,6.1
2021-07-05,0.0,10.7,11.1
2021-07-06,2.9,1.5,1.6
2021-07-07,0.2,11.4,11.7
2021-07-08,20.7,31.3,38.0
2021-07-09,1.0,3.8,3.8
2021-07-10,3.9,11.2,11.5
2021-07-11,1.0,8.9,9.3
2021-07-12,0.5,2.6,4.1
2021-07-13,0.1,6.4,7.3
2021-07-14,3.3,24.7,19.8
2021-07-15,16.6,17.9,17.2
2021-07-16,9.2,51.8,46.5
2021-07-17,37.3,16.9,15.9
2021-07-18,1.5,2.7,4.2
2021-07-19,0.0,0.0,0.0
2021-07-20,0.0,24.4,19.5
2021-07-21,4.9,15.4,31.8
2021-07-22,3.2,18.0,36.5
2021-07-23,22.6,6.8,13.0
2021-07-24,1.0,0.0,0.0
2021-07-28,0.0,0.0,0.0
2021-07-29,0.0,0.2,0.0
2021-07-30,0.0,4.7,10.0
2021-07-31,4.3,9.4,17.3
2021-08-01,2.4,3.5,5.5
2021-08-03,18.3,14.8,21.5
2021-08-04,4.8,1.0,2.1
2021-08-06,3.8,5.0,7.5
2021-08-07,28.4,0.0,0.0
2021-08-08,1.1,0.6,0.0
2021-08-09,0.0,8.6,12.6
2021-08-10,0.0,5.8,8.7
2021-08-11,3.7,0.2,0.0
2021-08-12,2.6,0.7,0.0
2021-08-13,3.7,10.0,14.0
2021-08-14,19.3,0.0,0.0
2021-08-15,0.5,2.4,5.3
2021-08-16,0.5,2.6,5.5
2021-08-17,0.2,25.0,36.3
2021-08-18,5.9,0.5,0.0
2021-08-19,0.0,2.2,5.0
2021-08-20,1.2,1.0,3.4
2021-08-22,2.1,0.0,0.0
2021-08-24,0.0,4.1,6.8
2021-08-25,4.9,0.0,0.0
2021-08-26,0.0,11.0,15.5
2021-08-27,3.8,49.7,108.3
2021-08-28,28.4,8.1,11.8
2021-08-29,7.8,28.5,50.4
2021-08-30,13.5,3.3,5.8
2021-08-31,4.8,0.8,3.1
2021-09-01,0.5,2.2,5.2
2021-09-03,5.7,2.8,6.1
2021-09-04,1.7,1.6,4.2
2021-09-05,9.2,49.0,54.8
2021-09-06,28.0,0.7,2.6
2021-09-08,2.3,1.8,4.5
2021-09-09,0.3,1.7,4.3
2021-09-10,5.6,14.4,25.4
2021-09-11,6.4,0.6,0.0
2021-09-12,5.1,19.4,29.2
2021-09-13,17.4,1.5,2.2
2021-09-14,4.1,5.8,9.4
2021-09-15,0.0,17.8,24.9
2021-09-16,4.8,4.8,7.8
2021-09-17,0.0,2.9,4.5
2021-09-18,0.0,0.0,0.0
2021-09-19,0.0,1.2,1.8
2021-09-20,0.2,42.0,73.5
2021-09-21,38.9,5.8,7.4
2021-09-23,19.5,1.6,3.7
2021-09-24,8.7,16.3,16.1
2021-09-25,41.4,1.6,3.8
2021-09-26,7.1,0.0,0.0
2021-09-27,0.4,2.8,4.8
2021-09-28,0.0,0.4,0.0
2021-09-29,1.0,3.8,5.7
2021-09-30,12.2,7.7,9.5
2021-10-02,19.4,1.2,3.0
2021-10-03,0.0,3.6,6.1
2021-10-06,0.0,3.5,6.0
2021-10-07,0.0,0.6,0.0
2021-10-08,0.0,0.4,0.0
2021-10-09,3.6,0.0,0.0
2021-10-11,8.8,7.5,7.7
2021-10-12,23.8,0.1,0.0
2021-10-13,0.0,6.6,6.8
2021-10-14,0.0,65.0,93.2
2021-10-15,53.5,0.0,0.0
2021-10-17,0.9,9.3,9.4
2021-10-18,9.0,0.2,0.0
2021-10-19,0.0,12.4,12.3
2021-10-20,12.7,0.0,0.0
2021-10-21,0.0,4.8,5.4
2021-10-22,8.0,10.4,10.8
2021-10-23,0.0,0.8,0.0
2021-10-25,0.3,14.5,15.0
2021-10-26,7.7,0.4,0.0
2021-10-27,0.0,0.4,0.0
2021-10-28,0.0,9.7,10.1
2021-10-29,0.1,43.0,52.2
2021-10-30,27.1,65.8,68.3
2021-10-31,27.9,1.1,2.1
2021-11-01,3.3,6.5,4.5
2021-11-02,2.0,5.8,4.0
2021-11-03,11.4,2.5,2.0
2021-11-04,0.4,27.4,20.5
2021-11-05,8.3,1.8,1.6
2021-11-07,3.7,10.2,7.3
2021-11-08,25.2,8.4,5.9
2021-11-09,9.3,10.5,7.5
2021-11-10,13.3,40.7,35.8
2021-11-11,18.1,24.0,21.1
2021-11-12,3.5,4.4,3.2
2021-11-13,27.5,62.6,56.7
2021-11-14,32.8,6.4,4.7
2021-11-15,6.8,34.4,31.4
2021-11-16,78.4,2.5,1.9
2021-11-17,1.1,3.6,2.7
2021-11-18,13.0,17.6,13.6
2021-11-19,33.1,19.1,14.9
2021-11-20,43.5,47.7,43.8
2021-11-21,32.4,23.3,19.1
2021-11-22,102.7,3.9,1.0
2021-11-23,0.0,10.3,6.6
2021-11-24,34.5,6.1,2.8
2021-11-25,18.3,26.5,22.8
2021-11-26,2.0,19.5,15.5
2021-11-27,3.4,17.6,13.6
2021-11-28,62.7,38.5,39.3
2021-11-29,37.0,12.1,8.3
2021-11-30,1.6,33.3,32.1
2021-12-01,14.4,9.8,7.4
2021-12-02,0.0,0.0,0.0
2021-12-03,0.0,20.5,16.2
2021-12-04,1.2,6.7,5.0
2021-12-05,1.0,22.0,17.5
2021-12-06,6.1,5.7,4.2
2021-12-08,1.5,3.2,2.3
2021-12-10,0.0,0.0,0.0
2021-12-11,0.0,9.9,11.3
2021-12-12,4.2,0.8,0.0
2021-12-13,0.0,17.4,21.1
2021-12-14,10.1,4.0,3.7
2021-12-15,10.2,5.2,5.2
2021-12-16,4.7,8.9,9.9
2021-12-17,0.1,1.7,1.0
2021-12-18,3.5,3.2,2.7
2021-12-19,3.6,12.5,14.6
2021-12-20,4.6,36.4,47.9
2021-12-21,35.5,9.2,9.2
2021-12-23,0.0,7.5,7.2
2021-12-24,0.0,0.2,0.0
2021-12-25,0.0,0.6,0.0
2021-12-26,0.0,1.1,0.0
2021-12-27,0.0,1.6,1.0
2021-12-29,0.0,6.5,5.9
2021-12-30,8.2,5.8,5.1
