date,gauge,imergl,lseqmdl
2001-01-01,0.0,0.6,0.0
2001-01-02,0.0,0.1,0.0
2001-01-03,0.0,0.0,0.0
2001-01-04,0.0,0.3,0.0
2001-01-05,0.0,21.1,23.6
2001-01-06,1.6,4.1,4.8
2001-01-07,8.5,2.5,3.2
2001-01-08,36.4,14.0,15.7
2001-01-09,0.0,11.5,12.9
2001-01-10,13.2,54.5,67.7
2001-01-11,162.7,16.4,17.8
2001-01-12,3.3,18.9,20.1
2001-01-13,0.7,4.1,4.0
2001-01-14,2.8,15.8,17.2
2001-01-15,27.2,10.8,11.6
2001-01-16,18.5,8.8,9.2
2001-01-17,0.0,17.4,18.4
2001-01-18,3.9,3.6,3.5
2001-01-19,1.7,1.2,1.0
2001-01-20,0.0,14.7,15.9
2001-01-21,0.0,15.9,15.3
2001-01-22,1.0,1.6,1.0
2001-01-23,17.9,13.3,12.7
2001-01-24,0.8,4.2,3.6
2001-01-25,12.5,10.5,9.9
2001-01-26,0.0,1.0,0.0
2001-01-27,0.0,5.2,4.6
2001-01-28,0.0,1.7,1.0
2001-01-29,0.0,12.7,12.1
2001-01-30,0.0,18.5,17.7
2001-01-31,2.0,0.6,0.0
2001-02-01,8.6,6.4,5.1
2001-02-02,1.3,17.2,15.8
2001-02-03,0.0,40.6,43.9
2001-02-04,62.5,17.5,16.0
2001-02-05,109.5,13.7,12.3
2001-02-06,36.2,9.0,7.7
2001-02-07,2.4,16.8,15.4
2001-02-08,29.0,4.7,3.5
2001-02-09,0.0,3.6,2.4
2001-02-10,4.4,21.3,20.8
2001-02-11,5.0,2.4,2.4
2001-02-12,0.0,11.9,13.6
2001-02-13,18.8,0.1,0.0
2001-02-14,0.0,3.4,3.5
2001-02-15,2.4,0.1,0.0
2001-02-16,0.0,2.8,2.8
2001-02-17,0.0,3.7,3.9
2001-02-18,2.4,1.8,1.7
2001-02-19,0.0,5.0,5.4
2001-02-20,8.3,3.6,3.8
2001-02-21,8.9,1.9,2.9
2001-02-22,0.0,0.0,0.0
2001-02-23,3.5,0.0,0.0
2001-02-24,0.0,0.0,0.0
2001-02-25,14.0,0.4,0.0
2001-02-26,0.0,0.0,0.0
2001-02-27,0.0,0.0,0.0
2001-02-28,0.0,0.0,0.0
2001-03-01,0.0,0.0,0.0
2001-03-02,0.0,0.4,0.0
2001-03-03,40.3,11.0,11.6
2001-03-04,55.2,0.0,0.0
2001-03-05,0.0,0.3,0.0
2001-03-06,54.0,0.3,0.0
2001-03-07,36.3,5.8,6.2
2001-03-08,28.0,4.5,4.9
2001-03-09,0.5,0.3,0.0
2001-03-10,0.0,0.8,0.0
2001-03-11,0.0,4.8,5.7
2001-03-12,54.9,0.0,0.0
2001-03-13,0.0,0.0,0.0
2001-03-14,2.3,11.1,12.7
2001-03-15,35.0,0.4,0.0
2001-03-16,5.0,1.0,1.3
2001-03-17,10.2,14.3,15.6
2001-03-18,0.0,3.7,4.4
2001-03-19,31.4,11.1,12.1
2001-03-20,48.0,3.6,4.4
2001-03-21,34.0,28.3,25.3
2001-03-22,39.4,0.4,0.0
2001-03-23,1.0,0.1,0.0
2001-03-24,1.3,0.2,0.0
2001-03-25,0.0,2.0,4.1
2001-03-26,1.0,15.3,15.1
2001-03-27,0.0,8.2,9.4
2001-03-28,0.0,4.9,6.8
2001-03-29,0.0,1.5,3.6
2001-03-30,0.0,0.4,0.0
2001-03-31,1.0,17.7,17.1
2001-04-01,5.5,15.6,19.7
2001-04-02,0.0,4.3,5.2
2001-04-03,2.6,1.4,1.7
2001-04-04,0.0,0.4,0.0
2001-04-05,0.0,0.3,0.0
2001-04-06,0.0,2.3,2.7
2001-04-07,4.4,0.7,0.0
2001-04-08,0.5,0.0,0.0
2001-04-09,0.0,0.1,0.0
2001-04-10,22.2,0.2,0.0
2001-04-11,0.0,0.4,0.0
2001-04-12,0.0,6.0,7.9
2001-04-13,19.0,4.1,6.0
2001-04-14,7.0,9.0,10.4
2001-04-15,4.0,1.5,3.6
2001-04-16,0.0,0.0,0.0
2001-04-17,0.0,0.0,0.0
2001-04-18,0.0,0.3,0.0
2001-04-19,0.0,0.0,0.0
2001-04-20,0.0,0.1,0.0
2001-04-21,0.0,0.0,0.0
2001-04-22,0.0,0.6,0.0
2001-04-23,0.0,16.9,16.0
2001-04-24,33.6,2.9,3.4
2001-04-25,2.6,2.6,3.2
2001-04-26,1.2,0.0,0.0
2001-04-27,0.0,0.0,0.0
2001-04-28,0.0,0.0,0.0
2001-04-29,0.0,0.6,0.0
2001-04-30,0.0,0.3,0.0
2001-05-01,0.0,0.0,0.0
2001-05-02,2.6,0.7,0.0
2001-05-03,0.0,0.4,0.0
2001-05-04,0.0,0.0,0.0
2001-05-05,0.0,0.0,0.0
2001-05-06,0.0,0.0,0.0
2001-05-07,2.3,0.0,0.0
2001-05-08,0.9,0.0,0.0
2001-05-09,0.0,0.0,0.0
2001-05-10,0.0,0.0,0.0
2001-05-11,0.0,0.1,0.0
2001-05-12,0.0,0.9,0.0
2001-05-13,0.0,0.0,0.0
2001-05-14,0.0,0.0,0.0
2001-05-15,0.0,0.1,0.0
2001-05-16,0.0,0.0,0.0
2001-05-17,0.0,0.0,0.0
2001-05-18,0.0,0.8,0.0
2001-05-19,0.0,0.1,0.0
2001-05-20,0.0,0.0,0.0
2001-05-21,0.0,0.0,0.0
2001-05-22,0.0,0.0,0.0
2001-05-23,0.0,0.0,0.0
2001-05-24,0.0,0.0,0.0
2001-05-25,0.0,0.0,0.0
2001-05-26,0.0,3.6,4.6
2001-05-27,0.0,9.8,14.9
2001-05-28,26.8,0.0,0.0
2001-05-29,1.5,0.2,0.0
2001-05-30,0.0,0.1,0.0
2001-05-31,0.0,2.2,2.5
2001-08-01,0.0,0.0,0.0
2001-08-02,0.0,0.0,0.0
2001-08-03,0.0,0.0,0.0
2001-08-04,0.0,1.6,1.2
2001-08-05,0.0,0.1,0.0
2001-08-06,0.0,0.0,0.0
2001-08-07,0.0,0.1,0.0
2001-08-08,0.0,0.0,0.0
2001-08-09,0.0,0.0,0.0
2001-08-10,0.0,0.0,0.0
2001-08-11,0.0,0.0,0.0
2001-08-12,0.0,0.0,0.0
2001-08-13,0.0,0.0,0.0
2001-08-14,0.0,0.0,0.0
2001-08-15,0.0,0.0,0.0
2001-08-16,0.0,0.0,0.0
2001-08-17,0.0,0.0,0.0
2001-08-18,0.0,0.0,0.0
2001-08-19,0.0,0.0,0.0
2001-08-20,0.0,0.4,0.0
2001-08-21,0.0,0.0,0.0
2001-08-22,0.0,0.0,0.0
2001-08-23,0.0,0.0,0.0
2001-08-24,0.0,0.0,0.0
2001-08-25,0.0,0.0,0.0
2001-08-26,0.0,0.0,0.0
2001-08-27,0.0,0.8,0.0
2001-08-28,0.0,0.3,0.0
2001-08-29,1.2,0.1,0.0
2001-08-30,0.0,0.0,0.0
2001-08-31,0.0,0.4,0.0
2001-09-01,0.0,0.9,0.0
2001-09-02,0.0,1.0,0.0
2001-09-03,1.7,0.0,0.0
2001-09-04,0.0,0.0,0.0
2001-09-05,0.0,0.0,0.0
2001-09-06,0.0,0.1,0.0
2001-09-07,0.0,0.5,0.0
2001-09-08,0.0,0.1,0.0
2001-09-09,0.7,0.0,0.0
2001-09-10,0.0,0.0,0.0
2001-09-11,0.0,0.9,1.0
2001-09-12,0.0,0.0,0.0
2001-09-13,0.0,0.0,0.0
2001-09-14,0.0,0.0,0.0
2001-09-15,0.0,0.0,0.0
2001-09-16,0.0,0.0,0.0
2001-09-17,0.0,0.0,0.0
2001-09-18,0.0,0.0,0.0
2001-09-19,0.0,0.0,0.0
2001-09-20,0.0,0.0,0.0
2001-09-21,0.0,0.0,0.0
2001-09-22,0.0,0.0,0.0
2001-09-23,1.0,0.2,0.0
2001-09-24,0.9,0.1,0.0
2001-09-25,0.0,0.0,0.0
2001-09-26,50.3,0.0,0.0
2001-09-27,0.0,0.4,0.0
2001-09-28,0.0,0.0,0.0
2001-09-29,0.0,0.4,0.0
2001-09-30,0.0,0.1,0.0
2001-10-10,22.7,1.8,3.0
2001-10-25,27.3,1.5,1.2
2001-10-26,25.0,0.1,0.0
2001-10-27,26.6,0.0,0.0
2001-10-28,0.0,0.0,0.0
2001-10-29,0.0,0.0,0.0
2001-10-30,0.0,6.5,9.8
2001-10-31,0.0,4.2,6.1
2001-11-01,0.0,1.7,2.6
2001-11-02,18.0,1.2,1.6
2001-11-03,1.6,0.0,0.0
2001-11-04,0.0,0.0,0.0
2001-11-05,0.0,0.0,0.0
2001-11-06,4.6,0.0,0.0
2001-11-07,34.1,1.3,1.7
2001-11-08,34.0,0.0,0.0
2001-11-09,5.1,0.0,0.0
2001-11-10,0.0,2.3,3.7
2001-11-11,0.0,0.0,0.0
2001-11-12,0.0,0.0,0.0
2001-11-13,0.0,1.0,2.5
2001-11-14,0.0,10.3,14.7
2001-11-15,5.2,5.5,9.4
2001-11-16,0.0,1.4,3.2
2001-11-17,0.0,4.9,8.7
2001-11-18,0.0,40.1,46.1
2001-11-19,5.0,0.6,0.0
2001-11-20,0.0,0.6,0.0
2001-11-21,0.0,2.0,0.0
2001-11-22,32.5,4.0,2.2
2001-11-23,0.0,1.2,0.0
2001-11-24,0.0,19.1,28.8
2001-11-25,0.5,7.0,6.4
2001-11-26,0.6,13.5,15.2
2001-11-27,2.6,15.4,17.6
2001-11-28,1.9,7.3,6.8
2001-11-29,0.0,10.1,10.7
2001-11-30,16.6,7.7,7.4
2001-12-01,3.8,71.4,93.6
2001-12-02,60.4,5.9,5.9
2001-12-03,50.2,6.5,6.4
2001-12-04,64.5,2.0,2.0
2001-12-05,0.0,0.4,0.0
2001-12-06,14.0,2.3,2.3
2001-12-07,0.5,1.4,1.4
2001-12-08,7.2,3.3,3.2
2001-12-09,2.6,2.0,2.0
2001-12-10,1.9,6.2,6.2
2001-12-11,18.9,4.3,2.8
2001-12-12,8.7,2.4,1.0
2001-12-13,3.5,0.5,0.0
2001-12-14,1.7,0.7,0.0
2001-12-15,0.0,0.4,0.0
2001-12-16,0.0,3.5,1.8
2001-12-17,0.0,4.1,2.6
2001-12-18,15.0,23.9,25.2
2001-12-19,76.3,12.5,12.0
2001-12-20,47.4,1.6,0.0
2001-12-21,39.4,3.2,1.7
2001-12-22,0.0,0.2,0.0
2001-12-23,0.0,0.0,0.0
2001-12-24,0.0,0.0,0.0
2001-12-25,0.0,0.1,0.0
2001-12-26,0.0,0.2,0.0
2001-12-27,0.0,0.2,0.0
2001-12-28,0.0,8.5,8.1
2001-12-29,1.2,3.3,2.0
2001-12-30,21.1,1.8,1.0
2001-12-31,0.0,0.4,0.0
2002-01-01,25.0,12.5,14.0
2002-01-02,3.7,0.4,0.0
2002-01-03,7.4,2.8,3.4
2002-01-04,0.0,0.8,0.0
2002-01-05,1.9,2.7,3.3
2002-01-06,5.6,2.6,3.3
2002-01-07,5.4,0.1,0.0
2002-01-08,0.0,0.2,0.0
2002-01-09,0.0,1.4,2.0
2002-01-10,0.0,0.0,0.0
2002-01-11,0.0,0.0,0.0
2002-01-12,0.0,0.0,0.0
2002-01-13,0.0,0.7,0.0
2002-01-14,0.0,2.0,1.6
2002-01-15,2.5,8.8,9.2
2002-01-16,1.0,15.0,16.3
2002-01-17,0.0,9.9,10.5
2002-01-18,8.9,1.7,1.2
2002-01-19,0.0,2.3,2.0
2002-01-20,1.1,10.0,10.6
2002-01-21,24.7,14.8,14.2
2002-01-22,0.6,17.1,16.5
2002-01-23,2.0,18.6,17.9
2002-01-24,70.4,43.2,45.9
2002-01-25,1.6,9.0,8.4
2002-01-26,5.0,3.9,3.2
2002-01-27,0.0,4.1,3.5
2002-01-28,14.4,6.2,5.6
2002-01-29,0.0,15.6,14.9
2002-01-30,10.7,14.6,14.0
2002-01-31,6.8,5.5,4.9
2002-02-01,0.0,17.2,15.8
2002-02-02,6.3,22.8,23.9
2002-02-03,6.3,23.4,24.5
2002-02-04,20.5,14.9,13.5
2002-02-05,39.0,9.0,7.6
2002-02-06,44.7,45.4,48.4
2002-02-07,10.3,7.8,6.4
2002-02-08,12.4,20.8,20.4
2002-02-09,15.2,7.3,6.0
2002-02-10,3.0,3.0,1.9
2002-02-11,22.0,0.9,0.0
2002-02-12,6.0,25.5,31.7
2002-02-13,24.1,16.8,19.4
2002-02-14,136.8,2.4,2.4
2002-02-15,13.1,10.3,11.6
2002-02-16,9.2,17.9,18.2
2002-02-17,32.0,25.0,31.7
2002-02-18,32.0,0.5,0.0
2002-02-19,0.0,14.8,16.5
2002-02-20,7.4,5.9,6.5
2002-02-21,73.5,26.6,23.5
2002-02-22,12.0,23.8,18.6
2002-02-23,19.5,14.4,14.1
2002-02-24,38.6,3.6,4.3
2002-02-25,18.4,0.0,0.0
2002-02-26,0.0,0.0,0.0
2002-02-27,0.0,0.0,0.0
2002-02-28,0.0,0.0,0.0
2002-03-01,0.0,0.0,0.0
2002-03-02,0.0,0.1,0.0
2002-03-03,0.0,0.0,0.0
2002-03-04,0.0,0.9,0.0
2002-03-05,7.0,2.6,2.9
2002-03-06,0.0,35.2,40.0
2002-03-07,19.0,14.2,16.1
2002-03-08,8.3,6.9,7.3
2002-03-09,0.0,31.1,33.7
2002-03-10,1.5,0.3,0.0
2002-03-11,0.0,2.2,2.8
2002-03-12,0.0,0.0,0.0
2002-03-13,0.0,1.6,2.0
2002-03-14,21.9,0.0,0.0
2002-03-15,0.0,0.0,0.0
2002-03-16,0.0,0.3,0.0
2002-03-17,0.0,0.8,0.0
2002-03-18,4.2,0.4,0.0
2002-03-19,1.2,3.1,3.7
2002-03-20,7.8,0.0,0.0
2002-03-21,0.0,0.0,0.0
2002-03-22,0.0,0.0,0.0
2002-03-23,6.5,5.5,7.4
2002-03-24,0.0,0.2,0.0
2002-03-25,0.0,0.2,0.0
2002-03-26,0.0,3.1,5.2
2002-03-27,7.3,13.6,13.8
2002-03-28,12.0,0.7,0.0
2002-03-29,0.0,3.9,5.8
2002-03-30,0.5,5.9,7.6
2002-03-31,0.0,13.9,14.0
2002-04-01,1.5,4.7,5.6
2002-04-02,21.6,1.6,1.9
2002-04-03,0.0,0.2,0.0
2002-04-04,0.0,2.8,3.3
2002-04-05,0.0,1.4,1.6
2002-04-06,2.8,0.0,0.0
2002-04-07,0.0,0.0,0.0
2002-04-08,0.0,1.0,1.1
2002-04-09,0.5,0.1,0.0
2002-04-10,0.0,1.3,1.5
2002-04-11,0.0,35.4,42.5
2002-04-12,3.5,9.1,10.8
2002-04-13,33.6,0.9,3.0
2002-04-14,3.9,0.1,0.0
2002-04-15,0.7,0.3,0.0
2002-04-16,12.0,1.5,3.6
2002-04-17,0.0,2.8,4.9
2002-04-18,0.0,0.5,0.0
2002-04-19,0.0,1.8,3.9
2002-04-20,0.0,0.0,0.0
2002-04-21,0.0,0.0,0.0
2002-04-22,0.0,0.1,0.0
2002-04-23,0.0,0.2,0.0
2002-04-24,0.0,0.0,0.0
2002-04-25,36.6,0.0,0.0
2002-04-26,0.0,0.0,0.0
2002-04-27,0.0,0.1,0.0
2002-04-28,0.0,0.0,0.0
2002-04-29,0.0,1.0,0.0
2002-04-30,0.0,0.3,0.0
2002-05-01,0.0,0.1,0.0
2002-05-02,0.8,0.0,0.0
2002-05-03,0.5,0.2,0.0
2002-05-04,0.0,0.0,0.0
2002-05-05,0.0,0.0,0.0
2002-05-06,0.0,0.0,0.0
2002-05-07,0.0,8.5,6.8
2002-05-08,0.0,1.5,1.8
2002-05-09,0.0,0.0,0.0
2002-05-10,0.0,1.7,1.9
2002-05-11,0.0,0.0,0.0
2002-05-12,9.0,0.0,0.0
2002-07-01,0.0,0.1,0.0
2002-07-02,0.0,0.0,0.0
2002-07-03,0.0,0.0,0.0
2002-07-04,0.0,0.0,0.0
2002-07-05,0.0,2.1,2.0
2002-07-06,0.0,0.0,0.0
2002-07-07,0.0,0.0,0.0
2002-07-08,0.0,0.1,0.0
2002-07-09,0.0,0.0,0.0
2002-07-10,0.0,0.0,0.0
2002-07-11,0.0,0.8,0.0
2002-07-12,0.0,1.7,2.5
2002-07-13,0.0,0.0,0.0
2002-07-14,0.0,0.0,0.0
2002-07-15,0.0,0.7,0.0
2002-07-16,0.5,6.5,7.2
2002-07-17,0.9,0.6,0.0
2002-07-18,0.5,0.0,0.0
2002-07-19,0.0,0.0,0.0
2002-07-20,0.0,0.1,0.0
2002-07-21,0.0,0.3,0.0
2002-07-22,0.5,0.6,1.9
2002-07-23,0.0,2.2,5.0
2002-07-24,0.0,0.0,0.0
2002-07-25,0.0,0.0,0.0
2002-07-26,0.0,0.4,0.0
2002-07-27,1.9,0.0,0.0
2002-07-28,0.0,0.0,0.0
2002-07-29,0.0,0.0,0.0
2002-07-30,0.0,0.1,0.0
2002-07-31,0.0,0.0,0.0
2002-08-01,0.0,0.0,0.0
2002-08-02,0.0,0.0,0.0
2002-08-03,0.0,0.0,0.0
2002-08-04,0.0,0.0,0.0
2002-08-05,0.0,0.0,0.0
2002-08-06,0.0,0.1,0.0
2002-08-07,0.0,1.1,0.0
2002-08-08,0.0,0.0,0.0
2002-08-09,0.0,0.0,0.0
2002-08-10,0.0,0.0,0.0
2002-08-11,0.0,0.0,0.0
2002-08-12,0.0,0.0,0.0
2002-08-13,0.0,0.0,0.0
2002-08-14,0.0,8.8,13.6
2002-08-15,0.0,7.7,11.6
2002-08-16,0.6,0.0,0.0
2002-08-17,0.0,0.1,0.0
2002-08-18,0.0,0.0,0.0
2002-08-19,0.0,0.6,0.0
2002-08-20,0.0,0.0,0.0
2002-08-21,0.0,0.0,0.0
2002-08-22,0.0,0.4,0.0
2002-08-23,0.0,0.7,0.0
2002-08-24,0.0,0.0,0.0
2002-08-25,0.0,0.0,0.0
2002-08-26,0.0,0.0,0.0
2002-08-27,0.0,0.0,0.0
2002-08-28,0.0,0.0,0.0
2002-08-29,0.0,0.0,0.0
2002-08-30,0.0,0.0,0.0
2002-08-31,0.0,2.1,2.7
2002-09-01,0.0,0.8,0.0
2002-09-02,0.0,0.0,0.0
2002-09-03,0.0,0.0,0.0
2002-09-04,0.0,0.0,0.0
2002-09-05,0.0,0.0,0.0
2002-09-06,0.0,0.0,0.0
2002-09-07,0.0,0.0,0.0
2002-09-08,0.0,0.0,0.0
2002-09-09,0.0,0.0,0.0
2002-09-10,0.0,1.0,0.0
2002-09-11,0.0,0.4,0.0
2002-09-12,0.0,0.0,0.0
2002-09-13,0.0,0.0,0.0
2002-09-14,0.0,0.0,0.0
2002-09-15,0.0,0.0,0.0
2002-09-16,0.0,0.0,0.0
2002-09-17,0.0,2.8,7.1
2002-09-18,1.2,0.0,0.0
2002-09-19,0.0,1.3,2.4
2002-09-20,0.0,0.2,0.0
2002-09-21,0.0,0.3,0.0
2002-09-22,0.0,0.0,0.0
2002-09-23,0.0,0.0,0.0
2002-09-24,0.0,0.5,0.0
2002-09-25,0.0,0.1,0.0
2002-09-26,0.0,0.0,0.0
2002-09-27,0.0,0.0,0.0
2002-09-28,0.0,0.2,0.0
2002-09-29,0.0,0.0,0.0
2002-09-30,0.0,0.0,0.0
2002-10-01,0.0,0.0,0.0
2002-10-02,0.0,0.0,0.0
2002-10-03,0.0,0.1,0.0
2002-10-04,0.0,0.0,0.0
2002-10-05,0.0,0.2,0.0
2002-10-06,0.0,0.0,0.0
2002-10-07,0.0,6.7,9.3
2002-10-08,0.0,4.2,5.3
2002-10-09,0.0,0.0,0.0
2002-10-10,0.0,0.0,0.0
2002-10-11,0.0,0.0,0.0
2002-10-12,0.0,0.0,0.0
2002-10-13,0.0,0.0,0.0
2002-10-14,0.0,0.0,0.0
2002-10-15,0.0,0.0,0.0
2002-10-16,0.0,0.0,0.0
2002-10-17,0.0,0.3,0.0
2002-10-18,0.0,0.0,0.0
2002-10-19,0.0,0.0,0.0
2002-10-20,0.0,0.0,0.0
2002-10-21,0.0,0.0,0.0
2002-10-22,0.0,0.0,0.0
2002-10-23,0.0,0.0,0.0
2002-10-24,0.0,0.1,0.0
2002-10-25,0.0,0.0,0.0
2002-10-26,0.0,0.0,0.0
2002-10-27,0.0,0.0,0.0
2002-10-28,0.0,0.0,0.0
2002-10-29,0.0,0.0,0.0
2002-10-30,0.0,0.0,0.0
2002-10-31,0.0,23.5,47.0
2002-11-01,3.5,3.9,7.2
2002-11-02,26.6,0.0,0.0
2002-11-03,0.0,0.0,0.0
2002-11-04,0.0,7.6,14.2
2002-11-05,25.2,7.6,14.2
2002-11-06,20.3,0.4,0.0
2002-11-07,0.0,5.6,10.2
2002-11-08,0.0,0.0,0.0
2002-11-09,1.2,0.1,0.0
2002-11-10,0.0,0.0,0.0
2002-11-11,0.0,0.0,0.0
2002-11-12,0.0,0.2,0.0
2002-11-13,0.0,0.0,0.0
2002-11-14,0.0,2.0,4.3
2002-11-15,3.6,0.8,2.3
2002-11-16,0.0,0.9,2.4
2002-11-17,0.0,0.0,0.0
2002-11-18,0.0,0.1,0.0
2002-11-19,0.0,0.0,0.0
2002-11-20,3.3,1.6,3.6
2002-11-21,7.5,2.0,0.0
2002-11-22,12.3,14.3,16.9
2002-11-23,0.0,4.2,2.6
2002-11-24,22.1,2.0,0.0
2002-11-25,0.0,0.6,0.0
2002-11-26,0.0,22.0,35.6
2002-11-27,0.0,6.0,4.9
2002-11-28,0.0,16.5,25.2
2002-11-29,10.7,3.0,1.0
2002-11-30,7.2,66.0,78.9
2002-12-01,10.8,4.3,4.3
2002-12-02,0.9,15.3,15.1
2002-12-03,64.8,14.6,14.2
2002-12-04,1.4,9.6,9.5
2002-12-05,12.5,0.8,0.0
2002-12-06,0.0,8.2,8.1
2002-12-07,0.0,2.4,2.4
2002-12-08,0.0,6.5,6.5
2002-12-09,0.0,0.0,0.0
2002-12-10,0.0,1.5,1.5
2002-12-11,76.0,1.1,0.0
2002-12-12,42.3,7.1,6.0
2002-12-13,0.0,20.2,20.6
2002-12-14,30.4,6.7,5.5
2002-12-15,46.8,0.6,0.0
2002-12-16,0.0,9.3,8.5
2002-12-17,7.5,0.0,0.0
2002-12-18,0.0,0.0,0.0
2002-12-19,0.0,0.1,0.0
2002-12-20,0.0,2.1,1.0
2002-12-21,0.0,2.4,1.0
2002-12-22,2.0,3.0,1.6
2002-12-23,0.0,5.8,4.9
2002-12-24,40.1,6.1,5.2
2002-12-25,14.0,37.1,47.8
2002-12-26,9.3,11.6,11.9
2002-12-27,11.0,10.3,10.4
2002-12-28,49.9,29.9,37.1
2002-12-29,16.0,4.0,2.7
2002-12-30,0.0,13.2,13.9
2002-12-31,7.0,17.2,18.8
2003-01-01,28.4,35.9,43.9
2003-01-02,3.9,17.7,21.1
2003-01-03,0.5,5.6,6.4
2003-01-04,31.2,8.8,9.9
2003-01-05,5.9,9.6,10.8
2003-01-06,23.0,9.9,11.2
2003-01-07,11.0,10.0,11.2
2003-01-08,23.1,5.2,6.0
2003-01-09,20.8,30.5,33.6
2003-01-10,30.4,4.6,5.3
2003-01-11,22.0,1.0,1.0
2003-01-12,16.2,2.3,2.0
2003-01-13,14.0,16.3,17.7
2003-01-14,33.3,0.2,0.0
2003-01-15,1.1,4.3,4.2
2003-01-16,1.5,19.2,20.4
2003-01-17,20.5,0.0,0.0
2003-01-18,2.7,0.3,0.0
2003-01-19,0.0,1.1,1.0
2003-01-20,6.0,0.1,0.0
2003-01-21,0.0,3.8,3.1
2003-01-22,0.7,5.1,4.5
2003-01-23,0.0,17.3,16.9
2003-01-24,1.2,15.1,14.4
2003-01-25,10.0,6.6,6.0
2003-01-26,100.7,0.9,0.0
2003-01-27,4.7,32.4,36.0
2003-01-28,44.9,16.0,15.3
2003-01-29,2.3,2.7,2.0
2003-01-30,0.0,9.1,8.5
2003-01-31,0.7,7.5,7.0
2003-02-01,1.6,5.1,3.8
2003-02-02,0.0,4.2,3.0
2003-02-03,66.0,2.1,1.1
2003-02-04,15.4,6.5,5.2
2003-02-05,2.4,17.8,16.4
2003-02-06,15.8,2.4,1.3
2003-02-07,0.0,2.2,1.2
2003-02-08,0.0,4.3,3.1
2003-02-09,4.0,1.3,1.0
2003-02-10,1.4,2.2,1.2
2003-02-11,6.0,2.9,3.0
2003-02-12,0.0,0.8,0.0
2003-02-13,0.0,0.1,0.0
2003-02-14,1.8,34.6,49.2
2003-02-15,39.1,14.3,15.9
2003-02-16,26.5,44.5,69.7
2003-02-17,12.0,7.9,8.8
2003-02-18,0.0,17.1,20.2
2003-02-19,37.4,27.9,37.2
2003-02-20,1.0,12.4,14.2
2003-02-21,15.1,30.8,28.7
2003-02-22,4.5,8.1,8.2
2003-02-23,4.0,36.8,36.6
2003-02-24,18.0,11.4,11.3
2003-02-25,8.5,14.0,13.7
2003-02-26,0.8,37.0,37.3
2003-02-27,80.5,21.7,21.1
2003-02-28,1.0,10.2,10.1
2003-03-01,1.2,5.2,5.6
2003-03-02,8.0,1.7,2.0
2003-03-03,0.9,5.4,5.7
2003-03-04,16.1,32.1,36.4
2003-03-05,21.8,12.5,13.3
2003-03-06,0.5,4.2,4.5
2003-03-07,0.0,3.9,4.2
2003-03-08,7.3,51.2,60.3
2003-03-09,9.4,2.8,3.0
2003-03-10,0.5,5.5,5.9
2003-03-11,93.0,1.3,1.6
2003-03-12,2.0,0.2,0.0
2003-03-13,0.0,0.2,0.0
2003-03-14,0.0,0.9,0.0
2003-03-15,0.0,0.7,0.0
2003-03-16,0.0,1.0,1.3
2003-03-17,0.0,0.0,0.0
2003-03-18,2.0,0.2,0.0
2003-03-19,0.0,0.1,0.0
2003-03-20,0.0,0.0,0.0
2003-03-21,0.0,0.1,0.0
2003-03-22,0.0,2.5,4.6
2003-03-23,0.0,0.3,0.0
2003-03-24,1.5,0.0,0.0
2003-03-25,0.0,0.0,0.0
2003-03-26,0.0,0.0,0.0
2003-03-27,0.0,0.0,0.0
2003-03-28,0.0,0.0,0.0
2003-03-29,0.0,0.5,0.0
2003-03-30,0.6,0.0,0.0
2003-03-31,3.4,1.2,3.3
2003-04-01,0.0,2.6,3.1
2003-04-02,0.0,0.6,0.0
2003-04-03,0.0,5.6,6.6
2003-04-04,0.0,19.2,24.9
2003-04-05,0.0,16.1,20.1
2003-04-06,0.0,13.2,15.3
2003-04-07,0.0,13.8,17.5
2003-04-08,11.4,2.0,2.4
2003-04-09,3.9,0.0,0.0
2003-04-10,0.0,0.2,0.0
2003-04-11,1.7,0.0,0.0
2003-04-12,0.0,0.0,0.0
2003-04-13,0.9,0.2,0.0
2003-04-14,0.0,0.0,0.0
2003-04-15,0.0,0.0,0.0
2003-04-16,0.0,0.0,0.0
2003-04-17,0.0,1.6,3.7
2003-04-18,8.8,0.0,0.0
2003-04-19,0.0,0.0,0.0
2003-04-20,0.0,0.1,0.0
2003-04-21,0.0,0.0,0.0
2003-04-22,0.0,5.1,5.0
2003-04-23,4.8,0.0,0.0
2003-04-24,0.0,0.6,0.0
2003-04-25,0.0,2.2,2.6
2003-04-26,0.0,0.8,0.0
2003-04-27,0.0,0.0,0.0
2003-04-28,0.0,3.9,4.3
2003-04-29,0.0,1.2,1.6
2003-04-30,5.4,0.9,0.0
2003-05-01,4.6,0.8,0.0
2003-05-02,0.0,0.0,0.0
2003-05-03,0.0,0.6,0.0
2003-05-04,0.0,17.3,12.3
2003-05-05,27.0,14.3,10.3
2003-05-06,0.0,2.2,2.4
2003-05-07,0.0,9.1,7.3
2003-05-08,0.0,3.5,4.0
2003-05-09,0.0,2.2,2.4
2003-05-10,0.0,2.8,2.8
2003-05-11,2.7,0.2,0.0
2003-05-12,0.0,0.0,0.0
2003-05-13,0.0,0.4,0.0
2003-05-14,0.0,0.0,0.0
2003-05-15,0.0,1.0,0.0
2003-05-16,0.0,0.0,0.0
2003-05-17,0.0,0.2,0.0
2003-05-18,0.0,0.0,0.0
2003-05-19,0.0,0.1,0.0
2003-05-20,0.0,0.0,0.0
2003-05-21,0.0,0.8,1.0
2003-05-22,0.0,0.2,0.0
2003-05-23,0.0,0.2,0.0
2003-05-24,0.0,0.1,0.0
2003-05-25,0.0,0.0,0.0
2003-05-26,0.0,0.0,0.0
2003-05-27,0.0,0.0,0.0
2003-05-28,0.0,0.0,0.0
2003-05-29,0.0,0.0,0.0
2003-05-30,0.0,0.0,0.0
2003-05-31,0.0,0.0,0.0
2003-06-01,0.0,0.0,0.0
2003-06-02,0.0,0.1,0.0
2003-06-03,0.0,1.1,0.0
2003-06-04,0.0,1.1,0.0
2003-06-05,0.0,0.9,0.0
2003-06-06,0.0,0.0,0.0
2003-06-07,1.8,0.0,0.0
2003-06-08,0.0,0.0,0.0
2003-06-09,0.0,0.0,0.0
2003-06-10,0.0,0.0,0.0
2003-06-11,0.0,0.6,0.0
2003-06-12,1.6,0.0,0.0
2003-06-13,0.0,0.0,0.0
2003-06-14,0.0,0.0,0.0
2003-06-15,0.0,0.0,0.0
2003-06-16,0.0,0.4,0.0
2003-06-17,0.0,0.3,0.0
2003-06-18,0.0,2.4,3.3
2003-06-19,4.1,6.9,7.1
2003-06-20,7.5,1.1,1.8
2003-06-21,0.0,0.6,0.0
2003-06-22,0.0,0.1,0.0
2003-06-23,2.8,0.3,0.0
2003-06-24,2.9,0.0,0.0
2003-06-25,0.0,0.1,0.0
2003-06-26,0.0,0.0,0.0
2003-06-27,0.0,0.0,0.0
2003-06-28,0.0,0.0,0.0
2003-06-29,0.0,0.0,0.0
2003-06-30,20.6,0.0,0.0
2003-07-01,0.0,0.0,0.0
2003-07-02,0.0,0.1,0.0
2003-07-03,0.0,0.0,0.0
2003-07-04,0.0,0.0,0.0
2003-07-05,0.0,1.0,0.0
2003-07-06,0.0,0.6,0.0
2003-07-07,0.0,4.0,11.1
2003-07-08,0.0,0.0,0.0
2003-07-09,0.0,4.3,12.1
2003-07-10,0.0,0.2,0.0
2003-07-11,0.0,0.3,0.0
2003-07-12,0.0,0.0,0.0
2003-07-13,0.0,0.0,0.0
2003-07-14,0.0,0.2,0.0
2003-07-15,0.0,0.0,0.0
2003-07-16,0.0,0.2,0.0
2003-07-17,0.0,0.0,0.0
2003-07-18,0.0,0.0,0.0
2003-07-19,0.0,0.0,0.0
2003-07-20,0.0,0.7,0.0
2003-07-21,0.0,0.1,0.0
2003-07-22,0.0,0.2,0.0
2003-07-23,0.0,0.9,2.2
2003-07-24,0.0,0.3,0.0
2003-07-25,0.0,0.4,0.0
2003-07-26,0.0,0.4,0.0
2003-07-27,0.0,0.7,1.6
2003-07-28,0.0,0.0,0.0
2003-07-29,0.0,0.0,0.0
2003-07-30,0.0,0.0,0.0
2003-07-31,0.0,0.0,0.0
2003-08-01,0.0,0.0,0.0
2003-08-02,0.0,0.0,0.0
2003-08-03,0.0,0.0,0.0
2003-08-04,0.0,0.0,0.0
2003-08-05,0.0,0.0,0.0
2003-08-06,0.0,0.0,0.0
2003-08-07,0.0,1.2,0.0
2003-08-08,0.0,0.0,0.0
2003-08-09,0.0,0.0,0.0
2003-08-10,0.0,0.0,0.0
2003-08-11,0.0,3.7,3.8
2003-08-12,0.0,0.0,0.0
2003-08-13,0.0,0.1,0.0
2003-08-14,1.0,6.8,9.6
2003-08-15,1.9,0.0,0.0
2003-08-16,0.0,0.0,0.0
2003-08-17,0.0,0.4,0.0
2003-08-18,0.0,0.6,0.0
2003-08-19,0.0,2.1,1.5
2003-08-20,0.0,0.0,0.0
2003-08-21,0.0,0.0,0.0
2003-08-22,0.0,0.0,0.0
2003-08-23,0.0,0.0,0.0
2003-08-24,1.0,0.0,0.0
2003-08-25,0.0,0.0,0.0
2003-08-26,0.0,1.4,0.0
2003-08-27,0.0,0.4,0.0
2003-08-28,0.0,0.2,0.0
2003-08-29,0.0,0.0,0.0
2003-08-30,0.0,0.5,0.0
2003-08-31,0.0,0.0,0.0
2003-09-01,0.0,1.8,1.0
2003-09-02,0.0,0.0,0.0
2003-09-03,0.0,0.1,0.0
2003-09-04,0.0,2.8,1.9
2003-09-05,1.0,0.0,0.0
2003-09-06,0.0,0.0,0.0
2003-09-07,0.0,0.0,0.0
2003-09-08,0.0,0.0,0.0
2003-09-09,0.0,4.2,3.6
2003-09-10,0.0,0.0,0.0
2003-09-11,5.1,6.9,48.6
2003-09-12,10.0,1.9,4.6
2003-09-13,0.0,2.9,7.6
2003-09-14,0.0,0.5,0.0
2003-09-15,1.9,1.7,4.6
2003-09-16,0.0,0.1,0.0
2003-09-17,0.0,2.0,4.8
2003-09-18,0.0,0.0,0.0
2003-09-19,0.0,0.0,0.0
2003-09-20,0.0,0.2,0.0
2003-09-21,0.0,0.0,0.0
2003-09-22,0.0,0.0,0.0
2003-09-23,0.0,2.7,4.6
2003-09-24,0.0,2.2,3.4
2003-09-25,3.4,0.1,0.0
2003-09-26,0.0,0.3,0.0
2003-09-27,0.0,0.1,0.0
2003-09-28,0.0,0.0,0.0
2003-09-29,0.0,0.1,0.0
2003-09-30,0.0,0.1,0.0
2003-10-01,15.9,0.8,1.0
2003-10-02,0.0,2.6,2.9
2003-10-03,1.4,0.0,0.0
2003-10-04,0.0,0.1,0.0
2003-10-05,0.0,0.0,0.0
2003-10-06,0.0,0.3,0.0
2003-10-07,1.2,4.0,6.0
2003-10-08,0.0,0.0,0.0
2003-10-09,0.0,0.2,0.0
2003-10-10,0.0,0.1,0.0
2003-10-11,0.0,0.0,0.0
2003-10-12,0.0,0.2,0.0
2003-10-13,0.0,1.8,3.2
2003-10-14,0.0,7.0,11.5
2003-10-15,0.0,0.4,0.0
2003-10-16,0.0,0.0,0.0
2003-10-17,0.0,0.0,0.0
2003-10-18,0.0,0.8,1.0
2003-10-19,0.0,0.0,0.0
2003-10-20,0.0,0.0,0.0
2003-10-21,0.0,0.0,0.0
2003-10-22,0.0,0.0,0.0
2003-10-23,0.0,0.0,0.0
2003-10-24,0.0,0.0,0.0
2003-10-25,0.0,0.0,0.0
2003-10-26,0.0,2.9,4.1
2003-10-27,0.0,0.7,0.0
2003-10-28,0.0,0.0,0.0
2003-10-29,0.0,0.0,0.0
2003-10-30,0.0,0.1,0.0
2003-10-31,0.0,11.5,19.3
2003-11-01,0.0,14.1,26.8
2003-11-02,0.0,0.0,0.0
2003-11-03,0.0,0.0,0.0
2003-11-04,0.0,0.2,0.0
2003-11-05,0.0,0.0,0.0
2003-11-06,0.0,0.0,0.0
2003-11-07,0.0,0.3,0.0
2003-11-08,0.0,3.3,5.6
2003-11-09,0.0,0.8,1.0
2003-11-10,0.0,0.0,0.0
2003-11-11,0.0,0.0,0.0
2003-11-12,0.0,0.1,0.0
2003-11-13,0.0,0.0,0.0
2003-11-14,0.0,5.5,9.5
2003-11-15,0.0,9.6,13.8
2003-11-16,1.0,2.4,4.8
2003-11-17,0.0,2.4,4.8
2003-11-18,0.0,3.6,6.5
2003-11-19,0.0,2.1,4.3
2003-11-20,0.0,1.5,3.5
2003-11-21,0.0,0.7,0.0
2003-11-22,0.0,0.7,0.0
2003-11-23,0.0,27.8,44.2
2003-11-24,0.0,7.6,7.1
2003-11-25,0.0,1.6,0.0
2003-11-26,0.0,11.2,12.2
2003-11-27,0.0,9.4,9.7
2003-11-28,0.0,12.6,14.1
2003-11-29,0.0,0.1,0.0
2003-11-30,0.0,0.4,0.0
2003-12-01,3.0,0.6,0.0
2003-12-02,2.2,3.5,3.4
2003-12-03,6.9,2.2,2.2
2003-12-04,6.3,0.6,0.0
2003-12-05,3.4,1.9,1.9
2003-12-06,1.0,2.2,2.2
2003-12-07,0.0,6.3,6.3
2003-12-08,1.2,5.8,5.7
2003-12-09,0.0,1.9,1.9
2003-12-10,0.0,7.5,7.4
2003-12-11,0.0,3.0,1.2
2003-12-12,0.0,10.4,9.6
2003-12-13,27.5,2.7,1.0
2003-12-14,0.0,0.2,0.0
2003-12-15,0.0,23.9,26.2
2003-12-16,2.2,11.8,11.3
2003-12-17,0.0,10.2,9.4
2003-12-18,1.0,32.7,37.2
2003-12-19,13.3,17.3,17.4
2003-12-20,14.5,4.4,2.9
2003-12-21,6.3,1.8,1.0
2003-12-22,28.2,0.8,0.0
2003-12-23,1.0,1.3,0.0
2003-12-24,1.7,0.9,0.0
2003-12-25,0.0,10.4,10.4
2003-12-26,3.7,2.6,1.1
2003-12-27,0.0,4.0,2.7
2003-12-28,0.0,3.9,2.6
2003-12-29,0.0,2.6,1.1
2003-12-30,48.9,0.2,0.0
2003-12-31,0.0,0.3,0.0
2004-01-01,0.0,0.9,1.6
2004-01-02,0.0,0.5,0.0
2004-01-03,1.2,0.6,0.0
2004-01-04,0.0,7.8,8.8
2004-01-05,8.4,2.5,3.1
2004-01-06,11.3,19.7,22.2
2004-01-07,29.0,35.1,40.8
2004-01-08,11.8,3.8,4.5
2004-01-09,0.0,10.8,12.1
2004-01-10,60.0,4.0,4.7
2004-01-11,33.0,4.7,4.7
2004-01-12,8.3,0.5,0.0
2004-01-13,44.6,1.4,1.0
2004-01-14,11.3,8.1,8.5
2004-01-15,27.5,0.4,0.0
2004-01-16,0.0,0.5,0.0
2004-01-17,0.0,0.1,0.0
2004-01-18,0.0,0.3,0.0
2004-01-19,0.0,14.3,15.4
2004-01-20,8.6,1.0,1.0
2004-01-21,0.0,10.5,9.9
2004-01-22,0.0,1.6,1.0
2004-01-23,0.0,0.5,0.0
2004-01-24,0.0,0.4,0.0
2004-01-25,0.0,3.4,2.7
2004-01-26,0.0,8.8,8.3
2004-01-27,0.0,1.4,1.0
2004-01-28,1.8,5.8,5.2
2004-01-29,26.6,44.4,47.1
2004-01-30,9.3,94.7,67.1
2004-01-31,70.2,37.4,41.3
2004-02-01,13.2,11.5,10.0
2004-02-02,0.0,17.9,16.5
2004-02-03,3.6,24.2,24.9
2004-02-04,23.5,8.5,7.1
2004-02-05,2.8,23.7,24.7
2004-02-06,40.0,4.1,2.9
2004-02-07,0.0,18.2,16.7
2004-02-08,3.1,2.7,1.6
2004-02-09,0.0,0.9,0.0
2004-02-10,0.0,1.0,0.0
2004-02-11,0.0,1.4,1.3
2004-02-12,0.0,3.2,3.3
2004-02-13,16.8,4.0,4.2
2004-02-14,11.0,2.6,2.7
2004-02-15,6.5,3.3,3.4
2004-02-16,6.0,4.0,4.2
2004-02-17,0.0,33.4,48.2
2004-02-18,20.4,9.0,10.2
2004-02-19,8.4,5.7,6.2
2004-02-20,4.6,0.9,0.0
2004-02-21,8.0,0.9,0.0
2004-02-22,59.0,0.6,0.0
2004-02-23,1.7,1.3,2.5
2004-02-24,0.8,2.8,3.6
2004-02-25,6.0,12.0,11.8
2004-02-26,4.0,30.1,27.9
2004-02-27,30.9,23.8,17.7
2004-02-28,4.6,38.0,38.3
2004-02-29,38.6,12.8,12.5
2004-03-01,0.7,8.7,9.3
2004-03-02,95.6,3.7,4.1
2004-03-03,73.9,3.2,3.5
2004-03-04,0.0,0.1,0.0
2004-03-05,0.7,0.5,0.0
2004-03-06,1.2,2.1,2.3
2004-03-07,0.0,6.7,7.2
2004-03-08,0.0,10.5,11.1
2004-03-09,1.5,4.5,4.9
2004-03-10,0.0,0.7,0.0
2004-03-11,0.0,14.7,16.4
2004-03-12,0.0,2.0,2.4
2004-03-13,1.7,14.5,17.1
2004-03-14,8.5,8.6,9.8
2004-03-15,2.2,1.0,1.2
2004-03-16,0.0,0.2,0.0
2004-03-17,0.0,0.6,0.0
2004-03-18,11.9,1.4,1.8
2004-03-19,1.1,2.8,3.4
2004-03-20,0.0,0.2,0.0
2004-03-21,0.0,2.0,4.2
2004-03-22,2.7,5.3,7.2
2004-03-23,0.0,1.6,3.8
2004-03-24,0.0,0.1,0.0
2004-03-25,0.0,0.2,0.0
2004-03-26,0.5,0.1,0.0
2004-03-27,0.0,0.8,0.0
2004-03-28,6.2,0.7,0.0
2004-03-29,0.0,0.5,0.0
2004-03-30,0.0,0.1,0.0
2004-03-31,0.0,0.1,0.0
2004-04-01,0.0,1.1,1.3
2004-04-02,0.0,0.4,0.0
2004-04-03,0.0,0.3,0.0
2004-04-04,19.3,0.0,0.0
2004-04-05,0.0,0.1,0.0
2004-04-06,0.0,0.0,0.0
2004-04-07,0.0,0.4,0.0
2004-04-08,19.0,2.5,2.9
2004-04-09,0.8,0.0,0.0
2004-04-10,0.0,1.0,1.2
2004-04-11,3.2,0.0,0.0
2004-04-12,0.0,0.0,0.0
2004-04-13,0.0,0.1,0.0
2004-04-14,0.0,0.0,0.0
2004-04-15,0.0,0.0,0.0
2004-04-16,0.0,0.4,0.0
2004-04-17,0.0,3.5,5.6
2004-04-18,0.0,0.1,0.0
2004-04-19,0.5,0.0,0.0
2004-04-20,0.0,0.0,0.0
2004-04-21,0.0,0.9,0.0
2004-04-22,0.0,0.6,0.0
2004-04-23,27.6,1.4,1.8
2004-04-24,24.0,0.1,0.0
2004-04-25,0.0,0.0,0.0
2004-04-26,16.0,0.1,0.0
2004-04-27,0.0,0.0,0.0
2004-04-28,0.0,1.9,2.3
2004-04-29,0.0,0.0,0.0
2004-04-30,0.0,1.5,1.9
2004-05-01,0.0,0.4,0.0
2004-05-02,2.8,0.9,0.0
2004-05-03,5.1,2.0,2.2
2004-05-04,0.0,3.0,3.4
2004-05-05,3.2,8.2,6.8
2004-05-06,0.0,0.0,0.0
2004-05-07,0.0,0.2,0.0
2004-05-08,0.0,1.5,1.8
2004-05-09,0.0,0.5,0.0
2004-05-10,0.0,4.0,3.7
2004-05-11,0.0,2.1,2.3
2004-05-12,0.0,0.1,0.0
2004-05-13,0.0,0.0,0.0
2004-05-14,1.6,0.0,0.0
2004-05-15,0.0,3.4,3.5
2004-05-16,0.0,0.2,0.0
2004-05-17,0.0,1.6,2.1
2004-05-18,1.3,0.3,0.0
2004-05-19,1.7,1.2,0.0
2004-05-20,1.0,3.9,3.4
2004-05-21,1.2,1.8,1.8
2004-05-22,0.0,1.6,1.5
2004-05-23,0.0,0.5,0.0
2004-05-24,24.6,4.1,5.9
2004-05-25,0.0,0.4,0.0
2004-05-26,0.0,0.1,0.0
2004-05-27,0.0,3.0,4.4
2004-05-28,46.5,10.5,16.6
2004-05-29,56.8,10.5,17.1
2004-05-30,7.0,9.8,15.4
2004-05-31,4.7,0.1,0.0
2004-06-01,0.0,1.5,3.0
2004-06-02,0.0,0.9,0.0
2004-06-03,0.0,0.2,0.0
2004-06-04,0.0,0.8,0.0
2004-06-05,0.0,0.7,0.0
2004-06-06,0.0,5.4,5.5
2004-06-07,0.0,0.0,0.0
2004-06-08,0.0,0.1,0.0
2004-06-09,0.0,0.0,0.0
2004-06-10,0.0,0.0,0.0
2004-06-11,0.0,0.0,0.0
2004-06-12,0.0,1.6,2.3
2004-06-13,0.0,0.3,0.0
2004-06-14,0.0,0.0,0.0
2004-06-15,0.0,0.0,0.0
2004-06-16,0.0,0.0,0.0
2004-06-17,0.0,0.0,0.0
2004-06-18,0.0,0.0,0.0
2004-06-19,0.0,0.0,0.0
2004-06-20,0.0,0.0,0.0
2004-06-21,0.0,0.0,0.0
2004-06-22,0.0,0.3,0.0
2004-06-23,0.0,0.5,0.0
2004-06-24,0.0,0.0,0.0
2004-06-25,0.0,0.0,0.0
2004-06-26,0.0,0.0,0.0
2004-06-27,0.0,0.0,0.0
2004-06-28,0.0,0.0,0.0
2004-06-29,0.0,0.0,0.0
2004-06-30,0.5,0.0,0.0
2004-07-01,0.0,0.0,0.0
2004-07-02,1.0,0.2,0.0
2004-07-03,6.3,1.0,0.0
2004-07-04,6.0,6.9,21.9
2004-07-05,0.0,0.2,0.0
2004-07-06,0.0,0.0,0.0
2004-07-07,0.0,0.0,0.0
2004-07-08,0.0,0.0,0.0
2004-07-09,0.0,0.6,0.0
2004-07-10,0.0,0.6,0.0
2004-07-11,0.0,0.7,0.0
2004-07-12,0.0,0.5,0.0
2004-07-13,0.0,0.3,0.0
2004-07-14,0.0,0.1,0.0
2004-07-15,0.0,0.7,0.0
2004-07-16,4.7,6.1,7.0
2004-07-17,22.7,0.0,0.0
2004-07-18,0.0,0.0,0.0
2004-07-19,0.0,0.0,0.0
2004-07-20,0.0,0.0,0.0
2004-07-21,0.0,0.0,0.0
2004-07-22,0.0,0.0,0.0
2004-07-23,0.0,0.0,0.0
2004-07-24,0.0,0.0,0.0
2004-07-25,0.0,0.0,0.0
2004-07-26,0.0,0.0,0.0
2004-07-27,0.0,0.0,0.0
2004-07-28,0.0,0.0,0.0
2004-07-29,0.0,0.0,0.0
2004-07-30,0.0,1.1,3.1
2004-07-31,0.0,0.0,0.0
2004-08-01,0.0,5.0,10.5
2004-08-02,0.0,0.0,0.0
2004-08-03,0.0,7.0,18.5
2004-08-04,0.0,0.0,0.0
2004-08-05,0.0,0.1,0.0
2004-08-06,0.0,0.0,0.0
2004-08-07,1.9,0.0,0.0
2004-08-08,1.0,0.0,0.0
2004-08-09,0.0,0.0,0.0
2004-08-10,0.0,0.0,0.0
2004-08-11,0.0,0.0,0.0
2004-08-12,0.0,0.0,0.0
2004-08-13,0.0,0.0,0.0
2004-08-14,0.0,2.1,1.5
2004-08-15,0.0,0.4,0.0
2004-08-16,0.0,4.8,4.7
2004-08-17,0.0,1.4,0.0
2004-08-18,0.0,0.0,0.0
2004-08-19,0.0,0.0,0.0
2004-08-20,0.0,0.0,0.0
2004-08-21,0.0,0.0,0.0
2004-08-22,0.0,0.0,0.0
2004-08-23,0.0,0.0,0.0
2004-08-24,0.0,0.0,0.0
2004-08-25,0.0,0.1,0.0
2004-08-26,0.0,0.0,0.0
2004-08-27,0.0,0.0,0.0
2004-08-28,0.0,0.0,0.0
2004-08-29,0.0,1.1,0.0
2004-08-30,0.0,2.7,10.1
2004-08-31,4.0,1.3,0.0
2004-09-01,0.5,2.3,1.4
2004-09-02,0.0,0.0,0.0
2004-09-03,0.0,0.1,0.0
2004-09-04,0.0,0.0,0.0
2004-09-05,0.0,0.0,0.0
2004-09-06,0.0,0.0,0.0
2004-09-07,0.0,0.0,0.0
2004-09-08,0.0,0.0,0.0
2004-09-09,0.0,0.0,0.0
2004-09-10,0.0,0.2,0.0
2004-09-11,0.0,0.1,0.0
2004-09-12,0.0,0.3,0.0
2004-09-13,0.0,0.8,1.0
2004-09-14,0.9,2.1,4.9
2004-09-15,5.6,0.0,0.0
2004-09-16,0.0,0.0,0.0
2004-09-17,0.0,0.6,1.0
2004-09-18,0.0,0.3,0.0
2004-09-19,0.0,0.1,0.0
2004-09-20,0.0,0.3,0.0
2004-09-21,0.7,4.0,6.5
2004-09-22,1.4,0.1,0.0
2004-09-23,5.9,0.0,0.0
2004-09-24,0.0,0.0,0.0
2004-09-25,0.0,0.0,0.0
2004-09-26,0.0,0.1,0.0
2004-09-27,0.0,0.0,0.0
2004-09-28,0.0,0.0,0.0
2004-09-29,0.0,1.5,2.5
2004-09-30,0.0,58.6,62.4
2004-10-01,0.0,0.1,0.0
2004-10-02,0.0,0.0,0.0
2004-10-03,0.0,0.1,0.0
2004-10-04,0.0,0.3,0.0
2004-10-05,0.0,0.1,0.0
2004-10-06,0.0,0.0,0.0
2004-10-07,0.0,1.6,1.5
2004-10-08,1.6,0.0,0.0
2004-10-09,0.0,0.0,0.0
2004-10-10,0.0,0.0,0.0
2004-10-11,0.0,0.0,0.0
2004-10-12,0.0,0.0,0.0
2004-10-13,0.0,1.0,1.3
2004-10-14,0.0,0.0,0.0
2004-10-15,0.0,0.0,0.0
2004-10-16,0.0,0.0,0.0
2004-10-17,0.0,0.0,0.0
2004-10-18,0.0,0.0,0.0
2004-10-19,0.0,0.1,0.0
2004-10-20,0.0,0.0,0.0
2004-10-21,0.0,0.3,0.0
2004-10-22,0.0,0.0,0.0
2004-10-23,0.0,1.2,1.0
2004-10-24,0.0,3.7,5.3
2004-10-25,0.0,0.0,0.0
2004-10-26,0.0,3.3,4.2
2004-10-27,1.4,0.5,0.0
2004-10-28,0.0,2.5,2.9
2004-10-29,1.2,11.6,18.6
2004-10-30,0.0,0.2,0.0
2004-10-31,0.0,0.1,0.0
2004-11-01,0.0,0.3,0.0
2004-11-02,0.0,0.0,0.0
2004-11-03,0.0,1.9,2.9
2004-11-04,0.0,0.0,0.0
2004-11-05,0.0,0.0,0.0
2004-11-06,3.3,0.0,0.0
2004-11-07,0.0,0.0,0.0
2004-11-08,0.0,0.2,0.0
2004-11-09,4.0,0.0,0.0
2004-11-10,0.0,0.0,0.0
2004-11-11,2.2,3.1,5.9
2004-11-12,83.9,1.8,3.9
2004-11-13,0.0,0.1,0.0
2004-11-14,3.7,0.0,0.0
2004-11-15,0.0,0.0,0.0
2004-11-16,0.0,0.4,0.0
2004-11-17,0.0,0.0,0.0
2004-11-18,0.0,0.1,0.0
2004-11-19,0.0,0.0,0.0
2004-11-20,0.0,23.8,33.0
2004-11-21,3.7,6.0,5.0
2004-11-22,0.0,15.7,24.2
2004-11-23,1.4,3.9,2.1
2004-11-24,4.4,8.6,8.5
2004-11-25,0.0,53.8,76.9
2004-11-26,4.4,7.6,7.2
2004-11-27,0.0,11.8,13.1
2004-11-28,3.2,2.2,0.0
2004-11-29,46.3,15.4,24.4
2004-11-30,8.8,31.5,49.1
2004-12-01,28.5,50.0,63.5
2004-12-02,11.8,60.1,81.6
2004-12-03,105.6,51.6,66.0
2004-12-04,16.2,4.1,4.0
2004-12-05,16.2,0.0,0.0
2004-12-06,0.0,0.0,0.0
2004-12-07,0.0,4.9,4.9
2004-12-08,9.3,1.3,1.3
2004-12-09,0.0,1.9,1.9
2004-12-10,3.6,0.1,0.0
2004-12-11,0.0,0.4,0.0
2004-12-12,2.6,0.4,0.0
2004-12-13,0.0,0.0,0.0
2004-12-14,0.0,0.1,0.0
2004-12-15,0.0,0.5,0.0
2004-12-16,0.0,5.1,3.7
2004-12-17,1.0,11.8,11.2
2004-12-18,42.1,1.6,0.0
2004-12-19,0.7,0.5,0.0
2004-12-20,4.8,17.7,17.8
2004-12-21,25.4,10.3,10.3
2004-12-22,0.0,17.5,19.5
2004-12-23,0.0,7.6,7.0
2004-12-24,0.0,6.2,5.3
2004-12-25,0.0,18.1,19.9
2004-12-26,0.0,20.3,21.9
2004-12-27,0.0,47.9,65.9
2004-12-28,0.0,12.4,12.9
2004-12-29,0.0,18.9,20.6
2004-12-30,0.0,17.1,18.6
2004-12-31,0.0,0.9,0.0
2005-01-01,0.0,0.2,0.0
2005-01-02,0.0,0.2,0.0
2005-01-03,0.0,3.4,4.0
2005-01-04,1.5,0.4,0.0
2005-01-05,0.0,0.6,0.0
2005-01-06,4.0,1.4,2.0
2005-01-07,0.8,0.0,0.0
2005-01-08,0.0,0.0,0.0
2005-01-09,0.0,0.0,0.0
2005-01-10,3.3,0.0,0.0
2005-01-11,50.5,0.4,0.0
2005-01-12,8.5,0.0,0.0
2005-01-13,0.0,0.0,0.0
2005-01-14,0.0,0.1,0.0
2005-01-15,1.8,2.5,2.1
2005-01-16,0.0,22.6,25.3
2005-01-17,10.8,1.7,1.2
2005-01-18,0.0,11.0,11.8
2005-01-19,11.5,9.3,9.9
2005-01-20,0.6,47.7,59.6
2005-01-21,30.0,3.5,2.8
2005-01-22,0.0,0.1,0.0
2005-01-23,0.0,0.3,0.0
2005-01-24,4.0,0.7,0.0
2005-01-25,0.0,0.1,0.0
2005-01-26,2.0,0.3,0.0
2005-01-27,0.6,0.0,0.0
2005-01-28,0.0,13.4,12.8
2005-01-29,0.0,2.1,1.3
2005-01-30,0.0,1.0,0.0
2005-01-31,0.0,9.8,9.2
2005-02-01,0.0,11.3,9.9
2005-02-02,7.0,13.0,11.6
2005-02-03,36.9,48.3,51.5
2005-02-04,72.1,0.2,0.0
2005-02-05,38.9,3.8,2.6
2005-02-06,17.6,2.3,1.3
2005-02-07,0.0,0.3,0.0
2005-02-08,4.3,0.3,0.0
2005-02-09,0.0,12.8,11.4
2005-02-10,23.7,3.3,2.2
2005-02-11,2.0,5.1,5.5
2005-02-12,2.5,15.0,17.3
2005-02-13,43.4,7.3,8.1
2005-02-14,8.3,2.2,2.2
2005-02-15,20.5,0.9,1.0
2005-02-16,7.0,18.9,19.2
2005-02-17,58.4,1.5,1.4
2005-02-18,0.0,2.6,2.6
2005-02-19,0.0,1.6,1.5
2005-02-20,0.0,0.4,0.0
2005-02-21,2.6,1.4,2.5
2005-02-22,0.0,1.1,2.3
2005-02-23,0.0,2.5,3.4
2005-02-24,4.4,3.3,4.1
2005-02-25,6.4,0.3,0.0
2005-02-26,0.0,0.0,0.0
2005-02-27,0.0,1.3,2.5
2005-02-28,0.0,1.7,2.7
2005-03-01,0.0,0.5,0.0
2005-03-02,8.0,1.0,1.3
2005-03-03,0.0,11.9,12.6
2005-03-04,0.7,3.0,3.3
2005-03-05,1.4,4.3,4.6
2005-03-06,12.6,26.2,27.8
2005-03-07,20.7,2.8,3.1
2005-03-08,7.0,1.8,2.1
2005-03-09,11.7,1.2,1.4
2005-03-10,2.6,12.4,13.2
2005-03-11,50.9,0.0,0.0
2005-03-12,0.0,1.8,2.2
2005-03-13,7.8,3.9,4.7
2005-03-14,1.0,1.8,2.2
2005-03-15,38.4,10.6,11.7
2005-03-16,14.4,0.2,0.0
2005-03-17,0.0,0.2,0.0
2005-03-18,1.7,4.2,5.0
2005-03-19,0.5,0.2,0.0
2005-03-20,0.0,0.7,0.0
2005-03-21,0.0,3.9,5.9
2005-03-22,0.0,0.6,0.0
2005-03-23,0.0,0.0,0.0
2005-03-24,0.0,0.8,0.0
2005-03-25,4.9,1.6,3.7
2005-03-26,0.0,1.4,3.5
2005-03-27,0.0,27.6,25.0
2005-03-28,13.5,9.1,10.4
2005-03-29,9.0,5.0,6.9
2005-03-30,12.0,5.3,7.1
2005-03-31,0.8,42.9,38.0
2005-04-01,24.6,42.0,55.3
2005-04-02,9.2,18.1,22.4
2005-04-03,2.7,3.2,3.8
2005-04-04,2.3,8.6,10.3
2005-04-05,0.5,14.3,19.2
2005-04-06,13.0,24.3,31.8
2005-04-07,67.5,70.4,60.9
2005-04-08,7.9,8.8,11.5
2005-04-09,30.0,5.1,6.1
2005-04-10,8.0,1.3,1.4
2005-04-11,30.0,23.3,26.8
2005-04-12,16.0,0.8,0.0
2005-04-13,5.0,1.5,3.6
2005-04-14,4.0,0.0,0.0
2005-04-15,5.7,3.2,5.3
2005-04-16,0.0,0.0,0.0
2005-04-17,0.0,0.7,0.0
2005-04-18,0.0,0.0,0.0
2005-04-19,0.0,0.0,0.0
2005-04-20,0.0,1.2,3.3
2005-04-21,3.0,0.1,0.0
2005-04-22,0.0,0.0,0.0
2005-04-23,0.0,0.2,0.0
2005-04-24,0.0,0.0,0.0
2005-04-25,59.5,0.0,0.0
2005-04-26,5.4,0.0,0.0
2005-04-27,3.5,0.5,0.0
2005-04-28,22.8,0.6,0.0
2005-04-29,13.0,2.1,2.4
2005-04-30,4.0,0.0,0.0
2005-05-01,0.0,0.1,0.0
2005-05-02,0.0,0.0,0.0
2005-05-03,0.0,0.0,0.0
2005-05-04,0.0,2.1,2.3
2005-05-05,0.0,0.3,0.0
2005-05-06,0.0,0.0,0.0
2005-05-07,0.0,0.0,0.0
2005-05-08,0.0,0.2,0.0
2005-05-09,0.0,0.0,0.0
2005-05-10,0.0,2.5,2.6
2005-05-11,0.0,0.0,0.0
2005-05-12,0.0,0.0,0.0
2005-05-13,0.0,0.0,0.0
2005-05-14,0.0,0.0,0.0
2005-05-15,0.0,0.0,0.0
2005-05-16,0.0,0.0,0.0
2005-05-17,0.0,0.0,0.0
2005-05-18,0.0,0.0,0.0
2005-05-19,0.0,0.1,0.0
2005-05-20,0.0,1.8,2.2
2005-05-21,0.0,0.4,0.0
2005-05-22,0.0,1.7,1.7
2005-05-23,0.0,0.5,0.0
2005-05-24,0.0,0.1,0.0
2005-05-25,0.0,0.0,0.0
2005-05-26,0.0,0.0,0.0
2005-05-27,0.0,0.1,0.0
2005-05-28,0.0,0.0,0.0
2005-05-29,0.0,0.3,0.0
2005-05-30,0.0,0.0,0.0
2005-05-31,0.0,1.8,1.7
2005-06-01,0.0,2.9,3.9
2005-06-02,0.0,0.1,0.0
2005-06-03,0.0,0.1,0.0
2005-06-04,0.0,0.0,0.0
2005-06-05,0.0,0.3,0.0
2005-06-06,0.0,1.9,3.2
2005-06-07,22.5,0.5,0.0
2005-06-08,1.0,0.0,0.0
2005-06-09,0.0,0.1,0.0
2005-06-10,0.0,0.0,0.0
2005-06-11,0.5,10.9,14.1
2005-06-12,1.8,0.4,0.0
2005-06-13,0.0,0.3,0.0
2005-06-14,0.0,3.1,3.8
2005-06-15,0.0,4.1,4.7
2005-06-16,1.5,0.6,0.0
2005-06-17,0.0,0.9,0.0
2005-06-18,1.0,0.4,0.0
2005-06-19,0.0,3.9,4.6
2005-06-20,0.0,0.3,0.0
2005-06-21,8.5,4.2,19.3
2005-06-22,0.0,0.1,0.0
2005-06-23,0.0,1.3,2.6
2005-06-24,0.0,2.4,5.0
2005-06-25,4.3,3.2,6.3
2005-06-26,0.0,0.5,0.0
2005-06-27,0.0,0.2,0.0
2005-06-28,15.7,0.1,0.0
2005-06-29,0.0,0.0,0.0
2005-06-30,0.0,0.0,0.0
2005-07-01,6.5,0.0,0.0
2005-07-02,0.0,0.1,0.0
2005-07-03,0.0,1.1,0.0
2005-07-04,0.0,7.7,25.2
2005-07-05,1.2,2.1,2.2
2005-07-06,0.0,0.3,0.0
2005-07-07,0.0,1.5,1.2
2005-07-08,0.0,1.7,1.5
2005-07-09,0.0,0.4,0.0
2005-07-10,9.7,1.2,1.1
2005-07-11,9.0,0.7,0.0
2005-07-12,0.0,7.1,9.1
2005-07-13,0.0,3.8,4.5
2005-07-14,0.0,0.5,0.0
2005-07-15,0.7,0.3,0.0
2005-07-16,0.0,0.1,0.0
2005-07-17,0.0,0.4,0.0
2005-07-18,0.0,0.0,0.0
2005-07-19,0.0,0.0,0.0
2005-07-20,0.0,0.0,0.0
2005-07-21,0.0,0.3,0.0
2005-07-22,0.0,0.0,0.0
2005-07-23,0.0,1.0,2.3
2005-07-24,0.0,0.0,0.0
2005-07-25,0.0,1.2,2.8
2005-07-26,0.0,0.3,0.0
2005-07-27,2.0,0.4,0.0
2005-07-28,0.0,0.0,0.0
2005-07-29,0.0,1.4,3.3
2005-07-30,0.0,0.2,0.0
2005-07-31,0.0,2.1,4.5
2005-08-01,0.0,0.3,0.0
2005-08-02,0.0,0.2,0.0
2005-08-03,1.3,0.1,0.0
2005-08-04,0.0,0.0,0.0
2005-08-05,0.0,0.0,0.0
2005-08-06,0.0,0.0,0.0
2005-08-07,0.0,1.2,0.0
2005-08-08,0.0,0.6,0.0
2005-08-09,0.0,2.1,2.2
2005-08-10,0.0,1.2,0.0
2005-08-11,10.2,6.6,9.2
2005-08-12,0.0,0.1,0.0
2005-08-13,0.0,1.4,0.0
2005-08-14,0.0,0.2,0.0
2005-08-15,0.0,0.5,0.0
2005-08-16,0.0,3.0,3.0
2005-08-17,2.0,0.0,0.0
2005-08-18,3.5,0.8,0.0
2005-08-19,0.0,0.6,0.0
2005-08-20,0.0,0.3,0.0
2005-08-21,0.0,0.1,0.0
2005-08-22,0.0,0.0,0.0
2005-08-23,0.0,0.1,0.0
2005-08-24,0.0,1.4,0.0
2005-08-25,0.0,1.9,1.7
2005-08-26,15.3,0.9,0.0
2005-08-27,0.0,0.0,0.0
2005-08-28,0.0,0.2,0.0
2005-08-29,10.0,0.9,0.0
2005-08-30,1.0,0.7,0.0
2005-08-31,0.0,0.0,0.0
2005-09-01,0.0,0.4,0.0
2005-09-02,0.0,0.0,0.0
2005-09-03,0.0,0.0,0.0
2005-09-04,0.0,0.0,0.0
2005-09-05,0.0,0.0,0.0
2005-09-06,0.0,0.2,0.0
2005-09-07,0.8,0.1,0.0
2005-09-08,0.0,0.0,0.0
2005-09-09,0.0,0.2,0.0
2005-09-10,0.0,0.0,0.0
2005-09-11,3.5,0.0,0.0
2005-09-12,0.8,0.1,0.0
2005-09-13,0.0,1.1,2.0
2005-09-14,0.0,0.0,0.0
2005-09-15,0.0,0.1,0.0
2005-09-16,0.0,0.3,0.0
2005-09-17,0.0,0.2,0.0
2005-09-18,0.0,0.7,1.0
2005-09-19,0.0,0.0,0.0
2005-09-20,0.0,19.3,78.2
2005-09-21,0.0,0.2,0.0
2005-09-22,0.0,0.1,0.0
2005-09-23,0.0,1.1,2.1
2005-09-24,0.0,4.0,7.2
2005-09-25,2.8,0.0,0.0
2005-09-26,0.5,0.0,0.0
2005-09-27,0.0,3.0,5.0
2005-09-28,0.0,0.2,0.0
2005-09-29,1.2,1.6,3.2
2005-09-30,24.2,0.1,0.0
2005-10-01,0.0,0.3,0.0
2005-10-02,22.0,0.0,0.0
2005-10-03,0.0,0.0,0.0
2005-10-04,0.0,2.3,2.4
2005-10-05,0.5,0.4,0.0
2005-10-06,0.0,0.5,0.0
2005-10-07,36.0,0.0,0.0
2005-10-08,0.0,0.0,0.0
2005-10-09,0.0,3.2,4.0
2005-10-10,0.0,0.0,0.0
2005-10-11,5.5,0.9,1.2
2005-10-12,16.0,1.1,1.5
2005-10-13,0.0,7.8,20.9
2005-10-14,0.0,0.1,0.0
2005-10-15,0.0,6.4,10.6
2005-10-16,0.0,2.6,4.6
2005-10-17,0.0,51.4,51.7
2005-10-18,11.4,3.8,6.4
2005-10-19,5.5,18.8,46.4
2005-10-20,33.0,6.6,10.7
2005-10-21,3.5,12.7,21.2
2005-10-22,0.0,5.6,8.4
2005-10-23,2.0,13.7,23.1
2005-10-24,0.0,1.0,1.0
2005-10-25,3.4,0.8,0.0
2005-10-26,0.0,0.3,0.0
2005-10-27,0.6,5.2,7.6
2005-10-28,0.0,0.0,0.0
2005-10-29,0.0,5.3,8.0
2005-10-30,0.5,10.1,15.1
2005-10-31,0.0,4.2,6.2
2005-11-01,0.0,0.0,0.0
2005-11-02,0.0,0.4,0.0
2005-11-03,0.0,0.3,0.0
2005-11-04,0.0,0.0,0.0
2005-11-05,0.0,0.0,0.0
2005-11-06,0.0,0.0,0.0
2005-11-07,0.0,0.3,0.0
2005-11-08,0.0,0.0,0.0
2005-11-09,0.0,0.2,0.0
2005-11-10,0.0,0.0,0.0
2005-11-11,0.0,0.0,0.0
2005-11-12,0.0,0.0,0.0
2005-11-13,0.0,0.0,0.0
2005-11-14,0.0,0.0,0.0
2005-11-15,0.0,0.2,0.0
2005-11-16,0.0,0.8,2.2
2005-11-17,1.3,0.5,0.0
2005-11-18,19.9,1.9,4.0
2005-11-19,10.1,15.1,24.9
2005-11-20,13.4,18.0,27.6
2005-11-21,37.0,1.7,0.0
2005-11-22,0.0,1.2,0.0
2005-11-23,0.0,1.5,0.0
2005-11-24,3.0,0.3,0.0
2005-11-25,0.0,0.0,0.0
2005-11-26,0.0,0.0,0.0
2005-11-27,0.0,0.0,0.0
2005-11-28,0.0,2.4,1.0
2005-11-29,2.9,0.7,0.0
2005-11-30,2.3,32.3,50.4
2005-12-01,12.5,12.1,12.1
2005-12-02,0.5,24.3,25.4
2005-12-03,0.5,4.8,4.8
2005-12-04,0.0,3.5,3.4
2005-12-05,0.0,2.5,2.5
2005-12-06,0.0,0.2,0.0
2005-12-07,1.0,3.9,3.9
2005-12-08,12.2,0.7,0.0
2005-12-09,0.0,9.9,9.9
2005-12-10,0.0,8.3,8.2
2005-12-11,16.8,12.6,12.2
2005-12-12,1.6,13.2,12.8
2005-12-13,21.0,24.6,26.0
2005-12-14,4.5,14.3,14.1
2005-12-15,2.7,67.7,81.4
2005-12-16,27.3,35.6,41.5
2005-12-17,7.8,7.8,6.8
2005-12-18,0.0,9.8,9.0
2005-12-19,1.9,16.5,16.5
2005-12-20,28.5,18.8,18.7
2005-12-21,17.4,7.9,7.4
2005-12-22,0.0,11.4,11.6
2005-12-23,0.0,1.2,0.0
2005-12-24,4.5,3.7,2.4
2005-12-25,2.8,7.6,7.1
2005-12-26,12.6,27.9,33.6
2005-12-27,7.6,79.6,136.8
2005-12-28,12.5,11.6,11.9
2005-12-29,30.8,14.4,15.3
2005-12-30,41.6,28.2,34.7
2005-12-31,3.5,23.7,28.4
2006-01-01,19.0,8.4,9.4
2006-01-02,46.7,2.4,3.0
2006-01-03,13.0,22.9,22.8
2006-01-04,58.5,12.7,14.3
2006-01-05,0.0,2.7,3.3
2006-01-06,1.9,3.6,4.2
2006-01-07,0.0,17.2,19.3
2006-01-08,20.0,17.4,19.5
2006-01-09,19.9,16.2,18.2
2006-01-10,4.6,2.9,3.5
2006-01-11,4.1,1.8,1.3
2006-01-12,4.2,0.2,0.0
2006-01-13,0.0,0.4,0.0
2006-01-14,0.0,11.6,12.4
2006-01-15,22.0,18.3,20.1
2006-01-16,11.7,19.9,22.2
2006-01-17,27.9,21.7,25.6
2006-01-18,27.8,13.2,14.3
2006-01-19,1.5,8.1,8.5
2006-01-20,0.0,5.8,5.9
2006-01-21,0.0,22.5,24.8
2006-01-22,0.0,45.5,48.2
2006-01-23,29.9,5.3,4.7
2006-01-24,4.8,1.7,1.0
2006-01-25,7.2,14.3,13.7
2006-01-26,19.9,9.9,9.4
2006-01-27,9.9,1.8,1.0
2006-01-28,1.0,4.0,3.4
2006-01-29,3.2,2.7,2.0
2006-01-30,23.6,1.1,0.0
2006-01-31,7.5,31.5,35.7
2006-02-01,58.7,0.1,0.0
2006-02-02,4.7,20.2,19.1
2006-02-03,29.9,0.9,0.0
2006-02-04,6.0,3.1,2.0
2006-02-05,3.7,0.2,0.0
2006-02-06,1.0,0.3,0.0
2006-02-07,21.5,0.1,0.0
2006-02-08,0.0,0.0,0.0
2006-02-09,0.0,0.0,0.0
2006-02-10,0.0,0.0,0.0
2006-02-11,0.0,0.0,0.0
2006-02-12,0.0,0.0,0.0
2006-02-13,0.0,0.1,0.0
2006-02-14,0.0,0.0,0.0
2006-02-15,3.5,2.4,2.3
2006-02-16,0.0,0.4,0.0
2006-02-17,0.0,7.7,8.6
2006-02-18,2.2,0.9,0.0
2006-02-19,111.0,39.7,60.3
2006-02-20,68.5,14.0,16.4
2006-02-21,35.0,2.2,3.1
2006-02-22,0.7,24.8,20.1
2006-02-23,55.2,79.6,65.2
2006-02-24,27.7,11.8,11.6
2006-02-25,15.5,30.8,28.8
2006-02-26,16.5,14.9,14.5
2006-02-27,2.0,18.6,18.6
2006-02-28,4.5,7.2,7.5
2006-03-01,0.0,6.5,6.9
2006-03-02,0.0,12.6,13.3
2006-03-03,5.4,3.0,3.3
2006-03-04,0.8,8.9,9.4
2006-03-05,0.0,15.6,16.7
2006-03-06,16.0,13.9,15.8
2006-03-07,11.3,0.3,0.0
2006-03-08,0.0,1.1,1.3
2006-03-09,0.0,0.0,0.0
2006-03-10,1.0,2.9,3.2
2006-03-11,0.0,0.4,0.0
2006-03-12,0.9,3.4,4.2
2006-03-13,33.8,0.7,0.0
2006-03-14,9.5,4.5,5.3
2006-03-15,8.0,1.6,1.9
2006-03-16,0.0,18.0,21.7
2006-03-17,0.0,4.5,5.3
2006-03-18,12.3,3.3,3.9
2006-03-19,0.0,147.7,65.8
2006-03-20,23.0,26.2,34.0
2006-03-21,17.4,6.1,7.8
2006-03-22,14.0,17.0,17.0
2006-03-23,1.3,0.3,0.0
2006-03-24,0.0,0.5,0.0
2006-03-25,0.0,0.7,0.0
2006-03-26,0.0,0.5,0.0
2006-03-27,0.0,0.7,0.0
2006-03-28,2.7,14.0,14.4
2006-03-29,27.9,4.1,6.0
2006-03-30,0.0,16.1,16.1
2006-03-31,2.0,27.7,25.5
2006-04-01,13.3,13.6,16.3
2006-04-02,3.0,6.3,7.5
2006-04-03,2.8,2.7,3.2
2006-04-04,0.0,9.2,10.6
2006-04-05,3.5,2.7,3.2
2006-04-06,2.8,1.1,1.3
2006-04-07,35.6,0.2,0.0
2006-04-08,0.6,17.2,21.8
2006-04-09,45.2,3.0,3.5
2006-04-10,0.0,0.0,0.0
2006-04-11,0.0,0.1,0.0
2006-04-12,0.0,0.2,0.0
2006-04-13,0.0,0.1,0.0
2006-04-14,0.0,0.0,0.0
2006-04-15,2.0,0.0,0.0
2006-04-16,52.0,0.4,0.0
2006-04-17,5.3,0.0,0.0
2006-04-18,0.0,0.0,0.0
2006-04-19,0.0,1.2,3.3
2006-04-20,25.0,7.5,8.9
2006-04-21,24.7,5.4,6.2
2006-04-22,0.0,0.8,0.0
2006-04-23,0.0,0.6,0.0
2006-04-24,0.0,1.8,2.1
2006-04-25,7.2,0.2,0.0
2006-04-26,0.0,0.0,0.0
2006-04-27,1.5,0.2,0.0
2006-04-28,0.0,0.2,0.0
2006-04-29,0.0,0.0,0.0
2006-04-30,0.0,0.1,0.0
2006-05-01,0.0,1.1,0.0
2006-05-02,0.0,2.8,2.8
2006-05-03,4.8,1.0,0.0
2006-05-04,0.0,0.1,0.0
2006-05-05,0.0,0.0,0.0
2006-05-06,0.0,8.6,7.0
2006-05-07,38.2,32.2,25.2
2006-05-08,121.4,3.1,3.1
2006-05-09,0.0,1.7,2.0
2006-05-10,7.0,0.2,0.0
2006-05-11,0.0,2.9,2.9
2006-05-12,0.0,0.0,0.0
2006-05-13,0.0,0.0,0.0
2006-05-14,0.0,0.0,0.0
2006-05-15,0.0,0.0,0.0
2006-05-16,0.0,0.0,0.0
2006-05-17,0.0,0.6,0.0
2006-05-18,0.0,1.9,2.2
2006-05-19,0.0,0.9,0.0
2006-05-20,0.0,2.1,2.9
2006-05-21,0.0,0.2,0.0
2006-05-22,0.0,10.1,16.0
2006-05-23,2.2,20.7,40.8
2006-05-24,0.0,4.5,6.5
2006-05-25,4.3,15.6,28.6
2006-05-26,2.8,0.9,1.0
2006-05-27,0.0,5.2,7.7
2006-05-28,8.0,0.2,0.0
2006-05-29,0.0,0.8,1.0
2006-05-30,0.0,0.7,0.0
2006-05-31,0.0,0.0,0.0
2006-06-01,0.0,0.0,0.0
2006-06-02,0.0,0.1,0.0
2006-06-03,0.0,0.0,0.0
2006-06-04,0.0,0.0,0.0
2006-06-05,0.0,0.3,0.0
2006-06-06,0.0,0.1,0.0
2006-06-07,0.0,0.1,0.0
2006-06-08,0.0,0.1,0.0
2006-06-09,0.0,0.3,0.0
2006-06-10,0.0,0.0,0.0
2006-06-11,0.0,0.0,0.0
2006-06-12,1.0,0.7,0.0
2006-06-13,0.5,0.1,0.0
2006-06-14,0.0,0.0,0.0
2006-06-15,0.0,0.0,0.0
2006-06-16,0.0,0.0,0.0
2006-06-17,0.0,0.4,0.0
2006-06-18,0.0,0.2,0.0
2006-06-19,8.0,4.5,5.0
2006-06-20,0.0,1.7,2.3
2006-06-21,1.5,1.3,2.2
2006-06-22,0.0,0.2,0.0
2006-06-23,0.0,0.2,0.0
2006-06-24,0.0,0.3,0.0
2006-06-25,0.0,1.2,1.7
2006-06-26,2.4,0.4,0.0
2006-06-27,0.0,0.0,0.0
2006-06-28,0.0,0.1,0.0
2006-06-29,0.0,1.4,2.4
2006-06-30,0.0,0.2,0.0
2006-07-01,0.0,0.6,0.0
2006-07-02,0.0,0.7,0.0
2006-07-03,0.0,0.1,0.0
2006-07-04,0.0,0.6,0.0
2006-07-05,0.0,0.5,0.0
2006-07-06,0.0,0.6,0.0
2006-07-07,1.0,0.1,0.0
2006-07-08,0.0,0.0,0.0
2006-07-09,0.0,0.0,0.0
2006-07-10,0.0,0.0,0.0
2006-07-11,0.0,0.0,0.0
2006-07-12,0.0,4.6,5.3
2006-07-13,1.5,0.5,0.0
2006-07-14,6.3,0.0,0.0
2006-07-15,0.0,0.1,0.0
2006-07-16,0.0,0.5,0.0
2006-07-17,0.0,0.0,0.0
2006-07-18,0.0,0.0,0.0
2006-07-19,0.0,0.9,0.0
2006-07-20,0.0,0.0,0.0
2006-07-21,0.0,0.0,0.0
2006-07-22,0.0,2.3,4.8
2006-07-23,0.0,0.2,0.0
2006-07-24,0.0,0.9,2.1
2006-07-25,0.0,0.2,0.0
2006-07-26,0.0,0.2,0.0
2006-07-27,0.0,4.8,10.7
2006-07-28,3.7,0.1,0.0
2006-07-29,0.0,0.0,0.0
2006-07-30,0.0,0.0,0.0
2006-07-31,0.0,0.0,0.0
2006-08-01,0.0,0.0,0.0
2006-08-02,0.0,0.0,0.0
2006-08-03,0.0,0.0,0.0
2006-08-04,0.0,0.0,0.0
2006-08-05,0.0,0.0,0.0
2006-08-06,0.0,0.0,0.0
2006-08-07,0.0,0.0,0.0
2006-08-08,0.0,0.0,0.0
2006-08-09,0.0,0.0,0.0
2006-08-10,0.0,0.0,0.0
2006-08-11,0.0,0.1,0.0
2006-08-12,0.0,0.0,0.0
2006-08-13,0.0,0.0,0.0
2006-08-14,0.0,0.0,0.0
2006-08-15,0.0,0.0,0.0
2006-08-16,0.0,0.3,0.0
2006-08-17,0.0,0.0,0.0
2006-08-18,0.0,0.2,0.0
2006-08-19,0.0,0.0,0.0
2006-08-20,0.0,0.0,0.0
2006-08-21,0.0,0.0,0.0
2006-08-22,0.0,0.0,0.0
2006-08-23,0.0,0.0,0.0
2006-08-24,0.0,0.0,0.0
2006-08-25,0.0,0.0,0.0
2006-08-26,0.0,0.0,0.0
2006-08-27,0.0,0.0,0.0
2006-08-28,0.0,2.4,9.5
2006-08-29,0.0,0.0,0.0
2006-08-30,0.0,0.0,0.0
2006-08-31,0.0,0.0,0.0
2006-09-01,0.0,0.0,0.0
2006-09-02,0.0,0.0,0.0
2006-09-03,0.0,0.0,0.0
2006-09-04,0.0,0.0,0.0
2006-09-05,0.0,0.0,0.0
2006-09-06,0.0,0.3,0.0
2006-09-07,0.0,0.0,0.0
2006-09-08,0.0,0.5,0.0
2006-09-09,0.0,1.3,0.9
2006-09-10,0.0,0.0,0.0
2006-09-11,0.0,0.0,0.0
2006-09-12,0.0,0.0,0.0
2006-09-13,0.0,0.0,0.0
2006-09-14,0.0,0.0,0.0
2006-09-15,0.0,0.0,0.0
2006-09-16,0.0,0.0,0.0
2006-09-17,0.0,0.0,0.0
2006-09-18,0.0,0.1,0.0
2006-09-19,0.8,0.0,0.0
2006-09-20,0.0,0.0,0.0
2006-09-21,0.0,0.0,0.0
2006-09-22,0.0,0.0,0.0
2006-09-23,0.0,0.0,0.0
2006-09-24,0.0,0.0,0.0
2006-09-25,0.0,0.0,0.0
2006-09-26,0.0,0.0,0.0
2006-09-27,0.0,0.0,0.0
2006-09-28,0.0,0.0,0.0
2006-09-29,0.0,0.0,0.0
2006-09-30,0.0,0.0,0.0
2006-10-01,0.0,0.0,0.0
2006-10-02,0.0,0.0,0.0
2006-10-03,0.0,0.0,0.0
2006-10-04,0.0,0.0,0.0
2006-10-05,0.0,0.0,0.0
2006-10-06,0.0,0.0,0.0
2006-10-07,0.0,0.1,0.0
2006-10-08,0.0,0.0,0.0
2006-10-09,0.0,0.0,0.0
2006-10-10,0.0,0.0,0.0
2006-10-11,0.0,0.1,0.0
2006-10-12,0.0,0.0,0.0
2006-10-13,0.0,0.0,0.0
2006-10-14,0.0,0.5,0.0
2006-10-15,0.0,0.0,0.0
2006-10-16,32.0,0.0,0.0
2006-10-17,4.7,0.0,0.0
2006-10-18,0.0,0.0,0.0
2006-10-19,0.0,1.0,1.3
2006-10-20,0.0,0.0,0.0
2006-10-21,0.0,0.0,0.0
2006-10-22,0.0,0.0,0.0
2006-10-23,0.0,0.0,0.0
2006-10-24,0.0,0.0,0.0
2006-10-25,0.0,0.1,0.0
2006-10-26,0.0,0.7,0.0
2006-10-27,0.0,0.0,0.0
2006-10-28,0.0,0.0,0.0
2006-10-29,0.0,0.0,0.0
2006-10-30,0.0,0.0,0.0
2006-10-31,0.0,0.0,0.0
2006-11-01,0.0,0.2,0.0
2006-11-02,0.0,0.0,0.0
2006-11-03,0.0,0.0,0.0
2006-11-04,0.0,0.0,0.0
2006-11-05,0.0,0.8,1.0
2006-11-06,4.5,0.2,0.0
2006-11-07,7.6,11.2,21.1
2006-11-08,5.8,0.0,0.0
2006-11-09,0.0,0.0,0.0
2006-11-10,0.0,0.0,0.0
2006-11-11,0.0,0.0,0.0
2006-11-12,0.0,0.0,0.0
2006-11-13,0.0,0.3,0.0
2006-11-14,0.0,0.6,0.0
2006-11-15,0.0,0.3,0.0
2006-11-16,0.0,1.5,3.5
2006-11-17,0.0,0.0,0.0
2006-11-18,0.0,0.0,0.0
2006-11-19,0.0,0.0,0.0
2006-11-20,0.0,0.0,0.0
2006-11-21,0.0,1.5,0.0
2006-11-22,0.0,1.3,0.0
2006-11-23,0.0,12.7,14.0
2006-11-24,34.0,0.2,0.0
2006-11-25,0.0,0.0,0.0
2006-11-26,0.0,0.0,0.0
2006-11-27,3.4,0.2,0.0
2006-11-28,0.0,4.6,3.0
2006-11-29,0.0,0.0,0.0
2006-11-30,0.0,0.0,0.0
2006-12-01,0.0,0.0,0.0
2006-12-02,0.0,0.5,0.0
2006-12-03,23.5,0.3,0.0
2006-12-04,0.0,0.0,0.0
2006-12-05,0.0,0.2,0.0
2006-12-06,0.0,0.3,0.0
2006-12-07,0.0,3.8,3.7
2006-12-08,12.0,4.5,4.5
2006-12-09,4.3,0.4,0.0
2006-12-10,0.0,0.2,0.0
2006-12-11,0.0,0.2,0.0
2006-12-12,0.0,1.7,0.0
2006-12-13,0.0,9.2,8.4
2006-12-14,0.0,4.3,2.7
2006-12-15,2.6,2.0,0.0
2006-12-16,0.0,2.5,1.0
2006-12-17,0.0,4.0,2.5
2006-12-18,0.0,1.8,0.0
2006-12-19,0.0,3.8,2.2
2006-12-20,0.0,9.0,8.1
2006-12-21,0.0,24.7,29.9
2006-12-22,6.5,15.7,16.9
2006-12-23,7.8,3.7,2.3
2006-12-24,0.0,10.1,10.1
2006-12-25,0.6,8.3,7.9
2006-12-26,1.2,23.2,28.6
2006-12-27,0.0,7.3,6.7
2006-12-28,1.2,5.4,4.4
2006-12-29,17.4,57.7,85.0
2006-12-30,23.5,39.6,51.5
2006-12-31,1.5,15.3,16.4
2007-01-01,6.8,2.4,3.0
2007-01-02,10.5,29.1,31.9
2007-01-03,15.1,7.7,8.7
2007-01-04,0.0,0.1,0.0
2007-01-05,0.0,0.2,0.0
2007-01-06,0.0,0.3,0.0
2007-01-07,0.0,2.3,2.9
2007-01-08,0.0,0.4,0.0
2007-01-09,0.0,1.0,1.7
2007-01-10,0.0,0.0,0.0
2007-01-11,0.0,0.6,0.0
2007-01-12,0.0,0.0,0.0
2007-01-13,0.0,0.1,0.0
2007-01-14,0.0,0.0,0.0
2007-01-15,0.0,0.2,0.0
2007-01-16,6.2,0.2,0.0
2007-01-17,0.0,0.3,0.0
2007-01-18,0.0,6.4,6.6
2007-01-19,0.5,6.2,6.3
2007-01-20,16.3,1.2,1.0
2007-01-21,0.0,0.7,0.0
2007-01-22,3.1,3.2,2.5
2007-01-23,4.3,0.1,0.0
2007-01-24,0.0,0.8,0.0
2007-01-25,0.0,0.1,0.0
2007-01-26,0.0,0.0,0.0
2007-01-27,0.0,0.4,0.0
2007-01-28,0.0,0.7,0.0
2007-01-29,1.0,0.3,0.0
2007-01-30,0.8,0.2,0.0
2007-01-31,0.0,0.1,0.0
2007-02-01,5.8,0.5,0.0
2007-02-02,27.2,7.3,6.0
2007-02-03,23.3,5.2,3.9
2007-02-04,30.0,0.3,0.0
2007-02-05,20.9,3.5,2.3
2007-02-06,4.3,1.4,1.0
2007-02-07,5.5,1.2,1.0
2007-02-08,0.0,2.4,1.3
2007-02-09,0.0,5.7,4.5
2007-02-10,27.8,0.7,0.0
2007-02-11,10.6,0.1,0.0
2007-02-12,0.0,7.8,8.7
2007-02-13,10.8,0.0,0.0
2007-02-14,0.0,0.2,0.0
2007-02-15,0.0,0.0,0.0
2007-02-16,0.0,6.2,6.8
2007-02-17,0.0,2.3,2.3
2007-02-18,18.9,0.3,0.0
2007-02-19,2.0,8.0,8.9
2007-02-20,12.6,9.0,10.1
2007-02-21,0.0,5.3,5.8
2007-02-22,0.0,30.8,28.5
2007-02-23,5.0,16.2,16.4
2007-02-24,0.0,1.2,2.4
2007-02-25,0.0,4.0,4.7
2007-02-26,8.6,5.5,5.9
2007-02-27,34.8,5.6,6.0
2007-02-28,20.7,23.1,21.8
2007-03-01,82.2,9.7,10.3
2007-03-02,49.1,23.6,24.3
2007-03-03,2.3,12.7,13.5
2007-03-04,2.0,2.7,3.0
2007-03-05,0.8,49.4,57.6
2007-03-06,26.8,23.1,21.8
2007-03-07,14.6,28.5,31.0
2007-03-08,6.7,0.8,0.0
2007-03-09,0.0,0.9,0.0
2007-03-10,0.0,1.8,2.1
2007-03-11,0.0,1.2,1.5
2007-03-12,0.0,4.1,4.9
2007-03-13,0.0,0.6,0.0
2007-03-14,3.0,8.9,10.2
2007-03-15,0.0,6.1,7.1
2007-03-16,0.0,0.4,0.0
2007-03-17,10.0,0.1,0.0
2007-03-18,0.0,0.1,0.0
2007-03-19,0.0,14.9,16.6
2007-03-20,1.8,1.2,1.4
2007-03-21,0.0,3.7,5.7
2007-03-22,6.4,14.1,14.4
2007-03-23,5.5,59.8,55.2
2007-03-24,15.2,10.2,11.5
2007-03-25,14.3,23.9,21.6
2007-03-26,6.1,8.9,10.4
2007-03-27,10.6,24.5,22.0
2007-03-28,0.0,50.7,45.7
2007-03-29,3.9,13.6,13.9
2007-03-30,8.6,6.5,8.2
2007-03-31,17.2,0.3,0.0
2007-04-01,0.0,0.8,0.0
2007-04-02,2.0,0.9,0.0
2007-04-03,0.0,3.5,4.2
2007-04-04,0.0,0.7,0.0
2007-04-05,0.0,0.0,0.0
2007-04-06,9.4,0.6,0.0
2007-04-07,0.0,4.6,5.5
2007-04-08,0.0,0.2,0.0
2007-04-09,0.0,0.1,0.0
2007-04-10,3.5,0.8,0.0
2007-04-11,0.0,0.2,0.0
2007-04-12,0.0,2.5,4.6
2007-04-13,21.6,1.5,3.6
2007-04-14,1.9,69.5,63.5
2007-04-15,23.8,9.0,10.4
2007-04-16,0.0,2.5,4.6
2007-04-17,2.0,1.5,3.6
2007-04-18,0.0,6.8,8.6
2007-04-19,14.4,1.1,3.2
2007-04-20,0.0,2.9,4.9
2007-04-21,10.2,23.8,29.3
2007-04-22,16.1,1.9,2.3
2007-04-23,0.0,4.3,4.7
2007-04-24,0.0,9.3,9.0
2007-04-25,0.0,7.6,8.2
2007-04-26,0.0,3.6,3.9
2007-04-27,0.0,0.0,0.0
2007-04-28,0.0,0.0,0.0
2007-04-29,0.0,0.0,0.0
2007-04-30,0.0,0.0,0.0
2007-05-01,0.0,0.0,0.0
2007-05-02,0.0,0.0,0.0
2007-05-03,0.0,1.2,0.0
2007-05-04,0.0,0.1,0.0
2007-05-05,0.0,0.1,0.0
2007-05-06,0.0,0.1,0.0
2007-05-07,0.0,0.4,0.0
2007-05-08,0.0,0.4,0.0
2007-05-09,6.9,0.0,0.0
2007-05-10,0.0,0.0,0.0
2007-05-11,0.0,0.0,0.0
2007-05-12,0.0,0.0,0.0
2007-05-13,0.0,0.6,0.0
2007-05-14,0.0,2.3,2.5
2007-05-15,0.0,1.1,0.0
2007-05-16,0.0,5.5,4.4
2007-05-17,0.0,1.1,0.0
2007-05-18,6.4,0.0,0.0
2007-05-19,0.0,1.2,0.0
2007-05-20,0.0,1.0,0.0
2007-05-21,0.0,0.7,0.0
2007-05-22,0.0,0.0,0.0
2007-05-23,0.0,0.0,0.0
2007-05-24,5.3,0.0,0.0
2007-05-25,0.0,0.0,0.0
2007-05-26,0.0,0.0,0.0
2007-05-27,0.0,0.3,0.0
2007-05-28,1.2,0.1,0.0
2007-05-29,0.0,13.7,24.1
2007-05-30,7.8,10.0,15.4
2007-05-31,0.0,1.8,1.7
2007-06-01,0.0,0.1,0.0
2007-06-02,0.0,0.4,0.0
2007-06-03,0.0,1.7,3.1
2007-06-04,4.8,0.4,0.0
2007-06-05,0.0,0.6,0.0
2007-06-06,0.0,2.0,3.4
2007-06-07,0.8,0.0,0.0
2007-06-08,1.7,0.3,0.0
2007-06-09,0.0,0.0,0.0
2007-06-10,0.0,0.0,0.0
2007-06-11,0.0,0.0,0.0
2007-06-12,0.0,0.3,0.0
2007-06-13,0.0,0.0,0.0
2007-06-14,0.0,0.0,0.0
2007-06-15,0.0,0.2,0.0
2007-06-16,0.0,0.0,0.0
2007-06-17,0.0,0.7,0.0
2007-06-18,0.0,0.9,0.0
2007-06-19,0.0,1.1,1.8
2007-06-20,3.0,4.2,4.6
2007-06-21,50.6,3.3,15.7
2007-06-22,30.4,0.0,0.0
2007-06-23,2.5,0.0,0.0
2007-06-24,0.0,0.8,1.0
2007-06-25,0.0,0.1,0.0
2007-06-26,2.0,0.6,0.0
2007-06-27,0.5,5.1,22.8
2007-06-28,30.9,5.5,24.8
2007-06-29,76.3,1.3,2.4
2007-06-30,3.2,0.2,0.0
2007-07-01,0.0,1.0,0.0
2007-07-02,0.0,0.0,0.0
2007-07-03,0.0,0.2,0.0
2007-07-04,0.0,0.1,0.0
2007-07-05,0.0,0.1,0.0
2007-07-06,0.0,0.3,0.0
2007-07-07,0.0,0.0,0.0
2007-07-08,0.0,0.0,0.0
2007-07-09,0.0,0.0,0.0
2007-07-10,0.0,0.0,0.0
2007-07-11,0.0,0.0,0.0
2007-07-12,0.0,1.7,2.5
2007-07-13,0.0,1.2,2.0
2007-07-14,0.0,0.4,0.0
2007-07-15,0.0,0.1,0.0
2007-07-16,0.0,0.0,0.0
2007-07-17,0.0,0.0,0.0
2007-07-18,0.8,0.1,0.0
2007-07-19,0.0,0.0,0.0
2007-07-20,0.0,0.1,0.0
2007-07-21,0.0,0.0,0.0
2007-07-22,0.0,0.0,0.0
2007-07-23,0.0,0.0,0.0
2007-07-24,0.0,0.0,0.0
2007-07-25,0.0,0.0,0.0
2007-07-26,0.8,0.2,0.0
2007-07-27,0.0,0.0,0.0
2007-07-28,0.0,0.0,0.0
2007-07-29,0.0,1.0,2.1
2007-07-30,0.0,0.3,0.0
2007-07-31,0.0,0.0,0.0
2007-08-01,0.0,0.0,0.0
2007-08-02,0.0,0.0,0.0
2007-08-03,0.0,0.0,0.0
2007-08-04,1.4,0.9,0.0
2007-08-05,0.0,0.0,0.0
2007-08-06,0.0,0.0,0.0
2007-08-07,2.2,0.0,0.0
2007-08-08,0.0,0.9,0.0
2007-08-09,0.0,0.0,0.0
2007-08-10,0.0,0.2,0.0
2007-08-11,0.0,0.2,0.0
2007-08-12,0.0,0.2,0.0
2007-08-13,0.0,1.0,0.0
2007-08-14,0.0,0.0,0.0
2007-08-15,0.0,0.0,0.0
2007-08-16,0.0,0.5,0.0
2007-08-17,5.0,0.4,0.0
2007-08-18,0.0,0.7,0.0
2007-08-19,1.1,1.3,0.0
2007-08-20,0.0,1.8,1.1
2007-08-21,1.0,0.4,0.0
2007-08-22,0.0,2.6,9.8
2007-08-23,4.5,2.4,9.4
2007-08-24,0.0,0.0,0.0
2007-08-25,0.0,0.0,0.0
2007-08-26,0.0,0.0,0.0
2007-08-27,0.0,0.1,0.0
2007-08-28,0.0,0.7,0.0
2007-08-29,0.0,0.4,0.0
2007-08-30,0.0,0.0,0.0
2007-08-31,0.0,0.0,0.0
2007-09-01,0.0,0.7,0.0
2007-09-02,0.0,0.4,0.0
2007-09-03,0.0,0.2,0.0
2007-09-04,0.0,4.4,4.2
2007-09-05,0.0,0.1,0.0
2007-09-06,0.0,1.1,0.9
2007-09-07,2.0,0.5,0.0
2007-09-08,0.0,0.1,0.0
2007-09-09,0.0,0.0,0.0
2007-09-10,0.0,0.0,0.0
2007-09-11,0.0,0.0,0.0
2007-09-12,0.0,0.0,0.0
2007-09-13,0.0,0.0,0.0
2007-09-14,0.0,0.0,0.0
2007-09-15,0.0,0.0,0.0
2007-09-16,0.0,0.3,0.0
2007-09-17,0.0,0.6,1.0
2007-09-18,0.0,0.0,0.0
2007-09-19,0.0,0.1,0.0
2007-09-20,0.0,0.0,0.0
2007-09-21,0.0,0.8,1.3
2007-09-22,0.0,0.5,0.0
2007-09-23,0.0,7.8,12.7
2007-09-24,0.0,0.0,0.0
2007-09-25,0.0,0.0,0.0
2007-09-26,0.0,0.1,0.0
2007-09-27,0.0,0.0,0.0
2007-09-28,0.0,0.0,0.0
2007-09-29,0.0,0.0,0.0
2007-09-30,0.0,0.0,0.0
2007-10-01,0.0,0.0,0.0
2007-10-02,0.0,0.1,0.0
2007-10-03,0.0,0.0,0.0
2007-10-04,0.0,0.0,0.0
2007-10-05,0.0,0.0,0.0
2007-10-06,0.0,0.0,0.0
2007-10-07,0.0,0.0,0.0
2007-10-08,0.0,0.2,0.0
2007-10-09,0.0,0.1,0.0
2007-10-10,0.0,0.0,0.0
2007-10-11,4.3,0.0,0.0
2007-10-12,0.0,1.5,2.5
2007-10-13,0.0,1.1,1.6
2007-10-14,2.0,0.0,0.0
2007-10-15,0.0,0.0,0.0
2007-10-16,0.0,0.0,0.0
2007-10-17,0.0,0.0,0.0
2007-10-18,0.0,0.1,0.0
2007-10-19,0.0,4.5,7.4
2007-10-20,1.6,1.2,1.7
2007-10-21,1.4,0.0,0.0
2007-10-22,0.0,0.0,0.0
2007-10-23,0.0,1.5,1.0
2007-10-24,2.9,1.7,1.4
2007-10-25,0.0,0.0,0.0
2007-10-26,0.0,0.0,0.0
2007-10-27,0.0,0.0,0.0
2007-10-28,26.4,0.2,0.0
2007-10-29,0.0,0.3,0.0
2007-10-30,0.0,0.0,0.0
2007-10-31,0.0,1.9,1.8
2007-11-01,0.0,1.0,1.1
2007-11-02,57.0,12.5,23.8
2007-11-03,0.0,11.7,23.2
2007-11-04,0.0,1.4,2.0
2007-11-05,7.3,5.3,9.9
2007-11-06,0.0,11.2,21.3
2007-11-07,0.0,8.9,16.5
2007-11-08,61.5,0.7,1.0
2007-11-09,50.0,1.1,1.4
2007-11-10,11.0,3.7,6.9
2007-11-11,46.7,0.6,0.0
2007-11-12,6.4,0.0,0.0
2007-11-13,0.0,0.8,2.1
2007-11-14,0.0,0.0,0.0
2007-11-15,1.4,1.5,3.5
2007-11-16,0.0,1.0,2.6
2007-11-17,0.0,2.1,4.4
2007-11-18,0.0,0.0,0.0
2007-11-19,0.0,0.0,0.0
2007-11-20,0.0,0.0,0.0
2007-11-21,0.0,0.0,0.0
2007-11-22,0.0,0.5,0.0
2007-11-23,0.0,0.3,0.0
2007-11-24,0.0,1.0,0.0
2007-11-25,0.0,3.9,2.1
2007-11-26,1.2,1.3,0.0
2007-11-27,0.0,0.0,0.0
2007-11-28,0.0,0.0,0.0
2007-11-29,0.0,1.2,0.0
2007-11-30,0.0,0.1,0.0
2007-12-01,0.0,2.0,2.0
2007-12-02,0.0,5.0,5.0
2007-12-03,0.0,7.8,7.7
2007-12-04,4.3,3.3,3.3
2007-12-05,1.1,0.3,0.0
2007-12-06,0.0,0.0,0.0
2007-12-07,0.0,1.6,1.6
2007-12-08,0.0,1.2,1.2
2007-12-09,0.0,3.9,3.9
2007-12-10,0.0,2.4,2.4
2007-12-11,2.0,3.0,1.2
2007-12-12,3.6,17.8,17.4
2007-12-13,0.0,3.1,1.4
2007-12-14,0.0,0.0,0.0
2007-12-15,0.0,2.1,1.0
2007-12-16,1.2,14.0,13.7
2007-12-17,9.4,22.0,23.9
2007-12-18,1.4,2.2,1.0
2007-12-19,0.0,28.3,31.7
2007-12-20,1.3,17.3,17.5
2007-12-21,2.0,4.8,3.6
2007-12-22,1.2,36.2,45.5
2007-12-23,1.6,31.1,38.8
2007-12-24,24.1,35.0,45.9
2007-12-25,31.3,23.6,29.3
2007-12-26,20.3,10.8,10.9
2007-12-27,0.0,3.5,2.2
2007-12-28,0.0,7.5,6.9
2007-12-29,118.0,2.9,1.5
2007-12-30,13.0,6.6,5.9
2007-12-31,8.0,38.2,49.5
2008-01-01,13.0,2.0,2.6
2008-01-02,0.0,16.4,18.5
2008-01-03,4.3,2.7,3.3
2008-01-04,14.2,29.6,33.1
2008-01-05,6.8,0.2,0.0
2008-01-06,0.0,0.4,0.0
2008-01-07,0.0,6.5,7.3
2008-01-08,13.3,0.4,0.0
2008-01-09,3.8,0.2,0.0
2008-01-10,0.0,0.4,0.0
2008-01-11,0.0,0.4,0.0
2008-01-12,12.7,0.1,0.0
2008-01-13,3.3,2.1,1.7
2008-01-14,4.0,17.8,18.9
2008-01-15,19.7,4.9,4.9
2008-01-16,5.0,24.0,27.3
2008-01-17,63.0,4.4,4.4
2008-01-18,15.2,4.7,4.7
2008-01-19,18.5,0.4,0.0
2008-01-20,6.4,0.5,0.0
2008-01-21,1.1,1.2,1.0
2008-01-22,0.0,0.0,0.0
2008-01-23,0.0,0.0,0.0
2008-01-24,0.0,0.3,0.0
2008-01-25,0.0,0.1,0.0
2008-01-26,0.0,0.0,0.0
2008-01-27,0.0,0.5,0.0
2008-01-28,20.4,0.8,0.0
2008-01-29,0.0,10.5,9.9
2008-01-30,3.0,25.9,28.9
2008-01-31,3.3,0.3,0.0
2008-02-01,0.0,5.5,4.3
2008-02-02,1.6,5.9,4.7
2008-02-03,111.8,9.2,7.8
2008-02-04,0.0,26.3,28.1
2008-02-05,1.4,9.4,8.0
2008-02-06,42.5,6.4,5.1
2008-02-07,9.0,45.7,50.9
2008-02-08,4.3,23.3,23.9
2008-02-09,4.4,19.2,19.1
2008-02-10,20.0,13.4,12.0
2008-02-11,6.8,14.8,17.2
2008-02-12,6.6,8.9,10.0
2008-02-13,1.2,14.7,17.6
2008-02-14,2.6,23.5,29.0
2008-02-15,13.1,14.9,17.4
2008-02-16,0.0,0.5,0.0
2008-02-17,0.0,0.7,0.0
2008-02-18,3.2,10.5,11.9
2008-02-19,2.0,33.4,48.1
2008-02-20,63.2,30.5,42.7
2008-02-21,31.6,14.0,13.6
2008-02-22,3.4,36.1,35.4
2008-02-23,41.0,1.7,2.8
2008-02-24,0.0,1.0,0.0
2008-02-25,9.0,0.3,0.0
2008-02-26,38.4,0.7,0.0
2008-02-27,21.5,0.9,0.0
2008-02-28,22.5,0.4,0.0
2008-02-29,0.0,0.2,0.0
2008-03-01,0.0,0.4,0.0
2008-03-02,0.0,5.6,6.0
2008-03-03,20.6,1.3,1.5
2008-03-04,9.3,0.3,0.0
2008-03-05,3.0,13.8,14.9
2008-03-06,0.7,1.0,1.3
2008-03-07,57.7,0.1,0.0
2008-03-08,0.0,0.2,0.0
2008-03-09,0.0,0.1,0.0
2008-03-10,25.5,0.1,0.0
2008-03-11,0.0,0.2,0.0
2008-03-12,0.0,0.0,0.0
2008-03-13,3.8,6.9,7.9
2008-03-14,1.5,0.2,0.0
2008-03-15,0.0,1.0,1.3
2008-03-16,13.8,0.0,0.0
2008-03-17,0.0,0.6,0.0
2008-03-18,14.0,0.3,0.0
2008-03-19,0.0,0.7,0.0
2008-03-20,0.0,6.0,7.0
2008-03-21,25.0,29.0,26.7
2008-03-22,36.3,0.1,0.0
2008-03-23,1.9,6.7,8.5
2008-03-24,4.9,3.6,5.6
2008-03-25,10.2,4.4,6.3
2008-03-26,0.0,5.8,7.6
2008-03-27,1.7,16.4,16.2
2008-03-28,7.5,0.2,0.0
2008-03-29,0.0,8.3,9.6
2008-03-30,0.0,5.2,7.1
2008-03-31,1.5,18.9,17.6
2008-04-01,1.8,3.1,3.7
2008-04-02,0.0,0.7,0.0
2008-04-03,0.0,0.0,0.0
2008-04-04,0.0,11.9,14.2
2008-04-05,3.2,5.1,6.1
2008-04-06,7.5,2.8,3.3
2008-04-07,8.5,11.3,13.0
2008-04-08,2.8,1.0,1.1
2008-04-09,0.0,0.0,0.0
2008-04-10,0.0,0.7,0.0
2008-04-11,7.5,0.6,0.0
2008-04-12,0.0,1.0,3.0
2008-04-13,3.0,0.2,0.0
2008-04-14,0.0,0.0,0.0
2008-04-15,0.0,0.3,0.0
2008-04-16,0.0,0.0,0.0
2008-04-17,0.0,0.1,0.0
2008-04-18,0.0,0.0,0.0
2008-04-19,0.0,0.7,0.0
2008-04-20,0.0,0.0,0.0
2008-04-21,0.0,2.7,3.5
2008-04-22,0.0,0.8,0.0
2008-04-23,15.2,2.2,2.6
2008-04-24,20.4,0.0,0.0
2008-04-25,3.8,0.2,0.0
2008-04-26,0.0,0.1,0.0
2008-04-27,0.0,0.1,0.0
2008-04-28,0.0,0.0,0.0
2008-04-29,0.0,0.1,0.0
2008-04-30,0.0,3.1,4.8
2008-05-01,0.0,6.5,5.5
2008-05-02,3.9,0.6,0.0
2008-05-03,0.0,4.0,3.8
2008-05-04,0.0,3.6,3.7
2008-05-05,1.0,1.3,0.0
2008-05-06,4.5,0.0,0.0
2008-05-07,16.0,0.0,0.0
2008-05-08,0.0,0.9,0.0
2008-05-09,0.0,0.0,0.0
2008-05-10,0.0,0.0,0.0
2008-05-11,0.0,0.0,0.0
2008-05-12,0.0,1.0,0.0
2008-05-13,0.0,0.0,0.0
2008-05-14,0.0,0.0,0.0
2008-05-15,0.0,0.0,0.0
2008-05-16,0.0,0.9,0.0
2008-05-17,0.0,0.1,0.0
2008-05-18,0.0,6.4,5.0
2008-05-19,81.2,0.1,0.0
2008-05-20,0.0,0.8,0.0
2008-05-21,0.0,0.4,0.0
2008-05-22,3.6,0.4,0.0
2008-05-23,6.8,0.0,0.0
2008-05-24,0.0,0.0,0.0
2008-05-25,0.0,0.0,0.0
2008-05-26,0.0,1.6,1.3
2008-05-27,0.0,1.0,1.0
2008-05-28,0.0,0.0,0.0
2008-05-29,0.0,2.1,2.2
2008-05-30,0.0,2.2,2.9
2008-05-31,0.0,0.0,0.0
2008-06-01,0.0,0.9,0.0
2008-06-02,0.0,4.1,4.6
2008-06-03,0.0,0.0,0.0
2008-06-04,0.0,0.1,0.0
2008-06-05,0.0,0.0,0.0
2008-06-06,0.0,0.7,0.0
2008-06-07,0.0,0.0,0.0
2008-06-08,0.0,2.7,3.9
2008-06-09,0.0,5.0,5.3
2008-06-10,0.0,1.5,2.8
2008-06-11,0.0,3.3,4.1
2008-06-12,0.0,0.4,0.0
2008-06-13,0.0,0.5,0.0
2008-06-14,0.0,1.1,1.8
2008-06-15,0.0,0.2,0.0
2008-06-16,0.0,3.3,3.9
2008-06-17,0.0,0.0,0.0
2008-06-18,0.0,0.0,0.0
2008-06-19,0.0,0.0,0.0
2008-06-20,0.0,0.0,0.0
2008-06-21,0.0,0.0,0.0
2008-06-22,0.0,2.3,4.4
2008-06-23,3.9,0.4,0.0
2008-06-24,0.0,0.9,1.0
2008-06-25,0.0,1.0,1.0
2008-06-26,4.4,0.3,0.0
2008-06-27,0.0,0.1,0.0
2008-06-28,0.0,0.0,0.0
2008-06-29,0.0,0.0,0.0
2008-06-30,0.0,0.0,0.0
2008-07-01,0.0,0.2,0.0
2008-07-02,0.0,0.1,0.0
2008-07-03,0.0,0.0,0.0
2008-07-04,0.0,0.0,0.0
2008-07-05,0.0,0.1,0.0
2008-07-06,0.0,0.3,0.0
2008-07-07,4.8,0.4,0.0
2008-07-08,0.0,0.0,0.0
2008-07-09,0.0,0.0,0.0
2008-07-10,0.0,2.7,3.5
2008-07-11,0.0,0.6,0.0
2008-07-12,0.0,3.0,3.9
2008-07-13,0.0,0.1,0.0
2008-07-14,0.0,0.0,0.0
2008-07-15,0.0,0.0,0.0
2008-07-16,0.0,0.0,0.0
2008-07-17,0.0,0.0,0.0
2008-07-18,0.0,0.1,0.0
2008-07-19,0.0,0.0,0.0
2008-07-20,0.0,0.0,0.0
2008-07-21,0.0,0.0,0.0
2008-07-22,0.0,0.1,0.0
2008-07-23,0.0,0.1,0.0
2008-07-24,0.0,0.0,0.0
2008-07-25,0.0,0.0,0.0
2008-07-26,0.0,0.0,0.0
2008-07-27,0.0,0.0,0.0
2008-07-28,0.0,0.0,0.0
2008-07-29,0.0,0.1,0.0
2008-07-30,0.0,0.1,0.0
2008-07-31,0.0,0.2,0.0
2008-08-01,0.0,0.0,0.0
2008-08-02,0.0,0.0,0.0
2008-08-03,0.0,0.0,0.0
2008-08-04,0.0,0.3,0.0
2008-08-05,0.0,0.0,0.0
2008-08-06,0.0,0.0,0.0
2008-08-07,0.0,0.0,0.0
2008-08-08,0.0,0.1,0.0
2008-08-09,0.0,0.8,0.0
2008-08-10,0.0,0.5,0.0
2008-08-11,0.0,3.1,2.9
2008-08-12,7.3,3.0,2.8
2008-08-13,0.8,1.8,1.0
2008-08-14,2.2,0.2,0.0
2008-08-15,5.6,0.1,0.0
2008-08-16,0.0,0.3,0.0
2008-08-17,0.0,0.2,0.0
2008-08-18,0.0,0.7,0.0
2008-08-19,0.0,0.4,0.0
2008-08-20,0.0,0.2,0.0
2008-08-21,0.0,0.1,0.0
2008-08-22,0.0,0.6,0.0
2008-08-23,0.0,0.1,0.0
2008-08-24,0.0,0.1,0.0
2008-08-25,0.0,0.4,0.0
2008-08-26,0.0,0.0,0.0
2008-08-27,0.0,0.5,0.0
2008-08-28,0.0,0.4,0.0
2008-08-29,0.0,0.2,0.0
2008-08-30,0.0,0.0,0.0
2008-08-31,0.0,1.2,0.0
2008-09-01,0.0,0.0,0.0
2008-09-02,0.0,0.0,0.0
2008-09-03,1.0,1.6,1.0
2008-09-04,0.0,0.0,0.0
2008-09-05,0.0,0.0,0.0
2008-09-06,0.0,0.1,0.0
2008-09-07,0.0,2.1,1.2
2008-09-08,0.0,0.4,0.0
2008-09-09,0.0,0.0,0.0
2008-09-10,0.0,0.3,0.0
2008-09-11,0.0,0.1,0.0
2008-09-12,0.0,1.2,2.1
2008-09-13,0.0,0.0,0.0
2008-09-14,0.0,0.1,0.0
2008-09-15,0.0,0.0,0.0
2008-09-16,0.0,0.0,0.0
2008-09-17,0.0,0.0,0.0
2008-09-18,0.0,0.0,0.0
2008-09-19,0.0,0.1,0.0
2008-09-20,0.0,0.0,0.0
2008-09-21,0.0,0.0,0.0
2008-09-22,0.0,0.0,0.0
2008-09-23,0.0,0.0,0.0
2008-09-24,0.0,0.3,0.0
2008-09-25,6.4,0.3,0.0
2008-09-26,17.0,10.0,16.8
2008-09-27,0.0,0.2,0.0
2008-09-28,0.0,0.0,0.0
2008-09-29,0.0,0.0,0.0
2008-09-30,0.0,0.0,0.0
2008-10-01,0.0,0.0,0.0
2008-10-02,3.2,1.8,2.1
2008-10-03,0.0,2.2,2.3
2008-10-04,0.0,7.1,10.1
2008-10-05,1.9,0.2,0.0
2008-10-06,57.6,8.6,16.6
2008-10-07,2.6,1.0,1.0
2008-10-08,5.4,1.3,1.0
2008-10-09,10.0,1.7,1.5
2008-10-10,5.8,3.2,3.8
2008-10-11,0.0,1.0,1.4
2008-10-12,0.0,0.4,0.0
2008-10-13,0.0,0.0,0.0
2008-10-14,0.0,1.2,1.9
2008-10-15,0.0,0.1,0.0
2008-10-16,34.4,0.2,0.0
2008-10-17,0.0,2.3,3.7
2008-10-18,0.0,5.3,9.2
2008-10-19,17.7,2.1,3.4
2008-10-20,0.0,0.2,0.0
2008-10-21,0.0,2.1,2.2
2008-10-22,0.0,0.0,0.0
2008-10-23,20.1,16.4,29.0
2008-10-24,0.0,6.4,10.2
2008-10-25,16.8,26.4,56.1
2008-10-26,0.0,4.1,5.6
2008-10-27,22.2,11.1,17.7
2008-10-28,0.0,5.3,7.4
2008-10-29,0.0,0.2,0.0
2008-10-30,0.0,0.0,0.0
2008-10-31,0.0,0.2,0.0
2008-11-01,0.0,5.6,10.6
2008-11-02,15.5,3.5,6.4
2008-11-03,51.2,2.5,4.1
2008-11-04,0.0,1.4,1.9
2008-11-05,0.0,0.0,0.0
2008-11-06,0.0,1.5,2.1
2008-11-07,0.0,0.7,1.0
2008-11-08,0.0,1.6,2.3
2008-11-09,0.0,0.0,0.0
2008-11-10,75.0,9.4,18.1
2008-11-11,75.6,0.7,2.1
2008-11-12,0.0,1.3,3.2
2008-11-13,0.0,1.9,4.1
2008-11-14,0.0,0.8,2.3
2008-11-15,0.0,0.2,0.0
2008-11-16,2.6,19.1,28.4
2008-11-17,0.0,3.1,5.8
2008-11-18,63.3,14.2,23.0
2008-11-19,0.0,5.2,9.4
2008-11-20,1.0,1.9,4.0
2008-11-21,22.2,37.8,58.0
2008-11-22,0.0,2.7,1.0
2008-11-23,16.0,32.6,50.6
2008-11-24,12.0,8.5,8.4
2008-11-25,0.0,5.6,4.5
2008-11-26,11.3,25.5,39.7
2008-11-27,4.8,5.0,3.6
2008-11-28,0.0,2.0,0.0
2008-11-29,0.0,4.2,2.6
2008-11-30,0.0,0.1,0.0
2008-12-01,0.0,5.5,5.5
2008-12-02,0.0,1.4,1.5
2008-12-03,0.5,0.2,0.0
2008-12-04,57.2,0.9,0.0
2008-12-05,7.5,0.5,0.0
2008-12-06,0.9,5.0,5.0
2008-12-07,0.0,0.8,0.0
2008-12-08,1.0,2.2,2.2
2008-12-09,12.6,26.0,27.3
2008-12-10,6.3,28.7,30.8
2008-12-11,38.3,20.1,20.1
2008-12-12,125.2,36.3,42.0
2008-12-13,9.9,3.9,2.2
2008-12-14,0.0,2.3,1.0
2008-12-15,15.2,6.3,5.0
2008-12-16,0.0,2.9,1.1
2008-12-17,0.0,2.4,1.0
2008-12-18,57.2,14.9,14.8
2008-12-19,2.9,2.7,1.0
2008-12-20,7.2,2.0,0.0
2008-12-21,65.9,1.5,0.0
2008-12-22,22.0,8.5,8.2
2008-12-23,0.0,0.2,0.0
2008-12-24,0.0,0.1,0.0
2008-12-25,0.0,0.1,0.0
2008-12-26,0.0,0.1,0.0
2008-12-27,4.2,36.8,46.6
2008-12-28,0.0,2.2,1.0
2008-12-29,33.2,1.6,1.0
2008-12-30,2.1,20.8,25.5
2008-12-31,15.4,21.5,25.5
2009-01-01,23.9,3.6,4.3
2009-01-02,0.0,0.6,0.0
2009-01-03,10.0,3.7,4.4
2009-01-04,12.1,4.5,5.2
2009-01-05,11.0,33.5,38.7
2009-01-06,9.3,5.5,6.3
2009-01-07,1.4,6.1,6.9
2009-01-08,10.0,10.1,11.4
2009-01-09,5.8,20.8,23.3
2009-01-10,44.8,45.4,56.2
2009-01-11,36.9,15.9,17.3
2009-01-12,10.0,24.6,29.5
2009-01-13,42.1,52.2,64.5
2009-01-14,35.3,29.4,36.3
2009-01-15,20.0,50.0,61.6
2009-01-16,5.5,6.4,6.6
2009-01-17,10.3,0.2,0.0
2009-01-18,0.0,0.4,0.0
2009-01-19,0.0,4.4,4.3
2009-01-20,6.4,1.1,1.0
2009-01-21,5.4,0.1,0.0
2009-01-22,2.8,0.0,0.0
2009-01-23,0.0,4.0,3.4
2009-01-24,24.6,0.4,0.0
2009-01-25,0.6,0.9,0.0
2009-01-26,2.0,1.4,1.0
2009-01-27,5.8,24.7,27.7
2009-01-28,27.3,3.6,2.9
2009-01-29,24.5,26.5,29.5
2009-01-30,106.4,41.8,46.7
2009-01-31,3.9,9.8,9.2
2009-02-01,35.8,24.8,27.5
2009-02-02,24.2,27.7,29.1
2009-02-03,14.7,14.5,13.1
2009-02-04,4.5,5.9,4.6
2009-02-05,4.8,3.0,1.9
2009-02-06,6.4,8.1,6.8
2009-02-07,4.0,7.3,6.0
2009-02-08,0.0,3.4,2.2
2009-02-09,1.9,0.0,0.0
2009-02-10,8.1,7.7,6.4
2009-02-11,4.7,5.1,5.5
2009-02-12,0.0,6.4,7.1
2009-02-13,2.0,0.3,0.0
2009-02-14,0.0,1.8,1.7
2009-02-15,30.0,73.6,110.4
2009-02-16,64.2,30.1,41.3
2009-02-17,53.0,3.0,3.0
2009-02-18,64.4,8.4,9.4
2009-02-19,49.0,14.4,16.1
2009-02-20,8.0,0.3,0.0
2009-02-21,32.4,0.4,0.0
2009-02-22,60.7,9.4,9.4
2009-02-23,0.0,0.4,0.0
2009-02-24,0.0,1.8,2.8
2009-02-25,0.0,1.0,0.0
2009-02-26,2.0,1.6,2.7
2009-02-27,35.3,4.2,4.8
2009-02-28,7.0,6.4,6.7
2009-03-01,12.8,26.5,27.3
2009-03-02,8.0,9.3,9.9
2009-03-03,3.7,1.9,2.2
2009-03-04,2.7,10.9,11.6
2009-03-05,0.8,7.8,8.3
2009-03-06,0.0,0.8,0.0
2009-03-07,5.8,0.2,0.0
2009-03-08,3.0,0.1,0.0
2009-03-09,0.0,0.0,0.0
2009-03-10,2.0,0.0,0.0
2009-03-11,0.0,0.0,0.0
2009-03-12,0.0,0.0,0.0
2009-03-13,0.0,0.0,0.0
2009-03-14,0.0,0.0,0.0
2009-03-15,0.0,0.0,0.0
2009-03-16,0.0,0.1,0.0
2009-03-17,12.1,0.9,0.0
2009-03-18,0.0,0.0,0.0
2009-03-19,2.2,0.9,0.0
2009-03-20,1.5,0.3,0.0
2009-03-21,0.0,0.2,0.0
2009-03-22,0.0,0.8,0.0
2009-03-23,0.0,0.0,0.0
2009-03-24,0.0,0.0,0.0
2009-03-25,0.0,0.0,0.0
2009-03-26,0.0,0.1,0.0
2009-03-27,39.2,1.9,4.0
2009-03-28,10.2,0.5,0.0
2009-03-29,0.0,0.2,0.0
2009-03-30,14.8,3.4,5.4
2009-03-31,0.0,0.7,0.0
2009-04-01,0.8,4.2,5.0
2009-04-02,4.0,0.5,0.0
2009-04-03,6.5,9.8,12.1
2009-04-04,59.8,0.0,0.0
2009-04-05,0.0,0.0,0.0
2009-04-06,0.0,0.7,0.0
2009-04-07,0.0,0.1,0.0
2009-04-08,0.0,0.3,0.0
2009-04-09,0.0,0.0,0.0
2009-04-10,0.0,0.3,0.0
2009-04-11,3.2,0.6,0.0
2009-04-12,62.3,1.7,3.7
2009-04-13,0.5,0.1,0.0
2009-04-14,0.0,0.2,0.0
2009-04-15,0.0,0.0,0.0
2009-04-16,43.5,1.9,4.0
2009-04-17,9.2,2.4,4.5
2009-04-18,0.0,2.8,4.9
2009-04-19,2.3,1.6,3.6
2009-04-20,1.8,0.1,0.0
2009-04-21,0.0,0.9,0.0
2009-04-22,0.0,0.4,0.0
2009-04-23,0.0,0.2,0.0
2009-04-24,0.0,0.0,0.0
2009-04-25,0.0,0.0,0.0
2009-04-26,0.0,0.0,0.0
2009-04-27,0.0,0.1,0.0
2009-04-28,0.0,0.2,0.0
2009-04-29,4.7,0.6,0.0
2009-04-30,0.0,0.0,0.0
2009-05-01,0.0,0.0,0.0
2009-05-02,0.0,0.0,0.0
2009-05-03,12.2,0.3,0.0
2009-05-04,0.5,0.2,0.0
2009-05-05,8.3,0.0,0.0
2009-05-06,0.0,0.2,0.0
2009-05-07,0.0,2.3,2.4
2009-05-08,3.7,10.3,8.0
2009-05-09,4.0,2.0,2.2
2009-05-10,4.5,25.1,20.6
2009-05-11,2.0,13.6,9.6
2009-05-12,12.2,17.7,14.4
2009-05-13,0.0,0.7,0.0
2009-05-14,12.3,4.3,4.4
2009-05-15,16.5,8.5,6.0
2009-05-16,2.8,0.6,0.0
2009-05-17,3.2,3.1,2.9
2009-05-18,0.0,1.1,0.0
2009-05-19,0.0,1.5,0.0
2009-05-20,0.0,0.0,0.0
2009-05-21,0.0,0.1,0.0
2009-05-22,0.0,2.0,2.3
2009-05-23,0.0,3.1,3.9
2009-05-24,0.0,3.4,4.8
2009-05-25,0.0,0.0,0.0
2009-05-26,8.9,12.2,20.3
2009-05-27,7.7,0.0,0.0
2009-05-28,0.0,0.9,1.0
2009-05-29,0.0,0.8,1.0
2009-05-30,0.0,0.6,0.0
2009-05-31,0.0,0.3,0.0
2009-06-01,0.0,0.0,0.0
2009-06-02,0.0,0.4,0.0
2009-06-03,0.0,1.2,2.8
2009-06-04,0.0,1.0,0.0
2009-06-05,0.0,0.0,0.0
2009-06-06,0.0,2.1,3.4
2009-06-07,0.0,0.5,0.0
2009-06-08,0.0,0.1,0.0
2009-06-09,24.0,2.8,3.9
2009-06-10,0.0,0.0,0.0
2009-06-11,0.0,1.1,1.8
2009-06-12,0.0,0.0,0.0
2009-06-13,0.0,0.0,0.0
2009-06-14,0.0,0.0,0.0
2009-06-15,0.0,0.2,0.0
2009-06-16,0.0,0.0,0.0
2009-06-17,0.0,0.0,0.0
2009-06-18,0.0,0.2,0.0
2009-06-19,0.0,0.2,0.0
2009-06-20,0.0,0.0,0.0
2009-06-21,0.0,0.0,0.0
2009-06-22,0.0,0.0,0.0
2009-06-23,0.0,0.0,0.0
2009-06-24,0.0,0.0,0.0
2009-06-25,0.0,0.0,0.0
2009-06-26,0.0,0.2,0.0
2009-06-27,0.0,0.3,0.0
2009-06-28,0.0,0.0,0.0
2009-06-29,0.0,0.0,0.0
2009-06-30,0.0,0.0,0.0
2009-07-01,0.0,4.0,5.9
2009-07-02,0.0,0.5,0.0
2009-07-03,0.0,0.0,0.0
2009-07-04,0.0,0.0,0.0
2009-07-05,0.0,0.0,0.0
2009-07-06,0.0,0.0,0.0
2009-07-07,0.0,0.0,0.0
2009-07-08,0.0,0.0,0.0
2009-07-09,0.0,0.0,0.0
2009-07-10,0.0,0.0,0.0
2009-07-11,1.4,0.0,0.0
2009-07-12,0.0,0.0,0.0
2009-07-13,0.0,1.1,2.1
2009-07-14,0.0,0.0,0.0
2009-07-15,0.0,0.0,0.0
2009-07-16,0.0,0.0,0.0
2009-07-17,0.0,0.8,0.0
2009-07-18,0.0,0.2,0.0
2009-07-19,0.0,0.7,0.0
2009-07-20,0.0,1.2,2.3
2009-07-21,0.7,0.0,0.0
2009-07-22,5.8,3.6,7.9
2009-07-23,0.0,1.8,4.0
2009-07-24,0.0,0.0,0.0
2009-07-25,0.0,0.1,0.0
2009-07-26,0.0,0.2,0.0
2009-07-27,0.0,0.0,0.0
2009-07-28,2.5,0.1,0.0
2009-07-29,0.0,0.0,0.0
2009-07-30,0.0,0.0,0.0
2009-07-31,0.0,0.0,0.0
2009-08-01,0.0,0.0,0.0
2009-08-02,0.0,0.5,0.0
2009-08-03,0.0,0.0,0.0
2009-08-04,0.0,0.0,0.0
2009-08-05,0.0,0.0,0.0
2009-08-06,0.6,0.1,0.0
2009-08-07,0.0,1.6,1.2
2009-08-08,0.0,1.3,0.0
2009-08-09,0.0,0.0,0.0
2009-08-10,0.5,1.3,0.0
2009-08-11,0.0,3.2,2.9
2009-08-12,0.0,1.4,0.0
2009-08-13,0.0,0.0,0.0
2009-08-14,0.0,2.0,1.5
2009-08-15,0.0,2.4,2.1
2009-08-16,2.4,1.8,1.2
2009-08-17,0.0,0.0,0.0
2009-08-18,0.0,0.0,0.0
2009-08-19,0.0,0.0,0.0
2009-08-20,0.0,0.0,0.0
2009-08-21,0.0,0.0,0.0
2009-08-22,0.0,0.0,0.0
2009-08-23,0.0,0.0,0.0
2009-08-24,0.0,0.0,0.0
2009-08-25,0.0,0.0,0.0
2009-08-26,0.0,0.3,0.0
2009-08-27,0.0,0.0,0.0
2009-08-28,0.0,0.3,0.0
2009-08-29,0.0,0.1,0.0
2009-08-30,0.0,1.9,1.7
2009-08-31,0.0,1.7,0.9
2009-09-01,0.0,0.3,0.0
2009-09-02,2.9,0.5,0.0
2009-09-03,4.6,14.9,18.6
2009-09-04,0.0,0.0,0.0
2009-09-05,0.0,0.0,0.0
2009-09-06,4.6,0.5,0.0
2009-09-07,9.7,0.3,0.0
2009-09-08,0.0,0.1,0.0
2009-09-09,0.0,0.3,0.0
2009-09-10,0.0,1.9,1.0
2009-09-11,0.0,0.2,0.0
2009-09-12,0.0,0.0,0.0
2009-09-13,0.0,0.6,1.0
2009-09-14,0.0,0.0,0.0
2009-09-15,0.0,0.3,0.0
2009-09-16,2.0,0.2,0.0
2009-09-17,0.0,1.1,2.0
2009-09-18,0.0,0.4,0.0
2009-09-19,40.2,0.7,1.0
2009-09-20,5.1,1.9,4.7
2009-09-21,0.0,0.3,0.0
2009-09-22,0.0,4.5,7.5
2009-09-23,0.0,0.0,0.0
2009-09-24,0.0,0.0,0.0
2009-09-25,0.0,0.0,0.0
2009-09-26,0.0,0.2,0.0
2009-09-27,0.0,0.0,0.0
2009-09-28,0.0,0.0,0.0
2009-09-29,14.5,0.1,0.0
2009-09-30,0.0,0.0,0.0
2009-10-01,0.0,3.0,4.0
2009-10-02,0.0,3.2,4.1
2009-10-03,0.0,0.8,1.0
2009-10-04,0.0,0.8,1.0
2009-10-05,0.0,0.0,0.0
2009-10-06,0.0,0.0,0.0
2009-10-07,0.0,4.5,5.8
2009-10-08,0.0,20.3,47.3
2009-10-09,0.0,1.1,1.0
2009-10-10,0.0,1.7,1.5
2009-10-11,5.8,0.1,0.0
2009-10-12,1.4,6.6,10.9
2009-10-13,1.3,0.0,0.0
2009-10-14,0.0,0.0,0.0
2009-10-15,0.0,0.0,0.0
2009-10-16,0.0,0.1,0.0
2009-10-17,0.0,0.1,0.0
2009-10-18,0.0,0.0,0.0
2009-10-19,0.0,0.0,0.0
2009-10-20,0.0,0.1,0.0
2009-10-21,0.0,0.0,0.0
2009-10-22,0.0,0.5,0.0
2009-10-23,0.0,0.3,0.0
2009-10-24,7.0,0.9,0.0
2009-10-25,25.2,0.0,0.0
2009-10-26,10.0,0.4,0.0
2009-10-27,0.0,0.0,0.0
2009-10-28,0.0,0.0,0.0
2009-10-29,0.0,0.3,0.0
2009-10-30,0.0,0.0,0.0
2009-10-31,0.0,0.3,0.0
2009-11-01,40.7,0.1,0.0
2009-11-02,0.0,0.0,0.0
2009-11-03,0.0,0.0,0.0
2009-11-04,0.0,0.0,0.0
2009-11-05,0.0,0.0,0.0
2009-11-06,0.0,0.0,0.0
2009-11-07,0.0,0.5,0.0
2009-11-08,0.0,1.5,2.2
2009-11-09,4.8,0.1,0.0
2009-11-10,0.0,0.2,0.0
2009-11-11,0.0,0.9,2.5
2009-11-12,0.0,0.0,0.0
2009-11-13,0.0,6.1,10.6
2009-11-14,0.0,3.2,6.0
2009-11-15,13.0,0.0,0.0
2009-11-16,0.0,0.1,0.0
2009-11-17,0.0,0.0,0.0
2009-11-18,0.0,2.3,4.6
2009-11-19,0.0,1.6,3.7
2009-11-20,0.0,1.9,4.1
2009-11-21,1.0,6.4,5.6
2009-11-22,0.0,0.0,0.0
2009-11-23,0.0,0.0,0.0
2009-11-24,0.0,0.0,0.0
2009-11-25,0.0,0.0,0.0
2009-11-26,0.0,0.0,0.0
2009-11-27,0.0,3.1,1.1
2009-11-28,0.0,0.0,0.0
2009-11-29,0.0,0.0,0.0
2009-11-30,0.0,4.3,2.7
2009-12-01,0.0,0.0,0.0
2009-12-02,0.0,0.0,0.0
2009-12-03,0.0,0.2,0.0
2009-12-04,0.0,0.0,0.0
2009-12-05,91.5,19.3,19.1
2009-12-06,0.0,1.8,1.8
2009-12-07,1.9,0.0,0.0
2009-12-08,0.0,0.0,0.0
2009-12-09,0.0,0.0,0.0
2009-12-10,0.0,0.0,0.0
2009-12-11,0.0,0.0,0.0
2009-12-12,0.0,0.0,0.0
2009-12-13,0.0,0.6,0.0
2009-12-14,0.0,0.8,0.0
2009-12-15,3.4,22.0,23.6
2009-12-16,53.2,20.8,21.9
2009-12-17,0.0,2.3,1.0
2009-12-18,23.7,0.9,0.0
2009-12-19,3.5,3.4,1.7
2009-12-20,5.5,1.0,0.0
2009-12-21,31.1,11.4,11.6
2009-12-22,29.9,5.9,5.0
2009-12-23,0.0,0.0,0.0
2009-12-24,0.0,0.0,0.0
2009-12-25,53.2,7.8,7.2
2009-12-26,51.7,9.0,8.7
2009-12-27,0.0,3.5,2.1
2009-12-28,96.0,20.2,23.2
2009-12-29,1.9,20.8,25.0
2009-12-30,1.1,15.5,16.6
2009-12-31,25.5,13.2,13.8
2010-01-01,0.0,0.1,0.0
2010-01-02,0.0,4.8,5.6
2010-01-03,3.8,4.6,5.4
2010-01-04,9.6,7.0,7.9
2010-01-05,7.8,17.6,19.8
2010-01-06,34.2,12.2,13.7
2010-01-07,6.5,15.6,17.5
2010-01-08,39.2,27.6,29.9
2010-01-09,15.5,40.5,49.6
2010-01-10,1.6,4.5,5.2
2010-01-11,6.2,4.2,4.1
2010-01-12,11.3,1.0,1.0
2010-01-13,7.3,29.6,36.4
2010-01-14,10.1,19.1,20.7
2010-01-15,0.0,8.6,9.0
2010-01-16,2.3,18.8,19.8
2010-01-17,0.0,12.9,13.9
2010-01-18,4.3,5.8,5.9
2010-01-19,5.0,0.5,0.0
2010-01-20,0.0,0.0,0.0
2010-01-21,0.0,4.0,3.4
2010-01-22,6.1,10.1,9.5
2010-01-23,3.2,3.8,3.2
2010-01-24,2.3,1.7,1.0
2010-01-25,7.7,13.7,13.1
2010-01-26,9.9,5.3,4.7
2010-01-27,69.0,5.2,4.6
2010-01-28,54.3,2.4,1.6
2010-01-29,4.5,5.6,5.0
2010-01-30,58.6,3.2,2.5
2010-01-31,27.0,1.3,1.0
2010-02-01,50.8,26.9,27.7
2010-02-02,2.5,12.4,10.9
2010-02-03,18.5,7.7,6.4
2010-02-04,12.5,8.8,7.5
2010-02-05,39.5,15.3,13.8
2010-02-06,19.0,12.6,11.2
2010-02-07,0.0,8.7,7.4
2010-02-08,20.0,24.9,25.4
2010-02-09,0.0,5.5,4.3
2010-02-10,15.7,19.7,18.2
2010-02-11,0.0,2.7,2.7
2010-02-12,0.0,2.3,2.3
2010-02-13,13.0,10.7,12.1
2010-02-14,0.0,4.4,4.7
2010-02-15,0.0,0.1,0.0
2010-02-16,0.0,5.4,5.9
2010-02-17,0.0,2.4,2.4
2010-02-18,0.0,1.6,1.6
2010-02-19,1.2,17.1,16.9
2010-02-20,0.0,0.2,0.0
2010-02-21,0.0,0.0,0.0
2010-02-22,30.8,0.8,0.0
2010-02-23,0.0,2.2,3.1
2010-02-24,17.3,0.2,0.0
2010-02-25,33.6,0.1,0.0
2010-02-26,4.9,0.0,0.0
2010-02-27,0.0,0.2,0.0
2010-02-28,56.7,0.7,0.0
2010-03-01,4.0,2.5,2.8
2010-03-02,24.5,1.4,1.6
2010-03-03,0.0,9.8,10.4
2010-03-04,6.7,4.6,5.0
2010-03-05,6.3,32.3,37.1
2010-03-06,10.2,14.1,14.9
2010-03-07,3.5,0.0,0.0
2010-03-08,3.8,0.3,0.0
2010-03-09,0.0,0.0,0.0
2010-03-10,3.3,9.9,10.5
2010-03-11,6.7,0.2,0.0
2010-03-12,0.0,0.0,0.0
2010-03-13,0.0,0.2,0.0
2010-03-14,3.1,0.0,0.0
2010-03-15,0.0,0.0,0.0
2010-03-16,1.2,0.1,0.0
2010-03-17,0.0,2.8,3.4
2010-03-18,30.4,1.0,1.2
2010-03-19,34.5,7.5,8.7
2010-03-20,0.0,0.0,0.0
2010-03-21,0.0,1.3,3.4
2010-03-22,0.0,1.0,3.1
2010-03-23,0.0,0.0,0.0
2010-03-24,0.0,0.1,0.0
2010-03-25,0.0,0.5,0.0
2010-03-26,0.0,3.0,5.0
2010-03-27,5.7,0.1,0.0
2010-03-28,0.0,8.6,10.0
2010-03-29,7.2,5.1,7.0
2010-03-30,0.0,4.7,6.6
2010-03-31,34.0,39.7,35.9
2010-04-01,0.0,2.7,3.2
2010-04-02,0.0,0.9,1.0
2010-04-03,2.4,0.5,0.0
2010-04-04,3.8,4.8,5.7
2010-04-05,20.8,1.9,2.3
2010-04-06,0.0,1.6,1.9
2010-04-07,2.4,20.0,26.4
2010-04-08,0.0,13.9,17.6
2010-04-09,0.0,2.0,2.3
2010-04-10,0.0,1.4,1.6
2010-04-11,0.0,5.4,7.6
2010-04-12,0.0,2.4,4.5
2010-04-13,0.0,0.6,0.0
2010-04-14,2.8,6.2,8.3
2010-04-15,0.0,9.8,11.7
2010-04-16,0.7,17.6,20.0
2010-04-17,5.5,10.6,12.7
2010-04-18,26.4,46.9,58.2
2010-04-19,0.0,18.7,22.0
2010-04-20,33.3,30.3,36.3
2010-04-21,25.2,26.5,34.0
2010-04-22,20.8,9.5,9.0
2010-04-23,0.0,2.7,3.8
2010-04-24,34.3,10.4,9.6
2010-04-25,2.5,5.1,5.2
2010-04-26,5.3,2.3,2.7
2010-04-27,1.0,1.8,2.2
2010-04-28,0.0,0.4,0.0
2010-04-29,0.0,0.5,0.0
2010-04-30,0.0,0.3,0.0
2010-05-01,3.8,0.3,0.0
2010-05-02,1.8,10.7,8.6
2010-05-03,20.4,29.4,23.8
2010-05-04,15.3,1.3,0.0
2010-05-05,5.6,8.9,7.5
2010-05-06,0.0,1.4,0.0
2010-05-07,0.0,6.9,5.9
2010-05-08,4.2,3.5,4.0
2010-05-09,0.0,13.8,10.3
2010-05-10,18.0,5.5,5.1
2010-05-11,4.4,10.7,7.4
2010-05-12,6.2,7.7,6.3
2010-05-13,50.8,53.8,44.2
2010-05-14,12.1,7.5,6.0
2010-05-15,16.0,96.6,44.5
2010-05-16,3.0,37.1,32.0
2010-05-17,0.0,4.1,3.6
2010-05-18,7.1,0.2,0.0
2010-05-19,0.0,1.4,0.0
2010-05-20,0.0,0.5,0.0
2010-05-21,4.7,1.5,1.2
2010-05-22,0.0,4.3,5.6
2010-05-23,15.5,1.5,1.2
2010-05-24,0.0,3.2,4.1
2010-05-25,0.0,0.2,0.0
2010-05-26,0.9,1.7,1.5
2010-05-27,23.8,25.7,52.4
2010-05-28,3.2,0.7,0.0
2010-05-29,5.8,4.0,5.6
2010-05-30,0.6,0.0,0.0
2010-05-31,4.5,0.9,1.0
2010-06-01,4.5,0.0,0.0
2010-06-02,4.5,0.4,0.0
2010-06-03,0.0,0.8,0.0
2010-06-04,0.0,0.1,0.0
2010-06-05,0.0,0.2,0.0
2010-06-06,0.0,3.0,4.0
2010-06-07,0.0,0.3,0.0
2010-06-08,0.0,4.1,4.8
2010-06-09,0.0,0.5,0.0
2010-06-10,0.0,2.1,3.4
2010-06-11,0.0,0.5,0.0
2010-06-12,0.0,1.9,2.7
2010-06-13,0.0,1.3,2.0
2010-06-14,0.0,0.0,0.0
2010-06-15,0.0,0.2,0.0
2010-06-16,1.0,0.1,0.0
2010-06-17,9.4,0.0,0.0
2010-06-18,0.0,0.0,0.0
2010-06-19,0.0,0.0,0.0
2010-06-20,0.0,0.0,0.0
2010-06-21,0.0,0.0,0.0
2010-06-22,0.0,0.0,0.0
2010-06-23,0.0,0.1,0.0
2010-06-24,0.0,0.0,0.0
2010-06-25,5.5,1.0,1.0
2010-06-26,3.0,2.1,5.2
2010-06-27,1.5,2.3,4.6
2010-06-28,0.0,0.0,0.0
2010-06-29,0.0,0.3,0.0
2010-06-30,0.0,0.7,1.0
2010-07-01,0.0,0.0,0.0
2010-07-02,0.0,0.1,0.0
2010-07-03,0.0,0.3,0.0
2010-07-04,0.0,0.3,0.0
2010-07-05,0.0,0.6,0.0
2010-07-06,26.0,47.1,58.7
2010-07-07,0.0,0.1,0.0
2010-07-08,0.0,1.2,1.4
2010-07-09,0.0,1.8,1.9
2010-07-10,0.0,0.0,0.0
2010-07-11,0.0,5.8,7.2
2010-07-12,8.8,1.8,3.4
2010-07-13,0.0,0.0,0.0
2010-07-14,0.0,2.3,3.4
2010-07-15,0.0,0.0,0.0
2010-07-16,1.0,0.3,0.0
2010-07-17,3.5,0.1,0.0
2010-07-18,0.0,0.1,0.0
2010-07-19,0.0,0.0,0.0
2010-07-20,0.0,0.0,0.0
2010-07-21,0.0,0.2,0.0
2010-07-22,0.0,0.2,0.0
2010-07-23,0.0,0.5,0.0
2010-07-24,0.0,0.3,0.0
2010-07-25,19.0,17.2,70.8
2010-07-26,20.7,58.4,75.7
2010-07-27,0.0,6.3,16.2
2010-07-28,0.0,0.2,0.0
2010-07-29,0.0,0.1,0.0
2010-07-30,0.0,0.9,2.9
2010-07-31,0.0,0.0,0.0
2010-08-01,0.0,0.0,0.0
2010-08-02,14.8,0.4,0.0
2010-08-03,0.5,2.1,2.0
2010-08-04,0.0,1.0,0.0
2010-08-05,0.0,0.0,0.0
2010-08-06,0.0,0.8,0.0
2010-08-07,0.0,0.2,0.0
2010-08-08,0.0,0.3,0.0
2010-08-09,9.6,0.4,0.0
2010-08-10,0.0,3.7,6.0
2010-08-11,5.0,0.2,0.0
2010-08-12,0.0,0.3,0.0
2010-08-13,5.0,0.7,0.0
2010-08-14,0.8,0.6,0.0
2010-08-15,0.0,0.6,0.0
2010-08-16,0.0,0.2,0.0
2010-08-17,0.0,0.7,0.0
2010-08-18,0.0,0.0,0.0
2010-08-19,0.0,0.0,0.0
2010-08-20,2.0,5.2,5.6
2010-08-21,0.0,0.5,0.0
2010-08-22,2.7,2.4,10.0
2010-08-23,12.6,2.6,10.5
2010-08-24,0.0,0.4,0.0
2010-08-25,2.5,2.8,10.5
2010-08-26,0.0,0.1,0.0
2010-08-27,0.0,0.0,0.0
2010-08-28,0.0,0.1,0.0
2010-08-29,0.0,0.7,0.0
2010-08-30,4.5,15.9,35.1
2010-08-31,34.5,0.2,0.0
2010-09-01,0.0,0.3,0.0
2010-09-02,0.0,0.0,0.0
2010-09-03,0.0,0.1,0.0
2010-09-04,0.0,1.5,1.1
2010-09-05,0.0,0.2,0.0
2010-09-06,0.8,7.5,13.5
2010-09-07,6.8,7.6,13.1
2010-09-08,15.8,46.7,37.2
2010-09-09,17.1,35.0,31.3
2010-09-10,0.0,3.7,3.2
2010-09-11,8.8,2.1,5.4
2010-09-12,0.0,0.1,0.0
2010-09-13,0.0,0.0,0.0
2010-09-14,0.0,0.1,0.0
2010-09-15,8.0,4.4,25.6
2010-09-16,0.0,23.2,79.4
2010-09-17,25.5,22.3,78.7
2010-09-18,27.5,29.8,78.7
2010-09-19,15.0,3.5,9.8
2010-09-20,1.3,2.5,6.5
2010-09-21,0.0,16.9,46.9
2010-09-22,7.5,36.3,62.3
2010-09-23,1.3,22.5,55.2
2010-09-24,0.0,6.9,13.7
2010-09-25,6.0,9.9,16.9
2010-09-26,0.0,0.1,0.0
2010-09-27,0.0,0.2,0.0
2010-09-28,0.0,0.1,0.0
2010-09-29,0.0,0.1,0.0
2010-09-30,0.0,2.5,4.3
2010-10-01,6.2,3.8,4.9
2010-10-02,0.0,3.3,3.9
2010-10-03,0.0,0.1,0.0
2010-10-04,46.8,1.9,2.1
2010-10-05,1.8,0.5,0.0
2010-10-06,0.0,3.5,5.1
2010-10-07,7.7,31.4,47.8
2010-10-08,0.0,18.9,47.7
2010-10-09,0.0,16.4,45.4
2010-10-10,2.2,1.1,1.0
2010-10-11,2.8,1.0,1.6
2010-10-12,13.5,0.3,0.0
2010-10-13,2.5,0.0,0.0
2010-10-14,0.0,0.0,0.0
2010-10-15,5.1,1.0,1.3
2010-10-16,0.0,0.4,0.0
2010-10-17,0.0,0.3,0.0
2010-10-18,0.0,0.1,0.0
2010-10-19,0.0,0.9,1.1
2010-10-20,0.0,0.6,0.0
2010-10-21,0.0,5.0,7.5
2010-10-22,4.0,17.6,31.3
2010-10-23,17.0,42.8,79.2
2010-10-24,4.5,2.3,2.6
2010-10-25,3.5,2.5,2.9
2010-10-26,3.0,10.7,16.6
2010-10-27,8.7,2.8,3.9
2010-10-28,0.0,8.9,14.0
2010-10-29,60.0,1.1,1.0
2010-10-30,1.2,2.9,4.2
2010-10-31,1.2,11.7,19.7
2010-11-01,3.5,7.8,15.3
2010-11-02,0.0,0.4,0.0
2010-11-03,0.0,34.2,108.6
2010-11-04,37.2,14.0,27.1
2010-11-05,30.7,24.6,64.3
2010-11-06,4.0,1.4,2.0
2010-11-07,1.3,3.1,5.4
2010-11-08,12.3,4.6,8.7
2010-11-09,24.5,0.3,0.0
2010-11-10,15.1,0.0,0.0
2010-11-11,0.0,0.0,0.0
2010-11-12,2.8,0.1,0.0
2010-11-13,13.5,8.9,13.5
2010-11-14,2.5,0.6,0.0
2010-11-15,5.1,0.0,0.0
2010-11-16,0.0,1.5,3.4
2010-11-17,0.0,0.0,0.0
2010-11-18,0.0,0.1,0.0
2010-11-19,0.0,0.1,0.0
2010-11-20,0.0,0.8,2.2
2010-11-21,0.0,2.1,0.0
2010-11-22,0.0,0.6,0.0
2010-11-23,0.0,1.5,0.0
2010-11-24,0.0,4.1,2.4
2010-11-25,0.0,4.8,3.4
2010-11-26,0.0,2.5,1.0
2010-11-27,0.0,1.8,0.0
2010-11-28,0.0,8.3,8.1
2010-11-29,32.8,51.1,72.9
2010-11-30,4.0,3.6,1.7
2010-12-01,1.2,13.5,13.5
2010-12-02,12.0,22.3,22.7
2010-12-03,3.3,0.7,0.0
2010-12-04,1.6,10.4,10.3
2010-12-05,4.0,13.5,13.4
2010-12-06,0.0,7.2,7.2
2010-12-07,17.5,16.1,16.4
2010-12-08,0.5,7.9,7.9
2010-12-09,3.0,5.9,5.8
2010-12-10,13.0,22.2,22.2
2010-12-11,5.3,21.8,23.6
2010-12-12,28.0,25.4,27.0
2010-12-13,4.6,13.8,13.5
2010-12-14,2.1,22.5,24.6
2010-12-15,0.0,10.0,9.2
2010-12-16,2.0,16.4,16.4
2010-12-17,6.0,20.1,20.5
2010-12-18,0.5,16.0,16.0
2010-12-19,20.8,31.6,35.3
2010-12-20,6.6,17.4,17.8
2010-12-21,16.0,4.2,2.9
2010-12-22,14.0,4.5,3.4
2010-12-23,0.0,2.4,1.0
2010-12-24,0.0,0.1,0.0
2010-12-25,0.0,3.5,2.1
2010-12-26,2.0,0.5,0.0
2010-12-27,23.7,17.0,18.6
2010-12-28,0.0,16.4,17.8
2010-12-29,6.8,13.2,13.8
2010-12-30,0.0,2.1,1.0
2010-12-31,23.2,112.1,166.0
2011-01-01,12.2,52.9,65.9
2011-01-02,1.0,1.7,2.3
2011-01-03,0.0,8.0,9.0
2011-01-04,0.0,2.1,2.7
2011-01-05,24.0,15.7,17.6
2011-01-06,0.0,4.7,5.4
2011-01-07,10.5,14.8,16.6
2011-01-08,44.5,29.1,32.3
2011-01-09,10.5,4.7,5.4
2011-01-10,36.0,4.7,5.4
2011-01-11,12.3,63.7,76.1
2011-01-12,0.0,3.8,3.6
2011-01-13,0.0,13.1,14.1
2011-01-14,2.8,5.5,5.6
2011-01-15,25.2,29.3,35.8
2011-01-16,38.0,20.4,21.9
2011-01-17,3.8,4.7,4.7
2011-01-18,0.0,0.9,0.0
2011-01-19,4.0,6.1,6.3
2011-01-20,2.0,7.6,7.9
2011-01-21,0.0,1.4,1.0
2011-01-22,7.0,3.2,2.5
2011-01-23,22.2,29.2,32.6
2011-01-24,2.6,6.4,5.8
2011-01-25,8.5,13.4,12.8
2011-01-26,17.0,6.9,6.3
2011-01-27,2.4,5.3,4.7
2011-01-28,27.5,0.3,0.0
2011-01-29,0.0,0.6,0.0
2011-01-30,0.0,2.6,1.9
2011-01-31,9.8,18.8,18.8
2011-02-01,0.0,16.0,14.5
2011-02-02,20.7,14.8,13.4
2011-02-03,3.6,4.3,3.1
2011-02-04,28.0,14.7,13.3
2011-02-05,4.0,10.5,9.1
2011-02-06,1.3,18.2,16.8
2011-02-07,0.0,5.4,4.2
2011-02-08,3.0,4.5,3.3
2011-02-09,0.0,10.7,9.3
2011-02-10,0.0,0.0,0.0
2011-02-11,0.0,0.0,0.0
2011-02-12,0.0,9.4,10.7
2011-02-13,0.0,0.1,0.0
2011-02-14,0.0,0.2,0.0
2011-02-15,15.0,0.9,0.0
2011-02-16,0.0,1.1,1.0
2011-02-17,0.0,4.0,4.2
2011-02-18,0.0,0.1,0.0
2011-02-19,0.0,0.1,0.0
2011-02-20,0.0,0.5,0.0
2011-02-21,13.7,1.1,2.4
2011-02-22,25.5,10.8,10.7
2011-02-23,1.0,1.5,2.6
2011-02-24,36.5,9.2,9.2
2011-02-25,26.9,20.5,20.0
2011-02-26,14.5,17.9,16.7
2011-02-27,0.0,2.0,3.0
2011-02-28,0.0,1.7,2.8
2011-03-01,1.0,8.4,8.9
2011-03-02,1.3,1.1,1.3
2011-03-03,2.0,35.8,40.3
2011-03-04,2.7,12.8,13.6
2011-03-05,52.5,24.2,22.9
2011-03-06,13.0,10.2,10.9
2011-03-07,16.7,16.2,18.1
2011-03-08,15.0,8.4,8.9
2011-03-09,1.0,20.8,21.1
2011-03-10,57.3,5.7,6.1
2011-03-11,15.0,2.2,2.7
2011-03-12,125.4,40.2,49.0
2011-03-13,15.6,2.2,2.7
2011-03-14,0.0,27.9,35.2
2011-03-15,14.9,6.0,7.0
2011-03-16,0.6,2.7,3.3
2011-03-17,0.7,0.2,0.0
2011-03-18,0.0,0.0,0.0
2011-03-19,0.0,0.0,0.0
2011-03-20,0.0,1.4,1.8
2011-03-21,7.9,2.0,4.1
2011-03-22,1.0,2.8,4.8
2011-03-23,0.0,0.0,0.0
2011-03-24,19.0,0.0,0.0
2011-03-25,8.0,0.7,0.0
2011-03-26,0.0,0.7,0.0
2011-03-27,65.8,57.9,53.0
2011-03-28,18.8,61.6,57.4
2011-03-29,8.8,10.8,12.3
2011-03-30,0.0,0.6,0.0
2011-03-31,28.0,34.4,31.6
2011-04-01,10.0,10.1,12.5
2011-04-02,12.1,9.2,11.2
2011-04-03,1.0,11.0,13.4
2011-04-04,4.5,1.5,1.7
2011-04-05,13.0,4.1,4.9
2011-04-06,0.0,1.0,1.1
2011-04-07,1.4,16.4,21.2
2011-04-08,14.9,7.0,8.3
2011-04-09,0.0,7.4,8.7
2011-04-10,16.3,14.0,18.7
2011-04-11,11.1,4.9,7.1
2011-04-12,8.1,23.0,27.2
2011-04-13,11.2,0.3,0.0
2011-04-14,0.0,0.4,0.0
2011-04-15,3.2,4.2,7.9
2011-04-16,0.0,1.2,3.3
2011-04-17,0.0,0.0,0.0
2011-04-18,0.0,0.2,0.0
2011-04-19,0.0,0.1,0.0
2011-04-20,0.0,0.1,0.0
2011-04-21,18.5,6.2,6.5
2011-04-22,37.8,5.3,5.6
2011-04-23,0.0,1.6,1.9
2011-04-24,0.0,0.2,0.0
2011-04-25,4.1,1.0,0.0
2011-04-26,0.0,0.0,0.0
2011-04-27,0.0,0.0,0.0
2011-04-28,0.0,0.8,0.0
2011-04-29,25.3,1.6,2.0
2011-04-30,0.0,0.7,0.0
2011-05-01,0.0,3.1,4.6
2011-05-02,10.4,42.4,31.9
2011-05-03,0.0,0.6,0.0
2011-05-04,3.0,0.3,0.0
2011-05-05,22.2,106.9,44.7
2011-05-06,5.0,59.7,39.5
2011-05-07,4.2,1.1,0.0
2011-05-08,50.0,7.8,6.3
2011-05-09,3.0,0.5,0.0
2011-05-10,0.0,0.0,0.0
2011-05-11,0.0,0.1,0.0
2011-05-12,0.0,2.3,2.6
2011-05-13,9.1,0.4,0.0
2011-05-14,5.1,4.6,4.0
2011-05-15,2.2,1.0,0.0
2011-05-16,0.5,0.3,0.0
2011-05-17,0.0,0.2,0.0
2011-05-18,0.0,0.3,0.0
2011-05-19,0.0,0.0,0.0
2011-05-20,0.0,0.1,0.0
2011-05-21,0.0,0.0,0.0
2011-05-22,0.0,0.0,0.0
2011-05-23,0.0,0.0,0.0
2011-05-24,0.0,0.0,0.0
2011-05-25,0.0,0.0,0.0
2011-05-26,0.0,0.0,0.0
2011-05-27,0.0,0.0,0.0
2011-05-28,0.0,0.0,0.0
2011-05-29,0.0,0.5,0.0
2011-05-30,2.3,1.9,1.9
2011-05-31,0.0,1.0,1.0
2011-06-01,0.0,0.7,0.0
2011-06-02,0.0,0.5,0.0
2011-06-03,0.0,0.0,0.0
2011-06-04,0.0,0.0,0.0
2011-06-05,0.0,0.0,0.0
2011-06-06,0.0,0.0,0.0
2011-06-07,0.0,0.0,0.0
2011-06-08,0.0,0.0,0.0
2011-06-09,0.0,0.0,0.0
2011-06-10,0.0,0.2,0.0
2011-06-11,0.0,0.0,0.0
2011-06-12,0.0,0.0,0.0
2011-06-13,0.0,0.0,0.0
2011-06-14,0.0,0.0,0.0
2011-06-15,0.0,0.0,0.0
2011-06-16,0.0,0.0,0.0
2011-06-17,0.0,0.0,0.0
2011-06-18,0.0,0.7,0.0
2011-06-19,0.0,0.0,0.0
2011-06-20,0.0,0.0,0.0
2011-06-21,0.0,0.0,0.0
2011-06-22,0.0,0.0,0.0
2011-06-23,0.0,0.0,0.0
2011-06-24,0.0,0.0,0.0
2011-06-25,0.0,0.3,0.0
2011-06-26,1.0,1.0,1.3
2011-06-27,0.0,0.6,1.0
2011-06-28,32.7,1.5,2.2
2011-06-29,37.5,1.1,1.3
2011-06-30,0.0,0.0,0.0
2011-07-01,0.0,0.0,0.0
2011-07-02,0.0,0.0,0.0
2011-07-03,0.0,0.0,0.0
2011-07-04,0.0,0.0,0.0
2011-07-05,0.0,0.0,0.0
2011-07-06,0.0,0.0,0.0
2011-07-07,0.0,0.0,0.0
2011-07-08,0.0,0.2,0.0
2011-07-09,1.0,0.0,0.0
2011-07-10,25.3,1.5,1.2
2011-07-11,3.0,0.0,0.0
2011-07-12,0.0,0.4,0.0
2011-07-13,0.0,1.6,2.4
2011-07-14,2.3,0.4,0.0
2011-07-15,0.0,0.2,0.0
2011-07-16,2.5,0.1,0.0
2011-07-17,8.5,1.5,2.6
2011-07-18,0.0,0.0,0.0
2011-07-19,0.0,0.0,0.0
2011-07-20,0.0,0.0,0.0
2011-07-21,0.0,0.0,0.0
2011-07-22,0.0,0.0,0.0
2011-07-23,0.0,0.0,0.0
2011-07-24,0.0,0.0,0.0
2011-07-25,0.0,0.2,0.0
2011-07-26,0.0,1.3,3.0
2011-07-27,0.0,3.6,7.4
2011-07-28,0.0,0.0,0.0
2011-07-29,0.0,0.0,0.0
2011-07-30,0.0,0.2,0.0
2011-07-31,0.0,0.0,0.0
2011-08-01,0.0,0.0,0.0
2011-08-02,0.0,0.3,0.0
2011-08-03,0.0,0.0,0.0
2011-08-04,0.0,0.0,0.0
2011-08-05,0.0,0.0,0.0
2011-08-06,0.0,0.0,0.0
2011-08-07,0.0,0.0,0.0
2011-08-08,0.0,0.4,0.0
2011-08-09,0.0,0.0,0.0
2011-08-10,0.0,0.0,0.0
2011-08-11,0.0,0.0,0.0
2011-08-12,0.0,0.0,0.0
2011-08-13,0.0,0.5,0.0
2011-08-14,0.0,0.0,0.0
2011-08-15,0.0,0.1,0.0
2011-08-16,0.0,1.0,0.0
2011-08-17,0.0,0.0,0.0
2011-08-18,0.0,0.0,0.0
2011-08-19,0.0,3.2,3.3
2011-08-20,0.0,0.0,0.0
2011-08-21,0.0,0.0,0.0
2011-08-22,0.0,0.0,0.0
2011-08-23,0.0,0.0,0.0
2011-08-24,0.0,0.0,0.0
2011-08-25,0.0,0.0,0.0
2011-08-26,0.0,0.0,0.0
2011-08-27,0.0,0.2,0.0
2011-08-28,0.0,0.1,0.0
2011-08-29,0.0,0.1,0.0
2011-08-30,0.0,1.4,0.0
2011-08-31,0.0,0.3,0.0
2011-09-01,0.0,0.0,0.0
2011-09-02,0.0,0.0,0.0
2011-09-03,0.0,0.0,0.0
2011-09-04,0.0,0.0,0.0
2011-09-05,0.0,0.0,0.0
2011-09-06,0.0,0.0,0.0
2011-09-07,0.0,0.0,0.0
2011-09-08,0.0,0.0,0.0
2011-09-09,0.0,0.0,0.0
2011-09-10,0.0,0.6,0.0
2011-09-11,0.0,1.4,2.5
2011-09-12,0.0,3.5,9.5
2011-09-13,0.0,0.3,0.0
2011-09-14,0.0,0.1,0.0
2011-09-15,0.0,0.0,0.0
2011-09-16,0.0,0.3,0.0
2011-09-17,0.0,0.0,0.0
2011-09-18,0.0,0.1,0.0
2011-09-19,0.0,0.0,0.0
2011-09-20,0.0,0.0,0.0
2011-09-21,0.0,0.0,0.0
2011-09-22,0.0,0.0,0.0
2011-09-23,0.0,0.0,0.0
2011-09-24,0.0,0.0,0.0
2011-09-25,0.0,0.3,0.0
2011-09-26,0.0,0.0,0.0
2011-09-27,2.6,0.0,0.0
2011-09-28,0.5,0.0,0.0
2011-09-29,0.0,0.0,0.0
2011-09-30,0.0,0.3,0.0
2011-10-01,0.0,0.0,0.0
2011-10-02,0.0,0.0,0.0
2011-10-03,0.0,0.5,0.0
2011-10-04,0.0,0.0,0.0
2011-10-05,0.0,0.0,0.0
2011-10-06,0.0,0.0,0.0
2011-10-07,0.0,0.0,0.0
2011-10-08,0.0,0.0,0.0
2011-10-09,0.0,0.2,0.0
2011-10-10,0.0,8.1,14.8
2011-10-11,0.0,0.0,0.0
2011-10-12,0.0,0.0,0.0
2011-10-13,0.0,0.0,0.0
2011-10-14,0.0,0.0,0.0
2011-10-15,0.0,0.0,0.0
2011-10-16,14.0,0.0,0.0
2011-10-17,0.0,0.1,0.0
2011-10-18,0.0,0.1,0.0
2011-10-19,3.1,0.0,0.0
2011-10-20,50.3,9.2,27.7
2011-10-21,0.0,0.0,0.0
2011-10-22,0.0,1.5,1.1
2011-10-23,37.2,1.4,1.0
2011-10-24,0.0,1.7,1.4
2011-10-25,0.0,0.0,0.0
2011-10-26,2.6,3.1,4.2
2011-10-27,28.0,0.0,0.0
2011-10-28,6.0,1.5,1.0
2011-10-29,20.7,0.0,0.0
2011-10-30,0.0,0.7,0.0
2011-10-31,1.0,0.0,0.0
2011-11-01,0.0,0.9,1.0
2011-11-02,0.0,0.0,0.0
2011-11-03,0.0,0.0,0.0
2011-11-04,0.0,0.1,0.0
2011-11-05,0.0,6.0,12.1
2011-11-06,0.0,15.5,31.3
2011-11-07,4.2,22.0,52.3
2011-11-08,16.3,23.2,57.9
2011-11-09,3.0,17.2,35.1
2011-11-10,0.0,1.9,3.0
2011-11-11,4.2,2.4,4.7
2011-11-12,1.6,0.0,0.0
2011-11-13,0.0,0.8,2.2
2011-11-14,0.0,0.7,0.0
2011-11-15,8.4,0.8,2.2
2011-11-16,0.0,0.0,0.0
2011-11-17,4.0,0.2,0.0
2011-11-18,0.0,0.0,0.0
2011-11-19,0.0,0.0,0.0
2011-11-20,0.0,1.8,3.9
2011-11-21,2.0,4.9,3.5
2011-11-22,0.8,1.7,0.0
2011-11-23,1.0,8.3,8.1
2011-11-24,0.0,0.0,0.0
2011-11-25,0.0,0.0,0.0
2011-11-26,2.0,8.8,8.8
2011-11-27,0.0,8.6,8.5
2011-11-28,1.8,4.7,3.2
2011-11-29,11.8,0.9,0.0
2011-11-30,23.6,0.7,0.0
2011-12-01,3.5,0.0,0.0
2011-12-02,6.7,0.4,0.0
2011-12-03,0.0,2.5,2.5
2011-12-04,0.0,1.8,1.8
2011-12-05,0.0,13.0,13.0
2011-12-06,2.7,35.6,40.7
2011-12-07,4.8,8.5,8.4
2011-12-08,0.0,1.3,1.3
2011-12-09,0.0,0.6,0.0
2011-12-10,0.9,13.6,13.3
2011-12-11,0.0,2.3,1.0
2011-12-12,0.0,0.2,0.0
2011-12-13,1.3,3.0,1.2
2011-12-14,18.1,23.0,25.4
2011-12-15,7.2,49.0,62.1
2011-12-16,0.5,38.8,46.6
2011-12-17,3.1,9.4,8.5
2011-12-18,18.4,32.2,36.9
2011-12-19,16.8,18.6,18.8
2011-12-20,0.0,5.8,4.4
2011-12-21,0.0,1.9,1.0
2011-12-22,1.2,3.5,2.2
2011-12-23,32.6,13.5,14.2
2011-12-24,0.0,2.9,1.4
2011-12-25,36.8,6.7,5.9
2011-12-26,20.5,7.8,7.3
2011-12-27,0.0,0.2,0.0
2011-12-28,1.3,1.6,0.0
2011-12-29,4.8,5.6,4.7
2011-12-30,13.8,6.4,5.6
2011-12-31,3.2,20.6,22.9
2013-12-10,55.6,5.8,5.8
2013-12-11,2.0,14.8,14.6
2013-12-12,17.8,1.7,0.0
2013-12-13,0.2,6.0,4.7
2013-12-14,2.0,11.5,10.9
2013-12-16,54.4,33.8,38.4
2013-12-17,19.5,15.9,15.9
2013-12-18,20.0,6.7,5.5
2013-12-20,1.3,13.6,13.2
2013-12-21,2.0,42.8,55.9
2013-12-22,4.3,48.5,67.6
2013-12-23,4.8,40.3,52.4
2013-12-24,24.8,46.6,63.2
2013-12-25,23.7,0.4,0.0
2013-12-29,0.5,4.1,2.9
2013-12-31,11.5,9.3,9.1
2014-01-01,10.0,38.8,46.8
2014-01-02,13.9,12.9,14.4
2014-01-03,48.5,3.8,4.5
2014-01-04,7.5,5.8,6.6
2014-01-05,31.5,2.7,3.3
2014-01-07,6.3,2.8,3.4
2014-01-08,0.0,0.4,0.0
2014-01-09,0.0,0.9,1.6
2014-01-13,0.4,0.8,0.0
2014-01-14,1.2,5.1,5.2
2014-01-15,1.0,3.4,3.2
2014-01-20,75.5,39.0,49.2
2014-01-21,45.5,14.1,13.5
2014-01-22,11.9,20.0,19.9
2014-01-23,10.0,40.0,44.3
2014-01-24,59.1,19.4,19.5
2014-01-25,47.9,9.4,8.8
2014-01-26,9.9,1.2,1.0
2014-01-27,0.6,9.8,9.2
2014-01-28,34.7,0.8,0.0
2014-01-30,5.5,10.4,9.9
2014-01-31,3.3,6.9,6.3
2014-02-01,6.5,20.6,19.5
2014-02-02,0.6,24.2,25.6
2014-02-03,43.3,6.4,5.1
2014-02-04,20.0,0.8,0.0
2014-02-05,8.5,9.0,7.6
2014-02-06,0.7,0.9,0.0
2014-02-07,1.7,2.1,1.1
2014-02-08,3.8,3.7,2.5
2014-02-09,13.8,9.6,8.2
2014-02-10,3.4,2.0,1.0
2014-02-11,7.1,11.6,13.3
2014-02-12,24.1,0.3,0.0
2014-02-14,1.0,18.0,18.7
2014-02-15,2.2,8.1,9.0
2014-02-16,6.9,5.7,6.2
2014-02-17,2.0,5.0,5.4
2014-02-19,2.6,25.3,31.7
2014-02-20,75.0,0.3,0.0
2014-02-21,0.0,0.2,0.0
2014-02-22,2.1,20.4,19.6
2014-02-23,82.7,0.7,0.0
2014-02-24,8.0,0.1,0.0
2014-02-26,36.1,0.6,0.0
2014-02-27,0.3,0.1,0.0
2014-02-28,4.5,1.2,2.4
2014-03-01,2.1,0.0,0.0
2014-03-02,57.7,0.8,0.0
2014-03-03,0.0,0.1,0.0
2014-03-06,0.0,0.3,0.0
2014-03-08,0.0,0.1,0.0
2014-03-12,10.0,6.7,7.8
2014-03-13,11.1,29.5,38.1
2014-03-14,23.0,1.5,1.8
2014-03-16,6.8,0.5,0.0
2014-03-20,22.0,3.9,4.7
2014-03-22,0.0,0.0,0.0
2014-03-23,7.5,0.0,0.0
2014-03-26,0.0,1.2,3.3
2014-03-29,0.0,0.2,0.0
2014-03-30,0.0,0.0,0.0
2014-04-05,62.0,1.8,2.1
2014-04-13,9.2,0.0,0.0
2014-04-18,4.0,9.0,10.9
2014-04-19,0.5,3.1,5.1
2014-04-20,4.7,6.1,8.0
2014-04-21,24.1,2.0,2.4
2014-04-24,0.7,2.3,2.7
2014-04-25,13.0,3.2,4.1
2014-04-26,23.3,1.1,0.0
2014-04-27,14.5,0.1,0.0
2014-05-09,1.2,0.0,0.0
2014-05-13,5.6,0.5,0.0
2014-05-20,0.4,0.9,0.0
2014-05-26,6.0,0.1,0.0
2014-06-01,0.5,0.0,0.0
2014-06-06,0.8,0.0,0.0
2014-06-07,0.0,2.0,3.4
2014-06-10,0.3,0.0,0.0
2014-06-16,0.0,0.4,0.0
2014-06-20,0.0,0.4,0.0
2014-06-22,0.0,1.4,2.4
2014-06-24,3.5,3.3,6.7
2014-06-25,0.0,0.1,0.0
2014-06-28,0.0,0.0,0.0
2014-06-29,0.0,0.0,0.0
2014-07-01,0.0,0.1,0.0
2014-07-03,3.6,0.3,0.0
2014-07-05,0.0,0.0,0.0
2014-07-06,0.6,0.0,0.0
2014-07-07,5.0,0.0,0.0
2014-07-08,1.8,0.1,0.0
2014-07-09,0.0,0.0,0.0
2014-07-13,98.8,2.2,3.3
2014-07-14,88.8,0.7,0.0
2014-07-15,15.8,0.0,0.0
2014-07-16,4.8,0.1,0.0
2014-07-24,0.0,0.0,0.0
2014-07-28,4.5,0.1,0.0
2014-08-01,1.3,0.9,0.0
2014-08-03,0.5,0.2,0.0
2014-08-05,0.8,0.0,0.0
2014-08-11,2.4,0.0,0.0
2014-08-15,1.9,0.0,0.0
2014-08-16,0.9,0.0,0.0
2014-08-17,0.0,1.2,0.0
2014-08-20,0.4,0.0,0.0
2014-08-22,0.0,0.1,0.0
2014-08-23,0.8,0.0,0.0
2014-08-24,0.2,0.0,0.0
2014-08-25,0.0,0.0,0.0
2014-08-28,0.0,0.0,0.0
2014-08-31,0.0,0.0,0.0
2014-09-08,0.0,0.0,0.0
2014-09-11,0.0,0.0,0.0
2014-09-29,0.5,0.0,0.0
2014-10-08,0.0,0.0,0.0
2014-10-12,0.0,1.0,1.4
2014-10-20,0.0,0.1,0.0
2014-10-22,1.0,0.3,0.0
2014-11-03,0.0,0.0,0.0
2014-11-10,0.0,0.1,0.0
2014-11-12,0.4,2.8,5.4
2014-11-13,10.0,0.5,0.0
2014-11-15,0.0,3.9,6.9
2014-11-23,0.0,3.4,1.4
2014-11-24,9.5,13.1,14.4
2014-11-27,10.0,9.7,10.1
2014-11-28,4.8,0.3,0.0
2014-12-02,0.0,17.4,17.5
2014-12-03,6.7,86.0,93.6
2014-12-05,30.0,56.9,76.0
2014-12-06,54.0,18.8,18.4
2014-12-07,84.0,17.1,17.0
2014-12-08,60.4,0.9,0.0
2014-12-11,1.0,2.5,1.0
2014-12-12,7.2,2.7,1.0
2014-12-13,0.4,0.7,0.0
2014-12-17,10.5,18.8,19.2
2014-12-18,23.0,17.7,18.6
2014-12-19,29.0,4.0,2.4
2014-12-24,12.0,1.0,0.0
2014-12-25,0.0,2.7,1.2
2014-12-26,14.1,0.9,0.0
2014-12-27,62.3,1.1,0.0
2014-12-29,0.0,5.6,4.7
2014-12-30,4.2,5.9,5.0
2015-01-01,4.6,14.0,15.7
2015-01-02,13.6,15.5,17.4
2015-01-03,7.0,6.5,7.3
2015-01-06,1.1,0.8,0.0
2015-01-07,0.0,0.3,0.0
2015-01-11,0.4,7.9,8.3
2015-01-12,17.0,9.2,9.8
2015-01-13,28.8,15.3,16.6
2015-01-14,23.2,4.8,4.7
2015-01-15,6.9,1.5,1.1
2015-01-16,2.0,0.1,0.0
2015-01-18,15.0,1.2,1.0
2015-01-19,20.7,17.9,19.1
2015-01-20,35.2,15.4,16.8
2015-01-21,46.2,1.1,0.0
2015-01-22,0.0,21.8,24.6
2015-01-23,19.9,0.5,0.0
2015-01-24,40.0,0.9,0.0
2015-01-25,0.3,30.2,33.2
2015-01-26,17.5,11.5,10.9
2015-01-28,20.8,3.3,2.7
2015-01-30,29.0,39.1,42.1
2015-01-31,23.5,51.3,53.5
2015-02-01,65.5,2.3,1.2
2015-02-02,23.0,0.1,0.0
2015-02-07,24.0,1.3,1.0
2015-02-08,0.5,3.5,2.4
2015-02-11,11.0,4.5,4.8
2015-02-12,10.0,37.2,56.1
2015-02-13,5.0,11.4,13.0
2015-02-19,7.0,0.0,0.0
2015-02-21,0.4,6.5,6.8
2015-02-22,22.4,0.7,0.0
2015-02-23,2.9,11.8,11.6
2015-02-24,73.4,14.6,14.3
2015-02-25,56.5,0.9,0.0
2015-02-27,9.2,5.5,5.9
2015-02-28,17.8,14.3,13.9
2015-03-01,2.8,0.6,0.0
2015-03-03,1.0,3.0,3.3
2015-03-04,28.0,19.2,19.1
2015-03-05,52.6,26.2,26.3
2015-03-07,35.0,32.2,36.6
2015-03-11,13.5,38.1,46.8
2015-03-12,74.3,17.1,20.6
2015-03-13,2.3,2.6,3.2
2015-03-15,26.8,4.4,5.2
2015-03-16,0.0,1.1,1.3
2015-03-19,0.0,0.0,0.0
2015-03-21,2.0,0.4,0.0
2015-03-23,0.0,0.0,0.0
2015-03-27,0.0,0.1,0.0
2015-03-28,2.4,0.6,0.0
2015-04-03,0.0,0.0,0.0
2015-04-05,1.0,3.2,3.8
2015-04-06,10.0,21.3,27.4
2015-04-07,11.0,11.7,13.8
2015-04-08,3.6,0.0,0.0
2015-04-10,3.3,4.6,5.5
2015-04-11,2.4,0.9,0.0
2015-04-18,4.4,10.1,11.6
2015-04-19,4.5,2.1,4.2
2015-04-20,3.2,36.5,44.4
2015-04-21,93.6,19.0,16.1
2015-09-13,0.3,0.0,0.0
2015-09-15,0.0,0.0,0.0
2015-09-20,0.0,0.0,0.0
2015-09-25,0.0,0.0,0.0
2015-09-30,0.0,0.3,0.0
2015-10-03,0.0,0.0,0.0
2015-10-04,0.0,0.0,0.0
2015-10-10,0.0,0.0,0.0
2015-10-21,1.0,0.0,0.0
2015-10-28,0.0,0.1,0.0
2015-11-07,0.0,0.0,0.0
2015-11-12,2.0,0.0,0.0
2015-11-13,0.0,0.0,0.0
2015-11-21,1.3,0.0,0.0
2015-12-09,0.5,5.8,5.8
2015-12-10,0.5,0.9,0.0
2015-12-13,35.0,6.7,5.5
2015-12-14,25.2,39.7,48.8
2015-12-15,0.6,17.6,18.7
2015-12-17,22.5,31.3,35.4
2015-12-18,2.0,30.8,34.3
2015-12-19,43.5,28.0,31.3
2015-12-20,10.2,1.2,0.0
2015-12-21,2.7,1.2,0.0
2015-12-27,20.5,0.8,0.0
2015-12-28,28.6,0.4,0.0
2015-12-29,0.2,0.0,0.0
2015-12-31,30.5,0.7,0.0
2016-01-03,10.6,0.1,0.0
2016-01-04,0.3,0.7,0.0
2016-02-03,40.0,26.9,27.9
2016-02-05,9.2,27.7,28.7
2016-02-06,6.0,4.2,3.0
2016-02-07,17.0,4.4,3.2
2016-02-09,63.0,13.2,11.7
2016-02-10,3.0,21.0,20.6
2016-02-11,2.0,39.0,58.9
2016-02-21,1.4,1.7,2.7
2016-03-21,0.0,0.0,0.0
2016-03-25,7.5,0.2,0.0
2016-03-31,1.6,0.6,0.0
2016-04-01,1.5,0.0,0.0
2016-04-03,15.2,0.0,0.0
2016-04-06,1.0,0.7,0.0
2016-04-08,3.7,13.7,15.7
2016-04-09,13.8,4.8,5.7
2016-04-10,1.0,0.0,0.0
2016-04-11,18.0,3.5,5.5
2016-04-12,5.5,3.7,5.7
2016-04-13,0.5,5.0,6.8
2016-04-16,43.0,1.4,3.4
2016-04-18,0.0,0.0,0.0
2016-04-21,3.4,0.0,0.0
2016-04-22,0.0,0.0,0.0
2016-04-25,0.0,0.4,0.0
2016-04-30,0.0,3.3,3.5
2016-05-04,0.0,0.1,0.0
2016-05-10,21.5,10.1,7.6
2016-05-11,2.0,1.2,0.0
2016-05-14,4.2,0.6,0.0
2016-06-25,0.0,0.0,0.0
2016-06-27,6.0,10.1,38.5
2016-07-09,0.0,2.0,2.0
2016-07-24,0.0,0.0,0.0
2016-10-08,0.6,8.1,15.3
2017-02-12,18.4,1.5,1.4
2019-08-20,0.0,0.0,0.0
2019-08-21,0.0,0.0,0.0
2019-08-23,0.0,0.0,0.0
2019-08-24,0.0,0.4,0.0
2019-09-04,0.0,0.0,0.0
2019-09-14,4.3,0.9,1.0
2019-09-15,0.9,0.0,0.0
2019-09-29,0.0,0.3,0.0
2019-10-01,0.0,0.0,0.0
2019-10-02,0.0,0.1,0.0
2019-10-05,0.0,0.0,0.0
2019-10-07,0.0,0.0,0.0
2019-10-08,0.0,0.0,0.0
2019-10-10,0.0,0.0,0.0
2019-10-12,0.0,0.0,0.0
2019-10-14,0.0,0.0,0.0
2019-10-16,1.3,0.0,0.0
2019-10-23,0.0,0.0,0.0
2019-10-25,0.0,0.0,0.0
2019-10-27,0.0,0.0,0.0
2019-10-28,0.0,0.0,0.0
2019-10-30,0.0,0.0,0.0
2019-10-31,0.0,0.0,0.0
2019-11-03,18.7,0.2,0.0
2019-11-04,3.0,0.0,0.0
2019-11-05,0.0,0.0,0.0
2019-11-06,0.0,0.0,0.0
2019-11-07,0.0,0.0,0.0
2019-11-21,0.0,0.0,0.0
2019-11-24,0.0,0.0,0.0
2019-11-27,0.0,0.0,0.0
2019-11-30,32.8,0.0,0.0
2019-12-03,0.0,0.1,0.0
2019-12-09,0.0,0.0,0.0
2019-12-11,6.0,1.4,0.0
2019-12-12,0.0,2.0,0.0
2019-12-14,13.0,2.9,1.2
2019-12-15,0.0,11.4,10.8
2019-12-16,33.0,6.4,5.2
2019-12-17,13.0,0.4,0.0
2019-12-18,13.2,1.4,0.0
2019-12-19,0.0,3.9,2.3
2019-12-21,0.0,0.1,0.0
2019-12-24,0.0,14.6,15.6
2019-12-25,2.5,14.7,15.7
2019-12-27,0.0,6.3,5.5
2019-12-29,0.0,9.3,9.1
2019-12-30,3.2,0.0,0.0
2019-12-31,1.0,9.4,9.3
2020-01-02,13.2,25.4,25.7
2020-01-03,33.5,25.2,26.0
2020-01-04,14.6,24.4,23.9
2020-01-05,13.5,3.0,3.7
2020-01-07,0.0,7.8,8.8
2020-01-08,2.5,1.1,1.7
2020-01-09,3.6,0.0,0.0
2020-01-10,0.0,0.0,0.0
2020-01-12,5.5,2.3,1.9
2020-01-14,1.0,0.1,0.0
2020-01-21,3.3,0.3,0.0
2020-01-30,6.0,44.4,47.0
2020-01-31,59.3,14.1,13.5
2020-02-02,1.1,1.2,1.0
2020-02-05,8.2,0.0,0.0
2020-02-06,2.7,8.8,7.5
2020-02-07,26.8,63.6,70.7
2020-02-08,70.0,42.5,46.2
2020-02-09,5.8,16.2,14.7
2020-02-10,13.3,0.9,0.0
2020-02-14,1.0,0.2,0.0
2020-02-17,0.8,24.9,31.3
2020-02-18,2.0,7.4,8.3
2020-02-19,1.0,25.3,32.5
2020-02-20,39.0,7.8,8.7
2020-02-21,6.8,26.2,22.9
2020-02-22,68.0,5.0,5.5
2020-02-23,12.0,0.6,0.0
2020-02-25,0.5,4.7,5.2
2020-02-26,26.0,8.6,8.7
2020-02-27,43.1,2.8,3.6
2020-02-28,13.2,14.9,14.5
2020-02-29,16.0,20.7,19.9
2020-03-01,30.0,65.2,72.1
2020-03-02,83.2,2.1,2.4
2020-03-03,2.8,2.8,3.1
2020-03-04,3.6,0.8,0.0
2020-03-06,15.0,24.3,23.6
2020-03-07,25.8,6.9,7.4
2020-03-09,26.5,9.4,10.0
2020-03-10,8.9,12.3,13.1
2020-03-11,9.2,0.9,0.0
2020-03-14,11.0,1.9,2.4
2020-03-16,4.0,12.5,13.8
2020-03-17,38.0,0.3,0.0
2020-03-24,3.5,0.4,0.0
2020-03-26,4.3,17.3,17.1
2020-03-27,38.0,3.5,5.5
2020-03-28,3.7,4.4,6.3
2020-03-30,17.0,10.2,11.0
2020-03-31,1.2,0.0,0.0
2020-04-01,0.6,2.2,2.6
2020-04-03,2.2,5.4,6.4
2020-04-06,3.0,8.7,10.4
2020-04-09,19.6,0.0,0.0
2020-04-11,4.2,0.0,0.0
2020-04-13,3.8,1.1,3.1
2020-04-17,5.2,0.3,0.0
2020-04-19,3.4,5.4,8.4
2020-04-20,24.2,2.9,4.9
2020-04-24,2.3,0.0,0.0
2020-04-25,3.6,22.0,25.3
2020-04-27,3.6,0.0,0.0
2020-05-09,23.5,0.0,0.0
2020-05-14,7.5,0.0,0.0
2020-05-16,2.0,0.0,0.0
2020-05-17,0.4,0.5,0.0
2020-05-18,2.4,9.4,7.1
2020-05-19,1.0,5.7,4.8
2020-05-20,5.0,4.4,4.2
2020-05-21,6.0,44.7,79.8
2020-05-22,79.3,0.3,0.0
2020-05-29,6.0,6.7,10.2
2020-05-30,14.5,0.1,0.0
2020-06-01,1.2,0.0,0.0
2020-06-06,1.4,0.9,0.0
2020-06-07,0.9,2.2,3.4
2020-06-08,4.8,0.0,0.0
2020-06-14,3.6,0.2,0.0
2020-06-15,6.0,0.2,0.0
2020-06-18,1.8,0.0,0.0
2020-06-19,1.4,0.0,0.0
2020-07-06,2.5,5.1,15.2
2020-07-12,1.3,0.0,0.0
2020-07-20,1.8,0.0,0.0
2020-07-21,6.0,0.0,0.0
2020-07-27,0.0,0.0,0.0
2020-08-06,1.0,0.0,0.0
2020-08-08,1.0,1.1,0.0
2020-08-15,7.0,0.1,0.0
2020-08-19,0.6,0.6,0.0
2020-08-20,2.7,0.5,0.0
2020-08-29,2.2,0.0,0.0
2020-09-03,2.7,0.1,0.0
2020-09-04,4.4,0.0,0.0
2020-09-06,1.0,0.0,0.0
2020-09-29,1.0,0.0,0.0
2020-09-30,4.0,0.3,0.0
2020-10-01,1.6,0.6,0.0
2020-10-05,9.0,2.7,3.1
2020-10-06,2.2,0.0,0.0
2020-10-10,37.1,4.1,5.6
2020-10-12,17.4,0.0,0.0
2020-10-15,1.2,0.0,0.0
2020-10-22,28.5,2.0,2.1
2020-10-27,0.6,0.5,0.0
2020-11-01,4.3,0.4,0.0
2020-11-17,0.8,0.0,0.0
2020-11-18,1.7,0.0,0.0
2020-11-19,5.3,0.1,0.0
2020-11-21,7.8,10.6,11.4
2020-11-22,5.2,3.3,1.3
2020-11-26,27.0,11.7,13.0
2020-11-27,3.1,10.3,11.0
2020-11-29,2.2,14.4,16.3
2020-11-30,0.5,6.7,5.9
2020-12-02,16.8,2.4,2.4
2020-12-04,4.3,7.6,7.6
2020-12-05,43.8,9.2,9.2
2020-12-06,96.5,9.8,9.7
2020-12-07,5.2,3.4,3.4
2020-12-09,1.0,18.0,17.4
2020-12-10,0.9,8.1,8.0
2020-12-12,7.3,29.0,33.0
2020-12-13,11.0,2.1,1.0
2020-12-14,25.7,11.4,10.8
2020-12-15,22.0,11.3,10.7
2020-12-17,26.5,3.5,1.8
2020-12-19,12.4,5.5,4.1
2020-12-20,21.0,6.5,5.3
2020-12-21,1.0,0.4,0.0
2020-12-25,21.1,0.2,0.0
2020-12-26,25.0,4.5,3.3
2020-12-27,4.0,1.0,0.0
2020-12-28,2.4,1.9,1.0
2020-12-29,7.0,1.2,0.0
2020-12-30,2.5,59.3,86.1
2020-12-31,39.7,13.9,14.7
2021-01-03,1.0,31.7,35.9
2021-01-04,25.0,11.6,13.0
2021-01-05,14.0,41.3,50.5
2021-01-06,23.8,16.9,19.0
2021-01-07,17.2,5.5,6.3
2021-01-10,5.0,9.7,10.9
2021-01-16,29.8,14.3,15.5
2021-01-17,5.3,40.2,50.6
2021-01-18,124.0,31.0,38.1
2021-01-19,13.2,10.2,10.8
2021-01-20,0.4,3.2,3.0
2021-01-22,1.6,1.5,1.0
2021-01-23,4.8,16.5,15.9
2021-01-24,77.8,8.0,7.5
2021-01-25,4.0,7.9,7.3
2021-01-26,24.0,22.9,25.3
2021-01-27,14.0,6.5,6.0
2021-01-29,12.2,49.5,51.4
2021-01-30,9.7,32.5,36.2
2021-01-31,3.9,1.6,1.0
2021-02-02,53.0,28.1,29.9
2021-02-03,26.0,57.0,63.0
2021-02-04,16.0,31.1,32.5
2021-02-05,9.7,115.8,78.7
2021-02-06,88.3,19.0,17.6
2021-02-07,61.0,16.3,14.8
2021-02-08,70.0,28.3,29.3
2021-02-09,3.8,12.3,10.9
2021-02-10,33.0,6.3,5.0
2021-02-11,15.6,18.8,19.7
2021-02-12,10.0,12.6,14.5
2021-02-13,50.0,2.9,2.9
2021-02-14,7.5,0.1,0.0
2021-02-16,2.1,0.5,0.0
2021-02-18,8.4,1.0,1.0
2021-02-19,1.0,33.2,47.3
2021-02-20,42.5,25.3,32.0
2021-02-21,44.4,1.8,2.8
2021-02-22,26.2,45.2,46.4
2021-02-23,29.7,5.3,5.7
2021-02-24,7.2,18.7,18.0
2021-02-25,0.7,0.1,0.0
2021-02-26,0.4,21.9,21.0
2021-02-27,40.0,24.1,19.7
2021-02-28,30.0,0.3,0.0
2021-03-01,3.4,0.2,0.0
2021-03-03,27.0,0.3,0.0
2021-03-04,2.2,43.2,49.8
2021-03-05,19.4,1.3,1.5
2021-03-06,3.4,0.2,0.0
2021-03-07,3.3,0.0,0.0
2021-03-08,9.2,2.5,2.8
2021-03-10,6.8,3.9,4.2
2021-03-11,34.2,1.9,2.3
2021-03-12,30.0,0.7,0.0
2021-03-13,9.0,6.1,7.1
2021-03-14,25.2,0.2,0.0
2021-03-19,11.3,16.8,20.0
2021-03-20,60.8,8.7,9.9
2021-03-21,82.3,4.9,6.8
2021-03-22,6.0,3.7,5.7
2021-03-23,6.0,0.9,3.1
2021-03-24,5.9,0.0,0.0
2021-03-27,6.5,0.0,0.0
2021-03-29,2.7,16.0,15.8
2021-03-30,36.5,2.5,4.5
2021-03-31,29.2,4.2,6.1
2021-04-01,11.0,2.0,2.3
2021-04-02,9.3,11.4,14.2
2021-04-05,0.8,14.9,19.0
2021-04-07,1.8,15.8,19.4
2021-04-08,3.0,31.2,40.6
2021-04-09,74.4,1.0,1.1
2021-04-17,5.0,0.1,0.0
2021-04-18,9.8,0.0,0.0
2021-05-02,14.6,0.0,0.0
2021-05-28,0.3,0.1,0.0
2021-05-29,2.8,0.0,0.0
2021-06-05,0.6,0.0,0.0
2021-06-09,76.0,0.0,0.0
2021-06-16,11.0,0.6,0.0
2021-06-17,0.9,1.4,2.1
2021-06-23,1.0,2.8,5.5
2021-06-25,10.0,10.9,40.4
2021-06-26,1.0,0.9,1.0
2021-06-27,0.3,22.6,63.0
2021-06-28,1.0,4.2,18.8
2021-07-08,1.2,3.8,5.6
2021-07-10,25.0,0.0,0.0
2021-08-02,13.0,6.2,15.7
2021-08-03,2.2,0.0,0.0
2021-08-08,4.2,0.0,0.0
2021-08-13,2.1,0.0,0.0
2021-08-14,4.7,0.0,0.0
2021-08-15,0.3,0.2,0.0
2021-08-17,0.3,0.0,0.0
2021-08-18,5.0,0.7,0.0
2021-08-19,8.0,0.0,0.0
2021-08-20,1.0,0.0,0.0
2021-08-30,1.4,0.0,0.0
2021-09-05,0.6,0.1,0.0
2021-09-07,0.7,0.1,0.0
2021-09-08,6.0,1.5,1.0
2021-09-09,12.3,0.0,0.0
2021-09-11,5.6,15.6,78.7
2021-09-12,11.0,7.4,52.3
2021-09-13,1.0,5.1,32.7
2021-09-14,3.3,0.0,0.0
2021-09-18,1.7,0.0,0.0
2021-09-19,0.6,0.4,0.0
2021-09-21,6.2,0.0,0.0
2021-09-23,1.8,0.3,0.0
2021-09-24,26.6,0.0,0.0
2021-09-26,6.0,0.2,0.0
2021-10-05,6.0,1.7,1.8
2021-10-06,2.8,0.0,0.0
2021-10-07,0.3,0.0,0.0
2021-10-17,0.4,0.2,0.0
2021-10-18,4.8,0.0,0.0
2021-10-20,3.7,0.8,1.0
2021-10-21,1.0,0.5,0.0
2021-10-22,4.7,0.1,0.0
2021-10-23,3.0,0.0,0.0
2021-10-30,7.0,6.3,9.7
2021-11-01,40.0,0.8,1.0
2021-11-03,8.0,1.0,1.1
2021-11-04,13.8,18.4,39.1
2021-11-05,23.3,5.6,10.7
2021-11-06,0.3,0.4,0.0
2021-11-09,2.0,1.6,2.4
2021-11-11,33.2,13.8,22.6
2021-11-12,1.4,26.3,35.2
2021-11-13,2.0,2.9,5.5
2021-11-15,0.3,35.6,42.5
2021-11-16,14.8,2.9,5.6
2021-11-21,27.6,10.7,11.5
2021-11-23,8.0,1.2,0.0
2021-11-24,7.4,8.4,8.3
2021-11-25,21.7,0.6,0.0
2021-11-27,0.9,15.4,23.0
2021-11-28,13.4,39.5,59.7
2021-11-29,13.5,32.9,50.6
2021-11-30,1.9,53.2,75.0
2021-12-01,2.7,40.8,48.3
2021-12-02,20.0,11.0,11.0
2021-12-03,1.8,1.7,1.7
2021-12-04,1.0,0.1,0.0
2021-12-06,53.6,39.3,46.1
2021-12-07,9.7,2.0,2.0
2021-12-12,33.5,1.6,0.0
2021-12-14,15.2,6.3,5.0
2021-12-15,3.1,6.7,5.5
2021-12-16,1.8,0.4,0.0
2021-12-19,1.3,10.6,9.9
2021-12-20,8.0,16.0,16.0
2021-12-21,20.4,2.5,1.0
2021-12-23,0.3,0.4,0.0
2021-12-24,3.2,0.1,0.0
2021-12-25,10.0,1.1,0.0
2021-12-26,0.5,10.1,10.1
2021-12-28,5.7,8.9,8.6
2021-12-29,11.0,0.1,0.0
2021-12-31,17.7,25.3,31.1
