date,gauge,imergl,lseqmdl
2001-01-01,0.0,0.1,0.0
2001-01-02,1.0,0.1,0.0
2001-01-03,9.0,0.0,0.0
2001-01-04,0.0,0.1,0.0
2001-01-05,0.0,0.1,0.0
2001-01-06,1.0,2.2,2.0
2001-01-07,1.0,5.5,5.2
2001-01-08,0.0,7.4,7.3
2001-01-09,1.0,1.4,1.4
2001-01-10,0.0,30.6,42.7
2001-01-11,35.0,26.7,36.1
2001-01-12,12.0,15.4,20.3
2001-01-13,18.0,1.6,1.2
2001-01-14,11.0,8.9,10.2
2001-01-15,1.0,22.9,30.4
2001-01-16,23.0,7.3,8.2
2001-01-17,0.0,3.3,3.2
2001-01-18,7.0,7.5,8.4
2001-01-19,0.0,8.4,9.5
2001-01-20,1.0,6.2,6.8
2001-01-21,43.0,11.0,11.3
2001-01-22,7.0,28.5,31.7
2001-01-23,60.0,5.6,5.6
2001-01-24,1.0,8.2,8.3
2001-01-25,0.0,11.4,11.7
2001-01-26,7.0,0.5,0.0
2001-01-27,2.0,16.2,16.5
2001-01-28,0.0,1.4,1.3
2001-01-29,0.0,12.5,12.9
2001-01-30,10.0,21.6,22.5
2001-01-31,4.0,7.3,7.4
2001-02-01,1.0,2.7,3.0
2001-02-02,2.0,57.2,54.5
2001-02-03,42.0,48.4,45.7
2001-02-04,17.0,12.7,11.7
2001-02-05,10.0,14.5,13.3
2001-02-06,12.0,8.6,8.0
2001-02-07,7.0,3.5,3.7
2001-02-08,0.0,9.2,8.5
2001-02-09,1.0,8.4,7.8
2001-02-10,12.0,5.9,5.7
2001-02-11,13.0,0.3,0.0
2001-02-12,0.0,8.9,9.9
2001-02-13,22.0,0.0,0.0
2001-02-14,4.0,0.0,0.0
2001-02-15,8.0,0.2,0.0
2001-02-16,0.0,0.0,0.0
2001-02-17,0.0,3.1,2.7
2001-02-18,14.0,0.4,0.0
2001-02-19,2.0,1.0,1.0
2001-02-20,1.0,9.5,10.6
2001-02-21,0.0,0.0,0.0
2001-02-22,12.0,0.0,0.0
2001-02-23,0.0,0.0,0.0
2001-02-24,0.0,0.0,0.0
2001-02-25,0.0,0.0,0.0
2001-02-26,0.0,0.0,0.0
2001-02-27,0.0,0.0,0.0
2001-02-28,0.0,0.0,0.0
2001-03-01,0.0,0.0,0.0
2001-03-02,0.0,0.1,0.0
2001-03-03,1.0,1.7,1.4
2001-03-04,8.0,0.2,0.0
2001-03-05,1.0,0.1,0.0
2001-03-06,30.0,0.0,0.0
2001-03-07,0.0,0.1,0.0
2001-03-08,1.0,18.8,21.7
2001-03-09,0.0,0.0,0.0
2001-03-10,1.0,0.8,0.0
2001-03-11,0.0,5.0,5.9
2001-03-12,20.0,0.1,0.0
2001-03-13,0.0,0.0,0.0
2001-03-14,0.0,0.0,0.0
2001-03-15,0.0,1.2,2.2
2001-03-16,0.0,5.2,6.0
2001-03-17,0.0,6.8,7.5
2001-03-18,0.0,12.8,13.0
2001-03-19,9.0,0.2,0.0
2001-03-20,0.0,0.1,0.0
2001-03-21,1.0,10.2,10.3
2001-03-22,12.0,0.0,0.0
2001-03-23,3.0,4.4,3.7
2001-03-24,0.0,5.3,4.7
2001-03-25,0.0,23.3,26.4
2001-03-26,3.0,7.1,6.7
2001-03-27,5.0,10.6,10.7
2001-03-28,26.0,7.2,6.9
2001-03-29,1.0,17.8,18.6
2001-03-30,0.0,3.3,2.5
2001-03-31,0.0,12.6,12.7
2001-04-01,0.0,6.4,6.0
2001-04-02,0.0,9.0,8.5
2001-04-03,11.0,15.0,15.2
2001-04-04,0.0,8.6,8.4
2001-04-05,0.0,0.7,0.0
2001-04-06,20.0,3.6,3.1
2001-04-07,32.0,0.0,0.0
2001-04-08,0.0,0.0,0.0
2001-04-09,0.0,0.0,0.0
2001-04-10,34.0,0.0,0.0
2001-04-11,0.0,0.0,0.0
2001-04-12,2.0,0.1,0.0
2001-04-13,17.0,0.2,0.0
2001-04-14,1.0,0.8,0.0
2001-04-15,4.0,0.0,0.0
2001-04-16,2.0,0.0,0.0
2001-04-17,18.0,0.0,0.0
2001-04-18,0.0,0.2,0.0
2001-04-19,0.0,0.0,0.0
2001-04-20,0.0,0.2,0.0
2001-04-21,0.0,0.0,0.0
2001-04-22,0.0,0.4,0.0
2001-04-23,0.0,9.3,13.0
2001-04-24,26.0,1.6,2.3
2001-04-25,3.0,0.4,0.0
2001-04-26,2.0,0.0,0.0
2001-04-27,0.0,0.0,0.0
2001-04-28,0.0,0.0,0.0
2001-04-29,0.0,0.0,0.0
2001-04-30,0.0,0.0,0.0
2001-05-01,49.0,0.0,0.0
2001-05-02,12.0,0.5,0.0
2001-05-03,1.0,0.0,0.0
2001-05-04,0.0,0.0,0.0
2001-05-05,0.0,0.0,0.0
2001-05-06,0.0,0.1,0.0
2001-05-07,0.0,0.1,0.0
2001-05-08,7.0,0.0,0.0
2001-05-09,32.0,0.0,0.0
2001-05-10,0.0,0.0,0.0
2001-05-11,0.0,0.0,0.0
2001-05-12,0.0,0.0,0.0
2001-05-13,0.0,0.0,0.0
2001-05-14,0.0,0.0,0.0
2001-05-15,0.0,0.0,0.0
2001-05-16,0.0,0.1,0.0
2001-05-17,0.0,0.0,0.0
2001-05-18,7.0,0.4,0.0
2001-05-19,0.0,10.8,7.0
2001-05-20,0.0,0.0,0.0
2001-05-21,0.0,0.0,0.0
2001-05-22,0.0,0.0,0.0
2001-05-23,0.0,0.0,0.0
2001-05-24,0.0,0.0,0.0
2001-05-25,0.0,0.0,0.0
2001-05-26,0.0,0.0,0.0
2001-05-27,0.0,5.6,5.0
2001-05-28,30.0,2.1,1.0
2001-05-29,1.0,0.0,0.0
2001-05-30,0.0,0.3,0.0
2001-05-31,0.0,18.3,22.4
2001-06-01,46.0,15.1,12.4
2001-06-02,22.0,14.0,11.9
2001-06-03,0.0,3.2,5.7
2001-06-04,8.0,62.2,39.5
2001-06-05,17.0,0.3,0.0
2001-06-06,0.0,0.0,0.0
2001-06-07,0.0,0.0,0.0
2001-06-08,0.0,0.6,0.0
2001-06-09,0.0,46.7,38.6
2001-06-10,63.0,1.0,0.0
2001-06-11,0.0,0.0,0.0
2001-06-12,0.0,0.0,0.0
2001-06-13,0.0,0.1,0.0
2001-06-14,36.0,0.0,0.0
2001-06-15,19.0,0.0,0.0
2001-06-16,0.0,0.0,0.0
2001-06-17,0.0,0.0,0.0
2001-06-18,0.0,0.6,0.0
2001-06-19,0.0,0.0,0.0
2001-06-20,0.0,0.0,0.0
2001-06-21,0.0,0.0,0.0
2001-06-22,0.0,0.0,0.0
2001-06-23,0.0,0.0,0.0
2001-06-24,0.0,0.0,0.0
2001-06-25,0.0,0.0,0.0
2001-06-26,0.0,0.0,0.0
2001-06-27,0.0,0.0,0.0
2001-06-28,0.0,0.0,0.0
2001-06-29,0.0,0.5,0.0
2001-06-30,0.0,0.0,0.0
2001-07-01,0.0,5.6,4.6
2001-07-02,0.0,0.0,0.0
2001-07-03,0.0,0.0,0.0
2001-07-04,0.0,0.0,0.0
2001-07-05,0.0,0.0,0.0
2001-07-06,0.0,0.0,0.0
2001-07-07,0.0,0.0,0.0
2001-07-08,0.0,0.0,0.0
2001-07-09,0.0,0.0,0.0
2001-07-10,0.0,0.0,0.0
2001-07-11,0.0,0.0,0.0
2001-07-12,0.0,0.0,0.0
2001-07-13,0.0,0.0,0.0
2001-07-14,0.0,0.0,0.0
2001-07-15,0.0,0.0,0.0
2001-07-16,0.0,0.0,0.0
2001-07-17,0.0,0.0,0.0
2001-07-18,0.0,0.0,0.0
2001-07-19,0.0,2.6,4.5
2001-07-20,16.0,0.0,0.0
2001-07-21,0.0,8.7,99.4
2001-07-22,13.0,0.1,0.0
2001-07-23,0.0,1.8,5.0
2001-07-24,0.0,1.0,1.7
2001-07-25,0.0,0.0,0.0
2001-07-26,0.0,0.0,0.0
2001-07-27,0.0,0.0,0.0
2001-07-28,0.0,0.0,0.0
2001-07-29,0.0,0.0,0.0
2001-07-30,0.0,0.0,0.0
2001-07-31,0.0,0.0,0.0
2001-08-01,0.0,0.0,0.0
2001-08-02,0.0,0.0,0.0
2001-08-03,0.0,0.0,0.0
2001-08-04,0.0,5.8,6.5
2001-08-05,0.0,0.0,0.0
2001-08-06,0.0,0.9,1.0
2001-08-07,0.0,0.3,0.0
2001-08-08,0.0,0.0,0.0
2001-08-09,0.0,0.0,0.0
2001-08-10,0.0,0.0,0.0
2001-08-11,0.0,0.0,0.0
2001-08-12,0.0,13.0,7.0
2001-08-13,0.0,0.0,0.0
2001-08-14,0.0,0.0,0.0
2001-08-15,5.0,0.0,0.0
2001-08-16,1.0,0.0,0.0
2001-08-17,0.0,0.0,0.0
2001-08-18,0.0,0.0,0.0
2001-08-19,0.0,0.0,0.0
2001-08-20,0.0,0.0,0.0
2001-08-21,0.0,0.0,0.0
2001-08-22,0.0,0.0,0.0
2001-08-23,0.0,0.0,0.0
2001-08-24,0.0,0.0,0.0
2001-08-25,0.0,0.0,0.0
2001-08-26,0.0,0.0,0.0
2001-08-27,0.0,0.0,0.0
2001-08-28,0.0,0.0,0.0
2001-08-29,0.0,0.0,0.0
2001-08-30,0.0,0.0,0.0
2001-08-31,0.0,0.0,0.0
2001-09-01,0.0,0.0,0.0
2001-09-02,0.0,0.0,0.0
2001-09-03,0.0,0.0,0.0
2001-09-04,0.0,0.0,0.0
2001-09-05,0.0,0.0,0.0
2001-09-06,0.0,0.2,0.0
2001-09-07,0.0,0.0,0.0
2001-09-08,0.0,0.0,0.0
2001-09-09,0.0,0.0,0.0
2001-09-10,0.0,0.0,0.0
2001-09-11,0.0,0.0,0.0
2001-09-12,0.0,0.0,0.0
2001-09-13,0.0,0.0,0.0
2001-09-14,0.0,1.1,5.0
2001-09-15,0.0,0.0,0.0
2001-09-16,0.0,0.9,4.8
2001-09-17,0.0,0.0,0.0
2001-09-18,0.0,0.0,0.0
2001-09-19,0.0,0.0,0.0
2001-09-20,0.0,0.0,0.0
2001-09-21,0.0,0.0,0.0
2001-09-22,0.0,0.0,0.0
2001-09-23,0.0,0.6,0.0
2001-09-24,0.0,0.0,0.0
2001-09-25,0.0,1.0,4.5
2001-09-26,0.0,0.0,0.0
2001-09-27,0.0,0.3,0.0
2001-09-28,0.0,0.0,0.0
2001-09-29,0.0,0.0,0.0
2001-09-30,0.0,0.0,0.0
2001-10-01,0.0,0.0,0.0
2001-10-02,0.0,0.2,0.0
2001-10-03,1.0,0.0,0.0
2001-10-04,0.0,0.0,0.0
2001-10-05,0.0,0.0,0.0
2001-10-06,0.0,0.0,0.0
2001-10-07,0.0,0.0,0.0
2001-10-08,0.0,0.0,0.0
2001-10-09,0.0,2.8,4.6
2001-10-10,0.0,2.3,5.0
2001-10-11,63.0,6.0,8.8
2001-10-12,2.0,0.0,0.0
2001-10-13,0.0,0.0,0.0
2001-10-14,0.0,0.0,0.0
2001-10-15,0.0,24.0,38.2
2001-10-16,1.0,0.0,0.0
2001-10-17,0.0,0.9,3.0
2001-10-18,1.0,33.7,48.9
2001-10-19,26.0,0.0,0.0
2001-10-20,0.0,0.0,0.0
2001-10-21,0.0,16.9,17.0
2001-10-22,89.0,33.2,31.6
2001-10-23,1.0,9.4,11.1
2001-10-24,14.0,5.8,7.5
2001-10-25,1.0,5.1,6.5
2001-10-26,3.0,0.0,0.0
2001-10-27,28.0,0.0,0.0
2001-10-28,0.0,0.0,0.0
2001-10-29,0.0,0.0,0.0
2001-10-30,0.0,4.5,6.3
2001-10-31,51.0,45.9,49.8
2001-11-01,11.0,42.8,48.7
2001-11-02,19.0,0.0,0.0
2001-11-03,0.0,0.0,0.0
2001-11-04,0.0,0.0,0.0
2001-11-05,0.0,0.0,0.0
2001-11-06,0.0,0.5,0.0
2001-11-07,0.0,0.0,0.0
2001-11-08,0.0,0.0,0.0
2001-11-09,0.0,0.0,0.0
2001-11-10,0.0,1.6,1.4
2001-11-11,0.0,0.0,0.0
2001-11-12,0.0,0.0,0.0
2001-11-13,2.0,3.7,3.8
2001-11-14,2.0,45.5,44.9
2001-11-15,6.0,3.0,3.1
2001-11-16,8.0,15.0,15.1
2001-11-17,8.0,26.8,27.9
2001-11-18,0.0,40.4,40.5
2001-11-19,32.0,1.5,1.6
2001-11-20,6.0,0.5,0.0
2001-11-21,1.0,11.5,7.5
2001-11-22,0.0,3.0,1.0
2001-11-23,0.0,0.7,0.0
2001-11-24,0.0,9.6,5.6
2001-11-25,5.0,12.2,8.2
2001-11-26,7.0,3.3,1.0
2001-11-27,0.0,4.8,1.5
2001-11-28,0.0,12.7,8.7
2001-11-29,3.0,23.1,20.4
2001-11-30,1.0,17.5,13.7
2001-12-01,1.0,47.0,65.0
2001-12-02,11.0,28.9,31.7
2001-12-03,4.0,20.7,18.4
2001-12-04,25.0,2.1,1.0
2001-12-05,2.0,0.7,0.0
2001-12-06,0.0,4.6,2.2
2001-12-07,6.0,2.4,1.0
2001-12-08,1.0,0.8,0.0
2001-12-09,0.0,2.5,1.0
2001-12-10,6.0,3.6,1.3
2001-12-11,5.0,1.1,0.0
2001-12-12,9.0,3.5,1.0
2001-12-13,0.0,0.0,0.0
2001-12-14,0.0,0.1,0.0
2001-12-15,0.0,0.0,0.0
2001-12-16,0.0,0.0,0.0
2001-12-17,2.0,2.5,1.0
2001-12-18,1.0,8.8,5.2
2001-12-19,13.0,0.5,0.0
2001-12-20,0.0,0.0,0.0
2001-12-21,0.0,0.0,0.0
2001-12-22,0.0,0.0,0.0
2001-12-23,0.0,0.0,0.0
2001-12-24,0.0,0.0,0.0
2001-12-25,1.0,0.0,0.0
2001-12-26,0.0,0.0,0.0
2001-12-27,0.0,0.0,0.0
2001-12-28,0.0,0.0,0.0
2001-12-29,2.0,13.7,12.4
2001-12-30,5.0,2.3,0.0
2001-12-31,0.0,3.7,1.0
2002-01-01,6.0,1.4,1.4
2002-01-02,17.0,2.6,2.4
2002-01-03,9.0,0.0,0.0
2002-01-04,18.0,0.0,0.0
2002-01-05,0.0,1.4,1.4
2002-01-06,3.0,0.2,0.0
2002-01-07,3.0,0.0,0.0
2002-01-08,1.0,0.0,0.0
2002-01-09,0.0,0.0,0.0
2002-01-10,0.0,0.0,0.0
2002-01-11,0.0,0.0,0.0
2002-01-12,0.0,0.0,0.0
2002-01-13,0.0,0.3,0.0
2002-01-14,0.0,12.2,14.3
2002-01-15,0.0,4.5,4.7
2002-01-16,0.0,5.8,6.3
2002-01-17,6.0,6.4,7.0
2002-01-18,8.0,7.3,8.2
2002-01-19,4.0,38.3,55.5
2002-01-20,4.0,10.5,12.2
2002-01-21,22.0,14.0,14.4
2002-01-22,1.0,30.5,34.2
2002-01-23,2.0,10.8,11.1
2002-01-24,2.0,24.5,26.7
2002-01-25,5.0,17.9,18.4
2002-01-26,4.0,6.9,7.0
2002-01-27,0.0,0.7,0.0
2002-01-28,0.0,5.1,5.1
2002-01-29,0.0,9.1,9.3
2002-01-30,4.0,0.4,0.0
2002-01-31,11.0,17.3,17.9
2002-02-01,0.0,21.1,19.7
2002-02-02,0.0,34.6,31.1
2002-02-03,32.0,27.7,23.3
2002-02-04,27.0,30.7,26.2
2002-02-05,41.0,16.4,15.0
2002-02-06,5.0,31.8,27.5
2002-02-07,24.0,5.9,5.7
2002-02-08,1.0,6.5,6.2
2002-02-09,0.0,4.7,4.7
2002-02-10,1.0,11.7,10.8
2002-02-11,1.0,4.8,4.8
2002-02-12,0.0,14.9,17.1
2002-02-13,6.0,16.6,19.3
2002-02-14,17.0,5.6,5.8
2002-02-15,1.0,18.8,22.4
2002-02-16,5.0,2.9,2.5
2002-02-17,7.0,11.5,13.8
2002-02-18,35.0,0.7,0.0
2002-02-19,1.0,0.2,0.0
2002-02-20,0.0,3.5,3.2
2002-02-21,17.0,7.0,7.6
2002-02-22,25.0,1.9,1.7
2002-02-23,0.0,7.3,7.9
2002-02-24,42.0,3.1,3.1
2002-02-25,5.0,0.2,0.0
2002-02-26,0.0,0.0,0.0
2002-02-27,0.0,0.0,0.0
2002-02-28,0.0,0.1,0.0
2002-03-01,0.0,0.0,0.0
2002-03-02,0.0,0.0,0.0
2002-03-03,0.0,0.0,0.0
2002-03-04,0.0,1.1,1.0
2002-03-05,1.0,0.1,0.0
2002-03-06,7.0,9.1,8.5
2002-03-07,30.0,10.1,9.4
2002-03-08,5.0,19.6,23.3
2002-03-09,0.0,8.3,7.7
2002-03-10,4.0,5.8,5.3
2002-03-11,0.0,1.0,0.0
2002-03-12,1.0,0.0,0.0
2002-03-13,1.0,0.0,0.0
2002-03-14,42.0,0.0,0.0
2002-03-15,4.0,0.0,0.0
2002-03-16,0.0,0.0,0.0
2002-03-17,0.0,0.1,0.0
2002-03-18,0.0,1.6,2.6
2002-03-19,0.0,3.1,4.0
2002-03-20,22.0,0.0,0.0
2002-03-21,0.0,0.0,0.0
2002-03-22,0.0,0.1,0.0
2002-03-23,6.0,2.0,1.2
2002-03-24,0.0,0.5,0.0
2002-03-25,1.0,0.1,0.0
2002-03-26,4.0,29.4,36.0
2002-03-27,0.0,26.1,30.8
2002-03-28,4.0,1.0,1.0
2002-03-29,0.0,2.0,1.2
2002-03-30,2.0,7.5,7.1
2002-03-31,0.0,2.2,1.4
2002-04-01,3.0,2.4,1.8
2002-04-02,0.0,0.0,0.0
2002-04-03,0.0,0.6,0.0
2002-04-04,0.0,0.8,0.0
2002-04-05,1.0,0.8,0.0
2002-04-06,1.0,0.1,0.0
2002-04-07,0.0,0.0,0.0
2002-04-08,0.0,0.0,0.0
2002-04-09,8.0,2.2,1.6
2002-04-10,22.0,3.6,3.0
2002-04-11,0.0,54.9,77.1
2002-04-12,19.0,14.8,14.0
2002-04-13,2.0,4.0,5.4
2002-04-14,0.0,0.0,0.0
2002-04-15,0.0,0.5,0.0
2002-04-16,9.0,0.0,0.0
2002-04-17,0.0,10.6,10.3
2002-04-18,9.0,0.6,0.0
2002-04-19,3.0,7.2,7.8
2002-04-20,0.0,0.0,0.0
2002-04-21,0.0,0.0,0.0
2002-04-22,0.0,0.0,0.0
2002-04-23,0.0,0.9,1.4
2002-04-24,2.0,0.3,0.0
2002-04-25,4.0,0.0,0.0
2002-04-26,0.0,0.0,0.0
2002-04-27,0.0,0.1,0.0
2002-04-28,0.0,0.0,0.0
2002-04-29,0.0,0.0,0.0
2002-04-30,0.0,0.1,0.0
2002-05-01,0.0,0.0,0.0
2002-05-02,0.0,0.0,0.0
2002-05-03,1.0,0.1,0.0
2002-05-04,0.0,0.0,0.0
2002-05-05,0.0,0.0,0.0
2002-05-06,3.0,0.4,0.0
2002-05-07,0.0,19.2,22.6
2002-05-08,0.0,0.0,0.0
2002-05-09,0.0,0.1,0.0
2002-05-10,0.0,0.0,0.0
2002-05-11,58.0,0.0,0.0
2002-05-12,10.0,0.0,0.0
2002-05-13,63.0,0.0,0.0
2002-05-14,0.0,0.0,0.0
2002-05-15,0.0,0.0,0.0
2002-05-16,0.0,0.0,0.0
2002-05-17,0.0,0.0,0.0
2002-05-18,0.0,0.0,0.0
2002-05-19,11.0,0.0,0.0
2002-05-20,0.0,0.0,0.0
2002-05-21,0.0,0.0,0.0
2002-05-22,0.0,0.0,0.0
2002-05-23,0.0,0.0,0.0
2002-05-24,0.0,0.0,0.0
2002-05-25,0.0,0.0,0.0
2002-05-26,0.0,0.0,0.0
2002-05-27,0.0,0.0,0.0
2002-05-28,0.0,0.3,0.0
2002-05-29,0.0,0.0,0.0
2002-05-30,0.0,0.0,0.0
2002-05-31,0.0,0.0,0.0
2002-06-01,0.0,0.0,0.0
2002-06-02,0.0,0.0,0.0
2002-06-03,0.0,0.0,0.0
2002-06-04,0.0,0.0,0.0
2002-06-05,0.0,0.1,0.0
2002-06-06,0.0,0.0,0.0
2002-06-07,0.0,0.0,0.0
2002-06-08,0.0,0.0,0.0
2002-06-09,0.0,0.2,0.0
2002-06-10,0.0,0.0,0.0
2002-06-11,0.0,0.0,0.0
2002-06-12,0.0,0.8,0.0
2002-06-13,0.0,0.0,0.0
2002-06-14,0.0,0.0,0.0
2002-06-15,0.0,0.0,0.0
2002-06-16,0.0,0.0,0.0
2002-06-17,0.0,0.0,0.0
2002-06-18,0.0,0.0,0.0
2002-06-19,0.0,0.0,0.0
2002-06-20,0.0,0.0,0.0
2002-06-21,0.0,0.0,0.0
2002-06-22,0.0,0.0,0.0
2002-06-23,0.0,0.0,0.0
2002-06-24,0.0,0.0,0.0
2002-06-25,0.0,0.0,0.0
2002-06-26,0.0,0.0,0.0
2002-06-27,0.0,0.0,0.0
2002-06-28,0.0,0.0,0.0
2002-06-29,0.0,0.0,0.0
2002-06-30,0.0,0.0,0.0
2002-07-01,0.0,0.2,0.0
2002-07-02,0.0,0.0,0.0
2002-07-03,0.0,0.0,0.0
2002-07-04,0.0,0.0,0.0
2002-07-05,0.0,0.9,0.0
2002-07-06,0.0,0.1,0.0
2002-07-07,0.0,0.0,0.0
2002-07-08,0.0,0.0,0.0
2002-07-09,0.0,0.0,0.0
2002-07-10,0.0,0.7,0.0
2002-07-11,0.0,0.0,0.0
2002-07-12,0.0,0.0,0.0
2002-07-13,0.0,0.0,0.0
2002-07-14,0.0,0.7,0.0
2002-07-15,0.0,0.0,0.0
2002-07-16,0.0,2.4,3.9
2002-07-17,0.0,0.6,0.0
2002-07-18,0.0,0.0,0.0
2002-07-19,0.0,0.0,0.0
2002-07-20,0.0,0.0,0.0
2002-07-21,4.0,0.9,2.1
2002-07-22,2.0,0.0,0.0
2002-07-23,0.0,0.0,0.0
2002-07-24,0.0,0.0,0.0
2002-07-25,0.0,0.0,0.0
2002-07-26,0.0,0.0,0.0
2002-07-27,0.0,0.0,0.0
2002-07-28,0.0,0.0,0.0
2002-07-29,0.0,0.0,0.0
2002-07-30,0.0,0.0,0.0
2002-07-31,0.0,0.0,0.0
2002-08-01,0.0,0.0,0.0
2002-08-02,0.0,0.0,0.0
2002-08-03,0.0,0.0,0.0
2002-08-04,0.0,0.0,0.0
2002-08-05,0.0,0.4,0.0
2002-08-06,0.0,0.0,0.0
2002-08-07,0.0,0.0,0.0
2002-08-08,0.0,0.0,0.0
2002-08-09,0.0,0.0,0.0
2002-08-10,0.0,0.0,0.0
2002-08-11,0.0,0.4,0.0
2002-08-12,0.0,0.0,0.0
2002-08-13,0.0,0.0,0.0
2002-08-14,0.0,15.0,7.2
2002-08-15,0.0,0.0,0.0
2002-08-16,0.0,0.1,0.0
2002-08-17,0.0,0.1,0.0
2002-08-18,0.0,0.0,0.0
2002-08-19,0.0,0.0,0.0
2002-08-20,0.0,0.0,0.0
2002-08-21,0.0,0.0,0.0
2002-08-22,0.0,0.0,0.0
2002-08-23,0.0,0.0,0.0
2002-08-24,0.0,0.0,0.0
2002-08-25,0.0,0.0,0.0
2002-08-26,0.0,0.0,0.0
2002-08-27,0.0,0.0,0.0
2002-08-28,0.0,0.0,0.0
2002-08-29,0.0,0.0,0.0
2002-08-30,0.0,0.0,0.0
2002-08-31,0.0,5.9,16.1
2002-09-01,0.0,14.1,11.1
2002-09-02,0.0,0.0,0.0
2002-09-03,0.0,0.0,0.0
2002-09-04,0.0,0.0,0.0
2002-09-05,0.0,0.0,0.0
2002-09-06,0.0,0.0,0.0
2002-09-07,0.0,0.0,0.0
2002-09-08,0.0,0.0,0.0
2002-09-09,0.0,0.0,0.0
2002-09-10,0.0,0.4,0.0
2002-09-11,0.0,0.0,0.0
2002-09-12,0.0,0.0,0.0
2002-09-13,0.0,0.0,0.0
2002-09-14,0.0,0.0,0.0
2002-09-15,0.0,0.0,0.0
2002-09-16,0.0,0.0,0.0
2002-09-17,0.0,0.1,0.0
2002-09-18,9.0,0.0,0.0
2002-09-19,0.0,0.1,0.0
2002-09-20,0.0,0.0,0.0
2002-09-21,0.0,0.0,0.0
2002-09-22,0.0,0.0,0.0
2002-09-23,0.0,0.0,0.0
2002-09-24,0.0,0.0,0.0
2002-09-25,0.0,0.0,0.0
2002-09-26,0.0,0.0,0.0
2002-09-27,0.0,0.0,0.0
2002-09-28,0.0,0.0,0.0
2002-09-29,0.0,0.0,0.0
2002-09-30,0.0,0.0,0.0
2002-10-01,0.0,0.0,0.0
2002-10-02,0.0,0.0,0.0
2002-10-03,2.0,0.0,0.0
2002-10-04,0.0,0.0,0.0
2002-10-05,0.0,0.0,0.0
2002-10-06,2.0,0.0,0.0
2002-10-07,0.0,0.0,0.0
2002-10-08,0.0,0.0,0.0
2002-10-09,0.0,0.0,0.0
2002-10-10,0.0,0.0,0.0
2002-10-11,0.0,0.0,0.0
2002-10-12,0.0,0.0,0.0
2002-10-13,0.0,0.0,0.0
2002-10-14,0.0,0.3,0.0
2002-10-15,0.0,2.6,4.8
2002-10-16,0.0,0.0,0.0
2002-10-17,0.0,0.0,0.0
2002-10-18,0.0,0.0,0.0
2002-10-19,0.0,0.0,0.0
2002-10-20,0.0,0.0,0.0
2002-10-21,0.0,0.0,0.0
2002-10-22,0.0,0.0,0.0
2002-10-23,0.0,0.0,0.0
2002-10-24,0.0,0.0,0.0
2002-10-25,4.0,0.0,0.0
2002-10-26,0.0,0.0,0.0
2002-10-27,0.0,0.0,0.0
2002-10-28,0.0,0.0,0.0
2002-10-29,21.0,0.0,0.0
2002-10-30,24.0,2.5,4.0
2002-10-31,0.0,55.2,61.7
2002-11-01,2.0,21.6,24.7
2002-11-02,13.0,0.0,0.0
2002-11-03,0.0,0.0,0.0
2002-11-04,8.0,1.8,1.6
2002-11-05,68.0,0.3,0.0
2002-11-06,77.0,0.1,0.0
2002-11-07,0.0,0.0,0.0
2002-11-08,0.0,0.0,0.0
2002-11-09,0.0,0.0,0.0
2002-11-10,0.0,0.1,0.0
2002-11-11,0.0,0.0,0.0
2002-11-12,0.0,0.0,0.0
2002-11-13,0.0,0.0,0.0
2002-11-14,0.0,2.3,2.4
2002-11-15,20.0,0.6,0.0
2002-11-16,10.0,0.0,0.0
2002-11-17,0.0,0.0,0.0
2002-11-18,0.0,11.1,11.2
2002-11-19,17.0,8.5,8.6
2002-11-20,34.0,1.3,1.4
2002-11-21,2.0,0.0,0.0
2002-11-22,0.0,3.8,1.0
2002-11-23,32.0,0.0,0.0
2002-11-24,0.0,1.2,0.0
2002-11-25,0.0,6.1,2.6
2002-11-26,19.0,78.0,97.8
2002-11-27,55.0,12.5,8.5
2002-11-28,1.0,5.0,1.7
2002-11-29,5.0,15.3,11.3
2002-11-30,73.0,30.3,30.4
2002-12-01,26.0,14.1,11.7
2002-12-02,5.0,7.6,5.0
2002-12-03,6.0,5.2,2.8
2002-12-04,8.0,5.0,2.6
2002-12-05,8.0,0.1,0.0
2002-12-06,10.0,0.9,0.0
2002-12-07,1.0,0.5,0.0
2002-12-08,9.0,14.8,12.4
2002-12-09,10.0,0.0,0.0
2002-12-10,0.0,13.0,10.5
2002-12-11,0.0,3.0,1.0
2002-12-12,6.0,15.7,11.2
2002-12-13,5.0,18.2,13.5
2002-12-14,8.0,8.8,5.2
2002-12-15,0.0,2.8,1.0
2002-12-16,1.0,0.8,0.0
2002-12-17,0.0,0.0,0.0
2002-12-18,13.0,0.0,0.0
2002-12-19,17.0,2.9,1.0
2002-12-20,0.0,0.0,0.0
2002-12-21,0.0,6.6,3.5
2002-12-22,1.0,8.5,5.8
2002-12-23,4.0,7.7,4.8
2002-12-24,0.0,9.8,7.3
2002-12-25,5.0,44.4,63.2
2002-12-26,0.0,21.9,26.3
2002-12-27,34.0,28.9,36.7
2002-12-28,12.0,12.0,10.1
2002-12-29,0.0,20.5,21.7
2002-12-30,17.0,40.4,55.4
2002-12-31,0.0,29.9,37.3
2003-01-01,0.0,12.6,13.0
2003-01-02,17.0,13.3,13.7
2003-01-03,19.0,9.5,9.5
2003-01-04,16.0,10.5,10.6
2003-01-05,86.0,14.2,14.8
2003-01-06,16.0,51.0,68.1
2003-01-07,6.0,15.8,16.2
2003-01-08,29.0,12.0,12.3
2003-01-09,5.0,9.5,9.5
2003-01-10,5.0,8.6,8.6
2003-01-11,3.0,3.0,2.9
2003-01-12,8.0,1.9,1.5
2003-01-13,19.0,7.7,8.7
2003-01-14,0.0,1.6,1.1
2003-01-15,0.0,0.4,0.0
2003-01-16,0.0,0.0,0.0
2003-01-17,0.0,0.1,0.0
2003-01-18,0.0,0.3,0.0
2003-01-19,0.0,0.0,0.0
2003-01-20,0.0,0.1,0.0
2003-01-21,0.0,0.2,0.0
2003-01-22,5.0,10.2,10.5
2003-01-23,4.0,8.2,8.3
2003-01-24,9.0,6.5,6.6
2003-01-25,0.0,13.2,13.6
2003-01-26,0.0,7.1,7.2
2003-01-27,27.0,65.4,77.4
2003-01-28,2.0,2.6,2.5
2003-01-29,0.0,11.1,11.4
2003-01-30,1.0,0.0,0.0
2003-01-31,0.0,0.0,0.0
2003-02-01,4.0,1.8,2.4
2003-02-02,0.0,2.1,2.6
2003-02-03,0.0,0.1,0.0
2003-02-04,2.0,0.5,0.0
2003-02-05,3.0,20.5,18.5
2003-02-06,2.0,0.2,0.0
2003-02-07,0.0,0.0,0.0
2003-02-08,0.0,0.2,0.0
2003-02-09,31.0,14.1,12.9
2003-02-10,11.0,1.0,0.0
2003-02-11,1.0,10.0,11.2
2003-02-12,2.0,10.4,11.8
2003-02-13,0.0,2.7,2.3
2003-02-14,0.0,1.1,1.0
2003-02-15,2.0,17.6,20.4
2003-02-16,18.0,8.1,8.8
2003-02-17,2.0,1.8,1.3
2003-02-18,9.0,18.7,23.7
2003-02-19,45.0,22.8,30.7
2003-02-20,9.0,1.7,1.2
2003-02-21,38.0,5.2,5.5
2003-02-22,14.0,2.8,2.8
2003-02-23,0.0,6.1,6.6
2003-02-24,15.0,8.2,9.1
2003-02-25,4.0,5.1,5.4
2003-02-26,0.0,38.0,61.6
2003-02-27,9.0,7.6,8.3
2003-02-28,16.0,12.2,13.9
2003-03-01,5.0,3.0,2.7
2003-03-02,0.0,1.4,1.1
2003-03-03,0.0,5.3,4.8
2003-03-04,0.0,20.3,25.3
2003-03-05,10.0,7.3,6.8
2003-03-06,1.0,14.6,14.4
2003-03-07,4.0,0.5,0.0
2003-03-08,2.0,31.9,41.9
2003-03-09,39.0,10.7,10.0
2003-03-10,8.0,5.4,4.9
2003-03-11,1.0,0.0,0.0
2003-03-12,16.0,0.0,0.0
2003-03-13,1.0,194.1,76.3
2003-03-14,0.0,7.2,7.9
2003-03-15,2.0,0.4,0.0
2003-03-16,0.0,0.0,0.0
2003-03-17,1.0,0.0,0.0
2003-03-18,6.0,0.0,0.0
2003-03-19,0.0,0.0,0.0
2003-03-20,0.0,0.0,0.0
2003-03-21,0.0,0.0,0.0
2003-03-22,3.0,0.2,0.0
2003-03-23,1.0,1.4,1.0
2003-03-24,0.0,0.0,0.0
2003-03-25,20.0,0.0,0.0
2003-03-26,1.0,0.0,0.0
2003-03-27,0.0,0.1,0.0
2003-03-28,0.0,0.0,0.0
2003-03-29,0.0,0.7,0.0
2003-03-30,4.0,0.1,0.0
2003-03-31,0.0,0.3,0.0
2003-04-01,0.0,4.2,3.6
2003-04-02,2.0,11.1,10.9
2003-04-03,4.0,5.3,4.8
2003-04-04,0.0,0.9,0.0
2003-04-05,1.0,0.4,0.0
2003-04-06,0.0,20.2,24.6
2003-04-07,0.0,11.0,11.2
2003-04-08,0.0,7.3,7.0
2003-04-09,0.0,1.2,1.0
2003-04-10,3.0,0.0,0.0
2003-04-11,7.0,0.2,0.0
2003-04-12,0.0,0.0,0.0
2003-04-13,4.0,0.0,0.0
2003-04-14,0.0,0.0,0.0
2003-04-15,2.0,0.2,0.0
2003-04-16,0.0,0.1,0.0
2003-04-17,9.0,1.3,3.3
2003-04-18,0.0,0.0,0.0
2003-04-19,0.0,0.3,0.0
2003-04-20,0.0,0.0,0.0
2003-04-21,0.0,0.5,0.0
2003-04-22,1.0,0.4,0.0
2003-04-23,0.0,0.2,0.0
2003-04-24,0.0,0.5,0.0
2003-04-25,0.0,0.0,0.0
2003-04-26,0.0,0.3,0.0
2003-04-27,0.0,0.0,0.0
2003-04-28,0.0,0.0,0.0
2003-04-29,0.0,0.0,0.0
2003-04-30,71.0,2.1,3.0
2003-05-01,0.0,0.1,0.0
2003-05-02,0.0,0.8,0.0
2003-05-03,0.0,0.4,0.0
2003-05-04,3.0,7.6,6.8
2003-05-05,10.0,11.2,10.7
2003-05-06,39.0,1.5,1.0
2003-05-07,3.0,4.3,3.2
2003-05-08,7.0,19.0,22.9
2003-05-09,60.0,1.1,0.0
2003-05-10,1.0,0.0,0.0
2003-05-11,0.0,0.0,0.0
2003-05-12,0.0,0.0,0.0
2003-05-13,0.0,0.0,0.0
2003-05-14,0.0,0.0,0.0
2003-05-15,0.0,0.0,0.0
2003-05-16,0.0,0.0,0.0
2003-05-17,0.0,0.0,0.0
2003-05-18,0.0,0.0,0.0
2003-05-19,0.0,0.0,0.0
2003-05-20,0.0,0.0,0.0
2003-05-21,0.0,0.0,0.0
2003-05-22,1.0,0.1,0.0
2003-05-23,39.0,0.6,0.0
2003-05-24,0.0,0.0,0.0
2003-05-25,0.0,0.4,0.0
2003-05-26,0.0,0.0,0.0
2003-05-27,0.0,0.0,0.0
2003-05-28,0.0,0.2,0.0
2003-05-29,0.0,0.0,0.0
2003-05-30,0.0,0.0,0.0
2003-05-31,0.0,0.0,0.0
2003-06-01,0.0,0.0,0.0
2003-06-02,0.0,0.1,0.0
2003-06-03,0.0,0.0,0.0
2003-06-04,0.0,0.3,0.0
2003-06-05,0.0,0.3,0.0
2003-06-06,0.0,0.0,0.0
2003-06-07,0.0,0.0,0.0
2003-06-08,0.0,0.0,0.0
2003-06-09,0.0,0.0,0.0
2003-06-10,0.0,0.0,0.0
2003-06-11,0.0,0.0,0.0
2003-06-12,0.0,0.2,0.0
2003-06-13,0.0,0.0,0.0
2003-06-14,0.0,0.1,0.0
2003-06-15,0.0,0.1,0.0
2003-06-16,0.0,0.2,0.0
2003-06-17,0.0,0.1,0.0
2003-06-18,1.0,10.3,9.0
2003-06-19,15.0,0.3,0.0
2003-06-20,0.0,0.1,0.0
2003-06-21,0.0,6.2,19.4
2003-06-22,6.0,0.5,0.0
2003-06-23,25.0,0.0,0.0
2003-06-24,0.0,0.0,0.0
2003-06-25,0.0,0.0,0.0
2003-06-26,0.0,0.1,0.0
2003-06-27,0.0,0.0,0.0
2003-06-28,0.0,0.0,0.0
2003-06-29,0.0,0.0,0.0
2003-06-30,0.0,0.0,0.0
2003-07-01,0.0,0.0,0.0
2003-07-02,0.0,0.0,0.0
2003-07-03,0.0,0.0,0.0
2003-07-04,0.0,0.0,0.0
2003-07-05,0.0,0.0,0.0
2003-07-06,0.0,0.6,0.0
2003-07-07,0.0,0.7,0.0
2003-07-08,0.0,0.0,0.0
2003-07-09,0.0,0.0,0.0
2003-07-10,0.0,0.1,0.0
2003-07-11,0.0,0.1,0.0
2003-07-12,0.0,0.0,0.0
2003-07-13,0.0,0.0,0.0
2003-07-14,0.0,0.0,0.0
2003-07-15,0.0,0.0,0.0
2003-07-16,0.0,0.0,0.0
2003-07-17,0.0,0.0,0.0
2003-07-18,0.0,0.0,0.0
2003-07-19,0.0,0.0,0.0
2003-07-20,0.0,0.0,0.0
2003-07-21,0.0,0.0,0.0
2003-07-22,0.0,0.5,1.2
2003-07-23,1.0,0.0,0.0
2003-07-24,10.0,0.6,1.1
2003-07-25,0.0,0.0,0.0
2003-07-26,0.0,0.0,0.0
2003-07-27,0.0,0.0,0.0
2003-07-28,0.0,0.0,0.0
2003-07-29,0.0,0.0,0.0
2003-07-30,0.0,0.0,0.0
2003-07-31,0.0,0.0,0.0
2003-08-01,0.0,0.0,0.0
2003-08-02,0.0,0.0,0.0
2003-08-03,0.0,0.0,0.0
2003-08-04,0.0,0.0,0.0
2003-08-05,0.0,0.0,0.0
2003-08-06,0.0,0.0,0.0
2003-08-07,0.0,0.0,0.0
2003-08-08,0.0,1.4,1.6
2003-08-09,0.0,0.0,0.0
2003-08-10,0.0,0.7,0.0
2003-08-11,0.0,0.0,0.0
2003-08-12,0.0,0.0,0.0
2003-08-13,0.0,0.0,0.0
2003-08-14,0.0,0.0,0.0
2003-08-15,0.0,0.0,0.0
2003-08-16,0.0,0.0,0.0
2003-08-17,0.0,0.1,0.0
2003-08-18,0.0,0.0,0.0
2003-08-19,0.0,0.0,0.0
2003-08-20,0.0,0.0,0.0
2003-08-21,0.0,0.0,0.0
2003-08-22,0.0,0.0,0.0
2003-08-23,0.0,0.0,0.0
2003-08-24,0.0,0.0,0.0
2003-08-25,0.0,0.0,0.0
2003-08-26,0.0,0.0,0.0
2003-08-27,0.0,1.3,1.0
2003-08-28,0.0,0.0,0.0
2003-08-29,0.0,0.0,0.0
2003-08-30,0.0,0.0,0.0
2003-08-31,0.0,0.0,0.0
2003-09-01,0.0,0.0,0.0
2003-09-02,0.0,0.2,0.0
2003-09-03,0.0,0.0,0.0
2003-09-04,0.0,0.1,0.0
2003-09-05,0.0,0.0,0.0
2003-09-06,0.0,0.0,0.0
2003-09-07,0.0,0.0,0.0
2003-09-08,0.0,0.1,0.0
2003-09-09,0.0,0.3,0.0
2003-09-10,20.0,3.6,1.6
2003-09-11,19.0,17.6,27.6
2003-09-12,0.0,0.1,0.0
2003-09-13,0.0,0.0,0.0
2003-09-14,0.0,0.0,0.0
2003-09-15,0.0,0.0,0.0
2003-09-16,0.0,0.0,0.0
2003-09-17,0.0,0.0,0.0
2003-09-18,0.0,0.0,0.0
2003-09-19,0.0,0.0,0.0
2003-09-20,2.0,0.0,0.0
2003-09-21,0.0,0.0,0.0
2003-09-22,0.0,0.0,0.0
2003-09-23,0.0,0.0,0.0
2003-09-24,0.0,0.4,0.0
2003-09-25,0.0,0.0,0.0
2003-09-26,0.0,0.0,0.0
2003-09-27,0.0,0.0,0.0
2003-09-28,0.0,0.0,0.0
2003-09-29,8.0,0.0,0.0
2003-09-30,7.0,0.0,0.0
2003-10-01,7.0,15.9,18.3
2003-10-02,15.0,0.0,0.0
2003-10-03,2.0,0.0,0.0
2003-10-04,1.0,0.0,0.0
2003-10-05,0.0,0.0,0.0
2003-10-06,0.0,0.0,0.0
2003-10-07,0.0,0.0,0.0
2003-10-08,0.0,0.2,0.0
2003-10-09,1.0,0.0,0.0
2003-10-10,0.0,0.0,0.0
2003-10-11,0.0,0.0,0.0
2003-10-12,0.0,0.0,0.0
2003-10-13,0.0,0.0,0.0
2003-10-14,0.0,0.0,0.0
2003-10-15,0.0,0.7,0.0
2003-10-16,0.0,0.0,0.0
2003-10-17,0.0,0.0,0.0
2003-10-18,0.0,0.4,0.0
2003-10-19,0.0,0.0,0.0
2003-10-20,0.0,0.0,0.0
2003-10-21,0.0,0.0,0.0
2003-10-22,0.0,0.0,0.0
2003-10-23,0.0,0.0,0.0
2003-10-24,0.0,0.0,0.0
2003-10-25,0.0,0.0,0.0
2003-10-26,0.0,0.2,0.0
2003-10-27,0.0,0.0,0.0
2003-10-28,0.0,0.0,0.0
2003-10-29,0.0,0.0,0.0
2003-10-30,0.0,0.0,0.0
2003-10-31,0.0,6.3,9.2
2003-11-01,0.0,0.0,0.0
2003-11-02,0.0,0.0,0.0
2003-11-03,0.0,0.0,0.0
2003-11-04,0.0,0.0,0.0
2003-11-05,0.0,0.0,0.0
2003-11-06,0.0,0.6,0.0
2003-11-07,0.0,5.0,5.0
2003-11-08,8.0,0.0,0.0
2003-11-09,0.0,0.0,0.0
2003-11-10,0.0,0.0,0.0
2003-11-11,0.0,0.0,0.0
2003-11-12,0.0,0.0,0.0
2003-11-13,0.0,0.0,0.0
2003-11-14,26.0,0.0,0.0
2003-11-15,2.0,7.4,7.5
2003-11-16,0.0,4.7,4.7
2003-11-17,0.0,73.3,65.1
2003-11-18,37.0,4.5,4.6
2003-11-19,9.0,2.8,2.9
2003-11-20,52.0,7.7,7.7
2003-11-21,54.0,3.8,1.0
2003-11-22,0.0,0.6,0.0
2003-11-23,0.0,15.2,11.3
2003-11-24,1.0,10.9,6.9
2003-11-25,1.0,0.2,0.0
2003-11-26,0.0,9.3,5.4
2003-11-27,3.0,12.6,8.6
2003-11-28,16.0,8.9,5.1
2003-11-29,21.0,0.0,0.0
2003-11-30,21.0,0.0,0.0
2003-12-01,5.0,14.7,12.3
2003-12-02,20.0,0.1,0.0
2003-12-03,32.0,1.3,0.0
2003-12-04,1.0,5.5,3.0
2003-12-05,1.0,11.4,8.8
2003-12-06,91.0,73.6,94.0
2003-12-07,38.0,0.9,0.0
2003-12-08,0.0,11.3,8.7
2003-12-09,13.0,12.8,10.2
2003-12-10,4.0,5.0,2.6
2003-12-11,0.0,14.5,10.2
2003-12-12,24.0,11.6,7.6
2003-12-13,1.0,1.0,0.0
2003-12-14,0.0,0.3,0.0
2003-12-15,1.0,22.1,17.3
2003-12-16,5.0,18.6,13.9
2003-12-17,14.0,13.6,9.4
2003-12-18,41.0,37.6,32.4
2003-12-19,31.0,39.0,34.0
2003-12-20,3.0,21.2,16.5
2003-12-21,20.0,2.2,0.0
2003-12-22,12.0,0.8,0.0
2003-12-23,1.0,2.9,0.0
2003-12-24,5.0,2.9,1.0
2003-12-25,0.0,6.4,3.3
2003-12-26,2.0,3.2,1.0
2003-12-27,0.0,1.4,0.0
2003-12-28,9.0,5.4,2.3
2003-12-29,12.0,3.0,1.0
2003-12-30,0.0,0.3,0.0
2003-12-31,0.0,0.9,0.0
2004-01-01,0.0,0.3,0.0
2004-01-02,3.0,0.7,0.0
2004-01-03,0.0,0.3,0.0
2004-01-04,0.0,0.0,0.0
2004-01-05,0.0,0.6,0.0
2004-01-06,0.0,0.3,0.0
2004-01-07,0.0,0.8,0.0
2004-01-08,0.0,3.4,3.1
2004-01-09,0.0,12.9,13.3
2004-01-10,0.0,1.3,1.3
2004-01-11,0.0,1.8,1.4
2004-01-12,1.0,1.3,1.0
2004-01-13,0.0,0.0,0.0
2004-01-14,4.0,0.5,0.0
2004-01-15,0.0,5.4,5.8
2004-01-16,0.0,0.0,0.0
2004-01-17,0.0,0.0,0.0
2004-01-18,0.0,0.1,0.0
2004-01-19,23.0,0.0,0.0
2004-01-20,32.0,1.7,1.3
2004-01-21,0.0,0.4,0.0
2004-01-22,10.0,0.9,0.0
2004-01-23,0.0,2.0,1.9
2004-01-24,2.0,0.3,0.0
2004-01-25,1.0,7.0,7.1
2004-01-26,0.0,0.3,0.0
2004-01-27,0.0,7.9,8.0
2004-01-28,4.0,5.6,5.6
2004-01-29,38.0,19.5,20.0
2004-01-30,79.0,48.1,59.8
2004-01-31,0.0,2.8,2.7
2004-02-01,0.0,9.3,8.7
2004-02-02,1.0,90.6,76.2
2004-02-03,59.0,29.9,25.6
2004-02-04,29.0,7.5,7.1
2004-02-05,0.0,8.9,8.3
2004-02-06,41.0,3.7,3.9
2004-02-07,1.0,15.9,14.5
2004-02-08,4.0,5.5,5.3
2004-02-09,0.0,0.2,0.0
2004-02-10,0.0,0.2,0.0
2004-02-11,2.0,1.8,1.3
2004-02-12,0.0,1.8,1.3
2004-02-13,0.0,0.1,0.0
2004-02-14,1.0,9.4,10.5
2004-02-15,10.0,9.0,10.0
2004-02-16,1.0,1.6,1.0
2004-02-17,0.0,41.2,67.4
2004-02-18,114.0,2.8,2.5
2004-02-19,0.0,1.3,1.0
2004-02-20,0.0,3.9,3.7
2004-02-21,0.0,0.6,0.0
2004-02-22,0.0,0.0,0.0
2004-02-23,0.0,1.5,1.3
2004-02-24,0.0,7.7,8.4
2004-02-25,2.0,0.4,0.0
2004-02-26,0.0,2.2,2.2
2004-02-27,29.0,0.0,0.0
2004-02-28,2.0,10.1,11.3
2004-02-29,20.0,0.2,0.0
2004-03-01,0.0,5.6,5.1
2004-03-02,20.0,2.1,1.8
2004-03-03,10.0,2.4,2.0
2004-03-04,0.0,0.5,0.0
2004-03-05,0.0,0.0,0.0
2004-03-06,0.0,0.0,0.0
2004-03-07,2.0,1.0,0.0
2004-03-08,28.0,8.2,7.7
2004-03-09,3.0,5.3,4.8
2004-03-10,0.0,5.7,5.2
2004-03-11,4.0,9.2,10.2
2004-03-12,4.0,9.1,9.5
2004-03-13,1.0,28.9,36.8
2004-03-14,11.0,2.0,3.0
2004-03-15,9.0,6.5,7.2
2004-03-16,1.0,1.1,2.1
2004-03-17,1.0,1.9,2.9
2004-03-18,0.0,0.5,0.0
2004-03-19,0.0,1.1,2.1
2004-03-20,0.0,1.2,2.2
2004-03-21,0.0,6.2,5.7
2004-03-22,1.0,26.7,31.9
2004-03-23,10.0,5.9,5.3
2004-03-24,0.0,0.1,0.0
2004-03-25,0.0,0.2,0.0
2004-03-26,0.0,0.2,0.0
2004-03-27,0.0,0.2,0.0
2004-03-28,0.0,3.2,2.5
2004-03-29,0.0,29.7,36.4
2004-03-30,0.0,11.0,11.3
2004-03-31,16.0,2.3,1.5
2004-04-01,3.0,0.2,0.0
2004-04-02,1.0,0.0,0.0
2004-04-03,0.0,0.0,0.0
2004-04-04,0.0,0.1,0.0
2004-04-05,0.0,0.0,0.0
2004-04-06,0.0,0.0,0.0
2004-04-07,3.0,0.5,0.0
2004-04-08,0.0,0.0,0.0
2004-04-09,0.0,0.0,0.0
2004-04-10,5.0,0.1,0.0
2004-04-11,0.0,0.0,0.0
2004-04-12,11.0,0.0,0.0
2004-04-13,0.0,0.1,0.0
2004-04-14,3.0,0.9,0.0
2004-04-15,0.0,0.0,0.0
2004-04-16,0.0,0.0,0.0
2004-04-17,5.0,0.3,0.0
2004-04-18,19.0,0.0,0.0
2004-04-19,0.0,0.0,0.0
2004-04-20,0.0,0.0,0.0
2004-04-21,0.0,4.4,5.9
2004-04-22,0.0,0.2,0.0
2004-04-23,41.0,0.0,0.0
2004-04-24,9.0,0.4,0.0
2004-04-25,0.0,0.0,0.0
2004-04-26,0.0,0.0,0.0
2004-04-27,0.0,0.0,0.0
2004-04-28,0.0,0.2,0.0
2004-04-29,0.0,0.0,0.0
2004-04-30,0.0,2.1,3.3
2004-05-01,0.0,1.2,0.0
2004-05-02,1.0,0.4,0.0
2004-05-03,0.0,0.6,0.0
2004-05-04,0.0,0.0,0.0
2004-05-05,0.0,1.6,1.0
2004-05-06,18.0,0.0,0.0
2004-05-07,0.0,0.0,0.0
2004-05-08,0.0,0.0,0.0
2004-05-09,0.0,0.0,0.0
2004-05-10,0.0,2.4,1.0
2004-05-11,0.0,0.0,0.0
2004-05-12,0.0,0.0,0.0
2004-05-13,0.0,0.0,0.0
2004-05-14,0.0,0.0,0.0
2004-05-15,0.0,0.0,0.0
2004-05-16,0.0,0.0,0.0
2004-05-17,0.0,0.0,0.0
2004-05-18,0.0,0.0,0.0
2004-05-19,0.0,1.5,1.0
2004-05-20,7.0,5.3,2.7
2004-05-21,0.0,2.4,1.0
2004-05-22,0.0,0.0,0.0
2004-05-23,0.0,0.0,0.0
2004-05-24,0.0,0.1,0.0
2004-05-25,0.0,0.0,0.0
2004-05-26,0.0,0.2,0.0
2004-05-27,5.0,0.1,0.0
2004-05-28,0.0,9.8,9.6
2004-05-29,0.0,12.2,12.7
2004-05-30,17.0,15.8,19.5
2004-05-31,90.0,0.0,0.0
2004-06-01,0.0,1.1,4.1
2004-06-02,2.0,0.0,0.0
2004-06-03,0.0,0.0,0.0
2004-06-04,0.0,0.0,0.0
2004-06-05,0.0,0.0,0.0
2004-06-06,0.0,0.1,0.0
2004-06-07,2.0,3.1,5.3
2004-06-08,0.0,0.0,0.0
2004-06-09,0.0,0.0,0.0
2004-06-10,0.0,1.2,4.2
2004-06-11,0.0,0.0,0.0
2004-06-12,0.0,0.0,0.0
2004-06-13,1.0,0.0,0.0
2004-06-14,0.0,0.7,0.0
2004-06-15,0.0,0.0,0.0
2004-06-16,0.0,0.0,0.0
2004-06-17,0.0,0.0,0.0
2004-06-18,0.0,0.0,0.0
2004-06-19,0.0,0.0,0.0
2004-06-20,0.0,0.0,0.0
2004-06-21,0.0,0.0,0.0
2004-06-22,0.0,0.0,0.0
2004-06-23,0.0,0.3,0.0
2004-06-24,0.0,0.0,0.0
2004-06-25,0.0,0.0,0.0
2004-06-26,0.0,0.0,0.0
2004-06-27,0.0,0.0,0.0
2004-06-28,0.0,0.0,0.0
2004-06-29,0.0,0.0,0.0
2004-06-30,0.0,0.0,0.0
2004-07-01,0.0,1.7,0.9
2004-07-02,0.0,0.0,0.0
2004-07-03,0.0,1.3,0.9
2004-07-04,0.0,0.4,0.0
2004-07-05,0.0,0.1,0.0
2004-07-06,0.0,0.0,0.0
2004-07-07,0.0,0.6,0.0
2004-07-08,0.0,0.0,0.0
2004-07-09,0.0,1.8,1.1
2004-07-10,0.0,0.6,0.0
2004-07-11,0.0,0.3,0.0
2004-07-12,0.0,0.0,0.0
2004-07-13,0.0,0.0,0.0
2004-07-14,7.0,0.0,0.0
2004-07-15,0.0,0.2,0.0
2004-07-16,3.0,0.2,0.0
2004-07-17,0.0,0.0,0.0
2004-07-18,0.0,0.0,0.0
2004-07-19,0.0,2.2,3.1
2004-07-20,0.0,0.0,0.0
2004-07-21,0.0,0.0,0.0
2004-07-22,0.0,0.0,0.0
2004-07-23,0.0,0.1,0.0
2004-07-24,0.0,0.0,0.0
2004-07-25,0.0,0.0,0.0
2004-07-26,0.0,0.0,0.0
2004-07-27,0.0,0.0,0.0
2004-07-28,0.0,0.0,0.0
2004-07-29,0.0,0.0,0.0
2004-07-30,0.0,0.0,0.0
2004-07-31,0.0,0.0,0.0
2004-08-01,0.0,0.0,0.0
2004-08-02,0.0,1.6,1.7
2004-08-03,0.0,0.0,0.0
2004-08-04,0.0,8.7,7.9
2004-08-05,0.0,0.0,0.0
2004-08-06,0.0,0.0,0.0
2004-08-07,0.0,0.0,0.0
2004-08-08,0.0,2.2,2.4
2004-08-09,0.0,0.0,0.0
2004-08-10,0.0,0.0,0.0
2004-08-11,0.0,0.0,0.0
2004-08-12,0.0,0.0,0.0
2004-08-13,0.0,2.3,3.1
2004-08-14,0.0,0.0,0.0
2004-08-15,0.0,0.0,0.0
2004-08-16,0.0,0.0,0.0
2004-08-17,0.0,0.0,0.0
2004-08-18,0.0,0.0,0.0
2004-08-19,0.0,0.0,0.0
2004-08-20,0.0,0.0,0.0
2004-08-21,0.0,0.5,0.0
2004-08-22,0.0,0.0,0.0
2004-08-23,0.0,0.0,0.0
2004-08-24,0.0,0.0,0.0
2004-08-25,0.0,0.0,0.0
2004-08-26,0.0,0.6,0.0
2004-08-27,0.0,0.0,0.0
2004-08-28,0.0,0.0,0.0
2004-08-29,0.0,0.0,0.0
2004-08-30,0.0,0.0,0.0
2004-08-31,0.0,0.0,0.0
2004-09-01,0.0,0.0,0.0
2004-09-02,0.0,0.0,0.0
2004-09-03,0.0,0.1,0.0
2004-09-04,0.0,0.0,0.0
2004-09-05,0.0,0.0,0.0
2004-09-06,0.0,0.0,0.0
2004-09-07,0.0,0.0,0.0
2004-09-08,0.0,0.0,0.0
2004-09-09,0.0,0.0,0.0
2004-09-10,0.0,1.0,0.0
2004-09-11,0.0,0.5,0.0
2004-09-12,0.0,0.2,0.0
2004-09-13,0.0,0.0,0.0
2004-09-14,11.0,0.0,0.0
2004-09-15,0.0,0.0,0.0
2004-09-16,0.0,0.0,0.0
2004-09-17,0.0,0.0,0.0
2004-09-18,0.0,13.7,22.6
2004-09-19,43.0,0.5,0.0
2004-09-20,0.0,0.0,0.0
2004-09-21,0.0,8.7,10.3
2004-09-22,0.0,0.0,0.0
2004-09-23,0.0,0.0,0.0
2004-09-24,0.0,0.0,0.0
2004-09-25,0.0,0.0,0.0
2004-09-26,0.0,0.0,0.0
2004-09-27,0.0,0.0,0.0
2004-09-28,0.0,0.0,0.0
2004-09-29,0.0,0.0,0.0
2004-09-30,0.0,1.0,4.4
2004-10-01,0.0,0.0,0.0
2004-10-02,0.0,0.0,0.0
2004-10-03,0.0,0.1,0.0
2004-10-04,0.0,0.0,0.0
2004-10-05,0.0,0.0,0.0
2004-10-06,0.0,0.0,0.0
2004-10-07,0.0,18.2,14.6
2004-10-08,0.0,0.0,0.0
2004-10-09,0.0,0.0,0.0
2004-10-10,0.0,0.0,0.0
2004-10-11,0.0,0.2,0.0
2004-10-12,0.0,0.0,0.0
2004-10-13,0.0,0.0,0.0
2004-10-14,0.0,0.0,0.0
2004-10-15,0.0,0.0,0.0
2004-10-16,0.0,0.0,0.0
2004-10-17,0.0,1.2,3.1
2004-10-18,0.0,0.0,0.0
2004-10-19,0.0,0.2,0.0
2004-10-20,2.0,0.0,0.0
2004-10-21,0.0,0.0,0.0
2004-10-22,0.0,0.0,0.0
2004-10-23,0.0,0.0,0.0
2004-10-24,17.0,0.6,0.0
2004-10-25,79.0,0.0,0.0
2004-10-26,15.0,0.0,0.0
2004-10-27,0.0,0.0,0.0
2004-10-28,0.0,0.2,0.0
2004-10-29,2.0,32.5,29.7
2004-10-30,76.0,0.0,0.0
2004-10-31,0.0,0.0,0.0
2004-11-01,14.0,6.3,6.6
2004-11-02,4.0,0.0,0.0
2004-11-03,0.0,0.3,0.0
2004-11-04,5.0,0.0,0.0
2004-11-05,0.0,0.1,0.0
2004-11-06,0.0,0.0,0.0
2004-11-07,0.0,0.0,0.0
2004-11-08,0.0,18.8,21.2
2004-11-09,2.0,21.2,23.9
2004-11-10,1.0,0.0,0.0
2004-11-11,0.0,17.2,16.5
2004-11-12,17.0,0.0,0.0
2004-11-13,6.0,0.6,0.0
2004-11-14,0.0,0.1,0.0
2004-11-15,0.0,0.0,0.0
2004-11-16,0.0,0.0,0.0
2004-11-17,0.0,0.0,0.0
2004-11-18,0.0,0.0,0.0
2004-11-19,0.0,0.0,0.0
2004-11-20,8.0,2.3,2.3
2004-11-21,42.0,10.9,6.9
2004-11-22,63.0,7.0,3.3
2004-11-23,30.0,58.4,72.1
2004-11-24,3.0,10.8,6.8
2004-11-25,21.0,50.2,61.5
2004-11-26,56.0,3.3,1.0
2004-11-27,0.0,20.0,16.8
2004-11-28,17.0,35.8,39.6
2004-11-29,6.0,33.5,36.8
2004-11-30,5.0,43.2,50.4
2004-12-01,7.0,8.7,6.1
2004-12-02,5.0,18.1,15.6
2004-12-03,2.0,25.9,25.9
2004-12-04,3.0,0.7,0.0
2004-12-05,0.0,4.7,2.3
2004-12-06,0.0,2.3,1.0
2004-12-07,8.0,1.6,0.0
2004-12-08,38.0,0.6,0.0
2004-12-09,0.0,1.7,1.0
2004-12-10,1.0,0.2,0.0
2004-12-11,0.0,0.0,0.0
2004-12-12,0.0,0.0,0.0
2004-12-13,0.0,0.0,0.0
2004-12-14,0.0,0.6,0.0
2004-12-15,6.0,4.9,2.0
2004-12-16,32.0,5.2,2.2
2004-12-17,9.0,12.1,8.1
2004-12-18,17.0,1.6,0.0
2004-12-19,14.0,1.3,0.0
2004-12-20,0.0,5.2,2.2
2004-12-21,25.0,23.0,27.7
2004-12-22,17.0,44.0,61.5
2004-12-23,6.0,27.5,33.2
2004-12-24,7.0,39.1,53.2
2004-12-25,0.0,36.0,46.9
2004-12-26,0.0,21.9,22.5
2004-12-27,0.0,54.3,83.1
2004-12-28,46.0,25.9,32.2
2004-12-29,29.0,9.8,7.4
2004-12-30,1.0,14.9,13.9
2004-12-31,1.0,1.6,0.0
2005-01-01,0.0,0.0,0.0
2005-01-02,0.0,0.1,0.0
2005-01-03,0.0,0.8,0.0
2005-01-04,0.0,0.1,0.0
2005-01-05,0.0,0.3,0.0
2005-01-06,0.0,0.0,0.0
2005-01-07,0.0,0.0,0.0
2005-01-08,0.0,0.0,0.0
2005-01-09,0.0,0.1,0.0
2005-01-10,2.0,0.2,0.0
2005-01-11,0.0,0.0,0.0
2005-01-12,0.0,0.1,0.0
2005-01-13,0.0,0.0,0.0
2005-01-14,0.0,1.3,1.0
2005-01-15,1.0,1.2,1.0
2005-01-16,10.0,1.7,1.3
2005-01-17,1.0,4.2,4.3
2005-01-18,3.0,2.6,2.3
2005-01-19,0.0,8.7,9.9
2005-01-20,6.0,10.8,12.6
2005-01-21,2.0,4.1,4.0
2005-01-22,1.0,0.2,0.0
2005-01-23,0.0,0.1,0.0
2005-01-24,0.0,0.0,0.0
2005-01-25,0.0,0.2,0.0
2005-01-26,0.0,0.0,0.0
2005-01-27,0.0,1.3,1.2
2005-01-28,0.0,1.9,1.8
2005-01-29,0.0,18.9,19.2
2005-01-30,0.0,2.8,2.7
2005-01-31,0.0,0.5,0.0
2005-02-01,17.0,66.0,62.4
2005-02-02,22.0,5.1,5.0
2005-02-03,20.0,10.5,9.7
2005-02-04,10.0,1.0,0.0
2005-02-05,3.0,0.6,0.0
2005-02-06,9.0,0.2,0.0
2005-02-07,0.0,0.2,0.0
2005-02-08,3.0,0.2,0.0
2005-02-09,0.0,0.3,0.0
2005-02-10,0.0,1.5,2.1
2005-02-11,0.0,16.1,19.0
2005-02-12,0.0,15.9,18.9
2005-02-13,0.0,11.3,13.0
2005-02-14,14.0,3.1,2.8
2005-02-15,11.0,2.2,1.8
2005-02-16,0.0,0.7,0.0
2005-02-17,35.0,1.5,1.0
2005-02-18,0.0,0.0,0.0
2005-02-19,0.0,10.5,11.9
2005-02-20,0.0,0.9,1.0
2005-02-21,0.0,4.7,4.9
2005-02-22,4.0,0.6,0.0
2005-02-23,4.0,3.6,3.7
2005-02-24,3.0,8.9,9.9
2005-02-25,3.0,22.3,30.8
2005-02-26,0.0,0.7,0.0
2005-02-27,23.0,0.7,0.0
2005-02-28,0.0,0.4,0.0
2005-03-01,0.0,6.1,5.6
2005-03-02,2.0,0.0,0.0
2005-03-03,2.0,0.2,0.0
2005-03-04,11.0,10.2,9.5
2005-03-05,0.0,9.2,8.5
2005-03-06,1.0,6.9,6.3
2005-03-07,8.0,1.4,1.1
2005-03-08,17.0,3.7,3.3
2005-03-09,0.0,13.8,13.2
2005-03-10,2.0,2.4,2.1
2005-03-11,1.0,2.0,3.0
2005-03-12,1.0,1.1,2.1
2005-03-13,0.0,0.0,0.0
2005-03-14,0.0,0.4,0.0
2005-03-15,3.0,6.0,6.7
2005-03-16,0.0,0.0,0.0
2005-03-17,0.0,0.0,0.0
2005-03-18,0.0,0.0,0.0
2005-03-19,0.0,0.0,0.0
2005-03-20,9.0,0.0,0.0
2005-03-21,0.0,0.8,0.0
2005-03-22,0.0,0.8,0.0
2005-03-23,0.0,0.0,0.0
2005-03-24,0.0,0.8,0.0
2005-03-25,0.0,4.2,3.5
2005-03-26,1.0,5.3,4.7
2005-03-27,17.0,20.9,23.5
2005-03-28,17.0,45.6,62.9
2005-03-29,42.0,4.8,4.2
2005-03-30,1.0,0.7,0.0
2005-03-31,2.0,37.9,49.8
2005-04-01,16.0,60.5,66.3
2005-04-02,11.0,22.0,26.4
2005-04-03,6.0,7.6,7.3
2005-04-04,1.0,3.2,2.6
2005-04-05,0.0,3.1,2.5
2005-04-06,27.0,8.8,8.6
2005-04-07,9.0,76.2,67.3
2005-04-08,82.0,11.7,12.7
2005-04-09,6.0,3.0,2.5
2005-04-10,11.0,1.7,1.1
2005-04-11,1.0,1.4,3.4
2005-04-12,0.0,23.5,18.3
2005-04-13,1.0,1.7,3.6
2005-04-14,0.0,0.5,0.0
2005-04-15,1.0,0.4,0.0
2005-04-16,1.0,0.3,0.0
2005-04-17,5.0,0.5,0.0
2005-04-18,1.0,0.3,0.0
2005-04-19,3.0,0.0,0.0
2005-04-20,0.0,0.1,0.0
2005-04-21,0.0,0.0,0.0
2005-04-22,0.0,0.1,0.0
2005-04-23,0.0,0.0,0.0
2005-04-24,0.0,0.0,0.0
2005-04-25,0.0,0.0,0.0
2005-04-26,0.0,0.0,0.0
2005-04-27,0.0,0.0,0.0
2005-04-28,0.0,0.0,0.0
2005-04-29,1.0,1.0,1.5
2005-04-30,0.0,0.2,0.0
2005-05-01,0.0,0.0,0.0
2005-05-02,0.0,0.0,0.0
2005-05-03,0.0,0.0,0.0
2005-05-04,0.0,0.0,0.0
2005-05-05,0.0,0.0,0.0
2005-05-06,0.0,0.0,0.0
2005-05-07,0.0,0.4,0.0
2005-05-08,0.0,0.0,0.0
2005-05-09,0.0,0.0,0.0
2005-05-10,0.0,2.8,1.2
2005-05-11,0.0,0.1,0.0
2005-05-12,0.0,0.0,0.0
2005-05-13,0.0,0.0,0.0
2005-05-14,0.0,0.0,0.0
2005-05-15,0.0,0.0,0.0
2005-05-16,0.0,0.3,0.0
2005-05-17,0.0,0.0,0.0
2005-05-18,0.0,0.0,0.0
2005-05-19,0.0,0.0,0.0
2005-05-20,0.0,0.0,0.0
2005-05-21,0.0,0.0,0.0
2005-05-22,0.0,0.1,0.0
2005-05-23,0.0,0.0,0.0
2005-05-24,0.0,0.0,0.0
2005-05-25,0.0,0.2,0.0
2005-05-26,0.0,0.0,0.0
2005-05-27,0.0,0.0,0.0
2005-05-28,0.0,0.0,0.0
2005-05-29,0.0,0.0,0.0
2005-05-30,0.0,0.0,0.0
2005-05-31,0.0,0.0,0.0
2005-06-01,0.0,0.0,0.0
2005-06-02,0.0,0.0,0.0
2005-06-03,0.0,0.0,0.0
2005-06-04,0.0,0.0,0.0
2005-06-05,0.0,0.1,0.0
2005-06-06,0.0,0.0,0.0
2005-06-07,0.0,0.2,0.0
2005-06-08,0.0,0.0,0.0
2005-06-09,0.0,0.2,0.0
2005-06-10,0.0,0.1,0.0
2005-06-11,0.0,0.1,0.0
2005-06-12,0.0,0.0,0.0
2005-06-13,16.0,0.0,0.0
2005-06-14,0.0,0.0,0.0
2005-06-15,0.0,0.0,0.0
2005-06-16,0.0,0.0,0.0
2005-06-17,0.0,0.1,0.0
2005-06-18,0.0,0.0,0.0
2005-06-19,0.0,0.0,0.0
2005-06-20,0.0,0.1,0.0
2005-06-21,0.0,0.0,0.0
2005-06-22,1.0,1.0,5.5
2005-06-23,0.0,12.5,36.5
2005-06-24,4.0,0.4,0.0
2005-06-25,0.0,0.6,3.3
2005-06-26,0.0,3.8,8.1
2005-06-27,0.0,0.0,0.0
2005-06-28,0.0,0.0,0.0
2005-06-29,0.0,0.0,0.0
2005-06-30,0.0,0.0,0.0
2005-07-01,0.0,0.0,0.0
2005-07-02,0.0,0.0,0.0
2005-07-03,0.0,0.0,0.0
2005-07-04,0.0,0.0,0.0
2005-07-05,0.0,0.4,0.0
2005-07-06,27.0,0.1,0.0
2005-07-07,0.0,26.9,37.0
2005-07-08,42.0,20.2,27.2
2005-07-09,11.0,0.0,0.0
2005-07-10,0.0,0.0,0.0
2005-07-11,0.0,0.0,0.0
2005-07-12,0.0,0.1,0.0
2005-07-13,0.0,0.2,0.0
2005-07-14,0.0,2.3,3.6
2005-07-15,0.0,0.2,0.0
2005-07-16,0.0,0.0,0.0
2005-07-17,0.0,0.0,0.0
2005-07-18,0.0,0.0,0.0
2005-07-19,0.0,0.0,0.0
2005-07-20,0.0,0.2,0.0
2005-07-21,0.0,0.0,0.0
2005-07-22,0.0,0.0,0.0
2005-07-23,0.0,7.3,98.5
2005-07-24,0.0,0.0,0.0
2005-07-25,0.0,0.0,0.0
2005-07-26,0.0,0.0,0.0
2005-07-27,0.0,0.0,0.0
2005-07-28,0.0,0.0,0.0
2005-07-29,0.0,0.0,0.0
2005-07-30,0.0,0.1,0.0
2005-07-31,0.0,0.0,0.0
2005-08-01,0.0,0.0,0.0
2005-08-02,0.0,0.0,0.0
2005-08-03,0.0,0.0,0.0
2005-08-04,0.0,0.0,0.0
2005-08-05,0.0,0.0,0.0
2005-08-06,0.0,0.0,0.0
2005-08-07,0.0,0.1,0.0
2005-08-08,0.0,0.0,0.0
2005-08-09,0.0,0.0,0.0
2005-08-10,0.0,0.5,0.0
2005-08-11,0.0,0.0,0.0
2005-08-12,0.0,0.0,0.0
2005-08-13,0.0,0.0,0.0
2005-08-14,0.0,0.0,0.0
2005-08-15,0.0,0.0,0.0
2005-08-16,0.0,0.0,0.0
2005-08-17,0.0,0.0,0.0
2005-08-18,8.0,0.0,0.0
2005-08-19,0.0,0.4,0.0
2005-08-20,0.0,1.3,2.6
2005-08-21,0.0,0.0,0.0
2005-08-22,0.0,0.1,0.0
2005-08-23,0.0,0.0,0.0
2005-08-24,0.0,0.3,0.0
2005-08-25,0.0,0.0,0.0
2005-08-26,0.0,0.0,0.0
2005-08-27,0.0,0.6,0.0
2005-08-28,0.0,0.6,0.0
2005-08-29,2.0,0.1,0.0
2005-08-30,0.0,0.1,0.0
2005-08-31,0.0,0.0,0.0
2005-09-01,0.0,0.0,0.0
2005-09-02,0.0,0.0,0.0
2005-09-03,0.0,0.0,0.0
2005-09-04,0.0,0.1,0.0
2005-09-05,0.0,0.0,0.0
2005-09-06,0.0,0.2,0.0
2005-09-07,0.0,0.0,0.0
2005-09-08,0.0,0.6,0.0
2005-09-09,0.0,0.0,0.0
2005-09-10,0.0,0.3,0.0
2005-09-11,0.0,0.0,0.0
2005-09-12,0.0,0.0,0.0
2005-09-13,0.0,0.0,0.0
2005-09-14,0.0,0.0,0.0
2005-09-15,0.0,0.0,0.0
2005-09-16,0.0,0.0,0.0
2005-09-17,0.0,0.0,0.0
2005-09-18,0.0,0.0,0.0
2005-09-19,0.0,0.0,0.0
2005-09-20,0.0,0.3,0.0
2005-09-21,0.0,0.0,0.0
2005-09-22,34.0,0.0,0.0
2005-09-23,0.0,0.2,0.0
2005-09-24,0.0,0.2,0.0
2005-09-25,2.0,0.7,0.0
2005-09-26,0.0,0.1,0.0
2005-09-27,0.0,0.1,0.0
2005-09-28,0.0,0.0,0.0
2005-09-29,0.0,0.0,0.0
2005-09-30,0.0,0.0,0.0
2005-10-01,0.0,0.0,0.0
2005-10-02,0.0,0.9,2.6
2005-10-03,0.0,0.0,0.0
2005-10-04,0.0,0.1,0.0
2005-10-05,0.0,0.0,0.0
2005-10-06,0.0,0.0,0.0
2005-10-07,0.0,1.1,2.9
2005-10-08,0.0,0.0,0.0
2005-10-09,0.0,0.1,0.0
2005-10-10,6.0,0.0,0.0
2005-10-11,1.0,0.2,0.0
2005-10-12,46.0,0.0,0.0
2005-10-13,0.0,0.0,0.0
2005-10-14,0.0,0.0,0.0
2005-10-15,2.0,7.4,10.3
2005-10-16,0.0,0.7,0.0
2005-10-17,0.0,62.5,57.5
2005-10-18,1.0,11.1,14.2
2005-10-19,2.0,51.2,56.2
2005-10-20,9.0,1.0,3.1
2005-10-21,5.0,3.4,5.5
2005-10-22,0.0,4.8,6.7
2005-10-23,79.0,0.1,0.0
2005-10-24,90.0,0.0,0.0
2005-10-25,10.0,0.0,0.0
2005-10-26,7.0,0.1,0.0
2005-10-27,3.0,0.0,0.0
2005-10-28,0.0,1.0,0.0
2005-10-29,0.0,0.7,0.0
2005-10-30,0.0,0.1,0.0
2005-10-31,0.0,0.0,0.0
2005-11-01,4.0,0.0,0.0
2005-11-02,6.0,0.0,0.0
2005-11-03,0.0,0.0,0.0
2005-11-04,0.0,0.0,0.0
2005-11-05,0.0,0.6,0.0
2005-11-06,0.0,0.6,0.0
2005-11-07,0.0,0.7,0.0
2005-11-08,0.0,0.3,0.0
2005-11-09,0.0,0.0,0.0
2005-11-10,0.0,0.4,0.0
2005-11-11,0.0,0.0,0.0
2005-11-12,0.0,0.0,0.0
2005-11-13,0.0,0.0,0.0
2005-11-14,0.0,0.0,0.0
2005-11-15,0.0,0.0,0.0
2005-11-16,0.0,0.1,0.0
2005-11-17,0.0,2.0,2.1
2005-11-18,49.0,2.0,2.1
2005-11-19,39.0,3.8,3.8
2005-11-20,4.0,22.2,22.3
2005-11-21,8.0,8.1,4.3
2005-11-22,4.0,2.6,1.0
2005-11-23,81.0,1.4,0.0
2005-11-24,34.0,0.0,0.0
2005-11-25,0.0,0.0,0.0
2005-11-26,0.0,0.0,0.0
2005-11-27,0.0,0.0,0.0
2005-11-28,0.0,12.9,8.9
2005-11-29,26.0,1.1,0.0
2005-11-30,17.0,11.0,7.0
2005-12-01,0.0,18.2,15.9
2005-12-02,1.0,25.0,24.6
2005-12-03,1.0,27.8,30.4
2005-12-04,0.0,9.1,6.5
2005-12-05,0.0,11.1,8.5
2005-12-06,8.0,8.3,5.7
2005-12-07,5.0,10.8,8.2
2005-12-08,1.0,4.3,2.0
2005-12-09,2.0,42.4,56.8
2005-12-10,2.0,51.4,73.1
2005-12-11,13.0,25.2,20.9
2005-12-12,28.0,17.8,13.2
2005-12-13,0.0,17.3,12.7
2005-12-14,4.0,20.3,15.5
2005-12-15,9.0,14.5,10.2
2005-12-16,10.0,20.4,16.2
2005-12-17,3.0,4.9,2.0
2005-12-18,13.0,46.0,42.9
2005-12-19,1.0,22.9,17.9
2005-12-20,32.0,14.6,10.3
2005-12-21,0.0,19.4,19.9
2005-12-22,5.0,30.3,37.3
2005-12-23,0.0,0.4,0.0
2005-12-24,13.0,13.1,11.5
2005-12-25,22.0,4.7,1.5
2005-12-26,2.0,15.2,14.2
2005-12-27,9.0,20.7,21.5
2005-12-28,3.0,6.8,3.8
2005-12-29,1.0,4.8,1.6
2005-12-30,80.0,52.7,79.2
2005-12-31,36.0,11.6,9.6
2006-01-01,36.0,8.0,7.8
2006-01-02,8.0,0.9,0.0
2006-01-03,0.0,12.8,13.2
2006-01-04,4.0,24.4,30.3
2006-01-05,3.0,23.3,28.1
2006-01-06,23.0,6.2,6.0
2006-01-07,7.0,13.8,14.3
2006-01-08,11.0,4.5,4.2
2006-01-09,2.0,18.1,19.4
2006-01-10,0.0,1.6,1.5
2006-01-11,0.0,0.0,0.0
2006-01-12,7.0,0.6,0.0
2006-01-13,2.0,0.2,0.0
2006-01-14,0.0,0.4,0.0
2006-01-15,0.0,10.9,12.8
2006-01-16,1.0,12.5,16.1
2006-01-17,22.0,15.5,22.0
2006-01-18,5.0,5.8,6.3
2006-01-19,4.0,4.0,4.0
2006-01-20,4.0,11.0,12.9
2006-01-21,0.0,23.7,25.3
2006-01-22,5.0,18.7,19.7
2006-01-23,25.0,0.5,0.0
2006-01-24,2.0,1.9,1.8
2006-01-25,14.0,12.3,12.6
2006-01-26,15.0,28.5,32.0
2006-01-27,7.0,10.9,11.1
2006-01-28,6.0,12.7,13.1
2006-01-29,12.0,2.1,2.0
2006-01-30,0.0,1.3,1.2
2006-01-31,12.0,7.7,7.8
2006-02-01,25.0,5.4,5.3
2006-02-02,10.0,1.6,2.2
2006-02-03,28.0,0.3,0.0
2006-02-04,16.0,0.5,0.0
2006-02-05,0.0,0.0,0.0
2006-02-06,1.0,0.7,0.0
2006-02-07,0.0,0.2,0.0
2006-02-08,0.0,0.0,0.0
2006-02-09,0.0,0.0,0.0
2006-02-10,0.0,0.0,0.0
2006-02-11,0.0,0.0,0.0
2006-02-12,0.0,0.0,0.0
2006-02-13,0.0,0.1,0.0
2006-02-14,1.0,2.2,1.7
2006-02-15,66.0,0.5,0.0
2006-02-16,1.0,7.2,7.7
2006-02-17,0.0,6.9,7.3
2006-02-18,9.0,15.9,18.5
2006-02-19,0.0,14.3,17.1
2006-02-20,0.0,6.6,7.0
2006-02-21,3.0,5.5,5.9
2006-02-22,2.0,5.7,6.1
2006-02-23,4.0,6.1,6.5
2006-02-24,1.0,16.2,18.2
2006-02-25,0.0,52.2,66.8
2006-02-26,57.0,6.8,7.4
2006-02-27,26.0,10.7,12.0
2006-02-28,0.0,4.1,4.3
2006-03-01,11.0,9.9,9.3
2006-03-02,2.0,42.9,54.6
2006-03-03,16.0,6.3,5.8
2006-03-04,1.0,5.7,5.2
2006-03-05,9.0,57.2,68.3
2006-03-06,26.0,12.0,11.3
2006-03-07,25.0,0.4,0.0
2006-03-08,0.0,3.4,3.0
2006-03-09,25.0,0.1,0.0
2006-03-10,0.0,0.8,0.0
2006-03-11,0.0,0.0,0.0
2006-03-12,0.0,0.2,0.0
2006-03-13,0.0,0.0,0.0
2006-03-14,0.0,0.4,0.0
2006-03-15,15.0,0.4,0.0
2006-03-16,3.0,5.6,6.4
2006-03-17,2.0,0.0,0.0
2006-03-18,0.0,14.5,13.8
2006-03-19,0.0,22.8,27.7
2006-03-20,32.0,6.4,7.1
2006-03-21,23.0,13.9,14.3
2006-03-22,47.0,1.8,1.0
2006-03-23,3.0,0.3,0.0
2006-03-24,0.0,1.7,1.0
2006-03-25,0.0,2.6,1.8
2006-03-26,0.0,0.9,0.0
2006-03-27,0.0,1.0,1.0
2006-03-28,0.0,15.5,16.3
2006-03-29,45.0,13.1,13.9
2006-03-30,5.0,21.6,24.3
2006-03-31,40.0,77.6,125.1
2006-04-01,29.0,29.4,36.5
2006-04-02,4.0,6.7,6.3
2006-04-03,2.0,2.8,2.2
2006-04-04,0.0,0.5,0.0
2006-04-05,0.0,1.9,1.3
2006-04-06,8.0,2.6,2.0
2006-04-07,12.0,0.4,0.0
2006-04-08,1.0,0.3,0.0
2006-04-09,0.0,12.5,12.3
2006-04-10,0.0,28.3,34.9
2006-04-11,2.0,0.0,0.0
2006-04-12,33.0,18.7,14.3
2006-04-13,0.0,1.4,3.5
2006-04-14,0.0,0.1,0.0
2006-04-15,1.0,0.8,0.0
2006-04-16,13.0,2.3,4.1
2006-04-17,0.0,1.5,3.5
2006-04-18,1.0,4.0,5.4
2006-04-19,18.0,0.4,0.0
2006-04-20,20.0,13.3,12.2
2006-04-21,4.0,2.2,3.9
2006-04-22,0.0,0.1,0.0
2006-04-23,0.0,0.2,0.0
2006-04-24,5.0,0.1,0.0
2006-04-25,0.0,0.4,0.0
2006-04-26,0.0,0.0,0.0
2006-04-27,0.0,0.1,0.0
2006-04-28,0.0,0.1,0.0
2006-04-29,0.0,0.0,0.0
2006-04-30,0.0,0.0,0.0
2006-05-01,0.0,0.0,0.0
2006-05-02,0.0,0.0,0.0
2006-05-03,0.0,0.0,0.0
2006-05-04,28.0,0.0,0.0
2006-05-05,0.0,0.0,0.0
2006-05-06,0.0,11.0,10.8
2006-05-07,1.0,4.6,3.5
2006-05-08,40.0,8.5,7.5
2006-05-09,39.0,0.0,0.0
2006-05-10,0.0,0.0,0.0
2006-05-11,0.0,0.0,0.0
2006-05-12,0.0,0.0,0.0
2006-05-13,0.0,0.4,0.0
2006-05-14,0.0,0.0,0.0
2006-05-15,8.0,3.3,1.5
2006-05-16,0.0,0.0,0.0
2006-05-17,0.0,0.0,0.0
2006-05-18,0.0,0.0,0.0
2006-05-19,0.0,0.0,0.0
2006-05-20,0.0,2.7,1.0
2006-05-21,4.0,0.0,0.0
2006-05-22,1.0,26.3,38.6
2006-05-23,9.0,7.4,7.5
2006-05-24,0.0,1.3,0.0
2006-05-25,0.0,14.3,15.4
2006-05-26,0.0,2.7,1.5
2006-05-27,1.0,5.4,5.0
2006-05-28,1.0,0.2,0.0
2006-05-29,1.0,0.0,0.0
2006-05-30,0.0,0.0,0.0
2006-05-31,0.0,0.0,0.0
2006-06-01,0.0,0.0,0.0
2006-06-02,0.0,0.9,0.0
2006-06-03,0.0,0.0,0.0
2006-06-04,0.0,0.3,0.0
2006-06-05,0.0,0.3,0.0
2006-06-06,0.0,0.2,0.0
2006-06-07,0.0,0.0,0.0
2006-06-08,0.0,0.0,0.0
2006-06-09,0.0,0.3,0.0
2006-06-10,0.0,0.2,0.0
2006-06-11,0.0,0.2,0.0
2006-06-12,0.0,0.3,0.0
2006-06-13,0.0,0.0,0.0
2006-06-14,0.0,0.0,0.0
2006-06-15,0.0,0.0,0.0
2006-06-16,0.0,0.3,0.0
2006-06-17,0.0,0.0,0.0
2006-06-18,0.0,5.7,6.0
2006-06-19,3.0,0.2,0.0
2006-06-20,0.0,1.2,2.6
2006-06-21,0.0,0.5,0.0
2006-06-22,0.0,0.0,0.0
2006-06-23,0.0,0.0,0.0
2006-06-24,0.0,0.0,0.0
2006-06-25,0.0,0.0,0.0
2006-06-26,0.0,0.0,0.0
2006-06-27,0.0,0.0,0.0
2006-06-28,0.0,0.0,0.0
2006-06-29,0.0,0.0,0.0
2006-06-30,0.0,0.0,0.0
2006-07-01,30.0,0.4,0.0
2006-07-02,0.0,0.0,0.0
2006-07-03,1.0,0.0,0.0
2006-07-04,0.0,0.0,0.0
2006-07-05,0.0,0.2,0.0
2006-07-06,0.0,0.0,0.0
2006-07-07,0.0,0.0,0.0
2006-07-08,0.0,0.0,0.0
2006-07-09,0.0,0.0,0.0
2006-07-10,0.0,0.0,0.0
2006-07-11,0.0,0.0,0.0
2006-07-12,0.0,13.2,60.1
2006-07-13,0.0,2.2,2.9
2006-07-14,0.0,0.0,0.0
2006-07-15,0.0,0.0,0.0
2006-07-16,0.0,0.0,0.0
2006-07-17,0.0,1.8,1.8
2006-07-18,0.0,2.1,2.9
2006-07-19,0.0,0.0,0.0
2006-07-20,0.0,0.0,0.0
2006-07-21,0.0,0.0,0.0
2006-07-22,0.0,0.0,0.0
2006-07-23,0.0,0.0,0.0
2006-07-24,0.0,0.1,0.0
2006-07-25,0.0,0.2,0.0
2006-07-26,0.0,0.2,0.0
2006-07-27,2.0,0.0,0.0
2006-07-28,0.0,0.2,0.0
2006-07-29,0.0,0.0,0.0
2006-07-30,0.0,0.0,0.0
2006-07-31,0.0,0.0,0.0
2006-08-01,0.0,0.0,0.0
2006-08-02,0.0,0.0,0.0
2006-08-03,0.0,0.0,0.0
2006-08-04,0.0,0.0,0.0
2006-08-05,0.0,0.0,0.0
2006-08-06,0.0,0.0,0.0
2006-08-07,0.0,0.0,0.0
2006-08-08,0.0,0.0,0.0
2006-08-09,0.0,0.0,0.0
2006-08-10,0.0,0.0,0.0
2006-08-11,0.0,0.0,0.0
2006-08-12,0.0,0.0,0.0
2006-08-13,0.0,0.0,0.0
2006-08-14,0.0,0.0,0.0
2006-08-15,0.0,0.0,0.0
2006-08-16,0.0,0.0,0.0
2006-08-17,0.0,0.2,0.0
2006-08-18,0.0,0.0,0.0
2006-08-19,0.0,0.0,0.0
2006-08-20,0.0,0.0,0.0
2006-08-21,0.0,0.1,0.0
2006-08-22,1.0,0.0,0.0
2006-08-23,0.0,0.0,0.0
2006-08-24,0.0,0.0,0.0
2006-08-25,0.0,0.0,0.0
2006-08-26,0.0,0.0,0.0
2006-08-27,0.0,0.0,0.0
2006-08-28,0.0,0.0,0.0
2006-08-29,0.0,0.0,0.0
2006-08-30,0.0,0.0,0.0
2006-08-31,0.0,0.0,0.0
2006-09-01,0.0,0.0,0.0
2006-09-02,0.0,0.0,0.0
2006-09-03,0.0,0.0,0.0
2006-09-04,0.0,0.0,0.0
2006-09-05,0.0,0.0,0.0
2006-09-06,0.0,0.0,0.0
2006-09-07,0.0,0.0,0.0
2006-09-08,0.0,0.1,0.0
2006-09-09,0.0,0.0,0.0
2006-09-10,0.0,0.0,0.0
2006-09-11,0.0,0.0,0.0
2006-09-12,0.0,0.0,0.0
2006-09-13,0.0,0.0,0.0
2006-09-14,0.0,0.1,0.0
2006-09-15,0.0,4.1,9.5
2006-09-16,0.0,0.2,0.0
2006-09-17,0.0,0.0,0.0
2006-09-18,0.0,0.2,0.0
2006-09-19,0.0,0.0,0.0
2006-09-20,0.0,0.0,0.0
2006-09-21,0.0,0.0,0.0
2006-09-22,0.0,0.0,0.0
2006-09-23,0.0,0.0,0.0
2006-09-24,0.0,0.0,0.0
2006-09-25,0.0,0.0,0.0
2006-09-26,0.0,0.0,0.0
2006-09-27,0.0,0.4,0.0
2006-09-28,0.0,0.0,0.0
2006-09-29,0.0,0.0,0.0
2006-09-30,0.0,0.0,0.0
2006-10-01,0.0,0.0,0.0
2006-10-02,9.0,0.0,0.0
2006-10-03,0.0,0.0,0.0
2006-10-04,0.0,0.0,0.0
2006-10-05,0.0,0.0,0.0
2006-10-06,0.0,0.0,0.0
2006-10-07,0.0,0.2,0.0
2006-10-08,13.0,0.0,0.0
2006-10-09,0.0,0.0,0.0
2006-10-10,0.0,0.0,0.0
2006-10-11,0.0,0.0,0.0
2006-10-12,0.0,0.0,0.0
2006-10-13,0.0,0.0,0.0
2006-10-14,0.0,0.0,0.0
2006-10-15,2.0,0.3,0.0
2006-10-16,6.0,0.0,0.0
2006-10-17,0.0,0.0,0.0
2006-10-18,0.0,0.0,0.0
2006-10-19,0.0,0.0,0.0
2006-10-20,0.0,0.0,0.0
2006-10-21,0.0,0.2,0.0
2006-10-22,0.0,0.0,0.0
2006-10-23,0.0,0.0,0.0
2006-10-24,0.0,0.0,0.0
2006-10-25,0.0,0.4,0.0
2006-10-26,0.0,0.0,0.0
2006-10-27,0.0,0.0,0.0
2006-10-28,0.0,0.0,0.0
2006-10-29,0.0,0.0,0.0
2006-10-30,0.0,0.1,0.0
2006-10-31,0.0,0.0,0.0
2006-11-01,0.0,2.1,1.9
2006-11-02,0.0,0.0,0.0
2006-11-03,0.0,0.3,0.0
2006-11-04,0.0,0.0,0.0
2006-11-05,43.0,1.2,1.0
2006-11-06,29.0,6.6,6.9
2006-11-07,0.0,4.6,4.5
2006-11-08,0.0,0.0,0.0
2006-11-09,0.0,0.0,0.0
2006-11-10,0.0,12.0,13.1
2006-11-11,0.0,0.0,0.0
2006-11-12,0.0,0.0,0.0
2006-11-13,0.0,0.0,0.0
2006-11-14,17.0,0.0,0.0
2006-11-15,16.0,0.0,0.0
2006-11-16,0.0,0.7,0.0
2006-11-17,0.0,0.0,0.0
2006-11-18,0.0,4.7,4.8
2006-11-19,0.0,0.1,0.0
2006-11-20,0.0,0.0,0.0
2006-11-21,15.0,0.0,0.0
2006-11-22,0.0,2.6,1.0
2006-11-23,2.0,0.1,0.0
2006-11-24,24.0,0.4,0.0
2006-11-25,0.0,0.0,0.0
2006-11-26,0.0,0.0,0.0
2006-11-27,0.0,0.0,0.0
2006-11-28,0.0,0.0,0.0
2006-11-29,0.0,0.0,0.0
2006-11-30,0.0,2.1,0.0
2006-12-01,0.0,5.6,3.1
2006-12-02,0.0,0.3,0.0
2006-12-03,4.0,0.9,0.0
2006-12-04,1.0,0.2,0.0
2006-12-05,3.0,0.2,0.0
2006-12-06,3.0,0.4,0.0
2006-12-07,0.0,0.2,0.0
2006-12-08,20.0,21.2,18.9
2006-12-09,9.0,0.0,0.0
2006-12-10,0.0,0.8,0.0
2006-12-11,1.0,3.8,1.1
2006-12-12,2.0,20.0,15.2
2006-12-13,15.0,24.4,21.1
2006-12-14,6.0,4.1,1.3
2006-12-15,0.0,0.0,0.0
2006-12-16,0.0,3.5,1.0
2006-12-17,13.0,1.4,0.0
2006-12-18,0.0,30.9,26.3
2006-12-19,0.0,3.7,1.0
2006-12-20,7.0,38.1,32.7
2006-12-21,0.0,27.1,33.2
2006-12-22,2.0,2.5,0.0
2006-12-23,42.0,1.2,0.0
2006-12-24,0.0,15.9,15.2
2006-12-25,0.0,25.9,32.9
2006-12-26,24.0,17.3,17.2
2006-12-27,4.0,1.8,0.0
2006-12-28,0.0,14.6,13.5
2006-12-29,0.0,29.1,38.1
2006-12-30,74.0,19.9,20.8
2006-12-31,9.0,14.5,13.3
2007-01-01,3.0,20.2,23.0
2007-01-02,8.0,30.6,42.0
2007-01-03,41.0,2.0,1.9
2007-01-04,0.0,0.6,0.0
2007-01-05,0.0,1.1,1.1
2007-01-06,0.0,0.1,0.0
2007-01-07,0.0,0.2,0.0
2007-01-08,0.0,0.0,0.0
2007-01-09,0.0,0.2,0.0
2007-01-10,0.0,0.0,0.0
2007-01-11,0.0,0.0,0.0
2007-01-12,0.0,0.0,0.0
2007-01-13,1.0,0.0,0.0
2007-01-14,0.0,0.0,0.0
2007-01-15,0.0,0.6,0.0
2007-01-16,0.0,0.6,0.0
2007-01-17,0.0,0.1,0.0
2007-01-18,0.0,0.2,0.0
2007-01-19,0.0,2.2,1.9
2007-01-20,0.0,3.5,3.5
2007-01-21,0.0,3.9,3.8
2007-01-22,0.0,0.1,0.0
2007-01-23,0.0,0.0,0.0
2007-01-24,0.0,0.2,0.0
2007-01-25,0.0,0.0,0.0
2007-01-26,0.0,0.0,0.0
2007-01-27,0.0,0.5,0.0
2007-01-28,0.0,0.0,0.0
2007-01-29,0.0,0.1,0.0
2007-01-30,4.0,0.0,0.0
2007-01-31,43.0,0.0,0.0
2007-02-01,2.0,0.0,0.0
2007-02-02,1.0,0.1,0.0
2007-02-03,17.0,0.3,0.0
2007-02-04,4.0,0.8,0.0
2007-02-05,2.0,2.3,2.7
2007-02-06,2.0,22.5,20.0
2007-02-07,9.0,0.4,0.0
2007-02-08,3.0,1.5,2.1
2007-02-09,0.0,0.4,0.0
2007-02-10,9.0,4.1,4.2
2007-02-11,0.0,0.0,0.0
2007-02-12,27.0,4.5,4.4
2007-02-13,11.0,0.1,0.0
2007-02-14,1.0,0.4,0.0
2007-02-15,0.0,0.0,0.0
2007-02-16,0.0,8.2,9.0
2007-02-17,0.0,3.6,3.3
2007-02-18,1.0,0.5,0.0
2007-02-19,14.0,7.2,7.7
2007-02-20,19.0,1.3,1.0
2007-02-21,5.0,2.7,2.7
2007-02-22,0.0,11.7,12.7
2007-02-23,3.0,13.5,15.7
2007-02-24,5.0,5.5,5.9
2007-02-25,0.0,6.1,6.5
2007-02-26,15.0,8.5,9.4
2007-02-27,0.0,1.2,1.1
2007-02-28,0.0,4.1,4.3
2007-03-01,0.0,10.9,10.2
2007-03-02,2.0,51.0,64.0
2007-03-03,12.0,17.2,16.9
2007-03-04,1.0,4.3,3.9
2007-03-05,7.0,134.0,76.2
2007-03-06,53.0,12.0,11.3
2007-03-07,7.0,9.0,8.4
2007-03-08,8.0,0.8,0.0
2007-03-09,0.0,0.0,0.0
2007-03-10,0.0,0.3,0.0
2007-03-11,0.0,0.8,0.0
2007-03-12,0.0,10.3,10.4
2007-03-13,2.0,39.0,46.7
2007-03-14,4.0,11.5,11.6
2007-03-15,2.0,6.1,6.8
2007-03-16,0.0,14.7,14.8
2007-03-17,15.0,1.0,0.0
2007-03-18,0.0,0.0,0.0
2007-03-19,0.0,0.6,0.0
2007-03-20,0.0,0.4,0.0
2007-03-21,0.0,8.4,8.2
2007-03-22,3.0,6.2,5.7
2007-03-23,2.0,18.3,19.7
2007-03-24,4.0,11.3,11.6
2007-03-25,1.0,4.5,3.8
2007-03-26,3.0,4.4,3.7
2007-03-27,13.0,2.6,1.8
2007-03-28,9.0,16.5,17.3
2007-03-29,6.0,4.4,3.7
2007-03-30,0.0,3.6,2.8
2007-03-31,1.0,6.7,6.3
2007-04-01,0.0,26.9,33.3
2007-04-02,7.0,2.8,2.2
2007-04-03,0.0,4.8,4.3
2007-04-04,9.0,0.1,0.0
2007-04-05,8.0,0.0,0.0
2007-04-06,0.0,12.6,12.6
2007-04-07,2.0,1.4,1.0
2007-04-08,39.0,0.2,0.0
2007-04-09,32.0,0.0,0.0
2007-04-10,0.0,0.5,0.0
2007-04-11,0.0,0.0,0.0
2007-04-12,0.0,7.3,8.0
2007-04-13,1.0,0.4,0.0
2007-04-14,6.0,33.2,30.7
2007-04-15,12.0,27.3,22.1
2007-04-16,1.0,0.0,0.0
2007-04-17,23.0,3.0,4.7
2007-04-18,11.0,2.8,4.5
2007-04-19,2.0,9.8,9.7
2007-04-20,12.0,15.1,14.2
2007-04-21,3.0,7.6,10.2
2007-04-22,1.0,1.1,1.7
2007-04-23,0.0,0.4,0.0
2007-04-24,0.0,4.5,6.2
2007-04-25,15.0,1.6,2.3
2007-04-26,77.0,0.1,0.0
2007-04-27,4.0,0.0,0.0
2007-04-28,0.0,0.1,0.0
2007-04-29,0.0,0.0,0.0
2007-04-30,0.0,0.0,0.0
2007-05-01,0.0,0.0,0.0
2007-05-02,0.0,0.0,0.0
2007-05-03,0.0,0.0,0.0
2007-05-04,0.0,0.1,0.0
2007-05-05,0.0,0.0,0.0
2007-05-06,0.0,0.0,0.0
2007-05-07,0.0,0.1,0.0
2007-05-08,0.0,0.0,0.0
2007-05-09,14.0,0.0,0.0
2007-05-10,0.0,0.0,0.0
2007-05-11,0.0,0.0,0.0
2007-05-12,0.0,0.0,0.0
2007-05-13,0.0,0.0,0.0
2007-05-14,0.0,0.3,0.0
2007-05-15,0.0,1.5,0.0
2007-05-16,0.0,0.7,0.0
2007-05-17,0.0,5.9,3.9
2007-05-18,3.0,17.0,11.3
2007-05-19,1.0,7.2,4.6
2007-05-20,8.0,3.1,1.2
2007-05-21,0.0,0.0,0.0
2007-05-22,0.0,0.6,0.0
2007-05-23,0.0,0.0,0.0
2007-05-24,0.0,0.0,0.0
2007-05-25,0.0,0.5,0.0
2007-05-26,0.0,0.2,0.0
2007-05-27,0.0,4.4,3.4
2007-05-28,29.0,3.4,2.0
2007-05-29,0.0,6.4,6.0
2007-05-30,5.0,1.2,0.0
2007-05-31,14.0,2.2,1.0
2007-06-01,2.0,0.8,0.0
2007-06-02,0.0,0.0,0.0
2007-06-03,1.0,1.6,4.6
2007-06-04,1.0,0.0,0.0
2007-06-05,9.0,0.0,0.0
2007-06-06,7.0,1.0,0.0
2007-06-07,0.0,0.0,0.0
2007-06-08,0.0,0.2,0.0
2007-06-09,0.0,0.1,0.0
2007-06-10,0.0,0.0,0.0
2007-06-11,0.0,0.0,0.0
2007-06-12,0.0,0.0,0.0
2007-06-13,0.0,0.1,0.0
2007-06-14,0.0,0.1,0.0
2007-06-15,0.0,0.0,0.0
2007-06-16,0.0,0.7,0.0
2007-06-17,0.0,0.5,0.0
2007-06-18,0.0,4.9,5.5
2007-06-19,0.0,0.3,0.0
2007-06-20,2.0,0.0,0.0
2007-06-21,0.0,0.1,0.0
2007-06-22,0.0,0.0,0.0
2007-06-23,0.0,0.0,0.0
2007-06-24,0.0,0.4,0.0
2007-06-25,0.0,0.0,0.0
2007-06-26,0.0,0.1,0.0
2007-06-27,0.0,0.0,0.0
2007-06-28,24.0,1.4,6.0
2007-06-29,47.0,0.0,0.0
2007-06-30,1.0,0.0,0.0
2007-07-01,0.0,2.5,1.4
2007-07-02,0.0,0.0,0.0
2007-07-03,0.0,0.3,0.0
2007-07-04,0.0,0.6,0.0
2007-07-05,0.0,0.1,0.0
2007-07-06,0.0,0.0,0.0
2007-07-07,0.0,0.0,0.0
2007-07-08,0.0,0.0,0.0
2007-07-09,0.0,0.0,0.0
2007-07-10,0.0,0.0,0.0
2007-07-11,0.0,0.0,0.0
2007-07-12,0.0,0.0,0.0
2007-07-13,0.0,0.1,0.0
2007-07-14,0.0,0.0,0.0
2007-07-15,0.0,0.2,0.0
2007-07-16,4.0,1.4,1.0
2007-07-17,0.0,0.8,0.0
2007-07-18,0.0,0.3,0.0
2007-07-19,0.0,0.6,0.0
2007-07-20,0.0,0.0,0.0
2007-07-21,0.0,0.0,0.0
2007-07-22,0.0,0.0,0.0
2007-07-23,0.0,0.0,0.0
2007-07-24,0.0,0.1,0.0
2007-07-25,0.0,1.0,1.3
2007-07-26,0.0,0.0,0.0
2007-07-27,0.0,0.0,0.0
2007-07-28,0.0,0.2,0.0
2007-07-29,0.0,1.9,4.8
2007-07-30,0.0,0.0,0.0
2007-07-31,0.0,6.8,98.6
2007-08-01,0.0,0.0,0.0
2007-08-02,0.0,0.0,0.0
2007-08-03,0.0,0.0,0.0
2007-08-04,0.0,0.0,0.0
2007-08-05,0.0,0.2,0.0
2007-08-06,0.0,0.0,0.0
2007-08-07,0.0,0.0,0.0
2007-08-08,0.0,0.0,0.0
2007-08-09,0.0,0.0,0.0
2007-08-10,0.0,0.1,0.0
2007-08-11,0.0,0.1,0.0
2007-08-12,0.0,0.0,0.0
2007-08-13,0.0,0.0,0.0
2007-08-14,0.0,0.0,0.0
2007-08-15,0.0,0.1,0.0
2007-08-16,0.0,1.1,2.4
2007-08-17,0.0,0.9,0.0
2007-08-18,0.0,0.0,0.0
2007-08-19,0.0,0.1,0.0
2007-08-20,0.0,0.1,0.0
2007-08-21,0.0,0.7,0.0
2007-08-22,0.0,0.2,0.0
2007-08-23,0.0,2.6,5.4
2007-08-24,0.0,0.0,0.0
2007-08-25,0.0,0.0,0.0
2007-08-26,0.0,0.0,0.0
2007-08-27,0.0,0.1,0.0
2007-08-28,0.0,0.3,0.0
2007-08-29,0.0,0.1,0.0
2007-08-30,0.0,0.1,0.0
2007-08-31,0.0,1.2,0.0
2007-09-01,0.0,0.3,0.0
2007-09-02,0.0,1.1,0.0
2007-09-03,0.0,0.1,0.0
2007-09-04,0.0,0.0,0.0
2007-09-05,1.0,0.0,0.0
2007-09-06,0.0,0.0,0.0
2007-09-07,0.0,0.0,0.0
2007-09-08,0.0,0.0,0.0
2007-09-09,0.0,0.0,0.0
2007-09-10,0.0,0.0,0.0
2007-09-11,0.0,0.0,0.0
2007-09-12,0.0,0.0,0.0
2007-09-13,0.0,0.0,0.0
2007-09-14,0.0,0.1,0.0
2007-09-15,0.0,0.0,0.0
2007-09-16,0.0,0.0,0.0
2007-09-17,0.0,0.0,0.0
2007-09-18,0.0,0.0,0.0
2007-09-19,0.0,0.0,0.0
2007-09-20,0.0,0.0,0.0
2007-09-21,0.0,0.0,0.0
2007-09-22,0.0,0.0,0.0
2007-09-23,0.0,2.4,5.4
2007-09-24,0.0,0.0,0.0
2007-09-25,0.0,0.0,0.0
2007-09-26,0.0,0.0,0.0
2007-09-27,0.0,0.0,0.0
2007-09-28,0.0,0.0,0.0
2007-09-29,0.0,0.0,0.0
2007-09-30,0.0,0.0,0.0
2007-10-01,0.0,0.2,0.0
2007-10-02,0.0,0.0,0.0
2007-10-03,0.0,0.0,0.0
2007-10-04,0.0,0.0,0.0
2007-10-05,0.0,0.0,0.0
2007-10-06,0.0,0.0,0.0
2007-10-07,0.0,0.0,0.0
2007-10-08,0.0,0.0,0.0
2007-10-09,3.0,0.0,0.0
2007-10-10,0.0,0.0,0.0
2007-10-11,0.0,0.0,0.0
2007-10-12,0.0,0.0,0.0
2007-10-13,4.0,0.1,0.0
2007-10-14,0.0,0.1,0.0
2007-10-15,0.0,0.0,0.0
2007-10-16,0.0,0.0,0.0
2007-10-17,0.0,0.0,0.0
2007-10-18,0.0,0.0,0.0
2007-10-19,0.0,0.0,0.0
2007-10-20,3.0,0.0,0.0
2007-10-21,0.0,0.1,0.0
2007-10-22,0.0,0.0,0.0
2007-10-23,0.0,0.0,0.0
2007-10-24,0.0,0.0,0.0
2007-10-25,0.0,1.6,3.1
2007-10-26,0.0,0.3,0.0
2007-10-27,0.0,42.2,45.4
2007-10-28,12.0,10.2,11.2
2007-10-29,0.0,0.0,0.0
2007-10-30,1.0,62.6,70.5
2007-10-31,17.0,7.6,9.2
2007-11-01,19.0,2.0,1.8
2007-11-02,1.0,45.2,54.0
2007-11-03,2.0,36.7,38.7
2007-11-04,41.0,3.4,3.3
2007-11-05,6.0,31.9,31.0
2007-11-06,22.0,5.1,5.0
2007-11-07,0.0,0.6,0.0
2007-11-08,19.0,0.1,0.0
2007-11-09,3.0,0.5,0.0
2007-11-10,11.0,0.0,0.0
2007-11-11,0.0,1.4,1.5
2007-11-12,1.0,2.8,2.9
2007-11-13,17.0,0.5,0.0
2007-11-14,0.0,2.1,2.1
2007-11-15,15.0,0.2,0.0
2007-11-16,0.0,0.0,0.0
2007-11-17,0.0,0.0,0.0
2007-11-18,0.0,0.0,0.0
2007-11-19,0.0,0.0,0.0
2007-11-20,0.0,0.0,0.0
2007-11-21,0.0,0.0,0.0
2007-11-22,0.0,0.0,0.0
2007-11-23,0.0,0.2,0.0
2007-11-24,0.0,3.1,1.0
2007-11-25,0.0,0.1,0.0
2007-11-26,3.0,0.0,0.0
2007-11-27,0.0,0.0,0.0
2007-11-28,0.0,0.0,0.0
2007-11-29,0.0,0.0,0.0
2007-11-30,1.0,1.0,0.0
2007-12-01,15.0,1.0,0.0
2007-12-02,8.0,6.8,4.3
2007-12-03,16.0,14.7,12.3
2007-12-04,5.0,19.4,17.2
2007-12-05,0.0,6.0,3.4
2007-12-06,2.0,0.8,0.0
2007-12-07,26.0,0.2,0.0
2007-12-08,1.0,4.3,2.0
2007-12-09,1.0,12.1,9.5
2007-12-10,51.0,0.0,0.0
2007-12-11,0.0,11.9,7.9
2007-12-12,2.0,14.4,10.1
2007-12-13,2.0,25.4,21.0
2007-12-14,2.0,2.1,0.0
2007-12-15,1.0,2.9,1.0
2007-12-16,5.0,43.8,40.1
2007-12-17,0.0,37.2,31.9
2007-12-18,20.0,13.5,9.3
2007-12-19,21.0,37.4,31.9
2007-12-20,15.0,11.1,7.2
2007-12-21,3.0,24.0,27.7
2007-12-22,2.0,4.2,1.0
2007-12-23,0.0,17.8,17.7
2007-12-24,0.0,61.0,99.4
2007-12-25,80.0,31.4,40.3
2007-12-26,43.0,26.1,33.5
2007-12-27,1.0,6.6,3.5
2007-12-28,2.0,4.0,1.0
2007-12-29,1.0,3.8,1.0
2007-12-30,2.0,7.1,4.1
2007-12-31,36.0,31.2,40.2
2008-01-01,34.0,2.3,2.1
2008-01-02,0.0,19.2,20.5
2008-01-03,39.0,6.5,6.3
2008-01-04,6.0,8.1,8.0
2008-01-05,6.0,1.5,1.5
2008-01-06,0.0,0.6,0.0
2008-01-07,2.0,0.0,0.0
2008-01-08,0.0,0.3,0.0
2008-01-09,0.0,3.5,3.3
2008-01-10,0.0,0.5,0.0
2008-01-11,3.0,0.0,0.0
2008-01-12,0.0,1.7,1.2
2008-01-13,0.0,5.5,5.9
2008-01-14,0.0,15.3,20.0
2008-01-15,21.0,6.0,6.6
2008-01-16,0.0,8.7,9.9
2008-01-17,27.0,1.0,1.0
2008-01-18,1.0,0.2,0.0
2008-01-19,0.0,0.2,0.0
2008-01-20,2.0,0.0,0.0
2008-01-21,0.0,0.0,0.0
2008-01-22,0.0,0.0,0.0
2008-01-23,0.0,0.2,0.0
2008-01-24,0.0,0.0,0.0
2008-01-25,1.0,0.1,0.0
2008-01-26,0.0,0.0,0.0
2008-01-27,2.0,13.1,13.5
2008-01-28,32.0,0.8,0.0
2008-01-29,10.0,9.0,9.1
2008-01-30,1.0,52.7,64.7
2008-01-31,14.0,0.0,0.0
2008-02-01,0.0,32.7,28.5
2008-02-02,0.0,7.7,7.2
2008-02-03,21.0,10.2,9.4
2008-02-04,0.0,29.0,25.1
2008-02-05,22.0,9.1,8.5
2008-02-06,0.0,4.5,4.5
2008-02-07,0.0,4.1,4.2
2008-02-08,1.0,23.4,21.5
2008-02-09,10.0,26.5,25.1
2008-02-10,35.0,4.0,4.1
2008-02-11,13.0,7.7,8.3
2008-02-12,2.0,9.5,10.7
2008-02-13,18.0,15.3,18.5
2008-02-14,26.0,31.7,47.8
2008-02-15,16.0,18.7,23.2
2008-02-16,14.0,0.3,0.0
2008-02-17,0.0,1.2,1.0
2008-02-18,0.0,2.6,2.2
2008-02-19,19.0,17.9,22.3
2008-02-20,11.0,54.3,97.2
2008-02-21,25.0,60.7,67.0
2008-02-22,8.0,7.0,7.6
2008-02-23,4.0,3.1,3.1
2008-02-24,0.0,0.2,0.0
2008-02-25,0.0,0.0,0.0
2008-02-26,0.0,0.2,0.0
2008-02-27,0.0,0.1,0.0
2008-02-28,6.0,0.9,1.0
2008-02-29,7.0,0.0,0.0
2008-03-01,0.0,7.2,6.6
2008-03-02,0.0,10.0,9.4
2008-03-03,5.0,2.0,1.6
2008-03-04,0.0,6.4,5.9
2008-03-05,0.0,85.5,75.9
2008-03-06,6.0,4.9,4.4
2008-03-07,0.0,11.1,10.5
2008-03-08,0.0,0.1,0.0
2008-03-09,0.0,0.2,0.0
2008-03-10,3.0,0.2,0.0
2008-03-11,0.0,2.6,3.6
2008-03-12,4.0,13.6,12.8
2008-03-13,1.0,10.0,10.0
2008-03-14,1.0,2.6,3.6
2008-03-15,9.0,0.0,0.0
2008-03-16,0.0,0.1,0.0
2008-03-17,0.0,15.3,15.8
2008-03-18,2.0,0.6,0.0
2008-03-19,0.0,3.4,4.4
2008-03-20,5.0,0.9,0.0
2008-03-21,0.0,9.6,9.5
2008-03-22,7.0,13.4,13.2
2008-03-23,2.0,13.1,13.5
2008-03-24,4.0,28.4,35.3
2008-03-25,13.0,10.7,10.9
2008-03-26,5.0,9.5,9.4
2008-03-27,0.0,38.8,51.3
2008-03-28,0.0,3.6,2.8
2008-03-29,0.0,5.5,4.9
2008-03-30,1.0,6.9,6.5
2008-03-31,2.0,16.7,16.9
2008-04-01,17.0,7.3,7.0
2008-04-02,2.0,19.8,24.4
2008-04-03,1.0,8.3,8.1
2008-04-04,9.0,10.5,10.8
2008-04-05,0.0,3.3,2.7
2008-04-06,2.0,13.1,13.6
2008-04-07,3.0,6.4,6.0
2008-04-08,2.0,4.1,3.6
2008-04-09,2.0,0.4,0.0
2008-04-10,0.0,0.5,0.0
2008-04-11,2.0,0.1,0.0
2008-04-12,2.0,0.0,0.0
2008-04-13,0.0,0.0,0.0
2008-04-14,0.0,0.0,0.0
2008-04-15,0.0,0.0,0.0
2008-04-16,1.0,0.0,0.0
2008-04-17,0.0,0.0,0.0
2008-04-18,1.0,0.0,0.0
2008-04-19,0.0,0.0,0.0
2008-04-20,3.0,0.0,0.0
2008-04-21,0.0,24.1,52.5
2008-04-22,2.0,1.9,3.0
2008-04-23,9.0,0.4,0.0
2008-04-24,0.0,0.0,0.0
2008-04-25,0.0,0.2,0.0
2008-04-26,0.0,0.2,0.0
2008-04-27,0.0,0.0,0.0
2008-04-28,0.0,0.1,0.0
2008-04-29,5.0,0.0,0.0
2008-04-30,1.0,1.6,2.3
2008-05-01,29.0,21.7,25.6
2008-05-02,13.0,0.2,0.0
2008-05-03,0.0,0.0,0.0
2008-05-04,0.0,0.9,0.0
2008-05-05,0.0,0.0,0.0
2008-05-06,28.0,0.0,0.0
2008-05-07,0.0,0.2,0.0
2008-05-08,0.0,0.0,0.0
2008-05-09,0.0,0.0,0.0
2008-05-10,0.0,0.0,0.0
2008-05-11,0.0,0.0,0.0
2008-05-12,0.0,0.0,0.0
2008-05-13,0.0,0.0,0.0
2008-05-14,0.0,0.0,0.0
2008-05-15,0.0,0.4,0.0
2008-05-16,0.0,0.3,0.0
2008-05-17,0.0,0.0,0.0
2008-05-18,2.0,0.1,0.0
2008-05-19,0.0,0.0,0.0
2008-05-20,3.0,0.0,0.0
2008-05-21,0.0,0.2,0.0
2008-05-22,67.0,0.0,0.0
2008-05-23,0.0,0.1,0.0
2008-05-24,0.0,0.0,0.0
2008-05-25,0.0,0.0,0.0
2008-05-26,0.0,0.1,0.0
2008-05-27,0.0,1.2,0.0
2008-05-28,0.0,0.4,0.0
2008-05-29,0.0,0.0,0.0
2008-05-30,0.0,0.0,0.0
2008-05-31,0.0,0.0,0.0
2008-06-01,0.0,0.5,0.0
2008-06-02,0.0,0.0,0.0
2008-06-03,0.0,0.0,0.0
2008-06-04,0.0,2.0,4.5
2008-06-05,0.0,0.0,0.0
2008-06-06,0.0,0.1,0.0
2008-06-07,0.0,0.3,0.0
2008-06-08,0.0,0.0,0.0
2008-06-09,0.0,0.5,0.0
2008-06-10,0.0,1.0,0.0
2008-06-11,1.0,3.0,4.0
2008-06-12,1.0,0.6,0.0
2008-06-13,2.0,0.3,0.0
2008-06-14,0.0,0.3,0.0
2008-06-15,13.0,0.1,0.0
2008-06-16,0.0,0.0,0.0
2008-06-17,0.0,0.0,0.0
2008-06-18,0.0,0.0,0.0
2008-06-19,0.0,0.0,0.0
2008-06-20,0.0,0.0,0.0
2008-06-21,1.0,0.0,0.0
2008-06-22,0.0,0.4,0.0
2008-06-23,0.0,0.0,0.0
2008-06-24,1.0,0.4,0.0
2008-06-25,5.0,0.8,5.7
2008-06-26,40.0,0.4,0.0
2008-06-27,0.0,0.0,0.0
2008-06-28,0.0,0.0,0.0
2008-06-29,0.0,0.1,0.0
2008-06-30,0.0,3.4,7.9
2008-07-01,0.0,1.3,1.1
2008-07-02,0.0,0.1,0.0
2008-07-03,0.0,0.0,0.0
2008-07-04,0.0,0.1,0.0
2008-07-05,0.0,0.0,0.0
2008-07-06,0.0,0.0,0.0
2008-07-07,0.0,0.0,0.0
2008-07-08,0.0,0.2,0.0
2008-07-09,0.0,1.0,0.0
2008-07-10,0.0,0.0,0.0
2008-07-11,0.0,0.8,0.0
2008-07-12,0.0,0.0,0.0
2008-07-13,0.0,0.0,0.0
2008-07-14,0.0,0.0,0.0
2008-07-15,0.0,0.0,0.0
2008-07-16,0.0,0.2,0.0
2008-07-17,0.0,1.5,1.0
2008-07-18,0.0,0.4,0.0
2008-07-19,0.0,0.0,0.0
2008-07-20,0.0,0.0,0.0
2008-07-21,0.0,1.2,3.1
2008-07-22,0.0,0.0,0.0
2008-07-23,0.0,0.4,1.2
2008-07-24,0.0,0.0,0.0
2008-07-25,0.0,0.0,0.0
2008-07-26,0.0,0.0,0.0
2008-07-27,0.0,0.0,0.0
2008-07-28,0.0,0.0,0.0
2008-07-29,0.0,0.0,0.0
2008-07-30,0.0,0.0,0.0
2008-07-31,0.0,0.0,0.0
2008-08-01,0.0,0.0,0.0
2008-08-02,0.0,0.0,0.0
2008-08-03,0.0,0.0,0.0
2008-08-04,0.0,0.1,0.0
2008-08-05,0.0,0.0,0.0
2008-08-06,0.0,0.1,0.0
2008-08-07,0.0,0.0,0.0
2008-08-08,0.0,0.0,0.0
2008-08-09,0.0,0.0,0.0
2008-08-10,0.0,3.2,4.9
2008-08-11,7.0,2.5,3.2
2008-08-12,0.0,3.5,3.7
2008-08-13,0.0,0.0,0.0
2008-08-14,0.0,0.4,0.0
2008-08-15,0.0,0.0,0.0
2008-08-16,0.0,0.4,0.0
2008-08-17,0.0,0.7,0.0
2008-08-18,0.0,0.6,0.0
2008-08-19,0.0,0.0,0.0
2008-08-20,0.0,0.0,0.0
2008-08-21,0.0,0.3,0.0
2008-08-22,0.0,0.0,0.0
2008-08-23,22.0,0.0,0.0
2008-08-24,0.0,0.0,0.0
2008-08-25,0.0,0.0,0.0
2008-08-26,0.0,0.7,0.0
2008-08-27,0.0,0.0,0.0
2008-08-28,0.0,4.5,15.5
2008-08-29,8.0,0.0,0.0
2008-08-30,0.0,0.0,0.0
2008-08-31,0.0,0.1,0.0
2008-09-01,0.0,0.3,0.0
2008-09-02,0.0,0.0,0.0
2008-09-03,0.0,0.4,0.0
2008-09-04,0.0,0.0,0.0
2008-09-05,0.0,0.3,0.0
2008-09-06,0.0,0.0,0.0
2008-09-07,0.0,0.8,0.0
2008-09-08,0.0,1.5,1.0
2008-09-09,0.0,0.5,0.0
2008-09-10,0.0,0.2,0.0
2008-09-11,0.0,0.6,4.0
2008-09-12,0.0,0.3,0.0
2008-09-13,0.0,0.0,0.0
2008-09-14,0.0,0.0,0.0
2008-09-15,0.0,0.0,0.0
2008-09-16,0.0,0.0,0.0
2008-09-17,0.0,0.0,0.0
2008-09-18,0.0,0.0,0.0
2008-09-19,0.0,0.5,0.0
2008-09-20,0.0,0.0,0.0
2008-09-21,0.0,0.0,0.0
2008-09-22,0.0,0.0,0.0
2008-09-23,0.0,0.0,0.0
2008-09-24,0.0,0.0,0.0
2008-09-25,0.0,0.7,0.0
2008-09-26,3.0,0.8,0.0
2008-09-27,37.0,0.0,0.0
2008-09-28,0.0,0.0,0.0
2008-09-29,0.0,0.0,0.0
2008-09-30,8.0,0.0,0.0
2008-10-01,0.0,0.0,0.0
2008-10-02,1.0,0.1,0.0
2008-10-03,0.0,0.8,0.0
2008-10-04,0.0,0.7,0.0
2008-10-05,0.0,0.0,0.0
2008-10-06,1.0,0.2,0.0
2008-10-07,11.0,16.7,18.7
2008-10-08,2.0,4.8,6.0
2008-10-09,0.0,0.0,0.0
2008-10-10,0.0,0.0,0.0
2008-10-11,0.0,0.2,0.0
2008-10-12,33.0,0.2,0.0
2008-10-13,3.0,0.1,0.0
2008-10-14,0.0,0.1,0.0
2008-10-15,0.0,0.6,0.0
2008-10-16,18.0,0.0,0.0
2008-10-17,0.0,0.9,2.6
2008-10-18,1.0,1.4,3.8
2008-10-19,0.0,0.9,2.5
2008-10-20,1.0,0.0,0.0
2008-10-21,0.0,1.7,3.3
2008-10-22,0.0,0.4,0.0
2008-10-23,8.0,1.4,2.9
2008-10-24,0.0,0.0,0.0
2008-10-25,1.0,13.4,13.8
2008-10-26,7.0,2.5,4.0
2008-10-27,1.0,0.3,0.0
2008-10-28,1.0,5.1,6.4
2008-10-29,1.0,0.2,0.0
2008-10-30,1.0,0.0,0.0
2008-10-31,0.0,0.6,0.0
2008-11-01,34.0,8.0,9.0
2008-11-02,42.0,0.7,0.0
2008-11-03,9.0,5.2,5.1
2008-11-04,7.0,0.0,0.0
2008-11-05,9.0,0.0,0.0
2008-11-06,6.0,16.8,18.9
2008-11-07,22.0,12.2,13.4
2008-11-08,3.0,34.2,33.5
2008-11-09,0.0,29.2,28.2
2008-11-10,15.0,4.8,4.8
2008-11-11,43.0,0.2,0.0
2008-11-12,3.0,8.7,8.7
2008-11-13,24.0,9.4,9.4
2008-11-14,7.0,13.8,14.8
2008-11-15,0.0,8.2,8.3
2008-11-16,24.0,32.7,33.5
2008-11-17,33.0,12.0,11.9
2008-11-18,0.0,57.7,54.7
2008-11-19,6.0,5.9,5.9
2008-11-20,2.0,12.9,12.8
2008-11-21,1.0,9.3,5.4
2008-11-22,0.0,3.2,1.0
2008-11-23,5.0,9.1,5.2
2008-11-24,36.0,29.8,29.0
2008-11-25,24.0,8.3,4.5
2008-11-26,0.0,29.8,28.6
2008-11-27,12.0,7.5,3.8
2008-11-28,2.0,14.5,10.5
2008-11-29,1.0,2.1,0.0
2008-11-30,0.0,4.1,1.0
2008-12-01,0.0,1.5,0.0
2008-12-02,0.0,2.6,1.0
2008-12-03,0.0,1.1,0.0
2008-12-04,0.0,0.7,0.0
2008-12-05,1.0,3.9,1.6
2008-12-06,0.0,4.4,2.0
2008-12-07,0.0,26.6,27.7
2008-12-08,0.0,19.3,17.3
2008-12-09,10.0,22.8,20.2
2008-12-10,3.0,13.8,11.4
2008-12-11,28.0,10.3,6.5
2008-12-12,1.0,14.4,10.1
2008-12-13,0.0,2.4,0.0
2008-12-14,0.0,1.8,0.0
2008-12-15,0.0,2.2,0.0
2008-12-16,1.0,11.0,7.1
2008-12-17,5.0,8.9,5.3
2008-12-18,3.0,1.5,0.0
2008-12-19,0.0,4.1,1.4
2008-12-20,0.0,0.2,0.0
2008-12-21,0.0,0.1,0.0
2008-12-22,0.0,0.6,0.0
2008-12-23,0.0,1.1,0.0
2008-12-24,1.0,0.0,0.0
2008-12-25,0.0,0.4,0.0
2008-12-26,0.0,0.1,0.0
2008-12-27,5.0,6.2,3.2
2008-12-28,1.0,1.7,0.0
2008-12-29,0.0,2.3,0.0
2008-12-30,31.0,39.3,53.3
2008-12-31,10.0,28.8,35.2
2009-01-01,4.0,0.5,0.0
2009-01-02,0.0,0.2,0.0
2009-01-03,11.0,9.0,9.0
2009-01-04,0.0,0.7,0.0
2009-01-05,7.0,7.2,7.0
2009-01-06,0.0,4.0,3.7
2009-01-07,2.0,7.0,6.8
2009-01-08,0.0,5.9,5.7
2009-01-09,75.0,41.8,58.4
2009-01-10,83.0,70.7,83.0
2009-01-11,4.0,31.0,43.3
2009-01-12,16.0,5.9,6.5
2009-01-13,12.0,11.3,13.3
2009-01-14,4.0,8.4,9.6
2009-01-15,70.0,42.9,62.2
2009-01-16,0.0,15.3,20.1
2009-01-17,0.0,0.8,0.0
2009-01-18,0.0,0.0,0.0
2009-01-19,18.0,0.7,0.0
2009-01-20,0.0,0.0,0.0
2009-01-21,0.0,0.0,0.0
2009-01-22,0.0,1.4,1.3
2009-01-23,0.0,4.3,4.3
2009-01-24,0.0,13.8,14.3
2009-01-25,0.0,2.2,2.1
2009-01-26,0.0,2.2,2.1
2009-01-27,44.0,7.5,7.6
2009-01-28,0.0,4.0,3.9
2009-01-29,18.0,14.4,14.8
2009-01-30,6.0,8.8,9.0
2009-01-31,2.0,1.9,1.8
2009-02-01,14.0,17.6,16.1
2009-02-02,57.0,37.2,34.0
2009-02-03,19.0,30.1,27.4
2009-02-04,2.0,1.8,2.3
2009-02-05,2.0,0.7,0.0
2009-02-06,0.0,1.0,0.0
2009-02-07,0.0,4.3,4.4
2009-02-08,0.0,0.6,0.0
2009-02-09,0.0,1.0,0.0
2009-02-10,81.0,48.1,46.4
2009-02-11,38.0,19.7,25.7
2009-02-12,3.0,2.4,1.9
2009-02-13,0.0,0.4,0.0
2009-02-14,0.0,2.2,1.7
2009-02-15,22.0,16.1,19.6
2009-02-16,9.0,16.1,19.2
2009-02-17,0.0,1.0,1.0
2009-02-18,0.0,4.1,3.9
2009-02-19,1.0,4.1,4.0
2009-02-20,6.0,4.3,4.2
2009-02-21,0.0,2.6,2.5
2009-02-22,14.0,0.2,0.0
2009-02-23,1.0,0.5,0.0
2009-02-24,1.0,0.6,0.0
2009-02-25,12.0,22.3,31.5
2009-02-26,0.0,11.2,12.7
2009-02-27,0.0,4.3,4.4
2009-02-28,7.0,8.2,9.0
2009-03-01,0.0,9.2,8.6
2009-03-02,0.0,9.1,8.5
2009-03-03,12.0,2.5,2.2
2009-03-04,23.0,23.5,31.4
2009-03-05,2.0,2.4,2.1
2009-03-06,0.0,8.4,7.8
2009-03-07,1.0,0.0,0.0
2009-03-08,0.0,0.0,0.0
2009-03-09,5.0,0.0,0.0
2009-03-10,0.0,0.0,0.0
2009-03-11,0.0,0.0,0.0
2009-03-12,0.0,0.0,0.0
2009-03-13,0.0,0.0,0.0
2009-03-14,0.0,0.0,0.0
2009-03-15,0.0,0.2,0.0
2009-03-16,54.0,2.6,3.6
2009-03-17,12.0,0.9,0.0
2009-03-18,0.0,0.0,0.0
2009-03-19,0.0,6.0,6.7
2009-03-20,0.0,1.3,2.3
2009-03-21,0.0,0.2,0.0
2009-03-22,14.0,0.1,0.0
2009-03-23,0.0,0.0,0.0
2009-03-24,0.0,0.0,0.0
2009-03-25,6.0,0.0,0.0
2009-03-26,0.0,5.4,4.8
2009-03-27,0.0,0.1,0.0
2009-03-28,15.0,0.1,0.0
2009-03-29,17.0,18.0,19.0
2009-03-30,0.0,1.8,1.0
2009-03-31,38.0,0.0,0.0
2009-04-01,0.0,4.0,3.5
2009-04-02,1.0,12.0,11.8
2009-04-03,5.0,12.8,13.5
2009-04-04,0.0,0.6,0.0
2009-04-05,0.0,0.0,0.0
2009-04-06,0.0,0.0,0.0
2009-04-07,0.0,0.0,0.0
2009-04-08,0.0,0.4,0.0
2009-04-09,0.0,0.0,0.0
2009-04-10,0.0,0.0,0.0
2009-04-11,7.0,0.0,0.0
2009-04-12,2.0,0.6,0.0
2009-04-13,2.0,16.0,12.0
2009-04-14,14.0,0.0,0.0
2009-04-15,0.0,0.8,0.0
2009-04-16,11.0,2.3,4.1
2009-04-17,5.0,0.2,0.0
2009-04-18,28.0,2.8,4.5
2009-04-19,8.0,0.3,0.0
2009-04-20,6.0,0.0,0.0
2009-04-21,0.0,0.0,0.0
2009-04-22,2.0,0.1,0.0
2009-04-23,0.0,0.0,0.0
2009-04-24,0.0,0.0,0.0
2009-04-25,0.0,0.0,0.0
2009-04-26,0.0,0.0,0.0
2009-04-27,0.0,0.6,0.0
2009-04-28,0.0,0.2,0.0
2009-04-29,0.0,0.0,0.0
2009-04-30,0.0,0.1,0.0
2009-05-01,0.0,0.0,0.0
2009-05-02,0.0,3.6,2.1
2009-05-03,0.0,0.0,0.0
2009-05-04,0.0,0.7,0.0
2009-05-05,2.0,0.2,0.0
2009-05-06,2.0,0.1,0.0
2009-05-07,0.0,0.0,0.0
2009-05-08,1.0,6.6,5.7
2009-05-09,17.0,43.9,52.7
2009-05-10,0.0,18.8,20.5
2009-05-11,15.0,16.7,11.5
2009-05-12,1.0,22.0,23.0
2009-05-13,0.0,0.1,0.0
2009-05-14,2.0,0.1,0.0
2009-05-15,0.0,1.1,0.0
2009-05-16,0.0,1.1,0.0
2009-05-17,0.0,13.8,8.9
2009-05-18,1.0,0.6,0.0
2009-05-19,0.0,0.0,0.0
2009-05-20,0.0,0.0,0.0
2009-05-21,0.0,0.3,0.0
2009-05-22,0.0,0.0,0.0
2009-05-23,3.0,0.0,0.0
2009-05-24,0.0,2.0,1.0
2009-05-25,1.0,3.6,2.7
2009-05-26,2.0,26.1,37.6
2009-05-27,0.0,0.0,0.0
2009-05-28,0.0,0.8,0.0
2009-05-29,11.0,0.0,0.0
2009-05-30,0.0,0.0,0.0
2009-05-31,0.0,0.0,0.0
2009-06-01,0.0,0.0,0.0
2009-06-02,0.0,0.0,0.0
2009-06-03,0.0,0.0,0.0
2009-06-04,0.0,0.0,0.0
2009-06-05,0.0,0.0,0.0
2009-06-06,0.0,0.0,0.0
2009-06-07,0.0,0.0,0.0
2009-06-08,0.0,0.7,0.0
2009-06-09,0.0,0.9,0.0
2009-06-10,0.0,0.0,0.0
2009-06-11,0.0,0.0,0.0
2009-06-12,0.0,0.0,0.0
2009-06-13,0.0,0.0,0.0
2009-06-14,0.0,0.0,0.0
2009-06-15,0.0,0.3,0.0
2009-06-16,0.0,0.0,0.0
2009-06-17,0.0,0.1,0.0
2009-06-18,0.0,0.0,0.0
2009-06-19,0.0,0.0,0.0
2009-06-20,0.0,0.0,0.0
2009-06-21,0.0,0.0,0.0
2009-06-22,0.0,0.0,0.0
2009-06-23,0.0,0.0,0.0
2009-06-24,0.0,0.0,0.0
2009-06-25,0.0,0.5,0.0
2009-06-26,0.0,0.0,0.0
2009-06-27,0.0,0.0,0.0
2009-06-28,0.0,0.0,0.0
2009-06-29,0.0,0.0,0.0
2009-06-30,0.0,0.0,0.0
2009-07-01,0.0,1.5,0.9
2009-07-02,6.0,0.6,0.0
2009-07-03,0.0,0.5,0.0
2009-07-04,0.0,0.1,0.0
2009-07-05,0.0,0.0,0.0
2009-07-06,0.0,0.0,0.0
2009-07-07,0.0,0.0,0.0
2009-07-08,0.0,0.0,0.0
2009-07-09,0.0,0.0,0.0
2009-07-10,0.0,0.0,0.0
2009-07-11,0.0,0.0,0.0
2009-07-12,0.0,0.0,0.0
2009-07-13,0.0,0.6,0.0
2009-07-14,0.0,0.0,0.0
2009-07-15,0.0,0.1,0.0
2009-07-16,0.0,0.0,0.0
2009-07-17,0.0,0.0,0.0
2009-07-18,0.0,0.1,0.0
2009-07-19,0.0,0.0,0.0
2009-07-20,0.0,0.0,0.0
2009-07-21,0.0,0.0,0.0
2009-07-22,3.0,0.5,1.8
2009-07-23,3.0,3.4,23.7
2009-07-24,8.0,0.1,0.0
2009-07-25,0.0,0.0,0.0
2009-07-26,0.0,0.0,0.0
2009-07-27,0.0,0.0,0.0
2009-07-28,0.0,0.1,0.0
2009-07-29,0.0,0.0,0.0
2009-07-30,0.0,0.0,0.0
2009-07-31,0.0,0.0,0.0
2009-08-01,0.0,0.3,0.0
2009-08-02,0.0,0.0,0.0
2009-08-03,0.0,0.0,0.0
2009-08-04,0.0,0.0,0.0
2009-08-05,0.0,0.1,0.0
2009-08-06,0.0,0.1,0.0
2009-08-07,0.0,0.0,0.0
2009-08-08,0.0,0.0,0.0
2009-08-09,0.0,0.0,0.0
2009-08-10,0.0,0.0,0.0
2009-08-11,0.0,0.0,0.0
2009-08-12,0.0,0.0,0.0
2009-08-13,0.0,0.0,0.0
2009-08-14,1.0,0.0,0.0
2009-08-15,1.0,0.0,0.0
2009-08-16,0.0,0.1,0.0
2009-08-17,0.0,0.0,0.0
2009-08-18,0.0,0.0,0.0
2009-08-19,0.0,0.0,0.0
2009-08-20,0.0,0.0,0.0
2009-08-21,0.0,0.0,0.0
2009-08-22,0.0,0.0,0.0
2009-08-23,0.0,0.0,0.0
2009-08-24,0.0,0.1,0.0
2009-08-25,0.0,0.0,0.0
2009-08-26,0.0,0.0,0.0
2009-08-27,0.0,0.0,0.0
2009-08-28,0.0,0.0,0.0
2009-08-29,0.0,0.0,0.0
2009-08-30,0.0,0.0,0.0
2009-08-31,0.0,0.0,0.0
2009-09-01,3.0,0.0,0.0
2009-09-02,2.0,2.7,1.2
2009-09-03,2.0,22.9,9.4
2009-09-04,0.0,0.0,0.0
2009-09-05,0.0,0.0,0.0
2009-09-06,0.0,0.0,0.0
2009-09-07,2.0,0.1,0.0
2009-09-08,0.0,0.1,0.0
2009-09-09,0.0,0.0,0.0
2009-09-10,0.0,0.1,0.0
2009-09-11,0.0,0.0,0.0
2009-09-12,2.0,0.1,0.0
2009-09-13,3.0,0.1,0.0
2009-09-14,5.0,0.5,0.0
2009-09-15,2.0,0.6,4.1
2009-09-16,0.0,0.0,0.0
2009-09-17,0.0,0.0,0.0
2009-09-18,0.0,0.0,0.0
2009-09-19,13.0,0.1,0.0
2009-09-20,4.0,1.6,6.3
2009-09-21,17.0,5.1,7.8
2009-09-22,1.0,4.5,7.0
2009-09-23,0.0,0.0,0.0
2009-09-24,0.0,0.0,0.0
2009-09-25,0.0,0.0,0.0
2009-09-26,0.0,0.1,0.0
2009-09-27,0.0,0.0,0.0
2009-09-28,0.0,0.0,0.0
2009-09-29,0.0,0.0,0.0
2009-09-30,0.0,0.0,0.0
2009-10-01,0.0,0.0,0.0
2009-10-02,1.0,0.0,0.0
2009-10-03,0.0,0.0,0.0
2009-10-04,0.0,0.0,0.0
2009-10-05,0.0,0.0,0.0
2009-10-06,0.0,0.0,0.0
2009-10-07,0.0,8.3,9.5
2009-10-08,0.0,0.0,0.0
2009-10-09,0.0,0.0,0.0
2009-10-10,2.0,0.0,0.0
2009-10-11,75.0,0.0,0.0
2009-10-12,0.0,0.5,0.0
2009-10-13,0.0,0.2,0.0
2009-10-14,0.0,0.0,0.0
2009-10-15,0.0,0.0,0.0
2009-10-16,0.0,0.3,0.0
2009-10-17,0.0,0.0,0.0
2009-10-18,0.0,0.6,0.0
2009-10-19,0.0,0.0,0.0
2009-10-20,0.0,0.0,0.0
2009-10-21,11.0,0.6,0.0
2009-10-22,1.0,1.9,3.5
2009-10-23,3.0,5.3,6.9
2009-10-24,1.0,10.5,11.6
2009-10-25,1.0,1.7,3.3
2009-10-26,0.0,0.0,0.0
2009-10-27,0.0,0.0,0.0
2009-10-28,0.0,0.0,0.0
2009-10-29,0.0,0.0,0.0
2009-10-30,0.0,0.4,0.0
2009-10-31,1.0,0.0,0.0
2009-11-01,1.0,4.4,4.3
2009-11-02,0.0,0.3,0.0
2009-11-03,2.0,0.0,0.0
2009-11-04,0.0,0.0,0.0
2009-11-05,29.0,0.0,0.0
2009-11-06,0.0,2.2,2.0
2009-11-07,0.0,0.0,0.0
2009-11-08,0.0,2.3,2.1
2009-11-09,3.0,0.0,0.0
2009-11-10,0.0,0.0,0.0
2009-11-11,0.0,3.4,3.5
2009-11-12,0.0,0.3,0.0
2009-11-13,0.0,2.0,2.1
2009-11-14,0.0,6.0,6.0
2009-11-15,55.0,0.0,0.0
2009-11-16,2.0,10.6,10.6
2009-11-17,16.0,50.8,49.4
2009-11-18,0.0,24.1,24.7
2009-11-19,33.0,11.7,12.6
2009-11-20,0.0,2.4,2.5
2009-11-21,12.0,0.0,0.0
2009-11-22,0.0,1.5,0.0
2009-11-23,0.0,1.0,0.0
2009-11-24,0.0,0.0,0.0
2009-11-25,0.0,0.0,0.0
2009-11-26,0.0,0.0,0.0
2009-11-27,0.0,1.4,0.0
2009-11-28,0.0,0.8,0.0
2009-11-29,0.0,2.9,1.0
2009-11-30,0.0,0.0,0.0
2009-12-01,0.0,0.0,0.0
2009-12-02,0.0,0.0,0.0
2009-12-03,0.0,0.0,0.0
2009-12-04,42.0,0.0,0.0
2009-12-05,91.0,0.0,0.0
2009-12-06,1.0,0.0,0.0
2009-12-07,5.0,3.8,1.6
2009-12-08,17.0,0.2,0.0
2009-12-09,0.0,0.0,0.0
2009-12-10,0.0,0.0,0.0
2009-12-11,0.0,0.0,0.0
2009-12-12,0.0,0.0,0.0
2009-12-13,0.0,0.0,0.0
2009-12-14,0.0,0.1,0.0
2009-12-15,1.0,9.0,5.4
2009-12-16,2.0,4.9,1.9
2009-12-17,0.0,3.4,1.0
2009-12-18,2.0,6.1,3.0
2009-12-19,0.0,0.2,0.0
2009-12-20,0.0,5.1,2.1
2009-12-21,2.0,3.4,1.0
2009-12-22,0.0,6.3,3.3
2009-12-23,0.0,0.3,0.0
2009-12-24,8.0,0.0,0.0
2009-12-25,0.0,3.1,1.0
2009-12-26,30.0,0.0,0.0
2009-12-27,0.0,1.3,0.0
2009-12-28,3.0,26.4,33.1
2009-12-29,0.0,12.7,11.0
2009-12-30,0.0,15.4,14.5
2009-12-31,0.0,3.8,1.0
2010-01-01,0.0,2.0,1.9
2010-01-02,0.0,0.8,0.0
2010-01-03,5.0,2.2,2.0
2010-01-04,0.0,0.0,0.0
2010-01-05,0.0,0.5,0.0
2010-01-06,5.0,19.6,20.0
2010-01-07,46.0,34.6,48.6
2010-01-08,7.0,15.0,16.0
2010-01-09,28.0,38.1,54.3
2010-01-10,51.0,5.2,4.9
2010-01-11,1.0,0.3,0.0
2010-01-12,17.0,1.4,1.0
2010-01-13,38.0,9.2,10.6
2010-01-14,3.0,4.0,4.1
2010-01-15,1.0,2.0,1.6
2010-01-16,4.0,18.3,24.0
2010-01-17,0.0,6.4,7.1
2010-01-18,20.0,3.8,3.8
2010-01-19,9.0,0.8,0.0
2010-01-20,0.0,1.9,1.5
2010-01-21,0.0,0.9,0.0
2010-01-22,5.0,8.1,8.2
2010-01-23,2.0,1.8,1.7
2010-01-24,0.0,0.2,0.0
2010-01-25,0.0,1.2,1.1
2010-01-26,0.0,2.7,2.6
2010-01-27,0.0,3.8,3.7
2010-01-28,1.0,2.3,2.2
2010-01-29,1.0,2.2,2.1
2010-01-30,1.0,0.9,0.0
2010-01-31,1.0,1.8,1.7
2010-02-01,36.0,19.9,18.2
2010-02-02,0.0,0.1,0.0
2010-02-03,0.0,7.4,7.0
2010-02-04,2.0,2.9,3.2
2010-02-05,3.0,7.7,7.2
2010-02-06,2.0,14.1,12.9
2010-02-07,4.0,4.6,4.6
2010-02-08,16.0,6.8,6.5
2010-02-09,0.0,5.4,5.3
2010-02-10,1.0,0.0,0.0
2010-02-11,2.0,2.3,1.9
2010-02-12,2.0,6.9,7.4
2010-02-13,0.0,4.3,4.2
2010-02-14,0.0,1.4,1.0
2010-02-15,20.0,2.9,2.5
2010-02-16,0.0,0.2,0.0
2010-02-17,0.0,0.0,0.0
2010-02-18,15.0,2.8,2.4
2010-02-19,9.0,8.5,9.4
2010-02-20,0.0,0.1,0.0
2010-02-21,0.0,0.0,0.0
2010-02-22,0.0,7.2,7.8
2010-02-23,0.0,4.9,5.1
2010-02-24,0.0,8.3,9.1
2010-02-25,0.0,0.5,0.0
2010-02-26,0.0,0.0,0.0
2010-02-27,1.0,0.0,0.0
2010-02-28,3.0,1.7,1.6
2010-03-01,0.0,0.4,0.0
2010-03-02,0.0,11.2,10.6
2010-03-03,0.0,0.4,0.0
2010-03-04,0.0,1.2,1.0
2010-03-05,0.0,3.8,3.3
2010-03-06,0.0,10.8,10.2
2010-03-07,2.0,1.1,1.0
2010-03-08,0.0,2.0,1.7
2010-03-09,0.0,0.0,0.0
2010-03-10,2.0,0.0,0.0
2010-03-11,6.0,0.2,0.0
2010-03-12,1.0,3.2,4.2
2010-03-13,0.0,0.0,0.0
2010-03-14,0.0,0.0,0.0
2010-03-15,0.0,0.0,0.0
2010-03-16,0.0,0.0,0.0
2010-03-17,0.0,3.9,4.8
2010-03-18,3.0,0.0,0.0
2010-03-19,8.0,0.0,0.0
2010-03-20,0.0,0.0,0.0
2010-03-21,0.0,2.1,1.3
2010-03-22,15.0,0.0,0.0
2010-03-23,0.0,0.2,0.0
2010-03-24,3.0,0.0,0.0
2010-03-25,11.0,10.8,10.8
2010-03-26,0.0,14.1,14.3
2010-03-27,5.0,0.8,0.0
2010-03-28,1.0,0.2,0.0
2010-03-29,20.0,6.8,6.4
2010-03-30,0.0,1.3,1.0
2010-03-31,1.0,4.4,3.8
2010-04-01,0.0,2.6,2.0
2010-04-02,0.0,1.1,1.0
2010-04-03,0.0,4.2,3.6
2010-04-04,19.0,16.9,20.4
2010-04-05,0.0,4.4,3.9
2010-04-06,0.0,0.0,0.0
2010-04-07,25.0,4.8,4.3
2010-04-08,0.0,2.4,1.8
2010-04-09,0.0,3.3,2.8
2010-04-10,24.0,20.2,24.7
2010-04-11,0.0,6.6,7.7
2010-04-12,0.0,25.4,20.5
2010-04-13,0.0,5.7,6.7
2010-04-14,0.0,17.0,13.2
2010-04-15,0.0,2.8,4.5
2010-04-16,0.0,20.6,15.4
2010-04-17,1.0,7.7,8.9
2010-04-18,1.0,6.5,7.7
2010-04-19,3.0,17.6,13.7
2010-04-20,28.0,74.4,77.3
2010-04-21,2.0,34.0,59.4
2010-04-22,0.0,3.2,4.4
2010-04-23,0.0,1.3,2.0
2010-04-24,0.0,3.7,4.9
2010-04-25,0.0,14.0,19.2
2010-04-26,0.0,25.3,53.8
2010-04-27,0.0,0.2,0.0
2010-04-28,0.0,0.0,0.0
2010-04-29,0.0,0.0,0.0
2010-04-30,0.0,0.1,0.0
2010-05-01,0.0,3.2,1.6
2010-05-02,0.0,4.3,3.4
2010-05-03,2.0,21.2,25.9
2010-05-04,70.0,20.4,25.6
2010-05-05,54.0,11.6,11.9
2010-05-06,2.0,7.2,6.4
2010-05-07,11.0,15.8,16.3
2010-05-08,0.0,2.9,1.3
2010-05-09,1.0,6.9,6.3
2010-05-10,29.0,11.7,11.4
2010-05-11,8.0,23.4,25.7
2010-05-12,1.0,14.2,9.9
2010-05-13,21.0,32.3,40.3
2010-05-14,0.0,10.5,7.1
2010-05-15,15.0,47.1,50.9
2010-05-16,0.0,9.1,5.7
2010-05-17,0.0,0.1,0.0
2010-05-18,2.0,2.4,1.0
2010-05-19,4.0,0.4,0.0
2010-05-20,0.0,0.0,0.0
2010-05-21,8.0,8.6,8.7
2010-05-22,4.0,6.8,5.7
2010-05-23,5.0,5.6,4.6
2010-05-24,7.0,13.7,14.1
2010-05-25,0.0,4.7,4.5
2010-05-26,0.0,4.2,3.1
2010-05-27,5.0,0.9,0.0
2010-05-28,39.0,11.8,12.4
2010-05-29,2.0,1.3,0.0
2010-05-30,0.0,1.5,1.0
2010-05-31,1.0,3.2,2.0
2010-06-01,0.0,0.0,0.0
2010-06-02,0.0,0.0,0.0
2010-06-03,0.0,0.0,0.0
2010-06-04,29.0,0.0,0.0
2010-06-05,0.0,0.0,0.0
2010-06-06,5.0,0.0,0.0
2010-06-07,1.0,0.4,0.0
2010-06-08,8.0,10.6,10.1
2010-06-09,3.0,0.8,0.0
2010-06-10,12.0,4.2,6.2
2010-06-11,0.0,0.0,0.0
2010-06-12,5.0,4.9,5.2
2010-06-13,0.0,0.3,0.0
2010-06-14,39.0,0.1,0.0
2010-06-15,0.0,0.1,0.0
2010-06-16,0.0,0.0,0.0
2010-06-17,0.0,0.0,0.0
2010-06-18,0.0,0.0,0.0
2010-06-19,0.0,0.0,0.0
2010-06-20,0.0,0.0,0.0
2010-06-21,0.0,0.0,0.0
2010-06-22,0.0,0.0,0.0
2010-06-23,0.0,0.0,0.0
2010-06-24,0.0,0.1,0.0
2010-06-25,4.0,0.3,0.0
2010-06-26,2.0,1.7,6.0
2010-06-27,0.0,5.1,10.5
2010-06-28,0.0,0.0,0.0
2010-06-29,0.0,0.0,0.0
2010-06-30,9.0,0.1,0.0
2010-07-01,0.0,0.1,0.0
2010-07-02,6.0,2.6,1.5
2010-07-03,0.0,24.6,35.1
2010-07-04,32.0,2.0,1.7
2010-07-05,3.0,9.6,9.1
2010-07-06,0.0,33.5,39.0
2010-07-07,0.0,0.1,0.0
2010-07-08,0.0,24.3,34.7
2010-07-09,0.0,7.8,7.2
2010-07-10,0.0,8.9,8.2
2010-07-11,77.0,3.3,10.9
2010-07-12,13.0,0.0,0.0
2010-07-13,0.0,0.7,0.0
2010-07-14,0.0,0.0,0.0
2010-07-15,0.0,0.0,0.0
2010-07-16,0.0,0.2,0.0
2010-07-17,0.0,0.2,0.0
2010-07-18,0.0,0.1,0.0
2010-07-19,0.0,0.6,0.0
2010-07-20,0.0,0.0,0.0
2010-07-21,0.0,0.0,0.0
2010-07-22,0.0,0.1,0.0
2010-07-23,0.0,0.3,0.0
2010-07-24,0.0,1.1,1.9
2010-07-25,37.0,9.8,101.3
2010-07-26,46.0,23.1,99.1
2010-07-27,128.0,0.5,2.1
2010-07-28,2.0,0.1,0.0
2010-07-29,0.0,0.5,2.2
2010-07-30,0.0,0.0,0.0
2010-07-31,0.0,0.0,0.0
2010-08-01,0.0,0.1,0.0
2010-08-02,0.0,0.1,0.0
2010-08-03,0.0,0.1,0.0
2010-08-04,0.0,0.4,0.0
2010-08-05,0.0,0.2,0.0
2010-08-06,0.0,0.0,0.0
2010-08-07,0.0,0.2,0.0
2010-08-08,0.0,0.5,0.0
2010-08-09,0.0,1.3,1.4
2010-08-10,0.0,0.2,0.0
2010-08-11,0.0,0.5,0.0
2010-08-12,0.0,0.1,0.0
2010-08-13,2.0,0.0,0.0
2010-08-14,9.0,1.6,3.1
2010-08-15,0.0,0.0,0.0
2010-08-16,0.0,0.0,0.0
2010-08-17,0.0,0.0,0.0
2010-08-18,0.0,0.0,0.0
2010-08-19,0.0,0.1,0.0
2010-08-20,0.0,0.0,0.0
2010-08-21,4.0,1.3,0.9
2010-08-22,58.0,1.9,3.4
2010-08-23,1.0,10.9,18.8
2010-08-24,19.0,0.1,0.0
2010-08-25,0.0,0.4,0.0
2010-08-26,0.0,0.0,0.0
2010-08-27,0.0,0.0,0.0
2010-08-28,0.0,0.1,0.0
2010-08-29,0.0,0.3,0.0
2010-08-30,3.0,0.3,0.0
2010-08-31,0.0,0.2,0.0
2010-09-01,0.0,0.0,0.0
2010-09-02,0.0,0.0,0.0
2010-09-03,0.0,0.1,0.0
2010-09-04,1.0,0.6,0.0
2010-09-05,0.0,0.3,0.0
2010-09-06,2.0,22.4,10.0
2010-09-07,0.0,6.6,3.9
2010-09-08,6.0,9.4,7.0
2010-09-09,143.0,41.1,11.4
2010-09-10,8.0,6.4,4.1
2010-09-11,0.0,14.1,23.2
2010-09-12,34.0,0.7,4.9
2010-09-13,15.0,0.3,0.0
2010-09-14,0.0,1.5,5.7
2010-09-15,5.0,26.6,36.8
2010-09-16,30.0,17.0,28.0
2010-09-17,23.0,1.4,6.2
2010-09-18,2.0,18.5,29.4
2010-09-19,16.0,19.1,26.2
2010-09-20,56.0,1.8,6.5
2010-09-21,3.0,32.3,30.9
2010-09-22,10.0,53.8,51.6
2010-09-23,20.0,42.3,38.3
2010-09-24,90.0,32.5,25.8
2010-09-25,16.0,19.9,20.5
2010-09-26,0.0,0.6,0.0
2010-09-27,0.0,0.0,0.0
2010-09-28,0.0,0.5,0.0
2010-09-29,0.0,0.0,0.0
2010-09-30,9.0,0.0,0.0
2010-10-01,35.0,27.2,49.8
2010-10-02,1.0,3.1,4.4
2010-10-03,2.0,2.6,4.2
2010-10-04,2.0,3.0,4.3
2010-10-05,0.0,0.0,0.0
2010-10-06,0.0,0.0,0.0
2010-10-07,3.0,19.8,21.5
2010-10-08,1.0,36.0,53.9
2010-10-09,4.0,3.1,5.0
2010-10-10,2.0,1.5,3.2
2010-10-11,0.0,1.2,3.3
2010-10-12,9.0,2.2,4.6
2010-10-13,0.0,0.0,0.0
2010-10-14,0.0,0.8,0.0
2010-10-15,0.0,0.2,0.0
2010-10-16,7.0,12.9,16.2
2010-10-17,0.0,0.1,0.0
2010-10-18,0.0,0.0,0.0
2010-10-19,0.0,5.0,7.6
2010-10-20,2.0,10.2,13.2
2010-10-21,12.0,35.6,35.5
2010-10-22,7.0,14.3,14.5
2010-10-23,124.0,31.3,28.3
2010-10-24,2.0,0.0,0.0
2010-10-25,15.0,0.0,0.0
2010-10-26,22.0,6.8,8.2
2010-10-27,0.0,0.0,0.0
2010-10-28,0.0,1.9,3.5
2010-10-29,0.0,1.9,3.5
2010-10-30,23.0,0.9,0.0
2010-10-31,16.0,16.1,16.8
2010-11-01,39.0,4.7,4.6
2010-11-02,14.0,0.3,0.0
2010-11-03,5.0,4.5,4.5
2010-11-04,0.0,9.1,10.0
2010-11-05,5.0,29.0,27.9
2010-11-06,0.0,7.7,8.4
2010-11-07,1.0,8.8,10.1
2010-11-08,15.0,4.8,4.7
2010-11-09,2.0,0.2,0.0
2010-11-10,0.0,0.0,0.0
2010-11-11,1.0,0.0,0.0
2010-11-12,0.0,0.0,0.0
2010-11-13,0.0,0.0,0.0
2010-11-14,8.0,0.7,0.0
2010-11-15,12.0,0.0,0.0
2010-11-16,0.0,0.5,0.0
2010-11-17,0.0,0.0,0.0
2010-11-18,0.0,0.0,0.0
2010-11-19,0.0,0.0,0.0
2010-11-20,48.0,7.1,7.1
2010-11-21,1.0,3.4,1.0
2010-11-22,24.0,14.2,10.2
2010-11-23,37.0,10.5,6.5
2010-11-24,13.0,6.3,2.8
2010-11-25,0.0,19.1,15.4
2010-11-26,2.0,9.6,5.6
2010-11-27,0.0,14.4,10.5
2010-11-28,13.0,7.0,3.3
2010-11-29,7.0,4.0,1.0
2010-11-30,0.0,6.8,3.1
2010-12-01,0.0,35.4,44.4
2010-12-02,0.0,5.0,2.6
2010-12-03,0.0,7.0,4.4
2010-12-04,1.0,4.7,2.3
2010-12-05,3.0,25.1,24.8
2010-12-06,17.0,34.8,43.3
2010-12-07,6.0,10.4,7.7
2010-12-08,1.0,9.0,6.4
2010-12-09,5.0,25.2,24.7
2010-12-10,86.0,23.7,21.7
2010-12-11,23.0,23.3,18.1
2010-12-12,0.0,15.2,10.9
2010-12-13,4.0,5.9,2.8
2010-12-14,1.0,14.1,9.8
2010-12-15,0.0,6.3,3.1
2010-12-16,2.0,5.9,2.8
2010-12-17,6.0,18.0,13.4
2010-12-18,3.0,6.6,3.4
2010-12-19,2.0,5.8,2.7
2010-12-20,0.0,14.4,10.1
2010-12-21,2.0,10.6,8.3
2010-12-22,4.0,23.5,29.6
2010-12-23,1.0,3.2,1.0
2010-12-24,0.0,2.1,0.0
2010-12-25,12.0,6.6,3.6
2010-12-26,10.0,2.5,0.0
2010-12-27,34.0,9.6,7.1
2010-12-28,1.0,20.0,20.3
2010-12-29,6.0,34.1,43.2
2010-12-30,3.0,8.2,5.4
2010-12-31,0.0,6.1,3.1
2011-01-01,33.0,15.7,17.5
2011-01-02,1.0,0.1,0.0
2011-01-03,0.0,14.7,15.5
2011-01-04,0.0,0.7,0.0
2011-01-05,1.0,17.8,18.3
2011-01-06,0.0,6.4,6.2
2011-01-07,3.0,9.6,9.6
2011-01-08,2.0,10.7,10.9
2011-01-09,2.0,1.9,1.8
2011-01-10,0.0,5.1,4.8
2011-01-11,32.0,42.6,63.6
2011-01-12,0.0,1.0,1.0
2011-01-13,0.0,4.2,4.3
2011-01-14,9.0,0.1,0.0
2011-01-15,12.0,3.6,3.5
2011-01-16,14.0,12.8,15.0
2011-01-17,1.0,1.9,1.5
2011-01-18,21.0,0.1,0.0
2011-01-19,8.0,13.7,16.0
2011-01-20,9.0,3.1,2.9
2011-01-21,1.0,3.8,3.7
2011-01-22,0.0,2.7,2.6
2011-01-23,25.0,8.1,8.3
2011-01-24,6.0,8.6,8.8
2011-01-25,0.0,4.5,4.5
2011-01-26,1.0,0.9,0.0
2011-01-27,2.0,0.0,0.0
2011-01-28,0.0,0.5,0.0
2011-01-29,0.0,0.2,0.0
2011-01-30,42.0,0.7,0.0
2011-01-31,0.0,0.9,0.0
2011-02-01,15.0,6.1,5.9
2011-02-02,38.0,39.4,35.7
2011-02-03,0.0,6.6,6.3
2011-02-04,1.0,12.4,11.4
2011-02-05,37.0,16.5,15.0
2011-02-06,3.0,8.1,7.6
2011-02-07,0.0,2.7,3.1
2011-02-08,2.0,4.7,4.7
2011-02-09,2.0,13.2,12.1
2011-02-10,0.0,0.0,0.0
2011-02-11,0.0,0.7,0.0
2011-02-12,7.0,12.9,14.9
2011-02-13,0.0,3.0,2.7
2011-02-14,0.0,3.5,3.2
2011-02-15,4.0,0.2,0.0
2011-02-16,0.0,0.1,0.0
2011-02-17,0.0,0.5,0.0
2011-02-18,0.0,1.6,1.1
2011-02-19,0.0,0.0,0.0
2011-02-20,0.0,0.2,0.0
2011-02-21,1.0,2.5,2.4
2011-02-22,1.0,4.2,4.4
2011-02-23,0.0,1.3,1.2
2011-02-24,2.0,7.2,7.8
2011-02-25,11.0,28.1,43.3
2011-02-26,4.0,21.2,28.5
2011-02-27,1.0,0.6,0.0
2011-02-28,0.0,0.6,0.0
2011-03-01,1.0,8.8,8.2
2011-03-02,6.0,0.4,0.0
2011-03-03,20.0,16.8,15.4
2011-03-04,1.0,4.5,4.0
2011-03-05,3.0,4.6,4.1
2011-03-06,3.0,8.5,7.9
2011-03-07,3.0,1.7,1.4
2011-03-08,0.0,1.4,1.1
2011-03-09,6.0,3.7,3.3
2011-03-10,13.0,1.7,1.4
2011-03-11,2.0,3.5,4.4
2011-03-12,26.0,4.4,5.3
2011-03-13,0.0,4.1,5.0
2011-03-14,0.0,1.4,2.4
2011-03-15,5.0,1.1,2.1
2011-03-16,0.0,0.9,0.0
2011-03-17,0.0,0.3,0.0
2011-03-18,0.0,4.8,5.6
2011-03-19,0.0,0.5,0.0
2011-03-20,0.0,0.4,0.0
2011-03-21,12.0,2.2,1.4
2011-03-22,0.0,4.5,3.8
2011-03-23,0.0,0.1,0.0
2011-03-24,2.0,0.2,0.0
2011-03-25,0.0,0.0,0.0
2011-03-26,5.0,0.1,0.0
2011-03-27,4.0,11.5,11.8
2011-03-28,20.0,21.7,25.3
2011-03-29,2.0,2.1,1.3
2011-03-30,0.0,0.7,0.0
2011-03-31,1.0,47.0,66.3
2011-04-01,0.0,27.6,33.8
2011-04-02,20.0,8.7,8.5
2011-04-03,1.0,2.1,1.5
2011-04-04,3.0,2.6,2.0
2011-04-05,0.0,0.8,0.0
2011-04-06,5.0,0.8,0.0
2011-04-07,1.0,4.4,3.8
2011-04-08,1.0,0.3,0.0
2011-04-09,29.0,1.8,1.2
2011-04-10,16.0,18.2,23.6
2011-04-11,7.0,25.4,19.9
2011-04-12,19.0,9.6,10.1
2011-04-13,0.0,5.8,6.8
2011-04-14,22.0,1.1,3.2
2011-04-15,36.0,11.2,12.5
2011-04-16,0.0,0.9,0.0
2011-04-17,0.0,0.0,0.0
2011-04-18,13.0,0.1,0.0
2011-04-19,1.0,0.0,0.0
2011-04-20,0.0,0.4,0.0
2011-04-21,1.0,4.3,6.2
2011-04-22,0.0,0.6,0.0
2011-04-23,0.0,0.4,0.0
2011-04-24,2.0,0.2,0.0
2011-04-25,0.0,4.1,5.5
2011-04-26,0.0,0.0,0.0
2011-04-27,0.0,0.1,0.0
2011-04-28,0.0,5.6,7.6
2011-04-29,75.0,4.7,6.3
2011-04-30,0.0,3.3,5.0
2011-05-01,28.0,15.1,17.0
2011-05-02,2.0,45.9,55.0
2011-05-03,1.0,1.7,1.0
2011-05-04,0.0,0.0,0.0
2011-05-05,4.0,6.2,5.3
2011-05-06,29.0,36.2,43.5
2011-05-07,0.0,0.3,0.0
2011-05-08,2.0,2.7,1.1
2011-05-09,0.0,0.0,0.0
2011-05-10,0.0,0.0,0.0
2011-05-11,0.0,0.0,0.0
2011-05-12,0.0,0.0,0.0
2011-05-13,38.0,3.6,2.0
2011-05-14,0.0,0.0,0.0
2011-05-15,0.0,2.2,1.0
2011-05-16,16.0,6.0,3.6
2011-05-17,0.0,0.0,0.0
2011-05-18,0.0,0.7,0.0
2011-05-19,0.0,0.0,0.0
2011-05-20,0.0,0.0,0.0
2011-05-21,0.0,0.1,0.0
2011-05-22,0.0,0.0,0.0
2011-05-23,0.0,0.0,0.0
2011-05-24,0.0,0.0,0.0
2011-05-25,0.0,0.0,0.0
2011-05-26,0.0,0.0,0.0
2011-05-27,0.0,0.0,0.0
2011-05-28,0.0,0.0,0.0
2011-05-29,0.0,0.3,0.0
2011-05-30,31.0,2.5,1.1
2011-05-31,17.0,0.5,0.0
2011-06-01,4.0,0.0,0.0
2011-06-02,0.0,0.0,0.0
2011-06-03,0.0,0.0,0.0
2011-06-04,0.0,0.0,0.0
2011-06-05,0.0,0.0,0.0
2011-06-06,0.0,0.0,0.0
2011-06-07,0.0,0.0,0.0
2011-06-08,0.0,0.0,0.0
2011-06-09,0.0,0.0,0.0
2011-06-10,2.0,0.0,0.0
2011-06-11,0.0,0.0,0.0
2011-06-12,0.0,0.1,0.0
2011-06-13,0.0,0.0,0.0
2011-06-14,0.0,0.0,0.0
2011-06-15,0.0,0.0,0.0
2011-06-16,0.0,0.2,0.0
2011-06-17,0.0,0.3,0.0
2011-06-18,0.0,0.0,0.0
2011-06-19,0.0,0.0,0.0
2011-06-20,0.0,0.0,0.0
2011-06-21,0.0,0.0,0.0
2011-06-22,0.0,0.0,0.0
2011-06-23,0.0,0.0,0.0
2011-06-24,0.0,0.0,0.0
2011-06-25,0.0,1.9,5.6
2011-06-26,1.0,1.0,4.0
2011-06-27,0.0,0.4,0.0
2011-06-28,0.0,0.0,0.0
2011-06-29,0.0,0.0,0.0
2011-06-30,0.0,0.0,0.0
2011-07-01,0.0,0.0,0.0
2011-07-02,0.0,0.0,0.0
2011-07-03,0.0,0.0,0.0
2011-07-04,0.0,0.0,0.0
2011-07-05,0.0,0.0,0.0
2011-07-06,0.0,0.0,0.0
2011-07-07,0.0,0.0,0.0
2011-07-08,0.0,0.3,0.0
2011-07-09,0.0,0.5,0.0
2011-07-10,0.0,0.0,0.0
2011-07-11,0.0,0.0,0.0
2011-07-12,0.0,0.0,0.0
2011-07-13,0.0,0.0,0.0
2011-07-14,0.0,0.0,0.0
2011-07-15,0.0,0.1,0.0
2011-07-16,0.0,0.8,0.0
2011-07-17,0.0,0.9,0.0
2011-07-18,0.0,0.0,0.0
2011-07-19,0.0,0.0,0.0
2011-07-20,0.0,0.0,0.0
2011-07-21,0.0,0.0,0.0
2011-07-22,0.0,0.0,0.0
2011-07-23,0.0,0.0,0.0
2011-07-24,0.0,0.0,0.0
2011-07-25,1.0,4.0,40.6
2011-07-26,0.0,0.0,0.0
2011-07-27,0.0,1.6,3.9
2011-07-28,0.0,0.0,0.0
2011-07-29,0.0,0.0,0.0
2011-07-30,0.0,0.6,1.1
2011-07-31,0.0,0.8,1.1
2011-08-01,0.0,0.0,0.0
2011-08-02,0.0,0.0,0.0
2011-08-03,0.0,0.0,0.0
2011-08-04,0.0,0.0,0.0
2011-08-05,0.0,0.0,0.0
2011-08-06,0.0,0.0,0.0
2011-08-07,0.0,0.0,0.0
2011-08-08,0.0,0.0,0.0
2011-08-09,0.0,0.0,0.0
2011-08-10,0.0,0.0,0.0
2011-08-11,0.0,0.0,0.0
2011-08-12,0.0,0.0,0.0
2011-08-13,0.0,0.0,0.0
2011-08-14,0.0,0.0,0.0
2011-08-15,0.0,0.0,0.0
2011-08-16,0.0,0.0,0.0
2011-08-17,0.0,0.0,0.0
2011-08-18,0.0,0.0,0.0
2011-08-19,0.0,0.0,0.0
2011-08-20,0.0,0.1,0.0
2011-08-21,0.0,0.2,0.0
2011-08-22,0.0,0.0,0.0
2011-08-23,0.0,0.0,0.0
2011-08-24,0.0,0.0,0.0
2011-08-25,0.0,0.0,0.0
2011-08-26,0.0,0.0,0.0
2011-08-27,0.0,0.0,0.0
2011-08-28,0.0,0.0,0.0
2011-08-29,0.0,1.1,0.0
2011-08-30,0.0,0.0,0.0
2011-08-31,0.0,0.0,0.0
2011-09-01,0.0,0.9,0.0
2011-09-02,0.0,0.0,0.0
2011-09-03,0.0,0.0,0.0
2011-09-04,0.0,0.0,0.0
2011-09-05,0.0,0.2,0.0
2011-09-06,0.0,0.0,0.0
2011-09-07,0.0,0.0,0.0
2011-09-08,0.0,0.0,0.0
2011-09-09,0.0,0.0,0.0
2011-09-10,0.0,0.3,0.0
2011-09-11,0.0,0.1,0.0
2011-09-12,1.0,0.0,0.0
2011-09-13,0.0,1.1,5.5
2011-09-14,0.0,0.1,0.0
2011-09-15,0.0,0.0,0.0
2011-09-16,0.0,0.0,0.0
2011-09-17,0.0,0.0,0.0
2011-09-18,0.0,0.0,0.0
2011-09-19,0.0,0.0,0.0
2011-09-20,0.0,0.0,0.0
2011-09-21,0.0,0.0,0.0
2011-09-22,0.0,0.0,0.0
2011-09-23,0.0,0.0,0.0
2011-09-24,0.0,0.0,0.0
2011-09-25,0.0,0.0,0.0
2011-09-26,0.0,0.0,0.0
2011-09-27,1.0,0.0,0.0
2011-09-28,0.0,0.0,0.0
2011-09-29,0.0,0.0,0.0
2011-09-30,0.0,0.0,0.0
2011-10-01,0.0,0.0,0.0
2011-10-02,0.0,0.0,0.0
2011-10-03,0.0,0.0,0.0
2011-10-04,0.0,0.0,0.0
2011-10-05,0.0,0.0,0.0
2011-10-06,1.0,0.0,0.0
2011-10-07,0.0,0.0,0.0
2011-10-08,0.0,0.0,0.0
2011-10-09,0.0,0.9,2.3
2011-10-10,0.0,1.5,2.7
2011-10-11,0.0,0.0,0.0
2011-10-12,0.0,0.0,0.0
2011-10-13,0.0,0.0,0.0
2011-10-14,0.0,0.0,0.0
2011-10-15,0.0,0.0,0.0
2011-10-16,1.0,0.0,0.0
2011-10-17,0.0,0.1,0.0
2011-10-18,5.0,0.0,0.0
2011-10-19,8.0,0.0,0.0
2011-10-20,0.0,5.3,7.9
2011-10-21,0.0,0.3,0.0
2011-10-22,15.0,0.3,0.0
2011-10-23,11.0,0.0,0.0
2011-10-24,0.0,4.3,6.3
2011-10-25,36.0,1.3,2.9
2011-10-26,1.0,0.5,0.0
2011-10-27,3.0,0.0,0.0
2011-10-28,5.0,0.1,0.0
2011-10-29,19.0,0.0,0.0
2011-10-30,0.0,0.0,0.0
2011-10-31,0.0,0.0,0.0
2011-11-01,29.0,26.1,25.7
2011-11-02,0.0,0.0,0.0
2011-11-03,0.0,0.0,0.0
2011-11-04,0.0,10.0,11.6
2011-11-05,0.0,0.6,0.0
2011-11-06,1.0,29.2,28.4
2011-11-07,0.0,38.3,40.2
2011-11-08,46.0,108.6,152.6
2011-11-09,7.0,33.8,33.0
2011-11-10,36.0,16.5,18.6
2011-11-11,0.0,0.3,0.0
2011-11-12,0.0,1.1,1.2
2011-11-13,1.0,9.8,9.8
2011-11-14,13.0,0.1,0.0
2011-11-15,0.0,0.0,0.0
2011-11-16,0.0,1.3,1.4
2011-11-17,0.0,1.1,1.2
2011-11-18,0.0,2.9,3.0
2011-11-19,5.0,7.6,7.7
2011-11-20,30.0,0.0,0.0
2011-11-21,15.0,22.1,19.2
2011-11-22,2.0,9.2,5.3
2011-11-23,0.0,2.4,0.0
2011-11-24,0.0,0.0,0.0
2011-11-25,0.0,0.0,0.0
2011-11-26,1.0,1.3,0.0
2011-11-27,0.0,2.1,0.0
2011-11-28,0.0,9.8,5.8
2011-11-29,0.0,1.4,0.0
2011-11-30,0.0,0.1,0.0
2011-12-01,0.0,0.0,0.0
2011-12-02,0.0,0.0,0.0
2011-12-03,2.0,1.7,0.0
2011-12-04,12.0,6.1,3.5
2011-12-05,0.0,0.5,0.0
2011-12-06,29.0,13.9,11.4
2011-12-07,8.0,7.0,4.4
2011-12-08,0.0,2.8,1.0
2011-12-09,0.0,1.6,0.0
2011-12-10,7.0,17.7,15.6
2011-12-11,1.0,31.5,26.3
2011-12-12,2.0,6.1,3.0
2011-12-13,34.0,14.0,9.8
2011-12-14,0.0,14.0,9.7
2011-12-15,0.0,32.5,26.8
2011-12-16,9.0,7.9,4.4
2011-12-17,0.0,9.4,5.7
2011-12-18,77.0,71.4,97.0
2011-12-19,8.0,20.5,15.7
2011-12-20,3.0,8.0,4.6
2011-12-21,0.0,4.0,1.0
2011-12-22,1.0,15.2,14.3
2011-12-23,13.0,10.0,7.6
2011-12-24,1.0,12.0,10.1
2011-12-25,4.0,6.3,3.3
2011-12-26,69.0,2.0,0.0
2011-12-27,22.0,0.6,0.0
2011-12-28,1.0,3.3,1.0
2011-12-29,0.0,2.0,0.0
2011-12-30,35.0,7.1,4.1
2011-12-31,0.0,10.6,8.3
2012-01-01,65.0,41.3,58.8
2012-01-02,0.0,0.2,0.0
2012-01-03,0.0,15.7,16.1
2012-01-04,0.0,0.7,0.0
2012-01-05,25.0,2.1,2.0
2012-01-06,3.0,31.1,42.8
2012-01-07,51.0,60.1,76.8
2012-01-08,40.0,38.2,53.8
2012-01-09,52.0,32.0,44.1
2012-01-10,5.0,4.6,4.3
2012-01-11,17.0,46.7,70.6
2012-01-12,26.0,25.0,33.8
2012-01-13,0.0,1.5,1.0
2012-01-14,0.0,5.6,6.0
2012-01-15,9.0,4.1,4.2
2012-01-16,59.0,9.7,11.2
2012-01-17,0.0,6.2,6.8
2012-01-18,1.0,21.4,28.1
2012-01-19,1.0,4.2,4.3
2012-01-20,30.0,51.1,78.3
2012-01-21,38.0,24.8,28.0
2012-01-22,20.0,29.9,35.0
2012-01-23,7.0,12.3,12.7
2012-01-24,0.0,11.2,11.5
2012-01-25,0.0,1.4,1.3
2012-01-26,0.0,0.2,0.0
2012-01-27,2.0,5.0,5.0
2012-01-28,8.0,21.9,24.0
2012-01-29,4.0,23.1,25.1
2012-01-30,0.0,5.6,5.6
2012-02-01,16.0,23.7,22.6
2012-02-02,15.0,16.6,15.1
2012-02-03,3.0,6.0,5.8
2012-02-04,40.0,48.5,45.7
2012-02-05,0.0,0.6,0.0
2012-02-06,28.0,2.6,2.9
2012-02-07,11.0,3.7,3.8
2012-02-08,9.0,1.2,1.9
2012-02-09,1.0,2.8,3.1
2012-02-10,2.0,11.8,10.8
2012-02-11,0.0,0.4,0.0
2012-02-12,3.0,0.0,0.0
2012-02-13,0.0,0.0,0.0
2012-02-14,0.0,0.0,0.0
2012-02-15,0.0,1.0,1.0
2012-02-16,0.0,0.9,1.0
2012-02-17,0.0,0.9,1.0
2012-02-18,2.0,29.2,42.6
2012-02-19,70.0,75.2,106.5
2012-02-20,7.0,24.2,33.5
2012-02-21,2.0,0.5,0.0
2012-02-22,0.0,1.2,1.1
2012-02-23,8.0,14.9,16.7
2012-02-24,1.0,23.8,34.1
2012-02-25,0.0,0.1,0.0
2012-02-26,0.0,0.0,0.0
2012-02-27,3.0,6.6,7.2
2012-02-28,15.0,10.3,11.6
2012-02-29,0.0,6.7,7.3
2012-03-01,6.0,5.8,5.3
2012-03-02,14.0,3.3,2.9
2012-03-03,18.0,29.8,38.9
2012-03-04,0.0,10.4,9.7
2012-03-05,20.0,22.5,28.9
2012-03-06,4.0,17.2,17.2
2012-03-07,19.0,21.5,25.8
2012-03-08,6.0,12.5,11.7
2012-03-09,5.0,14.2,13.7
2012-03-10,4.0,8.5,7.9
2012-03-11,0.0,9.3,9.9
2012-03-12,0.0,0.7,0.0
2012-03-13,31.0,29.3,37.0
2012-03-14,5.0,6.0,6.8
2012-03-15,0.0,4.0,4.9
2012-03-16,1.0,5.4,6.2
2012-03-17,8.0,33.5,41.1
2012-03-18,27.0,35.6,43.5
2012-03-19,51.0,45.8,53.7
2012-03-20,20.0,43.0,50.7
2012-03-21,8.0,8.1,7.8
2012-03-22,9.0,2.6,1.9
2012-03-23,11.0,0.2,0.0
2012-03-24,9.0,0.5,0.0
2012-03-25,0.0,0.0,0.0
2012-03-26,0.0,0.0,0.0
2012-03-27,1.0,3.2,2.5
2012-03-28,24.0,16.2,16.8
2012-03-29,0.0,0.0,0.0
2012-03-30,13.0,0.1,0.0
2012-03-31,13.0,0.3,0.0
2012-04-01,4.0,0.0,0.0
2012-04-02,17.0,4.7,4.1
2012-04-03,15.0,0.0,0.0
2012-04-04,0.0,0.3,0.0
2012-04-05,0.0,1.9,1.3
2012-04-06,0.0,0.2,0.0
2012-04-07,0.0,0.0,0.0
2012-04-08,0.0,0.1,0.0
2012-04-09,0.0,0.1,0.0
2012-04-10,0.0,0.0,0.0
2012-04-11,0.0,0.5,0.0
2012-04-12,0.0,0.2,0.0
2012-04-13,0.0,1.0,3.2
2012-04-14,0.0,0.1,0.0
2012-04-15,38.0,0.2,0.0
2012-04-16,0.0,0.0,0.0
2012-04-17,0.0,0.0,0.0
2012-04-18,32.0,0.0,0.0
2012-04-19,0.0,0.0,0.0
2012-04-20,3.0,0.0,0.0
2012-04-21,0.0,0.0,0.0
2012-04-22,0.0,0.0,0.0
2012-04-23,0.0,0.0,0.0
2012-04-24,0.0,0.0,0.0
2012-04-25,0.0,0.0,0.0
2012-04-26,0.0,0.0,0.0
2012-04-27,0.0,1.6,2.3
2012-04-28,1.0,10.2,13.3
2012-04-29,0.0,0.1,0.0
2012-04-30,0.0,0.2,0.0
2012-05-01,0.0,0.0,0.0
2012-05-02,0.0,0.0,0.0
2012-05-03,0.0,0.0,0.0
2012-05-04,0.0,5.6,4.4
2012-05-05,2.0,1.9,1.0
2012-05-06,79.0,29.7,35.9
2012-05-07,0.0,0.0,0.0
2012-05-08,0.0,1.7,1.0
2012-05-09,0.0,0.0,0.0
2012-05-10,9.0,6.0,4.7
2012-05-11,27.0,14.7,10.6
2012-05-12,62.0,93.6,51.3
2012-05-13,5.0,28.7,35.1
2012-05-14,59.0,19.4,18.2
2012-05-15,0.0,3.7,2.1
2012-05-16,0.0,1.6,1.0
2012-05-17,0.0,7.2,4.1
2012-05-18,0.0,3.4,1.6
2012-05-19,0.0,0.0,0.0
2012-05-20,0.0,0.0,0.0
2012-05-21,0.0,0.2,0.0
2012-05-22,0.0,0.1,0.0
2012-05-23,0.0,0.0,0.0
2012-05-24,0.0,0.0,0.0
2012-05-25,0.0,0.1,0.0
2012-05-26,3.0,0.7,0.0
2012-05-27,0.0,0.0,0.0
2012-05-28,0.0,0.0,0.0
2012-05-29,0.0,0.0,0.0
2012-05-30,0.0,0.0,0.0
2012-05-31,0.0,0.0,0.0
2012-06-01,0.0,0.1,0.0
2012-06-02,0.0,1.0,0.0
2012-06-03,0.0,0.0,0.0
2012-06-04,0.0,0.2,0.0
2012-06-05,0.0,0.1,0.0
2012-06-06,0.0,0.0,0.0
2012-06-07,0.0,0.0,0.0
2012-06-08,0.0,0.2,0.0
2012-06-09,0.0,0.0,0.0
2012-06-10,0.0,1.7,4.7
2012-06-11,0.0,0.1,0.0
2012-06-12,0.0,0.8,0.0
2012-06-13,0.0,0.0,0.0
2012-06-14,0.0,0.0,0.0
2012-06-15,0.0,0.0,0.0
2012-06-16,0.0,0.0,0.0
2012-06-17,0.0,0.0,0.0
2012-06-18,0.0,0.8,0.0
2012-06-19,0.0,0.8,0.0
2012-06-20,0.0,0.0,0.0
2012-06-21,2.0,0.0,0.0
2012-06-22,0.0,0.0,0.0
2012-06-23,0.0,0.0,0.0
2012-06-24,0.0,0.0,0.0
2012-06-25,0.0,0.1,0.0
2012-06-26,0.0,0.0,0.0
2012-06-27,0.0,0.0,0.0
2012-06-28,0.0,0.0,0.0
2012-06-29,0.0,0.0,0.0
2012-06-30,0.0,0.0,0.0
2012-07-01,0.0,1.3,1.0
2012-07-02,0.0,0.0,0.0
2012-07-03,0.0,0.0,0.0
2012-07-04,0.0,0.0,0.0
2012-07-05,0.0,0.0,0.0
2012-07-06,0.0,0.1,0.0
2012-07-07,0.0,0.0,0.0
2012-07-08,0.0,0.0,0.0
2012-07-09,0.0,0.1,0.0
2012-07-10,0.0,0.0,0.0
2012-07-11,0.0,0.0,0.0
2012-07-12,12.0,0.0,0.0
2012-07-13,1.0,0.1,0.0
2012-07-14,2.0,0.9,0.0
2012-07-15,0.0,0.0,0.0
2012-07-16,0.0,0.0,0.0
2012-07-17,6.0,0.2,0.0
2012-07-18,1.0,3.8,11.8
2012-07-19,0.0,0.0,0.0
2012-07-20,0.0,0.0,0.0
2012-07-21,0.0,0.0,0.0
2012-07-22,0.0,0.0,0.0
2012-07-23,0.0,0.0,0.0
2012-07-24,0.0,0.0,0.0
2012-07-25,0.0,0.0,0.0
2012-07-26,0.0,0.0,0.0
2012-07-27,0.0,0.0,0.0
2012-07-28,0.0,0.0,0.0
2012-07-29,0.0,0.0,0.0
2012-07-30,0.0,0.0,0.0
2012-07-31,0.0,0.0,0.0
2012-08-01,0.0,0.0,0.0
2012-08-02,0.0,0.0,0.0
2012-08-03,0.0,0.0,0.0
2012-08-04,0.0,0.0,0.0
2012-08-05,0.0,0.0,0.0
2012-08-06,0.0,0.0,0.0
2012-08-07,0.0,0.0,0.0
2012-08-08,0.0,0.0,0.0
2012-08-09,0.0,0.0,0.0
2012-08-10,0.0,0.0,0.0
2012-08-11,0.0,0.0,0.0
2012-08-12,0.0,0.0,0.0
2012-08-13,0.0,0.0,0.0
2012-08-14,0.0,0.0,0.0
2012-08-15,0.0,0.0,0.0
2012-08-16,0.0,0.0,0.0
2012-08-17,0.0,0.0,0.0
2012-08-18,0.0,0.0,0.0
2012-08-19,0.0,0.0,0.0
2012-08-20,0.0,0.0,0.0
2012-08-21,0.0,0.0,0.0
2012-08-22,0.0,0.0,0.0
2012-08-23,0.0,0.0,0.0
2012-08-24,0.0,0.0,0.0
2012-08-25,0.0,0.0,0.0
2012-08-26,0.0,0.0,0.0
2012-08-27,0.0,0.0,0.0
2012-08-28,0.0,0.0,0.0
2012-08-29,0.0,0.0,0.0
2012-08-30,0.0,0.0,0.0
2012-08-31,0.0,0.0,0.0
2012-09-01,0.0,0.0,0.0
2012-09-02,0.0,0.0,0.0
2012-09-03,0.0,0.0,0.0
2012-09-04,0.0,0.0,0.0
2012-09-05,0.0,0.0,0.0
2012-09-06,0.0,0.0,0.0
2012-09-07,0.0,0.0,0.0
2012-09-08,0.0,0.0,0.0
2012-09-09,0.0,0.0,0.0
2012-09-10,0.0,0.0,0.0
2012-09-11,0.0,0.0,0.0
2012-09-12,0.0,0.0,0.0
2012-09-13,0.0,0.0,0.0
2012-09-14,0.0,0.0,0.0
2012-09-15,0.0,0.0,0.0
2012-09-16,0.0,0.1,0.0
2012-09-17,6.0,0.0,0.0
2012-09-18,0.0,0.0,0.0
2012-09-19,0.0,0.0,0.0
2012-09-20,0.0,0.0,0.0
2012-09-21,0.0,0.0,0.0
2012-09-22,0.0,0.0,0.0
2012-09-23,0.0,0.0,0.0
2012-09-24,0.0,0.0,0.0
2012-09-25,0.0,0.0,0.0
2012-09-26,6.0,0.0,0.0
2012-09-27,0.0,0.0,0.0
2012-09-28,0.0,0.0,0.0
2012-09-29,0.0,0.0,0.0
2012-09-30,0.0,0.0,0.0
2012-10-01,0.0,0.0,0.0
2012-10-02,0.0,0.0,0.0
2012-10-03,3.0,0.0,0.0
2012-10-04,0.0,0.0,0.0
2012-10-05,0.0,0.0,0.0
2012-10-06,0.0,0.0,0.0
2012-10-07,1.0,0.0,0.0
2012-10-08,0.0,0.0,0.0
2012-10-09,0.0,0.0,0.0
2012-10-10,0.0,0.0,0.0
2012-10-11,0.0,0.0,0.0
2012-10-12,0.0,0.0,0.0
2012-10-13,0.0,0.0,0.0
2012-10-14,0.0,0.0,0.0
2012-10-15,0.0,0.5,0.0
2012-10-16,0.0,0.7,0.0
2012-10-17,0.0,1.2,3.2
2012-10-18,0.0,1.9,4.1
2012-10-19,0.0,0.0,0.0
2012-10-20,0.0,0.0,0.0
2012-10-21,0.0,0.0,0.0
2012-10-22,0.0,0.0,0.0
2012-10-23,0.0,0.0,0.0
2012-10-24,2.0,0.0,0.0
2012-10-25,0.0,0.7,0.0
2012-10-26,0.0,0.0,0.0
2012-10-27,1.0,0.0,0.0
2012-10-28,1.0,20.2,20.0
2012-10-29,0.0,15.0,14.6
2012-10-30,0.0,0.0,0.0
2012-10-31,0.0,0.1,0.0
2012-11-01,0.0,0.1,0.0
2012-11-02,0.0,0.0,0.0
2012-11-03,0.0,0.0,0.0
2012-11-04,0.0,0.9,1.0
2012-11-05,22.0,0.6,0.0
2012-11-06,4.0,0.0,0.0
2012-11-07,0.0,0.0,0.0
2012-11-08,0.0,2.3,2.0
2012-11-09,0.0,0.0,0.0
2012-11-10,0.0,0.0,0.0
2012-11-11,0.0,0.0,0.0
2012-11-12,42.0,24.6,25.3
2012-11-13,1.0,1.3,1.4
2012-11-14,0.0,0.0,0.0
2012-11-15,0.0,0.0,0.0
2012-11-16,0.0,0.0,0.0
2012-11-17,17.0,1.3,1.4
2012-11-18,16.0,18.1,18.4
2012-11-19,0.0,1.6,1.6
2012-11-20,21.0,32.9,33.0
2012-11-21,13.0,19.9,16.2
2012-11-22,2.0,6.9,3.2
2012-11-23,0.0,20.8,17.3
2012-11-24,0.0,1.0,0.0
2012-11-25,5.0,11.0,7.1
2012-11-26,19.0,6.5,2.9
2012-11-27,1.0,23.2,20.6
2012-11-28,32.0,16.2,12.2
2012-11-29,0.0,0.3,0.0
2012-11-30,5.0,10.5,6.5
2012-12-01,14.0,8.2,5.5
2012-12-02,94.0,18.2,15.8
2012-12-03,2.0,11.3,8.7
2012-12-04,0.0,5.8,3.3
2012-12-05,0.0,2.9,1.0
2012-12-06,0.0,3.6,1.4
2012-12-07,0.0,14.3,11.9
2012-12-08,0.0,7.6,4.9
2012-12-09,3.0,14.4,12.0
2012-12-10,19.0,10.6,7.9
2012-12-11,35.0,48.1,45.5
2012-12-12,0.0,18.6,13.9
2012-12-13,6.0,18.4,13.7
2012-12-14,0.0,15.0,10.7
2012-12-15,0.0,6.6,3.3
2012-12-16,3.0,21.6,16.7
2012-12-17,2.0,16.4,11.9
2012-12-18,1.0,12.4,8.4
2012-12-19,0.0,3.0,1.0
2012-12-20,23.0,17.0,12.5
2012-12-21,24.0,18.9,19.3
2012-12-22,4.0,18.5,18.8
2012-12-23,3.0,7.0,4.0
2012-12-24,5.0,15.1,14.2
2012-12-25,21.0,13.3,11.8
2012-12-26,10.0,21.0,21.4
2012-12-27,1.0,27.7,34.4
2012-12-28,4.0,17.1,16.8
2012-12-29,0.0,2.8,0.0
2012-12-30,0.0,9.7,7.2
2013-12-13,23.5,8.4,4.9
2014-01-01,15.0,41.9,58.8
2014-01-02,86.1,31.4,43.4
2014-01-03,21.7,9.1,9.1
2014-01-04,58.0,11.2,11.4
2014-01-05,20.4,4.4,4.1
2014-01-06,13.2,0.0,0.0
2014-01-07,0.0,0.7,0.0
2014-01-08,0.0,10.6,10.8
2014-01-09,1.6,4.1,3.8
2014-01-10,2.4,6.8,6.6
2014-01-11,65.0,7.4,8.3
2014-01-12,2.1,13.3,15.7
2014-01-13,1.2,16.0,20.6
2014-01-14,14.5,11.0,12.9
2014-01-16,1.0,9.0,10.3
2014-01-19,3.1,8.1,9.2
2014-01-20,6.1,26.5,36.1
2014-01-21,117.7,9.6,9.8
2014-01-22,12.3,17.1,18.5
2014-01-23,22.3,31.2,36.5
2014-01-24,22.1,13.7,14.1
2014-01-25,14.6,1.7,1.6
2014-01-26,3.2,0.3,0.0
2014-01-27,3.5,7.2,7.3
2014-01-28,14.3,0.1,0.0
2014-01-29,0.0,1.7,1.6
2014-01-30,1.0,0.4,0.0
2014-02-01,7.2,5.1,5.0
2014-02-02,7.9,14.8,13.5
2014-02-03,35.5,17.2,15.7
2014-02-04,28.5,0.6,0.0
2014-02-05,0.0,0.1,0.0
2014-02-06,0.0,0.1,0.0
2014-02-08,1.5,59.1,56.7
2014-02-09,16.7,5.3,5.2
2014-02-10,16.4,1.5,2.1
2014-02-12,8.6,0.0,0.0
2014-02-13,0.0,9.8,11.0
2014-02-14,2.5,42.0,69.0
2014-02-15,22.7,0.8,0.0
2014-02-17,0.0,6.4,6.7
2014-02-18,0.0,3.1,2.7
2014-02-19,7.5,12.2,13.9
2014-02-20,4.2,0.1,0.0
2014-02-21,1.3,0.9,1.0
2014-02-22,5.9,0.1,0.0
2014-02-23,1.0,0.0,0.0
2014-02-24,0.8,0.0,0.0
2014-02-26,0.0,0.0,0.0
2014-02-27,0.0,3.4,3.5
2014-02-28,18.3,1.3,1.2
2014-03-01,0.0,0.0,0.0
2014-03-04,0.2,0.0,0.0
2014-03-05,0.0,0.0,0.0
2014-03-07,0.0,0.0,0.0
2014-03-10,0.0,0.0,0.0
2014-03-11,0.0,12.2,12.7
2014-03-12,1.5,5.4,6.3
2014-03-13,6.4,49.5,57.0
2014-03-14,12.0,0.0,0.0
2014-03-15,0.0,0.0,0.0
2014-03-16,0.0,4.8,5.7
2014-03-17,4.6,12.0,12.0
2014-03-18,57.1,0.0,0.0
2014-03-19,0.0,20.3,24.2
2014-03-20,32.0,4.8,5.7
2014-03-21,4.6,1.7,1.0
2014-03-22,2.3,3.9,3.2
2014-03-23,38.2,0.0,0.0
2014-03-27,10.9,4.2,3.5
2014-03-29,6.6,0.0,0.0
2014-03-30,0.0,0.0,0.0
2014-04-07,2.8,1.0,1.0
2014-04-10,0.2,0.0,0.0
2014-04-15,4.7,0.0,0.0
2014-04-16,0.0,1.0,3.2
2014-04-17,0.0,47.6,61.8
2014-04-18,13.6,16.4,13.1
2014-04-19,0.9,7.7,8.3
2014-04-20,2.8,2.1,4.0
2014-04-21,0.2,8.4,11.0
2014-04-22,44.7,0.0,0.0
2014-04-23,0.0,7.4,9.8
2014-04-25,0.0,0.0,0.0
2014-04-26,39.3,0.0,0.0
2014-04-28,0.0,0.0,0.0
2014-05-01,51.8,0.1,0.0
2014-05-03,3.0,0.4,0.0
2014-05-12,1.3,0.3,0.0
2014-05-13,3.0,0.0,0.0
2014-05-14,0.0,0.0,0.0
2014-05-24,0.0,0.0,0.0
2014-05-28,0.3,0.2,0.0
2014-05-30,0.0,0.0,0.0
2014-06-02,0.0,0.0,0.0
2014-06-05,0.0,0.0,0.0
2014-06-13,0.0,0.0,0.0
2014-06-16,0.0,0.0,0.0
2014-06-17,0.0,0.0,0.0
2014-06-19,0.0,0.0,0.0
2014-06-22,0.0,4.2,8.9
2014-06-27,0.0,0.0,0.0
2014-07-03,0.0,0.0,0.0
2014-07-05,0.0,0.0,0.0
2014-07-06,0.0,0.0,0.0
2014-07-07,0.0,0.0,0.0
2014-07-08,13.5,0.0,0.0
2014-07-10,0.0,0.0,0.0
2014-07-11,0.0,0.0,0.0
2014-07-13,2.2,0.0,0.0
2014-07-14,9.7,0.0,0.0
2014-07-16,0.0,0.0,0.0
2014-07-18,0.0,0.0,0.0
2014-07-19,0.5,0.0,0.0
2014-07-20,0.0,0.0,0.0
2014-07-21,0.3,0.0,0.0
2014-07-24,0.0,0.0,0.0
2014-07-30,0.0,0.0,0.0
2014-07-31,0.0,0.0,0.0
2014-08-02,0.0,0.1,0.0
2014-08-06,0.0,0.0,0.0
2014-08-08,0.0,0.0,0.0
2014-08-12,0.0,0.0,0.0
2014-08-14,0.0,0.0,0.0
2014-08-15,0.5,0.0,0.0
2014-08-19,0.0,0.0,0.0
2014-08-21,0.0,0.0,0.0
2014-08-26,0.0,0.0,0.0
2014-09-01,0.0,0.0,0.0
2014-09-29,0.0,0.0,0.0
2014-10-02,0.0,0.0,0.0
2014-10-05,0.0,0.0,0.0
2014-10-06,1.1,0.0,0.0
2014-10-14,0.0,0.0,0.0
2014-10-20,1.0,0.0,0.0
2014-10-26,0.0,0.0,0.0
2014-10-30,0.0,0.0,0.0
2014-11-03,0.0,0.0,0.0
2014-11-07,0.0,0.0,0.0
2014-11-16,5.0,10.0,10.1
2014-11-19,7.5,0.0,0.0
2014-11-22,0.0,0.0,0.0
2014-11-27,31.0,25.1,21.8
2014-11-28,23.8,25.9,23.5
2014-11-29,34.0,4.8,1.5
2014-11-30,0.6,17.8,13.9
2014-12-01,21.7,13.0,10.4
2014-12-03,18.8,34.4,42.2
2014-12-04,2.8,17.7,15.6
2014-12-05,4.8,14.5,12.1
2014-12-06,2.5,51.2,72.3
2014-12-07,2.7,46.2,63.9
2014-12-08,23.8,0.0,0.0
2014-12-10,0.7,3.4,1.2
2014-12-11,1.0,4.9,2.0
2014-12-13,0.0,0.3,0.0
2014-12-15,0.2,4.2,1.4
2014-12-16,27.0,0.9,0.0
2014-12-17,10.7,8.4,4.9
2014-12-18,3.0,33.7,29.1
2014-12-20,1.0,10.3,6.5
2014-12-21,26.4,1.0,0.0
2014-12-22,23.6,8.7,6.0
2014-12-23,14.6,1.8,0.0
2014-12-24,0.5,5.9,2.8
2014-12-25,3.2,5.3,2.1
2014-12-26,0.8,8.8,6.1
2014-12-27,10.0,7.6,4.7
2014-12-29,71.0,1.8,0.0
2014-12-30,0.4,14.5,13.3
2014-12-31,5.7,10.9,8.8
2015-01-01,2.0,10.3,10.4
2015-01-02,1.0,40.7,57.6
2015-01-03,20.9,11.3,11.5
2015-01-04,8.1,0.1,0.0
2015-01-05,0.0,1.2,1.2
2015-01-06,0.0,0.2,0.0
2015-01-08,1.5,1.0,1.1
2015-01-10,0.8,1.0,1.1
2015-01-11,0.0,1.7,1.3
2015-01-13,0.3,4.7,4.9
2015-01-14,0.8,13.8,16.5
2015-01-15,27.5,0.5,0.0
2015-01-18,0.0,7.6,8.6
2015-01-19,0.0,0.0,0.0
2015-01-20,1.0,1.6,1.2
2015-01-23,15.0,7.9,8.0
2015-01-24,29.5,0.0,0.0
2015-01-25,1.5,9.0,9.2
2015-01-26,32.7,7.9,8.0
2015-01-28,7.0,0.7,0.0
2015-01-29,19.7,0.6,0.0
2015-01-30,3.0,28.2,31.4
2015-01-31,2.7,44.4,54.5
2015-02-01,34.0,0.0,0.0
2015-02-04,0.0,0.0,0.0
2015-02-08,3.5,5.2,5.1
2015-02-09,7.0,4.7,4.7
2015-02-10,31.5,11.8,10.9
2015-02-11,3.5,3.5,3.2
2015-02-12,0.2,40.1,65.7
2015-02-13,4.4,8.1,8.8
2015-02-15,29.4,0.0,0.0
2015-02-17,14.8,0.0,0.0
2015-02-18,0.0,0.1,0.0
2015-02-19,2.7,0.0,0.0
2015-02-21,10.2,10.3,11.5
2015-02-22,3.0,0.3,0.0
2015-02-23,0.0,0.3,0.0
2015-02-24,3.1,11.4,13.0
2015-02-25,7.2,0.0,0.0
2015-02-27,1.0,3.2,3.2
2015-03-01,0.1,0.6,0.0
2015-03-02,1.5,0.3,0.0
2015-03-03,4.0,0.9,0.0
2015-03-04,7.2,3.2,2.8
2015-03-06,46.3,61.4,72.4
2015-03-07,72.0,15.2,15.3
2015-03-08,0.7,3.5,3.1
2015-03-09,0.0,3.7,3.3
2015-03-11,17.1,5.5,6.3
2015-03-12,0.4,6.1,6.9
2015-03-13,4.3,0.6,0.0
2015-03-18,0.8,0.0,0.0
2015-03-20,3.0,0.0,0.0
2015-03-21,0.0,3.2,2.5
2015-03-22,17.0,11.9,12.0
2015-03-23,50.0,0.0,0.0
2015-03-25,5.0,7.1,6.7
2015-03-29,0.0,0.8,0.0
2015-03-30,0.5,2.1,1.3
2015-04-03,0.5,0.2,0.0
2015-04-04,12.2,0.0,0.0
2015-04-07,6.8,6.8,6.5
2015-04-08,0.5,0.0,0.0
2015-04-15,12.9,0.0,0.0
2015-04-19,0.5,2.8,4.5
2015-04-22,0.3,9.9,13.1
2015-04-24,7.5,10.3,13.9
2015-04-25,6.7,45.8,62.1
2015-04-26,76.3,51.7,61.7
2015-04-27,2.8,72.5,61.8
2015-04-28,33.0,29.6,57.6
2015-04-29,0.5,10.3,13.7
2015-04-30,54.0,0.0,0.0
2015-05-01,3.5,3.4,2.5
2015-05-02,6.2,27.4,34.4
2015-05-03,3.5,10.9,10.7
2015-05-05,14.1,0.0,0.0
2015-05-07,0.0,0.0,0.0
2015-05-11,0.0,0.0,0.0
2015-05-15,0.0,0.0,0.0
2015-05-22,0.0,0.0,0.0
2015-05-24,0.0,0.0,0.0
2015-05-26,0.0,0.0,0.0
2015-05-29,0.0,14.5,14.9
2015-05-30,13.6,0.0,0.0
2015-05-31,1.0,0.3,0.0
2015-06-05,1.6,0.1,0.0
2015-06-06,0.0,0.3,0.0
2015-06-07,0.0,0.6,0.0
2015-06-08,0.3,3.0,5.3
2015-06-12,0.0,0.1,0.0
2015-06-15,0.0,0.0,0.0
2015-06-16,0.0,0.2,0.0
2015-06-17,0.0,0.0,0.0
2015-06-26,0.0,0.0,0.0
2015-06-30,3.5,0.0,0.0
2015-07-01,3.5,0.0,0.0
2015-07-05,0.0,0.0,0.0
2015-07-06,0.0,0.2,0.0
2015-07-07,0.0,0.0,0.0
2015-07-10,0.0,0.8,0.0
2015-07-11,0.0,0.0,0.0
2015-07-12,0.0,0.0,0.0
2015-07-20,0.0,0.0,0.0
2015-07-22,0.5,0.0,0.0
2015-07-30,0.0,0.3,0.0
2015-08-03,1.5,0.0,0.0
2015-08-04,0.0,0.0,0.0
2015-08-08,0.0,0.0,0.0
2015-08-09,0.0,2.5,2.7
2015-08-15,1.0,0.0,0.0
2015-08-20,0.0,0.0,0.0
2015-08-24,0.0,0.0,0.0
2015-08-28,0.0,0.4,0.0
2015-09-01,0.0,0.0,0.0
2015-09-06,0.0,0.0,0.0
2015-09-08,0.0,0.0,0.0
2015-09-10,0.0,0.0,0.0
2015-09-11,0.0,0.0,0.0
2015-09-15,0.0,0.0,0.0
2015-09-19,0.0,0.0,0.0
2015-09-25,0.0,0.0,0.0
2015-09-26,0.0,0.0,0.0
2015-10-02,0.0,0.1,0.0
2015-10-05,0.0,0.0,0.0
2015-10-06,0.0,0.3,0.0
2015-10-14,0.0,0.0,0.0
2015-10-20,0.0,0.0,0.0
2015-10-23,0.0,0.0,0.0
2015-11-11,27.0,0.5,0.0
2015-11-18,8.1,0.9,0.0
2015-11-19,8.0,10.5,10.5
2015-11-20,3.0,0.0,0.0
2015-11-24,0.0,0.0,0.0
2015-11-28,0.0,4.8,1.5
2015-11-29,1.1,0.0,0.0
2015-12-02,0.0,0.1,0.0
2015-12-05,0.0,21.3,19.3
2015-12-06,0.9,19.8,17.8
2015-12-07,26.0,12.7,10.2
2015-12-08,7.7,3.0,1.0
2015-12-09,0.2,10.1,7.5
2015-12-10,0.4,6.8,4.3
2015-12-13,9.0,0.0,0.0
2015-12-15,78.7,17.9,13.3
2015-12-18,0.0,52.8,53.3
2015-12-19,45.9,30.9,26.1
2015-12-20,24.8,0.3,0.0
2015-12-21,6.7,12.4,10.6
2015-12-22,1.0,0.9,0.0
2015-12-25,3.0,2.0,0.0
2015-12-26,5.4,0.4,0.0
2015-12-29,0.0,0.0,0.0
2015-12-31,13.0,0.0,0.0
2016-01-01,7.1,0.0,0.0
2016-01-02,0.4,0.0,0.0
2016-01-03,0.5,0.0,0.0
2016-01-05,1.8,3.7,3.4
2016-01-06,4.5,3.9,3.6
2016-01-07,19.7,0.0,0.0
2016-01-09,0.0,0.0,0.0
2016-01-10,1.0,0.0,0.0
2016-01-12,19.4,0.0,0.0
2016-01-18,1.0,0.1,0.0
2016-01-19,0.8,10.4,12.1
2016-01-20,44.4,0.0,0.0
2016-01-21,19.2,15.8,17.3
2016-01-22,1.6,34.5,40.5
2016-01-23,9.5,3.3,3.2
2016-01-25,1.6,29.5,33.7
2016-01-26,47.6,18.6,19.7
2016-01-27,14.5,23.4,25.1
2016-01-28,4.5,2.6,2.5
2016-01-30,0.3,11.4,11.7
2016-01-31,1.0,7.7,7.8
2016-02-02,11.4,28.4,24.2
2016-02-03,7.4,31.3,27.0
2016-02-04,40.9,11.3,10.4
2016-02-06,14.5,1.5,2.1
2016-02-07,1.3,16.8,15.4
2016-02-08,2.7,28.5,23.6
2016-02-09,17.3,20.8,18.9
2016-02-10,23.2,18.8,18.5
2016-02-11,1.6,18.6,23.2
2016-02-12,43.6,26.7,38.6
2016-02-13,8.8,42.2,69.0
2016-02-14,28.3,1.5,1.0
2016-02-15,1.1,0.0,0.0
2016-02-17,1.0,0.0,0.0
2016-02-18,0.0,0.0,0.0
2016-02-19,0.0,0.0,0.0
2016-02-22,17.8,11.3,13.5
2016-02-23,71.5,14.4,16.8
2016-02-24,8.5,25.8,39.0
2016-02-25,18.0,1.5,1.4
2016-02-26,2.2,17.8,23.3
2016-02-27,48.9,23.2,33.8
2016-02-28,80.5,16.1,17.1
2016-02-29,0.3,37.6,59.9
2016-03-01,4.5,30.6,39.8
2016-03-02,85.5,18.3,21.6
2016-03-03,24.6,1.0,0.0
2016-03-04,4.5,0.7,0.0
2016-03-05,4.6,0.7,0.0
2016-03-07,8.0,0.0,0.0
2016-03-08,38.5,1.4,1.2
2016-03-09,51.5,0.1,0.0
2016-03-11,28.1,3.6,4.6
2016-03-12,8.5,2.6,3.6
2016-03-13,0.0,0.2,0.0
2016-03-15,3.0,6.4,7.2
2016-03-16,0.0,0.0,0.0
2016-03-17,0.0,0.6,0.0
2016-03-18,0.0,0.0,0.0
2016-03-19,0.0,0.0,0.0
2016-03-20,0.0,0.0,0.0
2016-03-21,0.0,0.0,0.0
2016-03-22,0.0,0.6,0.0
2016-03-23,0.0,3.8,3.0
2016-03-24,0.7,19.5,21.7
2016-03-25,11.9,0.0,0.0
2016-03-27,3.9,0.7,0.0
2016-03-28,0.0,14.0,14.2
2016-03-29,0.0,11.0,10.8
2016-03-30,0.0,0.6,0.0
2016-03-31,0.0,1.8,1.0
2016-04-01,5.0,0.0,0.0
2016-04-03,0.0,2.4,1.8
2016-04-04,25.8,0.0,0.0
2016-04-06,1.0,3.3,2.7
2016-04-07,0.0,7.0,6.6
2016-04-09,12.5,1.4,1.0
2016-04-10,0.1,0.0,0.0
2016-04-11,2.8,3.2,4.8
2016-04-13,0.1,10.1,9.9
2016-04-14,67.8,0.0,0.0
2016-04-15,0.0,0.9,0.0
2016-04-16,3.8,2.9,4.6
2016-04-17,3.9,0.3,0.0
2016-04-18,0.0,0.0,0.0
2016-04-19,0.0,0.0,0.0
2016-04-21,0.0,0.0,0.0
2016-04-23,0.0,0.0,0.0
2016-04-25,0.0,0.0,0.0
2016-04-26,0.0,0.0,0.0
2016-04-27,0.0,0.0,0.0
2016-04-29,0.0,0.0,0.0
2016-04-30,0.0,4.7,6.1
2016-05-02,39.2,0.0,0.0
2016-05-07,0.0,0.1,0.0
2016-05-09,0.4,8.0,7.1
2016-05-10,26.5,6.2,4.9
2016-05-11,0.4,8.8,5.3
2016-05-13,0.0,18.4,14.5
2016-05-15,0.2,3.3,1.7
2016-05-17,0.0,0.0,0.0
2016-05-18,0.0,0.1,0.0
2016-05-23,0.0,0.0,0.0
2016-05-26,0.0,1.1,0.0
2016-05-28,0.4,35.1,57.8
2016-05-29,1.3,0.0,0.0
2016-05-30,0.0,6.8,6.4
2016-06-01,0.3,0.0,0.0
2016-06-03,0.0,0.0,0.0
2016-06-05,0.0,0.0,0.0
2016-06-07,21.5,0.4,0.0
2016-06-09,0.0,0.0,0.0
2016-06-10,0.0,0.1,0.0
2016-06-12,4.0,0.5,0.0
2016-06-13,0.0,39.3,40.1
2016-06-14,5.6,28.2,27.8
2016-06-17,24.2,1.6,3.0
2016-06-19,0.0,1.0,0.0
2016-06-20,1.9,0.0,0.0
2016-06-21,0.0,0.0,0.0
2016-06-22,0.0,1.1,4.6
2016-06-23,0.0,0.2,0.0
2016-06-25,0.0,0.7,3.3
2016-06-27,19.5,5.5,11.1
2016-06-28,13.0,88.2,46.6
2016-06-29,40.6,16.7,41.2
2016-06-30,0.0,0.0,0.0
2016-07-02,0.0,0.0,0.0
2016-07-04,0.0,0.0,0.0
2016-07-06,0.0,0.2,0.0
2016-07-08,0.0,3.2,2.2
2016-07-09,0.0,3.8,2.8
2016-07-10,0.0,0.8,0.0
2016-07-12,0.5,12.6,60.3
2016-07-13,86.5,5.0,17.9
2016-07-16,9.0,0.1,0.0
2016-07-18,0.0,0.0,0.0
2016-07-19,1.2,0.0,0.0
2016-07-20,0.0,8.7,60.8
2016-07-21,32.4,0.3,0.0
2016-07-22,11.7,0.0,0.0
2016-07-23,0.0,0.0,0.0
2016-07-25,0.0,0.1,0.0
2016-07-26,0.0,0.5,1.1
2016-07-27,0.8,0.1,0.0
2016-07-30,0.0,0.0,0.0
2016-07-31,0.0,0.0,0.0
2016-08-01,4.5,0.0,0.0
2016-08-05,0.0,0.0,0.0
2016-08-08,0.0,0.0,0.0
2016-08-09,0.0,0.0,0.0
2016-08-10,0.0,0.9,0.0
2016-08-11,0.4,0.4,0.0
2016-08-13,0.0,0.0,0.0
2016-08-14,1.0,0.0,0.0
2016-08-17,0.0,0.0,0.0
2016-08-20,0.0,0.0,0.0
2016-08-21,0.0,0.0,0.0
2016-08-24,0.0,0.0,0.0
2016-08-29,0.0,0.0,0.0
2016-09-01,0.0,0.0,0.0
2016-09-02,0.0,0.0,0.0
2016-09-06,0.0,0.4,0.0
2016-09-10,0.0,0.0,0.0
2016-09-11,0.0,0.0,0.0
2016-09-13,14.1,0.6,4.6
2016-09-14,11.2,0.0,0.0
2016-09-15,0.0,26.1,36.3
2016-09-16,78.2,3.7,9.1
2016-09-18,0.6,0.0,0.0
2016-09-20,65.6,0.0,0.0
2016-09-21,0.0,0.0,0.0
2016-09-23,25.2,22.2,22.9
2016-09-24,6.9,54.0,51.7
2016-09-25,52.8,12.7,14.3
2016-09-27,35.3,0.0,0.0
2016-09-29,3.2,20.8,21.4
2016-09-30,53.7,7.5,10.1
2016-10-01,23.0,10.8,12.7
2016-10-02,10.0,9.7,11.4
2016-10-03,2.0,7.0,8.7
2016-10-05,0.0,0.1,0.0
2016-10-08,1.5,2.7,4.0
2016-10-11,0.0,0.0,0.0
2016-10-13,0.0,0.0,0.0
2016-10-15,0.0,0.0,0.0
2016-10-16,0.0,0.0,0.0
2016-10-19,0.0,0.0,0.0
2016-10-20,24.2,0.0,0.0
2016-10-21,0.0,4.4,6.3
2016-10-22,1.4,23.3,23.2
2016-10-23,1.1,38.7,40.2
2016-10-24,30.7,28.8,24.3
2016-10-25,2.3,16.6,16.4
2016-10-26,38.6,0.4,0.0
2016-10-27,0.0,0.0,0.0
2016-10-29,0.8,1.6,3.2
2016-10-31,0.0,0.0,0.0
2016-11-01,0.2,0.0,0.0
2016-11-03,0.5,0.6,0.0
2016-11-04,2.6,0.0,0.0
2016-11-05,0.8,0.3,0.0
2016-11-06,0.0,0.2,0.0
2016-11-09,2.1,1.4,1.3
2016-11-10,0.0,0.0,0.0
2016-11-11,0.0,1.9,2.0
2016-11-12,1.0,10.8,10.8
2016-11-13,27.0,7.4,7.5
2016-11-15,4.7,24.0,25.9
2016-11-16,29.0,0.3,0.0
2016-11-17,0.0,0.0,0.0
2016-11-19,0.0,0.4,0.0
2016-11-20,1.5,0.4,0.0
2016-11-21,23.7,1.2,0.0
2016-11-22,47.8,7.1,3.4
2016-11-24,48.5,13.6,9.6
2016-11-25,1.2,18.5,14.7
2016-11-29,16.5,45.1,53.5
2016-12-01,36.4,17.0,14.9
2016-12-02,1.0,10.8,8.1
2016-12-04,29.4,20.1,18.1
2016-12-06,15.8,13.6,11.2
2016-12-07,1.0,2.3,1.0
2016-12-08,0.0,0.7,0.0
2016-12-09,1.1,29.0,32.3
2016-12-10,24.0,10.1,7.5
2016-12-11,0.0,5.3,2.3
2016-12-12,0.0,37.4,32.5
2016-12-13,16.1,22.2,17.1
2016-12-14,1.0,87.4,97.8
2016-12-15,46.4,11.0,7.1
2016-12-16,7.3,7.9,4.4
2016-12-17,2.4,5.7,2.6
2016-12-18,0.0,3.2,1.0
2016-12-20,19.3,11.1,7.2
2016-12-22,61.5,3.9,1.0
2016-12-24,34.0,4.4,1.2
2016-12-26,0.0,2.0,0.0
2016-12-28,2.0,3.9,1.0
2016-12-29,3.7,0.4,0.0
2016-12-30,0.7,0.3,0.0
2017-01-01,1.0,0.1,0.0
2017-01-02,14.4,10.8,11.0
2017-01-04,13.0,0.0,0.0
2017-01-05,0.0,0.1,0.0
2017-01-07,0.0,1.2,1.2
2017-01-08,0.0,0.5,0.0
2017-01-10,2.0,1.8,1.7
2017-01-11,0.0,0.7,0.0
2017-01-12,0.0,13.4,15.6
2017-01-13,0.5,1.3,1.0
2017-01-15,2.0,2.8,2.6
2017-01-16,7.4,9.0,10.3
2017-01-17,8.0,14.5,17.1
2017-01-18,4.7,0.6,0.0
2017-01-21,1.2,0.8,0.0
2017-01-22,0.0,11.0,11.3
2017-01-23,8.5,26.7,29.3
2017-01-24,52.3,0.0,0.0
2017-01-25,0.0,1.5,1.4
2017-01-26,11.0,21.2,22.4
2017-01-27,26.9,3.8,3.8
2017-01-29,7.8,31.8,36.7
2017-01-30,18.8,18.9,19.7
2017-01-31,25.2,71.8,78.6
2017-02-01,89.3,69.4,68.2
2017-02-02,80.9,57.3,55.3
2017-02-03,57.4,11.1,10.2
2017-02-04,26.7,1.9,2.4
2017-02-05,0.7,3.2,3.4
2017-02-06,2.5,3.2,3.4
2017-02-08,21.1,10.2,9.4
2017-02-09,0.1,44.0,41.9
2017-02-10,86.2,10.9,10.1
2017-02-11,14.5,14.6,18.0
2017-02-12,106.6,19.1,23.4
2017-02-13,22.4,0.0,0.0
2017-02-14,1.2,2.5,2.1
2017-02-15,0.0,0.3,0.0
2017-02-16,0.3,0.2,0.0
2017-02-17,5.5,0.3,0.0
2017-02-20,8.5,0.2,0.0
2017-02-21,1.5,0.0,0.0
2017-02-22,2.1,0.6,0.0
2017-02-23,0.0,0.0,0.0
2017-02-24,0.0,0.0,0.0
2017-02-25,0.0,0.0,0.0
2017-02-27,6.3,6.2,6.6
2017-02-28,34.0,0.0,0.0
2017-03-01,15.4,0.0,0.0
2017-03-02,0.0,4.9,4.4
2017-03-06,4.0,1.3,1.0
2017-03-10,0.0,0.4,0.0
2017-03-12,0.8,0.1,0.0
2017-03-13,30.0,1.0,0.0
2017-03-15,21.0,8.7,9.8
2017-03-16,70.0,5.0,5.9
2017-03-18,17.9,2.1,3.1
2017-03-22,2.0,7.3,7.0
2017-03-25,0.0,10.1,10.2
2017-03-26,15.1,11.5,13.4
2017-03-27,41.3,6.5,6.0
2017-03-29,0.0,0.0,0.0
2017-03-30,25.0,6.0,5.5
2017-03-31,10.0,2.5,1.7
2017-04-03,10.4,9.8,12.0
2017-04-04,32.9,10.2,10.3
2017-04-05,3.0,1.2,1.0
2017-04-08,0.0,29.8,36.5
2017-04-09,1.1,0.3,0.0
2017-04-12,15.0,0.0,0.0
2017-04-16,0.0,0.0,0.0
2017-04-22,18.7,0.0,0.0
2017-04-24,7.0,0.0,0.0
2017-04-29,0.0,0.0,0.0
2017-05-03,0.3,3.7,3.0
2017-05-06,0.0,0.0,0.0
2017-05-08,0.0,0.0,0.0
2017-05-10,0.0,0.0,0.0
2017-05-12,0.0,2.8,1.0
2017-05-17,0.0,0.0,0.0
2017-05-18,0.0,0.0,0.0
2017-05-22,0.0,0.0,0.0
2017-05-25,0.0,1.1,0.0
2017-05-26,3.0,1.6,1.0
2017-05-27,0.0,2.1,1.0
2017-06-02,0.0,0.0,0.0
2017-06-04,6.7,0.0,0.0
2017-06-08,0.0,0.0,0.0
2017-06-12,0.0,45.6,42.9
2017-06-13,6.6,25.5,24.8
2017-06-14,4.4,0.0,0.0
2017-06-16,0.0,0.0,0.0
2017-06-18,2.0,0.1,0.0
2017-06-20,0.0,3.5,4.4
2017-06-21,0.2,0.9,3.8
2017-06-24,0.0,3.4,8.2
2017-06-25,2.0,0.3,0.0
2017-06-28,0.0,0.0,0.0
2017-06-30,0.0,0.0,0.0
2017-07-01,0.0,0.2,0.0
2017-07-02,0.0,0.4,0.0
2017-07-03,0.0,0.1,0.0
2017-07-05,0.0,0.0,0.0
2017-07-06,0.0,0.0,0.0
2017-07-08,10.3,0.0,0.0
2017-07-09,2.7,0.0,0.0
2017-07-10,1.2,0.0,0.0
2017-07-11,0.8,1.4,1.3
2017-07-12,1.3,1.5,1.4
2017-07-13,3.8,0.3,0.0
2017-07-17,0.4,0.1,0.0
2017-07-20,0.0,0.0,0.0
2017-07-21,0.0,0.0,0.0
2017-07-23,0.0,0.0,0.0
2017-07-24,0.0,0.0,0.0
2017-07-25,0.0,0.0,0.0
2017-07-26,0.2,0.1,0.0
2017-07-27,0.0,0.1,0.0
2017-07-30,0.0,0.0,0.0
2017-07-31,0.0,0.0,0.0
2017-08-03,0.3,0.0,0.0
2017-08-05,0.4,0.0,0.0
2017-08-06,0.7,0.0,0.0
2017-08-09,0.5,0.0,0.0
2017-08-11,0.8,0.0,0.0
2017-08-20,0.3,0.0,0.0
2017-08-23,0.0,0.0,0.0
2017-08-26,0.0,0.0,0.0
2017-08-27,0.0,0.0,0.0
2017-08-31,0.0,0.0,0.0
2017-09-02,0.0,0.0,0.0
2017-09-05,0.0,0.1,0.0
2017-09-08,0.0,0.0,0.0
2017-09-09,0.0,0.0,0.0
2017-09-12,0.0,0.0,0.0
2017-09-14,0.0,0.0,0.0
2017-09-16,0.0,0.0,0.0
2017-09-19,0.0,0.0,0.0
2017-09-20,0.0,0.0,0.0
2017-09-22,0.0,0.0,0.0
2017-09-23,0.0,0.1,0.0
2017-09-24,0.0,7.0,9.5
2017-09-25,1.5,0.0,0.0
2017-09-27,0.0,0.0,0.0
2017-10-01,5.4,0.0,0.0
2017-10-02,0.0,0.0,0.0
2017-10-05,8.0,21.1,27.1
2017-10-06,70.0,14.9,16.8
2017-10-07,22.0,0.3,0.0
2017-10-08,63.6,0.1,0.0
2017-10-09,9.2,3.0,4.4
2017-10-10,0.2,0.4,0.0
2017-10-14,0.0,1.2,2.9
2017-10-16,0.6,6.9,9.7
2017-10-17,0.0,12.3,15.1
2017-10-18,1.7,0.2,0.0
2017-10-21,0.0,0.0,0.0
2017-10-24,5.5,0.0,0.0
2017-10-25,0.0,3.7,5.5
2017-10-26,17.4,0.0,0.0
2017-10-30,0.0,0.0,0.0
2017-11-06,1.0,19.9,23.5
2017-11-07,1.2,1.2,1.1
2017-11-10,0.0,0.1,0.0
2017-11-11,0.0,1.4,1.5
2017-11-12,2.4,10.9,10.9
2017-11-13,0.2,71.4,65.4
2017-11-14,24.9,24.9,25.8
2017-11-15,2.0,12.0,12.2
2017-11-16,7.0,1.7,1.8
2017-11-17,0.0,11.2,11.2
2017-11-19,46.0,35.9,35.9
2017-11-20,46.0,30.3,32.0
2017-11-21,24.5,21.7,18.6
2017-11-22,19.5,12.7,8.7
2017-11-23,15.0,48.7,59.1
2017-11-24,85.0,47.6,56.6
2017-11-25,4.2,32.7,33.0
2017-11-26,25.6,2.2,0.0
2017-11-28,2.0,30.4,31.9
2017-11-29,63.1,9.4,5.5
2017-11-30,9.6,6.0,2.4
2017-12-01,0.7,12.1,9.6
2017-12-02,0.0,1.6,0.0
2017-12-03,0.0,0.6,0.0
2017-12-04,2.0,0.0,0.0
2017-12-05,36.2,2.0,1.0
2017-12-07,0.1,0.4,0.0
2017-12-09,0.0,3.4,1.2
2017-12-10,8.5,20.8,18.8
2017-12-11,0.6,2.2,0.0
2017-12-13,7.0,0.0,0.0
2017-12-14,24.8,1.9,0.0
2017-12-16,5.9,2.8,1.0
2017-12-17,0.5,2.7,1.0
2017-12-18,4.8,2.4,0.0
2017-12-19,21.4,38.7,34.5
2017-12-20,78.2,23.2,18.6
2017-12-21,13.7,21.9,26.5
2017-12-22,17.7,3.1,1.0
2017-12-23,21.0,33.7,44.6
2017-12-25,49.6,4.4,1.2
2017-12-26,1.6,7.9,5.0
2017-12-30,2.8,21.2,21.9
2017-12-31,40.3,2.1,0.0
2018-01-01,13.0,15.9,16.4
2018-01-02,15.7,23.5,28.9
2018-01-03,18.5,1.4,1.4
2018-01-05,4.5,6.8,6.5
2018-01-06,1.1,18.7,20.3
2018-01-07,5.0,71.9,83.0
2018-01-08,17.0,2.0,1.9
2018-01-09,19.8,5.0,4.7
2018-01-11,13.0,44.6,67.4
2018-01-12,72.1,35.2,50.2
2018-01-14,20.2,12.8,15.5
2018-01-15,18.5,13.8,17.0
2018-01-16,8.2,8.2,9.4
2018-01-18,2.6,5.7,6.1
2018-01-19,5.8,26.2,36.0
2018-01-20,12.4,21.1,27.8
2018-01-21,8.0,29.6,33.4
2018-01-22,20.4,59.7,74.4
2018-01-23,20.7,14.6,15.1
2018-01-24,2.0,8.6,8.7
2018-01-25,0.3,32.8,38.7
2018-01-26,21.7,42.2,50.5
2018-01-27,77.5,9.7,9.9
2018-01-28,4.8,2.6,2.6
2018-01-30,8.0,2.5,2.4
2018-01-31,0.2,28.4,31.8
2018-02-01,85.2,56.0,53.3
2018-02-02,39.8,4.1,4.2
2018-02-03,3.3,27.5,22.6
2018-02-04,15.1,17.3,15.8
2018-02-05,17.5,2.7,3.0
2018-02-06,1.3,0.1,0.0
2018-02-08,11.4,1.0,0.0
2018-02-09,6.0,0.0,0.0
2018-02-10,3.0,0.3,0.0
2018-02-11,5.0,0.1,0.0
2018-02-12,0.0,7.7,8.4
2018-02-13,3.5,1.1,1.0
2018-02-14,2.0,3.9,3.7
2018-02-15,8.0,20.7,27.6
2018-02-18,17.5,0.1,0.0
2018-02-19,0.0,0.0,0.0
2018-02-20,0.0,1.0,1.0
2018-02-23,0.0,13.8,15.8
2018-02-26,17.5,0.0,0.0
2018-02-27,0.0,0.0,0.0
2018-02-28,0.0,0.0,0.0
2018-03-01,3.0,3.7,3.3
2018-03-03,8.3,3.8,3.4
2018-03-04,17.5,9.6,9.0
2018-03-05,13.0,4.5,4.0
2018-03-06,62.0,4.9,4.5
2018-03-07,63.9,2.7,2.4
2018-03-08,11.4,6.6,6.1
2018-03-09,16.5,0.7,0.0
2018-03-10,0.0,0.0,0.0
2018-03-12,28.9,0.0,0.0
2018-03-14,50.3,21.3,25.5
2018-03-15,0.0,2.1,3.1
2018-03-18,0.0,15.9,17.2
2018-03-19,1.0,0.8,0.0
2018-03-22,0.0,44.8,61.8
2018-03-23,26.4,0.7,0.0
2018-03-27,0.0,1.6,1.0
2018-03-30,25.4,0.0,0.0
2018-03-31,0.0,15.5,15.8
2018-04-01,13.4,9.2,9.3
2018-04-02,20.1,0.2,0.0
2018-04-12,0.0,0.0,0.0
2018-04-13,1.0,0.0,0.0
2018-04-20,0.0,0.1,0.0
2018-04-24,0.0,0.0,0.0
2018-04-28,0.0,0.0,0.0
2018-05-18,0.0,0.0,0.0
2018-05-22,0.9,0.0,0.0
2018-06-02,0.0,0.0,0.0
2018-06-06,0.0,0.0,0.0
2018-06-09,0.0,0.0,0.0
2018-06-10,0.0,0.0,0.0
2018-06-11,0.7,0.1,0.0
2018-06-12,1.6,0.0,0.0
2018-06-13,0.0,0.0,0.0
2018-06-14,0.0,0.0,0.0
2018-06-15,0.0,0.0,0.0
2018-06-18,0.0,0.3,0.0
2018-06-19,0.0,10.5,9.1
2018-06-20,1.8,1.6,3.3
2018-06-21,0.7,2.6,7.2
2018-06-22,3.0,3.6,7.8
2018-06-23,0.0,3.7,8.0
2018-06-24,0.0,0.3,0.0
2018-06-26,0.0,0.0,0.0
2018-06-27,0.0,0.0,0.0
2018-06-30,0.0,0.1,0.0
2018-07-01,0.0,0.3,0.0
2018-07-04,0.0,0.0,0.0
2018-07-06,1.0,0.1,0.0
2018-07-09,0.0,0.0,0.0
2018-07-10,0.0,0.0,0.0
2018-07-13,1.0,0.0,0.0
2018-07-17,0.0,0.0,0.0
2018-07-18,0.0,0.0,0.0
2018-07-23,0.0,0.7,1.6
2018-07-25,0.0,1.4,3.3
2018-07-26,0.0,0.0,0.0
2018-07-27,0.0,0.0,0.0
2018-07-31,0.0,0.0,0.0
2018-08-03,0.8,0.0,0.0
2018-08-06,0.0,0.0,0.0
2018-08-08,0.0,0.0,0.0
2018-08-11,2.3,0.4,0.0
2018-08-12,1.0,0.0,0.0
2018-08-13,0.0,0.0,0.0
2018-08-16,1.2,0.0,0.0
2018-08-17,2.5,0.0,0.0
2018-08-21,0.0,0.0,0.0
2018-08-23,0.0,0.0,0.0
2018-08-27,0.0,0.0,0.0
2018-08-28,0.0,0.0,0.0
2018-09-02,0.5,0.0,0.0
2018-09-03,0.0,0.0,0.0
2018-09-04,0.0,0.2,0.0
2018-09-05,1.0,0.5,0.0
2018-09-06,0.0,1.3,1.1
2018-09-07,1.0,0.0,0.0
2018-09-12,0.0,0.0,0.0
2018-09-15,2.5,0.0,0.0
2018-09-17,0.0,0.0,0.0
2018-09-20,0.0,0.0,0.0
2018-09-21,0.0,0.0,0.0
2018-09-24,0.0,0.0,0.0
2018-09-25,0.0,0.0,0.0
2018-09-28,0.0,0.0,0.0
2018-09-30,0.0,0.0,0.0
2018-10-02,0.0,0.0,0.0
2018-10-03,0.0,0.0,0.0
2018-10-06,0.0,0.0,0.0
2018-10-07,0.0,0.0,0.0
2018-10-11,0.0,0.0,0.0
2018-10-18,0.0,0.0,0.0
2018-10-23,0.0,0.0,0.0
2018-10-25,0.4,0.0,0.0
2018-10-27,0.0,0.0,0.0
2018-10-30,0.0,0.0,0.0
2018-10-31,0.0,0.0,0.0
2018-11-04,3.0,0.7,0.0
2018-11-06,0.0,2.4,2.2
2018-11-08,138.4,4.4,4.3
2018-11-09,8.3,9.2,9.9
2018-11-12,27.9,0.4,0.0
2018-11-13,0.0,0.0,0.0
2018-11-15,0.2,0.1,0.0
2018-11-19,0.0,0.0,0.0
2018-11-22,0.0,0.1,0.0
2018-11-24,1.2,0.5,0.0
2018-11-25,0.2,2.7,1.0
2018-11-26,35.5,15.5,11.6
2018-11-27,21.0,16.1,12.2
2018-11-28,2.8,12.9,8.9
2018-11-30,17.0,2.3,0.0
2018-12-01,1.6,0.0,0.0
2018-12-03,15.5,10.3,7.7
2018-12-04,6.5,0.0,0.0
2018-12-05,0.4,7.6,4.9
2018-12-06,1.9,4.9,2.5
2018-12-07,16.0,1.8,1.0
2018-12-08,39.0,0.0,0.0
2018-12-10,0.0,0.1,0.0
2018-12-11,0.0,0.1,0.0
2018-12-12,0.0,0.0,0.0
2018-12-13,0.0,0.0,0.0
2018-12-14,0.0,0.0,0.0
2018-12-15,0.0,8.2,4.7
2018-12-18,0.0,0.0,0.0
2018-12-19,0.0,1.9,0.0
2018-12-20,0.0,0.0,0.0
2018-12-22,0.0,0.4,0.0
2018-12-23,0.0,3.1,1.0
2018-12-24,3.9,12.7,11.0
2018-12-25,13.0,1.6,0.0
2018-12-26,0.0,7.8,4.9
2018-12-28,0.0,14.3,13.1
2018-12-29,13.0,0.7,0.0
2019-01-02,14.0,11.4,11.6
2019-01-03,5.5,16.3,16.9
2019-01-06,0.0,7.2,7.0
2019-01-07,19.6,0.0,0.0
2019-01-08,0.0,0.0,0.0
2019-01-09,0.0,12.1,12.4
2019-01-11,0.0,0.1,0.0
2019-01-12,9.0,1.8,1.4
2019-01-13,0.0,0.2,0.0
2019-01-14,21.5,14.8,21.2
2019-01-15,35.1,23.0,31.4
2019-01-18,6.5,3.0,2.9
2019-01-19,0.0,0.1,0.0
2019-01-21,21.7,5.1,5.1
2019-01-22,5.3,101.4,78.0
2019-01-23,95.8,13.8,14.2
2019-01-24,12.9,24.3,26.6
2019-01-25,21.9,2.6,2.5
2019-01-26,0.5,2.5,2.5
2019-01-27,0.7,1.3,1.2
2019-01-30,0.0,0.3,0.0
2019-02-02,1.0,9.0,8.4
2019-02-03,0.4,0.1,0.0
2019-02-05,2.0,5.9,5.7
2019-02-06,42.5,0.2,0.0
2019-02-07,0.5,7.6,7.1
2019-02-08,8.0,4.7,4.7
2019-02-09,0.7,0.0,0.0
2019-02-10,5.7,0.0,0.0
2019-02-11,0.0,0.5,0.0
2019-02-12,0.0,19.3,23.8
2019-02-13,6.6,3.0,2.6
2019-02-14,0.0,0.1,0.0
2019-02-15,7.5,0.0,0.0
2019-02-17,0.0,3.3,3.0
2019-02-18,0.0,0.9,1.0
2019-02-19,20.5,5.8,6.0
2019-02-22,2.7,0.3,0.0
2019-02-23,4.5,0.0,0.0
2019-02-24,0.0,0.0,0.0
2019-02-25,0.0,0.0,0.0
2019-02-28,1.0,11.7,14.3
2019-03-01,8.5,0.0,0.0
2019-03-03,3.5,17.3,20.6
2019-03-04,7.5,10.4,9.8
2019-03-05,89.0,8.2,7.6
2019-03-07,25.5,18.4,22.0
2019-03-08,45.5,2.8,2.4
2019-03-11,0.0,0.0,0.0
2019-03-12,23.5,16.8,19.3
2019-03-13,58.0,22.6,27.9
2019-03-14,8.1,6.9,7.6
2019-03-15,2.2,13.5,13.3
2019-03-16,22.0,16.7,18.5
2019-03-17,20.0,2.7,3.7
2019-03-18,1.2,1.8,2.8
2019-03-19,0.0,10.0,10.8
2019-03-20,3.6,23.5,28.2
2019-03-21,6.5,38.4,50.8
2019-03-22,54.0,16.0,16.6
2019-03-23,32.0,44.1,60.4
2019-03-24,12.2,2.0,1.3
2019-03-26,0.0,1.9,1.1
2019-03-27,12.8,1.6,1.0
2019-03-30,0.0,2.2,1.4
2019-03-31,0.0,0.0,0.0
2019-04-01,0.0,0.0,0.0
2019-04-02,0.0,0.0,0.0
2019-04-03,0.0,4.7,4.1
2019-04-04,1.0,2.1,1.6
2019-04-05,3.7,15.7,20.3
2019-04-06,48.0,2.3,1.7
2019-04-07,27.0,0.1,0.0
2019-04-09,0.0,0.0,0.0
2019-04-10,0.6,8.0,7.8
2019-04-12,16.5,23.6,18.4
2019-04-13,66.5,3.0,4.7
2019-04-14,5.5,10.6,11.1
2019-04-15,18.0,0.8,0.0
2019-04-17,0.7,0.0,0.0
2019-04-18,0.0,0.0,0.0
2019-04-19,0.0,0.0,0.0
2019-04-20,20.2,0.0,0.0
2019-04-21,0.0,0.2,0.0
2019-04-23,0.0,0.0,0.0
2019-04-25,0.0,0.0,0.0
2019-04-26,0.0,0.0,0.0
2019-04-29,2.0,3.3,4.6
2019-04-30,0.0,0.0,0.0
2019-05-01,0.0,0.0,0.0
2019-05-03,0.0,0.0,0.0
2019-05-08,0.0,0.0,0.0
2019-05-11,0.0,0.0,0.0
2019-05-12,0.0,0.0,0.0
2019-05-13,0.0,0.4,0.0
2019-05-16,0.0,0.0,0.0
2019-05-17,0.0,0.0,0.0
2019-05-18,0.0,0.0,0.0
2019-05-21,0.0,1.8,1.0
2019-05-22,1.0,0.0,0.0
2019-05-23,0.0,0.3,0.0
2019-05-26,0.0,0.0,0.0
2019-05-27,4.0,0.0,0.0
2019-05-28,0.0,0.0,0.0
2019-05-31,0.0,0.0,0.0
2019-06-02,0.5,0.0,0.0
2019-06-05,0.0,0.0,0.0
2019-06-07,0.0,0.0,0.0
2019-06-08,0.0,0.1,0.0
2019-06-10,0.0,0.0,0.0
2019-06-12,0.0,0.4,0.0
2019-06-13,10.2,2.9,3.8
2019-06-14,8.0,0.1,0.0
2019-06-15,2.0,0.0,0.0
2019-06-18,0.0,0.0,0.0
2019-06-20,0.0,0.0,0.0
2019-06-22,0.0,0.0,0.0
2019-06-23,0.0,0.0,0.0
2019-06-24,0.0,0.0,0.0
2019-06-26,0.0,0.0,0.0
2019-06-27,0.0,0.0,0.0
2019-06-28,0.0,0.0,0.0
2019-06-30,0.0,0.0,0.0
2019-07-03,1.5,0.2,0.0
2019-07-04,0.5,0.0,0.0
2019-07-08,0.0,0.0,0.0
2019-07-12,0.0,0.0,0.0
2019-07-16,0.0,0.0,0.0
2019-07-17,0.2,0.3,0.0
2019-07-22,0.0,0.0,0.0
2019-07-25,0.0,0.0,0.0
2019-07-27,0.0,0.0,0.0
2019-08-03,0.0,0.0,0.0
2019-08-08,0.0,0.0,0.0
2019-08-10,0.0,0.0,0.0
2019-08-22,0.0,0.0,0.0
2019-08-30,0.0,0.5,0.0
2019-09-04,0.0,0.0,0.0
2019-09-09,0.0,0.0,0.0
2019-09-14,0.0,0.0,0.0
2019-09-19,0.0,0.0,0.0
2019-09-24,0.0,0.0,0.0
2019-09-25,0.0,0.0,0.0
2019-09-26,0.0,0.1,0.0
2019-09-30,0.0,0.0,0.0
2019-10-01,0.0,0.0,0.0
2019-10-02,0.0,0.0,0.0
2019-10-04,0.0,0.0,0.0
2019-10-06,0.0,0.0,0.0
2019-10-07,0.0,0.0,0.0
2019-10-09,0.0,0.0,0.0
2019-10-11,0.0,0.0,0.0
2019-10-12,0.0,0.0,0.0
2019-10-18,0.0,0.1,0.0
2019-10-19,0.0,0.0,0.0
2019-10-22,0.0,0.0,0.0
2019-10-23,0.0,0.0,0.0
2019-10-26,0.0,0.0,0.0
2019-10-27,0.0,0.0,0.0
2019-10-30,0.0,0.2,0.0
2019-10-31,0.0,0.0,0.0
2019-11-01,0.0,0.0,0.0
2019-11-02,0.0,5.5,5.5
2019-11-04,0.0,0.0,0.0
2019-11-05,0.0,0.0,0.0
2019-11-06,0.0,0.0,0.0
2019-11-07,0.0,0.0,0.0
2019-11-08,0.0,0.0,0.0
2019-11-10,0.0,1.6,1.4
2019-11-12,0.0,0.8,0.0
2019-11-15,0.0,0.0,0.0
2019-11-16,0.0,0.0,0.0
2019-11-17,0.0,0.0,0.0
2019-11-19,0.0,3.7,3.8
2019-11-20,0.0,0.0,0.0
2019-11-21,0.0,0.0,0.0
2019-11-22,0.0,0.4,0.0
2019-11-25,0.0,0.0,0.0
2019-11-26,0.0,0.0,0.0
2019-11-28,0.0,0.0,0.0
2019-11-30,0.0,3.0,1.0
2019-12-02,0.0,2.2,1.0
2019-12-03,0.0,0.0,0.0
2019-12-05,0.0,0.0,0.0
2019-12-06,6.0,0.2,0.0
2019-12-08,9.0,0.0,0.0
2019-12-09,0.0,0.1,0.0
2019-12-10,0.0,16.1,13.9
2019-12-11,0.0,18.0,13.3
2019-12-13,11.5,18.7,14.0
2019-12-14,0.6,0.8,0.0
2019-12-15,1.5,29.9,26.0
2019-12-16,26.0,5.3,2.3
2019-12-18,7.5,13.6,9.4
2019-12-19,0.0,0.0,0.0
2019-12-20,1.2,0.0,0.0
2019-12-22,0.0,0.0,0.0
2019-12-23,0.2,15.5,14.7
2019-12-24,6.5,0.4,0.0
2019-12-25,0.0,2.8,0.0
2019-12-26,16.4,3.3,1.0
2019-12-27,18.0,20.9,22.7
2019-12-28,46.0,24.3,29.3
2019-12-29,1.0,8.1,5.3
2019-12-30,0.5,0.5,0.0
2019-12-31,0.0,18.0,18.0
2020-01-01,25.0,59.7,76.4
2020-01-02,13.1,10.1,10.2
2020-01-03,7.0,23.2,28.4
2020-01-04,10.1,10.8,11.0
2020-01-05,6.0,0.0,0.0
2020-01-06,4.0,0.2,0.0
2020-01-09,0.0,0.0,0.0
2020-01-10,0.0,0.0,0.0
2020-01-12,10.1,2.6,2.4
2020-01-13,27.7,0.4,0.0
2020-01-14,0.0,0.0,0.0
2020-01-17,0.5,0.0,0.0
2020-01-19,0.0,0.0,0.0
2020-01-25,0.0,2.5,2.5
2020-01-26,15.3,0.0,0.0
2020-01-27,12.5,8.9,9.1
2020-01-28,0.0,0.2,0.0
2020-01-30,1.0,33.8,39.2
2020-01-31,66.2,0.9,0.0
2020-02-01,0.0,0.0,0.0
2020-02-02,3.5,0.0,0.0
2020-02-06,0.0,10.5,9.7
2020-02-08,21.8,11.9,10.9
2020-02-09,5.3,23.9,22.6
2020-02-10,19.5,0.7,0.0
2020-02-11,3.0,0.1,0.0
2020-02-12,0.0,0.4,0.0
2020-02-13,1.5,0.1,0.0
2020-02-14,1.0,0.0,0.0
2020-02-15,2.0,0.6,0.0
2020-02-17,2.0,34.0,52.4
2020-02-18,59.7,9.4,10.5
2020-02-21,2.0,14.8,17.8
2020-02-22,23.5,1.6,1.5
2020-02-23,2.0,0.0,0.0
2020-02-26,2.5,9.7,10.9
2020-02-27,4.5,2.0,1.9
2020-03-02,60.4,1.5,1.2
2020-03-04,29.5,15.7,16.4
2020-03-05,6.5,1.7,1.4
2020-03-06,1.0,11.5,10.8
2020-03-08,14.0,6.0,5.5
2020-03-09,1.0,11.5,10.9
2020-03-10,16.3,1.2,1.0
2020-03-14,97.6,1.8,2.7
2020-03-15,0.0,3.8,4.7
2020-03-16,1.4,0.3,0.0
2020-03-17,1.5,0.6,0.0
2020-03-18,17.1,3.2,4.1
2020-03-20,0.0,0.3,0.0
2020-03-24,1.0,0.0,0.0
2020-03-25,0.0,0.0,0.0
2020-03-26,0.0,1.1,1.0
2020-03-28,55.7,1.4,1.0
2020-03-29,1.0,0.0,0.0
2020-03-30,0.0,0.0,0.0
2020-04-01,0.0,0.8,0.0
2020-04-02,0.0,0.1,0.0
2020-04-03,1.7,11.7,11.4
2020-04-04,0.5,26.4,33.3
2020-04-06,0.2,17.1,20.6
2020-04-07,16.5,5.9,5.5
2020-04-10,0.0,0.0,0.0
2020-04-11,0.0,0.0,0.0
2020-04-13,2.0,0.0,0.0
2020-04-15,6.0,4.2,5.6
2020-04-17,0.0,7.9,8.4
2020-04-18,11.0,0.3,0.0
2020-04-19,2.0,12.9,13.3
2020-04-20,57.0,0.0,0.0
2020-04-23,0.0,0.0,0.0
2020-04-24,0.0,0.0,0.0
2020-04-25,0.0,1.9,3.3
2020-04-26,0.0,0.0,0.0
2020-05-03,0.0,0.0,0.0
2020-05-04,1.5,0.0,0.0
2020-05-05,0.0,0.0,0.0
2020-05-09,0.0,0.0,0.0
2020-05-12,0.0,0.4,0.0
2020-05-14,0.0,0.0,0.0
2020-05-15,0.0,0.0,0.0
2020-05-16,0.0,0.0,0.0
2020-05-18,0.8,2.6,1.0
2020-05-19,5.0,17.1,11.7
2020-05-20,0.5,1.3,0.0
2020-05-22,23.0,0.3,0.0
2020-05-23,0.0,15.6,18.2
2020-05-24,27.0,0.0,0.0
2020-05-25,0.0,0.0,0.0
2020-05-27,2.0,17.1,20.5
2020-05-28,7.9,62.0,99.9
2020-05-29,127.0,64.7,99.7
2020-05-30,18.5,1.8,1.0
2020-05-31,0.5,0.0,0.0
2020-06-01,2.8,0.0,0.0
2020-06-02,0.0,0.0,0.0
2020-06-04,0.0,0.1,0.0
2020-06-05,0.0,0.0,0.0
2020-06-07,1.0,0.0,0.0
2020-06-09,0.0,0.0,0.0
2020-06-12,0.0,0.0,0.0
2020-06-13,0.0,1.4,2.8
2020-06-14,0.0,1.1,0.0
2020-06-15,1.6,0.0,0.0
2020-06-16,0.0,0.1,0.0
2020-06-18,0.0,0.9,0.0
2020-06-22,0.0,0.1,0.0
2020-06-23,0.0,0.0,0.0
2020-06-25,0.0,0.0,0.0
2020-06-27,0.0,1.1,4.4
2020-06-28,0.0,0.0,0.0
2020-06-29,0.0,0.0,0.0
2020-07-01,0.0,0.0,0.0
2020-07-05,0.0,4.0,3.1
2020-07-06,0.0,1.0,0.0
2020-07-08,0.0,1.2,0.9
2020-07-13,0.0,0.1,0.0
2020-07-14,0.0,0.0,0.0
2020-07-15,0.0,0.0,0.0
2020-07-17,0.0,0.0,0.0
2020-07-20,0.8,0.3,0.0
2020-07-21,3.0,0.1,0.0
2020-07-22,0.0,0.0,0.0
2020-07-24,0.0,0.0,0.0
2020-07-25,0.0,0.0,0.0
2020-07-27,0.0,0.0,0.0
2020-07-31,0.0,0.0,0.0
2020-08-02,0.0,0.0,0.0
2020-08-03,0.0,0.0,0.0
2020-08-04,0.0,0.0,0.0
2020-08-09,0.0,0.0,0.0
2020-08-10,0.0,0.0,0.0
2020-08-11,1.5,0.0,0.0
2020-08-12,0.0,0.0,0.0
2020-08-13,0.0,0.1,0.0
2020-08-16,0.0,0.0,0.0
2020-08-18,0.8,0.0,0.0
2020-08-19,0.5,0.2,0.0
2020-08-22,0.0,0.2,0.0
2020-08-23,0.0,0.0,0.0
2020-08-25,0.0,0.0,0.0
2020-08-26,0.0,0.1,0.0
2020-08-30,0.0,0.0,0.0
2020-08-31,0.0,0.0,0.0
2020-09-02,0.0,0.4,0.0
2020-09-03,0.0,0.4,0.0
2020-09-04,0.0,0.0,0.0
2020-09-06,0.0,0.0,0.0
2020-09-07,0.0,0.0,0.0
2020-09-10,0.0,0.0,0.0
2020-09-11,0.0,0.0,0.0
2020-09-14,0.0,0.0,0.0
2020-09-28,0.0,0.0,0.0
2020-09-29,5.0,0.0,0.0
2020-10-02,0.0,0.0,0.0
2020-10-04,0.0,0.0,0.0
2020-10-10,17.5,5.8,7.2
2020-10-12,0.0,0.2,0.0
2020-10-14,0.0,0.0,0.0
2020-10-17,0.0,0.2,0.0
2020-10-18,0.0,1.1,3.4
2020-10-19,1.1,16.8,23.7
2020-10-20,15.0,0.3,0.0
2020-10-21,0.0,0.0,0.0
2020-10-23,0.0,0.0,0.0
2020-10-25,4.0,0.1,0.0
2020-10-26,3.1,0.0,0.0
2020-10-28,0.0,0.0,0.0
2020-10-29,1.8,11.4,12.5
2020-10-31,6.6,10.1,10.6
2020-11-02,43.5,1.7,1.5
2020-11-03,56.5,0.5,0.0
2020-11-06,0.0,0.0,0.0
2020-11-07,0.0,0.0,0.0
2020-11-10,0.0,0.3,0.0
2020-11-11,11.5,3.6,3.7
2020-11-12,6.0,0.0,0.0
2020-11-13,0.0,0.0,0.0
2020-11-15,0.0,0.7,0.0
2020-11-18,4.0,1.1,1.2
2020-11-19,0.0,4.6,4.7
2020-11-20,33.5,0.0,0.0
2020-11-21,0.0,12.2,8.2
2020-11-22,0.6,0.6,0.0
2020-11-25,18.5,33.7,35.3
2020-11-26,5.5,23.3,20.7
2020-11-27,49.5,20.2,16.8
2020-11-29,4.1,86.3,100.8
2020-11-30,16.9,26.4,22.8
2020-12-01,5.5,33.7,40.8
2020-12-02,9.5,3.7,1.4
2020-12-03,0.5,10.0,7.3
2020-12-04,5.0,24.2,22.4
2020-12-05,64.0,17.8,15.7
2020-12-06,52.2,7.0,4.4
2020-12-07,0.0,3.5,1.3
2020-12-08,0.0,6.1,3.6
2020-12-09,0.0,10.2,7.6
2020-12-10,1.0,3.8,1.6
2020-12-11,0.0,48.7,47.1
2020-12-12,25.1,23.3,19.2
2020-12-13,7.2,16.7,12.1
2020-12-14,1.0,38.3,33.1
2020-12-15,0.0,47.4,44.8
2020-12-16,31.5,3.5,1.0
2020-12-17,3.9,1.7,0.0
2020-12-18,17.2,0.4,0.0
2020-12-19,5.6,3.1,1.0
2020-12-20,2.8,3.5,1.0
2020-12-21,1.6,2.0,0.0
2020-12-22,1.0,0.3,0.0
2020-12-27,0.0,2.8,0.0
2020-12-28,18.8,1.4,0.0
2020-12-29,1.0,0.1,0.0
2020-12-30,1.0,17.4,17.2
2020-12-31,11.0,5.3,2.2
2021-01-01,7.5,5.9,5.7
2021-01-02,0.5,16.7,17.3
2021-01-04,47.0,4.3,4.0
2021-01-08,39.5,36.2,50.9
2021-01-09,18.0,20.8,23.2
2021-01-10,11.4,1.2,1.2
2021-01-11,20.5,7.8,8.9
2021-01-12,3.8,11.2,13.1
2021-01-13,5.5,5.7,6.2
2021-01-16,35.0,12.4,14.6
2021-01-17,2.1,14.9,19.7
2021-01-18,20.0,57.4,89.5
2021-01-19,24.9,8.3,9.5
2021-01-20,13.0,19.9,26.0
2021-01-21,54.5,3.6,3.6
2021-01-24,2.0,16.1,17.1
2021-01-25,17.3,28.0,31.2
2021-01-26,15.5,1.3,1.2
2021-01-27,4.6,4.2,4.2
2021-01-28,1.6,7.6,7.7
2021-01-29,2.6,46.6,56.9
2021-01-30,37.5,51.4,63.4
2021-01-31,28.0,16.7,17.8
2021-02-02,1.0,21.6,20.7
2021-02-03,2.0,59.2,57.2
2021-02-04,34.0,0.5,0.0
2021-02-05,0.0,43.6,40.7
2021-02-06,18.5,20.4,18.1
2021-02-07,5.5,0.5,0.0
2021-02-09,5.5,6.1,5.9
2021-02-10,6.1,3.7,3.9
2021-02-11,4.0,34.7,53.4
2021-02-12,20.9,4.7,4.6
2021-02-13,1.5,0.9,1.0
2021-02-14,0.0,0.0,0.0
2021-02-16,1.0,0.1,0.0
2021-02-17,0.2,9.1,10.1
2021-02-18,24.0,0.1,0.0
2021-02-19,0.5,10.9,12.4
2021-02-20,1.5,16.8,19.8
2021-02-21,59.9,41.0,65.8
2021-02-22,19.0,38.1,61.0
2021-02-23,62.8,14.1,16.1
2021-02-24,1.3,11.3,12.9
2021-02-25,0.5,1.0,1.0
2021-02-27,5.5,9.1,10.1
2021-02-28,27.0,3.7,3.7
2021-03-01,23.2,0.8,0.0
2021-03-02,0.0,0.5,0.0
2021-03-05,27.7,2.0,1.6
2021-03-08,0.0,10.3,9.7
2021-03-09,2.6,15.3,14.7
2021-03-10,8.0,14.1,13.4
2021-03-11,25.5,1.7,2.7
2021-03-13,1.5,2.2,3.2
2021-03-14,27.4,0.3,0.0
2021-03-15,1.0,4.9,5.8
2021-03-16,40.0,6.1,6.9
2021-03-17,6.5,5.7,6.5
2021-03-18,0.0,0.7,0.0
2021-03-20,8.9,3.1,4.1
2021-03-21,6.9,0.1,0.0
2021-03-22,0.0,0.2,0.0
2021-03-23,0.0,1.2,1.0
2021-03-26,0.2,0.1,0.0
2021-03-27,0.0,0.4,0.0
2021-03-29,37.0,3.4,2.6
2021-03-30,2.0,0.3,0.0
2021-03-31,3.5,5.9,5.4
2021-04-01,4.0,13.2,14.2
2021-04-03,2.2,0.2,0.0
2021-04-04,0.0,1.9,1.4
2021-04-05,0.0,14.9,15.7
2021-04-07,15.3,11.7,11.4
2021-04-08,1.8,4.8,4.3
2021-04-12,6.5,0.0,0.0
2021-04-13,0.0,0.1,0.0
2021-04-14,0.0,1.3,3.3
2021-04-15,3.5,0.0,0.0
2021-04-16,0.0,0.0,0.0
2021-04-17,2.8,0.1,0.0
2021-04-21,0.0,0.0,0.0
2021-04-22,0.0,0.0,0.0
2021-04-23,0.0,0.0,0.0
2021-04-24,0.0,0.0,0.0
2021-04-28,0.0,0.0,0.0
2021-04-30,0.0,0.0,0.0
2021-05-01,0.0,4.4,3.1
2021-05-02,11.2,0.1,0.0
2021-05-03,0.0,0.0,0.0
2021-05-04,0.0,0.0,0.0
2021-05-06,0.0,0.0,0.0
2021-05-09,0.0,0.0,0.0
2021-05-12,0.0,0.0,0.0
2021-05-13,0.0,0.0,0.0
2021-05-14,0.0,0.0,0.0
2021-05-16,10.6,0.0,0.0
2021-05-19,0.0,0.5,0.0
2021-05-20,7.4,0.2,0.0
2021-05-21,0.0,0.3,0.0
2021-05-22,0.0,0.0,0.0
2021-05-23,0.0,0.0,0.0
2021-05-24,0.0,0.0,0.0
2021-05-27,0.0,0.7,0.0
2021-05-28,0.0,0.0,0.0
2021-05-29,0.0,0.0,0.0
2021-05-31,0.0,0.0,0.0
2021-06-01,0.0,0.0,0.0
2021-06-03,0.0,1.9,4.5
2021-06-04,0.0,0.8,0.0
2021-06-05,0.0,0.0,0.0
2021-06-06,0.0,0.0,0.0
2021-06-07,0.0,0.0,0.0
2021-06-08,3.7,0.0,0.0
2021-06-10,0.0,0.0,0.0
2021-06-12,0.0,0.2,0.0
2021-06-15,0.0,0.0,0.0
2021-06-16,0.0,1.4,2.8
2021-06-17,56.2,4.0,4.6
2021-06-19,0.0,0.1,0.0
2021-06-22,8.0,0.3,0.0
2021-06-23,0.0,6.9,22.0
2021-06-24,7.0,32.1,45.6
2021-06-25,16.6,45.4,45.7
2021-06-26,57.7,0.3,0.0
2021-06-27,0.0,0.4,0.0
2021-06-28,0.7,0.8,3.7
2021-06-29,39.5,0.0,0.0
2021-06-30,0.0,0.2,0.0
2021-07-04,0.0,0.0,0.0
2021-07-06,0.0,0.0,0.0
2021-07-14,0.0,0.0,0.0
2021-07-15,0.0,0.0,0.0
2021-07-16,0.1,0.0,0.0
2021-07-17,0.0,0.1,0.0
2021-07-18,1.5,0.3,0.0
2021-07-20,0.0,0.0,0.0
2021-07-22,0.0,0.0,0.0
2021-07-25,0.0,0.0,0.0
2021-07-26,0.0,0.0,0.0
2021-07-27,0.0,0.0,0.0
2021-07-28,0.0,0.3,0.0
2021-07-30,1.5,0.1,0.0
2021-08-02,7.1,1.4,1.5
2021-08-03,6.4,0.1,0.0
2021-08-04,1.0,0.1,0.0
2021-08-05,0.0,0.1,0.0
2021-08-06,0.0,0.1,0.0
2021-08-07,0.0,0.0,0.0
2021-08-08,1.5,0.0,0.0
2021-08-09,0.0,0.0,0.0
2021-08-10,0.0,0.0,0.0
2021-08-12,1.5,1.1,2.3
2021-08-13,0.1,0.0,0.0
2021-08-16,0.0,0.0,0.0
2021-08-17,0.0,6.9,5.4
2021-08-20,0.0,3.9,3.9
2021-08-23,0.0,0.0,0.0
2021-08-24,0.0,0.1,0.0
2021-08-27,0.0,0.0,0.0
2021-08-30,9.0,0.0,0.0
2021-09-01,0.0,0.0,0.0
2021-09-03,0.0,0.5,0.0
2021-09-08,0.0,0.0,0.0
2021-09-12,1.3,20.5,28.4
2021-09-13,28.0,24.4,33.5
2021-09-14,39.2,18.0,28.2
2021-09-18,1.0,1.6,6.0
2021-09-19,0.0,0.0,0.0
2021-09-20,0.0,25.6,35.5
2021-09-21,0.0,2.2,5.3
2021-09-22,0.0,11.0,12.4
2021-09-23,0.8,0.0,0.0
2021-09-28,0.0,0.0,0.0
2021-09-29,0.0,0.0,0.0
2021-10-03,0.0,0.0,0.0
2021-10-04,0.0,0.0,0.0
2021-10-08,0.0,0.0,0.0
2021-10-11,0.0,0.0,0.0
2021-10-18,57.0,0.0,0.0
2021-10-19,2.5,0.3,0.0
2021-10-20,2.0,0.0,0.0
2021-10-21,0.2,0.0,0.0
2021-10-22,13.0,0.0,0.0
2021-10-25,0.0,0.0,0.0
2021-10-26,1.6,6.8,8.0
2021-10-27,9.0,127.2,96.9
2021-10-28,43.1,0.6,0.0
2021-10-30,3.6,2.8,5.0
2021-10-31,0.7,21.5,20.6
2021-11-01,9.3,26.8,25.8
2021-11-02,2.0,29.0,27.6
2021-11-03,24.5,17.1,19.0
2021-11-04,0.0,21.5,24.8
2021-11-05,32.6,16.0,18.1
2021-11-06,2.0,0.0,0.0
2021-11-11,1.5,18.1,18.0
2021-11-12,14.0,27.5,28.5
2021-11-13,6.5,8.0,8.1
2021-11-15,15.0,19.2,18.8
2021-11-16,35.5,16.3,16.3
2021-11-19,0.0,14.7,14.9
2021-11-21,53.3,30.8,30.6
2021-11-22,7.1,5.8,2.3
2021-11-23,71.2,6.1,2.6
2021-11-24,32.0,2.5,0.0
2021-11-26,10.5,11.9,7.9
2021-11-28,0.0,36.4,39.4
2021-12-01,0.1,42.1,56.2
2021-12-02,0.6,3.3,1.1
2021-12-03,8.6,2.2,1.0
2021-12-04,0.0,2.0,1.0
2021-12-06,20.0,21.1,18.9
2021-12-07,66.0,0.6,0.0
2021-12-09,0.0,0.3,0.0
2021-12-11,3.2,14.4,10.1
2021-12-12,10.8,1.8,0.0
2021-12-13,0.0,1.7,0.0
2021-12-16,1.0,7.9,4.4
2021-12-17,15.5,1.1,0.0
2021-12-18,3.5,19.8,15.0
2021-12-19,12.5,11.6,7.6
2021-12-21,3.7,1.3,0.0
2021-12-23,0.0,2.6,0.0
2021-12-24,25.5,4.1,1.0
2021-12-25,12.0,3.5,1.0
2021-12-27,2.5,8.7,6.0
2021-12-28,9.7,4.5,1.4
2021-12-29,13.0,0.4,0.0
2021-12-30,0.0,4.1,1.0
