date,gauge,imergl,lseqmdl
2002-07-01,1.2,0.0,0.0
2002-07-02,0.0,0.0,0.0
2002-07-03,0.0,0.1,0.0
2002-07-04,0.0,0.0,0.0
2002-07-05,0.0,0.0,0.0
2002-07-06,0.0,0.0,0.0
2002-07-07,0.0,0.0,0.0
2002-07-08,0.0,0.0,0.0
2002-07-09,0.0,0.0,0.0
2002-07-10,0.0,0.0,0.0
2002-07-11,0.0,0.0,0.0
2002-07-12,0.0,0.0,0.0
2002-07-13,0.0,0.0,0.0
2002-07-14,0.0,0.0,0.0
2002-07-15,0.0,0.0,0.0
2002-07-16,0.0,0.0,0.0
2002-07-17,0.0,0.1,0.0
2002-07-18,0.0,0.0,0.0
2002-07-19,0.0,0.0,0.0
2002-07-20,0.0,0.0,0.0
2002-07-21,0.0,0.0,0.0
2002-07-22,1.3,4.6,1.0
2002-07-23,0.0,1.9,0.0
2002-07-24,0.0,11.5,6.8
2002-07-25,0.0,0.0,0.0
2002-07-26,0.0,0.0,0.0
2002-07-27,0.0,0.1,0.0
2002-07-28,0.0,0.1,0.0
2002-07-29,0.0,0.9,0.0
2002-07-30,0.0,9.7,4.8
2002-07-31,0.0,0.0,0.0
2002-08-01,7.2,3.7,1.0
2002-08-02,0.0,0.1,0.0
2002-08-03,0.0,0.2,0.0
2002-08-04,2.0,3.3,1.0
2002-08-05,12.0,9.3,7.0
2002-08-06,3.0,6.2,3.3
2002-08-07,3.0,14.9,16.1
2002-08-08,49.8,15.7,16.9
2002-08-09,1.8,6.8,3.9
2002-08-10,0.0,1.0,0.0
2002-08-11,0.0,0.4,0.0
2002-08-12,0.0,0.2,0.0
2002-08-13,1.2,0.8,0.0
2002-08-14,0.0,0.1,0.0
2002-08-15,0.0,0.2,0.0
2002-08-16,0.0,0.0,0.0
2002-08-17,0.0,0.1,0.0
2002-08-18,0.0,0.0,0.0
2002-08-19,3.6,0.3,0.0
2002-08-20,0.0,0.4,0.0
2002-08-21,0.0,2.8,0.0
2002-08-22,0.0,0.0,0.0
2002-08-23,0.0,0.1,0.0
2002-08-24,0.0,0.8,0.0
2002-08-25,0.0,0.0,0.0
2002-08-26,0.0,0.0,0.0
2002-08-27,0.0,0.0,0.0
2002-08-28,0.0,0.0,0.0
2002-08-29,0.0,0.0,0.0
2002-08-30,0.0,0.3,0.0
2002-08-31,0.6,0.4,0.0
2002-09-01,0.0,0.5,0.0
2002-09-02,6.8,0.2,0.0
2002-09-03,55.2,0.4,0.0
2002-09-04,0.0,0.6,0.0
2002-09-05,12.2,2.9,0.0
2002-09-06,0.0,0.0,0.0
2002-09-07,0.0,1.1,0.0
2002-09-08,0.0,0.1,0.0
2002-09-09,2.8,7.7,3.2
2002-09-10,2.4,12.6,7.8
2002-09-11,30.8,33.6,45.8
2002-09-12,0.0,0.4,0.0
2002-09-13,0.0,0.3,0.0
2002-09-14,0.0,0.2,0.0
2002-09-15,0.0,0.9,0.0
2002-09-16,0.0,0.0,0.0
2002-09-17,0.0,0.0,0.0
2002-09-18,0.0,0.0,0.0
2002-09-19,0.0,0.1,0.0
2002-09-20,0.0,0.0,0.0
2002-09-21,0.0,10.5,12.4
2002-09-22,3.0,0.6,0.0
2002-09-23,0.7,4.7,2.1
2002-09-24,0.0,0.0,0.0
2002-09-25,0.0,3.8,1.0
2002-09-26,1.0,13.1,22.1
2002-09-27,0.0,3.1,0.0
2002-09-28,0.0,2.4,0.0
2002-09-29,7.6,0.1,0.0
2002-10-01,0.0,0.0,0.0
2002-10-02,0.0,0.0,0.0
2002-10-03,0.0,0.0,0.0
2002-10-04,0.6,0.0,0.0
2002-10-05,0.0,4.1,1.4
2002-10-06,0.0,0.0,0.0
2002-10-07,0.0,0.0,0.0
2002-10-08,0.0,0.0,0.0
2002-10-09,0.0,0.0,0.0
2002-10-10,0.0,0.0,0.0
2002-10-11,0.0,0.0,0.0
2002-10-12,0.0,0.0,0.0
2002-10-13,0.0,0.2,0.0
2002-10-14,0.0,5.1,1.8
2002-10-15,2.1,0.3,0.0
2002-10-16,1.6,3.2,1.0
2002-10-17,0.4,0.1,0.0
2002-10-18,1.3,0.1,0.0
2002-10-19,0.0,0.0,0.0
2002-10-20,0.0,0.6,0.0
2002-10-21,0.0,0.0,0.0
2002-10-22,0.0,0.1,0.0
2002-10-23,0.0,0.4,0.0
2002-10-24,0.0,0.0,0.0
2002-10-25,0.0,0.1,0.0
2002-10-26,0.0,0.3,0.0
2002-10-27,19.0,4.6,1.9
2002-10-28,0.0,3.6,1.0
2002-10-29,1.7,1.4,0.0
2002-10-30,0.0,0.2,0.0
2002-10-31,0.0,3.1,1.0
2002-11-01,0.0,25.2,25.3
2002-11-02,0.0,5.7,1.6
2002-11-03,1.2,1.3,0.0
2002-11-04,0.0,1.3,0.0
2002-11-05,0.0,7.5,3.4
2002-11-06,0.0,1.1,0.0
2002-11-07,0.0,1.8,0.0
2002-11-08,3.2,6.8,2.7
2002-11-09,0.0,3.6,0.0
2002-11-10,0.0,0.8,0.0
2002-11-11,0.0,10.6,6.1
2002-11-12,0.0,10.9,6.3
2002-11-13,8.8,7.7,3.9
2002-11-14,3.5,0.6,0.0
2002-11-15,0.0,14.8,9.7
2002-11-16,2.2,3.2,1.0
2002-11-17,1.1,9.9,5.5
2002-11-18,1.6,7.6,3.8
2002-11-19,8.2,0.4,0.0
2002-11-20,0.0,0.7,0.0
2002-11-21,0.0,1.5,0.0
2002-11-22,0.0,4.2,1.0
2002-11-23,0.0,3.5,0.0
2002-11-24,0.0,2.2,0.0
2002-11-25,17.8,29.4,38.2
2002-11-26,4.8,7.3,2.9
2002-11-27,0.0,8.1,3.6
2002-11-28,0.0,3.1,0.0
2002-11-29,0.0,2.3,0.0
2002-11-30,0.0,1.1,0.0
2002-12-01,2.0,25.7,25.4
2002-12-02,9.6,39.8,49.9
2002-12-03,0.5,15.9,12.2
2002-12-04,0.8,1.5,0.0
2002-12-05,0.0,6.5,2.4
2002-12-06,4.8,31.9,35.7
2002-12-07,1.2,0.9,0.0
2002-12-08,83.4,66.1,101.2
2002-12-09,38.3,52.8,74.3
2002-12-10,3.8,14.1,10.4
2002-12-11,0.0,1.1,0.0
2002-12-12,7.7,0.6,0.0
2002-12-13,8.2,0.6,0.0
2002-12-14,3.8,8.3,4.4
2002-12-15,12.5,4.3,1.0
2002-12-16,0.0,2.6,0.0
2002-12-17,3.2,1.6,0.0
2002-12-18,0.0,0.6,0.0
2002-12-19,0.0,0.1,0.0
2002-12-20,0.0,0.2,0.0
2002-12-21,2.0,0.0,0.0
2002-12-22,0.0,0.5,0.0
2002-12-23,0.0,0.1,0.0
2002-12-24,0.0,0.1,0.0
2002-12-25,0.0,0.4,0.0
2002-12-26,0.0,1.0,0.0
2002-12-27,5.2,21.4,17.2
2002-12-28,4.4,3.6,0.0
2002-12-29,0.0,0.6,0.0
2002-12-30,10.4,1.8,0.0
2002-12-31,37.0,68.4,114.2
2003-01-01,26.8,19.9,13.2
2003-01-02,3.3,1.0,0.0
2003-01-03,1.0,0.3,0.0
2003-01-04,0.0,1.2,0.0
2003-01-05,13.3,3.6,1.0
2003-01-06,0.0,1.7,0.0
2003-01-07,1.0,0.3,0.0
2003-01-08,11.5,9.5,4.6
2003-01-09,0.8,1.3,0.0
2003-01-10,78.3,33.1,25.7
2003-01-11,44.4,18.5,16.1
2003-01-12,0.0,5.4,1.2
2003-01-13,3.2,14.3,11.3
2003-01-14,8.1,11.3,7.7
2003-01-15,0.0,3.1,0.0
2003-01-16,2.4,6.4,2.2
2003-01-17,0.0,0.1,0.0
2003-01-18,8.2,17.6,15.0
2003-01-19,0.0,2.5,0.0
2003-01-20,1.1,11.0,7.4
2003-01-21,6.5,25.4,40.5
2003-01-22,0.0,9.7,8.4
2003-01-23,9.5,19.1,26.3
2003-01-24,0.6,5.7,3.5
2003-01-25,1.0,0.3,0.0
2003-01-26,0.0,0.6,0.0
2003-01-27,0.0,0.0,0.0
2003-01-28,0.0,1.7,0.0
2003-01-29,0.0,1.1,0.0
2003-01-30,0.0,1.7,0.0
2003-01-31,0.0,1.0,0.0
2003-02-01,12.2,0.4,0.0
2003-02-02,0.0,9.9,4.5
2003-02-03,40.6,57.0,60.7
2003-02-04,6.7,39.0,35.3
2003-02-05,0.0,52.0,53.2
2003-02-06,28.3,114.5,122.8
2003-02-07,15.4,13.2,7.2
2003-02-08,10.6,13.4,7.5
2003-02-09,0.0,0.5,0.0
2003-02-10,0.5,7.9,2.8
2003-02-11,2.2,5.9,2.0
2003-02-12,0.3,4.4,1.0
2003-02-13,0.0,0.0,0.0
2003-02-14,0.0,0.0,0.0
2003-02-15,0.0,0.0,0.0
2003-02-16,26.6,0.1,0.0
2003-02-17,2.1,4.6,1.0
2003-02-18,1.0,7.0,2.9
2003-02-19,11.6,16.4,13.5
2003-02-20,2.6,16.8,14.0
2003-02-21,0.0,1.4,0.0
2003-02-22,9.2,2.4,0.0
2003-02-23,39.6,1.8,0.0
2003-02-24,1.0,0.4,0.0
2003-02-25,1.0,0.7,0.0
2003-02-26,30.8,4.7,1.0
2003-02-27,0.9,1.1,0.0
2003-02-28,0.0,8.7,5.2
2003-03-02,10.2,18.9,16.9
2003-03-03,0.0,2.8,0.0
2003-03-04,0.0,0.2,0.0
2003-03-05,0.0,0.7,0.0
2003-03-06,1.5,15.8,12.7
2003-03-07,11.1,44.2,70.4
2003-03-08,2.0,14.5,11.0
2003-03-09,0.0,0.0,0.0
2003-03-10,0.0,0.1,0.0
2003-03-11,0.0,0.1,0.0
2003-03-12,0.0,0.9,0.0
2003-03-13,20.0,13.8,12.7
2003-03-14,2.7,0.9,0.0
2003-03-15,2.6,0.4,0.0
2003-03-16,7.4,5.3,3.6
2003-03-17,2.7,0.5,0.0
2003-03-18,0.0,6.5,4.8
2003-03-19,6.9,1.8,1.0
2003-03-21,2.8,3.9,1.0
2003-03-22,1.7,0.4,0.0
2003-03-23,0.8,1.0,0.0
2003-03-24,12.8,15.0,13.2
2003-03-25,1.0,5.4,1.9
2003-03-26,0.0,1.5,0.0
2003-03-27,19.8,2.3,0.0
2003-03-28,1.8,2.6,0.0
2003-03-29,29.6,22.1,21.0
2003-03-30,0.0,1.4,0.0
2003-03-31,0.0,3.5,1.0
2003-04-01,0.0,4.5,1.0
2003-04-02,0.0,1.4,0.0
2003-04-03,0.0,4.8,1.3
2003-04-04,3.0,6.2,2.6
2003-04-05,3.2,7.8,4.3
2003-04-06,2.0,0.5,0.0
2003-04-07,2.7,0.2,0.0
2003-04-08,0.9,2.2,0.0
2003-04-09,1.7,2.2,0.0
2003-04-10,11.4,0.3,0.0
2003-04-11,1.0,3.7,1.0
2003-04-12,20.0,29.1,45.3
2003-04-13,10.3,42.1,72.3
2003-04-14,8.0,65.3,123.0
2003-04-15,2.0,5.7,3.0
2003-04-16,0.0,4.1,1.2
2003-04-17,0.0,0.3,0.0
2003-04-18,0.0,7.7,5.3
2003-04-19,0.0,0.4,0.0
2003-04-20,0.0,0.0,0.0
2003-04-21,0.0,0.1,0.0
2003-04-22,13.7,41.2,45.5
2003-04-23,23.2,21.8,21.3
2003-04-24,0.0,1.2,0.0
2003-04-25,3.5,20.2,19.7
2003-04-26,6.8,2.8,1.4
2003-04-27,0.0,3.7,2.3
2003-04-28,0.0,5.1,3.4
2003-04-29,0.0,16.4,13.7
2003-04-30,0.0,7.8,5.7
2003-05-02,12.2,5.6,5.4
2003-05-03,0.0,0.1,0.0
2003-05-04,0.0,0.2,0.0
2003-05-05,0.0,0.2,0.0
2003-05-06,0.0,0.0,0.0
2003-05-07,0.0,0.3,0.0
2003-05-08,0.0,0.9,0.0
2003-05-09,0.0,1.3,0.0
2003-05-10,8.0,3.7,2.4
2003-05-11,0.0,1.2,0.0
2003-05-12,6.8,2.6,0.0
2003-05-13,8.0,8.4,6.0
2003-05-14,6.7,32.0,34.8
2003-05-15,16.2,19.9,22.4
2003-05-16,5.8,1.4,0.0
2003-05-17,0.0,3.7,1.0
2003-05-18,0.0,0.4,0.0
2003-05-19,0.0,0.0,0.0
2003-05-20,14.8,10.8,8.6
2003-05-21,0.0,0.0,0.0
2003-05-22,2.1,0.2,0.0
2003-05-23,0.0,0.0,0.0
2003-05-24,0.0,0.1,0.0
2003-05-25,0.0,0.0,0.0
2003-05-26,0.0,0.0,0.0
2003-05-27,0.0,0.0,0.0
2003-05-28,0.0,0.0,0.0
2003-05-29,0.0,0.0,0.0
2003-05-30,0.0,0.0,0.0
2003-05-31,0.0,0.0,0.0
2003-06-01,0.0,0.0,0.0
2003-06-02,5.7,0.0,0.0
2003-06-03,0.0,0.0,0.0
2003-06-04,0.0,0.0,0.0
2003-06-05,0.3,12.5,10.0
2003-06-06,0.0,0.3,0.0
2003-06-07,0.0,0.0,0.0
2003-06-08,0.0,0.0,0.0
2003-06-09,0.0,0.3,0.0
2003-06-10,0.0,0.2,0.0
2003-06-11,0.0,0.0,0.0
2003-06-12,0.0,0.0,0.0
2003-06-13,0.0,0.1,0.0
2003-06-14,2.0,0.1,0.0
2003-06-16,0.0,0.0,0.0
2003-06-17,0.0,1.0,0.0
2003-06-18,3.0,5.5,2.3
2003-06-19,0.0,1.5,0.0
2003-06-20,11.0,3.3,1.0
2003-06-21,6.0,16.0,19.5
2003-06-22,1.8,0.2,0.0
2003-06-23,0.3,0.3,0.0
2003-06-24,10.2,0.2,0.0
2003-06-25,1.0,0.7,0.0
2003-06-26,0.0,0.1,0.0
2003-06-27,0.0,0.1,0.0
2003-06-28,0.0,0.1,0.0
2003-06-29,7.8,0.3,0.0
2003-06-30,0.0,0.0,0.0
2003-07-01,0.0,2.7,0.0
2003-07-02,0.0,11.1,9.0
2003-07-03,0.0,0.1,0.0
2003-07-04,0.0,1.6,0.0
2003-07-05,4.1,20.5,24.6
2003-07-06,2.2,8.2,5.4
2003-07-07,6.3,32.2,42.8
2003-07-08,18.1,18.2,18.1
2003-07-09,0.0,1.9,0.0
2003-07-10,0.0,0.5,0.0
2003-07-11,3.0,10.1,9.0
2003-07-12,0.0,0.6,0.0
2003-07-13,0.0,1.2,0.0
2003-07-14,0.0,1.1,0.0
2003-07-15,4.0,0.9,0.0
2003-07-16,0.5,1.6,0.0
2003-07-17,0.0,4.2,1.2
2003-07-18,0.0,15.1,16.5
2003-07-19,0.0,2.6,0.0
2003-07-20,12.4,11.6,11.5
2003-07-21,0.0,2.9,0.0
2003-07-22,0.6,2.5,0.0
2003-07-23,0.0,0.7,0.0
2003-07-24,14.5,0.2,0.0
2003-07-25,0.0,0.3,0.0
2003-07-26,0.0,0.9,0.0
2003-07-27,0.0,10.3,5.3
2003-07-28,0.0,3.6,0.0
2003-07-29,0.8,0.3,0.0
2003-07-30,6.6,15.9,11.3
2003-08-01,0.0,0.3,0.0
2003-08-02,0.0,0.0,0.0
2003-08-03,0.0,0.9,0.0
2003-08-04,2.0,10.5,8.3
2003-08-05,0.0,0.1,0.0
2003-08-06,0.0,0.3,0.0
2003-08-07,0.0,1.0,0.0
2003-08-08,1.8,4.8,1.8
2003-08-09,0.0,0.0,0.0
2003-08-10,0.0,0.0,0.0
2003-08-11,2.3,1.1,0.0
2003-08-12,0.0,0.2,0.0
2003-08-13,0.5,6.1,4.0
2003-08-14,4.0,1.3,0.0
2003-08-15,0.0,1.3,0.0
2003-08-16,0.0,0.2,0.0
2003-08-17,1.3,6.8,5.0
2003-08-18,2.0,2.7,0.0
2003-08-19,2.1,0.3,0.0
2003-08-20,30.7,6.1,3.9
2003-08-21,6.7,6.1,1.8
2003-08-22,4.3,9.6,5.3
2003-08-23,0.0,1.1,0.0
2003-08-24,1.4,5.8,1.6
2003-08-25,5.9,22.3,20.7
2003-08-26,4.7,2.1,0.0
2003-08-27,1.6,0.0,0.0
2003-08-28,0.2,0.1,0.0
2003-08-29,24.8,47.9,74.5
2003-08-30,17.8,20.1,17.3
2003-08-31,3.5,9.4,5.0
2003-09-01,0.5,2.7,0.0
2003-09-02,0.0,0.0,0.0
2003-09-04,0.0,0.0,0.0
2003-09-05,1.1,11.4,6.2
2003-09-07,1.8,6.6,2.3
2003-09-09,0.0,0.5,0.0
2003-09-10,0.0,0.8,0.0
2003-09-11,0.0,21.6,23.1
2003-09-12,0.0,12.8,11.8
2003-09-13,0.0,3.0,0.0
2003-09-14,0.0,3.0,0.0
2003-09-15,2.2,5.5,2.1
2003-09-16,1.0,11.5,9.3
2003-09-17,8.0,10.1,7.6
2003-09-18,2.2,2.5,0.0
2003-09-19,0.0,6.5,3.3
2003-09-20,7.0,17.0,16.3
2003-09-21,1.7,5.5,3.4
2003-09-22,0.0,0.8,0.0
2003-09-23,0.0,0.8,0.0
2003-09-24,0.0,0.2,0.0
2003-09-25,0.0,0.4,0.0
2003-09-26,0.0,7.1,6.4
2003-09-27,1.0,2.5,0.0
2003-09-28,0.0,0.0,0.0
2003-09-29,0.0,0.2,0.0
2003-09-30,0.0,0.2,0.0
2003-10-01,0.0,0.0,0.0
2003-10-02,0.0,0.2,0.0
2003-10-03,0.4,0.0,0.0
2003-10-04,7.6,19.0,20.0
2003-10-05,3.5,4.4,1.6
2003-10-06,4.0,7.8,5.1
2003-10-07,9.1,2.8,1.0
2003-10-08,1.0,0.1,0.0
2003-10-10,0.0,6.2,3.3
2003-10-11,3.0,9.9,7.6
2003-10-12,3.4,5.8,2.5
2003-10-13,0.0,0.8,0.0
2003-10-14,0.0,2.2,0.0
2003-10-15,6.4,3.1,1.0
2003-10-16,0.6,0.7,0.0
2003-10-17,0.2,1.3,0.0
2003-10-18,0.0,0.1,0.0
2003-10-19,0.0,0.6,0.0
2003-10-20,21.8,23.2,27.0
2003-10-21,0.0,0.0,0.0
2003-10-22,0.0,0.0,0.0
2003-10-23,0.0,0.0,0.0
2003-10-24,0.0,0.1,0.0
2003-10-25,0.0,0.6,0.0
2003-10-26,0.0,0.6,0.0
2003-10-27,5.8,9.3,7.5
2003-10-28,0.0,0.2,0.0
2003-10-29,0.0,0.2,0.0
2003-10-30,0.0,0.8,0.0
2003-10-31,2.8,5.7,3.2
2003-11-01,10.0,7.9,3.9
2003-11-02,0.0,0.6,0.0
2003-11-03,0.0,0.1,0.0
2003-11-04,0.0,0.2,0.0
2003-11-05,0.0,0.1,0.0
2003-11-06,0.0,5.9,1.8
2003-11-07,1.6,36.7,40.1
2003-11-08,0.0,1.4,0.0
2003-11-09,0.0,0.0,0.0
2003-11-10,0.0,0.0,0.0
2003-11-11,2.0,0.0,0.0
2003-11-12,0.0,0.0,0.0
2003-11-13,0.0,0.0,0.0
2003-11-14,0.0,0.0,0.0
2003-11-15,0.0,0.0,0.0
2003-11-16,0.0,0.5,0.0
2003-11-17,0.0,0.1,0.0
2003-11-18,0.0,0.4,0.0
2003-11-19,0.0,2.0,0.0
2003-11-20,12.1,3.6,1.0
2003-11-21,0.0,0.8,0.0
2003-11-22,8.9,19.0,17.9
2003-11-23,11.6,28.7,37.2
2003-11-24,0.0,2.5,0.0
2003-11-25,0.0,0.2,0.0
2003-11-26,0.0,0.1,0.0
2003-11-27,0.0,0.1,0.0
2003-11-28,0.0,0.0,0.0
2003-11-29,0.0,6.3,1.9
2003-11-30,0.0,0.4,0.0
2003-12-01,25.0,11.0,7.0
2003-12-02,0.0,5.7,1.7
2003-12-03,15.9,1.7,0.0
2003-12-04,2.3,1.1,0.0
2003-12-05,0.4,7.3,3.2
2003-12-06,6.0,19.1,16.2
2003-12-07,0.0,0.1,0.0
2003-12-08,0.2,2.6,0.0
2003-12-09,0.0,2.5,0.0
2003-12-10,5.3,2.8,0.0
2003-12-11,0.0,1.6,0.0
2003-12-12,0.0,2.2,0.0
2003-12-13,0.0,0.4,0.0
2003-12-14,0.2,12.1,7.9
2003-12-15,5.7,2.1,0.0
2003-12-16,4.5,18.5,13.8
2003-12-17,0.8,0.3,0.0
2003-12-18,6.6,13.1,8.9
2003-12-19,0.3,1.4,0.0
2003-12-20,0.3,10.7,6.6
2003-12-21,13.2,17.6,13.1
2003-12-22,0.0,0.2,0.0
2003-12-23,4.4,8.6,3.1
2003-12-24,31.9,23.7,20.3
2003-12-25,6.7,13.4,8.2
2003-12-26,78.7,38.5,50.1
2003-12-27,1.0,23.0,19.4
2003-12-28,0.6,5.8,1.0
2003-12-29,3.4,20.6,17.1
2003-12-30,33.6,45.8,65.9
2003-12-31,0.0,0.2,0.0
2004-01-01,0.0,0.0,0.0
2004-01-02,0.0,7.4,3.0
2004-01-03,13.3,58.5,70.0
2004-01-04,9.4,12.5,7.0
2004-01-05,21.4,47.3,46.4
2004-01-06,0.0,0.2,0.0
2004-01-07,0.0,0.0,0.0
2004-01-08,0.0,0.5,0.0
2004-01-10,0.0,0.5,0.0
2004-01-11,0.0,0.8,0.0
2004-01-12,0.6,8.0,3.9
2004-01-13,0.0,4.2,0.0
2004-01-14,27.6,14.1,11.0
2004-01-15,0.7,6.3,2.1
2004-01-16,3.6,6.4,2.2
2004-01-17,0.0,0.1,0.0
2004-01-18,0.0,0.1,0.0
2004-01-19,1.3,18.1,15.4
2004-01-20,4.4,12.6,9.2
2004-01-21,7.2,40.7,64.1
2004-01-22,0.8,24.8,39.1
2004-01-23,0.2,0.0,0.0
2004-01-24,0.0,0.0,0.0
2004-01-25,0.0,0.1,0.0
2004-01-26,0.0,0.2,0.0
2004-01-27,2.0,3.7,1.1
2004-01-28,0.0,0.8,0.0
2004-01-29,0.3,2.7,1.0
2004-01-30,3.3,8.9,7.4
2004-01-31,12.4,13.2,13.3
2004-02-01,0.0,3.3,0.0
2004-02-02,9.2,20.1,13.2
2004-02-03,0.0,0.6,0.0
2004-02-04,8.3,3.7,0.0
2004-02-05,0.6,15.6,9.4
2004-02-06,2.1,24.0,17.6
2004-02-07,4.5,5.1,1.0
2004-02-08,0.0,0.7,0.0
2004-02-09,0.0,6.9,2.0
2004-02-10,3.6,1.4,0.0
2004-02-11,0.6,0.3,0.0
2004-02-12,0.4,0.5,0.0
2004-02-13,0.0,0.4,0.0
2004-02-14,31.0,23.1,22.8
2004-02-15,4.0,18.9,16.8
2004-02-16,7.3,7.3,3.2
2004-02-17,1.5,10.2,6.2
2004-02-18,10.3,15.4,12.3
2004-02-19,18.5,3.7,1.0
2004-02-20,0.4,0.8,0.0
2004-02-21,0.0,0.4,0.0
2004-02-22,6.0,2.2,0.0
2004-02-23,7.5,6.5,2.5
2004-02-24,0.0,2.5,0.0
2004-02-25,0.0,1.7,0.0
2004-02-26,21.0,13.7,11.9
2004-02-27,0.0,0.1,0.0
2004-02-28,0.0,0.1,0.0
2004-02-29,0.0,0.2,0.0
2004-03-01,6.9,10.0,5.6
2004-03-02,24.8,29.1,33.9
2004-03-03,11.7,10.8,6.5
2004-03-04,45.3,16.5,13.6
2004-03-05,4.8,0.9,0.0
2004-03-06,6.5,0.7,0.0
2004-03-07,5.4,5.4,1.0
2004-03-08,4.0,11.9,7.8
2004-03-09,0.0,2.2,0.0
2004-03-10,52.1,102.9,174.6
2004-03-11,3.8,3.5,1.9
2004-03-12,4.3,9.7,8.2
2004-03-13,7.4,3.4,1.8
2004-03-14,44.0,44.7,59.1
2004-03-15,0.0,0.3,0.0
2004-03-16,0.8,0.2,0.0
2004-03-17,0.0,0.6,0.0
2004-03-18,3.8,1.0,0.0
2004-03-19,4.3,1.1,0.0
2004-03-20,0.0,0.1,0.0
2004-03-21,0.0,0.1,0.0
2004-03-22,0.6,0.0,0.0
2004-03-23,0.0,0.4,0.0
2004-03-24,0.0,0.5,0.0
2004-03-25,94.6,1.7,0.0
2004-03-26,3.6,0.4,0.0
2004-03-27,0.0,5.3,1.9
2004-03-28,0.0,2.8,0.0
2004-03-29,5.4,0.1,0.0
2004-03-30,4.1,13.9,11.4
2004-03-31,0.0,0.0,0.0
2004-04-01,0.0,0.4,0.0
2004-04-02,8.4,17.0,13.8
2004-04-03,0.0,0.5,0.0
2004-04-04,0.0,37.9,53.0
2004-04-05,6.0,31.9,43.4
2004-04-06,0.0,1.9,0.0
2004-04-07,0.0,0.7,0.0
2004-04-08,0.0,8.5,4.9
2004-04-09,0.0,1.3,0.0
2004-04-10,0.0,0.0,0.0
2004-04-11,5.7,13.0,11.8
2004-04-12,2.0,7.0,4.4
2004-04-13,1.0,0.2,0.0
2004-04-14,0.0,0.3,0.0
2004-04-15,9.0,0.6,0.0
2004-04-16,0.0,1.0,0.0
2004-04-17,0.0,2.0,0.0
2004-04-18,0.0,0.0,0.0
2004-04-19,0.0,0.1,0.0
2004-04-20,0.0,6.0,3.3
2004-04-21,6.8,0.7,0.0
2004-04-22,2.0,0.3,0.0
2004-04-23,0.0,0.2,0.0
2004-04-24,1.0,3.5,2.1
2004-04-25,0.0,0.0,0.0
2004-04-26,5.6,0.2,0.0
2004-04-27,0.8,1.0,0.0
2004-04-28,5.7,11.6,9.0
2004-04-29,0.0,0.3,0.0
2004-04-30,0.0,1.4,1.0
2004-05-01,0.0,2.3,1.0
2004-05-02,5.2,14.9,20.8
2004-05-03,0.0,1.6,0.0
2004-05-04,0.0,3.8,2.7
2004-05-05,0.0,1.4,0.0
2004-05-06,0.0,1.1,0.0
2004-05-07,0.0,12.1,15.6
2004-05-08,0.0,4.3,3.4
2004-05-09,1.8,26.6,44.0
2004-05-10,37.4,15.0,21.3
2004-05-11,3.6,22.5,24.5
2004-05-12,0.0,0.2,0.0
2004-05-13,1.8,0.8,0.0
2004-05-14,0.0,0.2,0.0
2004-05-15,0.0,0.0,0.0
2004-05-16,0.0,0.0,0.0
2004-05-17,0.0,0.0,0.0
2004-05-18,0.0,0.0,0.0
2004-05-19,0.0,0.0,0.0
2004-05-20,0.0,0.2,0.0
2004-05-21,3.0,8.3,7.9
2004-05-22,0.0,5.2,3.5
2004-05-23,0.0,0.7,0.0
2004-05-24,1.2,1.7,0.0
2004-05-26,10.9,11.0,11.8
2004-05-27,3.2,7.1,6.1
2004-05-29,18.3,43.7,94.4
2004-05-30,0.0,3.7,1.7
2004-05-31,1.1,6.4,5.2
2004-06-01,2.4,15.8,14.1
2004-06-02,1.2,39.9,56.9
2004-06-03,4.4,10.6,7.6
2004-06-04,28.5,46.7,66.2
2004-06-05,0.0,0.6,0.0
2004-06-06,0.0,2.2,0.0
2004-06-07,0.5,1.8,0.0
2004-06-08,5.0,22.9,30.5
2004-06-09,6.0,6.8,2.9
2004-06-10,1.9,11.1,8.7
2004-06-11,3.6,21.9,15.5
2004-06-12,1.2,0.7,0.0
2004-06-13,0.0,1.1,0.0
2004-06-14,0.0,0.2,0.0
2004-06-15,0.0,0.0,0.0
2004-06-16,0.0,0.0,0.0
2004-06-17,1.2,2.6,0.0
2004-06-18,0.0,0.7,0.0
2004-06-19,0.0,0.2,0.0
2004-06-20,0.0,2.6,0.0
2004-06-21,0.0,1.4,0.0
2004-06-22,0.0,0.2,0.0
2004-06-23,2.0,0.7,0.0
2004-06-24,0.7,0.9,0.0
2004-06-25,0.0,0.0,0.0
2004-06-26,0.0,0.0,0.0
2004-06-27,0.0,0.0,0.0
2004-06-28,0.0,0.0,0.0
2004-06-29,0.0,0.0,0.0
2004-06-30,0.0,0.0,0.0
2004-07-01,0.0,5.6,2.4
2004-07-02,1.5,0.0,0.0
2004-07-03,0.0,0.0,0.0
2004-07-04,10.4,0.2,0.0
2004-07-05,1.8,0.0,0.0
2004-07-06,0.0,0.6,0.0
2004-07-07,0.0,0.5,0.0
2004-07-08,0.0,0.1,0.0
2004-07-09,0.0,0.1,0.0
2004-07-10,0.0,2.5,0.0
2004-07-11,0.6,5.0,2.1
2004-07-12,11.4,1.5,0.0
2004-07-13,8.1,2.2,0.0
2004-07-14,3.4,34.0,57.5
2004-07-15,1.4,4.7,1.7
2004-07-16,0.0,15.6,17.2
2004-07-17,17.9,2.9,1.0
2004-07-18,0.4,0.3,0.0
2004-07-19,0.0,0.3,0.0
2004-07-20,0.0,0.2,0.0
2004-07-21,0.0,0.8,0.0
2004-07-22,0.0,0.8,0.0
2004-07-23,0.0,2.7,0.0
2004-07-24,0.0,2.2,0.0
2004-07-25,2.8,0.2,0.0
2004-07-26,0.0,0.4,0.0
2004-07-27,1.1,7.4,2.6
2004-07-28,0.0,0.8,0.0
2004-07-29,0.8,1.4,0.0
2004-07-30,5.5,3.5,0.0
2004-07-31,2.8,16.0,11.4
2004-08-01,1.4,7.1,4.2
2004-08-02,0.0,2.4,0.0
2004-08-03,0.0,0.0,0.0
2004-08-04,0.0,1.4,0.0
2004-08-05,0.0,0.1,0.0
2004-08-06,0.0,0.1,0.0
2004-08-07,0.0,0.5,0.0
2004-08-08,5.2,4.5,1.5
2004-08-09,0.6,6.7,3.9
2004-08-10,0.0,0.0,0.0
2004-08-11,0.0,0.0,0.0
2004-08-12,0.0,0.0,0.0
2004-08-13,0.0,0.0,0.0
2004-08-14,0.0,0.0,0.0
2004-08-15,0.0,0.0,0.0
2004-08-16,0.0,0.1,0.0
2004-08-17,0.0,0.0,0.0
2004-08-18,0.0,0.0,0.0
2004-08-19,0.0,0.0,0.0
2004-08-20,0.0,0.0,0.0
2004-08-21,0.0,0.0,0.0
2004-08-22,0.0,0.0,0.0
2004-08-23,0.0,0.0,0.0
2004-08-24,0.0,0.0,0.0
2004-08-25,0.0,4.4,1.0
2004-08-26,0.0,0.1,0.0
2004-08-27,2.5,23.9,23.3
2004-08-28,0.6,4.8,1.0
2004-08-29,0.0,0.0,0.0
2004-08-30,0.0,0.0,0.0
2004-08-31,0.0,2.8,0.0
2004-09-01,7.2,0.1,0.0
2004-09-02,0.4,12.1,6.8
2004-09-03,6.0,0.8,0.0
2004-09-04,0.0,0.2,0.0
2004-09-05,0.7,0.3,0.0
2004-09-06,0.4,0.5,0.0
2004-09-07,3.6,18.9,14.9
2004-09-08,3.0,14.3,9.5
2004-09-09,0.0,3.1,0.0
2004-09-10,4.5,27.1,23.3
2004-09-11,0.0,0.8,0.0
2004-09-12,27.0,63.4,121.9
2004-09-13,3.0,5.2,1.8
2004-09-14,18.0,0.2,0.0
2004-09-15,1.0,0.3,0.0
2004-09-16,2.0,1.1,0.0
2004-09-17,0.0,0.5,0.0
2004-09-18,1.0,5.6,2.2
2004-09-19,1.0,14.6,13.1
2004-09-20,4.0,0.5,0.0
2004-09-21,0.0,0.7,0.0
2004-09-22,0.0,0.8,0.0
2004-09-23,0.0,0.3,0.0
2004-09-24,4.0,12.2,18.6
2004-09-25,13.0,18.2,43.9
2004-09-26,1.0,6.6,6.1
2004-09-27,0.0,0.3,0.0
2004-09-28,0.0,0.3,0.0
2004-09-29,0.0,0.9,0.0
2004-09-30,0.0,10.7,12.3
2004-10-01,2.1,10.8,7.8
2004-10-02,0.0,2.4,0.0
2004-10-03,2.8,2.7,1.0
2004-10-04,0.0,4.0,1.3
2004-10-05,0.0,0.2,0.0
2004-10-06,0.7,0.2,0.0
2004-10-07,0.3,1.0,0.0
2004-10-08,0.0,0.3,0.0
2004-10-09,20.3,1.0,0.0
2004-10-10,0.0,0.5,0.0
2004-10-11,1.6,0.3,0.0
2004-10-12,0.0,0.3,0.0
2004-10-13,0.0,0.2,0.0
2004-10-14,0.0,0.0,0.0
2004-10-15,0.0,0.0,0.0
2004-10-16,0.0,0.5,0.0
2004-10-17,0.0,0.0,0.0
2004-10-18,0.0,0.6,0.0
2004-10-19,0.0,0.0,0.0
2004-10-20,0.0,0.0,0.0
2004-10-21,18.0,2.0,0.0
2004-10-22,0.0,4.0,1.2
2004-10-23,0.0,0.1,0.0
2004-10-24,0.0,0.2,0.0
2004-10-25,0.0,0.4,0.0
2004-10-26,3.8,0.1,0.0
2004-10-27,0.0,0.0,0.0
2004-10-28,0.0,0.0,0.0
2004-10-29,1.2,15.5,16.8
2004-10-30,1.7,2.1,0.0
2004-10-31,1.9,0.9,0.0
2004-11-01,17.8,13.1,9.5
2004-11-02,11.1,9.0,5.1
2004-11-03,0.0,0.5,0.0
2004-11-04,0.0,0.1,0.0
2004-11-05,0.6,0.9,0.0
2004-11-06,34.6,26.9,27.6
2004-11-07,2.6,16.1,12.7
2004-11-08,0.0,4.8,1.0
2004-11-09,0.0,6.1,2.0
2004-11-10,0.0,1.6,0.0
2004-11-11,15.5,7.2,3.5
2004-11-12,0.6,0.4,0.0
2004-11-13,0.0,0.9,0.0
2004-11-14,8.0,3.5,1.0
2004-11-15,1.7,2.0,0.0
2004-11-16,0.0,2.1,0.0
2004-11-17,0.4,7.2,3.5
2004-11-18,0.5,0.8,0.0
2004-11-19,0.0,2.0,0.0
2004-11-20,0.0,1.1,0.0
2004-11-21,0.6,14.1,9.8
2004-11-22,24.1,1.3,0.0
2004-11-23,0.5,5.3,1.1
2004-11-24,9.8,25.5,32.4
2004-11-25,0.0,1.3,0.0
2004-11-26,1.4,17.3,13.5
2004-11-27,0.0,5.8,1.6
2004-11-28,10.7,0.4,0.0
2004-11-29,13.1,32.1,43.4
2004-11-30,0.0,1.7,0.0
2004-12-01,0.0,0.6,0.0
2004-12-02,44.1,65.2,99.4
2004-12-03,19.2,6.4,2.3
2004-12-04,26.4,11.8,7.9
2004-12-05,0.0,1.4,0.0
2004-12-06,2.0,2.1,0.0
2004-12-07,0.0,0.1,0.0
2004-12-08,0.0,20.8,17.9
2004-12-09,4.5,1.4,0.0
2004-12-10,1.2,11.2,7.2
2004-12-11,1.1,8.4,4.4
2004-12-12,0.0,7.7,3.8
2004-12-13,1.0,9.5,5.5
2004-12-14,1.0,0.4,0.0
2004-12-15,0.7,6.4,2.6
2004-12-16,0.3,8.8,4.9
2004-12-17,0.8,1.1,0.0
2004-12-18,0.0,0.1,0.0
2004-12-19,0.0,0.5,0.0
2004-12-20,25.5,3.5,1.0
2004-12-21,0.0,2.5,0.0
2004-12-22,3.6,0.4,0.0
2004-12-23,0.0,0.5,0.0
2004-12-24,0.0,6.4,1.1
2004-12-25,1.2,4.9,1.0
2004-12-26,14.0,3.3,0.0
2004-12-27,0.0,0.3,0.0
2004-12-28,0.0,0.8,0.0
2004-12-29,0.0,0.5,0.0
2004-12-30,0.0,0.3,0.0
2004-12-31,0.0,0.0,0.0
2005-01-01,0.0,3.4,0.0
2005-01-02,0.0,4.1,1.0
2005-01-03,0.0,16.0,9.9
2005-01-04,5.2,1.7,0.0
2005-01-05,0.0,2.2,0.0
2005-01-06,0.8,32.2,24.3
2005-01-07,24.4,29.6,21.4
2005-01-08,8.6,2.9,0.0
2005-01-09,1.0,6.0,1.8
2005-01-10,4.5,9.1,4.3
2005-01-11,6.8,5.7,1.5
2005-01-12,3.0,6.2,1.9
2005-01-13,1.6,3.8,0.0
2005-01-14,0.0,11.0,7.3
2005-01-15,24.2,0.9,0.0
2005-01-16,0.0,8.6,4.6
2005-01-17,8.6,35.0,52.6
2005-01-18,52.6,12.3,8.9
2005-01-19,10.7,7.4,3.3
2005-01-20,0.8,1.1,0.0
2005-01-21,1.0,45.6,69.2
2005-01-22,121.0,1.0,0.0
2005-01-23,0.0,1.6,0.0
2005-01-24,0.0,1.9,0.0
2005-01-25,3.0,2.4,0.0
2005-01-26,0.0,3.2,1.0
2005-01-27,0.0,0.1,0.0
2005-01-28,2.8,0.6,0.0
2005-01-29,0.0,0.8,0.0
2005-01-30,0.0,2.2,0.0
2005-01-31,0.0,21.2,31.7
2005-02-02,1.1,10.2,4.7
2005-02-03,0.0,2.1,0.0
2005-02-04,0.0,4.8,1.0
2005-02-05,0.2,0.2,0.0
2005-02-06,0.0,0.6,0.0
2005-02-07,0.0,6.2,1.5
2005-02-08,10.1,15.0,8.8
2005-02-09,2.4,0.9,0.0
2005-02-10,0.0,0.4,0.0
2005-02-11,31.8,10.8,6.9
2005-02-12,0.0,0.2,0.0
2005-02-13,33.5,16.8,14.0
2005-02-14,10.0,28.2,32.8
2005-02-15,1.4,0.4,0.0
2005-02-16,0.0,0.2,0.0
2005-02-17,1.4,0.5,0.0
2005-02-18,1.0,0.1,0.0
2005-02-19,0.0,2.7,1.0
2005-02-20,0.0,0.4,0.0
2005-02-21,0.3,1.3,0.0
2005-02-22,25.6,2.2,0.0
2005-02-23,1.4,0.3,0.0
2005-02-24,6.2,8.0,4.3
2005-02-25,8.9,9.2,5.9
2005-02-26,0.0,0.0,0.0
2005-02-27,7.9,3.8,0.0
2005-02-28,0.0,0.0,0.0
2005-03-01,0.0,0.0,0.0
2005-03-02,0.0,0.0,0.0
2005-03-03,0.0,0.0,0.0
2005-03-04,3.0,0.0,0.0
2005-03-05,3.2,2.1,0.0
2005-03-06,0.0,0.0,0.0
2005-03-07,5.2,8.5,3.9
2005-03-08,7.7,7.1,2.5
2005-03-09,0.0,14.2,10.7
2005-03-10,0.0,1.2,0.0
2005-03-11,13.3,11.3,9.9
2005-03-12,1.2,0.5,0.0
2005-03-13,1.0,0.1,0.0
2005-03-14,0.0,0.1,0.0
2005-03-15,4.2,4.6,2.9
2005-03-16,0.0,0.6,0.0
2005-03-17,0.8,2.1,1.0
2005-03-18,5.2,13.1,11.9
2005-03-19,0.0,0.0,0.0
2005-03-20,0.0,0.2,0.0
2005-03-21,13.1,7.2,3.8
2005-03-22,0.0,8.9,5.7
2005-03-23,8.5,0.8,0.0
2005-03-24,0.0,0.3,0.0
2005-03-25,5.1,8.1,4.8
2005-03-26,0.0,2.7,0.0
2005-03-27,0.4,2.0,0.0
2005-03-28,0.0,0.1,0.0
2005-03-29,15.8,0.6,0.0
2005-03-30,0.0,2.3,0.0
2005-03-31,2.5,2.0,0.0
2005-04-01,1.2,14.5,11.3
2005-04-02,5.0,8.7,5.2
2005-04-03,0.0,3.4,1.0
2005-04-04,2.2,1.3,0.0
2005-04-05,0.0,1.8,0.0
2005-04-06,0.0,0.6,0.0
2005-04-07,11.3,20.1,18.1
2005-04-08,1.1,18.8,17.0
2005-04-09,0.6,19.6,17.1
2005-04-10,0.0,5.2,1.7
2005-04-11,0.0,27.0,41.6
2005-04-12,0.0,18.8,25.5
2005-04-13,0.0,1.5,0.0
2005-04-14,3.0,0.7,0.0
2005-04-15,0.0,0.1,0.0
2005-04-16,0.0,0.8,0.0
2005-04-17,2.1,2.4,0.0
2005-04-18,9.0,3.5,1.0
2005-04-19,9.3,12.4,11.2
2005-04-20,0.0,1.0,0.0
2005-04-21,0.0,0.1,0.0
2005-04-22,1.0,0.0,0.0
2005-04-23,2.8,9.4,7.1
2005-04-24,0.0,0.7,0.0
2005-04-25,0.0,0.1,0.0
2005-04-26,0.9,0.1,0.0
2005-04-27,0.0,0.1,0.0
2005-04-28,0.0,0.0,0.0
2005-04-29,0.0,0.0,0.0
2005-04-30,0.0,0.1,0.0
2005-05-01,10.0,2.0,0.0
2005-05-02,3.5,2.5,1.0
2005-05-03,0.3,3.4,2.0
2005-05-04,0.0,1.0,0.0
2005-05-05,0.6,0.2,0.0
2005-05-06,3.4,2.2,1.0
2005-05-07,1.2,10.7,13.9
2005-05-08,0.0,8.1,9.4
2005-05-09,1.0,4.5,3.8
2005-05-10,0.0,4.4,3.5
2005-05-11,10.0,29.8,32.3
2005-05-12,0.0,1.3,0.0
2005-05-13,3.8,7.4,4.9
2005-05-14,0.3,37.5,42.6
2005-05-15,3.4,5.7,3.1
2005-05-16,6.5,20.7,23.1
2005-05-17,0.0,11.5,9.3
2005-05-18,0.0,0.3,0.0
2005-05-19,5.5,12.1,9.8
2005-05-20,1.4,4.0,1.1
2005-05-21,0.0,0.6,0.0
2005-05-22,0.6,0.4,0.0
2005-05-23,0.0,0.1,0.0
2005-05-24,3.1,8.3,7.9
2005-05-25,3.5,7.3,6.4
2005-05-26,0.0,0.1,0.0
2005-05-27,0.0,4.1,2.2
2005-05-28,41.2,20.8,37.7
2005-05-29,2.2,11.6,12.4
2005-05-30,0.0,0.1,0.0
2005-05-31,0.0,0.0,0.0
2005-06-01,2.8,0.0,0.0
2005-06-02,0.0,0.1,0.0
2005-06-03,0.0,0.0,0.0
2005-06-04,0.0,2.0,0.0
2005-06-05,0.0,5.8,1.8
2005-06-06,0.0,0.1,0.0
2005-06-07,0.0,0.6,0.0
2005-06-08,0.0,3.3,0.0
2005-06-09,4.1,14.0,12.6
2005-06-10,0.0,0.5,0.0
2005-06-11,0.0,0.6,0.0
2005-06-12,0.0,0.5,0.0
2005-06-13,0.0,1.0,0.0
2005-06-14,9.7,12.2,7.5
2005-06-15,0.0,0.3,0.0
2005-06-16,0.0,6.9,3.3
2005-06-17,12.2,3.7,1.0
2005-06-18,5.4,16.8,11.1
2005-06-19,0.0,0.9,0.0
2005-06-20,0.0,7.9,4.2
2005-06-21,4.5,16.6,20.4
2005-06-22,0.0,0.1,0.0
2005-06-23,0.0,4.0,1.1
2005-06-24,0.0,2.5,0.0
2005-06-25,1.3,0.4,0.0
2005-06-26,0.0,0.2,0.0
2005-06-27,0.0,10.0,8.6
2005-06-28,1.0,5.7,3.3
2005-06-29,0.0,0.2,0.0
2005-06-30,0.0,15.0,15.1
2005-07-01,6.2,6.3,3.3
2005-07-02,4.4,12.7,11.0
2005-07-03,47.3,15.6,15.9
2005-07-04,0.0,3.0,0.0
2005-07-05,0.0,0.2,0.0
2005-07-06,0.0,1.5,0.0
2005-07-07,5.0,2.5,0.0
2005-07-08,0.0,1.8,0.0
2005-07-09,0.0,9.1,6.5
2005-07-10,0.6,4.7,1.5
2005-07-11,0.0,0.6,0.0
2005-07-12,0.0,1.0,0.0
2005-07-13,0.0,3.2,1.0
2005-07-14,0.0,5.4,2.6
2005-07-15,0.0,0.9,0.0
2005-07-16,0.0,0.0,0.0
2005-07-17,14.0,4.1,1.0
2005-07-18,0.0,10.3,9.4
2005-07-19,0.0,2.5,0.0
2005-07-20,0.0,25.0,35.2
2005-07-21,4.6,5.7,1.2
2005-07-22,0.0,6.3,1.7
2005-07-23,6.4,33.7,41.3
2005-07-24,0.6,6.9,2.2
2005-07-25,15.6,46.6,88.0
2005-07-26,0.0,1.6,0.0
2005-07-27,0.0,2.0,0.0
2005-07-28,1.0,3.0,0.0
2005-07-29,0.0,0.8,0.0
2005-07-30,3.3,6.5,1.9
2005-07-31,0.0,0.0,0.0
2005-08-01,0.0,0.0,0.0
2005-08-02,0.0,0.3,0.0
2005-08-03,0.0,2.2,0.0
2005-08-04,0.0,1.2,0.0
2005-08-05,0.0,0.0,0.0
2005-08-06,0.0,0.1,0.0
2005-08-07,0.0,0.1,0.0
2005-08-08,0.0,2.1,0.0
2005-08-09,0.3,0.0,0.0
2005-08-10,4.3,0.1,0.0
2005-08-11,4.4,16.4,24.0
2005-08-12,0.0,0.1,0.0
2005-08-13,0.0,0.0,0.0
2005-08-14,3.7,3.7,1.0
2005-08-15,0.6,1.0,0.0
2005-08-16,7.3,7.3,5.8
2005-08-17,0.0,2.5,0.0
2005-08-18,1.0,4.7,1.8
2005-08-19,0.0,0.1,0.0
2005-08-20,17.4,2.9,0.0
2005-08-21,16.3,49.3,78.5
2005-08-22,0.3,4.9,1.0
2005-08-23,0.2,13.0,9.1
2005-08-24,10.0,5.4,1.2
2005-08-25,4.7,0.2,0.0
2005-08-26,0.0,0.8,0.0
2005-08-27,0.0,0.0,0.0
2005-08-28,2.1,0.9,0.0
2005-08-29,0.0,6.4,2.1
2005-08-30,8.5,6.1,1.8
2005-08-31,0.0,0.0,0.0
2005-09-01,0.0,2.8,0.0
2005-09-02,6.7,2.1,0.0
2005-09-03,0.0,4.9,1.0
2005-09-04,4.4,6.5,2.3
2005-09-05,11.7,29.7,26.9
2005-09-06,0.0,0.3,0.0
2005-09-07,8.6,1.8,0.0
2005-09-08,0.0,0.6,0.0
2005-09-09,0.0,1.8,0.0
2005-09-10,20.5,35.4,34.5
2005-09-11,8.2,19.6,20.0
2005-09-12,7.1,8.7,5.9
2005-09-13,2.5,21.1,22.7
2005-09-14,1.0,0.2,0.0
2005-09-15,0.0,0.0,0.0
2005-09-16,0.0,0.0,0.0
2005-09-17,0.0,0.2,0.0
2005-09-18,0.0,0.0,0.0
2005-09-19,10.0,23.4,26.3
2005-09-20,18.3,11.3,9.1
2005-09-21,4.0,4.9,2.4
2005-09-22,4.5,11.7,14.6
2005-09-23,1.0,11.2,13.8
2005-09-24,0.0,0.0,0.0
2005-09-26,0.0,0.1,0.0
2005-09-27,0.0,0.1,0.0
2005-09-28,0.0,0.3,0.0
2005-09-29,0.0,0.6,0.0
2005-09-30,0.0,0.8,0.0
2005-10-02,0.0,5.8,2.9
2005-10-04,0.0,0.3,0.0
2005-10-05,0.0,0.2,0.0
2005-10-06,0.0,1.0,0.0
2005-10-07,0.0,0.0,0.0
2005-10-08,0.0,0.2,0.0
2005-10-09,0.0,0.5,0.0
2005-10-10,0.0,1.2,0.0
2005-10-11,0.0,0.1,0.0
2005-10-12,0.0,14.8,14.7
2005-10-13,7.9,16.2,16.5
2005-10-14,1.0,1.4,0.0
2005-10-15,1.3,8.9,5.9
2005-10-16,0.0,1.4,0.0
2005-10-17,0.5,4.7,1.5
2005-10-18,0.0,6.3,3.1
2005-10-19,0.0,0.1,0.0
2005-10-20,0.0,0.4,0.0
2005-10-21,0.5,1.7,0.0
2005-10-22,0.0,0.3,0.0
2005-10-23,0.0,1.2,0.0
2005-10-24,0.0,0.9,0.0
2005-10-25,0.0,0.4,0.0
2005-10-26,0.0,0.4,0.0
2005-10-27,4.9,8.5,7.0
2005-10-28,1.7,13.8,12.9
2005-10-29,0.6,0.9,0.0
2005-10-30,5.7,19.4,25.1
2005-10-31,1.3,4.9,2.3
2005-11-01,0.5,0.7,0.0
2005-11-02,0.0,5.9,1.8
2005-11-03,0.0,0.2,0.0
2005-11-04,0.0,0.9,0.0
2005-11-05,1.9,4.9,1.0
2005-11-06,1.8,6.1,2.1
2005-11-07,10.8,38.2,42.4
2005-11-08,2.4,10.7,6.9
2005-11-09,0.0,1.3,0.0
2005-11-10,8.6,32.0,33.2
2005-11-11,13.3,10.5,6.0
2005-11-12,0.0,3.2,1.0
2005-11-13,0.0,0.2,0.0
2005-11-14,0.0,0.2,0.0
2005-11-15,0.5,0.7,0.0
2005-11-16,3.6,12.1,7.3
2005-11-17,4.2,20.6,14.0
2005-11-18,4.0,4.7,1.6
2005-11-19,0.0,0.2,0.0
2005-11-20,0.0,0.0,0.0
2005-11-21,0.0,0.2,0.0
2005-11-22,0.0,0.2,0.0
2005-11-23,0.0,0.5,0.0
2005-11-24,0.0,1.2,0.0
2005-11-25,4.6,3.9,1.0
2005-11-26,16.5,2.7,0.0
2005-11-27,11.4,5.8,1.5
2005-11-28,0.0,1.8,0.0
2005-11-29,3.9,5.9,1.7
2005-12-01,0.9,2.3,0.0
2005-12-02,0.0,0.1,0.0
2005-12-03,3.8,0.7,0.0
2005-12-04,1.8,14.6,11.1
2005-12-05,4.1,10.5,6.5
2005-12-06,0.5,0.6,0.0
2005-12-07,3.5,21.4,18.5
2005-12-08,2.6,30.0,32.2
2005-12-09,4.8,40.3,50.7
2005-12-10,0.4,9.2,5.1
2005-12-11,6.0,18.0,13.2
2005-12-12,1.0,17.0,12.8
2005-12-13,6.0,18.5,13.8
2005-12-14,1.7,12.5,8.3
2005-12-16,0.0,0.2,0.0
2005-12-17,0.0,9.1,5.1
2005-12-18,22.5,17.3,12.9
2005-12-19,15.4,23.3,24.9
2005-12-20,4.7,3.2,1.0
2005-12-21,5.7,4.1,0.0
2005-12-22,9.4,28.9,30.2
2005-12-23,7.6,26.3,25.8
2005-12-24,0.0,1.4,0.0
2005-12-25,0.0,4.1,0.0
2005-12-26,9.0,16.7,12.1
2005-12-27,0.0,1.0,0.0
2005-12-28,0.0,0.0,0.0
2005-12-29,0.0,1.3,0.0
2005-12-30,2.6,8.5,3.0
2005-12-31,0.0,0.3,0.0
2006-01-01,0.0,13.0,7.5
2006-01-02,0.0,6.9,2.6
2006-01-03,0.0,16.3,10.2
2006-01-04,3.0,4.1,1.0
2006-01-05,0.0,0.3,0.0
2006-01-06,0.0,0.6,0.0
2006-01-07,0.0,0.4,0.0
2006-01-08,0.0,1.8,0.0
2006-01-09,0.0,0.1,0.0
2006-01-10,0.0,6.9,2.5
2006-01-12,0.0,0.1,0.0
2006-01-13,0.0,0.3,0.0
2006-01-14,0.0,0.3,0.0
2006-01-15,0.0,24.8,33.5
2006-01-16,0.0,0.3,0.0
2006-01-17,0.0,20.6,24.7
2006-01-18,1.3,3.4,0.0
2006-01-19,0.0,3.1,0.0
2006-01-20,0.0,8.3,4.3
2006-01-21,0.0,3.2,1.0
2006-01-22,0.0,2.8,1.0
2006-01-23,0.0,23.6,36.4
2006-01-24,0.3,29.4,48.1
2006-01-25,8.0,0.0,0.0
2006-01-26,0.0,1.5,0.0
2006-01-27,0.0,15.7,16.1
2006-01-28,0.0,1.3,0.0
2006-01-29,0.0,2.2,0.0
2006-01-30,0.0,0.8,0.0
2006-01-31,0.0,25.2,40.5
2006-02-01,14.5,1.8,0.0
2006-02-02,0.0,1.1,0.0
2006-02-03,9.6,2.9,0.0
2006-02-04,0.2,0.6,0.0
2006-02-05,7.9,20.6,14.1
2006-02-06,0.0,0.2,0.0
2006-02-07,1.2,0.0,0.0
2006-02-08,23.0,29.0,23.8
2006-02-09,14.5,17.2,10.9
2006-02-10,0.0,7.0,2.1
2006-02-11,0.5,7.8,3.7
2006-02-12,41.2,15.2,12.0
2006-02-13,8.3,23.0,22.2
2006-02-14,6.2,9.0,4.9
2006-02-15,7.3,13.9,10.5
2006-02-16,10.0,27.5,31.0
2006-02-17,23.7,21.0,20.1
2006-02-18,9.6,32.4,44.7
2006-02-19,19.4,18.2,15.8
2006-02-20,0.0,0.1,0.0
2006-02-21,36.6,87.8,236.6
2006-02-22,0.8,1.7,0.0
2006-02-23,0.0,0.6,0.0
2006-02-24,3.5,1.8,0.0
2006-02-25,7.4,23.6,31.1
2006-02-26,16.6,7.6,3.8
2006-02-27,3.6,5.2,1.1
2006-02-28,0.3,6.0,2.0
2006-03-02,1.6,22.7,22.7
2006-03-03,0.5,3.5,0.0
2006-03-04,2.4,15.4,12.2
2006-03-05,1.5,0.0,0.0
2006-03-06,0.0,3.0,0.0
2006-03-07,3.7,0.2,0.0
2006-03-08,3.7,1.2,0.0
2006-03-09,5.1,15.5,12.4
2006-03-10,0.0,0.0,0.0
2006-03-11,0.0,0.0,0.0
2006-03-12,5.2,1.9,1.0
2006-03-13,0.0,0.2,0.0
2006-03-14,1.4,0.1,0.0
2006-03-15,5.5,10.3,8.8
2006-03-16,13.4,16.1,14.9
2006-03-17,0.0,1.9,1.0
2006-03-18,1.1,0.2,0.0
2006-03-19,1.7,0.5,0.0
2006-03-20,0.0,0.2,0.0
2006-03-21,0.2,0.8,0.0
2006-03-22,0.0,0.5,0.0
2006-03-23,0.0,0.2,0.0
2006-03-24,0.0,0.2,0.0
2006-03-25,13.2,61.6,84.7
2006-03-26,5.0,11.6,8.7
2006-03-27,16.0,8.9,5.7
2006-03-28,12.0,33.3,46.8
2006-03-29,11.0,47.4,70.1
2006-03-30,18.2,32.5,45.8
2006-03-31,0.0,4.5,1.1
2006-04-01,0.0,3.4,1.0
2006-04-02,2.4,22.0,27.8
2006-04-03,0.0,11.3,7.9
2006-04-04,12.1,7.3,3.8
2006-04-05,0.5,1.8,0.0
2006-04-06,21.9,32.3,45.2
2006-04-07,5.3,31.1,42.6
2006-04-08,0.6,0.2,0.0
2006-04-09,3.2,9.3,5.8
2006-04-10,0.3,6.2,2.6
2006-04-12,17.1,4.5,1.7
2006-04-13,0.0,2.0,0.0
2006-04-14,10.0,28.2,43.8
2006-04-15,0.0,1.5,0.0
2006-04-16,2.4,9.8,7.9
2006-04-17,0.0,0.1,0.0
2006-04-18,0.6,8.8,6.6
2006-04-19,0.0,2.1,0.0
2006-04-21,34.5,15.2,12.4
2006-04-22,0.0,1.3,1.0
2006-04-23,2.2,12.9,10.1
2006-04-24,0.0,0.9,0.0
2006-04-25,3.1,14.6,11.6
2006-04-26,3.8,5.9,4.1
2006-04-27,19.4,39.7,43.5
2006-04-28,2.3,25.8,25.9
2006-04-29,1.0,9.3,7.1
2006-04-30,0.0,13.7,10.8
2006-05-01,19.4,10.6,13.8
2006-05-02,0.0,7.2,8.0
2006-05-03,0.4,7.3,8.1
2006-05-04,14.6,2.2,1.0
2006-05-05,6.2,9.7,12.0
2006-05-06,0.0,1.7,0.0
2006-05-07,0.0,10.4,13.1
2006-05-08,0.0,0.3,0.0
2006-05-09,0.0,0.0,0.0
2006-05-10,0.0,0.0,0.0
2006-05-11,0.0,0.0,0.0
2006-05-12,1.7,0.0,0.0
2006-05-13,0.0,0.4,0.0
2006-05-14,0.0,0.0,0.0
2006-05-15,0.0,0.0,0.0
2006-05-16,0.0,0.9,0.0
2006-05-17,0.0,0.3,0.0
2006-05-18,0.0,0.4,0.0
2006-05-19,0.0,0.0,0.0
2006-05-20,0.0,0.4,0.0
2006-05-21,0.0,0.9,0.0
2006-05-22,0.0,0.0,0.0
2006-05-23,0.0,0.8,0.0
2006-05-24,0.0,0.2,0.0
2006-05-25,0.0,0.0,0.0
2006-05-26,0.0,18.8,33.4
2006-05-27,0.0,0.0,0.0
2006-05-28,0.0,4.8,3.0
2006-05-29,0.0,4.7,2.9
2006-05-30,0.0,0.5,0.0
2006-05-31,0.0,0.0,0.0
2006-06-01,0.0,1.7,0.0
2006-06-02,2.2,2.2,0.0
2006-06-04,0.0,0.2,0.0
2006-06-05,0.0,0.2,0.0
2006-06-06,0.0,0.2,0.0
2006-06-07,0.0,0.9,0.0
2006-06-08,3.8,19.3,25.8
2006-06-09,0.0,0.2,0.0
2006-06-10,0.6,2.6,0.0
2006-06-11,1.3,0.3,0.0
2006-06-12,6.4,19.0,13.3
2006-06-13,0.5,1.0,0.0
2006-06-14,19.7,32.7,27.1
2006-06-15,3.0,1.5,0.0
2006-06-16,0.0,0.3,0.0
2006-06-18,2.8,33.2,27.7
2006-06-19,0.0,4.3,1.3
2006-06-20,0.0,3.6,1.0
2006-06-22,0.6,6.3,4.0
2006-06-23,0.0,0.5,0.0
2006-06-24,0.1,0.2,0.0
2006-06-25,0.6,2.6,0.0
2006-06-26,2.8,4.4,1.6
2006-06-28,0.7,11.7,11.0
2006-06-29,0.0,0.5,0.0
2006-06-30,0.0,0.2,0.0
2006-07-01,0.0,0.7,0.0
2006-07-02,3.4,1.0,0.0
2006-07-03,9.8,0.2,0.0
2006-07-04,0.0,0.5,0.0
2006-07-05,0.6,0.4,0.0
2006-07-06,0.0,3.6,1.0
2006-07-07,0.0,0.3,0.0
2006-07-08,3.4,0.2,0.0
2006-07-09,0.0,0.0,0.0
2006-07-10,0.0,0.0,0.0
2006-07-11,0.0,0.4,0.0
2006-07-12,0.0,0.1,0.0
2006-07-13,0.0,1.1,0.0
2006-07-14,0.0,0.4,0.0
2006-07-15,0.0,2.1,0.0
2006-07-16,19.2,19.2,24.2
2006-07-17,7.6,9.5,8.1
2006-07-18,0.0,0.5,0.0
2006-07-19,0.6,0.5,0.0
2006-07-20,0.0,0.0,0.0
2006-07-21,13.8,5.1,1.0
2006-07-22,5.0,7.2,2.4
2006-07-23,0.0,0.3,0.0
2006-07-24,0.0,0.0,0.0
2006-07-25,4.2,4.3,1.0
2006-07-26,1.0,4.8,1.0
2006-07-27,0.0,0.4,0.0
2006-07-28,0.0,0.0,0.0
2006-07-29,0.0,0.2,0.0
2006-07-30,14.4,7.2,2.5
2006-07-31,10.0,13.9,9.8
2006-08-01,0.2,1.4,0.0
2006-08-02,0.8,0.2,0.0
2006-08-04,0.0,0.4,0.0
2006-08-05,0.7,0.0,0.0
2006-08-06,2.0,0.3,0.0
2006-08-07,0.0,0.0,0.0
2006-08-08,0.0,0.5,0.0
2006-08-09,0.0,0.5,0.0
2006-08-10,0.0,0.1,0.0
2006-08-11,0.0,0.0,0.0
2006-08-12,0.0,0.0,0.0
2006-08-13,0.0,0.0,0.0
2006-08-14,0.0,0.0,0.0
2006-08-15,0.0,0.0,0.0
2006-08-16,0.0,0.1,0.0
2006-08-17,3.4,4.5,1.5
2006-08-18,12.4,29.7,64.0
2006-08-19,1.0,6.1,4.0
2006-08-21,4.2,4.9,1.0
2006-08-22,0.0,0.4,0.0
2006-08-23,0.0,4.2,1.0
2006-08-24,0.0,0.8,0.0
2006-08-25,4.2,0.1,0.0
2006-08-26,0.0,0.0,0.0
2006-08-27,0.0,0.1,0.0
2006-08-28,0.0,42.0,59.2
2006-08-29,19.2,24.9,24.8
2006-08-30,9.0,9.4,5.1
2006-08-31,0.0,0.7,0.0
2006-09-01,0.0,0.5,0.0
2006-09-02,0.0,5.1,1.2
2006-09-04,0.0,1.0,0.0
2006-09-05,0.0,0.7,0.0
2006-09-06,3.8,0.1,0.0
2006-09-07,0.0,6.1,2.0
2006-09-08,0.0,0.1,0.0
2006-09-09,0.0,4.5,1.0
2006-09-10,51.7,74.5,78.9
2006-09-11,0.0,0.6,0.0
2006-09-12,0.0,4.6,1.1
2006-09-13,0.0,0.5,0.0
2006-09-14,0.0,1.1,0.0
2006-09-15,0.0,2.7,0.0
2006-09-16,12.4,36.4,51.6
2006-09-17,0.0,6.1,2.8
2006-09-18,5.3,12.9,11.5
2006-09-19,0.0,2.0,0.0
2006-09-20,4.4,7.8,4.8
2006-09-22,6.0,8.4,8.7
2006-09-23,2.8,17.1,39.7
2006-09-24,1.0,12.2,18.7
2006-09-25,3.2,0.1,0.0
2006-09-26,0.0,0.4,0.0
2006-09-27,0.0,1.0,0.0
2006-09-28,3.2,26.8,68.9
2006-09-29,0.0,0.0,0.0
2006-09-30,0.0,0.0,0.0
2006-10-01,2.3,0.0,0.0
2006-10-02,0.8,0.0,0.0
2006-10-04,0.0,0.0,0.0
2006-10-05,0.7,0.0,0.0
2006-10-06,2.0,0.0,0.0
2006-10-07,0.0,0.0,0.0
2006-10-08,0.0,0.1,0.0
2006-10-09,0.0,0.2,0.0
2006-10-10,0.0,0.1,0.0
2006-10-11,0.0,1.8,0.0
2006-10-12,0.0,2.0,0.0
2006-10-13,0.0,0.0,0.0
2006-10-14,0.0,0.8,0.0
2006-10-15,0.0,0.7,0.0
2006-10-16,0.0,0.0,0.0
2006-10-17,3.4,0.4,0.0
2006-10-18,12.4,0.0,0.0
2006-10-19,1.0,11.4,8.8
2006-10-21,4.2,1.1,0.0
2006-10-22,0.0,3.0,1.0
2006-10-23,0.0,0.1,0.0
2006-10-24,0.0,0.0,0.0
2006-10-25,4.2,0.1,0.0
2006-10-26,0.0,1.8,0.0
2006-10-27,0.0,18.5,23.3
2006-10-28,20.8,0.6,0.0
2006-10-29,0.0,0.1,0.0
2006-10-30,8.4,0.3,0.0
2006-10-31,0.0,0.8,0.0
2006-11-01,0.0,0.1,0.0
2006-11-02,0.0,1.0,0.0
2006-11-03,0.0,0.1,0.0
2006-11-04,0.0,0.0,0.0
2006-11-05,0.0,0.1,0.0
2006-11-06,0.0,0.0,0.0
2006-11-07,0.0,0.1,0.0
2006-11-08,0.0,0.5,0.0
2006-11-10,6.8,3.7,0.0
2006-11-11,9.2,8.0,4.1
2006-11-12,0.8,0.1,0.0
2006-11-13,0.0,0.2,0.0
2006-11-14,0.0,0.2,0.0
2006-11-15,0.0,0.0,0.0
2006-11-16,0.0,0.0,0.0
2006-11-17,0.0,0.4,0.0
2006-11-18,13.2,0.7,0.0
2006-11-19,0.0,0.4,0.0
2006-11-20,1.2,4.3,1.2
2006-11-21,0.0,0.4,0.0
2006-11-22,0.0,0.0,0.0
2006-11-23,0.0,0.0,0.0
2006-11-24,0.0,0.0,0.0
2006-11-25,0.0,0.5,0.0
2006-11-26,4.4,12.8,8.9
2006-11-27,0.0,14.6,10.8
2006-11-28,51.0,32.6,43.7
2006-11-30,0.0,2.9,0.0
2006-12-01,0.2,11.7,7.7
2006-12-02,0.8,6.4,2.4
2006-12-04,0.0,34.1,39.8
2006-12-05,0.7,2.6,0.0
2006-12-06,2.0,0.4,0.0
2006-12-07,0.0,0.0,0.0
2006-12-08,0.0,7.0,2.9
2006-12-09,0.0,1.0,0.0
2006-12-10,0.0,0.0,0.0
2006-12-11,0.0,0.0,0.0
2006-12-12,0.0,0.2,0.0
2006-12-13,0.0,4.7,1.3
2006-12-14,0.0,6.0,2.3
2006-12-15,0.0,0.1,0.0
2006-12-16,0.0,14.5,10.2
2006-12-17,3.4,3.4,1.0
2006-12-18,12.4,2.5,0.0
2006-12-19,1.0,7.3,3.5
2006-12-21,4.2,5.3,1.0
2006-12-22,0.0,77.1,134.7
2006-12-23,0.0,5.4,1.0
2006-12-24,0.0,0.0,0.0
2006-12-25,4.2,10.4,4.9
2006-12-26,0.0,0.5,0.0
2006-12-27,0.0,7.1,1.7
2006-12-28,20.8,18.4,14.2
2006-12-29,0.0,1.3,0.0
2006-12-30,8.4,3.3,0.0
2006-12-31,0.0,9.2,3.6
2007-01-01,0.2,12.4,7.0
2007-01-02,0.8,51.9,55.1
2007-01-04,0.0,11.9,6.6
2007-01-05,0.7,2.1,0.0
2007-01-06,2.0,17.0,10.7
2007-01-07,0.0,40.9,35.5
2007-01-08,0.0,50.7,52.2
2007-01-09,0.0,4.9,1.0
2007-01-10,0.0,8.3,3.6
2007-01-11,0.0,19.1,21.8
2007-01-12,0.0,12.4,9.0
2007-01-13,0.0,1.1,0.0
2007-01-14,0.0,0.3,0.0
2007-01-15,0.0,3.3,0.0
2007-01-16,0.0,0.0,0.0
2007-01-17,3.4,0.0,0.0
2007-01-18,12.4,0.3,0.0
2007-01-19,1.0,3.1,0.0
2007-01-21,4.2,4.4,2.0
2007-01-22,0.0,0.5,0.0
2007-01-23,0.0,11.1,10.1
2007-01-24,0.0,8.5,6.9
2007-01-25,4.2,1.9,0.0
2007-01-26,0.0,2.7,1.0
2007-01-27,0.0,9.7,8.4
2007-01-28,20.8,4.5,2.1
2007-01-29,0.0,20.3,29.4
2007-01-30,8.4,0.3,0.0
2007-01-31,0.0,0.5,0.0
2007-02-01,0.0,6.2,1.5
2007-02-02,0.0,0.9,0.0
2007-02-03,3.0,1.9,0.0
2007-02-04,68.6,29.6,23.6
2007-02-05,0.0,4.8,1.0
2007-02-06,0.0,0.7,0.0
2007-02-07,0.0,0.0,0.0
2007-02-08,0.0,1.2,0.0
2007-02-09,0.0,24.3,17.5
2007-02-10,20.6,17.9,11.5
2007-02-11,23.3,7.5,3.4
2007-02-12,4.6,0.6,0.0
2007-02-13,0.4,1.0,0.0
2007-02-14,0.0,0.1,0.0
2007-02-15,6.8,27.1,30.0
2007-02-16,7.4,0.1,0.0
2007-02-17,1.6,0.1,0.0
2007-02-18,2.8,0.1,0.0
2007-02-19,0.0,10.9,6.9
2007-02-20,0.0,5.9,2.0
2007-02-21,0.0,3.1,0.0
2007-02-22,0.0,0.1,0.0
2007-02-23,0.0,0.3,0.0
2007-02-24,0.0,1.4,0.0
2007-02-25,0.0,0.4,0.0
2007-02-26,0.0,0.7,0.0
2007-02-27,0.0,0.4,0.0
2007-02-28,1.2,0.4,0.0
2007-03-01,0.0,0.6,0.0
2007-03-02,0.0,4.1,1.0
2007-03-03,12.0,13.9,10.3
2007-03-04,3.0,0.9,0.0
2007-03-05,3.6,0.3,0.0
2007-03-06,2.8,12.1,8.0
2007-03-07,1.2,0.4,0.0
2007-03-08,0.0,1.0,0.0
2007-03-09,27.0,57.3,101.8
2007-03-10,18.2,52.2,89.1
2007-03-11,0.0,0.6,0.0
2007-03-12,0.0,0.0,0.0
2007-03-13,1.0,6.3,4.5
2007-03-14,19.0,0.8,0.0
2007-03-15,0.0,0.5,0.0
2007-03-16,2.8,2.4,1.0
2007-03-17,7.8,12.0,10.7
2007-03-18,9.2,7.9,6.2
2007-03-19,82.6,1.1,0.0
2007-03-20,8.8,17.8,17.2
2007-03-21,0.0,1.7,0.0
2007-03-22,0.0,0.2,0.0
2007-03-23,0.0,4.1,1.0
2007-03-24,0.0,2.6,0.0
2007-03-25,0.0,1.9,0.0
2007-03-26,5.4,36.0,52.6
2007-03-27,0.0,5.9,2.5
2007-03-28,7.8,40.2,60.0
2007-03-29,40.8,36.5,53.1
2007-03-30,1.0,5.9,2.5
2007-03-31,0.0,31.3,44.0
2007-04-01,0.0,13.8,10.6
2007-04-02,0.0,9.5,6.0
2007-04-03,12.0,12.6,9.3
2007-04-04,3.0,1.1,0.0
2007-04-05,3.6,10.4,6.9
2007-04-06,2.8,1.3,0.0
2007-04-07,1.2,148.7,134.1
2007-04-08,0.0,1.2,0.0
2007-04-09,27.0,0.0,0.0
2007-04-10,18.2,0.4,0.0
2007-04-11,0.0,12.3,11.0
2007-04-12,0.0,4.9,2.0
2007-04-13,1.0,14.0,13.1
2007-04-14,19.0,0.4,0.0
2007-04-15,0.0,2.1,0.0
2007-04-16,2.8,2.0,0.0
2007-04-17,7.8,1.4,0.0
2007-04-18,9.2,16.2,16.5
2007-04-19,82.6,28.5,44.7
2007-04-20,8.8,24.7,37.2
2007-04-21,0.0,0.8,0.0
2007-04-22,0.0,47.7,54.7
2007-04-23,0.0,12.5,9.8
2007-04-24,0.0,0.6,0.0
2007-04-25,0.0,0.4,0.0
2007-04-26,5.4,0.6,0.0
2007-04-27,0.0,0.4,0.0
2007-04-28,7.8,23.4,22.8
2007-04-29,40.8,3.7,2.2
2007-04-30,1.0,1.1,0.0
2007-05-01,0.0,0.0,0.0
2007-05-02,0.0,19.2,28.1
2007-05-03,2.7,19.5,29.7
2007-05-04,11.4,5.6,5.4
2007-05-05,113.0,5.3,4.9
2007-05-06,0.0,1.1,0.0
2007-05-07,0.4,6.3,6.6
2007-05-08,17.8,45.0,103.9
2007-05-09,27.8,9.0,10.9
2007-05-10,0.0,18.3,26.1
2007-05-11,5.4,0.5,0.0
2007-05-12,4.0,12.1,9.9
2007-05-13,4.0,0.0,0.0
2007-05-14,0.0,0.4,0.0
2007-05-15,0.0,0.1,0.0
2007-05-16,0.0,0.1,0.0
2007-05-17,0.0,0.2,0.0
2007-05-18,0.0,5.8,3.1
2007-05-19,0.0,5.8,3.1
2007-05-20,0.0,0.1,0.0
2007-05-21,0.0,8.4,8.2
2007-05-22,4.8,5.3,3.7
2007-05-23,27.0,15.0,24.5
2007-05-24,0.0,0.5,0.0
2007-05-25,0.0,0.7,0.0
2007-05-26,0.0,0.5,0.0
2007-05-27,0.0,0.1,0.0
2007-05-28,0.0,0.1,0.0
2007-05-29,0.0,0.0,0.0
2007-05-30,0.0,0.0,0.0
2007-05-31,0.0,1.9,0.0
2007-06-01,0.0,0.4,0.0
2007-06-02,0.0,0.6,0.0
2007-06-03,0.0,8.4,4.9
2007-06-04,2.4,20.9,27.7
2007-06-05,5.0,0.0,0.0
2007-06-06,9.6,0.0,0.0
2007-06-07,0.0,0.0,0.0
2007-06-08,0.0,1.8,0.0
2007-06-09,0.0,39.0,55.9
2007-06-10,0.0,0.3,0.0
2007-06-11,80.0,2.4,0.0
2007-06-12,0.0,0.4,0.0
2007-06-13,2.6,0.2,0.0
2007-06-14,0.0,5.2,2.0
2007-06-15,0.0,4.9,1.8
2007-06-16,1.2,0.4,0.0
2007-06-17,0.0,1.5,0.0
2007-06-18,0.0,1.1,0.0
2007-06-19,0.0,2.5,0.0
2007-06-20,0.0,34.1,28.3
2007-06-21,0.0,15.3,15.2
2007-06-22,1.0,3.0,0.0
2007-06-23,7.0,2.4,0.0
2007-06-24,8.6,0.1,0.0
2007-06-25,0.0,0.6,0.0
2007-06-26,0.0,0.6,0.0
2007-06-27,0.0,5.8,3.4
2007-06-28,0.0,8.0,6.0
2007-06-29,0.0,2.0,0.0
2007-06-30,0.0,17.6,22.4
2007-07-01,0.0,12.6,10.9
2007-07-02,0.0,24.5,30.7
2007-07-03,19.0,1.8,0.0
2007-07-04,11.2,0.6,0.0
2007-07-05,0.0,0.0,0.0
2007-07-06,0.0,0.0,0.0
2007-07-07,0.0,0.0,0.0
2007-07-08,0.0,0.0,0.0
2007-07-09,0.0,0.0,0.0
2007-07-10,0.0,0.0,0.0
2007-07-11,80.0,3.9,1.0
2007-07-12,0.0,14.1,15.1
2007-07-13,2.6,8.6,6.9
2007-07-14,0.0,0.0,0.0
2007-07-15,0.0,3.6,1.0
2007-07-16,1.2,12.0,11.7
2007-07-17,0.0,6.5,3.9
2007-07-18,0.0,0.2,0.0
2007-07-19,0.0,0.0,0.0
2007-07-20,0.0,8.4,6.5
2007-07-21,0.0,7.3,2.6
2007-07-22,1.0,3.1,0.0
2007-07-23,7.0,2.4,0.0
2007-07-24,8.6,14.8,9.9
2007-07-25,0.0,32.1,37.7
2007-07-26,0.0,6.9,2.2
2007-07-27,0.0,0.6,0.0
2007-07-28,0.0,9.4,4.4
2007-07-29,0.0,11.6,7.1
2007-07-30,0.0,7.3,2.6
2007-08-01,14.8,10.6,8.7
2007-08-02,1.7,6.0,3.1
2007-08-03,1.2,1.0,0.0
2007-08-04,4.6,1.0,0.0
2007-08-05,0.0,0.0,0.0
2007-08-06,6.8,3.9,1.0
2007-08-08,0.0,1.1,0.0
2007-08-09,0.0,0.0,0.0
2007-08-10,5.2,1.6,0.0
2007-08-11,2.1,0.2,0.0
2007-08-13,0.0,0.0,0.0
2007-08-14,0.5,1.9,0.0
2007-08-15,0.0,2.4,0.0
2007-08-16,0.0,0.0,0.0
2007-08-17,0.0,0.0,0.0
2007-08-18,0.0,0.0,0.0
2007-08-20,2.6,6.4,4.5
2007-08-21,0.0,0.0,0.0
2007-08-22,0.0,0.0,0.0
2007-08-23,0.0,0.0,0.0
2007-08-24,0.0,0.0,0.0
2007-08-25,0.0,0.0,0.0
2007-08-26,0.0,0.8,0.0
2007-08-27,10.5,13.4,9.3
2007-08-28,0.0,4.6,1.0
2007-08-29,12.2,3.9,0.0
2007-08-30,16.6,17.3,13.5
2007-08-31,0.0,3.9,0.0
2007-09-01,17.8,0.4,0.0
2007-09-02,21.2,0.3,0.0
2007-09-03,21.2,0.8,0.0
2007-09-04,2.8,2.8,0.0
2007-09-05,0.0,1.4,0.0
2007-09-06,28.2,8.3,3.7
2007-09-07,4.6,3.3,0.0
2007-09-08,64.2,4.4,1.0
2007-09-09,0.0,6.6,2.4
2007-09-10,0.0,0.3,0.0
2007-09-11,0.0,20.1,20.8
2007-09-12,25.0,1.0,0.0
2007-09-13,0.0,4.9,1.4
2007-09-14,0.0,1.2,0.0
2007-09-15,0.0,8.2,5.2
2007-09-16,0.0,0.3,0.0
2007-09-17,13.6,30.1,38.5
2007-09-18,0.0,18.9,18.7
2007-09-19,7.4,0.7,0.0
2007-09-20,9.7,0.2,0.0
2007-09-21,0.0,13.6,25.6
2007-09-22,0.0,0.3,0.0
2007-09-23,7.0,0.0,0.0
2007-09-24,1.8,4.0,1.0
2007-09-25,0.0,5.2,2.8
2007-09-26,0.0,0.4,0.0
2007-09-27,0.0,0.0,0.0
2007-09-28,0.0,0.4,0.0
2007-09-29,0.0,0.1,0.0
2007-09-30,0.0,0.0,0.0
2007-10-01,2.3,0.0,0.0
2007-10-02,0.8,0.1,0.0
2007-10-04,0.0,0.0,0.0
2007-10-05,0.7,0.0,0.0
2007-10-06,2.0,2.1,0.0
2007-10-07,0.0,0.9,0.0
2007-10-08,0.0,11.0,7.8
2007-10-09,0.0,16.7,17.8
2007-10-10,0.0,6.9,3.8
2007-10-11,0.0,1.3,0.0
2007-10-12,0.0,2.4,0.0
2007-10-13,0.0,1.0,0.0
2007-10-14,0.0,0.6,0.0
2007-10-15,0.0,0.1,0.0
2007-10-16,0.0,0.0,0.0
2007-10-17,3.4,0.2,0.0
2007-10-18,12.4,0.7,0.0
2007-10-19,1.0,1.0,0.0
2007-10-21,4.2,2.1,0.0
2007-10-22,0.0,0.9,0.0
2007-10-23,0.0,3.0,1.0
2007-10-24,0.0,5.5,2.9
2007-10-25,4.2,10.2,8.6
2007-10-26,0.0,2.3,0.0
2007-10-27,0.0,0.1,0.0
2007-10-28,20.8,0.0,0.0
2007-10-29,0.0,0.0,0.0
2007-10-30,8.4,1.2,0.0
2007-10-31,8.4,3.6,1.0
2007-11-01,2.3,18.4,15.3
2007-11-02,0.8,0.0,0.0
2007-11-04,0.0,25.2,25.5
2007-11-05,0.7,8.1,4.1
2007-11-06,2.0,0.3,0.0
2007-11-07,0.0,0.0,0.0
2007-11-08,0.0,3.8,0.0
2007-11-09,0.0,29.7,30.5
2007-11-10,0.0,1.2,0.0
2007-11-11,0.0,8.4,4.4
2007-11-12,0.0,6.7,3.1
2007-11-13,0.0,12.2,7.3
2007-11-14,0.0,33.0,28.3
2007-11-15,0.0,7.0,3.3
2007-11-16,0.0,1.4,0.0
2007-11-17,3.4,0.2,0.0
2007-11-18,12.4,0.4,0.0
2007-11-19,1.0,1.7,0.0
2007-11-21,4.2,2.3,0.0
2007-11-22,0.0,4.8,1.0
2007-11-23,0.0,0.0,0.0
2007-11-24,0.0,12.5,8.1
2007-11-25,4.2,0.0,0.0
2007-11-26,0.0,13.8,10.9
2007-11-27,0.0,4.6,1.0
2007-11-28,20.8,3.3,0.0
2007-11-29,0.0,3.6,0.0
2007-11-30,8.4,0.0,0.0
2007-12-01,17.8,0.4,0.0
2007-12-02,21.2,11.7,7.7
2007-12-03,21.2,27.7,28.7
2007-12-04,2.8,0.7,0.0
2007-12-05,0.0,0.0,0.0
2007-12-06,28.2,2.9,0.0
2007-12-07,4.6,4.8,1.0
2007-12-08,64.2,1.7,0.0
2007-12-09,0.0,10.4,6.4
2007-12-10,0.0,0.0,0.0
2007-12-11,0.0,0.0,0.0
2007-12-12,25.0,0.0,0.0
2007-12-13,0.0,1.2,0.0
2007-12-14,0.0,0.4,0.0
2007-12-15,0.0,0.1,0.0
2007-12-16,0.0,0.3,0.0
2007-12-17,13.6,0.5,0.0
2007-12-18,0.0,1.5,0.0
2007-12-19,7.4,0.1,0.0
2007-12-20,9.7,10.7,6.6
2007-12-21,0.0,1.6,0.0
2007-12-22,0.0,33.3,39.1
2007-12-23,7.0,11.7,6.4
2007-12-24,1.8,29.9,31.9
2007-12-25,0.0,3.4,0.0
2007-12-26,0.0,1.1,0.0
2007-12-27,0.0,7.8,2.3
2007-12-28,0.0,11.3,5.9
2007-12-29,0.0,9.4,3.9
2007-12-30,0.0,4.6,0.0
2007-12-31,0.0,2.3,0.0
2009-03-01,0.0,13.0,9.1
2009-03-02,6.1,15.8,12.7
2009-03-03,2.4,9.7,5.2
2009-03-04,0.0,2.6,0.0
2009-03-05,0.0,10.3,5.9
2009-03-06,2.7,48.1,81.6
2009-03-07,72.2,73.9,145.3
2009-03-08,4.5,2.0,0.0
2009-03-09,2.4,0.1,0.0
2009-03-10,0.0,6.2,1.7
2009-03-11,4.6,8.2,6.6
2009-03-12,3.7,14.2,14.0
2009-03-13,12.2,1.6,1.0
2009-03-14,8.4,49.9,69.2
2009-03-15,20.0,17.7,17.1
2009-03-16,0.4,41.7,52.4
2009-03-17,19.5,31.2,32.8
2009-03-18,18.2,7.6,6.0
2009-03-19,3.2,2.2,1.0
2009-03-20,6.4,21.9,21.3
2009-03-21,4.7,25.0,28.9
2009-03-22,8.6,16.5,14.4
2009-03-23,2.7,1.8,0.0
2009-03-24,0.0,16.7,15.2
2009-03-25,0.0,6.3,2.9
2009-03-26,0.7,1.3,0.0
2009-03-27,0.3,0.1,0.0
2009-03-28,0.0,1.5,0.0
2009-03-29,0.0,0.0,0.0
2009-03-30,0.0,0.0,0.0
2009-03-31,0.0,0.0,0.0
2009-04-01,0.0,0.0,0.0
2009-04-02,0.0,0.1,0.0
2009-04-03,0.0,0.1,0.0
2009-04-04,0.0,0.0,0.0
2009-04-05,0.0,0.0,0.0
2009-04-06,0.0,0.0,0.0
2009-04-07,0.0,0.2,0.0
2009-04-08,0.0,0.4,0.0
2009-04-09,24.2,0.1,0.0
2009-04-10,7.0,0.6,0.0
2009-04-11,1.0,0.4,0.0
2009-04-12,0.0,1.5,0.0
2009-04-13,17.0,4.6,1.7
2009-04-14,0.0,8.0,5.7
2009-04-15,0.1,15.7,16.0
2009-04-16,4.2,0.8,0.0
2009-04-17,0.0,15.0,14.5
2009-04-18,0.0,9.1,7.0
2009-04-19,6.4,22.6,33.5
2009-04-20,3.2,50.4,90.2
2009-04-21,4.7,9.1,6.9
2009-04-22,0.0,5.5,3.7
2009-04-23,3.5,15.3,12.4
2009-04-24,6.4,1.4,1.0
2009-04-25,1.0,5.7,3.9
2009-04-26,6.2,0.6,0.0
2009-04-27,10.4,0.2,0.0
2009-04-28,0.4,1.8,1.0
2009-04-29,0.0,0.1,0.0
2009-04-30,0.0,1.2,0.0
2009-05-01,0.0,1.7,0.0
2009-05-02,0.0,1.0,0.0
2009-05-03,0.0,0.7,0.0
2009-05-04,0.0,0.5,0.0
2009-05-05,0.0,0.0,0.0
2009-05-06,0.0,0.0,0.0
2009-05-07,0.0,0.0,0.0
2009-05-08,24.2,2.1,0.0
2009-05-09,7.0,25.6,41.5
2009-05-10,1.0,7.1,7.9
2009-05-11,0.0,0.6,0.0
2009-05-12,1.7,5.9,3.2
2009-05-13,0.0,4.5,1.7
2009-05-14,0.1,0.7,0.0
2009-05-15,0.0,0.0,0.0
2009-05-16,0.0,0.2,0.0
2009-05-17,0.0,0.2,0.0
2009-05-18,0.0,0.3,0.0
2009-05-19,0.0,1.9,0.0
2009-05-20,9.0,16.1,14.1
2009-05-21,10.6,33.2,69.2
2009-05-22,0.0,1.5,0.0
2009-05-23,23.6,5.6,4.1
2009-05-24,0.0,1.4,0.0
2009-05-26,9.2,0.2,0.0
2009-05-27,0.0,2.9,1.0
2009-05-28,0.0,1.3,0.0
2009-05-29,0.0,3.5,1.4
2009-05-30,1.0,0.6,0.0
2009-05-31,0.0,18.3,32.1
2009-06-01,0.0,10.3,7.4
2009-06-02,0.0,20.5,27.7
2009-06-03,0.0,5.7,1.7
2009-06-04,2.4,0.4,0.0
2009-06-05,5.0,5.3,1.2
2009-06-06,9.6,0.5,0.0
2009-06-07,0.0,7.6,3.9
2009-06-08,0.0,0.8,0.0
2009-06-09,0.0,0.9,0.0
2009-06-10,0.0,45.4,65.4
2009-06-11,80.0,7.7,4.0
2009-06-12,0.0,7.1,3.5
2009-06-13,2.6,0.5,0.0
2009-06-14,0.0,0.0,0.0
2009-06-15,0.0,0.2,0.0
2009-06-16,1.2,0.6,0.0
2009-06-17,0.0,0.0,0.0
2009-06-18,0.0,3.9,1.0
2009-06-19,0.0,19.7,13.7
2009-06-20,0.0,3.8,1.0
2009-06-21,0.0,8.5,6.8
2009-06-22,1.0,1.6,0.0
2009-06-23,7.0,5.9,3.4
2009-06-24,8.6,1.6,0.0
2009-06-25,0.0,7.2,5.1
2009-06-26,0.0,9.1,7.5
2009-06-27,0.0,2.5,0.0
2009-06-28,0.0,11.1,10.5
2009-06-29,0.0,14.7,15.1
2009-06-30,0.0,0.4,0.0
2009-07-01,0.5,5.6,2.5
2009-07-02,0.0,12.7,11.0
2009-07-03,4.4,0.5,0.0
2009-07-04,0.5,4.7,1.5
2009-07-05,0.0,0.2,0.0
2009-07-06,0.0,0.7,0.0
2009-07-07,0.0,0.6,0.0
2009-07-08,27.1,0.5,0.0
2009-07-09,0.0,0.7,0.0
2009-07-10,0.3,1.5,0.0
2009-07-11,18.5,67.2,176.5
2009-07-12,0.0,0.5,0.0
2009-07-13,2.5,7.4,5.1
2009-07-14,0.0,1.3,0.0
2009-07-15,0.0,0.2,0.0
2009-07-16,0.0,23.9,32.7
2009-07-17,0.0,3.3,1.0
2009-07-19,0.0,3.9,1.0
2009-07-20,0.0,12.9,13.1
2009-07-21,0.0,40.0,59.8
2009-07-22,0.0,0.1,0.0
2009-07-23,0.0,0.5,0.0
2009-07-24,4.6,12.2,7.6
2009-07-25,1.0,7.6,2.8
2009-07-26,0.0,5.9,1.4
2009-07-27,3.2,15.7,10.9
2009-07-28,0.2,5.7,1.2
2009-07-29,0.0,1.6,0.0
2009-07-30,0.0,0.6,0.0
2009-07-31,0.0,0.0,0.0
2009-08-01,0.0,0.0,0.0
2009-08-02,0.0,1.3,0.0
2009-08-03,0.0,0.0,0.0
2009-08-04,1.4,0.3,0.0
2009-08-05,0.0,1.8,0.0
2009-08-06,0.0,5.5,2.6
2009-08-07,1.2,5.5,2.5
2009-08-08,0.0,0.2,0.0
2009-08-09,0.0,0.1,0.0
2009-08-10,0.0,0.1,0.0
2009-08-11,11.5,1.0,0.0
2009-08-12,7.6,5.4,2.8
2009-08-13,0.0,0.1,0.0
2009-08-14,0.0,0.3,0.0
2009-08-15,0.0,0.1,0.0
2009-08-16,2.1,2.6,0.0
2009-08-17,0.0,9.5,10.3
2009-08-18,0.5,0.1,0.0
2009-08-19,0.0,2.0,0.0
2009-08-20,0.0,1.1,0.0
2009-08-21,0.2,3.2,0.0
2009-08-22,3.9,15.0,10.7
2009-08-23,1.9,9.3,5.0
2009-08-24,0.0,0.0,0.0
2009-08-25,0.0,0.3,0.0
2009-08-26,0.0,0.7,0.0
2009-08-27,8.5,1.3,0.0
2009-08-28,0.3,1.5,0.0
2009-08-29,0.5,0.7,0.0
2009-08-30,0.0,0.1,0.0
2009-08-31,0.0,0.0,0.0
2009-09-01,0.0,0.1,0.0
2009-09-02,0.0,0.1,0.0
2009-09-03,14.8,14.5,8.7
2009-09-04,4.5,20.8,17.5
2009-09-05,0.0,0.0,0.0
2009-09-06,0.0,0.0,0.0
2009-09-07,0.0,0.0,0.0
2009-09-08,1.6,0.0,0.0
2009-09-09,4.0,0.0,0.0
2009-09-10,0.0,0.0,0.0
2009-09-11,0.0,15.9,14.6
2009-09-12,0.0,0.1,0.0
2009-09-13,0.0,0.0,0.0
2009-09-14,0.0,0.4,0.0
2009-09-15,0.0,17.3,16.6
2009-09-16,25.4,10.7,8.4
2009-09-17,2.4,0.8,0.0
2009-09-18,0.0,1.2,0.0
2009-09-19,0.0,7.7,4.7
2009-09-20,1.5,2.3,0.0
2009-09-21,1.7,27.3,70.5
2009-09-22,0.4,11.8,16.6
2009-09-23,3.9,1.5,0.0
2009-09-24,0.0,1.1,0.0
2009-09-25,2.0,10.5,12.2
2009-09-26,10.4,0.1,0.0
2009-09-27,0.0,0.0,0.0
2009-09-28,0.0,0.0,0.0
2009-09-29,0.0,0.0,0.0
2009-09-30,0.0,0.0,0.0
2009-10-01,0.0,0.0,0.0
2009-10-02,0.0,1.0,0.0
2009-10-03,0.2,0.0,0.0
2009-10-04,0.0,0.0,0.0
2009-10-05,0.0,0.0,0.0
2009-10-06,6.6,2.3,0.0
2009-10-07,1.6,0.2,0.0
2009-10-08,19.5,31.6,36.3
2009-10-09,32.4,18.0,19.1
2009-10-10,0.0,0.4,0.0
2009-10-11,3.3,4.4,1.2
2009-10-12,7.2,3.1,1.0
2009-10-13,0.0,1.2,0.0
2009-10-14,0.0,1.4,0.0
2009-10-15,0.0,0.3,0.0
2009-10-16,0.0,0.0,0.0
2009-10-17,5.7,27.4,34.7
2009-10-18,0.0,7.6,4.7
2009-10-19,0.0,0.0,0.0
2009-10-20,0.0,0.0,0.0
2009-10-21,1.1,2.0,0.0
2009-10-22,0.2,4.2,1.5
2009-10-23,13.4,1.9,0.0
2009-10-24,0.0,2.8,0.0
2009-10-25,0.0,0.0,0.0
2009-10-26,0.0,0.1,0.0
2009-10-27,0.0,0.2,0.0
2009-10-28,0.0,0.4,0.0
2009-10-29,3.8,0.0,0.0
2009-10-30,0.0,0.1,0.0
2009-10-31,0.0,0.0,0.0
2009-11-01,2.4,0.4,0.0
2009-11-02,0.0,0.6,0.0
2009-11-03,7.5,0.4,0.0
2009-11-04,3.2,0.8,0.0
2009-11-05,0.0,0.1,0.0
2009-11-06,0.0,0.0,0.0
2009-11-07,0.2,0.9,0.0
2009-11-08,20.5,32.1,33.8
2009-11-09,5.2,12.1,8.4
2009-11-10,0.0,0.4,0.0
2009-11-11,0.0,1.2,0.0
2009-11-12,0.0,0.6,0.0
2009-11-13,0.0,0.0,0.0
2009-11-14,0.0,1.1,0.0
2009-11-16,3.4,2.6,0.0
2009-11-17,1.2,3.3,1.0
2009-11-18,6.8,21.5,14.0
2009-11-19,2.2,6.7,3.1
2009-11-20,0.0,0.1,0.0
2009-11-21,0.0,0.2,0.0
2009-11-22,0.0,6.9,2.5
2009-11-23,0.0,0.3,0.0
2009-11-24,0.0,0.0,0.0
2009-11-25,0.0,0.0,0.0
2009-11-26,0.0,0.1,0.0
2009-11-28,0.0,0.5,0.0
2009-11-29,0.0,6.9,2.5
2009-11-30,39.8,22.6,25.9
2009-12-01,5.6,4.6,1.0
2009-12-02,0.1,6.0,2.0
2009-12-03,0.0,0.7,0.0
2009-12-04,0.0,0.0,0.0
2009-12-05,0.0,0.9,0.0
2009-12-06,0.7,0.1,0.0
2009-12-07,0.0,0.6,0.0
2009-12-08,2.5,1.8,0.0
2009-12-09,0.0,0.0,0.0
2009-12-10,0.0,0.0,0.0
2009-12-11,0.0,0.0,0.0
2009-12-12,0.0,0.1,0.0
2009-12-13,0.0,0.4,0.0
2009-12-14,3.0,0.3,0.0
2009-12-15,0.0,0.1,0.0
2009-12-16,0.4,0.1,0.0
2009-12-17,0.0,0.2,0.0
2009-12-18,0.0,0.1,0.0
2009-12-19,32.9,27.7,31.0
2009-12-20,0.0,1.0,0.0
2009-12-21,33.4,33.7,40.6
2009-12-22,14.3,15.0,10.1
2009-12-23,1.2,4.5,0.0
2009-12-24,98.6,87.6,148.0
2009-12-25,0.0,0.5,0.0
2009-12-26,21.0,5.9,1.0
2009-12-27,0.0,0.5,0.0
2009-12-29,0.0,0.2,0.0
2009-12-30,1.4,2.4,0.0
2009-12-31,6.9,11.8,6.4
2010-01-01,0.0,0.8,0.0
2010-01-02,0.0,0.0,0.0
2010-01-03,0.0,0.0,0.0
2010-01-04,0.0,0.0,0.0
2010-01-05,0.0,0.5,0.0
2010-01-06,0.5,9.3,4.5
2010-01-07,2.1,17.4,11.2
2010-01-08,4.5,53.3,57.7
2010-01-09,7.0,15.2,9.5
2010-01-10,2.4,12.1,6.7
2010-01-11,4.5,16.6,14.4
2010-01-13,1.3,3.3,0.0
2010-01-14,0.0,1.1,0.0
2010-01-15,49.6,39.3,59.5
2010-01-16,4.2,13.3,10.1
2010-01-17,26.1,18.5,21.5
2010-01-18,17.0,7.7,3.6
2010-01-19,16.7,16.2,13.9
2010-01-20,6.0,1.0,0.0
2010-01-21,0.0,0.1,0.0
2010-01-22,0.0,0.1,0.0
2010-01-23,26.3,6.8,4.8
2010-01-24,29.0,67.7,84.3
2010-01-25,0.6,3.8,1.3
2010-01-26,1.5,0.9,0.0
2010-01-27,0.0,0.0,0.0
2010-01-28,0.7,0.1,0.0
2010-01-29,1.4,4.2,1.8
2010-01-30,0.0,3.2,1.0
2010-01-31,0.0,0.6,0.0
2010-02-01,0.0,0.5,0.0
2010-02-03,0.0,0.3,0.0
2010-02-04,2.1,0.2,0.0
2010-02-05,3.8,0.8,0.0
2010-02-06,11.3,3.3,0.0
2010-02-07,1.0,0.0,0.0
2010-02-08,1.9,0.6,0.0
2010-02-10,8.7,0.2,0.0
2010-02-11,0.0,0.2,0.0
2010-02-12,0.0,0.0,0.0
2010-02-13,2.0,0.2,0.0
2010-02-14,0.0,0.2,0.0
2010-02-15,0.0,0.0,0.0
2010-02-16,19.6,1.8,0.0
2010-02-17,0.0,1.3,0.0
2010-02-18,27.9,0.5,0.0
2010-02-19,1.6,0.7,0.0
2010-02-20,5.5,13.6,10.1
2010-02-22,0.0,0.1,0.0
2010-02-23,22.3,11.7,9.1
2010-02-24,7.0,3.3,0.0
2010-02-25,3.9,0.8,0.0
2010-02-26,1.5,11.1,8.3
2010-02-27,0.0,0.1,0.0
2010-02-28,0.0,0.0,0.0
2010-03-01,92.4,35.7,52.4
2010-03-02,0.0,11.5,7.3
2010-03-03,0.0,0.6,0.0
2010-03-04,0.0,0.2,0.0
2010-03-05,0.0,0.0,0.0
2010-03-06,5.1,0.1,0.0
2010-03-07,11.0,26.0,27.2
2010-03-08,0.0,0.4,0.0
2010-03-09,0.9,1.6,0.0
2010-03-10,2.5,17.3,14.9
2010-03-11,4.2,0.6,0.0
2010-03-12,2.8,4.9,3.2
2010-03-13,33.9,17.5,16.4
2010-03-14,9.1,3.2,1.5
2010-03-15,6.0,9.5,8.0
2010-03-16,36.7,57.9,85.0
2010-03-17,2.8,13.2,11.9
2010-03-18,10.2,13.2,12.0
2010-03-19,46.9,55.7,79.8
2010-03-20,41.8,38.9,46.4
2010-03-21,9.8,38.0,55.9
2010-03-22,2.3,8.3,5.0
2010-03-23,25.2,41.5,62.6
2010-03-24,7.3,30.4,41.4
2010-03-25,7.4,0.2,0.0
2010-03-26,0.4,2.4,0.0
2010-03-27,4.1,0.1,0.0
2010-03-28,0.0,9.4,6.2
2010-03-29,2.0,19.7,18.6
2010-03-30,0.5,4.6,1.2
2010-03-31,0.0,6.9,3.5
2010-04-01,3.0,19.3,16.6
2010-04-02,8.5,31.2,42.7
2010-04-03,25.4,45.7,65.3
2010-04-04,0.0,0.4,0.0
2010-04-05,0.0,1.7,0.0
2010-04-06,14.3,28.9,39.6
2010-04-08,0.0,0.1,0.0
2010-04-10,0.0,1.0,0.0
2010-04-11,29.5,48.9,87.3
2010-04-12,32.0,12.6,11.3
2010-04-13,9.8,3.5,1.0
2010-04-14,0.0,0.6,0.0
2010-04-15,0.0,0.1,0.0
2010-04-16,39.3,25.5,38.2
2010-04-17,8.0,2.5,0.0
2010-04-18,7.4,8.5,6.2
2010-04-19,6.2,33.2,53.5
2010-04-20,2.6,0.4,0.0
2010-04-21,3.3,1.0,0.0
2010-04-22,27.7,71.6,92.3
2010-04-23,17.3,29.5,30.8
2010-04-24,1.5,4.8,3.2
2010-04-25,1.0,11.0,8.4
2010-04-26,0.3,3.3,1.9
2010-04-27,1.5,0.2,0.0
2010-04-28,0.0,0.3,0.0
2010-04-29,1.0,6.0,4.2
2010-05-01,4.6,7.1,7.8
2010-05-02,0.0,0.4,0.0
2010-05-03,0.0,0.4,0.0
2010-05-05,2.4,1.6,0.0
2010-05-06,0.0,0.5,0.0
2010-05-07,0.0,5.3,5.0
2010-05-08,1.2,2.7,1.0
2010-05-09,1.3,7.9,9.1
2010-05-10,3.4,10.6,13.8
2010-05-11,3.7,21.5,23.2
2010-05-12,14.3,31.1,33.9
2010-05-13,3.0,0.5,0.0
2010-05-15,0.0,0.1,0.0
2010-05-16,0.0,0.0,0.0
2010-05-17,0.0,0.1,0.0
2010-05-18,3.0,21.6,24.1
2010-05-19,1.8,18.5,20.9
2010-05-20,0.1,2.3,0.0
2010-05-22,0.6,4.2,2.3
2010-05-23,2.1,2.6,1.0
2010-05-24,0.0,0.0,0.0
2010-05-25,0.0,0.0,0.0
2010-05-26,0.0,1.0,0.0
2010-05-27,5.2,7.0,6.1
2010-05-28,0.0,0.0,0.0
2010-05-29,0.0,0.0,0.0
2010-05-30,1.0,0.5,0.0
2010-05-31,0.0,0.0,0.0
2010-06-01,0.0,1.1,0.0
2010-06-02,4.3,10.2,7.2
2010-06-03,0.0,0.7,0.0
2010-06-04,12.4,9.9,6.8
2010-06-05,3.3,7.2,3.4
2010-06-06,0.0,0.0,0.0
2010-06-07,0.0,0.1,0.0
2010-06-08,0.0,0.2,0.0
2010-06-09,0.0,0.1,0.0
2010-06-10,6.5,13.6,11.6
2010-06-12,0.0,0.2,0.0
2010-06-13,3.0,7.8,4.0
2010-06-14,0.0,0.1,0.0
2010-06-15,1.0,1.3,0.0
2010-06-17,0.0,0.3,0.0
2010-06-18,0.0,1.3,0.0
2010-06-19,6.0,1.2,0.0
2010-06-20,0.0,0.1,0.0
2010-06-21,22.0,48.2,73.4
2010-06-22,2.0,9.0,7.4
2010-06-23,0.0,0.0,0.0
2010-06-25,7.0,14.2,14.0
2010-06-26,5.0,14.2,13.8
2010-06-27,8.0,8.1,6.2
2010-06-28,0.0,0.0,0.0
2010-06-29,0.0,0.0,0.0
2010-06-30,0.0,0.0,0.0
2010-07-01,0.0,0.3,0.0
2010-07-03,1.0,0.0,0.0
2010-07-04,0.0,0.0,0.0
2010-07-05,0.0,0.0,0.0
2010-07-06,5.0,22.6,28.5
2010-07-07,6.0,17.0,15.9
2010-07-08,0.0,0.0,0.0
2010-07-09,0.0,1.3,0.0
2010-07-10,2.0,32.4,43.7
2010-07-11,0.0,0.0,0.0
2010-07-12,0.0,0.1,0.0
2010-07-13,0.0,0.0,0.0
2010-07-14,15.0,2.0,0.0
2010-07-16,0.0,0.2,0.0
2010-07-17,1.0,3.7,1.0
2010-07-18,1.0,6.2,3.5
2010-07-19,5.0,39.7,76.6
2010-07-20,12.0,17.2,20.7
2010-07-21,0.0,1.2,0.0
2010-07-22,0.0,0.9,0.0
2010-07-23,1.0,4.3,1.0
2010-07-24,3.0,3.3,0.0
2010-07-25,0.0,0.0,0.0
2010-07-26,1.0,11.9,6.7
2010-07-27,1.0,6.2,1.6
2010-07-28,50.0,24.8,25.0
2010-07-29,0.0,0.0,0.0
2010-07-30,2.0,1.3,0.0
2010-07-31,4.0,33.4,40.2
2010-08-01,4.0,36.5,68.0
2010-08-02,0.0,0.3,0.0
2010-08-03,8.0,10.8,9.4
2010-08-04,2.0,4.8,1.9
2010-08-05,0.0,0.2,0.0
2010-08-06,1.0,14.2,14.6
2010-08-07,2.0,3.7,1.0
2010-08-08,2.0,14.7,15.8
2010-08-09,0.0,2.9,1.0
2010-08-10,28.0,23.2,32.0
2010-08-11,0.0,0.0,0.0
2010-08-12,0.0,0.0,0.0
2010-08-13,0.0,1.3,0.0
2010-08-14,0.0,0.0,0.0
2010-08-15,6.0,10.9,11.9
2010-08-16,0.0,0.4,0.0
2010-08-17,2.0,8.1,6.9
2010-08-18,0.0,0.0,0.0
2010-08-20,10.0,5.9,3.6
2010-08-21,0.0,0.0,0.0
2010-08-22,12.0,18.3,15.3
2010-08-23,28.0,24.6,25.1
2010-08-24,2.0,0.5,0.0
2010-08-25,0.0,0.1,0.0
2010-08-26,0.0,0.9,0.0
2010-08-29,0.0,0.8,0.0
2010-08-30,0.0,0.2,0.0
2010-08-31,0.0,0.0,0.0
2010-09-01,4.0,3.0,0.0
2010-09-02,1.0,5.4,1.4
2010-09-03,7.0,6.2,2.0
2010-09-04,3.0,0.4,0.0
2010-09-05,2.0,1.2,0.0
2010-09-06,14.0,27.8,24.4
2010-09-07,4.0,14.1,8.4
2010-09-08,3.0,11.5,6.8
2010-09-09,0.0,0.8,0.0
2010-09-10,12.0,27.6,23.9
2010-09-11,0.0,6.9,3.8
2010-09-12,0.0,1.4,0.0
2010-09-13,3.0,10.0,7.4
2010-09-15,0.0,0.0,0.0
2010-09-16,0.0,0.0,0.0
2010-09-17,0.0,0.5,0.0
2010-09-18,4.0,16.9,16.4
2010-09-19,0.0,0.0,0.0
2010-09-20,0.0,0.0,0.0
2010-09-21,4.0,0.2,0.0
2010-09-22,0.0,1.2,0.0
2010-09-23,0.0,0.0,0.0
2010-09-24,6.0,1.3,0.0
2010-09-25,0.0,1.1,0.0
2010-09-26,0.0,0.9,0.0
2010-09-27,0.0,0.8,0.0
2010-09-28,0.0,0.2,0.0
2010-09-29,0.0,0.0,0.0
2010-09-30,0.0,0.0,0.0
2010-10-01,0.0,0.0,0.0
2010-10-02,0.0,0.1,0.0
2010-10-03,9.0,3.8,1.1
2010-10-04,6.0,5.8,3.0
2010-10-05,0.0,0.0,0.0
2010-10-06,0.0,1.4,0.0
2010-10-07,4.0,1.4,0.0
2010-10-08,0.0,1.3,0.0
2010-10-09,10.0,18.6,20.2
2010-10-10,2.0,12.9,9.9
2010-10-11,0.0,0.0,0.0
2010-10-12,0.0,0.0,0.0
2010-10-13,0.0,0.0,0.0
2010-10-14,0.0,3.3,1.0
2010-10-15,1.0,2.2,0.0
2010-10-17,0.0,1.6,0.0
2010-10-18,0.0,5.8,2.8
2010-10-19,30.0,47.0,86.1
2010-10-20,0.0,15.5,15.7
2010-10-21,0.0,0.0,0.0
2010-10-22,0.0,0.2,0.0
2010-10-23,1.0,15.1,14.3
2010-10-25,0.0,0.1,0.0
2010-10-26,1.0,0.5,0.0
2010-10-27,6.6,7.1,4.9
2010-10-28,0.0,0.5,0.0
2010-10-29,0.0,0.2,0.0
2010-10-30,0.0,7.2,4.9
2010-10-31,0.0,0.0,0.0
2010-11-01,0.0,0.6,0.0
2010-11-02,0.0,0.8,0.0
2010-11-03,15.0,18.2,15.3
2010-11-05,0.0,0.0,0.0
2010-11-06,0.0,0.1,0.0
2010-11-07,0.0,0.0,0.0
2010-11-08,0.0,0.2,0.0
2010-11-10,4.8,8.7,4.7
2010-11-11,4.0,34.4,30.0
2010-11-12,0.0,0.0,0.0
2010-11-13,0.0,0.1,0.0
2010-11-14,0.0,0.3,0.0
2010-11-15,2.0,18.7,12.5
2010-11-16,0.0,10.9,6.4
2010-11-17,7.0,32.9,28.2
2010-11-19,10.5,16.6,11.0
2010-11-20,0.0,0.9,0.0
2010-11-21,0.0,0.8,0.0
2010-11-22,0.0,0.5,0.0
2010-11-24,0.0,0.1,0.0
2010-11-25,0.0,0.0,0.0
2010-11-26,0.0,0.0,0.0
2010-11-27,0.0,0.0,0.0
2010-11-28,0.8,0.5,0.0
2010-11-29,0.0,0.3,0.0
2010-11-30,0.0,0.5,0.0
2010-12-01,0.0,0.0,0.0
2010-12-02,0.0,1.7,0.0
2010-12-03,3.0,0.5,0.0
2010-12-04,0.0,2.1,0.0
2010-12-05,0.0,2.4,0.0
2010-12-06,26.0,11.5,7.5
2010-12-07,27.0,22.6,20.4
2010-12-08,19.8,37.9,46.5
2010-12-09,0.0,0.1,0.0
2010-12-10,0.7,5.8,1.7
2010-12-11,1.0,4.5,1.1
2010-12-12,0.0,0.0,0.0
2010-12-13,0.0,6.0,2.3
2010-12-14,1.0,5.9,2.3
2010-12-15,7.1,0.9,0.0
2010-12-16,0.0,3.6,1.0
2010-12-17,0.4,3.6,1.0
2010-12-18,0.0,0.0,0.0
2010-12-19,0.0,0.0,0.0
2010-12-20,0.0,0.1,0.0
2010-12-21,18.9,1.5,0.0
2010-12-22,4.0,0.3,0.0
2010-12-23,0.0,5.6,1.0
2010-12-24,4.0,17.9,13.5
2010-12-25,2.0,12.7,7.5
2010-12-27,0.0,0.2,0.0
2010-12-28,0.0,4.8,1.0
2010-12-29,2.4,20.3,16.4
2010-12-30,2.0,12.1,6.8
2010-12-31,2.4,18.1,13.8
2011-01-01,9.0,0.2,0.0
2011-01-02,2.0,8.1,3.5
2011-01-03,2.0,5.0,1.1
2011-01-04,0.0,0.2,0.0
2011-01-05,0.0,0.0,0.0
2011-01-06,0.0,0.7,0.0
2011-01-07,0.0,2.7,0.0
2011-01-08,0.0,2.5,0.0
2011-01-09,0.0,0.0,0.0
2011-01-10,0.0,0.3,0.0
2011-01-11,0.0,1.1,0.0
2011-01-13,1.0,11.0,7.4
2011-01-14,0.8,5.8,1.6
2011-01-15,12.2,12.6,9.2
2011-01-16,36.7,15.6,13.0
2011-01-17,0.4,12.9,9.6
2011-01-19,0.0,0.0,0.0
2011-01-20,0.0,0.0,0.0
2011-01-21,0.0,0.1,0.0
2011-01-22,14.8,5.1,2.8
2011-01-23,0.0,0.1,0.0
2011-01-25,5.0,15.5,16.1
2011-01-26,1.0,0.9,0.0
2011-01-27,79.7,93.7,84.6
2011-01-28,0.7,7.6,5.7
2011-01-30,0.2,10.2,9.1
2011-01-31,0.1,4.1,1.6
2011-02-01,0.5,2.2,0.0
2011-02-02,15.1,23.0,16.8
2011-02-03,6.6,1.9,0.0
2011-02-05,0.0,0.0,0.0
2011-02-06,0.0,0.5,0.0
2011-02-07,0.0,0.1,0.0
2011-02-08,0.2,1.3,0.0
2011-02-09,1.5,0.1,0.0
2011-02-10,0.0,0.0,0.0
2011-02-11,1.5,0.1,0.0
2011-02-12,0.0,0.0,0.0
2011-02-13,10.2,1.0,0.0
2011-02-14,0.0,2.6,0.0
2011-02-15,1.7,9.8,5.7
2011-02-16,1.2,0.8,0.0
2011-02-17,0.0,0.1,0.0
2011-02-18,1.3,0.4,0.0
2011-02-19,3.1,12.5,8.7
2011-02-20,2.7,14.6,11.3
2011-02-21,0.0,0.2,0.0
2011-02-22,18.5,14.8,13.4
2011-02-23,6.5,19.5,21.1
2011-02-26,0.0,0.2,0.0
2011-02-27,0.5,10.8,7.9
2011-02-28,9.2,31.2,44.0
2011-03-01,0.0,0.0,0.0
2011-03-02,0.5,5.2,1.0
2011-03-03,0.0,1.8,0.0
2011-03-04,2.0,0.7,0.0
2011-03-06,0.0,0.2,0.0
2011-03-08,0.0,0.0,0.0
2011-03-09,0.0,0.0,0.0
2011-03-10,0.0,0.0,0.0
2011-03-11,0.0,0.0,0.0
2011-03-13,75.8,40.7,50.9
2011-03-14,1.5,11.5,10.1
2011-03-15,0.0,0.0,0.0
2011-03-16,1.4,7.9,6.3
2011-03-17,10.3,7.1,5.4
2011-03-19,0.0,0.1,0.0
2011-03-20,12.0,11.6,10.2
2011-03-21,4.9,9.6,6.5
2011-03-22,0.0,1.8,0.0
2011-03-23,31.5,25.6,29.7
2011-03-25,14.5,14.9,13.4
2011-03-26,1.7,33.3,47.4
2011-03-27,54.2,67.6,89.1
2011-03-28,0.0,2.6,0.0
2011-03-29,0.5,6.9,3.5
2011-03-30,23.8,2.8,0.0
2011-03-31,4.1,4.1,1.0
2011-04-02,0.0,4.2,1.0
2011-04-03,0.0,4.1,1.0
2011-04-04,5.1,20.9,19.0
2011-04-06,10.0,11.1,7.7
2011-04-07,0.9,11.7,8.4
2011-04-08,0.0,10.1,6.7
2011-04-10,7.8,0.0,0.0
2011-04-11,31.0,17.3,17.8
2011-04-12,0.0,0.2,0.0
2011-04-13,11.0,14.0,14.1
2011-04-14,3.8,2.0,0.0
2011-04-15,0.0,0.9,0.0
2011-04-16,0.5,12.5,11.2
2011-04-17,10.5,31.3,50.0
2011-04-18,3.0,7.6,5.2
2011-04-19,10.7,16.1,15.9
2011-04-20,2.0,4.2,1.3
2011-04-21,6.7,15.9,13.2
2011-04-23,0.1,2.6,1.3
2011-04-24,5.8,17.9,14.8
2011-04-25,0.0,2.3,1.0
2011-04-26,10.0,18.4,15.3
2011-04-27,0.0,0.2,0.0
2011-04-28,9.6,5.1,3.4
2011-04-29,0.0,0.0,0.0
2011-04-30,0.0,0.0,0.0
2011-05-02,49.9,18.0,26.9
2011-05-03,17.0,38.1,77.8
2011-05-04,4.7,22.2,34.1
2011-05-07,5.5,14.3,19.6
2011-05-08,1.0,3.5,2.2
2011-05-09,0.0,0.0,0.0
2011-05-10,6.9,0.0,0.0
2011-05-11,29.7,3.7,1.0
2011-05-12,19.7,2.7,0.0
2011-05-13,0.0,0.1,0.0
2011-05-14,0.0,0.1,0.0
2011-05-16,0.0,0.1,0.0
2011-05-17,0.0,0.1,0.0
2011-05-18,4.0,3.6,1.0
2011-05-19,0.2,0.2,0.0
2011-05-20,0.0,3.9,1.0
2011-05-21,20.0,2.3,1.0
2011-05-22,9.7,6.8,5.8
2011-05-23,0.0,0.4,0.0
2011-05-24,123.1,34.0,70.3
2011-05-25,1.3,20.7,38.0
2011-05-26,2.6,2.1,1.0
2011-05-27,34.1,26.4,51.7
2011-05-29,31.5,0.3,0.0
2011-05-30,5.0,21.4,39.6
2011-05-31,35.5,7.4,6.7
2011-06-01,40.3,7.6,3.9
2011-06-02,12.1,7.8,4.2
2011-06-03,0.0,0.0,0.0
2011-06-04,2.4,0.1,0.0
2011-06-05,41.6,35.9,50.6
2011-06-06,0.0,0.0,0.0
2011-06-07,1.0,2.4,0.0
2011-06-08,4.7,37.1,52.7
2011-06-09,7.1,2.0,0.0
2011-06-10,32.0,40.5,57.7
2011-06-11,6.4,27.2,20.6
2011-06-12,5.2,27.5,21.1
2011-06-14,0.0,18.0,12.1
2011-06-16,11.2,31.4,25.5
2011-06-17,8.0,7.0,3.4
2011-06-18,60.0,13.7,9.0
2011-06-19,17.2,19.1,13.3
2011-06-20,3.9,6.6,3.1
2011-06-21,0.0,2.6,0.0
2011-06-22,12.4,4.3,1.4
2011-06-24,1.2,5.7,3.3
2011-06-25,2.6,3.7,1.0
2011-06-26,1.1,3.6,1.0
2011-06-27,0.0,5.8,3.3
2011-06-28,7.4,9.1,7.5
2011-06-29,0.0,2.6,0.0
2011-06-30,29.9,6.7,4.5
2011-07-01,1.3,2.0,0.0
2011-07-02,0.5,15.4,14.0
2011-07-03,0.0,1.1,0.0
2011-07-04,63.5,13.8,12.5
2011-07-05,58.9,34.3,47.4
2011-07-06,9.0,6.7,3.7
2011-07-07,0.0,0.0,0.0
2011-07-08,1.0,2.6,0.0
2011-07-09,36.0,54.6,84.8
2011-07-10,0.0,0.8,0.0
2011-07-11,1.0,0.1,0.0
2011-07-12,0.0,0.3,0.0
2011-07-13,7.9,0.8,0.0
2011-07-14,5.4,4.5,1.5
2011-07-16,1.5,21.7,28.0
2011-07-17,8.0,27.6,40.9
2011-07-18,7.2,18.7,22.7
2011-07-19,0.0,0.5,0.0
2011-07-20,2.5,0.6,0.0
2011-07-21,12.5,35.1,44.9
2011-07-22,0.0,2.4,0.0
2011-07-23,0.0,8.7,3.8
2011-07-24,0.0,0.8,0.0
2011-07-25,0.0,0.0,0.0
2011-07-26,0.0,0.0,0.0
2011-07-27,0.0,0.0,0.0
2011-07-28,0.0,0.0,0.0
2011-07-29,0.0,0.0,0.0
2011-07-30,0.0,0.1,0.0
2011-08-01,16.1,10.1,7.7
2011-08-02,0.0,0.2,0.0
2011-08-03,12.6,14.2,13.2
2011-08-04,1.9,0.9,0.0
2011-08-05,0.0,0.0,0.0
2011-08-06,26.2,11.1,9.1
2011-08-07,0.5,3.4,1.0
2011-08-09,7.1,4.0,1.0
2011-08-10,12.9,0.6,0.0
2011-08-11,59.4,83.6,153.5
2011-08-12,0.0,1.5,0.0
2011-08-13,19.6,19.3,31.8
2011-08-14,0.5,3.9,1.0
2011-08-15,0.5,3.5,1.0
2011-08-16,1.0,1.2,0.0
2011-08-18,0.0,0.6,0.0
2011-08-19,0.0,0.7,0.0
2011-08-20,0.0,0.4,0.0
2011-08-21,2.6,0.6,0.0
2011-08-22,0.0,0.1,0.0
2011-08-23,3.5,2.2,0.0
2011-08-25,0.0,0.4,0.0
2011-08-26,2.4,0.0,0.0
2011-08-27,33.0,2.9,0.0
2011-08-28,16.2,11.7,7.8
2011-08-29,6.1,11.5,7.6
2011-08-30,23.0,48.0,75.0
2011-08-31,0.0,12.7,8.7
2011-09-01,0.0,2.8,0.0
2011-09-02,0.0,7.8,3.3
2011-09-03,3.6,36.1,35.1
2011-09-04,3.4,0.0,0.0
2011-09-05,14.6,15.8,10.0
2011-09-06,19.9,14.1,9.0
2011-09-07,6.0,4.0,1.0
2011-09-08,0.2,3.8,1.0
2011-09-09,0.0,0.2,0.0
2011-09-10,0.0,0.2,0.0
2011-09-12,10.7,1.9,0.0
2011-09-13,7.9,2.9,0.0
2011-09-14,58.8,61.2,122.7
2011-09-15,9.2,8.6,5.8
2011-09-16,3.0,5.3,1.9
2011-09-17,1.7,13.3,11.9
2011-09-18,0.0,0.6,0.0
2011-09-19,2.2,12.2,10.2
2011-09-20,1.6,5.2,1.7
2011-09-21,0.0,0.1,0.0
2011-09-23,0.0,0.6,0.0
2011-09-25,0.0,0.1,0.0
2011-09-26,0.0,9.6,10.5
2011-09-27,26.4,14.1,27.3
2011-09-28,0.0,2.9,0.0
2011-09-29,3.2,0.2,0.0
2011-09-30,0.0,3.0,0.0
2011-10-01,1.5,3.4,1.0
2011-10-02,3.7,16.5,16.7
2011-10-03,2.4,3.7,1.0
2011-10-04,0.0,0.0,0.0
2011-10-05,0.0,0.0,0.0
2011-10-07,19.8,7.5,4.6
2011-10-08,5.6,23.4,26.1
2011-10-09,0.0,0.0,0.0
2011-10-10,0.0,0.1,0.0
2011-10-11,14.6,3.3,1.0
2011-10-12,8.5,8.1,5.1
2011-10-13,22.4,0.5,0.0
2011-10-14,2.2,10.3,7.5
2011-10-15,1.1,10.7,7.9
2011-10-16,0.0,0.1,0.0
2011-10-17,0.0,0.0,0.0
2011-10-18,1.5,0.1,0.0
2011-10-19,1.6,0.1,0.0
2011-10-21,34.8,38.8,62.0
2011-10-22,14.9,58.2,76.1
2011-10-23,4.4,1.1,0.0
2011-10-25,0.0,0.0,0.0
2011-10-26,0.0,0.0,0.0
2011-10-27,3.5,0.0,0.0
2011-10-28,0.0,0.0,0.0
2011-10-29,0.0,0.0,0.0
2011-10-30,0.0,0.0,0.0
2011-10-31,0.0,0.3,0.0
2011-11-01,15.7,0.5,0.0
2011-11-02,0.0,5.2,1.1
2011-11-03,24.4,11.9,8.4
2011-11-04,0.0,0.5,0.0
2011-11-05,0.0,4.8,1.0
2011-11-06,22.7,15.1,11.9
2011-11-08,87.3,16.8,13.9
2011-11-10,0.3,0.8,0.0
2011-11-11,0.0,1.8,0.0
2011-11-13,0.6,0.9,0.0
2011-11-14,12.0,3.0,1.0
2011-11-15,0.0,0.0,0.0
2011-11-16,0.2,0.3,0.0
2011-11-17,16.0,1.2,0.0
2011-11-18,1.7,11.1,6.5
2011-11-19,4.8,8.2,4.3
2011-11-20,8.0,0.6,0.0
2011-11-21,2.0,3.0,0.0
2011-11-22,1.0,1.4,0.0
2011-11-23,0.0,10.2,5.8
2011-11-24,7.1,0.7,0.0
2011-11-25,0.0,0.9,0.0
2011-11-26,0.0,0.9,0.0
2011-11-27,0.0,0.6,0.0
2011-11-28,1.0,7.2,2.8
2011-11-29,0.1,5.9,1.7
2011-12-01,0.0,7.0,2.9
2011-12-02,0.0,0.4,0.0
2011-12-03,0.0,0.0,0.0
2011-12-04,3.9,15.8,12.5
2011-12-05,1.2,4.8,1.0
2011-12-06,10.5,28.1,29.5
2011-12-07,4.3,1.1,0.0
2011-12-08,1.7,21.6,18.6
2011-12-09,1.8,0.7,0.0
2011-12-10,70.6,25.1,24.1
2011-12-11,0.0,0.5,0.0
2011-12-12,0.0,1.4,0.0
2011-12-13,3.0,12.5,8.3
2011-12-14,0.4,1.1,0.0
2011-12-15,0.0,1.1,0.0
2011-12-16,1.4,15.3,11.0
2011-12-17,9.5,35.9,43.5
2011-12-18,1.8,4.5,1.1
2011-12-19,0.0,3.4,1.0
2011-12-20,20.0,1.5,0.0
2011-12-21,0.0,6.9,1.5
2011-12-22,24.3,15.1,10.2
2011-12-23,18.0,19.3,15.2
2011-12-24,7.4,6.2,1.0
2011-12-25,84.9,41.7,57.8
2011-12-26,11.1,6.0,1.0
2011-12-27,55.8,18.8,14.7
2011-12-28,0.0,2.6,0.0
2011-12-30,0.0,2.7,0.0
2011-12-31,39.6,41.1,55.5
2012-01-03,26.7,60.4,74.8
2012-01-04,2.0,2.4,0.0
2012-01-05,0.0,1.0,0.0
2012-01-06,4.9,1.4,0.0
2012-01-07,2.0,4.4,1.0
2012-01-08,70.7,14.9,9.1
2012-01-09,14.9,17.2,10.9
2012-01-10,0.0,0.7,0.0
2012-01-11,1.1,6.9,2.7
2012-01-12,17.5,2.8,0.0
2012-01-13,0.0,0.3,0.0
2012-01-14,0.0,1.6,0.0
2012-01-15,8.6,16.9,15.4
2012-01-16,0.0,2.4,0.0
2012-01-17,120.0,18.3,16.4
2012-01-18,17.5,16.6,14.0
2012-01-19,0.3,25.2,34.2
2012-01-21,2.2,1.4,0.0
2012-01-22,2.7,1.5,0.0
2012-01-23,5.4,2.0,0.0
2012-01-24,0.0,20.1,29.2
2012-01-25,0.9,0.0,0.0
2012-01-26,0.0,1.7,0.0
2012-01-27,8.2,22.9,34.7
2012-01-28,0.2,2.6,1.0
2012-01-29,0.0,0.0,0.0
2012-01-30,0.0,0.0,0.0
2012-01-31,0.0,0.1,0.0
2012-02-01,24.2,33.4,28.5
2012-02-02,1.2,0.0,0.0
2012-02-04,1.0,0.5,0.0
2012-02-05,18.8,5.0,1.0
2012-02-06,0.0,9.4,4.0
2012-02-07,46.4,37.4,33.5
2012-02-08,61.9,69.6,79.8
2012-02-09,35.4,53.2,55.1
2012-02-10,15.6,8.9,3.7
2012-02-11,2.0,21.8,20.3
2012-02-12,38.1,5.8,1.9
2012-02-13,3.1,26.4,29.2
2012-02-14,2.8,8.5,4.3
2012-02-15,12.4,4.3,1.0
2012-02-16,2.5,2.3,0.0
2012-02-17,9.4,20.8,19.1
2012-02-18,1.5,4.5,1.0
2012-02-19,17.5,18.7,16.5
2012-02-20,18.0,5.0,1.3
2012-02-21,0.1,0.0,0.0
2012-02-23,0.0,0.1,0.0
2012-02-24,0.0,0.0,0.0
2012-02-25,0.0,0.0,0.0
2012-02-26,0.8,3.5,0.0
2012-02-27,0.0,0.1,0.0
2012-02-28,0.0,0.0,0.0
2012-02-29,0.0,0.3,0.0
2012-03-01,0.0,0.0,0.0
2012-03-02,12.0,16.6,13.8
2012-03-03,4.0,13.6,9.9
2012-03-04,14.2,15.4,12.2
2012-03-06,35.0,10.8,6.5
2012-03-07,1.0,9.9,5.5
2012-03-08,25.6,22.7,22.4
2012-03-09,6.6,2.3,0.0
2012-03-10,9.4,11.2,7.0
2012-03-11,135.3,46.7,62.7
2012-03-12,49.7,31.7,34.8
2012-03-13,26.0,12.2,10.8
2012-03-16,9.1,23.4,23.0
2012-03-17,0.4,7.1,5.4
2012-03-18,0.4,14.7,13.7
2012-03-20,8.8,9.6,8.0
2012-03-21,69.6,38.6,56.9
2012-03-22,21.4,6.6,3.2
2012-03-23,26.6,32.9,46.3
2012-03-25,13.8,11.3,8.3
2012-03-27,34.4,49.8,72.9
2012-03-28,0.0,0.1,0.0
2012-03-30,0.0,9.5,6.4
2012-03-31,13.7,38.7,56.9
2012-04-01,95.0,65.8,93.8
2012-04-02,8.3,0.0,0.0
2012-04-03,64.0,9.7,6.2
2012-04-04,11.0,3.2,0.0
2012-04-06,47.2,38.6,54.7
2012-04-07,0.2,11.6,8.2
2012-04-09,0.0,1.6,0.0
2012-04-10,2.5,11.7,8.3
2012-04-11,12.0,5.2,2.4
2012-04-12,8.9,8.9,6.8
2012-04-13,0.7,10.5,8.8
2012-04-14,0.0,0.0,0.0
2012-04-16,0.0,0.6,0.0
2012-04-17,2.5,3.1,1.0
2012-04-18,0.0,0.1,0.0
2012-04-19,5.9,36.3,60.5
2012-04-20,1.3,12.1,10.8
2012-04-21,4.8,2.2,1.0
2012-04-22,9.3,17.0,13.8
2012-04-23,0.0,0.6,0.0
2012-04-24,11.7,207.9,101.6
2012-04-25,0.5,4.5,2.9
2012-04-26,215.2,122.2,102.2
2012-04-27,0.0,1.0,0.0
2012-04-28,18.6,3.4,2.0
2012-04-29,3.5,18.2,14.9
2012-04-30,0.0,0.0,0.0
2012-05-01,0.0,0.1,0.0
2012-05-02,16.9,2.6,1.0
2012-05-03,7.0,6.8,7.4
2012-05-04,0.0,0.6,0.0
2012-05-05,4.9,0.3,0.0
2012-05-06,0.0,0.9,0.0
2012-05-07,16.0,11.3,14.7
2012-05-08,4.2,1.0,0.0
2012-05-09,10.5,25.5,41.4
2012-05-10,4.1,1.9,0.0
2012-05-11,11.3,25.1,27.0
2012-05-12,0.0,0.7,0.0
2012-05-13,0.0,0.0,0.0
2012-05-15,5.6,2.9,0.0
2012-05-16,55.6,9.9,7.7
2012-05-17,1.1,14.2,12.5
2012-05-18,1.5,22.4,24.5
2012-05-19,0.0,3.7,1.0
2012-05-21,24.4,51.1,112.5
2012-05-22,7.3,7.3,6.5
2012-05-23,0.0,0.0,0.0
2012-05-25,13.7,3.9,2.0
2012-05-27,0.0,2.8,1.0
2012-05-28,0.0,0.2,0.0
2012-05-29,14.6,10.3,11.4
2012-05-30,0.8,3.8,1.8
2012-05-31,1.8,5.4,3.9
2012-06-01,0.0,2.3,0.0
2012-06-02,0.8,6.6,2.7
2012-06-03,7.4,9.3,6.1
2012-06-04,36.2,25.1,35.2
2012-06-05,121.5,24.8,33.6
2012-06-06,11.8,12.3,9.6
2012-06-07,3.3,3.8,0.0
2012-06-08,0.1,8.6,5.2
2012-06-09,12.5,11.5,9.1
2012-06-10,0.8,2.8,0.0
2012-06-12,43.7,27.4,21.3
2012-06-13,0.0,0.7,0.0
2012-06-14,0.0,0.2,0.0
2012-06-15,0.0,0.2,0.0
2012-06-16,4.0,0.7,0.0
2012-06-18,0.0,0.1,0.0
2012-06-19,0.0,0.0,0.0
2012-06-20,1.2,4.6,1.6
2012-06-21,4.8,10.9,9.7
2012-06-22,2.3,26.5,36.9
2012-06-23,0.0,0.4,0.0
2012-06-25,0.0,1.6,0.0
2012-06-26,30.2,14.4,14.6
2012-06-27,4.2,2.0,0.0
2012-06-28,0.0,0.6,0.0
2012-06-29,0.0,1.1,0.0
2012-06-30,0.2,0.0,0.0
2012-07-01,0.0,0.3,0.0
2012-07-02,0.0,1.0,0.0
2012-07-03,2.0,22.0,26.7
2012-07-04,6.0,10.6,8.4
2012-07-06,0.0,0.3,0.0
2012-07-07,0.0,0.4,0.0
2012-07-08,0.0,0.5,0.0
2012-07-09,3.0,1.8,0.0
2012-07-10,8.7,1.3,0.0
2012-07-11,17.5,15.3,17.4
2012-07-12,0.0,2.6,0.0
2012-07-13,7.8,2.1,0.0
2012-07-14,0.0,0.2,0.0
2012-07-15,4.6,1.8,0.0
2012-07-16,4.8,7.9,5.9
2012-07-17,0.0,1.6,0.0
2012-07-18,21.9,9.9,8.7
2012-07-19,0.0,2.5,0.0
2012-07-20,0.0,0.1,0.0
2012-07-21,9.8,12.1,8.0
2012-07-22,0.0,0.4,0.0
2012-07-23,1.5,1.5,0.0
2012-07-24,0.0,0.8,0.0
2012-07-26,1.0,8.0,3.2
2012-07-27,1.5,7.1,2.4
2012-07-29,0.2,12.9,8.2
2012-07-30,24.1,13.4,8.9
2012-07-31,1.5,6.2,1.6
2012-08-01,1.5,0.2,0.0
2012-08-02,0.0,0.5,0.0
2012-08-04,0.0,0.1,0.0
2012-08-05,0.0,1.1,0.0
2012-08-06,1.5,0.9,0.0
2012-08-07,0.0,6.6,3.8
2012-08-08,4.9,2.0,0.0
2012-08-09,2.0,0.2,0.0
2012-08-10,7.1,0.1,0.0
2012-08-11,0.0,2.3,0.0
2012-08-14,66.6,13.2,16.0
2012-08-15,4.3,1.9,0.0
2012-08-16,0.0,0.2,0.0
2012-08-17,0.0,0.1,0.0
2012-08-18,0.0,0.4,0.0
2012-08-19,0.0,14.6,21.2
2012-08-20,3.5,16.5,24.8
2012-08-21,2.5,7.9,3.6
2012-08-23,2.2,2.5,0.0
2012-08-24,0.6,5.0,1.0
2012-08-25,0.0,8.9,4.5
2012-08-26,4.5,2.1,0.0
2012-08-27,0.0,2.0,0.0
2012-08-28,15.6,25.5,26.0
2012-08-29,14.5,3.9,0.0
2012-08-30,0.2,0.3,0.0
2012-08-31,0.0,0.1,0.0
2012-09-01,8.0,18.7,14.5
2012-09-02,6.0,5.6,1.6
2012-09-03,9.3,27.2,24.3
2012-09-04,0.0,1.7,0.0
2012-09-05,4.1,59.2,78.3
2012-09-06,0.5,1.2,0.0
2012-09-08,5.0,11.6,6.9
2012-09-09,0.8,2.1,0.0
2012-09-10,4.2,16.1,10.4
2012-09-11,0.0,0.2,0.0
2012-09-12,0.0,0.3,0.0
2012-09-13,5.8,0.3,0.0
2012-09-14,0.4,0.1,0.0
2012-09-15,0.0,0.0,0.0
2012-09-16,31.5,23.5,26.1
2012-09-17,0.3,0.3,0.0
2012-09-18,5.8,0.0,0.0
2012-09-19,0.1,1.4,0.0
2012-09-20,0.6,0.1,0.0
2012-09-21,0.0,0.1,0.0
2012-09-22,0.0,6.5,5.3
2012-09-23,17.5,2.7,0.0
2012-09-24,6.8,6.1,5.0
2012-09-25,0.2,2.4,0.0
2012-09-26,0.0,0.0,0.0
2012-09-27,0.0,0.0,0.0
2012-09-28,14.0,1.8,0.0
2012-09-29,23.0,22.9,58.8
2012-09-30,0.0,0.0,0.0
2012-10-01,0.0,0.0,0.0
2012-10-02,0.0,0.0,0.0
2012-10-03,0.0,0.7,0.0
2012-10-04,0.8,0.1,0.0
2012-10-05,0.8,0.0,0.0
2012-10-06,0.0,0.6,0.0
2012-10-07,29.3,5.2,2.4
2012-10-08,0.0,0.0,0.0
2012-10-09,0.0,0.0,0.0
2012-10-10,0.0,0.1,0.0
2012-10-11,0.0,0.0,0.0
2012-10-12,0.0,0.0,0.0
2012-10-13,0.0,0.0,0.0
2012-10-14,0.0,0.0,0.0
2012-10-15,0.0,0.0,0.0
2012-10-16,0.0,1.3,0.0
2012-10-17,0.0,0.5,0.0
2012-10-18,0.0,0.0,0.0
2012-10-19,5.0,0.4,0.0
2012-10-20,10.9,29.6,39.0
2012-10-21,2.1,5.3,2.7
2012-10-22,5.1,18.0,22.0
2012-10-23,0.5,6.4,4.1
2012-10-24,25.7,29.0,44.5
2012-10-26,15.7,1.3,0.0
2012-10-27,0.0,1.0,0.0
2012-10-28,0.0,4.3,1.6
2012-10-29,0.0,5.5,2.9
2012-10-30,0.5,0.5,0.0
2012-10-31,5.3,0.8,0.0
2012-11-01,50.0,38.5,43.3
2012-11-02,0.0,0.8,0.0
2012-11-03,0.0,1.0,0.0
2012-11-04,3.0,38.8,43.9
2012-11-05,0.0,3.8,0.0
2012-11-06,0.8,7.9,3.9
2012-11-07,3.2,27.0,27.3
2012-11-08,2.8,6.9,2.9
2012-11-09,0.0,0.8,0.0
2012-11-10,0.0,0.8,0.0
2012-11-11,4.9,3.5,1.0
2012-11-12,2.5,15.0,9.6
2012-11-14,0.8,21.4,14.5
2012-11-15,5.9,33.9,29.5
2012-11-16,5.5,17.6,12.0
2012-11-17,13.5,24.2,17.7
2012-11-18,1.0,1.1,0.0
2012-11-19,59.2,3.7,1.0
2012-11-20,3.2,2.0,0.0
2012-11-21,9.6,38.9,53.8
2012-11-22,1.0,3.2,0.0
2012-11-23,0.0,3.5,0.0
2012-11-24,57.7,34.0,46.7
2012-11-25,3.2,0.3,0.0
2012-11-26,0.3,0.5,0.0
2012-11-27,0.9,2.2,0.0
2012-11-28,50.2,10.5,6.1
2012-11-29,2.0,0.0,0.0
2012-11-30,8.1,0.4,0.0
2012-12-01,0.6,15.5,11.9
2012-12-02,14.8,4.7,1.0
2012-12-03,0.0,0.2,0.0
2012-12-04,0.0,1.5,0.0
2012-12-05,2.5,8.8,4.7
2012-12-07,0.0,0.6,0.0
2012-12-08,0.0,1.0,0.0
2012-12-09,0.0,0.5,0.0
2012-12-10,0.5,8.8,4.7
2012-12-11,1.4,0.5,0.0
2012-12-12,3.5,7.9,4.0
2012-12-13,16.8,8.4,4.4
2012-12-14,0.0,0.0,0.0
2012-12-15,0.5,0.4,0.0
2012-12-16,1.1,0.7,0.0
2012-12-17,0.0,0.3,0.0
2012-12-18,1.6,8.8,4.8
2012-12-19,10.5,6.1,2.4
2012-12-21,6.3,1.1,0.0
2012-12-22,0.3,3.7,0.0
2012-12-23,0.5,13.6,8.5
2012-12-24,46.8,27.3,27.6
2012-12-25,25.2,48.7,73.3
2012-12-26,0.0,3.0,0.0
2012-12-27,2.8,2.6,0.0
2012-12-28,0.1,7.6,2.1
2012-12-29,4.6,2.0,0.0
2012-12-30,1.7,5.0,1.0
2012-12-31,0.0,0.9,0.0
2013-07-07,1.5,0.6,0.0
2013-07-10,6.2,7.1,4.2
2013-07-11,1.5,2.8,0.0
2013-07-13,27.3,5.1,2.1
2013-07-17,5.2,4.8,1.8
2013-07-19,2.7,24.1,32.7
2013-07-20,0.4,26.5,39.5
2013-07-23,0.0,2.4,0.0
2013-07-24,0.5,13.0,8.7
2013-07-25,2.0,4.8,1.0
2013-09-15,0.0,1.6,0.0
2013-09-17,1.0,2.3,0.0
2013-09-21,1.9,1.9,0.0
2013-09-28,2.3,5.5,3.4
2013-09-29,1.0,0.5,0.0
2013-10-02,0.9,35.7,40.9
2013-10-03,15.0,19.4,20.8
2013-10-09,0.0,2.8,1.0
2013-10-29,6.2,2.7,0.0
2013-11-01,0.4,5.5,1.4
2013-11-09,18.0,8.0,4.0
2015-04-16,0.0,0.0,0.0
2015-04-19,43.5,3.1,1.0
2015-04-20,0.0,16.0,16.4
2015-04-21,0.6,1.2,0.0
2015-04-24,10.9,40.2,44.5
2015-04-27,1.3,0.5,0.0
2015-05-03,7.3,1.7,0.0
2015-08-06,1.5,0.0,0.0
2015-08-08,0.0,0.0,0.0
2015-08-11,0.0,0.0,0.0
2015-08-17,0.0,0.0,0.0
2015-08-23,1.5,1.7,0.0
2015-08-24,0.0,0.3,0.0
2015-08-27,63.5,1.5,0.0
2015-08-28,1.3,0.4,0.0
2015-08-30,0.5,0.2,0.0
2015-09-05,1.0,17.2,11.9
2015-09-06,30.6,7.2,2.8
2015-09-11,0.0,0.0,0.0
2015-09-13,0.0,0.0,0.0
2015-09-14,0.0,0.0,0.0
2015-09-16,17.0,25.7,30.0
2015-09-17,3.0,13.2,11.5
2015-09-18,2.0,0.0,0.0
2015-09-19,0.0,0.0,0.0
2015-09-20,1.2,0.0,0.0
2015-09-25,9.0,0.0,0.0
2015-09-26,0.0,0.0,0.0
2015-09-29,0.0,0.2,0.0
2015-09-30,0.0,1.8,0.0
2015-10-02,1.2,10.4,7.3
2015-10-03,22.0,2.0,0.0
2015-10-06,0.0,0.0,0.0
2015-10-10,0.0,0.0,0.0
2015-10-11,0.0,0.5,0.0
2015-10-13,3.2,0.0,0.0
2015-10-16,0.0,0.0,0.0
2015-10-17,0.0,0.0,0.0
2015-10-22,3.6,3.7,1.0
2015-10-23,32.5,0.3,0.0
2015-10-25,2.3,0.0,0.0
2015-10-28,14.5,0.0,0.0
2015-10-29,0.0,1.6,0.0
2015-10-31,1.0,1.6,0.0
2015-11-03,0.5,3.0,0.0
2015-11-04,0.6,15.2,11.6
2015-11-05,7.9,1.3,0.0
2015-11-07,1.0,0.1,0.0
2015-11-09,0.0,1.0,0.0
2015-11-10,0.0,2.4,0.0
2015-11-16,1.7,5.0,1.8
2015-11-17,13.5,1.6,0.0
2015-11-20,7.3,2.7,0.0
2015-11-21,0.5,9.0,4.5
2015-12-01,1.0,18.0,14.5
2015-12-02,9.3,8.4,4.3
2015-12-03,10.1,17.8,14.5
2015-12-04,34.6,13.0,9.1
2015-12-07,1.0,0.1,0.0
2015-12-08,0.7,9.4,5.3
2015-12-09,64.4,0.9,0.0
2015-12-10,1.5,0.2,0.0
2015-12-11,0.5,2.7,0.0
2015-12-14,15.0,3.9,1.0
2015-12-15,6.4,11.3,7.1
2015-12-16,7.3,2.2,0.0
2015-12-17,3.4,25.1,27.4
2015-12-18,27.0,16.6,12.2
2015-12-19,5.7,7.5,3.6
2015-12-20,2.8,4.7,1.3
2015-12-21,1.7,9.9,4.4
2015-12-22,23.9,12.2,6.9
2015-12-23,2.8,6.4,1.1
2015-12-25,0.5,0.1,0.0
2015-12-27,30.5,3.1,0.0
2015-12-29,45.5,19.1,15.0
2015-12-30,53.0,15.0,10.0
2015-12-31,83.2,62.0,101.6
2016-01-01,89.8,39.6,33.7
2016-01-02,20.5,11.6,6.4
2016-01-03,17.2,33.9,26.2
2016-01-04,58.0,27.3,18.7
2016-01-05,22.7,58.9,70.7
2016-01-06,10.0,11.5,6.2
2016-01-08,86.6,0.0,0.0
2016-01-09,0.0,0.5,0.0
2016-01-10,0.0,6.7,2.4
2016-01-11,8.1,0.1,0.0
2016-01-13,0.2,0.1,0.0
2016-01-14,6.5,0.4,0.0
2016-01-16,0.0,1.9,0.0
2016-01-19,4.9,1.7,0.0
2016-01-20,1.7,1.0,0.0
2016-01-21,0.0,37.1,60.4
2016-01-22,37.1,26.1,42.3
2016-01-23,16.5,42.6,66.6
2016-01-24,20.7,3.4,1.0
2016-01-30,18.3,5.7,3.5
2016-01-31,1.0,0.6,0.0
2016-02-03,9.5,8.5,3.3
2016-02-04,2.0,0.3,0.0
2016-02-05,1.0,3.8,0.0
2016-02-06,18.9,0.9,0.0
2016-02-07,0.0,0.4,0.0
2016-02-08,0.0,0.7,0.0
2016-02-11,0.8,0.0,0.0
2016-02-14,140.7,24.6,24.4
2016-02-15,15.6,35.4,53.8
2016-02-16,13.8,28.6,34.7
2016-02-17,17.9,2.5,0.0
2016-02-18,13.8,0.0,0.0
2016-02-19,0.3,0.0,0.0
2016-02-23,31.0,23.3,30.8
2016-02-24,14.1,21.7,27.5
2016-02-25,7.2,0.6,0.0
2016-02-26,2.8,9.2,5.9
2016-02-27,38.1,0.0,0.0
2016-02-28,1.5,0.6,0.0
2016-02-29,14.9,8.3,4.7
2016-03-01,53.5,3.3,0.0
2016-03-03,3.6,6.5,2.0
2016-03-04,18.8,2.6,0.0
2016-03-05,4.3,3.8,1.0
2016-03-07,19.4,4.6,1.0
2016-03-09,32.8,1.0,0.0
2016-03-10,0.2,2.5,0.0
2016-03-12,39.8,38.1,45.6
2016-03-17,0.4,4.4,2.7
2016-03-18,0.7,2.3,1.0
2016-03-19,0.5,2.1,1.0
2016-03-23,3.1,7.9,4.6
2016-03-24,29.8,0.7,0.0
2016-03-26,0.0,0.0,0.0
2016-03-28,2.4,3.1,1.0
2016-03-29,3.2,4.9,1.5
2016-03-30,33.1,6.4,3.0
2016-03-31,4.5,4.2,1.0
2016-04-01,15.6,0.0,0.0
2016-04-02,0.8,18.9,16.5
2016-04-03,34.6,0.3,0.0
2016-04-07,1.5,10.8,7.4
2016-04-08,7.1,0.9,0.0
2016-04-10,0.5,1.2,0.0
2016-04-12,71.6,0.5,0.0
2016-04-14,0.6,0.1,0.0
2016-04-15,14.7,0.4,0.0
2016-04-17,47.5,2.1,0.0
2016-04-19,92.8,11.9,10.5
2016-04-20,10.5,17.6,18.0
2016-06-15,2.5,0.4,0.0
2016-06-23,42.2,0.4,0.0
2016-06-25,8.4,28.0,38.7
2016-07-01,0.0,12.3,10.5
2016-07-02,1.4,21.5,25.9
2016-07-03,6.5,9.3,6.8
2016-07-04,1.0,0.7,0.0
2016-07-05,0.6,0.8,0.0
2016-07-08,27.0,13.9,12.2
2016-07-09,23.9,0.5,0.0
2016-07-12,26.9,0.1,0.0
2016-07-13,0.6,0.0,0.0
2016-07-14,1.3,0.0,0.0
2016-07-18,2.3,0.0,0.0
2016-07-20,1.5,31.4,52.3
2016-07-21,18.1,0.4,0.0
2016-07-23,0.0,75.5,144.3
2016-07-24,62.7,6.7,2.0
2016-07-25,2.5,15.8,11.4
2016-07-26,1.5,2.7,0.0
2016-07-27,1.8,11.3,7.5
2016-07-28,6.2,2.2,0.0
2016-07-30,51.0,15.1,11.3
2016-07-31,0.7,0.0,0.0
2016-08-02,9.0,1.0,0.0
2016-08-05,3.0,16.2,18.2
2016-08-06,37.2,35.5,64.6
2016-08-07,1.0,63.6,92.9
2016-08-08,31.0,7.9,5.2
2016-08-12,0.5,18.7,30.0
2016-08-13,83.2,0.0,0.0
2016-08-14,0.2,0.0,0.0
2016-08-15,0.0,0.0,0.0
2016-08-18,7.7,5.5,3.0
2016-08-19,18.6,0.0,0.0
2016-08-27,2.9,1.5,0.0
2016-08-29,8.3,3.3,0.0
2016-09-02,1.0,0.0,0.0
2016-09-03,0.0,3.3,0.0
2016-09-05,85.3,6.3,2.1
2016-09-06,1.0,0.3,0.0
2016-09-08,0.1,8.7,4.0
2016-09-09,3.5,0.0,0.0
2016-09-12,14.3,6.3,3.1
2016-09-13,9.9,7.8,4.8
2016-09-14,6.0,8.8,6.0
2016-09-15,25.2,5.4,2.0
2016-09-16,2.5,14.4,13.1
2016-09-17,10.8,0.3,0.0
2016-09-19,0.0,17.5,17.1
2016-09-20,5.5,0.5,0.0
2016-09-25,2.8,6.5,5.7
2016-09-26,33.4,0.2,0.0
2016-09-28,1.5,0.1,0.0
2016-09-30,0.9,0.5,0.0
2016-10-02,21.5,0.0,0.0
2016-10-05,1.5,1.4,0.0
2016-10-07,1.3,0.1,0.0
2016-10-10,2.0,1.4,0.0
2016-10-14,22.3,0.5,0.0
2016-10-19,18.0,33.2,47.1
2016-10-20,7.0,13.3,11.2
2016-10-21,5.5,0.0,0.0
2016-10-23,2.0,50.5,75.8
2016-10-24,18.0,2.8,1.0
2016-10-26,0.2,0.8,0.0
2016-10-31,35.6,0.0,0.0
2016-11-04,17.2,0.1,0.0
2016-11-05,0.0,0.0,0.0
2016-11-09,0.3,19.0,15.9
2016-11-10,21.7,12.5,9.0
2016-11-11,1.0,15.8,10.3
2016-11-12,6.0,1.0,0.0
2016-11-14,2.7,7.3,3.5
2016-11-18,9.1,29.5,23.9
2016-11-19,21.2,7.9,4.0
2016-11-20,4.6,23.5,16.4
2016-11-21,31.8,84.0,83.2
2016-11-22,31.8,1.1,0.0
2016-11-23,0.0,10.4,6.0
2016-11-24,10.5,9.4,5.0
2016-11-25,12.0,17.6,13.8
2016-11-26,2.3,1.5,0.0
2016-11-28,3.1,10.6,6.2
2016-11-29,6.3,24.4,29.2
2016-11-30,19.8,1.5,0.0
2016-12-01,9.3,0.0,0.0
2016-12-02,6.0,14.2,10.5
2016-12-03,3.3,2.7,0.0
2016-12-04,0.0,7.1,3.0
2016-12-06,2.2,32.1,35.9
2016-12-07,3.4,5.6,1.6
2016-12-10,0.7,0.0,0.0
2016-12-13,12.4,42.7,53.3
2016-12-15,5.3,6.2,2.5
2016-12-16,1.2,10.8,6.7
2016-12-20,0.0,21.2,21.8
2016-12-24,4.7,28.4,29.7
2016-12-25,21.4,26.1,24.9
2016-12-26,9.6,0.0,0.0
2016-12-27,0.0,0.6,0.0
2016-12-31,24.8,2.0,0.0
2017-01-01,0.2,17.6,11.6
2017-01-02,4.8,22.5,15.2
2017-01-03,22.6,11.5,6.3
2017-01-04,11.1,3.8,1.0
2017-01-05,41.0,4.3,1.0
2017-01-08,9.9,6.7,2.4
2017-01-09,0.1,3.8,1.0
2017-01-10,3.9,30.0,21.6
2017-01-11,7.1,0.3,0.0
2017-01-12,0.6,9.5,5.6
2017-01-13,22.7,0.0,0.0
2017-01-14,0.0,0.1,0.0
2017-01-19,7.5,0.3,0.0
2017-01-20,0.0,0.0,0.0
2017-01-26,16.0,3.2,1.0
2017-01-27,0.8,5.4,3.1
2017-01-28,2.0,9.0,7.5
2017-01-29,24.3,18.1,19.1
2017-01-30,27.2,14.4,14.8
2017-01-31,8.4,6.7,4.7
2017-02-01,1.5,8.1,3.0
2017-02-02,5.7,6.5,1.7
2017-02-03,11.9,31.9,27.7
2017-02-04,11.5,15.5,9.3
2017-02-05,2.3,0.0,0.0
2017-02-07,2.8,0.9,0.0
2017-02-08,3.7,8.0,2.9
2017-02-09,51.7,26.1,19.1
2017-02-10,15.6,12.7,6.9
2017-02-11,16.9,33.1,46.5
2017-02-12,11.3,19.4,18.0
2017-02-13,19.6,7.5,3.4
2017-02-15,3.7,2.5,0.0
2017-02-16,0.8,5.1,1.4
2017-02-17,37.3,14.8,11.6
2017-02-18,7.8,38.5,62.8
2017-02-19,138.5,0.0,0.0
2017-02-21,0.4,0.0,0.0
2017-02-23,0.2,37.4,57.5
2017-02-24,3.9,4.7,1.0
2017-02-25,52.1,22.9,30.2
2017-02-26,9.8,0.1,0.0
2017-02-28,3.4,7.9,4.2
2017-03-01,1.1,26.7,28.1
2017-03-02,10.4,47.2,77.0
2017-03-03,136.8,25.4,26.5
2017-03-07,2.2,43.1,67.2
2017-03-08,13.0,4.3,1.0
2017-03-10,0.5,28.8,33.7
2017-03-11,34.9,17.7,16.9
2017-03-12,0.0,0.0,0.0
2017-03-15,15.9,6.1,4.4
2017-03-18,28.5,0.8,0.0
2017-03-20,4.6,3.0,1.4
2017-03-21,7.0,0.2,0.0
2017-03-24,33.7,13.1,10.4
2017-03-25,4.7,9.1,5.8
2017-03-26,2.8,0.1,0.0
2017-03-27,1.2,8.1,4.8
2017-03-28,3.9,0.2,0.0
2017-03-29,1.0,0.4,0.0
2017-04-03,3.5,12.7,9.4
2017-04-05,69.9,83.9,120.4
2017-04-06,60.1,138.0,132.5
2017-04-07,46.4,53.8,77.8
2017-04-08,24.9,25.4,33.4
2017-04-09,9.6,6.3,2.8
2017-04-10,1.0,3.0,0.0
2017-04-13,5.8,25.2,38.2
2017-04-14,142.6,28.2,43.9
2017-04-15,19.8,7.0,4.5
2017-04-16,9.0,1.0,0.0
2017-04-17,0.0,0.7,0.0
2017-04-18,17.0,31.9,52.4
2017-04-19,88.1,17.6,18.0
2017-04-20,10.4,4.4,1.5
2017-04-21,9.2,11.2,8.6
2017-04-22,1.4,23.5,23.2
2017-04-23,35.7,33.7,35.8
2017-04-24,11.6,2.5,1.2
2017-04-26,2.4,0.6,0.0
2017-05-01,1.0,6.6,7.0
2017-05-02,22.4,1.2,0.0
2017-05-04,32.4,17.1,24.4
2017-05-05,8.7,6.5,6.9
2017-05-06,4.5,45.4,105.9
2017-05-07,20.2,3.8,2.6
2017-05-09,22.8,6.4,6.7
2017-05-10,15.3,0.0,0.0
2017-05-14,0.4,10.2,8.0
2017-05-15,18.3,4.2,1.4
2017-05-16,1.0,0.9,0.0
2017-05-18,2.8,5.7,3.0
2017-05-19,0.0,16.1,14.5
2017-05-20,4.8,16.6,19.9
2017-05-21,8.1,11.0,11.6
2017-05-22,5.0,10.2,10.6
2017-05-23,1.5,0.9,0.0
2017-05-26,14.7,1.4,0.0
2017-05-28,0.0,9.0,8.5
2017-05-29,2.0,1.2,0.0
2017-05-31,12.3,20.7,37.7
2017-06-01,5.7,1.2,0.0
2017-06-03,1.8,1.4,0.0
2017-06-05,3.6,43.8,62.5
2017-06-06,34.5,21.0,28.0
2017-06-07,3.9,4.9,1.0
2017-06-08,0.7,0.5,0.0
2017-06-09,3.0,3.9,0.0
2017-06-10,0.0,0.4,0.0
2017-06-13,27.5,19.4,13.3
2017-06-14,21.3,2.4,0.0
2017-06-16,14.0,17.9,12.3
2017-06-17,21.6,4.6,1.6
2017-06-18,7.5,3.2,1.0
2017-06-19,4.4,1.7,0.0
2017-06-20,0.4,0.4,0.0
2017-06-21,17.0,22.8,30.0
2017-06-22,17.6,7.1,5.0
2017-06-23,5.1,0.6,0.0
2017-06-24,3.8,4.5,1.7
2017-06-25,0.8,13.1,12.8
2017-06-26,11.6,0.0,0.0
2017-06-29,59.5,10.3,8.9
2017-06-30,2.5,7.1,5.0
2017-07-01,6.5,10.0,7.6
2017-07-02,3.9,0.3,0.0
2017-07-04,0.0,2.7,0.0
2017-07-05,0.5,0.6,0.0
2017-07-07,3.5,1.1,0.0
2017-07-08,1.5,1.2,0.0
2017-07-13,55.2,2.1,0.0
2017-07-14,0.0,10.6,9.7
2017-07-15,4.2,9.6,8.3
2017-07-17,1.2,5.0,2.1
2017-07-19,33.2,2.0,0.0
2017-07-20,0.6,33.7,59.0
2017-07-21,65.6,32.8,40.0
2017-07-22,17.0,17.9,16.4
2017-07-23,3.6,29.5,33.4
2017-07-24,9.8,9.3,4.3
2017-07-25,0.4,5.9,1.3
2017-07-29,14.6,0.9,0.0
2017-07-30,4.7,7.5,2.7
2017-07-31,15.4,5.3,1.0
2017-08-02,2.5,1.1,0.0
2017-08-07,0.0,3.8,1.0
2017-08-08,4.5,0.0,0.0
2017-08-10,36.5,4.4,1.5
2017-08-11,0.2,2.4,0.0
2017-08-12,0.1,6.9,5.1
2017-08-13,3.0,0.8,0.0
2017-08-14,1.1,35.9,91.4
2017-08-15,24.1,17.2,26.2
2017-08-16,4.9,5.1,2.4
2017-08-17,6.2,1.8,0.0
2017-08-18,0.0,0.0,0.0
2017-08-19,0.0,0.5,0.0
2017-08-20,0.0,0.0,0.0
2017-08-22,0.6,0.0,0.0
2017-08-24,0.0,0.0,0.0
2017-08-26,28.5,0.4,0.0
2017-08-27,0.0,0.1,0.0
2017-08-29,45.0,7.3,3.0
2017-08-30,2.0,5.7,1.4
2017-09-01,7.2,0.1,0.0
2017-09-02,2.8,1.6,0.0
2017-09-03,1.5,0.0,0.0
2017-09-11,18.1,0.3,0.0
2017-09-12,0.0,3.8,1.0
2017-09-13,14.2,2.3,0.0
2017-09-14,3.5,25.4,29.9
2017-09-15,36.8,12.3,10.3
2017-09-16,11.6,0.6,0.0
2017-09-17,2.1,0.4,0.0
2017-09-19,0.0,8.2,5.3
2017-09-22,5.4,0.7,0.0
2017-09-24,0.0,35.9,77.9
2017-09-25,11.1,12.3,19.1
2017-09-26,2.2,1.6,0.0
2017-09-28,0.2,25.7,66.8
2017-09-29,4.1,18.6,44.7
2017-09-30,1.7,0.0,0.0
2017-10-05,39.6,34.2,39.0
2017-10-06,0.7,0.3,0.0
2017-10-14,108.1,2.7,0.0
2017-10-16,0.7,3.0,1.0
2017-10-18,2.0,1.1,0.0
2017-10-19,0.2,1.6,0.0
2017-10-20,0.1,0.5,0.0
2017-10-27,4.0,3.0,1.0
2017-10-29,36.6,3.4,1.0
2017-10-30,15.5,0.0,0.0
2017-10-31,0.0,1.1,0.0
2017-11-02,10.6,1.4,0.0
2017-11-03,3.4,3.4,0.0
2017-11-05,11.2,3.9,0.0
2017-11-06,3.0,8.3,4.3
2017-11-07,15.3,44.4,55.2
2017-11-08,28.6,3.4,0.0
2017-11-09,2.8,1.5,0.0
2017-11-12,1.7,30.1,24.8
2017-11-13,2.7,0.1,0.0
2017-11-15,0.0,10.3,5.9
2017-11-16,6.3,37.5,33.8
2017-11-17,6.0,1.1,0.0
2017-11-19,0.1,0.4,0.0
2017-11-23,46.2,6.1,1.8
2017-11-24,0.0,23.5,26.9
2017-11-25,12.1,21.3,22.4
2017-11-26,29.4,3.3,0.0
2017-11-27,3.5,5.1,1.0
2017-11-28,3.5,9.6,5.2
2017-11-29,0.1,4.0,1.0
2017-12-01,10.9,14.5,10.9
2017-12-02,0.3,20.0,16.8
2017-12-03,23.4,1.0,0.0
2017-12-04,2.0,35.6,42.6
2017-12-05,3.5,6.3,2.2
2017-12-06,7.5,51.9,72.7
2017-12-07,62.0,17.1,13.5
2017-12-08,0.4,32.1,36.0
2017-12-09,5.9,3.0,0.0
2017-12-11,24.3,5.1,1.5
2017-12-16,1.0,15.5,11.2
2017-12-17,1.5,11.5,7.4
2017-12-19,0.2,8.5,4.5
2017-12-20,22.8,13.2,9.0
2017-12-21,0.0,33.0,39.6
2017-12-22,95.2,0.4,0.0
2017-12-24,10.9,0.0,0.0
2017-12-27,0.0,0.1,0.0
2017-12-28,1.6,23.1,19.8
2017-12-29,1.0,13.6,8.5
2017-12-30,3.8,2.1,0.0
2017-12-31,0.2,0.3,0.0
2018-01-01,4.0,0.0,0.0
2018-01-02,14.8,0.0,0.0
2018-01-09,6.8,0.0,0.0
2018-01-12,1.7,0.0,0.0
2018-01-14,0.2,0.4,0.0
2018-01-15,0.3,4.3,1.0
2018-01-16,5.6,6.7,2.5
2018-01-17,0.6,22.7,29.4
2018-01-18,2.6,2.3,0.0
2018-01-19,1.7,0.5,0.0
2018-01-22,9.1,1.1,0.0
2018-01-23,5.2,11.4,10.5
2018-01-24,59.7,12.4,11.8
2018-01-25,0.0,30.2,49.9
2018-01-26,16.3,0.0,0.0
2018-01-29,1.0,1.0,0.0
2018-01-30,0.0,10.9,9.9
2018-01-31,15.3,16.4,16.9
2018-02-04,26.2,47.3,46.2
2018-02-05,19.5,68.1,77.4
2018-02-06,23.6,5.2,1.0
2018-02-07,5.4,5.5,1.0
2018-02-08,3.5,17.7,11.4
2018-02-09,40.6,10.2,4.7
2018-02-10,0.7,15.5,9.3
2018-02-11,3.5,8.9,4.8
2018-02-12,6.0,1.0,0.0
2018-02-13,0.0,71.1,139.4
2018-02-14,98.4,6.2,2.2
2018-02-15,1.0,0.0,0.0
2018-02-17,7.2,7.8,3.7
2018-02-19,0.7,21.4,19.6
2018-02-20,11.1,0.1,0.0
2018-02-21,3.2,27.2,38.2
2018-02-22,33.7,0.1,0.0
2018-02-23,0.6,10.4,7.4
2018-02-25,11.0,5.3,1.2
2018-02-26,4.2,16.0,16.6
2018-02-27,9.9,27.9,37.9
2018-02-28,2.4,39.8,62.8
2018-03-01,5.8,0.0,0.0
2018-03-03,68.4,17.5,14.9
2018-03-04,8.3,17.1,14.4
2018-03-05,1.8,0.0,0.0
2018-03-08,70.7,58.6,105.8
2018-03-09,11.2,4.3,1.0
2018-03-10,3.6,0.1,0.0
2018-03-12,6.5,34.7,39.1
2018-03-13,7.3,3.1,1.5
2018-03-15,0.8,0.8,0.0
2018-03-16,0.6,0.0,0.0
2018-03-19,1.5,0.6,0.0
2018-03-20,0.5,53.4,75.7
2018-03-21,58.9,19.6,17.8
2018-03-22,0.2,78.8,93.5
2018-03-23,56.7,3.3,1.0
2018-03-25,6.2,0.0,0.0
2018-03-27,35.0,1.5,0.0
2018-03-28,0.4,3.2,1.0
2018-03-29,0.8,6.5,3.1
2018-03-30,18.5,2.5,0.0
2018-03-31,7.1,0.0,0.0
2018-04-02,0.6,7.0,3.4
2018-04-03,0.3,0.9,0.0
2018-04-05,2.0,12.4,9.0
2018-04-06,0.3,6.6,3.0
2018-04-07,18.9,0.1,0.0
2018-04-08,0.8,1.4,0.0
2018-04-14,4.7,0.2,0.0
2018-04-16,0.2,1.7,0.0
2018-04-17,14.3,0.0,0.0
2018-04-21,8.0,2.3,1.0
2018-04-22,25.5,0.2,0.0
2018-04-23,0.2,20.2,16.6
2018-04-24,6.0,34.9,37.2
2018-04-25,18.3,12.5,9.8
2018-04-26,24.0,2.3,1.0
2018-04-27,4.1,0.1,0.0
2018-04-29,11.3,0.4,0.0
2018-04-30,27.0,19.8,15.8
2018-05-01,54.2,0.2,0.0
2018-05-02,3.2,0.2,0.0
2018-05-03,13.8,12.7,16.8
2018-05-06,0.6,0.4,0.0
2018-05-08,0.4,0.0,0.0
2018-05-10,43.0,0.0,0.0
2018-05-11,2.9,0.0,0.0
2018-05-22,4.0,1.5,0.0
2018-05-23,5.3,0.0,0.0
2018-05-26,5.8,0.5,0.0
2018-05-27,0.5,2.1,1.0
2018-05-28,10.9,1.4,0.0
2018-05-30,3.2,19.5,34.5
2018-05-31,5.4,7.1,6.2
2018-06-02,0.8,10.2,7.2
2018-06-03,0.1,3.2,0.0
2018-06-04,1.0,7.5,3.8
2018-06-08,0.2,0.0,0.0
2018-06-12,2.3,4.4,1.4
2018-06-14,3.0,0.2,0.0
2018-06-16,24.3,0.5,0.0
2018-06-18,2.2,7.5,3.8
2018-06-19,14.1,0.0,0.0
2018-06-23,10.3,35.2,50.4
2018-06-24,21.8,0.0,0.0
2018-06-28,10.3,43.8,64.5
2018-06-29,11.8,10.7,9.5
2018-06-30,26.0,19.1,24.1
2018-07-01,6.8,18.7,18.5
2018-07-02,7.6,0.9,0.0
2018-07-06,3.5,7.2,4.3
2018-07-07,0.8,0.5,0.0
2018-07-09,46.9,1.3,0.0
2018-07-10,5.1,0.8,0.0
2018-07-11,1.1,2.7,0.0
2018-07-12,2.2,2.0,0.0
2018-07-13,4.1,44.7,96.5
2018-07-14,80.5,9.8,8.5
2018-07-15,0.7,0.0,0.0
2018-07-16,0.1,28.9,44.1
2018-07-17,12.6,18.6,22.3
2018-07-18,3.3,0.2,0.0
2018-07-22,0.0,0.0,0.0
2018-07-24,3.3,0.8,0.0
2018-07-27,5.5,2.2,0.0
2018-07-29,29.7,0.1,0.0
2018-08-02,0.2,17.7,20.2
2018-08-03,3.1,2.4,0.0
2018-08-04,0.0,14.1,12.5
2018-08-05,0.1,0.7,0.0
2018-08-09,3.0,7.2,4.4
2018-08-10,12.0,16.6,18.9
2018-08-11,9.4,0.0,0.0
2018-08-19,5.9,1.1,0.0
2018-08-21,1.1,11.4,7.0
2018-08-22,0.2,3.8,0.0
2018-08-24,21.2,2.3,0.0
2018-08-25,0.1,4.5,1.0
2018-08-26,2.4,9.9,5.6
2018-08-27,10.1,0.0,0.0
2018-08-30,6.9,31.0,35.6
2018-08-31,4.0,9.8,5.5
2018-09-01,2.2,14.7,9.0
2018-09-05,2.4,5.2,1.2
2018-09-06,3.1,20.0,15.6
2018-09-07,2.3,0.1,0.0
2018-09-10,9.9,0.3,0.0
2018-09-12,2.2,0.0,0.0
2018-09-14,0.0,21.4,23.0
2018-09-15,19.0,0.5,0.0
2018-09-16,21.0,0.1,0.0
2018-09-18,13.8,2.7,0.0
2018-09-20,0.5,5.6,2.3
2018-09-21,0.0,1.1,0.0
2018-10-02,2.7,0.7,0.0
2018-10-03,1.0,6.6,4.1
2018-10-04,0.5,13.7,10.7
2018-10-05,30.6,0.0,0.0
2018-10-08,7.3,0.1,0.0
2018-10-09,0.2,0.3,0.0
2018-10-10,12.6,15.2,12.0
2018-10-11,1.7,10.1,7.5
2018-10-12,1.2,1.3,0.0
2018-10-14,7.3,0.1,0.0
2018-10-16,0.8,9.5,6.7
2018-10-17,2.0,22.2,25.7
2018-10-18,6.9,2.2,0.0
2018-10-20,24.5,6.7,3.9
2018-10-21,3.9,9.0,7.1
2018-10-23,0.4,1.5,0.0
2018-10-31,22.3,0.0,0.0
2018-11-02,0.0,2.4,0.0
2018-11-03,2.1,0.0,0.0
2018-11-06,14.4,4.3,1.0
2018-11-07,34.7,0.4,0.0
2018-11-08,2.2,1.1,0.0
2018-11-11,10.6,0.2,0.0
2018-11-12,4.2,13.9,8.8
2018-11-13,2.7,0.4,0.0
2018-11-14,0.0,0.6,0.0
2018-11-16,27.3,8.9,4.8
2018-11-17,7.1,16.6,10.9
2018-11-18,0.8,0.8,0.0
2018-11-19,0.0,2.4,0.0
2018-11-20,0.6,48.5,46.8
2018-11-21,47.7,5.2,1.0
2018-11-24,9.5,3.0,0.0
2018-11-25,1.5,4.6,1.0
2018-11-26,1.8,19.0,15.5
2018-11-27,0.9,7.2,2.8
2018-11-29,8.9,19.1,18.9
2018-11-30,88.9,1.0,0.0
2018-12-01,1.9,25.7,25.7
2018-12-02,58.6,14.5,10.8
2018-12-03,44.0,0.0,0.0
2018-12-06,1.0,0.1,0.0
2018-12-09,0.2,17.1,13.9
2018-12-10,11.0,8.7,4.6
2018-12-11,16.4,0.9,0.0
2018-12-12,1.1,0.0,0.0
2018-12-14,22.4,21.0,21.7
2018-12-15,117.5,13.3,9.1
2018-12-16,6.8,1.4,0.0
2018-12-18,1.9,0.5,0.0
2018-12-20,3.8,7.6,3.7
2018-12-21,0.2,21.5,18.4
2018-12-22,1.6,26.1,24.6
2018-12-23,7.0,3.3,0.0
2018-12-25,3.2,16.2,11.4
2018-12-26,15.6,21.6,17.6
2018-12-27,2.0,19.4,15.4
2018-12-28,4.8,3.0,0.0
2018-12-29,0.1,10.1,4.5
2018-12-30,0.5,1.1,0.0
2018-12-31,3.4,0.0,0.0
2019-01-03,0.2,0.0,0.0
2019-01-05,3.8,1.8,0.0
2019-01-06,9.5,8.5,3.8
2019-01-07,15.0,0.0,0.0
2019-01-09,0.9,0.3,0.0
2019-01-11,0.5,11.4,7.9
2019-01-12,16.1,23.2,30.4
2019-01-13,8.8,41.4,61.9
2019-01-14,32.7,16.8,14.9
2019-01-15,78.1,24.3,32.6
2019-01-16,7.3,16.4,14.0
2019-01-17,6.8,12.9,9.7
2019-01-18,15.1,11.4,7.9
2019-01-19,8.5,1.3,0.0
2019-01-21,25.9,0.0,0.0
2019-01-24,49.8,12.8,12.7
2019-01-25,14.3,11.5,10.6
2019-01-26,53.1,78.7,84.2
2019-01-27,35.2,1.8,0.0
2019-01-28,4.6,22.2,33.9
2019-01-29,15.4,64.5,83.3
2019-01-30,71.5,8.9,7.3
2019-01-31,4.0,20.6,29.7
2019-02-01,3.7,4.8,1.0
2019-02-03,1.8,0.3,0.0
2019-02-08,3.2,51.9,53.6
2019-02-09,93.8,0.2,0.0
2019-02-10,0.7,4.3,1.0
2019-02-11,7.7,0.2,0.0
2019-02-14,5.5,34.4,52.1
2019-02-15,37.7,0.0,0.0
2019-02-17,3.5,5.4,1.6
2019-02-18,54.1,7.9,3.8
2019-02-19,1.5,0.4,0.0
2019-02-21,0.4,0.3,0.0
2019-02-22,0.3,24.6,33.3
2019-02-23,87.3,114.7,236.7
2019-02-24,114.6,11.7,9.1
2019-02-25,14.3,2.9,0.0
2019-02-26,41.1,0.0,0.0
2019-03-04,24.6,1.4,0.0
2019-03-06,0.3,9.8,5.4
2019-03-09,14.3,28.4,32.6
2019-03-10,20.6,6.2,1.7
2019-03-11,0.2,9.5,8.0
2019-03-12,7.3,7.5,5.8
2019-03-13,6.1,0.0,0.0
2019-03-14,0.8,0.3,0.0
2019-03-15,1.5,15.9,14.6
2019-03-16,29.8,0.1,0.0
2019-03-18,3.6,0.1,0.0
2019-03-22,5.0,47.9,70.7
2019-03-23,95.5,32.5,45.9
2019-03-24,45.0,10.7,7.6
2019-03-25,46.1,1.4,0.0
2019-03-26,0.8,4.4,1.0
2019-03-28,0.8,1.5,0.0
2019-03-30,0.0,1.8,0.0
2019-04-01,5.0,9.0,5.5
2019-04-02,9.4,7.4,3.8
2019-04-03,0.3,1.3,0.0
2019-04-05,0.1,0.6,0.0
2019-04-07,9.2,0.3,0.0
2019-04-08,3.8,2.6,0.0
2019-04-10,4.9,10.9,7.5
2019-04-11,0.5,0.1,0.0
2019-04-14,12.8,2.0,0.0
2019-04-15,1.8,85.9,136.2
2019-04-16,134.2,9.8,7.8
2019-04-17,20.0,18.1,19.2
2019-04-18,38.1,45.5,79.9
2019-04-19,25.5,10.1,8.3
2019-04-20,3.8,4.7,1.9
2019-04-21,19.2,3.9,2.4
2019-04-23,9.2,0.0,0.0
2019-04-30,0.0,24.0,24.0
2019-05-01,18.8,32.2,58.5
2019-05-02,0.1,6.3,6.5
2019-05-03,0.4,24.5,39.7
2019-05-04,57.5,11.4,14.8
2019-05-05,0.2,28.8,49.2
2019-05-06,41.8,0.8,0.0
2019-05-07,1.5,0.0,0.0
2019-05-08,17.4,0.2,0.0
2019-05-10,1.2,0.6,0.0
2019-05-11,20.4,0.0,0.0
2019-05-15,9.6,37.0,41.7
2019-05-16,2.5,2.8,0.0
2019-05-17,2.0,4.2,1.3
2019-05-18,4.9,46.0,57.5
2019-05-19,25.2,1.0,0.0
2019-05-20,1.0,1.4,0.0
2019-05-21,0.6,0.0,0.0
2019-05-25,2.5,0.0,0.0
2019-05-31,26.5,6.8,5.8
2019-06-01,0.1,20.8,28.3
2019-06-02,33.0,2.1,0.0
2019-06-04,4.9,9.8,6.7
2019-06-05,0.0,5.4,1.3
2019-06-06,1.6,1.5,0.0
2019-06-09,14.1,31.4,44.3
2019-06-10,42.3,78.2,78.7
2019-06-11,81.7,3.7,1.0
2019-06-13,6.1,1.2,0.0
2019-06-15,7.6,37.9,33.7
2019-06-16,9.0,34.3,28.9
2019-06-17,8.4,20.8,14.4
2019-06-18,6.1,8.5,4.6
2019-06-19,1.1,9.2,5.1
2019-06-20,4.5,0.8,0.0
2019-06-21,3.8,0.0,0.0
2019-06-28,0.1,17.9,22.9
2019-06-29,79.1,19.7,26.0
2019-06-30,39.1,1.7,0.0
2019-07-02,4.2,0.3,0.0
2019-07-04,16.3,0.5,0.0
2019-07-05,0.4,1.4,0.0
2019-07-07,2.0,0.0,0.0
2019-07-10,3.5,4.5,1.3
2019-07-18,0.8,0.0,0.0
2019-07-21,57.0,12.7,8.1
2019-07-22,4.5,19.3,18.4
2019-07-24,1.6,3.1,0.0
2019-07-26,14.5,0.9,0.0
2019-07-27,2.4,4.4,1.0
2019-07-28,1.1,0.1,0.0
2019-07-31,10.2,0.9,0.0
2019-08-02,14.9,1.6,0.0
2019-08-03,2.3,0.0,0.0
2019-08-06,15.3,1.0,0.0
2019-08-14,11.3,8.4,7.7
2019-08-15,5.8,1.2,0.0
2019-08-20,1.6,10.5,10.9
2019-08-21,2.8,0.5,0.0
2019-08-23,2.4,1.5,0.0
2019-08-24,1.0,11.2,6.8
2019-08-25,1.5,0.4,0.0
2019-08-28,9.6,12.4,8.1
2019-08-29,11.7,1.4,0.0
2019-08-31,0.7,0.1,0.0
2019-09-01,4.2,0.0,0.0
2019-09-04,15.6,0.0,0.0
2019-09-16,8.4,0.0,0.0
2019-09-26,3.4,1.4,0.0
2019-09-27,3.9,8.9,9.6
2019-09-28,7.0,6.4,5.5
2019-09-29,1.0,0.3,0.0
2019-10-01,2.7,10.1,7.4
2019-10-02,7.4,0.0,0.0
2019-10-06,1.8,11.4,8.3
2019-10-07,1.1,1.8,0.0
2019-10-10,2.0,0.0,0.0
2019-10-14,29.4,0.1,0.0
2019-10-19,1.8,0.2,0.0
2019-10-23,4.3,4.1,1.4
2019-10-25,0.2,19.1,24.4
2019-10-26,8.7,2.1,0.0
2019-10-27,2.5,0.0,0.0
2019-10-28,8.0,0.7,0.0
2019-10-31,26.4,12.3,11.2
2019-11-01,1.8,4.7,1.0
2019-11-02,2.2,3.0,0.0
2019-11-03,1.0,25.1,25.0
2019-11-04,1.0,0.1,0.0
2019-11-06,0.7,0.0,0.0
2019-11-14,6.2,21.3,14.2
2019-11-18,3.8,2.3,0.0
2019-11-20,0.3,10.3,5.8
2019-11-21,8.3,1.8,0.0
2019-11-22,4.3,0.3,0.0
2019-11-24,37.3,14.1,9.8
2019-11-26,0.1,0.1,0.0
2019-12-01,21.0,1.1,0.0
2019-12-04,2.0,0.0,0.0
2019-12-06,3.4,2.2,0.0
2019-12-07,5.3,1.7,0.0
2019-12-09,1.5,28.7,30.4
2019-12-10,1.1,19.0,15.8
2019-12-11,2.1,7.5,3.6
2019-12-12,11.2,1.5,0.0
2019-12-13,2.7,0.0,0.0
2019-12-16,8.6,30.9,35.7
2019-12-17,36.0,32.2,37.5
2019-12-18,13.5,85.6,108.6
2019-12-19,76.9,81.9,109.0
2019-12-20,42.0,1.4,0.0
2019-12-21,19.2,1.4,0.0
2019-12-25,3.5,0.2,0.0
2019-12-26,0.1,0.0,0.0
2019-12-28,50.5,0.0,0.0
2019-12-29,0.0,0.0,0.0
2019-12-31,11.6,4.0,0.0
2020-01-04,2.8,54.7,61.0
2020-01-05,124.7,10.3,5.3
2020-01-06,2.8,24.4,16.1
2020-01-07,2.6,41.0,35.6
2020-01-08,1.0,8.6,3.9
2020-01-09,3.5,5.2,1.2
2020-01-11,20.1,0.4,0.0
2020-01-12,0.8,25.7,35.3
2020-01-13,4.1,53.4,78.6
2020-01-14,3.1,6.5,2.3
2020-01-15,3.9,5.8,1.6
2020-01-16,0.0,0.0,0.0
2020-01-18,0.6,0.0,0.0
2020-01-19,0.3,0.0,0.0
2020-01-22,1.1,0.1,0.0
2020-02-01,5.0,0.3,0.0
2020-02-07,37.3,21.4,15.0
2020-02-08,20.3,0.0,0.0
2020-02-10,2.1,0.1,0.0
2020-02-12,6.0,17.7,15.3
2020-02-13,0.6,0.0,0.0
2020-02-14,0.0,0.0,0.0
2020-02-15,4.2,0.2,0.0
2020-02-16,2.6,23.8,23.0
2020-02-17,8.9,17.8,15.3
2020-02-18,2.5,66.2,128.4
2020-02-19,47.1,11.2,7.3
2020-02-20,13.8,0.0,0.0
2020-02-21,3.0,0.0,0.0
2020-02-23,131.9,10.9,8.1
2020-02-24,19.1,0.2,0.0
2020-02-26,42.3,13.2,11.2
2020-02-27,27.7,13.2,11.2
2020-02-28,10.2,13.6,11.7
2020-02-29,3.9,10.7,7.8
2020-03-01,0.6,93.2,174.9
2020-03-02,189.6,5.5,1.1
2020-03-04,5.5,0.0,0.0
2020-03-08,19.1,2.2,0.0
2020-03-09,0.0,28.5,32.7
2020-03-10,72.0,10.3,6.0
2020-03-11,1.8,0.0,0.0
2020-03-12,0.6,0.0,0.0
2020-03-13,3.8,5.6,3.9
2020-03-14,4.0,4.4,2.7
2020-03-15,10.4,29.4,29.5
2020-03-16,39.7,0.0,0.0
2020-03-21,2.2,9.9,6.8
2020-03-22,16.2,7.7,4.4
2020-03-23,1.2,3.0,0.0
2020-03-24,2.2,0.9,0.0
2020-03-26,77.2,3.8,1.0
2020-03-27,1.1,35.9,52.2
2020-03-28,19.9,24.3,26.6
2020-03-29,15.2,2.4,0.0
2020-03-30,1.8,0.7,0.0
2020-03-31,1.6,0.2,0.0
2020-04-02,3.8,15.8,12.6
2020-04-03,3.9,0.0,0.0
2020-04-05,28.4,24.9,33.0
2020-04-06,82.3,8.3,4.8
2020-04-07,48.8,25.7,33.6
2020-04-08,4.8,0.1,0.0
2020-04-09,12.2,0.4,0.0
2020-04-12,0.0,3.2,1.0
2020-04-13,0.5,16.7,17.1
2020-04-14,3.2,0.3,0.0
2020-04-15,0.3,0.0,0.0
2020-04-18,0.0,16.4,17.0
2020-04-19,50.0,0.0,0.0
2020-04-22,12.1,19.2,16.0
2020-04-23,20.5,0.5,0.0
2020-04-24,0.4,2.7,1.4
2020-04-25,3.7,1.2,0.0
2020-04-26,7.8,1.8,1.0
2020-04-28,0.6,35.9,39.1
2020-04-29,106.3,26.3,26.8
2020-04-30,8.7,6.8,4.9
2020-05-01,8.6,8.2,9.6
2020-05-02,2.2,1.1,0.0
2020-05-03,8.8,2.8,1.1
2020-05-07,0.8,0.0,0.0
2020-05-09,3.0,3.0,1.4
2020-05-11,2.3,4.1,1.2
2020-05-12,1.0,10.5,8.4
2020-05-13,25.9,0.9,0.0
2020-05-18,8.4,0.7,0.0
2020-05-20,5.9,2.8,0.0
2020-05-23,3.6,12.4,13.8
2020-05-24,14.1,1.2,0.0
2020-05-25,0.5,0.0,0.0
2020-05-28,0.8,24.4,46.7
2020-05-29,50.7,8.3,7.7
2020-05-30,3.4,0.0,0.0
2020-06-02,0.4,1.9,0.0
2020-06-03,0.2,14.4,12.7
2020-06-04,4.2,7.5,3.7
2020-06-05,0.2,0.3,0.0
2020-06-07,5.5,0.2,0.0
2020-06-09,4.2,19.2,25.5
2020-06-10,5.8,0.5,0.0
2020-06-11,0.0,0.3,0.0
2020-06-14,3.4,0.0,0.0
2020-06-17,1.8,4.6,1.5
2020-06-18,2.0,0.0,0.0
2020-06-22,1.7,26.0,36.0
2020-06-23,46.1,0.0,0.0
2020-06-26,2.9,2.0,0.0
2020-06-29,0.0,15.2,14.7
2020-06-30,3.0,1.1,0.0
2020-07-01,1.1,0.2,0.0
2020-07-06,15.5,8.3,5.6
2020-07-07,2.3,6.2,3.2
2020-07-08,2.2,4.5,1.3
2020-07-09,1.2,0.0,0.0
2020-07-10,0.8,0.0,0.0
2020-07-11,0.0,36.7,67.0
2020-07-12,20.2,2.9,1.0
2020-07-14,16.5,0.1,0.0
2020-07-17,0.2,6.2,3.6
2020-07-18,2.4,7.8,5.7
2020-07-19,7.0,0.2,0.0
2020-07-22,0.2,0.0,0.0
2020-07-24,0.0,2.2,0.0
2020-07-25,4.0,38.0,53.0
2020-07-26,22.4,19.6,18.1
2020-07-27,1.4,24.4,24.2
2020-07-28,18.7,8.7,3.8
2020-07-29,23.3,0.5,0.0
2020-07-30,0.0,0.0,0.0
2020-08-02,0.7,16.0,17.2
2020-08-03,8.1,0.7,0.0
2020-08-04,0.0,35.8,66.2
2020-08-05,8.1,11.3,9.7
2020-08-06,10.2,7.1,4.3
2020-08-07,2.4,2.7,0.0
2020-08-08,0.5,0.3,0.0
2020-08-09,0.0,2.8,1.0
2020-08-12,0.0,10.0,10.4
2020-08-13,4.6,8.1,7.5
2020-08-15,4.8,0.0,0.0
2020-08-17,0.0,0.1,0.0
2020-08-20,8.2,0.2,0.0
2020-08-22,0.0,17.4,13.6
2020-08-23,19.2,7.8,3.4
2020-08-24,0.4,12.1,7.9
2020-08-25,13.0,0.0,0.0
2020-08-27,2.5,0.0,0.0
2020-08-29,18.6,37.2,48.5
2020-08-30,8.8,3.2,0.0
2020-09-01,0.0,1.9,0.0
2020-09-02,0.0,18.2,11.9
2020-09-03,11.6,5.5,1.4
2020-09-04,1.0,0.3,0.0
2020-09-07,5.1,7.9,3.4
2020-09-09,0.0,11.6,6.3
2020-09-10,1.2,0.9,0.0
2020-09-11,0.0,1.1,0.0
2020-09-12,0.0,3.9,1.0
2020-09-14,2.8,18.6,18.4
2020-09-28,0.0,0.5,0.0
2020-10-01,1.0,0.7,0.0
2020-10-02,0.0,20.4,21.9
2020-10-03,4.6,25.1,28.7
2020-10-04,31.0,17.7,18.1
2020-10-05,7.0,0.0,0.0
2020-10-11,16.7,0.3,0.0
2020-10-12,0.3,1.3,0.0
2020-10-14,0.0,7.8,5.0
2020-10-15,1.4,5.6,2.4
2020-10-16,3.9,14.3,12.3
2020-10-17,1.6,3.2,1.0
2020-10-18,0.0,20.9,23.5
2020-10-19,1.1,5.5,2.2
2020-10-25,6.2,0.1,0.0
2020-10-26,0.0,0.0,0.0
2020-10-27,0.0,23.7,33.8
2020-10-28,6.7,0.1,0.0
2020-10-29,0.0,0.0,0.0
2020-10-30,6.5,0.2,0.0
2020-11-02,20.7,64.2,110.1
2020-11-03,118.4,19.6,20.3
2020-11-04,2.1,0.1,0.0
2020-11-06,0.2,27.0,27.1
2020-11-07,14.7,1.4,0.0
2020-11-08,9.4,2.7,0.0
2020-11-09,11.9,8.5,4.6
2020-11-10,0.6,0.4,0.0
2020-11-11,23.0,0.2,0.0
2020-11-12,0.0,25.0,18.4
2020-11-14,0.0,3.0,1.0
2020-11-15,0.3,2.4,0.0
2020-11-16,1.5,23.3,16.4
2020-11-17,41.7,18.2,12.0
2020-11-18,1.1,0.0,0.0
2020-11-20,0.0,0.6,0.0
2020-11-24,1.8,42.7,60.1
2020-11-25,7.5,43.1,60.8
2020-11-26,49.5,21.2,22.3
2020-11-27,8.1,4.6,1.0
2020-11-28,1.2,2.5,0.0
2020-11-29,23.7,38.7,53.5
2020-11-30,1.5,51.8,71.5
2020-12-01,4.8,23.2,21.1
2020-12-02,7.4,11.0,7.0
2020-12-03,0.4,0.7,0.0
2020-12-04,3.0,0.0,0.0
2020-12-07,0.5,6.9,2.8
2020-12-08,3.4,0.2,0.0
2020-12-15,54.2,0.8,0.0
2020-12-16,1.8,39.3,48.2
2020-12-17,21.4,47.9,60.7
2020-12-18,51.2,0.4,0.0
2020-12-19,0.0,13.7,9.4
2020-12-20,0.7,9.4,5.4
2020-12-21,1.6,61.2,100.5
2020-12-22,67.9,1.0,0.0
2020-12-23,4.2,0.4,0.0
2020-12-26,5.8,6.7,1.3
2020-12-27,0.0,11.4,6.0
2020-12-28,15.9,0.1,0.0
2020-12-29,3.0,0.1,0.0
2020-12-31,0.0,0.1,0.0
2021-01-03,1.9,1.0,0.0
2021-01-04,1.0,7.4,2.9
2021-01-05,5.9,25.4,16.9
2021-01-06,20.7,13.2,7.6
2021-01-07,4.5,0.0,0.0
2021-01-09,2.8,1.6,0.0
2021-01-12,0.0,0.0,0.0
2021-01-13,0.0,0.5,0.0
2021-01-17,11.6,8.8,4.9
2021-01-18,1.1,14.1,11.1
2021-01-19,12.8,13.9,10.9
2021-01-20,2.3,0.0,0.0
2021-01-21,0.0,0.0,0.0
2021-01-24,0.8,3.9,1.4
2021-01-25,3.7,4.8,2.4
2021-01-26,0.0,72.1,84.2
2021-01-27,6.3,11.0,10.0
2021-01-28,12.5,0.5,0.0
2021-01-30,0.4,15.1,15.3
2021-02-02,21.9,14.7,8.6
2021-02-03,19.7,1.9,0.0
2021-02-04,1.2,0.0,0.0
2021-02-06,0.4,28.0,20.6
2021-02-07,98.8,5.2,1.0
2021-02-09,131.6,3.1,0.0
2021-02-10,0.5,15.2,9.1
2021-02-11,0.6,16.0,13.0
2021-02-12,16.1,20.2,18.5
2021-02-13,3.3,3.5,1.0
2021-02-14,1.8,11.8,8.0
2021-02-15,2.7,58.8,112.0
2021-02-16,46.2,0.0,0.0
2021-02-18,4.9,1.8,0.0
2021-02-19,0.0,26.9,29.3
2021-02-20,2.1,6.5,2.5
2021-02-21,28.9,46.9,82.9
2021-02-22,25.3,15.6,14.9
2021-02-23,9.1,8.4,4.8
2021-02-24,12.2,4.0,1.0
2021-02-25,0.0,29.0,41.7
2021-02-26,16.7,30.8,43.4
2021-02-27,2.2,10.7,7.8
2021-02-28,4.6,0.1,0.0
2021-03-02,1.2,6.0,1.5
2021-03-03,44.5,0.7,0.0
2021-03-04,2.1,0.2,0.0
2021-03-05,0.2,8.0,3.4
2021-03-06,14.6,4.7,1.0
2021-03-07,25.1,4.3,1.0
2021-03-08,0.4,26.0,26.7
2021-03-09,28.9,0.3,0.0
2021-03-10,6.1,6.1,1.6
2021-03-11,1.5,0.3,0.0
2021-03-12,0.0,0.0,0.0
2021-03-13,0.0,0.3,0.0
2021-03-16,0.0,0.1,0.0
2021-03-19,14.0,20.5,19.7
2021-03-20,4.2,5.0,3.3
2021-03-21,9.7,0.5,0.0
2021-03-22,0.2,2.2,0.0
2021-03-24,3.0,5.8,2.3
2021-03-25,0.3,7.7,4.4
2021-03-26,1.0,7.6,4.2
2021-03-27,0.2,9.2,6.0
2021-03-28,1.0,5.9,2.5
2021-03-29,1.9,2.9,0.0
2021-03-30,0.2,5.3,1.9
2021-03-31,11.9,5.9,2.5
2021-04-01,0.1,0.0,0.0
2021-04-02,1.1,1.6,0.0
2021-04-03,2.2,25.9,33.6
2021-04-04,37.1,4.6,1.1
2021-04-05,30.9,0.4,0.0
2021-04-06,0.0,11.2,7.7
2021-04-07,47.6,4.9,1.4
2021-04-08,0.4,36.4,50.7
2021-04-09,3.9,36.7,51.2
2021-04-10,69.2,4.2,1.0
2021-04-11,16.3,1.0,0.0
2021-04-13,0.8,11.0,9.3
2021-04-14,49.9,0.3,0.0
2021-04-15,7.1,0.4,0.0
2021-04-18,7.2,6.6,4.0
2021-04-19,8.5,14.8,14.3
2021-04-20,76.3,6.4,3.8
2021-04-21,1.9,0.5,0.0
2021-04-23,16.0,0.8,0.0
2021-04-24,2.1,18.9,15.2
2021-04-25,50.5,0.0,0.0
2021-04-28,0.0,0.1,0.0
2021-04-29,0.0,7.0,5.1
2021-04-30,0.1,0.1,0.0
2021-05-01,0.0,0.0,0.0
2021-05-03,1.0,0.3,0.0
2021-05-04,0.0,0.0,0.0
2021-05-05,0.0,0.0,0.0
2021-05-07,0.0,0.0,0.0
2021-05-09,23.0,2.4,1.0
2021-05-10,11.0,10.6,13.9
2021-05-11,3.6,1.4,0.0
2021-05-12,4.0,3.5,1.0
2021-05-13,0.4,11.6,9.6
2021-05-14,20.3,0.1,0.0
2021-05-16,4.0,37.0,41.9
2021-05-17,14.4,19.3,21.7
2021-05-18,1.8,1.6,0.0
2021-05-19,0.0,0.4,0.0
2021-05-20,0.0,5.3,2.5
2021-05-22,0.5,15.0,24.1
2021-05-23,3.9,70.9,117.5
2021-05-24,65.5,1.3,0.0
2021-05-25,0.0,72.3,117.1
2021-05-26,118.3,11.0,11.8
2021-05-30,0.0,6.0,4.6
2021-05-31,10.1,9.5,9.4
2021-06-01,30.7,0.7,0.0
2021-06-03,17.1,44.7,64.1
2021-06-04,19.9,1.3,0.0
2021-06-05,4.6,7.4,3.6
2021-06-06,29.2,0.7,0.0
2021-06-07,0.0,0.6,0.0
2021-06-09,0.7,6.2,2.2
2021-06-10,10.5,24.4,33.4
2021-06-11,9.8,14.1,9.1
2021-06-12,11.5,2.4,0.0
2021-06-13,1.6,49.0,49.3
2021-06-14,23.2,17.7,11.7
2021-06-15,1.1,8.8,4.8
2021-06-18,10.4,0.1,0.0
2021-06-19,0.0,0.2,0.0
2021-06-21,0.2,2.6,0.0
2021-06-23,14.5,0.6,0.0
2021-06-26,0.4,15.6,15.5
2021-06-27,8.5,1.6,0.0
2021-06-28,0.2,1.0,0.0
2021-06-29,0.9,5.0,2.4
2021-07-01,0.2,0.3,0.0
2021-07-02,0.0,22.5,27.9
2021-07-03,10.0,1.2,0.0
2021-07-05,12.5,20.1,24.3
2021-07-06,18.2,0.1,0.0
2021-07-07,0.5,14.1,12.4
2021-07-09,0.9,1.8,0.0
2021-07-10,0.5,2.0,0.0
2021-07-11,0.5,4.4,1.4
2021-07-12,0.2,0.6,0.0
2021-07-13,0.0,10.1,9.0
2021-07-14,3.5,6.6,4.1
2021-07-15,36.3,2.3,0.0
2021-07-16,0.0,14.9,16.2
2021-07-17,1.4,1.8,0.0
2021-07-18,0.3,19.7,25.2
2021-07-19,4.1,4.4,1.4
2021-07-22,1.0,1.3,0.0
2021-07-24,1.9,13.6,9.6
2021-07-25,27.6,0.8,0.0
2021-07-26,0.0,0.0,0.0
2021-07-28,0.0,16.6,14.8
2021-07-29,6.0,2.3,0.0
2021-07-30,2.5,0.0,0.0
2021-07-31,0.0,0.0,0.0
2021-08-02,0.0,0.0,0.0
2021-08-04,25.9,11.2,9.3
2021-08-05,4.3,0.5,0.0
2021-08-07,3.7,36.8,69.2
2021-08-08,37.6,6.6,3.7
2021-08-09,1.6,8.1,5.9
2021-08-10,4.6,7.2,4.4
2021-08-11,6.1,0.0,0.0
2021-08-12,0.0,0.3,0.0
2021-08-13,0.0,0.0,0.0
2021-08-14,0.0,9.5,9.4
2021-08-15,6.7,22.3,39.6
2021-08-16,20.1,0.4,0.0
2021-08-17,0.0,8.2,7.0
2021-08-18,15.8,1.8,0.0
2021-08-21,0.0,7.0,2.7
2021-08-22,0.0,30.2,34.2
2021-08-23,115.2,7.7,3.3
2021-08-24,0.8,0.1,0.0
2021-08-26,39.0,0.6,0.0
2021-08-27,0.0,64.6,104.8
2021-08-28,22.5,11.0,6.7
2021-08-29,1.0,1.1,0.0
2021-08-30,3.5,0.0,0.0
2021-09-01,6.1,4.1,1.0
2021-09-02,0.8,0.1,0.0
2021-09-03,0.0,15.3,9.4
2021-09-04,4.7,0.0,0.0
2021-09-05,0.0,0.1,0.0
2021-09-06,0.0,9.8,5.0
2021-09-08,23.2,9.5,4.7
2021-09-09,7.1,10.8,5.7
2021-09-10,4.4,28.7,25.2
2021-09-11,18.1,15.2,13.8
2021-09-12,2.8,0.0,0.0
2021-09-13,0.0,0.0,0.0
2021-09-15,6.6,8.2,5.3
2021-09-17,45.8,32.1,42.4
2021-09-18,51.2,34.5,47.5
2021-09-19,14.9,14.0,12.7
2021-09-20,1.2,1.4,0.0
2021-09-21,0.0,2.9,0.0
2021-09-22,1.8,0.0,0.0
2021-09-23,0.0,4.8,2.2
2021-09-25,14.0,0.0,0.0
2021-09-28,0.0,2.1,0.0
2021-09-29,0.0,3.7,1.0
2021-10-01,0.2,42.8,48.7
2021-10-02,6.4,12.7,9.5
2021-10-03,2.3,5.5,2.7
2021-10-06,2.7,11.7,8.6
2021-10-07,3.1,0.0,0.0
2021-10-09,0.0,0.0,0.0
2021-10-12,0.0,0.0,0.0
2021-10-14,0.0,0.0,0.0
2021-10-17,15.0,3.4,1.0
2021-10-18,1.4,0.0,0.0
2021-10-19,0.0,0.2,0.0
2021-10-21,0.9,9.3,7.5
2021-10-22,7.7,9.1,7.3
2021-10-23,2.7,0.0,0.0
2021-10-24,0.3,8.3,6.3
2021-10-25,2.0,5.8,3.3
2021-10-26,0.0,0.6,0.0
2021-10-27,0.0,4.4,1.7
2021-10-28,0.0,9.1,7.1
2021-10-29,11.6,0.0,0.0
2021-10-30,0.0,0.0,0.0
2021-11-01,4.2,60.4,105.6
2021-11-02,35.1,3.1,0.0
2021-11-04,0.0,1.3,0.0
2021-11-05,5.2,1.2,0.0
2021-11-06,3.4,5.6,1.5
2021-11-07,0.4,0.0,0.0
2021-11-08,0.0,0.0,0.0
2021-11-09,0.0,3.1,0.0
2021-11-10,5.5,9.4,5.5
2021-11-11,17.7,0.9,0.0
2021-11-13,0.0,0.0,0.0
2021-11-14,0.0,0.0,0.0
2021-11-16,2.0,0.0,0.0
2021-11-17,0.0,2.5,0.0
2021-11-18,0.0,9.1,4.9
2021-11-20,0.0,0.0,0.0
2021-11-21,0.0,0.8,0.0
2021-11-23,2.5,7.0,2.6
2021-11-24,1.8,7.2,2.8
2021-11-25,8.4,0.6,0.0
2021-11-26,0.9,0.4,0.0
2021-11-27,0.0,13.2,9.1
2021-11-28,5.6,0.4,0.0
2021-11-30,2.0,11.1,6.8
2021-12-02,2.6,3.4,0.0
2021-12-03,0.0,34.2,39.9
2021-12-04,41.7,0.2,0.0
2021-12-05,0.0,27.9,28.8
2021-12-06,62.0,0.2,0.0
2021-12-07,1.0,29.0,30.9
2021-12-08,89.5,5.7,1.7
2021-12-09,9.6,20.5,17.4
2021-12-10,18.8,1.5,0.0
2021-12-11,1.1,24.3,26.3
2021-12-12,30.3,19.7,15.2
2021-12-13,8.0,0.2,0.0
2021-12-15,25.2,2.5,0.0
2021-12-16,0.1,8.4,4.5
2021-12-17,14.3,19.6,15.0
2021-12-18,6.5,18.7,14.6
2021-12-19,15.0,0.4,0.0
2021-12-21,38.6,48.6,71.6
2021-12-22,0.5,79.0,138.1
2021-12-23,99.2,7.0,1.6
2021-12-24,1.0,8.2,2.7
2021-12-25,4.8,2.2,0.0
2021-12-27,0.2,34.9,42.1
2021-12-28,12.1,7.8,2.3
2021-12-29,2.0,3.1,0.0
2021-12-30,0.0,0.3,0.0
2021-12-31,0.0,1.0,0.0
