date,gauge,imergl,lseqmdl
2001-01-01,0.0,8.0,3.8
2001-01-02,5.8,14.6,9.5
2001-01-03,14.3,8.7,4.4
2001-01-04,0.0,0.5,0.0
2001-01-05,3.6,0.9,0.0
2001-01-06,1.9,1.5,0.0
2001-01-07,0.0,0.9,0.0
2001-01-08,0.0,2.1,0.0
2001-01-09,49.0,12.5,7.6
2001-01-10,6.3,27.3,25.0
2001-01-11,40.6,1.0,0.0
2001-01-12,87.8,26.2,32.0
2001-01-13,5.4,20.5,17.4
2001-01-14,13.3,8.4,4.4
2001-01-15,66.0,13.5,9.8
2001-01-16,2.3,3.0,0.0
2001-01-17,0.0,0.7,0.0
2001-01-18,14.6,7.1,3.1
2001-01-19,64.5,7.8,3.8
2001-01-20,0.0,0.2,0.0
2001-01-21,7.3,9.2,7.5
2001-01-22,63.5,33.5,52.0
2001-01-23,5.7,5.0,2.5
2001-01-24,11.5,20.8,23.3
2001-01-25,0.0,14.7,14.5
2001-01-26,14.7,16.5,17.0
2001-01-27,27.3,28.9,43.9
2001-01-28,0.0,0.7,0.0
2001-01-29,56.5,74.8,127.3
2001-01-30,19.5,29.3,44.8
2001-01-31,0.0,7.8,5.7
2001-02-01,4.5,25.0,19.6
2001-02-02,4.1,5.7,1.0
2001-02-03,0.0,0.5,0.0
2001-02-04,67.0,47.1,55.5
2001-02-05,0.0,1.8,0.0
2001-02-06,0.0,25.8,19.9
2001-02-07,9.8,19.0,12.9
2001-02-08,15.3,44.0,52.4
2001-02-09,16.2,16.5,10.2
2001-02-10,27.5,80.6,84.2
2001-02-11,0.0,8.0,4.4
2001-02-12,6.5,29.6,25.1
2001-02-13,0.0,2.2,0.0
2001-02-14,10.4,0.7,0.0
2001-02-16,0.0,1.0,0.0
2001-02-18,1.3,5.8,2.5
2001-02-19,30.4,17.5,13.4
2001-02-20,0.0,4.5,1.4
2001-02-21,0.0,5.6,1.3
2001-02-22,8.3,23.5,18.3
2001-02-23,101.0,44.0,52.8
2001-02-24,10.7,0.3,0.0
2001-02-25,0.0,0.5,0.0
2001-02-26,7.4,0.4,0.0
2001-02-27,18.5,4.4,1.0
2001-02-28,0.0,1.8,0.0
2001-03-01,13.1,21.0,15.4
2001-03-02,40.5,4.1,1.0
2001-03-03,50.5,102.6,99.8
2001-03-04,13.0,32.8,28.3
2001-03-05,0.0,1.6,0.0
2001-03-06,6.4,25.3,19.6
2001-03-07,33.5,37.9,41.4
2001-03-08,48.4,42.4,46.7
2001-03-09,3.5,8.5,3.8
2001-03-10,72.3,38.1,42.1
2001-03-11,0.0,7.1,3.7
2001-03-12,91.5,40.5,56.4
2001-03-13,15.4,19.5,18.1
2001-03-14,43.0,13.9,11.5
2001-03-15,49.0,19.1,17.7
2001-03-16,2.4,18.4,16.9
2001-03-17,0.0,5.7,2.3
2001-03-20,7.5,26.3,26.3
2001-03-21,1.7,2.1,0.0
2001-03-22,8.5,15.7,11.1
2001-03-23,4.4,14.2,9.7
2001-03-24,1.9,7.6,3.9
2001-03-25,3.0,42.6,41.5
2001-03-26,25.4,14.5,10.1
2001-03-27,14.5,15.4,10.9
2001-03-28,21.7,15.8,11.2
2001-03-29,1.3,10.0,6.0
2001-03-30,17.6,5.7,2.3
2001-03-31,0.0,9.6,5.7
2001-04-01,0.0,0.5,0.0
2001-04-02,19.9,3.4,0.0
2001-04-03,0.0,0.4,0.0
2001-04-04,0.0,0.1,0.0
2001-04-05,7.6,8.7,2.7
2001-04-06,0.0,2.7,0.0
2001-04-07,36.4,43.2,45.9
2001-04-08,11.5,53.1,58.9
2001-04-09,0.0,2.8,0.0
2001-04-10,5.4,20.5,13.8
2001-04-11,11.0,24.5,20.1
2001-04-12,139.0,98.1,105.4
2001-04-13,0.0,3.9,1.0
2001-04-14,0.0,9.7,5.8
2001-04-15,35.5,37.1,37.8
2001-04-16,4.0,0.9,0.0
2001-04-17,2.8,5.7,2.3
2001-04-18,29.1,41.7,43.1
2001-04-19,42.2,25.9,21.5
2001-04-20,0.0,0.0,0.0
2001-04-21,33.8,16.9,10.3
2001-04-22,0.0,3.1,0.0
2001-04-23,0.0,6.4,2.0
2001-04-24,20.3,14.2,8.2
2001-04-25,14.5,28.8,26.5
2001-04-26,77.1,61.1,61.1
2001-04-27,0.0,10.8,5.4
2001-04-28,66.7,32.1,30.9
2001-04-29,0.0,3.8,1.0
2001-04-30,11.7,1.8,0.0
2001-05-01,0.0,13.5,7.9
2001-05-02,11.6,41.0,45.5
2001-05-03,0.0,8.4,3.5
2001-05-04,0.0,29.9,30.7
2001-05-05,34.9,4.7,1.0
2001-05-06,0.0,0.1,0.0
2001-05-07,0.0,2.0,0.0
2001-05-08,1.9,3.9,0.0
2001-05-09,0.8,12.2,6.8
2001-05-10,6.0,12.8,7.3
2001-05-11,103.5,68.0,83.1
2001-05-12,0.0,0.7,0.0
2001-05-13,0.0,3.3,1.0
2001-05-14,23.6,2.2,0.0
2001-05-15,6.1,32.2,34.6
2001-05-16,68.5,4.2,1.0
2001-05-17,11.4,1.4,0.0
2001-05-18,0.0,0.0,0.0
2001-05-19,0.0,0.6,0.0
2001-05-20,7.9,2.2,0.0
2001-05-22,0.0,5.4,1.9
2001-05-23,7.7,7.5,3.7
2001-05-24,15.5,23.0,18.6
2001-05-25,6.0,8.1,4.2
2001-05-26,3.0,4.6,1.2
2001-05-27,1.5,32.0,35.5
2001-05-28,47.0,34.4,39.3
2001-05-29,0.0,0.5,0.0
2001-05-30,14.1,22.7,18.8
2001-05-31,0.0,15.4,11.2
2001-06-01,10.0,3.2,1.0
2001-06-02,4.0,47.3,61.2
2001-06-03,29.0,8.4,5.2
2001-06-04,4.0,0.0,0.0
2001-06-05,1.0,4.6,1.5
2001-06-06,36.0,26.9,25.8
2001-06-07,21.0,0.9,0.0
2001-06-08,0.0,12.0,9.0
2001-06-09,1.0,3.3,1.0
2001-06-10,7.0,18.3,16.1
2001-06-11,22.0,19.3,15.0
2001-06-12,6.0,3.8,1.0
2001-06-13,6.0,12.7,8.4
2001-06-14,3.0,0.5,0.0
2001-06-15,0.0,1.6,0.0
2001-06-16,0.0,3.5,1.0
2001-06-17,0.0,0.0,0.0
2001-06-18,0.0,0.9,0.0
2001-06-19,7.0,21.9,17.7
2001-06-20,3.0,6.0,2.5
2001-06-21,2.0,0.0,0.0
2001-06-22,45.0,0.8,0.0
2001-06-23,82.0,0.2,0.0
2001-06-24,0.0,4.8,1.6
2001-06-25,1.0,3.7,1.0
2001-06-26,0.0,29.6,28.3
2001-06-27,11.0,2.0,0.0
2001-06-28,2.0,0.7,0.0
2001-06-29,0.0,0.0,0.0
2001-06-30,0.0,0.1,0.0
2001-07-01,0.0,3.1,0.0
2001-07-02,0.0,0.8,0.0
2001-07-03,0.0,0.0,0.0
2001-07-04,0.0,0.7,0.0
2001-07-05,0.0,0.0,0.0
2001-07-06,0.0,0.0,0.0
2001-07-07,0.0,0.0,0.0
2001-07-08,0.0,1.8,0.0
2001-07-09,0.0,0.2,0.0
2001-07-10,0.0,0.0,0.0
2001-07-11,0.0,0.2,0.0
2001-07-12,11.8,0.6,0.0
2001-07-13,0.0,0.8,0.0
2001-07-14,70.4,27.4,30.6
2001-07-15,0.0,0.0,0.0
2001-07-16,7.7,6.7,2.6
2001-07-17,22.0,9.3,4.9
2001-07-18,0.0,2.9,1.0
2001-07-19,7.9,17.7,13.4
2001-07-20,18.6,7.1,3.0
2001-07-21,54.4,18.1,13.2
2001-07-22,2.6,28.1,24.1
2001-07-23,4.5,8.8,3.4
2001-07-24,2.5,7.0,1.7
2001-07-25,4.4,5.5,1.0
2001-07-26,46.8,20.3,15.7
2001-07-27,0.0,5.6,1.0
2001-07-28,8.3,16.5,11.4
2001-07-29,15.0,11.2,5.8
2001-07-30,0.0,2.0,0.0
2001-07-31,0.0,2.2,0.0
2001-08-01,0.0,0.0,0.0
2001-08-02,3.4,18.4,14.9
2001-08-03,0.0,3.0,0.0
2001-08-04,3.9,32.8,31.8
2001-08-05,7.5,12.4,8.3
2001-08-06,3.0,24.3,23.4
2001-08-07,5.3,16.2,12.4
2001-08-08,15.7,35.1,36.4
2001-08-09,0.0,2.2,0.0
2001-08-10,9.7,31.0,27.3
2001-08-11,7.0,21.2,15.6
2001-08-12,3.4,35.5,33.8
2001-08-13,0.0,20.7,15.2
2001-08-14,1.5,14.7,9.9
2001-08-15,8.4,30.6,25.9
2001-08-16,1.0,3.3,1.0
2001-08-17,0.0,0.3,0.0
2001-08-18,0.0,0.0,0.0
2001-08-19,0.0,0.3,0.0
2001-08-20,0.0,0.0,0.0
2001-08-21,0.0,0.0,0.0
2001-08-22,0.0,0.0,0.0
2001-08-23,0.0,2.5,0.0
2001-08-24,0.0,0.0,0.0
2001-08-25,0.0,0.0,0.0
2001-08-26,0.0,0.0,0.0
2001-08-27,5.1,0.0,0.0
2001-08-28,10.0,2.8,0.0
2001-08-29,50.5,3.0,0.0
2001-08-30,0.0,0.1,0.0
2001-08-31,0.0,0.2,0.0
2001-09-01,0.0,0.0,0.0
2001-09-02,0.6,1.7,0.0
2001-09-03,1.0,17.4,12.3
2001-09-04,0.0,40.5,46.6
2001-09-06,101.4,20.9,16.3
2001-09-07,16.8,16.2,11.0
2001-09-08,2.0,3.6,0.0
2001-09-09,14.6,5.0,1.0
2001-09-10,3.2,0.3,0.0
2001-09-11,3.7,19.0,16.1
2001-09-12,0.5,10.2,6.2
2001-09-13,130.5,40.9,55.8
2001-09-14,1.3,6.0,2.3
2001-09-15,4.0,22.1,19.8
2001-09-16,6.8,15.3,11.7
2001-09-17,21.6,44.6,62.9
2001-09-18,0.3,1.4,0.0
2001-09-19,3.8,12.1,8.2
2001-09-20,21.6,12.4,8.5
2001-09-21,1.4,8.2,1.9
2001-09-22,3.2,36.1,39.7
2001-09-23,1.0,43.3,52.9
2001-09-24,6.2,25.2,19.0
2001-09-25,32.0,21.7,15.0
2001-09-26,0.8,9.2,2.7
2001-09-28,36.9,31.9,32.0
2001-09-29,10.6,14.5,7.5
2001-10-01,6.6,16.2,11.9
2001-10-02,2.6,5.9,1.9
2001-10-03,0.1,2.8,0.0
2001-10-04,0.0,10.6,6.3
2001-10-05,0.0,21.4,17.7
2001-10-06,74.3,44.6,51.7
2001-10-07,21.9,22.4,19.3
2001-10-08,0.1,7.2,3.1
2001-10-09,4.2,15.7,11.4
2001-10-10,3.7,29.0,30.4
2001-10-11,28.6,30.3,26.4
2001-10-12,1.5,18.2,13.0
2001-10-13,1.6,6.9,2.0
2001-10-15,0.0,1.6,0.0
2001-10-16,0.0,0.0,0.0
2001-10-17,0.0,3.7,0.0
2001-10-18,0.0,0.4,0.0
2001-10-19,0.0,7.4,2.4
2001-10-20,0.0,5.7,1.0
2001-10-21,0.0,0.4,0.0
2001-10-22,0.0,1.2,0.0
2001-10-23,0.4,13.9,9.2
2001-10-24,0.5,1.6,0.0
2001-10-25,0.0,7.1,3.3
2001-10-26,0.0,8.8,4.7
2001-10-27,57.0,31.1,33.3
2001-10-28,18.7,19.2,14.2
2001-10-29,3.9,19.7,14.6
2001-10-30,1.5,12.6,8.0
2001-10-31,26.7,45.5,48.0
2001-11-01,24.7,5.6,1.2
2001-11-02,67.1,0.1,0.0
2001-11-03,0.0,6.6,2.2
2001-11-04,2.9,20.5,18.3
2001-11-05,0.9,13.1,9.0
2001-11-06,3.9,16.2,12.6
2001-11-07,1.9,48.6,65.5
2001-11-08,14.3,8.9,4.4
2001-11-09,0.9,6.7,2.2
2001-11-10,0.0,3.0,0.0
2001-11-11,0.3,0.8,0.0
2001-11-12,38.9,69.9,83.5
2001-11-13,0.0,7.2,1.0
2001-11-14,4.5,14.5,6.6
2001-11-15,0.0,0.6,0.0
2001-11-16,9.9,14.2,6.3
2001-11-17,0.0,1.7,0.0
2001-11-18,0.0,10.1,2.8
2001-11-19,0.0,4.9,0.0
2001-11-20,0.0,0.2,0.0
2001-11-21,0.0,0.5,0.0
2001-11-22,0.0,4.1,1.0
2001-11-23,83.5,16.8,13.8
2001-11-25,0.0,0.1,0.0
2001-11-26,0.2,5.9,2.0
2001-11-27,25.4,9.1,5.2
2001-11-28,2.3,4.9,1.2
2001-11-29,55.1,23.5,27.0
2001-11-30,0.0,21.4,19.0
2001-12-01,3.5,14.8,8.5
2001-12-02,0.0,14.5,8.2
2001-12-03,0.0,7.9,2.7
2001-12-04,3.4,20.2,13.6
2001-12-05,17.5,10.8,5.0
2001-12-06,3.2,20.1,13.5
2001-12-07,14.0,2.2,0.0
2001-12-08,0.0,3.1,0.0
2001-12-09,0.0,0.4,0.0
2001-12-10,0.0,0.3,0.0
2001-12-11,0.0,2.0,0.0
2001-12-12,0.0,0.2,0.0
2001-12-13,1.3,31.4,30.6
2001-12-14,8.6,0.1,0.0
2001-12-15,2.3,6.6,2.5
2001-12-16,0.0,6.0,2.1
2001-12-17,0.0,9.7,5.1
2001-12-18,0.0,0.1,0.0
2001-12-19,0.0,0.0,0.0
2001-12-20,0.0,3.1,0.0
2001-12-21,0.0,0.5,0.0
2001-12-22,0.0,4.2,1.0
2001-12-23,0.0,2.4,0.0
2001-12-24,0.0,4.3,1.0
2001-12-25,0.0,6.4,2.0
2001-12-26,4.0,6.9,2.5
2001-12-27,0.0,12.9,9.4
2001-12-28,1.4,9.2,5.1
2001-12-29,0.0,1.6,0.0
2001-12-30,18.0,16.5,14.0
2001-12-31,67.2,28.8,36.2
2002-01-01,0.0,6.7,2.7
2002-01-02,0.0,7.9,3.7
2002-01-03,16.8,8.8,4.5
2002-01-04,0.0,0.6,0.0
2002-01-05,0.0,4.8,1.0
2002-01-06,106.7,111.7,64.4
2002-01-07,0.0,1.2,0.0
2002-01-08,53.7,16.2,10.8
2002-01-09,0.0,3.9,1.0
2002-01-10,3.6,3.2,0.0
2002-01-11,18.8,5.6,1.7
2002-01-12,0.0,5.0,1.2
2002-01-13,22.5,7.0,3.0
2002-01-14,4.0,5.0,1.2
2002-01-15,0.0,6.9,2.9
2002-01-16,35.9,1.8,0.0
2002-01-17,5.3,10.9,7.0
2002-01-18,0.0,0.7,0.0
2002-01-19,0.0,2.7,0.0
2002-01-20,8.0,2.4,0.0
2002-01-21,4.5,16.2,16.5
2002-01-22,46.0,50.2,81.9
2002-01-23,6.5,18.5,19.7
2002-01-24,9.5,0.7,0.0
2002-01-25,0.0,0.3,0.0
2002-01-26,0.0,1.0,0.0
2002-01-27,23.3,20.8,22.5
2002-01-28,43.4,25.1,37.8
2002-01-29,0.0,2.7,1.0
2002-01-30,109.0,70.1,118.3
2002-01-31,160.4,40.3,64.1
2002-02-01,0.0,2.0,0.0
2002-02-02,5.0,10.2,4.0
2002-02-03,0.0,13.1,6.8
2002-02-04,18.5,3.5,0.0
2002-02-05,4.0,28.4,31.5
2002-02-06,0.9,11.3,5.0
2002-02-07,17.1,9.4,3.3
2002-02-08,2.4,7.0,1.2
2002-02-09,13.0,22.5,16.6
2002-02-10,40.5,18.5,12.3
2002-02-11,0.0,0.2,0.0
2002-02-12,47.3,12.6,8.7
2002-02-13,20.5,4.1,1.1
2002-02-14,0.0,0.5,0.0
2002-02-15,13.5,14.1,10.1
2002-02-16,3.4,2.4,0.0
2002-02-17,3.0,4.0,1.1
2002-02-18,0.0,3.9,1.0
2002-02-19,51.0,23.6,19.4
2002-02-20,15.3,23.0,18.8
2002-02-21,0.0,3.0,0.0
2002-02-22,0.0,7.8,3.2
2002-02-23,0.0,3.5,0.0
2002-02-24,0.0,6.1,1.7
2002-02-25,0.0,4.4,1.0
2002-02-26,0.0,5.0,1.0
2002-02-27,0.0,0.0,0.0
2002-02-28,28.0,8.2,3.4
2002-03-01,5.5,20.7,15.1
2002-03-02,0.2,10.1,5.3
2002-03-03,0.0,0.1,0.0
2002-03-04,33.6,21.7,16.1
2002-03-05,17.9,57.4,62.1
2002-03-06,0.0,0.3,0.0
2002-03-07,0.8,8.8,4.1
2002-03-08,0.0,9.4,4.6
2002-03-09,0.0,3.9,0.0
2002-03-10,2.0,8.7,4.0
2002-03-11,0.0,0.1,0.0
2002-03-13,0.0,8.1,4.9
2002-03-14,28.9,29.7,35.9
2002-03-15,6.4,18.3,16.7
2002-03-16,77.0,71.2,91.3
2002-03-17,0.0,0.7,0.0
2002-03-18,28.2,11.1,8.2
2002-03-19,0.4,4.3,1.0
2002-03-20,33.0,13.4,10.9
2002-03-21,3.0,6.8,3.3
2002-03-23,4.4,42.3,41.1
2002-03-24,0.0,4.0,1.1
2002-03-25,25.5,5.0,1.8
2002-03-26,21.3,0.9,0.0
2002-03-27,0.0,36.4,33.8
2002-03-28,2.0,2.8,1.0
2002-03-29,34.0,30.9,28.8
2002-03-30,0.0,53.7,53.5
2002-03-31,0.0,0.4,0.0
2002-04-01,0.0,5.4,1.0
2002-04-02,0.0,7.2,1.5
2002-04-03,0.0,0.0,0.0
2002-04-04,0.0,1.1,0.0
2002-04-05,10.5,11.7,5.2
2002-04-06,0.0,2.0,0.0
2002-04-07,0.0,1.1,0.0
2002-04-08,14.1,16.0,9.3
2002-04-09,0.0,0.3,0.0
2002-04-10,2.0,1.2,0.0
2002-04-11,4.4,1.1,0.0
2002-04-12,0.0,4.0,1.0
2002-04-13,0.6,1.1,0.0
2002-04-14,1.3,2.9,1.0
2002-04-15,0.0,4.5,1.3
2002-04-16,0.0,0.5,0.0
2002-04-17,0.0,0.6,0.0
2002-04-18,0.0,5.2,1.9
2002-04-19,25.5,12.6,8.5
2002-04-20,0.0,4.9,1.6
2002-04-21,9.4,21.0,13.8
2002-04-22,0.0,3.5,1.0
2002-04-23,5.0,3.2,0.0
2002-04-24,2.7,14.1,8.0
2002-04-25,41.0,20.9,13.8
2002-04-26,10.5,19.4,12.5
2002-04-27,0.0,8.0,3.2
2002-04-28,0.0,11.2,5.6
2002-04-29,0.0,6.2,1.8
2002-04-30,26.3,25.4,18.2
2002-05-01,21.8,25.6,18.8
2002-05-02,0.0,3.0,0.0
2002-05-03,0.0,0.1,0.0
2002-05-04,0.0,1.0,0.0
2002-05-05,0.0,2.5,0.0
2002-05-06,2.4,7.5,2.8
2002-05-07,1.5,10.1,4.9
2002-05-08,17.2,23.7,17.1
2002-05-09,20.0,17.0,11.0
2002-05-10,0.1,4.5,1.0
2002-05-11,0.0,0.6,0.0
2002-05-12,0.0,0.3,0.0
2002-05-13,0.0,0.0,0.0
2002-05-14,0.0,0.0,0.0
2002-05-15,0.0,0.0,0.0
2002-05-16,0.0,0.0,0.0
2002-05-17,0.0,0.0,0.0
2002-05-18,0.0,0.0,0.0
2002-05-19,18.6,3.7,1.0
2002-05-20,0.0,0.0,0.0
2002-05-22,2.6,12.1,7.9
2002-05-23,0.0,0.4,0.0
2002-05-24,5.1,14.2,9.9
2002-05-26,0.0,0.1,0.0
2002-05-27,0.0,1.3,0.0
2002-05-28,0.0,9.4,5.3
2002-05-29,0.6,10.6,6.4
2002-05-30,23.9,74.1,87.4
2002-05-31,8.7,15.3,11.1
2002-06-01,0.0,9.9,6.8
2002-06-02,0.0,1.7,0.0
2002-06-03,42.2,6.9,3.7
2002-06-04,0.0,2.7,1.0
2002-06-05,15.7,16.7,14.2
2002-06-06,3.6,13.5,10.7
2002-06-07,0.5,6.4,3.2
2002-06-08,12.9,9.9,6.8
2002-06-09,0.0,0.4,0.0
2002-06-10,0.0,36.9,43.3
2002-06-11,23.4,19.0,14.7
2002-06-12,0.0,0.4,0.0
2002-06-13,29.5,17.6,13.3
2002-06-14,9.0,13.6,9.3
2002-06-15,45.3,39.0,43.0
2002-06-17,42.6,43.4,48.9
2002-06-18,5.0,51.2,60.5
2002-06-19,38.1,15.1,10.8
2002-06-20,20.0,42.6,49.0
2002-06-21,7.5,17.3,13.3
2002-06-22,0.0,5.6,2.2
2002-06-23,0.0,1.7,0.0
2002-06-24,15.6,77.2,107.1
2002-06-25,1.2,12.7,8.7
2002-06-26,3.2,24.7,20.8
2002-06-27,0.0,17.5,13.5
2002-06-29,0.0,6.6,3.0
2002-06-30,0.0,0.9,0.0
2002-07-01,0.0,0.3,0.0
2002-07-02,0.0,0.1,0.0
2002-07-03,0.0,0.0,0.0
2002-07-04,0.0,0.0,0.0
2002-07-05,0.0,0.2,0.0
2002-07-06,0.0,0.0,0.0
2002-07-07,0.0,0.0,0.0
2002-07-08,0.0,0.0,0.0
2002-07-09,0.0,0.0,0.0
2002-07-10,0.0,0.0,0.0
2002-07-11,0.0,0.1,0.0
2002-07-12,0.0,2.5,0.0
2002-07-13,0.0,1.0,0.0
2002-07-14,0.0,0.0,0.0
2002-07-15,0.0,0.0,0.0
2002-07-16,0.0,0.0,0.0
2002-07-17,0.0,0.0,0.0
2002-07-18,0.0,0.0,0.0
2002-07-19,10.9,13.0,8.5
2002-07-20,0.0,2.5,0.0
2002-07-22,24.2,19.5,14.8
2002-07-23,0.0,8.8,3.4
2002-07-24,0.0,4.8,0.0
2002-07-25,0.0,2.6,0.0
2002-07-26,5.5,17.0,12.0
2002-07-27,0.0,5.3,1.0
2002-07-28,0.0,2.0,0.0
2002-07-29,15.2,29.9,26.6
2002-07-30,0.0,2.3,0.0
2002-07-31,0.0,2.8,0.0
2002-08-01,28.4,3.9,0.0
2002-08-02,0.0,2.8,0.0
2002-08-03,0.0,0.0,0.0
2002-08-04,37.0,18.1,14.6
2002-08-05,1.7,8.3,4.0
2002-08-06,6.2,5.0,1.0
2002-08-07,40.5,48.7,62.0
2002-08-08,67.9,49.6,62.8
2002-08-09,12.1,32.6,31.0
2002-08-11,0.0,4.0,1.2
2002-08-12,0.0,0.5,0.0
2002-08-13,0.0,12.3,7.8
2002-08-14,0.0,2.8,1.0
2002-08-15,0.0,0.9,0.0
2002-08-16,0.0,0.2,0.0
2002-08-17,0.0,0.1,0.0
2002-08-18,0.0,0.0,0.0
2002-08-19,0.0,0.0,0.0
2002-08-20,0.0,2.5,1.0
2002-08-21,0.0,0.0,0.0
2002-08-22,0.0,0.0,0.0
2002-08-23,0.0,0.0,0.0
2002-08-24,0.0,0.5,0.0
2002-08-25,0.0,0.8,0.0
2002-08-26,0.0,0.1,0.0
2002-08-27,0.0,0.1,0.0
2002-08-28,0.0,0.0,0.0
2002-08-29,0.0,0.7,0.0
2002-08-30,2.0,6.6,2.9
2002-08-31,4.5,4.4,1.0
2002-09-01,0.0,0.4,0.0
2002-09-02,0.0,0.6,0.0
2002-09-03,0.0,0.8,0.0
2002-09-04,0.0,0.0,0.0
2002-09-05,4.5,20.4,15.7
2002-09-06,0.0,0.0,0.0
2002-09-08,4.5,0.1,0.0
2002-09-09,1.4,13.4,8.0
2002-09-10,42.9,44.4,53.6
2002-09-11,12.5,18.7,15.7
2002-09-12,0.0,1.5,0.0
2002-09-13,0.0,0.8,0.0
2002-09-14,0.0,0.0,0.0
2002-09-15,2.3,4.9,1.3
2002-09-16,0.0,0.0,0.0
2002-09-17,0.0,0.0,0.0
2002-09-18,0.0,0.0,0.0
2002-09-19,0.0,0.2,0.0
2002-09-20,12.1,6.5,2.6
2002-09-21,1.0,3.9,0.0
2002-09-23,0.7,0.0,0.0
2002-09-25,1.0,4.1,0.0
2002-09-26,0.0,0.5,0.0
2002-09-27,0.9,5.5,1.0
2002-09-28,0.0,0.4,0.0
2002-09-29,0.7,5.1,0.0
2002-10-01,0.0,2.3,0.0
2002-10-02,5.3,28.0,28.6
2002-10-03,0.0,0.0,0.0
2002-10-04,10.0,1.7,0.0
2002-10-05,0.0,2.7,0.0
2002-10-06,0.0,0.2,0.0
2002-10-07,0.0,0.1,0.0
2002-10-08,0.0,0.0,0.0
2002-10-09,0.0,0.0,0.0
2002-10-10,0.0,0.0,0.0
2002-10-11,0.0,0.0,0.0
2002-10-12,0.0,1.0,0.0
2002-10-13,0.0,8.4,3.4
2002-10-14,0.0,11.7,6.5
2002-10-15,0.0,5.0,1.0
2002-10-16,0.0,0.6,0.0
2002-10-17,0.0,0.1,0.0
2002-10-18,0.0,0.0,0.0
2002-10-19,0.0,0.0,0.0
2002-10-20,0.0,0.1,0.0
2002-10-21,0.0,0.3,0.0
2002-10-22,0.0,0.6,0.0
2002-10-23,6.2,8.0,4.0
2002-10-24,0.0,0.2,0.0
2002-10-25,0.0,26.8,26.7
2002-10-26,0.0,0.3,0.0
2002-10-27,0.0,1.1,0.0
2002-10-28,0.0,0.6,0.0
2002-10-29,1.7,12.7,8.2
2002-10-30,5.8,4.4,1.1
2002-10-31,6.7,5.2,1.7
2002-11-01,2.1,14.2,10.2
2002-11-03,0.0,1.5,0.0
2002-11-04,4.5,8.6,4.1
2002-11-05,0.0,7.7,3.2
2002-11-06,0.0,0.0,0.0
2002-11-07,2.5,7.8,3.3
2002-11-08,0.0,0.2,0.0
2002-11-09,0.0,0.0,0.0
2002-11-10,2.3,18.9,15.7
2002-11-11,36.0,27.6,19.9
2002-11-12,0.3,3.4,0.0
2002-11-13,10.0,12.9,5.1
2002-11-14,27.8,38.9,44.3
2002-11-15,0.0,0.6,0.0
2002-11-16,4.1,9.0,2.0
2002-11-17,2.0,20.4,12.3
2002-11-18,0.0,0.4,0.0
2002-11-19,0.0,4.4,0.0
2002-11-20,0.0,1.0,0.0
2002-11-21,0.0,2.1,0.0
2002-11-22,20.5,17.0,14.0
2002-11-23,56.0,50.1,73.7
2002-11-24,0.0,9.0,5.1
2002-11-25,0.0,7.2,3.3
2002-11-26,0.0,16.0,12.8
2002-11-27,30.0,27.3,33.7
2002-11-28,0.0,0.2,0.0
2002-11-29,0.0,0.5,0.0
2002-11-30,0.0,0.1,0.0
2002-12-01,0.0,3.3,0.0
2002-12-03,4.7,6.4,1.6
2002-12-04,11.1,6.0,1.3
2002-12-05,2.4,9.5,3.9
2002-12-06,0.1,14.1,7.9
2002-12-07,1.6,5.4,1.0
2002-12-08,15.2,11.2,5.3
2002-12-09,2.5,36.6,33.8
2002-12-10,25.2,4.5,1.0
2002-12-11,44.1,23.4,18.3
2002-12-12,29.0,21.4,15.8
2002-12-13,0.5,8.9,4.4
2002-12-14,0.0,13.1,8.0
2002-12-15,30.7,40.2,42.0
2002-12-16,0.0,0.7,0.0
2002-12-17,3.5,4.3,1.0
2002-12-18,0.0,0.4,0.0
2002-12-19,0.0,0.0,0.0
2002-12-20,0.0,0.0,0.0
2002-12-21,0.0,4.1,1.0
2002-12-22,7.2,6.1,1.7
2002-12-23,20.3,35.7,47.5
2002-12-24,9.1,0.1,0.0
2002-12-25,2.7,10.8,6.9
2002-12-26,0.0,4.0,0.0
2002-12-27,2.5,17.1,14.8
2002-12-28,64.7,105.1,175.5
2002-12-29,0.0,14.7,11.7
2002-12-30,0.0,5.8,1.4
2002-12-31,0.0,7.5,3.1
2003-01-01,43.7,38.8,38.4
2003-01-02,8.4,9.7,5.2
2003-01-03,1.0,4.8,1.0
2003-01-04,0.0,8.4,4.2
2003-01-05,3.7,3.0,0.0
2003-01-06,0.0,0.1,0.0
2003-01-07,0.0,0.2,0.0
2003-01-08,17.0,3.3,0.0
2003-01-09,0.0,1.0,0.0
2003-01-10,0.0,9.6,5.2
2003-01-11,17.5,31.9,43.8
2003-01-12,12.9,13.8,10.1
2003-01-13,13.0,1.4,0.0
2003-01-14,16.0,26.6,32.8
2003-01-15,8.6,1.2,0.0
2003-01-16,0.0,1.3,0.0
2003-01-17,0.0,0.3,0.0
2003-01-18,0.0,1.7,0.0
2003-01-19,20.0,26.5,32.2
2003-01-20,3.0,17.5,14.3
2003-01-21,2.0,20.4,22.9
2003-01-22,0.0,17.2,17.8
2003-01-23,0.0,21.0,30.5
2003-01-24,1.0,14.7,14.6
2003-01-25,0.0,0.0,0.0
2003-01-26,0.0,5.2,2.7
2003-01-27,11.4,13.8,13.3
2003-01-28,0.0,0.4,0.0
2003-01-29,10.5,10.4,8.9
2003-01-30,16.0,125.6,136.2
2003-01-31,1.4,6.1,3.7
2003-02-01,0.0,14.7,8.4
2003-02-02,7.0,9.9,3.7
2003-02-03,0.0,1.5,0.0
2003-02-04,1.4,29.9,33.9
2003-02-05,23.6,35.6,41.5
2003-02-06,8.5,17.8,11.5
2003-02-07,26.5,26.6,21.9
2003-02-08,33.5,33.2,38.8
2003-02-09,56.4,33.3,38.6
2003-02-10,0.0,5.7,1.0
2003-02-11,49.9,39.5,43.8
2003-02-12,38.3,50.3,58.3
2003-02-13,0.0,0.2,0.0
2003-02-14,22.3,8.1,4.5
2003-02-15,0.0,26.1,22.0
2003-02-17,122.4,179.9,112.9
2003-02-18,33.0,18.8,14.6
2003-02-19,2.0,7.5,3.9
2003-02-20,4.8,26.6,22.5
2003-02-21,0.0,7.9,3.2
2003-02-22,0.0,0.4,0.0
2003-02-23,0.0,2.8,0.0
2003-02-25,15.4,9.4,4.6
2003-02-26,2.6,15.0,9.8
2003-02-27,41.4,8.1,3.4
2003-02-28,28.6,3.0,0.0
2003-03-01,19.6,19.5,14.1
2003-03-02,0.0,4.0,1.0
2003-03-03,53.0,22.9,17.3
2003-03-04,0.0,5.1,1.0
2003-03-05,14.0,3.6,0.0
2003-03-06,6.8,9.2,4.4
2003-03-07,12.6,17.9,12.5
2003-03-08,40.0,30.1,24.3
2003-03-09,35.1,18.8,13.3
2003-03-10,1.0,6.9,2.4
2003-03-11,2.0,0.3,0.0
2003-03-12,1.4,5.1,1.7
2003-03-13,0.0,0.7,0.0
2003-03-14,42.1,29.6,35.5
2003-03-15,20.3,3.8,1.0
2003-03-16,44.0,32.3,40.7
2003-03-17,2.4,15.2,12.9
2003-03-18,0.0,8.6,5.4
2003-03-19,1.0,10.1,7.1
2003-03-20,0.0,2.1,0.0
2003-03-21,197.0,87.8,102.7
2003-03-22,0.0,6.4,2.9
2003-03-23,8.6,13.7,9.4
2003-03-24,3.4,24.4,19.4
2003-03-25,50.7,23.1,18.1
2003-03-26,1.8,12.2,8.0
2003-03-27,0.0,9.6,5.7
2003-03-28,43.5,68.6,75.3
2003-03-29,0.0,16.3,11.7
2003-03-30,0.0,3.3,1.0
2003-03-31,1.7,20.1,15.3
2003-04-01,47.0,38.2,41.7
2003-04-02,0.0,22.7,16.1
2003-04-03,0.0,12.0,5.5
2003-04-04,26.5,6.7,1.1
2003-04-05,0.0,34.4,35.4
2003-04-06,0.0,2.8,0.0
2003-04-07,0.0,17.3,10.5
2003-04-08,0.0,7.7,1.9
2003-04-09,23.4,12.9,6.3
2003-04-10,0.0,0.7,0.0
2003-04-11,22.0,12.8,8.7
2003-04-12,0.0,13.4,9.2
2003-04-13,0.0,8.3,4.5
2003-04-14,0.0,28.9,24.6
2003-04-15,5.4,2.5,0.0
2003-04-16,1.4,23.0,18.6
2003-04-17,0.0,2.8,1.0
2003-04-18,3.8,18.7,14.3
2003-04-19,1.3,24.8,20.4
2003-04-20,0.0,0.1,0.0
2003-04-21,0.0,0.0,0.0
2003-04-22,54.5,94.7,80.8
2003-04-23,23.1,39.1,40.0
2003-04-24,0.0,0.5,0.0
2003-04-25,0.0,5.9,1.6
2003-04-26,0.0,17.0,10.5
2003-04-27,2.3,1.2,0.0
2003-04-28,0.0,25.1,17.9
2003-04-29,0.0,7.9,3.1
2003-04-30,0.0,4.5,1.0
2003-05-01,44.0,38.5,42.1
2003-05-02,4.1,10.7,5.5
2003-05-03,1.2,2.6,0.0
2003-05-04,24.4,36.5,39.6
2003-05-05,0.0,4.7,1.0
2003-05-06,0.5,10.8,5.6
2003-05-07,0.0,0.9,0.0
2003-05-08,0.0,2.2,0.0
2003-05-09,65.5,27.1,19.8
2003-05-10,0.0,1.3,0.0
2003-05-11,0.0,0.3,0.0
2003-05-12,3.6,14.7,11.3
2003-05-13,0.0,0.5,0.0
2003-05-14,0.0,10.2,6.6
2003-05-15,4.7,4.2,1.0
2003-05-16,1.0,10.9,7.3
2003-05-17,0.0,22.0,18.9
2003-05-18,0.0,0.5,0.0
2003-05-19,0.0,1.0,0.0
2003-05-20,0.0,1.8,0.0
2003-05-21,1.4,3.7,1.0
2003-05-22,0.0,0.0,0.0
2003-05-23,0.0,0.1,0.0
2003-05-24,0.0,0.0,0.0
2003-05-25,1.4,1.9,0.0
2003-05-26,3.0,1.1,0.0
2003-05-27,0.0,0.0,0.0
2003-05-28,0.0,0.0,0.0
2003-05-29,0.0,0.0,0.0
2003-05-30,0.0,0.0,0.0
2003-05-31,0.0,0.0,0.0
2003-06-01,0.0,1.8,0.0
2003-06-03,0.0,1.6,0.0
2003-06-04,0.0,0.0,0.0
2003-06-05,0.0,12.3,9.3
2003-06-06,0.0,1.3,0.0
2003-06-07,64.1,0.2,0.0
2003-06-08,3.1,16.6,14.1
2003-06-09,0.0,0.0,0.0
2003-06-10,0.0,0.1,0.0
2003-06-11,0.0,0.0,0.0
2003-06-12,0.0,0.2,0.0
2003-06-13,0.0,6.9,3.2
2003-06-14,0.0,3.9,1.0
2003-06-15,0.1,0.3,0.0
2003-06-17,20.0,17.2,12.9
2003-06-18,6.5,10.2,6.1
2003-06-19,3.7,0.5,0.0
2003-06-20,0.0,4.6,1.4
2003-06-21,7.5,11.1,7.1
2003-06-22,2.0,0.1,0.0
2003-06-23,14.9,4.0,1.0
2003-06-24,5.3,2.3,0.0
2003-06-25,0.0,0.0,0.0
2003-06-26,0.0,0.2,0.0
2003-06-27,1.0,6.8,3.2
2003-06-28,23.4,0.2,0.0
2003-06-29,0.0,7.8,4.1
2003-06-30,0.0,0.0,0.0
2003-07-01,83.2,21.3,17.9
2003-07-02,26.3,9.0,4.7
2003-07-03,0.0,0.2,0.0
2003-07-04,2.3,9.6,5.3
2003-07-05,13.2,37.1,40.9
2003-07-06,0.0,4.9,1.1
2003-07-08,4.5,10.9,6.5
2003-07-09,0.0,6.5,2.4
2003-07-10,8.2,30.5,29.7
2003-07-11,3.0,12.1,7.6
2003-07-12,0.0,2.8,0.0
2003-07-13,4.4,7.8,3.6
2003-07-14,0.6,12.9,8.4
2003-07-15,6.2,1.8,0.0
2003-07-16,13.2,50.2,65.4
2003-07-17,0.0,0.8,0.0
2003-07-18,0.0,18.0,13.7
2003-07-19,5.0,24.4,20.6
2003-07-20,4.0,23.2,19.5
2003-07-21,1.5,8.5,3.1
2003-07-22,20.5,18.1,13.2
2003-07-23,31.9,2.5,0.0
2003-07-24,1.6,8.3,3.0
2003-07-25,2.3,26.0,24.0
2003-07-26,1.4,3.5,0.0
2003-07-27,0.4,12.4,7.0
2003-07-28,16.9,15.4,10.3
2003-07-29,2.0,22.9,20.8
2003-07-30,2.5,14.2,8.9
2003-07-31,9.9,57.8,78.9
2003-08-01,0.0,0.5,0.0
2003-08-02,4.0,4.8,1.0
2003-08-03,46.5,13.4,9.4
2003-08-04,78.1,43.7,54.2
2003-08-05,0.0,10.2,5.9
2003-08-06,0.0,0.1,0.0
2003-08-07,7.0,8.3,4.0
2003-08-08,7.0,19.6,16.2
2003-08-09,0.0,0.0,0.0
2003-08-10,86.0,20.6,17.4
2003-08-11,0.0,2.6,1.0
2003-08-12,18.5,11.7,7.4
2003-08-13,1.6,9.4,5.5
2003-08-14,0.0,6.2,2.9
2003-08-15,9.7,2.6,1.0
2003-08-16,0.0,0.0,0.0
2003-08-17,0.0,3.4,1.0
2003-08-18,11.3,10.7,6.5
2003-08-19,36.0,5.5,2.3
2003-08-20,8.5,5.4,2.3
2003-08-21,7.5,1.9,0.0
2003-08-22,10.0,20.9,18.9
2003-08-23,0.0,0.2,0.0
2003-08-24,1.0,13.4,10.1
2003-08-25,2.7,13.0,9.7
2003-08-26,0.0,4.9,1.4
2003-08-27,0.0,0.3,0.0
2003-08-28,40.5,8.2,4.5
2003-08-29,8.0,10.7,7.2
2003-08-30,49.5,9.5,5.9
2003-08-31,22.5,2.1,0.0
2003-09-01,1.0,8.1,2.7
2003-09-02,6.1,9.6,4.2
2003-09-03,1.0,11.4,6.0
2003-09-04,6.0,0.8,0.0
2003-09-05,20.2,11.9,6.5
2003-09-06,2.0,1.4,0.0
2003-09-07,29.0,16.8,11.7
2003-09-08,0.0,2.8,0.0
2003-09-09,48.1,12.8,7.4
2003-09-10,99.5,26.4,22.8
2003-09-11,8.6,6.3,2.5
2003-09-12,15.0,16.3,12.9
2003-09-13,1.5,6.4,2.6
2003-09-14,0.9,1.6,0.0
2003-09-15,6.0,10.8,6.8
2003-09-16,5.0,8.6,4.6
2003-09-17,7.1,21.2,18.8
2003-09-18,9.2,33.0,37.7
2003-09-19,8.6,9.2,5.2
2003-09-20,5.5,5.3,1.6
2003-09-21,0.0,2.1,0.0
2003-09-22,0.0,2.4,0.0
2003-09-23,8.0,12.5,5.6
2003-09-24,0.0,2.7,0.0
2003-09-25,0.0,6.3,1.0
2003-09-26,5.0,25.7,19.5
2003-09-27,5.3,15.0,8.0
2003-09-28,1.6,15.7,8.7
2003-09-29,96.5,11.0,4.2
2003-09-30,34.5,9.7,3.1
2003-10-01,0.0,1.4,0.0
2003-10-02,0.0,5.5,1.6
2003-10-03,1.0,7.0,2.9
2003-10-04,16.5,37.8,42.2
2003-10-05,21.5,12.2,7.9
2003-10-06,8.0,6.8,2.8
2003-10-07,14.0,3.2,0.0
2003-10-08,0.0,7.4,3.3
2003-10-09,60.0,27.2,29.1
2003-10-10,0.0,3.5,0.0
2003-10-11,4.9,29.5,26.3
2003-10-12,0.0,2.0,0.0
2003-10-13,23.5,15.3,10.0
2003-10-14,1.5,2.0,0.0
2003-10-15,21.5,39.5,40.2
2003-10-16,4.0,23.5,18.5
2003-10-17,4.0,20.3,15.0
2003-10-18,0.0,0.7,0.0
2003-10-19,0.0,2.2,0.0
2003-10-20,17.5,0.5,0.0
2003-10-21,0.0,6.7,2.9
2003-10-22,15.9,19.8,14.7
2003-10-23,0.0,0.2,0.0
2003-10-24,0.0,0.0,0.0
2003-10-25,0.0,0.8,0.0
2003-10-26,0.0,0.6,0.0
2003-10-27,27.1,15.5,10.7
2003-10-28,0.0,0.3,0.0
2003-10-29,0.0,3.1,1.0
2003-10-30,0.0,0.4,0.0
2003-10-31,16.2,80.4,67.1
2003-11-01,0.0,13.3,9.1
2003-11-02,0.0,1.6,0.0
2003-11-03,8.0,6.3,1.9
2003-11-04,9.0,9.0,4.5
2003-11-05,29.0,4.0,0.0
2003-11-06,0.0,6.4,2.0
2003-11-07,0.0,14.9,11.0
2003-11-08,0.0,0.9,0.0
2003-11-09,0.0,0.2,0.0
2003-11-10,0.0,0.0,0.0
2003-11-11,0.0,0.0,0.0
2003-11-12,0.0,0.0,0.0
2003-11-13,2.0,0.2,0.0
2003-11-14,63.0,38.9,44.2
2003-11-15,0.0,0.3,0.0
2003-11-16,2.0,1.2,0.0
2003-11-17,10.0,15.3,7.3
2003-11-18,0.0,14.9,7.0
2003-11-19,0.0,0.5,0.0
2003-11-20,5.0,2.2,0.0
2003-11-21,3.0,6.9,2.9
2003-11-22,0.0,5.6,1.8
2003-11-23,0.0,3.9,1.0
2003-11-24,0.0,0.0,0.0
2003-11-25,0.0,0.0,0.0
2003-11-26,0.0,3.3,1.0
2003-11-27,47.0,3.9,1.0
2003-11-28,6.0,20.4,19.4
2003-11-29,0.0,1.0,0.0
2003-11-30,0.0,0.2,0.0
2003-12-01,12.0,38.2,36.0
2003-12-02,38.0,34.5,30.8
2003-12-03,5.0,12.2,6.3
2003-12-04,0.0,1.3,0.0
2003-12-05,29.0,21.8,15.2
2003-12-06,27.0,46.5,49.9
2003-12-07,4.0,28.0,21.5
2003-12-08,0.0,1.0,0.0
2003-12-09,0.0,5.4,1.0
2003-12-10,0.0,4.2,1.0
2003-12-11,1.0,2.0,0.0
2003-12-12,0.0,1.5,0.0
2003-12-13,13.0,27.6,26.4
2003-12-14,0.0,3.2,1.0
2003-12-15,77.0,7.6,3.4
2003-12-16,9.0,11.9,7.0
2003-12-17,13.0,34.6,35.3
2003-12-18,32.0,6.6,2.5
2003-12-19,0.0,11.9,7.0
2003-12-20,0.0,2.3,0.0
2003-12-21,0.0,1.3,0.0
2003-12-22,12.0,7.4,3.0
2003-12-23,19.0,20.6,19.3
2003-12-24,0.0,2.4,0.0
2003-12-25,1.0,33.0,43.4
2003-12-26,5.0,42.9,58.4
2003-12-27,73.0,17.5,15.3
2003-12-28,0.0,5.3,1.0
2003-12-29,0.0,0.2,0.0
2003-12-30,5.0,6.0,1.6
2003-12-31,0.0,0.1,0.0
2004-01-01,2.0,0.1,0.0
2004-01-02,0.0,8.4,4.2
2004-01-03,0.0,7.0,2.9
2004-01-04,0.0,5.4,1.5
2004-01-05,9.0,13.8,8.8
2004-01-06,0.0,0.5,0.0
2004-01-07,48.0,9.6,5.2
2004-01-08,0.0,0.6,0.0
2004-01-09,0.0,0.1,0.0
2004-01-10,0.0,0.1,0.0
2004-01-11,38.0,37.1,53.5
2004-01-12,6.0,0.8,0.0
2004-01-13,0.0,1.9,0.0
2004-01-14,138.0,78.2,93.4
2004-01-15,0.0,6.9,2.9
2004-01-16,64.0,16.9,13.5
2004-01-17,0.0,3.8,1.0
2004-01-18,0.0,7.1,3.1
2004-01-19,2.0,19.1,16.0
2004-01-20,2.0,11.7,7.8
2004-01-21,2.0,12.4,11.6
2004-01-22,0.0,0.6,0.0
2004-01-23,0.0,1.4,0.0
2004-01-24,13.0,12.1,11.1
2004-01-25,0.0,1.2,0.0
2004-01-26,10.0,18.1,19.2
2004-01-27,11.0,11.4,10.3
2004-01-28,0.0,2.7,1.0
2004-01-29,5.0,20.2,22.1
2004-01-30,45.0,37.4,59.8
2004-01-31,6.0,7.1,4.9
2004-02-01,52.5,3.0,0.0
2004-02-02,53.5,29.6,34.0
2004-02-03,6.0,2.1,0.0
2004-02-04,8.5,9.0,2.9
2004-02-05,5.0,18.8,12.7
2004-02-06,0.0,1.2,0.0
2004-02-07,15.2,14.4,8.1
2004-02-08,0.0,39.1,46.6
2004-02-09,0.0,6.2,1.0
2004-02-10,0.0,1.1,0.0
2004-02-11,0.0,0.0,0.0
2004-02-12,0.0,0.0,0.0
2004-02-13,0.0,2.5,0.0
2004-02-14,2.5,1.7,0.0
2004-02-15,0.0,0.2,0.0
2004-02-16,20.2,10.6,6.8
2004-02-17,35.5,31.5,27.3
2004-02-18,0.0,3.3,1.0
2004-02-19,70.5,22.1,17.9
2004-02-20,0.0,0.3,0.0
2004-02-21,0.0,0.8,0.0
2004-02-22,52.3,1.5,0.0
2004-02-23,7.0,13.4,8.3
2004-02-24,3.1,5.8,1.5
2004-02-25,17.4,28.9,23.6
2004-02-26,53.6,9.8,4.9
2004-02-27,0.0,3.7,0.0
2004-02-28,0.0,6.3,1.8
2004-02-29,1.0,8.8,4.0
2004-03-01,10.8,45.4,48.6
2004-03-02,0.0,11.1,6.1
2004-03-03,29.2,32.9,28.1
2004-03-04,0.0,4.9,1.0
2004-03-05,20.5,45.4,49.0
2004-03-06,19.5,9.7,4.9
2004-03-07,57.5,42.3,46.0
2004-03-08,21.0,14.5,9.3
2004-03-09,0.0,8.6,3.9
2004-03-10,66.5,247.3,128.2
2004-03-11,0.0,9.6,6.5
2004-03-12,0.0,4.2,1.0
2004-03-13,33.4,34.1,46.1
2004-03-14,16.5,16.1,14.0
2004-03-15,0.0,2.1,0.0
2004-03-16,0.0,0.1,0.0
2004-03-17,0.0,1.1,0.0
2004-03-18,4.2,3.0,0.0
2004-03-19,0.0,0.7,0.0
2004-03-20,21.6,3.1,0.0
2004-03-21,1.6,0.0,0.0
2004-03-22,20.4,1.1,0.0
2004-03-23,108.5,76.3,84.7
2004-03-24,0.0,0.2,0.0
2004-03-25,4.5,2.3,0.0
2004-03-26,0.0,3.8,1.0
2004-03-27,6.0,33.8,30.9
2004-03-28,2.2,6.3,2.8
2004-03-29,0.0,0.0,0.0
2004-03-30,151.0,50.7,50.6
2004-03-31,0.0,7.7,4.0
2004-04-01,0.0,4.9,1.0
2004-04-02,3.0,15.4,8.6
2004-04-03,23.5,14.7,8.0
2004-04-04,28.8,0.1,0.0
2004-04-05,0.0,0.0,0.0
2004-04-06,0.0,0.0,0.0
2004-04-07,0.0,1.7,0.0
2004-04-08,0.0,0.4,0.0
2004-04-09,4.3,0.0,0.0
2004-04-10,0.0,6.5,1.0
2004-04-11,70.6,11.6,7.5
2004-04-12,14.5,14.8,10.6
2004-04-13,0.0,14.4,10.2
2004-04-14,0.0,0.4,0.0
2004-04-15,74.4,8.6,4.8
2004-04-16,0.0,3.7,1.0
2004-04-17,75.4,37.6,37.9
2004-04-18,0.0,0.1,0.0
2004-04-19,0.0,7.1,3.5
2004-04-20,46.6,33.2,32.2
2004-04-21,0.0,0.1,0.0
2004-04-22,46.4,17.4,10.8
2004-04-23,1.6,11.7,6.1
2004-04-24,2.3,6.4,2.0
2004-04-25,0.0,0.3,0.0
2004-04-26,2.2,11.6,6.0
2004-04-27,7.1,26.3,23.4
2004-04-28,14.0,52.3,53.3
2004-04-29,0.0,1.4,0.0
2004-04-30,114.3,1.6,0.0
2004-05-01,114.9,130.7,70.1
2004-05-02,4.5,60.2,58.7
2004-05-03,0.0,2.6,0.0
2004-05-04,1.2,26.8,19.9
2004-05-05,5.0,56.8,57.3
2004-05-06,0.0,6.7,2.1
2004-05-07,0.0,13.0,7.5
2004-05-08,0.0,1.0,0.0
2004-05-09,0.0,14.8,9.1
2004-05-10,0.0,2.9,0.0
2004-05-11,0.0,3.3,1.0
2004-05-12,0.0,2.4,0.0
2004-05-13,0.0,12.8,9.3
2004-05-14,0.0,0.0,0.0
2004-05-15,0.0,0.0,0.0
2004-05-16,2.4,0.0,0.0
2004-05-17,36.5,12.0,8.5
2004-05-18,0.0,0.0,0.0
2004-05-19,2.4,15.0,11.6
2004-05-20,0.0,0.0,0.0
2004-05-21,1.8,2.1,0.0
2004-05-22,8.4,10.9,6.8
2004-05-23,0.0,7.4,3.5
2004-05-24,2.0,14.0,9.8
2004-05-26,23.9,22.9,19.0
2004-05-27,0.0,2.4,0.0
2004-05-28,0.0,0.3,0.0
2004-05-29,11.0,29.2,31.9
2004-05-30,0.0,4.6,1.3
2004-05-31,9.0,23.3,19.0
2004-06-01,7.1,10.6,7.5
2004-06-02,25.0,52.4,68.2
2004-06-03,0.4,2.4,0.0
2004-06-04,15.0,8.8,5.6
2004-06-05,0.0,0.9,0.0
2004-06-06,0.0,0.2,0.0
2004-06-07,15.1,41.2,51.5
2004-06-08,2.5,14.9,12.2
2004-06-09,5.5,8.5,5.3
2004-06-10,0.0,10.1,7.0
2004-06-11,28.0,12.5,8.3
2004-06-12,0.0,0.4,0.0
2004-06-13,0.0,0.5,0.0
2004-06-14,0.0,0.6,0.0
2004-06-15,0.0,0.5,0.0
2004-06-16,2.5,6.1,2.6
2004-06-17,8.2,27.2,23.7
2004-06-18,0.0,4.8,1.5
2004-06-19,0.0,0.0,0.0
2004-06-20,0.0,1.0,0.0
2004-06-21,0.0,14.7,10.7
2004-06-22,0.0,0.0,0.0
2004-06-23,0.0,3.5,1.0
2004-06-24,0.0,0.1,0.0
2004-06-25,0.0,0.0,0.0
2004-06-26,0.0,0.1,0.0
2004-06-27,2.6,11.5,7.5
2004-06-28,0.0,7.1,3.5
2004-06-29,0.0,2.4,1.0
2004-06-30,0.0,1.8,0.0
2004-07-01,0.0,0.0,0.0
2004-07-02,0.0,5.4,1.5
2004-07-03,33.0,1.1,0.0
2004-07-04,0.0,6.1,2.1
2004-07-05,2.0,0.5,0.0
2004-07-06,0.0,13.0,8.6
2004-07-07,5.0,15.8,11.6
2004-07-08,5.0,10.5,6.2
2004-07-09,1.0,5.8,1.8
2004-07-10,0.0,20.9,16.9
2004-07-11,14.0,13.4,8.9
2004-07-12,5.0,19.4,15.2
2004-07-13,30.0,13.6,9.1
2004-07-14,6.0,7.1,3.0
2004-07-15,1.0,5.6,1.8
2004-07-16,0.0,24.1,20.1
2004-07-17,31.0,18.3,14.1
2004-07-18,1.0,23.9,19.8
2004-07-19,3.0,14.1,9.6
2004-07-20,2.0,1.3,0.0
2004-07-21,1.0,0.2,0.0
2004-07-22,0.0,9.0,3.6
2004-07-23,1.0,0.1,0.0
2004-07-24,0.0,3.4,0.0
2004-07-25,0.0,9.5,4.1
2004-07-26,7.0,2.5,0.0
2004-07-27,1.0,2.5,0.0
2004-07-28,0.0,16.8,11.8
2004-07-29,3.0,10.8,5.4
2004-07-30,2.0,12.0,6.6
2004-07-31,10.0,4.6,0.0
2004-08-01,20.4,45.8,56.7
2004-08-02,1.0,7.2,3.0
2004-08-03,5.1,7.6,3.3
2004-08-04,2.6,15.9,12.1
2004-08-05,0.5,3.4,0.0
2004-08-06,4.2,0.4,0.0
2004-08-07,0.0,22.2,19.6
2004-08-08,2.0,22.6,19.9
2004-08-09,0.0,0.2,0.0
2004-08-10,0.0,1.3,0.0
2004-08-11,0.0,1.0,0.0
2004-08-12,0.0,0.0,0.0
2004-08-13,0.0,0.0,0.0
2004-08-14,0.0,0.0,0.0
2004-08-15,0.0,0.4,0.0
2004-08-16,0.0,0.0,0.0
2004-08-17,0.0,0.0,0.0
2004-08-18,0.0,0.0,0.0
2004-08-19,0.0,0.0,0.0
2004-08-20,0.0,0.0,0.0
2004-08-21,0.0,0.0,0.0
2004-08-22,0.0,0.2,0.0
2004-08-23,0.0,0.0,0.0
2004-08-24,25.0,1.1,0.0
2004-08-25,117.0,18.9,16.5
2004-08-27,0.0,7.6,3.9
2004-08-28,9.5,0.0,0.0
2004-08-29,0.0,3.2,1.0
2004-08-30,4.0,3.4,1.0
2004-09-01,0.0,3.3,0.0
2004-09-02,0.1,3.4,0.0
2004-09-03,20.6,44.8,53.6
2004-09-04,2.0,4.2,0.0
2004-09-05,0.5,5.4,1.0
2004-09-06,7.5,6.2,1.1
2004-09-07,6.5,29.7,29.0
2004-09-08,70.9,16.2,11.1
2004-09-09,0.0,8.9,3.5
2004-09-10,36.7,28.4,24.6
2004-09-11,0.0,6.4,2.6
2004-09-12,1.0,17.7,14.6
2004-09-13,16.5,13.2,9.4
2004-09-14,1.0,13.4,9.6
2004-09-15,21.9,15.8,12.4
2004-09-16,1.1,7.8,3.9
2004-09-18,6.0,28.8,28.6
2004-09-19,48.4,66.3,105.8
2004-09-20,0.0,7.2,3.3
2004-09-21,5.6,6.2,1.0
2004-09-22,0.0,1.9,0.0
2004-09-23,4.5,4.2,0.0
2004-09-24,22.6,38.2,43.4
2004-09-25,3.0,13.9,6.9
2004-09-26,7.0,35.5,39.8
2004-09-27,0.0,6.0,1.0
2004-09-29,2.0,24.2,18.3
2004-09-30,7.4,16.1,9.1
2004-10-01,0.0,0.3,0.0
2004-10-02,0.0,2.9,0.0
2004-10-03,0.0,7.4,3.3
2004-10-04,2.1,9.7,5.5
2004-10-05,0.4,5.7,1.8
2004-10-06,1.5,16.9,12.6
2004-10-07,2.5,5.5,1.6
2004-10-08,0.3,6.7,2.7
2004-10-09,0.0,23.4,18.9
2004-10-10,15.5,1.2,0.0
2004-10-11,0.0,0.0,0.0
2004-10-12,0.0,0.3,0.0
2004-10-13,0.0,0.0,0.0
2004-10-14,0.0,0.0,0.0
2004-10-15,0.0,0.0,0.0
2004-10-16,0.0,0.0,0.0
2004-10-17,0.0,0.1,0.0
2004-10-18,9.4,1.1,0.0
2004-10-19,0.0,0.4,0.0
2004-10-20,56.5,23.3,18.0
2004-10-21,5.4,2.1,0.0
2004-10-22,3.0,40.7,43.2
2004-10-23,31.5,2.4,0.0
2004-10-24,0.0,4.7,1.3
2004-10-26,0.0,4.4,1.1
2004-10-27,0.0,0.0,0.0
2004-10-28,4.0,28.6,29.4
2004-10-29,43.8,10.2,5.9
2004-10-30,4.0,15.4,10.6
2004-10-31,0.0,3.6,1.0
2004-11-01,14.5,18.6,15.3
2004-11-02,10.0,4.4,1.0
2004-11-03,4.7,0.7,0.0
2004-11-04,0.0,2.1,0.0
2004-11-05,2.0,10.6,6.2
2004-11-06,34.0,23.9,22.5
2004-11-07,14.4,26.4,28.4
2004-11-08,0.3,15.5,11.7
2004-11-09,0.0,0.1,0.0
2004-11-12,7.5,14.0,6.1
2004-11-14,8.5,11.3,3.8
2004-11-15,11.1,39.4,45.3
2004-11-16,69.9,38.1,42.3
2004-11-17,32.4,16.7,8.7
2004-11-18,0.0,0.2,0.0
2004-11-19,0.1,2.3,0.0
2004-11-20,13.3,22.7,14.8
2004-11-21,0.0,7.4,3.5
2004-11-22,0.0,0.1,0.0
2004-11-23,0.0,3.1,0.0
2004-11-24,0.0,5.2,1.4
2004-11-25,0.0,2.6,0.0
2004-11-26,0.0,22.7,25.0
2004-11-27,0.0,17.5,14.6
2004-11-28,0.0,0.0,0.0
2004-11-29,0.0,11.3,7.5
2004-11-30,0.0,3.6,1.0
2005-02-01,0.5,17.1,10.9
2005-02-02,6.8,31.4,35.7
2005-02-03,0.0,5.2,0.0
2005-02-04,8.0,8.0,2.1
2005-02-05,0.0,2.9,0.0
2005-02-06,1.0,2.8,0.0
2005-02-07,2.6,13.0,6.7
2005-02-08,10.6,24.2,18.2
2005-02-09,4.0,0.3,0.0
2005-02-10,2.0,11.0,4.8
2005-02-11,0.0,10.9,7.1
2005-02-12,10.6,21.9,17.7
2005-02-13,2.0,25.8,21.7
2005-02-14,20.0,8.5,4.8
2005-02-15,5.4,16.7,12.6
2005-02-16,14.5,18.9,14.8
2005-02-17,8.5,44.2,51.4
2005-02-18,2.0,16.1,12.1
2005-02-19,23.5,37.0,40.5
2005-02-20,8.7,22.5,18.3
2005-02-21,52.0,31.7,33.0
2005-02-22,25.0,37.9,41.8
2005-02-23,257.4,251.0,112.6
2005-02-24,90.2,68.4,77.4
2005-02-25,93.1,33.6,36.6
2005-02-27,51.0,66.0,74.7
2005-02-28,29.9,26.3,21.1
2005-03-01,53.0,22.3,16.7
2005-03-02,2.0,14.1,8.9
2005-03-03,4.5,0.1,0.0
2005-03-04,0.0,50.6,55.0
2005-03-05,114.0,4.9,1.0
2005-03-07,25.6,8.0,3.3
2005-03-09,0.0,0.3,0.0
2005-03-10,0.0,0.9,0.0
2005-03-11,0.0,0.7,0.0
2005-03-12,35.0,11.2,8.3
2005-03-13,0.4,0.0,0.0
2005-03-14,0.0,0.0,0.0
2005-03-17,12.8,2.7,0.0
2005-03-18,3.0,17.4,15.6
2005-03-19,2.0,0.3,0.0
2005-03-20,0.0,13.1,10.5
2005-03-21,58.0,20.8,15.9
2005-03-22,1.1,12.3,8.1
2005-03-23,0.0,0.8,0.0
2005-03-24,0.0,5.7,2.4
2005-03-25,14.1,38.1,37.0
2005-03-26,23.1,27.1,22.2
2005-03-27,4.2,28.6,23.3
2005-03-28,0.0,6.2,2.8
2005-03-29,61.0,18.0,13.3
2005-03-30,1.4,8.0,4.3
2005-03-31,58.1,64.7,67.8
2005-04-01,3.2,31.1,31.0
2005-04-02,9.7,31.9,32.6
2005-04-03,43.2,37.3,39.9
2005-04-04,45.1,18.1,11.3
2005-04-05,131.2,45.4,49.5
2005-04-06,2.6,6.4,1.0
2005-04-07,11.8,20.0,13.3
2005-04-08,3.5,14.5,7.8
2005-04-09,0.0,9.7,3.4
2005-04-10,0.0,8.5,2.5
2005-04-11,5.1,1.9,0.0
2005-04-12,13.0,4.3,1.1
2005-04-13,1.2,4.0,1.0
2005-04-14,3.5,9.1,5.2
2005-04-15,2.5,3.0,1.0
2005-04-16,0.0,0.8,0.0
2005-04-17,0.0,0.1,0.0
2005-04-18,0.0,1.6,0.0
2005-04-19,0.0,0.1,0.0
2005-04-20,2.0,0.0,0.0
2005-04-21,0.0,0.0,0.0
2005-04-22,0.0,0.1,0.0
2005-04-23,1.0,1.1,0.0
2005-04-24,60.0,30.3,28.2
2005-04-25,0.0,0.1,0.0
2005-04-26,0.0,3.2,0.0
2005-04-27,2.0,1.8,0.0
2005-04-28,0.0,6.0,1.7
2005-04-29,0.0,8.1,3.2
2005-04-30,0.0,0.6,0.0
2005-05-01,2.0,12.8,7.3
2005-05-02,74.0,19.8,13.6
2005-05-03,18.0,8.4,3.5
2005-05-04,0.0,1.1,0.0
2005-05-05,13.0,18.2,12.1
2005-05-06,0.0,16.0,10.2
2005-05-07,4.0,13.2,7.6
2005-05-08,60.0,28.2,28.7
2005-05-09,0.0,8.2,3.4
2005-05-10,0.0,6.8,2.2
2005-05-11,0.0,6.0,2.5
2005-05-12,56.0,8.2,4.6
2005-05-13,29.0,8.2,4.6
2005-05-14,2.0,4.3,1.0
2005-05-15,1.0,9.1,5.5
2005-05-16,0.0,5.4,1.9
2005-05-17,0.0,0.6,0.0
2005-05-18,36.0,4.9,1.4
2005-05-19,0.0,4.4,1.0
2005-05-20,0.0,0.5,0.0
2005-05-21,4.0,1.8,0.0
2005-05-22,20.0,22.8,18.6
2005-05-23,1.0,12.3,8.1
2005-05-24,6.0,33.4,37.6
2005-05-25,27.0,1.0,0.0
2005-05-26,0.0,0.3,0.0
2005-05-27,0.0,3.1,1.0
2005-05-28,0.0,14.3,10.1
2005-05-29,0.0,0.0,0.0
2005-05-30,0.0,0.0,0.0
2005-05-31,0.0,0.3,0.0
2005-06-01,0.0,0.0,0.0
2005-06-02,0.0,4.9,1.8
2005-06-03,0.0,3.4,1.0
2005-06-04,15.5,14.6,11.8
2005-06-05,1.0,6.5,3.3
2005-06-06,8.0,3.3,1.0
2005-06-07,0.0,0.5,0.0
2005-06-08,23.9,3.8,1.0
2005-06-09,12.0,16.0,13.4
2005-06-10,0.0,0.0,0.0
2005-06-11,14.6,0.6,0.0
2005-06-13,22.0,36.4,38.6
2005-06-14,0.0,5.1,1.7
2005-06-15,1.0,9.5,5.5
2005-06-16,0.0,0.3,0.0
2005-06-17,20.8,14.0,9.6
2005-06-18,2.6,1.8,0.0
2005-06-19,16.0,10.0,5.9
2005-06-20,0.0,4.7,1.4
2005-06-21,7.6,16.7,12.7
2005-06-22,1.3,0.0,0.0
2005-06-23,1.0,9.3,5.4
2005-06-24,7.0,40.7,49.3
2005-06-25,0.0,0.0,0.0
2005-06-26,3.6,4.9,1.7
2005-06-27,41.5,35.3,39.2
2005-06-28,0.0,2.8,1.0
2005-06-29,35.7,34.8,38.1
2005-06-30,1.5,21.7,18.2
2005-07-01,0.0,15.5,11.3
2005-07-02,0.5,7.8,3.6
2005-07-03,0.0,10.8,6.4
2005-07-04,1.5,0.1,0.0
2005-07-05,0.0,12.2,7.8
2005-07-06,1.0,7.9,3.7
2005-07-07,1.0,5.0,1.2
2005-07-08,2.5,10.1,5.7
2005-07-09,100.7,6.8,2.6
2005-07-10,0.0,7.4,3.2
2005-07-11,1.0,8.8,4.4
2005-07-12,0.0,26.8,23.1
2005-07-13,3.0,7.2,3.0
2005-07-14,6.0,9.4,5.0
2005-07-15,0.0,2.7,0.0
2005-07-16,35.8,11.1,6.6
2005-07-17,20.0,32.8,40.5
2005-07-18,0.0,36.2,45.6
2005-07-19,2.0,11.8,7.3
2005-07-20,0.6,16.5,12.2
2005-07-21,3.4,10.3,4.9
2005-07-22,0.6,13.9,8.7
2005-07-23,0.7,32.9,31.9
2005-07-24,19.0,16.2,11.1
2005-07-25,0.5,52.5,67.4
2005-07-26,0.0,14.3,9.1
2005-07-27,7.8,0.3,0.0
2005-07-28,0.0,17.3,12.3
2005-07-29,0.0,0.1,0.0
2005-07-30,0.0,0.1,0.0
2005-07-31,0.0,0.1,0.0
2005-08-01,0.0,0.0,0.0
2005-08-02,0.0,2.4,0.0
2005-08-03,0.0,0.2,0.0
2005-08-04,0.0,0.4,0.0
2005-08-05,0.0,0.0,0.0
2005-08-06,0.0,6.8,2.5
2005-08-07,0.0,0.1,0.0
2005-08-08,0.0,0.8,0.0
2005-08-09,0.0,0.0,0.0
2005-08-10,0.0,0.3,0.0
2005-08-11,0.0,0.0,0.0
2005-08-12,1.0,2.5,1.0
2005-08-13,0.0,1.9,0.0
2005-08-14,0.0,0.1,0.0
2005-08-15,8.0,12.4,8.0
2005-08-16,6.0,8.6,4.8
2005-08-17,13.0,40.9,40.0
2005-08-18,14.0,24.1,19.3
2005-08-19,0.0,1.1,0.0
2005-08-20,13.0,52.2,56.3
2005-08-21,55.0,15.9,13.0
2005-08-22,2.0,8.7,5.0
2005-08-23,0.0,24.4,24.0
2005-08-24,24.0,18.4,15.9
2005-08-25,0.0,18.0,15.5
2005-08-26,4.0,7.7,4.0
2005-08-27,0.0,0.8,0.0
2005-08-28,0.0,9.4,5.7
2005-08-29,2.0,14.6,11.5
2005-08-30,3.0,10.5,6.9
2005-08-31,0.0,6.0,2.4
2005-09-02,0.0,5.2,1.0
2005-09-04,0.0,1.1,0.0
2005-09-05,38.0,64.6,80.3
2005-09-06,1.0,0.6,0.0
2005-09-07,39.1,39.1,44.5
2005-09-09,14.4,41.4,49.1
2005-09-10,28.5,38.5,44.0
2005-09-11,0.5,11.2,7.3
2005-09-12,0.0,0.1,0.0
2005-09-13,37.0,42.7,58.8
2005-09-14,29.4,28.3,27.4
2005-09-15,0.0,0.3,0.0
2005-09-16,0.0,0.0,0.0
2005-09-17,25.4,27.9,26.8
2005-09-18,0.0,3.1,1.0
2005-09-20,3.5,13.0,9.2
2005-09-21,1.0,8.4,2.1
2005-09-22,5.5,18.4,11.5
2005-09-23,2.0,2.2,0.0
2005-09-24,4.7,1.3,0.0
2005-09-25,0.0,5.9,1.0
2005-09-26,3.4,2.8,0.0
2005-09-27,3.5,7.8,1.6
2005-09-28,5.0,22.1,15.4
2005-09-30,0.0,2.5,0.0
2005-10-01,0.0,14.9,10.6
2005-10-02,5.1,11.9,7.6
2005-10-03,19.6,11.5,7.2
2005-10-04,19.9,32.8,36.1
2005-10-05,10.0,22.4,19.7
2005-10-06,27.0,36.2,40.0
2005-10-07,7.6,40.8,47.8
2005-10-08,6.1,42.6,48.5
2005-10-09,3.5,25.8,22.4
2005-10-10,23.8,34.9,38.4
2005-10-11,42.5,29.6,25.4
2005-10-12,14.5,14.0,8.7
2005-10-13,38.2,17.6,12.3
2005-10-14,6.5,27.2,22.1
2005-10-15,27.6,34.0,32.0
2005-10-16,27.0,9.9,4.7
2005-10-17,5.3,18.1,12.9
2005-10-18,0.0,1.2,0.0
2005-10-19,10.5,28.2,23.5
2005-10-21,0.0,12.0,7.6
2005-10-22,2.6,26.4,26.4
2005-10-23,0.0,4.5,1.2
2005-10-24,0.0,3.8,1.0
2005-10-25,7.0,46.5,49.0
2005-10-26,22.3,15.2,10.4
2005-10-27,15.4,21.7,17.6
2005-10-28,0.8,3.4,1.0
2005-10-29,1.8,3.7,1.0
2005-10-30,1.6,24.1,23.0
2005-11-01,0.0,0.0,0.0
2005-11-02,0.0,0.4,0.0
2005-11-03,0.0,19.5,16.3
2005-11-04,0.0,0.0,0.0
2005-11-05,0.0,2.6,0.0
2005-11-06,2.8,4.6,1.0
2005-11-07,3.0,10.5,6.1
2005-11-08,0.0,5.6,1.2
2005-11-09,17.7,1.6,0.0
2005-11-10,1.0,30.6,35.9
2005-11-11,0.0,0.7,0.0
2005-11-12,5.8,12.6,4.9
2005-11-13,0.0,2.2,0.0
2005-11-14,1.0,25.5,17.7
2005-11-15,18.0,2.8,0.0
2005-11-16,20.5,2.4,0.0
2005-11-17,11.7,4.9,0.0
2005-11-18,1.4,4.2,0.0
2005-11-19,0.0,0.0,0.0
2005-11-20,24.1,11.6,4.0
2005-11-21,0.0,6.0,2.1
2005-11-22,23.0,7.6,3.7
2005-11-23,0.0,4.0,1.0
2005-11-24,0.0,2.9,0.0
2005-11-25,6.8,35.4,47.1
2005-11-26,3.0,19.6,17.5
2005-11-27,32.8,7.3,3.3
2005-11-28,36.0,16.7,13.6
2005-11-29,2.4,3.6,1.0
2005-11-30,0.0,3.4,1.0
2005-12-01,0.0,15.3,9.0
2005-12-03,5.0,22.1,15.5
2005-12-04,3.3,16.6,10.2
2005-12-05,36.9,34.7,30.8
2005-12-06,2.5,14.9,8.7
2005-12-07,8.0,23.3,16.7
2005-12-08,0.0,10.7,4.9
2005-12-09,6.8,24.3,17.6
2005-12-10,0.0,2.0,0.0
2005-12-11,0.0,2.5,0.0
2005-12-12,0.0,1.0,0.0
2005-12-14,2.5,14.9,9.7
2005-12-15,0.0,1.5,0.0
2005-12-16,0.8,5.5,1.7
2005-12-17,2.3,6.2,2.2
2005-12-18,0.5,15.8,10.5
2005-12-19,10.0,16.4,11.1
2005-12-20,4.8,11.5,6.7
2005-12-21,0.0,0.2,0.0
2005-12-22,3.1,12.0,8.4
2005-12-23,8.8,12.5,9.0
2005-12-24,36.4,31.7,41.9
2005-12-25,3.1,7.6,3.3
2005-12-26,56.0,4.5,1.0
2005-12-27,2.9,5.7,1.3
2005-12-28,0.4,5.2,1.0
2005-12-29,1.0,0.5,0.0
2005-12-30,29.5,3.1,0.0
2005-12-31,0.0,2.3,0.0
2006-01-01,25.6,39.6,39.1
2006-01-02,9.2,14.6,9.5
2006-01-03,5.8,11.7,7.0
2006-01-04,0.0,0.3,0.0
2006-01-05,0.0,1.9,0.0
2006-01-06,112.2,68.9,62.0
2006-01-07,0.0,0.3,0.0
2006-01-08,33.5,3.5,0.0
2006-01-09,0.0,6.4,2.4
2006-01-10,0.0,0.3,0.0
2006-01-11,9.5,0.7,0.0
2006-01-12,0.0,15.0,11.5
2006-01-13,0.0,0.1,0.0
2006-01-14,1.5,1.8,0.0
2006-01-15,108.0,65.3,87.2
2006-01-16,1.5,4.3,1.0
2006-01-17,31.6,20.7,17.9
2006-01-18,7.0,22.2,22.7
2006-01-21,0.0,8.4,6.5
2006-01-22,11.3,2.9,1.0
2006-01-23,0.0,3.8,1.2
2006-01-24,24.5,10.6,9.2
2006-01-25,1.0,0.2,0.0
2006-01-26,12.6,4.8,2.3
2006-01-27,0.7,1.9,0.0
2006-01-28,0.0,0.0,0.0
2006-01-29,0.0,0.5,0.0
2006-01-30,48.4,8.3,6.3
2006-01-31,55.0,58.0,96.4
2006-02-01,0.0,2.3,0.0
2006-02-02,4.5,9.2,3.1
2006-02-03,0.0,7.9,2.0
2006-02-04,0.4,1.3,0.0
2006-02-05,0.0,6.3,1.0
2006-02-06,0.0,2.3,0.0
2006-02-07,11.0,13.7,7.4
2006-02-08,0.0,2.5,0.0
2006-02-09,0.0,0.1,0.0
2006-02-10,0.0,0.3,0.0
2006-02-11,0.0,0.4,0.0
2006-02-12,3.5,16.8,12.6
2006-02-13,14.0,34.9,36.6
2006-02-14,0.0,2.8,1.0
2006-02-15,31.0,20.1,15.9
2006-02-16,2.3,20.3,16.2
2006-02-17,26.0,0.0,0.0
2006-02-18,7.0,11.5,7.6
2006-02-19,17.1,1.5,0.0
2006-02-20,14.0,9.3,5.6
2006-02-21,13.3,5.8,1.4
2006-02-24,44.7,48.2,56.9
2006-02-25,59.4,44.3,51.9
2006-02-26,16.2,17.8,12.6
2006-02-27,8.2,7.0,2.4
2006-02-28,28.7,29.2,26.5
2006-03-01,11.5,6.2,1.8
2006-03-02,7.6,2.4,0.0
2006-03-03,0.0,0.2,0.0
2006-03-04,2.5,15.9,10.6
2006-03-05,23.3,23.4,17.8
2006-03-06,0.0,6.5,2.1
2006-03-07,0.0,0.0,0.0
2006-03-08,0.0,4.7,1.0
2006-03-09,8.3,5.9,1.5
2006-03-10,0.3,6.4,2.0
2006-03-11,0.0,5.7,2.3
2006-03-12,0.0,1.3,0.0
2006-03-13,0.0,1.1,0.0
2006-03-14,0.0,5.7,2.3
2006-03-15,6.6,11.1,8.1
2006-03-16,0.0,4.5,1.1
2006-03-17,75.3,10.3,7.2
2006-03-18,4.5,5.8,2.4
2006-03-19,12.5,17.6,15.8
2006-03-20,0.0,1.3,0.0
2006-03-21,1.9,3.3,1.0
2006-03-22,0.0,20.7,15.9
2006-03-23,0.0,1.2,0.0
2006-03-24,0.0,4.5,1.4
2006-03-25,2.2,17.5,12.8
2006-03-26,4.3,32.8,31.3
2006-03-27,4.5,3.5,1.0
2006-03-28,6.0,10.3,6.2
2006-03-29,49.2,35.8,33.6
2006-03-30,5.2,12.1,7.8
2006-03-31,1.6,5.9,2.5
2006-04-01,22.5,7.0,1.4
2006-04-02,2.2,12.3,5.7
2006-04-04,15.6,11.8,5.2
2006-04-05,0.0,0.4,0.0
2006-04-06,61.1,36.4,38.3
2006-04-07,56.3,37.7,40.2
2006-04-08,0.0,1.0,0.0
2006-04-09,0.9,8.6,2.6
2006-04-10,27.5,41.8,45.7
2006-04-11,0.0,8.1,4.3
2006-04-12,2.0,6.3,2.8
2006-04-13,27.7,78.5,86.2
2006-04-14,17.7,28.5,24.1
2006-04-16,10.7,18.6,14.3
2006-04-17,0.0,4.1,1.0
2006-04-18,69.0,65.0,71.4
2006-04-19,45.5,37.1,36.3
2006-04-20,0.0,2.0,0.0
2006-04-21,0.0,0.9,0.0
2006-04-22,0.0,9.4,4.3
2006-04-23,3.2,30.6,29.1
2006-04-24,0.0,9.0,3.9
2006-04-25,0.0,2.9,0.0
2006-04-26,4.0,17.7,11.1
2006-04-27,2.0,12.7,6.9
2006-04-28,13.8,36.9,36.7
2006-04-29,6.5,24.6,16.9
2006-04-30,36.0,51.7,52.9
2006-05-01,0.0,29.6,30.4
2006-05-02,14.0,1.7,0.0
2006-05-03,0.0,2.1,0.0
2006-05-04,0.0,5.6,1.3
2006-05-05,4.0,2.9,0.0
2006-05-06,3.0,14.0,8.4
2006-05-07,68.0,0.0,0.0
2006-05-08,0.0,2.3,0.0
2006-05-09,0.0,0.0,0.0
2006-05-10,0.0,0.0,0.0
2006-05-11,0.0,8.6,5.0
2006-05-12,16.0,0.0,0.0
2006-05-13,0.0,0.1,0.0
2006-05-14,0.0,0.2,0.0
2006-05-15,0.0,0.0,0.0
2006-05-16,0.0,6.2,2.6
2006-05-17,51.0,0.2,0.0
2006-05-18,0.0,2.7,0.0
2006-05-19,6.0,33.7,38.1
2006-05-20,20.0,20.3,17.3
2006-05-21,39.0,0.0,0.0
2006-05-22,0.0,2.8,1.0
2006-05-23,6.0,2.7,0.0
2006-05-24,0.0,11.4,7.2
2006-05-25,8.0,18.7,14.5
2006-05-26,4.0,12.2,8.0
2006-05-27,21.0,1.1,0.0
2006-05-28,0.0,1.1,0.0
2006-05-29,0.0,1.4,0.0
2006-05-30,0.0,20.8,16.7
2006-05-31,12.0,0.2,0.0
2006-06-01,0.0,2.9,1.0
2006-06-02,2.0,4.5,1.4
2006-06-03,9.0,16.5,14.0
2006-06-04,0.0,0.5,0.0
2006-06-05,0.0,45.9,59.2
2006-06-06,49.0,1.8,0.0
2006-06-07,0.0,0.6,0.0
2006-06-08,0.0,17.6,15.2
2006-06-09,44.0,8.8,5.6
2006-06-10,0.0,28.3,28.7
2006-06-11,13.0,2.0,0.0
2006-06-12,0.0,4.1,1.0
2006-06-14,6.0,14.1,9.8
2006-06-15,7.0,10.9,6.8
2006-06-16,0.0,14.7,10.3
2006-06-17,18.0,20.0,15.7
2006-06-18,0.0,25.1,20.8
2006-06-19,6.0,25.5,21.0
2006-06-20,10.0,2.3,0.0
2006-06-21,0.0,17.9,13.9
2006-06-22,6.0,17.2,13.2
2006-06-23,17.0,4.6,1.4
2006-06-25,0.0,54.5,74.5
2006-06-26,17.0,10.6,6.7
2006-06-27,16.0,6.8,3.2
2006-06-28,3.0,53.4,72.6
2006-06-29,62.0,3.5,1.0
2006-06-30,1.0,1.4,0.0
2006-07-01,3.0,18.8,14.9
2006-07-02,2.0,6.6,2.5
2006-07-03,0.0,8.6,4.3
2006-07-04,0.0,4.6,1.0
2006-07-05,0.0,0.0,0.0
2006-07-06,0.0,7.8,3.5
2006-07-07,0.0,4.2,1.0
2006-07-08,7.0,0.0,0.0
2006-07-09,0.0,0.0,0.0
2006-07-10,0.0,15.9,11.7
2006-07-11,5.0,2.4,0.0
2006-07-12,0.0,0.0,0.0
2006-07-13,0.0,0.0,0.0
2006-07-14,0.0,3.4,1.0
2006-07-15,0.0,0.4,0.0
2006-07-16,0.0,5.2,1.5
2006-07-17,0.0,9.8,5.4
2006-07-18,3.0,0.1,0.0
2006-07-19,0.0,0.2,0.0
2006-07-20,0.0,7.8,3.6
2006-07-21,6.0,5.7,1.0
2006-07-22,16.0,26.5,23.0
2006-07-23,30.0,0.8,0.0
2006-07-24,99.0,1.8,0.0
2006-07-25,0.0,130.7,129.2
2006-07-26,10.0,0.4,0.0
2006-07-27,0.0,16.1,11.0
2006-07-28,23.0,0.4,0.0
2006-07-29,0.0,3.3,0.0
2006-07-30,99.0,17.8,12.8
2006-07-31,4.0,15.5,10.3
2006-08-01,7.0,4.2,1.0
2006-08-02,2.0,3.7,0.0
2006-08-03,0.0,5.5,1.3
2006-08-04,0.0,0.9,0.0
2006-08-05,0.0,0.0,0.0
2006-08-06,0.0,0.2,0.0
2006-08-07,0.0,0.2,0.0
2006-08-08,0.0,0.5,0.0
2006-08-09,0.0,0.7,0.0
2006-08-10,0.0,0.0,0.0
2006-08-11,0.0,0.4,0.0
2006-08-12,0.0,0.6,0.0
2006-08-13,0.0,0.7,0.0
2006-08-14,0.0,0.3,0.0
2006-08-15,0.0,0.9,0.0
2006-08-16,0.0,0.1,0.0
2006-08-17,0.0,0.5,0.0
2006-08-18,2.0,19.7,14.2
2006-08-19,1.0,4.3,1.4
2006-08-20,0.0,0.1,0.0
2006-08-21,3.0,7.2,3.5
2006-08-22,0.0,5.8,2.2
2006-08-23,1.0,21.0,19.1
2006-08-24,3.0,7.2,3.5
2006-08-25,1.0,10.9,7.3
2006-08-26,2.0,18.5,16.1
2006-08-27,0.0,2.7,0.0
2006-08-28,6.0,34.3,43.8
2006-08-29,34.0,14.8,11.7
2006-08-30,6.0,16.9,14.2
2006-08-31,0.0,0.8,0.0
2006-09-01,0.0,6.8,1.6
2006-09-02,0.0,4.3,0.0
2006-09-03,0.0,6.9,1.6
2006-09-04,0.0,0.2,0.0
2006-09-05,4.0,4.8,1.0
2006-09-06,0.0,26.0,22.3
2006-09-07,0.0,7.3,2.0
2006-09-08,4.0,1.6,0.0
2006-09-09,0.0,12.1,6.6
2006-09-10,0.0,39.8,47.0
2006-09-11,7.0,15.9,12.4
2006-09-12,6.0,14.1,10.4
2006-09-13,3.0,7.3,3.4
2006-09-14,44.0,5.4,1.7
2006-09-15,0.0,1.7,0.0
2006-09-16,0.0,29.9,31.3
2006-09-17,19.0,21.2,18.8
2006-09-18,19.0,24.9,24.4
2006-09-19,0.0,13.4,9.6
2006-09-20,1.0,16.0,12.6
2006-09-21,6.0,21.5,14.7
2006-09-22,0.0,88.0,110.9
2006-09-23,15.0,17.8,10.8
2006-09-24,8.0,17.3,10.3
2006-09-25,2.0,8.4,2.0
2006-09-26,0.0,1.1,0.0
2006-09-27,0.0,2.0,0.0
2006-09-28,0.0,7.9,1.7
2006-09-29,0.0,0.0,0.0
2006-09-30,0.0,0.6,0.0
2006-10-01,0.0,0.1,0.0
2006-10-02,0.0,1.5,0.0
2006-10-03,0.0,0.1,0.0
2006-10-04,0.0,0.1,0.0
2006-10-05,0.0,0.0,0.0
2006-10-06,0.0,0.5,0.0
2006-10-07,0.0,0.4,0.0
2006-10-08,0.0,0.0,0.0
2006-10-09,0.0,0.0,0.0
2006-10-10,0.0,0.0,0.0
2006-10-11,0.0,0.0,0.0
2006-10-12,0.0,6.0,1.2
2006-10-13,0.5,1.2,0.0
2006-10-14,0.0,0.2,0.0
2006-10-15,0.0,0.0,0.0
2006-10-16,0.0,0.0,0.0
2006-10-17,15.5,1.6,0.0
2006-10-20,0.5,2.1,0.0
2006-10-21,1.0,1.1,0.0
2006-10-22,0.0,4.3,1.0
2006-10-24,40.7,0.0,0.0
2006-10-25,99.0,0.2,0.0
2006-10-26,0.0,7.8,3.9
2006-10-27,0.5,6.0,2.3
2006-10-28,5.6,0.5,0.0
2006-10-29,0.0,2.6,0.0
2006-10-30,0.0,5.0,1.6
2006-10-31,14.0,0.9,0.0
2006-11-01,0.0,0.0,0.0
2006-11-02,0.0,0.9,0.0
2006-11-03,0.0,4.1,1.0
2006-11-04,0.0,1.8,0.0
2006-11-05,0.0,0.5,0.0
2006-11-06,0.0,0.1,0.0
2006-11-07,0.0,1.1,0.0
2006-11-08,16.1,17.6,14.2
2006-11-09,30.0,24.7,25.2
2006-11-10,0.0,0.8,0.0
2006-11-11,21.9,21.4,13.4
2006-11-12,0.0,0.1,0.0
2006-11-13,1.0,7.5,1.0
2006-11-14,1.0,5.4,0.0
2006-11-15,7.6,7.6,1.0
2006-11-16,0.2,0.8,0.0
2006-11-17,6.8,6.4,1.0
2006-11-18,1.8,7.8,1.1
2006-11-20,4.0,26.6,19.0
2006-11-21,1.0,2.1,0.0
2006-11-22,1.7,7.0,3.0
2006-11-23,2.5,6.2,2.3
2006-11-24,8.3,5.7,1.9
2006-11-25,0.0,1.8,0.0
2006-11-26,0.0,0.4,0.0
2006-11-27,5.5,38.7,53.3
2006-11-28,28.7,45.3,65.0
2006-11-29,10.0,16.6,13.5
2006-11-30,0.0,8.5,4.6
2006-12-01,0.0,3.8,1.0
2006-12-02,7.6,43.5,44.3
2006-12-03,20.0,2.7,0.0
2006-12-04,0.0,5.8,1.2
2006-12-05,0.0,0.0,0.0
2006-12-06,0.0,0.0,0.0
2006-12-07,1.7,10.2,4.5
2006-12-08,0.8,1.7,0.0
2006-12-09,0.1,9.2,3.7
2006-12-10,17.5,1.4,0.0
2006-12-11,0.0,0.1,0.0
2006-12-12,0.6,3.8,1.0
2006-12-13,12.0,26.1,20.7
2006-12-14,8.2,18.7,13.2
2006-12-15,0.0,0.1,0.0
2006-12-16,12.3,14.7,9.5
2006-12-17,0.2,14.9,9.7
2006-12-18,3.8,28.9,28.1
2006-12-19,5.9,14.9,9.7
2006-12-20,0.2,1.0,0.0
2006-12-21,14.0,23.7,23.4
2006-12-22,4.3,18.8,16.9
2006-12-23,16.8,19.4,17.8
2006-12-24,0.2,1.2,0.0
2006-12-25,68.3,61.2,91.7
2006-12-26,0.3,0.9,0.0
2006-12-27,0.2,10.3,6.3
2006-12-28,47.6,23.2,23.6
2006-12-29,13.0,7.5,3.1
2006-12-30,11.3,52.0,73.7
2007-01-01,0.0,7.1,3.1
2007-01-02,20.0,56.7,53.8
2007-01-03,0.0,11.7,7.0
2007-01-04,7.4,48.7,47.2
2007-01-05,0.3,12.5,7.7
2007-01-06,8.5,10.2,5.7
2007-01-07,30.0,10.5,6.0
2007-01-08,6.6,18.0,12.2
2007-01-09,0.0,5.3,1.4
2007-01-10,0.0,2.1,0.0
2007-01-11,0.0,3.8,1.0
2007-01-12,3.5,20.7,17.8
2007-01-13,0.0,8.0,4.0
2007-01-14,34.4,28.7,37.4
2007-01-15,2.8,3.5,0.0
2007-01-16,0.0,0.9,0.0
2007-01-17,3.0,30.3,41.5
2007-01-18,83.0,21.6,19.1
2007-01-19,4.0,11.2,7.3
2007-01-20,0.0,1.0,0.0
2007-01-21,65.2,34.9,54.5
2007-01-22,0.0,1.0,0.0
2007-01-23,12.5,19.3,21.7
2007-01-24,47.7,66.2,111.9
2007-01-25,0.0,0.4,0.0
2007-01-26,0.7,14.3,14.0
2007-01-27,10.5,4.9,2.4
2007-01-28,2.5,0.3,0.0
2007-01-29,0.0,1.2,0.0
2007-01-30,4.9,18.2,19.2
2007-02-01,0.0,5.1,0.0
2007-02-02,0.0,0.4,0.0
2007-02-05,6.0,10.2,4.0
2007-02-06,41.7,42.1,49.7
2007-02-07,12.0,8.8,2.8
2007-02-08,0.4,2.1,0.0
2007-02-09,2.5,7.3,1.5
2007-02-10,12.0,2.6,0.0
2007-02-11,0.0,0.6,0.0
2007-02-12,0.0,0.0,0.0
2007-02-13,0.0,6.6,3.2
2007-02-14,0.0,1.8,0.0
2007-02-15,0.0,0.6,0.0
2007-02-16,16.2,38.9,44.2
2007-02-17,3.2,8.1,4.5
2007-02-18,3.0,31.8,31.9
2007-02-19,6.1,28.2,23.9
2007-02-20,99.0,43.2,50.9
2007-02-22,2.8,3.6,0.0
2007-02-23,55.2,32.8,35.9
2007-02-24,110.4,23.9,18.7
2007-02-25,44.8,10.2,5.3
2007-02-26,0.0,0.6,0.0
2007-02-27,39.7,21.8,16.6
2007-02-28,4.4,12.6,7.6
2007-03-01,0.6,0.8,0.0
2007-03-02,9.6,7.2,2.7
2007-03-03,0.0,3.9,1.0
2007-03-04,0.0,0.0,0.0
2007-03-05,0.0,0.1,0.0
2007-03-06,0.0,0.6,0.0
2007-03-07,1.0,6.7,2.3
2007-03-08,6.4,17.3,12.0
2007-03-10,20.9,22.2,16.6
2007-03-11,0.0,1.0,0.0
2007-03-12,0.0,1.6,0.0
2007-03-13,6.9,46.0,63.7
2007-03-14,12.2,12.6,9.9
2007-03-16,29.0,51.1,70.9
2007-03-17,95.3,31.6,39.9
2007-03-18,0.0,0.1,0.0
2007-03-19,0.0,2.6,0.0
2007-03-20,28.0,54.1,74.8
2007-03-22,2.5,18.4,13.7
2007-03-23,76.5,102.3,126.7
2007-03-24,15.5,13.7,9.3
2007-03-25,0.0,0.4,0.0
2007-03-26,0.2,24.5,19.5
2007-03-28,0.2,1.2,0.0
2007-03-29,0.0,1.9,0.0
2007-03-30,0.0,0.3,0.0
2007-03-31,0.0,6.8,3.3
2007-04-01,0.5,4.6,0.0
2007-04-02,0.5,4.6,0.0
2007-04-03,2.5,30.7,31.1
2007-04-04,17.5,2.2,0.0
2007-04-05,19.6,16.0,9.2
2007-04-07,77.7,49.7,55.4
2007-04-08,43.9,14.8,8.1
2007-04-09,0.0,0.0,0.0
2007-04-10,0.0,1.0,0.0
2007-04-11,70.6,42.7,45.0
2007-04-13,29.0,114.4,118.1
2007-04-14,2.0,8.8,4.9
2007-04-15,0.0,0.4,0.0
2007-04-16,1.2,15.1,10.9
2007-04-17,1.0,13.6,9.4
2007-04-18,1.0,12.8,8.7
2007-04-19,67.4,112.5,117.4
2007-04-20,28.0,1.9,0.0
2007-04-22,27.0,82.2,75.0
2007-04-23,0.0,4.7,1.0
2007-04-24,0.0,0.0,0.0
2007-04-25,4.2,18.9,12.0
2007-04-26,0.0,5.6,1.4
2007-04-27,60.1,24.4,17.2
2007-04-28,0.0,3.3,0.0
2007-04-29,0.0,4.8,1.0
2007-04-30,6.9,15.9,9.5
2007-05-01,0.6,6.2,1.7
2007-05-02,0.8,15.5,9.6
2007-05-03,6.9,41.8,46.6
2007-05-04,0.0,0.7,0.0
2007-05-05,43.3,29.3,29.5
2007-05-06,13.0,13.5,7.9
2007-05-07,69.5,124.4,70.8
2007-05-08,68.8,222.7,70.2
2007-05-09,2.1,16.6,10.6
2007-05-10,4.4,2.6,0.0
2007-05-11,0.0,0.0,0.0
2007-05-12,1.0,0.1,0.0
2007-05-13,0.5,7.8,4.2
2007-05-14,4.5,13.5,10.0
2007-05-15,0.0,0.6,0.0
2007-05-16,0.0,0.0,0.0
2007-05-17,20.9,25.5,23.5
2007-05-18,2.0,11.4,7.8
2007-05-19,19.3,11.0,7.4
2007-05-20,0.0,6.6,3.0
2007-05-21,37.5,46.9,56.0
2007-05-22,0.0,2.3,0.0
2007-05-23,0.8,9.3,5.2
2007-05-24,22.5,18.4,14.2
2007-05-25,0.0,2.8,1.0
2007-05-26,7.9,22.5,18.5
2007-05-27,0.0,0.0,0.0
2007-05-28,30.0,22.5,18.7
2007-05-29,0.0,0.7,0.0
2007-05-30,20.0,23.3,23.2
2007-05-31,0.0,2.1,0.0
2007-06-01,19.5,8.2,5.0
2007-06-02,1.5,7.8,4.6
2007-06-03,52.5,7.7,4.5
2007-06-04,0.0,0.0,0.0
2007-06-06,0.0,0.0,0.0
2007-06-08,19.5,68.3,81.6
2007-06-10,0.0,0.0,0.0
2007-06-11,31.0,3.8,1.0
2007-06-12,16.0,0.8,0.0
2007-06-13,16.6,0.4,0.0
2007-06-14,7.5,45.3,51.7
2007-06-16,0.0,1.1,0.0
2007-06-17,6.9,8.6,4.6
2007-06-18,7.5,23.7,19.6
2007-06-19,0.0,3.2,1.0
2007-06-21,0.0,1.3,0.0
2007-06-22,9.2,6.0,2.5
2007-06-23,5.0,6.5,3.0
2007-06-24,0.0,0.0,0.0
2007-06-25,3.5,6.9,3.3
2007-06-27,1.2,7.6,3.9
2007-06-28,0.4,6.4,2.9
2007-06-30,26.8,45.1,58.2
2007-07-02,45.4,7.6,3.4
2007-07-04,0.0,0.8,0.0
2007-07-05,0.0,5.0,1.2
2007-07-06,0.0,0.2,0.0
2007-07-07,0.0,0.0,0.0
2007-07-08,0.0,0.0,0.0
2007-07-09,0.0,0.0,0.0
2007-07-10,0.0,0.0,0.0
2007-07-11,0.0,3.5,1.0
2007-07-13,26.8,12.0,7.5
2007-07-15,16.5,11.2,6.7
2007-07-16,0.0,2.0,0.0
2007-07-17,26.2,64.0,82.0
2007-07-18,5.0,19.0,14.8
2007-07-19,68.5,28.6,33.3
2007-07-20,19.4,27.4,31.7
2007-07-21,0.2,1.9,0.0
2007-07-22,3.0,1.3,0.0
2007-07-23,26.5,29.8,26.3
2007-07-24,38.8,33.1,31.4
2007-07-25,12.7,18.8,13.9
2007-07-26,2.0,1.3,0.0
2007-07-28,0.4,9.9,4.6
2007-07-29,0.0,15.0,9.9
2007-07-30,72.3,13.2,7.9
2007-07-31,7.0,14.2,8.9
2007-08-01,28.4,17.3,13.7
2007-08-02,0.0,8.3,4.0
2007-08-03,2.0,13.8,9.8
2007-08-05,46.2,11.4,7.1
2007-08-06,5.7,16.1,12.2
2007-08-07,6.3,37.3,41.1
2007-08-08,0.6,7.9,3.6
2007-08-09,0.0,0.0,0.0
2007-08-10,1.5,19.7,16.4
2007-08-11,2.2,7.8,4.2
2007-08-12,4.4,3.0,1.0
2007-08-13,6.0,4.8,1.8
2007-08-14,0.0,1.2,0.0
2007-08-15,21.3,23.1,19.7
2007-08-16,2.7,3.6,1.0
2007-08-18,25.1,5.4,2.3
2007-08-19,10.7,30.6,25.7
2007-08-20,26.2,12.1,7.7
2007-08-21,2.0,18.9,16.5
2007-08-22,0.0,2.1,0.0
2007-08-24,1.7,26.5,31.7
2007-08-25,0.0,2.0,0.0
2007-08-26,34.8,0.9,0.0
2007-08-27,77.2,20.9,19.0
2007-08-29,1.9,5.0,1.5
2007-08-30,1.6,14.1,10.9
2007-08-31,31.7,26.5,32.1
2007-09-01,1.4,30.2,29.2
2007-09-02,1.6,7.2,1.9
2007-09-03,39.9,43.0,50.7
2007-09-04,74.1,9.5,4.1
2007-09-05,2.6,28.6,25.9
2007-09-06,6.2,16.5,11.3
2007-09-09,0.0,6.3,1.1
2007-09-11,1.0,8.2,4.2
2007-09-12,3.6,21.5,19.1
2007-09-13,1.4,8.6,4.6
2007-09-14,17.9,23.5,21.8
2007-09-15,0.9,2.0,0.0
2007-09-17,7.8,21.8,19.5
2007-09-18,10.5,6.2,2.4
2007-09-19,19.4,31.3,34.6
2007-09-20,0.3,11.5,7.6
2007-09-21,37.1,51.5,67.2
2007-09-22,0.0,4.3,0.0
2007-09-24,0.0,3.0,0.0
2007-09-25,0.0,4.4,0.0
2007-09-26,0.0,0.0,0.0
2007-09-27,0.1,8.1,1.8
2007-09-28,0.0,2.7,0.0
2007-09-29,0.0,0.3,0.0
2007-09-30,0.0,0.0,0.0
2007-10-01,0.0,0.6,0.0
2007-10-02,29.8,4.4,1.0
2007-10-03,0.0,0.0,0.0
2007-10-04,0.8,4.4,1.0
2007-10-05,0.8,10.7,6.5
2007-10-06,0.0,0.3,0.0
2007-10-07,45.6,13.9,9.5
2007-10-08,1.6,25.7,22.2
2007-10-09,2.0,9.3,5.1
2007-10-10,0.0,0.0,0.0
2007-10-12,0.3,12.1,6.8
2007-10-13,68.5,116.8,113.8
2007-10-14,0.0,0.6,0.0
2007-10-15,4.5,16.8,11.5
2007-10-16,0.0,1.0,0.0
2007-10-17,2.0,11.3,6.0
2007-10-19,0.3,7.1,2.1
2007-10-20,35.6,4.6,1.0
2007-10-21,3.0,28.0,28.7
2007-10-22,1.0,2.8,0.0
2007-10-23,3.8,24.4,23.6
2007-10-24,10.4,31.6,33.3
2007-10-25,33.7,44.9,47.6
2007-10-26,28.0,4.8,1.4
2007-10-27,18.7,10.0,5.8
2007-10-28,6.0,4.3,1.0
2007-10-30,8.6,9.7,5.5
2007-10-31,8.0,22.2,17.2
2007-11-01,13.6,16.2,12.5
2007-11-02,0.0,0.0,0.0
2007-11-03,0.0,14.4,10.5
2007-11-04,7.2,27.5,30.8
2007-11-05,19.7,17.9,14.5
2007-11-06,0.0,5.5,1.2
2007-11-07,0.0,3.0,0.0
2007-11-08,17.7,31.2,37.2
2007-11-09,8.0,14.2,10.2
2007-11-10,0.0,5.8,1.4
2007-11-11,6.8,11.0,3.6
2007-11-12,0.0,5.1,0.0
2007-11-13,1.4,15.1,7.2
2007-11-14,16.0,49.1,61.4
2007-11-16,0.0,10.1,2.8
2007-11-17,0.0,7.3,1.0
2007-11-18,0.0,2.6,0.0
2007-11-19,0.0,6.1,1.0
2007-11-20,12.0,24.6,16.8
2007-11-21,0.0,3.4,1.0
2007-11-22,0.0,2.7,0.0
2007-11-23,5.0,10.9,7.0
2007-11-24,5.2,7.2,3.2
2007-11-25,6.5,11.6,7.8
2007-11-26,0.2,1.3,0.0
2007-11-27,26.9,71.4,105.0
2007-11-28,1.9,6.9,3.0
2007-11-29,2.5,22.8,25.5
2007-11-30,0.0,0.8,0.0
2007-12-01,0.0,7.9,2.7
2007-12-02,0.0,7.8,2.6
2007-12-03,0.8,21.8,15.2
2007-12-04,1.8,6.0,1.3
2007-12-05,0.0,0.5,0.0
2007-12-07,3.7,10.6,4.8
2007-12-08,0.0,17.2,10.7
2007-12-09,14.1,19.4,12.9
2007-12-10,0.0,4.4,1.0
2007-12-11,4.3,0.0,0.0
2007-12-12,0.0,0.0,0.0
2007-12-14,1.0,15.9,10.6
2007-12-15,20.8,7.7,3.4
2007-12-16,4.6,25.2,19.5
2007-12-17,0.0,0.7,0.0
2007-12-18,26.9,27.4,25.4
2007-12-19,1.4,6.0,2.0
2007-12-20,19.1,6.5,2.5
2007-12-21,117.6,46.7,65.2
2007-12-22,1.0,6.1,1.7
2007-12-23,32.8,24.8,30.5
2007-12-24,6.5,5.5,1.1
2007-12-27,0.3,10.9,7.0
2007-12-28,0.0,0.5,0.0
2007-12-29,17.4,4.2,1.0
2007-12-30,0.0,1.1,0.0
2007-12-31,23.4,25.5,31.4
2008-01-01,18.0,10.4,5.9
2008-01-02,5.0,1.2,0.0
2008-01-03,6.4,10.0,5.6
2008-01-04,14.1,4.8,1.0
2008-01-05,23.3,15.1,9.8
2008-01-07,5.6,8.9,4.6
2008-01-08,1.0,3.4,0.0
2008-01-09,0.0,0.0,0.0
2008-01-10,0.6,0.3,0.0
2008-01-11,54.0,49.4,71.6
2008-01-12,0.0,1.6,0.0
2008-01-13,8.5,1.8,0.0
2008-01-14,1.2,0.9,0.0
2008-01-15,0.0,0.0,0.0
2008-01-16,0.0,0.1,0.0
2008-01-17,0.0,1.2,0.0
2008-01-18,14.8,6.9,2.9
2008-01-19,4.8,10.9,7.0
2008-01-20,0.2,5.2,1.3
2008-01-21,19.5,10.7,9.3
2008-01-22,2.6,5.3,2.8
2008-01-23,1.0,16.3,16.7
2008-01-24,0.0,1.6,0.0
2008-01-25,49.0,41.1,65.6
2008-01-26,0.0,0.0,0.0
2008-01-27,20.6,19.2,20.7
2008-01-28,0.0,3.4,1.0
2008-01-29,0.0,0.7,0.0
2008-01-30,20.5,15.7,15.9
2008-01-31,1.0,1.3,0.0
2008-02-01,43.6,40.4,47.9
2008-02-02,18.0,11.8,5.6
2008-02-03,2.5,12.8,6.5
2008-02-04,0.6,12.0,5.7
2008-02-05,42.0,28.5,32.4
2008-02-06,9.3,25.0,19.3
2008-02-07,3.2,2.3,0.0
2008-02-08,0.0,3.8,0.0
2008-02-09,3.0,16.0,9.8
2008-02-10,42.1,39.2,46.2
2008-02-12,0.0,4.4,1.4
2008-02-13,1.0,5.0,1.8
2008-02-14,6.9,4.2,1.2
2008-02-16,3.3,2.3,0.0
2008-02-17,16.1,9.3,5.5
2008-02-18,1.0,4.3,1.3
2008-02-19,6.5,3.2,1.0
2008-02-20,129.3,88.7,95.2
2008-02-21,9.7,1.8,0.0
2008-02-22,1.8,5.9,1.5
2008-02-23,5.5,22.7,17.5
2008-02-24,19.2,10.3,5.4
2008-02-25,56.4,34.1,36.8
2008-02-26,32.0,7.0,2.5
2008-02-27,0.0,6.6,2.1
2008-02-28,4.9,13.7,8.6
2008-02-29,0.5,9.6,4.8
2008-03-01,0.0,1.3,0.0
2008-03-02,4.5,0.8,0.0
2008-03-03,42.2,8.2,3.6
2008-03-04,3.7,8.7,4.0
2008-03-05,67.3,64.5,71.0
2008-03-06,0.0,1.7,0.0
2008-03-07,12.5,5.0,1.0
2008-03-08,12.9,0.3,0.0
2008-03-09,11.4,9.3,4.5
2008-03-10,3.0,2.5,0.0
2008-03-11,26.8,34.6,45.1
2008-03-12,2.0,3.1,0.0
2008-03-13,0.0,3.9,1.0
2008-03-14,0.0,1.8,0.0
2008-03-15,15.5,39.4,54.2
2008-03-16,0.0,0.0,0.0
2008-03-17,23.0,21.8,21.0
2008-03-18,1.9,2.8,0.0
2008-03-19,0.0,5.5,2.1
2008-03-20,2.0,16.6,14.7
2008-03-21,0.8,13.3,9.0
2008-03-22,7.0,1.4,0.0
2008-03-24,1.4,16.3,11.7
2008-03-25,0.0,6.0,2.6
2008-03-26,14.2,33.7,31.0
2008-03-27,3.3,13.9,9.5
2008-03-28,1.0,9.6,5.6
2008-03-29,5.9,21.2,16.3
2008-03-30,35.4,15.1,10.6
2008-03-31,9.0,60.9,63.2
2008-05-01,0.5,14.9,9.1
2008-05-02,25.0,40.2,44.2
2008-05-03,32.5,30.8,32.4
2008-05-04,43.7,35.6,39.5
2008-05-05,0.0,8.5,3.6
2008-05-06,0.0,0.3,0.0
2008-05-07,0.6,16.7,10.8
2008-05-08,0.0,1.2,0.0
2008-05-09,1.4,10.5,5.3
2008-05-10,4.0,16.4,10.5
2008-05-11,16.5,19.2,16.1
2008-05-12,0.0,0.2,0.0
2008-05-13,22.5,12.4,8.9
2008-05-14,0.0,1.6,0.0
2008-05-15,42.0,23.8,20.5
2008-05-17,72.3,5.8,2.2
2008-05-20,78.3,53.9,69.6
2008-05-21,1.4,11.7,7.5
2008-05-23,5.3,14.2,9.9
2008-05-24,0.0,0.0,0.0
2008-05-25,0.0,3.8,1.0
2008-05-26,4.1,29.1,31.4
2008-05-27,2.8,13.9,9.7
2008-05-28,0.0,0.2,0.0
2008-05-29,1.0,6.0,2.3
2008-05-30,0.0,7.1,3.3
2008-05-31,13.7,1.7,0.0
2008-06-01,26.7,16.3,13.7
2008-06-03,35.9,22.8,21.3
2008-06-04,6.0,32.6,34.8
2008-06-06,104.6,95.1,92.5
2008-06-07,29.9,12.6,9.7
2008-06-08,1.0,2.0,0.0
2008-06-09,0.0,7.1,3.8
2008-06-10,8.5,31.5,31.5
2008-06-11,15.9,26.7,23.3
2008-06-12,29.0,16.3,12.0
2008-06-13,43.5,2.2,0.0
2008-06-14,0.0,0.9,0.0
2008-06-15,0.0,0.2,0.0
2008-06-16,0.5,4.8,1.5
2008-06-17,0.0,1.5,0.0
2008-06-18,8.6,26.7,23.6
2008-06-19,1.1,14.9,10.5
2008-06-21,3.0,18.7,14.8
2008-06-22,80.6,21.2,17.5
2008-06-24,0.0,0.7,0.0
2008-06-25,0.0,15.8,11.8
2008-06-26,10.9,59.4,82.9
2008-06-27,11.8,16.2,12.2
2008-06-28,35.5,3.0,1.0
2008-06-29,7.1,7.0,3.4
2008-06-30,17.2,8.3,4.5
2008-07-01,8.8,19.1,15.6
2008-07-02,0.7,14.0,9.7
2008-07-03,109.7,54.1,78.5
2008-07-04,4.0,4.8,1.0
2008-07-05,0.0,6.7,2.6
2008-07-06,11.5,15.2,11.0
2008-07-07,3.7,16.3,12.2
2008-07-08,3.0,1.3,0.0
2008-07-09,55.5,11.0,6.6
2008-07-10,0.0,12.5,8.1
2008-07-11,0.0,4.0,1.0
2008-07-12,0.0,25.0,24.1
2008-07-13,0.0,17.0,12.7
2008-07-14,0.0,1.5,0.0
2008-07-15,0.0,0.0,0.0
2008-07-16,64.7,33.7,42.3
2008-07-17,41.6,36.2,47.9
2008-07-18,3.5,18.7,14.5
2008-07-19,1.6,2.7,0.0
2008-07-20,26.7,12.9,8.4
2008-07-21,0.5,7.6,2.3
2008-07-22,9.6,15.1,9.9
2008-07-23,4.1,3.2,0.0
2008-07-24,13.6,6.9,1.6
2008-07-25,30.9,17.7,12.8
2008-07-26,0.0,0.8,0.0
2008-07-27,14.6,0.5,0.0
2008-07-28,25.3,20.2,15.6
2008-07-29,2.1,15.7,10.6
2008-07-30,7.7,34.7,34.5
2008-07-31,3.5,6.2,1.0
2008-08-01,8.5,21.1,17.9
2008-08-02,0.0,11.7,7.5
2008-08-03,0.0,1.3,0.0
2008-08-04,4.6,20.9,17.7
2008-08-05,0.0,1.5,0.0
2008-08-06,20.1,36.4,41.8
2008-08-07,16.2,17.4,13.7
2008-08-08,19.8,25.8,23.5
2008-08-09,20.6,2.4,0.0
2008-08-10,48.1,3.2,0.0
2008-08-11,0.0,6.5,3.1
2008-08-12,5.4,4.8,1.8
2008-08-13,2.0,0.3,0.0
2008-08-14,32.8,27.2,20.7
2008-08-15,39.4,16.7,11.7
2008-08-17,36.0,4.3,1.4
2008-08-18,18.0,22.3,16.6
2008-08-19,108.1,58.9,67.6
2008-08-20,2.6,10.0,6.0
2008-08-21,7.8,6.1,2.5
2008-08-22,20.5,11.7,8.2
2008-08-23,29.9,21.9,20.7
2008-08-24,4.4,2.8,0.0
2008-08-25,17.8,0.3,0.0
2008-08-26,73.9,12.6,9.3
2008-08-27,58.1,49.2,63.5
2008-08-28,19.1,28.6,35.1
2008-08-30,28.9,48.5,63.5
2008-08-31,0.0,9.2,5.6
2008-09-01,43.2,27.3,23.8
2008-09-02,0.0,4.0,0.0
2008-09-03,6.6,13.7,8.4
2008-09-04,29.9,17.9,12.9
2008-09-05,7.5,3.7,0.0
2008-09-06,48.0,8.5,3.1
2008-09-07,14.8,19.6,14.9
2008-09-08,97.3,51.9,63.8
2008-09-09,0.0,0.2,0.0
2008-09-10,113.1,20.9,16.3
2008-09-11,3.6,5.4,1.7
2008-09-12,10.2,4.5,1.0
2008-09-13,55.7,35.2,45.0
2008-09-14,11.8,13.7,10.0
2008-09-15,0.0,5.0,1.4
2008-09-16,69.5,29.4,30.8
2008-09-17,177.1,97.0,135.6
2008-09-18,0.0,1.6,0.0
2008-09-19,21.7,8.8,4.8
2008-09-20,0.0,1.1,0.0
2008-09-21,8.7,2.6,0.0
2008-09-22,0.0,0.4,0.0
2008-09-23,0.2,0.3,0.0
2008-09-24,6.0,1.3,0.0
2008-09-25,11.5,8.9,2.5
2008-09-26,27.0,91.8,111.8
2008-09-27,0.0,0.3,0.0
2008-09-28,0.0,0.0,0.0
2008-09-29,25.7,20.3,13.5
2008-09-30,49.0,7.9,1.7
2008-10-02,4.5,9.2,5.0
2008-10-03,42.2,5.5,1.6
2008-10-04,3.7,7.1,3.0
2008-10-05,67.3,2.4,0.0
2008-10-06,0.0,10.7,6.4
2008-10-07,12.5,24.8,21.8
2008-10-08,12.9,18.8,14.5
2008-10-09,11.4,1.9,0.0
2008-10-10,3.0,0.5,0.0
2008-10-11,26.8,66.7,83.7
2008-10-12,2.0,9.5,4.3
2008-10-13,0.0,0.4,0.0
2008-10-14,0.0,8.6,3.5
2008-10-15,15.5,7.1,2.2
2008-10-16,0.0,34.0,32.1
2008-10-17,23.0,0.3,0.0
2008-10-18,1.9,2.6,0.0
2008-10-19,0.0,0.1,0.0
2008-10-20,2.0,39.7,41.2
2008-10-21,0.8,1.4,0.0
2008-10-22,7.0,7.7,3.8
2008-10-24,1.4,22.5,18.2
2008-10-25,0.0,1.7,0.0
2008-10-26,14.2,97.2,67.3
2008-10-27,3.3,7.5,3.6
2008-10-28,1.0,13.1,8.5
2008-10-29,5.9,5.7,2.1
2008-10-30,35.4,13.5,8.9
2008-10-31,9.0,4.5,1.2
2008-11-01,13.9,4.3,1.0
2008-11-02,0.0,0.1,0.0
2008-11-03,2.4,29.1,33.0
2008-11-04,7.9,32.3,39.1
2008-11-05,14.4,9.8,5.4
2008-11-06,16.6,15.0,11.2
2008-11-07,24.0,15.0,11.1
2008-11-08,0.0,2.3,0.0
2008-11-11,5.0,12.5,4.8
2008-11-12,0.0,5.2,0.0
2008-11-14,2.5,9.2,2.1
2008-11-17,132.4,34.2,33.9
2008-11-18,0.0,1.1,0.0
2008-11-19,41.5,37.8,42.3
2008-11-20,5.2,27.2,19.5
2008-11-21,1.0,8.4,4.5
2008-11-22,63.1,14.5,11.1
2008-11-23,1.5,8.3,4.3
2008-11-24,11.5,27.5,33.6
2008-11-25,0.0,1.6,0.0
2008-11-26,0.2,3.0,0.0
2008-11-27,8.7,37.1,50.7
2008-11-28,0.0,5.2,1.5
2008-11-29,3.6,45.3,65.8
2008-12-01,0.0,12.5,6.5
2008-12-02,0.0,4.9,1.0
2008-12-03,0.8,41.8,41.8
2008-12-04,1.8,30.3,25.1
2008-12-05,0.0,17.7,11.2
2008-12-07,3.7,13.3,7.2
2008-12-08,0.0,18.5,12.0
2008-12-09,14.1,32.5,28.1
2008-12-10,0.0,2.1,0.0
2008-12-11,4.3,3.2,1.0
2008-12-12,0.0,14.5,9.3
2008-12-14,1.0,1.6,0.0
2008-12-15,20.8,7.8,3.5
2008-12-16,4.6,9.7,5.1
2008-12-17,0.0,4.3,1.0
2008-12-18,26.9,3.5,1.0
2008-12-19,1.4,1.2,0.0
2008-12-20,19.1,0.1,0.0
2008-12-21,117.6,1.8,0.0
2008-12-22,1.0,13.7,10.4
2008-12-23,32.8,9.5,5.4
2008-12-24,6.5,2.7,0.0
2008-12-27,0.3,33.0,42.9
2008-12-28,0.0,19.5,17.8
2008-12-29,17.4,2.4,0.0
2008-12-30,0.0,1.1,0.0
2008-12-31,23.4,0.6,0.0
2009-01-01,12.5,6.4,2.4
2009-01-02,5.3,8.8,4.5
2009-01-03,13.0,3.3,0.0
2009-01-04,0.0,1.6,0.0
2009-01-05,28.8,2.0,0.0
2009-01-06,0.0,1.4,0.0
2009-01-07,0.0,11.4,6.7
2009-01-08,13.6,10.2,5.7
2009-01-09,2.2,2.6,0.0
2009-01-10,0.0,0.2,0.0
2009-01-11,0.0,0.0,0.0
2009-01-12,0.0,0.0,0.0
2009-01-13,0.0,9.7,5.7
2009-01-14,14.4,26.3,33.5
2009-01-15,0.0,1.6,0.0
2009-01-16,1.2,9.0,5.0
2009-01-18,22.5,40.8,59.2
2009-01-19,2.0,18.0,14.8
2009-01-20,66.6,7.7,3.7
2009-01-21,63.0,4.5,1.9
2009-01-22,0.0,8.6,6.6
2009-01-23,0.0,0.1,0.0
2009-01-24,17.6,28.8,43.4
2009-01-25,12.3,22.9,34.4
2009-01-26,2.5,0.8,0.0
2009-01-28,45.5,33.4,52.2
2009-01-29,0.0,0.5,0.0
2009-01-30,32.6,6.2,3.8
2009-01-31,0.2,6.8,4.5
2009-02-01,0.0,1.0,0.0
2009-02-02,1.3,2.8,0.0
2009-02-03,13.0,34.3,40.5
2009-02-04,22.4,26.9,29.5
2009-02-05,0.0,4.6,0.0
2009-02-06,8.7,25.2,19.1
2009-02-07,35.1,10.9,4.7
2009-02-08,0.0,0.6,0.0
2009-02-09,0.2,7.6,1.7
2009-02-10,1.2,9.2,3.1
2009-02-11,29.6,25.1,20.9
2009-02-12,0.5,11.8,7.9
2009-02-13,38.0,48.8,57.0
2009-02-14,28.8,41.4,48.0
2009-02-15,68.5,4.7,1.6
2009-02-16,58.4,13.4,9.4
2009-02-18,55.6,9.1,5.4
2009-02-19,63.5,19.0,14.9
2009-02-21,84.0,67.5,81.0
2009-02-23,28.1,41.4,49.7
2009-02-24,31.6,50.0,59.4
2009-02-25,0.0,5.1,1.0
2009-02-26,19.2,12.0,7.0
2009-02-27,1.0,4.5,1.0
2009-02-28,10.7,19.1,13.9
2009-03-01,7.8,9.2,4.4
2009-03-02,0.0,2.9,0.0
2009-03-03,3.4,13.8,8.7
2009-03-04,0.0,0.6,0.0
2009-03-05,26.5,63.0,71.3
2009-03-06,75.4,57.5,65.7
2009-03-07,2.7,28.9,23.1
2009-03-08,2.6,12.9,7.8
2009-03-09,0.0,12.4,7.4
2009-03-10,25.2,27.4,21.6
2009-03-12,56.5,49.4,69.4
2009-03-13,67.5,35.0,46.9
2009-03-14,59.7,33.6,44.2
2009-03-17,3.1,2.1,0.0
2009-03-18,8.2,8.7,5.5
2009-03-19,12.1,11.5,8.6
2009-03-20,0.0,0.2,0.0
2009-03-21,44.8,19.1,14.3
2009-03-22,9.0,0.0,0.0
2009-03-23,0.0,0.4,0.0
2009-03-24,0.0,0.6,0.0
2009-03-25,15.2,10.0,6.0
2009-03-26,0.0,0.1,0.0
2009-03-27,0.0,4.0,1.1
2009-03-28,0.0,1.3,0.0
2009-03-29,67.4,11.1,7.0
2009-03-30,0.0,0.3,0.0
2009-04-01,72.5,8.0,2.1
2009-04-02,0.0,1.1,0.0
2009-04-04,0.0,4.4,0.0
2009-04-05,0.0,0.0,0.0
2009-04-06,0.0,0.7,0.0
2009-04-07,2.5,2.6,0.0
2009-04-08,7.1,31.6,32.0
2009-04-09,1.0,11.6,5.1
2009-04-10,0.0,2.0,0.0
2009-04-11,67.7,41.7,43.9
2009-04-12,17.1,14.6,10.4
2009-04-13,34.9,11.1,7.1
2009-04-14,10.5,23.7,19.3
2009-04-15,84.5,27.6,23.3
2009-04-16,8.0,11.7,7.7
2009-04-17,0.0,0.5,0.0
2009-04-18,25.7,5.6,2.2
2009-04-19,5.8,26.5,22.1
2009-04-20,27.0,26.1,21.7
2009-04-21,9.7,15.9,9.5
2009-04-22,75.5,10.6,5.2
2009-04-23,2.0,21.5,14.3
2009-04-24,0.0,0.5,0.0
2009-04-25,0.0,0.7,0.0
2009-04-26,0.0,1.5,0.0
2009-04-27,0.0,0.0,0.0
2009-04-28,0.0,2.1,0.0
2009-04-30,0.0,1.0,0.0
2009-05-01,0.0,0.6,0.0
2009-05-02,0.0,0.0,0.0
2009-05-03,30.2,1.9,0.0
2009-05-04,0.0,0.0,0.0
2009-05-05,16.5,1.9,0.0
2009-05-06,0.0,1.7,0.0
2009-05-07,0.0,0.7,0.0
2009-05-08,60.0,21.4,15.0
2009-05-09,0.0,0.6,0.0
2009-05-10,0.0,0.6,0.0
2009-05-13,0.0,10.9,7.3
2009-05-14,2.0,2.5,0.0
2009-05-15,0.0,22.9,20.7
2009-05-16,17.0,7.4,3.8
2009-05-17,4.3,31.8,34.6
2009-05-18,12.5,47.7,60.8
2009-05-19,0.0,9.5,5.8
2009-05-20,10.0,16.6,13.3
2009-05-21,2.5,10.1,6.0
2009-05-22,0.0,0.0,0.0
2009-05-23,0.0,8.3,4.3
2009-05-24,0.0,0.0,0.0
2009-05-25,0.0,0.0,0.0
2009-05-26,1.2,33.6,37.7
2009-05-27,19.0,0.0,0.0
2009-05-29,2.0,2.4,0.0
2009-05-30,15.6,11.1,6.9
2009-05-31,33.8,39.7,46.8
2009-06-01,55.9,21.6,19.9
2009-06-02,3.1,13.5,10.7
2009-06-03,0.0,1.0,0.0
2009-06-04,20.5,12.6,9.7
2009-06-05,0.0,5.6,2.4
2009-06-06,1.5,14.1,11.3
2009-06-07,32.0,4.8,1.7
2009-06-08,0.3,0.0,0.0
2009-06-09,0.0,0.0,0.0
2009-06-10,39.2,18.6,16.4
2009-06-11,5.0,35.5,38.0
2009-06-12,0.0,3.8,1.0
2009-06-13,0.0,6.4,2.8
2009-06-14,0.0,1.8,0.0
2009-06-15,0.0,0.0,0.0
2009-06-16,1.4,0.0,0.0
2009-06-17,0.0,0.3,0.0
2009-06-18,0.0,1.8,0.0
2009-06-19,8.2,56.1,66.9
2009-06-21,1.5,6.6,3.1
2009-06-22,4.6,31.0,30.8
2009-06-23,13.0,9.7,5.8
2009-06-24,1.5,14.5,10.5
2009-06-25,12.3,5.8,2.3
2009-06-27,8.4,52.0,68.7
2009-06-28,25.0,8.8,5.0
2009-06-29,49.9,47.6,63.0
2009-06-30,2.7,2.5,1.0
2009-07-01,16.9,25.9,24.1
2009-07-02,0.0,2.1,0.0
2009-07-03,1.0,7.8,3.5
2009-07-04,0.0,5.0,1.2
2009-07-05,0.0,5.5,1.6
2009-07-06,0.0,0.0,0.0
2009-07-07,3.5,12.0,7.6
2009-07-08,12.3,13.8,9.5
2009-07-10,1.4,12.6,8.3
2009-07-11,8.4,14.7,10.2
2009-07-12,36.3,7.3,3.2
2009-07-13,5.0,9.5,5.1
2009-07-14,0.9,7.7,3.5
2009-07-15,12.8,13.6,9.1
2009-07-16,17.4,32.7,39.8
2009-07-17,89.6,24.2,20.8
2009-07-18,0.0,2.4,0.0
2009-07-19,41.6,13.0,8.5
2009-07-20,8.6,23.1,19.4
2009-07-21,5.9,5.9,1.0
2009-07-22,0.2,28.1,24.1
2009-07-24,15.7,15.6,10.5
2009-07-25,6.3,27.5,23.5
2009-07-26,1.0,17.7,12.7
2009-07-27,0.0,13.7,8.4
2009-07-28,0.0,8.8,3.5
2009-07-29,0.0,9.1,3.7
2009-07-30,0.0,3.3,0.0
2009-07-31,0.0,2.9,0.0
2009-08-01,0.0,0.6,0.0
2009-08-03,0.0,0.3,0.0
2009-08-04,9.5,3.1,0.0
2009-08-05,0.0,1.3,0.0
2009-08-06,70.5,13.9,9.9
2009-08-07,57.3,20.5,17.3
2009-08-08,0.0,0.0,0.0
2009-08-09,0.0,0.1,0.0
2009-08-10,0.0,0.2,0.0
2009-08-11,0.0,1.9,0.0
2009-08-12,0.1,12.1,7.8
2009-08-13,0.0,0.0,0.0
2009-08-15,69.4,15.8,10.9
2009-08-16,15.9,30.2,24.9
2009-08-17,2.2,11.6,7.3
2009-08-18,0.0,3.2,1.0
2009-08-19,9.1,4.9,1.9
2009-08-20,18.9,13.6,9.0
2009-08-21,0.0,1.4,0.0
2009-08-22,3.7,22.1,20.5
2009-08-24,1.0,21.1,19.2
2009-08-25,2.2,40.9,53.0
2009-08-26,4.8,18.6,16.3
2009-08-27,0.0,1.5,0.0
2009-08-28,0.0,2.9,0.0
2009-08-29,50.3,1.6,0.0
2009-08-30,0.0,0.2,0.0
2009-08-31,0.5,9.1,5.5
2009-09-01,5.0,0.1,0.0
2009-09-02,34.6,47.2,56.3
2009-09-04,29.3,15.5,10.3
2009-09-05,1.3,8.6,3.2
2009-09-06,0.0,15.2,9.9
2009-09-07,0.0,0.0,0.0
2009-09-10,0.0,0.0,0.0
2009-09-11,10.6,1.3,0.0
2009-09-13,3.0,10.7,6.7
2009-09-14,0.0,3.8,1.0
2009-09-16,10.6,1.9,0.0
2009-09-17,5.3,10.7,6.8
2009-09-18,37.6,43.5,60.7
2009-09-19,3.5,5.2,1.6
2009-09-20,45.2,33.1,39.1
2009-09-21,36.8,12.2,5.3
2009-09-22,19.5,35.2,38.6
2009-09-23,32.9,9.4,2.9
2009-09-24,14.5,17.2,10.2
2009-09-25,2.0,4.4,0.0
2009-09-26,64.2,22.7,16.1
2009-09-27,0.0,0.5,0.0
2009-09-28,1.0,0.0,0.0
2009-09-29,0.0,0.0,0.0
2009-09-30,0.0,0.0,0.0
2009-10-01,2.1,9.5,5.2
2009-10-02,3.9,17.6,13.3
2009-10-03,6.8,13.8,9.5
2009-10-04,0.0,0.1,0.0
2009-10-05,0.0,0.2,0.0
2009-10-06,17.0,5.6,1.7
2009-10-07,14.0,25.2,21.6
2009-10-08,28.7,19.6,15.4
2009-10-09,124.6,258.2,108.3
2009-10-10,0.0,9.3,5.1
2009-10-11,0.0,2.7,0.0
2009-10-13,0.0,19.0,13.9
2009-10-14,0.0,7.6,2.6
2009-10-15,0.0,1.7,0.0
2009-10-16,18.0,25.6,20.1
2009-10-17,14.7,31.1,27.5
2009-10-18,22.6,20.1,15.4
2009-10-19,0.0,9.3,4.2
2009-10-21,0.2,15.2,10.4
2009-10-22,0.0,5.1,1.7
2009-10-23,0.0,1.5,0.0
2009-10-24,1.5,14.7,10.0
2009-10-25,2.0,3.6,1.0
2009-10-26,0.0,0.0,0.0
2009-10-27,0.0,0.0,0.0
2009-10-28,0.0,0.0,0.0
2009-10-29,0.0,0.0,0.0
2009-10-30,0.0,0.0,0.0
2009-10-31,0.0,0.0,0.0
2009-11-01,0.0,0.0,0.0
2009-11-02,1.6,7.1,2.6
2009-11-03,0.0,4.7,1.0
2009-11-04,1.0,1.0,0.0
2009-11-05,0.0,0.1,0.0
2009-11-07,0.1,27.4,29.9
2009-11-08,2.8,20.6,19.0
2009-11-09,9.5,24.4,24.8
2009-11-10,0.0,4.2,1.0
2009-11-11,0.0,2.4,0.0
2009-11-12,23.0,15.9,8.0
2009-11-13,0.6,15.6,7.7
2009-11-14,3.7,9.8,2.6
2009-11-15,0.0,1.6,0.0
2009-11-16,1.2,0.7,0.0
2009-11-17,1.5,9.1,2.0
2009-11-18,70.0,54.1,67.9
2009-11-19,7.7,6.3,1.0
2009-11-20,0.0,0.2,0.0
2009-11-21,0.0,0.0,0.0
2009-11-22,0.0,0.0,0.0
2009-11-23,0.0,0.0,0.0
2009-11-24,0.0,0.6,0.0
2009-11-25,0.0,0.0,0.0
2009-11-26,0.0,0.2,0.0
2009-11-27,0.0,5.0,1.2
2009-11-28,7.0,13.5,9.9
2009-11-29,0.0,4.6,1.0
2009-11-30,10.0,3.5,1.0
2009-12-01,0.0,7.6,2.5
2009-12-02,0.0,19.3,12.8
2009-12-03,2.0,11.5,5.6
2009-12-04,0.0,3.2,0.0
2009-12-05,0.0,0.8,0.0
2009-12-06,8.0,10.3,4.6
2009-12-07,21.0,2.6,0.0
2009-12-08,0.0,0.5,0.0
2009-12-09,0.8,0.6,0.0
2009-12-10,4.0,5.6,1.0
2009-12-11,0.5,2.1,0.0
2009-12-12,0.0,10.4,5.7
2009-12-13,14.6,26.9,24.5
2009-12-14,7.8,34.7,36.2
2009-12-15,1.0,6.2,2.2
2009-12-16,1.3,10.7,6.0
2009-12-17,0.0,0.0,0.0
2009-12-18,0.0,0.7,0.0
2009-12-19,0.0,16.8,11.5
2009-12-20,17.6,3.8,1.0
2009-12-21,7.0,0.3,0.0
2009-12-22,3.5,4.4,1.0
2009-12-23,3.0,0.0,0.0
2009-12-24,25.0,17.7,15.6
2009-12-25,0.0,5.8,1.4
2009-12-26,25.0,0.9,0.0
2009-12-27,0.0,6.7,2.3
2009-12-29,9.0,15.2,12.4
2009-12-30,2.0,13.7,10.5
2009-12-31,19.4,1.6,0.0
2010-01-01,11.7,4.4,1.0
2010-01-04,2.1,6.9,2.9
2010-01-05,35.0,9.6,5.2
2010-01-10,28.5,11.8,7.0
2010-01-11,13.0,6.1,2.1
2010-01-15,4.0,11.7,7.8
2010-01-16,0.6,7.5,3.5
2010-01-17,25.0,21.1,18.4
2010-01-19,4.0,6.6,2.6
2010-01-24,14.1,10.7,9.4
2010-01-25,42.0,19.1,20.4
2010-01-26,17.0,24.8,36.7
2010-01-27,7.8,7.1,4.9
2010-01-28,56.4,11.7,10.6
2010-01-29,18.5,5.0,2.5
2010-01-30,6.8,17.5,18.4
2010-01-31,4.1,15.3,15.4
2010-02-01,41.1,3.6,0.0
2010-02-02,82.2,26.6,21.9
2010-02-03,9.7,2.5,0.0
2010-02-05,30.0,19.6,13.5
2010-02-06,77.4,119.3,84.9
2010-02-07,37.4,21.4,15.5
2010-02-08,31.1,16.9,10.7
2010-02-09,23.5,15.4,9.1
2010-02-11,5.8,0.0,0.0
2010-02-15,41.0,10.8,6.9
2010-02-16,73.7,15.9,11.8
2010-02-17,2.7,8.3,4.7
2010-02-18,10.4,20.6,16.5
2010-02-19,82.9,68.1,78.1
2010-02-20,74.0,23.6,19.4
2010-02-21,1.2,4.9,1.0
2010-02-22,1.0,0.0,0.0
2010-02-23,70.9,18.6,13.3
2010-02-25,4.6,1.5,0.0
2010-02-26,14.3,8.5,3.8
2010-03-01,56.7,43.4,49.1
2010-03-02,18.0,13.0,7.9
2010-03-03,1.8,3.9,0.0
2010-03-05,8.5,80.2,85.0
2010-03-06,56.4,50.2,53.7
2010-03-07,36.7,17.6,12.2
2010-03-09,6.1,12.7,7.6
2010-03-10,33.5,19.7,14.2
2010-03-11,18.3,39.1,53.5
2010-03-14,0.5,0.6,0.0
2010-03-16,4.0,4.0,1.0
2010-03-17,86.1,76.1,95.8
2010-03-18,22.9,30.5,37.9
2010-03-20,2.0,12.2,9.5
2010-03-21,2.8,47.1,45.8
2010-03-22,1.5,14.8,10.3
2010-03-23,26.1,28.1,24.3
2010-03-24,41.5,12.3,8.0
2010-03-26,75.2,23.3,18.4
2010-03-27,0.3,1.9,0.0
2010-03-28,70.6,33.2,31.1
2010-03-29,0.5,1.1,0.0
2010-03-30,5.0,14.2,9.8
2010-03-31,3.0,1.1,0.0
2010-05-01,8.0,5.0,1.0
2010-05-02,4.2,26.8,19.7
2010-05-04,2.5,4.1,1.0
2010-05-06,7.4,26.8,20.3
2010-05-07,6.6,13.6,8.0
2010-05-09,22.0,3.3,0.0
2010-05-10,6.1,31.1,33.0
2010-05-11,3.0,21.8,19.3
2010-05-12,1.0,7.7,4.0
2010-05-13,31.2,4.2,1.0
2010-05-14,5.7,0.0,0.0
2010-05-15,16.5,32.5,35.4
2010-05-16,23.2,28.8,28.3
2010-05-18,61.1,80.4,93.2
2010-05-19,87.8,21.3,18.4
2010-05-20,16.6,5.4,1.9
2010-05-21,3.0,22.8,19.1
2010-05-22,10.5,32.4,37.5
2010-05-23,22.6,6.3,2.6
2010-05-24,8.5,17.9,13.8
2010-05-26,45.5,7.7,3.8
2010-05-27,8.6,2.2,0.0
2010-05-28,4.0,23.6,24.6
2010-05-29,3.0,11.2,7.0
2010-07-01,3.0,0.0,0.0
2010-07-02,3.1,0.0,0.0
2010-07-03,3.0,0.5,0.0
2010-07-04,22.7,4.5,1.0
2010-07-06,0.2,8.2,3.9
2010-07-07,25.0,11.9,7.5
2010-07-08,6.2,15.0,10.7
2010-07-09,3.5,23.9,21.1
2010-07-10,1.0,7.9,3.6
2010-07-11,0.3,24.0,20.5
2010-07-14,7.5,10.0,5.5
2010-07-15,38.0,3.9,1.0
2010-07-17,44.0,105.1,100.5
2010-07-19,4.0,25.6,22.6
2010-07-20,111.3,129.3,102.2
2010-07-22,77.3,18.4,13.5
2010-07-23,3.5,10.6,5.2
2010-07-24,2.8,4.0,0.0
2010-07-27,1.8,9.9,4.6
2010-07-28,25.2,29.8,26.8
2010-07-29,16.7,10.8,5.4
2010-07-30,9.0,33.6,32.9
2010-09-01,17.3,2.1,0.0
2010-09-03,19.5,96.6,102.9
2010-09-04,30.7,28.1,24.2
2010-09-06,31.5,24.9,20.9
2010-09-07,24.5,2.4,0.0
2010-09-08,47.3,29.1,27.1
2010-09-09,13.2,44.5,52.5
2010-09-11,21.2,16.3,12.9
2010-09-12,11.1,0.0,0.0
2010-09-13,50.5,40.7,55.5
2010-09-14,9.0,1.1,0.0
2010-09-17,4.0,0.8,0.0
2010-09-18,22.5,34.2,40.8
2010-09-19,109.2,64.7,103.7
2010-09-20,6.1,20.5,17.9
2010-09-24,1.0,3.6,0.0
2010-09-25,36.6,45.6,57.1
2010-09-27,1.0,12.8,5.9
2010-09-28,1.0,3.5,0.0
2010-09-29,26.1,9.4,2.9
2010-09-30,46.5,7.6,1.4
2010-10-01,5.0,2.1,0.0
2010-10-03,79.6,78.1,95.3
2010-10-04,32.5,47.3,54.5
2010-10-06,78.0,76.1,91.6
2010-10-09,11.0,25.1,23.8
2010-10-10,70.0,16.4,12.1
2010-10-12,31.5,25.3,20.1
2010-10-14,16.2,33.8,31.3
2010-10-17,44.5,30.5,26.9
2010-10-18,2.6,30.3,26.7
2010-10-19,9.8,10.8,5.6
2010-10-20,22.5,0.7,0.0
2010-10-22,5.0,25.2,24.4
2010-10-23,5.5,18.7,13.7
2010-10-24,4.4,21.3,16.2
2010-10-26,2.2,5.1,1.6
2010-10-27,44.5,53.1,54.1
2010-10-30,16.3,46.9,49.1
2010-10-31,26.0,2.7,0.0
2010-11-01,8.0,5.9,1.5
2010-11-02,108.2,106.7,124.0
2010-11-03,12.1,27.7,31.2
2010-11-04,0.2,3.6,0.0
2010-11-05,38.2,38.8,50.3
2010-11-06,64.3,58.2,79.8
2010-11-07,9.5,12.7,8.5
2010-11-09,1.0,4.5,1.0
2010-11-10,0.0,1.4,0.0
2010-11-11,30.5,56.6,71.3
2010-11-13,9.0,17.6,9.5
2010-11-15,3.2,25.9,18.4
2010-11-18,1.5,73.2,86.0
2010-11-19,8.7,13.4,5.6
2010-11-20,5.5,26.7,19.1
2010-11-22,35.8,8.5,4.5
2010-11-23,8.8,8.0,4.0
2010-11-24,67.0,50.4,75.4
2010-11-25,5.5,6.1,2.2
2010-11-26,66.7,12.2,8.5
2010-11-30,3.5,7.0,3.0
2010-12-03,22.5,13.3,7.2
2010-12-04,98.5,65.6,89.8
2010-12-06,14.6,17.7,11.3
2010-12-07,44.3,50.2,57.5
2010-12-08,18.0,13.2,7.1
2010-12-10,27.4,31.7,26.5
2010-12-11,1.0,4.2,1.0
2010-12-12,9.7,6.4,2.4
2010-12-13,13.0,13.2,8.1
2010-12-18,15.8,10.6,5.9
2010-12-20,3.0,4.9,1.2
2010-12-21,37.6,42.6,57.6
2010-12-23,103.8,84.9,143.9
2010-12-24,2.0,1.2,0.0
2010-12-26,32.6,13.0,9.6
2010-12-29,16.0,21.1,20.0
2010-12-30,0.4,4.2,1.0
2011-01-02,27.0,2.0,0.0
2011-01-03,4.7,0.1,0.0
2011-01-04,2.0,0.0,0.0
2011-01-05,2.0,10.2,5.7
2011-01-06,5.6,11.7,7.0
2011-01-07,30.6,3.1,0.0
2011-01-11,63.5,17.4,14.1
2011-01-12,1.7,11.0,7.1
2011-01-13,9.3,20.3,17.6
2011-01-15,59.5,7.9,3.9
2011-01-16,41.6,8.0,4.0
2011-01-17,49.0,4.9,1.1
2011-01-19,11.7,6.2,2.2
2011-01-21,4.7,2.7,1.0
2011-01-24,33.5,24.3,36.7
2011-01-25,4.1,14.4,14.1
2011-01-26,2.3,10.1,8.6
2011-01-27,81.2,19.5,21.9
2011-01-30,152.8,45.9,74.0
2011-01-31,31.0,14.2,13.9
2011-02-02,2.0,8.4,2.4
2011-02-03,0.3,0.2,0.0
2011-02-06,1.9,7.6,1.7
2011-02-08,9.8,13.6,7.3
2011-02-10,0.3,11.9,5.6
2011-02-13,0.6,0.6,0.0
2011-02-17,5.0,9.6,5.8
2011-02-18,2.7,2.1,0.0
2011-02-19,20.2,9.6,5.8
2011-02-20,46.2,23.9,19.7
2011-02-23,23.0,29.8,25.1
2011-02-24,10.5,4.0,1.0
2011-02-27,17.9,16.9,11.7
2011-04-04,3.9,26.2,20.3
2011-04-06,8.5,11.1,4.7
2011-04-08,52.0,15.4,8.6
2011-04-11,16.0,1.3,0.0
2011-04-12,1.0,15.6,11.3
2011-04-13,33.6,44.2,46.9
2011-04-14,5.0,12.2,8.1
2011-04-16,52.6,56.8,64.3
2011-04-18,12.2,54.0,59.2
2011-04-19,10.7,18.4,14.0
2011-04-20,18.0,4.5,1.3
2011-04-21,9.0,28.0,25.5
2011-04-24,16.7,25.0,17.9
2011-04-25,1.0,2.1,0.0
2011-04-26,96.5,88.8,78.7
2011-04-27,2.4,4.3,1.0
2011-04-29,9.6,40.3,40.6
2011-05-01,64.0,111.8,70.3
2011-05-02,45.2,42.0,46.7
2011-05-03,6.5,34.5,38.1
2011-05-04,84.4,36.9,40.3
2011-05-05,5.0,26.0,19.2
2011-05-07,45.4,2.6,0.0
2011-05-08,12.0,9.2,4.2
2011-05-09,1.5,1.6,0.0
2011-05-11,0.7,1.1,0.0
2011-05-12,13.8,15.5,12.1
2011-05-13,0.2,4.9,1.4
2011-05-16,27.6,12.0,8.5
2011-05-17,15.7,13.9,10.4
2011-05-18,10.4,18.3,15.1
2011-05-21,6.9,5.6,2.0
2011-05-22,19.6,40.0,46.9
2011-05-23,7.0,15.7,11.5
2011-05-24,1.0,13.3,9.1
2011-05-26,0.9,9.5,5.4
2011-05-27,62.7,14.2,9.9
2011-05-28,6.5,8.8,4.8
2011-05-29,69.5,21.2,17.5
2011-05-31,34.5,5.5,2.0
2011-06-02,92.5,33.2,35.7
2011-06-03,21.5,0.0,0.0
2011-06-05,40.6,4.3,1.3
2011-06-06,105.0,37.9,45.5
2011-06-07,5.0,1.9,0.0
2011-06-09,36.5,3.6,1.0
2011-06-10,12.0,67.4,81.2
2011-06-12,25.0,64.9,76.9
2011-06-16,19.0,26.7,23.0
2011-06-17,0.8,5.4,2.0
2011-06-19,8.0,12.3,8.0
2011-06-20,21.5,10.1,6.0
2011-06-21,1.4,8.7,4.9
2011-06-22,13.6,13.1,9.1
2011-06-23,11.0,10.4,6.4
2011-06-25,0.2,4.9,1.7
2011-06-27,18.1,106.8,143.1
2011-06-28,54.3,45.0,56.5
2011-06-30,0.2,6.4,2.8
2011-07-01,39.7,22.4,20.1
2011-07-03,17.9,29.3,27.5
2011-07-05,208.7,57.7,88.1
2011-07-06,11.0,26.2,23.8
2011-07-09,14.0,0.0,0.0
2011-07-12,5.0,0.4,0.0
2011-07-15,4.0,16.6,12.2
2011-07-16,19.0,42.0,54.3
2011-07-18,7.4,17.5,13.2
2011-07-19,4.0,3.6,1.0
2011-07-20,0.5,15.5,11.1
2011-07-21,1.5,16.2,11.2
2011-07-22,9.0,21.1,16.5
2011-07-23,2.7,33.9,33.6
2011-07-24,0.2,1.2,0.0
2011-07-28,16.0,11.3,6.0
2011-07-29,1.3,8.4,3.0
2011-07-30,12.3,6.6,1.3
2011-07-31,0.5,9.2,3.8
2011-08-01,0.7,7.3,3.0
2011-08-02,5.1,8.6,4.3
2011-08-03,0.2,1.2,0.0
2011-08-04,19.6,0.8,0.0
2011-09-01,4.0,2.6,0.0
2011-09-02,2.4,19.9,15.2
2011-09-03,68.3,13.5,8.1
2011-09-04,6.7,1.3,0.0
2011-09-06,27.5,31.2,32.0
2011-09-07,58.1,33.8,36.6
2011-09-08,6.6,1.3,0.0
2011-09-10,44.2,4.3,0.0
2011-09-11,1.5,20.5,17.9
2011-09-12,15.0,19.4,16.6
2011-09-13,3.9,0.6,0.0
2011-09-15,2.4,23.6,22.5
2011-09-16,19.9,9.9,5.9
2011-09-17,2.7,3.9,1.0
2011-09-18,3.0,12.5,8.6
2011-09-19,1.3,18.2,15.2
2011-09-20,2.4,8.0,4.0
2011-09-22,27.5,0.9,0.0
2011-09-23,0.5,16.1,9.1
2011-09-25,13.4,21.0,14.2
2011-09-26,8.0,15.2,8.2
2011-09-27,3.5,0.7,0.0
2011-09-30,7.0,5.6,1.0
2011-10-01,9.0,0.4,0.0
2011-10-02,5.5,22.6,19.2
2011-10-06,10.0,3.1,0.0
2011-10-08,0.9,3.8,1.0
2011-10-09,13.7,1.2,0.0
2011-10-10,1.0,1.0,0.0
2011-10-11,6.8,17.2,11.9
2011-10-12,2.5,8.0,2.9
2011-10-13,0.2,24.8,19.8
2011-10-14,5.0,10.2,5.0
2011-10-15,1.7,17.5,12.3
2011-10-16,12.8,6.3,1.5
2011-10-21,9.0,26.5,26.4
2011-10-22,1.8,7.4,3.5
2011-10-24,24.5,23.7,18.9
2011-10-27,8.0,8.5,4.4
2011-10-28,40.5,7.0,3.2
2011-10-31,0.7,2.5,0.0
2011-11-02,47.0,20.8,17.8
2011-11-03,20.0,5.2,1.0
2011-11-04,9.0,8.1,3.6
2011-11-05,14.0,26.4,29.4
2011-11-06,35.5,30.3,35.6
2011-11-08,79.7,43.6,58.1
2011-11-09,0.6,6.1,1.6
2011-11-14,14.0,1.4,0.0
2011-11-15,2.8,0.3,0.0
2011-11-16,13.4,26.3,18.8
2011-11-19,4.5,38.2,42.4
2011-11-20,5.5,5.3,0.0
2011-11-22,60.0,6.4,2.5
2011-11-24,0.4,6.1,2.2
2011-11-25,26.0,6.0,2.1
2011-11-27,30.0,6.6,2.7
2011-11-28,3.0,33.6,44.1
2011-11-29,38.4,42.8,61.3
2011-11-30,49.5,38.5,52.7
2011-12-01,49.6,22.8,16.2
2011-12-02,6.6,0.4,0.0
2011-12-05,14.2,1.8,0.0
2011-12-07,17.0,3.0,0.0
2011-12-09,28.7,0.0,0.0
2011-12-11,4.9,11.3,6.5
2011-12-12,0.5,8.7,4.3
2011-12-14,0.9,0.5,0.0
2011-12-18,49.0,0.3,0.0
2011-12-20,1.0,19.8,14.2
2011-12-21,5.5,0.7,0.0
2011-12-23,82.7,2.4,0.0
2011-12-25,12.0,0.3,0.0
2011-12-27,51.5,100.3,176.0
2011-12-28,62.5,41.1,55.4
2011-12-29,27.7,3.5,0.0
2012-01-02,0.0,3.5,0.0
2012-01-03,8.2,21.2,15.1
2012-01-04,22.5,13.7,8.6
2012-01-05,0.0,6.1,2.1
2012-01-06,4.3,30.4,28.9
2012-01-07,7.4,42.6,41.7
2012-01-08,11.3,34.8,33.9
2012-01-09,20.0,17.9,12.2
2012-01-10,77.2,39.0,38.6
2012-01-12,0.2,10.5,6.5
2012-01-13,0.0,0.2,0.0
2012-01-14,0.3,0.6,0.0
2012-01-15,20.9,8.3,4.3
2012-01-16,4.0,0.1,0.0
2012-01-17,0.0,0.1,0.0
2012-01-18,199.5,31.9,44.0
2012-01-19,0.0,0.5,0.0
2012-01-20,23.1,10.6,6.6
2012-01-21,0.0,0.2,0.0
2012-01-22,3.0,13.8,13.3
2012-01-23,65.7,40.2,63.8
2012-01-24,6.0,2.6,1.0
2012-01-25,33.2,5.7,3.3
2012-01-27,1.2,2.5,1.0
2012-01-28,93.5,3.4,1.0
2012-01-29,2.7,13.0,12.3
2012-01-30,0.0,1.3,0.0
2012-01-31,0.0,0.4,0.0
2012-02-01,20.5,11.6,5.4
2012-02-02,5.8,4.1,0.0
2012-02-03,0.0,0.0,0.0
2012-02-04,0.0,0.1,0.0
2012-02-05,0.0,5.0,0.0
2012-02-06,0.0,0.3,0.0
2012-02-07,0.0,7.2,1.4
2012-02-08,2.0,6.5,1.0
2012-02-09,0.0,1.0,0.0
2012-02-10,1.8,7.3,1.5
2012-02-11,12.0,23.6,19.5
2012-02-12,0.0,2.1,0.0
2012-02-13,0.8,3.3,1.0
2012-02-14,9.8,7.8,4.2
2012-02-15,2.6,0.0,0.0
2012-02-16,51.2,12.8,8.8
2012-02-17,1.0,19.7,15.5
2012-02-19,31.6,32.6,35.2
2012-02-20,58.6,6.2,2.9
2012-02-21,3.0,3.4,0.0
2012-02-22,11.4,0.3,0.0
2012-02-23,49.9,34.5,38.0
2012-02-24,7.2,1.0,0.0
2012-02-25,0.0,4.3,1.0
2012-02-26,4.5,12.0,6.9
2012-02-27,12.8,82.5,90.1
2012-02-28,10.7,18.1,12.8
2012-02-29,2.0,6.0,1.6
2012-03-01,0.0,1.9,0.0
2012-03-02,16.0,20.6,15.1
2012-03-03,34.0,22.4,16.8
2012-03-04,78.0,39.1,45.7
2012-03-05,0.0,3.7,0.0
2012-03-06,28.5,54.1,62.1
2012-03-07,4.0,16.1,10.8
2012-03-08,20.0,27.1,21.4
2012-03-09,1.6,7.7,3.1
2012-03-10,2.4,23.2,17.6
2012-03-11,65.6,21.1,20.1
2012-03-12,68.4,32.7,43.6
2012-03-13,106.2,46.5,65.5
2012-03-14,8.0,3.6,1.0
2012-03-15,33.4,7.1,3.8
2012-03-16,7.2,19.0,17.5
2012-03-17,6.9,20.8,19.7
2012-03-18,35.5,62.4,83.9
2012-03-19,0.0,7.4,4.0
2012-03-20,0.5,2.5,0.0
2012-03-21,14.8,14.3,9.8
2012-03-22,12.9,28.7,23.1
2012-03-23,7.4,33.3,31.1
2012-03-24,43.5,28.6,25.1
2012-03-25,0.0,2.8,1.0
2012-03-26,0.0,6.7,3.2
2012-03-27,0.0,1.4,0.0
2012-03-28,22.1,23.8,18.8
2012-03-29,30.9,8.0,4.3
2012-03-30,9.5,7.5,3.8
2012-03-31,0.0,2.6,1.0
2012-04-01,0.0,10.4,4.1
2012-04-02,0.0,0.2,0.0
2012-04-03,0.0,0.8,0.0
2012-04-04,0.0,7.6,1.8
2012-04-05,3.3,8.5,2.5
2012-04-06,13.6,20.2,13.5
2012-04-07,3.4,22.4,15.8
2012-04-08,1.2,5.4,1.0
2012-04-09,43.5,55.8,62.4
2012-04-10,3.4,23.2,16.6
2012-04-11,22.8,34.6,34.7
2012-04-12,18.0,29.9,25.8
2012-04-13,0.0,0.6,0.0
2012-04-15,72.0,22.8,18.4
2012-04-16,5.4,14.8,10.6
2012-04-17,49.0,61.9,67.8
2012-04-18,0.0,3.0,1.0
2012-04-19,1.0,14.8,10.6
2012-04-20,1.2,6.3,2.8
2012-04-21,8.6,26.5,22.9
2012-04-24,35.1,69.0,67.2
2012-04-25,28.4,5.2,1.1
2012-04-26,70.0,79.1,74.6
2012-04-27,0.0,2.9,0.0
2012-04-28,44.0,8.2,3.3
2012-04-29,82.5,20.5,13.4
2012-04-30,0.0,2.8,0.0
2012-05-01,3.8,26.8,20.6
2012-05-02,52.5,11.7,6.4
2012-05-03,5.0,8.0,3.2
2012-05-04,40.0,12.3,6.8
2012-05-05,5.1,1.3,0.0
2012-05-06,0.0,0.3,0.0
2012-05-07,0.0,4.4,1.0
2012-05-08,0.0,4.8,1.0
2012-05-09,5.0,20.3,14.0
2012-05-10,0.0,0.3,0.0
2012-05-11,7.0,12.6,9.0
2012-05-12,0.0,1.0,0.0
2012-05-13,29.5,21.9,19.8
2012-05-14,0.0,0.1,0.0
2012-05-15,0.0,3.9,1.0
2012-05-16,0.0,5.2,1.7
2012-05-17,0.0,7.3,3.7
2012-05-18,0.0,7.0,3.4
2012-05-19,0.0,6.8,3.2
2012-05-20,0.0,25.9,23.1
2012-05-21,69.0,103.4,107.2
2012-05-22,0.7,10.2,6.1
2012-05-24,0.0,2.4,0.0
2012-05-25,0.0,4.5,1.2
2012-05-26,3.2,11.3,7.1
2012-05-27,1.5,0.5,0.0
2012-05-28,0.0,4.1,1.0
2012-05-29,67.4,57.4,70.5
2012-05-30,0.0,0.5,0.0
2012-05-31,0.0,0.0,0.0
2012-06-01,0.0,0.3,0.0
2012-06-02,0.0,0.0,0.0
2012-06-03,53.5,41.4,52.8
2012-06-04,17.2,11.7,8.7
2012-06-05,0.2,16.1,13.5
2012-06-06,0.0,0.9,0.0
2012-06-07,7.3,34.6,38.7
2012-06-08,0.0,3.8,1.0
2012-06-09,7.9,13.2,10.3
2012-06-10,13.2,5.1,2.0
2012-06-11,2.5,4.2,1.1
2012-06-12,5.8,38.9,43.3
2012-06-13,0.0,8.1,4.2
2012-06-14,0.5,9.9,5.8
2012-06-15,0.0,3.9,1.0
2012-06-16,14.0,68.2,80.6
2012-06-17,1.8,0.8,0.0
2012-06-18,0.0,0.2,0.0
2012-06-20,5.0,19.3,15.0
2012-06-21,73.3,14.1,10.0
2012-06-22,35.3,15.7,11.6
2012-06-23,11.6,9.5,5.6
2012-06-24,2.7,14.3,10.3
2012-06-25,0.0,0.0,0.0
2012-06-26,0.8,17.0,13.0
2012-06-28,2.8,0.4,0.0
2012-06-29,0.0,0.2,0.0
2012-06-30,0.4,8.8,4.9
2012-07-01,0.0,23.3,19.9
2012-07-02,1.9,12.0,7.6
2012-07-03,2.6,16.9,12.9
2012-07-04,0.0,0.3,0.0
2012-07-05,1.9,3.3,0.0
2012-07-06,0.0,1.5,0.0
2012-07-07,6.0,11.2,6.8
2012-07-08,72.2,55.2,81.3
2012-07-09,56.0,17.0,13.0
2012-07-10,1.3,23.6,21.2
2012-07-11,3.5,19.4,15.3
2012-07-12,69.7,14.2,9.7
2012-07-13,3.5,23.3,19.3
2012-07-14,25.9,2.1,0.0
2012-07-15,91.8,107.5,102.7
2012-07-16,55.2,19.2,15.1
2012-07-17,1.4,14.8,10.4
2012-07-18,8.1,9.5,5.1
2012-07-20,4.8,18.8,14.6
2012-07-21,14.0,26.5,22.7
2012-07-22,0.0,3.6,0.0
2012-07-23,0.0,0.1,0.0
2012-07-24,23.4,11.4,6.0
2012-07-25,9.0,15.6,10.4
2012-07-26,0.2,6.3,1.0
2012-07-27,1.6,14.3,9.1
2012-07-28,6.7,40.5,44.5
2012-07-29,0.6,5.6,1.0
2012-07-31,19.7,27.0,24.0
2012-08-01,0.0,6.9,2.6
2012-08-02,7.7,28.5,26.5
2012-08-03,0.0,0.5,0.0
2012-08-04,0.2,5.6,1.4
2012-08-05,2.5,10.3,6.0
2012-08-06,0.0,5.2,1.0
2012-08-07,6.4,41.1,48.5
2012-08-08,0.0,2.7,0.0
2012-08-09,7.2,31.0,27.5
2012-08-10,0.0,2.0,0.0
2012-08-11,0.0,11.4,7.2
2012-08-12,0.0,4.6,1.7
2012-08-13,17.5,17.8,12.6
2012-08-14,13.6,12.9,8.4
2012-08-16,0.0,0.9,0.0
2012-08-17,12.0,29.3,23.3
2012-08-18,0.0,1.4,0.0
2012-08-19,52.0,110.0,100.4
2012-08-20,10.7,18.2,12.9
2012-08-22,1.4,11.1,7.6
2012-08-23,5.3,6.4,2.7
2012-08-24,27.9,20.5,18.5
2012-08-25,10.0,7.7,4.0
2012-08-26,0.0,5.5,1.9
2012-08-27,32.7,11.2,7.6
2012-08-28,42.2,33.5,42.6
2012-08-29,4.4,24.4,23.0
2012-08-31,0.0,0.0,0.0
2012-09-01,3.6,19.7,14.9
2012-09-02,41.6,39.8,46.3
2012-09-03,69.5,11.6,6.1
2012-09-04,2.2,22.9,18.7
2012-09-05,36.6,4.1,0.0
2012-09-06,0.8,1.2,0.0
2012-09-07,1.0,13.8,8.4
2012-09-08,11.8,31.1,31.4
2012-09-09,26.5,51.2,63.2
2012-09-10,94.5,10.4,4.9
2012-09-12,38.1,4.0,1.0
2012-09-13,0.0,6.5,2.7
2012-09-14,0.0,1.4,0.0
2012-09-15,0.0,0.0,0.0
2012-09-16,0.0,0.7,0.0
2012-09-17,0.0,0.3,0.0
2012-09-18,0.0,1.2,0.0
2012-09-19,0.0,0.9,0.0
2012-09-20,2.0,9.5,5.5
2012-09-21,0.0,0.6,0.0
2012-09-22,3.0,16.2,9.2
2012-09-23,2.0,12.0,5.1
2012-09-24,6.1,24.6,19.1
2012-09-25,0.0,6.3,1.0
2012-09-26,0.0,0.9,0.0
2012-09-27,0.0,10.6,3.9
2012-09-28,0.0,2.1,0.0
2012-09-29,0.0,3.5,0.0
2012-09-30,0.0,0.0,0.0
2012-10-01,0.0,0.3,0.0
2012-10-02,0.0,1.2,0.0
2012-10-03,0.0,0.4,0.0
2012-10-04,0.0,4.0,1.0
2012-10-05,21.0,7.8,3.7
2012-10-06,0.0,0.6,0.0
2012-10-07,0.0,7.8,3.7
2012-10-08,0.0,0.6,0.0
2012-10-09,7.5,23.8,19.9
2012-10-10,0.0,2.8,0.0
2012-10-11,1.6,9.0,3.9
2012-10-13,0.0,0.2,0.0
2012-10-14,0.0,4.2,0.0
2012-10-15,0.0,0.9,0.0
2012-10-16,0.0,2.0,0.0
2012-10-17,0.0,0.0,0.0
2012-10-18,10.0,4.6,1.0
2012-10-19,22.0,15.2,9.9
2012-10-20,0.0,0.9,0.0
2012-10-21,18.0,29.5,31.5
2012-10-22,13.5,9.5,5.3
2012-10-23,0.0,0.0,0.0
2012-10-24,0.0,4.6,1.2
2012-10-25,14.6,25.5,25.1
2012-10-26,0.4,3.4,1.0
2012-10-27,6.2,24.8,24.2
2012-10-28,0.0,0.5,0.0
2012-10-29,0.0,4.4,1.1
2012-10-30,24.6,28.1,29.0
2012-10-31,14.3,18.0,13.0
2012-11-01,101.2,183.3,123.3
2012-11-02,0.5,2.5,0.0
2012-11-03,0.0,3.5,0.0
2012-11-04,0.6,6.3,1.9
2012-11-05,66.0,40.4,52.4
2012-11-06,0.0,3.3,0.0
2012-11-07,24.0,40.2,52.3
2012-11-08,0.0,7.0,2.5
2012-11-09,2.0,9.4,4.9
2012-11-10,0.0,9.2,4.7
2012-11-11,0.0,3.5,0.0
2012-11-12,73.5,91.1,95.3
2012-11-13,23.1,7.2,1.0
2012-11-14,0.0,3.2,0.0
2012-11-15,4.2,28.3,21.1
2012-11-16,10.6,35.0,36.5
2012-11-17,21.5,21.8,13.8
2012-11-18,0.0,21.6,13.5
2012-11-19,21.5,25.2,17.4
2012-11-20,0.5,4.8,0.0
2012-11-21,7.5,17.6,14.6
2012-11-22,34.2,35.3,48.6
2012-11-23,0.5,1.7,0.0
2012-11-24,29.0,16.1,12.9
2012-11-25,0.5,8.2,4.3
2012-11-26,0.0,0.1,0.0
2012-11-27,10.0,34.9,46.6
2012-11-28,49.7,45.9,67.2
2012-11-29,0.0,0.0,0.0
2012-11-30,0.0,2.7,0.0
2013-07-02,23.0,0.0,0.0
2013-07-04,7.0,40.4,47.0
2013-07-05,20.0,3.3,0.0
2013-07-06,26.0,11.5,7.1
2013-07-07,7.0,0.0,0.0
2013-08-01,5.0,1.9,0.0
2013-08-05,40.0,12.2,8.0
2013-08-06,7.0,1.2,0.0
2013-08-09,20.0,36.9,40.7
2013-08-10,28.0,2.4,0.0
2013-08-12,45.0,12.7,8.2
2013-08-14,10.5,15.6,10.7
2013-08-15,48.0,8.6,4.9
2013-08-16,3.3,55.1,60.4
2013-08-17,15.6,16.3,11.3
2013-08-18,7.0,51.6,57.1
2013-08-19,19.0,6.1,2.8
2013-08-20,4.0,19.5,14.1
2013-08-21,2.0,5.5,1.9
2013-08-23,22.0,12.4,9.0
2013-08-24,7.0,2.6,0.0
2013-08-26,5.0,28.9,35.4
2013-08-27,20.0,15.3,12.3
2013-08-28,35.0,1.4,0.0
2013-08-29,11.0,14.5,11.4
2013-08-30,43.0,9.5,5.9
2013-08-31,22.0,20.8,18.8
2013-09-01,82.0,1.6,0.0
2013-09-02,10.2,19.1,14.2
2013-09-04,18.0,0.3,0.0
2013-09-07,2.0,1.5,0.0
2013-09-10,62.3,8.8,3.4
2013-09-12,1.5,12.7,8.9
2013-09-13,14.0,40.4,54.6
2013-09-14,66.7,21.8,19.5
2013-09-15,7.0,46.3,66.2
2013-09-16,70.0,13.0,9.2
2013-09-17,7.0,8.2,4.2
2013-09-18,10.0,4.6,1.1
2013-09-19,1.0,2.2,0.0
2013-09-21,13.0,13.8,6.9
2013-09-22,22.3,8.2,1.9
2013-09-23,1.4,7.4,1.4
2013-09-26,0.5,1.0,0.0
2013-09-28,18.6,9.3,2.8
2013-10-01,1.8,33.8,38.8
2013-10-02,22.0,33.4,36.7
2013-10-03,22.4,43.7,50.9
2013-10-04,46.1,6.2,2.2
2013-10-08,27.0,0.1,0.0
2013-10-10,0.7,6.5,2.4
2013-10-11,0.2,13.8,8.5
2013-10-12,1.0,17.2,12.0
2013-10-13,40.0,3.5,0.0
2013-10-14,0.1,0.2,0.0
2013-10-17,0.4,0.0,0.0
2013-10-18,0.1,7.5,2.5
2013-10-19,5.9,8.9,3.8
2013-10-21,10.3,28.2,30.0
2013-10-22,22.3,8.6,4.6
2013-10-23,1.0,2.0,0.0
2013-10-25,3.4,9.2,5.1
2013-10-27,8.4,0.3,0.0
2013-10-31,40.8,2.3,0.0
2013-11-01,2.5,0.0,0.0
2013-11-04,53.2,0.9,0.0
2013-11-05,6.4,2.3,0.0
2013-11-08,1.0,7.7,3.2
2013-11-09,13.0,7.9,3.4
2013-11-10,4.3,2.7,0.0
2013-11-11,1.8,15.1,7.2
2013-11-12,10.1,11.7,4.1
2013-11-13,26.9,40.5,47.2
2013-11-14,83.6,7.1,1.0
2013-11-17,1.0,13.5,5.7
2013-11-18,16.7,0.0,0.0
2013-11-20,12.6,7.1,1.0
2013-11-21,1.0,7.7,3.7
2013-11-23,20.0,0.3,0.0
2013-11-24,0.7,4.3,1.0
2013-11-25,3.0,0.7,0.0
2013-11-27,1.0,5.9,2.0
2013-11-28,1.0,16.8,13.8
2013-11-29,1.2,40.5,57.6
2013-11-30,109.7,0.1,0.0
2013-12-02,76.7,12.5,6.5
2013-12-03,2.1,5.8,1.2
2013-12-04,0.6,0.0,0.0
2013-12-07,18.8,6.6,1.8
2013-12-08,3.5,2.8,0.0
2013-12-10,0.6,1.3,0.0
2013-12-11,4.5,18.2,12.7
2013-12-12,4.0,1.6,0.0
2013-12-14,0.5,10.8,6.0
2013-12-15,0.6,36.2,37.5
2013-12-16,1.2,5.1,1.3
2013-12-17,0.2,72.5,75.1
2013-12-18,71.0,20.7,15.1
2013-12-19,5.0,26.2,24.3
2013-12-21,170.7,35.9,47.5
2013-12-22,9.0,11.9,8.3
2013-12-24,4.5,10.3,6.3
2013-12-25,17.5,4.1,0.0
2013-12-27,6.5,4.7,1.0
2013-12-28,2.5,0.4,0.0
2013-12-31,0.6,60.3,89.6
2014-01-01,0.0,9.1,4.7
2014-01-05,38.2,8.3,4.1
2014-01-07,33.1,28.7,27.0
2014-01-09,0.0,3.8,1.0
2014-01-11,1.0,19.8,16.8
2014-01-12,33.5,26.8,33.1
2014-01-13,8.3,20.1,17.2
2014-01-14,9.0,4.4,1.0
2014-01-15,17.0,8.7,4.7
2014-01-16,4.2,16.8,13.4
2014-01-17,13.5,19.0,15.9
2014-01-21,0.0,5.1,2.6
2014-01-22,0.0,1.6,0.0
2014-01-23,1.0,0.9,0.0
2014-01-25,6.5,0.9,0.0
2014-01-27,0.7,2.0,0.0
2014-01-28,0.3,1.6,0.0
2014-01-31,22.3,20.9,22.6
2014-02-01,8.6,2.3,0.0
2014-02-07,73.9,25.6,20.1
2014-02-08,1.0,1.5,0.0
2014-02-09,37.1,12.1,5.9
2014-02-10,0.2,2.1,0.0
2014-02-11,0.0,1.1,0.0
2014-02-13,3.5,2.3,0.0
2014-02-14,12.0,11.1,7.2
2014-02-16,18.0,1.0,0.0
2014-02-17,82.2,61.1,70.9
2014-02-19,22.5,5.1,1.9
2014-02-20,5.9,1.1,0.0
2014-02-21,5.9,0.6,0.0
2014-02-22,0.0,1.6,0.0
2014-02-23,7.0,2.2,0.0
2014-02-26,7.8,1.4,0.0
2014-03-05,2.0,3.0,0.0
2014-03-11,0.0,0.1,0.0
2014-03-12,44.5,13.2,10.7
2014-03-13,2.0,0.3,0.0
2014-03-14,30.4,3.9,1.0
2014-03-16,0.0,1.9,0.0
2014-03-19,1.2,13.8,11.3
2014-03-21,38.8,40.4,39.1
2014-03-22,9.1,0.5,0.0
2014-03-23,15.0,11.5,7.3
2014-03-24,4.5,36.6,34.6
2014-03-26,72.1,0.0,0.0
2014-03-27,0.3,15.4,10.9
2014-03-28,3.6,2.4,0.0
2014-03-29,7.5,11.7,7.5
2014-04-01,11.2,26.9,20.6
2014-04-04,67.0,42.5,46.4
2014-04-05,0.1,20.9,14.2
2014-04-07,0.5,24.0,17.0
2014-04-13,13.0,29.9,26.3
2014-04-16,18.0,24.1,19.7
2014-04-20,0.4,34.4,33.0
2014-04-29,10.5,8.6,3.7
2014-04-30,3.4,35.5,35.3
2014-05-04,0.4,10.1,5.0
2014-05-08,0.7,11.1,5.8
2014-05-09,0.2,32.8,35.2
2014-05-10,31.8,17.8,11.7
2014-05-12,0.0,2.1,0.0
2014-05-13,6.0,38.7,46.4
2014-05-14,10.5,47.7,61.4
2014-05-15,0.8,15.1,11.7
2014-05-16,0.8,10.9,7.3
2014-05-17,7.8,34.7,39.9
2014-05-18,10.1,21.4,18.5
2014-05-20,10.3,44.2,55.9
2014-05-22,20.4,17.8,13.6
2014-05-24,2.5,16.8,12.6
2014-05-25,1.9,16.2,12.0
2014-05-27,3.5,18.0,13.9
2014-05-28,21.8,29.7,32.6
2014-05-29,2.0,4.7,1.3
2014-05-31,18.5,17.5,13.3
2014-06-03,1.0,6.2,3.0
2014-06-04,66.7,52.2,66.9
2014-06-05,0.0,12.9,10.0
2014-06-06,4.5,12.6,9.7
2014-06-07,1.3,16.7,14.2
2014-06-10,14.8,13.2,10.4
2014-06-11,2.0,3.4,1.0
2014-06-12,2.0,24.3,21.0
2014-06-17,4.8,18.3,14.0
2014-06-18,35.8,78.4,92.7
2014-06-19,2.0,20.8,16.6
2014-06-21,39.5,38.7,46.0
2014-06-24,0.0,8.6,4.8
2014-06-25,1.0,23.0,19.3
2014-06-26,23.4,13.3,9.3
2014-06-27,0.2,6.2,2.7
2014-06-28,0.2,21.7,17.9
2014-06-29,0.8,14.2,10.2
2014-06-30,0.4,18.8,14.9
2014-07-01,3.0,24.2,19.7
2014-07-05,1.5,6.5,2.4
2014-07-06,30.5,8.7,4.4
2014-07-08,0.2,3.5,1.0
2014-07-12,12.7,8.2,3.9
2014-07-13,7.0,2.9,1.0
2014-07-14,9.0,9.6,5.2
2014-07-15,10.0,50.5,67.1
2014-07-18,40.9,22.9,19.2
2014-07-19,0.3,6.4,2.4
2014-07-23,2.3,4.7,0.0
2014-07-29,0.0,2.2,0.0
2014-07-30,6.5,1.4,0.0
2014-08-02,8.0,39.1,45.3
2014-08-06,4.0,2.5,0.0
2014-08-09,77.3,10.8,6.6
2014-08-11,0.2,13.4,8.8
2014-08-12,8.0,15.1,10.3
2014-08-13,2.0,14.6,9.8
2014-08-15,2.6,16.0,11.1
2014-08-16,6.6,59.4,65.4
2014-08-17,0.2,12.2,7.8
2014-08-18,4.0,14.1,9.4
2014-08-19,0.5,19.2,13.9
2014-08-21,4.0,18.1,15.6
2014-08-23,4.0,70.3,86.9
2014-08-25,12.0,44.3,57.4
2014-08-27,1.0,22.1,20.7
2014-08-28,0.0,29.3,35.9
2014-08-29,1.8,8.4,4.7
2014-09-01,0.2,13.2,7.8
2014-09-02,6.5,37.4,42.2
2014-09-03,128.7,4.9,1.0
2014-09-05,56.0,2.4,0.0
2014-09-08,1.0,25.9,22.2
2014-09-09,11.6,26.8,23.2
2014-09-10,60.9,12.1,6.7
2014-09-11,0.2,2.8,0.0
2014-09-17,0.3,36.0,44.2
2014-09-18,3.4,13.7,10.0
2014-09-20,100.1,2.5,0.0
2014-09-21,0.3,0.3,0.0
2014-09-23,6.0,20.4,13.6
2014-09-24,0.7,15.1,8.2
2014-09-25,41.7,43.0,52.2
2014-09-26,22.1,3.4,0.0
2014-09-28,1.2,30.3,28.6
2014-09-29,43.0,0.4,0.0
2014-10-10,2.3,19.0,14.7
2014-10-11,10.9,3.1,0.0
2014-10-13,14.5,0.0,0.0
2014-10-16,2.5,2.3,0.0
2014-10-17,20.2,0.0,0.0
2014-10-20,23.1,31.2,27.5
2014-10-21,11.4,0.7,0.0
2014-10-25,0.0,19.5,14.5
2014-10-26,3.6,2.1,0.0
2014-10-28,17.8,0.9,0.0
2014-10-29,0.0,0.0,0.0
2014-11-01,0.3,2.1,0.0
2014-11-04,0.0,6.7,2.2
2014-11-05,20.0,24.0,23.8
2014-11-06,32.7,32.0,38.4
2014-11-07,70.0,18.9,15.8
2014-11-08,38.5,0.0,0.0
2014-11-11,18.0,5.5,0.0
2014-11-12,0.0,6.6,1.0
2014-11-14,16.5,5.2,0.0
2014-11-15,0.0,1.3,0.0
2014-11-16,0.0,15.5,7.6
2014-11-17,54.6,17.7,9.6
2014-11-18,11.3,10.4,3.0
2014-11-19,0.0,15.3,7.4
2014-11-20,8.5,30.4,25.4
2014-11-21,55.5,6.7,2.7
2014-11-22,35.6,2.8,0.0
2014-11-23,0.0,4.0,1.0
2014-11-24,0.0,1.0,0.0
2014-11-27,3.0,0.1,0.0
2014-11-28,0.0,4.3,1.0
2014-11-30,32.2,10.4,6.5
2014-12-01,1.4,7.8,2.6
2014-12-02,0.0,1.8,0.0
2014-12-04,20.0,4.7,1.0
2014-12-05,26.5,21.9,15.3
2014-12-08,28.1,1.0,0.0
2014-12-10,166.0,2.8,0.0
2014-12-11,7.4,4.5,1.0
2014-12-12,0.0,2.6,0.0
2014-12-14,6.8,7.1,2.9
2014-12-15,2.4,0.0,0.0
2014-12-17,56.0,12.2,7.3
2014-12-19,31.6,1.9,0.0
2014-12-21,13.7,32.5,41.3
2014-12-22,13.7,56.4,83.5
2014-12-23,54.4,15.7,13.0
2014-12-24,4.4,1.6,0.0
2014-12-25,2.2,6.2,1.8
2014-12-26,0.0,29.4,37.2
2014-12-27,42.5,3.4,0.0
2014-12-28,1.0,10.7,6.7
2014-12-29,12.8,15.9,13.2
2014-12-30,17.8,12.7,9.2
2014-12-31,51.5,7.2,2.8
2015-01-01,16.5,1.5,0.0
2015-01-03,0.0,4.1,1.0
2015-01-04,3.4,2.0,0.0
2015-01-05,12.8,1.2,0.0
2015-01-09,0.0,10.2,5.7
2015-01-11,16.1,1.2,0.0
2015-01-14,0.0,0.0,0.0
2015-01-15,14.5,0.1,0.0
2015-01-16,0.0,13.6,9.9
2015-01-17,0.9,30.1,40.6
2015-01-18,49.8,1.5,0.0
2015-01-19,15.3,0.0,0.0
2015-01-21,27.0,16.6,17.1
2015-01-22,6.5,28.8,44.3
2015-01-23,32.4,13.7,13.1
2015-01-24,41.0,0.7,0.0
2015-01-25,0.0,9.8,8.2
2015-01-26,4.5,8.5,6.6
2015-01-28,15.3,5.5,3.0
2015-01-29,3.7,9.7,8.0
2015-01-30,7.0,8.5,6.5
2015-01-31,43.0,25.8,39.3
2015-02-01,3.5,0.2,0.0
2015-02-02,0.0,10.3,4.1
2015-02-03,0.2,9.6,3.4
2015-02-04,4.0,0.6,0.0
2015-02-05,1.4,10.3,4.1
2015-02-06,8.0,1.0,0.0
2015-02-07,0.0,4.2,0.0
2015-02-08,0.0,19.2,13.0
2015-02-09,0.0,29.4,33.1
2015-02-10,39.8,1.2,0.0
2015-02-11,0.0,31.5,32.0
2015-02-12,9.0,31.7,33.3
2015-02-13,66.1,3.1,1.0
2015-02-14,35.0,0.4,0.0
2015-02-15,1.0,3.4,1.0
2015-02-16,3.1,0.0,0.0
2015-02-17,0.0,0.2,0.0
2015-02-19,3.4,38.6,43.2
2015-02-20,20.2,27.9,24.6
2015-02-21,102.0,10.7,5.8
2015-02-22,16.0,9.6,4.7
2015-02-24,1.5,10.4,5.5
2015-02-26,149.5,8.8,4.0
2015-02-28,0.0,27.5,22.4
2015-03-01,22.9,1.1,0.0
2015-03-03,17.7,4.4,1.0
2015-03-05,0.0,8.7,4.0
2015-03-06,17.2,4.9,1.0
2015-03-10,6.9,0.2,0.0
2015-03-11,5.7,8.1,4.8
2015-03-12,8.4,1.6,0.0
2015-03-13,0.8,7.0,3.7
2015-03-14,9.0,0.1,0.0
2015-03-16,6.4,0.0,0.0
2015-03-19,47.1,21.4,20.5
2015-03-20,18.5,0.3,0.0
2015-03-22,1.0,6.5,3.0
2015-03-23,7.6,3.4,1.0
2015-03-24,3.6,4.6,1.5
2015-03-26,21.3,12.4,8.2
2015-03-27,3.5,17.7,13.0
2015-03-28,24.1,56.0,57.1
2015-03-29,31.1,5.8,2.4
2015-03-30,1.5,0.3,0.0
2015-04-01,6.3,38.8,41.9
2015-04-02,75.6,16.0,9.2
2015-04-03,6.1,124.2,110.7
2015-04-04,80.0,22.2,15.6
2015-04-05,41.3,11.0,4.5
2015-04-08,0.6,12.3,5.8
2015-04-09,0.0,11.5,5.0
2015-04-10,13.7,4.6,0.0
2015-04-11,28.7,33.3,33.0
2015-04-12,67.6,9.3,5.4
2015-04-16,5.0,9.8,5.9
2015-04-18,0.0,16.6,12.3
2015-04-19,16.5,16.9,12.6
2015-04-20,2.8,8.8,5.0
2015-04-21,11.3,17.9,11.2
2015-04-22,11.0,2.0,0.0
2015-04-23,13.1,3.8,1.0
2015-04-24,0.0,15.8,9.4
2015-04-25,0.1,30.1,28.5
2015-04-26,4.4,1.7,0.0
2015-04-28,0.1,0.4,0.0
2015-04-30,1.1,24.2,16.5
2015-05-02,2.5,14.0,8.4
2015-05-03,31.1,13.7,8.1
2015-05-06,0.0,29.2,29.6
2015-05-07,6.0,15.0,9.2
2015-05-08,0.9,11.9,6.5
2015-05-10,1.6,0.8,0.0
2015-05-12,13.4,49.6,64.2
2015-05-13,55.5,3.8,1.0
2015-05-14,24.0,0.0,0.0
2015-05-15,0.0,0.0,0.0
2015-05-16,0.0,0.0,0.0
2015-05-18,0.0,17.7,14.5
2015-05-19,20.0,43.7,55.1
2015-05-20,4.5,14.3,10.9
2015-05-22,12.0,0.3,0.0
2015-05-23,0.0,0.0,0.0
2015-05-27,1.4,4.7,1.3
2015-05-29,1.0,18.2,14.1
2015-05-30,16.8,16.8,12.5
2015-06-02,11.2,14.4,11.6
2015-06-03,2.3,14.5,11.7
2015-06-04,1.7,1.2,0.0
2015-06-05,12.0,0.0,0.0
2015-06-08,102.5,1.3,0.0
2015-06-10,94.8,77.2,87.5
2015-06-11,44.5,2.1,0.0
2015-06-12,0.0,42.1,48.8
2015-06-13,18.9,0.5,0.0
2015-06-15,73.2,11.0,6.8
2015-06-16,0.9,13.9,9.6
2015-06-17,23.4,5.2,1.8
2015-06-18,2.8,5.4,2.0
2015-06-19,0.0,7.7,3.9
2015-06-20,45.0,43.4,50.8
2015-06-21,122.4,26.4,22.7
2015-06-22,11.0,3.7,1.0
2015-06-27,0.0,0.0,0.0
2015-07-05,0.0,0.0,0.0
2015-07-07,0.0,0.0,0.0
2015-07-08,0.0,0.0,0.0
2015-07-09,0.0,0.5,0.0
2015-07-10,0.0,0.0,0.0
2015-07-11,0.0,0.8,0.0
2015-07-12,0.0,0.2,0.0
2015-07-13,0.0,0.0,0.0
2015-07-14,0.0,0.9,0.0
2015-07-15,1.9,0.0,0.0
2015-07-18,0.0,0.0,0.0
2015-11-01,14.0,13.9,9.9
2015-11-02,0.0,37.2,47.3
2015-11-03,11.6,10.1,5.6
2015-11-05,6.6,18.7,15.5
2015-11-06,21.9,7.8,3.3
2015-11-07,0.2,3.4,0.0
2015-11-08,0.0,8.2,3.7
2015-11-09,0.0,29.2,33.5
2015-11-10,21.6,7.5,3.0
2015-11-13,59.6,67.5,81.7
2015-11-14,18.4,15.6,7.6
2015-11-15,2.6,56.4,71.7
2015-11-16,65.4,0.0,0.0
2015-11-17,0.0,18.4,10.3
2015-11-18,3.0,9.5,2.4
2015-11-19,0.0,11.5,3.9
2015-11-20,0.0,9.8,2.6
2015-11-21,0.1,18.4,15.6
2015-11-22,2.2,7.1,3.2
2015-11-23,0.0,4.5,1.0
2015-11-24,3.0,25.0,29.1
2015-11-25,2.6,17.8,15.0
2015-11-26,7.7,21.5,20.2
2015-11-27,42.1,2.1,0.0
2015-11-28,0.0,1.5,0.0
2015-11-30,3.4,52.9,79.5
2015-12-01,134.4,13.9,7.7
2015-12-02,2.5,22.8,16.2
2015-12-03,5.6,20.6,14.1
2015-12-04,1.0,4.7,1.0
2015-12-05,4.2,0.0,0.0
2015-12-08,3.0,41.6,41.4
2015-12-09,61.8,1.9,0.0
2015-12-10,57.0,19.8,13.2
2015-12-11,29.6,52.3,56.1
2015-12-12,55.3,21.0,15.4
2015-12-13,0.5,123.1,85.1
2015-12-14,39.5,39.5,42.3
2015-12-15,13.6,44.1,47.5
2015-12-16,15.1,0.6,0.0
2015-12-17,0.0,14.2,9.1
2015-12-18,12.0,19.6,14.0
2015-12-19,44.5,24.6,19.5
2015-12-20,22.0,2.5,0.0
2015-12-21,41.5,13.3,9.9
2015-12-22,42.5,12.4,8.8
2015-12-23,7.6,1.2,0.0
2015-12-24,1.0,5.4,1.0
2015-12-27,1.0,16.0,13.3
2015-12-28,82.9,21.4,20.5
2015-12-29,10.8,3.3,0.0
2015-12-30,0.0,10.0,6.0
2015-12-31,8.7,7.2,2.8
2016-01-01,2.3,5.3,1.5
2016-01-02,4.6,20.7,14.8
2016-01-03,5.9,36.5,36.0
2016-01-04,66.5,3.6,0.0
2016-01-05,14.8,0.0,0.0
2016-01-08,0.2,0.0,0.0
2016-01-10,16.6,22.6,16.1
2016-01-11,32.5,9.2,5.2
2016-01-15,8.9,14.5,10.8
2016-01-16,0.0,13.0,9.2
2016-01-17,65.2,23.3,25.6
2016-01-18,8.0,1.9,0.0
2016-01-20,51.0,30.1,40.6
2016-01-21,2.6,39.5,63.1
2016-01-22,28.1,19.9,22.1
2016-01-23,74.4,99.5,135.9
2016-01-24,166.1,5.0,2.5
2016-01-25,3.2,10.3,8.8
2016-01-26,7.4,56.7,94.0
2016-01-28,1.0,12.3,11.4
2016-01-29,13.0,24.5,36.2
2016-01-30,33.4,14.2,13.9
2016-01-31,46.8,21.8,31.6
2016-02-01,68.5,0.0,0.0
2016-02-03,1.0,0.9,0.0
2016-02-04,1.5,12.4,6.1
2016-02-05,94.1,12.2,5.9
2016-02-06,2.0,0.3,0.0
2016-02-07,1.5,42.8,51.5
2016-02-08,93.2,5.5,1.0
2016-02-10,12.2,42.9,51.6
2016-02-11,21.0,29.4,26.0
2016-02-12,8.1,25.9,21.7
2016-02-13,71.0,15.1,11.0
2016-02-14,7.5,60.4,69.9
2016-02-15,62.5,45.1,53.1
2016-02-16,51.7,34.6,37.5
2016-02-17,46.1,10.8,6.9
2016-02-18,5.0,24.8,20.7
2016-02-19,56.5,0.7,0.0
2016-02-20,15.0,2.0,0.0
2016-02-23,82.9,3.3,0.0
2016-02-26,3.8,27.7,22.9
2016-02-27,44.6,0.3,0.0
2016-02-29,0.6,56.0,64.9
2016-03-01,29.8,41.9,45.4
2016-03-02,30.1,0.7,0.0
2016-03-03,36.5,46.2,50.2
2016-03-04,24.2,1.4,0.0
2016-03-05,0.0,80.0,83.3
2016-03-06,85.0,14.9,9.7
2016-03-07,12.6,43.5,47.0
2016-03-08,25.9,27.5,21.8
2016-03-09,29.3,12.9,7.8
2016-03-10,1.4,12.3,7.3
2016-03-11,15.0,6.2,2.8
2016-03-12,3.9,94.5,106.9
2016-03-13,150.8,2.4,0.0
2016-03-14,0.4,20.6,19.5
2016-03-15,42.7,22.0,21.2
2016-03-16,6.8,11.6,8.8
2016-03-19,52.3,21.7,20.8
2016-03-20,9.6,5.0,1.6
2016-03-22,160.0,34.6,33.0
2016-03-23,190.7,24.1,19.1
2016-03-24,5.0,35.1,33.3
2016-03-25,89.4,10.2,6.2
2016-03-26,29.1,0.9,0.0
2016-03-27,0.0,6.4,2.9
2016-03-29,2.5,63.7,66.8
2016-03-30,20.1,38.0,35.7
2016-03-31,24.1,16.1,11.5
2016-04-01,34.6,14.7,7.9
2016-04-02,1.2,44.4,48.7
2016-04-03,80.8,3.4,0.0
2016-04-04,2.1,7.8,2.0
2016-04-05,7.5,0.5,0.0
2016-04-07,3.5,20.8,14.1
2016-04-08,7.5,4.2,0.0
2016-04-11,0.0,72.4,80.0
2016-04-12,32.1,5.3,1.9
2016-04-13,0.0,38.0,38.7
2016-04-14,20.3,6.8,3.2
2016-04-15,0.0,0.0,0.0
2016-04-17,56.8,9.5,5.6
2016-04-18,4.6,41.5,43.6
2016-04-19,85.3,5.3,1.9
2016-04-22,28.1,4.4,1.0
2016-04-23,18.8,19.3,12.4
2016-04-24,14.8,3.5,1.0
2016-04-25,21.7,16.6,10.1
2016-04-26,3.0,15.5,9.2
2016-04-27,13.4,93.3,80.1
2016-04-28,31.4,2.2,0.0
2016-04-30,1.0,18.3,11.5
2016-05-01,73.6,9.7,4.6
2016-05-04,59.9,31.6,33.3
2016-05-05,22.9,12.0,6.6
2016-05-06,6.5,27.3,27.1
2016-05-07,59.9,26.9,20.7
2016-05-08,74.1,2.7,0.0
2016-05-09,0.0,1.7,0.0
2016-05-10,0.8,3.1,0.0
2016-05-13,27.8,0.2,0.0
2016-05-14,41.8,0.3,0.0
2016-05-16,14.5,0.9,0.0
2016-05-17,0.0,0.0,0.0
2016-05-18,0.0,32.9,36.7
2016-05-19,17.4,5.4,1.9
2016-05-20,1.2,19.4,16.3
2016-05-21,13.6,4.2,1.0
2016-05-22,18.7,9.0,5.0
2016-05-24,94.9,31.8,35.3
2016-05-25,19.7,0.2,0.0
2016-05-27,18.0,2.0,0.0
2016-05-28,0.0,8.2,4.2
2016-05-29,3.5,5.7,2.1
2016-05-30,1.6,1.2,0.0
2016-06-01,18.4,10.8,7.7
2016-06-02,27.6,3.5,1.0
2016-06-06,10.0,8.6,5.4
2016-06-07,2.6,0.9,0.0
2016-06-11,1.8,22.7,18.5
2016-06-12,37.6,7.4,3.6
2016-06-13,5.8,12.0,7.8
2016-06-14,4.9,33.4,34.3
2016-06-15,18.8,45.1,51.6
2016-06-16,13.0,19.4,15.1
2016-06-17,49.7,1.0,0.0
2016-06-18,14.0,9.1,5.1
2016-06-20,7.6,0.0,0.0
2016-06-22,3.2,73.5,104.3
2016-06-23,187.4,0.4,0.0
2016-06-25,73.6,40.9,49.6
2016-06-26,22.6,3.5,1.0
2016-06-27,3.3,0.8,0.0
2016-06-29,4.7,48.4,65.9
2016-06-30,118.0,3.1,1.0
2016-07-02,5.3,3.6,1.0
2016-07-04,0.0,12.6,8.2
2016-07-05,8.5,6.4,2.3
2016-07-06,1.3,7.8,3.5
2016-07-07,32.5,15.0,10.8
2016-07-08,3.0,3.8,1.0
2016-07-09,24.1,0.7,0.0
2016-07-11,81.9,4.5,1.0
2016-07-12,0.0,22.4,18.6
2016-07-13,35.4,0.0,0.0
2016-07-15,0.0,17.7,13.4
2016-07-16,0.5,5.0,1.3
2016-07-17,10.2,22.6,18.8
2016-07-18,21.6,4.8,1.1
2016-07-21,89.6,1.4,0.0
2016-07-22,10.4,11.2,5.8
2016-07-23,32.8,57.4,76.4
2016-07-24,93.0,4.7,0.0
2016-07-25,8.8,4.4,0.0
2016-07-26,7.9,41.3,46.6
2016-07-27,43.5,28.8,26.6
2016-07-28,7.9,22.6,18.3
2016-07-29,5.9,38.3,42.9
2016-07-30,15.6,48.2,59.9
2016-07-31,60.5,6.8,1.5
2016-08-01,2.0,6.8,2.6
2016-08-02,8.8,2.6,0.0
2016-08-03,0.0,3.3,0.0
2016-08-04,17.5,6.9,2.6
2016-08-05,2.0,15.8,11.9
2016-08-07,14.6,21.4,18.3
2016-08-08,12.8,11.9,7.7
2016-08-09,5.0,0.7,0.0
2016-08-12,1.0,13.0,8.5
2016-08-13,3.3,0.0,0.0
2016-08-15,35.1,0.2,0.0
2016-08-18,17.9,0.2,0.0
2016-08-21,0.0,0.1,0.0
2016-08-25,0.0,1.5,0.0
2016-08-27,16.7,4.8,1.3
2016-08-28,1.5,19.8,17.6
2016-08-29,33.5,20.1,18.0
2016-08-30,10.9,3.9,1.0
2016-08-31,2.6,12.2,8.8
2016-09-01,49.8,10.1,4.6
2016-09-02,1.0,8.2,2.9
2016-09-04,39.7,48.2,59.5
2016-09-05,18.7,30.5,30.2
2016-09-06,21.3,2.4,0.0
2016-09-08,5.9,35.3,37.9
2016-09-09,50.5,0.7,0.0
2016-09-10,0.0,7.1,1.9
2016-09-11,6.9,32.6,37.7
2016-09-12,11.0,8.3,4.3
2016-09-14,2.7,13.3,9.5
2016-09-15,3.2,27.4,25.6
2016-09-16,3.0,13.2,9.4
2016-09-18,0.0,3.6,1.0
2016-09-20,3.0,24.7,22.7
2016-09-21,7.3,20.3,13.5
2016-09-22,0.0,3.5,0.0
2016-09-24,4.6,3.0,0.0
2016-09-25,0.3,8.5,2.1
2016-09-26,23.0,22.4,15.8
2016-09-27,94.4,66.6,88.5
2016-09-28,96.3,41.7,50.1
2016-09-29,22.7,40.7,48.8
2016-09-30,17.4,13.8,6.8
2016-10-01,3.5,20.4,16.1
2016-10-02,1.0,2.4,0.0
2016-10-04,10.3,0.2,0.0
2016-10-06,15.8,2.9,0.0
2016-10-08,0.4,19.3,15.0
2016-10-09,83.0,1.7,0.0
2016-10-11,16.9,34.5,33.0
2016-10-12,66.8,26.0,20.6
2016-10-13,12.0,36.6,35.8
2016-10-14,16.5,0.3,0.0
2016-10-16,10.6,17.6,12.3
2016-10-17,32.5,2.9,0.0
2016-10-19,38.7,29.5,26.1
2016-10-20,4.4,10.3,5.1
2016-10-21,38.6,9.4,5.2
2016-10-22,2.4,24.1,23.4
2016-10-23,41.3,6.6,2.8
2016-10-25,1.9,23.0,17.7
2016-10-26,1.1,7.9,4.0
2016-10-27,46.2,10.1,5.8
2016-10-28,2.6,8.8,4.7
2016-10-30,3.2,21.3,16.7
2016-10-31,40.0,2.7,0.0
2016-11-02,7.0,18.6,15.4
2016-11-03,8.3,17.5,14.0
2016-11-04,27.8,0.2,0.0
2016-11-07,19.0,0.0,0.0
2016-11-11,40.4,16.0,8.1
2016-11-18,28.2,46.7,57.4
2016-11-19,108.8,1.7,0.0
2016-11-21,0.0,1.5,0.0
2016-11-22,3.7,27.1,33.6
2016-11-23,12.9,20.2,17.8
2016-11-24,5.3,21.1,19.1
2016-11-25,9.6,16.4,13.3
2016-11-27,0.0,7.0,3.1
2016-11-29,14.6,22.0,24.1
2016-11-30,2.3,7.7,3.8
2016-12-01,10.0,22.9,16.3
2016-12-02,17.1,9.6,4.1
2016-12-03,72.4,7.1,2.1
2016-12-04,8.4,88.6,128.4
2016-12-05,9.5,39.5,38.3
2016-12-06,7.7,14.6,8.4
2016-12-07,13.6,19.6,13.1
2016-12-09,3.0,6.4,1.6
2016-12-10,1.0,2.3,0.0
2016-12-12,0.0,38.9,41.5
2016-12-13,57.6,1.8,0.0
2016-12-14,5.6,9.1,4.6
2016-12-15,1.0,4.0,1.0
2016-12-16,0.0,11.3,6.5
2016-12-17,10.0,4.8,1.1
2016-12-18,11.2,24.6,18.8
2016-12-19,6.5,0.1,0.0
2016-12-20,0.0,13.0,8.0
2016-12-21,9.0,0.5,0.0
2016-12-24,0.0,11.2,7.3
2016-12-26,6.1,0.0,0.0
2016-12-28,45.9,0.6,0.0
2016-12-30,15.7,10.4,6.4
2016-12-31,2.7,1.7,0.0
2017-01-02,8.5,1.8,0.0
2017-01-04,0.0,2.1,0.0
2017-01-05,0.0,5.1,1.3
2017-01-06,0.9,29.1,27.4
2017-01-07,7.4,23.0,19.4
2017-01-08,4.6,17.6,12.0
2017-01-10,41.8,5.5,1.7
2017-01-11,5.5,17.5,14.3
2017-01-12,0.9,6.9,2.9
2017-01-13,2.0,6.3,2.4
2017-01-16,10.6,10.8,6.9
2017-01-17,2.2,8.9,4.9
2017-01-18,40.9,5.4,1.5
2017-01-19,4.0,10.3,6.4
2017-01-20,3.0,52.2,74.4
2017-01-21,10.0,16.4,16.8
2017-01-22,46.4,0.5,0.0
2017-01-24,0.0,2.5,1.0
2017-01-25,3.8,12.4,11.5
2017-01-26,45.0,0.4,0.0
2017-01-28,43.2,15.5,15.6
2017-01-29,21.4,11.0,9.7
2017-01-30,46.8,12.8,12.0
2017-01-31,52.1,5.9,3.5
2017-02-01,7.2,2.7,0.0
2017-02-03,0.0,12.2,6.0
2017-02-04,17.6,8.9,2.8
2017-02-05,0.0,11.2,5.0
2017-02-07,0.0,17.9,11.7
2017-02-08,13.3,6.8,1.1
2017-02-11,0.0,35.6,38.7
2017-02-12,45.9,20.6,16.4
2017-02-13,16.2,21.8,17.7
2017-02-14,4.0,13.2,9.3
2017-02-15,4.8,18.0,13.9
2017-02-17,6.0,4.9,1.8
2017-02-18,2.2,7.1,3.6
2017-02-19,10.0,1.2,0.0
2017-02-20,0.0,7.5,4.0
2017-02-21,7.8,10.4,5.5
2017-02-23,0.0,93.2,97.3
2017-02-24,85.5,1.9,0.0
2017-02-26,1.0,0.1,0.0
2017-02-27,4.7,30.7,26.8
2017-02-28,55.1,10.5,5.6
2017-03-01,2.0,1.3,0.0
2017-03-04,18.6,0.3,0.0
2017-03-06,82.5,26.3,20.5
2017-03-07,80.7,40.4,43.6
2017-03-08,30.2,9.9,5.1
2017-03-09,4.6,36.1,39.2
2017-03-10,54.0,30.7,25.2
2017-03-11,37.9,30.6,37.6
2017-03-12,1.0,1.8,0.0
2017-03-13,0.0,9.2,6.1
2017-03-14,23.8,15.1,12.9
2017-03-15,4.8,53.0,73.6
2017-03-16,16.2,11.5,8.6
2017-03-17,1.0,11.1,8.2
2017-03-18,14.8,21.4,20.4
2017-03-20,15.1,15.4,13.2
2017-03-21,3.6,0.2,0.0
2017-03-23,25.0,6.2,2.7
2017-03-24,13.5,23.9,19.0
2017-03-25,17.9,39.3,37.4
2017-03-26,29.0,7.6,3.9
2017-03-27,6.8,7.6,3.9
2017-03-30,70.8,14.4,9.9
2017-03-31,7.3,2.8,1.0
2017-04-02,93.6,15.0,8.3
2017-04-03,3.8,0.9,0.0
2017-04-05,5.0,17.2,10.4
2017-04-06,1.6,38.3,40.5
2017-04-07,5.6,52.4,58.9
2017-04-08,42.9,49.7,55.0
2017-04-09,66.0,9.0,2.9
2017-04-10,42.0,14.8,8.1
2017-04-11,48.9,4.5,1.3
2017-04-12,6.0,1.0,0.0
2017-04-14,6.1,29.7,25.3
2017-04-15,34.8,22.5,18.1
2017-04-16,29.2,0.3,0.0
2017-04-18,6.4,38.9,40.7
2017-04-20,10.8,6.3,2.8
2017-04-21,8.9,24.3,17.2
2017-04-22,69.2,18.3,11.6
2017-04-23,50.6,7.7,2.9
2017-04-24,7.6,20.2,13.2
2017-04-25,13.6,29.2,26.5
2017-04-26,29.4,0.0,0.0
2017-04-28,7.9,9.4,4.2
2017-04-30,3.1,4.7,1.0
2017-05-02,5.4,14.6,8.9
2017-05-04,26.5,26.3,19.9
2017-05-05,75.1,3.4,0.0
2017-05-07,74.1,0.1,0.0
2017-05-09,24.1,42.6,47.3
2017-05-10,10.8,0.3,0.0
2017-05-13,15.6,45.8,58.8
2017-05-14,13.9,34.9,40.9
2017-05-15,57.7,21.4,18.5
2017-05-16,4.7,7.2,3.5
2017-05-18,24.3,15.5,12.1
2017-05-19,55.2,10.2,6.6
2017-05-20,5.9,36.2,43.2
2017-05-21,11.0,41.0,48.7
2017-05-22,13.0,11.2,7.0
2017-05-23,3.5,23.0,18.8
2017-05-24,5.8,15.0,10.7
2017-05-25,1.3,60.5,73.0
2017-05-26,32.6,11.3,7.1
2017-05-27,10.0,11.6,7.4
2017-05-29,31.2,7.9,3.9
2017-05-30,6.5,24.9,26.6
2017-05-31,9.9,16.5,12.3
2017-06-01,43.3,3.8,1.0
2017-06-03,77.3,12.0,9.1
2017-06-04,7.0,6.9,3.7
2017-06-06,29.1,8.3,5.1
2017-06-10,15.5,10.8,7.7
2017-06-11,28.5,2.7,1.0
2017-06-12,1.1,7.4,3.6
2017-06-13,0.8,25.8,22.4
2017-06-14,99.2,6.9,3.2
2017-06-15,24.9,8.5,4.6
2017-06-18,18.0,9.6,5.6
2017-06-21,19.8,15.4,11.4
2017-06-22,18.6,27.2,25.2
2017-06-23,93.6,12.3,8.3
2017-06-24,4.9,20.4,16.6
2017-06-26,2.0,5.2,1.9
2017-06-28,11.0,26.0,22.7
2017-06-29,8.0,0.0,0.0
2017-06-30,2.0,3.0,1.0
2017-07-01,65.4,9.1,4.7
2017-07-02,0.8,29.9,28.3
2017-07-03,3.3,4.7,1.0
2017-07-04,59.0,9.1,4.8
2017-07-05,7.0,7.1,2.9
2017-07-06,2.2,10.7,6.3
2017-07-07,1.7,16.9,12.9
2017-07-08,2.0,1.8,0.0
2017-07-11,4.2,31.8,37.9
2017-07-12,53.4,80.0,97.7
2017-07-13,85.4,3.0,1.0
2017-07-15,4.0,22.2,18.4
2017-07-17,18.6,1.8,0.0
2017-07-18,2.0,48.5,63.0
2017-07-19,34.6,5.2,1.5
2017-07-20,2.4,78.7,96.6
2017-07-21,116.6,18.0,13.1
2017-07-22,16.0,21.3,16.7
2017-07-23,11.2,7.3,2.0
2017-07-24,1.0,10.1,4.8
2017-07-25,13.5,23.2,18.6
2017-07-27,5.0,10.4,5.0
2017-07-29,6.0,6.8,1.5
2017-07-30,54.4,24.2,20.0
2017-07-31,13.5,9.2,3.8
2017-08-01,5.5,10.4,6.1
2017-08-03,14.0,11.4,7.2
2017-08-05,14.0,21.1,17.9
2017-08-06,16.1,10.9,6.7
2017-08-07,1.4,23.4,20.5
2017-08-08,42.1,8.0,3.7
2017-08-10,33.5,6.2,2.0
2017-08-11,2.3,9.0,5.2
2017-08-13,16.2,1.9,0.0
2017-08-15,11.5,17.0,11.9
2017-08-16,70.1,43.5,44.7
2017-08-17,27.3,3.6,1.0
2017-08-18,0.5,28.3,23.1
2017-08-19,6.2,11.7,7.3
2017-08-20,6.7,2.5,1.0
2017-08-22,14.1,26.8,31.5
2017-08-23,4.3,14.6,11.5
2017-08-24,12.2,5.6,2.0
2017-08-26,6.6,4.4,1.0
2017-08-27,1.6,14.1,10.9
2017-08-28,7.0,7.5,3.8
2017-08-30,6.0,3.9,1.0
2017-08-31,10.5,11.3,7.8
2017-09-01,10.0,5.0,1.0
2017-09-03,65.5,1.2,0.0
2017-09-08,20.2,1.0,0.0
2017-09-10,2.0,4.6,0.0
2017-09-12,17.1,0.3,0.0
2017-09-13,2.0,45.8,66.4
2017-09-14,65.6,4.4,1.0
2017-09-15,1.8,19.2,16.3
2017-09-16,15.6,19.7,17.0
2017-09-17,2.0,29.2,30.0
2017-09-18,13.0,23.1,22.4
2017-09-19,6.2,35.0,43.6
2017-09-20,99.7,18.9,16.0
2017-09-21,8.8,30.8,30.7
2017-09-22,7.7,6.5,1.0
2017-09-24,36.6,8.3,2.0
2017-09-25,21.9,19.7,12.8
2017-09-26,24.4,17.7,10.7
2017-09-27,52.1,11.2,4.5
2017-09-28,12.9,27.7,24.6
2017-09-29,61.5,1.8,0.0
2017-10-01,74.5,11.4,7.1
2017-10-03,13.0,42.0,49.3
2017-10-04,12.4,46.5,57.7
2017-10-05,13.1,27.3,27.8
2017-10-06,80.4,2.9,0.0
2017-10-08,70.2,8.5,4.4
2017-10-10,8.0,4.0,1.0
2017-10-11,26.2,13.1,7.8
2017-10-13,4.2,31.7,28.7
2017-10-14,12.6,12.5,7.2
2017-10-15,12.6,14.4,9.1
2017-10-16,60.2,4.6,1.0
2017-10-19,0.6,21.2,16.1
2017-10-20,11.5,2.1,0.0
2017-10-22,17.0,0.3,0.0
2017-10-27,14.2,3.7,1.0
2017-10-29,48.5,4.9,1.5
2017-10-30,2.0,5.2,1.7
2017-11-01,60.5,3.3,0.0
2017-11-06,14.0,11.6,7.3
2017-11-07,14.5,1.6,0.0
2017-11-09,9.6,17.2,13.7
2017-11-10,14.0,5.0,1.0
2017-11-11,3.0,3.9,0.0
2017-11-13,17.6,1.9,0.0
2017-11-15,0.5,91.1,95.2
2017-11-16,96.6,48.1,59.9
2017-11-17,63.7,15.8,7.8
2017-11-19,0.5,63.6,78.2
2017-11-20,32.5,4.4,0.0
2017-11-22,15.0,20.8,18.5
2017-11-23,11.2,0.1,0.0
2017-11-25,70.0,9.2,5.3
2017-11-26,3.6,20.3,18.5
2017-11-27,0.2,15.3,12.0
2017-11-29,29.2,16.2,13.0
2017-11-30,2.3,17.8,14.9
2017-12-01,11.8,3.0,0.0
2017-12-03,10.2,4.4,1.0
2017-12-04,0.0,1.3,0.0
2017-12-08,0.0,1.8,0.0
2017-12-09,5.2,10.3,4.6
2017-12-10,3.0,18.3,11.8
2017-12-11,2.8,4.1,1.0
2017-12-16,0.0,19.1,13.5
2017-12-17,4.5,24.9,19.2
2017-12-18,21.0,2.6,0.0
2017-12-19,0.0,4.5,1.0
2017-12-20,51.1,9.0,4.5
2017-12-21,51.7,59.2,87.2
2017-12-22,31.1,22.0,22.1
2017-12-23,33.5,0.1,0.0
2017-12-25,30.0,3.5,0.0
2017-12-27,10.4,7.5,3.1
2017-12-29,16.5,5.3,1.0
2018-01-02,8.5,27.6,25.8
2018-01-03,2.0,21.2,15.3
2018-01-07,41.8,5.1,1.3
2018-01-08,26.5,17.8,12.2
2018-01-09,11.6,23.9,20.9
2018-01-10,2.5,17.0,11.5
2018-01-11,38.5,5.5,1.6
2018-01-14,45.1,0.7,0.0
2018-01-15,7.1,2.6,0.0
2018-01-17,10.5,11.2,7.3
2018-01-18,2.5,8.2,4.2
2018-01-20,13.5,0.6,0.0
2018-01-23,14.5,14.0,13.6
2018-01-24,6.0,1.0,0.0
2018-01-28,36.1,5.8,3.3
2018-01-29,18.0,3.6,1.0
2018-02-03,1.0,0.2,0.0
2018-02-04,1.0,14.6,8.3
2018-02-05,2.8,26.5,20.8
2018-02-06,12.5,10.2,4.0
2018-02-07,4.7,0.1,0.0
2018-02-09,3.6,23.1,17.3
2018-02-10,4.1,37.5,44.5
2018-02-11,97.0,5.6,2.3
2018-02-12,6.3,30.7,26.5
2018-02-13,34.1,8.2,4.6
2018-02-15,28.6,0.0,0.0
2018-02-21,67.1,37.3,42.7
2018-02-22,9.9,1.2,0.0
2018-02-26,7.3,8.1,3.4
2018-02-27,11.1,9.4,4.5
2018-02-28,12.0,11.5,6.5
2018-03-02,1.0,30.3,26.6
2018-03-03,50.4,15.2,9.9
2018-03-04,12.3,28.5,22.8
2018-03-05,32.2,0.0,0.0
2018-03-08,18.3,2.9,0.0
2018-03-09,1.2,12.9,7.8
2018-03-10,16.6,3.4,0.0
2018-03-12,39.3,62.0,83.8
2018-03-13,58.4,21.3,20.4
2018-03-14,16.6,16.8,14.8
2018-03-15,38.6,1.9,0.0
2018-03-16,6.0,4.9,1.5
2018-03-17,15.0,14.0,11.6
2018-03-18,31.0,0.3,0.0
2018-03-21,2.2,5.4,2.1
2018-03-22,10.2,2.6,1.0
2018-03-23,0.8,7.2,3.6
2018-03-24,22.5,4.1,1.1
2018-03-26,6.5,0.3,0.0
2018-04-03,13.0,12.3,5.7
2018-04-04,2.8,0.3,0.0
2018-04-05,13.1,0.3,0.0
2018-04-06,17.1,14.0,7.3
2018-04-07,0.5,0.7,0.0
2018-04-11,1.8,0.4,0.0
2018-04-15,69.3,0.9,0.0
2018-04-17,2.6,2.3,0.0
2018-04-18,1.4,13.0,8.9
2018-04-19,26.6,37.9,38.3
2018-04-20,12.0,18.4,14.1
2018-04-21,2.6,1.5,0.0
2018-04-23,2.8,13.1,7.2
2018-04-25,7.7,42.2,43.6
2018-04-26,26.2,11.3,5.7
2018-04-27,3.2,4.2,1.0
2018-04-29,3.0,2.8,0.0
2018-05-01,1.5,3.6,0.0
2018-05-03,2.4,2.5,0.0
2018-05-05,17.2,18.2,12.1
2018-05-06,68.0,29.4,29.9
2018-05-07,13.6,14.6,8.9
2018-05-08,2.4,9.3,4.3
2018-05-09,1.0,10.3,5.2
2018-05-10,39.7,0.0,0.0
2018-05-12,26.5,2.1,0.0
2018-05-13,30.5,4.6,1.2
2018-05-14,3.5,0.8,0.0
2018-05-16,0.5,0.0,0.0
2018-05-19,4.0,3.5,1.0
2018-05-21,5.4,46.8,55.8
2018-05-22,18.5,8.1,4.2
2018-05-23,17.6,4.9,1.5
2018-05-24,1.8,10.2,6.1
2018-05-25,5.6,19.1,15.0
2018-05-26,2.0,51.5,63.0
2018-05-27,59.6,4.6,1.3
2018-05-28,1.6,0.6,0.0
2018-05-29,1.5,28.5,31.7
2018-05-30,61.2,19.2,15.1
2018-05-31,16.2,0.6,0.0
2018-06-07,70.6,50.4,64.8
2018-06-08,19.5,0.3,0.0
2018-06-10,0.6,10.0,6.9
2018-06-11,1.0,2.4,0.0
2018-06-13,82.5,14.9,10.6
2018-06-14,14.5,22.6,18.4
2018-06-15,8.0,19.2,14.9
2018-06-16,8.6,0.0,0.0
2018-06-18,35.3,1.6,0.0
2018-06-20,0.5,0.3,0.0
2018-06-22,21.5,20.4,16.6
2018-06-23,4.0,19.5,15.6
2018-06-24,14.4,0.8,0.0
2018-06-27,4.6,24.5,21.2
2018-06-28,14.0,33.9,36.4
2018-06-29,42.6,2.1,0.0
2018-07-01,25.6,37.6,41.2
2018-07-02,6.2,21.5,17.9
2018-07-03,1.0,5.8,1.8
2018-07-04,20.7,14.1,9.9
2018-07-06,5.7,17.4,13.4
2018-07-07,2.0,36.3,38.7
2018-07-08,3.5,43.5,54.2
2018-07-09,35.4,32.2,31.7
2018-07-10,43.0,5.8,1.8
2018-07-12,0.0,15.2,10.8
2018-07-13,5.4,31.3,37.8
2018-07-15,33.7,4.0,1.0
2018-07-17,8.6,38.6,48.8
2018-07-18,11.1,0.3,0.0
2018-07-20,55.4,0.3,0.0
2018-07-22,73.0,0.8,0.0
2018-07-25,0.5,0.6,0.0
2018-07-27,8.4,0.1,0.0
2018-07-30,0.0,43.0,49.0
2018-07-31,37.5,3.9,0.0
2018-08-05,11.9,1.3,0.0
2018-08-08,10.5,11.6,7.4
2018-08-09,6.5,52.4,68.6
2018-08-10,26.5,5.6,1.4
2018-08-11,1.0,2.2,0.0
2018-08-13,1.5,0.5,0.0
2018-08-19,2.2,9.3,5.4
2018-08-21,47.0,10.2,6.6
2018-08-22,59.8,7.5,3.8
2018-08-24,41.6,33.1,42.7
2018-08-25,4.0,15.9,13.0
2018-08-26,4.8,17.6,15.0
2018-08-27,9.7,9.1,5.4
2018-08-29,58.0,23.5,22.2
2018-08-30,10.2,8.7,5.0
2018-09-01,9.0,36.6,40.2
2018-09-02,12.7,4.1,0.0
2018-09-05,13.7,29.4,28.4
2018-09-06,3.0,7.9,2.6
2018-09-08,1.0,14.6,9.3
2018-09-09,0.5,6.7,1.5
2018-09-11,1.5,0.0,0.0
2018-09-13,1.2,8.2,4.3
2018-09-15,11.5,18.7,15.7
2018-09-16,19.5,3.2,1.0
2018-09-18,28.5,1.2,0.0
2018-09-21,2.5,19.8,12.9
2018-09-22,8.0,5.3,1.0
2018-09-26,1.6,2.8,0.0
2018-10-01,14.7,9.3,5.1
2018-10-02,1.5,0.0,0.0
2018-10-03,3.5,16.9,12.6
2018-10-04,6.8,6.8,2.7
2018-10-07,72.0,14.4,10.1
2018-10-08,11.5,11.4,7.1
2018-10-09,4.6,7.0,2.9
2018-10-10,1.5,25.7,21.6
2018-10-11,51.3,7.3,2.3
2018-10-12,5.0,6.3,1.4
2018-10-14,62.7,15.7,10.4
2018-10-15,31.5,15.8,10.5
2018-10-16,3.5,12.6,7.3
2018-10-17,18.2,17.9,12.7
2018-10-18,12.2,1.2,0.0
2018-10-20,18.8,33.2,31.0
2018-10-21,26.0,34.0,36.4
2018-10-22,69.0,2.2,0.0
2018-10-23,26.0,0.2,0.0
2018-11-01,37.3,26.0,28.1
2018-11-02,1.6,34.0,42.3
2018-11-03,54.7,52.7,71.8
2018-11-04,16.9,10.9,6.5
2018-11-05,6.3,7.4,2.9
2018-11-06,10.6,1.8,0.0
2018-11-07,5.0,0.0,0.0
2018-11-10,1.0,3.8,0.0
2018-11-14,36.7,29.9,23.8
2018-11-15,22.4,39.5,45.2
2018-11-16,2.3,30.6,25.5
2018-11-17,43.5,7.9,1.2
2018-11-21,5.0,8.4,4.4
2018-11-22,2.4,44.7,64.3
2018-11-23,29.0,47.9,71.1
2018-11-24,79.8,0.0,0.0
2018-11-27,1.0,24.9,29.4
2018-11-28,38.9,12.8,9.1
2018-11-29,1.5,9.3,5.3
2018-11-30,0.8,7.3,3.3
2018-12-02,16.9,12.8,6.8
2018-12-03,9.9,5.5,1.0
2018-12-05,26.0,5.9,1.3
2018-12-08,16.1,42.1,42.2
2018-12-09,92.0,35.4,32.2
2018-12-10,28.2,15.1,8.8
2018-12-11,7.0,10.9,6.1
2018-12-12,1.0,0.0,0.0
2018-12-14,50.1,13.2,8.2
2018-12-22,1.0,3.0,0.0
2018-12-24,0.0,1.6,0.0
2018-12-26,6.5,6.6,2.2
2018-12-27,4.0,10.4,6.4
2018-12-29,47.5,25.2,31.4
2018-12-30,41.8,4.0,0.0
2019-01-02,22.3,3.8,1.0
2019-01-05,21.0,0.0,0.0
2019-01-06,0.6,9.0,4.7
2019-01-07,11.4,13.5,8.5
2019-01-08,35.0,36.3,35.2
2019-01-09,34.9,18.0,12.3
2019-01-10,4.0,0.4,0.0
2019-01-11,2.0,27.2,34.0
2019-01-12,2.8,93.4,92.4
2019-01-13,15.5,5.2,1.3
2019-01-15,7.3,19.2,16.2
2019-01-21,97.8,1.5,0.0
2019-01-24,41.5,22.6,33.3
2019-01-25,7.5,1.5,0.0
2019-01-27,3.8,0.7,0.0
2019-01-29,22.7,3.1,1.0
2019-01-31,1.5,15.9,16.1
2019-02-01,63.1,27.4,30.4
2019-02-02,61.0,81.8,83.6
2019-02-03,48.5,4.8,0.0
2019-02-05,36.3,7.2,1.4
2019-02-06,2.0,0.0,0.0
2019-02-07,1.5,31.6,35.8
2019-02-08,2.3,7.7,1.8
2019-02-10,55.8,40.4,48.0
2019-02-11,41.0,30.2,26.9
2019-02-12,46.6,2.3,0.0
2019-02-13,0.8,2.0,0.0
2019-02-15,69.8,11.6,7.7
2019-02-16,3.5,10.7,6.9
2019-02-17,13.4,1.0,0.0
2019-02-19,89.4,2.6,1.0
2019-02-20,0.5,2.1,0.0
2019-02-21,1.0,0.4,0.0
2019-02-25,33.3,10.9,6.0
2019-02-26,4.0,69.9,79.9
2019-02-27,57.5,45.9,55.4
2019-02-28,88.5,9.8,5.0
2019-03-02,59.0,1.4,0.0
2019-03-04,17.1,15.1,9.9
2019-03-05,9.0,0.6,0.0
2019-03-06,0.0,35.5,36.8
2019-03-08,47.4,24.5,18.9
2019-03-09,7.8,28.0,22.2
2019-03-10,2.4,19.0,13.6
2019-03-11,4.8,0.5,0.0
2019-03-13,13.2,69.1,90.6
2019-03-14,99.0,11.8,9.0
2019-03-15,10.0,7.7,4.4
2019-03-22,23.4,35.0,32.5
2019-03-23,10.5,15.1,10.6
2019-03-24,34.5,7.6,4.0
2019-03-25,0.5,29.5,24.3
2019-03-26,2.5,2.9,1.0
2019-03-27,5.6,27.8,23.3
2019-03-28,21.4,1.7,0.0
2019-03-30,6.5,8.8,4.9
2019-03-31,4.0,0.9,0.0
2019-04-01,3.7,1.6,0.0
2019-04-05,3.0,6.6,1.1
2019-04-06,2.6,13.0,6.3
2019-04-09,0.5,47.4,51.7
2019-04-10,43.2,0.6,0.0
2019-04-12,89.7,2.6,0.0
2019-04-14,156.8,18.1,13.8
2019-04-15,2.0,19.8,15.4
2019-04-16,8.5,19.2,14.8
2019-04-17,16.1,43.9,46.6
2019-04-18,35.9,32.4,28.5
2019-04-19,41.4,0.1,0.0
2019-04-21,131.2,15.9,9.5
2019-04-22,5.0,6.9,2.3
2019-04-24,3.5,21.1,13.9
2019-04-25,14.6,18.9,12.1
2019-04-27,7.5,2.0,0.0
2019-04-28,2.7,19.0,12.1
2019-04-29,1.6,13.4,7.5
2019-05-04,2.9,5.1,1.0
2019-05-05,3.8,0.3,0.0
2019-05-08,36.5,0.1,0.0
2019-05-09,16.9,0.0,0.0
2019-05-11,26.5,8.6,4.9
2019-05-13,1.0,0.3,0.0
2019-05-14,4.0,8.1,4.4
2019-05-15,0.9,1.4,0.0
2019-05-17,2.5,7.8,4.2
2019-05-18,2.0,9.9,6.2
2019-05-19,53.5,32.7,36.9
2019-05-20,32.1,0.4,0.0
2019-05-23,38.6,0.4,0.0
2019-05-26,21.1,2.0,0.0
2019-05-31,1.4,0.8,0.0
2019-06-01,0.5,50.4,65.6
2019-06-02,19.3,14.9,12.2
2019-06-03,2.3,49.7,64.6
2019-06-04,117.6,14.2,11.5
2019-06-06,15.0,43.6,55.7
2019-06-07,16.5,1.2,0.0
2019-06-08,1.8,41.6,52.8
2019-06-09,21.8,18.0,15.7
2019-06-10,7.2,71.9,84.3
2019-06-11,44.4,37.6,40.9
2019-06-12,3.0,11.7,7.5
2019-06-13,1.0,10.5,6.4
2019-06-15,7.0,15.8,11.5
2019-06-16,1.8,56.0,66.9
2019-06-17,9.4,24.0,19.9
2019-06-18,2.6,2.7,1.0
2019-06-22,5.0,5.3,1.9
2019-06-25,3.5,7.6,3.9
2019-06-27,2.3,4.9,1.7
2019-06-29,10.3,23.2,19.6
2019-06-30,5.8,15.2,11.2
2019-07-03,3.2,21.1,17.6
2019-07-04,22.8,8.3,4.0
2019-07-05,13.6,2.8,0.0
2019-07-06,1.4,2.8,0.0
2019-07-08,3.8,29.3,27.4
2019-07-09,4.5,38.7,44.3
2019-07-10,73.1,22.1,20.0
2019-07-11,3.3,19.8,15.7
2019-07-12,3.6,0.0,0.0
2019-07-15,0.8,12.6,8.1
2019-07-16,8.3,28.9,33.5
2019-07-17,7.5,1.0,0.0
2019-07-21,0.5,49.5,60.9
2019-07-22,30.5,12.9,7.6
2019-07-23,5.5,50.1,62.6
2019-07-24,39.7,30.9,29.3
2019-07-25,11.4,26.8,23.2
2019-07-26,6.3,9.6,4.2
2019-07-27,1.8,17.1,12.1
2019-07-28,10.3,11.9,6.5
2019-07-29,0.4,17.5,12.6
2019-07-30,3.0,17.3,12.3
2019-07-31,18.2,11.7,6.4
2019-08-01,0.0,42.9,52.7
2019-08-02,14.6,0.2,0.0
2019-08-04,0.7,3.8,0.0
2019-08-05,2.8,3.2,0.0
2019-08-06,0.5,9.2,4.9
2019-08-07,4.0,5.7,1.5
2019-08-08,0.5,0.3,0.0
2019-08-10,25.7,0.6,0.0
2019-08-14,16.5,20.3,14.8
2019-08-15,7.7,7.7,4.1
2019-08-17,8.2,1.8,0.0
2019-08-19,3.1,22.4,16.5
2019-08-20,7.3,8.4,4.6
2019-08-21,1.8,1.8,0.0
2019-08-23,3.5,2.6,0.0
2019-08-25,0.5,0.8,0.0
2019-08-27,0.5,15.9,13.0
2019-08-28,7.1,2.1,0.0
2019-08-30,0.2,2.0,0.0
2019-09-03,2.6,20.0,15.3
2019-09-04,46.7,2.8,0.0
2019-09-05,5.3,0.1,0.0
2019-09-14,6.0,5.1,1.5
2019-09-15,5.1,0.4,0.0
2019-09-16,1.2,8.2,4.2
2019-09-20,15.3,4.9,1.4
2019-09-21,49.1,16.6,9.6
2019-09-22,2.6,8.3,2.0
2019-09-23,1.0,3.5,0.0
2019-09-26,0.8,35.7,38.8
2019-09-27,140.4,26.7,21.2
2019-09-28,12.6,30.1,29.4
2019-09-29,50.5,24.7,18.5
2019-09-30,19.8,26.4,20.2
2019-10-01,10.8,31.9,34.6
2019-10-02,4.6,0.0,0.0
2019-10-04,12.5,0.3,0.0
2019-10-06,5.2,15.2,10.9
2019-10-07,1.0,2.5,0.0
2019-10-09,39.1,27.2,27.4
2019-10-10,15.9,1.4,0.0
2019-10-11,4.0,4.4,0.0
2019-10-12,1.3,43.1,46.0
2019-10-13,144.4,13.8,8.5
2019-10-14,11.5,60.5,73.4
2019-10-15,62.5,5.8,1.0
2019-10-16,1.2,3.7,0.0
2019-10-18,44.5,18.0,12.8
2019-10-19,31.0,0.0,0.0
2019-10-21,6.8,1.0,0.0
2019-10-22,0.2,22.3,17.5
2019-10-23,11.4,21.0,16.1
2019-10-24,2.8,35.9,38.9
2019-10-25,81.7,8.4,4.4
2019-10-28,1.9,1.3,0.0
2019-10-29,0.4,2.3,0.0
2019-10-31,2.5,23.1,18.2
2019-11-01,8.3,4.9,1.0
2019-11-03,71.5,19.2,16.1
2019-11-04,12.5,0.7,0.0
2019-11-14,25.5,9.0,2.0
2019-11-15,4.6,0.7,0.0
2019-11-18,19.2,0.0,0.0
2019-11-20,6.5,16.1,8.1
2019-11-21,1.2,0.9,0.0
2019-11-22,1.2,0.2,0.0
2019-11-30,6.0,4.9,1.2
2019-12-02,44.0,14.0,7.8
2019-12-06,10.5,1.1,0.0
2019-12-08,9.3,28.9,22.5
2019-12-09,0.5,23.9,17.5
2019-12-11,1.5,7.8,3.5
2019-12-12,1.2,62.3,65.9
2019-12-13,10.0,16.5,11.1
2019-12-15,110.3,36.6,38.1
2019-12-16,10.0,30.2,29.0
2019-12-17,28.5,15.9,10.6
2019-12-18,1.5,13.8,8.7
2019-12-20,8.9,1.3,0.0
2019-12-24,2.0,8.4,4.1
2019-12-28,25.4,23.9,23.3
2019-12-29,29.8,0.1,0.0
2019-12-31,10.6,20.2,18.8
2020-01-01,4.2,2.3,0.0
2020-01-02,1.0,1.9,0.0
2020-01-03,0.0,85.8,64.7
2020-01-04,43.5,99.4,64.8
2020-01-05,51.7,3.1,0.0
2020-01-09,59.3,1.5,0.0
2020-01-10,0.0,31.1,29.9
2020-01-11,8.0,0.5,0.0
2020-01-12,0.0,4.1,1.0
2020-01-14,11.4,2.5,0.0
2020-01-16,10.9,1.1,0.0
2020-01-20,74.8,5.7,1.8
2020-01-21,5.6,1.4,0.0
2020-01-22,1.3,14.4,14.1
2020-01-23,23.4,9.5,7.8
2020-01-24,24.0,2.6,1.0
2020-01-25,0.4,0.0,0.0
2020-01-27,16.8,19.9,21.6
2020-01-28,37.2,5.4,3.0
2020-01-29,3.0,0.0,0.0
2020-01-30,9.2,2.9,1.0
2020-01-31,0.0,52.0,85.5
2020-02-01,24.9,48.7,57.7
2020-02-02,106.0,13.1,6.8
2020-02-03,39.7,1.7,0.0
2020-02-05,1.3,24.1,18.3
2020-02-06,10.5,102.2,84.2
2020-02-07,35.5,20.5,14.4
2020-02-08,2.2,0.5,0.0
2020-02-10,33.4,0.7,0.0
2020-02-14,0.4,0.0,0.0
2020-02-16,25.8,24.7,20.6
2020-02-17,44.3,74.4,83.7
2020-02-18,23.1,47.3,56.0
2020-02-19,47.3,63.1,73.5
2020-02-20,140.3,1.1,0.0
2020-02-21,0.4,9.3,4.5
2020-02-22,26.1,4.1,1.0
2020-02-23,18.8,27.7,23.6
2020-02-24,84.2,5.9,1.5
2020-02-25,3.5,7.4,2.8
2020-02-26,0.5,54.8,65.7
2020-02-27,52.3,12.7,7.6
2020-02-28,7.6,47.6,57.0
2020-02-29,17.7,13.4,8.3
2020-03-01,2.8,26.7,21.0
2020-03-02,9.7,19.3,13.8
2020-03-03,2.0,114.0,106.1
2020-03-04,169.9,30.3,25.8
2020-03-05,45.0,1.7,0.0
2020-03-07,81.5,6.9,2.4
2020-03-08,50.3,13.2,8.1
2020-03-09,16.2,8.1,3.4
2020-03-10,2.5,47.1,52.0
2020-03-11,64.4,5.7,2.3
2020-03-12,7.5,0.0,0.0
2020-03-14,30.1,6.3,2.9
2020-03-15,1.4,22.1,21.8
2020-03-16,6.8,29.2,34.9
2020-03-17,21.2,18.6,17.0
2020-03-18,26.8,2.4,0.0
2020-03-19,0.9,0.4,0.0
2020-03-21,2.1,12.9,8.6
2020-03-22,0.0,26.2,21.1
2020-03-23,11.1,1.6,0.0
2020-03-25,6.2,10.0,6.0
2020-03-26,6.8,1.0,0.0
2020-03-28,0.0,30.7,28.3
2020-03-29,54.4,15.4,10.9
2020-03-30,13.6,18.7,14.0
2020-03-31,49.7,4.3,1.2
2020-04-01,2.7,23.9,18.6
2020-04-02,41.3,4.5,0.0
2020-04-03,9.2,13.3,6.6
2020-04-04,2.8,12.8,6.2
2020-04-05,40.8,5.3,1.0
2020-04-06,0.0,26.0,21.4
2020-04-07,89.4,32.2,33.4
2020-04-08,46.4,0.1,0.0
2020-04-10,1.5,0.6,0.0
2020-04-13,20.5,6.8,3.2
2020-04-14,4.5,11.9,7.8
2020-04-15,52.3,1.6,0.0
2020-04-17,2.0,15.5,11.2
2020-04-18,18.9,31.3,27.7
2020-04-19,41.0,8.9,5.1
2020-04-20,4.6,8.9,5.0
2020-04-21,0.5,12.3,6.6
2020-04-23,56.5,0.2,0.0
2020-04-25,0.0,15.3,9.0
2020-04-26,16.3,13.6,7.6
2020-04-27,5.9,2.1,0.0
2020-04-29,12.5,3.1,0.0
2020-05-02,0.6,6.9,2.3
2020-05-03,1.8,5.3,1.0
2020-05-04,32.6,58.1,57.7
2020-05-05,24.3,0.4,0.0
2020-05-11,2.6,1.5,0.0
2020-05-13,29.7,7.3,3.7
2020-05-16,0.3,0.2,0.0
2020-05-17,1.0,0.0,0.0
2020-05-18,1.0,0.6,0.0
2020-05-20,76.0,9.4,5.7
2020-05-21,27.9,1.8,0.0
2020-05-22,0.4,22.6,20.8
2020-05-23,63.2,2.8,1.0
2020-05-24,1.0,7.4,3.5
2020-05-25,0.8,1.2,0.0
2020-05-27,2.0,7.5,3.7
2020-05-28,26.1,3.7,1.0
2020-05-29,5.2,4.1,1.0
2020-05-30,0.1,0.8,0.0
2020-06-01,0.5,0.9,0.0
2020-06-03,9.5,4.6,1.5
2020-06-04,2.3,29.3,28.3
2020-06-05,9.3,4.4,1.3
2020-06-06,0.0,4.7,1.6
2020-06-07,23.6,3.6,1.0
2020-06-09,88.3,20.6,18.7
2020-06-10,10.5,37.6,45.6
2020-06-11,7.6,5.2,1.8
2020-06-12,6.6,4.5,1.3
2020-06-13,15.4,37.7,41.1
2020-06-14,29.6,8.6,4.7
2020-06-15,90.4,84.3,96.3
2020-06-16,55.2,4.7,1.4
2020-06-17,0.1,1.3,0.0
2020-06-19,7.8,0.0,0.0
2020-06-23,2.8,0.9,0.0
2020-06-25,1.0,63.7,87.5
2020-06-26,21.0,3.2,1.0
2020-06-27,0.0,0.0,0.0
2020-06-29,0.6,20.3,16.4
2020-06-30,2.9,9.5,5.6
2020-07-01,89.0,1.6,0.0
2020-07-02,18.0,8.0,3.7
2020-07-03,2.5,9.0,4.6
2020-07-04,3.6,0.0,0.0
2020-07-07,2.5,2.3,0.0
2020-07-08,2.4,44.5,55.4
2020-07-09,27.3,0.0,0.0
2020-07-11,0.0,29.4,35.1
2020-07-12,27.7,1.4,0.0
2020-07-13,11.9,7.9,3.7
2020-07-14,2.7,5.1,1.4
2020-07-16,12.5,0.0,0.0
2020-07-17,7.7,35.7,44.8
2020-07-18,19.0,1.2,0.0
2020-07-19,36.0,0.0,0.0
2020-07-20,0.6,14.9,10.4
2020-07-21,9.5,11.2,5.8
2020-07-22,10.7,0.0,0.0
2020-07-24,0.2,9.1,3.7
2020-07-25,0.8,89.6,129.8
2020-07-26,25.9,3.4,0.0
2020-07-27,1.5,35.0,35.4
2020-07-28,18.4,4.5,0.0
2020-07-30,19.3,27.4,23.7
2020-07-31,20.1,2.2,0.0
2020-08-02,46.2,19.9,16.5
2020-08-03,11.6,10.3,6.0
2020-08-04,3.4,5.1,1.0
2020-08-05,17.6,8.4,4.1
2020-08-06,5.2,33.4,33.3
2020-08-07,32.5,0.0,0.0
2020-08-09,13.7,40.3,47.0
2020-08-10,3.4,21.7,18.6
2020-08-11,19.1,0.0,0.0
2020-08-13,8.8,3.2,1.0
2020-08-14,41.8,25.9,21.4
2020-08-15,25.6,15.2,10.4
2020-08-16,5.7,17.3,12.1
2020-08-17,5.4,1.9,0.0
2020-08-18,0.5,6.4,3.1
2020-08-19,0.6,6.5,3.1
2020-08-20,17.9,5.9,2.7
2020-08-21,12.5,1.2,0.0
2020-08-22,1.0,7.8,4.1
2020-08-23,4.0,30.2,37.4
2020-08-24,22.3,4.8,1.2
2020-08-25,1.5,0.0,0.0
2020-08-27,1.0,8.9,5.3
2020-08-29,76.4,20.1,18.0
2020-08-30,50.9,10.4,6.9
2020-08-31,22.5,1.0,0.0
2020-09-02,46.1,27.5,24.0
2020-09-03,11.4,3.6,0.0
2020-09-05,8.9,26.1,22.4
2020-09-06,1.6,48.4,58.7
2020-09-07,22.2,10.7,5.2
2020-09-08,3.0,6.1,1.0
2020-09-09,0.0,20.0,15.2
2020-09-10,11.3,16.1,11.0
2020-09-11,21.6,23.1,21.0
2020-09-12,3.7,48.1,70.2
2020-09-13,26.2,10.2,6.2
2020-09-14,0.0,29.3,30.0
2020-09-28,2.3,18.8,11.9
2020-09-29,8.7,9.8,3.2
2020-09-30,1.0,3.2,0.0
2020-10-01,23.0,3.0,0.0
2020-10-02,0.2,47.4,54.8
2020-10-03,16.0,52.7,63.6
2020-10-04,45.3,8.3,4.2
2020-10-05,5.2,1.1,0.0
2020-10-06,22.1,54.7,64.6
2020-10-07,40.2,37.3,41.8
2020-10-08,2.8,20.0,15.8
2020-10-09,6.6,0.0,0.0
2020-10-12,20.4,43.3,46.1
2020-10-13,22.6,17.4,12.2
2020-10-14,23.3,24.2,19.6
2020-10-15,15.7,9.3,4.2
2020-10-16,7.7,10.9,5.7
2020-10-17,25.0,4.4,0.0
2020-10-19,33.5,3.2,0.0
2020-10-20,0.9,9.7,4.5
2020-10-21,4.4,9.1,5.0
2020-10-22,5.3,5.1,1.6
2020-10-23,0.5,10.5,6.2
2020-10-25,16.7,7.6,3.7
2020-10-26,0.0,0.5,0.0
2020-10-28,0.0,12.5,7.9
2020-10-29,0.0,6.3,2.6
2020-10-30,1.2,0.2,0.0
2020-10-31,0.0,2.3,0.0
2020-11-01,7.6,16.6,13.0
2020-11-02,13.0,25.1,26.9
2020-11-03,32.2,14.5,10.6
2020-11-04,20.5,2.2,0.0
2020-11-05,0.0,5.4,1.1
2020-11-07,0.0,1.5,0.0
2020-11-10,1.2,3.5,0.0
2020-11-11,0.4,10.3,3.0
2020-11-13,1.5,5.4,0.0
2020-11-14,0.0,9.2,2.1
2020-11-16,0.0,55.2,69.5
2020-11-17,70.3,7.4,1.0
2020-11-18,15.6,1.7,0.0
2020-11-19,1.6,22.4,14.4
2020-11-20,2.9,1.0,0.0
2020-11-21,0.0,12.8,9.2
2020-11-22,5.5,8.3,4.3
2020-11-23,11.6,1.7,0.0
2020-11-25,112.7,1.7,0.0
2020-11-26,1.4,24.3,29.4
2020-11-27,28.1,22.8,25.2
2020-11-28,7.0,2.3,0.0
2020-11-29,0.0,40.1,55.4
2020-11-30,8.3,4.7,1.0
2020-12-01,3.0,108.7,128.4
2020-12-02,153.9,11.8,5.9
2020-12-03,1.7,0.6,0.0
2020-12-04,5.2,3.6,0.0
2020-12-05,0.0,30.9,25.1
2020-12-06,33.1,27.9,21.9
2020-12-07,32.6,5.7,1.1
2020-12-08,0.7,13.3,7.2
2020-12-09,30.9,2.4,0.0
2020-12-10,4.2,2.8,0.0
2020-12-13,0.0,0.7,0.0
2020-12-14,0.4,38.0,39.7
2020-12-15,38.7,13.1,8.0
2020-12-16,21.4,0.7,0.0
2020-12-17,2.5,0.2,0.0
2020-12-19,25.0,0.9,0.0
2020-12-21,18.0,46.8,66.1
2020-12-22,48.9,0.3,0.0
2020-12-23,20.6,28.9,38.0
2020-12-24,70.2,0.0,0.0
2020-12-25,0.0,12.9,9.4
2020-12-26,2.1,12.1,8.4
2020-12-27,4.8,17.8,15.7
2020-12-28,9.0,0.0,0.0
2020-12-29,1.4,0.3,0.0
2020-12-30,0.0,8.4,4.2
2021-01-02,0.2,23.0,19.4
2021-01-03,2.8,3.2,0.0
2021-01-07,13.5,2.7,0.0
2021-01-10,7.4,0.4,0.0
2021-01-12,17.4,24.7,28.5
2021-01-13,2.4,13.1,9.3
2021-01-14,39.7,13.9,10.2
2021-01-16,4.2,2.9,0.0
2021-01-17,0.0,5.0,1.2
2021-01-19,74.2,13.3,9.6
2021-01-20,5.5,4.9,1.0
2021-01-21,1.4,1.7,0.0
2021-01-22,0.0,9.3,7.5
2021-01-23,6.0,0.0,0.0
2021-01-24,0.0,4.2,1.7
2021-01-25,23.0,25.8,38.7
2021-01-26,65.0,12.2,11.3
2021-01-27,6.9,60.6,100.7
2021-01-28,116.8,18.0,19.0
2021-01-29,31.5,34.4,54.0
2021-01-30,19.9,2.1,0.0
2021-01-31,0.0,6.4,4.1
2021-02-03,1.7,41.9,49.7
2021-02-04,99.8,2.5,0.0
2021-02-05,3.5,2.6,0.0
2021-02-07,0.0,0.9,0.0
2021-02-09,22.6,9.4,3.3
2021-02-10,5.6,30.4,34.2
2021-02-11,18.7,2.0,0.0
2021-02-12,6.4,13.0,9.1
2021-02-13,12.0,12.4,8.4
2021-02-14,7.7,15.9,11.8
2021-02-15,6.6,20.9,16.7
2021-02-16,4.7,0.6,0.0
2021-02-19,5.6,12.3,8.3
2021-02-20,14.5,16.3,12.2
2021-02-21,6.5,17.1,11.9
2021-02-22,16.3,3.0,0.0
2021-02-24,11.8,3.0,0.0
2021-02-25,6.7,0.7,0.0
2021-02-26,0.1,63.2,72.8
2021-02-27,27.5,6.5,2.0
2021-03-01,1.0,0.8,0.0
2021-03-03,0.0,5.5,1.2
2021-03-04,8.0,10.9,6.0
2021-03-05,19.7,20.3,14.7
2021-03-06,15.3,24.3,18.6
2021-03-08,58.5,29.3,23.6
2021-03-09,48.6,11.6,6.6
2021-03-10,6.6,11.8,6.8
2021-03-11,2.9,1.0,0.0
2021-03-12,0.4,15.1,12.8
2021-03-13,84.0,3.7,1.0
2021-03-14,0.7,2.5,0.0
2021-03-15,0.0,0.0,0.0
2021-03-17,18.5,18.4,16.8
2021-03-18,10.6,18.9,17.4
2021-03-20,2.0,21.4,20.5
2021-03-21,58.8,1.9,0.0
2021-03-22,1.0,18.6,13.9
2021-03-23,37.1,3.3,1.0
2021-03-24,33.8,17.8,13.2
2021-03-25,2.5,14.2,9.8
2021-03-26,37.8,20.4,15.6
2021-03-27,7.9,8.1,4.3
2021-03-28,0.3,26.9,21.8
2021-03-29,15.3,3.8,1.0
2021-03-31,0.5,1.4,0.0
2021-04-02,5.4,16.0,9.3
2021-04-03,0.5,11.3,4.9
2021-04-04,4.0,0.0,0.0
2021-04-07,0.0,4.2,0.0
2021-04-10,4.2,21.4,14.7
2021-04-11,3.4,0.2,0.0
2021-04-12,0.0,0.4,0.0
2021-04-15,0.0,0.3,0.0
2021-04-17,105.3,22.5,18.1
2021-04-18,20.2,10.2,6.3
2021-04-19,1.8,127.2,120.2
2021-04-20,42.9,19.2,14.9
2021-04-21,2.6,0.2,0.0
2021-04-22,0.0,12.1,6.4
2021-04-24,2.0,18.2,11.4
2021-04-25,7.0,11.6,6.0
2021-04-26,3.0,0.0,0.0
2021-04-28,3.4,2.3,0.0
2021-04-29,0.0,12.7,6.9
2021-04-30,14.5,0.1,0.0
2021-05-02,57.5,11.4,6.1
2021-05-04,21.5,16.9,10.9
2021-05-07,0.4,15.8,9.9
2021-05-08,8.0,10.5,5.3
2021-05-09,9.2,2.9,0.0
2021-05-10,0.0,23.4,16.8
2021-05-11,5.7,3.5,1.0
2021-05-13,0.0,39.1,47.6
2021-05-14,43.5,1.1,0.0
2021-05-15,0.0,65.1,80.7
2021-05-16,81.9,14.0,10.5
2021-05-17,4.0,14.8,11.4
2021-05-18,23.5,4.8,1.4
2021-05-19,3.6,34.4,39.6
2021-05-20,93.5,2.5,0.0
2021-05-21,1.0,34.9,40.0
2021-05-22,10.9,10.6,6.5
2021-05-23,2.4,43.7,52.7
2021-05-24,16.5,6.7,2.9
2021-05-25,0.6,18.8,14.6
2021-05-26,20.3,4.6,1.3
2021-05-27,2.5,0.1,0.0
2021-05-31,1.5,10.7,6.6
2021-06-01,9.0,31.3,30.5
2021-06-02,23.6,15.9,13.3
2021-06-03,5.7,41.9,53.3
2021-06-04,82.5,3.2,1.0
2021-06-05,0.5,0.3,0.0
2021-06-07,0.2,8.8,5.6
2021-06-08,4.4,1.6,0.0
2021-06-09,0.0,42.4,53.4
2021-06-10,41.9,34.2,37.6
2021-06-11,70.0,25.7,21.7
2021-06-12,1.3,22.2,18.0
2021-06-13,5.3,14.8,10.5
2021-06-14,1.6,0.0,0.0
2021-06-16,47.4,16.3,12.0
2021-06-17,8.6,38.4,42.0
2021-06-18,37.6,0.4,0.0
2021-06-19,2.5,8.6,4.7
2021-06-21,1.8,13.1,9.1
2021-06-22,24.1,3.6,1.0
2021-06-24,3.8,10.2,6.3
2021-06-25,4.4,37.8,43.7
2021-06-26,20.1,0.4,0.0
2021-06-29,34.1,2.4,1.0
2021-07-01,0.8,1.9,0.0
2021-07-03,69.0,15.9,11.7
2021-07-04,3.8,22.8,19.5
2021-07-05,3.0,24.6,21.2
2021-07-06,33.7,3.1,0.0
2021-07-07,1.7,25.8,22.0
2021-07-08,8.2,19.0,15.1
2021-07-09,3.4,0.2,0.0
2021-07-11,16.8,0.3,0.0
2021-07-12,1.8,0.4,0.0
2021-07-15,30.4,7.6,3.4
2021-07-16,49.3,13.8,9.3
2021-07-17,1.0,33.7,44.2
2021-07-18,19.5,36.6,46.4
2021-07-19,50.8,6.7,2.6
2021-07-20,0.0,19.5,15.4
2021-07-21,9.2,37.0,38.8
2021-07-22,12.8,1.1,0.0
2021-07-24,6.4,45.6,54.1
2021-07-25,64.2,10.8,5.5
2021-07-27,0.0,19.6,14.9
2021-07-28,1.6,8.9,3.5
2021-07-29,4.5,5.9,1.0
2021-07-31,1.3,0.0,0.0
2021-08-02,9.7,10.8,6.6
2021-08-03,5.5,17.9,14.3
2021-08-04,8.2,22.5,20.0
2021-08-05,46.3,0.7,0.0
2021-08-08,4.8,14.5,10.5
2021-08-09,78.5,17.0,13.3
2021-08-10,24.9,34.4,36.0
2021-08-11,102.8,12.1,7.7
2021-08-13,20.7,1.3,0.0
2021-08-15,5.6,0.4,0.0
2021-08-16,9.9,18.9,13.6
2021-08-17,37.2,3.4,1.0
2021-08-18,0.0,26.7,20.5
2021-08-19,55.8,90.0,99.6
2021-08-20,95.3,5.6,2.4
2021-08-21,0.6,1.4,0.0
2021-08-23,55.2,9.0,5.3
2021-08-24,6.2,10.7,7.1
2021-08-25,7.3,63.9,81.2
2021-08-26,62.8,23.6,21.9
2021-08-27,5.3,64.0,80.6
2021-08-28,6.5,8.7,5.0
2021-08-29,0.0,28.6,34.9
2021-08-30,68.5,34.3,43.2
2021-08-31,33.3,34.1,43.4
2021-09-01,18.7,25.8,22.0
2021-09-03,11.9,0.7,0.0
2021-09-05,5.0,5.2,1.0
2021-09-06,9.9,7.6,2.3
2021-09-08,31.3,16.6,11.4
2021-09-09,3.4,15.8,10.6
2021-09-10,7.6,34.1,35.6
2021-09-11,35.2,2.7,0.0
2021-09-13,4.0,3.9,1.0
2021-09-14,11.0,11.7,7.8
2021-09-15,23.2,6.2,2.4
2021-09-16,13.0,12.4,8.5
2021-09-17,6.5,24.9,24.1
2021-09-18,3.2,89.6,135.6
2021-09-19,127.6,3.3,1.0
2021-09-20,0.0,67.5,109.6
2021-09-21,85.5,1.0,0.0
2021-09-22,1.3,16.9,9.9
2021-09-23,0.0,1.7,0.0
2021-09-25,19.6,10.9,4.2
2021-09-26,1.3,8.7,2.3
2021-09-28,0.0,36.0,39.4
2021-09-29,16.3,18.7,11.8
2021-09-30,4.0,8.6,2.2
2021-10-01,0.2,33.2,38.4
2021-10-02,137.0,7.6,3.5
2021-10-03,3.3,16.8,12.5
2021-10-04,13.7,10.4,6.2
2021-10-06,26.5,17.2,12.9
2021-10-07,6.5,13.8,9.4
2021-10-08,8.3,4.4,1.0
2021-10-09,0.4,0.0,0.0
2021-10-10,6.0,11.5,7.2
2021-10-11,4.7,5.1,1.0
2021-10-12,2.0,2.9,0.0
2021-10-15,4.4,0.0,0.0
2021-10-16,0.0,29.7,25.3
2021-10-17,28.3,9.5,4.4
2021-10-18,0.7,4.9,1.0
2021-10-19,2.0,18.3,13.1
2021-10-20,1.8,2.5,0.0
2021-10-22,16.2,8.0,4.0
2021-10-23,4.5,0.3,0.0
2021-10-24,1.3,18.0,13.0
2021-10-25,57.9,4.4,1.1
2021-10-26,2.8,2.7,0.0
2021-10-28,1.0,10.8,6.5
2021-10-29,9.6,4.8,1.4
2021-10-31,54.0,9.7,5.5
2021-11-02,0.4,0.3,0.0
2021-11-04,73.1,7.9,3.4
2021-11-05,2.8,0.0,0.0
2021-11-07,4.0,8.7,4.2
2021-11-09,27.5,5.1,1.0
2021-11-10,0.0,14.6,10.7
2021-11-11,45.0,18.1,10.0
2021-11-12,100.1,2.3,0.0
2021-11-13,1.2,15.9,7.9
2021-11-14,4.5,25.8,18.3
2021-11-15,42.5,9.4,2.3
2021-11-17,0.0,19.2,11.1
2021-11-18,3.5,13.2,5.5
2021-11-19,1.0,0.4,0.0
2021-11-21,64.9,0.2,0.0
2021-11-23,0.0,33.5,44.1
2021-11-24,90.6,4.7,1.0
2021-11-25,1.4,0.2,0.0
2021-11-26,0.0,7.4,3.4
2021-11-27,36.6,6.3,2.4
2021-11-29,3.0,12.4,8.7
2021-11-30,0.5,42.6,60.1
2021-12-01,47.0,22.6,16.0
2021-12-02,1.0,13.2,7.1
2021-12-04,38.7,13.8,7.6
2021-12-05,67.6,2.4,0.0
2021-12-08,6.3,16.4,10.0
2021-12-09,26.0,18.8,12.3
2021-12-10,89.2,0.2,0.0
2021-12-12,5.2,10.0,5.3
2021-12-13,9.0,3.5,1.0
2021-12-15,0.0,2.3,0.0
2021-12-17,3.0,5.6,1.8
2021-12-18,1.0,5.0,1.3
2021-12-19,6.1,0.7,0.0
2021-12-20,0.0,2.1,0.0
2021-12-21,5.6,4.5,1.0
2021-12-23,0.0,0.9,0.0
2021-12-24,0.8,1.3,0.0
2021-12-25,3.5,0.2,0.0
2021-12-26,5.0,24.4,30.4
2021-12-27,43.9,3.1,0.0
2021-12-28,30.3,16.0,13.3
2021-12-29,29.2,2.2,0.0
