date,gauge,imergl,lseqmdl
2001-01-01,0.2,0.0,0.0
2001-01-02,8.4,3.6,0.0
2001-01-03,8.5,19.2,14.8
2001-01-04,8.0,20.7,16.1
2001-01-06,0.0,0.1,0.0
2001-01-07,0.0,1.1,0.0
2001-01-08,0.0,0.0,0.0
2001-01-09,0.0,0.0,0.0
2001-01-10,0.0,0.1,0.0
2001-01-11,1.8,4.4,1.5
2001-01-12,2.2,13.8,8.9
2001-01-14,0.0,0.3,0.0
2001-01-15,0.0,0.0,0.0
2001-01-16,1.4,1.3,0.0
2001-01-17,0.0,1.0,0.0
2001-01-18,0.0,2.9,1.0
2001-01-20,0.0,0.1,0.0
2001-01-21,1.2,0.0,0.0
2001-01-22,0.0,0.4,0.0
2001-01-23,7.2,25.7,22.9
2001-01-25,0.0,0.4,0.0
2001-01-26,0.5,0.0,0.0
2001-01-29,1.8,0.0,0.0
2001-01-30,5.9,0.5,0.0
2001-02-01,3.5,0.0,0.0
2001-02-02,11.3,38.8,30.8
2001-02-03,17.0,4.6,1.5
2001-02-04,1.7,11.2,6.7
2001-02-05,12.1,35.2,26.8
2001-02-06,34.8,25.3,17.7
2001-02-07,5.4,17.1,11.5
2001-02-08,1.4,17.3,11.7
2001-02-09,31.8,22.5,15.9
2001-02-10,8.5,12.3,7.6
2001-02-13,0.2,5.5,1.9
2001-02-14,2.0,8.0,4.3
2001-02-15,24.2,18.5,19.4
2001-02-16,0.8,9.0,5.2
2001-02-18,26.0,38.2,49.4
2001-02-19,0.0,12.0,8.3
2001-02-20,0.0,11.7,8.0
2001-02-21,0.0,22.2,16.4
2001-02-22,1.0,28.1,27.6
2001-02-23,4.8,14.2,10.6
2001-02-24,0.0,0.4,0.0
2001-02-25,0.0,0.0,0.0
2001-02-26,8.4,11.0,6.5
2001-03-01,14.0,0.0,0.0
2001-03-02,0.0,2.0,0.0
2001-03-03,0.5,2.3,0.0
2001-03-04,10.9,8.8,5.1
2001-03-05,0.0,0.6,0.0
2001-03-06,7.2,1.5,0.0
2001-03-07,1.0,4.9,1.2
2001-03-08,0.3,5.3,1.6
2001-03-09,52.1,38.5,55.4
2001-03-10,70.0,21.9,26.9
2001-03-11,2.9,32.4,44.5
2001-03-12,1.5,11.9,7.9
2001-03-13,0.0,11.1,7.1
2001-03-14,8.4,0.9,0.0
2001-03-15,45.5,41.9,62.3
2001-03-16,26.7,13.9,10.2
2001-03-19,23.1,4.9,1.0
2001-03-20,10.4,1.3,0.0
2001-03-21,0.1,2.5,0.0
2001-03-22,24.6,15.1,11.9
2001-03-23,21.3,4.5,1.7
2001-03-24,0.0,2.9,1.0
2001-03-25,0.0,0.0,0.0
2001-03-26,0.0,0.0,0.0
2001-03-27,5.0,0.2,0.0
2001-03-29,12.6,16.8,14.4
2001-03-30,0.0,1.0,0.0
2001-03-31,8.2,0.0,0.0
2001-04-01,4.4,1.0,0.0
2001-04-02,0.0,1.1,0.0
2001-04-03,1.6,1.6,0.0
2001-04-04,0.0,0.0,0.0
2001-04-05,0.0,0.0,0.0
2001-04-07,1.2,6.5,2.2
2001-04-08,0.0,0.8,0.0
2001-04-09,40.4,9.1,4.1
2001-04-10,2.1,10.2,5.0
2001-04-11,12.2,27.6,25.3
2001-04-12,34.7,25.7,24.4
2001-04-13,0.0,5.1,2.6
2001-04-14,13.3,17.8,14.3
2001-04-15,2.9,1.6,0.0
2001-04-16,0.5,1.6,0.0
2001-04-17,0.0,0.3,0.0
2001-04-18,28.6,23.2,20.4
2001-04-19,24.2,22.6,21.5
2001-04-20,0.0,0.1,0.0
2001-04-21,12.0,0.0,0.0
2001-04-22,2.4,0.4,0.0
2001-04-23,0.8,0.5,0.0
2001-04-24,8.0,14.5,13.7
2001-04-25,0.0,0.8,0.0
2001-04-26,2.0,7.4,5.9
2001-04-27,0.0,4.1,2.3
2001-04-28,1.0,18.7,21.1
2001-04-30,12.0,1.9,1.0
2001-05-01,17.6,42.5,34.8
2001-05-03,7.6,12.6,6.7
2001-05-04,0.0,9.2,4.1
2001-05-05,0.5,5.3,1.0
2001-05-06,0.0,5.8,1.3
2001-05-07,0.0,2.4,0.0
2001-05-08,0.5,4.4,0.0
2001-05-09,1.7,10.9,5.4
2001-05-10,15.4,27.3,21.7
2001-05-11,0.3,21.9,17.2
2001-05-12,0.0,0.0,0.0
2001-05-13,0.0,14.8,8.8
2001-05-14,0.3,3.5,0.0
2001-05-16,1.4,6.8,1.8
2001-05-17,0.6,4.4,0.0
2001-05-18,0.0,0.9,0.0
2001-05-19,3.3,0.0,0.0
2001-05-20,0.0,2.6,0.0
2001-05-21,1.4,0.0,0.0
2001-05-22,0.0,1.0,0.0
2001-05-23,79.7,25.7,26.7
2001-05-24,0.0,3.5,1.1
2001-05-25,0.3,1.2,0.0
2001-05-26,0.0,2.3,1.0
2001-05-27,0.0,0.1,0.0
2001-05-28,0.0,0.0,0.0
2001-05-29,0.0,0.0,0.0
2001-05-31,1.0,1.6,0.0
2001-06-01,0.0,0.0,0.0
2001-06-02,18.6,14.6,14.1
2001-06-03,0.0,0.8,0.0
2001-06-04,0.3,4.9,2.0
2001-06-05,0.0,0.5,0.0
2001-06-06,0.3,3.5,1.0
2001-06-07,0.0,0.8,0.0
2001-06-08,0.0,0.0,0.0
2001-06-09,0.0,0.2,0.0
2001-06-10,21.7,14.4,13.2
2001-06-11,0.0,0.0,0.0
2001-06-12,0.0,1.2,0.0
2001-06-13,0.0,0.0,0.0
2001-06-14,0.0,0.0,0.0
2001-06-15,1.0,0.0,0.0
2001-06-16,0.0,0.0,0.0
2001-06-17,0.0,0.0,0.0
2001-06-18,0.0,0.0,0.0
2001-06-19,0.0,5.6,1.8
2001-06-20,0.0,4.3,1.0
2001-06-21,0.0,7.0,1.7
2001-06-22,83.4,35.3,53.6
2001-06-23,0.8,9.8,4.8
2001-06-24,0.0,2.2,0.0
2001-06-25,5.5,1.2,0.0
2001-06-26,16.2,14.7,12.8
2001-06-27,0.0,0.1,0.0
2001-06-28,0.0,5.5,1.0
2001-06-29,0.0,2.0,0.0
2001-06-30,0.0,0.0,0.0
2001-07-01,65.0,1.2,0.0
2001-07-02,0.0,0.0,0.0
2001-07-03,0.0,0.0,0.0
2001-07-04,0.0,1.5,0.0
2001-07-05,0.0,2.1,0.0
2001-07-06,1.8,13.0,6.4
2001-07-07,0.0,0.8,0.0
2001-07-08,0.0,4.8,0.0
2001-07-09,0.0,2.2,0.0
2001-07-10,0.0,2.8,0.0
2001-07-11,0.0,4.2,0.0
2001-07-12,0.0,4.6,0.0
2001-07-13,0.6,12.8,5.1
2001-07-14,2.1,18.2,9.7
2001-07-15,0.0,0.5,0.0
2001-07-16,0.0,9.8,2.6
2001-07-17,0.0,0.0,0.0
2001-07-18,1.6,18.3,9.9
2001-07-19,0.0,4.7,0.0
2001-07-20,0.0,3.3,0.0
2001-07-21,0.0,0.0,0.0
2001-07-22,0.0,2.3,0.0
2001-07-23,0.0,8.6,4.5
2001-07-24,0.0,1.7,0.0
2001-07-25,0.0,3.6,0.0
2001-07-26,0.0,0.6,0.0
2001-07-27,0.0,0.7,0.0
2001-07-28,0.0,1.8,0.0
2001-07-29,0.0,0.1,0.0
2001-07-30,0.0,0.0,0.0
2001-07-31,24.7,0.7,0.0
2001-08-01,17.6,0.6,0.0
2001-08-02,6.0,0.1,0.0
2001-08-03,7.6,0.3,0.0
2001-08-04,0.0,5.7,1.0
2001-08-05,0.5,0.1,0.0
2001-08-06,0.0,2.2,0.0
2001-08-07,0.0,9.7,4.0
2001-08-08,0.5,92.4,83.1
2001-08-09,1.7,38.9,49.7
2001-08-10,15.4,5.5,1.0
2001-08-11,0.3,2.8,0.0
2001-08-12,0.0,10.4,9.4
2001-08-13,0.0,43.2,110.1
2001-08-14,0.3,37.8,86.7
2001-08-15,0.0,12.5,11.3
2001-08-16,1.4,24.6,40.0
2001-08-17,0.6,5.8,1.8
2001-08-18,0.0,0.2,0.0
2001-08-19,3.3,1.1,0.0
2001-08-20,0.0,0.2,0.0
2001-08-21,1.4,0.0,0.0
2001-08-22,0.0,0.0,0.0
2001-08-23,79.7,0.0,0.0
2001-08-24,0.0,0.3,0.0
2001-08-25,0.3,0.3,0.0
2001-08-26,0.0,0.1,0.0
2001-08-27,0.0,0.0,0.0
2001-08-28,0.0,0.0,0.0
2001-08-29,0.0,0.6,0.0
2001-08-30,0.0,0.1,0.0
2001-08-31,0.1,0.0,0.0
2001-09-01,0.0,0.2,0.0
2001-09-02,0.0,0.2,0.0
2001-09-03,0.0,5.3,1.0
2001-09-04,0.0,0.8,0.0
2001-09-05,0.0,6.0,1.3
2001-09-06,0.4,6.2,1.5
2001-09-07,0.0,0.5,0.0
2001-09-08,0.0,0.0,0.0
2001-09-09,5.6,9.4,5.2
2001-09-10,0.0,14.6,11.7
2001-09-11,0.0,8.9,3.9
2001-09-12,10.6,18.7,28.1
2001-09-13,0.0,0.1,0.0
2001-09-14,0.0,0.3,0.0
2001-09-15,0.0,0.8,0.0
2001-09-16,0.0,0.2,0.0
2001-09-17,0.0,10.7,6.1
2001-09-18,4.7,12.3,8.2
2001-09-19,4.2,18.7,28.8
2001-09-20,1.5,9.8,4.9
2001-09-21,0.0,4.7,1.0
2001-09-22,1.6,6.1,2.2
2001-09-23,0.6,12.9,22.1
2001-09-24,0.0,20.3,37.0
2001-09-25,0.0,0.2,0.0
2001-09-26,0.0,2.4,0.0
2001-09-27,0.0,7.8,4.7
2001-09-28,0.0,1.1,0.0
2001-09-29,1.4,0.8,0.0
2001-09-30,0.0,1.2,0.0
2001-10-01,0.0,0.0,0.0
2001-10-02,0.0,0.7,0.0
2001-10-03,0.0,1.5,0.0
2001-10-04,0.1,3.1,1.0
2001-10-05,63.1,82.4,99.0
2001-10-06,0.3,6.2,3.2
2001-10-07,0.0,2.5,0.0
2001-10-08,0.0,0.0,0.0
2001-10-10,2.2,13.5,10.5
2001-10-11,45.8,29.4,52.9
2001-10-12,7.8,11.4,12.0
2001-10-13,0.0,0.3,0.0
2001-10-14,0.0,0.4,0.0
2001-10-15,0.0,0.9,0.0
2001-10-16,0.0,0.0,0.0
2001-10-17,0.0,1.3,0.0
2001-10-18,0.0,3.9,1.0
2001-10-19,4.8,11.1,10.7
2001-10-20,1.2,1.2,0.0
2001-10-22,0.0,2.8,0.0
2001-10-23,1.2,2.1,0.0
2001-10-24,0.0,3.4,1.0
2001-10-25,0.0,2.0,0.0
2001-10-26,1.5,0.2,0.0
2001-10-27,0.0,0.6,0.0
2001-10-28,0.0,1.3,0.0
2001-10-29,0.0,0.1,0.0
2001-10-30,5.0,1.2,0.0
2001-10-31,0.0,5.8,3.4
2001-11-01,0.3,14.6,18.2
2001-11-02,0.0,0.7,0.0
2001-11-03,0.0,0.0,0.0
2001-11-04,5.4,1.8,0.0
2001-11-05,0.0,1.2,0.0
2001-11-06,0.0,0.0,0.0
2001-11-07,8.6,0.0,0.0
2001-11-08,0.5,5.5,3.5
2001-11-09,1.2,11.2,10.8
2001-11-10,0.6,2.7,1.0
2001-11-11,0.0,0.5,0.0
2001-11-12,11.5,0.9,0.0
2001-11-13,1.0,3.0,0.0
2001-11-14,0.0,0.5,0.0
2001-11-15,24.8,0.1,0.0
2001-11-16,0.0,3.6,1.0
2001-11-17,65.4,64.3,59.1
2001-11-18,17.8,62.3,57.9
2001-11-19,0.6,16.3,11.2
2001-11-20,1.5,15.4,10.6
2001-11-21,10.0,3.1,1.0
2001-11-22,12.5,2.8,0.0
2001-11-23,0.0,1.3,0.0
2001-11-24,0.0,0.1,0.0
2001-11-25,0.0,0.0,0.0
2001-11-26,1.2,0.0,0.0
2001-11-27,0.5,0.0,0.0
2001-11-28,0.0,0.0,0.0
2001-11-29,0.0,3.1,1.0
2001-11-30,1.6,1.1,0.0
2001-12-02,1.6,3.6,1.0
2001-12-03,27.8,63.4,46.6
2001-12-04,2.2,3.9,1.0
2001-12-05,39.2,12.9,7.1
2001-12-07,4.5,1.4,0.0
2001-12-08,0.2,4.2,1.0
2001-12-09,0.0,1.8,0.0
2001-12-10,4.4,12.0,6.4
2001-12-11,0.0,9.1,4.7
2001-12-12,1.0,6.5,2.5
2001-12-13,1.3,12.6,7.8
2001-12-15,3.2,3.1,0.0
2001-12-16,0.4,4.0,1.0
2001-12-17,0.4,27.5,21.8
2001-12-18,3.8,31.9,28.1
2001-12-19,13.7,39.7,37.8
2001-12-20,3.8,40.9,39.5
2001-12-21,22.0,0.2,0.0
2001-12-22,9.9,19.7,13.5
2001-12-24,0.7,19.6,14.3
2001-12-25,0.0,40.8,43.1
2001-12-26,5.6,11.0,6.9
2001-12-27,18.2,49.8,55.5
2001-12-28,0.0,37.8,37.3
2001-12-29,15.9,0.8,0.0
2001-12-30,1.2,2.9,1.0
2002-01-01,7.6,7.9,2.5
2002-01-05,0.0,1.9,0.0
2002-01-06,2.8,0.0,0.0
2002-01-07,0.0,0.4,0.0
2002-01-08,0.0,0.1,0.0
2002-01-09,4.8,11.7,6.3
2002-01-11,13.5,0.0,0.0
2002-01-12,4.2,0.6,0.0
2002-01-13,0.0,0.0,0.0
2002-01-14,0.0,0.1,0.0
2002-01-16,0.0,0.0,0.0
2002-01-17,0.0,0.0,0.0
2002-01-18,0.5,9.4,5.5
2002-01-19,0.0,0.8,0.0
2002-01-20,0.0,0.0,0.0
2002-01-21,0.0,0.0,0.0
2002-01-22,0.0,1.6,0.0
2002-01-23,13.8,7.0,3.4
2002-01-24,0.0,1.1,0.0
2002-01-25,0.0,0.7,0.0
2002-01-26,4.2,1.3,0.0
2002-01-27,2.7,20.5,16.4
2002-01-28,8.6,13.9,10.4
2002-01-29,11.4,9.0,5.3
2002-01-30,16.8,1.4,0.0
2002-01-31,2.2,3.5,1.0
2002-02-01,5.0,0.4,0.0
2002-02-02,0.0,0.3,0.0
2002-02-03,3.4,9.1,5.0
2002-02-04,0.0,1.7,0.0
2002-02-05,7.9,4.5,1.4
2002-02-06,0.0,0.0,0.0
2002-02-07,4.0,0.3,0.0
2002-02-08,1.2,1.5,0.0
2002-02-09,20.6,2.1,0.0
2002-02-10,0.0,2.0,0.0
2002-02-11,1.0,12.5,8.8
2002-02-12,0.2,1.9,0.0
2002-02-13,0.0,2.0,0.0
2002-02-14,0.0,2.5,0.0
2002-02-15,12.1,6.9,3.2
2002-02-16,8.9,4.3,1.0
2002-02-17,0.0,0.4,0.0
2002-02-18,19.5,10.2,6.4
2002-02-19,0.3,13.9,11.6
2002-02-20,0.5,1.7,0.0
2002-02-21,0.0,1.3,0.0
2002-02-22,0.4,7.0,3.1
2002-02-23,7.6,55.6,64.3
2002-02-24,14.5,49.2,55.1
2002-02-25,23.4,78.1,95.9
2002-02-26,16.8,85.9,97.8
2002-02-27,0.6,21.0,14.5
2002-02-28,0.0,1.1,0.0
2002-03-01,0.0,3.1,0.0
2002-03-02,0.0,0.5,0.0
2002-03-03,7.4,11.4,7.8
2002-03-04,4.2,0.6,0.0
2002-03-05,29.4,13.1,9.7
2002-03-06,0.0,4.1,1.0
2002-03-07,1.0,1.9,0.0
2002-03-08,0.0,5.1,1.4
2002-03-09,1.4,15.7,12.6
2002-03-10,25.8,27.0,34.3
2002-03-11,0.0,0.7,0.0
2002-03-12,0.0,0.3,0.0
2002-03-13,0.6,18.6,16.5
2002-03-14,0.6,9.6,5.4
2002-03-15,0.0,11.9,8.0
2002-03-16,13.6,35.8,50.3
2002-03-17,0.0,2.7,0.0
2002-03-18,0.8,11.0,6.9
2002-03-19,0.8,8.1,3.8
2002-03-20,3.4,16.1,12.8
2002-03-21,6.5,9.8,6.6
2002-03-22,0.0,0.0,0.0
2002-03-23,0.0,0.4,0.0
2002-03-24,0.0,0.1,0.0
2002-03-25,0.0,4.5,1.7
2002-03-26,0.0,0.0,0.0
2002-03-27,0.0,0.2,0.0
2002-03-28,4.2,3.9,1.2
2002-03-29,0.0,8.0,4.9
2002-03-30,7.3,13.7,10.6
2002-03-31,0.6,1.7,0.0
2002-04-01,1.8,17.0,10.5
2002-04-02,6.0,6.7,2.4
2002-04-03,7.7,17.3,10.7
2002-04-04,18.0,56.6,54.6
2002-04-05,0.0,0.6,0.0
2002-04-06,0.0,0.2,0.0
2002-04-07,4.2,0.0,0.0
2002-04-08,0.0,0.8,0.0
2002-04-09,0.6,0.0,0.0
2002-04-10,0.0,0.0,0.0
2002-04-11,0.0,0.1,0.0
2002-04-12,16.0,11.2,8.2
2002-04-13,3.6,14.2,11.1
2002-04-14,0.0,0.0,0.0
2002-04-15,0.0,0.0,0.0
2002-04-16,4.0,1.4,0.0
2002-04-17,16.0,135.4,98.5
2002-04-18,0.0,0.3,0.0
2002-04-19,9.1,27.2,24.6
2002-04-20,12.8,1.7,0.0
2002-04-21,3.0,13.8,13.1
2002-04-22,8.6,0.0,0.0
2002-04-23,12.0,25.8,33.6
2002-04-24,0.5,5.1,3.3
2002-04-25,0.0,0.0,0.0
2002-04-26,0.0,0.2,0.0
2002-04-27,0.0,1.5,0.0
2002-04-28,0.0,0.0,0.0
2002-04-29,6.2,2.8,1.0
2002-04-30,17.1,5.7,3.9
2002-05-01,0.5,0.4,0.0
2002-05-02,0.0,0.0,0.0
2002-05-03,9.8,3.1,0.0
2002-05-04,0.0,3.7,0.0
2002-05-05,0.7,0.0,0.0
2002-05-06,0.0,0.9,0.0
2002-05-07,0.0,0.0,0.0
2002-05-08,0.0,2.9,0.0
2002-05-09,0.0,7.8,2.9
2002-05-10,1.4,36.6,30.0
2002-05-11,1.3,28.5,26.9
2002-05-12,33.9,76.1,67.7
2002-05-13,10.2,10.2,4.7
2002-05-14,0.0,5.7,1.0
2002-05-15,0.0,0.2,0.0
2002-05-16,0.0,0.5,0.0
2002-05-17,0.0,2.5,0.0
2002-05-18,28.0,32.7,32.5
2002-05-19,0.0,2.4,0.0
2002-05-20,0.0,1.7,0.0
2002-05-21,0.0,0.0,0.0
2002-05-22,0.0,0.0,0.0
2002-05-23,15.3,0.0,0.0
2002-05-24,26.8,15.7,13.2
2002-05-25,0.3,3.2,1.0
2002-05-26,0.0,0.0,0.0
2002-05-27,0.0,0.2,0.0
2002-05-29,3.9,1.1,0.0
2002-05-30,0.0,0.0,0.0
2002-05-31,0.0,0.0,0.0
2002-06-01,1.6,0.7,0.0
2002-06-02,22.8,5.4,2.6
2002-06-03,0.0,0.0,0.0
2002-06-04,0.0,2.0,0.0
2002-06-05,0.0,0.1,0.0
2002-06-06,29.0,15.9,16.0
2002-06-07,6.8,1.1,0.0
2002-06-08,3.0,2.5,0.0
2002-06-09,0.0,0.0,0.0
2002-06-10,0.0,1.5,0.0
2002-06-11,0.0,0.4,0.0
2002-06-12,0.0,0.0,0.0
2002-06-13,1.0,1.9,0.0
2002-06-14,0.1,0.9,0.0
2002-06-15,9.7,63.8,55.8
2002-06-16,0.6,8.9,4.6
2002-06-17,0.8,3.2,0.0
2002-06-19,0.5,13.9,9.0
2002-06-20,21.6,4.8,1.2
2002-06-21,0.0,19.4,18.2
2002-06-22,1.1,12.2,9.0
2002-06-23,0.0,1.1,0.0
2002-06-24,7.0,1.7,0.0
2002-06-25,6.8,11.1,6.2
2002-06-26,8.8,20.3,19.7
2002-06-27,3.1,19.5,17.4
2002-06-28,0.0,8.4,3.2
2002-06-29,0.0,6.2,1.0
2002-06-30,1.6,7.6,2.4
2002-07-01,70.5,40.9,43.1
2002-07-04,0.0,0.7,0.0
2002-07-05,0.0,0.0,0.0
2002-07-06,0.0,0.0,0.0
2002-07-07,0.0,0.0,0.0
2002-07-08,0.0,0.0,0.0
2002-07-09,0.0,0.0,0.0
2002-07-10,0.0,0.0,0.0
2002-07-11,0.2,0.0,0.0
2002-07-12,0.0,1.4,0.0
2002-07-13,0.0,13.6,5.7
2002-07-15,0.0,0.0,0.0
2002-07-16,0.0,0.0,0.0
2002-07-17,9.3,5.9,0.0
2002-07-19,0.0,0.0,0.0
2002-07-20,0.0,0.1,0.0
2002-07-21,0.0,1.5,0.0
2002-07-22,0.0,14.6,11.4
2002-07-23,15.1,15.7,11.0
2002-07-24,11.0,27.7,27.8
2002-07-26,0.0,0.0,0.0
2002-07-27,0.0,3.3,0.0
2002-07-28,0.1,0.1,0.0
2002-07-29,4.8,0.9,0.0
2002-07-30,0.0,0.2,0.0
2002-07-31,25.5,2.1,0.0
2002-08-01,38.6,22.4,20.8
2002-08-02,0.0,2.0,0.0
2002-08-03,0.0,0.0,0.0
2002-08-04,0.0,0.5,0.0
2002-08-05,7.4,48.0,61.1
2002-08-06,0.0,6.8,1.4
2002-08-07,9.4,2.9,0.0
2002-08-08,2.2,14.8,8.9
2002-08-09,44.6,37.2,46.4
2002-08-10,0.0,12.1,6.9
2002-08-11,0.0,1.1,0.0
2002-08-12,1.1,0.6,0.0
2002-08-13,1.2,1.1,0.0
2002-08-14,0.0,0.0,0.0
2002-08-15,0.0,0.0,0.0
2002-08-16,0.0,0.0,0.0
2002-08-17,0.0,3.4,0.0
2002-08-18,0.3,0.6,0.0
2002-08-19,0.3,2.3,0.0
2002-08-20,0.0,0.1,0.0
2002-08-21,0.0,1.1,0.0
2002-08-22,7.8,0.4,0.0
2002-08-23,0.2,15.1,7.5
2002-08-24,0.0,4.2,0.0
2002-08-25,0.0,0.1,0.0
2002-08-26,0.0,0.2,0.0
2002-08-27,0.0,0.1,0.0
2002-08-28,0.0,0.3,0.0
2002-08-29,0.0,2.9,0.0
2002-08-30,2.6,0.4,0.0
2002-08-31,35.6,19.7,11.4
2002-09-01,0.0,0.4,0.0
2002-09-02,0.0,10.8,6.8
2002-09-03,0.0,2.2,0.0
2002-09-04,0.0,1.9,0.0
2002-09-05,0.0,0.0,0.0
2002-09-06,0.0,0.0,0.0
2002-09-07,0.0,0.0,0.0
2002-09-08,0.0,0.0,0.0
2002-09-09,0.6,0.3,0.0
2002-09-10,0.0,14.7,13.2
2002-09-12,24.2,25.6,39.3
2002-09-13,0.0,5.1,0.0
2002-09-14,0.0,0.0,0.0
2002-09-15,15.6,10.2,5.5
2002-09-16,0.0,2.3,0.0
2002-09-17,0.0,0.2,0.0
2002-09-18,0.0,0.0,0.0
2002-09-19,0.0,0.0,0.0
2002-09-20,0.0,0.0,0.0
2002-09-21,0.0,0.0,0.0
2002-09-23,0.0,0.0,0.0
2002-09-24,0.0,0.3,0.0
2002-09-25,0.0,0.9,0.0
2002-09-26,8.5,20.0,36.1
2002-09-27,0.0,6.0,2.2
2002-09-28,0.0,0.0,0.0
2002-09-30,50.3,4.8,1.0
2002-10-01,0.0,0.1,0.0
2002-10-02,0.0,0.9,0.0
2002-10-03,0.0,1.0,0.0
2002-10-04,0.0,0.3,0.0
2002-10-05,0.0,7.0,4.0
2002-10-06,0.0,2.3,0.0
2002-10-07,1.1,19.6,24.5
2002-10-08,0.0,0.0,0.0
2002-10-09,0.0,0.0,0.0
2002-10-10,0.0,0.0,0.0
2002-10-11,0.0,0.6,0.0
2002-10-12,0.0,0.0,0.0
2002-10-13,0.0,0.1,0.0
2002-10-14,0.0,0.1,0.0
2002-10-15,0.0,2.7,0.0
2002-10-16,12.0,16.2,17.8
2002-10-17,0.0,0.3,0.0
2002-10-18,0.0,0.4,0.0
2002-10-19,0.0,0.0,0.0
2002-10-20,0.0,0.4,0.0
2002-10-21,0.3,0.0,0.0
2002-10-22,0.0,0.1,0.0
2002-10-23,0.0,0.3,0.0
2002-10-24,0.0,0.0,0.0
2002-10-25,28.3,5.3,2.8
2002-10-26,0.0,0.0,0.0
2002-10-27,0.0,0.0,0.0
2002-10-28,0.0,0.0,0.0
2002-10-29,0.0,0.0,0.0
2002-10-30,0.0,0.0,0.0
2002-10-31,7.2,7.6,5.6
2002-11-01,0.0,0.4,0.0
2002-11-02,15.1,0.7,0.0
2002-11-03,7.4,1.4,0.0
2002-11-04,0.0,0.3,0.0
2002-11-05,0.0,1.9,0.0
2002-11-06,0.0,0.6,0.0
2002-11-07,0.0,4.4,2.1
2002-11-08,0.0,0.0,0.0
2002-11-09,2.3,0.0,0.0
2002-11-10,0.0,0.0,0.0
2002-11-11,0.0,0.4,0.0
2002-11-12,0.0,0.6,0.0
2002-11-13,4.8,13.6,8.4
2002-11-14,0.8,5.7,1.8
2002-11-15,0.0,2.6,0.0
2002-11-16,10.4,0.0,0.0
2002-11-17,0.0,0.0,0.0
2002-11-18,2.2,0.0,0.0
2002-11-19,3.5,16.9,11.8
2002-11-20,34.1,126.7,67.4
2002-11-21,5.8,5.8,2.4
2002-11-22,10.8,9.8,5.3
2002-11-23,0.0,2.5,0.0
2002-11-24,0.4,3.6,1.0
2002-11-25,0.0,3.5,1.0
2002-11-26,0.0,7.1,3.4
2002-11-27,0.6,16.7,9.4
2002-11-28,22.4,37.6,28.3
2002-11-29,0.8,15.9,9.1
2002-11-30,1.4,8.6,4.4
2002-12-01,0.0,4.5,1.0
2002-12-02,1.6,16.7,10.4
2002-12-03,3.8,0.8,0.0
2002-12-04,4.2,0.0,0.0
2002-12-05,1.4,0.1,0.0
2002-12-06,0.0,0.5,0.0
2002-12-07,0.0,0.5,0.0
2002-12-08,2.6,3.5,1.0
2002-12-09,0.8,11.9,6.4
2002-12-10,0.6,2.9,0.0
2002-12-11,0.6,0.0,0.0
2002-12-12,0.3,0.1,0.0
2002-12-13,0.0,8.2,4.0
2002-12-15,0.0,0.0,0.0
2002-12-16,0.3,0.9,0.0
2002-12-17,0.0,0.1,0.0
2002-12-18,0.0,0.0,0.0
2002-12-19,0.0,0.0,0.0
2002-12-20,0.0,0.0,0.0
2002-12-21,0.0,0.0,0.0
2002-12-22,0.0,0.3,0.0
2002-12-23,0.0,0.0,0.0
2002-12-24,0.0,0.3,0.0
2002-12-25,0.0,0.1,0.0
2002-12-26,9.6,0.0,0.0
2002-12-27,1.7,21.0,14.8
2002-12-28,3.8,7.5,3.9
2002-12-29,16.6,10.0,6.1
2002-12-30,0.0,1.6,0.0
2002-12-31,21.4,23.5,18.4
2003-01-01,13.3,59.5,84.0
2003-01-02,0.5,11.3,5.9
2003-01-03,1.0,13.6,8.4
2003-01-04,18.0,43.8,67.2
2003-01-05,0.8,0.2,0.0
2003-01-06,0.0,4.4,0.0
2003-01-08,5.0,13.5,8.3
2003-01-09,0.0,1.5,0.0
2003-01-10,0.8,2.6,0.0
2003-01-11,11.1,19.3,13.8
2003-01-12,1.1,20.4,17.4
2003-01-13,0.0,0.7,0.0
2003-01-14,2.4,0.3,0.0
2003-01-15,0.0,1.8,0.0
2003-01-16,0.0,0.4,0.0
2003-01-17,0.6,4.3,1.4
2003-01-20,0.0,0.6,0.0
2003-01-21,4.0,4.2,1.0
2003-01-22,0.8,2.1,0.0
2003-01-23,0.0,0.4,0.0
2003-01-24,52.2,13.9,10.9
2003-01-25,11.1,7.4,3.8
2003-01-26,0.9,1.2,0.0
2003-01-27,0.0,0.2,0.0
2003-01-28,2.8,15.0,11.5
2003-01-29,6.0,1.6,0.0
2003-01-30,3.4,4.8,1.5
2003-01-31,0.0,1.9,0.0
2003-02-01,0.0,9.2,5.1
2003-02-02,0.8,9.2,5.0
2003-02-03,0.0,21.6,15.2
2003-02-04,4.4,30.9,23.9
2003-02-05,3.4,14.3,9.2
2003-02-06,10.0,0.9,0.0
2003-02-07,7.2,3.9,1.0
2003-02-08,1.8,6.3,2.8
2003-02-09,10.0,1.0,0.0
2003-02-10,0.0,0.4,0.0
2003-02-11,0.0,7.5,3.8
2003-02-12,1.0,0.0,0.0
2003-02-13,9.0,0.0,0.0
2003-02-14,1.4,0.0,0.0
2003-02-15,0.0,0.0,0.0
2003-02-16,0.3,3.5,1.0
2003-02-17,0.0,17.5,14.1
2003-02-18,19.6,1.3,0.0
2003-02-19,0.0,4.9,1.4
2003-02-20,1.5,24.8,27.2
2003-02-21,5.8,5.7,2.1
2003-02-22,0.0,9.1,4.9
2003-02-23,1.8,24.1,25.1
2003-02-24,54.0,4.3,1.1
2003-02-25,15.9,0.2,0.0
2003-02-26,3.0,5.7,2.1
2003-02-27,27.3,3.8,1.0
2003-02-28,2.3,0.0,0.0
2003-03-01,0.0,0.0,0.0
2003-03-02,0.2,18.9,17.5
2003-03-03,6.5,9.1,5.4
2003-03-04,7.3,0.4,0.0
2003-03-05,0.1,1.4,0.0
2003-03-06,0.0,6.5,2.8
2003-03-07,12.4,32.3,43.3
2003-03-08,54.4,1.3,0.0
2003-03-09,0.0,0.0,0.0
2003-03-10,0.3,0.1,0.0
2003-03-11,0.0,0.0,0.0
2003-03-12,0.0,0.1,0.0
2003-03-13,0.0,2.5,0.0
2003-03-14,0.0,1.9,0.0
2003-03-15,0.2,0.1,0.0
2003-03-16,5.7,5.8,1.6
2003-03-17,8.5,6.2,1.9
2003-03-18,0.0,2.1,0.0
2003-03-19,1.8,0.1,0.0
2003-03-20,0.4,0.6,0.0
2003-03-21,0.0,14.8,11.2
2003-03-22,26.3,3.8,1.1
2003-03-23,15.9,0.0,0.0
2003-03-24,0.0,8.2,5.1
2003-03-25,9.6,0.3,0.0
2003-03-26,0.0,0.0,0.0
2003-03-27,0.3,1.6,0.0
2003-03-28,5.0,0.0,0.0
2003-03-29,0.0,0.0,0.0
2003-03-30,0.0,1.9,0.0
2003-03-31,1.8,12.3,8.9
2003-04-01,0.0,15.1,8.9
2003-04-02,11.3,50.9,46.2
2003-04-03,1.2,41.2,34.6
2003-04-04,0.0,4.6,1.0
2003-04-05,1.0,1.6,0.0
2003-04-06,0.0,0.0,0.0
2003-04-07,0.0,0.0,0.0
2003-04-08,0.0,2.2,0.0
2003-04-09,0.0,0.0,0.0
2003-04-10,0.0,0.0,0.0
2003-04-11,0.0,0.0,0.0
2003-04-12,0.0,0.9,0.0
2003-04-13,0.0,6.6,4.0
2003-04-14,0.0,0.0,0.0
2003-04-15,0.0,0.0,0.0
2003-04-16,0.0,0.0,0.0
2003-04-17,0.0,0.0,0.0
2003-04-18,1.8,3.2,1.0
2003-04-19,6.4,22.8,19.4
2003-04-20,12.0,9.3,6.5
2003-04-21,0.4,2.3,1.0
2003-04-22,0.8,0.4,0.0
2003-04-23,2.6,6.8,5.2
2003-04-24,8.2,11.6,10.6
2003-04-25,17.2,62.0,86.5
2003-04-26,0.6,2.1,1.0
2003-04-27,1.2,0.0,0.0
2003-04-28,0.0,0.2,0.0
2003-04-29,10.1,7.0,5.4
2003-04-30,0.0,1.0,0.0
2003-05-01,3.6,9.0,3.9
2003-05-02,0.2,10.0,4.7
2003-05-03,0.2,0.0,0.0
2003-05-04,0.0,0.0,0.0
2003-05-05,0.0,0.0,0.0
2003-05-06,0.0,0.0,0.0
2003-05-07,0.0,0.4,0.0
2003-05-08,0.0,0.0,0.0
2003-05-09,0.0,0.0,0.0
2003-05-10,0.0,0.2,0.0
2003-05-11,0.0,0.8,0.0
2003-05-12,8.2,2.5,0.0
2003-05-13,0.0,0.6,0.0
2003-05-14,18.0,49.0,66.4
2003-05-15,0.0,0.6,0.0
2003-05-16,21.0,4.0,0.0
2003-05-17,0.0,5.9,1.0
2003-05-18,10.5,16.7,10.7
2003-05-19,0.0,8.3,3.0
2003-05-20,0.0,0.0,0.0
2003-05-21,0.0,1.0,0.0
2003-05-22,0.0,0.1,0.0
2003-05-23,3.6,4.5,2.0
2003-05-24,40.4,24.8,25.5
2003-05-26,0.0,0.0,0.0
2003-05-27,0.0,0.0,0.0
2003-05-28,0.0,0.0,0.0
2003-05-29,0.0,0.0,0.0
2003-05-30,9.2,0.5,0.0
2003-05-31,0.0,0.0,0.0
2003-06-01,0.0,10.2,7.5
2003-06-02,5.8,2.7,0.0
2003-06-03,0.0,0.0,0.0
2003-06-04,0.0,4.2,1.3
2003-06-05,0.0,10.7,8.1
2003-06-06,0.0,0.0,0.0
2003-06-08,0.0,0.3,0.0
2003-06-09,0.0,0.1,0.0
2003-06-12,0.0,34.1,41.0
2003-06-13,1.7,4.8,1.2
2003-06-14,0.0,8.2,4.0
2003-06-15,0.2,0.9,0.0
2003-06-16,0.3,0.0,0.0
2003-06-18,4.6,0.1,0.0
2003-06-19,17.1,0.8,0.0
2003-06-20,0.0,1.2,0.0
2003-06-21,0.0,0.0,0.0
2003-06-22,0.0,0.0,0.0
2003-06-23,6.3,14.9,10.4
2003-06-24,0.0,0.0,0.0
2003-06-25,0.0,0.0,0.0
2003-06-27,0.0,0.0,0.0
2003-06-28,0.0,5.6,1.0
2003-06-29,34.6,0.0,0.0
2003-06-30,0.0,0.0,0.0
2003-07-01,0.0,0.0,0.0
2003-07-02,0.0,0.4,0.0
2003-07-03,0.0,1.2,0.0
2003-07-05,2.8,32.4,37.4
2003-07-07,4.0,10.8,4.4
2003-07-08,2.9,2.4,0.0
2003-07-10,2.8,3.1,0.0
2003-07-11,11.4,44.0,38.5
2003-07-12,0.0,0.9,0.0
2003-07-13,0.8,12.1,4.6
2003-07-14,0.8,0.9,0.0
2003-07-15,0.0,0.0,0.0
2003-07-16,7.4,13.2,5.5
2003-07-17,0.0,1.3,0.0
2003-07-19,11.0,36.0,32.3
2003-07-20,21.8,18.9,11.0
2003-07-21,6.9,7.1,3.0
2003-07-22,5.2,1.6,0.0
2003-07-23,0.0,0.0,0.0
2003-07-24,0.0,0.1,0.0
2003-07-25,0.0,0.3,0.0
2003-07-26,4.0,0.3,0.0
2003-07-27,8.4,25.3,24.7
2003-07-30,30.6,4.2,1.0
2003-07-31,0.0,3.0,0.0
2003-08-01,0.0,6.5,1.2
2003-08-02,3.0,11.5,5.8
2003-08-04,2.0,0.5,0.0
2003-08-05,9.0,24.0,24.7
2003-08-06,1.2,2.2,0.0
2003-08-08,1.8,18.8,12.9
2003-08-11,142.9,60.1,119.6
2003-08-12,0.0,6.8,3.0
2003-08-19,13.4,29.0,55.4
2003-08-21,0.3,19.9,11.9
2003-08-22,17.1,20.0,12.3
2003-08-24,2.6,7.0,2.0
2003-08-25,22.0,13.7,7.0
2003-08-31,7.7,4.3,1.0
2003-09-01,0.0,1.8,0.0
2003-09-02,0.0,8.3,3.9
2003-09-03,21.3,19.1,19.5
2003-09-04,6.2,25.6,27.1
2003-09-05,0.0,1.1,0.0
2003-09-06,2.0,19.5,18.6
2003-09-07,0.4,16.1,13.5
2003-09-08,1.6,17.6,14.8
2003-09-09,0.0,2.6,0.0
2003-09-10,0.3,5.5,1.0
2003-09-11,0.0,2.8,0.0
2003-09-12,1.4,3.4,0.0
2003-09-13,0.0,2.8,0.0
2003-09-14,1.0,1.4,0.0
2003-09-15,4.0,19.8,30.7
2003-09-16,10.6,16.0,14.0
2003-09-17,0.0,6.2,1.0
2003-09-18,0.0,0.0,0.0
2003-09-19,0.0,0.2,0.0
2003-09-20,0.0,6.7,1.3
2003-09-21,0.0,5.9,2.0
2003-09-22,0.0,3.5,0.0
2003-09-23,0.0,3.2,0.0
2003-09-24,0.0,5.4,1.4
2003-09-25,4.1,4.2,1.0
2003-09-26,0.0,3.2,0.0
2003-09-27,3.0,4.7,1.0
2003-09-28,0.0,1.2,0.0
2003-09-29,0.2,0.0,0.0
2003-09-30,0.0,0.4,0.0
2003-10-02,0.0,0.4,0.0
2003-10-03,0.7,0.4,0.0
2003-10-04,0.0,0.4,0.0
2003-10-05,0.0,0.1,0.0
2003-10-06,0.0,19.6,24.9
2003-10-07,17.8,8.3,5.9
2003-10-08,0.2,0.4,0.0
2003-10-09,0.0,0.0,0.0
2003-10-10,0.0,0.0,0.0
2003-10-11,0.0,3.6,1.0
2003-10-12,1.8,0.2,0.0
2003-10-13,23.0,16.3,19.2
2003-10-14,2.4,16.1,17.3
2003-10-15,1.2,2.9,0.0
2003-10-16,0.1,15.6,16.0
2003-10-17,0.7,0.8,0.0
2003-10-18,0.0,0.3,0.0
2003-10-19,0.0,13.9,14.6
2003-10-20,7.9,19.6,26.0
2003-10-21,2.4,0.3,0.0
2003-10-22,0.0,0.0,0.0
2003-10-23,0.0,0.3,0.0
2003-10-24,0.0,21.9,27.1
2003-10-25,32.0,0.4,0.0
2003-10-26,0.0,0.0,0.0
2003-10-27,0.0,0.0,0.0
2003-10-28,0.0,1.9,0.0
2003-10-29,0.0,10.2,8.1
2003-10-30,0.0,2.8,0.0
2003-10-31,0.0,0.2,0.0
2003-11-01,0.0,10.1,9.1
2003-11-02,0.2,0.8,0.0
2003-11-03,0.0,12.6,12.1
2003-11-04,3.8,9.4,8.2
2003-11-05,0.1,0.1,0.0
2003-11-06,0.0,8.4,6.9
2003-11-07,0.0,0.1,0.0
2003-11-08,0.0,0.8,0.0
2003-11-09,0.0,0.0,0.0
2003-11-10,0.0,0.3,0.0
2003-11-11,0.0,3.0,0.0
2003-11-12,0.0,10.7,5.9
2003-11-13,0.0,2.3,0.0
2003-11-14,0.0,0.4,0.0
2003-11-15,13.1,0.0,0.0
2003-11-16,0.0,0.0,0.0
2003-11-17,0.0,0.0,0.0
2003-11-18,0.0,5.6,1.7
2003-11-19,8.6,1.8,0.0
2003-11-20,0.0,18.0,12.2
2003-11-21,0.1,66.1,47.8
2003-11-22,29.0,8.9,4.7
2003-11-23,1.6,1.9,0.0
2003-11-24,0.0,14.2,9.1
2003-11-25,2.1,0.4,0.0
2003-11-26,0.0,0.3,0.0
2003-11-27,0.0,11.9,6.8
2003-11-28,1.2,30.0,25.1
2003-11-29,19.8,16.9,10.5
2003-11-30,10.0,0.0,0.0
2004-01-01,0.0,31.2,43.9
2004-01-02,17.3,109.7,101.8
2004-01-03,25.4,47.0,71.4
2004-01-04,13.6,41.8,63.7
2004-01-05,54.7,29.2,38.5
2004-01-06,21.8,0.0,0.0
2004-01-07,0.8,1.7,0.0
2004-01-08,18.0,1.7,0.0
2004-01-09,0.0,16.9,12.1
2004-01-10,0.8,1.4,0.0
2004-01-11,0.6,0.4,0.0
2004-01-12,0.0,2.4,1.0
2004-01-13,0.0,13.3,9.4
2004-01-14,3.1,1.0,0.0
2004-01-15,0.0,3.0,1.0
2004-01-16,2.6,2.8,1.0
2004-01-17,0.0,0.3,0.0
2004-01-18,9.4,0.0,0.0
2004-01-19,0.0,0.3,0.0
2004-01-20,3.2,0.8,0.0
2004-01-21,0.3,4.1,1.0
2004-01-22,2.4,1.2,0.0
2004-01-23,0.0,10.0,6.3
2004-01-24,0.0,0.0,0.0
2004-01-25,0.0,0.0,0.0
2004-01-26,0.0,0.0,0.0
2004-01-27,0.0,2.7,0.0
2004-01-28,14.3,0.4,0.0
2004-01-29,2.8,2.6,0.0
2004-01-30,1.8,1.9,0.0
2004-01-31,0.5,12.5,8.7
2004-02-01,1.7,0.2,0.0
2004-02-02,0.0,4.5,1.4
2004-02-03,0.8,10.3,5.9
2004-02-04,16.0,6.4,2.9
2004-02-05,1.9,9.2,5.1
2004-02-06,2.1,28.8,21.0
2004-02-07,0.0,26.0,18.4
2004-02-08,32.3,1.9,0.0
2004-02-09,1.4,28.0,20.4
2004-02-10,7.0,1.0,0.0
2004-02-11,0.0,24.0,25.6
2004-02-12,0.8,21.7,23.0
2004-02-13,17.5,4.7,1.2
2004-02-14,3.4,0.5,0.0
2004-02-15,0.6,1.2,0.0
2004-02-16,0.0,10.9,7.1
2004-02-17,0.8,34.4,42.0
2004-02-18,16.7,1.1,0.0
2004-02-19,0.2,3.3,1.0
2004-02-20,13.5,3.7,1.0
2004-02-21,0.0,7.0,3.1
2004-02-22,2.8,0.1,0.0
2004-02-23,0.0,0.0,0.0
2004-02-24,0.0,1.8,0.0
2004-02-25,0.0,1.2,0.0
2004-02-26,0.4,11.4,6.8
2004-02-27,1.6,2.7,1.0
2004-02-28,0.0,0.8,0.0
2004-02-29,6.4,1.8,0.0
2004-03-01,1.6,2.9,0.0
2004-03-02,0.0,5.2,1.5
2004-03-03,0.0,1.5,0.0
2004-03-04,0.0,0.5,0.0
2004-03-05,0.4,1.6,0.0
2004-03-06,1.4,2.8,0.0
2004-03-07,2.2,4.1,1.0
2004-03-08,0.0,0.8,0.0
2004-03-09,0.0,1.9,0.0
2004-03-10,6.3,3.0,0.0
2004-03-11,0.0,1.6,0.0
2004-03-12,9.5,2.3,0.0
2004-03-13,4.5,6.7,2.4
2004-03-14,0.0,3.0,0.0
2004-03-15,0.2,4.3,1.0
2004-03-16,0.0,10.8,6.7
2004-03-17,8.8,2.3,0.0
2004-03-18,7.0,17.7,14.7
2004-03-19,40.6,19.5,16.3
2004-03-20,16.4,0.9,0.0
2004-03-21,0.2,0.1,0.0
2004-03-22,0.0,0.0,0.0
2004-03-23,2.6,3.5,1.0
2004-03-24,0.4,0.8,0.0
2004-03-25,13.7,1.4,0.0
2004-03-26,4.8,63.4,71.6
2004-03-27,0.0,0.0,0.0
2004-03-28,0.0,0.4,0.0
2004-03-29,0.0,0.0,0.0
2004-03-30,0.0,0.1,0.0
2004-03-31,0.2,0.0,0.0
2004-04-01,5.2,0.0,0.0
2004-04-02,7.7,12.7,6.9
2004-04-03,0.0,0.2,0.0
2004-04-04,3.4,8.9,4.0
2004-04-05,0.0,0.4,0.0
2004-04-06,6.2,10.7,5.4
2004-04-07,0.4,13.8,7.8
2004-04-08,0.0,0.5,0.0
2004-04-09,1.0,0.0,0.0
2004-04-10,0.2,2.1,0.0
2004-04-11,4.2,3.5,1.3
2004-04-12,0.0,0.4,0.0
2004-04-13,0.0,0.0,0.0
2004-04-14,0.0,0.4,0.0
2004-04-15,0.0,0.2,0.0
2004-04-16,40.6,23.3,20.2
2004-04-17,2.0,13.6,10.5
2004-04-18,4.6,20.1,15.8
2004-04-19,0.5,7.3,4.6
2004-04-20,1.0,14.4,11.2
2004-04-21,0.0,0.0,0.0
2004-04-22,0.1,0.3,0.0
2004-04-23,3.4,14.9,14.4
2004-04-24,0.0,3.6,1.8
2004-04-25,0.0,0.0,0.0
2004-04-26,0.0,0.0,0.0
2004-04-27,0.0,6.8,5.2
2004-04-28,0.0,0.9,0.0
2004-04-29,0.0,0.2,0.0
2004-04-30,0.0,0.2,0.0
2004-05-01,19.4,15.2,8.7
2004-05-02,0.0,5.8,1.3
2004-05-03,24.0,20.5,13.4
2004-05-04,0.0,4.8,1.0
2004-05-05,0.0,1.1,0.0
2004-05-06,0.0,1.3,0.0
2004-05-07,0.1,1.0,0.0
2004-05-08,0.1,8.1,3.2
2004-05-09,29.6,18.5,11.1
2004-05-10,0.2,21.4,13.2
2004-05-11,0.1,17.1,10.3
2004-05-12,4.7,26.6,23.4
2004-05-13,0.0,24.0,19.9
2004-05-14,0.0,5.6,1.0
2004-05-15,0.0,0.0,0.0
2004-05-16,0.0,0.0,0.0
2004-05-17,0.0,0.1,0.0
2004-05-18,0.0,1.0,0.0
2004-05-19,2.5,4.9,1.0
2004-05-20,0.0,0.0,0.0
2004-05-21,10.8,25.4,25.6
2004-05-22,0.6,12.1,10.2
2004-05-23,0.0,0.4,0.0
2004-05-24,0.0,1.4,0.0
2004-05-25,0.0,17.9,12.7
2004-05-26,0.0,0.1,0.0
2004-05-27,0.0,3.9,1.5
2004-05-28,4.2,22.2,20.3
2004-05-29,2.4,9.0,6.6
2004-05-30,8.0,22.5,20.8
2004-05-31,1.5,12.5,10.3
2004-06-01,0.0,1.2,0.0
2004-06-02,0.1,2.2,0.0
2004-06-03,8.9,15.0,14.6
2004-06-04,5.8,24.3,30.2
2004-06-05,0.3,23.0,28.3
2004-06-06,0.1,5.2,2.4
2004-06-07,2.6,1.4,0.0
2004-06-08,0.0,3.4,1.0
2004-06-09,0.0,0.0,0.0
2004-06-10,5.4,9.0,7.1
2004-06-11,0.0,0.1,0.0
2004-06-12,24.0,0.3,0.0
2004-06-13,0.0,2.3,0.0
2004-06-14,0.0,0.0,0.0
2004-06-15,0.0,0.2,0.0
2004-06-16,0.3,1.0,0.0
2004-06-17,4.6,15.2,10.2
2004-06-18,0.6,4.4,1.0
2004-06-19,0.0,0.0,0.0
2004-06-20,0.0,1.5,0.0
2004-06-21,0.2,0.1,0.0
2004-06-22,0.0,0.7,0.0
2004-06-23,0.0,0.1,0.0
2004-06-24,0.0,0.0,0.0
2004-06-25,0.0,5.5,1.0
2004-06-26,0.0,0.0,0.0
2004-06-27,0.0,1.0,0.0
2004-06-28,0.0,1.5,0.0
2004-06-29,59.7,51.4,72.5
2004-06-30,0.0,0.1,0.0
2004-07-01,0.0,0.2,0.0
2004-07-02,0.0,0.0,0.0
2004-07-03,4.6,0.1,0.0
2004-07-04,0.0,2.7,0.0
2004-07-05,0.0,2.3,0.0
2004-07-06,0.0,0.0,0.0
2004-07-07,0.0,1.7,0.0
2004-07-08,0.0,4.1,0.0
2004-07-09,6.3,8.0,1.9
2004-07-10,1.4,6.8,1.0
2004-07-11,0.4,2.2,0.0
2004-07-12,0.0,5.2,0.0
2004-07-13,0.0,7.1,1.0
2004-07-14,5.4,3.2,0.0
2004-07-15,18.8,49.4,41.5
2004-07-16,0.0,15.7,7.9
2004-07-17,0.0,0.2,0.0
2004-07-18,0.0,1.1,0.0
2004-07-19,0.0,3.3,0.0
2004-07-20,0.0,1.3,0.0
2004-07-21,0.0,0.0,0.0
2004-07-22,0.0,0.0,0.0
2004-07-23,0.8,0.0,0.0
2004-07-24,0.0,0.5,0.0
2004-07-25,0.0,0.1,0.0
2004-07-26,0.0,0.7,0.0
2004-07-27,0.0,0.1,0.0
2004-07-28,0.0,0.1,0.0
2004-07-29,35.8,10.7,6.6
2004-07-30,0.0,3.3,0.0
2004-07-31,2.7,0.4,0.0
2004-08-01,4.6,8.6,3.0
2004-08-02,2.4,0.1,0.0
2004-08-06,23.4,10.8,5.1
2004-08-07,6.8,11.9,7.0
2004-08-08,2.7,13.5,7.8
2004-08-11,1.6,6.8,3.0
2004-08-27,0.8,0.1,0.0
2004-08-28,2.6,7.4,2.3
2004-08-30,42.1,28.6,23.6
2004-08-31,0.3,4.3,1.0
2004-09-02,0.4,0.0,0.0
2004-09-03,20.9,1.0,0.0
2004-09-04,6.2,0.1,0.0
2004-09-06,2.0,3.0,0.0
2004-09-07,0.4,8.2,3.8
2004-09-08,1.6,3.2,0.0
2004-09-10,0.3,29.8,33.3
2004-09-11,0.4,7.8,2.6
2004-09-12,1.4,13.4,9.7
2004-09-13,1.0,0.6,0.0
2004-09-15,2.0,4.0,0.0
2004-09-16,10.6,1.9,0.0
2004-09-17,0.0,11.1,6.6
2004-09-22,0.0,7.0,3.5
2004-09-25,4.1,48.2,53.1
2004-09-27,3.0,2.5,0.0
2004-09-29,0.2,1.7,0.0
2004-09-30,0.0,0.5,0.0
2004-10-01,0.0,0.6,0.0
2004-10-02,0.2,2.0,0.0
2004-10-03,3.7,6.5,3.4
2004-10-04,8.7,60.4,87.3
2004-10-06,0.0,0.6,0.0
2004-10-07,1.3,6.2,3.2
2004-10-08,0.0,0.6,0.0
2004-10-09,11.0,13.6,10.8
2004-10-10,2.2,3.8,1.0
2004-10-11,8.0,0.4,0.0
2004-10-12,0.0,0.3,0.0
2004-10-13,0.0,0.8,0.0
2004-10-14,0.0,0.0,0.0
2004-10-15,0.0,0.1,0.0
2004-10-16,0.0,0.9,0.0
2004-10-17,12.0,19.2,24.9
2004-10-18,0.0,0.0,0.0
2004-10-19,0.0,0.2,0.0
2004-10-20,0.0,0.0,0.0
2004-10-21,0.0,8.0,6.1
2004-10-23,0.0,0.0,0.0
2004-10-24,0.0,0.4,0.0
2004-10-25,4.2,10.7,8.8
2004-10-26,0.0,0.2,0.0
2004-10-27,3.1,5.6,3.2
2004-10-28,0.6,11.0,9.6
2004-10-29,3.6,4.3,1.6
2004-10-31,0.0,22.6,27.9
2004-11-01,2.2,5.5,3.5
2004-11-02,3.3,19.2,26.8
2004-11-06,19.0,2.8,1.0
2004-11-07,10.5,24.1,36.7
2004-11-09,9.2,8.9,7.6
2004-11-11,2.6,15.8,10.0
2004-11-15,41.5,68.5,62.3
2004-11-16,1.2,24.3,24.7
2004-11-18,0.7,0.0,0.0
2004-11-19,0.0,5.3,1.5
2004-11-20,6.4,16.4,11.6
2004-11-21,1.6,2.9,1.0
2004-11-24,26.6,105.1,55.5
2004-11-26,13.7,40.3,28.9
2004-11-27,0.5,4.4,1.3
2004-11-29,12.8,10.9,6.1
2004-12-01,19.5,40.3,34.0
2004-12-02,0.4,8.8,4.1
2004-12-03,2.6,0.4,0.0
2004-12-08,13.1,59.3,45.5
2004-12-10,6.8,9.8,4.9
2004-12-12,4.7,16.6,10.7
2004-12-17,1.0,0.6,0.0
2004-12-20,0.2,1.6,0.0
2004-12-23,0.6,0.9,0.0
2004-12-24,6.1,2.7,1.0
2004-12-27,0.4,0.4,0.0
2004-12-29,1.8,0.5,0.0
2004-12-31,0.7,2.4,0.0
2005-01-02,0.8,9.2,3.7
2005-01-03,0.6,3.4,0.0
2005-01-04,0.0,2.3,0.0
2005-01-05,0.0,6.8,1.5
2005-01-06,0.8,4.2,0.0
2005-01-07,0.0,4.1,0.0
2005-01-08,0.0,4.1,0.0
2005-01-09,0.2,11.5,6.1
2005-01-10,6.0,46.7,68.9
2005-01-11,0.0,1.2,0.0
2005-01-12,0.2,19.6,17.4
2005-01-13,3.6,34.7,33.5
2005-01-14,54.6,68.7,91.1
2005-01-15,0.0,3.5,1.0
2005-01-16,2.8,11.0,6.8
2005-01-17,0.2,2.2,0.0
2005-01-18,0.0,1.2,0.0
2005-01-19,0.0,0.5,0.0
2005-01-20,0.0,0.8,0.0
2005-01-21,0.0,3.6,1.0
2005-01-22,6.0,1.5,0.0
2005-01-23,7.6,17.0,12.7
2005-01-25,0.0,0.8,0.0
2005-01-26,0.6,0.0,0.0
2005-01-27,0.0,1.7,0.0
2005-01-28,0.2,2.5,0.0
2005-01-29,2.2,37.7,40.6
2005-01-30,1.8,14.8,10.7
2005-01-31,0.2,0.7,0.0
2005-02-01,0.0,1.3,0.0
2005-02-02,10.2,16.3,10.8
2005-02-03,0.0,0.5,0.0
2005-02-04,0.0,1.4,0.0
2005-02-05,1.0,0.6,0.0
2005-02-06,26.6,52.1,43.9
2005-02-07,11.0,12.2,7.4
2005-02-08,10.2,13.0,8.2
2005-02-09,0.0,0.0,0.0
2005-02-10,0.0,0.0,0.0
2005-02-11,9.4,85.7,101.4
2005-02-12,0.4,0.9,0.0
2005-02-13,5.0,18.0,13.4
2005-02-14,0.0,2.1,0.0
2005-02-15,0.0,0.0,0.0
2005-02-16,8.9,0.3,0.0
2005-02-17,0.0,0.0,0.0
2005-02-18,4.4,3.2,1.0
2005-02-19,1.5,14.8,10.7
2005-02-20,16.8,22.5,23.5
2005-02-21,0.1,2.5,0.0
2005-02-22,1.3,22.0,15.7
2005-02-23,0.4,12.9,8.1
2005-02-24,1.4,8.8,4.6
2005-02-25,0.0,0.3,0.0
2005-02-26,2.6,0.5,0.0
2005-02-27,35.6,84.2,100.4
2005-02-28,0.2,0.6,0.0
2005-03-01,43.3,15.7,12.6
2005-03-02,14.0,14.3,11.0
2005-03-03,0.3,0.9,0.0
2005-03-04,0.8,0.4,0.0
2005-03-05,46.1,8.0,4.3
2005-03-06,23.6,12.3,8.8
2005-03-07,0.0,1.6,0.0
2005-03-08,32.0,12.7,9.2
2005-03-09,15.2,46.6,59.9
2005-03-10,33.6,5.1,1.4
2005-03-11,21.1,10.3,6.2
2005-03-12,0.0,0.2,0.0
2005-03-13,9.5,1.3,0.0
2005-03-15,2.2,3.5,0.0
2005-03-16,75.4,57.6,85.1
2005-03-18,5.8,1.1,0.0
2005-03-19,6.7,3.0,0.0
2005-03-20,0.0,0.0,0.0
2005-03-21,0.2,6.6,3.6
2005-03-22,5.1,7.8,4.7
2005-03-23,0.0,0.3,0.0
2005-03-24,0.0,0.1,0.0
2005-03-25,2.8,0.2,0.0
2005-03-26,0.0,0.7,0.0
2005-03-27,3.4,26.6,23.3
2005-03-28,0.0,2.1,0.0
2005-03-29,1.2,12.7,9.3
2005-03-30,2.5,1.2,0.0
2005-03-31,0.3,18.9,16.2
2005-04-01,0.0,0.7,0.0
2005-04-02,10.0,0.2,0.0
2005-04-03,0.0,0.0,0.0
2005-04-04,0.0,0.3,0.0
2005-04-05,38.1,38.3,34.1
2005-04-06,0.0,2.0,0.0
2005-04-07,16.2,33.2,25.4
2005-04-08,0.0,5.4,1.4
2005-04-09,5.0,23.0,16.3
2005-04-10,10.1,21.6,13.5
2005-04-11,13.2,16.5,13.4
2005-04-12,0.0,2.6,1.0
2005-04-13,0.0,0.4,0.0
2005-04-14,0.0,6.5,3.9
2005-04-15,0.0,0.1,0.0
2005-04-16,0.0,0.5,0.0
2005-04-17,7.0,1.8,0.0
2005-04-19,1.4,2.2,1.0
2005-04-21,6.2,1.3,0.0
2005-04-22,0.0,0.0,0.0
2005-04-23,0.0,0.1,0.0
2005-04-24,0.0,0.0,0.0
2005-04-25,1.4,0.0,0.0
2005-04-26,0.0,0.0,0.0
2005-04-27,0.0,0.0,0.0
2005-04-28,1.2,0.1,0.0
2005-04-29,0.0,0.0,0.0
2005-04-30,2.0,0.1,0.0
2005-05-01,7.2,0.0,0.0
2005-05-02,0.5,0.7,0.0
2005-05-04,0.0,0.3,0.0
2005-05-05,1.4,0.2,0.0
2005-05-06,0.0,4.5,1.0
2005-05-07,0.0,3.1,0.0
2005-05-08,2.0,6.3,1.7
2005-05-09,0.0,1.1,0.0
2005-05-11,4.4,11.5,6.0
2005-05-12,0.0,0.0,0.0
2005-05-13,0.0,0.6,0.0
2005-05-14,7.2,60.3,66.8
2005-05-15,2.7,7.2,2.1
2005-05-16,0.8,1.6,0.0
2005-05-17,0.7,1.6,0.0
2005-05-18,6.4,38.7,43.3
2005-05-19,0.0,0.4,0.0
2005-05-20,0.2,0.1,0.0
2005-05-21,0.0,1.2,0.0
2005-05-22,0.0,6.9,4.4
2005-05-23,0.0,0.1,0.0
2005-05-24,1.3,2.1,0.0
2005-05-25,0.0,2.2,0.0
2005-05-26,0.0,0.8,0.0
2005-05-27,0.4,6.7,4.3
2005-05-29,0.0,0.8,0.0
2005-05-30,0.0,0.1,0.0
2005-05-31,0.0,0.5,0.0
2005-06-01,0.0,0.4,0.0
2005-06-02,2.2,0.1,0.0
2005-06-03,0.0,2.8,0.0
2005-06-04,0.0,5.3,2.5
2005-06-05,1.4,4.9,2.0
2005-06-06,0.0,0.0,0.0
2005-06-07,0.0,0.2,0.0
2005-06-08,2.3,2.6,0.0
2005-06-09,0.0,0.9,0.0
2005-06-10,0.6,0.0,0.0
2005-06-11,0.0,0.9,0.0
2005-06-12,0.0,0.3,0.0
2005-06-13,19.0,14.7,10.5
2005-06-14,0.0,0.9,0.0
2005-06-15,0.0,0.5,0.0
2005-06-16,0.0,0.5,0.0
2005-06-17,3.4,2.9,0.0
2005-06-18,0.4,4.9,1.2
2005-06-19,3.5,12.2,7.6
2005-06-20,4.4,1.8,0.0
2005-06-21,0.0,0.1,0.0
2005-06-22,2.6,19.4,16.9
2005-06-23,0.0,0.6,0.0
2005-06-24,0.0,0.4,0.0
2005-06-25,0.0,0.7,0.0
2005-06-26,0.8,8.4,3.2
2005-06-27,7.0,17.2,15.5
2005-06-29,0.0,2.9,0.0
2005-06-30,0.0,0.2,0.0
2005-07-01,0.0,0.0,0.0
2005-07-02,0.0,1.1,0.0
2005-07-03,4.8,10.4,4.0
2005-07-04,0.0,1.4,0.0
2005-07-06,12.7,10.0,3.6
2005-07-07,0.0,11.8,5.1
2005-07-09,1.5,11.8,5.9
2005-07-10,1.1,11.6,6.3
2005-07-11,0.0,0.0,0.0
2005-07-12,0.0,0.3,0.0
2005-07-13,0.0,0.6,0.0
2005-07-14,0.0,0.1,0.0
2005-07-15,0.0,0.0,0.0
2005-07-16,0.0,1.5,0.0
2005-07-17,0.0,5.2,0.0
2005-07-18,0.0,7.9,1.1
2005-07-19,0.0,3.5,0.0
2005-07-20,0.2,31.4,28.4
2005-07-21,1.7,1.0,0.0
2005-07-22,0.1,17.0,12.2
2005-07-23,1.0,23.6,22.8
2005-07-24,0.0,4.9,1.0
2005-07-25,13.6,35.6,37.9
2005-07-26,3.0,28.4,28.7
2005-07-27,0.0,1.7,0.0
2005-07-28,5.5,3.7,0.0
2005-07-30,0.0,0.0,0.0
2005-07-31,0.0,2.0,0.0
2005-08-01,4.0,0.5,0.0
2005-08-02,1.0,16.8,12.8
2005-08-03,0.0,1.6,0.0
2005-08-04,0.0,10.9,5.2
2005-08-05,2.0,23.8,22.7
2005-08-06,8.9,18.0,12.5
2005-08-07,0.0,1.1,0.0
2005-08-10,0.0,0.0,0.0
2005-08-11,0.0,5.6,1.6
2005-08-12,0.0,0.0,0.0
2005-08-13,0.0,0.0,0.0
2005-08-14,0.0,7.2,3.5
2005-08-15,83.0,25.1,45.6
2005-08-16,6.8,43.4,109.2
2005-08-17,7.3,10.2,7.1
2005-08-18,0.8,8.9,6.0
2005-08-19,0.0,3.9,0.0
2005-08-21,9.4,56.1,42.4
2005-08-22,9.6,44.2,36.8
2005-08-23,0.3,8.8,3.3
2005-08-24,0.0,0.3,0.0
2005-08-25,2.0,4.1,0.0
2005-08-26,10.2,22.4,14.8
2005-08-27,2.1,3.6,0.0
2005-08-29,0.0,7.3,2.2
2005-08-30,9.0,0.0,0.0
2005-08-31,0.0,0.0,0.0
2005-09-01,0.0,0.6,0.0
2005-09-02,0.0,1.4,0.0
2005-09-03,0.0,0.3,0.0
2005-09-04,0.0,0.2,0.0
2005-09-05,116.6,45.0,80.5
2005-09-06,7.6,19.3,18.1
2005-09-07,0.0,2.5,0.0
2005-09-09,5.5,38.3,56.8
2005-09-10,2.2,11.3,7.5
2005-09-11,2.3,31.7,47.0
2005-09-12,1.0,7.2,1.9
2005-09-14,22.5,58.9,68.8
2005-09-16,0.0,2.1,0.0
2005-09-17,3.0,3.5,0.0
2005-09-18,0.0,2.9,0.0
2005-09-19,0.0,7.2,1.9
2005-09-20,0.0,1.4,0.0
2005-09-21,0.0,2.3,0.0
2005-09-22,0.3,4.5,1.0
2005-09-24,0.7,11.0,9.3
2005-09-29,6.0,9.1,7.7
2005-10-01,2.4,6.9,3.9
2005-10-03,3.8,7.8,4.8
2005-10-04,2.0,17.6,22.3
2005-10-05,0.2,5.7,2.7
2005-10-06,0.0,0.9,0.0
2005-10-07,0.0,0.5,0.0
2005-10-08,0.0,3.4,1.0
2005-10-10,0.0,0.0,0.0
2005-10-11,0.0,0.0,0.0
2005-10-12,0.0,1.4,0.0
2005-10-13,4.0,10.5,9.4
2005-10-14,1.7,4.5,1.8
2005-10-15,0.0,0.0,0.0
2005-10-16,2.6,0.6,0.0
2005-10-17,0.0,1.0,0.0
2005-10-18,1.0,1.1,0.0
2005-10-19,0.7,0.8,0.0
2005-10-20,3.1,0.5,0.0
2005-10-21,0.6,0.6,0.0
2005-10-23,2.1,6.7,4.5
2005-10-24,3.0,1.3,0.0
2005-10-25,1.8,5.2,2.6
2005-10-27,1.2,0.4,0.0
2005-10-28,2.2,12.6,11.5
2005-10-29,0.0,0.2,0.0
2005-10-30,16.8,4.6,2.0
2005-10-31,5.2,1.8,0.0
2005-11-01,0.0,0.8,0.0
2005-11-03,5.0,31.2,49.7
2005-11-04,0.2,11.9,11.6
2005-11-05,4.4,0.1,0.0
2005-11-06,4.7,4.5,2.2
2005-11-07,5.2,8.2,6.8
2005-11-08,1.5,4.8,2.6
2005-11-09,0.0,1.9,0.0
2005-11-10,4.2,16.0,20.3
2005-11-11,6.2,24.2,25.8
2005-11-12,0.3,4.6,1.0
2005-11-13,17.5,8.1,3.8
2005-11-14,1.6,12.8,7.8
2005-11-15,24.6,22.1,23.2
2005-11-16,0.8,7.1,2.9
2005-11-17,0.0,3.7,1.0
2005-11-18,13.9,0.6,0.0
2005-11-19,0.0,0.0,0.0
2005-11-20,0.0,16.6,11.8
2005-11-21,0.0,1.0,0.0
2005-11-22,3.7,26.2,19.2
2005-11-23,0.5,8.4,4.3
2005-11-24,0.8,0.2,0.0
2005-11-25,0.3,0.3,0.0
2005-11-26,0.1,0.6,0.0
2005-11-28,0.0,0.2,0.0
2005-11-30,0.6,2.5,0.0
2005-12-01,0.4,32.1,27.7
2005-12-02,3.6,0.0,0.0
2005-12-03,0.0,1.2,0.0
2005-12-04,9.1,38.1,33.2
2005-12-05,21.6,16.1,9.7
2005-12-06,0.0,5.4,1.6
2005-12-07,0.0,5.0,1.3
2005-12-08,14.4,10.5,5.4
2005-12-09,3.8,39.3,33.9
2005-12-10,0.0,0.3,0.0
2005-12-11,20.4,29.3,24.7
2005-12-12,1.0,20.9,14.9
2005-12-13,0.0,26.5,20.4
2005-12-14,11.8,16.8,11.6
2005-12-15,0.0,0.6,0.0
2005-12-16,4.4,9.0,4.6
2005-12-17,0.0,6.6,2.6
2005-12-18,0.0,2.0,0.0
2005-12-19,0.0,0.5,0.0
2005-12-20,2.4,8.8,4.4
2005-12-21,0.4,7.5,3.9
2005-12-22,55.6,73.3,85.8
2005-12-23,0.9,18.7,13.5
2005-12-24,7.0,20.4,14.9
2005-12-25,13.7,42.8,46.3
2005-12-26,1.2,0.6,0.0
2005-12-27,1.0,0.0,0.0
2005-12-28,0.0,0.0,0.0
2005-12-29,4.2,0.1,0.0
2006-01-01,9.5,4.7,1.0
2006-01-03,0.8,0.2,0.0
2006-01-04,0.2,0.0,0.0
2006-01-05,0.1,7.2,1.9
2006-01-06,0.0,0.7,0.0
2006-01-07,0.0,0.0,0.0
2006-01-08,0.0,0.0,0.0
2006-01-09,0.0,0.0,0.0
2006-01-10,3.2,0.2,0.0
2006-01-11,5.0,0.7,0.0
2006-01-12,5.5,0.2,0.0
2006-01-13,0.0,2.2,0.0
2006-01-14,0.0,0.3,0.0
2006-01-15,23.0,14.7,10.0
2006-01-16,3.5,17.7,11.4
2006-01-18,0.0,2.7,1.0
2006-01-19,3.3,6.8,3.4
2006-01-20,11.4,25.8,23.4
2006-01-21,28.4,37.0,39.5
2006-01-22,29.1,53.4,71.6
2006-01-23,1.4,16.4,12.6
2006-01-25,2.4,3.4,1.0
2006-01-26,0.0,0.4,0.0
2006-01-27,17.2,28.5,26.8
2006-01-28,0.8,4.3,1.0
2006-01-29,23.7,7.6,3.9
2006-01-30,8.3,11.3,7.5
2006-01-31,43.5,117.1,139.7
2006-02-01,0.0,1.7,0.0
2006-02-02,0.0,0.4,0.0
2006-02-03,0.3,1.0,0.0
2006-02-04,12.9,17.7,12.0
2006-02-05,1.0,3.1,1.0
2006-02-06,0.0,0.2,0.0
2006-02-07,11.6,6.9,3.3
2006-02-08,5.0,4.0,1.1
2006-02-09,7.4,44.7,36.4
2006-02-10,8.7,26.6,19.4
2006-02-11,1.7,11.4,7.7
2006-02-12,15.2,2.8,0.0
2006-02-13,2.7,5.9,2.3
2006-02-14,8.7,17.9,14.8
2006-02-15,0.2,8.4,4.7
2006-02-16,1.2,0.4,0.0
2006-02-17,0.0,3.0,0.0
2006-02-18,10.0,10.7,6.9
2006-02-19,2.0,4.7,1.2
2006-02-20,0.0,0.0,0.0
2006-02-21,16.9,2.1,0.0
2006-02-22,8.0,11.2,6.6
2006-02-23,1.0,9.5,5.1
2006-02-24,0.8,11.6,7.0
2006-02-25,8.3,4.3,1.1
2006-02-26,0.0,0.3,0.0
2006-02-27,6.8,0.9,0.0
2006-02-28,0.0,0.2,0.0
2006-03-01,9.0,21.1,27.2
2006-03-02,4.0,18.5,15.7
2006-03-04,5.8,17.2,14.6
2006-03-05,0.0,8.5,4.8
2006-03-06,37.7,36.9,46.7
2006-03-07,1.7,6.2,2.5
2006-03-08,95.9,89.5,115.6
2006-03-09,8.9,38.9,49.0
2006-03-10,1.6,19.4,16.6
2006-03-11,0.0,1.7,0.0
2006-03-12,6.0,0.1,0.0
2006-03-13,4.0,2.7,0.0
2006-03-14,44.1,62.0,92.0
2006-03-15,40.5,22.0,20.2
2006-03-16,1.2,10.2,6.0
2006-03-17,39.9,30.5,40.9
2006-03-18,0.0,0.5,0.0
2006-03-19,1.0,8.7,4.4
2006-03-21,0.0,0.1,0.0
2006-03-22,0.0,0.1,0.0
2006-03-23,0.0,0.2,0.0
2006-03-24,0.0,0.3,0.0
2006-03-25,0.0,0.5,0.0
2006-03-26,96.2,6.0,3.1
2006-03-27,47.4,34.6,35.2
2006-03-28,0.3,12.2,8.8
2006-03-29,41.9,16.5,13.2
2006-03-31,64.4,34.5,36.1
2006-04-01,4.7,80.7,88.5
2006-04-02,18.0,42.5,38.0
2006-04-03,28.5,33.1,25.2
2006-04-04,0.0,0.8,0.0
2006-04-05,0.0,1.1,0.0
2006-04-06,22.5,8.5,3.7
2006-04-07,19.9,1.2,0.0
2006-04-08,0.0,0.4,0.0
2006-04-09,0.0,0.4,0.0
2006-04-10,0.2,5.9,1.8
2006-04-11,0.0,1.6,0.0
2006-04-12,0.0,0.2,0.0
2006-04-13,0.0,1.7,0.0
2006-04-14,0.0,1.2,0.0
2006-04-15,0.0,3.4,1.2
2006-04-16,23.1,21.8,19.6
2006-04-17,28.0,18.3,15.4
2006-04-18,11.8,20.4,17.5
2006-04-19,2.0,4.6,2.2
2006-04-20,0.0,0.7,0.0
2006-04-21,4.4,0.1,0.0
2006-04-22,0.0,0.6,0.0
2006-04-23,12.2,18.4,20.6
2006-04-24,0.0,2.8,1.0
2006-04-25,14.4,9.3,8.1
2006-04-26,0.0,4.6,2.8
2006-04-27,3.7,13.2,12.4
2006-04-28,1.4,22.9,28.3
2006-04-29,2.0,31.8,43.7
2006-04-30,20.2,40.2,58.1
2006-05-01,8.4,10.2,4.8
2006-05-02,9.4,32.5,27.1
2006-05-03,0.0,4.1,0.0
2006-05-04,0.0,0.8,0.0
2006-05-05,0.0,8.4,3.4
2006-05-06,0.0,7.1,2.4
2006-05-07,0.0,12.2,6.4
2006-05-08,5.8,15.4,8.6
2006-05-09,0.0,0.3,0.0
2006-05-10,4.1,6.7,2.0
2006-05-11,3.1,5.3,1.0
2006-05-12,0.0,0.0,0.0
2006-05-13,0.0,3.7,0.0
2006-05-14,0.0,0.1,0.0
2006-05-15,0.0,3.4,0.0
2006-05-16,34.0,6.5,1.5
2006-05-17,0.0,0.6,0.0
2006-05-18,0.0,0.1,0.0
2006-05-19,0.0,7.0,1.9
2006-05-20,0.0,0.0,0.0
2006-05-21,0.0,0.0,0.0
2006-05-22,0.0,0.0,0.0
2006-05-23,0.0,0.6,0.0
2006-05-24,0.0,1.8,0.0
2006-05-25,0.3,0.6,0.0
2006-05-26,0.0,0.5,0.0
2006-05-27,2.8,4.9,2.4
2006-05-28,2.2,1.1,0.0
2006-05-29,0.0,0.2,0.0
2006-05-30,0.0,0.1,0.0
2006-05-31,0.0,0.0,0.0
2006-06-01,0.0,0.4,0.0
2006-06-02,0.0,0.0,0.0
2006-06-03,0.0,0.0,0.0
2006-06-04,0.0,2.2,0.0
2006-06-05,0.0,0.7,0.0
2006-06-06,0.0,6.0,3.2
2006-06-07,0.0,4.7,1.8
2006-06-08,10.6,4.7,1.8
2006-06-09,0.0,2.9,0.0
2006-06-10,0.0,0.7,0.0
2006-06-11,0.0,2.9,0.0
2006-06-12,0.4,5.1,1.4
2006-06-13,0.0,6.4,2.5
2006-06-14,1.2,1.7,0.0
2006-06-15,0.0,1.2,0.0
2006-06-16,0.0,11.1,6.5
2006-06-17,0.0,1.6,0.0
2006-06-18,0.0,4.9,1.3
2006-06-19,3.4,6.9,2.9
2006-06-20,0.0,4.6,1.0
2006-06-21,0.0,2.0,0.0
2006-06-22,0.0,4.3,0.0
2006-06-23,0.0,1.0,0.0
2006-06-24,1.0,7.0,1.7
2006-06-25,1.0,9.9,4.8
2006-06-26,17.3,12.3,8.1
2006-06-27,2.0,27.5,38.3
2006-06-28,27.0,24.8,32.8
2006-06-29,3.0,14.7,10.2
2006-06-30,0.0,1.2,0.0
2006-07-01,0.0,0.4,0.0
2006-07-02,9.7,28.9,32.3
2006-07-03,0.0,0.6,0.0
2006-07-04,0.0,0.3,0.0
2006-07-05,9.8,1.1,0.0
2006-07-06,48.0,6.5,1.0
2006-07-07,0.5,12.5,6.2
2006-07-08,1.4,1.1,0.0
2006-07-10,0.4,2.6,0.0
2006-07-11,8.7,4.8,0.0
2006-07-12,0.0,0.3,0.0
2006-07-13,0.0,0.4,0.0
2006-07-14,0.0,8.0,1.2
2006-07-15,0.0,4.7,0.0
2006-07-16,2.3,13.7,5.8
2006-07-17,0.0,4.4,0.0
2006-07-18,0.0,0.0,0.0
2006-07-19,0.0,0.0,0.0
2006-07-20,0.0,1.3,0.0
2006-07-21,0.0,5.9,1.9
2006-07-22,0.0,4.6,1.0
2006-07-23,0.0,0.2,0.0
2006-07-24,0.0,1.2,0.0
2006-07-25,68.0,1.2,0.0
2006-07-26,65.5,5.1,1.1
2006-07-27,0.0,2.9,0.0
2006-07-28,0.0,0.2,0.0
2006-07-29,16.3,4.0,0.0
2006-07-30,19.6,26.0,26.8
2006-07-31,0.5,0.5,0.0
2006-08-01,0.0,0.0,0.0
2006-08-02,76.6,41.5,52.7
2006-08-03,1.0,10.6,4.9
2006-08-06,2.4,0.3,0.0
2006-08-07,0.0,0.0,0.0
2006-08-08,0.0,1.5,0.0
2006-08-09,0.0,0.0,0.0
2006-08-10,0.0,0.0,0.0
2006-08-11,0.0,0.0,0.0
2006-08-12,1.0,0.0,0.0
2006-08-13,0.8,0.6,0.0
2006-08-14,0.0,0.0,0.0
2006-08-15,0.0,0.0,0.0
2006-08-16,0.0,0.4,0.0
2006-08-17,0.0,0.0,0.0
2006-08-18,4.0,10.8,9.7
2006-08-19,0.0,4.1,1.0
2006-08-20,0.0,0.7,0.0
2006-08-21,81.0,27.5,22.1
2006-08-22,5.2,19.4,10.8
2006-08-23,0.0,4.8,1.0
2006-08-24,0.0,0.6,0.0
2006-08-25,0.0,0.3,0.0
2006-08-26,12.7,1.2,0.0
2006-08-27,0.0,0.0,0.0
2006-08-28,7.8,19.5,12.0
2006-08-29,1.6,11.2,4.6
2006-08-30,0.0,12.6,5.8
2006-08-31,3.6,9.7,3.9
2006-09-01,38.5,0.9,0.0
2006-09-02,21.1,1.5,0.0
2006-09-03,0.0,0.3,0.0
2006-09-04,0.0,1.7,0.0
2006-09-05,26.9,7.9,3.4
2006-09-06,0.0,1.4,0.0
2006-09-07,0.3,1.7,0.0
2006-09-08,0.0,1.1,0.0
2006-09-10,0.0,21.6,23.3
2006-09-11,0.0,1.5,0.0
2006-09-12,0.0,0.0,0.0
2006-09-13,10.8,17.2,15.3
2006-09-14,0.1,4.1,0.0
2006-09-15,0.0,3.8,0.0
2006-09-16,66.4,39.1,55.1
2006-09-17,0.0,0.2,0.0
2006-09-18,9.6,29.8,46.5
2006-09-19,5.8,51.8,64.6
2006-09-20,0.0,2.7,0.0
2006-09-21,0.0,0.0,0.0
2006-09-22,58.7,14.8,27.2
2006-09-23,0.8,6.8,3.2
2006-09-24,0.0,12.3,12.3
2006-09-25,0.0,4.3,1.0
2006-09-26,81.1,18.5,34.5
2006-09-27,0.0,5.6,1.6
2006-09-28,7.2,2.6,0.0
2006-09-29,0.0,10.4,8.8
2006-09-30,3.4,2.1,0.0
2006-10-01,0.0,0.0,0.0
2006-10-02,0.0,0.0,0.0
2006-10-03,0.0,0.4,0.0
2006-10-04,0.0,0.3,0.0
2006-10-05,0.0,0.3,0.0
2006-10-06,0.0,0.3,0.0
2006-10-07,13.4,1.8,0.0
2006-10-08,30.2,14.8,12.4
2006-10-09,0.0,0.8,0.0
2006-10-10,0.0,3.1,1.0
2006-10-11,0.0,0.3,0.0
2006-10-12,0.0,0.0,0.0
2006-10-13,1.6,0.7,0.0
2006-10-14,0.0,0.2,0.0
2006-10-15,37.4,37.0,74.1
2006-10-17,0.0,0.0,0.0
2006-10-18,0.0,0.0,0.0
2006-10-19,0.0,0.2,0.0
2006-10-20,0.0,2.7,0.0
2006-10-21,2.6,5.0,2.4
2006-10-22,2.4,12.9,12.1
2006-10-23,1.0,4.9,2.3
2006-10-24,0.0,1.0,0.0
2006-10-25,1.0,5.2,2.7
2006-10-26,4.4,8.7,6.9
2006-10-27,3.7,10.9,9.8
2006-10-28,2.4,0.2,0.0
2006-10-29,26.4,0.8,0.0
2006-10-30,0.0,0.8,0.0
2006-10-31,2.2,24.6,31.2
2006-11-01,0.0,3.1,1.0
2006-11-02,19.0,11.2,10.1
2006-11-03,0.0,4.4,2.2
2006-11-04,0.0,0.1,0.0
2006-11-05,0.0,6.5,4.6
2006-11-06,0.0,15.8,19.7
2006-11-07,32.8,27.5,42.9
2006-11-08,0.0,0.6,0.0
2006-11-09,0.0,0.3,0.0
2006-11-10,0.0,0.0,0.0
2006-11-12,6.6,0.8,0.0
2006-11-13,0.1,0.0,0.0
2006-11-14,0.0,0.0,0.0
2006-11-15,0.8,3.3,0.0
2006-11-16,0.0,0.1,0.0
2006-11-17,79.6,7.4,3.2
2006-11-19,0.0,0.9,0.0
2006-11-20,0.0,0.2,0.0
2006-11-21,0.0,0.0,0.0
2006-11-22,0.0,0.0,0.0
2006-11-23,0.0,1.0,0.0
2006-11-24,0.0,1.2,0.0
2006-11-25,0.0,1.6,0.0
2006-11-26,4.1,45.6,33.7
2006-11-27,16.1,79.0,51.6
2006-11-28,0.0,2.4,0.0
2006-11-29,0.0,0.1,0.0
2006-11-30,23.4,8.9,4.6
2006-12-01,0.0,1.4,0.0
2006-12-02,0.0,0.4,0.0
2006-12-04,0.0,0.0,0.0
2006-12-06,0.0,1.6,0.0
2006-12-07,0.0,1.6,0.0
2006-12-08,0.0,1.8,0.0
2006-12-09,27.0,0.9,0.0
2006-12-10,0.0,0.9,0.0
2006-12-11,0.0,0.3,0.0
2006-12-12,0.0,2.4,0.0
2006-12-14,0.0,1.9,0.0
2006-12-15,0.0,0.3,0.0
2006-12-16,6.0,26.4,19.9
2006-12-17,1.4,22.5,15.8
2006-12-18,5.4,22.4,16.9
2006-12-19,0.4,0.0,0.0
2006-12-20,1.0,0.9,0.0
2006-12-21,0.0,3.4,1.0
2006-12-22,5.2,1.3,0.0
2006-12-23,0.0,0.1,0.0
2006-12-24,0.0,0.6,0.0
2006-12-25,0.0,0.8,0.0
2006-12-26,0.0,0.1,0.0
2006-12-27,0.0,1.6,0.0
2006-12-28,5.8,5.6,2.4
2006-12-29,1.2,3.6,1.0
2006-12-30,33.4,34.8,34.6
2006-12-31,2.0,9.2,5.3
2007-01-01,1.8,13.6,8.4
2007-01-02,99.5,69.2,90.4
2007-01-03,19.7,35.8,53.0
2007-01-04,2.0,20.4,16.1
2007-01-05,2.0,26.6,32.9
2007-01-06,1.8,24.3,25.4
2007-01-08,0.4,1.5,0.0
2007-01-10,1.8,5.5,1.0
2007-01-12,5.8,22.3,18.8
2007-01-13,4.6,19.9,19.0
2007-01-14,24.4,71.2,91.2
2007-01-15,8.6,14.9,11.4
2007-01-16,0.8,26.7,23.0
2007-01-17,1.6,6.8,3.4
2007-01-19,3.0,1.2,0.0
2007-01-20,0.3,0.8,0.0
2007-01-21,3.4,8.9,5.2
2007-01-23,6.4,0.5,0.0
2007-01-24,1.4,0.7,0.0
2007-01-26,8.6,47.9,59.3
2007-01-27,12.2,16.2,12.4
2007-01-28,2.4,27.3,24.8
2007-01-29,11.4,7.9,4.2
2007-01-31,19.4,4.8,1.4
2007-02-01,3.2,5.6,2.3
2007-02-03,21.9,7.7,3.9
2007-02-04,5.0,3.8,1.0
2007-02-05,32.5,63.1,56.6
2007-02-06,2.0,7.5,3.7
2007-02-08,9.2,19.9,13.8
2007-02-09,1.6,2.1,0.0
2007-02-10,14.4,0.8,0.0
2007-02-11,0.2,1.3,0.0
2007-02-12,153.0,74.9,103.1
2007-02-13,15.4,31.7,37.3
2007-02-14,39.4,32.2,41.9
2007-02-15,4.4,6.3,2.7
2007-02-17,3.6,0.5,0.0
2007-02-18,40.0,12.5,8.8
2007-02-19,1.0,0.1,0.0
2007-02-20,0.6,13.7,9.4
2007-02-21,0.8,12.5,7.8
2007-02-24,3.0,6.2,2.5
2007-02-25,8.4,12.0,7.3
2007-03-01,0.4,4.7,1.1
2007-03-05,30.0,26.9,33.3
2007-03-06,130.8,94.0,116.1
2007-03-07,1.0,12.4,8.9
2007-03-09,54.0,32.7,42.0
2007-03-10,3.0,18.9,15.6
2007-03-12,10.0,29.8,39.6
2007-03-14,1.0,16.5,13.3
2007-03-15,28.4,19.7,17.4
2007-03-16,13.8,2.2,0.0
2007-03-18,0.2,0.0,0.0
2007-03-20,8.4,19.7,17.3
2007-03-21,2.8,3.0,1.0
2007-03-24,0.6,6.0,3.1
2007-03-25,5.8,4.7,1.9
2007-03-28,11.4,20.2,16.1
2007-03-29,28.4,14.0,10.1
2007-03-30,0.2,9.9,6.7
2007-03-31,9.5,23.6,21.3
2007-04-01,1.7,2.2,0.0
2007-04-02,2.0,9.5,4.4
2007-04-03,29.0,29.4,23.2
2007-04-05,2.6,2.5,0.0
2007-04-06,3.0,18.5,11.6
2007-04-07,52.3,20.2,15.0
2007-04-08,10.4,5.4,1.4
2007-04-11,23.0,8.3,5.6
2007-04-17,6.0,10.0,7.1
2007-04-19,14.6,29.1,27.7
2007-04-20,6.4,9.1,6.3
2007-04-22,21.4,11.6,10.7
2007-04-23,6.4,11.4,10.4
2007-04-30,1.2,2.9,1.1
2007-05-03,4.8,22.7,18.3
2007-05-05,0.6,0.3,0.0
2007-05-07,45.8,1.7,0.0
2007-05-08,38.2,133.4,55.0
2007-05-09,6.4,39.2,32.1
2007-05-10,1.4,23.0,17.2
2007-05-11,0.4,1.6,0.0
2007-05-12,27.0,3.8,0.0
2007-05-14,1.0,1.1,0.0
2007-05-15,18.4,2.2,0.0
2007-05-17,6.7,1.9,0.0
2007-05-18,36.0,55.1,67.7
2007-05-19,0.4,23.9,19.8
2007-05-21,6.1,19.1,16.9
2007-05-22,4.0,2.8,1.0
2007-05-23,3.8,0.0,0.0
2007-05-30,46.0,3.2,1.0
2007-06-01,0.8,2.7,0.0
2007-06-02,2.2,5.9,3.1
2007-06-08,1.8,0.5,0.0
2007-06-10,2.0,6.2,3.5
2007-06-20,8.0,0.1,0.0
2007-06-21,2.9,7.2,1.9
2007-06-22,5.8,7.1,1.8
2007-06-28,2.3,9.2,4.0
2007-06-29,12.0,1.9,0.0
2007-07-01,3.6,26.1,28.7
2007-07-02,15.0,35.5,39.9
2007-07-03,9.6,20.9,18.0
2007-07-04,0.0,3.3,0.0
2007-07-06,0.0,0.1,0.0
2007-07-07,0.0,0.7,0.0
2007-07-08,0.0,0.6,0.0
2007-07-09,0.0,0.3,0.0
2007-07-10,0.0,0.9,0.0
2007-07-11,25.2,30.2,27.9
2007-07-12,0.0,0.2,0.0
2007-07-13,0.6,0.5,0.0
2007-07-14,39.6,22.4,18.4
2007-07-15,20.0,21.9,17.7
2007-07-16,0.0,1.8,0.0
2007-07-17,3.6,3.9,0.0
2007-07-18,0.0,1.0,0.0
2007-07-19,0.0,0.0,0.0
2007-07-20,1.8,0.9,0.0
2007-07-21,1.4,0.8,0.0
2007-07-22,0.0,0.1,0.0
2007-07-23,2.5,0.1,0.0
2007-07-24,0.0,4.2,1.0
2007-07-25,0.0,0.0,0.0
2007-07-26,0.0,0.0,0.0
2007-07-27,0.0,2.7,0.0
2007-07-28,0.0,0.5,0.0
2007-07-29,4.6,11.5,7.4
2007-07-30,0.3,0.3,0.0
2007-07-31,1.2,7.5,3.4
2007-08-01,27.5,9.7,4.0
2007-08-02,1.8,1.4,0.0
2007-08-03,2.1,5.4,1.0
2007-08-04,0.0,2.4,0.0
2007-08-05,2.4,0.1,0.0
2007-08-06,0.0,3.4,0.0
2007-08-07,67.4,66.6,85.8
2007-08-08,1.6,4.3,0.0
2007-08-09,0.0,0.0,0.0
2007-08-10,1.2,2.3,0.0
2007-08-11,0.0,1.2,0.0
2007-08-12,0.0,0.5,0.0
2007-08-13,0.0,0.3,0.0
2007-08-14,12.2,15.0,15.6
2007-08-15,18.7,15.0,16.7
2007-08-16,0.0,0.1,0.0
2007-08-17,0.0,0.0,0.0
2007-08-18,0.0,0.0,0.0
2007-08-19,4.6,5.2,1.2
2007-08-20,0.4,3.8,0.0
2007-08-21,0.4,0.7,0.0
2007-08-22,0.0,0.1,0.0
2007-08-23,0.0,0.0,0.0
2007-08-25,8.2,2.4,0.0
2007-08-26,0.0,0.1,0.0
2007-08-27,0.0,0.7,0.0
2007-08-28,0.0,1.1,0.0
2007-08-29,6.6,38.2,32.9
2007-08-30,4.6,34.7,29.9
2007-08-31,0.0,4.8,1.0
2007-09-01,0.0,2.6,0.0
2007-09-02,0.0,0.5,0.0
2007-09-03,0.0,0.2,0.0
2007-09-04,0.0,0.2,0.0
2007-09-05,0.0,4.5,0.0
2007-09-06,0.0,0.1,0.0
2007-09-07,12.2,11.6,7.9
2007-09-08,0.0,0.0,0.0
2007-09-09,0.0,0.3,0.0
2007-09-10,6.4,16.6,13.4
2007-09-11,0.0,3.3,0.0
2007-09-12,5.8,17.6,26.5
2007-09-15,5.8,8.7,3.6
2007-09-16,0.0,0.4,0.0
2007-09-17,0.0,2.4,0.0
2007-09-18,0.0,0.0,0.0
2007-09-19,2.6,0.0,0.0
2007-09-20,5.4,10.9,6.3
2007-09-21,1.2,12.1,13.0
2007-09-22,19.8,2.9,0.0
2007-09-23,0.2,4.3,1.0
2007-09-24,0.0,1.5,0.0
2007-09-25,0.0,1.6,0.0
2007-09-26,0.8,5.4,1.4
2007-09-27,0.0,4.3,1.0
2007-09-28,0.0,0.4,0.0
2007-09-30,3.0,6.0,2.1
2007-10-01,0.0,0.4,0.0
2007-10-02,0.0,0.2,0.0
2007-10-03,0.0,0.2,0.0
2007-10-04,0.0,0.2,0.0
2007-10-05,0.0,0.1,0.0
2007-10-06,0.0,0.0,0.0
2007-10-07,9.7,6.3,3.2
2007-10-08,0.0,0.3,0.0
2007-10-09,2.6,6.8,3.8
2007-10-10,0.0,0.2,0.0
2007-10-11,16.4,0.5,0.0
2007-10-12,3.5,12.8,13.0
2007-10-13,0.0,0.2,0.0
2007-10-14,0.0,0.6,0.0
2007-10-15,0.0,0.1,0.0
2007-10-16,0.0,0.6,0.0
2007-10-17,0.0,0.2,0.0
2007-10-18,4.2,3.4,1.0
2007-10-19,0.0,5.6,3.2
2007-10-20,3.6,6.6,4.7
2007-10-21,8.7,0.1,0.0
2007-10-22,0.0,0.4,0.0
2007-10-23,7.8,12.3,11.0
2007-10-24,0.0,7.3,5.2
2007-10-25,0.0,0.9,0.0
2007-10-26,0.0,0.0,0.0
2007-10-27,0.0,0.1,0.0
2007-10-28,0.0,0.6,0.0
2007-10-29,0.0,0.1,0.0
2007-10-31,0.4,6.3,4.0
2007-11-01,1.6,4.5,2.2
2007-11-02,0.0,0.2,0.0
2007-11-03,3.6,13.5,16.8
2007-11-04,0.5,0.4,0.0
2007-11-05,0.0,1.4,0.0
2007-11-06,0.0,17.3,22.8
2007-11-07,0.0,3.6,1.2
2007-11-08,0.0,0.0,0.0
2007-11-09,0.0,2.6,1.0
2007-11-11,1.0,23.0,24.4
2007-11-12,13.9,40.9,39.3
2007-11-14,21.8,20.5,21.6
2007-11-15,7.0,14.4,9.1
2007-11-16,0.0,2.7,0.0
2007-11-17,0.4,26.7,27.1
2007-11-18,18.2,58.8,53.9
2007-11-19,1.4,16.0,10.6
2007-11-20,0.0,5.4,1.6
2007-11-21,34.4,17.3,11.7
2007-11-22,0.0,2.1,0.0
2007-11-23,30.0,13.3,8.6
2007-11-24,0.0,2.7,0.0
2007-11-25,0.0,2.7,0.0
2007-11-26,0.1,0.9,0.0
2007-11-27,16.4,11.2,6.3
2007-11-28,2.4,2.1,0.0
2007-11-29,12.4,6.9,3.2
2007-11-30,14.4,0.9,0.0
2007-12-01,17.2,5.2,1.4
2007-12-02,0.2,1.7,0.0
2007-12-03,0.0,0.1,0.0
2007-12-04,14.2,1.3,0.0
2007-12-05,24.9,12.0,6.5
2007-12-06,10.6,5.7,1.9
2007-12-07,0.0,0.1,0.0
2007-12-08,0.0,0.0,0.0
2007-12-09,0.2,0.3,0.0
2007-12-10,0.0,0.0,0.0
2007-12-11,0.0,0.0,0.0
2007-12-12,0.0,0.0,0.0
2007-12-13,10.0,0.8,0.0
2007-12-15,2.6,0.3,0.0
2007-12-16,0.0,0.5,0.0
2007-12-17,0.0,0.0,0.0
2007-12-18,0.0,0.1,0.0
2007-12-19,8.0,1.5,0.0
2007-12-20,23.0,1.4,0.0
2007-12-21,2.8,6.7,3.2
2007-12-22,0.0,2.6,1.0
2007-12-23,2.6,5.7,2.4
2007-12-24,10.0,14.8,10.2
2007-12-25,0.5,4.6,1.6
2007-12-27,0.0,0.2,0.0
2007-12-28,2.2,3.3,1.0
2007-12-29,20.0,19.2,15.1
2007-12-30,10.0,11.0,6.9
2007-12-31,21.0,40.9,41.5
2008-01-01,2.2,19.3,14.7
2008-01-02,36.8,18.2,13.8
2008-01-03,0.0,2.2,0.0
2008-01-04,0.0,2.5,0.0
2008-01-06,0.0,20.7,16.1
2008-01-08,0.0,1.5,0.0
2008-01-10,15.6,7.0,1.7
2008-01-11,7.3,25.0,22.0
2008-01-12,14.9,17.2,13.6
2008-01-13,0.0,0.7,0.0
2008-01-14,30.0,87.1,90.3
2008-01-15,0.0,8.2,4.5
2008-01-16,2.5,9.5,5.6
2008-01-17,53.5,77.5,91.1
2008-01-18,29.5,39.2,39.2
2008-01-19,2.0,11.2,7.0
2008-01-21,0.0,0.1,0.0
2008-01-22,1.0,1.8,0.0
2008-01-23,0.2,4.5,1.2
2008-01-24,2.5,1.1,0.0
2008-01-25,2.5,1.3,0.0
2008-01-26,0.0,0.3,0.0
2008-01-27,0.2,9.0,5.3
2008-01-28,14.0,32.3,33.1
2008-01-29,13.0,10.6,6.9
2008-01-30,18.4,0.0,0.0
2008-02-01,12.6,1.8,0.0
2008-02-02,16.9,11.6,7.0
2008-02-03,0.0,0.6,0.0
2008-02-04,4.5,12.5,7.7
2008-02-05,0.0,1.0,0.0
2008-02-06,26.0,35.7,28.8
2008-02-07,32.4,12.5,7.8
2008-02-08,6.4,16.5,11.0
2008-02-09,13.0,14.7,9.5
2008-02-10,19.4,3.1,1.0
2008-02-11,0.0,0.0,0.0
2008-02-12,0.5,3.9,1.0
2008-02-13,2.0,11.1,7.4
2008-02-14,0.0,0.2,0.0
2008-02-15,19.9,11.5,7.7
2008-02-16,0.6,1.5,0.0
2008-02-17,12.0,8.1,4.3
2008-02-18,5.6,6.8,3.1
2008-02-19,47.6,18.5,21.4
2008-02-20,2.9,13.5,11.5
2008-02-21,0.0,2.0,0.0
2008-02-22,7.8,11.5,6.9
2008-02-23,0.0,2.7,1.0
2008-02-24,1.2,0.3,0.0
2008-02-25,0.0,0.0,0.0
2008-02-26,0.0,0.8,0.0
2008-02-27,0.0,0.3,0.0
2008-02-28,0.0,1.7,0.0
2008-02-29,0.0,0.0,0.0
2008-03-01,0.0,0.0,0.0
2008-03-02,0.0,0.3,0.0
2008-03-03,0.0,0.0,0.0
2008-03-04,0.0,4.5,1.0
2008-03-05,8.4,1.4,0.0
2008-03-06,0.0,0.2,0.0
2008-03-07,0.0,0.2,0.0
2008-03-08,0.0,0.0,0.0
2008-03-09,0.0,1.4,0.0
2008-03-10,0.0,0.5,0.0
2008-03-11,8.0,8.3,4.0
2008-03-12,0.0,0.6,0.0
2008-03-13,0.0,0.1,0.0
2008-03-14,1.8,14.6,11.1
2008-03-15,0.0,1.2,0.0
2008-03-16,0.0,0.0,0.0
2008-03-17,2.8,1.9,0.0
2008-03-18,0.8,0.3,0.0
2008-03-19,0.0,0.0,0.0
2008-03-20,0.0,0.1,0.0
2008-03-21,0.0,0.1,0.0
2008-03-22,0.0,0.5,0.0
2008-03-23,0.0,0.7,0.0
2008-03-24,0.0,3.6,1.0
2008-03-25,0.0,0.9,0.0
2008-03-26,0.0,0.4,0.0
2008-03-27,0.0,11.6,8.3
2008-03-28,27.4,6.7,3.7
2008-03-29,20.8,31.9,30.6
2008-03-30,0.0,6.6,3.7
2008-03-31,21.3,10.3,7.0
2008-04-01,0.8,3.3,1.0
2008-04-02,0.0,2.4,0.0
2008-04-03,4.0,17.0,10.5
2008-04-04,1.6,13.4,7.5
2008-04-05,0.0,7.9,3.3
2008-04-06,46.8,30.9,23.0
2008-04-07,1.0,18.7,11.7
2008-04-08,7.2,11.0,5.6
2008-04-09,0.0,7.7,3.1
2008-04-10,10.3,31.8,23.6
2008-04-11,3.2,2.5,1.0
2008-04-12,17.8,10.3,7.4
2008-04-13,0.0,0.0,0.0
2008-04-14,0.0,0.0,0.0
2008-04-15,0.0,0.0,0.0
2008-04-16,8.6,35.0,34.2
2008-04-17,22.8,18.8,15.2
2008-04-18,0.0,3.6,1.4
2008-04-19,7.8,16.3,12.3
2008-04-20,0.0,0.7,0.0
2008-04-21,0.0,1.1,0.0
2008-04-22,0.3,1.9,1.0
2008-04-23,7.2,7.2,5.6
2008-04-24,0.0,0.5,0.0
2008-04-25,40.0,7.0,5.4
2008-04-26,61.2,8.8,7.5
2008-04-27,3.8,8.5,7.1
2008-04-28,0.3,2.1,1.0
2008-04-29,0.0,1.0,0.0
2008-04-30,13.0,24.9,32.9
2008-05-01,0.0,1.0,0.0
2008-05-02,0.0,7.2,2.5
2008-05-03,61.0,47.9,38.8
2008-05-04,1.0,17.1,10.6
2008-05-05,0.0,4.6,1.0
2008-05-06,0.0,3.2,0.0
2008-05-07,23.2,54.5,43.1
2008-05-08,10.2,28.9,24.0
2008-05-09,0.6,16.7,9.8
2008-05-10,1.5,24.4,19.2
2008-05-11,0.0,0.8,0.0
2008-05-12,0.0,4.3,0.0
2008-05-13,0.0,2.2,0.0
2008-05-14,11.3,17.6,12.0
2008-05-15,0.4,10.8,5.5
2008-05-16,0.8,8.5,3.2
2008-05-17,0.0,0.0,0.0
2008-05-18,0.0,0.0,0.0
2008-05-19,0.0,1.2,0.0
2008-05-20,2.5,10.5,4.9
2008-05-21,1.6,0.6,0.0
2008-05-22,0.0,2.0,0.0
2008-05-23,20.1,18.8,17.9
2008-05-24,0.0,0.1,0.0
2008-05-25,0.0,4.5,2.0
2008-05-26,0.0,3.1,1.0
2008-05-27,2.5,9.5,7.2
2008-05-28,0.0,1.8,0.0
2008-05-29,0.0,1.0,0.0
2008-05-30,0.0,0.2,0.0
2008-05-31,0.0,0.0,0.0
2008-06-01,0.0,0.6,0.0
2008-06-03,0.0,0.9,0.0
2008-06-04,0.0,0.1,0.0
2008-06-06,1.0,5.3,2.5
2008-06-07,2.0,9.7,7.9
2008-06-08,0.0,1.3,0.0
2008-06-09,6.5,7.4,4.9
2008-06-10,5.7,9.2,7.2
2008-06-11,49.5,41.8,47.0
2008-06-12,1.7,13.7,9.9
2008-06-13,0.0,0.6,0.0
2008-06-14,6.8,16.5,13.0
2008-06-15,1.0,5.2,1.5
2008-06-16,5.2,12.2,7.5
2008-06-17,40.0,10.6,6.1
2008-06-18,1.0,12.2,7.5
2008-06-19,8.7,5.7,1.9
2008-06-20,11.6,12.2,7.5
2008-06-21,0.0,0.6,0.0
2008-06-22,0.0,1.8,0.0
2008-06-23,18.9,30.5,46.4
2008-06-24,0.0,1.5,0.0
2008-06-25,1.0,17.7,14.1
2008-06-26,0.0,7.5,2.2
2008-06-27,83.5,36.3,55.5
2008-06-28,3.0,16.6,13.2
2008-06-30,0.4,5.3,1.0
2008-07-01,0.0,1.9,0.0
2008-07-03,0.0,7.7,1.5
2008-07-04,0.1,14.8,7.9
2008-07-05,0.0,2.6,0.0
2008-07-06,2.0,8.9,2.6
2008-07-07,0.0,0.5,0.0
2008-07-08,0.0,8.0,1.8
2008-07-09,0.0,1.2,0.0
2008-07-10,0.0,0.7,0.0
2008-07-11,0.0,0.7,0.0
2008-07-12,0.0,0.7,0.0
2008-07-13,0.0,1.2,0.0
2008-07-14,0.0,0.0,0.0
2008-07-15,0.0,0.1,0.0
2008-07-16,0.0,1.7,0.0
2008-07-17,1.2,24.8,22.3
2008-07-18,1.0,0.7,0.0
2008-07-19,0.0,4.0,0.0
2008-07-20,3.0,2.9,0.0
2008-07-21,0.0,0.3,0.0
2008-07-22,0.0,0.0,0.0
2008-07-23,0.0,0.0,0.0
2008-07-24,0.0,0.4,0.0
2008-07-25,0.0,1.5,0.0
2008-07-26,0.0,0.4,0.0
2008-07-27,0.0,0.0,0.0
2008-07-28,0.0,0.0,0.0
2008-07-30,28.2,22.1,20.8
2008-07-31,0.0,5.7,1.6
2008-08-01,15.5,41.2,52.8
2008-08-02,0.0,6.9,1.5
2008-08-03,0.0,2.6,0.0
2008-08-04,0.0,2.5,0.0
2008-08-05,0.0,4.4,0.0
2008-08-06,0.0,0.5,0.0
2008-08-07,0.0,3.3,0.0
2008-08-08,7.3,8.2,2.6
2008-08-09,0.0,0.0,0.0
2008-08-10,0.0,0.0,0.0
2008-08-11,1.8,0.1,0.0
2008-08-12,0.0,1.5,0.0
2008-08-13,8.2,6.5,2.7
2008-08-14,2.2,5.5,1.4
2008-08-15,0.0,0.0,0.0
2008-08-16,0.0,5.9,2.0
2008-08-17,0.0,0.0,0.0
2008-08-18,0.0,0.2,0.0
2008-08-19,7.3,18.4,25.0
2008-08-20,0.0,3.7,0.0
2008-08-21,0.5,0.2,0.0
2008-08-22,0.0,19.8,11.9
2008-08-23,3.3,11.5,5.3
2008-08-24,0.4,1.6,0.0
2008-08-25,0.0,0.0,0.0
2008-08-26,0.0,0.1,0.0
2008-08-27,0.0,1.9,0.0
2008-08-28,0.0,0.2,0.0
2008-08-29,0.0,6.4,1.6
2008-08-30,0.0,0.0,0.0
2008-08-31,13.0,4.6,1.0
2008-09-01,0.8,25.7,28.8
2008-09-03,0.0,1.9,0.0
2008-09-04,0.0,0.1,0.0
2008-09-05,0.0,0.3,0.0
2008-09-06,0.0,0.9,0.0
2008-09-07,0.0,9.1,4.9
2008-09-09,0.0,0.0,0.0
2008-09-10,0.0,0.8,0.0
2008-09-11,61.4,9.3,4.3
2008-09-12,0.3,1.0,0.0
2008-09-13,2.0,0.8,0.0
2008-09-14,9.4,10.0,5.2
2008-09-15,0.0,1.3,0.0
2008-09-16,0.0,0.0,0.0
2008-09-17,0.0,0.1,0.0
2008-09-18,0.0,0.0,0.0
2008-09-19,0.0,0.0,0.0
2008-09-20,0.4,11.3,6.9
2008-09-21,0.0,2.2,0.0
2008-09-24,0.0,0.0,0.0
2008-09-25,3.1,8.7,6.2
2008-09-26,0.0,0.0,0.0
2008-09-27,23.4,4.7,1.0
2008-09-28,0.0,0.0,0.0
2008-09-29,0.6,0.5,0.0
2008-09-30,5.0,0.3,0.0
2008-10-01,0.0,0.0,0.0
2008-10-02,8.0,28.8,37.2
2008-10-03,19.8,19.9,25.2
2008-10-04,4.0,3.4,1.0
2008-10-05,0.0,0.0,0.0
2008-10-06,0.0,0.4,0.0
2008-10-07,0.0,0.2,0.0
2008-10-09,0.0,0.0,0.0
2008-10-10,0.0,1.3,0.0
2008-10-11,7.7,8.7,7.7
2008-10-13,0.0,1.5,0.0
2008-10-15,45.0,31.9,59.9
2008-10-16,2.0,0.7,0.0
2008-10-17,0.0,0.1,0.0
2008-10-18,0.0,6.5,6.1
2008-10-19,0.0,0.6,0.0
2008-10-20,0.0,0.0,0.0
2008-10-21,0.0,0.0,0.0
2008-10-22,0.0,0.0,0.0
2008-10-23,0.0,3.0,0.0
2008-10-25,24.6,8.2,6.3
2008-10-26,2.6,22.3,27.9
2008-10-27,39.8,18.5,21.9
2008-10-29,2.0,8.0,6.1
2008-10-31,5.0,17.8,21.7
2008-11-01,8.7,2.6,0.0
2008-11-02,10.5,5.3,3.2
2008-11-03,0.0,0.3,0.0
2008-11-04,3.5,1.6,0.0
2008-11-05,0.0,0.2,0.0
2008-11-06,0.0,0.0,0.0
2008-11-07,3.2,2.1,0.0
2008-11-08,0.0,8.8,7.5
2008-11-09,2.6,2.3,0.0
2008-11-10,0.0,1.5,0.0
2008-11-11,0.0,0.0,0.0
2008-11-12,0.3,0.5,0.0
2008-11-13,0.0,1.1,0.0
2008-11-14,6.0,7.5,3.3
2008-11-15,15.5,13.8,8.6
2008-11-16,0.0,0.5,0.0
2008-11-18,0.5,5.5,1.6
2008-11-19,0.4,2.2,0.0
2008-11-20,5.7,2.7,0.0
2008-11-21,0.0,0.3,0.0
2008-11-22,0.0,2.8,0.0
2008-11-23,0.0,9.8,5.3
2008-11-24,0.2,4.7,1.6
2008-11-25,0.0,0.0,0.0
2008-11-26,0.0,0.4,0.0
2008-11-27,0.0,0.6,0.0
2008-11-28,4.0,6.7,3.0
2008-11-29,0.0,3.1,1.0
2008-11-30,6.7,2.5,0.0
2008-12-01,0.0,1.9,0.0
2008-12-02,0.8,0.0,0.0
2008-12-03,0.6,0.2,0.0
2008-12-04,26.0,8.9,4.2
2008-12-05,2.8,9.7,4.8
2008-12-06,0.0,4.3,1.0
2008-12-07,0.8,8.0,3.5
2008-12-08,0.0,4.2,1.0
2008-12-09,0.0,0.9,0.0
2008-12-10,0.0,1.6,0.0
2008-12-11,7.5,6.1,2.2
2008-12-12,30.9,43.4,43.7
2008-12-13,4.2,3.9,1.0
2008-12-14,0.0,2.8,0.0
2008-12-15,0.8,2.5,0.0
2008-12-16,0.0,2.2,0.0
2008-12-17,0.3,0.8,0.0
2008-12-18,15.2,5.8,1.9
2008-12-19,1.0,5.1,1.3
2008-12-20,0.0,2.7,0.0
2008-12-21,0.0,0.7,0.0
2008-12-22,0.0,5.4,2.2
2008-12-23,3.2,20.3,14.8
2008-12-24,9.4,15.7,11.1
2008-12-25,0.0,7.2,3.7
2008-12-26,0.5,15.8,11.1
2008-12-27,21.8,1.3,0.0
2008-12-28,12.3,32.7,30.9
2008-12-29,0.0,1.8,0.0
2008-12-30,0.0,1.9,0.0
2008-12-31,41.0,17.0,12.2
2009-01-01,0.0,3.0,0.0
2009-01-02,0.0,0.3,0.0
2009-01-03,7.0,0.2,0.0
2009-01-04,9.6,11.5,6.1
2009-01-05,0.0,2.4,0.0
2009-01-06,11.0,8.9,3.5
2009-01-07,0.0,26.6,31.4
2009-01-08,0.0,0.3,0.0
2009-01-09,0.0,6.2,1.1
2009-01-10,0.0,0.5,0.0
2009-01-11,0.0,1.2,0.0
2009-01-12,0.0,0.8,0.0
2009-01-13,7.0,12.1,7.7
2009-01-14,21.0,32.6,31.8
2009-01-15,0.0,1.5,0.0
2009-01-16,0.0,24.0,20.2
2009-01-17,0.0,12.2,7.8
2009-01-18,0.0,0.0,0.0
2009-01-19,0.8,3.1,1.0
2009-01-20,24.5,0.0,0.0
2009-01-21,0.0,0.6,0.0
2009-01-22,5.0,1.0,0.0
2009-01-23,0.0,0.3,0.0
2009-01-25,0.0,0.0,0.0
2009-01-26,0.0,0.7,0.0
2009-01-27,15.0,2.4,0.0
2009-01-28,17.8,0.0,0.0
2009-01-29,1.6,11.0,7.2
2009-01-30,0.0,1.5,0.0
2009-01-31,0.4,9.0,5.3
2009-02-01,4.3,10.3,6.0
2009-02-02,4.4,37.1,29.1
2009-02-03,17.6,1.8,0.0
2009-02-04,0.0,22.8,15.6
2009-02-05,69.4,56.8,49.8
2009-02-06,0.7,12.9,8.1
2009-02-07,1.5,18.9,13.0
2009-02-08,38.6,31.1,24.2
2009-02-09,6.4,20.5,14.3
2009-02-10,0.0,1.9,0.0
2009-02-11,0.2,7.6,3.9
2009-02-12,2.0,9.9,6.1
2009-02-13,23.6,9.5,5.7
2009-02-14,55.0,59.8,106.4
2009-02-15,27.3,19.8,20.1
2009-02-16,59.0,43.7,61.8
2009-02-17,0.0,1.7,0.0
2009-02-19,15.0,15.9,13.2
2009-02-20,0.0,8.5,4.7
2009-02-21,34.0,11.1,6.6
2009-02-22,0.0,3.4,1.0
2009-02-23,0.8,3.5,1.0
2009-02-24,36.8,8.3,4.1
2009-02-25,0.6,3.6,1.0
2009-02-26,11.2,26.5,29.0
2009-02-27,0.4,2.4,0.0
2009-02-28,3.5,27.6,27.7
2009-03-01,0.0,6.4,2.6
2009-03-02,35.6,16.2,13.2
2009-03-03,36.4,53.1,74.9
2009-03-04,0.0,1.1,0.0
2009-03-05,0.5,1.5,0.0
2009-03-06,5.2,14.8,11.6
2009-03-07,0.5,2.1,0.0
2009-03-08,0.0,0.1,0.0
2009-03-09,0.0,1.0,0.0
2009-03-10,17.0,10.9,7.3
2009-03-11,1.1,19.2,17.5
2009-03-12,21.6,8.4,4.1
2009-03-13,0.8,1.4,0.0
2009-03-14,1.4,20.0,18.4
2009-03-15,0.0,1.6,0.0
2009-03-16,139.5,45.6,67.6
2009-03-17,77.5,96.9,120.2
2009-03-18,82.2,32.8,46.6
2009-03-19,3.9,20.3,17.9
2009-03-20,0.0,0.8,0.0
2009-03-21,4.0,13.3,9.9
2009-03-22,9.0,30.6,28.8
2009-03-23,1.0,16.4,13.0
2009-03-24,13.0,18.8,16.1
2009-03-25,0.2,10.0,6.8
2009-03-26,7.0,20.4,16.9
2009-03-27,0.2,5.0,2.1
2009-03-28,2.1,23.1,19.6
2009-03-29,0.0,0.2,0.0
2009-03-30,0.0,0.0,0.0
2009-03-31,2.7,0.0,0.0
2009-04-01,0.0,0.0,0.0
2009-04-02,0.0,3.2,1.0
2009-04-03,0.0,0.0,0.0
2009-04-04,0.0,0.3,0.0
2009-04-05,0.0,0.0,0.0
2009-04-06,0.0,0.0,0.0
2009-04-07,0.3,0.0,0.0
2009-04-08,72.0,0.5,0.0
2009-04-09,0.0,0.0,0.0
2009-04-10,0.0,1.9,0.0
2009-04-11,0.0,0.1,0.0
2009-04-12,0.0,1.4,0.0
2009-04-13,9.0,10.8,7.8
2009-04-14,0.0,4.4,2.0
2009-04-15,0.0,0.2,0.0
2009-04-16,1.6,9.4,6.6
2009-04-17,0.0,2.5,1.0
2009-04-18,73.1,31.4,30.3
2009-04-19,3.0,18.3,15.2
2009-04-20,37.4,82.6,100.5
2009-04-21,0.0,9.1,7.8
2009-04-22,0.0,7.7,6.2
2009-04-23,23.6,2.8,1.0
2009-04-24,8.0,7.5,6.0
2009-04-25,0.0,20.4,23.8
2009-04-26,21.0,25.6,33.0
2009-04-27,21.9,1.1,0.0
2009-04-28,0.0,0.2,0.0
2009-04-29,0.0,4.6,2.8
2009-04-30,0.0,0.9,0.0
2009-05-01,3.6,0.1,0.0
2009-05-02,0.0,0.2,0.0
2009-05-03,0.0,0.0,0.0
2009-05-04,0.0,0.0,0.0
2009-05-05,0.0,0.1,0.0
2009-05-06,0.0,0.6,0.0
2009-05-07,1.5,0.0,0.0
2009-05-08,0.0,0.0,0.0
2009-05-09,0.0,6.5,1.9
2009-05-10,0.0,6.4,1.8
2009-05-11,8.0,3.1,0.0
2009-05-12,17.2,12.7,7.0
2009-05-13,0.0,0.1,0.0
2009-05-14,34.0,0.3,0.0
2009-05-15,0.0,0.0,0.0
2009-05-16,0.0,0.0,0.0
2009-05-17,0.0,0.3,0.0
2009-05-18,0.0,1.4,0.0
2009-05-19,0.0,0.0,0.0
2009-05-20,1.2,15.1,10.8
2009-05-21,0.6,13.9,14.8
2009-05-22,0.0,12.7,9.7
2009-05-23,0.0,23.8,22.4
2009-05-24,0.0,4.4,1.9
2009-05-25,0.0,9.6,7.2
2009-05-26,0.0,0.0,0.0
2009-05-27,0.0,11.3,9.4
2009-05-28,15.3,30.8,40.1
2009-05-29,3.2,5.3,2.8
2009-05-30,3.8,7.7,5.3
2009-05-31,2.0,8.6,6.2
2009-06-01,0.0,4.3,1.4
2009-06-02,14.0,6.2,3.4
2009-06-03,0.0,0.6,0.0
2009-06-04,9.3,29.0,36.4
2009-06-05,5.5,15.4,15.6
2009-06-06,0.0,3.9,1.0
2009-06-07,0.0,0.0,0.0
2009-06-08,0.5,6.9,4.3
2009-06-09,0.0,2.2,0.0
2009-06-10,0.0,1.8,0.0
2009-06-11,21.7,10.2,5.7
2009-06-12,12.4,17.7,13.3
2009-06-13,8.7,17.9,12.2
2009-06-14,1.5,4.8,1.1
2009-06-15,0.0,1.1,0.0
2009-06-16,0.0,0.2,0.0
2009-06-17,0.0,0.3,0.0
2009-06-18,5.2,15.8,11.0
2009-06-19,0.2,1.8,0.0
2009-06-20,1.4,9.2,4.8
2009-06-21,0.0,17.6,13.8
2009-06-22,3.5,13.4,10.3
2009-06-23,25.5,9.1,4.0
2009-06-24,0.0,2.1,0.0
2009-06-25,0.0,0.2,0.0
2009-06-26,0.0,0.2,0.0
2009-06-27,0.0,0.5,0.0
2009-06-28,0.0,2.6,0.0
2009-06-29,4.8,6.9,1.6
2009-06-30,0.0,0.5,0.0
2009-07-01,18.8,63.9,50.4
2009-07-02,0.0,1.2,0.0
2009-07-03,0.0,4.7,0.0
2009-07-04,0.0,14.2,7.8
2009-07-05,0.0,0.4,0.0
2009-07-06,0.0,0.0,0.0
2009-07-07,0.0,0.0,0.0
2009-07-08,0.0,4.4,0.0
2009-07-09,0.0,0.0,0.0
2009-07-10,2.0,1.7,0.0
2009-07-11,12.4,18.0,14.1
2009-07-12,14.0,18.1,10.3
2009-07-13,1.1,2.9,0.0
2009-07-15,0.4,3.2,0.0
2009-07-16,0.0,5.6,0.0
2009-07-17,5.5,21.5,16.5
2009-07-18,19.6,28.0,26.3
2009-07-19,0.0,0.7,0.0
2009-07-20,26.7,72.7,48.9
2009-07-21,15.3,36.4,39.6
2009-07-22,0.0,0.6,0.0
2009-07-23,0.0,4.4,1.0
2009-07-24,19.2,21.8,20.3
2009-07-26,0.0,11.7,7.6
2009-07-27,2.5,3.5,0.0
2009-07-28,12.8,1.9,0.0
2009-07-29,0.0,4.7,1.0
2009-07-30,9.4,35.5,37.7
2009-07-31,0.5,23.9,21.9
2009-08-01,0.0,1.0,0.0
2009-08-02,7.7,18.0,14.4
2009-08-03,0.0,0.1,0.0
2009-08-04,0.0,0.1,0.0
2009-08-05,0.0,0.8,0.0
2009-08-06,10.5,7.9,2.4
2009-08-07,41.4,26.3,29.0
2009-08-08,0.0,0.0,0.0
2009-08-09,0.0,0.2,0.0
2009-08-10,0.0,0.0,0.0
2009-08-11,0.0,4.6,1.0
2009-08-12,0.8,3.7,0.0
2009-08-13,0.0,0.1,0.0
2009-08-14,8.8,0.3,0.0
2009-08-15,0.0,0.0,0.0
2009-08-16,0.0,1.2,0.0
2009-08-17,0.3,7.6,4.1
2009-08-18,0.0,2.3,0.0
2009-08-19,3.8,0.1,0.0
2009-08-20,11.2,12.3,11.3
2009-08-21,0.0,0.7,0.0
2009-08-22,0.8,0.6,0.0
2009-08-23,11.8,2.1,0.0
2009-08-24,0.0,0.0,0.0
2009-08-25,0.0,0.6,0.0
2009-08-26,8.1,7.4,2.3
2009-08-27,0.0,6.0,1.4
2009-08-28,0.0,0.8,0.0
2009-08-29,0.0,1.8,0.0
2009-08-30,4.8,2.0,0.0
2009-08-31,0.0,2.2,0.0
2009-09-01,4.4,18.0,15.5
2009-09-02,93.0,14.2,11.5
2009-09-03,0.7,8.2,3.7
2009-09-04,0.0,0.2,0.0
2009-09-05,0.0,2.3,0.0
2009-09-06,0.0,0.1,0.0
2009-09-07,0.0,0.0,0.0
2009-09-08,0.0,0.6,0.0
2009-09-09,5.1,27.7,30.4
2009-09-10,0.0,3.1,0.0
2009-09-11,0.8,3.5,0.0
2009-09-12,0.0,0.1,0.0
2009-09-13,19.0,10.0,5.2
2009-09-14,0.0,0.5,0.0
2009-09-15,15.5,1.0,0.0
2009-09-16,0.0,9.0,3.9
2009-09-17,0.4,4.0,0.0
2009-09-18,61.5,17.2,15.3
2009-09-19,24.3,11.2,6.8
2009-09-20,37.6,26.1,41.4
2009-09-21,0.0,12.6,13.2
2009-09-22,0.0,7.4,4.1
2009-09-23,4.2,19.6,37.8
2009-09-24,0.0,1.1,0.0
2009-09-25,0.0,0.9,0.0
2009-09-26,0.0,0.0,0.0
2009-09-27,0.0,0.2,0.0
2009-09-28,0.0,0.2,0.0
2009-09-29,0.0,36.4,49.1
2009-09-30,5.3,3.3,0.0
2009-10-01,3.0,6.2,3.1
2009-10-02,0.0,0.2,0.0
2009-10-03,0.0,0.3,0.0
2009-10-04,0.0,0.1,0.0
2009-10-05,0.0,0.0,0.0
2009-10-06,1.0,2.0,0.0
2009-10-07,0.0,0.8,0.0
2009-10-08,2.0,11.2,8.8
2009-10-09,32.7,48.2,68.1
2009-10-10,0.5,9.4,6.3
2009-10-11,0.0,5.6,3.2
2009-10-12,0.0,1.3,0.0
2009-10-13,13.6,38.0,77.5
2009-10-14,0.5,14.7,15.8
2009-10-15,0.0,0.0,0.0
2009-10-16,25.4,0.0,0.0
2009-10-17,0.0,0.6,0.0
2009-10-18,0.0,3.4,1.0
2009-10-19,0.0,0.1,0.0
2009-10-20,0.0,0.3,0.0
2009-10-21,0.3,15.4,17.7
2009-10-22,0.0,1.9,0.0
2009-10-23,24.0,1.2,0.0
2009-10-24,0.0,2.6,0.0
2009-10-25,1.2,1.6,0.0
2009-10-26,0.5,0.0,0.0
2009-10-27,2.6,0.2,0.0
2009-10-28,0.0,12.7,11.4
2009-10-29,10.6,0.9,0.0
2009-10-30,0.0,0.1,0.0
2009-10-31,0.0,0.1,0.0
2009-11-01,0.0,0.7,0.0
2009-11-02,19.6,1.4,0.0
2009-11-03,0.0,0.0,0.0
2009-11-04,0.0,0.0,0.0
2009-11-05,0.0,0.0,0.0
2009-11-06,0.0,6.0,4.0
2009-11-07,0.0,7.2,5.5
2009-11-08,1.0,8.6,7.3
2009-11-09,0.0,0.9,0.0
2009-11-10,1.0,2.3,0.0
2009-11-11,0.0,0.3,0.0
2009-11-12,0.0,0.1,0.0
2009-11-13,0.0,1.9,0.0
2009-11-14,26.0,8.5,4.1
2009-11-15,22.2,7.3,3.2
2009-11-16,0.0,0.0,0.0
2009-11-17,0.0,1.8,0.0
2009-11-18,1.0,9.2,4.7
2009-11-19,5.0,1.4,0.0
2009-11-20,10.3,4.0,1.0
2009-11-21,0.0,1.4,0.0
2009-11-22,12.2,1.1,0.0
2009-11-23,0.0,0.0,0.0
2009-11-24,0.0,7.0,3.3
2009-11-25,0.0,0.1,0.0
2009-11-26,0.0,8.1,4.1
2009-11-27,2.4,1.3,0.0
2009-11-28,0.0,5.4,2.1
2009-11-29,0.0,4.5,1.4
2009-11-30,0.0,1.5,0.0
2009-12-01,0.0,10.6,5.5
2009-12-02,16.5,23.9,20.8
2009-12-03,7.0,13.1,7.3
2009-12-04,17.6,42.8,36.3
2009-12-05,2.4,7.0,2.8
2009-12-06,0.9,0.0,0.0
2009-12-07,37.7,6.5,2.4
2009-12-09,2.8,0.5,0.0
2009-12-10,0.0,2.6,0.0
2009-12-11,0.0,0.4,0.0
2009-12-13,0.0,2.3,0.0
2009-12-14,0.0,0.2,0.0
2009-12-15,0.0,0.4,0.0
2009-12-16,69.9,48.2,50.5
2009-12-17,3.9,8.6,4.3
2009-12-18,1.0,12.9,8.1
2009-12-19,10.0,5.8,1.9
2009-12-20,0.0,0.1,0.0
2009-12-21,2.0,2.2,0.0
2009-12-22,9.7,4.0,1.1
2009-12-23,0.0,1.9,0.0
2009-12-24,3.5,3.9,1.0
2009-12-25,0.0,0.5,0.0
2009-12-26,7.2,22.7,18.5
2009-12-27,0.0,1.6,0.0
2009-12-28,0.0,0.2,0.0
2009-12-29,75.3,4.2,1.2
2009-12-31,1.5,7.5,3.9
2010-01-01,0.0,1.5,0.0
2010-01-02,0.0,0.6,0.0
2010-01-03,0.0,0.0,0.0
2010-01-04,0.0,0.9,0.0
2010-01-05,1.0,3.2,0.0
2010-01-06,0.4,23.4,19.5
2010-01-07,1.5,7.7,2.3
2010-01-08,2.0,14.7,9.6
2010-01-09,51.5,23.5,19.7
2010-01-10,0.0,5.4,1.0
2010-01-11,0.3,15.0,10.9
2010-01-12,0.0,8.0,4.3
2010-01-13,0.0,11.3,7.1
2010-01-14,8.4,99.2,91.0
2010-01-15,51.5,71.0,92.6
2010-01-16,1.5,27.0,23.3
2010-01-17,11.0,5.7,2.5
2010-01-18,4.5,1.2,0.0
2010-01-19,6.0,0.7,0.0
2010-01-20,39.6,53.2,63.4
2010-01-21,23.4,19.3,15.7
2010-01-22,4.3,1.5,0.0
2010-01-23,4.9,2.4,0.0
2010-01-24,11.5,7.3,3.7
2010-01-25,3.5,4.0,1.0
2010-01-26,89.5,17.2,13.3
2010-01-27,0.0,0.8,0.0
2010-01-28,0.0,0.3,0.0
2010-01-29,0.0,0.4,0.0
2010-01-30,11.2,0.0,0.0
2010-01-31,28.0,40.0,45.1
2010-02-01,1.0,12.2,7.5
2010-02-02,0.0,2.1,0.0
2010-02-03,69.1,95.2,95.2
2010-02-04,0.0,12.1,7.4
2010-02-05,3.2,2.2,0.0
2010-02-06,6.4,3.7,1.0
2010-02-07,9.0,4.1,1.1
2010-02-08,52.5,52.2,44.3
2010-02-09,19.7,2.2,0.0
2010-02-10,0.3,0.0,0.0
2010-02-11,0.0,0.0,0.0
2010-02-12,0.0,0.0,0.0
2010-02-13,0.0,0.0,0.0
2010-02-14,2.0,0.0,0.0
2010-02-15,0.0,0.0,0.0
2010-02-16,0.0,0.3,0.0
2010-02-17,0.0,2.0,0.0
2010-02-18,0.0,0.0,0.0
2010-02-19,2.4,11.6,7.8
2010-02-20,4.0,4.3,1.0
2010-02-21,0.0,1.6,0.0
2010-02-22,0.0,3.6,1.0
2010-02-23,0.0,2.3,0.0
2010-02-24,0.0,5.7,2.1
2010-02-25,21.7,18.1,15.7
2010-02-26,0.0,11.3,6.7
2010-02-27,3.2,4.2,1.0
2010-02-28,0.0,12.8,8.0
2010-03-01,12.4,20.4,20.9
2010-03-02,0.0,24.5,32.1
2010-03-03,5.7,20.8,26.4
2010-03-04,0.0,0.0,0.0
2010-03-05,0.0,0.0,0.0
2010-03-06,2.7,41.7,52.6
2010-03-07,3.3,38.7,49.7
2010-03-08,0.0,0.1,0.0
2010-03-09,0.0,0.0,0.0
2010-03-10,61.6,23.9,32.5
2010-03-11,0.0,6.7,2.4
2010-03-12,0.0,0.7,0.0
2010-03-13,45.3,26.6,33.6
2010-03-14,3.0,2.5,0.0
2010-03-15,0.0,0.3,0.0
2010-03-16,9.7,25.3,31.7
2010-03-17,0.0,3.2,0.0
2010-03-18,0.0,1.5,0.0
2010-03-19,25.7,26.5,33.4
2010-03-20,0.0,6.9,2.7
2010-03-21,5.5,1.0,0.0
2010-03-22,0.0,2.4,0.0
2010-03-23,47.6,3.6,1.0
2010-03-24,1.5,3.5,1.0
2010-03-25,15.1,3.3,1.0
2010-03-26,0.4,3.0,1.0
2010-03-27,3.0,4.1,1.4
2010-03-28,82.2,30.8,31.4
2010-03-29,29.0,10.1,6.8
2010-03-30,0.0,3.4,1.0
2010-03-31,1.5,2.3,0.0
2010-04-01,12.3,21.5,14.3
2010-04-03,0.0,1.1,0.0
2010-04-04,29.5,20.7,14.2
2010-04-05,0.0,9.7,4.6
2010-04-06,0.0,0.1,0.0
2010-04-07,0.0,0.2,0.0
2010-04-08,13.3,1.2,0.0
2010-04-09,0.0,4.4,1.0
2010-04-11,4.5,24.0,21.9
2010-04-12,4.7,3.4,1.2
2010-04-13,4.0,19.5,14.8
2010-04-14,0.0,0.0,0.0
2010-04-15,9.3,0.6,0.0
2010-04-16,26.7,31.4,29.8
2010-04-17,2.7,2.7,1.0
2010-04-18,5.0,0.2,0.0
2010-04-19,40.8,50.2,58.3
2010-04-20,0.6,5.4,2.9
2010-04-21,29.7,10.7,9.6
2010-04-22,3.2,1.7,1.0
2010-04-23,24.6,40.1,58.8
2010-04-25,12.0,2.9,1.1
2010-04-26,0.0,0.2,0.0
2010-04-27,1.9,0.0,0.0
2010-04-28,0.0,0.0,0.0
2010-04-29,0.0,0.5,0.0
2010-04-30,0.0,1.5,0.0
2010-05-01,9.8,42.0,34.7
2010-05-02,1.5,17.9,10.9
2010-05-03,0.0,0.0,0.0
2010-05-04,11.0,4.2,0.0
2010-05-05,1.3,7.7,2.9
2010-05-06,0.0,0.2,0.0
2010-05-07,0.0,4.4,0.0
2010-05-08,47.3,21.9,14.6
2010-05-09,12.5,19.6,12.3
2010-05-10,13.0,2.6,0.0
2010-05-11,31.6,51.7,70.8
2010-05-12,0.1,10.9,5.1
2010-05-13,0.0,0.1,0.0
2010-05-14,0.0,0.1,0.0
2010-05-15,0.0,0.3,0.0
2010-05-16,0.0,0.0,0.0
2010-05-17,0.0,0.5,0.0
2010-05-18,2.7,17.0,11.3
2010-05-19,21.5,33.1,32.7
2010-05-20,0.0,7.9,2.7
2010-05-21,0.0,3.5,1.1
2010-05-22,0.0,0.1,0.0
2010-05-23,4.0,0.8,0.0
2010-05-24,0.0,0.0,0.0
2010-05-25,0.0,0.0,0.0
2010-05-26,0.0,0.0,0.0
2010-05-27,1.5,0.8,0.0
2010-05-28,0.0,0.3,0.0
2010-05-29,0.0,0.0,0.0
2010-05-30,0.0,0.0,0.0
2010-05-31,0.0,7.8,5.3
2010-06-01,0.5,1.2,0.0
2010-06-02,2.0,3.4,1.0
2010-06-03,25.5,39.9,43.9
2010-06-04,2.5,7.7,5.2
2010-06-05,0.0,0.0,0.0
2010-06-06,0.0,0.0,0.0
2010-06-07,0.0,0.0,0.0
2010-06-08,0.0,0.0,0.0
2010-06-09,0.0,0.8,0.0
2010-06-10,3.3,24.4,30.2
2010-06-11,0.0,0.7,0.0
2010-06-12,0.0,0.6,0.0
2010-06-13,0.0,7.6,3.5
2010-06-14,0.0,0.1,0.0
2010-06-15,0.0,0.1,0.0
2010-06-16,0.0,0.6,0.0
2010-06-17,6.2,0.0,0.0
2010-06-18,0.0,4.2,1.0
2010-06-19,6.2,2.8,0.0
2010-06-20,0.0,1.8,0.0
2010-06-21,7.8,25.2,32.6
2010-06-22,0.0,0.4,0.0
2010-06-23,0.0,0.2,0.0
2010-06-24,0.0,0.7,0.0
2010-06-25,0.0,3.6,0.0
2010-06-26,1.1,3.6,0.0
2010-06-27,0.0,1.1,0.0
2010-06-28,0.0,0.0,0.0
2010-06-29,0.0,0.2,0.0
2010-06-30,0.0,0.3,0.0
2010-07-01,0.0,3.3,0.0
2010-07-02,0.0,1.7,0.0
2010-07-03,0.0,0.0,0.0
2010-07-04,0.0,0.0,0.0
2010-07-05,0.0,0.0,0.0
2010-07-07,0.0,1.7,0.0
2010-07-08,0.2,6.1,1.0
2010-07-09,8.0,2.5,0.0
2010-07-10,0.0,10.8,4.3
2010-07-11,0.0,0.0,0.0
2010-07-12,0.0,0.0,0.0
2010-07-13,0.0,0.6,0.0
2010-07-14,0.0,0.3,0.0
2010-07-15,0.0,0.0,0.0
2010-07-16,0.0,0.0,0.0
2010-07-17,0.0,2.1,0.0
2010-07-18,0.0,6.3,0.0
2010-07-19,0.0,2.2,0.0
2010-07-20,0.0,2.3,0.0
2010-07-21,0.0,0.2,0.0
2010-07-22,0.0,1.1,0.0
2010-07-25,0.0,0.0,0.0
2010-07-27,44.3,57.1,63.0
2010-07-28,0.3,10.6,6.5
2010-07-29,0.0,0.3,0.0
2010-07-30,0.0,0.8,0.0
2010-07-31,0.0,5.6,1.5
2010-08-01,0.0,9.1,3.5
2010-08-02,1.8,15.7,11.7
2010-08-03,0.0,0.0,0.0
2010-08-04,0.0,0.0,0.0
2010-08-05,0.0,0.0,0.0
2010-08-06,1.2,0.0,0.0
2010-08-07,0.0,0.0,0.0
2010-08-08,0.0,1.0,0.0
2010-08-09,13.1,28.6,31.6
2010-08-10,4.0,9.4,3.8
2010-08-11,0.0,0.0,0.0
2010-08-12,1.7,1.7,0.0
2010-08-13,0.7,15.0,13.6
2010-08-14,0.0,0.0,0.0
2010-08-15,0.0,0.0,0.0
2010-08-16,1.7,5.2,1.1
2010-08-17,2.5,0.1,0.0
2010-08-18,0.0,0.1,0.0
2010-08-20,0.0,0.0,0.0
2010-08-21,0.0,0.2,0.0
2010-08-22,9.5,11.5,4.9
2010-08-23,0.0,1.4,0.0
2010-08-24,0.0,0.0,0.0
2010-08-25,0.0,0.0,0.0
2010-08-26,0.0,13.4,6.7
2010-08-28,11.3,24.5,19.9
2010-08-29,0.0,0.3,0.0
2010-08-30,0.0,0.0,0.0
2010-08-31,0.0,0.9,0.0
2010-09-03,0.4,0.7,0.0
2010-09-06,17.6,22.0,23.2
2010-09-08,14.2,17.8,16.9
2010-09-12,4.7,1.9,0.0
2010-09-15,8.8,0.0,0.0
2010-10-01,0.0,0.0,0.0
2010-10-02,0.0,0.5,0.0
2010-10-03,34.1,28.3,38.7
2010-10-04,10.9,16.6,20.6
2010-10-06,2.0,0.0,0.0
2010-10-07,3.6,1.9,0.0
2010-10-08,0.0,3.2,1.0
2010-10-09,0.8,0.6,0.0
2010-10-10,0.0,0.0,0.0
2010-10-11,8.3,2.0,0.0
2010-10-12,3.4,20.1,27.2
2010-10-13,0.0,0.4,0.0
2010-10-14,0.0,1.4,0.0
2010-10-15,0.0,0.1,0.0
2010-10-16,0.0,0.0,0.0
2010-10-17,0.0,0.0,0.0
2010-10-18,0.0,0.0,0.0
2010-10-19,0.0,0.3,0.0
2010-10-20,0.0,0.0,0.0
2010-10-21,0.0,0.2,0.0
2010-10-22,11.0,0.5,0.0
2010-10-23,5.8,9.9,8.1
2010-10-24,0.0,1.3,0.0
2010-10-25,0.0,0.0,0.0
2010-10-26,0.0,1.4,0.0
2010-10-27,0.0,2.5,0.0
2010-10-28,0.0,0.0,0.0
2010-10-30,0.0,0.0,0.0
2010-10-31,0.4,0.0,0.0
2010-11-01,0.0,1.5,0.0
2010-11-02,0.0,5.5,3.4
2010-11-03,42.0,30.7,49.2
2010-11-04,0.0,3.3,1.0
2010-11-05,2.8,5.7,3.6
2010-11-06,0.0,0.0,0.0
2010-11-07,0.0,0.0,0.0
2010-11-08,0.0,0.2,0.0
2010-11-09,6.8,7.2,5.5
2010-11-10,4.0,2.1,0.0
2010-11-11,0.0,0.7,0.0
2010-11-12,0.0,1.3,0.0
2010-11-13,0.0,0.0,0.0
2010-11-14,0.0,0.0,0.0
2010-11-15,0.0,14.7,9.8
2010-11-16,1.0,0.4,0.0
2010-11-17,0.0,0.4,0.0
2010-11-18,0.0,20.6,21.8
2010-11-19,64.5,22.8,24.4
2010-11-20,0.0,2.6,0.0
2010-11-21,0.0,1.9,0.0
2010-11-22,0.0,0.0,0.0
2010-11-23,0.0,0.1,0.0
2010-11-24,0.0,0.0,0.0
2010-11-25,0.0,0.3,0.0
2010-11-26,0.0,0.2,0.0
2010-11-27,0.0,0.8,0.0
2010-11-28,0.0,0.0,0.0
2010-11-29,0.0,0.0,0.0
2010-11-30,0.0,0.1,0.0
2010-12-02,0.0,0.0,0.0
2010-12-03,0.0,0.7,0.0
2010-12-04,0.5,1.4,0.0
2010-12-05,3.0,15.1,8.9
2010-12-06,0.0,2.0,0.0
2010-12-07,0.9,10.3,5.2
2010-12-08,0.0,0.4,0.0
2010-12-10,0.0,2.6,0.0
2010-12-11,0.0,0.0,0.0
2010-12-12,0.0,0.0,0.0
2010-12-13,0.4,0.0,0.0
2010-12-14,2.7,0.3,0.0
2010-12-15,1.8,0.4,0.0
2010-12-16,0.0,0.6,0.0
2010-12-17,40.2,11.4,6.7
2010-12-18,0.0,0.0,0.0
2010-12-19,64.5,0.0,0.0
2010-12-20,0.0,0.0,0.0
2010-12-21,0.0,0.2,0.0
2010-12-22,1.2,2.3,0.0
2010-12-23,15.0,39.4,41.4
2010-12-24,84.2,8.1,4.4
2010-12-25,0.2,0.9,0.0
2010-12-26,0.5,0.5,0.0
2010-12-27,0.0,0.0,0.0
2010-12-28,0.0,0.0,0.0
2010-12-29,2.4,11.9,7.7
2010-12-30,44.5,32.2,32.4
2010-12-31,0.0,2.8,1.0
2011-01-01,0.3,1.4,0.0
2011-01-02,0.0,1.2,0.0
2011-01-03,0.0,0.0,0.0
2011-01-04,0.0,0.0,0.0
2011-01-05,0.0,3.0,0.0
2011-01-06,0.0,0.0,0.0
2011-01-07,3.6,0.0,0.0
2011-01-08,0.0,0.0,0.0
2011-01-09,0.0,4.2,0.0
2011-01-10,0.0,0.0,0.0
2011-01-11,0.0,0.0,0.0
2011-01-12,0.0,0.0,0.0
2011-01-13,0.0,0.5,0.0
2011-01-14,60.3,97.8,91.9
2011-01-15,1.0,9.3,5.4
2011-01-16,6.5,13.2,8.8
2011-01-17,0.0,3.5,1.0
2011-01-18,0.0,0.1,0.0
2011-01-19,5.4,7.9,4.3
2011-01-20,0.0,0.0,0.0
2011-01-21,0.0,0.1,0.0
2011-01-22,0.0,0.0,0.0
2011-01-23,0.9,11.7,8.0
2011-01-24,0.0,11.2,7.4
2011-01-25,0.0,0.0,0.0
2011-01-26,15.5,13.8,10.0
2011-01-27,6.3,2.5,0.0
2011-01-28,0.0,0.1,0.0
2011-01-29,0.0,4.1,1.0
2011-01-30,10.4,21.7,18.0
2011-01-31,0.0,10.2,6.4
2011-02-01,0.0,0.5,0.0
2011-02-02,0.0,1.5,0.0
2011-02-03,0.0,6.5,2.9
2011-02-04,0.0,7.2,3.5
2011-02-05,0.0,4.0,1.0
2011-02-06,0.0,0.9,0.0
2011-02-07,0.0,2.4,0.0
2011-02-08,23.7,40.6,32.4
2011-02-09,3.7,7.2,3.5
2011-02-10,0.0,0.0,0.0
2011-02-11,0.4,0.0,0.0
2011-02-12,0.0,8.4,4.6
2011-02-13,0.0,2.8,0.0
2011-02-14,0.0,12.4,8.7
2011-02-15,0.0,0.4,0.0
2011-02-16,4.8,0.1,0.0
2011-02-17,28.2,2.6,0.0
2011-02-18,0.0,0.6,0.0
2011-02-19,13.4,81.7,102.6
2011-02-20,0.0,3.8,1.0
2011-02-21,0.0,0.9,0.0
2011-02-22,0.2,21.0,15.1
2011-02-23,10.5,21.8,16.4
2011-02-24,0.0,5.5,1.9
2011-02-25,109.5,136.2,98.1
2011-02-26,0.0,1.5,0.0
2011-02-27,0.0,1.1,0.0
2011-02-28,0.0,2.4,0.0
2011-03-02,0.0,1.7,0.0
2011-03-04,0.0,7.7,4.0
2011-03-06,21.9,0.0,0.0
2011-03-07,0.0,0.1,0.0
2011-03-10,0.0,0.1,0.0
2011-03-11,0.0,4.5,1.0
2011-03-13,5.0,3.0,0.0
2011-03-15,18.0,9.7,5.5
2011-03-17,7.7,18.8,16.3
2011-03-18,3.0,11.4,7.4
2011-03-19,2.0,4.5,1.0
2011-03-20,4.5,10.4,6.2
2011-03-22,13.6,6.7,3.7
2011-03-23,10.8,37.3,40.1
2011-03-24,0.0,2.5,0.0
2011-03-25,0.0,7.3,4.3
2011-03-27,29.8,35.7,37.5
2011-04-01,0.5,0.9,0.0
2011-04-02,0.0,0.1,0.0
2011-04-03,0.0,0.4,0.0
2011-04-04,0.5,2.5,0.0
2011-04-05,11.5,15.4,9.1
2011-04-06,12.6,21.2,14.7
2011-04-07,1.5,27.0,17.5
2011-04-08,0.0,5.8,1.8
2011-04-09,0.0,2.5,0.0
2011-04-10,0.0,0.1,0.0
2011-04-11,4.0,0.7,0.0
2011-04-12,23.2,8.3,5.5
2011-04-13,0.0,0.6,0.0
2011-04-14,1.1,14.1,10.9
2011-04-15,1.1,16.1,11.8
2011-04-16,0.0,6.8,4.2
2011-04-17,0.0,2.7,1.0
2011-04-18,0.0,14.7,11.5
2011-04-19,0.0,0.1,0.0
2011-04-20,21.0,42.6,46.6
2011-04-21,0.0,1.6,0.0
2011-04-22,0.0,10.8,9.9
2011-04-23,6.9,2.7,1.0
2011-04-24,3.2,0.1,0.0
2011-04-25,0.0,0.6,0.0
2011-04-26,0.0,0.3,0.0
2011-04-27,0.0,1.6,0.0
2011-04-28,0.0,4.1,2.3
2011-04-29,0.0,0.9,0.0
2011-04-30,0.0,1.9,1.0
2011-05-01,6.3,8.2,3.3
2011-05-02,1.8,12.0,6.2
2011-05-03,2.4,20.4,13.3
2011-05-04,2.6,22.3,17.1
2011-05-05,12.0,78.8,54.0
2011-05-06,2.5,13.4,7.3
2011-05-07,10.5,21.1,12.9
2011-05-08,0.0,2.0,0.0
2011-05-09,0.0,0.0,0.0
2011-05-12,2.0,9.9,4.4
2011-05-14,23.2,44.9,56.0
2011-05-16,10.5,0.9,0.0
2011-05-17,0.0,3.5,0.0
2011-05-18,0.0,0.7,0.0
2011-05-19,0.0,0.3,0.0
2011-05-20,0.4,0.6,0.0
2011-05-21,0.0,15.2,12.5
2011-05-24,0.0,0.7,0.0
2011-05-27,3.0,0.6,0.0
2011-05-28,0.0,0.7,0.0
2011-05-29,1.4,12.6,9.8
2011-05-30,15.5,26.5,30.7
2011-05-31,24.0,8.8,6.4
2011-06-01,26.1,5.5,2.7
2011-06-02,0.0,0.0,0.0
2011-06-03,0.0,0.0,0.0
2011-06-04,0.0,9.2,6.8
2011-06-05,0.0,3.9,1.0
2011-06-06,0.0,0.0,0.0
2011-06-07,0.0,1.2,0.0
2011-06-09,0.0,0.0,0.0
2011-06-10,7.2,23.1,29.5
2011-06-11,0.0,5.3,1.6
2011-06-12,0.0,18.9,16.8
2011-06-13,0.0,6.6,2.6
2011-06-14,2.0,31.6,38.2
2011-06-15,0.0,0.9,0.0
2011-06-16,8.4,9.0,4.7
2011-06-17,3.6,13.2,9.4
2011-06-18,9.5,16.4,12.3
2011-06-21,69.6,67.9,77.4
2011-06-22,2.0,17.5,14.2
2011-06-23,2.9,16.2,13.1
2011-06-24,0.0,0.8,0.0
2011-06-25,11.4,20.1,19.2
2011-06-26,7.0,21.6,22.7
2011-06-27,3.0,2.6,0.0
2011-06-28,0.0,0.6,0.0
2011-06-29,0.0,0.1,0.0
2011-06-30,0.0,0.5,0.0
2011-07-01,41.4,19.3,16.3
2011-07-02,3.1,9.8,3.5
2011-07-03,0.0,3.9,0.0
2011-07-04,0.2,15.4,9.1
2011-07-05,0.5,4.8,0.0
2011-07-06,0.0,8.9,2.7
2011-07-09,5.0,3.5,0.0
2011-07-10,7.9,27.8,30.6
2011-07-11,0.0,2.3,0.0
2011-07-12,0.0,0.0,0.0
2011-07-13,0.0,0.0,0.0
2011-07-14,0.0,0.0,0.0
2011-07-15,0.0,0.0,0.0
2011-07-16,1.0,17.0,8.4
2011-07-18,1.9,15.1,7.4
2011-07-20,0.6,11.9,4.4
2011-07-21,0.4,18.0,15.4
2011-07-22,45.3,18.4,15.7
2011-07-23,7.9,67.4,65.4
2011-07-24,0.0,31.0,32.1
2011-07-25,0.0,0.9,0.0
2011-07-26,3.0,0.6,0.0
2011-07-27,0.0,0.1,0.0
2011-07-28,0.0,0.0,0.0
2011-07-29,8.8,0.1,0.0
2011-07-30,5.0,1.6,0.0
2011-07-31,126.0,0.3,0.0
2011-08-01,70.8,13.7,8.4
2011-08-02,44.0,9.1,3.5
2011-08-04,112.8,24.5,25.7
2011-08-05,1.3,7.1,1.6
2011-08-06,0.0,2.2,0.0
2011-08-07,0.0,3.9,0.0
2011-08-08,0.0,0.3,0.0
2011-08-09,18.2,44.3,57.8
2011-08-10,74.2,4.2,0.0
2011-08-11,1.8,27.3,56.1
2011-08-13,6.6,1.7,0.0
2011-08-14,3.8,3.0,0.0
2011-08-15,0.5,13.4,12.2
2011-08-16,2.4,2.0,0.0
2011-08-17,5.5,22.9,36.4
2011-08-18,0.0,10.3,7.4
2011-08-19,0.0,0.0,0.0
2011-08-20,0.2,10.1,7.2
2011-08-21,0.0,14.1,6.9
2011-08-22,0.0,0.1,0.0
2011-08-23,2.0,0.8,0.0
2011-08-24,0.0,3.5,0.0
2011-08-25,0.0,0.0,0.0
2011-08-26,0.0,0.0,0.0
2011-08-27,0.0,0.2,0.0
2011-08-28,0.0,2.4,0.0
2011-09-01,21.0,13.7,12.5
2011-09-02,0.0,0.5,0.0
2011-09-03,0.0,1.5,0.0
2011-09-04,0.0,0.2,0.0
2011-09-05,0.0,0.0,0.0
2011-09-06,21.6,3.9,0.0
2011-09-07,3.5,5.0,1.0
2011-09-08,0.0,1.3,0.0
2011-09-09,0.0,0.5,0.0
2011-09-10,0.0,0.0,0.0
2011-09-11,0.0,1.9,0.0
2011-09-12,0.0,0.7,0.0
2011-09-13,0.0,0.2,0.0
2011-09-14,0.0,0.1,0.0
2011-09-15,0.0,0.3,0.0
2011-09-16,5.0,17.9,27.2
2011-09-17,0.2,15.5,12.9
2011-09-18,3.4,10.2,5.4
2011-09-19,73.3,20.9,32.8
2011-09-20,0.7,11.1,6.7
2011-09-21,0.2,6.1,2.2
2011-09-22,10.3,6.3,2.5
2011-09-23,0.0,0.8,0.0
2011-09-24,0.0,1.7,0.0
2011-09-25,26.0,27.6,46.5
2011-09-26,0.7,12.0,11.3
2011-09-27,1.5,0.6,0.0
2011-09-28,0.0,0.0,0.0
2011-09-29,13.5,12.6,12.6
2011-09-30,2.2,7.3,4.0
2011-10-01,0.0,1.8,0.0
2011-10-02,48.5,38.7,52.8
2011-10-03,0.0,0.8,0.0
2011-10-04,0.0,0.0,0.0
2011-10-05,8.1,2.0,0.0
2011-10-06,2.8,1.3,0.0
2011-10-07,42.0,29.3,37.5
2011-10-08,0.0,4.8,1.8
2011-10-09,5.1,1.0,0.0
2011-10-10,0.0,3.2,1.0
2011-10-11,20.0,1.7,0.0
2011-10-12,24.8,11.0,10.8
2011-10-13,0.0,0.2,0.0
2011-10-14,10.1,2.3,0.0
2011-10-15,0.0,0.0,0.0
2011-10-16,0.0,0.6,0.0
2011-10-17,0.0,0.0,0.0
2011-10-18,0.0,0.0,0.0
2011-10-19,0.0,1.4,0.0
2011-10-20,0.0,0.0,0.0
2011-10-21,0.0,0.0,0.0
2011-10-22,1.8,0.4,0.0
2011-10-23,27.3,14.5,16.7
2011-10-24,0.0,0.7,0.0
2011-10-25,0.0,0.1,0.0
2011-10-26,0.0,0.0,0.0
2011-10-27,0.0,0.0,0.0
2011-10-28,0.0,0.0,0.0
2011-10-29,1.0,4.5,1.8
2011-10-30,0.0,0.1,0.0
2011-10-31,3.3,1.5,0.0
2011-11-01,0.0,2.1,0.0
2011-11-02,0.0,0.7,0.0
2011-11-03,4.1,4.6,2.3
2011-11-04,0.0,0.3,0.0
2011-11-05,0.0,1.0,0.0
2011-11-06,0.0,0.0,0.0
2011-11-07,6.2,1.6,0.0
2011-11-08,4.3,5.1,2.9
2011-11-09,23.5,11.5,10.9
2011-11-10,0.0,0.6,0.0
2011-11-11,1.8,21.2,22.1
2011-11-12,2.5,6.3,2.3
2011-11-13,5.6,1.8,0.0
2011-11-14,20.3,3.8,1.0
2011-11-15,0.0,0.1,0.0
2011-11-16,104.0,91.5,68.2
2011-11-17,1.4,13.9,8.7
2011-11-18,23.4,8.0,3.7
2011-11-19,2.4,13.7,8.5
2011-11-20,30.4,34.1,34.8
2011-11-21,8.5,1.5,0.0
2011-11-22,0.0,1.2,0.0
2011-11-23,8.3,2.1,0.0
2011-11-24,0.0,1.2,0.0
2011-11-25,0.0,0.5,0.0
2011-11-26,0.0,0.9,0.0
2011-11-27,0.0,0.6,0.0
2011-11-28,0.0,0.0,0.0
2011-11-29,0.0,0.0,0.0
2011-11-30,0.0,0.2,0.0
2011-12-01,0.0,1.9,0.0
2011-12-02,8.9,1.1,0.0
2011-12-03,0.0,0.0,0.0
2011-12-04,34.0,26.0,22.4
2011-12-05,0.0,10.1,5.1
2011-12-06,5.7,4.6,1.0
2011-12-07,2.1,3.5,1.0
2011-12-08,3.1,4.3,1.0
2011-12-09,5.4,13.2,7.4
2011-12-10,1.0,15.1,8.3
2011-12-11,0.0,5.3,1.5
2011-12-12,0.2,2.2,0.0
2011-12-13,0.0,0.0,0.0
2011-12-14,0.0,1.6,0.0
2011-12-15,15.6,2.9,0.0
2011-12-16,0.0,10.0,5.5
2011-12-17,10.9,4.1,1.0
2011-12-18,0.4,0.7,0.0
2011-12-19,0.0,0.0,0.0
2011-12-20,0.1,2.6,0.0
2011-12-21,1.8,9.2,5.3
2011-12-22,0.0,5.2,2.0
2011-12-23,0.0,3.0,1.0
2011-12-24,5.1,1.5,0.0
2011-12-25,2.5,1.8,0.0
2011-12-26,21.0,42.1,44.7
2011-12-27,2.1,15.2,10.7
2011-12-28,0.4,0.0,0.0
2011-12-29,1.0,0.0,0.0
2011-12-30,3.9,0.5,0.0
2011-12-31,95.0,77.2,89.1
2012-01-01,0.0,4.7,1.0
2012-01-02,0.5,8.1,2.7
2012-01-03,11.2,7.2,1.9
2012-01-04,30.9,17.4,12.6
2012-01-05,0.0,2.7,0.0
2012-01-06,0.0,0.3,0.0
2012-01-07,0.0,2.0,0.0
2012-01-08,1.0,26.8,32.6
2012-01-09,0.0,1.6,0.0
2012-01-10,0.0,0.0,0.0
2012-01-11,0.0,0.0,0.0
2012-01-12,1.3,4.4,1.5
2012-01-13,2.9,7.2,3.7
2012-01-14,4.6,1.0,0.0
2012-01-15,13.2,4.0,1.2
2012-01-16,0.0,9.4,5.5
2012-01-17,0.0,0.7,0.0
2012-01-18,0.1,5.8,2.6
2012-01-19,2.1,19.3,16.6
2012-01-20,22.1,13.6,9.1
2012-01-21,2.6,0.5,0.0
2012-01-22,0.2,2.9,0.0
2012-01-23,4.6,1.7,0.0
2012-01-24,2.6,0.0,0.0
2012-01-25,0.0,0.0,0.0
2012-01-26,4.2,11.2,7.5
2012-01-27,0.1,3.7,1.0
2012-01-28,0.8,2.4,0.0
2012-01-29,0.0,1.0,0.0
2012-01-30,0.0,2.6,0.0
2012-01-31,5.1,5.0,1.6
2012-02-01,16.6,8.8,4.7
2012-02-02,2.1,2.7,1.0
2012-02-03,0.0,2.1,0.0
2012-02-04,5.2,18.3,12.5
2012-02-05,2.1,30.4,22.4
2012-02-06,4.1,26.1,19.4
2012-02-07,0.0,6.6,3.1
2012-02-08,108.3,68.3,61.3
2012-02-09,0.5,10.0,5.7
2012-02-10,29.3,48.8,40.8
2012-02-11,5.1,0.7,0.0
2012-02-12,0.0,8.2,4.5
2012-02-13,1.7,0.1,0.0
2012-02-14,107.0,22.7,27.4
2012-02-15,0.0,3.3,1.0
2012-02-16,4.8,0.0,0.0
2012-02-17,0.0,0.1,0.0
2012-02-18,0.0,0.0,0.0
2012-02-19,0.0,0.1,0.0
2012-02-20,0.0,0.0,0.0
2012-02-21,0.0,0.0,0.0
2012-02-22,0.0,0.0,0.0
2012-02-23,0.0,0.0,0.0
2012-02-24,0.0,1.7,0.0
2012-02-25,0.0,0.0,0.0
2012-02-26,0.0,0.0,0.0
2012-02-27,0.0,0.1,0.0
2012-02-28,0.0,0.1,0.0
2012-02-29,0.1,0.0,0.0
2012-03-01,12.0,21.4,26.6
2012-03-02,3.2,1.1,0.0
2012-03-03,0.0,0.8,0.0
2012-03-04,0.0,1.3,0.0
2012-03-05,0.0,0.0,0.0
2012-03-06,1.4,18.9,20.5
2012-03-07,0.0,4.4,1.0
2012-03-08,58.3,57.2,81.1
2012-03-09,0.4,11.9,8.4
2012-03-10,8.4,4.8,1.2
2012-03-11,0.0,5.1,1.0
2012-03-12,1.6,5.1,1.0
2012-03-13,11.0,6.7,2.4
2012-03-14,1.9,2.7,0.0
2012-03-15,33.4,15.1,11.6
2012-03-16,41.4,25.4,31.7
2012-03-17,10.9,28.0,38.3
2012-03-18,19.9,32.7,46.1
2012-03-19,0.0,18.1,15.2
2012-03-20,71.3,45.7,67.2
2012-03-21,0.6,44.1,53.9
2012-03-22,1.0,22.4,18.0
2012-03-23,0.4,19.8,15.2
2012-03-24,1.2,6.8,3.8
2012-03-25,22.8,25.1,21.8
2012-03-26,0.0,3.0,1.0
2012-03-27,10.3,28.1,26.3
2012-03-28,0.0,8.4,5.3
2012-03-29,0.2,20.1,16.0
2012-03-30,25.9,13.9,11.6
2012-03-31,2.6,30.5,28.7
2012-04-01,8.4,29.6,20.6
2012-04-02,26.5,40.9,34.4
2012-04-03,0.8,6.6,2.3
2012-04-04,3.1,34.6,26.4
2012-04-05,12.0,14.9,8.7
2012-04-06,35.1,12.3,6.6
2012-04-07,32.3,19.9,15.2
2012-04-08,0.0,0.3,0.0
2012-04-09,4.7,31.5,22.6
2012-04-10,48.0,62.3,64.7
2012-04-11,0.0,1.2,0.0
2012-04-12,0.0,2.6,1.0
2012-04-13,0.0,0.1,0.0
2012-04-14,0.0,0.5,0.0
2012-04-15,0.0,0.2,0.0
2012-04-16,0.0,1.0,0.0
2012-04-17,0.0,2.0,1.0
2012-04-18,0.0,0.0,0.0
2012-04-19,0.0,0.0,0.0
2012-04-20,0.0,0.3,0.0
2012-04-21,0.0,0.1,0.0
2012-04-22,0.0,1.9,1.0
2012-04-23,0.0,0.0,0.0
2012-04-24,27.3,27.7,37.1
2012-04-25,0.5,1.6,1.0
2012-04-26,0.2,1.4,0.0
2012-04-27,2.5,3.1,1.2
2012-04-28,0.0,0.0,0.0
2012-04-29,0.0,0.0,0.0
2012-04-30,1.7,3.2,1.4
2012-05-01,0.0,0.6,0.0
2012-05-02,19.2,11.5,5.9
2012-05-03,5.0,19.2,12.3
2012-05-04,0.0,4.4,0.0
2012-05-05,1.1,5.8,1.3
2012-05-06,2.4,10.8,5.3
2012-05-07,38.7,28.0,23.5
2012-05-08,0.0,1.4,0.0
2012-05-09,6.5,16.0,9.5
2012-05-10,0.0,1.5,0.0
2012-05-11,36.5,7.8,2.6
2012-05-12,0.0,11.0,5.5
2012-05-13,0.0,1.5,0.0
2012-05-14,0.0,0.0,0.0
2012-05-15,1.3,0.4,0.0
2012-05-16,0.1,1.8,0.0
2012-05-17,1.2,21.3,16.7
2012-05-18,1.8,14.2,7.8
2012-05-19,0.0,6.7,1.6
2012-05-20,0.0,4.1,0.0
2012-05-21,44.0,12.3,10.8
2012-05-22,0.0,9.8,7.8
2012-05-23,0.0,0.9,0.0
2012-05-24,0.0,0.0,0.0
2012-05-25,0.0,3.9,1.5
2012-05-26,0.0,0.4,0.0
2012-05-27,0.0,0.0,0.0
2012-05-28,0.0,0.6,0.0
2012-05-29,0.0,0.3,0.0
2012-05-30,0.5,5.4,2.9
2012-05-31,12.9,0.8,0.0
2012-06-01,0.0,0.1,0.0
2012-06-02,1.8,2.0,0.0
2012-06-03,35.7,33.1,39.8
2012-06-04,0.1,3.7,1.0
2012-06-05,21.1,31.4,37.9
2012-06-06,0.0,2.9,0.0
2012-06-07,3.0,5.1,2.3
2012-06-08,7.7,0.0,0.0
2012-06-09,0.3,12.8,10.2
2012-06-10,0.0,1.5,0.0
2012-06-11,8.0,0.4,0.0
2012-06-12,0.1,7.7,3.6
2012-06-13,2.8,8.5,4.2
2012-06-14,1.1,19.7,19.2
2012-06-15,0.0,6.0,2.2
2012-06-16,22.8,35.7,42.8
2012-06-17,0.0,1.0,0.0
2012-06-18,0.0,0.0,0.0
2012-06-19,0.0,0.4,0.0
2012-06-20,0.0,1.2,0.0
2012-06-21,1.8,19.1,17.7
2012-06-22,2.3,23.4,29.9
2012-06-23,3.1,10.4,5.4
2012-06-24,0.0,2.5,0.0
2012-06-25,0.0,0.2,0.0
2012-06-26,6.0,17.1,13.0
2012-06-27,0.0,0.8,0.0
2012-06-28,0.0,2.9,0.0
2012-06-29,0.0,0.5,0.0
2012-06-30,6.0,0.2,0.0
2012-07-01,6.7,26.9,29.4
2012-07-02,0.0,11.4,4.9
2012-07-03,0.0,18.3,11.8
2012-07-04,1.4,6.7,1.0
2012-07-05,0.0,1.2,0.0
2012-07-06,0.0,7.6,1.4
2012-07-07,0.0,0.0,0.0
2012-07-08,0.0,0.0,0.0
2012-07-09,0.0,4.6,0.0
2012-07-10,0.0,2.3,0.0
2012-07-11,0.0,0.7,0.0
2012-07-12,22.0,23.1,18.8
2012-07-13,0.3,15.7,7.3
2012-07-14,0.0,0.9,0.0
2012-07-15,0.0,9.3,2.3
2012-07-16,0.0,0.1,0.0
2012-07-17,0.0,0.0,0.0
2012-07-18,1.6,12.2,4.7
2012-07-19,0.0,6.3,0.0
2012-07-20,0.0,0.4,0.0
2012-07-21,0.0,0.8,0.0
2012-07-22,0.9,3.2,0.0
2012-07-23,0.0,2.9,0.0
2012-07-24,12.6,10.4,6.3
2012-07-25,0.0,2.4,0.0
2012-07-26,3.6,7.7,3.6
2012-07-27,3.3,19.2,15.7
2012-07-28,4.7,24.9,25.2
2012-07-29,4.0,6.3,2.2
2012-07-30,0.0,0.0,0.0
2012-07-31,15.0,6.8,2.7
2012-08-01,15.0,10.3,4.7
2012-08-02,2.9,7.8,2.2
2012-08-03,1.2,4.4,0.0
2012-08-04,11.0,22.0,21.1
2012-08-05,2.1,0.2,0.0
2012-08-06,0.0,0.6,0.0
2012-08-07,0.0,26.5,27.4
2012-08-08,5.5,10.5,4.8
2012-08-09,11.8,2.7,0.0
2012-08-10,0.5,0.4,0.0
2012-08-11,0.0,6.4,2.5
2012-08-12,2.0,2.3,0.0
2012-08-13,1.8,23.7,42.3
2012-08-14,17.9,0.8,0.0
2012-08-15,0.0,4.0,1.0
2012-08-16,0.3,0.2,0.0
2012-08-17,0.0,0.4,0.0
2012-08-18,0.0,1.2,0.0
2012-08-19,0.0,0.0,0.0
2012-08-20,0.0,8.6,6.6
2012-08-21,0.0,7.2,2.2
2012-08-22,1.0,0.5,0.0
2012-08-23,0.0,3.7,0.0
2012-08-24,0.0,7.6,2.5
2012-08-25,0.8,0.0,0.0
2012-08-26,0.0,0.1,0.0
2012-08-27,2.0,4.7,1.0
2012-08-28,1.5,8.5,3.1
2012-08-29,8.2,4.3,1.0
2012-08-30,0.0,0.0,0.0
2012-08-31,0.0,0.0,0.0
2012-09-01,4.0,5.8,1.2
2012-09-02,23.4,13.9,12.1
2012-09-03,60.8,47.7,95.8
2012-09-04,8.0,20.0,21.5
2012-09-05,0.0,2.0,0.0
2012-09-06,3.3,12.1,8.4
2012-09-07,3.3,6.2,1.5
2012-09-08,1.5,14.9,12.6
2012-09-09,12.2,6.9,2.3
2012-09-10,15.0,6.7,2.1
2012-09-11,0.0,3.4,0.0
2012-09-12,1.3,1.3,0.0
2012-09-13,0.0,6.4,1.0
2012-09-14,0.0,4.9,0.0
2012-09-15,0.0,0.9,0.0
2012-09-16,2.0,9.2,4.2
2012-09-17,0.0,4.1,0.0
2012-09-18,5.9,35.7,52.1
2012-09-19,0.0,1.8,0.0
2012-09-20,4.5,31.6,47.3
2012-09-21,1.0,0.0,0.0
2012-09-22,0.0,0.3,0.0
2012-09-23,1.8,2.7,0.0
2012-09-24,13.0,8.5,6.9
2012-09-25,1.2,0.6,0.0
2012-09-26,0.8,3.6,0.0
2012-09-27,0.0,0.0,0.0
2012-09-28,0.0,3.9,0.0
2012-09-29,0.0,0.8,0.0
2012-09-30,0.1,1.0,0.0
2012-10-01,0.0,3.1,1.0
2012-10-02,0.0,2.6,0.0
2012-10-03,50.6,1.6,0.0
2012-10-04,0.0,8.5,5.8
2012-10-05,40.2,46.1,62.5
2012-10-06,13.1,34.6,45.0
2012-10-07,0.0,0.1,0.0
2012-10-08,0.0,0.3,0.0
2012-10-09,1.0,1.2,0.0
2012-10-10,0.3,0.6,0.0
2012-10-11,0.0,0.0,0.0
2012-10-12,0.0,0.1,0.0
2012-10-13,0.0,3.5,1.0
2012-10-14,4.1,0.1,0.0
2012-10-15,0.0,0.5,0.0
2012-10-16,7.8,3.1,1.0
2012-10-17,0.0,1.0,0.0
2012-10-18,0.6,0.0,0.0
2012-10-19,0.0,0.8,0.0
2012-10-20,0.0,0.4,0.0
2012-10-21,0.5,6.1,3.8
2012-10-22,0.0,8.0,6.1
2012-10-23,0.0,4.0,1.2
2012-10-24,0.0,0.0,0.0
2012-10-25,0.8,3.2,1.0
2012-10-26,0.0,0.1,0.0
2012-10-27,0.0,0.5,0.0
2012-10-28,1.2,9.5,8.5
2012-10-29,0.0,0.0,0.0
2012-10-30,0.0,0.3,0.0
2012-10-31,0.0,0.0,0.0
2012-11-01,0.0,2.0,0.0
2012-11-02,0.0,0.1,0.0
2012-11-03,0.0,0.6,0.0
2012-11-04,17.0,7.7,6.1
2012-11-05,34.0,43.6,70.4
2012-11-06,4.9,11.8,12.8
2012-11-07,18.4,18.0,24.7
2012-11-08,0.7,12.3,11.9
2012-11-09,1.5,4.1,1.8
2012-11-10,0.0,3.0,1.0
2012-11-11,0.5,2.8,0.0
2012-11-12,10.4,9.2,4.7
2012-11-13,40.8,26.2,27.1
2012-11-14,0.0,2.3,0.0
2012-11-15,0.0,6.8,2.7
2012-11-16,0.0,5.1,1.3
2012-11-17,16.6,33.2,33.4
2012-11-18,0.2,2.3,0.0
2012-11-19,14.5,8.5,4.1
2012-11-20,3.0,10.4,5.7
2012-11-21,18.8,11.0,6.1
2012-11-22,0.0,5.5,2.1
2012-11-23,0.0,3.4,1.0
2012-11-24,0.4,5.8,2.4
2012-11-25,0.0,1.2,0.0
2012-11-26,9.2,15.7,10.0
2012-11-27,0.9,2.0,0.0
2012-11-28,0.0,0.0,0.0
2012-11-29,10.4,0.2,0.0
2012-11-30,0.0,0.3,0.0
2012-12-01,0.0,1.6,0.0
2012-12-02,0.0,2.1,0.0
2012-12-03,0.0,0.6,0.0
2012-12-04,0.0,0.1,0.0
2012-12-05,0.0,0.2,0.0
2012-12-06,0.0,0.3,0.0
2012-12-07,0.0,0.3,0.0
2012-12-08,0.0,0.9,0.0
2012-12-09,0.8,2.6,0.0
2012-12-10,0.0,1.7,0.0
2012-12-11,1.8,15.7,10.6
2012-12-12,0.1,0.0,0.0
2012-12-13,0.8,0.3,0.0
2012-12-14,0.0,0.0,0.0
2012-12-15,0.0,0.0,0.0
2012-12-16,0.5,0.0,0.0
2012-12-17,0.8,23.0,15.8
2012-12-18,0.0,1.5,0.0
2012-12-19,0.0,0.0,0.0
2012-12-20,0.0,0.0,0.0
2012-12-21,0.0,0.0,0.0
2012-12-22,7.6,6.0,2.7
2012-12-23,0.0,10.4,6.4
2012-12-24,0.0,5.2,2.0
2012-12-25,0.1,5.0,1.8
2012-12-26,0.0,0.2,0.0
2012-12-27,0.0,2.4,0.0
2012-12-28,2.9,9.7,5.8
2012-12-29,0.3,3.0,1.0
2012-12-30,17.8,34.5,35.2
2012-12-31,0.0,1.5,0.0
2013-06-01,2.0,9.3,7.4
2013-07-06,4.1,0.0,0.0
2013-07-07,0.0,0.1,0.0
2013-07-08,0.0,51.1,48.5
2013-07-21,3.5,0.8,0.0
2013-07-24,0.7,12.4,8.9
2013-08-04,0.0,0.4,0.0
2013-09-24,28.8,0.0,0.0
2013-09-30,32.3,8.0,5.0
2013-10-02,0.5,10.8,8.5
2013-10-03,5.6,15.4,14.3
2013-10-06,0.0,0.3,0.0
2013-10-07,0.0,2.4,0.0
2013-10-09,0.2,27.2,36.1
2013-10-10,7.4,8.7,6.3
2013-10-11,1.0,2.3,0.0
2013-10-20,0.9,3.4,1.0
2013-10-21,14.1,1.7,0.0
2013-12-17,0.0,13.0,8.2
2013-12-27,4.0,74.3,91.3
2014-01-01,16.9,0.8,0.0
2014-01-02,0.4,19.5,14.4
2014-01-03,1.2,11.0,5.6
2014-01-05,1.5,31.7,43.5
2014-01-08,1.3,35.5,53.8
2014-01-11,5.6,46.6,52.7
2014-01-12,85.9,25.2,22.1
2014-01-13,25.2,1.3,0.0
2014-01-14,0.0,0.3,0.0
2014-01-15,0.0,1.2,0.0
2014-01-16,0.0,2.0,0.0
2014-01-18,0.0,1.5,0.0
2014-01-19,0.1,5.1,2.0
2014-01-20,0.5,5.4,2.2
2014-01-22,3.3,14.3,11.1
2014-01-23,8.2,4.7,1.4
2014-01-24,0.3,24.6,22.4
2014-01-25,12.0,2.2,0.0
2014-01-26,0.1,0.2,0.0
2014-01-28,4.8,2.1,0.0
2014-01-30,0.0,0.0,0.0
2014-01-31,0.0,3.2,1.0
2014-02-01,15.9,0.2,0.0
2014-02-02,0.0,0.1,0.0
2014-02-04,0.0,0.9,0.0
2014-02-05,0.0,0.6,0.0
2014-02-07,51.9,0.2,0.0
2014-02-08,0.1,0.3,0.0
2014-02-09,0.0,4.2,1.2
2014-02-14,0.0,35.1,46.0
2014-02-15,59.6,0.0,0.0
2014-02-16,0.0,0.0,0.0
2014-02-17,6.4,2.5,0.0
2014-02-25,0.0,3.9,1.0
2014-02-26,0.3,0.1,0.0
2014-02-27,4.0,0.5,0.0
2014-03-02,0.2,1.0,0.0
2014-03-03,0.0,10.2,6.6
2014-03-04,15.2,50.0,67.1
2014-03-05,26.0,4.0,1.0
2014-03-06,0.1,1.2,0.0
2014-03-07,0.4,0.8,0.0
2014-03-09,0.7,0.7,0.0
2014-03-10,0.0,5.8,2.1
2014-03-11,0.3,0.0,0.0
2014-03-13,0.0,0.0,0.0
2014-03-14,0.0,0.1,0.0
2014-03-16,0.0,0.9,0.0
2014-03-17,6.6,0.2,0.0
2014-03-19,0.6,3.4,0.0
2014-03-20,15.7,0.2,0.0
2014-03-21,0.9,0.0,0.0
2014-03-23,0.0,0.1,0.0
2014-03-24,3.7,0.0,0.0
2014-03-26,0.0,1.7,0.0
2014-03-27,0.8,0.0,0.0
2014-03-29,0.0,0.0,0.0
2014-03-31,4.4,1.3,0.0
2014-04-01,0.7,2.8,0.0
2014-04-02,5.0,0.3,0.0
2014-04-04,0.0,2.4,0.0
2014-04-06,2.5,13.9,7.9
2014-04-07,1.7,8.7,3.9
2014-04-10,5.7,59.1,58.5
2014-04-11,52.5,31.5,30.8
2014-04-12,66.0,17.1,13.8
2014-04-13,3.5,4.3,1.9
2014-04-14,0.1,5.1,2.7
2014-04-15,1.9,14.2,11.0
2014-04-16,4.9,22.1,19.0
2014-04-17,1.8,0.0,0.0
2014-04-19,3.7,0.9,0.0
2014-04-20,0.0,8.5,5.7
2014-04-21,9.9,0.0,0.0
2014-04-22,0.0,0.3,0.0
2014-04-23,0.4,0.6,0.0
2014-04-24,0.0,20.5,24.0
2014-04-25,7.2,38.2,55.0
2014-04-26,2.3,9.5,8.3
2014-04-28,0.3,14.7,14.2
2014-04-29,1.0,16.6,17.4
2014-04-30,1.3,30.4,41.4
2014-05-01,44.1,0.0,0.0
2014-05-02,0.4,0.9,0.0
2014-05-03,5.3,0.0,0.0
2014-05-05,2.3,0.9,0.0
2014-05-06,0.1,0.0,0.0
2014-05-08,0.0,0.0,0.0
2014-05-09,0.8,2.7,0.0
2014-05-10,7.4,1.6,0.0
2014-05-11,1.0,0.0,0.0
2014-05-15,0.0,4.8,1.0
2014-05-16,2.2,16.5,10.2
2014-05-19,0.0,3.6,0.0
2014-05-20,5.1,5.9,1.0
2014-05-21,0.5,21.2,18.7
2014-05-22,11.1,0.0,0.0
2014-05-23,30.5,0.1,0.0
2014-05-24,0.0,0.8,0.0
2014-05-25,0.6,8.3,5.8
2014-05-26,1.4,6.3,3.8
2014-05-27,0.9,0.2,0.0
2014-05-30,0.8,8.5,6.2
2014-05-31,0.1,3.6,1.2
2014-06-01,1.7,7.8,5.3
2014-06-02,0.4,6.9,4.2
2014-06-03,36.3,0.9,0.0
2014-06-04,0.0,1.3,0.0
2014-06-05,1.6,4.4,1.4
2014-06-08,0.4,1.5,0.0
2014-06-09,0.2,0.0,0.0
2014-06-10,1.9,3.5,1.0
2014-06-11,0.2,1.4,0.0
2014-06-13,0.3,8.9,4.6
2014-06-14,5.1,3.2,0.0
2014-06-16,0.4,0.1,0.0
2014-06-18,0.0,13.7,12.9
2014-06-20,36.8,16.7,11.0
2014-06-21,2.1,1.4,0.0
2014-06-22,0.0,2.9,0.0
2014-06-23,1.9,9.0,3.8
2014-06-24,1.4,9.0,3.8
2014-06-25,6.4,4.4,0.0
2014-06-26,1.7,8.4,3.2
2014-06-30,53.5,1.6,0.0
2014-07-01,0.0,1.8,0.0
2014-07-06,0.3,1.6,0.0
2014-07-07,0.3,1.1,0.0
2014-07-09,0.0,0.0,0.0
2014-07-12,0.4,19.0,10.2
2014-07-14,0.1,0.5,0.0
2014-07-16,22.5,0.0,0.0
2014-07-17,0.0,0.0,0.0
2014-07-19,0.0,4.6,0.0
2014-07-21,0.5,1.6,0.0
2014-07-22,0.6,12.9,8.9
2014-07-27,0.0,0.4,0.0
2014-08-01,0.8,0.0,0.0
2014-08-05,1.0,0.0,0.0
2014-08-06,0.0,0.0,0.0
2014-08-08,0.0,17.3,12.5
2014-08-10,59.9,0.0,0.0
2014-08-13,0.1,20.4,31.5
2014-08-14,31.0,0.1,0.0
2014-08-16,0.0,0.0,0.0
2014-08-21,4.8,16.7,9.1
2014-08-23,0.4,4.8,1.0
2014-08-24,2.3,9.3,3.7
2014-08-25,3.4,7.9,2.7
2014-08-26,2.3,0.0,0.0
2014-08-28,1.1,1.8,0.0
2014-08-30,4.6,15.2,8.3
2014-08-31,3.1,8.3,3.0
2014-09-01,2.2,17.6,17.3
2014-09-02,0.9,50.7,106.4
2014-09-03,25.8,15.5,13.4
2014-09-04,10.2,20.3,19.5
2014-09-05,6.2,34.8,45.3
2014-09-06,6.6,1.5,0.0
2014-09-07,0.1,0.6,0.0
2014-09-09,4.5,3.0,0.0
2014-09-10,4.0,11.3,7.5
2014-09-11,0.5,1.1,0.0
2014-09-12,0.1,12.2,8.4
2014-09-13,4.5,0.0,0.0
2014-09-14,0.3,0.0,0.0
2014-09-15,0.0,0.0,0.0
2014-09-16,0.0,16.0,13.5
2014-09-17,51.9,14.8,12.2
2014-09-18,1.1,27.5,42.3
2014-09-19,50.9,33.2,50.3
2014-09-20,32.9,11.4,7.0
2014-09-21,0.1,0.0,0.0
2014-09-23,0.0,6.7,3.1
2014-09-25,0.1,24.7,44.0
2014-09-26,52.7,6.1,2.2
2014-09-27,0.1,4.0,0.0
2014-09-29,0.2,0.0,0.0
2014-10-02,2.1,0.0,0.0
2014-10-03,0.1,0.0,0.0
2014-10-05,0.0,1.3,0.0
2014-10-06,0.5,0.4,0.0
2014-10-07,0.0,0.3,0.0
2014-10-09,0.0,0.1,0.0
2014-10-11,0.0,0.2,0.0
2014-10-13,0.0,6.1,3.8
2014-10-14,1.6,1.9,0.0
2014-10-16,0.0,0.0,0.0
2014-10-17,0.0,0.0,0.0
2014-10-20,0.3,0.1,0.0
2014-10-22,0.8,4.7,2.0
2014-10-23,10.8,12.4,10.9
2014-10-25,35.5,28.6,37.8
2014-10-26,19.0,3.2,1.0
2014-11-01,5.0,4.7,2.4
2014-11-03,0.1,0.0,0.0
2014-11-04,0.2,0.1,0.0
2014-11-05,0.1,1.0,0.0
2014-11-07,33.6,4.3,2.0
2014-11-09,13.9,5.5,3.4
2014-11-10,0.2,3.8,1.4
2014-11-11,7.5,37.1,37.0
2014-11-12,41.8,8.7,4.3
2014-11-14,3.3,21.8,22.7
2014-11-15,40.4,2.0,0.0
2014-11-16,0.1,6.0,2.1
2014-11-17,36.7,4.8,1.0
2014-11-18,0.1,0.1,0.0
2014-11-19,0.0,0.0,0.0
2014-11-22,0.0,0.0,0.0
2014-11-23,0.0,0.1,0.0
2014-11-24,2.3,5.6,2.2
2014-11-25,23.7,0.0,0.0
2014-11-26,6.9,0.0,0.0
2014-11-28,0.4,4.5,1.4
2014-11-30,0.0,47.6,36.5
2014-12-01,34.5,6.4,2.4
2014-12-02,0.2,6.4,2.3
2014-12-03,31.7,9.5,4.6
2014-12-04,0.1,30.3,26.4
2014-12-05,8.7,19.0,12.2
2014-12-06,2.0,1.8,0.0
2014-12-07,0.0,37.7,33.5
2014-12-08,25.4,9.2,4.4
2014-12-10,39.4,1.7,0.0
2014-12-11,31.9,17.8,11.9
2014-12-12,5.4,6.3,2.3
2014-12-13,16.9,21.4,14.9
2014-12-14,38.2,0.1,0.0
2014-12-18,0.8,24.6,17.8
2014-12-19,5.4,8.8,4.5
2014-12-20,0.6,31.4,26.8
2014-12-21,14.6,1.0,0.0
2014-12-22,0.0,21.2,16.7
2014-12-23,21.4,1.1,0.0
2014-12-24,21.5,10.6,6.5
2014-12-25,2.5,16.3,11.6
2014-12-26,0.2,25.8,23.0
2014-12-27,1.8,0.3,0.0
2014-12-28,0.1,0.0,0.0
2014-12-31,0.0,4.3,1.3
2015-01-03,0.0,26.4,33.2
2015-01-04,44.2,5.1,1.0
2015-01-06,6.2,28.3,36.7
2015-01-07,0.5,18.1,13.5
2015-01-08,1.4,8.0,2.6
2015-01-09,0.5,3.1,0.0
2015-01-10,0.2,6.8,1.6
2015-01-11,7.7,16.8,11.6
2015-01-12,19.3,32.7,31.4
2015-01-13,11.9,2.9,1.0
2015-01-15,0.2,7.4,3.9
2015-01-18,0.9,0.0,0.0
2015-01-21,0.0,33.8,34.5
2015-01-22,28.7,1.1,0.0
2015-01-24,0.0,0.1,0.0
2015-01-25,0.1,11.0,7.3
2015-01-26,8.6,28.0,26.9
2015-01-27,44.5,26.9,24.7
2015-01-30,0.0,0.8,0.0
2015-01-31,0.6,11.3,7.5
2015-02-01,4.8,0.2,0.0
2015-02-02,0.0,0.0,0.0
2015-02-05,0.2,0.6,0.0
2015-02-06,1.3,10.7,6.2
2015-02-07,5.2,4.4,1.3
2015-02-08,0.0,12.3,7.6
2015-02-09,5.1,0.8,0.0
2015-02-11,0.2,12.9,9.2
2015-02-12,4.4,3.1,1.0
2015-02-14,0.0,0.3,0.0
2015-02-17,0.7,21.6,24.0
2015-02-18,38.9,12.9,9.9
2015-02-19,9.7,9.7,5.9
2015-02-20,0.1,5.6,2.0
2015-02-21,21.1,28.6,28.7
2015-02-22,8.4,6.4,2.6
2015-02-23,0.4,8.4,4.2
2015-02-26,0.0,0.0,0.0
2015-02-28,37.7,14.6,10.8
2015-03-02,0.8,25.1,31.7
2015-03-03,2.7,20.1,17.3
2015-03-04,0.3,36.7,47.1
2015-03-05,3.2,5.7,2.0
2015-03-06,3.3,5.7,2.0
2015-03-07,0.2,6.4,2.6
2015-03-08,0.4,0.0,0.0
2015-03-09,2.9,3.1,0.0
2015-03-10,33.2,2.6,0.0
2015-03-11,2.1,0.0,0.0
2015-03-12,1.3,0.9,0.0
2015-03-13,3.1,1.8,0.0
2015-03-14,0.8,0.0,0.0
2015-03-16,0.0,0.6,0.0
2015-03-18,16.2,0.4,0.0
2015-03-19,0.0,0.0,0.0
2015-03-20,0.0,0.0,0.0
2015-03-23,0.0,0.0,0.0
2015-03-25,0.0,0.0,0.0
2015-03-27,0.1,16.9,13.0
2015-03-28,0.4,0.0,0.0
2015-03-29,0.6,0.0,0.0
2015-03-31,7.4,1.1,0.0
2015-04-01,0.2,0.1,0.0
2015-04-03,0.0,0.0,0.0
2015-04-06,1.4,6.2,2.0
2015-04-08,0.5,5.5,1.5
2015-04-12,9.2,0.0,0.0
2015-04-13,0.4,1.7,0.0
2015-04-15,0.0,0.0,0.0
2015-04-17,0.3,4.0,1.7
2015-04-18,0.1,4.7,2.3
2015-04-19,8.4,13.6,10.5
2015-04-20,13.7,4.3,2.0
2015-04-24,0.6,34.2,48.0
2015-04-25,24.8,0.0,0.0
2015-04-26,0.0,0.0,0.0
2015-04-27,5.7,15.9,16.1
2015-04-28,9.7,1.9,1.0
2015-04-30,1.8,3.1,1.3
2015-05-01,0.1,8.3,3.3
2015-05-02,32.9,0.5,0.0
2015-05-06,1.3,2.9,0.0
2015-05-08,12.2,7.7,2.9
2015-05-09,0.4,0.0,0.0
2015-05-12,2.4,22.4,17.7
2015-05-13,2.0,0.6,0.0
2015-05-14,0.4,1.3,0.0
2015-05-15,0.0,1.4,0.0
2015-05-17,0.5,0.0,0.0
2015-05-18,0.0,2.0,0.0
2015-05-20,3.4,4.5,0.0
2015-05-21,1.5,25.2,25.3
2015-05-22,11.6,0.0,0.0
2015-05-24,0.0,1.3,0.0
2015-05-25,0.5,3.4,1.0
2015-05-26,6.7,20.6,17.8
2015-05-27,6.2,13.2,11.0
2015-05-28,0.7,0.0,0.0
2015-05-29,0.0,2.7,1.0
2015-05-30,0.7,5.1,2.6
2015-05-31,0.0,0.0,0.0
2015-06-02,0.0,36.7,42.2
2015-06-03,10.5,0.0,0.0
2015-06-04,0.0,0.0,0.0
2015-06-06,0.0,0.0,0.0
2015-06-08,0.0,0.0,0.0
2015-06-10,0.0,3.8,1.0
2015-06-11,1.1,28.9,34.7
2015-06-12,7.7,9.7,5.3
2015-06-13,5.0,3.5,1.0
2015-06-16,1.3,5.0,1.3
2015-06-19,0.6,1.9,0.0
2015-06-22,1.7,1.4,0.0
2015-06-24,14.8,16.3,14.3
2015-06-25,3.4,19.4,17.6
2015-06-26,0.5,22.5,25.3
2015-06-27,35.4,3.3,0.0
2015-06-28,0.0,0.0,0.0
2015-07-04,0.0,0.0,0.0
2015-07-07,0.0,0.0,0.0
2015-07-10,0.0,0.0,0.0
2015-07-13,0.0,0.1,0.0
2015-07-14,2.7,0.0,0.0
2015-07-16,0.0,0.0,0.0
2015-07-18,75.0,8.5,1.6
2015-07-19,1.6,8.9,2.0
2015-07-20,3.1,0.7,0.0
2015-07-22,1.7,6.6,2.6
2015-07-24,37.0,4.7,1.0
2015-07-25,0.2,12.6,8.8
2015-07-26,2.1,26.3,26.6
2015-07-27,3.2,0.1,0.0
2015-07-29,4.7,0.9,0.0
2015-07-31,0.5,0.0,0.0
2015-08-01,2.8,3.3,0.0
2015-08-02,5.0,2.3,0.0
2015-08-03,0.0,1.8,0.0
2015-08-07,0.0,0.1,0.0
2015-08-09,0.0,0.0,0.0
2015-08-14,0.3,0.0,0.0
2015-08-19,8.5,1.6,0.0
2015-08-20,5.1,1.0,0.0
2015-08-24,20.8,0.0,0.0
2015-08-30,2.5,0.2,0.0
2015-09-02,23.6,0.0,0.0
2015-09-06,0.2,8.0,3.6
2015-09-12,35.0,0.0,0.0
2015-09-17,68.7,0.8,0.0
2015-09-18,1.5,0.3,0.0
2015-10-01,5.0,19.2,24.3
2015-10-02,0.1,0.0,0.0
2015-10-07,20.2,0.4,0.0
2015-10-09,0.5,0.8,0.0
2015-10-11,1.5,1.0,0.0
2015-10-14,0.5,0.0,0.0
2015-10-27,18.1,0.0,0.0
2015-10-31,8.1,2.2,0.0
2015-11-01,5.0,7.2,5.5
2015-11-02,1.6,0.0,0.0
2015-11-04,0.2,1.1,0.0
2015-11-05,18.4,0.2,0.0
2015-11-07,8.4,9.0,7.8
2015-11-09,0.5,8.4,7.0
2015-11-11,26.4,6.2,2.2
2015-11-14,6.9,0.5,0.0
2015-11-16,2.2,1.9,0.0
2015-11-17,0.1,2.1,0.0
2015-11-18,0.9,6.2,2.2
2015-11-20,5.5,1.6,0.0
2015-11-26,1.6,3.3,1.0
2015-11-27,12.0,0.8,0.0
2015-11-30,23.9,16.7,10.2
2015-12-01,11.7,9.2,4.4
2015-12-02,1.0,4.1,1.0
2016-01-01,0.2,0.2,0.0
2016-01-03,24.1,2.1,0.0
2016-01-04,3.0,2.3,0.0
2016-01-05,0.0,0.8,0.0
2016-01-06,6.8,5.1,1.0
2016-01-07,0.1,1.8,0.0
2016-01-08,0.6,0.0,0.0
2016-01-23,9.5,35.2,37.1
2016-01-24,32.6,40.4,45.3
2016-01-25,26.7,2.8,0.0
2016-01-26,0.2,0.4,0.0
2016-01-28,7.6,5.3,1.9
2016-01-29,4.9,31.2,30.3
2016-01-30,16.2,7.9,4.3
2016-01-31,1.1,11.6,7.8
2016-02-01,1.4,0.8,0.0
2016-02-04,9.2,11.7,7.1
2016-02-10,1.2,42.7,34.0
2016-02-11,13.2,3.5,1.0
2016-02-12,0.2,4.5,1.1
2016-02-13,0.3,74.8,103.8
2016-02-14,36.5,10.5,6.8
2016-02-15,0.2,4.3,1.0
2016-02-16,0.2,2.2,0.0
2016-02-17,1.2,0.7,0.0
2016-02-19,1.2,5.6,2.0
2016-02-20,0.1,15.9,13.5
2016-02-21,8.0,0.6,0.0
2016-02-23,0.8,11.2,6.6
2016-02-24,1.6,2.1,0.0
2016-02-25,2.4,0.0,0.0
2016-02-27,2.2,1.0,0.0
2016-02-28,5.7,5.8,2.1
2016-02-29,6.9,5.2,1.7
2016-03-02,1.8,0.0,0.0
2016-03-04,0.1,6.1,2.4
2016-03-05,42.5,2.7,0.0
2016-03-08,0.6,8.7,4.9
2016-03-09,5.2,0.4,0.0
2016-03-13,1.7,1.2,0.0
2016-03-16,3.1,9.6,5.4
2016-03-17,0.1,12.4,8.5
2016-03-18,3.3,27.2,36.2
2016-03-19,10.8,33.4,47.0
2016-03-20,20.7,66.2,97.1
2016-03-21,25.9,9.7,6.5
2016-03-22,0.2,24.2,21.0
2016-03-23,9.5,4.5,1.7
2016-03-24,14.3,4.9,2.1
2016-03-28,21.0,24.3,21.2
2016-03-29,7.6,9.8,6.6
2016-03-30,8.7,4.2,1.5
2016-03-31,9.4,15.9,12.5
2016-04-01,7.8,1.1,0.0
2016-04-02,1.0,10.0,4.9
2016-04-12,21.9,8.9,6.1
2016-04-13,0.4,7.4,4.8
2016-04-14,0.3,3.1,1.0
2016-04-17,0.9,55.1,65.5
2016-04-18,13.1,11.8,8.8
2016-04-19,1.2,2.8,1.0
2016-04-20,1.1,0.7,0.0
2016-04-22,0.4,4.5,2.7
2016-04-23,2.2,0.5,0.0
2016-04-24,0.4,0.0,0.0
2016-04-29,0.8,25.8,33.9
2016-04-30,15.9,0.1,0.0
2016-05-04,1.8,4.6,1.0
2016-05-05,0.4,3.1,0.0
2016-05-09,0.4,0.0,0.0
2016-05-12,12.4,0.4,0.0
2016-05-19,2.7,6.2,1.3
2016-05-20,0.1,3.7,0.0
2016-05-21,0.4,11.3,9.9
2016-05-24,0.1,1.2,0.0
2016-05-25,0.7,0.0,0.0
2016-05-30,27.7,1.3,0.0
2016-06-01,15.4,0.5,0.0
2016-06-02,0.1,5.5,2.8
2016-06-03,0.4,0.1,0.0
2016-06-07,23.8,5.0,2.1
2016-06-08,0.6,7.5,5.0
2016-06-13,2.6,4.1,1.0
2016-06-14,5.0,26.4,32.1
2016-06-15,16.4,8.5,4.3
2016-06-16,1.4,3.2,0.0
2016-06-18,3.8,0.0,0.0
2016-08-03,0.1,0.7,0.0
2016-08-05,28.7,16.7,11.1
2016-08-06,5.4,15.2,9.5
2016-08-07,0.4,0.0,0.0
2016-08-08,0.0,39.2,48.9
2016-08-09,13.0,18.5,12.9
2016-08-10,12.6,0.6,0.0
2016-08-11,0.0,0.1,0.0
2016-08-13,3.0,1.5,0.0
2016-08-15,0.0,0.0,0.0
2016-08-17,0.7,4.1,1.0
2016-08-18,5.3,5.9,1.9
2016-08-19,6.4,0.3,0.0
2016-08-27,0.2,0.0,0.0
2016-08-31,0.3,13.5,6.9
2016-09-02,1.5,5.6,1.0
2016-09-03,1.8,8.7,4.4
2016-09-04,1.8,36.5,50.1
2016-09-05,6.9,11.8,8.1
2016-09-06,1.0,2.6,0.0
2016-09-08,0.4,1.1,0.0
2016-09-11,1.0,1.2,0.0
2016-09-12,0.6,49.9,65.2
2016-09-13,34.8,12.9,8.9
2016-09-14,2.8,0.3,0.0
2016-09-16,49.5,67.8,72.7
2016-09-17,65.1,2.4,0.0
2016-09-21,0.6,0.0,0.0
2016-09-23,62.6,13.3,23.0
2016-09-24,41.5,1.2,0.0
2016-09-28,18.6,5.3,1.1
2016-09-29,0.4,1.5,0.0
2016-10-02,3.3,4.9,1.9
2016-10-04,13.3,1.5,0.0
2016-10-07,15.0,3.9,1.0
2016-10-12,2.0,3.3,1.0
2016-10-15,1.6,1.0,0.0
2016-10-18,5.2,1.2,0.0
2016-10-23,3.4,3.2,1.0
2016-10-26,27.4,0.2,0.0
2016-11-16,4.8,2.1,0.0
2016-11-18,3.6,35.3,34.6
2016-11-22,5.7,0.3,0.0
2016-11-26,25.2,0.5,0.0
2016-12-03,0.6,4.8,1.1
2016-12-05,0.2,31.3,27.8
2016-12-06,19.1,17.1,9.8
2016-12-08,3.9,36.3,32.9
2016-12-09,32.7,0.0,0.0
2016-12-11,26.7,1.6,0.0
2016-12-12,0.2,10.9,6.2
2016-12-13,2.2,6.8,2.7
2016-12-14,10.0,6.2,2.2
2016-12-16,5.8,37.8,35.5
2016-12-17,2.5,22.9,15.6
2016-12-20,4.5,5.3,1.5
2016-12-24,5.8,29.6,28.8
2016-12-26,25.7,0.0,0.0
2016-12-31,24.8,15.3,10.7
2017-01-01,0.7,68.1,90.0
2017-01-02,60.7,35.7,51.8
2017-01-03,0.4,2.8,0.0
2017-01-05,5.3,5.3,1.0
2017-01-07,50.2,42.2,64.2
2017-01-08,81.1,0.1,0.0
2017-01-10,14.0,4.9,1.0
2017-01-12,2.4,0.4,0.0
2017-01-14,0.4,0.0,0.0
2017-01-16,1.6,1.0,0.0
2017-01-18,0.3,1.9,0.0
2017-01-21,0.7,0.7,0.0
2017-01-26,10.1,17.8,14.2
2017-01-27,6.8,5.9,2.4
2017-01-28,0.2,0.1,0.0
2017-01-30,0.5,3.7,1.0
2017-01-31,2.2,0.4,0.0
2017-02-02,5.9,5.3,2.0
2017-02-04,9.0,7.3,3.6
2017-02-07,2.7,6.4,2.9
2017-02-08,6.2,12.3,7.6
2017-02-09,3.2,61.9,54.4
2017-02-10,33.5,33.0,26.5
2017-02-11,0.5,46.8,66.9
2017-02-12,47.8,10.4,6.6
2017-02-13,1.7,2.4,0.0
2017-02-22,16.1,0.4,0.0
2017-02-26,50.2,5.8,2.1
2017-02-28,25.4,2.5,1.0
2017-03-01,0.2,36.9,48.3
2017-03-02,30.2,5.0,1.3
2017-03-03,5.2,2.9,0.0
2017-03-04,0.2,0.4,0.0
2017-03-07,0.1,12.3,8.8
2017-03-08,1.2,5.2,1.6
2017-03-12,3.3,7.4,3.1
2017-03-15,1.2,9.0,4.8
2017-03-25,0.6,1.0,0.0
2017-03-28,2.9,2.6,1.0
2017-03-30,9.0,17.4,13.5
2017-03-31,5.3,12.2,8.9
2017-04-02,4.0,21.0,15.3
2017-04-03,8.1,3.8,1.0
2017-04-05,43.6,29.6,21.8
2017-04-06,3.6,19.5,12.4
2017-04-07,3.4,12.5,6.8
2017-04-08,13.5,30.3,20.9
2017-04-09,11.3,7.5,2.9
2017-04-10,0.2,14.6,8.5
2017-04-11,1.0,14.1,10.9
2017-04-12,2.5,1.0,0.0
2017-04-14,3.5,4.4,2.0
2017-04-15,0.4,2.5,1.0
2017-04-16,0.6,13.5,10.3
2017-04-17,6.5,43.9,48.9
2017-04-18,33.9,15.9,12.5
2017-04-19,32.4,5.6,3.1
2017-04-24,0.1,0.2,0.0
2017-04-25,0.0,0.6,0.0
2017-04-26,0.8,0.0,0.0
2017-04-28,0.5,1.7,1.0
2017-04-29,2.5,0.2,0.0
2017-05-02,16.1,5.5,1.1
2017-05-05,0.6,2.9,0.0
2017-05-06,1.8,0.1,0.0
2017-05-08,35.3,0.4,0.0
2017-05-10,9.0,0.1,0.0
2017-05-11,0.0,0.9,0.0
2017-05-12,0.0,0.7,0.0
2017-05-15,9.4,1.3,0.0
2017-05-19,1.4,0.6,0.0
2017-05-21,4.0,5.5,3.1
2017-05-23,5.3,7.7,5.3
2017-05-24,0.4,0.0,0.0
2017-05-28,0.0,66.4,70.3
2017-05-29,39.8,0.5,0.0
2017-06-01,0.5,3.5,1.0
2017-06-02,0.2,0.0,0.0
2017-06-04,1.1,1.2,0.0
2017-06-05,0.8,19.3,23.2
2017-06-08,3.1,9.3,7.0
2017-06-09,0.6,5.1,2.3
2017-06-13,5.0,0.0,0.0
2017-06-15,0.7,2.2,0.0
2017-06-17,1.4,0.3,0.0
2017-06-18,14.5,8.2,4.0
2017-06-19,13.6,0.0,0.0
2017-06-20,0.0,4.8,1.1
2017-06-23,2.3,1.6,0.0
2017-06-24,0.0,0.5,0.0
2017-06-25,0.0,0.8,0.0
2017-06-26,0.0,8.7,3.5
2017-06-27,2.8,14.0,11.2
2017-06-28,79.8,12.7,9.4
2017-06-29,6.8,0.0,0.0
2017-06-30,0.0,40.0,60.5
2017-07-01,24.1,9.8,3.5
2017-07-02,0.2,0.1,0.0
2017-07-03,0.1,1.3,0.0
2017-07-04,0.0,18.3,11.8
2017-07-05,4.3,26.0,28.0
2017-07-06,4.6,3.5,0.0
2017-07-07,0.0,26.7,28.9
2017-07-08,12.9,8.6,2.4
2017-07-13,9.9,15.0,6.8
2017-07-15,12.6,9.9,2.8
2017-07-16,16.5,0.3,0.0
2017-07-17,0.5,12.5,4.9
2017-07-18,2.6,10.7,3.4
2017-07-19,5.9,1.0,0.0
2017-07-21,38.4,5.1,1.1
2017-07-22,0.0,76.5,63.1
2017-07-23,56.0,34.2,37.2
2017-07-24,6.8,37.6,39.9
2017-07-25,2.7,41.0,44.4
2017-07-26,4.6,0.4,0.0
2017-07-28,1.2,2.9,0.0
2017-07-29,0.3,11.8,7.6
2017-07-30,0.7,20.3,17.4
2017-07-31,18.7,2.1,0.0
2017-08-01,24.1,0.0,0.0
2017-08-02,0.0,69.5,84.5
2017-08-03,63.6,22.4,20.1
2017-08-04,2.6,0.0,0.0
2017-08-05,0.0,0.4,0.0
2017-08-06,0.0,0.0,0.0
2017-08-12,7.5,2.9,0.0
2017-08-13,8.4,0.9,0.0
2017-08-17,5.4,0.0,0.0
2017-08-21,0.4,0.8,0.0
2017-08-24,5.6,1.8,0.0
2017-08-25,0.0,0.6,0.0
2017-08-28,0.1,0.1,0.0
2017-08-30,41.0,35.7,30.3
2017-08-31,13.6,8.8,3.3
2017-09-01,2.0,0.2,0.0
2017-09-04,49.6,2.9,0.0
2017-09-05,0.1,0.4,0.0
2017-09-10,1.0,2.4,0.0
2017-09-11,0.0,5.4,0.0
2017-09-15,49.0,0.8,0.0
2017-09-17,34.0,26.8,42.2
2017-09-18,40.3,1.1,0.0
2017-09-21,8.0,1.9,0.0
2017-09-22,0.7,0.0,0.0
2017-09-25,23.2,0.2,0.0
2017-09-27,0.0,1.3,0.0
2017-09-29,13.3,1.4,0.0
2017-10-02,0.7,0.0,0.0
2017-10-06,6.3,18.6,23.2
2017-10-07,2.6,0.0,0.0
2017-10-11,0.2,1.3,0.0
2017-10-13,11.0,23.5,36.6
2017-10-14,11.0,0.0,0.0
2017-10-17,2.1,1.1,0.0
2017-10-18,0.2,1.6,0.0
2017-10-23,4.6,1.8,0.0
2017-10-25,79.3,17.4,20.6
2017-10-26,0.1,19.2,22.9
2017-10-27,11.5,23.8,29.8
2017-10-28,0.1,6.0,3.6
2017-10-29,0.2,8.3,6.5
2017-10-30,1.2,2.3,0.0
2017-11-01,0.6,4.2,1.9
2017-11-02,0.2,3.6,1.1
2017-11-04,0.6,14.3,17.3
2017-11-05,1.2,0.0,0.0
2017-11-07,0.7,14.1,16.6
2017-11-08,0.3,11.9,12.2
2017-11-09,5.9,1.4,0.0
2017-11-14,17.3,40.6,39.6
2017-11-15,55.3,8.3,4.0
2017-11-18,0.1,1.1,0.0
2017-11-22,18.1,29.9,22.6
2017-11-23,0.9,27.1,20.5
2017-11-25,6.3,12.3,6.8
2017-11-26,0.5,3.6,1.0
2017-11-27,3.2,0.4,0.0
2017-11-29,3.9,4.3,1.3
2017-12-02,2.1,8.8,4.1
2017-12-03,3.2,1.2,0.0
2017-12-05,2.1,3.6,1.0
2017-12-07,43.0,5.8,1.9
2017-12-08,0.2,86.6,51.6
2017-12-11,1.6,8.2,3.9
2017-12-12,5.8,18.4,12.6
2017-12-13,0.4,23.5,16.1
2017-12-14,13.7,5.4,1.6
2017-12-18,9.4,3.4,0.0
2017-12-22,11.8,1.7,0.0
2017-12-23,2.9,0.0,0.0
2017-12-25,10.3,2.7,1.0
2017-12-26,11.9,1.5,0.0
2017-12-28,0.2,14.7,10.2
2017-12-29,10.1,5.8,2.6
2017-12-30,0.1,5.0,1.9
2017-12-31,3.7,0.1,0.0
2018-01-02,0.0,0.0,0.0
2018-01-03,25.2,0.0,0.0
2018-01-06,3.3,0.0,0.0
2018-01-11,0.8,0.3,0.0
2018-01-12,3.0,0.0,0.0
2018-01-15,19.9,0.2,0.0
2018-01-18,3.4,38.1,40.1
2018-01-19,24.7,5.8,2.6
2018-01-20,0.3,0.4,0.0
2018-01-22,0.0,2.7,0.0
2018-01-23,1.1,12.0,8.2
2018-01-24,1.3,2.6,0.0
2018-01-25,0.3,34.7,36.8
2018-01-26,48.0,2.5,0.0
2018-01-27,0.0,2.7,0.0
2018-01-28,1.0,0.8,0.0
2018-01-30,0.5,6.3,2.8
2018-02-02,1.5,58.1,50.4
2018-02-03,8.2,109.8,109.4
2018-02-04,22.8,69.1,62.4
2018-02-05,23.4,12.1,7.4
2018-02-06,2.2,1.7,0.0
2018-02-07,0.0,2.8,1.0
2018-02-08,2.9,28.4,20.7
2018-02-09,4.6,2.9,1.0
2018-02-10,0.6,2.4,0.0
2018-02-11,0.3,45.3,63.6
2018-02-12,37.5,27.3,31.0
2018-02-13,11.7,49.1,74.7
2018-02-14,54.0,3.7,1.0
2018-02-17,5.7,8.8,5.1
2018-02-19,4.6,2.8,0.0
2018-02-22,1.5,5.1,1.7
2018-02-23,0.9,15.6,10.6
2018-02-24,31.9,0.1,0.0
2018-03-01,6.0,1.9,0.0
2018-03-02,0.4,9.2,5.5
2018-03-03,0.7,3.1,0.0
2018-03-04,0.5,0.3,0.0
2018-03-08,2.1,4.0,1.0
2018-03-09,14.5,88.7,118.2
2018-03-10,62.5,2.8,0.0
2018-03-12,2.7,12.2,8.3
2018-03-13,7.7,4.3,1.0
2018-03-14,3.1,0.0,0.0
2018-03-15,0.1,20.7,18.0
2018-03-16,3.0,1.3,0.0
2018-03-18,2.2,24.5,30.9
2018-03-19,1.8,22.7,20.1
2018-03-20,20.8,26.2,34.0
2018-03-21,1.3,0.2,0.0
2018-03-22,0.8,0.1,0.0
2018-03-25,0.0,5.4,2.5
2018-03-26,3.3,12.3,9.0
2018-03-27,5.3,0.2,0.0
2018-03-29,13.9,0.8,0.0
2018-03-31,11.0,11.5,8.2
2018-04-01,2.7,32.0,23.8
2018-04-02,17.6,11.2,5.7
2018-04-03,1.2,0.1,0.0
2018-04-06,2.8,3.0,0.0
2018-04-07,6.1,0.0,0.0
2018-04-09,1.0,0.0,0.0
2018-04-10,0.0,0.0,0.0
2018-04-13,5.1,2.0,0.0
2018-04-15,47.9,3.3,1.1
2018-04-16,0.4,0.0,0.0
2018-04-21,6.4,21.3,25.7
2018-04-22,11.1,0.1,0.0
2018-04-23,0.7,59.0,86.9
2018-04-24,51.0,1.0,0.0
2018-04-25,51.0,0.1,0.0
2018-04-26,1.3,1.3,0.0
2018-04-27,2.4,0.4,0.0
2018-04-28,0.2,8.3,6.8
2018-05-01,3.0,12.9,6.9
2018-05-03,0.9,9.8,4.5
2018-05-04,2.2,11.4,5.8
2018-05-06,30.2,0.5,0.0
2018-05-07,0.1,1.0,0.0
2018-05-12,0.3,0.0,0.0
2018-05-14,0.0,0.0,0.0
2018-05-18,0.2,15.0,8.9
2018-05-19,0.4,1.2,0.0
2018-05-21,2.8,1.6,0.0
2018-05-23,1.6,1.0,0.0
2018-05-27,3.2,0.6,0.0
2018-05-28,0.4,2.1,0.0
2018-05-30,58.5,17.8,16.4
2018-05-31,5.6,2.4,1.0
2018-06-04,21.3,16.9,18.6
2018-06-05,0.0,0.4,0.0
2018-06-07,3.7,15.1,14.8
2018-06-08,0.7,0.0,0.0
2018-06-12,1.1,24.9,29.6
2018-06-13,24.1,1.8,0.0
2018-06-17,5.3,0.0,0.0
2018-06-18,0.2,0.1,0.0
2018-06-19,0.1,0.0,0.0
2018-06-22,1.1,9.0,3.8
2018-06-23,0.3,8.4,3.2
2018-06-24,10.5,2.0,0.0
2018-06-26,0.9,3.5,0.0
2018-06-27,3.2,6.9,1.6
2018-06-29,0.5,1.0,0.0
2018-07-04,2.8,8.6,2.4
2018-07-07,0.3,29.6,33.2
2018-07-08,19.6,15.4,9.9
2018-07-10,0.3,0.1,0.0
2018-07-13,23.2,61.8,46.6
2018-07-14,14.6,50.7,42.2
2018-07-15,12.7,2.8,0.0
2018-07-16,0.0,10.2,3.0
2018-07-17,0.8,25.8,22.3
2018-07-18,4.9,1.3,0.0
2018-07-19,0.0,2.8,0.0
2018-07-20,0.3,0.0,0.0
2018-07-23,0.2,3.3,0.0
2018-07-24,0.3,0.9,0.0
2018-07-27,0.0,3.2,0.0
2018-07-28,2.3,0.0,0.0
2018-08-04,32.8,23.5,23.6
2018-08-05,10.8,21.7,19.9
2018-08-12,20.6,2.6,0.0
2018-08-13,0.1,0.0,0.0
2018-08-16,10.1,0.0,0.0
2018-08-19,34.3,0.3,0.0
2018-08-21,11.6,3.8,0.0
2018-08-23,4.1,5.1,1.0
2018-08-25,0.0,12.5,6.2
2018-08-26,1.6,8.8,3.3
2018-08-28,0.8,0.8,0.0
2018-08-30,6.6,10.5,4.3
2018-08-31,1.1,2.2,0.0
2018-09-01,3.0,4.6,0.0
2018-09-02,2.0,18.3,18.8
2018-09-03,18.8,10.2,6.2
2018-09-04,9.4,2.8,0.0
2018-09-06,2.4,15.9,13.7
2018-09-07,14.8,0.0,0.0
2018-09-09,66.9,9.1,4.9
2018-09-10,0.0,2.4,0.0
2018-09-13,0.0,13.7,11.2
2018-09-14,4.8,1.9,0.0
2018-09-16,0.0,0.0,0.0
2018-09-21,14.8,0.0,0.0
2018-09-24,37.1,0.3,0.0
2018-10-05,35.0,0.1,0.0
2018-10-07,0.0,0.7,0.0
2018-10-08,7.6,0.0,0.0
2018-10-11,0.7,0.9,0.0
2018-10-16,34.2,6.8,5.1
2018-10-17,0.4,21.0,29.9
2018-10-18,1.4,8.2,6.7
2018-10-22,1.5,17.3,20.3
2018-10-23,3.5,14.0,12.9
2018-10-24,0.3,5.8,3.4
2018-10-25,0.0,7.5,5.5
2018-10-26,3.5,2.2,0.0
2018-10-28,0.0,0.1,0.0
2018-10-31,0.0,0.0,0.0
2018-11-03,3.5,1.2,0.0
2018-11-06,0.0,45.5,70.3
2018-11-07,19.1,12.2,12.1
2018-11-08,47.6,6.2,4.3
2018-11-10,0.3,5.5,3.4
2018-11-17,0.1,68.0,62.2
2018-11-18,26.6,14.6,10.3
2018-11-19,3.8,59.5,54.8
2018-11-20,20.3,14.8,10.0
2018-11-21,3.2,3.2,1.0
2018-11-22,0.1,17.8,11.0
2018-11-23,8.0,25.5,19.5
2018-11-24,3.1,33.6,25.7
2018-11-25,50.6,13.8,7.5
2018-11-26,1.0,17.7,10.5
2018-11-27,0.5,5.9,2.4
2018-11-28,1.4,6.5,2.9
2018-11-29,8.2,4.5,1.4
2018-11-30,0.1,4.3,1.3
2018-12-03,12.3,0.3,0.0
2018-12-10,6.4,1.8,0.0
2018-12-12,1.5,0.5,0.0
2018-12-14,12.4,5.2,1.4
2018-12-16,10.8,16.4,11.6
2018-12-17,0.3,11.0,6.4
2018-12-18,43.7,0.3,0.0
2018-12-21,19.3,23.0,18.5
2018-12-22,2.9,17.3,12.1
2018-12-23,12.3,16.9,12.1
2018-12-24,0.2,21.9,18.3
2018-12-25,19.7,3.5,1.0
2018-12-27,55.3,33.7,32.0
2018-12-28,7.8,30.0,28.6
2018-12-29,19.1,24.6,20.8
2018-12-30,1.3,10.0,6.0
2018-12-31,19.5,0.2,0.0
2019-01-01,0.2,2.9,0.0
2019-01-02,1.8,0.1,0.0
2019-01-04,36.3,5.8,1.0
2019-01-05,31.1,44.3,65.8
2019-01-06,68.6,7.7,2.3
2019-01-09,2.9,16.0,11.0
2019-01-10,0.4,0.0,0.0
2019-01-11,5.8,0.7,0.0
2019-01-12,18.4,5.2,2.1
2019-01-13,5.3,1.5,0.0
2019-01-16,20.5,11.5,7.3
2019-01-17,3.6,16.1,11.0
2019-01-18,8.4,4.3,1.5
2019-01-19,13.7,9.8,5.8
2019-01-21,2.7,0.7,0.0
2019-01-25,1.2,11.9,8.2
2019-01-26,2.5,17.2,13.3
2019-01-27,1.4,11.0,7.2
2019-01-28,0.3,20.0,16.6
2019-01-29,19.4,26.5,25.0
2019-01-31,0.1,0.3,0.0
2019-02-01,0.0,0.7,0.0
2019-02-03,33.6,4.5,1.4
2019-02-04,1.3,0.2,0.0
2019-02-06,1.5,5.3,2.0
2019-02-07,20.7,26.4,19.5
2019-02-08,65.7,14.5,9.3
2019-02-10,5.8,16.9,11.3
2019-02-11,22.6,3.1,1.0
2019-02-12,2.4,1.0,0.0
2019-02-13,3.9,1.2,0.0
2019-02-18,12.6,10.3,6.5
2019-02-19,13.4,0.3,0.0
2019-02-22,18.1,29.8,31.7
2019-02-23,25.4,1.0,0.0
2019-02-26,0.6,0.3,0.0
2019-02-27,14.6,0.2,0.0
2019-02-28,0.0,0.6,0.0
2019-03-01,0.0,6.4,2.7
2019-03-02,12.4,0.0,0.0
2019-03-06,0.0,0.3,0.0
2019-03-07,1.5,4.7,1.1
2019-03-09,5.2,27.3,34.3
2019-03-11,62.5,6.7,2.5
2019-03-12,0.1,14.0,10.4
2019-03-13,31.1,17.4,14.3
2019-03-14,2.1,5.4,1.3
2019-03-17,114.0,95.4,120.7
2019-03-18,90.2,105.4,120.5
2019-03-19,90.1,30.8,43.5
2019-03-20,55.6,41.0,60.5
2019-03-21,21.1,5.5,2.6
2019-03-23,8.3,0.2,0.0
2019-03-27,3.1,0.1,0.0
2019-03-30,1.1,13.4,10.0
2019-03-31,2.0,4.9,2.1
2019-04-03,6.0,7.8,3.1
2019-04-04,0.0,29.4,21.2
2019-04-05,55.0,3.0,0.0
2019-04-06,4.9,10.5,5.3
2019-04-07,58.8,10.7,5.4
2019-04-08,3.4,0.6,0.0
2019-04-09,0.2,4.7,1.0
2019-04-10,2.9,2.0,0.0
2019-04-12,0.0,4.4,2.1
2019-04-13,6.0,9.8,6.9
2019-04-14,4.4,0.7,0.0
2019-04-15,0.0,0.2,0.0
2019-04-16,0.0,1.5,0.0
2019-04-17,6.9,1.2,0.0
2019-04-18,0.0,12.5,9.5
2019-04-19,8.3,0.6,0.0
2019-04-20,0.0,0.3,0.0
2019-04-22,3.2,0.0,0.0
2019-04-23,9.5,0.0,0.0
2019-04-25,0.1,0.0,0.0
2019-04-27,0.0,0.2,0.0
2019-04-29,0.8,17.9,19.9
2019-04-30,7.4,11.0,10.0
2019-05-01,10.4,23.4,18.8
2019-05-02,15.7,39.4,32.4
2019-05-03,15.3,34.7,29.6
2019-05-04,11.4,24.2,19.0
2019-05-05,3.5,1.7,0.0
2019-05-07,0.6,0.3,0.0
2019-05-10,0.0,5.0,1.0
2019-05-11,0.9,1.9,0.0
2019-05-12,0.0,5.6,1.0
2019-05-13,0.3,0.5,0.0
2019-05-14,0.4,0.0,0.0
2019-05-15,0.0,3.3,0.0
2019-05-17,0.0,0.7,0.0
2019-05-19,11.5,1.0,0.0
2019-05-20,0.0,0.0,0.0
2019-05-22,0.0,14.3,13.7
2019-05-23,5.1,0.0,0.0
2019-05-24,12.2,0.2,0.0
2019-05-25,4.5,0.0,0.0
2019-05-26,0.8,0.0,0.0
2019-05-27,43.2,0.0,0.0
2019-05-29,5.8,0.8,0.0
2019-05-30,0.0,0.0,0.0
2019-05-31,0.0,5.5,3.0
2019-06-01,0.0,1.7,0.0
2019-06-03,0.0,17.2,19.0
2019-06-04,0.9,9.5,7.7
2019-06-07,0.2,1.6,0.0
2019-06-09,0.0,21.8,26.9
2019-06-10,12.1,4.6,1.7
2019-06-11,1.1,32.7,38.8
2019-06-12,6.3,5.4,1.7
2019-06-14,0.3,0.1,0.0
2019-06-15,0.0,3.8,1.0
2019-06-16,2.4,24.9,30.7
2019-06-17,23.0,7.3,3.3
2019-06-19,72.4,13.4,8.5
2019-06-20,12.3,24.7,28.2
2019-06-21,2.8,2.6,0.0
2019-06-22,0.0,1.7,0.0
2019-06-23,0.0,0.8,0.0
2019-06-24,1.2,0.0,0.0
2019-06-25,0.0,2.5,0.0
2019-06-26,0.8,8.6,3.4
2019-06-27,1.0,11.7,7.0
2019-06-28,0.1,29.1,40.1
2019-06-29,2.5,4.2,0.0
2019-06-30,0.0,0.0,0.0
2019-07-01,0.0,4.3,0.0
2019-07-02,0.2,10.0,3.6
2019-07-04,13.0,0.0,0.0
2019-07-06,46.7,13.8,7.3
2019-07-07,4.8,2.3,0.0
2019-07-08,2.9,0.6,0.0
2019-07-10,0.0,0.3,0.0
2019-07-11,0.0,2.4,0.0
2019-07-13,10.0,1.2,0.0
2019-07-14,0.1,0.1,0.0
2019-07-15,0.0,26.7,23.9
2019-07-16,18.1,1.2,0.0
2019-07-18,0.0,0.0,0.0
2019-07-19,0.0,0.0,0.0
2019-07-22,0.9,2.0,0.0
2019-07-24,1.2,2.8,0.0
2019-07-25,0.0,9.6,5.5
2019-07-26,2.5,2.5,0.0
2019-07-28,0.0,21.3,18.5
2019-07-30,8.1,0.0,0.0
2019-08-03,12.0,2.6,0.0
2019-08-07,1.5,0.4,0.0
2019-08-08,0.0,3.3,0.0
2019-08-09,0.0,0.3,0.0
2019-08-12,2.7,13.0,11.7
2019-08-13,5.4,0.1,0.0
2019-08-14,0.0,20.3,29.3
2019-08-15,4.6,4.8,1.0
2019-08-16,1.2,2.6,0.0
2019-08-19,0.0,3.3,0.0
2019-08-20,0.2,0.2,0.0
2019-08-21,0.0,0.3,0.0
2019-08-23,0.0,0.0,0.0
2019-08-24,5.8,0.7,0.0
2019-08-27,0.4,6.8,1.9
2019-08-28,0.5,6.5,1.7
2019-08-29,0.7,7.6,2.5
2019-08-30,0.8,0.1,0.0
2019-08-31,0.2,5.5,1.0
2019-09-01,19.2,2.7,0.0
2019-09-02,0.1,0.0,0.0
2019-09-03,0.3,4.6,0.0
2019-09-05,8.3,7.4,2.9
2019-09-07,14.6,5.9,1.2
2019-09-10,0.0,0.2,0.0
2019-09-16,0.0,0.0,0.0
2019-09-17,0.0,0.0,0.0
2019-09-18,0.0,0.4,0.0
2019-09-19,0.0,33.8,50.0
2019-09-20,24.6,0.2,0.0
2019-09-21,0.5,13.0,21.5
2019-09-22,19.9,0.0,0.0
2019-09-25,0.0,0.9,0.0
2019-09-27,1.3,0.2,0.0
2019-09-28,0.4,7.2,3.8
2019-09-29,0.1,0.1,0.0
2019-10-02,0.2,0.0,0.0
2019-10-04,21.4,0.7,0.0
2019-10-05,0.0,0.8,0.0
2019-10-06,2.0,0.3,0.0
2019-10-09,0.7,9.9,7.2
2019-10-10,1.0,1.2,0.0
2019-10-12,65.0,14.8,15.0
2019-10-13,11.2,2.0,0.0
2019-10-15,0.0,0.1,0.0
2019-10-18,33.1,1.0,0.0
2019-10-20,0.0,0.4,0.0
2019-10-21,0.0,1.5,0.0
2019-10-22,11.1,21.5,27.1
2019-10-23,17.4,1.6,0.0
2019-10-25,24.3,13.5,12.9
2019-10-26,0.0,0.1,0.0
2019-10-27,0.0,0.0,0.0
2019-10-29,8.3,5.6,3.2
2019-10-30,28.5,0.6,0.0
2019-10-31,0.0,10.6,9.7
2019-11-03,16.4,36.8,60.5
2019-11-04,17.9,15.1,18.1
2019-11-05,0.0,8.4,6.9
2019-11-06,11.1,1.0,0.0
2019-11-07,0.1,22.1,32.3
2019-11-08,45.3,5.0,2.9
2019-11-09,0.7,11.9,11.7
2019-11-10,8.9,18.1,24.5
2019-11-11,6.3,5.7,1.8
2019-11-12,0.7,4.1,1.0
2019-11-14,0.6,0.2,0.0
2019-11-15,2.1,0.2,0.0
2019-11-17,3.1,3.8,1.0
2019-11-19,1.2,4.8,1.0
2019-11-21,0.1,20.7,13.0
2019-11-22,0.3,9.1,4.8
2019-11-23,0.8,2.7,0.0
2019-11-24,6.5,34.2,25.6
2019-11-25,22.4,0.5,0.0
2019-11-27,0.0,3.0,1.0
2019-11-28,0.2,0.3,0.0
2019-11-29,0.0,2.3,0.0
2019-11-30,0.0,22.8,18.1
2019-12-01,9.5,1.4,0.0
2019-12-03,16.8,0.0,0.0
2019-12-05,0.0,1.6,0.0
2019-12-07,0.0,0.0,0.0
2019-12-08,8.4,0.1,0.0
2019-12-09,0.0,0.6,0.0
2019-12-10,0.0,6.7,2.6
2019-12-13,5.9,0.3,0.0
2019-12-15,0.0,0.9,0.0
2019-12-17,16.7,8.2,4.0
2019-12-19,0.7,5.4,1.6
2019-12-20,0.0,2.1,0.0
2019-12-21,0.8,8.0,4.3
2019-12-22,5.3,21.0,15.3
2019-12-23,3.2,2.4,0.0
2019-12-24,0.4,0.0,0.0
2019-12-25,13.7,0.6,0.0
2019-12-26,0.0,16.2,11.5
2019-12-27,0.2,94.8,86.7
2019-12-28,26.2,18.4,13.1
2019-12-29,13.6,0.0,0.0
2019-12-30,0.0,0.0,0.0
2019-12-31,1.3,2.1,0.0
2020-01-01,0.0,0.1,0.0
2020-01-02,0.0,2.3,0.0
2020-01-04,17.2,1.2,0.0
2020-01-05,0.3,18.0,13.3
2020-01-06,31.0,1.5,0.0
2020-01-08,28.0,9.3,3.8
2020-01-09,9.0,16.4,11.5
2020-01-10,3.9,36.9,54.6
2020-01-11,11.2,11.0,6.9
2020-01-12,0.2,5.8,2.6
2020-01-13,1.8,15.4,10.3
2020-01-15,0.0,6.0,2.7
2020-01-16,0.2,0.0,0.0
2020-01-17,0.0,0.0,0.0
2020-01-20,0.1,0.0,0.0
2020-01-21,0.0,4.5,1.2
2020-01-22,0.7,0.0,0.0
2020-01-23,0.0,7.2,3.7
2020-01-25,0.0,0.0,0.0
2020-01-26,0.0,0.0,0.0
2020-01-27,0.0,1.0,0.0
2020-01-29,0.5,0.0,0.0
2020-01-30,0.0,0.0,0.0
2020-01-31,0.0,29.6,29.0
2020-02-01,0.0,19.0,13.0
2020-02-02,3.1,0.0,0.0
2020-02-03,2.5,0.1,0.0
2020-02-04,1.4,1.4,0.0
2020-02-05,8.5,2.8,1.0
2020-02-06,0.0,0.1,0.0
2020-02-07,0.0,0.5,0.0
2020-02-09,0.1,0.6,0.0
2020-02-10,0.2,0.1,0.0
2020-02-11,0.0,5.9,2.3
2020-02-12,11.0,13.4,10.9
2020-02-13,82.7,0.0,0.0
2020-02-14,0.0,0.5,0.0
2020-02-15,0.0,0.1,0.0
2020-02-16,0.0,0.2,0.0
2020-02-17,0.3,10.5,6.7
2020-02-18,2.7,2.3,0.0
2020-02-19,0.1,1.0,0.0
2020-02-20,0.1,0.0,0.0
2020-02-21,1.1,0.5,0.0
2020-02-22,0.9,0.2,0.0
2020-02-23,0.0,0.6,0.0
2020-02-24,1.7,0.9,0.0
2020-02-25,0.3,0.5,0.0
2020-02-26,0.0,1.0,0.0
2020-02-27,0.0,0.4,0.0
2020-02-29,1.3,8.4,4.2
2020-03-01,0.0,5.0,1.3
2020-03-02,0.6,0.4,0.0
2020-03-03,0.0,8.4,4.7
2020-03-04,10.1,6.5,2.8
2020-03-05,0.0,0.2,0.0
2020-03-08,8.5,3.3,0.0
2020-03-09,0.1,0.4,0.0
2020-03-10,2.5,5.2,1.5
2020-03-11,37.5,0.5,0.0
2020-03-12,0.4,0.1,0.0
2020-03-13,0.0,8.4,4.2
2020-03-14,1.4,19.1,15.8
2020-03-15,1.9,5.0,1.0
2020-03-16,29.2,2.6,0.0
2020-03-18,0.0,13.8,10.2
2020-03-19,8.9,0.1,0.0
2020-03-21,5.2,23.5,20.3
2020-03-22,3.9,3.9,1.2
2020-03-23,0.0,26.7,24.8
2020-03-24,16.1,11.2,7.9
2020-03-25,0.2,51.4,72.3
2020-03-26,22.2,4.1,1.4
2020-03-27,0.1,22.0,18.6
2020-03-28,3.3,12.2,8.9
2020-03-29,9.8,4.4,1.6
2020-03-30,10.7,1.4,0.0
2020-03-31,0.1,0.3,0.0
2020-04-03,28.0,20.8,14.1
2020-04-04,15.3,0.5,0.0
2020-04-05,0.9,0.8,0.0
2020-04-07,20.7,1.3,0.0
2020-04-08,0.0,0.9,0.0
2020-04-09,0.2,4.5,1.0
2020-04-12,0.0,61.6,77.5
2020-04-14,3.1,0.8,0.0
2020-04-16,0.0,0.0,0.0
2020-04-17,0.0,0.2,0.0
2020-04-18,0.0,0.2,0.0
2020-04-19,0.0,0.4,0.0
2020-04-20,4.2,5.7,3.2
2020-04-21,14.2,5.6,3.9
2020-04-22,32.4,5.0,3.2
2020-04-24,11.3,5.3,3.5
2020-04-27,0.6,3.5,1.7
2020-04-28,2.2,3.1,1.3
2020-04-29,0.0,0.7,0.0
2020-04-30,1.2,0.0,0.0
2020-05-02,10.6,10.6,5.1
2020-05-03,4.1,14.6,8.2
2020-05-04,14.7,12.6,6.7
2020-05-05,2.3,3.2,0.0
2020-05-07,0.8,40.9,33.5
2020-05-08,31.5,3.4,0.0
2020-05-12,3.1,8.1,2.8
2020-05-13,1.1,0.5,0.0
2020-05-18,0.0,0.0,0.0
2020-05-19,0.0,1.2,0.0
2020-05-20,0.0,0.0,0.0
2020-05-21,0.0,0.0,0.0
2020-05-24,5.2,0.0,0.0
2020-05-25,0.0,0.0,0.0
2020-05-27,3.2,4.7,2.3
2020-05-28,2.1,17.9,16.2
2020-05-29,22.5,0.1,0.0
2020-05-31,0.0,8.9,6.9
2020-06-01,3.4,4.4,1.5
2020-06-03,0.2,0.9,0.0
2020-06-07,0.0,0.1,0.0
2020-06-08,1.9,9.5,8.1
2020-06-09,5.3,3.5,1.0
2020-06-10,0.6,9.5,7.9
2020-06-11,18.6,0.0,0.0
2020-06-12,0.0,1.9,0.0
2020-06-13,0.0,0.4,0.0
2020-06-16,5.9,14.1,9.4
2020-06-17,4.3,0.3,0.0
2020-06-18,3.0,0.0,0.0
2020-06-19,0.0,0.0,0.0
2020-06-20,0.0,0.0,0.0
2020-06-21,0.0,7.4,2.1
2020-06-24,0.9,1.0,0.0
2020-06-25,0.0,1.0,0.0
2020-06-27,0.0,0.0,0.0
2020-06-28,0.0,4.9,0.0
2020-06-29,8.5,10.1,5.1
2020-06-30,1.8,0.0,0.0
2020-07-01,0.0,0.3,0.0
2020-07-02,0.2,0.2,0.0
2020-07-05,18.6,7.3,1.2
2020-07-06,0.4,21.6,20.5
2020-07-07,1.1,1.3,0.0
2020-07-08,1.5,2.5,0.0
2020-07-09,5.3,0.9,0.0
2020-07-10,0.0,0.0,0.0
2020-07-11,0.0,5.2,0.0
2020-07-12,0.5,14.6,7.5
2020-07-14,0.0,3.7,0.0
2020-07-15,0.4,0.0,0.0
2020-07-16,0.0,3.1,0.0
2020-07-18,0.0,28.4,27.5
2020-07-19,11.9,3.0,0.0
2020-07-22,0.0,0.0,0.0
2020-07-25,0.0,17.3,12.4
2020-07-26,11.1,25.0,24.4
2020-07-27,10.0,1.1,0.0
2020-07-29,0.0,0.0,0.0
2020-07-31,1.8,0.0,0.0
2020-08-01,0.0,25.8,26.8
2020-08-02,11.1,2.8,0.0
2020-08-03,0.5,0.2,0.0
2020-08-04,0.2,11.1,5.4
2020-08-05,6.7,30.4,34.7
2020-08-06,13.7,25.2,25.9
2020-08-07,1.3,0.4,0.0
2020-08-08,0.0,0.1,0.0
2020-08-09,0.2,6.7,1.4
2020-08-10,0.1,0.0,0.0
2020-08-11,0.6,0.0,0.0
2020-08-12,1.4,0.0,0.0
2020-08-14,30.3,15.2,17.0
2020-08-15,2.6,0.4,0.0
2020-08-16,0.6,0.2,0.0
2020-08-18,0.0,0.5,0.0
2020-08-19,0.0,1.5,0.0
2020-08-22,0.0,0.0,0.0
2020-08-23,0.3,51.6,40.7
2020-08-24,16.1,11.9,5.8
2020-08-26,1.0,1.9,0.0
2020-08-27,0.0,0.0,0.0
2020-08-29,16.5,29.3,24.9
2020-08-30,6.3,1.4,0.0
2020-08-31,0.0,0.3,0.0
2020-09-01,0.0,35.2,45.1
2020-09-02,3.3,19.3,17.7
2020-09-03,6.0,0.0,0.0
2020-09-05,0.0,15.1,11.5
2020-09-06,25.0,0.1,0.0
2020-09-08,3.4,0.0,0.0
2020-09-09,0.0,0.0,0.0
2020-09-11,14.7,1.5,0.0
2020-09-12,0.0,2.0,0.0
2020-09-13,0.0,0.3,0.0
2020-09-14,3.7,24.2,37.4
2020-09-28,1.0,0.9,0.0
2020-09-30,0.3,62.7,52.3
2020-10-01,34.6,14.4,11.5
2020-10-03,0.0,0.5,0.0
2020-10-05,0.0,0.1,0.0
2020-10-08,0.0,0.3,0.0
2020-10-09,0.0,0.5,0.0
2020-10-10,0.0,38.5,51.5
2020-10-11,37.8,8.7,7.3
2020-10-12,0.1,0.0,0.0
2020-10-13,0.0,0.0,0.0
2020-10-14,0.1,1.0,0.0
2020-10-16,16.6,6.1,3.8
2020-10-17,1.3,11.9,11.7
2020-10-19,3.8,0.3,0.0
2020-10-21,0.0,0.5,0.0
2020-10-22,8.3,0.8,0.0
2020-10-23,0.0,2.5,0.0
2020-10-25,0.0,17.6,21.4
2020-10-26,23.6,2.4,0.0
2020-10-27,3.0,2.2,0.0
2020-10-29,0.0,15.5,18.3
2020-10-30,2.1,1.3,0.0
2020-10-31,0.5,5.2,2.6
2020-11-01,0.0,11.7,10.8
2020-11-02,0.5,9.2,8.0
2020-11-03,21.6,0.0,0.0
2020-11-04,0.0,1.3,0.0
2020-11-06,5.3,14.4,17.1
2020-11-07,0.1,48.2,71.7
2020-11-08,46.6,0.4,0.0
2020-11-10,0.0,1.0,0.0
2020-11-11,0.0,7.8,3.6
2020-11-12,85.3,3.4,0.0
2020-11-13,0.2,0.0,0.0
2020-11-14,0.0,2.6,0.0
2020-11-16,0.0,1.7,0.0
2020-11-17,0.4,0.2,0.0
2020-11-18,0.0,0.0,0.0
2020-11-19,0.0,0.0,0.0
2020-11-20,1.3,25.8,26.3
2020-11-21,23.4,30.8,24.4
2020-11-22,9.0,0.3,0.0
2020-11-24,6.3,12.2,7.0
2020-11-25,9.9,1.3,0.0
2020-11-26,0.0,0.6,0.0
2020-11-27,0.0,2.7,0.0
2020-11-28,3.8,24.1,18.8
2020-11-29,25.3,26.2,19.6
2020-11-30,19.1,11.7,6.7
2020-12-01,3.6,4.4,1.0
2020-12-02,2.9,15.4,9.3
2020-12-03,0.7,0.3,0.0
2020-12-05,0.3,1.5,0.0
2020-12-06,6.4,3.6,1.0
2020-12-07,16.4,0.4,0.0
2020-12-08,4.9,0.0,0.0
2020-12-09,1.9,0.0,0.0
2020-12-10,0.0,0.4,0.0
2020-12-11,0.3,0.0,0.0
2020-12-12,0.2,0.0,0.0
2020-12-13,0.0,0.8,0.0
2020-12-16,0.0,17.9,12.4
2020-12-17,4.2,0.1,0.0
2020-12-18,0.0,3.0,0.0
2020-12-19,3.6,5.1,1.3
2020-12-20,2.8,1.1,0.0
2020-12-21,13.0,8.1,4.4
2020-12-22,0.1,8.8,5.1
2020-12-23,0.7,36.8,36.6
2020-12-24,3.1,19.4,14.6
2020-12-25,2.1,3.3,1.0
2020-12-26,1.8,0.0,0.0
2020-12-27,0.0,0.0,0.0
2020-12-28,0.0,0.0,0.0
2020-12-30,0.0,0.2,0.0
2020-12-31,0.0,1.1,0.0
2021-01-01,2.6,4.4,0.0
2021-01-02,1.5,2.8,0.0
2021-01-03,1.9,3.4,0.0
2021-01-04,0.2,1.4,0.0
2021-01-05,7.5,7.8,2.4
2021-01-06,19.8,0.2,0.0
2021-01-07,0.0,0.3,0.0
2021-01-08,0.0,33.1,47.3
2021-01-09,32.8,1.1,0.0
2021-01-10,0.1,0.3,0.0
2021-01-11,0.0,0.4,0.0
2021-01-13,0.0,0.0,0.0
2021-01-15,0.7,0.1,0.0
2021-01-16,0.7,0.0,0.0
2021-01-18,1.2,1.9,0.0
2021-01-20,0.6,8.4,4.7
2021-01-21,4.2,2.7,0.0
2021-01-22,0.0,0.0,0.0
2021-01-24,0.0,0.0,0.0
2021-01-25,0.0,16.5,12.7
2021-01-26,23.8,5.7,2.2
2021-01-27,1.0,22.3,18.9
2021-01-28,4.3,1.1,0.0
2021-01-29,0.0,10.9,7.1
2021-01-31,0.0,65.8,105.0
2021-02-01,16.1,36.7,28.6
2021-02-02,28.3,67.1,60.4
2021-02-03,52.0,49.1,40.7
2021-02-04,58.5,0.0,0.0
2021-02-05,0.0,22.6,15.5
2021-02-06,12.3,25.7,18.1
2021-02-07,18.3,15.7,10.3
2021-02-08,9.9,47.2,39.4
2021-02-09,13.5,5.1,1.8
2021-02-11,0.3,12.1,8.4
2021-02-12,3.1,43.2,59.1
2021-02-13,25.7,49.7,74.8
2021-02-14,29.0,36.0,45.0
2021-02-16,0.0,7.5,3.8
2021-02-18,0.0,66.6,102.2
2021-02-19,25.9,9.0,5.3
2021-02-20,0.0,2.5,0.0
2021-02-21,3.0,33.2,38.0
2021-02-22,72.2,27.4,26.4
2021-02-23,13.2,10.3,5.9
2021-02-24,1.3,12.6,7.9
2021-02-25,13.0,52.8,62.1
2021-02-26,39.9,38.1,41.6
2021-02-27,9.0,0.7,0.0
2021-03-01,0.0,6.2,2.4
2021-03-02,4.5,41.2,52.8
2021-03-03,7.8,17.1,14.1
2021-03-04,8.2,7.2,3.5
2021-03-05,6.8,5.0,1.4
2021-03-06,2.9,3.5,1.0
2021-03-07,22.2,0.5,0.0
2021-03-09,59.3,18.8,16.4
2021-03-10,29.3,2.5,0.0
2021-03-11,0.7,0.0,0.0
2021-03-13,0.0,0.1,0.0
2021-03-14,0.0,1.0,0.0
2021-03-16,0.0,15.6,12.2
2021-03-17,14.3,9.7,5.6
2021-03-18,7.5,0.0,0.0
2021-03-19,0.0,0.1,0.0
2021-03-20,0.0,0.2,0.0
2021-03-21,0.2,0.8,0.0
2021-03-23,1.7,1.3,0.0
2021-03-24,9.7,2.0,0.0
2021-03-26,6.4,16.4,13.2
2021-03-27,9.4,4.2,1.4
2021-03-28,8.5,8.9,5.8
2021-03-29,1.0,7.0,4.0
2021-03-30,3.4,1.0,0.0
2021-03-31,5.6,14.5,11.1
2021-04-01,4.1,8.9,4.0
2021-04-02,2.4,39.2,32.2
2021-04-03,41.8,33.7,24.5
2021-04-04,56.4,12.7,7.0
2021-04-05,16.6,5.8,1.8
2021-04-06,0.0,5.2,1.3
2021-04-07,2.0,11.5,6.0
2021-04-08,7.2,7.8,3.2
2021-04-09,0.1,11.5,6.0
2021-04-10,5.8,13.2,7.3
2021-04-11,2.7,27.1,24.9
2021-04-12,13.0,14.1,10.9
2021-04-13,24.5,15.2,11.6
2021-04-14,16.8,0.5,0.0
2021-04-16,0.1,10.4,7.4
2021-04-17,4.4,17.3,13.5
2021-04-18,5.1,0.9,0.0
2021-04-20,12.5,15.2,11.8
2021-04-21,3.7,0.6,0.0
2021-04-22,0.0,0.2,0.0
2021-04-24,0.0,3.0,1.2
2021-04-25,0.0,14.2,13.3
2021-04-26,12.0,0.1,0.0
2021-04-28,0.0,0.0,0.0
2021-04-29,0.0,0.2,0.0
2021-04-30,0.0,0.0,0.0
2021-05-02,0.1,54.4,42.6
2021-05-03,3.9,0.0,0.0
2021-05-04,0.8,0.0,0.0
2021-05-06,0.0,0.2,0.0
2021-05-07,0.0,2.6,0.0
2021-05-08,0.9,81.4,54.3
2021-05-09,6.3,18.6,11.0
2021-05-10,0.2,2.2,0.0
2021-05-11,0.0,2.1,0.0
2021-05-14,0.0,0.0,0.0
2021-05-15,0.0,2.1,0.0
2021-05-18,6.2,0.7,0.0
2021-05-19,0.0,8.4,3.1
2021-05-20,4.0,0.2,0.0
2021-05-22,5.0,0.0,0.0
2021-05-23,0.1,7.0,4.6
2021-05-24,0.2,7.0,4.5
2021-05-25,0.1,21.0,19.1
2021-05-26,0.2,9.3,7.0
2021-05-27,15.3,0.0,0.0
2021-05-28,0.1,0.5,0.0
2021-05-30,0.0,39.5,64.8
2021-05-31,3.5,8.0,5.6
2021-06-01,1.4,20.3,24.4
2021-06-02,7.0,8.1,5.6
2021-06-03,1.7,0.0,0.0
2021-06-08,0.6,8.0,5.5
2021-06-09,25.6,11.1,8.8
2021-06-10,2.6,0.3,0.0
2021-06-11,0.0,0.0,0.0
2021-06-12,0.1,0.0,0.0
2021-06-13,0.0,0.0,0.0
2021-06-16,0.0,1.4,0.0
2021-06-17,0.8,6.7,2.7
2021-06-18,0.1,0.0,0.0
2021-06-19,0.0,0.2,0.0
2021-06-20,0.0,1.0,0.0
2021-06-21,1.2,0.8,0.0
2021-06-23,0.0,8.7,3.5
2021-06-24,1.5,2.5,0.0
2021-06-26,0.1,2.3,0.0
2021-06-27,5.8,0.2,0.0
2021-06-28,0.0,0.0,0.0
2021-06-29,0.0,21.5,22.8
2021-06-30,26.4,0.6,0.0
2021-07-02,3.9,19.2,15.6
2021-07-03,4.4,2.0,0.0
2021-07-04,0.1,0.2,0.0
2021-07-06,0.0,4.6,0.0
2021-07-07,3.4,5.4,0.0
2021-07-08,1.2,36.7,40.4
2021-07-09,21.0,8.3,2.1
2021-07-10,1.4,1.3,0.0
2021-07-11,0.1,0.0,0.0
2021-07-12,0.0,0.0,0.0
2021-07-14,0.2,0.0,0.0
2021-07-16,0.4,5.5,0.0
2021-07-17,1.8,7.0,1.0
2021-07-18,0.0,15.2,7.9
2021-07-20,0.0,12.9,5.2
2021-07-21,0.8,1.4,0.0
2021-07-22,3.1,6.8,2.8
2021-07-23,2.7,17.4,13.1
2021-07-24,25.6,72.4,63.6
2021-07-25,27.0,21.7,19.4
2021-07-26,24.9,0.0,0.0
2021-07-27,0.0,9.3,5.2
2021-07-28,7.6,13.2,8.7
2021-07-29,0.8,0.1,0.0
2021-07-30,0.0,3.9,0.0
2021-07-31,0.1,0.5,0.0
2021-08-01,1.1,0.5,0.0
2021-08-03,0.1,3.9,0.0
2021-08-04,0.0,1.1,0.0
2021-08-05,1.7,0.6,0.0
2021-08-06,0.6,20.2,14.1
2021-08-07,27.4,13.8,7.4
2021-08-08,0.4,5.4,1.0
2021-08-09,0.5,1.7,0.0
2021-08-10,22.4,0.3,0.0
2021-08-11,0.0,0.3,0.0
2021-08-12,0.0,0.0,0.0
2021-08-14,0.0,0.3,0.0
2021-08-15,1.4,0.0,0.0
2021-08-16,0.0,0.1,0.0
2021-08-18,1.1,0.1,0.0
2021-08-19,0.2,0.0,0.0
2021-08-20,0.0,0.0,0.0
2021-08-22,12.9,7.1,2.1
2021-08-23,1.0,2.7,0.0
2021-08-24,0.0,5.0,1.0
2021-08-26,15.7,10.7,4.7
2021-08-27,0.0,0.6,0.0
2021-08-28,0.0,0.0,0.0
2021-08-30,0.0,1.8,0.0
2021-08-31,5.7,1.7,0.0
2021-09-01,0.0,0.0,0.0
2021-09-03,0.0,0.0,0.0
2021-09-04,1.6,0.0,0.0
2021-09-05,0.0,0.6,0.0
2021-09-06,0.8,18.2,17.3
2021-09-07,50.3,43.8,73.9
2021-09-08,10.3,0.3,0.0
2021-09-09,0.0,2.1,0.0
2021-09-11,0.1,0.0,0.0
2021-09-12,0.0,0.0,0.0
2021-09-13,0.0,4.7,0.0
2021-09-14,1.5,0.1,0.0
2021-09-16,5.0,27.2,40.8
2021-09-17,31.9,0.1,0.0
2021-09-19,2.2,3.8,0.0
2021-09-21,0.0,1.2,0.0
2021-09-22,0.1,0.0,0.0
2021-09-23,0.0,2.4,0.0
2021-09-24,0.2,1.8,0.0
2021-09-25,0.4,0.0,0.0
2021-09-27,0.2,2.2,0.0
2021-09-29,0.0,0.0,0.0
2021-10-02,2.2,14.8,11.9
2021-10-03,2.8,0.3,0.0
2021-10-04,0.0,2.1,0.0
2021-10-05,52.3,1.1,0.0
2021-10-07,83.3,7.5,4.5
2021-10-08,0.2,0.0,0.0
2021-10-09,0.0,0.0,0.0
2021-10-10,0.0,0.4,0.0
2021-10-11,0.0,0.8,0.0
2021-10-12,0.0,0.0,0.0
2021-10-14,0.0,0.0,0.0
2021-10-15,0.0,9.9,8.8
2021-10-16,0.3,13.1,13.6
2021-10-17,0.3,7.8,6.0
2021-10-18,0.0,0.0,0.0
2021-10-19,0.0,5.6,3.2
2021-10-20,2.3,0.8,0.0
2021-10-21,0.0,22.3,28.0
2021-10-22,10.6,4.5,1.8
2021-10-24,0.0,4.3,1.6
2021-10-25,0.0,0.2,0.0
2021-10-26,0.0,5.6,3.1
2021-10-27,2.7,1.5,0.0
2021-10-28,10.1,2.2,0.0
2021-10-29,0.1,0.0,0.0
2021-10-30,0.0,7.1,5.0
2021-10-31,11.2,3.9,1.1
2021-11-01,0.0,33.9,55.5
2021-11-02,22.9,0.2,0.0
2021-11-03,0.0,1.7,0.0
2021-11-04,0.0,13.2,12.8
2021-11-05,22.2,3.0,1.0
2021-11-06,1.3,1.9,0.0
2021-11-08,0.0,0.8,0.0
2021-11-09,0.0,1.6,0.0
2021-11-10,7.9,0.0,0.0
2021-11-11,0.0,0.0,0.0
2021-11-12,0.0,0.0,0.0
2021-11-13,0.0,24.2,24.9
2021-11-14,5.4,3.9,1.0
2021-11-16,0.9,11.8,6.9
2021-11-17,10.0,0.1,0.0
2021-11-18,0.5,2.0,0.0
2021-11-19,20.1,0.5,0.0
2021-11-20,0.0,2.1,0.0
2021-11-21,14.8,0.0,0.0
2021-11-22,0.4,0.2,0.0
2021-11-24,9.1,8.1,4.1
2021-11-25,14.9,1.9,0.0
2021-11-27,0.0,5.5,2.1
2021-11-28,7.5,6.3,2.7
2021-11-29,0.9,0.1,0.0
2021-11-30,0.0,18.4,11.2
2021-12-01,0.9,9.6,4.7
2021-12-02,0.1,3.3,0.0
2021-12-03,7.6,0.3,0.0
2021-12-04,0.3,21.2,18.0
2021-12-05,21.0,1.4,0.0
2021-12-06,0.0,29.7,25.3
2021-12-07,3.6,32.3,28.3
2021-12-08,14.4,9.1,4.3
2021-12-10,2.8,1.4,0.0
2021-12-11,0.6,6.7,2.6
2021-12-12,4.6,0.8,0.0
2021-12-13,0.0,1.8,0.0
2021-12-15,1.2,21.8,15.0
2021-12-16,2.4,20.4,14.1
2021-12-17,30.4,24.3,17.5
2021-12-18,5.0,2.6,0.0
2021-12-20,1.7,10.4,5.9
2021-12-21,6.6,12.4,8.1
2021-12-22,12.3,37.6,39.1
2021-12-23,29.8,2.5,1.0
2021-12-24,33.7,8.3,4.6
2021-12-25,8.2,21.3,15.8
2021-12-27,0.0,5.4,2.2
2021-12-28,6.4,1.0,0.0
2021-12-29,0.0,0.4,0.0
2021-12-30,0.0,20.8,15.5
2021-12-31,25.0,5.3,2.1
