date,gauge,imergl,lseqmdl
2001-01-01,2.0,0.4,0.0
2001-01-02,5.0,16.5,15.9
2001-01-03,6.0,1.8,0.0
2001-01-04,0.0,2.1,0.0
2001-01-05,0.0,0.1,0.0
2001-01-06,2.0,7.0,3.8
2001-01-07,0.0,6.7,3.5
2001-01-08,0.0,26.0,32.5
2001-01-09,1.0,3.2,0.0
2001-01-10,3.0,1.8,0.0
2001-01-11,0.0,6.4,4.3
2001-01-13,35.0,0.2,0.0
2001-01-14,12.0,9.1,8.3
2001-01-15,10.0,10.5,10.3
2001-01-17,0.0,0.7,0.0
2001-01-18,0.0,4.7,2.0
2001-01-19,0.0,0.7,0.0
2001-01-21,33.0,3.2,1.0
2001-01-22,0.0,0.6,0.0
2001-01-23,1.0,0.9,0.0
2001-01-24,0.0,2.0,0.0
2001-01-25,6.0,1.3,0.0
2001-01-26,0.0,16.0,19.4
2001-01-27,1.0,2.8,0.0
2001-01-28,3.0,1.7,0.0
2001-01-30,0.0,0.3,0.0
2001-01-31,0.0,11.3,11.0
2001-02-01,0.0,1.3,0.0
2001-02-02,1.0,20.7,34.5
2001-02-03,0.0,37.3,67.9
2001-02-04,20.0,2.9,0.0
2001-02-05,24.0,3.6,0.0
2001-02-06,0.0,5.9,1.9
2001-02-07,0.0,0.0,0.0
2001-02-08,0.0,38.2,69.3
2001-02-09,0.0,31.1,57.2
2001-02-10,12.0,20.9,35.0
2001-02-11,3.0,17.5,28.7
2001-02-12,0.0,7.9,7.0
2001-02-13,3.0,1.3,0.0
2001-02-14,0.0,8.0,7.3
2001-02-15,3.0,3.1,1.0
2001-02-16,0.0,0.6,0.0
2001-02-17,0.0,3.6,1.0
2001-02-18,0.0,0.4,0.0
2001-02-19,4.0,11.5,12.7
2001-02-20,0.0,1.3,0.0
2001-02-21,5.0,0.7,0.0
2001-02-23,0.0,4.6,2.3
2001-02-24,0.0,11.0,12.7
2001-02-25,0.0,6.1,4.5
2001-02-26,3.0,0.0,0.0
2001-02-27,0.0,0.0,0.0
2001-02-28,0.0,5.5,3.7
2001-03-01,0.0,2.8,0.0
2001-03-02,0.0,3.9,1.0
2001-03-03,0.0,10.7,6.9
2001-03-04,1.0,12.2,8.5
2001-03-05,13.0,9.6,5.8
2001-03-06,1.0,9.3,5.5
2001-03-07,0.0,0.0,0.0
2001-03-08,0.0,2.3,0.0
2001-03-09,0.0,4.1,1.0
2001-03-10,18.0,24.2,30.7
2001-03-11,21.0,9.7,7.8
2001-03-12,0.0,18.8,23.2
2001-03-13,2.0,8.2,5.9
2001-03-14,2.0,44.9,75.0
2001-03-15,8.0,20.8,26.3
2001-03-16,17.0,6.5,3.8
2001-03-17,1.0,2.5,0.0
2001-03-18,8.0,3.1,0.0
2001-03-19,13.0,0.0,0.0
2001-03-20,2.0,0.1,0.0
2001-03-21,2.0,0.5,0.0
2001-03-22,3.0,0.3,0.0
2001-03-23,7.0,5.1,1.6
2001-03-24,0.0,0.4,0.0
2001-03-25,0.0,0.7,0.0
2001-03-26,2.0,14.6,12.3
2001-03-27,4.0,10.1,7.2
2001-03-28,0.0,6.6,3.2
2001-03-30,0.0,0.2,0.0
2001-05-01,6.0,41.9,47.6
2001-05-02,29.0,3.7,1.2
2001-05-03,2.0,0.8,0.0
2001-05-04,1.0,0.6,0.0
2001-05-05,0.0,17.6,12.9
2001-05-06,15.0,108.5,86.2
2001-05-07,50.0,19.5,14.6
2001-05-08,9.0,20.7,16.9
2001-05-09,14.0,14.6,10.8
2001-05-10,2.0,0.7,0.0
2001-05-11,0.0,0.3,0.0
2001-05-12,4.0,0.0,0.0
2001-05-13,0.0,0.1,0.0
2001-05-14,0.0,0.0,0.0
2001-05-15,0.0,0.1,0.0
2001-05-16,0.0,0.2,0.0
2001-05-17,0.0,0.0,0.0
2001-05-18,0.0,2.4,2.6
2001-05-19,15.0,38.1,34.1
2001-05-20,49.0,0.0,0.0
2001-05-22,0.0,37.2,36.0
2001-05-23,0.0,8.5,8.1
2001-05-24,4.0,0.0,0.0
2001-05-25,0.0,3.9,4.1
2001-05-26,0.0,0.1,0.0
2001-05-27,0.0,0.0,0.0
2001-05-28,0.0,20.3,17.3
2001-05-29,25.0,13.4,13.0
2001-05-30,6.0,4.0,4.1
2001-05-31,1.0,42.9,46.2
2001-06-01,4.0,34.5,52.0
2001-06-02,8.0,9.0,10.4
2001-06-03,3.0,3.2,3.2
2001-06-04,2.0,0.9,1.0
2001-06-05,3.0,0.2,0.0
2001-06-07,1.0,1.2,1.0
2001-06-08,0.0,17.6,20.4
2001-06-10,0.0,1.1,1.0
2001-06-11,0.0,37.4,61.3
2001-06-12,3.0,3.2,1.8
2001-06-14,0.0,12.3,12.3
2001-06-15,13.0,2.4,1.0
2001-06-16,10.0,27.2,37.0
2001-06-17,1.0,67.3,153.0
2001-06-18,49.0,22.7,27.7
2001-06-19,9.0,44.8,81.7
2001-06-20,7.0,11.1,11.5
2001-06-21,2.0,10.9,10.6
2001-06-22,2.0,6.3,6.9
2001-06-23,4.0,31.8,22.0
2001-06-24,12.0,25.9,21.8
2001-06-25,20.0,20.5,18.4
2001-06-26,3.0,2.4,3.8
2001-06-27,6.0,0.3,0.0
2001-06-28,0.0,0.0,0.0
2001-06-29,0.0,0.0,0.0
2001-06-30,0.0,2.4,3.8
2001-07-02,0.0,0.0,0.0
2001-07-03,0.0,0.0,0.0
2001-07-04,0.0,0.0,0.0
2001-07-05,0.0,0.0,0.0
2001-07-06,0.0,0.0,0.0
2001-07-07,0.0,0.0,0.0
2001-07-08,0.0,0.0,0.0
2001-07-09,0.0,0.0,0.0
2001-07-10,0.0,0.0,0.0
2001-07-11,0.0,0.0,0.0
2001-07-12,0.0,0.0,0.0
2001-07-13,0.0,0.1,0.0
2001-07-14,0.0,9.9,9.9
2001-07-15,0.0,0.1,0.0
2001-07-16,0.0,0.0,0.0
2001-07-17,0.0,0.0,0.0
2001-07-18,0.0,10.4,10.4
2001-07-19,3.0,1.7,3.2
2001-07-20,1.0,3.1,4.4
2001-07-21,3.0,19.1,16.2
2001-07-22,0.0,2.8,3.8
2001-07-23,1.0,1.6,2.8
2001-07-24,8.0,0.5,0.0
2001-07-25,0.0,0.7,0.0
2001-07-26,4.0,0.1,0.0
2001-07-27,0.0,4.4,5.1
2001-07-28,0.0,1.1,2.4
2001-07-29,2.0,5.1,6.0
2001-07-30,0.0,26.1,19.6
2001-07-31,1.0,0.0,0.0
2001-08-01,0.0,0.0,0.0
2001-08-02,0.0,4.9,2.5
2001-08-03,0.0,0.0,0.0
2001-08-04,0.0,9.6,6.6
2001-08-05,0.0,1.9,1.0
2001-08-06,0.0,0.2,0.0
2001-08-07,0.0,0.7,0.0
2001-08-08,0.0,0.2,0.0
2001-08-09,0.0,18.5,13.4
2001-08-10,0.0,3.1,1.1
2001-08-11,0.0,0.2,0.0
2001-08-12,0.0,1.4,1.9
2001-08-13,0.0,62.7,255.4
2001-08-14,0.0,0.1,0.0
2001-08-15,0.0,0.0,0.0
2001-08-16,0.0,0.7,1.0
2001-08-17,0.0,0.0,0.0
2001-08-18,0.0,0.0,0.0
2001-08-19,0.0,0.0,0.0
2001-08-20,0.0,0.1,0.0
2001-08-21,0.0,0.0,0.0
2001-08-22,0.0,0.0,0.0
2001-08-23,0.0,0.9,0.0
2001-08-24,0.0,0.5,0.0
2001-08-25,0.0,0.0,0.0
2001-08-26,0.0,0.0,0.0
2001-08-27,0.0,0.2,0.0
2001-08-28,0.0,1.2,0.0
2001-08-29,0.0,0.0,0.0
2001-08-30,0.0,0.0,0.0
2001-08-31,0.0,0.0,0.0
2001-09-01,0.0,0.0,0.0
2001-09-02,0.0,0.0,0.0
2001-09-03,0.0,0.0,0.0
2001-09-04,0.0,0.7,0.0
2001-09-05,0.0,0.0,0.0
2001-09-06,0.0,0.0,0.0
2001-09-07,0.0,12.9,14.3
2001-09-08,3.0,3.3,3.0
2001-09-09,4.0,0.2,0.0
2001-09-10,0.0,0.0,0.0
2001-09-11,0.0,0.0,0.0
2001-09-12,0.0,0.0,0.0
2001-09-13,0.0,5.6,5.7
2001-09-14,0.0,0.8,0.0
2001-09-15,0.0,0.1,0.0
2001-09-16,0.0,0.0,0.0
2001-09-17,0.0,0.0,0.0
2001-09-18,0.0,0.0,0.0
2001-09-19,0.0,0.6,0.0
2001-09-20,0.0,0.3,0.0
2001-09-21,0.0,0.1,0.0
2001-09-22,0.0,0.0,0.0
2001-09-23,0.0,0.0,0.0
2001-09-24,0.0,0.8,0.0
2001-09-25,0.0,2.2,1.0
2001-09-26,0.0,4.8,2.8
2001-09-27,0.0,14.7,9.6
2001-09-28,15.0,1.1,0.0
2001-09-29,0.0,4.5,2.6
2001-09-30,9.0,36.2,37.1
2001-10-01,9.0,0.3,0.0
2001-10-02,0.0,0.2,0.0
2001-10-03,0.0,0.2,0.0
2001-10-04,0.0,0.9,0.0
2001-10-05,0.0,0.0,0.0
2001-10-06,0.0,0.0,0.0
2001-10-07,0.0,0.0,0.0
2001-10-08,0.0,0.4,0.0
2001-10-09,0.0,7.7,4.4
2001-10-10,0.0,0.2,0.0
2001-10-11,0.0,0.3,0.0
2001-10-12,0.0,0.0,0.0
2001-10-13,0.0,3.9,1.2
2001-10-14,0.0,1.2,0.0
2001-10-15,0.0,0.0,0.0
2001-10-16,0.0,0.0,0.0
2001-10-17,0.0,0.0,0.0
2001-10-18,0.0,2.1,0.0
2001-10-19,0.0,0.0,0.0
2001-10-20,0.0,0.0,0.0
2001-10-21,0.0,0.0,0.0
2001-10-22,0.0,4.4,0.0
2001-10-23,0.0,0.0,0.0
2001-10-24,0.0,0.0,0.0
2001-10-25,0.0,0.1,0.0
2001-10-26,0.0,0.0,0.0
2001-10-28,0.0,4.7,0.0
2001-10-29,0.0,47.0,63.2
2001-10-30,40.0,1.0,0.0
2001-10-31,3.0,18.8,13.5
2001-11-01,5.0,17.0,31.3
2001-11-02,0.0,13.2,25.1
2001-11-03,20.0,6.8,5.2
2001-11-04,19.0,26.9,36.3
2001-11-05,0.0,7.0,5.3
2001-11-06,0.0,0.2,0.0
2001-11-07,0.0,4.5,2.5
2001-11-08,0.0,1.2,0.0
2001-11-09,0.0,0.1,0.0
2001-11-10,1.0,3.3,1.3
2001-11-11,0.0,2.6,0.0
2001-11-12,0.0,0.1,0.0
2001-11-13,0.0,7.3,2.9
2001-11-15,0.0,0.0,0.0
2001-11-16,0.0,0.0,0.0
2001-11-17,0.0,0.6,0.0
2001-11-18,0.0,0.9,0.0
2001-11-19,0.0,0.3,0.0
2001-11-20,0.0,2.9,0.0
2001-11-21,5.0,27.8,47.1
2001-11-22,10.0,0.0,0.0
2001-11-23,0.0,20.4,34.9
2001-11-24,0.0,4.2,0.0
2001-11-25,0.0,1.2,0.0
2001-11-26,9.0,1.4,0.0
2001-11-27,6.0,12.9,23.1
2001-11-28,10.0,2.6,0.0
2001-11-29,0.0,0.3,0.0
2001-11-30,0.0,29.8,51.1
2001-12-01,2.0,6.4,3.0
2001-12-02,6.0,16.3,24.0
2001-12-03,5.0,3.3,0.0
2001-12-04,5.0,7.1,3.9
2001-12-05,32.0,3.6,0.0
2001-12-06,24.0,13.1,19.6
2001-12-07,27.0,4.1,1.0
2001-12-08,3.0,3.4,0.0
2001-12-10,0.0,1.4,0.0
2001-12-12,13.0,4.3,0.0
2001-12-13,0.0,0.0,0.0
2001-12-14,5.0,0.2,0.0
2001-12-16,0.0,3.0,0.0
2001-12-17,2.0,0.2,0.0
2001-12-18,1.0,0.7,0.0
2001-12-19,0.0,3.1,0.0
2001-12-20,4.0,11.4,8.0
2001-12-22,0.0,0.7,0.0
2001-12-23,7.0,4.8,1.0
2001-12-25,22.0,23.7,23.2
2001-12-26,9.0,32.6,37.0
2001-12-27,5.0,1.7,0.0
2001-12-29,2.0,4.6,1.0
2001-12-30,9.0,22.4,20.7
2001-12-31,0.0,0.4,0.0
2002-01-01,0.0,4.1,1.0
2002-01-02,8.0,6.6,3.4
2002-01-03,1.0,3.8,1.0
2002-01-07,6.0,0.1,0.0
2002-01-08,0.0,0.4,0.0
2002-01-09,0.0,2.5,0.0
2002-01-10,2.0,15.2,12.2
2002-01-11,6.0,17.9,28.9
2002-01-12,14.0,3.3,1.0
2002-01-13,6.0,1.8,0.0
2002-01-15,0.0,0.3,0.0
2002-01-16,0.0,3.8,1.0
2002-01-17,1.0,5.2,2.8
2002-01-18,0.0,1.1,0.0
2002-01-19,6.0,8.6,7.5
2002-01-20,12.0,3.4,1.0
2002-01-21,0.0,0.1,0.0
2002-01-22,0.0,1.4,0.0
2002-01-23,7.0,11.7,11.3
2002-01-24,14.0,12.8,12.7
2002-01-25,0.0,2.0,0.0
2002-01-26,0.0,4.3,1.6
2002-01-27,1.0,1.1,0.0
2002-01-28,78.0,7.1,5.3
2002-01-29,13.0,0.2,0.0
2002-01-30,72.0,15.0,17.8
2002-01-31,12.0,1.5,0.0
2002-02-01,0.0,0.7,0.0
2002-02-02,2.0,6.1,2.2
2002-02-03,19.0,13.4,14.4
2002-02-04,1.0,0.5,0.0
2002-02-05,3.0,1.3,0.0
2002-02-06,0.0,2.3,0.0
2002-02-07,22.0,3.0,0.0
2002-02-08,0.0,3.3,0.0
2002-02-09,0.0,8.7,6.5
2002-02-10,0.0,1.1,0.0
2002-02-11,0.0,8.9,8.6
2002-02-12,63.0,32.4,67.3
2002-02-13,32.0,16.3,26.2
2002-02-14,0.0,0.0,0.0
2002-02-15,1.0,0.2,0.0
2002-02-16,1.0,1.4,0.0
2002-02-17,0.0,1.1,0.0
2002-02-18,0.0,1.1,0.0
2002-02-19,0.0,0.4,0.0
2002-02-20,25.0,3.1,1.0
2002-02-21,0.0,0.2,0.0
2002-02-22,0.0,0.1,0.0
2002-02-23,1.0,0.0,0.0
2002-02-24,8.0,20.7,36.5
2002-02-26,0.0,0.9,0.0
2002-02-27,2.0,0.3,0.0
2002-02-28,4.0,0.2,0.0
2002-03-01,16.0,1.4,0.0
2002-03-02,1.0,0.2,0.0
2002-03-03,1.0,6.9,3.0
2002-03-04,0.0,0.1,0.0
2002-03-05,5.0,1.5,0.0
2002-03-06,1.0,2.9,0.0
2002-03-07,1.0,15.1,12.0
2002-03-08,2.0,1.9,0.0
2002-03-09,0.0,5.9,2.0
2002-03-11,2.0,5.0,1.9
2002-03-14,30.0,14.5,14.2
2002-03-15,0.0,0.8,0.0
2002-03-16,0.0,1.1,0.0
2002-03-17,0.0,0.5,0.0
2002-03-18,0.0,0.0,0.0
2002-03-19,0.0,0.2,0.0
2002-03-20,0.0,0.1,0.0
2002-03-21,0.0,0.1,0.0
2002-03-22,0.0,4.3,1.0
2002-03-23,33.0,24.0,32.8
2002-03-25,0.0,0.1,0.0
2002-03-26,5.0,0.2,0.0
2002-03-27,0.0,0.2,0.0
2002-03-28,2.0,3.2,0.0
2002-03-29,0.0,2.4,0.0
2002-03-30,24.0,18.5,23.4
2002-03-31,0.0,0.4,0.0
2002-04-01,1.0,0.5,0.0
2002-04-02,3.0,0.0,0.0
2002-04-03,0.0,0.1,0.0
2002-04-04,0.0,0.0,0.0
2002-04-05,0.0,0.1,0.0
2002-04-06,0.0,0.0,0.0
2002-04-07,0.0,0.2,0.0
2002-04-08,0.0,1.9,0.0
2002-04-09,0.0,4.7,1.0
2002-04-10,13.0,3.5,0.0
2002-04-11,0.0,0.1,0.0
2002-04-12,1.0,1.6,0.0
2002-04-13,0.0,0.1,0.0
2002-04-14,0.0,1.1,0.0
2002-04-15,0.0,0.8,0.0
2002-04-16,31.0,4.0,2.5
2002-04-17,0.0,0.5,0.0
2002-04-18,0.0,0.4,0.0
2002-04-19,0.0,0.0,0.0
2002-04-20,0.0,0.0,0.0
2002-04-21,0.0,0.0,0.0
2002-04-22,0.0,0.7,0.0
2002-04-23,0.0,1.2,1.0
2002-04-24,0.0,2.4,1.2
2002-04-25,4.0,2.3,1.1
2002-04-26,4.0,1.9,1.0
2002-04-27,0.0,6.4,5.3
2002-04-29,2.0,2.2,1.0
2002-04-30,5.0,6.0,4.5
2002-05-01,50.0,14.6,10.2
2002-05-02,0.0,6.1,2.9
2002-05-03,0.0,34.7,34.4
2002-05-04,0.0,1.2,0.0
2002-05-05,2.0,28.7,25.9
2002-05-06,0.0,8.8,5.0
2002-05-08,0.0,6.2,2.9
2002-05-09,2.0,6.6,3.3
2002-05-10,4.0,21.1,17.3
2002-05-11,0.0,7.2,6.9
2002-05-12,0.0,0.0,0.0
2002-05-13,0.0,0.0,0.0
2002-05-14,0.0,0.0,0.0
2002-05-15,0.0,0.0,0.0
2002-05-16,0.0,0.0,0.0
2002-05-17,0.0,0.0,0.0
2002-05-18,0.0,0.1,0.0
2002-05-19,0.0,0.0,0.0
2002-05-20,0.0,0.0,0.0
2002-05-21,0.0,0.0,0.0
2002-05-22,0.0,0.3,0.0
2002-05-23,0.0,0.1,0.0
2002-05-24,0.0,0.0,0.0
2002-05-25,0.0,0.0,0.0
2002-05-26,0.0,0.0,0.0
2002-05-27,0.0,0.0,0.0
2002-05-28,2.0,0.0,0.0
2002-05-29,4.0,0.0,0.0
2002-05-30,0.0,0.2,0.0
2002-05-31,0.0,0.0,0.0
2002-06-01,0.0,2.9,2.8
2002-06-02,2.0,1.6,1.3
2002-06-03,4.0,2.2,2.1
2002-06-04,5.0,0.0,0.0
2002-06-06,0.0,0.0,0.0
2002-06-07,0.0,0.0,0.0
2002-06-08,3.0,0.8,0.0
2002-06-10,2.0,0.1,0.0
2002-06-12,0.0,0.0,0.0
2002-06-13,0.0,6.1,5.0
2002-06-15,3.0,0.6,0.0
2002-06-16,0.0,2.5,1.1
2002-06-17,0.0,3.4,2.0
2002-06-18,0.0,17.0,17.9
2002-06-19,0.0,5.0,3.7
2002-06-20,0.0,2.9,1.5
2002-06-21,1.0,27.9,18.6
2002-06-22,0.0,0.5,0.0
2002-06-23,0.0,0.3,0.0
2002-06-24,0.0,0.0,0.0
2002-06-25,0.0,2.8,4.1
2002-06-26,0.0,0.0,0.0
2002-06-27,0.0,0.0,0.0
2002-06-28,0.0,0.0,0.0
2002-06-29,0.0,0.0,0.0
2002-06-30,0.0,0.0,0.0
2002-07-01,0.0,0.0,0.0
2002-07-02,0.0,0.0,0.0
2002-07-03,1.0,0.2,0.0
2002-07-05,11.0,0.0,0.0
2002-07-06,0.0,0.0,0.0
2002-07-07,5.0,0.0,0.0
2002-07-08,0.0,1.5,4.3
2002-07-09,0.0,0.0,0.0
2002-07-10,0.0,0.0,0.0
2002-07-11,0.0,0.0,0.0
2002-07-12,0.0,0.0,0.0
2002-07-13,0.0,0.3,0.0
2002-07-14,0.0,0.0,0.0
2002-07-15,0.0,0.0,0.0
2002-07-16,0.0,0.0,0.0
2002-07-17,0.0,0.0,0.0
2002-07-18,0.0,0.0,0.0
2002-07-19,0.0,0.0,0.0
2002-07-20,0.0,0.0,0.0
2002-07-21,0.0,0.0,0.0
2002-07-22,0.0,0.0,0.0
2002-07-23,0.0,0.2,0.0
2002-07-24,0.0,0.5,0.0
2002-07-25,0.0,0.0,0.0
2002-07-26,0.0,0.0,0.0
2002-07-27,0.0,0.0,0.0
2002-07-28,0.0,0.0,0.0
2002-07-29,0.0,0.0,0.0
2002-07-30,0.0,0.0,0.0
2002-07-31,0.0,0.3,0.0
2002-08-01,0.0,0.0,0.0
2002-08-02,0.0,0.0,0.0
2002-08-03,0.0,0.0,0.0
2002-08-04,0.0,0.0,0.0
2002-08-05,0.0,3.3,1.2
2002-08-06,0.0,1.0,0.0
2002-08-07,0.0,0.5,0.0
2002-08-08,0.0,0.1,0.0
2002-08-09,0.0,5.9,3.3
2002-08-10,0.0,6.1,3.5
2002-08-11,0.0,39.1,101.1
2002-08-12,0.0,0.1,0.0
2002-08-13,0.0,0.0,0.0
2002-08-14,0.0,0.9,1.2
2002-08-15,0.0,0.0,0.0
2002-08-16,0.0,0.3,0.0
2002-08-17,0.0,0.5,0.0
2002-08-18,0.0,6.6,10.1
2002-08-19,0.0,0.0,0.0
2002-08-20,0.0,0.0,0.0
2002-08-21,0.0,0.0,0.0
2002-08-22,0.0,0.0,0.0
2002-08-23,0.0,0.0,0.0
2002-08-24,0.0,0.0,0.0
2002-08-25,0.0,0.0,0.0
2002-08-26,0.0,0.0,0.0
2002-08-27,0.0,0.0,0.0
2002-08-28,0.0,0.0,0.0
2002-08-29,0.0,0.0,0.0
2002-08-30,0.0,0.0,0.0
2002-08-31,0.0,0.6,0.0
2002-09-01,0.0,0.0,0.0
2002-09-02,0.0,0.0,0.0
2002-09-03,0.0,0.0,0.0
2002-09-04,0.0,0.0,0.0
2002-09-05,0.0,0.0,0.0
2002-09-06,0.0,0.0,0.0
2002-09-07,0.0,0.0,0.0
2002-09-08,0.0,0.0,0.0
2002-09-09,0.0,0.0,0.0
2002-09-10,0.0,0.0,0.0
2002-09-11,0.0,0.0,0.0
2002-09-12,0.0,0.6,0.0
2002-09-13,0.0,0.0,0.0
2002-09-14,0.0,0.0,0.0
2002-09-15,0.0,0.0,0.0
2002-09-16,0.0,0.2,0.0
2002-09-17,0.0,0.0,0.0
2002-09-18,0.0,0.0,0.0
2002-09-19,0.0,0.1,0.0
2002-09-20,0.0,0.0,0.0
2002-09-21,0.0,0.0,0.0
2002-09-22,0.0,0.0,0.0
2002-09-23,0.0,0.1,0.0
2002-09-24,0.0,3.2,1.6
2002-09-25,0.0,0.0,0.0
2002-09-26,0.0,0.0,0.0
2002-09-27,0.0,0.0,0.0
2002-09-28,0.0,0.0,0.0
2002-09-29,0.0,0.0,0.0
2002-09-30,0.0,0.0,0.0
2002-10-01,0.0,0.0,0.0
2002-10-02,0.0,0.0,0.0
2002-10-03,0.0,0.0,0.0
2002-10-04,0.0,0.0,0.0
2002-10-05,0.0,0.0,0.0
2002-10-06,0.0,0.0,0.0
2002-10-07,0.0,0.0,0.0
2002-10-08,0.0,0.0,0.0
2002-10-09,0.0,0.0,0.0
2002-10-10,0.0,0.0,0.0
2002-10-11,0.0,0.0,0.0
2002-10-12,0.0,0.0,0.0
2002-10-13,0.0,0.0,0.0
2002-10-14,0.0,0.0,0.0
2002-10-15,0.0,0.0,0.0
2002-10-16,0.0,0.0,0.0
2002-10-17,0.0,0.0,0.0
2002-10-18,0.0,0.0,0.0
2002-10-19,0.0,0.0,0.0
2002-10-20,0.0,0.0,0.0
2002-10-21,0.0,0.0,0.0
2002-10-22,0.0,0.0,0.0
2002-10-23,0.0,0.0,0.0
2002-10-24,0.0,0.0,0.0
2002-10-25,0.0,0.0,0.0
2002-10-26,0.0,0.0,0.0
2002-10-27,0.0,0.0,0.0
2002-10-28,0.0,0.0,0.0
2002-10-29,0.0,0.0,0.0
2002-10-30,0.0,1.8,0.0
2002-10-31,0.0,1.1,0.0
2002-11-01,0.0,0.0,0.0
2002-11-02,0.0,0.0,0.0
2002-11-03,0.0,4.8,2.8
2002-11-04,0.0,0.0,0.0
2002-11-05,0.0,0.0,0.0
2002-11-06,0.0,0.0,0.0
2002-11-07,0.0,0.3,0.0
2002-11-08,0.0,0.8,0.0
2002-11-09,0.0,0.2,0.0
2002-11-10,0.0,0.0,0.0
2002-11-11,0.0,1.0,0.0
2002-11-12,0.0,1.8,0.0
2002-11-13,0.0,0.0,0.0
2002-11-14,0.0,0.0,0.0
2002-11-15,0.0,0.0,0.0
2002-11-16,0.0,2.7,0.0
2002-11-17,0.0,0.1,0.0
2002-11-18,0.0,0.1,0.0
2002-11-19,0.0,0.0,0.0
2002-11-20,0.0,0.9,0.0
2002-11-21,0.0,0.0,0.0
2002-11-22,0.0,0.0,0.0
2002-11-23,0.0,0.3,0.0
2002-11-24,0.0,0.1,0.0
2002-11-25,0.0,1.6,0.0
2002-11-26,0.0,1.0,0.0
2002-11-27,0.0,9.4,7.1
2002-11-28,10.0,1.4,0.0
2002-11-29,0.0,0.0,0.0
2002-11-30,0.0,3.8,0.0
2002-12-01,1.0,17.0,25.0
2002-12-02,0.0,0.1,0.0
2002-12-03,0.0,1.3,0.0
2002-12-04,0.0,6.4,3.0
2002-12-05,0.0,2.0,0.0
2002-12-06,0.0,0.0,0.0
2002-12-07,0.0,0.0,0.0
2002-12-08,0.0,2.4,0.0
2002-12-09,33.0,4.9,1.1
2002-12-10,0.0,2.0,0.0
2002-12-11,0.0,0.0,0.0
2002-12-12,0.0,0.0,0.0
2002-12-13,0.0,0.9,0.0
2002-12-14,0.0,15.0,18.0
2002-12-15,0.0,2.2,0.0
2002-12-16,0.0,0.1,0.0
2002-12-17,0.0,0.0,0.0
2002-12-18,4.0,12.5,9.2
2002-12-19,0.0,7.7,4.0
2002-12-21,0.0,0.0,0.0
2002-12-22,0.0,0.1,0.0
2002-12-24,14.0,1.5,0.0
2002-12-25,0.0,6.8,2.2
2002-12-27,2.0,1.6,0.0
2002-12-28,1.0,21.6,20.0
2002-12-30,0.0,9.3,4.7
2002-12-31,12.0,26.7,27.6
2003-01-02,0.0,4.7,1.4
2003-01-03,0.0,8.7,5.6
2003-01-04,21.0,3.7,1.0
2003-01-06,0.0,0.3,0.0
2003-01-07,15.0,4.3,1.0
2003-01-08,0.0,0.5,0.0
2003-01-09,0.0,1.8,0.0
2003-01-10,16.0,17.3,17.6
2003-01-11,0.0,12.9,14.2
2003-01-12,20.0,12.3,13.1
2003-01-13,21.0,46.4,77.1
2003-01-14,89.0,24.7,43.2
2003-01-15,14.0,9.3,8.5
2003-01-16,0.0,0.1,0.0
2003-01-18,8.0,0.2,0.0
2003-01-19,6.0,5.2,2.7
2003-01-20,0.0,0.0,0.0
2003-01-21,3.0,1.9,0.0
2003-01-22,0.0,2.3,0.0
2003-01-23,0.0,0.1,0.0
2003-01-24,26.0,0.1,0.0
2003-01-25,0.0,0.0,0.0
2003-01-26,0.0,0.0,0.0
2003-01-27,0.0,0.0,0.0
2003-01-28,12.0,8.2,6.7
2003-01-29,0.0,1.3,0.0
2003-01-30,2.0,3.2,1.0
2003-01-31,0.0,1.5,0.0
2003-02-01,0.0,25.9,46.3
2003-02-02,2.0,1.5,0.0
2003-02-04,5.0,1.1,0.0
2003-02-05,4.0,2.4,0.0
2003-02-07,3.0,3.0,0.0
2003-02-08,30.0,26.3,47.8
2003-02-09,1.0,9.7,8.2
2003-02-10,0.0,8.2,5.7
2003-02-11,4.0,4.4,1.9
2003-02-12,12.0,4.6,2.1
2003-02-13,28.0,21.8,38.1
2003-02-14,1.0,0.0,0.0
2003-02-15,6.0,0.1,0.0
2003-02-16,0.0,1.3,0.0
2003-02-17,2.0,4.2,1.6
2003-02-18,110.0,16.7,28.0
2003-02-19,5.0,5.2,3.1
2003-02-20,1.0,7.1,5.9
2003-02-21,3.0,6.4,5.1
2003-02-22,0.0,1.2,0.0
2003-02-23,2.0,1.3,0.0
2003-02-24,1.0,0.0,0.0
2003-02-25,0.0,0.0,0.0
2003-02-26,13.0,2.8,0.0
2003-02-27,2.0,0.1,0.0
2003-02-28,77.0,2.5,0.0
2003-03-01,0.0,3.6,0.0
2003-03-02,0.0,0.3,0.0
2003-03-03,0.0,4.2,1.0
2003-03-04,2.0,1.7,0.0
2003-03-05,4.0,9.9,6.1
2003-03-06,2.0,3.4,0.0
2003-03-07,1.0,3.6,0.0
2003-03-08,0.0,12.2,8.5
2003-03-09,0.0,0.5,0.0
2003-03-10,2.0,1.8,0.0
2003-03-11,1.0,9.5,7.6
2003-03-12,21.0,2.6,0.0
2003-03-13,125.0,14.8,14.2
2003-03-14,19.0,14.2,13.7
2003-03-15,0.0,0.5,0.0
2003-03-16,0.0,0.0,0.0
2003-03-17,0.0,3.0,0.0
2003-03-18,0.0,0.1,0.0
2003-03-19,0.0,1.5,0.0
2003-03-20,0.0,0.0,0.0
2003-03-21,4.0,3.5,0.0
2003-03-22,0.0,0.3,0.0
2003-03-23,0.0,10.7,7.9
2003-03-24,1.0,2.5,0.0
2003-03-25,0.0,0.0,0.0
2003-03-26,0.0,0.1,0.0
2003-03-27,0.0,0.0,0.0
2003-03-28,0.0,3.9,1.0
2003-03-29,7.0,14.8,17.4
2003-03-30,14.0,24.9,33.8
2003-03-31,2.0,7.3,4.0
2003-04-01,70.0,5.3,1.7
2003-04-02,0.0,4.8,1.1
2003-04-03,0.0,0.3,0.0
2003-04-04,5.0,6.3,2.7
2003-04-05,0.0,0.0,0.0
2003-04-06,0.0,0.0,0.0
2003-04-07,0.0,1.6,0.0
2003-04-08,0.0,4.6,1.0
2003-04-09,0.0,4.3,1.0
2003-04-10,0.0,1.7,0.0
2003-04-11,0.0,1.8,0.0
2003-04-12,0.0,0.1,0.0
2003-04-13,0.0,0.0,0.0
2003-04-14,0.0,0.0,0.0
2003-04-15,0.0,0.0,0.0
2003-04-16,3.0,0.0,0.0
2003-04-17,0.0,0.4,0.0
2003-04-18,0.0,0.1,0.0
2003-04-19,0.0,0.2,0.0
2003-04-20,0.0,0.3,0.0
2003-04-21,0.0,0.7,0.0
2003-04-22,0.0,0.0,0.0
2003-04-23,0.0,0.1,0.0
2003-04-24,0.0,15.5,16.2
2003-04-25,0.0,5.5,4.0
2003-04-26,0.0,11.0,9.3
2003-04-27,2.0,0.2,0.0
2003-04-28,9.0,13.6,13.7
2003-04-29,3.0,0.5,0.0
2003-04-30,0.0,1.6,1.0
2003-05-02,0.0,2.5,1.0
2003-05-03,1.0,9.8,5.9
2003-05-04,1.0,4.0,1.4
2003-05-05,5.0,15.2,10.4
2003-05-06,1.0,0.9,0.0
2003-05-07,0.0,3.3,1.0
2003-05-08,1.0,17.0,12.0
2003-05-09,1.0,3.4,1.0
2003-05-10,0.0,2.7,1.0
2003-05-11,0.0,0.0,0.0
2003-05-12,0.0,0.9,0.0
2003-05-13,2.0,13.8,12.7
2003-05-14,0.0,0.3,0.0
2003-05-15,0.0,0.1,0.0
2003-05-16,0.0,3.9,3.9
2003-05-17,0.0,0.0,0.0
2003-05-18,0.0,0.0,0.0
2003-05-19,0.0,0.9,0.0
2003-05-20,0.0,0.0,0.0
2003-05-21,0.0,0.0,0.0
2003-05-22,0.0,0.0,0.0
2003-05-23,0.0,0.0,0.0
2003-05-24,0.0,0.0,0.0
2003-05-25,1.0,0.0,0.0
2003-05-26,9.0,0.0,0.0
2003-05-27,0.0,0.0,0.0
2003-05-28,0.0,0.0,0.0
2003-05-29,0.0,0.0,0.0
2003-05-30,0.0,0.0,0.0
2003-05-31,0.0,0.1,0.0
2003-06-01,0.0,0.0,0.0
2003-06-02,0.0,0.0,0.0
2003-06-03,0.0,0.0,0.0
2003-06-04,0.0,0.0,0.0
2003-06-05,0.0,0.0,0.0
2003-06-06,0.0,0.0,0.0
2003-06-07,0.0,0.0,0.0
2003-06-08,0.0,0.0,0.0
2003-06-09,0.0,0.0,0.0
2003-06-10,0.0,0.0,0.0
2003-06-11,0.0,0.0,0.0
2003-06-12,0.0,0.0,0.0
2003-06-13,0.0,0.0,0.0
2003-06-14,0.0,0.0,0.0
2003-06-15,0.0,0.0,0.0
2003-06-16,0.0,0.1,0.0
2003-06-17,0.0,0.0,0.0
2003-06-18,8.0,13.0,13.1
2003-06-19,8.0,2.7,1.3
2003-06-20,0.0,0.1,0.0
2003-06-21,0.0,0.0,0.0
2003-06-22,10.0,12.8,11.6
2003-06-24,0.0,0.1,0.0
2003-06-25,30.0,5.1,5.9
2003-06-26,1.0,0.2,0.0
2003-06-28,1.0,1.0,0.0
2003-06-29,0.0,0.3,0.0
2003-06-30,0.0,0.0,0.0
2003-07-01,0.0,0.0,0.0
2003-07-02,0.0,0.0,0.0
2003-07-03,0.0,0.0,0.0
2003-07-05,5.0,0.1,0.0
2003-07-06,4.0,14.5,13.4
2003-07-07,22.0,23.3,19.3
2003-07-08,6.0,38.2,26.2
2003-07-09,5.0,13.6,12.7
2003-07-10,8.0,0.8,0.0
2003-07-11,1.0,1.8,3.3
2003-07-12,0.0,0.0,0.0
2003-07-13,0.0,0.1,0.0
2003-07-14,25.0,18.1,16.7
2003-07-15,0.0,0.3,0.0
2003-07-16,0.0,9.7,9.8
2003-07-17,3.0,0.2,0.0
2003-07-18,2.0,0.0,0.0
2003-07-19,0.0,0.1,0.0
2003-07-20,0.0,0.1,0.0
2003-07-21,0.0,1.3,2.6
2003-07-22,0.0,0.4,0.0
2003-07-23,0.0,0.3,0.0
2003-07-24,0.0,0.2,0.0
2003-07-25,16.0,10.0,10.3
2003-07-26,2.0,1.6,2.8
2003-07-27,11.0,4.0,4.8
2003-07-28,0.0,2.6,3.7
2003-07-29,0.0,0.0,0.0
2003-07-30,0.0,2.0,3.1
2003-07-31,0.0,0.0,0.0
2003-08-01,0.0,0.0,0.0
2003-08-02,0.0,0.1,0.0
2003-08-03,0.0,0.0,0.0
2003-08-04,0.0,0.6,0.0
2003-08-05,0.0,4.1,1.9
2003-08-06,0.0,0.3,0.0
2003-08-07,0.0,6.5,3.8
2003-08-08,0.0,0.2,0.0
2003-08-09,0.0,0.0,0.0
2003-08-10,0.0,0.0,0.0
2003-08-11,0.0,0.0,0.0
2003-08-12,0.0,1.6,2.3
2003-08-13,6.0,0.0,0.0
2003-08-14,0.0,0.0,0.0
2003-08-15,1.0,0.2,0.0
2003-08-16,3.0,0.3,0.0
2003-08-17,3.0,0.6,0.0
2003-08-18,1.0,0.3,0.0
2003-08-19,0.0,0.3,0.0
2003-08-20,0.0,0.0,0.0
2003-08-21,0.0,0.0,0.0
2003-08-22,4.0,0.8,0.0
2003-08-23,0.0,4.2,3.4
2003-08-24,0.0,0.0,0.0
2003-08-25,0.0,0.0,0.0
2003-08-26,0.0,0.1,0.0
2003-08-27,0.0,0.0,0.0
2003-08-28,0.0,0.4,0.0
2003-08-29,0.0,0.4,0.0
2003-08-30,0.0,0.5,0.0
2003-08-31,0.0,0.0,0.0
2003-09-01,0.0,0.1,0.0
2003-09-02,0.0,0.0,0.0
2003-09-03,0.0,0.0,0.0
2003-09-04,0.0,0.0,0.0
2003-09-05,0.0,0.0,0.0
2003-09-06,0.0,0.0,0.0
2003-09-07,0.0,0.1,0.0
2003-09-08,0.0,0.1,0.0
2003-09-09,0.0,0.2,0.0
2003-09-10,0.0,0.0,0.0
2003-09-11,0.0,0.2,0.0
2003-09-12,0.0,2.9,2.3
2003-09-13,0.0,1.1,1.0
2003-09-14,0.0,0.0,0.0
2003-09-15,0.0,0.0,0.0
2003-09-16,1.0,0.0,0.0
2003-09-17,0.0,0.2,0.0
2003-09-18,0.0,0.2,0.0
2003-09-19,0.0,5.0,4.8
2003-09-20,0.0,0.0,0.0
2003-09-21,0.0,0.0,0.0
2003-09-22,0.0,0.0,0.0
2003-09-23,0.0,0.0,0.0
2003-09-24,0.0,0.0,0.0
2003-09-25,0.0,0.0,0.0
2003-09-26,0.0,0.1,0.0
2003-09-27,0.0,0.4,0.0
2003-09-28,0.0,0.0,0.0
2003-09-29,0.0,0.0,0.0
2003-09-30,0.0,0.0,0.0
2003-10-01,0.0,0.0,0.0
2003-10-02,0.0,0.0,0.0
2003-10-03,0.0,0.0,0.0
2003-10-04,0.0,0.0,0.0
2003-10-06,0.0,0.4,0.0
2003-10-07,0.0,0.1,0.0
2003-10-08,0.0,0.2,0.0
2003-10-09,0.0,2.8,1.2
2003-10-10,0.0,0.1,0.0
2003-10-11,0.0,0.2,0.0
2003-10-12,0.0,0.0,0.0
2003-10-13,0.0,1.3,0.0
2003-10-14,0.0,0.1,0.0
2003-10-15,0.0,4.8,2.2
2003-10-16,0.0,6.5,4.1
2003-10-17,0.0,0.4,0.0
2003-10-18,0.0,0.8,0.0
2003-10-19,0.0,0.0,0.0
2003-10-20,0.0,1.7,0.0
2003-10-21,0.0,0.0,0.0
2003-10-22,0.0,0.0,0.0
2003-10-23,0.0,0.0,0.0
2003-10-24,0.0,0.0,0.0
2003-10-25,0.0,0.0,0.0
2003-10-26,0.0,0.2,0.0
2003-10-27,0.0,8.1,1.2
2003-10-28,0.0,0.0,0.0
2003-10-29,0.0,0.0,0.0
2003-10-30,0.0,0.2,0.0
2003-10-31,0.0,0.0,0.0
2003-11-01,0.0,0.1,0.0
2003-11-02,0.0,0.0,0.0
2003-11-03,0.0,0.0,0.0
2003-11-04,0.0,0.0,0.0
2003-11-05,0.0,0.5,0.0
2003-11-06,0.0,0.0,0.0
2003-11-07,0.0,0.0,0.0
2003-11-08,0.0,0.0,0.0
2003-11-09,0.0,0.0,0.0
2003-11-10,0.0,0.0,0.0
2003-11-11,0.0,0.0,0.0
2003-11-12,0.0,0.0,0.0
2003-11-13,0.0,0.0,0.0
2003-11-14,0.0,0.2,0.0
2003-11-15,0.0,0.5,0.0
2003-11-16,0.0,0.4,0.0
2003-11-17,0.0,0.4,0.0
2003-11-18,0.0,0.5,0.0
2003-11-19,0.0,0.1,0.0
2003-11-20,0.0,0.0,0.0
2003-11-24,0.0,0.8,0.0
2003-11-25,0.0,0.0,0.0
2003-11-26,0.0,0.0,0.0
2003-11-27,0.0,0.0,0.0
2003-11-28,0.0,0.0,0.0
2003-11-29,0.0,0.5,0.0
2003-11-30,0.0,3.7,0.0
2003-12-01,0.0,2.8,0.0
2003-12-02,8.0,9.3,7.0
2003-12-03,20.0,45.7,52.5
2003-12-04,0.0,0.3,0.0
2003-12-05,1.0,8.3,5.8
2003-12-06,49.0,3.6,0.0
2003-12-07,0.0,1.4,0.0
2003-12-08,0.0,0.1,0.0
2003-12-09,0.0,0.8,0.0
2003-12-10,3.0,18.3,26.8
2003-12-11,0.0,3.6,0.0
2003-12-12,0.0,1.4,0.0
2003-12-13,0.0,21.1,29.9
2003-12-14,2.0,16.3,21.3
2003-12-15,1.0,6.6,2.8
2003-12-16,8.0,6.7,2.9
2003-12-17,0.0,5.5,1.6
2003-12-19,9.0,5.6,1.7
2003-12-20,1.0,2.0,0.0
2003-12-21,6.0,8.6,3.9
2003-12-22,1.0,13.9,9.3
2003-12-23,1.0,15.5,11.0
2003-12-24,1.0,10.3,5.7
2003-12-25,4.0,19.2,14.6
2003-12-26,2.0,2.5,0.0
2003-12-27,0.0,2.9,0.0
2003-12-28,12.0,6.2,1.7
2003-12-29,0.0,2.3,0.0
2003-12-30,8.0,9.4,4.7
2003-12-31,1.0,7.5,2.9
2004-01-01,11.0,3.7,1.0
2004-01-02,36.0,6.5,3.3
2004-01-03,14.0,0.3,0.0
2004-01-04,7.0,3.9,1.0
2004-01-05,2.0,5.8,2.6
2004-01-06,13.0,9.5,6.5
2004-01-07,6.0,2.2,0.0
2004-01-08,9.0,10.1,7.1
2004-01-09,5.0,0.3,0.0
2004-01-10,0.0,0.0,0.0
2004-01-11,0.0,2.3,0.0
2004-01-12,2.0,1.2,0.0
2004-01-13,0.0,0.5,0.0
2004-01-14,2.0,2.0,0.0
2004-01-16,12.0,4.4,1.6
2004-01-17,0.0,8.6,7.5
2004-01-18,0.0,1.3,0.0
2004-01-19,1.0,2.0,0.0
2004-01-20,9.0,2.5,0.0
2004-01-21,6.0,59.0,88.3
2004-01-22,0.0,11.1,10.9
2004-01-23,0.0,1.1,0.0
2004-01-24,2.0,0.3,0.0
2004-01-25,0.0,0.0,0.0
2004-01-26,0.0,1.5,0.0
2004-01-27,0.0,2.3,0.0
2004-01-28,0.0,0.0,0.0
2004-01-29,5.0,3.8,1.0
2004-01-30,0.0,0.7,0.0
2004-01-31,6.0,18.4,24.2
2004-02-01,0.0,1.7,0.0
2004-02-02,16.0,11.5,11.3
2004-02-03,51.0,73.2,81.7
2004-02-04,6.0,6.7,3.3
2004-02-05,1.0,8.9,6.9
2004-02-06,0.0,0.5,0.0
2004-02-07,11.0,2.1,0.0
2004-02-08,25.0,18.7,29.8
2004-02-09,1.0,4.8,1.0
2004-02-10,0.0,0.5,0.0
2004-02-11,0.0,0.0,0.0
2004-02-12,0.0,0.0,0.0
2004-02-13,0.0,11.0,12.0
2004-02-14,33.0,8.9,8.7
2004-02-16,9.0,11.9,14.4
2004-02-17,0.0,1.1,0.0
2004-02-18,31.0,4.3,1.7
2004-02-19,40.0,7.7,6.8
2004-02-20,8.0,1.8,0.0
2004-02-21,2.0,1.3,0.0
2004-02-22,0.0,0.2,0.0
2004-02-23,3.0,8.8,8.7
2004-02-24,0.0,2.1,0.0
2004-02-25,0.0,3.9,1.4
2004-02-26,0.0,0.0,0.0
2004-02-27,9.0,0.8,0.0
2004-02-28,1.0,0.0,0.0
2004-02-29,0.0,0.0,0.0
2004-03-01,3.0,0.4,0.0
2004-03-02,0.0,0.4,0.0
2004-03-03,12.0,8.6,4.8
2004-03-04,0.0,1.8,0.0
2004-03-05,19.0,4.9,1.1
2004-03-06,0.0,3.9,1.0
2004-03-07,2.0,8.8,4.9
2004-03-09,0.0,1.3,0.0
2004-03-10,12.0,8.4,4.6
2004-03-11,1.0,26.1,35.3
2004-03-12,0.0,4.7,1.6
2004-03-13,3.0,2.3,0.0
2004-03-14,2.0,4.9,1.8
2004-03-15,0.0,1.7,0.0
2004-03-16,18.0,11.6,10.1
2004-03-17,3.0,1.0,0.0
2004-03-18,7.0,0.0,0.0
2004-03-19,0.0,0.0,0.0
2004-03-20,0.0,0.0,0.0
2004-03-21,4.0,0.1,0.0
2004-03-22,0.0,0.0,0.0
2004-03-23,1.0,0.0,0.0
2004-03-24,0.0,0.0,0.0
2004-03-25,3.0,2.8,0.0
2004-03-26,0.0,0.0,0.0
2004-03-27,0.0,0.3,0.0
2004-03-28,0.0,0.0,0.0
2004-03-29,0.0,0.0,0.0
2004-03-30,0.0,0.0,0.0
2004-03-31,0.0,0.0,0.0
2004-04-01,0.0,0.0,0.0
2004-04-02,19.0,13.1,9.7
2004-04-03,12.0,0.0,0.0
2004-04-04,0.0,0.0,0.0
2004-04-05,5.0,0.0,0.0
2004-04-06,0.0,0.7,0.0
2004-04-07,0.0,0.2,0.0
2004-04-08,1.0,10.2,6.8
2004-04-09,2.0,6.0,2.4
2004-04-10,0.0,0.0,0.0
2004-04-11,1.0,4.9,3.6
2004-04-12,0.0,0.0,0.0
2004-04-13,0.0,3.1,1.3
2004-04-14,0.0,0.7,0.0
2004-04-15,0.0,1.0,0.0
2004-04-16,79.0,30.2,52.0
2004-04-17,3.0,4.5,3.0
2004-04-18,0.0,0.0,0.0
2004-04-19,0.0,0.0,0.0
2004-04-20,0.0,0.1,0.0
2004-04-21,0.0,0.0,0.0
2004-04-22,6.0,3.1,1.8
2004-04-23,0.0,1.4,1.0
2004-04-24,2.0,3.3,2.0
2004-04-25,1.0,7.2,5.6
2004-04-26,0.0,0.2,0.0
2004-04-27,0.0,1.0,0.0
2004-04-28,5.0,0.3,0.0
2004-04-29,0.0,0.4,0.0
2004-04-30,0.0,0.6,0.0
2004-05-01,0.0,8.7,4.9
2004-05-02,2.0,11.0,6.9
2004-05-03,22.0,17.5,12.8
2004-05-04,1.0,2.0,1.0
2004-05-05,8.0,9.4,5.6
2004-05-06,21.0,41.8,46.9
2004-05-07,1.0,4.7,1.8
2004-05-08,0.0,40.5,44.5
2004-05-09,17.0,35.9,36.8
2004-05-10,17.0,51.9,70.9
2004-05-11,0.0,0.4,0.0
2004-05-12,0.0,0.0,0.0
2004-05-13,0.0,0.0,0.0
2004-05-14,0.0,0.0,0.0
2004-05-15,0.0,0.0,0.0
2004-05-16,0.0,0.0,0.0
2004-05-17,2.0,2.6,2.7
2004-05-18,0.0,0.0,0.0
2004-05-19,0.0,0.0,0.0
2004-05-20,0.0,0.1,0.0
2004-05-21,0.0,0.0,0.0
2004-05-22,0.0,0.0,0.0
2004-05-23,0.0,0.0,0.0
2004-05-24,0.0,0.3,0.0
2004-05-25,0.0,0.8,0.0
2004-05-26,0.0,0.3,0.0
2004-05-27,0.0,0.4,0.0
2004-05-28,0.0,1.4,1.9
2004-05-29,1.0,3.9,4.1
2004-05-31,19.0,20.7,18.0
2004-06-01,4.0,4.5,4.9
2004-06-02,20.0,55.7,73.6
2004-06-03,0.0,8.9,10.4
2004-06-04,0.0,1.1,1.0
2004-06-05,0.0,0.1,0.0
2004-06-06,0.0,0.0,0.0
2004-06-07,0.0,1.0,1.0
2004-06-08,0.0,3.1,3.1
2004-06-10,1.0,1.7,1.5
2004-06-11,2.0,0.4,0.0
2004-06-12,0.0,0.0,0.0
2004-06-13,0.0,0.0,0.0
2004-06-14,0.0,0.2,0.0
2004-06-15,3.0,0.0,0.0
2004-06-16,27.0,5.7,4.5
2004-06-17,4.0,2.8,1.4
2004-06-18,0.0,4.3,3.0
2004-06-19,0.0,0.4,0.0
2004-06-20,0.0,2.9,1.5
2004-06-21,0.0,0.0,0.0
2004-06-22,0.0,0.1,0.0
2004-06-23,0.0,0.0,0.0
2004-06-24,0.0,0.3,0.0
2004-06-25,0.0,0.1,0.0
2004-06-26,0.0,0.0,0.0
2004-06-28,0.0,0.4,0.0
2004-06-29,0.0,0.3,0.0
2004-06-30,0.0,0.0,0.0
2004-07-01,0.0,0.1,0.0
2004-07-02,0.0,0.7,0.0
2004-07-03,0.0,0.1,0.0
2004-07-04,0.0,0.0,0.0
2004-07-05,1.0,1.0,0.0
2004-07-06,1.0,0.3,0.0
2004-07-07,3.0,0.6,0.0
2004-07-09,0.0,0.1,0.0
2004-07-10,0.0,0.2,0.0
2004-07-11,0.0,0.2,0.0
2004-07-12,0.0,6.0,6.8
2004-07-13,0.0,0.8,0.0
2004-07-14,0.0,0.3,0.0
2004-07-15,0.0,0.0,0.0
2004-07-16,2.0,6.5,7.2
2004-07-18,0.0,0.6,0.0
2004-07-19,0.0,0.0,0.0
2004-07-20,8.0,0.9,0.0
2004-07-21,0.0,0.3,0.0
2004-07-22,0.0,0.1,0.0
2004-07-24,0.0,0.7,0.0
2004-07-25,0.0,0.1,0.0
2004-07-26,0.0,0.0,0.0
2004-07-27,0.0,0.0,0.0
2004-07-28,0.0,0.1,0.0
2004-07-29,0.0,4.2,4.9
2004-07-30,0.0,2.5,3.6
2004-07-31,0.0,0.1,0.0
2004-09-01,0.0,0.0,0.0
2004-09-07,3.0,10.2,11.2
2004-09-08,3.0,11.4,12.5
2004-09-11,1.0,7.0,7.4
2004-09-16,1.0,0.2,0.0
2004-09-27,4.0,4.5,2.1
2004-10-01,0.0,0.1,0.0
2004-10-02,0.0,0.0,0.0
2004-10-03,0.0,0.1,0.0
2004-10-04,0.0,0.0,0.0
2004-10-05,0.0,0.0,0.0
2004-10-06,0.0,0.0,0.0
2004-10-07,0.0,0.0,0.0
2004-10-08,0.0,0.0,0.0
2004-10-09,0.0,0.0,0.0
2004-10-10,0.0,0.0,0.0
2004-10-11,0.0,1.9,0.0
2004-10-12,0.0,0.0,0.0
2004-10-13,0.0,0.0,0.0
2004-10-14,0.0,0.0,0.0
2004-10-15,0.0,1.3,0.0
2004-10-16,0.0,0.0,0.0
2004-10-17,0.0,0.0,0.0
2004-10-18,0.0,0.5,0.0
2004-10-19,0.0,0.0,0.0
2004-10-20,0.0,0.0,0.0
2004-10-21,0.0,0.0,0.0
2004-10-22,0.0,0.0,0.0
2004-10-23,1.0,0.8,0.0
2004-10-24,0.0,2.1,0.0
2004-10-25,0.0,0.0,0.0
2004-10-26,0.0,0.1,0.0
2004-10-27,0.0,0.0,0.0
2004-10-28,0.0,0.0,0.0
2004-10-29,0.0,0.0,0.0
2004-10-30,70.0,120.1,82.7
2004-10-31,0.0,0.0,0.0
2004-11-01,0.0,0.0,0.0
2004-11-02,0.0,0.0,0.0
2004-11-03,0.0,0.0,0.0
2004-11-04,0.0,0.0,0.0
2004-11-05,0.0,0.0,0.0
2004-11-06,0.0,0.2,0.0
2004-11-07,0.0,0.0,0.0
2004-11-08,0.0,0.6,0.0
2004-11-09,0.0,0.4,0.0
2004-11-10,0.0,0.0,0.0
2004-11-11,0.0,0.0,0.0
2004-11-12,0.0,0.0,0.0
2004-11-13,0.0,0.0,0.0
2004-11-14,0.0,0.1,0.0
2004-11-15,0.0,0.1,0.0
2004-11-16,0.0,0.0,0.0
2004-11-17,0.0,0.2,0.0
2004-11-18,0.0,0.2,0.0
2004-11-19,0.0,2.9,0.0
2004-11-20,0.0,1.6,0.0
2004-11-21,0.0,5.3,1.0
2004-11-22,0.0,1.5,0.0
2004-11-23,0.0,1.9,0.0
2004-11-24,0.0,0.3,0.0
2004-11-25,0.0,3.7,0.0
2004-11-26,0.0,0.3,0.0
2004-11-27,0.0,8.8,5.6
2004-11-28,0.0,6.3,1.8
2004-11-29,0.0,1.5,0.0
2004-11-30,24.0,22.4,38.2
2004-12-01,1.0,0.7,0.0
2004-12-02,0.0,0.0,0.0
2004-12-03,0.0,0.0,0.0
2004-12-04,0.0,0.0,0.0
2004-12-05,0.0,0.0,0.0
2004-12-06,6.0,16.6,24.6
2004-12-07,0.0,0.3,0.0
2004-12-08,0.0,1.5,0.0
2004-12-09,6.0,7.9,4.9
2004-12-10,9.0,7.6,4.5
2004-12-11,0.0,2.0,0.0
2004-12-12,0.0,0.7,0.0
2004-12-13,0.0,0.8,0.0
2004-12-14,0.0,0.0,0.0
2004-12-15,0.0,0.0,0.0
2004-12-16,0.0,0.1,0.0
2004-12-17,0.0,0.8,0.0
2004-12-18,0.0,1.1,0.0
2004-12-19,0.0,0.1,0.0
2004-12-20,5.0,1.6,0.0
2004-12-21,1.0,1.9,0.0
2004-12-23,6.0,7.4,2.8
2004-12-24,0.0,2.3,0.0
2004-12-25,0.0,3.7,0.0
2004-12-26,16.0,8.7,4.0
2004-12-27,0.0,1.0,0.0
2004-12-28,4.0,2.7,0.0
2004-12-29,23.0,7.5,2.8
2004-12-30,0.0,0.7,0.0
2004-12-31,0.0,2.0,0.0
2005-01-01,12.0,6.8,3.6
2005-01-02,3.0,0.7,0.0
2005-01-03,4.0,0.5,0.0
2005-01-04,19.0,9.2,6.1
2005-01-05,33.0,71.9,68.6
2005-01-06,10.0,15.5,14.3
2005-01-07,0.0,1.4,0.0
2005-01-08,3.0,11.8,9.0
2005-01-09,0.0,2.3,0.0
2005-01-10,0.0,2.8,0.0
2005-01-11,0.0,3.6,1.0
2005-01-12,2.0,7.3,5.6
2005-01-13,1.0,3.4,1.0
2005-01-14,6.0,9.8,9.3
2005-01-15,48.0,55.6,76.6
2005-01-16,1.0,0.5,0.0
2005-01-17,18.0,9.7,9.1
2005-01-18,4.0,35.5,64.1
2005-01-19,55.0,41.2,76.5
2005-01-20,82.0,15.2,24.0
2005-01-22,0.0,3.2,1.0
2005-01-23,1.0,0.0,0.0
2005-01-24,3.0,6.7,4.7
2005-01-25,4.0,2.2,0.0
2005-01-26,7.0,0.1,0.0
2005-01-27,111.0,4.7,2.1
2005-01-28,2.0,1.0,0.0
2005-01-29,38.0,29.0,42.9
2005-01-30,0.0,2.7,0.0
2005-01-31,0.0,1.1,0.0
2005-02-01,1.0,9.3,7.4
2005-02-02,1.0,1.2,0.0
2005-02-03,2.0,1.0,0.0
2005-02-04,5.0,5.8,1.8
2005-02-05,0.0,1.3,0.0
2005-02-06,0.0,7.7,4.8
2005-02-07,158.0,11.2,10.8
2005-02-08,92.0,46.6,81.5
2005-02-09,35.0,16.0,22.9
2005-02-10,1.0,43.0,76.5
2005-02-11,26.0,27.6,53.1
2005-02-12,0.0,5.4,3.2
2005-02-13,0.0,0.0,0.0
2005-02-14,1.0,0.8,0.0
2005-02-15,0.0,0.2,0.0
2005-02-16,2.0,12.6,14.4
2005-02-17,9.0,15.5,24.8
2005-02-18,2.0,2.1,0.0
2005-02-19,3.0,4.8,2.5
2005-02-20,30.0,8.7,8.4
2005-02-21,0.0,0.0,0.0
2005-02-22,0.0,0.0,0.0
2005-02-23,0.0,2.7,0.0
2005-02-24,0.0,0.3,0.0
2005-02-25,2.0,1.6,0.0
2005-02-26,4.0,21.9,39.7
2005-02-27,0.0,6.5,5.1
2005-02-28,54.0,27.2,56.2
2005-03-01,9.0,4.8,1.0
2005-03-02,5.0,1.0,0.0
2005-03-03,6.0,1.5,0.0
2005-03-04,45.0,13.6,11.1
2005-03-05,39.0,7.4,3.6
2005-03-06,17.0,0.4,0.0
2005-03-07,0.0,0.2,0.0
2005-03-08,0.0,0.2,0.0
2005-03-09,5.0,0.0,0.0
2005-03-10,0.0,0.0,0.0
2005-03-11,0.0,0.0,0.0
2005-03-12,0.0,0.7,0.0
2005-03-13,0.0,9.0,7.0
2005-03-14,2.0,4.8,1.8
2005-03-15,0.0,0.0,0.0
2005-03-16,0.0,0.0,0.0
2005-03-17,0.0,0.6,0.0
2005-03-18,19.0,4.7,1.6
2005-03-19,5.0,1.1,0.0
2005-03-20,0.0,0.2,0.0
2005-03-21,0.0,4.8,1.3
2005-03-22,0.0,0.8,0.0
2005-03-23,1.0,5.4,1.9
2005-03-24,1.0,11.2,8.6
2005-03-25,27.0,29.9,40.8
2005-03-26,16.0,23.8,31.8
2005-03-27,4.0,1.7,0.0
2005-03-28,10.0,3.5,0.0
2005-03-29,16.0,25.4,34.8
2005-03-30,40.0,20.5,27.8
2005-03-31,49.0,30.7,42.1
2005-04-01,0.0,2.6,0.0
2005-04-02,8.0,54.3,52.5
2005-04-03,5.0,18.2,18.0
2005-04-04,8.0,7.1,3.6
2005-04-05,5.0,22.4,23.3
2005-04-06,2.0,6.9,3.3
2005-04-07,9.0,29.0,30.6
2005-04-08,0.0,4.4,1.0
2005-04-09,2.0,5.9,2.4
2005-04-10,3.0,4.7,1.1
2005-04-11,0.0,6.3,5.6
2005-04-12,12.0,12.4,14.7
2005-04-13,0.0,11.3,13.0
2005-04-14,13.0,21.6,34.8
2005-04-16,48.0,2.5,1.0
2005-04-17,8.0,2.5,1.0
2005-04-18,0.0,0.0,0.0
2005-04-19,0.0,0.0,0.0
2005-04-20,2.0,0.0,0.0
2005-04-21,2.0,0.0,0.0
2005-04-22,1.0,0.0,0.0
2005-04-23,0.0,0.0,0.0
2005-04-24,0.0,0.0,0.0
2005-04-25,0.0,0.0,0.0
2005-04-26,6.0,0.0,0.0
2005-04-27,7.0,0.8,0.0
2005-04-28,46.0,16.3,17.8
2005-04-29,46.0,1.2,1.0
2005-04-30,0.0,0.1,0.0
2005-05-01,0.0,0.0,0.0
2005-05-02,0.0,1.0,0.0
2005-05-03,20.0,5.7,2.6
2005-05-04,0.0,0.8,0.0
2005-05-05,0.0,0.4,0.0
2005-05-06,14.0,15.5,11.1
2005-05-07,0.0,0.6,0.0
2005-05-08,3.0,0.7,0.0
2005-05-09,0.0,1.7,1.0
2005-05-10,0.0,0.3,0.0
2005-05-11,1.0,0.9,0.0
2005-05-12,0.0,2.1,2.3
2005-05-13,2.0,0.1,0.0
2005-05-14,0.0,0.1,0.0
2005-05-15,0.0,0.0,0.0
2005-05-16,0.0,0.0,0.0
2005-05-17,0.0,0.0,0.0
2005-05-18,0.0,0.0,0.0
2005-05-19,0.0,0.0,0.0
2005-05-20,0.0,0.0,0.0
2005-05-21,0.0,0.0,0.0
2005-05-22,1.0,0.0,0.0
2005-05-23,0.0,0.4,0.0
2005-05-24,1.0,0.1,0.0
2005-05-25,0.0,0.2,0.0
2005-05-26,0.0,0.1,0.0
2005-05-27,0.0,0.2,0.0
2005-05-28,0.0,3.1,3.3
2005-05-30,3.0,0.0,0.0
2005-05-31,0.0,0.1,0.0
2005-06-01,0.0,0.0,0.0
2005-06-02,0.0,0.0,0.0
2005-06-03,0.0,0.0,0.0
2005-06-04,0.0,0.0,0.0
2005-06-05,3.0,0.0,0.0
2005-06-06,0.0,1.0,1.0
2005-06-07,0.0,2.7,2.6
2005-06-08,3.0,3.0,3.0
2005-06-09,0.0,0.3,0.0
2005-06-10,0.0,0.2,0.0
2005-06-11,0.0,0.0,0.0
2005-06-12,0.0,0.0,0.0
2005-06-13,0.0,0.0,0.0
2005-06-14,0.0,1.1,0.0
2005-06-15,0.0,0.1,0.0
2005-06-16,0.0,0.4,0.0
2005-06-17,0.0,0.0,0.0
2005-06-19,2.0,11.6,11.4
2005-06-20,0.0,3.9,2.6
2005-06-21,2.0,0.0,0.0
2005-06-22,0.0,0.0,0.0
2005-06-23,0.0,1.0,0.0
2005-06-24,8.0,54.5,50.1
2005-06-25,0.0,0.4,0.0
2005-06-26,0.0,5.5,6.2
2005-06-27,3.0,2.9,4.1
2005-06-28,0.0,3.6,4.7
2005-06-29,0.0,0.0,0.0
2005-06-30,0.0,0.0,0.0
2005-07-01,0.0,2.1,4.8
2005-07-02,2.0,14.6,13.3
2005-07-03,1.0,0.4,0.0
2005-07-04,24.0,12.8,12.2
2005-07-06,0.0,0.2,0.0
2005-07-07,0.0,0.1,0.0
2005-07-08,0.0,0.0,0.0
2005-07-09,3.0,1.9,4.6
2005-07-10,15.0,29.1,23.2
2005-07-11,0.0,0.1,0.0
2005-07-12,6.0,6.1,6.9
2005-07-13,1.0,0.2,0.0
2005-07-14,2.0,4.1,5.2
2005-07-15,1.0,0.3,0.0
2005-07-17,4.0,1.5,3.1
2005-07-18,0.0,0.7,0.0
2005-07-19,50.0,41.0,37.2
2005-07-20,38.0,27.6,24.2
2005-07-21,3.0,0.9,0.0
2005-07-22,0.0,0.0,0.0
2005-07-24,0.0,1.8,3.0
2005-07-25,0.0,4.0,4.8
2005-07-26,0.0,0.0,0.0
2005-07-27,0.0,0.4,0.0
2005-07-28,0.0,0.0,0.0
2005-07-29,2.0,11.2,10.0
2005-07-30,0.0,0.1,0.0
2005-07-31,0.0,0.0,0.0
2005-08-01,0.0,0.0,0.0
2005-08-02,0.0,0.0,0.0
2005-08-03,0.0,8.5,5.5
2005-08-04,0.0,1.6,1.0
2005-08-05,0.0,0.0,0.0
2005-08-06,0.0,0.0,0.0
2005-08-07,0.0,0.0,0.0
2005-08-08,0.0,0.0,0.0
2005-08-09,0.0,0.3,0.0
2005-08-10,0.0,1.5,0.0
2005-08-11,0.0,0.0,0.0
2005-08-12,0.0,0.0,0.0
2005-08-14,0.0,0.1,0.0
2005-08-15,0.0,0.3,0.0
2005-08-16,0.0,3.6,5.7
2005-08-17,0.0,1.4,2.0
2005-08-18,0.0,0.1,0.0
2005-08-19,2.0,0.7,1.0
2005-08-20,1.0,0.2,0.0
2005-08-21,0.0,0.0,0.0
2005-08-22,0.0,0.0,0.0
2005-08-23,0.0,0.0,0.0
2005-08-24,0.0,0.0,0.0
2005-08-25,0.0,0.0,0.0
2005-08-26,0.0,0.1,0.0
2005-08-27,0.0,0.1,0.0
2005-08-28,0.0,0.0,0.0
2005-08-30,0.0,0.0,0.0
2005-08-31,0.0,0.0,0.0
2005-09-01,0.0,0.0,0.0
2005-09-02,0.0,0.0,0.0
2005-09-03,0.0,0.1,0.0
2005-09-04,0.0,0.0,0.0
2005-09-05,0.0,0.0,0.0
2005-09-06,0.0,0.0,0.0
2005-09-07,0.0,0.0,0.0
2005-09-08,0.0,0.0,0.0
2005-09-09,0.0,0.0,0.0
2005-09-10,0.0,0.0,0.0
2005-09-11,0.0,1.3,1.0
2005-09-12,0.0,0.0,0.0
2005-09-13,0.0,0.1,0.0
2005-09-14,0.0,0.1,0.0
2005-09-15,0.0,0.2,0.0
2005-09-16,0.0,0.0,0.0
2005-09-17,0.0,0.0,0.0
2005-09-18,0.0,0.2,0.0
2005-09-19,0.0,0.3,0.0
2005-09-20,0.0,0.0,0.0
2005-09-21,2.0,1.9,1.0
2005-09-23,1.0,3.7,1.7
2005-09-24,0.0,0.3,0.0
2005-09-25,0.0,0.0,0.0
2005-09-26,0.0,0.0,0.0
2005-09-27,0.0,0.0,0.0
2005-09-28,0.0,0.0,0.0
2005-09-29,0.0,0.0,0.0
2005-09-30,0.0,0.1,0.0
2005-10-01,0.0,0.2,0.0
2005-10-02,0.0,0.0,0.0
2005-10-03,0.0,0.0,0.0
2005-10-04,0.0,0.2,0.0
2005-10-05,4.0,1.8,1.0
2005-10-06,2.0,1.1,0.0
2005-10-07,0.0,2.8,1.2
2005-10-09,0.0,3.0,1.3
2005-10-10,0.0,0.1,0.0
2005-10-11,0.0,0.7,0.0
2005-10-12,3.0,3.4,1.1
2005-10-13,1.0,2.2,0.0
2005-10-14,0.0,3.2,1.1
2005-10-15,0.0,1.0,0.0
2005-10-16,76.0,46.2,65.9
2005-10-17,0.0,4.2,1.8
2005-10-18,0.0,3.5,1.1
2005-10-19,47.0,21.1,41.8
2005-10-20,0.0,0.9,0.0
2005-10-21,0.0,2.2,0.0
2005-10-22,0.0,0.2,0.0
2005-10-24,0.0,9.5,1.2
2005-10-25,0.0,5.3,0.0
2005-10-26,0.0,0.3,0.0
2005-10-27,0.0,0.6,0.0
2005-10-28,2.0,18.0,7.2
2005-10-29,0.0,1.2,0.0
2005-10-30,0.0,0.3,0.0
2005-10-31,0.0,0.2,0.0
2005-11-01,0.0,0.0,0.0
2005-11-02,0.0,0.0,0.0
2005-11-03,0.0,0.0,0.0
2005-11-04,0.0,0.5,0.0
2005-11-05,0.0,0.0,0.0
2005-11-06,0.0,0.0,0.0
2005-11-07,0.0,0.5,0.0
2005-11-08,0.0,0.5,0.0
2005-11-09,0.0,1.7,0.0
2005-11-10,0.0,0.5,0.0
2005-11-11,0.0,1.8,0.0
2005-11-12,14.0,73.8,53.4
2005-11-13,0.0,2.8,0.0
2005-11-14,0.0,0.0,0.0
2005-11-15,1.0,0.0,0.0
2005-11-16,1.0,1.1,0.0
2005-11-17,1.0,0.0,0.0
2005-11-19,0.0,0.2,0.0
2005-11-20,0.0,0.3,0.0
2005-11-21,0.0,0.2,0.0
2005-11-22,0.0,0.4,0.0
2005-11-23,17.0,8.6,5.4
2005-11-24,22.0,6.9,2.7
2005-11-25,11.0,5.9,1.3
2005-11-26,12.0,27.7,47.6
2005-11-27,14.0,9.9,7.4
2005-11-28,0.0,3.7,0.0
2005-11-29,23.0,35.6,62.0
2005-11-30,2.0,4.3,0.0
2005-12-01,1.0,0.2,0.0
2005-12-02,0.0,0.3,0.0
2005-12-03,0.0,1.6,0.0
2005-12-04,2.0,16.0,23.7
2005-12-05,3.0,3.5,0.0
2005-12-06,0.0,3.5,0.0
2005-12-07,2.0,9.9,7.5
2005-12-08,0.0,0.4,0.0
2005-12-09,1.0,8.5,5.6
2005-12-10,9.0,2.4,0.0
2005-12-11,1.0,11.4,8.2
2005-12-12,7.0,4.7,1.0
2005-12-13,41.0,22.3,30.9
2005-12-14,13.0,9.0,5.4
2005-12-15,3.0,20.6,29.0
2005-12-16,0.0,4.0,0.0
2005-12-17,1.0,2.6,0.0
2005-12-19,50.0,7.2,3.5
2005-12-20,3.0,5.4,1.5
2005-12-21,2.0,8.4,3.7
2005-12-22,12.0,8.4,3.8
2005-12-23,5.0,9.6,4.9
2005-12-24,2.0,2.4,0.0
2005-12-25,1.0,1.6,0.0
2005-12-26,14.0,12.2,7.6
2005-12-27,38.0,24.1,23.6
2005-12-28,2.0,0.8,0.0
2005-12-29,0.0,3.1,0.0
2005-12-30,0.0,0.0,0.0
2005-12-31,0.0,4.4,1.0
2006-01-01,0.0,3.3,0.0
2006-01-02,5.0,5.4,2.1
2006-01-03,0.0,1.2,0.0
2006-01-04,4.0,3.1,0.0
2006-01-05,0.0,10.4,7.3
2006-01-06,5.0,10.2,7.2
2006-01-07,0.0,0.2,0.0
2006-01-08,0.0,0.1,0.0
2006-01-09,2.0,0.1,0.0
2006-01-10,0.0,1.2,0.0
2006-01-11,0.0,0.0,0.0
2006-01-12,0.0,0.0,0.0
2006-01-13,1.0,0.2,0.0
2006-01-14,1.0,4.8,2.2
2006-01-15,9.0,4.4,1.6
2006-01-16,21.0,8.6,7.5
2006-01-17,17.0,23.3,39.9
2006-01-18,12.0,3.6,1.0
2006-01-19,109.0,18.4,30.0
2006-01-20,2.0,11.8,12.1
2006-01-21,0.0,0.3,0.0
2006-01-22,0.0,4.4,1.8
2006-01-23,1.0,8.4,7.0
2006-01-24,13.0,5.3,2.9
2006-01-25,40.0,4.4,1.7
2006-01-26,48.0,9.1,7.8
2006-01-28,0.0,0.6,0.0
2006-01-29,0.0,0.2,0.0
2006-01-30,22.0,6.6,4.6
2006-01-31,13.0,0.3,0.0
2006-02-01,49.0,12.4,12.7
2006-02-02,3.0,0.0,0.0
2006-02-03,2.0,12.6,12.9
2006-02-04,6.0,5.9,1.9
2006-02-05,3.0,5.6,1.4
2006-02-06,0.0,1.7,0.0
2006-02-07,0.0,0.6,0.0
2006-02-08,33.0,2.2,0.0
2006-02-09,0.0,0.1,0.0
2006-02-10,1.0,2.0,0.0
2006-02-11,23.0,2.4,0.0
2006-02-13,0.0,0.0,0.0
2006-02-14,6.0,7.9,7.1
2006-02-16,9.0,3.2,1.0
2006-02-18,2.0,3.8,1.1
2006-02-19,0.0,1.8,0.0
2006-02-20,7.0,0.8,0.0
2006-02-21,0.0,1.2,0.0
2006-02-22,18.0,13.2,15.7
2006-02-23,13.0,14.8,20.9
2006-02-24,0.0,6.0,4.5
2006-02-25,0.0,9.1,9.3
2006-02-26,0.0,2.9,1.0
2006-02-27,6.0,24.4,49.0
2006-02-28,5.0,16.2,24.8
2006-03-01,3.0,8.2,4.4
2006-03-02,3.0,7.8,3.9
2006-03-03,0.0,0.8,0.0
2006-03-04,10.0,1.3,0.0
2006-03-05,2.0,0.0,0.0
2006-03-06,0.0,0.2,0.0
2006-03-07,0.0,0.0,0.0
2006-03-09,2.0,0.3,0.0
2006-03-10,12.0,31.3,41.2
2006-03-11,1.0,3.8,1.0
2006-03-12,0.0,6.3,3.5
2006-03-13,0.0,4.0,1.0
2006-03-14,0.0,0.3,0.0
2006-03-15,0.0,0.2,0.0
2006-03-16,1.0,0.5,0.0
2006-03-17,0.0,0.2,0.0
2006-03-18,0.0,2.0,0.0
2006-03-19,2.0,8.2,5.8
2006-03-20,1.0,1.9,0.0
2006-03-21,1.0,6.1,2.7
2006-03-22,0.0,1.9,0.0
2006-03-23,0.0,6.7,3.4
2006-03-24,8.0,0.1,0.0
2006-03-25,43.0,18.3,23.0
2006-03-26,0.0,5.1,1.7
2006-03-27,62.0,43.0,56.9
2006-03-28,35.0,46.3,60.4
2006-03-29,2.0,5.1,1.6
2006-03-30,4.0,13.8,11.7
2006-03-31,19.0,11.5,8.9
2006-04-01,9.0,5.3,1.7
2006-04-02,0.0,4.8,1.2
2006-04-03,1.0,2.0,0.0
2006-04-04,0.0,4.2,1.0
2006-04-05,6.0,5.5,1.9
2006-04-06,0.0,0.4,0.0
2006-04-07,2.0,14.7,11.5
2006-04-08,0.0,0.3,0.0
2006-04-09,5.0,9.5,6.1
2006-04-10,12.0,0.4,0.0
2006-04-11,0.0,1.2,0.0
2006-04-12,0.0,0.2,0.0
2006-04-13,0.0,5.6,4.5
2006-04-14,32.0,7.2,7.2
2006-04-15,3.0,16.2,25.4
2006-04-16,0.0,0.3,0.0
2006-04-17,0.0,0.8,0.0
2006-04-18,6.0,2.3,1.0
2006-04-19,2.0,16.0,25.0
2006-04-20,4.0,2.0,1.0
2006-04-21,6.0,0.4,0.0
2006-04-24,0.0,12.8,12.7
2006-04-25,0.0,12.5,10.9
2006-04-26,2.0,20.5,24.1
2006-04-27,15.0,1.4,1.0
2006-04-28,7.0,8.4,7.0
2006-04-29,2.0,0.4,0.0
2006-04-30,52.0,58.1,86.6
2006-05-01,7.0,1.9,1.0
2006-05-02,0.0,0.9,0.0
2006-05-03,0.0,4.2,1.5
2006-05-04,2.0,9.5,5.7
2006-05-05,13.0,3.3,1.0
2006-05-06,0.0,0.0,0.0
2006-05-07,0.0,0.1,0.0
2006-05-08,0.0,0.0,0.0
2006-05-09,0.0,0.0,0.0
2006-05-10,0.0,0.9,0.0
2006-05-11,0.0,0.0,0.0
2006-05-12,0.0,0.0,0.0
2006-05-13,0.0,0.0,0.0
2006-05-14,0.0,0.0,0.0
2006-05-15,0.0,0.0,0.0
2006-05-16,0.0,0.0,0.0
2006-05-17,3.0,6.1,5.9
2006-05-18,4.0,4.2,4.2
2006-05-19,0.0,1.5,1.7
2006-05-20,14.0,17.3,16.2
2006-05-21,0.0,0.4,0.0
2006-05-22,0.0,0.9,0.0
2006-05-23,1.0,6.7,6.6
2006-05-24,3.0,8.0,8.0
2006-05-25,32.0,17.0,16.3
2006-05-26,0.0,2.0,2.4
2006-05-29,8.0,7.5,7.3
2006-05-31,0.0,0.7,0.0
2006-06-01,0.0,0.6,0.0
2006-06-02,24.0,44.9,65.0
2006-06-03,0.0,0.3,0.0
2006-06-04,16.0,4.7,5.1
2006-06-05,2.0,6.8,7.6
2006-06-06,4.0,1.8,1.6
2006-06-07,17.0,3.1,3.1
2006-06-08,6.0,21.2,27.5
2006-06-09,8.0,23.3,31.7
2006-06-10,0.0,2.2,2.0
2006-06-11,20.0,46.1,86.8
2006-06-12,1.0,8.0,7.2
2006-06-13,5.0,23.6,29.7
2006-06-15,3.0,11.4,11.4
2006-06-16,0.0,5.4,4.2
2006-06-17,0.0,11.5,11.1
2006-06-18,0.0,1.4,1.0
2006-06-19,8.0,0.4,0.0
2006-06-20,1.0,0.3,0.0
2006-06-21,3.0,0.3,0.0
2006-06-23,1.0,0.3,0.0
2006-06-24,4.0,8.9,8.9
2006-06-25,19.0,25.7,22.2
2006-06-26,13.0,28.9,19.6
2006-06-27,33.0,133.8,164.2
2006-06-28,14.0,11.8,12.1
2006-06-29,0.0,6.2,6.8
2006-06-30,0.0,1.2,2.7
2006-07-01,0.0,0.6,0.0
2006-07-02,0.0,0.0,0.0
2006-07-03,0.0,0.0,0.0
2006-07-04,0.0,0.0,0.0
2006-07-05,0.0,0.4,0.0
2006-07-06,1.0,0.2,0.0
2006-07-07,3.0,0.0,0.0
2006-07-08,0.0,0.2,0.0
2006-07-09,0.0,0.4,0.0
2006-07-10,0.0,0.0,0.0
2006-07-11,0.0,0.0,0.0
2006-07-12,0.0,0.0,0.0
2006-07-13,0.0,0.0,0.0
2006-07-14,0.0,0.0,0.0
2006-07-15,0.0,0.0,0.0
2006-07-16,0.0,0.0,0.0
2006-07-17,0.0,0.0,0.0
2006-07-18,0.0,0.0,0.0
2006-07-19,0.0,0.0,0.0
2006-07-20,0.0,0.0,0.0
2006-07-21,0.0,0.0,0.0
2006-07-22,3.0,27.5,22.2
2006-07-23,0.0,6.2,6.9
2006-07-24,0.0,0.2,0.0
2006-07-25,0.0,0.0,0.0
2006-07-26,0.0,0.0,0.0
2006-07-27,0.0,0.0,0.0
2006-07-28,0.0,0.0,0.0
2006-07-29,0.0,0.0,0.0
2006-07-30,4.0,0.4,0.0
2006-07-31,4.0,0.0,0.0
2006-08-01,0.0,0.0,0.0
2006-08-02,2.0,0.9,0.0
2006-08-03,0.0,0.0,0.0
2006-08-04,0.0,0.0,0.0
2006-08-05,0.0,0.0,0.0
2006-08-06,0.0,0.4,0.0
2006-08-07,0.0,4.8,2.4
2006-08-08,0.0,0.1,0.0
2006-08-09,0.0,0.0,0.0
2006-08-10,0.0,2.1,1.0
2006-08-11,0.0,0.0,0.0
2006-08-12,0.0,0.2,0.0
2006-08-13,0.0,1.8,2.5
2006-08-14,0.0,0.3,0.0
2006-08-15,2.0,1.0,1.3
2006-08-16,0.0,0.0,0.0
2006-08-17,0.0,0.0,0.0
2006-08-18,0.0,0.0,0.0
2006-08-19,0.0,0.0,0.0
2006-08-20,0.0,0.0,0.0
2006-08-21,0.0,0.0,0.0
2006-08-22,0.0,0.0,0.0
2006-08-23,0.0,0.0,0.0
2006-08-24,0.0,0.0,0.0
2006-08-25,0.0,0.0,0.0
2006-08-26,0.0,0.0,0.0
2006-08-27,0.0,0.0,0.0
2006-08-28,0.0,0.0,0.0
2006-08-30,0.0,0.0,0.0
2006-08-31,0.0,0.0,0.0
2006-09-01,0.0,0.0,0.0
2006-09-02,0.0,0.0,0.0
2006-09-03,0.0,0.2,0.0
2006-09-04,0.0,0.0,0.0
2006-09-05,0.0,0.0,0.0
2006-09-06,0.0,0.0,0.0
2006-09-08,0.0,0.0,0.0
2006-09-09,0.0,0.0,0.0
2006-09-10,0.0,0.2,0.0
2006-09-11,0.0,0.2,0.0
2006-09-12,0.0,0.0,0.0
2006-09-13,0.0,0.0,0.0
2006-09-14,0.0,0.0,0.0
2006-09-15,0.0,0.0,0.0
2006-09-16,0.0,0.0,0.0
2006-09-17,0.0,2.3,1.5
2006-09-18,8.0,29.4,70.5
2006-09-19,0.0,14.6,21.8
2006-09-20,1.0,3.0,2.4
2006-09-21,0.0,12.1,7.8
2006-09-22,0.0,6.5,3.5
2006-09-23,0.0,3.5,1.7
2006-09-24,0.0,0.0,0.0
2006-09-25,0.0,0.0,0.0
2006-09-26,0.0,0.0,0.0
2006-09-27,0.0,0.0,0.0
2006-09-28,0.0,0.0,0.0
2006-09-29,0.0,0.0,0.0
2006-09-30,0.0,0.0,0.0
2006-10-01,0.0,0.0,0.0
2006-10-02,0.0,0.2,0.0
2006-10-03,0.0,0.0,0.0
2006-10-04,0.0,0.0,0.0
2006-10-05,0.0,0.0,0.0
2006-10-06,0.0,0.0,0.0
2006-10-07,0.0,0.0,0.0
2006-10-08,0.0,0.0,0.0
2006-10-09,0.0,0.0,0.0
2006-10-10,0.0,0.0,0.0
2006-10-11,0.0,0.4,0.0
2006-10-12,0.0,0.0,0.0
2006-10-13,0.0,0.3,0.0
2006-10-14,0.0,0.0,0.0
2006-10-15,0.0,0.0,0.0
2006-10-16,0.0,0.0,0.0
2006-10-17,0.0,0.0,0.0
2006-10-18,0.0,0.0,0.0
2006-10-19,0.0,0.0,0.0
2006-10-20,0.0,0.1,0.0
2006-10-21,0.0,0.0,0.0
2006-10-22,0.0,0.0,0.0
2006-10-23,0.0,0.0,0.0
2006-10-24,0.0,0.0,0.0
2006-10-25,0.0,0.1,0.0
2006-10-26,0.0,0.0,0.0
2006-10-27,0.0,0.0,0.0
2006-10-28,0.0,0.0,0.0
2006-10-29,0.0,0.0,0.0
2006-10-30,0.0,0.0,0.0
2006-10-31,0.0,0.0,0.0
2006-11-01,0.0,0.0,0.0
2006-11-02,0.0,0.0,0.0
2006-11-03,0.0,0.0,0.0
2006-11-04,0.0,0.0,0.0
2006-11-05,0.0,0.0,0.0
2006-11-06,0.0,0.0,0.0
2006-11-07,0.0,0.0,0.0
2006-11-08,0.0,0.0,0.0
2006-11-09,0.0,0.0,0.0
2006-11-10,0.0,0.0,0.0
2006-11-11,0.0,0.0,0.0
2006-11-12,0.0,0.0,0.0
2006-11-13,0.0,0.0,0.0
2006-11-14,0.0,5.3,1.1
2006-11-15,0.0,0.0,0.0
2006-11-16,0.0,0.0,0.0
2006-11-17,0.0,0.4,0.0
2006-11-18,0.0,0.0,0.0
2006-11-19,0.0,0.0,0.0
2006-11-20,0.0,0.7,0.0
2006-11-21,7.0,9.6,7.1
2006-11-22,0.0,3.0,0.0
2006-11-23,0.0,0.1,0.0
2006-11-24,0.0,1.2,0.0
2006-11-25,0.0,1.5,0.0
2006-11-26,0.0,0.0,0.0
2006-11-27,5.0,0.1,0.0
2006-11-28,0.0,0.0,0.0
2006-11-29,0.0,0.0,0.0
2006-11-30,0.0,0.8,0.0
2006-12-01,0.0,2.5,0.0
2006-12-02,0.0,0.0,0.0
2006-12-03,0.0,0.0,0.0
2006-12-04,0.0,0.0,0.0
2006-12-05,0.0,0.0,0.0
2006-12-06,0.0,0.0,0.0
2006-12-07,0.0,0.0,0.0
2006-12-08,0.0,0.0,0.0
2006-12-09,0.0,0.0,0.0
2006-12-10,0.0,0.0,0.0
2006-12-11,0.0,0.0,0.0
2006-12-12,0.0,0.0,0.0
2006-12-13,0.0,0.0,0.0
2006-12-14,0.0,0.0,0.0
2006-12-15,20.0,7.8,4.2
2006-12-16,0.0,2.1,0.0
2006-12-17,0.0,0.9,0.0
2006-12-18,0.0,5.0,1.0
2006-12-19,0.0,3.6,0.0
2006-12-20,0.0,5.3,1.3
2006-12-21,0.0,9.2,4.6
2006-12-22,3.0,2.8,0.0
2006-12-23,1.0,2.7,0.0
2006-12-24,0.0,3.8,0.0
2006-12-25,0.0,0.0,0.0
2006-12-26,0.0,3.2,0.0
2006-12-27,17.0,2.4,0.0
2006-12-28,0.0,5.7,1.2
2006-12-29,1.0,26.0,26.3
2006-12-30,2.0,8.0,3.3
2006-12-31,0.0,23.2,22.2
2007-01-01,1.0,10.2,7.2
2007-01-02,21.0,22.4,26.4
2007-01-03,2.0,11.7,8.8
2007-01-04,0.0,2.3,0.0
2007-01-05,15.0,6.7,3.5
2007-01-06,1.0,0.8,0.0
2007-01-07,15.0,2.5,0.0
2007-01-08,0.0,0.3,0.0
2007-01-09,0.0,2.4,0.0
2007-01-10,0.0,2.0,0.0
2007-01-11,4.0,3.3,1.0
2007-01-12,13.0,11.3,11.4
2007-01-13,16.0,38.8,72.1
2007-01-14,72.0,37.8,69.4
2007-01-15,62.0,46.7,77.0
2007-01-16,5.0,1.3,0.0
2007-01-17,5.0,0.0,0.0
2007-01-18,0.0,0.4,0.0
2007-01-19,0.0,2.7,0.0
2007-01-20,0.0,10.4,10.1
2007-01-21,0.0,18.0,23.0
2007-01-22,15.0,1.2,0.0
2007-01-23,5.0,2.1,0.0
2007-01-25,1.0,0.8,0.0
2007-01-26,0.0,7.1,5.3
2007-01-27,11.0,12.3,12.1
2007-01-28,0.0,0.8,0.0
2007-01-29,0.0,7.7,6.1
2007-01-30,0.0,1.0,0.0
2007-01-31,11.0,10.7,10.0
2007-02-01,3.0,4.3,0.0
2007-02-02,6.0,7.2,4.0
2007-02-03,0.0,1.2,0.0
2007-02-04,0.0,1.9,0.0
2007-02-05,0.0,8.2,5.7
2007-02-06,24.0,6.2,2.4
2007-02-07,0.0,6.7,3.3
2007-02-08,3.0,11.6,11.3
2007-02-09,6.0,35.2,64.5
2007-02-10,19.0,8.6,6.4
2007-02-11,16.0,1.6,0.0
2007-02-12,1.0,5.5,3.4
2007-02-13,3.0,0.2,0.0
2007-02-14,0.0,0.3,0.0
2007-02-15,2.0,6.4,4.8
2007-02-16,1.0,13.9,21.9
2007-02-17,4.0,2.2,0.0
2007-02-18,1.0,7.5,6.4
2007-02-19,4.0,3.4,1.0
2007-02-20,0.0,0.7,0.0
2007-02-21,4.0,1.0,0.0
2007-02-22,0.0,0.4,0.0
2007-02-24,1.0,2.5,0.0
2007-02-25,5.0,16.9,26.1
2007-02-26,15.0,4.2,1.9
2007-02-27,0.0,1.4,0.0
2007-02-28,0.0,0.4,0.0
2007-03-01,0.0,0.0,0.0
2007-03-02,0.0,0.0,0.0
2007-03-03,5.0,0.5,0.0
2007-03-04,2.0,2.7,0.0
2007-03-05,10.0,1.4,0.0
2007-03-06,21.0,10.1,6.3
2007-03-07,5.0,8.7,4.8
2007-03-08,0.0,1.9,0.0
2007-03-09,0.0,0.2,0.0
2007-03-10,50.0,37.5,49.5
2007-03-11,1.0,3.1,0.0
2007-03-12,0.0,0.0,0.0
2007-03-13,1.0,6.7,4.0
2007-03-15,0.0,2.3,0.0
2007-03-16,0.0,4.7,1.6
2007-03-17,0.0,0.8,0.0
2007-03-18,10.0,10.0,8.2
2007-03-19,10.0,7.3,4.8
2007-03-20,7.0,3.1,0.0
2007-03-21,0.0,0.3,0.0
2007-03-22,0.0,0.9,0.0
2007-03-23,4.0,23.0,30.9
2007-03-25,33.0,25.8,35.1
2007-03-26,1.0,24.3,32.8
2007-03-27,15.0,10.0,7.1
2007-03-28,5.0,3.6,0.0
2007-03-29,0.0,4.1,1.0
2007-03-30,0.0,0.2,0.0
2007-03-31,27.0,3.1,0.0
2007-04-01,2.0,4.1,1.0
2007-04-02,17.0,20.4,20.8
2007-04-03,5.0,31.5,33.8
2007-04-04,0.0,0.6,0.0
2007-04-05,0.0,0.0,0.0
2007-04-06,0.0,3.1,0.0
2007-04-07,4.0,1.1,0.0
2007-04-08,1.0,1.6,0.0
2007-04-09,1.0,2.3,0.0
2007-04-10,0.0,0.0,0.0
2007-04-11,0.0,0.3,0.0
2007-04-12,0.0,0.1,0.0
2007-04-13,0.0,0.0,0.0
2007-04-14,0.0,8.1,8.3
2007-04-15,2.0,17.3,27.1
2007-04-16,23.0,11.2,12.7
2007-04-17,0.0,0.1,0.0
2007-04-18,0.0,4.7,3.3
2007-04-19,1.0,1.0,0.0
2007-04-20,0.0,0.3,0.0
2007-04-21,31.0,5.5,4.1
2007-04-22,0.0,1.1,0.0
2007-04-23,11.0,2.5,1.3
2007-04-24,6.0,0.8,0.0
2007-04-25,1.0,1.5,1.0
2007-04-26,0.0,0.7,0.0
2007-04-28,0.0,0.0,0.0
2007-04-29,0.0,0.0,0.0
2007-04-30,0.0,1.1,0.0
2007-05-01,0.0,0.2,0.0
2007-05-02,1.0,1.4,0.0
2007-05-03,1.0,1.0,0.0
2007-05-04,1.0,4.3,1.6
2007-05-05,1.0,2.3,1.0
2007-05-06,7.0,13.5,9.1
2007-05-07,9.0,21.4,18.3
2007-05-08,0.0,10.2,6.3
2007-05-09,1.0,4.1,1.4
2007-05-10,0.0,0.0,0.0
2007-05-11,0.0,0.0,0.0
2007-05-12,0.0,0.1,0.0
2007-05-13,0.0,0.0,0.0
2007-05-14,0.0,0.0,0.0
2007-05-15,0.0,0.0,0.0
2007-05-16,0.0,0.1,0.0
2007-05-17,0.0,0.1,0.0
2007-05-18,0.0,0.1,0.0
2007-05-19,0.0,0.0,0.0
2007-05-20,0.0,0.5,0.0
2007-05-21,0.0,0.1,0.0
2007-05-22,5.0,0.6,0.0
2007-05-23,0.0,0.0,0.0
2007-05-24,0.0,0.0,0.0
2007-05-25,0.0,0.0,0.0
2007-05-26,0.0,0.4,0.0
2007-05-27,0.0,0.2,0.0
2007-05-28,4.0,2.0,2.4
2007-05-29,0.0,0.5,0.0
2007-05-30,0.0,1.0,0.0
2007-05-31,0.0,3.1,3.3
2007-06-01,0.0,1.4,1.0
2007-06-02,0.0,2.9,2.8
2007-06-03,0.0,0.0,0.0
2007-06-04,0.0,0.5,0.0
2007-06-05,2.0,5.5,6.0
2007-06-06,0.0,0.0,0.0
2007-06-07,0.0,0.1,0.0
2007-06-08,78.0,31.5,47.5
2007-06-09,3.0,22.4,30.8
2007-06-10,3.0,0.6,0.0
2007-06-11,5.0,1.8,1.0
2007-06-12,1.0,0.2,0.0
2007-06-13,13.0,1.5,1.0
2007-06-14,0.0,6.5,5.4
2007-06-15,0.0,13.8,13.9
2007-06-16,0.0,2.0,1.0
2007-06-17,10.0,9.5,9.0
2007-06-18,2.0,6.9,5.9
2007-06-19,0.0,1.6,1.0
2007-06-20,0.0,3.3,2.0
2007-06-21,7.0,5.2,6.0
2007-06-22,1.0,2.5,3.8
2007-06-23,0.0,1.8,3.2
2007-06-24,0.0,1.2,2.7
2007-06-25,0.0,0.1,0.0
2007-06-26,27.0,28.5,18.4
2007-06-27,55.0,120.3,160.1
2007-06-28,41.0,103.2,126.5
2007-06-29,0.0,0.1,0.0
2007-06-30,0.0,0.1,0.0
2007-07-01,0.0,0.1,0.0
2007-07-02,0.0,0.7,0.0
2007-07-03,0.0,3.8,6.0
2007-07-04,16.0,1.0,0.0
2007-07-05,0.0,0.0,0.0
2007-07-06,0.0,0.0,0.0
2007-07-07,0.0,0.0,0.0
2007-07-08,1.0,0.0,0.0
2007-07-09,2.0,0.0,0.0
2007-07-10,1.0,0.0,0.0
2007-07-11,3.0,0.0,0.0
2007-07-12,0.0,3.9,5.1
2007-07-13,0.0,7.4,8.0
2007-07-14,0.0,0.0,0.0
2007-07-15,0.0,0.0,0.0
2007-07-16,3.0,0.9,0.0
2007-07-17,2.0,0.5,0.0
2007-07-18,0.0,0.8,0.0
2007-07-19,2.0,0.2,0.0
2007-07-20,0.0,0.2,0.0
2007-07-21,0.0,0.0,0.0
2007-07-22,0.0,0.5,0.0
2007-07-23,0.0,0.0,0.0
2007-07-24,0.0,1.1,2.4
2007-07-25,0.0,0.1,0.0
2007-07-26,0.0,0.2,0.0
2007-07-28,0.0,0.0,0.0
2007-07-29,0.0,0.0,0.0
2007-07-30,0.0,0.0,0.0
2007-07-31,0.0,0.0,0.0
2007-08-01,1.0,0.0,0.0
2007-08-03,0.0,1.0,0.0
2007-08-04,0.0,0.0,0.0
2007-08-05,0.0,1.0,0.0
2007-08-06,0.0,0.0,0.0
2007-08-07,0.0,0.0,0.0
2007-08-08,23.0,3.7,1.5
2007-08-09,0.0,8.4,5.6
2007-08-10,0.0,0.0,0.0
2007-08-11,0.0,0.0,0.0
2007-08-12,0.0,0.1,0.0
2007-08-13,1.0,0.0,0.0
2007-08-14,0.0,0.5,0.0
2007-08-15,0.0,0.0,0.0
2007-08-16,0.0,0.1,0.0
2007-08-18,0.0,0.2,0.0
2007-08-19,0.0,0.9,1.3
2007-08-20,0.0,0.0,0.0
2007-08-21,0.0,0.4,0.0
2007-08-22,0.0,0.0,0.0
2007-08-23,0.0,0.0,0.0
2007-08-24,0.0,0.0,0.0
2007-08-25,0.0,0.2,0.0
2007-08-26,0.0,0.4,0.0
2007-08-27,1.0,4.4,3.5
2007-08-29,0.0,0.1,0.0
2007-08-30,1.0,0.2,0.0
2007-08-31,8.0,7.0,5.2
2007-09-01,22.0,13.1,14.4
2007-09-02,5.0,7.0,7.1
2007-09-03,3.0,0.1,0.0
2007-09-04,0.0,3.2,3.0
2007-09-05,0.0,0.2,0.0
2007-09-06,0.0,3.3,3.1
2007-09-07,0.0,0.5,0.0
2007-09-08,0.0,0.0,0.0
2007-09-09,0.0,5.6,5.7
2007-09-10,0.0,0.4,0.0
2007-09-11,0.0,0.0,0.0
2007-09-12,0.0,0.0,0.0
2007-09-13,0.0,0.1,0.0
2007-09-14,0.0,5.0,5.1
2007-09-15,0.0,0.0,0.0
2007-09-16,0.0,0.0,0.0
2007-09-17,3.0,0.0,0.0
2007-09-18,4.0,2.9,2.3
2007-09-19,0.0,2.7,1.9
2007-09-20,0.0,4.9,4.8
2007-09-21,0.0,4.6,2.6
2007-09-22,0.0,0.0,0.0
2007-09-23,0.0,0.0,0.0
2007-09-24,0.0,0.0,0.0
2007-09-25,0.0,0.0,0.0
2007-09-26,0.0,0.0,0.0
2007-09-27,0.0,0.0,0.0
2007-09-28,0.0,0.0,0.0
2007-09-29,0.0,0.0,0.0
2007-09-30,0.0,0.0,0.0
2007-10-01,0.0,0.0,0.0
2007-10-02,0.0,0.0,0.0
2007-10-03,0.0,0.0,0.0
2007-10-04,0.0,0.0,0.0
2007-10-05,0.0,0.0,0.0
2007-10-06,0.0,0.4,0.0
2007-10-07,0.0,0.0,0.0
2007-10-08,0.0,0.2,0.0
2007-10-09,0.0,0.0,0.0
2007-10-10,0.0,1.2,0.0
2007-10-11,5.0,0.7,0.0
2007-10-12,0.0,0.0,0.0
2007-10-13,0.0,0.2,0.0
2007-10-14,0.0,4.3,1.6
2007-10-15,12.0,1.4,0.0
2007-10-16,0.0,1.2,0.0
2007-10-17,0.0,0.3,0.0
2007-10-18,0.0,0.1,0.0
2007-10-19,0.0,1.4,0.0
2007-10-20,0.0,4.3,1.8
2007-10-21,1.0,5.2,0.0
2007-10-22,0.0,0.0,0.0
2007-10-23,0.0,0.1,0.0
2007-10-24,0.0,1.1,0.0
2007-10-25,66.0,1.5,0.0
2007-10-26,1.0,98.0,82.8
2007-10-27,0.0,20.5,17.7
2007-10-28,0.0,5.9,0.0
2007-10-29,1.0,0.1,0.0
2007-10-30,0.0,0.1,0.0
2007-10-31,0.0,6.2,0.0
2007-11-01,0.0,0.6,0.0
2007-11-03,14.0,2.7,1.4
2007-11-04,0.0,0.5,0.0
2007-11-05,0.0,1.7,0.0
2007-11-06,2.0,5.7,3.9
2007-11-07,0.0,0.6,0.0
2007-11-08,0.0,2.9,1.1
2007-11-09,0.0,0.3,0.0
2007-11-10,0.0,0.3,0.0
2007-11-11,0.0,6.6,2.0
2007-11-12,0.0,2.6,0.0
2007-11-13,0.0,4.1,0.0
2007-11-14,0.0,1.6,0.0
2007-11-15,0.0,2.9,0.0
2007-11-16,0.0,0.4,0.0
2007-11-17,0.0,0.1,0.0
2007-11-18,2.0,0.1,0.0
2007-11-19,0.0,0.0,0.0
2007-11-20,0.0,0.2,0.0
2007-11-21,1.0,0.0,0.0
2007-11-22,0.0,0.0,0.0
2007-11-23,0.0,5.7,1.0
2007-11-24,0.0,12.7,22.8
2007-11-25,0.0,3.0,0.0
2007-11-27,1.0,7.2,3.2
2007-11-28,0.0,3.7,0.0
2007-11-29,0.0,0.1,0.0
2007-11-30,45.0,23.4,39.7
2007-12-01,0.0,5.3,1.7
2007-12-02,0.0,0.5,0.0
2007-12-03,0.0,2.8,0.0
2007-12-04,0.0,0.6,0.0
2007-12-05,0.0,0.0,0.0
2007-12-06,0.0,0.3,0.0
2007-12-07,0.0,0.6,0.0
2007-12-08,22.0,28.7,38.6
2007-12-09,0.0,0.7,0.0
2007-12-10,0.0,0.7,0.0
2007-12-11,5.0,3.7,0.0
2007-12-12,0.0,0.0,0.0
2007-12-13,4.0,2.1,0.0
2007-12-14,0.0,0.1,0.0
2007-12-15,0.0,0.2,0.0
2007-12-16,0.0,1.6,0.0
2007-12-17,0.0,9.0,5.4
2007-12-18,7.0,22.9,31.4
2007-12-19,23.0,29.1,35.3
2007-12-20,41.0,11.6,8.6
2007-12-21,26.0,18.4,14.3
2007-12-22,14.0,84.7,87.3
2007-12-23,3.0,15.6,11.0
2007-12-24,2.0,8.2,3.6
2007-12-25,1.0,2.7,0.0
2007-12-26,10.0,2.6,0.0
2007-12-27,17.0,6.5,2.0
2007-12-28,0.0,2.2,0.0
2007-12-29,0.0,1.5,0.0
2007-12-30,1.0,20.8,18.6
2007-12-31,8.0,2.9,0.0
2008-01-01,20.0,15.3,14.0
2008-01-03,1.0,3.5,1.0
2008-01-04,13.0,10.8,7.8
2008-01-05,1.0,4.0,1.0
2008-01-06,1.0,14.6,11.8
2008-01-07,2.0,12.4,9.4
2008-01-08,0.0,6.0,2.8
2008-01-09,3.0,13.5,10.5
2008-01-10,5.0,2.1,0.0
2008-01-11,24.0,6.4,4.3
2008-01-12,0.0,2.8,0.0
2008-01-13,1.0,13.2,14.5
2008-01-14,1.0,0.2,0.0
2008-01-15,8.0,0.3,0.0
2008-01-16,0.0,2.8,0.0
2008-01-19,7.0,8.3,7.0
2008-01-20,9.0,0.5,0.0
2008-01-21,0.0,2.1,0.0
2008-01-22,1.0,1.5,0.0
2008-01-23,0.0,0.2,0.0
2008-01-24,0.0,0.3,0.0
2008-01-25,0.0,0.1,0.0
2008-01-27,15.0,32.6,49.3
2008-01-28,2.0,7.4,5.7
2008-01-29,3.0,0.5,0.0
2008-01-31,1.0,9.3,8.1
2008-02-01,50.0,3.5,0.0
2008-02-02,1.0,6.4,2.7
2008-02-03,21.0,16.3,24.0
2008-02-04,91.0,32.5,59.7
2008-02-05,4.0,2.9,0.0
2008-02-06,1.0,3.5,0.0
2008-02-07,0.0,5.8,1.7
2008-02-08,4.0,2.1,0.0
2008-02-09,0.0,2.3,0.0
2008-02-10,0.0,0.4,0.0
2008-02-11,3.0,5.4,3.3
2008-02-12,22.0,4.4,1.8
2008-02-14,27.0,6.3,4.6
2008-02-15,62.0,16.1,26.2
2008-02-16,0.0,0.1,0.0
2008-02-17,1.0,2.5,0.0
2008-02-18,0.0,6.6,5.0
2008-02-19,0.0,5.7,3.7
2008-02-20,82.0,18.9,32.3
2008-02-21,15.0,6.8,5.7
2008-02-22,0.0,0.0,0.0
2008-02-23,7.0,13.5,17.5
2008-02-24,0.0,1.5,0.0
2008-02-25,1.0,2.4,0.0
2008-02-26,1.0,0.5,0.0
2008-02-27,0.0,0.6,0.0
2008-02-28,0.0,0.0,0.0
2008-02-29,6.0,1.5,0.0
2008-03-01,0.0,0.0,0.0
2008-03-02,3.0,3.1,0.0
2008-03-03,0.0,0.6,0.0
2008-03-04,0.0,0.0,0.0
2008-03-05,0.0,0.1,0.0
2008-03-06,0.0,0.3,0.0
2008-03-07,0.0,4.5,1.0
2008-03-09,0.0,0.0,0.0
2008-03-10,0.0,0.1,0.0
2008-03-11,0.0,0.4,0.0
2008-03-12,0.0,1.9,0.0
2008-03-13,21.0,4.4,1.3
2008-03-14,52.0,17.2,20.5
2008-03-16,0.0,0.1,0.0
2008-03-17,0.0,0.6,0.0
2008-03-18,0.0,0.0,0.0
2008-03-19,0.0,0.1,0.0
2008-03-20,28.0,4.8,1.7
2008-03-21,10.0,14.7,13.3
2008-03-22,0.0,6.1,2.7
2008-03-23,0.0,12.8,10.5
2008-03-24,12.0,9.3,6.3
2008-03-25,5.0,18.4,23.3
2008-03-26,11.0,16.2,19.7
2008-03-27,2.0,9.3,6.3
2008-03-28,0.0,2.0,0.0
2008-03-29,19.0,21.0,27.3
2008-03-30,2.0,29.7,40.3
2008-03-31,0.0,0.1,0.0
2008-04-01,17.0,15.7,13.0
2008-04-02,4.0,14.2,11.3
2008-04-03,0.0,3.0,0.0
2008-04-04,2.0,1.6,0.0
2008-04-05,0.0,0.7,0.0
2008-04-06,0.0,0.4,0.0
2008-04-07,15.0,5.6,2.0
2008-04-08,0.0,0.6,0.0
2008-04-09,7.0,3.8,0.0
2008-04-11,0.0,0.3,0.0
2008-04-12,4.0,1.1,0.0
2008-04-13,2.0,3.9,2.3
2008-04-14,6.0,36.2,66.3
2008-04-15,3.0,20.9,33.4
2008-04-16,10.0,5.4,4.3
2008-04-17,0.0,6.5,5.8
2008-04-18,21.0,19.1,30.7
2008-04-19,0.0,0.2,0.0
2008-04-20,0.0,0.0,0.0
2008-04-21,0.0,0.0,0.0
2008-04-22,0.0,0.0,0.0
2008-04-23,0.0,0.0,0.0
2008-04-24,0.0,0.5,0.0
2008-04-25,0.0,2.1,1.0
2008-04-26,0.0,4.2,2.8
2008-04-27,8.0,23.6,29.8
2008-04-28,0.0,1.8,1.0
2008-04-29,14.0,5.3,3.8
2008-04-30,18.0,20.6,24.9
2008-05-03,13.0,23.7,20.4
2008-05-04,10.0,16.9,12.7
2008-05-05,0.0,3.0,1.0
2008-05-06,0.0,0.1,0.0
2008-05-07,19.0,0.2,0.0
2008-05-08,13.0,0.1,0.0
2008-05-09,0.0,0.0,0.0
2008-05-10,0.0,0.6,0.0
2008-05-11,0.0,2.0,2.2
2008-05-12,0.0,14.1,13.7
2008-05-13,2.0,6.7,6.5
2008-05-14,0.0,0.4,0.0
2008-05-15,0.0,0.8,0.0
2008-05-16,3.0,1.8,2.0
2008-05-17,3.0,2.9,3.0
2008-05-18,2.0,0.0,0.0
2008-05-19,0.0,0.0,0.0
2008-05-20,0.0,0.0,0.0
2008-05-21,1.0,0.0,0.0
2008-05-22,0.0,0.0,0.0
2008-05-23,0.0,0.0,0.0
2008-05-24,0.0,0.0,0.0
2008-05-25,0.0,0.0,0.0
2008-05-26,0.0,0.0,0.0
2008-05-28,13.0,1.3,1.8
2008-05-29,13.0,3.5,3.7
2008-05-30,1.0,0.1,0.0
2008-05-31,0.0,0.0,0.0
2008-06-01,3.0,0.4,0.0
2008-06-02,6.0,1.3,1.0
2008-06-03,1.0,0.0,0.0
2008-06-04,1.0,0.1,0.0
2008-06-05,1.0,5.7,6.3
2008-06-06,0.0,10.8,12.7
2008-06-07,0.0,0.4,0.0
2008-06-08,11.0,7.3,8.2
2008-06-09,0.0,1.0,1.0
2008-06-10,28.0,22.2,29.5
2008-06-11,20.0,28.8,40.3
2008-06-13,10.0,14.5,14.9
2008-06-14,1.0,5.0,3.8
2008-06-15,0.0,0.7,0.0
2008-06-16,0.0,0.0,0.0
2008-06-17,0.0,0.0,0.0
2008-06-18,0.0,0.2,0.0
2008-06-19,0.0,0.0,0.0
2008-06-20,7.0,6.0,4.9
2008-06-21,7.0,6.5,7.0
2008-06-22,6.0,6.5,7.0
2008-06-23,0.0,6.2,6.8
2008-06-24,5.0,10.3,10.9
2008-06-25,55.0,38.6,31.8
2008-06-26,12.0,0.6,0.0
2008-06-27,0.0,0.0,0.0
2008-06-28,0.0,0.0,0.0
2008-06-29,5.0,4.0,5.0
2008-06-30,22.0,71.4,73.0
2008-07-01,52.0,51.1,42.8
2008-07-02,0.0,0.3,0.0
2008-07-03,3.0,8.1,9.1
2008-07-04,5.0,19.3,16.7
2008-07-05,1.0,0.1,0.0
2008-07-06,2.0,4.5,6.5
2008-07-07,2.0,0.9,0.0
2008-07-08,1.0,6.9,8.2
2008-07-09,4.0,0.4,0.0
2008-07-10,7.0,1.1,0.0
2008-07-11,6.0,4.8,5.8
2008-07-12,16.0,0.6,0.0
2008-07-14,6.0,0.1,0.0
2008-07-16,2.0,0.3,0.0
2008-07-17,4.0,1.6,3.1
2008-07-19,8.0,2.1,3.6
2008-07-20,0.0,0.2,0.0
2008-07-21,0.0,0.0,0.0
2008-07-22,0.0,0.6,0.0
2008-07-23,5.0,6.4,7.7
2008-07-24,8.0,6.3,7.5
2008-07-25,5.0,6.8,7.3
2008-07-27,0.0,0.0,0.0
2008-07-28,0.0,0.5,0.0
2008-07-29,0.0,1.3,2.6
2008-07-30,0.0,0.8,0.0
2008-07-31,0.0,3.9,4.7
2008-08-01,0.0,18.0,13.2
2008-08-02,39.0,24.4,27.1
2008-08-04,20.0,27.3,31.9
2008-08-05,22.0,4.5,2.1
2008-08-06,10.0,15.5,12.3
2008-08-08,2.0,1.7,1.0
2008-08-09,18.0,3.0,1.0
2008-08-10,12.0,16.3,13.0
2008-08-11,11.0,2.6,4.5
2008-08-12,78.0,35.8,86.3
2008-08-13,15.0,8.9,14.2
2008-08-14,63.0,30.2,64.1
2008-08-15,7.0,11.7,19.8
2008-08-16,0.0,0.9,1.2
2008-08-17,44.0,9.5,17.5
2008-08-18,20.0,24.3,44.2
2008-08-19,1.0,2.3,3.3
2008-08-20,15.0,6.9,12.2
2008-08-21,1.0,3.9,3.2
2008-08-22,36.0,8.6,6.5
2008-08-23,7.0,6.9,5.5
2008-08-24,19.0,5.8,4.7
2008-08-25,14.0,5.9,4.7
2008-08-26,14.0,16.0,11.5
2008-08-27,0.0,0.0,0.0
2008-08-28,0.0,0.5,0.0
2008-08-29,0.0,10.6,7.7
2008-08-30,4.0,4.4,4.0
2008-08-31,7.0,10.7,8.0
2008-09-01,0.0,0.2,0.0
2008-09-02,0.0,0.9,1.0
2008-09-03,8.0,2.3,2.0
2008-09-04,0.0,0.1,0.0
2008-09-05,3.0,3.3,3.1
2008-09-06,1.0,3.7,3.5
2008-09-07,1.0,0.1,0.0
2008-09-08,1.0,1.2,1.0
2008-09-09,7.0,13.1,14.4
2008-09-10,4.0,6.0,6.3
2008-09-11,0.0,8.9,10.1
2008-09-12,0.0,0.0,0.0
2008-09-13,0.0,1.7,1.0
2008-09-14,2.0,8.1,9.1
2008-09-15,0.0,0.3,0.0
2008-09-16,0.0,0.0,0.0
2008-09-17,0.0,1.3,1.0
2008-09-18,3.0,17.1,28.7
2008-09-19,7.0,6.4,6.7
2008-09-20,0.0,2.6,1.9
2008-09-21,0.0,0.0,0.0
2008-09-22,0.0,0.1,0.0
2008-09-24,0.0,0.7,0.0
2008-09-25,28.0,46.6,49.4
2008-09-26,0.0,1.0,0.0
2008-09-27,0.0,0.0,0.0
2008-09-28,0.0,0.0,0.0
2008-09-29,0.0,2.8,1.1
2008-09-30,0.0,0.0,0.0
2008-10-01,0.0,0.2,0.0
2008-10-02,0.0,0.3,0.0
2008-10-03,3.0,64.7,61.3
2008-10-04,0.0,0.9,0.0
2008-10-06,0.0,0.3,0.0
2008-10-07,0.0,4.2,2.2
2008-10-08,0.0,1.2,0.0
2008-10-09,0.0,0.2,0.0
2008-10-10,1.0,2.3,1.0
2008-10-11,1.0,5.0,2.4
2008-10-12,0.0,3.1,1.2
2008-10-15,0.0,2.9,1.1
2008-10-16,0.0,0.0,0.0
2008-10-18,0.0,9.3,9.7
2008-10-19,3.0,2.8,1.2
2008-10-20,14.0,1.0,0.0
2008-10-21,0.0,0.5,0.0
2008-10-23,35.0,9.6,1.4
2008-10-24,4.0,2.7,0.0
2008-10-25,0.0,0.9,0.0
2008-10-27,0.0,9.2,1.3
2008-10-28,0.0,3.4,0.0
2008-10-30,0.0,0.6,0.0
2008-10-31,0.0,0.7,0.0
2008-11-01,0.0,0.7,0.0
2008-11-02,0.0,0.4,0.0
2008-11-03,0.0,0.4,0.0
2008-11-04,0.0,0.0,0.0
2008-11-05,0.0,0.0,0.0
2008-11-06,1.0,0.0,0.0
2008-11-07,0.0,0.6,0.0
2008-11-08,0.0,0.3,0.0
2008-11-10,0.0,2.4,1.1
2008-11-11,0.0,0.8,0.0
2008-11-12,0.0,0.1,0.0
2008-11-13,0.0,0.3,0.0
2008-11-14,1.0,0.3,0.0
2008-11-15,7.0,1.6,0.0
2008-11-16,0.0,0.9,0.0
2008-11-17,0.0,0.3,0.0
2008-11-18,0.0,0.3,0.0
2008-11-19,0.0,0.9,0.0
2008-11-20,0.0,0.6,0.0
2008-11-22,3.0,12.9,23.7
2008-11-23,1.0,1.5,0.0
2008-11-24,3.0,2.0,0.0
2008-11-25,0.0,9.1,6.5
2008-11-27,22.0,22.1,37.5
2008-11-28,0.0,2.7,0.0
2008-11-29,1.0,4.7,0.0
2008-11-30,0.0,5.9,1.3
2008-12-01,60.0,40.3,48.9
2008-12-02,0.0,1.7,0.0
2008-12-03,2.0,5.8,2.2
2008-12-04,0.0,0.3,0.0
2008-12-05,2.0,0.4,0.0
2008-12-06,0.0,1.7,0.0
2008-12-07,10.0,12.2,10.2
2008-12-08,17.0,1.0,0.0
2008-12-10,0.0,0.8,0.0
2008-12-11,5.0,13.3,10.0
2008-12-12,5.0,16.9,22.9
2008-12-13,25.0,8.3,4.6
2008-12-14,0.0,0.1,0.0
2008-12-15,0.0,6.1,2.2
2008-12-16,7.0,22.7,31.0
2008-12-17,349.0,9.0,5.4
2008-12-18,199.0,27.8,34.4
2008-12-20,2.0,10.8,7.5
2008-12-21,1.0,0.9,0.0
2008-12-23,155.0,22.1,21.2
2008-12-24,0.0,4.3,0.0
2008-12-25,18.0,4.2,0.0
2008-12-27,31.0,65.6,82.3
2008-12-28,0.0,0.7,0.0
2008-12-29,0.0,7.8,3.2
2008-12-30,1.0,2.1,0.0
2008-12-31,11.0,5.7,1.3
2009-01-01,29.0,16.4,16.1
2009-01-02,3.0,23.6,28.4
2009-01-03,0.0,1.3,0.0
2009-01-04,7.0,2.4,0.0
2009-01-05,0.0,0.1,0.0
2009-01-06,0.0,0.2,0.0
2009-01-07,2.0,4.4,1.1
2009-01-08,3.0,10.4,7.4
2009-01-09,6.0,26.9,34.2
2009-01-10,2.0,2.3,0.0
2009-01-11,8.0,1.3,0.0
2009-01-12,2.0,6.4,4.3
2009-01-13,1.0,2.4,0.0
2009-01-14,0.0,8.2,6.9
2009-01-15,17.0,18.3,29.5
2009-01-17,39.0,2.9,0.0
2009-01-18,0.0,1.0,0.0
2009-01-19,1.0,12.6,13.2
2009-01-20,18.0,3.1,0.0
2009-01-21,0.0,0.6,0.0
2009-01-22,0.0,0.0,0.0
2009-01-23,7.0,0.3,0.0
2009-01-24,3.0,16.5,20.2
2009-01-25,1.0,6.6,4.6
2009-01-26,4.0,2.5,0.0
2009-01-27,39.0,13.1,13.2
2009-01-28,7.0,5.7,3.4
2009-01-29,0.0,0.0,0.0
2009-01-30,0.0,0.8,0.0
2009-01-31,3.0,11.9,11.7
2009-02-02,8.0,6.8,3.4
2009-02-03,0.0,0.5,0.0
2009-02-04,0.0,0.5,0.0
2009-02-07,2.0,1.9,0.0
2009-02-08,35.0,4.3,0.0
2009-02-09,11.0,17.3,26.0
2009-02-10,0.0,0.1,0.0
2009-02-11,1.0,0.4,0.0
2009-02-12,3.0,0.1,0.0
2009-02-14,0.0,0.7,0.0
2009-02-15,49.0,5.1,2.9
2009-02-16,0.0,0.5,0.0
2009-02-17,3.0,1.0,0.0
2009-02-18,0.0,9.0,8.9
2009-02-19,5.0,0.2,0.0
2009-02-21,0.0,7.0,5.9
2009-02-22,43.0,35.1,83.4
2009-02-23,5.0,3.5,1.0
2009-02-24,81.0,12.8,15.9
2009-02-25,2.0,13.3,16.6
2009-02-26,27.0,3.8,1.2
2009-02-27,25.0,9.5,10.6
2009-02-28,9.0,9.3,9.6
2009-03-01,17.0,8.1,4.3
2009-03-02,3.0,5.1,1.3
2009-03-03,1.0,9.9,6.1
2009-03-04,0.0,0.4,0.0
2009-03-05,0.0,1.3,0.0
2009-03-06,1.0,0.1,0.0
2009-03-07,6.0,5.2,1.4
2009-03-08,20.0,15.0,12.0
2009-03-09,51.0,11.3,7.5
2009-03-10,5.0,8.6,4.7
2009-03-11,11.0,32.3,46.4
2009-03-12,45.0,19.0,23.5
2009-03-13,7.0,0.1,0.0
2009-03-14,0.0,0.1,0.0
2009-03-15,0.0,0.1,0.0
2009-03-16,17.0,17.2,20.5
2009-03-17,2.0,1.3,0.0
2009-03-18,3.0,5.8,2.9
2009-03-19,22.0,19.3,23.8
2009-03-20,3.0,0.1,0.0
2009-03-21,0.0,0.0,0.0
2009-03-22,0.0,0.1,0.0
2009-03-23,0.0,0.0,0.0
2009-03-24,0.0,0.4,0.0
2009-03-25,0.0,1.5,0.0
2009-03-26,0.0,0.1,0.0
2009-03-27,1.0,0.0,0.0
2009-03-28,4.0,12.9,10.5
2009-03-29,2.0,0.2,0.0
2009-03-30,0.0,0.1,0.0
2009-03-31,0.0,0.2,0.0
2009-04-01,0.0,0.1,0.0
2009-04-02,0.0,0.0,0.0
2009-04-03,2.0,0.4,0.0
2009-04-04,0.0,11.4,8.1
2009-04-05,0.0,3.7,0.0
2009-04-06,0.0,2.8,0.0
2009-04-07,0.0,0.1,0.0
2009-04-08,0.0,0.1,0.0
2009-04-09,0.0,0.1,0.0
2009-04-10,0.0,0.4,0.0
2009-04-11,0.0,0.0,0.0
2009-04-12,0.0,0.7,0.0
2009-04-13,0.0,0.0,0.0
2009-04-15,5.0,10.5,11.9
2009-04-16,0.0,0.1,0.0
2009-04-19,6.0,22.8,37.1
2009-04-20,0.0,0.8,0.0
2009-04-21,0.0,5.7,4.2
2009-04-22,0.0,0.4,0.0
2009-04-23,2.0,1.4,1.0
2009-04-24,7.0,11.4,9.6
2009-04-25,0.0,1.0,0.0
2009-04-26,1.0,0.2,0.0
2009-04-27,0.0,0.9,0.0
2009-04-28,0.0,0.3,0.0
2009-04-29,0.0,0.0,0.0
2009-04-30,0.0,0.5,0.0
2009-05-01,8.0,9.2,5.4
2009-05-03,0.0,0.8,0.0
2009-05-04,0.0,1.1,0.0
2009-05-05,0.0,0.2,0.0
2009-05-06,0.0,0.0,0.0
2009-05-07,0.0,0.0,0.0
2009-05-08,0.0,0.0,0.0
2009-05-09,0.0,0.1,0.0
2009-05-10,0.0,0.1,0.0
2009-05-13,0.0,0.1,0.0
2009-05-14,0.0,0.1,0.0
2009-05-15,3.0,5.2,5.1
2009-05-16,0.0,2.8,3.0
2009-05-18,23.0,84.3,108.6
2009-05-19,0.0,4.6,4.6
2009-05-20,26.0,50.4,48.6
2009-05-21,0.0,25.7,22.3
2009-05-22,0.0,0.1,0.0
2009-05-23,0.0,5.2,5.2
2009-05-24,0.0,1.4,1.9
2009-05-25,0.0,10.9,10.1
2009-05-26,0.0,0.9,0.0
2009-05-28,0.0,0.4,0.0
2009-05-30,0.0,0.2,0.0
2009-05-31,2.0,15.8,14.9
2009-06-01,1.0,16.1,19.4
2009-06-02,1.0,21.2,27.1
2009-06-03,0.0,1.1,1.0
2009-06-04,0.0,3.2,3.3
2009-06-05,0.0,2.1,1.9
2009-06-06,0.0,2.2,2.0
2009-06-07,0.0,0.0,0.0
2009-06-08,0.0,0.0,0.0
2009-06-09,15.0,0.4,0.0
2009-06-10,3.0,2.7,2.6
2009-06-11,0.0,1.7,1.0
2009-06-12,0.0,0.0,0.0
2009-06-13,0.0,0.2,0.0
2009-06-14,0.0,0.0,0.0
2009-06-15,0.0,0.0,0.0
2009-06-16,0.0,0.2,0.0
2009-06-17,1.0,2.5,1.1
2009-06-18,11.0,24.4,31.0
2009-06-19,0.0,0.0,0.0
2009-06-20,0.0,0.0,0.0
2009-06-21,0.0,0.2,0.0
2009-06-22,0.0,0.1,0.0
2009-06-23,0.0,0.0,0.0
2009-06-24,0.0,0.2,0.0
2009-06-25,0.0,0.1,0.0
2009-06-27,0.0,0.0,0.0
2009-06-28,0.0,1.3,2.8
2009-06-29,0.0,0.0,0.0
2009-06-30,0.0,0.3,0.0
2009-07-01,0.0,0.7,0.0
2009-07-03,56.0,29.8,14.8
2009-07-04,0.0,0.0,0.0
2009-07-05,8.0,0.1,0.0
2009-07-06,0.0,0.6,0.0
2009-07-07,2.0,0.0,0.0
2009-07-08,0.0,0.0,0.0
2009-07-09,0.0,0.0,0.0
2009-07-10,0.0,0.7,0.0
2009-07-11,6.0,1.2,2.8
2009-07-12,2.0,4.1,5.3
2009-07-13,0.0,2.6,4.0
2009-07-14,0.0,0.0,0.0
2009-07-15,0.0,1.3,2.9
2009-07-16,4.0,33.9,29.1
2009-07-17,1.0,9.2,9.4
2009-07-18,1.0,1.0,0.0
2009-07-19,0.0,3.0,4.3
2009-07-20,0.0,0.4,0.0
2009-07-21,2.0,18.2,15.2
2009-07-22,0.0,0.1,0.0
2009-07-23,0.0,1.4,2.7
2009-07-24,28.0,7.1,7.6
2009-07-25,0.0,1.4,2.7
2009-07-27,0.0,1.0,0.0
2009-07-28,0.0,0.1,0.0
2009-07-31,0.0,0.2,0.0
2009-08-01,0.0,0.0,0.0
2009-08-02,0.0,0.0,0.0
2009-08-03,0.0,0.0,0.0
2009-08-04,0.0,0.0,0.0
2009-08-05,0.0,0.0,0.0
2009-08-06,0.0,0.0,0.0
2009-08-07,0.0,0.0,0.0
2009-08-08,0.0,1.8,1.0
2009-08-09,0.0,0.1,0.0
2009-08-10,0.0,0.0,0.0
2009-08-11,0.0,0.0,0.0
2009-08-12,0.0,0.4,0.0
2009-08-13,0.0,0.0,0.0
2009-08-14,0.0,0.0,0.0
2009-08-15,0.0,0.0,0.0
2009-08-16,0.0,0.1,0.0
2009-08-17,20.0,2.9,5.4
2009-08-18,0.0,0.0,0.0
2009-08-19,0.0,0.1,0.0
2009-08-20,0.0,0.1,0.0
2009-08-21,0.0,0.1,0.0
2009-08-22,0.0,0.7,0.0
2009-08-23,0.0,0.0,0.0
2009-08-24,0.0,0.9,0.0
2009-08-25,0.0,0.3,0.0
2009-08-26,0.0,0.3,0.0
2009-08-27,0.0,0.0,0.0
2009-08-28,0.0,0.0,0.0
2009-08-29,0.0,0.3,0.0
2009-08-30,0.0,0.9,0.0
2009-08-31,0.0,0.3,0.0
2009-09-02,0.0,0.0,0.0
2009-09-03,0.0,0.0,0.0
2009-09-04,1.0,5.8,6.0
2009-09-05,6.0,24.5,37.7
2009-09-06,0.0,0.0,0.0
2009-09-07,0.0,0.0,0.0
2009-09-08,0.0,0.0,0.0
2009-09-09,0.0,0.0,0.0
2009-09-10,0.0,0.0,0.0
2009-09-11,0.0,0.0,0.0
2009-09-12,0.0,0.2,0.0
2009-09-13,0.0,2.2,1.3
2009-09-14,0.0,0.0,0.0
2009-09-15,0.0,0.0,0.0
2009-09-16,0.0,0.0,0.0
2009-09-17,0.0,0.0,0.0
2009-09-18,0.0,0.0,0.0
2009-09-19,0.0,1.3,1.0
2009-09-20,0.0,0.7,0.0
2009-09-21,0.0,0.0,0.0
2009-09-22,0.0,0.0,0.0
2009-09-23,0.0,0.2,0.0
2009-09-24,0.0,0.0,0.0
2009-09-25,0.0,0.0,0.0
2009-09-26,0.0,0.0,0.0
2009-09-27,0.0,0.0,0.0
2009-09-28,0.0,0.0,0.0
2009-09-29,0.0,0.0,0.0
2009-09-30,0.0,0.0,0.0
2009-10-01,0.0,0.0,0.0
2009-10-02,0.0,0.0,0.0
2009-10-03,0.0,0.0,0.0
2009-10-04,0.0,1.7,1.0
2009-10-05,0.0,3.1,1.4
2009-10-06,0.0,0.0,0.0
2009-10-07,2.0,0.0,0.0
2009-10-08,0.0,0.1,0.0
2009-10-09,0.0,3.1,1.4
2009-10-10,0.0,0.0,0.0
2009-10-11,0.0,2.8,1.1
2009-10-12,1.0,3.1,1.2
2009-10-13,0.0,0.0,0.0
2009-10-14,0.0,0.0,0.0
2009-10-15,0.0,0.0,0.0
2009-10-16,0.0,0.1,0.0
2009-10-17,0.0,0.0,0.0
2009-10-18,0.0,0.0,0.0
2009-10-19,9.0,16.9,25.4
2009-10-20,0.0,0.3,0.0
2009-10-21,0.0,0.0,0.0
2009-10-22,0.0,0.1,0.0
2009-10-23,0.0,0.0,0.0
2009-10-24,0.0,0.0,0.0
2009-10-25,0.0,0.0,0.0
2009-10-26,0.0,0.0,0.0
2009-10-27,0.0,0.0,0.0
2009-10-28,0.0,0.0,0.0
2009-10-29,0.0,0.0,0.0
2009-10-30,0.0,0.0,0.0
2009-10-31,0.0,0.0,0.0
2009-11-01,0.0,0.0,0.0
2009-11-02,0.0,0.0,0.0
2009-11-03,0.0,0.1,0.0
2009-11-04,0.0,0.2,0.0
2009-11-05,0.0,0.0,0.0
2009-11-06,0.0,0.0,0.0
2009-11-07,0.0,0.0,0.0
2009-11-08,0.0,0.4,0.0
2009-11-09,0.0,0.4,0.0
2009-11-10,2.0,1.3,0.0
2009-11-11,0.0,0.1,0.0
2009-11-12,0.0,0.0,0.0
2009-11-14,0.0,0.2,0.0
2009-11-15,0.0,0.0,0.0
2009-11-16,24.0,0.1,0.0
2009-11-17,0.0,1.3,0.0
2009-11-18,0.0,0.0,0.0
2009-11-19,0.0,2.3,0.0
2009-11-20,0.0,0.2,0.0
2009-11-21,0.0,1.4,0.0
2009-11-22,0.0,0.0,0.0
2009-11-23,0.0,1.1,0.0
2009-11-24,0.0,2.2,0.0
2009-11-25,0.0,0.0,0.0
2009-11-26,0.0,1.0,0.0
2009-11-27,28.0,3.8,0.0
2009-11-28,14.0,6.8,2.6
2009-11-29,0.0,2.3,0.0
2009-11-30,0.0,4.6,0.0
2009-12-01,0.0,0.6,0.0
2009-12-02,0.0,2.0,0.0
2009-12-03,0.0,0.0,0.0
2009-12-04,0.0,0.2,0.0
2009-12-05,0.0,0.2,0.0
2009-12-06,1.0,0.0,0.0
2009-12-07,0.0,6.8,3.5
2009-12-08,1.0,8.9,6.1
2009-12-09,6.0,1.5,0.0
2009-12-10,15.0,16.3,24.0
2009-12-11,0.0,4.1,0.0
2009-12-12,0.0,0.0,0.0
2009-12-13,20.0,0.1,0.0
2009-12-14,13.0,2.1,0.0
2009-12-15,0.0,0.0,0.0
2009-12-16,11.0,0.5,0.0
2009-12-17,4.0,5.4,1.5
2009-12-18,17.0,3.5,0.0
2009-12-19,2.0,0.6,0.0
2009-12-20,2.0,0.1,0.0
2009-12-21,28.0,9.6,5.0
2009-12-22,1.0,8.0,3.4
2009-12-23,0.0,1.0,0.0
2009-12-24,0.0,0.0,0.0
2009-12-25,14.0,7.7,3.1
2009-12-26,34.0,12.0,7.3
2009-12-27,0.0,1.3,0.0
2009-12-28,0.0,0.3,0.0
2009-12-29,0.0,0.3,0.0
2009-12-30,0.0,3.5,0.0
2009-12-31,6.0,31.4,34.7
2010-01-01,4.0,12.8,9.7
2010-01-02,5.0,4.3,1.0
2010-01-03,6.0,2.7,0.0
2010-01-04,1.0,3.3,0.0
2010-01-05,7.0,53.5,68.3
2010-01-06,11.0,16.1,15.3
2010-01-08,3.0,4.8,1.5
2010-01-09,0.0,2.2,0.0
2010-01-10,79.0,9.4,6.3
2010-01-11,4.0,3.8,1.0
2010-01-12,21.0,17.0,27.2
2010-01-13,0.0,6.0,3.7
2010-01-14,2.0,2.0,0.0
2010-01-16,4.0,2.9,0.0
2010-01-17,10.0,7.4,5.7
2010-01-18,16.0,2.2,0.0
2010-01-19,22.0,30.7,54.6
2010-01-20,5.0,4.5,1.7
2010-01-22,0.0,0.0,0.0
2010-01-23,19.0,0.4,0.0
2010-01-24,1.0,2.6,0.0
2010-01-25,27.0,1.2,0.0
2010-01-26,4.0,3.3,1.0
2010-01-27,4.0,4.9,2.4
2010-01-28,2.0,30.1,44.7
2010-01-29,12.0,0.6,0.0
2010-01-30,5.0,2.9,0.0
2010-01-31,50.0,10.4,9.5
2010-02-01,22.0,11.6,11.3
2010-02-02,15.0,4.3,0.0
2010-02-03,0.0,0.0,0.0
2010-02-04,10.0,0.0,0.0
2010-02-05,18.0,3.4,0.0
2010-02-06,1.0,2.7,0.0
2010-02-07,5.0,0.1,0.0
2010-02-08,18.0,3.4,0.0
2010-02-09,98.0,5.7,1.6
2010-02-11,0.0,0.0,0.0
2010-02-12,0.0,0.0,0.0
2010-02-13,27.0,0.1,0.0
2010-02-14,0.0,0.2,0.0
2010-02-15,0.0,0.1,0.0
2010-02-16,5.0,6.5,4.9
2010-02-18,0.0,0.5,0.0
2010-02-19,7.0,12.3,14.6
2010-02-20,10.0,15.8,25.5
2010-02-22,6.0,5.9,4.3
2010-02-23,0.0,0.1,0.0
2010-02-24,4.0,0.0,0.0
2010-02-25,0.0,0.0,0.0
2010-02-26,0.0,0.0,0.0
2010-02-27,0.0,0.1,0.0
2010-02-28,0.0,0.0,0.0
2010-03-01,0.0,0.0,0.0
2010-03-02,2.0,0.0,0.0
2010-03-03,0.0,0.0,0.0
2010-03-04,0.0,4.4,1.0
2010-03-05,0.0,0.1,0.0
2010-03-06,0.0,0.1,0.0
2010-03-07,21.0,24.1,30.9
2010-03-08,26.0,10.7,6.9
2010-03-09,2.0,0.6,0.0
2010-03-10,8.0,3.0,0.0
2010-03-11,2.0,3.5,1.0
2010-03-12,21.0,0.0,0.0
2010-03-13,18.0,1.3,0.0
2010-03-14,49.0,36.0,53.9
2010-03-15,0.0,0.7,0.0
2010-03-16,0.0,0.0,0.0
2010-03-17,32.0,26.7,36.1
2010-03-18,20.0,18.6,22.6
2010-03-19,12.0,11.5,10.0
2010-03-20,12.0,22.2,28.2
2010-03-21,8.0,2.4,0.0
2010-03-22,41.0,53.6,63.0
2010-03-23,2.0,7.8,4.6
2010-03-24,0.0,0.2,0.0
2010-03-25,0.0,0.3,0.0
2010-03-26,15.0,13.3,11.0
2010-03-27,0.0,6.0,2.6
2010-03-28,0.0,1.9,0.0
2010-03-29,10.0,5.8,2.4
2010-03-30,19.0,20.4,27.1
2010-03-31,12.0,11.2,8.6
2010-04-01,12.0,10.8,7.4
2010-04-02,13.0,6.0,2.4
2010-04-03,5.0,27.8,29.1
2010-04-04,1.0,0.8,0.0
2010-04-05,3.0,15.1,11.7
2010-04-06,11.0,2.0,0.0
2010-04-07,2.0,4.4,1.0
2010-04-08,24.0,3.9,0.0
2010-04-09,1.0,0.4,0.0
2010-04-10,0.0,0.4,0.0
2010-04-11,8.0,2.7,1.0
2010-04-12,8.0,0.2,0.0
2010-04-13,0.0,8.1,8.3
2010-04-14,0.0,1.2,0.0
2010-04-15,13.0,5.0,3.8
2010-04-16,0.0,5.1,3.8
2010-04-17,28.0,2.7,1.0
2010-04-18,4.0,5.3,4.1
2010-04-19,0.0,5.8,4.9
2010-04-20,27.0,27.8,46.8
2010-04-21,0.0,0.4,0.0
2010-04-23,0.0,0.3,0.0
2010-04-24,1.0,0.2,0.0
2010-04-25,0.0,0.0,0.0
2010-04-26,0.0,0.0,0.0
2010-04-27,0.0,0.0,0.0
2010-04-28,0.0,4.0,2.6
2010-04-29,0.0,3.0,1.7
2010-04-30,0.0,0.2,0.0
2010-05-01,0.0,1.5,0.0
2010-05-02,0.0,0.0,0.0
2010-05-03,1.0,4.6,1.8
2010-05-04,0.0,4.8,1.9
2010-05-05,0.0,14.2,9.7
2010-05-06,0.0,4.5,1.7
2010-05-07,0.0,13.3,9.0
2010-05-08,25.0,17.6,13.1
2010-05-09,23.0,46.0,56.6
2010-05-10,102.0,45.5,55.1
2010-05-11,23.0,47.5,45.2
2010-05-12,2.0,4.0,4.0
2010-05-13,2.0,22.7,19.5
2010-05-14,0.0,4.1,4.1
2010-05-15,0.0,0.0,0.0
2010-05-16,10.0,12.3,11.8
2010-05-17,0.0,4.1,4.2
2010-05-18,0.0,1.3,1.5
2010-05-19,19.0,2.2,2.3
2010-05-20,4.0,0.1,0.0
2010-05-21,0.0,0.9,0.0
2010-05-22,0.0,0.0,0.0
2010-05-23,0.0,2.9,3.2
2010-05-24,0.0,0.4,0.0
2010-05-25,0.0,2.5,2.8
2010-05-26,0.0,0.0,0.0
2010-05-27,0.0,0.0,0.0
2010-05-28,2.0,1.9,2.3
2010-05-29,0.0,0.8,0.0
2010-05-30,0.0,0.0,0.0
2010-05-31,0.0,0.9,0.0
2010-06-01,2.0,0.9,1.0
2010-06-02,71.0,1.9,1.7
2010-06-03,3.0,4.3,4.6
2010-06-04,0.0,1.0,1.0
2010-06-05,0.0,24.6,34.9
2010-06-06,1.0,1.4,1.1
2010-06-07,0.0,0.3,0.0
2010-06-08,0.0,0.0,0.0
2010-06-09,15.0,0.0,0.0
2010-06-10,0.0,0.5,0.0
2010-06-11,7.0,15.4,16.2
2010-06-12,15.0,34.1,53.0
2010-06-13,0.0,0.5,0.0
2010-06-14,15.0,4.0,2.7
2010-06-15,11.0,11.5,11.3
2010-06-16,1.0,5.7,4.5
2010-06-17,0.0,0.9,0.0
2010-06-18,62.0,35.0,55.9
2010-06-19,15.0,0.7,0.0
2010-06-20,0.0,0.9,0.0
2010-06-21,3.0,0.4,0.0
2010-06-23,0.0,0.0,0.0
2010-06-24,0.0,0.0,0.0
2010-06-25,0.0,0.0,0.0
2010-06-26,2.0,3.9,4.9
2010-06-27,27.0,37.8,28.8
2010-06-28,0.0,0.0,0.0
2010-06-29,0.0,0.0,0.0
2010-06-30,0.0,0.0,0.0
2010-07-01,0.0,0.0,0.0
2010-07-02,0.0,0.0,0.0
2010-07-03,0.0,1.0,0.0
2010-07-04,1.0,3.0,5.4
2010-07-05,0.0,17.5,15.2
2010-07-06,0.0,0.3,0.0
2010-07-07,4.0,3.1,5.5
2010-07-08,0.0,0.5,0.0
2010-07-09,0.0,0.8,0.0
2010-07-10,1.0,24.0,19.9
2010-07-11,0.0,2.9,4.2
2010-07-12,0.0,0.3,0.0
2010-07-13,11.0,1.0,0.0
2010-07-14,6.0,1.8,3.3
2010-07-15,7.0,5.9,6.7
2010-07-16,2.0,2.3,3.8
2010-07-17,6.0,0.4,0.0
2010-07-18,10.0,0.8,0.0
2010-07-19,18.0,12.6,12.2
2010-07-20,15.0,8.4,8.7
2010-07-21,5.0,4.8,5.7
2010-07-22,14.0,24.5,18.0
2010-07-23,0.0,4.0,4.8
2010-07-24,2.0,0.0,0.0
2010-07-25,0.0,0.1,0.0
2010-07-26,0.0,0.0,0.0
2010-07-28,39.0,29.4,23.3
2010-07-29,2.0,4.0,4.8
2010-07-30,10.0,3.4,4.3
2010-07-31,0.0,0.5,0.0
2010-08-01,0.0,2.8,1.0
2010-08-02,1.0,3.8,1.6
2010-08-03,111.0,178.7,98.8
2010-08-04,69.0,87.8,97.4
2010-08-05,0.0,15.0,10.8
2010-08-06,34.0,25.9,29.1
2010-08-07,1.0,7.8,6.0
2010-08-08,57.0,34.7,41.2
2010-08-09,2.0,16.5,12.3
2010-08-10,0.0,3.7,1.6
2010-08-11,4.0,49.0,164.3
2010-08-12,0.0,7.0,12.8
2010-08-13,0.0,0.0,0.0
2010-08-14,0.0,0.0,0.0
2010-08-15,2.0,1.0,1.4
2010-08-16,0.0,1.4,2.0
2010-08-18,2.0,3.9,6.7
2010-08-19,0.0,0.0,0.0
2010-08-20,0.0,1.2,1.6
2010-08-21,0.0,1.6,1.8
2010-08-22,0.0,0.0,0.0
2010-08-23,8.0,12.3,9.1
2010-08-25,2.0,16.7,11.9
2010-08-26,0.0,0.5,0.0
2010-08-27,21.0,0.0,0.0
2010-08-28,6.0,12.0,8.7
2010-08-29,2.0,20.9,14.0
2010-08-30,4.0,2.8,2.5
2010-08-31,20.0,0.9,0.0
2010-09-01,0.0,0.1,0.0
2010-09-02,0.0,0.1,0.0
2010-09-03,12.0,33.7,60.6
2010-09-04,0.0,5.0,4.9
2010-09-05,0.0,3.1,2.9
2010-09-06,0.0,5.0,5.0
2010-09-07,31.0,45.0,77.7
2010-09-08,4.0,6.5,6.8
2010-09-09,25.0,13.4,14.8
2010-09-11,0.0,0.1,0.0
2010-09-12,0.0,22.3,45.7
2010-09-13,0.0,0.5,0.0
2010-09-14,3.0,9.7,10.2
2010-09-15,0.0,0.1,0.0
2010-09-16,0.0,0.1,0.0
2010-09-17,0.0,3.3,2.7
2010-09-18,0.0,3.4,2.8
2010-09-19,5.0,14.5,21.4
2010-09-20,0.0,3.0,2.4
2010-09-21,0.0,0.0,0.0
2010-09-22,7.0,10.2,6.3
2010-09-23,0.0,0.0,0.0
2010-09-24,0.0,0.4,0.0
2010-09-25,0.0,9.3,5.7
2010-09-26,1.0,13.0,8.7
2010-09-27,0.0,5.0,2.8
2010-09-28,23.0,1.0,0.0
2010-09-30,0.0,0.1,0.0
2010-10-01,1.0,0.4,0.0
2010-10-02,4.0,4.9,2.6
2010-10-03,5.0,5.7,3.6
2010-10-04,22.0,41.2,43.0
2010-10-05,0.0,1.4,0.0
2010-10-06,3.0,3.7,2.0
2010-10-07,0.0,0.8,0.0
2010-10-08,0.0,5.7,3.2
2010-10-09,4.0,35.3,35.0
2010-10-10,35.0,60.8,61.6
2010-10-11,1.0,15.4,21.0
2010-10-12,1.0,3.7,1.1
2010-10-13,0.0,0.0,0.0
2010-10-14,0.0,0.8,0.0
2010-10-15,0.0,1.8,0.0
2010-10-16,0.0,2.4,0.0
2010-10-17,0.0,0.3,0.0
2010-10-18,0.0,0.0,0.0
2010-10-19,0.0,3.2,1.2
2010-10-21,0.0,2.5,0.0
2010-10-22,0.0,9.8,1.3
2010-10-23,0.0,1.2,0.0
2010-10-25,0.0,3.0,0.0
2010-10-26,1.0,10.0,1.5
2010-10-27,26.0,35.4,46.5
2010-10-29,0.0,7.0,0.0
2010-10-30,0.0,2.8,0.0
2010-10-31,0.0,1.5,0.0
2010-11-02,2.0,17.1,31.1
2010-11-03,3.0,9.1,8.0
2010-11-04,40.0,33.9,36.8
2010-11-05,0.0,12.7,23.6
2010-11-06,35.0,8.9,7.7
2010-11-07,24.0,8.3,7.0
2010-11-08,0.0,0.0,0.0
2010-11-09,0.0,0.0,0.0
2010-11-10,0.0,0.1,0.0
2010-11-11,8.0,3.0,0.0
2010-11-12,0.0,3.3,0.0
2010-11-13,0.0,0.3,0.0
2010-11-14,0.0,0.1,0.0
2010-11-15,2.0,0.3,0.0
2010-11-16,1.0,4.2,0.0
2010-11-17,1.0,3.7,0.0
2010-11-18,1.0,0.2,0.0
2010-11-19,4.0,0.4,0.0
2010-11-20,1.0,0.1,0.0
2010-11-21,0.0,9.3,6.5
2010-11-22,6.0,12.0,11.4
2010-11-23,0.0,0.9,0.0
2010-11-24,0.0,0.0,0.0
2010-11-25,0.0,0.0,0.0
2010-11-26,0.0,0.4,0.0
2010-11-28,0.0,0.0,0.0
2010-11-29,0.0,0.0,0.0
2010-11-30,0.0,3.1,0.0
2010-12-01,0.0,0.3,0.0
2010-12-02,1.0,10.4,8.1
2010-12-03,15.0,19.8,28.8
2010-12-04,7.0,26.8,37.1
2010-12-05,0.0,1.3,0.0
2010-12-06,0.0,0.0,0.0
2010-12-07,8.0,5.4,1.7
2010-12-08,41.0,25.7,35.7
2010-12-09,22.0,16.5,24.6
2010-12-10,24.0,57.6,54.0
2010-12-11,0.0,14.9,17.9
2010-12-12,6.0,7.1,3.4
2010-12-14,21.0,29.0,34.9
2010-12-15,3.0,3.4,0.0
2010-12-16,27.0,4.8,1.0
2010-12-17,4.0,0.9,0.0
2010-12-18,0.0,2.7,0.0
2010-12-21,8.0,0.4,0.0
2010-12-22,4.0,29.9,32.8
2010-12-23,2.0,31.7,35.3
2010-12-24,8.0,21.0,18.8
2010-12-25,0.0,1.5,0.0
2010-12-26,14.0,27.3,29.1
2010-12-27,2.0,5.4,1.0
2010-12-28,0.0,7.8,3.1
2010-12-29,2.0,11.6,6.9
2010-12-30,2.0,15.5,10.9
2010-12-31,19.0,17.6,13.4
2011-01-01,0.0,1.2,0.0
2011-01-02,1.0,5.7,2.4
2011-01-03,0.0,0.4,0.0
2011-01-04,5.0,1.9,0.0
2011-01-05,0.0,1.0,0.0
2011-01-06,5.0,0.4,0.0
2011-01-07,6.0,4.3,1.0
2011-01-08,0.0,0.6,0.0
2011-01-09,0.0,1.1,0.0
2011-01-10,0.0,0.3,0.0
2011-01-11,0.0,2.9,0.0
2011-01-12,36.0,20.9,35.4
2011-01-13,6.0,28.7,50.4
2011-01-14,4.0,2.5,0.0
2011-01-16,61.0,30.2,54.3
2011-01-18,4.0,11.3,11.4
2011-01-19,2.0,4.9,2.3
2011-01-21,0.0,0.0,0.0
2011-01-22,12.0,7.0,5.1
2011-01-23,0.0,4.4,1.8
2011-01-24,0.0,1.9,0.0
2011-01-25,16.0,3.7,1.0
2011-01-26,8.0,0.4,0.0
2011-01-27,0.0,1.4,0.0
2011-01-28,0.0,5.0,2.5
2011-01-31,0.0,1.5,0.0
2011-02-02,0.0,0.4,0.0
2011-02-05,7.0,6.5,2.9
2011-02-06,5.0,11.9,11.8
2011-02-07,6.0,11.6,11.3
2011-02-08,50.0,2.3,0.0
2011-02-09,21.0,1.5,0.0
2011-02-10,0.0,0.4,0.0
2011-02-11,6.0,4.2,1.6
2011-02-12,2.0,12.7,15.1
2011-02-13,5.0,10.2,10.7
2011-02-14,3.0,5.5,3.5
2011-02-15,0.0,1.5,0.0
2011-02-16,1.0,1.0,0.0
2011-02-17,0.0,3.0,1.0
2011-02-18,7.0,1.6,0.0
2011-02-19,0.0,0.5,0.0
2011-02-20,20.0,0.2,0.0
2011-02-21,5.0,2.0,0.0
2011-02-22,31.0,19.6,35.0
2011-02-23,0.0,4.1,1.6
2011-02-24,0.0,3.6,1.0
2011-02-25,0.0,1.5,0.0
2011-02-26,0.0,0.2,0.0
2011-02-27,0.0,0.2,0.0
2011-02-28,24.0,32.8,74.9
2011-03-01,9.0,31.4,41.8
2011-03-02,1.0,4.7,1.0
2011-03-03,3.0,21.3,25.3
2011-03-04,0.0,1.0,0.0
2011-03-05,5.0,0.0,0.0
2011-03-06,0.0,0.4,0.0
2011-03-07,0.0,1.4,0.0
2011-03-08,0.0,2.8,0.0
2011-03-09,0.0,0.3,0.0
2011-03-10,0.0,0.3,0.0
2011-03-11,0.0,1.5,0.0
2011-03-12,0.0,11.5,10.0
2011-03-13,14.0,29.4,41.0
2011-03-14,1.0,6.6,3.9
2011-03-15,2.0,2.1,0.0
2011-03-16,0.0,5.2,2.2
2011-03-17,1.0,2.8,0.0
2011-03-18,0.0,1.5,0.0
2011-03-19,2.0,1.3,0.0
2011-03-20,0.0,4.0,1.0
2011-03-21,0.0,1.7,0.0
2011-03-22,4.0,0.4,0.0
2011-03-23,3.0,7.7,4.5
2011-03-24,0.0,1.1,0.0
2011-03-25,19.0,13.5,11.6
2011-03-26,6.0,1.9,0.0
2011-03-27,6.0,11.9,9.4
2011-03-28,74.0,12.4,10.7
2011-03-29,0.0,1.8,0.0
2011-03-30,0.0,10.5,7.7
2011-03-31,5.0,11.9,9.3
2011-04-01,0.0,5.7,2.1
2011-04-02,3.0,2.8,0.0
2011-04-03,0.0,0.4,0.0
2011-04-04,4.0,1.7,0.0
2011-04-05,0.0,0.7,0.0
2011-04-06,19.0,3.4,0.0
2011-04-07,17.0,6.9,3.4
2011-04-08,27.0,28.9,31.0
2011-04-09,1.0,4.3,1.0
2011-04-10,4.0,10.9,7.6
2011-04-11,0.0,10.6,11.9
2011-04-12,0.0,0.8,0.0
2011-04-13,33.0,4.3,2.8
2011-04-14,3.0,14.9,22.8
2011-04-15,0.0,1.0,0.0
2011-04-16,14.0,2.2,1.0
2011-04-17,2.0,2.5,1.0
2011-04-18,11.0,0.9,0.0
2011-04-19,11.0,3.7,2.0
2011-04-20,0.0,2.0,1.0
2011-04-21,1.0,9.4,8.0
2011-04-22,0.0,4.4,3.0
2011-04-24,3.0,0.7,0.0
2011-04-25,20.0,42.4,76.8
2011-04-26,10.0,8.0,6.6
2011-04-27,0.0,0.8,0.0
2011-04-28,0.0,1.7,1.0
2011-04-29,10.0,1.8,1.0
2011-04-30,0.0,4.0,2.7
2011-05-01,0.0,8.3,4.7
2011-05-02,0.0,2.2,1.0
2011-05-03,2.0,19.4,14.9
2011-05-04,0.0,0.3,0.0
2011-05-05,2.0,1.6,0.0
2011-05-06,0.0,1.4,0.0
2011-05-07,0.0,3.0,1.0
2011-05-08,0.0,0.3,0.0
2011-05-09,0.0,0.0,0.0
2011-05-10,0.0,11.7,7.5
2011-05-11,4.0,1.1,1.4
2011-05-12,29.0,0.2,0.0
2011-05-13,4.0,1.1,1.4
2011-05-14,32.0,33.7,30.2
2011-05-15,0.0,0.3,0.0
2011-05-16,1.0,33.4,29.3
2011-05-17,7.0,7.1,7.1
2011-05-18,0.0,0.4,0.0
2011-05-19,17.0,29.6,26.2
2011-05-20,6.0,21.3,19.6
2011-05-21,19.0,30.4,28.6
2011-05-22,25.0,70.7,85.1
2011-05-23,20.0,19.0,17.7
2011-05-24,32.0,44.0,47.3
2011-05-26,25.0,37.3,35.9
2011-05-27,0.0,13.1,12.9
2011-05-28,0.0,12.7,12.0
2011-05-29,0.0,1.8,2.3
2011-05-30,12.0,7.3,7.1
2011-05-31,2.0,5.8,5.7
2011-06-01,0.0,1.3,1.0
2011-06-02,0.0,3.6,3.7
2011-06-03,3.0,2.0,1.8
2011-06-04,1.0,6.1,6.8
2011-06-05,5.0,8.2,9.4
2011-06-06,0.0,0.2,0.0
2011-06-07,0.0,5.2,5.7
2011-06-08,0.0,1.3,1.0
2011-06-09,0.0,0.1,0.0
2011-06-10,3.0,2.8,2.7
2011-06-11,0.0,1.3,1.0
2011-06-12,36.0,4.8,3.5
2011-06-13,0.0,4.5,3.2
2011-06-14,0.0,0.3,0.0
2011-06-15,0.0,0.0,0.0
2011-06-16,0.0,0.7,0.0
2011-06-17,0.0,2.1,1.0
2011-06-18,0.0,0.2,0.0
2011-06-19,0.0,0.0,0.0
2011-06-20,0.0,1.4,1.0
2011-06-21,13.0,6.1,6.7
2011-06-22,0.0,0.4,0.0
2011-06-23,18.0,19.8,17.6
2011-06-24,16.0,33.0,23.1
2011-06-25,0.0,1.1,0.0
2011-06-26,5.0,11.8,11.0
2011-06-27,0.0,0.0,0.0
2011-06-28,0.0,0.0,0.0
2011-06-29,16.0,0.0,0.0
2011-06-30,19.0,3.8,4.8
2011-07-01,5.0,0.7,0.0
2011-07-02,0.0,2.9,5.4
2011-07-03,0.0,0.0,0.0
2011-07-04,0.0,0.0,0.0
2011-07-05,0.0,5.3,7.1
2011-07-06,0.0,0.4,0.0
2011-07-07,2.0,0.1,0.0
2011-07-08,3.0,0.8,0.0
2011-07-09,0.0,0.5,0.0
2011-07-10,0.0,1.2,4.0
2011-07-11,0.0,0.0,0.0
2011-07-12,0.0,0.0,0.0
2011-07-13,1.0,1.0,0.0
2011-07-14,3.0,0.1,0.0
2011-07-15,0.0,0.0,0.0
2011-07-16,0.0,0.0,0.0
2011-07-18,0.0,13.5,13.1
2011-07-19,8.0,25.3,22.1
2011-07-20,18.0,56.2,51.0
2011-07-21,1.0,9.3,8.7
2011-07-22,0.0,0.0,0.0
2011-07-23,0.0,0.0,0.0
2011-07-24,0.0,0.2,0.0
2011-07-25,0.0,0.0,0.0
2011-07-27,0.0,0.0,0.0
2011-07-28,0.0,0.5,0.0
2011-07-29,7.0,9.8,9.8
2011-07-30,22.0,18.4,16.7
2011-07-31,5.0,4.9,6.1
2011-08-01,4.0,6.2,3.5
2011-08-02,0.0,0.6,0.0
2011-08-03,2.0,0.0,0.0
2011-08-04,0.0,0.0,0.0
2011-08-05,0.0,0.0,0.0
2011-08-06,0.0,0.0,0.0
2011-08-07,0.0,0.0,0.0
2011-08-08,0.0,1.7,1.0
2011-08-09,0.0,19.4,14.4
2011-08-10,0.0,0.0,0.0
2011-08-11,0.0,1.9,2.8
2011-08-12,0.0,0.1,0.0
2011-08-13,0.0,0.0,0.0
2011-08-14,1.0,6.4,10.2
2011-08-15,3.0,12.5,20.4
2011-08-16,0.0,0.2,0.0
2011-08-17,0.0,0.0,0.0
2011-08-18,0.0,0.0,0.0
2011-08-19,0.0,0.4,0.0
2011-08-20,3.0,1.3,1.8
2011-08-21,0.0,0.1,0.0
2011-08-22,0.0,0.0,0.0
2011-08-23,0.0,0.0,0.0
2011-08-24,1.0,0.0,0.0
2011-08-25,0.0,0.1,0.0
2011-08-26,0.0,0.2,0.0
2011-08-27,0.0,0.1,0.0
2011-08-28,0.0,0.0,0.0
2011-08-29,1.0,54.0,53.0
2011-08-30,1.0,2.9,2.6
2011-08-31,2.0,2.0,2.0
2011-09-01,19.0,15.5,14.7
2011-09-02,0.0,6.5,6.7
2011-09-03,0.0,0.1,0.0
2011-09-04,0.0,0.0,0.0
2011-09-06,13.0,21.6,30.2
2011-09-07,1.0,25.6,40.6
2011-09-08,3.0,6.0,6.2
2011-09-09,2.0,0.5,0.0
2011-09-10,0.0,0.8,0.0
2011-09-11,0.0,0.0,0.0
2011-09-12,1.0,0.9,0.0
2011-09-13,2.0,0.0,0.0
2011-09-14,2.0,0.0,0.0
2011-09-15,1.0,0.1,0.0
2011-09-16,7.0,2.7,2.0
2011-09-17,1.0,0.5,0.0
2011-09-18,0.0,0.0,0.0
2011-09-19,0.0,0.9,1.0
2011-09-20,0.0,0.1,0.0
2011-09-21,0.0,0.9,0.0
2011-09-22,0.0,0.1,0.0
2011-09-23,0.0,0.0,0.0
2011-09-24,0.0,0.0,0.0
2011-09-25,0.0,0.0,0.0
2011-09-26,0.0,0.1,0.0
2011-09-27,0.0,0.0,0.0
2011-09-28,0.0,0.0,0.0
2011-09-29,0.0,0.0,0.0
2011-09-30,0.0,0.0,0.0
2011-10-01,0.0,0.6,0.0
2011-10-02,0.0,0.0,0.0
2011-10-03,0.0,0.0,0.0
2011-10-04,0.0,0.0,0.0
2011-10-05,0.0,0.0,0.0
2011-10-06,0.0,0.0,0.0
2011-10-07,0.0,0.0,0.0
2011-10-08,0.0,0.0,0.0
2011-10-09,0.0,0.2,0.0
2011-10-10,0.0,0.0,0.0
2011-10-11,0.0,0.3,0.0
2011-10-12,0.0,0.0,0.0
2011-10-13,0.0,0.0,0.0
2011-10-14,2.0,0.6,0.0
2011-10-15,0.0,0.8,0.0
2011-10-16,0.0,0.0,0.0
2011-10-17,0.0,0.0,0.0
2011-10-18,2.0,0.0,0.0
2011-10-19,4.0,0.1,0.0
2011-10-20,0.0,0.3,0.0
2011-10-21,0.0,0.0,0.0
2011-10-22,0.0,0.0,0.0
2011-10-23,14.0,10.9,2.0
2011-10-24,27.0,28.1,33.6
2011-10-25,0.0,0.0,0.0
2011-10-26,1.0,0.0,0.0
2011-10-27,0.0,0.1,0.0
2011-10-28,0.0,0.0,0.0
2011-10-30,0.0,0.0,0.0
2011-10-31,0.0,0.3,0.0
2011-11-01,0.0,0.0,0.0
2011-11-03,55.0,0.2,0.0
2011-11-04,40.0,33.9,37.1
2011-11-05,0.0,3.6,1.8
2011-11-06,0.0,0.2,0.0
2011-11-07,8.0,0.2,0.0
2011-11-08,0.0,2.9,1.1
2011-11-09,0.0,3.2,1.1
2011-11-10,0.0,0.0,0.0
2011-11-11,0.0,0.0,0.0
2011-11-12,0.0,0.8,0.0
2011-11-13,0.0,0.9,0.0
2011-11-14,10.0,0.0,0.0
2011-11-15,0.0,0.0,0.0
2011-11-16,0.0,0.1,0.0
2011-11-17,0.0,0.2,0.0
2011-11-18,0.0,4.0,0.0
2011-11-19,0.0,1.1,0.0
2011-11-20,0.0,3.9,0.0
2011-11-21,30.0,0.3,0.0
2011-11-23,0.0,2.2,0.0
2011-11-24,0.0,2.1,0.0
2011-11-25,23.0,7.9,4.2
2011-11-27,0.0,0.8,0.0
2011-11-28,0.0,2.3,0.0
2011-11-30,310.0,1.3,0.0
2011-12-01,1.0,1.2,0.0
2011-12-02,23.0,5.5,1.8
2011-12-03,0.0,4.6,1.0
2011-12-04,37.0,29.7,39.9
2011-12-05,0.0,5.9,2.3
2011-12-06,0.0,6.9,3.7
2011-12-07,2.0,29.0,39.0
2011-12-08,17.0,5.7,2.1
2011-12-09,32.0,13.0,11.5
2011-12-10,1.0,5.2,1.4
2011-12-11,0.0,0.0,0.0
2011-12-12,0.0,0.0,0.0
2011-12-13,8.0,1.6,0.0
2011-12-14,1.0,10.6,7.5
2011-12-15,0.0,9.3,5.8
2011-12-16,1.0,21.3,29.9
2011-12-17,2.0,10.5,7.2
2011-12-18,0.0,4.8,1.0
2011-12-19,13.0,8.2,4.6
2011-12-20,34.0,9.7,6.2
2011-12-21,0.0,14.9,10.4
2011-12-22,47.0,23.7,24.7
2011-12-23,0.0,7.0,2.4
2011-12-24,9.0,34.1,39.0
2011-12-25,6.0,0.8,0.0
2011-12-26,0.0,0.4,0.0
2011-12-27,14.0,16.1,11.6
2011-12-28,23.0,38.5,44.9
2011-12-29,42.0,20.1,17.5
2011-12-30,4.0,7.8,3.2
2011-12-31,44.0,6.8,2.2
2012-01-01,3.0,11.5,8.6
2012-01-02,55.0,2.7,0.0
2012-01-03,2.0,1.9,0.0
2012-01-04,25.0,18.3,19.0
2012-01-05,37.0,2.9,0.0
2012-01-06,6.0,0.8,0.0
2012-01-07,1.0,2.0,0.0
2012-01-08,0.0,1.2,0.0
2012-01-09,10.0,4.8,1.6
2012-01-10,0.0,3.3,0.0
2012-01-11,38.0,4.8,2.2
2012-01-12,0.0,4.6,2.0
2012-01-13,2.0,0.7,0.0
2012-01-14,6.0,14.4,22.2
2012-01-15,0.0,13.4,14.6
2012-01-16,12.0,10.5,10.2
2012-01-17,0.0,1.8,0.0
2012-01-18,22.0,5.2,2.7
2012-01-19,0.0,9.6,8.9
2012-01-20,3.0,3.8,1.0
2012-01-22,26.0,26.9,39.8
2012-01-23,5.0,3.7,1.0
2012-01-24,6.0,1.9,0.0
2012-01-26,0.0,0.2,0.0
2012-01-27,0.0,0.0,0.0
2012-01-28,11.0,26.0,38.2
2012-01-29,0.0,0.0,0.0
2012-01-30,3.0,0.1,0.0
2012-01-31,0.0,1.5,0.0
2012-02-01,7.0,7.9,5.2
2012-02-02,0.0,1.9,0.0
2012-02-03,12.0,0.3,0.0
2012-02-04,0.0,0.4,0.0
2012-02-05,0.0,0.2,0.0
2012-02-06,0.0,0.8,0.0
2012-02-07,1.0,3.4,0.0
2012-02-08,0.0,0.6,0.0
2012-02-09,1.0,0.5,0.0
2012-02-10,0.0,1.5,0.0
2012-02-11,51.0,26.3,49.8
2012-02-12,0.0,2.1,0.0
2012-02-13,16.0,0.3,0.0
2012-02-14,0.0,5.7,3.7
2012-02-15,22.0,13.0,16.1
2012-02-16,26.0,9.6,9.7
2012-02-17,1.0,0.6,0.0
2012-02-18,5.0,8.2,7.6
2012-02-19,3.0,1.9,0.0
2012-02-20,0.0,4.8,2.4
2012-02-22,0.0,0.6,0.0
2012-02-23,9.0,0.0,0.0
2012-02-24,29.0,3.6,1.0
2012-02-25,0.0,1.3,0.0
2012-02-27,0.0,0.4,0.0
2012-02-28,4.0,0.2,0.0
2012-02-29,0.0,1.5,0.0
2012-03-01,0.0,0.0,0.0
2012-03-02,67.0,8.6,4.7
2012-03-03,0.0,2.4,0.0
2012-03-04,3.0,13.9,11.5
2012-03-05,38.0,10.0,6.1
2012-03-06,5.0,6.4,2.6
2012-03-07,13.0,9.4,5.5
2012-03-08,7.0,16.1,12.7
2012-03-09,7.0,6.2,2.4
2012-03-10,9.0,24.1,30.7
2012-03-11,0.0,4.9,1.9
2012-03-12,3.0,16.8,20.3
2012-03-13,37.0,23.6,30.9
2012-03-14,7.0,0.3,0.0
2012-03-15,30.0,25.7,34.3
2012-03-16,8.0,9.3,7.3
2012-03-17,0.0,2.7,0.0
2012-03-18,1.0,3.5,1.0
2012-03-19,6.0,6.1,3.3
2012-03-20,2.0,0.9,0.0
2012-03-21,0.0,0.2,0.0
2012-03-22,14.0,2.0,0.0
2012-03-23,9.0,9.3,6.3
2012-03-24,4.0,2.3,0.0
2012-03-25,45.0,10.4,7.6
2012-03-26,0.0,0.4,0.0
2012-03-27,3.0,5.7,2.3
2012-03-28,0.0,0.8,0.0
2012-03-29,0.0,0.5,0.0
2012-03-30,0.0,2.9,0.0
2012-03-31,19.0,9.6,6.7
2012-04-01,4.0,1.6,0.0
2012-04-02,18.0,0.2,0.0
2012-04-03,1.0,8.1,4.6
2012-04-04,1.0,2.2,0.0
2012-04-05,4.0,0.0,0.0
2012-04-06,2.0,2.3,0.0
2012-04-07,0.0,0.0,0.0
2012-04-08,0.0,0.0,0.0
2012-04-09,0.0,0.0,0.0
2012-04-10,0.0,4.7,1.0
2012-04-12,0.0,0.1,0.0
2012-04-13,0.0,0.2,0.0
2012-04-14,0.0,0.1,0.0
2012-04-15,0.0,0.5,0.0
2012-04-16,6.0,1.3,0.0
2012-04-17,3.0,5.8,4.9
2012-04-18,0.0,0.1,0.0
2012-04-19,14.0,0.3,0.0
2012-04-20,30.0,0.1,0.0
2012-04-21,0.0,0.1,0.0
2012-04-22,0.0,0.4,0.0
2012-04-23,22.0,10.3,8.9
2012-04-24,0.0,0.8,0.0
2012-04-25,0.0,4.8,3.4
2012-04-27,0.0,0.7,0.0
2012-04-28,0.0,0.7,0.0
2012-04-29,2.0,27.8,38.2
2012-05-01,16.7,13.1,8.7
2012-05-03,0.0,8.7,5.0
2012-05-04,2.9,18.6,14.2
2012-05-05,2.0,10.0,6.1
2012-05-06,6.0,0.2,0.0
2012-05-07,0.0,0.0,0.0
2012-05-08,0.0,0.2,0.0
2012-05-09,0.0,0.9,0.0
2012-05-10,8.5,23.3,19.6
2012-05-11,0.0,0.3,0.0
2012-05-12,0.0,0.0,0.0
2012-05-13,0.0,0.0,0.0
2012-05-14,0.0,0.0,0.0
2012-05-15,0.0,1.7,1.9
2012-05-16,0.0,0.0,0.0
2012-05-17,57.2,18.4,17.4
2012-05-18,0.0,3.5,3.6
2012-05-19,0.0,0.0,0.0
2012-05-20,4.4,0.1,0.0
2012-05-21,0.2,0.2,0.0
2012-05-22,11.5,1.4,1.9
2012-05-23,5.9,16.2,15.6
2012-05-24,1.0,5.7,5.6
2012-05-25,0.2,6.3,6.2
2012-05-26,2.8,11.5,11.4
2012-05-27,0.6,14.1,13.2
2012-05-28,0.0,0.3,0.0
2012-05-29,0.0,2.5,2.9
2012-05-30,4.8,34.1,31.7
2012-05-31,0.0,1.2,1.8
2012-06-02,62.6,9.9,11.6
2012-06-03,4.0,19.0,21.9
2012-06-04,1.7,13.8,16.7
2012-06-05,0.0,2.0,1.8
2012-06-06,0.0,2.6,2.5
2012-06-07,9.5,2.7,2.7
2012-06-09,0.0,5.5,6.1
2012-06-10,8.4,2.4,2.2
2012-06-11,1.0,7.8,7.0
2012-06-12,0.0,7.3,6.4
2012-06-13,0.0,0.0,0.0
2012-06-14,0.0,0.0,0.0
2012-06-15,0.0,0.0,0.0
2012-06-16,17.3,1.5,1.0
2012-06-17,7.7,0.9,0.0
2012-06-19,0.0,0.2,0.0
2012-06-20,0.0,10.9,10.9
2012-06-21,0.0,0.6,0.0
2012-06-22,1.4,0.4,0.0
2012-06-23,0.0,0.2,0.0
2012-06-24,0.0,0.4,0.0
2012-06-26,0.2,1.2,2.7
2012-06-27,0.3,5.5,6.2
2012-06-28,5.8,11.0,10.7
2012-06-29,2.1,16.3,14.8
2012-06-30,0.0,0.0,0.0
2012-07-01,0.0,0.1,0.0
2012-07-02,0.0,1.2,4.0
2012-07-03,26.2,24.1,19.7
2012-07-04,1.9,1.3,4.1
2012-07-05,4.2,5.3,7.1
2012-07-06,80.8,94.9,92.5
2012-07-07,38.8,36.5,24.3
2012-07-08,15.8,11.0,11.2
2012-07-09,0.0,4.2,6.3
2012-07-10,1.2,33.2,19.5
2012-07-11,0.0,3.2,4.5
2012-07-12,0.4,3.7,4.9
2012-07-13,0.0,4.9,5.9
2012-07-14,8.0,4.1,5.2
2012-07-15,15.2,25.3,23.1
2012-07-16,2.1,19.6,18.1
2012-07-17,15.2,9.7,9.8
2012-07-18,6.3,20.4,18.8
2012-07-19,34.0,50.3,45.7
2012-07-20,2.0,25.3,23.3
2012-07-21,0.0,0.3,0.0
2012-07-22,17.0,1.8,3.0
2012-07-23,0.0,0.1,0.0
2012-07-24,0.0,0.1,0.0
2012-07-25,0.0,0.7,0.0
2012-07-26,0.0,1.6,2.8
2012-07-27,0.0,0.4,0.0
2012-07-28,0.0,0.0,0.0
2012-07-29,1.9,0.8,0.0
2012-07-30,9.1,13.8,12.8
2012-07-31,67.9,80.6,79.8
2012-08-01,16.3,179.4,98.6
2012-08-02,0.0,7.0,4.4
2012-08-03,0.0,0.6,0.0
2012-08-04,0.0,0.1,0.0
2012-08-05,0.0,1.3,0.0
2012-08-06,0.0,2.2,1.0
2012-08-07,0.0,0.0,0.0
2012-08-08,0.0,2.6,1.0
2012-08-09,0.0,18.3,13.9
2012-08-10,0.0,0.2,0.0
2012-08-11,0.0,0.0,0.0
2012-08-12,0.0,0.0,0.0
2012-08-13,0.0,0.3,0.0
2012-08-14,1.3,0.0,0.0
2012-08-16,0.0,0.6,1.0
2012-08-17,0.0,0.0,0.0
2012-08-18,0.0,0.0,0.0
2012-08-19,0.0,0.0,0.0
2012-08-20,4.6,0.5,0.0
2012-08-21,0.0,0.0,0.0
2012-08-22,0.0,0.2,0.0
2012-08-23,0.0,0.0,0.0
2012-08-24,0.0,18.4,10.4
2012-08-25,0.0,1.5,1.7
2012-08-26,0.0,0.3,0.0
2012-08-27,0.0,0.0,0.0
2012-08-28,0.0,0.1,0.0
2012-08-29,0.0,0.0,0.0
2012-08-30,0.0,0.0,0.0
2012-08-31,0.0,0.0,0.0
2012-09-01,0.0,0.1,0.0
2012-09-02,0.0,1.0,1.0
2012-09-03,0.0,5.6,5.6
2012-09-04,2.0,2.5,2.2
2012-09-05,0.0,0.0,0.0
2012-09-06,0.0,0.0,0.0
2012-09-07,0.0,4.2,4.1
2012-09-09,0.0,0.1,0.0
2012-09-10,0.0,0.0,0.0
2012-09-11,20.0,0.8,0.0
2012-09-12,0.0,1.2,1.0
2012-09-13,0.0,0.2,0.0
2012-09-14,0.0,0.0,0.0
2012-09-15,1.0,0.0,0.0
2012-09-16,0.0,0.1,0.0
2012-09-17,0.0,0.0,0.0
2012-09-18,2.0,1.2,1.0
2012-09-19,0.0,0.0,0.0
2012-09-20,0.0,0.0,0.0
2012-09-22,0.0,0.0,0.0
2012-09-23,0.0,2.5,1.0
2012-09-24,0.0,0.0,0.0
2012-09-25,0.0,0.3,0.0
2012-09-26,0.0,4.7,2.3
2012-09-27,0.0,0.0,0.0
2012-09-28,0.0,0.0,0.0
2012-09-29,0.0,1.9,1.0
2012-09-30,0.0,0.0,0.0
2012-10-01,0.0,0.0,0.0
2012-10-02,0.0,0.0,0.0
2012-10-03,0.0,0.0,0.0
2012-10-04,0.0,0.0,0.0
2012-10-05,0.0,0.2,0.0
2012-10-06,0.0,0.9,0.0
2012-10-07,0.0,0.0,0.0
2012-10-08,0.0,0.0,0.0
2012-10-09,0.0,0.0,0.0
2012-10-10,0.0,0.0,0.0
2012-10-11,0.0,0.0,0.0
2012-10-12,0.0,1.5,0.0
2012-10-13,13.0,8.3,6.2
2012-10-14,0.0,0.0,0.0
2012-10-15,0.0,0.0,0.0
2012-10-16,0.0,0.0,0.0
2012-10-18,0.0,0.0,0.0
2012-10-19,0.0,0.0,0.0
2012-10-20,0.0,0.0,0.0
2012-10-21,0.0,0.0,0.0
2012-10-22,0.0,0.2,0.0
2012-10-23,0.0,0.0,0.0
2012-10-24,0.0,0.0,0.0
2012-10-25,0.0,2.1,0.0
2012-10-26,0.0,3.0,0.0
2012-10-27,0.0,0.1,0.0
2012-10-28,0.0,0.0,0.0
2012-10-29,1.0,7.5,1.1
2012-10-30,0.0,0.3,0.0
2012-10-31,0.0,1.9,0.0
2012-11-01,0.0,1.8,0.0
2012-11-02,0.0,7.2,5.7
2012-11-03,0.0,0.1,0.0
2012-11-04,0.0,3.5,1.6
2012-11-05,0.0,0.3,0.0
2012-11-06,0.0,4.1,2.1
2012-11-07,0.0,0.4,0.0
2012-11-08,0.0,0.4,0.0
2012-11-09,0.0,0.0,0.0
2012-11-10,1.0,0.0,0.0
2012-11-11,0.0,0.0,0.0
2012-11-12,0.0,2.2,0.0
2012-11-13,0.0,3.1,0.0
2012-11-14,0.0,0.3,0.0
2012-11-15,0.0,0.1,0.0
2012-11-16,5.0,21.0,39.7
2012-11-17,3.0,0.3,0.0
2012-11-18,0.0,0.0,0.0
2012-11-19,0.0,0.0,0.0
2012-11-20,0.0,0.0,0.0
2012-11-21,0.0,0.3,0.0
2012-11-22,1.0,0.2,0.0
2012-11-23,0.0,0.0,0.0
2012-11-24,0.0,0.2,0.0
2012-11-26,0.0,0.1,0.0
2012-11-27,0.0,0.0,0.0
2012-11-28,0.0,0.0,0.0
2012-11-29,0.0,3.1,0.0
2012-11-30,0.0,0.0,0.0
2012-12-01,0.0,0.0,0.0
2012-12-02,0.0,0.0,0.0
2012-12-03,0.0,0.7,0.0
2012-12-04,0.0,0.0,0.0
2012-12-07,9.0,0.0,0.0
2012-12-08,0.0,0.5,0.0
2012-12-09,0.0,4.2,1.0
2012-12-10,0.0,0.0,0.0
2012-12-11,10.0,0.3,0.0
2012-12-12,20.0,6.7,2.9
2012-12-13,0.0,2.5,0.0
2012-12-14,0.0,5.8,1.9
2012-12-15,0.0,0.0,0.0
2012-12-16,0.0,0.0,0.0
2012-12-17,0.0,0.2,0.0
2012-12-18,11.0,1.8,0.0
2012-12-19,12.0,1.6,0.0
2012-12-20,4.0,2.5,0.0
2012-12-21,9.0,17.2,12.8
2012-12-22,1.0,18.7,14.6
2012-12-23,10.0,6.5,2.0
2012-12-24,39.0,13.2,8.5
2012-12-25,0.0,6.5,2.0
2012-12-26,0.0,3.2,0.0
2012-12-27,0.0,4.9,1.0
2012-12-28,3.0,0.6,0.0
2012-12-29,16.0,2.4,0.0
2012-12-30,4.0,4.1,0.0
2012-12-31,51.0,36.3,42.3
2013-01-01,4.5,12.5,10.4
2013-01-02,4.5,12.4,9.6
2013-01-03,1.2,14.4,11.6
2013-01-04,7.8,41.2,61.0
2013-01-05,4.3,25.8,32.7
2013-01-06,0.0,4.7,1.4
2013-01-07,0.2,16.7,16.3
2013-01-08,0.0,0.2,0.0
2013-01-09,0.0,0.6,0.0
2013-01-10,15.0,3.3,0.0
2013-01-11,11.0,20.1,33.6
2013-01-12,7.5,5.7,3.4
2013-01-13,1.8,9.0,8.1
2013-01-14,77.7,39.4,72.3
2013-01-15,0.0,1.2,0.0
2013-01-16,6.5,11.3,11.5
2013-01-17,0.0,1.2,0.0
2013-01-18,26.4,3.8,1.0
2013-01-19,1.5,0.7,0.0
2013-01-20,0.0,0.0,0.0
2013-01-21,0.0,0.0,0.0
2013-01-22,0.0,0.0,0.0
2013-01-23,1.1,0.2,0.0
2013-01-24,0.0,1.9,0.0
2013-01-25,7.0,5.4,3.0
2013-01-26,3.5,6.7,4.7
2013-01-27,4.0,18.3,24.1
2013-01-28,0.0,7.8,6.2
2013-01-29,27.0,7.7,6.0
2013-01-30,11.0,31.2,47.1
2013-01-31,34.5,17.0,21.6
2013-02-01,1.0,10.0,8.6
2013-02-02,0.0,0.1,0.0
2013-02-03,0.0,0.0,0.0
2013-02-04,0.0,0.0,0.0
2013-02-05,0.0,0.0,0.0
2013-02-06,26.0,11.4,11.0
2013-02-07,0.0,0.0,0.0
2013-02-08,0.0,0.0,0.0
2013-02-09,0.0,0.0,0.0
2013-02-10,0.0,0.1,0.0
2013-02-11,22.0,0.4,0.0
2013-02-12,0.0,0.0,0.0
2013-02-13,0.0,0.1,0.0
2013-02-14,1.0,4.3,1.7
2013-02-15,2.0,4.8,2.4
2013-02-16,0.0,4.3,1.7
2013-02-17,7.0,7.7,6.8
2013-02-18,2.0,1.7,0.0
2013-02-19,15.0,17.7,29.1
2013-02-20,4.0,12.2,14.4
2013-02-21,3.0,12.3,15.4
2013-02-22,7.0,8.1,7.7
2013-02-23,10.0,3.3,1.0
2013-02-24,0.0,3.7,1.1
2013-02-25,29.0,25.3,50.6
2013-02-26,30.0,17.3,28.3
2013-02-27,12.0,5.7,4.0
2013-02-28,24.0,7.6,7.0
2013-03-01,0.0,2.7,0.0
2013-03-02,0.0,0.2,0.0
2013-03-03,0.0,0.5,0.0
2013-03-04,5.0,33.6,44.1
2013-03-05,6.0,20.0,22.9
2013-03-06,13.0,12.8,9.2
2013-03-07,0.0,0.8,0.0
2013-03-08,0.0,1.9,0.0
2013-03-09,0.0,16.1,13.2
2013-03-10,21.0,17.0,17.4
2013-03-11,2.0,15.1,14.9
2013-03-12,0.0,2.3,0.0
2013-03-13,0.0,2.9,0.0
2013-03-14,0.0,0.2,0.0
2013-03-15,9.0,3.9,1.0
2013-03-16,2.0,0.1,0.0
2013-03-17,0.0,0.0,0.0
2013-03-18,3.0,8.7,6.5
2013-03-19,0.0,0.0,0.0
2013-03-20,0.0,1.2,0.0
2013-03-21,0.0,0.0,0.0
2013-03-22,0.0,0.0,0.0
2013-03-23,0.0,0.0,0.0
2013-03-24,0.0,0.3,0.0
2013-03-25,0.0,2.2,0.0
2013-03-26,0.0,0.0,0.0
2013-03-27,0.0,0.8,0.0
2013-03-28,0.0,0.1,0.0
2013-03-29,0.0,0.2,0.0
2013-03-30,16.0,26.6,36.0
2013-03-31,2.0,3.5,0.0
2013-04-01,0.0,1.5,0.0
2013-04-02,0.0,0.9,0.0
2013-04-03,0.0,2.9,0.0
2013-04-04,0.0,0.1,0.0
2013-04-05,1.6,0.1,0.0
2013-04-06,34.1,3.7,0.0
2013-04-07,5.5,16.2,13.3
2013-04-08,11.0,18.7,18.5
2013-04-09,2.8,19.7,19.7
2013-04-10,2.2,15.4,12.3
2013-04-11,0.0,0.2,0.0
2013-04-12,0.0,0.1,0.0
2013-04-13,15.3,6.0,5.1
2013-04-14,1.5,0.0,0.0
2013-04-15,0.0,0.7,0.0
2013-04-16,2.5,0.1,0.0
2013-04-17,0.0,7.1,6.7
2013-04-18,0.0,2.2,1.0
2013-04-19,0.0,0.6,0.0
2013-04-20,0.0,2.4,1.0
2013-04-21,0.0,0.5,0.0
2013-04-22,0.0,0.6,0.0
2013-04-23,0.0,9.1,7.6
2013-04-24,10.1,18.9,21.6
2013-04-25,0.0,1.9,1.0
2013-04-26,0.0,1.1,0.0
2013-04-27,0.0,0.1,0.0
2013-04-28,0.0,0.0,0.0
2013-04-29,0.0,0.0,0.0
2013-04-30,0.0,0.0,0.0
2013-05-01,0.0,0.1,0.0
2013-05-02,0.0,0.3,0.0
2013-05-03,0.0,0.0,0.0
2013-05-04,0.0,1.2,0.0
2013-05-05,0.0,0.3,0.0
2013-05-06,0.0,0.5,0.0
2013-05-07,25.5,24.3,20.8
2013-05-08,0.4,19.1,14.0
2013-05-09,0.0,19.7,14.9
2013-05-10,0.0,5.6,2.5
2013-05-11,2.2,6.5,6.3
2013-05-12,12.6,38.5,34.8
2013-05-13,1.0,4.8,4.7
2013-05-14,50.5,89.7,122.3
2013-05-15,0.2,0.4,0.0
2013-05-16,1.5,6.3,6.1
2013-05-17,3.8,14.4,13.2
2013-05-18,0.0,0.0,0.0
2013-05-19,0.1,1.4,1.7
2013-05-20,0.0,0.4,0.0
2013-05-21,0.0,3.7,3.9
2013-05-22,0.0,0.2,0.0
2013-05-23,0.0,3.4,3.6
2013-05-24,0.0,5.3,5.3
2013-05-25,20.0,47.1,53.9
2013-05-26,0.0,2.4,2.8
2013-05-27,0.0,2.4,2.8
2013-05-28,0.0,22.2,18.7
2013-05-29,1.0,7.7,7.4
2013-05-30,4.0,26.3,22.6
2013-05-31,0.7,0.6,0.0
2013-06-01,0.0,4.7,5.0
2013-06-02,0.0,1.7,1.4
2013-06-03,0.0,8.9,9.9
2013-06-04,13.3,41.0,60.5
2013-06-05,0.0,1.4,1.0
2013-06-06,0.0,0.5,0.0
2013-06-07,0.0,5.4,6.0
2013-06-08,0.0,0.3,0.0
2013-06-09,0.0,3.8,4.0
2013-06-10,0.0,1.0,1.0
2013-06-11,7.4,3.9,2.5
2013-06-12,0.0,0.4,0.0
2013-06-13,0.0,6.5,5.5
2013-06-14,1.6,28.2,39.5
2013-06-15,0.0,3.4,2.0
2013-06-16,0.0,14.1,15.1
2013-06-17,0.0,0.1,0.0
2013-06-18,0.0,0.1,0.0
2013-06-19,0.0,1.2,1.0
2013-06-20,0.0,0.0,0.0
2013-06-21,0.0,0.2,0.0
2013-06-22,0.0,0.0,0.0
2013-06-23,0.0,0.1,0.0
2013-06-24,0.0,0.0,0.0
2013-06-25,0.0,0.5,0.0
2013-06-26,3.8,2.2,3.6
2013-06-27,6.0,45.0,37.4
2013-06-28,6.9,20.1,16.8
2013-06-29,0.0,3.5,4.6
2013-06-30,3.3,3.9,4.9
2013-07-01,53.9,12.4,12.1
2013-07-02,0.2,3.8,6.0
2013-07-03,12.9,0.2,0.0
2013-07-04,7.2,2.1,4.8
2013-07-05,2.9,6.4,7.9
2013-07-06,0.0,0.0,0.0
2013-07-07,0.0,1.7,4.5
2013-07-08,1.5,6.1,7.7
2013-07-09,0.0,2.7,5.2
2013-07-10,2.7,0.8,0.0
2013-07-11,5.2,36.8,32.5
2013-07-12,4.5,29.9,25.0
2013-07-13,0.0,1.3,2.8
2013-07-14,1.8,0.0,0.0
2013-07-15,36.9,10.3,10.3
2013-07-16,37.6,23.3,23.1
2013-07-17,23.0,19.5,18.8
2013-07-18,0.0,0.7,0.0
2013-07-19,46.6,9.4,9.5
2013-07-20,51.5,36.5,33.5
2013-07-21,6.0,19.1,16.4
2013-07-22,0.0,0.5,0.0
2013-07-23,15.4,5.1,6.1
2013-07-24,3.3,20.1,15.2
2013-07-25,4.8,50.0,49.5
2013-07-26,85.8,71.4,78.9
2013-07-27,0.0,6.1,6.5
2013-07-28,0.0,7.5,7.5
2013-07-29,34.1,97.3,78.9
2013-07-30,2.3,6.4,7.8
2013-07-31,0.7,2.5,3.6
2013-08-01,14.0,4.2,1.9
2013-08-02,2.0,4.3,2.0
2013-08-03,16.0,73.8,82.8
2013-08-04,13.0,12.8,9.6
2013-08-05,13.0,17.9,14.0
2013-08-06,0.0,27.9,32.0
2013-08-07,1.0,0.0,0.0
2013-08-08,0.0,0.0,0.0
2013-08-09,0.0,0.0,0.0
2013-08-10,0.0,0.9,0.0
2013-08-11,2.0,3.0,5.1
2013-08-12,6.0,8.7,13.7
2013-08-13,0.0,0.0,0.0
2013-08-14,0.0,1.9,2.7
2013-08-15,4.0,9.1,14.5
2013-08-16,0.0,0.0,0.0
2013-08-17,0.0,0.1,0.0
2013-08-18,2.0,6.5,11.1
2013-08-19,15.0,22.6,38.8
2013-08-20,0.0,0.4,0.0
2013-08-21,0.0,36.4,34.0
2013-08-22,0.0,1.7,1.9
2013-08-23,0.0,0.0,0.0
2013-08-24,0.0,0.1,0.0
2013-08-25,0.0,0.6,0.0
2013-08-26,0.0,1.5,1.8
2013-08-27,0.0,4.2,3.4
2013-08-28,0.0,8.9,6.5
2013-08-29,0.0,0.0,0.0
2013-08-30,0.0,0.1,0.0
2013-08-31,2.0,28.5,24.3
2013-09-01,0.0,0.4,0.0
2013-09-02,1.0,0.0,0.0
2013-09-03,0.0,0.0,0.0
2013-09-04,1.0,8.5,9.1
2013-09-05,2.0,1.6,1.3
2013-09-06,0.0,0.0,0.0
2013-09-07,0.0,0.0,0.0
2013-09-08,0.0,0.0,0.0
2013-09-09,0.0,0.9,1.0
2013-09-10,0.0,8.7,9.3
2013-09-11,0.0,1.5,1.0
2013-09-12,0.0,0.4,0.0
2013-09-13,0.0,0.0,0.0
2013-09-14,0.0,0.4,0.0
2013-09-15,34.0,2.6,1.8
2013-09-16,1.0,1.9,1.0
2013-09-17,0.0,0.0,0.0
2013-09-18,0.0,0.0,0.0
2013-09-19,0.0,0.0,0.0
2013-09-20,0.0,0.0,0.0
2013-09-21,0.0,3.0,1.4
2013-09-22,0.0,2.4,1.0
2013-09-23,0.0,0.0,0.0
2013-09-24,0.0,0.0,0.0
2013-09-25,0.0,0.0,0.0
2013-09-26,0.0,0.1,0.0
2013-09-27,0.0,0.3,0.0
2013-09-28,0.0,0.0,0.0
2013-09-29,0.0,0.0,0.0
2013-09-30,0.0,0.0,0.0
2013-10-01,0.0,0.8,0.0
2013-10-02,0.0,0.3,0.0
2013-10-03,0.0,0.3,0.0
2013-10-04,0.0,0.0,0.0
2013-10-05,0.0,0.1,0.0
2013-10-06,0.0,0.0,0.0
2013-10-07,0.0,0.0,0.0
2013-10-08,0.0,0.0,0.0
2013-10-09,0.0,0.0,0.0
2013-10-10,0.0,0.2,0.0
2013-10-11,0.0,0.0,0.0
2013-10-12,0.0,0.0,0.0
2013-10-13,1.0,0.0,0.0
2013-10-14,0.0,1.4,0.0
2013-10-15,1.0,4.9,2.5
2013-10-16,0.0,0.0,0.0
2013-10-17,0.0,0.5,0.0
2013-10-18,0.0,0.0,0.0
2013-10-19,0.0,0.0,0.0
2013-10-20,0.0,0.0,0.0
2013-10-21,0.0,0.0,0.0
2013-10-22,0.0,3.6,0.0
2013-10-23,1.0,2.5,0.0
2013-10-24,0.0,0.3,0.0
2013-10-25,4.0,41.0,55.1
2013-10-26,0.0,3.9,0.0
2013-10-27,0.0,8.5,1.1
2013-10-28,0.0,0.0,0.0
2013-10-29,0.0,18.4,7.6
2013-10-30,0.0,0.6,0.0
2013-10-31,0.0,0.6,0.0
2013-11-01,0.0,1.7,0.0
2013-11-02,0.0,0.2,0.0
2013-11-03,0.0,0.0,0.0
2013-11-04,0.0,0.0,0.0
2013-11-05,0.0,0.2,0.0
2013-11-06,0.0,0.8,0.0
2013-11-07,0.0,1.9,0.0
2013-11-08,0.0,0.0,0.0
2013-11-09,2.0,8.1,6.9
2013-11-10,0.0,1.5,0.0
2013-11-11,14.0,6.3,1.7
2013-11-12,0.0,0.1,0.0
2013-11-13,0.0,2.3,0.0
2013-11-14,12.0,2.1,0.0
2013-11-15,0.0,0.2,0.0
2013-11-16,0.0,1.3,0.0
2013-11-17,8.0,32.5,51.2
2013-11-18,2.0,4.1,0.0
2013-11-19,9.0,4.3,0.0
2013-11-20,0.0,0.6,0.0
2013-11-21,0.0,0.3,0.0
2013-11-22,0.0,0.9,0.0
2013-11-23,8.0,7.0,2.9
2013-11-24,0.0,0.4,0.0
2013-11-25,0.0,0.5,0.0
2013-11-26,25.0,6.0,1.4
2013-11-27,35.0,6.1,1.5
2013-11-28,1.0,11.0,9.2
2013-11-29,1.0,13.1,23.6
2013-11-30,0.0,4.8,0.0
2013-12-01,0.0,0.5,0.0
2013-12-02,0.0,0.6,0.0
2013-12-03,1.0,5.8,2.3
2013-12-04,0.0,0.2,0.0
2013-12-05,1.0,0.1,0.0
2013-12-06,1.0,0.3,0.0
2013-12-07,0.0,1.0,0.0
2013-12-08,1.0,0.3,0.0
2013-12-09,0.0,2.0,0.0
2013-12-10,17.0,8.4,5.7
2013-12-11,0.0,4.5,1.0
2013-12-12,0.0,0.3,0.0
2013-12-13,0.0,0.2,0.0
2013-12-14,0.0,0.3,0.0
2013-12-15,0.0,5.6,1.7
2013-12-16,1.0,3.5,0.0
2013-12-17,4.0,23.6,32.0
2013-12-18,0.0,6.6,2.8
2013-12-19,1.0,6.4,2.6
2013-12-20,0.0,11.9,8.6
2013-12-21,1.0,17.0,12.5
2013-12-22,13.0,8.7,4.1
2013-12-23,0.0,2.2,0.0
2013-12-24,4.0,4.6,1.0
2013-12-25,20.0,2.5,0.0
2013-12-26,29.0,20.4,18.4
2013-12-27,3.0,4.2,0.0
2013-12-28,1.0,9.0,4.3
2013-12-29,4.0,7.7,3.1
2013-12-30,0.0,0.3,0.0
2013-12-31,7.0,12.7,8.0
2014-01-01,0.0,2.0,0.0
2014-01-02,13.0,0.1,0.0
2014-01-03,0.0,0.9,0.0
2014-01-04,3.0,5.8,2.6
2014-01-05,0.0,3.4,1.0
2014-01-06,0.0,0.6,0.0
2014-01-07,0.0,7.9,4.8
2014-01-08,2.0,17.0,16.9
2014-01-09,0.0,2.9,0.0
2014-01-10,1.0,5.6,2.4
2014-01-11,5.0,0.1,0.0
2014-01-12,0.0,0.0,0.0
2014-01-13,0.0,3.7,1.0
2014-01-14,2.0,1.2,0.0
2014-01-15,2.0,32.6,58.2
2014-01-16,34.0,12.0,12.5
2014-01-17,0.0,0.7,0.0
2014-01-18,0.0,0.7,0.0
2014-01-19,0.0,0.6,0.0
2014-01-20,4.0,1.0,0.0
2014-01-21,0.0,6.8,4.8
2014-01-22,3.0,12.5,12.5
2014-01-23,0.0,0.2,0.0
2014-01-24,27.0,5.6,3.3
2014-01-25,1.0,1.5,0.0
2014-01-26,43.0,49.9,78.3
2014-01-27,0.0,2.3,0.0
2014-01-28,5.0,7.0,5.1
2014-01-29,10.0,6.2,4.1
2014-01-30,2.0,2.2,0.0
2014-01-31,0.0,0.1,0.0
2014-02-01,8.0,0.5,0.0
2014-02-02,0.0,0.0,0.0
2014-02-03,0.0,0.0,0.0
2014-02-04,0.0,0.0,0.0
2014-02-05,0.0,0.0,0.0
2014-02-06,0.0,0.0,0.0
2014-02-07,0.0,0.0,0.0
2014-02-08,2.0,0.1,0.0
2014-02-09,0.0,0.8,0.0
2014-02-10,0.0,7.7,4.9
2014-02-11,11.0,1.0,0.0
2014-02-12,20.0,8.0,7.2
2014-02-13,0.0,8.1,7.4
2014-02-14,3.0,3.9,1.2
2014-02-15,26.0,19.0,32.1
2014-02-16,0.0,5.2,2.9
2014-02-17,13.0,16.7,27.4
2014-02-18,9.0,6.7,5.2
2014-02-19,11.0,8.4,7.9
2014-02-20,1.0,20.7,35.8
2014-02-21,0.0,0.0,0.0
2014-02-22,46.0,5.2,3.3
2014-02-23,34.0,11.1,12.9
2014-02-24,0.0,1.9,0.0
2014-02-25,45.0,7.8,7.2
2014-02-26,12.0,4.4,2.0
2014-02-27,0.0,0.0,0.0
2014-02-28,3.0,1.1,0.0
2014-03-01,1.0,0.8,0.0
2014-03-02,0.0,0.0,0.0
2014-03-03,1.0,0.0,0.0
2014-03-04,2.0,3.3,0.0
2014-03-05,0.0,9.5,5.7
2014-03-06,16.0,8.2,4.3
2014-03-07,0.0,15.6,12.1
2014-03-08,10.0,25.4,32.4
2014-03-09,33.0,31.0,40.8
2014-03-10,0.0,0.0,0.0
2014-03-11,1.0,0.1,0.0
2014-03-12,10.0,3.5,1.0
2014-03-13,1.0,0.0,0.0
2014-03-14,4.0,5.0,2.0
2014-03-15,2.0,2.0,0.0
2014-03-16,0.0,0.7,0.0
2014-03-17,2.0,8.7,6.5
2014-03-18,0.0,3.4,1.0
2014-03-19,0.0,12.0,11.1
2014-03-20,41.0,13.6,12.7
2014-03-21,0.0,0.0,0.0
2014-03-22,0.0,0.0,0.0
2014-03-23,0.0,0.4,0.0
2014-03-24,0.0,1.0,0.0
2014-03-25,0.0,0.0,0.0
2014-03-26,1.0,2.1,0.0
2014-03-27,0.0,0.5,0.0
2014-03-28,0.0,0.2,0.0
2014-03-29,3.0,11.7,9.1
2014-03-30,0.0,0.0,0.0
2014-03-31,0.0,0.7,0.0
2014-04-01,0.0,0.0,0.0
2014-04-02,42.0,42.8,45.3
2014-04-03,0.0,0.6,0.0
2014-04-04,0.0,1.1,0.0
2014-04-05,0.0,2.0,0.0
2014-04-06,31.0,40.3,43.0
2014-04-07,7.0,7.7,4.2
2014-04-08,1.0,6.4,2.8
2014-04-09,23.0,6.4,2.9
2014-04-10,0.0,11.2,7.9
2014-04-11,0.0,2.8,1.0
2014-04-12,45.0,14.7,23.0
2014-04-13,38.0,24.9,40.8
2014-04-14,26.0,0.3,0.0
2014-04-15,0.0,2.4,1.0
2014-04-16,1.0,28.8,48.7
2014-04-17,0.0,2.9,1.0
2014-04-18,0.0,0.2,0.0
2014-04-19,0.0,1.1,0.0
2014-04-20,0.0,0.0,0.0
2014-04-21,1.0,1.4,1.0
2014-04-22,1.0,9.6,8.2
2014-04-23,7.0,5.6,4.2
2014-04-24,2.0,1.9,1.0
2014-04-25,0.0,1.0,0.0
2014-04-26,0.0,0.5,0.0
2014-04-27,0.0,0.1,0.0
2014-04-28,0.0,0.1,0.0
2014-04-29,0.0,0.0,0.0
2014-04-30,0.0,0.0,0.0
2014-05-01,0.0,0.1,0.0
2014-05-02,0.0,0.2,0.0
2014-05-03,0.0,0.0,0.0
2014-05-04,0.0,0.0,0.0
2014-05-05,0.0,0.0,0.0
2014-05-06,0.0,1.5,0.0
2014-05-07,0.5,31.0,29.0
2014-05-08,15.7,11.4,7.3
2014-05-09,4.0,0.7,0.0
2014-05-10,0.0,16.4,11.9
2014-05-11,5.8,35.2,30.9
2014-05-12,29.8,27.3,23.9
2014-05-13,20.5,2.8,2.9
2014-05-14,0.0,25.2,22.0
2014-05-15,9.0,2.9,3.0
2014-05-16,0.0,3.1,3.2
2014-05-17,0.0,0.9,0.0
2014-05-18,0.0,0.4,0.0
2014-05-20,0.5,0.3,0.0
2014-05-21,0.0,0.5,0.0
2014-05-22,0.0,0.5,0.0
2014-05-23,0.0,1.1,1.7
2014-05-24,0.0,2.0,2.4
2014-05-26,0.8,0.4,0.0
2014-05-27,0.5,0.0,0.0
2014-05-28,0.0,2.4,2.7
2014-05-29,24.5,8.1,8.3
2014-05-30,1.0,2.2,2.6
2014-05-31,0.0,0.3,0.0
2014-06-01,0.0,23.2,31.5
2014-06-02,0.0,4.6,4.9
2014-06-03,0.0,12.5,14.4
2014-06-04,0.8,0.8,0.0
2014-06-05,0.6,0.1,0.0
2014-06-06,0.0,0.6,0.0
2014-06-07,1.3,2.0,1.8
2014-06-08,0.0,0.2,0.0
2014-06-10,5.2,4.8,5.1
2014-06-11,7.9,96.4,153.2
2014-06-12,179.0,4.5,3.2
2014-06-14,0.0,13.8,14.3
2014-06-15,0.5,32.1,47.9
2014-06-16,11.1,19.8,22.2
2014-06-17,8.5,24.8,31.2
2014-06-18,1.5,10.6,10.3
2014-06-19,0.0,1.8,1.0
2014-06-20,0.0,0.9,0.0
2014-06-21,0.0,3.0,4.2
2014-06-22,0.0,1.8,3.2
2014-06-23,0.0,0.0,0.0
2014-06-24,0.0,110.9,140.2
2014-06-25,9.2,0.1,0.0
2014-06-26,3.0,0.5,0.0
2014-06-28,0.0,0.1,0.0
2014-07-01,0.0,0.0,0.0
2014-07-02,0.0,0.1,0.0
2014-07-03,0.0,0.0,0.0
2014-07-04,0.0,5.4,7.2
2014-07-05,0.0,0.0,0.0
2014-07-06,0.0,3.9,6.1
2014-07-07,0.0,49.5,40.8
2014-07-08,52.2,1.7,4.5
2014-07-09,0.0,0.2,0.0
2014-07-10,0.0,0.0,0.0
2014-07-11,0.0,0.0,0.0
2014-07-12,0.0,0.0,0.0
2014-07-13,0.0,0.0,0.0
2014-07-14,0.0,0.0,0.0
2014-07-15,0.0,0.0,0.0
2014-07-17,0.0,0.2,0.0
2014-07-18,0.0,0.0,0.0
2014-07-19,0.0,0.0,0.0
2014-07-20,0.0,0.3,0.0
2014-07-21,0.0,0.0,0.0
2014-07-22,0.0,0.0,0.0
2014-07-23,0.0,0.0,0.0
2014-07-24,0.0,0.0,0.0
2014-07-25,0.0,0.0,0.0
2014-07-27,0.0,0.0,0.0
2014-07-29,0.0,0.0,0.0
2014-07-30,0.0,0.0,0.0
2014-07-31,0.0,0.0,0.0
2014-08-01,0.0,0.0,0.0
2014-08-02,0.0,0.0,0.0
2014-08-03,0.0,0.0,0.0
2014-08-04,0.0,0.0,0.0
2014-08-05,0.0,0.0,0.0
2014-08-06,0.0,0.0,0.0
2014-08-07,0.0,7.7,5.7
2014-08-08,19.3,6.4,4.1
2014-08-09,10.6,12.0,8.4
2014-08-10,11.1,0.2,0.0
2014-08-11,1.5,0.4,0.0
2014-08-12,0.7,0.0,0.0
2014-08-13,0.0,0.4,0.0
2014-08-14,0.0,4.9,7.6
2014-08-15,0.0,13.5,18.3
2014-08-16,21.0,0.0,0.0
2014-08-17,0.0,0.3,0.0
2014-08-18,0.0,0.8,1.0
2014-08-19,0.5,0.7,1.0
2014-08-21,0.0,0.0,0.0
2014-08-22,0.0,0.0,0.0
2014-08-23,0.0,0.1,0.0
2014-08-24,0.0,0.2,0.0
2014-08-25,0.0,2.1,2.1
2014-08-26,0.0,0.6,0.0
2014-08-27,0.0,0.0,0.0
2014-08-28,0.0,0.7,0.0
2014-08-29,0.0,0.5,0.0
2014-08-30,0.0,0.0,0.0
2014-08-31,0.0,6.0,4.4
2014-09-01,0.0,0.0,0.0
2014-09-02,0.0,2.3,2.0
2014-09-03,0.0,5.7,5.7
2014-09-04,0.0,2.9,2.7
2014-09-05,0.0,0.0,0.0
2014-09-06,0.0,0.0,0.0
2014-09-07,0.0,0.0,0.0
2014-09-08,0.0,0.0,0.0
2014-09-09,0.0,0.0,0.0
2014-09-10,0.0,1.0,1.0
2014-09-11,0.0,0.0,0.0
2014-09-12,0.0,0.0,0.0
2014-09-13,0.0,0.0,0.0
2014-09-14,0.0,0.0,0.0
2014-09-15,0.0,0.0,0.0
2014-09-16,0.0,0.0,0.0
2014-09-17,0.0,0.0,0.0
2014-09-18,0.0,0.0,0.0
2014-09-19,0.0,0.0,0.0
2014-09-20,0.0,0.0,0.0
2014-09-21,0.0,0.0,0.0
2014-09-22,0.0,0.0,0.0
2014-09-23,0.0,0.0,0.0
2014-09-24,0.0,0.0,0.0
2014-09-25,0.0,0.1,0.0
2014-09-26,1.3,16.9,10.9
2014-09-27,0.5,4.5,2.2
2014-09-28,0.0,0.0,0.0
2014-09-29,0.0,0.0,0.0
2014-09-30,0.0,0.0,0.0
2014-10-01,0.0,0.0,0.0
2014-10-02,0.0,0.0,0.0
2014-10-03,0.0,0.0,0.0
2014-10-04,0.0,0.0,0.0
2014-10-06,0.8,0.2,0.0
2014-10-07,0.0,8.2,4.7
2014-10-08,0.0,0.0,0.0
2014-10-11,0.0,0.0,0.0
2014-10-12,0.0,0.4,0.0
2014-10-13,0.0,0.0,0.0
2014-10-14,0.0,0.2,0.0
2014-10-15,0.0,0.0,0.0
2014-10-16,0.0,0.0,0.0
2014-10-18,0.0,0.0,0.0
2014-10-19,0.0,0.1,0.0
2014-10-20,0.0,0.0,0.0
2014-10-21,0.0,0.0,0.0
2014-10-22,0.0,0.0,0.0
2014-10-23,0.0,0.0,0.0
2014-10-24,0.0,0.0,0.0
2014-10-25,0.0,0.0,0.0
2014-10-26,0.0,0.0,0.0
2014-10-28,0.0,0.0,0.0
2014-10-29,0.0,0.0,0.0
2014-10-30,0.0,0.0,0.0
2014-11-01,0.0,0.0,0.0
2014-11-02,0.0,0.0,0.0
2014-11-03,0.0,0.0,0.0
2014-11-04,0.0,4.4,2.4
2014-11-05,0.0,1.4,0.0
2014-11-06,0.0,1.6,0.0
2014-11-08,0.0,0.6,0.0
2014-11-09,13.7,0.1,0.0
2014-11-10,0.0,0.0,0.0
2014-11-11,0.0,0.0,0.0
2014-11-12,0.0,0.0,0.0
2014-11-14,0.0,0.0,0.0
2014-11-20,0.0,24.0,44.8
2014-11-22,0.0,1.0,0.0
2014-11-24,0.0,0.0,0.0
2014-11-25,0.0,0.0,0.0
2014-11-26,0.0,0.4,0.0
2014-11-27,0.0,0.8,0.0
2014-11-28,0.0,0.7,0.0
2014-11-29,0.0,2.4,0.0
2014-11-30,0.0,3.9,0.0
2014-12-01,0.0,1.1,0.0
2014-12-02,2.0,2.7,0.0
2014-12-04,30.4,1.8,0.0
2014-12-05,0.4,13.6,20.5
2014-12-07,0.9,5.2,1.5
2014-12-08,0.0,3.0,0.0
2014-12-09,0.0,1.1,0.0
2014-12-10,3.4,0.7,0.0
2014-12-12,0.0,4.7,1.0
2014-12-14,0.0,2.2,0.0
2014-12-15,0.0,0.4,0.0
2014-12-16,0.0,0.4,0.0
2014-12-17,1.0,3.9,0.0
2014-12-18,0.0,0.5,0.0
2014-12-19,3.4,3.9,0.0
2014-12-20,0.0,9.1,5.5
2014-12-21,1.5,2.0,0.0
2014-12-22,0.0,4.8,1.0
2014-12-23,0.0,10.8,6.1
2014-12-26,8.3,44.5,53.4
2014-12-27,22.4,13.7,9.1
2014-12-28,1.5,3.3,0.0
2014-12-29,0.0,1.5,0.0
2014-12-30,15.9,8.8,4.2
2014-12-31,0.0,29.2,31.3
2015-01-01,5.8,27.5,35.2
2015-01-02,41.5,66.6,68.6
2015-01-03,81.0,28.5,37.3
2015-01-04,68.6,32.2,44.1
2015-01-05,29.2,2.9,0.0
2015-01-06,6.3,17.7,18.2
2015-01-07,20.5,7.8,4.7
2015-01-08,1.8,19.9,22.0
2015-01-09,9.9,32.5,44.4
2015-01-10,33.2,7.5,4.3
2015-01-11,10.5,27.0,46.7
2015-01-12,12.0,3.7,1.0
2015-01-13,2.0,13.8,21.2
2015-01-14,0.7,2.3,0.0
2015-01-15,0.2,2.5,0.0
2015-02-02,14.7,15.1,17.1
2015-02-03,6.3,2.4,0.0
2015-02-04,0.0,14.2,15.8
2015-02-05,5.9,11.4,11.0
2015-02-07,21.6,10.1,8.9
2015-02-08,0.3,3.4,0.0
2015-02-09,46.3,1.7,0.0
2015-02-10,0.0,4.6,0.0
2015-02-11,10.2,9.0,8.8
2015-02-12,37.5,1.4,0.0
2015-02-13,14.2,4.1,1.5
2015-02-14,4.5,24.1,43.8
2015-02-15,6.9,0.5,0.0
2015-02-16,0.0,1.8,0.0
2015-02-17,28.5,1.4,0.0
2015-02-18,0.0,19.2,32.2
2015-02-19,7.8,17.8,29.6
2015-02-20,17.6,40.3,90.9
2015-02-21,43.2,57.7,104.8
2015-02-22,112.4,4.5,2.3
2015-02-23,4.2,2.4,0.0
2015-02-24,0.0,0.1,0.0
2015-02-25,0.0,13.9,17.9
2015-02-26,13.3,21.8,40.0
2015-10-03,0.0,0.0,0.0
2015-10-04,0.0,0.0,0.0
2015-10-05,0.0,0.0,0.0
2015-10-07,0.0,0.0,0.0
2015-10-08,0.0,0.0,0.0
2015-10-09,0.0,0.0,0.0
2015-10-11,0.0,0.0,0.0
2015-10-12,0.0,0.0,0.0
2015-10-13,0.0,1.1,0.0
2015-10-15,0.0,0.0,0.0
2015-10-16,0.0,0.0,0.0
2015-10-17,0.0,0.0,0.0
2015-10-19,0.0,0.0,0.0
2015-10-20,0.0,0.0,0.0
2015-10-21,0.0,0.0,0.0
2015-10-22,0.0,0.0,0.0
2015-10-24,0.0,0.0,0.0
2015-10-25,0.0,0.0,0.0
2015-10-27,0.0,0.1,0.0
2015-10-28,0.0,0.0,0.0
2015-10-30,1.0,0.8,0.0
2015-10-31,0.0,0.2,0.0
2015-11-01,0.0,0.0,0.0
2015-11-03,0.0,0.0,0.0
2015-11-04,0.0,1.0,0.0
2015-11-05,0.0,0.1,0.0
2015-11-07,0.0,1.0,0.0
2015-11-08,13.0,1.8,0.0
2015-11-09,0.0,0.7,0.0
2015-11-11,0.0,0.0,0.0
2015-11-12,0.0,0.0,0.0
2015-11-13,0.0,0.0,0.0
2015-11-15,0.0,0.8,0.0
2015-11-16,0.0,0.0,0.0
2015-11-17,0.0,0.0,0.0
2015-11-19,0.0,0.0,0.0
2015-11-20,0.0,3.2,0.0
2015-11-21,0.0,0.0,0.0
2015-11-23,0.0,0.0,0.0
2015-11-24,0.0,0.0,0.0
2015-11-25,0.0,0.3,0.0
2015-11-26,0.0,2.5,0.0
2015-11-28,0.0,0.0,0.0
2015-11-29,0.0,2.5,0.0
2015-11-30,0.0,14.6,25.7
2015-12-01,6.6,0.4,0.0
2015-12-02,0.0,0.3,0.0
2015-12-03,0.0,8.1,5.2
2015-12-04,0.0,1.9,0.0
2015-12-06,0.0,0.0,0.0
2015-12-07,0.0,1.4,0.0
2015-12-08,0.0,0.0,0.0
2015-12-10,0.0,0.5,0.0
2015-12-11,0.0,2.4,0.0
2015-12-12,0.0,7.3,3.6
2015-12-13,39.1,2.6,0.0
2015-12-14,0.0,3.0,0.0
2015-12-15,0.0,2.9,0.0
2015-12-16,0.0,0.7,0.0
2015-12-17,0.0,5.3,1.3
2015-12-18,0.0,5.3,1.3
2015-12-19,0.0,19.2,27.1
2015-12-20,10.0,24.1,32.8
2015-12-21,40.6,8.8,4.2
2015-12-22,2.1,5.6,1.1
2015-12-23,0.0,0.3,0.0
2015-12-24,3.0,3.5,0.0
2015-12-25,14.5,0.8,0.0
2015-12-26,3.0,0.3,0.0
2015-12-28,2.5,1.3,0.0
2015-12-29,16.0,26.1,26.7
2015-12-30,50.3,0.2,0.0
2015-12-31,0.6,2.2,0.0
2016-01-01,3.5,4.3,1.0
2016-01-02,0.0,0.1,0.0
2016-01-03,0.0,0.6,0.0
2016-01-04,5.5,0.0,0.0
2016-01-06,0.0,0.0,0.0
2016-01-07,0.0,0.0,0.0
2016-01-08,0.0,0.0,0.0
2016-01-09,0.0,0.0,0.0
2016-01-11,0.0,0.0,0.0
2016-01-12,0.0,5.3,2.9
2016-01-13,11.0,0.4,0.0
2016-01-15,0.5,1.4,0.0
2016-01-16,29.5,2.0,0.0
2016-01-17,0.0,2.9,0.0
2016-01-18,0.0,1.1,0.0
2016-01-19,0.0,5.8,3.6
2016-01-20,0.5,0.8,0.0
2016-01-21,0.5,6.3,4.2
2016-01-22,5.5,10.7,10.0
2016-01-23,3.4,17.0,21.6
2016-01-24,4.3,0.2,0.0
2016-01-25,0.0,18.7,24.7
2016-01-26,19.4,0.7,0.0
2016-01-27,5.1,0.5,0.0
2016-01-28,0.2,0.2,0.0
2016-01-29,0.0,0.9,0.0
2016-01-30,0.0,0.1,0.0
2016-01-31,0.0,0.0,0.0
2016-02-03,0.7,20.5,33.9
2016-02-04,21.6,3.9,0.0
2016-02-05,19.0,2.9,0.0
2016-02-06,0.0,11.8,11.7
2016-02-07,23.8,5.0,1.0
2016-02-08,26.5,2.2,0.0
2016-02-09,65.7,0.2,0.0
2016-02-10,0.0,15.6,18.3
2016-02-11,21.6,11.8,13.8
2016-02-12,0.6,5.2,2.9
2016-02-13,6.0,11.9,13.7
2016-02-14,11.2,11.4,12.8
2016-02-15,0.8,62.0,91.1
2016-02-17,5.1,32.5,67.5
2016-02-18,69.2,1.6,0.0
2016-02-19,0.0,0.0,0.0
2016-02-20,0.0,0.0,0.0
2016-02-22,0.0,0.0,0.0
2016-02-23,0.0,0.3,0.0
2016-02-26,0.0,0.2,0.0
2016-02-27,0.0,4.6,2.4
2016-02-29,4.0,2.3,0.0
2016-03-01,0.5,5.6,1.8
2016-03-02,0.0,3.8,1.0
2016-03-03,0.0,13.9,10.5
2016-03-04,28.5,5.0,1.2
2016-03-05,0.0,1.2,0.0
2016-03-06,0.0,4.2,1.0
2016-03-07,0.0,1.8,0.0
2016-03-08,11.5,3.4,0.0
2016-03-09,0.0,6.1,2.3
2016-03-10,4.7,10.8,7.0
2016-03-11,0.0,4.3,1.1
2016-03-12,7.9,21.7,27.5
2016-03-13,23.3,10.5,8.7
2016-03-14,30.6,6.2,3.4
2016-03-15,7.3,17.8,21.4
2016-03-16,21.0,0.8,0.0
2016-03-17,1.6,36.0,54.1
2016-03-18,25.2,10.9,9.4
2016-03-19,2.7,20.4,25.3
2016-03-20,2.5,0.5,0.0
2016-03-21,0.0,4.5,1.0
2016-03-23,32.3,4.9,1.4
2016-03-24,2.3,25.7,35.3
2016-03-25,48.3,20.6,27.1
2016-03-26,9.0,1.3,0.0
2016-03-27,9.7,0.6,0.0
2016-03-29,0.0,6.8,3.5
2016-03-30,55.3,5.3,1.8
2016-03-31,0.3,9.2,6.2
2016-04-01,0.5,9.1,5.6
2016-04-02,7.7,8.6,5.1
2016-04-03,26.5,3.3,0.0
2016-04-04,0.5,6.8,3.3
2016-04-05,4.0,3.8,0.0
2016-04-06,5.5,0.1,0.0
2016-04-07,0.0,13.3,10.1
2016-04-08,12.2,16.2,13.0
2016-04-09,35.5,8.7,5.2
2016-04-11,0.0,7.8,8.3
2016-04-12,1.0,4.0,2.4
2016-04-13,0.4,4.4,3.0
2016-04-14,5.0,26.6,44.6
2016-04-15,7.1,0.5,0.0
2016-04-17,40.0,7.1,6.8
2016-04-18,18.2,26.2,43.6
2016-04-19,6.5,13.2,15.6
2016-04-20,1.4,2.3,1.0
2016-04-21,0.0,0.1,0.0
2016-04-22,0.0,0.2,0.0
2016-04-24,0.0,0.6,0.0
2016-04-25,0.0,0.6,0.0
2016-04-26,0.0,1.3,1.0
2016-04-27,0.0,0.3,0.0
2016-04-28,9.8,1.7,1.0
2016-04-29,0.0,0.1,0.0
2016-04-30,0.0,0.7,0.0
2016-05-01,0.0,1.2,0.0
2016-05-02,0.2,1.2,0.0
2016-05-03,0.0,0.0,0.0
2016-05-04,0.0,1.0,0.0
2016-05-05,0.0,2.5,1.0
2016-05-06,0.0,11.4,7.3
2016-05-07,2.7,0.0,0.0
2016-05-09,0.0,0.6,0.0
2016-05-10,1.0,3.2,1.0
2016-05-11,2.0,0.0,0.0
2016-05-12,0.0,7.1,7.0
2016-05-13,4.7,7.5,7.1
2016-05-14,0.0,0.2,0.0
2016-05-15,0.0,3.4,3.4
2016-05-16,0.0,1.3,1.6
2016-05-17,0.0,5.1,5.0
2016-05-18,0.0,3.2,3.3
2016-05-19,0.0,2.7,2.8
2016-05-20,0.0,8.6,8.1
2016-05-21,0.0,7.8,7.8
2016-05-23,0.0,7.1,6.8
2016-05-25,0.0,9.4,9.0
2016-05-26,9.8,8.7,8.6
2016-05-27,0.4,0.0,0.0
2016-05-28,0.0,0.0,0.0
2016-05-29,0.0,0.0,0.0
2016-05-30,0.0,0.0,0.0
2016-05-31,0.0,1.8,2.3
2016-06-01,3.7,20.4,25.6
2016-06-02,1.3,1.6,1.2
2016-06-03,0.0,0.0,0.0
2016-06-04,0.0,2.6,2.6
2016-06-05,0.0,0.0,0.0
2016-06-06,0.0,0.0,0.0
2016-06-07,0.0,0.0,0.0
2016-06-08,0.0,0.0,0.0
2016-06-09,0.0,0.0,0.0
2016-06-10,0.0,0.0,0.0
2016-06-12,0.0,1.3,1.0
2016-06-13,0.0,0.0,0.0
2016-06-14,0.0,5.6,4.4
2016-06-15,14.4,0.0,0.0
2016-06-17,0.0,0.0,0.0
2016-06-18,0.0,0.0,0.0
2016-06-19,0.0,0.0,0.0
2016-06-20,0.0,1.1,0.0
2016-06-22,0.0,27.4,17.1
2016-06-23,1.8,6.9,7.4
2016-06-24,0.0,1.0,0.0
2016-06-25,0.0,1.8,3.3
2016-06-26,0.0,26.3,21.1
2016-06-27,9.2,6.2,6.8
2016-06-28,0.0,0.0,0.0
2016-06-29,0.0,35.5,26.0
2016-06-30,15.6,1.7,3.2
2016-07-01,0.0,1.5,4.3
2016-07-02,0.4,2.7,5.2
2016-07-03,0.0,0.0,0.0
2016-07-04,0.0,0.3,0.0
2016-07-05,0.0,0.0,0.0
2016-07-06,0.0,0.0,0.0
2016-07-07,0.0,0.5,0.0
2016-07-08,0.4,10.6,10.8
2016-07-09,0.0,2.6,5.1
2016-07-10,0.0,0.0,0.0
2016-07-11,0.0,0.0,0.0
2016-07-12,0.0,0.0,0.0
2016-07-13,0.0,0.0,0.0
2016-07-14,0.0,0.3,0.0
2016-07-15,0.0,22.1,19.5
2016-07-16,58.3,45.6,40.6
2016-07-17,19.3,20.4,18.3
2016-07-18,2.8,1.3,2.9
2016-07-19,2.8,0.0,0.0
2016-07-20,0.0,0.0,0.0
2016-07-21,0.0,3.0,4.0
2016-07-22,0.0,0.5,0.0
2016-07-23,0.0,20.8,14.9
2016-07-24,11.1,0.3,0.0
2016-07-26,0.0,1.5,2.8
2016-07-28,1.5,0.0,0.0
2016-07-29,0.0,26.5,22.0
2016-07-30,1.8,18.8,17.1
2016-07-31,0.0,1.4,2.7
2016-08-01,0.0,0.2,0.0
2016-08-02,0.0,4.7,2.4
2016-08-03,0.5,0.0,0.0
2016-08-04,0.0,0.0,0.0
2016-08-05,0.0,1.4,0.0
2016-08-06,0.0,16.3,11.8
2016-08-07,0.0,0.2,0.0
2016-08-08,0.0,9.2,6.1
2016-08-09,0.4,0.1,0.0
2016-08-10,0.0,0.1,0.0
2016-08-11,0.0,0.0,0.0
2016-08-12,0.0,0.0,0.0
2016-08-13,0.0,0.0,0.0
2016-08-14,0.0,0.0,0.0
2016-08-15,0.0,1.0,1.4
2016-08-16,0.0,0.0,0.0
2016-08-17,0.0,1.9,2.8
2016-08-18,0.0,0.0,0.0
2016-08-19,0.0,0.0,0.0
2016-08-20,0.0,0.4,0.0
2016-08-21,0.0,0.4,0.0
2016-08-22,0.0,0.0,0.0
2016-08-23,0.0,0.0,0.0
2016-08-24,0.0,0.0,0.0
2016-08-25,0.0,0.0,0.0
2016-08-26,0.0,0.0,0.0
2016-08-27,0.0,2.6,2.4
2016-08-28,3.8,3.3,2.8
2016-08-29,0.0,0.0,0.0
2016-08-30,0.0,5.5,4.4
2016-08-31,2.7,0.0,0.0
2016-09-01,0.0,0.0,0.0
2016-09-02,0.0,0.0,0.0
2016-09-03,0.0,0.0,0.0
2016-09-04,6.0,0.0,0.0
2016-09-05,0.0,2.6,2.4
2016-09-06,9.2,6.3,6.4
2016-09-07,3.0,2.2,1.9
2016-09-08,3.2,0.0,0.0
2016-09-09,0.0,5.0,4.9
2016-09-10,8.6,5.7,5.7
2016-09-11,1.3,2.7,2.0
2016-09-12,0.0,3.5,2.9
2016-09-14,0.0,14.9,22.6
2016-09-15,0.0,9.8,10.4
2016-09-16,1.4,6.9,7.3
2016-09-17,0.0,0.0,0.0
2016-09-18,0.0,0.1,0.0
2016-09-19,0.0,0.0,0.0
2016-09-20,0.0,1.1,1.0
2016-09-21,0.0,1.1,0.0
2016-09-22,0.0,1.8,1.0
2016-09-23,0.0,0.7,0.0
2016-09-24,0.0,0.0,0.0
2016-09-25,0.0,0.6,0.0
2016-09-26,0.0,33.3,32.3
2016-09-27,1.0,8.3,4.9
2016-09-29,1.0,49.3,52.2
2016-09-30,0.8,19.3,12.7
2016-10-01,2.4,1.2,0.0
2016-10-02,0.0,7.2,4.1
2016-10-03,0.0,7.1,3.9
2016-10-04,0.6,8.2,4.7
2016-10-05,2.5,14.1,9.0
2016-10-06,74.1,29.8,27.2
2016-10-07,0.7,15.8,11.4
2016-10-08,5.4,9.5,5.7
2016-10-09,2.6,7.2,4.1
2016-10-10,0.0,4.7,2.5
2016-10-11,1.0,4.3,1.8
2016-10-12,0.0,12.4,14.7
2016-10-13,13.2,0.8,0.0
2016-10-14,0.0,0.0,0.0
2016-10-15,0.0,1.4,0.0
2016-10-16,0.0,0.0,0.0
2016-10-17,0.0,0.0,0.0
2016-10-18,0.0,3.8,1.3
2016-10-19,16.8,3.5,1.3
2016-10-20,0.0,4.0,1.5
2016-10-21,1.2,26.1,29.5
2016-10-22,22.7,2.5,0.0
2016-10-23,0.0,2.7,0.0
2016-10-24,2.0,4.2,0.0
2016-10-25,0.0,5.3,0.0
2016-10-26,0.3,37.8,50.2
2016-10-27,11.0,10.8,2.2
2016-10-29,2.9,0.4,0.0
2016-10-30,0.0,0.0,0.0
2016-10-31,0.0,0.8,0.0
2016-11-01,0.0,0.0,0.0
2016-11-02,0.0,0.1,0.0
2016-11-03,0.0,4.5,2.5
2016-11-04,0.0,1.8,0.0
2016-11-05,0.0,0.7,0.0
2016-11-06,0.0,0.0,0.0
2016-11-07,0.0,2.3,1.0
2016-11-08,0.0,0.0,0.0
2016-11-09,0.5,0.6,0.0
2016-11-10,0.0,0.4,0.0
2016-11-11,0.0,1.6,0.0
2016-11-12,0.0,3.7,0.0
2016-11-13,0.0,1.9,0.0
2016-11-14,0.0,1.2,0.0
2016-11-15,55.4,0.0,0.0
2016-11-16,0.0,0.0,0.0
2016-11-17,0.0,0.8,0.0
2016-11-18,0.0,0.3,0.0
2016-11-19,0.0,6.5,1.9
2016-11-20,52.9,34.8,51.8
2016-11-21,8.5,8.0,4.5
2016-11-22,1.3,5.5,1.0
2016-11-23,5.0,0.4,0.0
2016-11-24,0.0,0.2,0.0
2016-11-25,0.0,1.1,0.0
2016-11-26,0.0,1.0,0.0
2016-11-27,0.0,0.0,0.0
2016-11-28,0.0,0.0,0.0
2016-11-29,0.0,0.7,0.0
2016-11-30,0.0,0.6,0.0
2016-12-01,0.0,4.0,0.0
2016-12-02,0.0,0.0,0.0
2016-12-04,46.2,2.5,0.0
2016-12-05,37.0,2.9,0.0
2016-12-06,0.3,42.0,49.8
2016-12-07,47.8,0.0,0.0
2016-12-08,0.0,0.0,0.0
2016-12-09,0.0,0.0,0.0
2016-12-11,0.0,0.0,0.0
2016-12-12,0.0,0.2,0.0
2016-12-13,4.0,3.3,0.0
2016-12-14,5.5,16.8,22.5
2016-12-15,2.0,2.8,0.0
2016-12-16,0.0,38.5,36.0
2016-12-17,3.0,0.0,0.0
2016-12-18,0.0,5.0,1.0
2016-12-19,7.4,1.7,0.0
2016-12-20,0.0,5.0,1.0
2016-12-22,14.8,7.2,2.6
2016-12-23,0.0,11.3,6.7
2016-12-24,2.5,1.0,0.0
2016-12-25,0.0,0.4,0.0
2016-12-26,0.0,0.1,0.0
2016-12-27,0.0,72.8,88.1
2016-12-28,106.7,18.7,14.6
2016-12-29,0.4,15.3,10.7
2016-12-30,18.1,10.4,5.7
2016-12-31,2.5,7.3,2.7
2017-01-01,2.7,8.0,4.8
2017-01-02,0.3,8.4,5.3
2017-01-03,7.0,7.0,3.8
2017-01-05,0.0,5.2,1.9
2017-01-06,1.0,4.5,1.2
2017-01-07,0.0,9.8,6.7
2017-01-08,0.6,7.8,4.7
2017-01-09,0.4,1.3,0.0
2017-01-10,0.5,16.1,15.2
2017-01-11,30.8,4.0,1.0
2017-01-13,1.4,1.4,0.0
2017-01-14,0.0,18.5,30.2
2017-01-15,0.0,1.2,0.0
2017-01-16,0.0,3.5,1.0
2017-01-17,0.0,0.0,0.0
2017-01-18,0.0,3.1,0.0
2017-01-19,0.0,0.5,0.0
2017-01-20,0.6,0.2,0.0
2017-01-21,0.0,4.6,2.0
2017-01-22,0.0,3.3,1.0
2017-01-23,0.0,2.7,0.0
2017-01-24,0.0,2.7,0.0
2017-01-25,0.5,3.6,1.0
2017-01-26,19.5,8.4,7.0
2017-01-27,1.1,10.2,9.3
2017-01-29,0.0,3.0,0.0
2017-01-30,6.4,42.0,65.1
2017-01-31,31.0,9.3,8.1
2017-02-01,0.0,18.5,29.5
2017-02-02,7.0,16.6,24.1
2017-02-03,0.7,4.4,0.0
2017-02-04,0.4,2.0,0.0
2017-02-05,0.0,6.8,3.3
2017-02-06,6.0,1.7,0.0
2017-02-07,8.6,4.5,0.0
2017-02-08,0.0,20.6,34.2
2017-02-09,0.0,11.8,11.8
2017-02-10,7.3,14.3,16.2
2017-02-11,39.7,27.5,53.2
2017-02-12,5.8,11.6,13.3
2017-02-14,14.4,9.1,8.9
2017-02-15,2.9,8.9,8.7
2017-02-16,0.6,2.9,0.0
2017-02-17,2.2,10.7,11.6
2017-02-18,37.1,31.4,64.4
2017-02-19,8.6,6.2,4.5
2017-02-20,0.2,1.0,0.0
2017-02-21,0.0,0.7,0.0
2017-02-22,0.0,0.2,0.0
2017-02-23,0.0,5.2,3.2
2017-02-24,12.0,3.7,1.1
2017-02-25,1.8,7.7,7.0
2017-02-26,2.5,16.3,24.2
2017-02-27,2.2,10.4,11.5
2017-02-28,0.0,9.3,9.5
2017-03-01,6.0,51.1,62.4
2017-03-02,10.1,3.7,0.0
2017-03-03,0.0,0.6,0.0
2017-03-04,0.0,22.1,27.1
2017-03-05,1.9,20.4,24.1
2017-03-06,5.2,31.3,41.8
2017-03-07,16.6,7.1,3.2
2017-03-08,0.0,33.0,43.8
2017-03-09,6.7,9.0,5.1
2017-03-10,3.5,9.1,5.3
2017-03-11,0.0,1.8,0.0
2017-03-12,0.0,1.8,0.0
2017-03-13,0.0,3.1,0.0
2017-03-14,0.0,30.9,44.0
2017-03-15,8.4,1.0,0.0
2017-03-16,0.0,0.0,0.0
2017-03-17,0.3,3.1,0.0
2017-03-18,11.6,0.0,0.0
2017-03-19,0.9,18.0,21.8
2017-03-20,0.0,3.6,1.0
2017-03-21,26.0,0.0,0.0
2017-03-22,0.0,1.1,0.0
2017-03-23,3.0,0.3,0.0
2017-03-24,0.0,22.6,29.9
2017-03-25,10.3,33.9,46.5
2017-03-26,41.0,11.8,9.2
2017-03-27,2.7,1.7,0.0
2017-03-28,0.0,6.0,2.6
2017-03-29,0.0,19.3,24.8
2017-03-30,7.1,10.1,7.3
2017-03-31,11.5,14.8,12.9
2017-04-01,28.2,9.7,6.3
2017-04-03,1.2,22.2,22.5
2017-04-04,2.3,37.0,39.8
2017-04-05,27.5,4.7,1.0
2017-04-06,20.4,7.7,4.2
2017-04-08,2.0,3.0,0.0
2017-04-09,0.0,1.0,0.0
2017-04-10,0.0,3.1,0.0
2017-04-11,0.0,4.5,3.1
2017-04-12,0.0,20.8,33.4
2017-04-13,7.6,3.8,2.2
2017-04-15,3.0,0.0,0.0
2017-04-16,0.0,1.3,0.0
2017-04-17,0.0,4.9,3.7
2017-04-18,2.0,1.2,0.0
2017-04-20,2.0,13.5,16.3
2017-04-21,7.2,5.5,4.0
2017-04-22,1.5,6.2,4.8
2017-04-23,0.2,33.5,51.2
2017-04-24,55.4,4.4,3.0
2017-04-26,0.0,0.7,0.0
2017-04-27,0.0,0.0,0.0
2017-04-28,0.0,0.0,0.0
2017-04-29,0.0,2.6,1.3
2017-05-01,7.3,5.6,2.5
2017-05-02,0.0,0.7,0.0
2017-05-03,0.0,1.9,1.0
2017-05-04,0.0,0.6,0.0
2017-05-05,0.0,2.0,1.0
2017-05-06,0.0,0.4,0.0
2017-05-09,0.4,1.2,0.0
2017-05-10,0.0,3.0,1.0
2017-05-12,13.5,4.4,4.4
2017-05-13,0.0,1.8,2.0
2017-05-15,30.5,11.9,11.0
2017-05-16,0.0,0.1,0.0
2017-05-24,0.0,14.8,14.3
2017-05-27,0.0,0.4,0.0
2017-05-30,0.7,22.2,19.0
2017-05-31,14.8,7.6,7.3
2017-06-01,0.5,23.4,32.1
2017-06-02,26.4,22.8,31.3
2017-06-03,1.8,17.7,20.5
2017-06-04,2.3,59.3,75.6
2017-06-05,15.0,19.4,22.6
2017-06-06,0.0,1.3,1.0
2017-06-08,1.8,79.8,77.6
2017-06-09,64.5,1.9,1.6
2017-06-11,12.5,5.3,4.1
2017-06-12,1.8,14.9,16.3
2017-06-13,22.8,48.5,94.0
2017-06-14,88.7,36.4,58.8
2017-06-15,3.8,3.4,2.0
2017-06-16,5.5,69.4,154.0
2017-06-17,109.9,3.1,1.7
2017-06-18,0.0,4.6,3.3
2017-06-19,2.2,4.8,3.5
2017-06-20,1.7,1.4,1.0
2017-06-21,2.5,6.1,6.7
2017-06-22,1.0,69.3,69.8
2017-06-27,0.0,2.7,4.0
2017-06-30,2.5,41.1,33.5
2017-07-01,88.0,17.3,15.5
2017-07-04,15.9,0.5,0.0
2017-07-06,0.0,0.0,0.0
2017-07-07,0.0,0.4,0.0
2017-07-13,3.5,28.7,23.2
2017-07-16,2.8,10.3,11.2
2017-07-17,0.3,45.9,41.0
2017-07-19,31.9,37.3,34.0
2017-07-20,26.6,92.2,76.2
2017-07-23,18.0,58.9,65.1
2017-07-26,2.8,4.3,5.0
2017-07-28,15.2,0.2,0.0
2017-07-29,1.0,2.1,3.2
2017-07-31,0.0,0.0,0.0
2017-08-01,0.0,0.5,0.0
2017-08-02,0.0,0.1,0.0
2017-08-04,0.0,0.0,0.0
2017-08-05,0.0,0.0,0.0
2017-08-07,3.8,2.0,1.0
2017-08-08,0.0,0.2,0.0
2017-08-09,0.0,30.2,35.1
2017-08-10,0.8,7.3,4.9
2017-08-11,0.0,4.3,6.7
2017-08-12,9.0,1.3,1.8
2017-08-14,0.0,15.7,22.1
2017-08-15,4.0,7.9,13.1
2017-08-16,5.3,8.2,12.8
2017-08-17,0.0,11.5,18.7
2017-08-18,0.0,53.2,200.6
2017-08-19,24.5,15.2,22.0
2017-08-20,7.0,3.0,5.1
2017-08-21,0.0,1.2,0.0
2017-08-22,0.0,3.0,2.6
2017-08-23,0.0,0.0,0.0
2017-08-24,0.0,0.6,0.0
2017-08-25,0.3,0.2,0.0
2017-08-26,0.0,0.2,0.0
2017-08-27,0.0,0.0,0.0
2017-08-28,0.0,0.0,0.0
2017-08-29,0.5,0.0,0.0
2017-08-30,0.0,0.0,0.0
2017-08-31,0.0,1.1,0.0
2017-09-01,1.3,19.3,24.5
2017-09-02,7.0,1.2,1.0
2017-09-03,0.0,1.9,1.6
2017-09-04,0.0,0.0,0.0
2017-09-05,0.0,0.6,0.0
2017-09-06,0.0,0.6,0.0
2017-09-07,2.0,0.8,0.0
2017-09-08,0.0,0.9,0.0
2017-09-09,0.0,0.0,0.0
2017-09-10,0.0,0.1,0.0
2017-09-11,0.4,1.4,1.0
2017-09-12,0.0,0.8,0.0
2017-09-13,0.0,0.9,0.0
2017-09-14,0.0,2.3,1.5
2017-09-15,1.0,0.8,0.0
2017-09-16,0.0,12.9,17.4
2017-09-17,4.5,16.9,27.7
2017-09-19,0.0,13.5,19.0
2017-09-20,1.0,5.5,5.5
2017-09-21,0.0,5.1,3.1
2017-09-22,0.0,66.3,65.0
2017-09-23,43.5,77.3,71.4
2017-09-24,59.4,57.7,59.4
2017-09-25,29.0,1.3,0.0
2017-09-26,0.0,0.8,0.0
2017-09-27,0.0,2.3,1.0
2017-09-28,0.0,0.9,0.0
2017-09-29,0.0,0.5,0.0
2017-09-30,0.0,28.6,24.9
2017-10-01,8.0,0.2,0.0
2017-10-02,0.0,0.0,0.0
2017-10-03,0.0,2.2,1.0
2017-10-04,1.0,14.3,10.2
2017-10-05,4.5,0.0,0.0
2017-10-07,0.0,0.1,0.0
2017-10-08,0.0,0.4,0.0
2017-10-10,0.0,0.5,0.0
2017-10-11,0.0,0.0,0.0
2017-10-13,2.3,1.1,0.0
2017-10-14,0.0,9.4,9.6
2017-10-16,25.5,11.8,13.5
2017-10-18,0.0,0.5,0.0
2017-10-19,0.0,0.0,0.0
2017-10-20,0.0,0.0,0.0
2017-10-21,0.0,0.9,0.0
2017-10-22,0.0,2.1,0.0
2017-10-24,0.0,0.0,0.0
2017-10-25,0.0,1.0,0.0
2017-10-27,0.0,0.0,0.0
2017-10-28,0.0,0.3,0.0
2017-10-30,0.0,0.0,0.0
2017-10-31,0.0,0.0,0.0
2017-11-02,0.0,0.0,0.0
2017-11-03,0.0,0.0,0.0
2017-11-05,0.0,0.0,0.0
2017-11-06,0.0,0.0,0.0
2017-11-08,0.0,0.0,0.0
2017-11-09,0.0,2.0,0.0
2017-11-11,0.0,1.8,0.0
2017-11-12,0.0,4.9,1.1
2017-11-13,2.2,0.0,0.0
2017-11-14,0.0,0.0,0.0
2017-11-15,0.0,1.7,0.0
2017-11-17,36.6,26.9,48.0
2017-11-18,3.6,8.2,3.9
2017-11-20,0.0,10.5,6.9
2017-11-21,16.6,2.3,0.0
2017-11-23,0.6,3.0,0.0
2017-11-24,0.0,0.0,0.0
2017-11-25,15.5,18.8,32.1
2017-11-26,37.4,48.6,79.9
2017-11-27,38.5,12.0,11.3
2017-11-29,0.0,63.1,78.9
2017-11-30,94.9,18.7,32.8
2017-12-01,0.4,1.6,0.0
2017-12-02,0.0,35.8,45.1
2017-12-03,22.5,1.3,0.0
2017-12-05,0.0,0.6,0.0
2017-12-06,0.0,0.2,0.0
2017-12-08,17.4,9.4,6.9
2017-12-09,1.0,6.2,2.7
2017-12-10,30.0,0.5,0.0
2017-12-11,0.0,0.0,0.0
2017-12-12,0.0,0.0,0.0
2017-12-14,0.0,0.0,0.0
2017-12-15,0.0,0.4,0.0
2017-12-16,5.0,18.5,25.8
2017-12-18,2.5,11.6,8.4
2017-12-20,2.0,5.1,1.1
2017-12-21,17.0,10.8,6.1
2017-12-22,17.2,2.3,0.0
2017-12-24,4.6,5.0,1.0
2017-12-25,13.9,42.6,51.0
2017-12-28,0.2,0.8,0.0
2018-01-02,4.0,0.4,0.0
2018-01-04,1.0,0.0,0.0
2018-01-05,0.0,0.4,0.0
2018-01-09,7.5,11.4,8.4
2018-01-12,1.2,8.4,7.2
2018-01-15,23.5,9.1,8.2
2018-01-17,2.0,27.1,47.6
2018-01-18,15.0,10.2,9.9
2018-01-19,2.8,34.3,62.7
2018-01-20,63.2,15.9,24.7
2018-01-21,10.5,4.6,2.1
2018-01-23,2.2,51.5,80.0
2018-01-24,18.0,0.7,0.0
2018-01-26,29.0,35.2,53.7
2018-01-27,15.5,2.8,0.0
2018-01-29,1.0,6.3,4.2
2018-01-30,37.2,32.0,48.4
2018-02-01,1.5,1.3,0.0
2018-02-02,0.7,18.6,29.4
2018-02-03,3.0,0.9,0.0
2018-02-04,0.0,11.8,11.8
2018-02-05,10.6,0.0,0.0
2018-02-07,0.0,0.7,0.0
2018-02-10,0.0,17.4,26.1
2018-02-11,0.6,10.2,10.8
2018-02-14,2.0,20.1,34.3
2018-02-15,0.5,12.3,14.5
2018-02-16,0.0,0.1,0.0
2018-02-18,2.3,0.4,0.0
2018-02-19,0.0,4.7,2.2
2018-02-20,1.2,0.8,0.0
2018-02-21,1.0,7.9,7.4
2018-02-22,0.0,1.6,0.0
2018-02-23,0.0,1.8,0.0
2018-02-25,0.0,2.2,0.0
2018-02-26,1.2,40.4,101.8
2018-03-02,0.0,72.0,68.0
2018-03-03,18.5,22.2,27.0
2018-03-04,0.6,3.5,0.0
2018-03-06,0.0,36.1,47.4
2018-03-07,9.4,8.0,4.2
2018-03-09,0.0,8.0,4.2
2018-03-10,14.5,1.0,0.0
2018-03-12,0.0,9.3,7.3
2018-03-15,0.0,4.6,1.5
2018-03-16,0.0,0.0,0.0
2018-03-19,0.0,0.0,0.0
2018-03-21,0.0,7.4,4.1
2018-03-22,0.0,8.8,5.8
2018-03-23,10.2,0.2,0.0
2018-03-25,20.6,1.7,0.0
2018-03-30,0.0,10.4,7.6
2018-03-31,13.5,2.2,0.0
2018-04-01,0.3,4.9,1.3
2018-04-02,15.0,30.1,31.9
2018-04-03,1.2,4.4,1.0
2018-04-04,0.0,1.6,0.0
2018-04-05,0.0,5.9,2.3
2018-04-06,0.0,6.8,3.3
2018-04-08,0.0,0.0,0.0
2018-04-09,0.0,0.0,0.0
2018-04-10,0.0,0.1,0.0
2018-04-11,0.0,0.0,0.0
2018-04-12,0.0,12.9,15.0
2018-04-15,0.0,2.9,1.1
2018-04-18,20.2,2.1,1.0
2018-04-20,0.0,3.2,1.3
2018-04-21,0.0,1.7,1.0
2018-04-22,0.0,97.5,86.8
2018-04-23,92.5,1.3,1.0
2018-04-24,0.0,0.4,0.0
2018-04-25,5.9,3.6,2.3
2018-04-26,0.0,5.8,4.4
2018-04-29,0.0,34.4,53.6
2018-04-30,84.5,0.0,0.0
2018-05-01,0.0,0.4,0.0
2018-05-02,1.5,0.0,0.0
2018-05-03,0.0,0.0,0.0
2018-05-04,0.0,0.2,0.0
2018-05-05,0.0,0.9,0.0
2018-05-06,0.0,8.4,4.8
2018-05-07,0.0,0.1,0.0
2018-05-08,0.0,0.3,0.0
2018-05-09,0.8,13.4,9.0
2018-05-11,5.5,26.9,23.0
2018-05-12,4.8,0.7,0.0
2018-05-13,0.0,20.3,18.6
2018-05-14,1.5,4.1,4.1
2018-05-15,1.7,0.2,0.0
2018-05-17,0.0,2.5,2.7
2018-05-18,0.0,4.9,4.9
2018-05-19,0.0,9.1,9.1
2018-05-20,1.3,2.1,2.3
2018-05-21,0.0,14.1,13.0
2018-05-22,0.4,0.0,0.0
2018-05-23,0.0,0.6,0.0
2018-05-24,0.0,0.1,0.0
2018-05-25,0.0,21.0,17.6
2018-05-26,6.6,0.5,0.0
2018-05-27,0.0,2.9,3.2
2018-05-28,0.0,4.2,4.3
2018-05-29,13.7,21.5,19.7
2018-05-30,36.3,10.3,9.9
2018-05-31,5.0,0.8,0.0
2018-06-01,0.0,3.5,3.6
2018-06-02,0.0,7.5,8.5
2018-06-03,5.0,0.7,0.0
2018-06-04,2.5,0.0,0.0
2018-06-05,0.0,0.0,0.0
2018-06-06,0.0,0.0,0.0
2018-06-07,0.0,0.0,0.0
2018-06-08,0.0,0.0,0.0
2018-06-10,0.0,0.0,0.0
2018-06-13,0.0,4.1,2.8
2018-06-14,0.4,0.0,0.0
2018-06-16,0.0,1.5,1.0
2018-06-17,7.4,0.8,0.0
2018-06-19,0.0,0.0,0.0
2018-06-20,0.0,0.0,0.0
2018-06-21,0.0,0.1,0.0
2018-06-22,5.1,0.2,0.0
2018-06-23,6.3,2.4,3.7
2018-06-25,0.0,0.0,0.0
2018-06-26,0.1,0.2,0.0
2018-06-29,8.6,0.7,0.0
2018-07-01,0.0,0.0,0.0
2018-07-02,0.6,2.9,5.3
2018-07-03,5.0,2.9,5.3
2018-07-04,0.0,2.7,5.2
2018-07-05,3.8,14.4,13.7
2018-07-07,0.0,0.4,0.0
2018-07-08,1.0,2.8,5.3
2018-07-11,4.6,0.0,0.0
2018-07-14,38.1,0.0,0.0
2018-07-15,0.0,0.3,0.0
2018-07-16,0.0,2.0,3.5
2018-07-17,0.0,1.1,2.7
2018-07-18,0.0,1.6,3.1
2018-07-19,4.5,1.2,2.8
2018-07-20,0.8,0.0,0.0
2018-07-21,0.0,9.3,8.7
2018-07-22,6.0,0.4,0.0
2018-07-23,3.6,0.5,0.0
2018-07-24,4.8,0.0,0.0
2018-07-25,4.0,0.0,0.0
2018-07-26,0.0,0.1,0.0
2018-07-28,0.0,0.5,0.0
2018-07-29,0.0,0.2,0.0
2018-07-30,0.0,0.1,0.0
2018-08-01,0.0,1.3,0.0
2018-08-04,0.0,1.4,0.0
2018-08-07,0.0,0.0,0.0
2018-08-09,7.1,36.6,43.0
2018-08-10,6.6,35.4,41.3
2018-08-13,1.4,0.0,0.0
2018-08-15,10.7,0.0,0.0
2018-08-16,0.0,0.0,0.0
2018-08-19,0.0,0.0,0.0
2018-08-22,0.0,0.4,0.0
2018-08-25,0.3,3.5,2.9
2018-08-29,0.0,0.0,0.0
2018-08-30,0.0,7.5,5.6
2018-08-31,0.0,0.4,0.0
2018-09-01,0.0,0.0,0.0
2018-09-02,0.0,1.0,1.0
2018-09-03,0.0,1.1,1.0
2018-09-04,0.0,14.6,11.9
2018-09-11,0.0,0.0,0.0
2018-09-12,0.0,0.0,0.0
2018-09-15,0.0,0.6,0.0
2018-09-18,0.0,0.0,0.0
2018-09-20,0.0,0.0,0.0
2018-09-21,0.0,0.9,0.0
2018-09-22,0.1,0.9,0.0
2018-09-23,0.0,0.7,0.0
2018-09-24,0.0,0.4,0.0
2018-09-26,0.0,1.5,1.0
2018-09-30,0.0,0.0,0.0
2018-10-01,0.0,0.0,0.0
2018-10-02,0.0,0.0,0.0
2018-10-03,0.0,0.0,0.0
2018-10-05,0.0,0.0,0.0
2018-10-06,0.0,0.1,0.0
2018-10-08,0.0,0.1,0.0
2018-10-09,0.0,0.0,0.0
2018-10-11,0.0,0.0,0.0
2018-10-12,0.0,0.0,0.0
2018-10-14,0.0,0.0,0.0
2018-10-15,0.0,0.0,0.0
2018-10-17,0.0,0.4,0.0
2018-10-18,0.0,2.2,0.0
2018-10-21,0.0,0.0,0.0
2018-10-23,0.0,0.0,0.0
2018-10-24,0.0,0.0,0.0
2018-10-26,0.0,0.0,0.0
2018-10-27,0.0,0.0,0.0
2018-10-29,0.0,0.0,0.0
2018-10-30,0.0,0.1,0.0
2018-11-01,0.0,2.4,1.0
2018-11-02,0.0,6.3,4.4
2018-11-03,2.2,16.7,30.8
2018-11-04,1.5,0.6,0.0
2018-11-05,0.0,0.0,0.0
2018-11-07,15.5,0.2,0.0
2018-11-09,0.0,1.2,0.0
2018-11-11,0.0,0.0,0.0
2018-11-14,0.0,9.9,6.0
2018-11-16,0.0,0.6,0.0
2018-11-17,0.0,3.9,0.0
2018-11-18,0.0,9.4,5.4
2018-11-20,16.0,0.1,0.0
2018-11-21,0.9,0.0,0.0
2018-11-22,0.0,10.5,8.6
2018-11-25,0.6,13.6,24.6
2018-11-26,2.0,7.0,2.8
2018-11-27,0.0,7.0,2.9
2018-11-28,7.6,5.4,1.0
2018-11-29,0.8,24.7,41.9
2018-11-30,2.9,2.0,0.0
2018-12-01,0.0,6.9,3.6
2018-12-02,0.0,6.4,3.0
2018-12-03,0.0,1.3,0.0
2018-12-04,0.0,1.1,0.0
2018-12-05,0.0,0.1,0.0
2018-12-06,0.0,0.0,0.0
2018-12-07,0.0,0.0,0.0
2018-12-08,0.0,3.4,0.0
2018-12-09,0.0,1.3,0.0
2018-12-11,0.0,4.7,1.0
2018-12-12,0.0,9.8,6.3
2018-12-13,5.3,5.4,1.5
2018-12-14,4.0,1.0,0.0
2018-12-15,0.0,21.2,29.6
2018-12-16,1.5,25.7,34.0
2018-12-17,12.2,20.6,28.9
2018-12-18,0.8,19.9,27.9
2018-12-19,3.5,1.4,0.0
2018-12-20,10.0,0.6,0.0
2018-12-21,0.0,18.0,13.8
2018-12-22,1.3,18.7,14.1
2018-12-23,1.0,1.1,0.0
2018-12-27,1.5,5.4,1.0
2018-12-29,0.0,9.7,5.0
2018-12-30,1.5,6.0,1.5
2018-12-31,1.8,2.9,0.0
2019-01-01,1.9,4.8,1.6
2019-01-04,0.0,8.1,4.9
2019-01-05,5.4,1.5,0.0
2019-01-06,0.0,2.9,0.0
2019-01-07,0.0,0.3,0.0
2019-01-17,32.6,5.4,3.0
2019-01-19,1.5,8.6,7.5
2019-02-01,2.6,3.0,0.0
2019-02-02,0.3,4.7,1.0
2019-02-03,0.0,28.1,50.9
2019-02-07,8.0,7.0,3.8
2019-03-12,13.9,7.7,5.3
2019-03-13,4.7,7.7,5.3
2019-03-14,6.4,16.2,19.0
2019-03-15,7.0,8.2,5.9
2019-03-20,0.0,0.0,0.0
2019-03-23,3.0,5.5,2.1
2019-07-01,15.3,7.4,8.6
2019-07-03,8.5,0.0,0.0
2019-07-04,2.5,0.7,0.0
2019-07-05,0.2,0.0,0.0
2019-07-06,0.0,0.0,0.0
2019-07-07,0.0,0.0,0.0
2019-07-08,0.0,0.0,0.0
2019-07-09,0.0,0.9,0.0
2019-07-10,0.0,0.3,0.0
2019-07-11,0.0,0.2,0.0
2019-07-12,0.0,0.0,0.0
2019-07-13,0.0,0.0,0.0
2019-07-14,0.0,0.0,0.0
2019-07-15,0.0,0.1,0.0
2019-07-17,1.0,1.7,3.2
2019-07-18,14.5,0.0,0.0
2019-07-20,0.0,0.1,0.0
2019-07-21,0.0,0.0,0.0
2019-07-22,0.0,0.0,0.0
2019-07-23,0.0,0.0,0.0
2019-07-24,0.0,0.0,0.0
2019-07-25,0.0,1.3,2.5
2019-07-26,4.0,0.7,0.0
2019-07-27,0.0,0.0,0.0
2019-07-28,0.0,0.0,0.0
2019-07-29,0.0,0.0,0.0
2019-07-30,0.0,0.0,0.0
2019-07-31,0.0,0.0,0.0
2019-08-01,0.3,0.0,0.0
2019-08-02,0.0,0.1,0.0
2019-08-04,0.8,0.2,0.0
2019-08-05,0.0,1.1,0.0
2019-08-06,0.0,4.9,2.5
2019-08-08,0.0,0.1,0.0
2019-08-11,0.0,0.0,0.0
2019-09-04,0.0,1.2,1.0
2019-09-07,0.0,0.0,0.0
2019-09-10,0.0,0.0,0.0
2019-09-13,0.0,0.0,0.0
2019-09-16,0.0,0.0,0.0
2019-09-19,0.0,0.0,0.0
2019-09-22,0.0,0.0,0.0
2019-09-25,0.0,0.0,0.0
2019-10-01,0.0,0.2,0.0
2019-10-02,0.0,0.6,0.0
2019-10-03,4.0,0.2,0.0
2019-10-04,0.0,0.0,0.0
2019-10-05,0.0,0.0,0.0
2019-10-06,0.0,0.0,0.0
2019-10-07,0.0,0.0,0.0
2019-10-08,0.0,0.0,0.0
2019-10-09,6.0,0.2,0.0
2019-10-11,0.0,3.4,1.1
2019-10-12,0.0,0.0,0.0
2019-10-13,0.0,0.0,0.0
2019-10-14,0.0,0.0,0.0
2019-10-15,0.0,0.0,0.0
2019-10-16,0.0,0.0,0.0
2019-10-17,0.0,0.0,0.0
2019-10-18,0.0,0.5,0.0
2019-10-19,3.5,0.0,0.0
2019-10-20,0.0,0.0,0.0
2019-10-21,0.0,0.0,0.0
2019-10-22,0.0,0.0,0.0
2019-10-23,0.0,0.6,0.0
2019-10-24,0.0,32.3,41.2
2019-10-25,15.0,5.0,0.0
2019-10-26,0.0,0.0,0.0
2019-10-27,0.0,0.0,0.0
2019-10-28,0.0,0.3,0.0
2019-10-29,0.0,19.1,14.3
2019-10-30,0.0,0.0,0.0
2019-10-31,0.0,0.0,0.0
2019-11-01,0.0,0.0,0.0
2019-11-02,0.0,0.0,0.0
2019-11-03,0.0,0.6,0.0
2019-11-04,0.0,0.0,0.0
2019-11-05,0.0,0.0,0.0
2019-11-06,0.0,0.0,0.0
2019-11-08,0.0,0.0,0.0
2019-11-09,0.0,0.0,0.0
2019-11-11,0.0,0.0,0.0
2019-11-12,0.0,0.0,0.0
2019-11-13,0.0,0.0,0.0
2019-11-14,0.0,0.0,0.0
2019-11-15,0.0,0.0,0.0
2019-11-17,0.0,0.0,0.0
2019-11-18,0.0,0.0,0.0
2019-11-19,0.0,0.0,0.0
2019-11-20,0.0,0.0,0.0
2019-11-21,0.0,0.0,0.0
2019-11-22,0.0,0.0,0.0
2019-11-25,0.0,0.0,0.0
2019-11-26,0.0,0.0,0.0
2019-11-27,0.0,0.0,0.0
2019-11-28,0.0,0.0,0.0
2019-11-29,0.0,0.0,0.0
2019-12-02,0.0,0.0,0.0
2019-12-03,0.0,0.0,0.0
2019-12-04,0.0,0.0,0.0
2019-12-05,0.0,0.0,0.0
2019-12-06,0.0,0.0,0.0
2019-12-08,6.5,1.5,0.0
2019-12-09,0.0,0.1,0.0
2019-12-10,40.1,0.4,0.0
2019-12-11,0.0,5.0,1.0
2019-12-12,0.0,2.8,0.0
2019-12-13,0.0,3.5,0.0
2019-12-14,1.5,1.6,0.0
2019-12-16,0.0,0.0,0.0
2019-12-17,0.0,0.4,0.0
2019-12-18,0.0,0.7,0.0
2019-12-19,0.0,5.3,1.4
2019-12-20,2.5,10.6,7.0
2019-12-24,5.6,6.9,2.3
2019-12-25,2.0,14.9,10.3
2019-12-27,2.0,1.7,0.0
2019-12-29,30.3,0.3,0.0
2020-01-01,0.0,1.4,0.0
2020-01-02,0.0,10.4,7.4
2020-01-03,39.0,7.0,3.8
2020-01-05,22.7,2.2,0.0
2020-01-06,0.0,5.6,2.3
2020-01-07,9.8,1.1,0.0
2020-01-08,0.0,2.0,0.0
2020-01-09,0.0,2.8,0.0
2020-01-10,0.0,3.1,0.0
2020-01-12,28.5,9.6,8.9
2020-01-16,3.3,1.8,0.0
2020-01-18,33.7,1.1,0.0
2020-01-19,13.6,0.0,0.0
2020-01-20,0.0,0.0,0.0
2020-01-21,0.0,0.0,0.0
2020-01-22,0.0,0.1,0.0
2020-01-23,8.0,0.0,0.0
2020-01-24,0.0,0.0,0.0
2020-01-25,0.0,0.0,0.0
2020-01-26,0.0,0.0,0.0
2020-01-27,0.0,0.1,0.0
2020-01-28,0.0,0.4,0.0
2020-01-29,2.0,0.0,0.0
2020-01-31,0.0,9.7,8.6
2020-02-01,12.9,25.3,45.1
2020-02-02,18.9,0.3,0.0
2020-02-04,1.6,1.0,0.0
2020-02-05,9.9,0.4,0.0
2020-02-07,0.0,0.0,0.0
2020-02-08,0.0,0.0,0.0
2020-02-09,0.0,3.7,0.0
2020-02-10,7.5,1.3,0.0
2020-02-11,0.0,0.0,0.0
2020-02-13,0.0,2.1,0.0
2020-02-14,10.5,0.1,0.0
2020-02-15,0.0,1.5,0.0
2020-02-16,0.0,19.8,33.7
2020-02-17,0.0,7.1,5.8
2020-02-18,2.3,2.0,0.0
2020-02-20,80.0,0.8,0.0
2020-02-21,2.0,3.4,1.0
2020-02-22,0.8,1.0,0.0
2020-02-23,34.5,13.1,15.9
2020-02-24,123.3,0.2,0.0
2020-02-25,0.0,0.9,0.0
2020-02-26,0.0,17.7,28.7
2020-02-27,20.3,14.3,19.4
2020-02-28,13.3,0.0,0.0
2020-02-29,1.0,0.6,0.0
2020-03-02,0.0,26.6,34.6
2020-03-03,52.1,7.4,3.5
2020-03-04,0.0,46.2,58.9
2020-03-05,11.2,1.7,0.0
2020-03-07,38.5,39.7,52.0
2020-03-08,12.3,1.6,0.0
2020-03-09,0.0,0.6,0.0
2020-03-10,0.0,16.5,16.6
2020-03-11,28.4,0.0,0.0
2020-03-12,0.0,0.2,0.0
2020-03-13,0.0,7.0,4.3
2020-03-14,0.0,24.2,31.4
2020-03-15,0.5,10.1,8.4
2020-03-17,0.0,16.0,18.6
2020-03-18,0.9,4.3,1.1
2020-03-19,0.0,0.1,0.0
2020-03-20,0.0,9.4,7.4
2020-03-21,8.6,9.9,7.0
2020-03-22,0.0,14.0,12.6
2020-03-24,28.3,4.5,1.0
2020-03-25,0.0,0.5,0.0
2020-03-26,0.0,0.7,0.0
2020-03-27,0.0,5.1,1.6
2020-03-28,11.1,6.4,3.0
2020-03-29,4.1,13.5,11.7
2020-03-30,32.1,3.3,0.0
2020-03-31,0.0,67.8,63.4
2020-04-01,2.0,32.3,34.9
2020-04-04,21.7,8.8,5.4
2020-04-06,8.2,0.0,0.0
2020-04-07,0.0,1.9,0.0
2020-04-08,10.0,2.3,0.0
2020-04-09,0.0,8.8,5.4
2020-04-12,0.0,0.0,0.0
2020-04-14,0.0,38.7,72.0
2020-04-15,23.8,13.7,16.2
2020-04-16,1.0,0.4,0.0
2020-04-17,0.0,0.0,0.0
2020-04-20,1.8,1.3,0.0
2020-04-21,0.0,0.1,0.0
2020-04-24,1.0,1.0,0.0
2020-04-25,0.0,3.9,2.6
2020-04-28,0.5,6.8,5.8
2020-04-29,1.0,3.6,2.2
2020-04-30,0.0,0.0,0.0
2020-05-01,5.6,0.8,0.0
2020-05-06,15.7,12.4,8.2
2020-05-09,0.0,0.0,0.0
2020-05-10,0.0,0.0,0.0
2020-05-11,0.0,0.0,0.0
2020-05-15,0.0,0.0,0.0
2020-05-30,41.5,1.9,2.4
2020-06-12,13.5,3.4,2.0
2020-06-27,7.0,7.7,7.9
2020-06-28,0.0,5.2,6.0
2020-06-29,3.1,3.3,4.5
2020-06-30,0.0,18.7,16.6
2020-07-16,0.4,2.2,3.6
2020-07-17,0.0,0.5,0.0
2020-07-18,0.8,1.5,3.1
2020-07-19,0.0,0.0,0.0
2020-07-21,0.0,3.0,4.0
2020-07-22,0.0,0.7,0.0
2020-07-25,0.5,0.2,0.0
2020-07-26,0.0,0.1,0.0
2020-07-29,0.0,6.4,6.9
2020-07-31,0.0,2.0,3.2
2020-08-02,0.0,1.2,0.0
2020-08-03,0.0,0.1,0.0
2020-08-04,0.7,0.4,0.0
2020-08-05,0.0,0.0,0.0
2020-08-06,0.0,0.1,0.0
2020-08-07,0.0,16.9,12.8
2020-08-10,0.0,0.6,0.0
2020-08-11,0.0,8.3,13.0
2020-08-13,0.0,0.0,0.0
2020-08-14,0.0,1.8,2.6
2020-08-15,14.0,17.9,27.2
2020-08-16,32.4,33.6,77.0
2020-08-17,26.0,0.1,0.0
2020-08-18,0.0,0.0,0.0
2020-08-20,0.0,0.4,0.0
2020-08-21,0.0,12.6,9.0
2020-08-22,1.8,0.0,0.0
2020-08-23,0.0,0.7,0.0
2020-08-24,0.0,0.0,0.0
2020-08-25,0.0,2.5,2.3
2020-08-26,1.2,0.0,0.0
2020-08-27,0.0,4.9,3.8
2020-08-28,3.6,4.5,3.5
2020-08-29,1.2,5.5,4.4
2020-08-30,0.0,8.9,6.6
2020-09-01,0.0,0.0,0.0
2020-09-02,0.0,5.6,5.7
2020-09-03,3.2,7.8,8.1
2020-09-04,1.7,1.7,1.5
2020-09-07,0.4,32.7,58.4
2020-09-08,27.0,1.8,1.5
2020-09-09,12.7,0.2,0.0
2020-09-10,1.3,5.4,5.4
2020-09-28,0.0,3.3,1.8
2020-09-29,0.0,12.2,7.6
2020-10-01,0.2,0.7,0.0
2020-10-02,0.0,2.9,1.3
2020-10-03,0.0,24.7,21.2
2020-10-04,0.0,2.9,1.3
2020-10-05,0.0,0.9,0.0
2020-10-06,0.0,7.2,4.0
2020-10-07,0.0,20.0,15.5
2020-10-08,10.0,0.8,0.0
2020-10-09,0.6,0.1,0.0
2020-10-10,0.0,0.0,0.0
2020-10-11,0.0,0.0,0.0
2020-10-12,0.0,2.8,1.2
2020-10-13,1.2,11.8,13.5
2020-10-14,0.0,0.7,0.0
2020-10-15,0.0,1.8,0.0
2020-10-16,0.0,19.0,32.5
2020-10-17,1.0,2.8,1.2
2020-10-18,0.0,0.0,0.0
2020-10-19,0.0,0.0,0.0
2020-10-20,0.0,0.0,0.0
2020-10-27,0.0,16.3,6.2
2020-10-29,10.5,0.0,0.0
2020-10-31,1.7,0.3,0.0
2020-11-01,0.0,0.5,0.0
2020-11-02,0.0,15.6,29.3
2020-11-03,10.2,12.2,22.5
2020-11-04,0.0,1.0,0.0
2020-11-05,0.0,0.0,0.0
2020-11-06,0.0,1.7,0.0
2020-11-07,1.0,0.0,0.0
2020-11-08,0.0,0.0,0.0
2020-11-09,0.0,0.0,0.0
2020-11-10,0.0,0.3,0.0
2020-11-11,0.0,0.6,0.0
2020-11-13,1.3,0.8,0.0
2020-11-14,0.0,0.0,0.0
2020-11-15,0.0,0.0,0.0
2020-11-16,0.0,0.2,0.0
2020-11-17,1.1,0.1,0.0
2020-11-18,0.0,0.4,0.0
2020-11-19,0.0,0.0,0.0
2020-11-20,0.0,3.6,0.0
2020-11-21,0.8,16.7,29.3
2020-11-22,31.6,0.7,0.0
2020-11-23,0.0,7.0,2.8
2020-11-24,6.5,0.8,0.0
2020-11-25,2.6,4.4,0.0
2020-11-26,0.0,11.7,11.0
2020-11-28,1.2,4.6,0.0
2020-12-01,0.0,7.1,3.8
2020-12-02,0.0,5.0,1.2
2020-12-03,3.4,6.7,3.3
2020-12-05,13.0,0.4,0.0
2020-12-06,0.0,0.0,0.0
2020-12-07,0.0,1.8,0.0
2020-12-09,4.0,1.6,0.0
2020-12-11,1.1,5.5,1.5
2020-12-12,0.0,2.0,0.0
2020-12-13,0.0,1.6,0.0
2020-12-14,24.4,7.6,3.9
2020-12-15,0.0,5.3,1.3
2020-12-17,0.0,2.3,0.0
2020-12-18,0.0,2.3,0.0
2020-12-19,14.8,8.4,4.8
2020-12-21,4.0,1.6,0.0
2020-12-22,0.5,28.0,29.9
2020-12-23,53.4,18.4,14.6
2020-12-25,0.0,9.6,4.9
2020-12-26,2.5,4.0,0.0
2020-12-27,6.4,11.2,6.6
2020-12-28,19.4,20.0,15.4
2020-12-29,1.5,4.8,1.0
2020-12-30,0.0,0.3,0.0
2020-12-31,0.0,1.1,0.0
2021-01-01,0.0,13.4,10.6
2021-01-02,9.5,6.5,3.3
2021-01-03,2.1,16.3,15.5
2021-01-04,9.0,8.5,5.4
2021-01-05,0.7,2.1,0.0
2021-01-06,0.0,27.3,34.9
2021-01-07,46.3,4.2,1.0
2021-01-08,0.0,0.3,0.0
2021-01-09,0.0,2.2,0.0
2021-01-10,17.5,0.3,0.0
2021-01-11,1.0,0.6,0.0
2021-01-12,0.0,2.0,0.0
2021-01-13,0.0,2.7,0.0
2021-01-14,0.0,12.3,13.5
2021-01-15,1.0,8.1,6.8
2021-01-16,10.0,7.4,5.8
2021-01-17,1.5,1.3,0.0
2021-01-18,0.0,3.7,1.0
2021-01-19,0.0,15.4,24.3
2021-01-20,79.4,0.4,0.0
2021-01-21,0.0,0.5,0.0
2021-01-22,0.0,6.4,4.4
2021-01-23,8.5,4.0,1.2
2021-01-24,0.0,5.1,2.7
2021-01-26,7.2,11.3,10.8
2021-01-27,0.8,0.6,0.0
2021-01-28,0.0,2.7,0.0
2021-01-29,38.7,1.1,0.0
2021-01-30,0.5,0.2,0.0
2021-01-31,0.0,7.9,6.3
2021-02-01,1.2,15.9,18.5
2021-02-02,7.7,5.5,1.2
2021-02-03,7.3,2.7,0.0
2021-02-04,4.6,7.7,4.9
2021-02-05,0.0,17.6,26.8
2021-02-06,0.6,6.8,3.4
2021-02-07,1.6,1.8,0.0
2021-02-09,0.4,2.1,0.0
2021-02-11,7.2,5.5,3.4
2021-02-12,31.0,6.9,5.6
2021-02-13,7.0,10.3,11.0
2021-02-16,1.6,2.3,0.0
2021-02-18,0.0,2.9,0.0
2021-02-20,0.0,0.0,0.0
2021-02-25,13.1,1.3,0.0
2021-02-27,0.0,19.8,34.7
2021-02-28,11.5,4.7,2.6
2021-03-01,1.7,8.7,4.8
2021-03-02,3.0,0.9,0.0
2021-03-03,0.0,4.0,1.0
2021-03-04,2.2,1.8,0.0
2021-03-05,0.0,9.9,6.1
2021-03-06,2.4,7.8,3.9
2021-03-07,0.0,6.1,2.3
2021-03-08,10.2,8.4,4.6
2021-03-09,0.3,0.9,0.0
2021-03-10,6.5,6.2,2.3
2021-03-11,1.0,0.2,0.0
2021-03-12,0.8,4.8,1.7
2021-03-13,0.8,0.4,0.0
2021-03-14,0.0,0.0,0.0
2021-03-15,0.0,0.1,0.0
2021-03-16,0.0,0.2,0.0
2021-03-17,0.0,0.0,0.0
2021-03-18,0.0,0.7,0.0
2021-03-19,0.0,0.4,0.0
2021-03-20,0.0,0.2,0.0
2021-03-21,0.0,0.3,0.0
2021-03-23,0.0,0.1,0.0
2021-03-24,0.0,8.1,5.0
2021-03-26,0.0,3.5,0.0
2021-03-29,23.0,8.3,5.2
2021-03-30,13.1,2.5,0.0
2021-04-01,0.0,0.8,0.0
2021-04-02,0.0,9.5,6.1
2021-04-03,6.7,1.3,0.0
2021-04-04,0.5,6.5,3.0
2021-04-06,51.5,0.0,0.0
2021-04-07,0.0,14.4,11.1
2021-04-08,9.4,16.5,13.2
2021-04-10,3.6,0.7,0.0
2021-04-12,0.0,0.0,0.0
2021-04-13,0.0,6.5,5.9
2021-04-14,0.0,0.6,0.0
2021-04-15,0.0,0.0,0.0
2021-04-16,0.0,0.0,0.0
2021-04-18,0.0,0.1,0.0
2021-04-21,0.0,0.6,0.0
2021-04-22,0.0,0.0,0.0
2021-04-24,0.0,0.0,0.0
2021-04-25,0.0,1.7,1.0
2021-04-26,0.0,0.0,0.0
2021-04-27,0.0,0.0,0.0
2021-04-30,0.0,0.0,0.0
2021-05-01,0.0,1.1,0.0
2021-05-03,0.0,4.1,1.4
2021-05-04,0.0,1.9,1.0
2021-05-05,0.0,1.9,1.0
2021-05-06,0.0,6.7,3.4
2021-05-07,2.5,6.0,2.8
2021-05-08,5.7,3.1,1.0
2021-05-09,0.0,9.2,5.4
2021-05-11,5.3,0.0,0.0
2021-05-12,0.0,0.0,0.0
2021-05-14,1.4,0.9,0.0
2021-05-15,0.0,11.0,10.5
2021-05-16,13.3,5.4,5.3
2021-05-19,12.4,28.5,24.6
2021-05-21,0.0,42.2,44.0
2021-05-24,2.0,3.2,3.4
2021-05-27,0.0,0.0,0.0
2021-05-30,0.0,0.8,0.0
2021-06-01,0.0,0.0,0.0
2021-06-02,0.0,0.0,0.0
2021-06-03,0.0,25.1,35.7
2021-06-04,1.4,4.2,4.5
2021-06-05,0.0,0.0,0.0
2021-06-07,0.0,0.0,0.0
2021-06-08,0.0,0.0,0.0
2021-06-09,0.0,0.0,0.0
2021-06-11,0.0,0.1,0.0
2021-06-12,0.0,4.9,3.6
2021-06-13,0.5,47.0,88.0
2021-06-14,22.2,23.8,29.6
2021-06-16,0.0,4.9,3.6
2021-06-18,0.0,0.0,0.0
2021-06-19,0.0,10.7,10.3
2021-06-20,8.0,17.1,15.6
2021-06-21,0.0,4.6,5.5
2021-06-22,5.5,0.1,0.0
2021-06-23,0.0,26.7,16.0
2021-06-25,0.0,0.3,0.0
2021-06-26,0.0,1.8,3.2
2021-06-27,0.0,3.4,4.6
2021-06-28,0.0,0.3,0.0
2021-06-30,4.0,7.3,7.6
2021-07-01,1.3,0.7,0.0
2021-07-03,20.7,48.1,39.1
2021-07-04,33.2,22.4,18.8
2021-07-05,7.0,32.7,19.1
2021-07-06,14.4,2.2,4.8
2021-07-07,0.0,0.0,0.0
2021-07-08,0.0,0.8,0.0
2021-07-09,0.0,1.2,4.1
2021-07-10,0.3,36.0,23.4
2021-07-11,10.3,54.6,48.6
2021-07-13,0.7,42.1,37.9
2021-07-14,47.0,17.2,16.3
2021-07-15,2.3,19.1,17.3
2021-07-16,0.0,12.2,12.9
2021-07-17,7.6,69.9,61.8
2021-07-18,30.2,0.7,0.0
2021-07-19,0.0,2.1,3.5
2021-07-21,0.9,18.9,16.7
2021-07-22,0.5,10.1,9.9
2021-07-23,0.5,4.4,5.1
2021-07-24,0.0,42.1,38.2
2021-07-26,0.0,0.0,0.0
2021-07-28,0.0,0.0,0.0
2021-07-29,0.0,1.4,2.7
2021-07-30,0.0,0.0,0.0
2021-07-31,0.0,0.0,0.0
2021-08-01,0.0,0.0,0.0
2021-08-02,0.0,0.0,0.0
2021-08-03,0.0,6.3,4.0
2021-08-04,42.0,0.4,0.0
2021-08-06,0.0,0.6,0.0
2021-08-07,0.0,46.0,53.4
2021-08-08,30.0,2.1,1.0
2021-08-09,0.0,0.3,0.0
2021-08-10,0.0,0.3,0.0
2021-08-12,0.0,0.0,0.0
2021-08-14,0.3,0.4,0.0
2021-08-16,4.3,1.8,2.5
2021-08-17,15.6,0.0,0.0
2021-08-18,0.0,0.9,1.2
2021-08-19,5.5,0.0,0.0
2021-08-21,0.0,0.0,0.0
2021-08-22,0.0,32.8,29.7
2021-08-23,22.9,5.4,4.2
2021-08-24,0.0,28.4,24.2
2021-08-26,5.4,25.2,19.7
2021-08-27,2.7,1.5,1.8
2021-08-28,0.0,3.0,2.6
2021-08-30,0.7,1.2,0.0
2021-08-31,0.0,12.2,8.8
2021-09-02,1.2,12.4,13.6
2021-09-03,3.0,1.5,1.3
2021-09-04,0.0,3.4,3.2
2021-09-05,0.9,2.6,2.3
2021-09-06,0.0,27.6,45.6
2021-09-07,74.4,50.6,77.3
2021-09-08,41.2,0.4,0.0
2021-09-09,16.3,14.4,11.6
2021-09-10,2.0,1.4,1.1
2021-09-12,1.0,24.7,55.0
2021-09-13,5.2,6.1,6.3
2021-09-14,0.5,5.8,5.9
2021-09-15,10.5,15.5,24.1
2021-09-16,1.3,3.5,3.0
2021-09-17,1.8,36.0,70.3
2021-09-18,34.2,10.8,12.5
2021-09-19,4.5,0.7,0.0
2021-09-20,0.0,9.6,11.3
2021-09-21,5.0,30.9,29.2
2021-09-22,4.8,9.3,6.0
2021-09-23,39.4,5.7,3.3
2021-09-24,6.1,3.3,1.9
2021-09-25,1.5,8.2,4.7
2021-09-26,0.0,2.5,1.0
2021-09-27,0.0,0.6,0.0
2021-09-28,0.0,15.8,10.2
2021-09-29,5.5,21.8,11.5
2021-09-30,2.8,37.3,38.4
2021-10-01,8.2,4.3,2.5
2021-10-02,0.0,1.6,0.0
2021-10-03,0.0,0.0,0.0
2021-10-04,0.0,0.6,0.0
2021-10-05,0.0,0.0,0.0
2021-10-06,0.0,11.2,6.7
2021-10-07,1.0,12.9,7.8
2021-10-08,13.5,0.0,0.0
2021-10-09,0.0,0.7,0.0
2021-10-10,0.0,0.9,0.0
2021-10-11,0.0,1.0,0.0
2021-10-12,0.0,3.3,1.0
2021-10-13,0.0,0.3,0.0
2021-10-14,0.0,0.3,0.0
2021-10-15,0.0,0.0,0.0
2021-10-16,0.0,0.1,0.0
2021-10-17,0.0,0.1,0.0
2021-10-19,0.0,4.2,1.6
2021-10-20,0.0,4.8,2.3
2021-10-21,0.0,12.8,3.2
2021-10-22,46.1,1.6,0.0
2021-10-23,0.0,12.3,2.9
2021-10-25,0.0,1.8,0.0
2021-10-26,0.0,0.0,0.0
2021-10-27,1.5,1.3,0.0
2021-10-29,0.0,9.9,1.6
2021-10-30,16.5,0.0,0.0
2021-11-02,0.0,4.8,2.8
2021-11-03,0.2,7.2,5.7
2021-11-04,5.3,2.7,1.1
2021-11-08,0.0,0.1,0.0
2021-11-09,0.0,0.8,0.0
2021-11-10,0.0,11.8,21.5
2021-11-11,0.0,2.2,0.0
2021-11-13,0.0,29.2,49.7
2021-11-14,43.4,18.7,33.5
2021-11-15,4.5,4.8,0.0
2021-11-16,0.0,15.6,20.9
2021-11-17,13.0,6.3,1.7
2021-11-19,14.8,14.7,16.3
2021-11-20,8.6,0.0,0.0
2021-11-21,0.0,1.3,0.0
2021-11-26,0.0,3.7,0.0
2021-12-19,0.2,12.6,9.1
2021-12-20,6.5,0.8,0.0
2021-12-21,1.6,0.7,0.0
2021-12-23,10.8,2.6,0.0
2021-12-24,0.0,2.5,0.0
2021-12-25,0.0,2.4,0.0
2021-12-26,0.0,53.2,65.7
2021-12-29,20.9,1.4,0.0
2021-12-30,0.0,8.7,4.1
2021-12-31,4.8,8.1,3.4
