date,gauge,imergl,lseqmdl
2001-01-01,5.0,15.8,11.2
2001-01-02,0.0,19.6,16.4
2001-01-03,0.0,5.4,2.0
2001-01-04,1.0,19.1,15.7
2001-01-05,0.0,6.8,3.2
2001-01-06,0.0,0.4,0.0
2001-01-07,3.0,7.1,3.4
2001-01-08,0.0,5.7,2.3
2001-01-09,0.0,14.4,9.6
2001-01-10,6.0,0.8,0.0
2001-01-11,2.0,8.7,6.6
2001-01-12,19.0,14.9,17.6
2001-01-13,0.0,3.4,1.0
2001-01-14,0.0,12.4,11.0
2001-01-15,2.0,1.8,0.0
2001-01-16,0.0,3.0,1.0
2001-01-17,7.0,2.3,0.0
2001-01-18,0.0,0.0,0.0
2001-01-19,1.0,0.4,0.0
2001-01-20,18.0,19.0,25.4
2001-01-21,1.0,0.3,0.0
2001-01-22,22.0,2.4,1.0
2001-01-23,31.0,0.4,0.0
2001-01-24,0.0,14.9,15.4
2001-01-25,6.0,2.4,1.0
2001-01-26,0.0,3.0,1.1
2001-01-27,0.0,2.0,0.0
2001-01-28,1.0,0.9,0.0
2001-01-29,0.0,1.6,0.0
2001-01-30,0.0,0.0,0.0
2001-01-31,0.0,0.3,0.0
2001-02-01,0.0,5.1,2.2
2001-02-02,37.0,20.4,20.8
2001-02-03,6.0,9.9,7.6
2001-02-04,1.0,9.3,6.8
2001-02-05,0.0,8.8,5.9
2001-02-06,0.0,2.8,0.0
2001-02-07,0.0,1.2,0.0
2001-02-08,1.0,10.6,8.0
2001-02-09,5.0,18.0,17.8
2001-02-10,6.0,10.0,7.6
2001-02-11,0.0,16.1,21.9
2001-02-12,0.0,0.4,0.0
2001-02-13,0.0,2.8,0.0
2001-02-14,0.0,1.4,0.0
2001-02-15,0.0,4.6,1.9
2001-02-16,0.0,0.4,0.0
2001-02-17,5.0,0.5,0.0
2001-02-18,1.0,0.7,0.0
2001-02-19,1.0,14.5,17.8
2001-02-20,0.0,1.7,0.0
2001-02-21,9.0,1.0,0.0
2001-02-22,1.0,6.4,4.9
2001-02-23,6.0,3.0,1.3
2001-02-24,29.0,3.4,1.7
2001-02-25,1.0,5.2,3.7
2001-02-26,0.0,0.5,0.0
2001-02-27,0.0,0.0,0.0
2001-02-28,0.0,0.1,0.0
2001-03-01,0.0,4.6,1.4
2001-03-02,2.0,0.5,0.0
2001-03-03,0.0,0.0,0.0
2001-03-04,0.0,9.4,5.2
2001-03-05,0.0,0.1,0.0
2001-03-06,0.0,0.2,0.0
2001-03-07,0.0,0.5,0.0
2001-03-08,0.0,1.5,0.0
2001-03-09,12.0,1.5,0.0
2001-03-10,10.0,17.6,14.1
2001-03-11,0.0,5.1,3.1
2001-03-12,6.0,20.7,23.3
2001-03-13,5.0,23.7,27.3
2001-03-14,5.0,9.0,6.9
2001-03-15,7.0,26.5,30.7
2001-03-16,6.0,2.4,1.0
2001-03-17,0.0,0.8,0.0
2001-03-18,0.0,2.9,1.0
2001-03-19,0.0,6.9,4.7
2001-03-20,4.0,10.2,7.7
2001-03-21,0.0,0.8,0.0
2001-03-22,22.0,5.0,2.6
2001-03-23,0.0,0.3,0.0
2001-03-24,0.0,0.6,0.0
2001-03-25,0.0,2.9,1.0
2001-03-26,6.0,11.9,9.8
2001-03-27,2.0,5.6,3.3
2001-03-28,5.0,14.8,12.8
2001-03-29,14.0,14.5,12.4
2001-03-30,12.0,6.9,4.6
2001-03-31,1.0,2.0,0.0
2001-04-01,0.0,20.8,18.3
2001-04-02,0.0,2.9,1.0
2001-04-03,0.0,1.0,0.0
2001-04-04,26.0,4.3,2.1
2001-04-05,18.0,14.0,11.7
2001-04-06,11.0,23.8,22.9
2001-04-07,5.0,10.6,8.1
2001-04-08,43.0,19.2,18.8
2001-04-09,1.0,17.0,14.4
2001-04-10,4.0,20.5,18.2
2001-04-11,22.0,3.9,2.6
2001-04-12,2.0,23.3,27.3
2001-04-13,1.0,7.0,5.8
2001-04-14,10.0,15.1,15.2
2001-04-15,1.0,0.1,0.0
2001-04-16,2.0,3.4,2.1
2001-04-17,0.0,0.0,0.0
2001-04-18,0.0,0.0,0.0
2001-04-19,0.0,0.4,0.0
2001-04-20,0.0,0.0,0.0
2001-04-21,10.0,4.7,2.6
2001-04-22,12.0,4.3,2.2
2001-04-23,2.0,1.6,0.0
2001-04-24,0.0,2.8,1.0
2001-04-25,38.0,13.8,13.5
2001-04-26,65.0,22.5,30.8
2001-04-27,0.0,14.8,14.8
2001-04-28,41.0,38.3,59.3
2001-04-29,0.0,6.1,4.1
2001-04-30,97.0,10.9,9.8
2001-05-01,91.0,31.8,38.9
2001-05-02,91.0,21.7,22.9
2001-05-03,7.0,5.9,3.0
2001-05-04,31.0,0.0,0.0
2001-05-05,1.0,18.8,17.2
2001-05-06,3.0,33.8,43.0
2001-05-07,28.0,8.6,5.7
2001-05-08,13.0,4.2,1.4
2001-05-09,6.0,57.8,81.4
2001-05-10,79.0,12.4,9.9
2001-05-11,28.0,10.8,11.1
2001-05-12,0.0,0.0,0.0
2001-05-13,2.0,0.0,0.0
2001-05-14,0.0,0.0,0.0
2001-05-15,0.0,0.1,0.0
2001-05-16,0.0,0.0,0.0
2001-05-17,2.0,0.0,0.0
2001-05-18,0.0,0.0,0.0
2001-05-19,1.0,12.5,12.9
2001-05-20,90.0,40.2,45.7
2001-05-21,24.0,1.9,1.4
2001-05-22,0.0,13.0,14.1
2001-05-23,9.0,23.7,28.7
2001-05-24,13.0,6.4,6.6
2001-05-25,3.0,1.7,1.3
2001-05-26,5.0,0.9,1.0
2001-05-27,7.0,8.8,9.3
2001-05-28,27.0,79.8,143.5
2001-05-29,15.0,1.7,1.2
2001-05-30,3.0,0.2,0.0
2001-05-31,0.0,13.6,14.8
2001-06-01,15.0,18.2,20.2
2001-06-02,1.0,11.4,13.0
2001-06-03,0.0,2.0,2.8
2001-06-04,2.0,3.5,4.4
2001-06-06,10.0,0.6,0.0
2001-06-07,0.0,0.2,0.0
2001-06-08,6.0,0.7,0.0
2001-06-09,13.0,2.8,3.6
2001-06-10,0.0,11.2,12.7
2001-06-11,7.0,24.0,26.2
2001-06-12,0.0,3.9,4.0
2001-06-13,0.0,10.4,11.3
2001-06-14,0.0,18.8,20.5
2001-06-15,7.0,41.1,48.4
2001-06-16,46.0,111.4,130.6
2001-06-17,79.0,7.6,8.2
2001-06-18,45.0,20.1,21.9
2001-06-19,0.0,7.0,7.5
2001-06-20,14.0,11.8,12.9
2001-06-22,30.0,13.5,17.5
2001-06-23,32.0,9.5,12.1
2001-06-24,36.0,9.1,11.7
2001-06-25,30.0,85.3,138.2
2001-06-26,174.0,49.5,71.8
2001-06-27,38.0,0.0,0.0
2001-06-28,0.0,0.1,0.0
2001-06-29,0.0,0.1,0.0
2001-06-30,0.0,2.3,3.1
2001-07-01,0.0,2.8,6.0
2001-07-02,0.0,0.0,0.0
2001-07-03,0.0,0.0,0.0
2001-07-04,0.0,0.0,0.0
2001-07-05,0.0,0.0,0.0
2001-07-06,0.0,0.0,0.0
2001-07-07,0.0,0.0,0.0
2001-07-08,0.0,0.0,0.0
2001-07-09,0.0,0.0,0.0
2001-07-10,0.0,0.0,0.0
2001-07-11,0.0,0.0,0.0
2001-07-12,0.0,0.0,0.0
2001-07-13,0.0,3.0,7.6
2001-07-14,0.0,0.2,0.0
2001-07-15,0.0,1.8,6.0
2001-07-16,0.0,1.7,5.9
2001-07-17,0.0,0.2,0.0
2001-07-18,6.0,0.9,4.7
2001-07-19,2.0,1.5,5.7
2001-07-20,38.0,4.8,9.8
2001-07-21,7.0,19.9,31.9
2001-07-22,10.0,4.2,9.7
2001-07-23,6.0,17.4,26.2
2001-07-24,13.0,7.8,14.6
2001-07-25,15.0,5.5,11.5
2001-07-26,63.0,12.7,20.6
2001-07-27,20.0,1.6,5.8
2001-07-28,23.0,7.7,14.4
2001-07-29,20.0,5.2,11.2
2001-07-30,7.0,14.0,22.3
2001-07-31,1.0,0.2,0.0
2001-08-01,13.0,0.5,0.0
2001-08-02,2.0,7.0,11.3
2001-08-03,4.0,0.3,0.0
2001-08-04,0.0,2.4,6.1
2001-08-05,5.0,0.3,0.0
2001-08-06,2.0,4.4,8.4
2001-08-07,0.0,6.9,11.2
2001-08-08,2.0,0.5,0.0
2001-08-09,0.0,0.3,0.0
2001-08-10,0.0,0.0,0.0
2001-08-11,0.0,0.0,0.0
2001-08-12,1.0,11.8,20.9
2001-08-13,1.0,1.9,6.3
2001-08-14,1.0,0.3,0.0
2001-08-15,3.0,0.0,0.0
2001-08-16,3.0,0.0,0.0
2001-08-17,0.0,0.0,0.0
2001-08-18,2.0,0.0,0.0
2001-08-19,6.0,0.0,0.0
2001-08-20,0.0,0.1,0.0
2001-08-21,0.0,0.0,0.0
2001-08-22,0.0,0.0,0.0
2001-08-23,0.0,0.8,2.9
2001-08-24,0.0,0.0,0.0
2001-08-25,0.0,0.1,0.0
2001-08-26,0.0,0.0,0.0
2001-08-27,0.0,5.7,9.4
2001-08-28,0.0,5.1,8.6
2001-08-29,3.0,0.0,0.0
2001-08-30,0.0,0.1,0.0
2001-08-31,0.0,0.1,0.0
2001-09-01,0.0,0.1,0.0
2001-09-02,0.0,0.0,0.0
2001-09-03,1.0,0.0,0.0
2001-09-04,26.0,13.9,17.9
2001-09-05,0.0,0.1,0.0
2001-09-06,2.0,0.0,0.0
2001-09-07,34.0,66.6,122.2
2001-09-08,0.0,2.4,2.1
2001-09-09,2.0,0.6,0.0
2001-09-10,8.0,4.1,4.2
2001-09-11,0.0,6.0,8.0
2001-09-12,2.0,0.2,0.0
2001-09-13,7.0,28.3,40.9
2001-09-14,2.0,1.0,2.1
2001-09-15,1.0,0.3,0.0
2001-09-16,0.0,0.2,0.0
2001-09-18,0.0,1.0,2.1
2001-09-19,1.0,3.8,5.4
2001-09-20,4.0,0.1,0.0
2001-09-21,1.0,3.1,2.2
2001-09-22,4.0,2.3,1.4
2001-09-23,11.0,19.1,19.2
2001-09-24,6.0,7.9,7.2
2001-09-25,44.0,23.7,26.7
2001-09-26,1.0,1.3,1.0
2001-09-27,7.0,17.3,16.8
2001-09-28,5.0,1.5,1.0
2001-09-29,6.0,22.7,25.5
2001-09-30,21.0,40.8,54.4
2001-10-01,2.0,8.8,7.8
2001-10-02,1.0,0.5,0.0
2001-10-03,7.0,8.6,7.8
2001-10-04,0.0,5.4,4.5
2001-10-05,0.0,0.0,0.0
2001-10-06,0.0,0.3,0.0
2001-10-07,11.0,22.4,33.7
2001-10-08,10.0,3.8,2.7
2001-10-09,0.0,10.1,10.6
2001-10-10,33.0,32.2,50.0
2001-10-11,0.0,7.7,3.5
2001-10-12,0.0,6.1,2.2
2001-10-13,0.0,1.1,0.0
2001-10-14,0.0,9.0,4.8
2001-10-15,0.0,4.1,1.0
2001-10-16,0.0,4.3,1.0
2001-10-17,0.0,0.5,0.0
2001-10-18,0.0,0.0,0.0
2001-10-19,1.0,0.7,0.0
2001-10-20,0.0,0.4,0.0
2001-10-21,0.0,0.0,0.0
2001-10-22,0.0,0.3,0.0
2001-10-23,0.0,0.0,0.0
2001-10-24,0.0,0.1,0.0
2001-10-25,14.0,3.8,1.0
2001-10-26,14.0,1.4,0.0
2001-10-27,0.0,3.8,1.0
2001-10-28,0.0,2.5,0.0
2001-10-29,4.0,10.6,7.2
2001-10-30,0.0,11.3,7.0
2001-10-31,0.0,15.1,12.2
2001-11-01,4.0,9.8,6.6
2001-11-02,0.0,0.6,0.0
2001-11-03,0.0,3.9,1.0
2001-11-04,34.0,13.4,15.9
2001-11-05,0.0,4.0,1.0
2001-11-06,0.0,1.4,0.0
2001-11-07,9.0,17.1,22.9
2001-11-08,0.0,4.4,1.3
2001-11-09,0.0,8.4,5.5
2001-11-10,3.0,0.7,0.0
2001-11-11,0.0,1.2,0.0
2001-11-12,0.0,1.7,0.0
2001-11-13,21.0,15.8,17.5
2001-11-14,1.0,0.1,0.0
2001-11-15,1.0,0.0,0.0
2001-11-16,34.0,0.7,0.0
2001-11-17,0.0,1.2,0.0
2001-11-18,0.0,0.6,0.0
2001-11-19,0.0,1.8,0.0
2001-11-20,0.0,0.2,0.0
2001-11-21,0.0,0.1,0.0
2001-11-22,25.0,2.1,0.0
2001-11-23,97.0,28.1,38.6
2001-11-24,2.0,4.4,0.0
2001-11-25,0.0,1.3,0.0
2001-11-26,0.0,3.5,0.0
2001-11-27,3.0,1.3,0.0
2001-11-28,13.0,16.7,19.8
2001-11-29,2.0,18.3,22.3
2001-11-30,0.0,3.6,0.0
2001-12-01,0.0,1.4,0.0
2001-12-02,6.0,20.9,34.1
2001-12-03,0.0,1.9,0.0
2001-12-04,42.0,5.1,1.0
2001-12-05,7.0,1.7,0.0
2001-12-06,0.0,3.6,0.0
2001-12-07,36.0,25.2,41.3
2001-12-08,1.0,6.3,2.3
2001-12-09,0.0,0.2,0.0
2001-12-10,0.0,0.3,0.0
2001-12-11,25.0,1.8,0.0
2001-12-12,32.0,8.4,7.4
2001-12-13,0.0,0.1,0.0
2001-12-14,0.0,0.2,0.0
2001-12-15,2.0,2.7,0.0
2001-12-16,0.0,1.6,0.0
2001-12-17,0.0,1.1,0.0
2001-12-18,5.0,0.6,0.0
2001-12-19,0.0,0.0,0.0
2001-12-21,1.0,0.1,0.0
2001-12-22,0.0,0.2,0.0
2001-12-23,0.0,0.1,0.0
2001-12-24,0.0,2.7,0.0
2001-12-25,14.0,8.3,4.3
2001-12-26,12.0,7.8,3.7
2001-12-27,11.0,3.1,0.0
2001-12-29,0.0,5.2,1.2
2001-12-30,2.0,1.0,0.0
2001-12-31,6.0,0.9,0.0
2002-01-01,5.0,0.6,0.0
2002-01-02,6.0,3.0,0.0
2002-01-03,3.0,3.8,1.0
2002-01-04,0.0,0.3,0.0
2002-01-05,0.0,1.7,0.0
2002-01-06,0.0,0.9,0.0
2002-01-07,0.0,0.0,0.0
2002-01-08,0.0,1.8,0.0
2002-01-09,0.0,1.9,0.0
2002-01-10,1.0,6.8,3.2
2002-01-11,6.0,0.7,0.0
2002-01-12,0.0,0.9,0.0
2002-01-13,0.0,4.5,1.8
2002-01-14,0.0,0.6,0.0
2002-01-15,0.0,0.4,0.0
2002-01-16,0.0,0.6,0.0
2002-01-17,0.0,4.8,2.2
2002-01-18,0.0,1.6,0.0
2002-01-19,0.0,2.3,0.0
2002-01-20,0.0,1.6,0.0
2002-01-21,0.0,1.8,0.0
2002-01-22,12.0,1.8,0.0
2002-01-23,3.0,4.1,2.2
2002-01-24,16.0,8.5,6.4
2002-01-25,0.0,3.0,1.1
2002-01-26,0.0,0.4,0.0
2002-01-27,0.0,0.1,0.0
2002-01-28,0.0,1.0,0.0
2002-01-29,23.0,0.9,0.0
2002-01-30,0.0,14.3,14.8
2002-01-31,1.0,1.5,0.0
2002-02-01,0.0,0.3,0.0
2002-02-02,0.0,0.8,0.0
2002-02-03,3.0,6.0,3.0
2002-02-04,0.0,0.5,0.0
2002-02-05,12.0,3.1,1.0
2002-02-06,0.0,0.0,0.0
2002-02-07,0.0,0.8,0.0
2002-02-08,0.0,4.2,1.3
2002-02-09,3.0,0.3,0.0
2002-02-10,0.0,4.0,1.1
2002-02-11,0.0,1.6,0.0
2002-02-12,0.0,6.7,5.0
2002-02-13,0.0,7.3,5.9
2002-02-14,0.0,5.2,2.8
2002-02-15,3.0,3.1,0.0
2002-02-16,0.0,0.2,0.0
2002-02-17,1.0,0.1,0.0
2002-02-18,2.0,3.9,1.0
2002-02-19,0.0,0.4,0.0
2002-02-20,0.0,0.1,0.0
2002-02-21,0.0,0.0,0.0
2002-02-22,0.0,0.3,0.0
2002-02-23,0.0,0.0,0.0
2002-02-24,0.0,33.6,36.8
2002-02-25,1.0,4.4,2.8
2002-02-26,0.0,6.8,5.4
2002-02-27,0.0,1.9,0.0
2002-02-28,0.0,1.3,0.0
2002-03-01,0.0,0.1,0.0
2002-03-02,1.0,1.3,0.0
2002-03-03,0.0,0.2,0.0
2002-03-04,0.0,0.0,0.0
2002-03-05,39.0,9.7,5.4
2002-03-06,1.0,5.7,2.3
2002-03-07,6.0,8.6,4.5
2002-03-08,2.0,10.9,6.5
2002-03-09,0.0,1.5,0.0
2002-03-10,3.0,1.8,0.0
2002-03-11,3.0,4.6,2.6
2002-03-12,9.0,1.5,0.0
2002-03-13,0.0,1.2,0.0
2002-03-14,0.0,2.3,1.0
2002-03-15,0.0,0.9,0.0
2002-03-16,0.0,0.2,0.0
2002-03-17,4.0,0.2,0.0
2002-03-18,20.0,2.5,1.0
2002-03-19,0.0,0.8,0.0
2002-03-20,25.0,0.6,0.0
2002-03-21,0.0,0.8,0.0
2002-03-22,4.0,31.0,37.3
2002-03-23,2.0,19.2,18.1
2002-03-24,0.0,1.1,0.0
2002-03-25,3.0,1.2,0.0
2002-03-26,0.0,1.9,0.0
2002-03-27,37.0,24.0,26.7
2002-03-28,8.0,18.4,16.2
2002-03-29,5.0,9.9,7.7
2002-03-30,0.0,1.9,0.0
2002-03-31,0.0,0.4,0.0
2002-04-01,0.0,4.3,2.0
2002-04-02,0.0,0.2,0.0
2002-04-03,0.0,0.5,0.0
2002-04-05,0.0,0.0,0.0
2002-04-06,5.0,0.1,0.0
2002-04-07,0.0,0.6,0.0
2002-04-08,0.0,10.7,8.3
2002-04-09,0.0,9.6,7.2
2002-04-10,0.0,2.8,1.0
2002-04-11,9.0,0.3,0.0
2002-04-12,0.0,0.6,0.0
2002-04-13,0.0,0.0,0.0
2002-04-14,0.0,0.3,0.0
2002-04-15,2.0,13.4,12.7
2002-04-16,26.0,13.3,12.7
2002-04-17,0.0,6.0,4.8
2002-04-18,0.0,0.2,0.0
2002-04-19,0.0,0.1,0.0
2002-04-20,0.0,1.1,0.0
2002-04-21,0.0,0.3,0.0
2002-04-22,0.0,0.0,0.0
2002-04-24,5.0,5.4,3.4
2002-04-25,0.0,6.4,4.4
2002-04-26,1.0,3.2,1.0
2002-04-27,6.0,10.0,8.8
2002-04-28,8.0,12.1,11.3
2002-04-29,0.0,3.3,1.2
2002-04-30,11.0,23.1,31.9
2002-05-01,93.0,34.1,42.9
2002-05-02,3.0,17.3,15.5
2002-05-03,11.0,9.3,6.5
2002-05-04,0.0,2.8,1.0
2002-05-05,8.0,4.4,1.5
2002-05-06,0.0,7.0,4.1
2002-05-07,19.0,8.4,5.5
2002-05-08,0.0,3.7,1.0
2002-05-09,0.0,15.3,13.2
2002-05-10,10.0,3.1,1.0
2002-05-11,1.0,3.3,2.7
2002-05-12,0.0,0.1,0.0
2002-05-13,0.0,0.0,0.0
2002-05-14,0.0,0.0,0.0
2002-05-15,0.0,0.0,0.0
2002-05-16,0.0,0.0,0.0
2002-05-17,13.0,0.0,0.0
2002-05-18,0.0,0.2,0.0
2002-05-19,0.0,0.3,0.0
2002-05-20,0.0,0.0,0.0
2002-05-21,0.0,0.0,0.0
2002-05-22,0.0,0.0,0.0
2002-05-23,0.0,0.5,0.0
2002-05-24,2.0,0.0,0.0
2002-05-25,0.0,0.3,0.0
2002-05-26,0.0,0.0,0.0
2002-05-27,0.0,3.7,3.5
2002-05-28,0.0,0.0,0.0
2002-05-29,11.0,10.6,11.4
2002-05-30,2.0,0.2,0.0
2002-05-31,7.0,0.2,0.0
2002-06-01,9.0,17.6,19.6
2002-06-02,1.0,0.3,0.0
2002-06-03,3.0,0.7,0.0
2002-06-04,0.0,0.1,0.0
2002-06-05,0.0,0.3,0.0
2002-06-06,1.0,0.3,0.0
2002-06-08,3.0,0.0,0.0
2002-06-09,5.0,0.2,0.0
2002-06-10,0.0,0.1,0.0
2002-06-11,0.0,1.2,1.0
2002-06-12,0.0,0.0,0.0
2002-06-13,0.0,2.5,2.4
2002-06-14,0.0,0.1,0.0
2002-06-16,0.0,6.1,6.5
2002-06-17,1.0,1.3,1.1
2002-06-18,0.0,2.8,2.8
2002-06-19,2.0,2.4,2.3
2002-06-20,9.0,5.0,5.2
2002-06-21,71.0,83.8,134.6
2002-06-22,2.0,1.7,2.4
2002-06-23,1.0,0.3,0.0
2002-06-24,0.0,0.4,0.0
2002-06-25,7.0,0.9,1.5
2002-06-26,0.0,9.3,11.9
2002-06-27,6.0,0.0,0.0
2002-06-28,0.0,0.2,0.0
2002-06-29,2.0,0.1,0.0
2002-06-30,0.0,0.1,0.0
2002-07-01,6.0,0.0,0.0
2002-07-02,7.0,0.9,3.5
2002-07-03,0.0,0.1,0.0
2002-07-04,3.0,0.5,0.0
2002-07-05,0.0,0.0,0.0
2002-07-06,19.0,0.1,0.0
2002-07-07,2.0,0.1,0.0
2002-07-08,3.0,0.3,0.0
2002-07-09,0.0,0.1,0.0
2002-07-10,0.0,0.2,0.0
2002-07-11,0.0,0.0,0.0
2002-07-12,1.0,0.1,0.0
2002-07-13,0.0,0.9,4.8
2002-07-14,0.0,0.0,0.0
2002-07-15,0.0,0.0,0.0
2002-07-16,0.0,0.1,0.0
2002-07-17,5.0,0.2,0.0
2002-07-18,0.0,0.0,0.0
2002-07-19,0.0,0.0,0.0
2002-07-20,0.0,0.0,0.0
2002-07-21,0.0,0.1,0.0
2002-07-22,1.0,0.2,0.0
2002-07-23,8.0,0.5,0.0
2002-07-24,1.0,0.0,0.0
2002-07-25,0.0,0.4,0.0
2002-07-26,0.0,0.0,0.0
2002-07-27,0.0,1.3,5.5
2002-07-28,0.0,0.0,0.0
2002-07-29,0.0,0.1,0.0
2002-07-30,0.0,0.0,0.0
2002-07-31,0.0,0.3,0.0
2002-08-01,0.0,0.4,0.0
2002-08-02,1.0,0.4,0.0
2002-08-03,2.0,0.0,0.0
2002-08-04,2.0,0.2,0.0
2002-08-05,2.0,1.9,5.3
2002-08-06,0.0,0.7,0.0
2002-08-07,0.0,3.5,7.4
2002-08-08,0.0,1.6,5.0
2002-08-09,0.0,0.0,0.0
2002-08-10,1.0,0.3,0.0
2002-08-11,1.0,9.5,17.6
2002-08-12,2.0,0.8,4.1
2002-08-13,9.0,1.1,4.7
2002-08-14,1.0,0.5,0.0
2002-08-15,0.0,0.0,0.0
2002-08-16,4.0,1.2,4.9
2002-08-17,0.0,0.1,0.0
2002-08-18,0.0,1.2,4.9
2002-08-19,0.0,0.0,0.0
2002-08-20,0.0,0.0,0.0
2002-08-21,0.0,0.4,0.0
2002-08-22,0.0,0.0,0.0
2002-08-23,0.0,0.0,0.0
2002-08-24,0.0,0.0,0.0
2002-08-25,0.0,0.0,0.0
2002-08-26,0.0,0.0,0.0
2002-08-27,1.0,0.0,0.0
2002-08-28,0.0,0.0,0.0
2002-08-29,2.0,0.1,0.0
2002-08-30,1.0,1.4,3.8
2002-08-31,0.0,0.0,0.0
2002-09-01,0.0,0.0,0.0
2002-09-02,5.0,0.1,0.0
2002-09-03,0.0,1.3,1.0
2002-09-04,0.0,0.0,0.0
2002-09-05,0.0,0.0,0.0
2002-09-06,0.0,0.0,0.0
2002-09-07,0.0,0.0,0.0
2002-09-08,0.0,0.0,0.0
2002-09-09,0.0,0.1,0.0
2002-09-10,0.0,0.3,0.0
2002-09-11,5.0,0.5,0.0
2002-09-12,0.0,0.1,0.0
2002-09-13,0.0,0.0,0.0
2002-09-14,0.0,0.0,0.0
2002-09-15,0.0,0.0,0.0
2002-09-16,0.0,0.3,0.0
2002-09-17,0.0,0.4,0.0
2002-09-18,65.0,0.0,0.0
2002-09-19,0.0,0.0,0.0
2002-09-20,0.0,0.1,0.0
2002-09-21,0.0,0.0,0.0
2002-09-22,0.0,0.0,0.0
2002-09-23,50.0,0.3,0.0
2002-09-24,2.0,6.1,5.2
2002-09-25,0.0,0.0,0.0
2002-09-26,0.0,0.0,0.0
2002-09-27,0.0,0.0,0.0
2002-09-28,0.0,0.0,0.0
2002-09-29,1.0,2.6,1.7
2002-09-30,4.0,1.2,1.0
2002-10-01,9.0,2.0,1.0
2002-10-02,0.0,0.0,0.0
2002-10-03,5.0,5.8,4.9
2002-10-04,0.0,0.0,0.0
2002-10-05,0.0,0.0,0.0
2002-10-06,0.0,0.0,0.0
2002-10-07,0.0,0.0,0.0
2002-10-08,0.0,0.0,0.0
2002-10-09,0.0,0.0,0.0
2002-10-10,0.0,0.0,0.0
2002-10-11,0.0,1.1,0.0
2002-10-12,0.0,0.0,0.0
2002-10-13,5.0,0.6,0.0
2002-10-14,0.0,1.1,0.0
2002-10-15,0.0,0.1,0.0
2002-10-16,0.0,0.0,0.0
2002-10-17,0.0,0.0,0.0
2002-10-18,0.0,0.0,0.0
2002-10-19,0.0,0.0,0.0
2002-10-20,0.0,0.0,0.0
2002-10-21,0.0,0.0,0.0
2002-10-22,0.0,0.0,0.0
2002-10-23,0.0,0.0,0.0
2002-10-24,0.0,0.0,0.0
2002-10-25,0.0,0.1,0.0
2002-10-26,0.0,0.0,0.0
2002-10-27,0.0,0.0,0.0
2002-10-28,0.0,0.0,0.0
2002-10-29,0.0,0.0,0.0
2002-10-30,6.0,4.0,1.0
2002-10-31,0.0,2.5,0.0
2002-11-01,0.0,0.0,0.0
2002-11-02,0.0,0.4,0.0
2002-11-03,7.0,5.1,1.9
2002-11-04,0.0,1.3,0.0
2002-11-05,0.0,2.2,0.0
2002-11-06,0.0,1.1,0.0
2002-11-07,0.0,0.1,0.0
2002-11-08,0.0,0.7,0.0
2002-11-09,0.0,0.6,0.0
2002-11-10,0.0,1.3,0.0
2002-11-11,0.0,0.1,0.0
2002-11-12,0.0,0.0,0.0
2002-11-13,11.0,1.7,0.0
2002-11-14,2.0,0.7,0.0
2002-11-15,0.0,6.3,3.4
2002-11-16,0.0,6.1,2.8
2002-11-17,0.0,0.0,0.0
2002-11-18,0.0,0.3,0.0
2002-11-19,0.0,0.1,0.0
2002-11-20,0.0,0.1,0.0
2002-11-21,0.0,0.0,0.0
2002-11-22,0.0,0.2,0.0
2002-11-23,0.0,0.9,0.0
2002-11-24,0.0,1.1,0.0
2002-11-25,0.0,0.1,0.0
2002-11-26,0.0,0.4,0.0
2002-11-27,7.0,2.6,0.0
2002-11-28,0.0,2.5,0.0
2002-11-29,0.0,0.0,0.0
2002-11-30,0.0,3.1,0.0
2002-12-01,0.0,7.8,4.0
2002-12-02,0.0,0.3,0.0
2002-12-03,9.0,0.1,0.0
2002-12-04,0.0,0.6,0.0
2002-12-05,1.0,0.4,0.0
2002-12-06,0.0,0.0,0.0
2002-12-07,0.0,0.0,0.0
2002-12-08,0.0,0.4,0.0
2002-12-09,0.0,0.0,0.0
2002-12-10,0.0,0.9,0.0
2002-12-11,0.0,1.4,0.0
2002-12-12,0.0,0.2,0.0
2002-12-13,0.0,0.2,0.0
2002-12-14,0.0,0.0,0.0
2002-12-15,0.0,0.0,0.0
2002-12-16,0.0,0.6,0.0
2002-12-17,29.0,7.2,5.8
2002-12-18,0.0,0.1,0.0
2002-12-19,0.0,1.3,0.0
2002-12-20,0.0,1.9,0.0
2002-12-21,0.0,0.7,0.0
2002-12-22,0.0,0.1,0.0
2002-12-23,0.0,4.0,1.0
2002-12-24,0.0,2.8,0.0
2002-12-25,0.0,8.5,4.4
2002-12-26,32.0,7.2,3.1
2002-12-27,0.0,0.1,0.0
2002-12-28,89.0,43.4,59.6
2002-12-29,1.0,26.1,35.5
2002-12-30,25.0,43.9,60.0
2002-12-31,27.0,6.1,2.0
2003-01-01,9.0,7.4,3.7
2003-01-02,14.0,16.0,13.2
2003-01-03,1.0,13.6,9.1
2003-01-04,4.0,5.0,1.6
2003-01-05,1.0,10.3,6.2
2003-01-06,0.0,1.7,0.0
2003-01-07,0.0,9.7,5.7
2003-01-08,0.0,0.0,0.0
2003-01-09,0.0,0.1,0.0
2003-01-10,2.0,13.9,10.2
2003-01-11,0.0,0.7,0.0
2003-01-12,8.0,4.7,2.1
2003-01-13,0.0,0.4,0.0
2003-01-14,0.0,1.5,0.0
2003-01-15,1.0,0.1,0.0
2003-01-16,0.0,1.8,0.0
2003-01-17,0.0,0.0,0.0
2003-01-18,0.0,0.0,0.0
2003-01-19,0.0,0.1,0.0
2003-01-20,0.0,0.0,0.0
2003-01-21,11.0,4.0,2.1
2003-01-22,0.0,0.5,0.0
2003-01-23,0.0,0.2,0.0
2003-01-24,1.0,0.1,0.0
2003-01-25,0.0,0.1,0.0
2003-01-26,0.0,0.0,0.0
2003-01-27,0.0,0.0,0.0
2003-01-28,1.0,0.3,0.0
2003-01-29,0.0,2.0,0.0
2003-01-30,0.0,3.0,1.1
2003-01-31,15.0,0.3,0.0
2003-02-01,45.0,14.2,11.1
2003-02-02,0.0,3.4,1.0
2003-02-03,1.0,6.3,3.3
2003-02-04,0.0,0.2,0.0
2003-02-05,0.0,0.1,0.0
2003-02-06,0.0,2.7,0.0
2003-02-07,2.0,2.8,0.0
2003-02-08,1.0,0.4,0.0
2003-02-09,0.0,4.4,1.5
2003-02-10,20.0,5.0,2.0
2003-02-11,0.0,3.0,0.0
2003-02-12,0.0,0.0,0.0
2003-02-13,0.0,0.3,0.0
2003-02-14,0.0,0.4,0.0
2003-02-15,6.0,2.8,0.0
2003-02-16,0.0,0.5,0.0
2003-02-17,0.0,0.4,0.0
2003-02-18,10.0,5.4,3.1
2003-02-19,1.0,7.9,6.8
2003-02-20,4.0,12.2,13.4
2003-02-21,0.0,8.9,7.6
2003-02-22,0.0,0.1,0.0
2003-02-23,0.0,3.7,2.0
2003-02-24,0.0,0.8,0.0
2003-02-25,0.0,0.4,0.0
2003-02-26,0.0,0.0,0.0
2003-02-27,0.0,0.6,0.0
2003-02-28,1.0,1.1,0.0
2003-03-01,0.0,2.6,0.0
2003-03-02,15.0,8.8,4.8
2003-03-03,0.0,1.8,0.0
2003-03-04,1.0,1.8,0.0
2003-03-05,4.0,14.1,8.9
2003-03-06,0.0,6.8,3.1
2003-03-07,0.0,2.1,0.0
2003-03-08,0.0,0.0,0.0
2003-03-09,0.0,0.0,0.0
2003-03-10,0.0,0.5,0.0
2003-03-11,0.0,2.0,1.0
2003-03-12,2.0,16.5,18.3
2003-03-13,2.0,2.8,1.0
2003-03-14,9.0,7.9,5.5
2003-03-15,2.0,1.3,0.0
2003-03-16,0.0,0.4,0.0
2003-03-17,0.0,1.0,0.0
2003-03-18,4.0,0.2,0.0
2003-03-19,0.0,0.0,0.0
2003-03-20,0.0,0.0,0.0
2003-03-21,0.0,0.2,0.0
2003-03-22,0.0,0.1,0.0
2003-03-23,0.0,0.2,0.0
2003-03-24,1.0,0.4,0.0
2003-03-25,0.0,0.0,0.0
2003-03-26,0.0,0.0,0.0
2003-03-27,11.0,0.4,0.0
2003-03-28,38.0,12.1,10.0
2003-03-29,1.0,5.4,3.0
2003-03-30,0.0,1.8,0.0
2003-03-31,7.0,19.2,17.3
2003-04-01,0.0,0.3,0.0
2003-04-02,0.0,0.2,0.0
2003-04-03,0.0,0.7,0.0
2003-04-04,0.0,0.0,0.0
2003-04-05,1.0,0.1,0.0
2003-04-06,0.0,0.1,0.0
2003-04-07,7.0,11.8,9.4
2003-04-08,4.0,39.7,43.8
2003-04-09,0.0,0.2,0.0
2003-04-10,2.0,0.1,0.0
2003-04-11,0.0,0.1,0.0
2003-04-12,10.0,0.2,0.0
2003-04-13,1.0,0.1,0.0
2003-04-14,0.0,0.1,0.0
2003-04-15,0.0,0.7,0.0
2003-04-16,33.0,3.5,2.2
2003-04-17,1.0,0.3,0.0
2003-04-18,2.0,5.3,4.1
2003-04-19,0.0,1.3,1.0
2003-04-20,4.0,16.7,16.8
2003-04-21,0.0,0.4,0.0
2003-04-22,0.0,0.3,0.0
2003-04-23,0.0,0.0,0.0
2003-04-24,19.0,2.9,1.0
2003-04-25,21.0,45.4,72.3
2003-04-26,10.0,13.7,13.4
2003-04-27,0.0,4.0,1.8
2003-04-28,47.0,24.6,35.1
2003-04-29,0.0,2.3,1.0
2003-04-30,0.0,5.3,3.3
2003-05-01,11.0,11.1,8.5
2003-05-02,5.0,13.4,11.0
2003-05-03,0.0,3.8,1.0
2003-05-04,1.0,10.9,8.2
2003-05-05,3.0,13.4,11.0
2003-05-06,27.0,51.9,72.6
2003-05-07,0.0,17.6,15.8
2003-05-08,3.0,56.0,76.4
2003-05-09,12.0,6.7,3.8
2003-05-10,10.0,9.4,6.6
2003-05-11,0.0,0.6,0.0
2003-05-12,0.0,0.5,0.0
2003-05-13,1.0,2.0,1.4
2003-05-14,0.0,0.2,0.0
2003-05-15,0.0,0.3,0.0
2003-05-16,0.0,4.3,3.8
2003-05-17,0.0,0.4,0.0
2003-05-18,0.0,0.3,0.0
2003-05-19,0.0,0.2,0.0
2003-05-20,0.0,0.0,0.0
2003-05-21,0.0,0.0,0.0
2003-05-22,0.0,0.0,0.0
2003-05-23,0.0,0.0,0.0
2003-05-24,0.0,0.1,0.0
2003-05-25,2.0,0.1,0.0
2003-05-26,1.0,0.2,0.0
2003-05-27,3.0,0.6,0.0
2003-05-28,15.0,0.1,0.0
2003-05-29,0.0,0.2,0.0
2003-05-30,0.0,0.1,0.0
2003-05-31,0.0,0.0,0.0
2003-06-01,0.0,0.0,0.0
2003-06-02,3.0,0.0,0.0
2003-06-03,0.0,0.0,0.0
2003-06-04,0.0,0.0,0.0
2003-06-05,0.0,0.0,0.0
2003-06-06,0.0,0.0,0.0
2003-06-07,0.0,0.0,0.0
2003-06-08,0.0,0.0,0.0
2003-06-09,0.0,0.0,0.0
2003-06-10,0.0,0.1,0.0
2003-06-11,0.0,0.0,0.0
2003-06-12,0.0,0.0,0.0
2003-06-13,0.0,0.0,0.0
2003-06-14,5.0,0.2,0.0
2003-06-15,0.0,0.0,0.0
2003-06-16,0.0,0.1,0.0
2003-06-17,0.0,0.0,0.0
2003-06-18,0.0,5.8,6.1
2003-06-19,6.0,2.5,2.5
2003-06-20,0.0,0.1,0.0
2003-06-21,3.0,0.0,0.0
2003-06-22,15.0,1.7,2.4
2003-06-23,0.0,0.0,0.0
2003-06-24,0.0,0.1,0.0
2003-06-25,4.0,9.2,11.9
2003-06-26,2.0,0.1,0.0
2003-06-27,6.0,0.1,0.0
2003-06-28,46.0,12.3,15.8
2003-06-29,0.0,0.1,0.0
2003-06-30,0.0,0.1,0.0
2003-07-01,15.0,4.8,8.4
2003-07-02,0.0,0.1,0.0
2003-07-03,17.0,3.0,6.2
2003-07-04,3.0,0.1,0.0
2003-07-05,22.0,18.8,24.0
2003-07-06,3.0,24.6,30.4
2003-07-07,162.0,65.4,82.7
2003-07-08,307.0,97.5,142.1
2003-07-09,25.0,7.3,11.3
2003-07-10,1.0,3.7,7.1
2003-07-11,0.0,1.5,5.7
2003-07-12,2.0,0.0,0.0
2003-07-13,15.0,12.2,18.2
2003-07-14,10.0,9.6,15.3
2003-07-15,3.0,1.6,5.7
2003-07-16,2.0,0.1,0.0
2003-07-17,2.0,0.3,0.0
2003-07-18,2.0,0.0,0.0
2003-07-19,0.0,2.2,6.6
2003-07-20,0.0,0.1,0.0
2003-07-21,0.0,2.2,6.8
2003-07-22,2.0,3.1,8.2
2003-07-23,0.0,0.3,0.0
2003-07-24,2.0,0.5,0.0
2003-07-25,40.0,28.0,45.7
2003-07-26,24.0,28.2,38.5
2003-07-27,13.0,15.4,25.4
2003-07-28,31.0,28.8,41.2
2003-07-29,1.0,5.2,11.1
2003-07-30,0.0,0.0,0.0
2003-07-31,0.0,0.0,0.0
2003-08-01,0.0,0.0,0.0
2003-08-02,0.0,0.4,0.0
2003-08-03,24.0,0.0,0.0
2003-08-04,0.0,0.5,0.0
2003-08-05,0.0,0.1,0.0
2003-08-06,0.0,2.7,6.4
2003-08-07,3.0,5.5,9.7
2003-08-08,1.0,0.2,0.0
2003-08-09,0.0,0.0,0.0
2003-08-10,0.0,0.0,0.0
2003-08-11,0.0,1.2,4.8
2003-08-12,13.0,8.6,16.8
2003-08-13,6.0,0.7,3.8
2003-08-14,0.0,2.7,7.7
2003-08-15,40.0,5.8,12.7
2003-08-16,5.0,0.7,3.7
2003-08-17,6.0,0.6,0.0
2003-08-18,3.0,0.3,0.0
2003-08-19,6.0,1.7,5.9
2003-08-20,0.0,0.2,0.0
2003-08-21,25.0,0.1,0.0
2003-08-22,4.0,0.9,3.0
2003-08-23,0.0,2.0,4.5
2003-08-24,0.0,5.7,9.4
2003-08-25,0.0,0.1,0.0
2003-08-26,0.0,0.6,0.0
2003-08-27,15.0,4.9,8.3
2003-08-28,0.0,0.5,0.0
2003-08-29,0.0,0.0,0.0
2003-08-30,0.0,7.4,11.6
2003-08-31,0.0,8.6,13.2
2003-09-01,0.0,4.3,4.5
2003-09-02,0.0,1.6,1.1
2003-09-03,4.0,0.2,0.0
2003-09-04,22.0,4.3,4.5
2003-09-05,0.0,0.2,0.0
2003-09-06,0.0,0.0,0.0
2003-09-07,0.0,0.4,0.0
2003-09-08,0.0,0.0,0.0
2003-09-09,0.0,0.0,0.0
2003-09-10,0.0,0.6,0.0
2003-09-11,20.0,0.3,0.0
2003-09-12,0.0,1.2,2.3
2003-09-13,0.0,1.1,2.2
2003-09-14,0.0,5.6,7.5
2003-09-15,0.0,6.4,8.4
2003-09-16,0.0,0.2,0.0
2003-09-17,0.0,8.3,10.7
2003-09-18,9.0,12.8,15.7
2003-09-19,4.0,6.5,8.6
2003-09-20,0.0,2.1,3.4
2003-09-21,0.0,0.2,0.0
2003-09-22,0.0,0.0,0.0
2003-09-23,0.0,0.0,0.0
2003-09-24,0.0,0.3,0.0
2003-09-25,0.0,0.0,0.0
2003-09-26,3.0,2.2,1.3
2003-09-27,4.0,0.7,0.0
2003-09-28,0.0,0.1,0.0
2003-09-29,15.0,5.4,4.5
2003-09-30,0.0,1.2,1.0
2003-10-01,0.0,0.0,0.0
2003-10-02,0.0,0.3,0.0
2003-10-03,0.0,0.0,0.0
2003-10-04,0.0,0.0,0.0
2003-10-05,0.0,0.9,0.0
2003-10-06,0.0,3.9,2.7
2003-10-07,0.0,5.0,4.0
2003-10-08,5.0,0.0,0.0
2003-10-09,0.0,0.4,0.0
2003-10-10,22.0,0.7,0.0
2003-10-11,0.0,3.5,1.0
2003-10-12,7.0,1.5,0.0
2003-10-13,0.0,13.4,9.1
2003-10-14,0.0,4.5,1.0
2003-10-15,0.0,5.6,1.8
2003-10-16,13.0,3.8,1.0
2003-10-17,3.0,7.5,3.4
2003-10-18,2.0,0.5,0.0
2003-10-19,1.0,0.0,0.0
2003-10-20,0.0,0.0,0.0
2003-10-21,0.0,0.0,0.0
2003-10-22,0.0,0.3,0.0
2003-10-23,5.0,0.9,0.0
2003-10-24,0.0,0.1,0.0
2003-10-25,0.0,0.1,0.0
2003-10-26,0.0,4.6,1.4
2003-10-27,2.0,9.1,5.6
2003-10-28,0.0,0.0,0.0
2003-10-29,0.0,0.0,0.0
2003-10-30,0.0,0.1,0.0
2003-10-31,0.0,0.9,0.0
2003-12-01,3.0,5.6,1.5
2003-12-02,0.0,5.1,1.0
2003-12-03,0.0,4.6,1.0
2003-12-04,2.0,2.0,0.0
2003-12-05,0.0,7.4,3.6
2003-12-06,0.0,1.8,0.0
2003-12-07,8.0,1.9,0.0
2003-12-08,18.0,26.6,42.7
2003-12-09,0.0,0.7,0.0
2003-12-10,0.0,2.7,0.0
2003-12-11,0.0,2.2,0.0
2003-12-12,13.0,19.2,29.1
2003-12-13,6.0,10.4,11.3
2003-12-14,0.0,4.9,2.7
2003-12-15,5.0,6.8,5.3
2003-12-16,0.0,12.0,12.5
2003-12-17,0.0,4.3,1.9
2003-12-18,0.0,7.7,6.5
2003-12-19,0.0,5.9,4.0
2003-12-20,0.0,6.0,4.2
2003-12-21,0.0,2.1,0.0
2003-12-22,0.0,14.2,10.2
2003-12-23,0.0,9.7,5.7
2003-12-24,0.0,3.3,0.0
2003-12-25,20.0,10.1,6.2
2003-12-26,0.0,4.8,1.0
2003-12-27,17.0,24.7,31.8
2003-12-28,10.0,1.4,0.0
2003-12-29,0.0,0.7,0.0
2003-12-30,0.0,1.1,0.0
2003-12-31,0.0,4.0,1.0
2004-01-01,0.0,0.8,0.0
2004-01-02,0.0,3.1,0.0
2004-01-03,0.0,11.8,7.6
2004-01-04,4.0,8.0,4.2
2004-01-05,0.0,0.4,0.0
2004-01-06,0.0,0.9,0.0
2004-01-07,0.0,0.7,0.0
2004-01-08,0.0,0.0,0.0
2004-01-09,0.0,0.0,0.0
2004-01-10,0.0,0.1,0.0
2004-01-11,0.0,0.0,0.0
2004-01-12,2.0,0.0,0.0
2004-01-13,4.0,0.1,0.0
2004-01-14,0.0,3.0,1.0
2004-01-15,0.0,0.4,0.0
2004-01-16,7.0,0.1,0.0
2004-01-17,6.0,0.0,0.0
2004-01-18,3.0,0.2,0.0
2004-01-19,6.0,8.6,6.3
2004-01-20,0.0,0.8,0.0
2004-01-21,1.0,11.9,9.4
2004-01-22,0.0,2.0,1.0
2004-01-23,0.0,2.5,1.0
2004-01-24,0.0,0.3,0.0
2004-01-25,0.0,3.3,1.4
2004-01-26,2.0,7.6,5.5
2004-01-27,0.0,0.7,0.0
2004-01-28,1.0,2.0,0.0
2004-01-29,4.0,9.5,7.3
2004-01-30,0.0,1.1,0.0
2004-01-31,39.0,23.2,23.9
2004-02-01,2.0,10.4,7.4
2004-02-02,0.0,4.6,1.6
2004-02-03,0.0,8.7,5.8
2004-02-04,0.0,5.3,2.3
2004-02-05,0.0,14.7,13.7
2004-02-06,0.0,2.2,0.0
2004-02-07,0.0,0.3,0.0
2004-02-08,20.0,20.8,22.0
2004-02-09,0.0,4.1,1.2
2004-02-10,0.0,0.3,0.0
2004-02-11,0.0,0.0,0.0
2004-02-12,0.0,0.1,0.0
2004-02-13,0.0,1.7,0.0
2004-02-14,5.0,19.7,31.1
2004-02-15,0.0,0.0,0.0
2004-02-16,10.0,12.5,13.7
2004-02-17,0.0,0.0,0.0
2004-02-18,6.0,4.0,1.1
2004-02-19,0.0,8.5,8.1
2004-02-20,0.0,4.6,2.0
2004-02-21,0.0,0.3,0.0
2004-02-22,10.0,1.6,0.0
2004-02-23,0.0,6.6,5.2
2004-02-24,5.0,11.8,10.3
2004-02-25,3.0,6.8,5.3
2004-02-26,2.0,6.0,4.6
2004-02-27,28.0,2.7,1.0
2004-02-28,10.0,3.2,1.5
2004-02-29,0.0,0.4,0.0
2004-03-01,0.0,0.1,0.0
2004-03-02,2.0,1.5,0.0
2004-03-03,0.0,0.4,0.0
2004-03-04,18.0,27.6,22.5
2004-03-05,25.0,19.1,13.1
2004-03-06,0.0,6.7,3.0
2004-03-07,12.0,8.3,4.3
2004-03-08,11.0,44.9,59.8
2004-03-09,0.0,0.9,0.0
2004-03-10,0.0,4.4,1.3
2004-03-11,7.0,22.0,25.5
2004-03-12,22.0,38.2,44.6
2004-03-13,2.0,5.2,3.1
2004-03-14,0.0,4.7,2.7
2004-03-15,2.0,0.7,0.0
2004-03-16,1.0,0.1,0.0
2004-03-17,0.0,0.0,0.0
2004-03-18,0.0,0.1,0.0
2004-03-19,0.0,0.0,0.0
2004-03-20,0.0,0.0,0.0
2004-03-21,0.0,0.0,0.0
2004-03-22,0.0,0.0,0.0
2004-03-23,0.0,0.0,0.0
2004-03-24,0.0,0.1,0.0
2004-03-25,0.0,0.0,0.0
2004-03-26,0.0,0.4,0.0
2004-03-27,0.0,0.2,0.0
2004-03-28,0.0,0.1,0.0
2004-03-29,6.0,2.0,0.0
2004-03-30,0.0,0.0,0.0
2004-03-31,0.0,2.1,0.0
2004-04-01,4.0,0.9,0.0
2004-04-02,0.0,5.9,3.5
2004-04-03,22.0,0.2,0.0
2004-04-04,4.0,5.8,3.4
2004-04-05,24.0,9.5,7.0
2004-04-06,0.0,1.8,0.0
2004-04-07,0.0,0.7,0.0
2004-04-08,73.0,19.8,17.4
2004-04-09,0.0,0.3,0.0
2004-04-10,7.0,0.8,0.0
2004-04-11,0.0,0.1,0.0
2004-04-12,4.0,0.5,0.0
2004-04-13,0.0,8.6,7.6
2004-04-14,0.0,0.7,0.0
2004-04-15,46.0,19.2,21.6
2004-04-16,40.0,6.0,4.8
2004-04-17,10.0,2.2,1.0
2004-04-18,0.0,0.5,0.0
2004-04-19,0.0,0.2,0.0
2004-04-20,2.0,13.8,13.4
2004-04-21,0.0,1.1,0.0
2004-04-22,0.0,0.0,0.0
2004-04-23,2.0,23.0,31.4
2004-04-24,53.0,55.4,88.1
2004-04-25,48.0,12.3,11.6
2004-04-26,0.0,0.7,0.0
2004-04-27,3.0,0.3,0.0
2004-04-28,0.0,1.7,0.0
2004-04-29,0.0,1.0,0.0
2004-04-30,0.0,1.6,0.0
2004-05-01,0.0,1.0,0.0
2004-05-02,21.0,27.7,29.9
2004-05-03,0.0,8.6,5.8
2004-05-04,3.0,36.9,47.6
2004-05-05,4.0,124.9,106.3
2004-05-06,5.0,5.0,2.1
2004-05-07,1.0,9.1,6.2
2004-05-08,48.0,45.5,61.8
2004-05-09,14.0,38.0,50.7
2004-05-10,52.0,34.0,43.3
2004-05-11,0.0,0.8,0.0
2004-05-12,0.0,0.2,0.0
2004-05-13,0.0,0.0,0.0
2004-05-14,0.0,0.0,0.0
2004-05-15,0.0,0.1,0.0
2004-05-16,0.0,0.0,0.0
2004-05-17,0.0,0.0,0.0
2004-05-18,0.0,0.8,0.0
2004-05-19,0.0,0.2,0.0
2004-05-20,0.0,9.3,9.4
2004-05-21,7.0,13.5,14.7
2004-05-22,0.0,0.4,0.0
2004-05-23,0.0,1.5,1.0
2004-05-24,0.0,8.7,9.2
2004-05-25,0.0,2.3,1.9
2004-05-26,0.0,5.5,5.6
2004-05-27,4.0,1.2,1.0
2004-05-28,0.0,0.8,0.0
2004-05-29,7.0,24.5,28.8
2004-05-30,0.0,0.1,0.0
2004-05-31,0.0,5.8,6.0
2004-06-01,0.0,3.5,4.4
2004-06-02,28.0,21.0,23.1
2004-06-03,5.0,11.1,12.6
2004-06-04,0.0,1.0,1.6
2004-06-05,0.0,1.1,1.7
2004-06-06,1.0,3.1,3.9
2004-06-07,6.0,20.5,22.7
2004-06-08,45.0,16.7,18.6
2004-06-09,17.0,14.8,16.6
2004-06-10,33.0,45.7,53.5
2004-06-11,45.0,60.6,77.5
2004-06-12,2.0,3.5,3.6
2004-06-13,2.0,0.0,0.0
2004-06-14,1.0,6.3,6.7
2004-06-15,16.0,0.5,0.0
2004-06-16,31.0,10.7,11.6
2004-06-17,24.0,8.1,8.8
2004-06-18,2.0,5.6,5.9
2004-06-19,6.0,0.3,0.0
2004-06-20,0.0,0.2,0.0
2004-06-21,0.0,0.4,0.0
2004-06-22,5.0,0.1,0.0
2004-06-23,1.0,0.1,0.0
2004-06-24,0.0,0.7,0.0
2004-06-25,0.0,0.0,0.0
2004-06-26,1.0,0.3,0.0
2004-06-27,18.0,1.1,1.7
2004-06-28,44.0,6.0,7.7
2004-06-29,5.0,0.7,0.0
2004-06-30,0.0,0.0,0.0
2004-07-01,6.0,0.1,0.0
2004-07-02,5.0,2.6,5.7
2004-07-03,0.0,0.0,0.0
2004-07-04,0.0,0.1,0.0
2004-07-05,4.0,0.1,0.0
2004-07-06,29.0,6.8,10.7
2004-07-07,41.0,9.9,14.2
2004-07-08,13.0,4.2,7.7
2004-07-09,5.0,1.0,3.7
2004-07-10,1.0,2.4,5.5
2004-07-11,11.0,3.4,8.1
2004-07-12,16.0,3.7,8.4
2004-07-13,0.0,6.7,12.0
2004-07-14,0.0,0.1,0.0
2004-07-15,10.0,0.0,0.0
2004-07-16,21.0,0.9,4.8
2004-07-17,13.0,0.7,0.0
2004-07-18,18.0,0.3,0.0
2004-07-19,5.0,0.3,0.0
2004-07-20,9.0,0.1,0.0
2004-07-21,1.0,0.6,0.0
2004-07-22,5.0,0.2,0.0
2004-07-23,16.0,0.5,0.0
2004-07-24,0.0,0.1,0.0
2004-07-25,0.0,0.3,0.0
2004-07-26,0.0,0.0,0.0
2004-07-27,0.0,0.0,0.0
2004-07-28,0.0,0.1,0.0
2004-07-29,0.0,2.6,7.5
2004-07-30,0.0,7.2,13.7
2004-07-31,0.0,0.0,0.0
2004-08-01,1.0,0.0,0.0
2004-08-02,0.0,1.5,4.8
2004-08-03,0.0,5.1,9.2
2004-08-04,1.0,1.5,4.8
2004-08-05,1.0,1.6,4.9
2004-08-06,0.0,0.0,0.0
2004-08-07,0.0,0.0,0.0
2004-08-08,1.0,0.5,0.0
2004-08-09,1.0,2.8,6.5
2004-08-10,0.0,0.2,0.0
2004-08-11,1.0,0.2,0.0
2004-08-12,4.0,0.0,0.0
2004-08-13,1.0,0.2,0.0
2004-08-14,0.0,0.2,0.0
2004-08-15,0.0,4.9,11.3
2004-08-16,0.0,0.0,0.0
2004-08-17,0.0,0.0,0.0
2004-08-18,0.0,0.0,0.0
2004-08-19,0.0,0.0,0.0
2004-08-20,0.0,0.0,0.0
2004-08-21,0.0,0.0,0.0
2004-08-22,0.0,0.0,0.0
2004-08-23,4.0,0.0,0.0
2004-08-24,2.0,0.0,0.0
2004-08-25,0.0,0.0,0.0
2004-08-26,0.0,0.2,0.0
2004-08-27,3.0,0.6,0.0
2004-08-28,0.0,0.2,0.0
2004-08-29,4.0,0.0,0.0
2004-08-30,1.0,0.3,0.0
2004-08-31,0.0,0.0,0.0
2004-09-01,0.0,0.0,0.0
2004-09-02,15.0,7.6,9.0
2004-09-03,20.0,5.8,6.5
2004-09-04,2.0,0.6,0.0
2004-09-05,0.0,0.0,0.0
2004-09-06,0.0,0.2,0.0
2004-09-07,47.0,38.3,55.6
2004-09-08,4.0,8.2,9.8
2004-09-09,0.0,0.6,0.0
2004-09-10,7.0,3.0,2.9
2004-09-11,0.0,5.5,7.4
2004-09-12,7.0,0.3,0.0
2004-09-13,28.0,0.5,0.0
2004-09-14,5.0,0.0,0.0
2004-09-15,2.0,0.0,0.0
2004-09-16,32.0,11.8,14.5
2004-09-17,0.0,0.1,0.0
2004-09-18,0.0,2.7,4.1
2004-09-19,0.0,0.0,0.0
2004-09-20,0.0,0.0,0.0
2004-09-21,22.0,0.6,0.0
2004-09-22,13.0,5.5,4.7
2004-09-23,0.0,0.0,0.0
2004-09-24,0.0,0.0,0.0
2004-09-25,58.0,2.9,2.0
2004-09-26,11.0,0.0,0.0
2004-09-27,43.0,3.9,3.0
2004-09-28,0.0,1.2,1.0
2004-09-29,0.0,0.0,0.0
2004-09-30,36.0,14.8,14.1
2004-10-01,7.0,0.2,0.0
2004-10-02,0.0,1.2,0.0
2004-10-03,4.0,0.1,0.0
2004-10-04,0.0,0.4,0.0
2004-10-05,0.0,0.1,0.0
2004-10-06,0.0,0.4,0.0
2004-10-07,0.0,0.5,0.0
2004-10-08,0.0,0.0,0.0
2004-10-09,0.0,0.0,0.0
2004-10-10,0.0,2.2,1.0
2004-10-11,0.0,0.0,0.0
2004-10-12,0.0,2.2,0.0
2004-10-13,0.0,1.7,0.0
2004-10-14,0.0,1.8,0.0
2004-10-15,0.0,0.0,0.0
2004-10-16,0.0,0.0,0.0
2004-10-17,0.0,0.0,0.0
2004-10-18,0.0,0.0,0.0
2004-10-19,0.0,0.0,0.0
2004-10-20,0.0,0.7,0.0
2004-10-21,0.0,0.1,0.0
2004-10-22,0.0,0.0,0.0
2004-10-23,6.0,30.7,36.2
2004-10-24,0.0,4.2,1.1
2004-10-25,0.0,0.3,0.0
2004-10-26,0.0,1.0,0.0
2004-10-27,0.0,0.0,0.0
2004-10-28,2.0,0.2,0.0
2004-10-29,17.0,0.2,0.0
2004-10-30,14.0,1.2,0.0
2004-10-31,0.0,0.2,0.0
2004-11-01,0.0,0.0,0.0
2004-11-02,0.0,0.0,0.0
2004-11-03,0.0,7.6,4.2
2004-11-04,0.0,0.2,0.0
2004-11-05,0.0,0.0,0.0
2004-11-06,0.0,0.5,0.0
2004-11-07,0.0,0.2,0.0
2004-11-08,12.0,8.8,5.6
2004-11-09,0.0,0.0,0.0
2004-11-10,0.0,0.1,0.0
2004-11-11,0.0,0.0,0.0
2004-11-12,0.0,0.3,0.0
2004-11-13,0.0,0.9,0.0
2004-11-14,0.0,0.2,0.0
2004-11-15,0.0,5.9,2.9
2004-11-16,0.0,2.4,0.0
2004-11-17,0.0,2.7,0.0
2004-11-18,0.0,15.5,16.4
2004-11-19,4.0,8.0,4.9
2004-11-20,2.0,0.1,0.0
2004-11-21,0.0,0.1,0.0
2004-11-22,0.0,14.7,10.7
2004-11-23,24.0,27.5,35.9
2004-11-24,2.0,6.0,0.0
2004-11-25,0.0,0.1,0.0
2004-11-26,0.0,3.4,0.0
2004-11-27,6.0,5.7,0.0
2004-11-28,0.0,10.5,4.9
2004-11-29,0.0,3.4,0.0
2004-11-30,42.0,24.3,31.4
2004-12-01,2.0,0.6,0.0
2004-12-02,0.0,0.0,0.0
2004-12-03,0.0,0.2,0.0
2004-12-04,0.0,1.1,0.0
2004-12-05,0.0,0.1,0.0
2004-12-06,3.0,7.8,4.1
2004-12-07,2.0,0.1,0.0
2004-12-08,0.0,0.3,0.0
2004-12-09,5.0,13.5,10.6
2004-12-10,0.0,0.1,0.0
2004-12-11,0.0,0.2,0.0
2004-12-12,0.0,2.8,0.0
2004-12-13,0.0,0.6,0.0
2004-12-14,0.0,0.0,0.0
2004-12-15,0.0,0.1,0.0
2004-12-16,0.0,3.7,1.0
2004-12-17,14.0,0.9,0.0
2004-12-18,0.0,0.0,0.0
2004-12-19,0.0,0.0,0.0
2004-12-20,0.0,0.8,0.0
2004-12-21,0.0,0.8,0.0
2004-12-22,0.0,2.5,0.0
2004-12-23,2.0,9.0,4.9
2004-12-24,23.0,2.8,0.0
2004-12-25,7.0,13.2,9.6
2004-12-26,31.0,4.9,1.0
2004-12-27,0.0,1.4,0.0
2004-12-28,43.0,5.5,1.5
2004-12-29,0.0,9.6,5.6
2004-12-30,0.0,6.0,2.0
2004-12-31,1.0,6.6,2.6
2005-01-01,6.0,10.2,6.1
2005-01-02,4.0,1.1,0.0
2005-01-03,2.0,2.2,0.0
2005-01-04,0.0,4.3,1.1
2005-01-05,3.0,8.0,4.2
2005-01-06,2.0,6.3,2.7
2005-01-07,1.0,6.3,2.8
2005-01-08,0.0,3.7,1.0
2005-01-09,1.0,38.0,35.0
2005-01-10,4.0,7.5,3.8
2005-01-11,7.0,4.8,2.2
2005-01-12,4.0,4.3,1.7
2005-01-13,0.0,0.4,0.0
2005-01-14,13.0,6.8,4.4
2005-01-15,0.0,0.0,0.0
2005-01-16,0.0,0.9,0.0
2005-01-17,0.0,6.4,3.9
2005-01-18,8.0,12.9,11.2
2005-01-19,0.0,0.5,0.0
2005-01-20,0.0,2.4,0.0
2005-01-21,1.0,1.0,0.0
2005-01-22,0.0,0.5,0.0
2005-01-23,0.0,0.0,0.0
2005-01-24,1.0,6.3,4.3
2005-01-25,3.0,4.6,2.7
2005-01-26,0.0,0.0,0.0
2005-01-27,0.0,0.0,0.0
2005-01-28,0.0,2.3,1.0
2005-01-29,3.0,1.4,0.0
2005-01-30,0.0,0.8,0.0
2005-01-31,0.0,5.0,3.0
2005-02-01,0.0,0.8,0.0
2005-02-02,0.0,1.7,0.0
2005-02-03,0.0,0.0,0.0
2005-02-04,0.0,4.2,1.3
2005-02-05,0.0,1.4,0.0
2005-02-06,0.0,0.8,0.0
2005-02-07,0.0,0.6,0.0
2005-02-08,0.0,2.4,0.0
2005-02-09,0.0,1.9,0.0
2005-02-10,29.0,9.4,6.9
2005-02-11,0.0,2.2,0.0
2005-02-12,4.0,5.8,3.6
2005-02-13,0.0,0.6,0.0
2005-02-14,9.0,0.1,0.0
2005-02-15,2.0,5.4,3.1
2005-02-16,0.0,6.4,4.5
2005-02-17,18.0,10.8,11.9
2005-02-18,0.0,4.0,1.2
2005-02-19,5.0,4.8,2.2
2005-02-20,6.0,0.2,0.0
2005-02-21,0.0,0.7,0.0
2005-02-22,16.0,4.7,3.1
2005-02-23,0.0,0.3,0.0
2005-02-24,0.0,1.5,0.0
2005-02-25,14.0,22.2,23.1
2005-02-26,0.0,0.7,0.0
2005-02-27,0.0,0.5,0.0
2005-02-28,0.0,0.3,0.0
2005-03-01,0.0,1.2,0.0
2005-03-02,0.0,0.0,0.0
2005-03-03,0.0,0.1,0.0
2005-03-04,0.0,0.0,0.0
2005-03-05,0.0,2.1,0.0
2005-03-06,0.0,0.0,0.0
2005-03-07,0.0,0.5,0.0
2005-03-08,0.0,0.2,0.0
2005-03-09,5.0,0.0,0.0
2005-03-10,0.0,0.0,0.0
2005-03-11,0.0,0.1,0.0
2005-03-12,0.0,0.1,0.0
2005-03-13,0.0,0.3,0.0
2005-03-14,0.0,4.7,2.7
2005-03-15,0.0,0.1,0.0
2005-03-16,0.0,0.0,0.0
2005-03-17,0.0,0.1,0.0
2005-03-18,0.0,0.0,0.0
2005-03-19,0.0,12.8,13.5
2005-03-20,1.0,1.8,0.0
2005-03-21,0.0,2.4,0.0
2005-03-22,7.0,2.3,0.0
2005-03-23,0.0,2.4,0.0
2005-03-24,6.0,26.1,32.5
2005-03-25,4.0,16.8,14.8
2005-03-26,13.0,6.4,4.0
2005-03-27,6.0,18.5,16.3
2005-03-28,3.0,20.4,20.1
2005-03-29,48.0,27.1,33.1
2005-03-30,6.0,1.2,0.0
2005-03-31,0.0,8.1,5.8
2005-04-01,0.0,16.2,13.9
2005-04-02,0.0,18.8,16.7
2005-04-03,7.0,28.0,29.6
2005-04-04,0.0,23.4,22.7
2005-04-05,5.0,31.2,33.7
2005-04-06,28.0,14.4,12.5
2005-04-07,57.0,24.9,26.1
2005-04-08,0.0,18.0,16.2
2005-04-09,0.0,5.7,3.3
2005-04-10,0.0,7.6,5.2
2005-04-11,15.0,9.9,8.9
2005-04-12,2.0,5.4,4.1
2005-04-13,0.0,9.8,8.8
2005-04-14,13.0,5.3,4.0
2005-04-15,0.0,0.1,0.0
2005-04-16,10.0,7.9,6.8
2005-04-17,30.0,6.9,5.7
2005-04-18,0.0,0.0,0.0
2005-04-19,0.0,0.0,0.0
2005-04-20,0.0,0.0,0.0
2005-04-21,2.0,0.6,0.0
2005-04-22,0.0,0.0,0.0
2005-04-23,1.0,0.1,0.0
2005-04-24,31.0,15.5,16.0
2005-04-25,0.0,0.1,0.0
2005-04-26,0.0,0.1,0.0
2005-04-27,0.0,0.9,0.0
2005-04-28,11.0,1.7,0.0
2005-04-29,0.0,0.2,0.0
2005-04-30,0.0,0.1,0.0
2005-05-01,0.0,0.0,0.0
2005-05-02,7.0,27.0,28.0
2005-05-03,6.0,13.0,10.5
2005-05-04,32.0,5.5,2.6
2005-05-05,0.0,4.8,1.9
2005-05-06,3.0,1.9,0.0
2005-05-07,35.0,70.2,93.1
2005-05-08,29.0,39.6,53.9
2005-05-09,5.0,4.1,1.3
2005-05-10,7.0,8.3,5.5
2005-05-11,0.0,8.3,8.1
2005-05-12,6.0,6.0,5.6
2005-05-13,3.0,5.8,5.4
2005-05-14,0.0,0.1,0.0
2005-05-15,0.0,0.0,0.0
2005-05-16,0.0,0.0,0.0
2005-05-17,0.0,0.0,0.0
2005-05-18,0.0,0.0,0.0
2005-05-19,6.0,3.0,2.5
2005-05-20,0.0,0.2,0.0
2005-05-21,0.0,0.0,0.0
2005-05-22,0.0,0.1,0.0
2005-05-23,4.0,2.9,2.7
2005-05-24,0.0,0.1,0.0
2005-05-25,1.0,0.1,0.0
2005-05-26,2.0,0.4,0.0
2005-05-27,1.0,1.1,1.0
2005-05-28,0.0,8.4,8.9
2005-05-29,0.0,0.2,0.0
2005-05-30,4.0,0.6,0.0
2005-05-31,7.0,0.0,0.0
2005-06-01,0.0,0.5,0.0
2005-06-02,1.0,0.0,0.0
2005-06-03,5.0,0.0,0.0
2005-06-04,0.0,0.2,0.0
2005-06-05,4.0,0.2,0.0
2005-06-06,0.0,0.1,0.0
2005-06-07,9.0,5.1,6.2
2005-06-08,0.0,4.1,5.0
2005-06-09,0.0,2.6,3.4
2005-06-10,5.0,0.1,0.0
2005-06-11,5.0,0.0,0.0
2005-06-12,1.0,0.0,0.0
2005-06-13,0.0,0.3,0.0
2005-06-14,2.0,8.9,9.6
2005-06-15,5.0,2.0,2.0
2005-06-16,0.0,3.9,4.0
2005-06-17,0.0,2.0,1.9
2005-06-18,0.0,1.8,1.7
2005-06-19,0.0,0.4,0.0
2005-06-20,0.0,0.7,0.0
2005-06-21,0.0,4.0,5.3
2005-06-22,8.0,0.1,0.0
2005-06-23,15.0,5.4,7.0
2005-06-24,62.0,103.2,176.0
2005-06-25,0.0,4.2,5.4
2005-06-26,44.0,36.6,52.4
2005-06-27,48.0,77.2,118.5
2005-06-28,13.0,8.0,10.3
2005-06-29,1.0,3.8,5.0
2005-06-30,25.0,5.3,6.8
2005-07-01,3.0,13.9,18.6
2005-07-02,27.0,29.2,34.3
2005-07-03,14.0,8.0,12.1
2005-07-04,83.0,33.8,35.8
2005-07-05,2.0,0.2,0.0
2005-07-06,0.0,32.4,35.1
2005-07-07,0.0,7.4,11.4
2005-07-08,0.0,8.5,12.6
2005-07-09,16.0,7.8,11.9
2005-07-10,18.0,32.0,34.3
2005-07-11,0.0,21.0,26.8
2005-07-12,0.0,0.3,0.0
2005-07-13,0.0,0.0,0.0
2005-07-14,2.0,9.9,15.6
2005-07-15,0.0,0.2,0.0
2005-07-16,8.0,0.2,0.0
2005-07-17,85.0,5.7,10.9
2005-07-18,20.0,13.4,19.5
2005-07-19,108.0,51.6,60.0
2005-07-20,90.0,4.1,9.0
2005-07-21,45.0,1.4,5.6
2005-07-22,33.0,1.1,5.0
2005-07-23,10.0,0.6,0.0
2005-07-24,7.0,1.0,4.9
2005-07-25,2.0,7.8,14.5
2005-07-26,0.0,0.0,0.0
2005-07-27,0.0,0.0,0.0
2005-07-28,1.0,0.1,0.0
2005-07-29,0.0,0.5,0.0
2005-07-30,2.0,0.3,0.0
2005-07-31,0.0,0.0,0.0
2005-08-01,0.0,0.1,0.0
2005-08-02,0.0,0.0,0.0
2005-08-03,0.0,0.0,0.0
2005-08-04,0.0,0.6,0.0
2005-08-05,0.0,0.0,0.0
2005-08-06,0.0,0.1,0.0
2005-08-07,0.0,0.0,0.0
2005-08-08,5.0,0.0,0.0
2005-08-09,19.0,0.0,0.0
2005-08-10,0.0,0.0,0.0
2005-08-11,0.0,0.0,0.0
2005-08-12,0.0,0.0,0.0
2005-08-13,0.0,0.8,3.9
2005-08-14,0.0,4.7,10.9
2005-08-15,0.0,0.0,0.0
2005-08-16,0.0,1.2,4.8
2005-08-17,0.0,0.1,0.0
2005-08-18,58.0,8.2,16.3
2005-08-19,2.0,0.1,0.0
2005-08-20,0.0,0.0,0.0
2005-08-21,0.0,0.0,0.0
2005-08-22,0.0,0.4,0.0
2005-08-23,0.0,0.0,0.0
2005-08-24,0.0,0.1,0.0
2005-08-25,0.0,0.0,0.0
2005-08-26,0.0,0.2,0.0
2005-08-27,5.0,4.5,7.9
2005-08-28,2.0,0.0,0.0
2005-08-29,1.0,0.2,0.0
2005-08-30,9.0,7.5,11.7
2005-08-31,0.0,0.1,0.0
2005-09-01,0.0,0.0,0.0
2005-09-02,23.0,0.0,0.0
2005-09-03,1.0,1.4,1.0
2005-09-04,0.0,0.3,0.0
2005-09-05,0.0,2.5,2.2
2005-09-06,0.0,0.0,0.0
2005-09-07,0.0,0.1,0.0
2005-09-08,0.0,0.0,0.0
2005-09-09,0.0,0.2,0.0
2005-09-10,0.0,8.8,10.6
2005-09-11,0.0,8.4,10.9
2005-09-12,0.0,0.0,0.0
2005-09-13,0.0,0.0,0.0
2005-09-14,0.0,0.0,0.0
2005-09-15,0.0,0.3,0.0
2005-09-16,0.0,0.0,0.0
2005-09-17,0.0,0.0,0.0
2005-09-18,15.0,13.2,15.6
2005-09-19,4.0,7.7,10.0
2005-09-20,0.0,0.7,0.0
2005-09-21,1.0,2.1,1.2
2005-09-22,2.0,29.1,35.8
2005-09-23,8.0,28.0,33.6
2005-09-24,6.0,9.2,8.5
2005-09-25,0.0,0.1,0.0
2005-09-26,1.0,0.0,0.0
2005-09-27,0.0,0.0,0.0
2005-09-28,0.0,0.0,0.0
2005-09-29,0.0,0.6,0.0
2005-09-30,1.0,0.5,0.0
2005-10-01,0.0,0.0,0.0
2005-10-02,0.0,2.6,1.4
2005-10-03,0.0,4.6,3.5
2005-10-04,3.0,3.8,2.7
2005-10-05,46.0,7.4,7.6
2005-10-06,64.0,0.8,0.0
2005-10-07,14.0,10.4,11.7
2005-10-08,23.0,15.7,21.8
2005-10-09,0.0,0.1,0.0
2005-10-10,1.0,0.1,0.0
2005-10-11,0.0,0.7,0.0
2005-10-12,2.0,43.9,52.1
2005-10-13,0.0,13.7,8.3
2005-10-14,11.0,7.6,3.4
2005-10-15,0.0,14.6,10.0
2005-10-16,31.0,13.5,9.8
2005-10-17,28.0,22.9,30.9
2005-10-18,46.0,30.5,42.4
2005-10-19,0.0,0.0,0.0
2005-10-20,0.0,0.0,0.0
2005-10-21,0.0,15.9,14.4
2005-10-22,0.0,0.6,0.0
2005-10-23,0.0,1.1,0.0
2005-10-24,0.0,15.5,13.3
2005-10-25,28.0,18.3,21.0
2005-10-26,0.0,1.0,0.0
2005-10-27,0.0,2.3,0.0
2005-10-28,4.0,4.7,1.5
2005-10-29,0.0,0.0,0.0
2005-10-30,0.0,1.1,0.0
2005-10-31,0.0,0.0,0.0
2005-11-01,0.0,0.0,0.0
2005-11-02,0.0,0.0,0.0
2005-11-03,0.0,0.1,0.0
2005-11-04,0.0,0.0,0.0
2005-11-05,0.0,0.0,0.0
2005-11-06,0.0,0.1,0.0
2005-11-07,0.0,0.0,0.0
2005-11-08,0.0,7.2,4.0
2005-11-09,0.0,2.9,0.0
2005-11-10,0.0,2.0,0.0
2005-11-11,0.0,7.0,4.0
2005-11-12,0.0,4.5,1.0
2005-11-13,4.0,0.9,0.0
2005-11-14,15.0,0.6,0.0
2005-11-15,21.0,0.5,0.0
2005-11-16,0.0,0.9,0.0
2005-11-17,0.0,9.7,6.9
2005-11-18,1.0,4.7,1.2
2005-11-19,1.0,10.2,7.6
2005-11-20,3.0,1.5,0.0
2005-11-21,65.0,12.5,7.2
2005-11-22,1.0,0.2,0.0
2005-11-23,14.0,23.7,30.0
2005-11-24,4.0,18.2,21.5
2005-11-25,0.0,6.8,1.0
2005-11-26,0.0,5.8,0.0
2005-11-27,5.0,15.7,11.2
2005-11-28,0.0,7.0,1.0
2005-11-29,0.0,4.9,0.0
2005-11-30,1.0,5.0,0.0
2005-12-01,0.0,0.4,0.0
2005-12-02,0.0,2.7,0.0
2005-12-03,1.0,0.0,0.0
2005-12-04,17.0,22.4,36.8
2005-12-05,11.0,6.8,2.9
2005-12-06,0.0,3.8,0.0
2005-12-07,13.0,16.3,22.9
2005-12-08,0.0,6.9,3.0
2005-12-09,0.0,7.4,3.6
2005-12-10,2.0,4.2,1.0
2005-12-11,12.0,24.8,37.0
2005-12-12,3.0,15.1,21.4
2005-12-13,12.0,19.5,29.5
2005-12-14,23.0,9.6,9.0
2005-12-15,11.0,3.7,1.0
2005-12-16,6.0,5.2,3.0
2005-12-17,3.0,2.5,0.0
2005-12-18,0.0,2.9,0.0
2005-12-19,36.0,7.6,6.3
2005-12-20,1.0,51.1,53.5
2005-12-21,24.0,10.6,6.7
2005-12-22,4.0,3.0,0.0
2005-12-23,0.0,1.8,0.0
2005-12-24,0.0,1.0,0.0
2005-12-25,0.0,0.3,0.0
2005-12-26,39.0,39.4,55.1
2005-12-27,4.0,30.1,40.9
2005-12-28,0.0,14.6,11.0
2005-12-29,0.0,8.6,4.6
2005-12-30,0.0,0.0,0.0
2005-12-31,1.0,2.5,0.0
2006-01-01,18.0,11.5,7.5
2006-01-02,58.0,36.0,33.2
2006-01-03,0.0,3.8,1.0
2006-01-04,0.0,0.7,0.0
2006-01-05,4.0,19.1,15.5
2006-01-06,4.0,10.9,7.4
2006-01-07,4.0,8.7,4.8
2006-01-08,4.0,5.0,1.6
2006-01-09,0.0,0.1,0.0
2006-01-10,2.0,3.4,1.0
2006-01-11,0.0,0.0,0.0
2006-01-12,0.0,4.4,1.8
2006-01-13,4.0,13.1,14.1
2006-01-14,0.0,0.1,0.0
2006-01-15,5.0,1.7,0.0
2006-01-16,0.0,0.4,0.0
2006-01-17,0.0,0.7,0.0
2006-01-18,0.0,0.9,0.0
2006-01-19,0.0,1.0,0.0
2006-01-20,0.0,6.1,3.6
2006-01-21,0.0,0.7,0.0
2006-01-22,0.0,9.6,7.4
2006-01-23,14.0,12.6,13.2
2006-01-24,0.0,5.9,3.9
2006-01-25,0.0,0.0,0.0
2006-01-26,5.0,1.3,0.0
2006-01-27,0.0,0.0,0.0
2006-01-28,0.0,0.8,0.0
2006-01-29,0.0,0.1,0.0
2006-01-30,0.0,13.7,14.1
2006-01-31,0.0,0.5,0.0
2006-02-01,3.0,8.8,5.8
2006-02-02,0.0,0.0,0.0
2006-02-03,0.0,3.0,1.0
2006-02-04,0.0,0.4,0.0
2006-02-05,13.0,2.0,0.0
2006-02-06,0.0,0.0,0.0
2006-02-07,7.0,3.2,1.0
2006-02-08,7.0,10.3,7.5
2006-02-09,0.0,0.4,0.0
2006-02-10,6.0,1.1,0.0
2006-02-11,0.0,0.0,0.0
2006-02-12,0.0,0.4,0.0
2006-02-13,0.0,0.2,0.0
2006-02-14,0.0,1.0,0.0
2006-02-15,0.0,3.7,1.0
2006-02-16,0.0,5.5,3.2
2006-02-17,1.0,2.7,0.0
2006-02-18,0.0,1.9,0.0
2006-02-19,0.0,3.4,1.0
2006-02-20,38.0,14.2,17.4
2006-02-21,0.0,2.1,1.0
2006-02-22,0.0,18.2,18.6
2006-02-23,21.0,1.3,0.0
2006-02-24,0.0,1.6,0.0
2006-02-25,6.0,2.9,1.1
2006-02-26,0.0,0.3,0.0
2006-02-27,13.0,4.7,3.2
2006-02-28,0.0,8.7,8.2
2006-03-01,3.0,9.0,4.9
2006-03-02,1.0,7.0,3.3
2006-03-03,0.0,0.4,0.0
2006-03-04,0.0,0.0,0.0
2006-03-05,0.0,0.0,0.0
2006-03-06,0.0,0.1,0.0
2006-03-07,0.0,9.1,5.0
2006-03-08,0.0,0.1,0.0
2006-03-09,0.0,1.2,0.0
2006-03-10,7.0,27.9,22.8
2006-03-11,0.0,0.9,0.0
2006-03-12,39.0,13.3,14.5
2006-03-13,1.0,4.7,2.7
2006-03-14,0.0,0.1,0.0
2006-03-15,0.0,0.8,0.0
2006-03-16,11.0,0.6,0.0
2006-03-17,0.0,1.6,0.0
2006-03-18,0.0,2.9,1.0
2006-03-19,1.0,1.3,0.0
2006-03-20,7.0,6.7,4.5
2006-03-21,0.0,1.0,0.0
2006-03-22,0.0,0.5,0.0
2006-03-23,0.0,0.1,0.0
2006-03-24,0.0,0.6,0.0
2006-03-25,11.0,1.2,0.0
2006-03-26,7.0,4.4,2.1
2006-03-27,0.0,4.0,1.6
2006-03-28,8.0,22.7,25.1
2006-03-29,13.0,20.0,19.1
2006-03-30,5.0,9.2,7.0
2006-03-31,0.0,0.8,0.0
2006-04-01,0.0,0.4,0.0
2006-04-02,0.0,1.0,0.0
2006-04-03,0.0,0.0,0.0
2006-04-04,0.0,0.7,0.0
2006-04-05,0.0,0.0,0.0
2006-04-06,0.0,0.1,0.0
2006-04-07,0.0,0.2,0.0
2006-04-08,0.0,9.6,7.2
2006-04-09,11.0,20.3,17.5
2006-04-10,0.0,4.4,2.1
2006-04-11,0.0,0.2,0.0
2006-04-12,0.0,0.4,0.0
2006-04-13,0.0,0.0,0.0
2006-04-14,6.0,11.4,10.6
2006-04-15,33.0,20.0,22.7
2006-04-16,12.0,9.3,8.3
2006-04-17,0.0,1.0,0.0
2006-04-18,0.0,7.3,6.1
2006-04-19,0.0,0.9,0.0
2006-04-20,0.0,16.2,15.3
2006-04-21,3.0,6.7,4.8
2006-04-22,7.0,11.1,10.1
2006-04-23,0.0,2.2,1.0
2006-04-24,3.0,1.9,0.0
2006-04-25,16.0,9.3,7.9
2006-04-26,0.0,6.3,4.4
2006-04-27,13.0,16.6,17.1
2006-04-28,4.0,4.6,2.5
2006-04-29,0.0,0.5,0.0
2006-04-30,1.0,13.5,13.2
2006-05-01,9.0,17.6,15.8
2006-05-02,0.0,0.2,0.0
2006-05-03,1.0,8.4,5.6
2006-05-04,42.0,10.4,7.7
2006-05-05,14.0,0.7,0.0
2006-05-06,0.0,0.1,0.0
2006-05-07,0.0,0.0,0.0
2006-05-08,0.0,0.0,0.0
2006-05-09,0.0,0.3,0.0
2006-05-10,14.0,3.0,1.0
2006-05-11,0.0,0.0,0.0
2006-05-12,11.0,0.0,0.0
2006-05-13,0.0,0.1,0.0
2006-05-14,1.0,0.0,0.0
2006-05-15,0.0,0.1,0.0
2006-05-16,0.0,1.5,1.0
2006-05-17,0.0,0.5,0.0
2006-05-18,3.0,4.9,4.4
2006-05-19,45.0,41.0,46.6
2006-05-20,6.0,1.2,1.0
2006-05-21,0.0,12.7,13.8
2006-05-22,0.0,2.9,2.6
2006-05-23,7.0,26.3,33.3
2006-05-24,0.0,7.3,7.7
2006-05-25,6.0,13.1,14.3
2006-05-26,0.0,11.7,12.7
2006-05-27,5.0,0.1,0.0
2006-05-28,32.0,99.0,165.5
2006-05-29,10.0,19.5,22.6
2006-05-30,11.0,11.5,12.5
2006-05-31,1.0,5.7,5.8
2006-06-01,51.0,31.5,37.4
2006-06-02,69.0,37.4,44.7
2006-06-03,16.0,8.6,9.9
2006-06-04,14.0,9.2,10.6
2006-06-05,14.0,46.2,53.7
2006-06-06,40.0,20.1,22.3
2006-06-07,29.0,46.4,53.0
2006-06-08,44.0,94.5,126.7
2006-06-09,11.0,31.1,33.5
2006-06-10,70.0,74.8,94.9
2006-06-11,6.0,13.3,14.5
2006-06-12,159.0,142.0,152.1
2006-06-13,39.0,74.8,93.5
2006-06-14,70.0,68.2,88.7
2006-06-15,0.0,27.3,30.5
2006-06-16,0.0,3.2,3.3
2006-06-17,0.0,16.7,18.2
2006-06-18,1.0,26.3,29.5
2006-06-19,23.0,4.2,4.3
2006-06-20,4.0,0.4,0.0
2006-06-21,4.0,9.1,11.7
2006-06-22,60.0,8.1,10.4
2006-06-23,51.0,4.3,5.5
2006-06-24,49.0,54.3,79.0
2006-06-25,39.0,28.4,43.6
2006-06-26,61.0,32.1,47.5
2006-06-27,1.0,13.8,17.8
2006-06-28,129.0,68.9,105.4
2006-06-29,66.0,13.3,17.1
2006-06-30,14.0,3.0,4.0
2006-07-01,0.0,0.0,0.0
2006-07-02,0.0,0.0,0.0
2006-07-03,4.0,0.2,0.0
2006-07-04,7.0,0.5,0.0
2006-07-05,10.0,0.0,0.0
2006-07-06,5.0,0.6,0.0
2006-07-07,13.0,0.8,0.0
2006-07-08,13.0,0.1,0.0
2006-07-09,0.0,0.9,3.5
2006-07-10,3.0,0.0,0.0
2006-07-11,0.0,1.1,5.1
2006-07-12,2.0,0.4,0.0
2006-07-13,0.0,0.0,0.0
2006-07-14,8.0,0.2,0.0
2006-07-15,75.0,13.0,19.1
2006-07-16,14.0,0.3,0.0
2006-07-17,2.0,0.4,0.0
2006-07-18,6.0,0.0,0.0
2006-07-19,0.0,0.0,0.0
2006-07-20,0.0,0.4,0.0
2006-07-21,9.0,4.6,10.3
2006-07-22,45.0,114.8,184.9
2006-07-23,6.0,1.7,6.1
2006-07-24,5.0,0.2,0.0
2006-07-25,34.0,5.0,10.8
2006-07-26,0.0,0.2,0.0
2006-07-27,0.0,0.0,0.0
2006-07-28,0.0,0.0,0.0
2006-07-29,0.0,0.0,0.0
2006-07-30,4.0,0.0,0.0
2006-07-31,43.0,4.2,9.7
2006-08-01,0.0,0.1,0.0
2006-08-02,8.0,0.1,0.0
2006-08-03,0.0,0.0,0.0
2006-08-04,2.0,0.1,0.0
2006-08-05,0.0,0.4,0.0
2006-08-06,6.0,0.0,0.0
2006-08-07,0.0,0.0,0.0
2006-08-08,0.0,0.0,0.0
2006-08-09,0.0,0.2,0.0
2006-08-10,2.0,2.3,5.9
2006-08-11,0.0,0.0,0.0
2006-08-12,0.0,0.0,0.0
2006-08-13,5.0,0.2,0.0
2006-08-14,7.0,0.6,3.6
2006-08-15,0.0,0.2,0.0
2006-08-16,1.0,0.7,3.6
2006-08-17,0.0,0.0,0.0
2006-08-18,0.0,0.0,0.0
2006-08-19,0.0,0.0,0.0
2006-08-20,3.0,0.1,0.0
2006-08-21,11.0,2.5,5.3
2006-08-22,0.0,0.0,0.0
2006-08-23,0.0,0.0,0.0
2006-08-24,0.0,0.1,0.0
2006-08-25,0.0,0.1,0.0
2006-08-26,3.0,0.0,0.0
2006-08-27,0.0,0.2,0.0
2006-08-28,0.0,0.0,0.0
2006-08-29,2.0,0.2,0.0
2006-08-30,0.0,0.1,0.0
2006-08-31,0.0,0.0,0.0
2006-09-01,0.0,0.0,0.0
2006-09-02,0.0,0.2,0.0
2006-09-03,3.0,0.0,0.0
2006-09-04,0.0,0.0,0.0
2006-09-05,0.0,0.0,0.0
2006-09-06,0.0,0.0,0.0
2006-09-07,0.0,0.0,0.0
2006-09-08,23.0,0.0,0.0
2006-09-09,47.0,4.7,5.0
2006-09-10,12.0,0.4,0.0
2006-09-11,9.0,0.2,0.0
2006-09-12,17.0,0.0,0.0
2006-09-13,8.0,0.0,0.0
2006-09-14,3.0,0.1,0.0
2006-09-15,0.0,0.2,0.0
2006-09-16,4.0,0.0,0.0
2006-09-17,6.0,9.4,12.0
2006-09-18,6.0,8.4,10.8
2006-09-19,28.0,42.6,64.1
2006-09-20,30.0,2.4,3.7
2006-09-21,4.0,1.0,1.0
2006-09-22,0.0,6.7,5.9
2006-09-23,3.0,0.6,0.0
2006-09-24,0.0,1.1,1.0
2006-09-25,0.0,1.3,1.0
2006-09-26,0.0,0.1,0.0
2006-09-27,0.0,0.0,0.0
2006-09-28,0.0,0.0,0.0
2006-09-29,0.0,0.0,0.0
2006-09-30,0.0,0.2,0.0
2006-10-01,0.0,0.0,0.0
2006-10-02,0.0,0.7,0.0
2006-10-03,0.0,0.0,0.0
2006-10-04,0.0,0.0,0.0
2006-10-05,9.0,0.0,0.0
2006-10-06,5.0,0.3,0.0
2006-10-07,1.0,0.1,0.0
2006-10-08,0.0,0.0,0.0
2006-10-09,0.0,5.5,4.5
2006-10-10,0.0,0.0,0.0
2006-10-11,0.0,3.0,0.0
2006-10-12,0.0,0.0,0.0
2006-10-13,0.0,0.0,0.0
2006-10-14,0.0,0.0,0.0
2006-10-15,0.0,0.2,0.0
2006-10-16,0.0,0.0,0.0
2006-10-17,0.0,0.4,0.0
2006-10-18,0.0,0.0,0.0
2006-10-19,0.0,0.1,0.0
2006-10-20,8.0,0.5,0.0
2006-10-21,0.0,0.0,0.0
2006-10-22,8.0,2.4,0.0
2006-10-23,0.0,1.9,0.0
2006-10-24,9.0,3.8,1.0
2006-10-25,0.0,0.1,0.0
2006-10-26,0.0,0.0,0.0
2006-10-27,0.0,0.0,0.0
2006-10-28,0.0,0.7,0.0
2006-10-29,0.0,1.0,0.0
2006-10-30,0.0,0.0,0.0
2006-10-31,0.0,0.0,0.0
2006-11-01,0.0,0.0,0.0
2006-11-02,0.0,0.0,0.0
2006-11-03,0.0,0.0,0.0
2006-11-04,0.0,0.1,0.0
2006-11-05,0.0,0.0,0.0
2006-11-06,0.0,0.0,0.0
2006-11-07,0.0,0.0,0.0
2006-11-08,0.0,0.0,0.0
2006-11-09,0.0,0.1,0.0
2006-11-10,0.0,0.0,0.0
2006-11-11,0.0,0.0,0.0
2006-11-12,0.0,0.0,0.0
2006-11-13,0.0,1.3,0.0
2006-11-14,0.0,1.4,0.0
2006-11-15,0.0,3.5,0.0
2006-11-16,0.0,0.0,0.0
2006-11-17,32.0,21.0,28.5
2006-11-18,0.0,0.1,0.0
2006-11-19,2.0,0.0,0.0
2006-11-20,0.0,4.1,1.0
2006-11-21,31.0,24.9,33.4
2006-11-22,3.0,19.7,24.5
2006-11-23,0.0,7.1,1.0
2006-11-24,2.0,7.5,1.3
2006-11-25,0.0,0.2,0.0
2006-11-26,11.0,0.0,0.0
2006-11-27,0.0,1.1,0.0
2006-11-28,0.0,2.9,0.0
2006-11-29,0.0,0.2,0.0
2006-11-30,0.0,0.8,0.0
2006-12-01,0.0,0.3,0.0
2006-12-02,0.0,0.0,0.0
2006-12-03,0.0,1.8,0.0
2006-12-04,0.0,0.0,0.0
2006-12-05,0.0,0.0,0.0
2006-12-06,0.0,0.0,0.0
2006-12-07,0.0,0.0,0.0
2006-12-08,0.0,0.1,0.0
2006-12-09,0.0,0.1,0.0
2006-12-10,0.0,2.9,0.0
2006-12-11,0.0,3.7,1.0
2006-12-12,0.0,0.5,0.0
2006-12-13,0.0,0.0,0.0
2006-12-14,0.0,0.0,0.0
2006-12-15,0.0,0.0,0.0
2006-12-16,7.0,2.1,0.0
2006-12-17,0.0,0.0,0.0
2006-12-18,0.0,1.6,0.0
2006-12-19,0.0,0.3,0.0
2006-12-20,28.0,1.3,0.0
2006-12-21,0.0,1.7,0.0
2006-12-22,0.0,1.9,0.0
2006-12-23,0.0,2.7,0.0
2006-12-24,22.0,12.4,8.7
2006-12-25,0.0,6.3,2.3
2006-12-26,1.0,9.2,5.2
2006-12-27,0.0,0.3,0.0
2006-12-28,2.0,12.7,11.2
2006-12-29,2.0,21.1,25.6
2006-12-30,3.0,2.2,0.0
2006-12-31,0.0,27.2,36.7
2007-01-01,0.0,28.9,27.0
2007-01-02,3.0,16.6,13.3
2007-01-03,1.0,7.2,3.6
2007-01-04,0.0,0.7,0.0
2007-01-05,0.0,1.5,0.0
2007-01-06,0.0,0.6,0.0
2007-01-07,0.0,0.3,0.0
2007-01-08,0.0,0.8,0.0
2007-01-09,0.0,3.9,1.0
2007-01-10,3.0,0.5,0.0
2007-01-11,0.0,1.3,0.0
2007-01-12,0.0,1.9,0.0
2007-01-13,0.0,0.0,0.0
2007-01-14,0.0,5.0,2.4
2007-01-15,0.0,4.4,1.7
2007-01-16,0.0,0.0,0.0
2007-01-17,0.0,0.0,0.0
2007-01-18,0.0,0.1,0.0
2007-01-19,6.0,18.4,23.8
2007-01-20,0.0,0.1,0.0
2007-01-21,0.0,0.2,0.0
2007-01-22,0.0,0.3,0.0
2007-06-04,0.0,0.8,0.0
2007-06-05,0.0,0.3,0.0
2007-06-06,0.0,0.1,0.0
2007-06-07,0.0,0.2,0.0
2007-06-08,4.0,3.4,4.2
2007-06-09,7.0,169.4,168.0
2007-06-10,141.0,0.4,0.0
2007-06-11,0.0,6.5,6.9
2007-06-12,7.0,3.9,4.1
2007-06-13,0.0,1.0,1.0
2007-06-14,0.0,2.8,2.8
2007-06-15,8.0,19.5,21.2
2007-06-16,25.0,10.2,11.0
2007-06-17,0.0,8.3,8.9
2007-06-18,1.0,1.2,1.0
2007-06-19,1.0,3.6,3.7
2007-06-20,0.0,1.9,1.8
2007-06-21,0.0,0.4,0.0
2007-06-22,0.0,2.2,3.0
2007-06-23,0.0,4.2,5.5
2007-06-24,11.0,3.3,4.4
2007-06-25,0.0,2.1,2.9
2007-06-26,7.0,41.9,58.9
2007-06-27,72.0,204.7,183.8
2007-06-28,39.0,29.7,43.6
2007-06-29,141.0,0.3,0.0
2007-06-30,31.0,0.1,0.0
2007-07-01,0.0,1.7,4.6
2007-07-02,0.0,1.0,3.6
2007-07-03,1.0,14.9,19.7
2007-07-04,1.0,5.9,9.7
2007-07-05,0.0,1.8,4.6
2007-07-06,0.0,0.0,0.0
2007-07-07,13.0,1.6,4.5
2007-07-08,26.0,0.0,0.0
2007-07-09,48.0,0.7,0.0
2007-07-10,5.0,0.1,0.0
2007-07-11,12.0,0.4,0.0
2007-07-12,30.0,7.4,12.8
2007-07-13,1.0,6.4,11.7
2007-07-14,0.0,0.4,0.0
2007-07-15,2.0,1.7,5.9
2007-07-16,0.0,2.1,6.4
2007-07-17,58.0,1.2,5.3
2007-07-18,20.0,1.5,5.6
2007-07-19,5.0,0.0,0.0
2007-07-20,13.0,0.0,0.0
2007-07-21,10.0,0.4,0.0
2007-07-22,8.0,0.0,0.0
2007-07-23,18.0,0.6,0.0
2007-07-24,12.0,0.8,4.6
2007-07-25,10.0,1.3,5.5
2007-07-26,0.0,3.8,9.1
2007-07-27,17.0,4.1,9.6
2007-07-28,0.0,3.3,8.5
2007-07-29,6.0,0.2,0.0
2007-07-30,1.0,0.1,0.0
2007-07-31,0.0,0.1,0.0
2007-08-01,10.0,0.2,0.0
2007-08-02,0.0,3.4,7.3
2007-08-03,2.0,0.5,0.0
2007-08-04,4.0,0.9,3.9
2007-08-05,0.0,0.9,4.0
2007-08-06,29.0,3.3,7.1
2007-08-07,9.0,12.5,17.0
2007-08-08,49.0,40.2,46.5
2007-08-09,8.0,3.0,6.8
2007-08-10,3.0,0.1,0.0
2007-08-11,12.0,12.2,25.3
2007-08-12,11.0,12.5,22.9
2007-08-13,0.0,0.3,0.0
2007-08-14,1.0,0.2,0.0
2007-08-15,1.0,2.7,7.7
2007-08-16,7.0,2.3,7.0
2007-08-17,34.0,10.6,20.4
2007-08-18,8.0,7.3,15.0
2007-08-19,47.0,12.0,22.4
2007-08-20,0.0,0.5,0.0
2007-08-21,0.0,0.1,0.0
2007-08-22,6.0,0.3,0.0
2007-08-23,2.0,6.8,10.8
2007-08-24,0.0,1.1,3.3
2007-08-25,0.0,0.0,0.0
2007-08-26,1.0,0.2,0.0
2007-08-27,4.0,6.2,10.1
2007-08-28,10.0,0.1,0.0
2007-08-29,15.0,4.0,7.2
2007-08-30,28.0,15.5,23.7
2007-08-31,85.0,17.0,24.5
2007-09-01,21.0,30.4,38.1
2007-09-02,33.0,8.9,10.8
2007-09-03,18.0,25.2,33.7
2007-09-04,36.0,8.1,9.7
2007-09-05,13.0,14.5,22.1
2007-09-06,50.0,35.7,51.0
2007-09-07,0.0,0.0,0.0
2007-09-08,0.0,0.4,0.0
2007-09-09,27.0,2.9,2.7
2007-09-10,38.0,7.9,9.3
2007-09-11,0.0,0.0,0.0
2007-09-12,0.0,0.0,0.0
2007-09-13,1.0,0.8,0.0
2007-09-14,2.0,13.9,17.2
2007-09-15,3.0,0.0,0.0
2007-09-16,0.0,0.2,0.0
2007-09-17,0.0,3.5,5.0
2007-09-18,1.0,0.1,0.0
2007-09-19,30.0,83.1,93.1
2007-09-20,10.0,60.3,82.2
2007-09-21,1.0,0.2,0.0
2007-09-22,0.0,1.2,1.0
2007-09-23,0.0,0.3,0.0
2007-09-24,0.0,0.0,0.0
2007-09-25,0.0,0.1,0.0
2007-09-26,6.0,0.0,0.0
2007-09-27,0.0,0.0,0.0
2007-09-28,18.0,0.0,0.0
2007-09-29,12.0,0.1,0.0
2007-09-30,13.0,0.1,0.0
2007-10-01,0.0,0.6,0.0
2007-10-02,0.0,0.0,0.0
2007-10-03,0.0,0.1,0.0
2007-10-04,0.0,0.0,0.0
2007-10-05,0.0,0.0,0.0
2007-10-06,0.0,0.1,0.0
2007-10-07,0.0,12.0,12.4
2007-10-08,4.0,0.9,0.0
2007-10-09,0.0,1.5,1.0
2007-10-10,0.0,0.4,0.0
2007-10-11,0.0,0.0,0.0
2007-10-12,7.0,0.1,0.0
2007-10-13,0.0,13.4,8.7
2007-10-14,9.0,9.2,5.0
2007-10-15,3.0,38.8,50.0
2007-10-16,0.0,21.2,26.4
2007-10-17,6.0,5.8,1.9
2007-10-18,2.0,0.3,0.0
2007-10-19,7.0,22.1,28.5
2007-10-20,0.0,31.1,42.9
2007-10-21,9.0,13.7,9.2
2007-10-22,3.0,16.8,17.1
2007-10-23,0.0,1.3,0.0
2007-10-24,0.0,3.1,1.0
2007-10-25,0.0,12.2,8.1
2007-10-26,0.0,3.9,1.0
2007-10-27,0.0,6.0,2.7
2007-10-28,0.0,0.0,0.0
2007-10-29,0.0,4.1,1.0
2007-10-30,9.0,37.1,39.6
2007-10-31,1.0,1.2,0.0
2007-11-01,2.0,1.4,0.0
2007-11-02,3.0,0.3,0.0
2007-11-03,0.0,7.8,5.1
2007-11-04,0.0,0.3,0.0
2007-11-05,0.0,1.3,0.0
2007-11-06,0.0,1.5,0.0
2007-11-07,5.0,3.6,1.0
2007-11-08,0.0,2.2,0.0
2007-11-09,0.0,1.9,0.0
2007-11-10,0.0,0.0,0.0
2007-11-11,0.0,11.5,8.8
2007-11-12,5.0,5.2,1.7
2007-11-13,1.0,12.7,10.3
2007-11-14,0.0,8.3,5.3
2007-11-15,0.0,1.6,0.0
2007-11-16,0.0,0.7,0.0
2007-11-17,0.0,0.0,0.0
2007-11-18,0.0,0.8,0.0
2007-11-19,0.0,0.5,0.0
2007-11-20,0.0,0.1,0.0
2007-11-21,14.0,25.2,32.3
2007-11-22,0.0,12.2,6.8
2007-11-23,0.0,5.3,0.0
2007-11-24,0.0,0.5,0.0
2007-11-25,0.0,1.8,0.0
2007-11-26,1.0,2.9,0.0
2007-11-27,5.0,3.5,0.0
2007-11-28,0.0,3.1,0.0
2007-11-29,0.0,16.0,11.2
2007-11-30,0.0,2.6,0.0
2007-12-01,0.0,0.0,0.0
2007-12-02,0.0,0.6,0.0
2007-12-03,0.0,0.0,0.0
2007-12-04,0.0,0.3,0.0
2007-12-05,0.0,0.0,0.0
2007-12-06,0.0,0.4,0.0
2007-12-07,0.0,2.0,0.0
2007-12-08,0.0,4.0,0.0
2007-12-09,0.0,1.5,0.0
2007-12-10,19.0,7.4,3.5
2007-12-11,0.0,0.7,0.0
2007-12-12,7.0,2.7,0.0
2007-12-13,0.0,0.1,0.0
2007-12-14,0.0,0.0,0.0
2007-12-15,1.0,1.1,0.0
2007-12-16,4.0,19.6,29.4
2007-12-17,2.0,4.0,1.4
2007-12-18,0.0,1.2,0.0
2007-12-19,5.0,16.2,24.2
2007-12-20,0.0,2.3,0.0
2007-12-21,0.0,10.1,6.2
2007-12-22,3.0,2.9,0.0
2007-12-23,6.0,16.0,16.6
2007-12-24,4.0,2.4,0.0
2007-12-25,0.0,1.9,0.0
2007-12-26,1.0,0.7,0.0
2007-12-27,1.0,4.6,1.0
2007-12-28,0.0,15.3,14.9
2007-12-29,0.0,0.1,0.0
2007-12-30,0.0,5.2,1.2
2007-12-31,0.0,11.8,8.0
2008-01-01,16.0,18.3,14.9
2008-01-02,0.0,0.1,0.0
2008-01-03,0.0,8.6,4.7
2008-01-04,0.0,1.1,0.0
2008-01-05,4.0,2.8,0.0
2008-01-06,3.0,0.2,0.0
2008-01-07,11.0,25.2,21.8
2008-01-08,1.0,8.8,4.9
2008-01-09,4.0,15.7,10.7
2008-01-10,0.0,0.8,0.0
2008-01-11,0.0,0.3,0.0
2008-01-12,6.0,2.1,0.0
2008-01-13,0.0,3.6,1.0
2008-01-14,0.0,3.2,1.0
2008-01-15,0.0,0.0,0.0
2008-01-16,2.0,0.1,0.0
2008-01-17,0.0,0.2,0.0
2008-01-18,0.0,0.2,0.0
2008-01-19,0.0,0.9,0.0
2008-01-20,0.0,2.0,0.0
2008-01-21,0.0,0.2,0.0
2008-01-22,0.0,1.3,0.0
2008-01-23,0.0,0.0,0.0
2008-01-24,0.0,0.5,0.0
2008-01-25,0.0,0.2,0.0
2008-01-26,0.0,6.1,4.2
2008-01-27,0.0,0.3,0.0
2008-01-28,2.0,0.1,0.0
2008-01-29,4.0,22.4,22.5
2008-01-30,0.0,0.5,0.0
2008-01-31,26.0,5.5,3.6
2008-02-01,0.0,0.7,0.0
2008-02-02,9.0,2.7,0.0
2008-02-03,14.0,27.0,31.1
2008-02-04,9.0,6.9,4.0
2008-02-06,1.0,7.6,4.6
2008-02-07,0.0,0.6,0.0
2008-02-08,5.0,0.5,0.0
2008-02-09,0.0,1.2,0.0
2008-02-10,0.0,2.0,0.0
2008-02-11,0.0,1.5,0.0
2008-02-12,28.0,11.2,11.2
2008-02-13,0.0,8.3,7.2
2008-02-14,0.0,1.4,0.0
2008-02-15,8.0,16.0,21.8
2008-02-16,0.0,0.3,0.0
2008-02-17,1.0,14.0,16.6
2008-02-19,0.0,5.4,3.0
2008-02-20,13.0,1.6,0.0
2008-02-21,0.0,7.7,6.5
2008-02-22,0.0,0.1,0.0
2008-02-23,0.0,0.0,0.0
2008-02-24,0.0,1.1,0.0
2008-02-25,3.0,7.4,6.0
2008-02-26,25.0,29.6,32.0
2008-02-27,9.0,0.6,0.0
2008-02-28,1.0,0.1,0.0
2008-02-29,17.0,1.7,0.0
2008-03-01,0.0,7.6,3.7
2008-03-02,0.0,0.2,0.0
2008-03-03,2.0,1.1,0.0
2008-03-04,0.0,0.0,0.0
2008-03-05,0.0,0.1,0.0
2008-03-06,1.0,4.2,1.1
2008-03-07,12.0,20.2,15.8
2008-03-08,4.0,4.3,1.2
2008-03-09,0.0,7.1,3.4
2008-03-10,4.0,0.2,0.0
2008-03-11,0.0,0.1,0.0
2008-03-12,3.0,0.5,0.0
2008-03-13,0.0,4.4,2.4
2008-03-14,1.0,0.4,0.0
2008-03-15,12.0,5.1,3.1
2008-03-16,7.0,7.1,4.9
2008-03-17,0.0,0.7,0.0
2008-03-18,0.0,4.0,2.0
2008-03-19,0.0,0.3,0.0
2008-03-20,2.0,0.1,0.0
2008-03-21,7.0,21.6,23.5
2008-03-22,4.0,7.0,4.7
2008-03-23,0.0,0.7,0.0
2008-03-24,3.0,0.0,0.0
2008-03-25,16.0,24.4,27.9
2008-03-26,0.0,3.2,1.0
2008-03-27,3.0,17.3,16.4
2008-03-28,22.0,29.4,35.6
2008-03-29,2.0,9.1,6.9
2008-03-30,1.0,1.2,0.0
2008-03-31,0.0,0.6,0.0
2008-04-01,16.0,14.6,13.2
2008-04-02,16.0,10.4,8.0
2008-04-03,0.0,0.2,0.0
2008-04-04,0.0,1.5,0.0
2008-04-05,0.0,18.2,16.1
2008-04-06,0.0,2.2,1.0
2008-04-07,5.0,1.1,0.0
2008-04-08,5.0,0.7,0.0
2008-04-09,49.0,8.0,5.6
2008-04-10,1.0,11.2,8.8
2008-04-11,3.0,0.0,0.0
2008-04-12,11.0,7.2,6.0
2008-04-13,37.0,30.9,39.2
2008-04-14,15.0,10.6,9.7
2008-04-15,9.0,14.1,13.8
2008-04-16,5.0,42.9,54.2
2008-04-17,16.0,16.7,16.4
2008-04-18,22.0,5.2,4.0
2008-04-19,0.0,0.0,0.0
2008-04-20,1.0,0.4,0.0
2008-04-21,2.0,0.0,0.0
2008-04-22,4.0,0.3,0.0
2008-04-23,3.0,0.1,0.0
2008-04-24,2.0,3.3,1.1
2008-04-25,26.0,31.3,46.9
2008-04-26,6.0,7.6,5.8
2008-04-27,1.0,9.6,8.2
2008-04-28,9.0,17.5,18.0
2008-04-29,1.0,0.8,0.0
2008-04-30,32.0,16.0,18.6
2008-05-01,0.0,14.4,12.1
2008-05-02,30.0,13.8,11.4
2008-05-03,7.0,4.8,1.9
2008-05-04,57.0,45.6,64.6
2008-05-05,2.0,9.0,6.2
2008-05-06,0.0,0.0,0.0
2008-05-08,29.0,8.9,6.1
2008-05-09,0.0,0.0,0.0
2008-05-10,0.0,0.4,0.0
2008-05-11,23.0,4.3,3.8
2008-05-12,82.0,27.1,32.1
2008-05-13,4.0,16.6,17.6
2008-05-14,7.0,2.5,1.9
2008-05-15,7.0,4.0,3.4
2008-05-16,24.0,42.1,48.1
2008-05-17,26.0,13.6,14.2
2008-05-18,2.0,0.0,0.0
2008-05-20,2.0,0.3,0.0
2008-05-21,84.0,22.7,29.0
2008-05-22,19.0,4.7,4.7
2008-05-23,0.0,0.2,0.0
2008-05-24,2.0,0.2,0.0
2008-05-25,40.0,19.4,22.0
2008-05-26,3.0,1.0,1.0
2008-05-27,4.0,0.2,0.0
2008-05-28,83.0,4.1,4.0
2008-05-29,19.0,4.7,4.6
2008-05-31,0.0,0.2,0.0
2008-06-01,50.0,10.8,12.3
2008-06-02,7.0,32.1,36.7
2008-06-03,6.0,2.6,3.4
2008-06-04,13.0,10.6,12.1
2008-06-05,43.0,28.3,32.4
2008-06-06,0.0,7.6,8.9
2008-06-07,1.0,3.0,3.9
2008-06-08,0.0,10.2,11.7
2008-06-09,0.0,0.2,0.0
2008-06-10,30.0,49.3,56.8
2008-06-11,14.0,2.9,2.9
2008-06-12,8.0,16.9,18.5
2008-06-13,37.0,25.2,28.7
2008-06-14,7.0,0.8,0.0
2008-06-16,0.0,0.2,0.0
2008-06-17,1.0,0.0,0.0
2008-06-18,1.0,0.7,0.0
2008-06-19,27.0,3.4,3.5
2008-06-20,14.0,4.6,4.8
2008-06-21,28.0,36.7,52.3
2008-06-22,76.0,63.1,92.5
2008-06-23,5.0,16.3,21.1
2008-06-24,23.0,61.7,92.5
2008-06-25,36.0,40.5,63.2
2008-06-26,18.0,0.3,0.0
2008-06-27,4.0,0.3,0.0
2008-06-28,3.0,0.3,0.0
2008-06-29,0.0,2.5,3.4
2008-06-30,2.0,10.9,14.1
2008-07-01,125.0,45.7,53.3
2008-07-02,13.0,2.6,5.7
2008-07-03,34.0,77.5,105.6
2008-07-04,36.0,22.0,27.4
2008-07-06,25.0,32.2,35.2
2008-07-07,39.0,50.6,61.3
2008-07-08,38.0,32.5,34.7
2008-07-09,4.0,0.4,0.0
2008-07-10,9.0,1.6,4.4
2008-07-11,21.0,1.8,6.1
2008-07-12,31.0,13.0,19.1
2008-07-13,18.0,32.5,34.2
2008-07-14,10.0,0.2,0.0
2008-07-15,37.0,0.2,0.0
2008-07-16,14.0,19.0,25.5
2008-07-17,83.0,14.8,21.1
2008-07-18,9.0,22.1,29.4
2008-07-19,0.0,1.4,5.5
2008-07-20,1.0,0.4,0.0
2008-07-21,4.0,14.6,24.6
2008-07-22,2.0,12.5,20.4
2008-07-23,90.0,137.3,208.0
2008-07-24,109.0,208.5,206.1
2008-07-25,15.0,13.1,21.1
2008-07-26,37.0,5.5,11.5
2008-07-27,10.0,8.2,15.1
2008-07-28,62.0,17.8,33.0
2008-07-30,6.0,1.0,4.9
2008-07-31,0.0,8.5,15.4
2008-08-01,1.0,9.2,13.6
2008-08-02,26.0,5.3,9.5
2008-08-03,1.0,4.7,8.8
2008-08-04,129.0,157.6,229.0
2008-08-05,31.0,22.3,27.6
2008-08-06,13.0,13.4,23.0
2008-08-07,26.0,2.5,6.2
2008-08-08,2.0,3.3,7.2
2008-08-09,2.0,2.5,6.2
2008-08-10,180.0,146.0,225.2
2008-08-11,22.0,18.8,30.9
2008-08-12,44.0,54.3,97.9
2008-08-13,40.0,23.6,36.9
2008-08-14,190.0,82.5,202.7
2008-08-15,19.0,18.6,33.0
2008-08-16,0.0,12.7,23.3
2008-08-17,38.0,81.7,201.6
2008-08-18,48.0,38.1,62.3
2008-08-19,70.0,14.6,27.5
2008-08-20,23.0,10.7,23.6
2008-08-21,36.0,11.8,19.8
2008-08-22,160.0,105.8,177.5
2008-08-23,15.0,47.2,64.8
2008-08-24,17.0,5.4,9.0
2008-08-25,105.0,58.5,84.9
2008-08-26,137.0,52.9,73.4
2008-08-27,1.0,0.6,0.0
2008-08-28,32.0,9.6,14.5
2008-08-29,2.0,11.3,16.7
2008-08-30,0.0,23.0,33.0
2008-08-31,1.0,6.1,10.0
2008-09-01,0.0,3.7,3.7
2008-09-02,1.0,10.3,12.7
2008-09-03,0.0,6.8,7.8
2008-09-04,17.0,8.9,10.8
2008-09-05,26.0,18.2,25.8
2008-09-06,23.0,18.0,23.5
2008-09-07,2.0,6.7,7.7
2008-09-09,0.0,2.3,2.0
2008-09-10,5.0,9.9,12.2
2008-09-12,6.0,0.6,0.0
2008-09-13,94.0,29.8,45.1
2008-09-14,6.0,17.5,21.4
2008-09-15,0.0,8.9,11.5
2008-09-16,6.0,42.0,63.5
2008-09-17,3.0,7.2,9.5
2008-09-18,3.0,6.9,9.1
2008-09-19,0.0,0.1,0.0
2008-09-20,22.0,1.4,2.5
2008-09-21,5.0,0.6,0.0
2008-09-22,0.0,11.2,11.1
2008-09-23,16.0,10.0,9.4
2008-09-25,108.0,34.6,44.5
2008-09-26,2.0,6.2,5.3
2008-09-27,2.0,9.0,8.4
2008-09-28,0.0,0.9,0.0
2008-09-29,0.0,0.9,0.0
2008-09-30,0.0,0.1,0.0
2008-10-01,42.0,9.4,9.2
2008-10-02,0.0,0.1,0.0
2008-10-03,20.0,9.2,8.7
2008-10-04,0.0,1.8,1.0
2008-10-05,20.0,0.9,0.0
2008-10-06,0.0,0.1,0.0
2008-10-07,0.0,6.4,5.6
2008-10-08,10.0,1.3,1.0
2008-10-09,2.0,1.5,1.0
2008-10-10,0.0,7.3,6.6
2008-10-11,0.0,0.6,0.0
2008-10-12,0.0,0.1,0.0
2008-10-13,8.0,1.5,0.0
2008-10-14,4.0,8.0,3.7
2008-10-15,4.0,1.3,0.0
2008-10-16,3.0,0.3,0.0
2008-10-17,6.0,0.6,0.0
2008-10-18,0.0,0.4,0.0
2008-10-20,1.0,9.7,6.2
2008-10-21,7.0,16.0,14.8
2008-10-22,0.0,10.1,6.4
2008-10-23,31.0,10.6,6.8
2008-10-25,6.0,2.2,0.0
2008-10-26,5.0,8.2,4.8
2008-10-27,13.0,8.3,4.9
2008-10-28,1.0,19.7,23.2
2008-10-29,0.0,12.9,9.1
2008-10-30,0.0,8.0,4.3
2008-10-31,0.0,11.8,7.8
2008-11-01,0.0,0.2,0.0
2008-11-02,0.0,1.9,0.0
2008-11-03,0.0,0.3,0.0
2008-11-04,0.0,0.4,0.0
2008-11-05,0.0,2.1,0.0
2008-11-06,0.0,8.5,5.3
2008-11-07,15.0,11.9,8.9
2008-11-08,0.0,0.1,0.0
2008-11-09,0.0,1.8,0.0
2008-11-10,0.0,4.9,1.8
2008-11-11,0.0,8.5,5.5
2008-11-12,0.0,1.1,0.0
2008-11-15,0.0,0.9,0.0
2008-11-16,7.0,3.6,0.0
2008-11-17,2.0,2.1,0.0
2008-11-18,0.0,0.0,0.0
2008-11-19,9.0,1.2,0.0
2008-11-20,0.0,3.8,1.0
2008-11-21,12.0,1.1,0.0
2008-11-22,42.0,6.1,0.0
2008-11-23,0.0,2.3,0.0
2008-11-24,4.0,14.8,10.3
2008-11-25,0.0,1.9,0.0
2008-11-26,1.0,19.1,23.3
2008-11-27,0.0,1.3,0.0
2008-11-28,34.0,39.8,62.4
2008-11-29,0.0,4.9,0.0
2008-11-30,0.0,15.5,10.9
2008-12-01,2.0,12.3,9.3
2008-12-02,7.0,11.7,8.8
2008-12-04,0.0,1.8,0.0
2008-12-06,0.0,15.9,20.9
2008-12-07,4.0,5.2,1.1
2008-12-08,0.0,6.8,2.9
2008-12-10,2.0,1.0,0.0
2008-12-11,12.0,8.0,6.9
2008-12-12,33.0,14.6,21.4
2008-12-13,0.0,3.6,1.0
2008-12-14,0.0,0.7,0.0
2008-12-15,0.0,15.8,24.1
2008-12-16,0.0,0.2,0.0
2008-12-17,0.0,1.4,0.0
2008-12-18,0.0,3.9,1.2
2008-12-19,7.0,24.3,36.3
2008-12-20,0.0,2.4,0.0
2008-12-21,0.0,1.0,0.0
2008-12-22,0.0,3.5,0.0
2008-12-23,76.0,19.3,23.8
2008-12-24,1.0,13.6,11.4
2008-12-26,3.0,33.7,47.0
2008-12-27,2.0,12.6,9.1
2008-12-28,0.0,1.6,0.0
2008-12-29,0.0,2.0,0.0
2008-12-30,0.0,7.0,2.9
2008-12-31,0.0,4.2,1.0
2009-01-01,4.0,10.8,6.7
2009-01-02,19.0,12.3,8.3
2009-01-03,0.0,2.5,0.0
2009-01-04,0.0,0.0,0.0
2009-01-05,3.0,0.5,0.0
2009-01-06,0.0,1.4,0.0
2009-01-07,12.0,4.4,1.1
2009-01-08,1.0,2.3,0.0
2009-01-09,3.0,1.2,0.0
2009-01-10,1.0,0.8,0.0
2009-01-11,0.0,1.0,0.0
2009-01-12,1.0,20.4,27.1
2009-01-13,0.0,5.6,3.0
2009-01-14,17.0,44.7,57.2
2009-01-15,3.0,4.8,2.2
2009-01-17,4.0,12.9,11.2
2009-01-18,0.0,0.2,0.0
2009-01-19,71.0,6.2,3.7
2009-01-20,32.0,8.6,6.4
2009-01-21,13.0,2.6,1.0
2009-01-22,1.0,0.0,0.0
2009-01-23,0.0,0.1,0.0
2009-01-24,0.0,0.4,0.0
2009-01-25,0.0,0.0,0.0
2009-01-26,26.0,6.4,4.6
2009-01-27,3.0,7.1,5.5
2009-01-28,0.0,2.8,1.0
2009-01-29,2.0,2.4,1.0
2009-01-30,1.0,0.9,0.0
2009-01-31,1.0,11.0,8.9
2009-02-01,0.0,1.7,0.0
2009-02-02,1.0,0.6,0.0
2009-02-03,0.0,0.7,0.0
2009-02-04,0.0,6.6,3.6
2009-02-05,31.0,27.1,30.7
2009-02-06,0.0,8.3,5.3
2009-02-07,0.0,0.2,0.0
2009-02-08,0.0,0.6,0.0
2009-02-09,15.0,1.1,0.0
2009-02-10,0.0,0.1,0.0
2009-02-12,15.0,14.4,17.7
2009-02-13,2.0,19.9,31.3
2009-02-14,0.0,0.3,0.0
2009-02-15,8.0,10.1,9.8
2009-02-17,0.0,2.9,0.0
2009-02-18,3.0,5.2,2.8
2009-02-19,0.0,5.5,3.2
2009-02-20,0.0,0.5,0.0
2009-02-21,12.0,0.7,0.0
2009-02-22,6.0,7.1,5.8
2009-02-23,16.0,5.0,3.5
2009-02-24,0.0,1.1,0.0
2009-02-25,3.0,13.1,12.2
2009-02-28,17.0,6.4,5.0
2009-03-01,0.0,3.8,1.0
2009-03-02,4.0,16.1,13.1
2009-03-03,0.0,3.7,1.0
2009-03-04,35.0,4.3,1.2
2009-03-05,21.0,40.1,50.8
2009-03-06,0.0,0.1,0.0
2009-03-07,0.0,3.0,1.0
2009-03-08,2.0,7.9,4.0
2009-03-09,0.0,11.6,7.0
2009-03-10,3.0,9.4,5.2
2009-03-11,0.0,1.7,0.0
2009-03-13,0.0,0.1,0.0
2009-03-14,0.0,0.1,0.0
2009-03-15,9.0,4.3,2.3
2009-03-16,1.0,0.8,0.0
2009-03-17,2.0,1.5,0.0
2009-03-18,0.0,2.4,1.0
2009-03-19,17.0,10.6,8.3
2009-03-21,0.0,0.0,0.0
2009-03-22,0.0,0.0,0.0
2009-03-23,1.0,0.1,0.0
2009-03-25,0.0,0.6,0.0
2009-03-27,0.0,6.3,4.0
2009-03-28,0.0,0.3,0.0
2009-03-29,0.0,0.3,0.0
2009-03-30,5.0,9.8,7.6
2009-03-31,11.0,0.9,0.0
2009-04-01,5.0,0.0,0.0
2009-04-02,0.0,1.0,0.0
2009-04-04,0.0,23.8,23.1
2009-04-05,0.0,1.5,0.0
2009-04-06,3.0,3.4,1.3
2009-04-07,0.0,0.1,0.0
2009-04-08,0.0,0.4,0.0
2009-04-09,0.0,0.4,0.0
2009-04-10,22.0,4.4,2.2
2009-04-11,0.0,0.8,0.0
2009-04-12,0.0,3.1,1.8
2009-04-13,2.0,0.6,0.0
2009-04-14,0.0,1.5,1.0
2009-04-15,20.0,25.0,29.8
2009-04-17,2.0,3.1,1.8
2009-04-18,1.0,10.2,9.3
2009-04-19,15.0,46.9,60.4
2009-04-20,0.0,14.3,14.1
2009-04-21,16.0,25.2,35.8
2009-04-22,0.0,0.1,0.0
2009-04-24,2.0,3.4,1.3
2009-04-25,0.0,0.1,0.0
2009-04-26,1.0,2.3,1.0
2009-04-27,10.0,5.2,3.2
2009-04-28,7.0,0.1,0.0
2009-04-29,1.0,0.0,0.0
2009-04-30,2.0,2.1,1.0
2009-05-01,18.0,4.7,1.8
2009-05-04,1.0,7.3,4.4
2009-05-05,6.0,2.8,1.0
2009-05-06,10.0,4.2,1.4
2009-05-07,5.0,0.7,0.0
2009-05-08,0.0,0.2,0.0
2009-05-09,0.0,0.5,0.0
2009-05-10,0.0,0.0,0.0
2009-05-11,13.0,6.7,6.5
2009-05-12,18.0,15.0,15.8
2009-05-13,48.0,37.8,42.9
2009-05-14,4.0,3.6,3.0
2009-05-15,3.0,4.1,3.6
2009-05-16,11.0,18.8,19.5
2009-05-17,0.0,2.8,2.2
2009-05-18,3.0,12.2,12.6
2009-05-19,10.0,9.2,9.2
2009-05-20,19.0,10.1,10.2
2009-05-22,9.0,4.9,4.9
2009-05-23,6.0,0.2,0.0
2009-05-24,9.0,1.0,1.0
2009-05-25,1.0,0.8,0.0
2009-05-26,67.0,1.3,1.0
2009-05-27,34.0,2.7,2.4
2009-05-28,9.0,7.3,7.6
2009-05-29,43.0,7.1,7.5
2009-05-30,7.0,1.3,1.0
2009-05-31,35.0,31.4,39.7
2009-06-01,20.0,23.6,29.3
2009-06-02,16.0,21.5,23.8
2009-06-03,7.0,11.3,12.9
2009-06-04,4.0,5.3,6.4
2009-06-05,11.0,20.2,22.3
2009-06-06,4.0,0.3,0.0
2009-06-07,2.0,0.0,0.0
2009-06-08,0.0,9.0,10.4
2009-06-09,3.0,7.2,8.4
2009-06-10,4.0,27.1,31.6
2009-06-11,0.0,1.0,1.0
2009-06-12,0.0,0.2,0.0
2009-06-13,0.0,0.0,0.0
2009-06-14,0.0,0.0,0.0
2009-06-15,0.0,0.1,0.0
2009-06-16,0.0,0.1,0.0
2009-06-17,0.0,5.6,6.0
2009-06-18,188.0,76.9,96.0
2009-06-19,0.0,2.2,2.2
2009-06-20,0.0,0.0,0.0
2009-06-21,0.0,0.0,0.0
2009-06-22,0.0,2.4,3.2
2009-06-23,0.0,1.2,1.8
2009-06-24,0.0,0.5,0.0
2009-06-25,3.0,2.7,3.6
2009-06-26,31.0,12.9,16.6
2009-06-27,11.0,0.2,0.0
2009-06-28,0.0,1.6,2.3
2009-06-29,0.0,1.9,2.7
2009-06-30,0.0,6.5,8.3
2009-07-01,44.0,30.8,39.3
2009-07-02,7.0,16.1,21.1
2009-07-03,4.0,5.0,8.7
2009-07-04,6.0,0.0,0.0
2009-07-05,0.0,0.0,0.0
2009-07-06,16.0,1.3,4.0
2009-07-07,3.0,0.0,0.0
2009-07-08,9.0,0.1,0.0
2009-07-09,33.0,2.0,5.0
2009-07-10,25.0,21.0,26.3
2009-07-11,25.0,30.1,40.9
2009-07-12,39.0,27.3,34.5
2009-07-13,0.0,0.0,0.0
2009-07-14,0.0,0.0,0.0
2009-07-15,0.0,1.6,5.8
2009-07-16,29.0,32.3,34.0
2009-07-17,15.0,20.4,26.8
2009-07-18,0.0,2.8,7.4
2009-07-19,33.0,42.3,43.9
2009-07-20,0.0,0.1,0.0
2009-07-21,3.0,16.7,28.8
2009-07-22,1.0,0.0,0.0
2009-07-23,0.0,3.6,9.0
2009-07-24,13.0,12.9,20.9
2009-07-25,0.0,6.7,13.1
2009-07-26,0.0,0.3,0.0
2009-07-27,6.0,1.2,5.2
2009-07-28,0.0,0.8,4.5
2009-07-29,1.0,2.2,6.8
2009-07-30,3.0,0.1,0.0
2009-07-31,0.0,0.1,0.0
2009-08-01,5.0,0.0,0.0
2009-08-02,11.0,0.0,0.0
2009-08-03,8.0,0.0,0.0
2009-08-04,0.0,0.2,0.0
2009-08-05,0.0,0.1,0.0
2009-08-06,2.0,0.0,0.0
2009-08-07,0.0,5.7,9.9
2009-08-08,4.0,4.6,8.6
2009-08-09,1.0,0.2,0.0
2009-08-10,0.0,0.1,0.0
2009-08-11,5.0,0.1,0.0
2009-08-12,0.0,0.1,0.0
2009-08-13,0.0,0.5,0.0
2009-08-14,0.0,0.0,0.0
2009-08-15,1.0,0.0,0.0
2009-08-16,0.0,0.0,0.0
2009-08-17,94.0,19.9,34.2
2009-08-18,2.0,0.7,3.8
2009-08-19,10.0,3.2,8.6
2009-08-20,1.0,7.4,15.1
2009-08-21,4.0,0.0,0.0
2009-08-22,0.0,0.0,0.0
2009-08-23,5.0,0.1,0.0
2009-08-24,1.0,9.7,14.5
2009-08-25,0.0,4.1,7.3
2009-08-26,0.0,0.1,0.0
2009-08-27,0.0,0.0,0.0
2009-08-28,0.0,0.0,0.0
2009-08-29,0.0,0.0,0.0
2009-08-30,0.0,0.4,0.0
2009-08-31,0.0,1.2,3.5
2009-09-01,0.0,0.0,0.0
2009-09-02,12.0,0.1,0.0
2009-09-03,3.0,2.8,2.6
2009-09-04,5.0,2.9,2.7
2009-09-05,29.0,9.0,10.9
2009-09-06,0.0,0.0,0.0
2009-09-07,0.0,0.5,0.0
2009-09-08,0.0,0.0,0.0
2009-09-09,0.0,0.0,0.0
2009-09-10,0.0,0.0,0.0
2009-09-11,0.0,0.0,0.0
2009-09-12,0.0,8.6,11.1
2009-09-13,12.0,0.3,0.0
2009-09-14,0.0,0.2,0.0
2009-09-15,0.0,0.0,0.0
2009-09-16,3.0,0.0,0.0
2009-09-17,0.0,0.1,0.0
2009-09-18,0.0,2.1,3.4
2009-09-19,3.0,1.9,3.2
2009-09-20,0.0,24.7,33.2
2009-09-21,0.0,1.9,1.0
2009-09-22,0.0,0.2,0.0
2009-09-23,0.0,0.0,0.0
2009-09-24,0.0,1.9,1.0
2009-09-25,0.0,1.7,1.0
2009-09-26,4.0,0.7,0.0
2009-09-27,6.0,0.8,0.0
2009-09-28,0.0,0.9,0.0
2009-09-29,0.0,0.0,0.0
2009-09-30,2.0,0.0,0.0
2009-10-01,0.0,0.0,0.0
2009-10-02,0.0,0.0,0.0
2009-10-03,0.0,0.4,0.0
2009-10-04,0.0,35.4,54.4
2009-10-05,17.0,33.9,52.5
2009-10-06,0.0,0.0,0.0
2009-10-07,1.0,0.4,0.0
2009-10-08,35.0,7.0,6.3
2009-10-09,10.0,3.9,2.8
2009-10-10,0.0,0.9,0.0
2009-10-11,0.0,24.1,32.2
2009-10-12,0.0,11.6,7.1
2009-10-13,0.0,0.0,0.0
2009-10-14,0.0,0.0,0.0
2009-10-15,0.0,0.0,0.0
2009-10-16,0.0,1.0,0.0
2009-10-17,0.0,4.9,1.2
2009-10-18,0.0,2.9,0.0
2009-10-19,63.0,165.1,52.8
2009-10-20,0.0,14.3,9.1
2009-10-21,0.0,0.0,0.0
2009-10-22,1.0,0.6,0.0
2009-10-23,0.0,0.4,0.0
2009-10-24,0.0,0.3,0.0
2009-10-25,0.0,0.6,0.0
2009-10-26,0.0,0.0,0.0
2009-10-27,0.0,0.2,0.0
2009-10-28,0.0,0.0,0.0
2009-10-29,0.0,0.0,0.0
2009-10-30,0.0,0.0,0.0
2009-10-31,0.0,0.0,0.0
2009-11-01,0.0,0.0,0.0
2009-11-03,0.0,0.2,0.0
2009-11-04,0.0,0.0,0.0
2009-11-05,0.0,30.6,40.0
2009-11-06,34.0,3.8,1.0
2009-11-07,25.0,0.0,0.0
2009-11-08,0.0,0.4,0.0
2009-11-09,3.0,2.9,0.0
2009-11-10,5.0,8.2,4.8
2009-11-11,13.0,1.0,0.0
2009-11-12,0.0,0.5,0.0
2009-11-13,0.0,1.3,0.0
2009-11-15,0.0,0.1,0.0
2009-11-16,0.0,4.5,1.0
2009-11-17,0.0,2.0,0.0
2009-11-18,0.0,0.2,0.0
2009-11-19,0.0,0.0,0.0
2009-11-20,0.0,0.1,0.0
2009-11-21,0.0,0.0,0.0
2009-11-22,0.0,0.0,0.0
2009-11-23,0.0,0.0,0.0
2009-11-24,0.0,0.0,0.0
2009-11-25,0.0,2.6,0.0
2009-11-26,0.0,0.3,0.0
2009-11-27,0.0,0.4,0.0
2009-11-28,0.0,2.7,0.0
2009-11-29,0.0,0.4,0.0
2009-12-02,8.0,6.3,2.2
2009-12-03,0.0,0.1,0.0
2009-12-04,0.0,0.1,0.0
2009-12-05,0.0,0.1,0.0
2009-12-06,3.0,1.7,0.0
2009-12-07,0.0,7.8,4.0
2009-12-08,0.0,0.0,0.0
2009-12-09,0.0,0.0,0.0
2009-12-10,3.0,3.1,0.0
2009-12-11,0.0,0.0,0.0
2009-12-12,0.0,0.0,0.0
2009-12-13,0.0,0.0,0.0
2009-12-14,0.0,0.0,0.0
2009-12-15,38.0,5.2,3.0
2009-12-16,7.0,6.9,5.4
2009-12-17,69.0,24.9,36.7
2009-12-18,17.0,1.5,0.0
2009-12-19,0.0,0.5,0.0
2009-12-20,1.0,0.3,0.0
2009-12-21,1.0,1.5,0.0
2009-12-22,8.0,7.7,3.7
2009-12-23,0.0,0.6,0.0
2009-12-24,0.0,0.1,0.0
2009-12-25,0.0,1.1,0.0
2009-12-26,12.0,16.3,16.9
2009-12-27,2.0,12.6,8.6
2009-12-29,0.0,7.0,2.9
2009-12-30,0.0,0.6,0.0
2009-12-31,8.0,5.2,1.2
2010-01-01,4.0,15.3,10.1
2010-01-02,2.0,0.9,0.0
2010-01-03,0.0,0.2,0.0
2010-01-04,0.0,0.1,0.0
2010-01-05,0.0,1.2,0.0
2010-01-06,0.0,3.1,0.0
2010-01-07,0.0,9.8,5.8
2010-01-08,0.0,1.0,0.0
2010-01-09,0.0,1.9,0.0
2010-01-10,3.0,11.8,7.8
2010-01-11,0.0,1.1,0.0
2010-01-12,0.0,12.8,10.7
2010-01-13,9.0,1.7,0.0
2010-01-14,0.0,5.0,2.4
2010-01-15,15.0,31.5,44.4
2010-01-16,26.0,19.1,25.2
2010-01-17,3.0,7.1,4.7
2010-01-18,0.0,10.2,8.1
2010-01-19,15.0,10.3,8.9
2010-01-20,1.0,0.8,0.0
2010-01-21,0.0,0.4,0.0
2010-01-22,0.0,0.0,0.0
2010-01-23,0.0,0.0,0.0
2010-01-24,5.0,0.7,0.0
2010-01-25,0.0,5.3,3.3
2010-01-26,0.0,0.8,0.0
2010-01-27,0.0,0.1,0.0
2010-01-28,0.0,0.9,0.0
2010-01-29,0.0,0.5,0.0
2010-01-30,0.0,0.2,0.0
2010-01-31,0.0,2.3,1.0
2010-02-01,0.0,0.0,0.0
2010-02-02,0.0,4.4,1.4
2010-02-03,0.0,0.1,0.0
2010-02-04,0.0,0.0,0.0
2010-02-05,0.0,0.1,0.0
2010-02-06,0.0,0.0,0.0
2010-02-07,0.0,0.1,0.0
2010-02-08,0.0,0.0,0.0
2010-02-09,0.0,0.1,0.0
2010-02-10,0.0,0.0,0.0
2010-02-11,0.0,0.0,0.0
2010-02-12,0.0,0.0,0.0
2010-02-13,0.0,0.4,0.0
2010-02-14,0.0,0.0,0.0
2010-02-15,0.0,0.0,0.0
2010-02-16,0.0,15.7,22.0
2010-02-17,24.0,3.0,0.0
2010-02-18,0.0,0.6,0.0
2010-02-19,0.0,0.5,0.0
2010-02-20,4.0,25.9,46.5
2010-02-21,0.0,4.7,3.2
2010-02-22,0.0,2.4,1.0
2010-02-23,0.0,0.2,0.0
2010-02-24,0.0,0.0,0.0
2010-02-25,0.0,0.0,0.0
2010-02-26,0.0,0.2,0.0
2010-02-27,0.0,0.0,0.0
2010-02-28,0.0,0.0,0.0
2010-03-01,1.0,0.0,0.0
2010-03-02,0.0,0.0,0.0
2010-03-03,0.0,0.0,0.0
2010-03-04,0.0,0.0,0.0
2010-03-05,0.0,1.7,0.0
2010-03-06,1.0,0.4,0.0
2010-03-07,75.0,43.1,55.8
2010-03-08,0.0,2.9,1.0
2010-03-09,1.0,2.5,0.0
2010-03-10,71.0,4.7,1.5
2010-03-11,2.0,1.3,0.0
2010-03-12,41.0,1.8,0.0
2010-03-13,3.0,1.0,0.0
2010-03-14,11.0,2.0,1.0
2010-03-15,28.0,1.1,0.0
2010-03-16,0.0,0.0,0.0
2010-03-17,0.0,2.0,1.0
2010-03-18,0.0,2.5,1.0
2010-03-19,0.0,5.3,3.3
2010-03-20,0.0,9.6,7.1
2010-03-21,0.0,0.9,0.0
2010-03-22,0.0,0.7,0.0
2010-03-23,0.0,0.1,0.0
2010-03-24,0.0,0.2,0.0
2010-03-25,1.0,7.4,5.1
2010-03-26,6.0,40.1,44.5
2010-03-27,0.0,0.2,0.0
2010-03-28,2.0,9.2,6.9
2010-03-29,0.0,10.0,7.8
2010-03-30,50.0,3.2,1.0
2010-03-31,2.0,29.8,36.8
2010-04-01,3.0,17.3,15.1
2010-04-02,0.0,0.2,0.0
2010-04-03,0.0,6.5,4.1
2010-04-04,0.0,1.1,0.0
2010-04-05,0.0,4.5,2.3
2010-04-06,0.0,1.6,0.0
2010-04-07,0.0,0.3,0.0
2010-04-08,28.0,0.1,0.0
2010-04-09,0.0,0.1,0.0
2010-04-10,0.0,0.7,0.0
2010-04-11,0.0,6.6,5.4
2010-04-12,0.0,1.1,0.0
2010-04-13,0.0,2.1,1.0
2010-04-14,36.0,4.2,2.9
2010-04-15,21.0,1.0,0.0
2010-04-16,1.0,1.6,1.0
2010-04-17,0.0,1.8,1.0
2010-04-18,14.0,16.5,16.9
2010-04-19,1.0,1.1,0.0
2010-04-20,2.0,13.6,13.7
2010-04-21,0.0,0.6,0.0
2010-04-22,29.0,12.5,12.0
2010-04-23,0.0,0.0,0.0
2010-04-24,0.0,0.0,0.0
2010-04-25,1.0,0.2,0.0
2010-04-26,0.0,0.0,0.0
2010-04-27,0.0,0.3,0.0
2010-04-28,24.0,10.0,8.8
2010-04-29,4.0,6.9,5.0
2010-04-30,0.0,6.0,4.0
2010-05-01,1.0,10.1,7.3
2010-05-02,0.0,1.4,0.0
2010-05-03,5.0,4.1,1.3
2010-05-04,0.0,9.4,6.6
2010-05-05,8.0,10.0,7.3
2010-05-06,25.0,20.9,20.9
2010-05-07,4.0,16.0,13.9
2010-05-08,17.0,16.4,14.4
2010-05-09,38.0,57.2,80.1
2010-05-10,0.0,3.7,1.0
2010-05-11,33.0,17.4,20.6
2010-05-12,7.0,7.7,7.5
2010-05-13,7.0,17.1,18.2
2010-05-14,32.0,39.0,43.7
2010-05-15,0.0,0.1,0.0
2010-05-16,3.0,18.6,20.5
2010-05-17,0.0,1.0,1.0
2010-05-18,9.0,5.6,5.2
2010-05-19,12.0,12.8,13.3
2010-05-20,0.0,4.8,4.4
2010-05-21,8.0,7.0,7.4
2010-05-22,0.0,0.6,0.0
2010-05-23,4.0,18.5,19.2
2010-05-24,11.0,11.7,12.7
2010-05-25,0.0,0.0,0.0
2010-05-26,0.0,1.1,1.0
2010-05-27,0.0,1.5,1.0
2010-05-28,0.0,9.9,10.7
2010-05-29,0.0,0.1,0.0
2010-05-30,0.0,4.9,4.9
2010-05-31,0.0,1.7,1.2
2010-06-01,16.0,8.4,9.7
2010-06-02,46.0,22.3,25.9
2010-06-03,7.0,4.3,5.3
2010-06-04,42.0,19.6,21.7
2010-06-05,46.0,42.5,48.8
2010-06-06,21.0,1.8,2.5
2010-06-07,7.0,0.0,0.0
2010-06-08,0.0,0.7,0.0
2010-06-09,0.0,1.9,2.6
2010-06-10,4.0,7.4,8.6
2010-06-11,19.0,35.1,38.5
2010-06-12,77.0,40.5,46.9
2010-06-13,27.0,13.5,14.7
2010-06-14,0.0,0.2,0.0
2010-06-15,0.0,13.1,14.3
2010-06-16,48.0,38.1,43.6
2010-06-17,78.0,37.9,43.9
2010-06-18,28.0,28.0,32.0
2010-06-19,8.0,0.0,0.0
2010-06-20,0.0,0.3,0.0
2010-06-21,39.0,23.0,32.1
2010-06-22,10.0,29.9,39.9
2010-06-23,0.0,0.0,0.0
2010-06-24,0.0,0.1,0.0
2010-06-25,0.0,0.0,0.0
2010-06-26,4.0,4.9,6.3
2010-06-27,15.0,27.9,38.8
2010-06-28,3.0,15.1,19.5
2010-06-29,0.0,3.8,4.9
2010-06-30,0.0,1.9,2.7
2010-07-01,2.0,3.3,6.5
2010-07-02,15.0,3.6,7.0
2010-07-03,2.0,0.1,0.0
2010-07-04,28.0,6.2,10.1
2010-07-05,0.0,17.9,23.0
2010-07-06,0.0,0.0,0.0
2010-07-08,14.0,7.5,11.5
2010-07-09,0.0,4.6,8.2
2010-07-10,5.0,31.9,38.9
2010-07-11,1.0,2.7,7.2
2010-07-12,1.0,0.7,0.0
2010-07-13,4.0,1.0,4.9
2010-07-14,17.0,55.4,63.2
2010-07-15,10.0,5.3,10.4
2010-07-16,11.0,7.4,12.9
2010-07-17,4.0,0.9,4.7
2010-07-18,12.0,10.6,16.4
2010-07-19,27.0,6.8,12.2
2010-07-20,30.0,56.6,68.2
2010-07-21,18.0,12.5,20.4
2010-07-22,13.0,8.6,15.6
2010-07-23,18.0,22.3,31.6
2010-07-24,1.0,0.8,4.5
2010-07-25,10.0,3.5,8.8
2010-07-26,30.0,1.2,5.2
2010-07-27,7.0,1.3,5.3
2010-07-28,3.0,6.8,13.2
2010-07-29,13.0,18.8,28.3
2010-07-30,0.0,0.5,0.0
2010-08-01,3.0,9.1,13.5
2010-08-02,1.0,5.1,9.3
2010-08-03,136.0,211.5,229.9
2010-08-04,103.0,127.0,197.7
2010-08-05,21.0,17.1,21.1
2010-08-06,43.0,19.7,24.7
2010-08-07,109.0,94.8,132.9
2010-08-08,17.0,27.5,33.5
2010-08-09,10.0,17.2,23.5
2010-08-10,0.0,0.3,0.0
2010-08-11,1.0,12.3,24.7
2010-08-12,88.0,50.5,95.1
2010-08-13,5.0,0.0,0.0
2010-08-14,21.0,12.6,23.3
2010-08-15,0.0,2.7,7.6
2010-08-16,8.0,41.7,67.8
2010-08-17,4.0,9.6,18.8
2010-08-18,18.0,15.0,27.9
2010-08-19,8.0,9.8,19.2
2010-08-20,0.0,0.5,0.0
2010-08-21,11.0,4.4,7.7
2010-08-22,2.0,0.9,3.0
2010-08-23,25.0,23.5,34.3
2010-08-24,64.0,18.0,25.8
2010-08-25,21.0,15.1,21.3
2010-08-26,0.0,2.1,4.7
2010-08-27,0.0,2.4,5.1
2010-08-28,0.0,1.7,4.1
2010-08-29,15.0,57.0,82.2
2010-08-30,11.0,63.5,92.6
2010-08-31,2.0,3.8,7.0
2010-09-01,31.0,4.9,5.3
2010-09-02,6.0,0.5,0.0
2010-09-03,18.0,79.2,145.9
2010-09-04,0.0,6.9,8.0
2010-09-05,0.0,5.3,5.8
2010-09-06,0.0,6.4,7.3
2010-09-07,2.0,11.9,15.0
2010-09-08,3.0,23.6,31.1
2010-09-09,2.0,14.0,17.4
2010-09-10,10.0,0.9,1.0
2010-09-11,2.0,1.0,2.0
2010-09-12,4.0,17.4,20.8
2010-09-13,2.0,8.5,10.9
2010-09-14,0.0,3.1,4.6
2010-09-15,0.0,1.5,2.7
2010-09-16,0.0,2.5,3.8
2010-09-17,2.0,0.1,0.0
2010-09-18,0.0,4.5,6.2
2010-09-19,9.0,30.3,44.2
2010-09-20,0.0,1.9,3.2
2010-09-21,1.0,4.1,3.2
2010-09-22,1.0,14.0,13.7
2010-09-23,12.0,2.2,1.3
2010-09-24,0.0,1.2,1.0
2010-09-25,34.0,2.0,1.1
2010-09-26,4.0,22.9,25.9
2010-09-27,10.0,15.5,16.2
2010-09-28,4.0,8.8,8.1
2010-09-29,0.0,1.0,0.0
2010-09-30,11.0,21.0,22.4
2010-10-01,14.0,1.2,0.0
2010-10-02,0.0,0.2,0.0
2010-10-03,0.0,26.9,41.0
2010-10-04,2.0,8.0,7.3
2010-10-05,0.0,5.7,4.8
2010-10-06,3.0,0.5,0.0
2010-10-07,20.0,15.4,22.4
2010-10-08,0.0,5.4,4.4
2010-10-09,37.0,105.7,72.8
2010-10-10,0.0,7.2,6.5
2010-10-11,0.0,4.0,1.0
2010-10-12,0.0,13.2,8.2
2010-10-13,0.0,0.6,0.0
2010-10-14,0.0,0.2,0.0
2010-10-15,0.0,6.5,2.5
2010-10-16,6.0,17.0,16.0
2010-10-17,1.0,15.8,11.6
2010-10-18,0.0,4.7,1.0
2010-10-19,0.0,2.1,0.0
2010-10-20,0.0,6.2,2.2
2010-10-21,0.0,4.3,1.2
2010-10-22,0.0,14.4,9.8
2010-10-23,0.0,7.2,3.7
2010-10-24,0.0,2.9,0.0
2010-10-25,1.0,7.3,3.8
2010-10-26,0.0,1.5,0.0
2010-10-27,46.0,31.8,37.0
2010-10-28,0.0,10.1,6.4
2010-10-29,0.0,6.5,3.1
2010-10-30,0.0,1.5,0.0
2010-10-31,0.0,1.3,0.0
2010-11-01,4.0,6.2,3.1
2010-11-02,0.0,1.0,0.0
2010-11-03,26.0,70.3,48.9
2010-11-04,18.0,8.4,5.7
2010-11-05,17.0,3.1,1.0
2010-11-06,0.0,6.7,3.6
2010-11-07,0.0,1.8,0.0
2010-11-08,0.0,0.0,0.0
2010-11-09,0.0,0.0,0.0
2010-11-10,0.0,3.9,1.0
2010-11-11,0.0,5.5,2.1
2010-11-12,0.0,6.8,3.7
2010-11-13,0.0,0.1,0.0
2010-11-14,0.0,0.8,0.0
2010-11-15,0.0,1.8,0.0
2010-11-16,0.0,3.2,0.0
2010-11-17,27.0,16.4,18.6
2010-11-18,0.0,0.4,0.0
2010-11-19,0.0,2.4,0.0
2010-11-20,0.0,0.8,0.0
2010-11-21,0.0,0.5,0.0
2010-11-22,3.0,16.0,12.6
2010-11-23,0.0,1.9,0.0
2010-11-24,6.0,1.4,0.0
2010-11-25,0.0,0.4,0.0
2010-11-26,0.0,9.9,4.1
2010-11-27,0.0,0.3,0.0
2010-11-28,1.0,26.6,34.9
2010-11-29,0.0,1.0,0.0
2010-11-30,0.0,0.9,0.0
2010-12-01,0.0,7.0,3.1
2010-12-02,0.0,8.8,5.2
2010-12-03,0.0,2.6,0.0
2010-12-04,33.0,49.0,51.9
2010-12-05,0.0,0.5,0.0
2010-12-06,0.0,6.3,2.3
2010-12-07,0.0,5.6,1.5
2010-12-08,11.0,24.0,39.5
2010-12-09,0.0,1.3,0.0
2010-12-10,0.0,4.6,1.0
2010-12-11,0.0,1.5,0.0
2010-12-12,9.0,8.4,7.4
2010-12-13,0.0,0.8,0.0
2010-12-14,6.0,49.7,53.7
2010-12-15,1.0,2.0,0.0
2010-12-16,0.0,0.8,0.0
2010-12-17,0.0,0.2,0.0
2010-12-18,39.0,10.3,9.9
2010-12-19,61.0,6.0,4.1
2010-12-20,22.0,2.0,0.0
2010-12-21,1.0,8.5,4.5
2010-12-22,0.0,26.3,34.4
2010-12-23,0.0,30.9,42.6
2010-12-24,18.0,13.7,11.2
2010-12-25,0.0,2.0,0.0
2010-12-26,2.0,0.6,0.0
2010-12-27,0.0,3.9,1.0
2010-12-28,0.0,3.2,0.0
2010-12-29,0.0,1.7,0.0
2010-12-30,7.0,24.5,31.8
2010-12-31,0.0,14.6,14.4
2011-01-01,0.0,8.9,5.0
2011-01-02,0.0,0.0,0.0
2011-01-03,0.0,0.1,0.0
2011-01-04,0.0,0.2,0.0
2011-01-05,2.0,26.4,22.9
2011-01-06,0.0,1.9,0.0
2011-01-07,0.0,2.4,0.0
2011-01-08,0.0,0.7,0.0
2011-01-09,21.0,14.5,10.0
2011-01-10,0.0,0.3,0.0
2011-01-11,0.0,0.6,0.0
2011-01-12,3.0,20.1,26.8
2011-01-13,32.0,17.4,22.8
2011-01-14,0.0,0.0,0.0
2011-01-15,3.0,0.1,0.0
2011-01-16,4.0,19.3,25.4
2011-01-17,1.0,8.7,6.4
2011-01-18,0.0,0.0,0.0
2011-01-19,0.0,25.0,34.2
2011-01-20,0.0,0.7,0.0
2011-01-21,0.0,2.9,1.1
2011-01-22,2.0,19.8,19.9
2011-01-23,3.0,8.3,6.4
2011-01-24,0.0,2.8,1.0
2011-01-25,18.0,13.6,14.2
2011-01-26,5.0,2.0,0.0
2011-01-27,9.0,1.7,0.0
2011-01-28,3.0,2.1,1.0
2011-01-29,0.0,2.7,1.0
2011-01-30,0.0,2.3,1.0
2011-01-31,0.0,2.3,1.0
2011-03-01,1.0,12.2,8.5
2011-03-02,6.0,116.5,72.4
2011-03-03,8.0,11.5,7.0
2011-03-04,0.0,0.0,0.0
2011-03-05,0.0,0.3,0.0
2011-03-06,0.0,1.0,0.0
2011-03-07,0.0,1.4,0.0
2011-03-08,4.0,19.7,12.9
2011-03-09,0.0,5.4,2.0
2011-03-10,0.0,2.4,0.0
2011-03-11,3.0,5.1,3.0
2011-03-12,0.0,0.9,0.0
2011-03-13,1.0,0.4,0.0
2011-03-14,0.0,0.3,0.0
2011-03-15,11.0,15.7,17.6
2011-03-16,5.0,26.2,30.0
2011-03-17,7.0,3.2,1.3
2011-03-18,0.0,10.5,8.1
2011-03-19,7.0,8.2,6.3
2011-03-20,1.0,3.7,1.8
2011-03-21,2.0,4.6,2.2
2011-03-22,5.0,0.3,0.0
2011-03-23,2.0,3.3,1.0
2011-03-24,4.0,23.2,25.8
2011-03-25,8.0,20.9,21.4
2011-03-26,5.0,6.3,4.0
2011-03-27,57.0,31.3,37.7
2011-03-28,40.0,6.2,3.8
2011-03-29,0.0,7.7,5.4
2011-03-30,0.0,15.9,14.2
2011-03-31,0.0,7.3,4.9
2011-04-01,0.0,2.1,1.0
2011-04-02,0.0,0.6,0.0
2011-04-03,1.0,2.1,1.0
2011-04-04,14.0,12.0,9.7
2011-04-05,4.0,0.2,0.0
2011-04-06,30.0,0.2,0.0
2011-04-07,0.0,0.1,0.0
2011-04-08,2.0,7.0,4.5
2011-04-09,39.0,7.1,4.7
2011-04-10,0.0,7.0,4.5
2011-04-11,0.0,1.5,1.0
2011-04-12,3.0,8.9,7.8
2011-04-13,0.0,0.1,0.0
2011-04-14,0.0,0.5,0.0
2011-04-15,0.0,1.1,0.0
2011-04-16,0.0,5.2,4.0
2011-04-17,4.0,7.6,6.5
2011-04-18,0.0,2.4,1.1
2011-04-19,1.0,0.3,0.0
2011-04-20,9.0,7.0,5.8
2011-04-21,1.0,9.2,7.8
2011-04-22,4.0,1.1,0.0
2011-04-23,0.0,9.1,7.6
2011-04-24,7.0,1.0,0.0
2011-04-25,1.0,4.5,2.4
2011-04-26,2.0,6.4,4.5
2011-04-27,0.0,5.1,3.0
2011-04-28,3.0,14.9,16.2
2011-04-29,0.0,2.5,1.0
2011-04-30,1.0,7.1,5.3
2011-05-01,17.0,22.7,22.5
2011-05-02,1.0,15.0,12.8
2011-05-03,35.0,23.2,24.8
2011-05-04,0.0,3.6,1.0
2011-05-05,0.0,0.9,0.0
2011-05-06,2.0,10.1,7.4
2011-05-07,15.0,19.7,18.3
2011-05-08,0.0,0.1,0.0
2011-05-09,0.0,0.1,0.0
2011-05-10,0.0,1.6,0.0
2011-05-11,6.0,5.9,5.6
2011-05-12,6.0,25.8,28.1
2011-05-13,27.0,96.9,158.6
2011-05-14,30.0,39.6,46.2
2011-05-15,1.0,1.4,1.0
2011-05-16,8.0,6.1,5.7
2011-05-17,47.0,10.7,10.9
2011-05-18,70.0,72.2,99.6
2011-05-19,82.0,38.7,46.7
2011-05-20,18.0,3.1,2.5
2011-05-21,63.0,113.8,170.1
2011-05-22,84.0,32.1,42.7
2011-05-23,10.0,13.1,14.2
2011-05-24,208.0,216.1,167.5
2011-05-25,3.0,4.5,4.4
2011-05-26,13.0,5.7,5.8
2011-05-27,4.0,22.9,31.2
2011-05-28,1.0,13.2,14.3
2011-05-29,5.0,2.4,2.0
2011-05-30,25.0,42.2,58.9
2011-05-31,9.0,55.2,81.7
2011-06-01,68.0,88.0,114.2
2011-06-02,9.0,4.7,5.7
2011-06-03,37.0,92.6,121.9
2011-06-04,8.0,23.1,26.9
2011-06-05,36.0,11.6,13.2
2011-06-06,37.0,0.6,0.0
2011-06-07,101.0,71.3,88.1
2011-06-08,4.0,5.8,6.9
2011-06-09,2.0,12.0,13.6
2011-06-10,8.0,3.2,4.0
2011-06-11,74.0,38.9,46.1
2011-06-12,70.0,11.1,12.1
2011-06-13,12.0,0.3,0.0
2011-06-14,6.0,0.8,0.0
2011-06-15,0.0,1.5,1.3
2011-06-16,7.0,0.0,0.0
2011-06-17,30.0,10.7,11.6
2011-06-18,0.0,7.3,7.8
2011-06-19,7.0,3.7,3.8
2011-06-20,27.0,3.9,4.1
2011-06-21,2.0,12.6,16.3
2011-06-22,30.0,21.0,26.6
2011-06-23,16.0,5.1,6.6
2011-06-24,8.0,18.4,23.9
2011-06-25,6.0,19.8,25.7
2011-06-26,2.0,1.3,2.0
2011-06-27,1.0,0.0,0.0
2011-06-28,0.0,0.0,0.0
2011-06-29,11.0,0.0,0.0
2011-06-30,2.0,0.6,0.0
2011-07-01,9.0,0.4,0.0
2011-07-02,3.0,0.0,0.0
2011-07-03,0.0,15.5,20.3
2011-07-04,0.0,0.1,0.0
2011-07-05,0.0,11.5,16.0
2011-07-06,17.0,32.8,36.6
2011-07-07,2.0,40.7,46.4
2011-07-08,5.0,1.3,4.0
2011-07-09,26.0,9.5,13.7
2011-07-10,12.0,1.8,4.7
2011-07-11,4.0,0.0,0.0
2011-07-12,18.0,4.3,9.2
2011-07-13,10.0,0.2,0.0
2011-07-14,9.0,0.1,0.0
2011-07-15,0.0,0.0,0.0
2011-07-16,2.0,3.0,7.6
2011-07-17,47.0,16.8,23.2
2011-07-18,20.0,55.0,61.0
2011-07-19,32.0,23.5,30.9
2011-07-20,53.0,120.9,190.6
2011-07-21,5.0,5.5,11.6
2011-07-22,0.0,0.2,0.0
2011-07-23,0.0,0.3,0.0
2011-07-24,0.0,0.4,0.0
2011-07-25,0.0,0.0,0.0
2011-07-26,0.0,0.1,0.0
2011-07-27,6.0,0.0,0.0
2011-07-28,25.0,0.0,0.0
2011-07-29,91.0,15.6,29.3
2011-07-30,125.0,55.8,89.6
2011-07-31,16.0,21.4,33.2
2011-08-01,8.0,15.9,21.3
2011-08-02,7.0,3.9,7.9
2011-08-03,0.0,0.4,0.0
2011-08-04,0.0,0.9,4.0
2011-08-05,0.0,0.1,0.0
2011-08-06,0.0,0.0,0.0
2011-08-07,0.0,2.0,5.5
2011-08-08,3.0,13.8,18.7
2011-08-09,42.0,37.2,42.9
2011-08-10,4.0,0.1,0.0
2011-08-11,0.0,0.0,0.0
2011-08-12,0.0,0.0,0.0
2011-08-13,0.0,0.0,0.0
2011-08-14,4.0,0.7,3.8
2011-08-15,17.0,30.8,47.3
2011-08-16,7.0,8.9,17.3
2011-08-17,0.0,0.1,0.0
2011-08-18,0.0,0.0,0.0
2011-08-19,16.0,1.0,4.3
2011-08-20,16.0,6.4,13.6
2011-08-21,1.0,3.5,6.5
2011-08-22,3.0,0.5,0.0
2011-08-23,7.0,0.2,0.0
2011-08-24,12.0,4.1,7.3
2011-08-25,7.0,30.1,33.6
2011-08-26,3.0,0.1,0.0
2011-08-27,2.0,0.1,0.0
2011-08-28,3.0,0.8,2.9
2011-08-29,21.0,24.5,34.1
2011-08-30,1.0,5.4,9.1
2011-08-31,22.0,7.5,11.7
2011-09-01,16.0,9.9,12.2
2011-09-02,61.0,52.6,85.7
2011-09-03,1.0,3.6,3.6
2011-09-04,4.0,15.5,20.3
2011-09-05,157.0,62.3,110.8
2011-09-06,4.0,35.9,47.8
2011-09-07,0.0,8.2,9.7
2011-09-08,5.0,2.8,2.6
2011-09-09,11.0,1.0,1.0
2011-09-10,6.0,3.5,3.5
2011-09-11,19.0,0.2,0.0
2011-09-12,52.0,4.0,5.6
2011-09-13,24.0,12.9,17.0
2011-09-14,25.0,0.9,2.0
2011-09-15,1.0,11.0,15.1
2011-09-16,0.0,0.4,0.0
2011-09-17,3.0,2.5,3.9
2011-09-18,4.0,0.3,0.0
2011-09-19,4.0,4.7,6.4
2011-09-20,0.0,12.9,15.6
2011-09-21,0.0,0.1,0.0
2011-09-22,0.0,0.2,0.0
2011-09-23,0.0,0.0,0.0
2011-09-24,0.0,1.4,1.0
2011-09-25,3.0,6.2,5.4
2011-09-26,3.0,0.2,0.0
2011-09-27,0.0,0.5,0.0
2011-09-28,1.0,0.0,0.0
2011-09-29,0.0,3.2,2.2
2011-09-30,0.0,0.0,0.0
2011-10-01,0.0,0.0,0.0
2011-10-02,0.0,0.0,0.0
2011-10-03,0.0,0.7,0.0
2011-10-04,0.0,1.0,0.0
2011-10-05,0.0,0.0,0.0
2011-10-06,0.0,3.6,2.5
2011-10-07,0.0,0.0,0.0
2011-10-08,0.0,0.0,0.0
2011-10-09,8.0,8.4,8.8
2011-10-10,4.0,3.1,1.9
2011-10-11,3.0,0.6,0.0
2011-10-12,0.0,0.7,0.0
2011-10-13,1.0,17.6,17.0
2011-10-14,4.0,6.6,2.6
2011-10-15,2.0,2.3,0.0
2011-10-16,0.0,0.2,0.0
2011-10-17,1.0,0.1,0.0
2011-10-18,0.0,2.0,0.0
2011-10-19,0.0,0.1,0.0
2011-10-20,0.0,0.0,0.0
2011-10-21,3.0,0.0,0.0
2011-10-22,0.0,0.7,0.0
2011-10-23,1.0,0.2,0.0
2011-10-24,12.0,32.6,37.5
2011-10-25,0.0,13.4,9.2
2011-10-26,6.0,4.5,1.4
2011-10-27,0.0,0.4,0.0
2011-10-28,10.0,0.3,0.0
2011-10-29,1.0,8.9,5.3
2011-10-30,0.0,0.5,0.0
2011-10-31,0.0,0.3,0.0
2011-11-01,0.0,5.5,2.4
2011-11-02,0.0,0.4,0.0
2011-11-03,0.0,1.4,0.0
2011-11-04,2.0,5.2,2.1
2011-11-05,0.0,26.7,38.8
2011-11-06,85.0,35.0,44.4
2011-11-07,0.0,0.0,0.0
2011-11-08,0.0,3.1,1.0
2011-11-09,0.0,0.2,0.0
2011-11-10,0.0,0.0,0.0
2011-11-11,0.0,1.0,0.0
2011-11-12,0.0,0.4,0.0
2011-11-13,0.0,0.5,0.0
2011-11-14,0.0,0.0,0.0
2011-11-15,0.0,0.0,0.0
2011-11-16,0.0,4.1,1.0
2011-11-17,0.0,1.2,0.0
2011-11-18,0.0,0.2,0.0
2011-11-19,18.0,0.3,0.0
2011-11-20,4.0,11.2,8.8
2011-11-21,0.0,6.0,0.0
2011-11-22,0.0,0.0,0.0
2011-11-23,0.0,0.4,0.0
2011-11-24,3.0,8.7,2.7
2011-11-25,4.0,20.0,24.7
2011-11-26,0.0,10.9,5.3
2011-11-27,0.0,48.7,86.4
2011-11-28,13.0,30.2,42.1
2011-11-29,4.0,14.6,10.7
2011-11-30,0.0,0.9,0.0
2011-12-01,0.0,1.7,0.0
2011-12-02,2.0,4.8,1.0
2011-12-03,1.0,8.0,4.3
2011-12-04,5.0,19.1,30.7
2011-12-05,3.0,13.9,15.0
2011-12-06,0.0,1.6,0.0
2011-12-07,57.0,24.0,39.5
2011-12-08,0.0,5.8,1.7
2011-12-09,3.0,9.2,6.1
2011-12-10,2.0,14.3,16.1
2011-12-11,0.0,0.4,0.0
2011-12-12,0.0,0.0,0.0
2011-12-13,0.0,0.5,0.0
2011-12-14,14.0,6.1,4.3
2011-12-15,0.0,0.2,0.0
2011-12-16,0.0,1.4,0.0
2011-12-17,2.0,14.3,20.1
2011-12-18,0.0,13.3,18.5
2011-12-19,4.0,0.6,0.0
2011-12-20,2.0,0.4,0.0
2011-12-21,0.0,27.4,36.5
2011-12-22,1.0,2.5,0.0
2011-12-23,0.0,2.4,0.0
2011-12-24,6.0,40.4,56.2
2011-12-25,0.0,1.4,0.0
2011-12-26,6.0,1.4,0.0
2011-12-27,0.0,6.3,2.3
2011-12-28,3.0,3.8,0.0
2011-12-29,1.0,0.7,0.0
2011-12-30,0.0,1.1,0.0
2011-12-31,0.0,3.5,0.0
2012-01-01,0.0,1.2,0.0
2012-01-02,0.0,2.7,0.0
2012-01-03,6.0,16.2,12.5
2012-01-04,1.0,3.9,1.0
2012-01-05,0.0,0.1,0.0
2012-01-06,4.0,5.5,2.0
2012-01-07,14.0,20.2,17.0
2012-01-08,0.0,0.1,0.0
2012-01-09,0.0,1.7,0.0
2012-01-10,0.0,1.0,0.0
2012-01-11,0.0,0.4,0.0
2012-01-12,0.0,0.9,0.0
2012-01-13,0.0,2.2,0.0
2012-01-14,0.0,0.8,0.0
2012-01-15,1.0,0.8,0.0
2012-01-16,1.0,0.1,0.0
2012-01-17,0.0,8.8,6.8
2012-01-18,4.0,0.1,0.0
2012-01-19,1.0,8.1,5.8
2012-01-20,0.0,1.7,0.0
2012-01-21,2.0,5.0,3.1
2012-01-22,7.0,16.0,16.7
2012-01-23,0.0,0.1,0.0
2012-01-24,0.0,0.2,0.0
2012-01-25,5.0,1.4,0.0
2012-01-26,0.0,0.0,0.0
2012-01-27,0.0,0.0,0.0
2012-01-28,0.0,0.5,0.0
2012-01-29,0.0,0.0,0.0
2012-01-30,0.0,0.0,0.0
2012-01-31,0.0,3.3,1.4
2012-02-01,0.0,0.1,0.0
2012-02-02,0.0,2.2,0.0
2012-02-03,0.0,0.2,0.0
2012-02-04,0.0,0.2,0.0
2012-02-05,0.0,0.1,0.0
2012-02-06,5.0,0.9,0.0
2012-02-07,1.0,16.5,15.2
2012-02-08,3.0,7.2,4.2
2012-02-09,1.0,1.0,0.0
2012-02-10,1.0,23.0,24.5
2012-02-11,26.0,33.2,62.4
2012-02-12,0.0,0.0,0.0
2012-02-13,0.0,4.7,2.0
2012-02-14,0.0,10.3,10.2
2012-02-15,2.0,2.5,0.0
2012-02-16,0.0,2.3,0.0
2012-02-17,17.0,1.8,0.0
2012-02-18,0.0,0.9,0.0
2012-02-19,7.0,17.3,24.7
2012-02-20,1.0,2.4,0.0
2012-02-21,0.0,0.9,0.0
2012-02-22,0.0,0.1,0.0
2012-02-23,0.0,0.0,0.0
2012-02-24,4.0,5.4,3.9
2012-02-25,66.0,20.6,21.5
2012-02-26,1.0,3.1,1.4
2012-02-27,6.0,0.6,0.0
2012-02-28,0.0,4.6,3.1
2012-02-29,1.0,5.5,4.0
2012-03-01,0.0,2.0,0.0
2012-03-02,0.0,0.1,0.0
2012-03-03,0.0,0.2,0.0
2012-03-04,7.0,17.8,14.3
2012-03-05,0.0,4.7,1.5
2012-03-06,28.0,58.2,76.8
2012-03-07,7.0,13.7,9.4
2012-03-08,0.0,6.4,2.8
2012-03-09,2.0,10.5,6.1
2012-03-10,48.0,27.4,23.8
2012-03-11,0.0,0.9,0.0
2012-03-12,1.0,19.6,22.1
2012-03-13,0.0,5.0,3.0
2012-03-14,0.0,1.9,1.0
2012-03-15,5.0,9.0,6.7
2012-03-16,2.0,6.3,4.2
2012-03-17,11.0,11.6,9.2
2012-03-18,6.0,7.1,5.0
2012-03-19,0.0,1.4,0.0
2012-03-20,5.0,6.7,4.5
2012-03-21,0.0,1.5,0.0
2012-03-22,0.0,0.4,0.0
2012-03-23,9.0,9.0,6.7
2012-03-24,1.0,5.7,3.3
2012-03-25,3.0,18.5,16.4
2012-03-26,0.0,1.5,0.0
2012-03-27,0.0,1.2,0.0
2012-03-28,0.0,0.1,0.0
2012-03-29,7.0,19.4,17.2
2012-03-30,0.0,4.6,2.2
2012-03-31,3.0,56.1,48.9
2012-04-01,3.0,0.1,0.0
2012-04-02,0.0,3.4,1.3
2012-04-03,0.0,0.0,0.0
2012-04-04,0.0,0.0,0.0
2012-04-05,0.0,0.3,0.0
2012-04-06,0.0,0.9,0.0
2012-04-07,2.0,0.0,0.0
2012-04-08,0.0,0.0,0.0
2012-04-09,2.0,0.2,0.0
2012-04-10,0.0,0.2,0.0
2012-04-11,0.0,0.3,0.0
2012-04-12,3.0,0.4,0.0
2012-04-13,0.0,1.3,1.0
2012-04-14,0.0,0.5,0.0
2012-04-15,1.0,0.0,0.0
2012-04-16,0.0,6.3,5.1
2012-04-17,0.0,16.4,16.6
2012-04-18,12.0,23.6,28.2
2012-04-19,21.0,12.9,12.2
2012-04-20,1.0,0.3,0.0
2012-04-21,0.0,5.2,3.1
2012-04-22,0.0,17.3,18.7
2012-04-23,1.0,26.7,39.2
2012-04-24,39.0,0.8,0.0
2012-04-25,0.0,0.1,0.0
2012-04-26,7.0,3.2,1.0
2012-04-27,0.0,6.2,4.2
2012-04-28,2.0,2.9,1.0
2012-04-29,0.0,34.1,53.0
2012-04-30,48.0,4.2,2.0
2012-05-01,0.0,28.7,34.2
2012-05-02,6.0,22.4,23.0
2012-05-03,21.0,1.4,0.0
2012-05-04,0.0,6.2,3.3
2012-05-05,24.0,3.0,1.0
2012-05-06,0.0,5.6,2.6
2012-05-07,0.0,0.6,0.0
2012-05-08,0.0,3.9,1.1
2012-05-09,1.0,9.2,6.4
2012-05-10,1.0,6.9,4.0
2012-05-11,0.0,2.1,1.5
2012-05-12,0.0,0.0,0.0
2012-05-13,0.0,0.0,0.0
2012-05-14,0.0,0.4,0.0
2012-05-15,0.0,12.7,13.2
2012-05-16,0.0,2.9,2.3
2012-05-17,2.0,16.6,17.6
2012-05-18,29.0,5.6,5.2
2012-05-19,21.0,8.6,8.6
2012-05-20,29.0,0.6,0.0
2012-05-21,1.0,61.1,94.0
2012-05-22,145.0,43.2,59.3
2012-05-23,44.0,17.8,21.2
2012-05-24,21.0,43.3,56.9
2012-05-25,65.0,9.6,10.3
2012-05-26,3.0,28.0,36.3
2012-05-27,38.0,32.8,41.5
2012-05-28,44.0,0.5,0.0
2012-05-29,2.0,8.1,8.5
2012-05-30,23.0,1.3,1.0
2012-05-31,0.0,5.8,6.0
2012-06-01,31.0,4.7,5.7
2012-06-02,38.0,15.8,17.6
2012-06-03,22.0,81.8,105.0
2012-06-04,95.0,30.6,35.8
2012-06-05,13.0,3.7,4.6
2012-06-06,5.0,8.1,9.4
2012-06-07,1.0,25.3,28.2
2012-06-08,5.0,59.8,72.0
2012-06-09,12.0,9.4,10.8
2012-06-10,21.0,12.0,13.6
2012-06-11,25.0,0.3,0.0
2012-06-12,10.0,0.0,0.0
2012-06-13,3.0,1.6,1.4
2012-06-14,1.0,0.0,0.0
2012-06-15,0.0,0.0,0.0
2012-06-16,0.0,1.8,1.7
2012-06-17,13.0,3.2,3.2
2012-06-18,30.0,0.8,0.0
2012-06-19,10.0,4.0,4.2
2012-06-20,20.0,30.4,34.1
2012-06-21,17.0,5.5,7.1
2012-06-22,4.0,1.6,2.3
2012-06-23,23.0,9.3,12.0
2012-06-24,32.0,6.3,8.2
2012-06-25,3.0,41.9,60.1
2012-06-26,41.0,17.7,22.9
2012-06-27,25.0,36.0,48.8
2012-06-28,37.0,8.8,11.3
2012-06-29,34.0,12.5,16.1
2012-06-30,81.0,0.0,0.0
2012-07-01,5.0,0.6,0.0
2012-07-02,34.0,0.0,0.0
2012-07-03,8.0,15.3,20.1
2012-07-04,51.0,1.0,3.6
2012-07-05,9.0,19.7,24.9
2012-07-06,83.0,50.8,60.5
2012-07-07,74.0,118.5,188.6
2012-07-08,205.0,44.0,52.2
2012-07-09,56.0,10.9,15.4
2012-07-10,10.0,6.4,10.3
2012-07-11,36.0,7.2,12.7
2012-07-12,2.0,12.8,18.9
2012-07-13,22.0,1.8,6.1
2012-07-14,14.0,8.6,14.2
2012-07-15,11.0,55.2,65.9
2012-07-16,8.0,39.5,45.7
2012-07-17,53.0,25.3,33.0
2012-07-18,15.0,30.7,33.5
2012-07-19,34.0,46.7,53.2
2012-07-20,55.0,35.5,42.4
2012-07-21,47.0,3.4,8.7
2012-07-22,27.0,3.0,8.1
2012-07-23,15.0,2.2,6.8
2012-07-24,23.0,0.3,0.0
2012-07-25,35.0,0.7,4.4
2012-07-26,2.0,0.6,0.0
2012-07-27,5.0,0.7,0.0
2012-07-28,3.0,0.4,0.0
2012-07-29,8.0,79.1,124.6
2012-07-30,55.0,68.8,108.9
2012-07-31,196.0,41.5,68.0
2012-10-01,0.0,0.0,0.0
2012-10-02,0.0,0.0,0.0
2012-10-03,0.0,0.4,0.0
2012-10-04,41.0,0.0,0.0
2012-10-05,0.0,4.9,3.8
2012-10-06,25.0,0.0,0.0
2012-10-07,9.0,0.0,0.0
2012-10-08,0.0,0.0,0.0
2012-10-09,0.0,0.0,0.0
2012-10-10,0.0,0.0,0.0
2012-10-11,3.0,1.0,0.0
2012-10-12,0.0,0.0,0.0
2012-10-13,0.0,17.6,17.0
2012-10-14,0.0,13.3,9.0
2012-10-15,2.0,3.7,1.0
2012-10-16,0.0,5.7,1.8
2012-10-17,0.0,0.1,0.0
2012-10-18,0.0,14.2,9.2
2012-10-19,0.0,3.5,1.0
2012-10-20,30.0,0.3,0.0
2012-10-21,0.0,5.4,2.1
2012-10-22,47.0,0.1,0.0
2012-10-23,0.0,0.3,0.0
2012-10-24,0.0,0.7,0.0
2012-10-25,41.0,11.8,7.7
2012-10-26,9.0,1.5,0.0
2012-10-27,3.0,15.2,12.7
2012-10-28,38.0,2.8,0.0
2012-10-29,0.0,0.9,0.0
2012-10-30,2.0,7.5,4.3
2012-10-31,1.0,0.6,0.0
2012-11-01,0.0,19.5,27.7
2012-11-02,1.0,18.1,24.3
2012-11-03,5.0,0.1,0.0
2012-11-04,0.0,6.9,4.2
2012-11-05,3.0,2.1,0.0
2012-11-06,0.0,1.9,0.0
2012-11-07,0.0,0.4,0.0
2012-11-08,0.0,11.5,8.0
2012-11-09,0.0,0.6,0.0
2012-11-10,0.0,0.1,0.0
2012-11-11,0.0,0.0,0.0
2012-11-12,0.0,8.5,5.6
2012-11-13,22.0,2.8,0.0
2012-11-14,0.0,1.3,0.0
2012-11-15,0.0,0.3,0.0
2012-11-16,1.0,15.3,16.3
2012-11-17,11.0,0.0,0.0
2012-11-18,0.0,0.4,0.0
2012-11-19,0.0,0.1,0.0
2012-11-20,1.0,0.1,0.0
2012-11-21,0.0,0.1,0.0
2012-11-22,0.0,0.3,0.0
2012-11-23,0.0,2.8,0.0
2012-11-24,1.0,0.0,0.0
2012-11-25,0.0,0.9,0.0
2012-11-26,9.0,3.4,0.0
2012-11-27,9.0,0.3,0.0
2012-11-28,0.0,6.3,0.0
2012-11-29,36.0,0.1,0.0
2012-11-30,36.0,0.0,0.0
2012-12-01,0.0,0.0,0.0
2012-12-02,0.0,0.3,0.0
2012-12-03,0.0,2.1,0.0
2012-12-04,41.0,0.7,0.0
2012-12-05,0.0,19.8,32.2
2012-12-06,25.0,6.2,2.1
2012-12-07,9.0,0.0,0.0
2012-12-08,0.0,0.6,0.0
2012-12-09,0.0,0.0,0.0
2012-12-10,0.0,11.7,8.6
2012-12-11,3.0,1.3,0.0
2012-12-12,0.0,8.2,7.2
2012-12-13,0.0,2.6,0.0
2012-12-14,0.0,2.0,0.0
2012-12-15,2.0,0.5,0.0
2012-12-16,0.0,3.6,1.0
2012-12-17,0.0,3.8,1.0
2012-12-18,0.0,9.7,9.2
2012-12-19,39.0,26.9,39.4
2012-12-20,30.0,0.9,0.0
2012-12-21,0.0,9.3,5.4
2012-12-22,47.0,19.2,22.1
2012-12-23,0.0,2.9,0.0
2012-12-24,0.0,17.5,19.3
2012-12-25,41.0,1.6,0.0
2012-12-26,9.0,4.4,1.0
2012-12-27,3.0,9.6,5.7
2012-12-28,38.0,2.1,0.0
2012-12-29,0.0,1.7,0.0
2012-12-30,2.0,2.9,0.0
2012-12-31,1.0,8.4,4.3
2013-10-29,15.7,1.8,0.0
2013-10-30,0.4,0.5,0.0
2013-10-31,0.0,0.2,0.0
2013-11-01,0.0,1.2,0.0
2013-11-02,0.0,2.3,0.0
2013-11-03,0.0,0.1,0.0
2013-11-04,0.0,0.2,0.0
2013-11-05,0.0,4.4,1.3
2013-11-07,2.8,0.1,0.0
2013-11-08,0.0,0.0,0.0
2013-11-11,0.5,0.0,0.0
2013-11-12,0.0,0.0,0.0
2013-11-13,4.3,4.0,1.0
2013-11-14,0.0,18.6,23.4
2013-11-16,3.5,1.0,0.0
2013-11-18,0.3,2.5,0.0
2013-11-19,0.0,13.2,10.9
2013-11-20,13.6,6.2,3.1
2013-11-22,0.0,0.5,0.0
2013-11-23,0.0,8.4,2.3
2013-11-24,0.4,11.8,6.4
2013-11-28,0.0,0.4,0.0
2013-11-29,6.7,28.4,39.0
2013-12-01,0.0,1.0,0.0
2013-12-02,0.0,0.2,0.0
2013-12-03,6.6,22.0,35.7
2013-12-05,1.7,0.2,0.0
2013-12-06,0.0,0.4,0.0
2013-12-07,0.0,0.4,0.0
2013-12-08,0.0,10.8,7.4
2013-12-10,0.0,9.4,5.7
2013-12-18,6.6,32.6,45.0
2013-12-20,1.3,7.6,6.3
2013-12-26,0.0,0.5,0.0
2013-12-27,0.0,5.3,1.3
2013-12-30,0.0,15.6,16.3
2013-12-31,11.0,14.2,12.9
2014-01-01,7.5,16.1,12.6
2014-01-03,14.0,3.7,1.0
2014-01-04,15.0,0.0,0.0
2014-01-05,0.0,0.1,0.0
2014-01-07,0.0,0.2,0.0
2014-01-11,0.0,1.1,0.0
2014-01-12,1.1,3.2,1.0
2014-11-16,0.0,0.0,0.0
2014-11-17,0.0,0.0,0.0
2014-11-18,0.0,3.4,0.0
2014-11-19,0.0,1.5,0.0
2014-11-20,1.0,2.2,0.0
2014-11-21,0.0,6.9,1.0
2014-11-22,1.8,4.9,0.0
2014-11-23,6.0,0.0,0.0
2014-11-24,9.5,0.6,0.0
2014-11-25,0.0,1.6,0.0
2014-11-26,2.4,5.9,0.0
2014-11-27,0.0,5.9,0.0
2014-11-28,0.0,6.7,1.0
2014-11-29,3.5,15.8,11.0
2014-11-30,0.3,5.5,0.0
2014-12-02,3.0,2.9,0.0
2014-12-04,10.1,3.8,0.0
2014-12-05,12.0,13.7,11.5
2014-12-06,3.5,7.6,3.8
2014-12-07,0.5,3.0,0.0
2014-12-09,65.9,3.5,0.0
2014-12-12,9.5,4.1,1.5
2014-12-13,2.0,0.4,0.0
2014-12-14,1.4,6.9,5.4
2014-12-15,37.9,4.4,2.0
2014-12-16,23.9,20.0,29.5
2014-12-17,4.3,1.4,0.0
2014-12-18,0.0,0.9,0.0
2014-12-19,35.5,1.8,0.0
2014-12-20,0.0,14.1,19.6
2014-12-21,15.1,5.6,1.5
2014-12-22,0.0,6.3,2.2
2014-12-23,0.0,6.1,2.0
2014-12-25,30.5,9.2,5.2
2014-12-26,7.0,1.6,0.0
2014-12-27,0.0,4.5,1.0
2014-12-31,6.7,5.2,1.2
2015-01-01,1.0,8.7,4.8
2015-01-02,0.0,1.7,0.0
2015-01-04,0.0,9.4,5.4
2015-01-05,2.9,1.8,0.0
2015-01-06,0.0,4.9,1.6
2015-01-07,0.0,10.6,6.5
2015-01-11,0.0,7.6,5.3
2015-01-12,2.8,5.9,3.4
2015-01-13,0.0,0.5,0.0
2015-01-14,1.0,0.6,0.0
2015-01-20,1.5,3.9,1.3
2015-01-23,0.0,0.3,0.0
2015-01-27,3.5,5.3,3.3
2015-01-30,0.0,0.4,0.0
2015-02-01,0.0,10.0,7.2
2015-02-03,0.0,0.7,0.0
2015-02-10,0.0,1.2,0.0
2015-02-11,7.6,0.7,0.0
2015-02-14,3.0,13.7,16.2
2015-02-15,1.3,0.0,0.0
2015-02-18,0.0,2.3,0.0
2015-02-19,3.3,1.1,0.0
2015-02-22,23.4,7.7,6.4
2015-04-21,0.0,1.7,0.0
2015-09-30,0.0,0.0,0.0
2015-10-01,0.0,0.7,0.0
2015-10-02,0.0,0.1,0.0
2015-10-03,5.0,0.6,0.0
2015-10-04,6.1,0.5,0.0
2015-10-08,0.0,0.0,0.0
2015-10-09,0.0,0.6,0.0
2015-10-11,0.0,0.0,0.0
2015-10-13,0.4,0.0,0.0
2015-10-14,21.5,0.0,0.0
2015-10-15,0.0,0.0,0.0
2015-10-18,0.0,0.0,0.0
2015-10-19,0.0,0.2,0.0
2015-10-23,0.0,0.4,0.0
2015-10-28,0.0,1.2,0.0
2015-10-29,0.0,0.6,0.0
2015-10-30,0.0,8.6,5.2
2015-11-01,0.0,0.0,0.0
2015-11-03,0.0,18.3,24.8
2015-11-07,0.0,10.9,7.4
2015-11-09,3.7,0.0,0.0
2015-11-11,0.0,0.3,0.0
2015-11-13,0.0,1.2,0.0
2015-11-15,1.0,1.9,0.0
2015-11-19,0.0,4.8,1.3
2015-11-21,0.0,9.2,3.3
2015-11-23,0.0,0.2,0.0
2015-11-27,0.0,0.3,0.0
2015-12-01,0.0,0.2,0.0
2015-12-03,0.0,0.0,0.0
2015-12-05,0.0,0.0,0.0
2015-12-07,0.0,0.0,0.0
2015-12-09,0.0,0.3,0.0
2015-12-11,0.0,2.7,0.0
2015-12-13,0.0,2.0,0.0
2015-12-15,0.0,5.0,2.9
2015-12-17,0.0,20.6,31.0
2015-12-21,0.0,4.0,1.0
2015-12-25,0.0,0.1,0.0
2015-12-27,0.0,0.0,0.0
2015-12-29,0.0,0.4,0.0
2016-01-03,0.0,0.1,0.0
2016-01-04,0.0,0.0,0.0
2016-01-06,0.0,0.0,0.0
2016-01-10,0.0,0.2,0.0
2016-01-14,12.9,0.3,0.0
2016-01-18,0.0,2.4,0.0
2016-01-26,0.0,6.2,4.2
2016-01-28,0.0,1.2,0.0
2016-01-30,0.0,0.0,0.0
2016-02-01,0.4,0.0,0.0
2016-02-02,0.0,0.2,0.0
2016-02-03,0.0,0.6,0.0
2016-03-01,0.0,35.2,36.6
2016-03-16,2.4,0.1,0.0
2016-03-18,3.5,3.3,1.4
2016-03-19,0.0,4.0,2.0
2016-03-20,3.0,10.5,7.9
2016-03-22,20.5,0.7,0.0
2016-03-26,21.8,1.6,0.0
2016-03-28,3.8,1.6,0.0
2016-03-29,18.5,12.0,9.9
2016-03-30,3.8,25.3,30.0
2016-04-01,40.1,11.9,9.5
2016-04-02,3.8,11.3,8.9
2016-04-03,21.1,22.9,22.4
2016-04-04,9.5,27.0,28.3
2016-04-05,12.6,0.7,0.0
2016-04-06,0.0,0.1,0.0
2016-04-07,2.1,0.0,0.0
2016-04-08,0.0,1.0,0.0
2016-04-09,0.0,19.2,17.2
2016-04-10,31.5,7.5,5.1
2016-04-11,12.0,37.1,47.4
2016-04-13,0.0,18.8,20.6
2016-04-14,0.4,57.1,71.6
2016-04-15,33.6,18.5,20.1
2016-04-17,4.4,10.0,9.0
2016-04-19,35.0,8.1,7.0
2016-04-21,3.0,0.5,0.0
2016-04-22,0.0,0.1,0.0
2016-04-23,0.7,3.6,1.4
2016-04-25,3.7,2.7,1.0
2016-04-26,0.0,0.1,0.0
2016-04-27,3.4,7.3,5.5
2016-04-29,13.9,2.8,1.0
2016-04-30,1.0,1.0,0.0
2016-05-03,40.6,14.1,11.8
2016-05-07,2.8,15.9,13.9
2016-05-08,12.3,11.7,9.1
2016-05-10,11.5,0.9,0.0
2016-05-11,15.0,0.1,0.0
2016-05-14,0.0,0.2,0.0
2016-05-15,2.0,16.0,16.9
2016-05-18,3.0,16.1,17.0
2016-05-19,0.0,2.5,1.9
2016-05-21,0.0,7.2,7.6
2016-05-23,0.0,17.1,20.2
2016-05-25,4.9,1.1,1.0
2016-05-27,6.2,0.5,0.0
2016-05-28,0.0,6.3,6.5
2016-05-31,0.0,7.6,8.0
2016-06-02,13.7,1.9,2.6
2016-06-04,0.0,0.2,0.0
2016-06-06,4.8,0.0,0.0
2016-06-07,0.0,0.0,0.0
2016-06-08,0.0,0.0,0.0
2016-06-09,0.0,0.0,0.0
2016-06-10,0.0,0.2,0.0
2016-06-11,0.0,31.7,32.6
2016-06-12,15.2,8.6,9.3
2016-06-14,0.0,2.8,2.8
2016-06-15,1.0,1.1,1.0
2016-06-19,12.0,0.1,0.0
2016-06-20,5.4,12.1,13.2
2016-06-23,16.9,17.6,22.9
2016-06-24,0.1,1.0,1.6
2016-06-26,0.0,17.5,22.7
2016-06-28,45.6,9.4,12.1
2016-07-01,38.7,3.2,6.5
2016-07-02,5.4,11.4,15.9
2016-07-03,25.8,0.4,0.0
2016-07-04,9.0,0.0,0.0
2016-07-05,1.5,0.3,0.0
2016-07-06,0.5,3.1,6.3
2016-07-07,4.0,14.9,19.7
2016-07-08,5.5,31.3,35.6
2016-07-09,7.8,13.6,18.3
2016-07-10,64.8,0.0,0.0
2016-07-11,0.0,11.3,17.2
2016-07-12,3.2,0.4,0.0
2016-07-14,0.0,9.6,15.3
2016-07-15,2.0,12.0,17.9
2016-07-16,15.7,61.4,70.0
2016-07-17,77.7,20.2,27.1
2016-07-18,12.6,7.4,12.8
2016-07-19,53.7,0.4,0.0
2016-07-20,0.1,0.9,4.8
2016-07-21,4.9,10.4,17.8
2016-07-22,25.2,1.5,5.7
2016-07-23,6.8,8.1,14.9
2016-07-24,13.9,2.6,7.5
2016-07-25,0.0,4.2,9.8
2016-07-26,1.9,40.1,56.4
2016-07-27,37.9,37.5,53.9
2016-07-28,55.0,17.3,31.7
2016-07-29,56.4,147.2,215.0
2016-07-30,121.8,137.5,211.9
2016-07-31,108.1,34.4,48.2
2016-08-01,9.8,5.0,9.1
2016-08-02,2.8,1.7,5.1
2016-08-03,11.1,1.2,4.4
2016-08-05,11.5,0.6,0.0
2016-08-06,1.5,0.9,4.0
2016-08-07,0.0,26.0,26.1
2016-08-10,0.0,0.4,0.0
2016-08-11,0.0,2.9,8.0
2016-08-12,16.6,0.0,0.0
2016-08-13,2.9,0.0,0.0
2016-08-14,0.0,1.2,4.9
2016-08-15,0.0,0.2,0.0
2016-08-16,4.2,6.8,14.2
2016-08-17,16.4,0.7,3.6
2016-08-18,7.2,0.0,0.0
2016-08-19,1.3,0.8,3.9
2016-08-20,0.0,0.0,0.0
2016-08-21,0.0,0.0,0.0
2016-08-22,0.0,0.0,0.0
2016-08-23,0.0,0.0,0.0
2016-08-24,0.0,0.2,0.0
2016-08-25,0.0,0.0,0.0
2016-08-26,0.0,0.0,0.0
2016-08-27,0.0,16.6,23.1
2016-08-28,7.0,0.0,0.0
2016-08-29,0.0,0.5,0.0
2016-08-31,1.9,0.8,2.9
2016-09-01,15.8,1.7,1.3
2016-09-02,1.4,1.8,1.3
2016-09-03,0.0,4.0,4.1
2016-09-04,12.3,3.4,3.4
2016-09-05,0.0,39.6,54.3
2016-09-06,6.5,6.5,7.5
2016-09-07,21.7,39.2,54.7
2016-09-08,103.5,0.3,0.0
2016-09-09,3.7,14.5,19.1
2016-09-10,3.5,18.6,25.2
2016-09-11,25.9,10.5,13.2
2016-09-12,0.0,19.1,22.3
2016-09-13,5.3,2.3,3.6
2016-09-14,1.0,48.7,72.1
2016-09-15,13.8,14.7,17.7
2016-09-16,0.0,0.1,0.0
2016-09-17,0.0,1.2,2.3
2016-09-18,2.7,1.7,2.9
2016-09-19,0.0,11.1,13.3
2016-09-20,0.0,12.5,15.5
2016-09-21,1.8,8.6,7.9
2016-09-22,0.0,7.7,6.9
2016-09-23,0.0,0.6,0.0
2016-09-24,0.1,0.3,0.0
2016-09-25,0.0,13.4,13.5
2016-09-26,14.0,15.0,14.7
2016-09-27,1.8,11.4,11.2
2016-09-28,3.3,3.7,2.8
2016-09-30,2.3,0.9,0.0
2016-10-01,0.0,17.0,24.6
2016-10-02,10.8,16.3,23.1
2016-10-03,0.0,3.9,2.8
2016-10-04,0.0,1.8,1.0
2016-10-05,0.0,10.2,10.4
2016-10-06,0.6,47.6,70.4
2016-10-07,71.9,10.6,11.8
2016-10-08,1.2,1.9,1.0
2016-10-10,2.1,2.0,1.0
2016-10-11,0.0,13.8,9.2
2016-10-16,2.3,16.0,12.3
2016-10-17,7.2,0.8,0.0
2016-10-18,4.0,7.8,3.6
2016-10-19,1.0,12.6,8.8
2016-10-21,1.6,36.8,39.0
2016-10-22,13.8,8.8,5.7
2016-10-23,0.0,1.9,0.0
2016-10-27,7.4,7.7,4.7
2016-10-28,0.0,1.2,0.0
2016-10-30,1.4,5.2,2.0
2016-10-31,0.0,0.7,0.0
2016-11-01,0.0,0.0,0.0
2016-11-02,0.0,1.4,0.0
2016-11-04,0.0,1.8,0.0
2016-11-05,0.0,0.0,0.0
2016-11-08,2.0,0.7,0.0
2016-11-09,0.0,0.0,0.0
2016-11-10,0.0,1.4,0.0
2016-11-11,6.5,0.0,0.0
2016-11-12,0.0,0.7,0.0
2016-11-14,0.0,0.0,0.0
2016-11-15,0.5,1.1,0.0
2016-11-17,0.0,3.0,0.0
2016-11-18,0.0,0.0,0.0
2016-11-19,0.0,4.3,1.0
2016-11-20,0.0,3.4,0.0
2016-11-21,0.0,17.8,21.7
2016-11-22,23.7,4.6,0.0
2016-11-23,11.1,0.0,0.0
2016-11-24,0.0,0.3,0.0
2016-11-25,0.0,0.2,0.0
2016-11-26,0.0,3.9,0.0
2016-11-27,0.0,2.2,0.0
2016-11-29,5.2,0.0,0.0
2016-11-30,0.0,1.6,0.0
2016-12-01,0.0,1.1,0.0
2016-12-02,0.0,3.0,0.0
2016-12-03,0.0,8.5,5.2
2016-12-04,7.6,4.1,0.0
2016-12-05,0.0,17.0,25.2
2016-12-06,18.0,25.3,41.3
2016-12-07,53.5,0.0,0.0
2016-12-08,0.0,0.6,0.0
2016-12-09,0.0,0.0,0.0
2016-12-10,0.0,4.3,1.0
2016-12-11,0.0,1.7,0.0
2016-12-13,0.0,17.8,27.3
2016-12-14,3.6,16.9,24.8
2016-12-15,9.1,11.2,11.3
2016-12-16,6.0,0.6,0.0
2016-12-17,6.7,0.7,0.0
2016-12-20,0.0,0.5,0.0
2016-12-21,0.0,9.3,5.3
2016-12-22,0.0,3.4,0.0
2016-12-23,0.0,1.9,0.0
2016-12-25,0.0,3.2,0.0
2016-12-26,0.0,1.2,0.0
2016-12-28,31.8,1.9,0.0
2016-12-29,0.0,2.9,0.0
2016-12-30,0.0,3.2,0.0
2016-12-31,0.0,12.8,9.2
2017-01-01,7.0,10.3,6.2
2017-01-02,2.7,0.6,0.0
2017-01-03,0.0,0.1,0.0
2017-01-04,0.0,4.0,1.0
2017-01-05,13.4,5.2,1.8
2017-01-06,0.0,2.6,0.0
2017-01-07,1.8,0.2,0.0
2017-01-08,0.5,4.6,1.2
2017-01-09,6.4,0.0,0.0
2017-01-12,0.0,1.5,0.0
2017-01-13,48.9,11.0,8.6
2017-01-15,5.1,0.6,0.0
2017-01-16,0.0,14.8,17.0
2017-01-17,6.2,5.4,2.8
2017-01-19,10.1,21.0,28.4
2017-01-20,43.0,1.6,0.0
2017-01-21,9.0,7.9,6.0
2017-01-22,0.5,1.6,0.0
2017-01-23,0.0,5.7,3.7
2017-01-24,0.0,60.1,41.3
2017-01-25,18.5,11.6,9.3
2017-01-27,3.4,48.9,41.7
2017-01-28,6.9,0.8,0.0
2017-01-29,0.0,1.5,0.0
2017-01-30,0.0,36.6,38.7
2017-01-31,10.6,4.6,2.7
2017-02-01,0.5,2.5,0.0
2017-02-02,2.0,2.6,0.0
2017-02-03,2.3,39.9,47.2
2017-02-04,0.6,4.6,1.7
2017-02-06,0.0,7.3,4.3
2017-02-07,1.9,11.4,8.3
2017-02-08,14.2,33.5,40.0
2017-02-09,14.0,1.6,0.0
2017-02-11,5.5,15.4,20.1
2017-02-12,0.1,2.5,0.0
2017-02-13,4.3,6.9,5.3
2017-02-14,0.0,13.8,16.5
2017-02-15,2.4,2.2,0.0
2017-02-16,0.0,1.0,0.0
2017-02-17,0.0,7.5,6.1
2017-02-18,0.1,12.6,13.2
2017-02-19,0.0,5.6,3.4
2017-02-21,0.0,3.3,1.6
2017-02-22,0.0,14.0,13.7
2017-02-24,0.0,12.1,13.2
2017-02-25,19.6,22.2,23.3
2017-02-26,1.9,3.0,1.2
2017-02-28,0.0,11.9,11.7
2017-03-01,0.5,4.5,1.3
2017-03-02,5.0,20.4,14.2
2017-03-03,8.2,7.0,3.3
2017-03-04,3.9,9.9,5.6
2017-03-05,3.8,5.8,2.3
2017-03-06,0.5,28.2,24.1
2017-03-07,6.1,22.8,17.3
2017-03-08,2.8,7.3,3.5
2017-03-09,3.0,18.3,13.9
2017-03-10,1.5,19.8,14.0
2017-03-11,2.0,6.6,4.4
2017-03-13,1.0,0.6,0.0
2017-03-14,0.0,36.7,43.2
2017-03-15,8.1,4.6,2.6
2017-03-16,0.0,1.4,0.0
2017-03-19,11.1,10.3,8.3
2017-03-20,16.1,0.0,0.0
2017-03-21,0.0,2.1,0.0
2017-03-22,0.0,20.0,18.9
2017-03-23,41.6,0.0,0.0
2017-03-24,0.0,1.9,0.0
2017-03-25,3.5,23.2,25.4
2017-03-26,10.3,1.7,0.0
2017-03-27,0.0,18.5,17.4
2017-03-28,3.9,1.3,0.0
2017-03-30,7.9,12.8,10.7
2017-03-31,2.1,3.6,1.3
2017-04-01,0.0,4.9,2.6
2017-04-03,3.6,12.9,10.6
2017-04-04,32.2,16.5,15.1
2017-04-05,17.3,16.5,16.7
2017-04-06,19.8,24.9,25.2
2017-04-07,19.7,0.7,0.0
2017-04-08,0.0,0.6,0.0
2017-04-09,6.3,0.7,0.0
2017-04-11,0.0,3.8,2.5
2017-04-12,2.4,19.2,21.2
2017-04-13,7.6,1.2,1.0
2017-04-14,7.1,1.4,1.0
2017-04-15,0.5,3.2,1.9
2017-04-16,1.5,9.3,8.3
2017-04-18,11.7,5.7,4.4
2017-04-19,12.0,2.2,1.0
2017-04-20,0.1,1.0,0.0
2017-04-21,10.0,12.1,11.4
2017-04-23,1.2,0.9,0.0
2017-04-25,17.5,1.5,0.0
2017-04-26,5.8,6.4,4.5
2017-04-27,2.0,1.5,0.0
2017-05-01,10.0,7.4,4.5
2017-05-03,19.5,0.1,0.0
2017-05-04,20.3,0.0,0.0
2017-05-06,0.0,3.2,1.0
2017-05-07,0.1,32.1,38.4
2017-05-08,78.9,15.8,13.7
2017-05-09,36.8,36.9,51.1
2017-05-10,72.8,11.7,9.1
2017-05-13,13.2,25.6,28.3
2017-05-14,30.0,44.9,53.3
2017-05-15,59.8,15.5,16.3
2017-05-16,13.0,4.7,4.2
2017-05-17,0.0,5.9,5.5
2017-05-20,22.3,16.2,17.2
2017-05-25,57.1,15.6,17.1
2017-05-26,6.5,17.8,20.3
2017-05-31,22.7,12.1,13.1
2017-06-02,2.5,7.9,9.1
2017-06-04,1.6,29.1,32.8
2017-06-05,26.5,9.4,10.8
2017-06-07,3.7,8.2,9.6
2017-06-09,6.5,33.5,37.7
2017-06-14,42.0,48.7,58.4
2017-06-16,0.7,53.6,68.3
2017-06-21,3.2,6.1,7.9
2017-06-23,19.4,18.6,24.2
2017-06-24,72.8,15.9,20.6
2017-06-30,22.1,62.0,94.1
2017-07-03,1.2,18.8,24.0
2017-07-05,0.0,23.4,28.8
2017-07-07,7.0,1.2,3.9
2017-07-14,2.4,2.4,6.9
2017-07-17,77.0,15.9,22.2
2017-07-18,5.0,105.3,150.3
2017-07-21,131.6,57.2,89.1
2017-07-26,28.6,19.1,34.0
2017-07-28,108.6,10.7,18.2
2017-08-02,0.6,1.6,4.9
2017-08-04,3.3,0.0,0.0
2017-08-09,5.5,52.6,68.2
2017-08-11,4.4,2.3,6.9
2017-08-12,53.5,4.5,10.6
2017-08-16,1.2,26.8,39.9
2017-08-17,14.3,12.3,22.4
2017-08-18,0.8,109.7,280.2
2017-08-23,0.0,0.1,0.0
2017-08-25,38.2,0.0,0.0
2017-09-13,4.3,9.2,11.8
2017-09-19,57.7,37.2,56.4
2017-09-20,8.7,15.0,18.3
2017-09-26,0.0,0.4,0.0
2017-09-27,0.0,4.4,3.5
2017-09-29,0.5,28.6,34.7
2017-10-01,6.1,0.8,0.0
2017-10-03,2.5,5.3,4.3
2017-10-04,13.4,7.5,9.6
2017-10-05,2.8,7.5,7.0
2017-10-06,0.0,6.8,6.0
2017-10-08,4.0,8.2,7.7
2017-10-09,10.8,1.2,0.0
2017-10-17,0.0,0.1,0.0
2017-10-21,2.5,1.3,0.0
2017-10-22,0.0,0.0,0.0
2017-10-23,0.0,0.0,0.0
2017-10-25,0.0,1.3,0.0
2017-11-01,0.0,0.0,0.0
2017-11-03,0.0,0.0,0.0
2017-11-05,0.0,14.2,17.1
2017-11-06,62.7,9.2,5.9
2017-11-07,1.0,0.0,0.0
2017-11-09,0.0,9.1,6.5
2017-11-10,0.2,18.7,26.1
2017-11-12,0.0,0.3,0.0
2017-11-13,0.0,0.0,0.0
2017-11-14,8.2,15.6,16.7
2017-11-27,11.4,4.3,0.0
2017-11-28,0.0,49.8,88.2
2017-11-29,17.2,27.4,37.0
2018-03-01,0.0,5.6,2.1
2018-03-13,0.0,3.4,1.5
2018-03-15,0.0,0.0,0.0
2018-03-19,8.0,0.3,0.0
2018-03-25,0.5,0.8,0.0
2018-03-31,0.0,0.9,0.0
2018-04-01,0.4,12.2,9.8
2018-04-02,16.1,6.7,4.3
2018-04-03,0.0,18.8,16.5
2018-04-04,14.7,6.6,4.2
2018-04-05,0.4,0.0,0.0
2018-04-06,0.0,2.4,1.0
2018-04-07,2.2,0.0,0.0
2018-04-08,0.0,0.0,0.0
2018-04-09,0.0,1.7,0.0
2018-04-10,0.4,0.0,0.0
2018-04-12,2.5,0.3,0.0
2018-04-13,0.0,1.2,1.0
2018-04-14,0.0,0.4,0.0
2018-04-15,0.0,0.7,0.0
2018-04-16,0.0,4.9,3.7
2018-04-17,3.5,10.4,9.5
2018-04-18,2.6,7.2,6.0
2018-04-19,41.2,0.0,0.0
2018-04-20,3.5,5.9,4.6
2018-04-21,0.5,36.1,55.1
2018-04-22,7.9,62.6,98.0
2018-04-23,67.3,2.2,1.0
2018-04-24,0.9,11.2,10.2
2018-04-25,1.5,10.7,9.7
2018-04-26,16.6,2.1,1.0
2018-04-27,0.0,7.5,5.7
2018-04-28,46.8,10.2,9.0
2018-04-29,10.0,31.7,47.9
2018-04-30,18.9,0.3,0.0
2018-05-01,0.0,0.0,0.0
2018-05-02,0.0,0.0,0.0
2018-05-03,0.0,0.0,0.0
2018-05-04,9.8,1.6,0.0
2018-05-05,1.3,15.6,13.5
2018-05-06,5.7,11.0,8.3
2018-05-07,9.5,0.3,0.0
2018-05-08,0.0,6.7,3.8
2018-05-09,0.0,28.9,33.4
2018-05-10,103.2,6.8,3.8
2018-05-11,4.0,10.2,10.3
2018-05-12,0.0,2.3,1.7
2018-05-13,0.0,4.4,4.0
2018-05-14,0.8,10.3,10.5
2018-05-15,11.2,6.2,5.9
2018-05-16,0.7,46.9,55.3
2018-05-17,46.0,27.7,32.0
2018-05-18,26.0,34.7,38.7
2018-05-19,4.9,8.8,8.8
2018-05-20,2.0,32.3,35.8
2018-05-21,9.2,2.4,2.0
2018-05-22,1.8,4.3,4.3
2018-05-23,6.9,7.6,8.0
2018-05-24,0.0,1.0,1.0
2018-05-25,0.0,0.9,0.0
2018-05-26,1.1,32.2,41.8
2018-05-27,7.4,7.8,8.3
2018-05-29,0.9,71.2,122.3
2018-05-30,83.8,16.1,18.3
2018-05-31,2.0,0.9,1.0
2018-06-01,0.0,2.6,3.3
2018-06-02,1.5,33.0,37.0
2018-06-03,99.0,3.4,4.3
2018-06-04,1.7,0.5,0.0
2018-06-05,0.7,0.8,0.0
2018-06-06,0.6,0.1,0.0
2018-06-07,1.1,0.2,0.0
2018-06-08,0.3,0.1,0.0
2018-06-09,0.0,1.7,2.3
2018-06-10,0.6,0.0,0.0
2018-06-11,0.0,0.0,0.0
2018-06-12,1.3,1.4,1.2
2018-06-13,1.8,1.5,1.3
2018-06-14,1.2,0.2,0.0
2018-06-15,0.0,0.5,0.0
2018-06-16,9.6,3.3,3.3
2018-06-18,1.8,22.6,25.1
2018-06-19,2.6,0.3,0.0
2018-06-20,0.6,0.0,0.0
2018-06-21,0.0,8.0,10.3
2018-06-22,32.2,14.3,18.5
2018-06-23,0.4,0.7,0.0
2018-06-24,0.0,10.5,13.6
2018-06-25,2.1,0.9,1.4
2018-06-26,2.4,0.4,0.0
2018-06-27,1.5,12.9,16.7
2018-06-28,6.9,19.0,24.7
2018-06-29,57.9,16.5,21.4
2018-06-30,31.6,2.9,3.8
2018-07-01,1.1,0.1,0.0
2018-07-02,0.0,7.9,11.9
2018-07-03,28.0,24.2,31.5
2018-07-04,39.0,29.0,34.1
2018-07-05,13.9,1.4,4.2
2018-07-06,3.6,3.7,7.0
2018-07-07,2.7,14.4,19.2
2018-07-08,28.7,30.2,37.9
2018-07-09,13.2,0.6,0.0
2018-07-10,0.8,0.0,0.0
2018-07-11,3.0,14.9,21.2
2018-07-12,53.1,6.7,12.1
2018-07-13,20.2,1.0,5.0
2018-07-16,1.7,7.5,13.0
2018-07-17,24.0,2.5,7.0
2018-07-20,33.2,0.0,0.0
2018-07-21,0.9,1.2,5.1
2018-07-22,10.8,14.2,22.6
2018-07-23,6.8,6.3,12.7
2018-07-24,5.7,0.2,0.0
2018-07-25,1.2,0.0,0.0
2018-07-26,1.6,0.9,4.7
2018-07-27,1.5,0.0,0.0
2018-07-28,6.6,1.0,4.9
2018-07-29,10.5,1.0,4.9
2018-07-30,5.8,0.8,4.5
2018-07-31,0.0,0.1,0.0
2018-08-01,0.0,0.3,0.0
2018-08-02,0.2,5.4,9.5
2018-08-03,0.0,0.6,0.0
2018-08-04,0.0,3.7,7.6
2018-08-06,6.0,5.8,10.0
2018-08-07,1.4,1.4,4.7
2018-08-08,2.9,42.8,49.9
2018-08-09,60.9,16.9,27.3
2018-08-10,4.0,51.1,64.1
2018-08-12,2.3,1.1,4.7
2018-08-13,12.7,5.1,11.6
2018-08-14,31.2,6.5,13.8
2018-08-17,0.0,0.0,0.0
2018-08-19,0.0,0.2,0.0
2018-08-24,3.6,110.2,177.7
2018-08-26,1.3,0.5,0.0
2018-08-27,0.0,8.8,13.4
2018-09-01,0.0,5.2,5.7
2018-09-02,22.2,6.7,7.7
2018-09-03,9.0,1.5,1.0
2018-09-04,0.0,21.1,28.8
2018-09-05,60.3,23.7,32.0
2018-09-06,41.2,3.0,2.8
2018-09-07,0.0,3.5,3.5
2018-09-08,1.3,4.6,4.9
2018-09-09,4.9,1.7,1.3
2018-09-10,0.0,0.1,0.0
2018-09-11,0.4,0.0,0.0
2018-09-12,0.0,0.0,0.0
2018-09-13,0.0,0.4,0.0
2018-09-14,0.9,2.1,3.4
2018-09-15,2.4,20.3,22.0
2018-09-16,13.6,0.7,0.0
2018-09-17,0.0,16.4,19.9
2018-09-18,6.7,0.4,0.0
2018-09-19,0.0,0.0,0.0
2018-09-20,0.0,0.4,0.0
2018-09-21,0.8,16.6,15.8
2018-09-22,0.7,1.0,1.0
2018-09-23,1.0,1.3,1.0
2018-09-24,4.2,4.2,3.3
2018-09-25,6.6,0.0,0.0
2018-09-26,0.0,0.0,0.0
2018-09-27,0.0,0.0,0.0
2018-09-28,0.9,0.0,0.0
2018-09-29,0.0,2.9,1.9
2018-09-30,2.3,0.0,0.0
2018-10-01,0.0,0.5,0.0
2018-10-02,0.0,0.3,0.0
2018-10-03,0.0,0.3,0.0
2018-10-04,0.2,3.3,2.1
2018-10-05,0.0,1.1,0.0
2018-10-06,0.0,0.4,0.0
2018-10-07,0.0,0.9,0.0
2018-10-08,5.2,0.5,0.0
2018-10-09,3.9,2.1,1.0
2018-10-11,0.1,1.4,0.0
2018-10-12,0.0,0.0,0.0
2018-10-13,0.0,0.1,0.0
2018-10-14,0.0,1.7,0.0
2018-10-15,56.2,0.2,0.0
2018-10-16,0.3,17.1,15.9
2018-10-17,0.0,13.4,8.6
2018-10-18,0.0,4.2,1.0
2018-10-19,0.6,6.9,2.8
2018-10-20,0.0,8.3,4.6
2018-10-21,0.0,7.4,3.9
2018-10-22,50.1,1.0,0.0
2018-10-23,0.0,0.0,0.0
2018-10-24,0.0,0.0,0.0
2018-10-25,0.0,0.1,0.0
2018-10-27,0.0,0.0,0.0
2018-10-28,0.0,0.0,0.0
2018-10-29,0.0,0.0,0.0
2018-10-30,0.0,0.0,0.0
2018-10-31,0.0,0.2,0.0
2018-11-01,0.0,5.6,2.5
2018-11-02,1.6,0.0,0.0
2018-11-03,0.0,2.0,0.0
2018-11-04,0.0,1.6,0.0
2018-11-05,0.0,0.0,0.0
2018-11-06,5.3,0.2,0.0
2018-11-07,0.0,1.7,0.0
2018-11-09,6.3,0.6,0.0
2018-11-10,0.3,0.0,0.0
2018-11-11,0.0,0.0,0.0
2018-11-12,14.0,0.0,0.0
2018-11-13,0.0,0.0,0.0
2018-11-14,4.0,0.8,0.0
2018-11-15,0.0,3.5,0.0
2018-11-16,0.2,6.9,3.8
2018-11-17,8.9,0.0,0.0
2018-11-18,0.0,0.0,0.0
2018-11-19,5.0,0.1,0.0
2018-11-20,0.0,0.3,0.0
2018-11-21,0.0,0.0,0.0
2018-11-22,0.0,11.2,5.7
2018-11-23,0.0,4.5,0.0
2018-11-24,0.0,0.4,0.0
2018-11-25,10.4,32.6,46.5
2018-11-26,26.2,0.0,0.0
2018-11-27,0.0,38.6,60.4
2018-11-28,4.4,0.0,0.0
2018-11-29,0.0,32.7,46.2
2018-11-30,7.1,11.7,6.4
2018-12-01,1.6,5.3,1.2
2018-12-02,2.0,1.6,0.0
2018-12-03,0.0,5.6,1.5
2018-12-04,2.2,3.4,0.0
2018-12-05,0.4,0.0,0.0
2018-12-06,0.0,3.4,0.0
2018-12-07,0.0,2.3,0.0
2018-12-10,0.0,0.2,0.0
2018-12-11,0.0,0.0,0.0
2018-12-12,0.0,4.6,2.2
2018-12-13,0.0,1.4,0.0
2018-12-14,0.4,10.2,9.5
2018-12-15,0.3,3.4,1.0
2018-12-16,0.4,51.3,55.8
2018-12-17,34.9,14.8,21.5
2018-12-20,0.7,2.4,0.0
2018-12-21,2.5,9.2,5.2
2018-12-23,3.4,0.7,0.0
2018-12-25,0.0,6.6,2.5
2018-12-30,22.5,0.4,0.0
2018-12-31,0.2,4.6,1.0
2019-01-01,0.0,2.8,0.0
2019-01-03,4.9,10.4,6.3
2019-01-04,17.6,17.4,13.7
2019-01-05,3.9,0.4,0.0
2019-01-06,11.5,2.1,0.0
2019-01-07,2.8,0.0,0.0
2019-01-09,0.0,3.4,1.0
2019-01-10,0.0,2.8,0.0
2019-01-11,0.0,1.2,0.0
2019-01-14,0.5,7.2,4.9
2019-01-16,0.5,41.2,54.3
2019-01-17,10.5,7.9,5.6
2019-01-18,1.5,4.7,2.1
2019-01-19,0.0,1.6,0.0
2019-01-22,0.0,1.7,0.0
2019-01-26,0.0,11.3,8.9
2019-01-27,14.3,6.2,4.2
2019-01-29,24.7,8.5,6.6
2019-01-30,3.1,6.3,4.3
2019-01-31,3.7,1.8,0.0
2019-02-01,0.6,11.4,8.6
2019-02-02,0.0,0.7,0.0
2019-02-03,0.0,0.1,0.0
2019-02-04,0.0,0.3,0.0
2019-02-05,0.0,0.7,0.0
2019-02-06,0.0,0.1,0.0
2019-02-08,18.8,0.6,0.0
2019-02-09,0.0,7.6,4.6
2019-02-10,0.0,0.0,0.0
2019-02-11,0.0,10.1,10.3
2019-02-12,0.0,1.4,0.0
2019-02-13,0.0,0.7,0.0
2019-02-14,0.0,1.8,0.0
2019-02-15,0.0,3.6,1.0
2019-02-16,0.0,5.3,2.9
2019-02-17,39.1,0.2,0.0
2019-02-18,0.0,6.7,5.0
2019-02-19,6.0,0.3,0.0
2019-02-20,0.0,0.3,0.0
2019-02-21,0.7,0.1,0.0
2019-02-22,0.0,0.2,0.0
2019-02-23,0.0,0.0,0.0
2019-02-24,0.0,0.6,0.0
2019-02-25,23.0,10.0,9.0
2019-02-26,0.0,0.6,0.0
2019-02-27,0.0,0.7,0.0
2019-02-28,0.0,0.3,0.0
2019-03-01,0.0,28.0,25.2
2019-03-02,10.9,0.7,0.0
2019-03-03,0.0,33.1,33.7
2019-03-04,4.7,0.5,0.0
2019-03-05,0.0,3.1,1.0
2019-03-06,0.0,18.5,12.5
2019-03-07,3.5,3.3,1.0
2019-03-08,3.5,22.2,17.3
2019-03-09,10.5,14.3,10.8
2019-03-10,11.9,3.9,1.0
2019-03-11,0.3,18.2,20.3
2019-03-12,0.2,8.5,6.3
2019-03-13,0.0,28.3,32.7
2019-03-14,12.7,4.6,2.6
2019-03-15,0.9,0.0,0.0
2019-03-16,0.0,0.0,0.0
2019-03-17,0.0,0.0,0.0
2019-03-18,0.0,0.0,0.0
2019-03-19,1.2,0.3,0.0
2019-03-20,0.0,0.0,0.0
2019-03-21,0.0,0.0,0.0
2019-03-22,0.0,0.0,0.0
2019-03-23,0.0,0.1,0.0
2019-03-24,3.0,0.8,0.0
2019-03-25,0.0,0.0,0.0
2019-03-26,0.0,8.4,6.1
2019-03-27,59.0,1.3,0.0
2019-03-28,0.0,8.5,6.2
2019-03-29,0.0,35.0,41.7
2019-03-30,10.1,11.3,9.1
2019-03-31,0.4,18.9,16.9
2019-04-01,2.5,4.6,2.3
2019-04-02,0.5,8.1,5.6
2019-04-03,6.3,2.5,1.0
2019-04-04,0.5,4.8,2.5
2019-04-05,0.0,10.7,8.2
2019-04-06,12.9,1.0,0.0
2019-04-07,0.0,3.2,1.1
2019-04-08,1.8,0.4,0.0
2019-04-09,0.0,0.0,0.0
2019-04-10,7.5,1.4,0.0
2019-04-11,0.0,3.4,2.1
2019-04-12,0.0,28.0,33.9
2019-04-13,3.3,1.7,1.0
2019-04-14,0.0,27.3,34.6
2019-04-15,13.0,34.6,43.7
2019-04-16,50.8,8.8,7.8
2019-04-17,15.9,0.0,0.0
2019-04-18,0.0,0.0,0.0
2019-04-19,0.0,0.0,0.0
2019-04-20,0.0,23.1,26.3
2019-04-21,6.4,0.2,0.0
2019-04-23,1.5,47.0,73.1
2019-04-24,49.0,2.2,1.0
2019-04-25,0.0,17.1,19.5
2019-04-26,10.1,13.5,13.2
2019-04-27,19.2,30.0,44.0
2019-04-28,45.4,39.2,61.5
2019-04-29,77.6,19.3,25.5
2019-04-30,14.8,66.7,101.9
2019-05-01,9.1,3.0,1.0
2019-05-03,0.0,1.3,0.0
2019-05-04,0.5,36.1,46.3
2019-05-05,24.3,12.2,9.7
2019-05-06,41.6,5.8,2.9
2019-05-07,4.4,0.6,0.0
2019-05-08,0.0,0.8,0.0
2019-05-09,2.5,3.4,1.0
2019-05-10,58.0,1.9,0.0
2019-05-11,120.3,1.8,1.2
2019-05-12,17.5,0.3,0.0
2019-05-13,0.0,3.1,2.5
2019-05-14,6.0,0.1,0.0
2019-05-15,0.8,7.7,7.5
2019-05-16,19.7,22.7,24.3
2019-05-17,25.1,34.1,37.7
2019-05-18,69.9,0.7,0.0
2019-05-19,0.0,4.4,3.9
2019-05-20,0.0,3.8,3.2
2019-05-21,5.0,2.6,2.3
2019-05-22,0.0,27.4,36.8
2019-05-23,29.3,42.8,59.0
2019-05-24,10.0,15.7,17.1
2019-05-25,0.3,0.1,0.0
2019-05-26,0.0,0.0,0.0
2019-05-27,0.0,15.3,16.7
2019-05-28,12.8,19.9,25.8
2019-05-29,32.4,0.3,0.0
2019-05-30,0.0,0.0,0.0
2019-05-31,2.8,12.3,13.4
2019-06-01,23.4,7.8,9.1
2019-06-03,52.1,45.9,53.5
2019-06-04,20.3,12.1,13.8
2019-06-05,8.2,181.7,166.1
2019-06-06,194.9,66.8,81.3
2019-06-07,92.2,1.8,2.5
2019-06-10,0.5,7.0,8.2
2019-06-11,1.8,7.8,8.4
2019-06-12,5.0,3.7,3.8
2019-06-13,11.9,3.7,3.9
2019-06-15,0.0,6.3,6.7
2019-06-16,3.8,15.7,17.1
2019-06-17,3.1,0.0,0.0
2019-06-18,0.0,0.3,0.0
2019-06-19,0.8,0.3,0.0
2019-06-22,0.0,0.4,0.0
2019-06-23,26.2,0.7,0.0
2019-06-24,4.7,0.0,0.0
2019-06-25,33.0,0.4,0.0
2019-06-26,5.8,0.0,0.0
2019-06-28,0.9,9.9,12.8
2019-06-29,1.0,11.9,15.3
2019-06-30,0.7,0.9,1.5
2019-07-01,1.0,71.3,93.4
2019-07-02,58.1,18.4,23.5
2019-07-04,21.0,0.5,0.0
2019-07-05,0.0,0.5,0.0
2019-07-06,2.0,5.3,8.9
2019-07-07,13.1,0.0,0.0
2019-07-08,4.3,2.8,6.0
2019-07-09,20.8,26.6,33.6
2019-07-12,3.2,0.1,0.0
2019-07-13,3.2,0.0,0.0
2019-07-14,0.3,0.3,0.0
2019-07-15,1.0,10.0,15.7
2019-07-16,17.3,2.4,6.9
2019-07-18,14.3,0.0,0.0
2019-07-19,1.0,0.0,0.0
2019-07-20,0.0,0.1,0.0
2019-07-21,4.5,0.0,0.0
2019-07-22,4.8,0.0,0.0
2019-07-23,7.1,0.1,0.0
2019-07-26,19.7,0.9,4.8
2019-07-27,0.0,0.5,0.0
2019-07-28,7.3,0.0,0.0
2019-07-29,2.7,0.2,0.0
2019-07-30,1.0,0.3,0.0
2019-08-02,1.6,0.2,0.0
2019-08-03,0.8,0.0,0.0
2019-08-04,18.5,0.4,0.0
2019-08-05,4.3,3.4,7.3
2019-08-06,29.6,0.7,0.0
2019-08-07,1.9,1.2,4.3
2019-08-08,14.5,0.0,0.0
2019-08-09,2.4,6.1,10.4
2019-08-10,1.8,0.0,0.0
2019-08-11,4.6,0.4,0.0
2019-08-12,15.4,0.0,0.0
2019-08-13,0.0,0.0,0.0
2019-08-14,3.2,1.1,4.5
2019-08-15,12.7,1.1,4.6
2019-08-16,3.3,1.5,5.5
2019-08-17,7.7,20.2,31.0
2019-08-18,12.0,0.9,4.2
2019-08-19,11.1,0.1,0.0
2019-08-20,0.8,0.3,0.0
2019-08-21,0.8,0.1,0.0
2019-08-22,10.2,0.1,0.0
2019-08-23,5.7,0.1,0.0
2019-08-24,1.5,0.1,0.0
2019-08-26,0.0,0.0,0.0
2019-08-27,0.9,0.1,0.0
2019-08-28,0.7,0.1,0.0
2019-08-29,4.7,0.0,0.0
2019-08-30,3.3,0.0,0.0
2019-08-31,3.4,0.0,0.0
2019-09-01,0.0,0.0,0.0
2019-09-02,0.0,0.1,0.0
2019-09-03,0.6,0.5,0.0
2019-09-04,1.2,0.0,0.0
2019-09-05,0.0,0.3,0.0
2019-09-06,0.0,0.0,0.0
2019-09-07,0.0,0.5,0.0
2019-09-08,0.0,0.0,0.0
2019-09-09,0.0,0.0,0.0
2019-09-10,0.0,0.0,0.0
2019-09-11,0.0,0.0,0.0
2019-09-14,3.2,0.2,0.0
2019-09-15,10.8,1.0,2.1
2019-09-16,0.0,0.0,0.0
2019-09-17,0.0,0.5,0.0
2019-09-18,0.0,0.0,0.0
2019-09-19,0.3,0.2,0.0
2019-09-21,0.0,0.0,0.0
2019-09-22,0.0,0.1,0.0
2019-09-23,0.0,0.0,0.0
2019-09-27,0.7,22.5,25.8
2019-10-01,79.1,1.1,0.0
2019-10-02,1.1,19.1,28.2
2019-10-03,79.1,6.3,5.4
2019-10-04,5.4,3.1,1.9
2019-10-05,4.6,0.1,0.0
2019-10-06,0.0,0.0,0.0
2019-10-07,0.1,0.0,0.0
2019-10-08,2.4,0.0,0.0
2019-10-09,2.4,2.6,1.4
2019-10-10,1.6,10.4,9.7
2019-10-11,1.5,27.0,37.6
2019-10-12,0.0,0.4,0.0
2019-10-13,1.0,35.2,47.1
2019-10-14,67.0,19.9,23.5
2019-10-15,0.0,0.6,0.0
2019-10-16,0.0,0.7,0.0
2019-10-17,0.0,0.0,0.0
2019-10-18,11.0,2.9,0.0
2019-10-19,7.6,10.0,5.5
2019-10-20,0.0,0.0,0.0
2019-10-21,0.0,0.0,0.0
2019-10-23,0.0,14.8,10.2
2019-10-24,26.6,31.0,36.2
2019-10-25,1.7,8.0,4.6
2019-10-26,9.0,1.7,0.0
2019-10-27,30.5,0.0,0.0
2019-10-28,0.0,2.1,0.0
2019-10-29,2.5,11.7,7.8
2019-10-30,7.0,2.0,0.0
2019-10-31,0.0,4.5,1.3
2019-11-01,0.0,0.1,0.0
2019-11-02,3.0,0.3,0.0
2019-11-03,0.0,5.1,1.9
2019-11-04,0.0,1.0,0.0
2019-11-06,0.0,0.6,0.0
2019-11-07,0.0,0.0,0.0
2019-11-08,0.0,0.0,0.0
2019-11-09,0.0,0.0,0.0
2019-11-10,0.0,1.0,0.0
2019-11-11,0.0,0.0,0.0
2019-11-12,0.0,0.2,0.0
2019-11-13,0.8,0.0,0.0
2019-11-14,0.0,0.0,0.0
2019-11-15,0.0,0.4,0.0
2019-11-16,0.0,0.0,0.0
2019-11-17,34.2,0.0,0.0
2019-11-18,0.0,0.7,0.0
2019-11-19,0.4,0.0,0.0
2019-11-20,0.0,0.0,0.0
2019-11-21,0.0,0.0,0.0
2019-11-22,0.0,0.0,0.0
2019-11-23,0.0,0.2,0.0
2019-11-24,0.0,0.0,0.0
2019-11-25,0.0,0.0,0.0
2019-11-26,0.0,1.6,0.0
2019-11-27,0.0,0.0,0.0
2019-11-28,0.0,0.0,0.0
2019-11-29,0.0,0.0,0.0
2019-11-30,0.0,0.0,0.0
2019-12-01,0.0,0.0,0.0
2019-12-02,0.0,0.0,0.0
2019-12-03,0.0,0.0,0.0
2019-12-04,0.0,1.5,0.0
2019-12-05,0.0,0.0,0.0
2019-12-06,0.0,0.0,0.0
2019-12-07,0.0,3.8,0.0
2019-12-08,0.5,1.6,0.0
2019-12-09,0.0,0.4,0.0
2019-12-10,5.0,0.2,0.0
2019-12-11,0.0,0.0,0.0
2019-12-12,0.0,10.2,9.5
2019-12-14,0.7,9.3,8.6
2019-12-15,4.8,9.8,9.1
2019-12-16,0.0,0.0,0.0
2019-12-17,0.0,1.7,0.0
2019-12-18,0.0,0.4,0.0
2019-12-19,0.0,0.4,0.0
2019-12-20,0.0,3.5,1.0
2019-12-21,0.0,0.0,0.0
2019-12-22,0.0,8.0,4.0
2019-12-23,0.0,0.8,0.0
2019-12-24,0.0,4.0,1.0
2019-12-26,0.0,0.8,0.0
2019-12-27,1.1,0.0,0.0
2019-12-28,0.0,0.8,0.0
2019-12-29,0.0,9.8,5.8
2019-12-30,2.7,0.0,0.0
2019-12-31,1.6,0.0,0.0
2020-01-01,0.0,1.1,0.0
2020-01-02,0.0,8.8,4.9
2020-01-03,7.2,12.7,8.3
2020-01-04,5.6,23.1,19.5
2020-01-05,28.6,1.2,0.0
2020-01-06,0.0,21.0,17.7
2020-01-07,17.9,1.8,0.0
2020-01-10,0.0,0.5,0.0
2020-01-12,0.0,8.4,6.2
2020-01-13,0.0,0.8,0.0
2020-01-16,4.8,17.0,21.3
2020-01-17,0.5,4.1,1.4
2020-01-18,0.0,0.0,0.0
2020-01-19,0.0,0.0,0.0
2020-01-20,0.0,0.0,0.0
2020-01-22,0.0,0.0,0.0
2020-01-24,0.0,0.1,0.0
2020-01-25,0.0,0.0,0.0
2020-01-28,0.0,0.0,0.0
2020-01-29,0.0,0.0,0.0
2020-01-30,0.0,1.7,0.0
2020-01-31,0.0,5.4,3.5
2020-02-01,0.0,10.7,7.9
2020-02-02,0.0,3.9,1.0
2020-02-03,0.0,1.3,0.0
2020-02-04,0.0,1.8,0.0
2020-02-06,0.3,0.9,0.0
2020-02-07,0.0,0.4,0.0
2020-02-08,1.3,11.4,8.9
2020-02-09,41.8,2.0,0.0
2020-02-10,0.0,0.3,0.0
2020-02-12,0.0,0.0,0.0
2020-02-13,0.0,0.0,0.0
2020-02-14,0.0,1.3,0.0
2020-02-15,42.8,5.3,2.9
2020-02-16,50.2,13.1,14.6
2020-02-17,17.1,26.0,46.0
2020-02-18,7.9,0.0,0.0
2020-02-19,0.0,16.9,23.8
2020-02-20,10.2,0.1,0.0
2020-02-21,1.7,0.9,0.0
2020-02-22,0.0,0.0,0.0
2020-02-24,3.3,1.3,0.0
2020-02-25,0.0,9.3,9.0
2020-02-26,4.2,1.4,0.0
2020-02-27,0.0,13.8,13.0
2020-02-28,2.7,1.0,0.0
2020-02-29,0.0,1.2,0.0
2020-03-01,0.0,2.0,0.0
2020-03-02,7.0,6.1,2.6
2020-03-04,7.0,7.9,4.0
2020-03-05,0.7,2.9,1.0
2020-03-06,0.0,12.2,9.1
2020-03-07,7.1,37.2,41.9
2020-03-08,50.7,8.1,4.1
2020-03-10,0.0,4.1,1.0
2020-03-11,1.8,0.0,0.0
2020-03-12,0.0,1.2,0.0
2020-03-13,0.0,0.7,0.0
2020-03-14,0.0,15.0,16.1
2020-03-15,23.2,1.7,0.0
2020-03-16,0.0,0.2,0.0
2020-03-17,0.2,0.7,0.0
2020-03-18,0.5,0.0,0.0
2020-03-19,0.0,0.5,0.0
2020-03-21,11.5,6.0,3.7
2020-03-22,0.0,25.0,30.9
2020-03-23,19.3,9.0,6.7
2020-03-24,16.0,0.1,0.0
2020-03-25,0.0,2.9,1.0
2020-03-26,21.0,2.8,1.0
2020-03-27,1.5,14.1,12.1
2020-03-28,25.0,0.2,0.0
2020-03-29,0.0,0.1,0.0
2020-03-30,0.0,16.2,14.6
2020-03-31,26.2,12.1,10.0
2020-04-01,12.3,14.4,14.1
2020-04-02,6.7,20.6,18.7
2020-04-03,0.3,0.8,0.0
2020-04-04,0.0,2.7,1.0
2020-04-05,4.6,7.1,4.6
2020-04-06,10.5,1.5,0.0
2020-04-08,7.7,3.0,1.0
2020-04-09,25.1,10.3,7.9
2020-04-10,4.2,0.5,0.0
2020-04-12,2.1,7.2,6.0
2020-04-13,1.5,0.2,0.0
2020-04-14,0.7,2.7,1.4
2020-04-17,0.0,0.0,0.0
2020-04-18,0.0,0.1,0.0
2020-04-19,0.0,8.5,7.4
2020-04-20,11.5,2.1,1.0
2020-04-21,0.4,1.4,0.0
2020-04-22,0.0,0.4,0.0
2020-04-23,0.0,8.0,6.4
2020-04-24,2.2,4.6,2.5
2020-04-26,18.5,12.5,11.9
2020-04-28,10.7,29.3,44.9
2020-04-29,12.3,46.3,73.7
2020-04-30,18.3,2.2,1.0
2020-05-01,0.5,0.0,0.0
2020-05-02,0.0,0.0,0.0
2020-05-03,0.0,3.0,1.0
2020-05-04,5.8,30.2,35.5
2020-05-06,0.0,11.1,8.5
2020-05-07,13.6,9.9,7.1
2020-05-10,1.5,0.0,0.0
2020-05-12,0.0,16.0,16.9
2020-05-15,0.0,0.5,0.0
2020-05-18,7.3,5.8,5.4
2020-05-21,1.5,7.6,8.0
2020-05-22,1.6,7.5,8.0
2020-05-24,0.0,32.2,39.5
2020-05-26,0.0,2.4,2.1
2020-05-27,0.0,1.7,1.2
2020-05-29,14.5,14.0,15.2
2020-05-30,52.5,25.1,30.5
2020-05-31,10.0,11.9,12.9
2020-06-01,13.4,2.4,3.2
2020-06-02,21.8,5.5,6.6
2020-06-03,25.2,0.7,0.0
2020-06-04,0.0,0.0,0.0
2020-06-05,0.0,0.4,0.0
2020-06-06,10.4,58.0,70.1
2020-06-07,145.3,21.9,24.2
2020-06-08,45.5,12.8,14.5
2020-06-09,8.6,16.3,18.2
2020-06-10,5.9,19.1,21.2
2020-06-11,5.1,7.2,7.7
2020-06-12,2.0,2.6,2.6
2020-06-14,8.9,9.4,10.1
2020-06-15,3.4,17.6,19.2
2020-06-16,1.2,50.5,67.4
2020-06-17,25.9,29.0,33.0
2020-06-18,29.5,10.1,11.0
2020-06-19,23.4,18.2,19.9
2020-06-20,105.2,28.2,34.2
2020-06-21,47.9,7.3,9.4
2020-06-22,13.0,22.2,32.5
2020-06-23,69.5,21.2,37.1
2020-06-24,76.2,11.2,14.5
2020-06-25,84.6,5.6,7.3
2020-06-26,16.0,27.9,36.3
2020-06-27,20.2,44.6,64.5
2020-06-28,22.2,36.4,52.2
2020-06-29,28.0,12.1,15.6
2020-06-30,45.2,32.6,46.4
2020-07-01,11.8,27.2,34.5
2020-07-02,10.4,0.4,0.0
2020-07-04,54.8,19.7,24.9
2020-07-05,13.2,0.0,0.0
2020-07-06,0.7,0.8,0.0
2020-07-07,5.9,0.0,0.0
2020-07-10,23.3,0.1,0.0
2020-07-11,3.5,0.6,0.0
2020-07-12,2.3,17.1,23.5
2020-07-13,5.2,5.2,10.3
2020-07-14,4.7,17.6,24.0
2020-07-16,31.7,9.1,14.8
2020-07-17,24.9,1.6,5.7
2020-07-18,12.8,4.8,9.9
2020-07-19,0.1,0.4,0.0
2020-07-20,8.5,0.0,0.0
2020-07-21,21.1,0.7,0.0
2020-07-22,13.8,1.0,4.9
2020-07-23,4.7,2.1,6.7
2020-07-24,24.0,0.1,0.0
2020-07-25,15.4,12.6,20.6
2020-07-26,13.4,33.7,40.5
2020-07-27,44.8,0.1,0.0
2020-07-28,28.9,0.4,0.0
2020-07-29,25.3,9.5,16.7
2020-07-30,63.0,28.6,36.0
2020-07-31,110.0,17.7,26.4
2020-08-01,30.1,2.1,5.7
2020-08-02,12.1,0.3,0.0
2020-08-03,1.7,0.7,0.0
2020-08-04,4.1,0.5,0.0
2020-08-06,2.6,3.3,7.2
2020-08-07,5.3,15.4,21.6
2020-08-08,3.7,23.0,28.3
2020-08-09,59.1,0.4,0.0
2020-08-10,0.5,27.1,29.4
2020-08-11,43.1,15.0,24.8
2020-08-12,1.4,0.0,0.0
2020-08-13,0.0,1.1,4.7
2020-08-14,2.3,1.0,4.4
2020-08-15,7.2,49.2,82.6
2020-08-16,15.8,23.0,37.2
2020-08-17,12.9,0.8,4.0
2020-08-18,0.0,0.4,0.0
2020-08-20,0.2,2.4,7.2
2020-08-21,0.0,9.3,14.1
2020-08-22,38.0,2.3,5.0
2020-08-23,36.4,0.0,0.0
2020-08-25,21.1,6.9,11.0
2020-08-26,35.1,0.3,0.0
2020-08-27,20.4,29.2,33.1
2020-08-28,68.3,32.0,39.0
2020-08-29,52.5,32.1,39.7
2020-08-30,63.7,37.3,47.5
2020-08-31,12.0,0.6,0.0
2020-09-01,3.8,39.4,54.9
2020-09-02,37.9,1.6,1.2
2020-09-03,0.3,5.1,5.5
2020-09-04,8.6,4.3,4.5
2020-09-05,16.6,0.8,1.0
2020-09-06,0.6,8.7,10.4
2020-09-07,117.6,52.9,87.4
2020-09-08,88.1,6.6,7.6
2020-09-09,9.6,19.0,27.8
2020-09-10,89.3,2.2,1.9
2020-09-11,8.4,7.1,9.3
2020-09-12,27.9,1.4,2.5
2020-09-13,3.6,1.9,3.2
2020-09-14,26.0,0.0,0.0
2020-09-28,9.0,11.7,11.3
2020-09-29,2.1,26.1,30.6
2020-09-30,9.0,5.9,5.1
2020-10-01,0.5,0.8,0.0
2020-10-02,11.6,10.7,10.9
2020-10-03,35.0,33.0,51.7
2020-10-04,4.4,15.6,21.4
2020-10-05,1.5,5.5,4.5
2020-10-06,0.0,23.7,35.2
2020-10-07,0.4,6.6,5.8
2020-10-08,1.6,0.6,0.0
2020-10-09,0.0,0.2,0.0
2020-10-10,11.2,0.0,0.0
2020-10-11,0.2,0.8,0.0
2020-10-12,0.0,10.4,6.4
2020-10-13,4.0,9.1,5.1
2020-10-14,5.2,8.7,4.9
2020-10-15,0.0,13.9,9.6
2020-10-16,19.2,36.9,48.8
2020-10-17,14.2,2.4,0.0
2020-10-18,0.0,0.9,0.0
2020-10-19,0.1,0.3,0.0
2020-10-21,0.5,7.1,3.6
2020-10-23,4.9,2.3,0.0
2020-10-24,12.5,0.9,0.0
2020-10-26,0.0,2.5,0.0
2020-10-27,0.0,32.2,37.3
2020-10-28,11.6,79.0,41.3
2020-10-29,12.1,0.0,0.0
2020-10-30,0.0,0.0,0.0
2020-10-31,0.0,2.1,0.0
2020-11-01,3.0,1.7,0.0
2020-11-02,5.2,22.4,32.1
2020-11-03,5.0,25.5,35.4
2020-11-04,6.1,4.1,1.0
2020-11-05,0.0,0.7,0.0
2020-11-06,0.2,11.9,8.2
2020-11-07,1.7,0.0,0.0
2020-11-08,0.0,0.0,0.0
2020-11-09,0.0,0.1,0.0
2020-11-10,2.0,1.2,0.0
2020-11-11,0.0,1.8,0.0
2020-11-12,0.0,1.6,0.0
2020-11-14,22.3,0.6,0.0
2020-11-15,0.0,0.0,0.0
2020-11-16,5.4,0.7,0.0
2020-11-17,0.0,0.0,0.0
2020-11-18,0.0,4.5,1.0
2020-11-19,45.5,2.0,0.0
2020-11-20,0.5,0.7,0.0
2020-11-21,0.0,15.1,11.3
2020-11-22,36.7,1.8,0.0
2020-11-23,2.0,1.9,0.0
2020-11-24,0.8,9.7,3.8
2020-11-26,12.5,15.2,11.4
2020-11-27,0.0,3.6,0.0
2020-11-28,0.2,7.3,1.0
2020-11-29,0.0,8.0,1.9
2020-11-30,0.5,5.8,0.0
2020-12-01,0.0,2.2,0.0
2020-12-02,0.0,0.3,0.0
2020-12-03,1.6,11.2,7.8
2020-12-04,3.2,4.0,0.0
2020-12-05,4.2,0.1,0.0
2020-12-06,0.0,1.1,0.0
2020-12-08,0.0,11.7,8.6
2020-12-09,3.1,0.3,0.0
2020-12-10,0.0,0.6,0.0
2020-12-11,0.0,0.3,0.0
2020-12-12,0.0,0.4,0.0
2020-12-13,0.0,15.8,22.6
2020-12-14,19.6,14.2,20.2
2020-12-15,3.3,3.1,0.0
2020-12-16,0.0,3.1,0.0
2020-12-17,0.0,0.4,0.0
2020-12-18,15.2,15.9,23.0
2020-12-19,3.4,12.1,15.9
2020-12-20,15.0,5.4,3.4
2020-12-21,0.0,2.0,0.0
2020-12-22,0.0,7.0,3.0
2020-12-23,3.7,0.6,0.0
2020-12-24,0.0,12.6,8.7
2020-12-25,1.4,10.5,6.6
2020-12-26,39.7,2.1,0.0
2020-12-27,0.0,19.3,23.0
2020-12-28,24.4,0.4,0.0
2020-12-31,1.7,11.0,7.1
2021-01-01,1.5,4.2,1.0
2021-01-02,0.0,1.7,0.0
2021-01-03,0.0,16.9,13.4
2021-01-04,4.7,4.4,1.1
2021-01-05,1.7,16.6,13.4
2021-01-06,4.6,10.1,6.0
2021-01-07,13.5,2.8,0.0
2021-01-10,0.3,2.3,0.0
2021-01-11,0.0,22.6,30.9
2021-01-12,9.1,0.5,0.0
2021-01-13,0.0,4.5,1.9
2021-01-14,0.0,2.0,0.0
2021-01-15,0.0,2.2,0.0
2021-01-16,0.0,26.3,36.8
2021-01-17,8.5,4.4,1.8
2021-01-18,0.0,13.9,15.5
2021-01-19,39.6,2.2,0.0
2021-01-20,0.4,4.2,1.6
2021-01-21,0.0,0.2,0.0
2021-01-22,0.1,1.6,0.0
2021-01-23,0.0,3.3,1.4
2021-01-24,0.4,0.8,0.0
2021-01-25,0.0,5.7,3.8
2021-01-26,5.3,5.0,3.1
2021-01-27,0.0,3.3,1.4
2021-01-28,0.2,3.4,1.5
2021-01-29,3.1,0.2,0.0
2021-01-30,0.0,6.7,4.9
2021-01-31,16.5,6.3,4.3
2021-02-01,3.1,5.6,2.6
2021-02-02,0.0,13.4,10.8
2021-02-03,17.1,0.3,0.0
2021-02-06,0.0,6.4,3.4
2021-02-07,0.0,0.1,0.0
2021-02-08,0.0,0.0,0.0
2021-02-09,0.0,1.3,0.0
2021-02-10,0.0,0.2,0.0
2021-02-12,0.0,2.2,0.0
2021-02-13,0.0,1.4,0.0
2021-02-14,0.5,3.1,0.0
2021-02-15,0.4,2.0,0.0
2021-02-17,0.0,2.0,0.0
2021-02-18,0.0,3.3,1.0
2021-02-19,1.1,1.0,0.0
2021-02-20,0.0,2.2,0.0
2021-02-21,18.2,2.1,1.0
2021-02-22,0.0,19.1,19.8
2021-02-23,3.1,0.5,0.0
2021-02-24,0.0,11.8,10.3
2021-02-25,10.8,8.8,7.9
2021-02-26,27.8,0.0,0.0
2021-03-01,1.5,8.2,4.2
2021-03-03,0.0,5.9,2.4
2021-03-04,0.5,0.1,0.0
2021-03-05,0.0,2.8,1.0
2021-03-06,0.1,7.5,3.7
2021-03-07,3.4,6.8,3.1
2021-03-08,6.8,0.0,0.0
2021-03-09,0.0,0.9,0.0
2021-03-10,0.4,6.5,2.9
2021-03-11,0.0,1.4,0.0
2021-03-12,0.0,10.0,7.6
2021-03-13,2.0,0.2,0.0
2021-03-14,0.0,2.0,1.0
2021-03-15,0.0,9.4,6.7
2021-03-16,2.0,2.3,1.0
2021-03-17,0.0,0.0,0.0
2021-03-18,0.5,1.1,0.0
2021-03-19,1.2,0.3,0.0
2021-03-20,0.0,4.4,2.4
2021-03-22,0.0,0.0,0.0
2021-03-23,0.0,0.1,0.0
2021-03-24,0.0,2.7,1.0
2021-03-25,4.4,1.6,0.0
2021-03-27,39.9,22.1,23.9
2021-03-28,3.1,19.2,17.0
2021-03-29,1.8,5.9,3.5
2021-03-30,3.0,1.3,0.0
2021-03-31,0.0,37.5,42.6
2021-04-01,16.5,15.8,13.9
2021-04-02,2.1,35.2,39.4
2021-04-03,24.2,1.8,0.0
2021-04-04,1.3,14.2,12.0
2021-04-05,19.0,6.2,3.8
2021-04-06,5.5,0.0,0.0
2021-04-07,0.0,9.8,7.3
2021-04-08,2.2,2.2,1.0
2021-04-09,0.0,3.6,1.4
2021-04-10,6.5,6.4,4.0
2021-04-11,3.5,1.0,0.0
2021-04-12,30.6,0.0,0.0
2021-04-13,1.6,14.4,14.2
2021-04-14,13.6,0.6,0.0
2021-04-15,0.0,0.0,0.0
2021-04-16,0.3,0.0,0.0
2021-04-17,0.0,0.2,0.0
2021-04-18,4.9,3.7,2.4
2021-04-19,1.4,51.9,64.6
2021-04-20,6.3,2.0,1.0
2021-04-21,3.8,6.5,4.6
2021-04-22,0.1,0.0,0.0
2021-04-23,0.0,0.0,0.0
2021-04-24,1.8,0.2,0.0
2021-04-26,0.0,0.0,0.0
2021-04-28,0.0,0.3,0.0
2021-04-29,0.0,4.7,2.6
2021-04-30,0.0,6.8,4.9
2021-05-01,0.0,10.9,8.2
2021-05-02,3.0,6.8,3.9
2021-05-03,4.1,6.9,4.0
2021-05-04,0.8,1.6,0.0
2021-05-05,0.0,16.4,14.4
2021-05-06,17.7,18.2,16.5
2021-05-07,14.5,8.8,5.9
2021-05-08,1.1,14.4,12.2
2021-05-09,0.6,57.0,77.9
2021-05-10,96.9,2.6,1.0
2021-05-11,5.0,0.0,0.0
2021-05-13,4.2,0.0,0.0
2021-05-15,5.5,17.5,18.8
2021-05-16,45.1,95.7,156.7
2021-05-17,33.5,18.4,20.8
2021-05-18,22.1,28.9,31.3
2021-05-19,19.4,53.3,63.9
2021-05-20,40.2,37.8,41.8
2021-05-21,10.3,39.7,52.7
2021-05-22,18.6,35.7,45.9
2021-05-23,16.9,58.6,89.3
2021-05-24,93.5,7.3,7.6
2021-05-26,13.1,2.6,2.3
2021-05-27,15.4,4.2,4.2
2021-05-28,24.9,0.3,0.0
2021-05-29,4.9,0.7,0.0
2021-05-30,24.7,12.1,13.1
2021-05-31,23.0,1.7,1.2
2021-06-01,0.0,0.2,0.0
2021-06-02,0.0,0.8,0.0
2021-06-03,0.6,61.5,73.3
2021-06-04,35.6,2.1,2.8
2021-06-05,2.0,2.8,3.6
2021-06-06,19.1,0.2,0.0
2021-06-08,2.4,0.0,0.0
2021-06-09,0.0,0.5,0.0
2021-06-10,0.0,0.0,0.0
2021-06-11,0.0,0.6,0.0
2021-06-12,0.5,9.2,10.0
2021-06-13,2.4,37.1,40.0
2021-06-14,22.3,44.6,51.9
2021-06-15,6.7,9.5,10.2
2021-06-16,0.0,6.2,6.7
2021-06-17,0.0,6.7,7.2
2021-06-18,0.2,14.0,15.2
2021-06-19,7.9,21.1,23.0
2021-06-20,12.8,2.8,2.8
2021-06-21,0.0,5.9,7.6
2021-06-22,0.2,5.0,6.4
2021-06-23,1.7,19.4,25.3
2021-06-24,2.8,0.2,0.0
2021-06-25,0.0,0.2,0.0
2021-06-26,0.0,21.0,27.3
2021-06-27,0.0,18.7,24.3
2021-06-28,26.6,10.1,13.0
2021-06-29,29.2,7.5,9.6
2021-06-30,12.9,18.4,23.9
2021-07-01,12.7,7.2,11.2
2021-07-02,15.9,33.2,36.9
2021-07-03,23.0,56.7,69.4
2021-07-04,136.7,5.8,9.5
2021-07-05,10.3,19.4,24.6
2021-07-06,3.1,41.6,47.5
2021-07-07,7.6,13.3,17.9
2021-07-08,0.1,4.2,7.7
2021-07-09,0.1,26.4,32.0
2021-07-10,8.3,70.4,92.0
2021-07-11,29.5,35.4,38.2
2021-07-12,17.7,15.8,22.0
2021-07-13,9.8,19.1,27.6
2021-07-14,35.4,19.0,25.5
2021-07-15,10.1,32.5,34.1
2021-07-16,2.0,18.7,25.1
2021-07-17,6.5,121.4,194.5
2021-07-18,62.1,20.0,27.7
2021-07-19,1.6,8.1,13.7
2021-07-20,1.0,3.6,8.4
2021-07-22,109.3,35.1,46.3
2021-07-23,1.6,14.6,24.5
2021-07-24,0.3,63.9,98.6
2021-07-25,1.3,1.1,5.0
2021-07-26,9.3,0.0,0.0
2021-07-27,0.0,0.4,0.0
2021-07-28,2.2,0.1,0.0
2021-07-29,2.8,28.5,43.2
2021-07-30,0.3,10.6,18.1
2021-07-31,0.0,2.7,7.7
2021-08-02,0.7,1.6,4.9
2021-08-03,1.3,8.3,12.7
2021-08-04,1.6,72.9,92.0
2021-08-05,17.7,9.5,13.9
2021-08-06,6.8,6.4,10.6
2021-08-07,0.8,45.7,54.5
2021-08-08,28.5,32.4,34.7
2021-08-09,0.3,6.4,10.7
2021-08-10,0.2,2.7,6.4
2021-08-11,0.0,0.0,0.0
2021-08-12,0.0,0.0,0.0
2021-08-13,2.2,0.0,0.0
2021-08-14,1.4,7.1,14.7
2021-08-15,49.6,20.6,32.0
2021-08-16,15.2,10.3,20.8
2021-08-17,14.6,0.5,0.0
2021-08-18,6.4,1.3,5.0
2021-08-19,3.8,33.9,51.5
2021-08-20,21.4,9.6,19.3
2021-08-21,2.3,2.9,5.7
2021-08-22,0.2,11.5,16.9
2021-08-23,4.1,3.0,5.9
2021-08-24,0.0,14.9,22.2
2021-08-25,0.0,44.1,60.2
2021-08-26,8.7,6.4,10.4
2021-08-27,3.7,11.4,16.8
2021-08-28,2.6,12.3,17.7
2021-08-29,4.6,3.4,6.4
2021-08-30,23.8,2.9,5.7
2021-08-31,1.0,3.5,6.5
2021-09-01,4.5,5.8,6.5
2021-09-02,9.2,11.0,13.8
2021-09-03,2.6,10.0,12.4
2021-09-04,0.0,6.5,7.4
2021-09-05,3.9,25.5,30.8
2021-09-06,5.9,10.9,13.5
2021-09-07,24.9,31.0,39.0
2021-09-08,34.0,26.0,31.0
2021-09-09,44.6,10.1,12.5
2021-09-10,2.9,22.4,29.7
2021-09-11,13.7,9.2,11.8
2021-09-12,2.3,21.9,26.2
2021-09-13,46.0,1.6,2.8
2021-09-14,0.0,29.2,42.0
2021-09-15,20.7,7.7,10.0
2021-09-16,28.3,5.0,6.8
2021-09-17,11.4,31.2,46.5
2021-09-18,13.1,32.3,48.3
2021-09-19,1.1,4.0,5.6
2021-09-20,9.7,41.4,63.2
2021-09-21,14.9,13.3,13.4
2021-09-22,3.0,15.1,15.2
2021-09-23,6.9,111.7,90.8
2021-09-24,96.4,15.7,15.3
2021-09-25,0.6,19.3,19.0
2021-09-26,46.9,11.5,11.0
2021-09-27,7.0,6.9,6.1
2021-09-28,0.0,0.7,0.0
2021-09-29,2.0,2.8,1.9
2021-09-30,4.3,52.1,71.4
2021-10-01,11.2,4.0,2.8
2021-10-02,0.0,1.8,1.0
2021-10-03,1.5,12.4,12.3
2021-10-04,0.0,0.0,0.0
2021-10-05,0.0,0.0,0.0
2021-10-06,7.6,12.7,16.4
2021-10-07,34.5,12.3,12.2
2021-10-08,1.2,12.4,11.9
2021-10-09,46.3,4.2,3.1
2021-10-10,0.0,0.6,0.0
2021-10-13,0.0,2.0,0.0
2021-10-14,2.4,4.5,1.0
2021-10-16,0.0,1.3,0.0
2021-10-17,0.0,3.8,1.0
2021-10-18,0.4,4.9,1.2
2021-10-19,1.8,0.0,0.0
2021-10-20,0.0,0.0,0.0
2021-10-21,0.0,1.8,0.0
2021-10-23,0.0,4.9,1.7
2021-10-25,0.8,4.6,1.5
2021-10-26,0.3,1.3,0.0
2021-10-27,17.0,0.0,0.0
2021-10-28,0.0,3.0,0.0
2021-10-30,0.0,7.4,3.9
2021-11-01,14.8,0.5,0.0
2021-11-02,6.1,2.2,0.0
2021-11-03,0.0,8.4,5.1
2021-11-04,20.0,7.4,4.4
2021-11-06,8.6,7.4,4.4
2021-11-07,0.0,8.9,5.5
2021-11-08,0.0,7.5,4.6
2021-11-09,0.9,3.6,1.0
2021-11-10,0.0,1.9,0.0
2021-11-11,0.0,2.8,0.0
2021-11-12,0.0,2.8,0.0
2021-11-13,0.2,5.5,2.1
2021-11-14,1.3,25.8,37.7
2021-11-15,24.0,18.9,23.9
2021-11-16,2.8,7.1,4.0
2021-11-17,3.4,14.9,15.0
2021-11-18,3.2,31.6,47.5
2021-11-19,9.4,1.7,0.0
2021-11-20,0.0,0.3,0.0
2021-11-22,6.6,6.4,1.0
2021-11-23,18.6,0.3,0.0
2021-11-24,0.0,0.3,0.0
2021-11-25,0.0,0.9,0.0
2021-11-26,0.0,1.3,0.0
2021-11-27,0.0,6.3,0.0
2021-11-30,1.4,3.7,0.0
2021-12-01,2.5,11.7,9.0
2021-12-02,8.2,4.8,1.0
2021-12-03,1.2,9.0,5.6
2021-12-04,0.0,4.8,1.0
2021-12-05,4.1,3.6,0.0
2021-12-07,0.0,11.6,9.0
2021-12-08,3.5,5.7,1.6
2021-12-09,0.0,1.1,0.0
2021-12-10,0.0,1.3,0.0
2021-12-11,0.0,4.6,2.3
2021-12-12,20.6,13.2,17.9
2021-12-13,17.0,11.9,11.6
2021-12-14,0.4,1.8,0.0
2021-12-15,0.3,2.6,0.0
2021-12-16,0.5,0.0,0.0
2021-12-17,0.0,7.7,6.5
2021-12-18,2.8,3.4,1.0
2021-12-19,0.0,0.5,0.0
2021-12-21,3.8,4.0,1.0
2021-12-23,10.2,2.3,0.0
2021-12-25,0.0,0.2,0.0
2021-12-26,1.7,1.1,0.0
2021-12-27,0.2,5.2,1.2
2021-12-28,0.6,11.8,8.0
2021-12-29,10.0,0.2,0.0
2021-12-30,0.3,11.1,7.2
2021-12-31,4.5,2.5,0.0
