date,gauge,imergl,lseqmdl
2001-01-01,14.0,0.7,0.0
2001-01-02,38.0,4.5,4.1
2001-01-03,0.0,0.0,0.0
2001-01-04,3.0,3.4,3.6
2001-01-05,5.0,2.4,3.0
2001-01-06,4.0,16.7,10.7
2001-01-07,3.0,2.9,3.3
2001-01-08,5.0,9.3,6.8
2001-01-09,26.0,4.9,4.4
2001-01-10,0.0,4.2,4.0
2001-01-11,7.0,24.7,16.1
2001-01-12,45.0,8.3,6.6
2001-01-13,5.0,40.8,33.0
2001-01-14,48.0,53.9,55.7
2001-01-15,15.0,14.0,10.9
2001-01-16,9.0,0.0,0.0
2001-01-17,0.0,1.9,1.7
2001-01-18,0.0,1.4,1.2
2001-01-19,0.0,2.6,2.2
2001-01-20,5.0,10.5,8.3
2001-01-21,0.0,9.3,8.8
2001-01-22,0.0,1.3,2.7
2001-01-23,8.0,18.0,14.8
2001-01-24,55.0,28.8,23.1
2001-01-25,5.0,3.4,4.4
2001-01-26,1.0,0.3,0.0
2001-01-27,0.0,0.2,0.0
2001-01-29,23.0,5.2,5.8
2001-01-30,1.0,4.9,5.6
2001-01-31,4.0,4.4,5.2
2001-02-01,4.0,19.3,14.8
2001-02-02,3.0,1.2,0.0
2001-02-03,13.0,39.6,30.2
2001-02-04,33.0,7.7,7.0
2001-02-05,4.0,4.9,5.1
2001-02-06,2.0,3.2,3.9
2001-02-07,0.0,2.4,3.4
2001-02-08,12.0,23.2,15.2
2001-02-09,55.0,52.6,41.4
2001-02-10,15.0,20.4,13.3
2001-02-12,0.0,1.1,0.0
2001-02-13,0.0,7.4,6.2
2001-02-15,0.0,3.0,3.4
2001-02-16,2.0,0.3,0.0
2001-02-17,20.0,20.6,13.9
2001-02-18,4.0,0.2,0.0
2001-02-19,14.0,17.8,12.2
2001-02-20,1.0,3.6,3.8
2001-02-22,1.0,1.3,3.3
2001-02-23,0.0,0.2,0.0
2001-02-24,0.0,0.2,0.0
2001-02-25,0.0,0.0,0.0
2001-02-26,0.0,0.2,0.0
2001-02-27,0.0,0.0,0.0
2001-02-28,0.0,0.0,0.0
2001-03-01,0.0,0.0,0.0
2001-03-02,7.0,0.4,0.0
2001-03-03,3.0,0.7,0.0
2001-03-04,3.0,0.8,0.0
2001-03-05,0.0,0.5,0.0
2001-03-06,0.0,0.0,0.0
2001-03-08,26.0,3.4,4.6
2001-03-09,35.0,26.3,14.9
2001-03-10,73.0,34.8,20.1
2001-03-11,5.0,0.5,0.0
2001-03-12,4.0,9.1,9.6
2001-03-13,20.0,55.4,38.9
2001-03-14,1.0,1.5,3.5
2001-03-15,41.0,10.8,10.8
2001-03-16,3.0,6.2,7.3
2001-03-18,1.0,2.1,4.1
2001-03-19,1.0,1.1,0.0
2001-03-20,8.0,9.3,9.4
2001-03-21,0.0,0.0,0.0
2001-03-22,0.0,0.4,0.0
2001-03-23,0.0,0.0,0.0
2001-03-24,0.0,0.0,0.0
2001-03-25,6.0,6.5,6.6
2001-03-26,39.0,15.0,12.3
2001-03-27,4.0,3.0,4.2
2001-03-28,2.0,27.8,18.0
2001-03-29,11.0,1.5,3.0
2001-03-30,9.0,26.2,16.9
2001-03-31,1.0,1.1,0.0
2001-04-01,20.0,24.6,18.3
2001-04-02,3.0,3.3,4.1
2001-04-04,0.0,1.1,0.0
2001-04-05,0.0,2.7,3.7
2001-04-06,0.0,1.1,0.0
2001-04-07,7.0,11.1,9.9
2001-04-08,3.0,6.0,6.1
2001-04-09,11.0,6.1,6.2
2001-04-10,0.0,5.8,6.0
2001-04-11,2.0,7.5,8.3
2001-04-12,9.0,30.2,30.6
2001-04-13,3.0,6.6,7.5
2001-04-14,10.0,10.9,11.2
2001-04-15,12.0,3.7,5.0
2001-04-16,12.0,10.2,10.6
2001-04-18,0.0,0.0,0.0
2001-04-19,0.0,0.0,0.0
2001-04-20,0.0,0.0,0.0
2001-04-21,0.0,1.3,2.3
2001-04-22,55.0,97.9,108.0
2001-04-23,0.0,7.9,9.2
2001-04-24,15.0,6.8,8.1
2001-04-25,91.0,41.6,46.1
2001-04-26,34.0,15.1,16.8
2001-04-27,9.0,23.0,25.3
2001-04-28,22.0,40.4,44.3
2001-04-29,17.0,25.7,28.4
2001-04-30,30.0,51.9,58.4
2001-05-01,46.0,27.5,25.6
2001-05-02,48.0,60.0,60.1
2001-05-03,45.0,10.8,10.9
2001-05-04,8.0,2.2,3.0
2001-05-05,88.0,72.2,72.1
2001-05-06,13.0,38.1,36.1
2001-05-07,135.0,150.3,114.4
2001-05-08,6.0,45.1,43.7
2001-05-09,36.0,93.2,91.5
2001-05-10,51.0,47.8,46.5
2001-05-11,21.0,16.8,16.6
2001-05-12,0.0,0.0,0.0
2001-05-13,0.0,0.0,0.0
2001-05-14,0.0,0.0,0.0
2001-05-15,0.0,0.0,0.0
2001-05-16,0.0,0.0,0.0
2001-05-17,0.0,0.8,0.0
2001-05-18,2.0,0.0,0.0
2001-05-19,1.0,1.4,2.9
2001-05-20,6.0,14.7,14.9
2001-05-21,15.0,6.7,8.7
2001-05-22,1.0,1.9,3.7
2001-05-23,11.0,0.0,0.0
2001-05-24,1.0,0.1,0.0
2001-05-25,0.0,0.0,0.0
2001-05-26,0.0,2.6,4.5
2001-05-27,3.0,6.2,8.3
2001-05-28,19.0,0.8,0.0
2001-05-29,12.0,5.1,7.2
2001-05-30,4.0,4.0,6.1
2001-05-31,8.0,17.3,19.2
2001-06-01,6.0,9.1,9.6
2001-06-02,19.0,0.7,0.0
2001-06-04,5.0,9.3,9.8
2001-06-05,0.0,0.3,0.0
2001-06-07,19.0,1.4,2.0
2001-06-08,1.0,0.0,0.0
2001-06-09,3.0,5.1,5.7
2001-06-10,29.0,3.8,4.4
2001-06-11,0.0,0.9,0.0
2001-06-12,0.0,2.5,5.9
2001-06-13,15.0,0.7,0.0
2001-06-14,24.0,11.7,14.1
2001-06-15,3.0,14.9,16.9
2001-06-16,70.0,101.1,109.5
2001-06-17,0.0,1.3,4.6
2001-06-18,7.0,1.5,4.8
2001-06-19,7.0,0.8,0.0
2001-06-20,38.0,6.3,9.4
2001-06-21,74.0,57.1,73.7
2001-06-22,22.0,51.2,65.2
2001-06-23,1.0,7.6,10.6
2001-06-24,2.0,3.0,6.0
2001-06-25,1.0,13.0,16.4
2001-06-26,3.0,0.2,0.0
2001-06-27,0.0,0.0,0.0
2001-06-28,0.0,0.0,0.0
2001-06-30,0.0,0.0,0.0
2001-07-01,0.0,0.0,0.0
2001-07-02,0.0,0.0,0.0
2001-07-03,0.0,0.0,0.0
2001-07-04,0.0,0.0,0.0
2001-07-05,0.0,0.0,0.0
2001-07-06,0.0,0.0,0.0
2001-07-07,0.0,0.1,0.0
2001-07-08,0.0,0.0,0.0
2001-07-09,0.0,0.0,0.0
2001-07-10,0.0,0.0,0.0
2001-07-11,0.0,0.0,0.0
2001-07-12,0.0,0.0,0.0
2001-07-14,0.0,1.8,3.7
2001-07-17,29.0,0.9,2.1
2001-07-18,47.0,4.1,7.4
2001-07-19,16.0,1.6,3.3
2001-07-20,1.0,2.5,4.9
2001-07-21,12.0,0.6,4.3
2001-07-22,1.0,3.5,8.7
2001-07-23,0.0,0.0,0.0
2001-07-25,1.0,5.8,11.5
2001-07-26,1.0,1.2,5.3
2001-07-27,2.0,5.7,11.5
2001-07-28,2.0,2.2,6.8
2001-07-29,1.0,0.4,0.0
2001-07-30,0.0,0.0,0.0
2001-07-31,0.0,0.0,0.0
2001-08-01,0.0,0.0,0.0
2001-08-02,0.0,0.3,0.0
2001-08-03,3.0,0.9,3.8
2001-08-04,0.0,9.0,14.3
2001-08-05,0.0,3.4,7.4
2001-08-06,0.0,0.0,0.0
2001-08-07,0.0,0.0,0.0
2001-08-08,0.0,0.0,0.0
2001-08-09,0.0,0.0,0.0
2001-08-10,0.0,0.0,0.0
2001-08-11,1.0,1.1,5.6
2001-08-12,35.0,29.4,72.6
2001-08-13,0.0,0.0,0.0
2001-08-14,0.0,1.3,5.8
2001-08-15,0.0,0.0,0.0
2001-08-16,0.0,0.0,0.0
2001-08-17,0.0,0.0,0.0
2001-08-18,0.0,0.0,0.0
2001-08-19,0.0,0.0,0.0
2001-08-20,0.0,0.0,0.0
2001-08-21,0.0,0.0,0.0
2001-08-22,0.0,0.0,0.0
2001-08-23,0.0,0.0,0.0
2001-08-24,0.0,0.0,0.0
2001-08-25,0.0,0.0,0.0
2001-08-26,0.0,0.0,0.0
2001-08-27,0.0,0.0,0.0
2001-08-28,0.0,0.0,0.0
2001-08-29,0.0,0.0,0.0
2001-08-30,0.0,0.0,0.0
2001-08-31,0.0,0.0,0.0
2001-09-01,0.0,0.0,0.0
2001-09-02,0.0,0.0,0.0
2001-09-03,0.0,0.0,0.0
2001-09-05,0.0,0.0,0.0
2001-09-06,0.0,1.9,6.9
2001-09-08,0.0,0.0,0.0
2001-09-09,0.0,0.0,0.0
2001-09-10,7.0,0.0,0.0
2001-09-11,0.0,6.5,12.0
2001-09-12,1.0,0.0,0.0
2001-09-13,13.0,4.4,9.7
2001-09-14,0.0,0.1,0.0
2001-09-15,0.0,0.0,0.0
2001-09-16,0.0,0.0,0.0
2001-09-17,0.0,0.0,0.0
2001-09-18,83.0,21.9,36.9
2001-09-19,1.0,0.3,0.0
2001-09-20,1.0,0.8,4.5
2001-09-21,0.0,0.7,4.1
2001-09-22,1.0,1.8,6.3
2001-09-23,5.0,1.3,5.3
2001-09-25,8.0,3.4,8.9
2001-09-26,2.0,9.7,20.3
2001-09-27,5.0,6.7,13.7
2001-09-29,12.0,5.5,12.4
2001-09-30,1.0,2.3,7.3
2001-10-01,0.0,0.0,0.0
2001-10-02,0.0,0.0,0.0
2001-10-03,0.0,0.0,0.0
2001-10-04,0.0,0.0,0.0
2001-10-05,0.0,0.0,0.0
2001-10-06,0.0,0.0,0.0
2001-10-07,0.0,0.0,0.0
2001-10-08,0.0,0.3,0.0
2001-10-09,0.0,0.0,0.0
2001-10-10,3.0,8.6,13.8
2001-10-11,0.0,1.4,3.5
2001-10-12,0.0,0.0,0.0
2001-10-13,0.0,0.2,0.0
2001-10-14,0.0,3.8,5.7
2001-10-15,0.0,0.0,0.0
2001-10-16,0.0,0.0,0.0
2001-10-17,1.0,3.4,5.3
2001-10-18,0.0,0.0,0.0
2001-10-19,0.0,0.0,0.0
2001-10-20,0.0,0.0,0.0
2001-10-21,0.0,0.0,0.0
2001-10-22,0.0,0.0,0.0
2001-10-23,0.0,0.0,0.0
2001-10-24,0.0,0.0,0.0
2001-10-25,0.0,0.2,0.0
2001-10-26,0.0,0.0,0.0
2001-10-27,0.0,0.0,0.0
2001-10-28,3.0,3.6,5.6
2001-10-29,0.0,0.0,0.0
2001-10-30,0.0,0.1,0.0
2001-11-01,36.0,5.2,7.1
2001-11-02,21.0,3.3,4.7
2001-11-03,10.0,4.1,5.8
2001-11-04,7.0,48.2,106.8
2001-11-05,0.0,0.1,0.0
2001-11-06,1.0,3.8,5.3
2001-11-07,62.0,10.5,13.6
2001-11-09,0.0,0.2,0.0
2001-11-10,6.0,0.1,0.0
2001-11-11,5.0,57.9,56.3
2001-11-12,18.0,16.6,12.2
2001-11-13,1.0,6.1,6.1
2001-11-14,0.0,0.0,0.0
2001-11-15,0.0,0.0,0.0
2001-11-16,2.0,0.7,0.0
2001-11-17,1.0,0.5,0.0
2001-11-18,5.0,1.8,3.1
2001-11-19,3.0,6.3,6.2
2001-11-20,65.0,68.1,56.4
2001-11-21,0.0,0.0,0.0
2001-11-22,0.0,0.0,0.0
2001-11-23,0.0,0.2,0.0
2001-11-24,0.0,7.2,5.5
2001-11-25,0.0,0.3,0.0
2001-11-26,4.0,0.7,0.0
2001-11-27,8.0,9.9,7.5
2001-11-28,11.0,39.2,36.4
2001-11-29,0.0,1.2,0.0
2001-11-30,2.0,15.9,12.6
2001-12-01,0.0,1.9,1.2
2001-12-02,37.0,31.7,24.9
2001-12-03,1.0,2.3,1.6
2001-12-04,41.0,17.0,11.7
2001-12-05,29.0,27.1,21.7
2001-12-06,61.0,18.3,15.8
2001-12-07,12.0,13.8,9.6
2001-12-08,8.0,5.2,3.8
2001-12-09,10.0,2.8,2.0
2001-12-10,1.0,0.3,0.0
2001-12-11,10.0,0.8,0.0
2001-12-12,13.0,23.8,14.0
2001-12-13,4.0,0.1,0.0
2001-12-15,3.0,0.2,0.0
2001-12-16,12.0,1.2,0.0
2001-12-17,6.0,0.0,0.0
2001-12-18,31.0,4.8,3.5
2001-12-19,75.0,48.3,29.6
2001-12-20,8.0,9.0,5.9
2001-12-21,4.0,0.7,0.0
2001-12-22,0.0,0.0,0.0
2001-12-23,0.0,0.3,0.0
2001-12-24,4.0,1.6,0.0
2001-12-25,0.0,4.7,2.5
2001-12-26,1.0,0.1,0.0
2001-12-27,11.0,17.9,11.4
2001-12-28,71.0,47.5,35.5
2001-12-29,3.0,9.7,5.9
2001-12-30,2.0,4.1,2.1
2001-12-31,11.0,17.5,11.1
2002-01-01,1.0,1.6,2.6
2002-01-02,4.0,4.0,3.9
2002-01-03,2.0,14.8,9.9
2002-01-04,24.0,6.8,5.4
2002-01-05,13.0,6.2,5.1
2002-01-06,0.0,0.0,0.0
2002-01-08,12.0,8.7,6.5
2002-01-09,4.0,4.2,4.0
2002-01-11,0.0,1.3,1.2
2002-01-12,0.0,0.5,0.0
2002-01-13,0.0,0.0,0.0
2002-01-15,0.0,0.0,0.0
2002-01-16,11.0,2.6,2.2
2002-01-17,0.0,0.0,0.0
2002-01-18,0.0,5.9,4.8
2002-01-19,0.0,0.0,0.0
2002-01-20,0.0,2.4,2.0
2002-01-21,12.0,8.4,8.2
2002-01-22,2.0,11.7,10.5
2002-01-23,40.0,5.0,5.7
2002-01-24,5.0,3.9,4.8
2002-01-25,13.0,12.3,11.0
2002-01-26,6.0,3.9,4.8
2002-01-27,22.0,5.5,6.0
2002-01-28,15.0,0.3,0.0
2002-01-29,10.0,0.2,0.0
2002-01-30,1.0,4.4,5.2
2002-02-01,0.0,1.1,0.0
2002-02-02,0.0,0.5,0.0
2002-02-03,2.0,0.9,0.0
2002-02-04,5.0,0.4,0.0
2002-02-05,39.0,11.4,9.4
2002-02-06,4.0,0.2,0.0
2002-02-07,10.0,0.2,0.0
2002-02-09,0.0,4.2,4.7
2002-02-10,0.0,1.8,3.0
2002-02-11,7.0,4.6,4.4
2002-02-12,0.0,1.4,0.0
2002-02-13,3.0,14.3,10.2
2002-02-14,0.0,4.0,4.0
2002-02-15,2.0,0.1,0.0
2002-02-16,0.0,1.5,2.4
2002-02-17,0.0,0.3,0.0
2002-02-18,0.0,1.8,2.6
2002-02-19,0.0,0.0,0.0
2002-02-20,0.0,1.7,2.5
2002-02-21,0.0,0.0,0.0
2002-02-22,0.0,0.0,0.0
2002-02-23,0.0,0.0,0.0
2002-02-24,0.0,0.1,0.0
2002-02-25,5.0,0.8,0.0
2002-02-26,4.0,7.8,8.8
2002-02-27,18.0,5.4,6.7
2002-03-01,1.0,0.8,0.0
2002-03-02,3.0,1.6,3.5
2002-03-04,0.0,0.0,0.0
2002-03-05,0.0,0.0,0.0
2002-03-06,0.0,1.9,3.7
2002-03-07,54.0,49.4,28.8
2002-03-08,14.0,13.9,10.0
2002-03-09,28.0,18.1,12.1
2002-03-10,35.0,48.1,28.3
2002-03-11,2.0,2.9,4.7
2002-03-12,5.0,0.1,0.0
2002-03-13,7.0,1.3,3.4
2002-03-14,7.0,0.6,0.0
2002-03-15,0.0,0.0,0.0
2002-03-16,0.0,0.0,0.0
2002-03-17,0.0,0.0,0.0
2002-03-18,0.0,0.0,0.0
2002-03-19,0.0,0.0,0.0
2002-03-20,6.0,9.0,9.3
2002-03-21,0.0,0.7,0.0
2002-03-22,0.0,2.5,3.8
2002-03-23,17.0,29.8,20.2
2002-03-24,15.0,2.6,3.9
2002-03-25,3.0,11.3,9.9
2002-03-26,0.0,0.0,0.0
2002-03-27,1.0,1.5,3.0
2002-03-28,11.0,5.2,5.7
2002-03-29,0.0,4.7,5.4
2002-03-30,44.0,8.5,8.0
2002-03-31,0.0,3.1,4.2
2002-04-01,0.0,0.3,0.0
2002-04-02,0.0,0.0,0.0
2002-04-03,0.0,0.0,0.0
2002-04-04,0.0,0.0,0.0
2002-04-05,0.0,1.1,0.0
2002-04-06,0.0,1.1,0.0
2002-04-07,0.0,0.3,0.0
2002-04-08,0.0,1.5,2.8
2002-04-09,0.0,5.3,5.6
2002-04-10,4.0,5.0,5.4
2002-04-11,1.0,0.6,0.0
2002-04-12,0.0,0.0,0.0
2002-04-13,0.0,0.0,0.0
2002-04-14,18.0,8.4,9.1
2002-04-15,3.0,7.6,8.4
2002-04-16,29.0,11.4,11.6
2002-04-18,0.0,0.2,0.0
2002-04-19,0.0,0.0,0.0
2002-04-20,0.0,0.0,0.0
2002-04-21,0.0,0.0,0.0
2002-04-22,1.0,0.1,0.0
2002-04-24,35.0,10.3,11.7
2002-04-25,27.0,3.5,4.6
2002-04-26,4.0,4.2,5.3
2002-04-27,26.0,6.6,7.8
2002-04-28,4.0,7.8,9.1
2002-04-29,6.0,10.7,12.1
2002-04-30,33.0,60.7,70.0
2002-05-01,2.0,12.2,12.1
2002-05-02,16.0,13.8,13.5
2002-05-03,19.0,30.4,27.8
2002-05-04,13.0,15.2,14.7
2002-05-05,8.0,4.4,5.0
2002-05-06,117.0,36.4,34.4
2002-05-07,4.0,11.6,11.6
2002-05-08,20.0,7.3,7.7
2002-05-09,5.0,12.0,11.9
2002-05-10,83.0,16.0,15.4
2002-05-11,0.0,0.3,0.0
2002-05-12,0.0,0.4,0.0
2002-05-13,0.0,0.7,0.0
2002-05-14,0.0,0.0,0.0
2002-05-15,0.0,0.0,0.0
2002-05-16,0.0,0.0,0.0
2002-05-17,0.0,0.0,0.0
2002-05-18,0.0,0.0,0.0
2002-05-19,0.0,0.0,0.0
2002-05-20,0.0,0.0,0.0
2002-05-21,0.0,0.0,0.0
2002-05-22,0.0,0.0,0.0
2002-05-23,0.0,0.0,0.0
2002-05-24,0.0,0.0,0.0
2002-05-25,0.0,0.0,0.0
2002-05-26,18.0,0.2,0.0
2002-05-27,0.0,0.0,0.0
2002-05-28,0.0,0.0,0.0
2002-05-29,0.0,0.0,0.0
2002-05-30,0.0,1.4,3.2
2002-05-31,0.0,11.1,12.9
2002-06-01,15.0,26.6,27.0
2002-06-02,12.0,2.8,3.4
2002-06-03,23.0,10.9,11.3
2002-06-04,8.0,2.8,3.4
2002-06-05,1.0,0.0,0.0
2002-06-06,0.0,0.0,0.0
2002-06-07,2.0,3.1,3.7
2002-06-08,2.0,0.2,0.0
2002-06-09,1.0,0.1,0.0
2002-06-10,2.0,0.1,0.0
2002-06-13,4.0,8.9,11.7
2002-06-14,0.0,0.1,0.0
2002-06-15,1.0,0.1,0.0
2002-06-16,1.0,0.1,0.0
2002-06-17,44.0,14.0,15.7
2002-06-18,6.0,7.0,10.1
2002-06-19,1.0,0.2,0.0
2002-06-20,29.0,25.3,26.3
2002-06-21,106.0,336.0,106.6
2002-06-22,2.0,26.3,31.9
2002-06-23,0.0,0.2,0.0
2002-06-24,60.0,16.6,20.0
2002-06-25,0.0,0.0,0.0
2002-06-26,1.0,1.9,4.7
2002-06-27,1.0,0.0,0.0
2002-06-28,2.0,0.0,0.0
2002-06-29,0.0,0.0,0.0
2002-06-30,0.0,0.0,0.0
2002-07-01,2.0,3.1,7.1
2002-07-02,0.0,0.0,0.0
2002-07-03,0.0,0.2,0.0
2002-07-04,6.0,2.9,6.9
2002-07-05,1.0,0.0,0.0
2002-07-06,3.0,0.2,0.0
2002-07-07,0.0,0.2,0.0
2002-07-08,3.0,1.0,4.5
2002-07-09,0.0,0.0,0.0
2002-07-10,0.0,0.0,0.0
2002-07-11,0.0,0.0,0.0
2002-07-12,0.0,0.0,0.0
2002-07-13,0.0,0.0,0.0
2002-07-14,1.0,0.0,0.0
2002-07-15,0.0,0.0,0.0
2002-07-16,0.0,0.1,0.0
2002-07-17,1.0,1.5,3.2
2002-07-18,0.0,0.0,0.0
2002-07-19,0.0,0.0,0.0
2002-07-21,0.0,0.0,0.0
2002-07-22,1.0,0.1,0.0
2002-07-23,0.0,0.0,0.0
2002-07-25,0.0,0.0,0.0
2002-07-26,0.0,0.0,0.0
2002-07-27,4.0,0.0,0.0
2002-07-28,0.0,0.0,0.0
2002-07-29,0.0,0.0,0.0
2002-07-30,0.0,0.0,0.0
2002-07-31,0.0,0.0,0.0
2002-08-01,0.0,0.0,0.0
2002-08-02,0.0,0.3,0.0
2002-08-03,0.0,0.0,0.0
2002-08-04,0.0,0.0,0.0
2002-08-05,0.0,0.0,0.0
2002-08-06,0.0,0.0,0.0
2002-08-07,0.0,16.4,27.3
2002-08-08,2.0,0.0,0.0
2002-08-09,0.0,0.0,0.0
2002-08-10,0.0,1.1,4.0
2002-08-11,0.0,0.5,4.3
2002-08-12,0.0,2.5,8.0
2002-08-13,1.0,1.8,6.9
2002-08-14,0.0,0.0,0.0
2002-08-15,0.0,0.0,0.0
2002-08-16,0.0,0.2,0.0
2002-08-17,0.0,6.5,13.6
2002-08-18,0.0,0.0,0.0
2002-08-19,0.0,0.0,0.0
2002-08-20,0.0,0.0,0.0
2002-08-21,0.0,0.0,0.0
2002-08-22,0.0,0.0,0.0
2002-08-23,0.0,0.0,0.0
2002-08-24,0.0,0.0,0.0
2002-08-25,0.0,0.0,0.0
2002-08-26,0.0,0.1,0.0
2002-08-27,0.0,0.0,0.0
2002-08-28,0.0,0.0,0.0
2002-08-29,0.0,0.0,0.0
2002-08-30,0.0,0.0,0.0
2002-08-31,0.0,1.4,5.3
2002-09-01,0.0,0.0,0.0
2002-09-02,0.0,0.0,0.0
2002-09-03,0.0,0.0,0.0
2002-09-04,0.0,0.0,0.0
2002-09-05,0.0,0.0,0.0
2002-09-06,0.0,0.0,0.0
2002-09-07,0.0,0.0,0.0
2002-09-08,0.0,0.0,0.0
2002-09-09,0.0,0.0,0.0
2002-09-10,0.0,0.0,0.0
2002-09-11,0.0,0.0,0.0
2002-09-12,0.0,0.0,0.0
2002-09-13,0.0,0.0,0.0
2002-09-14,0.0,0.0,0.0
2002-09-15,0.0,0.0,0.0
2002-09-16,0.0,1.5,5.5
2002-09-17,0.0,0.0,0.0
2002-09-18,0.0,0.0,0.0
2002-09-19,0.0,0.0,0.0
2002-09-20,0.0,0.0,0.0
2002-09-21,0.0,0.0,0.0
2002-09-22,0.0,0.1,0.0
2002-09-23,0.0,0.0,0.0
2002-09-24,0.0,0.0,0.0
2002-09-25,0.0,0.0,0.0
2002-09-26,0.0,0.0,0.0
2002-09-27,0.0,0.0,0.0
2002-09-28,0.0,0.1,0.0
2002-09-29,0.0,0.2,0.0
2002-09-30,18.0,3.8,9.7
2002-11-01,0.0,0.7,0.0
2002-11-02,14.0,5.2,7.1
2002-11-03,17.0,22.9,37.7
2002-11-04,19.0,5.3,7.3
2002-11-05,0.0,0.0,0.0
2002-11-06,0.0,0.1,0.0
2002-11-07,0.0,0.5,0.0
2002-11-09,0.0,0.4,0.0
2002-11-10,0.0,4.9,6.8
2002-11-11,0.0,0.1,0.0
2002-11-12,0.0,0.5,0.0
2002-11-13,0.0,1.1,0.0
2002-11-14,3.0,3.1,4.0
2002-11-15,2.0,19.6,14.4
2002-11-16,0.0,0.0,0.0
2002-11-17,0.0,0.0,0.0
2002-11-18,29.0,3.6,4.4
2002-11-19,0.0,0.5,0.0
2002-11-20,0.0,0.0,0.0
2002-11-22,0.0,0.0,0.0
2002-11-23,0.0,0.3,0.0
2002-11-25,0.0,0.0,0.0
2002-11-26,0.0,0.4,0.0
2002-11-27,2.0,1.9,1.3
2002-11-28,0.0,0.9,0.0
2002-11-29,0.0,0.0,0.0
2002-12-01,23.0,0.9,0.0
2002-12-02,2.0,0.7,0.0
2002-12-03,0.0,0.1,0.0
2002-12-04,12.0,0.3,0.0
2002-12-05,0.0,0.0,0.0
2002-12-06,0.0,0.3,0.0
2002-12-07,0.0,0.6,0.0
2002-12-08,0.0,4.9,3.5
2002-12-09,19.0,8.3,5.9
2002-12-10,0.0,8.4,6.0
2002-12-11,3.0,0.4,0.0
2002-12-12,2.0,4.4,3.3
2002-12-13,1.0,1.6,0.0
2002-12-14,1.0,2.5,2.1
2002-12-15,4.0,1.4,0.0
2002-12-16,0.0,3.5,2.7
2002-12-17,1.0,10.5,6.8
2002-12-19,1.0,1.3,0.0
2002-12-20,5.0,4.4,3.3
2002-12-21,0.0,0.0,0.0
2002-12-23,22.0,5.2,2.8
2002-12-24,34.0,12.5,7.7
2002-12-25,77.0,96.8,66.3
2002-12-26,0.0,3.4,1.6
2002-12-27,0.0,1.2,0.0
2002-12-28,9.0,15.1,9.5
2002-12-29,37.0,86.8,66.2
2002-12-30,0.0,1.1,0.0
2002-12-31,0.0,11.8,7.3
2003-01-01,4.0,16.8,11.1
2003-01-02,15.0,16.8,11.2
2003-01-03,52.0,29.9,18.4
2003-01-04,6.0,9.5,6.9
2003-01-05,0.0,4.1,3.9
2003-01-06,0.0,0.0,0.0
2003-01-07,0.0,0.1,0.0
2003-01-08,0.0,0.0,0.0
2003-01-09,0.0,0.9,0.0
2003-01-11,14.0,12.2,9.6
2003-01-12,2.0,9.8,7.8
2003-01-13,1.0,2.4,2.1
2003-01-14,0.0,0.0,0.0
2003-01-15,0.0,1.5,1.3
2003-01-16,0.0,0.0,0.0
2003-01-17,0.0,0.0,0.0
2003-01-18,0.0,4.8,4.0
2003-01-19,0.0,0.3,0.0
2003-01-20,0.0,0.0,0.0
2003-01-21,0.0,0.0,0.0
2003-01-22,0.0,2.8,3.9
2003-01-23,2.0,4.8,5.5
2003-01-24,0.0,10.7,10.0
2003-01-25,3.0,8.6,8.4
2003-01-26,3.0,0.0,0.0
2003-01-27,0.0,0.4,0.0
2003-01-28,19.0,0.7,0.0
2003-01-29,0.0,1.3,2.6
2003-01-30,0.0,0.3,0.0
2003-01-31,0.0,0.7,0.0
2003-02-01,33.0,15.1,11.8
2003-02-02,15.0,37.9,28.5
2003-02-03,14.0,13.0,10.6
2003-02-05,0.0,1.3,2.6
2003-02-06,11.0,2.9,3.8
2003-02-07,14.0,16.2,12.8
2003-02-08,2.0,2.0,3.2
2003-02-12,1.0,6.4,5.5
2003-02-13,0.0,0.2,0.0
2003-02-14,0.0,0.0,0.0
2003-02-15,11.0,4.7,4.5
2003-02-16,0.0,0.0,0.0
2003-02-17,34.0,4.6,4.4
2003-02-18,3.0,4.4,4.2
2003-02-19,4.0,15.9,11.5
2003-02-20,6.0,10.0,7.7
2003-02-21,0.0,1.7,3.6
2003-02-22,14.0,1.0,0.0
2003-02-23,7.0,0.3,0.0
2003-02-24,0.0,0.2,0.0
2003-02-25,0.0,0.0,0.0
2003-02-26,0.0,0.1,0.0
2003-02-27,0.0,1.8,3.7
2003-02-28,0.0,0.0,0.0
2003-03-01,0.0,0.6,0.0
2003-03-02,0.0,2.3,3.9
2003-03-03,0.0,2.6,4.1
2003-03-04,0.0,0.0,0.0
2003-03-05,6.0,3.0,4.3
2003-03-06,12.0,38.9,22.3
2003-03-07,0.0,2.4,4.0
2003-03-08,0.0,0.3,0.0
2003-03-09,0.0,0.1,0.0
2003-03-10,0.0,0.0,0.0
2003-03-12,3.0,2.3,4.2
2003-03-13,0.0,0.3,0.0
2003-03-14,2.0,2.2,4.2
2003-03-15,0.0,0.0,0.0
2003-03-16,0.0,0.0,0.0
2003-03-17,0.0,0.0,0.0
2003-03-18,0.0,0.0,0.0
2003-03-19,0.0,0.0,0.0
2003-03-20,0.0,0.0,0.0
2003-03-21,0.0,0.0,0.0
2003-03-22,0.0,0.0,0.0
2003-03-23,0.0,0.1,0.0
2003-03-24,0.0,0.0,0.0
2003-03-25,0.0,0.0,0.0
2003-03-26,0.0,0.0,0.0
2003-03-27,7.0,0.8,0.0
2003-03-28,25.0,26.2,17.7
2003-03-29,7.0,12.9,11.0
2003-03-30,16.0,10.6,9.4
2003-03-31,12.0,5.8,6.1
2003-04-01,1.0,0.1,0.0
2003-04-02,1.0,0.0,0.0
2003-04-03,0.0,1.2,0.0
2003-04-04,0.0,0.0,0.0
2003-04-05,1.0,0.0,0.0
2003-04-06,7.0,14.3,12.1
2003-04-07,1.0,1.1,0.0
2003-04-08,8.0,0.0,0.0
2003-04-09,7.0,0.0,0.0
2003-04-11,0.0,0.0,0.0
2003-04-12,0.0,0.0,0.0
2003-04-13,0.0,0.0,0.0
2003-04-14,0.0,0.0,0.0
2003-04-15,3.0,1.2,2.6
2003-04-16,5.0,2.2,3.6
2003-04-17,22.0,22.5,20.7
2003-04-18,3.0,15.7,15.5
2003-04-19,0.0,1.1,2.5
2003-04-20,33.0,10.5,10.9
2003-04-22,0.0,0.1,0.0
2003-04-23,20.0,9.4,10.7
2003-04-24,42.0,21.7,23.7
2003-04-25,9.0,11.6,13.1
2003-04-26,0.0,2.0,3.0
2003-04-27,5.0,5.1,6.3
2003-04-28,18.0,26.0,28.8
2003-04-29,3.0,4.5,5.6
2003-04-30,19.0,14.3,15.9
2003-05-01,49.0,11.1,11.2
2003-05-02,11.0,15.0,14.6
2003-05-03,1.0,6.1,6.6
2003-05-05,7.0,2.1,2.9
2003-05-06,144.0,58.4,58.5
2003-05-07,114.0,98.5,95.2
2003-05-09,0.0,6.1,6.7
2003-05-10,4.0,20.8,19.6
2003-05-12,0.0,2.3,3.9
2003-05-13,0.0,0.1,0.0
2003-05-14,0.0,1.0,0.0
2003-05-15,0.0,0.0,0.0
2003-05-16,0.0,0.1,0.0
2003-05-17,0.0,3.3,4.9
2003-05-18,0.0,0.0,0.0
2003-05-19,0.0,0.0,0.0
2003-05-20,0.0,0.0,0.0
2003-05-21,1.0,0.0,0.0
2003-05-22,0.0,1.4,3.1
2003-05-23,0.0,0.0,0.0
2003-05-24,0.0,0.0,0.0
2003-05-25,2.0,4.6,6.7
2003-05-26,0.0,0.0,0.0
2003-05-27,3.0,0.1,0.0
2003-05-29,2.0,4.5,6.5
2003-05-30,0.0,0.2,0.0
2003-05-31,0.0,0.0,0.0
2003-06-01,0.0,0.0,0.0
2003-06-02,0.0,0.0,0.0
2003-06-04,0.0,0.0,0.0
2003-06-05,0.0,0.0,0.0
2003-06-06,0.0,0.0,0.0
2003-06-07,0.0,0.0,0.0
2003-06-08,0.0,0.0,0.0
2003-06-09,1.0,0.0,0.0
2003-06-10,0.0,0.1,0.0
2003-06-11,1.0,0.0,0.0
2003-06-12,0.0,0.0,0.0
2003-06-13,0.0,0.0,0.0
2003-06-15,0.0,0.1,0.0
2003-06-17,10.0,1.3,4.6
2003-06-18,1.0,0.0,0.0
2003-06-21,24.0,10.9,13.7
2003-06-22,1.0,2.2,5.1
2003-06-23,3.0,1.0,3.6
2003-06-24,1.0,0.1,0.0
2003-06-25,2.0,1.7,4.4
2003-06-26,3.0,0.0,0.0
2003-06-28,0.0,0.7,0.0
2003-06-29,0.0,3.5,6.5
2003-06-30,7.0,1.5,4.2
2003-07-01,0.0,0.0,0.0
2003-07-02,0.0,0.0,0.0
2003-07-03,0.0,0.1,0.0
2003-07-04,3.0,0.5,0.0
2003-07-05,14.0,4.6,8.8
2003-07-07,11.0,10.6,14.8
2003-07-08,7.0,15.1,19.3
2003-07-09,1.0,0.9,4.3
2003-07-10,1.0,0.0,0.0
2003-07-13,5.0,34.0,77.0
2003-07-14,0.0,0.0,0.0
2003-07-16,3.0,2.7,5.1
2003-07-18,1.0,2.7,5.1
2003-07-19,0.0,0.0,0.0
2003-07-20,1.0,1.0,2.3
2003-07-21,5.0,5.8,11.7
2003-07-22,2.0,0.9,4.8
2003-07-24,12.0,6.2,12.2
2003-07-25,32.0,6.7,14.0
2003-07-26,7.0,2.7,7.6
2003-07-27,1.0,0.2,0.0
2003-07-28,1.0,0.3,0.0
2003-07-29,0.0,0.0,0.0
2003-07-30,0.0,0.0,0.0
2003-07-31,0.0,0.0,0.0
2003-08-01,0.0,0.0,0.0
2003-08-02,0.0,0.0,0.0
2003-08-03,12.0,4.5,8.8
2003-08-04,8.0,9.6,16.0
2003-08-05,0.0,0.3,0.0
2003-08-06,2.0,0.0,0.0
2003-08-07,0.0,7.0,11.9
2003-08-08,0.0,0.0,0.0
2003-08-09,0.0,0.0,0.0
2003-08-10,0.0,0.0,0.0
2003-08-11,0.0,0.0,0.0
2003-08-12,1.0,0.4,0.0
2003-08-13,0.0,0.0,0.0
2003-08-14,3.0,1.5,6.3
2003-08-15,3.0,2.7,8.6
2003-08-16,0.0,0.3,0.0
2003-08-18,0.0,0.0,0.0
2003-08-19,2.0,0.0,0.0
2003-08-20,0.0,1.6,6.4
2003-08-21,0.0,0.0,0.0
2003-08-22,0.0,0.0,0.0
2003-08-23,0.0,0.0,0.0
2003-08-24,0.0,0.7,4.1
2003-08-25,0.0,0.0,0.0
2003-08-26,1.0,2.7,7.1
2003-08-27,8.0,10.2,20.8
2003-08-28,3.0,0.2,0.0
2003-08-29,0.0,0.3,0.0
2003-08-30,0.0,0.0,0.0
2003-08-31,0.0,0.0,0.0
2003-09-02,0.0,0.2,0.0
2003-09-03,0.0,0.1,0.0
2003-09-04,0.0,0.0,0.0
2003-09-06,0.0,0.0,0.0
2003-09-07,0.0,0.0,0.0
2003-09-08,0.0,0.3,0.0
2003-09-09,0.0,0.0,0.0
2003-09-10,0.0,0.0,0.0
2003-09-11,4.0,0.1,0.0
2003-09-13,2.0,6.1,11.4
2003-09-14,0.0,0.0,0.0
2003-09-15,0.0,0.6,0.0
2003-09-16,0.0,0.0,0.0
2003-09-17,0.0,0.1,0.0
2003-09-19,0.0,0.2,0.0
2003-09-20,0.0,0.0,0.0
2003-09-21,0.0,0.0,0.0
2003-09-22,0.0,0.0,0.0
2003-09-23,0.0,0.1,0.0
2003-09-24,0.0,0.1,0.0
2003-09-26,0.0,0.0,0.0
2003-09-27,0.0,0.2,0.0
2003-09-28,1.0,2.4,7.3
2003-09-29,0.0,0.0,0.0
2003-09-30,0.0,1.6,6.0
2003-11-01,7.0,9.7,13.1
2003-11-02,0.0,0.0,0.0
2003-11-03,0.0,0.0,0.0
2003-11-04,0.0,0.0,0.0
2003-11-05,0.0,0.1,0.0
2003-11-06,0.0,0.1,0.0
2003-11-07,0.0,0.0,0.0
2003-11-08,0.0,0.0,0.0
2003-11-09,0.0,0.0,0.0
2003-11-10,6.0,0.0,0.0
2003-11-11,0.0,0.0,0.0
2003-11-13,3.0,0.1,0.0
2003-11-15,1.0,0.1,0.0
2003-11-16,0.0,0.1,0.0
2003-11-18,10.0,1.7,3.1
2003-11-19,0.0,0.3,0.0
2003-11-20,18.0,2.6,3.7
2003-11-21,0.0,0.4,0.0
2003-11-22,47.0,11.1,8.3
2003-11-23,0.0,0.0,0.0
2003-11-24,1.0,0.0,0.0
2003-11-25,0.0,0.4,0.0
2003-11-26,0.0,0.0,0.0
2003-11-27,0.0,0.1,0.0
2003-11-28,5.0,3.5,2.6
2003-11-29,0.0,3.6,2.7
2003-11-30,3.0,4.1,3.1
2003-12-01,3.0,6.7,4.8
2003-12-02,5.0,4.5,3.2
2003-12-03,60.0,3.7,2.6
2003-12-04,3.0,3.2,2.2
2003-12-05,2.0,6.8,4.8
2003-12-06,0.0,4.6,3.3
2003-12-07,23.0,19.6,16.1
2003-12-08,1.0,0.5,0.0
2003-12-09,15.0,1.4,0.0
2003-12-10,26.0,44.3,35.0
2003-12-11,67.0,15.5,9.5
2003-12-12,3.0,18.5,11.3
2003-12-13,17.0,6.2,4.3
2003-12-14,8.0,6.5,4.5
2003-12-15,57.0,13.2,8.3
2003-12-17,1.0,2.4,2.0
2003-12-18,20.0,47.3,29.3
2003-12-19,102.0,93.6,65.4
2003-12-20,0.0,8.9,5.9
2003-12-21,0.0,2.5,1.0
2003-12-22,3.0,3.6,1.8
2003-12-23,5.0,8.4,5.0
2003-12-24,9.0,2.7,1.1
2003-12-25,33.0,16.4,10.4
2003-12-26,10.0,18.3,11.6
2003-12-27,14.0,13.8,8.6
2003-12-28,5.0,7.8,4.6
2003-12-29,1.0,0.0,0.0
2003-12-30,3.0,1.2,0.0
2003-12-31,0.0,0.1,0.0
2004-01-01,0.0,0.5,0.0
2004-01-03,4.0,1.7,2.7
2004-01-04,3.0,0.3,0.0
2004-01-05,38.0,14.2,9.5
2004-01-06,9.0,0.0,0.0
2004-01-07,1.0,0.2,0.0
2004-01-08,0.0,1.0,0.0
2004-01-09,0.0,0.0,0.0
2004-01-10,0.0,0.0,0.0
2004-01-11,0.0,0.5,0.0
2004-01-13,3.0,0.5,0.0
2004-01-14,7.0,4.1,3.4
2004-01-15,11.0,0.7,0.0
2004-01-16,21.0,0.2,0.0
2004-01-17,6.0,0.1,0.0
2004-01-18,10.0,0.0,0.0
2004-01-19,9.0,3.5,2.9
2004-01-21,99.0,65.3,47.2
2004-01-22,5.0,0.0,0.0
2004-01-23,5.0,0.5,0.0
2004-01-24,0.0,2.3,3.5
2004-01-25,0.0,0.0,0.0
2004-01-26,58.0,1.1,0.0
2004-01-27,15.0,16.0,13.5
2004-01-28,1.0,5.6,6.1
2004-01-29,1.0,0.5,0.0
2004-01-30,3.0,13.7,12.3
2004-01-31,10.0,41.8,33.4
2004-02-01,30.0,52.5,41.1
2004-02-02,4.0,2.2,3.3
2004-02-03,5.0,4.6,5.0
2004-02-04,39.0,31.2,22.5
2004-02-05,15.0,28.0,20.0
2004-02-06,0.0,1.3,2.7
2004-02-07,0.0,0.2,0.0
2004-02-08,2.0,11.6,10.1
2004-02-09,0.0,0.0,0.0
2004-02-11,0.0,0.0,0.0
2004-02-12,0.0,1.7,2.5
2004-02-13,11.0,4.5,4.3
2004-02-14,11.0,6.9,5.9
2004-02-15,4.0,8.1,6.6
2004-02-16,6.0,3.4,3.6
2004-02-17,6.0,13.9,10.1
2004-02-18,0.0,1.2,0.0
2004-02-19,3.0,8.5,6.8
2004-02-20,5.0,8.4,6.8
2004-02-21,0.0,3.3,5.0
2004-02-22,0.0,0.0,0.0
2004-02-23,0.0,2.7,4.5
2004-02-24,1.0,1.1,3.0
2004-02-25,7.0,1.1,3.1
2004-02-26,2.0,0.3,0.0
2004-02-27,1.0,0.3,0.0
2004-02-28,0.0,0.0,0.0
2004-02-29,0.0,0.1,0.0
2004-03-01,0.0,0.3,0.0
2004-03-02,0.0,3.1,4.4
2004-03-04,0.0,18.4,12.2
2004-03-05,44.0,5.2,5.6
2004-03-06,9.0,0.6,0.0
2004-03-07,0.0,45.3,26.1
2004-03-08,15.0,7.8,7.0
2004-03-09,1.0,2.4,4.0
2004-03-10,0.0,5.2,5.6
2004-03-11,2.0,24.8,21.9
2004-03-12,18.0,3.4,5.2
2004-03-13,16.0,89.3,44.9
2004-03-14,134.0,23.8,21.2
2004-03-15,38.0,12.8,11.8
2004-03-16,51.0,0.8,0.0
2004-03-17,0.0,0.1,0.0
2004-03-18,0.0,0.1,0.0
2004-03-19,0.0,0.0,0.0
2004-03-20,0.0,0.0,0.0
2004-03-21,0.0,0.0,0.0
2004-03-22,0.0,0.0,0.0
2004-03-23,0.0,0.0,0.0
2004-03-24,0.0,0.0,0.0
2004-03-25,0.0,1.2,0.0
2004-03-26,0.0,0.8,0.0
2004-03-27,0.0,0.1,0.0
2004-03-28,0.0,1.0,0.0
2004-03-29,10.0,0.0,0.0
2004-03-30,0.0,0.0,0.0
2004-03-31,0.0,0.3,0.0
2004-04-01,4.0,15.6,13.5
2004-04-02,3.0,5.9,6.1
2004-04-03,0.0,0.0,0.0
2004-04-04,0.0,0.0,0.0
2004-04-05,0.0,0.0,0.0
2004-04-06,1.0,2.4,3.5
2004-04-07,0.0,0.4,0.0
2004-04-08,0.0,1.6,2.8
2004-04-09,27.0,2.6,3.6
2004-04-10,7.0,1.6,2.8
2004-04-11,5.0,7.7,8.5
2004-04-12,12.0,0.4,0.0
2004-04-13,28.0,15.0,14.7
2004-04-14,32.0,22.6,20.9
2004-04-15,1.0,16.6,15.9
2004-04-16,1.0,8.2,8.9
2004-04-17,0.0,1.2,2.6
2004-04-18,0.0,0.1,0.0
2004-04-19,1.0,2.6,4.0
2004-04-20,7.0,4.3,5.5
2004-04-21,21.0,5.3,6.4
2004-04-22,0.0,0.7,0.0
2004-04-23,14.0,7.4,8.7
2004-04-24,59.0,51.5,58.0
2004-04-25,7.0,7.0,8.3
2004-04-26,0.0,0.0,0.0
2004-04-27,0.0,0.1,0.0
2004-04-28,0.0,0.1,0.0
2004-04-29,2.0,0.9,0.0
2004-04-30,5.0,0.3,0.0
2004-05-01,42.0,6.5,7.0
2004-05-02,15.0,3.7,4.4
2004-05-03,5.0,1.3,2.1
2004-05-04,0.0,0.3,0.0
2004-05-05,14.0,11.8,11.8
2004-05-06,2.0,0.3,0.0
2004-05-07,6.0,14.1,13.8
2004-05-08,123.0,140.5,114.0
2004-05-09,16.0,34.4,31.9
2004-05-10,36.0,73.5,73.1
2004-05-11,14.0,6.0,7.5
2004-05-12,0.0,0.0,0.0
2004-05-13,0.0,0.0,0.0
2004-05-14,0.0,0.1,0.0
2004-05-15,0.0,1.3,2.8
2004-05-16,0.0,0.0,0.0
2004-05-17,0.0,0.3,0.0
2004-05-18,0.0,1.1,2.6
2004-05-19,0.0,0.0,0.0
2004-05-20,0.0,0.4,0.0
2004-05-21,42.0,0.6,0.0
2004-05-22,0.0,0.3,0.0
2004-05-23,11.0,32.2,31.1
2004-05-25,0.0,0.1,0.0
2004-05-26,0.0,0.0,0.0
2004-05-27,5.0,3.5,5.5
2004-05-28,35.0,39.1,38.3
2004-05-29,0.0,2.0,3.9
2004-05-30,0.0,0.0,0.0
2004-05-31,0.0,0.0,0.0
2004-06-02,31.0,17.4,18.2
2004-06-03,34.0,56.6,66.3
2004-06-04,3.0,1.4,2.0
2004-06-05,1.0,0.9,0.0
2004-06-06,4.0,10.0,10.4
2004-06-07,11.0,22.0,21.7
2004-06-08,8.0,8.4,8.9
2004-06-09,49.0,52.2,61.0
2004-06-10,79.0,13.6,13.9
2004-06-11,1.0,0.0,0.0
2004-06-12,3.0,2.8,6.1
2004-06-13,0.0,0.9,0.0
2004-06-14,2.0,0.5,0.0
2004-06-15,4.0,7.3,10.3
2004-06-16,24.0,7.6,10.6
2004-06-17,13.0,7.4,10.4
2004-06-18,87.0,10.8,13.3
2004-06-19,0.0,0.4,0.0
2004-06-20,1.0,1.9,5.3
2004-06-21,3.0,3.0,5.9
2004-06-22,2.0,1.1,3.8
2004-06-23,1.0,0.1,0.0
2004-06-24,0.0,0.0,0.0
2004-06-25,1.0,0.1,0.0
2004-06-26,1.0,0.0,0.0
2004-06-27,2.0,1.6,4.3
2004-06-28,1.0,0.5,0.0
2004-06-29,0.0,0.9,3.5
2004-06-30,0.0,0.0,0.0
2004-07-01,0.0,0.1,0.0
2004-07-02,0.0,0.0,0.0
2004-07-03,0.0,0.5,0.0
2004-07-04,6.0,8.4,12.7
2004-07-05,4.0,2.0,5.8
2004-07-06,4.0,3.4,7.5
2004-07-07,5.0,2.0,5.7
2004-07-08,1.0,0.1,0.0
2004-07-09,0.0,0.0,0.0
2004-07-10,0.0,0.1,0.0
2004-07-11,14.0,0.0,0.0
2004-07-12,2.0,0.1,0.0
2004-07-13,0.0,0.0,0.0
2004-07-14,3.0,2.1,4.2
2004-07-16,3.0,2.8,5.3
2004-07-17,1.0,0.5,0.0
2004-07-18,0.0,0.0,0.0
2004-07-19,1.0,2.1,4.3
2004-07-20,0.0,0.2,0.0
2004-07-21,1.0,0.1,0.0
2004-07-22,1.0,0.6,4.4
2004-07-23,0.0,1.9,6.5
2004-07-24,0.0,0.0,0.0
2004-07-25,0.0,0.0,0.0
2004-07-26,0.0,0.0,0.0
2004-07-27,0.0,0.0,0.0
2004-07-28,0.0,0.0,0.0
2004-07-29,0.0,0.7,4.5
2004-07-30,0.0,0.7,4.5
2004-07-31,0.0,0.0,0.0
2004-08-01,0.0,0.0,0.0
2004-08-02,0.0,0.4,0.0
2004-08-03,0.0,0.0,0.0
2004-08-04,0.0,0.1,0.0
2004-08-05,0.0,0.0,0.0
2004-08-06,0.0,0.0,0.0
2004-08-07,0.0,0.0,0.0
2004-08-08,0.0,0.2,0.0
2004-08-10,0.0,0.0,0.0
2004-08-11,0.0,0.0,0.0
2004-08-12,0.0,0.0,0.0
2004-08-13,0.0,0.0,0.0
2004-08-14,0.0,0.0,0.0
2004-08-15,0.0,0.0,0.0
2004-08-16,0.0,0.0,0.0
2004-08-17,0.0,0.0,0.0
2004-08-19,0.0,0.0,0.0
2004-08-20,0.0,0.0,0.0
2004-08-21,0.0,0.0,0.0
2004-08-22,0.0,0.0,0.0
2004-08-23,0.0,0.0,0.0
2004-08-24,0.0,0.0,0.0
2004-08-25,0.0,0.0,0.0
2004-08-26,10.0,0.6,4.0
2004-08-27,0.0,0.0,0.0
2004-08-28,1.0,0.3,0.0
2004-08-30,0.0,2.9,7.5
2004-08-31,0.0,0.0,0.0
2004-09-01,0.0,0.0,0.0
2004-09-02,0.0,0.0,0.0
2004-09-03,0.0,0.0,0.0
2004-09-04,0.0,0.0,0.0
2004-09-05,0.0,0.0,0.0
2004-09-06,0.0,0.0,0.0
2004-09-07,32.0,16.0,27.1
2004-09-08,30.0,25.8,44.7
2004-09-09,0.0,1.2,5.9
2004-09-10,4.0,3.5,9.1
2004-09-11,0.0,0.0,0.0
2004-09-12,0.0,0.0,0.0
2004-09-13,0.0,0.0,0.0
2004-09-14,0.0,0.0,0.0
2004-09-15,0.0,0.0,0.0
2004-09-17,2.0,0.0,0.0
2004-09-18,1.0,0.0,0.0
2004-09-19,0.0,0.0,0.0
2004-09-20,1.0,1.6,5.7
2004-09-21,1.0,12.0,26.6
2004-09-22,1.0,0.0,0.0
2004-09-23,0.0,0.0,0.0
2004-09-24,0.0,0.0,0.0
2004-09-25,0.0,0.0,0.0
2004-09-26,0.0,0.0,0.0
2004-09-27,0.0,0.0,0.0
2004-09-28,0.0,0.0,0.0
2004-09-29,0.0,0.0,0.0
2004-09-30,0.0,0.0,0.0
2004-10-01,0.0,1.8,4.9
2004-10-02,12.0,0.8,3.2
2004-10-03,0.0,0.0,0.0
2004-10-04,0.0,0.0,0.0
2004-10-05,0.0,0.0,0.0
2004-10-06,0.0,0.0,0.0
2004-10-07,0.0,0.7,3.1
2004-10-08,0.0,0.0,0.0
2004-10-09,0.0,0.0,0.0
2004-10-10,0.0,0.0,0.0
2004-10-11,0.0,0.0,0.0
2004-10-12,0.0,0.0,0.0
2004-10-13,0.0,0.1,0.0
2004-10-14,0.0,0.0,0.0
2004-10-15,0.0,0.0,0.0
2004-10-16,0.0,0.0,0.0
2004-10-17,0.0,0.0,0.0
2004-10-18,0.0,0.0,0.0
2004-10-19,0.0,0.0,0.0
2004-10-20,0.0,0.0,0.0
2004-10-21,0.0,0.0,0.0
2004-10-22,0.0,0.0,0.0
2004-10-23,26.0,6.7,8.1
2004-10-24,2.0,3.2,5.0
2004-10-25,8.0,6.3,7.6
2004-10-26,0.0,1.6,3.4
2004-10-27,15.0,0.5,0.0
2004-10-28,0.0,0.0,0.0
2004-10-29,0.0,0.0,0.0
2004-10-30,0.0,0.0,0.0
2004-10-31,0.0,0.0,0.0
2004-11-01,0.0,0.0,0.0
2004-11-02,0.0,0.0,0.0
2004-11-03,0.0,0.2,0.0
2004-11-04,0.0,0.1,0.0
2004-11-06,0.0,0.0,0.0
2004-11-07,0.0,0.0,0.0
2004-11-08,0.0,0.0,0.0
2004-11-09,0.0,0.0,0.0
2004-11-10,0.0,0.0,0.0
2004-11-11,0.0,0.0,0.0
2004-11-12,0.0,0.0,0.0
2004-11-13,0.0,0.0,0.0
2004-11-14,0.0,0.0,0.0
2004-11-15,0.0,4.7,5.2
2004-11-16,0.0,0.1,0.0
2004-11-17,0.0,0.0,0.0
2004-11-18,0.0,23.5,17.6
2004-11-19,11.0,13.2,10.4
2004-11-20,10.0,40.5,36.1
2004-11-21,37.0,4.6,3.5
2004-11-24,0.0,0.1,0.0
2004-11-25,0.0,0.6,0.0
2004-11-27,16.0,2.0,1.3
2004-11-28,1.0,7.5,6.0
2004-11-29,10.0,6.8,5.1
2004-11-30,0.0,2.7,1.9
2004-12-01,0.0,1.4,0.0
2004-12-02,0.0,2.2,1.5
2004-12-03,20.0,35.4,28.1
2004-12-04,4.0,4.0,2.8
2004-12-05,0.0,0.0,0.0
2004-12-06,0.0,0.0,0.0
2004-12-07,0.0,1.4,0.0
2004-12-08,1.0,0.8,0.0
2004-12-09,4.0,1.7,1.1
2004-12-10,4.0,5.0,3.6
2004-12-11,1.0,0.1,0.0
2004-12-12,0.0,0.0,0.0
2004-12-13,0.0,0.2,0.0
2004-12-14,0.0,0.0,0.0
2004-12-15,0.0,0.2,0.0
2004-12-16,0.0,0.0,0.0
2004-12-17,2.0,1.0,0.0
2004-12-18,12.0,12.1,7.7
2004-12-19,0.0,0.0,0.0
2004-12-20,0.0,0.0,0.0
2004-12-21,0.0,0.0,0.0
2004-12-22,13.0,1.2,0.0
2004-12-23,1.0,0.9,0.0
2004-12-24,2.0,5.4,3.0
2004-12-25,2.0,5.7,3.2
2004-12-26,0.0,12.7,7.9
2004-12-27,19.0,27.9,19.5
2004-12-28,2.0,7.7,4.5
2004-12-29,34.0,39.0,28.3
2004-12-30,36.0,14.0,8.7
2004-12-31,0.0,11.6,7.2
2005-01-01,29.0,21.8,13.4
2005-01-02,19.0,11.9,8.2
2005-01-03,10.0,3.3,3.5
2005-01-04,6.0,8.9,6.6
2005-01-05,10.0,4.8,4.3
2005-01-06,35.0,13.3,9.0
2005-01-07,12.0,59.1,40.1
2005-01-08,14.0,4.9,4.4
2005-01-10,10.0,19.7,12.2
2005-01-11,2.0,4.1,3.4
2005-01-12,34.0,1.0,0.0
2005-01-13,1.0,1.3,1.2
2005-01-14,12.0,0.3,0.0
2005-01-15,10.0,12.0,9.4
2005-01-16,1.0,1.2,0.0
2005-01-17,127.0,12.0,9.5
2005-01-18,5.0,29.6,20.4
2005-01-19,0.0,6.2,5.0
2005-01-20,0.0,0.5,0.0
2005-01-21,2.0,2.7,3.9
2005-01-22,0.0,0.1,0.0
2005-01-23,0.0,0.0,0.0
2005-01-24,2.0,11.7,10.5
2005-01-25,0.0,23.9,18.5
2005-01-26,0.0,0.0,0.0
2005-01-27,0.0,0.2,0.0
2005-01-28,2.0,0.5,0.0
2005-01-29,1.0,2.7,3.8
2005-01-30,0.0,0.1,0.0
2005-01-31,0.0,0.2,0.0
2005-02-01,9.0,6.4,6.1
2005-02-02,0.0,0.3,0.0
2005-02-03,0.0,4.3,4.7
2005-02-04,0.0,3.4,4.1
2005-02-05,0.0,0.3,0.0
2005-02-06,20.0,28.8,20.2
2005-02-07,10.0,0.5,0.0
2005-02-08,0.0,0.0,0.0
2005-02-09,0.0,0.0,0.0
2005-02-10,13.0,1.1,0.0
2005-02-11,14.0,22.0,13.2
2005-02-12,4.0,11.4,8.6
2005-02-13,35.0,9.5,7.4
2005-02-14,1.0,4.9,4.6
2005-02-15,34.0,12.8,9.3
2005-02-16,3.0,20.9,13.9
2005-02-17,54.0,38.9,28.2
2005-02-19,10.0,8.7,7.0
2005-02-21,3.0,2.5,4.4
2005-02-22,1.0,0.3,0.0
2005-02-23,4.0,0.0,0.0
2005-02-26,29.0,9.3,9.7
2005-02-27,1.0,1.4,3.4
2005-02-28,9.0,24.8,21.0
2005-03-01,9.0,4.5,5.2
2005-03-02,40.0,1.7,3.6
2005-03-03,2.0,3.5,4.7
2005-03-04,0.0,0.6,0.0
2005-03-05,10.0,3.0,4.4
2005-03-06,30.0,22.8,14.4
2005-03-07,0.0,1.8,3.6
2005-03-08,0.0,0.0,0.0
2005-03-09,0.0,0.0,0.0
2005-03-10,0.0,0.0,0.0
2005-03-11,1.0,2.4,4.3
2005-03-12,0.0,0.0,0.0
2005-03-13,0.0,0.5,0.0
2005-03-14,0.0,0.0,0.0
2005-03-15,0.0,0.0,0.0
2005-03-16,20.0,7.6,8.2
2005-03-17,0.0,0.0,0.0
2005-03-18,2.0,30.6,25.4
2005-03-19,3.0,3.9,5.5
2005-03-20,0.0,0.0,0.0
2005-03-21,0.0,0.0,0.0
2005-03-22,2.0,0.7,0.0
2005-03-23,0.0,0.0,0.0
2005-03-24,20.0,26.1,17.2
2005-03-25,8.0,5.2,5.7
2005-03-26,9.0,3.4,4.4
2005-03-27,7.0,0.5,0.0
2005-03-28,3.0,0.0,0.0
2005-03-29,20.0,14.9,12.5
2005-03-30,3.0,15.4,13.4
2005-03-31,15.0,2.9,4.1
2005-04-01,0.0,3.3,4.1
2005-04-02,2.0,6.2,6.3
2005-04-03,27.0,71.8,60.5
2005-04-04,27.0,5.8,6.0
2005-04-05,36.0,12.5,10.9
2005-04-06,7.0,15.2,13.4
2005-04-07,37.0,50.5,47.1
2005-04-08,17.0,28.6,24.3
2005-04-09,0.0,6.5,6.5
2005-04-10,17.0,55.9,50.5
2005-04-11,1.0,12.7,13.1
2005-04-12,2.0,3.8,5.1
2005-04-13,21.0,32.6,33.4
2005-04-14,9.0,13.8,13.8
2005-04-15,29.0,12.6,12.9
2005-04-16,0.0,1.3,2.7
2005-04-17,0.0,0.0,0.0
2005-04-18,0.0,0.0,0.0
2005-04-21,0.0,0.0,0.0
2005-04-22,0.0,0.0,0.0
2005-04-23,0.0,0.0,0.0
2005-04-24,0.0,0.1,0.0
2005-04-25,18.0,9.0,10.4
2005-04-26,3.0,2.9,4.0
2005-04-27,4.0,0.6,0.0
2005-04-29,8.0,16.0,17.7
2005-04-30,12.0,1.2,2.1
2005-05-01,1.0,1.3,2.1
2005-05-02,119.0,47.1,45.7
2005-05-03,11.0,29.7,27.3
2005-05-05,2.0,4.1,4.8
2005-05-06,6.0,12.4,12.3
2005-05-07,23.0,5.0,5.6
2005-05-08,6.0,14.7,14.3
2005-05-09,3.0,5.8,6.3
2005-05-10,48.0,15.1,14.7
2005-05-11,24.0,16.7,16.4
2005-05-12,2.0,6.6,7.9
2005-05-13,29.0,1.7,3.2
2005-05-14,0.0,0.0,0.0
2005-05-15,0.0,0.1,0.0
2005-05-16,0.0,0.0,0.0
2005-05-17,1.0,0.1,0.0
2005-05-18,27.0,27.6,23.1
2005-05-19,3.0,21.6,20.0
2005-05-20,2.0,10.0,10.9
2005-05-21,0.0,0.5,0.0
2005-05-22,8.0,1.6,3.5
2005-05-23,1.0,2.4,4.3
2005-05-24,12.0,12.4,14.1
2005-05-25,0.0,2.1,4.0
2005-05-26,1.0,0.4,0.0
2005-05-27,4.0,0.1,0.0
2005-05-28,1.0,0.8,0.0
2005-05-29,0.0,0.0,0.0
2005-05-31,2.0,0.0,0.0
2005-06-02,0.0,0.2,0.0
2005-06-03,0.0,0.0,0.0
2005-06-04,0.0,0.4,0.0
2005-06-05,0.0,0.0,0.0
2005-06-08,2.0,1.5,2.0
2005-06-09,0.0,1.0,1.6
2005-06-10,4.0,5.5,6.1
2005-06-12,0.0,0.0,0.0
2005-06-14,0.0,0.2,0.0
2005-06-15,17.0,21.5,22.0
2005-06-16,2.0,0.0,0.0
2005-06-18,2.0,2.5,5.8
2005-06-19,5.0,0.2,0.0
2005-06-20,0.0,0.9,0.0
2005-06-21,0.0,0.0,0.0
2005-06-22,0.0,0.0,0.0
2005-06-23,0.0,2.9,5.8
2005-06-24,2.0,0.5,0.0
2005-06-27,23.0,16.0,18.6
2005-06-28,22.0,1.7,4.5
2005-06-29,0.0,0.0,0.0
2005-06-30,5.0,0.0,0.0
2005-07-01,3.0,9.9,14.3
2005-07-02,6.0,6.2,10.5
2005-07-03,2.0,2.3,6.2
2005-07-04,1.0,0.0,0.0
2005-07-05,3.0,0.1,0.0
2005-07-06,9.0,0.1,0.0
2005-07-07,0.0,0.0,0.0
2005-07-08,0.0,12.0,16.3
2005-07-09,2.0,5.4,9.6
2005-07-10,1.0,8.0,12.6
2005-07-11,14.0,0.3,0.0
2005-07-12,7.0,0.0,0.0
2005-07-14,6.0,0.0,0.0
2005-07-15,2.0,1.2,2.6
2005-07-17,0.0,0.2,0.0
2005-07-18,0.0,1.3,2.8
2005-07-19,0.0,10.7,18.1
2005-07-20,11.0,9.0,15.4
2005-07-21,15.0,1.0,5.0
2005-07-22,2.0,1.2,5.3
2005-07-23,4.0,0.4,0.0
2005-07-24,1.0,3.3,8.5
2005-07-25,1.0,0.3,0.0
2005-07-26,0.0,0.0,0.0
2005-07-27,0.0,0.0,0.0
2005-07-28,0.0,0.0,0.0
2005-07-29,0.0,0.0,0.0
2005-07-30,0.0,0.0,0.0
2005-07-31,0.0,0.0,0.0
2005-08-01,0.0,0.0,0.0
2005-08-02,0.0,0.0,0.0
2005-08-03,0.0,0.6,3.2
2005-08-04,0.0,2.2,5.7
2005-08-05,0.0,0.0,0.0
2005-08-06,0.0,0.0,0.0
2005-08-07,0.0,0.0,0.0
2005-08-08,0.0,0.0,0.0
2005-08-09,0.0,0.0,0.0
2005-08-10,0.0,0.0,0.0
2005-08-11,0.0,0.0,0.0
2005-08-12,2.0,0.0,0.0
2005-08-13,2.0,1.6,6.5
2005-08-14,4.0,0.9,5.1
2005-08-15,0.0,0.0,0.0
2005-08-17,0.0,0.0,0.0
2005-08-18,1.0,0.2,0.0
2005-08-19,1.0,0.2,0.0
2005-08-20,1.0,0.0,0.0
2005-08-21,6.0,3.6,8.4
2005-08-22,0.0,0.0,0.0
2005-08-23,0.0,0.0,0.0
2005-08-24,0.0,0.0,0.0
2005-08-25,1.0,1.1,4.8
2005-08-26,0.0,0.2,0.0
2005-08-27,6.0,2.4,6.8
2005-08-28,3.0,0.2,0.0
2005-08-29,1.0,2.4,6.8
2005-08-30,27.0,26.0,48.0
2005-08-31,0.0,0.0,0.0
2005-09-01,0.0,0.0,0.0
2005-09-02,0.0,0.1,0.0
2005-09-03,0.0,0.0,0.0
2005-09-04,0.0,0.0,0.0
2005-09-05,0.0,0.0,0.0
2005-09-06,0.0,0.0,0.0
2005-09-07,32.0,0.0,0.0
2005-09-08,30.0,0.0,0.0
2005-09-09,0.0,0.0,0.0
2005-09-10,4.0,0.0,0.0
2005-09-11,0.0,0.0,0.0
2005-09-12,0.0,0.0,0.0
2005-09-13,0.0,0.0,0.0
2005-09-14,0.0,0.0,0.0
2005-09-15,0.0,0.0,0.0
2005-09-17,2.0,0.0,0.0
2005-09-18,1.0,0.4,0.0
2005-09-19,0.0,0.1,0.0
2005-09-20,1.0,0.0,0.0
2005-09-21,1.0,4.0,9.8
2005-09-22,1.0,1.4,5.5
2005-09-23,0.0,1.0,4.7
2005-09-24,0.0,0.3,0.0
2005-09-25,0.0,0.5,0.0
2005-09-26,0.0,0.0,0.0
2005-09-27,0.0,0.0,0.0
2005-09-28,0.0,0.0,0.0
2005-09-29,0.0,0.0,0.0
2005-09-30,0.0,0.0,0.0
2005-10-01,0.0,0.3,0.0
2005-10-02,0.0,3.9,7.8
2005-10-03,0.0,16.8,23.6
2005-10-04,8.0,4.7,8.9
2005-10-05,1.0,0.0,0.0
2005-10-06,0.0,0.3,0.0
2005-10-08,1.0,1.6,4.5
2005-10-09,1.0,0.0,0.0
2005-10-10,0.0,0.0,0.0
2005-10-11,0.0,0.0,0.0
2005-10-12,0.0,0.7,0.0
2005-10-13,0.0,29.5,29.3
2005-10-14,17.0,0.0,0.0
2005-10-15,2.0,0.6,0.0
2005-10-16,0.0,3.6,5.6
2005-10-17,5.0,15.6,15.5
2005-10-18,5.0,5.7,7.1
2005-10-19,9.0,0.0,0.0
2005-10-21,0.0,0.0,0.0
2005-10-22,0.0,0.0,0.0
2005-10-23,0.0,0.0,0.0
2005-10-24,0.0,0.1,0.0
2005-10-25,13.0,0.5,0.0
2005-10-26,0.0,0.0,0.0
2005-10-27,1.0,7.5,8.9
2005-10-28,8.0,16.1,15.4
2005-10-29,0.0,1.4,3.2
2005-10-30,0.0,0.1,0.0
2005-10-31,0.0,0.0,0.0
2005-11-01,2.0,3.2,4.5
2005-11-02,0.0,0.1,0.0
2005-11-03,0.0,0.0,0.0
2005-11-04,0.0,0.0,0.0
2005-11-05,0.0,0.0,0.0
2005-11-06,0.0,0.0,0.0
2005-11-07,0.0,0.0,0.0
2005-11-08,3.0,3.5,4.8
2005-11-09,0.0,0.0,0.0
2005-11-10,1.0,1.2,1.8
2005-11-11,0.0,0.4,0.0
2005-11-12,23.0,1.3,2.7
2005-11-13,1.0,0.1,0.0
2005-11-14,0.0,2.5,3.6
2005-11-15,0.0,0.0,0.0
2005-11-16,0.0,0.0,0.0
2005-11-17,0.0,0.1,0.0
2005-11-18,1.0,7.6,7.0
2005-11-19,19.0,2.4,3.6
2005-11-20,1.0,2.0,3.2
2005-11-21,7.0,43.4,39.4
2005-11-22,1.0,0.1,0.0
2005-11-23,17.0,9.4,7.1
2005-11-24,59.0,109.0,48.0
2005-11-25,12.0,7.5,5.6
2005-11-26,4.0,3.5,2.6
2005-11-27,6.0,6.8,5.1
2005-11-28,0.0,0.0,0.0
2005-11-29,0.0,5.8,4.4
2005-11-30,0.0,0.5,0.0
2005-12-01,14.0,3.5,2.5
2005-12-02,0.0,2.7,1.9
2005-12-03,0.0,4.9,3.5
2005-12-04,12.0,4.5,3.2
2005-12-05,1.0,1.1,0.0
2005-12-06,0.0,3.0,2.1
2005-12-07,7.0,12.4,8.8
2005-12-08,10.0,27.4,21.8
2005-12-09,0.0,0.1,0.0
2005-12-10,23.0,1.4,0.0
2005-12-11,10.0,8.4,5.6
2005-12-12,4.0,0.9,0.0
2005-12-13,10.0,16.5,10.1
2005-12-14,50.0,30.6,17.2
2005-12-15,18.0,21.9,13.0
2005-12-16,24.0,96.3,67.7
2005-12-17,13.0,43.8,26.7
2005-12-18,0.0,4.4,3.2
2005-12-19,9.0,4.7,3.4
2005-12-20,41.0,59.7,38.4
2005-12-21,0.0,1.1,0.0
2005-12-22,0.0,3.4,1.6
2005-12-23,3.0,13.1,8.2
2005-12-24,0.0,0.8,0.0
2005-12-25,2.0,3.1,1.4
2005-12-26,0.0,0.7,0.0
2005-12-27,43.0,44.1,32.7
2005-12-29,38.0,7.1,4.1
2005-12-30,0.0,0.0,0.0
2005-12-31,1.0,1.5,0.0
2006-01-01,25.0,33.8,21.9
2006-01-02,96.0,97.2,46.2
2006-01-03,8.0,17.8,11.3
2006-01-04,5.0,32.7,20.7
2006-01-05,8.0,8.9,6.6
2006-01-06,6.0,0.5,0.0
2006-01-07,0.0,0.2,0.0
2006-01-08,0.0,0.3,0.0
2006-01-09,1.0,3.9,3.8
2006-01-10,18.0,0.2,0.0
2006-01-11,0.0,3.2,2.6
2006-01-12,14.0,0.5,0.0
2006-01-13,0.0,1.1,0.0
2006-01-14,0.0,0.3,0.0
2006-01-16,21.0,0.2,0.0
2006-01-17,0.0,4.7,3.8
2006-01-18,1.0,0.8,0.0
2006-01-19,0.0,3.6,3.0
2006-01-20,11.0,14.2,10.8
2006-01-21,0.0,0.3,0.0
2006-01-22,18.0,6.5,6.8
2006-01-23,27.0,8.5,8.2
2006-01-24,4.0,6.3,6.7
2006-01-25,4.0,1.3,2.6
2006-01-26,4.0,3.7,4.6
2006-01-27,6.0,6.9,7.1
2006-01-28,0.0,0.0,0.0
2006-01-29,0.0,0.0,0.0
2006-01-30,0.0,0.2,0.0
2006-01-31,0.0,0.2,0.0
2006-02-01,6.0,0.0,0.0
2006-02-02,0.0,0.3,0.0
2006-02-04,1.0,0.7,0.0
2006-02-05,3.0,4.9,5.1
2006-02-06,20.0,5.9,5.8
2006-02-07,2.0,0.9,0.0
2006-02-08,5.0,11.5,9.5
2006-02-09,2.0,0.1,0.0
2006-02-10,0.0,1.0,0.0
2006-02-11,1.0,1.3,0.0
2006-02-12,7.0,0.0,0.0
2006-02-13,1.0,1.9,2.6
2006-02-14,0.0,0.2,0.0
2006-02-15,0.0,0.2,0.0
2006-02-16,1.0,0.8,0.0
2006-02-17,13.0,6.9,5.8
2006-02-18,2.0,0.2,0.0
2006-02-19,10.0,0.2,0.0
2006-02-20,0.0,0.1,0.0
2006-02-21,6.0,0.2,0.0
2006-02-22,7.0,0.1,0.0
2006-02-23,3.0,0.1,0.0
2006-02-24,2.0,2.0,3.9
2006-02-25,1.0,1.6,3.5
2006-02-26,12.0,45.1,53.4
2006-02-27,156.0,69.2,72.5
2006-02-28,26.0,19.1,15.2
2006-03-01,3.0,52.0,30.9
2006-03-02,124.0,93.2,55.9
2006-03-03,0.0,0.0,0.0
2006-03-04,0.0,0.0,0.0
2006-03-05,0.0,0.3,0.0
2006-03-06,0.0,0.0,0.0
2006-03-07,0.0,0.0,0.0
2006-03-08,0.0,0.0,0.0
2006-03-09,0.0,0.0,0.0
2006-03-10,1.0,8.1,7.2
2006-03-11,0.0,0.0,0.0
2006-03-12,0.0,0.1,0.0
2006-03-13,1.0,14.0,12.4
2006-03-14,10.0,4.3,5.8
2006-03-15,0.0,0.0,0.0
2006-03-16,0.0,0.0,0.0
2006-03-17,0.0,6.2,7.3
2006-03-18,11.0,1.2,3.3
2006-03-19,0.0,0.4,0.0
2006-03-20,16.0,0.0,0.0
2006-03-21,0.0,5.6,6.0
2006-03-22,0.0,0.0,0.0
2006-03-23,0.0,0.0,0.0
2006-03-24,0.0,0.0,0.0
2006-03-25,0.0,5.2,5.8
2006-03-26,28.0,23.1,18.3
2006-03-27,0.0,1.5,3.0
2006-03-29,4.0,18.0,14.4
2006-03-30,25.0,41.8,30.0
2006-03-31,4.0,4.5,5.2
2006-04-01,14.0,0.0,0.0
2006-04-02,0.0,0.3,0.0
2006-04-03,0.0,0.0,0.0
2006-04-04,0.0,0.1,0.0
2006-04-05,0.0,0.2,0.0
2006-04-06,0.0,0.0,0.0
2006-04-07,59.0,15.6,13.6
2006-04-08,3.0,3.8,4.5
2006-04-09,5.0,0.1,0.0
2006-04-10,2.0,1.8,3.0
2006-04-11,9.0,1.4,2.8
2006-04-12,2.0,0.2,0.0
2006-04-13,4.0,0.1,0.0
2006-04-14,29.0,7.3,8.1
2006-04-15,13.0,27.3,27.0
2006-04-16,32.0,45.2,45.7
2006-04-17,13.0,3.9,5.2
2006-04-19,10.0,6.9,7.8
2006-04-20,5.0,16.6,15.7
2006-04-21,26.0,2.9,3.9
2006-04-22,10.0,4.1,5.2
2006-04-23,21.0,24.6,27.3
2006-04-24,7.0,7.5,8.8
2006-04-25,11.0,10.2,11.6
2006-04-26,2.0,7.7,9.0
2006-04-27,0.0,1.1,2.1
2006-04-28,0.0,1.7,2.6
2006-04-29,0.0,0.4,0.0
2006-04-30,0.0,0.0,0.0
2006-05-02,0.0,0.2,0.0
2006-05-03,7.0,15.7,15.2
2006-05-04,30.0,3.6,4.3
2006-05-05,0.0,0.0,0.0
2006-05-06,0.0,0.0,0.0
2006-05-07,0.0,0.0,0.0
2006-05-08,0.0,0.0,0.0
2006-05-09,0.0,0.0,0.0
2006-05-10,0.0,0.0,0.0
2006-05-11,0.0,0.0,0.0
2006-05-12,0.0,0.0,0.0
2006-05-13,1.0,0.0,0.0
2006-05-14,0.0,0.0,0.0
2006-05-15,0.0,0.2,0.0
2006-05-16,0.0,0.1,0.0
2006-05-17,1.0,3.0,4.6
2006-05-18,21.0,20.6,19.6
2006-05-19,2.0,9.1,10.2
2006-05-20,0.0,0.1,0.0
2006-05-21,0.0,1.0,2.7
2006-05-22,13.0,3.8,5.8
2006-05-23,34.0,6.4,8.5
2006-05-24,71.0,57.3,63.0
2006-05-25,6.0,18.5,19.8
2006-05-26,7.0,19.2,19.8
2006-05-27,3.0,8.7,10.7
2006-05-28,40.0,18.1,19.0
2006-05-29,54.0,29.1,28.6
2006-05-30,38.0,86.8,126.1
2006-05-31,1.0,3.3,5.3
2006-06-01,1.0,1.2,1.7
2006-06-02,22.0,41.4,47.6
2006-06-03,12.0,9.0,9.5
2006-06-04,25.0,19.7,19.8
2006-06-05,55.0,52.7,61.8
2006-06-06,4.0,14.8,15.3
2006-06-07,9.0,12.0,12.4
2006-06-08,9.0,23.5,23.5
2006-06-09,46.0,59.4,69.7
2006-06-10,50.0,27.8,29.8
2006-06-11,5.0,10.7,13.1
2006-06-12,11.0,18.9,20.6
2006-06-13,35.0,72.0,76.7
2006-06-14,88.0,96.5,105.3
2006-06-15,12.0,29.4,30.2
2006-06-17,1.0,0.7,0.0
2006-06-18,4.0,3.5,6.8
2006-06-19,1.0,0.7,0.0
2006-06-20,1.0,0.0,0.0
2006-06-21,5.0,0.3,0.0
2006-06-22,8.0,8.1,11.0
2006-06-23,4.0,4.8,7.9
2006-06-24,14.0,8.1,11.1
2006-06-25,2.0,8.0,10.9
2006-06-26,6.0,17.1,21.5
2006-06-27,21.0,32.7,40.8
2006-06-28,68.0,93.2,106.5
2006-06-29,23.0,16.6,20.2
2006-07-01,2.0,0.0,0.0
2006-07-02,0.0,0.3,0.0
2006-07-03,0.0,0.0,0.0
2006-07-04,1.0,4.0,8.1
2006-07-06,0.0,1.8,5.5
2006-07-07,8.0,5.9,10.2
2006-07-10,0.0,0.2,0.0
2006-07-11,65.0,32.5,71.8
2006-07-12,6.0,8.1,13.5
2006-07-13,0.0,0.3,0.0
2006-07-14,18.0,21.7,39.6
2006-07-15,3.0,0.1,0.0
2006-07-16,1.0,0.7,1.8
2006-07-17,0.0,0.0,0.0
2006-07-18,0.0,0.7,1.7
2006-07-19,0.0,2.4,4.7
2006-07-20,1.0,1.4,3.0
2006-07-21,38.0,44.6,67.9
2006-07-22,2.0,4.4,9.8
2006-07-23,0.0,0.4,0.0
2006-07-24,2.0,1.3,5.5
2006-07-25,2.0,0.0,0.0
2006-07-26,0.0,0.0,0.0
2006-07-27,0.0,0.0,0.0
2006-07-28,0.0,0.0,0.0
2006-07-29,0.0,0.0,0.0
2006-07-30,3.0,3.7,9.0
2006-07-31,9.0,0.1,0.0
2006-08-02,3.0,0.2,0.0
2006-08-04,0.0,0.0,0.0
2006-08-05,4.0,1.2,4.3
2006-08-06,0.0,0.5,0.0
2006-08-07,1.0,0.1,0.0
2006-08-08,1.0,0.0,0.0
2006-08-10,0.0,0.0,0.0
2006-08-11,0.0,0.0,0.0
2006-08-12,0.0,0.0,0.0
2006-08-13,7.0,6.3,14.3
2006-08-14,1.0,0.1,0.0
2006-08-15,1.0,0.3,0.0
2006-08-16,0.0,0.0,0.0
2006-08-17,0.0,0.0,0.0
2006-08-19,0.0,0.0,0.0
2006-08-20,1.0,0.0,0.0
2006-08-21,2.0,0.0,0.0
2006-08-22,0.0,0.0,0.0
2006-08-23,0.0,0.0,0.0
2006-08-24,0.0,0.0,0.0
2006-08-25,0.0,0.0,0.0
2006-08-26,0.0,0.0,0.0
2006-08-27,0.0,0.0,0.0
2006-08-28,0.0,0.0,0.0
2006-08-30,0.0,0.0,0.0
2006-08-31,0.0,0.0,0.0
2006-09-01,0.0,0.0,0.0
2006-09-02,0.0,0.0,0.0
2006-09-03,0.0,0.0,0.0
2006-09-04,0.0,0.0,0.0
2006-09-05,0.0,0.0,0.0
2006-09-06,0.0,0.0,0.0
2006-09-07,1.0,0.0,0.0
2006-09-08,0.0,0.2,0.0
2006-09-09,0.0,0.0,0.0
2006-09-10,1.0,1.9,6.9
2006-09-11,0.0,0.0,0.0
2006-09-12,2.0,7.5,13.1
2006-09-13,0.0,0.0,0.0
2006-09-14,0.0,0.0,0.0
2006-09-15,1.0,0.3,0.0
2006-09-16,3.0,3.8,8.8
2006-09-17,1.0,3.7,8.7
2006-09-18,0.0,0.9,4.6
2006-09-20,0.0,0.0,0.0
2006-09-21,0.0,0.4,0.0
2006-09-22,0.0,0.0,0.0
2006-09-23,0.0,0.7,4.2
2006-09-24,0.0,3.8,9.6
2006-09-25,0.0,0.0,0.0
2006-09-26,2.0,0.0,0.0
2006-09-27,1.0,0.1,0.0
2006-09-28,0.0,0.0,0.0
2006-09-29,0.0,0.0,0.0
2006-09-30,0.0,0.0,0.0
2006-10-01,0.0,0.0,0.0
2006-10-02,0.0,0.0,0.0
2006-10-03,0.0,3.5,7.1
2006-10-06,1.0,0.2,0.0
2006-10-07,0.0,0.0,0.0
2006-10-08,0.0,0.0,0.0
2006-10-09,0.0,0.0,0.0
2006-10-10,0.0,0.0,0.0
2006-10-11,0.0,2.4,4.4
2006-10-12,0.0,1.5,3.6
2006-10-13,0.0,0.0,0.0
2006-10-14,0.0,0.0,0.0
2006-10-15,0.0,0.0,0.0
2006-10-16,0.0,0.0,0.0
2006-10-17,0.0,0.0,0.0
2006-10-18,0.0,0.0,0.0
2006-10-19,0.0,0.0,0.0
2006-10-20,0.0,0.0,0.0
2006-10-21,0.0,0.0,0.0
2006-10-22,0.0,0.0,0.0
2006-10-23,0.0,0.0,0.0
2006-10-24,0.0,2.3,4.1
2006-10-25,0.0,0.0,0.0
2006-10-26,0.0,0.0,0.0
2006-10-27,0.0,0.0,0.0
2006-10-28,0.0,0.0,0.0
2006-10-29,0.0,0.0,0.0
2006-10-30,0.0,0.0,0.0
2006-10-31,0.0,0.0,0.0
2006-11-01,0.0,0.0,0.0
2006-11-02,0.0,0.0,0.0
2006-11-03,0.0,0.1,0.0
2006-11-04,0.0,0.0,0.0
2006-11-05,0.0,0.0,0.0
2006-11-06,0.0,0.0,0.0
2006-11-07,0.0,0.0,0.0
2006-11-08,0.0,0.0,0.0
2006-11-09,0.0,0.0,0.0
2006-11-10,0.0,0.0,0.0
2006-11-11,0.0,0.0,0.0
2006-11-12,0.0,0.0,0.0
2006-11-13,0.0,1.7,3.0
2006-11-15,0.0,0.1,0.0
2006-11-17,0.0,2.8,3.9
2006-11-18,7.0,0.0,0.0
2006-11-19,7.0,8.9,7.7
2006-11-20,4.0,3.3,4.2
2006-11-21,1.0,14.3,10.8
2006-11-22,9.0,12.2,9.7
2006-11-23,5.0,3.2,2.3
2006-11-25,0.0,0.6,0.0
2006-11-27,0.0,0.3,0.0
2006-11-28,0.0,0.2,0.0
2006-11-29,0.0,0.0,0.0
2006-11-30,0.0,0.0,0.0
2006-12-01,0.0,0.1,0.0
2006-12-02,0.0,0.0,0.0
2006-12-04,0.0,0.0,0.0
2006-12-05,0.0,0.0,0.0
2006-12-06,0.0,0.0,0.0
2006-12-07,0.0,0.0,0.0
2006-12-08,0.0,0.1,0.0
2006-12-09,0.0,0.0,0.0
2006-12-10,4.0,0.1,0.0
2006-12-11,0.0,0.1,0.0
2006-12-12,0.0,0.0,0.0
2006-12-13,0.0,0.0,0.0
2006-12-14,0.0,0.8,0.0
2006-12-15,4.0,1.2,0.0
2006-12-16,0.0,0.1,0.0
2006-12-17,1.0,0.1,0.0
2006-12-18,11.0,0.6,0.0
2006-12-19,0.0,0.0,0.0
2006-12-20,0.0,1.8,1.7
2006-12-21,34.0,5.3,2.9
2006-12-22,0.0,6.7,3.9
2006-12-23,0.0,7.2,4.2
2006-12-24,11.0,5.9,3.3
2006-12-25,0.0,31.9,22.8
2006-12-26,28.0,11.4,7.0
2006-12-28,8.0,3.2,1.5
2006-12-29,25.0,63.6,50.7
2006-12-30,2.0,8.8,5.2
2006-12-31,92.0,47.4,35.5
2007-01-01,61.0,59.9,41.4
2007-01-02,16.0,13.8,9.2
2007-01-03,37.0,19.9,12.7
2007-01-04,12.0,17.4,11.1
2007-01-06,0.0,0.0,0.0
2007-01-07,0.0,0.0,0.0
2007-01-08,1.0,0.2,0.0
2007-01-09,0.0,0.0,0.0
2007-01-10,0.0,0.0,0.0
2007-01-11,0.0,0.0,0.0
2007-01-12,7.0,0.6,0.0
2007-01-13,9.0,2.0,1.7
2007-01-14,2.0,0.1,0.0
2007-01-15,18.0,0.0,0.0
2007-01-16,0.0,0.0,0.0
2007-01-17,0.0,0.0,0.0
2007-01-18,6.0,16.8,12.9
2007-01-19,5.0,8.8,7.0
2007-01-20,0.0,0.0,0.0
2007-01-21,5.0,0.4,0.0
2007-01-22,0.0,0.2,0.0
2007-01-24,2.0,23.3,18.2
2007-01-25,8.0,12.5,11.2
2007-01-26,3.0,7.4,7.4
2007-01-27,13.0,6.1,6.5
2007-01-28,0.0,0.5,0.0
2007-01-30,0.0,4.0,4.8
2007-01-31,44.0,22.3,17.0
2007-02-01,22.0,14.9,11.7
2007-02-02,21.0,7.6,6.9
2007-02-04,0.0,0.0,0.0
2007-02-05,0.0,0.7,0.0
2007-02-06,0.0,0.6,0.0
2007-02-07,0.0,0.2,0.0
2007-02-08,4.0,3.1,3.9
2007-02-09,13.0,20.0,12.6
2007-02-10,0.0,0.0,0.0
2007-02-11,38.0,76.8,54.2
2007-02-12,1.0,0.3,0.0
2007-02-13,0.0,0.0,0.0
2007-02-14,1.0,1.5,2.4
2007-02-15,0.0,0.0,0.0
2007-02-16,24.0,0.0,0.0
2007-02-17,6.0,41.8,30.0
2007-02-18,1.0,4.8,4.5
2007-02-20,35.0,15.7,11.3
2007-02-21,1.0,1.0,0.0
2007-02-22,16.0,27.3,24.1
2007-02-23,1.0,0.9,0.0
2007-02-24,5.0,1.8,3.7
2007-02-25,15.0,30.8,28.9
2007-02-26,5.0,4.4,6.0
2007-02-27,0.0,0.3,0.0
2007-02-28,0.0,1.9,3.8
2007-03-01,0.0,0.0,0.0
2007-03-02,0.0,0.0,0.0
2007-03-03,1.0,0.1,0.0
2007-03-04,0.0,0.0,0.0
2007-03-05,1.0,0.8,0.0
2007-03-06,3.0,5.7,5.9
2007-03-07,2.0,0.0,0.0
2007-03-08,0.0,0.0,0.0
2007-03-09,0.0,0.7,0.0
2007-03-10,11.0,47.0,27.4
2007-03-11,2.0,5.7,6.9
2007-03-12,3.0,2.9,4.7
2007-03-14,41.0,13.8,12.5
2007-03-15,1.0,0.0,0.0
2007-03-16,0.0,0.1,0.0
2007-03-18,23.0,5.6,6.8
2007-03-19,16.0,29.1,24.6
2007-03-20,5.0,4.6,6.1
2007-03-21,4.0,0.8,0.0
2007-03-23,4.0,1.4,3.0
2007-03-24,3.0,9.5,8.7
2007-03-25,28.0,65.8,54.7
2007-03-27,0.0,0.1,0.0
2007-03-28,0.0,0.2,0.0
2007-03-29,2.0,22.6,17.0
2007-03-30,33.0,27.7,17.8
2007-03-31,18.0,1.1,0.0
2007-04-01,2.0,5.8,6.0
2007-04-02,33.0,45.4,42.7
2007-04-03,21.0,24.1,18.2
2007-04-05,4.0,7.9,7.6
2007-04-06,2.0,7.5,7.3
2007-04-07,9.0,14.6,12.4
2007-04-08,18.0,44.4,41.3
2007-04-09,5.0,2.3,3.3
2007-04-10,0.0,0.0,0.0
2007-04-11,0.0,0.1,0.0
2007-04-13,1.0,11.3,11.6
2007-04-14,42.0,34.3,34.9
2007-04-15,2.0,4.6,5.8
2007-04-16,13.0,72.1,63.7
2007-04-17,0.0,0.0,0.0
2007-04-19,5.0,1.1,2.6
2007-04-20,15.0,7.3,8.1
2007-04-21,3.0,10.7,12.1
2007-04-22,12.0,32.2,34.9
2007-04-23,0.0,1.0,2.0
2007-04-24,31.0,3.8,4.9
2007-04-25,31.0,18.4,20.7
2007-04-26,51.0,30.9,33.6
2007-04-27,45.0,13.6,15.2
2007-04-28,5.0,15.9,17.6
2007-04-29,11.0,15.9,17.5
2007-04-30,22.0,36.8,39.9
2007-05-01,24.0,14.8,14.4
2007-05-02,10.0,6.2,6.8
2007-05-03,20.0,9.6,9.8
2007-05-04,14.0,18.3,17.5
2007-05-05,1.0,4.6,5.2
2007-05-07,59.0,58.5,58.9
2007-05-08,9.0,21.8,20.5
2007-05-09,0.0,0.0,0.0
2007-05-11,0.0,0.0,0.0
2007-05-12,1.0,0.0,0.0
2007-05-13,0.0,0.0,0.0
2007-05-15,4.0,0.0,0.0
2007-05-16,0.0,0.0,0.0
2007-05-17,0.0,1.0,0.0
2007-05-18,1.0,0.1,0.0
2007-05-19,4.0,2.0,3.6
2007-05-21,25.0,29.1,27.8
2007-05-23,0.0,0.1,0.0
2007-05-24,0.0,0.0,0.0
2007-05-25,0.0,0.1,0.0
2007-05-26,0.0,0.2,0.0
2007-05-27,0.0,1.8,3.6
2007-05-28,30.0,0.9,0.0
2007-05-29,19.0,6.9,8.9
2007-05-30,14.0,6.7,8.7
2007-05-31,2.0,3.9,5.9
2007-06-01,12.0,1.9,2.5
2007-06-02,1.0,2.3,2.9
2007-06-03,12.0,11.8,12.2
2007-06-04,22.0,3.7,4.3
2007-06-05,1.0,0.8,0.0
2007-06-06,0.0,0.2,0.0
2007-06-07,11.0,2.0,2.6
2007-06-08,10.0,20.4,20.6
2007-06-09,92.0,42.9,49.8
2007-06-10,2.0,10.5,10.9
2007-06-11,11.0,8.4,11.2
2007-06-12,3.0,7.9,10.8
2007-06-13,17.0,7.5,10.5
2007-06-14,5.0,2.9,6.2
2007-06-15,6.0,10.2,12.7
2007-06-16,31.0,9.3,12.0
2007-06-17,0.0,0.5,0.0
2007-06-18,12.0,10.1,12.7
2007-06-20,0.0,0.1,0.0
2007-06-21,0.0,0.8,0.0
2007-06-22,0.0,1.5,4.2
2007-06-23,0.0,6.7,9.7
2007-06-24,0.0,9.3,12.2
2007-06-25,3.0,4.3,7.3
2007-06-26,48.0,23.6,29.0
2007-06-27,14.0,16.6,20.7
2007-06-28,15.0,11.2,13.9
2007-06-30,0.0,0.0,0.0
2007-07-01,0.0,0.0,0.0
2007-07-02,1.0,2.4,6.2
2007-07-04,0.0,0.0,0.0
2007-07-05,0.0,0.0,0.0
2007-07-06,0.0,0.0,0.0
2007-07-07,1.0,0.2,0.0
2007-07-08,5.0,3.4,7.4
2007-07-09,2.0,4.2,8.3
2007-07-10,0.0,0.0,0.0
2007-07-11,56.0,4.1,7.5
2007-07-12,2.0,4.7,8.4
2007-07-13,1.0,0.3,0.0
2007-07-14,0.0,0.1,0.0
2007-07-15,7.0,2.2,4.4
2007-07-16,0.0,0.3,0.0
2007-07-17,0.0,0.7,1.8
2007-07-18,2.0,0.0,0.0
2007-07-19,7.0,2.2,4.4
2007-07-20,2.0,1.5,3.1
2007-07-21,2.0,3.3,8.4
2007-07-22,4.0,5.0,10.6
2007-07-23,1.0,0.0,0.0
2007-07-24,1.0,0.3,0.0
2007-07-25,0.0,0.2,0.0
2007-07-26,3.0,0.9,4.8
2007-07-27,0.0,0.0,0.0
2007-07-29,1.0,2.4,7.2
2007-07-30,1.0,0.0,0.0
2007-08-01,3.0,1.6,4.9
2007-08-02,0.0,0.5,0.0
2007-08-03,1.0,0.0,0.0
2007-08-04,0.0,0.8,3.4
2007-08-05,2.0,0.0,0.0
2007-08-06,4.0,2.3,5.9
2007-08-07,15.0,2.8,6.6
2007-08-08,1.0,0.7,3.3
2007-08-09,0.0,1.1,4.0
2007-08-11,0.0,0.4,0.0
2007-08-12,3.0,1.2,5.6
2007-08-13,12.0,0.4,4.1
2007-08-14,3.0,0.8,4.9
2007-08-15,0.0,0.0,0.0
2007-08-18,0.0,1.1,5.6
2007-08-20,0.0,0.6,4.5
2007-08-21,1.0,0.1,0.0
2007-08-22,0.0,0.0,0.0
2007-08-23,0.0,0.0,0.0
2007-08-24,0.0,0.0,0.0
2007-08-25,0.0,0.0,0.0
2007-08-26,1.0,2.5,6.9
2007-08-27,4.0,1.4,5.2
2007-08-28,0.0,0.1,0.0
2007-08-29,0.0,0.0,0.0
2007-08-30,0.0,1.0,4.6
2007-08-31,9.0,5.1,10.7
2007-09-01,23.0,3.8,9.7
2007-09-02,8.0,10.2,16.2
2007-09-03,1.0,1.7,6.6
2007-09-06,0.0,0.0,0.0
2007-09-07,0.0,0.0,0.0
2007-09-08,0.0,0.0,0.0
2007-09-09,0.0,0.6,4.9
2007-09-10,21.0,4.7,10.8
2007-09-11,0.0,0.0,0.0
2007-09-12,0.0,0.4,0.0
2007-09-14,0.0,0.2,0.0
2007-09-15,0.0,0.6,0.0
2007-09-16,1.0,13.1,22.9
2007-09-17,9.0,1.4,5.5
2007-09-18,1.0,8.1,13.7
2007-09-19,12.0,11.2,19.1
2007-09-20,13.0,16.0,28.2
2007-09-21,14.0,6.6,14.0
2007-09-22,0.0,6.2,13.0
2007-09-24,0.0,0.0,0.0
2007-09-25,0.0,0.0,0.0
2007-09-26,1.0,0.1,0.0
2007-09-27,0.0,0.0,0.0
2007-09-28,0.0,0.0,0.0
2007-09-29,0.0,0.0,0.0
2007-09-30,0.0,0.0,0.0
2007-10-01,0.0,0.1,0.0
2007-10-03,0.0,0.0,0.0
2007-10-04,0.0,0.0,0.0
2007-10-05,0.0,0.0,0.0
2007-10-06,8.0,0.0,0.0
2007-10-07,0.0,0.0,0.0
2007-10-08,0.0,0.0,0.0
2007-10-09,0.0,0.0,0.0
2007-10-10,0.0,0.0,0.0
2007-10-11,0.0,0.0,0.0
2007-10-12,0.0,0.0,0.0
2007-10-13,0.0,1.1,3.3
2007-10-14,4.0,4.4,6.2
2007-10-16,1.0,0.9,3.1
2007-10-17,8.0,0.0,0.0
2007-10-19,1.0,4.3,6.1
2007-10-20,1.0,0.9,3.1
2007-10-21,47.0,0.1,0.0
2007-10-22,0.0,0.2,0.0
2007-10-23,0.0,0.0,0.0
2007-10-24,3.0,5.7,7.1
2007-10-25,4.0,26.7,28.4
2007-10-26,0.0,3.2,5.1
2007-10-27,25.0,0.3,0.0
2007-10-28,0.0,0.0,0.0
2007-10-29,0.0,0.0,0.0
2007-10-30,4.0,5.3,7.0
2007-10-31,26.0,5.6,7.2
2007-11-01,0.0,0.5,0.0
2007-11-02,0.0,0.4,0.0
2007-11-03,0.0,0.3,0.0
2007-11-04,17.0,0.6,0.0
2007-11-05,0.0,1.8,2.6
2007-11-07,3.0,1.7,2.5
2007-11-08,0.0,1.3,1.9
2007-11-09,0.0,0.6,0.0
2007-11-10,0.0,0.0,0.0
2007-11-11,0.0,0.5,0.0
2007-11-13,0.0,3.2,4.1
2007-11-14,0.0,0.0,0.0
2007-11-15,0.0,0.0,0.0
2007-11-16,1.0,0.1,0.0
2007-11-17,8.0,5.4,5.6
2007-11-18,11.0,5.7,5.7
2007-11-19,5.0,0.6,0.0
2007-11-20,0.0,0.0,0.0
2007-11-21,4.0,9.3,7.0
2007-11-22,0.0,3.6,2.7
2007-11-23,21.0,3.9,2.9
2007-11-24,11.0,5.4,4.1
2007-11-25,0.0,0.0,0.0
2007-11-26,4.0,5.3,4.0
2007-11-27,0.0,0.0,0.0
2007-11-28,7.0,23.4,21.5
2007-11-29,33.0,1.1,0.0
2007-11-30,0.0,0.5,0.0
2007-12-01,0.0,0.2,0.0
2007-12-02,0.0,0.0,0.0
2007-12-03,0.0,0.2,0.0
2007-12-04,0.0,2.1,1.4
2007-12-05,15.0,5.9,4.2
2007-12-06,11.0,7.7,5.5
2007-12-07,15.0,7.4,5.3
2007-12-08,4.0,1.7,1.1
2007-12-09,0.0,0.5,0.0
2007-12-10,0.0,1.2,0.0
2007-12-11,0.0,0.2,0.0
2007-12-12,14.0,8.9,5.9
2007-12-13,3.0,0.3,0.0
2007-12-14,0.0,0.3,0.0
2007-12-15,0.0,1.1,0.0
2007-12-16,6.0,38.8,23.2
2007-12-17,6.0,2.2,1.9
2007-12-18,21.0,27.7,16.0
2007-12-19,5.0,14.6,9.0
2007-12-20,2.0,35.6,21.1
2007-12-21,14.0,19.4,12.4
2007-12-22,15.0,43.2,31.8
2007-12-23,17.0,21.6,13.9
2007-12-24,15.0,18.1,11.6
2007-12-25,9.0,13.3,8.3
2007-12-26,0.0,0.1,0.0
2007-12-27,9.0,4.2,2.2
2007-12-28,0.0,3.6,1.7
2007-12-29,0.0,0.0,0.0
2007-12-30,12.0,17.1,10.8
2007-12-31,9.0,42.9,31.6
2008-01-01,24.0,25.6,14.6
2008-01-02,19.0,4.1,3.9
2008-01-03,12.0,14.5,9.8
2008-01-04,0.0,0.2,0.0
2008-01-05,14.0,5.3,4.6
2008-01-06,5.0,0.0,0.0
2008-01-07,1.0,0.0,0.0
2008-01-08,1.0,5.7,4.8
2008-01-09,2.0,0.3,0.0
2008-01-10,1.0,0.7,0.0
2008-01-11,1.0,0.0,0.0
2008-01-12,17.0,11.5,9.0
2008-01-13,9.0,3.7,3.1
2008-01-14,0.0,0.0,0.0
2008-01-15,0.0,0.0,0.0
2008-01-16,0.0,0.0,0.0
2008-01-17,0.0,0.2,0.0
2008-01-18,24.0,6.4,5.2
2008-01-19,9.0,3.7,3.1
2008-01-20,1.0,3.2,2.7
2008-01-21,0.0,0.0,0.0
2008-01-22,0.0,0.0,0.0
2008-01-23,8.0,1.0,0.0
2008-01-24,0.0,0.0,0.0
2008-01-25,0.0,0.0,0.0
2008-01-26,0.0,0.0,0.0
2008-01-27,6.0,0.0,0.0
2008-01-28,0.0,0.0,0.0
2008-01-29,0.0,0.2,0.0
2008-01-30,14.0,0.6,0.0
2008-01-31,6.0,5.5,6.0
2008-02-01,6.0,7.5,6.9
2008-02-02,1.0,7.8,7.1
2008-02-03,31.0,17.1,13.5
2008-02-04,6.0,13.9,11.4
2008-02-05,22.0,7.1,6.6
2008-02-06,0.0,14.4,11.7
2008-02-07,22.0,0.0,0.0
2008-02-08,0.0,11.3,9.3
2008-02-09,3.0,0.5,0.0
2008-02-10,0.0,2.4,3.4
2008-02-11,0.0,7.1,6.0
2008-02-12,8.0,7.5,6.2
2008-02-13,5.0,0.4,0.0
2008-02-16,11.0,1.0,0.0
2008-02-17,20.0,42.5,31.0
2008-02-18,11.0,13.7,10.1
2008-02-19,14.0,25.1,16.0
2008-02-20,32.0,16.0,11.4
2008-02-21,4.0,13.0,12.5
2008-02-22,25.0,1.6,3.5
2008-02-23,0.0,0.1,0.0
2008-02-24,0.0,1.5,3.5
2008-02-25,7.0,0.6,0.0
2008-02-26,9.0,0.2,0.0
2008-02-27,0.0,0.1,0.0
2008-02-28,0.0,0.0,0.0
2008-02-29,0.0,0.5,0.0
2008-03-01,0.0,0.0,0.0
2008-03-02,0.0,0.3,0.0
2008-03-03,0.0,0.4,0.0
2008-03-04,0.0,0.0,0.0
2008-03-05,0.0,0.9,0.0
2008-03-06,7.0,0.0,0.0
2008-03-07,8.0,0.1,0.0
2008-03-08,0.0,0.0,0.0
2008-03-09,0.0,0.0,0.0
2008-03-10,0.0,4.9,5.4
2008-03-11,17.0,0.0,0.0
2008-03-12,0.0,2.0,4.0
2008-03-13,5.0,0.0,0.0
2008-03-14,0.0,0.0,0.0
2008-03-15,0.0,0.2,0.0
2008-03-16,0.0,11.8,11.0
2008-03-17,10.0,0.6,0.0
2008-03-18,2.0,0.0,0.0
2008-03-20,0.0,6.4,7.4
2008-03-21,7.0,30.5,20.7
2008-03-22,6.0,0.7,0.0
2008-03-23,23.0,11.6,10.1
2008-03-24,13.0,5.5,6.0
2008-03-25,11.0,28.8,18.8
2008-03-26,15.0,1.6,3.1
2008-03-27,0.0,11.9,11.0
2008-03-28,5.0,29.6,19.6
2008-03-29,28.0,2.1,3.5
2008-03-30,3.0,0.8,0.0
2008-03-31,0.0,1.4,2.9
2008-04-01,32.0,2.5,3.5
2008-04-02,50.0,25.5,20.7
2008-04-03,5.0,1.9,3.0
2008-04-04,0.0,0.1,0.0
2008-04-05,4.0,0.2,0.0
2008-04-06,42.0,10.3,9.3
2008-04-07,1.0,0.2,0.0
2008-04-08,5.0,4.0,4.6
2008-04-09,5.0,0.2,0.0
2008-04-10,0.0,0.0,0.0
2008-04-11,21.0,11.0,11.3
2008-04-12,12.0,8.0,8.7
2008-04-13,2.0,0.2,0.0
2008-04-14,15.0,8.1,8.9
2008-04-15,15.0,6.6,7.5
2008-04-17,18.0,17.7,16.8
2008-04-18,5.0,30.9,31.6
2008-04-20,0.0,0.0,0.0
2008-04-21,0.0,0.0,0.0
2008-04-23,0.0,0.1,0.0
2008-04-24,18.0,25.5,28.4
2008-04-25,45.0,44.0,48.3
2008-04-26,3.0,9.1,10.5
2008-04-27,1.0,7.2,8.5
2008-04-29,16.0,5.5,6.7
2008-04-30,9.0,5.4,6.6
2008-05-01,8.0,17.0,16.3
2008-05-02,60.0,25.4,23.9
2008-05-03,17.0,17.0,16.3
2008-05-04,31.0,33.7,31.6
2008-05-05,10.0,16.1,15.5
2008-05-08,6.0,0.0,0.0
2008-05-09,6.0,3.6,4.4
2008-05-11,1.0,2.5,4.1
2008-05-12,112.0,41.4,35.3
2008-05-13,23.0,9.6,10.6
2008-05-14,2.0,6.4,7.8
2008-05-15,3.0,0.4,0.0
2008-05-16,16.0,6.7,8.1
2008-05-17,10.0,13.2,13.6
2008-05-18,2.0,0.9,0.0
2008-05-19,0.0,0.0,0.0
2008-05-20,0.0,2.0,3.6
2008-05-21,0.0,0.2,0.0
2008-05-22,3.0,0.9,0.0
2008-05-23,0.0,0.1,0.0
2008-05-24,35.0,2.7,4.6
2008-05-25,17.0,9.4,11.3
2008-05-26,9.0,6.6,8.7
2008-05-27,1.0,0.0,0.0
2008-05-28,5.0,1.3,3.1
2008-05-29,1.0,1.1,2.8
2008-05-30,0.0,0.0,0.0
2008-05-31,7.0,0.2,0.0
2008-06-01,2.0,0.5,0.0
2008-06-02,9.0,3.1,3.7
2008-06-03,7.0,2.7,3.3
2008-06-05,3.0,2.2,2.8
2008-06-09,6.0,1.6,2.2
2008-06-10,13.0,5.6,6.2
2008-06-11,175.0,70.8,74.7
2008-06-12,43.0,41.7,43.8
2008-06-13,12.0,8.4,11.2
2008-06-14,0.0,0.5,0.0
2008-06-15,0.0,0.1,0.0
2008-06-16,9.0,0.6,0.0
2008-06-17,0.0,0.0,0.0
2008-06-18,0.0,0.0,0.0
2008-06-19,0.0,0.0,0.0
2008-06-20,8.0,4.9,8.2
2008-06-21,12.0,11.0,13.7
2008-06-22,6.0,3.1,6.1
2008-06-24,36.0,2.8,5.7
2008-06-25,0.0,2.3,5.2
2008-06-26,8.0,1.6,4.4
2008-06-27,5.0,1.3,4.0
2008-06-28,70.0,32.9,40.8
2008-06-29,15.0,7.5,10.5
2008-06-30,6.0,1.5,4.3
2008-07-01,1.0,0.2,0.0
2008-07-02,3.0,0.1,0.0
2008-07-04,2.0,0.1,0.0
2008-07-05,5.0,2.0,5.8
2008-07-06,34.0,68.3,95.3
2008-07-07,3.0,31.6,43.3
2008-07-08,4.0,3.4,7.5
2008-07-09,6.0,2.4,6.3
2008-07-10,5.0,2.1,5.9
2008-07-11,21.0,10.9,18.4
2008-07-12,6.0,0.8,1.9
2008-07-14,3.0,0.2,0.0
2008-07-15,0.0,0.3,0.0
2008-07-16,3.0,12.2,20.8
2008-07-17,2.0,0.4,0.0
2008-07-18,11.0,3.6,6.6
2008-07-19,1.0,0.0,0.0
2008-07-20,0.0,0.0,0.0
2008-07-21,4.0,0.3,0.0
2008-07-22,5.0,5.5,11.6
2008-07-23,22.0,9.1,21.0
2008-07-24,21.0,8.2,15.8
2008-07-25,14.0,4.8,10.4
2008-07-27,0.0,0.1,0.0
2008-07-29,0.0,0.4,0.0
2008-07-30,0.0,0.0,0.0
2008-07-31,0.0,0.2,0.0
2008-08-02,0.0,0.3,0.0
2008-08-03,1.0,1.0,3.8
2008-08-04,7.0,20.7,36.8
2008-08-05,4.0,0.0,0.0
2008-08-06,0.0,0.0,0.0
2008-08-08,2.0,2.4,6.0
2008-08-09,18.0,11.9,19.9
2008-08-11,8.0,1.0,5.3
2008-08-12,11.0,24.0,57.5
2008-08-13,9.0,3.1,9.4
2008-08-14,10.0,6.0,14.6
2008-08-15,11.0,17.8,41.3
2008-08-16,5.0,0.0,0.0
2008-08-17,4.0,2.7,9.3
2008-08-18,9.0,1.4,6.1
2008-08-19,1.0,0.3,0.0
2008-08-20,7.0,5.7,13.8
2008-08-21,9.0,5.3,11.3
2008-08-22,3.0,1.6,5.5
2008-08-23,6.0,10.8,22.0
2008-08-24,5.0,5.9,11.8
2008-08-25,4.0,6.5,15.3
2008-08-26,3.0,21.0,38.8
2008-08-27,4.0,2.0,6.2
2008-08-29,5.0,4.7,10.1
2008-08-30,4.0,4.3,10.2
2008-08-31,5.0,1.1,4.8
2008-09-01,30.0,12.9,21.2
2008-09-02,1.0,6.0,12.6
2008-09-03,15.0,1.3,5.9
2008-09-04,2.0,3.6,10.1
2008-09-05,0.0,0.4,0.0
2008-09-07,0.0,0.0,0.0
2008-09-08,10.0,17.5,29.2
2008-09-09,3.0,1.3,6.0
2008-09-10,3.0,0.5,0.0
2008-09-11,0.0,0.0,0.0
2008-09-12,0.0,0.0,0.0
2008-09-13,9.0,2.5,7.0
2008-09-14,1.0,3.4,8.5
2008-09-15,0.0,0.6,0.0
2008-09-17,85.0,71.0,58.3
2008-09-18,1.0,4.0,9.1
2008-09-19,0.0,0.0,0.0
2008-09-20,0.0,0.0,0.0
2008-09-21,0.0,10.5,22.6
2008-09-22,0.0,0.3,0.0
2008-09-23,0.0,0.0,0.0
2008-09-24,0.0,0.0,0.0
2008-09-25,0.0,0.0,0.0
2008-09-26,0.0,0.1,0.0
2008-09-27,24.0,19.7,43.3
2008-09-28,19.0,1.2,5.2
2008-09-29,0.0,0.0,0.0
2008-09-30,0.0,0.0,0.0
2008-10-01,2.0,0.0,0.0
2008-10-02,0.0,0.1,0.0
2008-10-03,2.0,23.5,36.9
2008-10-04,2.0,14.1,18.4
2008-10-05,3.0,2.3,5.5
2008-10-06,1.0,0.4,0.0
2008-10-07,11.0,0.3,0.0
2008-10-09,35.0,35.4,59.1
2008-10-10,37.0,43.4,73.6
2008-10-11,1.0,0.2,0.0
2008-10-12,20.0,4.2,6.0
2008-10-13,3.0,6.8,8.1
2008-10-14,1.0,0.1,0.0
2008-10-15,1.0,0.2,0.0
2008-10-17,2.0,0.0,0.0
2008-10-19,1.0,1.2,3.3
2008-10-20,0.0,0.6,0.0
2008-10-21,50.0,1.8,3.6
2008-10-22,9.0,2.8,4.6
2008-10-23,13.0,11.8,12.4
2008-10-24,29.0,30.4,33.2
2008-10-25,1.0,1.3,3.1
2008-10-26,0.0,4.4,6.1
2008-10-27,16.0,2.3,4.1
2008-10-28,8.0,21.6,22.3
2008-10-29,1.0,9.3,10.3
2008-10-30,0.0,0.7,0.0
2008-10-31,0.0,0.0,0.0
2008-11-01,6.0,1.2,1.9
2008-11-02,0.0,1.2,1.7
2008-11-03,0.0,0.0,0.0
2008-11-04,0.0,0.0,0.0
2008-11-06,0.0,0.0,0.0
2008-11-07,16.0,0.6,0.0
2008-11-10,3.0,4.2,5.8
2008-11-11,0.0,1.6,2.9
2008-11-12,0.0,0.0,0.0
2008-11-13,0.0,0.0,0.0
2008-11-15,3.0,0.3,0.0
2008-11-16,0.0,2.2,3.4
2008-11-17,1.0,0.1,0.0
2008-11-18,0.0,0.0,0.0
2008-11-19,9.0,3.5,4.3
2008-11-20,0.0,0.3,0.0
2008-11-21,1.0,1.1,0.0
2008-11-22,0.0,1.0,0.0
2008-11-23,0.0,1.2,0.0
2008-11-24,14.0,16.7,13.5
2008-11-25,0.0,0.3,0.0
2008-11-26,8.0,4.8,3.6
2008-11-27,6.0,0.9,0.0
2008-11-29,2.0,5.4,4.1
2008-11-30,1.0,2.3,1.6
2008-12-01,0.0,0.6,0.0
2008-12-02,24.0,50.0,40.3
2008-12-03,9.0,19.4,16.1
2008-12-06,44.0,6.2,4.4
2008-12-07,6.0,0.1,0.0
2008-12-08,0.0,0.2,0.0
2008-12-09,12.0,0.3,0.0
2008-12-10,5.0,7.7,5.5
2008-12-11,9.0,64.8,42.2
2008-12-12,70.0,126.3,75.6
2008-12-13,66.0,28.3,15.8
2008-12-14,9.0,18.1,11.1
2008-12-15,0.0,1.2,0.0
2008-12-16,0.0,9.7,6.3
2008-12-17,5.0,15.6,9.6
2008-12-18,5.0,5.0,3.6
2008-12-19,4.0,27.3,16.0
2008-12-20,0.0,0.8,0.0
2008-12-21,0.0,4.1,2.1
2008-12-22,3.0,0.1,0.0
2008-12-23,8.0,11.1,6.8
2008-12-24,4.0,1.8,1.0
2008-12-25,24.0,18.6,11.6
2008-12-26,43.0,60.7,47.9
2008-12-27,5.0,9.6,5.8
2008-12-28,3.0,6.4,3.6
2008-12-29,0.0,0.1,0.0
2008-12-30,2.0,3.4,1.6
2008-12-31,4.0,5.4,3.0
2009-01-01,48.0,49.5,34.1
2009-01-02,0.0,1.1,0.0
2009-01-04,1.0,0.0,0.0
2009-01-05,6.0,2.9,3.3
2009-01-06,0.0,0.0,0.0
2009-01-07,8.0,26.9,15.7
2009-01-08,3.0,3.4,3.6
2009-01-09,4.0,15.5,10.1
2009-01-10,9.0,2.8,3.2
2009-01-11,0.0,0.2,0.0
2009-01-12,0.0,0.1,0.0
2009-01-13,12.0,1.6,1.4
2009-01-14,29.0,31.0,22.1
2009-01-15,10.0,29.9,20.5
2009-01-16,3.0,0.6,0.0
2009-01-17,7.0,2.3,1.9
2009-01-19,0.0,2.2,1.9
2009-01-20,0.0,5.1,4.2
2009-01-21,1.0,18.5,15.3
2009-01-22,0.0,0.0,0.0
2009-01-23,0.0,0.0,0.0
2009-01-24,0.0,0.0,0.0
2009-01-25,2.0,0.4,0.0
2009-01-26,35.0,1.2,2.5
2009-01-27,5.0,7.7,7.7
2009-01-28,18.0,22.3,16.9
2009-01-29,15.0,4.9,5.6
2009-01-30,0.0,5.1,5.7
2009-01-31,13.0,12.1,11.1
2009-02-01,2.0,2.5,3.5
2009-02-02,1.0,2.6,3.6
2009-02-03,11.0,2.7,3.6
2009-02-04,7.0,2.2,3.3
2009-02-05,7.0,5.0,5.2
2009-02-06,0.0,2.8,3.7
2009-02-07,0.0,0.0,0.0
2009-02-08,0.0,0.1,0.0
2009-02-09,3.0,0.5,0.0
2009-02-10,12.0,5.5,5.5
2009-02-11,1.0,1.6,2.4
2009-02-12,20.0,9.8,7.6
2009-02-13,8.0,50.6,37.5
2009-02-14,0.0,0.2,0.0
2009-02-16,33.0,27.1,17.9
2009-02-17,5.0,2.1,2.8
2009-02-18,2.0,5.1,4.7
2009-02-19,0.0,0.5,0.0
2009-02-20,5.0,5.6,5.0
2009-02-21,2.0,7.8,8.8
2009-02-22,5.0,2.1,4.0
2009-02-23,32.0,20.4,16.2
2009-02-24,9.0,6.1,7.3
2009-02-25,47.0,34.5,34.5
2009-02-26,26.0,24.3,20.4
2009-02-27,1.0,0.0,0.0
2009-02-28,0.0,0.0,0.0
2009-03-01,20.0,15.5,10.6
2009-03-02,121.0,122.2,59.2
2009-03-03,6.0,22.1,14.3
2009-03-04,9.0,0.3,0.0
2009-03-05,6.0,2.0,3.7
2009-03-06,8.0,1.0,0.0
2009-03-07,1.0,29.4,16.1
2009-03-08,29.0,44.8,26.0
2009-03-09,3.0,30.6,16.9
2009-03-10,36.0,24.2,15.4
2009-03-11,0.0,4.4,5.9
2009-03-12,8.0,4.9,6.3
2009-03-13,2.0,2.2,4.2
2009-03-14,0.0,0.1,0.0
2009-03-15,0.0,4.1,5.7
2009-03-16,12.0,4.1,5.7
2009-03-17,9.0,17.5,14.9
2009-03-18,44.0,18.9,16.6
2009-03-19,24.0,4.9,6.3
2009-03-20,13.0,3.0,4.8
2009-03-21,0.0,0.0,0.0
2009-03-22,0.0,0.0,0.0
2009-03-23,0.0,0.0,0.0
2009-03-24,0.0,0.0,0.0
2009-03-25,0.0,0.7,0.0
2009-03-26,0.0,0.0,0.0
2009-03-27,0.0,0.0,0.0
2009-03-28,0.0,0.0,0.0
2009-03-29,1.0,6.6,6.8
2009-03-30,0.0,0.1,0.0
2009-03-31,17.0,25.9,16.6
2009-04-01,0.0,2.7,3.6
2009-04-02,1.0,0.2,0.0
2009-04-03,0.0,24.1,17.6
2009-04-04,9.0,17.4,14.6
2009-04-05,10.0,22.0,17.6
2009-04-06,11.0,13.9,12.0
2009-04-07,0.0,0.2,0.0
2009-04-08,3.0,0.3,0.0
2009-04-09,4.0,0.0,0.0
2009-04-10,0.0,0.2,0.0
2009-04-11,1.0,0.0,0.0
2009-04-12,2.0,2.3,3.7
2009-04-13,3.0,0.9,0.0
2009-04-14,1.0,8.5,9.2
2009-04-15,5.0,30.3,30.4
2009-04-16,0.0,3.0,4.4
2009-04-17,3.0,1.1,2.5
2009-04-18,56.0,77.5,65.0
2009-04-19,56.0,63.8,59.7
2009-04-20,15.0,17.4,17.3
2009-04-21,23.0,28.1,30.9
2009-04-22,3.0,5.2,6.4
2009-04-23,27.0,40.4,44.1
2009-04-24,0.0,0.0,0.0
2009-04-25,0.0,0.1,0.0
2009-04-26,0.0,0.8,0.0
2009-04-27,0.0,0.0,0.0
2009-04-28,2.0,0.0,0.0
2009-04-29,3.0,4.1,5.2
2009-04-30,18.0,18.8,20.4
2009-05-01,6.0,8.3,8.6
2009-05-02,0.0,0.0,0.0
2009-05-03,0.0,0.0,0.0
2009-05-04,0.0,2.9,3.6
2009-05-06,0.0,8.2,8.6
2009-05-07,11.0,1.9,2.7
2009-05-09,0.0,0.0,0.0
2009-05-10,14.0,0.9,0.0
2009-05-11,2.0,6.5,7.8
2009-05-12,46.0,25.3,22.3
2009-05-13,2.0,15.4,15.9
2009-05-14,9.0,5.0,6.5
2009-05-15,6.0,0.3,0.0
2009-05-16,15.0,2.0,3.6
2009-05-17,7.0,3.5,5.1
2009-05-18,13.0,5.5,7.0
2009-05-19,3.0,4.3,5.9
2009-05-20,35.0,25.5,22.1
2009-05-21,1.0,15.7,17.2
2009-05-22,0.0,3.2,5.2
2009-05-23,0.0,0.0,0.0
2009-05-24,0.0,0.0,0.0
2009-05-26,0.0,0.0,0.0
2009-05-27,13.0,0.7,0.0
2009-05-28,0.0,5.4,7.5
2009-05-29,30.0,18.1,19.0
2009-05-30,17.0,8.6,10.5
2009-05-31,19.0,16.3,17.9
2009-06-01,71.0,35.1,39.6
2009-06-02,111.0,45.6,52.9
2009-06-03,47.0,7.8,8.3
2009-06-04,8.0,5.7,6.3
2009-06-05,0.0,0.5,0.0
2009-06-06,4.0,0.0,0.0
2009-06-07,0.0,0.0,0.0
2009-06-10,3.0,2.6,3.2
2009-06-11,0.0,0.1,0.0
2009-06-12,1.0,0.2,0.0
2009-06-13,0.0,0.0,0.0
2009-06-14,0.0,0.0,0.0
2009-06-15,0.0,0.0,0.0
2009-06-16,0.0,0.0,0.0
2009-06-17,13.0,6.1,9.2
2009-06-18,38.0,11.4,13.8
2009-06-19,0.0,0.0,0.0
2009-06-20,0.0,0.0,0.0
2009-06-21,0.0,0.0,0.0
2009-06-22,0.0,0.0,0.0
2009-06-23,0.0,0.0,0.0
2009-06-24,0.0,0.0,0.0
2009-06-25,27.0,7.4,10.4
2009-06-26,19.0,15.2,17.3
2009-06-27,0.0,0.0,0.0
2009-06-28,0.0,0.2,0.0
2009-06-29,0.0,0.3,0.0
2009-07-01,9.0,21.5,28.6
2009-07-02,43.0,17.6,22.8
2009-07-03,0.0,0.1,0.0
2009-07-04,0.0,0.1,0.0
2009-07-05,0.0,0.0,0.0
2009-07-06,11.0,6.1,10.4
2009-07-07,1.0,1.5,5.2
2009-07-08,1.0,0.4,0.0
2009-07-09,0.0,0.1,0.0
2009-07-10,0.0,6.1,10.4
2009-07-11,10.0,6.9,11.7
2009-07-12,18.0,5.0,8.8
2009-07-13,0.0,0.0,0.0
2009-07-14,0.0,1.2,2.7
2009-07-15,0.0,2.0,4.0
2009-07-16,17.0,17.8,31.0
2009-07-17,61.0,19.2,33.7
2009-07-19,0.0,1.9,3.9
2009-07-20,1.0,0.7,1.7
2009-07-21,2.0,0.7,4.5
2009-07-23,0.0,0.0,0.0
2009-07-24,0.0,0.3,0.0
2009-07-25,0.0,0.5,0.0
2009-07-26,0.0,0.0,0.0
2009-07-27,0.0,0.1,0.0
2009-07-28,0.0,0.5,0.0
2009-07-31,2.0,0.0,0.0
2009-08-02,1.0,0.0,0.0
2009-08-03,1.0,6.3,11.1
2009-08-05,0.0,0.5,0.0
2009-08-07,5.0,5.7,10.3
2009-08-08,15.0,7.0,11.8
2009-08-09,0.0,0.0,0.0
2009-08-10,0.0,0.0,0.0
2009-08-11,0.0,0.0,0.0
2009-08-12,0.0,0.0,0.0
2009-08-13,0.0,0.0,0.0
2009-08-14,0.0,0.0,0.0
2009-08-15,0.0,0.0,0.0
2009-08-17,1.0,1.8,7.4
2009-08-19,0.0,0.0,0.0
2009-08-20,0.0,0.0,0.0
2009-08-21,0.0,0.1,0.0
2009-08-22,0.0,0.0,0.0
2009-08-23,2.0,0.1,0.0
2009-08-24,0.0,5.0,10.2
2009-08-25,0.0,0.0,0.0
2009-08-26,0.0,0.0,0.0
2009-08-27,0.0,0.0,0.0
2009-08-28,0.0,0.0,0.0
2009-08-29,0.0,0.0,0.0
2009-08-30,0.0,1.7,5.7
2009-08-31,0.0,3.3,8.2
2009-09-01,0.0,0.0,0.0
2009-09-03,0.0,0.0,0.0
2009-09-04,31.0,50.3,65.7
2009-09-05,26.0,14.5,23.8
2009-09-06,0.0,0.0,0.0
2009-09-07,0.0,0.0,0.0
2009-09-08,0.0,0.0,0.0
2009-09-09,0.0,0.0,0.0
2009-09-10,0.0,0.0,0.0
2009-09-11,5.0,0.0,0.0
2009-09-12,0.0,0.0,0.0
2009-09-14,0.0,0.0,0.0
2009-09-15,0.0,0.0,0.0
2009-09-16,0.0,0.0,0.0
2009-09-17,1.0,0.2,0.0
2009-09-18,22.0,34.3,48.8
2009-09-19,28.0,52.9,57.5
2009-09-20,11.0,3.4,8.5
2009-09-21,0.0,0.2,0.0
2009-09-22,0.0,0.0,0.0
2009-09-23,0.0,0.0,0.0
2009-09-24,0.0,0.1,0.0
2009-09-25,0.0,0.0,0.0
2009-09-26,0.0,0.0,0.0
2009-09-27,0.0,0.6,3.9
2009-09-29,0.0,0.0,0.0
2009-09-30,0.0,0.0,0.0
2009-10-01,0.0,0.0,0.0
2009-10-02,0.0,0.0,0.0
2009-10-03,0.0,0.0,0.0
2009-10-04,7.0,1.0,3.6
2009-10-05,5.0,9.1,14.3
2009-10-06,14.0,0.7,3.1
2009-10-07,0.0,0.0,0.0
2009-10-08,0.0,0.0,0.0
2009-10-09,0.0,0.0,0.0
2009-10-10,8.0,1.7,4.7
2009-10-11,1.0,1.8,3.9
2009-10-12,0.0,0.0,0.0
2009-10-13,0.0,0.0,0.0
2009-10-14,0.0,0.0,0.0
2009-10-15,0.0,0.0,0.0
2009-10-16,0.0,0.9,0.0
2009-10-17,7.0,1.9,4.0
2009-10-18,0.0,0.0,0.0
2009-10-19,3.0,0.4,0.0
2009-10-20,0.0,0.5,0.0
2009-10-21,9.0,19.4,19.4
2009-10-22,7.0,1.4,3.2
2009-10-23,0.0,0.0,0.0
2009-10-24,0.0,0.0,0.0
2009-10-25,0.0,0.0,0.0
2009-10-26,0.0,0.0,0.0
2009-10-27,0.0,0.0,0.0
2009-10-28,0.0,0.0,0.0
2009-10-29,0.0,0.0,0.0
2009-10-30,0.0,0.0,0.0
2009-10-31,0.0,0.0,0.0
2009-11-01,0.0,0.0,0.0
2009-11-02,11.0,0.2,0.0
2009-11-04,4.0,0.7,0.0
2009-11-05,3.0,4.0,5.6
2009-11-06,38.0,3.4,4.8
2009-11-07,3.0,0.0,0.0
2009-11-08,6.0,3.1,4.4
2009-11-09,1.0,1.9,2.7
2009-11-10,0.0,6.4,8.8
2009-11-11,1.0,0.2,0.0
2009-11-12,1.0,5.8,5.8
2009-11-13,1.0,4.5,5.0
2009-11-14,0.0,0.0,0.0
2009-11-15,0.0,0.0,0.0
2009-11-16,0.0,0.2,0.0
2009-11-17,0.0,0.0,0.0
2009-11-18,0.0,0.0,0.0
2009-11-19,0.0,0.0,0.0
2009-11-20,0.0,0.2,0.0
2009-11-21,0.0,0.0,0.0
2009-11-22,0.0,0.0,0.0
2009-11-23,0.0,0.0,0.0
2009-11-24,0.0,0.0,0.0
2009-11-25,0.0,0.1,0.0
2009-11-26,0.0,4.1,3.1
2009-11-27,0.0,8.1,6.2
2009-11-28,0.0,0.8,0.0
2009-11-29,1.0,5.9,4.5
2009-11-30,1.0,0.2,0.0
2009-12-01,48.0,8.6,6.1
2009-12-02,15.0,11.0,7.7
2009-12-03,0.0,0.0,0.0
2009-12-04,0.0,0.0,0.0
2009-12-05,1.0,15.3,10.5
2009-12-06,12.0,11.9,8.4
2009-12-07,13.0,5.4,3.8
2009-12-09,0.0,0.6,0.0
2009-12-10,0.0,0.2,0.0
2009-12-11,0.0,0.0,0.0
2009-12-12,6.0,0.0,0.0
2009-12-13,0.0,0.0,0.0
2009-12-14,6.0,11.1,7.1
2009-12-15,2.0,0.1,0.0
2009-12-16,15.0,8.8,5.8
2009-12-17,25.0,10.6,6.8
2009-12-18,0.0,0.0,0.0
2009-12-19,1.0,2.9,2.4
2009-12-21,4.0,4.0,2.1
2009-12-22,29.0,34.4,24.6
2009-12-23,0.0,0.6,0.0
2009-12-24,0.0,0.8,0.0
2009-12-25,1.0,2.9,1.2
2009-12-26,0.0,1.6,1.0
2009-12-27,1.0,6.6,3.8
2009-12-28,0.0,5.5,3.0
2009-12-30,0.0,1.1,0.0
2009-12-31,15.0,30.6,21.4
2010-01-01,21.0,7.0,5.5
2010-01-02,9.0,0.1,0.0
2010-01-03,7.0,3.4,3.6
2010-01-04,1.0,0.0,0.0
2010-01-05,0.0,0.0,0.0
2010-01-06,3.0,0.2,0.0
2010-01-07,2.0,8.0,6.1
2010-01-08,27.0,22.0,13.6
2010-01-09,1.0,4.7,4.3
2010-01-10,103.0,24.8,13.9
2010-01-11,0.0,1.0,0.0
2010-01-12,3.0,4.2,3.4
2010-01-13,1.0,3.3,2.8
2010-01-14,0.0,2.3,2.0
2010-01-15,23.0,17.9,14.2
2010-01-16,85.0,48.8,45.8
2010-01-17,36.0,24.9,16.4
2010-01-19,0.0,0.1,0.0
2010-01-22,0.0,1.6,2.9
2010-01-23,0.0,0.0,0.0
2010-01-24,0.0,0.0,0.0
2010-01-25,0.0,0.3,0.0
2010-01-26,0.0,0.0,0.0
2010-01-27,0.0,0.0,0.0
2010-01-28,0.0,0.2,0.0
2010-01-29,1.0,0.2,0.0
2010-01-30,12.0,0.1,0.0
2010-01-31,0.0,0.0,0.0
2010-02-01,0.0,2.1,3.2
2010-02-02,0.0,0.4,0.0
2010-02-03,0.0,0.0,0.0
2010-02-04,0.0,0.0,0.0
2010-02-05,17.0,0.0,0.0
2010-02-06,0.0,0.0,0.0
2010-02-07,2.0,9.6,8.3
2010-02-08,6.0,0.8,0.0
2010-02-09,0.0,0.0,0.0
2010-02-10,0.0,0.1,0.0
2010-02-12,0.0,0.3,0.0
2010-02-13,1.0,0.1,0.0
2010-02-16,0.0,0.0,0.0
2010-02-17,0.0,0.0,0.0
2010-02-18,0.0,0.0,0.0
2010-02-19,6.0,2.0,2.7
2010-02-20,28.0,19.7,13.8
2010-02-22,0.0,2.0,3.9
2010-02-23,1.0,2.8,4.6
2010-02-24,0.0,0.0,0.0
2010-02-26,0.0,0.2,0.0
2010-02-27,0.0,0.0,0.0
2010-03-01,0.0,0.0,0.0
2010-03-02,1.0,0.0,0.0
2010-03-04,8.0,3.6,4.7
2010-03-06,11.0,11.6,8.9
2010-03-07,6.0,31.6,17.8
2010-03-08,0.0,0.9,0.0
2010-03-09,6.0,0.9,0.0
2010-03-10,18.0,0.3,0.0
2010-03-11,0.0,0.0,0.0
2010-03-12,0.0,0.0,0.0
2010-03-13,0.0,0.0,0.0
2010-03-15,0.0,0.0,0.0
2010-03-16,0.0,4.0,5.6
2010-03-17,50.0,2.7,4.6
2010-03-18,8.0,15.9,14.0
2010-03-19,4.0,13.3,12.0
2010-03-20,18.0,57.2,38.9
2010-03-21,8.0,28.6,18.6
2010-03-23,31.0,0.0,0.0
2010-03-25,0.0,0.0,0.0
2010-03-26,0.0,15.9,13.1
2010-03-27,0.0,2.8,4.0
2010-03-28,0.0,1.4,3.0
2010-03-29,0.0,10.0,9.1
2010-03-30,4.0,2.6,3.9
2010-03-31,7.0,2.2,3.5
2010-04-01,4.0,5.1,5.5
2010-04-02,0.0,0.3,0.0
2010-04-04,0.0,0.3,0.0
2010-04-05,0.0,1.3,2.6
2010-04-07,0.0,0.2,0.0
2010-04-09,0.0,0.0,0.0
2010-04-10,0.0,0.0,0.0
2010-04-11,0.0,0.0,0.0
2010-04-13,0.0,0.0,0.0
2010-04-14,0.0,0.0,0.0
2010-04-15,6.0,19.8,18.8
2010-04-16,0.0,1.1,2.5
2010-04-17,8.0,12.5,12.5
2010-04-18,6.0,14.1,14.3
2010-04-19,3.0,9.1,9.6
2010-04-20,98.0,40.8,41.8
2010-04-21,21.0,4.5,5.6
2010-04-22,3.0,15.0,16.7
2010-04-23,0.0,0.3,0.0
2010-04-24,0.0,0.0,0.0
2010-04-25,0.0,0.0,0.0
2010-04-26,0.0,0.0,0.0
2010-04-27,0.0,0.1,0.0
2010-04-28,10.0,24.9,28.0
2010-04-29,2.0,17.5,19.6
2010-04-30,1.0,2.7,3.8
2010-05-01,25.0,9.1,9.4
2010-05-02,2.0,0.1,0.0
2010-05-03,5.0,8.3,8.6
2010-05-04,48.0,8.6,8.9
2010-05-05,7.0,6.7,7.2
2010-05-07,13.0,16.1,15.6
2010-05-08,84.0,73.2,73.6
2010-05-09,12.0,24.8,23.9
2010-05-10,31.0,17.3,16.6
2010-05-11,21.0,14.3,14.5
2010-05-12,0.0,2.2,3.7
2010-05-13,16.0,10.6,11.4
2010-05-14,19.0,6.1,7.5
2010-05-16,62.0,23.2,21.9
2010-05-17,21.0,20.7,19.4
2010-05-18,46.0,10.7,11.5
2010-05-19,7.0,14.0,14.3
2010-05-20,4.0,3.6,5.2
2010-05-21,2.0,0.9,0.0
2010-05-22,5.0,0.0,0.0
2010-05-23,12.0,1.3,3.0
2010-05-24,1.0,1.4,3.1
2010-05-25,0.0,0.0,0.0
2010-05-26,1.0,0.0,0.0
2010-05-28,9.0,3.8,5.8
2010-05-29,0.0,3.6,5.6
2010-05-30,12.0,35.3,34.2
2010-05-31,10.0,11.7,13.4
2010-06-02,16.0,29.7,31.7
2010-06-03,0.0,0.0,0.0
2010-06-04,51.0,16.0,16.6
2010-06-05,23.0,34.8,38.7
2010-06-07,4.0,3.3,3.9
2010-06-08,20.0,1.4,2.0
2010-06-09,7.0,3.0,3.6
2010-06-10,4.0,16.0,16.1
2010-06-11,18.0,2.3,5.6
2010-06-12,37.0,10.6,13.1
2010-06-13,3.0,2.8,6.1
2010-06-15,22.0,2.3,5.6
2010-06-16,3.0,1.2,4.5
2010-06-17,12.0,3.2,6.5
2010-06-18,1.0,1.5,4.7
2010-06-19,0.0,0.0,0.0
2010-06-20,5.0,1.8,5.1
2010-06-21,18.0,4.7,7.7
2010-06-22,1.0,0.5,0.0
2010-06-23,0.0,0.3,0.0
2010-06-25,1.0,0.1,0.0
2010-06-26,2.0,2.1,5.0
2010-06-27,17.0,4.1,7.1
2010-06-28,24.0,6.9,9.9
2010-06-29,0.0,1.2,3.8
2010-07-01,3.0,0.2,0.0
2010-07-03,0.0,1.3,4.8
2010-07-04,2.0,1.5,5.2
2010-07-05,0.0,0.6,0.0
2010-07-06,0.0,0.0,0.0
2010-07-07,0.0,6.7,11.3
2010-07-08,1.0,3.4,7.4
2010-07-09,0.0,1.0,4.5
2010-07-10,1.0,1.3,4.9
2010-07-11,19.0,11.5,19.3
2010-07-12,13.0,17.4,30.0
2010-07-14,8.0,3.0,5.6
2010-07-15,2.0,3.5,6.4
2010-07-17,2.0,3.0,5.6
2010-07-18,14.0,2.3,4.4
2010-07-19,5.0,22.0,40.4
2010-07-20,134.0,7.6,13.6
2010-07-21,0.0,7.9,14.6
2010-07-22,22.0,23.8,43.9
2010-07-23,3.0,2.9,7.9
2010-07-24,16.0,0.3,0.0
2010-07-25,0.0,0.0,0.0
2010-07-28,14.0,7.4,14.2
2010-07-29,4.0,2.6,7.5
2010-07-30,9.0,5.4,11.1
2010-08-01,0.0,2.4,6.0
2010-08-02,5.0,23.0,39.3
2010-08-03,5.0,11.3,20.5
2010-08-04,5.0,11.1,19.8
2010-08-05,0.0,0.3,0.0
2010-08-07,12.0,49.9,100.0
2010-08-08,78.0,89.1,130.2
2010-08-09,4.0,1.8,5.1
2010-08-10,0.0,0.5,0.0
2010-08-11,0.0,0.0,0.0
2010-08-13,1.0,0.0,0.0
2010-08-15,2.0,0.1,0.0
2010-08-16,15.0,30.5,76.6
2010-08-19,2.0,1.3,5.8
2010-08-20,30.0,0.8,5.0
2010-08-21,8.0,0.9,4.3
2010-08-22,4.0,0.9,4.5
2010-08-23,39.0,95.7,66.4
2010-08-24,0.0,2.3,6.7
2010-08-25,8.0,13.6,26.3
2010-08-26,0.0,0.0,0.0
2010-08-27,2.0,0.0,0.0
2010-08-28,21.0,3.6,8.9
2010-08-29,49.0,33.3,63.0
2010-08-30,1.0,2.3,6.6
2010-09-01,7.0,0.0,0.0
2010-09-02,0.0,0.0,0.0
2010-09-03,1.0,5.5,11.9
2010-09-04,0.0,0.0,0.0
2010-09-05,4.0,2.9,8.4
2010-09-06,13.0,0.1,0.0
2010-09-07,22.0,10.1,16.6
2010-09-08,4.0,5.6,12.2
2010-09-09,0.0,8.1,15.2
2010-09-10,4.0,2.7,8.1
2010-09-11,9.0,2.7,7.3
2010-09-12,1.0,12.1,20.7
2010-09-13,4.0,4.6,10.0
2010-09-14,10.0,0.1,0.0
2010-09-15,0.0,0.0,0.0
2010-09-16,24.0,1.2,5.1
2010-09-17,3.0,0.4,0.0
2010-09-18,0.0,5.8,11.2
2010-09-19,4.0,11.4,19.6
2010-09-20,8.0,0.1,0.0
2010-09-21,1.0,4.0,9.8
2010-09-22,2.0,19.5,42.5
2010-09-23,1.0,0.7,4.1
2010-09-24,11.0,11.9,26.4
2010-09-25,6.0,5.4,12.0
2010-09-26,1.0,1.5,5.7
2010-09-27,0.0,0.2,0.0
2010-09-28,1.0,1.2,5.2
2010-09-29,0.0,0.0,0.0
2010-09-30,3.0,2.6,7.9
2010-10-01,2.0,1.4,4.1
2010-10-02,2.0,1.2,3.9
2010-10-03,11.0,13.8,18.4
2010-10-04,11.0,3.1,6.6
2010-10-07,18.0,7.0,11.9
2010-10-08,3.0,10.7,16.1
2010-10-09,12.0,20.2,31.8
2010-10-10,0.0,4.2,8.3
2010-10-11,11.0,10.6,9.6
2010-10-12,2.0,2.3,4.3
2010-10-13,0.0,0.0,0.0
2010-10-14,0.0,0.0,0.0
2010-10-15,0.0,0.0,0.0
2010-10-16,0.0,0.0,0.0
2010-10-17,0.0,0.0,0.0
2010-10-18,0.0,0.0,0.0
2010-10-19,5.0,13.9,13.6
2010-10-20,5.0,17.5,17.5
2010-10-21,0.0,0.4,0.0
2010-10-22,16.0,11.3,11.8
2010-10-23,1.0,2.7,4.5
2010-10-24,1.0,5.8,7.4
2010-10-25,0.0,0.2,0.0
2010-10-26,5.0,2.0,3.8
2010-10-27,62.0,44.2,48.6
2010-10-28,12.0,11.9,12.5
2010-10-29,0.0,0.2,0.0
2010-10-30,0.0,0.2,0.0
2010-10-31,33.0,11.4,12.1
2010-11-01,4.0,1.7,2.5
2010-11-02,0.0,1.5,2.2
2010-11-03,13.0,8.1,11.4
2010-11-04,22.0,21.5,33.8
2010-11-05,63.0,7.3,10.3
2010-11-06,0.0,0.3,0.0
2010-11-07,0.0,0.1,0.0
2010-11-08,0.0,0.0,0.0
2010-11-09,0.0,0.0,0.0
2010-11-10,0.0,0.0,0.0
2010-11-11,6.0,1.1,0.0
2010-11-12,0.0,0.1,0.0
2010-11-13,0.0,0.0,0.0
2010-11-14,0.0,0.0,0.0
2010-11-15,6.0,10.9,9.0
2010-11-16,6.0,0.2,0.0
2010-11-17,22.0,28.2,21.8
2010-11-18,0.0,0.0,0.0
2010-11-19,0.0,0.1,0.0
2010-11-20,0.0,0.0,0.0
2010-11-21,0.0,0.3,0.0
2010-11-22,8.0,9.4,7.4
2010-11-25,0.0,0.9,0.0
2010-11-26,5.0,4.8,3.6
2010-11-27,5.0,7.7,5.8
2010-11-28,5.0,3.9,2.9
2010-11-29,2.0,23.6,21.7
2010-11-30,7.0,6.6,5.0
2010-12-01,0.0,1.7,1.1
2010-12-02,4.0,4.4,3.2
2010-12-03,4.0,3.3,2.4
2010-12-04,0.0,3.0,2.1
2010-12-05,0.0,0.5,0.0
2010-12-06,27.0,84.2,57.2
2010-12-07,51.0,13.5,10.0
2010-12-08,9.0,11.5,8.1
2010-12-10,0.0,1.1,0.0
2010-12-11,3.0,0.3,0.0
2010-12-12,41.0,42.7,25.8
2010-12-13,0.0,0.4,0.0
2010-12-14,49.0,61.1,39.6
2010-12-15,9.0,14.9,9.2
2010-12-17,0.0,0.0,0.0
2010-12-18,11.0,17.1,10.3
2010-12-22,11.0,10.6,6.5
2010-12-23,9.0,18.8,12.5
2010-12-24,16.0,13.0,8.1
2010-12-25,17.0,24.7,17.1
2010-12-27,0.0,1.3,0.0
2010-12-28,0.0,6.1,3.4
2010-12-29,11.0,38.0,27.5
2010-12-30,2.0,1.3,0.0
2010-12-31,8.0,70.6,58.0
2011-01-01,2.0,12.8,8.7
2011-01-02,0.0,0.0,0.0
2011-01-03,0.0,0.6,0.0
2011-01-04,1.0,0.0,0.0
2011-01-05,0.0,7.9,6.0
2011-01-06,9.0,1.0,0.0
2011-01-07,8.0,0.6,0.0
2011-01-08,0.0,0.0,0.0
2011-01-09,4.0,1.6,2.6
2011-01-10,0.0,0.0,0.0
2011-01-11,2.0,2.1,1.8
2011-01-12,10.0,20.2,15.5
2011-01-13,14.0,26.8,17.9
2011-01-14,3.0,4.0,3.3
2011-01-15,31.0,25.1,16.3
2011-01-16,4.0,17.2,13.4
2011-01-17,67.0,42.8,36.2
2011-01-18,0.0,0.4,0.0
2011-01-19,0.0,0.3,0.0
2011-01-20,0.0,0.0,0.0
2011-01-21,5.0,16.6,13.8
2011-01-22,2.0,5.3,5.9
2011-01-23,0.0,0.0,0.0
2011-01-24,11.0,0.1,0.0
2011-01-25,6.0,8.8,8.5
2011-01-26,0.0,1.6,2.9
2011-01-27,13.0,25.8,20.5
2011-01-28,0.0,0.0,0.0
2011-01-29,3.0,0.0,0.0
2011-01-30,1.0,7.0,7.2
2011-01-31,0.0,1.4,2.7
2011-02-01,0.0,1.0,0.0
2011-02-02,32.0,3.9,4.4
2011-02-03,45.0,7.8,7.1
2011-02-05,0.0,0.0,0.0
2011-02-06,3.0,0.7,0.0
2011-02-07,28.0,3.3,4.0
2011-02-09,2.0,0.5,0.0
2011-02-10,0.0,0.0,0.0
2011-02-11,6.0,0.0,0.0
2011-02-12,15.0,3.5,3.7
2011-02-13,34.0,21.2,12.9
2011-02-14,0.0,0.1,0.0
2011-02-15,0.0,0.0,0.0
2011-02-16,2.0,5.3,4.9
2011-02-17,7.0,1.4,0.0
2011-02-18,15.0,1.1,0.0
2011-02-20,0.0,2.1,2.8
2011-02-21,4.0,1.6,3.5
2011-02-22,38.0,73.6,71.7
2011-02-24,14.0,3.7,5.3
2011-02-25,0.0,0.1,0.0
2011-02-26,30.0,1.1,3.1
2011-02-28,0.0,10.6,10.9
2011-03-01,6.0,10.3,8.3
2011-03-02,8.0,37.2,21.2
2011-03-03,4.0,2.0,3.7
2011-03-04,0.0,0.1,0.0
2011-03-05,0.0,0.0,0.0
2011-03-06,1.0,0.7,0.0
2011-03-07,0.0,0.0,0.0
2011-03-08,0.0,1.1,0.0
2011-03-09,0.0,0.0,0.0
2011-03-10,0.0,0.0,0.0
2011-03-11,10.0,1.6,3.7
2011-03-12,0.0,0.0,0.0
2011-03-13,2.0,0.6,0.0
2011-03-15,27.0,24.1,21.0
2011-03-16,55.0,3.9,5.5
2011-03-17,45.0,2.6,4.5
2011-03-18,0.0,0.2,0.0
2011-03-19,5.0,23.4,20.3
2011-03-20,7.0,7.3,8.0
2011-03-22,6.0,4.3,5.1
2011-03-23,14.0,85.9,79.4
2011-03-24,6.0,24.2,15.5
2011-03-25,5.0,20.9,16.4
2011-03-26,9.0,7.1,7.1
2011-03-27,11.0,12.6,11.0
2011-03-28,8.0,3.7,4.7
2011-03-29,2.0,0.4,0.0
2011-03-30,8.0,5.4,5.9
2011-03-31,5.0,0.7,0.0
2011-04-01,2.0,2.8,3.8
2011-04-02,0.0,0.1,0.0
2011-04-03,0.0,0.0,0.0
2011-04-05,0.0,0.0,0.0
2011-04-06,0.0,17.1,14.2
2011-04-07,0.0,0.9,0.0
2011-04-08,6.0,24.2,17.9
2011-04-09,3.0,4.9,5.3
2011-04-10,4.0,1.2,0.0
2011-04-11,19.0,26.8,26.7
2011-04-12,0.0,0.2,0.0
2011-04-13,4.0,0.0,0.0
2011-04-15,44.0,0.0,0.0
2011-04-16,1.0,16.5,16.8
2011-04-17,1.0,0.1,0.0
2011-04-18,20.0,0.1,0.0
2011-04-19,0.0,0.3,0.0
2011-04-20,6.0,2.5,3.9
2011-04-21,1.0,22.3,24.7
2011-04-22,1.0,4.7,5.8
2011-04-23,0.0,1.4,2.4
2011-04-24,1.0,1.2,2.2
2011-04-25,1.0,1.5,2.5
2011-04-26,3.0,8.9,10.2
2011-04-27,1.0,0.8,0.0
2011-04-28,0.0,0.5,0.0
2011-04-29,57.0,23.0,25.5
2011-04-30,9.0,15.5,17.2
2011-05-01,30.0,83.1,82.1
2011-05-02,53.0,29.6,27.8
2011-05-04,0.0,7.3,7.7
2011-05-05,1.0,0.2,0.0
2011-05-06,0.0,1.7,2.5
2011-05-07,127.0,60.1,59.9
2011-05-10,0.0,0.3,0.0
2011-05-14,6.0,33.3,28.3
2011-05-15,23.0,37.4,31.5
2011-05-16,11.0,19.9,19.0
2011-05-17,1.0,2.6,4.2
2011-05-18,11.0,7.4,8.7
2011-05-19,31.0,10.9,11.7
2011-05-20,10.0,5.7,7.1
2011-05-21,9.0,5.2,7.2
2011-05-22,45.0,56.2,62.0
2011-05-23,22.0,9.5,11.4
2011-05-24,26.0,56.1,61.7
2011-05-25,75.0,29.1,28.1
2011-05-26,31.0,33.0,32.0
2011-05-27,62.0,109.8,153.2
2011-05-28,1.0,2.6,4.5
2011-05-30,11.0,2.4,4.3
2011-05-31,14.0,31.1,31.0
2011-06-02,0.0,0.1,0.0
2011-06-03,2.0,5.6,6.2
2011-06-04,3.0,1.3,1.8
2011-06-05,0.0,0.8,0.0
2011-06-06,0.0,0.1,0.0
2011-06-07,8.0,1.8,2.3
2011-06-08,12.0,8.4,8.9
2011-06-09,120.0,34.7,38.4
2011-06-10,120.0,24.0,23.7
2011-06-11,48.0,18.4,20.0
2011-06-12,2.0,0.7,0.0
2011-06-13,0.0,0.0,0.0
2011-06-14,0.0,0.0,0.0
2011-06-15,2.0,0.0,0.0
2011-06-17,5.0,0.4,0.0
2011-06-19,1.0,6.6,9.7
2011-06-20,2.0,0.0,0.0
2011-06-21,1.0,6.8,9.8
2011-06-22,37.0,14.0,16.4
2011-06-23,5.0,3.3,6.3
2011-06-25,20.0,5.8,8.8
2011-06-27,0.0,0.0,0.0
2011-06-28,0.0,2.3,5.2
2011-06-29,3.0,2.1,4.9
2011-06-30,4.0,0.8,0.0
2011-07-01,0.0,0.0,0.0
2011-07-02,0.0,0.0,0.0
2011-07-03,0.0,0.0,0.0
2011-07-05,3.0,9.1,13.7
2011-07-06,4.0,2.0,5.8
2011-07-07,3.0,1.1,4.6
2011-07-08,2.0,0.3,0.0
2011-07-10,0.0,0.0,0.0
2011-07-11,1.0,0.1,0.0
2011-07-14,0.0,0.0,0.0
2011-07-15,0.0,0.0,0.0
2011-07-16,0.0,0.0,0.0
2011-07-17,2.0,0.0,0.0
2011-07-19,1.0,4.8,8.5
2011-07-20,3.0,6.3,10.9
2011-07-22,0.0,0.3,0.0
2011-07-23,0.0,0.0,0.0
2011-07-25,1.0,1.3,5.5
2011-07-26,0.0,0.0,0.0
2011-07-27,1.0,0.0,0.0
2011-07-28,0.0,0.8,4.7
2011-07-29,28.0,7.4,14.5
2011-07-30,1.0,0.4,0.0
2011-08-01,2.0,1.7,5.0
2011-08-02,0.0,0.0,0.0
2011-08-05,0.0,0.0,0.0
2011-08-06,0.0,0.0,0.0
2011-08-07,12.0,0.0,0.0
2011-08-09,0.0,0.0,0.0
2011-08-10,0.0,0.4,0.0
2011-08-11,0.0,0.0,0.0
2011-08-12,0.0,0.7,4.6
2011-08-13,0.0,0.0,0.0
2011-08-15,1.0,0.9,5.1
2011-08-16,0.0,0.0,0.0
2011-08-17,0.0,0.0,0.0
2011-08-18,0.0,0.2,0.0
2011-08-19,1.0,0.1,0.0
2011-08-20,0.0,0.1,0.0
2011-08-22,0.0,0.0,0.0
2011-08-23,4.0,1.4,5.3
2011-08-24,0.0,2.8,7.2
2011-08-25,2.0,3.7,8.4
2011-08-26,0.0,0.0,0.0
2011-08-27,0.0,0.0,0.0
2011-08-28,0.0,0.0,0.0
2011-08-30,6.0,16.5,31.0
2011-08-31,9.0,4.0,9.5
2011-09-01,0.0,0.4,0.0
2011-09-02,1.0,0.0,0.0
2011-09-03,0.0,0.0,0.0
2011-09-04,0.0,0.0,0.0
2011-09-05,10.0,10.2,16.5
2011-09-06,6.0,3.9,9.8
2011-09-07,0.0,2.0,7.2
2011-09-08,0.0,1.2,5.8
2011-09-09,5.0,9.9,16.0
2011-09-10,0.0,0.0,0.0
2011-09-12,1.0,1.9,6.1
2011-09-13,2.0,0.8,4.4
2011-09-14,1.0,3.0,7.7
2011-09-15,0.0,0.3,0.0
2011-09-16,2.0,2.0,6.3
2011-09-17,29.0,0.0,0.0
2011-09-18,0.0,0.0,0.0
2011-09-19,0.0,1.0,4.7
2011-09-20,0.0,0.0,0.0
2011-09-21,0.0,0.0,0.0
2011-09-22,0.0,0.0,0.0
2011-09-23,0.0,0.0,0.0
2011-09-24,1.0,0.0,0.0
2011-09-25,0.0,0.9,4.5
2011-09-26,0.0,0.0,0.0
2011-09-27,0.0,0.0,0.0
2011-09-28,0.0,0.0,0.0
2011-09-29,0.0,0.4,0.0
2011-09-30,0.0,0.0,0.0
2011-10-01,0.0,0.2,0.0
2011-10-02,0.0,0.0,0.0
2011-10-04,0.0,0.0,0.0
2011-10-05,0.0,0.0,0.0
2011-10-06,0.0,0.0,0.0
2011-10-07,0.0,0.0,0.0
2011-10-08,0.0,0.0,0.0
2011-10-09,0.0,0.0,0.0
2011-10-10,0.0,1.1,3.8
2011-10-11,0.0,0.0,0.0
2011-10-12,0.0,0.0,0.0
2011-10-13,0.0,0.0,0.0
2011-10-15,0.0,0.0,0.0
2011-10-16,8.0,2.2,4.2
2011-10-17,28.0,14.0,13.8
2011-10-18,0.0,0.2,0.0
2011-10-19,4.0,0.0,0.0
2011-10-20,0.0,0.6,0.0
2011-10-21,5.0,0.1,0.0
2011-10-22,2.0,1.0,2.8
2011-10-23,0.0,3.1,4.9
2011-10-24,19.0,4.5,6.2
2011-10-25,0.0,1.0,2.8
2011-10-26,1.0,0.3,0.0
2011-10-27,10.0,0.3,0.0
2011-10-28,0.0,0.7,0.0
2011-10-29,23.0,31.0,33.5
2011-10-30,2.0,0.0,0.0
2011-10-31,0.0,0.4,0.0
2011-11-01,7.0,0.1,0.0
2011-11-03,1.0,0.2,0.0
2011-11-04,5.0,8.9,12.1
2011-11-05,3.0,22.4,36.6
2011-11-06,2.0,12.9,16.6
2011-11-07,0.0,0.1,0.0
2011-11-08,4.0,0.0,0.0
2011-11-09,0.0,0.0,0.0
2011-11-10,0.0,0.0,0.0
2011-11-11,0.0,0.0,0.0
2011-11-12,0.0,0.0,0.0
2011-11-13,6.0,0.0,0.0
2011-11-14,0.0,0.0,0.0
2011-11-15,1.0,0.0,0.0
2011-11-16,21.0,0.4,0.0
2011-11-18,0.0,0.0,0.0
2011-11-19,0.0,0.0,0.0
2011-11-20,0.0,0.0,0.0
2011-11-22,0.0,0.0,0.0
2011-11-23,0.0,0.1,0.0
2011-11-24,2.0,2.2,1.5
2011-11-25,0.0,3.6,2.7
2011-11-26,1.0,2.3,1.6
2011-11-27,0.0,0.4,0.0
2011-11-28,6.0,3.1,2.3
2011-11-29,44.0,8.7,6.8
2011-11-30,0.0,0.2,0.0
2011-12-01,15.0,0.2,0.0
2011-12-02,0.0,3.5,2.5
2011-12-03,19.0,11.5,8.0
2011-12-04,59.0,63.1,52.6
2011-12-05,15.0,27.3,21.8
2011-12-06,22.0,43.3,34.5
2011-12-07,29.0,31.1,24.6
2011-12-08,3.0,2.3,1.6
2011-12-09,12.0,10.0,7.0
2011-12-11,0.0,0.3,0.0
2011-12-12,0.0,0.0,0.0
2011-12-14,4.0,9.9,6.4
2011-12-15,12.0,1.7,0.0
2011-12-16,1.0,1.7,1.6
2011-12-17,42.0,8.5,5.6
2011-12-18,38.0,2.7,2.2
2011-12-19,0.0,0.0,0.0
2011-12-20,3.0,2.2,2.0
2011-12-21,7.0,16.4,10.3
2011-12-22,4.0,5.5,3.0
2011-12-23,0.0,2.7,1.1
2011-12-24,9.0,26.7,18.6
2011-12-25,17.0,4.6,2.4
2011-12-27,1.0,2.3,1.0
2011-12-28,0.0,0.0,0.0
2011-12-30,0.0,3.8,1.9
2011-12-31,12.0,37.9,27.7
2012-01-01,1.0,0.9,0.0
2012-01-02,3.0,1.9,2.7
2012-01-03,14.0,3.7,3.7
2012-01-04,1.0,6.5,5.2
2012-01-05,0.0,0.3,0.0
2012-01-06,3.0,0.2,0.0
2012-01-07,22.0,22.9,14.1
2012-01-08,0.0,0.1,0.0
2012-01-09,0.0,0.8,0.0
2012-01-10,0.0,0.1,0.0
2012-01-11,0.0,0.0,0.0
2012-01-12,21.0,42.7,35.7
2012-01-13,4.0,4.0,3.3
2012-01-14,1.0,0.0,0.0
2012-01-15,17.0,24.4,16.3
2012-01-16,6.0,7.8,6.2
2012-01-17,0.0,0.3,0.0
2012-01-18,0.0,0.5,0.0
2012-01-19,2.0,0.7,0.0
2012-01-20,0.0,0.0,0.0
2012-01-21,6.0,2.0,3.2
2012-01-22,4.0,2.2,3.4
2012-01-23,1.0,1.7,3.0
2012-01-24,19.0,9.5,9.2
2012-01-25,1.0,1.6,2.9
2012-01-26,0.0,0.0,0.0
2012-01-27,0.0,0.0,0.0
2012-01-28,3.0,0.0,0.0
2012-01-29,0.0,0.0,0.0
2012-01-30,0.0,0.0,0.0
2012-01-31,0.0,0.0,0.0
2012-02-01,6.0,24.1,16.2
2012-02-02,1.0,1.9,3.1
2012-02-03,0.0,0.2,0.0
2012-02-04,2.0,0.2,0.0
2012-02-05,0.0,0.0,0.0
2012-02-06,0.0,0.0,0.0
2012-02-07,13.0,11.0,9.2
2012-02-08,0.0,3.0,3.8
2012-02-09,5.0,4.6,4.9
2012-02-10,0.0,7.3,6.7
2012-02-11,37.0,32.3,22.5
2012-02-12,0.0,27.9,18.6
2012-02-13,5.0,0.8,0.0
2012-02-14,0.0,0.4,0.0
2012-02-16,0.0,2.1,2.8
2012-02-17,10.0,0.3,0.0
2012-02-18,13.0,0.6,0.0
2012-02-19,4.0,0.2,0.0
2012-02-20,2.0,8.2,6.6
2012-02-22,0.0,0.0,0.0
2012-02-23,1.0,0.5,0.0
2012-02-24,0.0,0.0,0.0
2012-02-25,0.0,0.0,0.0
2012-02-26,0.0,0.1,0.0
2012-02-27,15.0,3.9,5.5
2012-02-28,0.0,1.4,3.3
2012-02-29,4.0,2.5,4.3
2012-03-01,0.0,0.3,0.0
2012-03-02,21.0,0.0,0.0
2012-03-03,0.0,0.0,0.0
2012-03-04,18.0,4.3,5.1
2012-03-05,23.0,24.5,15.5
2012-03-06,34.0,36.5,22.1
2012-03-07,8.0,56.0,32.7
2012-03-08,8.0,13.8,10.2
2012-03-09,38.0,12.3,9.6
2012-03-10,112.0,69.0,41.1
2012-03-11,20.0,13.1,12.3
2012-03-12,36.0,8.7,9.7
2012-03-14,0.0,0.0,0.0
2012-03-15,0.0,0.1,0.0
2012-03-17,18.0,33.1,27.3
2012-03-18,8.0,9.2,9.5
2012-03-19,95.0,62.8,41.2
2012-03-20,15.0,17.6,15.2
2012-03-21,6.0,0.6,0.0
2012-03-23,12.0,10.2,9.2
2012-03-24,0.0,0.1,0.0
2012-03-25,0.0,0.1,0.0
2012-03-26,0.0,0.0,0.0
2012-03-27,0.0,0.0,0.0
2012-03-28,0.0,0.0,0.0
2012-03-29,9.0,7.2,7.1
2012-03-30,0.0,0.0,0.0
2012-03-31,0.0,0.0,0.0
2012-04-01,0.0,0.0,0.0
2012-04-03,0.0,0.2,0.0
2012-04-04,0.0,0.8,0.0
2012-04-05,0.0,0.0,0.0
2012-04-06,4.0,0.2,0.0
2012-04-07,0.0,0.1,0.0
2012-04-08,0.0,0.0,0.0
2012-04-10,0.0,0.0,0.0
2012-04-11,44.0,1.6,3.1
2012-04-12,0.0,0.1,0.0
2012-04-13,4.0,0.9,0.0
2012-04-14,0.0,0.2,0.0
2012-04-15,1.0,0.1,0.0
2012-04-16,2.0,1.1,2.6
2012-04-17,19.0,0.2,0.0
2012-04-18,11.0,0.1,0.0
2012-04-19,0.0,1.4,2.9
2012-04-20,0.0,0.2,0.0
2012-04-21,0.0,1.1,2.1
2012-04-22,38.0,16.9,18.9
2012-04-23,0.0,0.2,0.0
2012-04-24,0.0,0.4,0.0
2012-04-25,0.0,0.6,0.0
2012-04-26,56.0,8.3,9.6
2012-04-27,1.0,0.9,1.9
2012-04-28,3.0,1.3,2.2
2012-04-29,17.0,10.1,11.5
2012-05-01,4.0,5.0,5.6
2012-05-02,4.0,5.1,5.7
2012-05-03,58.0,2.1,2.9
2012-05-04,2.0,45.1,44.6
2012-05-05,1.0,7.9,8.3
2012-05-06,6.0,0.5,0.0
2012-05-07,0.0,5.1,5.8
2012-05-08,0.0,0.3,0.0
2012-05-09,0.0,4.2,4.9
2012-05-10,0.0,0.3,0.0
2012-05-11,0.0,0.0,0.0
2012-05-12,0.0,0.0,0.0
2012-05-13,0.0,0.0,0.0
2012-05-14,11.0,0.1,0.0
2012-05-15,39.0,25.2,23.2
2012-05-17,14.0,7.5,8.7
2012-05-18,8.0,4.0,5.6
2012-05-19,3.0,1.6,3.1
2012-05-20,3.0,1.9,3.5
2012-05-21,75.0,228.0,152.9
2012-05-22,65.0,62.0,71.7
2012-05-23,52.0,25.7,25.0
2012-05-24,0.0,1.3,3.0
2012-05-25,138.0,66.8,80.5
2012-05-26,17.0,18.0,19.6
2012-05-27,272.0,174.1,152.5
2012-05-28,54.0,39.5,38.6
2012-05-29,77.0,63.2,73.9
2012-05-30,1.0,5.1,7.2
2012-05-31,5.0,0.8,0.0
2012-06-01,3.0,2.6,3.2
2012-06-03,7.0,7.1,7.7
2012-06-04,1.0,0.4,0.0
2012-06-06,1.0,3.4,4.1
2012-06-07,5.0,9.4,9.9
2012-06-08,23.0,12.1,12.4
2012-06-09,5.0,12.3,12.6
2012-06-10,0.0,0.0,0.0
2012-06-11,0.0,0.0,0.0
2012-06-12,0.0,0.6,0.0
2012-06-13,0.0,0.7,0.0
2012-06-14,0.0,0.0,0.0
2012-06-15,0.0,0.0,0.0
2012-06-16,1.0,0.0,0.0
2012-06-17,5.0,0.2,0.0
2012-06-18,0.0,1.6,4.9
2012-06-19,8.0,3.5,6.9
2012-06-20,1.0,12.0,14.7
2012-06-21,0.0,5.6,8.6
2012-06-22,5.0,4.0,7.0
2012-06-23,7.0,5.9,8.9
2012-06-24,32.0,30.9,38.4
2012-06-25,3.0,12.1,15.3
2012-06-26,86.0,20.6,25.2
2012-06-27,7.0,3.4,6.4
2012-06-28,4.0,2.1,4.9
2012-06-29,1.0,4.9,8.0
2012-06-30,42.0,3.5,6.5
2012-07-01,1.0,0.0,0.0
2012-07-03,3.0,4.3,8.5
2012-07-04,2.0,3.5,7.6
2012-07-05,3.0,7.1,11.6
2012-07-06,4.0,2.9,6.9
2012-07-07,20.0,22.5,29.7
2012-07-08,20.0,4.7,8.9
2012-07-09,5.0,1.3,4.9
2012-07-11,1.0,1.2,2.6
2012-07-12,0.0,0.0,0.0
2012-07-13,0.0,0.0,0.0
2012-07-14,1.0,0.9,2.2
2012-07-15,2.0,4.6,8.2
2012-07-16,35.0,23.1,44.0
2012-07-17,10.0,6.3,10.8
2012-07-18,1.0,0.6,1.7
2012-07-19,8.0,10.4,17.7
2012-07-20,1.0,1.6,3.4
2012-07-21,1.0,7.5,14.5
2012-07-22,3.0,13.6,28.8
2012-07-23,6.0,4.9,10.7
2012-07-24,0.0,0.0,0.0
2012-07-26,0.0,0.1,0.0
2012-07-27,0.0,0.0,0.0
2012-07-28,1.0,0.5,0.0
2012-07-29,23.0,7.1,14.0
2012-07-30,12.0,12.2,26.8
2012-07-31,18.0,19.9,40.8
2012-08-01,152.0,217.5,131.0
2012-08-02,27.0,36.3,66.2
2012-08-06,4.0,3.1,7.0
2012-08-07,6.0,4.8,9.2
2012-08-08,34.0,9.3,14.9
2012-08-09,22.0,6.4,11.6
2012-08-11,1.0,0.0,0.0
2012-08-13,1.0,2.8,8.7
2012-08-17,0.0,0.3,0.0
2012-08-20,0.0,0.0,0.0
2012-08-21,0.0,1.4,5.2
2012-08-22,0.0,0.1,0.0
2012-08-23,0.0,0.1,0.0
2012-08-25,7.0,5.8,11.7
2012-08-26,0.0,0.0,0.0
2012-08-27,5.0,0.5,0.0
2012-08-29,0.0,0.0,0.0
2012-08-30,0.0,0.0,0.0
2012-09-01,1.0,0.0,0.0
2012-09-03,6.0,9.4,17.0
2012-09-04,0.0,0.3,0.0
2012-09-05,0.0,0.0,0.0
2012-09-06,0.0,0.0,0.0
2012-09-07,0.0,0.0,0.0
2012-09-08,0.0,0.0,0.0
2012-09-09,0.0,0.0,0.0
2012-09-10,0.0,6.2,12.9
2012-09-11,3.0,6.7,12.4
2012-09-12,29.0,8.5,14.3
2012-09-13,8.0,3.1,7.8
2012-09-14,4.0,8.8,14.7
2012-09-16,0.0,0.1,0.0
2012-09-17,0.0,0.0,0.0
2012-09-18,0.0,0.0,0.0
2012-09-19,0.0,0.0,0.0
2012-09-20,1.0,8.1,13.6
2012-09-21,0.0,0.0,0.0
2012-09-22,1.0,0.2,0.0
2012-09-23,0.0,0.1,0.0
2012-09-24,0.0,2.8,8.2
2012-09-25,2.0,10.8,23.3
2012-09-26,0.0,0.0,0.0
2012-09-27,0.0,0.2,0.0
2012-09-28,0.0,0.0,0.0
2012-09-29,0.0,1.9,6.5
2012-09-30,0.0,0.0,0.0
2012-10-03,0.0,0.0,0.0
2012-10-04,0.0,1.3,4.0
2012-10-05,1.0,6.7,11.2
2012-10-06,0.0,0.0,0.0
2012-10-07,0.0,0.0,0.0
2012-10-08,0.0,0.0,0.0
2012-10-09,0.0,0.3,0.0
2012-10-10,0.0,0.0,0.0
2012-10-11,0.0,0.3,0.0
2012-10-12,1.0,0.3,0.0
2012-10-13,28.0,11.4,10.7
2012-10-14,39.0,6.1,7.7
2012-10-15,0.0,5.1,6.8
2012-10-16,68.0,3.7,5.8
2012-10-17,0.0,0.6,0.0
2012-10-19,0.0,0.0,0.0
2012-10-20,0.0,0.0,0.0
2012-10-21,0.0,0.1,0.0
2012-10-22,0.0,0.4,0.0
2012-10-23,0.0,0.0,0.0
2012-10-24,0.0,0.1,0.0
2012-10-25,13.0,9.7,10.5
2012-10-26,4.0,1.2,3.0
2012-10-27,0.0,0.9,0.0
2012-10-28,4.0,0.0,0.0
2012-10-29,1.0,1.2,3.0
2012-10-30,11.0,8.1,9.3
2012-10-31,1.0,17.4,17.3
2012-11-01,7.0,7.8,10.9
2012-11-03,0.0,0.1,0.0
2012-11-04,0.0,0.0,0.0
2012-11-06,0.0,1.2,1.8
2012-11-07,3.0,3.9,5.4
2012-11-08,0.0,0.0,0.0
2012-11-09,0.0,1.0,1.5
2012-11-10,5.0,4.4,6.0
2012-11-11,0.0,0.5,0.0
2012-11-12,0.0,0.4,0.0
2012-11-13,0.0,0.7,0.0
2012-11-14,0.0,2.8,3.8
2012-11-15,4.0,2.8,3.8
2012-11-16,4.0,2.0,3.3
2012-11-17,0.0,0.0,0.0
2012-11-18,0.0,0.0,0.0
2012-11-19,0.0,0.4,0.0
2012-11-20,0.0,0.0,0.0
2012-11-21,0.0,0.0,0.0
2012-11-22,0.0,0.1,0.0
2012-11-23,0.0,0.1,0.0
2012-11-24,11.0,15.3,11.3
2012-11-25,3.0,2.5,1.8
2012-11-26,0.0,0.6,0.0
2012-11-27,0.0,0.0,0.0
2012-11-28,0.0,0.0,0.0
2012-11-29,0.0,3.5,2.6
2012-11-30,5.0,0.3,0.0
2012-12-01,0.0,0.0,0.0
2012-12-03,0.0,0.0,0.0
2012-12-04,0.0,0.2,0.0
2012-12-05,33.0,48.8,39.3
2012-12-06,22.0,15.7,10.8
2012-12-07,0.0,1.4,0.0
2012-12-08,2.0,1.5,0.0
2012-12-09,0.0,0.4,0.0
2012-12-10,0.0,0.3,0.0
2012-12-11,24.0,24.5,14.2
2012-12-12,4.0,1.8,1.7
2012-12-13,74.0,9.8,6.4
2012-12-14,10.0,2.9,2.4
2012-12-15,21.0,5.6,4.0
2012-12-16,0.0,1.0,0.0
2012-12-17,36.0,1.1,0.0
2012-12-18,10.0,8.1,5.4
2012-12-19,49.0,23.5,13.8
2012-12-20,5.0,18.8,11.3
2012-12-21,42.0,20.2,13.1
2012-12-22,3.0,21.6,13.9
2012-12-23,23.0,16.5,10.4
2012-12-24,25.0,43.3,32.3
2012-12-25,0.0,2.1,1.0
2012-12-26,0.0,0.7,0.0
2012-12-27,12.0,21.9,14.3
2012-12-28,6.0,7.1,4.1
2012-12-29,9.0,3.1,1.4
2012-12-30,0.0,0.9,0.0
2012-12-31,22.0,12.2,7.5
2013-01-01,28.8,19.1,12.5
2013-01-02,13.3,27.3,16.1
2013-01-03,11.5,22.5,13.9
2013-01-04,24.1,33.8,21.7
2013-01-05,34.5,35.6,23.6
2013-01-06,31.9,53.6,36.8
2013-01-07,15.8,12.2,8.4
2013-01-08,0.0,0.7,0.0
2013-01-09,0.0,0.8,0.0
2013-01-10,12.3,10.0,7.2
2013-01-11,19.4,26.8,18.0
2013-01-12,30.6,57.0,62.3
2013-01-13,78.7,52.5,52.7
2013-01-14,15.1,13.3,10.3
2013-01-15,8.1,3.0,2.5
2013-01-16,5.3,4.8,3.9
2013-01-20,0.0,0.1,0.0
2013-01-21,0.0,0.0,0.0
2013-01-22,0.0,0.4,0.0
2013-01-23,0.0,0.2,0.0
2013-01-24,12.8,0.8,0.0
2013-01-25,0.0,0.8,0.0
2013-01-26,0.0,1.2,2.6
2013-01-27,0.0,0.3,0.0
2013-01-28,0.0,4.0,4.9
2013-01-29,0.0,1.3,2.7
2013-01-30,14.7,1.3,2.6
2013-01-31,2.9,0.6,0.0
2013-10-28,0.0,2.4,4.2
2013-11-01,0.1,0.6,0.0
2013-11-03,3.5,11.0,14.1
2013-11-07,0.7,0.7,0.0
2013-11-08,0.7,4.3,6.0
2013-11-11,14.1,0.0,0.0
2013-11-15,30.0,0.5,0.0
2013-11-18,5.8,7.3,6.9
2013-11-20,6.4,2.0,3.2
2013-11-25,0.8,0.2,0.0
2013-11-30,1.1,1.3,0.0
2014-01-01,7.3,54.1,37.0
2014-01-02,74.9,28.5,17.3
2014-01-03,10.0,0.3,0.0
2014-01-04,0.2,12.2,8.4
2014-01-05,2.8,0.0,0.0
2014-01-08,5.8,25.0,14.2
2014-01-09,8.7,13.0,8.8
2014-01-10,0.1,0.3,0.0
2014-01-11,4.9,0.1,0.0
2014-01-13,49.0,71.0,102.4
2014-01-14,53.1,0.1,0.0
2014-01-17,30.6,6.0,4.9
2014-01-18,8.3,2.1,1.8
2014-01-19,2.0,1.4,1.3
2014-01-21,42.9,12.0,11.0
2014-01-22,19.0,24.8,19.5
2014-01-23,55.1,9.1,8.7
2014-01-24,21.0,25.9,20.6
2014-01-25,54.4,28.2,22.5
2014-01-26,19.2,2.2,3.4
2014-01-28,2.0,1.6,2.9
2014-01-30,4.3,0.0,0.0
2014-02-07,14.5,0.3,0.0
2014-02-17,3.9,0.5,0.0
2014-03-17,0.4,1.6,3.6
2014-04-07,28.8,4.9,5.3
2014-07-01,4.8,0.5,0.0
2015-03-16,3.2,0.4,0.0
2015-04-01,0.7,6.0,6.1
2015-04-02,5.9,0.1,0.0
2015-04-03,0.0,1.4,2.6
2015-04-07,0.4,0.0,0.0
2015-04-10,4.8,0.1,0.0
2015-04-11,0.0,0.5,0.0
2015-04-13,20.7,26.3,25.9
2015-04-14,42.4,1.2,2.7
2015-04-15,1.2,40.8,41.1
2015-04-18,9.8,23.6,22.7
2015-04-19,15.7,1.5,2.9
2015-04-20,14.1,0.2,0.0
2015-04-25,41.8,7.2,8.4
2015-04-26,63.4,19.1,21.3
2015-04-27,1.5,5.6,6.8
2015-04-28,1.2,6.8,8.1
2015-04-29,3.8,15.7,17.3
2015-04-30,3.1,2.8,3.9
2015-05-03,15.3,1.9,2.7
2015-05-05,0.0,0.0,0.0
2015-05-06,11.2,0.0,0.0
2015-05-07,0.0,0.3,0.0
2015-05-08,2.8,0.1,0.0
2015-05-11,1.4,13.1,13.6
2015-05-12,29.7,4.6,6.1
2015-05-14,2.4,0.0,0.0
2015-05-18,0.0,0.0,0.0
2015-05-19,0.5,1.1,2.5
2015-05-20,0.0,1.6,3.2
2015-05-21,3.9,2.1,4.0
2015-05-22,0.8,0.0,0.0
2015-05-24,0.2,0.0,0.0
2015-05-26,0.3,9.5,11.4
2015-05-27,7.9,2.5,4.5
2015-05-28,1.7,0.1,0.0
2015-05-30,0.0,0.0,0.0
2015-06-03,12.9,14.7,14.9
2015-06-04,42.8,30.0,32.4
2015-06-06,3.3,2.0,2.6
2015-06-07,2.2,6.6,7.1
2015-06-08,12.3,4.6,5.2
2015-06-09,16.4,9.3,9.8
2015-06-10,0.1,3.4,4.0
2015-06-11,0.6,8.1,11.0
2015-06-12,3.0,1.9,5.2
2015-06-14,0.9,2.5,5.8
2015-06-16,0.0,1.3,4.5
2015-06-18,2.4,8.4,11.2
2015-06-19,5.6,10.7,13.2
2015-06-20,21.6,11.3,13.6
2015-06-21,11.5,14.5,17.3
2015-06-22,8.1,2.5,5.4
2015-06-24,2.1,1.1,3.8
2015-06-25,1.5,0.1,0.0
2015-06-26,0.4,0.0,0.0
2015-06-27,1.9,0.1,0.0
2015-06-30,1.5,7.4,10.5
2015-07-01,1.6,0.0,0.0
2015-07-04,1.8,0.2,0.0
2015-07-08,0.2,0.0,0.0
2015-07-10,0.0,0.0,0.0
2015-07-11,0.0,0.0,0.0
2015-07-14,0.1,4.8,8.4
2015-07-15,0.2,0.8,2.0
2015-07-17,0.1,0.1,0.0
2015-07-19,4.8,0.0,0.0
2015-07-20,0.1,1.5,3.2
2015-07-21,2.0,0.0,0.0
2015-07-22,0.2,1.5,5.8
2015-07-23,0.1,0.4,0.0
2015-07-24,1.9,0.3,0.0
2015-07-26,1.5,0.2,0.0
2015-07-28,0.0,5.2,10.8
2015-07-29,13.9,0.4,0.0
2015-07-31,0.8,0.0,0.0
2015-08-02,0.3,0.2,0.0
2015-08-03,1.6,0.0,0.0
2015-08-04,0.0,0.0,0.0
2015-08-08,0.2,1.6,4.9
2015-08-09,5.7,0.1,0.0
2015-08-21,0.2,1.0,4.7
2015-08-30,0.1,0.0,0.0
2015-08-31,0.0,1.0,4.5
2015-09-13,0.1,0.1,0.0
2015-10-16,2.0,0.1,0.0
2015-10-29,0.0,0.7,0.0
2015-11-09,15.7,0.1,0.0
2015-11-12,1.6,0.8,0.0
2015-11-15,0.7,3.3,4.2
2015-11-16,18.1,0.1,0.0
2015-11-20,16.1,2.5,3.6
2015-11-21,3.3,0.0,0.0
2015-11-26,17.6,45.8,41.0
2015-11-27,14.2,0.4,0.0
2015-11-29,0.2,3.1,2.3
2015-12-09,4.2,12.3,8.7
2015-12-10,16.8,0.1,0.0
2015-12-12,0.8,0.1,0.0
2015-12-14,20.0,1.5,0.0
2015-12-16,6.1,3.3,2.6
2015-12-17,6.5,0.4,0.0
2015-12-19,0.7,6.8,4.7
2015-12-20,0.9,33.4,19.5
2015-12-21,64.5,0.4,0.0
2015-12-23,10.0,0.4,0.0
2015-12-26,0.9,3.4,1.6
2015-12-31,0.0,2.0,1.0
2016-01-01,1.2,0.2,0.0
2016-01-03,1.7,0.0,0.0
2016-01-12,2.7,0.1,0.0
2016-01-13,9.9,0.1,0.0
2016-01-14,12.8,0.1,0.0
2016-01-15,0.6,0.1,0.0
2016-01-17,3.5,1.5,1.3
2016-01-18,5.3,0.0,0.0
2016-01-19,13.8,1.9,1.7
2016-01-20,61.1,16.0,12.2
2016-01-22,4.1,42.0,33.6
2016-01-23,65.1,16.2,13.8
2016-01-24,2.0,2.0,3.3
2016-02-04,0.1,33.6,24.6
2016-02-05,41.7,7.3,6.7
2016-02-06,3.1,2.0,3.1
2016-02-07,1.9,7.6,7.0
2016-02-08,22.5,0.9,0.0
2016-02-09,0.6,0.2,0.0
2016-02-11,93.6,26.1,17.0
2016-02-12,13.9,43.8,32.0
2016-02-13,29.8,5.8,5.2
2016-02-14,2.7,9.2,7.3
2016-02-15,27.6,0.3,0.0
2016-02-16,1.5,5.8,5.2
2016-02-17,12.0,2.4,3.0
2016-02-18,0.3,0.3,0.0
2016-02-20,4.2,0.9,0.0
2016-02-24,1.5,0.1,0.0
2016-02-28,5.2,0.6,0.0
2016-03-01,13.9,20.5,13.3
2016-03-02,14.7,3.3,4.5
2016-03-03,1.7,5.0,5.5
2016-03-04,12.5,6.2,6.1
2016-03-06,0.2,0.1,0.0
2016-03-08,10.1,5.9,6.0
2016-03-09,1.2,0.9,0.0
2016-03-11,41.4,2.4,4.3
2016-03-12,32.5,32.6,27.1
2016-03-13,13.8,42.8,32.6
2016-03-14,17.8,40.1,31.3
2016-03-15,23.4,16.2,13.9
2016-03-16,6.3,1.4,3.5
2016-03-18,9.7,6.5,7.5
2016-03-20,0.1,0.6,0.0
2016-03-21,2.1,0.2,0.0
2016-03-23,1.0,1.4,2.9
2016-03-25,74.3,26.3,17.5
2016-03-26,3.1,1.3,2.9
2016-03-27,6.4,3.1,4.3
2016-03-28,28.7,1.7,3.1
2016-03-29,1.2,11.8,10.3
2016-03-30,25.4,11.7,10.2
2016-03-31,2.1,71.4,61.4
2016-04-01,45.6,12.8,11.1
2016-04-02,18.7,9.4,8.7
2016-04-03,4.8,23.4,17.2
2016-04-04,37.7,18.3,15.5
2016-04-05,44.4,0.0,0.0
2016-04-07,0.4,2.7,3.6
2016-04-08,1.9,5.1,5.5
2016-04-09,5.6,6.8,6.7
2016-04-10,9.9,28.0,23.2
2016-04-11,10.6,9.5,10.0
2016-04-12,1.0,8.3,9.0
2016-04-13,1.4,14.0,14.1
2016-04-14,55.9,26.1,25.7
2016-04-15,19.0,73.3,64.5
2016-04-16,35.3,68.5,62.3
2016-04-17,38.7,19.6,18.2
2016-04-18,1.0,20.2,17.9
2016-04-19,34.8,0.7,0.0
2016-04-21,6.0,5.9,7.1
2016-04-22,1.3,8.8,10.2
2016-04-23,5.8,16.1,17.7
2016-04-24,20.3,8.7,10.1
2016-04-25,16.8,0.6,0.0
2016-04-26,11.7,3.0,4.0
2016-04-27,17.2,22.9,25.3
2016-04-28,28.6,28.9,31.4
2016-04-29,12.9,0.2,0.0
2016-05-01,0.7,0.5,0.0
2016-05-02,0.4,0.0,0.0
2016-05-04,1.6,0.0,0.0
2016-05-06,2.4,7.6,8.0
2016-05-07,7.0,6.8,7.3
2016-05-08,0.2,0.5,0.0
2016-05-10,1.0,28.9,26.6
2016-05-11,6.0,2.5,4.1
2016-05-12,13.4,1.4,2.9
2016-05-13,2.9,3.4,5.0
2016-05-14,12.4,4.0,5.6
2016-05-15,8.7,3.0,4.6
2016-05-16,8.7,0.0,0.0
2016-05-17,0.9,1.3,2.8
2016-05-19,32.3,67.0,61.3
2016-05-20,77.8,2.4,3.9
2016-05-21,0.1,0.7,0.0
2016-05-24,3.6,31.3,30.2
2016-05-25,39.5,0.2,0.0
2016-05-31,7.5,9.0,11.0
2016-06-01,31.3,2.8,3.4
2016-06-02,5.7,1.5,2.1
2016-06-04,0.5,2.1,2.7
2016-06-05,3.6,0.8,0.0
2016-06-11,5.3,4.3,7.6
2016-06-12,2.8,2.1,5.4
2016-06-13,0.4,4.8,8.1
2016-06-15,1.2,0.2,0.0
2016-06-16,2.8,1.1,4.4
2016-06-17,0.4,1.0,4.2
2016-06-18,0.7,0.4,0.0
2016-06-19,0.7,4.3,7.6
2016-06-20,6.3,6.8,9.8
2016-06-21,7.4,14.6,16.9
2016-06-22,18.9,111.6,106.1
2016-06-23,82.2,16.1,19.5
2016-06-24,3.9,30.6,37.2
2016-06-25,22.0,2.5,5.4
2016-06-27,3.3,17.8,21.7
2016-06-28,45.9,0.1,0.0
2016-06-29,0.1,11.4,14.6
2016-06-30,9.6,8.4,11.4
2016-07-01,10.9,1.9,5.7
2016-07-02,9.7,1.3,4.8
2016-07-03,2.0,2.0,5.8
2016-07-05,4.9,0.0,0.0
2016-07-07,3.0,1.0,4.5
2016-07-10,4.9,1.0,4.5
2016-07-11,0.9,3.1,5.8
2016-07-12,0.8,12.1,20.5
2016-07-15,0.1,6.4,11.0
2016-07-16,5.1,5.4,9.5
2016-07-17,4.0,1.1,2.5
2016-07-18,2.2,3.3,6.1
2016-07-19,0.5,0.6,1.6
2016-07-22,0.2,2.4,7.2
2016-07-23,0.1,13.2,28.0
2016-07-24,8.7,6.7,12.9
2016-07-25,9.5,0.1,0.0
2016-07-27,2.8,0.2,0.0
2016-07-29,33.1,43.2,69.1
2016-07-30,113.4,20.6,41.9
2016-07-31,31.6,5.9,13.0
2016-08-01,4.3,1.5,4.7
2016-08-02,1.5,0.9,3.7
2016-08-04,11.2,0.2,0.0
2016-08-05,3.0,0.0,0.0
2016-08-06,0.0,0.1,0.0
2016-08-08,7.2,3.9,8.2
2016-08-09,2.5,0.6,0.0
2016-08-10,1.7,0.2,0.0
2016-08-11,0.8,0.1,0.0
2016-08-12,0.0,0.1,0.0
2016-08-16,0.6,1.9,7.1
2016-08-19,0.0,0.2,0.0
2016-08-20,4.7,0.0,0.0
2016-08-22,0.0,0.0,0.0
2016-08-24,0.0,0.0,0.0
2016-08-30,0.0,1.1,4.7
2016-08-31,6.6,0.3,0.0
2016-09-01,0.7,1.1,5.6
2016-09-03,3.6,0.0,0.0
2016-09-05,36.4,14.9,24.6
2016-09-06,18.1,2.5,7.9
2016-09-07,7.5,3.8,9.7
2016-09-08,10.4,1.9,7.0
2016-09-10,5.7,5.6,12.2
2016-09-11,1.6,6.7,12.3
2016-09-12,1.8,4.1,9.2
2016-09-13,9.2,19.7,33.9
2016-09-14,18.5,66.4,58.3
2016-09-15,30.4,22.8,38.1
2016-09-16,1.4,0.8,4.4
2016-09-23,0.7,0.4,0.0
2016-09-24,0.2,0.6,3.9
2016-09-28,0.1,1.2,5.2
2016-09-30,10.0,0.7,4.2
2016-10-01,7.6,23.4,36.9
2016-10-02,17.0,1.3,4.1
2016-10-05,3.5,9.8,15.2
2016-10-06,11.8,5.9,10.3
2016-10-08,4.2,15.1,20.5
2016-10-09,23.2,52.6,77.6
2016-10-10,22.0,23.4,37.0
2016-10-11,5.5,26.8,26.8
2016-10-12,2.8,12.6,12.1
2016-10-13,0.2,0.1,0.0
2016-10-18,0.6,0.1,0.0
2016-10-19,2.5,0.7,0.0
2016-10-20,5.6,0.1,0.0
2016-10-22,0.7,6.6,8.2
2016-10-23,2.2,1.0,2.7
2016-10-24,2.7,2.1,3.9
2016-10-25,4.6,2.5,4.3
2016-10-26,0.4,3.1,4.9
2016-10-27,2.2,0.5,0.0
2016-10-28,0.2,0.7,0.0
2016-11-01,0.6,0.2,0.0
2016-11-03,0.8,0.1,0.0
2016-11-04,3.0,0.9,1.4
2016-11-07,27.6,2.2,3.2
2016-11-08,6.1,0.0,0.0
2016-11-16,10.0,1.1,0.0
2016-11-18,9.0,0.3,0.0
2016-11-20,1.7,3.2,4.1
2016-11-21,6.5,1.6,1.0
2016-11-22,6.7,19.4,17.4
2016-11-23,8.2,1.3,0.0
2016-11-30,7.9,4.5,3.4
2016-12-01,7.9,2.9,2.0
2016-12-02,1.4,15.4,10.6
2016-12-03,48.8,21.2,17.6
2016-12-04,16.2,22.6,18.3
2016-12-05,4.9,36.8,29.3
2016-12-06,21.9,7.2,5.2
2016-12-07,17.9,2.2,1.5
2016-12-09,9.7,1.1,0.0
2016-12-10,0.1,2.6,1.8
2016-12-11,4.5,0.9,0.0
2016-12-13,31.3,6.0,4.2
2016-12-14,0.6,4.8,3.5
2016-12-15,13.0,6.0,4.2
2016-12-16,13.3,42.6,25.7
2016-12-17,63.8,0.4,0.0
2016-12-19,0.5,0.6,0.0
2016-12-21,0.8,1.0,0.0
2016-12-22,1.5,23.1,14.9
2016-12-23,3.6,0.9,0.0
2016-12-26,1.8,2.9,1.2
2016-12-27,1.4,0.8,0.0
2016-12-29,4.4,1.9,1.0
2016-12-30,3.7,8.4,5.0
2016-12-31,0.8,6.4,3.7
2017-01-02,48.1,0.5,0.0
2017-01-03,1.6,1.8,2.7
2017-01-04,2.7,4.4,4.1
2017-01-05,21.3,5.7,4.8
2017-01-06,30.3,5.6,4.8
2017-01-07,6.6,0.9,0.0
2017-01-10,2.0,1.5,0.0
2017-01-11,29.4,2.0,1.7
2017-01-12,0.3,8.5,6.8
2017-01-15,13.1,0.1,0.0
2017-01-17,24.3,2.6,2.2
2017-01-18,20.2,13.1,10.1
2017-01-19,1.8,0.3,0.0
2017-01-22,57.7,0.0,0.0
2017-01-25,8.8,59.4,44.2
2017-01-26,41.2,22.6,17.3
2017-01-27,1.6,74.3,51.0
2017-01-28,36.8,31.7,25.5
2017-01-29,40.8,9.5,9.0
2017-01-30,8.1,66.9,48.0
2017-01-31,68.7,1.5,2.8
2017-02-02,5.8,1.6,2.8
2017-02-04,0.9,0.5,0.0
2017-02-09,1.4,20.4,12.7
2017-02-10,4.4,5.7,5.7
2017-02-11,14.4,30.5,20.6
2017-02-12,2.6,0.0,0.0
2017-02-14,0.4,14.9,10.4
2017-02-15,32.7,0.8,0.0
2017-02-18,12.9,3.6,3.8
2017-02-19,10.8,0.1,0.0
2017-02-21,52.8,2.8,4.6
2017-02-22,0.9,0.1,0.0
2017-02-23,0.6,0.0,0.0
2017-02-24,2.5,13.8,13.3
2017-02-25,7.4,7.1,8.1
2017-02-26,5.3,7.1,8.1
2017-02-27,28.0,21.1,17.0
2017-02-28,21.8,1.3,3.2
2017-03-02,16.9,14.4,10.4
2017-03-03,10.3,3.9,4.9
2017-03-04,3.2,1.0,0.0
2017-03-06,0.7,0.1,0.0
2017-03-08,0.8,9.4,7.8
2017-03-09,3.7,2.5,4.1
2017-03-10,2.9,0.4,0.0
2017-03-11,2.6,0.0,0.0
2017-03-13,7.5,52.0,37.4
2017-03-14,15.7,13.9,13.1
2017-03-15,12.7,0.3,0.0
2017-03-16,0.1,0.4,0.0
2017-03-19,0.6,1.6,3.6
2017-03-20,6.1,0.1,0.0
2017-03-23,5.4,46.8,34.8
2017-03-24,7.0,0.8,0.0
2017-03-25,1.8,10.4,9.3
2017-03-26,6.5,0.4,0.0
2017-03-28,1.5,3.3,4.4
2017-03-29,0.7,6.7,6.8
2017-03-30,0.2,0.3,0.0
2017-03-31,0.2,7.4,7.3
2017-04-01,30.7,11.0,9.8
2017-04-02,3.1,17.8,14.9
2017-04-03,1.7,4.4,4.9
2017-04-04,3.3,22.0,15.1
2017-04-05,21.2,72.0,61.3
2017-04-06,39.2,4.0,4.7
2017-04-07,7.6,1.1,0.0
2017-04-10,27.0,0.5,0.0
2017-04-11,0.1,7.6,8.4
2017-04-13,23.0,0.1,0.0
2017-04-17,3.3,0.6,0.0
2017-04-18,1.2,9.1,9.6
2017-04-19,2.8,0.0,0.0
2017-04-20,0.4,0.2,0.0
2017-04-22,0.1,11.6,13.1
2017-04-25,0.5,17.7,19.5
2017-04-26,32.7,10.2,11.6
2017-04-27,5.2,0.4,0.0
2017-05-01,2.2,31.7,28.4
2017-05-02,15.3,0.3,0.0
2017-05-03,4.0,6.1,6.7
2017-05-04,12.6,0.7,0.0
2017-05-05,2.4,0.0,0.0
2017-05-06,0.7,15.4,15.0
2017-05-07,15.7,57.2,56.5
2017-05-08,57.3,54.4,54.4
2017-05-09,113.0,47.0,47.1
2017-05-10,50.1,8.1,8.4
2017-05-11,2.1,29.1,24.8
2017-05-12,19.7,5.1,6.6
2017-05-13,3.3,20.3,19.6
2017-05-14,55.1,33.7,28.8
2017-05-15,59.4,48.1,41.0
2017-05-16,41.2,1.4,2.9
2017-05-17,1.1,3.0,4.6
2017-05-18,0.2,6.6,8.0
2017-05-19,3.2,62.5,55.9
2017-05-20,90.2,31.2,26.7
2017-05-21,9.1,4.9,6.9
2017-05-22,2.2,10.0,11.9
2017-05-23,2.2,8.5,10.5
2017-05-24,2.5,28.4,27.6
2017-05-25,22.5,60.5,68.7
2017-05-26,92.9,14.7,16.1
2017-05-27,53.2,2.6,4.5
2017-05-28,4.8,4.5,6.5
2017-05-29,1.6,10.5,12.4
2017-05-30,20.8,48.7,51.1
2017-05-31,30.1,34.1,33.0
2017-06-01,28.4,3.6,4.2
2017-06-03,14.1,13.4,13.7
2017-06-04,14.1,30.4,32.8
2017-06-05,69.5,13.6,13.9
2017-06-06,3.9,22.4,21.6
2017-06-08,16.1,7.5,8.0
2017-06-09,9.7,1.0,0.0
2017-06-11,1.9,6.7,9.8
2017-06-12,5.1,8.9,11.7
2017-06-13,34.2,42.5,44.8
2017-06-14,35.9,85.4,91.4
2017-06-15,94.9,8.7,11.5
2017-06-16,5.6,214.4,111.3
2017-06-17,272.0,52.4,54.9
2017-06-18,36.9,0.6,0.0
2017-06-19,0.3,0.7,0.0
2017-06-21,2.6,3.1,6.1
2017-06-22,13.3,42.2,53.2
2017-06-23,7.6,10.2,13.0
2017-06-24,20.5,9.2,12.1
2017-06-25,1.0,26.6,32.7
2017-06-26,4.9,14.7,17.2
2017-06-27,11.0,4.4,7.4
2017-06-28,7.4,92.5,105.9
2017-06-29,121.0,2.2,5.1
2017-06-30,6.0,10.0,12.9
2017-07-01,40.1,5.4,9.7
2017-07-02,14.4,0.7,4.1
2017-07-03,0.7,11.1,15.5
2017-07-04,3.5,0.1,0.0
2017-07-07,9.0,3.6,7.7
2017-07-08,5.4,10.7,15.2
2017-07-09,75.0,9.7,14.1
2017-07-10,92.3,2.7,6.6
2017-07-12,1.0,48.0,149.0
2017-07-13,56.0,4.2,7.6
2017-07-14,3.0,2.1,4.2
2017-07-15,6.8,4.1,7.4
2017-07-16,18.0,11.3,19.5
2017-07-17,29.0,4.6,8.1
2017-07-18,3.0,4.6,8.3
2017-07-19,5.0,16.7,29.2
2017-07-20,35.0,87.2,174.0
2017-07-21,63.6,28.7,51.7
2017-07-22,3.0,20.5,39.7
2017-07-23,27.0,107.4,81.0
2017-07-25,32.0,2.0,6.6
2017-07-26,2.0,6.0,12.7
2017-07-27,6.0,0.4,0.0
2017-07-31,0.3,0.1,0.0
2017-08-03,1.5,2.4,6.1
2017-08-05,0.1,0.3,0.0
2017-08-06,1.5,1.4,4.6
2017-08-07,1.7,0.1,0.0
2017-08-08,1.9,0.1,0.0
2017-08-10,6.6,10.8,18.1
2017-08-12,1.6,0.3,0.0
2017-08-13,0.5,17.3,39.8
2017-08-14,13.8,11.8,26.1
2017-08-15,6.3,1.3,5.9
2017-08-16,2.3,0.2,0.0
2017-08-18,9.4,3.9,11.4
2017-08-19,24.7,1.3,5.9
2017-08-20,0.5,15.6,35.4
2017-08-21,5.3,11.0,21.9
2017-08-22,7.5,0.3,0.0
2017-08-24,0.4,0.5,0.0
2017-08-25,0.2,0.3,0.0
2017-08-26,2.9,0.2,0.0
2017-08-28,4.4,0.1,0.0
2017-08-31,2.0,13.2,25.7
2017-09-01,12.7,0.1,0.0
2017-09-02,1.3,0.1,0.0
2017-09-04,0.6,0.0,0.0
2017-09-06,2.4,0.1,0.0
2017-09-08,0.1,1.4,6.2
2017-09-09,1.5,0.2,0.0
2017-09-10,0.1,1.3,6.1
2017-09-13,4.1,0.1,0.0
2017-09-15,11.6,6.1,11.4
2017-09-16,12.7,1.1,5.0
2017-09-18,1.0,0.5,0.0
2017-09-19,6.5,3.7,8.8
2017-09-20,3.2,6.6,12.1
2017-09-21,7.9,1.5,5.7
2017-09-22,29.4,2.3,7.3
2017-09-23,1.9,31.1,59.3
2017-09-24,72.1,1.4,5.5
2017-09-25,21.6,0.1,0.0
2017-09-30,1.0,0.2,0.0
2017-10-04,9.0,0.1,0.0
2017-10-08,0.8,0.7,3.1
2017-10-10,15.7,0.1,0.0
2017-10-12,3.5,2.6,4.7
2017-10-13,4.1,0.1,0.0
2017-10-22,4.5,0.5,0.0
2017-10-23,7.6,1.8,3.6
2017-11-02,9.2,0.0,0.0
2017-11-06,22.3,3.2,4.4
2017-11-10,0.5,8.0,11.1
2017-11-11,5.5,0.0,0.0
2017-11-15,1.0,0.8,0.0
2017-11-17,12.4,17.9,13.2
2017-11-18,43.7,0.8,0.0
2017-11-20,20.9,8.9,7.9
2017-11-21,12.1,11.2,8.5
2017-11-22,7.8,9.2,7.0
2017-11-23,2.1,4.3,3.3
2017-11-25,5.6,12.7,9.5
2017-11-26,2.1,69.9,48.2
2017-11-27,39.8,22.9,20.9
2017-11-28,21.5,41.7,38.7
2017-11-29,35.7,18.7,16.0
2017-11-30,1.6,2.0,1.4
2017-12-03,0.7,0.9,0.0
2017-12-06,0.2,4.8,3.4
2017-12-07,8.6,2.7,1.9
2017-12-08,8.5,2.8,2.0
2017-12-09,0.1,0.1,0.0
2017-12-10,2.4,0.1,0.0
2017-12-14,1.4,7.4,5.0
2017-12-15,1.7,4.9,3.6
2017-12-16,1.0,7.8,5.3
2017-12-17,25.3,3.3,2.6
2017-12-19,0.1,34.9,20.4
2017-12-20,51.3,63.5,41.5
2017-12-21,67.8,41.5,30.4
2017-12-22,40.3,22.3,14.2
2017-12-23,36.4,60.4,47.6
2017-12-27,4.5,2.7,1.1
2017-12-29,4.6,0.7,0.0
2017-12-30,0.9,0.7,0.0
2017-12-31,2.2,3.7,1.8
2018-01-01,3.5,0.1,0.0
2018-01-03,0.1,0.6,0.0
2018-01-04,0.4,0.2,0.0
2018-01-06,0.7,2.2,2.9
2018-01-08,3.2,9.4,6.8
2018-01-09,24.5,45.7,31.1
2018-01-10,21.7,2.4,3.0
2018-01-11,15.3,0.7,0.0
2018-01-13,6.5,56.7,61.8
2018-01-14,133.3,18.2,14.2
2018-01-15,1.7,35.4,26.4
2018-01-16,29.7,70.5,100.9
2018-01-17,66.6,28.7,19.7
2018-01-18,31.8,1.8,1.5
2018-01-21,39.8,12.6,11.2
2018-01-22,1.3,11.9,10.7
2018-01-23,7.6,0.6,0.0
2018-02-02,36.5,4.5,4.9
2018-02-04,1.0,2.4,3.4
2018-02-05,5.5,0.2,0.0
2018-02-06,2.1,0.0,0.0
2018-02-07,7.9,0.5,0.0
2018-02-08,2.1,4.7,5.0
2018-02-09,2.2,9.1,8.0
2018-02-10,3.4,6.3,6.1
2018-02-12,40.7,11.9,9.1
2018-02-13,20.2,8.5,6.8
2018-02-14,8.5,9.7,7.5
2018-02-15,15.0,0.3,0.0
2018-02-16,7.0,6.1,5.3
2018-02-17,3.8,0.3,0.0
2018-02-20,16.9,0.3,0.0
2018-02-22,0.7,0.0,0.0
2018-02-23,4.5,0.3,0.0
2018-02-24,10.6,0.1,0.0
2018-02-25,5.0,22.7,18.7
2018-02-26,9.1,7.7,8.6
2018-02-27,0.5,3.1,4.8
2018-02-28,0.5,0.5,0.0
2018-03-03,2.1,0.7,0.0
2018-03-04,0.6,1.2,0.0
2018-03-05,3.7,0.8,0.0
2018-03-06,0.4,19.2,12.4
2018-03-07,16.2,32.0,17.8
2018-03-08,9.6,4.4,5.2
2018-03-09,3.3,15.1,11.0
2018-03-10,19.2,0.1,0.0
2018-03-13,5.1,0.6,0.0
2018-03-14,4.8,6.3,7.4
2018-03-15,14.0,2.7,4.5
2018-03-16,0.5,1.2,3.3
2018-03-17,8.3,0.1,0.0
2018-03-20,0.0,2.2,4.1
2018-03-21,0.0,0.8,0.0
2018-03-22,1.7,0.4,0.0
2018-03-23,3.8,4.1,4.9
2018-03-24,7.0,0.2,0.0
2018-03-25,1.2,0.2,0.0
2018-03-26,0.0,0.1,0.0
2018-03-27,7.5,0.2,0.0
2018-03-29,1.0,0.2,0.0
2018-04-02,12.5,5.6,5.8
2018-04-03,9.5,18.5,15.2
2018-04-04,17.5,20.1,16.4
2018-04-05,30.5,0.0,0.0
2018-04-08,0.0,0.2,0.0
2018-04-11,9.6,0.5,0.0
2018-04-12,0.5,0.4,0.0
2018-04-14,0.1,3.4,4.7
2018-04-15,8.6,0.3,0.0
2018-04-16,0.5,25.6,25.0
2018-04-17,39.3,2.8,4.1
2018-04-19,0.5,0.2,0.0
2018-04-21,24.6,6.4,7.7
2018-04-22,5.2,71.6,86.0
2018-04-23,84.7,2.9,4.0
2018-04-24,1.6,2.6,3.7
2018-04-25,2.9,9.6,11.0
2018-04-26,3.6,3.6,4.7
2018-04-28,0.3,28.6,31.3
2018-04-29,2.0,23.7,26.4
2018-04-30,2.5,1.7,2.7
2018-05-01,0.0,0.2,0.0
2018-05-03,2.2,2.8,3.6
2018-05-04,6.2,0.7,0.0
2018-05-05,3.9,4.2,4.9
2018-05-06,3.8,7.9,8.3
2018-05-07,1.0,1.5,2.4
2018-05-08,5.6,5.6,6.2
2018-05-09,15.6,23.5,22.2
2018-05-10,21.1,6.3,6.8
2018-05-11,13.6,2.3,3.8
2018-05-12,6.4,2.4,4.0
2018-05-13,12.4,2.6,4.2
2018-05-14,0.0,3.0,4.6
2018-05-15,12.7,6.5,7.9
2018-05-16,0.6,106.6,113.6
2018-05-17,61.3,25.8,22.7
2018-05-18,15.2,65.3,59.3
2018-05-19,57.0,7.9,9.1
2018-05-20,15.8,16.2,16.2
2018-05-21,37.7,4.2,6.2
2018-05-22,31.5,11.6,13.3
2018-05-23,0.4,1.6,3.5
2018-05-24,1.4,5.3,7.4
2018-05-25,4.8,2.2,4.0
2018-05-26,4.3,2.1,4.0
2018-05-27,6.1,9.9,11.7
2018-05-28,53.9,27.7,26.9
2018-05-29,12.2,17.7,19.7
2018-05-30,29.3,6.3,8.3
2018-05-31,19.5,0.1,0.0
2018-06-02,30.0,0.1,0.0
2018-06-05,2.4,0.0,0.0
2018-06-06,0.0,0.0,0.0
2018-06-07,0.1,0.5,0.0
2018-06-08,0.3,5.4,6.0
2018-06-09,4.5,1.0,0.0
2018-06-10,1.4,1.3,1.9
2018-06-11,0.4,0.7,0.0
2018-06-14,0.3,0.1,0.0
2018-06-16,1.8,15.5,17.2
2018-06-17,29.0,3.3,6.6
2018-06-18,2.1,18.6,19.6
2018-06-19,1.4,0.4,0.0
2018-06-22,2.8,12.9,15.4
2018-06-23,17.0,2.3,5.2
2018-06-24,3.8,0.5,0.0
2018-06-25,0.9,0.7,0.0
2018-06-26,2.5,5.7,8.8
2018-06-27,6.5,12.7,15.4
2018-06-28,26.0,6.3,9.4
2018-06-29,2.2,0.8,0.0
2018-07-01,3.9,0.5,0.0
2018-07-03,17.7,1.6,5.2
2018-07-04,1.6,1.3,4.9
2018-07-05,3.4,1.6,5.3
2018-07-06,6.2,1.4,5.0
2018-07-07,1.7,1.0,4.4
2018-07-08,2.7,3.7,7.8
2018-07-09,9.5,0.1,0.0
2018-07-11,18.0,0.8,2.0
2018-07-12,1.0,0.6,1.7
2018-07-17,8.0,7.3,12.2
2018-07-18,2.3,5.1,9.0
2018-07-22,1.2,0.3,0.0
2018-07-25,2.0,0.5,0.0
2018-07-27,1.4,0.0,0.0
2018-07-29,0.0,0.2,0.0
2018-07-30,0.0,0.1,0.0
2018-07-31,0.0,0.1,0.0
2018-08-06,0.1,1.3,4.4
2018-08-07,1.8,1.8,5.2
2018-08-08,0.3,2.5,6.2
2018-08-09,1.1,1.4,4.5
2018-08-10,1.8,5.0,10.5
2018-08-13,1.0,0.6,4.5
2018-08-16,0.0,0.3,0.0
2018-08-21,0.0,0.0,0.0
2018-08-23,2.6,3.4,8.4
2018-08-25,0.0,0.5,0.0
2018-08-27,0.0,0.1,0.0
2018-08-29,0.0,0.0,0.0
2018-09-04,2.0,5.8,12.4
2018-09-05,14.0,0.0,0.0
2018-09-06,0.0,0.0,0.0
2018-09-07,0.0,0.0,0.0
2018-09-11,1.6,0.0,0.0
2018-09-14,64.0,27.1,42.8
2018-09-15,18.9,31.6,46.8
2018-09-16,8.0,0.8,4.4
2018-09-17,0.0,0.2,0.0
2018-09-19,1.0,0.0,0.0
2018-09-24,25.1,0.2,0.0
2018-09-30,0.0,0.0,0.0
2018-10-01,0.0,0.5,0.0
2018-10-03,27.3,0.6,3.0
2018-10-04,0.0,0.0,0.0
2018-10-05,0.2,1.1,3.8
2018-10-09,0.0,0.0,0.0
2018-10-17,0.0,0.1,0.0
2018-10-18,10.9,2.2,4.3
2018-10-19,36.6,0.0,0.0
2018-10-21,0.0,0.0,0.0
2018-10-25,0.0,0.0,0.0
2018-10-30,0.0,0.1,0.0
2018-10-31,0.0,0.1,0.0
2018-11-01,0.0,0.7,0.0
2018-11-02,1.5,1.1,1.6
2018-11-03,11.3,21.0,32.0
2018-11-05,0.9,0.0,0.0
2018-11-07,0.0,0.5,0.0
2018-11-08,3.4,0.3,0.0
2018-11-09,31.4,0.0,0.0
2018-11-13,3.5,0.1,0.0
2018-11-16,9.5,0.0,0.0
2018-11-22,0.1,3.8,2.9
2018-11-23,46.3,5.1,3.9
2018-11-24,28.5,2.1,1.4
2018-11-26,54.3,3.3,2.4
2018-11-27,0.2,60.9,48.1
2018-11-28,23.2,0.7,0.0
2018-11-29,5.5,0.9,0.0
2018-12-01,0.2,2.4,1.7
2018-12-03,7.0,2.3,1.5
2018-12-05,0.0,0.3,0.0
2018-12-06,0.0,1.1,0.0
2018-12-09,2.5,1.4,0.0
2018-12-11,0.0,0.8,0.0
2018-12-13,0.7,2.0,1.8
2018-12-15,0.3,13.3,8.3
2018-12-16,3.6,24.8,14.9
2018-12-18,60.5,4.7,3.5
2018-12-20,1.4,9.1,6.0
2018-12-21,0.2,45.4,34.1
2018-12-23,17.4,2.6,1.0
2018-12-24,18.4,0.9,0.0
2018-12-25,0.4,11.5,7.1
2018-12-26,1.9,33.1,23.6
2018-12-27,98.9,4.2,2.2
2018-12-28,0.7,23.3,14.9
2018-12-29,2.9,6.1,3.4
2018-12-30,3.9,0.4,0.0
2019-01-05,6.5,0.4,0.0
2019-01-08,0.0,0.5,0.0
2019-01-10,0.1,10.2,7.3
2019-01-11,22.3,1.6,1.4
2019-01-13,2.6,2.5,2.1
2019-01-16,8.9,5.7,4.6
2019-01-17,15.5,6.2,5.0
2019-01-18,11.4,3.2,2.7
2019-01-19,8.7,1.2,0.0
2019-01-21,11.0,1.2,2.6
2019-01-24,2.7,6.9,7.1
2019-01-27,12.2,1.8,3.0
2019-01-28,0.0,45.1,35.7
2019-01-29,36.9,54.0,41.3
2019-01-30,22.0,11.3,10.3
2019-01-31,5.8,1.0,0.0
2019-02-02,4.0,0.1,0.0
2019-02-09,0.2,1.1,0.0
2019-02-12,0.0,5.1,4.7
2019-02-14,21.1,4.0,4.0
2019-02-15,0.4,0.1,0.0
2019-02-19,0.3,0.4,0.0
2019-02-20,5.4,5.3,4.9
2019-02-22,16.7,0.4,0.0
2019-02-23,0.7,0.3,0.0
2019-02-25,3.5,1.3,3.2
2019-03-01,29.0,6.5,6.3
2019-03-02,4.4,1.2,0.0
2019-03-04,3.6,1.2,0.0
2019-03-05,11.9,2.2,3.9
2019-03-06,0.7,0.0,0.0
2019-03-09,13.8,107.3,58.8
2019-03-10,66.1,64.6,38.1
2019-03-11,16.5,9.9,9.9
2019-03-12,4.8,65.0,42.1
2019-03-13,92.2,33.1,27.4
2019-03-14,10.0,0.9,0.0
2019-03-16,0.0,0.2,0.0
2019-03-17,0.0,0.5,0.0
2019-03-18,1.3,0.2,0.0
2019-03-27,0.5,23.6,14.8
2019-03-28,19.0,1.7,3.2
2019-03-29,4.6,36.5,25.7
2019-03-30,13.4,1.7,3.1
2019-03-31,0.5,11.7,10.2
2019-04-01,18.4,2.2,3.3
2019-04-02,10.4,5.6,5.8
2019-04-03,24.9,12.1,10.6
2019-04-04,8.0,4.9,5.3
2019-04-05,7.2,0.4,0.0
2019-04-13,3.6,5.1,6.2
2019-04-14,22.2,11.2,11.5
2019-04-16,9.1,1.7,3.1
2019-04-18,2.8,0.1,0.0
2019-04-21,14.0,0.0,0.0
2019-04-22,1.4,6.5,7.7
2019-04-24,12.5,7.3,8.6
2019-04-25,3.0,17.4,19.8
2019-04-26,47.5,11.1,12.5
2019-04-27,13.7,9.5,10.8
2019-04-28,10.4,22.6,25.0
2019-04-29,37.2,42.1,46.5
2019-04-30,71.8,53.0,60.0
2019-05-01,12.6,4.1,4.8
2019-05-02,1.3,4.0,4.7
2019-05-03,19.8,3.1,3.9
2019-05-04,0.3,31.4,27.9
2019-05-05,13.9,20.0,19.0
2019-05-06,19.9,32.3,28.8
2019-05-07,50.5,3.5,4.3
2019-05-08,6.6,0.7,0.0
2019-05-09,0.4,0.0,0.0
2019-05-10,1.0,1.1,1.9
2019-05-11,2.2,0.1,0.0
2019-05-13,0.0,0.6,0.0
2019-05-15,5.0,0.9,0.0
2019-05-16,9.1,4.7,6.2
2019-05-17,1.6,0.2,0.0
2019-05-20,0.5,0.8,0.0
2019-05-21,1.3,4.5,6.5
2019-05-22,5.1,2.6,4.6
2019-05-23,0.7,14.7,16.1
2019-05-24,7.5,19.3,20.1
2019-05-25,7.5,0.3,0.0
2019-05-26,3.3,0.7,0.0
2019-05-27,2.2,7.6,9.6
2019-05-29,0.9,3.0,5.0
2019-05-30,1.3,4.4,6.5
2019-05-31,6.1,9.5,11.5
2019-06-01,8.2,7.2,7.8
2019-06-02,17.9,13.5,13.8
2019-06-03,49.7,18.6,19.1
2019-06-04,31.0,11.2,11.6
2019-06-05,59.7,27.4,28.7
2019-06-06,68.3,4.9,5.4
2019-06-07,0.1,5.8,6.3
2019-06-08,3.8,4.5,5.1
2019-06-09,4.5,1.8,2.4
2019-06-10,1.7,8.1,8.6
2019-06-11,13.9,0.8,0.0
2019-06-12,4.3,4.6,7.9
2019-06-13,2.8,3.5,6.8
2019-06-14,4.0,4.6,7.9
2019-06-23,9.5,3.9,6.9
2019-06-25,3.5,0.4,0.0
2019-06-29,1.0,12.3,15.1
2019-06-30,29.9,6.4,9.4
2019-07-01,10.6,2.0,5.8
2019-07-03,0.7,0.0,0.0
2019-07-05,0.4,0.0,0.0
2019-07-06,1.3,0.2,0.0
2019-07-07,0.1,0.0,0.0
2019-07-11,0.0,0.0,0.0
2019-07-13,0.0,0.0,0.0
2019-07-15,4.5,3.5,6.4
2019-07-16,3.3,1.8,3.6
2019-07-17,1.0,0.3,0.0
2019-07-23,0.0,0.0,0.0
2019-07-24,0.0,0.6,4.3
2019-07-30,0.8,2.8,7.7
2019-07-31,3.4,0.0,0.0
2019-08-01,3.3,1.0,3.9
2019-08-02,0.3,0.5,0.0
2019-08-03,2.3,0.6,3.2
2019-08-04,2.8,0.1,0.0
2019-08-06,18.2,3.2,7.1
2019-08-07,0.9,3.4,7.4
2019-08-08,1.9,0.1,0.0
2019-08-09,0.0,0.9,3.7
2019-08-10,1.2,1.3,4.3
2019-08-11,0.4,0.4,0.0
2019-08-12,0.0,0.1,0.0
2019-08-13,0.0,0.0,0.0
2019-08-14,0.0,1.1,5.5
2019-08-15,0.3,0.2,0.0
2019-08-18,0.5,0.1,0.0
2019-08-19,2.3,0.0,0.0
2019-08-20,0.0,0.2,0.0
2019-08-24,0.1,0.0,0.0
2019-09-03,0.0,3.0,8.5
2019-09-04,1.7,0.1,0.0
2019-09-06,0.0,0.1,0.0
2019-09-09,0.0,0.0,0.0
2019-09-10,0.0,0.0,0.0
2019-09-11,0.0,0.0,0.0
2019-09-15,6.3,0.5,0.0
2019-09-16,0.0,0.0,0.0
2019-09-20,0.3,0.0,0.0
2019-09-21,0.0,0.0,0.0
2019-09-22,0.0,0.0,0.0
2019-09-25,1.5,0.1,0.0
2019-09-26,1.4,0.9,4.4
2019-09-27,0.2,1.7,6.3
2019-09-28,2.8,0.0,0.0
2019-09-29,0.2,0.5,3.7
2019-09-30,6.9,0.1,0.0
2019-10-04,2.6,0.1,0.0
2019-10-05,0.2,0.3,0.0
2019-10-06,0.8,0.3,0.0
2019-10-07,0.2,0.9,3.5
2019-10-08,7.5,1.6,4.5
2019-10-09,0.7,0.0,0.0
2019-10-11,0.5,0.0,0.0
2019-10-15,1.3,0.2,0.0
2019-10-16,0.2,0.2,0.0
2019-10-18,0.0,0.0,0.0
2019-10-24,0.5,14.9,13.8
2019-10-25,10.0,0.0,0.0
2019-10-28,0.0,6.0,7.5
2019-10-29,0.9,19.7,20.0
2019-10-30,17.8,0.0,0.0
2019-11-02,0.0,0.0,0.0
2019-11-04,1.0,1.2,1.8
2019-11-05,0.0,0.5,0.0
2019-11-06,0.0,0.0,0.0
2019-11-09,0.0,8.8,11.9
2019-11-11,1.4,0.6,0.0
2019-11-14,0.0,0.5,0.0
2019-11-18,0.0,0.0,0.0
2019-11-19,0.0,0.2,0.0
2019-11-24,0.0,0.0,0.0
2019-11-25,0.0,0.9,0.0
2019-12-03,10.6,10.6,7.4
2019-12-04,7.5,1.2,0.0
2019-12-05,0.0,0.2,0.0
2019-12-10,27.8,15.7,10.7
2019-12-11,0.1,0.3,0.0
2019-12-13,0.0,40.8,24.5
2019-12-14,9.3,5.1,3.7
2019-12-15,1.0,1.2,0.0
2019-12-16,0.0,4.0,3.0
2019-12-18,12.3,3.0,2.4
2019-12-19,0.0,1.6,0.0
2019-12-20,16.0,4.9,3.6
2019-12-21,2.7,0.1,0.0
2019-12-22,0.3,3.5,1.7
2019-12-24,0.8,2.3,1.0
2019-12-25,5.2,3.9,2.0
2019-12-26,1.2,12.4,7.7
2019-12-28,60.0,48.2,36.1
2019-12-29,9.7,24.3,16.5
2019-12-30,37.7,0.0,0.0
2020-01-02,24.4,16.0,10.3
2020-01-03,7.3,35.2,23.1
2020-01-06,1.3,0.5,0.0
2020-01-08,1.9,2.0,2.8
2020-01-10,0.0,0.6,0.0
2020-01-12,21.2,22.2,14.2
2020-01-13,0.2,0.4,0.0
2020-01-14,0.0,0.1,0.0
2020-01-15,0.0,5.6,4.5
2020-01-16,5.4,4.6,3.8
2020-01-20,1.7,0.0,0.0
2020-01-22,0.0,0.5,0.0
2020-01-23,5.1,1.7,3.0
2020-01-24,1.5,1.2,2.6
2020-01-29,3.0,0.4,0.0
2020-01-30,1.2,3.3,4.3
2020-01-31,8.9,8.7,8.4
2020-02-01,0.5,1.3,2.6
2020-02-02,2.7,14.3,11.3
2020-02-03,13.6,4.8,5.1
2020-02-04,3.4,4.2,4.7
2020-02-06,22.0,27.2,19.1
2020-02-09,2.1,29.7,21.1
2020-02-10,74.2,2.6,3.6
2020-02-11,4.9,0.1,0.0
2020-02-14,1.4,1.1,0.0
2020-02-15,0.1,1.0,0.0
2020-02-16,0.0,2.6,3.1
2020-02-17,5.5,8.6,6.9
2020-02-18,4.7,0.4,0.0
2020-02-19,0.8,2.7,3.2
2020-02-20,14.6,5.0,4.7
2020-02-21,5.8,1.1,3.1
2020-02-23,7.2,5.8,7.1
2020-02-24,2.9,4.0,5.6
2020-02-25,4.2,2.1,4.0
2020-02-26,9.5,3.6,5.3
2020-02-29,0.0,0.7,0.0
2020-03-01,0.0,0.1,0.0
2020-03-02,22.8,1.4,0.0
2020-03-03,4.0,0.8,0.0
2020-03-05,51.3,33.1,18.7
2020-03-06,45.0,12.9,10.0
2020-03-07,7.2,26.0,16.5
2020-03-08,13.2,1.5,3.5
2020-03-15,22.2,17.7,15.5
2020-03-16,51.3,1.2,3.2
2020-03-17,0.5,0.4,0.0
2020-03-19,0.0,0.0,0.0
2020-03-22,0.6,16.4,14.0
2020-03-23,31.3,0.4,0.0
2020-03-24,0.0,0.4,0.0
2020-03-25,0.3,0.0,0.0
2020-03-26,0.0,0.0,0.0
2020-03-27,0.0,0.8,0.0
2020-03-28,0.0,1.7,3.1
2020-03-29,0.0,1.8,3.2
2020-03-30,6.7,5.9,6.3
2020-04-01,35.0,44.2,41.8
2020-04-02,14.4,51.1,47.1
2020-04-03,22.7,16.8,13.9
2020-04-04,4.8,15.7,13.6
2020-04-06,0.2,2.1,3.2
2020-04-08,27.3,32.0,28.2
2020-04-09,17.9,17.7,14.7
2020-04-11,0.2,1.0,0.0
2020-04-13,0.9,2.0,3.5
2020-04-15,22.0,2.0,3.4
2020-04-16,1.1,1.1,2.6
2020-04-17,0.0,0.2,0.0
2020-04-20,2.3,2.5,3.9
2020-04-21,17.0,0.6,0.0
2020-04-22,2.8,11.1,12.6
2020-04-24,36.6,0.5,0.0
2020-04-25,3.0,33.0,35.9
2020-04-26,73.0,15.5,17.2
2020-04-27,9.2,21.9,24.1
2020-04-28,8.7,161.5,108.9
2020-04-29,70.4,55.1,62.6
2020-04-30,25.3,6.6,7.8
2020-05-01,1.6,0.6,0.0
2020-05-04,19.5,2.7,3.5
2020-05-06,0.3,0.2,0.0
2020-05-08,2.7,0.2,0.0
2020-05-10,1.1,0.2,0.0
2020-05-12,2.8,3.3,4.9
2020-05-13,8.8,19.6,18.8
2020-05-16,4.4,6.4,7.8
2020-05-18,5.9,6.9,8.2
2020-05-19,7.6,5.8,7.2
2020-05-20,23.7,12.8,13.3
2020-05-21,46.9,1.1,2.8
2020-05-23,180.6,10.6,12.4
2020-05-25,89.0,15.6,17.0
2020-05-26,5.1,7.0,9.0
2020-05-29,15.8,2.4,4.3
2020-05-30,1.0,1.6,3.5
2020-05-31,2.1,1.2,2.9
2020-06-01,3.0,2.1,2.7
2020-06-02,9.1,0.3,0.0
2020-06-04,0.5,0.1,0.0
2020-06-06,0.1,26.3,27.4
2020-06-07,22.3,18.3,18.6
2020-06-08,5.2,13.6,13.9
2020-06-09,5.1,44.8,51.7
2020-06-10,38.9,1.3,1.8
2020-06-13,25.5,8.3,11.2
2020-06-14,8.4,2.3,5.7
2020-06-15,7.8,5.2,8.4
2020-06-16,13.1,95.0,104.0
2020-06-17,72.5,6.5,9.6
2020-06-19,2.4,26.0,26.8
2020-06-20,20.8,0.5,0.0
2020-06-22,22.3,4.3,7.3
2020-06-23,17.0,11.4,15.3
2020-06-24,16.2,1.5,4.2
2020-06-26,0.0,24.7,30.0
2020-06-27,27.3,8.5,11.5
2020-06-28,17.7,9.4,12.3
2020-06-29,27.2,6.6,9.6
2020-06-30,3.0,16.2,20.3
2020-07-01,14.6,3.1,7.1
2020-07-02,7.5,0.2,0.0
2020-07-04,2.1,5.8,10.1
2020-07-06,6.9,0.2,0.0
2020-07-08,4.8,2.7,6.7
2020-07-09,6.6,10.0,14.2
2020-07-10,20.1,4.6,8.8
2020-07-14,6.5,2.2,4.3
2020-07-16,2.0,3.8,6.9
2020-07-17,1.9,2.9,5.4
2020-07-18,0.4,0.3,0.0
2020-07-19,1.2,1.3,2.8
2020-07-20,0.8,0.4,0.0
2020-07-21,1.3,1.2,5.4
2020-07-22,1.8,2.1,6.8
2020-07-23,0.4,0.8,4.6
2020-07-24,10.7,0.7,4.5
2020-07-26,0.1,0.3,0.0
2020-07-27,0.2,1.5,5.8
2020-07-28,3.8,1.0,5.1
2020-07-30,2.9,6.0,12.9
2020-07-31,5.6,1.0,5.1
2020-08-01,0.8,1.7,4.9
2020-08-02,2.0,2.1,5.7
2020-08-03,0.1,2.1,5.6
2020-08-07,0.3,18.4,31.3
2020-08-08,7.7,8.7,14.4
2020-08-09,11.6,0.1,0.0
2020-08-11,0.0,0.9,5.1
2020-08-13,0.0,0.0,0.0
2020-08-14,0.0,5.2,12.9
2020-08-15,4.9,0.1,0.0
2020-08-17,0.0,0.0,0.0
2020-08-18,0.0,0.0,0.0
2020-08-19,0.0,0.2,0.0
2020-08-20,0.0,1.0,5.3
2020-08-21,4.9,0.4,0.0
2020-08-22,0.0,0.6,4.0
2020-08-23,10.2,0.0,0.0
2020-08-24,0.0,4.8,9.9
2020-08-25,10.5,0.2,0.0
2020-08-26,0.0,0.1,0.0
2020-08-28,1.7,0.8,4.3
2020-08-29,1.8,1.9,6.1
2020-08-30,8.9,2.2,6.5
2020-08-31,0.6,0.2,0.0
2020-09-02,12.1,4.4,10.6
2020-09-03,1.2,11.7,19.0
2020-09-05,15.3,3.4,9.2
2020-09-06,10.6,0.2,0.0
2020-09-10,3.0,0.8,5.1
2020-09-11,4.0,1.9,6.2
2020-09-13,0.1,3.2,7.9
2020-09-14,0.0,0.2,0.0
2020-09-28,0.4,0.7,4.2
2020-09-29,0.2,1.2,5.0
2020-09-30,1.4,35.1,62.4
2020-10-01,6.3,0.2,0.0
2020-10-02,1.1,0.2,0.0
2020-10-04,11.2,2.4,5.6
2020-10-05,0.0,1.6,4.5
2020-10-07,11.6,1.4,4.2
2020-10-08,0.4,3.2,6.7
2020-10-09,6.7,0.7,3.1
2020-10-10,0.1,0.0,0.0
2020-10-13,17.0,5.6,7.1
2020-10-14,1.1,8.4,9.3
2020-10-15,4.2,3.9,5.8
2020-10-16,1.1,1.4,3.5
2020-10-17,0.5,8.1,9.0
2020-10-18,10.4,0.0,0.0
2020-10-19,0.0,0.6,0.0
2020-10-20,0.1,4.3,6.2
2020-10-21,0.0,4.1,5.8
2020-10-25,0.0,0.0,0.0
2020-10-26,0.0,1.1,2.9
2020-10-27,3.6,4.1,6.0
2020-10-28,15.8,27.0,28.9
2020-10-29,73.8,0.0,0.0
2020-10-30,0.0,1.8,3.6
2020-10-31,0.0,0.3,0.0
2020-11-01,0.0,16.8,22.8
2020-11-02,1.7,15.1,20.0
2020-11-03,1.3,63.3,106.5
2020-11-04,33.5,0.6,0.0
2020-11-06,0.0,0.3,0.0
2020-11-07,0.0,0.8,1.2
2020-11-08,4.2,0.1,0.0
2020-11-09,0.0,1.9,2.8
2020-11-11,1.4,0.5,0.0
2020-11-12,1.6,0.6,0.0
2020-11-13,4.4,0.9,0.0
2020-11-14,0.0,1.0,0.0
2020-11-15,8.4,0.3,0.0
2020-11-17,0.2,0.0,0.0
2020-11-18,0.0,0.6,0.0
2020-11-19,1.3,0.0,0.0
2020-11-21,0.4,3.9,2.9
2020-11-22,43.0,12.5,9.2
2020-11-23,10.8,3.8,2.8
2020-11-24,13.9,0.1,0.0
2020-11-25,0.9,0.9,0.0
2020-11-26,6.1,9.0,6.9
2020-11-27,4.4,3.2,2.4
2020-11-28,0.7,26.1,24.4
2020-11-29,54.7,18.8,16.1
2020-12-01,0.9,37.9,30.0
2020-12-02,8.8,0.8,0.0
2020-12-03,14.0,0.4,0.0
2020-12-04,11.9,0.1,0.0
2020-12-05,0.0,2.9,2.0
2020-12-06,0.0,1.0,0.0
2020-12-07,0.1,0.2,0.0
2020-12-08,0.3,1.2,0.0
2020-12-09,0.0,0.6,0.0
2020-12-10,0.0,1.7,1.1
2020-12-11,0.0,0.0,0.0
2020-12-12,0.0,0.8,0.0
2020-12-13,0.0,39.5,23.4
2020-12-14,4.0,20.1,12.2
2020-12-15,10.9,35.1,20.5
2020-12-16,44.5,13.5,8.4
2020-12-17,5.1,10.7,6.9
2020-12-19,0.0,1.4,0.0
2020-12-20,5.5,7.9,5.3
2020-12-21,1.2,19.7,12.5
2020-12-22,13.9,14.9,9.4
2020-12-24,7.4,13.5,8.4
2020-12-25,3.3,0.1,0.0
2020-12-27,1.4,15.9,10.0
2020-12-28,11.0,0.3,0.0
2020-12-30,0.1,0.0,0.0
2021-01-01,3.8,2.4,3.0
2021-01-02,9.0,45.4,30.9
2021-01-03,35.5,1.1,0.0
2021-01-04,0.0,3.3,3.5
2021-01-05,0.6,11.2,7.9
2021-01-06,29.2,27.6,16.3
2021-01-07,15.1,4.5,4.2
2021-01-08,4.3,0.1,0.0
2021-01-10,1.0,0.1,0.0
2021-01-11,0.0,2.4,2.0
2021-01-12,66.5,1.3,0.0
2021-01-13,6.6,0.4,0.0
2021-01-14,0.0,2.2,1.9
2021-01-15,0.3,2.7,2.3
2021-01-16,0.0,85.6,146.2
2021-01-17,187.3,17.0,13.0
2021-01-18,29.7,19.3,14.8
2021-01-19,25.6,0.5,0.0
2021-01-20,1.5,0.0,0.0
2021-01-21,0.0,0.0,0.0
2021-01-22,0.0,33.5,26.9
2021-01-23,62.0,0.8,0.0
2021-01-24,3.4,2.8,3.9
2021-01-25,61.5,25.7,20.1
2021-01-26,40.3,12.0,10.8
2021-01-27,30.6,1.3,2.6
2021-01-28,0.0,8.9,8.6
2021-01-30,0.0,0.7,0.0
2021-01-31,2.9,5.1,5.7
2021-02-01,23.2,19.7,12.1
2021-02-02,46.1,14.3,11.5
2021-02-03,9.0,6.5,6.2
2021-02-04,2.4,2.1,3.2
2021-02-05,10.7,4.7,5.0
2021-02-06,4.1,0.5,0.0
2021-02-07,1.3,0.7,0.0
2021-02-08,0.0,2.3,3.3
2021-02-09,4.5,0.0,0.0
2021-02-11,0.0,0.2,0.0
2021-02-12,0.0,0.0,0.0
2021-02-14,30.2,53.2,39.7
2021-02-15,21.0,40.4,29.3
2021-02-16,55.2,4.1,4.1
2021-02-17,18.0,0.6,0.0
2021-02-18,13.3,3.3,3.6
2021-02-19,5.5,12.4,9.2
2021-02-20,27.7,2.8,3.3
2021-02-21,10.9,8.0,8.7
2021-02-22,4.3,3.6,5.3
2021-02-23,1.2,24.3,20.3
2021-02-24,42.1,7.0,8.0
2021-02-25,12.3,0.2,0.0
2021-02-26,0.0,0.0,0.0
2021-03-01,1.5,16.7,11.4
2021-03-02,3.5,0.1,0.0
2021-03-03,0.0,0.0,0.0
2021-03-04,0.0,2.5,4.1
2021-03-05,7.4,18.8,12.5
2021-03-06,81.3,0.0,0.0
2021-03-08,5.5,0.8,0.0
2021-03-09,0.4,0.1,0.0
2021-03-10,1.3,0.2,0.0
2021-03-13,36.3,0.1,0.0
2021-03-16,0.8,1.9,3.9
2021-03-17,1.0,0.0,0.0
2021-03-18,2.3,0.0,0.0
2021-03-19,0.0,0.3,0.0
2021-03-20,4.9,0.6,0.0
2021-03-22,0.0,0.0,0.0
2021-03-23,0.1,0.7,0.0
2021-03-24,0.2,4.8,5.4
2021-03-25,0.8,8.0,7.7
2021-03-26,35.2,2.3,3.6
2021-03-27,2.8,32.4,22.0
2021-03-28,18.0,24.6,15.8
2021-03-29,97.7,7.8,7.6
2021-03-30,26.5,17.6,14.0
2021-03-31,1.0,22.2,16.9
2021-04-01,5.7,0.3,0.0
2021-04-03,47.0,0.0,0.0
2021-04-04,0.0,0.1,0.0
2021-04-07,0.2,1.8,3.0
2021-04-08,2.0,5.6,5.8
2021-04-09,22.2,54.7,49.6
2021-04-10,19.9,10.3,9.3
2021-04-11,5.3,0.9,0.0
2021-04-15,5.5,0.0,0.0
2021-04-17,0.5,0.3,0.0
2021-04-18,15.8,8.4,9.1
2021-04-19,0.9,34.3,34.9
2021-04-20,24.6,0.3,0.0
2021-04-21,1.7,0.0,0.0
2021-04-22,1.7,0.3,0.0
2021-04-24,1.0,0.2,0.0
2021-04-25,0.4,0.0,0.0
2021-04-26,0.0,0.0,0.0
2021-04-28,0.0,0.0,0.0
2021-04-29,0.0,4.3,5.4
2021-04-30,0.0,2.5,3.5
2021-05-01,0.1,54.5,53.8
2021-05-02,77.3,64.8,64.0
2021-05-03,47.2,9.4,9.6
2021-05-04,7.7,3.2,3.9
2021-05-05,12.1,25.1,23.7
2021-05-06,15.0,44.3,42.8
2021-05-07,28.3,2.9,3.6
2021-05-08,8.8,0.5,0.0
2021-05-09,4.4,2.2,3.0
2021-05-10,3.3,1.0,0.0
2021-05-12,0.0,0.8,0.0
2021-05-13,2.1,4.8,6.3
2021-05-14,15.7,19.5,18.8
2021-05-15,17.3,34.4,28.7
2021-05-16,25.2,8.4,9.5
2021-05-17,2.3,12.0,12.6
2021-05-18,11.7,8.8,9.9
2021-05-19,9.8,9.2,10.3
2021-05-20,9.5,1.1,2.6
2021-05-21,3.4,19.4,20.8
2021-05-22,78.8,8.3,10.3
2021-05-23,34.0,20.7,22.5
2021-05-24,38.3,9.2,11.1
2021-05-25,3.7,5.9,7.9
2021-05-26,4.3,2.4,4.3
2021-05-27,4.2,0.5,0.0
2021-05-29,1.7,3.7,5.7
2021-05-30,0.5,0.0,0.0
2021-05-31,0.0,0.4,0.0
2021-06-01,0.5,0.7,0.0
2021-06-02,0.5,1.3,1.8
2021-06-03,1.5,5.2,5.8
2021-06-04,6.4,0.7,0.0
2021-06-08,0.0,0.0,0.0
2021-06-09,1.2,0.5,0.0
2021-06-10,0.9,0.2,0.0
2021-06-11,1.1,0.7,0.0
2021-06-13,10.1,46.4,48.2
2021-06-14,98.2,22.8,23.5
2021-06-15,2.3,15.3,16.8
2021-06-16,27.7,0.5,0.0
2021-06-17,1.5,2.3,5.6
2021-06-18,7.7,6.5,9.6
2021-06-19,13.7,2.4,5.7
2021-06-20,7.6,5.0,8.2
2021-06-21,44.5,1.3,4.0
2021-06-22,0.3,2.9,5.8
2021-06-23,0.8,6.1,9.1
2021-06-25,2.5,0.4,0.0
2021-06-26,0.6,13.9,16.4
2021-06-27,31.7,0.2,0.0
2021-06-28,0.0,1.1,3.7
2021-06-29,0.6,18.5,22.5
2021-06-30,32.8,8.0,11.0
2021-07-01,6.8,6.9,11.2
2021-07-02,12.8,16.7,21.7
2021-07-03,35.0,8.6,13.1
2021-07-04,13.0,3.0,7.0
2021-07-05,3.7,120.6,95.1
2021-07-06,33.9,1.0,4.5
2021-07-08,1.7,7.5,11.8
2021-07-09,25.5,1.0,4.5
2021-07-10,1.0,24.6,32.6
2021-07-11,10.7,6.9,11.7
2021-07-12,7.5,9.7,16.0
2021-07-13,8.6,7.4,12.9
2021-07-14,1.4,3.2,6.0
2021-07-15,5.2,0.6,0.0
2021-07-17,7.0,29.6,63.1
2021-07-18,14.5,9.9,16.6
2021-07-19,6.2,12.5,20.9
2021-07-20,16.6,17.1,29.7
2021-07-21,47.2,8.7,16.7
2021-07-22,0.1,54.2,75.6
2021-07-23,75.1,21.1,40.7
2021-07-24,10.0,2.3,7.1
2021-07-25,10.8,2.0,6.6
2021-07-26,0.0,6.5,12.4
2021-07-27,2.6,1.2,5.4
2021-07-28,3.4,0.4,0.0
2021-07-29,1.1,14.4,30.4
2021-07-30,7.2,2.4,7.1
2021-07-31,0.1,0.0,0.0
2021-08-01,0.0,0.0,0.0
2021-08-02,0.7,11.0,18.1
2021-08-03,2.8,3.2,7.2
2021-08-04,13.0,10.5,17.3
2021-08-05,18.3,1.6,4.9
2021-08-06,5.3,13.6,23.3
2021-08-07,28.0,8.7,14.4
2021-08-08,16.7,0.4,0.0
2021-08-09,2.2,0.4,0.0
2021-08-11,21.3,2.1,7.3
2021-08-12,6.8,1.2,5.7
2021-08-13,3.6,4.7,11.8
2021-08-14,7.2,0.0,0.0
2021-08-15,0.2,0.8,4.9
2021-08-16,0.2,1.4,6.1
2021-08-17,17.9,2.8,8.7
2021-08-18,30.3,0.2,0.0
2021-08-19,3.8,0.6,4.5
2021-08-20,3.1,0.3,0.0
2021-08-22,10.1,1.9,6.1
2021-08-23,1.0,24.8,45.7
2021-08-24,51.2,1.8,5.8
2021-08-25,5.5,1.2,4.9
2021-08-26,1.3,12.9,25.0
2021-08-27,21.7,39.7,65.9
2021-08-28,43.4,13.1,25.3
2021-08-29,44.0,2.0,6.3
2021-08-30,0.0,1.5,5.5
2021-08-31,0.9,0.9,4.5
2021-09-01,8.7,0.1,0.0
2021-09-02,2.8,0.2,0.0
2021-09-03,2.6,7.2,14.2
2021-09-04,8.8,9.6,15.4
2021-09-05,43.1,51.8,65.7
2021-09-06,49.6,25.1,43.2
2021-09-07,10.7,8.6,15.8
2021-09-08,10.5,1.7,6.6
2021-09-09,0.6,1.0,5.6
2021-09-10,0.4,0.4,0.0
2021-09-11,0.0,0.9,4.6
2021-09-12,5.4,0.5,0.0
2021-09-13,1.7,3.4,8.4
2021-09-14,20.0,15.4,27.1
2021-09-15,16.0,2.3,6.7
2021-09-16,3.8,0.0,0.0
2021-09-17,3.2,2.9,7.6
2021-09-19,15.9,3.3,8.1
2021-09-20,2.3,30.3,45.8
2021-09-21,20.8,22.3,47.6
2021-09-22,8.4,2.3,7.4
2021-09-23,0.4,10.0,21.2
2021-09-24,5.3,0.7,4.1
2021-09-26,24.2,4.5,10.6
2021-09-27,3.8,0.3,0.0
2021-09-28,5.2,0.6,3.7
2021-09-29,2.0,1.7,6.0
2021-09-30,1.0,0.8,4.3
2021-10-01,0.8,5.0,9.6
2021-10-02,1.4,0.1,0.0
2021-10-03,0.0,0.0,0.0
2021-10-04,0.0,0.0,0.0
2021-10-05,0.0,0.1,0.0
2021-10-06,0.0,64.7,77.4
2021-10-07,54.1,18.4,26.7
2021-10-08,5.7,2.5,5.8
2021-10-09,2.5,0.3,0.0
2021-10-10,0.0,0.1,0.0
2021-10-11,0.0,0.1,0.0
2021-10-12,0.5,0.0,0.0
2021-10-13,17.5,0.3,0.0
2021-10-14,0.0,0.1,0.0
2021-10-18,0.0,0.7,0.0
2021-10-19,0.0,1.0,3.2
2021-10-20,0.0,0.8,0.0
2021-10-21,0.1,0.6,0.0
2021-10-22,0.0,0.3,0.0
2021-10-24,22.5,40.6,44.5
2021-10-25,9.5,0.0,0.0
2021-10-26,0.0,0.2,0.0
2021-10-27,2.4,0.0,0.0
2021-10-28,0.0,0.0,0.0
2021-10-29,0.6,0.8,0.0
2021-10-30,0.2,0.9,0.0
2021-11-01,2.1,2.0,2.9
2021-11-02,5.1,1.1,1.7
2021-11-04,1.6,0.8,1.2
2021-11-05,5.0,11.1,14.4
2021-11-06,1.4,0.4,0.0
2021-11-08,0.0,0.5,0.0
2021-11-09,0.0,1.4,2.0
2021-11-10,20.5,0.2,0.0
2021-11-11,0.0,0.7,0.0
2021-11-12,0.1,10.2,8.6
2021-11-13,0.5,6.1,6.0
2021-11-14,5.5,58.3,56.4
2021-11-15,36.6,19.4,14.3
2021-11-16,21.4,3.3,4.2
2021-11-17,8.8,7.3,6.8
2021-11-18,30.7,2.9,3.9
2021-11-19,6.3,0.7,0.0
2021-11-20,3.0,0.0,0.0
2021-11-21,0.0,35.4,33.3
2021-11-22,32.1,1.4,0.0
2021-11-23,0.0,0.1,0.0
2021-11-25,0.0,1.2,0.0
2021-11-26,5.3,0.9,0.0
2021-11-27,0.0,10.8,8.2
2021-11-28,3.4,0.9,0.0
2021-11-30,0.0,0.3,0.0
2021-12-01,0.2,42.6,33.8
2021-12-02,22.8,6.1,4.4
2021-12-04,12.7,10.2,7.1
2021-12-05,3.4,10.3,7.3
2021-12-06,29.6,18.1,12.3
2021-12-07,18.9,6.5,4.7
2021-12-08,37.1,4.1,3.0
2021-12-09,6.8,15.7,10.7
2021-12-10,24.4,2.4,1.6
2021-12-12,1.2,12.2,7.7
2021-12-13,5.0,0.4,0.0
2021-12-14,1.0,1.3,0.0
2021-12-15,9.8,0.0,0.0
2021-12-17,0.0,5.4,3.9
2021-12-18,0.3,1.2,0.0
2021-12-19,0.0,0.4,0.0
2021-12-20,18.5,6.4,4.4
2021-12-21,5.2,31.1,22.0
2021-12-22,24.3,97.2,66.3
2021-12-23,51.5,1.4,0.0
2021-12-24,5.8,5.5,3.0
2021-12-25,7.4,0.7,0.0
2021-12-26,1.6,1.6,0.0
2021-12-29,0.0,1.7,1.0
2021-12-30,0.0,10.5,6.4
2021-12-31,0.2,0.3,0.0
