date,gauge,imergl,lseqmdl
2001-01-01,0.0,1.6,0.0
2001-01-02,0.0,0.1,0.0
2001-01-03,14.0,111.2,140.7
2001-01-04,2.0,9.6,6.0
2001-01-05,25.0,31.2,31.9
2001-01-06,0.0,3.0,0.0
2001-01-07,44.0,123.0,140.0
2001-01-08,0.0,0.0,0.0
2001-01-09,46.0,49.7,62.1
2001-01-10,20.0,18.8,15.3
2001-01-11,16.0,20.4,16.2
2001-01-12,1.0,3.7,0.0
2001-01-13,8.0,39.9,45.0
2001-01-14,0.0,1.5,0.0
2001-01-15,52.0,29.0,32.4
2001-01-16,5.0,7.7,2.6
2001-01-17,22.0,7.1,2.0
2001-01-18,0.0,0.0,0.0
2001-01-19,29.0,98.2,126.1
2001-01-20,0.0,1.2,0.0
2001-01-21,72.0,95.3,108.0
2001-01-22,60.0,26.6,29.1
2001-01-23,1.0,6.1,1.8
2001-01-24,33.0,50.4,70.4
2001-01-25,0.0,1.3,0.0
2001-01-26,0.0,0.4,0.0
2001-01-27,6.0,57.2,79.5
2001-01-28,20.0,68.6,93.5
2001-01-29,4.0,3.0,0.0
2001-01-30,41.0,42.6,58.3
2001-01-31,43.0,31.9,39.9
2001-02-01,17.0,4.0,1.1
2001-02-02,76.0,64.4,150.6
2001-02-03,6.0,16.2,15.4
2001-02-04,0.0,15.3,14.4
2001-02-05,34.0,16.7,15.9
2001-02-06,6.0,6.4,3.8
2001-02-07,1.0,5.3,2.5
2001-02-08,7.0,4.8,2.0
2001-02-09,0.0,5.9,3.2
2001-02-10,3.0,7.6,5.2
2001-02-11,7.0,1.9,0.0
2001-02-12,0.0,3.7,1.0
2001-02-13,0.0,0.3,0.0
2001-02-14,0.0,1.0,0.0
2001-02-15,0.0,0.7,0.0
2001-02-16,0.0,0.1,0.0
2001-02-18,11.0,18.0,18.0
2001-02-19,2.0,11.6,10.1
2001-02-20,34.0,43.6,60.4
2001-02-21,22.0,10.5,5.8
2001-02-22,16.0,30.4,35.0
2001-02-23,4.0,9.6,4.9
2001-02-24,10.0,3.8,0.0
2001-02-25,9.0,17.0,12.7
2001-02-26,4.0,0.0,0.0
2001-02-27,2.0,0.5,0.0
2001-02-28,6.0,0.4,0.0
2001-03-01,48.0,40.2,60.3
2001-03-02,0.0,8.8,5.5
2001-03-03,6.0,0.2,0.0
2001-03-04,0.0,18.2,17.2
2001-03-05,0.0,11.6,8.9
2001-03-06,0.0,4.8,1.2
2001-03-07,0.0,0.4,0.0
2001-03-08,0.0,5.9,2.3
2001-03-09,0.0,6.9,3.4
2001-03-10,49.0,6.7,3.2
2001-03-11,1.0,10.0,5.9
2001-03-12,11.0,6.7,2.3
2001-03-13,10.0,0.2,0.0
2001-03-14,24.0,34.4,44.9
2001-03-15,103.0,54.8,78.8
2001-03-16,5.0,8.1,3.8
2001-03-17,54.0,26.5,26.2
2001-03-18,0.0,5.8,1.4
2001-03-19,16.0,41.4,55.6
2001-03-20,0.0,0.2,0.0
2001-03-21,125.0,15.2,10.8
2001-03-22,8.0,3.4,0.0
2001-03-23,21.0,16.2,12.0
2001-03-24,0.0,0.8,0.0
2001-03-25,16.0,21.2,17.3
2001-03-26,36.0,102.2,140.0
2001-03-27,0.0,1.7,0.0
2001-03-28,0.0,1.2,0.0
2001-03-29,28.0,42.8,51.4
2001-03-30,5.0,4.9,1.0
2001-03-31,4.0,21.0,17.1
2001-04-01,4.0,6.8,3.6
2001-04-02,2.0,1.1,0.0
2001-04-03,0.0,5.2,1.9
2001-04-04,0.0,56.3,81.2
2001-04-05,35.0,11.8,9.2
2001-04-06,49.0,10.7,7.8
2001-04-07,1.0,63.9,93.4
2001-04-08,71.0,36.7,50.1
2001-04-09,69.0,20.8,19.8
2001-04-11,0.0,7.3,3.0
2001-04-12,3.0,19.7,14.3
2001-04-13,70.0,8.5,4.0
2001-04-14,13.0,0.2,0.0
2001-04-15,7.0,49.3,49.5
2001-04-16,34.0,47.8,46.4
2001-04-17,175.0,2.1,0.0
2001-04-18,0.0,36.9,34.0
2001-04-19,23.0,5.9,1.8
2001-04-20,2.0,49.8,48.4
2001-04-21,25.0,0.0,0.0
2001-04-22,0.0,25.0,22.3
2001-04-23,12.0,3.9,1.0
2001-04-24,4.0,13.0,8.7
2001-04-25,21.0,79.6,113.6
2001-04-26,20.0,65.4,87.7
2001-04-27,56.0,31.2,30.0
2001-04-28,159.0,65.7,88.7
2001-04-29,32.0,0.4,0.0
2001-04-30,8.0,41.6,47.9
2001-05-01,0.0,2.1,1.0
2001-05-02,117.0,71.9,75.5
2001-05-03,2.0,6.4,3.4
2001-05-04,0.0,0.0,0.0
2001-05-05,76.0,5.0,2.3
2001-05-06,3.0,23.4,17.9
2001-05-07,2.0,5.1,2.3
2001-05-08,0.0,0.2,0.0
2001-05-09,2.0,0.8,0.0
2001-05-10,0.0,0.1,0.0
2001-05-11,0.0,0.1,0.0
2001-05-12,0.0,1.0,1.0
2001-05-13,0.0,0.0,0.0
2001-05-14,0.0,0.0,0.0
2001-05-15,0.0,0.0,0.0
2001-05-16,0.0,0.0,0.0
2001-05-17,0.0,0.2,0.0
2001-05-18,0.0,0.0,0.0
2001-05-19,0.0,0.0,0.0
2001-05-20,34.0,0.0,0.0
2001-05-21,8.0,41.4,55.3
2001-05-22,0.0,23.3,26.8
2001-05-23,0.0,0.3,0.0
2001-05-24,42.0,0.1,0.0
2001-05-25,3.0,16.0,19.6
2001-05-26,2.0,2.7,2.4
2001-05-27,37.0,3.9,3.9
2001-05-28,28.0,11.9,13.2
2001-05-29,49.0,2.8,2.6
2001-05-30,50.0,33.2,40.0
2001-05-31,0.0,24.5,28.9
2001-06-01,4.0,1.4,2.2
2001-06-02,16.0,6.7,7.4
2001-06-03,0.0,3.0,3.8
2001-06-04,34.0,15.5,16.8
2001-06-05,3.0,0.4,0.0
2001-06-07,2.0,12.2,13.2
2001-06-08,100.0,149.5,161.2
2001-06-09,38.0,30.0,33.6
2001-06-10,94.0,59.6,77.5
2001-06-11,18.0,7.0,6.5
2001-06-12,35.0,110.9,147.4
2001-06-13,1.0,1.6,1.0
2001-06-14,4.0,2.0,1.2
2001-06-15,4.0,11.5,11.5
2001-06-16,5.0,0.1,0.0
2001-06-17,8.0,0.3,0.0
2001-06-18,0.0,2.2,1.4
2001-06-19,0.0,0.3,0.0
2001-06-20,1.0,3.8,3.0
2001-06-21,13.0,5.0,5.9
2001-06-22,6.0,9.3,9.7
2001-06-23,34.0,43.9,46.9
2001-06-24,2.0,6.3,7.0
2001-06-25,3.0,4.4,5.4
2001-06-26,2.0,0.0,0.0
2001-06-27,2.0,0.5,0.0
2001-06-28,0.0,0.0,0.0
2001-06-29,41.0,9.8,10.1
2001-06-30,3.0,3.5,4.6
2001-07-01,4.0,0.5,0.0
2001-07-02,0.0,1.3,1.5
2001-07-03,0.0,0.0,0.0
2001-07-04,2.0,0.2,0.0
2001-07-05,9.0,2.7,2.6
2001-07-06,0.0,0.0,0.0
2001-07-07,0.0,0.0,0.0
2001-07-08,0.0,0.0,0.0
2001-07-09,0.0,0.3,0.0
2001-07-10,0.0,1.2,1.5
2001-07-11,0.0,0.0,0.0
2001-07-12,0.0,0.1,0.0
2001-07-13,5.0,13.3,15.1
2001-07-14,5.0,11.3,12.7
2001-07-15,5.0,22.3,25.9
2001-07-16,0.0,1.7,1.8
2001-07-17,0.0,2.7,2.9
2001-07-18,31.0,24.3,29.9
2001-07-19,3.0,5.6,6.2
2001-07-20,2.0,4.1,4.5
2001-07-21,0.0,3.5,3.4
2001-07-22,3.0,0.3,0.0
2001-07-23,0.0,0.0,0.0
2001-07-24,4.0,0.8,0.0
2001-07-25,1.0,2.7,2.7
2001-07-26,76.0,0.1,0.0
2001-07-27,40.0,37.6,43.8
2001-07-28,66.0,6.6,6.3
2001-07-29,4.0,22.8,22.1
2001-07-30,0.0,0.1,0.0
2001-07-31,7.0,0.3,0.0
2001-08-01,0.0,1.1,1.0
2001-08-02,0.0,0.0,0.0
2001-08-03,0.0,0.0,0.0
2001-08-04,17.0,0.7,0.0
2001-08-05,6.0,1.4,1.0
2001-08-06,1.0,26.7,26.9
2001-08-07,6.0,1.9,1.0
2001-08-08,0.0,0.0,0.0
2001-08-09,0.0,1.5,1.0
2001-08-10,0.0,2.8,1.3
2001-08-11,23.0,25.6,23.5
2001-08-12,11.0,0.5,0.0
2001-08-13,2.0,1.9,1.0
2001-08-14,3.0,0.5,0.0
2001-08-15,8.0,0.7,0.0
2001-08-16,3.0,0.2,0.0
2001-08-17,0.0,0.0,0.0
2001-08-18,0.0,0.0,0.0
2001-08-19,0.0,0.0,0.0
2001-08-20,0.0,0.0,0.0
2001-08-21,0.0,0.6,0.0
2001-08-22,4.0,0.0,0.0
2001-08-23,0.0,1.3,1.0
2001-08-24,0.0,0.6,0.0
2001-08-25,0.0,0.0,0.0
2001-08-26,0.0,0.0,0.0
2001-08-27,0.0,0.0,0.0
2001-08-28,0.0,0.0,0.0
2001-08-29,0.0,0.0,0.0
2001-08-30,0.0,0.0,0.0
2001-08-31,10.0,16.6,11.7
2001-09-01,43.0,21.6,20.6
2001-09-02,1.0,0.9,0.0
2001-09-03,0.0,3.4,1.4
2001-09-04,17.0,33.4,37.6
2001-09-05,10.0,9.7,7.5
2001-09-06,32.0,3.4,1.5
2001-09-07,55.0,37.0,45.1
2001-09-08,0.0,1.7,0.0
2001-09-10,4.0,4.6,2.6
2001-09-11,0.0,0.0,0.0
2001-09-12,5.0,1.8,0.0
2001-09-13,0.0,0.0,0.0
2001-09-14,0.0,9.2,6.2
2001-09-15,0.0,4.2,1.3
2001-09-16,37.0,0.7,0.0
2001-09-17,0.0,0.3,0.0
2001-09-18,16.0,9.9,6.9
2001-09-19,74.0,37.9,34.6
2001-09-20,3.0,10.1,7.2
2001-09-21,54.0,3.3,1.0
2001-09-22,0.0,2.4,0.0
2001-09-23,14.0,3.7,1.0
2001-09-24,90.0,66.3,93.2
2001-09-25,4.0,2.4,0.0
2001-09-26,1.0,0.9,0.0
2001-09-27,4.0,5.0,1.4
2001-09-28,2.0,3.9,1.0
2001-09-29,0.0,0.5,0.0
2001-09-30,25.0,49.9,65.4
2001-10-01,0.0,0.4,0.0
2001-10-02,5.0,2.6,0.0
2001-10-03,1.0,0.0,0.0
2001-10-04,0.0,6.5,1.3
2001-10-05,0.0,0.0,0.0
2001-10-06,0.0,0.0,0.0
2001-10-07,0.0,3.1,0.0
2001-10-08,0.0,0.2,0.0
2001-10-09,15.0,29.6,30.1
2001-10-10,66.0,73.3,106.8
2001-10-11,2.0,20.0,18.8
2001-10-12,10.0,46.3,62.2
2001-10-13,0.0,4.7,1.0
2001-10-14,7.0,9.0,5.0
2001-10-15,31.0,5.4,1.0
2001-10-16,0.0,0.8,0.0
2001-10-17,0.0,0.0,0.0
2001-10-18,0.0,1.6,0.0
2001-10-19,7.0,2.9,0.0
2001-10-20,24.0,14.0,10.9
2001-10-21,0.0,7.2,1.9
2001-10-22,0.0,0.0,0.0
2001-10-23,0.0,0.0,0.0
2001-10-24,0.0,0.0,0.0
2001-10-25,0.0,0.0,0.0
2001-10-26,0.0,0.0,0.0
2001-10-27,0.0,0.0,0.0
2001-10-28,0.0,0.2,0.0
2001-10-29,10.0,35.1,48.2
2001-10-30,1.0,7.7,2.4
2001-10-31,2.0,5.4,1.0
2001-11-01,2.0,0.2,0.0
2001-11-02,56.0,104.5,141.6
2001-11-03,0.0,0.7,0.0
2001-11-04,18.0,1.4,0.0
2001-11-05,1.0,19.0,16.4
2001-11-06,0.0,1.2,0.0
2001-11-07,21.0,57.1,78.1
2001-11-08,8.0,4.5,1.0
2001-11-09,18.0,12.2,8.1
2001-11-10,0.0,0.3,0.0
2001-11-11,108.0,50.3,78.1
2001-11-12,8.0,9.7,4.7
2001-11-13,14.0,7.8,2.6
2001-11-14,12.0,34.1,46.4
2001-11-15,82.0,28.1,27.8
2001-11-16,10.0,11.2,6.5
2001-11-17,0.0,6.3,1.1
2001-11-18,31.0,0.5,0.0
2001-11-19,0.0,3.0,0.0
2001-11-20,25.0,18.7,15.6
2001-11-21,50.0,29.6,24.5
2001-11-22,0.0,4.0,0.0
2001-11-23,1.0,30.0,25.3
2001-11-24,75.0,89.4,95.2
2001-11-25,9.0,34.0,29.1
2001-11-26,6.0,19.8,14.8
2001-11-27,57.0,144.1,108.8
2001-11-28,1.0,7.0,1.0
2001-11-29,0.0,19.7,14.7
2001-11-30,3.0,7.5,1.6
2001-12-01,95.0,52.6,85.3
2001-12-02,2.0,4.3,0.0
2001-12-03,3.0,5.0,1.0
2001-12-04,21.0,30.0,41.1
2001-12-05,8.0,19.2,18.6
2001-12-06,18.0,78.2,132.8
2001-12-07,0.0,0.5,0.0
2001-12-08,3.0,8.3,3.9
2001-12-09,18.0,12.2,8.8
2001-12-10,12.0,19.2,18.5
2001-12-11,2.0,1.4,0.0
2001-12-12,70.0,13.6,10.4
2001-12-13,49.0,64.7,100.9
2001-12-14,0.0,3.5,0.0
2001-12-15,0.0,2.3,0.0
2001-12-16,3.0,6.8,1.6
2001-12-17,3.0,4.3,0.0
2001-12-18,6.0,1.5,0.0
2001-12-19,0.0,2.0,0.0
2001-12-20,0.0,0.2,0.0
2001-12-21,4.0,2.7,0.0
2001-12-22,45.0,16.6,13.4
2001-12-23,25.0,23.8,21.7
2001-12-24,13.0,23.3,21.1
2001-12-25,4.0,5.4,1.0
2001-12-26,16.0,10.1,5.8
2001-12-27,27.0,13.2,9.4
2001-12-28,11.0,3.8,0.0
2001-12-29,22.0,11.1,7.1
2001-12-30,7.0,4.6,1.0
2001-12-31,0.0,4.3,0.0
2002-01-01,0.0,0.4,0.0
2002-01-02,3.0,8.5,4.8
2002-01-03,0.0,6.2,2.7
2002-01-04,14.0,10.0,6.3
2002-01-05,18.0,24.2,20.6
2002-01-06,5.0,12.2,8.6
2002-01-07,12.0,11.8,8.1
2002-01-08,18.0,1.6,0.0
2002-01-09,0.0,2.4,0.0
2002-01-10,5.0,15.3,11.7
2002-01-11,3.0,1.0,0.0
2002-01-12,0.0,33.9,37.3
2002-01-13,0.0,2.8,0.0
2002-01-14,50.0,57.6,69.7
2002-01-15,0.0,2.3,0.0
2002-01-16,46.0,28.7,31.3
2002-01-17,0.0,23.3,19.2
2002-01-18,22.0,14.4,9.7
2002-01-19,23.0,37.8,42.6
2002-01-20,13.0,27.5,29.8
2002-01-21,0.0,5.2,1.1
2002-01-22,8.0,4.7,1.0
2002-01-23,17.0,19.9,16.0
2002-01-24,0.0,0.6,0.0
2002-01-25,0.0,0.0,0.0
2002-01-26,1.0,2.2,0.0
2002-01-27,3.0,14.6,10.3
2002-01-28,6.0,10.4,6.0
2002-01-29,9.0,4.1,1.0
2002-01-30,11.0,1.0,0.0
2002-01-31,0.0,0.4,0.0
2002-02-01,24.0,8.5,6.2
2002-02-02,3.0,3.4,1.0
2002-02-03,0.0,14.6,13.6
2002-02-04,4.0,15.2,14.3
2002-02-05,15.0,8.3,6.1
2002-02-06,2.0,3.1,1.0
2002-02-07,7.0,19.6,24.4
2002-02-08,5.0,16.1,15.6
2002-02-09,9.0,25.7,31.9
2002-02-10,0.0,5.4,2.7
2002-02-11,0.0,2.2,0.0
2002-02-12,13.0,10.3,8.6
2002-02-13,0.0,8.9,6.9
2002-02-14,7.0,11.5,10.0
2002-02-15,0.0,1.3,0.0
2002-02-16,50.0,29.7,39.1
2002-02-17,4.0,3.7,1.0
2002-02-18,0.0,0.9,0.0
2002-02-19,2.0,12.7,11.5
2002-02-20,25.0,18.2,18.2
2002-02-21,6.0,24.1,20.5
2002-02-22,6.0,14.9,10.4
2002-02-23,5.0,3.3,0.0
2002-02-24,89.0,14.2,9.7
2002-02-25,0.0,0.2,0.0
2002-02-26,0.0,8.8,4.2
2002-02-27,4.0,2.4,0.0
2002-02-28,4.0,13.9,9.3
2002-03-01,20.0,7.6,4.2
2002-03-02,3.0,3.4,1.0
2002-03-03,14.0,9.5,6.3
2002-03-04,3.0,9.6,6.4
2002-03-05,23.0,17.8,16.6
2002-03-06,0.0,1.7,0.0
2002-03-07,25.0,38.1,57.0
2002-03-08,14.0,13.7,11.4
2002-03-09,10.0,28.8,32.7
2002-03-10,15.0,14.8,12.8
2002-03-11,0.0,1.8,0.0
2002-03-12,21.0,28.8,29.1
2002-03-13,102.0,18.8,16.5
2002-03-14,0.0,2.2,0.0
2002-03-15,0.0,5.4,1.0
2002-03-16,10.0,1.5,0.0
2002-03-17,0.0,0.9,0.0
2002-03-18,5.0,3.5,0.0
2002-03-19,11.0,16.7,13.9
2002-03-20,13.0,14.5,11.3
2002-03-21,67.0,74.2,100.0
2002-03-22,19.0,1.8,0.0
2002-03-23,5.0,0.9,0.0
2002-03-24,22.0,15.3,10.9
2002-03-25,13.0,21.2,17.4
2002-03-26,7.0,1.1,0.0
2002-03-27,35.0,10.9,6.4
2002-03-28,51.0,18.7,14.6
2002-03-29,0.0,1.6,0.0
2002-03-30,24.0,17.1,12.9
2002-03-31,0.0,22.7,19.0
2002-04-01,18.0,0.0,0.0
2002-04-02,1.0,0.0,0.0
2002-04-03,90.0,0.0,0.0
2002-04-04,0.0,1.0,0.0
2002-04-05,0.0,0.0,0.0
2002-04-06,28.0,40.6,53.9
2002-04-07,55.0,51.3,71.6
2002-04-08,0.0,7.4,4.1
2002-04-09,9.0,18.0,16.5
2002-04-10,18.0,20.8,19.9
2002-04-11,89.0,28.3,22.6
2002-04-12,0.0,50.2,49.5
2002-04-13,46.0,17.5,12.1
2002-04-14,15.0,47.7,45.5
2002-04-15,28.0,12.5,7.5
2002-04-16,0.0,2.4,0.0
2002-04-17,14.0,19.9,14.4
2002-04-18,0.0,2.2,0.0
2002-04-19,19.0,19.7,14.2
2002-04-20,112.0,29.4,23.7
2002-04-21,0.0,5.2,1.0
2002-04-22,0.0,0.9,0.0
2002-04-23,0.0,0.0,0.0
2002-04-24,10.0,5.7,1.4
2002-04-25,7.0,1.5,0.0
2002-04-26,1.0,1.1,0.0
2002-04-27,71.0,35.0,37.7
2002-04-28,44.0,17.4,13.6
2002-04-29,9.0,11.9,7.4
2002-04-30,34.0,51.0,63.3
2002-05-01,10.0,28.6,22.6
2002-05-02,7.0,0.3,0.0
2002-05-03,83.0,111.4,115.4
2002-05-04,5.0,4.2,1.7
2002-05-05,7.0,35.4,28.2
2002-05-06,16.0,10.7,6.9
2002-05-07,12.0,17.1,12.4
2002-05-08,30.0,9.7,6.1
2002-05-09,66.0,0.4,0.0
2002-05-10,0.0,0.0,0.0
2002-05-11,0.0,2.3,1.4
2002-05-12,0.0,2.8,1.8
2002-05-13,0.0,0.0,0.0
2002-05-14,14.0,1.1,1.0
2002-05-15,0.0,0.0,0.0
2002-05-16,0.0,0.0,0.0
2002-05-17,0.0,0.0,0.0
2002-05-18,0.0,0.0,0.0
2002-05-19,0.0,0.0,0.0
2002-05-20,6.0,3.7,2.8
2002-05-21,4.0,3.3,3.1
2002-05-22,0.0,1.5,1.0
2002-05-23,10.0,19.1,22.0
2002-05-24,0.0,1.9,1.6
2002-05-26,0.0,1.1,1.0
2002-05-27,0.0,0.1,0.0
2002-05-28,5.0,4.0,4.0
2002-05-29,4.0,5.9,6.2
2002-05-30,8.0,1.7,1.3
2002-05-31,21.0,10.7,11.8
2002-06-01,2.0,0.0,0.0
2002-06-02,0.0,2.1,2.9
2002-06-03,0.0,0.0,0.0
2002-06-04,0.0,0.0,0.0
2002-06-05,1.0,0.0,0.0
2002-06-06,4.0,0.0,0.0
2002-06-07,8.0,32.9,35.4
2002-06-08,5.0,11.9,12.9
2002-06-09,9.0,29.9,32.5
2002-06-10,0.0,0.9,1.8
2002-06-11,0.0,3.5,2.7
2002-06-12,10.0,1.6,1.0
2002-06-13,9.0,3.3,2.5
2002-06-14,38.0,26.4,28.6
2002-06-15,0.0,3.8,3.0
2002-06-16,16.0,5.8,5.1
2002-06-17,12.0,27.6,30.1
2002-06-18,0.0,0.8,0.0
2002-06-19,23.0,10.5,10.3
2002-06-20,0.0,2.7,1.9
2002-06-21,3.0,2.0,3.2
2002-06-22,0.0,5.0,5.9
2002-06-23,14.0,4.8,5.7
2002-06-24,39.0,37.6,38.1
2002-06-25,67.0,49.2,53.2
2002-06-26,53.0,35.9,36.3
2002-06-27,64.0,13.8,13.6
2002-06-28,7.0,0.0,0.0
2002-06-29,0.0,0.0,0.0
2002-06-30,0.0,0.0,0.0
2002-11-01,5.0,17.2,14.2
2002-11-02,9.0,17.3,14.3
2002-11-03,34.0,10.3,5.9
2002-11-04,8.0,9.0,4.4
2002-11-05,0.0,5.5,1.0
2002-11-06,0.0,0.5,0.0
2002-11-07,0.0,1.8,0.0
2002-11-08,101.0,30.2,30.8
2002-11-09,0.0,1.3,0.0
2002-11-10,0.0,9.5,5.0
2002-11-11,12.0,19.4,16.4
2002-11-12,5.0,8.0,2.9
2002-11-13,2.0,6.9,1.7
2002-11-14,22.0,39.5,59.1
2002-11-15,10.0,38.3,56.9
2002-11-16,0.0,0.9,0.0
2002-11-17,0.0,0.0,0.0
2002-11-18,0.0,0.0,0.0
2002-11-19,0.0,0.0,0.0
2002-11-20,0.0,0.0,0.0
2002-11-21,0.0,0.0,0.0
2002-11-22,0.0,0.0,0.0
2002-11-23,8.0,2.6,0.0
2002-11-24,63.0,5.1,0.0
2002-11-25,13.0,0.4,0.0
2002-11-26,0.0,10.5,4.8
2002-11-27,0.0,3.2,0.0
2002-11-28,0.0,0.7,0.0
2002-11-29,0.0,0.0,0.0
2002-11-30,0.0,0.0,0.0
2002-12-01,32.0,0.0,0.0
2002-12-02,34.0,9.8,5.7
2002-12-03,34.0,0.0,0.0
2002-12-04,35.0,0.0,0.0
2002-12-05,35.0,0.0,0.0
2002-12-06,35.0,0.0,0.0
2002-12-07,34.0,0.0,0.0
2002-12-08,35.0,5.6,1.0
2002-12-09,32.0,12.6,9.4
2002-12-10,31.0,6.0,1.2
2002-12-11,32.0,0.4,0.0
2002-12-12,33.0,3.3,0.0
2002-12-13,30.0,11.1,6.9
2002-12-14,30.0,2.6,0.0
2002-12-15,33.0,41.0,60.5
2002-12-16,0.0,6.4,1.1
2002-12-17,34.0,22.1,23.0
2002-12-18,33.0,24.6,27.1
2002-12-19,0.0,22.9,25.2
2002-12-20,33.0,12.3,8.6
2002-12-21,34.0,21.7,19.3
2002-12-22,0.0,1.4,0.0
2002-12-23,33.0,30.0,43.5
2002-12-24,29.0,15.1,11.7
2002-12-25,0.0,131.3,185.4
2002-12-26,34.0,1.7,0.0
2002-12-27,34.0,241.8,197.8
2002-12-28,0.0,14.9,11.4
2002-12-29,33.0,21.1,18.5
2002-12-30,31.0,93.5,134.6
2002-12-31,30.0,19.2,16.4
2003-01-01,5.0,16.4,12.8
2003-01-02,2.0,14.2,10.6
2003-01-03,3.0,3.0,0.0
2003-01-04,3.0,0.7,0.0
2003-01-05,0.0,19.0,15.5
2003-01-06,16.0,2.2,0.0
2003-01-07,11.0,2.1,0.0
2003-01-08,1.0,0.3,0.0
2003-01-09,0.0,0.4,0.0
2003-01-10,0.0,0.7,0.0
2003-01-11,1.0,4.0,0.0
2003-01-12,0.0,1.2,0.0
2003-01-13,0.0,57.8,70.6
2003-01-14,28.0,14.8,10.2
2003-01-15,27.0,0.4,0.0
2003-01-16,6.0,0.4,0.0
2003-01-17,0.0,0.9,0.0
2003-01-18,0.0,0.1,0.0
2003-01-19,0.0,6.1,1.0
2003-01-20,29.0,3.7,0.0
2003-01-21,0.0,61.8,86.0
2003-01-22,61.0,6.6,2.3
2003-01-23,0.0,1.1,0.0
2003-01-24,0.0,23.3,22.8
2003-01-25,6.0,16.9,12.7
2003-01-26,0.0,1.8,0.0
2003-01-27,1.0,55.2,77.1
2003-01-28,57.0,18.9,15.5
2003-01-29,36.0,9.7,5.3
2003-01-30,3.0,2.7,0.0
2003-01-31,6.0,13.9,9.6
2003-02-01,0.0,0.0,0.0
2003-02-02,194.0,34.0,46.6
2003-02-03,3.0,10.7,8.9
2003-02-04,6.0,7.4,5.0
2003-02-05,3.0,2.9,0.0
2003-02-06,88.0,78.6,169.2
2003-02-07,44.0,26.4,35.0
2003-02-08,21.0,46.1,74.9
2003-02-09,1.0,0.2,0.0
2003-02-10,4.0,31.0,39.8
2003-02-11,0.0,2.3,0.0
2003-02-12,39.0,72.6,125.5
2003-02-13,0.0,2.9,1.0
2003-02-14,0.0,0.1,0.0
2003-02-15,2.0,0.6,0.0
2003-02-16,62.0,26.8,34.1
2003-02-17,0.0,0.7,0.0
2003-02-18,0.0,0.3,0.0
2003-02-19,38.0,19.7,20.1
2003-02-20,19.0,21.6,22.5
2003-02-21,0.0,4.5,1.0
2003-02-22,5.0,6.7,2.1
2003-02-23,10.0,4.0,0.0
2003-02-24,5.0,18.2,14.0
2003-02-25,0.0,1.2,0.0
2003-02-26,0.0,1.9,0.0
2003-02-27,0.0,3.7,0.0
2003-02-28,0.0,8.2,3.6
2003-03-01,7.0,12.0,9.3
2003-03-02,3.0,6.7,3.1
2003-03-03,38.0,19.6,19.0
2003-03-04,0.0,2.0,0.0
2003-03-05,308.0,25.3,26.1
2003-03-06,7.0,1.6,0.0
2003-03-07,43.0,38.4,57.2
2003-03-08,0.0,5.2,1.6
2003-03-09,9.0,1.6,0.0
2003-03-10,0.0,0.3,0.0
2003-03-11,0.0,0.7,0.0
2003-03-12,18.0,4.4,1.0
2003-03-13,0.0,0.0,0.0
2003-03-14,27.0,8.0,3.7
2003-03-15,0.0,0.3,0.0
2003-03-16,45.0,56.5,81.1
2003-03-17,7.0,5.1,1.0
2003-03-18,1.0,0.8,0.0
2003-03-19,2.0,0.2,0.0
2003-03-20,89.0,14.2,10.9
2003-03-21,0.0,0.9,0.0
2003-03-22,6.0,4.4,1.0
2003-03-23,0.0,11.0,6.5
2003-03-24,1.0,5.9,1.5
2003-03-25,2.0,15.9,11.5
2003-03-26,32.0,61.3,80.2
2003-03-27,57.0,28.1,27.1
2003-03-28,2.0,18.7,14.6
2003-03-29,97.0,79.4,108.9
2003-03-30,1.0,36.0,40.8
2003-03-31,20.0,13.8,9.4
2003-04-01,4.0,17.6,16.0
2003-04-02,2.0,9.6,6.6
2003-04-03,41.0,52.9,76.1
2003-04-04,40.0,49.3,70.3
2003-04-05,0.0,1.7,0.0
2003-04-06,4.0,10.4,7.5
2003-04-07,2.0,0.0,0.0
2003-04-08,0.0,0.6,0.0
2003-04-09,0.0,0.0,0.0
2003-04-10,0.0,0.0,0.0
2003-04-11,0.0,0.0,0.0
2003-04-12,0.0,0.0,0.0
2003-04-13,0.0,0.8,0.0
2003-04-14,9.0,20.2,14.8
2003-04-15,58.0,136.9,172.8
2003-04-16,8.0,6.2,2.1
2003-04-17,0.0,10.2,5.4
2003-04-18,5.0,5.1,1.2
2003-04-19,0.0,14.8,9.6
2003-04-20,61.0,47.7,47.2
2003-04-21,21.0,16.1,12.1
2003-04-22,104.0,21.9,18.7
2003-04-23,24.0,38.0,41.1
2003-04-24,0.0,12.4,8.0
2003-04-25,0.0,0.5,0.0
2003-04-26,0.0,0.8,0.0
2003-04-27,0.0,1.2,0.0
2003-04-28,7.0,24.2,21.4
2003-04-29,59.0,98.0,149.2
2003-04-30,0.0,0.7,0.0
2003-05-01,73.0,19.9,14.8
2003-05-02,0.0,63.1,61.9
2003-05-03,26.0,22.5,17.2
2003-05-04,4.0,2.6,1.0
2003-05-05,0.0,0.9,0.0
2003-05-06,3.0,0.2,0.0
2003-05-07,0.0,1.1,0.0
2003-05-08,0.0,1.8,1.0
2003-05-09,14.0,2.4,1.0
2003-05-10,0.0,9.1,5.6
2003-05-11,16.0,1.3,1.0
2003-05-12,8.0,17.1,19.7
2003-05-13,0.0,1.1,1.0
2003-05-14,21.0,27.2,33.1
2003-05-15,1.0,0.0,0.0
2003-05-16,12.0,2.4,1.5
2003-05-17,193.0,29.6,43.9
2003-05-18,42.0,11.3,11.9
2003-05-19,0.0,7.8,7.5
2003-05-20,0.0,0.1,0.0
2003-05-21,0.0,0.0,0.0
2003-05-22,0.0,0.3,0.0
2003-05-23,0.0,0.2,0.0
2003-05-24,0.0,0.3,0.0
2003-05-25,0.0,0.0,0.0
2003-05-26,0.0,0.0,0.0
2003-05-27,0.0,0.0,0.0
2003-05-28,0.0,0.0,0.0
2003-05-29,0.0,0.0,0.0
2003-05-30,0.0,0.4,0.0
2003-05-31,0.0,0.0,0.0
2003-06-01,0.0,0.0,0.0
2003-06-02,0.0,0.0,0.0
2003-06-03,0.0,0.0,0.0
2003-06-04,0.0,0.0,0.0
2003-06-05,0.0,0.2,0.0
2003-06-06,0.0,0.5,0.0
2003-06-07,0.0,2.4,3.2
2003-06-08,0.0,0.0,0.0
2003-06-09,0.0,0.0,0.0
2003-06-10,0.0,0.0,0.0
2003-06-11,0.0,0.0,0.0
2003-06-12,0.0,0.0,0.0
2003-06-13,0.0,0.1,0.0
2003-06-14,29.0,9.6,9.4
2003-06-15,0.0,8.6,8.3
2003-06-16,0.0,1.8,1.1
2003-06-17,6.0,0.2,0.0
2003-06-18,0.0,0.0,0.0
2003-06-19,1.0,0.2,0.0
2003-06-20,4.0,0.1,0.0
2003-06-21,3.0,1.3,2.6
2003-06-22,0.0,6.0,6.8
2003-06-23,0.0,0.1,0.0
2003-06-24,0.0,0.0,0.0
2003-06-25,0.0,1.1,2.4
2003-06-26,8.0,0.4,0.0
2003-06-27,3.0,0.0,0.0
2003-06-28,0.0,0.0,0.0
2003-06-29,7.0,0.0,0.0
2003-06-30,2.0,0.1,0.0
2003-07-01,5.0,9.7,8.2
2003-07-02,11.0,42.9,38.2
2003-07-03,0.0,0.0,0.0
2003-07-04,23.0,46.7,43.1
2003-07-05,3.0,0.2,0.0
2003-07-06,8.0,7.2,6.2
2003-07-07,2.0,10.7,9.1
2003-07-08,0.0,3.7,3.3
2003-07-09,4.0,0.2,0.0
2003-07-10,1.0,3.8,3.4
2003-07-11,77.0,55.2,91.3
2003-07-12,14.0,16.9,19.8
2003-07-13,29.0,16.4,19.4
2003-07-14,6.0,10.0,11.3
2003-07-15,0.0,2.1,2.2
2003-07-16,0.0,0.0,0.0
2003-07-17,0.0,0.0,0.0
2003-07-18,0.0,0.0,0.0
2003-07-19,0.0,0.7,0.0
2003-07-20,3.0,0.6,0.0
2003-07-21,3.0,18.7,17.6
2003-07-22,32.0,27.2,27.6
2003-07-23,20.0,14.2,14.3
2003-07-24,13.0,18.9,18.5
2003-07-25,64.0,6.9,6.6
2003-07-26,3.0,0.6,0.0
2003-07-27,4.0,1.4,1.5
2003-07-28,7.0,3.6,3.5
2003-07-29,17.0,33.9,39.4
2003-07-30,2.0,0.0,0.0
2003-07-31,0.0,0.9,0.0
2003-08-01,0.0,1.6,1.0
2003-08-02,0.0,0.0,0.0
2003-08-03,0.0,0.0,0.0
2003-08-04,0.0,0.0,0.0
2003-08-05,17.0,1.6,1.0
2003-08-06,0.0,14.5,13.0
2003-08-07,0.0,1.3,1.0
2003-08-08,0.0,3.5,1.9
2003-08-09,20.0,56.1,77.3
2003-08-10,0.0,0.3,0.0
2003-08-11,12.0,14.4,12.6
2003-08-12,1.0,2.9,1.6
2003-08-13,1.0,2.4,1.1
2003-08-14,7.0,50.3,60.1
2003-08-15,0.0,0.0,0.0
2003-08-16,0.0,0.0,0.0
2003-08-17,0.0,0.0,0.0
2003-08-18,0.0,0.0,0.0
2003-08-19,0.0,1.3,1.0
2003-08-20,0.0,0.0,0.0
2003-08-21,0.0,0.0,0.0
2003-08-22,0.0,11.1,7.2
2003-08-23,2.0,0.0,0.0
2003-08-24,68.0,36.9,40.3
2003-08-25,0.0,8.2,4.9
2003-08-26,11.0,17.8,12.7
2003-08-27,0.0,0.0,0.0
2003-08-28,0.0,0.0,0.0
2003-08-29,0.0,0.0,0.0
2003-08-30,4.0,0.2,0.0
2003-08-31,32.0,33.9,35.5
2003-09-01,16.0,0.7,0.0
2003-09-02,1.0,3.4,1.5
2003-09-03,0.0,25.5,24.4
2003-09-04,0.0,1.6,0.0
2003-09-05,28.0,0.0,0.0
2003-09-06,0.0,0.4,0.0
2003-09-07,0.0,6.9,4.8
2003-09-08,13.0,12.5,10.2
2003-09-09,9.0,2.5,1.0
2003-09-10,0.0,0.0,0.0
2003-09-11,0.0,0.0,0.0
2003-09-12,6.0,5.2,2.3
2003-09-13,0.0,24.5,21.7
2003-09-14,0.0,0.2,0.0
2003-09-15,0.0,48.3,50.7
2003-09-16,17.0,2.0,0.0
2003-09-17,0.0,0.8,0.0
2003-09-18,0.0,3.1,1.0
2003-09-19,0.0,0.2,0.0
2003-09-20,0.0,0.0,0.0
2003-09-21,0.0,0.0,0.0
2003-09-22,0.0,0.0,0.0
2003-09-23,0.0,37.4,36.4
2003-09-24,0.0,3.7,1.0
2003-09-25,37.0,0.2,0.0
2003-09-26,0.0,0.8,0.0
2003-09-27,0.0,25.6,23.6
2003-09-28,0.0,0.2,0.0
2003-09-29,0.0,0.0,0.0
2003-09-30,0.0,0.8,0.0
2003-10-01,2.0,2.9,0.0
2003-10-02,0.0,3.1,0.0
2003-10-03,0.0,0.8,0.0
2003-10-04,1.0,24.4,22.4
2003-10-05,29.0,30.3,30.8
2003-10-06,54.0,8.7,3.4
2003-10-07,10.0,0.8,0.0
2003-10-08,8.0,18.0,14.1
2003-10-09,6.0,7.8,2.4
2003-10-10,52.0,39.4,50.1
2003-10-11,43.0,6.0,1.7
2003-10-12,1.0,1.9,0.0
2003-10-13,39.0,36.5,47.0
2003-10-14,2.0,3.8,0.0
2003-10-15,2.0,4.1,0.0
2003-10-16,7.0,24.7,24.0
2003-10-17,0.0,0.2,0.0
2003-10-18,0.0,0.0,0.0
2003-10-19,0.0,0.8,0.0
2003-10-20,0.0,0.0,0.0
2003-10-21,0.0,0.0,0.0
2003-10-22,12.0,32.9,44.1
2003-10-23,0.0,0.9,0.0
2003-10-24,51.0,2.7,0.0
2003-10-25,0.0,0.0,0.0
2003-10-26,0.0,0.0,0.0
2003-10-27,0.0,0.7,0.0
2003-10-28,0.0,6.9,1.6
2003-10-29,0.0,2.0,0.0
2003-10-30,0.0,13.0,7.9
2003-10-31,31.0,62.0,80.5
2003-11-01,3.0,5.2,1.0
2003-11-02,0.0,0.7,0.0
2003-11-03,0.0,1.0,0.0
2003-11-04,7.0,11.5,7.3
2003-11-05,11.0,17.4,14.5
2003-11-06,0.0,0.5,0.0
2003-11-07,4.0,4.2,0.0
2003-11-08,39.0,11.1,6.8
2003-11-09,11.0,25.0,24.6
2003-11-10,0.0,0.2,0.0
2003-11-11,0.0,3.3,0.0
2003-11-12,0.0,5.2,1.0
2003-11-13,0.0,0.0,0.0
2003-11-14,11.0,11.9,7.3
2003-11-15,0.0,3.6,0.0
2003-11-16,0.0,0.0,0.0
2003-11-17,0.0,0.0,0.0
2003-11-18,1.0,0.0,0.0
2003-11-19,0.0,1.6,0.0
2003-11-20,12.0,68.7,100.0
2003-11-21,79.0,24.0,21.1
2003-11-22,0.0,0.0,0.0
2003-11-23,0.0,0.7,0.0
2003-11-24,5.0,2.0,0.0
2003-11-25,0.0,0.0,0.0
2003-11-26,9.0,9.1,3.3
2003-11-27,0.0,1.0,0.0
2003-11-28,11.0,13.8,8.5
2003-11-29,7.0,1.3,0.0
2003-11-30,0.0,0.6,0.0
2003-12-02,26.0,8.3,3.8
2003-12-03,39.0,50.1,82.1
2003-12-04,2.0,5.0,1.0
2003-12-05,0.0,10.8,7.1
2003-12-06,2.0,5.3,1.0
2003-12-07,27.0,44.7,70.2
2003-12-08,0.0,5.1,1.0
2003-12-09,0.0,1.6,0.0
2003-12-10,32.0,11.2,7.6
2003-12-11,1.0,10.1,5.6
2003-12-12,32.0,3.3,0.0
2003-12-13,48.0,13.1,9.7
2003-12-14,18.0,34.0,49.2
2003-12-15,4.0,10.3,5.8
2003-12-16,2.0,51.6,78.8
2003-12-17,0.0,4.7,0.0
2003-12-18,0.0,13.0,9.5
2003-12-19,20.0,6.1,1.0
2003-12-20,6.0,1.8,0.0
2003-12-21,3.0,10.6,6.5
2003-12-22,0.0,4.2,0.0
2003-12-23,0.0,27.0,25.3
2003-12-24,0.0,0.6,0.0
2003-12-25,42.0,28.5,27.9
2003-12-26,1.0,8.2,3.8
2003-12-27,6.0,2.8,0.0
2003-12-28,0.0,5.4,1.0
2003-12-29,13.0,4.9,1.0
2003-12-30,2.0,7.7,3.2
2003-12-31,16.0,17.5,14.4
2004-01-01,0.0,9.7,6.1
2004-01-02,20.0,32.0,33.4
2004-01-03,52.0,28.1,28.3
2004-01-04,12.0,14.6,11.0
2004-01-05,16.0,17.5,13.9
2004-01-06,51.0,20.4,16.9
2004-01-07,17.0,15.3,11.7
2004-01-08,0.0,1.8,0.0
2004-01-09,0.0,3.8,1.0
2004-01-10,0.0,0.6,0.0
2004-01-11,0.0,3.9,0.0
2004-01-12,0.0,10.2,5.3
2004-01-13,0.0,1.7,0.0
2004-01-14,0.0,0.6,0.0
2004-01-15,18.0,14.3,9.7
2004-01-16,87.0,4.0,0.0
2004-01-17,13.0,18.0,13.6
2004-01-18,12.0,18.6,14.3
2004-01-19,13.0,19.3,15.0
2004-01-20,13.0,33.8,37.8
2004-01-21,0.0,16.6,12.4
2004-01-22,0.0,0.1,0.0
2004-01-23,0.0,1.5,0.0
2004-01-24,33.0,41.7,56.7
2004-01-25,0.0,4.4,1.0
2004-01-26,5.0,10.9,6.5
2004-01-27,0.0,1.2,0.0
2004-01-28,0.0,5.5,1.3
2004-01-29,15.0,9.6,5.2
2004-01-30,0.0,23.6,23.0
2004-01-31,12.0,11.1,6.7
2004-02-01,28.0,58.3,119.1
2004-02-02,17.0,21.0,26.5
2004-02-03,1.0,0.4,0.0
2004-02-04,3.0,10.0,8.0
2004-02-05,7.0,3.3,1.0
2004-02-06,3.0,4.3,1.5
2004-02-07,2.0,6.6,4.1
2004-02-08,4.0,7.2,4.8
2004-02-09,29.0,14.6,13.5
2004-02-10,5.0,16.9,16.4
2004-02-11,0.0,0.1,0.0
2004-02-12,0.0,0.4,0.0
2004-02-13,5.0,2.1,0.0
2004-02-14,8.0,8.5,6.4
2004-02-15,0.0,2.3,0.0
2004-02-16,5.0,14.5,13.7
2004-02-17,35.0,12.1,10.7
2004-02-18,3.0,10.4,8.7
2004-02-19,19.0,4.8,2.2
2004-02-20,19.0,40.5,54.4
2004-02-21,18.0,38.4,53.8
2004-02-22,5.0,26.2,22.7
2004-02-23,16.0,2.1,0.0
2004-02-24,5.0,21.7,17.8
2004-02-25,0.0,5.0,1.0
2004-02-26,5.0,13.0,8.5
2004-02-27,45.0,50.0,78.0
2004-02-28,0.0,0.0,0.0
2004-02-29,6.0,4.0,0.0
2004-03-01,0.0,2.9,0.0
2004-03-02,6.0,1.7,0.0
2004-03-03,1.0,11.0,8.1
2004-03-04,10.0,2.7,0.0
2004-03-05,8.0,6.1,2.5
2004-03-06,8.0,9.0,5.7
2004-03-07,55.0,6.2,2.6
2004-03-08,2.0,15.7,13.9
2004-03-09,47.0,34.8,47.4
2004-03-10,0.0,0.1,0.0
2004-03-11,62.0,44.2,62.7
2004-03-12,1.0,11.6,7.8
2004-03-13,0.0,1.7,0.0
2004-03-14,29.0,31.6,34.6
2004-03-15,0.0,13.2,9.6
2004-03-16,4.0,4.8,1.0
2004-03-17,4.0,3.3,0.0
2004-03-18,5.0,0.5,0.0
2004-03-19,15.0,11.4,7.6
2004-03-20,0.0,0.0,0.0
2004-03-21,0.0,0.0,0.0
2004-03-22,13.0,1.5,0.0
2004-03-23,0.0,8.4,3.9
2004-03-24,0.0,0.0,0.0
2004-03-25,17.0,11.5,7.0
2004-03-26,0.0,0.0,0.0
2004-03-27,0.0,9.8,5.2
2004-03-28,20.0,10.5,5.9
2004-03-29,4.0,4.0,0.0
2004-03-30,14.0,22.7,19.0
2004-03-31,1.0,0.8,0.0
2004-04-01,0.0,19.2,18.0
2004-04-02,0.0,1.9,0.0
2004-04-03,0.0,10.8,8.0
2004-04-04,91.0,12.5,10.0
2004-04-05,4.0,17.0,15.3
2004-04-06,61.0,29.8,37.1
2004-04-07,0.0,0.1,0.0
2004-04-08,0.0,0.1,0.0
2004-04-09,0.0,0.0,0.0
2004-04-10,0.0,0.0,0.0
2004-04-11,1.0,7.9,3.5
2004-04-12,0.0,0.3,0.0
2004-04-13,0.0,2.4,0.0
2004-04-14,0.0,4.9,1.0
2004-04-15,0.0,0.0,0.0
2004-04-16,0.0,0.0,0.0
2004-04-17,0.0,0.9,0.0
2004-04-18,0.0,0.1,0.0
2004-04-19,19.0,21.4,15.9
2004-04-20,8.0,5.7,1.7
2004-04-21,2.0,1.5,0.0
2004-04-22,0.0,0.2,0.0
2004-04-23,6.0,0.1,0.0
2004-04-24,3.0,1.3,0.0
2004-04-25,14.0,99.1,150.2
2004-04-26,0.0,0.3,0.0
2004-04-27,13.0,29.8,28.6
2004-04-28,0.0,1.6,0.0
2004-04-29,55.0,50.0,61.6
2004-04-30,0.0,12.1,7.7
2004-05-01,12.0,0.4,0.0
2004-05-02,7.0,12.1,8.1
2004-05-03,1.0,3.8,1.4
2004-05-04,13.0,32.7,26.3
2004-05-05,0.0,1.0,0.0
2004-05-06,7.0,76.0,78.9
2004-05-07,10.0,46.9,34.4
2004-05-08,112.0,16.0,11.5
2004-05-09,7.0,27.8,21.9
2004-05-10,0.0,13.4,9.2
2004-05-11,18.0,14.3,15.9
2004-05-12,0.0,2.2,1.2
2004-05-13,12.0,24.2,29.2
2004-05-14,0.0,0.0,0.0
2004-05-15,0.0,5.7,5.1
2004-05-16,0.0,0.1,0.0
2004-05-17,0.0,19.4,22.4
2004-05-18,21.0,70.9,122.5
2004-05-19,4.0,5.9,5.3
2004-05-20,11.0,14.4,15.9
2004-05-21,26.0,28.7,32.2
2004-05-22,2.0,5.8,6.1
2004-05-23,0.0,0.7,0.0
2004-05-24,69.0,40.5,55.3
2004-05-25,0.0,4.5,4.6
2004-05-26,0.0,1.8,1.4
2004-05-27,60.0,84.8,104.2
2004-05-28,31.0,12.2,13.5
2004-05-29,129.0,9.5,10.4
2004-05-30,1.0,8.9,9.6
2004-05-31,14.0,17.7,20.2
2004-06-01,118.0,48.7,59.2
2004-06-02,24.0,11.9,13.0
2004-06-03,2.0,0.2,0.0
2004-06-04,3.0,0.3,0.0
2004-06-05,0.0,0.0,0.0
2004-06-06,36.0,0.0,0.0
2004-06-07,3.0,0.4,0.0
2004-06-08,55.0,6.8,7.6
2004-06-09,0.0,0.0,0.0
2004-06-10,7.0,0.0,0.0
2004-06-11,0.0,0.0,0.0
2004-06-12,4.0,0.0,0.0
2004-06-13,2.0,0.0,0.0
2004-06-14,2.0,2.4,1.6
2004-06-15,2.0,0.0,0.0
2004-06-16,2.0,0.0,0.0
2004-06-17,64.0,1.1,1.0
2004-06-18,2.0,8.6,8.2
2004-06-19,10.0,4.9,4.2
2004-06-20,2.0,0.1,0.0
2004-06-21,0.0,0.0,0.0
2004-06-22,0.0,0.0,0.0
2004-06-23,0.0,0.0,0.0
2004-06-24,0.0,0.0,0.0
2004-06-25,0.0,0.0,0.0
2004-06-26,0.0,1.1,2.4
2004-06-27,3.0,0.0,0.0
2004-06-28,9.0,10.1,10.4
2004-06-29,2.0,13.0,12.9
2004-06-30,7.0,2.9,4.1
2004-07-01,1.0,0.0,0.0
2004-07-02,0.0,0.0,0.0
2004-07-03,38.0,6.8,5.8
2004-07-04,8.0,3.6,3.3
2004-07-05,0.0,0.0,0.0
2004-07-06,4.0,1.8,2.0
2004-07-07,12.0,2.3,2.3
2004-07-08,3.0,0.2,0.0
2004-07-09,9.0,15.1,12.9
2004-07-10,4.0,2.5,2.4
2004-07-11,0.0,0.0,0.0
2004-07-12,0.0,0.2,0.0
2004-07-13,2.0,0.4,0.0
2004-07-14,0.0,0.0,0.0
2004-07-15,0.0,0.0,0.0
2004-07-16,3.0,4.1,4.4
2004-07-17,0.0,1.1,1.2
2004-07-18,0.0,0.0,0.0
2004-07-19,3.0,0.0,0.0
2004-07-20,0.0,0.0,0.0
2004-07-21,0.0,0.0,0.0
2004-07-22,0.0,0.8,0.0
2004-07-23,0.0,0.0,0.0
2004-07-24,0.0,0.0,0.0
2004-07-25,1.0,0.0,0.0
2004-07-26,0.0,0.0,0.0
2004-07-27,4.0,0.0,0.0
2004-07-28,6.0,0.0,0.0
2004-07-29,6.0,0.0,0.0
2004-07-30,0.0,1.1,1.2
2004-07-31,0.0,0.0,0.0
2004-08-01,27.0,0.7,0.0
2004-08-02,0.0,0.8,0.0
2004-08-03,0.0,2.4,1.0
2004-08-04,0.0,0.6,0.0
2004-08-05,0.0,0.1,0.0
2004-08-06,0.0,3.2,1.6
2004-08-07,0.0,0.0,0.0
2004-08-08,2.0,1.8,1.0
2004-08-09,12.0,2.7,1.2
2004-08-10,2.0,0.0,0.0
2004-08-11,0.0,0.0,0.0
2004-08-12,0.0,0.0,0.0
2004-08-13,0.0,0.0,0.0
2004-08-14,0.0,0.0,0.0
2004-08-15,0.0,0.0,0.0
2004-08-16,0.0,0.0,0.0
2004-08-17,0.0,0.0,0.0
2004-08-18,0.0,0.0,0.0
2004-08-19,0.0,0.0,0.0
2004-08-20,0.0,0.0,0.0
2004-08-21,0.0,0.0,0.0
2004-08-22,0.0,0.0,0.0
2004-08-23,0.0,0.0,0.0
2004-08-24,0.0,0.0,0.0
2004-08-25,0.0,0.0,0.0
2004-08-26,0.0,0.6,0.0
2004-08-27,0.0,0.0,0.0
2004-08-28,0.0,0.7,0.0
2004-08-29,0.0,0.0,0.0
2004-08-30,0.0,0.0,0.0
2004-08-31,0.0,0.0,0.0
2004-09-01,0.0,0.0,0.0
2004-09-02,17.0,0.2,0.0
2004-09-03,30.0,8.9,6.8
2004-09-04,5.0,8.3,6.2
2004-09-05,22.0,0.0,0.0
2004-09-06,18.0,0.0,0.0
2004-09-07,3.0,13.4,11.2
2004-09-08,60.0,46.0,56.4
2004-09-09,5.0,12.6,10.4
2004-09-10,4.0,12.2,10.0
2004-09-11,12.0,0.2,0.0
2004-09-12,0.0,0.2,0.0
2004-09-13,18.0,4.4,1.4
2004-09-14,12.0,0.0,0.0
2004-09-15,0.0,1.7,0.0
2004-09-16,8.0,3.4,1.0
2004-09-17,2.0,0.0,0.0
2004-09-18,0.0,0.1,0.0
2004-09-19,24.0,10.0,7.1
2004-09-20,0.0,0.2,0.0
2004-09-21,0.0,0.0,0.0
2004-09-22,18.0,20.8,18.1
2004-09-23,1.0,3.0,0.0
2004-09-24,0.0,0.1,0.0
2004-09-25,4.0,3.3,0.0
2004-09-26,16.0,19.8,17.0
2004-09-27,3.0,18.3,15.4
2004-09-28,0.0,0.8,0.0
2004-09-29,0.0,0.0,0.0
2004-09-30,0.0,0.0,0.0
2004-10-01,0.0,0.0,0.0
2004-10-02,0.0,0.0,0.0
2004-10-03,5.0,20.9,17.8
2004-10-04,1.0,4.7,0.0
2004-10-05,0.0,0.0,0.0
2004-10-06,0.0,0.3,0.0
2004-10-07,9.0,21.0,17.9
2004-10-08,0.0,0.6,0.0
2004-10-09,0.0,0.0,0.0
2004-10-10,0.0,0.0,0.0
2004-10-11,0.0,0.0,0.0
2004-10-12,0.0,0.4,0.0
2004-10-13,0.0,0.0,0.0
2004-10-14,0.0,0.0,0.0
2004-10-15,1.0,0.0,0.0
2004-10-16,2.0,2.8,0.0
2004-10-17,0.0,0.0,0.0
2004-10-18,0.0,0.0,0.0
2004-10-19,0.0,0.0,0.0
2004-10-20,0.0,0.0,0.0
2004-10-21,0.0,1.6,0.0
2004-10-22,0.0,1.9,0.0
2004-10-23,0.0,3.6,0.0
2004-10-24,0.0,48.9,66.1
2004-10-25,7.0,53.0,70.5
2004-10-26,0.0,2.1,0.0
2004-10-27,1.0,16.0,11.4
2004-10-28,4.0,1.2,0.0
2004-10-29,0.0,0.0,0.0
2004-10-30,0.0,1.7,0.0
2004-10-31,0.0,0.0,0.0
2004-11-01,0.0,0.0,0.0
2004-11-02,8.0,0.0,0.0
2004-11-03,75.0,21.1,19.1
2004-11-04,0.0,0.1,0.0
2004-11-05,0.0,0.0,0.0
2004-11-06,39.0,5.8,1.1
2004-11-07,0.0,0.0,0.0
2004-11-08,0.0,0.0,0.0
2004-11-09,0.0,0.1,0.0
2004-11-10,0.0,0.0,0.0
2004-11-11,0.0,0.0,0.0
2004-11-12,0.0,0.0,0.0
2004-11-13,0.0,0.2,0.0
2004-11-14,0.0,39.3,58.6
2004-11-15,44.0,66.7,98.9
2004-11-16,0.0,1.0,0.0
2004-11-17,0.0,0.0,0.0
2004-11-18,35.0,50.4,79.0
2004-11-19,0.0,2.6,0.0
2004-11-20,3.0,6.4,1.2
2004-11-21,60.0,83.7,89.7
2004-11-22,0.0,18.4,13.3
2004-11-23,0.0,0.7,0.0
2004-11-24,0.0,9.8,4.1
2004-11-25,1.0,3.2,0.0
2004-11-26,45.0,8.3,2.4
2004-11-27,39.0,62.3,73.5
2004-11-28,23.0,22.7,17.8
2004-11-29,13.0,13.5,8.1
2004-11-30,0.0,0.0,0.0
2004-12-01,26.0,17.6,16.3
2004-12-02,2.0,0.1,0.0
2004-12-03,54.0,77.5,131.8
2004-12-04,0.0,0.5,0.0
2004-12-05,0.0,0.0,0.0
2004-12-06,0.0,0.2,0.0
2004-12-07,0.0,0.0,0.0
2004-12-08,4.0,2.6,0.0
2004-12-09,0.0,3.2,0.0
2004-12-10,84.0,10.3,6.3
2004-12-11,0.0,0.1,0.0
2004-12-12,36.0,14.5,11.7
2004-12-13,69.0,4.7,0.0
2004-12-14,0.0,0.2,0.0
2004-12-15,0.0,9.8,5.2
2004-12-16,58.0,24.0,25.6
2004-12-17,0.0,4.9,0.0
2004-12-18,0.0,3.1,0.0
2004-12-19,3.0,17.5,16.0
2004-12-20,8.0,0.2,0.0
2004-12-21,0.0,10.5,6.4
2004-12-22,38.0,51.0,73.4
2004-12-23,0.0,0.3,0.0
2004-12-24,83.0,124.1,176.9
2004-12-25,0.0,1.3,0.0
2004-12-26,30.0,29.3,27.9
2004-12-27,0.0,2.3,0.0
2004-12-28,66.0,88.9,130.7
2004-12-29,34.0,32.7,44.3
2004-12-30,13.0,12.9,9.1
2004-12-31,28.0,43.4,62.0
2005-01-01,16.0,29.8,29.6
2005-01-02,0.0,1.8,0.0
2005-01-03,30.0,0.9,0.0
2005-01-04,0.0,1.5,0.0
2005-01-05,0.0,3.2,0.0
2005-01-06,6.0,3.7,1.0
2005-01-07,11.0,4.6,1.2
2005-01-08,7.0,6.8,3.3
2005-01-09,13.0,9.3,5.7
2005-01-10,6.0,14.4,10.8
2005-01-11,0.0,0.0,0.0
2005-01-12,26.0,0.0,0.0
2005-01-13,38.0,13.6,8.9
2005-01-14,21.0,7.7,2.6
2005-01-15,0.0,1.8,0.0
2005-01-16,53.0,54.0,63.7
2005-01-17,0.0,2.1,0.0
2005-01-18,6.0,12.9,8.1
2005-01-19,28.0,15.5,10.9
2005-01-20,1.0,11.5,6.7
2005-01-21,22.0,1.6,0.0
2005-01-22,0.0,4.1,1.0
2005-01-23,0.0,2.9,0.0
2005-01-24,33.0,61.9,85.6
2005-01-25,1.0,8.8,4.4
2005-01-26,0.0,6.0,1.8
2005-01-27,1.0,2.5,0.0
2005-01-28,4.0,8.4,4.1
2005-01-29,3.0,1.6,0.0
2005-01-30,0.0,1.0,0.0
2005-01-31,4.0,0.2,0.0
2005-02-01,0.0,6.2,3.6
2005-02-02,12.0,24.1,29.5
2005-02-03,0.0,1.4,0.0
2005-02-04,14.0,12.2,10.6
2005-02-05,6.0,5.4,2.7
2005-02-06,0.0,1.0,0.0
2005-02-07,2.0,6.2,3.5
2005-02-08,6.0,10.0,8.1
2005-02-09,0.0,2.2,0.0
2005-02-10,1.0,9.5,7.4
2005-02-11,0.0,0.5,0.0
2005-02-12,2.0,2.8,1.0
2005-02-13,2.0,12.9,11.7
2005-02-14,23.0,18.7,18.8
2005-02-15,0.0,0.4,0.0
2005-02-16,16.0,7.7,5.5
2005-02-17,23.0,24.9,31.3
2005-02-18,2.0,16.9,16.6
2005-02-19,11.0,9.5,7.6
2005-02-20,2.0,3.1,1.0
2005-02-21,0.0,2.1,0.0
2005-02-22,6.0,0.6,0.0
2005-02-23,4.0,2.8,0.0
2005-02-24,9.0,17.4,13.1
2005-02-25,52.0,26.7,23.9
2005-02-26,15.0,7.1,2.5
2005-02-27,35.0,7.3,2.7
2005-02-28,2.0,1.0,0.0
2005-03-01,19.0,10.0,6.9
2005-03-02,20.0,17.5,16.2
2005-03-03,10.0,13.1,10.7
2005-03-04,13.0,4.3,1.0
2005-03-05,41.0,20.0,19.5
2005-03-06,22.0,10.3,7.3
2005-03-07,85.0,57.5,97.4
2005-03-08,15.0,7.2,3.7
2005-03-09,11.0,0.1,0.0
2005-03-10,0.0,3.5,1.0
2005-03-11,7.0,11.1,7.2
2005-03-12,29.0,10.6,6.7
2005-03-13,1.0,2.4,0.0
2005-03-14,1.0,0.6,0.0
2005-03-15,7.0,4.3,1.0
2005-03-16,0.0,2.1,0.0
2005-03-17,2.0,4.8,1.0
2005-03-18,0.0,5.4,1.0
2005-03-19,0.0,0.5,0.0
2005-03-20,10.0,28.7,29.0
2005-03-21,1.0,0.8,0.0
2005-03-22,16.0,34.1,37.9
2005-03-23,0.0,3.2,0.0
2005-03-24,87.0,38.2,44.7
2005-03-25,0.0,3.3,0.0
2005-03-26,36.0,67.1,89.1
2005-03-27,7.0,18.6,14.5
2005-03-28,21.0,62.7,81.1
2005-03-29,0.0,2.0,0.0
2005-03-30,61.0,34.5,39.7
2005-03-31,0.0,13.4,9.0
2005-04-01,78.0,70.7,103.0
2005-04-02,0.0,0.5,0.0
2005-04-03,1.0,12.4,9.9
2005-04-04,36.0,12.6,10.1
2005-04-05,40.0,6.6,3.3
2005-04-06,42.0,4.1,1.0
2005-04-07,80.0,11.9,9.2
2005-04-08,12.0,13.3,10.9
2005-04-09,14.0,13.1,10.7
2005-04-10,2.0,5.0,1.7
2005-04-11,8.0,4.1,1.0
2005-04-12,4.0,7.2,2.9
2005-04-13,12.0,4.0,1.0
2005-04-14,6.0,5.2,1.3
2005-04-15,8.0,7.9,3.4
2005-04-16,0.0,0.5,0.0
2005-04-17,0.0,0.1,0.0
2005-04-18,0.0,0.0,0.0
2005-04-19,0.0,0.0,0.0
2005-04-20,0.0,0.0,0.0
2005-04-21,0.0,0.1,0.0
2005-04-22,0.0,0.0,0.0
2005-04-23,6.0,35.2,36.4
2005-04-24,0.0,7.2,2.7
2005-04-25,73.0,46.8,55.6
2005-04-26,0.0,0.0,0.0
2005-04-27,0.0,0.0,0.0
2005-04-28,0.0,0.0,0.0
2005-04-29,0.0,0.1,0.0
2005-04-30,0.0,0.0,0.0
2005-05-01,0.0,0.0,0.0
2005-05-02,0.0,0.0,0.0
2005-05-03,0.0,0.2,0.0
2005-05-04,0.0,0.9,0.0
2005-05-05,0.0,0.0,0.0
2005-05-06,7.0,3.6,1.2
2005-05-07,40.0,53.5,46.7
2005-05-08,20.0,12.0,8.0
2005-05-09,23.0,45.8,32.6
2005-05-10,17.0,9.5,5.9
2005-05-11,10.0,7.9,7.7
2005-05-12,0.0,10.7,11.2
2005-05-13,0.0,1.0,1.0
2005-05-14,0.0,0.0,0.0
2005-05-15,59.0,40.2,65.6
2005-05-16,0.0,4.6,3.8
2005-05-17,0.0,4.7,3.9
2005-05-18,0.0,0.0,0.0
2005-05-19,0.0,0.0,0.0
2005-05-20,0.0,0.0,0.0
2005-05-21,0.0,0.0,0.0
2005-05-22,0.0,0.0,0.0
2005-05-23,0.0,0.0,0.0
2005-05-24,1.0,0.0,0.0
2005-05-25,30.0,44.9,59.7
2005-05-26,0.0,1.4,1.0
2005-05-27,31.0,13.3,14.7
2005-05-28,34.0,13.6,15.1
2005-05-29,14.0,0.1,0.0
2005-05-30,0.0,0.1,0.0
2005-05-31,5.0,8.8,9.6
2005-06-01,17.0,11.8,12.8
2005-06-02,7.0,1.8,2.6
2005-06-03,0.0,0.0,0.0
2005-06-04,0.0,0.0,0.0
2005-06-05,0.0,0.1,0.0
2005-06-06,0.0,0.6,0.0
2005-06-07,4.0,0.0,0.0
2005-06-08,0.0,2.9,3.7
2005-06-09,3.0,0.8,0.0
2005-06-10,0.0,0.0,0.0
2005-06-11,0.0,0.0,0.0
2005-06-12,0.0,2.4,1.6
2005-06-13,0.0,0.8,0.0
2005-06-14,0.0,0.0,0.0
2005-06-15,2.0,0.1,0.0
2005-06-16,0.0,0.0,0.0
2005-06-17,0.0,3.5,2.7
2005-06-18,1.0,0.0,0.0
2005-06-19,1.0,0.8,0.0
2005-06-20,98.0,120.2,151.0
2005-06-21,38.0,8.1,8.7
2005-06-22,5.0,5.1,6.0
2005-06-23,9.0,12.2,12.2
2005-06-24,1.0,3.5,4.6
2005-06-25,32.0,101.3,120.1
2005-06-26,30.0,147.1,175.6
2005-06-27,3.0,4.2,5.2
2005-06-28,48.0,80.9,93.8
2005-06-29,0.0,12.9,12.9
2005-06-30,14.0,47.9,51.5
2005-07-01,66.0,63.9,67.4
2005-07-02,32.0,25.1,21.6
2005-07-03,28.0,12.3,10.4
2005-07-04,19.0,35.9,30.3
2005-07-05,13.0,40.0,35.0
2005-07-06,50.0,40.8,36.5
2005-07-07,1.0,10.5,8.9
2005-07-08,16.0,55.1,54.3
2005-07-09,10.0,37.0,31.7
2005-07-10,10.0,2.2,2.2
2005-07-11,7.0,1.3,1.3
2005-07-12,0.0,0.0,0.0
2005-07-13,0.0,0.0,0.0
2005-07-14,0.0,0.6,0.0
2005-07-15,0.0,0.0,0.0
2005-07-16,1.0,0.0,0.0
2005-07-17,20.0,5.6,6.2
2005-07-18,4.0,6.1,6.7
2005-07-19,3.0,8.3,9.3
2005-07-20,0.0,1.5,1.6
2005-07-21,23.0,2.1,2.2
2005-07-22,1.0,0.0,0.0
2005-07-23,0.0,4.3,4.2
2005-07-24,8.0,23.8,22.2
2005-07-25,4.0,5.1,4.9
2005-07-26,6.0,8.0,7.6
2005-07-27,0.0,0.0,0.0
2005-07-28,2.0,0.0,0.0
2005-07-29,0.0,4.1,4.0
2005-07-30,0.0,0.1,0.0
2005-07-31,0.0,0.0,0.0
2005-08-01,0.0,0.2,0.0
2005-08-02,0.0,2.5,1.1
2005-08-03,0.0,9.5,7.8
2005-08-04,0.0,5.0,3.3
2005-08-05,0.0,0.0,0.0
2005-08-06,0.0,0.0,0.0
2005-08-07,0.0,0.0,0.0
2005-08-08,0.0,0.0,0.0
2005-08-09,0.0,0.4,0.0
2005-08-10,0.0,0.0,0.0
2005-08-11,0.0,0.0,0.0
2005-08-12,0.0,1.4,1.0
2005-08-13,0.0,0.0,0.0
2005-08-14,0.0,0.4,0.0
2005-08-15,0.0,0.0,0.0
2005-08-16,0.0,0.1,0.0
2005-08-17,0.0,0.7,0.0
2005-08-18,0.0,27.0,24.3
2005-08-19,5.0,0.3,0.0
2005-08-20,5.0,5.8,4.3
2005-08-21,2.0,0.0,0.0
2005-08-22,0.0,0.6,0.0
2005-08-23,0.0,3.2,1.4
2005-08-24,0.0,0.1,0.0
2005-08-25,1.0,9.9,6.3
2005-08-26,5.0,0.0,0.0
2005-08-27,1.0,0.0,0.0
2005-08-28,3.0,0.3,0.0
2005-08-29,1.0,3.3,1.5
2005-08-30,1.0,0.0,0.0
2005-08-31,0.0,0.0,0.0
2005-09-01,0.0,0.0,0.0
2005-09-02,0.0,0.0,0.0
2005-09-03,0.0,0.3,0.0
2005-09-04,1.0,0.0,0.0
2005-09-05,5.0,0.0,0.0
2005-09-06,0.0,0.0,0.0
2005-09-07,14.0,0.0,0.0
2005-09-08,2.0,2.0,1.0
2005-09-09,0.0,0.0,0.0
2005-09-10,3.0,0.0,0.0
2005-09-11,1.0,0.0,0.0
2005-09-12,0.0,0.1,0.0
2005-09-13,9.0,0.1,0.0
2005-09-14,0.0,23.0,20.3
2005-09-15,0.0,66.8,77.9
2005-09-16,9.0,20.1,17.4
2005-09-17,6.0,6.7,3.7
2005-09-18,20.0,38.6,36.1
2005-09-19,4.0,36.4,32.7
2005-09-20,0.0,3.0,1.0
2005-09-21,5.0,119.4,134.3
2005-09-22,0.0,5.1,1.5
2005-09-23,72.0,6.6,2.9
2005-09-24,0.0,1.2,0.0
2005-09-25,0.0,10.2,6.6
2005-09-26,0.0,0.0,0.0
2005-09-27,9.0,0.8,0.0
2005-09-28,0.0,0.8,0.0
2005-09-29,6.0,0.0,0.0
2005-09-30,0.0,3.6,1.0
2005-10-01,0.0,0.5,0.0
2005-10-02,6.0,52.0,76.6
2005-10-03,50.0,18.8,15.2
2005-10-04,36.0,30.0,29.8
2005-10-05,8.0,7.1,1.8
2005-10-06,2.0,25.9,24.2
2005-10-07,27.0,45.6,63.3
2005-10-08,4.0,7.5,2.2
2005-10-09,0.0,7.2,1.9
2005-10-10,3.0,67.0,97.9
2005-10-11,4.0,6.0,1.7
2005-10-12,3.0,0.0,0.0
2005-10-13,0.0,5.7,1.3
2005-10-14,5.0,51.5,68.7
2005-10-15,9.0,39.9,51.4
2005-10-16,19.0,3.3,0.0
2005-10-17,3.0,67.1,91.6
2005-10-18,28.0,5.1,1.0
2005-10-19,1.0,0.0,0.0
2005-10-20,0.0,23.2,22.7
2005-10-21,13.0,3.0,0.0
2005-10-22,3.0,18.0,13.8
2005-10-23,0.0,5.9,1.0
2005-10-24,0.0,6.8,1.5
2005-10-25,1.0,0.2,0.0
2005-10-26,0.0,11.6,6.4
2005-10-27,10.0,3.3,0.0
2005-10-28,0.0,0.0,0.0
2005-10-29,0.0,0.0,0.0
2005-10-30,0.0,2.3,0.0
2005-10-31,0.0,27.8,36.4
2005-11-01,68.0,3.5,0.0
2005-11-02,5.0,2.3,0.0
2005-11-03,12.0,0.0,0.0
2005-11-04,0.0,0.1,0.0
2005-11-05,5.0,0.0,0.0
2005-11-06,0.0,11.9,7.8
2005-11-07,29.0,0.9,0.0
2005-11-08,0.0,18.7,16.1
2005-11-09,6.0,1.0,0.0
2005-11-10,18.0,0.5,0.0
2005-11-11,0.0,10.8,6.0
2005-11-12,12.0,0.3,0.0
2005-11-13,0.0,0.1,0.0
2005-11-14,2.0,6.8,1.6
2005-11-15,2.0,25.5,24.2
2005-11-16,45.0,21.4,19.0
2005-11-17,27.0,19.3,16.3
2005-11-18,1.0,2.5,0.0
2005-11-19,5.0,0.6,0.0
2005-11-20,4.0,0.9,0.0
2005-11-21,2.0,0.0,0.0
2005-11-22,1.0,14.6,9.3
2005-11-23,11.0,0.0,0.0
2005-11-24,97.0,34.8,31.0
2005-11-25,61.0,18.6,13.5
2005-11-26,2.0,52.9,64.5
2005-11-27,36.0,30.2,26.2
2005-11-28,13.0,3.0,0.0
2005-11-29,0.0,7.8,1.9
2005-11-30,0.0,54.5,64.6
2005-12-01,7.0,5.6,1.0
2005-12-02,10.0,2.5,0.0
2005-12-03,0.0,37.4,57.4
2005-12-04,7.0,27.8,31.4
2005-12-05,8.0,7.8,3.2
2005-12-06,1.0,3.5,0.0
2005-12-07,1.0,57.8,95.8
2005-12-08,16.0,0.1,0.0
2005-12-09,7.0,2.0,0.0
2005-12-10,0.0,4.3,0.0
2005-12-11,13.0,36.3,53.5
2005-12-12,36.0,28.9,40.9
2005-12-13,0.0,4.7,0.0
2005-12-14,31.0,28.3,31.9
2005-12-15,5.0,58.8,91.6
2005-12-16,40.0,4.7,0.0
2005-12-17,1.0,2.8,0.0
2005-12-18,0.0,10.4,6.0
2005-12-19,5.0,0.0,0.0
2005-12-20,0.0,38.5,56.4
2005-12-21,31.0,5.8,1.2
2005-12-22,7.0,3.1,0.0
2005-12-23,1.0,9.2,4.9
2005-12-24,1.0,52.5,78.6
2005-12-25,36.0,55.5,81.3
2005-12-26,14.0,30.6,40.5
2005-12-27,4.0,32.2,43.0
2005-12-28,6.0,5.5,1.0
2005-12-29,2.0,98.7,143.7
2005-12-30,48.0,63.3,92.9
2005-12-31,35.0,0.0,0.0
2006-01-01,0.0,0.1,0.0
2006-01-02,13.0,23.6,20.4
2006-01-03,23.0,69.0,98.5
2006-01-04,0.0,8.7,5.1
2006-01-05,42.0,52.7,67.5
2006-01-06,3.0,0.0,0.0
2006-01-07,8.0,16.1,12.5
2006-01-08,0.0,0.2,0.0
2006-01-09,3.0,3.0,0.0
2006-01-10,5.0,23.6,20.6
2006-01-11,6.0,1.4,0.0
2006-01-12,2.0,9.3,4.4
2006-01-13,0.0,0.0,0.0
2006-01-14,72.0,59.2,72.4
2006-01-15,0.0,9.6,4.6
2006-01-16,7.0,17.7,13.3
2006-01-17,2.0,1.1,0.0
2006-01-18,56.0,24.6,22.1
2006-01-19,45.0,27.6,30.6
2006-01-20,26.0,13.7,9.0
2006-01-21,0.0,0.7,0.0
2006-01-22,25.0,3.5,0.0
2006-01-23,8.0,1.0,0.0
2006-01-24,0.0,6.0,1.7
2006-01-25,41.0,30.6,36.8
2006-01-26,6.0,4.9,1.0
2006-01-27,6.0,6.8,2.5
2006-01-28,1.0,0.2,0.0
2006-01-29,0.0,0.5,0.0
2006-01-30,0.0,4.2,1.0
2006-01-31,0.0,0.2,0.0
2006-02-01,0.0,13.8,12.6
2006-02-02,0.0,2.5,0.0
2006-02-03,1.0,2.4,0.0
2006-02-04,0.0,0.2,0.0
2006-02-05,0.0,1.7,0.0
2006-02-06,34.0,19.6,24.4
2006-02-07,0.0,2.9,0.0
2006-02-08,9.0,3.9,1.0
2006-02-09,1.0,0.3,0.0
2006-02-10,1.0,1.8,0.0
2006-02-11,2.0,7.6,5.4
2006-02-12,265.0,2.0,0.0
2006-02-13,11.0,9.2,7.2
2006-02-14,1.0,2.6,0.0
2006-02-15,42.0,7.6,5.3
2006-02-16,7.0,13.0,11.9
2006-02-17,4.0,0.2,0.0
2006-02-18,0.0,1.6,0.0
2006-02-19,3.0,19.1,19.4
2006-02-20,5.0,1.0,0.0
2006-02-21,0.0,8.4,3.8
2006-02-22,7.0,7.8,3.2
2006-02-23,1.0,2.6,0.0
2006-02-24,6.0,2.1,0.0
2006-02-25,4.0,3.7,0.0
2006-02-26,5.0,3.9,0.0
2006-02-27,8.0,17.1,12.8
2006-02-28,41.0,45.6,71.1
2006-03-01,50.0,21.4,21.3
2006-03-02,28.0,41.3,62.9
2006-03-03,44.0,7.5,4.0
2006-03-04,13.0,25.5,26.6
2006-03-05,1.0,3.0,0.0
2006-03-06,8.0,10.6,7.6
2006-03-07,0.0,1.3,0.0
2006-03-08,0.0,1.4,0.0
2006-03-09,0.0,9.6,6.4
2006-03-10,5.0,5.8,2.2
2006-03-11,0.0,0.1,0.0
2006-03-12,5.0,16.8,14.0
2006-03-13,7.0,15.4,12.3
2006-03-14,20.0,23.5,22.3
2006-03-15,19.0,29.7,30.2
2006-03-16,3.0,17.4,14.8
2006-03-17,0.0,3.2,0.0
2006-03-18,9.0,11.3,7.4
2006-03-19,2.0,14.7,11.5
2006-03-20,0.0,4.6,1.0
2006-03-21,5.0,29.1,26.1
2006-03-22,0.0,3.1,0.0
2006-03-23,5.0,39.6,45.9
2006-03-24,17.0,45.4,54.3
2006-03-25,4.0,2.9,0.0
2006-03-26,0.0,3.0,0.0
2006-03-27,13.0,37.6,42.7
2006-03-28,0.0,0.7,0.0
2006-03-29,26.0,31.8,33.9
2006-03-30,9.0,26.9,23.7
2006-03-31,19.0,18.5,14.3
2006-04-01,0.0,0.0,0.0
2006-04-02,15.0,26.1,26.2
2006-04-03,0.0,2.3,0.0
2006-04-04,0.0,0.8,0.0
2006-04-05,0.0,0.1,0.0
2006-04-06,9.0,23.8,23.7
2006-04-07,15.0,8.0,4.9
2006-04-08,15.0,12.0,9.3
2006-04-09,7.0,0.1,0.0
2006-04-10,28.0,5.6,2.2
2006-04-11,1.0,3.6,1.0
2006-04-12,5.0,0.0,0.0
2006-04-13,57.0,61.0,63.5
2006-04-14,9.0,16.6,11.3
2006-04-15,11.0,45.3,42.5
2006-04-16,16.0,23.8,18.2
2006-04-17,23.0,25.5,19.9
2006-04-18,0.0,3.4,1.0
2006-04-19,12.0,10.6,5.8
2006-04-20,10.0,7.8,3.4
2006-04-21,0.0,0.0,0.0
2006-04-22,0.0,3.3,0.0
2006-04-23,5.0,0.7,0.0
2006-04-24,25.0,53.4,67.1
2006-04-25,54.0,71.4,98.8
2006-04-26,25.0,6.5,2.0
2006-04-27,1.0,2.0,0.0
2006-04-28,2.0,10.4,5.9
2006-04-29,2.0,2.3,0.0
2006-04-30,3.0,18.8,15.1
2006-05-01,2.0,9.3,5.8
2006-05-02,4.0,14.3,10.0
2006-05-03,0.0,0.0,0.0
2006-05-04,0.0,0.0,0.0
2006-05-05,0.0,1.6,0.0
2006-05-06,0.0,0.0,0.0
2006-05-07,2.0,2.5,1.0
2006-05-08,0.0,4.2,1.6
2006-05-09,3.0,3.3,1.0
2006-05-10,2.0,0.0,0.0
2006-05-11,93.0,40.1,67.4
2006-05-12,0.0,9.0,9.0
2006-05-13,3.0,0.0,0.0
2006-05-14,0.0,2.6,1.7
2006-05-15,0.0,0.3,0.0
2006-05-16,0.0,0.0,0.0
2006-05-17,0.0,0.6,0.0
2006-05-18,0.0,1.3,1.0
2006-05-19,16.0,8.5,8.4
2006-05-20,0.0,5.5,4.8
2006-05-21,34.0,92.8,109.4
2006-05-22,2.0,5.6,5.8
2006-05-23,68.0,4.3,4.3
2006-05-24,2.0,0.7,0.0
2006-05-25,139.0,38.8,50.2
2006-05-26,91.0,2.6,2.4
2006-05-27,0.0,4.6,4.7
2006-05-28,3.0,3.3,3.2
2006-05-29,1.0,0.0,0.0
2006-05-30,9.0,0.3,0.0
2006-05-31,6.0,7.3,7.8
2006-06-01,0.0,4.4,5.1
2006-06-02,12.0,16.5,17.8
2006-06-03,10.0,3.9,4.6
2006-06-04,1.0,11.9,12.9
2006-06-05,1.0,3.2,3.9
2006-06-06,43.0,41.7,47.5
2006-06-07,7.0,5.0,5.8
2006-06-08,2.0,0.1,0.0
2006-06-09,64.0,62.2,80.9
2006-06-10,1.0,3.4,4.2
2006-06-11,77.0,0.9,0.0
2006-06-12,3.0,0.4,0.0
2006-06-13,11.0,23.0,25.2
2006-06-14,39.0,43.1,59.7
2006-06-15,5.0,0.3,0.0
2006-06-16,50.0,35.9,46.6
2006-06-17,1.0,0.2,0.0
2006-06-18,2.0,4.0,3.2
2006-06-19,9.0,13.4,13.7
2006-06-20,0.0,0.0,0.0
2006-06-21,3.0,0.0,0.0
2006-06-22,5.0,5.4,6.2
2006-06-23,6.0,15.0,14.7
2006-06-24,4.0,3.9,4.9
2006-06-25,5.0,8.3,8.8
2006-06-26,61.0,28.1,26.6
2006-06-27,2.0,1.2,2.5
2006-06-28,42.0,36.8,36.9
2006-06-29,2.0,11.6,11.7
2006-06-30,7.0,0.3,0.0
2006-07-01,8.0,0.1,0.0
2006-07-02,1.0,0.0,0.0
2006-07-03,2.0,0.0,0.0
2006-07-04,0.0,0.2,0.0
2006-07-05,1.0,0.5,0.0
2006-07-06,0.0,0.0,0.0
2006-07-07,0.0,0.0,0.0
2006-07-08,0.0,0.0,0.0
2006-07-09,6.0,0.4,0.0
2006-07-10,8.0,0.0,0.0
2006-07-11,37.0,22.7,28.8
2006-07-12,1.0,4.8,5.2
2006-07-13,0.0,16.0,18.8
2006-07-14,0.0,0.2,0.0
2006-07-15,0.0,4.9,5.3
2006-07-16,32.0,33.3,45.6
2006-07-17,4.0,13.5,15.3
2006-07-18,4.0,0.2,0.0
2006-07-19,0.0,0.0,0.0
2006-07-20,4.0,0.1,0.0
2006-07-21,0.0,0.1,0.0
2006-07-22,7.0,1.2,1.2
2006-07-23,19.0,8.8,8.4
2006-07-24,2.0,2.9,2.8
2006-07-25,0.0,0.0,0.0
2006-07-26,1.0,0.0,0.0
2006-07-27,0.0,1.0,0.0
2006-07-28,0.0,0.0,0.0
2006-07-29,0.0,2.0,2.1
2006-07-30,28.0,2.7,2.7
2006-07-31,3.0,14.5,14.0
2006-08-01,8.0,0.9,0.0
2006-08-02,15.0,0.7,0.0
2006-08-03,0.0,4.0,2.3
2006-08-04,0.0,0.0,0.0
2006-08-05,0.0,0.0,0.0
2006-08-06,0.0,0.0,0.0
2006-08-07,0.0,0.0,0.0
2006-08-08,0.0,0.5,0.0
2006-08-09,0.0,0.0,0.0
2006-08-10,0.0,0.0,0.0
2006-08-11,1.0,0.3,0.0
2006-08-12,1.0,2.0,1.0
2006-08-13,2.0,5.5,4.1
2006-08-14,2.0,1.4,1.0
2006-08-15,0.0,2.0,1.0
2006-08-16,7.0,9.7,8.0
2006-08-17,0.0,1.5,1.0
2006-08-18,0.0,0.0,0.0
2006-08-19,0.0,0.0,0.0
2006-08-20,0.0,0.0,0.0
2006-08-21,2.0,0.0,0.0
2006-08-22,0.0,0.0,0.0
2006-08-23,0.0,0.0,0.0
2006-08-24,0.0,0.1,0.0
2006-08-25,1.0,0.0,0.0
2006-08-26,0.0,0.4,0.0
2006-08-27,11.0,7.3,4.3
2006-08-28,0.0,1.2,0.0
2006-08-29,2.0,0.0,0.0
2006-08-30,12.0,7.5,4.5
2006-08-31,5.0,0.0,0.0
2006-09-01,0.0,12.2,10.0
2006-09-02,3.0,11.8,9.6
2006-09-03,19.0,9.1,6.9
2006-09-04,7.0,9.0,6.8
2006-09-05,15.0,15.9,13.7
2006-09-06,0.0,1.8,0.0
2006-09-07,13.0,17.9,15.6
2006-09-08,0.0,0.0,0.0
2006-09-09,0.0,0.0,0.0
2006-09-10,0.0,2.1,1.0
2006-09-11,0.0,3.9,1.0
2006-09-12,0.0,0.0,0.0
2006-09-13,0.0,0.0,0.0
2006-09-14,0.0,0.0,0.0
2006-09-15,2.0,0.4,0.0
2006-09-16,11.0,10.4,7.5
2006-09-17,10.0,18.3,15.5
2006-09-18,10.0,7.6,4.6
2006-09-19,8.0,2.0,0.0
2006-09-20,8.0,21.8,19.1
2006-09-21,3.0,3.0,0.0
2006-09-22,0.0,1.4,0.0
2006-09-23,2.0,10.6,7.0
2006-09-24,165.0,61.5,86.2
2006-09-25,4.0,5.0,1.4
2006-09-26,0.0,0.2,0.0
2006-09-27,0.0,0.0,0.0
2006-09-28,0.0,0.1,0.0
2006-09-29,16.0,22.0,19.4
2006-09-30,0.0,0.3,0.0
2006-10-01,5.0,0.0,0.0
2006-10-02,0.0,0.0,0.0
2006-10-03,0.0,0.0,0.0
2006-10-04,0.0,0.0,0.0
2006-10-05,5.0,4.5,0.0
2006-10-06,0.0,0.0,0.0
2006-10-07,0.0,0.0,0.0
2006-10-08,0.0,0.0,0.0
2006-10-09,0.0,0.0,0.0
2006-10-10,0.0,0.1,0.0
2006-10-11,0.0,0.0,0.0
2006-10-12,0.0,0.0,0.0
2006-10-13,0.0,0.0,0.0
2006-10-14,0.0,0.0,0.0
2006-10-15,0.0,0.0,0.0
2006-10-16,0.0,0.0,0.0
2006-10-17,0.0,3.5,0.0
2006-10-18,0.0,1.2,0.0
2006-10-19,1.0,1.4,0.0
2006-10-20,1.0,0.0,0.0
2006-10-21,0.0,0.3,0.0
2006-10-22,0.0,0.0,0.0
2006-10-23,0.0,1.9,0.0
2006-10-24,0.0,0.0,0.0
2006-10-25,0.0,0.0,0.0
2006-10-26,0.0,0.0,0.0
2006-10-27,0.0,0.0,0.0
2006-10-28,2.0,1.1,0.0
2006-10-29,0.0,0.0,0.0
2006-10-30,0.0,0.0,0.0
2006-10-31,0.0,0.1,0.0
2006-11-01,0.0,0.0,0.0
2006-11-02,0.0,1.3,0.0
2006-11-03,1.0,1.9,0.0
2006-11-04,2.0,1.7,0.0
2006-11-05,0.0,0.5,0.0
2006-11-06,0.0,2.4,0.0
2006-11-07,0.0,0.0,0.0
2006-11-08,0.0,2.9,0.0
2006-11-09,0.0,3.2,0.0
2006-11-10,0.0,0.7,0.0
2006-11-11,44.0,0.5,0.0
2006-11-12,87.0,30.7,31.3
2006-11-13,0.0,1.8,0.0
2006-11-14,16.0,0.3,0.0
2006-11-15,15.0,49.4,77.3
2006-11-16,0.0,7.5,2.4
2006-11-17,11.0,14.8,10.8
2006-11-18,8.0,6.3,1.1
2006-11-19,0.0,0.6,0.0
2006-11-20,5.0,3.6,0.0
2006-11-21,6.0,10.1,4.4
2006-11-22,0.0,1.9,0.0
2006-11-23,75.0,22.5,17.6
2006-11-24,11.0,3.9,0.0
2006-11-25,7.0,3.3,0.0
2006-11-26,0.0,0.0,0.0
2006-11-27,0.0,1.0,0.0
2006-11-28,0.0,1.6,0.0
2006-11-29,61.0,6.4,1.0
2006-11-30,0.0,1.7,0.0
2006-12-01,0.0,0.3,0.0
2006-12-02,0.0,0.0,0.0
2006-12-03,0.0,0.0,0.0
2006-12-04,0.0,0.0,0.0
2006-12-05,2.0,2.8,0.0
2006-12-06,1.0,0.0,0.0
2006-12-07,18.0,1.3,0.0
2006-12-08,98.0,35.7,53.6
2006-12-09,1.0,14.4,11.8
2006-12-10,0.0,0.4,0.0
2006-12-11,0.0,3.7,0.0
2006-12-12,1.0,7.6,2.4
2006-12-13,84.0,28.6,41.8
2006-12-14,114.0,68.2,108.3
2006-12-15,0.0,0.9,0.0
2006-12-16,63.0,42.1,62.0
2006-12-17,2.0,4.4,0.0
2006-12-18,0.0,1.1,0.0
2006-12-19,56.0,12.0,8.2
2006-12-20,2.0,0.2,0.0
2006-12-21,5.0,4.5,0.0
2006-12-22,46.0,39.8,56.4
2006-12-23,91.0,38.4,54.9
2006-12-24,2.0,2.6,0.0
2006-12-25,206.0,84.4,125.3
2006-12-26,0.0,1.2,0.0
2006-12-27,54.0,17.0,13.9
2006-12-28,54.0,77.8,116.2
2006-12-29,2.0,13.2,9.5
2006-12-30,36.0,1.2,0.0
2006-12-31,0.0,38.9,54.7
2007-01-01,21.0,33.2,35.3
2007-01-02,26.0,12.2,8.6
2007-01-03,10.0,18.9,15.4
2007-01-04,8.0,8.2,4.6
2007-01-05,4.0,8.0,4.4
2007-01-06,2.0,5.4,1.9
2007-01-07,0.0,0.3,0.0
2007-01-08,0.0,8.9,5.3
2007-01-09,0.0,0.5,0.0
2007-01-10,0.0,0.1,0.0
2007-01-11,0.0,54.9,65.4
2007-01-12,13.0,8.9,3.9
2007-01-13,4.0,10.5,5.6
2007-01-14,8.0,15.2,10.7
2007-01-15,29.0,0.7,0.0
2007-01-16,0.0,33.0,37.2
2007-01-17,23.0,7.0,1.9
2007-01-18,2.0,0.9,0.0
2007-01-19,0.0,18.9,14.6
2007-01-20,8.0,0.0,0.0
2007-01-21,1.0,0.5,0.0
2007-01-22,0.0,0.3,0.0
2007-01-23,1.0,0.3,0.0
2007-01-24,12.0,38.6,52.5
2007-01-25,50.0,9.6,5.2
2007-01-26,4.0,16.2,12.0
2007-01-27,3.0,27.2,30.2
2007-01-28,8.0,20.6,16.6
2007-01-29,9.0,15.8,11.5
2007-01-30,2.0,0.3,0.0
2007-01-31,0.0,0.2,0.0
2007-02-01,0.0,14.3,13.2
2007-02-02,2.0,0.6,0.0
2007-02-03,5.0,1.5,0.0
2007-02-04,3.0,0.6,0.0
2007-02-05,0.0,0.0,0.0
2007-02-06,1.0,0.7,0.0
2007-02-07,0.0,0.1,0.0
2007-02-08,0.0,3.5,1.0
2007-02-09,18.0,0.2,0.0
2007-02-10,2.0,1.2,0.0
2007-02-11,0.0,7.0,4.7
2007-02-12,4.0,3.8,1.1
2007-02-13,0.0,9.0,6.9
2007-02-14,1.0,7.0,4.7
2007-02-15,1.0,0.8,0.0
2007-02-16,0.0,20.5,21.1
2007-02-17,14.0,14.2,13.3
2007-02-18,2.0,23.4,24.8
2007-02-19,6.0,22.0,23.7
2007-02-20,4.0,24.0,29.6
2007-02-21,13.0,3.6,0.0
2007-02-22,1.0,25.3,24.8
2007-02-23,54.0,3.2,0.0
2007-02-24,0.0,19.9,15.8
2007-02-25,15.0,20.8,16.8
2007-02-26,5.0,20.0,16.0
2007-02-27,5.0,8.7,4.1
2007-02-28,9.0,0.1,0.0
2007-03-01,0.0,3.8,1.0
2007-03-02,7.0,0.0,0.0
2007-03-03,0.0,9.7,6.5
2007-03-04,3.0,24.5,25.5
2007-03-05,8.0,3.4,1.0
2007-03-06,2.0,0.3,0.0
2007-03-07,1.0,6.4,2.8
2007-03-08,3.0,0.0,0.0
2007-03-09,0.0,13.6,11.4
2007-03-10,10.0,22.9,23.3
2007-03-11,11.0,33.6,34.8
2007-03-12,17.0,10.4,6.4
2007-03-13,20.0,0.6,0.0
2007-03-14,0.0,29.5,29.9
2007-03-15,55.0,23.0,21.8
2007-03-16,8.0,3.2,0.0
2007-03-17,5.0,0.3,0.0
2007-03-18,0.0,10.4,6.4
2007-03-19,11.0,103.6,144.7
2007-03-20,50.0,36.3,48.3
2007-03-21,41.0,1.9,0.0
2007-03-22,3.0,0.6,0.0
2007-03-23,0.0,11.5,7.0
2007-03-24,12.0,0.8,0.0
2007-03-25,10.0,27.4,24.7
2007-03-26,9.0,35.5,40.1
2007-03-27,30.0,2.1,0.0
2007-03-28,0.0,3.9,0.0
2007-03-29,2.0,34.7,38.2
2007-03-30,14.0,4.4,1.0
2007-03-31,4.0,7.4,2.9
2007-04-01,11.0,5.5,2.2
2007-04-02,83.0,32.5,41.5
2007-04-03,5.0,12.2,9.6
2007-04-04,82.0,29.8,36.5
2007-04-05,14.0,48.7,67.8
2007-04-06,13.0,12.6,10.1
2007-04-07,9.0,3.5,1.0
2007-04-08,1.0,59.6,85.6
2007-04-09,24.0,36.6,49.3
2007-04-10,65.0,3.7,1.0
2007-04-11,0.0,0.9,0.0
2007-04-12,0.0,18.7,13.3
2007-04-13,17.0,17.5,12.1
2007-04-14,4.0,33.4,29.1
2007-04-15,31.0,1.9,0.0
2007-04-16,2.0,6.0,1.9
2007-04-17,14.0,11.3,6.4
2007-04-18,35.0,0.9,0.0
2007-04-19,1.0,17.6,12.2
2007-04-20,10.0,1.4,0.0
2007-04-21,6.0,3.1,0.0
2007-04-22,1.0,1.5,0.0
2007-04-23,0.0,3.3,0.0
2007-04-24,3.0,7.3,2.8
2007-04-25,0.0,0.0,0.0
2007-04-26,0.0,0.0,0.0
2007-04-27,0.0,2.3,0.0
2007-04-28,29.0,1.5,0.0
2007-04-29,26.0,12.9,8.6
2007-04-30,70.0,5.9,1.5
2007-05-01,11.0,42.1,34.5
2007-05-02,13.0,0.0,0.0
2007-05-03,0.0,37.0,30.7
2007-05-04,24.0,0.2,0.0
2007-05-05,7.0,26.1,20.4
2007-05-06,6.0,11.7,7.8
2007-05-07,2.0,2.2,1.0
2007-05-08,31.0,37.0,30.3
2007-05-09,8.0,10.7,6.9
2007-05-10,6.0,14.7,10.3
2007-05-11,15.0,0.3,0.0
2007-05-12,4.0,0.4,0.0
2007-05-13,1.0,0.0,0.0
2007-05-14,0.0,0.0,0.0
2007-05-15,1.0,0.0,0.0
2007-05-16,0.0,0.0,0.0
2007-05-17,0.0,5.7,5.0
2007-05-18,5.0,11.2,11.9
2007-05-19,97.0,15.7,17.7
2007-05-20,6.0,1.1,1.0
2007-05-21,1.0,0.0,0.0
2007-05-22,1.0,16.7,19.3
2007-05-23,11.0,4.1,4.1
2007-05-24,29.0,16.2,19.5
2007-05-25,46.0,2.9,2.8
2007-05-26,4.0,11.4,12.6
2007-05-27,3.0,5.6,5.9
2007-05-28,6.0,4.8,5.0
2007-05-29,4.0,6.9,7.3
2007-05-30,1.0,2.8,2.6
2007-05-31,5.0,10.5,11.6
2007-06-01,14.0,8.5,9.3
2007-06-02,27.0,62.2,82.1
2007-06-03,24.0,20.5,22.9
2007-06-04,25.0,1.6,2.4
2007-06-05,1.0,15.4,16.6
2007-06-06,11.0,10.4,11.4
2007-06-07,0.0,13.0,14.1
2007-06-08,58.0,0.0,0.0
2007-06-09,5.0,0.0,0.0
2007-06-10,6.0,0.0,0.0
2007-06-11,2.0,1.1,1.0
2007-06-12,5.0,4.5,3.7
2007-06-13,31.0,1.2,1.0
2007-06-14,0.0,67.3,101.0
2007-06-15,28.0,40.5,56.5
2007-06-16,96.0,4.3,3.5
2007-06-17,5.0,70.8,108.1
2007-06-18,106.0,5.6,5.0
2007-06-19,0.0,0.0,0.0
2007-06-20,0.0,31.1,36.1
2007-06-21,46.0,0.9,0.0
2007-06-22,3.0,4.7,5.6
2007-06-23,0.0,7.7,8.3
2007-06-24,1.0,0.0,0.0
2007-06-25,0.0,2.3,3.5
2007-06-26,0.0,0.1,0.0
2007-06-27,0.0,2.5,3.7
2007-06-28,2.0,1.9,3.1
2007-06-29,10.0,1.6,2.9
2007-06-30,3.0,0.1,0.0
2007-07-01,1.0,2.5,2.4
2007-07-02,0.0,0.0,0.0
2007-07-03,0.0,0.4,0.0
2007-07-04,0.0,2.9,2.7
2007-07-05,2.0,0.0,0.0
2007-07-06,1.0,1.1,0.0
2007-07-07,2.0,0.0,0.0
2007-07-08,0.0,0.0,0.0
2007-07-09,0.0,0.2,0.0
2007-07-10,0.0,0.2,0.0
2007-07-11,0.0,0.6,0.0
2007-07-12,1.0,0.0,0.0
2007-07-13,0.0,0.0,0.0
2007-07-14,0.0,0.1,0.0
2007-07-15,0.0,2.5,2.7
2007-07-16,0.0,0.0,0.0
2007-07-17,1.0,1.2,1.3
2007-07-18,1.0,1.2,1.3
2007-07-19,0.0,0.0,0.0
2007-07-20,1.0,0.0,0.0
2007-07-21,0.0,0.0,0.0
2007-07-22,0.0,0.0,0.0
2007-07-23,0.0,0.0,0.0
2007-07-24,0.0,0.9,0.0
2007-07-25,0.0,0.5,0.0
2007-07-26,2.0,9.0,8.6
2007-07-27,2.0,0.5,0.0
2007-07-28,0.0,6.5,6.3
2007-07-29,8.0,0.7,0.0
2007-07-30,2.0,5.0,4.8
2007-07-31,2.0,0.0,0.0
2007-08-01,1.0,0.3,0.0
2007-08-02,1.0,0.0,0.0
2007-08-03,2.0,0.0,0.0
2007-08-04,0.0,7.4,5.7
2007-08-05,1.0,1.4,1.0
2007-08-06,11.0,0.1,0.0
2007-08-07,4.0,16.5,15.5
2007-08-08,8.0,15.4,14.1
2007-08-09,6.0,6.2,4.4
2007-08-10,15.0,1.1,1.0
2007-08-11,6.0,36.5,40.7
2007-08-12,25.0,0.5,0.0
2007-08-13,13.0,45.2,55.6
2007-08-14,102.0,62.0,74.7
2007-08-15,55.0,2.9,1.6
2007-08-16,15.0,36.6,42.0
2007-08-17,79.0,35.8,37.8
2007-08-18,19.0,12.1,10.7
2007-08-19,9.0,19.5,18.7
2007-08-20,80.0,51.0,62.8
2007-08-21,85.0,10.1,6.5
2007-08-22,13.0,24.2,19.0
2007-08-23,29.0,9.0,5.6
2007-08-24,0.0,16.8,12.2
2007-08-25,93.0,6.5,3.7
2007-08-26,12.0,0.1,0.0
2007-08-27,0.0,0.0,0.0
2007-08-28,0.0,2.8,1.2
2007-08-29,5.0,7.4,4.3
2007-08-30,6.0,0.0,0.0
2007-08-31,12.0,20.6,15.5
2007-09-01,21.0,17.0,14.7
2007-09-02,6.0,1.4,0.0
2007-09-03,1.0,5.7,3.7
2007-09-04,1.0,48.3,59.4
2007-09-05,54.0,1.5,0.0
2007-09-06,28.0,0.0,0.0
2007-09-07,2.0,0.5,0.0
2007-09-08,0.0,0.0,0.0
2007-09-09,0.0,0.1,0.0
2007-09-10,0.0,0.1,0.0
2007-09-11,0.0,1.3,0.0
2007-09-12,0.0,0.0,0.0
2007-09-13,0.0,3.6,1.0
2007-09-14,1.0,26.4,24.3
2007-09-15,6.0,46.6,48.4
2007-09-16,31.0,0.1,0.0
2007-09-17,16.0,9.4,6.4
2007-09-18,1.0,10.2,7.3
2007-09-19,3.0,47.3,48.9
2007-09-20,61.0,6.8,3.9
2007-09-21,4.0,57.0,80.0
2007-09-22,56.0,39.1,42.2
2007-09-23,139.0,6.4,2.7
2007-09-24,0.0,0.0,0.0
2007-09-25,0.0,0.0,0.0
2007-09-26,0.0,0.7,0.0
2007-09-27,0.0,1.6,0.0
2007-09-28,0.0,11.0,7.4
2007-09-29,8.0,1.1,0.0
2007-09-30,0.0,20.7,18.1
2007-10-01,9.0,17.3,13.2
2007-10-02,10.0,4.0,0.0
2007-10-03,0.0,40.9,52.5
2007-10-04,14.0,9.7,4.4
2007-10-05,24.0,1.0,0.0
2007-10-06,2.0,0.0,0.0
2007-10-07,0.0,7.2,1.9
2007-10-08,15.0,1.5,0.0
2007-10-09,4.0,9.9,4.7
2007-10-10,7.0,11.1,5.9
2007-10-11,1.0,26.1,26.6
2007-10-12,10.0,10.4,6.6
2007-10-13,4.0,4.2,1.0
2007-10-14,10.0,11.3,7.7
2007-10-15,26.0,5.9,1.5
2007-10-16,0.0,1.8,0.0
2007-10-17,35.0,1.7,0.0
2007-10-18,0.0,0.9,0.0
2007-10-19,0.0,1.1,0.0
2007-10-20,0.0,25.9,25.7
2007-10-21,16.0,0.2,0.0
2007-10-22,0.0,4.8,0.0
2007-10-23,0.0,24.5,21.6
2007-10-24,17.0,20.5,16.6
2007-10-25,3.0,5.2,1.0
2007-10-26,2.0,9.2,3.8
2007-10-27,5.0,22.5,19.5
2007-10-28,12.0,0.5,0.0
2007-10-29,2.0,40.4,55.8
2007-10-30,39.0,10.6,5.4
2007-10-31,14.0,2.7,0.0
2007-11-01,0.0,66.0,90.9
2007-11-02,234.0,2.4,0.0
2007-11-03,14.0,20.6,18.4
2007-11-04,25.0,0.2,0.0
2007-11-05,2.0,0.1,0.0
2007-11-06,2.0,1.3,0.0
2007-11-07,1.0,0.0,0.0
2007-11-08,0.0,7.6,2.9
2007-11-09,0.0,11.3,7.1
2007-11-10,4.0,16.0,12.7
2007-11-11,3.0,30.4,31.0
2007-11-12,8.0,2.7,0.0
2007-11-13,0.0,2.1,0.0
2007-11-14,0.0,39.5,58.8
2007-11-15,21.0,12.6,8.2
2007-11-16,4.0,10.3,5.4
2007-11-17,20.0,17.2,13.7
2007-11-18,2.0,4.2,0.0
2007-11-19,0.0,47.5,73.8
2007-11-20,12.0,18.4,15.2
2007-11-21,12.0,19.5,14.5
2007-11-22,4.0,1.8,0.0
2007-11-23,8.0,4.0,0.0
2007-11-24,4.0,22.1,17.2
2007-11-25,10.0,0.6,0.0
2007-11-26,0.0,3.1,0.0
2007-11-27,2.0,0.0,0.0
2007-11-28,6.0,32.7,28.8
2007-11-29,38.0,96.5,99.7
2007-11-30,50.0,6.5,1.0
2008-01-01,3.0,12.0,8.4
2008-01-02,10.0,7.7,4.1
2008-01-03,0.0,0.4,0.0
2008-01-04,0.0,15.7,12.1
2008-01-05,3.0,2.8,0.0
2008-01-06,11.0,1.5,0.0
2008-01-07,4.0,5.1,1.6
2008-01-08,11.0,4.1,1.0
2008-01-09,4.0,4.4,1.0
2008-01-10,0.0,0.1,0.0
2008-01-11,1.0,4.9,0.0
2008-01-12,1.0,21.3,17.2
2008-01-13,14.0,0.9,0.0
2008-01-14,7.0,1.7,0.0
2008-01-15,1.0,3.8,0.0
2008-01-16,0.0,2.2,0.0
2008-01-17,0.0,5.3,1.0
2008-01-18,7.0,1.9,0.0
2008-01-19,6.0,18.4,14.0
2008-01-20,17.0,5.5,1.0
2008-01-21,7.0,0.4,0.0
2008-01-22,0.0,0.3,0.0
2008-01-23,0.0,0.9,0.0
2008-01-24,0.0,1.1,0.0
2008-01-25,0.0,4.2,1.0
2008-01-26,3.0,15.5,11.2
2008-01-27,14.0,5.4,1.2
2008-01-28,2.0,24.8,25.9
2008-01-29,68.0,41.3,55.9
2008-01-30,19.0,9.6,5.3
2008-01-31,0.0,2.2,0.0
2008-03-01,24.0,1.8,0.0
2008-03-02,0.0,2.0,0.0
2008-03-03,4.0,12.8,10.3
2008-03-04,3.0,3.4,1.0
2008-03-05,28.0,56.5,96.4
2008-03-06,33.0,10.4,7.4
2008-03-07,0.0,26.3,31.6
2008-03-08,80.0,0.0,0.0
2008-03-09,0.0,11.9,9.1
2008-03-10,4.0,0.0,0.0
2008-03-11,0.0,29.3,29.7
2008-03-12,104.0,119.2,160.9
2008-03-13,116.0,0.0,0.0
2008-03-14,0.0,32.6,34.7
2008-03-15,202.0,16.0,13.1
2008-03-16,11.0,39.4,52.6
2008-03-17,39.0,2.2,0.0
2008-03-18,25.0,77.8,112.3
2008-03-19,93.0,13.0,9.5
2008-03-20,24.0,35.0,46.5
2008-03-21,91.0,12.1,7.6
2008-03-22,5.0,2.4,0.0
2008-03-23,92.0,13.7,9.2
2008-03-24,26.0,3.0,0.0
2008-03-25,0.0,14.7,10.3
2008-03-26,9.0,18.4,14.3
2008-03-27,24.0,0.0,0.0
2008-03-28,0.0,4.2,1.0
2008-03-29,2.0,7.2,2.7
2008-03-30,2.0,0.0,0.0
2008-03-31,0.0,17.1,12.9
2008-04-01,23.0,14.9,12.7
2008-04-02,11.0,35.7,47.7
2008-04-03,46.0,4.9,1.6
2008-04-04,6.0,14.6,12.4
2008-04-05,76.0,1.3,0.0
2008-04-06,9.0,0.0,0.0
2008-04-07,3.0,0.0,0.0
2008-04-08,0.0,0.0,0.0
2008-04-09,0.0,0.1,0.0
2008-04-10,0.0,0.0,0.0
2008-04-11,0.0,6.6,2.4
2008-04-12,0.0,6.2,2.1
2008-04-13,8.0,17.8,12.4
2008-04-14,10.0,50.6,47.9
2008-04-15,6.0,14.7,9.5
2008-04-16,12.0,23.2,17.6
2008-04-17,10.0,2.8,0.0
2008-04-18,7.0,1.5,0.0
2008-04-19,2.0,0.0,0.0
2008-04-20,0.0,0.7,0.0
2008-04-21,0.0,0.3,0.0
2008-04-22,0.0,0.2,0.0
2008-04-23,1.0,1.3,0.0
2008-04-24,0.0,23.0,20.0
2008-04-25,2.0,5.8,1.4
2008-04-26,8.0,10.7,6.2
2008-04-27,4.0,20.8,17.4
2008-04-28,84.0,0.6,0.0
2008-04-29,0.0,16.3,12.3
2008-04-30,27.0,8.7,4.2
2008-05-01,1.0,49.9,40.4
2008-05-02,64.0,10.2,6.5
2008-05-03,38.0,8.6,5.1
2008-05-04,1.0,1.9,1.0
2008-05-05,22.0,49.1,38.6
2008-05-06,22.0,7.7,4.4
2008-05-07,13.0,20.0,15.0
2008-05-08,20.0,25.2,19.5
2008-05-09,26.0,3.4,1.1
2008-05-10,8.0,11.4,7.5
2008-05-11,21.0,197.9,239.0
2008-05-12,126.0,1.4,1.0
2008-05-13,14.0,0.7,0.0
2008-05-14,1.0,37.9,62.1
2008-05-15,97.0,0.0,0.0
2008-05-16,0.0,17.0,19.5
2008-05-17,7.0,0.7,0.0
2008-05-18,0.0,5.2,4.4
2008-05-19,2.0,0.8,1.0
2008-05-20,0.0,0.7,0.0
2008-05-21,0.0,3.1,2.9
2008-05-22,0.0,0.0,0.0
2008-05-23,0.0,0.7,0.0
2008-05-24,0.0,0.0,0.0
2008-05-25,0.0,0.0,0.0
2008-05-26,0.0,2.2,2.0
2008-05-27,0.0,1.0,1.0
2008-05-28,0.0,2.8,2.5
2008-05-29,1.0,0.0,0.0
2008-05-30,6.0,0.0,0.0
2008-05-31,1.0,0.0,0.0
2008-06-01,5.0,0.0,0.0
2008-06-02,1.0,3.4,4.2
2008-06-03,19.0,0.2,0.0
2008-06-04,4.0,7.0,7.8
2008-06-05,6.0,6.4,7.2
2008-06-06,3.0,0.2,0.0
2008-06-07,2.0,50.7,64.0
2008-06-08,13.0,2.6,3.4
2008-06-09,44.0,0.8,0.0
2008-06-10,1.0,0.1,0.0
2008-06-11,1.0,3.2,2.4
2008-06-12,5.0,2.4,1.6
2008-06-13,6.0,0.9,0.0
2008-06-14,1.0,19.4,21.0
2008-06-15,9.0,5.0,4.2
2008-06-16,16.0,0.5,0.0
2008-06-17,0.0,0.3,0.0
2008-06-18,5.0,20.8,22.2
2008-06-19,5.0,20.8,22.9
2008-06-20,19.0,18.8,21.5
2008-06-21,48.0,25.1,25.0
2008-06-22,45.0,4.8,5.8
2008-06-23,0.0,12.5,12.5
2008-06-24,3.0,0.5,0.0
2008-06-25,1.0,0.1,0.0
2008-06-26,2.0,2.2,3.4
2008-06-27,1.0,3.6,4.7
2008-06-28,26.0,28.2,27.8
2008-06-29,13.0,0.0,0.0
2008-06-30,2.0,7.0,7.7
2008-07-01,1.0,7.0,6.0
2008-07-02,2.0,3.4,3.2
2008-07-03,4.0,27.2,23.7
2008-07-04,6.0,4.4,3.9
2008-07-05,4.0,0.4,0.0
2008-07-06,2.0,9.7,8.2
2008-07-07,3.0,20.6,18.0
2008-07-08,26.0,3.4,3.2
2008-07-09,3.0,0.2,0.0
2008-07-10,1.0,0.2,0.0
2008-07-11,3.0,0.0,0.0
2008-07-12,8.0,0.0,0.0
2008-07-13,0.0,6.3,7.0
2008-07-14,34.0,2.8,3.0
2008-07-15,6.0,0.0,0.0
2008-07-16,2.0,0.1,0.0
2008-07-17,11.0,3.4,3.6
2008-07-18,10.0,1.9,2.0
2008-07-19,17.0,5.2,5.7
2008-07-20,7.0,60.8,104.3
2008-07-21,163.0,8.5,8.1
2008-07-22,4.0,0.2,0.0
2008-07-23,98.0,2.1,2.1
2008-07-24,0.0,0.0,0.0
2008-07-25,5.0,35.7,41.2
2008-07-26,35.0,2.6,2.6
2008-07-27,13.0,0.0,0.0
2008-07-28,0.0,0.0,0.0
2008-07-29,0.0,0.0,0.0
2008-07-30,0.0,0.9,0.0
2008-07-31,2.0,0.1,0.0
2008-08-01,7.0,1.9,1.0
2008-08-02,3.0,56.1,79.0
2008-08-03,23.0,6.1,4.4
2008-08-04,6.0,0.2,0.0
2008-08-05,4.0,3.5,1.9
2008-08-06,3.0,0.0,0.0
2008-08-07,0.0,0.0,0.0
2008-08-08,2.0,4.7,3.0
2008-08-09,1.0,1.7,1.0
2008-08-10,24.0,33.4,34.0
2008-08-11,74.0,10.9,9.1
2008-08-12,0.0,14.0,12.2
2008-08-13,0.0,91.0,94.2
2008-08-14,81.0,41.3,47.3
2008-08-15,16.0,14.6,14.3
2008-08-16,36.0,0.1,0.0
2008-08-17,1.0,0.4,0.0
2008-08-18,4.0,7.7,6.1
2008-08-19,2.0,14.0,12.6
2008-08-20,4.0,9.9,8.2
2008-08-21,7.0,76.1,91.5
2008-08-22,84.0,15.7,11.4
2008-08-23,14.0,11.1,7.2
2008-08-24,6.0,13.0,8.8
2008-08-25,3.0,0.3,0.0
2008-08-26,0.0,23.3,17.3
2008-08-27,2.0,1.1,0.0
2008-08-28,29.0,2.8,1.1
2008-08-29,5.0,74.5,89.0
2008-08-30,48.0,0.4,0.0
2008-08-31,0.0,124.4,128.4
2008-09-01,62.0,47.7,59.8
2008-09-02,60.0,3.3,1.4
2008-09-03,1.0,6.4,4.3
2008-09-04,4.0,3.3,1.4
2008-09-05,18.0,0.0,0.0
2008-09-06,0.0,5.2,3.2
2008-09-07,4.0,13.3,11.1
2008-09-08,7.0,10.1,7.9
2008-09-09,34.0,5.9,3.9
2008-09-10,2.0,0.0,0.0
2008-09-11,0.0,0.0,0.0
2008-09-12,0.0,6.1,3.1
2008-09-13,0.0,42.5,42.5
2008-09-14,16.0,40.0,38.7
2008-09-15,21.0,8.8,5.9
2008-09-16,14.0,0.0,0.0
2008-09-17,8.0,0.6,0.0
2008-09-18,1.0,89.9,109.1
2008-09-19,176.0,4.2,1.2
2008-09-20,30.0,8.2,5.3
2008-09-21,6.0,2.3,0.0
2008-09-22,2.0,40.3,45.5
2008-09-23,10.0,0.0,0.0
2008-09-24,0.0,5.6,1.9
2008-09-25,0.0,7.1,3.4
2008-09-26,0.0,0.0,0.0
2008-09-27,0.0,40.4,46.7
2008-09-28,60.0,0.8,0.0
2008-09-29,14.0,27.8,25.5
2008-09-30,4.0,16.2,13.1
2008-10-01,8.0,28.3,27.2
2008-10-02,25.0,0.7,0.0
2008-10-03,29.0,47.8,66.9
2008-10-04,30.0,0.6,0.0
2008-10-05,60.0,34.1,35.7
2008-10-06,47.0,9.3,4.0
2008-10-07,0.0,0.2,0.0
2008-10-08,92.0,0.0,0.0
2008-10-09,37.0,5.3,1.0
2008-10-10,56.0,2.4,0.0
2008-10-11,56.0,9.4,5.5
2008-10-12,75.0,0.4,0.0
2008-10-13,44.0,30.2,31.4
2008-10-14,50.0,86.5,113.3
2008-10-15,34.0,10.3,6.5
2008-10-16,38.0,0.0,0.0
2008-10-17,38.0,4.1,0.0
2008-10-18,19.0,42.8,57.3
2008-10-19,17.0,33.5,41.1
2008-10-20,81.0,0.2,0.0
2008-10-21,33.0,21.1,17.8
2008-10-22,4.0,9.7,4.4
2008-10-23,54.0,13.4,8.4
2008-10-24,0.0,7.6,2.3
2008-10-25,2.0,0.6,0.0
2008-10-26,74.0,0.3,0.0
2008-10-27,59.0,2.5,0.0
2008-10-28,4.0,11.5,6.4
2008-10-29,29.0,67.8,85.2
2008-10-30,0.0,27.0,34.3
2008-10-31,75.0,0.0,0.0
2008-11-01,0.0,97.8,133.3
2008-11-02,94.0,16.4,13.2
2008-11-03,15.0,0.0,0.0
2008-11-04,27.0,40.5,55.5
2008-11-05,23.0,40.9,56.1
2008-11-06,68.0,0.3,0.0
2008-11-07,0.0,17.0,13.9
2008-11-08,21.0,2.0,0.0
2008-11-09,0.0,10.7,6.4
2008-11-10,7.0,76.7,104.1
2008-11-11,120.0,0.3,0.0
2008-11-12,0.0,0.5,0.0
2008-11-13,0.0,11.8,7.1
2008-11-14,2.0,2.4,0.0
2008-11-15,0.0,49.5,77.5
2008-11-16,88.0,4.8,0.0
2008-11-17,3.0,48.7,75.5
2008-11-18,20.0,1.9,0.0
2008-11-19,0.0,29.8,30.5
2008-11-20,9.0,1.4,0.0
2008-11-21,0.0,0.0,0.0
2008-11-22,0.0,2.0,0.0
2008-11-23,1.0,8.3,2.4
2008-11-24,2.0,0.2,0.0
2008-11-25,0.0,39.7,46.6
2008-11-26,29.0,17.0,11.9
2008-11-27,55.0,19.1,14.0
2008-11-28,11.0,19.5,14.5
2008-11-29,5.0,14.5,9.2
2008-11-30,20.0,38.4,43.5
2008-12-01,21.0,11.5,8.0
2008-12-02,16.0,39.9,62.4
2008-12-03,105.0,1.3,0.0
2008-12-04,0.0,32.4,47.6
2008-12-05,33.0,7.6,3.0
2008-12-06,10.0,0.1,0.0
2008-12-07,0.0,3.8,0.0
2008-12-08,1.0,7.8,3.2
2008-12-09,0.0,108.4,179.2
2008-12-10,130.0,23.2,24.4
2008-12-11,24.0,3.9,0.0
2008-12-12,0.0,46.3,71.3
2008-12-13,94.0,8.6,3.6
2008-12-14,62.0,19.7,19.3
2008-12-15,72.0,28.8,43.8
2008-12-16,118.0,0.0,0.0
2008-12-17,0.0,64.5,102.3
2008-12-18,192.0,1.7,0.0
2008-12-19,0.0,1.5,0.0
2008-12-20,4.0,13.2,9.8
2008-12-21,40.0,5.5,1.0
2008-12-22,1.0,2.3,0.0
2008-12-23,2.0,1.2,0.0
2008-12-24,0.0,28.3,28.1
2008-12-25,25.0,1.0,0.0
2008-12-26,0.0,18.0,15.0
2008-12-27,6.0,82.9,121.1
2008-12-28,73.0,25.0,23.2
2008-12-29,9.0,0.1,0.0
2008-12-30,0.0,20.2,17.5
2008-12-31,176.0,24.7,22.8
2009-01-01,5.0,99.2,140.1
2009-01-02,27.0,1.2,0.0
2009-01-03,0.0,53.1,69.4
2009-01-04,118.0,2.4,0.0
2009-01-05,0.0,48.4,60.8
2009-01-06,45.0,7.3,3.7
2009-01-07,0.0,4.8,1.3
2009-01-08,0.0,1.5,0.0
2009-01-09,0.0,17.9,14.3
2009-01-10,0.0,24.8,21.3
2009-01-11,14.0,0.9,0.0
2009-01-12,0.0,0.2,0.0
2009-01-13,0.0,5.9,1.0
2009-01-14,8.0,15.3,10.7
2009-01-15,8.0,31.7,34.4
2009-01-16,10.0,28.6,30.9
2009-01-17,13.0,14.4,9.7
2009-01-18,4.0,2.5,0.0
2009-01-19,0.0,144.4,142.9
2009-01-20,25.0,1.8,0.0
2009-01-21,0.0,113.2,107.9
2009-01-22,63.0,12.9,8.6
2009-01-23,5.0,6.7,2.4
2009-01-24,0.0,10.4,6.0
2009-01-25,5.0,17.1,12.9
2009-01-26,88.0,3.4,0.0
2009-01-27,12.0,5.1,1.0
2009-01-28,14.0,48.8,68.1
2009-01-29,17.0,16.0,11.8
2009-01-30,1.0,12.6,8.2
2009-01-31,13.0,11.4,7.0
2009-02-01,8.0,12.6,11.2
2009-02-02,0.0,4.4,1.6
2009-02-03,17.0,10.3,8.4
2009-02-04,5.0,13.3,12.0
2009-02-05,0.0,9.1,7.0
2009-02-06,55.0,9.8,7.8
2009-02-07,32.0,0.4,0.0
2009-02-08,0.0,3.1,1.0
2009-02-09,0.0,8.6,6.4
2009-02-10,0.0,29.5,37.8
2009-02-11,0.0,66.9,112.7
2009-02-12,98.0,0.1,0.0
2009-02-13,0.0,8.0,5.8
2009-02-14,0.0,115.6,203.4
2009-02-15,14.0,4.9,2.2
2009-02-16,0.0,28.6,36.1
2009-02-17,0.0,6.2,3.7
2009-02-18,1.0,1.3,0.0
2009-02-19,0.0,31.4,39.4
2009-02-20,0.0,22.5,23.3
2009-02-21,4.0,3.7,0.0
2009-02-22,0.0,10.2,5.5
2009-02-23,0.0,0.0,0.0
2009-02-24,21.0,10.2,5.6
2009-02-25,0.0,106.3,124.7
2009-02-26,132.0,7.4,2.8
2009-02-27,3.0,48.1,77.8
2009-02-28,79.0,3.5,0.0
2009-03-01,0.0,0.3,0.0
2009-03-02,0.0,17.7,16.5
2009-03-03,15.0,13.5,11.2
2009-03-04,8.0,7.7,4.2
2009-03-05,0.0,8.4,5.0
2009-03-06,5.0,36.2,52.0
2009-03-07,0.0,25.5,26.6
2009-03-08,33.0,39.4,59.6
2009-03-09,22.0,11.7,9.0
2009-03-10,0.0,6.7,3.1
2009-03-11,0.0,14.8,11.6
2009-03-12,0.0,48.3,68.6
2009-03-13,0.0,32.0,35.5
2009-03-14,149.0,1.9,0.0
2009-03-15,0.0,78.0,113.1
2009-03-16,140.0,9.2,5.0
2009-03-17,3.0,7.0,2.6
2009-03-18,41.0,3.7,0.0
2009-03-19,0.0,2.3,0.0
2009-03-20,25.0,5.1,1.0
2009-03-21,24.0,5.9,1.5
2009-03-22,1.0,0.9,0.0
2009-03-23,9.0,1.8,0.0
2009-03-24,1.0,0.4,0.0
2009-03-25,7.0,10.0,5.5
2009-03-26,5.0,1.7,0.0
2009-03-27,0.0,22.6,18.9
2009-03-28,0.0,0.0,0.0
2009-03-29,0.0,25.9,22.5
2009-03-30,24.0,0.2,0.0
2009-03-31,0.0,2.4,0.0
2009-04-01,7.0,0.5,0.0
2009-04-02,0.0,0.0,0.0
2009-04-03,0.0,0.6,0.0
2009-04-04,0.0,0.1,0.0
2009-04-05,0.0,0.3,0.0
2009-04-06,0.0,0.0,0.0
2009-04-07,0.0,0.0,0.0
2009-04-08,0.0,1.0,0.0
2009-04-09,0.0,21.9,21.2
2009-04-10,31.0,1.5,0.0
2009-04-11,0.0,11.3,6.4
2009-04-12,2.0,28.5,22.8
2009-04-13,19.0,7.0,2.7
2009-04-14,0.0,4.8,1.0
2009-04-15,23.0,4.5,1.0
2009-04-16,8.0,17.5,12.2
2009-04-17,27.0,3.9,1.0
2009-04-18,0.0,69.5,73.2
2009-04-19,183.0,39.8,38.2
2009-04-20,85.0,6.1,2.0
2009-04-21,17.0,1.9,0.0
2009-04-22,0.0,5.2,1.0
2009-04-23,0.0,41.1,46.9
2009-04-24,0.0,10.4,5.9
2009-04-25,0.0,1.5,0.0
2009-04-26,0.0,0.1,0.0
2009-04-27,0.0,27.2,24.8
2009-04-28,0.0,36.4,38.9
2009-04-29,23.0,23.2,20.2
2009-04-30,0.0,5.9,1.6
2009-05-01,0.0,60.2,58.3
2009-05-02,28.0,4.3,1.7
2009-05-03,0.0,1.8,1.0
2009-05-04,0.0,50.1,40.6
2009-05-05,0.0,0.0,0.0
2009-05-06,0.0,58.6,55.5
2009-05-07,29.0,0.0,0.0
2009-05-08,0.0,0.7,0.0
2009-05-09,0.0,58.4,54.5
2009-05-10,18.0,7.4,4.2
2009-05-11,5.0,0.2,0.0
2009-05-12,0.0,4.8,4.0
2009-05-13,0.0,28.5,34.4
2009-05-14,29.0,0.3,0.0
2009-05-15,0.0,78.3,136.0
2009-05-16,30.0,2.1,1.2
2009-05-17,3.0,1.3,1.0
2009-05-18,0.0,6.6,6.1
2009-05-19,0.0,30.7,45.5
2009-05-20,40.0,1.5,1.0
2009-05-21,0.0,0.0,0.0
2009-05-22,8.0,0.0,0.0
2009-05-23,0.0,0.0,0.0
2009-05-24,2.0,0.0,0.0
2009-05-25,0.0,0.0,0.0
2009-05-26,0.0,0.5,0.0
2009-05-27,0.0,0.0,0.0
2009-05-28,0.0,0.2,0.0
2009-05-29,0.0,0.0,0.0
2009-05-30,0.0,3.2,3.0
2009-05-31,0.0,65.6,87.0
2009-06-01,25.0,26.1,28.6
2009-06-02,30.0,69.6,93.3
2009-06-03,120.0,41.5,47.6
2009-06-04,64.0,56.5,73.0
2009-06-05,17.0,29.1,31.7
2009-06-06,16.0,15.8,17.1
2009-06-07,0.0,7.3,8.1
2009-06-08,0.0,52.9,66.5
2009-06-09,0.0,7.5,8.3
2009-06-10,0.0,2.1,2.9
2009-06-11,0.0,7.3,6.8
2009-06-12,0.0,89.9,129.5
2009-06-13,0.0,41.6,56.2
2009-06-14,1.0,0.0,0.0
2009-06-15,0.0,51.3,75.3
2009-06-16,0.0,63.6,97.1
2009-06-17,142.0,41.2,57.5
2009-06-18,9.0,4.7,4.0
2009-06-19,0.0,3.7,2.9
2009-06-20,0.0,0.0,0.0
2009-06-21,0.0,2.0,3.2
2009-06-22,0.0,8.5,9.0
2009-06-23,0.0,159.7,175.0
2009-06-24,0.0,13.8,13.7
2009-06-25,0.0,0.0,0.0
2009-06-26,0.0,2.2,3.4
2009-06-27,0.0,0.0,0.0
2009-06-28,17.0,0.0,0.0
2009-06-29,0.0,0.3,0.0
2009-06-30,0.0,5.9,6.7
2009-07-01,0.0,2.4,2.4
2009-07-02,0.0,4.1,3.6
2009-07-03,0.0,1.3,1.5
2009-07-04,0.0,0.0,0.0
2009-07-05,0.0,0.0,0.0
2009-07-06,0.0,0.0,0.0
2009-07-07,0.0,0.9,0.0
2009-07-08,0.0,0.0,0.0
2009-07-09,2.0,0.0,0.0
2009-07-10,0.0,0.0,0.0
2009-07-11,0.0,0.3,0.0
2009-07-12,1.0,2.3,2.4
2009-07-13,0.0,1.4,1.4
2009-07-14,0.0,3.1,3.3
2009-07-15,0.0,3.3,3.6
2009-07-16,0.0,0.7,0.0
2009-07-17,0.0,0.7,0.0
2009-07-18,0.0,0.5,0.0
2009-07-19,0.0,5.5,6.0
2009-07-20,0.0,14.6,16.7
2009-07-21,11.0,1.8,1.9
2009-07-22,0.0,1.3,1.4
2009-07-23,0.0,15.5,14.6
2009-07-24,0.0,2.4,2.4
2009-07-25,0.0,2.5,2.5
2009-07-26,0.0,0.1,0.0
2009-07-27,0.0,3.4,3.3
2009-07-28,0.0,0.7,0.0
2009-07-29,0.0,12.3,12.7
2009-07-30,15.0,12.1,11.5
2009-07-31,18.0,2.4,2.4
2009-08-01,5.0,1.3,1.0
2009-08-02,0.0,29.8,29.8
2009-08-03,15.0,57.5,80.9
2009-08-04,54.0,23.2,23.9
2009-08-05,42.0,0.0,0.0
2009-08-06,16.0,4.7,3.0
2009-08-07,8.0,1.7,1.0
2009-08-08,0.0,5.5,3.8
2009-08-09,0.0,2.2,1.0
2009-08-10,0.0,0.2,0.0
2009-08-11,0.0,0.0,0.0
2009-08-12,0.0,5.8,4.3
2009-08-13,8.0,0.1,0.0
2009-08-14,0.0,1.8,1.0
2009-08-15,0.0,0.6,0.0
2009-08-16,0.0,0.0,0.0
2009-08-17,0.0,0.0,0.0
2009-08-18,0.0,0.0,0.0
2009-08-19,0.0,0.0,0.0
2009-08-20,0.0,0.0,0.0
2009-08-21,0.0,0.0,0.0
2009-08-22,0.0,0.0,0.0
2009-08-23,0.0,2.7,1.1
2009-08-24,3.0,0.0,0.0
2009-10-01,1.0,10.5,5.3
2009-10-02,1.0,30.5,30.2
2009-10-03,5.0,34.7,38.8
2009-10-04,96.0,11.7,6.7
2009-10-05,3.0,17.3,13.4
2009-10-06,40.0,0.3,0.0
2009-10-07,0.0,0.3,0.0
2009-10-08,0.0,34.6,35.9
2009-10-09,21.0,2.0,0.0
2009-10-10,4.0,20.0,16.7
2009-10-11,8.0,1.5,0.0
2009-10-12,0.0,0.5,0.0
2009-10-13,38.0,22.4,21.5
2009-10-14,8.0,1.4,0.0
2009-10-15,0.0,6.5,2.2
2009-10-16,0.0,18.6,17.7
2009-10-17,79.0,0.1,0.0
2009-10-18,0.0,9.9,6.1
2009-10-19,0.0,70.2,95.0
2009-10-20,0.0,0.1,0.0
2009-10-21,0.0,0.0,0.0
2009-10-22,0.0,0.0,0.0
2009-10-23,0.0,0.0,0.0
2009-10-24,0.0,0.0,0.0
2009-10-25,0.0,2.6,0.0
2009-10-26,3.0,0.0,0.0
2009-10-27,0.0,0.0,0.0
2009-10-28,0.0,0.0,0.0
2009-10-29,0.0,0.0,0.0
2009-10-30,0.0,3.1,0.0
2009-10-31,0.0,15.3,10.6
2009-11-01,17.0,39.0,53.8
2009-11-02,78.0,0.3,0.0
2009-11-03,2.0,0.1,0.0
2009-11-04,0.0,0.5,0.0
2009-11-05,3.0,1.5,0.0
2009-11-06,2.0,0.1,0.0
2009-11-07,5.0,0.5,0.0
2009-11-08,0.0,13.7,9.9
2009-11-09,30.0,71.5,98.0
2009-11-10,74.0,20.3,18.1
2009-11-11,4.0,114.9,122.5
2009-11-12,79.0,6.6,1.4
2009-11-13,1.0,2.4,0.0
2009-11-14,2.0,8.2,3.0
2009-11-15,9.0,0.7,0.0
2009-11-16,1.0,2.3,0.0
2009-11-17,0.0,0.0,0.0
2009-11-18,0.0,0.8,0.0
2009-11-19,4.0,133.9,122.3
2009-11-20,43.0,14.5,10.4
2009-11-21,0.0,0.1,0.0
2009-11-22,0.0,1.9,0.0
2009-11-23,25.0,25.4,20.6
2009-11-24,8.0,3.6,0.0
2009-11-25,0.0,4.3,0.0
2009-11-26,31.0,28.9,26.0
2009-11-27,7.0,7.8,1.9
2009-11-28,10.0,5.9,0.0
2009-11-29,19.0,39.9,47.1
2009-11-30,53.0,3.2,0.0
2009-12-01,0.0,0.0,0.0
2009-12-02,0.0,2.2,0.0
2009-12-03,0.0,0.0,0.0
2009-12-04,0.0,0.5,0.0
2009-12-05,0.0,0.2,0.0
2009-12-06,0.0,42.9,67.0
2009-12-07,0.0,12.2,8.8
2009-12-08,0.0,18.1,17.0
2009-12-09,29.0,2.3,0.0
2009-12-10,0.0,0.2,0.0
2009-12-11,0.0,9.5,4.8
2009-12-12,0.0,5.1,0.0
2009-12-13,0.0,0.0,0.0
2009-12-14,0.0,5.5,1.0
2009-12-15,0.0,4.3,0.0
2009-12-16,0.0,27.7,32.2
2009-12-17,63.0,6.0,1.0
2009-12-18,5.0,15.8,13.6
2009-12-19,10.0,0.0,0.0
2009-12-20,1.0,12.1,8.3
2009-12-21,6.0,0.8,0.0
2009-12-22,0.0,7.2,2.7
2009-12-23,19.0,6.9,2.3
2009-12-24,3.0,3.9,0.0
2009-12-25,0.0,3.7,0.0
2009-12-26,0.0,5.6,1.0
2009-12-27,0.0,7.9,3.4
2009-12-28,9.0,12.5,8.6
2009-12-29,82.0,14.5,11.0
2009-12-30,0.0,86.4,125.7
2009-12-31,26.0,7.7,3.2
2010-01-01,0.0,50.0,62.5
2010-01-02,49.0,24.3,21.1
2010-01-03,0.0,8.1,4.5
2010-01-04,25.0,1.5,0.0
2010-01-05,0.0,7.6,4.0
2010-01-06,3.0,24.4,21.2
2010-01-07,36.0,10.5,6.8
2010-01-08,0.0,4.6,1.2
2010-01-09,0.0,2.1,0.0
2010-01-10,0.0,4.8,1.3
2010-01-11,0.0,10.1,5.1
2010-01-12,22.0,5.7,1.0
2010-01-13,0.0,15.4,10.8
2010-01-14,0.0,3.8,0.0
2010-01-15,0.0,2.0,0.0
2010-01-16,3.0,29.3,31.6
2010-01-17,22.0,3.5,0.0
2010-01-18,30.0,10.3,5.3
2010-01-19,0.0,17.1,12.6
2010-01-20,5.0,3.8,0.0
2010-01-21,0.0,9.0,4.6
2010-01-22,0.0,0.6,0.0
2010-01-23,0.0,13.8,9.4
2010-01-24,0.0,2.5,0.0
2010-01-25,0.0,15.0,10.7
2010-01-26,19.0,0.3,0.0
2010-01-27,0.0,6.2,2.0
2010-01-28,0.0,0.1,0.0
2010-01-29,0.0,1.4,0.0
2010-01-30,0.0,10.5,6.1
2010-01-31,0.0,27.1,30.1
2010-03-01,0.0,11.3,8.4
2010-03-02,0.0,1.7,0.0
2010-03-03,0.0,5.6,1.9
2010-03-04,0.0,15.9,14.2
2010-03-05,2.0,0.0,0.0
2010-03-06,0.0,26.1,25.5
2010-03-07,0.0,9.7,6.5
2010-03-08,0.0,23.0,23.5
2010-03-09,13.0,1.6,0.0
2010-03-10,30.0,45.2,72.6
2010-03-11,0.0,34.9,44.6
2010-03-12,0.0,1.3,0.0
2010-03-13,28.0,36.5,47.0
2010-03-14,15.0,0.0,0.0
2010-03-15,4.0,3.9,0.0
2010-03-16,0.0,14.8,11.6
2010-03-17,24.0,6.6,2.2
2010-03-18,0.0,52.3,74.4
2010-03-19,45.0,29.4,29.8
2010-03-20,0.0,5.8,1.4
2010-03-21,89.0,4.2,1.0
2010-03-22,0.0,18.4,14.3
2010-03-23,28.0,43.2,51.0
2010-03-24,0.0,79.1,107.6
2010-03-25,16.0,23.9,20.3
2010-03-26,0.0,70.8,93.8
2010-03-27,0.0,24.0,20.4
2010-03-28,0.0,9.5,5.0
2010-03-29,13.0,0.8,0.0
2010-03-30,0.0,7.3,2.8
2010-03-31,2.0,2.1,0.0
2010-05-01,0.0,8.9,5.4
2010-05-02,0.0,0.8,0.0
2010-05-03,0.0,13.7,9.5
2010-05-04,17.0,110.8,114.9
2010-05-05,29.0,17.6,12.9
2010-05-06,42.0,12.6,8.5
2010-05-07,0.0,3.6,1.2
2010-05-08,43.0,28.3,22.4
2010-05-09,11.0,2.1,1.0
2010-05-10,2.0,45.1,31.9
2010-05-11,0.0,19.1,24.6
2010-05-12,102.0,8.6,8.5
2010-05-13,32.0,0.2,0.0
2010-05-14,5.0,0.0,0.0
2010-05-15,0.0,18.9,22.1
2010-05-16,87.0,13.9,15.4
2010-05-17,8.0,22.9,27.1
2010-05-18,10.0,13.3,14.5
2010-05-19,0.0,0.1,0.0
2010-05-20,80.0,63.1,108.7
2010-05-21,77.0,3.2,3.1
2010-05-22,0.0,0.0,0.0
2010-05-23,0.0,20.5,23.4
2010-05-24,49.0,33.3,41.9
2010-05-25,0.0,0.4,0.0
2010-05-26,14.0,29.0,32.4
2010-05-27,0.0,5.9,6.2
2010-05-28,20.0,8.1,8.8
2010-05-29,33.0,4.7,4.8
2010-05-30,3.0,12.5,13.8
2010-05-31,0.0,1.1,1.0
2010-06-01,5.0,0.0,0.0
2010-06-02,0.0,0.9,1.8
2010-06-03,4.0,48.9,60.1
2010-06-04,0.0,0.0,0.0
2010-06-05,74.0,0.0,0.0
2010-06-06,0.0,0.4,0.0
2010-06-07,0.0,0.3,0.0
2010-06-08,0.0,0.0,0.0
2010-06-09,0.0,0.0,0.0
2010-06-10,0.0,0.6,0.0
2010-06-11,6.0,8.0,7.6
2010-06-12,0.0,80.0,116.3
2010-06-13,0.0,2.2,1.4
2010-06-14,0.0,0.0,0.0
2010-06-15,0.0,0.0,0.0
2010-06-16,0.0,0.2,0.0
2010-06-17,1.0,0.0,0.0
2010-06-18,5.0,0.0,0.0
2010-06-19,0.0,0.0,0.0
2010-06-20,0.0,0.0,0.0
2010-06-21,2.0,2.9,4.0
2010-06-22,17.0,14.5,14.3
2010-06-23,2.0,37.8,38.3
2010-06-24,0.0,0.6,0.0
2010-06-25,80.0,0.3,0.0
2010-06-26,0.0,50.5,55.3
2010-06-27,0.0,0.2,0.0
2010-06-28,0.0,3.3,4.4
2010-06-29,34.0,13.8,13.7
2010-06-30,30.0,0.0,0.0
2010-08-01,26.0,22.5,22.4
2010-08-02,25.0,45.4,57.3
2010-08-03,27.0,15.9,15.0
2010-08-04,9.0,0.0,0.0
2010-08-05,2.0,7.6,5.8
2010-08-06,1.0,54.4,73.6
2010-08-07,36.0,4.4,2.7
2010-08-08,1.0,5.4,3.6
2010-08-09,0.0,136.1,144.4
2010-08-10,32.0,0.1,0.0
2010-08-11,0.0,18.9,16.7
2010-08-12,2.0,125.4,108.8
2010-08-13,93.0,14.7,12.7
2010-08-14,17.0,0.0,0.0
2010-08-15,0.0,0.0,0.0
2010-08-16,0.0,3.7,2.3
2010-08-17,1.0,7.6,6.0
2010-08-18,3.0,49.0,58.7
2010-08-19,20.0,108.4,100.6
2010-08-20,43.0,53.5,66.3
2010-08-21,48.0,2.1,1.0
2010-08-22,0.0,13.4,9.0
2010-08-23,0.0,7.6,4.5
2010-08-24,4.0,5.6,3.1
2010-08-25,2.0,1.1,0.0
2010-08-26,0.0,8.9,5.5
2010-08-27,0.0,14.6,10.1
2010-08-28,21.0,15.5,10.8
2010-08-29,37.0,68.2,82.0
2010-08-30,0.0,41.8,47.1
2010-08-31,59.0,31.2,31.2
2010-09-01,2.0,11.5,9.3
2010-09-02,0.0,1.0,0.0
2010-09-03,4.0,10.3,8.1
2010-09-04,6.0,34.6,39.3
2010-09-05,17.0,11.5,9.3
2010-09-06,6.0,84.2,82.5
2010-09-07,38.0,1.9,1.0
2010-09-08,0.0,77.9,80.3
2010-09-09,59.0,8.2,6.0
2010-09-10,9.0,1.7,0.0
2010-09-11,17.0,25.0,22.4
2010-09-12,0.0,26.6,23.9
2010-09-13,16.0,95.8,117.4
2010-09-14,92.0,23.5,20.7
2010-09-15,27.0,2.0,0.0
2010-09-16,0.0,3.5,1.0
2010-09-17,0.0,5.7,2.8
2010-09-18,9.0,158.1,160.6
2010-09-19,46.0,6.7,3.8
2010-09-20,0.0,1.9,0.0
2010-09-21,0.0,22.2,20.0
2010-09-22,22.0,15.2,12.0
2010-09-23,0.0,36.5,34.5
2010-09-24,0.0,0.4,0.0
2010-09-25,129.0,24.2,23.4
2010-09-26,0.0,19.8,17.1
2010-09-27,0.0,23.3,22.3
2010-09-28,0.0,1.0,0.0
2010-09-29,0.0,14.7,11.4
2010-09-30,1.0,4.8,1.2
2010-11-01,40.0,2.8,0.0
2010-11-02,8.0,119.0,161.4
2010-11-03,0.0,4.5,1.0
2010-11-04,2.0,37.8,51.6
2010-11-05,50.0,12.2,8.1
2010-11-06,0.0,0.1,0.0
2010-11-07,4.0,21.7,19.8
2010-11-08,29.0,2.7,0.0
2010-11-09,0.0,11.3,7.1
2010-11-10,12.0,0.0,0.0
2010-11-11,0.0,53.6,83.4
2010-11-12,103.0,3.8,0.0
2010-11-13,12.0,16.5,12.9
2010-11-14,14.0,0.3,0.0
2010-11-15,0.0,0.3,0.0
2010-11-16,0.0,47.7,75.4
2010-11-17,16.0,8.9,3.8
2010-11-18,4.0,0.0,0.0
2010-11-19,1.0,3.1,0.0
2010-11-20,0.0,8.5,3.3
2010-11-21,0.0,34.9,31.7
2010-11-22,43.0,102.3,102.3
2010-11-23,30.0,1.7,0.0
2010-11-24,0.0,52.1,64.3
2010-11-25,85.0,0.0,0.0
2010-11-26,0.0,27.5,24.7
2010-11-27,100.0,0.0,0.0
2010-11-28,0.0,3.7,0.0
2010-11-29,0.0,13.4,8.0
2010-11-30,53.0,4.2,0.0
2010-12-01,0.0,43.2,68.8
2010-12-02,80.0,16.2,14.3
2010-12-03,0.0,8.0,3.4
2010-12-04,1.0,56.5,94.0
2010-12-05,37.0,11.8,8.3
2010-12-06,0.0,0.8,0.0
2010-12-07,0.0,83.6,143.0
2010-12-08,43.0,2.7,0.0
2010-12-09,0.0,0.6,0.0
2010-12-10,23.0,3.4,0.0
2010-12-11,0.0,9.6,4.9
2010-12-12,0.0,14.5,11.7
2010-12-13,0.0,95.1,154.7
2010-12-14,31.0,17.4,15.9
2010-12-15,6.0,43.2,64.6
2010-12-16,37.0,1.3,0.0
2010-12-17,0.0,8.9,4.1
2010-12-18,5.0,22.8,24.1
2010-12-19,23.0,19.6,19.2
2010-12-20,16.0,40.1,59.7
2010-12-21,82.0,0.6,0.0
2010-12-22,0.0,20.3,17.7
2010-12-23,14.0,3.1,0.0
2010-12-24,0.0,5.7,1.1
2010-12-25,23.0,17.4,14.3
2010-12-26,0.0,7.1,2.6
2010-12-27,24.0,51.0,73.1
2010-12-28,17.0,0.0,0.0
2010-12-29,5.0,6.7,2.1
2010-12-30,29.0,2.4,0.0
2010-12-31,12.0,24.5,22.5
2011-01-01,14.0,82.6,126.5
2011-01-02,41.0,2.6,0.0
2011-01-03,0.0,0.0,0.0
2011-01-04,0.0,48.2,59.7
2011-01-05,38.0,2.6,0.0
2011-01-06,0.0,8.1,4.5
2011-01-07,41.0,1.2,0.0
2011-01-08,4.0,8.3,4.7
2011-01-09,0.0,3.5,1.0
2011-01-10,0.0,6.4,2.8
2011-01-11,2.0,0.3,0.0
2011-01-12,0.0,18.7,14.4
2011-01-13,0.0,5.2,1.0
2011-01-14,0.0,10.1,5.1
2011-01-15,17.0,0.7,0.0
2011-01-16,0.0,17.1,12.6
2011-01-17,41.0,8.2,3.2
2011-01-18,0.0,2.6,0.0
2011-01-19,0.0,51.4,61.6
2011-01-20,70.0,3.6,0.0
2011-01-21,0.0,10.5,6.1
2011-01-22,0.0,0.1,0.0
2011-01-23,13.0,0.3,0.0
2011-01-24,0.0,18.9,14.8
2011-01-25,13.0,20.4,16.8
2011-01-26,70.0,7.5,3.1
2011-01-27,2.0,1.6,0.0
2011-01-28,9.0,53.4,75.1
2011-01-29,0.0,16.6,12.4
2011-01-30,8.0,1.5,0.0
2011-01-31,0.0,116.5,107.7
2011-02-01,125.0,20.2,25.2
2011-02-02,13.0,0.3,0.0
2011-02-03,0.0,25.3,31.7
2011-02-04,0.0,17.6,22.2
2011-02-05,0.0,1.7,0.0
2011-02-06,38.0,104.8,168.2
2011-02-07,166.0,0.5,0.0
2011-02-08,0.0,65.7,159.4
2011-02-09,41.0,25.8,32.2
2011-02-10,12.0,24.5,30.3
2011-02-11,1.0,19.1,19.4
2011-02-12,95.0,15.8,15.3
2011-02-13,0.0,10.2,8.4
2011-02-14,37.0,50.2,72.8
2011-02-15,16.0,8.6,6.6
2011-02-16,0.0,0.0,0.0
2011-02-17,18.0,14.8,14.0
2011-02-18,30.0,23.3,24.5
2011-02-19,10.0,9.3,7.3
2011-02-20,79.0,17.7,17.6
2011-02-21,4.0,1.2,0.0
2011-02-22,0.0,11.5,6.9
2011-02-23,7.0,34.0,44.8
2011-02-24,0.0,14.2,9.7
2011-02-25,60.0,5.2,1.0
2011-02-26,0.0,1.4,0.0
2011-02-27,0.0,1.0,0.0
2011-02-28,0.0,21.0,17.1
2011-03-01,1.0,4.1,1.0
2011-03-03,96.0,29.8,35.2
2011-03-04,22.0,14.1,11.9
2011-03-05,4.0,1.3,0.0
2011-03-06,0.0,47.9,77.9
2011-03-07,15.0,44.3,70.0
2011-03-08,23.0,4.2,1.0
2011-03-09,2.0,37.5,55.0
2011-03-10,68.0,0.0,0.0
2011-03-11,0.0,9.9,5.8
2011-03-12,62.0,18.4,16.0
2011-03-13,1.0,10.9,6.9
2011-03-14,5.0,47.7,67.5
2011-03-15,52.0,78.6,113.7
2011-03-16,109.0,24.3,23.3
2011-03-17,20.0,252.5,166.2
2011-03-18,0.0,41.8,57.5
2011-03-19,21.0,1.0,0.0
2011-03-20,27.0,37.5,49.8
2011-03-21,0.0,18.1,13.9
2011-03-22,0.0,48.5,59.3
2011-03-23,10.0,10.5,5.9
2011-03-24,0.0,12.6,8.1
2011-03-25,2.0,106.3,140.1
2011-03-26,13.0,25.2,21.8
2011-03-27,0.0,4.6,1.0
2011-03-28,0.0,9.5,4.9
2011-03-29,7.0,20.9,17.0
2011-03-30,24.0,2.3,0.0
2011-03-31,0.0,33.7,37.6
2011-04-01,49.0,2.9,0.0
2011-04-02,0.0,51.1,71.4
2011-04-03,19.0,3.9,1.0
2011-04-04,0.0,42.3,57.7
2011-04-05,0.0,5.5,2.2
2011-04-06,10.0,10.8,8.0
2011-04-07,70.0,0.8,0.0
2011-04-08,14.0,49.8,69.7
2011-04-09,0.0,8.6,5.5
2011-04-10,0.0,16.5,14.7
2011-04-11,0.0,0.7,0.0
2011-04-12,0.0,32.1,26.1
2011-04-13,0.0,1.0,0.0
2011-04-14,0.0,16.1,10.9
2011-04-15,14.0,0.3,0.0
2011-04-16,1.0,1.2,0.0
2011-04-17,3.0,34.2,28.1
2011-04-18,33.0,0.9,0.0
2011-04-19,0.0,12.8,7.8
2011-04-20,25.0,60.3,63.2
2011-04-21,111.0,13.4,9.1
2011-04-22,0.0,3.5,0.0
2011-04-23,31.0,31.2,29.6
2011-04-24,0.0,45.9,54.9
2011-04-25,14.0,98.1,148.0
2011-04-26,49.0,0.0,0.0
2011-04-27,0.0,0.3,0.0
2011-04-28,0.0,40.5,45.8
2011-04-29,61.0,2.3,0.0
2011-04-30,16.0,0.0,0.0
2011-05-01,0.0,0.0,0.0
2011-05-02,0.0,0.0,0.0
2011-05-03,0.0,2.8,1.0
2011-05-04,13.0,6.4,3.4
2011-05-05,1.0,12.1,8.1
2011-05-06,10.0,2.8,1.0
2011-05-07,9.0,0.5,0.0
2011-05-08,1.0,0.0,0.0
2011-05-09,0.0,40.3,33.6
2011-05-10,93.0,14.2,9.9
2011-05-11,0.0,1.3,1.0
2011-05-12,13.0,0.0,0.0
2011-05-13,21.0,0.0,0.0
2011-05-14,0.0,0.0,0.0
2011-05-15,1.0,0.4,0.0
2011-05-16,2.0,2.6,1.6
2011-05-17,13.0,0.5,0.0
2011-05-18,1.0,1.6,1.0
2011-05-19,1.0,21.3,25.3
2011-05-20,15.0,0.4,0.0
2011-05-21,0.0,2.3,2.0
2011-05-22,5.0,50.0,67.4
2011-05-23,96.0,13.3,14.8
2011-05-24,96.0,1.8,1.4
2011-05-25,4.0,36.2,45.7
2011-05-26,68.0,1.8,1.4
2011-05-27,0.0,0.0,0.0
2011-05-28,0.0,0.7,0.0
2011-05-29,0.0,0.2,0.0
2011-05-30,0.0,37.4,50.4
2011-05-31,68.0,1.3,1.0
2011-07-01,0.0,0.8,0.0
2011-07-02,2.0,6.6,5.6
2011-07-03,2.0,1.9,2.0
2011-07-04,1.0,11.4,9.6
2011-07-05,13.0,20.6,17.7
2011-07-06,2.0,1.1,0.0
2011-07-07,0.0,11.6,9.8
2011-07-08,2.0,9.6,8.1
2011-07-09,1.0,3.8,3.4
2011-07-10,0.0,0.1,0.0
2011-07-11,3.0,0.0,0.0
2011-07-12,0.0,0.0,0.0
2011-07-13,7.0,0.0,0.0
2011-07-14,3.0,0.0,0.0
2011-07-15,0.0,3.3,3.5
2011-07-16,0.0,0.0,0.0
2011-07-17,20.0,11.0,13.2
2011-07-18,0.0,38.8,56.3
2011-07-19,0.0,72.2,134.0
2011-07-20,176.0,12.0,14.4
2011-07-21,21.0,0.6,0.0
2011-07-22,0.0,0.0,0.0
2011-07-23,3.0,2.0,2.1
2011-07-24,0.0,0.6,0.0
2011-07-25,0.0,0.0,0.0
2011-07-26,0.0,0.0,0.0
2011-07-27,1.0,0.0,0.0
2011-07-28,0.0,0.1,0.0
2011-07-29,7.0,0.0,0.0
2011-07-30,32.0,12.8,13.2
2011-07-31,29.0,4.3,4.2
2011-08-01,0.0,0.4,0.0
2011-08-02,2.0,0.7,0.0
2011-08-03,0.0,0.0,0.0
2011-08-04,0.0,0.0,0.0
2011-08-05,0.0,0.0,0.0
2011-08-06,0.0,0.0,0.0
2011-08-07,2.0,0.7,0.0
2011-08-08,13.0,15.7,14.9
2011-08-09,14.0,0.7,0.0
2011-08-10,0.0,0.0,0.0
2011-08-11,0.0,2.0,1.0
2011-08-12,0.0,7.4,5.8
2011-08-13,0.0,0.0,0.0
2011-08-14,0.0,0.0,0.0
2011-08-15,0.0,0.8,0.0
2011-08-16,0.0,0.0,0.0
2011-08-17,0.0,7.3,5.7
2011-08-18,0.0,1.2,1.0
2011-08-19,0.0,0.2,0.0
2011-08-20,1.0,0.0,0.0
2011-08-21,0.0,0.0,0.0
2011-08-22,1.0,0.0,0.0
2011-08-23,0.0,0.0,0.0
2011-08-24,0.0,2.0,1.0
2011-08-25,0.0,1.0,0.0
2011-08-26,0.0,0.0,0.0
2011-08-27,0.0,2.9,1.2
2011-08-28,3.0,2.5,1.0
2011-08-29,0.0,0.0,0.0
2011-08-30,0.0,15.3,10.7
2011-08-31,31.0,8.6,5.2
2011-09-01,10.0,5.1,3.1
2011-09-02,64.0,10.7,8.5
2011-09-03,6.0,24.3,22.8
2011-09-04,65.0,11.2,9.0
2011-09-05,2.0,0.0,0.0
2011-09-06,0.0,18.0,16.1
2011-09-07,27.0,38.7,47.6
2011-09-08,49.0,76.0,78.9
2011-09-09,69.0,5.9,3.8
2011-09-10,20.0,6.2,4.1
2011-09-11,8.0,9.6,6.7
2011-09-12,6.0,0.9,0.0
2011-09-13,1.0,0.0,0.0
2011-09-14,2.0,0.0,0.0
2011-09-15,3.0,0.1,0.0
2011-09-16,1.0,12.2,9.3
2011-09-17,4.0,8.9,6.0
2011-09-18,22.0,7.8,4.8
2011-09-19,17.0,14.0,11.2
2011-09-20,14.0,59.2,66.2
2011-09-21,60.0,4.6,1.0
2011-09-22,0.0,0.3,0.0
2011-09-23,0.0,3.6,1.0
2011-09-24,0.0,4.9,1.3
2011-09-25,1.0,0.9,0.0
2011-09-26,3.0,0.0,0.0
2011-09-27,0.0,25.6,23.6
2011-09-28,20.0,48.2,62.8
2011-09-29,30.0,9.5,5.9
2011-09-30,5.0,12.5,9.0
2011-11-01,60.0,63.2,86.5
2011-11-02,0.0,4.8,1.0
2011-11-03,13.0,15.8,12.5
2011-11-04,0.0,3.0,0.0
2011-11-05,0.0,44.0,60.1
2011-11-06,0.0,0.1,0.0
2011-11-07,0.0,1.0,0.0
2011-11-08,57.0,5.4,1.0
2011-11-09,0.0,3.2,0.0
2011-11-10,1.0,0.9,0.0
2011-11-11,0.0,0.0,0.0
2011-11-12,0.0,2.5,0.0
2011-11-13,4.0,5.6,1.0
2011-11-14,26.0,44.8,69.2
2011-11-15,5.0,1.6,0.0
2011-11-16,12.0,27.0,26.6
2011-11-17,0.0,0.6,0.0
2011-11-18,0.0,0.2,0.0
2011-11-19,12.0,71.3,102.4
2011-11-20,32.0,0.9,0.0
2011-11-21,0.0,0.0,0.0
2011-11-22,0.0,1.0,0.0
2011-11-23,28.0,49.7,59.9
2011-11-24,6.0,4.9,0.0
2011-11-25,15.0,18.8,13.7
2011-11-26,13.0,39.5,44.8
2011-11-27,0.0,0.8,0.0
2011-11-28,2.0,0.3,0.0
2011-11-29,16.0,33.9,29.4
2011-11-30,1.0,1.4,0.0
2011-12-01,1.0,3.7,0.0
2011-12-02,5.0,10.8,7.0
2011-12-03,17.0,47.8,77.3
2011-12-04,152.0,4.9,1.0
2011-12-05,0.0,4.8,1.0
2011-12-06,3.0,0.9,0.0
2011-12-07,0.0,9.8,5.7
2011-12-08,3.0,8.2,3.7
2011-12-09,3.0,11.0,7.3
2011-12-10,18.0,5.2,1.0
2011-12-11,0.0,18.7,17.8
2011-12-12,30.0,3.0,0.0
2011-12-13,0.0,38.0,56.8
2011-12-14,43.0,7.7,2.6
2011-12-15,2.0,19.8,19.4
2011-12-16,32.0,2.3,0.0
2011-12-17,1.0,23.7,25.2
2011-12-18,11.0,0.4,0.0
2011-12-19,0.0,10.5,6.1
2011-12-20,57.0,11.6,7.7
2011-12-21,3.0,48.9,69.9
2011-12-22,19.0,3.5,0.0
2011-12-23,20.0,5.5,1.0
2011-12-24,0.0,4.3,0.0
2011-12-25,0.0,5.1,1.0
2011-12-26,1.0,28.7,28.9
2011-12-27,63.0,0.7,0.0
2011-12-28,0.0,30.5,39.9
2011-12-29,17.0,24.9,23.0
2011-12-30,20.0,0.8,0.0
2011-12-31,23.0,4.4,0.0
2012-01-01,5.0,9.2,5.6
2012-01-02,56.0,7.7,4.1
2012-01-03,14.0,40.9,48.0
2012-01-04,146.0,3.3,1.0
2012-01-05,0.0,25.6,23.5
2012-01-06,23.0,0.7,0.0
2012-01-07,0.0,0.6,0.0
2012-01-08,0.0,0.1,0.0
2012-01-09,2.0,12.2,8.5
2012-01-10,0.0,1.0,0.0
2012-01-11,0.0,4.7,0.0
2012-01-12,6.0,27.1,29.5
2012-01-13,18.0,0.8,0.0
2012-01-14,0.0,3.7,0.0
2012-01-15,0.0,15.6,11.1
2012-01-16,8.0,13.9,9.2
2012-01-17,2.0,0.8,0.0
2012-01-18,0.0,1.5,0.0
2012-01-19,0.0,15.7,11.2
2012-01-20,4.0,47.2,55.6
2012-01-21,38.0,14.7,10.3
2012-01-22,1.0,43.6,60.3
2012-01-23,14.0,11.6,7.2
2012-01-24,22.0,10.8,6.4
2012-01-25,0.0,11.6,7.2
2012-01-26,0.0,5.8,1.6
2012-01-27,0.0,2.5,0.0
2012-01-28,0.0,4.1,1.0
2012-01-29,3.0,23.1,21.7
2012-01-30,20.0,2.2,0.0
2012-01-31,2.0,0.3,0.0
2012-02-01,2.0,2.1,0.0
2012-02-02,0.0,5.3,2.5
2012-02-03,8.0,15.3,14.4
2012-02-04,17.0,1.3,0.0
2012-02-05,13.0,0.3,0.0
2012-02-06,0.0,0.7,0.0
2012-02-07,3.0,1.4,0.0
2012-02-08,3.0,0.0,0.0
2012-02-09,4.0,23.1,29.2
2012-02-10,13.0,33.1,43.6
2012-02-11,21.0,28.0,36.9
2012-02-12,60.0,13.5,12.4
2012-02-13,17.0,6.3,3.9
2012-02-14,0.0,86.3,169.7
2012-02-15,56.0,35.5,47.9
2012-02-16,47.0,3.0,1.0
2012-02-17,0.0,79.2,146.6
2012-02-18,97.0,4.3,1.6
2012-02-19,9.0,14.1,13.2
2012-02-20,4.0,10.2,8.4
2012-02-21,13.0,60.0,90.4
2012-02-22,0.0,12.8,8.3
2012-02-23,24.0,5.7,1.3
2012-02-24,0.0,27.2,24.8
2012-02-25,0.0,0.1,0.0
2012-02-26,0.0,0.0,0.0
2012-02-27,0.0,158.9,123.3
2012-02-28,24.0,4.5,1.0
2012-02-29,0.0,51.8,79.1
2012-03-01,24.0,3.1,0.0
2012-03-02,0.0,65.7,114.2
2012-03-03,166.0,13.2,10.8
2012-03-04,20.0,13.2,10.8
2012-03-05,2.0,6.0,2.4
2012-03-06,81.0,13.5,11.2
2012-03-07,63.0,31.1,38.2
2012-03-08,14.0,37.2,54.9
2012-03-09,25.0,0.9,0.0
2012-03-10,0.0,154.9,156.6
2012-03-11,130.0,0.8,0.0
2012-03-12,0.0,174.8,167.2
2012-03-13,91.0,2.7,0.0
2012-03-15,27.0,1.0,0.0
2012-03-16,0.0,2.4,0.0
2012-03-17,0.0,3.9,0.0
2012-03-18,2.0,5.6,1.2
2012-03-19,0.0,10.8,6.8
2012-03-20,17.0,26.9,26.6
2012-03-21,11.0,10.1,5.5
2012-03-22,12.0,0.2,0.0
2012-03-23,0.0,15.4,11.0
2012-03-24,25.0,1.0,0.0
2012-03-25,0.0,12.9,8.4
2012-03-26,15.0,0.0,0.0
2012-03-27,0.0,7.0,2.6
2012-03-28,0.0,7.3,2.8
2012-03-29,21.0,29.7,29.9
2012-03-30,18.0,9.9,5.4
2012-03-31,2.0,7.9,3.4
2012-04-01,8.0,99.1,145.7
2012-04-02,177.0,0.1,0.0
2012-04-03,0.0,0.0,0.0
2012-04-04,0.0,0.0,0.0
2012-04-05,0.0,0.0,0.0
2012-04-06,0.0,2.9,0.0
2012-04-07,0.0,0.0,0.0
2012-04-08,0.0,0.0,0.0
2012-04-09,0.0,0.8,0.0
2012-04-10,0.0,0.0,0.0
2012-04-11,0.0,0.0,0.0
2012-04-12,0.0,0.0,0.0
2012-04-13,0.0,22.8,17.3
2012-04-14,21.0,2.9,0.0
2012-04-15,1.0,3.5,1.0
2012-04-16,4.0,20.9,15.4
2012-04-17,2.0,144.4,173.4
2012-04-18,106.0,43.0,41.6
2012-04-19,5.0,27.8,22.1
2012-04-20,9.0,33.0,27.5
2012-04-21,7.0,8.7,4.2
2012-04-22,1.0,13.6,9.3
2012-04-23,10.0,19.7,16.2
2012-04-24,3.0,22.7,19.7
2012-04-25,36.0,36.1,39.0
2012-04-26,96.0,6.9,2.5
2012-04-27,0.0,15.6,11.5
2012-04-28,41.0,4.0,1.0
2012-04-29,1.0,0.4,0.0
2012-04-30,0.0,92.7,138.4
2012-05-01,44.0,5.4,2.6
2012-05-02,0.0,36.3,30.7
2012-05-03,10.0,80.0,85.4
2012-05-04,101.0,4.7,2.0
2012-05-05,0.0,66.1,66.7
2012-05-06,22.0,0.3,0.0
2012-05-07,1.0,0.3,0.0
2012-05-08,0.0,21.9,16.7
2012-05-09,9.0,2.2,1.0
2012-05-10,2.0,57.4,53.5
2012-05-11,41.0,12.0,12.8
2012-05-12,10.0,0.8,0.0
2012-05-13,0.0,41.1,67.1
2012-05-14,67.0,4.9,4.1
2012-05-15,0.0,5.2,4.4
2012-05-16,6.0,11.9,12.7
2012-05-17,0.0,1.3,1.0
2012-05-18,2.0,21.7,25.5
2012-05-19,3.0,24.5,29.6
2012-05-20,14.0,1.4,1.0
2012-05-21,2.0,13.9,15.4
2012-05-22,0.0,11.1,12.2
2012-05-23,0.0,24.5,27.6
2012-05-24,0.0,0.0,0.0
2012-05-25,12.0,35.9,45.0
2012-05-26,8.0,52.3,71.2
2012-05-27,0.0,5.5,5.8
2012-05-28,12.0,4.0,4.0
2012-05-29,6.0,2.1,1.8
2012-05-30,0.0,19.4,23.0
2012-05-31,69.0,0.0,0.0
2012-06-01,11.0,27.4,29.6
2012-06-02,11.0,2.5,3.3
2012-06-03,3.0,11.1,12.1
2012-06-04,0.0,22.9,24.7
2012-06-05,4.0,44.6,52.6
2012-06-06,0.0,8.2,9.0
2012-06-07,0.0,4.3,5.1
2012-06-08,17.0,0.0,0.0
2012-06-09,59.0,0.0,0.0
2012-06-10,0.0,0.1,0.0
2012-06-11,33.0,0.5,0.0
2012-06-12,0.0,0.0,0.0
2012-06-13,0.0,1.3,1.0
2012-06-14,0.0,1.1,1.0
2012-06-15,42.0,7.8,7.4
2012-06-16,46.0,0.6,0.0
2012-06-17,8.0,1.3,1.0
2012-06-18,3.0,0.0,0.0
2012-06-19,36.0,0.1,0.0
2012-06-20,53.0,4.9,4.1
2012-06-21,36.0,19.0,19.1
2012-06-22,0.0,82.5,97.1
2012-06-23,4.0,5.4,6.3
2012-06-24,0.0,2.2,3.4
2012-06-25,0.0,11.8,11.9
2012-06-26,36.0,21.5,20.9
2012-06-27,0.0,94.2,109.1
2012-06-28,44.0,0.4,0.0
2012-06-29,54.0,0.0,0.0
2012-06-30,0.0,0.0,0.0
2012-08-01,2.0,2.0,1.0
2012-08-02,2.0,27.8,25.6
2012-08-03,50.0,8.5,6.8
2012-08-04,5.0,0.1,0.0
2012-08-05,0.0,7.5,5.7
2012-08-06,2.0,0.0,0.0
2012-08-07,0.0,0.0,0.0
2012-08-08,0.0,2.1,1.0
2012-08-09,0.0,3.3,1.7
2012-08-10,0.0,0.0,0.0
2012-08-11,2.0,0.0,0.0
2012-08-12,3.0,0.0,0.0
2012-08-13,1.0,0.0,0.0
2012-08-15,1.0,3.2,1.9
2012-08-16,2.0,2.0,1.0
2012-08-17,2.0,2.3,1.1
2012-08-18,12.0,5.8,4.4
2012-08-19,19.0,2.6,1.4
2012-08-20,9.0,64.9,77.6
2012-08-21,83.0,53.8,63.6
2012-08-22,96.0,0.9,0.0
2012-08-23,3.0,32.0,32.6
2012-08-24,149.0,16.7,12.4
2012-08-25,95.0,55.0,66.0
2012-08-26,46.0,0.0,0.0
2012-08-27,55.0,2.0,1.0
2012-08-28,11.0,7.4,4.3
2012-08-29,1.0,8.8,5.4
2012-08-30,15.0,13.3,9.0
2012-08-31,21.0,14.5,10.0
2012-09-01,17.0,2.6,1.0
2012-09-02,1.0,8.2,6.0
2012-09-03,5.0,44.4,56.0
2012-09-04,35.0,63.1,73.7
2012-09-05,75.0,10.6,8.4
2012-09-06,2.0,10.2,8.0
2012-09-07,6.0,14.2,11.9
2012-09-08,10.0,12.1,9.9
2012-09-09,30.0,34.5,40.2
2012-09-10,23.0,1.7,0.0
2012-09-11,0.0,49.5,53.9
2012-09-12,57.0,37.3,34.4
2012-09-13,39.0,0.0,0.0
2012-09-14,0.0,35.7,33.7
2012-09-15,13.0,3.1,1.0
2012-09-16,0.0,0.0,0.0
2012-09-17,0.0,6.8,3.8
2012-09-18,13.0,0.0,0.0
2012-09-19,0.0,0.0,0.0
2012-09-20,0.0,0.1,0.0
2012-09-22,25.0,8.5,4.8
2012-09-24,0.0,16.1,13.0
2012-09-25,10.0,92.6,119.5
2012-09-26,142.0,6.3,2.6
2012-09-27,2.0,0.0,0.0
2012-09-28,0.0,0.0,0.0
2012-09-29,0.0,0.0,0.0
2012-09-30,0.0,0.0,0.0
2012-10-01,0.0,0.0,0.0
2012-10-02,0.0,0.4,0.0
2012-10-03,1.0,5.7,1.0
2012-10-04,0.0,20.5,17.4
2012-10-05,5.0,0.5,0.0
2012-10-06,0.0,41.5,55.5
2012-10-07,67.0,0.1,0.0
2012-10-08,0.0,61.1,89.9
2012-10-09,118.0,4.4,0.0
2012-10-10,0.0,0.6,0.0
2012-10-11,0.0,28.2,28.7
2012-10-12,30.0,103.9,131.2
2012-10-13,65.0,1.1,0.0
2012-10-14,5.0,3.3,0.0
2012-10-15,16.0,1.9,0.0
2012-10-16,28.0,5.9,1.6
2012-10-17,1.0,4.6,1.0
2012-10-18,0.0,0.0,0.0
2012-10-19,0.0,0.0,0.0
2012-10-20,0.0,0.4,0.0
2012-10-21,8.0,14.3,9.5
2012-10-22,1.0,8.2,2.9
2012-10-23,1.0,0.6,0.0
2012-10-24,9.0,25.1,22.8
2012-10-25,29.0,19.4,15.4
2012-10-26,48.0,40.2,54.9
2012-10-27,0.0,1.4,0.0
2012-10-28,36.0,47.6,65.1
2012-10-29,0.0,0.7,0.0
2012-10-30,0.0,0.0,0.0
2012-10-31,29.0,42.2,58.8
2012-11-01,27.0,14.6,11.0
2012-11-02,6.0,1.9,0.0
2012-11-03,0.0,0.0,0.0
2012-11-04,29.0,1.9,0.0
2012-11-05,40.0,10.0,5.6
2012-11-06,12.0,9.8,5.4
2012-11-07,3.0,4.6,1.0
2012-11-08,59.0,24.9,24.2
2012-11-09,68.0,102.6,139.8
2012-11-10,0.0,7.2,2.5
2012-11-11,0.0,0.0,0.0
2012-11-12,22.0,5.9,1.0
2012-11-13,19.0,10.9,6.1
2012-11-14,2.0,5.8,1.0
2012-11-15,41.0,42.5,65.2
2012-11-16,0.0,2.3,0.0
2012-11-17,21.0,5.5,1.0
2012-11-18,54.0,55.7,86.5
2012-11-19,0.0,0.0,0.0
2012-11-20,8.0,0.1,0.0
2012-11-21,11.0,5.5,0.0
2012-11-22,0.0,0.0,0.0
2012-11-23,0.0,0.0,0.0
2012-11-24,0.0,0.0,0.0
2012-11-25,0.0,0.0,0.0
2012-11-26,0.0,0.0,0.0
2012-11-27,0.0,0.0,0.0
2012-11-28,0.0,0.0,0.0
2012-11-29,53.0,11.9,6.4
2012-11-30,0.0,0.0,0.0
2012-12-01,0.0,0.0,0.0
2012-12-02,0.0,0.0,0.0
2012-12-04,6.0,23.7,25.4
2012-12-05,41.0,19.6,19.2
2012-12-06,113.0,37.4,55.8
2012-12-07,1.0,14.9,12.5
2012-12-08,0.0,0.2,0.0
2012-12-09,13.0,0.9,0.0
2012-12-10,192.0,87.0,148.8
2012-12-11,192.0,0.8,0.0
2012-12-12,31.0,40.5,60.1
2012-12-13,0.0,0.7,0.0
2012-12-14,0.0,0.3,0.0
2012-12-15,0.0,0.2,0.0
2012-12-16,1.0,1.4,0.0
2012-12-17,0.0,0.2,0.0
2012-12-18,0.0,0.0,0.0
2012-12-19,0.0,0.1,0.0
2012-12-20,0.0,0.7,0.0
2012-12-21,0.0,0.0,0.0
2012-12-22,0.0,4.3,0.0
2012-12-23,12.0,7.6,3.1
2012-12-24,0.0,0.5,0.0
2012-12-25,3.0,6.5,1.9
2012-12-26,5.0,0.0,0.0
2012-12-27,83.0,77.5,114.6
2012-12-29,0.0,0.9,0.0
2012-12-30,72.0,165.1,200.2
2012-12-31,0.0,0.3,0.0
2013-01-01,7.4,43.7,52.8
2013-01-02,58.0,2.3,0.0
2013-01-03,17.5,1.8,0.0
2013-01-04,9.2,19.5,16.1
2013-01-05,16.3,1.9,0.0
2013-01-06,1.2,0.4,0.0
2013-01-07,0.8,5.1,1.6
2013-01-08,6.0,3.0,0.0
2013-01-09,6.7,0.2,0.0
2013-01-12,20.6,12.6,7.8
2013-01-13,2.1,2.7,0.0
2013-01-14,8.4,31.7,34.7
2013-01-15,0.2,3.7,0.0
2013-01-16,10.5,7.2,2.2
2013-01-18,1.0,0.7,0.0
2013-01-19,9.9,2.1,0.0
2013-01-21,1.0,0.1,0.0
2013-01-22,0.1,3.5,0.0
2013-01-26,13.0,3.7,0.0
2013-01-27,7.0,18.8,14.8
2013-01-29,5.1,35.8,46.7
2013-01-31,10.6,8.2,3.9
2013-02-01,18.5,7.2,4.8
2013-02-02,19.4,0.3,0.0
2013-02-04,1.9,23.6,30.8
2013-02-05,56.5,10.5,8.7
2013-02-06,36.1,2.8,0.0
2013-02-07,1.0,0.0,0.0
2013-02-13,19.7,29.8,37.6
2013-02-14,17.5,11.1,9.4
2013-02-15,7.1,42.4,57.5
2013-02-16,21.4,48.4,69.0
2013-02-17,24.0,10.4,8.6
2013-02-18,7.5,29.3,37.2
2013-02-19,14.9,10.2,8.5
2013-02-20,11.1,0.1,0.0
2013-02-21,0.6,16.2,11.8
2013-02-22,8.3,3.0,0.0
2013-02-23,4.0,14.6,10.2
2013-02-24,14.3,0.0,0.0
2013-02-25,6.0,8.6,4.0
2013-02-26,9.0,20.7,16.7
2013-02-27,46.3,3.4,0.0
2013-02-28,19.1,5.0,1.0
2013-03-01,15.4,0.0,0.0
2013-03-02,0.1,7.5,4.1
2013-03-03,12.0,1.4,0.0
2013-03-05,10.2,3.0,0.0
2013-03-06,1.0,5.2,1.6
2013-03-07,1.5,12.3,9.7
2013-03-08,4.9,13.6,11.3
2013-03-09,27.5,6.7,3.1
2013-03-10,9.3,3.6,1.0
2013-03-11,14.6,9.8,5.7
2013-03-12,12.9,11.0,7.1
2013-03-13,27.2,0.7,0.0
2013-03-14,0.2,3.1,0.0
2013-03-15,14.8,0.4,0.0
2013-03-16,1.0,19.5,17.4
2013-03-17,3.3,2.9,0.0
2013-03-18,0.5,5.9,1.5
2013-03-19,10.2,0.4,0.0
2013-03-21,2.8,66.3,89.0
2013-03-22,85.5,15.1,10.8
2013-03-23,2.4,12.5,8.0
2013-03-24,68.3,34.0,38.2
2013-03-25,30.9,3.9,0.0
2013-03-26,33.6,4.9,1.0
2013-03-27,13.1,5.1,1.0
2013-03-28,24.6,28.5,26.6
2013-03-29,24.6,0.2,0.0
2013-03-31,1.4,16.7,12.4
2013-04-01,9.4,2.8,0.0
2013-04-02,0.5,25.9,26.0
2013-04-03,12.4,4.2,1.0
2013-04-04,10.4,3.8,1.0
2013-04-06,7.8,2.4,0.0
2013-04-07,9.0,48.3,67.3
2013-04-08,33.0,148.0,163.2
2013-04-09,57.8,16.3,14.4
2013-04-10,27.3,1.7,0.0
2013-04-11,9.2,25.9,20.3
2013-04-12,36.4,6.5,2.3
2013-04-13,3.9,2.4,0.0
2013-04-15,0.1,3.3,0.0
2013-04-16,0.2,22.9,17.4
2013-04-17,15.3,0.6,0.0
2013-04-18,28.8,12.4,7.4
2013-04-19,4.0,5.1,1.2
2013-04-21,2.2,27.7,25.4
2013-04-22,21.2,15.4,11.2
2013-04-23,46.8,8.0,3.4
2013-04-24,37.2,1.0,0.0
2013-04-26,2.5,4.5,1.0
2013-04-27,23.9,1.3,0.0
2013-05-07,1.8,0.9,0.0
2013-05-09,1.0,34.0,28.5
2013-05-10,98.2,106.8,111.4
2013-05-11,160.0,14.0,15.4
2013-05-12,1.6,8.9,8.9
2013-05-13,12.1,6.2,5.6
2013-05-14,24.4,38.6,60.2
2013-05-15,11.2,43.4,69.7
2013-05-16,10.7,14.0,15.4
2013-05-17,0.2,0.0,0.0
2013-05-18,0.2,32.1,47.9
2013-05-19,20.5,57.9,98.3
2013-05-21,1.0,12.4,13.7
2013-05-22,10.9,2.9,2.7
2013-05-23,0.6,9.0,9.7
2013-05-24,6.0,0.0,0.0
2013-05-26,12.4,50.3,69.7
2013-05-27,83.0,2.0,1.7
2013-05-28,16.4,0.0,0.0
2013-05-29,8.0,0.0,0.0
2013-05-30,0.6,0.0,0.0
2013-05-31,0.1,1.6,1.2
2013-06-01,4.7,34.0,33.2
2013-06-02,13.6,0.3,0.0
2013-06-03,1.0,17.3,18.7
2013-06-04,16.0,0.5,0.0
2013-06-05,4.0,2.3,3.1
2013-06-06,5.8,23.0,25.9
2013-06-07,27.9,17.5,18.9
2013-06-08,80.3,0.0,0.0
2013-06-09,16.8,5.2,6.0
2013-06-10,0.3,55.4,71.6
2013-06-11,92.3,0.3,0.0
2013-06-12,0.5,10.8,10.7
2013-06-14,116.6,37.3,47.6
2013-06-15,12.0,5.4,4.7
2013-06-16,1.0,2.7,1.9
2013-06-17,1.4,9.5,9.2
2013-06-18,10.6,11.6,11.6
2013-06-19,63.0,25.1,27.7
2013-06-20,1.4,23.2,24.8
2013-06-21,32.6,0.0,0.0
2013-06-22,0.1,0.0,0.0
2013-06-24,10.0,9.6,9.9
2013-06-25,8.4,38.4,40.8
2013-06-26,85.4,7.7,8.3
2013-06-27,4.4,10.9,11.1
2013-06-29,20.6,4.5,5.5
2013-06-30,0.2,0.0,0.0
2013-07-06,0.5,4.8,4.2
2013-07-07,10.5,17.7,15.0
2013-07-08,11.4,51.8,49.8
2013-07-09,6.9,5.7,4.9
2013-07-10,0.7,4.1,3.7
2013-07-12,0.4,0.4,0.0
2013-07-13,0.4,0.0,0.0
2013-07-14,0.4,0.4,0.0
2013-07-15,3.2,0.0,0.0
2013-07-16,5.5,0.0,0.0
2013-07-18,3.0,30.4,41.0
2013-07-19,33.1,3.9,4.3
2013-07-20,6.0,33.3,47.0
2013-07-21,37.5,42.4,51.5
2013-07-22,15.6,12.8,13.6
2013-07-23,33.2,4.2,4.1
2013-07-24,11.0,6.0,5.8
2013-07-25,27.7,0.4,0.0
2013-07-26,3.4,4.1,4.0
2013-07-27,3.0,2.1,2.1
2013-07-28,5.4,18.0,17.3
2013-07-29,5.4,39.9,47.9
2013-07-30,30.3,13.9,13.6
2013-07-31,4.8,0.0,0.0
2013-08-03,1.6,1.9,1.0
2013-08-04,1.0,3.8,2.1
2013-08-05,2.1,0.0,0.0
2013-08-06,1.7,6.8,5.0
2013-08-07,0.0,0.0,0.0
2013-08-08,3.3,0.0,0.0
2013-08-09,0.4,0.5,0.0
2013-08-10,1.0,4.5,2.8
2013-08-11,2.0,3.2,1.9
2013-08-12,0.9,5.2,3.8
2013-08-13,13.3,9.4,7.7
2013-08-14,8.1,7.7,6.1
2013-08-15,6.2,4.2,2.9
2013-08-16,0.3,2.2,1.0
2013-08-17,2.1,4.0,2.6
2013-08-19,3.9,0.0,0.0
2013-08-20,0.1,0.0,0.0
2013-08-21,1.6,0.0,0.0
2013-08-24,0.4,0.0,0.0
2013-08-27,0.8,0.3,0.0
2013-08-28,4.0,4.0,1.9
2013-08-30,1.7,53.4,63.8
2013-08-31,89.2,4.3,2.1
2013-09-01,1.5,5.0,2.9
2013-09-02,1.0,0.0,0.0
2013-09-04,0.3,0.0,0.0
2013-09-05,0.2,0.0,0.0
2013-09-09,14.0,21.3,20.0
2013-09-10,18.9,100.7,85.6
2013-09-11,81.8,33.9,31.7
2013-09-13,1.0,9.1,6.1
2013-09-14,1.5,12.3,9.4
2013-09-15,22.5,1.5,0.0
2013-09-16,37.5,0.0,0.0
2013-09-20,6.6,11.6,8.7
2013-09-21,4.2,4.6,1.0
2013-09-22,0.9,0.5,0.0
2013-09-29,2.0,0.0,0.0
2013-10-02,21.6,52.9,77.7
2013-10-03,61.0,6.1,1.0
2013-10-04,18.0,0.9,0.0
2013-10-07,32.8,3.0,0.0
2013-10-08,1.2,2.0,0.0
2013-10-09,2.9,1.4,0.0
2013-10-12,10.0,0.4,0.0
2013-10-13,7.5,6.6,2.3
2013-10-15,45.5,97.6,125.3
2013-10-16,85.3,0.0,0.0
2013-10-20,11.4,43.7,58.4
2013-10-21,32.5,10.8,5.5
2013-10-23,29.6,38.6,53.6
2013-10-24,81.2,11.6,6.5
2013-10-25,1.0,15.4,10.7
2013-10-26,4.0,2.2,0.0
2013-10-30,1.5,40.0,55.7
2013-10-31,60.2,127.8,109.8
2013-11-01,64.5,11.5,7.4
2013-11-02,0.6,2.5,0.0
2013-11-03,0.4,1.1,0.0
2013-11-09,99.9,63.2,88.1
2013-11-10,56.0,0.0,0.0
2013-11-12,56.6,37.5,54.6
2013-11-13,18.2,11.7,7.1
2013-11-14,7.2,16.6,13.0
2013-11-15,0.8,3.7,0.0
2013-11-17,3.0,0.5,0.0
2013-11-19,6.7,30.4,30.7
2013-11-20,39.2,21.6,19.3
2013-11-21,64.3,6.6,1.0
2013-11-24,0.6,0.0,0.0
2013-11-25,0.4,1.9,0.0
2013-11-26,0.6,0.2,0.0
2013-11-29,2.3,5.7,0.0
2013-11-30,22.4,103.1,100.6
2013-12-01,109.8,58.4,96.0
2013-12-02,5.4,3.8,0.0
2013-12-03,1.0,1.8,0.0
2013-12-04,5.1,11.8,8.4
2013-12-05,1.5,5.8,1.0
2013-12-06,0.1,5.6,1.0
2013-12-07,0.2,72.8,124.1
2013-12-08,9.2,6.2,1.4
2013-12-09,0.1,13.3,10.4
2013-12-10,44.0,0.9,0.0
2013-12-12,18.9,0.4,0.0
2013-12-14,0.3,0.1,0.0
2013-12-16,5.5,0.0,0.0
2013-12-19,10.3,13.9,10.8
2013-12-20,6.8,26.8,30.8
2013-12-21,32.9,25.4,23.5
2013-12-22,77.4,4.7,1.0
2013-12-23,10.1,37.4,51.2
2013-12-25,26.7,1.2,0.0
2013-12-27,20.2,0.0,0.0
2013-12-29,16.1,1.2,0.0
2013-12-31,90.1,19.3,16.5
2014-02-02,0.0,25.3,32.4
2014-02-03,14.1,0.1,0.0
2014-02-04,0.0,1.1,0.0
2014-02-05,0.0,1.5,0.0
2014-02-08,0.0,15.3,14.5
2014-02-09,25.0,0.6,0.0
2014-02-10,0.4,0.3,0.0
2014-02-11,1.2,21.9,22.8
2014-02-12,8.0,34.2,45.1
2014-02-13,42.2,2.3,0.0
2014-02-14,12.5,39.1,52.5
2014-02-15,17.5,2.6,0.0
2014-02-16,6.4,2.2,0.0
2014-02-17,16.0,4.7,2.1
2014-02-18,16.5,5.5,3.0
2014-02-19,19.4,1.5,0.0
2014-02-20,2.9,3.5,1.0
2014-02-21,6.0,3.4,0.0
2014-02-22,4.7,4.0,0.0
2014-02-23,22.8,6.1,1.6
2014-02-24,11.9,6.2,1.7
2014-02-25,29.0,2.1,0.0
2014-02-27,67.1,4.6,1.0
2014-02-28,2.7,0.3,0.0
2014-08-02,0.1,0.0,0.0
2014-08-05,1.0,0.0,0.0
2014-08-06,2.0,14.4,13.3
2014-08-07,11.6,14.2,12.9
2014-08-08,3.5,0.0,0.0
2014-08-09,8.0,0.0,0.0
2014-08-10,3.5,2.5,1.0
2014-08-11,0.6,54.5,66.8
2014-08-12,33.5,1.5,1.0
2014-08-13,12.0,26.3,23.4
2014-08-14,6.5,37.3,43.7
2014-08-15,80.1,42.9,51.1
2014-08-16,71.5,38.0,42.1
2014-08-17,22.2,23.7,22.1
2014-08-18,24.5,0.4,0.0
2014-08-19,2.5,5.1,3.7
2014-08-20,31.5,0.4,0.0
2014-08-21,13.5,0.9,0.0
2014-08-22,2.5,4.3,2.1
2014-08-23,2.1,4.4,2.2
2014-08-24,34.0,23.0,17.0
2014-08-25,27.5,26.7,23.6
2014-08-26,20.5,9.9,6.2
2014-08-27,25.0,0.7,0.0
2014-08-28,16.0,5.5,3.0
2014-08-29,7.1,12.2,8.1
2014-08-30,5.1,0.0,0.0
2014-08-31,0.5,0.0,0.0
2014-10-03,7.8,7.1,1.8
2014-10-04,4.6,8.4,3.1
2014-10-05,12.8,9.8,4.5
2014-10-06,23.8,0.9,0.0
2014-10-11,0.8,12.3,8.8
2014-10-12,1.5,3.9,0.0
2014-10-13,5.4,0.1,0.0
2014-10-17,2.0,0.8,0.0
2014-10-19,5.6,0.0,0.0
2014-10-21,1.8,17.9,13.6
2014-10-22,21.5,0.0,0.0
2014-10-24,6.3,0.1,0.0
2014-10-29,1.0,0.0,0.0
2014-10-30,65.0,6.5,1.3
2014-11-02,6.4,22.6,20.9
2014-11-03,3.1,0.5,0.0
2014-11-04,0.1,5.4,1.0
2014-11-05,6.4,19.3,16.8
2014-11-06,12.4,1.1,0.0
2014-11-07,0.4,0.0,0.0
2014-11-08,0.1,0.0,0.0
2014-11-09,22.2,2.7,0.0
2014-11-10,1.0,3.5,0.0
2014-11-12,1.0,4.5,0.0
2014-11-13,1.0,14.4,10.3
2014-11-14,1.2,9.7,4.7
2014-11-15,0.2,2.8,0.0
2014-11-18,4.5,22.0,19.8
2014-11-19,62.5,3.9,0.0
2014-11-21,71.5,18.2,13.2
2014-11-22,26.5,58.6,69.3
2014-11-23,34.0,1.9,0.0
2014-11-24,3.0,0.0,0.0
2014-11-26,0.1,46.1,54.5
2014-11-27,24.5,14.4,9.1
2014-11-28,12.4,0.2,0.0
2014-12-01,2.1,10.7,6.9
2014-12-02,22.5,0.0,0.0
2014-12-04,9.0,2.4,0.0
2014-12-06,30.0,19.4,18.9
2014-12-07,5.4,5.0,1.0
2014-12-08,25.9,37.2,55.6
2014-12-10,0.1,13.5,10.7
2014-12-11,3.8,3.8,0.0
2014-12-12,0.8,16.6,14.7
2014-12-13,29.0,4.5,0.0
2014-12-14,0.9,37.5,54.8
2014-12-15,51.6,2.9,0.0
2014-12-16,0.6,19.5,19.0
2014-12-17,5.5,6.4,1.1
2014-12-18,2.5,10.8,6.5
2014-12-19,1.5,2.7,0.0
2014-12-20,1.1,3.6,0.0
2014-12-21,0.2,2.5,0.0
2014-12-23,13.5,16.4,13.1
2014-12-24,4.9,0.6,0.0
2014-12-25,1.4,0.6,0.0
2014-12-27,80.3,0.7,0.0
2014-12-28,0.9,106.3,152.2
2014-12-29,69.5,3.5,0.0
2014-12-30,30.0,16.4,13.1
2015-12-01,1.2,1.5,0.0
2016-01-01,1.2,3.5,1.0
2016-01-02,1.2,0.1,0.0
2016-01-04,1.8,0.8,0.0
2016-01-05,7.3,0.0,0.0
2016-01-06,0.2,0.0,0.0
2016-01-08,0.4,0.7,0.0
2016-01-11,0.8,0.0,0.0
2016-01-12,0.0,6.5,1.4
2016-01-13,27.7,11.2,6.3
2016-01-16,69.7,12.4,7.6
2016-01-17,1.2,3.8,0.0
2016-01-21,9.6,11.8,7.4
2016-01-22,3.8,19.9,16.2
2016-01-23,3.2,10.8,6.4
2016-01-30,0.0,0.8,0.0
2016-03-02,10.9,1.7,0.0
2016-03-04,16.4,5.5,1.9
2016-03-05,5.2,0.4,0.0
2016-03-07,0.4,7.3,3.8
2016-03-08,0.4,33.7,45.8
2016-03-09,16.7,3.3,0.0
2016-03-11,9.0,56.1,80.4
2016-03-12,11.0,1.0,0.0
2016-03-15,0.2,8.2,3.9
2016-03-16,0.4,10.2,6.2
2016-03-18,6.3,11.9,8.2
2016-03-19,0.0,17.6,15.0
2016-03-20,16.4,26.7,26.4
2016-03-21,10.2,0.1,0.0
2016-03-22,0.2,0.2,0.0
2016-03-24,50.6,36.9,41.7
2016-03-25,33.7,15.1,10.7
2016-03-26,1.4,27.3,24.7
2016-03-27,18.5,5.0,1.0
2016-03-29,6.6,24.9,21.5
2016-03-30,18.7,2.7,0.0
2016-03-31,0.6,20.0,16.0
2016-04-01,12.4,0.0,0.0
2016-04-02,0.2,6.2,2.9
2016-04-03,0.8,26.4,28.1
2016-04-04,48.5,3.1,1.0
2016-04-05,5.0,2.4,0.0
2016-04-06,0.4,7.2,4.0
2016-04-07,0.4,2.6,0.0
2016-04-08,1.2,37.6,49.9
2016-04-09,107.5,5.6,2.2
2016-04-10,1.2,6.6,3.3
2016-04-11,0.8,4.3,1.0
2016-04-12,0.2,74.2,79.8
2016-04-15,5.6,19.0,13.6
2016-04-16,22.4,0.9,0.0
2016-04-18,23.3,20.8,15.3
2016-04-19,52.7,106.2,134.0
2016-04-20,39.3,3.1,0.0
2016-04-21,0.4,20.3,16.8
2016-04-23,26.4,30.2,28.5
2016-04-24,10.8,0.5,0.0
2016-04-25,2.0,3.5,0.0
2016-04-26,2.8,14.5,10.2
2016-04-27,0.6,10.5,6.0
2016-04-28,2.2,11.0,6.5
2016-04-29,3.0,13.3,8.9
2016-04-30,1.0,20.3,16.8
2016-05-01,1.6,14.3,10.0
2016-05-02,2.6,41.6,34.3
2016-05-03,16.5,2.9,1.0
2016-05-04,0.6,3.5,1.2
2016-05-05,1.0,0.7,0.0
2016-05-06,0.2,22.1,16.9
2016-05-07,14.8,25.8,20.2
2016-05-08,56.8,3.2,1.0
2016-05-09,0.2,0.0,0.0
2016-05-11,0.2,0.0,0.0
2016-05-12,0.8,0.0,0.0
2016-05-13,0.2,6.6,6.1
2016-05-15,8.5,0.3,0.0
2016-05-18,119.1,4.8,4.0
2016-05-20,10.0,21.8,26.1
2016-05-21,6.4,95.7,113.9
2016-05-22,90.0,0.4,0.0
2016-05-23,0.2,5.6,5.8
2016-05-24,20.1,3.7,3.6
2016-05-25,2.2,5.5,5.8
2016-05-26,0.8,27.2,30.6
2016-05-27,26.4,15.9,17.8
2016-05-28,0.6,0.7,0.0
2016-05-29,7.0,0.0,0.0
2016-05-30,1.0,0.0,0.0
2016-06-01,0.4,11.8,12.8
2016-06-02,1.8,99.0,135.1
2016-06-03,46.1,1.8,2.7
2016-06-06,3.4,0.0,0.0
2016-06-10,4.2,13.4,14.5
2016-06-12,7.2,0.0,0.0
2016-06-13,0.2,0.0,0.0
2016-06-14,0.8,0.0,0.0
2016-06-15,0.2,0.0,0.0
2016-06-16,0.4,17.7,18.7
2016-06-17,3.2,8.5,8.2
2016-06-18,0.6,3.4,2.6
2016-06-19,0.2,2.0,1.2
2016-06-21,0.2,5.6,6.5
2016-06-22,2.2,27.8,25.9
2016-06-23,40.5,43.8,46.1
2016-06-24,16.5,16.4,15.9
2016-06-25,58.1,1.9,3.2
2016-06-27,72.2,13.6,13.4
2016-06-28,13.4,1.7,3.0
2016-06-29,12.3,1.5,2.8
2016-06-30,0.4,21.5,22.3
2016-07-01,112.0,0.0,0.0
2016-07-02,3.4,0.0,0.0
2016-07-05,0.0,22.8,19.4
2016-07-06,15.4,0.0,0.0
2016-07-07,0.4,3.3,3.1
2016-07-08,0.0,0.0,0.0
2016-07-09,0.2,10.4,8.8
2016-07-10,0.6,0.8,0.0
2016-07-12,44.3,26.0,32.3
2016-07-13,16.1,7.8,8.7
2016-07-14,82.4,0.0,0.0
2016-07-15,0.4,0.0,0.0
2016-07-16,0.0,22.7,26.7
2016-07-17,61.4,4.3,4.6
2016-07-18,0.8,19.2,22.4
2016-07-19,0.8,29.8,39.0
2016-07-20,1.8,9.8,11.0
2016-07-21,2.8,101.0,137.1
2016-07-22,73.4,13.3,12.8
2016-07-23,3.0,7.9,7.6
2016-07-24,1.2,1.9,1.9
2016-07-25,0.2,0.8,0.0
2016-07-26,5.4,5.8,5.6
2016-07-27,9.8,15.4,15.0
2016-07-28,7.8,24.0,22.9
2016-07-29,6.2,8.1,7.7
2016-07-30,2.2,16.8,16.8
2016-07-31,4.6,32.3,36.6
2016-08-01,35.2,27.5,28.8
2016-08-02,23.1,29.6,30.7
2016-08-03,64.0,17.8,17.0
2016-08-04,5.0,39.0,46.3
2016-08-05,33.0,50.1,68.1
2016-08-06,59.0,12.3,10.8
2016-08-07,2.6,5.1,3.3
2016-08-08,21.1,12.3,10.9
2016-08-09,2.4,0.0,0.0
2016-08-10,0.6,0.0,0.0
2016-08-12,0.2,0.0,0.0
2016-08-15,6.4,0.5,0.0
2016-08-16,2.4,13.9,12.9
2016-08-17,8.2,10.1,8.4
2016-08-18,2.0,9.0,7.3
2016-08-19,20.1,0.6,0.0
2016-08-20,0.2,1.0,0.0
2016-08-23,0.2,6.7,3.9
2016-08-24,2.4,9.4,5.9
2016-08-25,0.6,0.3,0.0
2016-08-29,2.4,0.0,0.0
2016-09-01,13.1,47.7,59.4
2016-09-02,48.1,4.6,2.6
2016-09-03,6.8,2.2,1.0
2016-09-05,10.6,23.1,22.7
2016-09-06,48.9,1.7,0.0
2016-09-07,20.2,21.6,19.4
2016-09-10,1.2,6.9,4.8
2016-09-12,37.5,42.6,42.4
2016-09-13,53.2,38.3,35.3
2016-09-14,9.6,14.3,11.5
2016-09-15,0.7,22.8,20.2
2016-09-17,11.0,2.5,0.0
2016-09-19,81.1,0.6,0.0
2016-09-21,0.2,13.4,10.0
2016-09-22,2.8,0.8,0.0
2016-09-23,0.8,1.7,0.0
2016-09-25,2.6,0.1,0.0
2016-09-26,0.2,107.4,128.8
2016-09-27,25.1,59.7,83.1
2016-09-30,10.1,28.6,27.9
2016-10-01,49.8,1.9,0.0
2016-10-02,0.2,47.9,68.4
2016-10-03,10.4,13.9,9.1
2016-10-04,5.2,4.5,0.0
2016-10-05,3.6,8.3,3.0
2016-10-06,0.6,12.1,7.1
2016-10-07,11.3,8.3,3.0
2016-10-08,27.7,36.2,40.9
2016-10-09,25.8,39.0,48.3
2016-10-10,56.4,43.3,58.2
2016-10-11,7.8,7.5,3.3
2016-10-12,9.0,1.9,0.0
2016-10-13,14.5,0.0,0.0
2016-10-16,0.8,20.6,18.9
2016-10-17,4.6,4.6,1.0
2016-10-18,0.2,1.7,0.0
2016-10-19,0.2,52.0,70.1
2016-10-20,6.0,11.6,8.0
2016-10-21,6.6,3.3,0.0
2016-10-22,0.6,28.3,37.5
2016-10-23,24.1,3.1,0.0
2016-10-25,37.8,6.1,1.0
2016-10-26,0.4,3.7,0.0
2016-10-28,80.1,28.2,36.8
2016-11-03,7.4,20.9,18.8
2016-11-04,21.9,10.9,6.6
2016-11-05,20.3,66.3,90.4
2016-11-06,20.3,0.0,0.0
2016-11-08,0.2,10.0,5.6
2016-11-09,5.0,0.3,0.0
2016-11-10,0.2,23.7,22.3
2016-11-11,7.4,30.3,31.0
2016-11-12,55.5,6.1,1.0
2016-11-13,5.6,7.1,2.0
2016-11-14,0.2,0.3,0.0
2016-11-15,1.2,28.6,29.2
2016-11-16,68.1,34.2,46.4
2016-11-17,55.0,0.1,0.0
2016-11-18,0.2,0.6,0.0
2016-11-19,1.4,16.2,12.5
2016-11-25,1.8,11.0,5.4
2016-11-30,11.7,0.1,0.0
2016-12-02,4.6,3.1,0.0
2016-12-06,6.8,3.5,0.0
2016-12-07,5.6,19.2,18.6
2016-12-08,50.1,42.4,66.9
2016-12-09,85.3,20.1,19.8
2016-12-10,23.3,12.7,9.6
2016-12-12,50.1,42.2,62.9
2016-12-13,26.2,35.6,53.3
2016-12-14,76.0,46.1,69.0
2016-12-17,0.2,0.4,0.0
2016-12-19,0.6,49.0,73.6
2016-12-22,7.3,4.6,1.0
2016-12-23,29.8,3.4,0.0
2016-12-27,8.5,7.4,2.9
2016-12-29,76.1,5.6,1.0
2017-01-01,6.2,0.4,0.0
2017-01-02,6.2,8.6,5.0
2017-01-04,5.0,5.5,2.0
2017-01-06,10.7,14.6,11.0
2017-01-07,6.2,5.4,1.9
2017-01-08,2.6,15.2,11.6
2017-01-09,34.7,52.3,66.9
2017-01-10,24.3,19.0,15.5
2017-01-11,8.2,11.3,6.4
2017-01-12,31.3,0.4,0.0
2017-01-16,6.0,8.2,3.1
2017-01-17,18.0,2.8,0.0
2017-01-20,2.0,6.1,1.0
2017-01-21,36.8,6.3,2.0
2017-01-25,0.2,8.2,3.9
2017-01-26,17.3,25.7,27.0
2017-01-27,5.2,71.3,96.2
2017-01-28,2.8,36.8,48.9
2017-01-31,0.4,24.6,25.2
2017-02-01,39.0,26.9,33.9
2017-02-02,10.8,0.0,0.0
2017-02-04,45.7,0.8,0.0
2017-02-05,1.8,3.7,1.0
2017-02-06,0.2,1.1,0.0
2017-02-09,40.1,1.9,0.0
2017-02-11,1.0,8.1,5.9
2017-02-12,1.0,13.6,12.5
2017-02-13,18.6,10.4,8.6
2017-02-16,2.2,2.7,0.0
2017-02-17,4.4,77.2,138.6
2017-02-20,6.0,9.5,7.6
2017-02-22,10.2,11.0,6.4
2017-02-25,19.4,7.0,2.4
2017-03-02,0.2,21.9,22.0
2017-03-03,11.3,22.9,23.3
2017-03-04,7.8,2.1,0.0
2017-03-06,0.8,0.6,0.0
2017-03-08,42.5,52.0,87.3
2017-03-10,64.0,1.8,0.0
2017-03-13,0.2,7.3,3.0
2017-03-15,4.6,23.2,22.0
2017-03-16,29.3,2.3,0.0
2017-03-17,0.2,0.0,0.0
2017-03-19,14.5,97.8,137.3
2017-03-20,68.0,57.0,81.7
2017-04-15,12.6,18.4,13.0
2017-04-23,3.8,11.4,6.9
2017-05-05,0.2,0.0,0.0
2017-05-06,1.6,19.5,14.5
2017-05-07,87.6,1.9,1.0
2017-05-10,2.6,40.8,34.6
2017-05-11,104.9,11.1,11.7
2017-05-13,1.2,4.3,3.4
2017-05-14,3.4,4.7,3.9
2017-05-15,12.1,3.2,2.2
2017-05-17,74.7,2.6,1.6
2017-05-18,0.8,22.9,27.9
2017-05-19,30.4,6.8,6.3
2017-05-22,8.5,42.9,57.0
2017-05-23,21.1,8.4,9.1
2017-05-25,40.4,0.5,0.0
2017-05-26,0.4,0.4,0.0
2017-05-27,6.0,0.0,0.0
2017-05-30,0.4,4.3,4.3
2017-05-31,1.6,31.4,35.4
2017-06-02,8.2,3.1,3.9
2017-06-03,1.4,11.9,12.9
2017-06-04,3.6,3.6,4.4
2017-06-07,19.6,10.9,11.8
2017-06-08,8.6,7.9,8.7
2017-06-16,12.5,0.0,0.0
2017-06-20,8.6,6.2,5.6
2017-06-23,7.4,0.0,0.0
2017-06-25,38.1,81.9,95.4
2017-06-26,56.5,27.3,25.6
2017-06-30,6.8,12.0,12.1
2017-07-06,7.9,0.9,0.0
2017-07-07,25.3,11.6,9.9
2017-07-18,0.4,42.4,62.4
2017-07-22,12.2,115.2,145.7
2017-07-24,5.1,18.9,17.9
2017-07-25,22.1,15.6,14.7
2017-07-29,0.4,33.1,36.2
2017-07-30,18.7,3.9,3.8
2017-08-01,1.4,1.9,1.0
2017-08-03,0.8,49.3,63.8
2017-08-04,23.5,14.7,15.3
2017-08-05,16.9,34.3,39.4
2017-08-06,75.6,10.6,9.0
2017-08-07,2.4,28.1,23.4
2017-08-08,16.6,3.0,1.5
2017-08-09,0.6,0.0,0.0
2017-08-10,0.8,0.4,0.0
2017-08-11,1.2,0.0,0.0
2017-08-12,2.6,2.2,1.0
2017-08-13,3.6,0.5,0.0
2017-08-14,0.2,0.0,0.0
2017-08-15,0.2,15.7,13.9
2017-08-16,10.1,97.6,96.8
2017-08-17,97.8,15.8,13.7
2017-08-18,6.6,4.0,2.7
2017-08-19,0.2,2.3,1.0
2017-08-20,1.8,0.0,0.0
2017-08-22,1.6,0.0,0.0
2017-08-26,1.8,0.0,0.0
2017-08-28,0.4,1.2,0.0
2017-08-29,0.4,12.9,8.7
2017-08-30,1.2,18.9,13.8
2017-08-31,21.1,3.2,1.4
2017-09-01,0.6,3.1,1.2
2017-09-02,3.8,14.5,12.2
2017-09-03,18.2,19.7,17.9
2017-09-04,8.4,6.7,4.6
2017-09-05,9.8,20.0,17.7
2017-09-06,2.2,18.2,15.8
2017-09-07,7.0,14.5,12.3
2017-09-08,5.0,4.6,2.6
2017-09-09,5.2,1.2,0.0
2017-09-10,0.4,3.7,1.7
2017-09-11,28.8,1.0,0.0
2017-09-12,1.0,0.0,0.0
2017-09-13,4.2,9.3,6.4
2017-09-15,89.8,2.4,0.0
2017-09-16,12.3,12.5,9.7
2017-09-17,21.0,4.7,1.7
2017-09-18,0.6,10.7,7.7
2017-09-19,27.5,55.1,61.3
2017-09-20,80.0,5.2,2.3
2017-09-21,24.7,10.0,6.4
2017-09-23,6.0,3.6,1.0
2017-09-24,13.4,6.5,2.8
2017-09-25,6.4,27.6,26.0
2017-09-26,6.2,5.4,1.8
2017-09-27,2.6,1.9,0.0
2017-09-28,1.2,22.6,20.2
2017-09-29,16.4,9.5,5.9
2017-10-01,65.2,13.3,8.5
2017-10-02,0.8,3.4,0.0
2017-10-03,0.4,8.3,3.0
2017-10-05,26.8,33.8,35.2
2017-10-06,29.0,3.3,0.0
2017-10-07,0.2,9.6,4.4
2017-10-08,4.2,16.4,12.2
2017-10-09,23.4,0.0,0.0
2017-10-10,0.4,2.0,0.0
2017-10-11,0.4,20.7,20.2
2017-10-12,34.9,0.3,0.0
2017-10-13,0.4,33.0,40.9
2017-10-14,70.9,0.0,0.0
2017-10-16,51.1,5.1,1.0
2017-10-17,0.2,11.7,8.1
2017-10-18,15.3,0.0,0.0
2017-10-20,6.6,1.3,0.0
2017-10-22,0.2,0.4,0.0
2017-10-24,30.4,6.8,1.5
2017-10-25,79.8,17.5,13.1
2017-10-26,26.7,4.1,0.0
2017-10-28,28.6,1.3,0.0
2017-10-29,4.8,3.5,0.0
2017-10-30,0.8,0.1,0.0
2017-10-31,2.0,14.2,9.4
2017-11-01,1.6,21.8,20.5
2017-11-02,8.8,3.3,0.0
2017-11-03,0.2,0.0,0.0
2017-11-09,28.8,16.9,13.8
2017-11-11,18.9,34.6,47.4
2017-11-12,66.9,39.8,60.0
2017-11-13,107.8,0.0,0.0
2017-11-14,0.4,29.0,28.8
2017-11-15,20.7,4.7,0.0
2017-11-17,6.4,23.5,21.6
2017-11-18,1.4,1.7,0.0
2017-11-20,29.2,22.4,20.2
2017-11-21,20.8,1.1,0.0
2017-11-23,3.8,14.7,9.4
2017-11-24,22.3,0.0,0.0
2017-11-26,14.7,12.1,6.5
2017-11-27,11.8,31.7,28.5
2017-12-01,30.2,22.4,22.9
2017-12-02,6.6,20.1,19.9
2017-12-03,0.2,0.0,0.0
2017-12-04,0.4,8.1,3.6
2017-12-06,28.9,3.5,0.0
2017-12-07,18.4,0.6,0.0
2017-12-08,3.0,7.4,2.7
2017-12-09,17.9,0.0,0.0
2017-12-11,27.3,9.8,5.1
2017-12-12,32.4,6.8,1.5
2017-12-13,14.5,0.9,0.0
2017-12-16,0.0,0.0,0.0
2017-12-19,0.8,2.2,0.0
2017-12-20,3.6,33.1,48.0
2017-12-21,15.5,5.3,1.0
2017-12-23,1.6,0.1,0.0
2017-12-24,0.2,2.5,0.0
2017-12-25,3.6,1.5,0.0
2017-12-26,0.0,2.3,0.0
2017-12-28,58.0,4.2,0.0
2017-12-30,22.4,3.1,0.0
2017-12-31,1.0,1.1,0.0
2018-01-03,0.8,14.3,10.7
2018-01-04,23.6,1.6,0.0
2018-01-07,30.7,15.0,11.4
2018-01-08,4.6,38.2,42.8
2018-01-09,23.0,3.7,1.0
2018-01-10,0.4,71.4,103.5
2018-01-11,93.0,1.5,0.0
2018-01-14,39.2,6.5,1.4
2018-01-15,2.0,1.0,0.0
2018-01-17,10.9,2.1,0.0
2018-01-18,23.9,23.1,19.2
2018-01-21,33.3,11.5,7.2
2018-01-22,3.8,23.5,22.3
2018-01-23,46.3,16.2,12.0
2018-01-24,1.8,27.5,31.0
2018-01-25,38.3,35.4,46.1
2018-01-26,16.1,4.9,1.0
2018-01-30,15.2,8.3,3.9
2018-02-04,1.8,1.4,0.0
2018-02-06,0.0,0.3,0.0
2018-02-10,81.7,10.7,8.9
2018-02-11,16.6,1.5,0.0
2018-02-13,16.1,7.5,5.3
2018-02-15,57.5,0.1,0.0
2018-02-18,0.2,0.3,0.0
2018-03-02,4.8,22.5,22.9
2018-03-08,17.3,33.9,45.9
2018-03-12,0.2,53.8,76.7
2018-03-18,19.4,4.0,0.0
2018-03-21,3.0,24.6,21.1
2018-04-01,1.2,1.5,0.0
2018-04-05,11.1,6.9,3.6
2018-04-10,2.0,14.5,12.3
2018-04-16,0.2,6.4,2.2
2018-04-24,7.7,0.0,0.0
2018-04-25,0.8,0.7,0.0
2018-05-03,0.2,0.6,0.0
2018-05-05,5.8,2.5,1.0
2018-05-07,8.4,24.3,18.8
2018-05-11,0.2,0.0,0.0
2018-05-12,0.2,18.6,21.6
2018-05-13,29.6,26.3,32.4
2018-05-14,13.7,10.4,10.8
2018-05-16,16.7,4.5,3.7
2018-05-18,9.0,25.1,31.5
2018-05-20,90.2,29.7,44.3
2018-05-23,11.2,3.5,3.3
2018-05-25,5.0,2.5,2.3
2018-05-28,4.2,6.8,7.2
2018-06-03,5.2,0.7,0.0
2018-06-04,3.6,10.7,11.7
2018-06-05,66.7,0.2,0.0
2018-06-06,3.2,0.4,0.0
2018-06-08,0.2,3.1,3.8
2018-06-09,11.7,8.6,9.5
2018-06-11,0.8,0.0,0.0
2018-06-12,0.4,0.2,0.0
2018-06-15,8.4,0.0,0.0
2018-06-28,9.1,7.2,7.8
2018-06-30,11.3,115.0,137.5
2018-07-01,14.4,0.7,0.0
2018-07-02,2.4,4.5,4.0
2018-07-03,1.8,0.0,0.0
2018-07-04,1.2,0.0,0.0
2018-07-05,1.0,0.5,0.0
2018-07-06,0.2,10.4,8.8
2018-07-07,3.6,0.0,0.0
2018-07-08,0.4,0.2,0.0
2018-07-10,2.4,0.0,0.0
2018-07-12,0.8,0.2,0.0
2018-07-13,2.1,26.1,32.9
2018-07-15,20.5,21.7,27.0
2018-07-16,82.9,8.8,9.9
2018-07-17,31.4,7.4,8.2
2018-07-18,7.0,33.5,47.1
2018-07-19,30.6,7.6,8.5
2018-07-23,0.4,0.0,0.0
2018-07-24,0.2,0.0,0.0
2018-08-02,1.6,58.0,81.8
2018-08-03,78.5,28.4,26.5
2018-08-04,85.5,31.6,32.5
2018-08-05,80.1,5.1,3.4
2018-08-06,5.4,4.1,2.4
2018-08-07,2.0,1.1,1.0
2018-08-08,26.4,0.6,0.0
2018-08-09,0.8,0.3,0.0
2018-08-11,9.0,0.5,0.0
2018-08-12,0.6,0.0,0.0
2018-08-13,0.2,1.9,1.0
2018-08-14,3.8,0.0,0.0
2018-08-15,0.2,0.0,0.0
2018-08-19,0.6,1.8,1.0
2018-08-23,1.6,3.9,1.8
2018-08-25,9.8,7.0,4.0
2018-08-26,1.6,10.5,6.7
2018-08-27,11.0,5.9,3.3
2018-08-28,15.3,2.7,1.1
2018-08-29,12.2,21.8,16.3
2018-08-30,6.6,19.0,13.7
2018-08-31,0.4,6.0,3.3
2018-09-01,2.2,14.8,12.5
2018-09-02,11.6,66.3,74.8
2018-09-03,77.9,64.2,73.2
2018-09-04,42.4,6.1,4.0
2018-09-05,2.0,13.3,11.1
2018-09-06,2.4,8.0,5.9
2018-09-07,7.6,4.5,2.5
2018-09-08,5.4,1.1,0.0
2018-09-10,2.8,11.0,8.9
2018-09-11,26.9,0.3,0.0
2018-09-12,2.0,29.0,26.9
2018-09-13,45.6,36.1,34.1
2018-09-14,11.6,10.6,7.7
2018-09-15,18.1,17.7,15.0
2018-09-16,16.3,35.0,33.3
2018-09-17,59.2,17.3,14.5
2018-09-19,0.2,0.0,0.0
2018-09-21,9.6,52.4,70.2
2018-09-22,40.4,3.4,1.0
2018-09-23,18.2,0.7,0.0
2018-09-24,0.2,0.0,0.0
2018-09-25,10.3,0.0,0.0
2018-09-26,0.2,0.1,0.0
2018-10-03,5.4,5.4,1.0
2018-10-04,0.4,0.1,0.0
2018-10-12,1.2,7.1,2.9
2018-10-13,0.4,0.0,0.0
2018-10-14,0.2,30.9,37.9
2018-10-15,67.8,13.2,10.0
2018-10-16,37.5,17.1,14.7
2018-10-17,4.2,3.7,0.0
2018-10-18,1.8,0.0,0.0
2018-10-21,0.8,0.1,0.0
2018-10-24,21.1,0.1,0.0
2018-10-29,79.2,2.1,0.0
2018-10-31,0.4,4.3,0.0
2018-11-01,3.0,43.5,60.9
2018-11-02,104.1,23.9,22.8
2018-11-03,5.6,10.9,6.6
2018-11-04,16.7,20.8,18.7
2018-11-05,70.4,47.2,65.4
2018-11-06,60.2,0.0,0.0
2018-11-07,0.2,67.2,92.2
2018-11-08,49.4,0.7,0.0
2018-11-10,0.6,0.0,0.0
2018-11-12,0.2,0.0,0.0
2018-11-17,82.0,1.7,0.0
2018-11-19,10.0,0.1,0.0
2018-11-21,41.8,2.6,0.0
2018-11-24,31.6,0.1,0.0
2018-11-26,0.4,43.5,50.2
2018-11-27,3.0,5.8,0.0
2018-11-28,0.6,0.0,0.0
2018-11-29,1.8,12.0,6.5
2018-11-30,20.4,0.2,0.0
2018-12-02,49.7,14.9,12.6
2018-12-07,12.5,0.6,0.0
2018-12-09,13.1,11.5,8.0
2018-12-10,14.6,0.0,0.0
2018-12-13,1.0,0.0,0.0
2018-12-15,1.9,1.1,0.0
2018-12-16,5.8,46.0,71.2
2018-12-17,63.1,29.8,43.0
2018-12-18,11.6,31.3,45.8
2018-12-19,51.9,6.5,1.3
2018-12-20,2.0,0.0,0.0
2018-12-22,0.6,3.2,0.0
2018-12-23,0.2,32.9,43.7
2018-12-30,7.8,3.3,0.0
2018-12-31,5.5,4.7,1.0
2019-01-01,1.2,0.8,0.0
2019-01-02,5.9,1.5,0.0
2019-01-04,0.8,32.1,33.8
2019-01-05,37.4,4.5,1.0
2019-01-06,10.0,1.1,0.0
2019-01-07,2.2,5.9,2.3
2019-01-08,17.8,2.7,0.0
2019-01-09,0.4,14.3,10.7
2019-01-10,18.2,5.5,2.0
2019-01-11,1.0,4.7,0.0
2019-01-12,3.0,2.3,0.0
2019-01-13,5.0,14.0,9.3
2019-01-14,1.8,0.4,0.0
2019-01-15,0.4,28.1,30.2
2019-01-16,31.8,6.7,1.6
2019-01-17,1.0,3.8,0.0
2019-01-18,7.4,15.8,11.2
2019-01-19,65.0,4.5,0.0
2019-01-20,0.6,3.7,0.0
2019-01-21,0.2,18.6,14.5
2019-01-22,5.2,2.6,0.0
2019-01-24,7.0,4.4,1.0
2019-01-25,12.3,0.3,0.0
2019-01-27,0.8,0.0,0.0
2019-01-29,5.0,8.9,4.5
2019-01-30,13.0,11.8,7.4
2019-02-01,3.6,7.6,5.2
2019-02-02,0.2,5.0,2.2
2019-02-03,0.2,2.2,0.0
2019-02-05,1.2,3.9,1.0
2019-02-06,1.2,4.9,2.1
2019-02-07,4.4,19.5,24.1
2019-02-10,2.4,2.6,0.0
2019-02-11,3.6,3.5,1.0
2019-02-12,2.6,0.4,0.0
2019-02-13,0.8,4.5,1.9
2019-02-14,11.7,0.6,0.0
2019-02-18,8.1,13.6,12.6
2019-02-20,31.9,7.1,4.8
2019-02-21,12.7,3.3,0.0
2019-02-22,3.4,0.6,0.0
2019-02-23,0.4,1.2,0.0
2019-02-25,1.8,49.8,78.0
2019-02-26,62.3,10.8,6.2
2019-02-27,22.0,4.3,1.0
2019-02-28,15.9,18.3,14.1
2019-03-01,1.0,5.3,1.7
2019-03-02,1.2,17.8,16.6
2019-03-04,31.9,11.0,8.1
2019-03-05,14.1,1.8,0.0
2019-03-15,14.7,0.4,0.0
2019-03-17,4.4,9.5,5.4
2019-03-18,23.7,1.5,0.0
2019-03-20,7.2,0.0,0.0
2019-03-22,1.0,1.1,0.0
2019-03-24,17.6,6.1,1.7
2019-03-25,2.0,6.0,1.6
2019-03-26,1.6,11.1,6.6
2019-03-28,1.6,0.0,0.0
2019-03-30,25.4,1.2,0.0
2019-03-31,4.8,7.8,3.2
2019-04-01,20.8,15.2,13.2
2019-04-02,5.6,27.1,28.0
2019-04-03,26.3,34.8,44.4
2019-04-04,6.6,4.8,1.5
2019-04-06,10.7,54.7,79.1
2019-04-07,67.8,9.1,6.1
2019-04-09,28.4,1.3,0.0
2019-04-10,1.6,149.3,164.3
2019-04-11,114.9,2.7,0.0
2019-04-13,44.2,1.6,0.0
2019-04-14,2.2,8.0,3.6
2019-04-15,1.4,3.9,1.0
2019-04-16,8.2,36.5,34.1
2019-04-17,40.5,32.4,26.8
2019-04-18,8.2,1.2,0.0
2019-04-23,1.4,6.9,2.5
2019-04-24,0.2,27.1,24.7
2019-04-25,8.5,24.7,23.3
2019-04-26,80.9,22.4,19.4
2019-05-01,33.3,4.5,1.9
2019-05-03,25.1,2.4,1.0
2019-05-04,0.2,90.3,95.6
2019-05-05,20.8,19.0,14.1
2019-05-06,2.4,0.4,0.0
2019-05-07,0.6,34.0,27.4
2019-05-08,59.7,6.2,3.2
2019-05-10,0.0,0.0,0.0
2019-05-11,0.0,0.0,0.0
2019-05-12,0.0,0.0,0.0
2019-05-14,4.6,0.3,0.0
2019-05-16,1.6,4.2,3.3
2019-05-17,0.0,14.1,15.5
2019-05-18,7.2,113.0,198.8
2019-05-19,61.5,51.0,85.2
2019-05-20,11.6,6.9,6.4
2019-05-21,2.2,0.0,0.0
2019-05-22,7.7,0.4,0.0
2019-05-23,3.2,58.7,82.5
2019-05-24,21.1,8.9,9.6
2019-05-25,0.2,25.3,29.1
2019-05-26,41.1,17.4,19.3
2019-05-27,5.4,33.6,41.3
2019-05-28,0.4,0.3,0.0
2019-06-01,6.4,26.3,29.1
2019-06-02,7.4,12.4,13.4
2019-06-03,18.5,38.2,40.3
2019-06-04,6.4,65.7,87.0
2019-06-05,105.3,28.2,30.2
2019-06-06,16.2,3.5,4.3
2019-06-07,3.6,3.9,4.6
2019-06-08,2.2,3.3,4.1
2019-06-10,7.2,53.6,67.1
2019-06-11,16.5,35.7,43.9
2019-06-12,12.4,28.9,31.5
2019-06-13,8.5,0.0,0.0
2019-06-14,2.4,0.0,0.0
2019-06-21,1.0,0.1,0.0
2019-06-24,94.3,0.0,0.0
2019-06-27,0.2,5.1,6.0
2019-06-28,6.0,18.8,18.6
2019-07-01,0.0,0.0,0.0
2019-07-03,0.0,0.0,0.0
2019-07-04,8.5,3.6,3.3
2019-07-07,10.8,14.2,12.2
2019-08-01,10.4,3.7,2.1
2019-08-03,24.9,4.2,2.5
2019-08-04,1.1,13.8,12.4
2019-08-05,9.6,1.0,0.0
2019-08-07,7.6,6.0,4.3
2019-08-08,23.7,5.2,3.4
2019-08-10,6.4,8.2,6.5
2019-08-11,0.2,6.7,5.1
2019-08-14,1.0,0.3,0.0
2019-08-17,3.6,1.0,0.0
2019-09-04,0.0,0.0,0.0
2019-09-20,0.0,25.0,23.0
2019-10-01,23.4,40.5,53.1
2019-10-02,7.0,10.0,4.8
2019-11-02,37.6,0.9,0.0
2019-11-03,24.3,0.1,0.0
2019-11-04,0.0,0.0,0.0
2019-11-05,0.0,0.4,0.0
2019-11-06,0.0,5.9,1.3
2019-11-12,5.0,9.8,4.8
2019-11-13,0.4,41.8,62.9
2019-11-14,0.2,26.5,25.5
2019-12-04,92.5,3.5,0.0
2019-12-05,0.4,14.9,12.5
2019-12-06,25.9,17.3,16.0
2019-12-07,2.0,0.0,0.0
2019-12-11,5.9,88.5,146.1
2019-12-12,76.8,14.2,11.2
2019-12-13,0.4,0.0,0.0
2019-12-16,0.4,0.0,0.0
2019-12-18,2.2,5.5,1.0
2019-12-19,5.2,1.1,0.0
2019-12-24,4.6,11.5,7.5
2020-01-01,21.4,32.8,34.4
2020-01-02,34.5,1.5,0.0
2020-01-04,7.1,1.7,0.0
2020-01-07,17.3,25.1,22.0
2020-01-08,8.6,8.4,4.8
2020-01-09,5.8,10.1,6.5
2020-01-10,2.2,0.1,0.0
2020-01-11,1.0,9.2,4.2
2020-01-12,18.1,5.6,1.0
2020-01-13,1.4,15.7,11.2
2020-01-14,1.8,1.2,0.0
2020-02-01,17.9,9.8,7.9
2020-02-03,8.3,12.7,11.3
2020-02-04,10.8,0.4,0.0
2020-02-06,38.7,18.9,23.9
2020-02-07,8.5,10.1,8.1
2020-02-08,3.9,14.0,12.9
2020-02-09,12.9,5.2,2.5
2020-02-10,3.0,2.6,0.0
2020-02-11,0.7,3.8,1.1
2020-02-12,8.0,2.0,0.0
2020-02-13,14.1,9.5,7.6
2020-02-14,14.0,12.3,11.0
2020-02-15,8.9,0.0,0.0
2020-02-17,7.7,5.6,3.0
2020-02-26,0.2,8.1,3.5
2020-02-28,0.2,0.9,0.0
2020-02-29,0.1,52.3,80.0
2020-03-01,31.4,2.9,0.0
2020-03-02,0.5,14.9,12.9
2020-03-03,36.0,10.1,7.0
2020-03-05,0.4,48.0,80.5
2020-03-06,75.6,2.3,0.0
2020-03-07,1.6,2.8,0.0
2020-03-09,50.7,7.8,4.4
2020-03-10,1.4,1.1,0.0
2020-04-01,6.2,7.3,4.1
2020-04-06,2.2,13.2,10.8
2020-04-08,20.1,9.9,6.9
2020-04-09,7.0,7.0,3.7
2020-04-13,12.9,1.1,0.0
2020-04-15,11.6,58.0,58.5
2020-04-27,88.6,1.7,0.0
2020-05-26,2.4,1.5,1.1
2020-05-31,3.2,1.4,1.0
2020-06-03,3.6,1.8,2.6
2020-06-05,174.2,14.8,16.0
2020-06-08,6.2,37.9,40.9
2020-06-10,6.8,0.3,0.0
2020-06-11,1.2,4.3,3.6
2020-06-14,14.1,10.0,9.8
2020-06-21,22.3,0.0,0.0
2020-06-23,11.4,0.0,0.0
2020-06-24,1.0,0.0,0.0
2020-06-25,15.3,63.5,71.0
2020-06-28,3.0,12.9,12.8
2020-06-30,19.1,13.8,13.6
2020-07-21,1.4,1.9,1.9
2020-07-22,5.0,4.5,4.4
2020-07-26,2.4,18.5,17.6
2020-08-04,9.8,5.1,3.4
2020-09-08,0.3,0.5,0.0
2020-09-28,2.1,60.2,84.0
2020-10-12,0.4,0.0,0.0
2020-10-14,7.9,0.2,0.0
2020-10-15,0.6,12.4,8.9
2020-10-24,10.3,10.1,4.8
2020-10-26,16.3,6.7,1.4
2020-11-03,28.3,0.8,0.0
2020-11-04,0.2,0.9,0.0
2020-11-07,0.0,22.1,20.9
2020-11-08,5.6,24.3,22.8
2020-11-09,1.6,6.2,1.5
2020-11-12,0.2,0.0,0.0
2020-11-15,0.0,28.0,27.6
2020-11-16,6.3,0.4,0.0
2020-11-17,0.0,26.4,25.4
2020-11-18,6.4,50.8,79.5
2020-11-19,128.3,0.2,0.0
2020-11-21,23.0,6.0,0.0
2020-11-23,70.3,0.5,0.0
2020-11-24,0.4,22.0,17.2
2020-11-25,11.8,1.4,0.0
2020-11-28,1.4,0.2,0.0
2020-12-01,70.0,2.9,0.0
2020-12-02,12.6,2.3,0.0
2020-12-03,12.6,5.5,1.0
2020-12-04,0.2,27.0,29.9
2020-12-05,14.7,2.5,0.0
2020-12-06,16.5,4.6,0.0
2020-12-08,5.0,9.2,5.0
2020-12-09,7.0,9.9,5.8
2020-12-10,9.4,17.6,16.4
2020-12-11,3.2,0.3,0.0
2020-12-12,3.4,2.9,0.0
2020-12-13,4.0,0.9,0.0
2020-12-14,0.2,18.2,17.1
2020-12-15,16.9,2.6,0.0
2020-12-16,8.1,12.5,8.8
2020-12-17,7.4,12.8,9.3
2020-12-18,2.6,46.3,69.9
2020-12-19,47.3,7.2,2.0
2020-12-20,11.6,1.1,0.0
2020-12-22,22.8,20.8,18.3
2020-12-23,25.6,32.9,45.3
2020-12-24,55.4,3.9,0.0
2020-12-26,39.6,0.0,0.0
2020-12-27,0.0,2.4,0.0
2020-12-28,1.6,0.3,0.0
2020-12-29,2.4,29.3,28.7
2020-12-30,100.9,29.8,28.5
2020-12-31,17.1,1.1,0.0
2021-01-01,0.0,23.8,20.7
2021-01-02,56.2,0.3,0.0
2021-01-04,21.5,31.4,32.1
2021-01-05,9.4,23.8,20.5
2021-01-06,10.2,1.7,0.0
2021-01-07,0.2,11.1,7.4
2021-01-08,76.7,7.9,4.3
2021-01-09,0.6,75.0,110.6
2021-01-10,82.9,2.2,0.0
2021-01-13,5.8,12.3,7.5
2021-01-14,11.6,25.5,21.8
2021-01-15,14.1,20.2,16.0
2021-01-16,2.4,9.0,4.0
2021-01-17,2.6,53.8,64.0
2021-01-18,30.7,24.3,20.2
2021-01-19,4.4,8.5,3.4
2021-01-20,4.4,27.5,29.7
2021-01-21,18.5,3.4,0.0
2021-01-22,0.0,11.6,7.3
2021-01-23,9.2,1.4,0.0
2021-01-24,0.2,0.2,0.0
2021-01-25,0.2,5.6,1.4
2021-01-26,0.4,2.3,0.0
2021-01-27,4.4,2.3,0.0
2021-01-28,6.2,16.5,12.3
2021-01-29,5.0,10.8,6.4
2021-01-30,6.8,5.6,1.4
2021-01-31,5.4,1.2,0.0
2021-02-01,1.0,5.5,2.7
2021-02-02,2.0,2.9,0.0
2021-02-03,0.2,11.1,9.3
2021-02-04,0.2,9.9,7.9
2021-02-05,8.1,6.2,3.6
2021-02-06,6.3,8.7,6.5
2021-02-07,6.6,5.9,3.3
2021-02-08,3.8,0.3,0.0
2021-02-09,0.0,55.2,105.8
2021-02-10,12.2,0.0,0.0
2021-02-12,2.9,4.7,2.1
2021-02-13,4.0,22.4,23.7
2021-02-14,2.8,27.9,35.0
2021-02-15,47.3,0.0,0.0
2021-02-16,0.0,3.8,1.1
2021-02-17,8.5,0.5,0.0
2021-02-18,0.0,17.4,17.2
2021-02-19,2.8,21.9,22.9
2021-02-20,29.4,12.5,11.2
2021-02-21,1.8,38.9,55.0
2021-02-22,24.7,26.5,23.0
2021-02-23,31.6,4.5,1.0
2021-02-25,30.5,4.4,1.0
2021-02-26,16.7,0.3,0.0
2021-02-28,9.8,32.8,40.3
2021-03-01,7.1,5.0,1.4
2021-03-02,9.8,17.8,16.6
2021-03-03,6.4,5.1,1.5
2021-03-04,1.8,9.7,6.6
2021-03-05,15.3,1.3,0.0
2021-03-06,6.5,10.5,7.5
2021-03-07,5.8,4.5,1.0
2021-03-08,12.7,62.0,105.4
2021-03-09,95.9,23.6,24.3
2021-03-10,4.4,37.7,55.0
2021-03-11,42.0,17.7,15.1
2021-03-12,9.7,36.0,47.2
2021-03-13,13.7,45.5,63.3
2021-03-14,17.9,16.5,13.6
2021-03-15,2.4,37.4,48.6
2021-03-16,45.3,37.1,48.6
2021-03-17,44.7,3.7,0.0
2021-03-19,0.8,5.7,1.3
2021-03-20,1.2,15.8,12.8
2021-03-21,10.6,4.7,1.0
2021-03-22,1.2,7.4,2.9
2021-03-23,1.6,38.3,43.4
2021-03-24,8.1,6.2,1.8
2021-03-25,0.6,22.7,18.9
2021-03-26,7.8,19.0,14.9
2021-03-27,5.7,0.2,0.0
2021-03-28,0.8,23.4,19.8
2021-03-29,18.9,31.6,33.6
2021-03-30,13.4,11.4,6.9
2021-03-31,11.3,18.3,14.1
2021-04-01,17.0,5.8,2.5
2021-04-02,12.5,2.8,0.0
2021-04-03,0.6,0.7,0.0
2021-04-04,1.8,6.6,3.4
2021-04-05,0.2,2.1,0.0
2021-04-06,0.2,6.5,3.2
2021-04-07,6.4,11.6,8.8
2021-04-08,6.2,0.1,0.0
2021-04-09,2.6,9.8,6.8
2021-04-10,1.4,2.3,0.0
2021-04-11,0.8,24.0,18.4
2021-04-12,66.6,4.3,1.0
2021-04-13,1.6,0.3,0.0
2021-04-14,0.2,0.0,0.0
2021-04-15,0.0,0.0,0.0
2021-04-17,32.8,32.7,27.0
2021-04-18,15.5,33.5,28.2
2021-04-19,60.7,18.3,12.9
2021-04-20,9.6,54.2,53.2
2021-04-21,7.6,5.0,1.0
2021-04-22,2.6,0.0,0.0
2021-04-23,0.0,3.7,0.0
2021-04-24,19.4,66.7,90.4
2021-04-25,225.5,3.6,0.0
2021-04-27,2.4,0.1,0.0
2021-04-28,22.8,20.2,16.7
2021-04-29,2.4,3.5,0.0
2021-04-30,4.6,0.7,0.0
2021-05-01,17.5,0.0,0.0
2021-05-02,7.2,3.3,1.0
2021-05-03,0.0,0.0,0.0
2021-05-04,0.8,0.0,0.0
2021-05-05,0.4,0.5,0.0
2021-05-06,0.8,0.0,0.0
2021-05-07,5.4,0.0,0.0
2021-05-08,3.4,92.1,97.3
2021-05-09,78.6,5.1,2.3
2021-05-11,0.2,67.9,116.2
2021-05-12,61.9,5.9,5.2
2021-05-13,0.2,49.6,81.5
2021-05-14,90.8,5.2,4.4
2021-05-15,5.3,45.8,75.1
2021-05-16,56.8,3.2,2.3
2021-05-17,3.1,6.3,5.8
2021-05-18,6.6,11.9,12.7
2021-05-19,4.7,0.9,1.0
2021-05-20,2.3,58.6,100.9
2021-05-21,93.6,2.9,2.7
2021-05-23,50.2,0.0,0.0
2021-05-24,5.8,1.1,1.0
2021-05-26,1.5,0.0,0.0
2021-05-27,0.5,0.4,0.0
2021-05-28,3.1,0.0,0.0
2021-06-01,0.6,2.9,3.7
2021-06-02,6.2,0.0,0.0
2021-06-03,0.3,68.1,90.0
2021-06-04,135.9,49.1,60.1
2021-06-05,120.6,16.1,17.4
2021-06-06,4.9,0.5,0.0
2021-06-07,8.0,0.0,0.0
2021-06-08,0.4,12.3,13.3
2021-06-09,37.2,0.0,0.0
2021-06-12,8.0,0.0,0.0
2021-06-13,6.4,0.0,0.0
2021-06-14,0.2,8.5,8.2
2021-06-15,11.8,6.4,5.8
2021-06-16,46.3,17.9,18.5
2021-06-17,4.8,9.9,9.7
2021-06-18,11.2,37.6,48.1
2021-06-19,51.9,4.6,3.9
2021-06-20,48.1,0.0,0.0
2021-06-22,6.5,0.0,0.0
2021-06-23,1.0,15.2,14.9
2021-06-24,3.6,22.5,21.3
2021-06-25,1.5,14.9,14.6
2021-06-26,1.6,5.3,6.2
2021-06-27,0.8,2.2,3.4
2021-06-28,3.6,0.0,0.0
2021-06-29,9.1,6.5,7.3
2021-06-30,1.7,4.0,5.0
2021-07-01,4.8,33.5,27.8
2021-07-02,33.6,0.4,0.0
2021-07-03,10.5,12.5,10.6
2021-07-04,15.0,41.9,37.2
2021-07-05,16.0,2.2,2.2
2021-07-06,1.2,37.0,31.6
2021-07-07,113.8,13.6,11.5
2021-07-08,8.5,6.6,5.7
2021-07-09,16.3,3.5,3.2
2021-07-10,24.2,3.2,3.0
2021-07-11,0.8,0.2,0.0
2021-07-12,1.3,2.4,2.6
2021-07-13,1.8,0.7,0.0
2021-07-14,0.9,4.0,4.3
2021-07-15,0.8,1.0,1.1
2021-07-16,0.6,0.4,0.0
2021-07-18,2.8,8.6,9.6
2021-07-19,6.5,0.0,0.0
2021-07-20,9.4,4.0,4.3
2021-07-21,3.6,3.3,3.2
2021-07-22,2.2,2.9,2.8
2021-07-23,5.9,46.6,58.1
2021-07-24,80.9,26.1,25.3
2021-07-25,35.2,49.8,63.3
2021-07-26,44.2,0.2,0.0
2021-07-27,0.0,0.0,0.0
2021-07-29,0.4,93.1,126.1
2021-07-30,81.1,3.7,3.6
2021-07-31,0.2,3.0,3.0
2021-08-02,1.4,0.6,0.0
2021-08-03,0.0,1.6,1.0
2021-08-04,12.7,11.6,10.1
2021-08-05,19.6,50.4,67.2
2021-08-06,158.3,3.6,2.0
2021-08-07,2.0,0.7,0.0
2021-08-08,1.1,19.1,18.0
2021-08-09,6.6,5.2,3.5
2021-08-10,3.0,7.0,5.2
2021-08-11,11.3,0.1,0.0
2021-08-12,1.0,1.9,1.0
2021-08-13,8.6,9.1,7.4
2021-08-14,34.5,23.6,21.7
2021-08-15,4.0,0.0,0.0
2021-08-16,0.2,0.9,0.0
2021-08-17,2.0,11.4,9.9
2021-08-18,0.0,8.5,6.8
2021-08-19,5.0,0.4,0.0
2021-08-20,1.4,16.9,15.5
2021-08-21,2.8,10.2,6.5
2021-08-22,18.2,5.9,3.2
2021-08-23,4.8,62.3,74.4
2021-08-24,51.8,15.2,10.6
2021-08-25,10.6,17.8,13.7
2021-08-26,0.8,6.7,3.8
2021-08-27,8.9,0.0,0.0
2021-08-28,1.2,121.5,127.2
2021-08-29,2.2,36.4,39.4
2021-08-30,35.2,20.5,15.2
2021-08-31,0.6,74.6,88.8
2021-09-01,10.7,10.1,7.9
2021-09-02,2.2,0.4,0.0
2021-09-03,0.2,4.7,2.7
2021-09-04,0.6,37.8,44.8
2021-09-05,3.6,20.4,19.2
2021-09-06,28.5,79.4,79.9
2021-09-07,65.1,9.8,7.6
2021-09-08,5.4,13.9,11.7
2021-09-09,1.6,0.0,0.0
2021-09-11,10.8,33.9,31.1
2021-09-12,24.7,48.2,49.8
2021-09-13,108.1,46.4,47.8
2021-09-14,11.8,34.5,31.6
2021-09-15,2.2,0.0,0.0
2021-09-16,3.0,0.0,0.0
2021-09-17,0.8,1.7,0.0
2021-09-18,0.2,7.4,4.5
2021-09-19,7.4,33.5,31.2
2021-09-20,6.8,33.0,30.6
2021-09-21,8.0,19.0,16.1
2021-09-22,5.8,34.8,30.2
2021-09-23,24.0,17.3,14.3
2021-09-25,11.6,0.0,0.0
2021-09-26,114.0,49.2,64.1
2021-09-27,53.3,40.7,44.9
2021-09-28,19.8,0.5,0.0
2021-09-29,0.4,2.4,0.0
2021-09-30,0.0,42.6,49.8
2021-10-01,40.3,2.4,0.0
2021-10-03,85.5,8.4,3.1
2021-10-04,0.8,0.0,0.0
2021-10-05,0.8,1.0,0.0
2021-10-06,7.3,0.5,0.0
2021-10-07,0.6,12.2,7.2
2021-10-08,6.8,25.3,23.6
2021-10-09,26.0,10.9,5.7
2021-10-10,3.2,0.0,0.0
2021-10-11,10.1,40.9,52.5
2021-10-12,7.0,1.1,0.0
2021-10-13,0.2,10.7,7.0
2021-10-15,34.6,0.0,0.0
2021-10-16,0.0,17.5,15.2
2021-10-17,18.9,0.5,0.0
2021-10-19,3.0,7.0,2.7
2021-10-20,0.2,0.0,0.0
2021-10-21,0.0,14.5,9.7
2021-10-22,1.4,6.5,1.3
2021-10-23,8.2,2.5,0.0
2021-10-25,7.3,40.2,55.3
2021-10-26,61.0,10.0,4.7
2021-10-27,21.1,15.0,10.3
2021-10-28,7.5,12.8,7.7
2021-10-30,9.8,0.0,0.0
2021-10-31,0.0,36.6,50.1
2021-11-01,7.8,46.0,63.2
2021-11-02,106.5,0.2,0.0
2021-11-03,0.9,3.8,0.0
2021-11-04,1.2,0.0,0.0
2021-11-05,0.0,34.0,35.6
2021-11-06,126.5,1.9,0.0
2021-11-08,99.7,6.0,1.3
2021-11-10,0.0,30.3,30.4
2021-11-11,64.9,12.1,7.6
2021-11-12,3.1,40.9,61.8
2021-11-14,7.6,16.0,12.2
2021-11-15,12.9,1.4,0.0
2021-11-16,0.4,17.5,14.0
2021-11-17,5.0,11.7,7.1
2021-11-18,3.6,17.7,14.3
2021-11-19,4.2,6.8,1.6
2021-11-20,0.0,7.6,2.4
2021-11-22,21.9,16.2,11.0
2021-11-24,17.8,3.3,0.0
2021-11-25,0.0,66.0,76.4
2021-11-26,111.1,8.7,2.9
2021-11-27,1.6,8.3,2.5
2021-11-28,12.5,0.9,0.0
2021-11-30,26.6,12.7,7.2
2021-12-01,0.4,36.6,54.7
2021-12-02,73.4,0.4,0.0
2021-12-03,0.2,0.0,0.0
2021-12-06,1.2,13.2,10.2
2021-12-07,51.0,22.5,23.4
2021-12-08,65.8,2.3,0.0
2021-12-09,0.8,0.5,0.0
2021-12-10,13.2,6.5,1.7
2021-12-11,0.4,2.5,0.0
2021-12-12,4.7,14.4,11.5
2021-12-13,63.1,22.2,23.1
2021-12-14,43.4,0.6,0.0
2021-12-16,13.5,13.3,10.0
2021-12-17,11.7,32.4,46.9
2021-12-19,0.0,4.1,0.0
2021-12-20,13.7,1.2,0.0
2021-12-25,17.1,2.3,0.0
2021-12-26,0.3,1.6,0.0
2021-12-28,0.0,12.5,8.7
2021-12-29,2.8,1.0,0.0
2021-12-30,0.4,7.7,3.3
