{
"type": "FeatureCollection",
"name": "neighbours",
"crs": { "type": "name", "properties": { "name": "urn:ogc:def:crs:OGC:1.3:CRS84" } },
"xy_coordinate_resolution": 0.001,
"features": [
{ "type": "Feature", "properties": { }, "geometry": { "type": "MultiPolygon", "coordinates": [ [ [ [ 136.529, -12.996 ], [ 136.53, -12.995 ], [ 136.531, -12.997 ], [ 136.529, -12.996 ] ] ], [ [ [ 136.603, -12.983 ], [ 136.603, -12.982 ], [ 136.604, -12.983 ], [ 136.603, -12.983 ] ] ], [ [ [ 136.486, -12.993 ], [ 136.464, -12.987 ], [ 136.472, -12.981 ], [ 136.486, -12.993 ] ] ], [ [ [ 136.61, -12.974 ], [ 136.611, -12.974 ], [ 136.611, -12.975 ], [ 136.61, -12.974 ] ] ], [ [ [ 136.654, -12.974 ], [ 136.655, -12.974 ], [ 136.655, -12.976 ], [ 136.654, -12.974 ] ] ], [ [ [ 136.642, -12.948 ], [ 136.642, -12.946 ], [ 136.644, -12.947 ], [ 136.642, -12.948 ] ] ], [ [ [ 136.728, -12.889 ], [ 136.723, -12.886 ], [ 136.728, -12.882 ], [ 136.728, -12.889 ] ] ], [ [ [ 136.685, -12.874 ], [ 136.687, -12.874 ], [ 136.687, -12.875 ], [ 136.685, -12.874 ] ] ], [ [ [ 136.676, -12.871 ], [ 136.676, -12.877 ], [ 136.674, -12.876 ], [ 136.671, -12.876 ], [ 136.667, -12.871 ], [ 136.676, -12.871 ] ] ], [ [ [ 136.61, -12.868 ], [ 136.611, -12.868 ], [ 136.611, -12.869 ], [ 136.61, -12.868 ] ] ], [ [ [ 136.631, -12.864 ], [ 136.621, -12.869 ], [ 136.618, -12.858 ], [ 136.631, -12.864 ] ] ], [ [ [ 136.725, -12.745 ], [ 136.725, -12.744 ], [ 136.726, -12.744 ], [ 136.725, -12.745 ] ] ], [ [ [ 141.931, -12.739 ], [ 141.919, -12.729 ], [ 141.921, -12.728 ], [ 141.931, -12.739 ] ] ], [ [ [ 136.713, -12.729 ], [ 136.711, -12.73 ], [ 136.71, -12.726 ], [ 136.713, -12.729 ] ] ], [ [ [ 141.971, -12.725 ], [ 141.969, -12.725 ], [ 141.976, -12.722 ], [ 141.971, -12.725 ] ] ], [ [ [ 141.977, -12.726 ], [ 141.976, -12.724 ], [ 141.99, -12.718 ], [ 141.977, -12.726 ] ] ], [ [ [ 141.991, -12.72 ], [ 141.991, -12.718 ], [ 141.994, -12.719 ], [ 141.991, -12.72 ] ] ], [ [ [ 142.005, -12.728 ], [ 141.994, -12.719 ], [ 141.991, -12.717 ], [ 142.016, -12.719 ], [ 142.018, -12.713 ], [ 142.025, -12.72 ], [ 142.005, -12.728 ] ] ], [ [ [ 141.984, -12.718 ], [ 141.964, -12.723 ], [ 141.968, -12.713 ], [ 141.984, -12.718 ] ] ], [ [ [ 136.718, -12.711 ], [ 136.718, -12.71 ], [ 136.721, -12.712 ], [ 136.718, -12.711 ] ] ], [ [ [ 130.599, -12.701 ], [ 130.6, -12.7 ], [ 130.603, -12.701 ], [ 130.599, -12.701 ] ] ], [ [ [ 136.701, -12.697 ], [ 136.701, -12.696 ], [ 136.703, -12.697 ], [ 136.701, -12.697 ] ] ], [ [ [ 130.628, -12.686 ], [ 130.624, -12.689 ], [ 130.622, -12.685 ], [ 130.628, -12.686 ] ] ], [ [ [ 130.487, -12.673 ], [ 130.487, -12.672 ], [ 130.488, -12.673 ], [ 130.487, -12.673 ] ] ], [ [ [ 130.371, -12.668 ], [ 130.37, -12.672 ], [ 130.361, -12.668 ], [ 130.371, -12.668 ] ] ], [ [ [ 130.457, -12.631 ], [ 130.456, -12.629 ], [ 130.46, -12.631 ], [ 130.457, -12.631 ] ] ], [ [ [ 130.944, -12.622 ], [ 130.947, -12.618 ], [ 130.952, -12.627 ], [ 130.944, -12.622 ] ] ], [ [ [ 130.401, -12.63 ], [ 130.37, -12.644 ], [ 130.365, -12.623 ], [ 130.401, -12.63 ] ] ], [ [ [ 130.4, -12.615 ], [ 130.385, -12.603 ], [ 130.392, -12.601 ], [ 130.4, -12.615 ] ] ], [ [ [ 130.868, -12.592 ], [ 130.87, -12.59 ], [ 130.87, -12.592 ], [ 130.868, -12.592 ] ] ], [ [ [ 136.769, -12.588 ], [ 136.766, -12.59 ], [ 136.767, -12.587 ], [ 136.772, -12.586 ], [ 136.769, -12.588 ] ] ], [ [ [ 130.417, -12.597 ], [ 130.399, -12.601 ], [ 130.392, -12.589 ], [ 130.417, -12.597 ] ] ], [ [ [ 136.778, -12.582 ], [ 136.779, -12.583 ], [ 136.774, -12.584 ], [ 136.778, -12.582 ] ] ], [ [ [ 136.767, -12.567 ], [ 136.768, -12.567 ], [ 136.769, -12.569 ], [ 136.767, -12.567 ] ] ], [ [ [ 130.435, -12.581 ], [ 130.416, -12.592 ], [ 130.407, -12.573 ], [ 130.435, -12.581 ] ] ], [ [ [ 130.502, -12.611 ], [ 130.542, -12.68 ], [ 130.538, -12.711 ], [ 130.487, -12.621 ], [ 130.519, -12.565 ], [ 130.502, -12.611 ] ] ], [ [ [ 130.876, -12.557 ], [ 130.876, -12.556 ], [ 130.877, -12.557 ], [ 130.876, -12.557 ] ] ], [ [ [ 130.411, -12.554 ], [ 130.404, -12.553 ], [ 130.407, -12.548 ], [ 130.411, -12.554 ] ] ], [ [ [ 130.872, -12.554 ], [ 130.862, -12.562 ], [ 130.867, -12.55 ], [ 130.872, -12.554 ] ] ], [ [ [ 130.412, -12.541 ], [ 130.421, -12.531 ], [ 130.424, -12.538 ], [ 130.412, -12.541 ] ] ], [ [ [ 130.433, -12.537 ], [ 130.43, -12.538 ], [ 130.426, -12.532 ], [ 130.433, -12.537 ] ] ], [ [ [ 123.556, -12.53 ], [ 123.557, -12.531 ], [ 123.553, -12.53 ], [ 123.556, -12.53 ] ] ], [ [ [ 130.421, -12.528 ], [ 130.42, -12.529 ], [ 130.42, -12.527 ], [ 130.421, -12.528 ] ] ], [ [ [ 130.43, -12.522 ], [ 130.438, -12.513 ], [ 130.441, -12.518 ], [ 130.43, -12.522 ] ] ], [ [ [ 130.908, -12.489 ], [ 130.907, -12.491 ], [ 130.906, -12.488 ], [ 130.908, -12.489 ] ] ], [ [ [ 136.021, -12.471 ], [ 136.025, -12.468 ], [ 136.025, -12.475 ], [ 136.021, -12.471 ] ] ], [ [ [ 136.899, -12.416 ], [ 136.898, -12.418 ], [ 136.895, -12.419 ], [ 136.892, -12.415 ], [ 136.899, -12.416 ] ] ], [ [ [ 136.169, -12.372 ], [ 136.167, -12.373 ], [ 136.17, -12.368 ], [ 136.169, -12.372 ] ] ], [ [ [ 135.248, -12.3 ], [ 135.239, -12.308 ], [ 135.219, -12.294 ], [ 135.248, -12.3 ] ] ], [ [ [ 136.055, -12.292 ], [ 136.048, -12.311 ], [ 136.047, -12.286 ], [ 136.055, -12.292 ] ] ], [ [ [ 123.032, -12.267 ], [ 123.031, -12.265 ], [ 123.033, -12.264 ], [ 123.032, -12.267 ] ] ], [ [ [ 123.098, -12.263 ], [ 123.093, -12.261 ], [ 123.096, -12.259 ], [ 123.098, -12.263 ] ] ], [ [ [ 136.913, -12.257 ], [ 136.914, -12.258 ], [ 136.91, -12.259 ], [ 136.913, -12.257 ] ] ], [ [ [ 136.742, -12.255 ], [ 136.742, -12.252 ], [ 136.748, -12.257 ], [ 136.742, -12.255 ] ] ], [ [ [ 122.963, -12.243 ], [ 122.962, -12.241 ], [ 122.968, -12.24 ], [ 122.963, -12.243 ] ] ], [ [ [ 135.271, -12.246 ], [ 135.274, -12.238 ], [ 135.281, -12.248 ], [ 135.271, -12.246 ] ] ], [ [ [ 136.698, -12.239 ], [ 136.694, -12.241 ], [ 136.697, -12.238 ], [ 136.698, -12.239 ] ] ], [ [ [ 136.674, -12.237 ], [ 136.675, -12.236 ], [ 136.676, -12.238 ], [ 136.674, -12.237 ] ] ], [ [ [ 135.266, -12.225 ], [ 135.267, -12.265 ], [ 135.219, -12.29 ], [ 135.168, -12.226 ], [ 135.266, -12.225 ] ] ], [ [ [ 132.37, -12.219 ], [ 132.369, -12.216 ], [ 132.375, -12.217 ], [ 132.37, -12.219 ] ] ], [ [ [ 136.016, -12.216 ], [ 136.018, -12.209 ], [ 136.018, -12.213 ], [ 136.016, -12.216 ] ] ], [ [ [ 136.158, -12.178 ], [ 136.159, -12.181 ], [ 136.155, -12.181 ], [ 136.158, -12.178 ] ] ], [ [ [ 136.164, -12.18 ], [ 136.163, -12.178 ], [ 136.166, -12.177 ], [ 136.164, -12.18 ] ] ], [ [ [ 136.148, -12.172 ], [ 136.155, -12.191 ], [ 136.109, -12.199 ], [ 136.148, -12.172 ] ] ], [ [ [ 136.023, -12.18 ], [ 136.026, -12.166 ], [ 136.028, -12.174 ], [ 136.023, -12.18 ] ] ], [ [ [ 136.751, -12.16 ], [ 136.752, -12.16 ], [ 136.752, -12.161 ], [ 136.751, -12.16 ] ] ], [ [ [ 132.358, -12.172 ], [ 132.352, -12.188 ], [ 132.345, -12.172 ], [ 132.358, -12.172 ] ] ], [ [ [ 130.998, -12.162 ], [ 130.995, -12.16 ], [ 130.999, -12.153 ], [ 130.998, -12.162 ] ] ], [ [ [ 131.011, -12.15 ], [ 131.014, -12.151 ], [ 131.012, -12.152 ], [ 131.011, -12.15 ] ] ], [ [ [ 136.034, -12.147 ], [ 136.034, -12.146 ], [ 136.035, -12.147 ], [ 136.034, -12.147 ] ] ], [ [ [ 131.019, -12.144 ], [ 131.024, -12.144 ], [ 131.023, -12.147 ], [ 131.019, -12.144 ] ] ], [ [ [ 135.913, -12.143 ], [ 135.916, -12.14 ], [ 135.915, -12.145 ], [ 135.913, -12.143 ] ] ], [ [ [ 136.037, -12.138 ], [ 136.036, -12.138 ], [ 136.036, -12.137 ], [ 136.037, -12.138 ] ] ], [ [ [ 134.804, -12.145 ], [ 134.804, -12.141 ], [ 134.803, -12.139 ], [ 134.806, -12.136 ], [ 134.804, -12.145 ] ] ], [ [ [ 135.962, -12.136 ], [ 135.963, -12.134 ], [ 135.964, -12.134 ], [ 135.962, -12.136 ] ] ], [ [ [ 135.924, -12.133 ], [ 135.926, -12.132 ], [ 135.926, -12.135 ], [ 135.924, -12.133 ] ] ], [ [ [ 136.84, -12.126 ], [ 136.839, -12.127 ], [ 136.839, -12.126 ], [ 136.84, -12.126 ] ] ], [ [ [ 134.861, -12.129 ], [ 134.858, -12.128 ], [ 134.863, -12.125 ], [ 134.861, -12.129 ] ] ], [ [ [ 135.947, -12.126 ], [ 135.95, -12.123 ], [ 135.949, -12.126 ], [ 135.947, -12.126 ] ] ], [ [ [ 134.857, -12.125 ], [ 134.857, -12.123 ], [ 134.86, -12.124 ], [ 134.857, -12.125 ] ] ], [ [ [ 135.969, -12.123 ], [ 135.969, -12.122 ], [ 135.971, -12.123 ], [ 135.969, -12.123 ] ] ], [ [ [ 135.972, -12.118 ], [ 135.975, -12.112 ], [ 135.976, -12.112 ], [ 135.972, -12.118 ] ] ], [ [ [ 134.863, -12.12 ], [ 134.863, -12.11 ], [ 134.869, -12.117 ], [ 134.863, -12.12 ] ] ], [ [ [ 134.843, -12.114 ], [ 134.844, -12.11 ], [ 134.846, -12.114 ], [ 134.843, -12.114 ] ] ], [ [ [ 135.987, -12.102 ], [ 135.995, -12.107 ], [ 135.988, -12.104 ], [ 135.987, -12.102 ] ] ], [ [ [ 134.845, -12.107 ], [ 134.847, -12.102 ], [ 134.847, -12.106 ], [ 134.845, -12.107 ] ] ], [ [ [ 134.863, -12.103 ], [ 134.865, -12.1 ], [ 134.866, -12.104 ], [ 134.863, -12.103 ] ] ], [ [ [ 131.011, -12.119 ], [ 131.031, -12.099 ], [ 131.049, -12.112 ], [ 131.011, -12.119 ] ] ], [ [ [ 131.344, -12.106 ], [ 131.351, -12.097 ], [ 131.357, -12.109 ], [ 131.344, -12.106 ] ] ], [ [ [ 134.863, -12.098 ], [ 134.863, -12.097 ], [ 134.865, -12.099 ], [ 134.863, -12.098 ] ] ], [ [ [ 131.043, -12.096 ], [ 131.043, -12.095 ], [ 131.045, -12.095 ], [ 131.043, -12.096 ] ] ], [ [ [ 136.869, -12.094 ], [ 136.869, -12.095 ], [ 136.868, -12.094 ], [ 136.869, -12.094 ] ] ], [ [ [ 134.848, -12.1 ], [ 134.85, -12.094 ], [ 134.851, -12.103 ], [ 134.848, -12.1 ] ] ], [ [ [ 136.047, -12.102 ], [ 136.036, -12.111 ], [ 136.029, -12.16 ], [ 136.036, -12.095 ], [ 136.047, -12.102 ] ] ], [ [ [ 134.165, -12.101 ], [ 134.183, -12.087 ], [ 134.184, -12.099 ], [ 134.165, -12.101 ] ] ], [ [ [ 136.868, -12.088 ], [ 136.869, -12.091 ], [ 136.866, -12.09 ], [ 136.868, -12.088 ] ] ], [ [ [ 134.861, -12.085 ], [ 134.861, -12.083 ], [ 134.862, -12.086 ], [ 134.861, -12.085 ] ] ], [ [ [ 134.853, -12.107 ], [ 134.853, -12.082 ], [ 134.857, -12.088 ], [ 134.861, -12.095 ], [ 134.853, -12.107 ] ] ], [ [ [ 134.821, -12.081 ], [ 134.822, -12.081 ], [ 134.826, -12.082 ], [ 134.803, -12.048 ], [ 134.822, -12.054 ], [ 134.844, -12.061 ], [ 134.841, -12.086 ], [ 134.843, -12.114 ], [ 134.854, -12.129 ], [ 134.821, -12.15 ], [ 134.806, -12.136 ], [ 134.809, -12.134 ], [ 134.812, -12.126 ], [ 134.803, -12.139 ], [ 134.803, -12.145 ], [ 134.804, -12.145 ], [ 134.806, -12.149 ], [ 134.821, -12.151 ], [ 134.846, -12.147 ], [ 134.861, -12.132 ], [ 134.949, -12.147 ], [ 135.056, -12.261 ], [ 135.052, -12.275 ], [ 135.049, -12.275 ], [ 135.045, -12.267 ], [ 135.04, -12.265 ], [ 135.03, -12.282 ], [ 135.039, -12.303 ], [ 135.019, -12.286 ], [ 135.008, -12.291 ], [ 135.003, -12.299 ], [ 134.997, -12.301 ], [ 134.988, -12.326 ], [ 134.995, -12.344 ], [ 134.996, -12.344 ], [ 134.989, -12.326 ], [ 135.018, -12.287 ], [ 135.032, -12.305 ], [ 135.039, -12.305 ], [ 135.048, -12.297 ], [ 135.041, -12.267 ], [ 135.047, -12.276 ], [ 135.052, -12.277 ], [ 135.148, -12.237 ], [ 135.145, -12.297 ], [ 135.199, -12.288 ], [ 135.166, -12.301 ], [ 135.165, -12.336 ], [ 135.204, -12.291 ], [ 135.284, -12.37 ], [ 135.334, -12.396 ], [ 135.244, -12.308 ], [ 135.266, -12.314 ], [ 135.284, -12.295 ], [ 135.269, -12.254 ], [ 135.342, -12.247 ], [ 135.394, -12.179 ], [ 135.425, -12.187 ], [ 135.497, -12.145 ], [ 135.512, -12.157 ], [ 135.535, -12.151 ], [ 135.542, -12.141 ], [ 135.548, -12.144 ], [ 135.654, -12.04 ], [ 135.91, -11.953 ], [ 135.653, -12.158 ], [ 135.723, -12.284 ], [ 135.672, -12.316 ], [ 135.668, -12.299 ], [ 135.667, -12.315 ], [ 135.68, -12.319 ], [ 135.709, -12.314 ], [ 135.761, -12.255 ], [ 135.739, -12.332 ], [ 135.79, -12.297 ], [ 135.779, -12.225 ], [ 135.886, -12.151 ], [ 135.877, -12.246 ], [ 135.885, -12.255 ], [ 135.911, -12.153 ], [ 135.959, -12.153 ], [ 136.045, -12.064 ], [ 135.928, -12.225 ], [ 135.946, -12.291 ], [ 136.014, -12.235 ], [ 136.063, -12.25 ], [ 135.968, -12.405 ], [ 135.96, -12.395 ], [ 135.956, -12.398 ], [ 135.954, -12.407 ], [ 135.957, -12.406 ], [ 135.96, -12.397 ], [ 135.967, -12.413 ], [ 135.901, -12.443 ], [ 136.015, -12.396 ], [ 135.949, -12.459 ], [ 135.962, -12.491 ], [ 135.957, -12.453 ], [ 136.018, -12.461 ], [ 136.0, -12.549 ], [ 136.016, -12.53 ], [ 136.023, -12.543 ], [ 136.014, -12.559 ], [ 136.008, -12.585 ], [ 136.011, -12.589 ], [ 136.041, -12.526 ], [ 136.021, -12.528 ], [ 136.031, -12.475 ], [ 136.037, -12.491 ], [ 136.054, -12.495 ], [ 136.061, -12.492 ], [ 136.067, -12.496 ], [ 136.077, -12.494 ], [ 136.037, -12.486 ], [ 136.064, -12.431 ], [ 136.232, -12.464 ], [ 136.363, -12.265 ], [ 136.376, -12.275 ], [ 136.377, -12.305 ], [ 136.381, -12.283 ], [ 136.373, -12.266 ], [ 136.363, -12.263 ], [ 136.352, -12.272 ], [ 136.345, -12.263 ], [ 136.393, -12.243 ], [ 136.395, -12.235 ], [ 136.368, -12.251 ], [ 136.323, -12.161 ], [ 136.317, -12.211 ], [ 136.242, -12.214 ], [ 136.167, -12.163 ], [ 136.266, -12.067 ], [ 136.339, -12.061 ], [ 136.416, -11.958 ], [ 136.562, -11.918 ], [ 136.563, -11.877 ], [ 136.582, -11.916 ], [ 136.452, -11.995 ], [ 136.491, -12.024 ], [ 136.483, -12.035 ], [ 136.481, -12.051 ], [ 136.486, -12.055 ], [ 136.5, -12.016 ], [ 136.479, -12.007 ], [ 136.531, -11.993 ], [ 136.649, -12.271 ], [ 136.755, -12.279 ], [ 136.753, -12.213 ], [ 136.7, -12.23 ], [ 136.708, -12.194 ], [ 136.697, -12.19 ], [ 136.678, -12.2 ], [ 136.684, -12.183 ], [ 136.782, -12.159 ], [ 136.929, -12.283 ], [ 136.934, -12.334 ], [ 136.878, -12.367 ], [ 136.874, -12.377 ], [ 136.923, -12.343 ], [ 136.98, -12.346 ], [ 136.9, -12.393 ], [ 136.779, -12.525 ], [ 136.795, -12.451 ], [ 136.724, -12.46 ], [ 136.748, -12.534 ], [ 136.733, -12.561 ], [ 136.721, -12.553 ], [ 136.696, -12.565 ], [ 136.693, -12.58 ], [ 136.669, -12.591 ], [ 136.68, -12.604 ], [ 136.747, -12.551 ], [ 136.762, -12.577 ], [ 136.695, -12.623 ], [ 136.679, -12.669 ], [ 136.694, -12.71 ], [ 136.619, -12.689 ], [ 136.622, -12.839 ], [ 136.55, -12.74 ], [ 136.541, -12.807 ], [ 136.464, -12.772 ], [ 136.479, -12.842 ], [ 136.662, -13.0 ], [ 136.616, -12.967 ], [ 136.569, -13.0 ], [ 136.557, -12.964 ], [ 136.456, -12.978 ], [ 136.453, -12.992 ], [ 136.48, -13.0 ], [ 130.141, -12.999 ], [ 130.173, -12.911 ], [ 130.221, -12.95 ], [ 130.259, -12.945 ], [ 130.333, -12.896 ], [ 130.347, -12.877 ], [ 130.336, -12.888 ], [ 130.332, -12.88 ], [ 130.353, -12.669 ], [ 130.39, -12.743 ], [ 130.423, -12.726 ], [ 130.417, -12.738 ], [ 130.415, -12.755 ], [ 130.416, -12.773 ], [ 130.433, -12.73 ], [ 130.393, -12.663 ], [ 130.413, -12.656 ], [ 130.409, -12.67 ], [ 130.419, -12.682 ], [ 130.423, -12.683 ], [ 130.424, -12.677 ], [ 130.427, -12.676 ], [ 130.431, -12.677 ], [ 130.436, -12.677 ], [ 130.44, -12.634 ], [ 130.473, -12.679 ], [ 130.514, -12.67 ], [ 130.495, -12.723 ], [ 130.512, -12.763 ], [ 130.518, -12.726 ], [ 130.529, -12.725 ], [ 130.524, -12.735 ], [ 130.53, -12.744 ], [ 130.547, -12.749 ], [ 130.52, -12.704 ], [ 130.537, -12.722 ], [ 130.58, -12.715 ], [ 130.58, -12.735 ], [ 130.563, -12.742 ], [ 130.562, -12.746 ], [ 130.565, -12.748 ], [ 130.629, -12.728 ], [ 130.614, -12.784 ], [ 130.648, -12.742 ], [ 130.617, -12.712 ], [ 130.622, -12.706 ], [ 130.695, -12.771 ], [ 130.708, -12.717 ], [ 130.735, -12.73 ], [ 130.756, -12.724 ], [ 130.769, -12.738 ], [ 130.757, -12.724 ], [ 130.718, -12.715 ], [ 130.743, -12.713 ], [ 130.747, -12.706 ], [ 130.745, -12.702 ], [ 130.679, -12.715 ], [ 130.697, -12.706 ], [ 130.693, -12.703 ], [ 130.704, -12.695 ], [ 130.704, -12.68 ], [ 130.586, -12.685 ], [ 130.545, -12.636 ], [ 130.582, -12.623 ], [ 130.584, -12.661 ], [ 130.598, -12.657 ], [ 130.609, -12.605 ], [ 130.641, -12.648 ], [ 130.659, -12.644 ], [ 130.606, -12.579 ], [ 130.566, -12.583 ], [ 130.607, -12.503 ], [ 130.579, -12.462 ], [ 130.647, -12.449 ], [ 130.58, -12.416 ], [ 130.616, -12.379 ], [ 130.765, -12.438 ], [ 130.726, -12.526 ], [ 130.779, -12.474 ], [ 130.729, -12.582 ], [ 130.729, -12.598 ], [ 130.738, -12.612 ], [ 130.777, -12.559 ], [ 130.766, -12.604 ], [ 130.78, -12.602 ], [ 130.779, -12.618 ], [ 130.792, -12.627 ], [ 130.805, -12.539 ], [ 130.869, -12.661 ], [ 130.903, -12.659 ], [ 130.882, -12.607 ], [ 130.934, -12.613 ], [ 130.97, -12.66 ], [ 130.94, -12.724 ], [ 130.94, -12.728 ], [ 130.943, -12.73 ], [ 130.942, -12.733 ], [ 130.944, -12.734 ], [ 130.984, -12.659 ], [ 130.975, -12.62 ], [ 130.885, -12.575 ], [ 130.859, -12.507 ], [ 130.898, -12.546 ], [ 130.922, -12.509 ], [ 130.936, -12.558 ], [ 130.964, -12.536 ], [ 130.996, -12.562 ], [ 131.007, -12.567 ], [ 131.011, -12.566 ], [ 131.017, -12.576 ], [ 131.022, -12.578 ], [ 131.026, -12.578 ], [ 131.003, -12.534 ], [ 130.942, -12.525 ], [ 130.949, -12.472 ], [ 130.884, -12.493 ], [ 130.916, -12.459 ], [ 130.864, -12.433 ], [ 130.819, -12.46 ], [ 130.816, -12.406 ], [ 130.897, -12.329 ], [ 131.035, -12.36 ], [ 131.038, -12.386 ], [ 131.043, -12.389 ], [ 131.048, -12.385 ], [ 131.055, -12.349 ], [ 131.027, -12.333 ], [ 131.064, -12.336 ], [ 131.014, -12.329 ], [ 130.995, -12.17 ], [ 131.114, -12.155 ], [ 131.222, -12.228 ], [ 131.297, -12.043 ], [ 131.366, -12.245 ], [ 131.699, -12.281 ], [ 131.702, -12.328 ], [ 131.703, -12.281 ], [ 131.89, -12.214 ], [ 131.947, -12.277 ], [ 132.07, -12.312 ], [ 132.081, -12.307 ], [ 132.079, -12.341 ], [ 132.086, -12.353 ], [ 132.095, -12.355 ], [ 132.125, -12.339 ], [ 132.087, -12.352 ], [ 132.092, -12.324 ], [ 132.082, -12.305 ], [ 132.071, -12.31 ], [ 132.068, -12.298 ], [ 132.237, -12.17 ], [ 132.28, -12.228 ], [ 132.225, -12.337 ], [ 132.231, -12.367 ], [ 132.258, -12.376 ], [ 132.226, -12.337 ], [ 132.286, -12.223 ], [ 132.355, -12.201 ], [ 132.429, -12.31 ], [ 132.37, -12.377 ], [ 132.393, -12.419 ], [ 132.433, -12.458 ], [ 132.419, -12.452 ], [ 132.411, -12.462 ], [ 132.414, -12.49 ], [ 132.435, -12.513 ], [ 132.412, -12.512 ], [ 132.406, -12.524 ], [ 132.426, -12.541 ], [ 132.451, -12.538 ], [ 132.438, -12.608 ], [ 132.471, -12.641 ], [ 132.495, -12.649 ], [ 132.511, -12.646 ], [ 132.504, -12.667 ], [ 132.514, -12.698 ], [ 132.513, -12.645 ], [ 132.44, -12.607 ], [ 132.457, -12.538 ], [ 132.411, -12.522 ], [ 132.44, -12.514 ], [ 132.436, -12.451 ], [ 132.38, -12.387 ], [ 132.445, -12.309 ], [ 132.416, -12.199 ], [ 132.557, -12.086 ], [ 132.775, -12.161 ], [ 132.626, -12.079 ], [ 132.663, -11.855 ], [ 132.582, -11.788 ], [ 132.65, -11.723 ], [ 132.666, -11.671 ], [ 132.72, -11.674 ], [ 132.691, -11.686 ], [ 132.717, -11.709 ], [ 132.747, -11.64 ], [ 132.725, -11.612 ], [ 132.7, -11.639 ], [ 132.708, -11.608 ], [ 132.668, -11.635 ], [ 132.713, -11.579 ], [ 132.689, -11.572 ], [ 132.606, -11.641 ], [ 132.551, -11.612 ], [ 132.54, -11.578 ], [ 132.592, -11.616 ], [ 132.621, -11.585 ], [ 132.568, -11.591 ], [ 132.554, -11.561 ], [ 132.596, -11.579 ], [ 132.621, -11.564 ], [ 132.578, -11.51 ], [ 132.592, -11.509 ], [ 132.597, -11.504 ], [ 132.527, -11.426 ], [ 132.485, -11.487 ], [ 132.238, -11.456 ], [ 132.115, -11.541 ], [ 132.035, -11.483 ], [ 132.068, -11.431 ], [ 131.942, -11.4 ], [ 131.96, -11.381 ], [ 131.979, -11.385 ], [ 131.989, -11.375 ], [ 131.917, -11.358 ], [ 131.942, -11.32 ], [ 131.763, -11.317 ], [ 131.793, -11.27 ], [ 131.857, -11.279 ], [ 131.815, -11.212 ], [ 131.879, -11.237 ], [ 131.881, -11.184 ], [ 131.961, -11.254 ], [ 131.994, -11.125 ], [ 132.046, -11.2 ], [ 132.075, -11.181 ], [ 132.085, -11.232 ], [ 132.114, -11.212 ], [ 132.1, -11.325 ], [ 132.156, -11.323 ], [ 132.17, -11.421 ], [ 132.237, -11.342 ], [ 132.173, -11.325 ], [ 132.201, -11.226 ], [ 132.136, -11.123 ], [ 132.186, -11.131 ], [ 132.284, -11.276 ], [ 132.265, -11.177 ], [ 132.317, -11.171 ], [ 132.332, -11.117 ], [ 132.344, -11.121 ], [ 132.373, -11.295 ], [ 132.451, -11.219 ], [ 132.673, -11.518 ], [ 132.733, -11.52 ], [ 132.841, -11.396 ], [ 132.896, -11.427 ], [ 132.864, -11.341 ], [ 132.917, -11.333 ], [ 133.077, -11.522 ], [ 133.157, -11.71 ], [ 133.19, -11.725 ], [ 133.251, -11.732 ], [ 133.255, -11.739 ], [ 133.279, -11.742 ], [ 133.344, -11.695 ], [ 133.317, -11.769 ], [ 133.402, -11.733 ], [ 133.46, -11.8 ], [ 133.537, -11.763 ], [ 133.491, -11.881 ], [ 133.566, -11.807 ], [ 133.631, -11.838 ], [ 133.696, -11.803 ], [ 133.668, -11.776 ], [ 133.74, -11.782 ], [ 133.793, -11.728 ], [ 133.918, -11.744 ], [ 133.942, -11.772 ], [ 133.78, -11.859 ], [ 133.778, -11.861 ], [ 133.778, -11.869 ], [ 133.78, -11.878 ], [ 133.784, -11.885 ], [ 133.827, -11.848 ], [ 133.916, -11.907 ], [ 133.901, -11.93 ], [ 133.916, -11.943 ], [ 134.037, -11.853 ], [ 134.064, -11.937 ], [ 134.126, -11.897 ], [ 134.177, -11.956 ], [ 134.149, -11.959 ], [ 134.195, -12.03 ], [ 134.162, -12.102 ], [ 134.183, -12.138 ], [ 134.123, -12.147 ], [ 134.123, -12.187 ], [ 134.125, -12.19 ], [ 134.136, -12.188 ], [ 134.141, -12.193 ], [ 134.138, -12.197 ], [ 134.128, -12.193 ], [ 134.121, -12.196 ], [ 134.12, -12.2 ], [ 134.122, -12.203 ], [ 134.135, -12.201 ], [ 134.122, -12.198 ], [ 134.138, -12.199 ], [ 134.142, -12.193 ], [ 134.124, -12.149 ], [ 134.221, -12.151 ], [ 134.18, -12.117 ], [ 134.255, -12.033 ], [ 134.246, -11.985 ], [ 134.455, -12.076 ], [ 134.582, -12.056 ], [ 134.576, -12.063 ], [ 134.603, -12.089 ], [ 134.575, -12.124 ], [ 134.593, -12.162 ], [ 134.549, -12.18 ], [ 134.608, -12.194 ], [ 134.578, -12.125 ], [ 134.61, -12.089 ], [ 134.598, -12.052 ], [ 134.746, -11.949 ], [ 134.769, -11.988 ], [ 134.754, -11.996 ], [ 134.753, -11.999 ], [ 134.755, -12.002 ], [ 134.752, -12.001 ], [ 134.75, -12.001 ], [ 134.749, -12.006 ], [ 134.749, -12.009 ], [ 134.747, -12.007 ], [ 134.745, -12.007 ], [ 134.744, -12.009 ], [ 134.747, -12.011 ], [ 134.746, -12.012 ], [ 134.737, -12.014 ], [ 134.738, -12.015 ], [ 134.78, -12.005 ], [ 134.806, -12.073 ], [ 134.814, -12.08 ], [ 134.819, -12.081 ], [ 134.821, -12.081 ] ], [ [ 134.829, -12.121 ], [ 134.824, -12.126 ], [ 134.83, -12.122 ], [ 134.829, -12.086 ], [ 134.826, -12.082 ], [ 134.829, -12.121 ] ], [ [ 134.814, -12.125 ], [ 134.813, -12.126 ], [ 134.822, -12.127 ], [ 134.824, -12.126 ], [ 134.814, -12.125 ] ], [ [ 135.678, -12.297 ], [ 135.68, -12.295 ], [ 135.68, -12.292 ], [ 135.679, -12.289 ], [ 135.677, -12.288 ], [ 135.664, -12.29 ], [ 135.679, -12.293 ], [ 135.668, -12.298 ], [ 135.668, -12.299 ], [ 135.678, -12.297 ] ], [ [ 135.671, -12.278 ], [ 135.671, -12.275 ], [ 135.669, -12.272 ], [ 135.664, -12.29 ], [ 135.671, -12.278 ] ], [ [ 135.949, -12.397 ], [ 135.936, -12.399 ], [ 135.934, -12.403 ], [ 135.932, -12.401 ], [ 135.934, -12.397 ], [ 135.933, -12.39 ], [ 135.925, -12.397 ], [ 135.934, -12.404 ], [ 135.949, -12.398 ], [ 135.951, -12.409 ], [ 135.954, -12.407 ], [ 135.949, -12.397 ] ], [ [ 136.041, -12.503 ], [ 136.068, -12.513 ], [ 136.067, -12.532 ], [ 136.078, -12.515 ], [ 136.037, -12.491 ], [ 136.041, -12.503 ] ], [ [ 136.377, -12.306 ], [ 136.381, -12.312 ], [ 136.389, -12.308 ], [ 136.377, -12.305 ], [ 136.377, -12.306 ] ], [ [ 136.383, -12.313 ], [ 136.399, -12.334 ], [ 136.39, -12.308 ], [ 136.389, -12.308 ], [ 136.383, -12.313 ] ], [ [ 136.398, -12.226 ], [ 136.381, -12.212 ], [ 136.398, -12.196 ], [ 136.4, -12.203 ], [ 136.407, -12.208 ], [ 136.413, -12.208 ], [ 136.419, -12.196 ], [ 136.417, -12.207 ], [ 136.419, -12.207 ], [ 136.422, -12.201 ], [ 136.426, -12.203 ], [ 136.424, -12.168 ], [ 136.427, -12.178 ], [ 136.433, -12.18 ], [ 136.47, -12.164 ], [ 136.472, -12.161 ], [ 136.47, -12.154 ], [ 136.423, -12.168 ], [ 136.378, -12.213 ], [ 136.395, -12.235 ], [ 136.398, -12.226 ] ], [ [ 130.37, -12.898 ], [ 130.384, -12.901 ], [ 130.392, -12.899 ], [ 130.397, -12.906 ], [ 130.411, -12.904 ], [ 130.373, -12.883 ], [ 130.347, -12.876 ], [ 130.347, -12.877 ], [ 130.37, -12.898 ] ], [ [ 130.413, -12.91 ], [ 130.42, -12.909 ], [ 130.411, -12.904 ], [ 130.413, -12.91 ] ], [ [ 134.129, -12.207 ], [ 134.129, -12.23 ], [ 134.134, -12.241 ], [ 134.118, -12.252 ], [ 134.118, -12.253 ], [ 134.115, -12.253 ], [ 134.111, -12.254 ], [ 134.116, -12.257 ], [ 134.109, -12.259 ], [ 134.106, -12.264 ], [ 134.12, -12.263 ], [ 134.12, -12.262 ], [ 134.135, -12.242 ], [ 134.136, -12.201 ], [ 134.135, -12.201 ], [ 134.129, -12.207 ] ], [ [ 134.103, -12.279 ], [ 134.106, -12.281 ], [ 134.107, -12.279 ], [ 134.106, -12.287 ], [ 134.116, -12.297 ], [ 134.106, -12.264 ], [ 134.103, -12.279 ] ], [ [ 134.108, -12.304 ], [ 134.103, -12.315 ], [ 134.117, -12.298 ], [ 134.116, -12.297 ], [ 134.108, -12.304 ] ], [ [ 134.731, -12.007 ], [ 134.723, -12.005 ], [ 134.722, -12.005 ], [ 134.722, -12.006 ], [ 134.737, -12.014 ], [ 134.731, -12.007 ] ] ], [ [ [ 134.842, -12.087 ], [ 134.845, -12.079 ], [ 134.848, -12.095 ], [ 134.842, -12.087 ] ] ], [ [ [ 134.862, -12.082 ], [ 134.863, -12.079 ], [ 134.863, -12.083 ], [ 134.862, -12.082 ] ] ], [ [ [ 134.85, -12.078 ], [ 134.851, -12.076 ], [ 134.852, -12.081 ], [ 134.85, -12.078 ] ] ], [ [ [ 132.413, -12.091 ], [ 132.409, -12.14 ], [ 132.336, -12.088 ], [ 132.413, -12.091 ] ] ], [ [ [ 136.828, -12.135 ], [ 136.815, -12.141 ], [ 136.797, -12.088 ], [ 136.828, -12.135 ] ] ], [ [ [ 134.957, -12.076 ], [ 134.957, -12.096 ], [ 134.945, -12.082 ], [ 134.957, -12.076 ] ] ], [ [ [ 136.097, -12.072 ], [ 136.099, -12.068 ], [ 136.099, -12.073 ], [ 136.097, -12.072 ] ] ], [ [ [ 134.807, -12.072 ], [ 134.809, -12.068 ], [ 134.812, -12.073 ], [ 134.807, -12.072 ] ] ], [ [ [ 134.976, -12.07 ], [ 134.977, -12.067 ], [ 134.998, -12.073 ], [ 134.976, -12.07 ] ] ], [ [ [ 134.848, -12.067 ], [ 134.849, -12.065 ], [ 134.85, -12.069 ], [ 134.848, -12.067 ] ] ], [ [ [ 134.808, -12.067 ], [ 134.808, -12.065 ], [ 134.809, -12.066 ], [ 134.808, -12.067 ] ] ], [ [ [ 134.857, -12.088 ], [ 134.855, -12.064 ], [ 134.859, -12.067 ], [ 134.862, -12.069 ], [ 134.864, -12.071 ], [ 134.861, -12.083 ], [ 134.86, -12.085 ], [ 134.857, -12.088 ] ] ], [ [ [ 135.558, -12.13 ], [ 135.55, -12.132 ], [ 135.538, -12.144 ], [ 135.535, -12.15 ], [ 135.526, -12.148 ], [ 135.517, -12.149 ], [ 135.515, -12.145 ], [ 135.497, -12.144 ], [ 135.446, -12.161 ], [ 135.434, -12.17 ], [ 135.425, -12.185 ], [ 135.393, -12.175 ], [ 135.37, -12.181 ], [ 135.332, -12.241 ], [ 135.223, -12.19 ], [ 135.367, -12.085 ], [ 135.45, -12.116 ], [ 135.523, -12.063 ], [ 135.558, -12.13 ] ] ], [ [ [ 134.848, -12.059 ], [ 134.849, -12.057 ], [ 134.853, -12.063 ], [ 134.848, -12.059 ] ] ], [ [ [ 131.086, -12.076 ], [ 131.061, -12.069 ], [ 131.124, -12.055 ], [ 131.086, -12.076 ] ] ], [ [ [ 134.802, -12.058 ], [ 134.801, -12.052 ], [ 134.806, -12.057 ], [ 134.802, -12.058 ] ] ], [ [ [ 134.919, -12.06 ], [ 134.919, -12.052 ], [ 134.929, -12.056 ], [ 134.919, -12.06 ] ] ], [ [ [ 134.834, -12.051 ], [ 134.832, -12.05 ], [ 134.839, -12.049 ], [ 134.834, -12.051 ] ] ], [ [ [ 134.823, -12.049 ], [ 134.832, -12.054 ], [ 134.822, -12.054 ], [ 134.823, -12.049 ] ] ], [ [ [ 134.806, -12.047 ], [ 134.803, -12.045 ], [ 134.806, -12.045 ], [ 134.806, -12.047 ] ] ], [ [ [ 134.802, -12.044 ], [ 134.801, -12.043 ], [ 134.804, -12.043 ], [ 134.802, -12.044 ] ] ], [ [ [ 136.787, -12.043 ], [ 136.784, -12.043 ], [ 136.784, -12.042 ], [ 136.787, -12.043 ] ] ], [ [ [ 134.869, -12.126 ], [ 134.87, -12.117 ], [ 134.869, -12.117 ], [ 134.864, -12.108 ], [ 134.866, -12.105 ], [ 134.867, -12.105 ], [ 134.867, -12.104 ], [ 134.866, -12.071 ], [ 134.847, -12.045 ], [ 134.929, -12.1 ], [ 134.869, -12.126 ] ] ], [ [ [ 134.907, -12.037 ], [ 134.907, -12.034 ], [ 134.91, -12.036 ], [ 134.907, -12.037 ] ] ], [ [ [ 136.881, -12.033 ], [ 136.88, -12.033 ], [ 136.88, -12.032 ], [ 136.881, -12.033 ] ] ], [ [ [ 131.052, -12.053 ], [ 131.005, -12.053 ], [ 131.021, -12.037 ], [ 131.052, -12.053 ] ] ], [ [ [ 136.126, -12.023 ], [ 136.128, -12.02 ], [ 136.13, -12.02 ], [ 136.126, -12.023 ] ] ], [ [ [ 134.863, -12.019 ], [ 134.865, -12.018 ], [ 134.866, -12.019 ], [ 134.863, -12.019 ] ] ], [ [ [ 134.991, -12.037 ], [ 134.961, -12.066 ], [ 134.909, -12.032 ], [ 134.991, -12.037 ] ] ], [ [ [ 134.802, -12.037 ], [ 134.797, -12.019 ], [ 134.81, -12.018 ], [ 134.83, -12.047 ], [ 134.802, -12.037 ] ] ], [ [ [ 134.865, -12.022 ], [ 134.854, -12.038 ], [ 134.828, -12.027 ], [ 134.865, -12.022 ] ] ], [ [ [ 136.223, -11.991 ], [ 136.225, -11.99 ], [ 136.225, -11.992 ], [ 136.223, -11.991 ] ] ], [ [ [ 136.234, -11.978 ], [ 136.235, -11.975 ], [ 136.236, -11.976 ], [ 136.234, -11.978 ] ] ], [ [ [ 136.196, -12.076 ], [ 136.118, -12.063 ], [ 136.189, -12.0 ], [ 136.219, -12.033 ], [ 136.311, -11.974 ], [ 136.196, -12.076 ] ] ], [ [ [ 136.322, -11.966 ], [ 136.321, -11.973 ], [ 136.315, -11.963 ], [ 136.322, -11.966 ] ] ], [ [ [ 134.217, -11.963 ], [ 134.209, -11.963 ], [ 134.214, -11.955 ], [ 134.217, -11.963 ] ] ], [ [ [ 136.249, -11.959 ], [ 136.254, -11.952 ], [ 136.255, -11.957 ], [ 136.249, -11.959 ] ] ], [ [ [ 136.334, -11.962 ], [ 136.323, -11.963 ], [ 136.327, -11.948 ], [ 136.334, -11.962 ] ] ], [ [ [ 136.274, -11.93 ], [ 136.277, -11.929 ], [ 136.277, -11.93 ], [ 136.274, -11.93 ] ] ], [ [ [ 136.426, -11.919 ], [ 136.423, -11.92 ], [ 136.424, -11.919 ], [ 136.426, -11.919 ] ] ], [ [ [ 135.122, -11.927 ], [ 135.047, -11.942 ], [ 135.053, -11.92 ], [ 135.122, -11.927 ] ] ], [ [ [ 135.034, -11.908 ], [ 135.035, -11.907 ], [ 135.035, -11.909 ], [ 135.034, -11.908 ] ] ], [ [ [ 135.154, -11.915 ], [ 135.142, -11.914 ], [ 135.147, -11.908 ], [ 135.154, -11.915 ] ] ], [ [ [ 136.455, -11.917 ], [ 136.435, -11.919 ], [ 136.446, -11.903 ], [ 136.455, -11.917 ] ] ], [ [ [ 134.211, -11.891 ], [ 134.213, -11.889 ], [ 134.213, -11.891 ], [ 134.211, -11.891 ] ] ], [ [ [ 136.553, -11.875 ], [ 136.552, -11.873 ], [ 136.556, -11.875 ], [ 136.553, -11.875 ] ] ], [ [ [ 136.58, -11.868 ], [ 136.57, -11.869 ], [ 136.571, -11.865 ], [ 136.58, -11.868 ] ] ], [ [ [ 136.588, -11.863 ], [ 136.587, -11.862 ], [ 136.589, -11.861 ], [ 136.588, -11.863 ] ] ], [ [ [ 136.416, -11.862 ], [ 136.415, -11.861 ], [ 136.418, -11.861 ], [ 136.416, -11.862 ] ] ], [ [ [ 136.596, -11.859 ], [ 136.599, -11.858 ], [ 136.599, -11.859 ], [ 136.596, -11.859 ] ] ], [ [ [ 136.432, -11.894 ], [ 136.382, -11.908 ], [ 136.368, -11.905 ], [ 136.399, -11.89 ], [ 136.412, -11.86 ], [ 136.432, -11.894 ] ] ], [ [ [ 136.601, -11.856 ], [ 136.604, -11.855 ], [ 136.604, -11.856 ], [ 136.601, -11.856 ] ] ], [ [ [ 135.955, -11.902 ], [ 135.947, -11.905 ], [ 135.942, -11.881 ], [ 135.99, -11.852 ], [ 135.955, -11.902 ] ] ], [ [ [ 136.404, -11.851 ], [ 136.409, -11.849 ], [ 136.41, -11.852 ], [ 136.404, -11.851 ] ] ], [ [ [ 136.621, -11.846 ], [ 136.625, -11.844 ], [ 136.627, -11.846 ], [ 136.621, -11.846 ] ] ], [ [ [ 136.465, -11.841 ], [ 136.467, -11.841 ], [ 136.465, -11.842 ], [ 136.465, -11.841 ] ] ], [ [ [ 136.455, -11.845 ], [ 136.447, -11.848 ], [ 136.447, -11.841 ], [ 136.455, -11.845 ] ] ], [ [ [ 136.667, -11.837 ], [ 136.646, -11.84 ], [ 136.643, -11.839 ], [ 136.667, -11.837 ] ] ], [ [ [ 136.697, -11.817 ], [ 136.699, -11.818 ], [ 136.698, -11.82 ], [ 136.697, -11.817 ] ] ], [ [ [ 136.704, -11.816 ], [ 136.705, -11.816 ], [ 136.704, -11.817 ], [ 136.704, -11.816 ] ] ], [ [ [ 136.475, -11.812 ], [ 136.476, -11.811 ], [ 136.477, -11.812 ], [ 136.475, -11.812 ] ] ], [ [ [ 136.715, -11.811 ], [ 136.718, -11.807 ], [ 136.719, -11.808 ], [ 136.715, -11.811 ] ] ], [ [ [ 130.659, -11.814 ], [ 130.649, -11.82 ], [ 130.65, -11.809 ], [ 130.659, -11.814 ] ] ], [ [ [ 136.486, -11.885 ], [ 136.464, -11.904 ], [ 136.469, -11.827 ], [ 136.498, -11.804 ], [ 136.486, -11.885 ] ] ], [ [ [ 136.044, -11.802 ], [ 136.029, -11.813 ], [ 136.041, -11.784 ], [ 136.044, -11.802 ] ] ], [ [ [ 130.609, -11.826 ], [ 130.57, -11.816 ], [ 130.575, -11.81 ], [ 130.569, -11.811 ], [ 130.566, -11.821 ], [ 130.509, -11.832 ], [ 130.315, -11.771 ], [ 130.049, -11.824 ], [ 130.021, -11.775 ], [ 130.043, -11.755 ], [ 130.073, -11.772 ], [ 130.085, -11.767 ], [ 130.085, -11.773 ], [ 130.088, -11.778 ], [ 130.089, -11.775 ], [ 130.077, -11.669 ], [ 130.154, -11.708 ], [ 130.199, -11.652 ], [ 130.204, -11.65 ], [ 130.205, -11.695 ], [ 130.222, -11.703 ], [ 130.214, -11.715 ], [ 130.215, -11.712 ], [ 130.207, -11.721 ], [ 130.206, -11.725 ], [ 130.207, -11.727 ], [ 130.226, -11.727 ], [ 130.237, -11.751 ], [ 130.239, -11.751 ], [ 130.223, -11.669 ], [ 130.305, -11.733 ], [ 130.264, -11.662 ], [ 130.191, -11.643 ], [ 130.175, -11.558 ], [ 130.225, -11.504 ], [ 130.23, -11.526 ], [ 130.254, -11.533 ], [ 130.263, -11.565 ], [ 130.28, -11.579 ], [ 130.279, -11.542 ], [ 130.233, -11.494 ], [ 130.148, -11.482 ], [ 130.249, -11.348 ], [ 130.252, -11.345 ], [ 130.343, -11.329 ], [ 130.413, -11.546 ], [ 130.393, -11.569 ], [ 130.371, -11.572 ], [ 130.336, -11.597 ], [ 130.336, -11.601 ], [ 130.364, -11.611 ], [ 130.428, -11.548 ], [ 130.47, -11.667 ], [ 130.635, -11.776 ], [ 130.603, -11.78 ], [ 130.613, -11.786 ], [ 130.609, -11.826 ] ], [ [ 130.218, -11.707 ], [ 130.211, -11.705 ], [ 130.215, -11.712 ], [ 130.218, -11.707 ] ], [ [ 130.21, -11.704 ], [ 130.205, -11.706 ], [ 130.205, -11.709 ], [ 130.211, -11.705 ], [ 130.21, -11.704 ] ], [ [ 130.209, -11.708 ], [ 130.21, -11.709 ], [ 130.211, -11.705 ], [ 130.209, -11.708 ] ], [ [ 130.205, -11.726 ], [ 130.204, -11.727 ], [ 130.207, -11.727 ], [ 130.205, -11.726 ] ], [ [ 130.587, -11.807 ], [ 130.583, -11.801 ], [ 130.579, -11.798 ], [ 130.586, -11.809 ], [ 130.587, -11.807 ] ], [ [ 130.584, -11.797 ], [ 130.585, -11.794 ], [ 130.587, -11.79 ], [ 130.579, -11.798 ], [ 130.584, -11.797 ] ], [ [ 130.587, -11.794 ], [ 130.588, -11.79 ], [ 130.587, -11.79 ], [ 130.587, -11.794 ] ], [ [ 130.59, -11.795 ], [ 130.59, -11.794 ], [ 130.587, -11.794 ], [ 130.59, -11.795 ] ], [ [ 130.59, -11.801 ], [ 130.591, -11.802 ], [ 130.592, -11.802 ], [ 130.59, -11.795 ], [ 130.59, -11.801 ] ], [ [ 130.594, -11.797 ], [ 130.595, -11.8 ], [ 130.597, -11.801 ], [ 130.603, -11.798 ], [ 130.603, -11.797 ], [ 130.593, -11.796 ], [ 130.593, -11.802 ], [ 130.594, -11.797 ] ] ], [ [ [ 135.938, -11.804 ], [ 135.798, -11.964 ], [ 135.565, -12.071 ], [ 135.585, -11.958 ], [ 135.78, -11.912 ], [ 135.89, -11.762 ], [ 135.938, -11.804 ] ] ], [ [ [ 136.107, -11.748 ], [ 136.106, -11.747 ], [ 136.107, -11.747 ], [ 136.107, -11.748 ] ] ], [ [ [ 136.587, -11.746 ], [ 136.587, -11.745 ], [ 136.588, -11.745 ], [ 136.587, -11.746 ] ] ], [ [ [ 136.082, -11.771 ], [ 136.073, -11.771 ], [ 136.077, -11.753 ], [ 136.082, -11.771 ] ] ], [ [ [ 136.585, -11.786 ], [ 136.51, -11.805 ], [ 136.534, -11.762 ], [ 136.624, -11.739 ], [ 136.585, -11.786 ] ] ], [ [ [ 136.623, -11.735 ], [ 136.624, -11.734 ], [ 136.625, -11.735 ], [ 136.623, -11.735 ] ] ], [ [ [ 135.962, -11.76 ], [ 135.94, -11.766 ], [ 135.941, -11.741 ], [ 135.962, -11.76 ] ] ], [ [ [ 135.98, -11.736 ], [ 135.979, -11.731 ], [ 135.982, -11.734 ], [ 135.98, -11.736 ] ] ], [ [ [ 142.977, -11.727 ], [ 142.978, -11.728 ], [ 142.976, -11.728 ], [ 142.977, -11.727 ] ] ], [ [ [ 136.112, -11.727 ], [ 136.113, -11.726 ], [ 136.114, -11.728 ], [ 136.112, -11.727 ] ] ], [ [ [ 136.663, -11.726 ], [ 136.659, -11.724 ], [ 136.66, -11.722 ], [ 136.663, -11.726 ] ] ], [ [ [ 136.159, -11.692 ], [ 136.159, -11.691 ], [ 136.16, -11.692 ], [ 136.159, -11.692 ] ] ], [ [ [ 136.155, -11.693 ], [ 136.154, -11.691 ], [ 136.157, -11.691 ], [ 136.155, -11.693 ] ] ], [ [ [ 136.159, -11.689 ], [ 136.159, -11.688 ], [ 136.16, -11.688 ], [ 136.16, -11.689 ], [ 136.159, -11.689 ] ] ], [ [ [ 135.169, -11.701 ], [ 135.167, -11.709 ], [ 135.151, -11.697 ], [ 135.169, -11.701 ] ] ], [ [ [ 136.142, -11.72 ], [ 136.128, -11.723 ], [ 136.138, -11.682 ], [ 136.142, -11.72 ] ] ], [ [ [ 133.321, -11.667 ], [ 133.314, -11.666 ], [ 133.316, -11.659 ], [ 133.321, -11.667 ] ] ], [ [ [ 136.825, -11.676 ], [ 136.81, -11.674 ], [ 136.824, -11.658 ], [ 136.825, -11.676 ] ] ], [ [ [ 132.671, -11.662 ], [ 132.65, -11.675 ], [ 132.652, -11.666 ], [ 132.671, -11.662 ] ] ], [ [ [ 136.196, -11.647 ], [ 136.197, -11.647 ], [ 136.197, -11.648 ], [ 136.196, -11.647 ] ] ], [ [ [ 135.999, -11.717 ], [ 135.95, -11.696 ], [ 135.96, -11.671 ], [ 136.035, -11.648 ], [ 135.999, -11.717 ] ] ], [ [ [ 132.585, -11.659 ], [ 132.653, -11.652 ], [ 132.635, -11.718 ], [ 132.539, -11.717 ], [ 132.514, -11.639 ], [ 132.585, -11.659 ] ] ], [ [ [ 132.626, -11.652 ], [ 132.616, -11.65 ], [ 132.639, -11.637 ], [ 132.626, -11.652 ] ] ], [ [ [ 136.054, -11.641 ], [ 136.062, -11.628 ], [ 136.067, -11.637 ], [ 136.054, -11.641 ] ] ], [ [ [ 132.717, -11.645 ], [ 132.72, -11.666 ], [ 132.658, -11.655 ], [ 132.667, -11.639 ], [ 132.704, -11.643 ], [ 132.717, -11.645 ] ] ], [ [ [ 132.658, -11.639 ], [ 132.642, -11.634 ], [ 132.655, -11.625 ], [ 132.658, -11.639 ] ] ], [ [ [ 132.727, -11.618 ], [ 132.727, -11.62 ], [ 132.725, -11.622 ], [ 132.727, -11.618 ] ] ], [ [ [ 132.46, -11.621 ], [ 132.463, -11.621 ], [ 132.464, -11.621 ], [ 132.458, -11.628 ], [ 132.46, -11.621 ] ] ], [ [ [ 136.206, -11.617 ], [ 136.208, -11.641 ], [ 136.195, -11.628 ], [ 136.206, -11.617 ] ] ], [ [ [ 142.933, -11.592 ], [ 142.931, -11.591 ], [ 142.935, -11.59 ], [ 142.933, -11.592 ] ] ], [ [ [ 133.48, -11.623 ], [ 133.388, -11.634 ], [ 133.369, -11.682 ], [ 133.348, -11.624 ], [ 133.413, -11.587 ], [ 133.48, -11.623 ] ] ], [ [ [ 136.077, -11.586 ], [ 136.089, -11.583 ], [ 136.085, -11.602 ], [ 136.077, -11.586 ] ] ], [ [ [ 136.328, -11.583 ], [ 136.327, -11.582 ], [ 136.328, -11.582 ], [ 136.328, -11.583 ] ] ], [ [ [ 132.175, -11.587 ], [ 132.17, -11.588 ], [ 132.169, -11.579 ], [ 132.175, -11.587 ] ] ], [ [ [ 136.337, -11.579 ], [ 136.338, -11.577 ], [ 136.339, -11.578 ], [ 136.337, -11.579 ] ] ], [ [ [ 136.099, -11.578 ], [ 136.098, -11.577 ], [ 136.099, -11.577 ], [ 136.099, -11.578 ] ] ], [ [ [ 136.325, -11.573 ], [ 136.326, -11.572 ], [ 136.327, -11.574 ], [ 136.325, -11.573 ] ] ], [ [ [ 132.148, -11.606 ], [ 132.134, -11.628 ], [ 132.112, -11.62 ], [ 132.131, -11.569 ], [ 132.148, -11.606 ] ] ], [ [ [ 132.323, -11.579 ], [ 132.314, -11.599 ], [ 132.298, -11.587 ], [ 132.323, -11.579 ] ] ], [ [ [ 132.152, -11.566 ], [ 132.154, -11.562 ], [ 132.156, -11.564 ], [ 132.152, -11.566 ] ] ], [ [ [ 136.334, -11.622 ], [ 136.159, -11.693 ], [ 136.16, -11.692 ], [ 136.181, -11.677 ], [ 136.167, -11.643 ], [ 136.207, -11.656 ], [ 136.231, -11.645 ], [ 136.264, -11.572 ], [ 136.282, -11.603 ], [ 136.32, -11.604 ], [ 136.295, -11.579 ], [ 136.34, -11.589 ], [ 136.363, -11.553 ], [ 136.334, -11.622 ] ] ], [ [ [ 136.339, -11.553 ], [ 136.34, -11.549 ], [ 136.343, -11.555 ], [ 136.339, -11.553 ] ] ], [ [ [ 136.117, -11.562 ], [ 136.108, -11.568 ], [ 136.111, -11.546 ], [ 136.117, -11.562 ] ] ], [ [ [ 132.555, -11.545 ], [ 132.555, -11.547 ], [ 132.525, -11.543 ], [ 132.555, -11.545 ] ] ], [ [ [ 132.577, -11.55 ], [ 132.585, -11.537 ], [ 132.591, -11.553 ], [ 132.555, -11.547 ], [ 132.577, -11.55 ] ] ], [ [ [ 132.56, -11.538 ], [ 132.56, -11.528 ], [ 132.574, -11.53 ], [ 132.56, -11.538 ] ] ], [ [ [ 132.332, -11.534 ], [ 132.338, -11.519 ], [ 132.34, -11.525 ], [ 132.332, -11.534 ] ] ], [ [ [ 136.384, -11.518 ], [ 136.39, -11.514 ], [ 136.391, -11.516 ], [ 136.384, -11.518 ] ] ], [ [ [ 136.42, -11.506 ], [ 136.421, -11.506 ], [ 136.42, -11.507 ], [ 136.42, -11.506 ] ] ], [ [ [ 136.427, -11.478 ], [ 136.429, -11.474 ], [ 136.433, -11.481 ], [ 136.427, -11.478 ] ] ], [ [ [ 132.727, -11.475 ], [ 132.725, -11.478 ], [ 132.723, -11.474 ], [ 132.727, -11.475 ] ] ], [ [ [ 131.962, -11.479 ], [ 131.962, -11.488 ], [ 131.949, -11.482 ], [ 131.962, -11.479 ] ] ], [ [ [ 132.564, -11.492 ], [ 132.522, -11.523 ], [ 132.51, -11.519 ], [ 132.564, -11.492 ] ] ], [ [ [ 136.451, -11.531 ], [ 136.374, -11.566 ], [ 136.366, -11.533 ], [ 136.382, -11.545 ], [ 136.472, -11.473 ], [ 136.451, -11.531 ] ] ], [ [ [ 133.491, -11.52 ], [ 133.384, -11.547 ], [ 133.389, -11.49 ], [ 133.468, -11.467 ], [ 133.491, -11.52 ] ] ], [ [ [ 132.529, -11.456 ], [ 132.526, -11.469 ], [ 132.508, -11.467 ], [ 132.508, -11.458 ], [ 132.517, -11.457 ], [ 132.52, -11.449 ], [ 132.529, -11.456 ] ] ], [ [ [ 130.406, -11.428 ], [ 130.408, -11.422 ], [ 130.41, -11.427 ], [ 130.406, -11.428 ] ] ], [ [ [ 142.968, -11.382 ], [ 142.968, -11.383 ], [ 142.964, -11.381 ], [ 142.968, -11.382 ] ] ], [ [ [ 132.779, -11.391 ], [ 132.774, -11.376 ], [ 132.78, -11.374 ], [ 132.779, -11.391 ] ] ], [ [ [ 142.118, -11.365 ], [ 142.118, -11.363 ], [ 142.119, -11.364 ], [ 142.118, -11.365 ] ] ], [ [ [ 130.568, -11.363 ], [ 130.569, -11.362 ], [ 130.57, -11.363 ], [ 130.568, -11.363 ] ] ], [ [ [ 130.863, -11.352 ], [ 130.863, -11.353 ], [ 130.871, -11.35 ], [ 130.873, -11.344 ], [ 130.884, -11.348 ], [ 130.888, -11.347 ], [ 130.888, -11.346 ], [ 130.872, -11.343 ], [ 130.862, -11.347 ], [ 130.861, -11.348 ], [ 130.861, -11.352 ], [ 130.849, -11.352 ], [ 130.899, -11.309 ], [ 131.03, -11.405 ], [ 131.04, -11.319 ], [ 131.098, -11.323 ], [ 131.114, -11.258 ], [ 131.149, -11.25 ], [ 131.169, -11.315 ], [ 131.19, -11.339 ], [ 131.213, -11.339 ], [ 131.205, -11.234 ], [ 131.276, -11.19 ], [ 131.303, -11.273 ], [ 131.436, -11.267 ], [ 131.467, -11.387 ], [ 131.524, -11.395 ], [ 131.544, -11.454 ], [ 131.467, -11.499 ], [ 131.471, -11.609 ], [ 131.371, -11.581 ], [ 131.282, -11.739 ], [ 131.088, -11.811 ], [ 130.949, -11.94 ], [ 130.492, -11.653 ], [ 130.422, -11.438 ], [ 130.453, -11.473 ], [ 130.482, -11.478 ], [ 130.424, -11.434 ], [ 130.385, -11.346 ], [ 130.41, -11.317 ], [ 130.407, -11.302 ], [ 130.412, -11.303 ], [ 130.413, -11.302 ], [ 130.412, -11.3 ], [ 130.364, -11.251 ], [ 130.401, -11.164 ], [ 130.505, -11.305 ], [ 130.555, -11.266 ], [ 130.604, -11.3 ], [ 130.555, -11.361 ], [ 130.569, -11.398 ], [ 130.656, -11.334 ], [ 130.708, -11.49 ], [ 130.767, -11.474 ], [ 130.697, -11.427 ], [ 130.705, -11.385 ], [ 130.858, -11.355 ], [ 130.862, -11.353 ], [ 130.863, -11.352 ] ] ], [ [ [ 130.866, -11.349 ], [ 130.866, -11.348 ], [ 130.87, -11.349 ], [ 130.866, -11.349 ] ] ], [ [ [ 130.249, -11.348 ], [ 130.247, -11.348 ], [ 130.248, -11.347 ], [ 130.249, -11.348 ] ] ], [ [ [ 130.355, -11.34 ], [ 130.354, -11.346 ], [ 130.344, -11.327 ], [ 130.355, -11.34 ] ] ], [ [ [ 130.344, -11.324 ], [ 130.337, -11.322 ], [ 130.339, -11.321 ], [ 130.344, -11.324 ] ] ], [ [ [ 132.784, -11.317 ], [ 132.781, -11.317 ], [ 132.783, -11.316 ], [ 132.784, -11.317 ] ] ], [ [ [ 130.662, -11.327 ], [ 130.657, -11.319 ], [ 130.66, -11.314 ], [ 130.662, -11.327 ] ] ], [ [ [ 131.189, -11.336 ], [ 131.201, -11.311 ], [ 131.21, -11.315 ], [ 131.189, -11.336 ] ] ], [ [ [ 132.733, -11.285 ], [ 132.731, -11.296 ], [ 132.719, -11.29 ], [ 132.733, -11.285 ] ] ], [ [ [ 142.934, -11.258 ], [ 142.934, -11.259 ], [ 142.932, -11.259 ], [ 142.931, -11.258 ], [ 142.932, -11.257 ], [ 142.934, -11.258 ] ] ], [ [ [ 136.685, -11.227 ], [ 136.685, -11.224 ], [ 136.686, -11.225 ], [ 136.685, -11.227 ] ] ], [ [ [ 132.414, -11.223 ], [ 132.415, -11.222 ], [ 132.416, -11.224 ], [ 132.414, -11.223 ] ] ], [ [ [ 132.661, -11.212 ], [ 132.644, -11.211 ], [ 132.66, -11.188 ], [ 132.661, -11.212 ] ] ], [ [ [ 132.923, -11.171 ], [ 132.921, -11.17 ], [ 132.925, -11.168 ], [ 132.923, -11.171 ] ] ], [ [ [ 132.917, -11.171 ], [ 132.857, -11.149 ], [ 132.861, -11.141 ], [ 132.917, -11.171 ] ] ], [ [ [ 136.692, -11.136 ], [ 136.697, -11.139 ], [ 136.681, -11.136 ], [ 136.692, -11.136 ] ] ], [ [ [ 132.189, -11.118 ], [ 132.191, -11.116 ], [ 132.191, -11.118 ], [ 132.189, -11.118 ] ] ], [ [ [ 136.716, -11.116 ], [ 136.716, -11.115 ], [ 136.717, -11.116 ], [ 136.716, -11.116 ] ] ], [ [ [ 130.334, -11.124 ], [ 130.331, -11.113 ], [ 130.333, -11.113 ], [ 130.334, -11.124 ] ] ], [ [ [ 142.149, -11.118 ], [ 142.159, -11.127 ], [ 142.148, -11.119 ], [ 142.149, -11.118 ] ] ], [ [ [ 132.288, -11.104 ], [ 132.29, -11.102 ], [ 132.29, -11.104 ], [ 132.288, -11.104 ] ] ], [ [ [ 132.507, -11.1 ], [ 132.509, -11.1 ], [ 132.507, -11.101 ], [ 132.507, -11.1 ] ] ], [ [ [ 132.88, -11.085 ], [ 132.872, -11.085 ], [ 132.874, -11.08 ], [ 132.88, -11.085 ] ] ], [ [ [ 136.727, -11.078 ], [ 136.728, -11.081 ], [ 136.717, -11.08 ], [ 136.727, -11.078 ] ] ], [ [ [ 136.731, -11.069 ], [ 136.723, -11.069 ], [ 136.725, -11.066 ], [ 136.731, -11.069 ] ] ], [ [ [ 133.017, -11.068 ], [ 133.005, -11.088 ], [ 132.978, -11.046 ], [ 133.017, -11.068 ] ] ], [ [ [ 132.854, -11.06 ], [ 132.856, -11.047 ], [ 132.876, -11.047 ], [ 132.854, -11.06 ] ] ], [ [ [ 132.46, -11.031 ], [ 132.458, -11.028 ], [ 132.46, -11.029 ], [ 132.46, -11.031 ] ] ], [ [ [ 136.735, -11.03 ], [ 136.729, -11.032 ], [ 136.73, -11.027 ], [ 136.735, -11.03 ] ] ], [ [ [ 132.462, -11.027 ], [ 132.457, -11.026 ], [ 132.458, -11.025 ], [ 132.462, -11.027 ] ] ], [ [ [ 136.719, -11.193 ], [ 136.666, -11.225 ], [ 136.684, -11.249 ], [ 136.484, -11.457 ], [ 136.626, -11.205 ], [ 136.703, -11.173 ], [ 136.737, -11.075 ], [ 136.734, -11.061 ], [ 136.713, -11.055 ], [ 136.762, -11.027 ], [ 136.719, -11.193 ] ] ], [ [ [ 136.738, -11.016 ], [ 136.738, -11.015 ], [ 136.741, -11.017 ], [ 136.738, -11.016 ] ] ], [ [ [ 142.993, -11.009 ], [ 142.992, -11.008 ], [ 142.993, -11.008 ], [ 142.993, -11.009 ] ] ], [ [ [ 142.988, -11.005 ], [ 142.988, -11.004 ], [ 142.989, -11.004 ], [ 142.988, -11.005 ] ] ], [ [ [ 132.816, -11.019 ], [ 132.825, -11.004 ], [ 132.825, -11.02 ], [ 132.816, -11.019 ] ] ], [ [ [ 136.763, -11.005 ], [ 136.75, -11.02 ], [ 136.736, -11.007 ], [ 136.763, -11.005 ] ] ], [ [ [ 142.76, -10.999 ], [ 142.758, -10.999 ], [ 142.758, -10.998 ], [ 142.76, -10.999 ] ] ], [ [ [ 132.615, -11.129 ], [ 132.581, -11.165 ], [ 132.631, -11.188 ], [ 132.588, -11.357 ], [ 132.469, -11.159 ], [ 132.509, -11.141 ], [ 132.514, -11.091 ], [ 132.462, -11.038 ], [ 132.543, -11.05 ], [ 132.597, -10.974 ], [ 132.615, -11.129 ] ] ], [ [ [ 132.83, -10.968 ], [ 132.826, -11.0 ], [ 132.818, -10.969 ], [ 132.83, -10.968 ] ] ], [ [ [ 142.62, -10.939 ], [ 142.619, -10.937 ], [ 142.625, -10.936 ], [ 142.62, -10.939 ] ] ], [ [ [ 142.616, -10.927 ], [ 142.619, -10.925 ], [ 142.619, -10.929 ], [ 142.616, -10.927 ] ] ], [ [ [ 142.619, -10.923 ], [ 142.614, -10.927 ], [ 142.621, -10.918 ], [ 142.619, -10.923 ] ] ], [ [ [ 142.639, -10.917 ], [ 142.637, -10.928 ], [ 142.622, -10.923 ], [ 142.639, -10.917 ] ] ], [ [ [ 142.693, -10.922 ], [ 142.706, -10.957 ], [ 142.653, -10.926 ], [ 142.693, -10.922 ] ] ], [ [ [ 133.032, -10.911 ], [ 133.025, -10.911 ], [ 133.03, -10.906 ], [ 133.032, -10.911 ] ] ], [ [ [ 142.697, -10.89 ], [ 142.698, -10.889 ], [ 142.698, -10.89 ], [ 142.697, -10.89 ] ] ], [ [ [ 142.691, -10.888 ], [ 142.697, -10.886 ], [ 142.695, -10.888 ], [ 142.694, -10.888 ], [ 142.691, -10.888 ] ] ], [ [ [ 142.033, -10.881 ], [ 142.035, -10.879 ], [ 142.037, -10.882 ], [ 142.033, -10.881 ] ] ], [ [ [ 142.024, -10.85 ], [ 142.024, -10.848 ], [ 142.027, -10.85 ], [ 142.024, -10.85 ] ] ], [ [ [ 142.348, -10.844 ], [ 142.349, -10.843 ], [ 142.35, -10.844 ], [ 142.348, -10.844 ] ] ], [ [ [ 142.357, -10.845 ], [ 142.353, -10.847 ], [ 142.356, -10.842 ], [ 142.357, -10.845 ] ] ], [ [ [ 142.318, -10.841 ], [ 142.316, -10.842 ], [ 142.319, -10.836 ], [ 142.318, -10.841 ] ] ], [ [ [ 142.385, -10.767 ], [ 142.385, -10.766 ], [ 142.388, -10.766 ], [ 142.385, -10.767 ] ] ], [ [ [ 142.393, -10.761 ], [ 142.394, -10.761 ], [ 142.394, -10.762 ], [ 142.393, -10.761 ] ] ], [ [ [ 142.614, -10.76 ], [ 142.613, -10.76 ], [ 142.613, -10.759 ], [ 142.614, -10.76 ] ] ], [ [ [ 142.37, -10.762 ], [ 142.377, -10.757 ], [ 142.377, -10.759 ], [ 142.37, -10.762 ] ] ], [ [ [ 142.22, -10.741 ], [ 142.223, -10.737 ], [ 142.227, -10.744 ], [ 142.22, -10.741 ] ] ], [ [ [ 142.287, -10.737 ], [ 142.285, -10.737 ], [ 142.285, -10.736 ], [ 142.287, -10.737 ] ] ], [ [ [ 142.255, -10.736 ], [ 142.256, -10.735 ], [ 142.257, -10.736 ], [ 142.255, -10.736 ] ] ], [ [ [ 142.623, -10.73 ], [ 142.622, -10.726 ], [ 142.623, -10.726 ], [ 142.623, -10.73 ] ] ], [ [ [ 142.411, -10.727 ], [ 142.414, -10.722 ], [ 142.416, -10.725 ], [ 142.411, -10.727 ] ] ], [ [ [ 142.622, -10.721 ], [ 142.622, -10.718 ], [ 142.626, -10.72 ], [ 142.622, -10.721 ] ] ], [ [ [ 142.631, -10.72 ], [ 142.629, -10.719 ], [ 142.63, -10.718 ], [ 142.631, -10.72 ] ] ], [ [ [ 142.616, -10.722 ], [ 142.622, -10.748 ], [ 142.591, -10.725 ], [ 142.616, -10.722 ] ] ], [ [ [ 142.343, -10.716 ], [ 142.344, -10.713 ], [ 142.346, -10.716 ], [ 142.343, -10.716 ] ] ], [ [ [ 142.371, -10.713 ], [ 142.369, -10.714 ], [ 142.369, -10.712 ], [ 142.371, -10.713 ] ] ], [ [ [ 142.406, -10.723 ], [ 142.386, -10.75 ], [ 142.39, -10.717 ], [ 142.406, -10.723 ] ] ], [ [ [ 142.555, -10.71 ], [ 142.554, -10.709 ], [ 142.557, -10.708 ], [ 142.555, -10.71 ] ] ], [ [ [ 142.596, -10.708 ], [ 142.597, -10.707 ], [ 142.599, -10.709 ], [ 142.596, -10.708 ] ] ], [ [ [ 142.489, -10.707 ], [ 142.489, -10.706 ], [ 142.49, -10.706 ], [ 142.489, -10.707 ] ] ], [ [ [ 142.305, -10.725 ], [ 142.291, -10.734 ], [ 142.283, -10.717 ], [ 142.305, -10.725 ] ] ], [ [ [ 142.382, -10.7 ], [ 142.385, -10.701 ], [ 142.385, -10.702 ], [ 142.382, -10.7 ] ] ], [ [ [ 142.352, -10.708 ], [ 142.348, -10.708 ], [ 142.357, -10.699 ], [ 142.352, -10.708 ] ] ], [ [ [ 142.492, -10.694 ], [ 142.493, -10.694 ], [ 142.491, -10.696 ], [ 142.492, -10.694 ] ] ], [ [ [ 142.558, -10.727 ], [ 142.611, -10.75 ], [ 142.542, -10.842 ], [ 142.619, -10.897 ], [ 142.587, -10.926 ], [ 142.604, -10.951 ], [ 142.585, -10.951 ], [ 142.591, -10.954 ], [ 142.58, -10.958 ], [ 142.581, -10.963 ], [ 142.576, -10.963 ], [ 142.58, -10.97 ], [ 142.718, -10.962 ], [ 142.755, -11.024 ], [ 142.788, -11.081 ], [ 142.777, -11.218 ], [ 142.869, -11.383 ], [ 142.827, -11.475 ], [ 142.855, -11.84 ], [ 143.0, -11.937 ], [ 143.0, -13.0 ], [ 141.584, -13.0 ], [ 141.635, -12.908 ], [ 141.745, -12.848 ], [ 141.805, -12.678 ], [ 141.807, -12.728 ], [ 141.855, -12.687 ], [ 141.892, -12.73 ], [ 141.913, -12.919 ], [ 141.955, -12.94 ], [ 141.933, -12.884 ], [ 141.951, -12.909 ], [ 141.961, -12.904 ], [ 141.962, -12.915 ], [ 141.972, -12.921 ], [ 141.961, -12.902 ], [ 141.95, -12.905 ], [ 141.946, -12.887 ], [ 141.992, -12.909 ], [ 142.004, -12.885 ], [ 141.951, -12.887 ], [ 141.906, -12.746 ], [ 142.021, -12.737 ], [ 142.07, -12.704 ], [ 142.067, -12.702 ], [ 142.055, -12.703 ], [ 142.056, -12.693 ], [ 142.04, -12.716 ], [ 142.028, -12.704 ], [ 142.028, -12.713 ], [ 142.019, -12.711 ], [ 142.018, -12.713 ], [ 142.015, -12.718 ], [ 141.97, -12.711 ], [ 141.925, -12.728 ], [ 141.836, -12.667 ], [ 141.894, -12.593 ], [ 141.821, -12.602 ], [ 141.693, -12.515 ], [ 141.737, -12.468 ], [ 141.657, -12.464 ], [ 141.693, -12.56 ], [ 141.591, -12.563 ], [ 141.851, -11.986 ], [ 141.908, -11.955 ], [ 141.918, -12.084 ], [ 141.965, -12.042 ], [ 142.022, -12.076 ], [ 141.941, -11.971 ], [ 141.978, -11.779 ], [ 142.06, -11.746 ], [ 142.079, -11.768 ], [ 142.065, -11.806 ], [ 142.065, -11.819 ], [ 142.067, -11.821 ], [ 142.086, -11.743 ], [ 142.089, -11.742 ], [ 142.091, -11.756 ], [ 142.093, -11.759 ], [ 142.095, -11.741 ], [ 142.125, -11.772 ], [ 142.146, -11.777 ], [ 142.099, -11.729 ], [ 142.001, -11.748 ], [ 142.079, -11.615 ], [ 142.07, -11.59 ], [ 142.1, -11.598 ], [ 142.114, -11.59 ], [ 142.093, -11.583 ], [ 142.069, -11.587 ], [ 142.064, -11.603 ], [ 142.054, -11.599 ], [ 142.025, -11.665 ], [ 142.059, -11.537 ], [ 142.063, -11.548 ], [ 142.131, -11.53 ], [ 142.067, -11.539 ], [ 142.125, -11.434 ], [ 142.097, -11.456 ], [ 142.12, -11.369 ], [ 142.125, -11.313 ], [ 142.116, -11.225 ], [ 142.152, -11.129 ], [ 142.155, -11.173 ], [ 142.149, -11.185 ], [ 142.149, -11.189 ], [ 142.15, -11.19 ], [ 142.166, -11.156 ], [ 142.136, -10.947 ], [ 142.319, -10.91 ], [ 142.357, -10.845 ], [ 142.439, -10.708 ], [ 142.5, -10.716 ], [ 142.532, -10.687 ], [ 142.558, -10.727 ] ], [ [ 141.976, -12.934 ], [ 141.981, -12.936 ], [ 141.972, -12.921 ], [ 141.976, -12.934 ] ], [ [ 142.079, -12.721 ], [ 142.109, -12.742 ], [ 142.076, -12.706 ], [ 142.07, -12.704 ], [ 142.079, -12.721 ] ] ], [ [ [ 132.576, -11.509 ], [ 132.528, -11.53 ], [ 132.567, -11.495 ], [ 132.578, -11.51 ], [ 132.576, -11.509 ] ] ], [ [ [ 134.121, -12.26 ], [ 134.12, -12.262 ], [ 134.116, -12.262 ], [ 134.119, -12.256 ], [ 134.121, -12.26 ] ] ], [ [ [ 136.488, -12.997 ], [ 136.491, -13.0 ], [ 136.482, -13.0 ], [ 136.488, -12.997 ] ] ], [ [ [ 136.496, -12.994 ], [ 136.509, -13.0 ], [ 136.491, -13.0 ], [ 136.496, -12.994 ] ] ], [ [ [ 142.536, -10.682 ], [ 142.532, -10.684 ], [ 142.533, -10.682 ], [ 142.536, -10.682 ] ] ], [ [ [ 142.531, -10.684 ], [ 142.528, -10.686 ], [ 142.527, -10.683 ], [ 142.531, -10.684 ] ] ], [ [ [ 142.679, -10.641 ], [ 142.679, -10.64 ], [ 142.682, -10.641 ], [ 142.679, -10.641 ] ] ], [ [ [ 142.652, -10.623 ], [ 142.653, -10.62 ], [ 142.653, -10.622 ], [ 142.652, -10.623 ] ] ], [ [ [ 142.666, -10.637 ], [ 142.639, -10.654 ], [ 142.632, -10.627 ], [ 142.666, -10.637 ] ] ], [ [ [ 142.519, -10.613 ], [ 142.518, -10.612 ], [ 142.519, -10.611 ], [ 142.519, -10.613 ] ] ], [ [ [ 142.616, -10.611 ], [ 142.608, -10.613 ], [ 142.617, -10.605 ], [ 142.616, -10.611 ] ] ], [ [ [ 141.913, -10.604 ], [ 141.912, -10.606 ], [ 141.909, -10.604 ], [ 141.913, -10.604 ] ] ], [ [ [ 142.279, -10.707 ], [ 142.208, -10.726 ], [ 142.178, -10.771 ], [ 142.111, -10.662 ], [ 142.198, -10.594 ], [ 142.279, -10.707 ] ] ], [ [ [ 142.622, -10.59 ], [ 142.629, -10.599 ], [ 142.61, -10.598 ], [ 142.622, -10.59 ] ] ], [ [ [ 142.171, -10.606 ], [ 142.142, -10.602 ], [ 142.15, -10.591 ], [ 142.171, -10.606 ] ] ], [ [ [ 142.327, -10.613 ], [ 142.257, -10.636 ], [ 142.25, -10.584 ], [ 142.309, -10.572 ], [ 142.327, -10.613 ] ] ], [ [ [ 142.177, -10.572 ], [ 142.177, -10.57 ], [ 142.178, -10.571 ], [ 142.177, -10.572 ] ] ], [ [ [ 142.23, -10.581 ], [ 142.21, -10.589 ], [ 142.207, -10.577 ], [ 142.23, -10.581 ] ] ], [ [ [ 142.159, -10.57 ], [ 142.147, -10.566 ], [ 142.148, -10.563 ], [ 142.159, -10.57 ] ] ], [ [ [ 142.343, -10.55 ], [ 142.347, -10.548 ], [ 142.347, -10.553 ], [ 142.343, -10.55 ] ] ], [ [ [ 142.352, -10.544 ], [ 142.353, -10.543 ], [ 142.355, -10.545 ], [ 142.352, -10.544 ] ] ], [ [ [ 142.189, -10.541 ], [ 142.193, -10.54 ], [ 142.193, -10.542 ], [ 142.189, -10.541 ] ] ], [ [ [ 142.231, -10.537 ], [ 142.195, -10.575 ], [ 142.18, -10.561 ], [ 142.231, -10.537 ] ] ], [ [ [ 142.309, -10.543 ], [ 142.283, -10.529 ], [ 142.312, -10.506 ], [ 142.309, -10.543 ] ] ], [ [ [ 142.45, -10.497 ], [ 142.449, -10.496 ], [ 142.45, -10.495 ], [ 142.45, -10.497 ] ] ], [ [ [ 142.442, -10.462 ], [ 142.436, -10.462 ], [ 142.438, -10.461 ], [ 142.442, -10.462 ] ] ], [ [ [ 142.45, -10.463 ], [ 142.45, -10.465 ], [ 142.445, -10.462 ], [ 142.45, -10.463 ] ] ], [ [ [ 142.363, -10.369 ], [ 142.362, -10.365 ], [ 142.363, -10.367 ], [ 142.363, -10.369 ] ] ], [ [ [ 142.044, -10.356 ], [ 142.046, -10.355 ], [ 142.046, -10.357 ], [ 142.044, -10.356 ] ] ], [ [ [ 142.141, -10.375 ], [ 142.133, -10.387 ], [ 142.122, -10.369 ], [ 142.141, -10.375 ] ] ], [ [ [ 142.122, -10.355 ], [ 142.12, -10.355 ], [ 142.12, -10.354 ], [ 142.122, -10.355 ] ] ], [ [ [ 142.229, -10.353 ], [ 142.226, -10.352 ], [ 142.227, -10.351 ], [ 142.229, -10.353 ] ] ], [ [ [ 142.061, -10.361 ], [ 142.048, -10.366 ], [ 142.051, -10.351 ], [ 142.061, -10.361 ] ] ], [ [ [ 142.117, -10.352 ], [ 142.117, -10.351 ], [ 142.119, -10.351 ], [ 142.117, -10.352 ] ] ], [ [ [ 142.056, -10.352 ], [ 142.054, -10.35 ], [ 142.056, -10.35 ], [ 142.056, -10.352 ] ] ], [ [ [ 142.108, -10.347 ], [ 142.108, -10.342 ], [ 142.11, -10.344 ], [ 142.108, -10.347 ] ] ], [ [ [ 142.091, -10.318 ], [ 142.094, -10.316 ], [ 142.093, -10.319 ], [ 142.091, -10.318 ] ] ], [ [ [ 142.102, -10.295 ], [ 142.097, -10.294 ], [ 142.1, -10.287 ], [ 142.102, -10.295 ] ] ], [ [ [ 142.105, -10.278 ], [ 142.105, -10.282 ], [ 142.097, -10.273 ], [ 142.105, -10.278 ] ] ], [ [ [ 142.104, -10.272 ], [ 142.105, -10.272 ], [ 142.105, -10.273 ], [ 142.104, -10.272 ] ] ], [ [ [ 142.076, -10.264 ], [ 142.075, -10.268 ], [ 142.066, -10.264 ], [ 142.076, -10.264 ] ] ], [ [ [ 142.829, -10.254 ], [ 142.834, -10.254 ], [ 142.831, -10.256 ], [ 142.829, -10.254 ] ] ], [ [ [ 142.488, -10.256 ], [ 142.48, -10.261 ], [ 142.474, -10.25 ], [ 142.488, -10.256 ] ] ], [ [ [ 142.085, -10.24 ], [ 142.084, -10.246 ], [ 142.081, -10.243 ], [ 142.085, -10.24 ] ] ], [ [ [ 142.487, -10.236 ], [ 142.488, -10.234 ], [ 142.489, -10.236 ], [ 142.487, -10.236 ] ] ], [ [ [ 142.063, -10.221 ], [ 142.064, -10.221 ], [ 142.064, -10.222 ], [ 142.063, -10.221 ] ] ], [ [ [ 142.152, -10.227 ], [ 142.149, -10.219 ], [ 142.153, -10.219 ], [ 142.152, -10.227 ] ] ], [ [ [ 142.053, -10.218 ], [ 142.054, -10.217 ], [ 142.054, -10.22 ], [ 142.053, -10.218 ] ] ], [ [ [ 142.173, -10.226 ], [ 142.169, -10.229 ], [ 142.162, -10.217 ], [ 142.173, -10.208 ], [ 142.173, -10.226 ] ] ], [ [ [ 142.827, -10.204 ], [ 142.83, -10.206 ], [ 142.819, -10.21 ], [ 142.827, -10.204 ] ] ], [ [ [ 142.148, -10.212 ], [ 142.142, -10.211 ], [ 142.147, -10.202 ], [ 142.148, -10.212 ] ] ], [ [ [ 142.166, -10.2 ], [ 142.167, -10.199 ], [ 142.17, -10.2 ], [ 142.166, -10.2 ] ] ], [ [ [ 142.116, -10.193 ], [ 142.117, -10.188 ], [ 142.118, -10.191 ], [ 142.116, -10.193 ] ] ], [ [ [ 142.132, -10.187 ], [ 142.132, -10.188 ], [ 142.131, -10.188 ], [ 142.132, -10.187 ] ] ], [ [ [ 142.13, -10.187 ], [ 142.128, -10.187 ], [ 142.128, -10.185 ], [ 142.13, -10.187 ] ] ], [ [ [ 142.518, -10.191 ], [ 142.517, -10.196 ], [ 142.504, -10.184 ], [ 142.518, -10.191 ] ] ], [ [ [ 142.168, -10.186 ], [ 142.168, -10.183 ], [ 142.17, -10.185 ], [ 142.168, -10.186 ] ] ], [ [ [ 142.172, -10.182 ], [ 142.174, -10.181 ], [ 142.175, -10.184 ], [ 142.172, -10.182 ] ] ], [ [ [ 142.175, -10.177 ], [ 142.177, -10.175 ], [ 142.178, -10.177 ], [ 142.175, -10.177 ] ] ], [ [ [ 142.679, -10.168 ], [ 142.682, -10.172 ], [ 142.673, -10.167 ], [ 142.679, -10.168 ] ] ], [ [ [ 142.513, -10.164 ], [ 142.502, -10.158 ], [ 142.503, -10.156 ], [ 142.513, -10.164 ] ] ], [ [ [ 142.825, -10.146 ], [ 142.816, -10.146 ], [ 142.818, -10.145 ], [ 142.825, -10.146 ] ] ], [ [ [ 142.345, -10.173 ], [ 142.277, -10.261 ], [ 142.185, -10.19 ], [ 142.221, -10.13 ], [ 142.345, -10.173 ] ] ], [ [ [ 142.357, -10.116 ], [ 142.357, -10.115 ], [ 142.36, -10.116 ], [ 142.357, -10.116 ] ] ], [ [ [ 142.085, -10.111 ], [ 142.086, -10.108 ], [ 142.088, -10.11 ], [ 142.085, -10.111 ] ] ], [ [ [ 142.344, -10.106 ], [ 142.344, -10.104 ], [ 142.346, -10.105 ], [ 142.344, -10.106 ] ] ], [ [ [ 142.092, -10.091 ], [ 142.09, -10.093 ], [ 142.089, -10.091 ], [ 142.092, -10.091 ] ] ], [ [ [ 142.329, -10.085 ], [ 142.324, -10.081 ], [ 142.326, -10.08 ], [ 142.329, -10.085 ] ] ], [ [ [ 142.264, -10.075 ], [ 142.264, -10.072 ], [ 142.266, -10.075 ], [ 142.264, -10.075 ] ] ], [ [ [ 142.11, -10.075 ], [ 142.111, -10.072 ], [ 142.113, -10.075 ], [ 142.11, -10.075 ] ] ], [ [ [ 142.11, -10.069 ], [ 142.11, -10.068 ], [ 142.111, -10.069 ], [ 142.11, -10.069 ] ] ], [ [ [ 142.115, -10.068 ], [ 142.114, -10.067 ], [ 142.116, -10.067 ], [ 142.115, -10.068 ] ] ], [ [ [ 142.109, -10.068 ], [ 142.11, -10.067 ], [ 142.11, -10.068 ], [ 142.109, -10.068 ] ] ], [ [ [ 142.118, -10.068 ], [ 142.117, -10.067 ], [ 142.118, -10.067 ], [ 142.118, -10.068 ] ] ], [ [ [ 142.105, -10.066 ], [ 142.106, -10.065 ], [ 142.107, -10.066 ], [ 142.105, -10.066 ] ] ], [ [ [ 142.122, -10.067 ], [ 142.119, -10.062 ], [ 142.122, -10.064 ], [ 142.122, -10.067 ] ] ], [ [ [ 142.171, -10.063 ], [ 142.169, -10.065 ], [ 142.168, -10.069 ], [ 142.167, -10.062 ], [ 142.171, -10.063 ] ] ], [ [ [ 142.188, -10.151 ], [ 142.134, -10.18 ], [ 142.086, -10.114 ], [ 142.112, -10.083 ], [ 142.113, -10.075 ], [ 142.114, -10.069 ], [ 142.146, -10.074 ], [ 142.144, -10.067 ], [ 142.169, -10.07 ], [ 142.188, -10.151 ] ] ], [ [ [ 142.102, -10.059 ], [ 142.102, -10.058 ], [ 142.103, -10.059 ], [ 142.102, -10.059 ] ] ], [ [ [ 142.108, -10.06 ], [ 142.107, -10.06 ], [ 142.107, -10.058 ], [ 142.108, -10.06 ] ] ], [ [ [ 142.163, -10.059 ], [ 142.163, -10.057 ], [ 142.165, -10.058 ], [ 142.163, -10.059 ] ] ], [ [ [ 142.161, -10.057 ], [ 142.161, -10.056 ], [ 142.162, -10.056 ], [ 142.162, -10.057 ], [ 142.161, -10.057 ] ] ], [ [ [ 142.106, -10.057 ], [ 142.107, -10.056 ], [ 142.107, -10.057 ], [ 142.106, -10.057 ] ] ], [ [ [ 142.171, -10.058 ], [ 142.172, -10.056 ], [ 142.174, -10.058 ], [ 142.171, -10.058 ] ] ], [ [ [ 142.178, -10.058 ], [ 142.175, -10.058 ], [ 142.176, -10.056 ], [ 142.178, -10.058 ] ] ], [ [ [ 142.163, -10.056 ], [ 142.162, -10.056 ], [ 142.162, -10.054 ], [ 142.163, -10.056 ] ] ], [ [ [ 142.162, -10.052 ], [ 142.162, -10.053 ], [ 142.161, -10.052 ], [ 142.162, -10.052 ] ] ], [ [ [ 142.165, -10.052 ], [ 142.166, -10.05 ], [ 142.166, -10.051 ], [ 142.165, -10.052 ] ] ], [ [ [ 142.107, -10.049 ], [ 142.109, -10.048 ], [ 142.109, -10.049 ], [ 142.107, -10.049 ] ] ], [ [ [ 142.159, -10.047 ], [ 142.158, -10.049 ], [ 142.157, -10.048 ], [ 142.159, -10.047 ] ] ], [ [ [ 142.131, -10.046 ], [ 142.131, -10.044 ], [ 142.132, -10.045 ], [ 142.131, -10.046 ] ] ], [ [ [ 142.069, -10.045 ], [ 142.07, -10.044 ], [ 142.07, -10.045 ], [ 142.069, -10.045 ] ] ], [ [ [ 142.065, -10.042 ], [ 142.066, -10.041 ], [ 142.067, -10.042 ], [ 142.065, -10.042 ] ] ], [ [ [ 142.863, -10.03 ], [ 142.863, -10.029 ], [ 142.864, -10.029 ], [ 142.863, -10.03 ] ] ], [ [ [ 142.869, -10.028 ], [ 142.87, -10.027 ], [ 142.871, -10.028 ], [ 142.869, -10.028 ] ] ], [ [ [ 142.127, -10.029 ], [ 142.129, -10.027 ], [ 142.13, -10.028 ], [ 142.127, -10.029 ] ] ], [ [ [ 142.874, -10.025 ], [ 142.873, -10.026 ], [ 142.873, -10.025 ], [ 142.874, -10.025 ] ] ], [ [ [ 142.868, -10.023 ], [ 142.87, -10.023 ], [ 142.87, -10.025 ], [ 142.868, -10.023 ] ] ], [ [ [ 142.866, -10.023 ], [ 142.867, -10.022 ], [ 142.867, -10.023 ], [ 142.866, -10.023 ] ] ], [ [ [ 142.119, -10.023 ], [ 142.119, -10.02 ], [ 142.122, -10.02 ], [ 142.119, -10.023 ] ] ], [ [ [ 142.869, -10.038 ], [ 142.858, -10.054 ], [ 142.827, -10.03 ], [ 142.869, -10.038 ] ] ], [ [ [ 142.123, -10.016 ], [ 142.124, -10.016 ], [ 142.124, -10.018 ], [ 142.123, -10.016 ] ] ], [ [ [ 142.24, -9.976 ], [ 142.24, -9.978 ], [ 142.237, -9.977 ], [ 142.24, -9.976 ] ] ], [ [ [ 142.209, -9.963 ], [ 142.209, -9.962 ], [ 142.21, -9.962 ], [ 142.209, -9.963 ] ] ], [ [ [ 142.212, -9.96 ], [ 142.21, -9.962 ], [ 142.21, -9.96 ], [ 142.212, -9.96 ] ] ], [ [ [ 142.171, -9.962 ], [ 142.169, -9.961 ], [ 142.17, -9.96 ], [ 142.171, -9.962 ] ] ], [ [ [ 142.21, -9.96 ], [ 142.209, -9.96 ], [ 142.209, -9.959 ], [ 142.21, -9.959 ], [ 142.21, -9.96 ] ] ], [ [ [ 142.163, -9.959 ], [ 142.16, -9.956 ], [ 142.162, -9.955 ], [ 142.163, -9.959 ] ] ], [ [ [ 142.209, -9.954 ], [ 142.212, -9.958 ], [ 142.208, -9.955 ], [ 142.208, -9.952 ], [ 142.209, -9.954 ] ] ], [ [ [ 142.212, -9.951 ], [ 142.209, -9.951 ], [ 142.211, -9.949 ], [ 142.212, -9.951 ] ] ], [ [ [ 142.173, -9.945 ], [ 142.173, -9.944 ], [ 142.175, -9.944 ], [ 142.173, -9.945 ] ] ], [ [ [ 142.201, -9.953 ], [ 142.177, -9.973 ], [ 142.173, -9.96 ], [ 142.164, -9.951 ], [ 142.201, -9.953 ] ] ], [ [ [ 142.165, -9.946 ], [ 142.165, -9.948 ], [ 142.156, -9.945 ], [ 142.165, -9.946 ] ] ], [ [ [ 142.171, -9.943 ], [ 142.169, -9.941 ], [ 142.173, -9.939 ], [ 142.171, -9.943 ] ] ], [ [ [ 142.179, -9.937 ], [ 142.177, -9.937 ], [ 142.177, -9.936 ], [ 142.179, -9.937 ] ] ], [ [ [ 142.163, -9.935 ], [ 142.163, -9.934 ], [ 142.164, -9.935 ], [ 142.163, -9.935 ] ] ], [ [ [ 142.157, -9.932 ], [ 142.157, -9.93 ], [ 142.158, -9.93 ], [ 142.157, -9.932 ] ] ], [ [ [ 142.77, -9.898 ], [ 142.781, -9.896 ], [ 142.783, -9.905 ], [ 142.768, -9.905 ], [ 142.77, -9.898 ] ] ], [ [ [ 142.773, -9.895 ], [ 142.77, -9.897 ], [ 142.77, -9.894 ], [ 142.773, -9.895 ] ] ], [ [ [ 142.942, -9.854 ], [ 142.949, -9.855 ], [ 142.904, -9.865 ], [ 142.942, -9.854 ] ] ], [ [ [ 142.717, -9.836 ], [ 142.715, -9.838 ], [ 142.708, -9.833 ], [ 142.717, -9.836 ] ] ], [ [ [ 141.422, -9.822 ], [ 141.419, -9.821 ], [ 141.423, -9.821 ], [ 141.424, -9.821 ], [ 141.422, -9.822 ] ] ], [ [ [ 142.971, -9.802 ], [ 142.976, -9.795 ], [ 142.977, -9.807 ], [ 142.971, -9.802 ] ] ], [ [ [ 142.649, -9.772 ], [ 142.623, -9.773 ], [ 142.628, -9.758 ], [ 142.649, -9.772 ] ] ], [ [ [ 141.568, -9.613 ], [ 141.566, -9.612 ], [ 141.572, -9.609 ], [ 141.568, -9.613 ] ] ], [ [ [ 141.56, -9.62 ], [ 141.56, -9.615 ], [ 141.569, -9.617 ], [ 141.577, -9.607 ], [ 141.575, -9.615 ], [ 141.567, -9.619 ], [ 141.56, -9.62 ] ] ], [ [ [ 142.314, -9.56 ], [ 142.32, -9.569 ], [ 142.258, -9.556 ], [ 142.314, -9.56 ] ] ], [ [ [ 141.568, -9.523 ], [ 141.57, -9.511 ], [ 141.573, -9.52 ], [ 141.568, -9.523 ] ] ], [ [ [ 142.552, -9.42 ], [ 142.531, -9.436 ], [ 142.527, -9.414 ], [ 142.552, -9.42 ] ] ], [ [ [ 142.632, -9.369 ], [ 142.629, -9.368 ], [ 142.63, -9.367 ], [ 142.632, -9.369 ] ] ], [ [ [ 142.708, -9.382 ], [ 142.757, -9.369 ], [ 142.801, -9.381 ], [ 142.709, -9.429 ], [ 142.598, -9.407 ], [ 142.708, -9.382 ] ] ], [ [ [ 142.663, -9.362 ], [ 142.67, -9.363 ], [ 142.668, -9.366 ], [ 142.663, -9.362 ] ] ], [ [ [ 142.699, -9.377 ], [ 142.667, -9.37 ], [ 142.69, -9.359 ], [ 142.699, -9.377 ] ] ], [ [ [ 142.148, -9.233 ], [ 142.149, -9.233 ], [ 142.149, -9.235 ], [ 142.148, -9.233 ] ] ], [ [ [ 142.15, -9.231 ], [ 142.151, -9.23 ], [ 142.151, -9.232 ], [ 142.15, -9.231 ] ] ], [ [ [ 142.286, -9.284 ], [ 142.132, -9.267 ], [ 142.14, -9.257 ], [ 142.223, -9.23 ], [ 142.286, -9.284 ] ] ], [ [ [ 142.155, -9.23 ], [ 142.157, -9.228 ], [ 142.157, -9.232 ], [ 142.155, -9.23 ] ] ], [ [ [ 142.151, -9.229 ], [ 142.153, -9.227 ], [ 142.153, -9.229 ], [ 142.151, -9.229 ] ] ], [ [ [ 142.16, -9.231 ], [ 142.154, -9.238 ], [ 142.153, -9.237 ], [ 142.157, -9.232 ], [ 142.16, -9.231 ] ] ], [ [ [ 142.149, -9.23 ], [ 142.144, -9.231 ], [ 142.144, -9.226 ], [ 142.149, -9.23 ] ] ], [ [ [ 142.155, -9.225 ], [ 142.158, -9.225 ], [ 142.157, -9.228 ], [ 142.155, -9.225 ] ] ], [ [ [ 142.188, -9.233 ], [ 142.156, -9.247 ], [ 142.16, -9.231 ], [ 142.162, -9.225 ], [ 142.188, -9.233 ] ] ], [ [ [ 142.145, -9.223 ], [ 142.153, -9.223 ], [ 142.152, -9.225 ], [ 142.145, -9.223 ] ] ], [ [ [ 142.25, -9.229 ], [ 142.25, -9.234 ], [ 142.232, -9.222 ], [ 142.25, -9.229 ] ] ] ] } },
{ "type": "Feature", "properties": { }, "geometry": { "type": "MultiPolygon", "coordinates": [ [ [ [ 124.463, -9.299 ], [ 124.38, -9.357 ], [ 124.355, -9.485 ], [ 124.278, -9.502 ], [ 124.272, -9.412 ], [ 124.217, -9.366 ], [ 124.134, -9.426 ], [ 124.042, -9.341 ], [ 124.456, -9.169 ], [ 124.463, -9.299 ] ] ], [ [ [ 125.613, -8.538 ], [ 125.615, -8.536 ], [ 125.615, -8.532 ], [ 125.608, -8.519 ], [ 125.699, -8.537 ], [ 125.851, -8.475 ], [ 126.069, -8.523 ], [ 126.238, -8.502 ], [ 126.416, -8.415 ], [ 126.566, -8.483 ], [ 127.005, -8.324 ], [ 127.106, -8.368 ], [ 127.196, -8.336 ], [ 127.301, -8.431 ], [ 127.276, -8.441 ], [ 127.109, -8.576 ], [ 127.014, -8.684 ], [ 126.588, -8.801 ], [ 126.479, -8.947 ], [ 126.184, -8.978 ], [ 125.942, -9.133 ], [ 125.591, -9.189 ], [ 125.375, -9.272 ], [ 125.088, -9.463 ], [ 125.051, -9.329 ], [ 124.994, -9.29 ], [ 125.014, -9.169 ], [ 125.097, -9.202 ], [ 125.196, -9.157 ], [ 125.187, -9.029 ], [ 125.113, -8.967 ], [ 125.001, -9.064 ], [ 124.932, -9.028 ], [ 125.006, -8.863 ], [ 125.096, -8.798 ], [ 125.123, -8.64 ], [ 125.577, -8.554 ], [ 125.61, -8.544 ], [ 125.613, -8.539 ], [ 125.613, -8.538 ] ] ], [ [ [ 127.342, -8.433 ], [ 127.329, -8.448 ], [ 127.308, -8.429 ], [ 127.342, -8.433 ] ] ], [ [ [ 125.599, -8.285 ], [ 125.528, -8.296 ], [ 125.504, -8.259 ], [ 125.637, -8.132 ], [ 125.599, -8.285 ] ] ] ] } },
{ "type": "Feature", "properties": { }, "geometry": { "type": "MultiPolygon", "coordinates": [ [ [ [ 142.722, -9.309 ], [ 142.725, -9.309 ], [ 142.722, -9.311 ], [ 142.718, -9.31 ], [ 142.722, -9.309 ] ] ], [ [ [ 142.771, -9.28 ], [ 142.772, -9.278 ], [ 142.774, -9.281 ], [ 142.771, -9.28 ] ] ], [ [ [ 142.746, -9.28 ], [ 142.744, -9.277 ], [ 142.749, -9.278 ], [ 142.746, -9.28 ] ] ], [ [ [ 142.741, -9.277 ], [ 142.742, -9.275 ], [ 142.743, -9.277 ], [ 142.741, -9.277 ] ] ], [ [ [ 142.309, -9.206 ], [ 142.316, -9.214 ], [ 142.306, -9.219 ], [ 142.27, -9.191 ], [ 142.309, -9.206 ] ] ], [ [ [ 142.063, -9.202 ], [ 142.029, -9.198 ], [ 142.029, -9.191 ], [ 142.063, -9.202 ] ] ], [ [ [ 142.022, -9.191 ], [ 141.966, -9.2 ], [ 141.974, -9.184 ], [ 142.022, -9.191 ] ] ], [ [ [ 142.02, -9.186 ], [ 142.014, -9.179 ], [ 142.033, -9.182 ], [ 142.02, -9.186 ] ] ], [ [ [ 142.984, -8.402 ], [ 142.978, -8.389 ], [ 143.0, -8.39 ], [ 142.984, -8.402 ] ] ], [ [ [ 142.956, -8.349 ], [ 142.957, -8.346 ], [ 142.962, -8.347 ], [ 142.956, -8.349 ] ] ], [ [ [ 142.942, -8.348 ], [ 142.932, -8.344 ], [ 142.949, -8.346 ], [ 142.942, -8.348 ] ] ], [ [ [ 142.785, -8.335 ], [ 142.784, -8.332 ], [ 142.798, -8.34 ], [ 142.785, -8.335 ] ] ], [ [ [ 142.435, -8.33 ], [ 142.427, -8.322 ], [ 142.432, -8.321 ], [ 142.435, -8.33 ] ] ], [ [ [ 142.943, -8.332 ], [ 142.951, -8.34 ], [ 142.907, -8.327 ], [ 142.943, -8.332 ] ] ], [ [ [ 142.209, -8.201 ], [ 142.212, -8.203 ], [ 142.21, -8.206 ], [ 142.209, -8.201 ] ] ], [ [ [ 142.218, -8.196 ], [ 142.219, -8.196 ], [ 142.219, -8.197 ], [ 142.218, -8.196 ] ] ], [ [ [ 142.211, -8.199 ], [ 142.217, -8.195 ], [ 142.217, -8.199 ], [ 142.211, -8.199 ] ] ], [ [ [ 142.22, -8.194 ], [ 142.222, -8.194 ], [ 142.222, -8.196 ], [ 142.22, -8.194 ] ] ], [ [ [ 142.224, -8.193 ], [ 142.225, -8.193 ], [ 142.225, -8.194 ], [ 142.224, -8.193 ] ] ], [ [ [ 142.236, -8.169 ], [ 142.244, -8.168 ], [ 142.242, -8.176 ], [ 142.236, -8.169 ] ] ], [ [ [ 142.247, -8.168 ], [ 142.271, -8.163 ], [ 142.269, -8.167 ], [ 142.247, -8.168 ] ] ], [ [ [ 142.481, -3.144 ], [ 142.49, -3.14 ], [ 142.49, -3.149 ], [ 142.481, -3.144 ] ] ], [ [ [ 142.466, -3.133 ], [ 142.464, -3.133 ], [ 142.471, -3.121 ], [ 142.466, -3.133 ] ] ], [ [ [ 142.401, -3.123 ], [ 142.397, -3.129 ], [ 142.394, -3.121 ], [ 142.401, -3.123 ] ] ], [ [ [ 141.306, -2.668 ], [ 141.875, -2.971 ], [ 141.989, -2.963 ], [ 142.171, -3.088 ], [ 142.345, -3.123 ], [ 142.527, -3.23 ], [ 143.0, -3.347 ], [ 143.0, -8.331 ], [ 142.698, -8.263 ], [ 142.489, -8.326 ], [ 142.427, -8.299 ], [ 142.405, -8.183 ], [ 142.35, -8.145 ], [ 142.246, -8.155 ], [ 142.217, -8.171 ], [ 142.19, -8.198 ], [ 142.203, -8.209 ], [ 142.36, -8.182 ], [ 142.387, -8.311 ], [ 142.449, -8.368 ], [ 142.759, -8.314 ], [ 142.796, -8.345 ], [ 142.935, -8.424 ], [ 143.0, -8.438 ], [ 143.0, -9.111 ], [ 142.64, -9.332 ], [ 142.295, -9.195 ], [ 142.214, -9.145 ], [ 142.223, -9.085 ], [ 142.171, -9.158 ], [ 141.96, -9.171 ], [ 141.915, -9.199 ], [ 141.626, -9.212 ], [ 141.326, -9.137 ], [ 141.166, -9.234 ], [ 141.021, -9.131 ], [ 141.022, -6.892 ], [ 140.954, -6.91 ], [ 140.954, -6.857 ], [ 140.897, -6.843 ], [ 140.901, -6.753 ], [ 140.846, -6.719 ], [ 140.877, -6.621 ], [ 140.842, -6.612 ], [ 140.937, -6.562 ], [ 140.921, -6.502 ], [ 140.96, -6.486 ], [ 140.917, -6.423 ], [ 140.953, -6.434 ], [ 140.96, -6.326 ], [ 141.002, -6.324 ], [ 141.002, -2.605 ], [ 141.306, -2.668 ] ] ], [ [ [ 142.875, -1.749 ], [ 142.83, -1.761 ], [ 142.831, -1.72 ], [ 142.875, -1.749 ] ] ], [ [ [ 142.816, -1.711 ], [ 142.815, -1.709 ], [ 142.818, -1.711 ], [ 142.816, -1.711 ] ] ] ] } },
{ "type": "Feature", "properties": { }, "geometry": { "type": "MultiPolygon", "coordinates": [ [ [ [ 115.053, 4.813 ], [ 115.054, 4.795 ], [ 115.039, 4.797 ], [ 115.053, 4.813 ] ] ], [ [ [ 115.098, 4.876 ], [ 115.097, 4.878 ], [ 115.099, 4.878 ], [ 115.098, 4.876 ] ] ], [ [ [ 115.05, 4.89 ], [ 115.034, 4.883 ], [ 115.037, 4.89 ], [ 115.05, 4.89 ] ] ], [ [ [ 115.044, 4.902 ], [ 115.036, 4.898 ], [ 115.04, 4.91 ], [ 115.044, 4.902 ] ] ], [ [ [ 115.261, 4.727 ], [ 115.273, 4.448 ], [ 115.364, 4.345 ], [ 115.323, 4.296 ], [ 115.237, 4.368 ], [ 115.09, 4.388 ], [ 115.022, 4.749 ], [ 115.118, 4.856 ], [ 115.099, 4.892 ], [ 115.156, 4.907 ], [ 115.261, 4.727 ] ] ], [ [ [ 115.048, 4.919 ], [ 115.043, 4.911 ], [ 115.048, 4.924 ], [ 115.048, 4.919 ] ] ], [ [ [ 115.025, 4.931 ], [ 115.026, 4.931 ], [ 115.025, 4.929 ], [ 115.025, 4.931 ] ] ], [ [ [ 115.027, 4.948 ], [ 115.03, 4.95 ], [ 115.03, 4.948 ], [ 115.027, 4.948 ] ] ], [ [ [ 114.811, 4.95 ], [ 114.809, 4.952 ], [ 114.812, 4.952 ], [ 114.811, 4.95 ] ] ], [ [ [ 115.043, 4.981 ], [ 115.046, 4.982 ], [ 115.045, 4.978 ], [ 115.043, 4.981 ] ] ], [ [ [ 115.061, 4.982 ], [ 115.064, 4.982 ], [ 115.064, 4.979 ], [ 115.061, 4.982 ] ] ], [ [ [ 115.041, 4.995 ], [ 115.041, 4.996 ], [ 115.042, 4.996 ], [ 115.041, 4.998 ], [ 115.044, 4.997 ], [ 115.043, 4.996 ], [ 115.041, 4.995 ] ] ], [ [ [ 115.041, 4.999 ], [ 115.041, 5.0 ], [ 115.042, 5.0 ], [ 115.041, 4.999 ] ] ], [ [ [ 115.123, 5.012 ], [ 115.133, 4.999 ], [ 115.076, 5.018 ], [ 115.123, 5.012 ] ] ], [ [ [ 115.137, 5.041 ], [ 115.097, 5.038 ], [ 115.099, 5.041 ], [ 115.137, 5.041 ] ] ], [ [ [ 115.093, 5.04 ], [ 115.036, 5.001 ], [ 114.971, 4.808 ], [ 114.898, 4.816 ], [ 114.777, 4.729 ], [ 114.827, 4.434 ], [ 114.883, 4.423 ], [ 114.814, 4.251 ], [ 114.858, 4.271 ], [ 114.724, 4.048 ], [ 114.611, 4.003 ], [ 114.45, 4.279 ], [ 114.317, 4.264 ], [ 114.333, 4.349 ], [ 114.26, 4.507 ], [ 114.076, 4.587 ], [ 114.45, 4.667 ], [ 114.817, 4.94 ], [ 114.812, 4.952 ], [ 114.81, 4.958 ], [ 115.093, 5.04 ] ] ] ] } },
{ "type": "Feature", "properties": { }, "geometry": { "type": "MultiPolygon", "coordinates": [ [ [ [ 131.12, 3.008 ], [ 131.127, 3.013 ], [ 131.128, 3.009 ], [ 131.12, 3.008 ] ] ], [ [ [ 132.308, 4.313 ], [ 132.313, 4.324 ], [ 132.314, 4.309 ], [ 132.308, 4.313 ] ] ], [ [ [ 131.948, 4.656 ], [ 131.955, 4.658 ], [ 131.956, 4.656 ], [ 131.948, 4.656 ] ] ], [ [ [ 132.219, 5.327 ], [ 132.224, 5.335 ], [ 132.227, 5.331 ], [ 132.219, 5.327 ] ] ], [ [ [ 132.224, 5.354 ], [ 132.228, 5.358 ], [ 132.231, 5.352 ], [ 132.224, 5.354 ] ] ], [ [ [ 134.146, 6.919 ], [ 134.153, 6.914 ], [ 134.154, 6.91 ], [ 134.122, 6.89 ], [ 134.146, 6.919 ] ] ], [ [ [ 134.27, 7.016 ], [ 134.27, 7.018 ], [ 134.271, 7.017 ], [ 134.27, 7.016 ] ] ], [ [ [ 134.263, 7.027 ], [ 134.264, 7.029 ], [ 134.265, 7.027 ], [ 134.263, 7.027 ] ] ], [ [ [ 134.297, 7.037 ], [ 134.298, 7.035 ], [ 134.295, 7.036 ], [ 134.297, 7.037 ] ] ], [ [ [ 134.245, 7.013 ], [ 134.279, 7.023 ], [ 134.268, 7.018 ], [ 134.252, 6.995 ], [ 134.233, 6.988 ], [ 134.224, 6.974 ], [ 134.223, 7.011 ], [ 134.269, 7.049 ], [ 134.245, 7.013 ] ] ], [ [ [ 134.267, 7.062 ], [ 134.27, 7.059 ], [ 134.27, 7.057 ], [ 134.259, 7.054 ], [ 134.267, 7.062 ] ] ], [ [ [ 134.283, 7.065 ], [ 134.281, 7.066 ], [ 134.283, 7.067 ], [ 134.283, 7.065 ] ] ], [ [ [ 134.271, 7.058 ], [ 134.27, 7.059 ], [ 134.274, 7.066 ], [ 134.271, 7.058 ] ] ], [ [ [ 134.266, 7.089 ], [ 134.27, 7.089 ], [ 134.261, 7.087 ], [ 134.263, 7.089 ], [ 134.264, 7.089 ], [ 134.265, 7.089 ], [ 134.266, 7.089 ] ] ], [ [ [ 134.271, 7.09 ], [ 134.271, 7.089 ], [ 134.27, 7.089 ], [ 134.27, 7.09 ], [ 134.271, 7.09 ] ] ], [ [ [ 134.266, 7.091 ], [ 134.261, 7.09 ], [ 134.266, 7.094 ], [ 134.266, 7.091 ] ] ], [ [ [ 134.27, 7.095 ], [ 134.268, 7.094 ], [ 134.267, 7.095 ], [ 134.27, 7.095 ] ] ], [ [ [ 134.286, 7.09 ], [ 134.271, 7.09 ], [ 134.271, 7.091 ], [ 134.272, 7.092 ], [ 134.273, 7.094 ], [ 134.274, 7.094 ], [ 134.274, 7.095 ], [ 134.275, 7.096 ], [ 134.275, 7.097 ], [ 134.286, 7.09 ] ] ], [ [ [ 134.248, 7.109 ], [ 134.244, 7.109 ], [ 134.241, 7.103 ], [ 134.243, 7.115 ], [ 134.248, 7.109 ] ] ], [ [ [ 134.247, 7.102 ], [ 134.244, 7.106 ], [ 134.248, 7.109 ], [ 134.257, 7.116 ], [ 134.247, 7.102 ] ] ], [ [ [ 134.359, 7.112 ], [ 134.36, 7.121 ], [ 134.362, 7.117 ], [ 134.359, 7.112 ] ] ], [ [ [ 134.257, 7.119 ], [ 134.258, 7.121 ], [ 134.259, 7.12 ], [ 134.257, 7.119 ] ] ], [ [ [ 134.242, 7.115 ], [ 134.237, 7.119 ], [ 134.236, 7.123 ], [ 134.236, 7.125 ], [ 134.237, 7.125 ], [ 134.242, 7.115 ] ] ], [ [ [ 134.237, 7.13 ], [ 134.236, 7.125 ], [ 134.229, 7.133 ], [ 134.237, 7.13 ] ] ], [ [ [ 134.225, 7.137 ], [ 134.227, 7.139 ], [ 134.226, 7.137 ], [ 134.225, 7.137 ] ] ], [ [ [ 134.351, 7.14 ], [ 134.351, 7.139 ], [ 134.349, 7.14 ], [ 134.351, 7.14 ] ] ], [ [ [ 134.362, 7.14 ], [ 134.358, 7.141 ], [ 134.363, 7.142 ], [ 134.362, 7.14 ] ] ], [ [ [ 134.23, 7.142 ], [ 134.231, 7.143 ], [ 134.231, 7.141 ], [ 134.23, 7.142 ] ] ], [ [ [ 134.372, 7.143 ], [ 134.37, 7.144 ], [ 134.371, 7.145 ], [ 134.372, 7.143 ] ] ], [ [ [ 134.236, 7.143 ], [ 134.235, 7.144 ], [ 134.237, 7.145 ], [ 134.236, 7.143 ] ] ], [ [ [ 134.371, 7.146 ], [ 134.369, 7.146 ], [ 134.37, 7.147 ], [ 134.371, 7.146 ] ] ], [ [ [ 134.32, 7.142 ], [ 134.315, 7.14 ], [ 134.319, 7.143 ], [ 134.318, 7.148 ], [ 134.321, 7.147 ], [ 134.32, 7.142 ] ] ], [ [ [ 134.344, 7.15 ], [ 134.344, 7.152 ], [ 134.345, 7.151 ], [ 134.344, 7.15 ] ] ], [ [ [ 134.319, 7.149 ], [ 134.318, 7.15 ], [ 134.319, 7.152 ], [ 134.319, 7.149 ] ] ], [ [ [ 134.339, 7.149 ], [ 134.337, 7.15 ], [ 134.337, 7.152 ], [ 134.339, 7.149 ] ] ], [ [ [ 134.343, 7.15 ], [ 134.343, 7.148 ], [ 134.34, 7.151 ], [ 134.34, 7.154 ], [ 134.343, 7.15 ] ] ], [ [ [ 134.317, 7.151 ], [ 134.314, 7.147 ], [ 134.317, 7.155 ], [ 134.317, 7.151 ] ] ], [ [ [ 134.337, 7.154 ], [ 134.337, 7.155 ], [ 134.338, 7.154 ], [ 134.337, 7.154 ] ] ], [ [ [ 134.342, 7.154 ], [ 134.343, 7.152 ], [ 134.34, 7.154 ], [ 134.339, 7.156 ], [ 134.342, 7.154 ] ] ], [ [ [ 134.341, 7.16 ], [ 134.342, 7.161 ], [ 134.343, 7.16 ], [ 134.341, 7.16 ] ] ], [ [ [ 134.36, 7.16 ], [ 134.36, 7.161 ], [ 134.361, 7.16 ], [ 134.36, 7.16 ] ] ], [ [ [ 134.363, 7.161 ], [ 134.364, 7.162 ], [ 134.365, 7.161 ], [ 134.363, 7.161 ] ] ], [ [ [ 134.355, 7.163 ], [ 134.356, 7.165 ], [ 134.358, 7.161 ], [ 134.355, 7.163 ] ] ], [ [ [ 134.366, 7.167 ], [ 134.366, 7.168 ], [ 134.367, 7.168 ], [ 134.367, 7.167 ], [ 134.366, 7.167 ] ] ], [ [ [ 134.339, 7.165 ], [ 134.341, 7.165 ], [ 134.341, 7.161 ], [ 134.337, 7.166 ], [ 134.339, 7.165 ] ] ], [ [ [ 134.358, 7.169 ], [ 134.356, 7.167 ], [ 134.355, 7.169 ], [ 134.358, 7.169 ] ] ], [ [ [ 134.367, 7.17 ], [ 134.365, 7.169 ], [ 134.365, 7.17 ], [ 134.367, 7.17 ] ] ], [ [ [ 134.358, 7.171 ], [ 134.358, 7.172 ], [ 134.359, 7.172 ], [ 134.358, 7.171 ] ] ], [ [ [ 134.339, 7.171 ], [ 134.338, 7.168 ], [ 134.336, 7.172 ], [ 134.339, 7.171 ] ] ], [ [ [ 134.373, 7.171 ], [ 134.374, 7.173 ], [ 134.374, 7.171 ], [ 134.373, 7.171 ] ] ], [ [ [ 134.243, 7.172 ], [ 134.242, 7.173 ], [ 134.243, 7.173 ], [ 134.243, 7.172 ] ] ], [ [ [ 134.339, 7.172 ], [ 134.34, 7.173 ], [ 134.34, 7.172 ], [ 134.339, 7.172 ] ] ], [ [ [ 134.368, 7.17 ], [ 134.369, 7.174 ], [ 134.371, 7.167 ], [ 134.368, 7.17 ] ] ], [ [ [ 134.264, 7.174 ], [ 134.265, 7.175 ], [ 134.265, 7.174 ], [ 134.265, 7.173 ], [ 134.264, 7.174 ] ] ], [ [ [ 134.362, 7.173 ], [ 134.362, 7.174 ], [ 134.363, 7.174 ], [ 134.362, 7.173 ] ] ], [ [ [ 134.256, 7.172 ], [ 134.256, 7.174 ], [ 134.257, 7.172 ], [ 134.256, 7.172 ] ] ], [ [ [ 134.343, 7.175 ], [ 134.356, 7.156 ], [ 134.378, 7.165 ], [ 134.38, 7.165 ], [ 134.378, 7.19 ], [ 134.385, 7.136 ], [ 134.376, 7.144 ], [ 134.371, 7.15 ], [ 134.344, 7.146 ], [ 134.345, 7.151 ], [ 134.346, 7.153 ], [ 134.347, 7.156 ], [ 134.345, 7.158 ], [ 134.342, 7.163 ], [ 134.345, 7.162 ], [ 134.345, 7.168 ], [ 134.342, 7.17 ], [ 134.343, 7.174 ], [ 134.343, 7.175 ] ] ], [ [ [ 134.27, 7.173 ], [ 134.269, 7.174 ], [ 134.267, 7.174 ], [ 134.269, 7.176 ], [ 134.271, 7.177 ], [ 134.271, 7.18 ], [ 134.273, 7.176 ], [ 134.272, 7.175 ], [ 134.27, 7.173 ] ] ], [ [ [ 134.339, 7.174 ], [ 134.339, 7.175 ], [ 134.34, 7.174 ], [ 134.339, 7.174 ] ] ], [ [ [ 134.274, 7.175 ], [ 134.273, 7.176 ], [ 134.275, 7.176 ], [ 134.274, 7.175 ] ] ], [ [ [ 134.258, 7.174 ], [ 134.258, 7.176 ], [ 134.26, 7.173 ], [ 134.258, 7.174 ] ] ], [ [ [ 134.261, 7.176 ], [ 134.261, 7.177 ], [ 134.262, 7.176 ], [ 134.261, 7.176 ] ] ], [ [ [ 134.339, 7.175 ], [ 134.339, 7.178 ], [ 134.34, 7.176 ], [ 134.339, 7.175 ] ] ], [ [ [ 134.374, 7.179 ], [ 134.375, 7.179 ], [ 134.375, 7.178 ], [ 134.374, 7.179 ] ] ], [ [ [ 134.267, 7.182 ], [ 134.267, 7.183 ], [ 134.27, 7.181 ], [ 134.267, 7.182 ] ] ], [ [ [ 134.262, 7.18 ], [ 134.264, 7.178 ], [ 134.268, 7.179 ], [ 134.269, 7.176 ], [ 134.267, 7.176 ], [ 134.263, 7.177 ], [ 134.264, 7.176 ], [ 134.264, 7.174 ], [ 134.264, 7.172 ], [ 134.258, 7.17 ], [ 134.263, 7.173 ], [ 134.262, 7.176 ], [ 134.261, 7.179 ], [ 134.261, 7.18 ], [ 134.262, 7.18 ] ] ], [ [ [ 134.374, 7.18 ], [ 134.374, 7.179 ], [ 134.371, 7.171 ], [ 134.37, 7.184 ], [ 134.374, 7.18 ] ] ], [ [ [ 134.239, 7.186 ], [ 134.237, 7.189 ], [ 134.238, 7.189 ], [ 134.239, 7.186 ] ] ], [ [ [ 134.386, 7.189 ], [ 134.385, 7.19 ], [ 134.386, 7.191 ], [ 134.386, 7.189 ] ] ], [ [ [ 134.38, 7.189 ], [ 134.381, 7.191 ], [ 134.382, 7.19 ], [ 134.38, 7.189 ] ] ], [ [ [ 134.241, 7.189 ], [ 134.239, 7.191 ], [ 134.241, 7.191 ], [ 134.241, 7.189 ] ] ], [ [ [ 134.348, 7.19 ], [ 134.347, 7.187 ], [ 134.347, 7.191 ], [ 134.348, 7.191 ], [ 134.348, 7.19 ] ] ], [ [ [ 134.378, 7.19 ], [ 134.377, 7.19 ], [ 134.377, 7.192 ], [ 134.378, 7.191 ], [ 134.378, 7.19 ] ] ], [ [ [ 134.351, 7.193 ], [ 134.351, 7.194 ], [ 134.352, 7.193 ], [ 134.351, 7.193 ] ] ], [ [ [ 134.37, 7.196 ], [ 134.37, 7.198 ], [ 134.371, 7.199 ], [ 134.37, 7.196 ] ] ], [ [ [ 134.369, 7.192 ], [ 134.367, 7.194 ], [ 134.366, 7.194 ], [ 134.367, 7.195 ], [ 134.369, 7.198 ], [ 134.37, 7.196 ], [ 134.369, 7.192 ] ] ], [ [ [ 134.36, 7.185 ], [ 134.361, 7.189 ], [ 134.36, 7.189 ], [ 134.359, 7.191 ], [ 134.362, 7.19 ], [ 134.363, 7.192 ], [ 134.366, 7.194 ], [ 134.36, 7.185 ] ] ], [ [ [ 134.377, 7.199 ], [ 134.378, 7.201 ], [ 134.378, 7.197 ], [ 134.377, 7.199 ] ] ], [ [ [ 134.375, 7.207 ], [ 134.374, 7.205 ], [ 134.372, 7.211 ], [ 134.375, 7.207 ] ] ], [ [ [ 134.384, 7.215 ], [ 134.383, 7.215 ], [ 134.383, 7.216 ], [ 134.384, 7.215 ] ] ], [ [ [ 134.376, 7.216 ], [ 134.377, 7.219 ], [ 134.378, 7.217 ], [ 134.376, 7.216 ] ] ], [ [ [ 134.388, 7.222 ], [ 134.389, 7.222 ], [ 134.388, 7.221 ], [ 134.388, 7.222 ] ] ], [ [ [ 134.397, 7.221 ], [ 134.396, 7.22 ], [ 134.395, 7.223 ], [ 134.397, 7.221 ] ] ], [ [ [ 134.368, 7.226 ], [ 134.369, 7.224 ], [ 134.366, 7.225 ], [ 134.368, 7.226 ] ] ], [ [ [ 134.375, 7.232 ], [ 134.376, 7.233 ], [ 134.376, 7.232 ], [ 134.375, 7.232 ] ] ], [ [ [ 134.374, 7.234 ], [ 134.374, 7.238 ], [ 134.375, 7.237 ], [ 134.374, 7.234 ] ] ], [ [ [ 134.372, 7.238 ], [ 134.372, 7.243 ], [ 134.374, 7.239 ], [ 134.372, 7.238 ] ] ], [ [ [ 134.375, 7.246 ], [ 134.376, 7.246 ], [ 134.376, 7.245 ], [ 134.375, 7.246 ] ] ], [ [ [ 134.382, 7.245 ], [ 134.383, 7.247 ], [ 134.384, 7.245 ], [ 134.382, 7.245 ] ] ], [ [ [ 134.382, 7.245 ], [ 134.377, 7.243 ], [ 134.377, 7.247 ], [ 134.382, 7.245 ] ] ], [ [ [ 134.368, 7.251 ], [ 134.369, 7.252 ], [ 134.372, 7.246 ], [ 134.368, 7.245 ], [ 134.368, 7.248 ], [ 134.368, 7.25 ], [ 134.368, 7.251 ] ] ], [ [ [ 134.39, 7.249 ], [ 134.387, 7.247 ], [ 134.386, 7.251 ], [ 134.39, 7.249 ] ] ], [ [ [ 134.374, 7.253 ], [ 134.378, 7.249 ], [ 134.375, 7.247 ], [ 134.374, 7.248 ], [ 134.372, 7.251 ], [ 134.374, 7.253 ] ] ], [ [ [ 134.392, 7.254 ], [ 134.39, 7.256 ], [ 134.393, 7.257 ], [ 134.392, 7.254 ] ] ], [ [ [ 134.394, 7.258 ], [ 134.394, 7.26 ], [ 134.395, 7.26 ], [ 134.394, 7.258 ] ] ], [ [ [ 134.387, 7.262 ], [ 134.388, 7.263 ], [ 134.388, 7.262 ], [ 134.387, 7.262 ] ] ], [ [ [ 134.39, 7.255 ], [ 134.385, 7.255 ], [ 134.383, 7.248 ], [ 134.379, 7.262 ], [ 134.39, 7.255 ] ] ], [ [ [ 134.368, 7.264 ], [ 134.369, 7.265 ], [ 134.369, 7.264 ], [ 134.368, 7.264 ] ] ], [ [ [ 134.415, 7.263 ], [ 134.418, 7.265 ], [ 134.418, 7.263 ], [ 134.415, 7.263 ] ] ], [ [ [ 134.432, 7.265 ], [ 134.432, 7.266 ], [ 134.433, 7.265 ], [ 134.432, 7.265 ] ] ], [ [ [ 134.396, 7.265 ], [ 134.396, 7.266 ], [ 134.397, 7.265 ], [ 134.396, 7.265 ] ] ], [ [ [ 134.358, 7.264 ], [ 134.36, 7.266 ], [ 134.36, 7.264 ], [ 134.358, 7.264 ] ] ], [ [ [ 134.428, 7.267 ], [ 134.423, 7.267 ], [ 134.426, 7.268 ], [ 134.428, 7.267 ] ] ], [ [ [ 134.423, 7.266 ], [ 134.421, 7.266 ], [ 134.423, 7.267 ], [ 134.423, 7.266 ] ] ], [ [ [ 134.373, 7.268 ], [ 134.374, 7.269 ], [ 134.374, 7.268 ], [ 134.373, 7.268 ] ] ], [ [ [ 134.369, 7.269 ], [ 134.366, 7.264 ], [ 134.367, 7.268 ], [ 134.369, 7.27 ], [ 134.369, 7.269 ] ] ], [ [ [ 134.352, 7.269 ], [ 134.353, 7.268 ], [ 134.351, 7.269 ], [ 134.351, 7.27 ], [ 134.352, 7.269 ] ] ], [ [ [ 134.38, 7.265 ], [ 134.374, 7.27 ], [ 134.375, 7.271 ], [ 134.376, 7.27 ], [ 134.38, 7.265 ] ] ], [ [ [ 134.447, 7.269 ], [ 134.448, 7.271 ], [ 134.449, 7.271 ], [ 134.447, 7.269 ] ] ], [ [ [ 134.398, 7.268 ], [ 134.397, 7.267 ], [ 134.397, 7.271 ], [ 134.398, 7.268 ] ] ], [ [ [ 134.375, 7.272 ], [ 134.376, 7.273 ], [ 134.376, 7.272 ], [ 134.375, 7.272 ] ] ], [ [ [ 134.354, 7.273 ], [ 134.352, 7.272 ], [ 134.352, 7.274 ], [ 134.354, 7.273 ] ] ], [ [ [ 134.298, 7.273 ], [ 134.297, 7.275 ], [ 134.298, 7.275 ], [ 134.298, 7.273 ] ] ], [ [ [ 134.394, 7.271 ], [ 134.391, 7.275 ], [ 134.393, 7.277 ], [ 134.394, 7.271 ] ] ], [ [ [ 134.404, 7.275 ], [ 134.404, 7.278 ], [ 134.407, 7.276 ], [ 134.404, 7.275 ] ] ], [ [ [ 134.392, 7.267 ], [ 134.383, 7.264 ], [ 134.381, 7.264 ], [ 134.38, 7.269 ], [ 134.377, 7.273 ], [ 134.392, 7.267 ] ] ], [ [ [ 134.292, 7.276 ], [ 134.294, 7.275 ], [ 134.297, 7.273 ], [ 134.295, 7.273 ], [ 134.29, 7.276 ], [ 134.292, 7.276 ] ] ], [ [ [ 134.335, 7.267 ], [ 134.34, 7.258 ], [ 134.332, 7.269 ], [ 134.331, 7.278 ], [ 134.335, 7.267 ] ] ], [ [ [ 134.293, 7.278 ], [ 134.293, 7.279 ], [ 134.294, 7.278 ], [ 134.293, 7.278 ] ] ], [ [ [ 134.31, 7.278 ], [ 134.311, 7.276 ], [ 134.297, 7.275 ], [ 134.294, 7.275 ], [ 134.31, 7.278 ] ] ], [ [ [ 134.408, 7.28 ], [ 134.408, 7.282 ], [ 134.409, 7.281 ], [ 134.408, 7.28 ] ] ], [ [ [ 134.405, 7.28 ], [ 134.404, 7.278 ], [ 134.401, 7.282 ], [ 134.405, 7.28 ] ] ], [ [ [ 134.419, 7.281 ], [ 134.419, 7.276 ], [ 134.418, 7.283 ], [ 134.419, 7.281 ] ] ], [ [ [ 134.44, 7.278 ], [ 134.44, 7.286 ], [ 134.441, 7.284 ], [ 134.44, 7.278 ] ] ], [ [ [ 134.41, 7.286 ], [ 134.411, 7.285 ], [ 134.409, 7.285 ], [ 134.409, 7.286 ], [ 134.41, 7.286 ] ] ], [ [ [ 134.414, 7.285 ], [ 134.412, 7.282 ], [ 134.409, 7.284 ], [ 134.411, 7.284 ], [ 134.414, 7.285 ] ] ], [ [ [ 134.433, 7.289 ], [ 134.432, 7.286 ], [ 134.432, 7.288 ], [ 134.432, 7.289 ], [ 134.433, 7.289 ] ] ], [ [ [ 134.287, 7.277 ], [ 134.281, 7.291 ], [ 134.284, 7.289 ], [ 134.287, 7.277 ] ] ], [ [ [ 134.43, 7.291 ], [ 134.431, 7.289 ], [ 134.427, 7.287 ], [ 134.43, 7.291 ] ] ], [ [ [ 134.416, 7.287 ], [ 134.413, 7.288 ], [ 134.414, 7.292 ], [ 134.416, 7.287 ] ] ], [ [ [ 134.443, 7.29 ], [ 134.441, 7.29 ], [ 134.442, 7.293 ], [ 134.443, 7.29 ] ] ], [ [ [ 134.41, 7.291 ], [ 134.41, 7.295 ], [ 134.41, 7.297 ], [ 134.413, 7.296 ], [ 134.41, 7.291 ] ] ], [ [ [ 134.412, 7.3 ], [ 134.412, 7.301 ], [ 134.413, 7.301 ], [ 134.412, 7.3 ] ] ], [ [ [ 134.435, 7.302 ], [ 134.436, 7.304 ], [ 134.437, 7.302 ], [ 134.435, 7.302 ] ] ], [ [ [ 134.477, 7.305 ], [ 134.477, 7.306 ], [ 134.478, 7.305 ], [ 134.477, 7.305 ] ] ], [ [ [ 134.5, 7.311 ], [ 134.502, 7.311 ], [ 134.502, 7.31 ], [ 134.5, 7.311 ] ] ], [ [ [ 134.409, 7.309 ], [ 134.41, 7.311 ], [ 134.41, 7.308 ], [ 134.409, 7.309 ] ] ], [ [ [ 134.451, 7.312 ], [ 134.451, 7.313 ], [ 134.452, 7.312 ], [ 134.451, 7.312 ] ] ], [ [ [ 134.448, 7.314 ], [ 134.448, 7.313 ], [ 134.447, 7.313 ], [ 134.446, 7.314 ], [ 134.448, 7.314 ] ] ], [ [ [ 134.446, 7.314 ], [ 134.445, 7.314 ], [ 134.445, 7.315 ], [ 134.446, 7.315 ], [ 134.446, 7.314 ] ] ], [ [ [ 134.485, 7.315 ], [ 134.486, 7.315 ], [ 134.486, 7.314 ], [ 134.488, 7.313 ], [ 134.487, 7.314 ], [ 134.487, 7.315 ], [ 134.486, 7.317 ], [ 134.484, 7.322 ], [ 134.49, 7.321 ], [ 134.496, 7.303 ], [ 134.473, 7.313 ], [ 134.475, 7.314 ], [ 134.473, 7.323 ], [ 134.47, 7.326 ], [ 134.469, 7.327 ], [ 134.469, 7.328 ], [ 134.468, 7.327 ], [ 134.466, 7.336 ], [ 134.472, 7.327 ], [ 134.48, 7.315 ], [ 134.485, 7.314 ], [ 134.485, 7.315 ] ] ], [ [ [ 134.485, 7.315 ], [ 134.484, 7.316 ], [ 134.486, 7.317 ], [ 134.485, 7.315 ] ] ], [ [ [ 134.471, 7.32 ], [ 134.472, 7.321 ], [ 134.473, 7.32 ], [ 134.471, 7.32 ] ] ], [ [ [ 134.469, 7.32 ], [ 134.47, 7.322 ], [ 134.47, 7.32 ], [ 134.469, 7.32 ] ] ], [ [ [ 134.471, 7.323 ], [ 134.471, 7.324 ], [ 134.472, 7.323 ], [ 134.471, 7.323 ] ] ], [ [ [ 134.467, 7.324 ], [ 134.467, 7.325 ], [ 134.468, 7.324 ], [ 134.467, 7.324 ] ] ], [ [ [ 134.468, 7.327 ], [ 134.469, 7.327 ], [ 134.469, 7.326 ], [ 134.468, 7.327 ] ] ], [ [ [ 134.484, 7.327 ], [ 134.483, 7.325 ], [ 134.481, 7.327 ], [ 134.484, 7.327 ] ] ], [ [ [ 134.538, 7.327 ], [ 134.537, 7.329 ], [ 134.538, 7.329 ], [ 134.538, 7.327 ] ] ], [ [ [ 134.497, 7.323 ], [ 134.496, 7.319 ], [ 134.49, 7.321 ], [ 134.484, 7.325 ], [ 134.495, 7.323 ], [ 134.497, 7.323 ] ] ], [ [ [ 134.541, 7.328 ], [ 134.539, 7.328 ], [ 134.539, 7.33 ], [ 134.541, 7.328 ] ] ], [ [ [ 134.48, 7.329 ], [ 134.482, 7.33 ], [ 134.481, 7.327 ], [ 134.48, 7.329 ] ] ], [ [ [ 134.532, 7.329 ], [ 134.531, 7.332 ], [ 134.532, 7.332 ], [ 134.532, 7.329 ] ] ], [ [ [ 134.48, 7.332 ], [ 134.481, 7.332 ], [ 134.481, 7.331 ], [ 134.48, 7.332 ] ] ], [ [ [ 134.55, 7.33 ], [ 134.55, 7.329 ], [ 134.548, 7.332 ], [ 134.55, 7.33 ] ] ], [ [ [ 134.492, 7.329 ], [ 134.488, 7.33 ], [ 134.491, 7.333 ], [ 134.492, 7.329 ] ] ], [ [ [ 134.483, 7.332 ], [ 134.483, 7.333 ], [ 134.485, 7.332 ], [ 134.483, 7.332 ] ] ], [ [ [ 134.517, 7.333 ], [ 134.518, 7.33 ], [ 134.514, 7.332 ], [ 134.517, 7.333 ] ] ], [ [ [ 134.487, 7.329 ], [ 134.486, 7.329 ], [ 134.485, 7.331 ], [ 134.485, 7.332 ], [ 134.485, 7.333 ], [ 134.488, 7.335 ], [ 134.487, 7.329 ] ] ], [ [ [ 134.493, 7.327 ], [ 134.489, 7.327 ], [ 134.492, 7.329 ], [ 134.494, 7.331 ], [ 134.495, 7.331 ], [ 134.493, 7.327 ] ] ], [ [ [ 134.533, 7.335 ], [ 134.534, 7.336 ], [ 134.535, 7.335 ], [ 134.533, 7.335 ] ] ], [ [ [ 134.483, 7.334 ], [ 134.484, 7.336 ], [ 134.484, 7.334 ], [ 134.483, 7.334 ] ] ], [ [ [ 134.43, 7.321 ], [ 134.453, 7.3 ], [ 134.441, 7.298 ], [ 134.436, 7.286 ], [ 134.441, 7.309 ], [ 134.426, 7.319 ], [ 134.422, 7.328 ], [ 134.423, 7.336 ], [ 134.426, 7.324 ], [ 134.43, 7.321 ] ] ], [ [ [ 134.44, 7.278 ], [ 134.45, 7.251 ], [ 134.435, 7.262 ], [ 134.437, 7.264 ], [ 134.438, 7.265 ], [ 134.437, 7.265 ], [ 134.437, 7.266 ], [ 134.436, 7.266 ], [ 134.434, 7.266 ], [ 134.433, 7.268 ], [ 134.432, 7.268 ], [ 134.429, 7.269 ], [ 134.418, 7.269 ], [ 134.38, 7.215 ], [ 134.383, 7.226 ], [ 134.369, 7.221 ], [ 134.369, 7.224 ], [ 134.369, 7.227 ], [ 134.363, 7.24 ], [ 134.352, 7.243 ], [ 134.35, 7.251 ], [ 134.354, 7.248 ], [ 134.355, 7.248 ], [ 134.356, 7.247 ], [ 134.362, 7.246 ], [ 134.372, 7.231 ], [ 134.373, 7.231 ], [ 134.375, 7.23 ], [ 134.38, 7.227 ], [ 134.409, 7.271 ], [ 134.435, 7.28 ], [ 134.436, 7.286 ], [ 134.44, 7.278 ] ] ], [ [ [ 134.341, 7.252 ], [ 134.34, 7.258 ], [ 134.35, 7.251 ], [ 134.341, 7.252 ] ] ], [ [ [ 134.473, 7.309 ], [ 134.473, 7.306 ], [ 134.471, 7.312 ], [ 134.473, 7.313 ], [ 134.473, 7.309 ] ] ], [ [ [ 134.477, 7.301 ], [ 134.474, 7.301 ], [ 134.473, 7.306 ], [ 134.477, 7.301 ] ] ], [ [ [ 134.446, 7.337 ], [ 134.446, 7.338 ], [ 134.447, 7.338 ], [ 134.447, 7.337 ], [ 134.446, 7.337 ] ] ], [ [ [ 134.486, 7.339 ], [ 134.485, 7.339 ], [ 134.485, 7.34 ], [ 134.486, 7.34 ], [ 134.486, 7.339 ] ] ], [ [ [ 134.441, 7.34 ], [ 134.441, 7.341 ], [ 134.442, 7.34 ], [ 134.441, 7.34 ] ] ], [ [ [ 134.465, 7.333 ], [ 134.465, 7.332 ], [ 134.459, 7.34 ], [ 134.462, 7.34 ], [ 134.465, 7.333 ] ] ], [ [ [ 134.458, 7.339 ], [ 134.458, 7.34 ], [ 134.459, 7.34 ], [ 134.458, 7.339 ] ] ], [ [ [ 134.457, 7.338 ], [ 134.458, 7.33 ], [ 134.45, 7.327 ], [ 134.45, 7.335 ], [ 134.455, 7.34 ], [ 134.456, 7.34 ], [ 134.456, 7.339 ], [ 134.457, 7.339 ], [ 134.457, 7.338 ] ] ], [ [ [ 134.534, 7.342 ], [ 134.533, 7.342 ], [ 134.532, 7.341 ], [ 134.531, 7.341 ], [ 134.53, 7.343 ], [ 134.534, 7.343 ], [ 134.536, 7.343 ], [ 134.547, 7.334 ], [ 134.548, 7.33 ], [ 134.539, 7.33 ], [ 134.536, 7.331 ], [ 134.536, 7.327 ], [ 134.534, 7.326 ], [ 134.535, 7.334 ], [ 134.535, 7.335 ], [ 134.536, 7.337 ], [ 134.534, 7.341 ], [ 134.534, 7.342 ] ] ], [ [ [ 134.553, 7.342 ], [ 134.553, 7.343 ], [ 134.554, 7.341 ], [ 134.553, 7.342 ] ] ], [ [ [ 134.551, 7.339 ], [ 134.547, 7.343 ], [ 134.548, 7.344 ], [ 134.551, 7.339 ] ] ], [ [ [ 134.447, 7.341 ], [ 134.444, 7.341 ], [ 134.435, 7.344 ], [ 134.439, 7.345 ], [ 134.447, 7.341 ] ] ], [ [ [ 134.449, 7.341 ], [ 134.449, 7.34 ], [ 134.449, 7.339 ], [ 134.45, 7.338 ], [ 134.449, 7.338 ], [ 134.448, 7.34 ], [ 134.447, 7.341 ], [ 134.449, 7.341 ] ] ], [ [ [ 134.455, 7.342 ], [ 134.457, 7.341 ], [ 134.45, 7.341 ], [ 134.449, 7.341 ], [ 134.455, 7.342 ] ] ], [ [ [ 134.433, 7.343 ], [ 134.429, 7.341 ], [ 134.428, 7.341 ], [ 134.433, 7.344 ], [ 134.433, 7.343 ] ] ], [ [ [ 134.589, 7.353 ], [ 134.589, 7.354 ], [ 134.59, 7.353 ], [ 134.589, 7.353 ] ] ], [ [ [ 134.57, 7.348 ], [ 134.57, 7.345 ], [ 134.565, 7.347 ], [ 134.563, 7.355 ], [ 134.57, 7.348 ] ] ], [ [ [ 134.563, 7.358 ], [ 134.558, 7.352 ], [ 134.534, 7.353 ], [ 134.533, 7.346 ], [ 134.505, 7.418 ], [ 134.463, 7.447 ], [ 134.483, 7.469 ], [ 134.485, 7.496 ], [ 134.509, 7.5 ], [ 134.504, 7.479 ], [ 134.523, 7.48 ], [ 134.499, 7.536 ], [ 134.539, 7.6 ], [ 134.634, 7.643 ], [ 134.621, 7.732 ], [ 134.647, 7.633 ], [ 134.643, 7.625 ], [ 134.643, 7.624 ], [ 134.644, 7.607 ], [ 134.638, 7.598 ], [ 134.64, 7.585 ], [ 134.633, 7.58 ], [ 134.638, 7.55 ], [ 134.619, 7.545 ], [ 134.614, 7.529 ], [ 134.638, 7.498 ], [ 134.607, 7.463 ], [ 134.613, 7.449 ], [ 134.59, 7.431 ], [ 134.594, 7.366 ], [ 134.566, 7.371 ], [ 134.561, 7.364 ], [ 134.561, 7.363 ], [ 134.564, 7.361 ], [ 134.563, 7.359 ], [ 134.563, 7.358 ] ] ], [ [ [ 134.497, 7.358 ], [ 134.498, 7.359 ], [ 134.499, 7.359 ], [ 134.497, 7.358 ] ] ], [ [ [ 134.506, 7.354 ], [ 134.505, 7.343 ], [ 134.513, 7.323 ], [ 134.502, 7.311 ], [ 134.506, 7.336 ], [ 134.44, 7.362 ], [ 134.506, 7.354 ] ] ], [ [ [ 134.588, 7.36 ], [ 134.588, 7.361 ], [ 134.588, 7.364 ], [ 134.589, 7.364 ], [ 134.59, 7.364 ], [ 134.588, 7.36 ] ] ], [ [ [ 134.588, 7.358 ], [ 134.587, 7.35 ], [ 134.575, 7.351 ], [ 134.588, 7.36 ], [ 134.588, 7.358 ] ] ], [ [ [ 134.43, 7.367 ], [ 134.431, 7.369 ], [ 134.432, 7.367 ], [ 134.43, 7.367 ] ] ], [ [ [ 134.474, 7.467 ], [ 134.471, 7.468 ], [ 134.474, 7.469 ], [ 134.474, 7.467 ] ] ], [ [ [ 134.626, 7.477 ], [ 134.622, 7.477 ], [ 134.623, 7.478 ], [ 134.626, 7.477 ] ] ], [ [ [ 134.475, 7.486 ], [ 134.476, 7.487 ], [ 134.476, 7.486 ], [ 134.475, 7.486 ] ] ], [ [ [ 134.478, 7.489 ], [ 134.479, 7.489 ], [ 134.479, 7.488 ], [ 134.478, 7.489 ] ] ], [ [ [ 134.493, 7.509 ], [ 134.494, 7.51 ], [ 134.494, 7.509 ], [ 134.493, 7.509 ] ] ], [ [ [ 134.497, 7.508 ], [ 134.496, 7.51 ], [ 134.497, 7.51 ], [ 134.497, 7.508 ] ] ], [ [ [ 134.621, 7.531 ], [ 134.619, 7.53 ], [ 134.618, 7.535 ], [ 134.621, 7.531 ] ] ], [ [ [ 134.625, 7.741 ], [ 134.624, 7.74 ], [ 134.623, 7.743 ], [ 134.625, 7.741 ] ] ], [ [ [ 134.622, 7.758 ], [ 134.624, 7.749 ], [ 134.619, 7.753 ], [ 134.622, 7.758 ] ] ] ] } },
{ "type": "Feature", "properties": { }, "geometry": { "type": "MultiPolygon", "coordinates": [ [ [ [ 119.466, 4.588 ], [ 119.468, 4.594 ], [ 119.471, 4.591 ], [ 119.466, 4.588 ] ] ], [ [ [ 119.468, 4.599 ], [ 119.47, 4.602 ], [ 119.472, 4.601 ], [ 119.468, 4.599 ] ] ], [ [ [ 119.384, 4.617 ], [ 119.385, 4.626 ], [ 119.392, 4.623 ], [ 119.384, 4.617 ] ] ], [ [ [ 119.381, 4.631 ], [ 119.385, 4.635 ], [ 119.386, 4.633 ], [ 119.381, 4.631 ] ] ], [ [ [ 119.385, 4.638 ], [ 119.387, 4.64 ], [ 119.387, 4.639 ], [ 119.385, 4.638 ] ] ], [ [ [ 119.455, 4.642 ], [ 119.455, 4.643 ], [ 119.456, 4.642 ], [ 119.455, 4.642 ] ] ], [ [ [ 119.4, 4.644 ], [ 119.396, 4.64 ], [ 119.39, 4.65 ], [ 119.4, 4.644 ] ] ], [ [ [ 119.389, 4.658 ], [ 119.389, 4.659 ], [ 119.39, 4.658 ], [ 119.389, 4.658 ] ] ], [ [ [ 119.393, 4.661 ], [ 119.39, 4.66 ], [ 119.391, 4.663 ], [ 119.393, 4.661 ] ] ], [ [ [ 119.207, 4.671 ], [ 119.21, 4.67 ], [ 119.21, 4.669 ], [ 119.207, 4.671 ] ] ], [ [ [ 119.395, 4.678 ], [ 119.392, 4.676 ], [ 119.392, 4.677 ], [ 119.395, 4.678 ] ] ], [ [ [ 119.031, 4.709 ], [ 119.03, 4.713 ], [ 119.032, 4.71 ], [ 119.031, 4.709 ] ] ], [ [ [ 119.146, 4.721 ], [ 119.147, 4.722 ], [ 119.148, 4.72 ], [ 119.146, 4.721 ] ] ], [ [ [ 119.235, 4.726 ], [ 119.234, 4.727 ], [ 119.239, 4.728 ], [ 119.235, 4.726 ] ] ], [ [ [ 119.407, 4.674 ], [ 119.394, 4.669 ], [ 119.409, 4.723 ], [ 119.389, 4.745 ], [ 119.421, 4.772 ], [ 119.407, 4.674 ] ] ], [ [ [ 119.865, 4.806 ], [ 119.868, 4.797 ], [ 119.814, 4.798 ], [ 119.865, 4.806 ] ] ], [ [ [ 119.417, 4.848 ], [ 119.416, 4.846 ], [ 119.409, 4.857 ], [ 119.417, 4.848 ] ] ], [ [ [ 119.934, 4.901 ], [ 119.931, 4.895 ], [ 119.929, 4.9 ], [ 119.934, 4.901 ] ] ], [ [ [ 119.408, 4.9 ], [ 119.409, 4.898 ], [ 119.405, 4.897 ], [ 119.408, 4.9 ] ] ], [ [ [ 119.404, 4.901 ], [ 119.403, 4.899 ], [ 119.41, 4.875 ], [ 119.399, 4.904 ], [ 119.404, 4.901 ] ] ], [ [ [ 119.944, 4.905 ], [ 119.937, 4.905 ], [ 119.943, 4.908 ], [ 119.944, 4.905 ] ] ], [ [ [ 119.507, 4.761 ], [ 119.458, 4.642 ], [ 119.471, 4.764 ], [ 119.455, 4.914 ], [ 119.507, 4.761 ] ] ], [ [ [ 119.948, 4.913 ], [ 119.945, 4.911 ], [ 119.945, 4.912 ], [ 119.948, 4.913 ] ] ], [ [ [ 119.95, 4.915 ], [ 119.948, 4.916 ], [ 119.949, 4.917 ], [ 119.95, 4.915 ] ] ], [ [ [ 119.83, 4.916 ], [ 119.829, 4.918 ], [ 119.83, 4.918 ], [ 119.83, 4.916 ] ] ], [ [ [ 119.852, 4.901 ], [ 119.852, 4.863 ], [ 119.804, 4.855 ], [ 119.802, 4.925 ], [ 119.852, 4.901 ] ] ], [ [ [ 119.959, 4.921 ], [ 119.955, 4.921 ], [ 119.96, 4.925 ], [ 119.959, 4.921 ] ] ], [ [ [ 119.868, 4.943 ], [ 119.874, 4.946 ], [ 119.873, 4.944 ], [ 119.868, 4.943 ] ] ], [ [ [ 119.979, 4.947 ], [ 119.979, 4.946 ], [ 119.978, 4.947 ], [ 119.979, 4.947 ] ] ], [ [ [ 119.979, 4.952 ], [ 119.981, 4.947 ], [ 119.977, 4.948 ], [ 119.975, 4.949 ], [ 119.978, 4.952 ], [ 119.979, 4.952 ] ] ], [ [ [ 119.975, 4.948 ], [ 119.974, 4.948 ], [ 119.975, 4.949 ], [ 119.975, 4.948 ] ] ], [ [ [ 119.987, 4.962 ], [ 119.985, 4.961 ], [ 119.985, 4.963 ], [ 119.987, 4.962 ] ] ], [ [ [ 119.985, 4.97 ], [ 119.984, 4.97 ], [ 119.984, 4.972 ], [ 119.985, 4.97 ] ] ], [ [ [ 119.991, 4.976 ], [ 119.987, 4.973 ], [ 119.986, 4.977 ], [ 119.991, 4.976 ] ] ], [ [ [ 119.988, 4.98 ], [ 119.989, 4.986 ], [ 119.991, 4.984 ], [ 119.988, 4.98 ] ] ], [ [ [ 119.993, 4.998 ], [ 119.992, 4.995 ], [ 119.988, 4.999 ], [ 119.993, 4.998 ] ] ], [ [ [ 119.99, 5.006 ], [ 119.989, 5.004 ], [ 119.988, 5.004 ], [ 119.988, 5.007 ], [ 119.99, 5.006 ] ] ], [ [ [ 119.986, 5.012 ], [ 119.986, 5.014 ], [ 119.988, 5.012 ], [ 119.986, 5.012 ] ] ], [ [ [ 120.024, 4.997 ], [ 119.995, 4.953 ], [ 120.0, 4.996 ], [ 119.992, 5.005 ], [ 120.024, 4.997 ] ] ], [ [ [ 119.984, 5.018 ], [ 119.983, 5.023 ], [ 119.987, 5.02 ], [ 119.984, 5.018 ] ] ], [ [ [ 119.775, 5.035 ], [ 119.779, 5.027 ], [ 119.745, 5.006 ], [ 119.775, 5.035 ] ] ], [ [ [ 120.016, 5.033 ], [ 120.015, 5.03 ], [ 120.015, 5.034 ], [ 120.016, 5.033 ] ] ], [ [ [ 120.135, 5.019 ], [ 120.134, 5.004 ], [ 120.101, 5.029 ], [ 120.135, 5.019 ] ] ], [ [ [ 119.802, 5.037 ], [ 119.805, 5.032 ], [ 119.778, 5.037 ], [ 119.802, 5.037 ] ] ], [ [ [ 120.215, 5.015 ], [ 120.186, 5.021 ], [ 120.204, 5.042 ], [ 120.215, 5.015 ] ] ], [ [ [ 120.051, 5.045 ], [ 120.051, 5.044 ], [ 120.05, 5.044 ], [ 120.051, 5.045 ] ] ], [ [ [ 119.822, 5.054 ], [ 119.822, 5.055 ], [ 119.823, 5.054 ], [ 119.822, 5.054 ] ] ], [ [ [ 119.823, 5.054 ], [ 119.824, 5.055 ], [ 119.824, 5.054 ], [ 119.823, 5.054 ] ] ], [ [ [ 120.076, 5.06 ], [ 120.077, 5.059 ], [ 120.068, 5.061 ], [ 120.076, 5.06 ] ] ], [ [ [ 119.92, 5.069 ], [ 119.922, 5.071 ], [ 119.923, 5.066 ], [ 119.92, 5.068 ], [ 119.92, 5.069 ] ] ], [ [ [ 119.943, 5.08 ], [ 119.934, 5.074 ], [ 119.935, 5.082 ], [ 119.943, 5.08 ] ] ], [ [ [ 120.27, 5.075 ], [ 120.251, 5.065 ], [ 120.244, 5.075 ], [ 120.27, 5.075 ] ] ], [ [ [ 119.82, 5.091 ], [ 119.818, 5.092 ], [ 119.818, 5.093 ], [ 119.82, 5.091 ] ] ], [ [ [ 119.816, 5.092 ], [ 119.815, 5.092 ], [ 119.815, 5.094 ], [ 119.816, 5.092 ] ] ], [ [ [ 120.266, 5.1 ], [ 120.266, 5.101 ], [ 120.267, 5.101 ], [ 120.267, 5.1 ], [ 120.266, 5.1 ] ] ], [ [ [ 119.995, 5.092 ], [ 119.989, 5.086 ], [ 119.985, 5.089 ], [ 119.995, 5.092 ] ] ], [ [ [ 120.272, 5.102 ], [ 120.272, 5.101 ], [ 120.271, 5.101 ], [ 120.271, 5.102 ], [ 120.272, 5.102 ] ] ], [ [ [ 119.817, 5.101 ], [ 119.817, 5.097 ], [ 119.813, 5.093 ], [ 119.817, 5.101 ] ] ], [ [ [ 120.272, 5.104 ], [ 120.271, 5.104 ], [ 120.272, 5.105 ], [ 120.272, 5.104 ] ] ], [ [ [ 119.978, 5.111 ], [ 119.978, 5.112 ], [ 119.979, 5.112 ], [ 119.978, 5.111 ] ] ], [ [ [ 119.795, 5.099 ], [ 119.813, 5.091 ], [ 119.803, 5.078 ], [ 119.82, 5.065 ], [ 119.742, 5.036 ], [ 119.795, 5.099 ] ] ], [ [ [ 119.976, 5.117 ], [ 119.977, 5.117 ], [ 119.977, 5.116 ], [ 119.976, 5.117 ] ] ], [ [ [ 119.809, 5.12 ], [ 119.806, 5.121 ], [ 119.807, 5.122 ], [ 119.809, 5.12 ] ] ], [ [ [ 120.314, 5.126 ], [ 120.314, 5.127 ], [ 120.315, 5.127 ], [ 120.315, 5.126 ], [ 120.314, 5.126 ] ] ], [ [ [ 120.312, 5.127 ], [ 120.311, 5.128 ], [ 120.311, 5.129 ], [ 120.315, 5.13 ], [ 120.315, 5.129 ], [ 120.313, 5.128 ], [ 120.313, 5.127 ], [ 120.312, 5.127 ] ] ], [ [ [ 120.306, 5.126 ], [ 120.307, 5.127 ], [ 120.307, 5.126 ], [ 120.306, 5.126 ] ] ], [ [ [ 120.316, 5.127 ], [ 120.316, 5.128 ], [ 120.316, 5.129 ], [ 120.317, 5.129 ], [ 120.317, 5.127 ], [ 120.316, 5.127 ] ] ], [ [ [ 120.318, 5.103 ], [ 120.283, 5.083 ], [ 120.269, 5.09 ], [ 120.272, 5.09 ], [ 120.275, 5.101 ], [ 120.275, 5.102 ], [ 120.276, 5.104 ], [ 120.294, 5.112 ], [ 120.318, 5.103 ] ] ], [ [ [ 119.809, 5.128 ], [ 119.805, 5.127 ], [ 119.805, 5.13 ], [ 119.809, 5.128 ] ] ], [ [ [ 120.183, 5.134 ], [ 120.183, 5.135 ], [ 120.185, 5.134 ], [ 120.183, 5.134 ] ] ], [ [ [ 120.446, 5.135 ], [ 120.445, 5.135 ], [ 120.444, 5.136 ], [ 120.446, 5.135 ] ] ], [ [ [ 119.988, 5.142 ], [ 119.987, 5.142 ], [ 119.992, 5.123 ], [ 119.975, 5.117 ], [ 119.964, 5.079 ], [ 119.936, 5.088 ], [ 119.846, 5.067 ], [ 119.861, 5.047 ], [ 119.829, 5.06 ], [ 119.821, 5.056 ], [ 119.823, 5.06 ], [ 119.826, 5.063 ], [ 119.823, 5.069 ], [ 119.822, 5.07 ], [ 119.828, 5.07 ], [ 119.814, 5.08 ], [ 119.824, 5.088 ], [ 119.827, 5.115 ], [ 119.813, 5.127 ], [ 119.83, 5.149 ], [ 119.855, 5.142 ], [ 119.945, 5.189 ], [ 119.979, 5.237 ], [ 119.98, 5.235 ], [ 119.983, 5.229 ], [ 120.031, 5.232 ], [ 120.08, 5.257 ], [ 120.21, 5.349 ], [ 120.214, 5.302 ], [ 120.253, 5.277 ], [ 120.226, 5.239 ], [ 120.229, 5.2 ], [ 120.158, 5.164 ], [ 120.125, 5.244 ], [ 120.096, 5.151 ], [ 120.04, 5.183 ], [ 119.996, 5.156 ], [ 120.003, 5.138 ], [ 119.989, 5.141 ], [ 119.988, 5.142 ] ] ], [ [ [ 120.232, 5.138 ], [ 120.229, 5.137 ], [ 120.228, 5.14 ], [ 120.232, 5.138 ] ] ], [ [ [ 120.15, 5.147 ], [ 120.15, 5.146 ], [ 120.149, 5.146 ], [ 120.149, 5.149 ], [ 120.15, 5.148 ], [ 120.151, 5.147 ], [ 120.15, 5.147 ] ] ], [ [ [ 120.232, 5.15 ], [ 120.232, 5.151 ], [ 120.233, 5.15 ], [ 120.232, 5.15 ] ] ], [ [ [ 120.502, 5.15 ], [ 120.499, 5.15 ], [ 120.505, 5.152 ], [ 120.502, 5.15 ] ] ], [ [ [ 120.428, 5.153 ], [ 120.427, 5.153 ], [ 120.427, 5.154 ], [ 120.428, 5.153 ] ] ], [ [ [ 120.454, 5.155 ], [ 120.454, 5.156 ], [ 120.454, 5.157 ], [ 120.455, 5.156 ], [ 120.455, 5.155 ], [ 120.454, 5.155 ] ] ], [ [ [ 120.451, 5.151 ], [ 120.45, 5.148 ], [ 120.448, 5.147 ], [ 120.451, 5.151 ] ] ], [ [ [ 120.058, 5.157 ], [ 120.057, 5.158 ], [ 120.058, 5.159 ], [ 120.058, 5.157 ] ] ], [ [ [ 120.004, 5.158 ], [ 120.004, 5.159 ], [ 120.005, 5.158 ], [ 120.004, 5.158 ] ] ], [ [ [ 120.061, 5.158 ], [ 120.06, 5.159 ], [ 120.061, 5.159 ], [ 120.061, 5.158 ] ] ], [ [ [ 119.852, 5.16 ], [ 119.851, 5.16 ], [ 119.852, 5.161 ], [ 119.852, 5.16 ] ] ], [ [ [ 120.347, 5.131 ], [ 120.336, 5.117 ], [ 120.32, 5.133 ], [ 120.347, 5.131 ] ] ], [ [ [ 120.14, 5.161 ], [ 120.139, 5.159 ], [ 120.138, 5.161 ], [ 120.14, 5.161 ] ] ], [ [ [ 120.284, 5.155 ], [ 120.281, 5.153 ], [ 120.278, 5.159 ], [ 120.284, 5.155 ] ] ], [ [ [ 120.05, 5.152 ], [ 120.042, 5.151 ], [ 120.042, 5.158 ], [ 120.05, 5.152 ] ] ], [ [ [ 120.232, 5.157 ], [ 120.235, 5.162 ], [ 120.236, 5.158 ], [ 120.232, 5.157 ] ] ], [ [ [ 120.457, 5.164 ], [ 120.456, 5.165 ], [ 120.458, 5.165 ], [ 120.458, 5.164 ], [ 120.457, 5.164 ] ] ], [ [ [ 120.506, 5.164 ], [ 120.508, 5.173 ], [ 120.509, 5.17 ], [ 120.509, 5.169 ], [ 120.508, 5.169 ], [ 120.508, 5.168 ], [ 120.508, 5.167 ], [ 120.508, 5.166 ], [ 120.507, 5.165 ], [ 120.507, 5.164 ], [ 120.506, 5.164 ] ] ], [ [ [ 120.151, 5.16 ], [ 120.143, 5.159 ], [ 120.147, 5.163 ], [ 120.151, 5.16 ] ] ], [ [ [ 120.29, 5.168 ], [ 120.287, 5.165 ], [ 120.284, 5.168 ], [ 120.29, 5.168 ] ] ], [ [ [ 120.051, 5.171 ], [ 120.052, 5.171 ], [ 120.052, 5.17 ], [ 120.051, 5.171 ] ] ], [ [ [ 120.266, 5.171 ], [ 120.269, 5.167 ], [ 120.259, 5.166 ], [ 120.266, 5.171 ] ] ], [ [ [ 120.355, 5.172 ], [ 120.354, 5.171 ], [ 120.347, 5.173 ], [ 120.355, 5.172 ] ] ], [ [ [ 120.285, 5.182 ], [ 120.285, 5.181 ], [ 120.283, 5.182 ], [ 120.285, 5.182 ] ] ], [ [ [ 120.285, 5.184 ], [ 120.286, 5.184 ], [ 120.286, 5.183 ], [ 120.285, 5.184 ] ] ], [ [ [ 120.294, 5.183 ], [ 120.294, 5.185 ], [ 120.295, 5.184 ], [ 120.294, 5.183 ] ] ], [ [ [ 120.341, 5.184 ], [ 120.341, 5.185 ], [ 120.342, 5.185 ], [ 120.341, 5.184 ] ] ], [ [ [ 120.524, 5.182 ], [ 120.522, 5.181 ], [ 120.521, 5.182 ], [ 120.524, 5.182 ] ] ], [ [ [ 120.505, 5.184 ], [ 120.509, 5.174 ], [ 120.5, 5.182 ], [ 120.505, 5.184 ] ] ], [ [ [ 120.271, 5.193 ], [ 120.27, 5.193 ], [ 120.267, 5.196 ], [ 120.268, 5.189 ], [ 120.266, 5.188 ], [ 120.263, 5.187 ], [ 120.244, 5.181 ], [ 120.247, 5.189 ], [ 120.249, 5.191 ], [ 120.263, 5.199 ], [ 120.264, 5.204 ], [ 120.242, 5.191 ], [ 120.26, 5.219 ], [ 120.262, 5.231 ], [ 120.264, 5.244 ], [ 120.258, 5.246 ], [ 120.262, 5.248 ], [ 120.263, 5.248 ], [ 120.287, 5.224 ], [ 120.301, 5.23 ], [ 120.301, 5.21 ], [ 120.308, 5.199 ], [ 120.312, 5.2 ], [ 120.28, 5.185 ], [ 120.272, 5.172 ], [ 120.273, 5.191 ], [ 120.271, 5.192 ], [ 120.271, 5.193 ] ] ], [ [ [ 120.6, 5.189 ], [ 120.599, 5.189 ], [ 120.603, 5.193 ], [ 120.6, 5.189 ] ] ], [ [ [ 120.495, 5.181 ], [ 120.506, 5.173 ], [ 120.499, 5.158 ], [ 120.495, 5.181 ] ] ], [ [ [ 120.229, 5.195 ], [ 120.23, 5.195 ], [ 120.23, 5.194 ], [ 120.229, 5.195 ] ] ], [ [ [ 120.233, 5.195 ], [ 120.233, 5.196 ], [ 120.23, 5.195 ], [ 120.232, 5.199 ], [ 120.234, 5.196 ], [ 120.233, 5.195 ] ] ], [ [ [ 120.135, 5.195 ], [ 120.135, 5.196 ], [ 120.136, 5.195 ], [ 120.135, 5.195 ] ] ], [ [ [ 120.609, 5.196 ], [ 120.609, 5.197 ], [ 120.61, 5.196 ], [ 120.609, 5.196 ] ] ], [ [ [ 120.507, 5.196 ], [ 120.508, 5.197 ], [ 120.509, 5.196 ], [ 120.507, 5.196 ] ] ], [ [ [ 120.225, 5.177 ], [ 120.216, 5.167 ], [ 120.224, 5.125 ], [ 120.168, 5.145 ], [ 120.225, 5.177 ] ] ], [ [ [ 120.232, 5.182 ], [ 120.239, 5.183 ], [ 120.232, 5.173 ], [ 120.232, 5.177 ], [ 120.225, 5.177 ], [ 120.232, 5.182 ] ] ], [ [ [ 120.358, 5.192 ], [ 120.356, 5.188 ], [ 120.352, 5.191 ], [ 120.358, 5.192 ] ] ], [ [ [ 119.877, 5.201 ], [ 119.879, 5.201 ], [ 119.879, 5.2 ], [ 119.877, 5.201 ] ] ], [ [ [ 120.612, 5.198 ], [ 120.611, 5.199 ], [ 120.614, 5.202 ], [ 120.612, 5.198 ] ] ], [ [ [ 120.617, 5.202 ], [ 120.616, 5.201 ], [ 120.615, 5.203 ], [ 120.617, 5.202 ] ] ], [ [ [ 120.309, 5.201 ], [ 120.308, 5.202 ], [ 120.309, 5.203 ], [ 120.309, 5.201 ] ] ], [ [ [ 120.597, 5.2 ], [ 120.597, 5.198 ], [ 120.591, 5.199 ], [ 120.597, 5.2 ] ] ], [ [ [ 120.523, 5.192 ], [ 120.524, 5.186 ], [ 120.511, 5.195 ], [ 120.523, 5.192 ] ] ], [ [ [ 120.308, 5.205 ], [ 120.307, 5.204 ], [ 120.307, 5.205 ], [ 120.308, 5.205 ] ] ], [ [ [ 120.237, 5.204 ], [ 120.235, 5.205 ], [ 120.238, 5.207 ], [ 120.237, 5.204 ] ] ], [ [ [ 120.241, 5.206 ], [ 120.24, 5.205 ], [ 120.24, 5.207 ], [ 120.241, 5.206 ] ] ], [ [ [ 120.237, 5.208 ], [ 120.236, 5.208 ], [ 120.234, 5.207 ], [ 120.235, 5.21 ], [ 120.237, 5.208 ] ] ], [ [ [ 120.319, 5.206 ], [ 120.313, 5.202 ], [ 120.31, 5.207 ], [ 120.319, 5.206 ] ] ], [ [ [ 120.577, 5.207 ], [ 120.569, 5.208 ], [ 120.571, 5.213 ], [ 120.577, 5.207 ] ] ], [ [ [ 120.235, 5.215 ], [ 120.235, 5.216 ], [ 120.236, 5.216 ], [ 120.237, 5.215 ], [ 120.235, 5.215 ] ] ], [ [ [ 120.236, 5.216 ], [ 120.236, 5.217 ], [ 120.237, 5.216 ], [ 120.236, 5.216 ] ] ], [ [ [ 120.235, 5.218 ], [ 120.235, 5.219 ], [ 120.236, 5.218 ], [ 120.235, 5.218 ] ] ], [ [ [ 120.356, 5.218 ], [ 120.354, 5.215 ], [ 120.353, 5.218 ], [ 120.356, 5.218 ] ] ], [ [ [ 120.6, 5.204 ], [ 120.58, 5.203 ], [ 120.577, 5.214 ], [ 120.6, 5.204 ] ] ], [ [ [ 120.249, 5.218 ], [ 120.249, 5.216 ], [ 120.247, 5.217 ], [ 120.247, 5.219 ], [ 120.248, 5.22 ], [ 120.249, 5.218 ] ] ], [ [ [ 120.326, 5.221 ], [ 120.327, 5.221 ], [ 120.326, 5.22 ], [ 120.326, 5.221 ] ] ], [ [ [ 119.898, 5.215 ], [ 119.892, 5.215 ], [ 119.891, 5.218 ], [ 119.898, 5.215 ] ] ], [ [ [ 120.252, 5.222 ], [ 120.251, 5.221 ], [ 120.251, 5.222 ], [ 120.252, 5.222 ] ] ], [ [ [ 120.259, 5.22 ], [ 120.257, 5.218 ], [ 120.257, 5.222 ], [ 120.259, 5.22 ] ] ], [ [ [ 120.315, 5.22 ], [ 120.314, 5.219 ], [ 120.312, 5.22 ], [ 120.315, 5.22 ] ] ], [ [ [ 120.306, 5.221 ], [ 120.306, 5.223 ], [ 120.308, 5.219 ], [ 120.306, 5.221 ] ] ], [ [ [ 120.671, 5.22 ], [ 120.686, 5.21 ], [ 120.673, 5.209 ], [ 120.671, 5.22 ] ] ], [ [ [ 120.249, 5.224 ], [ 120.248, 5.223 ], [ 120.248, 5.224 ], [ 120.249, 5.224 ] ] ], [ [ [ 119.91, 5.221 ], [ 119.903, 5.221 ], [ 119.905, 5.225 ], [ 119.91, 5.221 ] ] ], [ [ [ 119.91, 5.224 ], [ 119.909, 5.224 ], [ 119.909, 5.226 ], [ 119.91, 5.224 ] ] ], [ [ [ 120.25, 5.226 ], [ 120.25, 5.227 ], [ 120.251, 5.226 ], [ 120.25, 5.226 ] ] ], [ [ [ 119.918, 5.223 ], [ 119.918, 5.225 ], [ 119.92, 5.228 ], [ 119.918, 5.223 ] ] ], [ [ [ 120.26, 5.226 ], [ 120.257, 5.224 ], [ 120.257, 5.228 ], [ 120.26, 5.226 ] ] ], [ [ [ 120.324, 5.229 ], [ 120.325, 5.23 ], [ 120.326, 5.229 ], [ 120.324, 5.229 ] ] ], [ [ [ 120.261, 5.231 ], [ 120.261, 5.232 ], [ 120.262, 5.231 ], [ 120.261, 5.231 ] ] ], [ [ [ 120.261, 5.231 ], [ 120.259, 5.231 ], [ 120.259, 5.232 ], [ 120.261, 5.231 ] ] ], [ [ [ 120.327, 5.231 ], [ 120.326, 5.231 ], [ 120.327, 5.233 ], [ 120.327, 5.231 ] ] ], [ [ [ 120.259, 5.232 ], [ 120.258, 5.232 ], [ 120.259, 5.233 ], [ 120.259, 5.232 ] ] ], [ [ [ 120.358, 5.227 ], [ 120.347, 5.216 ], [ 120.344, 5.187 ], [ 120.343, 5.229 ], [ 120.358, 5.227 ] ] ], [ [ [ 120.645, 5.233 ], [ 120.653, 5.229 ], [ 120.636, 5.222 ], [ 120.645, 5.233 ] ] ], [ [ [ 120.324, 5.233 ], [ 120.323, 5.232 ], [ 120.322, 5.234 ], [ 120.324, 5.233 ] ] ], [ [ [ 120.375, 5.234 ], [ 120.378, 5.235 ], [ 120.378, 5.233 ], [ 120.375, 5.234 ] ] ], [ [ [ 120.404, 5.233 ], [ 120.403, 5.237 ], [ 120.405, 5.236 ], [ 120.404, 5.233 ] ] ], [ [ [ 119.919, 5.237 ], [ 119.918, 5.237 ], [ 119.919, 5.238 ], [ 119.919, 5.237 ] ] ], [ [ [ 119.945, 5.237 ], [ 119.943, 5.238 ], [ 119.945, 5.239 ], [ 119.945, 5.237 ] ] ], [ [ [ 120.23, 5.235 ], [ 120.228, 5.234 ], [ 120.228, 5.238 ], [ 120.23, 5.235 ] ] ], [ [ [ 119.934, 5.238 ], [ 119.934, 5.241 ], [ 119.935, 5.241 ], [ 119.934, 5.238 ] ] ], [ [ [ 119.954, 5.24 ], [ 119.942, 5.229 ], [ 119.939, 5.229 ], [ 119.954, 5.24 ] ] ], [ [ [ 120.326, 5.237 ], [ 120.321, 5.236 ], [ 120.323, 5.244 ], [ 120.326, 5.237 ] ] ], [ [ [ 120.34, 5.236 ], [ 120.348, 5.246 ], [ 120.347, 5.243 ], [ 120.34, 5.236 ] ] ], [ [ [ 119.96, 5.245 ], [ 119.964, 5.247 ], [ 119.963, 5.246 ], [ 119.96, 5.245 ] ] ], [ [ [ 120.274, 5.248 ], [ 120.274, 5.246 ], [ 120.272, 5.248 ], [ 120.274, 5.248 ] ] ], [ [ [ 120.297, 5.248 ], [ 120.298, 5.249 ], [ 120.299, 5.248 ], [ 120.297, 5.248 ] ] ], [ [ [ 120.265, 5.247 ], [ 120.263, 5.248 ], [ 120.266, 5.25 ], [ 120.265, 5.247 ] ] ], [ [ [ 120.316, 5.249 ], [ 120.316, 5.25 ], [ 120.317, 5.249 ], [ 120.316, 5.249 ] ] ], [ [ [ 120.317, 5.246 ], [ 120.321, 5.249 ], [ 120.321, 5.244 ], [ 120.311, 5.225 ], [ 120.317, 5.246 ] ] ], [ [ [ 120.33, 5.246 ], [ 120.329, 5.243 ], [ 120.325, 5.248 ], [ 120.33, 5.246 ] ] ], [ [ [ 120.317, 5.253 ], [ 120.319, 5.254 ], [ 120.319, 5.253 ], [ 120.317, 5.253 ] ] ], [ [ [ 119.969, 5.257 ], [ 119.968, 5.257 ], [ 119.969, 5.258 ], [ 119.969, 5.257 ] ] ], [ [ [ 120.281, 5.248 ], [ 120.278, 5.257 ], [ 120.286, 5.256 ], [ 120.281, 5.248 ] ] ], [ [ [ 120.367, 5.25 ], [ 120.35, 5.232 ], [ 120.345, 5.238 ], [ 120.35, 5.245 ], [ 120.346, 5.252 ], [ 120.367, 5.25 ] ] ], [ [ [ 120.241, 5.233 ], [ 120.248, 5.212 ], [ 120.241, 5.206 ], [ 120.231, 5.234 ], [ 120.241, 5.233 ] ] ], [ [ [ 120.368, 5.258 ], [ 120.364, 5.258 ], [ 120.364, 5.26 ], [ 120.368, 5.258 ] ] ], [ [ [ 120.265, 5.262 ], [ 120.268, 5.262 ], [ 120.265, 5.253 ], [ 120.265, 5.262 ] ] ], [ [ [ 120.28, 5.268 ], [ 120.28, 5.27 ], [ 120.281, 5.27 ], [ 120.283, 5.269 ], [ 120.28, 5.268 ] ] ], [ [ [ 120.375, 5.26 ], [ 120.37, 5.271 ], [ 120.383, 5.267 ], [ 120.375, 5.26 ] ] ], [ [ [ 120.292, 5.271 ], [ 120.291, 5.273 ], [ 120.293, 5.273 ], [ 120.292, 5.271 ] ] ], [ [ [ 120.298, 5.272 ], [ 120.297, 5.272 ], [ 120.297, 5.273 ], [ 120.298, 5.272 ] ] ], [ [ [ 120.254, 5.272 ], [ 120.255, 5.274 ], [ 120.256, 5.273 ], [ 120.254, 5.272 ] ] ], [ [ [ 120.286, 5.27 ], [ 120.285, 5.274 ], [ 120.295, 5.269 ], [ 120.286, 5.27 ] ] ], [ [ [ 120.296, 5.276 ], [ 120.297, 5.274 ], [ 120.295, 5.275 ], [ 120.296, 5.276 ] ] ], [ [ [ 120.294, 5.275 ], [ 120.291, 5.275 ], [ 120.292, 5.276 ], [ 120.294, 5.275 ] ] ], [ [ [ 120.308, 5.283 ], [ 120.312, 5.28 ], [ 120.315, 5.276 ], [ 120.308, 5.283 ] ] ], [ [ [ 120.262, 5.28 ], [ 120.26, 5.285 ], [ 120.261, 5.285 ], [ 120.262, 5.28 ] ] ], [ [ [ 120.272, 5.284 ], [ 120.271, 5.284 ], [ 120.269, 5.287 ], [ 120.272, 5.284 ] ] ], [ [ [ 120.276, 5.286 ], [ 120.274, 5.285 ], [ 120.274, 5.287 ], [ 120.276, 5.286 ] ] ], [ [ [ 120.475, 5.297 ], [ 120.477, 5.298 ], [ 120.478, 5.296 ], [ 120.475, 5.297 ] ] ], [ [ [ 120.287, 5.3 ], [ 120.289, 5.299 ], [ 120.29, 5.297 ], [ 120.289, 5.296 ], [ 120.287, 5.3 ] ] ], [ [ [ 120.277, 5.3 ], [ 120.276, 5.3 ], [ 120.277, 5.303 ], [ 120.277, 5.3 ] ] ], [ [ [ 120.276, 5.304 ], [ 120.276, 5.305 ], [ 120.277, 5.304 ], [ 120.276, 5.304 ] ] ], [ [ [ 120.576, 5.297 ], [ 120.571, 5.293 ], [ 120.566, 5.302 ], [ 120.576, 5.297 ] ] ], [ [ [ 120.416, 5.307 ], [ 120.417, 5.309 ], [ 120.419, 5.308 ], [ 120.416, 5.307 ] ] ], [ [ [ 120.274, 5.309 ], [ 120.274, 5.307 ], [ 120.272, 5.31 ], [ 120.274, 5.309 ] ] ], [ [ [ 120.274, 5.303 ], [ 120.273, 5.302 ], [ 120.265, 5.308 ], [ 120.274, 5.303 ] ] ], [ [ [ 120.268, 5.313 ], [ 120.266, 5.312 ], [ 120.266, 5.314 ], [ 120.268, 5.313 ] ] ], [ [ [ 120.238, 5.313 ], [ 120.238, 5.314 ], [ 120.239, 5.313 ], [ 120.238, 5.313 ] ] ], [ [ [ 120.239, 5.305 ], [ 120.235, 5.298 ], [ 120.218, 5.306 ], [ 120.239, 5.305 ] ] ], [ [ [ 120.275, 5.344 ], [ 120.275, 5.343 ], [ 120.266, 5.344 ], [ 120.275, 5.344 ] ] ], [ [ [ 120.242, 5.348 ], [ 120.247, 5.332 ], [ 120.246, 5.329 ], [ 120.242, 5.348 ] ] ], [ [ [ 120.339, 5.379 ], [ 120.294, 5.371 ], [ 120.296, 5.382 ], [ 120.339, 5.379 ] ] ], [ [ [ 120.405, 5.401 ], [ 120.366, 5.391 ], [ 120.376, 5.402 ], [ 120.405, 5.401 ] ] ], [ [ [ 125.43, 5.416 ], [ 125.429, 5.415 ], [ 125.429, 5.416 ], [ 125.43, 5.416 ] ] ], [ [ [ 120.591, 5.433 ], [ 120.608, 5.412 ], [ 120.608, 5.404 ], [ 120.591, 5.433 ] ] ], [ [ [ 125.42, 5.366 ], [ 125.329, 5.389 ], [ 125.347, 5.394 ], [ 125.37, 5.429 ], [ 125.42, 5.366 ] ] ], [ [ [ 120.73, 5.451 ], [ 120.73, 5.452 ], [ 120.731, 5.452 ], [ 120.73, 5.451 ] ] ], [ [ [ 120.182, 5.452 ], [ 120.182, 5.453 ], [ 120.183, 5.453 ], [ 120.182, 5.452 ] ] ], [ [ [ 120.253, 5.446 ], [ 120.251, 5.445 ], [ 120.254, 5.448 ], [ 120.253, 5.446 ] ] ], [ [ [ 120.246, 5.44 ], [ 120.243, 5.44 ], [ 120.25, 5.441 ], [ 120.246, 5.44 ] ] ], [ [ [ 120.229, 5.441 ], [ 120.228, 5.442 ], [ 120.23, 5.442 ], [ 120.241, 5.44 ], [ 120.229, 5.441 ] ] ], [ [ [ 120.226, 5.443 ], [ 120.225, 5.445 ], [ 120.227, 5.453 ], [ 120.228, 5.442 ], [ 120.226, 5.443 ] ] ], [ [ [ 120.186, 5.451 ], [ 120.186, 5.447 ], [ 120.185, 5.452 ], [ 120.188, 5.456 ], [ 120.186, 5.451 ] ] ], [ [ [ 120.182, 5.453 ], [ 120.181, 5.449 ], [ 120.182, 5.454 ], [ 120.182, 5.453 ] ] ], [ [ [ 120.734, 5.457 ], [ 120.732, 5.456 ], [ 120.732, 5.457 ], [ 120.734, 5.457 ] ] ], [ [ [ 120.187, 5.458 ], [ 120.184, 5.456 ], [ 120.186, 5.458 ], [ 120.187, 5.458 ] ] ], [ [ [ 120.246, 5.458 ], [ 120.246, 5.457 ], [ 120.243, 5.459 ], [ 120.246, 5.458 ] ] ], [ [ [ 120.232, 5.466 ], [ 120.227, 5.454 ], [ 120.228, 5.464 ], [ 120.231, 5.466 ], [ 120.232, 5.466 ] ] ], [ [ [ 120.246, 5.459 ], [ 120.246, 5.458 ], [ 120.245, 5.459 ], [ 120.246, 5.459 ] ] ], [ [ [ 120.249, 5.456 ], [ 120.248, 5.455 ], [ 120.248, 5.456 ], [ 120.249, 5.456 ] ] ], [ [ [ 120.578, 5.459 ], [ 120.587, 5.468 ], [ 120.59, 5.466 ], [ 120.578, 5.459 ] ] ], [ [ [ 120.795, 5.468 ], [ 120.794, 5.469 ], [ 120.795, 5.469 ], [ 120.795, 5.468 ] ] ], [ [ [ 120.798, 5.47 ], [ 120.794, 5.47 ], [ 120.794, 5.473 ], [ 120.798, 5.47 ] ] ], [ [ [ 120.8, 5.47 ], [ 120.799, 5.469 ], [ 120.799, 5.473 ], [ 120.8, 5.47 ] ] ], [ [ [ 120.925, 5.487 ], [ 120.949, 5.49 ], [ 120.964, 5.501 ], [ 120.962, 5.497 ], [ 120.957, 5.492 ], [ 120.951, 5.489 ], [ 120.926, 5.486 ], [ 120.925, 5.486 ], [ 120.915, 5.488 ], [ 120.905, 5.489 ], [ 120.915, 5.489 ], [ 120.924, 5.487 ], [ 120.925, 5.487 ] ] ], [ [ [ 120.734, 5.477 ], [ 120.743, 5.46 ], [ 120.74, 5.444 ], [ 120.734, 5.477 ] ] ], [ [ [ 120.9, 5.49 ], [ 120.899, 5.49 ], [ 120.899, 5.491 ], [ 120.9, 5.491 ], [ 120.9, 5.49 ] ] ], [ [ [ 120.926, 5.492 ], [ 120.927, 5.493 ], [ 120.927, 5.492 ], [ 120.926, 5.492 ] ] ], [ [ [ 120.941, 5.493 ], [ 120.942, 5.493 ], [ 120.942, 5.492 ], [ 120.941, 5.493 ] ] ], [ [ [ 120.929, 5.494 ], [ 120.929, 5.495 ], [ 120.93, 5.494 ], [ 120.929, 5.494 ] ] ], [ [ [ 120.937, 5.495 ], [ 120.938, 5.495 ], [ 120.938, 5.494 ], [ 120.937, 5.495 ] ] ], [ [ [ 125.5, 5.469 ], [ 125.472, 5.389 ], [ 125.451, 5.435 ], [ 125.477, 5.496 ], [ 125.5, 5.469 ] ] ], [ [ [ 120.943, 5.493 ], [ 120.943, 5.496 ], [ 120.945, 5.494 ], [ 120.943, 5.493 ] ] ], [ [ [ 120.936, 5.498 ], [ 120.936, 5.499 ], [ 120.937, 5.498 ], [ 120.936, 5.498 ] ] ], [ [ [ 120.927, 5.496 ], [ 120.925, 5.495 ], [ 120.924, 5.5 ], [ 120.927, 5.496 ] ] ], [ [ [ 120.931, 5.499 ], [ 120.93, 5.497 ], [ 120.928, 5.501 ], [ 120.931, 5.499 ] ] ], [ [ [ 120.935, 5.503 ], [ 120.934, 5.501 ], [ 120.934, 5.504 ], [ 120.935, 5.503 ] ] ], [ [ [ 120.457, 5.498 ], [ 120.457, 5.487 ], [ 120.447, 5.494 ], [ 120.457, 5.498 ] ] ], [ [ [ 120.951, 5.504 ], [ 120.946, 5.501 ], [ 120.946, 5.507 ], [ 120.951, 5.504 ] ] ], [ [ [ 120.944, 5.505 ], [ 120.942, 5.499 ], [ 120.939, 5.507 ], [ 120.944, 5.505 ] ] ], [ [ [ 120.952, 5.514 ], [ 120.952, 5.509 ], [ 120.948, 5.509 ], [ 120.952, 5.514 ] ] ], [ [ [ 125.487, 5.513 ], [ 125.488, 5.516 ], [ 125.491, 5.513 ], [ 125.487, 5.513 ] ] ], [ [ [ 120.954, 5.515 ], [ 120.952, 5.516 ], [ 120.953, 5.518 ], [ 120.954, 5.515 ] ] ], [ [ [ 120.948, 5.516 ], [ 120.947, 5.517 ], [ 120.949, 5.518 ], [ 120.948, 5.516 ] ] ], [ [ [ 120.955, 5.518 ], [ 120.953, 5.518 ], [ 120.955, 5.519 ], [ 120.955, 5.518 ] ] ], [ [ [ 120.907, 5.524 ], [ 120.908, 5.525 ], [ 120.91, 5.524 ], [ 120.907, 5.524 ] ] ], [ [ [ 120.927, 5.552 ], [ 120.93, 5.549 ], [ 120.93, 5.546 ], [ 120.927, 5.552 ] ] ], [ [ [ 120.753, 5.553 ], [ 120.756, 5.555 ], [ 120.757, 5.551 ], [ 120.753, 5.553 ] ] ], [ [ [ 120.763, 5.555 ], [ 120.761, 5.555 ], [ 120.767, 5.561 ], [ 120.763, 5.555 ] ] ], [ [ [ 120.801, 5.53 ], [ 120.759, 5.498 ], [ 120.76, 5.552 ], [ 120.795, 5.568 ], [ 120.801, 5.53 ] ] ], [ [ [ 120.727, 5.584 ], [ 120.726, 5.585 ], [ 120.73, 5.586 ], [ 120.727, 5.584 ] ] ], [ [ [ 120.907, 5.536 ], [ 120.871, 5.492 ], [ 120.812, 5.545 ], [ 120.856, 5.586 ], [ 120.907, 5.536 ] ] ], [ [ [ 120.872, 5.602 ], [ 120.873, 5.603 ], [ 120.874, 5.602 ], [ 120.872, 5.602 ] ] ], [ [ [ 120.877, 5.6 ], [ 120.875, 5.592 ], [ 120.86, 5.589 ], [ 120.855, 5.6 ], [ 120.857, 5.603 ], [ 120.877, 5.6 ] ] ], [ [ [ 120.285, 5.623 ], [ 120.275, 5.615 ], [ 120.27, 5.623 ], [ 120.285, 5.623 ] ] ], [ [ [ 120.281, 5.637 ], [ 120.28, 5.635 ], [ 120.276, 5.639 ], [ 120.281, 5.637 ] ] ], [ [ [ 120.28, 5.654 ], [ 120.281, 5.656 ], [ 120.283, 5.654 ], [ 120.28, 5.654 ] ] ], [ [ [ 120.821, 5.665 ], [ 120.821, 5.666 ], [ 120.822, 5.665 ], [ 120.821, 5.665 ] ] ], [ [ [ 120.351, 5.667 ], [ 120.354, 5.662 ], [ 120.346, 5.666 ], [ 120.351, 5.667 ] ] ], [ [ [ 121.012, 5.684 ], [ 121.013, 5.685 ], [ 121.013, 5.684 ], [ 121.012, 5.684 ] ] ], [ [ [ 120.216, 5.689 ], [ 120.215, 5.689 ], [ 120.215, 5.69 ], [ 120.216, 5.689 ] ] ], [ [ [ 121.014, 5.686 ], [ 121.009, 5.685 ], [ 121.009, 5.691 ], [ 121.014, 5.686 ] ] ], [ [ [ 121.071, 5.676 ], [ 121.041, 5.658 ], [ 121.012, 5.682 ], [ 121.071, 5.676 ] ] ], [ [ [ 121.016, 5.693 ], [ 121.015, 5.694 ], [ 121.016, 5.694 ], [ 121.016, 5.693 ] ] ], [ [ [ 121.012, 5.672 ], [ 121.01, 5.667 ], [ 120.996, 5.678 ], [ 121.012, 5.672 ] ] ], [ [ [ 120.224, 5.696 ], [ 120.222, 5.692 ], [ 120.218, 5.696 ], [ 120.224, 5.696 ] ] ], [ [ [ 120.888, 5.685 ], [ 120.798, 5.664 ], [ 120.805, 5.7 ], [ 120.888, 5.685 ] ] ], [ [ [ 120.999, 5.719 ], [ 120.999, 5.72 ], [ 121.0, 5.72 ], [ 121.0, 5.719 ], [ 120.999, 5.719 ] ] ], [ [ [ 120.998, 5.721 ], [ 121.002, 5.737 ], [ 121.017, 5.731 ], [ 121.012, 5.716 ], [ 121.001, 5.722 ], [ 120.999, 5.721 ], [ 120.998, 5.721 ] ] ], [ [ [ 120.401, 5.722 ], [ 120.398, 5.72 ], [ 120.399, 5.728 ], [ 120.401, 5.722 ] ] ], [ [ [ 120.3, 5.728 ], [ 120.295, 5.725 ], [ 120.296, 5.731 ], [ 120.3, 5.728 ] ] ], [ [ [ 120.411, 5.75 ], [ 120.412, 5.75 ], [ 120.412, 5.749 ], [ 120.409, 5.749 ], [ 120.411, 5.75 ] ] ], [ [ [ 120.408, 5.755 ], [ 120.408, 5.756 ], [ 120.409, 5.756 ], [ 120.409, 5.755 ], [ 120.408, 5.755 ] ] ], [ [ [ 120.413, 5.754 ], [ 120.413, 5.755 ], [ 120.415, 5.754 ], [ 120.413, 5.754 ] ] ], [ [ [ 120.413, 5.755 ], [ 120.411, 5.753 ], [ 120.409, 5.755 ], [ 120.413, 5.755 ] ] ], [ [ [ 120.935, 5.719 ], [ 120.89, 5.694 ], [ 120.886, 5.742 ], [ 120.935, 5.719 ] ] ], [ [ [ 120.415, 5.763 ], [ 120.413, 5.762 ], [ 120.413, 5.763 ], [ 120.415, 5.763 ] ] ], [ [ [ 120.417, 5.763 ], [ 120.418, 5.763 ], [ 120.419, 5.762 ], [ 120.419, 5.761 ], [ 120.419, 5.76 ], [ 120.415, 5.763 ], [ 120.417, 5.763 ] ] ], [ [ [ 120.415, 5.751 ], [ 120.411, 5.746 ], [ 120.412, 5.749 ], [ 120.415, 5.754 ], [ 120.419, 5.759 ], [ 120.415, 5.751 ] ] ], [ [ [ 119.71, 5.787 ], [ 119.709, 5.787 ], [ 119.71, 5.788 ], [ 119.71, 5.787 ] ] ], [ [ [ 119.723, 5.791 ], [ 119.722, 5.79 ], [ 119.721, 5.792 ], [ 119.723, 5.791 ] ] ], [ [ [ 119.719, 5.792 ], [ 119.716, 5.791 ], [ 119.717, 5.793 ], [ 119.719, 5.792 ] ] ], [ [ [ 121.214, 5.799 ], [ 121.211, 5.797 ], [ 121.209, 5.797 ], [ 121.214, 5.799 ] ] ], [ [ [ 121.208, 5.804 ], [ 121.209, 5.806 ], [ 121.21, 5.804 ], [ 121.208, 5.804 ] ] ], [ [ [ 119.726, 5.797 ], [ 119.723, 5.794 ], [ 119.728, 5.807 ], [ 119.726, 5.797 ] ] ], [ [ [ 120.42, 5.791 ], [ 120.416, 5.773 ], [ 120.395, 5.811 ], [ 120.42, 5.791 ] ] ], [ [ [ 119.729, 5.812 ], [ 119.727, 5.81 ], [ 119.728, 5.813 ], [ 119.729, 5.812 ] ] ], [ [ [ 121.225, 5.815 ], [ 121.223, 5.815 ], [ 121.223, 5.816 ], [ 121.225, 5.815 ] ] ], [ [ [ 121.23, 5.816 ], [ 121.23, 5.815 ], [ 121.227, 5.815 ], [ 121.23, 5.816 ] ] ], [ [ [ 121.238, 5.812 ], [ 121.23, 5.817 ], [ 121.231, 5.818 ], [ 121.238, 5.812 ] ] ], [ [ [ 121.224, 5.808 ], [ 121.228, 5.808 ], [ 121.218, 5.804 ], [ 121.224, 5.808 ] ] ], [ [ [ 121.209, 5.818 ], [ 121.209, 5.82 ], [ 121.211, 5.821 ], [ 121.209, 5.818 ] ] ], [ [ [ 120.795, 5.834 ], [ 120.793, 5.836 ], [ 120.794, 5.837 ], [ 120.795, 5.834 ] ] ], [ [ [ 120.796, 5.84 ], [ 120.799, 5.839 ], [ 120.8, 5.833 ], [ 120.796, 5.84 ] ] ], [ [ [ 120.789, 5.841 ], [ 120.789, 5.84 ], [ 120.779, 5.839 ], [ 120.779, 5.84 ], [ 120.789, 5.841 ] ] ], [ [ [ 120.779, 5.833 ], [ 120.778, 5.829 ], [ 120.791, 5.833 ], [ 120.775, 5.826 ], [ 120.779, 5.839 ], [ 120.779, 5.833 ] ] ], [ [ [ 121.238, 5.838 ], [ 121.24, 5.843 ], [ 121.24, 5.839 ], [ 121.238, 5.838 ] ] ], [ [ [ 121.236, 5.836 ], [ 121.232, 5.839 ], [ 121.238, 5.838 ], [ 121.236, 5.836 ] ] ], [ [ [ 121.021, 5.839 ], [ 121.026, 5.844 ], [ 121.028, 5.842 ], [ 121.021, 5.839 ] ] ], [ [ [ 121.131, 5.843 ], [ 121.13, 5.842 ], [ 121.128, 5.844 ], [ 121.131, 5.843 ] ] ], [ [ [ 121.107, 5.842 ], [ 121.102, 5.839 ], [ 121.101, 5.842 ], [ 121.107, 5.842 ] ] ], [ [ [ 119.736, 5.844 ], [ 119.735, 5.845 ], [ 119.737, 5.845 ], [ 119.736, 5.844 ] ] ], [ [ [ 119.742, 5.843 ], [ 119.742, 5.842 ], [ 119.738, 5.846 ], [ 119.742, 5.843 ] ] ], [ [ [ 119.737, 5.848 ], [ 119.737, 5.847 ], [ 119.734, 5.848 ], [ 119.737, 5.848 ] ] ], [ [ [ 121.194, 5.836 ], [ 121.206, 5.801 ], [ 121.206, 5.8 ], [ 121.139, 5.788 ], [ 121.148, 5.849 ], [ 121.194, 5.836 ] ] ], [ [ [ 121.28, 5.856 ], [ 121.272, 5.854 ], [ 121.267, 5.857 ], [ 121.28, 5.856 ] ] ], [ [ [ 121.092, 5.844 ], [ 121.08, 5.842 ], [ 121.082, 5.856 ], [ 121.092, 5.844 ] ] ], [ [ [ 121.23, 5.852 ], [ 121.237, 5.84 ], [ 121.224, 5.842 ], [ 121.23, 5.852 ] ] ], [ [ [ 119.947, 5.864 ], [ 119.946, 5.864 ], [ 119.944, 5.866 ], [ 119.947, 5.864 ] ] ], [ [ [ 119.962, 5.866 ], [ 119.962, 5.863 ], [ 119.962, 5.862 ], [ 119.956, 5.863 ], [ 119.953, 5.863 ], [ 119.952, 5.864 ], [ 119.962, 5.866 ] ] ], [ [ [ 119.962, 5.87 ], [ 119.962, 5.869 ], [ 119.961, 5.871 ], [ 119.962, 5.87 ] ] ], [ [ [ 121.271, 5.872 ], [ 121.272, 5.868 ], [ 121.275, 5.866 ], [ 121.275, 5.864 ], [ 121.271, 5.867 ], [ 121.271, 5.872 ] ] ], [ [ [ 121.288, 5.857 ], [ 121.276, 5.864 ], [ 121.279, 5.872 ], [ 121.289, 5.868 ], [ 121.288, 5.857 ] ] ], [ [ [ 121.287, 5.871 ], [ 121.286, 5.873 ], [ 121.288, 5.873 ], [ 121.287, 5.871 ] ] ], [ [ [ 119.958, 5.871 ], [ 119.958, 5.873 ], [ 119.96, 5.871 ], [ 119.958, 5.871 ] ] ], [ [ [ 119.957, 5.873 ], [ 119.952, 5.879 ], [ 119.957, 5.877 ], [ 119.958, 5.873 ], [ 119.957, 5.873 ] ] ], [ [ [ 120.011, 5.873 ], [ 120.012, 5.871 ], [ 120.008, 5.868 ], [ 119.995, 5.864 ], [ 119.992, 5.863 ], [ 119.976, 5.861 ], [ 119.972, 5.862 ], [ 120.011, 5.873 ] ] ], [ [ [ 121.209, 5.873 ], [ 121.212, 5.877 ], [ 121.215, 5.875 ], [ 121.209, 5.873 ] ] ], [ [ [ 119.948, 5.875 ], [ 119.946, 5.875 ], [ 119.944, 5.878 ], [ 119.948, 5.875 ] ] ], [ [ [ 119.95, 5.878 ], [ 119.948, 5.877 ], [ 119.948, 5.879 ], [ 119.95, 5.878 ] ] ], [ [ [ 121.068, 5.882 ], [ 121.068, 5.881 ], [ 121.066, 5.883 ], [ 121.068, 5.882 ] ] ], [ [ [ 119.92, 5.874 ], [ 119.919, 5.875 ], [ 119.926, 5.879 ], [ 119.92, 5.874 ] ] ], [ [ [ 119.943, 5.864 ], [ 119.92, 5.872 ], [ 119.92, 5.874 ], [ 119.943, 5.864 ] ] ], [ [ [ 120.019, 5.884 ], [ 120.017, 5.881 ], [ 120.014, 5.887 ], [ 120.019, 5.884 ] ] ], [ [ [ 120.013, 5.888 ], [ 120.013, 5.889 ], [ 120.014, 5.889 ], [ 120.014, 5.888 ], [ 120.013, 5.888 ] ] ], [ [ [ 120.013, 5.889 ], [ 120.01, 5.889 ], [ 120.011, 5.891 ], [ 120.013, 5.889 ] ] ], [ [ [ 119.967, 5.888 ], [ 119.969, 5.891 ], [ 119.97, 5.89 ], [ 119.967, 5.888 ] ] ], [ [ [ 119.971, 5.893 ], [ 119.972, 5.891 ], [ 119.971, 5.89 ], [ 119.97, 5.893 ], [ 119.971, 5.893 ] ] ], [ [ [ 120.076, 5.89 ], [ 120.079, 5.871 ], [ 120.066, 5.887 ], [ 120.076, 5.89 ] ] ], [ [ [ 119.977, 5.895 ], [ 119.977, 5.896 ], [ 119.978, 5.895 ], [ 119.977, 5.895 ] ] ], [ [ [ 120.294, 5.893 ], [ 120.292, 5.892 ], [ 120.29, 5.894 ], [ 120.294, 5.893 ] ] ], [ [ [ 120.011, 5.899 ], [ 120.01, 5.898 ], [ 120.011, 5.896 ], [ 120.009, 5.895 ], [ 120.01, 5.901 ], [ 120.011, 5.899 ] ] ], [ [ [ 120.014, 5.895 ], [ 120.015, 5.894 ], [ 120.015, 5.893 ], [ 120.009, 5.893 ], [ 120.009, 5.895 ], [ 120.014, 5.895 ] ] ], [ [ [ 120.008, 5.9 ], [ 120.007, 5.902 ], [ 120.008, 5.904 ], [ 120.008, 5.902 ], [ 120.009, 5.902 ], [ 120.008, 5.9 ] ] ], [ [ [ 121.385, 5.905 ], [ 121.378, 5.904 ], [ 121.377, 5.904 ], [ 121.377, 5.905 ], [ 121.385, 5.905 ] ] ], [ [ [ 121.05, 5.905 ], [ 121.05, 5.904 ], [ 121.048, 5.904 ], [ 121.047, 5.905 ], [ 121.05, 5.905 ] ] ], [ [ [ 119.983, 5.905 ], [ 119.98, 5.906 ], [ 119.982, 5.906 ], [ 119.983, 5.905 ] ] ], [ [ [ 119.986, 5.904 ], [ 119.983, 5.906 ], [ 119.987, 5.908 ], [ 119.986, 5.904 ] ] ], [ [ [ 121.126, 5.908 ], [ 121.127, 5.909 ], [ 121.128, 5.908 ], [ 121.126, 5.908 ] ] ], [ [ [ 121.374, 5.905 ], [ 121.372, 5.905 ], [ 121.371, 5.906 ], [ 121.374, 5.905 ] ] ], [ [ [ 119.988, 5.91 ], [ 119.981, 5.911 ], [ 119.985, 5.911 ], [ 119.988, 5.91 ] ] ], [ [ [ 121.383, 5.906 ], [ 121.375, 5.909 ], [ 121.377, 5.912 ], [ 121.378, 5.912 ], [ 121.381, 5.913 ], [ 121.381, 5.912 ], [ 121.383, 5.911 ], [ 121.383, 5.906 ] ] ], [ [ [ 119.989, 5.91 ], [ 119.984, 5.913 ], [ 119.986, 5.914 ], [ 119.989, 5.91 ] ] ], [ [ [ 119.999, 5.918 ], [ 119.997, 5.917 ], [ 119.998, 5.92 ], [ 119.999, 5.918 ] ] ], [ [ [ 120.008, 5.919 ], [ 120.006, 5.913 ], [ 120.007, 5.912 ], [ 120.008, 5.904 ], [ 120.006, 5.903 ], [ 120.0, 5.916 ], [ 120.008, 5.919 ] ] ], [ [ [ 119.997, 5.921 ], [ 119.998, 5.922 ], [ 119.998, 5.921 ], [ 119.997, 5.921 ] ] ], [ [ [ 121.385, 5.914 ], [ 121.382, 5.912 ], [ 121.388, 5.922 ], [ 121.385, 5.914 ] ] ], [ [ [ 120.007, 5.921 ], [ 120.005, 5.922 ], [ 120.006, 5.922 ], [ 120.007, 5.921 ] ] ], [ [ [ 119.998, 5.92 ], [ 119.997, 5.919 ], [ 119.997, 5.92 ], [ 119.998, 5.92 ] ] ], [ [ [ 120.001, 5.92 ], [ 120.0, 5.921 ], [ 120.001, 5.923 ], [ 120.001, 5.92 ] ] ], [ [ [ 119.999, 5.923 ], [ 119.999, 5.922 ], [ 119.998, 5.922 ], [ 119.998, 5.923 ], [ 119.999, 5.923 ] ] ], [ [ [ 120.005, 5.924 ], [ 120.006, 5.923 ], [ 120.001, 5.923 ], [ 120.005, 5.924 ] ] ], [ [ [ 120.289, 5.92 ], [ 120.289, 5.919 ], [ 120.283, 5.922 ], [ 120.289, 5.92 ] ] ], [ [ [ 120.12, 5.935 ], [ 120.118, 5.935 ], [ 120.118, 5.936 ], [ 120.12, 5.935 ] ] ], [ [ [ 120.002, 5.937 ], [ 120.002, 5.93 ], [ 119.98, 5.917 ], [ 120.002, 5.937 ] ] ], [ [ [ 120.121, 5.944 ], [ 120.121, 5.943 ], [ 120.12, 5.944 ], [ 120.119, 5.944 ], [ 120.119, 5.945 ], [ 120.119, 5.946 ], [ 120.12, 5.946 ], [ 120.121, 5.946 ], [ 120.121, 5.945 ], [ 120.121, 5.944 ] ] ], [ [ [ 120.118, 5.947 ], [ 120.118, 5.948 ], [ 120.119, 5.948 ], [ 120.121, 5.947 ], [ 120.119, 5.947 ], [ 120.119, 5.946 ], [ 120.118, 5.946 ], [ 120.118, 5.947 ] ] ], [ [ [ 120.117, 5.946 ], [ 120.118, 5.946 ], [ 120.119, 5.945 ], [ 120.118, 5.944 ], [ 120.118, 5.942 ], [ 120.119, 5.944 ], [ 120.119, 5.942 ], [ 120.121, 5.943 ], [ 120.122, 5.943 ], [ 120.122, 5.942 ], [ 120.121, 5.941 ], [ 120.119, 5.94 ], [ 120.119, 5.937 ], [ 120.116, 5.94 ], [ 120.116, 5.941 ], [ 120.116, 5.942 ], [ 120.117, 5.945 ], [ 120.116, 5.945 ], [ 120.114, 5.943 ], [ 120.113, 5.947 ], [ 120.115, 5.946 ], [ 120.117, 5.946 ] ] ], [ [ [ 120.116, 5.948 ], [ 120.116, 5.949 ], [ 120.117, 5.948 ], [ 120.116, 5.948 ] ] ], [ [ [ 120.114, 5.948 ], [ 120.114, 5.947 ], [ 120.113, 5.947 ], [ 120.113, 5.948 ], [ 120.114, 5.948 ] ] ], [ [ [ 120.113, 5.949 ], [ 120.113, 5.948 ], [ 120.112, 5.949 ], [ 120.113, 5.949 ] ] ], [ [ [ 120.121, 5.95 ], [ 120.122, 5.949 ], [ 120.119, 5.948 ], [ 120.121, 5.95 ] ] ], [ [ [ 120.114, 5.951 ], [ 120.115, 5.951 ], [ 120.116, 5.951 ], [ 120.118, 5.95 ], [ 120.116, 5.95 ], [ 120.116, 5.949 ], [ 120.114, 5.949 ], [ 120.113, 5.95 ], [ 120.114, 5.951 ] ] ], [ [ [ 120.121, 5.952 ], [ 120.122, 5.952 ], [ 120.123, 5.952 ], [ 120.122, 5.951 ], [ 120.121, 5.951 ], [ 120.121, 5.952 ] ] ], [ [ [ 120.114, 5.956 ], [ 120.114, 5.957 ], [ 120.115, 5.956 ], [ 120.114, 5.956 ] ] ], [ [ [ 120.117, 5.956 ], [ 120.116, 5.954 ], [ 120.116, 5.956 ], [ 120.117, 5.956 ] ] ], [ [ [ 120.114, 5.958 ], [ 120.114, 5.957 ], [ 120.113, 5.956 ], [ 120.112, 5.958 ], [ 120.114, 5.958 ] ] ], [ [ [ 120.115, 5.959 ], [ 120.114, 5.96 ], [ 120.115, 5.96 ], [ 120.115, 5.959 ] ] ], [ [ [ 120.115, 5.96 ], [ 120.115, 5.961 ], [ 120.116, 5.961 ], [ 120.116, 5.96 ], [ 120.115, 5.96 ] ] ], [ [ [ 120.111, 5.963 ], [ 120.109, 5.961 ], [ 120.108, 5.962 ], [ 120.111, 5.963 ] ] ], [ [ [ 120.107, 5.964 ], [ 120.106, 5.963 ], [ 120.105, 5.965 ], [ 120.107, 5.964 ] ] ], [ [ [ 120.109, 5.966 ], [ 120.11, 5.965 ], [ 120.107, 5.965 ], [ 120.108, 5.966 ], [ 120.109, 5.966 ] ] ], [ [ [ 120.105, 5.965 ], [ 120.104, 5.965 ], [ 120.104, 5.966 ], [ 120.104, 5.967 ], [ 120.105, 5.967 ], [ 120.105, 5.966 ], [ 120.105, 5.965 ] ] ], [ [ [ 120.113, 5.964 ], [ 120.112, 5.962 ], [ 120.111, 5.963 ], [ 120.111, 5.965 ], [ 120.113, 5.964 ] ] ], [ [ [ 120.108, 5.967 ], [ 120.106, 5.967 ], [ 120.108, 5.968 ], [ 120.108, 5.967 ] ] ], [ [ [ 120.124, 5.957 ], [ 120.122, 5.953 ], [ 120.119, 5.962 ], [ 120.117, 5.961 ], [ 120.116, 5.961 ], [ 120.119, 5.966 ], [ 120.121, 5.968 ], [ 120.124, 5.957 ] ] ], [ [ [ 120.107, 5.972 ], [ 120.105, 5.971 ], [ 120.104, 5.971 ], [ 120.104, 5.972 ], [ 120.107, 5.972 ] ] ], [ [ [ 120.109, 5.978 ], [ 120.109, 5.977 ], [ 120.108, 5.977 ], [ 120.109, 5.978 ] ] ], [ [ [ 121.598, 5.955 ], [ 121.571, 5.932 ], [ 121.558, 5.955 ], [ 121.598, 5.955 ] ] ], [ [ [ 120.098, 5.977 ], [ 120.097, 5.979 ], [ 120.099, 5.98 ], [ 120.098, 5.977 ] ] ], [ [ [ 120.121, 5.97 ], [ 120.119, 5.966 ], [ 120.114, 5.964 ], [ 120.121, 5.97 ] ] ], [ [ [ 120.101, 5.979 ], [ 120.1, 5.98 ], [ 120.102, 5.98 ], [ 120.101, 5.979 ] ] ], [ [ [ 120.099, 5.96 ], [ 120.109, 5.96 ], [ 120.113, 5.939 ], [ 120.118, 5.935 ], [ 120.122, 5.932 ], [ 120.12, 5.917 ], [ 120.089, 5.974 ], [ 120.099, 5.96 ] ] ], [ [ [ 120.113, 5.984 ], [ 120.112, 5.982 ], [ 120.11, 5.984 ], [ 120.113, 5.984 ] ] ], [ [ [ 120.115, 5.982 ], [ 120.116, 5.98 ], [ 120.113, 5.982 ], [ 120.115, 5.982 ] ] ], [ [ [ 120.104, 5.984 ], [ 120.104, 5.983 ], [ 120.103, 5.984 ], [ 120.104, 5.985 ], [ 120.104, 5.984 ] ] ], [ [ [ 120.101, 5.984 ], [ 120.096, 5.984 ], [ 120.101, 5.988 ], [ 120.101, 5.984 ] ] ], [ [ [ 120.098, 5.981 ], [ 120.097, 5.979 ], [ 120.095, 5.984 ], [ 120.096, 5.984 ], [ 120.098, 5.981 ] ] ], [ [ [ 120.406, 5.979 ], [ 120.406, 5.977 ], [ 120.399, 5.984 ], [ 120.406, 5.979 ] ] ], [ [ [ 120.11, 5.988 ], [ 120.111, 5.985 ], [ 120.11, 5.984 ], [ 120.109, 5.983 ], [ 120.11, 5.988 ] ] ], [ [ [ 120.413, 5.975 ], [ 120.41, 5.969 ], [ 120.404, 5.991 ], [ 120.413, 5.975 ] ] ], [ [ [ 121.667, 5.993 ], [ 121.661, 5.993 ], [ 121.664, 5.994 ], [ 121.667, 5.993 ] ] ], [ [ [ 121.667, 5.995 ], [ 121.664, 5.995 ], [ 121.665, 5.997 ], [ 121.667, 5.995 ] ] ], [ [ [ 121.358, 5.999 ], [ 121.357, 5.998 ], [ 121.357, 5.999 ], [ 121.358, 5.999 ] ] ], [ [ [ 121.364, 6.005 ], [ 121.365, 6.003 ], [ 121.347, 6.008 ], [ 121.364, 6.005 ] ] ], [ [ [ 121.339, 6.007 ], [ 121.339, 6.008 ], [ 121.339, 6.009 ], [ 121.346, 6.01 ], [ 121.339, 6.007 ] ] ], [ [ [ 121.657, 6.011 ], [ 121.659, 6.012 ], [ 121.657, 6.009 ], [ 121.657, 6.011 ] ] ], [ [ [ 121.368, 6.015 ], [ 121.371, 6.013 ], [ 121.364, 6.014 ], [ 121.368, 6.016 ], [ 121.368, 6.015 ] ] ], [ [ [ 121.374, 6.012 ], [ 121.374, 6.011 ], [ 121.373, 6.01 ], [ 121.373, 6.012 ], [ 121.374, 6.012 ] ] ], [ [ [ 121.366, 6.011 ], [ 121.368, 6.007 ], [ 121.362, 6.014 ], [ 121.364, 6.014 ], [ 121.366, 6.011 ] ] ], [ [ [ 121.661, 6.022 ], [ 121.66, 6.018 ], [ 121.66, 6.022 ], [ 121.661, 6.022 ] ] ], [ [ [ 121.693, 6.021 ], [ 121.691, 6.018 ], [ 121.684, 6.025 ], [ 121.693, 6.021 ] ] ], [ [ [ 121.728, 6.031 ], [ 121.727, 6.029 ], [ 121.724, 6.025 ], [ 121.7, 6.017 ], [ 121.693, 6.006 ], [ 121.693, 6.008 ], [ 121.698, 6.017 ], [ 121.728, 6.031 ] ] ], [ [ [ 121.694, 5.997 ], [ 121.692, 5.995 ], [ 121.667, 5.988 ], [ 121.655, 5.992 ], [ 121.653, 5.995 ], [ 121.658, 6.004 ], [ 121.661, 6.006 ], [ 121.659, 5.992 ], [ 121.667, 5.993 ], [ 121.691, 5.996 ], [ 121.693, 6.006 ], [ 121.694, 5.997 ] ] ], [ [ [ 121.723, 6.031 ], [ 121.723, 6.03 ], [ 121.721, 6.032 ], [ 121.723, 6.031 ] ] ], [ [ [ 121.918, 6.031 ], [ 121.915, 6.031 ], [ 121.915, 6.032 ], [ 121.918, 6.031 ] ] ], [ [ [ 121.912, 6.026 ], [ 121.902, 6.02 ], [ 121.899, 6.027 ], [ 121.912, 6.026 ] ] ], [ [ [ 121.719, 6.031 ], [ 121.72, 6.034 ], [ 121.72, 6.032 ], [ 121.719, 6.031 ] ] ], [ [ [ 121.327, 6.024 ], [ 121.315, 6.017 ], [ 121.317, 6.031 ], [ 121.327, 6.024 ] ] ], [ [ [ 121.666, 6.038 ], [ 121.665, 6.037 ], [ 121.663, 6.04 ], [ 121.666, 6.038 ] ] ], [ [ [ 121.556, 6.016 ], [ 121.526, 5.993 ], [ 121.541, 6.039 ], [ 121.556, 6.016 ] ] ], [ [ [ 120.969, 6.044 ], [ 120.97, 6.043 ], [ 120.968, 6.043 ], [ 120.969, 6.044 ] ] ], [ [ [ 121.924, 6.036 ], [ 121.909, 6.035 ], [ 121.921, 6.038 ], [ 121.924, 6.036 ] ] ], [ [ [ 121.523, 6.044 ], [ 121.514, 6.042 ], [ 121.515, 6.05 ], [ 121.523, 6.044 ] ] ], [ [ [ 121.794, 6.045 ], [ 121.793, 6.044 ], [ 121.792, 6.045 ], [ 121.794, 6.045 ] ] ], [ [ [ 121.671, 6.052 ], [ 121.672, 6.053 ], [ 121.672, 6.05 ], [ 121.671, 6.052 ] ] ], [ [ [ 121.7, 6.05 ], [ 121.697, 6.048 ], [ 121.695, 6.053 ], [ 121.7, 6.05 ] ] ], [ [ [ 121.681, 6.053 ], [ 121.679, 6.054 ], [ 121.681, 6.055 ], [ 121.681, 6.053 ] ] ], [ [ [ 121.78, 6.053 ], [ 121.779, 6.052 ], [ 121.778, 6.053 ], [ 121.777, 6.054 ], [ 121.777, 6.055 ], [ 121.78, 6.053 ] ] ], [ [ [ 121.911, 6.019 ], [ 121.903, 6.016 ], [ 121.942, 6.042 ], [ 121.911, 6.019 ] ] ], [ [ [ 121.683, 6.056 ], [ 121.675, 6.056 ], [ 121.677, 6.057 ], [ 121.683, 6.056 ] ] ], [ [ [ 121.433, 6.037 ], [ 121.424, 6.014 ], [ 121.381, 6.026 ], [ 121.433, 6.037 ] ] ], [ [ [ 120.488, 6.057 ], [ 120.488, 6.048 ], [ 120.48, 6.053 ], [ 120.488, 6.057 ] ] ], [ [ [ 121.772, 6.061 ], [ 121.771, 6.061 ], [ 121.769, 6.064 ], [ 121.772, 6.061 ] ] ], [ [ [ 121.461, 6.064 ], [ 121.445, 6.051 ], [ 121.442, 6.072 ], [ 121.461, 6.064 ] ] ], [ [ [ 121.717, 6.07 ], [ 121.721, 6.06 ], [ 121.711, 6.062 ], [ 121.708, 6.073 ], [ 121.701, 6.074 ], [ 121.711, 6.075 ], [ 121.717, 6.07 ] ] ], [ [ [ 121.174, 6.078 ], [ 121.177, 6.076 ], [ 121.167, 6.071 ], [ 121.174, 6.078 ] ] ], [ [ [ 121.759, 6.078 ], [ 121.768, 6.071 ], [ 121.759, 6.075 ], [ 121.757, 6.078 ], [ 121.759, 6.078 ] ] ], [ [ [ 118.318, 6.074 ], [ 118.309, 6.072 ], [ 118.31, 6.078 ], [ 118.318, 6.074 ] ] ], [ [ [ 121.279, 6.077 ], [ 121.265, 6.075 ], [ 121.265, 6.077 ], [ 121.279, 6.077 ] ] ], [ [ [ 121.154, 6.078 ], [ 121.187, 6.017 ], [ 121.206, 5.996 ], [ 121.359, 5.983 ], [ 121.394, 6.011 ], [ 121.425, 5.96 ], [ 121.341, 5.905 ], [ 121.293, 5.874 ], [ 121.195, 5.956 ], [ 121.059, 5.888 ], [ 121.062, 5.903 ], [ 121.033, 5.93 ], [ 120.941, 5.89 ], [ 120.886, 5.917 ], [ 120.88, 5.92 ], [ 120.918, 6.025 ], [ 120.979, 6.043 ], [ 120.998, 6.053 ], [ 121.017, 6.087 ], [ 121.154, 6.078 ] ] ], [ [ [ 121.657, 6.078 ], [ 121.655, 6.079 ], [ 121.663, 6.091 ], [ 121.657, 6.078 ] ] ], [ [ [ 121.818, 6.039 ], [ 121.902, 6.015 ], [ 121.849, 6.001 ], [ 121.765, 6.095 ], [ 121.818, 6.039 ] ] ], [ [ [ 120.961, 6.102 ], [ 120.965, 6.106 ], [ 120.966, 6.105 ], [ 120.961, 6.101 ], [ 120.961, 6.102 ] ] ], [ [ [ 118.449, 6.101 ], [ 118.446, 6.101 ], [ 118.444, 6.105 ], [ 118.449, 6.101 ] ] ], [ [ [ 120.381, 6.103 ], [ 120.383, 6.097 ], [ 120.374, 6.105 ], [ 120.381, 6.103 ] ] ], [ [ [ 120.508, 6.112 ], [ 120.514, 6.105 ], [ 120.514, 6.098 ], [ 120.508, 6.112 ] ] ], [ [ [ 120.967, 6.113 ], [ 120.957, 6.108 ], [ 120.962, 6.114 ], [ 120.967, 6.113 ] ] ], [ [ [ 120.978, 6.12 ], [ 120.974, 6.121 ], [ 120.978, 6.121 ], [ 120.978, 6.12 ] ] ], [ [ [ 120.532, 6.121 ], [ 120.532, 6.122 ], [ 120.533, 6.121 ], [ 120.532, 6.121 ] ] ], [ [ [ 120.909, 6.125 ], [ 120.907, 6.124 ], [ 120.902, 6.123 ], [ 120.9, 6.123 ], [ 120.909, 6.125 ] ] ], [ [ [ 120.984, 6.13 ], [ 120.982, 6.131 ], [ 120.984, 6.131 ], [ 120.984, 6.13 ] ] ], [ [ [ 120.996, 6.13 ], [ 120.986, 6.122 ], [ 120.985, 6.122 ], [ 120.996, 6.13 ] ] ], [ [ [ 120.452, 6.134 ], [ 120.451, 6.133 ], [ 120.451, 6.135 ], [ 120.452, 6.134 ] ] ], [ [ [ 120.447, 6.134 ], [ 120.443, 6.133 ], [ 120.443, 6.134 ], [ 120.447, 6.134 ] ] ], [ [ [ 120.442, 6.133 ], [ 120.439, 6.134 ], [ 120.435, 6.138 ], [ 120.442, 6.133 ] ] ], [ [ [ 120.443, 6.136 ], [ 120.444, 6.135 ], [ 120.443, 6.134 ], [ 120.442, 6.133 ], [ 120.443, 6.136 ] ] ], [ [ [ 120.531, 6.135 ], [ 120.532, 6.139 ], [ 120.531, 6.132 ], [ 120.531, 6.135 ] ] ], [ [ [ 120.535, 6.133 ], [ 120.538, 6.141 ], [ 120.552, 6.129 ], [ 120.535, 6.133 ] ] ], [ [ [ 120.431, 6.139 ], [ 120.435, 6.137 ], [ 120.431, 6.138 ], [ 120.431, 6.139 ] ] ], [ [ [ 120.546, 6.141 ], [ 120.551, 6.137 ], [ 120.556, 6.127 ], [ 120.546, 6.141 ] ] ], [ [ [ 120.557, 6.127 ], [ 120.557, 6.126 ], [ 120.556, 6.124 ], [ 120.553, 6.118 ], [ 120.548, 6.114 ], [ 120.546, 6.113 ], [ 120.556, 6.127 ], [ 120.557, 6.127 ] ] ], [ [ [ 121.768, 6.14 ], [ 121.768, 6.137 ], [ 121.762, 6.139 ], [ 121.768, 6.14 ] ] ], [ [ [ 121.85, 6.12 ], [ 121.821, 6.119 ], [ 121.819, 6.134 ], [ 121.85, 6.12 ] ] ], [ [ [ 120.935, 6.146 ], [ 120.934, 6.145 ], [ 120.935, 6.148 ], [ 120.935, 6.146 ] ] ], [ [ [ 120.426, 6.144 ], [ 120.424, 6.147 ], [ 120.427, 6.145 ], [ 120.426, 6.144 ] ] ], [ [ [ 120.474, 6.141 ], [ 120.48, 6.149 ], [ 120.482, 6.142 ], [ 120.474, 6.141 ] ] ], [ [ [ 120.415, 6.154 ], [ 120.416, 6.158 ], [ 120.422, 6.158 ], [ 120.418, 6.157 ], [ 120.417, 6.157 ], [ 120.417, 6.155 ], [ 120.416, 6.154 ], [ 120.415, 6.154 ] ] ], [ [ [ 121.871, 6.155 ], [ 121.87, 6.156 ], [ 121.871, 6.156 ], [ 121.871, 6.155 ] ] ], [ [ [ 120.45, 6.15 ], [ 120.447, 6.139 ], [ 120.423, 6.155 ], [ 120.45, 6.15 ] ] ], [ [ [ 120.429, 6.164 ], [ 120.428, 6.164 ], [ 120.427, 6.164 ], [ 120.443, 6.171 ], [ 120.457, 6.171 ], [ 120.459, 6.171 ], [ 120.459, 6.17 ], [ 120.444, 6.17 ], [ 120.431, 6.165 ], [ 120.43, 6.164 ], [ 120.429, 6.164 ] ] ], [ [ [ 120.944, 6.167 ], [ 120.944, 6.169 ], [ 120.945, 6.168 ], [ 120.944, 6.167 ] ] ], [ [ [ 120.991, 6.168 ], [ 120.992, 6.169 ], [ 120.992, 6.168 ], [ 120.991, 6.168 ] ] ], [ [ [ 120.94, 6.167 ], [ 120.937, 6.167 ], [ 120.937, 6.171 ], [ 120.94, 6.167 ] ] ], [ [ [ 121.007, 6.171 ], [ 121.008, 6.169 ], [ 121.009, 6.166 ], [ 121.007, 6.162 ], [ 121.004, 6.16 ], [ 121.007, 6.171 ] ] ], [ [ [ 121.006, 6.171 ], [ 121.004, 6.171 ], [ 121.005, 6.172 ], [ 121.006, 6.171 ] ] ], [ [ [ 120.949, 6.172 ], [ 120.951, 6.175 ], [ 120.952, 6.174 ], [ 120.949, 6.172 ] ] ], [ [ [ 121.829, 6.146 ], [ 121.807, 6.131 ], [ 121.797, 6.156 ], [ 121.829, 6.146 ] ] ], [ [ [ 118.123, 6.186 ], [ 118.115, 6.186 ], [ 118.119, 6.19 ], [ 118.123, 6.186 ] ] ], [ [ [ 120.961, 6.185 ], [ 120.962, 6.18 ], [ 120.958, 6.19 ], [ 120.958, 6.192 ], [ 120.958, 6.193 ], [ 120.961, 6.185 ] ] ], [ [ [ 120.959, 6.194 ], [ 120.958, 6.194 ], [ 120.958, 6.195 ], [ 120.959, 6.195 ], [ 120.959, 6.194 ] ] ], [ [ [ 120.99, 6.195 ], [ 120.991, 6.181 ], [ 120.961, 6.198 ], [ 120.99, 6.195 ] ] ], [ [ [ 121.054, 6.202 ], [ 121.05, 6.196 ], [ 121.041, 6.203 ], [ 121.054, 6.202 ] ] ], [ [ [ 120.852, 6.217 ], [ 120.86, 6.216 ], [ 120.863, 6.214 ], [ 120.861, 6.208 ], [ 120.851, 6.206 ], [ 120.846, 6.207 ], [ 120.86, 6.209 ], [ 120.849, 6.213 ], [ 120.852, 6.218 ], [ 120.852, 6.217 ] ] ], [ [ [ 118.069, 6.231 ], [ 118.064, 6.228 ], [ 118.07, 6.236 ], [ 118.069, 6.231 ] ] ], [ [ [ 121.846, 6.225 ], [ 121.837, 6.215 ], [ 121.832, 6.238 ], [ 121.846, 6.225 ] ] ], [ [ [ 121.59, 6.248 ], [ 121.584, 6.251 ], [ 121.588, 6.254 ], [ 121.59, 6.248 ] ] ], [ [ [ 121.612, 6.261 ], [ 121.613, 6.265 ], [ 121.617, 6.26 ], [ 121.612, 6.261 ] ] ], [ [ [ 121.993, 6.287 ], [ 121.993, 6.288 ], [ 121.994, 6.288 ], [ 121.993, 6.287 ] ] ], [ [ [ 122.0, 6.288 ], [ 121.997, 6.287 ], [ 121.997, 6.289 ], [ 121.997, 6.29 ], [ 121.998, 6.29 ], [ 121.998, 6.289 ], [ 122.0, 6.288 ] ] ], [ [ [ 121.993, 6.286 ], [ 121.993, 6.287 ], [ 121.996, 6.287 ], [ 121.993, 6.286 ] ] ], [ [ [ 121.996, 6.289 ], [ 121.996, 6.287 ], [ 121.995, 6.288 ], [ 121.996, 6.289 ] ] ], [ [ [ 118.075, 6.281 ], [ 118.071, 6.282 ], [ 118.079, 6.29 ], [ 118.075, 6.281 ] ] ], [ [ [ 120.638, 6.251 ], [ 120.622, 6.264 ], [ 120.645, 6.293 ], [ 120.638, 6.251 ] ] ], [ [ [ 122.009, 6.294 ], [ 122.01, 6.295 ], [ 122.01, 6.294 ], [ 122.009, 6.294 ] ] ], [ [ [ 122.013, 6.288 ], [ 121.982, 6.28 ], [ 121.971, 6.279 ], [ 121.966, 6.285 ], [ 121.98, 6.281 ], [ 121.98, 6.286 ], [ 121.982, 6.283 ], [ 121.995, 6.285 ], [ 122.007, 6.29 ], [ 122.013, 6.288 ] ] ], [ [ [ 121.973, 6.296 ], [ 121.972, 6.297 ], [ 121.974, 6.298 ], [ 121.973, 6.296 ] ] ], [ [ [ 121.992, 6.304 ], [ 121.992, 6.303 ], [ 121.988, 6.286 ], [ 121.975, 6.302 ], [ 121.961, 6.289 ], [ 121.967, 6.311 ], [ 121.992, 6.304 ] ] ], [ [ [ 121.994, 6.31 ], [ 121.989, 6.311 ], [ 121.989, 6.312 ], [ 121.994, 6.31 ] ] ], [ [ [ 120.66, 6.316 ], [ 120.66, 6.315 ], [ 120.655, 6.319 ], [ 120.66, 6.316 ] ] ], [ [ [ 120.58, 6.317 ], [ 120.576, 6.313 ], [ 120.572, 6.318 ], [ 120.58, 6.317 ] ] ], [ [ [ 121.919, 6.318 ], [ 121.924, 6.328 ], [ 121.93, 6.318 ], [ 121.919, 6.318 ] ] ], [ [ [ 120.584, 6.333 ], [ 120.582, 6.332 ], [ 120.582, 6.333 ], [ 120.584, 6.333 ] ] ], [ [ [ 120.847, 6.332 ], [ 120.845, 6.331 ], [ 120.845, 6.333 ], [ 120.847, 6.332 ] ] ], [ [ [ 121.968, 6.334 ], [ 121.967, 6.333 ], [ 121.966, 6.334 ], [ 121.968, 6.334 ] ] ], [ [ [ 120.848, 6.335 ], [ 120.849, 6.336 ], [ 120.849, 6.335 ], [ 120.848, 6.335 ] ] ], [ [ [ 122.038, 6.315 ], [ 122.047, 6.337 ], [ 122.053, 6.334 ], [ 122.038, 6.315 ] ] ], [ [ [ 120.867, 6.338 ], [ 120.867, 6.337 ], [ 120.866, 6.338 ], [ 120.867, 6.338 ] ] ], [ [ [ 120.863, 6.339 ], [ 120.863, 6.34 ], [ 120.864, 6.34 ], [ 120.863, 6.339 ] ] ], [ [ [ 122.021, 6.327 ], [ 122.017, 6.332 ], [ 122.019, 6.34 ], [ 122.021, 6.327 ] ] ], [ [ [ 120.855, 6.34 ], [ 120.85, 6.338 ], [ 120.85, 6.339 ], [ 120.855, 6.34 ] ] ], [ [ [ 120.876, 6.327 ], [ 120.872, 6.318 ], [ 120.874, 6.334 ], [ 120.876, 6.327 ] ] ], [ [ [ 120.871, 6.314 ], [ 120.857, 6.308 ], [ 120.842, 6.31 ], [ 120.872, 6.318 ], [ 120.871, 6.314 ] ] ], [ [ [ 120.861, 6.342 ], [ 120.861, 6.343 ], [ 120.862, 6.342 ], [ 120.861, 6.342 ] ] ], [ [ [ 120.58, 6.345 ], [ 120.581, 6.345 ], [ 120.581, 6.344 ], [ 120.58, 6.345 ] ] ], [ [ [ 122.034, 6.333 ], [ 122.025, 6.332 ], [ 122.019, 6.34 ], [ 122.019, 6.341 ], [ 122.034, 6.333 ] ] ], [ [ [ 120.59, 6.351 ], [ 120.588, 6.349 ], [ 120.587, 6.35 ], [ 120.59, 6.351 ] ] ], [ [ [ 120.589, 6.352 ], [ 120.589, 6.353 ], [ 120.591, 6.353 ], [ 120.589, 6.352 ] ] ], [ [ [ 121.962, 6.335 ], [ 121.951, 6.346 ], [ 121.963, 6.358 ], [ 121.962, 6.335 ] ] ], [ [ [ 120.587, 6.357 ], [ 120.584, 6.356 ], [ 120.584, 6.36 ], [ 120.587, 6.357 ] ] ], [ [ [ 121.982, 6.345 ], [ 121.976, 6.342 ], [ 121.971, 6.359 ], [ 121.982, 6.345 ] ] ], [ [ [ 120.583, 6.365 ], [ 120.584, 6.36 ], [ 120.582, 6.365 ], [ 120.583, 6.365 ] ] ], [ [ [ 120.587, 6.364 ], [ 120.586, 6.364 ], [ 120.586, 6.365 ], [ 120.587, 6.364 ] ] ], [ [ [ 120.59, 6.366 ], [ 120.589, 6.366 ], [ 120.589, 6.368 ], [ 120.59, 6.366 ] ] ], [ [ [ 120.59, 6.368 ], [ 120.589, 6.368 ], [ 120.589, 6.369 ], [ 120.59, 6.369 ], [ 120.591, 6.37 ], [ 120.591, 6.368 ], [ 120.59, 6.368 ] ] ], [ [ [ 120.59, 6.366 ], [ 120.594, 6.368 ], [ 120.593, 6.362 ], [ 120.589, 6.364 ], [ 120.59, 6.366 ] ] ], [ [ [ 120.562, 6.355 ], [ 120.577, 6.25 ], [ 120.479, 6.254 ], [ 120.518, 6.263 ], [ 120.557, 6.374 ], [ 120.596, 6.395 ], [ 120.562, 6.355 ] ] ], [ [ [ 122.037, 6.393 ], [ 122.04, 6.398 ], [ 122.041, 6.396 ], [ 122.037, 6.393 ] ] ], [ [ [ 120.709, 6.398 ], [ 120.711, 6.4 ], [ 120.711, 6.398 ], [ 120.709, 6.398 ] ] ], [ [ [ 120.669, 6.409 ], [ 120.667, 6.415 ], [ 120.668, 6.415 ], [ 120.671, 6.41 ], [ 120.669, 6.408 ], [ 120.669, 6.409 ] ] ], [ [ [ 120.672, 6.405 ], [ 120.68, 6.403 ], [ 120.671, 6.404 ], [ 120.672, 6.405 ] ] ], [ [ [ 120.715, 6.415 ], [ 120.716, 6.415 ], [ 120.716, 6.413 ], [ 120.715, 6.415 ] ] ], [ [ [ 120.674, 6.413 ], [ 120.674, 6.416 ], [ 120.675, 6.416 ], [ 120.674, 6.413 ] ] ], [ [ [ 120.714, 6.419 ], [ 120.714, 6.424 ], [ 120.715, 6.424 ], [ 120.714, 6.419 ] ] ], [ [ [ 120.685, 6.423 ], [ 120.685, 6.425 ], [ 120.686, 6.424 ], [ 120.685, 6.423 ] ] ], [ [ [ 121.954, 6.424 ], [ 121.952, 6.424 ], [ 121.952, 6.426 ], [ 121.954, 6.424 ] ] ], [ [ [ 126.228, 6.429 ], [ 126.226, 6.426 ], [ 126.222, 6.429 ], [ 126.228, 6.429 ] ] ], [ [ [ 120.686, 6.426 ], [ 120.668, 6.415 ], [ 120.669, 6.417 ], [ 120.679, 6.424 ], [ 120.686, 6.426 ] ] ], [ [ [ 120.712, 6.437 ], [ 120.712, 6.434 ], [ 120.714, 6.432 ], [ 120.715, 6.428 ], [ 120.686, 6.426 ], [ 120.712, 6.437 ] ] ], [ [ [ 121.926, 6.436 ], [ 121.923, 6.437 ], [ 121.923, 6.438 ], [ 121.926, 6.436 ] ] ], [ [ [ 121.948, 6.431 ], [ 121.947, 6.432 ], [ 121.946, 6.433 ], [ 121.945, 6.435 ], [ 121.945, 6.439 ], [ 121.949, 6.431 ], [ 121.948, 6.431 ] ] ], [ [ [ 120.786, 6.437 ], [ 120.793, 6.418 ], [ 120.779, 6.433 ], [ 120.786, 6.437 ] ] ], [ [ [ 121.937, 6.442 ], [ 121.936, 6.443 ], [ 121.937, 6.443 ], [ 121.937, 6.442 ] ] ], [ [ [ 121.855, 6.453 ], [ 121.857, 6.453 ], [ 121.857, 6.452 ], [ 121.855, 6.453 ] ] ], [ [ [ 124.021, 6.456 ], [ 124.021, 6.463 ], [ 124.024, 6.46 ], [ 124.021, 6.456 ] ] ], [ [ [ 122.201, 6.463 ], [ 122.199, 6.463 ], [ 122.2, 6.464 ], [ 122.201, 6.463 ] ] ], [ [ [ 122.231, 6.451 ], [ 122.228, 6.447 ], [ 122.225, 6.447 ], [ 122.231, 6.451 ] ] ], [ [ [ 121.834, 6.459 ], [ 121.826, 6.448 ], [ 121.816, 6.462 ], [ 121.834, 6.459 ] ] ], [ [ [ 122.214, 6.464 ], [ 122.22, 6.457 ], [ 122.209, 6.463 ], [ 122.206, 6.466 ], [ 122.205, 6.469 ], [ 122.206, 6.471 ], [ 122.214, 6.464 ] ] ], [ [ [ 121.773, 6.521 ], [ 121.781, 6.526 ], [ 121.782, 6.522 ], [ 121.773, 6.521 ] ] ], [ [ [ 121.789, 6.527 ], [ 121.788, 6.532 ], [ 121.792, 6.529 ], [ 121.789, 6.527 ] ] ], [ [ [ 121.836, 6.53 ], [ 121.837, 6.533 ], [ 121.839, 6.532 ], [ 121.836, 6.53 ] ] ], [ [ [ 121.868, 6.535 ], [ 121.871, 6.536 ], [ 121.87, 6.534 ], [ 121.868, 6.535 ] ] ], [ [ [ 121.764, 6.535 ], [ 121.756, 6.534 ], [ 121.755, 6.54 ], [ 121.764, 6.535 ] ] ], [ [ [ 121.863, 6.549 ], [ 121.864, 6.551 ], [ 121.866, 6.549 ], [ 121.863, 6.549 ] ] ], [ [ [ 121.833, 6.547 ], [ 121.831, 6.551 ], [ 121.834, 6.551 ], [ 121.833, 6.547 ] ] ], [ [ [ 121.859, 6.552 ], [ 121.86, 6.553 ], [ 121.86, 6.552 ], [ 121.859, 6.552 ] ] ], [ [ [ 121.803, 6.553 ], [ 121.806, 6.549 ], [ 121.791, 6.552 ], [ 121.803, 6.553 ] ] ], [ [ [ 121.748, 6.569 ], [ 121.749, 6.563 ], [ 121.743, 6.567 ], [ 121.748, 6.569 ] ] ], [ [ [ 121.69, 6.571 ], [ 121.692, 6.587 ], [ 121.698, 6.567 ], [ 121.69, 6.571 ] ] ], [ [ [ 121.567, 6.587 ], [ 121.567, 6.585 ], [ 121.566, 6.583 ], [ 121.567, 6.587 ] ] ], [ [ [ 121.613, 6.586 ], [ 121.612, 6.583 ], [ 121.611, 6.587 ], [ 121.613, 6.586 ] ] ], [ [ [ 121.78, 6.593 ], [ 121.781, 6.588 ], [ 121.774, 6.589 ], [ 121.78, 6.593 ] ] ], [ [ [ 121.615, 6.597 ], [ 121.615, 6.598 ], [ 121.616, 6.599 ], [ 121.615, 6.597 ] ] ], [ [ [ 121.566, 6.597 ], [ 121.565, 6.592 ], [ 121.56, 6.594 ], [ 121.566, 6.597 ] ] ], [ [ [ 121.617, 6.605 ], [ 121.614, 6.607 ], [ 121.612, 6.611 ], [ 121.617, 6.605 ] ] ], [ [ [ 121.754, 6.612 ], [ 121.755, 6.613 ], [ 121.757, 6.611 ], [ 121.754, 6.612 ] ] ], [ [ [ 121.796, 6.61 ], [ 121.792, 6.609 ], [ 121.789, 6.616 ], [ 121.796, 6.61 ] ] ], [ [ [ 121.554, 6.619 ], [ 121.544, 6.615 ], [ 121.548, 6.624 ], [ 121.554, 6.619 ] ] ], [ [ [ 121.517, 6.625 ], [ 121.518, 6.624 ], [ 121.517, 6.615 ], [ 121.517, 6.625 ] ] ], [ [ [ 126.068, 6.629 ], [ 126.07, 6.629 ], [ 126.068, 6.627 ], [ 126.068, 6.629 ] ] ], [ [ [ 121.606, 6.626 ], [ 121.611, 6.612 ], [ 121.6, 6.624 ], [ 121.599, 6.626 ], [ 121.6, 6.632 ], [ 121.6, 6.633 ], [ 121.606, 6.626 ] ] ], [ [ [ 121.622, 6.612 ], [ 121.619, 6.619 ], [ 121.62, 6.622 ], [ 121.622, 6.612 ] ] ], [ [ [ 121.562, 6.63 ], [ 121.559, 6.629 ], [ 121.559, 6.636 ], [ 121.562, 6.63 ] ] ], [ [ [ 121.588, 6.626 ], [ 121.57, 6.633 ], [ 121.57, 6.64 ], [ 121.575, 6.643 ], [ 121.588, 6.626 ] ] ], [ [ [ 121.642, 6.643 ], [ 121.638, 6.638 ], [ 121.638, 6.643 ], [ 121.642, 6.643 ] ] ], [ [ [ 121.6, 6.643 ], [ 121.599, 6.644 ], [ 121.6, 6.644 ], [ 121.6, 6.643 ] ] ], [ [ [ 121.572, 6.645 ], [ 121.569, 6.644 ], [ 121.569, 6.646 ], [ 121.571, 6.647 ], [ 121.572, 6.645 ] ] ], [ [ [ 121.805, 6.65 ], [ 121.806, 6.652 ], [ 121.807, 6.652 ], [ 121.805, 6.65 ] ] ], [ [ [ 121.538, 6.653 ], [ 121.534, 6.646 ], [ 121.529, 6.649 ], [ 121.538, 6.653 ] ] ], [ [ [ 121.917, 6.678 ], [ 121.917, 6.676 ], [ 121.915, 6.678 ], [ 121.917, 6.678 ] ] ], [ [ [ 121.632, 6.653 ], [ 121.631, 6.647 ], [ 121.626, 6.636 ], [ 121.595, 6.683 ], [ 121.632, 6.653 ] ] ], [ [ [ 121.884, 6.691 ], [ 121.881, 6.687 ], [ 121.875, 6.687 ], [ 121.884, 6.691 ] ] ], [ [ [ 121.718, 6.686 ], [ 121.705, 6.642 ], [ 121.703, 6.686 ], [ 121.718, 6.686 ] ] ], [ [ [ 121.984, 6.736 ], [ 121.983, 6.731 ], [ 121.979, 6.736 ], [ 121.984, 6.736 ] ] ], [ [ [ 122.26, 6.735 ], [ 122.264, 6.727 ], [ 122.254, 6.733 ], [ 122.26, 6.735 ] ] ], [ [ [ 122.392, 6.739 ], [ 122.394, 6.75 ], [ 122.407, 6.742 ], [ 122.392, 6.739 ] ] ], [ [ [ 122.142, 6.67 ], [ 122.327, 6.617 ], [ 122.214, 6.584 ], [ 122.192, 6.462 ], [ 121.957, 6.407 ], [ 121.96, 6.44 ], [ 121.919, 6.447 ], [ 121.895, 6.495 ], [ 121.87, 6.505 ], [ 121.884, 6.524 ], [ 121.878, 6.565 ], [ 121.795, 6.63 ], [ 121.829, 6.673 ], [ 121.834, 6.68 ], [ 121.882, 6.655 ], [ 121.929, 6.668 ], [ 122.065, 6.751 ], [ 122.142, 6.67 ] ] ], [ [ [ 121.977, 6.736 ], [ 121.97, 6.711 ], [ 121.94, 6.712 ], [ 121.977, 6.736 ] ] ], [ [ [ 121.462, 6.763 ], [ 121.466, 6.759 ], [ 121.464, 6.759 ], [ 121.457, 6.763 ], [ 121.459, 6.765 ], [ 121.462, 6.763 ] ] ], [ [ [ 121.471, 6.752 ], [ 121.472, 6.748 ], [ 121.469, 6.734 ], [ 121.454, 6.743 ], [ 121.457, 6.743 ], [ 121.467, 6.741 ], [ 121.471, 6.748 ], [ 121.466, 6.757 ], [ 121.466, 6.759 ], [ 121.471, 6.752 ] ] ], [ [ [ 122.362, 6.768 ], [ 122.38, 6.775 ], [ 122.381, 6.769 ], [ 122.362, 6.768 ] ] ], [ [ [ 121.439, 6.767 ], [ 121.434, 6.757 ], [ 121.429, 6.766 ], [ 121.439, 6.767 ] ] ], [ [ [ 121.432, 6.778 ], [ 121.434, 6.779 ], [ 121.433, 6.777 ], [ 121.432, 6.778 ] ] ], [ [ [ 126.276, 6.779 ], [ 126.276, 6.78 ], [ 126.277, 6.779 ], [ 126.276, 6.779 ] ] ], [ [ [ 121.435, 6.778 ], [ 121.434, 6.779 ], [ 121.434, 6.78 ], [ 121.435, 6.78 ], [ 121.435, 6.778 ] ] ], [ [ [ 126.269, 6.793 ], [ 126.276, 6.78 ], [ 126.261, 6.789 ], [ 126.269, 6.793 ] ] ], [ [ [ 126.273, 6.833 ], [ 126.274, 6.834 ], [ 126.275, 6.832 ], [ 126.273, 6.833 ] ] ], [ [ [ 121.541, 6.833 ], [ 121.549, 6.813 ], [ 121.53, 6.829 ], [ 121.541, 6.833 ] ] ], [ [ [ 121.561, 6.842 ], [ 121.557, 6.828 ], [ 121.547, 6.839 ], [ 121.561, 6.842 ] ] ], [ [ [ 122.065, 6.872 ], [ 122.073, 6.862 ], [ 122.06, 6.858 ], [ 122.065, 6.872 ] ] ], [ [ [ 122.299, 6.874 ], [ 122.297, 6.875 ], [ 122.3, 6.875 ], [ 122.299, 6.874 ] ] ], [ [ [ 118.399, 6.872 ], [ 118.394, 6.871 ], [ 118.394, 6.878 ], [ 118.399, 6.872 ] ] ], [ [ [ 122.038, 6.884 ], [ 122.036, 6.885 ], [ 122.041, 6.885 ], [ 122.038, 6.884 ] ] ], [ [ [ 118.41, 6.887 ], [ 118.407, 6.884 ], [ 118.406, 6.888 ], [ 118.41, 6.887 ] ] ], [ [ [ 122.291, 6.887 ], [ 122.294, 6.871 ], [ 122.273, 6.882 ], [ 122.291, 6.887 ] ] ], [ [ [ 122.14, 6.878 ], [ 122.136, 6.882 ], [ 122.167, 6.897 ], [ 122.14, 6.878 ] ] ], [ [ [ 121.593, 6.903 ], [ 121.594, 6.888 ], [ 121.588, 6.894 ], [ 121.593, 6.903 ] ] ], [ [ [ 122.18, 6.913 ], [ 122.182, 6.919 ], [ 122.183, 6.918 ], [ 122.18, 6.913 ] ] ], [ [ [ 122.324, 6.953 ], [ 122.323, 6.955 ], [ 122.328, 6.956 ], [ 122.324, 6.953 ] ] ], [ [ [ 125.721, 6.937 ], [ 125.713, 6.898 ], [ 125.67, 6.945 ], [ 125.721, 6.937 ] ] ], [ [ [ 118.533, 6.966 ], [ 118.537, 6.965 ], [ 118.533, 6.964 ], [ 118.522, 6.967 ], [ 118.524, 6.968 ], [ 118.526, 6.968 ], [ 118.533, 6.966 ] ] ], [ [ [ 118.525, 6.973 ], [ 118.524, 6.968 ], [ 118.516, 6.974 ], [ 118.525, 6.973 ] ] ], [ [ [ 122.357, 6.982 ], [ 122.356, 6.983 ], [ 122.358, 6.984 ], [ 122.357, 6.982 ] ] ], [ [ [ 122.355, 6.977 ], [ 122.347, 6.979 ], [ 122.346, 6.982 ], [ 122.355, 6.977 ] ] ], [ [ [ 118.428, 6.992 ], [ 118.429, 6.992 ], [ 118.42, 7.024 ], [ 118.527, 7.032 ], [ 118.511, 7.007 ], [ 118.514, 6.982 ], [ 118.515, 6.973 ], [ 118.51, 6.978 ], [ 118.488, 6.968 ], [ 118.486, 6.967 ], [ 118.482, 6.983 ], [ 118.476, 6.974 ], [ 118.435, 6.993 ], [ 118.429, 6.99 ], [ 118.429, 6.991 ], [ 118.428, 6.992 ] ] ], [ [ [ 122.272, 6.957 ], [ 122.183, 6.921 ], [ 122.223, 6.99 ], [ 122.272, 6.957 ] ] ], [ [ [ 125.719, 7.004 ], [ 125.718, 7.005 ], [ 125.719, 7.005 ], [ 125.719, 7.004 ] ] ], [ [ [ 125.721, 7.008 ], [ 125.72, 7.005 ], [ 125.719, 7.006 ], [ 125.721, 7.008 ] ] ], [ [ [ 118.417, 7.022 ], [ 118.415, 7.013 ], [ 118.408, 7.021 ], [ 118.417, 7.022 ] ] ], [ [ [ 118.459, 7.044 ], [ 118.459, 7.045 ], [ 118.46, 7.045 ], [ 118.459, 7.044 ] ] ], [ [ [ 118.461, 7.08 ], [ 118.458, 7.077 ], [ 118.454, 7.078 ], [ 118.461, 7.08 ] ] ], [ [ [ 118.441, 7.086 ], [ 118.44, 7.082 ], [ 118.436, 7.085 ], [ 118.441, 7.086 ] ] ], [ [ [ 118.423, 7.098 ], [ 118.421, 7.098 ], [ 118.421, 7.1 ], [ 118.423, 7.098 ] ] ], [ [ [ 122.254, 7.099 ], [ 122.252, 7.098 ], [ 122.251, 7.102 ], [ 122.254, 7.099 ] ] ], [ [ [ 118.426, 7.123 ], [ 118.422, 7.122 ], [ 118.421, 7.126 ], [ 118.426, 7.123 ] ] ], [ [ [ 122.263, 7.131 ], [ 122.262, 7.129 ], [ 122.261, 7.132 ], [ 122.263, 7.131 ] ] ], [ [ [ 122.266, 7.133 ], [ 122.268, 7.135 ], [ 122.271, 7.132 ], [ 122.266, 7.133 ] ] ], [ [ [ 122.255, 7.135 ], [ 122.257, 7.137 ], [ 122.257, 7.135 ], [ 122.255, 7.135 ] ] ], [ [ [ 122.256, 7.138 ], [ 122.257, 7.14 ], [ 122.259, 7.138 ], [ 122.256, 7.138 ] ] ], [ [ [ 122.263, 7.145 ], [ 122.262, 7.145 ], [ 122.261, 7.149 ], [ 122.263, 7.145 ] ] ], [ [ [ 122.274, 7.151 ], [ 122.273, 7.15 ], [ 122.271, 7.155 ], [ 122.274, 7.151 ] ] ], [ [ [ 125.784, 7.164 ], [ 125.785, 7.162 ], [ 125.785, 7.161 ], [ 125.786, 7.16 ], [ 125.784, 7.161 ], [ 125.78, 7.168 ], [ 125.781, 7.171 ], [ 125.783, 7.166 ], [ 125.783, 7.165 ], [ 125.784, 7.165 ], [ 125.784, 7.164 ] ] ], [ [ [ 122.274, 7.163 ], [ 122.266, 7.167 ], [ 122.271, 7.172 ], [ 122.274, 7.163 ] ] ], [ [ [ 122.288, 7.174 ], [ 122.286, 7.172 ], [ 122.283, 7.176 ], [ 122.288, 7.174 ] ] ], [ [ [ 118.42, 7.171 ], [ 118.414, 7.169 ], [ 118.415, 7.176 ], [ 118.42, 7.171 ] ] ], [ [ [ 122.271, 7.178 ], [ 122.268, 7.177 ], [ 122.267, 7.179 ], [ 122.271, 7.178 ] ] ], [ [ [ 125.775, 7.19 ], [ 125.774, 7.189 ], [ 125.772, 7.193 ], [ 125.775, 7.19 ] ] ], [ [ [ 124.168, 7.198 ], [ 124.17, 7.198 ], [ 124.17, 7.197 ], [ 124.168, 7.198 ] ] ], [ [ [ 125.798, 7.117 ], [ 125.766, 6.893 ], [ 125.712, 7.069 ], [ 125.664, 7.095 ], [ 125.712, 7.197 ], [ 125.798, 7.117 ] ] ], [ [ [ 122.844, 7.273 ], [ 122.841, 7.276 ], [ 122.844, 7.277 ], [ 122.844, 7.273 ] ] ], [ [ [ 122.841, 7.277 ], [ 122.839, 7.277 ], [ 122.841, 7.278 ], [ 122.841, 7.277 ] ] ], [ [ [ 122.86, 7.274 ], [ 122.851, 7.268 ], [ 122.845, 7.277 ], [ 122.86, 7.274 ] ] ], [ [ [ 125.829, 7.274 ], [ 125.832, 7.286 ], [ 125.835, 7.279 ], [ 125.829, 7.274 ] ] ], [ [ [ 122.855, 7.287 ], [ 122.854, 7.288 ], [ 122.857, 7.289 ], [ 122.855, 7.287 ] ] ], [ [ [ 122.828, 7.281 ], [ 122.839, 7.281 ], [ 122.831, 7.279 ], [ 122.818, 7.284 ], [ 122.828, 7.281 ] ] ], [ [ [ 125.844, 7.291 ], [ 125.84, 7.287 ], [ 125.84, 7.292 ], [ 125.844, 7.291 ] ] ], [ [ [ 124.045, 7.313 ], [ 124.045, 7.314 ], [ 124.046, 7.313 ], [ 124.045, 7.313 ] ] ], [ [ [ 122.314, 7.308 ], [ 122.308, 7.31 ], [ 122.311, 7.314 ], [ 122.314, 7.308 ] ] ], [ [ [ 124.058, 7.344 ], [ 124.058, 7.343 ], [ 124.057, 7.343 ], [ 124.058, 7.344 ] ] ], [ [ [ 122.949, 7.349 ], [ 122.951, 7.348 ], [ 122.947, 7.348 ], [ 122.949, 7.349 ] ] ], [ [ [ 122.409, 7.359 ], [ 122.41, 7.359 ], [ 122.411, 7.358 ], [ 122.409, 7.359 ] ] ], [ [ [ 122.405, 7.364 ], [ 122.407, 7.365 ], [ 122.407, 7.363 ], [ 122.405, 7.364 ] ] ], [ [ [ 123.328, 7.373 ], [ 123.329, 7.375 ], [ 123.33, 7.373 ], [ 123.328, 7.373 ] ] ], [ [ [ 124.042, 7.333 ], [ 124.042, 7.309 ], [ 124.021, 7.297 ], [ 124.019, 7.332 ], [ 124.034, 7.343 ], [ 124.045, 7.357 ], [ 124.062, 7.369 ], [ 124.065, 7.374 ], [ 124.076, 7.376 ], [ 124.042, 7.333 ] ] ], [ [ [ 122.786, 7.387 ], [ 122.788, 7.391 ], [ 122.79, 7.387 ], [ 122.786, 7.387 ] ] ], [ [ [ 122.427, 7.39 ], [ 122.43, 7.391 ], [ 122.43, 7.39 ], [ 122.427, 7.39 ] ] ], [ [ [ 122.401, 7.395 ], [ 122.401, 7.397 ], [ 122.403, 7.397 ], [ 122.401, 7.395 ] ] ], [ [ [ 122.94, 7.398 ], [ 122.94, 7.399 ], [ 122.941, 7.399 ], [ 122.94, 7.398 ] ] ], [ [ [ 122.371, 7.404 ], [ 122.37, 7.407 ], [ 122.373, 7.407 ], [ 122.371, 7.404 ] ] ], [ [ [ 122.374, 7.41 ], [ 122.37, 7.408 ], [ 122.37, 7.412 ], [ 122.374, 7.41 ] ] ], [ [ [ 122.056, 7.416 ], [ 122.091, 7.497 ], [ 122.073, 7.521 ], [ 122.102, 7.525 ], [ 122.143, 7.575 ], [ 122.106, 7.596 ], [ 122.136, 7.651 ], [ 122.086, 7.737 ], [ 122.125, 7.756 ], [ 122.103, 7.777 ], [ 122.105, 7.789 ], [ 122.217, 7.895 ], [ 122.278, 8.0 ], [ 123.661, 8.0 ], [ 123.663, 7.951 ], [ 123.749, 8.0 ], [ 126.449, 7.989 ], [ 126.37, 7.935 ], [ 126.376, 7.841 ], [ 126.502, 7.738 ], [ 126.57, 7.719 ], [ 126.551, 7.695 ], [ 126.558, 7.581 ], [ 126.599, 7.485 ], [ 126.55, 7.432 ], [ 126.551, 7.313 ], [ 126.605, 7.289 ], [ 126.467, 7.086 ], [ 126.458, 6.994 ], [ 126.338, 7.006 ], [ 126.282, 6.929 ], [ 126.35, 6.803 ], [ 126.288, 6.823 ], [ 126.27, 6.928 ], [ 126.206, 6.954 ], [ 126.189, 6.88 ], [ 126.155, 6.906 ], [ 126.26, 6.753 ], [ 126.193, 6.269 ], [ 126.084, 6.532 ], [ 126.081, 6.844 ], [ 125.987, 6.913 ], [ 125.991, 7.013 ], [ 125.884, 7.126 ], [ 125.851, 7.362 ], [ 125.654, 7.248 ], [ 125.65, 7.096 ], [ 125.525, 7.029 ], [ 125.38, 6.808 ], [ 125.387, 6.604 ], [ 125.445, 6.579 ], [ 125.449, 6.593 ], [ 125.421, 6.622 ], [ 125.43, 6.633 ], [ 125.525, 6.517 ], [ 125.551, 6.535 ], [ 125.572, 6.496 ], [ 125.585, 6.49 ], [ 125.594, 6.502 ], [ 125.715, 6.103 ], [ 125.661, 5.921 ], [ 125.386, 5.56 ], [ 125.294, 5.583 ], [ 125.286, 5.694 ], [ 125.174, 5.799 ], [ 125.292, 5.981 ], [ 125.263, 6.089 ], [ 125.159, 6.099 ], [ 125.073, 5.858 ], [ 124.924, 5.86 ], [ 124.321, 6.115 ], [ 124.185, 6.211 ], [ 124.168, 6.273 ], [ 124.077, 6.39 ], [ 124.067, 6.396 ], [ 124.056, 6.378 ], [ 124.041, 6.761 ], [ 123.959, 6.789 ], [ 123.957, 6.91 ], [ 124.047, 7.123 ], [ 124.157, 7.175 ], [ 124.208, 7.257 ], [ 124.202, 7.352 ], [ 124.26, 7.376 ], [ 124.234, 7.418 ], [ 124.156, 7.402 ], [ 124.18, 7.415 ], [ 124.014, 7.646 ], [ 123.773, 7.705 ], [ 123.692, 7.813 ], [ 123.57, 7.852 ], [ 123.423, 7.815 ], [ 123.478, 7.668 ], [ 123.384, 7.606 ], [ 123.38, 7.597 ], [ 123.38, 7.596 ], [ 123.381, 7.596 ], [ 123.385, 7.592 ], [ 123.381, 7.588 ], [ 123.382, 7.588 ], [ 123.394, 7.572 ], [ 123.389, 7.556 ], [ 123.356, 7.58 ], [ 123.342, 7.572 ], [ 123.338, 7.57 ], [ 123.336, 7.552 ], [ 123.451, 7.435 ], [ 123.452, 7.373 ], [ 123.406, 7.358 ], [ 123.288, 7.465 ], [ 123.301, 7.532 ], [ 123.224, 7.54 ], [ 123.177, 7.466 ], [ 123.116, 7.515 ], [ 123.125, 7.581 ], [ 123.175, 7.574 ], [ 123.197, 7.591 ], [ 123.114, 7.736 ], [ 123.038, 7.655 ], [ 122.992, 7.458 ], [ 122.902, 7.544 ], [ 122.814, 7.435 ], [ 122.819, 7.484 ], [ 122.78, 7.475 ], [ 122.79, 7.537 ], [ 122.811, 7.515 ], [ 122.833, 7.524 ], [ 122.803, 7.62 ], [ 122.787, 7.615 ], [ 122.783, 7.678 ], [ 122.814, 7.726 ], [ 122.812, 7.746 ], [ 122.72, 7.785 ], [ 122.624, 7.777 ], [ 122.426, 7.581 ], [ 122.445, 7.566 ], [ 122.506, 7.579 ], [ 122.473, 7.523 ], [ 122.436, 7.501 ], [ 122.474, 7.537 ], [ 122.456, 7.541 ], [ 122.445, 7.544 ], [ 122.438, 7.546 ], [ 122.355, 7.467 ], [ 122.344, 7.397 ], [ 122.393, 7.391 ], [ 122.34, 7.314 ], [ 122.304, 7.336 ], [ 122.292, 7.325 ], [ 122.249, 7.206 ], [ 122.265, 7.195 ], [ 122.248, 7.187 ], [ 122.244, 7.135 ], [ 122.257, 7.112 ], [ 122.205, 7.068 ], [ 122.162, 6.911 ], [ 122.108, 6.888 ], [ 121.949, 6.956 ], [ 121.898, 7.079 ], [ 121.929, 7.199 ], [ 122.065, 7.298 ], [ 122.031, 7.356 ], [ 122.056, 7.415 ], [ 122.056, 7.416 ] ] ], [ [ [ 122.851, 7.431 ], [ 122.852, 7.432 ], [ 122.852, 7.431 ], [ 122.851, 7.431 ] ] ], [ [ [ 122.929, 7.431 ], [ 122.927, 7.43 ], [ 122.927, 7.433 ], [ 122.929, 7.431 ] ] ], [ [ [ 122.852, 7.433 ], [ 122.852, 7.434 ], [ 122.853, 7.433 ], [ 122.852, 7.433 ] ] ], [ [ [ 122.858, 7.434 ], [ 122.854, 7.433 ], [ 122.854, 7.436 ], [ 122.858, 7.434 ] ] ], [ [ [ 122.941, 7.415 ], [ 122.933, 7.397 ], [ 122.975, 7.362 ], [ 122.933, 7.382 ], [ 122.943, 7.335 ], [ 122.914, 7.357 ], [ 122.82, 7.29 ], [ 122.807, 7.428 ], [ 122.877, 7.368 ], [ 122.9, 7.441 ], [ 122.941, 7.415 ] ] ], [ [ [ 122.968, 7.46 ], [ 122.969, 7.453 ], [ 122.962, 7.459 ], [ 122.968, 7.46 ] ] ], [ [ [ 122.692, 7.462 ], [ 122.689, 7.463 ], [ 122.69, 7.464 ], [ 122.692, 7.462 ] ] ], [ [ [ 123.134, 7.486 ], [ 123.135, 7.487 ], [ 123.136, 7.486 ], [ 123.134, 7.486 ] ] ], [ [ [ 122.423, 7.496 ], [ 122.416, 7.49 ], [ 122.416, 7.493 ], [ 122.423, 7.496 ] ] ], [ [ [ 117.308, 7.51 ], [ 117.313, 7.514 ], [ 117.315, 7.51 ], [ 117.308, 7.51 ] ] ], [ [ [ 123.223, 7.52 ], [ 123.224, 7.516 ], [ 123.217, 7.52 ], [ 123.223, 7.52 ] ] ], [ [ [ 117.308, 7.523 ], [ 117.308, 7.522 ], [ 117.303, 7.521 ], [ 117.296, 7.525 ], [ 117.308, 7.523 ] ] ], [ [ [ 122.822, 7.524 ], [ 122.819, 7.521 ], [ 122.817, 7.525 ], [ 122.822, 7.524 ] ] ], [ [ [ 123.255, 7.528 ], [ 123.256, 7.527 ], [ 123.251, 7.528 ], [ 123.255, 7.528 ] ] ], [ [ [ 122.46, 7.53 ], [ 122.46, 7.531 ], [ 122.461, 7.53 ], [ 122.46, 7.53 ] ] ], [ [ [ 122.093, 7.53 ], [ 122.094, 7.532 ], [ 122.095, 7.531 ], [ 122.093, 7.53 ] ] ], [ [ [ 122.454, 7.538 ], [ 122.453, 7.537 ], [ 122.453, 7.539 ], [ 122.454, 7.538 ] ] ], [ [ [ 122.447, 7.543 ], [ 122.444, 7.543 ], [ 122.445, 7.544 ], [ 122.447, 7.543 ] ] ], [ [ [ 122.797, 7.552 ], [ 122.794, 7.553 ], [ 122.797, 7.556 ], [ 122.797, 7.552 ] ] ], [ [ [ 122.794, 7.555 ], [ 122.789, 7.553 ], [ 122.789, 7.556 ], [ 122.794, 7.555 ] ] ], [ [ [ 126.582, 7.565 ], [ 126.583, 7.566 ], [ 126.584, 7.565 ], [ 126.582, 7.565 ] ] ], [ [ [ 123.05, 7.573 ], [ 123.049, 7.573 ], [ 123.047, 7.576 ], [ 123.05, 7.573 ] ] ], [ [ [ 122.476, 7.578 ], [ 122.474, 7.577 ], [ 122.475, 7.579 ], [ 122.476, 7.578 ] ] ], [ [ [ 123.051, 7.583 ], [ 123.052, 7.581 ], [ 123.047, 7.583 ], [ 123.045, 7.586 ], [ 123.051, 7.583 ] ] ], [ [ [ 123.048, 7.591 ], [ 123.049, 7.592 ], [ 123.05, 7.59 ], [ 123.048, 7.591 ] ] ], [ [ [ 122.491, 7.594 ], [ 122.489, 7.595 ], [ 122.493, 7.596 ], [ 122.491, 7.594 ] ] ], [ [ [ 123.132, 7.595 ], [ 123.132, 7.581 ], [ 123.097, 7.602 ], [ 123.132, 7.595 ] ] ], [ [ [ 123.464, 7.608 ], [ 123.459, 7.604 ], [ 123.454, 7.608 ], [ 123.464, 7.608 ] ] ], [ [ [ 122.797, 7.615 ], [ 122.797, 7.617 ], [ 122.798, 7.616 ], [ 122.797, 7.615 ] ] ], [ [ [ 123.466, 7.619 ], [ 123.464, 7.619 ], [ 123.465, 7.621 ], [ 123.466, 7.619 ] ] ], [ [ [ 123.46, 7.62 ], [ 123.46, 7.621 ], [ 123.461, 7.621 ], [ 123.46, 7.62 ] ] ], [ [ [ 126.559, 7.663 ], [ 126.557, 7.664 ], [ 126.559, 7.664 ], [ 126.559, 7.663 ] ] ], [ [ [ 123.122, 7.67 ], [ 123.123, 7.671 ], [ 123.124, 7.67 ], [ 123.122, 7.67 ] ] ], [ [ [ 123.109, 7.676 ], [ 123.106, 7.674 ], [ 123.109, 7.677 ], [ 123.109, 7.676 ] ] ], [ [ [ 123.108, 7.678 ], [ 123.106, 7.678 ], [ 123.109, 7.682 ], [ 123.108, 7.678 ] ] ], [ [ [ 126.562, 7.7 ], [ 126.559, 7.701 ], [ 126.561, 7.704 ], [ 126.562, 7.7 ] ] ], [ [ [ 122.795, 7.729 ], [ 122.8, 7.74 ], [ 122.811, 7.73 ], [ 122.795, 7.729 ] ] ], [ [ [ 122.64, 7.772 ], [ 122.64, 7.776 ], [ 122.641, 7.775 ], [ 122.64, 7.772 ] ] ], [ [ [ 123.435, 7.794 ], [ 123.435, 7.795 ], [ 123.436, 7.794 ], [ 123.435, 7.794 ] ] ], [ [ [ 117.025, 7.807 ], [ 117.022, 7.807 ], [ 117.024, 7.808 ], [ 117.025, 7.807 ] ] ], [ [ [ 116.997, 7.81 ], [ 116.997, 7.811 ], [ 116.999, 7.81 ], [ 116.997, 7.81 ] ] ], [ [ [ 122.13, 7.816 ], [ 122.129, 7.817 ], [ 122.13, 7.817 ], [ 122.13, 7.816 ] ] ], [ [ [ 117.04, 7.826 ], [ 117.043, 7.828 ], [ 117.043, 7.827 ], [ 117.04, 7.826 ] ] ], [ [ [ 117.226, 7.823 ], [ 117.212, 7.823 ], [ 117.216, 7.831 ], [ 117.226, 7.823 ] ] ], [ [ [ 117.223, 7.916 ], [ 117.221, 7.914 ], [ 117.219, 7.916 ], [ 117.223, 7.916 ] ] ], [ [ [ 116.934, 7.938 ], [ 116.933, 7.94 ], [ 116.936, 7.939 ], [ 116.934, 7.938 ] ] ], [ [ [ 118.667, 7.957 ], [ 118.664, 7.957 ], [ 118.665, 7.958 ], [ 118.667, 7.957 ] ] ], [ [ [ 116.968, 7.956 ], [ 116.958, 7.958 ], [ 116.963, 7.96 ], [ 116.968, 7.956 ] ] ], [ [ [ 126.416, 7.959 ], [ 126.416, 7.964 ], [ 126.419, 7.963 ], [ 126.416, 7.959 ] ] ], [ [ [ 116.966, 7.969 ], [ 116.967, 7.971 ], [ 116.967, 7.97 ], [ 116.966, 7.969 ] ] ], [ [ [ 117.077, 7.871 ], [ 117.011, 7.804 ], [ 116.929, 7.937 ], [ 116.948, 7.927 ], [ 116.976, 7.959 ], [ 116.951, 8.0 ], [ 117.063, 8.0 ], [ 117.077, 7.871 ] ] ] ] } },
{ "type": "Feature", "properties": { }, "geometry": { "type": "MultiPolygon", "coordinates": [ [ [ [ 96.879, -12.202 ], [ 96.878, -12.2 ], [ 96.88, -12.2 ], [ 96.879, -12.202 ] ] ], [ [ [ 96.865, -12.2 ], [ 96.865, -12.198 ], [ 96.866, -12.199 ], [ 96.865, -12.2 ] ] ], [ [ [ 96.878, -12.198 ], [ 96.878, -12.196 ], [ 96.88, -12.197 ], [ 96.878, -12.198 ] ] ], [ [ [ 96.888, -12.196 ], [ 96.889, -12.196 ], [ 96.889, -12.197 ], [ 96.888, -12.197 ], [ 96.888, -12.196 ] ] ], [ [ [ 96.855, -12.196 ], [ 96.845, -12.196 ], [ 96.848, -12.195 ], [ 96.855, -12.196 ] ] ], [ [ [ 96.845, -12.207 ], [ 96.82, -12.183 ], [ 96.82, -12.135 ], [ 96.821, -12.181 ], [ 96.846, -12.205 ], [ 96.845, -12.207 ] ] ], [ [ [ 96.888, -12.104 ], [ 96.886, -12.104 ], [ 96.887, -12.103 ], [ 96.888, -12.104 ] ] ], [ [ [ 96.886, -12.096 ], [ 96.888, -12.095 ], [ 96.888, -12.096 ], [ 96.886, -12.096 ] ] ], [ [ [ 96.886, -12.094 ], [ 96.877, -12.09 ], [ 96.882, -12.087 ], [ 96.886, -12.094 ] ] ], [ [ [ 96.846, -12.082 ], [ 96.846, -12.081 ], [ 96.847, -12.081 ], [ 96.846, -12.082 ] ] ], [ [ [ 96.842, -12.082 ], [ 96.832, -12.076 ], [ 96.842, -12.073 ], [ 96.842, -12.082 ] ] ], [ [ [ 96.817, -11.837 ], [ 96.824, -11.822 ], [ 96.83, -11.831 ], [ 96.817, -11.837 ] ] ], [ [ [ 96.908, -12.197 ], [ 96.91, -12.197 ], [ 96.91, -12.198 ], [ 96.909, -12.198 ], [ 96.908, -12.197 ] ] ], [ [ [ 96.92, -12.159 ], [ 96.93, -12.181 ], [ 96.921, -12.197 ], [ 96.928, -12.182 ], [ 96.92, -12.159 ] ] ], [ [ [ 96.92, -12.199 ], [ 96.895, -12.209 ], [ 96.886, -12.203 ], [ 96.886, -12.197 ], [ 96.887, -12.195 ], [ 96.887, -12.198 ], [ 96.888, -12.2 ], [ 96.895, -12.207 ], [ 96.921, -12.197 ], [ 96.92, -12.199 ] ] ], [ [ [ 96.916, -12.141 ], [ 96.914, -12.141 ], [ 96.916, -12.14 ], [ 96.919, -12.144 ], [ 96.916, -12.141 ] ] ], [ [ [ 96.912, -12.135 ], [ 96.915, -12.137 ], [ 96.916, -12.14 ], [ 96.912, -12.135 ] ] ], [ [ [ 96.91, -12.135 ], [ 96.908, -12.134 ], [ 96.911, -12.133 ], [ 96.91, -12.135 ] ] ], [ [ [ 96.909, -12.131 ], [ 96.911, -12.131 ], [ 96.91, -12.132 ], [ 96.909, -12.131 ] ] ], [ [ [ 96.91, -12.13 ], [ 96.908, -12.13 ], [ 96.909, -12.129 ], [ 96.91, -12.13 ] ] ], [ [ [ 96.906, -12.127 ], [ 96.907, -12.126 ], [ 96.909, -12.127 ], [ 96.906, -12.127 ] ] ], [ [ [ 96.888, -12.107 ], [ 96.906, -12.123 ], [ 96.894, -12.121 ], [ 96.888, -12.107 ] ] ], [ [ [ 96.922, -12.184 ], [ 96.921, -12.184 ], [ 96.923, -12.182 ], [ 96.922, -12.184 ] ] ], [ [ [ 96.92, -12.159 ], [ 96.919, -12.158 ], [ 96.92, -12.158 ], [ 96.92, -12.159 ] ] ], [ [ [ 96.917, -12.155 ], [ 96.917, -12.156 ], [ 96.915, -12.156 ], [ 96.917, -12.155 ] ] ], [ [ [ 96.913, -12.153 ], [ 96.914, -12.152 ], [ 96.919, -12.153 ], [ 96.92, -12.154 ], [ 96.913, -12.153 ] ] ], [ [ [ 96.919, -12.146 ], [ 96.914, -12.145 ], [ 96.921, -12.145 ], [ 96.919, -12.146 ] ] ] ] } },
{ "type": "Feature", "properties": { }, "geometry": { "type": "Polygon", "coordinates": [ [ [ 105.708, -10.439 ], [ 105.665, -10.568 ], [ 105.624, -10.515 ], [ 105.534, -10.513 ], [ 105.551, -10.441 ], [ 105.708, -10.439 ] ] ] } },
{ "type": "Feature", "properties": { }, "geometry": { "type": "MultiPolygon", "coordinates": [ [ [ [ 103.738, 1.166 ], [ 103.729, 1.173 ], [ 103.733, 1.176 ], [ 103.738, 1.166 ] ] ], [ [ [ 103.728, 1.184 ], [ 103.719, 1.18 ], [ 103.717, 1.187 ], [ 103.728, 1.184 ] ] ], [ [ [ 103.794, 1.204 ], [ 103.792, 1.211 ], [ 103.797, 1.208 ], [ 103.794, 1.204 ] ] ], [ [ [ 103.734, 1.203 ], [ 103.707, 1.204 ], [ 103.714, 1.211 ], [ 103.734, 1.203 ] ] ], [ [ [ 103.789, 1.213 ], [ 103.788, 1.214 ], [ 103.789, 1.214 ], [ 103.789, 1.213 ] ] ], [ [ [ 103.835, 1.212 ], [ 103.833, 1.213 ], [ 103.835, 1.216 ], [ 103.835, 1.212 ] ] ], [ [ [ 103.786, 1.215 ], [ 103.786, 1.216 ], [ 103.787, 1.216 ], [ 103.786, 1.215 ] ] ], [ [ [ 103.781, 1.21 ], [ 103.77, 1.189 ], [ 103.76, 1.196 ], [ 103.781, 1.21 ] ] ], [ [ [ 103.85, 1.221 ], [ 103.852, 1.222 ], [ 103.852, 1.213 ], [ 103.85, 1.221 ] ] ], [ [ [ 103.862, 1.224 ], [ 103.863, 1.222 ], [ 103.862, 1.221 ], [ 103.862, 1.224 ] ] ], [ [ [ 103.753, 1.225 ], [ 103.754, 1.224 ], [ 103.752, 1.224 ], [ 103.75, 1.226 ], [ 103.749, 1.228 ], [ 103.752, 1.226 ], [ 103.753, 1.225 ] ] ], [ [ [ 103.752, 1.223 ], [ 103.751, 1.223 ], [ 103.752, 1.224 ], [ 103.752, 1.223 ] ] ], [ [ [ 103.75, 1.226 ], [ 103.749, 1.223 ], [ 103.747, 1.225 ], [ 103.75, 1.226 ] ] ], [ [ [ 103.858, 1.232 ], [ 103.858, 1.218 ], [ 103.852, 1.222 ], [ 103.847, 1.227 ], [ 103.858, 1.232 ] ] ], [ [ [ 103.84, 1.229 ], [ 103.837, 1.231 ], [ 103.837, 1.233 ], [ 103.84, 1.229 ] ] ], [ [ [ 103.757, 1.237 ], [ 103.76, 1.231 ], [ 103.771, 1.227 ], [ 103.74, 1.233 ], [ 103.757, 1.237 ] ] ], [ [ [ 103.777, 1.229 ], [ 103.779, 1.224 ], [ 103.761, 1.232 ], [ 103.777, 1.229 ] ] ], [ [ [ 103.841, 1.25 ], [ 103.848, 1.251 ], [ 103.833, 1.238 ], [ 103.81, 1.26 ], [ 103.841, 1.25 ] ] ], [ [ [ 103.836, 1.255 ], [ 103.824, 1.26 ], [ 103.836, 1.264 ], [ 103.836, 1.255 ] ] ], [ [ [ 103.74, 1.273 ], [ 103.672, 1.223 ], [ 103.654, 1.273 ], [ 103.74, 1.273 ] ] ], [ [ [ 103.699, 1.3 ], [ 103.696, 1.3 ], [ 103.695, 1.306 ], [ 103.699, 1.3 ] ] ], [ [ [ 104.407, 1.333 ], [ 104.41, 1.331 ], [ 104.408, 1.329 ], [ 104.407, 1.333 ] ] ], [ [ [ 103.66, 1.397 ], [ 103.661, 1.399 ], [ 103.662, 1.398 ], [ 103.66, 1.397 ] ] ], [ [ [ 103.953, 1.403 ], [ 103.954, 1.4 ], [ 103.95, 1.402 ], [ 103.946, 1.408 ], [ 103.953, 1.403 ] ] ], [ [ [ 103.99, 1.418 ], [ 103.992, 1.408 ], [ 103.958, 1.399 ], [ 103.935, 1.427 ], [ 103.99, 1.418 ] ] ], [ [ [ 104.088, 1.404 ], [ 104.088, 1.396 ], [ 104.075, 1.362 ], [ 104.083, 1.388 ], [ 104.055, 1.36 ], [ 104.009, 1.419 ], [ 104.016, 1.429 ], [ 104.014, 1.429 ], [ 104.038, 1.441 ], [ 104.031, 1.413 ], [ 104.088, 1.404 ] ], [ [ 104.018, 1.426 ], [ 104.02, 1.422 ], [ 104.025, 1.419 ], [ 104.018, 1.428 ], [ 104.018, 1.426 ] ] ], [ [ [ 104.084, 1.34 ], [ 104.084, 1.339 ], [ 104.083, 1.338 ], [ 104.074, 1.361 ], [ 104.075, 1.362 ], [ 104.084, 1.34 ] ] ], [ [ [ 104.08, 1.338 ], [ 104.057, 1.358 ], [ 104.083, 1.338 ], [ 104.08, 1.338 ] ] ], [ [ [ 103.685, 1.433 ], [ 103.684, 1.434 ], [ 103.685, 1.435 ], [ 103.685, 1.433 ] ] ], [ [ [ 103.865, 1.437 ], [ 103.857, 1.45 ], [ 103.859, 1.449 ], [ 103.865, 1.437 ] ] ], [ [ [ 103.728, 1.45 ], [ 103.723, 1.449 ], [ 103.724, 1.451 ], [ 103.728, 1.45 ] ] ], [ [ [ 103.857, 1.425 ], [ 103.949, 1.383 ], [ 103.999, 1.389 ], [ 104.033, 1.316 ], [ 103.962, 1.315 ], [ 103.851, 1.261 ], [ 103.839, 1.268 ], [ 103.807, 1.266 ], [ 103.805, 1.262 ], [ 103.795, 1.272 ], [ 103.785, 1.255 ], [ 103.758, 1.3 ], [ 103.638, 1.316 ], [ 103.617, 1.238 ], [ 103.65, 1.231 ], [ 103.617, 1.222 ], [ 103.656, 1.219 ], [ 103.608, 1.219 ], [ 103.621, 1.32 ], [ 103.662, 1.389 ], [ 103.674, 1.425 ], [ 103.818, 1.471 ], [ 103.857, 1.425 ] ] ] ] } },
{ "type": "Feature", "properties": { }, "geometry": { "type": "MultiPolygon", "coordinates": [ [ [ [ 103.522, 1.272 ], [ 103.521, 1.265 ], [ 103.518, 1.265 ], [ 103.517, 1.266 ], [ 103.522, 1.272 ] ] ], [ [ [ 103.524, 1.276 ], [ 103.526, 1.275 ], [ 103.526, 1.271 ], [ 103.525, 1.269 ], [ 103.524, 1.276 ] ] ], [ [ [ 103.609, 1.316 ], [ 103.611, 1.315 ], [ 103.61, 1.314 ], [ 103.609, 1.315 ], [ 103.609, 1.316 ] ] ], [ [ [ 103.548, 1.319 ], [ 103.547, 1.31 ], [ 103.543, 1.311 ], [ 103.548, 1.319 ] ] ], [ [ [ 103.588, 1.331 ], [ 103.587, 1.332 ], [ 103.589, 1.331 ], [ 103.588, 1.331 ] ] ], [ [ [ 103.439, 1.323 ], [ 103.421, 1.308 ], [ 103.419, 1.338 ], [ 103.439, 1.323 ] ] ], [ [ [ 103.591, 1.331 ], [ 103.586, 1.335 ], [ 103.583, 1.333 ], [ 103.579, 1.337 ], [ 103.576, 1.337 ], [ 103.576, 1.338 ], [ 103.575, 1.338 ], [ 103.596, 1.344 ], [ 103.591, 1.331 ] ] ], [ [ [ 104.235, 1.352 ], [ 104.234, 1.351 ], [ 104.233, 1.353 ], [ 104.235, 1.352 ] ] ], [ [ [ 104.299, 1.361 ], [ 104.298, 1.361 ], [ 104.298, 1.363 ], [ 104.299, 1.361 ] ] ], [ [ [ 104.294, 1.365 ], [ 104.292, 1.364 ], [ 104.293, 1.367 ], [ 104.294, 1.365 ] ] ], [ [ [ 104.284, 1.369 ], [ 104.283, 1.369 ], [ 104.283, 1.37 ], [ 104.284, 1.369 ] ] ], [ [ [ 103.975, 1.428 ], [ 103.979, 1.429 ], [ 103.979, 1.427 ], [ 103.975, 1.428 ] ] ], [ [ [ 103.768, 1.454 ], [ 103.769, 1.454 ], [ 103.769, 1.453 ], [ 103.768, 1.454 ] ] ], [ [ [ 103.24, 1.467 ], [ 103.238, 1.466 ], [ 103.238, 1.467 ], [ 103.24, 1.467 ] ] ], [ [ [ 103.238, 1.469 ], [ 103.237, 1.467 ], [ 103.235, 1.469 ], [ 103.238, 1.469 ] ] ], [ [ [ 103.258, 1.462 ], [ 103.248, 1.465 ], [ 103.249, 1.47 ], [ 103.258, 1.462 ] ] ], [ [ [ 104.077, 1.47 ], [ 104.076, 1.465 ], [ 104.068, 1.473 ], [ 104.077, 1.47 ] ] ], [ [ [ 103.707, 1.477 ], [ 103.712, 1.479 ], [ 103.712, 1.478 ], [ 103.707, 1.477 ] ] ], [ [ [ 104.063, 1.456 ], [ 104.045, 1.457 ], [ 104.057, 1.486 ], [ 104.063, 1.456 ] ] ], [ [ [ 110.984, 1.519 ], [ 110.986, 1.52 ], [ 110.986, 1.519 ], [ 110.984, 1.519 ] ] ], [ [ [ 104.015, 1.525 ], [ 104.003, 1.516 ], [ 104.002, 1.53 ], [ 104.007, 1.531 ], [ 104.007, 1.537 ], [ 104.015, 1.525 ] ] ], [ [ [ 110.805, 1.636 ], [ 110.805, 1.632 ], [ 110.8, 1.64 ], [ 110.805, 1.636 ] ] ], [ [ [ 110.305, 1.703 ], [ 110.305, 1.705 ], [ 110.306, 1.703 ], [ 110.305, 1.703 ] ] ], [ [ [ 110.192, 1.734 ], [ 110.191, 1.733 ], [ 110.191, 1.734 ], [ 110.192, 1.734 ] ] ], [ [ [ 110.09, 1.729 ], [ 110.082, 1.733 ], [ 110.088, 1.737 ], [ 110.09, 1.729 ] ] ], [ [ [ 110.191, 1.753 ], [ 110.19, 1.753 ], [ 110.191, 1.754 ], [ 110.191, 1.753 ] ] ], [ [ [ 110.498, 1.748 ], [ 110.492, 1.749 ], [ 110.499, 1.755 ], [ 110.498, 1.748 ] ] ], [ [ [ 110.167, 1.759 ], [ 110.165, 1.754 ], [ 110.164, 1.759 ], [ 110.167, 1.759 ] ] ], [ [ [ 102.886, 1.789 ], [ 102.885, 1.788 ], [ 102.885, 1.789 ], [ 102.886, 1.789 ] ] ], [ [ [ 110.164, 1.779 ], [ 110.161, 1.78 ], [ 110.158, 1.787 ], [ 110.164, 1.779 ] ] ], [ [ [ 109.77, 1.896 ], [ 109.768, 1.891 ], [ 109.768, 1.896 ], [ 109.77, 1.896 ] ] ], [ [ [ 109.778, 1.914 ], [ 109.776, 1.912 ], [ 109.775, 1.918 ], [ 109.778, 1.914 ] ] ], [ [ [ 104.117, 1.924 ], [ 104.118, 1.925 ], [ 104.118, 1.923 ], [ 104.117, 1.924 ] ] ], [ [ [ 109.656, 1.936 ], [ 109.656, 1.937 ], [ 109.657, 1.936 ], [ 109.656, 1.936 ] ] ], [ [ [ 109.657, 1.961 ], [ 109.654, 1.961 ], [ 109.656, 1.963 ], [ 109.657, 1.961 ] ] ], [ [ [ 102.334, 2.048 ], [ 102.332, 2.047 ], [ 102.333, 2.049 ], [ 102.334, 2.048 ] ] ], [ [ [ 102.331, 2.073 ], [ 102.332, 2.075 ], [ 102.335, 2.074 ], [ 102.331, 2.073 ] ] ], [ [ [ 102.306, 2.079 ], [ 102.304, 2.079 ], [ 102.305, 2.08 ], [ 102.306, 2.079 ] ] ], [ [ [ 102.333, 2.081 ], [ 102.331, 2.081 ], [ 102.331, 2.082 ], [ 102.333, 2.081 ] ] ], [ [ [ 102.335, 2.115 ], [ 102.328, 2.103 ], [ 102.319, 2.112 ], [ 102.335, 2.115 ] ] ], [ [ [ 102.315, 2.12 ], [ 102.314, 2.122 ], [ 102.315, 2.122 ], [ 102.316, 2.12 ], [ 102.315, 2.12 ] ] ], [ [ [ 102.263, 2.16 ], [ 102.26, 2.161 ], [ 102.262, 2.161 ], [ 102.263, 2.16 ] ] ], [ [ [ 104.112, 2.172 ], [ 104.112, 2.173 ], [ 104.114, 2.173 ], [ 104.112, 2.172 ] ] ], [ [ [ 104.11, 2.182 ], [ 104.112, 2.178 ], [ 104.11, 2.18 ], [ 104.11, 2.182 ] ] ], [ [ [ 102.261, 2.178 ], [ 102.266, 2.18 ], [ 102.266, 2.177 ], [ 102.261, 2.178 ] ] ], [ [ [ 104.107, 2.185 ], [ 104.106, 2.185 ], [ 104.107, 2.186 ], [ 104.107, 2.185 ] ] ], [ [ [ 104.1, 2.182 ], [ 104.096, 2.181 ], [ 104.099, 2.188 ], [ 104.1, 2.182 ] ] ], [ [ [ 104.151, 2.22 ], [ 104.154, 2.219 ], [ 104.15, 2.219 ], [ 104.151, 2.22 ] ] ], [ [ [ 104.067, 2.225 ], [ 104.09, 2.195 ], [ 104.051, 2.23 ], [ 104.067, 2.225 ] ] ], [ [ [ 104.15, 2.267 ], [ 104.151, 2.265 ], [ 104.147, 2.266 ], [ 104.15, 2.267 ] ] ], [ [ [ 104.127, 2.269 ], [ 104.124, 2.269 ], [ 104.126, 2.271 ], [ 104.127, 2.269 ] ] ], [ [ [ 104.122, 2.271 ], [ 104.121, 2.272 ], [ 104.122, 2.272 ], [ 104.122, 2.271 ] ] ], [ [ [ 104.116, 2.272 ], [ 104.115, 2.272 ], [ 104.116, 2.273 ], [ 104.116, 2.272 ] ] ], [ [ [ 102.077, 2.294 ], [ 102.076, 2.294 ], [ 102.076, 2.295 ], [ 102.077, 2.295 ], [ 102.077, 2.294 ] ] ], [ [ [ 104.15, 2.307 ], [ 104.15, 2.303 ], [ 104.147, 2.305 ], [ 104.15, 2.307 ] ] ], [ [ [ 104.136, 2.31 ], [ 104.143, 2.29 ], [ 104.099, 2.295 ], [ 104.136, 2.31 ] ] ], [ [ [ 103.918, 2.35 ], [ 103.916, 2.349 ], [ 103.918, 2.352 ], [ 103.918, 2.35 ] ] ], [ [ [ 111.329, 2.386 ], [ 111.303, 2.358 ], [ 111.321, 2.335 ], [ 111.303, 2.328 ], [ 111.276, 2.28 ], [ 111.282, 2.206 ], [ 111.258, 2.194 ], [ 111.225, 2.245 ], [ 111.192, 2.236 ], [ 111.182, 2.353 ], [ 111.261, 2.418 ], [ 111.329, 2.386 ] ] ], [ [ [ 104.551, 2.433 ], [ 104.55, 2.433 ], [ 104.549, 2.438 ], [ 104.551, 2.433 ] ] ], [ [ [ 103.998, 2.428 ], [ 103.994, 2.425 ], [ 103.992, 2.425 ], [ 103.976, 2.434 ], [ 103.998, 2.428 ] ] ], [ [ [ 104.49, 2.459 ], [ 104.488, 2.457 ], [ 104.488, 2.459 ], [ 104.49, 2.459 ] ] ], [ [ [ 104.54, 2.437 ], [ 104.522, 2.426 ], [ 104.5, 2.461 ], [ 104.54, 2.437 ] ] ], [ [ [ 104.513, 2.478 ], [ 104.493, 2.472 ], [ 104.502, 2.481 ], [ 104.513, 2.478 ] ] ], [ [ [ 103.963, 2.481 ], [ 103.965, 2.474 ], [ 103.957, 2.476 ], [ 103.963, 2.481 ] ] ], [ [ [ 103.854, 2.478 ], [ 103.854, 2.475 ], [ 103.838, 2.478 ], [ 103.854, 2.478 ] ] ], [ [ [ 101.837, 2.491 ], [ 101.836, 2.492 ], [ 101.838, 2.492 ], [ 101.837, 2.491 ] ] ], [ [ [ 103.954, 2.494 ], [ 103.955, 2.488 ], [ 103.948, 2.491 ], [ 103.954, 2.494 ] ] ], [ [ [ 101.796, 2.516 ], [ 101.794, 2.514 ], [ 101.793, 2.516 ], [ 101.796, 2.516 ] ] ], [ [ [ 103.977, 2.522 ], [ 103.978, 2.518 ], [ 103.978, 2.517 ], [ 103.978, 2.516 ], [ 103.974, 2.521 ], [ 103.977, 2.522 ] ] ], [ [ [ 103.972, 2.53 ], [ 103.972, 2.529 ], [ 103.971, 2.53 ], [ 103.972, 2.53 ] ] ], [ [ [ 103.971, 2.535 ], [ 103.97, 2.533 ], [ 103.969, 2.537 ], [ 103.971, 2.535 ] ] ], [ [ [ 103.96, 2.553 ], [ 103.962, 2.548 ], [ 103.959, 2.55 ], [ 103.96, 2.553 ] ] ], [ [ [ 103.947, 2.559 ], [ 103.941, 2.56 ], [ 103.942, 2.561 ], [ 103.947, 2.559 ] ] ], [ [ [ 104.346, 2.574 ], [ 104.34, 2.563 ], [ 104.312, 2.584 ], [ 104.346, 2.574 ] ] ], [ [ [ 103.786, 2.618 ], [ 103.789, 2.615 ], [ 103.78, 2.615 ], [ 103.786, 2.618 ] ] ], [ [ [ 103.78, 2.62 ], [ 103.778, 2.619 ], [ 103.779, 2.621 ], [ 103.78, 2.62 ] ] ], [ [ [ 103.743, 2.639 ], [ 103.742, 2.639 ], [ 103.743, 2.64 ], [ 103.743, 2.639 ] ] ], [ [ [ 103.713, 2.65 ], [ 103.712, 2.65 ], [ 103.711, 2.654 ], [ 103.713, 2.65 ] ] ], [ [ [ 103.748, 2.652 ], [ 103.747, 2.655 ], [ 103.75, 2.653 ], [ 103.748, 2.652 ] ] ], [ [ [ 103.88, 2.655 ], [ 103.881, 2.653 ], [ 103.879, 2.654 ], [ 103.88, 2.655 ] ] ], [ [ [ 104.168, 2.663 ], [ 104.167, 2.662 ], [ 104.166, 2.664 ], [ 104.168, 2.663 ] ] ], [ [ [ 103.755, 2.663 ], [ 103.748, 2.665 ], [ 103.75, 2.666 ], [ 103.755, 2.663 ] ] ], [ [ [ 103.77, 2.677 ], [ 103.779, 2.659 ], [ 103.771, 2.661 ], [ 103.77, 2.677 ] ] ], [ [ [ 103.75, 2.687 ], [ 103.75, 2.686 ], [ 103.749, 2.685 ], [ 103.749, 2.687 ], [ 103.75, 2.687 ] ] ], [ [ [ 103.747, 2.69 ], [ 103.745, 2.689 ], [ 103.745, 2.691 ], [ 103.747, 2.69 ] ] ], [ [ [ 103.93, 2.695 ], [ 103.929, 2.694 ], [ 103.928, 2.696 ], [ 103.93, 2.695 ] ] ], [ [ [ 103.896, 2.688 ], [ 103.885, 2.681 ], [ 103.88, 2.698 ], [ 103.896, 2.688 ] ] ], [ [ [ 103.735, 2.7 ], [ 103.737, 2.697 ], [ 103.734, 2.697 ], [ 103.735, 2.7 ] ] ], [ [ [ 103.923, 2.695 ], [ 103.921, 2.674 ], [ 103.905, 2.674 ], [ 103.923, 2.695 ] ] ], [ [ [ 103.563, 2.748 ], [ 103.563, 2.747 ], [ 103.562, 2.747 ], [ 103.563, 2.748 ] ] ], [ [ [ 103.561, 2.757 ], [ 103.56, 2.754 ], [ 103.559, 2.757 ], [ 103.561, 2.757 ] ] ], [ [ [ 111.405, 2.752 ], [ 111.394, 2.719 ], [ 111.385, 2.756 ], [ 111.405, 2.752 ] ] ], [ [ [ 103.961, 2.782 ], [ 103.959, 2.783 ], [ 103.961, 2.784 ], [ 103.961, 2.782 ] ] ], [ [ [ 101.385, 2.784 ], [ 101.386, 2.79 ], [ 101.391, 2.79 ], [ 101.385, 2.784 ] ] ], [ [ [ 104.122, 2.791 ], [ 104.121, 2.791 ], [ 104.121, 2.792 ], [ 104.122, 2.791 ] ] ], [ [ [ 101.385, 2.793 ], [ 101.385, 2.794 ], [ 101.389, 2.793 ], [ 101.385, 2.793 ] ] ], [ [ [ 111.389, 2.721 ], [ 111.378, 2.494 ], [ 111.422, 2.383 ], [ 111.379, 2.372 ], [ 111.363, 2.348 ], [ 111.302, 2.431 ], [ 111.282, 2.684 ], [ 111.351, 2.797 ], [ 111.389, 2.721 ] ] ], [ [ [ 104.204, 2.784 ], [ 104.223, 2.77 ], [ 104.213, 2.72 ], [ 104.121, 2.748 ], [ 104.169, 2.897 ], [ 104.204, 2.784 ] ] ], [ [ [ 104.05, 2.897 ], [ 104.05, 2.899 ], [ 104.052, 2.898 ], [ 104.05, 2.897 ] ] ], [ [ [ 104.114, 2.913 ], [ 104.102, 2.906 ], [ 104.097, 2.91 ], [ 104.114, 2.913 ] ] ], [ [ [ 104.099, 2.933 ], [ 104.099, 2.932 ], [ 104.098, 2.932 ], [ 104.099, 2.934 ], [ 104.099, 2.933 ] ] ], [ [ [ 101.256, 2.911 ], [ 101.236, 2.904 ], [ 101.235, 2.921 ], [ 101.239, 2.922 ], [ 101.241, 2.924 ], [ 101.245, 2.926 ], [ 101.256, 2.911 ] ] ], [ [ [ 101.241, 2.924 ], [ 101.234, 2.922 ], [ 101.254, 2.966 ], [ 101.241, 2.924 ] ] ], [ [ [ 101.278, 2.967 ], [ 101.282, 2.969 ], [ 101.28, 2.962 ], [ 101.279, 2.961 ], [ 101.278, 2.967 ] ] ], [ [ [ 101.264, 2.948 ], [ 101.304, 2.974 ], [ 101.291, 2.946 ], [ 101.27, 2.918 ], [ 101.264, 2.948 ] ] ], [ [ [ 101.297, 2.975 ], [ 101.28, 2.962 ], [ 101.29, 2.975 ], [ 101.297, 2.975 ] ] ], [ [ [ 101.376, 2.978 ], [ 101.384, 2.982 ], [ 101.38, 2.976 ], [ 101.376, 2.978 ] ] ], [ [ [ 101.391, 2.99 ], [ 101.372, 2.977 ], [ 101.352, 2.934 ], [ 101.336, 2.924 ], [ 101.348, 2.897 ], [ 101.318, 2.914 ], [ 101.284, 2.884 ], [ 101.357, 2.995 ], [ 101.391, 2.99 ] ] ], [ [ [ 101.336, 2.999 ], [ 101.289, 2.976 ], [ 101.278, 2.968 ], [ 101.32, 3.011 ], [ 101.336, 2.999 ] ] ], [ [ [ 101.278, 2.967 ], [ 101.269, 2.955 ], [ 101.263, 2.953 ], [ 101.278, 2.968 ], [ 101.278, 2.967 ] ] ], [ [ [ 101.262, 3.002 ], [ 101.24, 2.985 ], [ 101.215, 2.953 ], [ 101.198, 2.95 ], [ 101.261, 3.015 ], [ 101.262, 3.002 ] ] ], [ [ [ 101.263, 3.016 ], [ 101.27, 3.021 ], [ 101.27, 3.014 ], [ 101.263, 3.016 ] ] ], [ [ [ 101.259, 3.02 ], [ 101.209, 3.007 ], [ 101.242, 3.053 ], [ 101.259, 3.02 ] ] ], [ [ [ 101.337, 3.01 ], [ 101.304, 3.024 ], [ 101.284, 3.013 ], [ 101.32, 3.069 ], [ 101.337, 3.01 ] ] ], [ [ [ 101.277, 3.223 ], [ 101.276, 3.223 ], [ 101.277, 3.224 ], [ 101.277, 3.223 ] ] ], [ [ [ 103.471, 3.524 ], [ 103.474, 3.514 ], [ 103.465, 3.524 ], [ 103.471, 3.524 ] ] ], [ [ [ 101.014, 3.64 ], [ 100.891, 3.754 ], [ 100.814, 3.784 ], [ 100.83, 3.854 ], [ 100.727, 3.86 ], [ 100.702, 3.974 ], [ 100.76, 4.017 ], [ 100.762, 4.089 ], [ 100.691, 4.161 ], [ 100.663, 4.171 ], [ 100.637, 4.171 ], [ 100.626, 4.157 ], [ 100.616, 4.165 ], [ 100.61, 4.214 ], [ 100.592, 4.234 ], [ 100.586, 4.295 ], [ 100.558, 4.309 ], [ 100.657, 4.565 ], [ 100.585, 4.567 ], [ 100.587, 4.603 ], [ 100.657, 4.673 ], [ 100.597, 4.67 ], [ 100.578, 4.751 ], [ 100.625, 4.791 ], [ 100.559, 4.79 ], [ 100.548, 4.882 ], [ 100.487, 4.864 ], [ 100.503, 4.916 ], [ 100.443, 4.917 ], [ 100.361, 5.088 ], [ 100.43, 5.167 ], [ 100.338, 5.573 ], [ 100.332, 5.662 ], [ 100.373, 5.671 ], [ 100.35, 5.974 ], [ 100.12, 6.423 ], [ 100.205, 6.725 ], [ 100.293, 6.708 ], [ 100.305, 6.605 ], [ 100.418, 6.519 ], [ 100.652, 6.443 ], [ 100.739, 6.51 ], [ 100.813, 6.442 ], [ 100.854, 6.232 ], [ 100.969, 6.283 ], [ 101.112, 6.252 ], [ 101.127, 6.193 ], [ 101.059, 6.142 ], [ 101.127, 6.107 ], [ 101.124, 5.977 ], [ 101.085, 5.909 ], [ 101.026, 5.913 ], [ 100.984, 5.807 ], [ 101.134, 5.613 ], [ 101.251, 5.699 ], [ 101.276, 5.812 ], [ 101.581, 5.934 ], [ 101.659, 5.875 ], [ 101.691, 5.755 ], [ 101.754, 5.797 ], [ 101.825, 5.733 ], [ 101.944, 5.872 ], [ 101.948, 5.991 ], [ 102.089, 6.139 ], [ 102.093, 6.247 ], [ 102.345, 6.169 ], [ 102.507, 5.872 ], [ 103.117, 5.396 ], [ 103.44, 4.781 ], [ 103.473, 4.545 ], [ 103.445, 4.469 ], [ 103.492, 4.311 ], [ 103.385, 4.11 ], [ 103.44, 3.963 ], [ 103.376, 3.933 ], [ 103.373, 3.801 ], [ 103.326, 3.752 ], [ 103.356, 3.666 ], [ 103.474, 3.51 ], [ 103.424, 3.359 ], [ 103.435, 2.916 ], [ 103.48, 2.824 ], [ 103.63, 2.668 ], [ 103.72, 2.632 ], [ 103.743, 2.634 ], [ 103.756, 2.651 ], [ 103.762, 2.615 ], [ 103.823, 2.583 ], [ 103.832, 2.452 ], [ 103.91, 2.351 ], [ 103.961, 2.314 ], [ 103.981, 2.248 ], [ 103.959, 2.246 ], [ 103.956, 2.217 ], [ 103.959, 2.209 ], [ 104.248, 1.654 ], [ 104.283, 1.37 ], [ 104.243, 1.368 ], [ 104.201, 1.337 ], [ 104.088, 1.369 ], [ 104.113, 1.394 ], [ 104.076, 1.484 ], [ 103.968, 1.624 ], [ 103.998, 1.435 ], [ 103.816, 1.486 ], [ 103.762, 1.452 ], [ 103.717, 1.48 ], [ 103.702, 1.478 ], [ 103.633, 1.368 ], [ 103.519, 1.313 ], [ 103.508, 1.266 ], [ 103.339, 1.553 ], [ 103.061, 1.713 ], [ 103.001, 1.74 ], [ 102.942, 1.742 ], [ 102.812, 1.862 ], [ 102.706, 1.855 ], [ 102.516, 2.083 ], [ 102.266, 2.184 ], [ 102.181, 2.199 ], [ 102.058, 2.34 ], [ 101.934, 2.424 ], [ 101.906, 2.423 ], [ 101.896, 2.417 ], [ 101.878, 2.42 ], [ 101.866, 2.418 ], [ 101.854, 2.403 ], [ 101.846, 2.484 ], [ 101.776, 2.594 ], [ 101.488, 2.685 ], [ 101.403, 2.805 ], [ 101.293, 2.838 ], [ 101.289, 2.878 ], [ 101.35, 2.895 ], [ 101.395, 2.988 ], [ 101.317, 3.113 ], [ 101.299, 3.254 ], [ 101.195, 3.346 ], [ 101.038, 3.619 ], [ 101.015, 3.639 ], [ 101.014, 3.64 ] ] ], [ [ [ 100.104, 3.978 ], [ 100.097, 3.976 ], [ 100.097, 3.979 ], [ 100.104, 3.978 ] ] ], [ [ [ 100.535, 3.993 ], [ 100.533, 3.99 ], [ 100.53, 3.997 ], [ 100.535, 3.993 ] ] ], [ [ [ 100.549, 4.003 ], [ 100.549, 4.002 ], [ 100.544, 4.005 ], [ 100.549, 4.003 ] ] ], [ [ [ 100.536, 4.008 ], [ 100.534, 4.007 ], [ 100.534, 4.008 ], [ 100.536, 4.008 ] ] ], [ [ [ 100.536, 4.011 ], [ 100.536, 4.01 ], [ 100.534, 4.011 ], [ 100.536, 4.011 ] ] ], [ [ [ 100.542, 4.01 ], [ 100.542, 4.015 ], [ 100.546, 4.011 ], [ 100.542, 4.01 ] ] ], [ [ [ 100.554, 4.032 ], [ 100.547, 4.023 ], [ 100.543, 4.028 ], [ 100.554, 4.032 ] ] ], [ [ [ 118.628, 4.113 ], [ 118.628, 4.118 ], [ 118.63, 4.116 ], [ 118.628, 4.113 ] ] ], [ [ [ 100.62, 4.156 ], [ 100.619, 4.155 ], [ 100.618, 4.157 ], [ 100.62, 4.156 ] ] ], [ [ [ 118.885, 4.161 ], [ 118.882, 4.161 ], [ 118.881, 4.165 ], [ 118.885, 4.161 ] ] ], [ [ [ 100.656, 4.155 ], [ 100.637, 4.156 ], [ 100.637, 4.169 ], [ 100.656, 4.155 ] ] ], [ [ [ 100.537, 4.186 ], [ 100.537, 4.187 ], [ 100.538, 4.187 ], [ 100.537, 4.186 ] ] ], [ [ [ 117.626, 4.195 ], [ 117.627, 4.197 ], [ 117.629, 4.196 ], [ 117.626, 4.195 ] ] ], [ [ [ 117.629, 4.197 ], [ 117.629, 4.202 ], [ 117.644, 4.19 ], [ 117.629, 4.197 ] ] ], [ [ [ 100.547, 4.188 ], [ 100.54, 4.187 ], [ 100.539, 4.2 ], [ 100.547, 4.188 ] ] ], [ [ [ 100.602, 4.203 ], [ 100.598, 4.203 ], [ 100.597, 4.208 ], [ 100.602, 4.203 ] ] ], [ [ [ 100.609, 4.211 ], [ 100.603, 4.203 ], [ 100.602, 4.203 ], [ 100.597, 4.21 ], [ 100.609, 4.211 ] ] ], [ [ [ 118.692, 4.221 ], [ 118.693, 4.219 ], [ 118.688, 4.218 ], [ 118.692, 4.221 ] ] ], [ [ [ 100.538, 4.23 ], [ 100.539, 4.227 ], [ 100.528, 4.23 ], [ 100.538, 4.23 ] ] ], [ [ [ 100.542, 4.236 ], [ 100.541, 4.235 ], [ 100.539, 4.236 ], [ 100.542, 4.236 ] ] ], [ [ [ 118.631, 4.243 ], [ 118.628, 4.248 ], [ 118.63, 4.249 ], [ 118.631, 4.243 ] ] ], [ [ [ 117.753, 4.258 ], [ 117.901, 4.167 ], [ 117.673, 4.171 ], [ 117.625, 4.217 ], [ 117.753, 4.258 ] ] ], [ [ [ 100.554, 4.249 ], [ 100.569, 4.249 ], [ 100.576, 4.198 ], [ 100.582, 4.188 ], [ 100.543, 4.215 ], [ 100.554, 4.249 ] ] ], [ [ [ 100.542, 4.267 ], [ 100.54, 4.267 ], [ 100.54, 4.268 ], [ 100.542, 4.267 ] ] ], [ [ [ 118.857, 4.302 ], [ 118.854, 4.307 ], [ 118.859, 4.313 ], [ 118.857, 4.302 ] ] ], [ [ [ 118.875, 4.311 ], [ 118.867, 4.312 ], [ 118.869, 4.318 ], [ 118.875, 4.311 ] ] ], [ [ [ 118.456, 4.317 ], [ 118.456, 4.316 ], [ 118.454, 4.32 ], [ 118.456, 4.317 ] ] ], [ [ [ 118.36, 4.32 ], [ 118.354, 4.314 ], [ 118.332, 4.328 ], [ 118.36, 4.32 ] ] ], [ [ [ 118.571, 4.342 ], [ 118.564, 4.338 ], [ 118.565, 4.341 ], [ 118.571, 4.342 ] ] ], [ [ [ 118.587, 4.355 ], [ 118.582, 4.356 ], [ 118.592, 4.365 ], [ 118.587, 4.355 ] ] ], [ [ [ 118.605, 4.37 ], [ 118.598, 4.367 ], [ 118.598, 4.372 ], [ 118.605, 4.37 ] ] ], [ [ [ 118.669, 4.392 ], [ 118.645, 4.382 ], [ 118.65, 4.391 ], [ 118.669, 4.392 ] ] ], [ [ [ 118.757, 4.415 ], [ 118.756, 4.415 ], [ 118.757, 4.416 ], [ 118.757, 4.415 ] ] ], [ [ [ 100.576, 4.422 ], [ 100.578, 4.418 ], [ 100.574, 4.421 ], [ 100.576, 4.422 ] ] ], [ [ [ 118.765, 4.426 ], [ 118.769, 4.422 ], [ 118.757, 4.416 ], [ 118.765, 4.426 ] ] ], [ [ [ 117.679, 4.414 ], [ 117.669, 4.405 ], [ 117.648, 4.426 ], [ 117.679, 4.414 ] ] ], [ [ [ 118.687, 4.441 ], [ 118.686, 4.442 ], [ 118.682, 4.443 ], [ 118.643, 4.416 ], [ 118.658, 4.437 ], [ 118.638, 4.498 ], [ 118.735, 4.45 ], [ 118.754, 4.456 ], [ 118.721, 4.436 ], [ 118.687, 4.442 ], [ 118.687, 4.441 ] ] ], [ [ [ 118.625, 4.464 ], [ 118.624, 4.463 ], [ 118.623, 4.464 ], [ 118.625, 4.464 ] ] ], [ [ [ 118.932, 4.474 ], [ 118.932, 4.477 ], [ 118.937, 4.473 ], [ 118.932, 4.474 ] ] ], [ [ [ 118.619, 4.479 ], [ 118.618, 4.478 ], [ 118.615, 4.479 ], [ 118.619, 4.479 ] ] ], [ [ [ 118.632, 4.486 ], [ 118.632, 4.484 ], [ 118.627, 4.488 ], [ 118.632, 4.486 ] ] ], [ [ [ 118.687, 4.486 ], [ 118.686, 4.487 ], [ 118.687, 4.488 ], [ 118.687, 4.486 ] ] ], [ [ [ 118.5, 4.488 ], [ 118.501, 4.482 ], [ 118.492, 4.484 ], [ 118.5, 4.488 ] ] ], [ [ [ 118.685, 4.488 ], [ 118.684, 4.487 ], [ 118.684, 4.489 ], [ 118.685, 4.488 ] ] ], [ [ [ 118.693, 4.489 ], [ 118.695, 4.487 ], [ 118.692, 4.485 ], [ 118.693, 4.489 ] ] ], [ [ [ 118.603, 4.489 ], [ 118.602, 4.491 ], [ 118.603, 4.491 ], [ 118.603, 4.489 ] ] ], [ [ [ 118.677, 4.491 ], [ 118.676, 4.492 ], [ 118.677, 4.492 ], [ 118.677, 4.491 ] ] ], [ [ [ 118.601, 4.493 ], [ 118.601, 4.492 ], [ 118.599, 4.493 ], [ 118.601, 4.493 ] ] ], [ [ [ 118.677, 4.495 ], [ 118.677, 4.494 ], [ 118.676, 4.496 ], [ 118.677, 4.495 ] ] ], [ [ [ 118.48, 4.511 ], [ 118.478, 4.512 ], [ 118.48, 4.513 ], [ 118.48, 4.511 ] ] ], [ [ [ 118.589, 4.514 ], [ 118.589, 4.515 ], [ 118.59, 4.514 ], [ 118.589, 4.514 ] ] ], [ [ [ 118.586, 4.516 ], [ 118.586, 4.515 ], [ 118.585, 4.516 ], [ 118.586, 4.516 ] ] ], [ [ [ 118.48, 4.529 ], [ 118.481, 4.53 ], [ 118.483, 4.529 ], [ 118.48, 4.529 ] ] ], [ [ [ 118.848, 4.526 ], [ 118.841, 4.533 ], [ 118.851, 4.529 ], [ 118.848, 4.526 ] ] ], [ [ [ 118.506, 4.543 ], [ 118.499, 4.515 ], [ 118.479, 4.524 ], [ 118.506, 4.543 ] ] ], [ [ [ 118.67, 4.56 ], [ 118.66, 4.555 ], [ 118.662, 4.563 ], [ 118.67, 4.56 ] ] ], [ [ [ 118.955, 4.566 ], [ 118.954, 4.565 ], [ 118.954, 4.566 ], [ 118.955, 4.566 ] ] ], [ [ [ 118.611, 4.556 ], [ 118.593, 4.553 ], [ 118.604, 4.565 ], [ 118.611, 4.556 ] ] ], [ [ [ 118.58, 4.56 ], [ 118.577, 4.549 ], [ 118.521, 4.534 ], [ 118.58, 4.56 ] ] ], [ [ [ 118.503, 4.577 ], [ 118.51, 4.569 ], [ 118.496, 4.571 ], [ 118.503, 4.577 ] ] ], [ [ [ 118.582, 4.573 ], [ 118.576, 4.569 ], [ 118.574, 4.575 ], [ 118.582, 4.573 ] ] ], [ [ [ 118.695, 4.575 ], [ 118.697, 4.58 ], [ 118.701, 4.578 ], [ 118.695, 4.575 ] ] ], [ [ [ 118.545, 4.58 ], [ 118.543, 4.58 ], [ 118.544, 4.581 ], [ 118.545, 4.58 ] ] ], [ [ [ 118.917, 4.577 ], [ 118.914, 4.578 ], [ 118.915, 4.583 ], [ 118.917, 4.577 ] ] ], [ [ [ 118.947, 4.579 ], [ 118.947, 4.583 ], [ 118.95, 4.577 ], [ 118.947, 4.579 ] ] ], [ [ [ 118.519, 4.58 ], [ 118.519, 4.584 ], [ 118.52, 4.582 ], [ 118.519, 4.58 ] ] ], [ [ [ 118.492, 4.594 ], [ 118.494, 4.59 ], [ 118.486, 4.592 ], [ 118.492, 4.594 ] ] ], [ [ [ 118.382, 4.596 ], [ 118.383, 4.597 ], [ 118.384, 4.597 ], [ 118.382, 4.596 ] ] ], [ [ [ 118.862, 4.594 ], [ 118.863, 4.599 ], [ 118.866, 4.597 ], [ 118.862, 4.594 ] ] ], [ [ [ 118.719, 4.598 ], [ 118.722, 4.602 ], [ 118.722, 4.597 ], [ 118.719, 4.598 ] ] ], [ [ [ 118.566, 4.602 ], [ 118.566, 4.6 ], [ 118.564, 4.601 ], [ 118.566, 4.602 ] ] ], [ [ [ 118.563, 4.603 ], [ 118.563, 4.602 ], [ 118.562, 4.603 ], [ 118.563, 4.603 ] ] ], [ [ [ 118.687, 4.607 ], [ 118.688, 4.608 ], [ 118.69, 4.606 ], [ 118.687, 4.607 ] ] ], [ [ [ 118.535, 4.608 ], [ 118.534, 4.609 ], [ 118.535, 4.61 ], [ 118.535, 4.608 ] ] ], [ [ [ 118.794, 4.603 ], [ 118.787, 4.587 ], [ 118.78, 4.587 ], [ 118.794, 4.603 ] ] ], [ [ [ 118.782, 4.614 ], [ 118.722, 4.603 ], [ 118.731, 4.622 ], [ 118.782, 4.614 ] ] ], [ [ [ 118.792, 4.635 ], [ 118.792, 4.637 ], [ 118.795, 4.635 ], [ 118.792, 4.635 ] ] ], [ [ [ 118.346, 4.64 ], [ 118.346, 4.642 ], [ 118.348, 4.641 ], [ 118.346, 4.64 ] ] ], [ [ [ 118.33, 4.64 ], [ 118.331, 4.646 ], [ 118.337, 4.643 ], [ 118.33, 4.64 ] ] ], [ [ [ 118.66, 4.652 ], [ 118.656, 4.647 ], [ 118.658, 4.653 ], [ 118.66, 4.652 ] ] ], [ [ [ 118.544, 4.661 ], [ 118.541, 4.66 ], [ 118.54, 4.662 ], [ 118.544, 4.661 ] ] ], [ [ [ 118.54, 4.68 ], [ 118.539, 4.679 ], [ 118.539, 4.681 ], [ 118.54, 4.68 ] ] ], [ [ [ 118.426, 4.688 ], [ 118.416, 4.687 ], [ 118.418, 4.689 ], [ 118.426, 4.688 ] ] ], [ [ [ 118.495, 4.641 ], [ 118.586, 4.627 ], [ 118.565, 4.618 ], [ 118.552, 4.589 ], [ 118.544, 4.617 ], [ 118.321, 4.657 ], [ 118.428, 4.662 ], [ 118.458, 4.7 ], [ 118.495, 4.641 ] ] ], [ [ [ 118.431, 4.697 ], [ 118.432, 4.692 ], [ 118.389, 4.702 ], [ 118.431, 4.697 ] ] ], [ [ [ 118.477, 4.719 ], [ 118.45, 4.705 ], [ 118.451, 4.721 ], [ 118.477, 4.719 ] ] ], [ [ [ 118.229, 4.727 ], [ 118.23, 4.729 ], [ 118.231, 4.727 ], [ 118.229, 4.727 ] ] ], [ [ [ 118.516, 4.744 ], [ 118.514, 4.744 ], [ 118.517, 4.75 ], [ 118.516, 4.744 ] ] ], [ [ [ 118.489, 4.752 ], [ 118.49, 4.755 ], [ 118.491, 4.754 ], [ 118.489, 4.752 ] ] ], [ [ [ 118.485, 4.761 ], [ 118.485, 4.762 ], [ 118.487, 4.762 ], [ 118.485, 4.761 ] ] ], [ [ [ 118.306, 4.769 ], [ 118.304, 4.77 ], [ 118.304, 4.773 ], [ 118.306, 4.769 ] ] ], [ [ [ 118.392, 4.758 ], [ 118.387, 4.757 ], [ 118.382, 4.777 ], [ 118.392, 4.758 ] ] ], [ [ [ 103.689, 4.782 ], [ 103.687, 4.782 ], [ 103.689, 4.783 ], [ 103.689, 4.782 ] ] ], [ [ [ 118.309, 4.786 ], [ 118.312, 4.791 ], [ 118.312, 4.788 ], [ 118.309, 4.786 ] ] ], [ [ [ 118.29, 4.784 ], [ 118.285, 4.786 ], [ 118.288, 4.791 ], [ 118.29, 4.784 ] ] ], [ [ [ 118.399, 4.8 ], [ 118.418, 4.784 ], [ 118.38, 4.78 ], [ 118.399, 4.8 ] ] ], [ [ [ 118.321, 4.806 ], [ 118.326, 4.798 ], [ 118.303, 4.798 ], [ 118.321, 4.806 ] ] ], [ [ [ 115.03, 4.808 ], [ 115.027, 4.807 ], [ 115.027, 4.81 ], [ 115.03, 4.808 ] ] ], [ [ [ 103.691, 4.81 ], [ 103.681, 4.793 ], [ 103.673, 4.804 ], [ 103.691, 4.81 ] ] ], [ [ [ 118.291, 4.814 ], [ 118.275, 4.822 ], [ 118.277, 4.823 ], [ 118.291, 4.814 ] ] ], [ [ [ 103.667, 4.843 ], [ 103.667, 4.842 ], [ 103.662, 4.846 ], [ 103.667, 4.843 ] ] ], [ [ [ 118.17, 4.902 ], [ 118.172, 4.907 ], [ 118.173, 4.906 ], [ 118.17, 4.902 ] ] ], [ [ [ 118.268, 4.923 ], [ 118.267, 4.922 ], [ 118.266, 4.924 ], [ 118.268, 4.923 ] ] ], [ [ [ 118.204, 4.925 ], [ 118.202, 4.924 ], [ 118.2, 4.926 ], [ 118.204, 4.925 ] ] ], [ [ [ 118.467, 4.929 ], [ 118.468, 4.931 ], [ 118.449, 4.991 ], [ 118.427, 5.009 ], [ 118.318, 5.019 ], [ 118.304, 4.961 ], [ 118.292, 4.995 ], [ 118.236, 4.978 ], [ 118.118, 4.883 ], [ 118.19, 4.807 ], [ 118.206, 4.731 ], [ 118.266, 4.661 ], [ 118.404, 4.576 ], [ 118.483, 4.569 ], [ 118.44, 4.528 ], [ 118.489, 4.484 ], [ 118.501, 4.482 ], [ 118.506, 4.481 ], [ 118.534, 4.524 ], [ 118.583, 4.511 ], [ 118.593, 4.513 ], [ 118.57, 4.488 ], [ 118.643, 4.441 ], [ 118.613, 4.403 ], [ 118.572, 4.429 ], [ 118.596, 4.399 ], [ 118.552, 4.351 ], [ 118.34, 4.346 ], [ 117.979, 4.223 ], [ 117.881, 4.244 ], [ 117.855, 4.289 ], [ 117.719, 4.357 ], [ 117.678, 4.422 ], [ 117.647, 4.431 ], [ 117.644, 4.384 ], [ 117.588, 4.397 ], [ 117.658, 4.277 ], [ 117.602, 4.2 ], [ 117.618, 4.158 ], [ 117.462, 4.177 ], [ 117.248, 4.374 ], [ 117.019, 4.32 ], [ 116.911, 4.368 ], [ 116.791, 4.338 ], [ 116.752, 4.391 ], [ 116.706, 4.332 ], [ 116.63, 4.336 ], [ 116.564, 4.409 ], [ 116.441, 4.288 ], [ 116.354, 4.389 ], [ 116.279, 4.36 ], [ 116.167, 4.391 ], [ 116.166, 4.333 ], [ 116.075, 4.277 ], [ 115.877, 4.392 ], [ 115.875, 4.291 ], [ 115.818, 4.225 ], [ 115.766, 4.245 ], [ 115.702, 4.195 ], [ 115.64, 3.962 ], [ 115.559, 3.917 ], [ 115.617, 3.874 ], [ 115.571, 3.647 ], [ 115.657, 3.441 ], [ 115.624, 3.408 ], [ 115.585, 3.449 ], [ 115.544, 3.364 ], [ 115.516, 3.222 ], [ 115.562, 3.15 ], [ 115.497, 3.029 ], [ 115.403, 2.979 ], [ 115.331, 2.975 ], [ 115.284, 3.048 ], [ 115.091, 2.823 ], [ 115.155, 2.79 ], [ 115.092, 2.606 ], [ 115.178, 2.61 ], [ 115.249, 2.509 ], [ 114.996, 2.347 ], [ 114.961, 2.365 ], [ 114.968, 2.291 ], [ 114.917, 2.255 ], [ 114.816, 2.264 ], [ 114.741, 2.191 ], [ 114.739, 2.135 ], [ 114.821, 2.13 ], [ 114.81, 2.023 ], [ 114.888, 2.024 ], [ 114.851, 1.962 ], [ 114.883, 1.914 ], [ 114.791, 1.848 ], [ 114.718, 1.856 ], [ 114.709, 1.638 ], [ 114.61, 1.575 ], [ 114.572, 1.439 ], [ 114.408, 1.523 ], [ 114.211, 1.411 ], [ 114.141, 1.466 ], [ 113.975, 1.45 ], [ 113.632, 1.219 ], [ 113.549, 1.321 ], [ 113.421, 1.286 ], [ 113.328, 1.375 ], [ 113.145, 1.388 ], [ 113.106, 1.446 ], [ 112.975, 1.411 ], [ 113.071, 1.53 ], [ 112.999, 1.578 ], [ 112.885, 1.587 ], [ 112.841, 1.538 ], [ 112.5, 1.583 ], [ 112.212, 1.45 ], [ 112.232, 1.38 ], [ 112.143, 1.136 ], [ 111.936, 1.122 ], [ 111.829, 0.987 ], [ 111.665, 1.046 ], [ 111.53, 0.954 ], [ 111.489, 1.035 ], [ 111.413, 1.008 ], [ 111.232, 1.087 ], [ 110.907, 1.029 ], [ 110.804, 0.9 ], [ 110.771, 0.932 ], [ 110.697, 0.87 ], [ 110.643, 0.897 ], [ 110.576, 0.854 ], [ 110.447, 0.908 ], [ 110.395, 0.998 ], [ 110.276, 0.997 ], [ 110.192, 1.184 ], [ 110.064, 1.209 ], [ 110.065, 1.265 ], [ 109.98, 1.298 ], [ 109.961, 1.404 ], [ 109.837, 1.422 ], [ 109.839, 1.483 ], [ 109.804, 1.466 ], [ 109.662, 1.618 ], [ 109.686, 1.781 ], [ 109.585, 1.792 ], [ 109.539, 1.913 ], [ 109.56, 1.971 ], [ 109.622, 1.984 ], [ 109.648, 2.08 ], [ 109.65, 1.914 ], [ 109.681, 1.861 ], [ 109.853, 1.786 ], [ 109.875, 1.73 ], [ 109.924, 1.698 ], [ 110.297, 1.689 ], [ 110.313, 1.701 ], [ 110.305, 1.747 ], [ 110.339, 1.805 ], [ 110.377, 1.69 ], [ 110.514, 1.742 ], [ 110.478, 1.66 ], [ 110.533, 1.58 ], [ 110.642, 1.588 ], [ 110.766, 1.511 ], [ 110.801, 1.579 ], [ 111.102, 1.395 ], [ 110.995, 1.572 ], [ 111.044, 1.68 ], [ 111.14, 1.678 ], [ 111.087, 1.758 ], [ 111.249, 2.134 ], [ 111.163, 2.178 ], [ 111.219, 2.237 ], [ 111.247, 2.192 ], [ 111.258, 2.194 ], [ 111.283, 2.198 ], [ 111.325, 2.335 ], [ 111.313, 2.363 ], [ 111.366, 2.336 ], [ 111.47, 2.375 ], [ 111.391, 2.486 ], [ 111.444, 2.497 ], [ 111.396, 2.537 ], [ 111.433, 2.701 ], [ 111.635, 2.848 ], [ 111.724, 2.802 ], [ 111.681, 2.835 ], [ 112.585, 3.017 ], [ 113.008, 3.161 ], [ 113.064, 3.28 ], [ 113.305, 3.515 ], [ 113.434, 3.757 ], [ 113.707, 3.966 ], [ 113.924, 4.249 ], [ 113.999, 4.458 ], [ 113.97, 4.596 ], [ 114.163, 4.574 ], [ 114.26, 4.507 ], [ 114.333, 4.349 ], [ 114.317, 4.264 ], [ 114.45, 4.279 ], [ 114.493, 4.147 ], [ 114.611, 4.003 ], [ 114.656, 4.008 ], [ 114.794, 4.125 ], [ 114.88, 4.371 ], [ 114.883, 4.425 ], [ 114.825, 4.442 ], [ 114.777, 4.729 ], [ 114.898, 4.816 ], [ 114.971, 4.808 ], [ 115.025, 4.895 ], [ 115.018, 4.801 ], [ 115.055, 4.79 ], [ 115.022, 4.748 ], [ 115.09, 4.388 ], [ 115.237, 4.368 ], [ 115.335, 4.301 ], [ 115.364, 4.345 ], [ 115.273, 4.448 ], [ 115.29, 4.615 ], [ 115.239, 4.803 ], [ 115.155, 4.911 ], [ 115.201, 4.967 ], [ 115.247, 4.915 ], [ 115.321, 4.891 ], [ 115.386, 4.909 ], [ 115.544, 5.068 ], [ 115.553, 5.139 ], [ 115.596, 5.184 ], [ 115.603, 5.218 ], [ 115.581, 5.22 ], [ 115.564, 5.187 ], [ 115.554, 5.182 ], [ 115.552, 5.204 ], [ 115.547, 5.201 ], [ 115.542, 5.203 ], [ 115.519, 5.196 ], [ 115.518, 5.205 ], [ 115.465, 5.236 ], [ 115.458, 5.235 ], [ 115.45, 5.241 ], [ 115.447, 5.241 ], [ 115.445, 5.239 ], [ 115.444, 5.239 ], [ 115.442, 5.24 ], [ 115.435, 5.274 ], [ 115.338, 5.298 ], [ 115.365, 5.387 ], [ 115.593, 5.632 ], [ 115.621, 5.614 ], [ 115.586, 5.552 ], [ 115.599, 5.517 ], [ 115.603, 5.571 ], [ 115.604, 5.57 ], [ 115.653, 5.542 ], [ 115.76, 5.53 ], [ 115.872, 5.582 ], [ 115.899, 5.743 ], [ 116.035, 5.832 ], [ 116.051, 5.875 ], [ 116.04, 5.957 ], [ 116.109, 6.001 ], [ 116.132, 6.091 ], [ 116.085, 6.109 ], [ 116.193, 6.235 ], [ 116.263, 6.218 ], [ 116.27, 6.219 ], [ 116.273, 6.226 ], [ 116.277, 6.224 ], [ 116.28, 6.226 ], [ 116.279, 6.227 ], [ 116.28, 6.227 ], [ 116.281, 6.227 ], [ 116.282, 6.231 ], [ 116.284, 6.231 ], [ 116.284, 6.237 ], [ 116.279, 6.24 ], [ 116.293, 6.238 ], [ 116.285, 6.278 ], [ 116.207, 6.24 ], [ 116.29, 6.32 ], [ 116.293, 6.297 ], [ 116.333, 6.307 ], [ 116.32, 6.37 ], [ 116.488, 6.486 ], [ 116.642, 6.707 ], [ 116.627, 6.781 ], [ 116.672, 6.82 ], [ 116.64, 6.864 ], [ 116.686, 6.893 ], [ 116.745, 7.036 ], [ 116.861, 6.893 ], [ 116.787, 6.886 ], [ 116.786, 6.884 ], [ 116.786, 6.882 ], [ 116.786, 6.88 ], [ 116.794, 6.872 ], [ 116.787, 6.865 ], [ 116.868, 6.823 ], [ 116.764, 6.644 ], [ 116.755, 6.628 ], [ 116.752, 6.587 ], [ 116.775, 6.567 ], [ 116.792, 6.561 ], [ 116.851, 6.578 ], [ 116.982, 6.702 ], [ 117.057, 6.863 ], [ 117.032, 6.949 ], [ 117.072, 6.936 ], [ 117.059, 6.974 ], [ 117.059, 6.975 ], [ 117.153, 7.013 ], [ 117.197, 6.956 ], [ 117.253, 6.942 ], [ 117.217, 6.819 ], [ 117.246, 6.759 ], [ 117.274, 6.741 ], [ 117.274, 6.733 ], [ 117.284, 6.727 ], [ 117.264, 6.7 ], [ 117.28, 6.673 ], [ 117.286, 6.663 ], [ 117.281, 6.646 ], [ 117.281, 6.645 ], [ 117.292, 6.615 ], [ 117.302, 6.611 ], [ 117.471, 6.545 ], [ 117.521, 6.631 ], [ 117.553, 6.539 ], [ 117.725, 6.445 ], [ 117.722, 6.44 ], [ 117.723, 6.437 ], [ 117.723, 6.434 ], [ 117.742, 6.425 ], [ 117.715, 6.345 ], [ 117.721, 6.248 ], [ 117.647, 6.243 ], [ 117.55, 6.187 ], [ 117.584, 6.175 ], [ 117.548, 6.149 ], [ 117.607, 6.164 ], [ 117.658, 6.064 ], [ 117.624, 6.026 ], [ 117.678, 5.999 ], [ 117.605, 5.905 ], [ 117.737, 5.897 ], [ 117.766, 5.904 ], [ 117.772, 5.909 ], [ 117.758, 5.939 ], [ 117.887, 5.946 ], [ 117.983, 6.069 ], [ 118.046, 6.036 ], [ 118.054, 5.927 ], [ 118.13, 5.846 ], [ 118.029, 5.79 ], [ 117.999, 5.811 ], [ 117.958, 5.808 ], [ 117.956, 5.806 ], [ 117.955, 5.805 ], [ 117.955, 5.803 ], [ 117.961, 5.797 ], [ 117.953, 5.794 ], [ 117.917, 5.801 ], [ 117.899, 5.794 ], [ 117.895, 5.757 ], [ 117.897, 5.756 ], [ 117.911, 5.759 ], [ 117.903, 5.747 ], [ 117.909, 5.741 ], [ 117.948, 5.731 ], [ 117.934, 5.706 ], [ 117.955, 5.69 ], [ 117.94, 5.677 ], [ 117.944, 5.672 ], [ 118.058, 5.722 ], [ 118.129, 5.663 ], [ 118.15, 5.681 ], [ 118.127, 5.729 ], [ 118.165, 5.749 ], [ 118.151, 5.802 ], [ 118.215, 5.818 ], [ 118.229, 5.832 ], [ 118.24, 5.842 ], [ 118.341, 5.786 ], [ 118.354, 5.798 ], [ 118.35, 5.828 ], [ 118.923, 5.437 ], [ 118.934, 5.417 ], [ 118.898, 5.4 ], [ 118.88, 5.387 ], [ 118.88, 5.379 ], [ 118.92, 5.374 ], [ 118.947, 5.381 ], [ 118.944, 5.431 ], [ 119.064, 5.4 ], [ 119.149, 5.451 ], [ 119.24, 5.391 ], [ 119.265, 5.313 ], [ 119.247, 5.265 ], [ 119.267, 5.208 ], [ 119.164, 5.106 ], [ 118.678, 4.934 ], [ 118.551, 4.962 ], [ 118.471, 4.924 ], [ 118.469, 4.929 ], [ 118.467, 4.929 ] ] ], [ [ [ 118.229, 4.932 ], [ 118.229, 4.931 ], [ 118.226, 4.932 ], [ 118.229, 4.932 ] ] ], [ [ [ 118.236, 4.926 ], [ 118.234, 4.924 ], [ 118.233, 4.934 ], [ 118.236, 4.926 ] ] ], [ [ [ 118.223, 4.937 ], [ 118.223, 4.934 ], [ 118.217, 4.94 ], [ 118.223, 4.937 ] ] ], [ [ [ 118.209, 4.941 ], [ 118.21, 4.942 ], [ 118.212, 4.94 ], [ 118.209, 4.941 ] ] ], [ [ [ 118.298, 4.946 ], [ 118.299, 4.947 ], [ 118.299, 4.945 ], [ 118.298, 4.946 ] ] ], [ [ [ 118.258, 4.947 ], [ 118.26, 4.944 ], [ 118.252, 4.948 ], [ 118.258, 4.947 ] ] ], [ [ [ 118.309, 4.948 ], [ 118.305, 4.95 ], [ 118.309, 4.949 ], [ 118.31, 4.949 ], [ 118.309, 4.948 ] ] ], [ [ [ 118.237, 4.967 ], [ 118.237, 4.965 ], [ 118.236, 4.965 ], [ 118.237, 4.967 ] ] ], [ [ [ 118.29, 4.964 ], [ 118.283, 4.966 ], [ 118.286, 4.968 ], [ 118.29, 4.964 ] ] ], [ [ [ 118.308, 4.967 ], [ 118.306, 4.967 ], [ 118.307, 4.969 ], [ 118.308, 4.967 ] ] ], [ [ [ 115.184, 4.963 ], [ 115.186, 4.97 ], [ 115.189, 4.964 ], [ 115.184, 4.963 ] ] ], [ [ [ 118.317, 4.968 ], [ 118.314, 4.966 ], [ 118.31, 4.969 ], [ 118.317, 4.968 ] ] ], [ [ [ 115.191, 4.965 ], [ 115.189, 4.972 ], [ 115.195, 4.975 ], [ 115.191, 4.965 ] ] ], [ [ [ 118.322, 4.975 ], [ 118.322, 4.974 ], [ 118.319, 4.973 ], [ 118.322, 4.975 ] ] ], [ [ [ 118.324, 4.981 ], [ 118.325, 4.981 ], [ 118.325, 4.98 ], [ 118.324, 4.981 ] ] ], [ [ [ 118.366, 4.981 ], [ 118.366, 4.979 ], [ 118.363, 4.981 ], [ 118.366, 4.981 ] ] ], [ [ [ 118.291, 4.981 ], [ 118.29, 4.981 ], [ 118.29, 4.982 ], [ 118.291, 4.981 ] ] ], [ [ [ 118.313, 4.989 ], [ 118.315, 4.99 ], [ 118.316, 4.988 ], [ 118.313, 4.989 ] ] ], [ [ [ 118.345, 4.976 ], [ 118.386, 4.979 ], [ 118.304, 4.953 ], [ 118.345, 4.976 ] ] ], [ [ [ 118.332, 4.992 ], [ 118.329, 4.991 ], [ 118.33, 4.992 ], [ 118.332, 4.992 ] ] ], [ [ [ 115.59, 5.182 ], [ 115.588, 5.183 ], [ 115.592, 5.186 ], [ 115.59, 5.182 ] ] ], [ [ [ 115.588, 5.198 ], [ 115.589, 5.198 ], [ 115.589, 5.197 ], [ 115.588, 5.198 ] ] ], [ [ [ 115.579, 5.194 ], [ 115.584, 5.201 ], [ 115.585, 5.198 ], [ 115.579, 5.194 ] ] ], [ [ [ 115.543, 5.2 ], [ 115.541, 5.2 ], [ 115.542, 5.202 ], [ 115.543, 5.2 ] ] ], [ [ [ 115.148, 5.203 ], [ 115.148, 5.2 ], [ 115.146, 5.201 ], [ 115.148, 5.203 ] ] ], [ [ [ 115.585, 5.202 ], [ 115.587, 5.205 ], [ 115.587, 5.201 ], [ 115.585, 5.202 ] ] ], [ [ [ 115.583, 5.205 ], [ 115.579, 5.204 ], [ 115.582, 5.209 ], [ 115.586, 5.214 ], [ 115.583, 5.205 ] ] ], [ [ [ 103.27, 5.219 ], [ 103.268, 5.21 ], [ 103.261, 5.222 ], [ 103.27, 5.219 ] ] ], [ [ [ 115.135, 5.229 ], [ 115.146, 5.216 ], [ 115.121, 5.232 ], [ 115.135, 5.229 ] ] ], [ [ [ 103.265, 5.235 ], [ 103.266, 5.234 ], [ 103.261, 5.232 ], [ 103.265, 5.235 ] ] ], [ [ [ 100.179, 5.227 ], [ 100.177, 5.225 ], [ 100.177, 5.232 ], [ 100.182, 5.236 ], [ 100.179, 5.227 ] ] ], [ [ [ 115.191, 5.237 ], [ 115.19, 5.238 ], [ 115.191, 5.238 ], [ 115.191, 5.237 ] ] ], [ [ [ 119.269, 5.234 ], [ 119.266, 5.226 ], [ 119.261, 5.231 ], [ 119.264, 5.236 ], [ 119.264, 5.241 ], [ 119.269, 5.234 ] ] ], [ [ [ 100.275, 5.244 ], [ 100.269, 5.248 ], [ 100.276, 5.25 ], [ 100.275, 5.244 ] ] ], [ [ [ 115.273, 5.253 ], [ 115.268, 5.252 ], [ 115.269, 5.255 ], [ 115.273, 5.253 ] ] ], [ [ [ 115.43, 5.261 ], [ 115.433, 5.262 ], [ 115.433, 5.26 ], [ 115.43, 5.261 ] ] ], [ [ [ 100.391, 5.262 ], [ 100.384, 5.257 ], [ 100.384, 5.262 ], [ 100.391, 5.262 ] ] ], [ [ [ 115.329, 5.277 ], [ 115.321, 5.278 ], [ 115.327, 5.263 ], [ 115.306, 5.269 ], [ 115.313, 5.281 ], [ 115.329, 5.277 ] ] ], [ [ [ 100.386, 5.267 ], [ 100.387, 5.286 ], [ 100.389, 5.282 ], [ 100.386, 5.267 ] ] ], [ [ [ 100.325, 5.318 ], [ 100.31, 5.301 ], [ 100.307, 5.313 ], [ 100.325, 5.318 ] ] ], [ [ [ 100.347, 5.354 ], [ 100.347, 5.355 ], [ 100.348, 5.354 ], [ 100.347, 5.354 ] ] ], [ [ [ 100.345, 5.354 ], [ 100.344, 5.354 ], [ 100.345, 5.355 ], [ 100.346, 5.354 ], [ 100.345, 5.354 ] ] ], [ [ [ 100.326, 5.363 ], [ 100.325, 5.364 ], [ 100.327, 5.364 ], [ 100.326, 5.363 ] ] ], [ [ [ 115.359, 5.389 ], [ 115.359, 5.388 ], [ 115.358, 5.388 ], [ 115.359, 5.389 ] ] ], [ [ [ 115.241, 5.242 ], [ 115.212, 5.28 ], [ 115.157, 5.251 ], [ 115.254, 5.387 ], [ 115.241, 5.242 ] ] ], [ [ [ 118.927, 5.378 ], [ 118.898, 5.386 ], [ 118.918, 5.385 ], [ 118.927, 5.378 ] ] ], [ [ [ 100.36, 5.412 ], [ 100.361, 5.426 ], [ 100.363, 5.426 ], [ 100.36, 5.412 ] ] ], [ [ [ 100.317, 5.445 ], [ 100.318, 5.456 ], [ 100.32, 5.457 ], [ 100.317, 5.445 ] ] ], [ [ [ 119.148, 5.453 ], [ 119.103, 5.441 ], [ 119.106, 5.458 ], [ 119.148, 5.453 ] ] ], [ [ [ 100.279, 5.467 ], [ 100.292, 5.469 ], [ 100.296, 5.465 ], [ 100.301, 5.465 ], [ 100.304, 5.464 ], [ 100.31, 5.465 ], [ 100.316, 5.436 ], [ 100.346, 5.423 ], [ 100.347, 5.417 ], [ 100.318, 5.386 ], [ 100.283, 5.258 ], [ 100.185, 5.267 ], [ 100.196, 5.415 ], [ 100.175, 5.473 ], [ 100.211, 5.46 ], [ 100.238, 5.465 ], [ 100.279, 5.467 ] ] ], [ [ [ 103.065, 5.596 ], [ 103.062, 5.596 ], [ 103.062, 5.597 ], [ 103.065, 5.596 ] ] ], [ [ [ 103.162, 5.624 ], [ 103.162, 5.622 ], [ 103.16, 5.623 ], [ 103.162, 5.624 ] ] ], [ [ [ 103.071, 5.62 ], [ 103.062, 5.611 ], [ 103.056, 5.618 ], [ 103.071, 5.62 ] ] ], [ [ [ 103.153, 5.643 ], [ 103.154, 5.642 ], [ 103.154, 5.64 ], [ 103.153, 5.643 ] ] ], [ [ [ 103.07, 5.658 ], [ 103.069, 5.654 ], [ 103.067, 5.658 ], [ 103.07, 5.658 ] ] ], [ [ [ 100.328, 5.664 ], [ 100.331, 5.662 ], [ 100.329, 5.662 ], [ 100.328, 5.664 ] ] ], [ [ [ 117.942, 5.676 ], [ 117.947, 5.679 ], [ 117.947, 5.675 ], [ 117.942, 5.676 ] ] ], [ [ [ 118.144, 5.684 ], [ 118.144, 5.686 ], [ 118.146, 5.686 ], [ 118.144, 5.684 ] ] ], [ [ [ 118.117, 5.699 ], [ 118.116, 5.705 ], [ 118.118, 5.705 ], [ 118.117, 5.699 ] ] ], [ [ [ 118.119, 5.705 ], [ 118.118, 5.705 ], [ 118.116, 5.706 ], [ 118.116, 5.708 ], [ 118.119, 5.705 ] ] ], [ [ [ 118.132, 5.704 ], [ 118.13, 5.708 ], [ 118.132, 5.708 ], [ 118.132, 5.704 ] ] ], [ [ [ 118.098, 5.707 ], [ 118.094, 5.707 ], [ 118.102, 5.711 ], [ 118.098, 5.707 ] ] ], [ [ [ 118.112, 5.719 ], [ 118.109, 5.721 ], [ 118.111, 5.724 ], [ 118.112, 5.719 ] ] ], [ [ [ 118.103, 5.721 ], [ 118.103, 5.725 ], [ 118.105, 5.724 ], [ 118.103, 5.721 ] ] ], [ [ [ 115.628, 5.729 ], [ 115.628, 5.73 ], [ 115.629, 5.729 ], [ 115.628, 5.729 ] ] ], [ [ [ 117.963, 5.735 ], [ 117.957, 5.735 ], [ 117.957, 5.737 ], [ 117.963, 5.735 ] ] ], [ [ [ 115.659, 5.732 ], [ 115.67, 5.713 ], [ 115.667, 5.704 ], [ 115.659, 5.732 ] ] ], [ [ [ 103.029, 5.739 ], [ 103.031, 5.74 ], [ 103.031, 5.738 ], [ 103.029, 5.739 ] ] ], [ [ [ 118.095, 5.74 ], [ 118.092, 5.74 ], [ 118.093, 5.741 ], [ 118.095, 5.74 ] ] ], [ [ [ 103.007, 5.738 ], [ 102.998, 5.732 ], [ 102.997, 5.736 ], [ 103.007, 5.738 ] ] ], [ [ [ 117.925, 5.745 ], [ 117.907, 5.746 ], [ 117.917, 5.749 ], [ 117.925, 5.745 ] ] ], [ [ [ 118.137, 5.751 ], [ 118.133, 5.743 ], [ 118.13, 5.749 ], [ 118.137, 5.751 ] ] ], [ [ [ 115.673, 5.751 ], [ 115.673, 5.752 ], [ 115.675, 5.747 ], [ 115.673, 5.751 ] ] ], [ [ [ 100.289, 5.746 ], [ 100.288, 5.743 ], [ 100.284, 5.749 ], [ 100.289, 5.746 ] ] ], [ [ [ 103.029, 5.756 ], [ 103.028, 5.754 ], [ 103.028, 5.755 ], [ 103.029, 5.756 ] ] ], [ [ [ 117.927, 5.754 ], [ 117.923, 5.755 ], [ 117.924, 5.756 ], [ 117.927, 5.754 ] ] ], [ [ [ 117.945, 5.765 ], [ 117.942, 5.761 ], [ 117.935, 5.767 ], [ 117.945, 5.765 ] ] ], [ [ [ 100.284, 5.769 ], [ 100.283, 5.769 ], [ 100.284, 5.772 ], [ 100.284, 5.769 ] ] ], [ [ [ 117.92, 5.769 ], [ 117.895, 5.757 ], [ 117.897, 5.767 ], [ 117.92, 5.769 ] ] ], [ [ [ 118.084, 5.772 ], [ 118.084, 5.773 ], [ 118.086, 5.773 ], [ 118.084, 5.772 ] ] ], [ [ [ 118.006, 5.774 ], [ 118.008, 5.775 ], [ 118.007, 5.773 ], [ 118.006, 5.774 ] ] ], [ [ [ 118.009, 5.775 ], [ 118.01, 5.776 ], [ 118.01, 5.775 ], [ 118.009, 5.775 ] ] ], [ [ [ 117.948, 5.775 ], [ 117.948, 5.776 ], [ 117.915, 5.783 ], [ 117.991, 5.785 ], [ 118.014, 5.756 ], [ 117.969, 5.744 ], [ 117.949, 5.776 ], [ 117.948, 5.775 ] ] ], [ [ [ 103.061, 5.775 ], [ 103.062, 5.771 ], [ 103.059, 5.774 ], [ 103.061, 5.775 ] ] ], [ [ [ 103.043, 5.777 ], [ 103.041, 5.778 ], [ 103.041, 5.779 ], [ 103.043, 5.777 ] ] ], [ [ [ 118.106, 5.781 ], [ 118.121, 5.781 ], [ 118.093, 5.766 ], [ 118.106, 5.781 ] ] ], [ [ [ 117.973, 5.789 ], [ 117.971, 5.791 ], [ 117.98, 5.792 ], [ 117.973, 5.789 ] ] ], [ [ [ 117.91, 5.791 ], [ 117.917, 5.798 ], [ 117.918, 5.794 ], [ 117.91, 5.791 ] ] ], [ [ [ 118.344, 5.796 ], [ 118.344, 5.802 ], [ 118.348, 5.797 ], [ 118.344, 5.796 ] ] ], [ [ [ 102.902, 5.788 ], [ 102.89, 5.803 ], [ 102.892, 5.803 ], [ 102.902, 5.788 ] ] ], [ [ [ 100.296, 5.809 ], [ 100.291, 5.81 ], [ 100.292, 5.814 ], [ 100.296, 5.809 ] ] ], [ [ [ 103.044, 5.789 ], [ 103.013, 5.75 ], [ 102.988, 5.784 ], [ 103.0, 5.818 ], [ 103.044, 5.789 ] ] ], [ [ [ 118.154, 5.811 ], [ 118.154, 5.818 ], [ 118.157, 5.813 ], [ 118.154, 5.811 ] ] ], [ [ [ 102.616, 5.828 ], [ 102.609, 5.828 ], [ 102.611, 5.832 ], [ 102.616, 5.828 ] ] ], [ [ [ 116.015, 5.837 ], [ 116.014, 5.836 ], [ 116.011, 5.838 ], [ 116.015, 5.837 ] ] ], [ [ [ 115.99, 5.843 ], [ 115.988, 5.843 ], [ 115.988, 5.844 ], [ 115.99, 5.843 ] ] ], [ [ [ 115.993, 5.846 ], [ 115.99, 5.844 ], [ 115.989, 5.847 ], [ 115.993, 5.846 ] ] ], [ [ [ 118.176, 5.812 ], [ 118.151, 5.823 ], [ 118.177, 5.852 ], [ 118.229, 5.832 ], [ 118.176, 5.812 ] ] ], [ [ [ 116.049, 5.873 ], [ 116.045, 5.867 ], [ 116.047, 5.877 ], [ 116.049, 5.873 ] ] ], [ [ [ 100.337, 5.879 ], [ 100.318, 5.874 ], [ 100.326, 5.881 ], [ 100.337, 5.879 ] ] ], [ [ [ 118.15, 5.866 ], [ 118.143, 5.855 ], [ 118.139, 5.889 ], [ 118.15, 5.866 ] ] ], [ [ [ 117.753, 5.902 ], [ 117.752, 5.902 ], [ 117.752, 5.903 ], [ 117.753, 5.903 ], [ 117.753, 5.902 ] ] ], [ [ [ 118.095, 5.899 ], [ 118.087, 5.904 ], [ 118.097, 5.909 ], [ 118.095, 5.899 ] ] ], [ [ [ 102.77, 5.885 ], [ 102.742, 5.881 ], [ 102.738, 5.904 ], [ 102.77, 5.885 ] ] ], [ [ [ 118.115, 5.918 ], [ 118.103, 5.914 ], [ 118.102, 5.923 ], [ 118.115, 5.918 ] ] ], [ [ [ 117.64, 5.927 ], [ 117.652, 5.931 ], [ 117.653, 5.921 ], [ 117.64, 5.927 ] ] ], [ [ [ 102.733, 5.904 ], [ 102.725, 5.893 ], [ 102.715, 5.898 ], [ 102.723, 5.938 ], [ 102.733, 5.904 ] ] ], [ [ [ 117.69, 5.945 ], [ 117.684, 5.943 ], [ 117.686, 5.954 ], [ 117.69, 5.945 ] ] ], [ [ [ 102.667, 5.96 ], [ 102.666, 5.956 ], [ 102.662, 5.958 ], [ 102.667, 5.96 ] ] ], [ [ [ 115.996, 5.959 ], [ 115.994, 5.958 ], [ 115.992, 5.961 ], [ 115.996, 5.959 ] ] ], [ [ [ 102.678, 5.962 ], [ 102.675, 5.962 ], [ 102.676, 5.963 ], [ 102.678, 5.962 ] ] ], [ [ [ 102.684, 5.962 ], [ 102.683, 5.959 ], [ 102.681, 5.963 ], [ 102.684, 5.962 ] ] ], [ [ [ 116.013, 5.967 ], [ 116.013, 5.968 ], [ 116.015, 5.966 ], [ 116.013, 5.967 ] ] ], [ [ [ 116.009, 5.975 ], [ 115.995, 5.971 ], [ 115.997, 5.975 ], [ 116.009, 5.975 ] ] ], [ [ [ 116.009, 6.007 ], [ 116.005, 6.007 ], [ 116.004, 6.011 ], [ 116.009, 6.007 ] ] ], [ [ [ 117.714, 5.985 ], [ 117.663, 5.942 ], [ 117.687, 5.967 ], [ 117.69, 6.009 ], [ 117.705, 6.013 ], [ 117.706, 6.017 ], [ 117.714, 5.985 ] ] ], [ [ [ 117.708, 6.015 ], [ 117.707, 6.017 ], [ 117.71, 6.017 ], [ 117.708, 6.015 ] ] ], [ [ [ 117.698, 6.018 ], [ 117.705, 6.017 ], [ 117.704, 6.014 ], [ 117.698, 6.018 ] ] ], [ [ [ 117.717, 6.014 ], [ 117.71, 6.017 ], [ 117.698, 6.024 ], [ 117.705, 6.035 ], [ 117.717, 6.014 ] ] ], [ [ [ 116.05, 6.032 ], [ 116.066, 5.999 ], [ 116.008, 6.012 ], [ 116.05, 6.032 ] ] ], [ [ [ 117.697, 6.037 ], [ 117.694, 6.035 ], [ 117.695, 6.047 ], [ 117.697, 6.037 ] ] ], [ [ [ 100.039, 6.059 ], [ 100.036, 6.056 ], [ 100.035, 6.058 ], [ 100.039, 6.059 ] ] ], [ [ [ 117.964, 6.069 ], [ 117.963, 6.068 ], [ 117.963, 6.071 ], [ 117.964, 6.069 ] ] ], [ [ [ 100.058, 6.075 ], [ 100.056, 6.073 ], [ 100.056, 6.075 ], [ 100.058, 6.075 ] ] ], [ [ [ 116.075, 6.061 ], [ 116.068, 6.059 ], [ 116.071, 6.074 ], [ 116.075, 6.061 ] ] ], [ [ [ 116.088, 6.08 ], [ 116.089, 6.081 ], [ 116.089, 6.079 ], [ 116.088, 6.08 ] ] ], [ [ [ 117.998, 6.084 ], [ 118.0, 6.084 ], [ 117.999, 6.083 ], [ 117.998, 6.084 ] ] ], [ [ [ 116.093, 6.083 ], [ 116.092, 6.084 ], [ 116.094, 6.086 ], [ 116.093, 6.083 ] ] ], [ [ [ 118.019, 6.109 ], [ 118.01, 6.113 ], [ 118.021, 6.122 ], [ 118.019, 6.109 ] ] ], [ [ [ 99.793, 6.159 ], [ 99.794, 6.163 ], [ 99.797, 6.16 ], [ 99.793, 6.159 ] ] ], [ [ [ 99.8, 6.161 ], [ 99.801, 6.164 ], [ 99.801, 6.162 ], [ 99.8, 6.161 ] ] ], [ [ [ 99.816, 6.163 ], [ 99.814, 6.162 ], [ 99.812, 6.166 ], [ 99.816, 6.163 ] ] ], [ [ [ 99.78, 6.167 ], [ 99.78, 6.166 ], [ 99.778, 6.168 ], [ 99.78, 6.167 ] ] ], [ [ [ 118.109, 6.166 ], [ 118.11, 6.168 ], [ 118.111, 6.167 ], [ 118.109, 6.166 ] ] ], [ [ [ 99.811, 6.167 ], [ 99.811, 6.169 ], [ 99.813, 6.167 ], [ 99.811, 6.167 ] ] ], [ [ [ 99.775, 6.17 ], [ 99.775, 6.168 ], [ 99.774, 6.17 ], [ 99.775, 6.17 ] ] ], [ [ [ 99.784, 6.172 ], [ 99.783, 6.174 ], [ 99.786, 6.176 ], [ 99.784, 6.172 ] ] ], [ [ [ 118.059, 6.176 ], [ 118.06, 6.177 ], [ 118.062, 6.175 ], [ 118.059, 6.176 ] ] ], [ [ [ 99.782, 6.18 ], [ 99.778, 6.176 ], [ 99.778, 6.183 ], [ 99.782, 6.18 ] ] ], [ [ [ 117.594, 6.18 ], [ 117.587, 6.177 ], [ 117.595, 6.185 ], [ 117.594, 6.18 ] ] ], [ [ [ 99.786, 6.185 ], [ 99.782, 6.185 ], [ 99.784, 6.191 ], [ 99.786, 6.185 ] ] ], [ [ [ 99.844, 6.191 ], [ 99.844, 6.19 ], [ 99.843, 6.19 ], [ 99.842, 6.192 ], [ 99.844, 6.191 ] ] ], [ [ [ 99.843, 6.194 ], [ 99.841, 6.194 ], [ 99.842, 6.195 ], [ 99.843, 6.194 ] ] ], [ [ [ 99.83, 6.207 ], [ 99.832, 6.209 ], [ 99.832, 6.206 ], [ 99.83, 6.207 ] ] ], [ [ [ 99.765, 6.209 ], [ 99.767, 6.21 ], [ 99.77, 6.207 ], [ 99.765, 6.209 ] ] ], [ [ [ 115.606, 6.193 ], [ 115.591, 6.188 ], [ 115.584, 6.204 ], [ 115.606, 6.193 ] ] ], [ [ [ 99.834, 6.213 ], [ 99.835, 6.214 ], [ 99.835, 6.212 ], [ 99.834, 6.213 ] ] ], [ [ [ 99.766, 6.213 ], [ 99.76, 6.212 ], [ 99.763, 6.217 ], [ 99.766, 6.213 ] ] ], [ [ [ 99.757, 6.222 ], [ 99.757, 6.224 ], [ 99.758, 6.223 ], [ 99.757, 6.222 ] ] ], [ [ [ 117.655, 6.226 ], [ 117.645, 6.206 ], [ 117.638, 6.217 ], [ 117.655, 6.226 ] ] ], [ [ [ 99.749, 6.232 ], [ 99.748, 6.231 ], [ 99.747, 6.232 ], [ 99.749, 6.232 ] ] ], [ [ [ 99.749, 6.195 ], [ 99.724, 6.178 ], [ 99.721, 6.208 ], [ 99.749, 6.195 ] ] ], [ [ [ 116.261, 6.235 ], [ 116.265, 6.235 ], [ 116.265, 6.234 ], [ 116.261, 6.235 ] ] ], [ [ [ 99.722, 6.229 ], [ 99.717, 6.215 ], [ 99.711, 6.221 ], [ 99.722, 6.229 ] ] ], [ [ [ 99.872, 6.236 ], [ 99.873, 6.237 ], [ 99.873, 6.235 ], [ 99.872, 6.236 ] ] ], [ [ [ 117.643, 6.237 ], [ 117.643, 6.239 ], [ 117.644, 6.238 ], [ 117.643, 6.237 ] ] ], [ [ [ 99.874, 6.239 ], [ 99.874, 6.238 ], [ 99.871, 6.239 ], [ 99.874, 6.239 ] ] ], [ [ [ 99.713, 6.242 ], [ 99.712, 6.242 ], [ 99.712, 6.244 ], [ 99.713, 6.242 ] ] ], [ [ [ 99.869, 6.245 ], [ 99.87, 6.246 ], [ 99.87, 6.245 ], [ 99.869, 6.245 ] ] ], [ [ [ 99.875, 6.245 ], [ 99.877, 6.246 ], [ 99.877, 6.243 ], [ 99.875, 6.245 ] ] ], [ [ [ 99.728, 6.244 ], [ 99.724, 6.236 ], [ 99.717, 6.244 ], [ 99.728, 6.244 ] ] ], [ [ [ 99.772, 6.257 ], [ 99.77, 6.256 ], [ 99.771, 6.258 ], [ 99.772, 6.257 ] ] ], [ [ [ 99.743, 6.258 ], [ 99.743, 6.257 ], [ 99.74, 6.26 ], [ 99.743, 6.258 ] ] ], [ [ [ 99.755, 6.263 ], [ 99.754, 6.263 ], [ 99.758, 6.266 ], [ 99.755, 6.263 ] ] ], [ [ [ 99.782, 6.264 ], [ 99.781, 6.265 ], [ 99.782, 6.266 ], [ 99.782, 6.264 ] ] ], [ [ [ 99.864, 6.239 ], [ 99.854, 6.213 ], [ 99.84, 6.222 ], [ 99.821, 6.234 ], [ 99.846, 6.269 ], [ 99.864, 6.239 ] ] ], [ [ [ 99.886, 6.267 ], [ 99.884, 6.265 ], [ 99.884, 6.268 ], [ 99.886, 6.267 ] ] ], [ [ [ 99.879, 6.27 ], [ 99.879, 6.271 ], [ 99.88, 6.271 ], [ 99.879, 6.27 ] ] ], [ [ [ 117.724, 6.225 ], [ 117.724, 6.271 ], [ 117.73, 6.254 ], [ 117.724, 6.225 ] ] ], [ [ [ 99.718, 6.265 ], [ 99.712, 6.269 ], [ 99.721, 6.273 ], [ 99.718, 6.265 ] ] ], [ [ [ 99.874, 6.273 ], [ 99.874, 6.274 ], [ 99.875, 6.273 ], [ 99.874, 6.273 ] ] ], [ [ [ 99.872, 6.275 ], [ 99.867, 6.274 ], [ 99.871, 6.28 ], [ 99.872, 6.275 ] ] ], [ [ [ 99.863, 6.282 ], [ 99.865, 6.292 ], [ 99.867, 6.291 ], [ 99.863, 6.282 ] ] ], [ [ [ 99.71, 6.292 ], [ 99.706, 6.292 ], [ 99.707, 6.294 ], [ 99.71, 6.292 ] ] ], [ [ [ 99.818, 6.235 ], [ 99.836, 6.216 ], [ 99.827, 6.211 ], [ 99.814, 6.168 ], [ 99.768, 6.219 ], [ 99.769, 6.221 ], [ 99.835, 6.295 ], [ 99.818, 6.235 ] ] ], [ [ [ 99.882, 6.298 ], [ 99.881, 6.297 ], [ 99.88, 6.298 ], [ 99.882, 6.298 ] ] ], [ [ [ 99.886, 6.3 ], [ 99.885, 6.304 ], [ 99.886, 6.303 ], [ 99.886, 6.3 ] ] ], [ [ [ 99.703, 6.295 ], [ 99.688, 6.289 ], [ 99.687, 6.294 ], [ 99.703, 6.295 ] ] ], [ [ [ 116.309, 6.306 ], [ 116.309, 6.309 ], [ 116.311, 6.308 ], [ 116.309, 6.306 ] ] ], [ [ [ 99.932, 6.306 ], [ 99.931, 6.31 ], [ 99.932, 6.31 ], [ 99.932, 6.306 ] ] ], [ [ [ 99.945, 6.315 ], [ 99.942, 6.311 ], [ 99.938, 6.312 ], [ 99.945, 6.315 ] ] ], [ [ [ 99.922, 6.294 ], [ 99.912, 6.31 ], [ 99.884, 6.311 ], [ 99.929, 6.323 ], [ 99.922, 6.294 ] ] ], [ [ [ 99.926, 6.325 ], [ 99.926, 6.326 ], [ 99.927, 6.326 ], [ 99.926, 6.325 ] ] ], [ [ [ 99.682, 6.36 ], [ 99.68, 6.361 ], [ 99.682, 6.361 ], [ 99.682, 6.36 ] ] ], [ [ [ 99.67, 6.359 ], [ 99.672, 6.361 ], [ 99.672, 6.36 ], [ 99.67, 6.359 ] ] ], [ [ [ 100.121, 6.399 ], [ 100.118, 6.4 ], [ 100.119, 6.4 ], [ 100.121, 6.399 ] ] ], [ [ [ 116.336, 6.39 ], [ 116.326, 6.396 ], [ 116.332, 6.396 ], [ 116.336, 6.39 ] ] ], [ [ [ 99.742, 6.43 ], [ 99.744, 6.433 ], [ 99.745, 6.433 ], [ 99.742, 6.43 ] ] ], [ [ [ 99.868, 6.432 ], [ 99.866, 6.432 ], [ 99.866, 6.434 ], [ 99.868, 6.432 ] ] ], [ [ [ 99.672, 6.436 ], [ 99.675, 6.438 ], [ 99.675, 6.437 ], [ 99.672, 6.436 ] ] ], [ [ [ 99.916, 6.417 ], [ 99.913, 6.402 ], [ 99.908, 6.412 ], [ 99.919, 6.438 ], [ 99.916, 6.417 ] ] ], [ [ [ 117.723, 6.437 ], [ 117.726, 6.442 ], [ 117.73, 6.44 ], [ 117.723, 6.437 ] ] ], [ [ [ 99.776, 6.45 ], [ 99.777, 6.451 ], [ 99.777, 6.45 ], [ 99.776, 6.45 ] ] ], [ [ [ 99.901, 6.444 ], [ 99.908, 6.414 ], [ 99.882, 6.429 ], [ 99.901, 6.444 ] ] ], [ [ [ 99.796, 6.454 ], [ 99.795, 6.452 ], [ 99.793, 6.454 ], [ 99.796, 6.454 ] ] ], [ [ [ 99.819, 6.46 ], [ 99.818, 6.46 ], [ 99.818, 6.461 ], [ 99.819, 6.46 ] ] ], [ [ [ 99.822, 6.467 ], [ 99.823, 6.468 ], [ 99.823, 6.466 ], [ 99.822, 6.467 ] ] ], [ [ [ 99.848, 6.469 ], [ 99.854, 6.436 ], [ 99.91, 6.393 ], [ 99.915, 6.335 ], [ 99.863, 6.308 ], [ 99.865, 6.298 ], [ 99.861, 6.291 ], [ 99.807, 6.321 ], [ 99.729, 6.259 ], [ 99.717, 6.355 ], [ 99.711, 6.362 ], [ 99.686, 6.358 ], [ 99.684, 6.36 ], [ 99.686, 6.367 ], [ 99.683, 6.369 ], [ 99.653, 6.362 ], [ 99.641, 6.435 ], [ 99.733, 6.409 ], [ 99.846, 6.445 ], [ 99.848, 6.469 ] ] ], [ [ [ 117.917, 6.507 ], [ 117.918, 6.509 ], [ 117.919, 6.506 ], [ 117.917, 6.507 ] ] ], [ [ [ 117.717, 6.549 ], [ 117.718, 6.551 ], [ 117.721, 6.549 ], [ 117.717, 6.549 ] ] ], [ [ [ 116.799, 6.568 ], [ 116.802, 6.569 ], [ 116.801, 6.567 ], [ 116.799, 6.568 ] ] ], [ [ [ 117.463, 6.57 ], [ 117.465, 6.571 ], [ 117.465, 6.569 ], [ 117.463, 6.57 ] ] ], [ [ [ 116.78, 6.574 ], [ 116.781, 6.575 ], [ 116.781, 6.574 ], [ 116.78, 6.574 ] ] ], [ [ [ 117.474, 6.572 ], [ 117.469, 6.568 ], [ 117.472, 6.575 ], [ 117.474, 6.572 ] ] ], [ [ [ 116.787, 6.575 ], [ 116.785, 6.575 ], [ 116.786, 6.577 ], [ 116.787, 6.575 ] ] ], [ [ [ 117.402, 6.58 ], [ 117.404, 6.582 ], [ 117.404, 6.578 ], [ 117.402, 6.58 ] ] ], [ [ [ 116.767, 6.583 ], [ 116.768, 6.583 ], [ 116.764, 6.581 ], [ 116.767, 6.583 ] ] ], [ [ [ 116.76, 6.581 ], [ 116.761, 6.585 ], [ 116.764, 6.581 ], [ 116.76, 6.581 ] ] ], [ [ [ 116.765, 6.588 ], [ 116.761, 6.585 ], [ 116.761, 6.59 ], [ 116.765, 6.588 ] ] ], [ [ [ 117.376, 6.607 ], [ 117.378, 6.608 ], [ 117.379, 6.606 ], [ 117.376, 6.607 ] ] ], [ [ [ 117.401, 6.601 ], [ 117.401, 6.611 ], [ 117.405, 6.601 ], [ 117.401, 6.601 ] ] ], [ [ [ 117.385, 6.612 ], [ 117.387, 6.613 ], [ 117.388, 6.61 ], [ 117.385, 6.612 ] ] ], [ [ [ 117.768, 6.612 ], [ 117.766, 6.612 ], [ 117.769, 6.613 ], [ 117.768, 6.612 ] ] ], [ [ [ 117.356, 6.617 ], [ 117.357, 6.618 ], [ 117.358, 6.616 ], [ 117.356, 6.617 ] ] ], [ [ [ 117.41, 6.625 ], [ 117.399, 6.619 ], [ 117.394, 6.625 ], [ 117.389, 6.627 ], [ 117.389, 6.628 ], [ 117.388, 6.628 ], [ 117.388, 6.629 ], [ 117.38, 6.633 ], [ 117.345, 6.637 ], [ 117.325, 6.658 ], [ 117.435, 6.69 ], [ 117.436, 6.694 ], [ 117.425, 6.705 ], [ 117.394, 6.713 ], [ 117.393, 6.743 ], [ 117.476, 6.749 ], [ 117.49, 6.646 ], [ 117.431, 6.624 ], [ 117.414, 6.626 ], [ 117.411, 6.625 ], [ 117.411, 6.624 ], [ 117.41, 6.625 ] ] ], [ [ [ 116.764, 6.642 ], [ 116.764, 6.644 ], [ 116.766, 6.643 ], [ 116.764, 6.642 ] ] ], [ [ [ 116.571, 6.653 ], [ 116.573, 6.651 ], [ 116.57, 6.652 ], [ 116.571, 6.653 ] ] ], [ [ [ 116.317, 6.709 ], [ 116.32, 6.706 ], [ 116.313, 6.708 ], [ 116.303, 6.713 ], [ 116.317, 6.709 ] ] ], [ [ [ 116.348, 6.716 ], [ 116.358, 6.714 ], [ 116.37, 6.708 ], [ 116.348, 6.716 ] ] ], [ [ [ 116.983, 6.723 ], [ 116.984, 6.724 ], [ 116.986, 6.722 ], [ 116.983, 6.723 ] ] ], [ [ [ 117.278, 6.737 ], [ 117.281, 6.739 ], [ 117.281, 6.733 ], [ 117.278, 6.737 ] ] ], [ [ [ 117.262, 6.809 ], [ 117.256, 6.803 ], [ 117.257, 6.81 ], [ 117.262, 6.809 ] ] ], [ [ [ 117.271, 6.808 ], [ 117.269, 6.805 ], [ 117.265, 6.811 ], [ 117.271, 6.808 ] ] ], [ [ [ 117.264, 6.816 ], [ 117.256, 6.822 ], [ 117.288, 6.841 ], [ 117.264, 6.816 ] ] ], [ [ [ 117.249, 6.841 ], [ 117.247, 6.841 ], [ 117.248, 6.843 ], [ 117.249, 6.841 ] ] ], [ [ [ 116.797, 6.871 ], [ 116.795, 6.872 ], [ 116.796, 6.873 ], [ 116.797, 6.871 ] ] ], [ [ [ 117.479, 6.892 ], [ 117.481, 6.884 ], [ 117.47, 6.885 ], [ 117.479, 6.892 ] ] ], [ [ [ 117.406, 6.931 ], [ 117.407, 6.931 ], [ 117.407, 6.93 ], [ 117.406, 6.931 ] ] ], [ [ [ 117.341, 6.929 ], [ 117.333, 6.931 ], [ 117.337, 6.932 ], [ 117.341, 6.929 ] ] ], [ [ [ 117.056, 6.977 ], [ 117.054, 6.98 ], [ 117.056, 6.978 ], [ 117.056, 6.977 ] ] ], [ [ [ 117.209, 6.978 ], [ 117.203, 6.971 ], [ 117.195, 6.977 ], [ 117.209, 6.978 ] ] ], [ [ [ 116.72, 6.99 ], [ 116.721, 6.991 ], [ 116.723, 6.989 ], [ 116.72, 6.99 ] ] ], [ [ [ 117.263, 7.073 ], [ 117.256, 7.071 ], [ 117.256, 7.072 ], [ 117.263, 7.073 ] ] ], [ [ [ 117.03, 7.076 ], [ 117.025, 7.073 ], [ 117.025, 7.076 ], [ 117.03, 7.076 ] ] ], [ [ [ 117.348, 7.048 ], [ 117.305, 7.015 ], [ 117.261, 7.061 ], [ 117.348, 7.048 ] ] ], [ [ [ 117.279, 7.08 ], [ 117.27, 7.076 ], [ 117.272, 7.082 ], [ 117.279, 7.08 ] ] ], [ [ [ 117.054, 7.091 ], [ 117.059, 7.085 ], [ 117.046, 7.08 ], [ 117.054, 7.091 ] ] ], [ [ [ 117.051, 7.102 ], [ 117.05, 7.101 ], [ 117.049, 7.102 ], [ 117.051, 7.102 ] ] ], [ [ [ 117.087, 7.104 ], [ 117.095, 7.108 ], [ 117.094, 7.105 ], [ 117.087, 7.104 ] ] ], [ [ [ 117.107, 7.129 ], [ 117.098, 7.125 ], [ 117.1, 7.131 ], [ 117.107, 7.129 ] ] ], [ [ [ 117.141, 7.125 ], [ 117.117, 7.136 ], [ 117.139, 7.154 ], [ 117.141, 7.125 ] ] ], [ [ [ 117.16, 7.163 ], [ 117.152, 7.16 ], [ 117.15, 7.166 ], [ 117.16, 7.163 ] ] ], [ [ [ 117.217, 7.173 ], [ 117.214, 7.173 ], [ 117.214, 7.175 ], [ 117.217, 7.173 ] ] ], [ [ [ 117.2, 7.162 ], [ 117.163, 7.148 ], [ 117.171, 7.171 ], [ 117.2, 7.162 ] ] ], [ [ [ 117.212, 7.18 ], [ 117.215, 7.181 ], [ 117.216, 7.179 ], [ 117.212, 7.18 ] ] ], [ [ [ 117.202, 7.182 ], [ 117.2, 7.184 ], [ 117.203, 7.185 ], [ 117.202, 7.182 ] ] ], [ [ [ 117.227, 7.184 ], [ 117.225, 7.185 ], [ 117.227, 7.186 ], [ 117.227, 7.184 ] ] ], [ [ [ 117.26, 7.192 ], [ 117.26, 7.193 ], [ 117.262, 7.192 ], [ 117.26, 7.192 ] ] ], [ [ [ 117.341, 7.197 ], [ 117.337, 7.198 ], [ 117.33, 7.204 ], [ 117.341, 7.197 ] ] ], [ [ [ 117.324, 7.2 ], [ 117.322, 7.203 ], [ 117.324, 7.205 ], [ 117.324, 7.2 ] ] ], [ [ [ 116.846, 7.206 ], [ 116.844, 7.203 ], [ 116.843, 7.205 ], [ 116.846, 7.206 ] ] ], [ [ [ 117.335, 7.232 ], [ 117.339, 7.228 ], [ 117.32, 7.221 ], [ 117.335, 7.232 ] ] ], [ [ [ 117.335, 7.234 ], [ 117.333, 7.237 ], [ 117.335, 7.237 ], [ 117.335, 7.234 ] ] ], [ [ [ 117.288, 7.235 ], [ 117.287, 7.234 ], [ 117.285, 7.236 ], [ 117.288, 7.235 ] ] ], [ [ [ 117.29, 7.238 ], [ 117.289, 7.237 ], [ 117.289, 7.238 ], [ 117.29, 7.238 ] ] ], [ [ [ 117.279, 7.238 ], [ 117.28, 7.239 ], [ 117.281, 7.238 ], [ 117.279, 7.238 ] ] ], [ [ [ 117.284, 7.241 ], [ 117.283, 7.242 ], [ 117.284, 7.242 ], [ 117.284, 7.241 ] ] ], [ [ [ 117.31, 7.207 ], [ 117.304, 7.204 ], [ 117.292, 7.228 ], [ 117.321, 7.242 ], [ 117.31, 7.207 ] ] ], [ [ [ 117.346, 7.268 ], [ 117.342, 7.261 ], [ 117.335, 7.269 ], [ 117.346, 7.268 ] ] ], [ [ [ 117.293, 7.274 ], [ 117.288, 7.272 ], [ 117.289, 7.276 ], [ 117.293, 7.274 ] ] ], [ [ [ 117.288, 7.276 ], [ 117.284, 7.274 ], [ 117.285, 7.278 ], [ 117.288, 7.276 ] ] ], [ [ [ 117.291, 7.279 ], [ 117.29, 7.28 ], [ 117.291, 7.281 ], [ 117.291, 7.279 ] ] ], [ [ [ 117.273, 7.282 ], [ 117.271, 7.282 ], [ 117.271, 7.283 ], [ 117.273, 7.282 ] ] ], [ [ [ 117.283, 7.285 ], [ 117.284, 7.286 ], [ 117.284, 7.285 ], [ 117.283, 7.285 ] ] ], [ [ [ 117.295, 7.286 ], [ 117.297, 7.287 ], [ 117.297, 7.286 ], [ 117.295, 7.286 ] ] ], [ [ [ 117.274, 7.287 ], [ 117.274, 7.288 ], [ 117.276, 7.287 ], [ 117.274, 7.287 ] ] ], [ [ [ 117.281, 7.3 ], [ 117.282, 7.3 ], [ 117.282, 7.299 ], [ 117.281, 7.3 ] ] ], [ [ [ 117.299, 7.3 ], [ 117.291, 7.285 ], [ 117.286, 7.293 ], [ 117.299, 7.3 ] ] ], [ [ [ 117.314, 7.316 ], [ 117.314, 7.318 ], [ 117.316, 7.317 ], [ 117.314, 7.316 ] ] ], [ [ [ 117.319, 7.32 ], [ 117.321, 7.324 ], [ 117.322, 7.323 ], [ 117.319, 7.32 ] ] ], [ [ [ 117.047, 7.339 ], [ 117.048, 7.346 ], [ 117.049, 7.339 ], [ 117.047, 7.339 ] ] ], [ [ [ 117.021, 7.273 ], [ 116.98, 7.308 ], [ 116.987, 7.244 ], [ 116.897, 7.249 ], [ 116.854, 7.197 ], [ 116.887, 7.289 ], [ 116.892, 7.289 ], [ 116.931, 7.291 ], [ 116.982, 7.319 ], [ 117.004, 7.357 ], [ 117.021, 7.273 ] ] ], [ [ [ 117.295, 7.325 ], [ 117.262, 7.277 ], [ 117.262, 7.245 ], [ 117.283, 7.233 ], [ 117.255, 7.198 ], [ 117.26, 7.19 ], [ 117.241, 7.186 ], [ 117.252, 7.225 ], [ 117.246, 7.225 ], [ 117.089, 7.139 ], [ 117.074, 7.101 ], [ 117.061, 7.293 ], [ 117.238, 7.361 ], [ 117.295, 7.325 ] ] ], [ [ [ 117.325, 7.369 ], [ 117.325, 7.371 ], [ 117.327, 7.371 ], [ 117.325, 7.369 ] ] ], [ [ [ 117.232, 7.375 ], [ 117.231, 7.376 ], [ 117.235, 7.379 ], [ 117.232, 7.375 ] ] ] ] } },
{ "type": "Feature", "properties": { }, "geometry": { "type": "MultiPolygon", "coordinates": [ [ [ [ 113.846, 7.375 ], [ 113.851, 7.374 ], [ 113.838, 7.368 ], [ 113.846, 7.375 ] ] ], [ [ [ 113.93, 7.607 ], [ 113.931, 7.607 ], [ 113.931, 7.606 ], [ 113.93, 7.607 ] ] ] ] } },
{ "type": "Feature", "properties": { }, "geometry": { "type": "MultiPolygon", "coordinates": [ [ [ [ 98.937, 5.684 ], [ 98.937, 5.685 ], [ 98.94, 5.685 ], [ 98.937, 5.684 ] ] ], [ [ [ 100.088, 6.426 ], [ 100.088, 6.435 ], [ 100.091, 6.43 ], [ 100.088, 6.426 ] ] ], [ [ [ 100.066, 6.451 ], [ 100.062, 6.445 ], [ 100.06, 6.447 ], [ 100.066, 6.451 ] ] ], [ [ [ 100.1, 6.455 ], [ 100.101, 6.458 ], [ 100.103, 6.456 ], [ 100.1, 6.455 ] ] ], [ [ [ 100.074, 6.465 ], [ 100.065, 6.459 ], [ 100.07, 6.471 ], [ 100.074, 6.465 ] ] ], [ [ [ 99.314, 6.485 ], [ 99.313, 6.484 ], [ 99.313, 6.485 ], [ 99.314, 6.485 ] ] ], [ [ [ 99.367, 6.486 ], [ 99.366, 6.485 ], [ 99.366, 6.486 ], [ 99.367, 6.486 ] ] ], [ [ [ 99.333, 6.487 ], [ 99.332, 6.488 ], [ 99.335, 6.489 ], [ 99.333, 6.487 ] ] ], [ [ [ 99.309, 6.479 ], [ 99.284, 6.482 ], [ 99.287, 6.486 ], [ 99.309, 6.479 ] ] ], [ [ [ 99.175, 6.514 ], [ 99.174, 6.514 ], [ 99.174, 6.515 ], [ 99.175, 6.514 ] ] ], [ [ [ 99.262, 6.514 ], [ 99.259, 6.512 ], [ 99.263, 6.516 ], [ 99.262, 6.514 ] ] ], [ [ [ 99.187, 6.519 ], [ 99.186, 6.519 ], [ 99.187, 6.521 ], [ 99.187, 6.519 ] ] ], [ [ [ 99.702, 6.518 ], [ 99.698, 6.519 ], [ 99.699, 6.523 ], [ 99.702, 6.518 ] ] ], [ [ [ 99.69, 6.524 ], [ 99.692, 6.527 ], [ 99.693, 6.52 ], [ 99.69, 6.524 ] ] ], [ [ [ 99.178, 6.524 ], [ 99.185, 6.521 ], [ 99.159, 6.522 ], [ 99.178, 6.524 ] ] ], [ [ [ 99.262, 6.541 ], [ 99.255, 6.543 ], [ 99.257, 6.545 ], [ 99.262, 6.541 ] ] ], [ [ [ 99.705, 6.548 ], [ 99.708, 6.549 ], [ 99.708, 6.548 ], [ 99.705, 6.548 ] ] ], [ [ [ 99.954, 6.55 ], [ 99.955, 6.551 ], [ 99.956, 6.55 ], [ 99.954, 6.55 ] ] ], [ [ [ 99.981, 6.56 ], [ 99.982, 6.561 ], [ 99.982, 6.559 ], [ 99.981, 6.56 ] ] ], [ [ [ 99.847, 6.566 ], [ 99.851, 6.568 ], [ 99.852, 6.567 ], [ 99.847, 6.566 ] ] ], [ [ [ 99.349, 6.563 ], [ 99.346, 6.557 ], [ 99.341, 6.567 ], [ 99.349, 6.563 ] ] ], [ [ [ 99.469, 6.571 ], [ 99.467, 6.568 ], [ 99.466, 6.569 ], [ 99.469, 6.571 ] ] ], [ [ [ 99.453, 6.565 ], [ 99.444, 6.556 ], [ 99.45, 6.573 ], [ 99.453, 6.565 ] ] ], [ [ [ 99.326, 6.552 ], [ 99.315, 6.509 ], [ 99.284, 6.509 ], [ 99.277, 6.577 ], [ 99.326, 6.552 ] ] ], [ [ [ 99.292, 6.578 ], [ 99.292, 6.577 ], [ 99.291, 6.578 ], [ 99.292, 6.578 ] ] ], [ [ [ 99.221, 6.539 ], [ 99.172, 6.541 ], [ 99.164, 6.548 ], [ 99.247, 6.583 ], [ 99.221, 6.539 ] ] ], [ [ [ 99.835, 6.583 ], [ 99.836, 6.586 ], [ 99.837, 6.586 ], [ 99.835, 6.583 ] ] ], [ [ [ 99.975, 6.586 ], [ 99.976, 6.586 ], [ 99.976, 6.585 ], [ 99.975, 6.586 ] ] ], [ [ [ 99.453, 6.581 ], [ 99.452, 6.586 ], [ 99.457, 6.583 ], [ 99.453, 6.581 ] ] ], [ [ [ 99.702, 6.609 ], [ 99.703, 6.606 ], [ 99.7, 6.609 ], [ 99.7, 6.612 ], [ 99.702, 6.609 ] ] ], [ [ [ 99.689, 6.618 ], [ 99.69, 6.622 ], [ 99.691, 6.62 ], [ 99.689, 6.618 ] ] ], [ [ [ 99.934, 6.639 ], [ 99.935, 6.639 ], [ 99.935, 6.638 ], [ 99.934, 6.639 ] ] ], [ [ [ 99.694, 6.638 ], [ 99.692, 6.641 ], [ 99.693, 6.642 ], [ 99.694, 6.638 ] ] ], [ [ [ 99.832, 6.653 ], [ 99.834, 6.654 ], [ 99.835, 6.653 ], [ 99.832, 6.653 ] ] ], [ [ [ 99.691, 6.651 ], [ 99.692, 6.654 ], [ 99.693, 6.651 ], [ 99.691, 6.651 ] ] ], [ [ [ 99.951, 6.656 ], [ 99.953, 6.657 ], [ 99.951, 6.652 ], [ 99.951, 6.656 ] ] ], [ [ [ 99.69, 6.662 ], [ 99.689, 6.669 ], [ 99.691, 6.668 ], [ 99.69, 6.662 ] ] ], [ [ [ 99.866, 6.667 ], [ 99.844, 6.651 ], [ 99.847, 6.666 ], [ 99.866, 6.667 ] ] ], [ [ [ 99.905, 6.686 ], [ 99.908, 6.688 ], [ 99.909, 6.687 ], [ 99.905, 6.686 ] ] ], [ [ [ 99.914, 6.689 ], [ 99.914, 6.69 ], [ 99.915, 6.689 ], [ 99.914, 6.689 ] ] ], [ [ [ 99.858, 6.678 ], [ 99.864, 6.691 ], [ 99.867, 6.688 ], [ 99.858, 6.678 ] ] ], [ [ [ 99.86, 6.691 ], [ 99.855, 6.691 ], [ 99.855, 6.694 ], [ 99.86, 6.691 ] ] ], [ [ [ 99.84, 6.695 ], [ 99.837, 6.696 ], [ 99.839, 6.7 ], [ 99.84, 6.695 ] ] ], [ [ [ 99.871, 6.703 ], [ 99.871, 6.705 ], [ 99.872, 6.705 ], [ 99.871, 6.703 ] ] ], [ [ [ 99.874, 6.705 ], [ 99.888, 6.709 ], [ 99.888, 6.707 ], [ 99.874, 6.705 ] ] ], [ [ [ 99.673, 6.707 ], [ 99.672, 6.706 ], [ 99.671, 6.71 ], [ 99.673, 6.707 ] ] ], [ [ [ 99.908, 6.689 ], [ 99.904, 6.706 ], [ 99.908, 6.708 ], [ 99.907, 6.705 ], [ 99.908, 6.689 ] ] ], [ [ [ 99.885, 6.715 ], [ 99.883, 6.716 ], [ 99.893, 6.716 ], [ 99.885, 6.715 ] ] ], [ [ [ 99.81, 6.713 ], [ 99.806, 6.715 ], [ 99.815, 6.719 ], [ 99.81, 6.713 ] ] ], [ [ [ 99.661, 6.73 ], [ 99.663, 6.726 ], [ 99.659, 6.73 ], [ 99.658, 6.733 ], [ 99.661, 6.73 ] ] ], [ [ [ 99.708, 6.732 ], [ 99.706, 6.729 ], [ 99.704, 6.734 ], [ 99.708, 6.732 ] ] ], [ [ [ 99.861, 6.73 ], [ 99.864, 6.704 ], [ 99.847, 6.704 ], [ 99.835, 6.72 ], [ 99.861, 6.73 ] ] ], [ [ [ 99.685, 6.684 ], [ 99.678, 6.617 ], [ 99.699, 6.554 ], [ 99.657, 6.503 ], [ 99.596, 6.597 ], [ 99.656, 6.704 ], [ 99.657, 6.707 ], [ 99.649, 6.706 ], [ 99.641, 6.705 ], [ 99.647, 6.739 ], [ 99.685, 6.684 ] ] ], [ [ [ 99.753, 6.761 ], [ 99.754, 6.762 ], [ 99.754, 6.759 ], [ 99.753, 6.761 ] ] ], [ [ [ 99.853, 6.763 ], [ 99.853, 6.764 ], [ 99.854, 6.763 ], [ 99.853, 6.763 ] ] ], [ [ [ 99.768, 6.782 ], [ 99.764, 6.778 ], [ 99.76, 6.781 ], [ 99.768, 6.782 ] ] ], [ [ [ 99.778, 6.786 ], [ 99.776, 6.779 ], [ 99.768, 6.782 ], [ 99.768, 6.783 ], [ 99.778, 6.786 ] ] ], [ [ [ 99.683, 6.824 ], [ 99.679, 6.819 ], [ 99.68, 6.813 ], [ 99.679, 6.811 ], [ 99.677, 6.823 ], [ 99.683, 6.824 ] ] ], [ [ [ 99.587, 6.829 ], [ 99.585, 6.833 ], [ 99.59, 6.834 ], [ 99.587, 6.829 ] ] ], [ [ [ 99.534, 6.823 ], [ 99.525, 6.828 ], [ 99.528, 6.834 ], [ 99.534, 6.823 ] ] ], [ [ [ 99.699, 6.832 ], [ 99.691, 6.814 ], [ 99.684, 6.841 ], [ 99.699, 6.832 ] ] ], [ [ [ 99.596, 6.856 ], [ 99.593, 6.852 ], [ 99.59, 6.858 ], [ 99.596, 6.856 ] ] ], [ [ [ 99.702, 6.864 ], [ 99.701, 6.86 ], [ 99.702, 6.858 ], [ 99.7, 6.854 ], [ 99.699, 6.865 ], [ 99.702, 6.864 ] ] ], [ [ [ 99.707, 6.869 ], [ 99.707, 6.868 ], [ 99.704, 6.868 ], [ 99.707, 6.869 ] ] ], [ [ [ 99.569, 6.895 ], [ 99.57, 6.897 ], [ 99.572, 6.894 ], [ 99.569, 6.895 ] ] ], [ [ [ 99.546, 6.909 ], [ 99.547, 6.911 ], [ 99.548, 6.909 ], [ 99.546, 6.909 ] ] ], [ [ [ 99.545, 6.914 ], [ 99.545, 6.913 ], [ 99.544, 6.914 ], [ 99.544, 6.915 ], [ 99.545, 6.914 ] ] ], [ [ [ 99.474, 6.976 ], [ 99.476, 6.978 ], [ 99.477, 6.974 ], [ 99.474, 6.976 ] ] ], [ [ [ 99.582, 6.977 ], [ 99.576, 6.978 ], [ 99.581, 6.979 ], [ 99.582, 6.977 ] ] ], [ [ [ 99.535, 7.03 ], [ 99.534, 7.032 ], [ 99.536, 7.031 ], [ 99.535, 7.03 ] ] ], [ [ [ 99.476, 7.038 ], [ 99.475, 7.022 ], [ 99.469, 7.05 ], [ 99.476, 7.038 ] ] ], [ [ [ 99.393, 7.075 ], [ 99.394, 7.076 ], [ 99.395, 7.074 ], [ 99.393, 7.075 ] ] ], [ [ [ 99.702, 7.09 ], [ 99.701, 7.085 ], [ 99.697, 7.093 ], [ 99.702, 7.09 ] ] ], [ [ [ 99.431, 7.11 ], [ 99.429, 7.103 ], [ 99.427, 7.113 ], [ 99.431, 7.11 ] ] ], [ [ [ 99.423, 7.12 ], [ 99.423, 7.125 ], [ 99.426, 7.119 ], [ 99.423, 7.12 ] ] ], [ [ [ 99.584, 7.113 ], [ 99.616, 7.081 ], [ 99.566, 7.093 ], [ 99.584, 7.113 ] ] ], [ [ [ 99.698, 7.127 ], [ 99.702, 7.131 ], [ 99.701, 7.125 ], [ 99.698, 7.127 ] ] ], [ [ [ 99.58, 7.132 ], [ 99.579, 7.132 ], [ 99.583, 7.134 ], [ 99.58, 7.132 ] ] ], [ [ [ 99.652, 7.15 ], [ 99.651, 7.148 ], [ 99.65, 7.152 ], [ 99.652, 7.15 ] ] ], [ [ [ 99.053, 7.204 ], [ 99.059, 7.216 ], [ 99.065, 7.213 ], [ 99.053, 7.204 ] ] ], [ [ [ 99.358, 7.223 ], [ 99.358, 7.224 ], [ 99.36, 7.223 ], [ 99.358, 7.223 ] ] ], [ [ [ 99.065, 7.217 ], [ 99.061, 7.22 ], [ 99.072, 7.228 ], [ 99.065, 7.217 ] ] ], [ [ [ 100.598, 7.237 ], [ 100.598, 7.233 ], [ 100.595, 7.236 ], [ 100.598, 7.237 ] ] ], [ [ [ 100.568, 7.239 ], [ 100.572, 7.237 ], [ 100.575, 7.234 ], [ 100.565, 7.237 ], [ 100.564, 7.237 ], [ 100.564, 7.238 ], [ 100.563, 7.239 ], [ 100.558, 7.249 ], [ 100.559, 7.25 ], [ 100.56, 7.252 ], [ 100.568, 7.239 ] ] ], [ [ [ 100.579, 7.235 ], [ 100.575, 7.233 ], [ 100.575, 7.234 ], [ 100.579, 7.235 ] ] ], [ [ [ 100.559, 7.243 ], [ 100.56, 7.243 ], [ 100.563, 7.239 ], [ 100.559, 7.243 ] ] ], [ [ [ 100.59, 7.262 ], [ 100.588, 7.262 ], [ 100.588, 7.263 ], [ 100.59, 7.262 ] ] ], [ [ [ 99.474, 7.271 ], [ 99.476, 7.272 ], [ 99.477, 7.271 ], [ 99.474, 7.271 ] ] ], [ [ [ 99.45, 7.256 ], [ 99.384, 7.205 ], [ 99.368, 7.266 ], [ 99.45, 7.256 ] ] ], [ [ [ 99.396, 7.302 ], [ 99.394, 7.303 ], [ 99.395, 7.304 ], [ 99.396, 7.302 ] ] ], [ [ [ 99.408, 7.312 ], [ 99.406, 7.314 ], [ 99.409, 7.315 ], [ 99.408, 7.312 ] ] ], [ [ [ 99.259, 7.309 ], [ 99.255, 7.298 ], [ 99.251, 7.303 ], [ 99.259, 7.309 ] ] ], [ [ [ 99.248, 7.377 ], [ 99.245, 7.38 ], [ 99.248, 7.382 ], [ 99.248, 7.377 ] ] ], [ [ [ 99.315, 7.375 ], [ 99.301, 7.353 ], [ 99.283, 7.367 ], [ 99.315, 7.375 ] ] ], [ [ [ 98.89, 7.424 ], [ 98.89, 7.422 ], [ 98.888, 7.424 ], [ 98.89, 7.424 ] ] ], [ [ [ 98.894, 7.429 ], [ 98.895, 7.431 ], [ 98.896, 7.43 ], [ 98.894, 7.429 ] ] ], [ [ [ 98.899, 7.434 ], [ 98.899, 7.433 ], [ 98.897, 7.433 ], [ 98.899, 7.434 ] ] ], [ [ [ 99.217, 7.401 ], [ 99.197, 7.4 ], [ 99.2, 7.434 ], [ 99.217, 7.401 ] ] ], [ [ [ 98.307, 7.469 ], [ 98.305, 7.462 ], [ 98.304, 7.468 ], [ 98.313, 7.482 ], [ 98.307, 7.469 ] ] ], [ [ [ 99.114, 7.489 ], [ 99.113, 7.488 ], [ 99.112, 7.489 ], [ 99.114, 7.489 ] ] ], [ [ [ 99.302, 7.49 ], [ 99.297, 7.495 ], [ 99.304, 7.498 ], [ 99.302, 7.49 ] ] ], [ [ [ 99.121, 7.495 ], [ 99.117, 7.494 ], [ 99.118, 7.498 ], [ 99.121, 7.495 ] ] ], [ [ [ 98.332, 7.509 ], [ 98.32, 7.489 ], [ 98.316, 7.501 ], [ 98.332, 7.509 ] ] ], [ [ [ 99.134, 7.537 ], [ 99.135, 7.526 ], [ 99.117, 7.542 ], [ 99.134, 7.537 ] ] ], [ [ [ 99.283, 7.547 ], [ 99.282, 7.548 ], [ 99.283, 7.549 ], [ 99.283, 7.547 ] ] ], [ [ [ 99.278, 7.547 ], [ 99.278, 7.549 ], [ 99.281, 7.548 ], [ 99.278, 7.547 ] ] ], [ [ [ 99.29, 7.558 ], [ 99.289, 7.556 ], [ 99.288, 7.56 ], [ 99.29, 7.558 ] ] ], [ [ [ 99.146, 7.561 ], [ 99.145, 7.559 ], [ 99.142, 7.56 ], [ 99.146, 7.561 ] ] ], [ [ [ 99.097, 7.564 ], [ 99.095, 7.564 ], [ 99.096, 7.565 ], [ 99.097, 7.564 ] ] ], [ [ [ 99.141, 7.575 ], [ 99.141, 7.58 ], [ 99.143, 7.575 ], [ 99.141, 7.575 ] ] ], [ [ [ 99.149, 7.588 ], [ 99.147, 7.582 ], [ 99.142, 7.588 ], [ 99.149, 7.588 ] ] ], [ [ [ 99.094, 7.595 ], [ 99.093, 7.602 ], [ 99.101, 7.6 ], [ 99.094, 7.595 ] ] ], [ [ [ 99.145, 7.615 ], [ 99.145, 7.616 ], [ 99.146, 7.616 ], [ 99.146, 7.615 ], [ 99.145, 7.615 ] ] ], [ [ [ 98.863, 7.615 ], [ 98.865, 7.617 ], [ 98.866, 7.615 ], [ 98.863, 7.615 ] ] ], [ [ [ 98.375, 7.601 ], [ 98.356, 7.589 ], [ 98.363, 7.614 ], [ 98.375, 7.601 ] ] ], [ [ [ 99.065, 7.616 ], [ 99.064, 7.617 ], [ 99.065, 7.618 ], [ 99.065, 7.616 ] ] ], [ [ [ 99.152, 7.612 ], [ 99.15, 7.608 ], [ 99.147, 7.612 ], [ 99.152, 7.612 ] ] ], [ [ [ 99.145, 7.619 ], [ 99.139, 7.639 ], [ 99.15, 7.628 ], [ 99.15, 7.626 ], [ 99.15, 7.625 ], [ 99.149, 7.625 ], [ 99.146, 7.616 ], [ 99.145, 7.618 ], [ 99.145, 7.619 ] ] ], [ [ [ 99.095, 7.625 ], [ 99.083, 7.612 ], [ 99.088, 7.595 ], [ 99.067, 7.609 ], [ 99.095, 7.625 ] ] ], [ [ [ 99.19, 7.65 ], [ 99.192, 7.651 ], [ 99.193, 7.649 ], [ 99.19, 7.65 ] ] ], [ [ [ 99.06, 7.613 ], [ 99.062, 7.612 ], [ 99.08, 7.598 ], [ 99.076, 7.561 ], [ 99.111, 7.494 ], [ 99.098, 7.467 ], [ 99.034, 7.568 ], [ 99.041, 7.649 ], [ 99.06, 7.613 ] ] ], [ [ [ 99.019, 7.649 ], [ 99.017, 7.651 ], [ 99.018, 7.652 ], [ 99.019, 7.649 ] ] ], [ [ [ 98.765, 7.655 ], [ 98.765, 7.656 ], [ 98.767, 7.655 ], [ 98.765, 7.655 ] ] ], [ [ [ 98.767, 7.658 ], [ 98.768, 7.659 ], [ 98.769, 7.658 ], [ 98.767, 7.658 ] ] ], [ [ [ 99.138, 7.663 ], [ 99.137, 7.662 ], [ 99.137, 7.664 ], [ 99.138, 7.663 ] ] ], [ [ [ 99.184, 7.676 ], [ 99.186, 7.677 ], [ 99.185, 7.675 ], [ 99.184, 7.676 ] ] ], [ [ [ 99.129, 7.656 ], [ 99.119, 7.587 ], [ 99.116, 7.599 ], [ 99.087, 7.607 ], [ 99.095, 7.625 ], [ 99.078, 7.636 ], [ 99.059, 7.621 ], [ 99.072, 7.655 ], [ 99.038, 7.654 ], [ 99.071, 7.687 ], [ 99.129, 7.656 ] ] ], [ [ [ 99.193, 7.689 ], [ 99.189, 7.682 ], [ 99.187, 7.689 ], [ 99.193, 7.689 ] ] ], [ [ [ 99.102, 7.69 ], [ 99.102, 7.691 ], [ 99.103, 7.691 ], [ 99.102, 7.69 ] ] ], [ [ [ 99.047, 7.69 ], [ 99.045, 7.691 ], [ 99.048, 7.693 ], [ 99.047, 7.69 ] ] ], [ [ [ 99.112, 7.689 ], [ 99.112, 7.693 ], [ 99.113, 7.692 ], [ 99.112, 7.689 ] ] ], [ [ [ 98.771, 7.679 ], [ 98.769, 7.674 ], [ 98.768, 7.676 ], [ 98.766, 7.673 ], [ 98.765, 7.671 ], [ 98.765, 7.695 ], [ 98.771, 7.679 ] ] ], [ [ [ 99.114, 7.706 ], [ 99.114, 7.715 ], [ 99.122, 7.701 ], [ 99.114, 7.706 ] ] ], [ [ [ 98.298, 7.734 ], [ 98.296, 7.733 ], [ 98.296, 7.737 ], [ 98.298, 7.734 ] ] ], [ [ [ 99.123, 7.735 ], [ 99.124, 7.742 ], [ 99.13, 7.738 ], [ 99.123, 7.735 ] ] ], [ [ [ 99.133, 7.744 ], [ 99.135, 7.746 ], [ 99.135, 7.744 ], [ 99.133, 7.744 ] ] ], [ [ [ 98.613, 7.747 ], [ 98.613, 7.748 ], [ 98.615, 7.747 ], [ 98.613, 7.747 ] ] ], [ [ [ 98.386, 7.745 ], [ 98.358, 7.734 ], [ 98.357, 7.738 ], [ 98.386, 7.745 ] ] ], [ [ [ 98.304, 7.747 ], [ 98.301, 7.743 ], [ 98.3, 7.748 ], [ 98.304, 7.747 ] ] ], [ [ [ 99.125, 7.745 ], [ 99.126, 7.75 ], [ 99.13, 7.743 ], [ 99.125, 7.745 ] ] ], [ [ [ 99.136, 7.747 ], [ 99.136, 7.75 ], [ 99.138, 7.747 ], [ 99.136, 7.747 ] ] ], [ [ [ 99.108, 7.742 ], [ 99.102, 7.753 ], [ 99.108, 7.757 ], [ 99.108, 7.742 ] ] ], [ [ [ 99.128, 7.754 ], [ 99.13, 7.758 ], [ 99.135, 7.75 ], [ 99.128, 7.754 ] ] ], [ [ [ 98.334, 7.755 ], [ 98.328, 7.753 ], [ 98.331, 7.759 ], [ 98.334, 7.755 ] ] ], [ [ [ 98.392, 7.761 ], [ 98.4, 7.766 ], [ 98.399, 7.763 ], [ 98.392, 7.761 ] ] ], [ [ [ 98.302, 7.764 ], [ 98.298, 7.765 ], [ 98.299, 7.767 ], [ 98.302, 7.764 ] ] ], [ [ [ 99.12, 7.764 ], [ 99.119, 7.764 ], [ 99.119, 7.767 ], [ 99.12, 7.764 ] ] ], [ [ [ 99.13, 7.76 ], [ 99.134, 7.77 ], [ 99.137, 7.759 ], [ 99.13, 7.76 ] ] ], [ [ [ 98.476, 7.751 ], [ 98.475, 7.751 ], [ 98.482, 7.771 ], [ 98.476, 7.751 ] ] ], [ [ [ 98.792, 7.729 ], [ 98.768, 7.738 ], [ 98.769, 7.717 ], [ 98.756, 7.787 ], [ 98.792, 7.729 ] ] ], [ [ [ 99.027, 7.793 ], [ 99.025, 7.791 ], [ 99.024, 7.794 ], [ 99.027, 7.793 ] ] ], [ [ [ 98.383, 7.794 ], [ 98.39, 7.78 ], [ 98.355, 7.787 ], [ 98.383, 7.794 ] ] ], [ [ [ 98.998, 7.797 ], [ 98.998, 7.796 ], [ 98.993, 7.801 ], [ 98.998, 7.797 ] ] ], [ [ [ 98.992, 7.809 ], [ 98.994, 7.806 ], [ 98.989, 7.806 ], [ 98.992, 7.809 ] ] ], [ [ [ 98.798, 7.818 ], [ 98.796, 7.813 ], [ 98.793, 7.818 ], [ 98.798, 7.818 ] ] ], [ [ [ 98.774, 7.815 ], [ 98.77, 7.811 ], [ 98.773, 7.821 ], [ 98.774, 7.815 ] ] ], [ [ [ 98.287, 7.819 ], [ 98.285, 7.819 ], [ 98.285, 7.82 ], [ 98.287, 7.819 ] ] ], [ [ [ 99.018, 7.826 ], [ 99.019, 7.829 ], [ 99.022, 7.827 ], [ 99.018, 7.826 ] ] ], [ [ [ 98.419, 7.83 ], [ 98.418, 7.823 ], [ 98.41, 7.829 ], [ 98.419, 7.83 ] ] ], [ [ [ 99.022, 7.831 ], [ 99.015, 7.83 ], [ 99.016, 7.834 ], [ 99.022, 7.831 ] ] ], [ [ [ 98.425, 7.834 ], [ 98.424, 7.831 ], [ 98.422, 7.834 ], [ 98.425, 7.834 ] ] ], [ [ [ 98.994, 7.819 ], [ 98.988, 7.815 ], [ 98.982, 7.832 ], [ 98.994, 7.819 ] ] ], [ [ [ 98.98, 7.847 ], [ 98.984, 7.848 ], [ 98.986, 7.846 ], [ 98.98, 7.847 ] ] ], [ [ [ 98.975, 7.85 ], [ 98.987, 7.782 ], [ 98.935, 7.838 ], [ 98.975, 7.85 ] ] ], [ [ [ 99.042, 7.87 ], [ 99.049, 7.869 ], [ 99.048, 7.868 ], [ 99.042, 7.87 ] ] ], [ [ [ 99.04, 7.879 ], [ 99.049, 7.878 ], [ 99.049, 7.877 ], [ 99.04, 7.879 ] ] ], [ [ [ 99.04, 7.859 ], [ 99.015, 7.836 ], [ 99.003, 7.875 ], [ 99.04, 7.859 ] ] ], [ [ [ 98.947, 7.884 ], [ 98.947, 7.886 ], [ 98.949, 7.884 ], [ 98.947, 7.884 ] ] ], [ [ [ 99.015, 7.887 ], [ 99.017, 7.887 ], [ 99.017, 7.885 ], [ 99.015, 7.887 ] ] ], [ [ [ 98.516, 7.891 ], [ 98.516, 7.89 ], [ 98.515, 7.891 ], [ 98.516, 7.891 ] ] ], [ [ [ 98.58, 7.893 ], [ 98.583, 7.895 ], [ 98.584, 7.89 ], [ 98.58, 7.893 ] ] ], [ [ [ 99.044, 7.883 ], [ 99.057, 7.894 ], [ 99.054, 7.883 ], [ 99.044, 7.883 ] ] ], [ [ [ 98.551, 7.908 ], [ 98.548, 7.907 ], [ 98.55, 7.909 ], [ 98.551, 7.908 ] ] ], [ [ [ 98.439, 7.866 ], [ 98.417, 7.869 ], [ 98.42, 7.878 ], [ 98.414, 7.886 ], [ 98.414, 7.871 ], [ 98.398, 7.871 ], [ 98.392, 7.852 ], [ 98.412, 7.801 ], [ 98.366, 7.839 ], [ 98.337, 7.778 ], [ 98.303, 7.758 ], [ 98.302, 7.764 ], [ 98.296, 7.812 ], [ 98.29, 7.855 ], [ 98.261, 7.886 ], [ 98.297, 7.906 ], [ 98.27, 7.988 ], [ 98.397, 7.987 ], [ 98.393, 7.979 ], [ 98.394, 7.957 ], [ 98.426, 7.897 ], [ 98.422, 7.895 ], [ 98.429, 7.897 ], [ 98.432, 7.911 ], [ 98.439, 7.866 ] ], [ [ 98.42, 7.887 ], [ 98.42, 7.888 ], [ 98.419, 7.892 ], [ 98.418, 7.894 ], [ 98.417, 7.894 ], [ 98.419, 7.887 ], [ 98.42, 7.887 ] ] ], [ [ [ 99.003, 7.905 ], [ 98.997, 7.924 ], [ 99.012, 7.91 ], [ 99.003, 7.905 ] ] ], [ [ [ 99.001, 7.898 ], [ 98.99, 7.85 ], [ 98.969, 7.925 ], [ 99.001, 7.898 ] ] ], [ [ [ 99.001, 7.939 ], [ 99.001, 7.933 ], [ 98.994, 7.94 ], [ 99.001, 7.939 ] ] ], [ [ [ 98.432, 7.926 ], [ 98.415, 7.933 ], [ 98.417, 7.943 ], [ 98.432, 7.926 ] ] ], [ [ [ 98.811, 7.948 ], [ 98.81, 7.948 ], [ 98.811, 7.949 ], [ 98.811, 7.948 ] ] ], [ [ [ 98.779, 7.95 ], [ 98.78, 7.95 ], [ 98.78, 7.949 ], [ 98.779, 7.95 ] ] ], [ [ [ 98.793, 7.95 ], [ 98.792, 7.95 ], [ 98.792, 7.951 ], [ 98.793, 7.95 ] ] ], [ [ [ 98.809, 7.949 ], [ 98.808, 7.949 ], [ 98.803, 7.954 ], [ 98.809, 7.949 ] ] ], [ [ [ 98.513, 7.953 ], [ 98.517, 7.96 ], [ 98.516, 7.954 ], [ 98.513, 7.953 ] ] ], [ [ [ 98.446, 7.954 ], [ 98.446, 7.96 ], [ 98.449, 7.961 ], [ 98.446, 7.954 ] ] ], [ [ [ 98.45, 7.964 ], [ 98.453, 7.967 ], [ 98.452, 7.964 ], [ 98.45, 7.964 ] ] ], [ [ [ 98.812, 7.97 ], [ 98.806, 7.968 ], [ 98.805, 7.971 ], [ 98.812, 7.97 ] ] ], [ [ [ 98.398, 7.981 ], [ 98.397, 7.983 ], [ 98.399, 7.983 ], [ 98.398, 7.981 ] ] ], [ [ [ 98.579, 7.986 ], [ 98.577, 7.984 ], [ 98.576, 7.985 ], [ 98.579, 7.986 ] ] ], [ [ [ 98.565, 7.996 ], [ 98.568, 7.997 ], [ 98.568, 7.996 ], [ 98.565, 7.996 ] ] ], [ [ [ 98.614, 7.964 ], [ 98.596, 7.888 ], [ 98.565, 7.988 ], [ 98.578, 7.981 ], [ 98.614, 7.964 ] ] ], [ [ [ 100.483, 7.371 ], [ 100.565, 7.229 ], [ 100.761, 6.99 ], [ 101.007, 6.856 ], [ 101.242, 6.905 ], [ 101.331, 6.871 ], [ 101.325, 6.928 ], [ 101.233, 6.927 ], [ 101.282, 6.952 ], [ 101.526, 6.865 ], [ 101.813, 6.456 ], [ 102.09, 6.246 ], [ 102.089, 6.139 ], [ 101.948, 5.991 ], [ 101.944, 5.872 ], [ 101.825, 5.733 ], [ 101.754, 5.797 ], [ 101.691, 5.755 ], [ 101.659, 5.875 ], [ 101.581, 5.934 ], [ 101.276, 5.812 ], [ 101.251, 5.699 ], [ 101.134, 5.614 ], [ 100.984, 5.807 ], [ 101.026, 5.913 ], [ 101.085, 5.909 ], [ 101.124, 5.977 ], [ 101.127, 6.107 ], [ 101.059, 6.142 ], [ 101.127, 6.193 ], [ 101.112, 6.252 ], [ 100.969, 6.283 ], [ 100.854, 6.232 ], [ 100.813, 6.442 ], [ 100.739, 6.51 ], [ 100.652, 6.443 ], [ 100.418, 6.519 ], [ 100.305, 6.605 ], [ 100.293, 6.708 ], [ 100.205, 6.726 ], [ 100.12, 6.423 ], [ 100.089, 6.551 ], [ 100.059, 6.517 ], [ 99.985, 6.607 ], [ 99.951, 6.583 ], [ 99.975, 6.629 ], [ 99.915, 6.714 ], [ 99.843, 6.777 ], [ 99.807, 6.773 ], [ 99.678, 6.899 ], [ 99.67, 7.042 ], [ 99.736, 7.128 ], [ 99.703, 7.134 ], [ 99.668, 7.114 ], [ 99.655, 7.179 ], [ 99.585, 7.147 ], [ 99.508, 7.309 ], [ 99.471, 7.285 ], [ 99.407, 7.317 ], [ 99.395, 7.307 ], [ 99.329, 7.492 ], [ 99.284, 7.516 ], [ 99.315, 7.538 ], [ 99.279, 7.631 ], [ 99.235, 7.628 ], [ 99.258, 7.66 ], [ 99.197, 7.671 ], [ 99.206, 7.688 ], [ 99.204, 7.696 ], [ 99.135, 7.772 ], [ 99.119, 7.769 ], [ 99.102, 7.753 ], [ 99.101, 7.753 ], [ 99.099, 7.693 ], [ 99.04, 7.703 ], [ 99.032, 7.797 ], [ 99.017, 7.822 ], [ 99.022, 7.827 ], [ 99.066, 7.869 ], [ 99.064, 7.903 ], [ 99.026, 7.89 ], [ 99.015, 7.926 ], [ 99.001, 7.939 ], [ 98.998, 7.941 ], [ 98.978, 7.94 ], [ 98.973, 7.933 ], [ 98.942, 7.989 ], [ 100.327, 7.982 ], [ 100.483, 7.371 ] ] ] ] } },
{ "type": "Feature", "properties": { }, "geometry": { "type": "MultiPolygon", "coordinates": [ [ [ [ 93.787, 6.898 ], [ 93.786, 6.903 ], [ 93.789, 6.901 ], [ 93.787, 6.898 ] ] ], [ [ [ 93.721, 7.213 ], [ 93.719, 7.207 ], [ 93.713, 7.208 ], [ 93.721, 7.213 ] ] ], [ [ [ 93.888, 7.086 ], [ 93.947, 6.999 ], [ 93.913, 7.0 ], [ 93.944, 6.955 ], [ 93.896, 6.903 ], [ 93.902, 6.814 ], [ 93.849, 6.816 ], [ 93.827, 6.756 ], [ 93.791, 6.904 ], [ 93.665, 7.008 ], [ 93.688, 7.114 ], [ 93.657, 7.125 ], [ 93.686, 7.189 ], [ 93.789, 7.195 ], [ 93.848, 7.243 ], [ 93.888, 7.086 ] ] ], [ [ [ 93.847, 7.289 ], [ 93.845, 7.286 ], [ 93.845, 7.289 ], [ 93.847, 7.289 ] ] ], [ [ [ 93.71, 7.383 ], [ 93.711, 7.385 ], [ 93.713, 7.385 ], [ 93.71, 7.383 ] ] ], [ [ [ 93.697, 7.392 ], [ 93.699, 7.394 ], [ 93.699, 7.392 ], [ 93.697, 7.392 ] ] ], [ [ [ 93.772, 7.398 ], [ 93.769, 7.394 ], [ 93.763, 7.398 ], [ 93.772, 7.398 ] ] ], [ [ [ 93.689, 7.404 ], [ 93.695, 7.398 ], [ 93.685, 7.401 ], [ 93.689, 7.404 ] ] ], [ [ [ 93.756, 7.359 ], [ 93.648, 7.244 ], [ 93.634, 7.372 ], [ 93.669, 7.362 ], [ 93.707, 7.394 ], [ 93.705, 7.381 ], [ 93.713, 7.377 ], [ 93.713, 7.385 ], [ 93.712, 7.443 ], [ 93.756, 7.359 ] ] ], [ [ [ 93.652, 7.471 ], [ 93.645, 7.471 ], [ 93.645, 7.475 ], [ 93.652, 7.471 ] ] ], [ [ [ 93.54, 7.514 ], [ 93.542, 7.524 ], [ 93.549, 7.519 ], [ 93.54, 7.514 ] ] ], [ [ [ 93.345, 7.945 ], [ 93.345, 7.946 ], [ 93.346, 7.946 ], [ 93.345, 7.945 ] ] ], [ [ [ 93.398, 7.976 ], [ 93.399, 7.977 ], [ 93.399, 7.976 ], [ 93.398, 7.976 ] ] ], [ [ [ 93.393, 7.982 ], [ 93.398, 7.973 ], [ 93.465, 7.929 ], [ 93.462, 7.873 ], [ 93.352, 7.893 ], [ 93.355, 7.96 ], [ 93.32, 7.932 ], [ 93.327, 8.0 ], [ 93.393, 7.982 ] ] ], [ [ [ 93.576, 7.929 ], [ 93.505, 7.994 ], [ 93.552, 7.987 ], [ 93.576, 7.929 ] ] ], [ [ [ 93.505, 7.999 ], [ 93.503, 8.0 ], [ 93.505, 8.0 ], [ 93.505, 7.999 ] ] ], [ [ [ 93.501, 7.998 ], [ 93.497, 8.0 ], [ 93.501, 8.0 ], [ 93.501, 7.998 ] ] ] ] } }
]
}
